Energy (SCF): -308.025954078

--------------------------------------------------------------------------------
CEO-ADAPT-VQE iteration: 1
--------------------------------------------------------------------------------
    gate        derivative      name       op1       op2       op3        g_unscaled   penalty
  100692        0.00329673        op     46092     46093                  0.08241819        25
  100693        0.00329673        om     46092     46093                  0.08241819        25
  100726        0.00266951        op     46126     46127                  0.08809396        33
  100727        0.00266951        om     46126     46127                  0.08809396        33
   99630        0.00232099        op     45174     45175                  0.11372841        49
   99631        0.00232099        om     45174     45175                  0.11372841        49
   99600        0.00229059        op     45144     45145                  0.09391429        41
   99601        0.00229059        om     45144     45145                  0.09391429        41
   46092        0.00201020    a_iajb     46092                            0.08241819        41
  100748        0.00185208        op     46148     46149                  0.07593510        41

  ==> Add operator: op -1: 46092 46093
  ==> Current qubit order: 0  1  2  3  4  5  6  7  8  9  10  11  12  13  14  15  16  17  18  19  20  21  22  23  24  25  26  27  28  29  30  31  32  33  34  35  36  37  38  39  40  41  42  43  44  45  46  47  48  49  50  51  52  53  54  55  56  57  58  59  60  61  62  63  64  65  66  67  68  69  70  71  72  73  74  75  76  77  78  79  80  81  82  83  84  85  86  87  88  89  90  91  92  93  94  95  96  97  98  99  100  101  102  103  


  ==> Energy                -308.029668243
  ==> dE                       -3.71e-03
  ==> Gradient Norm             2.06e+00
  ==> Abs. Max. Deriv.          1.14e-01
  ==> Time-Grad. (s)               0.865
  ==> Time-Energy (s)              0.010
  ==> Time-Iter. (s)               0.875

--------------------------------------------------------------------------------
CEO-ADAPT-VQE iteration: 2
--------------------------------------------------------------------------------
    gate        derivative      name       op1       op2       op3        g_unscaled   penalty
  100726        0.00241230        op     46126     46127                  0.07960576        33
  100727        0.00241230        om     46126     46127                  0.07960576        33
   99630        0.00232099        op     45174     45175                  0.11372841        49
   99631        0.00232099        om     45174     45175                  0.11372841        49
   99600        0.00208187        op     45144     45145                  0.08535683        41
   99601        0.00208187        om     45144     45145                  0.08535683        41
  100012       -0.00197417        op     45496     45497                 -0.07304442        37
  100013       -0.00197417        om     45496     45497                 -0.07304442        37
  100256       -0.00197417        op     45731     45732                 -0.07304442        37
  100257       -0.00197417        om     45731     45732                 -0.07304442        37

  ==> Add operator: op -1: 46126 46127
  ==> Current qubit order: 0  1  2  3  4  5  6  7  8  9  10  11  12  13  14  15  16  17  18  19  20  21  22  23  24  25  26  27  28  29  30  31  32  33  34  35  36  37  38  39  40  41  42  43  44  45  46  47  48  49  50  51  54  55  52  53  56  57  58  59  60  61  62  63  64  65  66  67  68  69  70  71  72  73  74  75  76  77  78  79  80  81  82  83  84  85  86  87  88  89  90  91  92  93  94  95  96  97  98  99  100  101  102  103  


  ==> Energy                -308.031918216
  ==> dE                       -2.25e-03
  ==> Gradient Norm             2.05e+00
  ==> Abs. Max. Deriv.          1.14e-01
  ==> Time-Grad. (s)               0.833
  ==> Time-Energy (s)              0.014
  ==> Time-Iter. (s)               0.847

--------------------------------------------------------------------------------
CEO-ADAPT-VQE iteration: 3
--------------------------------------------------------------------------------
    gate        derivative      name       op1       op2       op3        g_unscaled   penalty
   99630        0.00265779        op     45174     45175                  0.10896945        41
   99631        0.00265779        om     45174     45175                  0.10896945        41
   45174        0.00191174    a_iajb     45174                            0.10896945        57
   99600        0.00176443        op     45144     45145                  0.08645696        49
   99601        0.00176443        om     45144     45145                  0.08645696        49
  100748        0.00158856        op     46148     46149                  0.06513084        41
  100749        0.00158856        om     46148     46149                  0.06513084        41
  100257       -0.00142816        om     45731     45732                 -0.07569271        53
  100270        0.00139354        op     45745     45746                  0.05156098        37
  100271        0.00139354        om     45745     45746                  0.05156098        37

  ==> Add operator: op -1: 45174 45175
  ==> Current qubit order: 0  1  2  3  4  5  6  7  8  9  10  11  12  13  14  15  16  17  18  19  20  21  22  23  24  25  26  27  28  29  30  31  32  33  34  35  36  37  38  39  40  41  42  43  44  45  48  49  50  46  47  54  55  51  52  53  56  57  58  59  60  61  62  63  64  65  66  67  68  69  70  71  72  73  74  75  76  77  78  79  80  81  82  83  84  85  86  87  88  89  90  91  92  93  94  95  96  97  98  99  100  101  102  103  


  ==> Energy                -308.035756795
  ==> dE                       -3.84e-03
  ==> Gradient Norm             2.04e+00
  ==> Abs. Max. Deriv.          1.09e-01
  ==> Time-Grad. (s)               0.916
  ==> Time-Energy (s)              0.015
  ==> Time-Iter. (s)               0.931

--------------------------------------------------------------------------------
CEO-ADAPT-VQE iteration: 4
--------------------------------------------------------------------------------
    gate        derivative      name       op1       op2       op3        g_unscaled   penalty
    1871        0.00238778      a_ia      1871                            0.00955111         4
    1843        0.00238778      a_ia      1843                            0.00955111         4
   99600        0.00216187        op     45144     45145                  0.07998913        37
   99601        0.00216187        om     45144     45145                  0.07998913        37
  100270        0.00208735        op     45745     45746                  0.05635853        27
  100271        0.00208735        om     45745     45746                  0.05635853        27
  100257       -0.00163699        om     45731     45732                 -0.08021251        49
  100038        0.00161024        op     45522     45523                  0.05635853        35
  100039        0.00161024        om     45522     45523                  0.05635853        35
  100748        0.00159548        op     46148     46149                  0.06541454        41

  ==> Add operator: a_ia 1871
  ==> Current qubit order: 0  1  2  3  4  5  6  7  8  9  10  11  12  13  14  15  16  17  18  19  20  21  22  23  24  25  26  27  28  29  30  31  32  33  34  35  36  37  38  39  40  41  42  43  44  45  48  49  50  46  54  47  55  51  52  53  56  57  58  59  60  61  62  63  64  65  66  67  68  69  70  71  72  73  74  75  76  77  78  79  80  81  82  83  84  85  86  87  88  89  90  91  92  93  94  95  96  97  98  99  100  101  102  103  


  ==> Energy                -308.035816702
  ==> dE                       -5.99e-05
  ==> Gradient Norm             2.03e+00
  ==> Abs. Max. Deriv.          8.02e-02
  ==> Time-Grad. (s)               0.853
  ==> Time-Energy (s)              0.011
  ==> Time-Iter. (s)               0.864

--------------------------------------------------------------------------------
CEO-ADAPT-VQE iteration: 5
--------------------------------------------------------------------------------
    gate        derivative      name       op1       op2       op3        g_unscaled   penalty
    1843        0.00340740      a_ia      1843                            0.00681479         2
   99600        0.00226532        op     45144     45145                  0.07928608        35
   99601        0.00226532        om     45144     45145                  0.07928608        35
  100748        0.00159521        op     46148     46149                  0.06540343        41
  100749        0.00159521        om     46148     46149                  0.06540343        41
   45144        0.00155463    a_iajb     45144                            0.07928608        51
  100012       -0.00152032        op     45496     45497                 -0.08057670        53
   45496       -0.00146851    a_iajb     45496                           -0.07783110        53
  100013       -0.00141671        om     45496     45497                 -0.07508551        53
  100257       -0.00122510        om     45731     45732                 -0.07963125        65

  ==> Add operator: a_ia 1843
  ==> Current qubit order: 0  1  2  3  4  5  6  7  8  9  10  11  12  13  14  15  16  17  18  19  20  21  22  23  24  25  26  27  28  29  30  31  32  33  34  35  36  37  38  39  40  41  42  43  44  45  48  49  50  46  54  47  55  51  52  53  56  57  58  59  60  61  62  63  64  65  66  67  68  69  70  71  72  73  74  75  76  77  78  79  80  81  82  83  84  85  86  87  88  89  90  91  92  93  94  95  96  97  98  99  100  101  102  103  


  ==> Energy                -308.035849557
  ==> dE                       -3.29e-05
  ==> Gradient Norm             2.02e+00
  ==> Abs. Max. Deriv.          8.06e-02
  ==> Time-Grad. (s)               0.853
  ==> Time-Energy (s)              0.012
  ==> Time-Iter. (s)               0.865

--------------------------------------------------------------------------------
CEO-ADAPT-VQE iteration: 6
--------------------------------------------------------------------------------
    gate        derivative      name       op1       op2       op3        g_unscaled   penalty
   99600        0.00225396        op     45144     45145                  0.07888876        35
   99601        0.00225396        om     45144     45145                  0.07888876        35
  100748        0.00159468        op     46148     46149                  0.06538171        41
  100749        0.00159468        om     46148     46149                  0.06538171        41
   45144        0.00154684    a_iajb     45144                            0.07888876        51
  100012       -0.00151179        op     45496     45497                 -0.08012500        53
   45496       -0.00145974    a_iajb     45496                           -0.07736614        53
  100013       -0.00140768        om     45496     45497                 -0.07460729        53
  100257       -0.00123079        om     45731     45732                 -0.08000110        65
   99908       -0.00119757        op     45443     45444                 -0.05628594        47

  ==> Add operator: op -1: 45144 45145
  ==> Current qubit order: 0  1  2  3  4  5  6  7  8  9  10  11  12  13  14  15  16  17  18  19  20  21  22  23  24  25  26  27  28  29  30  31  32  33  34  35  36  37  38  39  40  41  42  43  44  45  48  49  50  54  46  47  52  53  55  51  56  57  58  59  60  61  62  63  64  65  66  67  68  69  70  71  72  73  74  75  76  77  78  79  80  81  82  83  84  85  86  87  88  89  90  91  92  93  94  95  96  97  98  99  100  101  102  103  


  ==> Energy                -308.038220187
  ==> dE                       -2.37e-03
  ==> Gradient Norm             2.02e+00
  ==> Abs. Max. Deriv.          8.01e-02
  ==> Time-Grad. (s)               0.945
  ==> Time-Energy (s)              0.015
  ==> Time-Iter. (s)               0.960

--------------------------------------------------------------------------------
CEO-ADAPT-VQE iteration: 7
--------------------------------------------------------------------------------
    gate        derivative      name       op1       op2       op3        g_unscaled   penalty
    1870       -0.00158984      a_ia      1870                           -0.00635934         4
    1842       -0.00158592      a_ia      1842                           -0.00634367         4
  100748        0.00146870        op     46148     46149                  0.06609144        45
  100749        0.00146870        om     46148     46149                  0.06609144        45
  100013       -0.00140306        om     45496     45497                 -0.07716838        55
   45496       -0.00139695    a_iajb     45496                           -0.07683205        55
  100012       -0.00139083        op     45496     45497                 -0.07649572        55
  100256       -0.00122453        op     45731     45732                 -0.07714515        63
   45731       -0.00121919    a_iajb     45731                           -0.07680893        63
  100257       -0.00121385        om     45731     45732                 -0.07647271        63

  ==> Add operator: a_ia 1870
  ==> Current qubit order: 0  1  2  3  4  5  6  7  8  9  10  11  12  13  14  15  16  17  18  19  20  21  22  23  24  25  26  27  28  29  30  31  32  33  34  35  36  37  38  39  40  41  42  43  44  45  48  49  50  54  46  52  47  53  55  51  56  57  58  59  60  61  62  63  64  65  66  67  68  69  70  71  72  73  74  75  76  77  78  79  80  81  82  83  84  85  86  87  88  89  90  91  92  93  94  95  96  97  98  99  100  101  102  103  


  ==> Energy                -308.038253089
  ==> dE                       -3.29e-05
  ==> Gradient Norm             2.01e+00
  ==> Abs. Max. Deriv.          7.72e-02
  ==> Time-Grad. (s)               0.862
  ==> Time-Energy (s)              0.011
  ==> Time-Iter. (s)               0.873

--------------------------------------------------------------------------------
CEO-ADAPT-VQE iteration: 8
--------------------------------------------------------------------------------
    gate        derivative      name       op1       op2       op3        g_unscaled   penalty
    1842       -0.00232203      a_ia      1842                           -0.00464405         2
  100748        0.00146908        op     46148     46149                  0.06610876        45
  100749        0.00146908        om     46148     46149                  0.06610876        45
  100013       -0.00135254        om     45496     45497                 -0.07709472        57
   45496       -0.00134624    a_iajb     45496                           -0.07673574        57
  100012       -0.00133994        op     45496     45497                 -0.07637676        57
  100437       -0.00119317        om     45911     45912                 -0.04891993        41
  100440       -0.00118755        op     45911     45913                 -0.04868952        41
   99909       -0.00118206        om     45443     45444                 -0.04846429        41
   45911       -0.00117919    a_iajb     45911                           -0.04834680        41

  ==> Tried operator a_ia 1842: gain -1.94e-05 (threshold 2.2e-05), removed and excluded for this stage
  ==> Add operator: op -1: 46148 46149
  ==> Current qubit order: 0  1  2  3  4  5  6  7  8  9  10  11  12  13  14  15  16  17  18  19  20  21  22  23  24  25  26  27  28  29  30  31  32  33  34  35  36  37  38  39  40  41  42  43  44  45  48  49  54  46  52  47  50  51  56  57  53  55  58  59  60  61  62  63  64  65  66  67  68  69  70  71  72  73  74  75  76  77  78  79  80  81  82  83  84  85  86  87  88  89  90  91  92  93  94  95  96  97  98  99  100  101  102  103  


  ==> Energy                -308.039439772
  ==> dE                       -1.19e-03
  ==> Gradient Norm             2.01e+00
  ==> Abs. Max. Deriv.          7.71e-02
  ==> Time-Grad. (s)               0.874
  ==> Time-Energy (s)              0.028
  ==> Time-Iter. (s)               0.902

--------------------------------------------------------------------------------
CEO-ADAPT-VQE iteration: 9
--------------------------------------------------------------------------------
    gate        derivative      name       op1       op2       op3        g_unscaled   penalty
    1842       -0.00228348      a_ia      1842                           -0.00456695         2
    2028        0.00192929      a_ia      2028                            0.00385857         2
  100712       -0.00145405        op     46112     46113                 -0.03925946        27
  100713       -0.00145405        om     46112     46113                 -0.03925946        27
  100013       -0.00139825        om     45496     45497                 -0.07690365        55
   45496       -0.00139089    a_iajb     45496                           -0.07649912        55
  100012       -0.00138354        op     45496     45497                 -0.07609459        55
  100256       -0.00113698        op     45731     45732                 -0.07617774        67
   45731       -0.00113151    a_iajb     45731                           -0.07581084        67
  100257       -0.00112603        om     45731     45732                 -0.07544395        67

  ==> Add operator: a_ia 2028
  ==> Current qubit order: 0  1  2  3  4  5  6  7  8  9  10  11  12  13  14  15  16  17  18  19  20  21  22  23  24  25  26  27  28  29  30  31  32  33  34  35  36  37  38  39  40  41  42  43  44  45  48  49  54  46  52  47  50  51  56  57  53  55  58  59  60  61  62  63  64  65  66  67  68  69  70  71  72  73  74  75  76  77  78  79  80  81  82  83  84  85  86  87  88  89  90  91  92  93  94  95  96  97  98  99  100  101  102  103  


  ==> Energy                -308.039940942
  ==> dE                       -5.01e-04
  ==> Gradient Norm             2.01e+00
  ==> Abs. Max. Deriv.          7.69e-02
  ==> Time-Grad. (s)               0.975
  ==> Time-Energy (s)              0.016
  ==> Time-Iter. (s)               0.991

--------------------------------------------------------------------------------
CEO-ADAPT-VQE iteration: 10
--------------------------------------------------------------------------------
    gate        derivative      name       op1       op2       op3        g_unscaled   penalty
    1842       -0.00238607      a_ia      1842                           -0.00477213         2
  100712       -0.00173403        op     46112     46113                 -0.04681871        27
  100713       -0.00173403        om     46112     46113                 -0.04681871        27
  100013       -0.00139950        om     45496     45497                 -0.07697233        55
   45496       -0.00137978    a_iajb     45496                           -0.07588795        55
  100012       -0.00136007        op     45496     45497                 -0.07480358        55
  100256       -0.00114493        op     45731     45732                 -0.07671052        67
   45731       -0.00113805    a_iajb     45731                           -0.07624926        67
  100257       -0.00113116        om     45731     45732                 -0.07578800        67
   46112       -0.00108881    a_iajb     46112                           -0.04681871        43

  ==> Add operator: op -1: 46112 46113
  ==> Current qubit order: 0  1  2  3  4  5  6  7  8  9  10  11  12  13  14  15  16  17  18  19  20  21  22  23  24  25  26  27  28  29  30  31  32  33  34  35  36  37  38  39  40  41  42  43  44  45  48  49  54  46  52  47  50  51  56  53  57  55  58  59  60  61  62  63  64  65  66  67  68  69  70  71  72  73  74  75  76  77  78  79  80  81  82  83  84  85  86  87  88  89  90  91  92  93  94  95  96  97  98  99  100  101  102  103  


  ==> Energy                -308.040873405
  ==> dE                       -9.32e-04
  ==> Gradient Norm             2.01e+00
  ==> Abs. Max. Deriv.          7.70e-02
  ==> Time-Grad. (s)               0.939
  ==> Time-Energy (s)              0.027
  ==> Time-Iter. (s)               0.965

--------------------------------------------------------------------------------
CEO-ADAPT-VQE iteration: 11
--------------------------------------------------------------------------------
    gate        derivative      name       op1       op2       op3        g_unscaled   penalty
    1842       -0.00229852      a_ia      1842                           -0.00459704         2
  100013       -0.00139043        om     45496     45497                 -0.07647345        55
   45496       -0.00137004    a_iajb     45496                           -0.07535193        55
  100012       -0.00134964        op     45496     45497                 -0.07423042        55
  100256       -0.00116599        op     45731     45732                 -0.07578948        65
   45731       -0.00115986    a_iajb     45731                           -0.07539059        65
  100257       -0.00115372        om     45731     45732                 -0.07499170        65
    2076        0.00109316      a_ia      2076                            0.00218632         2
  100437       -0.00098452        om     45911     45912                 -0.04824151        49
  100441       -0.00097694        om     45911     45913                 -0.04786984        49

  ==> Add operator: mvp2 -1: 45496 45497
  ==> Current qubit order: 0  1  2  3  4  5  6  7  8  9  10  11  12  13  14  15  16  17  18  19  20  21  22  23  24  25  26  27  28  29  30  31  32  33  34  35  36  37  38  39  40  41  42  43  44  45  48  49  54  47  46  52  51  55  50  56  53  57  58  59  60  61  62  63  64  65  66  67  68  69  70  71  72  73  74  75  76  77  78  79  80  81  82  83  84  85  86  87  88  89  90  91  92  93  94  95  96  97  98  99  100  101  102  103  


  ==> Energy                -308.043495142
  ==> dE                       -2.62e-03
  ==> Gradient Norm             2.00e+00
  ==> Abs. Max. Deriv.          7.65e-02
  ==> Time-Grad. (s)               1.040
  ==> Time-Energy (s)              0.024
  ==> Time-Iter. (s)               1.065

--------------------------------------------------------------------------------
CEO-ADAPT-VQE iteration: 12
--------------------------------------------------------------------------------
    gate        derivative      name       op1       op2       op3        g_unscaled   penalty
  100256       -0.00104686        op     45731     45732                 -0.07851475        75
   45731       -0.00102571    a_iajb     45731                           -0.07692855        75
  100257       -0.00100456        om     45731     45732                 -0.07534234        75
    1977        0.00098440      a_ia      1977                            0.00196880         2
  100039        0.00096095        om     45522     45523                  0.05285244        55
   45522        0.00096027    a_iajb     45522                            0.05281467        55
  100038        0.00095958        op     45522     45523                  0.05277691        55
   99909       -0.00091168        om     45443     45444                 -0.05378910        59
   99913       -0.00082148        om     45443     45445                 -0.04846715        59
   45443       -0.00081806    a_iajb     45443                           -0.04826557        59

  ==> Add operator: mvp2 -1: 45731 45732
  ==> Current qubit order: 0  1  2  3  4  5  6  7  8  9  10  11  12  13  14  15  16  17  18  19  20  21  22  23  24  25  26  27  28  29  30  31  32  33  34  35  36  37  38  39  40  41  42  43  44  45  48  49  46  52  51  54  47  50  53  55  56  57  58  59  60  61  62  63  64  65  66  67  68  69  70  71  72  73  74  75  76  77  78  79  80  81  82  83  84  85  86  87  88  89  90  91  92  93  94  95  96  97  98  99  100  101  102  103  


  ==> Energy                -308.046257723
  ==> dE                       -2.76e-03
  ==> Gradient Norm             1.99e+00
  ==> Abs. Max. Deriv.          7.85e-02
  ==> Time-Grad. (s)               1.013
  ==> Time-Energy (s)              0.019
  ==> Time-Iter. (s)               1.032

--------------------------------------------------------------------------------
CEO-ADAPT-VQE iteration: 13
--------------------------------------------------------------------------------
    gate        derivative      name       op1       op2       op3        g_unscaled   penalty
    2027        0.00220691      a_ia      2027                            0.00441382         2
  100038        0.00108327        op     45522     45523                  0.05308006        49
   45522        0.00108222    a_iajb     45522                            0.05302897        49
  100039        0.00108118        om     45522     45523                  0.05297788        49
    2002        0.00107338      a_ia      2002                            0.00429352         4
  100271        0.00102684        om     45745     45746                  0.05236878        51
   45745        0.00102566    a_iajb     45745                            0.05230842        51
  100270        0.00102447        op     45745     45746                  0.05224806        51
    1870        0.00097373      a_ia      1870                            0.00389491         4
    2076        0.00095444      a_ia      2076                            0.00381776         4

  ==> Add operator: a_ia 2027
  ==> Current qubit order: 0  1  2  3  4  5  6  7  8  9  10  11  12  13  14  15  16  17  18  19  20  21  22  23  24  25  26  27  28  29  30  31  32  33  34  35  36  37  38  39  40  41  42  43  44  45  48  49  46  52  51  54  47  50  53  55  56  57  58  59  60  61  62  63  64  65  66  67  68  69  70  71  72  73  74  75  76  77  78  79  80  81  82  83  84  85  86  87  88  89  90  91  92  93  94  95  96  97  98  99  100  101  102  103  


  ==> Energy                -308.047705863
  ==> dE                       -1.45e-03
  ==> Gradient Norm             1.98e+00
  ==> Abs. Max. Deriv.          7.50e-02
  ==> Time-Grad. (s)               1.018
  ==> Time-Energy (s)              0.047
  ==> Time-Iter. (s)               1.065

--------------------------------------------------------------------------------
CEO-ADAPT-VQE iteration: 14
--------------------------------------------------------------------------------
    gate        derivative      name       op1       op2       op3        g_unscaled   penalty
    2002        0.00154728      a_ia      2002                            0.00618910         4
    1869       -0.00123638      a_ia      1869                           -0.00494550         4
  100038        0.00110125        op     45522     45523                  0.05396117        49
   45522        0.00108886    a_iajb     45522                            0.05335406        49
  100039        0.00107647        om     45522     45523                  0.05274696        49
    1842       -0.00105017      a_ia      1842                           -0.00210033         2
    2076        0.00095174      a_ia      2076                            0.00380697         4
  100271        0.00086021        om     45745     45746                  0.04387060        51
   45745        0.00083923    a_iajb     45745                            0.04280055        51
  100270        0.00081825        op     45745     45746                  0.04173050        51

  ==> Add operator: a_ia 2002
  ==> Current qubit order: 0  1  2  3  4  5  6  7  8  9  10  11  12  13  14  15  16  17  18  19  20  21  22  23  24  25  26  27  28  29  30  31  32  33  34  35  36  37  38  39  40  41  42  43  44  45  48  49  46  51  52  54  47  50  53  55  56  57  58  59  60  61  62  63  64  65  66  67  68  69  70  71  72  73  74  75  76  77  78  79  80  81  82  83  84  85  86  87  88  89  90  91  92  93  94  95  96  97  98  99  100  101  102  103  


  ==> Energy                -308.048241877
  ==> dE                       -5.36e-04
  ==> Gradient Norm             1.97e+00
  ==> Abs. Max. Deriv.          7.50e-02
  ==> Time-Grad. (s)               1.176
  ==> Time-Energy (s)              0.012
  ==> Time-Iter. (s)               1.187

--------------------------------------------------------------------------------
CEO-ADAPT-VQE iteration: 15
--------------------------------------------------------------------------------
    gate        derivative      name       op1       op2       op3        g_unscaled   penalty
    2027        0.00191437      a_ia      2027                            0.00382874         2
    2076        0.00129834      a_ia      2076                            0.00519337         4
    1813       -0.00099532      a_ia      1813                           -0.00796258         8
    1923       -0.00093720      a_ia      1923                           -0.00374878         4
  100271        0.00088179        om     45745     45746                  0.04497152        51
   45745        0.00086431    a_iajb     45745                            0.04407970        51
  100270        0.00084682        op     45745     45746                  0.04318788        51
   99350        0.00078196        op     44906     44907                  0.04769938        61
   44906        0.00076387    a_iajb     44906                            0.04659621        61
   99351        0.00074579        om     44906     44907                  0.04549305        61

  ==> Add operator: a_ia 2076
  ==> Current qubit order: 0  1  2  3  4  5  6  7  8  9  10  11  12  13  14  15  16  17  18  19  20  21  22  23  24  25  26  27  28  29  30  31  32  33  34  35  36  37  38  39  40  41  42  43  44  45  48  49  46  51  52  54  47  50  53  56  55  57  58  59  60  61  62  63  64  65  66  67  68  69  70  71  72  73  74  75  76  77  78  79  80  81  82  83  84  85  86  87  88  89  90  91  92  93  94  95  96  97  98  99  100  101  102  103  


  ==> Energy                -308.049180241
  ==> dE                       -9.38e-04
  ==> Gradient Norm             1.97e+00
  ==> Abs. Max. Deriv.          7.50e-02
  ==> Time-Grad. (s)               1.120
  ==> Time-Energy (s)              0.032
  ==> Time-Iter. (s)               1.152

--------------------------------------------------------------------------------
CEO-ADAPT-VQE iteration: 16
--------------------------------------------------------------------------------
    gate        derivative      name       op1       op2       op3        g_unscaled   penalty
    1813       -0.00107271      a_ia      1813                           -0.00858166         8
    1923       -0.00102748      a_ia      1923                           -0.00410991         4
   99531        0.00087319        om     45080     45081                  0.04802519        55
   45080        0.00085821    a_iajb     45080                            0.04720173        55
   99530        0.00084324        op     45080     45081                  0.04637827        55
   99350        0.00078914        op     44906     44907                  0.04813763        61
   44906        0.00076804    a_iajb     44906                            0.04685070        61
   99351        0.00074695        om     44906     44907                  0.04556376        61
   99194        0.00070180        op     44762     44763                  0.03298458        47
   99195        0.00070180        om     44762     44763                  0.03298458        47

  ==> Add operator: a_ia 1813
  ==> Current qubit order: 0  1  2  3  4  5  6  7  8  9  10  11  12  13  14  15  16  17  18  19  20  21  22  23  24  25  26  27  28  29  30  31  32  33  34  35  36  37  38  39  40  41  42  43  44  48  49  46  45  51  52  54  47  50  53  56  55  57  58  59  60  61  62  63  64  65  66  67  68  69  70  71  72  73  74  75  76  77  78  79  80  81  82  83  84  85  86  87  88  89  90  91  92  93  94  95  96  97  98  99  100  101  102  103  


  ==> Energy                -308.050328387
  ==> dE                       -1.15e-03
  ==> Gradient Norm             1.97e+00
  ==> Abs. Max. Deriv.          7.50e-02
  ==> Time-Grad. (s)               1.139
  ==> Time-Energy (s)              0.011
  ==> Time-Iter. (s)               1.149

--------------------------------------------------------------------------------
CEO-ADAPT-VQE iteration: 17
--------------------------------------------------------------------------------
    gate        derivative      name       op1       op2       op3        g_unscaled   penalty
   99350        0.00077789        op     44906     44907                  0.04745123        61
   44906        0.00075755    a_iajb     44906                            0.04621039        61
   99351        0.00073721        om     44906     44907                  0.04496956        61
    2003        0.00068831      a_ia      2003                            0.00688312        10
    1923       -0.00067677      a_ia      1923                           -0.00406064         6
   99949       -0.00066223        om     45461     45463                 -0.03509832        53
   99945       -0.00065881        om     45461     45462                 -0.03491691        53
   99531        0.00065249        om     45080     45081                  0.03719187        57
   99194        0.00064708        op     44762     44763                  0.03688331        57
   44762        0.00064295    a_iajb     44762                            0.03664829        57

  ==> Add operator: mvp2 -1: 44906 44907
  ==> Current qubit order: 0  1  2  3  4  5  6  7  8  9  10  11  12  13  14  15  16  17  18  19  20  21  22  23  24  25  26  27  28  29  30  31  32  33  34  35  36  37  38  39  40  41  42  43  48  49  46  45  44  51  52  57  54  47  50  53  56  55  58  59  60  61  62  63  64  65  66  67  68  69  70  71  72  73  74  75  76  77  78  79  80  81  82  83  84  85  86  87  88  89  90  91  92  93  94  95  96  97  98  99  100  101  102  103  


  ==> Energy                -308.051367719
  ==> dE                       -1.04e-03
  ==> Gradient Norm             1.97e+00
  ==> Abs. Max. Deriv.          7.50e-02
  ==> Time-Grad. (s)               1.242
  ==> Time-Energy (s)              0.034
  ==> Time-Iter. (s)               1.275

--------------------------------------------------------------------------------
CEO-ADAPT-VQE iteration: 18
--------------------------------------------------------------------------------
    gate        derivative      name       op1       op2       op3        g_unscaled   penalty
    1785        0.00136239      a_ia      1785                            0.00544957         4
   99195        0.00070993        om     44762     44763                  0.03762651        53
    1951       -0.00069920      a_ia      1951                           -0.00279680         4
   44762        0.00068476    a_iajb     44762                            0.03629202        53
    1782        0.00066828      a_ia      1782                            0.00267311         4
   99194        0.00065958        op     44762     44763                  0.03495754        53
    1784       -0.00065283      a_ia      1784                           -0.00783402        12
  100271        0.00062127        om     45745     45746                  0.03292729        53
   98538       -0.00061722        op     44226     44227                 -0.04505685        73
   45745        0.00061301    a_iajb     45745                            0.03248950        53

  ==> Add operator: a_ia 1785
  ==> Current qubit order: 0  1  2  3  4  5  6  7  8  9  10  11  12  13  14  15  16  17  18  19  20  21  22  23  24  25  26  27  28  29  30  31  32  33  34  35  36  37  38  39  40  41  42  43  48  49  46  45  51  44  52  57  54  47  50  53  56  55  58  59  60  61  62  63  64  65  66  67  68  69  70  71  72  73  74  75  76  77  78  79  80  81  82  83  84  85  86  87  88  89  90  91  92  93  94  95  96  97  98  99  100  101  102  103  


  ==> Energy                -308.051388070
  ==> dE                       -2.04e-05
  ==> Gradient Norm             1.96e+00
  ==> Abs. Max. Deriv.          7.50e-02
  ==> Time-Grad. (s)               1.186
  ==> Time-Energy (s)              0.012
  ==> Time-Iter. (s)               1.198

--------------------------------------------------------------------------------
CEO-ADAPT-VQE iteration: 19
--------------------------------------------------------------------------------
    gate        derivative      name       op1       op2       op3        g_unscaled   penalty
    1784       -0.00077766      a_ia      1784                           -0.00777659        10
    1923       -0.00077328      a_ia      1923                           -0.00463967         6
   99195        0.00073902        om     44762     44763                  0.03769009        51
   44762        0.00071304    a_iajb     44762                            0.03636526        51
   99194        0.00068707        op     44762     44763                  0.03504043        51
   98538       -0.00066927        op     44226     44227                 -0.04484114        67
   44226       -0.00065252    a_iajb     44226                           -0.04371863        67
    1951       -0.00064900      a_ia      1951                           -0.00259599         4
   98539       -0.00063576        om     44226     44227                 -0.04259611        67
  100271        0.00062128        om     45745     45746                  0.03292788        53

  ==> Add operator: a_ia 1784
  ==> Current qubit order: 0  1  2  3  4  5  6  7  8  9  10  11  12  13  14  15  16  17  18  19  20  21  22  23  24  25  26  27  28  29  30  31  32  33  34  35  36  37  38  39  40  41  42  43  48  49  46  45  51  52  57  54  47  44  50  53  56  55  58  59  60  61  62  63  64  65  66  67  68  69  70  71  72  73  74  75  76  77  78  79  80  81  82  83  84  85  86  87  88  89  90  91  92  93  94  95  96  97  98  99  100  101  102  103  


  ==> Energy                -308.052406051
  ==> dE                       -1.02e-03
  ==> Gradient Norm             1.96e+00
  ==> Abs. Max. Deriv.          7.50e-02
  ==> Time-Grad. (s)               1.286
  ==> Time-Energy (s)              0.040
  ==> Time-Iter. (s)               1.326

--------------------------------------------------------------------------------
CEO-ADAPT-VQE iteration: 20
--------------------------------------------------------------------------------
    gate        derivative      name       op1       op2       op3        g_unscaled   penalty
    1923       -0.00081956      a_ia      1923                           -0.00491736         6
  100271        0.00063727        om     45745     45746                  0.03632416        57
   98538       -0.00063594        op     44226     44227                 -0.04515166        71
   45745        0.00063097    a_iajb     45745                            0.03596541        57
  100270        0.00062468        op     45745     45746                  0.03560666        57
   44226       -0.00061917    a_iajb     44226                           -0.04396092        71
   98539       -0.00060240        om     44226     44227                 -0.04277018        71
   99945       -0.00059949        om     45461     45462                 -0.03536963        59
   99949       -0.00059533        om     45461     45463                 -0.03512460        59
  100542        0.00058305        op     45966     45967                  0.02157284        37

  ==> Add operator: a_ia 1923
  ==> Current qubit order: 0  1  2  3  4  5  6  7  8  9  10  11  12  13  14  15  16  17  18  19  20  21  22  23  24  25  26  27  28  29  30  31  32  33  34  35  36  37  38  39  40  41  42  43  48  46  45  49  51  52  57  54  47  44  50  53  56  55  58  59  60  61  62  63  64  65  66  67  68  69  70  71  72  73  74  75  76  77  78  79  80  81  82  83  84  85  86  87  88  89  90  91  92  93  94  95  96  97  98  99  100  101  102  103  


  ==> Energy                -308.052761197
  ==> dE                       -3.55e-04
  ==> Gradient Norm             1.96e+00
  ==> Abs. Max. Deriv.          7.50e-02
  ==> Time-Grad. (s)               1.400
  ==> Time-Energy (s)              0.027
  ==> Time-Iter. (s)               1.427

--------------------------------------------------------------------------------
CEO-ADAPT-VQE iteration: 21
--------------------------------------------------------------------------------
    gate        derivative      name       op1       op2       op3        g_unscaled   penalty
    1840       -0.00068839      a_ia      1840                           -0.00137677         2
  100271        0.00063297        om     45745     45746                  0.03607907        57
   98538       -0.00063171        op     44226     44227                 -0.04485139        71
   45745        0.00062731    a_iajb     45745                            0.03575667        57
  100270        0.00062165        op     45745     45746                  0.03543427        57
   44226       -0.00061514    a_iajb     44226                           -0.04367476        71
   98539       -0.00059857        om     44226     44227                 -0.04249813        71
   99531        0.00059102        om     45080     45081                  0.03250604        55
   99945       -0.00057880        om     45461     45462                 -0.03530692        61
   99949       -0.00057550        om     45461     45463                 -0.03510566        61

  ==> Add operator: a_ia 1840
  ==> Current qubit order: 0  1  2  3  4  5  6  7  8  9  10  11  12  13  14  15  16  17  18  19  20  21  22  23  24  25  26  27  28  29  30  31  32  33  34  35  36  37  38  39  40  41  42  43  48  46  45  49  51  52  57  54  47  44  50  53  56  55  58  59  60  61  62  63  64  65  66  67  68  69  70  71  72  73  74  75  76  77  78  79  80  81  82  83  84  85  86  87  88  89  90  91  92  93  94  95  96  97  98  99  100  101  102  103  


  ==> Energy                -308.052807553
  ==> dE                       -4.64e-05
  ==> Gradient Norm             1.96e+00
  ==> Abs. Max. Deriv.          7.50e-02
  ==> Time-Grad. (s)               1.384
  ==> Time-Energy (s)              0.041
  ==> Time-Iter. (s)               1.425

--------------------------------------------------------------------------------
CEO-ADAPT-VQE iteration: 22
--------------------------------------------------------------------------------
    gate        derivative      name       op1       op2       op3        g_unscaled   penalty
   98538       -0.00063298        op     44226     44227                 -0.04494183        71
  100271        0.00063136        om     45745     45746                  0.03598733        57
   45745        0.00062575    a_iajb     45745                            0.03566793        57
  100270        0.00062015        op     45745     45746                  0.03534854        57
   44226       -0.00061613    a_iajb     44226                           -0.04374548        71
   98539       -0.00059928        om     44226     44227                 -0.04254914        71
   99945       -0.00058023        om     45461     45462                 -0.03539415        61
  100258        0.00057703        op     45733     45734                  0.02481232        43
   99531        0.00057627        om     45080     45081                  0.03169504        55
   99949       -0.00057597        om     45461     45463                 -0.03513433        61

  ==> Add operator: mvp2 -1: 44226 44227
  ==> Current qubit order: 0  1  2  3  4  5  6  7  8  9  10  11  12  13  14  15  16  17  18  19  20  21  22  23  24  25  26  27  28  29  30  31  32  33  34  35  36  37  39  40  41  42  43  48  38  51  52  57  46  45  49  54  47  44  50  53  56  55  58  59  60  61  62  63  64  65  66  67  68  69  70  71  72  73  74  75  76  77  78  79  80  81  82  83  84  85  86  87  88  89  90  91  92  93  94  95  96  97  98  99  100  101  102  103  


  ==> Energy                -308.053612190
  ==> dE                       -8.05e-04
  ==> Gradient Norm             1.96e+00
  ==> Abs. Max. Deriv.          7.50e-02
  ==> Time-Grad. (s)               1.540
  ==> Time-Energy (s)              0.046
  ==> Time-Iter. (s)               1.586

--------------------------------------------------------------------------------
CEO-ADAPT-VQE iteration: 23
--------------------------------------------------------------------------------
    gate        derivative      name       op1       op2       op3        g_unscaled   penalty
    1602       -0.00088841      a_ia      1602                           -0.00355364         4
    1811        0.00067990      a_ia      1811                            0.00407941         6
   99531        0.00064610        om     45080     45081                  0.03165898        49
   99945       -0.00064218        om     45461     45462                 -0.03531973        55
   99949       -0.00063971        om     45461     45463                 -0.03518385        55
  100271        0.00062995        om     45745     45746                  0.03590741        57
   45745        0.00062432    a_iajb     45745                            0.03558622        57
   45080        0.00062086    a_iajb     45080                            0.03042227        49
  100270        0.00061868        op     45745     45746                  0.03526502        57
   99618       -0.00060273        op     45162     45163                 -0.03315039        55

  ==> Tried operator a_ia 1602: gain -7.49e-06 (threshold 9.4e-06), removed and excluded for this stage
  ==> Add operator: a_ia 1811
  ==> Current qubit order: 0  1  2  3  4  5  6  7  8  9  10  11  12  13  14  15  16  17  18  19  20  21  22  23  24  25  26  27  28  29  30  31  32  33  34  35  36  37  39  40  41  42  43  48  38  51  52  57  46  49  54  45  47  44  50  53  56  55  58  59  60  61  62  63  64  65  66  67  68  69  70  71  72  73  74  75  76  77  78  79  80  81  82  83  84  85  86  87  88  89  90  91  92  93  94  95  96  97  98  99  100  101  102  103  


  ==> Energy                -308.053923290
  ==> dE                       -3.11e-04
  ==> Gradient Norm             1.95e+00
  ==> Abs. Max. Deriv.          7.50e-02
  ==> Time-Grad. (s)               1.511
  ==> Time-Energy (s)              0.048
  ==> Time-Iter. (s)               1.559

--------------------------------------------------------------------------------
CEO-ADAPT-VQE iteration: 24
--------------------------------------------------------------------------------
    gate        derivative      name       op1       op2       op3        g_unscaled   penalty
    1602       -0.00086631      a_ia      1602                           -0.00346524         4
   99531        0.00068739        om     45080     45081                  0.03093276        45
   45080        0.00066268    a_iajb     45080                            0.02982057        45
   99530        0.00063796        op     45080     45081                  0.02870838        45
   99949       -0.00062004        om     45461     45463                 -0.03534209        57
   99945       -0.00061984        om     45461     45462                 -0.03533091        57
  100258        0.00061956        op     45733     45734                  0.02664104        43
   99618       -0.00060695        op     45162     45163                 -0.03338236        55
   45733        0.00059481    a_iajb     45733                            0.02557691        43
   99754        0.00058629        op     45298     45299                  0.06273255       107

  ==> Add operator: mvp2 -1: 45080 45081
  ==> Current qubit order: 0  1  2  3  4  5  6  7  8  9  10  11  12  13  14  15  16  17  18  19  20  21  22  23  24  25  26  27  28  29  30  31  32  33  34  35  36  37  39  40  41  42  43  48  38  51  52  57  46  49  54  47  44  45  50  53  56  55  58  59  60  61  62  63  64  65  66  67  68  69  70  71  72  73  74  75  76  77  78  79  80  81  82  83  84  85  86  87  88  89  90  91  92  93  94  95  96  97  98  99  100  101  102  103  


  ==> Energy                -308.054515140
  ==> dE                       -5.92e-04
  ==> Gradient Norm             1.95e+00
  ==> Abs. Max. Deriv.          7.50e-02
  ==> Time-Grad. (s)               1.694
  ==> Time-Energy (s)              0.093
  ==> Time-Iter. (s)               1.787

--------------------------------------------------------------------------------
CEO-ADAPT-VQE iteration: 25
--------------------------------------------------------------------------------
    gate        derivative      name       op1       op2       op3        g_unscaled   penalty
    1602       -0.00085260      a_ia      1602                           -0.00341042         4
   99949       -0.00062732        om     45461     45463                 -0.03575726        57
   99945       -0.00062708        om     45461     45462                 -0.03574362        57
   99618       -0.00059537        op     45162     45163                 -0.03393629        57
   45461       -0.00058369    a_iajb     45461                           -0.03327031        57
  100258        0.00057973        op     45733     45734                  0.02608794        45
   99754        0.00057469        op     45298     45299                  0.06264166       109
   99755        0.00057469        om     45298     45299                  0.06264166       109
  100271        0.00056569        om     45745     45746                  0.03450713        61
   45745        0.00055955    a_iajb     45745                            0.03413241        61

  ==> Add operator: mvp3 -1: 45461 45462 45463
  ==> Current qubit order: 0  1  2  3  4  5  6  7  8  9  10  11  12  13  14  15  16  17  18  19  20  21  22  23  24  25  26  27  28  29  30  31  32  33  34  35  36  37  39  40  41  42  43  48  38  51  52  57  49  47  46  54  50  56  44  45  53  55  58  59  60  61  62  63  64  65  66  67  68  69  70  71  72  73  74  75  76  77  78  79  80  81  82  83  84  85  86  87  88  89  90  91  92  93  94  95  96  97  98  99  100  101  102  103  


  ==> Energy                -308.055260884
  ==> dE                       -7.46e-04
  ==> Gradient Norm             1.95e+00
  ==> Abs. Max. Deriv.          7.50e-02
  ==> Time-Grad. (s)               1.623
  ==> Time-Energy (s)              0.069
  ==> Time-Iter. (s)               1.692

--------------------------------------------------------------------------------
CEO-ADAPT-VQE iteration: 26
--------------------------------------------------------------------------------
    gate        derivative      name       op1       op2       op3        g_unscaled   penalty
    2052        0.00140397      a_ia      2052                            0.00561589         4
    1951       -0.00119773      a_ia      1951                           -0.00239546         2
    1602       -0.00085260      a_ia      1602                           -0.00341040         4
    1868       -0.00084387      a_ia      1868                           -0.00168774         2
  100270        0.00068184        op     45745     45746                  0.03477373        51
   45745        0.00067798    a_iajb     45745                            0.03457716        51
  100271        0.00067413        om     45745     45746                  0.03438059        51
   98727       -0.00057952        om     44399     44400                 -0.04578216        79
   99754        0.00057361        op     45298     45299                  0.06252335       109
   99755        0.00057361        om     45298     45299                  0.06252335       109

  ==> Add operator: a_ia 2052
  ==> Current qubit order: 0  1  2  3  4  5  6  7  8  9  10  11  12  13  14  15  16  17  18  19  20  21  22  23  24  25  26  27  28  29  30  31  32  33  34  35  36  37  39  40  41  42  43  48  38  51  52  57  49  47  46  50  54  56  44  45  53  55  58  59  60  61  62  63  64  65  66  67  68  69  70  71  72  73  74  75  76  77  78  79  80  81  82  83  84  85  86  87  88  89  90  91  92  93  94  95  96  97  98  99  100  101  102  103  


  ==> Energy                -308.055783009
  ==> dE                       -5.22e-04
  ==> Gradient Norm             1.95e+00
  ==> Abs. Max. Deriv.          7.50e-02
  ==> Time-Grad. (s)               1.672
  ==> Time-Energy (s)              0.029
  ==> Time-Iter. (s)               1.701

--------------------------------------------------------------------------------
CEO-ADAPT-VQE iteration: 27
--------------------------------------------------------------------------------
    gate        derivative      name       op1       op2       op3        g_unscaled   penalty
    1841       -0.00151073      a_ia      1841                           -0.00302145         2
    1951       -0.00136437      a_ia      1951                           -0.00272873         2
    1868       -0.00107894      a_ia      1868                           -0.00215788         2
    2027        0.00105765      a_ia      2027                            0.00211531         2
    1602       -0.00088682      a_ia      1602                           -0.00354729         4
  100270        0.00074952        op     45745     45746                  0.03822573        51
   45745        0.00074431    a_iajb     45745                            0.03795956        51
  100271        0.00073909        om     45745     45746                  0.03769340        51
    1814        0.00060350      a_ia      1814                            0.00120700         2
    1844        0.00059312      a_ia      1844                            0.00355872         6

  ==> Add operator: a_ia 1841
  ==> Current qubit order: 0  1  2  3  4  5  6  7  8  9  10  11  12  13  14  15  16  17  18  19  20  21  22  23  24  25  26  27  28  29  30  31  32  33  34  35  36  37  39  40  41  42  43  48  38  51  52  57  49  47  46  50  54  56  44  45  53  55  58  59  60  61  62  63  64  65  66  67  68  69  70  71  72  73  74  75  76  77  78  79  80  81  82  83  84  85  86  87  88  89  90  91  92  93  94  95  96  97  98  99  100  101  102  103  


  ==> Energy                -308.056369900
  ==> dE                       -5.87e-04
  ==> Gradient Norm             1.94e+00
  ==> Abs. Max. Deriv.          7.50e-02
  ==> Time-Grad. (s)               1.769
  ==> Time-Energy (s)              0.145
  ==> Time-Iter. (s)               1.914

--------------------------------------------------------------------------------
CEO-ADAPT-VQE iteration: 28
--------------------------------------------------------------------------------
    gate        derivative      name       op1       op2       op3        g_unscaled   penalty
    1951       -0.00159301      a_ia      1951                           -0.00318603         2
    1868       -0.00108742      a_ia      1868                           -0.00217484         2
    1602       -0.00083450      a_ia      1602                           -0.00333798         4
    1952        0.00067309      a_ia      1952                            0.00269234         4
  100270        0.00065952        op     45745     45746                  0.03363567        51
   45745        0.00065880    a_iajb     45745                            0.03359903        51
  100271        0.00065809        om     45745     45746                  0.03356240        51
    1782        0.00063210      a_ia      1782                            0.00505681         8
    1787       -0.00060939      a_ia      1787                           -0.00121878         2
   98727       -0.00058144        om     44399     44400                 -0.04477103        77

  ==> Tried operator a_ia 1951: gain -7.46e-06 (threshold 7.8e-06), removed and excluded for this stage
  ==> Add operator: a_ia 1868
  ==> Current qubit order: 0  1  2  3  4  5  6  7  8  9  10  11  12  13  14  15  16  17  18  19  20  21  22  23  24  25  26  27  28  29  30  31  32  33  34  35  36  37  39  40  41  42  43  48  38  51  52  57  49  47  46  50  54  56  44  45  53  55  58  59  60  61  62  63  64  65  66  67  68  69  70  71  72  73  74  75  76  77  78  79  80  81  82  83  84  85  86  87  88  89  90  91  92  93  94  95  96  97  98  99  100  101  102  103  


  ==> Energy                -308.056457641
  ==> dE                       -8.77e-05
  ==> Gradient Norm             1.94e+00
  ==> Abs. Max. Deriv.          7.50e-02
  ==> Time-Grad. (s)               1.717
  ==> Time-Energy (s)              0.057
  ==> Time-Iter. (s)               1.775

--------------------------------------------------------------------------------
CEO-ADAPT-VQE iteration: 29
--------------------------------------------------------------------------------
    gate        derivative      name       op1       op2       op3        g_unscaled   penalty
    1951       -0.00160493      a_ia      1951                           -0.00320986         2
    1602       -0.00083365      a_ia      1602                           -0.00333462         4
    1952        0.00068282      a_ia      1952                            0.00273127         4
    1782        0.00064646      a_ia      1782                            0.00517169         8
  100270        0.00064274        op     45745     45746                  0.03277990        51
   45745        0.00064192    a_iajb     45745                            0.03273800        51
  100271        0.00064110        om     45745     45746                  0.03269611        51
    1787       -0.00062326      a_ia      1787                           -0.00124651         2
   98727       -0.00058130        om     44399     44400                 -0.04476045        77
    1872        0.00057355      a_ia      1872                            0.00229421         4

  ==> Tried operator a_ia 1952: gain -4.24e-06 (threshold 6.7e-06), removed and excluded for this stage
  ==> Add operator: a_ia 1782
  ==> Current qubit order: 0  1  2  3  4  5  6  7  8  9  10  11  12  13  14  15  16  17  18  19  20  21  22  23  24  25  26  27  28  29  30  31  32  33  34  35  36  37  39  40  41  42  43  48  38  51  52  57  49  47  50  54  56  46  44  45  53  55  58  59  60  61  62  63  64  65  66  67  68  69  70  71  72  73  74  75  76  77  78  79  80  81  82  83  84  85  86  87  88  89  90  91  92  93  94  95  96  97  98  99  100  101  102  103  


  ==> Energy                -308.056872097
  ==> dE                       -4.14e-04
  ==> Gradient Norm             1.94e+00
  ==> Abs. Max. Deriv.          7.50e-02
  ==> Time-Grad. (s)               1.781
  ==> Time-Energy (s)              0.057
  ==> Time-Iter. (s)               1.837

--------------------------------------------------------------------------------
CEO-ADAPT-VQE iteration: 30
--------------------------------------------------------------------------------
    gate        derivative      name       op1       op2       op3        g_unscaled   penalty
    1951       -0.00157554      a_ia      1951                           -0.00315108         2
    1844        0.00103080      a_ia      1844                            0.00206161         2
    2027        0.00097658      a_ia      2027                            0.00195315         2
    1602       -0.00079370      a_ia      1602                           -0.00317478         4
    1952        0.00069714      a_ia      1952                            0.00278855         4
   99754        0.00060254        op     45298     45299                  0.06206181       103
   99755        0.00060254        om     45298     45299                  0.06206181       103
   98382        0.00057148        op     44094     44095                  0.03828912        67
   44094        0.00056822    a_iajb     44094                            0.03807059        67
    1872        0.00056605      a_ia      1872                            0.00226418         4

  ==> Add operator: a_ia 1844
  ==> Current qubit order: 0  1  2  3  4  5  6  7  8  9  10  11  12  13  14  15  16  17  18  19  20  21  22  23  24  25  26  27  28  29  30  31  32  33  34  35  36  37  39  40  41  42  43  48  38  51  52  57  49  47  50  54  56  46  44  45  53  55  58  59  60  61  62  63  64  65  66  67  68  69  70  71  72  73  74  75  76  77  78  79  80  81  82  83  84  85  86  87  88  89  90  91  92  93  94  95  96  97  98  99  100  101  102  103  


  ==> Energy                -308.056893785
  ==> dE                       -2.17e-05
  ==> Gradient Norm             1.94e+00
  ==> Abs. Max. Deriv.          7.50e-02
  ==> Time-Grad. (s)               1.772
  ==> Time-Energy (s)              0.069
  ==> Time-Iter. (s)               1.841

--------------------------------------------------------------------------------
CEO-ADAPT-VQE iteration: 31
--------------------------------------------------------------------------------
    gate        derivative      name       op1       op2       op3        g_unscaled   penalty
    1951       -0.00149418      a_ia      1951                           -0.00298836         2
    2027        0.00093532      a_ia      2027                            0.00187065         2
    1602       -0.00080016      a_ia      1602                           -0.00320063         4
    1952        0.00067848      a_ia      1952                            0.00271391         4
   99754        0.00060115        op     45298     45299                  0.06191889       103
   99755        0.00060115        om     45298     45299                  0.06191889       103
    1872        0.00060030      a_ia      1872                            0.00240121         4
   98382        0.00057175        op     44094     44095                  0.03830750        67
   44094        0.00056847    a_iajb     44094                            0.03808771        67
   98383        0.00056519        om     44094     44095                  0.03786791        67

  ==> Add operator: a_ia 2027
  ==> Current qubit order: 0  1  2  3  4  5  6  7  8  9  10  11  12  13  14  15  16  17  18  19  20  21  22  23  24  25  26  27  28  29  30  31  32  33  34  35  36  37  39  40  41  42  43  48  38  51  52  57  49  47  50  54  56  46  44  45  53  55  58  59  60  61  62  63  64  65  66  67  68  69  70  71  72  73  74  75  76  77  78  79  80  81  82  83  84  85  86  87  88  89  90  91  92  93  94  95  96  97  98  99  100  101  102  103  


  ==> Energy                -308.056929621
  ==> dE                       -3.58e-05
  ==> Gradient Norm             1.94e+00
  ==> Abs. Max. Deriv.          7.50e-02
  ==> Time-Grad. (s)               1.793
  ==> Time-Energy (s)              0.033
  ==> Time-Iter. (s)               1.826

--------------------------------------------------------------------------------
CEO-ADAPT-VQE iteration: 32
--------------------------------------------------------------------------------
    gate        derivative      name       op1       op2       op3        g_unscaled   penalty
    1951       -0.00146998      a_ia      1951                           -0.00293996         2
    1602       -0.00078825      a_ia      1602                           -0.00315301         4
    1952        0.00067662      a_ia      1952                            0.00270647         4
   99754        0.00060106        op     45298     45299                  0.06190898       103
   99755        0.00060106        om     45298     45299                  0.06190898       103
   98382        0.00057169        op     44094     44095                  0.03830313        67
   44094        0.00056843    a_iajb     44094                            0.03808464        67
   98383        0.00056517        om     44094     44095                  0.03786615        67
    1950        0.00055974      a_ia      1950                            0.00447792         8
   98727       -0.00055209        om     44399     44400                 -0.04471957        81

  ==> Add operator: op -1: 45298 45299
  ==> Current qubit order: 0  1  2  3  4  5  6  7  8  9  10  11  12  13  14  15  16  17  18  19  20  21  22  23  24  25  26  27  28  29  30  31  32  33  34  35  36  37  39  40  41  42  43  48  38  51  52  57  49  50  54  56  44  45  53  55  58  59  60  61  62  47  46  72  73  63  64  65  66  67  68  69  70  71  74  75  76  77  78  79  80  81  82  83  84  85  86  87  88  89  90  91  92  93  94  95  96  97  98  99  100  101  102  103  


  ==> Energy                -308.057438207
  ==> dE                       -5.09e-04
  ==> Gradient Norm             1.94e+00
  ==> Abs. Max. Deriv.          7.50e-02
  ==> Time-Grad. (s)               1.851
  ==> Time-Energy (s)              0.041
  ==> Time-Iter. (s)               1.892

--------------------------------------------------------------------------------
CEO-ADAPT-VQE iteration: 33
--------------------------------------------------------------------------------
    gate        derivative      name       op1       op2       op3        g_unscaled   penalty
    1852        0.00411402      a_ia      1852                            0.00822804         2
    1951       -0.00146288      a_ia      1951                           -0.00292577         2
    1880        0.00133551      a_ia      1880                            0.00801308         6
    1602       -0.00078835      a_ia      1602                           -0.00315340         4
    1950        0.00074755      a_ia      1950                            0.00448531         6
    1952        0.00067454      a_ia      1952                            0.00269816         4
    1601        0.00061740      a_ia      1601                            0.00617398        10
   98382        0.00058928        op     44094     44095                  0.03830335        65
   99724        0.00058746        op     45268     45269                  0.02173612        37
   99725        0.00058746        om     45268     45269                  0.02173612        37

  ==> Add operator: a_ia 1852
  ==> Current qubit order: 0  1  2  3  4  5  6  7  8  9  10  11  12  13  14  15  16  17  18  19  20  21  22  23  24  25  26  27  28  29  30  31  32  33  34  35  36  37  39  40  41  42  43  48  38  51  52  57  49  50  54  56  44  45  53  55  58  59  60  61  62  47  46  72  73  63  64  65  66  67  68  69  70  71  74  75  76  77  78  79  80  81  82  83  84  85  86  87  88  89  90  91  92  93  94  95  96  97  98  99  100  101  102  103  


  ==> Energy                -308.057464625
  ==> dE                       -2.64e-05
  ==> Gradient Norm             1.94e+00
  ==> Abs. Max. Deriv.          7.50e-02
  ==> Time-Grad. (s)               1.830
  ==> Time-Energy (s)              0.115
  ==> Time-Iter. (s)               1.946

--------------------------------------------------------------------------------
CEO-ADAPT-VQE iteration: 34
--------------------------------------------------------------------------------
    gate        derivative      name       op1       op2       op3        g_unscaled   penalty
    1951       -0.00144368      a_ia      1951                           -0.00288736         2
    1880        0.00123095      a_ia      1880                            0.00738570         6
    1602       -0.00078875      a_ia      1602                           -0.00315499         4
    1950        0.00074397      a_ia      1950                            0.00446383         6
    1952        0.00068327      a_ia      1952                            0.00273307         4
    1601        0.00061798      a_ia      1601                            0.00617983        10
   99724        0.00058996        op     45268     45269                  0.02182857        37
   99725        0.00058996        om     45268     45269                  0.02182857        37
   98382        0.00058972        op     44094     44095                  0.03833179        65
   44094        0.00058643    a_iajb     44094                            0.03811786        65

  ==> Add operator: a_ia 1880
  ==> Current qubit order: 0  1  2  3  4  5  6  7  8  9  10  11  12  13  14  15  16  17  18  19  20  21  22  23  24  25  26  27  28  29  30  31  32  33  34  35  36  37  39  40  41  42  43  48  38  51  52  57  49  50  54  56  44  45  53  55  58  59  60  61  62  46  72  47  73  63  64  65  66  67  68  69  70  71  74  75  76  77  78  79  80  81  82  83  84  85  86  87  88  89  90  91  92  93  94  95  96  97  98  99  100  101  102  103  


  ==> Energy                -308.057479367
  ==> dE                       -1.47e-05
  ==> Gradient Norm             1.94e+00
  ==> Abs. Max. Deriv.          7.50e-02
  ==> Time-Grad. (s)               2.217
  ==> Time-Energy (s)              0.058
  ==> Time-Iter. (s)               2.275

--------------------------------------------------------------------------------
CEO-ADAPT-VQE iteration: 35
--------------------------------------------------------------------------------
    gate        derivative      name       op1       op2       op3        g_unscaled   penalty
    1951       -0.00156431      a_ia      1951                           -0.00312862         2
    1602       -0.00079809      a_ia      1602                           -0.00319237         4
    1950        0.00072973      a_ia      1950                            0.00437835         6
    1952        0.00070041      a_ia      1952                            0.00280164         4
   99724        0.00062497        op     45268     45269                  0.02187390        35
   99725        0.00062497        om     45268     45269                  0.02187390        35
    1601        0.00061815      a_ia      1601                            0.00618147        10
   98382        0.00058972        op     44094     44095                  0.03833183        65
   44094        0.00058643    a_iajb     44094                            0.03811789        65
   99768        0.00058324        op     45312     45313                  0.03907732        67

  ==> Add operator: a_ia 1950
  ==> Current qubit order: 0  1  2  3  4  5  6  7  8  9  10  11  12  13  14  15  16  17  18  19  20  21  22  23  24  25  26  27  28  29  30  31  32  33  34  35  36  37  39  40  41  42  43  48  38  51  57  49  52  50  54  56  44  45  53  55  58  59  60  61  62  46  72  47  73  63  64  65  66  67  68  69  70  71  74  75  76  77  78  79  80  81  82  83  84  85  86  87  88  89  90  91  92  93  94  95  96  97  98  99  100  101  102  103  


  ==> Energy                -308.057499101
  ==> dE                       -1.97e-05
  ==> Gradient Norm             1.94e+00
  ==> Abs. Max. Deriv.          7.50e-02
  ==> Time-Grad. (s)               2.183
  ==> Time-Energy (s)              0.065
  ==> Time-Iter. (s)               2.248

--------------------------------------------------------------------------------
CEO-ADAPT-VQE iteration: 36
--------------------------------------------------------------------------------
    gate        derivative      name       op1       op2       op3        g_unscaled   penalty
    1951       -0.00156580      a_ia      1951                           -0.00313160         2
    1978        0.00119810      a_ia      1978                            0.00239619         2
    1952        0.00066019      a_ia      1952                            0.00264075         4
   99724        0.00062500        op     45268     45269                  0.02187491        35
   99725        0.00062500        om     45268     45269                  0.02187491        35
    1814        0.00062425      a_ia      1814                            0.00124850         2
    1601        0.00061439      a_ia      1601                            0.00614390        10
   98382        0.00060870        op     44094     44095                  0.03834828        63
   44094        0.00060526    a_iajb     44094                            0.03813162        63
   98383        0.00060182        om     44094     44095                  0.03791495        63

  ==> Tried operator a_ia 1978: gain -3.26e-06 (threshold 3.8e-06), removed and excluded for this stage
  ==> Add operator: op -1: 45268 45269
  ==> Current qubit order: 0  1  2  3  4  5  6  7  8  9  10  11  12  13  14  15  16  17  18  19  20  21  22  23  24  25  26  27  28  29  30  31  32  33  34  35  36  37  39  40  41  42  43  48  38  51  57  49  52  50  54  56  44  45  53  55  58  59  60  61  62  72  46  47  64  65  73  63  66  67  68  69  70  71  74  75  76  77  78  79  80  81  82  83  84  85  86  87  88  89  90  91  92  93  94  95  96  97  98  99  100  101  102  103  


  ==> Energy                -308.057592028
  ==> dE                       -9.29e-05
  ==> Gradient Norm             1.94e+00
  ==> Abs. Max. Deriv.          7.50e-02
  ==> Time-Grad. (s)               2.224
  ==> Time-Energy (s)              0.147
  ==> Time-Iter. (s)               2.371

--------------------------------------------------------------------------------
CEO-ADAPT-VQE iteration: 37
--------------------------------------------------------------------------------
    gate        derivative      name       op1       op2       op3        g_unscaled   penalty
    1951       -0.00156316      a_ia      1951                           -0.00312632         2
    1978        0.00119791      a_ia      1978                            0.00239582         2
    1952        0.00065997      a_ia      1952                            0.00263989         4
    1814        0.00062474      a_ia      1814                            0.00124947         2
    1601        0.00061440      a_ia      1601                            0.00614396        10
   98382        0.00060870        op     44094     44095                  0.03834834        63
   44094        0.00060526    a_iajb     44094                            0.03813167        63
   98383        0.00060183        om     44094     44095                  0.03791500        63
   99768        0.00059649        op     45312     45313                  0.03877192        65
   99769        0.00059649        om     45312     45313                  0.03877192        65

  ==> Add operator: a_ia 1814
  ==> Current qubit order: 0  1  2  3  4  5  6  7  8  9  10  11  12  13  14  15  16  17  18  19  20  21  22  23  24  25  26  27  28  29  30  31  32  33  34  35  36  37  39  40  41  42  43  48  38  51  57  49  52  50  54  56  44  45  53  55  58  59  60  61  62  72  46  47  64  65  73  63  66  67  68  69  70  71  74  75  76  77  78  79  80  81  82  83  84  85  86  87  88  89  90  91  92  93  94  95  96  97  98  99  100  101  102  103  


  ==> Energy                -308.057597210
  ==> dE                       -5.18e-06
  ==> Gradient Norm             1.94e+00
  ==> Abs. Max. Deriv.          7.50e-02
  ==> Time-Grad. (s)               2.332
  ==> Time-Energy (s)              0.148
  ==> Time-Iter. (s)               2.480

--------------------------------------------------------------------------------
CEO-ADAPT-VQE iteration: 38
--------------------------------------------------------------------------------
    gate        derivative      name       op1       op2       op3        g_unscaled   penalty
    1951       -0.00143221      a_ia      1951                           -0.00286442         2
    1978        0.00119216      a_ia      1978                            0.00238432         2
    1601        0.00061620      a_ia      1601                            0.00616199        10
   98382        0.00060856        op     44094     44095                  0.03833951        63
   44094        0.00060510    a_iajb     44094                            0.03812147        63
   98383        0.00060164        om     44094     44095                  0.03790344        63
    1952        0.00059966      a_ia      1952                            0.00239863         4
   99768        0.00059587        op     45312     45313                  0.03873176        65
   99769        0.00059587        om     45312     45313                  0.03873176        65
   98727       -0.00058047        om     44399     44400                 -0.04469647        77

  ==> Add operator: a_ia 1601
  ==> Current qubit order: 0  1  2  3  4  5  6  7  8  9  10  11  12  13  14  15  16  17  18  19  20  21  22  23  24  25  26  27  28  29  30  31  32  33  34  35  36  37  39  40  41  42  43  48  51  57  49  52  38  50  54  56  44  45  53  55  58  59  60  61  62  72  46  47  64  65  73  63  66  67  68  69  70  71  74  75  76  77  78  79  80  81  82  83  84  85  86  87  88  89  90  91  92  93  94  95  96  97  98  99  100  101  102  103  


  ==> Energy                -308.058066358
  ==> dE                       -4.69e-04
  ==> Gradient Norm             1.94e+00
  ==> Abs. Max. Deriv.          7.50e-02
  ==> Time-Grad. (s)               2.242
  ==> Time-Energy (s)              0.071
  ==> Time-Iter. (s)               2.313

--------------------------------------------------------------------------------
CEO-ADAPT-VQE iteration: 39
--------------------------------------------------------------------------------
    gate        derivative      name       op1       op2       op3        g_unscaled   penalty
    1951       -0.00147457      a_ia      1951                           -0.00294914         2
    1978        0.00117411      a_ia      1978                            0.00234822         2
    1602       -0.00099220      a_ia      1602                           -0.00198440         2
    1633        0.00065964      a_ia      1633                            0.00791562        12
   99768        0.00059594        op     45312     45313                  0.03873635        65
   99769        0.00059594        om     45312     45313                  0.03873635        65
   98727       -0.00057650        om     44399     44400                 -0.04439041        77
    1952        0.00056541      a_ia      1952                            0.00226162         4
   85104        0.00056030        op     34440     34441                  0.07227864       129
   85105        0.00056030        om     34440     34441                  0.07227864       129

  ==> Add operator: a_ia 1633
  ==> Current qubit order: 0  1  2  3  4  5  6  7  8  9  10  11  12  13  14  15  16  17  18  19  20  21  22  23  24  25  26  27  28  29  30  31  32  33  34  35  36  37  40  41  42  43  48  39  51  57  49  52  38  50  54  56  44  45  53  55  58  59  60  61  62  72  46  47  64  65  73  63  66  67  68  69  70  71  74  75  76  77  78  79  80  81  82  83  84  85  86  87  88  89  90  91  92  93  94  95  96  97  98  99  100  101  102  103  


  ==> Energy                -308.058820590
  ==> dE                       -7.54e-04
  ==> Gradient Norm             1.94e+00
  ==> Abs. Max. Deriv.          7.50e-02
  ==> Time-Grad. (s)               2.487
  ==> Time-Energy (s)              0.119
  ==> Time-Iter. (s)               2.606

--------------------------------------------------------------------------------
CEO-ADAPT-VQE iteration: 40
--------------------------------------------------------------------------------
    gate        derivative      name       op1       op2       op3        g_unscaled   penalty
    1951       -0.00151827      a_ia      1951                           -0.00303654         2
    1978        0.00116050      a_ia      1978                            0.00232101         2
    1602       -0.00095736      a_ia      1602                           -0.00191471         2
    1952        0.00061409      a_ia      1952                            0.00245636         4
   99768        0.00059606        op     45312     45313                  0.03874417        65
   99769        0.00059606        om     45312     45313                  0.03874417        65
   85104        0.00056030        op     34440     34441                  0.07227864       129
   85105        0.00056030        om     34440     34441                  0.07227864       129
   98727       -0.00053936        om     44399     44400                 -0.03397963        63
   98382        0.00052326        op     44094     44095                  0.03715171        71

  ==> Add operator: op -1: 45312 45313
  ==> Current qubit order: 0  1  2  3  4  5  6  7  8  9  10  11  12  13  14  15  16  17  18  19  20  21  22  23  24  25  26  27  28  29  30  31  32  33  34  35  36  37  40  41  42  43  48  39  51  57  49  52  38  50  54  56  44  45  53  55  58  59  60  61  62  72  64  65  73  63  46  47  74  75  66  67  68  69  70  71  76  77  78  79  80  81  82  83  84  85  86  87  88  89  90  91  92  93  94  95  96  97  98  99  100  101  102  103  


  ==> Energy                -308.059012456
  ==> dE                       -1.92e-04
  ==> Gradient Norm             1.93e+00
  ==> Abs. Max. Deriv.          7.50e-02
  ==> Time-Grad. (s)               2.818
  ==> Time-Energy (s)              0.130
  ==> Time-Iter. (s)               2.948

--------------------------------------------------------------------------------
CEO-ADAPT-VQE iteration: 41
--------------------------------------------------------------------------------
    gate        derivative      name       op1       op2       op3        g_unscaled   penalty
    1951       -0.00151648      a_ia      1951                           -0.00303296         2
    1978        0.00115787      a_ia      1978                            0.00231574         2
    1602       -0.00095647      a_ia      1602                           -0.00191294         2
    1881       -0.00089571      a_ia      1881                           -0.00358283         4
    1853       -0.00081262      a_ia      1853                           -0.00325046         4
    1952        0.00061266      a_ia      1952                            0.00245066         4
   99832        0.00056062        op     45376     45377                  0.03644021        65
   99833        0.00056062        om     45376     45377                  0.03644021        65
   85104        0.00056030        op     34440     34441                  0.07227864       129
   85105        0.00056030        om     34440     34441                  0.07227864       129

  ==> Add operator: a_ia 1881
  ==> Current qubit order: 0  1  2  3  4  5  6  7  8  9  10  11  12  13  14  15  16  17  18  19  20  21  22  23  24  25  26  27  28  29  30  31  32  33  34  35  36  37  40  41  42  43  48  39  51  57  49  52  38  50  54  56  44  45  53  55  58  59  60  61  62  72  64  65  73  63  46  74  47  75  66  67  68  69  70  71  76  77  78  79  80  81  82  83  84  85  86  87  88  89  90  91  92  93  94  95  96  97  98  99  100  101  102  103  


  ==> Energy                -308.059214000
  ==> dE                       -2.02e-04
  ==> Gradient Norm             1.93e+00
  ==> Abs. Max. Deriv.          7.50e-02
  ==> Time-Grad. (s)               2.873
  ==> Time-Energy (s)              0.810
  ==> Time-Iter. (s)               3.683

--------------------------------------------------------------------------------
CEO-ADAPT-VQE iteration: 42
--------------------------------------------------------------------------------
    gate        derivative      name       op1       op2       op3        g_unscaled   penalty
    1853       -0.00154213      a_ia      1853                           -0.00308427         2
    1951       -0.00136017      a_ia      1951                           -0.00272035         2
    1978        0.00124049      a_ia      1978                            0.00248099         2
    1952        0.00072663      a_ia      1952                            0.00290650         4
   99832        0.00057962        op     45376     45377                  0.03651584        63
   99833        0.00057962        om     45376     45377                  0.03651584        63
   85104        0.00056030        op     34440     34441                  0.07227864       129
   85105        0.00056030        om     34440     34441                  0.07227864       129
    1602       -0.00054784      a_ia      1602                           -0.00109568         2
   98382        0.00051120        op     44094     44095                  0.03629531        71

  ==> Tried operator a_ia 1853: gain -2.49e-06 (threshold 2.6e-06), removed and excluded for this stage
  ==> Add operator: op -1: 45376 45377
  ==> Current qubit order: 0  1  2  3  4  5  6  7  8  9  10  11  12  13  14  15  16  17  18  19  20  21  22  23  24  25  26  27  28  29  30  31  32  33  34  35  36  37  40  41  42  43  48  39  51  57  49  52  38  50  54  56  44  45  53  55  58  59  60  61  62  72  64  65  73  63  74  75  66  67  68  69  46  47  78  79  70  71  76  77  80  81  82  83  84  85  86  87  88  89  90  91  92  93  94  95  96  97  98  99  100  101  102  103  


  ==> Energy                -308.059376874
  ==> dE                       -1.63e-04
  ==> Gradient Norm             1.93e+00
  ==> Abs. Max. Deriv.          7.50e-02
  ==> Time-Grad. (s)               4.451
  ==> Time-Energy (s)              0.484
  ==> Time-Iter. (s)               4.935

--------------------------------------------------------------------------------
CEO-ADAPT-VQE iteration: 43
--------------------------------------------------------------------------------
    gate        derivative      name       op1       op2       op3        g_unscaled   penalty
    1951       -0.00135187      a_ia      1951                           -0.00270375         2
    1978        0.00123812      a_ia      1978                            0.00247623         2
    1952        0.00072521      a_ia      1952                            0.00290083         4
   85104        0.00056030        op     34440     34441                  0.07227864       129
   85105        0.00056030        om     34440     34441                  0.07227864       129
    1602       -0.00054778      a_ia      1602                           -0.00109555         2
   98382        0.00051120        op     44094     44095                  0.03629544        71
   44094        0.00050737    a_iajb     44094                            0.03602362        71
   98383        0.00050355        om     44094     44095                  0.03575180        71
   99744        0.00050113        op     45288     45289                  0.01252827        25

  ==> Add operator: op -1: 34440 34441
  ==> Current qubit order: 0  1  2  3  4  5  6  7  8  9  10  11  12  13  14  15  16  17  18  19  20  21  22  23  24  25  26  27  30  31  32  33  34  35  36  37  40  41  42  43  28  29  58  59  48  39  51  57  49  52  38  50  54  56  44  45  53  55  60  61  62  72  64  65  73  63  74  75  66  67  68  69  46  47  78  79  70  71  76  77  80  81  82  83  84  85  86  87  88  89  90  91  92  93  94  95  96  97  98  99  100  101  102  103  


  ==> Energy                -308.060261761
  ==> dE                       -8.85e-04
  ==> Gradient Norm             1.93e+00
  ==> Abs. Max. Deriv.          7.50e-02
  ==> Time-Grad. (s)               4.442
  ==> Time-Energy (s)              0.393
  ==> Time-Iter. (s)               4.835

--------------------------------------------------------------------------------
CEO-ADAPT-VQE iteration: 44
--------------------------------------------------------------------------------
    gate        derivative      name       op1       op2       op3        g_unscaled   penalty
    1951       -0.00136039      a_ia      1951                           -0.00272077         2
    1978        0.00124358      a_ia      1978                            0.00248716         2
    1952        0.00072788      a_ia      1952                            0.00291150         4
    1297       -0.00059521      a_ia      1297                           -0.00238083         4
    1260       -0.00057134      a_ia      1260                           -0.00228537         4
    1602       -0.00054884      a_ia      1602                           -0.00109768         2
   72988       -0.00053576        op     25132     25133                 -0.04768297        89
   72989       -0.00053576        om     25132     25133                 -0.04768297        89
   70572       -0.00051268        op     23211     23212                 -0.04767964        93
   70573       -0.00051268        om     23211     23212                 -0.04767964        93

  ==> Add operator: a_ia 1297
  ==> Current qubit order: 0  1  2  3  4  5  6  7  8  9  10  11  12  13  14  15  16  17  18  19  20  21  22  23  24  25  26  27  30  31  32  33  34  35  36  37  40  41  42  43  28  58  29  59  48  39  51  57  49  52  38  50  54  56  44  45  53  55  60  61  62  72  64  65  73  63  74  75  66  67  68  69  46  47  78  79  70  71  76  77  80  81  82  83  84  85  86  87  88  89  90  91  92  93  94  95  96  97  98  99  100  101  102  103  


  ==> Energy                -308.060263878
  ==> dE                       -2.12e-06
  ==> Gradient Norm             1.93e+00
  ==> Abs. Max. Deriv.          7.23e-02
  ==> Time-Grad. (s)               6.941
  ==> Time-Energy (s)              1.154
  ==> Time-Iter. (s)               8.095

--------------------------------------------------------------------------------
CEO-ADAPT-VQE iteration: 45
--------------------------------------------------------------------------------
    gate        derivative      name       op1       op2       op3        g_unscaled   penalty
    1951       -0.00135271      a_ia      1951                           -0.00270541         2
    1978        0.00126482      a_ia      1978                            0.00252964         2
    1260       -0.00102016      a_ia      1260                           -0.00204032         2
    1952        0.00073823      a_ia      1952                            0.00295290         4
    1602       -0.00055532      a_ia      1602                           -0.00111064         2
   98382        0.00051120        op     44094     44095                  0.03629506        71
   44094        0.00050737    a_iajb     44094                            0.03602325        71
   98383        0.00050354        om     44094     44095                  0.03575144        71
   99744        0.00050113        op     45288     45289                  0.01252827        25
   99745        0.00050113        om     45288     45289                  0.01252827        25

  ==> Tried operator a_ia 1260: gain -1.55e-06 (threshold 1.8e-06), removed and excluded for this stage
  ==> Add operator: mvp2 -1: 44094 44095
  ==> Current qubit order: 0  1  2  3  4  5  6  7  8  9  10  11  12  13  14  15  16  17  18  19  20  21  22  23  24  25  26  27  30  31  32  33  34  35  36  37  40  41  42  43  28  58  29  59  48  51  49  52  39  57  38  56  50  54  44  45  53  55  60  61  62  72  64  65  73  63  74  75  66  67  68  69  46  47  78  79  70  71  76  77  80  81  82  83  84  85  86  87  88  89  90  91  92  93  94  95  96  97  98  99  100  101  102  103  


  ==> Energy                -308.060572590
  ==> dE                       -3.09e-04
  ==> Gradient Norm             1.93e+00
  ==> Abs. Max. Deriv.          7.22e-02
  ==> Time-Grad. (s)              16.254
  ==> Time-Energy (s)              3.370
  ==> Time-Iter. (s)              19.624

--------------------------------------------------------------------------------
CEO-ADAPT-VQE iteration: 46
--------------------------------------------------------------------------------
    gate        derivative      name       op1       op2       op3        g_unscaled   penalty
    1952        0.00151769      a_ia      1952                            0.00303539         2
    1951       -0.00130915      a_ia      1951                           -0.00261829         2
    1260       -0.00102515      a_ia      1260                           -0.00205029         2
    1786        0.00075901      a_ia      1786                            0.00151802         2
   98367        0.00061174        om     44078     44079                  0.02508117        41
   44078        0.00059751    a_iajb     44078                            0.02449786        41
   98612       -0.00058730        op     44300     44301                 -0.02877762        49
   44300       -0.00058351    a_iajb     44300                           -0.02859177        49
   98366        0.00058328        op     44078     44079                  0.02391455        41
   98613       -0.00057971        om     44300     44301                 -0.02840592        49

  ==> Add operator: a_ia 1786
  ==> Current qubit order: 0  1  2  3  4  5  6  7  8  9  10  11  12  13  14  15  16  17  18  19  20  21  22  23  24  25  26  27  30  31  32  33  34  35  36  37  40  41  42  43  28  58  29  59  48  51  49  52  39  57  38  56  50  54  44  45  53  55  60  61  62  72  64  65  73  63  74  75  66  67  68  69  46  47  78  79  70  71  76  77  80  81  82  83  84  85  86  87  88  89  90  91  92  93  94  95  96  97  98  99  100  101  102  103  


  ==> Energy                -308.060582978
  ==> dE                       -1.04e-05
  ==> Gradient Norm             1.93e+00
  ==> Abs. Max. Deriv.          7.22e-02
  ==> Time-Grad. (s)              17.664
  ==> Time-Energy (s)              3.649
  ==> Time-Iter. (s)              21.312

--------------------------------------------------------------------------------
CEO-ADAPT-VQE iteration: 47
--------------------------------------------------------------------------------
    gate        derivative      name       op1       op2       op3        g_unscaled   penalty
    1952        0.00163833      a_ia      1952                            0.00327665         2
    1951       -0.00152725      a_ia      1951                           -0.00305451         2
    1260       -0.00103559      a_ia      1260                           -0.00207119         2
   98367        0.00061897        om     44078     44079                  0.02537760        41
   44078        0.00060499    a_iajb     44078                            0.02480473        41
   98366        0.00059102        op     44078     44079                  0.02423186        41
   98612       -0.00058915        op     44300     44301                 -0.02886825        49
   44300       -0.00058499    a_iajb     44300                           -0.02866459        49
   98613       -0.00058084        om     44300     44301                 -0.02846093        49
   98727       -0.00051567        om     44399     44400                 -0.03042458        59

  ==> Add operator: mvp2 -1: 44078 44079
  ==> Current qubit order: 0  1  2  3  4  5  6  7  8  9  10  11  12  13  14  15  16  17  18  19  20  21  22  23  24  25  26  27  30  31  32  33  34  35  36  37  40  41  42  43  28  58  29  59  48  51  49  52  39  57  38  56  50  54  44  45  53  55  60  61  62  72  64  65  73  63  74  75  66  67  68  69  46  47  78  79  70  71  76  77  80  81  82  83  84  85  86  87  88  89  90  91  92  93  94  95  96  97  98  99  100  101  102  103  


  ==> Energy                -308.060815025
  ==> dE                       -2.32e-04
  ==> Gradient Norm             1.93e+00
  ==> Abs. Max. Deriv.          7.22e-02
  ==> Time-Grad. (s)              17.763
  ==> Time-Energy (s)              2.530
  ==> Time-Iter. (s)              20.293

--------------------------------------------------------------------------------
CEO-ADAPT-VQE iteration: 48
--------------------------------------------------------------------------------
    gate        derivative      name       op1       op2       op3        g_unscaled   penalty
    1952        0.00168037      a_ia      1952                            0.00336074         2
    1951       -0.00149618      a_ia      1951                           -0.00299236         2
    1636       -0.00106653      a_ia      1636                           -0.00213306         2
    1260       -0.00104343      a_ia      1260                           -0.00208686         2
   98613       -0.00057714        om     44300     44301                 -0.02828010        49
   44300       -0.00057687    a_iajb     44300                           -0.02826673        49
   98612       -0.00057660        op     44300     44301                 -0.02825336        49
   98363        0.00050990        om     44074     44075                  0.02804444        55
   99744        0.00050196        op     45288     45289                  0.01254892        25
   99745        0.00050196        om     45288     45289                  0.01254892        25

  ==> Add operator: a_ia 1636
  ==> Current qubit order: 0  1  2  3  4  5  6  7  8  9  10  11  12  13  14  15  16  17  18  19  20  21  22  23  24  25  26  27  30  31  32  33  34  35  36  37  40  41  42  43  28  58  29  59  48  51  49  52  39  57  38  56  50  54  44  45  53  55  60  61  62  72  64  65  73  63  74  75  66  67  68  69  46  47  78  79  70  71  76  77  80  81  82  83  84  85  86  87  88  89  90  91  92  93  94  95  96  97  98  99  100  101  102  103  


  ==> Energy                -308.060816894
  ==> dE                       -1.87e-06
  ==> Gradient Norm             1.93e+00
  ==> Abs. Max. Deriv.          7.22e-02
  ==> Time-Grad. (s)              18.742
  ==> Time-Energy (s)              1.176
  ==> Time-Iter. (s)              19.918

--------------------------------------------------------------------------------
CEO-ADAPT-VQE iteration: 49
--------------------------------------------------------------------------------
    gate        derivative      name       op1       op2       op3        g_unscaled   penalty
    1952        0.00168523      a_ia      1952                            0.00337046         2
    1951       -0.00151063      a_ia      1951                           -0.00302125         2
    1260       -0.00103859      a_ia      1260                           -0.00207717         2
   98613       -0.00057677        om     44300     44301                 -0.02826174        49
   44300       -0.00057650    a_iajb     44300                           -0.02824847        49
   98612       -0.00057623        op     44300     44301                 -0.02823519        49
   98363        0.00050992        om     44074     44075                  0.02804548        55
   99744        0.00050195        op     45288     45289                  0.01254882        25
   99745        0.00050195        om     45288     45289                  0.01254882        25
   44074        0.00049901    a_iajb     44074                            0.02744556        55

  ==> Add operator: om -1: 44300 44301
  ==> Current qubit order: 0  1  2  3  4  5  6  7  8  9  10  11  12  13  14  15  16  17  18  19  20  21  22  23  24  25  26  27  30  31  32  33  34  35  36  37  40  41  42  43  28  58  29  59  48  51  49  52  39  57  56  44  38  50  54  45  53  55  60  61  62  72  64  65  73  63  74  75  66  67  68  69  46  47  78  79  70  71  76  77  80  81  82  83  84  85  86  87  88  89  90  91  92  93  94  95  96  97  98  99  100  101  102  103  


  ==> Energy                -308.060978856
  ==> dE                       -1.62e-04
  ==> Gradient Norm             1.93e+00
  ==> Abs. Max. Deriv.          7.22e-02
  ==> Time-Grad. (s)              19.962
  ==> Time-Energy (s)              1.458
  ==> Time-Iter. (s)              21.420

--------------------------------------------------------------------------------
CEO-ADAPT-VQE iteration: 50
--------------------------------------------------------------------------------
    gate        derivative      name       op1       op2       op3        g_unscaled   penalty
    1951       -0.00151243      a_ia      1951                           -0.00302486         2
    1260       -0.00103972      a_ia      1260                           -0.00207943         2
    1952        0.00055403      a_ia      1952                            0.00332418         6
   99744        0.00050196        op     45288     45289                  0.01254895        25
   99745        0.00050196        om     45288     45289                  0.01254895        25
   98423       -0.00049099        om     44131     44132                 -0.02798619        57
   44131       -0.00048857    a_iajb     44131                           -0.02784871        57
   98422       -0.00048616        op     44131     44132                 -0.02771122        57
   99834       -0.00048418        op     45378     45379                 -0.01791458        37
   99835       -0.00048418        om     45378     45379                 -0.01791458        37

  ==> Add operator: op -1: 45288 45289
  ==> Current qubit order: 0  1  2  3  4  5  6  7  8  9  10  11  12  13  14  15  16  17  18  19  20  21  22  23  24  25  26  27  30  31  32  33  34  35  36  37  40  41  42  43  28  58  29  59  48  51  49  52  39  57  56  44  38  50  54  45  53  55  60  61  62  72  64  65  73  63  74  75  66  67  68  69  46  47  78  79  70  71  76  77  80  81  82  83  84  85  86  87  88  89  90  91  92  93  94  95  96  97  98  99  100  101  102  103  


  ==> Energy                -308.061004614
  ==> dE                       -2.58e-05
  ==> Gradient Norm             1.93e+00
  ==> Abs. Max. Deriv.          7.22e-02
  ==> Time-Grad. (s)              20.023
  ==> Time-Energy (s)              1.665
  ==> Time-Iter. (s)              21.688

--------------------------------------------------------------------------------
CEO-ADAPT-VQE iteration: 51
--------------------------------------------------------------------------------
    gate        derivative      name       op1       op2       op3        g_unscaled   penalty
    1951       -0.00151181      a_ia      1951                           -0.00302362         2
    1260       -0.00103957      a_ia      1260                           -0.00207914         2
    1952        0.00055385      a_ia      1952                            0.00332312         6
   98423       -0.00049099        om     44131     44132                 -0.02798621        57
   44131       -0.00048857    a_iajb     44131                           -0.02784873        57
   98422       -0.00048616        op     44131     44132                 -0.02771124        57
   99834       -0.00048446        op     45378     45379                 -0.01792517        37
   99835       -0.00048446        om     45378     45379                 -0.01792517        37
   99838       -0.00048396        op     45382     45383                 -0.01790637        37
   99839       -0.00048396        om     45382     45383                 -0.01790637        37

  ==> Add operator: mvp2 -1: 44131 44132
  ==> Current qubit order: 0  1  2  3  4  5  6  7  8  9  10  11  12  13  14  15  16  17  18  19  20  21  22  23  24  25  26  27  30  31  32  33  34  35  36  37  40  41  42  43  28  58  29  59  48  51  49  52  39  44  50  57  56  38  45  54  53  55  60  61  62  72  64  65  73  63  74  75  66  67  68  69  46  47  78  79  70  71  76  77  80  81  82  83  84  85  86  87  88  89  90  91  92  93  94  95  96  97  98  99  100  101  102  103  


  ==> Energy                -308.061411246
  ==> dE                       -4.07e-04
  ==> Gradient Norm             1.93e+00
  ==> Abs. Max. Deriv.          7.22e-02
  ==> Time-Grad. (s)              21.443
  ==> Time-Energy (s)             19.061
  ==> Time-Iter. (s)              40.505

--------------------------------------------------------------------------------
CEO-ADAPT-VQE iteration: 52
--------------------------------------------------------------------------------
    gate        derivative      name       op1       op2       op3        g_unscaled   penalty
    1260       -0.00103668      a_ia      1260                           -0.00207336         2
    1952        0.00078586      a_ia      1952                            0.00314343         4
   99214        0.00061675        op     44782     44783                  0.02775359        45
   44782        0.00061545    a_iajb     44782                            0.02769505        45
   99215        0.00061414        om     44782     44783                  0.02763650        45
   98727       -0.00050852        om     44399     44400                 -0.02898551        57
   44399       -0.00048947    a_iajb     44399                           -0.02789973        57
   99834       -0.00048622        op     45378     45379                 -0.01799025        37
   99835       -0.00048622        om     45378     45379                 -0.01799025        37
   99838       -0.00048583        op     45382     45383                 -0.01797563        37

  ==> Add operator: mvp2 -1: 44782 44783
  ==> Current qubit order: 0  1  2  3  4  5  6  7  8  9  10  11  12  13  14  15  16  17  18  19  20  21  22  23  24  25  26  27  30  31  32  33  34  35  36  37  40  41  42  43  28  58  29  59  48  51  49  52  39  50  44  57  56  45  38  54  53  55  60  61  62  72  64  65  73  63  74  75  66  67  68  69  46  47  78  79  70  71  76  77  80  81  82  83  84  85  86  87  88  89  90  91  92  93  94  95  96  97  98  99  100  101  102  103  


  ==> Energy                -308.061573738
  ==> dE                       -1.62e-04
  ==> Gradient Norm             1.92e+00
  ==> Abs. Max. Deriv.          7.22e-02
  ==> Time-Grad. (s)              22.305
  ==> Time-Energy (s)              3.631
  ==> Time-Iter. (s)              25.936

--------------------------------------------------------------------------------
CEO-ADAPT-VQE iteration: 53
--------------------------------------------------------------------------------
    gate        derivative      name       op1       op2       op3        g_unscaled   penalty
    1260       -0.00103557      a_ia      1260                           -0.00207114         2
    1603       -0.00083180      a_ia      1603                           -0.00166361         2
    1896       -0.00056081      a_ia      1896                           -0.00560813        10
   98727       -0.00052748        om     44399     44400                 -0.02901122        55
    1952        0.00050990      a_ia      1952                            0.00305940         6
   44399       -0.00050786    a_iajb     44399                           -0.02793224        55
   98726       -0.00048824        op     44399     44400                 -0.02685326        55
   99834       -0.00048622        op     45378     45379                 -0.01799015        37
   99835       -0.00048622        om     45378     45379                 -0.01799015        37
   99838       -0.00048583        op     45382     45383                 -0.01797553        37

  ==> Tried operator a_ia 1603: gain -1.23e-06 (threshold 1.6e-06), removed and excluded for this stage
  ==> Add operator: a_ia 1896
  ==> Current qubit order: 0  1  2  3  4  5  6  7  8  9  10  11  12  13  14  15  16  17  18  19  20  21  22  23  24  25  26  27  30  31  32  33  34  35  36  37  40  41  42  43  28  58  29  59  51  49  52  39  48  50  44  57  56  45  38  54  53  55  60  61  62  72  64  65  73  63  74  75  66  67  68  69  46  47  78  79  70  71  76  77  80  81  82  83  84  85  86  87  88  89  90  91  92  93  94  95  96  97  98  99  100  101  102  103  


  ==> Energy                -308.061998919
  ==> dE                       -4.25e-04
  ==> Gradient Norm             1.92e+00
  ==> Abs. Max. Deriv.          7.22e-02
  ==> Time-Grad. (s)              22.711
  ==> Time-Energy (s)              3.950
  ==> Time-Iter. (s)              26.661

--------------------------------------------------------------------------------
CEO-ADAPT-VQE iteration: 54
--------------------------------------------------------------------------------
    gate        derivative      name       op1       op2       op3        g_unscaled   penalty
    1260       -0.00101682      a_ia      1260                           -0.00203364         2
    1603       -0.00080344      a_ia      1603                           -0.00160688         2
    1952        0.00051515      a_ia      1952                            0.00309088         6
   98727       -0.00050777        om     44399     44400                 -0.02894316        57
   44399       -0.00048964    a_iajb     44399                           -0.02790957        57
   99834       -0.00048628        op     45378     45379                 -0.01799226        37
   99835       -0.00048628        om     45378     45379                 -0.01799226        37
   99838       -0.00048590        op     45382     45383                 -0.01797837        37
   99839       -0.00048590        om     45382     45383                 -0.01797837        37
   99655       -0.00047568        om     45198     45199                 -0.04233582        89

  ==> Add operator: mvp2 -1: 44399 44400
  ==> Current qubit order: 0  1  2  3  4  5  6  7  8  9  10  11  12  13  14  15  16  17  18  19  20  21  22  23  24  25  26  27  30  31  32  33  34  35  36  37  40  41  42  43  28  58  29  59  51  49  52  48  44  39  50  56  53  57  45  38  54  55  60  61  62  72  64  65  73  63  74  75  66  67  68  69  46  47  78  79  70  71  76  77  80  81  82  83  84  85  86  87  88  89  90  91  92  93  94  95  96  97  98  99  100  101  102  103  


  ==> Energy                -308.062359557
  ==> dE                       -3.61e-04
  ==> Gradient Norm             1.92e+00
  ==> Abs. Max. Deriv.          7.22e-02
  ==> Time-Grad. (s)              23.486
  ==> Time-Energy (s)              3.291
  ==> Time-Iter. (s)              26.777

--------------------------------------------------------------------------------
CEO-ADAPT-VQE iteration: 55
--------------------------------------------------------------------------------
    gate        derivative      name       op1       op2       op3        g_unscaled   penalty
    2028        0.00235561      a_ia      2028                            0.00471121         2
    1952        0.00176793      a_ia      1952                            0.00353586         2
    1260       -0.00100875      a_ia      1260                           -0.00201751         2
    1603       -0.00080390      a_ia      1603                           -0.00160781         2
   99834       -0.00048625        op     45378     45379                 -0.01799141        37
   99835       -0.00048625        om     45378     45379                 -0.01799141        37
   99838       -0.00048587        op     45382     45383                 -0.01797730        37
   99839       -0.00048587        om     45382     45383                 -0.01797730        37
   99655       -0.00047598        om     45198     45199                 -0.04236214        89
    1897       -0.00047575      a_ia      1897                           -0.00095150         2

  ==> Add operator: a_ia 2028
  ==> Current qubit order: 0  1  2  3  4  5  6  7  8  9  10  11  12  13  14  15  16  17  18  19  20  21  22  23  24  25  26  27  30  31  32  33  34  35  36  37  40  41  42  43  28  58  29  59  51  49  52  48  44  39  50  56  53  57  45  38  54  55  60  61  62  72  64  65  73  63  74  75  66  67  68  69  46  47  78  79  70  71  76  77  80  81  82  83  84  85  86  87  88  89  90  91  92  93  94  95  96  97  98  99  100  101  102  103  


  ==> Energy                -308.062585304
  ==> dE                       -2.26e-04
  ==> Gradient Norm             1.92e+00
  ==> Abs. Max. Deriv.          7.22e-02
  ==> Time-Grad. (s)              23.907
  ==> Time-Energy (s)              1.571
  ==> Time-Iter. (s)              25.477

--------------------------------------------------------------------------------
CEO-ADAPT-VQE iteration: 56
--------------------------------------------------------------------------------
    gate        derivative      name       op1       op2       op3        g_unscaled   penalty
    1952        0.00181827      a_ia      1952                            0.00363655         2
    1260       -0.00103462      a_ia      1260                           -0.00206924         2
    1603       -0.00078892      a_ia      1603                           -0.00157783         2
    1897       -0.00051390      a_ia      1897                           -0.00102781         2
   99834       -0.00048725        op     45378     45379                 -0.01802827        37
   99835       -0.00048725        om     45378     45379                 -0.01802827        37
   99838       -0.00048686        op     45382     45383                 -0.01801379        37
   99839       -0.00048686        om     45382     45383                 -0.01801379        37
   99655       -0.00047534        om     45198     45199                 -0.04230568        89
   45198       -0.00047060    a_iajb     45198                           -0.04188358        89

  ==> Tried operator a_ia 1897: gain -7.86e-07 (threshold 2.0e-06), removed and excluded for this stage
  ==> Add operator: op -1: 45378 45379
  ==> Current qubit order: 0  1  2  3  4  5  6  7  8  9  10  11  12  13  14  15  16  17  18  19  20  21  22  23  24  25  26  27  30  31  32  33  34  35  36  37  40  41  42  43  28  58  29  59  51  49  52  48  44  39  50  56  53  57  45  38  54  55  60  61  62  72  64  65  73  63  74  75  66  67  68  69  46  47  78  81  79  70  71  76  77  80  82  83  84  85  86  87  88  89  90  91  92  93  94  95  96  97  98  99  100  101  102  103  


  ==> Energy                -308.062625387
  ==> dE                       -4.01e-05
  ==> Gradient Norm             1.92e+00
  ==> Abs. Max. Deriv.          7.22e-02
  ==> Time-Grad. (s)              23.999
  ==> Time-Energy (s)              3.891
  ==> Time-Iter. (s)              27.890

--------------------------------------------------------------------------------
CEO-ADAPT-VQE iteration: 57
--------------------------------------------------------------------------------
    gate        derivative      name       op1       op2       op3        g_unscaled   penalty
    1952        0.00181703      a_ia      1952                            0.00363406         2
    1260       -0.00103478      a_ia      1260                           -0.00206956         2
    1603       -0.00078843      a_ia      1603                           -0.00157686         2
    1897       -0.00051413      a_ia      1897                           -0.00102827         2
   99842        0.00051105        op     45386     45387                  0.01993113        39
   99843        0.00051105        om     45386     45387                  0.01993113        39
   99655       -0.00047673        om     45198     45199                 -0.04242902        89
   45198       -0.00047197    a_iajb     45198                           -0.04200561        89
   99654       -0.00046722        op     45198     45199                 -0.04158220        89
   99640       -0.00044601        op     45184     45185                 -0.04237116        95

  ==> Add operator: op -1: 45386 45387
  ==> Current qubit order: 0  1  2  3  4  5  6  7  8  9  10  11  12  13  14  15  16  17  18  19  20  21  22  23  24  25  26  27  30  31  32  33  34  35  36  37  40  41  42  43  28  58  29  59  51  49  52  48  44  39  50  56  53  57  45  38  54  55  60  61  62  72  64  65  73  63  74  75  66  67  68  69  78  46  47  81  80  79  70  71  76  77  82  83  84  85  86  87  88  89  90  91  92  93  94  95  96  97  98  99  100  101  102  103  


  ==> Energy                -308.063180047
  ==> dE                       -5.55e-04
  ==> Gradient Norm             1.92e+00
  ==> Abs. Max. Deriv.          7.22e-02
  ==> Time-Grad. (s)              25.299
  ==> Time-Energy (s)             18.108
  ==> Time-Iter. (s)              43.407

--------------------------------------------------------------------------------
CEO-ADAPT-VQE iteration: 58
--------------------------------------------------------------------------------
    gate        derivative      name       op1       op2       op3        g_unscaled   penalty
    1952        0.00152970      a_ia      1952                            0.00305939         2
    1260       -0.00108967      a_ia      1260                           -0.00217934         2
    1603       -0.00069618      a_ia      1603                           -0.00139236         2
   99838       -0.00061338        op     45382     45383                 -0.01778793        29
   99839       -0.00061338        om     45382     45383                 -0.01778793        29
   99655       -0.00049985        om     45198     45199                 -0.04248712        85
   45198       -0.00049479    a_iajb     45198                           -0.04205687        85
   99654       -0.00048972        op     45198     45199                 -0.04162662        85
    1897       -0.00048369      a_ia      1897                           -0.00096738         2
   70573       -0.00043851        om     23211     23212                 -0.04779742       109

  ==> Add operator: op -1: 45382 45383
  ==> Current qubit order: 0  1  2  3  4  5  6  7  8  9  10  11  12  13  14  15  16  17  18  19  20  21  22  23  24  25  26  27  30  31  32  33  34  35  36  37  40  41  42  43  28  58  29  59  51  49  52  48  44  39  50  56  53  57  45  38  54  55  60  61  62  72  64  65  73  63  74  75  66  67  68  69  78  46  47  80  79  81  70  71  76  77  82  83  84  85  86  87  88  89  90  91  92  93  94  95  96  97  98  99  100  101  102  103  


  ==> Energy                -308.063219093
  ==> dE                       -3.90e-05
  ==> Gradient Norm             1.92e+00
  ==> Abs. Max. Deriv.          7.22e-02
  ==> Time-Grad. (s)              27.251
  ==> Time-Energy (s)              1.658
  ==> Time-Iter. (s)              28.909

--------------------------------------------------------------------------------
CEO-ADAPT-VQE iteration: 59
--------------------------------------------------------------------------------
    gate        derivative      name       op1       op2       op3        g_unscaled   penalty
    1952        0.00152835      a_ia      1952                            0.00305669         2
    1260       -0.00108988      a_ia      1260                           -0.00217976         2
    1603       -0.00069582      a_ia      1603                           -0.00139164         2
   99655       -0.00049993        om     45198     45199                 -0.04249441        85
   45198       -0.00049487    a_iajb     45198                           -0.04206371        85
   99654       -0.00048980        op     45198     45199                 -0.04163301        85
    1897       -0.00048384      a_ia      1897                           -0.00096767         2
   99640       -0.00046804        op     45184     45185                 -0.04259151        91
   45184       -0.00046229    a_iajb     45184                           -0.04206831        91
   99641       -0.00045654        om     45184     45185                 -0.04154511        91

  ==> Add operator: mvp2 -1: 45198 45199
  ==> Current qubit order: 0  1  2  3  4  5  6  7  8  9  10  11  12  13  14  15  16  17  18  19  20  21  22  23  24  25  26  27  30  31  32  33  34  35  36  37  40  41  42  43  28  58  29  59  51  49  52  48  44  39  50  56  53  57  45  38  54  60  61  62  72  64  65  73  63  74  75  55  78  46  47  66  67  68  69  80  79  81  70  71  76  77  82  83  84  85  86  87  88  89  90  91  92  93  94  95  96  97  98  99  100  101  102  103  


  ==> Energy                -308.063557251
  ==> dE                       -3.38e-04
  ==> Gradient Norm             1.92e+00
  ==> Abs. Max. Deriv.          7.22e-02
  ==> Time-Grad. (s)              28.616
  ==> Time-Energy (s)              5.154
  ==> Time-Iter. (s)              33.770

--------------------------------------------------------------------------------
CEO-ADAPT-VQE iteration: 60
--------------------------------------------------------------------------------
    gate        derivative      name       op1       op2       op3        g_unscaled   penalty
    2085        0.00163410      a_ia      2085                            0.00326821         2
    1952        0.00152473      a_ia      1952                            0.00304946         2
    1260       -0.00111081      a_ia      1260                           -0.00222161         2
    1603       -0.00069444      a_ia      1603                           -0.00138889         2
   99640       -0.00050266        op     45184     45185                 -0.04172075        83
   45184       -0.00049652    a_iajb     45184                           -0.04121157        83
   99641       -0.00049039        om     45184     45185                 -0.04070240        83
    1897       -0.00048228      a_ia      1897                           -0.00096455         2
    1853       -0.00047829      a_ia      1853                           -0.00382635         8
   99657        0.00045328        om     45200     45201                  0.02674345        59

  ==> Add operator: a_ia 2085
  ==> Current qubit order: 0  1  2  3  4  5  6  7  8  9  10  11  12  13  14  15  16  17  18  19  20  21  22  23  24  25  26  27  30  31  32  33  34  35  36  37  40  41  42  43  28  58  29  59  51  49  52  48  44  39  50  56  53  57  45  38  54  60  61  62  72  64  65  73  63  74  75  55  78  46  47  66  67  68  69  80  79  81  70  71  76  77  82  83  84  85  86  87  88  89  90  91  92  93  94  95  96  97  98  99  100  101  102  103  


  ==> Energy                -308.063672144
  ==> dE                       -1.15e-04
  ==> Gradient Norm             1.92e+00
  ==> Abs. Max. Deriv.          7.22e-02
  ==> Time-Grad. (s)              36.273
  ==> Time-Energy (s)              3.252
  ==> Time-Iter. (s)              39.525

--------------------------------------------------------------------------------
CEO-ADAPT-VQE iteration: 61
--------------------------------------------------------------------------------
    gate        derivative      name       op1       op2       op3        g_unscaled   penalty
    1952        0.00152069      a_ia      1952                            0.00304138         2
    1260       -0.00111609      a_ia      1260                           -0.00223218         2
    1603       -0.00068391      a_ia      1603                           -0.00136781         2
   99640       -0.00050269        op     45184     45185                 -0.04172364        83
   45184       -0.00049655    a_iajb     45184                           -0.04121340        83
   99641       -0.00049040        om     45184     45185                 -0.04070317        83
    1897       -0.00048161      a_ia      1897                           -0.00096322         2
    1853       -0.00047898      a_ia      1853                           -0.00383181         8
   99657        0.00045246        om     45200     45201                  0.02669486        59
   45200        0.00044312    a_iajb     45200                            0.02614409        59

  ==> Add operator: mvp2 -1: 45184 45185
  ==> Current qubit order: 0  1  2  3  4  5  6  7  8  9  10  11  12  13  14  15  16  17  18  19  20  21  22  23  24  25  26  27  30  31  32  33  34  35  36  37  40  41  42  43  28  58  29  59  51  49  52  48  44  39  50  56  53  57  45  38  60  61  62  72  64  65  73  63  74  75  55  78  54  46  47  79  66  67  68  69  80  81  70  71  76  77  82  83  84  85  86  87  88  89  90  91  92  93  94  95  96  97  98  99  100  101  102  103  


  ==> Energy                -308.064004223
  ==> dE                       -3.32e-04
  ==> Gradient Norm             1.91e+00
  ==> Abs. Max. Deriv.          7.22e-02
  ==> Time-Grad. (s)              37.375
  ==> Time-Energy (s)              7.094
  ==> Time-Iter. (s)              44.469

--------------------------------------------------------------------------------
CEO-ADAPT-VQE iteration: 62
--------------------------------------------------------------------------------
    gate        derivative      name       op1       op2       op3        g_unscaled   penalty
    2063        0.00226698      a_ia      2063                            0.00453395         2
    1952        0.00149172      a_ia      1952                            0.00298344         2
    1260       -0.00113543      a_ia      1260                           -0.00227085         2
    1843        0.00092641      a_ia      1843                            0.00185282         2
    1883       -0.00075277      a_ia      1883                           -0.00150553         2
    1897       -0.00048121      a_ia      1897                           -0.00096242         2
    2087        0.00043865      a_ia      2087                            0.00438646        10
   70573       -0.00043851        om     23211     23212                 -0.04779710       109
   23211       -0.00043847    a_iajb     23211                           -0.04779275       109
   70572       -0.00043843        op     23211     23212                 -0.04778841       109

  ==> Add operator: a_ia 2063
  ==> Current qubit order: 0  1  2  3  4  5  6  7  8  9  10  11  12  13  14  15  16  17  18  19  20  21  22  23  24  25  26  27  30  31  32  33  34  35  36  37  40  41  42  43  28  58  29  59  51  49  52  48  44  39  50  56  53  57  45  38  60  61  62  72  64  65  73  63  74  75  55  78  54  46  47  79  66  67  68  69  80  81  70  71  76  77  82  83  84  85  86  87  88  89  90  91  92  93  94  95  96  97  98  99  100  101  102  103  


  ==> Energy                -308.064215402
  ==> dE                       -2.11e-04
  ==> Gradient Norm             1.91e+00
  ==> Abs. Max. Deriv.          7.22e-02
  ==> Time-Grad. (s)              37.637
  ==> Time-Energy (s)              3.248
  ==> Time-Iter. (s)              40.885

--------------------------------------------------------------------------------
CEO-ADAPT-VQE iteration: 63
--------------------------------------------------------------------------------
    gate        derivative      name       op1       op2       op3        g_unscaled   penalty
    1952        0.00147221      a_ia      1952                            0.00294442         2
    1260       -0.00115858      a_ia      1260                           -0.00231717         2
    1843        0.00101585      a_ia      1843                            0.00203171         2
    1883       -0.00080972      a_ia      1883                           -0.00161945         2
    1897       -0.00049493      a_ia      1897                           -0.00098985         2
    2087        0.00047247      a_ia      2087                            0.00472465        10
   99642        0.00045238        op     45186     45187                  0.02759523        61
   45186        0.00044232    a_iajb     45186                            0.02698171        61
   70573       -0.00043850        om     23211     23212                 -0.04779667       109
   23211       -0.00043846    a_iajb     23211                           -0.04779243       109

  ==> Add operator: a_ia 1843
  ==> Current qubit order: 0  1  2  3  4  5  6  7  8  9  10  11  12  13  14  15  16  17  18  19  20  21  22  23  24  25  26  27  30  31  32  33  34  35  36  37  40  41  42  43  28  58  29  59  51  49  52  48  44  39  50  56  53  57  45  38  60  61  62  72  64  65  73  63  74  75  55  78  54  46  47  79  66  67  68  69  80  81  70  71  76  77  82  83  84  85  86  87  88  89  90  91  92  93  94  95  96  97  98  99  100  101  102  103  


  ==> Energy                -308.064361856
  ==> dE                       -1.46e-04
  ==> Gradient Norm             1.91e+00
  ==> Abs. Max. Deriv.          7.22e-02
  ==> Time-Grad. (s)              38.165
  ==> Time-Energy (s)             16.390
  ==> Time-Iter. (s)              54.556

--------------------------------------------------------------------------------
CEO-ADAPT-VQE iteration: 64
--------------------------------------------------------------------------------
    gate        derivative      name       op1       op2       op3        g_unscaled   penalty
    1855       -0.00130935      a_ia      1855                           -0.00523741         4
    1260       -0.00119410      a_ia      1260                           -0.00238820         2
    1883        0.00064185      a_ia      1883                            0.00128369         2
    1952        0.00060740      a_ia      1952                            0.00121479         2
    2087        0.00046476      a_ia      2087                            0.00464762        10
   99642        0.00046364        op     45186     45187                  0.02828208        61
   45186        0.00045346    a_iajb     45186                            0.02766080        61
   99643        0.00044327        om     45186     45187                  0.02703951        61
   70573       -0.00043865        om     23211     23212                 -0.04781317       109
   23211       -0.00043862    a_iajb     23211                           -0.04780924       109

  ==> Add operator: a_ia 1855
  ==> Current qubit order: 0  1  2  3  4  5  6  7  8  9  10  11  12  13  14  15  16  17  18  19  20  21  22  23  24  25  26  27  30  31  32  33  34  35  36  37  40  41  42  43  28  58  29  59  51  49  52  48  44  39  50  56  53  57  45  38  60  61  62  72  64  65  73  63  74  75  55  54  78  46  47  79  66  67  68  69  80  81  70  71  76  77  82  83  84  85  86  87  88  89  90  91  92  93  94  95  96  97  98  99  100  101  102  103  


  ==> Energy                -308.064368626
  ==> dE                       -6.77e-06
  ==> Gradient Norm             1.91e+00
  ==> Abs. Max. Deriv.          7.22e-02
  ==> Time-Grad. (s)              39.086
  ==> Time-Energy (s)              3.695
  ==> Time-Iter. (s)              42.781

--------------------------------------------------------------------------------
CEO-ADAPT-VQE iteration: 65
--------------------------------------------------------------------------------
    gate        derivative      name       op1       op2       op3        g_unscaled   penalty
    1260       -0.00116898      a_ia      1260                           -0.00233797         2
    1883        0.00074738      a_ia      1883                            0.00149476         2
    1952        0.00061167      a_ia      1952                            0.00122334         2
    2061        0.00058534      a_ia      2061                            0.00351206         6
    2087        0.00046506      a_ia      2087                            0.00465061        10
   99642        0.00044889        op     45186     45187                  0.02828012        63
   45186        0.00043902    a_iajb     45186                            0.02765817        63
   70573       -0.00043863        om     23211     23212                 -0.04781023       109
   23211       -0.00043859    a_iajb     23211                           -0.04780625       109
   70572       -0.00043855        op     23211     23212                 -0.04780227       109

  ==> Tried operator a_ia 1883: gain -5.52e-07 (threshold 1.9e-06), removed and excluded for this stage
  ==> Add operator: a_ia 2061
  ==> Current qubit order: 0  1  2  3  4  5  6  7  8  9  10  11  12  13  14  15  16  17  18  19  20  21  22  23  24  25  26  27  30  31  32  33  34  35  36  37  40  41  42  43  28  58  29  59  51  49  52  48  44  39  50  56  53  57  45  38  60  61  62  72  64  65  73  63  75  55  74  54  78  46  47  79  66  67  68  69  80  81  70  71  76  77  82  83  84  85  86  87  88  89  90  91  92  93  94  95  96  97  98  99  100  101  102  103  


  ==> Energy                -308.064500199
  ==> dE                       -1.32e-04
  ==> Gradient Norm             1.91e+00
  ==> Abs. Max. Deriv.          7.22e-02
  ==> Time-Grad. (s)              38.837
  ==> Time-Energy (s)              8.095
  ==> Time-Iter. (s)              46.931

--------------------------------------------------------------------------------
CEO-ADAPT-VQE iteration: 66
--------------------------------------------------------------------------------
    gate        derivative      name       op1       op2       op3        g_unscaled   penalty
    1260       -0.00117215      a_ia      1260                           -0.00234430         2
    1853       -0.00067576      a_ia      1853                           -0.00405456         6
    1883        0.00066390      a_ia      1883                            0.00132780         2
    1952        0.00058589      a_ia      1952                            0.00117178         2
    2084       -0.00052979      a_ia      2084                           -0.00317874         6
   99642        0.00044793        op     45186     45187                  0.02821931        63
   70573       -0.00043862        om     23211     23212                 -0.04780913       109
   23211       -0.00043858    a_iajb     23211                           -0.04780518       109
   70572       -0.00043854        op     23211     23212                 -0.04780123       109
   45186        0.00043808    a_iajb     45186                            0.02759884        63

  ==> Add operator: a_ia 2084
  ==> Current qubit order: 0  1  2  3  4  5  6  7  8  9  10  11  12  13  14  15  16  17  18  19  20  21  22  23  24  25  26  27  30  31  32  33  34  35  36  37  40  41  42  43  28  58  29  59  51  49  52  48  44  39  50  56  53  57  45  38  60  61  62  72  64  65  63  75  73  55  74  54  78  46  47  79  66  67  68  69  80  81  70  71  76  77  82  83  84  85  86  87  88  89  90  91  92  93  94  95  96  97  98  99  100  101  102  103  


  ==> Energy                -308.064608689
  ==> dE                       -1.08e-04
  ==> Gradient Norm             1.91e+00
  ==> Abs. Max. Deriv.          7.22e-02
  ==> Time-Grad. (s)              38.941
  ==> Time-Energy (s)              3.974
  ==> Time-Iter. (s)              42.915

--------------------------------------------------------------------------------
CEO-ADAPT-VQE iteration: 67
--------------------------------------------------------------------------------
    gate        derivative      name       op1       op2       op3        g_unscaled   penalty
    1260       -0.00117697      a_ia      1260                           -0.00235395         2
    1853       -0.00069043      a_ia      1853                           -0.00414258         6
    1952        0.00054748      a_ia      1952                            0.00109496         2
   99642        0.00044851        op     45186     45187                  0.02825593        63
   45186        0.00043865    a_iajb     45186                            0.02763491        63
   70573       -0.00043861        om     23211     23212                 -0.04780821       109
   23211       -0.00043857    a_iajb     23211                           -0.04780429       109
   70572       -0.00043854        op     23211     23212                 -0.04780037       109
   72988       -0.00042964        op     25132     25133                 -0.04769013       111
   25132       -0.00042964    a_iajb     25132                           -0.04769005       111

  ==> Add operator: mvp2 -1: 45186 45187
  ==> Current qubit order: 0  1  2  3  4  5  6  7  8  9  10  11  12  13  14  15  16  17  18  19  20  21  22  23  24  25  26  27  30  31  32  33  34  35  36  37  40  41  42  43  28  58  29  59  51  49  52  48  44  39  50  56  53  57  45  38  60  61  62  72  64  65  63  75  73  55  74  78  79  66  54  46  47  81  67  68  69  80  70  71  76  77  82  83  84  85  86  87  88  89  90  91  92  93  94  95  96  97  98  99  100  101  102  103  


  ==> Energy                -308.064779788
  ==> dE                       -1.71e-04
  ==> Gradient Norm             1.91e+00
  ==> Abs. Max. Deriv.          7.22e-02
  ==> Time-Grad. (s)              39.078
  ==> Time-Energy (s)              6.731
  ==> Time-Iter. (s)              45.809

--------------------------------------------------------------------------------
CEO-ADAPT-VQE iteration: 68
--------------------------------------------------------------------------------
    gate        derivative      name       op1       op2       op3        g_unscaled   penalty
    1260       -0.00119660      a_ia      1260                           -0.00239319         2
    2087        0.00078678      a_ia      2087                            0.00472066         6
    1952        0.00052973      a_ia      1952                            0.00105946         2
    1884        0.00049651      a_ia      1884                            0.00099301         2
   70573       -0.00043861        om     23211     23212                 -0.04780879       109
   23211       -0.00043858    a_iajb     23211                           -0.04780495       109
   70572       -0.00043854        op     23211     23212                 -0.04780111       109
   72988       -0.00042965        op     25132     25133                 -0.04769084       111
   25132       -0.00042965    a_iajb     25132                           -0.04769077       111
   72989       -0.00042965        om     25132     25133                 -0.04769069       111

  ==> Add operator: a_ia 2087
  ==> Current qubit order: 0  1  2  3  4  5  6  7  8  9  10  11  12  13  14  15  16  17  18  19  20  21  22  23  24  25  26  27  30  31  32  33  34  35  36  37  40  41  42  43  28  58  29  59  51  49  52  48  44  39  50  56  53  57  45  38  60  61  62  72  64  65  63  75  73  74  78  55  79  66  54  46  47  81  67  68  69  80  70  71  76  77  82  83  84  85  86  87  88  89  90  91  92  93  94  95  96  97  98  99  100  101  102  103  


  ==> Energy                -308.065003377
  ==> dE                       -2.24e-04
  ==> Gradient Norm             1.91e+00
  ==> Abs. Max. Deriv.          7.22e-02
  ==> Time-Grad. (s)              39.770
  ==> Time-Energy (s)              3.808
  ==> Time-Iter. (s)              43.578

--------------------------------------------------------------------------------
CEO-ADAPT-VQE iteration: 69
--------------------------------------------------------------------------------
    gate        derivative      name       op1       op2       op3        g_unscaled   penalty
    1260       -0.00121412      a_ia      1260                           -0.00242823         2
    1952        0.00056404      a_ia      1952                            0.00112808         2
   70573       -0.00043860        om     23211     23212                 -0.04780768       109
   23211       -0.00043857    a_iajb     23211                           -0.04780394       109
   70572       -0.00043853        op     23211     23212                 -0.04780020       109
    1884        0.00043412      a_ia      1884                            0.00086825         2
   99657        0.00043150        om     45200     45201                  0.02718442        63
   72988       -0.00042964        op     25132     25133                 -0.04768995       111
   25132       -0.00042964    a_iajb     25132                           -0.04768988       111
   72989       -0.00042964        om     25132     25133                 -0.04768981       111

  ==> Add operator: om -1: 23211 23212
  ==> Current qubit order: 0  1  2  3  4  5  6  7  8  9  10  11  12  13  14  15  17  18  19  20  21  22  23  24  25  26  27  30  31  32  33  34  35  36  37  16  58  29  59  40  41  42  43  28  51  49  52  48  44  39  50  56  53  57  45  38  60  61  62  72  64  65  63  75  73  74  78  55  79  66  54  46  47  81  67  68  69  80  70  71  76  77  82  83  84  85  86  87  88  89  90  91  92  93  94  95  96  97  98  99  100  101  102  103  


  ==> Energy                -308.065340841
  ==> dE                       -3.37e-04
  ==> Gradient Norm             1.91e+00
  ==> Abs. Max. Deriv.          7.22e-02
  ==> Time-Grad. (s)              40.647
  ==> Time-Energy (s)              3.671
  ==> Time-Iter. (s)              44.317

--------------------------------------------------------------------------------
CEO-ADAPT-VQE iteration: 70
--------------------------------------------------------------------------------
    gate        derivative      name       op1       op2       op3        g_unscaled   penalty
    1952        0.00056780      a_ia      1952                            0.00113560         2
   99657        0.00043151        om     45200     45201                  0.02718533        63
    1884        0.00042914      a_ia      1884                            0.00085828         2
   72988       -0.00042801        op     25132     25133                 -0.04579657       107
   25132       -0.00042800    a_iajb     25132                           -0.04579651       107
   72989       -0.00042800        om     25132     25133                 -0.04579645       107
    1897       -0.00042402      a_ia      1897                           -0.00084804         2
   45200        0.00042234    a_iajb     45200                            0.02660769        63
  100538        0.00042121        op     45962     45963                  0.02400871        57
   45962        0.00042115    a_iajb     45962                            0.02400568        57

  ==> Add operator: mvp2 -1: 45200 45201
  ==> Current qubit order: 0  1  2  3  4  5  6  7  8  9  10  11  12  13  14  15  17  18  19  20  21  22  23  24  25  26  27  30  31  32  33  34  35  36  37  16  58  29  59  40  41  42  43  28  51  49  52  48  44  39  50  56  53  57  45  38  60  61  62  72  64  65  63  75  73  74  78  79  66  54  55  46  47  80  81  67  68  69  70  71  76  77  82  83  84  85  86  87  88  89  90  91  92  93  94  95  96  97  98  99  100  101  102  103  


  ==> Energy                -308.065637294
  ==> dE                       -2.96e-04
  ==> Gradient Norm             1.91e+00
  ==> Abs. Max. Deriv.          7.22e-02
  ==> Time-Grad. (s)              38.302
  ==> Time-Energy (s)             20.150
  ==> Time-Iter. (s)              58.452

--------------------------------------------------------------------------------
CEO-ADAPT-VQE iteration: 71
--------------------------------------------------------------------------------
    gate        derivative      name       op1       op2       op3        g_unscaled   penalty
    1952        0.00067972      a_ia      1952                            0.00135944         2
    1897       -0.00043290      a_ia      1897                           -0.00086580         2
   72988       -0.00042894        op     25132     25133                 -0.04589659       107
   25132       -0.00042894    a_iajb     25132                           -0.04589652       107
   72989       -0.00042894        om     25132     25133                 -0.04589645       107
  100538        0.00042078        op     45962     45963                  0.02398434        57
   45962        0.00042076    a_iajb     45962                            0.02398315        57
  100539        0.00042074        om     45962     45963                  0.02398196        57
   98592       -0.00041747        op     44280     44281                 -0.01962086        47
   44280       -0.00041415    a_iajb     44280                           -0.01946520        47

  ==> Add operator: op -1: 25132 25133
  ==> Current qubit order: 0  1  2  3  4  5  6  7  8  9  10  11  12  13  14  15  18  19  20  21  22  23  24  25  26  27  30  31  32  33  34  17  58  59  28  35  36  37  16  29  40  41  42  43  51  49  52  48  44  39  50  56  53  57  45  38  60  61  62  72  64  65  63  75  73  74  78  79  66  54  55  46  47  80  81  67  68  69  70  71  76  77  82  83  84  85  86  87  88  89  90  91  92  93  94  95  96  97  98  99  100  101  102  103  


  ==> Energy                -308.065948373
  ==> dE                       -3.11e-04
  ==> Gradient Norm             1.90e+00
  ==> Abs. Max. Deriv.          7.21e-02
  ==> Time-Grad. (s)              38.535
  ==> Time-Energy (s)              4.209
  ==> Time-Iter. (s)              42.744

--------------------------------------------------------------------------------
CEO-ADAPT-VQE iteration: 72
--------------------------------------------------------------------------------
    gate        derivative      name       op1       op2       op3        g_unscaled   penalty
    1260       -0.00075857      a_ia      1260                           -0.00303429         4
    1952        0.00068380      a_ia      1952                            0.00136760         2
   69808        0.00065468        op     22582     22583                  0.04255400        65
   22582        0.00065468    a_iajb     22582                            0.04255399        65
   69809        0.00065468        om     22582     22583                  0.04255398        65
    1897       -0.00043393      a_ia      1897                           -0.00086786         2
  100538        0.00042078        op     45962     45963                  0.02398430        57
   45962        0.00042076    a_iajb     45962                            0.02398311        57
  100539        0.00042074        om     45962     45963                  0.02398192        57
   98592       -0.00041746        op     44280     44281                 -0.01962043        47

  ==> Add operator: op -1: 22582 22583
  ==> Current qubit order: 0  1  2  3  4  5  6  7  8  9  10  11  12  13  14  15  18  19  20  21  22  23  24  25  26  27  30  31  32  33  34  28  35  17  58  59  16  36  37  29  40  41  42  43  51  49  52  48  44  39  50  56  53  57  45  38  60  61  62  72  64  65  63  75  73  74  78  79  66  54  55  46  47  80  81  67  68  69  70  71  76  77  82  83  84  85  86  87  88  89  90  91  92  93  94  95  96  97  98  99  100  101  102  103  


  ==> Energy                -308.066177303
  ==> dE                       -2.29e-04
  ==> Gradient Norm             1.90e+00
  ==> Abs. Max. Deriv.          7.20e-02
  ==> Time-Grad. (s)              36.435
  ==> Time-Energy (s)              4.750
  ==> Time-Iter. (s)              41.185

--------------------------------------------------------------------------------
CEO-ADAPT-VQE iteration: 73
--------------------------------------------------------------------------------
    gate        derivative      name       op1       op2       op3        g_unscaled   penalty
    1952        0.00068735      a_ia      1952                            0.00137471         2
    1260       -0.00053585      a_ia      1260                           -0.00321511         6
    1897       -0.00043437      a_ia      1897                           -0.00086874         2
  100538        0.00042078        op     45962     45963                  0.02398429        57
   45962        0.00042076    a_iajb     45962                            0.02398309        57
  100539        0.00042074        om     45962     45963                  0.02398190        57
   98592       -0.00041745        op     44280     44281                 -0.01962015        47
   44280       -0.00041414    a_iajb     44280                           -0.01946451        47
   98593       -0.00041083        om     44280     44281                 -0.01930887        47
   98596       -0.00040596        op     44284     44285                 -0.01989189        49

  ==> Add operator: op -1: 45962 45963
  ==> Current qubit order: 0  1  2  3  4  5  6  7  8  9  10  11  12  13  14  15  18  19  20  21  22  23  24  25  26  27  30  31  32  33  34  28  35  17  58  59  16  36  37  29  40  41  42  43  51  44  39  49  52  48  53  50  56  57  45  38  60  61  62  72  64  65  63  75  73  74  78  79  66  54  55  46  47  80  81  67  68  69  70  71  76  77  82  83  84  85  86  87  88  89  90  91  92  93  94  95  96  97  98  99  100  101  102  103  


  ==> Energy                -308.066351395
  ==> dE                       -1.74e-04
  ==> Gradient Norm             1.90e+00
  ==> Abs. Max. Deriv.          7.20e-02
  ==> Time-Grad. (s)              35.226
  ==> Time-Energy (s)              4.184
  ==> Time-Iter. (s)              39.410

--------------------------------------------------------------------------------
CEO-ADAPT-VQE iteration: 74
--------------------------------------------------------------------------------
    gate        derivative      name       op1       op2       op3        g_unscaled   penalty
    1952        0.00069126      a_ia      1952                            0.00138253         2
    1260       -0.00053804      a_ia      1260                           -0.00322821         6
  100546        0.00051348        op     45970     45971                  0.02310676        45
   45970        0.00051017    a_iajb     45970                            0.02295752        45
  100547        0.00050685        om     45970     45971                  0.02280828        45
  100543        0.00042499        om     45966     45967                  0.02337462        55
   45966        0.00042207    a_iajb     45966                            0.02321405        55
  100542        0.00041915        op     45966     45967                  0.02305348        55
   98592       -0.00040860        op     44280     44281                 -0.01920431        47
   44280       -0.00040525    a_iajb     44280                           -0.01904656        47

  ==> Add operator: mvp2 -1: 45970 45971
  ==> Current qubit order: 0  1  2  3  4  5  6  7  8  9  10  11  12  13  14  15  18  19  20  21  22  23  24  25  26  27  30  31  32  33  34  28  35  17  58  59  16  36  37  29  40  41  42  43  51  44  39  52  49  48  53  56  50  57  45  38  60  61  62  72  64  65  63  75  73  74  78  79  66  54  55  46  47  80  81  67  68  69  70  71  76  77  82  83  84  85  86  87  88  89  90  91  92  93  94  95  96  97  98  99  100  101  102  103  


  ==> Energy                -308.066501008
  ==> dE                       -1.50e-04
  ==> Gradient Norm             1.90e+00
  ==> Abs. Max. Deriv.          7.20e-02
  ==> Time-Grad. (s)              35.125
  ==> Time-Energy (s)              7.827
  ==> Time-Iter. (s)              42.953

--------------------------------------------------------------------------------
CEO-ADAPT-VQE iteration: 75
--------------------------------------------------------------------------------
    gate        derivative      name       op1       op2       op3        g_unscaled   penalty
    1952        0.00089254      a_ia      1952                            0.00178507         2
    1260       -0.00053856      a_ia      1260                           -0.00323135         6
  100543        0.00047448        om     45966     45967                  0.02230039        47
   45966        0.00047253    a_iajb     45966                            0.02220877        47
  100542        0.00047058        op     45966     45967                  0.02211716        47
  100554        0.00044269        op     45978     45979                  0.02080620        47
   45978        0.00044080    a_iajb     45978                            0.02071769        47
  100555        0.00043892        om     45978     45979                  0.02062918        47
   98592       -0.00042748        op     44280     44281                 -0.01923651        45
   44280       -0.00042366    a_iajb     44280                           -0.01906488        45

  ==> Add operator: mvp2 -1: 45966 45967
  ==> Current qubit order: 0  1  2  3  4  5  6  7  8  9  10  11  12  13  14  15  18  19  20  21  22  23  24  25  26  27  30  31  32  33  34  28  35  17  58  59  16  36  37  29  40  41  42  43  51  44  39  52  49  48  57  53  56  50  45  38  60  61  62  72  64  65  63  75  73  74  78  79  66  54  55  46  47  80  81  67  68  69  70  71  76  77  82  83  84  85  86  87  88  89  90  91  92  93  94  95  96  97  98  99  100  101  102  103  


  ==> Energy                -308.066632218
  ==> dE                       -1.31e-04
  ==> Gradient Norm             1.90e+00
  ==> Abs. Max. Deriv.          7.20e-02
  ==> Time-Grad. (s)              35.122
  ==> Time-Energy (s)              7.152
  ==> Time-Iter. (s)              42.274

--------------------------------------------------------------------------------
CEO-ADAPT-VQE iteration: 76
--------------------------------------------------------------------------------
    gate        derivative      name       op1       op2       op3        g_unscaled   penalty
    1952        0.00088299      a_ia      1952                            0.00176597         2
    1260       -0.00053906      a_ia      1260                           -0.00323437         6
  100554        0.00051226        op     45978     45979                  0.02202700        43
   45978        0.00051104    a_iajb     45978                            0.02197453        43
  100555        0.00050982        om     45978     45979                  0.02192205        43
   98596       -0.00043388        op     44284     44285                 -0.01952457        45
   44284       -0.00042999    a_iajb     44284                           -0.01934975        45
   98597       -0.00042611        om     44284     44285                 -0.01917493        45
   98592       -0.00040945        op     44280     44281                 -0.01924419        47
   44280       -0.00040590    a_iajb     44280                           -0.01907718        47

  ==> Add operator: mvp2 -1: 45978 45979
  ==> Current qubit order: 0  1  2  3  4  5  6  7  8  9  10  11  12  13  14  15  18  19  20  21  22  23  24  25  26  27  30  31  32  33  34  28  35  17  58  59  16  36  37  29  40  41  42  43  51  44  39  52  49  48  57  56  53  50  45  38  60  61  62  72  64  65  63  75  73  74  78  79  66  54  55  46  47  80  81  67  68  69  70  71  76  77  82  83  84  85  86  87  88  89  90  91  92  93  94  95  96  97  98  99  100  101  102  103  


  ==> Energy                -308.066737572
  ==> dE                       -1.05e-04
  ==> Gradient Norm             1.90e+00
  ==> Abs. Max. Deriv.          7.20e-02
  ==> Time-Grad. (s)              35.179
  ==> Time-Energy (s)              7.013
  ==> Time-Iter. (s)              42.192

--------------------------------------------------------------------------------
CEO-ADAPT-VQE iteration: 77
--------------------------------------------------------------------------------
    gate        derivative      name       op1       op2       op3        g_unscaled   penalty
    1260       -0.00053861      a_ia      1260                           -0.00323165         6
    1952        0.00050910      a_ia      1952                            0.00203641         4
   98596       -0.00043446        op     44284     44285                 -0.01955071        45
   44284       -0.00043037    a_iajb     44284                           -0.01936662        45
   98597       -0.00042628        om     44284     44285                 -0.01918252        45
    1853       -0.00038828      a_ia      1853                           -0.00465935        12
  100385       -0.00036060        om     45859     45860                 -0.03281494        91
   45859       -0.00036011    a_iajb     45859                           -0.03277020        91
    1978        0.00036004      a_ia      1978                            0.00432052        12
  100384       -0.00035962        op     45859     45860                 -0.03272547        91

  ==> Add operator: mvp2 -1: 44284 44285
  ==> Current qubit order: 0  1  2  3  4  5  6  7  8  9  10  11  12  13  14  15  18  19  20  21  22  23  24  25  26  27  30  31  32  33  34  28  35  17  58  59  16  36  37  29  40  41  42  43  51  44  39  52  57  49  48  56  53  50  45  38  60  61  62  72  64  65  63  75  73  74  78  79  66  54  55  46  47  80  81  67  68  69  70  71  76  77  82  83  84  85  86  87  88  89  90  91  92  93  94  95  96  97  98  99  100  101  102  103  


  ==> Energy                -308.066840910
  ==> dE                       -1.03e-04
  ==> Gradient Norm             1.90e+00
  ==> Abs. Max. Deriv.          7.20e-02
  ==> Time-Grad. (s)              35.107
  ==> Time-Energy (s)             15.862
  ==> Time-Iter. (s)              50.970

--------------------------------------------------------------------------------
CEO-ADAPT-VQE iteration: 78
--------------------------------------------------------------------------------
    gate        derivative      name       op1       op2       op3        g_unscaled   penalty
    1260       -0.00055303      a_ia      1260                           -0.00331816         6
    1978        0.00055227      a_ia      1978                            0.00441814         8
    1952        0.00048135      a_ia      1952                            0.00192538         4
    1853       -0.00039017      a_ia      1853                           -0.00468204        12
  100385       -0.00036089        om     45859     45860                 -0.03284069        91
   45859       -0.00036040    a_iajb     45859                           -0.03279654        91
  100384       -0.00035992        op     45859     45860                 -0.03275238        91
   98592       -0.00035304        op     44280     44281                 -0.02012336        57
   44280       -0.00035247    a_iajb     44280                           -0.02009094        57
   98593       -0.00035190        om     44280     44281                 -0.02005852        57

  ==> Add operator: om -1: 45859 45860
  ==> Current qubit order: 0  1  2  3  4  5  6  7  8  9  10  11  12  13  14  15  18  19  20  21  22  23  24  25  26  27  30  31  32  33  34  28  35  17  58  59  16  36  37  29  40  41  42  43  51  44  39  52  57  49  48  56  53  45  38  60  61  62  72  64  65  63  75  50  73  78  47  74  79  66  54  55  46  80  81  67  68  69  70  71  76  77  82  83  84  85  86  87  88  89  90  91  92  93  94  95  96  97  98  99  100  101  102  103  


  ==> Energy                -308.066983676
  ==> dE                       -1.43e-04
  ==> Gradient Norm             1.90e+00
  ==> Abs. Max. Deriv.          7.20e-02
  ==> Time-Grad. (s)              35.491
  ==> Time-Energy (s)              4.107
  ==> Time-Iter. (s)              39.598

--------------------------------------------------------------------------------
CEO-ADAPT-VQE iteration: 79
--------------------------------------------------------------------------------
    gate        derivative      name       op1       op2       op3        g_unscaled   penalty
    1963       -0.00214367      a_ia      1963                           -0.00857467         4
    1978        0.00055337      a_ia      1978                            0.00442695         8
    1260       -0.00055303      a_ia      1260                           -0.00331818         6
    1853       -0.00046806      a_ia      1853                           -0.00468065        10
  100275        0.00044187        om     45749     45750                  0.02960534        67
  100377       -0.00043504        om     45851     45852                 -0.02566738        59
   45851       -0.00043274    a_iajb     45851                           -0.02553144        59
  100376       -0.00043043        op     45851     45852                 -0.02539551        59
   45749        0.00042562    a_iajb     45749                            0.02851644        67
  100274        0.00040937        op     45749     45750                  0.02742753        67

  ==> Add operator: a_ia 1963
  ==> Current qubit order: 0  1  2  3  4  5  6  7  8  9  10  11  12  13  14  15  18  19  20  21  22  23  24  25  26  27  30  31  32  33  34  28  35  17  58  59  16  36  37  29  40  41  42  43  51  44  39  52  57  49  48  56  53  45  38  60  61  62  72  64  65  63  75  73  50  78  47  74  79  66  54  55  46  80  81  67  68  69  70  71  76  77  82  83  84  85  86  87  88  89  90  91  92  93  94  95  96  97  98  99  100  101  102  103  


  ==> Energy                -308.067002655
  ==> dE                       -1.90e-05
  ==> Gradient Norm             1.90e+00
  ==> Abs. Max. Deriv.          7.20e-02
  ==> Time-Grad. (s)              35.328
  ==> Time-Energy (s)              4.430
  ==> Time-Iter. (s)              39.758

--------------------------------------------------------------------------------
CEO-ADAPT-VQE iteration: 80
--------------------------------------------------------------------------------
    gate        derivative      name       op1       op2       op3        g_unscaled   penalty
    1260       -0.00057145      a_ia      1260                           -0.00342868         6
    1978        0.00054264      a_ia      1978                            0.00434114         8
    1853       -0.00047210      a_ia      1853                           -0.00472104        10
  100275        0.00044567        om     45749     45750                  0.02985984        67
   45749        0.00042939    a_iajb     45749                            0.02876924        67
  100377       -0.00042387        om     45851     45852                 -0.02585579        61
   45851       -0.00042167    a_iajb     45851                           -0.02572195        61
  100376       -0.00041948        op     45851     45852                 -0.02558811        61
  100274        0.00041311        op     45749     45750                  0.02767865        67
    2064       -0.00040506      a_ia      2064                           -0.00243036         6

  ==> Add operator: mvp2 -1: 45749 45750
  ==> Current qubit order: 0  1  2  3  4  5  6  7  8  9  10  11  12  13  14  15  18  19  20  21  22  23  24  25  26  27  30  31  32  33  34  28  35  17  58  59  16  36  37  29  40  41  42  43  51  44  39  52  57  49  48  56  53  45  38  60  61  62  72  64  65  63  75  78  74  73  50  47  54  79  66  55  46  80  81  67  68  69  70  71  76  77  82  83  84  85  86  87  88  89  90  91  92  93  94  95  96  97  98  99  100  101  102  103  


  ==> Energy                -308.067209442
  ==> dE                       -2.07e-04
  ==> Gradient Norm             1.90e+00
  ==> Abs. Max. Deriv.          7.20e-02
  ==> Time-Grad. (s)              35.781
  ==> Time-Energy (s)              7.794
  ==> Time-Iter. (s)              43.574

--------------------------------------------------------------------------------
CEO-ADAPT-VQE iteration: 81
--------------------------------------------------------------------------------
    gate        derivative      name       op1       op2       op3        g_unscaled   penalty
    1961       -0.00061733      a_ia      1961                           -0.00246933         4
    1260       -0.00057900      a_ia      1260                           -0.00347402         6
    1978        0.00054470      a_ia      1978                            0.00435760         8
  100270        0.00045560        op     45745     45746                  0.02050181        45
   45745        0.00045501    a_iajb     45745                            0.02047563        45
  100271        0.00045443        om     45745     45746                  0.02044946        45
  100377       -0.00038957        om     45851     45852                 -0.02532215        65
   45851       -0.00038690    a_iajb     45851                           -0.02514851        65
    1883        0.00038656      a_ia      1883                            0.00154624         4
  100376       -0.00038423        op     45851     45852                 -0.02497487        65

  ==> Add operator: a_ia 1961
  ==> Current qubit order: 0  1  2  3  4  5  6  7  8  9  10  11  12  13  14  15  18  19  20  21  22  23  24  25  26  27  30  31  32  33  34  28  35  17  58  59  16  36  37  29  40  41  42  43  51  44  39  52  57  49  48  56  53  45  38  60  61  62  72  64  65  63  75  78  73  74  50  47  54  79  66  55  46  80  81  67  68  69  70  71  76  77  82  83  84  85  86  87  88  89  90  91  92  93  94  95  96  97  98  99  100  101  102  103  


  ==> Energy                -308.067211130
  ==> dE                       -1.69e-06
  ==> Gradient Norm             1.90e+00
  ==> Abs. Max. Deriv.          7.20e-02
  ==> Time-Grad. (s)              36.085
  ==> Time-Energy (s)              4.719
  ==> Time-Iter. (s)              40.805

--------------------------------------------------------------------------------
CEO-ADAPT-VQE iteration: 82
--------------------------------------------------------------------------------
    gate        derivative      name       op1       op2       op3        g_unscaled   penalty
    1260       -0.00057926      a_ia      1260                           -0.00347558         6
    1978        0.00054358      a_ia      1978                            0.00434866         8
  100270        0.00045626        op     45745     45746                  0.02053179        45
   45745        0.00045570    a_iajb     45745                            0.02050628        45
  100271        0.00045513        om     45745     45746                  0.02048077        45
    1883        0.00039466      a_ia      1883                            0.00157863         4
  100377       -0.00039002        om     45851     45852                 -0.02535144        65
   45851       -0.00038736    a_iajb     45851                           -0.02517835        65
  100376       -0.00038470        op     45851     45852                 -0.02500526        65
  100287        0.00037772        om     45761     45762                  0.02757336        73

  ==> Add operator: op -1: 45745 45746
  ==> Current qubit order: 0  1  2  3  4  5  6  7  8  9  10  11  12  13  14  15  18  19  20  21  22  23  24  25  26  27  30  31  32  33  34  28  35  17  58  59  16  36  37  29  40  41  42  43  51  44  39  52  57  49  48  56  53  45  38  60  61  62  72  64  65  63  75  78  73  74  50  47  54  55  79  66  46  80  81  67  68  69  70  71  76  77  82  83  84  85  86  87  88  89  90  91  92  93  94  95  96  97  98  99  100  101  102  103  


  ==> Energy                -308.067360862
  ==> dE                       -1.50e-04
  ==> Gradient Norm             1.90e+00
  ==> Abs. Max. Deriv.          7.20e-02
  ==> Time-Grad. (s)              36.352
  ==> Time-Energy (s)              3.715
  ==> Time-Iter. (s)              40.067

--------------------------------------------------------------------------------
CEO-ADAPT-VQE iteration: 83
--------------------------------------------------------------------------------
    gate        derivative      name       op1       op2       op3        g_unscaled   penalty
    1260       -0.00057934      a_ia      1260                           -0.00347603         6
    1978        0.00055563      a_ia      1978                            0.00444502         8
  100287        0.00037906        om     45761     45762                  0.02767161        73
  100377       -0.00037282        om     45851     45852                 -0.02497877        67
   45761        0.00037146    a_iajb     45761                            0.02711646        73
   45851       -0.00037030    a_iajb     45851                           -0.02481037        67
  100376       -0.00036779        op     45851     45852                 -0.02464197        67
  100286        0.00036385        op     45761     45762                  0.02656131        73
   98592       -0.00035338        op     44280     44281                 -0.02014249        57
   44280       -0.00035284    a_iajb     44280                           -0.02011210        57

  ==> Add operator: mvp2 -1: 45761 45762
  ==> Current qubit order: 0  1  2  3  4  5  6  7  8  9  10  11  12  13  14  15  18  19  20  21  22  23  24  25  26  27  30  31  32  33  34  28  35  17  58  59  16  36  37  29  40  41  42  43  51  44  39  52  57  49  48  56  53  45  38  60  61  62  64  65  63  75  78  72  50  47  55  73  74  54  79  66  46  80  81  67  68  69  70  71  76  77  82  83  84  85  86  87  88  89  90  91  92  93  94  95  96  97  98  99  100  101  102  103  


  ==> Energy                -308.067525024
  ==> dE                       -1.64e-04
  ==> Gradient Norm             1.90e+00
  ==> Abs. Max. Deriv.          7.20e-02
  ==> Time-Grad. (s)              36.397
  ==> Time-Energy (s)              8.325
  ==> Time-Iter. (s)              44.722

--------------------------------------------------------------------------------
CEO-ADAPT-VQE iteration: 84
--------------------------------------------------------------------------------
    gate        derivative      name       op1       op2       op3        g_unscaled   penalty
    1853       -0.00059299      a_ia      1853                           -0.00474389         8
    1260       -0.00057935      a_ia      1260                           -0.00347609         6
    1978        0.00055127      a_ia      1978                            0.00441018         8
   99648        0.00048056        op     45192     45193                  0.02546962        53
   45192        0.00046860    a_iajb     45192                            0.02483587        53
    1963       -0.00046784      a_ia      1963                           -0.00187135         4
   99649        0.00045664        om     45192     45193                  0.02420213        53
  100377       -0.00044000        om     45851     45852                 -0.02507976        57
   45851       -0.00043904    a_iajb     45851                           -0.02502550        57
  100376       -0.00043809        op     45851     45852                 -0.02497124        57

  ==> Add operator: mvp2 -1: 45192 45193
  ==> Current qubit order: 0  1  2  3  4  5  6  7  8  9  10  11  12  13  14  15  18  19  20  21  22  23  24  25  26  27  30  31  32  33  34  28  35  17  58  59  16  36  37  29  40  41  42  43  51  44  39  52  57  49  48  56  53  45  38  60  61  62  64  65  63  75  78  50  72  47  55  46  73  74  54  79  66  80  81  67  68  69  70  71  76  77  82  83  84  85  86  87  88  89  90  91  92  93  94  95  96  97  98  99  100  101  102  103  


  ==> Energy                -308.067665063
  ==> dE                       -1.40e-04
  ==> Gradient Norm             1.90e+00
  ==> Abs. Max. Deriv.          7.20e-02
  ==> Time-Grad. (s)              36.439
  ==> Time-Energy (s)              8.380
  ==> Time-Iter. (s)              44.819

--------------------------------------------------------------------------------
CEO-ADAPT-VQE iteration: 85
--------------------------------------------------------------------------------
    gate        derivative      name       op1       op2       op3        g_unscaled   penalty
    1853       -0.00131894      a_ia      1853                           -0.00527576         4
    1963       -0.00088453      a_ia      1963                           -0.00176906         2
    1260       -0.00058101      a_ia      1260                           -0.00348605         6
    1978        0.00054791      a_ia      1978                            0.00438324         8
    1871        0.00047641      a_ia      1871                            0.00095281         2
    2064       -0.00045282      a_ia      2064                           -0.00271695         6
  100376       -0.00043012        op     45851     45852                 -0.02537708        59
   45851       -0.00042868    a_iajb     45851                           -0.02529193        59
  100377       -0.00042723        om     45851     45852                 -0.02520678        59
   99757       -0.00035384        om     45300     45301                 -0.01663047        47

  ==> Add operator: a_ia 1871
  ==> Current qubit order: 0  1  2  3  4  5  6  7  8  9  10  11  12  13  14  15  18  19  20  21  22  23  24  25  26  27  30  31  32  33  34  28  35  17  58  59  16  36  37  29  40  41  42  43  51  44  39  52  57  49  48  56  53  45  38  60  61  62  64  65  63  75  78  50  72  47  55  46  73  74  54  79  66  80  81  67  68  69  70  71  76  77  82  83  84  85  86  87  88  89  90  91  92  93  94  95  96  97  98  99  100  101  102  103  


  ==> Energy                -308.067795311
  ==> dE                       -1.30e-04
  ==> Gradient Norm             1.90e+00
  ==> Abs. Max. Deriv.          7.20e-02
  ==> Time-Grad. (s)              36.653
  ==> Time-Energy (s)             24.747
  ==> Time-Iter. (s)              61.400

--------------------------------------------------------------------------------
CEO-ADAPT-VQE iteration: 86
--------------------------------------------------------------------------------
    gate        derivative      name       op1       op2       op3        g_unscaled   penalty
    1853       -0.00135389      a_ia      1853                           -0.00541557         4
    1260       -0.00058194      a_ia      1260                           -0.00349162         6
    1978        0.00052451      a_ia      1978                            0.00419605         8
    1960       -0.00049490      a_ia      1960                           -0.00098979         2
  100377       -0.00043362        om     45851     45852                 -0.02558359        59
   45851       -0.00043304    a_iajb     45851                           -0.02554923        59
  100376       -0.00043246        op     45851     45852                 -0.02551488        59
    2064       -0.00042934      a_ia      2064                           -0.00257602         6
   99757       -0.00035415        om     45300     45301                 -0.01664491        47
   45300       -0.00035414    a_iajb     45300                           -0.01664457        47

  ==> Tried operator a_ia 1960: gain -2.77e-07 (threshold 1.5e-06), removed and excluded for this stage
  ==> Add operator: om -1: 45851 45852
  ==> Current qubit order: 0  1  2  3  4  5  6  7  8  9  10  11  12  13  14  15  18  19  20  21  22  23  24  25  26  27  30  31  32  33  34  28  35  17  58  59  16  36  37  29  40  41  42  43  51  44  39  52  57  49  48  56  53  45  38  60  61  62  64  65  63  75  78  55  46  50  72  47  79  73  74  54  66  80  81  67  68  69  70  71  76  77  82  83  84  85  86  87  88  89  90  91  92  93  94  95  96  97  98  99  100  101  102  103  


  ==> Energy                -308.067882717
  ==> dE                       -8.74e-05
  ==> Gradient Norm             1.90e+00
  ==> Abs. Max. Deriv.          7.20e-02
  ==> Time-Grad. (s)              36.770
  ==> Time-Energy (s)              9.557
  ==> Time-Iter. (s)              46.327

--------------------------------------------------------------------------------
CEO-ADAPT-VQE iteration: 87
--------------------------------------------------------------------------------
    gate        derivative      name       op1       op2       op3        g_unscaled   penalty
    2064       -0.00064206      a_ia      2064                           -0.00256826         4
    1260       -0.00058243      a_ia      1260                           -0.00349460         6
    1978        0.00052463      a_ia      1978                            0.00419707         8
    1960       -0.00046422      a_ia      1960                           -0.00092845         2
    1853       -0.00045088      a_ia      1853                           -0.00541060        12
   99759       -0.00039685        om     45302     45303                 -0.01706465        43
   45302       -0.00039630    a_iajb     45302                           -0.01704086        43
   99758       -0.00039575        op     45302     45303                 -0.01701707        43
   85242        0.00034543        op     34578     34579                  0.03834255       111
   85243        0.00034543        om     34578     34579                  0.03834255       111

  ==> Add operator: a_ia 2064
  ==> Current qubit order: 0  1  2  3  4  5  6  7  8  9  10  11  12  13  14  15  18  19  20  21  22  23  24  25  26  27  30  31  32  33  34  28  35  17  58  59  16  36  37  29  40  41  42  43  51  44  39  52  57  49  48  56  53  45  38  60  61  62  64  65  63  75  78  55  46  50  72  47  79  73  74  66  54  80  81  67  68  69  70  71  76  77  82  83  84  85  86  87  88  89  90  91  92  93  94  95  96  97  98  99  100  101  102  103  


  ==> Energy                -308.067947785
  ==> dE                       -6.51e-05
  ==> Gradient Norm             1.90e+00
  ==> Abs. Max. Deriv.          7.20e-02
  ==> Time-Grad. (s)              36.874
  ==> Time-Energy (s)              4.400
  ==> Time-Iter. (s)              41.275

--------------------------------------------------------------------------------
CEO-ADAPT-VQE iteration: 88
--------------------------------------------------------------------------------
    gate        derivative      name       op1       op2       op3        g_unscaled   penalty
    1260       -0.00058539      a_ia      1260                           -0.00351236         6
    1978        0.00052396      a_ia      1978                            0.00419165         8
    1960       -0.00052228      a_ia      1960                           -0.00104456         2
    1853       -0.00047234      a_ia      1853                           -0.00566808        12
   99759       -0.00039773        om     45302     45303                 -0.01710228        43
   45302       -0.00039720    a_iajb     45302                           -0.01707949        43
   99758       -0.00039667        op     45302     45303                 -0.01705671        43
   85242        0.00034543        op     34578     34579                  0.03834255       111
   85243        0.00034543        om     34578     34579                  0.03834255       111
   98592       -0.00032691        op     44280     44281                 -0.01863365        57

  ==> Add operator: om -1: 45302 45303
  ==> Current qubit order: 0  1  2  3  4  5  6  7  8  9  10  11  12  13  14  15  18  19  20  21  22  23  24  25  26  27  30  31  32  33  34  28  35  17  58  59  16  36  37  29  40  41  42  43  51  44  39  52  57  49  48  56  53  45  38  60  61  62  64  65  63  75  78  55  50  46  72  47  79  73  74  66  54  80  81  67  68  69  70  71  76  77  82  83  84  85  86  87  88  89  90  91  92  93  94  95  96  97  98  99  100  101  102  103  


  ==> Energy                -308.067985324
  ==> dE                       -3.75e-05
  ==> Gradient Norm             1.90e+00
  ==> Abs. Max. Deriv.          7.20e-02
  ==> Time-Grad. (s)              37.137
  ==> Time-Energy (s)              5.147
  ==> Time-Iter. (s)              42.284

--------------------------------------------------------------------------------
CEO-ADAPT-VQE iteration: 89
--------------------------------------------------------------------------------
    gate        derivative      name       op1       op2       op3        g_unscaled   penalty
    1260       -0.00058451      a_ia      1260                           -0.00350704         6
    1853       -0.00057673      a_ia      1853                           -0.00576726        10
    1978        0.00052453      a_ia      1978                            0.00419625         8
   85242        0.00034543        op     34578     34579                  0.03834265       111
   85243        0.00034543        om     34578     34579                  0.03834265       111
   98592       -0.00032690        op     44280     44281                 -0.01863307        57
   44280       -0.00032582    a_iajb     44280                           -0.01857172        57
   98593       -0.00032474        om     44280     44281                 -0.01851038        57
  100144       -0.00032268        op     45628     45629                 -0.03194509        99
   45628       -0.00032193    a_iajb     45628                           -0.03187111        99

  ==> Add operator: op -1: 34578 34579
  ==> Current qubit order: 0  1  2  3  4  5  6  7  8  9  10  11  12  13  14  15  18  19  20  21  22  23  24  25  26  27  30  31  32  33  34  35  17  58  59  16  36  37  40  41  42  43  51  44  39  52  28  29  64  65  57  49  48  56  53  45  38  60  61  62  63  75  78  55  50  46  72  47  79  73  74  66  54  80  81  67  68  69  70  71  76  77  82  83  84  85  86  87  88  89  90  91  92  93  94  95  96  97  98  99  100  101  102  103  


  ==> Energy                -308.068206585
  ==> dE                       -2.21e-04
  ==> Gradient Norm             1.90e+00
  ==> Abs. Max. Deriv.          7.20e-02
  ==> Time-Grad. (s)              37.216
  ==> Time-Energy (s)              4.335
  ==> Time-Iter. (s)              41.551

--------------------------------------------------------------------------------
CEO-ADAPT-VQE iteration: 90
--------------------------------------------------------------------------------
    gate        derivative      name       op1       op2       op3        g_unscaled   penalty
    1853       -0.00057680      a_ia      1853                           -0.00576800        10
   85162        0.00050912        op     34498     34499                  0.03105658        61
   85163        0.00050912        om     34498     34499                  0.03105658        61
    1300       -0.00050733      a_ia      1300                           -0.00202932         4
    1263       -0.00048807      a_ia      1263                           -0.00195230         4
   69882        0.00045128        op     22656     22657                  0.03474863        77
   69883        0.00045128        om     22656     22657                  0.03474863        77
   34498        0.00040333    a_iajb     34498                            0.03105658        77
   85369        0.00038174        om     34704     34705                  0.04160972       109
   34704        0.00038174    a_iajb     34704                            0.04160971       109

  ==> Add operator: op -1: 34498 34499
  ==> Current qubit order: 0  1  2  3  4  5  6  7  8  9  10  11  12  13  14  15  18  19  20  21  22  23  24  25  26  27  30  31  32  33  34  35  17  58  59  16  36  37  40  41  42  43  51  44  39  52  64  65  57  49  28  29  60  61  48  56  53  45  38  62  63  75  78  55  50  46  72  47  79  73  74  66  54  80  81  67  68  69  70  71  76  77  82  83  84  85  86  87  88  89  90  91  92  93  94  95  96  97  98  99  100  101  102  103  


  ==> Energy                -308.068358068
  ==> dE                       -1.51e-04
  ==> Gradient Norm             1.89e+00
  ==> Abs. Max. Deriv.          7.16e-02
  ==> Time-Grad. (s)              35.068
  ==> Time-Energy (s)              4.555
  ==> Time-Iter. (s)              39.623

--------------------------------------------------------------------------------
CEO-ADAPT-VQE iteration: 91
--------------------------------------------------------------------------------
    gate        derivative      name       op1       op2       op3        g_unscaled   penalty
    1853       -0.00057694      a_ia      1853                           -0.00576944        10
   69882        0.00050365        op     22656     22657                  0.03475189        69
   69883        0.00050365        om     22656     22657                  0.03475189        69
   85216        0.00045432        op     34552     34553                  0.02407895        53
   85217        0.00045432        om     34552     34553                  0.02407895        53
   85369        0.00044334        om     34704     34705                  0.04123039        93
   34704        0.00044334    a_iajb     34704                            0.04123039        93
   85368        0.00044334        op     34704     34705                  0.04123038        93
   22656        0.00040885    a_iajb     22656                            0.03475189        85
   85520        0.00040394        op     34856     34857                  0.07149729       177

  ==> Add operator: op -1: 22656 22657
  ==> Current qubit order: 0  1  2  3  4  5  6  7  8  9  10  11  12  13  14  15  18  19  20  21  22  23  24  25  26  27  30  31  32  33  34  35  58  59  36  37  40  41  17  16  64  65  42  43  51  44  39  52  57  49  28  29  60  61  48  56  53  45  38  62  63  75  78  55  50  46  72  47  79  73  74  66  54  80  81  67  68  69  70  71  76  77  82  83  84  85  86  87  88  89  90  91  92  93  94  95  96  97  98  99  100  101  102  103  


  ==> Energy                -308.068503554
  ==> dE                       -1.45e-04
  ==> Gradient Norm             1.89e+00
  ==> Abs. Max. Deriv.          7.15e-02
  ==> Time-Grad. (s)              33.285
  ==> Time-Energy (s)              4.268
  ==> Time-Iter. (s)              37.553

--------------------------------------------------------------------------------
CEO-ADAPT-VQE iteration: 92
--------------------------------------------------------------------------------
    gate        derivative      name       op1       op2       op3        g_unscaled   penalty
     783        0.00222580      a_ia       783                            0.00445159         2
     826        0.00079922      a_ia       826                            0.00479529         6
    1853       -0.00057688      a_ia      1853                           -0.00576879        10
    1978        0.00052446      a_ia      1978                            0.00419571         8
   85216        0.00045437        op     34552     34553                  0.02408155        53
   85217        0.00045437        om     34552     34553                  0.02408155        53
   85369        0.00044337        om     34704     34705                  0.04123302        93
   34704        0.00044337    a_iajb     34704                            0.04123302        93
   85368        0.00044337        op     34704     34705                  0.04123301        93
   90734        0.00040957        op     38624     38625                  0.02989850        73

  ==> Add operator: a_ia 783
  ==> Current qubit order: 0  1  2  3  4  5  6  7  8  9  10  11  12  13  14  15  18  19  20  21  22  23  24  25  26  27  30  31  32  33  34  35  58  59  36  37  40  41  17  16  64  65  42  43  51  44  39  52  57  49  28  29  60  61  48  56  53  45  38  62  63  75  78  55  50  46  72  47  79  73  74  66  54  80  81  67  68  69  70  71  76  77  82  83  84  85  86  87  88  89  90  91  92  93  94  95  96  97  98  99  100  101  102  103  


  ==> Energy                -308.068508450
  ==> dE                       -4.90e-06
  ==> Gradient Norm             1.89e+00
  ==> Abs. Max. Deriv.          7.15e-02
  ==> Time-Grad. (s)              31.634
  ==> Time-Energy (s)              4.643
  ==> Time-Iter. (s)              36.277

--------------------------------------------------------------------------------
CEO-ADAPT-VQE iteration: 93
--------------------------------------------------------------------------------
    gate        derivative      name       op1       op2       op3        g_unscaled   penalty
     826        0.00077330      a_ia       826                            0.00463978         6
    1853       -0.00057558      a_ia      1853                           -0.00575582        10
    1978        0.00051824      a_ia      1978                            0.00414593         8
   85216        0.00045437        op     34552     34553                  0.02408140        53
   85217        0.00045437        om     34552     34553                  0.02408140        53
   85369        0.00044337        om     34704     34705                  0.04123326        93
   34704        0.00044337    a_iajb     34704                            0.04123325        93
   85368        0.00044337        op     34704     34705                  0.04123324        93
   90734        0.00041037        op     38624     38625                  0.02995703        73
   90735        0.00041037        om     38624     38625                  0.02995703        73

  ==> Add operator: a_ia 826
  ==> Current qubit order: 0  1  2  3  4  5  6  7  8  9  10  11  12  13  14  15  18  19  20  21  22  23  24  25  26  27  30  31  32  33  34  35  58  59  36  37  40  41  16  64  17  65  42  43  51  44  39  52  57  49  28  29  60  61  48  56  53  45  38  62  63  75  78  55  50  46  72  47  79  73  74  66  54  80  81  67  68  69  70  71  76  77  82  83  84  85  86  87  88  89  90  91  92  93  94  95  96  97  98  99  100  101  102  103  


  ==> Energy                -308.068513769
  ==> dE                       -5.32e-06
  ==> Gradient Norm             1.89e+00
  ==> Abs. Max. Deriv.          7.15e-02
  ==> Time-Grad. (s)              31.965
  ==> Time-Energy (s)              4.543
  ==> Time-Iter. (s)              36.507

--------------------------------------------------------------------------------
CEO-ADAPT-VQE iteration: 94
--------------------------------------------------------------------------------
    gate        derivative      name       op1       op2       op3        g_unscaled   penalty
    1853       -0.00057324      a_ia      1853                           -0.00573237        10
    1978        0.00051312      a_ia      1978                            0.00410492         8
   85216        0.00045436        op     34552     34553                  0.02408124        53
   85217        0.00045436        om     34552     34553                  0.02408124        53
   85369        0.00044337        om     34704     34705                  0.04123350        93
   34704        0.00044337    a_iajb     34704                            0.04123349        93
   85368        0.00044337        op     34704     34705                  0.04123348        93
   94448        0.00042412        op     41336     41337                  0.02671986        63
   94449        0.00042412        om     41336     41337                  0.02671986        63
   90734        0.00042280        op     38624     38625                  0.03001860        71

  ==> Add operator: op -1: 34552 34553
  ==> Current qubit order: 0  1  2  3  4  5  6  7  8  9  10  11  12  13  14  15  18  19  20  21  22  23  24  25  26  27  30  31  32  33  34  35  58  59  36  37  40  41  16  64  17  65  42  43  51  44  39  52  57  49  60  61  48  28  29  62  63  56  53  45  38  75  78  55  50  46  72  47  79  73  74  66  54  80  81  67  68  69  70  71  76  77  82  83  84  85  86  87  88  89  90  91  92  93  94  95  96  97  98  99  100  101  102  103  


  ==> Energy                -308.068622955
  ==> dE                       -1.09e-04
  ==> Gradient Norm             1.89e+00
  ==> Abs. Max. Deriv.          7.15e-02
  ==> Time-Grad. (s)              31.980
  ==> Time-Energy (s)             17.995
  ==> Time-Iter. (s)              49.975

--------------------------------------------------------------------------------
CEO-ADAPT-VQE iteration: 95
--------------------------------------------------------------------------------
    gate        derivative      name       op1       op2       op3        g_unscaled   penalty
    1299       -0.00072746      a_ia      1299                           -0.00290985         4
    1262       -0.00072168      a_ia      1262                           -0.00288672         4
    1853       -0.00055882      a_ia      1853                           -0.00558823        10
    1615       -0.00054357      a_ia      1615                           -0.00217428         4
    1978        0.00051643      a_ia      1978                            0.00413140         8
   85369        0.00050684        om     34704     34705                  0.04105378        81
   34704        0.00050684    a_iajb     34704                            0.04105378        81
   85368        0.00050684        op     34704     34705                  0.04105377        81
   69838        0.00043522        op     22612     22613                  0.02741905        63
   69839        0.00043522        om     22612     22613                  0.02741905        63

  ==> Add operator: a_ia 1299
  ==> Current qubit order: 0  1  2  3  4  5  6  7  8  9  10  11  12  13  14  15  18  19  20  21  22  23  24  25  26  27  30  31  32  33  34  35  58  59  36  37  40  41  16  64  17  65  42  43  51  44  39  52  57  49  60  61  48  28  62  29  63  56  53  45  38  75  78  55  50  46  72  47  79  73  74  66  54  80  81  67  68  69  70  71  76  77  82  83  84  85  86  87  88  89  90  91  92  93  94  95  96  97  98  99  100  101  102  103  


  ==> Energy                -308.068625621
  ==> dE                       -2.67e-06
  ==> Gradient Norm             1.89e+00
  ==> Abs. Max. Deriv.          7.14e-02
  ==> Time-Grad. (s)              30.586
  ==> Time-Energy (s)              4.691
  ==> Time-Iter. (s)              35.277

--------------------------------------------------------------------------------
CEO-ADAPT-VQE iteration: 96
--------------------------------------------------------------------------------
    gate        derivative      name       op1       op2       op3        g_unscaled   penalty
    1262       -0.00139927      a_ia      1262                           -0.00279854         2
    1853       -0.00056050      a_ia      1853                           -0.00560499        10
    1615       -0.00054447      a_ia      1615                           -0.00217788         4
   85369        0.00051965        om     34704     34705                  0.04105227        79
   34704        0.00051965    a_iajb     34704                            0.04105225        79
   85368        0.00051965        op     34704     34705                  0.04105224        79
    1978        0.00051165      a_ia      1978                            0.00409324         8
   85520        0.00043803        op     34856     34857                  0.07139838       163
   85521        0.00043803        om     34856     34857                  0.07139838       163
   69838        0.00043522        op     22612     22613                  0.02741897        63

  ==> Add operator: a_ia 1262
  ==> Current qubit order: 0  1  2  3  4  5  6  7  8  9  10  11  12  13  14  15  18  19  20  21  22  23  24  25  26  27  30  31  32  33  34  35  58  59  36  37  40  41  16  64  17  65  42  43  51  44  39  52  57  49  60  61  48  28  62  29  63  56  53  45  38  75  78  55  50  46  72  47  79  73  74  66  54  80  81  67  68  69  70  71  76  77  82  83  84  85  86  87  88  89  90  91  92  93  94  95  96  97  98  99  100  101  102  103  


  ==> Energy                -308.068628096
  ==> dE                       -2.48e-06
  ==> Gradient Norm             1.89e+00
  ==> Abs. Max. Deriv.          7.14e-02
  ==> Time-Grad. (s)              30.865
  ==> Time-Energy (s)              4.823
  ==> Time-Iter. (s)              35.688

--------------------------------------------------------------------------------
CEO-ADAPT-VQE iteration: 97
--------------------------------------------------------------------------------
    gate        derivative      name       op1       op2       op3        g_unscaled   penalty
    1853       -0.00056189      a_ia      1853                           -0.00561893        10
    1615       -0.00054532      a_ia      1615                           -0.00218128         4
   85369        0.00051963        om     34704     34705                  0.04105083        79
   34704        0.00051963    a_iajb     34704                            0.04105082        79
   85368        0.00051963        op     34704     34705                  0.04105081        79
    1978        0.00050545      a_ia      1978                            0.00404362         8
   85520        0.00043791        op     34856     34857                  0.07137966       163
   85521        0.00043791        om     34856     34857                  0.07137966       163
   69838        0.00043522        op     22612     22613                  0.02741889        63
   69839        0.00043522        om     22612     22613                  0.02741889        63

  ==> Tried operator a_ia 1615: gain -9.60e-07 (threshold 1.1e-06), removed and excluded for this stage
  ==> Add operator: om -1: 34704 34705
  ==> Current qubit order: 0  1  2  3  4  5  6  7  8  9  10  11  12  13  14  15  18  19  20  21  22  23  24  25  26  27  30  31  32  33  34  35  58  59  36  37  40  41  16  64  17  65  42  43  51  44  39  52  57  49  60  61  48  62  63  56  53  45  38  28  29  75  74  78  55  50  46  72  47  79  73  66  54  80  81  67  68  69  70  71  76  77  82  83  84  85  86  87  88  89  90  91  92  93  94  95  96  97  98  99  100  101  102  103  


  ==> Energy                -308.068809090
  ==> dE                       -1.81e-04
  ==> Gradient Norm             1.89e+00
  ==> Abs. Max. Deriv.          7.14e-02
  ==> Time-Grad. (s)              30.822
  ==> Time-Energy (s)              9.088
  ==> Time-Iter. (s)              39.909

--------------------------------------------------------------------------------
CEO-ADAPT-VQE iteration: 98
--------------------------------------------------------------------------------
    gate        derivative      name       op1       op2       op3        g_unscaled   penalty
    1305       -0.00176534      a_ia      1305                           -0.00353067         2
    1853       -0.00070066      a_ia      1853                           -0.00560524         8
    1268       -0.00060126      a_ia      1268                           -0.00360757         6
    1978        0.00050515      a_ia      1978                            0.00404123         8
   85520        0.00050442        op     34856     34857                  0.07112307       141
   85521        0.00050442        om     34856     34857                  0.07112307       141
   34856        0.00045301    a_iajb     34856                            0.07112307       157
   69838        0.00043526        op     22612     22613                  0.02742129        63
   69839        0.00043526        om     22612     22613                  0.02742129        63
   94448        0.00042476        op     41336     41337                  0.02675960        63

  ==> Add operator: a_ia 1305
  ==> Current qubit order: 0  1  2  3  4  5  6  7  8  9  10  11  12  13  14  15  18  19  20  21  22  23  24  25  26  27  30  31  32  33  34  35  58  59  36  37  40  41  16  64  17  65  42  43  51  44  39  52  57  49  60  61  48  62  63  56  53  45  38  28  29  75  74  78  55  50  46  72  47  79  73  66  54  80  81  67  68  69  70  71  76  77  82  83  84  85  86  87  88  89  90  91  92  93  94  95  96  97  98  99  100  101  102  103  


  ==> Energy                -308.068811866
  ==> dE                       -2.78e-06
  ==> Gradient Norm             1.89e+00
  ==> Abs. Max. Deriv.          7.11e-02
  ==> Time-Grad. (s)              30.318
  ==> Time-Energy (s)              4.963
  ==> Time-Iter. (s)              35.280

--------------------------------------------------------------------------------
CEO-ADAPT-VQE iteration: 99
--------------------------------------------------------------------------------
    gate        derivative      name       op1       op2       op3        g_unscaled   penalty
    1853       -0.00069799      a_ia      1853                           -0.00558395         8
    1268       -0.00057977      a_ia      1268                           -0.00347860         6
   85520        0.00050415        op     34856     34857                  0.07108558       141
   85521        0.00050415        om     34856     34857                  0.07108558       141
    1978        0.00049925      a_ia      1978                            0.00399403         8
   34856        0.00045277    a_iajb     34856                            0.07108558       157
   69838        0.00043526        op     22612     22613                  0.02742146        63
   69839        0.00043526        om     22612     22613                  0.02742146        63
   94448        0.00042475        op     41336     41337                  0.02675936        63
   94449        0.00042475        om     41336     41337                  0.02675936        63

  ==> Add operator: a_ia 1268
  ==> Current qubit order: 0  1  2  3  4  5  6  7  8  9  10  11  12  13  14  15  18  19  20  21  22  23  24  25  26  27  30  31  32  33  34  35  58  59  36  37  40  41  16  64  17  65  42  43  51  44  39  52  57  49  60  61  48  62  63  56  53  45  38  29  75  28  74  78  55  50  46  72  47  79  73  66  54  80  81  67  68  69  70  71  76  77  82  83  84  85  86  87  88  89  90  91  92  93  94  95  96  97  98  99  100  101  102  103  


  ==> Energy                -308.068814562
  ==> dE                       -2.70e-06
  ==> Gradient Norm             1.89e+00
  ==> Abs. Max. Deriv.          7.11e-02
  ==> Time-Grad. (s)              30.732
  ==> Time-Energy (s)              4.885
  ==> Time-Iter. (s)              35.617

--------------------------------------------------------------------------------
CEO-ADAPT-VQE iteration: 100
--------------------------------------------------------------------------------
    gate        derivative      name       op1       op2       op3        g_unscaled   penalty
    1853       -0.00069777      a_ia      1853                           -0.00558220         8
   85520        0.00051114        op     34856     34857                  0.07104886       139
   85521        0.00051114        om     34856     34857                  0.07104886       139
    1978        0.00049303      a_ia      1978                            0.00394422         8
   34856        0.00045838    a_iajb     34856                            0.07104886       155
   69838        0.00043526        op     22612     22613                  0.02742164        63
   69839        0.00043526        om     22612     22613                  0.02742164        63
   94448        0.00042475        op     41336     41337                  0.02675912        63
   94449        0.00042475        om     41336     41337                  0.02675912        63
   90734        0.00042311        op     38624     38625                  0.03004075        71

  ==> Add operator: op -1: 34856 34857
  ==> Current qubit order: 0  1  2  3  4  5  6  7  8  9  10  11  12  13  14  15  18  19  20  21  22  23  24  25  26  27  30  31  32  33  34  35  58  59  36  37  40  41  16  64  17  65  42  43  51  44  39  52  57  49  60  61  48  62  63  56  53  45  38  75  74  78  55  50  46  72  47  79  73  66  54  80  81  29  28  90  91  67  68  69  70  71  76  77  82  83  84  85  86  87  88  89  92  93  94  95  96  97  98  99  100  101  102  103  


  ==> Energy                -308.069229951
  ==> dE                       -4.15e-04
  ==> Gradient Norm             1.89e+00
  ==> Abs. Max. Deriv.          7.10e-02
  ==> Time-Grad. (s)              31.005
  ==> Time-Energy (s)              4.980
  ==> Time-Iter. (s)              35.985

--------------------------------------------------------------------------------
CEO-ADAPT-VQE iteration: 101
--------------------------------------------------------------------------------
    gate        derivative      name       op1       op2       op3        g_unscaled   penalty
   85286        0.00092571        op     34622     34623                  0.03425112        37
   85287        0.00092571        om     34622     34623                  0.03425112        37
   85410        0.00071017        op     34746     34747                  0.03763897        53
   85411        0.00071017        om     34746     34747                  0.03763897        53
    1853       -0.00069800      a_ia      1853                           -0.00558404         8
   34622        0.00064625    a_iajb     34622                            0.03425112        53
   85455        0.00061197        om     34790     34791                  0.02509060        41
   34790        0.00061197    a_iajb     34790                            0.02509058        41
   85454        0.00061196        op     34790     34791                  0.02509055        41
   34746        0.00054549    a_iajb     34746                            0.03763897        69

  ==> Add operator: op -1: 34622 34623
  ==> Current qubit order: 0  1  2  3  4  5  6  7  8  9  10  11  12  13  14  15  18  19  20  21  22  23  24  25  26  27  30  31  32  33  34  35  58  59  36  37  40  41  16  64  17  65  42  43  51  44  39  52  57  49  60  61  48  62  63  56  53  45  38  75  74  78  55  50  46  72  47  79  73  66  54  80  81  90  29  28  68  69  91  67  70  71  76  77  82  83  84  85  86  87  88  89  92  93  94  95  96  97  98  99  100  101  102  103  


  ==> Energy                -308.069381953
  ==> dE                       -1.52e-04
  ==> Gradient Norm             1.89e+00
  ==> Abs. Max. Deriv.          5.52e-02
  ==> Time-Grad. (s)              29.429
  ==> Time-Energy (s)              5.325
  ==> Time-Iter. (s)              34.754

--------------------------------------------------------------------------------
CEO-ADAPT-VQE iteration: 102
--------------------------------------------------------------------------------
    gate        derivative      name       op1       op2       op3        g_unscaled   penalty
   85410        0.00075858        op     34746     34747                  0.03717018        49
   85411        0.00075858        om     34746     34747                  0.03717018        49
    1853       -0.00069821      a_ia      1853                           -0.00558568         8
   34746        0.00057185    a_iajb     34746                            0.03717018        65
   85455        0.00050875        om     34790     34791                  0.02492898        49
   34790        0.00050875    a_iajb     34790                            0.02492895        49
   85454        0.00050875        op     34790     34791                  0.02492893        49
    1978        0.00049281      a_ia      1978                            0.00394248         8
   85504       -0.00047751        op     34840     34841                 -0.02817337        59
   85505       -0.00047751        om     34840     34841                 -0.02817337        59

  ==> Add operator: op -1: 34746 34747
  ==> Current qubit order: 0  1  2  3  4  5  6  7  8  9  10  11  12  13  14  15  18  19  20  21  22  23  24  25  26  27  30  31  32  33  34  35  58  59  36  37  40  41  16  64  17  65  42  43  51  44  39  52  57  49  60  61  48  62  63  56  53  45  38  75  74  78  55  50  46  72  47  79  73  66  54  80  81  90  68  69  29  28  76  77  91  67  70  71  82  83  84  85  86  87  88  89  92  93  94  95  96  97  98  99  100  101  102  103  


  ==> Energy                -308.069525648
  ==> dE                       -1.44e-04
  ==> Gradient Norm             1.89e+00
  ==> Abs. Max. Deriv.          5.53e-02
  ==> Time-Grad. (s)              29.203
  ==> Time-Energy (s)              5.108
  ==> Time-Iter. (s)              34.311

--------------------------------------------------------------------------------
CEO-ADAPT-VQE iteration: 103
--------------------------------------------------------------------------------
    gate        derivative      name       op1       op2       op3        g_unscaled   penalty
    1269       -0.00172336      a_ia      1269                           -0.00344673         2
    1853       -0.00069831      a_ia      1853                           -0.00558649         8
    1306       -0.00057799      a_ia      1306                           -0.00346794         6
   85418        0.00056777        op     34754     34755                  0.01532970        27
   85419        0.00056777        om     34754     34755                  0.01532970        27
    1978        0.00049208      a_ia      1978                            0.00393661         8
   85504       -0.00047731        op     34840     34841                 -0.02816158        59
   85505       -0.00047731        om     34840     34841                 -0.02816158        59
   85480       -0.00046755        op     34816     34817                 -0.02197507        47
   85481       -0.00046755        om     34816     34817                 -0.02197507        47

  ==> Add operator: a_ia 1269
  ==> Current qubit order: 0  1  2  3  4  5  6  7  8  9  10  11  12  13  14  15  18  19  20  21  22  23  24  25  26  27  30  31  32  33  34  35  58  59  36  37  40  41  16  64  17  65  42  43  51  44  39  52  57  49  60  61  48  62  63  56  53  45  38  75  74  78  55  50  46  72  47  79  73  66  54  80  81  90  68  69  29  28  76  77  91  67  70  71  82  83  84  85  86  87  88  89  92  93  94  95  96  97  98  99  100  101  102  103  


  ==> Energy                -308.069528213
  ==> dE                       -2.56e-06
  ==> Gradient Norm             1.89e+00
  ==> Abs. Max. Deriv.          5.53e-02
  ==> Time-Grad. (s)              28.217
  ==> Time-Energy (s)              4.825
  ==> Time-Iter. (s)              33.042

--------------------------------------------------------------------------------
CEO-ADAPT-VQE iteration: 104
--------------------------------------------------------------------------------
    gate        derivative      name       op1       op2       op3        g_unscaled   penalty
    1853       -0.00069910      a_ia      1853                           -0.00559283         8
    1306       -0.00055929      a_ia      1306                           -0.00335574         6
    1978        0.00048705      a_ia      1978                            0.00389638         8
   85504       -0.00047696        op     34840     34841                 -0.02814081        59
   85505       -0.00047696        om     34840     34841                 -0.02814081        59
   85480       -0.00046683        op     34816     34817                 -0.02194086        47
   85481       -0.00046683        om     34816     34817                 -0.02194086        47
   85455        0.00046385        om     34790     34791                  0.02458391        53
   34790        0.00046385    a_iajb     34790                            0.02458390        53
   85454        0.00046385        op     34790     34791                  0.02458389        53

  ==> Add operator: a_ia 1306
  ==> Current qubit order: 0  1  2  3  4  5  6  7  8  9  10  11  12  13  14  15  18  19  20  21  22  23  24  25  26  27  30  31  32  33  34  35  58  59  36  37  40  41  16  64  17  65  42  43  51  44  39  52  57  49  60  61  48  62  63  56  53  45  38  75  74  78  55  50  46  72  47  79  73  66  54  80  81  90  68  69  28  76  29  77  91  67  70  71  82  83  84  85  86  87  88  89  92  93  94  95  96  97  98  99  100  101  102  103  


  ==> Energy                -308.069533105
  ==> dE                       -4.89e-06
  ==> Gradient Norm             1.89e+00
  ==> Abs. Max. Deriv.          5.53e-02
  ==> Time-Grad. (s)              28.254
  ==> Time-Energy (s)             18.557
  ==> Time-Iter. (s)              46.811

--------------------------------------------------------------------------------
CEO-ADAPT-VQE iteration: 105
--------------------------------------------------------------------------------
    gate        derivative      name       op1       op2       op3        g_unscaled   penalty
    1853       -0.00069999      a_ia      1853                           -0.00559990         8
   85504       -0.00053126        op     34840     34841                 -0.02815702        53
   85505       -0.00053126        om     34840     34841                 -0.02815702        53
   85480       -0.00048751        op     34816     34817                 -0.02193789        45
   85481       -0.00048751        om     34816     34817                 -0.02193789        45
    1978        0.00048679      a_ia      1978                            0.00389432         8
   85455        0.00044816        om     34790     34791                  0.02464875        55
   34790        0.00044816    a_iajb     34790                            0.02464874        55
   85454        0.00044816        op     34790     34791                  0.02464872        55
   85324        0.00043687        op     34660     34661                  0.01703777        39

  ==> Add operator: op -1: 34840 34841
  ==> Current qubit order: 0  1  2  3  4  5  6  7  8  9  10  11  12  13  14  15  18  19  20  21  22  23  24  25  26  27  30  31  32  33  34  35  58  59  36  37  40  41  16  64  17  65  42  43  51  44  39  52  57  49  60  61  48  62  63  56  53  45  38  75  74  78  55  50  46  72  47  79  73  66  54  80  81  90  68  69  76  77  67  28  29  91  88  70  71  82  83  84  85  86  87  89  92  93  94  95  96  97  98  99  100  101  102  103  


  ==> Energy                -308.069600046
  ==> dE                       -6.69e-05
  ==> Gradient Norm             1.89e+00
  ==> Abs. Max. Deriv.          5.52e-02
  ==> Time-Grad. (s)              28.542
  ==> Time-Energy (s)              4.401
  ==> Time-Iter. (s)              32.943

--------------------------------------------------------------------------------
CEO-ADAPT-VQE iteration: 106
--------------------------------------------------------------------------------
    gate        derivative      name       op1       op2       op3        g_unscaled   penalty
    1853       -0.00070003      a_ia      1853                           -0.00560026         8
   85480       -0.00056191        op     34816     34817                 -0.02191457        39
   85481       -0.00056191        om     34816     34817                 -0.02191457        39
   85324        0.00051618        op     34660     34661                  0.01703389        33
   85325        0.00051618        om     34660     34661                  0.01703389        33
    1978        0.00048682      a_ia      1978                            0.00389455         8
   69838        0.00043674        op     22612     22613                  0.02751463        63
   69839        0.00043674        om     22612     22613                  0.02751463        63
   94448        0.00042534        op     41336     41337                  0.02679664        63
   94449        0.00042534        om     41336     41337                  0.02679664        63

  ==> Add operator: op -1: 34816 34817
  ==> Current qubit order: 0  1  2  3  4  5  6  7  8  9  10  11  12  13  14  15  18  19  20  21  22  23  24  25  26  27  30  31  32  33  34  35  58  59  36  37  40  41  16  64  17  65  42  43  51  44  39  52  57  49  60  61  48  62  63  56  53  45  38  75  74  78  55  50  46  72  47  79  73  66  54  80  81  90  68  69  76  77  67  28  29  91  86  88  70  71  82  83  84  85  87  89  92  93  94  95  96  97  98  99  100  101  102  103  


  ==> Energy                -308.069641930
  ==> dE                       -4.19e-05
  ==> Gradient Norm             1.89e+00
  ==> Abs. Max. Deriv.          5.51e-02
  ==> Time-Grad. (s)              28.171
  ==> Time-Energy (s)              4.741
  ==> Time-Iter. (s)              32.912

--------------------------------------------------------------------------------
CEO-ADAPT-VQE iteration: 107
--------------------------------------------------------------------------------
    gate        derivative      name       op1       op2       op3        g_unscaled   penalty
    1853       -0.00070004      a_ia      1853                           -0.00560031         8
    1978        0.00048675      a_ia      1978                            0.00389402         8
   85324        0.00046085        op     34660     34661                  0.01705161        37
   85325        0.00046085        om     34660     34661                  0.01705161        37
   85476        0.00045832        op     34812     34813                  0.02337407        51
   85477        0.00045832        om     34812     34813                  0.02337407        51
   69838        0.00043674        op     22612     22613                  0.02751487        63
   69839        0.00043674        om     22612     22613                  0.02751487        63
   94448        0.00042534        op     41336     41337                  0.02679653        63
   94449        0.00042534        om     41336     41337                  0.02679653        63

  ==> Add operator: op -1: 34660 34661
  ==> Current qubit order: 0  1  2  3  4  5  6  7  8  9  10  11  12  13  14  15  18  19  20  21  22  23  24  25  26  27  30  31  32  33  34  35  58  59  36  37  40  41  16  64  17  65  42  43  51  44  39  52  57  49  60  61  48  62  63  56  53  45  38  75  74  78  55  50  46  72  47  79  73  66  54  80  81  90  68  69  76  77  67  91  28  29  70  71  86  88  82  83  84  85  87  89  92  93  94  95  96  97  98  99  100  101  102  103  


  ==> Energy                -308.069674034
  ==> dE                       -3.21e-05
  ==> Gradient Norm             1.89e+00
  ==> Abs. Max. Deriv.          5.51e-02
  ==> Time-Grad. (s)              28.226
  ==> Time-Energy (s)              4.322
  ==> Time-Iter. (s)              32.548

  ==> gain rate 1.30e-04 Ha per operator over the last 50 accepted operators is below 0.20 of the level's best (7.01e-04) --- exiting.


--------------------------------------------------------------------------------
RESTART
--------------------------------------------------------------------------------

Last Energy: -308.069674079

--------------------------------------------------------------------------------
CEO-ADAPT-VQE iteration: 108
--------------------------------------------------------------------------------
    gate        derivative      name       op1       op2       op3        g_unscaled   penalty
    1303       -0.00073797      a_ia      1303                           -0.00295189         4
    1266       -0.00072835      a_ia      1266                           -0.00291341         4
    1853       -0.00070008      a_ia      1853                           -0.00560067         8
   85476        0.00049488        op     34812     34813                  0.02325957        47
   85477        0.00049488        om     34812     34813                  0.02325957        47
    1978        0.00048664      a_ia      1978                            0.00389315         8
   69838        0.00043675        op     22612     22613                  0.02751543        63
   69839        0.00043675        om     22612     22613                  0.02751543        63
   94448        0.00042535        op     41336     41337                  0.02679700        63
   94449        0.00042535        om     41336     41337                  0.02679700        63

  ==> Add operator: a_ia 1303
  ==> Current qubit order: 0  1  2  3  4  5  6  7  8  9  10  11  12  13  14  15  18  19  20  21  22  23  24  25  26  27  30  31  32  33  34  35  58  59  36  37  40  41  16  64  17  65  42  43  51  44  39  52  57  49  60  61  48  62  63  56  53  45  38  75  74  78  55  50  46  72  47  79  73  66  54  80  81  90  68  69  76  77  67  91  28  70  29  71  86  88  82  83  84  85  87  89  92  93  94  95  96  97  98  99  100  101  102  103  


  ==> Energy                -308.069676116
  ==> dE                       -2.04e-06
  ==> Gradient Norm             1.89e+00
  ==> Abs. Max. Deriv.          5.51e-02
  ==> Time-Grad. (s)              69.791
  ==> Time-Energy (s)             12.316
  ==> Time-Iter. (s)              82.107

--------------------------------------------------------------------------------
CEO-ADAPT-VQE iteration: 109
--------------------------------------------------------------------------------
    gate        derivative      name       op1       op2       op3        g_unscaled   penalty
    1266       -0.00143243      a_ia      1266                           -0.00286486         2
    1853       -0.00069960      a_ia      1853                           -0.00559681         8
   85476        0.00056713        op     34812     34813                  0.02325213        41
   85477        0.00056713        om     34812     34813                  0.02325213        41
    1978        0.00048502      a_ia      1978                            0.00388013         8
   69838        0.00043675        op     22612     22613                  0.02751528        63
   69839        0.00043675        om     22612     22613                  0.02751528        63
   94448        0.00042535        op     41336     41337                  0.02679710        63
   94449        0.00042535        om     41336     41337                  0.02679710        63
   90734        0.00042349        op     38624     38625                  0.03006791        71

  ==> Add operator: a_ia 1266
  ==> Current qubit order: 0  1  2  3  4  5  6  7  8  9  10  11  12  13  14  15  18  19  20  21  22  23  24  25  26  27  30  31  32  33  34  35  58  59  36  37  40  41  16  64  17  65  42  43  51  44  39  52  57  49  60  61  48  62  63  56  53  45  38  75  74  78  55  50  46  72  47  79  73  66  54  80  81  90  68  69  76  77  67  91  28  70  29  71  86  88  82  83  84  85  87  89  92  93  94  95  96  97  98  99  100  101  102  103  


  ==> Energy                -308.069678031
  ==> dE                       -1.92e-06
  ==> Gradient Norm             1.89e+00
  ==> Abs. Max. Deriv.          5.51e-02
  ==> Time-Grad. (s)              70.606
  ==> Time-Energy (s)             16.228
  ==> Time-Iter. (s)              86.834

--------------------------------------------------------------------------------
CEO-ADAPT-VQE iteration: 110
--------------------------------------------------------------------------------
    gate        derivative      name       op1       op2       op3        g_unscaled   penalty
    1853       -0.00069890      a_ia      1853                           -0.00559116         8
   85476        0.00056695        op     34812     34813                  0.02324494        41
   85477        0.00056695        om     34812     34813                  0.02324494        41
    1978        0.00048302      a_ia      1978                            0.00386417         8
   69838        0.00043675        op     22612     22613                  0.02751514        63
   69839        0.00043675        om     22612     22613                  0.02751514        63
   94448        0.00042535        op     41336     41337                  0.02679720        63
   94449        0.00042535        om     41336     41337                  0.02679720        63
   90734        0.00042349        op     38624     38625                  0.03006805        71
   90735        0.00042349        om     38624     38625                  0.03006805        71

  ==> Add operator: a_ia 1853
  ==> Current qubit order: 0  1  2  3  4  5  6  7  8  9  10  11  12  13  14  15  18  19  20  21  22  23  24  25  26  27  30  31  32  33  34  35  58  59  36  37  40  41  16  64  17  65  42  43  51  44  39  52  57  49  60  61  48  62  63  56  53  45  38  75  78  55  50  74  46  72  47  79  73  66  54  80  81  90  68  69  76  77  67  91  28  70  29  71  86  88  82  83  84  85  87  89  92  93  94  95  96  97  98  99  100  101  102  103  


  ==> Energy                -308.069686216
  ==> dE                       -8.18e-06
  ==> Gradient Norm             1.89e+00
  ==> Abs. Max. Deriv.          5.51e-02
  ==> Time-Grad. (s)              70.750
  ==> Time-Energy (s)             11.776
  ==> Time-Iter. (s)              82.526

--------------------------------------------------------------------------------
CEO-ADAPT-VQE iteration: 111
--------------------------------------------------------------------------------
    gate        derivative      name       op1       op2       op3        g_unscaled   penalty
   85476        0.00056695        op     34812     34813                  0.02324496        41
   85477        0.00056695        om     34812     34813                  0.02324496        41
    1615       -0.00054132      a_ia      1615                           -0.00216530         4
    1978        0.00048581      a_ia      1978                            0.00388648         8
   69838        0.00043675        op     22612     22613                  0.02751514        63
   69839        0.00043675        om     22612     22613                  0.02751514        63
   94448        0.00042535        op     41336     41337                  0.02679718        63
   94449        0.00042535        om     41336     41337                  0.02679718        63
   90734        0.00042349        op     38624     38625                  0.03006800        71
   90735        0.00042349        om     38624     38625                  0.03006800        71

  ==> Add operator: op -1: 34812 34813
  ==> Current qubit order: 0  1  2  3  4  5  6  7  8  9  10  11  12  13  14  15  18  19  20  21  22  23  24  25  26  27  30  31  32  33  34  35  58  59  36  37  40  41  16  64  17  65  42  43  51  44  39  52  57  49  60  61  48  62  63  56  53  45  38  75  78  55  50  74  46  72  47  79  73  66  54  80  81  90  68  69  76  77  67  91  70  71  28  29  86  87  88  82  83  84  85  89  92  93  94  95  96  97  98  99  100  101  102  103  


  ==> Energy                -308.069732911
  ==> dE                       -4.67e-05
  ==> Gradient Norm             1.89e+00
  ==> Abs. Max. Deriv.          5.51e-02
  ==> Time-Grad. (s)              71.164
  ==> Time-Energy (s)             13.067
  ==> Time-Iter. (s)              84.231

--------------------------------------------------------------------------------
CEO-ADAPT-VQE iteration: 112
--------------------------------------------------------------------------------
    gate        derivative      name       op1       op2       op3        g_unscaled   penalty
    1615       -0.00054129      a_ia      1615                           -0.00216518         4
    1978        0.00048556      a_ia      1978                            0.00388447         8
   85490        0.00044231        op     34826     34827                  0.01282699        29
   85491        0.00044231        om     34826     34827                  0.01282699        29
   69838        0.00043676        op     22612     22613                  0.02751568        63
   69839        0.00043676        om     22612     22613                  0.02751568        63
   94448        0.00042537        op     41336     41337                  0.02679832        63
   94449        0.00042537        om     41336     41337                  0.02679832        63
   90734        0.00042350        op     38624     38625                  0.03006879        71
   90735        0.00042350        om     38624     38625                  0.03006879        71

  ==> Add operator: a_ia 1615
  ==> Current qubit order: 0  1  2  3  4  5  6  7  8  9  10  11  12  13  14  15  18  19  20  21  22  23  24  25  26  27  30  31  32  33  34  35  58  59  36  37  40  41  16  64  17  65  42  43  51  44  39  52  57  49  60  61  48  62  63  56  53  45  75  38  78  55  50  74  46  72  47  79  73  66  54  80  81  90  68  69  76  77  67  91  70  71  28  29  86  87  88  82  83  84  85  89  92  93  94  95  96  97  98  99  100  101  102  103  


  ==> Energy                -308.069733858
  ==> dE                       -9.47e-07
  ==> Gradient Norm             1.89e+00
  ==> Abs. Max. Deriv.          5.51e-02
  ==> Time-Grad. (s)              70.373
  ==> Time-Energy (s)             13.265
  ==> Time-Iter. (s)              83.638

--------------------------------------------------------------------------------
CEO-ADAPT-VQE iteration: 113
--------------------------------------------------------------------------------
    gate        derivative      name       op1       op2       op3        g_unscaled   penalty
    2037       -0.00056127      a_ia      2037                           -0.00224506         4
    1978        0.00048428      a_ia      1978                            0.00387421         8
   85490        0.00044231        op     34826     34827                  0.01282695        29
   85491        0.00044231        om     34826     34827                  0.01282695        29
   69838        0.00043676        op     22612     22613                  0.02751568        63
   69839        0.00043676        om     22612     22613                  0.02751568        63
   94448        0.00042537        op     41336     41337                  0.02679832        63
   94449        0.00042537        om     41336     41337                  0.02679832        63
   90734        0.00042350        op     38624     38625                  0.03006879        71
   90735        0.00042350        om     38624     38625                  0.03006879        71

  ==> Add operator: a_ia 2037
  ==> Current qubit order: 0  1  2  3  4  5  6  7  8  9  10  11  12  13  14  15  18  19  20  21  22  23  24  25  26  27  30  31  32  33  34  35  58  59  36  37  40  41  16  64  17  65  42  43  51  44  39  52  57  49  60  61  48  62  63  56  45  53  75  38  78  55  50  74  46  72  47  79  73  66  54  80  81  90  68  69  76  77  67  91  70  71  28  29  86  87  88  82  83  84  85  89  92  93  94  95  96  97  98  99  100  101  102  103  


  ==> Energy                -308.069770209
  ==> dE                       -3.64e-05
  ==> Gradient Norm             1.89e+00
  ==> Abs. Max. Deriv.          5.51e-02
  ==> Time-Grad. (s)              70.364
  ==> Time-Energy (s)             14.100
  ==> Time-Iter. (s)              84.465

--------------------------------------------------------------------------------
CEO-ADAPT-VQE iteration: 114
--------------------------------------------------------------------------------
    gate        derivative      name       op1       op2       op3        g_unscaled   penalty
    1978        0.00048628      a_ia      1978                            0.00389028         8
   85490        0.00044231        op     34826     34827                  0.01282685        29
   85491        0.00044231        om     34826     34827                  0.01282685        29
   69838        0.00043676        op     22612     22613                  0.02751568        63
   69839        0.00043676        om     22612     22613                  0.02751568        63
   94448        0.00042537        op     41336     41337                  0.02679832        63
   94449        0.00042537        om     41336     41337                  0.02679832        63
   90734        0.00042350        op     38624     38625                  0.03006880        71
   90735        0.00042350        om     38624     38625                  0.03006880        71
    2064       -0.00041505      a_ia      2064                           -0.00083011         2

  ==> Add operator: a_ia 1978
  ==> Current qubit order: 0  1  2  3  4  5  6  7  8  9  10  11  12  13  14  15  18  19  20  21  22  23  24  25  26  27  30  31  32  33  34  35  58  59  36  37  40  41  16  64  17  65  42  43  44  39  52  51  57  49  60  61  48  62  63  56  45  53  75  38  78  55  50  74  46  72  47  79  73  66  54  80  81  90  68  69  76  77  67  91  70  71  28  29  86  87  88  82  83  84  85  89  92  93  94  95  96  97  98  99  100  101  102  103  


  ==> Energy                -308.069778788
  ==> dE                       -8.58e-06
  ==> Gradient Norm             1.89e+00
  ==> Abs. Max. Deriv.          5.51e-02
  ==> Time-Grad. (s)              71.498
  ==> Time-Energy (s)             15.135
  ==> Time-Iter. (s)              86.634

--------------------------------------------------------------------------------
CEO-ADAPT-VQE iteration: 115
--------------------------------------------------------------------------------
    gate        derivative      name       op1       op2       op3        g_unscaled   penalty
   85490        0.00044232        op     34826     34827                  0.01282740        29
   85491        0.00044232        om     34826     34827                  0.01282740        29
   69838        0.00043676        op     22612     22613                  0.02751568        63
   69839        0.00043676        om     22612     22613                  0.02751568        63
   94448        0.00042537        op     41336     41337                  0.02679832        63
   94449        0.00042537        om     41336     41337                  0.02679832        63
   90734        0.00042350        op     38624     38625                  0.03006880        71
   90735        0.00042350        om     38624     38625                  0.03006880        71
    2064       -0.00041484      a_ia      2064                           -0.00082969         2
   85502        0.00040279        op     34838     34839                  0.01812541        45

  ==> Add operator: op -1: 34826 34827
  ==> Current qubit order: 0  1  2  3  4  5  6  7  8  9  10  11  12  13  14  15  18  19  20  21  22  23  24  25  26  27  30  31  32  33  34  35  58  59  36  37  40  41  16  64  17  65  42  43  44  39  52  51  57  49  60  61  48  62  63  56  45  53  75  38  78  55  50  74  46  72  47  79  73  66  54  80  81  90  68  69  76  77  67  91  70  71  28  29  87  88  86  82  83  84  85  89  92  93  94  95  96  97  98  99  100  101  102  103  


  ==> Energy                -308.069792593
  ==> dE                       -1.38e-05
  ==> Gradient Norm             1.89e+00
  ==> Abs. Max. Deriv.          5.51e-02
  ==> Time-Grad. (s)              71.754
  ==> Time-Energy (s)             12.614
  ==> Time-Iter. (s)              84.368

--------------------------------------------------------------------------------
CEO-ADAPT-VQE iteration: 116
--------------------------------------------------------------------------------
    gate        derivative      name       op1       op2       op3        g_unscaled   penalty
    1311        0.00064770      a_ia      1311                            0.00129540         2
   85502        0.00046891        op     34838     34839                  0.01828759        39
   85503        0.00046891        om     34838     34839                  0.01828759        39
   69838        0.00043676        op     22612     22613                  0.02751572        63
   69839        0.00043676        om     22612     22613                  0.02751572        63
   94448        0.00042537        op     41336     41337                  0.02679823        63
   94449        0.00042537        om     41336     41337                  0.02679823        63
   90734        0.00042351        op     38624     38625                  0.03006895        71
   90735        0.00042351        om     38624     38625                  0.03006895        71
    2064       -0.00041484      a_ia      2064                           -0.00082968         2

  ==> Add operator: a_ia 1311
  ==> Current qubit order: 0  1  2  3  4  5  6  7  8  9  10  11  12  13  14  15  18  19  20  21  22  23  24  25  26  27  30  31  32  33  34  35  58  59  36  37  40  41  16  64  17  65  42  43  44  39  52  51  57  49  60  61  48  62  63  56  45  53  75  38  78  55  50  74  46  72  47  79  73  66  54  80  81  90  68  69  76  77  67  91  70  71  28  29  87  88  86  82  83  84  85  89  92  93  94  95  96  97  98  99  100  101  102  103  


  ==> Energy                -308.069792895
  ==> dE                       -3.02e-07
  ==> Gradient Norm             1.89e+00
  ==> Abs. Max. Deriv.          5.51e-02
  ==> Time-Grad. (s)              70.927
  ==> Time-Energy (s)             11.426
  ==> Time-Iter. (s)              82.353

--------------------------------------------------------------------------------
CEO-ADAPT-VQE iteration: 117
--------------------------------------------------------------------------------
    gate        derivative      name       op1       op2       op3        g_unscaled   penalty
   69838        0.00043676        op     22612     22613                  0.02751568        63
   69839        0.00043676        om     22612     22613                  0.02751568        63
   94448        0.00042537        op     41336     41337                  0.02679816        63
   94449        0.00042537        om     41336     41337                  0.02679816        63
   90734        0.00042351        op     38624     38625                  0.03006891        71
   90735        0.00042351        om     38624     38625                  0.03006891        71
    2064       -0.00041486      a_ia      2064                           -0.00082971         2
   85512       -0.00039052        op     34848     34849                 -0.02772657        71
   85513       -0.00039052        om     34848     34849                 -0.02772657        71
   85534       -0.00038146        op     34870     34871                 -0.02784636        73

  ==> Add operator: op -1: 22612 22613
  ==> Current qubit order: 0  1  2  3  4  5  6  7  8  9  10  11  12  13  14  15  18  19  20  21  22  23  24  25  26  27  30  31  32  33  34  35  58  59  36  37  40  41  64  65  42  43  44  39  16  17  60  61  52  51  57  49  48  62  63  56  45  53  75  38  78  55  50  74  46  72  47  79  73  66  54  80  81  90  68  69  76  77  67  91  70  71  28  29  87  88  86  82  83  84  85  89  92  93  94  95  96  97  98  99  100  101  102  103  


  ==> Energy                -308.069889542
  ==> dE                       -9.66e-05
  ==> Gradient Norm             1.89e+00
  ==> Abs. Max. Deriv.          5.51e-02
  ==> Time-Grad. (s)              71.365
  ==> Time-Energy (s)             13.270
  ==> Time-Iter. (s)              84.635

--------------------------------------------------------------------------------
CEO-ADAPT-VQE iteration: 118
--------------------------------------------------------------------------------
    gate        derivative      name       op1       op2       op3        g_unscaled   penalty
     824        0.00050019      a_ia       824                            0.00200078         4
   94448        0.00047018        op     41336     41337                  0.02680004        57
   94449        0.00047018        om     41336     41337                  0.02680004        57
   90734        0.00046263        op     38624     38625                  0.03007070        65
   90735        0.00046263        om     38624     38625                  0.03007070        65
     781        0.00043464      a_ia       781                            0.00173857         4
    2064       -0.00041485      a_ia      2064                           -0.00082971         2
   73240       -0.00040011        op     25384     25385                 -0.04601304       115
   73241       -0.00040011        om     25384     25385                 -0.04601304       115
   85512       -0.00039052        op     34848     34849                 -0.02772706        71

  ==> Add operator: a_ia 824
  ==> Current qubit order: 0  1  2  3  4  5  6  7  8  9  10  11  12  13  14  15  18  19  20  21  22  23  24  25  26  27  30  31  32  33  34  35  58  59  36  37  40  41  64  65  42  43  44  39  16  60  17  61  52  51  57  49  48  62  63  56  45  53  75  38  78  55  50  74  46  72  47  79  73  66  54  80  81  90  68  69  76  77  67  91  70  71  28  29  87  88  86  82  83  84  85  89  92  93  94  95  96  97  98  99  100  101  102  103  


  ==> Energy                -308.069890608
  ==> dE                       -1.07e-06
  ==> Gradient Norm             1.89e+00
  ==> Abs. Max. Deriv.          5.51e-02
  ==> Time-Grad. (s)              69.155
  ==> Time-Energy (s)             32.857
  ==> Time-Iter. (s)             102.012

--------------------------------------------------------------------------------
CEO-ADAPT-VQE iteration: 119
--------------------------------------------------------------------------------
    gate        derivative      name       op1       op2       op3        g_unscaled   penalty
     781        0.00083973      a_ia       781                            0.00167947         2
   94448        0.00047017        op     41336     41337                  0.02679997        57
   94449        0.00047017        om     41336     41337                  0.02679997        57
   90734        0.00046263        op     38624     38625                  0.03007087        65
   90735        0.00046263        om     38624     38625                  0.03007087        65
    2064       -0.00041476      a_ia      2064                           -0.00082952         2
   69864        0.00039339        op     22638     22639                  0.02635696        67
   22638        0.00039339    a_iajb     22638                            0.02635695        67
   69865        0.00039339        om     22638     22639                  0.02635694        67
   73240       -0.00039318        op     25384     25385                 -0.04600255       117

  ==> Add operator: a_ia 781
  ==> Current qubit order: 0  1  2  3  4  5  6  7  8  9  10  11  12  13  14  15  18  19  20  21  22  23  24  25  26  27  30  31  32  33  34  35  58  59  36  37  40  41  64  65  42  43  44  39  16  60  17  61  52  51  57  49  48  62  63  56  45  53  75  38  78  55  50  74  46  72  47  79  73  66  54  80  81  90  68  69  76  77  67  91  70  71  28  29  87  88  86  82  83  84  85  89  92  93  94  95  96  97  98  99  100  101  102  103  


  ==> Energy                -308.069891356
  ==> dE                       -7.47e-07
  ==> Gradient Norm             1.89e+00
  ==> Abs. Max. Deriv.          5.51e-02
  ==> Time-Grad. (s)              69.397
  ==> Time-Energy (s)             13.724
  ==> Time-Iter. (s)              83.122

--------------------------------------------------------------------------------
CEO-ADAPT-VQE iteration: 120
--------------------------------------------------------------------------------
    gate        derivative      name       op1       op2       op3        g_unscaled   penalty
   94448        0.00047017        op     41336     41337                  0.02679991        57
   94449        0.00047017        om     41336     41337                  0.02679991        57
   90734        0.00046263        op     38624     38625                  0.03007100        65
   90735        0.00046263        om     38624     38625                  0.03007100        65
    2064       -0.00041470      a_ia      2064                           -0.00082940         2
   69864        0.00039336        op     22638     22639                  0.02635491        67
   22638        0.00039336    a_iajb     22638                            0.02635490        67
   69865        0.00039336        om     22638     22639                  0.02635490        67
   73240       -0.00039318        op     25384     25385                 -0.04600239       117
   73241       -0.00039318        om     25384     25385                 -0.04600239       117

  ==> Add operator: op -1: 41336 41337
  ==> Current qubit order: 0  1  2  3  4  5  6  7  8  9  10  11  12  13  14  15  18  19  20  21  22  23  24  25  26  27  30  31  34  35  58  59  36  32  33  64  65  37  40  41  42  43  44  39  16  60  17  61  52  51  57  49  48  62  63  56  45  53  75  38  78  55  50  74  46  72  47  79  73  66  54  80  81  90  68  69  76  77  67  91  70  71  28  29  87  88  86  82  83  84  85  89  92  93  94  95  96  97  98  99  100  101  102  103  


  ==> Energy                -308.069994113
  ==> dE                       -1.03e-04
  ==> Gradient Norm             1.89e+00
  ==> Abs. Max. Deriv.          5.51e-02
  ==> Time-Grad. (s)              69.653
  ==> Time-Energy (s)             11.537
  ==> Time-Iter. (s)              81.190

--------------------------------------------------------------------------------
CEO-ADAPT-VQE iteration: 121
--------------------------------------------------------------------------------
    gate        derivative      name       op1       op2       op3        g_unscaled   penalty
   90734        0.00055003        op     38624     38625                  0.02915169        53
   90735        0.00055003        om     38624     38625                  0.02915169        53
    1442       -0.00047758      a_ia      1442                           -0.00191033         4
   94388        0.00046363        op     41276     41277                  0.03106305        67
   94389        0.00046363        om     41276     41277                  0.03106305        67
    1407       -0.00045360      a_ia      1407                           -0.00181442         4
   38624        0.00042249    a_iajb     38624                            0.02915169        69
    2064       -0.00041469      a_ia      2064                           -0.00082937         2
   69864        0.00039338        op     22638     22639                  0.02635630        67
   22638        0.00039338    a_iajb     22638                            0.02635629        67

  ==> Add operator: op -1: 38624 38625
  ==> Current qubit order: 0  1  2  3  4  5  6  7  8  9  10  11  12  13  14  15  18  19  20  21  22  23  24  25  26  27  34  35  58  30  31  64  65  59  36  32  33  37  40  41  42  43  44  39  16  60  17  61  52  51  57  49  48  62  63  56  45  53  75  38  78  55  50  74  46  72  47  79  73  66  54  80  81  90  68  69  76  77  67  91  70  71  28  29  87  88  86  82  83  84  85  89  92  93  94  95  96  97  98  99  100  101  102  103  


  ==> Energy                -308.070119388
  ==> dE                       -1.25e-04
  ==> Gradient Norm             1.89e+00
  ==> Abs. Max. Deriv.          5.51e-02
  ==> Time-Grad. (s)              66.995
  ==> Time-Energy (s)             13.204
  ==> Time-Iter. (s)              80.200

--------------------------------------------------------------------------------
CEO-ADAPT-VQE iteration: 122
--------------------------------------------------------------------------------
    gate        derivative      name       op1       op2       op3        g_unscaled   penalty
   94388        0.00052652        op     41276     41277                  0.03106497        59
   94389        0.00052652        om     41276     41277                  0.03106497        59
    2064       -0.00041469      a_ia      2064                           -0.00082939         2
   41276        0.00041420    a_iajb     41276                            0.03106497        75
   69864        0.00039342        op     22638     22639                  0.02635923        67
   22638        0.00039342    a_iajb     22638                            0.02635923        67
   69865        0.00039342        om     22638     22639                  0.02635922        67
   73240       -0.00039318        op     25384     25385                 -0.04600252       117
   73241       -0.00039318        om     25384     25385                 -0.04600252       117
   85512       -0.00039051        op     34848     34849                 -0.02772639        71

  ==> Add operator: op -1: 41276 41277
  ==> Current qubit order: 0  1  2  3  4  5  6  7  8  9  10  11  12  13  14  15  18  19  20  21  22  23  24  25  26  27  34  35  58  30  31  64  65  59  36  37  40  41  42  43  32  33  60  61  44  39  16  17  52  51  57  49  48  62  63  56  45  53  75  38  78  55  50  74  46  72  47  79  73  66  54  80  81  90  68  69  76  77  67  91  70  71  28  29  87  88  86  82  83  84  85  89  92  93  94  95  96  97  98  99  100  101  102  103  


  ==> Energy                -308.070267674
  ==> dE                       -1.48e-04
  ==> Gradient Norm             1.88e+00
  ==> Abs. Max. Deriv.          5.51e-02
  ==> Time-Grad. (s)              64.552
  ==> Time-Energy (s)             13.593
  ==> Time-Iter. (s)              78.146

--------------------------------------------------------------------------------
CEO-ADAPT-VQE iteration: 123
--------------------------------------------------------------------------------
    gate        derivative      name       op1       op2       op3        g_unscaled   penalty
    1440        0.00074702      a_ia      1440                            0.00298808         4
    1405        0.00074502      a_ia      1405                            0.00298009         4
   69864        0.00043214        op     22638     22639                  0.02636066        61
   22638        0.00043214    a_iajb     22638                            0.02636065        61
   69865        0.00043214        om     22638     22639                  0.02636064        61
   90646        0.00041586        op     38536     38537                  0.02869412        69
   90647        0.00041586        om     38536     38537                  0.02869412        69
    2064       -0.00041468      a_ia      2064                           -0.00082936         2
   73240       -0.00040002        op     25384     25385                 -0.04600257       115
   73241       -0.00040002        om     25384     25385                 -0.04600257       115

  ==> Add operator: a_ia 1440
  ==> Current qubit order: 0  1  2  3  4  5  6  7  8  9  10  11  12  13  14  15  18  19  20  21  22  23  24  25  26  27  34  35  58  30  31  64  65  59  36  37  40  41  42  43  32  60  33  61  44  39  16  17  52  51  57  49  48  62  63  56  45  53  75  38  78  55  50  74  46  72  47  79  73  66  54  80  81  90  68  69  76  77  67  91  70  71  28  29  87  88  86  82  83  84  85  89  92  93  94  95  96  97  98  99  100  101  102  103  


  ==> Energy                -308.070270613
  ==> dE                       -2.94e-06
  ==> Gradient Norm             1.88e+00
  ==> Abs. Max. Deriv.          5.51e-02
  ==> Time-Grad. (s)              63.315
  ==> Time-Energy (s)             16.554
  ==> Time-Iter. (s)              79.870

--------------------------------------------------------------------------------
CEO-ADAPT-VQE iteration: 124
--------------------------------------------------------------------------------
    gate        derivative      name       op1       op2       op3        g_unscaled   penalty
    1405        0.00142953      a_ia      1405                            0.00285905         2
   69864        0.00043214        op     22638     22639                  0.02636055        61
   22638        0.00043214    a_iajb     22638                            0.02636055        61
   69865        0.00043214        om     22638     22639                  0.02636054        61
   90646        0.00042803        op     38536     38537                  0.02867784        67
   90647        0.00042803        om     38536     38537                  0.02867784        67
    2064       -0.00041494      a_ia      2064                           -0.00082988         2
   73240       -0.00040003        op     25384     25385                 -0.04600297       115
   73241       -0.00040003        om     25384     25385                 -0.04600297       115
   85512       -0.00039050        op     34848     34849                 -0.02772577        71

  ==> Add operator: a_ia 1405
  ==> Current qubit order: 0  1  2  3  4  5  6  7  8  9  10  11  12  13  14  15  18  19  20  21  22  23  24  25  26  27  34  35  58  30  31  64  65  59  36  37  40  41  42  43  32  60  33  61  44  39  16  17  52  51  57  49  48  62  63  56  45  53  75  38  78  55  50  74  46  72  47  79  73  66  54  80  81  90  68  69  76  77  67  91  70  71  28  29  87  88  86  82  83  84  85  89  92  93  94  95  96  97  98  99  100  101  102  103  


  ==> Energy                -308.070273311
  ==> dE                       -2.70e-06
  ==> Gradient Norm             1.88e+00
  ==> Abs. Max. Deriv.          5.51e-02
  ==> Time-Grad. (s)              63.310
  ==> Time-Energy (s)             12.353
  ==> Time-Iter. (s)              75.662

--------------------------------------------------------------------------------
CEO-ADAPT-VQE iteration: 125
--------------------------------------------------------------------------------
    gate        derivative      name       op1       op2       op3        g_unscaled   penalty
   69864        0.00043214        op     22638     22639                  0.02636046        61
   22638        0.00043214    a_iajb     22638                            0.02636045        61
   69865        0.00043214        om     22638     22639                  0.02636044        61
   90646        0.00042780        op     38536     38537                  0.02866269        67
   90647        0.00042780        om     38536     38537                  0.02866269        67
    2064       -0.00041516      a_ia      2064                           -0.00083032         2
   73240       -0.00040003        op     25384     25385                 -0.04600380       115
   73241       -0.00040003        om     25384     25385                 -0.04600380       115
   85512       -0.00039050        op     34848     34849                 -0.02772538        71
   85513       -0.00039050        om     34848     34849                 -0.02772538        71

  ==> Add operator: op -1: 22638 22639
  ==> Current qubit order: 0  1  2  3  4  5  6  7  8  9  10  11  12  13  14  15  18  19  20  21  22  23  24  25  26  27  34  35  58  30  31  64  65  59  36  37  40  41  42  43  32  60  33  61  44  39  52  51  16  17  62  63  57  49  48  56  45  53  75  38  78  55  50  74  46  72  47  79  73  66  54  80  81  90  68  69  76  77  67  91  70  71  28  29  87  88  86  82  83  84  85  89  92  93  94  95  96  97  98  99  100  101  102  103  


  ==> Energy                -308.070359940
  ==> dE                       -8.66e-05
  ==> Gradient Norm             1.88e+00
  ==> Abs. Max. Deriv.          5.51e-02
  ==> Time-Grad. (s)              62.778
  ==> Time-Energy (s)             13.653
  ==> Time-Iter. (s)              76.431

--------------------------------------------------------------------------------
CEO-ADAPT-VQE iteration: 126
--------------------------------------------------------------------------------
    gate        derivative      name       op1       op2       op3        g_unscaled   penalty
   73240       -0.00044662        op     25384     25385                 -0.04600177       103
   73241       -0.00044662        om     25384     25385                 -0.04600177       103
   90646        0.00042783        op     38536     38537                  0.02866456        67
   90647        0.00042783        om     38536     38537                  0.02866456        67
    2064       -0.00041517      a_ia      2064                           -0.00083033         2
   90672        0.00039439        op     38562     38563                  0.03983369       101
   90673        0.00039439        om     38562     38563                  0.03983369       101
   85512       -0.00039050        op     34848     34849                 -0.02772576        71
   85513       -0.00039050        om     34848     34849                 -0.02772576        71
   25384       -0.00038657    a_iajb     25384                           -0.04600177       119

  ==> Add operator: op -1: 25384 25385
  ==> Current qubit order: 0  1  2  3  4  5  6  7  8  9  10  11  12  13  14  15  18  19  20  21  22  23  24  25  26  27  34  35  58  30  31  64  65  59  36  37  40  41  42  43  32  60  33  61  44  39  52  51  16  62  63  57  49  48  56  45  53  75  38  78  55  50  74  46  72  47  79  73  66  54  17  90  91  28  80  81  68  69  76  77  67  70  71  29  87  88  86  82  83  84  85  89  92  93  94  95  96  97  98  99  100  101  102  103  


  ==> Energy                -308.070521197
  ==> dE                       -1.61e-04
  ==> Gradient Norm             1.88e+00
  ==> Abs. Max. Deriv.          5.51e-02
  ==> Time-Grad. (s)              61.742
  ==> Time-Energy (s)             13.143
  ==> Time-Iter. (s)              74.885

--------------------------------------------------------------------------------
CEO-ADAPT-VQE iteration: 127
--------------------------------------------------------------------------------
    gate        derivative      name       op1       op2       op3        g_unscaled   penalty
   90646        0.00042783        op     38536     38537                  0.02866459        67
   90647        0.00042783        om     38536     38537                  0.02866459        67
   72424        0.00041165        op     24667     24668                  0.01770094        43
   90672        0.00041066        op     38562     38563                  0.03983371        97
   90673        0.00041066        om     38562     38563                  0.03983371        97
   85455        0.00038833        om     34790     34791                  0.02446468        63
   34790        0.00038833    a_iajb     34790                            0.02446467        63
   85454        0.00038833        op     34790     34791                  0.02446465        63
   24667        0.00038134    a_iajb     24667                            0.01639746        43
   70824       -0.00037065        op     23463     23464                 -0.04484813       121

  ==> Add operator: op -1: 38536 38537
  ==> Current qubit order: 0  1  2  3  4  5  6  7  8  9  10  11  12  13  14  15  18  19  20  21  22  23  24  25  26  27  34  35  58  64  65  59  36  37  40  30  31  60  61  41  42  43  32  33  44  39  52  51  16  62  63  57  49  48  56  45  53  75  38  78  55  50  74  46  72  47  79  73  66  54  17  90  91  28  80  81  68  69  76  77  67  70  71  29  87  88  86  82  83  84  85  89  92  93  94  95  96  97  98  99  100  101  102  103  


  ==> Energy                -308.070653400
  ==> dE                       -1.32e-04
  ==> Gradient Norm             1.88e+00
  ==> Abs. Max. Deriv.          5.55e-02
  ==> Time-Grad. (s)              61.290
  ==> Time-Energy (s)             12.520
  ==> Time-Iter. (s)              73.811

--------------------------------------------------------------------------------
CEO-ADAPT-VQE iteration: 128
--------------------------------------------------------------------------------
    gate        derivative      name       op1       op2       op3        g_unscaled   penalty
   90672        0.00054233        op     38562     38563                  0.03959041        73
   90673        0.00054233        om     38562     38563                  0.03959041        73
   38562        0.00044484    a_iajb     38562                            0.03959041        89
   72424        0.00041165        op     24667     24668                  0.01770094        43
   85455        0.00038838        om     34790     34791                  0.02446791        63
   34790        0.00038838    a_iajb     34790                            0.02446790        63
   85454        0.00038838        op     34790     34791                  0.02446788        63
   81862        0.00038554        op     32068     32069                  0.02660206        69
   81863        0.00038554        om     32068     32069                  0.02660206        69
   24667        0.00038134    a_iajb     24667                            0.01639747        43

  ==> Add operator: op -1: 38562 38563
  ==> Current qubit order: 0  1  2  3  4  5  6  7  8  9  10  11  12  13  14  15  18  19  20  21  22  23  24  25  26  27  34  35  58  64  65  59  36  37  40  60  61  41  42  43  30  31  62  63  32  33  44  39  52  51  16  57  49  48  56  45  53  75  38  78  55  50  74  46  72  47  79  73  66  54  17  90  91  28  80  81  68  69  76  77  67  70  71  29  87  88  86  82  83  84  85  89  92  93  94  95  96  97  98  99  100  101  102  103  


  ==> Energy                -308.070898776
  ==> dE                       -2.45e-04
  ==> Gradient Norm             1.88e+00
  ==> Abs. Max. Deriv.          5.55e-02
  ==> Time-Grad. (s)              59.731
  ==> Time-Energy (s)             13.252
  ==> Time-Iter. (s)              72.982

--------------------------------------------------------------------------------
CEO-ADAPT-VQE iteration: 129
--------------------------------------------------------------------------------
    gate        derivative      name       op1       op2       op3        g_unscaled   penalty
    1371        0.00113830      a_ia      1371                            0.00455321         4
    1335        0.00111194      a_ia      1335                            0.00444777         4
   94423        0.00045933        om     41310     41311                  0.01883260        41
   41310        0.00045933    a_iajb     41310                            0.01883260        41
   94422        0.00045933        op     41310     41311                  0.01883260        41
   81862        0.00043614        op     32068     32069                  0.02660451        61
   81863        0.00043614        om     32068     32069                  0.02660451        61
   70824       -0.00039689        op     23463     23464                 -0.04484835       113
   23463       -0.00039676    a_iajb     23463                           -0.04483381       113
   70825       -0.00039663        om     23463     23464                 -0.04481927       113

  ==> Add operator: a_ia 1371
  ==> Current qubit order: 0  1  2  3  4  5  6  7  8  9  10  11  12  13  14  15  18  19  20  21  22  23  24  25  26  27  34  35  58  64  65  59  36  37  40  60  61  41  42  43  30  62  31  63  32  33  44  39  52  51  16  57  49  48  56  45  53  75  38  78  55  50  74  46  72  47  79  73  66  54  17  90  91  28  80  81  68  69  76  77  67  70  71  29  87  88  86  82  83  84  85  89  92  93  94  95  96  97  98  99  100  101  102  103  


  ==> Energy                -308.070905551
  ==> dE                       -6.77e-06
  ==> Gradient Norm             1.88e+00
  ==> Abs. Max. Deriv.          5.55e-02
  ==> Time-Grad. (s)              57.364
  ==> Time-Energy (s)             12.957
  ==> Time-Iter. (s)              70.321

--------------------------------------------------------------------------------
CEO-ADAPT-VQE iteration: 130
--------------------------------------------------------------------------------
    gate        derivative      name       op1       op2       op3        g_unscaled   penalty
    1335        0.00210621      a_ia      1335                            0.00421242         2
   94423        0.00043917        om     41310     41311                  0.01888448        43
   41310        0.00043917    a_iajb     41310                            0.01888445        43
   94422        0.00043917        op     41310     41311                  0.01888441        43
   81862        0.00043613        op     32068     32069                  0.02660423        61
   81863        0.00043613        om     32068     32069                  0.02660423        61
   70824       -0.00039689        op     23463     23464                 -0.04484837       113
   23463       -0.00039676    a_iajb     23463                           -0.04483383       113
   70825       -0.00039663        om     23463     23464                 -0.04481928       113
   85455        0.00038843        om     34790     34791                  0.02447114        63

  ==> Add operator: a_ia 1335
  ==> Current qubit order: 0  1  2  3  4  5  6  7  8  9  10  11  12  13  14  15  18  19  20  21  22  23  24  25  26  27  34  35  58  64  65  59  36  37  40  60  61  41  42  43  30  62  31  63  32  33  44  39  52  51  16  57  49  48  56  45  53  75  38  78  55  50  74  46  72  47  79  73  66  54  17  90  91  28  80  81  68  69  76  77  67  70  71  29  87  88  86  82  83  84  85  89  92  93  94  95  96  97  98  99  100  101  102  103  


  ==> Energy                -308.070918581
  ==> dE                       -1.30e-05
  ==> Gradient Norm             1.88e+00
  ==> Abs. Max. Deriv.          5.55e-02
  ==> Time-Grad. (s)              57.773
  ==> Time-Energy (s)             72.100
  ==> Time-Iter. (s)             129.874

--------------------------------------------------------------------------------
CEO-ADAPT-VQE iteration: 131
--------------------------------------------------------------------------------
    gate        derivative      name       op1       op2       op3        g_unscaled   penalty
   94423        0.00044244        om     41310     41311                  0.01902513        43
   41310        0.00044244    a_iajb     41310                            0.01902512        43
   94422        0.00044244        op     41310     41311                  0.01902512        43
   81862        0.00043703        op     32068     32069                  0.02665881        61
   81863        0.00043703        om     32068     32069                  0.02665881        61
   70824       -0.00039757        op     23463     23464                 -0.04492495       113
   23463       -0.00039743    a_iajb     23463                           -0.04491014       113
   70825       -0.00039730        om     23463     23464                 -0.04489532       113
   85455        0.00038886        om     34790     34791                  0.02449817        63
   34790        0.00038886    a_iajb     34790                            0.02449816        63

  ==> Add operator: om -1: 41310 41311
  ==> Current qubit order: 0  1  2  3  4  5  6  7  8  9  10  11  12  13  14  15  18  19  20  21  22  23  24  25  26  27  34  35  58  64  65  59  36  37  40  60  61  41  42  43  30  31  62  63  32  33  44  39  52  51  16  57  49  48  56  45  53  75  38  78  55  50  74  46  72  47  79  73  66  54  17  90  91  28  80  81  68  69  76  77  67  70  71  29  87  88  86  82  83  84  85  89  92  93  94  95  96  97  98  99  100  101  102  103  


  ==> Energy                -308.070974307
  ==> dE                       -5.57e-05
  ==> Gradient Norm             1.88e+00
  ==> Abs. Max. Deriv.          5.55e-02
  ==> Time-Grad. (s)              57.800
  ==> Time-Energy (s)             14.375
  ==> Time-Iter. (s)              72.174

--------------------------------------------------------------------------------
CEO-ADAPT-VQE iteration: 132
--------------------------------------------------------------------------------
    gate        derivative      name       op1       op2       op3        g_unscaled   penalty
   81862        0.00043705        op     32068     32069                  0.02665994        61
   81863        0.00043705        om     32068     32069                  0.02665994        61
   70824       -0.00039757        op     23463     23464                 -0.04492495       113
   23463       -0.00039743    a_iajb     23463                           -0.04491014       113
   70825       -0.00039730        om     23463     23464                 -0.04489533       113
   85455        0.00038887        om     34790     34791                  0.02449875        63
   34790        0.00038887    a_iajb     34790                            0.02449874        63
   85454        0.00038887        op     34790     34791                  0.02449873        63
    1883        0.00037746      a_ia      1883                            0.00075493         2
  100144       -0.00037510        op     45628     45629                 -0.03188317        85

  ==> Add operator: op -1: 32068 32069
  ==> Current qubit order: 0  1  2  3  4  5  6  7  8  9  10  11  12  13  14  15  18  19  20  21  22  23  24  25  34  35  58  64  26  27  60  61  65  59  36  37  40  41  42  43  30  31  62  63  32  33  44  39  52  51  16  57  49  48  56  45  53  75  38  78  55  50  74  46  72  47  79  73  66  54  17  90  91  28  80  81  68  69  76  77  67  70  71  29  87  88  86  82  83  84  85  89  92  93  94  95  96  97  98  99  100  101  102  103  


  ==> Energy                -308.071072838
  ==> dE                       -9.85e-05
  ==> Gradient Norm             1.88e+00
  ==> Abs. Max. Deriv.          5.55e-02
  ==> Time-Grad. (s)              57.096
  ==> Time-Energy (s)             13.464
  ==> Time-Iter. (s)              70.560

--------------------------------------------------------------------------------
CEO-ADAPT-VQE iteration: 133
--------------------------------------------------------------------------------
    gate        derivative      name       op1       op2       op3        g_unscaled   penalty
    1188        0.00094876      a_ia      1188                            0.00189753         2
    1186        0.00090537      a_ia      1186                            0.00362149         4
    1224        0.00090144      a_ia      1224                            0.00360576         4
    1185       -0.00040783      a_ia      1185                           -0.00163132         4
   70824       -0.00039757        op     23463     23464                 -0.04492500       113
   23463       -0.00039744    a_iajb     23463                           -0.04491019       113
   70825       -0.00039730        om     23463     23464                 -0.04489538       113
   60130        0.00038921        op     14866     14867                  0.03463947        89
   60131        0.00038921        om     14866     14867                  0.03463947        89
   85455        0.00038888        om     34790     34791                  0.02449935        63

  ==> Add operator: a_ia 1188
  ==> Current qubit order: 0  1  2  3  4  5  6  7  8  9  10  11  12  13  14  15  18  19  20  21  22  23  24  25  34  35  58  64  26  27  60  61  65  59  36  37  40  41  42  43  30  31  62  63  32  33  44  39  52  51  16  57  49  48  56  45  53  75  38  78  55  50  74  46  72  47  79  73  66  54  17  90  91  28  80  81  68  69  76  77  67  70  71  29  87  88  86  82  83  84  85  89  92  93  94  95  96  97  98  99  100  101  102  103  


  ==> Energy                -308.071073841
  ==> dE                       -1.00e-06
  ==> Gradient Norm             1.88e+00
  ==> Abs. Max. Deriv.          5.55e-02
  ==> Time-Grad. (s)              55.706
  ==> Time-Energy (s)             12.823
  ==> Time-Iter. (s)              68.528

--------------------------------------------------------------------------------
CEO-ADAPT-VQE iteration: 134
--------------------------------------------------------------------------------
    gate        derivative      name       op1       op2       op3        g_unscaled   penalty
    1186        0.00090858      a_ia      1186                            0.00363430         4
    1224        0.00089815      a_ia      1224                            0.00359258         4
    1185       -0.00041469      a_ia      1185                           -0.00165877         4
   70824       -0.00039757        op     23463     23464                 -0.04492494       113
   23463       -0.00039743    a_iajb     23463                           -0.04491012       113
   70825       -0.00039730        om     23463     23464                 -0.04489531       113
   60130        0.00038921        op     14866     14867                  0.03463951        89
   60131        0.00038921        om     14866     14867                  0.03463951        89
   85455        0.00038888        om     34790     34791                  0.02449936        63
   34790        0.00038888    a_iajb     34790                            0.02449936        63

  ==> Add operator: a_ia 1186
  ==> Current qubit order: 0  1  2  3  4  5  6  7  8  9  10  11  12  13  14  15  18  19  20  21  22  23  24  25  34  35  58  64  27  26  60  61  65  59  36  37  40  41  42  43  30  31  62  63  32  33  44  39  52  51  16  57  49  48  56  45  53  75  38  78  55  50  74  46  72  47  79  73  66  54  17  90  91  28  80  81  68  69  76  77  67  70  71  29  87  88  86  82  83  84  85  89  92  93  94  95  96  97  98  99  100  101  102  103  


  ==> Energy                -308.071077823
  ==> dE                       -3.98e-06
  ==> Gradient Norm             1.88e+00
  ==> Abs. Max. Deriv.          5.55e-02
  ==> Time-Grad. (s)              55.935
  ==> Time-Energy (s)             15.505
  ==> Time-Iter. (s)              71.441

--------------------------------------------------------------------------------
CEO-ADAPT-VQE iteration: 135
--------------------------------------------------------------------------------
    gate        derivative      name       op1       op2       op3        g_unscaled   penalty
    1224        0.00057966      a_ia      1224                            0.00347798         6
   70824       -0.00039758        op     23463     23464                 -0.04492641       113
   23463       -0.00039745    a_iajb     23463                           -0.04491160       113
   70825       -0.00039732        om     23463     23464                 -0.04489679       113
   60130        0.00038927        op     14866     14867                  0.03464518        89
   60131        0.00038927        om     14866     14867                  0.03464518        89
   85455        0.00038888        om     34790     34791                  0.02449945        63
   34790        0.00038888    a_iajb     34790                            0.02449945        63
   85454        0.00038888        op     34790     34791                  0.02449944        63
    1883        0.00037518      a_ia      1883                            0.00075035         2

  ==> Add operator: a_ia 1224
  ==> Current qubit order: 0  1  2  3  4  5  6  7  8  9  10  11  12  13  14  15  18  19  20  21  22  23  24  25  34  35  58  64  26  60  27  61  65  59  36  37  40  41  42  43  30  31  62  63  32  33  44  39  52  51  16  57  49  48  56  45  53  75  38  78  55  50  74  46  72  47  79  73  66  54  17  90  91  28  80  81  68  69  76  77  67  70  71  29  87  88  86  82  83  84  85  89  92  93  94  95  96  97  98  99  100  101  102  103  


  ==> Energy                -308.071081458
  ==> dE                       -3.63e-06
  ==> Gradient Norm             1.88e+00
  ==> Abs. Max. Deriv.          5.55e-02
  ==> Time-Grad. (s)              56.641
  ==> Time-Energy (s)             17.768
  ==> Time-Iter. (s)              74.409

--------------------------------------------------------------------------------
CEO-ADAPT-VQE iteration: 136
--------------------------------------------------------------------------------
    gate        derivative      name       op1       op2       op3        g_unscaled   penalty
    1226        0.00045570      a_ia      1226                            0.00182281         4
    1185       -0.00042478      a_ia      1185                           -0.00169912         4
   60130        0.00039829        op     14866     14867                  0.03465103        87
   60131        0.00039829        om     14866     14867                  0.03465103        87
   70824       -0.00039759        op     23463     23464                 -0.04492770       113
   23463       -0.00039746    a_iajb     23463                           -0.04491289       113
   70825       -0.00039733        om     23463     23464                 -0.04489808       113
   85455        0.00038888        om     34790     34791                  0.02449954        63
   34790        0.00038888    a_iajb     34790                            0.02449953        63
   85454        0.00038888        op     34790     34791                  0.02449953        63

  ==> Add operator: a_ia 1226
  ==> Current qubit order: 0  1  2  3  4  5  6  7  8  9  10  11  12  13  14  15  18  19  20  21  22  23  24  25  34  35  58  64  26  60  61  27  65  59  36  37  40  41  42  43  30  31  62  63  32  33  44  39  52  51  16  57  49  48  56  45  53  75  38  78  55  50  74  46  72  47  79  73  66  54  17  90  91  28  80  81  68  69  76  77  67  70  71  29  87  88  86  82  83  84  85  89  92  93  94  95  96  97  98  99  100  101  102  103  


  ==> Energy                -308.071082382
  ==> dE                       -9.25e-07
  ==> Gradient Norm             1.88e+00
  ==> Abs. Max. Deriv.          5.55e-02
  ==> Time-Grad. (s)              56.589
  ==> Time-Energy (s)             13.614
  ==> Time-Iter. (s)              70.204

--------------------------------------------------------------------------------
CEO-ADAPT-VQE iteration: 137
--------------------------------------------------------------------------------
    gate        derivative      name       op1       op2       op3        g_unscaled   penalty
    1223       -0.00050541      a_ia      1223                           -0.00202163         4
    1185       -0.00042358      a_ia      1185                           -0.00169433         4
   60130        0.00040766        op     14866     14867                  0.03465106        85
   60131        0.00040766        om     14866     14867                  0.03465106        85
   70824       -0.00039759        op     23463     23464                 -0.04492773       113
   23463       -0.00039746    a_iajb     23463                           -0.04491292       113
   70825       -0.00039733        om     23463     23464                 -0.04489810       113
   85455        0.00038888        om     34790     34791                  0.02449955        63
   34790        0.00038888    a_iajb     34790                            0.02449954        63
   85454        0.00038888        op     34790     34791                  0.02449954        63

  ==> Add operator: a_ia 1223
  ==> Current qubit order: 0  1  2  3  4  5  6  7  8  9  10  11  12  13  14  15  18  19  20  21  22  23  24  25  34  35  58  64  26  60  61  65  27  59  36  37  40  41  42  43  30  31  62  63  32  33  44  39  52  51  16  57  49  48  56  45  53  75  38  78  55  50  74  46  72  47  79  73  66  54  17  90  91  28  80  81  68  69  76  77  67  70  71  29  87  88  86  82  83  84  85  89  92  93  94  95  96  97  98  99  100  101  102  103  


  ==> Energy                -308.071083680
  ==> dE                       -1.30e-06
  ==> Gradient Norm             1.88e+00
  ==> Abs. Max. Deriv.          5.55e-02
  ==> Time-Grad. (s)              56.834
  ==> Time-Energy (s)             14.599
  ==> Time-Iter. (s)              71.433

--------------------------------------------------------------------------------
CEO-ADAPT-VQE iteration: 138
--------------------------------------------------------------------------------
    gate        derivative      name       op1       op2       op3        g_unscaled   penalty
    1185       -0.00041849      a_ia      1185                           -0.00167396         4
   60130        0.00040766        op     14866     14867                  0.03465115        85
   60131        0.00040766        om     14866     14867                  0.03465115        85
   70824       -0.00039759        op     23463     23464                 -0.04492786       113
   23463       -0.00039746    a_iajb     23463                           -0.04491305       113
   70825       -0.00039733        om     23463     23464                 -0.04489824       113
   85455        0.00038888        om     34790     34791                  0.02449961        63
   34790        0.00038888    a_iajb     34790                            0.02449960        63
   85454        0.00038888        op     34790     34791                  0.02449960        63
  100144       -0.00037510        op     45628     45629                 -0.03188379        85

  ==> Add operator: a_ia 1185
  ==> Current qubit order: 0  1  2  3  4  5  6  7  8  9  10  11  12  13  14  15  18  19  20  21  22  23  24  25  34  35  64  58  26  60  61  65  27  59  36  37  40  41  42  43  30  31  62  63  32  33  44  39  52  51  16  57  49  48  56  45  53  75  38  78  55  50  74  46  72  47  79  73  66  54  17  90  91  28  80  81  68  69  76  77  67  70  71  29  87  88  86  82  83  84  85  89  92  93  94  95  96  97  98  99  100  101  102  103  


  ==> Energy                -308.071084573
  ==> dE                       -8.93e-07
  ==> Gradient Norm             1.88e+00
  ==> Abs. Max. Deriv.          5.55e-02
  ==> Time-Grad. (s)              57.114
  ==> Time-Energy (s)             14.690
  ==> Time-Iter. (s)              71.804

--------------------------------------------------------------------------------
CEO-ADAPT-VQE iteration: 139
--------------------------------------------------------------------------------
    gate        derivative      name       op1       op2       op3        g_unscaled   penalty
   60130        0.00040766        op     14866     14867                  0.03465122        85
   60131        0.00040766        om     14866     14867                  0.03465122        85
   70824       -0.00039759        op     23463     23464                 -0.04492789       113
   23463       -0.00039746    a_iajb     23463                           -0.04491308       113
   70825       -0.00039733        om     23463     23464                 -0.04489827       113
   85455        0.00038888        om     34790     34791                  0.02449968        63
   34790        0.00038888    a_iajb     34790                            0.02449967        63
   85454        0.00038888        op     34790     34791                  0.02449967        63
    1883        0.00037861      a_ia      1883                            0.00075721         2
  100144       -0.00037510        op     45628     45629                 -0.03188387        85

  ==> Add operator: op -1: 14866 14867
  ==> Current qubit order: 0  1  2  3  4  5  6  7  8  9  10  11  14  15  18  19  20  21  22  12  13  60  61  23  24  25  34  35  64  58  26  65  27  59  36  37  40  41  42  43  30  31  62  63  32  33  44  39  52  51  16  57  49  48  56  45  53  75  38  78  55  50  74  46  72  47  79  73  66  54  17  90  91  28  80  81  68  69  76  77  67  70  71  29  87  88  86  82  83  84  85  89  92  93  94  95  96  97  98  99  100  101  102  103  


  ==> Energy                -308.071228873
  ==> dE                       -1.44e-04
  ==> Gradient Norm             1.88e+00
  ==> Abs. Max. Deriv.          5.55e-02
  ==> Time-Grad. (s)              57.271
  ==> Time-Energy (s)             11.858
  ==> Time-Iter. (s)              69.130

--------------------------------------------------------------------------------
CEO-ADAPT-VQE iteration: 140
--------------------------------------------------------------------------------
    gate        derivative      name       op1       op2       op3        g_unscaled   penalty
     650        0.00064033      a_ia       650                            0.00256130         4
     605        0.00055161      a_ia       605                            0.00220646         4
   60190        0.00049496        op     14926     14927                  0.02821299        57
   60191        0.00049496        om     14926     14927                  0.02821299        57
   66206        0.00044940        op     19658     19659                  0.02381822        53
   66207        0.00044940        om     19658     19659                  0.02381822        53
   70824       -0.00039759        op     23463     23464                 -0.04492794       113
   23463       -0.00039746    a_iajb     23463                           -0.04491313       113
   70825       -0.00039733        om     23463     23464                 -0.04489832       113
   85455        0.00038890        om     34790     34791                  0.02450096        63

  ==> Add operator: a_ia 650
  ==> Current qubit order: 0  1  2  3  4  5  6  7  8  9  10  11  14  15  18  19  20  21  22  12  60  13  61  23  24  25  34  35  64  58  26  65  27  59  36  37  40  41  42  43  30  31  62  63  32  33  44  39  52  51  16  57  49  48  56  45  53  75  38  78  55  50  74  46  72  47  79  73  66  54  17  90  91  28  80  81  68  69  76  77  67  70  71  29  87  88  86  82  83  84  85  89  92  93  94  95  96  97  98  99  100  101  102  103  


  ==> Energy                -308.071230518
  ==> dE                       -1.64e-06
  ==> Gradient Norm             1.88e+00
  ==> Abs. Max. Deriv.          5.55e-02
  ==> Time-Grad. (s)              56.059
  ==> Time-Energy (s)             16.063
  ==> Time-Iter. (s)              72.122

--------------------------------------------------------------------------------
CEO-ADAPT-VQE iteration: 141
--------------------------------------------------------------------------------
    gate        derivative      name       op1       op2       op3        g_unscaled   penalty
     605        0.00105831      a_ia       605                            0.00211663         2
   66206        0.00046698        op     19658     19659                  0.02381596        51
   66207        0.00046698        om     19658     19659                  0.02381596        51
   70824       -0.00039760        op     23463     23464                 -0.04492825       113
   23463       -0.00039746    a_iajb     23463                           -0.04491344       113
   60191        0.00039734        om     14926     14927                  0.02821136        71
   14926        0.00039734    a_iajb     14926                            0.02821133        71
   60190        0.00039734        op     14926     14927                  0.02821131        71
   70825       -0.00039733        om     23463     23464                 -0.04489863       113
   85455        0.00038890        om     34790     34791                  0.02450092        63

  ==> Add operator: a_ia 605
  ==> Current qubit order: 0  1  2  3  4  5  6  7  8  9  10  11  14  15  18  19  20  21  22  12  60  13  61  23  24  25  34  35  64  58  26  65  27  59  36  37  40  41  42  43  30  31  62  63  32  33  44  39  52  51  16  57  49  48  56  45  53  75  38  78  55  50  74  46  72  47  79  73  66  54  17  90  91  28  80  81  68  69  76  77  67  70  71  29  87  88  86  82  83  84  85  89  92  93  94  95  96  97  98  99  100  101  102  103  


  ==> Energy                -308.071231641
  ==> dE                       -1.12e-06
  ==> Gradient Norm             1.88e+00
  ==> Abs. Max. Deriv.          5.55e-02
  ==> Time-Grad. (s)              56.238
  ==> Time-Energy (s)             14.533
  ==> Time-Iter. (s)              70.771

--------------------------------------------------------------------------------
CEO-ADAPT-VQE iteration: 142
--------------------------------------------------------------------------------
    gate        derivative      name       op1       op2       op3        g_unscaled   penalty
   66206        0.00046694        op     19658     19659                  0.02381413        51
   66207        0.00046694        om     19658     19659                  0.02381413        51
   70824       -0.00039760        op     23463     23464                 -0.04492827       113
   23463       -0.00039746    a_iajb     23463                           -0.04491346       113
   70825       -0.00039733        om     23463     23464                 -0.04489865       113
   60191        0.00039732        om     14926     14927                  0.02821003        71
   14926        0.00039732    a_iajb     14926                            0.02821002        71
   60190        0.00039732        op     14926     14927                  0.02821002        71
   85455        0.00038890        om     34790     34791                  0.02450088        63
   34790        0.00038890    a_iajb     34790                            0.02450087        63

  ==> Add operator: op -1: 19658 19659
  ==> Current qubit order: 0  1  2  3  4  5  6  7  8  9  10  11  18  19  20  21  14  15  60  61  22  12  13  23  24  25  34  35  64  58  26  65  27  59  36  37  40  41  42  43  30  31  62  63  32  33  44  39  52  51  16  57  49  48  56  45  53  75  38  78  55  50  74  46  72  47  79  73  66  54  17  90  91  28  80  81  68  69  76  77  67  70  71  29  87  88  86  82  83  84  85  89  92  93  94  95  96  97  98  99  100  101  102  103  


  ==> Energy                -308.071296921
  ==> dE                       -6.53e-05
  ==> Gradient Norm             1.88e+00
  ==> Abs. Max. Deriv.          5.55e-02
  ==> Time-Grad. (s)              56.900
  ==> Time-Energy (s)             13.259
  ==> Time-Iter. (s)              70.159

--------------------------------------------------------------------------------
CEO-ADAPT-VQE iteration: 143
--------------------------------------------------------------------------------
    gate        derivative      name       op1       op2       op3        g_unscaled   penalty
   60191        0.00043401        om     14926     14927                  0.02821085        65
   14926        0.00043401    a_iajb     14926                            0.02821084        65
   60190        0.00043401        op     14926     14927                  0.02821084        65
   70824       -0.00039760        op     23463     23464                 -0.04492827       113
   49722        0.00039759        op      5826      5827                  0.02902389        73
   49723        0.00039759        om      5826      5827                  0.02902389        73
   23463       -0.00039746    a_iajb     23463                           -0.04491346       113
   70825       -0.00039733        om     23463     23464                 -0.04489865       113
   85455        0.00038891        om     34790     34791                  0.02450130        63
   34790        0.00038891    a_iajb     34790                            0.02450129        63

  ==> Add operator: om -1: 14926 14927
  ==> Current qubit order: 0  1  2  3  4  5  6  7  8  9  10  11  18  19  20  21  14  15  60  61  22  23  24  25  34  12  13  64  65  35  58  26  27  59  36  37  40  41  42  43  30  31  62  63  32  33  44  39  52  51  16  57  49  48  56  45  53  75  38  78  55  50  74  46  72  47  79  73  66  54  17  90  91  28  80  81  68  69  76  77  67  70  71  29  87  88  86  82  83  84  85  89  92  93  94  95  96  97  98  99  100  101  102  103  


  ==> Energy                -308.071388518
  ==> dE                       -9.16e-05
  ==> Gradient Norm             1.88e+00
  ==> Abs. Max. Deriv.          5.55e-02
  ==> Time-Grad. (s)              55.880
  ==> Time-Energy (s)             65.597
  ==> Time-Iter. (s)             121.477

--------------------------------------------------------------------------------
CEO-ADAPT-VQE iteration: 144
--------------------------------------------------------------------------------
    gate        derivative      name       op1       op2       op3        g_unscaled   penalty
    1510       -0.00048749      a_ia      1510                           -0.00097498         2
   77318        0.00043099        op     28604     28605                  0.01077485        25
   77319        0.00043099        om     28604     28605                  0.01077485        25
   49722        0.00039903        op      5826      5827                  0.02912884        73
   49723        0.00039903        om      5826      5827                  0.02912884        73
   70824       -0.00039774        op     23463     23464                 -0.04494416       113
   23463       -0.00039760    a_iajb     23463                           -0.04492918       113
   70825       -0.00039747        om     23463     23464                 -0.04491420       113
   85455        0.00038920        om     34790     34791                  0.02451931        63
   34790        0.00038920    a_iajb     34790                            0.02451930        63

  ==> Add operator: a_ia 1510
  ==> Current qubit order: 0  1  2  3  4  5  6  7  8  9  10  11  18  19  20  21  14  15  60  61  22  23  24  25  34  12  13  64  65  35  58  26  27  59  36  37  40  41  42  43  30  31  62  63  32  33  44  39  52  51  16  57  49  48  56  45  53  75  38  78  55  50  74  46  72  47  79  73  66  54  17  90  91  28  80  81  68  69  76  77  67  70  71  29  87  88  86  82  83  84  85  89  92  93  94  95  96  97  98  99  100  101  102  103  


  ==> Energy                -308.071388784
  ==> dE                       -2.66e-07
  ==> Gradient Norm             1.88e+00
  ==> Abs. Max. Deriv.          5.55e-02
  ==> Time-Grad. (s)              55.604
  ==> Time-Energy (s)             14.039
  ==> Time-Iter. (s)              69.643

--------------------------------------------------------------------------------
CEO-ADAPT-VQE iteration: 145
--------------------------------------------------------------------------------
    gate        derivative      name       op1       op2       op3        g_unscaled   penalty
   77318        0.00043099        op     28604     28605                  0.01077485        25
   77319        0.00043099        om     28604     28605                  0.01077485        25
   49722        0.00039903        op      5826      5827                  0.02912884        73
   49723        0.00039903        om      5826      5827                  0.02912884        73
   70824       -0.00039773        op     23463     23464                 -0.04494393       113
   23463       -0.00039760    a_iajb     23463                           -0.04492895       113
   70825       -0.00039747        om     23463     23464                 -0.04491397       113
   85455        0.00038920        om     34790     34791                  0.02451931        63
   34790        0.00038920    a_iajb     34790                            0.02451931        63
   85454        0.00038920        op     34790     34791                  0.02451930        63

  ==> Add operator: op -1: 28604 28605
  ==> Current qubit order: 0  1  2  3  4  5  6  7  8  9  10  11  18  19  20  21  14  15  60  61  22  23  24  25  34  12  13  64  65  35  58  26  27  59  36  37  40  41  42  43  30  31  62  63  32  33  44  39  52  51  16  57  49  48  56  45  53  75  38  78  55  50  74  46  72  47  79  73  66  54  17  90  91  28  80  81  68  69  76  77  67  70  71  29  87  88  86  82  83  84  85  89  92  93  94  95  96  97  98  99  100  101  102  103  


  ==> Energy                -308.071404099
  ==> dE                       -1.53e-05
  ==> Gradient Norm             1.88e+00
  ==> Abs. Max. Deriv.          5.55e-02
  ==> Time-Grad. (s)              55.709
  ==> Time-Energy (s)             14.421
  ==> Time-Iter. (s)              70.130

--------------------------------------------------------------------------------
CEO-ADAPT-VQE iteration: 146
--------------------------------------------------------------------------------
    gate        derivative      name       op1       op2       op3        g_unscaled   penalty
   49722        0.00039791        op      5826      5827                  0.02904749        73
   49723        0.00039791        om      5826      5827                  0.02904749        73
   70824       -0.00039773        op     23463     23464                 -0.04494394       113
   23463       -0.00039760    a_iajb     23463                           -0.04492896       113
   70825       -0.00039747        om     23463     23464                 -0.04491398       113
   85455        0.00038920        om     34790     34791                  0.02451953        63
   34790        0.00038920    a_iajb     34790                            0.02451953        63
   85454        0.00038920        op     34790     34791                  0.02451952        63
     694        0.00038587      a_ia       694                            0.00154348         4
    1883        0.00038329      a_ia      1883                            0.00076658         2

  ==> Add operator: op -1: 5826 5827
  ==> Current qubit order: 0  1  2  3  6  7  8  9  10  11  18  4  5  60  61  19  20  21  14  15  22  23  24  25  34  12  13  64  65  35  58  26  27  59  36  37  40  41  42  43  30  31  62  63  32  33  44  39  52  51  16  57  49  48  56  45  53  75  38  78  55  50  74  46  72  47  79  73  66  54  17  90  91  28  80  81  68  69  76  77  67  70  71  29  87  88  86  82  83  84  85  89  92  93  94  95  96  97  98  99  100  101  102  103  


  ==> Energy                -308.071485401
  ==> dE                       -8.13e-05
  ==> Gradient Norm             1.88e+00
  ==> Abs. Max. Deriv.          5.55e-02
  ==> Time-Grad. (s)              55.237
  ==> Time-Energy (s)             13.804
  ==> Time-Iter. (s)              69.041

--------------------------------------------------------------------------------
CEO-ADAPT-VQE iteration: 147
--------------------------------------------------------------------------------
    gate        derivative      name       op1       op2       op3        g_unscaled   penalty
   49762        0.00048073        op      5866      5867                  0.03893945        81
   49763        0.00048073        om      5866      5867                  0.03893945        81
    5866        0.00040144    a_iajb      5866                            0.03893945        97
   70824       -0.00039773        op     23463     23464                 -0.04494395       113
   23463       -0.00039760    a_iajb     23463                           -0.04492897       113
   70825       -0.00039747        om     23463     23464                 -0.04491399       113
   85455        0.00038922        om     34790     34791                  0.02452093        63
   34790        0.00038922    a_iajb     34790                            0.02452092        63
   85454        0.00038922        op     34790     34791                  0.02452091        63
     908       -0.00038822      a_ia       908                           -0.00077645         2

  ==> Add operator: op -1: 5866 5867
  ==> Current qubit order: 0  1  2  3  6  7  8  9  10  11  18  60  61  19  20  21  14  15  22  4  5  64  65  23  24  25  34  12  13  35  58  26  27  59  36  37  40  41  42  43  30  31  62  63  32  33  44  39  52  51  16  57  49  48  56  45  53  75  38  78  55  50  74  46  72  47  79  73  66  54  17  90  91  28  80  81  68  69  76  77  67  70  71  29  87  88  86  82  83  84  85  89  92  93  94  95  96  97  98  99  100  101  102  103  


  ==> Energy                -308.071625597
  ==> dE                       -1.40e-04
  ==> Gradient Norm             1.88e+00
  ==> Abs. Max. Deriv.          5.55e-02
  ==> Time-Grad. (s)              54.738
  ==> Time-Energy (s)             13.770
  ==> Time-Iter. (s)              68.507

--------------------------------------------------------------------------------
CEO-ADAPT-VQE iteration: 148
--------------------------------------------------------------------------------
    gate        derivative      name       op1       op2       op3        g_unscaled   penalty
     231       -0.00071471      a_ia       231                           -0.00285883         4
     280       -0.00058529      a_ia       280                           -0.00234117         4
   66242        0.00043821        op     19694     19695                  0.01621366        37
   66243        0.00043821        om     19694     19695                  0.01621366        37
   70824       -0.00039773        op     23463     23464                 -0.04494398       113
   23463       -0.00039760    a_iajb     23463                           -0.04492900       113
   70825       -0.00039747        om     23463     23464                 -0.04491402       113
   85455        0.00038926        om     34790     34791                  0.02452314        63
   34790        0.00038926    a_iajb     34790                            0.02452313        63
   85454        0.00038926        op     34790     34791                  0.02452313        63

  ==> Add operator: a_ia 231
  ==> Current qubit order: 0  1  2  3  6  7  8  9  10  11  18  60  61  19  20  21  14  15  22  5  4  64  65  23  24  25  34  12  13  35  58  26  27  59  36  37  40  41  42  43  30  31  62  63  32  33  44  39  52  51  16  57  49  48  56  45  53  75  38  78  55  50  74  46  72  47  79  73  66  54  17  90  91  28  80  81  68  69  76  77  67  70  71  29  87  88  86  82  83  84  85  89  92  93  94  95  96  97  98  99  100  101  102  103  


  ==> Energy                -308.071627094
  ==> dE                       -1.50e-06
  ==> Gradient Norm             1.88e+00
  ==> Abs. Max. Deriv.          5.55e-02
  ==> Time-Grad. (s)              53.796
  ==> Time-Energy (s)             14.600
  ==> Time-Iter. (s)              68.396

--------------------------------------------------------------------------------
CEO-ADAPT-VQE iteration: 149
--------------------------------------------------------------------------------
    gate        derivative      name       op1       op2       op3        g_unscaled   penalty
   66242        0.00043782        op     19694     19695                  0.01619927        37
   66243        0.00043782        om     19694     19695                  0.01619927        37
   70824       -0.00039774        op     23463     23464                 -0.04494425       113
   23463       -0.00039760    a_iajb     23463                           -0.04492927       113
   70825       -0.00039747        om     23463     23464                 -0.04491429       113
   85455        0.00038926        om     34790     34791                  0.02452309        63
   34790        0.00038926    a_iajb     34790                            0.02452308        63
   85454        0.00038926        op     34790     34791                  0.02452308        63
   60092        0.00038891        op     14828     14829                  0.02061226        53
   14828        0.00038891    a_iajb     14828                            0.02061224        53

  ==> Add operator: op -1: 19694 19695
  ==> Current qubit order: 0  1  2  3  6  7  8  9  10  11  18  60  61  19  20  21  22  14  15  64  65  5  4  23  24  25  34  12  13  35  58  26  27  59  36  37  40  41  42  43  30  31  62  63  32  33  44  39  52  51  16  57  49  48  56  45  53  75  38  78  55  50  74  46  72  47  79  73  66  54  17  90  91  28  80  81  68  69  76  77  67  70  71  29  87  88  86  82  83  84  85  89  92  93  94  95  96  97  98  99  100  101  102  103  


  ==> Energy                -308.071655481
  ==> dE                       -2.84e-05
  ==> Gradient Norm             1.88e+00
  ==> Abs. Max. Deriv.          5.55e-02
  ==> Time-Grad. (s)              54.460
  ==> Time-Energy (s)             16.246
  ==> Time-Iter. (s)              70.706

--------------------------------------------------------------------------------
CEO-ADAPT-VQE iteration: 150
--------------------------------------------------------------------------------
    gate        derivative      name       op1       op2       op3        g_unscaled   penalty
     280       -0.00110452      a_ia       280                           -0.00220904         2
   70824       -0.00039774        op     23463     23464                 -0.04494425       113
   23463       -0.00039760    a_iajb     23463                           -0.04492927       113
   70825       -0.00039747        om     23463     23464                 -0.04491429       113
   85455        0.00038926        om     34790     34791                  0.02452341        63
   34790        0.00038926    a_iajb     34790                            0.02452340        63
   85454        0.00038926        op     34790     34791                  0.02452339        63
   60092        0.00038891        op     14828     14829                  0.02061243        53
   14828        0.00038891    a_iajb     14828                            0.02061240        53
   60093        0.00038891        om     14828     14829                  0.02061238        53

  ==> Add operator: a_ia 280
  ==> Current qubit order: 0  1  2  3  6  7  8  9  10  11  18  60  61  19  20  21  22  14  15  64  65  5  4  23  24  25  34  12  13  35  58  26  27  59  36  37  40  41  42  43  30  31  62  63  32  33  44  39  52  51  16  57  49  48  56  45  53  75  38  78  55  50  74  46  72  47  79  73  66  54  17  90  91  28  80  81  68  69  76  77  67  70  71  29  87  88  86  82  83  84  85  89  92  93  94  95  96  97  98  99  100  101  102  103  


  ==> Energy                -308.071656377
  ==> dE                       -8.97e-07
  ==> Gradient Norm             1.88e+00
  ==> Abs. Max. Deriv.          5.55e-02
  ==> Time-Grad. (s)              53.896
  ==> Time-Energy (s)             11.773
  ==> Time-Iter. (s)              65.669

--------------------------------------------------------------------------------
CEO-ADAPT-VQE iteration: 151
--------------------------------------------------------------------------------
    gate        derivative      name       op1       op2       op3        g_unscaled   penalty
   70824       -0.00039774        op     23463     23464                 -0.04494454       113
   23463       -0.00039761    a_iajb     23463                           -0.04492956       113
   70825       -0.00039747        om     23463     23464                 -0.04491459       113
   85455        0.00038926        om     34790     34791                  0.02452337        63
   34790        0.00038926    a_iajb     34790                            0.02452336        63
   85454        0.00038926        op     34790     34791                  0.02452335        63
   60092        0.00038891        op     14828     14829                  0.02061244        53
   14828        0.00038891    a_iajb     14828                            0.02061242        53
   60093        0.00038891        om     14828     14829                  0.02061240        53
     908       -0.00038469      a_ia       908                           -0.00076938         2

  ==> Add operator: op -1: 23463 23464
  ==> Current qubit order: 0  1  2  3  6  7  8  9  10  11  18  60  61  19  20  21  22  14  15  64  65  5  4  23  24  25  34  12  13  35  58  26  27  59  36  37  40  41  42  43  30  31  62  63  32  33  44  39  52  51  57  49  48  56  45  53  75  38  78  55  50  74  46  72  47  79  73  16  90  91  29  66  54  17  28  80  81  68  69  76  77  67  70  71  87  88  86  82  83  84  85  89  92  93  94  95  96  97  98  99  100  101  102  103  


  ==> Energy                -308.071810270
  ==> dE                       -1.54e-04
  ==> Gradient Norm             1.88e+00
  ==> Abs. Max. Deriv.          5.55e-02
  ==> Time-Grad. (s)              54.090
  ==> Time-Energy (s)             13.516
  ==> Time-Iter. (s)              67.607

--------------------------------------------------------------------------------
CEO-ADAPT-VQE iteration: 152
--------------------------------------------------------------------------------
    gate        derivative      name       op1       op2       op3        g_unscaled   penalty
   70001        0.00064103        om     22774     22775                  0.03525669        55
   22774        0.00064101    a_iajb     22774                            0.03525564        55
   70000        0.00064099        op     22774     22775                  0.03525459        55
     834        0.00054656      a_ia       834                            0.00327937         6
   85455        0.00052175        om     34790     34791                  0.02452218        47
   34790        0.00052175    a_iajb     34790                            0.02452217        47
   85454        0.00052175        op     34790     34791                  0.02452216        47
   69934        0.00045686        op     22708     22709                  0.02147244        47
   69935        0.00045686        om     22708     22709                  0.02147244        47
   69979        0.00043662        om     22752     22753                  0.02401415        55

  ==> Add operator: om -1: 22774 22775
  ==> Current qubit order: 0  1  2  3  6  7  8  9  10  11  18  60  61  19  20  21  22  14  15  64  65  5  4  23  24  25  34  12  13  35  58  26  27  59  36  37  40  41  42  43  30  31  62  63  32  33  44  39  52  51  57  49  48  56  45  53  75  38  78  55  50  74  46  72  47  79  73  16  90  91  17  29  66  54  28  80  81  68  69  76  77  67  70  71  87  88  86  82  83  84  85  89  92  93  94  95  96  97  98  99  100  101  102  103  


  ==> Energy                -308.071896795
  ==> dE                       -8.65e-05
  ==> Gradient Norm             1.88e+00
  ==> Abs. Max. Deriv.          5.57e-02
  ==> Time-Grad. (s)              53.683
  ==> Time-Energy (s)             15.813
  ==> Time-Iter. (s)              69.496

--------------------------------------------------------------------------------
CEO-ADAPT-VQE iteration: 153
--------------------------------------------------------------------------------
    gate        derivative      name       op1       op2       op3        g_unscaled   penalty
   85455        0.00054499        om     34790     34791                  0.02452462        45
   34790        0.00054499    a_iajb     34790                            0.02452461        45
   85454        0.00054499        op     34790     34791                  0.02452460        45
  100144       -0.00042509        op     45628     45629                 -0.03188210        75
   45628       -0.00042405    a_iajb     45628                           -0.03180339        75
  100145       -0.00042300        om     45628     45629                 -0.03172467        75
   69934        0.00040234        op     22708     22709                  0.02132412        53
   69935        0.00040234        om     22708     22709                  0.02132412        53
   72058       -0.00039700        op     24424     24425                 -0.02024678        51
   24424       -0.00039304    a_iajb     24424                           -0.02004510        51

  ==> Add operator: om -1: 34790 34791
  ==> Current qubit order: 0  1  2  3  6  7  8  9  10  11  18  60  61  19  20  21  22  14  15  64  65  5  4  23  24  25  34  12  13  35  58  26  27  59  36  37  40  41  42  43  30  31  62  63  32  33  44  39  52  51  57  49  48  56  45  53  75  38  78  55  50  74  46  72  47  79  73  16  90  91  17  66  54  29  28  80  81  68  69  76  77  67  70  71  87  88  86  82  83  84  85  89  92  93  94  95  96  97  98  99  100  101  102  103  


  ==> Energy                -308.071956704
  ==> dE                       -5.99e-05
  ==> Gradient Norm             1.88e+00
  ==> Abs. Max. Deriv.          5.57e-02
  ==> Time-Grad. (s)              53.463
  ==> Time-Energy (s)             15.067
  ==> Time-Iter. (s)              68.530

--------------------------------------------------------------------------------
CEO-ADAPT-VQE iteration: 154
--------------------------------------------------------------------------------
    gate        derivative      name       op1       op2       op3        g_unscaled   penalty
  100144       -0.00042510        op     45628     45629                 -0.03188213        75
   45628       -0.00042405    a_iajb     45628                           -0.03180341        75
  100145       -0.00042300        om     45628     45629                 -0.03172469        75
   69934        0.00040236        op     22708     22709                  0.02132514        53
   69935        0.00040236        om     22708     22709                  0.02132514        53
   72058       -0.00039700        op     24424     24425                 -0.02024679        51
   24424       -0.00039304    a_iajb     24424                           -0.02004511        51
   72059       -0.00038909        om     24424     24425                 -0.01984342        51
   60092        0.00038901        op     14828     14829                  0.02061747        53
   14828        0.00038901    a_iajb     14828                            0.02061744        53

  ==> Add operator: mvp2 -1: 45628 45629
  ==> Current qubit order: 0  1  2  3  6  7  8  9  10  11  18  60  61  19  20  21  22  14  15  64  65  5  4  23  24  25  34  12  13  35  58  26  27  59  36  37  40  41  42  43  30  31  62  63  32  33  44  39  52  57  49  48  56  45  53  75  38  78  55  51  46  72  79  50  74  47  73  16  90  91  17  66  54  29  28  80  81  68  69  76  77  67  70  71  87  88  86  82  83  84  85  89  92  93  94  95  96  97  98  99  100  101  102  103  


  ==> Energy                -308.072092991
  ==> dE                       -1.36e-04
  ==> Gradient Norm             1.88e+00
  ==> Abs. Max. Deriv.          5.57e-02
  ==> Time-Grad. (s)              53.477
  ==> Time-Energy (s)             29.099
  ==> Time-Iter. (s)              82.576

--------------------------------------------------------------------------------
CEO-ADAPT-VQE iteration: 155
--------------------------------------------------------------------------------
    gate        derivative      name       op1       op2       op3        g_unscaled   penalty
    1989       -0.00152930      a_ia      1989                           -0.00917580         6
  100054        0.00076687        op     45538     45539                  0.03144161        41
   45538        0.00074614    a_iajb     45538                            0.03059189        41
  100055        0.00072542        om     45538     45539                  0.02974217        41
   72058       -0.00049383        op     24424     24425                 -0.02024718        41
   24424       -0.00048917    a_iajb     24424                           -0.02005617        41
    1977       -0.00048510      a_ia      1977                           -0.00097020         2
   72059       -0.00048452        om     24424     24425                 -0.01986517        41
     788        0.00046564      a_ia       788                            0.00279385         6
    1976        0.00045630      a_ia      1976                            0.00456303        10

  ==> Add operator: a_ia 1989
  ==> Current qubit order: 0  1  2  3  6  7  8  9  10  11  18  60  61  19  20  21  22  14  15  64  65  5  4  23  24  25  34  12  13  35  58  26  27  59  36  37  40  41  42  43  30  31  62  63  32  33  44  39  52  57  49  48  56  45  53  75  38  78  55  46  72  51  79  50  74  47  73  16  90  91  17  66  54  29  28  80  81  68  69  76  77  67  70  71  87  88  86  82  83  84  85  89  92  93  94  95  96  97  98  99  100  101  102  103  


  ==> Energy                -308.072114709
  ==> dE                       -2.17e-05
  ==> Gradient Norm             1.87e+00
  ==> Abs. Max. Deriv.          5.57e-02
  ==> Time-Grad. (s)              53.973
  ==> Time-Energy (s)             17.348
  ==> Time-Iter. (s)              71.321

--------------------------------------------------------------------------------
CEO-ADAPT-VQE iteration: 156
--------------------------------------------------------------------------------
    gate        derivative      name       op1       op2       op3        g_unscaled   penalty
  100054        0.00077352        op     45538     45539                  0.03171416        41
   45538        0.00075271    a_iajb     45538                            0.03086115        41
  100055        0.00073191        om     45538     45539                  0.03000813        41
   72058       -0.00049384        op     24424     24425                 -0.02024738        41
   24424       -0.00048919    a_iajb     24424                           -0.02005678        41
   72059       -0.00048454        om     24424     24425                 -0.01986618        41
     788        0.00046757      a_ia       788                            0.00280544         6
    1599       -0.00046143      a_ia      1599                           -0.00276856         6
   69934        0.00040236        op     22708     22709                  0.02132515        53
   69935        0.00040236        om     22708     22709                  0.02132515        53

  ==> Add operator: mvp2 -1: 45538 45539
  ==> Current qubit order: 0  1  2  3  6  7  8  9  10  11  18  60  61  19  20  21  22  14  15  64  65  5  4  23  24  25  34  12  13  35  58  26  27  59  36  37  40  41  42  43  30  31  62  63  32  33  44  39  52  57  49  48  56  45  53  75  38  78  55  46  72  51  79  50  74  47  73  16  90  91  17  66  54  29  28  80  81  68  69  76  77  67  70  71  87  88  86  82  83  84  85  89  92  93  94  95  96  97  98  99  100  101  102  103  


  ==> Energy                -308.072331831
  ==> dE                       -2.17e-04
  ==> Gradient Norm             1.87e+00
  ==> Abs. Max. Deriv.          5.57e-02
  ==> Time-Grad. (s)              54.010
  ==> Time-Energy (s)             29.635
  ==> Time-Iter. (s)              83.645

--------------------------------------------------------------------------------
CEO-ADAPT-VQE iteration: 157
--------------------------------------------------------------------------------
    gate        derivative      name       op1       op2       op3        g_unscaled   penalty
   72058       -0.00049390        op     24424     24425                 -0.02024992        41
   24424       -0.00048935    a_iajb     24424                           -0.02006351        41
   72059       -0.00048481        om     24424     24425                 -0.01987710        41
    1599       -0.00047009      a_ia      1599                           -0.00282053         6
     788        0.00046937      a_ia       788                            0.00281622         6
   69934        0.00040236        op     22708     22709                  0.02132519        53
   69935        0.00040236        om     22708     22709                  0.02132519        53
   60092        0.00038901        op     14828     14829                  0.02061747        53
   14828        0.00038901    a_iajb     14828                            0.02061745        53
   60093        0.00038901        om     14828     14829                  0.02061742        53

  ==> Add operator: mvp2 -1: 24424 24425
  ==> Current qubit order: 0  1  2  3  6  7  8  9  10  11  18  60  61  19  20  21  22  14  15  64  65  5  4  23  24  25  34  12  13  35  58  26  27  59  36  37  40  41  42  43  30  31  62  63  32  33  44  39  52  57  49  48  56  45  53  75  38  78  55  46  72  51  79  50  74  47  73  16  90  91  17  66  54  29  28  80  81  68  69  76  77  67  70  71  87  88  86  82  83  84  85  89  92  93  94  95  96  97  98  99  100  101  102  103  


  ==> Energy                -308.072374902
  ==> dE                       -4.31e-05
  ==> Gradient Norm             1.87e+00
  ==> Abs. Max. Deriv.          5.57e-02
  ==> Time-Grad. (s)              54.276
  ==> Time-Energy (s)             29.267
  ==> Time-Iter. (s)              83.543

--------------------------------------------------------------------------------
CEO-ADAPT-VQE iteration: 158
--------------------------------------------------------------------------------
    gate        derivative      name       op1       op2       op3        g_unscaled   penalty
     796        0.00076326      a_ia       796                            0.00152651         2
    1599       -0.00047037      a_ia      1599                           -0.00282223         6
     788        0.00046634      a_ia       788                            0.00279804         6
   69934        0.00040233        op     22708     22709                  0.02132336        53
   69935        0.00040233        om     22708     22709                  0.02132336        53
   60092        0.00038901        op     14828     14829                  0.02061748        53
   14828        0.00038901    a_iajb     14828                            0.02061745        53
   60093        0.00038901        om     14828     14829                  0.02061743        53
  100846        0.00038846        op     46246     46247                  0.01903448        49
   90145        0.00038688        om     38193     38194                  0.02978983        77

  ==> Tried operator a_ia 796: gain -3.32e-07 (threshold 5.1e-07), removed and excluded for this stage
  ==> Add operator: a_ia 1599
  ==> Current qubit order: 0  1  2  3  6  7  8  9  10  11  18  60  61  19  20  21  22  14  15  64  65  5  4  23  24  25  34  12  13  35  58  26  27  59  36  37  40  41  42  43  30  31  62  63  32  33  44  39  52  57  49  48  56  45  53  75  78  55  38  46  72  51  79  50  74  47  73  16  90  91  17  66  54  29  28  80  81  68  69  76  77  67  70  71  87  88  86  82  83  84  85  89  92  93  94  95  96  97  98  99  100  101  102  103  


  ==> Energy                -308.072505711
  ==> dE                       -1.31e-04
  ==> Gradient Norm             1.87e+00
  ==> Abs. Max. Deriv.          5.57e-02
  ==> Time-Grad. (s)              54.551
  ==> Time-Energy (s)            182.100
  ==> Time-Iter. (s)             236.651

--------------------------------------------------------------------------------
CEO-ADAPT-VQE iteration: 159
--------------------------------------------------------------------------------
    gate        derivative      name       op1       op2       op3        g_unscaled   penalty
     796        0.00078628      a_ia       796                            0.00157255         2
     788        0.00046937      a_ia       788                            0.00281622         6
   69934        0.00040240        op     22708     22709                  0.02132708        53
   69935        0.00040240        om     22708     22709                  0.02132708        53
  100846        0.00039322        op     46246     46247                  0.01926777        49
     839        0.00039250      a_ia       839                            0.00078501         2
   46246        0.00039196    a_iajb     46246                            0.01920595        49
  100847        0.00039070        om     46246     46247                  0.01914414        49
   60092        0.00038903        op     14828     14829                  0.02061863        53
   14828        0.00038903    a_iajb     14828                            0.02061860        53

  ==> Add operator: a_ia 788
  ==> Current qubit order: 0  1  2  3  6  7  8  9  10  11  18  60  61  19  20  21  22  14  15  64  65  5  4  23  24  25  34  12  13  35  58  26  27  59  36  37  40  41  42  43  30  31  62  63  32  33  44  39  52  57  49  48  56  45  53  75  78  55  38  46  72  51  79  50  47  73  74  16  90  91  17  66  54  29  28  80  81  68  69  76  77  67  70  71  87  88  86  82  83  84  85  89  92  93  94  95  96  97  98  99  100  101  102  103  


  ==> Energy                -308.072507176
  ==> dE                       -1.46e-06
  ==> Gradient Norm             1.87e+00
  ==> Abs. Max. Deriv.          5.57e-02
  ==> Time-Grad. (s)              55.377
  ==> Time-Energy (s)             15.901
  ==> Time-Iter. (s)              71.278

--------------------------------------------------------------------------------
CEO-ADAPT-VQE iteration: 160
--------------------------------------------------------------------------------
    gate        derivative      name       op1       op2       op3        g_unscaled   penalty
     796        0.00078675      a_ia       796                            0.00157350         2
  100846        0.00040995        op     46246     46247                  0.01926785        47
   46246        0.00040864    a_iajb     46246                            0.01920602        47
  100847        0.00040732        om     46246     46247                  0.01914420        47
   69934        0.00040234        op     22708     22709                  0.02132405        53
   69935        0.00040234        om     22708     22709                  0.02132405        53
   60092        0.00038903        op     14828     14829                  0.02061868        53
   14828        0.00038903    a_iajb     14828                            0.02061865        53
   60093        0.00038903        om     14828     14829                  0.02061863        53
     839        0.00038754      a_ia       839                            0.00077508         2

  ==> Add operator: mvp2 -1: 46246 46247
  ==> Current qubit order: 0  1  2  3  6  7  8  9  10  11  18  60  61  19  20  21  22  14  15  64  65  5  4  23  24  25  34  12  13  35  58  26  27  59  36  37  40  41  42  43  30  31  62  63  32  33  44  39  52  57  49  48  56  45  53  75  78  55  38  46  72  51  50  73  79  47  74  16  90  91  17  66  54  29  28  80  81  68  69  76  77  67  70  71  87  88  86  82  83  84  85  89  92  93  94  95  96  97  98  99  100  101  102  103  


  ==> Energy                -308.072560839
  ==> dE                       -5.37e-05
  ==> Gradient Norm             1.87e+00
  ==> Abs. Max. Deriv.          5.57e-02
  ==> Time-Grad. (s)              55.893
  ==> Time-Energy (s)             28.358
  ==> Time-Iter. (s)              84.250

--------------------------------------------------------------------------------
CEO-ADAPT-VQE iteration: 161
--------------------------------------------------------------------------------
    gate        derivative      name       op1       op2       op3        g_unscaled   penalty
     796        0.00078787      a_ia       796                            0.00157574         2
    1883        0.00052905      a_ia      1883                            0.00105810         2
   69934        0.00040234        op     22708     22709                  0.02132406        53
   69935        0.00040234        om     22708     22709                  0.02132406        53
  100860        0.00038997        op     46260     46261                  0.01988850        51
   46260        0.00038921    a_iajb     46260                            0.01984967        51
   60092        0.00038903        op     14828     14829                  0.02061868        53
   14828        0.00038903    a_iajb     14828                            0.02061865        53
   60093        0.00038903        om     14828     14829                  0.02061863        53
  100861        0.00038845        om     46260     46261                  0.01981085        51

  ==> Tried operator a_ia 1883: gain -2.77e-07 (threshold 5.7e-07), removed and excluded for this stage
  ==> Add operator: op -1: 22708 22709
  ==> Current qubit order: 0  1  2  3  6  7  8  9  10  11  18  60  61  19  20  21  22  14  15  64  65  5  4  23  24  25  34  12  13  35  58  26  27  59  36  37  40  41  42  43  30  31  62  63  32  33  44  39  52  57  49  48  56  45  53  75  78  55  38  46  72  51  50  73  79  47  74  90  91  66  54  16  17  68  69  29  28  80  81  76  77  67  70  71  87  88  86  82  83  84  85  89  92  93  94  95  96  97  98  99  100  101  102  103  


  ==> Energy                -308.072610718
  ==> dE                       -4.99e-05
  ==> Gradient Norm             1.87e+00
  ==> Abs. Max. Deriv.          5.57e-02
  ==> Time-Grad. (s)              55.946
  ==> Time-Energy (s)             32.165
  ==> Time-Iter. (s)              88.111

--------------------------------------------------------------------------------
CEO-ADAPT-VQE iteration: 162
--------------------------------------------------------------------------------
    gate        derivative      name       op1       op2       op3        g_unscaled   penalty
     785        0.00059244      a_ia       785                            0.00236976         4
     828        0.00058954      a_ia       828                            0.00235815         4
    1883        0.00052886      a_ia      1883                            0.00105772         2
     784        0.00044536      a_ia       784                            0.00178144         4
   69978        0.00040655        op     22752     22753                  0.02317324        57
   22752        0.00040655    a_iajb     22752                            0.02317312        57
   69979        0.00040654        om     22752     22753                  0.02317300        57
  100860        0.00038997        op     46260     46261                  0.01988851        51
   46260        0.00038921    a_iajb     46260                            0.01984968        51
   60092        0.00038906        op     14828     14829                  0.02062025        53

  ==> Add operator: a_ia 785
  ==> Current qubit order: 0  1  2  3  6  7  8  9  10  11  18  60  61  19  20  21  22  14  15  64  65  5  4  23  24  25  34  12  13  35  58  26  27  59  36  37  40  41  42  43  30  31  62  63  32  33  44  39  52  57  49  48  56  45  53  75  78  55  38  46  72  51  50  73  79  47  74  90  91  66  54  17  16  68  69  29  28  80  81  76  77  67  70  71  87  88  86  82  83  84  85  89  92  93  94  95  96  97  98  99  100  101  102  103  


  ==> Energy                -308.072611976
  ==> dE                       -1.26e-06
  ==> Gradient Norm             1.87e+00
  ==> Abs. Max. Deriv.          5.57e-02
  ==> Time-Grad. (s)              55.791
  ==> Time-Energy (s)             16.111
  ==> Time-Iter. (s)              71.902

--------------------------------------------------------------------------------
CEO-ADAPT-VQE iteration: 163
--------------------------------------------------------------------------------
    gate        derivative      name       op1       op2       op3        g_unscaled   penalty
    1883        0.00052271      a_ia      1883                            0.00104543         2
   69978        0.00040659        op     22752     22753                  0.02317537        57
   22752        0.00040658    a_iajb     22752                            0.02317525        57
   69979        0.00040658        om     22752     22753                  0.02317514        57
  100860        0.00038997        op     46260     46261                  0.01988857        51
   46260        0.00038921    a_iajb     46260                            0.01984972        51
   60092        0.00038906        op     14828     14829                  0.02062043        53
   14828        0.00038906    a_iajb     14828                            0.02062040        53
   60093        0.00038906        om     14828     14829                  0.02062038        53
  100861        0.00038845        om     46260     46261                  0.01981088        51

  ==> Add operator: op -1: 22752 22753
  ==> Current qubit order: 0  1  2  3  6  7  8  9  10  11  18  60  61  19  20  21  22  14  15  64  65  5  4  23  24  25  34  12  13  35  58  26  27  59  36  37  40  41  42  43  30  31  62  63  32  33  44  39  52  57  49  48  56  45  53  75  78  55  38  46  72  51  50  73  79  47  74  90  91  66  54  68  17  16  80  81  69  29  28  76  77  67  70  71  87  88  86  82  83  84  85  89  92  93  94  95  96  97  98  99  100  101  102  103  


  ==> Energy                -308.072658012
  ==> dE                       -4.60e-05
  ==> Gradient Norm             1.87e+00
  ==> Abs. Max. Deriv.          5.57e-02
  ==> Time-Grad. (s)              56.287
  ==> Time-Energy (s)             15.096
  ==> Time-Iter. (s)              71.384

--------------------------------------------------------------------------------
CEO-ADAPT-VQE iteration: 164
--------------------------------------------------------------------------------
    gate        derivative      name       op1       op2       op3        g_unscaled   penalty
     791        0.00164329      a_ia       791                            0.00328657         2
     834        0.00055560      a_ia       834                            0.00333358         6
    1883        0.00052324      a_ia      1883                            0.00104647         2
  100860        0.00038997        op     46260     46261                  0.01988859        51
   46260        0.00038921    a_iajb     46260                            0.01984974        51
   60092        0.00038908        op     14828     14829                  0.02062117        53
   14828        0.00038908    a_iajb     14828                            0.02062115        53
   60093        0.00038908        om     14828     14829                  0.02062112        53
  100861        0.00038845        om     46260     46261                  0.01981090        51
     908       -0.00038394      a_ia       908                           -0.00076788         2

  ==> Add operator: a_ia 791
  ==> Current qubit order: 0  1  2  3  6  7  8  9  10  11  18  60  61  19  20  21  22  14  15  64  65  5  4  23  24  25  34  12  13  35  58  26  27  59  36  37  40  41  42  43  30  31  62  63  32  33  44  39  52  57  49  48  56  45  53  75  78  55  38  46  72  51  50  73  79  47  74  90  91  66  54  68  17  16  80  81  69  29  28  76  77  67  70  71  87  88  86  82  83  84  85  89  92  93  94  95  96  97  98  99  100  101  102  103  


  ==> Energy                -308.072659963
  ==> dE                       -1.95e-06
  ==> Gradient Norm             1.87e+00
  ==> Abs. Max. Deriv.          5.57e-02
  ==> Time-Grad. (s)              55.876
  ==> Time-Energy (s)             19.373
  ==> Time-Iter. (s)              75.249

--------------------------------------------------------------------------------
CEO-ADAPT-VQE iteration: 165
--------------------------------------------------------------------------------
    gate        derivative      name       op1       op2       op3        g_unscaled   penalty
     834        0.00054642      a_ia       834                            0.00327852         6
    1883        0.00053745      a_ia      1883                            0.00107490         2
  100860        0.00038996        op     46260     46261                  0.01988799        51
   46260        0.00038920    a_iajb     46260                            0.01984911        51
   60092        0.00038908        op     14828     14829                  0.02062113        53
   14828        0.00038908    a_iajb     14828                            0.02062110        53
   60093        0.00038908        om     14828     14829                  0.02062108        53
  100861        0.00038844        om     46260     46261                  0.01981023        51
     908       -0.00038388      a_ia       908                           -0.00076776         2
  100043        0.00038246        om     45526     45527                  0.02256520        59

  ==> Add operator: a_ia 834
  ==> Current qubit order: 0  1  2  3  6  7  8  9  10  11  18  60  61  19  20  21  22  14  15  64  65  5  4  23  24  25  34  12  13  35  58  26  27  59  36  37  40  41  42  43  30  31  62  63  32  33  44  39  52  57  49  48  56  45  53  75  78  55  38  46  72  51  50  73  79  47  74  90  91  66  54  68  16  80  17  81  69  29  28  76  77  67  70  71  87  88  86  82  83  84  85  89  92  93  94  95  96  97  98  99  100  101  102  103  


  ==> Energy                -308.072661916
  ==> dE                       -1.95e-06
  ==> Gradient Norm             1.87e+00
  ==> Abs. Max. Deriv.          5.57e-02
  ==> Time-Grad. (s)              56.399
  ==> Time-Energy (s)             16.564
  ==> Time-Iter. (s)              72.963

--------------------------------------------------------------------------------
CEO-ADAPT-VQE iteration: 166
--------------------------------------------------------------------------------
    gate        derivative      name       op1       op2       op3        g_unscaled   penalty
     828        0.00058237      a_ia       828                            0.00232950         4
    1883        0.00055197      a_ia      1883                            0.00110393         2
  100860        0.00038995        op     46260     46261                  0.01988747        51
   46260        0.00038919    a_iajb     46260                            0.01984857        51
   60092        0.00038908        op     14828     14829                  0.02062108        53
   14828        0.00038908    a_iajb     14828                            0.02062106        53
   60093        0.00038908        om     14828     14829                  0.02062104        53
     908       -0.00038886      a_ia       908                           -0.00077772         2
  100861        0.00038842        om     46260     46261                  0.01980966        51
  100043        0.00038244        om     45526     45527                  0.02256412        59

  ==> Add operator: a_ia 828
  ==> Current qubit order: 0  1  2  3  6  7  8  9  10  11  18  60  61  19  20  21  22  14  15  64  65  5  4  23  24  25  34  12  13  35  58  26  27  59  36  37  40  41  42  43  30  31  62  63  32  33  44  39  52  57  49  48  56  45  53  75  78  55  38  46  72  51  50  73  79  47  74  90  91  66  54  68  16  80  81  17  69  29  28  76  77  67  70  71  87  88  86  82  83  84  85  89  92  93  94  95  96  97  98  99  100  101  102  103  


  ==> Energy                -308.072663139
  ==> dE                       -1.22e-06
  ==> Gradient Norm             1.87e+00
  ==> Abs. Max. Deriv.          5.57e-02
  ==> Time-Grad. (s)              56.610
  ==> Time-Energy (s)             15.359
  ==> Time-Iter. (s)              71.969

--------------------------------------------------------------------------------
CEO-ADAPT-VQE iteration: 167
--------------------------------------------------------------------------------
    gate        derivative      name       op1       op2       op3        g_unscaled   penalty
    1883        0.00054841      a_ia      1883                            0.00109683         2
  100860        0.00038995        op     46260     46261                  0.01988750        51
   46260        0.00038919    a_iajb     46260                            0.01984860        51
   60092        0.00038908        op     14828     14829                  0.02062126        53
   14828        0.00038908    a_iajb     14828                            0.02062124        53
   60093        0.00038908        om     14828     14829                  0.02062121        53
  100861        0.00038843        om     46260     46261                  0.01980969        51
  100043        0.00038245        om     45526     45527                  0.02256440        59
     908       -0.00038210      a_ia       908                           -0.00076419         2
   55314        0.00037884        op     10734     10735                  0.01401726        37

  ==> Add operator: op -1: 46260 46261
  ==> Current qubit order: 0  1  2  3  6  7  8  9  10  11  18  60  61  19  20  21  22  14  15  64  65  5  4  23  24  25  34  12  13  35  58  26  27  59  36  37  40  41  42  43  30  31  62  63  32  33  44  39  52  57  49  48  56  45  53  75  55  38  46  72  78  51  50  79  73  47  74  90  91  66  54  68  16  80  81  17  69  29  28  76  77  67  70  71  87  88  86  82  83  84  85  89  92  93  94  95  96  97  98  99  100  101  102  103  


  ==> Energy                -308.072712721
  ==> dE                       -4.96e-05
  ==> Gradient Norm             1.87e+00
  ==> Abs. Max. Deriv.          5.57e-02
  ==> Time-Grad. (s)              56.983
  ==> Time-Energy (s)             16.894
  ==> Time-Iter. (s)              73.877

--------------------------------------------------------------------------------
CEO-ADAPT-VQE iteration: 168
--------------------------------------------------------------------------------
    gate        derivative      name       op1       op2       op3        g_unscaled   penalty
  100155       -0.00043993        om     45638     45639                 -0.02419614        55
   45638       -0.00043613    a_iajb     45638                           -0.02398702        55
  100154       -0.00043233        op     45638     45639                 -0.02377789        55
    2027       -0.00041104      a_ia      2027                           -0.00164414         4
   60092        0.00038908        op     14828     14829                  0.02062126        53
   14828        0.00038908    a_iajb     14828                            0.02062124        53
   60093        0.00038908        om     14828     14829                  0.02062121        53
     908       -0.00038249      a_ia       908                           -0.00076497         2
   55314        0.00037884        op     10734     10735                  0.01401726        37
   55315        0.00037884        om     10734     10735                  0.01401726        37

  ==> Add operator: mvp2 -1: 45638 45639
  ==> Current qubit order: 0  1  2  3  6  7  8  9  10  11  18  60  61  19  20  21  22  14  15  64  65  5  4  23  24  25  34  12  13  35  58  26  27  59  36  37  40  41  42  43  30  31  62  63  32  33  44  39  52  57  49  48  56  45  53  75  55  38  72  46  78  51  73  50  79  47  74  90  91  66  54  68  16  80  81  17  69  29  28  76  77  67  70  71  87  88  86  82  83  84  85  89  92  93  94  95  96  97  98  99  100  101  102  103  


  ==> Energy                -308.072805733
  ==> dE                       -9.30e-05
  ==> Gradient Norm             1.87e+00
  ==> Abs. Max. Deriv.          5.57e-02
  ==> Time-Grad. (s)              57.311
  ==> Time-Energy (s)             33.538
  ==> Time-Iter. (s)              90.850

--------------------------------------------------------------------------------
CEO-ADAPT-VQE iteration: 169
--------------------------------------------------------------------------------
    gate        derivative      name       op1       op2       op3        g_unscaled   penalty
    1883        0.00053601      a_ia      1883                            0.00107203         2
    1612       -0.00049478      a_ia      1612                           -0.00098956         2
    2027       -0.00041314      a_ia      2027                           -0.00165255         4
   60092        0.00038908        op     14828     14829                  0.02062126        53
   14828        0.00038908    a_iajb     14828                            0.02062124        53
   60093        0.00038908        om     14828     14829                  0.02062121        53
     908       -0.00038308      a_ia       908                           -0.00076617         2
   55314        0.00037884        op     10734     10735                  0.01401726        37
   55315        0.00037884        om     10734     10735                  0.01401726        37
  100043        0.00037670        om     45526     45527                  0.02147191        57

  ==> Tried operator a_ia 1612: gain -2.15e-07 (threshold 4.8e-07), removed and excluded for this stage
  ==> Add operator: a_ia 2027
  ==> Current qubit order: 0  1  2  3  6  7  8  9  10  11  18  60  61  19  20  21  22  14  15  64  65  5  4  23  24  25  34  12  13  35  58  26  27  59  36  37  40  41  42  43  30  31  62  63  32  33  44  39  52  57  49  48  56  45  75  53  55  38  72  46  78  51  73  50  79  47  74  90  91  66  54  68  16  80  81  17  69  29  28  76  77  67  70  71  87  88  86  82  83  84  85  89  92  93  94  95  96  97  98  99  100  101  102  103  


  ==> Energy                -308.072829560
  ==> dE                       -2.38e-05
  ==> Gradient Norm             1.87e+00
  ==> Abs. Max. Deriv.          5.57e-02
  ==> Time-Grad. (s)              57.638
  ==> Time-Energy (s)             35.545
  ==> Time-Iter. (s)              93.183

--------------------------------------------------------------------------------
CEO-ADAPT-VQE iteration: 170
--------------------------------------------------------------------------------
    gate        derivative      name       op1       op2       op3        g_unscaled   penalty
    1883        0.00057089      a_ia      1883                            0.00114178         2
    1612       -0.00051464      a_ia      1612                           -0.00102928         2
    1976        0.00039141      a_ia      1976                            0.00469691        12
   60092        0.00038908        op     14828     14829                  0.02062126        53
   14828        0.00038908    a_iajb     14828                            0.02062124        53
   60093        0.00038908        om     14828     14829                  0.02062121        53
     908       -0.00037951      a_ia       908                           -0.00075903         2
   55314        0.00037884        op     10734     10735                  0.01401726        37
   55315        0.00037884        om     10734     10735                  0.01401726        37
  100043        0.00037716        om     45526     45527                  0.02149788        57

  ==> Add operator: a_ia 1976
  ==> Current qubit order: 0  1  2  3  6  7  8  9  10  11  18  60  61  19  20  21  22  14  15  64  65  5  4  23  24  25  34  12  13  35  58  26  27  59  36  37  40  41  42  43  30  31  62  63  32  33  44  39  52  57  49  48  56  45  75  55  38  72  46  78  53  51  73  50  79  47  74  90  91  66  54  68  16  80  81  17  69  29  28  76  77  67  70  71  87  88  86  82  83  84  85  89  92  93  94  95  96  97  98  99  100  101  102  103  


  ==> Energy                -308.072851841
  ==> dE                       -2.23e-05
  ==> Gradient Norm             1.87e+00
  ==> Abs. Max. Deriv.          5.57e-02
  ==> Time-Grad. (s)              57.753
  ==> Time-Energy (s)             17.283
  ==> Time-Iter. (s)              75.036

--------------------------------------------------------------------------------
CEO-ADAPT-VQE iteration: 171
--------------------------------------------------------------------------------
    gate        derivative      name       op1       op2       op3        g_unscaled   penalty
    1883        0.00062074      a_ia      1883                            0.00124149         2
    1612       -0.00051054      a_ia      1612                           -0.00102109         2
     908       -0.00039117      a_ia       908                           -0.00078235         2
   60092        0.00038908        op     14828     14829                  0.02062127        53
   14828        0.00038908    a_iajb     14828                            0.02062124        53
   60093        0.00038908        om     14828     14829                  0.02062122        53
   55314        0.00037884        op     10734     10735                  0.01401726        37
   55315        0.00037884        om     10734     10735                  0.01401726        37
   47452        0.00036284        op      3700      3701                  0.01923060        53
   47453        0.00036284        om      3700      3701                  0.01923060        53

  ==> Tried operator a_ia 908: gain -1.60e-07 (threshold 4.8e-07), removed and excluded for this stage
  ==> Add operator: op -1: 14828 14829
  ==> Current qubit order: 0  1  2  3  6  7  8  9  10  11  18  60  61  19  20  21  22  14  15  64  65  5  4  23  24  25  34  35  26  12  13  58  59  27  36  37  40  41  42  43  30  31  62  63  32  33  44  39  52  57  49  48  56  45  75  55  38  72  46  78  53  51  73  50  79  47  74  90  91  66  54  68  16  80  81  17  69  29  28  76  77  67  70  71  87  88  86  82  83  84  85  89  92  93  94  95  96  97  98  99  100  101  102  103  


  ==> Energy                -308.072900745
  ==> dE                       -4.89e-05
  ==> Gradient Norm             1.87e+00
  ==> Abs. Max. Deriv.          5.57e-02
  ==> Time-Grad. (s)              57.618
  ==> Time-Energy (s)             36.915
  ==> Time-Iter. (s)              94.533

--------------------------------------------------------------------------------
CEO-ADAPT-VQE iteration: 172
--------------------------------------------------------------------------------
    gate        derivative      name       op1       op2       op3        g_unscaled   penalty
    1883        0.00062030      a_ia      1883                            0.00124061         2
    1612       -0.00051059      a_ia      1612                           -0.00102118         2
     908       -0.00039119      a_ia       908                           -0.00078239         2
   55314        0.00037885        op     10734     10735                  0.01401755        37
   55315        0.00037885        om     10734     10735                  0.01401755        37
   47452        0.00036285        op      3700      3701                  0.01923091        53
   47453        0.00036285        om      3700      3701                  0.01923091        53
     866       -0.00035996      a_ia       866                           -0.00071992         2
   73212        0.00035533        op     25356     25357                  0.01598987        45
   25356        0.00035532    a_iajb     25356                            0.01598918        45

  ==> Add operator: op -1: 10734 10735
  ==> Current qubit order: 0  1  2  3  6  7  10  8  9  60  61  11  18  19  20  21  22  14  15  64  65  5  4  23  24  25  34  35  26  12  13  58  59  27  36  37  40  41  42  43  30  31  62  63  32  33  44  39  52  57  49  48  56  45  75  55  38  72  46  78  53  51  73  50  79  47  74  90  91  66  54  68  16  80  81  17  69  29  28  76  77  67  70  71  87  88  86  82  83  84  85  89  92  93  94  95  96  97  98  99  100  101  102  103  


  ==> Energy                -308.072920223
  ==> dE                       -1.95e-05
  ==> Gradient Norm             1.87e+00
  ==> Abs. Max. Deriv.          5.57e-02
  ==> Time-Grad. (s)              57.311
  ==> Time-Energy (s)             15.742
  ==> Time-Iter. (s)              73.053

--------------------------------------------------------------------------------
CEO-ADAPT-VQE iteration: 173
--------------------------------------------------------------------------------
    gate        derivative      name       op1       op2       op3        g_unscaled   penalty
    1883        0.00062031      a_ia      1883                            0.00124061         2
    1612       -0.00051058      a_ia      1612                           -0.00102116         2
   47452        0.00042009        op      3700      3701                  0.01890390        45
   47453        0.00042009        om      3700      3701                  0.01890390        45
   73212        0.00035533        op     25356     25357                  0.01598986        45
   25356        0.00035532    a_iajb     25356                            0.01598918        45
   73213        0.00035530        om     25356     25357                  0.01598850        45
   60165        0.00035409        om     14900     14901                  0.03009723        85
   14900        0.00035409    a_iajb     14900                            0.03009723        85
   60164        0.00035408        op     14900     14901                  0.03009722        85

  ==> Add operator: op -1: 3700 3701
  ==> Current qubit order: 0  1  6  7  2  3  60  61  10  8  9  11  18  19  20  21  22  14  15  64  65  5  4  23  24  25  34  35  26  12  13  58  59  27  36  37  40  41  42  43  30  31  62  63  32  33  44  39  52  57  49  48  56  45  75  55  38  72  46  78  53  51  73  50  79  47  74  90  91  66  54  68  16  80  81  17  69  29  28  76  77  67  70  71  87  88  86  82  83  84  85  89  92  93  94  95  96  97  98  99  100  101  102  103  


  ==> Energy                -308.072951320
  ==> dE                       -3.11e-05
  ==> Gradient Norm             1.87e+00
  ==> Abs. Max. Deriv.          5.57e-02
  ==> Time-Grad. (s)              57.394
  ==> Time-Energy (s)             16.445
  ==> Time-Iter. (s)              73.839

--------------------------------------------------------------------------------
CEO-ADAPT-VQE iteration: 174
--------------------------------------------------------------------------------
    gate        derivative      name       op1       op2       op3        g_unscaled   penalty
    1883        0.00062037      a_ia      1883                            0.00124074         2
     180       -0.00056221      a_ia       180                           -0.00224886         4
    1612       -0.00051062      a_ia      1612                           -0.00102125         2
     130       -0.00048516      a_ia       130                           -0.00194065         4
   73212        0.00035533        op     25356     25357                  0.01598987        45
   25356        0.00035532    a_iajb     25356                            0.01598919        45
   73213        0.00035530        om     25356     25357                  0.01598850        45
   60165        0.00035409        om     14900     14901                  0.03009773        85
   14900        0.00035409    a_iajb     14900                            0.03009772        85
   60164        0.00035409        op     14900     14901                  0.03009772        85

  ==> Add operator: a_ia 180
  ==> Current qubit order: 0  1  6  7  2  60  3  61  10  8  9  11  18  19  20  21  22  14  15  64  65  5  4  23  24  25  34  35  26  12  13  58  59  27  36  37  40  41  42  43  30  31  62  63  32  33  44  39  52  57  49  48  56  45  75  55  38  72  46  78  53  51  73  50  79  47  74  90  91  66  54  68  16  80  81  17  69  29  28  76  77  67  70  71  87  88  86  82  83  84  85  89  92  93  94  95  96  97  98  99  100  101  102  103  


  ==> Energy                -308.072980206
  ==> dE                       -2.89e-05
  ==> Gradient Norm             1.87e+00
  ==> Abs. Max. Deriv.          5.57e-02
  ==> Time-Grad. (s)              57.159
  ==> Time-Energy (s)            152.769
  ==> Time-Iter. (s)             209.928

--------------------------------------------------------------------------------
CEO-ADAPT-VQE iteration: 175
--------------------------------------------------------------------------------
    gate        derivative      name       op1       op2       op3        g_unscaled   penalty
     130       -0.00104615      a_ia       130                           -0.00209230         2
    1883        0.00062119      a_ia      1883                            0.00124237         2
    1986       -0.00049872      a_ia      1986                           -0.00099744         2
    1612       -0.00047195      a_ia      1612                           -0.00094390         2
   73212        0.00035507        op     25356     25357                  0.01597806        45
   25356        0.00035505    a_iajb     25356                            0.01597745        45
   73213        0.00035504        om     25356     25357                  0.01597684        45
   60165        0.00035453        om     14900     14901                  0.03013529        85
   14900        0.00035453    a_iajb     14900                            0.03013529        85
   60164        0.00035453        op     14900     14901                  0.03013529        85

  ==> Add operator: a_ia 130
  ==> Current qubit order: 0  1  6  7  2  60  3  61  10  8  9  11  18  19  20  21  22  14  15  64  65  5  4  23  24  25  34  35  26  12  13  58  59  27  36  37  40  41  42  43  30  31  62  63  32  33  44  39  52  57  49  48  56  45  75  55  38  72  46  78  53  51  73  50  79  47  74  90  91  66  54  68  16  80  81  17  69  29  28  76  77  67  70  71  87  88  86  82  83  84  85  89  92  93  94  95  96  97  98  99  100  101  102  103  


  ==> Energy                -308.072981023
  ==> dE                       -8.17e-07
  ==> Gradient Norm             1.87e+00
  ==> Abs. Max. Deriv.          5.57e-02
  ==> Time-Grad. (s)              57.654
  ==> Time-Energy (s)             18.160
  ==> Time-Iter. (s)              75.813

--------------------------------------------------------------------------------
CEO-ADAPT-VQE iteration: 176
--------------------------------------------------------------------------------
    gate        derivative      name       op1       op2       op3        g_unscaled   penalty
    1883        0.00062602      a_ia      1883                            0.00125204         2
    1986       -0.00050101      a_ia      1986                           -0.00100203         2
    1612       -0.00047222      a_ia      1612                           -0.00094445         2
   73212        0.00035507        op     25356     25357                  0.01597809        45
   25356        0.00035505    a_iajb     25356                            0.01597747        45
   73213        0.00035504        om     25356     25357                  0.01597686        45
   60165        0.00035453        om     14900     14901                  0.03013528        85
   14900        0.00035453    a_iajb     14900                            0.03013528        85
   60164        0.00035453        op     14900     14901                  0.03013527        85
   90145        0.00034949        om     38193     38194                  0.02970699        85

  ==> Tried operator a_ia 1986: gain -2.94e-07 (threshold 3.0e-07), removed and excluded for this stage
  ==> Add operator: op -1: 25356 25357
  ==> Current qubit order: 0  1  6  7  2  60  3  61  10  8  9  11  18  19  20  21  22  14  15  64  65  5  4  23  24  25  34  35  26  12  13  58  59  27  36  37  40  41  42  43  30  31  62  63  32  33  44  39  52  57  49  48  56  45  75  55  38  72  46  78  53  51  73  50  79  47  74  90  91  66  54  68  16  80  81  17  28  69  29  76  77  67  70  71  87  88  86  82  83  84  85  89  92  93  94  95  96  97  98  99  100  101  102  103  


  ==> Energy                -308.073004850
  ==> dE                       -2.38e-05
  ==> Gradient Norm             1.87e+00
  ==> Abs. Max. Deriv.          5.57e-02
  ==> Time-Grad. (s)              57.872
  ==> Time-Energy (s)             34.402
  ==> Time-Iter. (s)              92.274

--------------------------------------------------------------------------------
CEO-ADAPT-VQE iteration: 177
--------------------------------------------------------------------------------
    gate        derivative      name       op1       op2       op3        g_unscaled   penalty
    1883        0.00062573      a_ia      1883                            0.00125146         2
    1986       -0.00050068      a_ia      1986                           -0.00100137         2
    1612       -0.00047212      a_ia      1612                           -0.00094423         2
   87669       -0.00036395        om     36388     36390                 -0.02948015        81
   60165        0.00035453        om     14900     14901                  0.03013529        85
   14900        0.00035453    a_iajb     14900                            0.03013529        85
   60164        0.00035453        op     14900     14901                  0.03013529        85
   90145        0.00034146        om     38193     38194                  0.02970689        87
   85152        0.00033995        op     34488     34489                  0.05541235       163
   34488        0.00033938    a_iajb     34488                            0.05531864       163

  ==> Add operator: mvp2 -1: 36388 36390
  ==> Current qubit order: 0  1  6  7  2  60  3  61  10  8  9  11  18  19  20  21  22  14  15  64  65  5  4  23  24  25  34  35  26  12  13  58  59  27  36  37  40  41  42  43  30  31  62  63  32  33  44  39  52  57  49  48  56  45  75  55  38  72  46  78  53  51  73  79  47  74  90  91  66  68  50  54  28  76  16  80  81  17  69  29  77  67  70  71  87  88  86  82  83  84  85  89  92  93  94  95  96  97  98  99  100  101  102  103  


  ==> Energy                -308.073389325
  ==> dE                       -3.84e-04
  ==> Gradient Norm             1.87e+00
  ==> Abs. Max. Deriv.          5.57e-02
  ==> Time-Grad. (s)              57.957
  ==> Time-Energy (s)             30.781
  ==> Time-Iter. (s)              88.739

--------------------------------------------------------------------------------
CEO-ADAPT-VQE iteration: 178
--------------------------------------------------------------------------------
    gate        derivative      name       op1       op2       op3        g_unscaled   penalty
     789        0.00143822      a_ia       789                            0.00287643         2
    1269       -0.00122183      a_ia      1269                           -0.00244365         2
    1883        0.00065137      a_ia      1883                            0.00130273         2
    1986       -0.00048866      a_ia      1986                           -0.00097731         2
    1612       -0.00047159      a_ia      1612                           -0.00094318         2
   87681       -0.00045671        om     36394     36396                 -0.02420584        53
   90145        0.00044295        om     38193     38194                  0.03233527        73
   87677       -0.00037977        om     36394     36395                 -0.02012782        53
   36394       -0.00037972    a_iajb     36394                           -0.02012527        53
   87676       -0.00037967        op     36394     36395                 -0.02012272        53

  ==> Add operator: a_ia 789
  ==> Current qubit order: 0  1  6  7  2  60  3  61  10  8  9  11  18  19  20  21  22  14  15  64  65  5  4  23  24  25  34  35  26  12  13  58  59  27  36  37  40  41  42  43  30  31  62  63  32  33  44  39  52  57  49  48  56  45  75  55  38  72  46  78  53  51  73  79  47  74  90  91  66  68  50  54  28  76  16  80  81  17  69  29  77  67  70  71  87  88  86  82  83  84  85  89  92  93  94  95  96  97  98  99  100  101  102  103  


  ==> Energy                -308.073390859
  ==> dE                       -1.53e-06
  ==> Gradient Norm             1.87e+00
  ==> Abs. Max. Deriv.          5.57e-02
  ==> Time-Grad. (s)              58.507
  ==> Time-Energy (s)             22.942
  ==> Time-Iter. (s)              81.449

--------------------------------------------------------------------------------
CEO-ADAPT-VQE iteration: 179
--------------------------------------------------------------------------------
    gate        derivative      name       op1       op2       op3        g_unscaled   penalty
    1269       -0.00122325      a_ia      1269                           -0.00244650         2
    1883        0.00065615      a_ia      1883                            0.00131231         2
    1986       -0.00049169      a_ia      1986                           -0.00098338         2
    1612       -0.00047311      a_ia      1612                           -0.00094621         2
   87681       -0.00045672        om     36394     36396                 -0.02420591        53
   90145        0.00044294        om     38193     38194                  0.03233470        73
   87677       -0.00037977        om     36394     36395                 -0.02012787        53
   36394       -0.00037972    a_iajb     36394                           -0.02012533        53
   87676       -0.00037968        op     36394     36395                 -0.02012278        53
   38193        0.00037907    a_iajb     38193                            0.02767189        73

  ==> Add operator: a_ia 1269
  ==> Current qubit order: 0  1  6  7  2  60  3  61  10  8  9  11  18  19  20  21  22  14  15  64  65  5  4  23  24  25  34  35  26  12  13  58  59  27  36  37  40  41  42  43  30  31  62  63  32  33  44  39  52  57  49  48  56  45  75  55  38  72  46  78  53  51  73  79  47  74  90  91  66  68  50  54  28  76  16  80  81  17  69  29  77  67  70  71  87  88  86  82  83  84  85  89  92  93  94  95  96  97  98  99  100  101  102  103  


  ==> Energy                -308.073392151
  ==> dE                       -1.29e-06
  ==> Gradient Norm             1.87e+00
  ==> Abs. Max. Deriv.          5.57e-02
  ==> Time-Grad. (s)              58.927
  ==> Time-Energy (s)             17.696
  ==> Time-Iter. (s)              76.623

--------------------------------------------------------------------------------
CEO-ADAPT-VQE iteration: 180
--------------------------------------------------------------------------------
    gate        derivative      name       op1       op2       op3        g_unscaled   penalty
    1883        0.00066469      a_ia      1883                            0.00132937         2
    1986       -0.00049591      a_ia      1986                           -0.00099181         2
    1612       -0.00047382      a_ia      1612                           -0.00094765         2
   87681       -0.00045671        om     36394     36396                 -0.02420554        53
   90145        0.00044294        om     38193     38194                  0.03233432        73
   87677       -0.00037979        om     36394     36395                 -0.02012900        53
   36394       -0.00037974    a_iajb     36394                           -0.02012648        53
   87676       -0.00037970        op     36394     36395                 -0.02012396        53
   38193        0.00037905    a_iajb     38193                            0.02767101        73
   87486        0.00037769        op     36267     36268                  0.02606055        69

  ==> Add operator: mvp2 -1: 36394 36396
  ==> Current qubit order: 0  1  6  7  2  60  3  61  10  8  9  11  18  19  20  21  22  14  15  64  65  5  4  23  24  25  34  35  26  12  13  58  59  27  36  37  40  41  42  43  30  31  62  63  32  33  44  39  52  57  49  48  56  45  75  55  38  72  46  78  53  51  73  79  47  74  90  91  66  68  50  54  28  80  76  16  81  17  69  29  77  67  70  71  87  88  86  82  83  84  85  89  92  93  94  95  96  97  98  99  100  101  102  103  


  ==> Energy                -308.073691862
  ==> dE                       -3.00e-04
  ==> Gradient Norm             1.87e+00
  ==> Abs. Max. Deriv.          5.57e-02
  ==> Time-Grad. (s)              58.752
  ==> Time-Energy (s)             31.403
  ==> Time-Iter. (s)              90.155

--------------------------------------------------------------------------------
CEO-ADAPT-VQE iteration: 181
--------------------------------------------------------------------------------
    gate        derivative      name       op1       op2       op3        g_unscaled   penalty
    1883        0.00063722      a_ia      1883                            0.00127445         2
    1612       -0.00047716      a_ia      1612                           -0.00095432         2
    1964        0.00046427      a_ia      1964                            0.00278559         6
    1986       -0.00044714      a_ia      1986                           -0.00089428         2
   90145        0.00044299        om     38193     38194                  0.03233822        73
   38193        0.00037853    a_iajb     38193                            0.02763241        73
   87486        0.00037783        op     36267     36268                  0.02607042        69
   36267        0.00037252    a_iajb     36267                            0.02570363        69
   90149        0.00036875        om     38197     38198                  0.02839389        77
   87487        0.00036720        om     36267     36268                  0.02533684        69

  ==> Add operator: a_ia 1964
  ==> Current qubit order: 0  1  6  7  2  60  3  61  10  8  9  11  18  19  20  21  22  14  15  64  65  5  4  23  24  25  34  35  26  12  13  58  59  27  36  37  40  41  42  43  30  31  62  63  32  33  44  39  52  57  49  48  56  45  75  55  38  72  46  78  53  51  73  79  47  74  90  91  66  68  54  28  50  80  76  16  81  17  69  29  77  67  70  71  87  88  86  82  83  84  85  89  92  93  94  95  96  97  98  99  100  101  102  103  


  ==> Energy                -308.073693861
  ==> dE                       -2.00e-06
  ==> Gradient Norm             1.87e+00
  ==> Abs. Max. Deriv.          5.56e-02
  ==> Time-Grad. (s)              60.151
  ==> Time-Energy (s)             17.081
  ==> Time-Iter. (s)              77.232

--------------------------------------------------------------------------------
CEO-ADAPT-VQE iteration: 182
--------------------------------------------------------------------------------
    gate        derivative      name       op1       op2       op3        g_unscaled   penalty
    1883        0.00063261      a_ia      1883                            0.00126523         2
   90145        0.00048285        om     38193     38194                  0.03235072        67
    1612       -0.00047716      a_ia      1612                           -0.00095432         2
    1986       -0.00044955      a_ia      1986                           -0.00089909         2
   38193        0.00041261    a_iajb     38193                            0.02764500        67
   90149        0.00040015        om     38197     38198                  0.02841037        71
    1962        0.00039048      a_ia      1962                            0.00156191         4
   87486        0.00038911        op     36267     36268                  0.02607037        67
   36267        0.00038363    a_iajb     36267                            0.02570336        67
   87487        0.00037815        om     36267     36268                  0.02533634        67

  ==> Add operator: mvp2 -1: 38193 38194
  ==> Current qubit order: 0  1  6  7  2  60  3  61  10  8  9  11  18  19  20  21  22  14  15  64  65  5  4  23  24  25  34  35  26  12  13  58  59  27  36  37  40  41  42  43  30  31  62  63  32  33  44  39  52  57  49  48  56  45  75  55  38  72  46  78  53  51  73  79  47  74  90  91  66  68  28  80  76  54  50  29  77  16  81  17  69  67  70  71  87  88  86  82  83  84  85  89  92  93  94  95  96  97  98  99  100  101  102  103  


  ==> Energy                -308.074136906
  ==> dE                       -4.43e-04
  ==> Gradient Norm             1.87e+00
  ==> Abs. Max. Deriv.          5.56e-02
  ==> Time-Grad. (s)              60.530
  ==> Time-Energy (s)             31.335
  ==> Time-Iter. (s)              91.866

--------------------------------------------------------------------------------
CEO-ADAPT-VQE iteration: 183
--------------------------------------------------------------------------------
    gate        derivative      name       op1       op2       op3        g_unscaled   penalty
    1306       -0.00130978      a_ia      1306                           -0.00261957         2
    1883        0.00066057      a_ia      1883                            0.00132114         2
   90149        0.00062586        om     38197     38198                  0.02816355        45
    2062       -0.00058137      a_ia      2062                           -0.00116275         2
    1264        0.00054684      a_ia      1264                            0.00218736         4
   38197        0.00053928    a_iajb     38197                            0.02426752        45
     832        0.00049626      a_ia       832                            0.00297759         6
     827        0.00048342      a_ia       827                            0.00193369         4
    1612       -0.00047622      a_ia      1612                           -0.00095245         2
   90148        0.00045270        op     38197     38198                  0.02037149        45

  ==> Add operator: a_ia 1306
  ==> Current qubit order: 0  1  6  7  2  60  3  61  10  8  9  11  18  19  20  21  22  14  15  64  65  5  4  23  24  25  34  35  26  12  13  58  59  27  36  37  40  41  42  43  30  31  62  63  32  33  44  39  52  57  49  48  56  45  75  55  38  72  46  78  53  51  73  79  47  74  90  91  66  68  28  80  76  54  50  29  77  16  81  17  69  67  70  71  87  88  86  82  83  84  85  89  92  93  94  95  96  97  98  99  100  101  102  103  


  ==> Energy                -308.074138384
  ==> dE                       -1.48e-06
  ==> Gradient Norm             1.86e+00
  ==> Abs. Max. Deriv.          5.56e-02
  ==> Time-Grad. (s)              60.920
  ==> Time-Energy (s)             16.660
  ==> Time-Iter. (s)              77.579

--------------------------------------------------------------------------------
CEO-ADAPT-VQE iteration: 184
--------------------------------------------------------------------------------
    gate        derivative      name       op1       op2       op3        g_unscaled   penalty
    1883        0.00066617      a_ia      1883                            0.00133235         2
   90149        0.00062578        om     38197     38198                  0.02816017        45
    2062       -0.00058141      a_ia      2062                           -0.00116282         2
    1264        0.00054697      a_ia      1264                            0.00218787         4
   38197        0.00053923    a_iajb     38197                            0.02426541        45
     832        0.00049675      a_ia       832                            0.00298048         6
     827        0.00048602      a_ia       827                            0.00194409         4
    1612       -0.00047781      a_ia      1612                           -0.00095561         2
   90148        0.00045268        op     38197     38198                  0.02037066        45
    1986       -0.00044600      a_ia      1986                           -0.00089201         2

  ==> Add operator: mvp2 -1: 38197 38198
  ==> Current qubit order: 0  1  6  7  2  60  3  61  10  8  9  11  18  19  20  21  22  14  15  64  65  5  4  23  24  25  34  35  26  12  13  58  59  27  36  37  40  41  42  43  30  31  62  63  32  33  44  39  52  57  49  48  56  45  75  55  38  72  46  78  53  51  73  79  47  74  90  91  66  68  28  80  76  54  50  29  81  77  16  17  69  67  70  71  87  88  86  82  83  84  85  89  92  93  94  95  96  97  98  99  100  101  102  103  


  ==> Energy                -308.074448045
  ==> dE                       -3.10e-04
  ==> Gradient Norm             1.86e+00
  ==> Abs. Max. Deriv.          5.56e-02
  ==> Time-Grad. (s)              61.483
  ==> Time-Energy (s)             32.204
  ==> Time-Iter. (s)              93.687

--------------------------------------------------------------------------------
CEO-ADAPT-VQE iteration: 185
--------------------------------------------------------------------------------
    gate        derivative      name       op1       op2       op3        g_unscaled   penalty
     832        0.00074674      a_ia       832                            0.00298695         4
    1883        0.00064315      a_ia      1883                            0.00128631         2
    2062       -0.00059059      a_ia      2062                           -0.00118119         2
    1264        0.00054678      a_ia      1264                            0.00218713         4
     827        0.00048629      a_ia       827                            0.00194515         4
    1612       -0.00048088      a_ia      1612                           -0.00096175         2
    1986       -0.00041159      a_ia      1986                           -0.00082317         2
   87486        0.00040110        op     36267     36268                  0.02607131        65
    2036        0.00039535      a_ia      2036                            0.00158139         4
    1962        0.00039513      a_ia      1962                            0.00158053         4

  ==> Add operator: a_ia 832
  ==> Current qubit order: 0  1  6  7  2  60  3  61  10  8  9  11  18  19  20  21  22  14  15  64  65  5  4  23  24  25  34  35  26  12  13  58  59  27  36  37  40  41  42  43  30  31  62  63  32  33  44  39  52  57  49  48  56  45  75  55  38  72  46  78  53  51  73  79  47  74  90  91  66  68  28  80  76  54  50  29  81  16  77  17  69  67  70  71  87  88  86  82  83  84  85  89  92  93  94  95  96  97  98  99  100  101  102  103  


  ==> Energy                -308.074449699
  ==> dE                       -1.65e-06
  ==> Gradient Norm             1.86e+00
  ==> Abs. Max. Deriv.          5.56e-02
  ==> Time-Grad. (s)              61.956
  ==> Time-Energy (s)             20.021
  ==> Time-Iter. (s)              81.977

--------------------------------------------------------------------------------
CEO-ADAPT-VQE iteration: 186
--------------------------------------------------------------------------------
    gate        derivative      name       op1       op2       op3        g_unscaled   penalty
    1883        0.00064861      a_ia      1883                            0.00129721         2
    2062       -0.00059057      a_ia      2062                           -0.00118115         2
    1264        0.00054697      a_ia      1264                            0.00218787         4
     827        0.00048424      a_ia       827                            0.00193695         4
    1612       -0.00048139      a_ia      1612                           -0.00096278         2
    1986       -0.00041420      a_ia      1986                           -0.00082840         2
   87486        0.00040110        op     36267     36268                  0.02607139        65
    2036        0.00039542      a_ia      2036                            0.00158168         4
   36267        0.00039500    a_iajb     36267                            0.02567501        65
    1962        0.00039489      a_ia      1962                            0.00157955         4

  ==> Add operator: a_ia 2062
  ==> Current qubit order: 0  1  6  7  2  60  3  61  10  8  9  11  18  19  20  21  22  14  15  64  65  5  4  23  24  25  34  35  26  12  13  58  59  27  36  37  40  41  42  43  30  31  62  63  32  33  44  39  52  57  49  48  56  45  75  55  38  72  46  78  53  51  73  79  47  74  90  91  66  68  28  80  76  54  50  29  81  16  77  17  69  67  70  71  87  88  86  82  83  84  85  89  92  93  94  95  96  97  98  99  100  101  102  103  


  ==> Energy                -308.074464135
  ==> dE                       -1.44e-05
  ==> Gradient Norm             1.86e+00
  ==> Abs. Max. Deriv.          5.56e-02
  ==> Time-Grad. (s)              62.190
  ==> Time-Energy (s)             17.287
  ==> Time-Iter. (s)              79.477

--------------------------------------------------------------------------------
CEO-ADAPT-VQE iteration: 187
--------------------------------------------------------------------------------
    gate        derivative      name       op1       op2       op3        g_unscaled   penalty
    1883        0.00064193      a_ia      1883                            0.00128386         2
    1264        0.00054662      a_ia      1264                            0.00218647         4
     827        0.00048377      a_ia       827                            0.00193509         4
    1612       -0.00047720      a_ia      1612                           -0.00095441         2
    1986       -0.00041065      a_ia      1986                           -0.00082131         2
   87486        0.00040110        op     36267     36268                  0.02607147        65
    2036        0.00039521      a_ia      2036                            0.00158084         4
   36267        0.00039500    a_iajb     36267                            0.02567483        65
   87487        0.00038890        om     36267     36268                  0.02527819        65
   85152        0.00037661        op     34488     34489                  0.05536189       147

  ==> Add operator: a_ia 1264
  ==> Current qubit order: 0  1  6  7  2  60  3  61  10  8  9  11  18  19  20  21  22  14  15  64  65  5  4  23  24  25  34  35  26  12  13  58  59  27  36  37  40  41  42  43  30  31  62  63  32  33  44  39  52  57  49  48  56  45  75  55  38  72  46  78  53  51  73  79  47  74  90  91  68  66  28  80  76  54  50  29  81  16  77  17  69  67  70  71  87  88  86  82  83  84  85  89  92  93  94  95  96  97  98  99  100  101  102  103  


  ==> Energy                -308.074465410
  ==> dE                       -1.27e-06
  ==> Gradient Norm             1.86e+00
  ==> Abs. Max. Deriv.          5.56e-02
  ==> Time-Grad. (s)              63.707
  ==> Time-Energy (s)             19.744
  ==> Time-Iter. (s)              83.451

--------------------------------------------------------------------------------
CEO-ADAPT-VQE iteration: 188
--------------------------------------------------------------------------------
    gate        derivative      name       op1       op2       op3        g_unscaled   penalty
    1883        0.00063943      a_ia      1883                            0.00127886         2
     827        0.00048558      a_ia       827                            0.00194234         4
    1612       -0.00047636      a_ia      1612                           -0.00095272         2
    1986       -0.00040626      a_ia      1986                           -0.00081252         2
   87486        0.00040094        op     36267     36268                  0.02606124        65
    2036        0.00039521      a_ia      2036                            0.00158085         4
   36267        0.00039485    a_iajb     36267                            0.02566509        65
   87487        0.00038875        om     36267     36268                  0.02526893        65
   85152        0.00037658        op     34488     34489                  0.05535673       147
   34488        0.00037593    a_iajb     34488                            0.05526194       147

  ==> Add operator: a_ia 827
  ==> Current qubit order: 0  1  6  7  2  60  3  61  10  8  9  11  18  19  20  21  22  14  15  64  65  5  4  23  24  25  34  35  26  12  13  58  59  27  36  37  40  41  42  43  30  31  62  63  32  33  44  39  52  57  49  48  56  45  75  55  38  72  46  78  53  51  73  79  47  74  90  91  68  66  28  80  76  54  50  29  81  16  77  69  17  67  70  71  87  88  86  82  83  84  85  89  92  93  94  95  96  97  98  99  100  101  102  103  


  ==> Energy                -308.074466257
  ==> dE                       -8.47e-07
  ==> Gradient Norm             1.86e+00
  ==> Abs. Max. Deriv.          5.56e-02
  ==> Time-Grad. (s)              64.264
  ==> Time-Energy (s)             18.273
  ==> Time-Iter. (s)              82.537

--------------------------------------------------------------------------------
CEO-ADAPT-VQE iteration: 189
--------------------------------------------------------------------------------
    gate        derivative      name       op1       op2       op3        g_unscaled   penalty
    1883        0.00064680      a_ia      1883                            0.00129360         2
    1612       -0.00047740      a_ia      1612                           -0.00095480         2
    1986       -0.00041196      a_ia      1986                           -0.00082393         2
   87486        0.00040094        op     36267     36268                  0.02606114        65
    2036        0.00039530      a_ia      2036                            0.00158119         4
   36267        0.00039484    a_iajb     36267                            0.02566491        65
   87487        0.00038875        om     36267     36268                  0.02526868        65
   85152        0.00037658        op     34488     34489                  0.05535713       147
   34488        0.00037593    a_iajb     34488                            0.05526238       147
   85153        0.00037529        om     34488     34489                  0.05516763       147

  ==> Add operator: mvp2 -1: 36267 36268
  ==> Current qubit order: 0  1  6  7  2  60  3  61  10  8  9  11  18  19  20  21  22  14  15  64  65  5  4  23  24  25  34  35  26  12  13  58  59  27  36  37  40  41  42  43  30  31  62  63  32  33  44  39  52  57  49  48  56  45  75  55  38  72  46  78  53  51  79  74  91  73  47  90  28  68  66  80  76  54  50  29  81  16  77  69  17  67  70  71  87  88  86  82  83  84  85  89  92  93  94  95  96  97  98  99  100  101  102  103  


  ==> Energy                -308.074556348
  ==> dE                       -9.01e-05
  ==> Gradient Norm             1.86e+00
  ==> Abs. Max. Deriv.          5.56e-02
  ==> Time-Grad. (s)              64.336
  ==> Time-Energy (s)             30.878
  ==> Time-Iter. (s)              95.214

--------------------------------------------------------------------------------
CEO-ADAPT-VQE iteration: 190
--------------------------------------------------------------------------------
    gate        derivative      name       op1       op2       op3        g_unscaled   penalty
    1276       -0.00085305      a_ia      1276                           -0.00170610         2
    1612       -0.00047134      a_ia      1612                           -0.00094269         2
   87332       -0.00043888        op     36113     36114                 -0.02413837        55
   89979       -0.00043105        om     38074     38076                 -0.02974236        69
   89975       -0.00042000        om     38074     38075                 -0.02897998        69
   38074       -0.00041999    a_iajb     38074                           -0.02897959        69
   89974       -0.00041999        op     38074     38075                 -0.02897920        69
   89978       -0.00040894        op     38074     38076                 -0.02821682        69
   36113       -0.00039095    a_iajb     36113                           -0.02150214        55
   85125        0.00038390        om     34460     34461                  0.05566621       145

  ==> Add operator: a_ia 1276
  ==> Current qubit order: 0  1  6  7  2  60  3  61  10  8  9  11  18  19  20  21  22  14  15  64  65  5  4  23  24  25  34  35  26  12  13  58  59  27  36  37  40  41  42  43  30  31  62  63  32  33  44  39  52  57  49  48  56  45  75  55  38  72  46  78  53  51  79  74  91  73  47  90  28  68  66  80  76  54  50  29  81  16  77  69  17  67  70  71  87  88  86  82  83  84  85  89  92  93  94  95  96  97  98  99  100  101  102  103  


  ==> Energy                -308.074556810
  ==> dE                       -4.62e-07
  ==> Gradient Norm             1.86e+00
  ==> Abs. Max. Deriv.          5.57e-02
  ==> Time-Grad. (s)              65.524
  ==> Time-Energy (s)             20.529
  ==> Time-Iter. (s)              86.052

--------------------------------------------------------------------------------
CEO-ADAPT-VQE iteration: 191
--------------------------------------------------------------------------------
    gate        derivative      name       op1       op2       op3        g_unscaled   penalty
    1612       -0.00047435      a_ia      1612                           -0.00094870         2
   87332       -0.00043887        op     36113     36114                 -0.02413806        55
   89979       -0.00043105        om     38074     38076                 -0.02974221        69
   89975       -0.00041999        om     38074     38075                 -0.02897932        69
   38074       -0.00041998    a_iajb     38074                           -0.02897893        69
   89974       -0.00041998        op     38074     38075                 -0.02897854        69
   89978       -0.00040892        op     38074     38076                 -0.02821565        69
   36113       -0.00039095    a_iajb     36113                           -0.02150199        55
   85125        0.00038375        om     34460     34461                  0.05564412       145
   34460        0.00038292    a_iajb     34460                            0.05552312       145

  ==> Add operator: mvp2 -1: 36113 36114
  ==> Current qubit order: 0  1  6  7  2  60  3  61  10  8  9  11  18  19  20  21  22  14  15  64  65  5  4  23  24  25  34  35  26  12  13  58  59  27  36  37  40  41  42  43  30  31  62  63  32  33  44  39  52  57  49  48  56  45  75  55  38  72  46  78  51  79  74  91  73  53  47  28  68  90  66  80  76  54  50  29  81  16  77  69  17  67  70  71  87  88  86  82  83  84  85  89  92  93  94  95  96  97  98  99  100  101  102  103  


  ==> Energy                -308.074768723
  ==> dE                       -2.12e-04
  ==> Gradient Norm             1.86e+00
  ==> Abs. Max. Deriv.          5.56e-02
  ==> Time-Grad. (s)              65.581
  ==> Time-Energy (s)             33.333
  ==> Time-Iter. (s)              98.913

--------------------------------------------------------------------------------
CEO-ADAPT-VQE iteration: 192
--------------------------------------------------------------------------------
    gate        derivative      name       op1       op2       op3        g_unscaled   penalty
    2036        0.00078046      a_ia      2036                            0.00156092         2
    1265       -0.00066457      a_ia      1265                           -0.00132914         2
    1612       -0.00048458      a_ia      1612                           -0.00096916         2
   87354       -0.00047574        op     36135     36136                 -0.02045683        43
   89979       -0.00045766        om     38074     38076                 -0.02974818        65
   89975       -0.00044592        om     38074     38075                 -0.02898498        65
   38074       -0.00044592    a_iajb     38074                           -0.02898459        65
   89974       -0.00044591        op     38074     38075                 -0.02898420        65
   89978       -0.00043417        op     38074     38076                 -0.02822101        65
   36135       -0.00041646    a_iajb     36135                           -0.01790767        43

  ==> Add operator: a_ia 2036
  ==> Current qubit order: 0  1  6  7  2  60  3  61  10  8  9  11  18  19  20  21  22  14  15  64  65  5  4  23  24  25  34  35  26  12  13  58  59  27  36  37  40  41  42  43  30  31  62  63  32  33  44  39  52  57  49  48  56  45  75  55  38  72  46  78  51  79  74  91  73  53  47  28  68  90  66  80  76  54  50  29  81  16  77  69  17  67  70  71  87  88  86  82  83  84  85  89  92  93  94  95  96  97  98  99  100  101  102  103  


  ==> Energy                -308.074862310
  ==> dE                       -9.36e-05
  ==> Gradient Norm             1.86e+00
  ==> Abs. Max. Deriv.          5.57e-02
  ==> Time-Grad. (s)              66.626
  ==> Time-Energy (s)            261.880
  ==> Time-Iter. (s)             328.506

--------------------------------------------------------------------------------
CEO-ADAPT-VQE iteration: 193
--------------------------------------------------------------------------------
    gate        derivative      name       op1       op2       op3        g_unscaled   penalty
    1265       -0.00062866      a_ia      1265                           -0.00125732         2
    1612       -0.00051015      a_ia      1612                           -0.00102030         2
   87354       -0.00048288        op     36135     36136                 -0.02076392        43
   89979       -0.00045740        om     38074     38076                 -0.02973110        65
   89975       -0.00044373        om     38074     38075                 -0.02884252        65
   38074       -0.00044373    a_iajb     38074                           -0.02884215        65
   89974       -0.00044372        op     38074     38075                 -0.02884179        65
   89978       -0.00043005        op     38074     38076                 -0.02795321        65
   36135       -0.00042524    a_iajb     36135                           -0.01828553        43
   85125        0.00037294        om     34460     34461                  0.05556874       149

  ==> Add operator: a_ia 1265
  ==> Current qubit order: 0  1  6  7  2  60  3  61  10  8  9  11  18  19  20  21  22  14  15  64  65  5  4  23  24  25  34  35  26  12  13  58  59  27  36  37  40  41  42  43  30  31  62  63  32  33  44  39  52  57  49  48  56  45  75  55  38  72  46  78  51  79  74  91  73  53  47  28  68  90  66  80  76  54  50  29  81  16  77  69  17  67  70  71  87  88  86  82  83  84  85  89  92  93  94  95  96  97  98  99  100  101  102  103  


  ==> Energy                -308.074862730
  ==> dE                       -4.20e-07
  ==> Gradient Norm             1.86e+00
  ==> Abs. Max. Deriv.          5.56e-02
  ==> Time-Grad. (s)              67.086
  ==> Time-Energy (s)             20.726
  ==> Time-Iter. (s)              87.812

--------------------------------------------------------------------------------
CEO-ADAPT-VQE iteration: 194
--------------------------------------------------------------------------------
    gate        derivative      name       op1       op2       op3        g_unscaled   penalty
    1612       -0.00051176      a_ia      1612                           -0.00102352         2
   87354       -0.00048287        op     36135     36136                 -0.02076353        43
   89979       -0.00045740        om     38074     38076                 -0.02973131        65
   89975       -0.00044373        om     38074     38075                 -0.02884263        65
   38074       -0.00044373    a_iajb     38074                           -0.02884227        65
   89974       -0.00044372        op     38074     38075                 -0.02884190        65
   89978       -0.00043005        op     38074     38076                 -0.02795323        65
   36135       -0.00042524    a_iajb     36135                           -0.01828537        43
   85125        0.00037293        om     34460     34461                  0.05556650       149
   34460        0.00037213    a_iajb     34460                            0.05544752       149

  ==> Add operator: mvp2 -1: 36135 36136
  ==> Current qubit order: 0  1  6  7  2  60  3  61  10  8  9  11  18  19  20  21  22  14  15  64  65  5  4  23  24  25  34  35  26  12  13  58  59  27  36  37  40  41  42  43  30  31  62  63  32  33  44  39  52  57  49  48  56  45  75  55  38  72  46  78  51  79  74  91  73  53  47  28  90  68  66  80  76  54  50  29  81  16  77  69  17  67  70  71  87  88  86  82  83  84  85  89  92  93  94  95  96  97  98  99  100  101  102  103  


  ==> Energy                -308.074986807
  ==> dE                       -1.24e-04
  ==> Gradient Norm             1.86e+00
  ==> Abs. Max. Deriv.          5.56e-02
  ==> Time-Grad. (s)              67.506
  ==> Time-Energy (s)             33.638
  ==> Time-Iter. (s)             101.144

--------------------------------------------------------------------------------
CEO-ADAPT-VQE iteration: 195
--------------------------------------------------------------------------------
    gate        derivative      name       op1       op2       op3        g_unscaled   penalty
    1612       -0.00051698      a_ia      1612                           -0.00103397         2
   89979       -0.00045736        om     38074     38076                 -0.02972858        65
   89975       -0.00044374        om     38074     38075                 -0.02884306        65
   38074       -0.00044374    a_iajb     38074                           -0.02884282        65
   89974       -0.00044373        op     38074     38075                 -0.02884259        65
   89978       -0.00043011        op     38074     38076                 -0.02795706        65
   89721        0.00038365        om     37945     37947                  0.02263545        59
   85125        0.00037291        om     34460     34461                  0.05556409       149
   34460        0.00037211    a_iajb     34460                            0.05544492       149
   85124        0.00037131        op     34460     34461                  0.05532575       149

  ==> Add operator: mvp2 -1: 38074 38076
  ==> Current qubit order: 0  1  6  7  2  60  3  61  10  8  9  11  18  19  20  21  22  14  15  64  65  5  4  23  24  25  34  35  26  12  13  58  59  27  36  37  40  41  42  43  30  31  62  63  32  33  44  39  52  57  49  48  56  45  75  55  38  72  46  78  51  79  74  53  28  91  73  47  29  90  68  66  80  76  54  50  81  16  77  69  17  67  70  71  87  88  86  82  83  84  85  89  92  93  94  95  96  97  98  99  100  101  102  103  


  ==> Energy                -308.075166097
  ==> dE                       -1.79e-04
  ==> Gradient Norm             1.86e+00
  ==> Abs. Max. Deriv.          5.56e-02
  ==> Time-Grad. (s)              68.175
  ==> Time-Energy (s)             33.214
  ==> Time-Iter. (s)             101.388

--------------------------------------------------------------------------------
CEO-ADAPT-VQE iteration: 196
--------------------------------------------------------------------------------
    gate        derivative      name       op1       op2       op3        g_unscaled   penalty
    1313       -0.00075335      a_ia      1313                           -0.00452008         6
    1612       -0.00050598      a_ia      1612                           -0.00101197         2
   89721        0.00040967        om     37945     37947                  0.02089314        51
   89667        0.00039625        om     37918     37920                  0.02654890        67
   85153        0.00037521        om     34488     34489                  0.05515657       147
   34488        0.00037507    a_iajb     34488                            0.05513545       147
   85152        0.00037493        op     34488     34489                  0.05511434       147
   89717        0.00037239        om     37945     37946                  0.01899189        51
   37945        0.00037234    a_iajb     37945                            0.01898911        51
   89716        0.00037228        op     37945     37946                  0.01898633        51

  ==> Add operator: a_ia 1313
  ==> Current qubit order: 0  1  6  7  2  60  3  61  10  8  9  11  18  19  20  21  22  14  15  64  65  5  4  23  24  25  34  35  26  12  13  58  59  27  36  37  40  41  42  43  30  31  62  63  32  33  44  39  52  57  49  48  56  45  75  55  38  72  46  78  51  79  74  53  28  73  47  91  29  90  68  66  80  76  54  50  81  16  77  69  17  67  70  71  87  88  86  82  83  84  85  89  92  93  94  95  96  97  98  99  100  101  102  103  


  ==> Energy                -308.075169512
  ==> dE                       -3.41e-06
  ==> Gradient Norm             1.86e+00
  ==> Abs. Max. Deriv.          5.53e-02
  ==> Time-Grad. (s)              69.068
  ==> Time-Energy (s)             19.964
  ==> Time-Iter. (s)              89.033

--------------------------------------------------------------------------------
CEO-ADAPT-VQE iteration: 197
--------------------------------------------------------------------------------
    gate        derivative      name       op1       op2       op3        g_unscaled   penalty
    1612       -0.00051451      a_ia      1612                           -0.00102903         2
   85153        0.00037486        om     34488     34489                  0.05510372       147
   34488        0.00037472    a_iajb     34488                            0.05508351       147
   85152        0.00037458        op     34488     34489                  0.05506331       147
   85124        0.00037144        op     34460     34461                  0.05534401       149
   34460        0.00037104    a_iajb     34460                            0.05528491       149
   85125        0.00037064        om     34460     34461                  0.05522582       149
   89721        0.00036524        om     37945     37947                  0.02081884        57
   89667        0.00036365        om     37918     37920                  0.02654668        73
   60164        0.00035440        op     14900     14901                  0.03012380        85

  ==> Add operator: om -1: 34488 34489
  ==> Current qubit order: 0  1  6  7  2  60  3  61  10  8  9  11  18  19  20  21  22  14  15  64  65  5  4  23  24  25  34  35  26  12  13  58  27  36  37  40  41  42  43  30  31  62  63  32  33  44  39  52  57  49  48  56  45  75  55  38  59  28  29  90  72  46  78  51  79  74  53  73  47  91  68  66  80  76  54  50  81  16  77  69  17  67  70  71  87  88  86  82  83  84  85  89  92  93  94  95  96  97  98  99  100  101  102  103  


  ==> Energy                -308.075513393
  ==> dE                       -3.44e-04
  ==> Gradient Norm             1.86e+00
  ==> Abs. Max. Deriv.          5.53e-02
  ==> Time-Grad. (s)              69.458
  ==> Time-Energy (s)             18.536
  ==> Time-Iter. (s)              87.994

--------------------------------------------------------------------------------
CEO-ADAPT-VQE iteration: 198
--------------------------------------------------------------------------------
    gate        derivative      name       op1       op2       op3        g_unscaled   penalty
   85124        0.00042482        op     34460     34461                  0.05395163       127
   34460        0.00042447    a_iajb     34460                            0.05390796       127
   85125        0.00042413        om     34460     34461                  0.05386429       127
   70617       -0.00040674        om     23255     23256                 -0.03782709        93
   23255       -0.00040526    a_iajb     23255                           -0.03768887        93
   70616       -0.00040377        op     23255     23256                 -0.03755065        93
   73035       -0.00040269        om     25178     25179                 -0.04228221       105
   25178       -0.00039863    a_iajb     25178                           -0.04185642       105
   73034       -0.00039458        op     25178     25179                 -0.04143064       105
   60164        0.00037191        op     14900     14901                  0.03012477        81

  ==> Add operator: op -1: 34460 34461
  ==> Current qubit order: 0  1  6  7  2  60  3  61  10  8  9  11  18  19  20  21  22  14  15  64  65  5  4  23  24  25  34  35  26  12  13  27  36  37  40  41  42  43  30  31  62  63  32  33  44  39  52  57  49  48  56  45  75  58  28  29  91  55  38  59  90  72  46  78  51  79  74  53  73  47  68  66  80  76  54  50  81  16  77  69  17  67  70  71  87  88  86  82  83  84  85  89  92  93  94  95  96  97  98  99  100  101  102  103  


  ==> Energy                -308.075843061
  ==> dE                       -3.30e-04
  ==> Gradient Norm             1.86e+00
  ==> Abs. Max. Deriv.          5.40e-02
  ==> Time-Grad. (s)              69.372
  ==> Time-Energy (s)             18.925
  ==> Time-Iter. (s)              88.297

--------------------------------------------------------------------------------
CEO-ADAPT-VQE iteration: 199
--------------------------------------------------------------------------------
    gate        derivative      name       op1       op2       op3        g_unscaled   penalty
    1260       -0.00105018      a_ia      1260                           -0.00210037         2
   70594       -0.00041003        op     23233     23234                 -0.04223349       103
   23233       -0.00040732    a_iajb     23233                           -0.04195347       103
   70595       -0.00040460        om     23233     23234                 -0.04167345       103
   73035       -0.00039519        om     25178     25179                 -0.04228542       107
   25178       -0.00039128    a_iajb     25178                           -0.04186650       107
   60164        0.00039124        op     14900     14901                  0.03012572        77
   14900        0.00039124    a_iajb     14900                            0.03012572        77
   60165        0.00039124        om     14900     14901                  0.03012572        77
   73034       -0.00038736        op     25178     25179                 -0.04144758       107

  ==> Add operator: a_ia 1260
  ==> Current qubit order: 0  1  6  7  2  60  3  61  10  8  9  11  18  19  20  21  22  14  15  64  65  5  4  23  24  25  34  35  26  12  13  27  36  37  40  41  42  43  30  31  62  63  32  33  44  39  52  57  49  48  56  45  75  58  28  29  91  55  38  59  90  72  46  78  51  79  74  53  73  47  68  66  80  76  54  50  81  16  77  69  17  67  70  71  87  88  86  82  83  84  85  89  92  93  94  95  96  97  98  99  100  101  102  103  


  ==> Energy                -308.075844676
  ==> dE                       -1.61e-06
  ==> Gradient Norm             1.85e+00
  ==> Abs. Max. Deriv.          4.76e-02
  ==> Time-Grad. (s)              69.674
  ==> Time-Energy (s)             20.533
  ==> Time-Iter. (s)              90.207

--------------------------------------------------------------------------------
CEO-ADAPT-VQE iteration: 200
--------------------------------------------------------------------------------
    gate        derivative      name       op1       op2       op3        g_unscaled   penalty
   70594       -0.00041007        op     23233     23234                 -0.04223751       103
   23233       -0.00040736    a_iajb     23233                           -0.04195825       103
   70595       -0.00040465        om     23233     23234                 -0.04167899       103
   73035       -0.00039469        om     25178     25179                 -0.04223172       107
   60164        0.00039124        op     14900     14901                  0.03012580        77
   14900        0.00039124    a_iajb     14900                            0.03012580        77
   60165        0.00039124        om     14900     14901                  0.03012580        77
   25178       -0.00039077    a_iajb     25178                           -0.04181204       107
   73034       -0.00038684        op     25178     25179                 -0.04139235       107
   70617       -0.00036730        om     23255     23256                 -0.03783160       103

  ==> Add operator: mvp2 -1: 23233 23234
  ==> Current qubit order: 0  1  6  7  2  60  3  61  10  8  9  11  18  19  20  21  22  14  15  64  65  5  4  23  24  25  34  35  26  12  13  27  36  37  40  41  42  43  30  31  62  63  32  33  44  39  52  57  49  48  56  45  75  28  55  38  59  90  58  29  91  16  72  46  78  51  79  74  53  73  47  68  66  80  76  54  50  81  77  69  17  67  70  71  87  88  86  82  83  84  85  89  92  93  94  95  96  97  98  99  100  101  102  103  


  ==> Energy                -308.076047543
  ==> dE                       -2.03e-04
  ==> Gradient Norm             1.85e+00
  ==> Abs. Max. Deriv.          4.76e-02
  ==> Time-Grad. (s)              70.232
  ==> Time-Energy (s)             34.883
  ==> Time-Iter. (s)             105.115

--------------------------------------------------------------------------------
CEO-ADAPT-VQE iteration: 201
--------------------------------------------------------------------------------
    gate        derivative      name       op1       op2       op3        g_unscaled   penalty
   70616       -0.00072423        op     23255     23256                 -0.03693570        51
   23255       -0.00072150    a_iajb     23255                           -0.03679627        51
   70617       -0.00071876        om     23255     23256                 -0.03665683        51
     787        0.00063480      a_ia       787                            0.00126960         2
   60164        0.00039124        op     14900     14901                  0.03012578        77
   14900        0.00039124    a_iajb     14900                            0.03012578        77
   60165        0.00039124        om     14900     14901                  0.03012578        77
    2161       -0.00037874      a_ia      2161                           -0.00075748         2
  100872        0.00037786        op     46272     46273                  0.03211836        85
  100873        0.00037786        om     46272     46273                  0.03211836        85

  ==> Add operator: mvp2 -1: 23255 23256
  ==> Current qubit order: 0  1  6  7  2  60  3  61  10  8  9  11  18  19  20  21  22  14  15  64  65  5  4  23  24  25  34  35  26  12  13  27  36  37  40  41  42  43  30  31  62  63  32  33  44  39  52  57  49  48  56  45  75  28  55  38  59  90  29  16  58  91  72  46  78  51  79  74  53  73  47  68  66  80  76  54  50  81  77  69  17  67  70  71  87  88  86  82  83  84  85  89  92  93  94  95  96  97  98  99  100  101  102  103  


  ==> Energy                -308.076189055
  ==> dE                       -1.42e-04
  ==> Gradient Norm             1.85e+00
  ==> Abs. Max. Deriv.          4.76e-02
  ==> Time-Grad. (s)              70.483
  ==> Time-Energy (s)             36.897
  ==> Time-Iter. (s)             107.380

--------------------------------------------------------------------------------
CEO-ADAPT-VQE iteration: 202
--------------------------------------------------------------------------------
    gate        derivative      name       op1       op2       op3        g_unscaled   penalty
     796        0.00046338      a_ia       796                            0.00185350         4
   60164        0.00039124        op     14900     14901                  0.03012584        77
   14900        0.00039124    a_iajb     14900                            0.03012584        77
   60165        0.00039124        om     14900     14901                  0.03012584        77
  100872        0.00037786        op     46272     46273                  0.03211836        85
  100873        0.00037786        om     46272     46273                  0.03211836        85
   73035       -0.00034250        om     25178     25179                 -0.04144300       121
   25178       -0.00033787    a_iajb     25178                           -0.04088270       121
    1880        0.00033635      a_ia      1880                            0.00067270         2
   89667        0.00033594        om     37918     37920                  0.02653904        79

  ==> Add operator: op -1: 14900 14901
  ==> Current qubit order: 0  1  6  7  2  60  3  61  10  8  9  11  18  19  20  21  22  14  15  64  65  5  4  23  24  25  34  35  26  27  36  37  40  12  13  62  63  41  42  43  30  31  32  33  44  39  52  57  49  48  56  45  75  28  55  38  59  90  29  16  58  91  72  46  78  51  79  74  53  73  47  68  66  80  76  54  50  81  77  69  17  67  70  71  87  88  86  82  83  84  85  89  92  93  94  95  96  97  98  99  100  101  102  103  


  ==> Energy                -308.076297264
  ==> dE                       -1.08e-04
  ==> Gradient Norm             1.85e+00
  ==> Abs. Max. Deriv.          4.76e-02
  ==> Time-Grad. (s)              70.323
  ==> Time-Energy (s)             19.088
  ==> Time-Iter. (s)              89.411

--------------------------------------------------------------------------------
CEO-ADAPT-VQE iteration: 203
--------------------------------------------------------------------------------
    gate        derivative      name       op1       op2       op3        g_unscaled   penalty
     796        0.00046317      a_ia       796                            0.00185267         4
     606        0.00040280      a_ia       606                            0.00161120         4
     651        0.00039770      a_ia       651                            0.00159081         4
  100872        0.00037786        op     46272     46273                  0.03211836        85
  100873        0.00037786        om     46272     46273                  0.03211836        85
   73035       -0.00034250        om     25178     25179                 -0.04144307       121
   25178       -0.00033787    a_iajb     25178                           -0.04088278       121
    1880        0.00033669      a_ia      1880                            0.00067337         2
   89667        0.00033594        om     37918     37920                  0.02653899        79
   73034       -0.00033324        op     25178     25179                 -0.04032249       121

  ==> Tried operator a_ia 606: gain -7.14e-07 (threshold 9.2e-07), removed and excluded for this stage
  ==> Tried operator a_ia 651: gain -6.89e-07 (threshold 9.2e-07), removed and excluded for this stage
  ==> Add operator: op -1: 46272 46273
  ==> Current qubit order: 0  1  6  7  2  60  3  61  10  8  9  11  18  19  20  21  22  14  15  64  65  5  4  23  24  25  34  35  26  27  36  37  40  12  13  62  63  41  42  43  30  31  32  33  44  39  52  57  49  48  56  45  75  28  55  38  59  90  29  16  58  91  72  46  78  79  74  53  73  47  68  66  80  76  54  81  77  51  50  82  83  69  17  67  70  71  87  88  86  84  85  89  92  93  94  95  96  97  98  99  100  101  102  103  


  ==> Energy                -308.076422887
  ==> dE                       -1.26e-04
  ==> Gradient Norm             1.85e+00
  ==> Abs. Max. Deriv.          4.76e-02
  ==> Time-Grad. (s)              69.644
  ==> Time-Energy (s)             62.415
  ==> Time-Iter. (s)             132.059

--------------------------------------------------------------------------------
CEO-ADAPT-VQE iteration: 204
--------------------------------------------------------------------------------
    gate        derivative      name       op1       op2       op3        g_unscaled   penalty
    1965        0.00147818      a_ia      1965                            0.00295636         2
    1990        0.00064312      a_ia      1990                            0.00257250         4
    1988        0.00063351      a_ia      1988                            0.00126702         2
     835        0.00051556      a_ia       835                            0.00206224         4
    1991        0.00047178      a_ia      1991                            0.00283069         6
     796        0.00046313      a_ia       796                            0.00185250         4
     606        0.00040272      a_ia       606                            0.00161088         4
  100725       -0.00039845        om     46124     46125                 -0.02828976        71
     651        0.00039762      a_ia       651                            0.00159049         4
   46124       -0.00039227    a_iajb     46124                           -0.02785111        71

  ==> Add operator: a_ia 1965
  ==> Current qubit order: 0  1  6  7  2  60  3  61  10  8  9  11  18  19  20  21  22  14  15  64  65  5  4  23  24  25  34  35  26  27  36  37  40  12  13  62  63  41  42  43  30  31  32  33  44  39  52  57  49  48  56  45  75  28  55  38  59  90  29  16  58  91  72  46  78  79  74  53  73  47  68  66  80  76  54  81  77  51  50  82  83  69  17  67  70  71  87  88  86  84  85  89  92  93  94  95  96  97  98  99  100  101  102  103  


  ==> Energy                -308.076425041
  ==> dE                       -2.15e-06
  ==> Gradient Norm             1.85e+00
  ==> Abs. Max. Deriv.          4.76e-02
  ==> Time-Grad. (s)              69.710
  ==> Time-Energy (s)             17.953
  ==> Time-Iter. (s)              87.663

--------------------------------------------------------------------------------
CEO-ADAPT-VQE iteration: 205
--------------------------------------------------------------------------------
    gate        derivative      name       op1       op2       op3        g_unscaled   penalty
    1990        0.00064853      a_ia      1990                            0.00259413         4
    1988        0.00063050      a_ia      1988                            0.00126100         2
     835        0.00051121      a_ia       835                            0.00204483         4
     796        0.00045875      a_ia       796                            0.00183499         4
    1991        0.00045403      a_ia      1991                            0.00272416         6
     606        0.00040142      a_ia       606                            0.00160568         4
  100725       -0.00039806        om     46124     46125                 -0.02826256        71
     651        0.00039782      a_ia       651                            0.00159128         4
   46124       -0.00039246    a_iajb     46124                           -0.02786464        71
  100724       -0.00038686        op     46124     46125                 -0.02746671        71

  ==> Add operator: a_ia 1990
  ==> Current qubit order: 0  1  6  7  2  60  3  61  10  8  9  11  18  19  20  21  22  14  15  64  65  5  4  23  24  25  34  35  26  27  36  37  40  12  13  62  63  41  42  43  30  31  32  33  44  39  52  57  49  48  56  45  75  28  55  38  59  90  29  16  58  91  72  46  78  79  74  53  73  47  68  66  80  76  54  77  81  51  50  82  83  69  17  67  70  71  87  88  86  84  85  89  92  93  94  95  96  97  98  99  100  101  102  103  


  ==> Energy                -308.076426776
  ==> dE                       -1.73e-06
  ==> Gradient Norm             1.85e+00
  ==> Abs. Max. Deriv.          4.76e-02
  ==> Time-Grad. (s)              70.003
  ==> Time-Energy (s)             20.803
  ==> Time-Iter. (s)              90.806

--------------------------------------------------------------------------------
CEO-ADAPT-VQE iteration: 206
--------------------------------------------------------------------------------
    gate        derivative      name       op1       op2       op3        g_unscaled   penalty
     835        0.00051254      a_ia       835                            0.00205015         4
     796        0.00046555      a_ia       796                            0.00186218         4
    1991        0.00045953      a_ia      1991                            0.00275717         6
     606        0.00039885      a_ia       606                            0.00159541         4
  100725       -0.00039804        om     46124     46125                 -0.02826051        71
     651        0.00039658      a_ia       651                            0.00158632         4
   46124       -0.00039243    a_iajb     46124                           -0.02786246        71
  100724       -0.00038682        op     46124     46125                 -0.02746442        71
    1880        0.00035846      a_ia      1880                            0.00071693         2
   71914        0.00035232        op     24280     24281                  0.02360545        67

  ==> Tried operator a_ia 835: gain -7.65e-07 (threshold 9.2e-07), removed and excluded for this stage
  ==> Add operator: a_ia 1991
  ==> Current qubit order: 0  1  6  7  2  60  3  61  10  8  9  11  18  19  20  21  22  14  15  64  65  5  4  23  24  25  34  35  26  27  36  37  40  12  13  62  63  41  42  43  30  31  32  33  44  39  52  57  49  48  56  45  75  28  55  38  59  90  29  16  58  91  72  46  78  79  74  53  73  47  68  66  80  76  54  77  81  50  82  51  83  69  17  67  70  71  87  88  86  84  85  89  92  93  94  95  96  97  98  99  100  101  102  103  


  ==> Energy                -308.076428677
  ==> dE                       -1.90e-06
  ==> Gradient Norm             1.85e+00
  ==> Abs. Max. Deriv.          4.76e-02
  ==> Time-Grad. (s)              70.584
  ==> Time-Energy (s)             44.114
  ==> Time-Iter. (s)             114.698

--------------------------------------------------------------------------------
CEO-ADAPT-VQE iteration: 207
--------------------------------------------------------------------------------
    gate        derivative      name       op1       op2       op3        g_unscaled   penalty
     835        0.00051103      a_ia       835                            0.00204411         4
     796        0.00045932      a_ia       796                            0.00183728         4
     606        0.00039901      a_ia       606                            0.00159603         4
     651        0.00039539      a_ia       651                            0.00158155         4
   71914        0.00035232        op     24280     24281                  0.02360552        67
    1880        0.00035218      a_ia      1880                            0.00070437         2
   73035       -0.00034251        om     25178     25179                 -0.04144376       121
  100725       -0.00034082        om     46124     46125                 -0.02828775        83
   25178       -0.00033788    a_iajb     25178                           -0.04088359       121
   46124       -0.00033603    a_iajb     46124                           -0.02789088        83

  ==> Add operator: mvp2 -1: 24280 24281
  ==> Current qubit order: 0  1  6  7  2  60  3  61  10  8  9  11  18  19  20  21  22  14  15  64  65  5  4  23  24  25  34  35  26  27  36  37  40  12  13  62  63  41  42  43  30  31  32  33  44  39  52  57  49  48  56  45  75  28  55  38  59  90  29  91  72  46  78  16  58  53  47  79  74  73  68  66  80  76  54  77  81  50  82  51  83  69  17  67  70  71  87  88  86  84  85  89  92  93  94  95  96  97  98  99  100  101  102  103  


  ==> Energy                -308.076609165
  ==> dE                       -1.80e-04
  ==> Gradient Norm             1.85e+00
  ==> Abs. Max. Deriv.          4.76e-02
  ==> Time-Grad. (s)              70.959
  ==> Time-Energy (s)             37.272
  ==> Time-Iter. (s)             108.231

--------------------------------------------------------------------------------
CEO-ADAPT-VQE iteration: 208
--------------------------------------------------------------------------------
    gate        derivative      name       op1       op2       op3        g_unscaled   penalty
    1883        0.00062671      a_ia      1883                            0.00125341         2
     790        0.00053704      a_ia       790                            0.00107408         2
     835        0.00051086      a_ia       835                            0.00204345         4
     606        0.00039832      a_ia       606                            0.00159330         4
     651        0.00039334      a_ia       651                            0.00157335         4
    1313        0.00037272      a_ia      1313                            0.00074543         2
   89721        0.00036806        om     37945     37947                  0.02245167        61
   89626        0.00034960        op     37891     37892                  0.01713045        49
   37891        0.00034768    a_iajb     37891                            0.01703631        49
   89627        0.00034576        om     37891     37892                  0.01694217        49

  ==> Tried operator a_ia 790: gain -2.49e-07 (threshold 1.0e-06), removed and excluded for this stage
  ==> Tried operator a_ia 1313: gain -9.58e-08 (threshold 1.0e-06), removed and excluded for this stage
  ==> Add operator: mvp2 -1: 37945 37947
  ==> Current qubit order: 0  1  6  7  2  60  3  61  10  8  9  11  18  19  20  21  22  14  15  64  65  5  4  23  24  25  34  35  26  27  36  37  40  12  13  62  63  41  42  43  30  31  32  33  44  39  52  57  49  48  56  45  75  28  55  38  59  90  72  46  29  91  53  47  78  16  58  79  74  73  68  66  80  76  54  77  81  50  82  51  83  69  17  67  70  71  87  88  86  84  85  89  92  93  94  95  96  97  98  99  100  101  102  103  


  ==> Energy                -308.076710092
  ==> dE                       -1.01e-04
  ==> Gradient Norm             1.85e+00
  ==> Abs. Max. Deriv.          4.76e-02
  ==> Time-Grad. (s)              72.297
  ==> Time-Energy (s)             78.877
  ==> Time-Iter. (s)             151.174

--------------------------------------------------------------------------------
CEO-ADAPT-VQE iteration: 209
--------------------------------------------------------------------------------
    gate        derivative      name       op1       op2       op3        g_unscaled   penalty
     790        0.00053688      a_ia       790                            0.00107377         2
     835        0.00051086      a_ia       835                            0.00204343         4
    1313        0.00045339      a_ia      1313                            0.00090679         2
     606        0.00039777      a_ia       606                            0.00159109         4
     651        0.00039263      a_ia       651                            0.00157051         4
   89626        0.00038674        op     37891     37892                  0.01740339        45
   37891        0.00038380    a_iajb     37891                            0.01727081        45
   89627        0.00038085        om     37891     37892                  0.01713823        45
   72011       -0.00037093        om     24376     24377                 -0.01743352        47
   24376       -0.00036654    a_iajb     24376                           -0.01722738        47

  ==> Add operator: mvp2 -1: 37891 37892
  ==> Current qubit order: 0  1  6  7  2  60  3  61  10  8  9  11  18  19  20  21  22  14  15  64  65  5  4  23  24  25  34  35  26  27  36  37  40  12  13  62  63  41  42  43  30  31  32  33  44  39  52  57  49  48  56  45  75  28  55  38  59  90  72  46  29  91  78  53  47  16  58  79  74  73  68  66  80  76  54  77  81  50  82  51  83  69  17  67  70  71  87  88  86  84  85  89  92  93  94  95  96  97  98  99  100  101  102  103  


  ==> Energy                -308.076742256
  ==> dE                       -3.22e-05
  ==> Gradient Norm             1.85e+00
  ==> Abs. Max. Deriv.          4.76e-02
  ==> Time-Grad. (s)              73.111
  ==> Time-Energy (s)             36.293
  ==> Time-Iter. (s)             109.403

--------------------------------------------------------------------------------
CEO-ADAPT-VQE iteration: 210
--------------------------------------------------------------------------------
    gate        derivative      name       op1       op2       op3        g_unscaled   penalty
     835        0.00051105      a_ia       835                            0.00204418         4
    1313        0.00043558      a_ia      1313                            0.00087117         2
     606        0.00039771      a_ia       606                            0.00159082         4
     651        0.00039254      a_ia       651                            0.00157016         4
   72011       -0.00038737        om     24376     24377                 -0.01743172        45
   24376       -0.00038289    a_iajb     24376                           -0.01723011        45
   72010       -0.00037841        op     24376     24377                 -0.01702850        45
   89538        0.00034928        op     37803     37804                  0.01781321        51
   73035       -0.00034281        om     25178     25179                 -0.04148037       121
   37803        0.00033869    a_iajb     37803                            0.01727344        51

  ==> Add operator: mvp2 -1: 24376 24377
  ==> Current qubit order: 0  1  6  7  2  60  3  61  10  8  9  11  18  19  20  21  22  14  15  64  65  5  4  23  24  25  34  35  26  27  36  37  40  12  13  62  63  41  42  43  30  31  32  33  44  39  52  57  49  48  56  45  75  28  55  38  59  90  72  46  29  91  78  53  47  16  58  73  79  74  68  66  80  76  54  77  81  50  82  51  83  69  17  67  70  71  87  88  86  84  85  89  92  93  94  95  96  97  98  99  100  101  102  103  


  ==> Energy                -308.076788172
  ==> dE                       -4.59e-05
  ==> Gradient Norm             1.85e+00
  ==> Abs. Max. Deriv.          4.76e-02
  ==> Time-Grad. (s)              73.464
  ==> Time-Energy (s)             40.245
  ==> Time-Iter. (s)             113.709

--------------------------------------------------------------------------------
CEO-ADAPT-VQE iteration: 211
--------------------------------------------------------------------------------
    gate        derivative      name       op1       op2       op3        g_unscaled   penalty
     835        0.00051203      a_ia       835                            0.00204814         4
    1313        0.00045505      a_ia      1313                            0.00091009         2
     606        0.00039755      a_ia       606                            0.00159021         4
     651        0.00039409      a_ia       651                            0.00157635         4
   72056        0.00036314        op     24422     24423                  0.01924667        53
   24422        0.00035083    a_iajb     24422                            0.01859388        53
   89538        0.00035060        op     37803     37804                  0.01788050        51
   73035       -0.00034259        om     25178     25179                 -0.04145322       121
   37803        0.00033854    a_iajb     37803                            0.01726538        51
   72057        0.00033851        om     24422     24423                  0.01794108        53

  ==> Add operator: mvp2 -1: 24422 24423
  ==> Current qubit order: 0  1  6  7  2  60  3  61  10  8  9  11  18  19  20  21  22  14  15  64  65  5  4  23  24  25  34  35  26  27  36  37  40  12  13  62  63  41  42  43  30  31  32  33  44  39  52  57  49  48  56  45  75  28  55  38  59  90  72  46  29  91  78  53  58  47  16  73  80  79  74  68  66  76  54  77  81  50  82  51  83  69  17  67  70  71  87  88  86  84  85  89  92  93  94  95  96  97  98  99  100  101  102  103  


  ==> Energy                -308.076893868
  ==> dE                       -1.06e-04
  ==> Gradient Norm             1.85e+00
  ==> Abs. Max. Deriv.          4.76e-02
  ==> Time-Grad. (s)              73.332
  ==> Time-Energy (s)             36.361
  ==> Time-Iter. (s)             109.693

--------------------------------------------------------------------------------
CEO-ADAPT-VQE iteration: 212
--------------------------------------------------------------------------------
    gate        derivative      name       op1       op2       op3        g_unscaled   penalty
     791       -0.00092211      a_ia       791                           -0.00368843         4
     835        0.00050206      a_ia       835                            0.00200824         4
    1313        0.00045928      a_ia      1313                            0.00091856         2
    1880        0.00043267      a_ia      1880                            0.00173067         4
     606        0.00040177      a_ia       606                            0.00160707         4
     651        0.00038768      a_ia       651                            0.00155071         4
   89538        0.00035070        op     37803     37804                  0.01788573        51
   73035       -0.00034260        om     25178     25179                 -0.04145402       121
   73006       -0.00033953        op     25150     25151                 -0.03700894       109
   37803        0.00033857    a_iajb     37803                            0.01726711        51

  ==> Add operator: a_ia 791
  ==> Current qubit order: 0  1  6  7  2  60  3  61  10  8  9  11  18  19  20  21  22  14  15  64  65  5  4  23  24  25  34  35  26  27  36  37  40  12  13  62  63  41  42  43  30  31  32  33  44  39  52  57  49  48  56  45  75  28  55  38  59  90  72  46  29  91  78  53  58  47  73  16  80  79  74  68  66  76  54  77  81  50  82  51  83  69  17  67  70  71  87  88  86  84  85  89  92  93  94  95  96  97  98  99  100  101  102  103  


  ==> Energy                -308.076932920
  ==> dE                       -3.91e-05
  ==> Gradient Norm             1.85e+00
  ==> Abs. Max. Deriv.          4.76e-02
  ==> Time-Grad. (s)              74.490
  ==> Time-Energy (s)            142.588
  ==> Time-Iter. (s)             217.078

--------------------------------------------------------------------------------
CEO-ADAPT-VQE iteration: 213
--------------------------------------------------------------------------------
    gate        derivative      name       op1       op2       op3        g_unscaled   penalty
     835        0.00050348      a_ia       835                            0.00201392         4
     606        0.00038959      a_ia       606                            0.00155835         4
     651        0.00038301      a_ia       651                            0.00153202         4
   89538        0.00035054        op     37803     37804                  0.01787770        51
   73035       -0.00034345        om     25178     25179                 -0.04155770       121
   73006       -0.00034109        op     25150     25151                 -0.03717845       109
   25178       -0.00033843    a_iajb     25178                           -0.04094957       121
   25150       -0.00033834    a_iajb     25150                           -0.03687892       109
   37803        0.00033757    a_iajb     37803                            0.01721618        51
   73007       -0.00033559        om     25150     25151                 -0.03657940       109

  ==> Add operator: mvp2 -1: 37803 37804
  ==> Current qubit order: 0  1  6  7  2  60  3  61  10  8  9  11  18  19  20  21  22  14  15  64  65  5  4  23  24  25  34  35  26  27  36  37  40  12  13  62  63  41  42  43  30  31  32  33  44  39  52  57  49  48  56  45  75  28  55  38  90  59  72  46  29  91  78  53  58  47  73  16  80  79  74  68  66  76  54  77  81  50  82  51  83  69  17  67  70  71  87  88  86  84  85  89  92  93  94  95  96  97  98  99  100  101  102  103  


  ==> Energy                -308.077016923
  ==> dE                       -8.40e-05
  ==> Gradient Norm             1.85e+00
  ==> Abs. Max. Deriv.          4.77e-02
  ==> Time-Grad. (s)              74.581
  ==> Time-Energy (s)             36.963
  ==> Time-Iter. (s)             111.544

--------------------------------------------------------------------------------
CEO-ADAPT-VQE iteration: 214
--------------------------------------------------------------------------------
    gate        derivative      name       op1       op2       op3        g_unscaled   penalty
     835        0.00050591      a_ia       835                            0.00202365         4
     606        0.00039147      a_ia       606                            0.00156588         4
     651        0.00038687      a_ia       651                            0.00154748         4
    1852        0.00036887      a_ia      1852                            0.00073774         2
   73035       -0.00034308        om     25178     25179                 -0.04151226       121
   73006       -0.00033994        op     25150     25151                 -0.03705394       109
   25178       -0.00033781    a_iajb     25178                           -0.04087512       121
   25150       -0.00033775    a_iajb     25150                           -0.03681455       109
   73007       -0.00033555        om     25150     25151                 -0.03657516       109
   73034       -0.00033255        op     25178     25179                 -0.04023799       121

  ==> Tried operator a_ia 1852: gain -1.49e-07 (threshold 1.0e-06), removed and excluded for this stage
  ==> Add operator: mvp2 -1: 25178 25179
  ==> Current qubit order: 0  1  6  7  2  60  3  61  10  8  9  11  18  19  20  21  22  14  15  64  65  5  4  23  24  25  34  35  26  27  36  37  40  12  13  62  63  41  42  43  30  31  32  33  44  39  52  57  49  48  56  45  75  55  38  72  46  29  91  78  28  90  59  17  53  58  47  73  16  80  79  74  68  66  76  54  77  81  50  82  51  83  69  67  70  71  87  88  86  84  85  89  92  93  94  95  96  97  98  99  100  101  102  103  


  ==> Energy                -308.077306856
  ==> dE                       -2.90e-04
  ==> Gradient Norm             1.85e+00
  ==> Abs. Max. Deriv.          4.77e-02
  ==> Time-Grad. (s)              74.880
  ==> Time-Energy (s)             57.572
  ==> Time-Iter. (s)             132.452

--------------------------------------------------------------------------------
CEO-ADAPT-VQE iteration: 215
--------------------------------------------------------------------------------
    gate        derivative      name       op1       op2       op3        g_unscaled   penalty
     823        0.00078803      a_ia       823                            0.00157606         2
   73007       -0.00056143        om     25150     25151                 -0.03649307        65
   25150       -0.00055489    a_iajb     25150                           -0.03606804        65
   73006       -0.00054835        op     25150     25151                 -0.03564301        65
   69833        0.00050067        om     22606     22607                  0.02853804        57
   22606        0.00049713    a_iajb     22606                            0.02833659        57
   69832        0.00049360        op     22606     22607                  0.02813514        57
   69819        0.00047511        om     22592     22593                  0.02708107        57
   22592        0.00046771    a_iajb     22592                            0.02665933        57
   69818        0.00046031        op     22592     22593                  0.02623759        57

  ==> Tried operator a_ia 823: gain -6.35e-07 (threshold 1.0e-06), removed and excluded for this stage
  ==> Add operator: mvp2 -1: 25150 25151
  ==> Current qubit order: 0  1  6  7  2  60  3  61  10  8  9  11  18  19  20  21  22  14  15  64  65  5  4  23  24  25  34  35  26  27  36  37  40  12  13  62  63  41  42  43  30  31  32  33  44  39  52  57  49  48  56  45  75  55  38  72  46  29  78  90  59  91  28  17  58  53  47  73  16  80  79  74  68  66  76  54  77  81  50  82  51  83  69  67  70  71  87  88  86  84  85  89  92  93  94  95  96  97  98  99  100  101  102  103  


  ==> Energy                -308.077464667
  ==> dE                       -1.58e-04
  ==> Gradient Norm             1.84e+00
  ==> Abs. Max. Deriv.          4.77e-02
  ==> Time-Grad. (s)              75.460
  ==> Time-Energy (s)             62.379
  ==> Time-Iter. (s)             137.839

--------------------------------------------------------------------------------
CEO-ADAPT-VQE iteration: 216
--------------------------------------------------------------------------------
    gate        derivative      name       op1       op2       op3        g_unscaled   penalty
   69819        0.00058360        om     22592     22593                  0.02859654        49
   22592        0.00057942    a_iajb     22592                            0.02839167        49
   69818        0.00057524        op     22592     22593                  0.02818680        49
   69833        0.00050470        om     22606     22607                  0.02876778        57
   22606        0.00049985    a_iajb     22606                            0.02849127        57
   69832        0.00049500        op     22606     22607                  0.02821475        57
    1612       -0.00044868      a_ia      1612                           -0.00089737         2
   87435        0.00039023        om     36215     36216                  0.01834090        47
     606        0.00038995      a_ia       606                            0.00155982         4
     651        0.00038533      a_ia       651                            0.00154132         4

  ==> Add operator: mvp2 -1: 22592 22593
  ==> Current qubit order: 0  1  6  7  2  60  3  61  10  8  9  11  18  19  20  21  22  14  15  64  65  5  4  23  24  25  34  35  26  27  36  37  40  12  13  62  63  41  42  43  30  31  32  33  44  39  52  57  49  48  56  45  75  55  38  72  46  29  78  90  59  28  91  17  58  16  53  47  73  80  79  74  68  66  76  54  77  81  50  82  51  83  69  67  70  71  87  88  86  84  85  89  92  93  94  95  96  97  98  99  100  101  102  103  


  ==> Energy                -308.077547738
  ==> dE                       -8.31e-05
  ==> Gradient Norm             1.84e+00
  ==> Abs. Max. Deriv.          4.77e-02
  ==> Time-Grad. (s)              75.472
  ==> Time-Energy (s)             37.756
  ==> Time-Iter. (s)             113.228

--------------------------------------------------------------------------------
CEO-ADAPT-VQE iteration: 217
--------------------------------------------------------------------------------
    gate        derivative      name       op1       op2       op3        g_unscaled   penalty
   69833        0.00055501        om     22606     22607                  0.02830546        51
   22606        0.00054776    a_iajb     22606                            0.02793598        51
   69832        0.00054052        op     22606     22607                  0.02756650        51
    1612       -0.00044920      a_ia      1612                           -0.00089841         2
     606        0.00038978      a_ia       606                            0.00155913         4
     651        0.00038503      a_ia       651                            0.00154013         4
    1852        0.00037660      a_ia      1852                            0.00075320         2
   87435        0.00034561        om     36215     36216                  0.01831718        53
  100725       -0.00034081        om     46124     46125                 -0.02828715        83
   46124       -0.00033601    a_iajb     46124                           -0.02788895        83

  ==> Add operator: mvp2 -1: 22606 22607
  ==> Current qubit order: 0  1  6  7  2  60  3  61  10  8  9  11  18  19  20  21  22  14  15  64  65  5  4  23  24  25  34  35  26  27  36  37  40  12  13  62  63  41  42  43  30  31  32  33  44  39  52  57  49  48  56  45  75  55  38  72  46  29  78  28  91  90  59  17  16  58  53  47  73  80  79  74  68  66  76  54  77  81  50  82  51  83  69  67  70  71  87  88  86  84  85  89  92  93  94  95  96  97  98  99  100  101  102  103  


  ==> Energy                -308.077663579
  ==> dE                       -1.16e-04
  ==> Gradient Norm             1.84e+00
  ==> Abs. Max. Deriv.          4.77e-02
  ==> Time-Grad. (s)              76.176
  ==> Time-Energy (s)             38.372
  ==> Time-Iter. (s)             114.548

--------------------------------------------------------------------------------
CEO-ADAPT-VQE iteration: 218
--------------------------------------------------------------------------------
    gate        derivative      name       op1       op2       op3        g_unscaled   penalty
     823        0.00056404      a_ia       823                            0.00112807         2
    1612       -0.00044816      a_ia      1612                           -0.00089632         2
     606        0.00038939      a_ia       606                            0.00155756         4
     651        0.00038498      a_ia       651                            0.00153992         4
    1852        0.00037437      a_ia      1852                            0.00074875         2
  100725       -0.00034081        om     46124     46125                 -0.02828749        83
   46124       -0.00033601    a_iajb     46124                           -0.02788921        83
   87435        0.00033145        om     36215     36216                  0.01822978        55
  100724       -0.00033122        op     46124     46125                 -0.02749093        83
   36215        0.00032237    a_iajb     36215                            0.01773042        55

  ==> Add operator: mvp2 -1: 46124 46125
  ==> Current qubit order: 0  1  6  7  2  60  3  61  10  8  9  11  18  19  20  21  22  14  15  64  65  5  4  23  24  25  34  35  26  27  36  37  40  12  13  62  63  41  42  43  30  31  32  33  44  39  52  57  49  48  56  45  75  55  38  72  46  29  78  28  91  90  59  17  16  58  47  73  80  79  74  68  66  76  54  53  50  82  51  77  81  83  69  67  70  71  87  88  86  84  85  89  92  93  94  95  96  97  98  99  100  101  102  103  


  ==> Energy                -308.077834985
  ==> dE                       -1.71e-04
  ==> Gradient Norm             1.84e+00
  ==> Abs. Max. Deriv.          4.77e-02
  ==> Time-Grad. (s)              76.261
  ==> Time-Energy (s)             42.308
  ==> Time-Iter. (s)             118.569

--------------------------------------------------------------------------------
CEO-ADAPT-VQE iteration: 219
--------------------------------------------------------------------------------
    gate        derivative      name       op1       op2       op3        g_unscaled   penalty
    2041        0.00070857      a_ia      2041                            0.00850288        12
    1965       -0.00064633      a_ia      1965                           -0.00129266         2
    1988        0.00062964      a_ia      1988                            0.00125927         2
     823        0.00058882      a_ia       823                            0.00117765         2
    2065        0.00048703      a_ia      2065                            0.00292217         6
    1612       -0.00045382      a_ia      1612                           -0.00090764         2
    1852        0.00038743      a_ia      1852                            0.00077487         2
     606        0.00038696      a_ia       606                            0.00154784         4
     651        0.00038348      a_ia       651                            0.00153391         4
    2040       -0.00037504      a_ia      2040                           -0.00375039        10

  ==> Add operator: a_ia 2041
  ==> Current qubit order: 0  1  6  7  2  60  3  61  10  8  9  11  18  19  20  21  22  14  15  64  65  5  4  23  24  25  34  35  26  27  36  37  40  12  13  62  63  41  42  43  30  31  32  33  44  39  52  57  49  48  56  45  75  55  38  72  46  29  78  28  91  90  59  17  16  58  47  73  80  79  74  68  66  76  54  50  82  51  77  81  53  83  69  67  70  71  87  88  86  84  85  89  92  93  94  95  96  97  98  99  100  101  102  103  


  ==> Energy                -308.078315257
  ==> dE                       -4.80e-04
  ==> Gradient Norm             1.84e+00
  ==> Abs. Max. Deriv.          4.77e-02
  ==> Time-Grad. (s)              76.335
  ==> Time-Energy (s)             21.677
  ==> Time-Iter. (s)              98.012

--------------------------------------------------------------------------------
CEO-ADAPT-VQE iteration: 220
--------------------------------------------------------------------------------
    gate        derivative      name       op1       op2       op3        g_unscaled   penalty
    2040       -0.00181006      a_ia      2040                           -0.00362011         2
    2065        0.00071704      a_ia      2065                            0.00286814         4
    1988        0.00064714      a_ia      1988                            0.00129428         2
     823        0.00064503      a_ia       823                            0.00129006         2
    1991        0.00053095      a_ia      1991                            0.00424760         8
    1612       -0.00049369      a_ia      1612                           -0.00098737         2
    1880        0.00047648      a_ia      1880                            0.00095297         2
    1852        0.00040809      a_ia      1852                            0.00081619         2
     606        0.00037973      a_ia       606                            0.00151893         4
    1883        0.00037912      a_ia      1883                            0.00227471         6

  ==> Add operator: a_ia 2040
  ==> Current qubit order: 0  1  6  7  2  60  3  61  10  8  9  11  18  19  20  21  22  14  15  64  65  5  4  23  24  25  34  35  26  27  36  37  40  12  13  62  63  41  42  43  30  31  32  33  44  39  52  57  49  48  56  45  75  55  38  72  46  29  78  28  91  90  59  17  16  58  47  73  80  79  74  68  66  76  54  50  82  51  77  81  53  83  69  67  70  71  87  88  86  84  85  89  92  93  94  95  96  97  98  99  100  101  102  103  


  ==> Energy                -308.078406061
  ==> dE                       -9.08e-05
  ==> Gradient Norm             1.84e+00
  ==> Abs. Max. Deriv.          4.77e-02
  ==> Time-Grad. (s)              78.187
  ==> Time-Energy (s)             20.165
  ==> Time-Iter. (s)              98.352

--------------------------------------------------------------------------------
CEO-ADAPT-VQE iteration: 221
--------------------------------------------------------------------------------
    gate        derivative      name       op1       op2       op3        g_unscaled   penalty
    1988        0.00076114      a_ia      1988                            0.00152228         2
    2065        0.00071738      a_ia      2065                            0.00286952         4
     823        0.00066599      a_ia       823                            0.00133197         2
    1880        0.00061158      a_ia      1880                            0.00122316         2
    1991        0.00055209      a_ia      1991                            0.00441674         8
    1612       -0.00051059      a_ia      1612                           -0.00102119         2
    1883        0.00042578      a_ia      1883                            0.00255469         6
    1852        0.00040041      a_ia      1852                            0.00080081         2
     606        0.00037775      a_ia       606                            0.00151100         4
     651        0.00037612      a_ia       651                            0.00150449         4

  ==> Tried operator a_ia 1988: gain -6.57e-07 (threshold 1.0e-06), removed and excluded for this stage
  ==> Add operator: a_ia 2065
  ==> Current qubit order: 0  1  6  7  2  60  3  61  10  8  9  11  18  19  20  21  22  14  15  64  65  5  4  23  24  25  34  35  26  27  36  37  40  12  13  62  63  41  42  43  30  31  32  33  44  39  52  57  49  48  56  45  75  55  38  72  46  29  78  28  91  90  59  17  16  58  47  73  80  79  74  68  66  76  50  54  82  51  77  81  53  83  69  67  70  71  87  88  86  84  85  89  92  93  94  95  96  97  98  99  100  101  102  103  


  ==> Energy                -308.078482848
  ==> dE                       -7.68e-05
  ==> Gradient Norm             1.84e+00
  ==> Abs. Max. Deriv.          4.77e-02
  ==> Time-Grad. (s)              80.337
  ==> Time-Energy (s)             41.241
  ==> Time-Iter. (s)             121.578

--------------------------------------------------------------------------------
CEO-ADAPT-VQE iteration: 222
--------------------------------------------------------------------------------
    gate        derivative      name       op1       op2       op3        g_unscaled   penalty
    1988        0.00076038      a_ia      1988                            0.00152075         2
    1880        0.00068989      a_ia      1880                            0.00137977         2
     823        0.00067501      a_ia       823                            0.00135001         2
    1962        0.00066768      a_ia      1962                            0.00133536         2
    1991        0.00054760      a_ia      1991                            0.00438079         8
    1612       -0.00053214      a_ia      1612                           -0.00106428         2
    1883        0.00045021      a_ia      1883                            0.00270126         6
    1852        0.00040606      a_ia      1852                            0.00081212         2
     606        0.00037586      a_ia       606                            0.00150345         4
     651        0.00037232      a_ia       651                            0.00148926         4

  ==> Tried operator a_ia 1880: gain -5.29e-07 (threshold 9.6e-07), removed and excluded for this stage
  ==> Tried operator a_ia 1962: gain -4.97e-07 (threshold 9.6e-07), removed and excluded for this stage
  ==> Add operator: a_ia 1991
  ==> Current qubit order: 0  1  6  7  2  60  3  61  10  8  9  11  18  19  20  21  22  14  15  64  65  5  4  23  24  25  34  35  26  27  36  37  40  12  13  62  63  41  42  43  30  31  32  33  44  39  52  57  49  48  56  45  75  55  38  72  46  29  78  28  91  90  59  17  16  58  47  73  80  79  74  68  66  76  50  54  82  77  81  53  51  83  69  67  70  71  87  88  86  84  85  89  92  93  94  95  96  97  98  99  100  101  102  103  


  ==> Energy                -308.078487579
  ==> dE                       -4.73e-06
  ==> Gradient Norm             1.84e+00
  ==> Abs. Max. Deriv.          4.77e-02
  ==> Time-Grad. (s)              80.712
  ==> Time-Energy (s)             64.675
  ==> Time-Iter. (s)             145.386

--------------------------------------------------------------------------------
CEO-ADAPT-VQE iteration: 223
--------------------------------------------------------------------------------
    gate        derivative      name       op1       op2       op3        g_unscaled   penalty
    1880        0.00067971      a_ia      1880                            0.00135943         2
     823        0.00067800      a_ia       823                            0.00135599         2
    1962        0.00066330      a_ia      1962                            0.00132659         2
    1612       -0.00052592      a_ia      1612                           -0.00105183         2
    1883        0.00045911      a_ia      1883                            0.00275464         6
    1852        0.00042003      a_ia      1852                            0.00084005         2
     606        0.00037612      a_ia       606                            0.00150448         4
     651        0.00037039      a_ia       651                            0.00148157         4
    1957        0.00034508      a_ia      1957                            0.00138033         4
    1990       -0.00034145      a_ia      1990                           -0.00136581         4

  ==> Tried operator a_ia 1957: gain -7.10e-07 (threshold 8.7e-07), removed and excluded for this stage
  ==> Tried operator a_ia 1990: gain -4.86e-07 (threshold 8.7e-07), removed and excluded for this stage
  ==> Add operator: op -1: 32110 32111
  ==> Current qubit order: 0  1  6  7  2  60  3  61  10  8  9  11  18  19  20  21  22  14  15  64  65  5  4  23  24  25  34  35  36  37  26  27  62  63  40  12  13  41  42  43  30  31  32  33  44  39  52  57  49  48  56  45  75  55  38  72  46  29  78  28  91  90  59  17  16  58  47  73  80  79  74  68  66  76  50  54  82  77  81  53  51  83  69  67  70  71  87  88  86  84  85  89  92  93  94  95  96  97  98  99  100  101  102  103  


  ==> Energy                -308.078541151
  ==> dE                       -5.36e-05
  ==> Gradient Norm             1.84e+00
  ==> Abs. Max. Deriv.          4.77e-02
  ==> Time-Grad. (s)              80.714
  ==> Time-Energy (s)             61.653
  ==> Time-Iter. (s)             142.367

--------------------------------------------------------------------------------
CEO-ADAPT-VQE iteration: 224
--------------------------------------------------------------------------------
    gate        derivative      name       op1       op2       op3        g_unscaled   penalty
    1880        0.00067905      a_ia      1880                            0.00135810         2
     823        0.00067842      a_ia       823                            0.00135684         2
    1962        0.00066325      a_ia      1962                            0.00132650         2
    1612       -0.00052595      a_ia      1612                           -0.00105190         2
    1883        0.00045914      a_ia      1883                            0.00275485         6
    1852        0.00041936      a_ia      1852                            0.00083873         2
    1957        0.00034507      a_ia      1957                            0.00138027         4
    1990       -0.00034157      a_ia      1990                           -0.00136629         4
   89867        0.00031270        om     38020     38021                  0.01907484        61
    1270       -0.00031044      a_ia      1270                           -0.00062088         2

  ==> Add operator: mvp2 -1: 38020 38021
  ==> Current qubit order: 0  1  6  7  2  60  3  61  10  8  9  11  18  19  20  21  22  14  15  64  65  5  4  23  24  25  34  35  36  37  26  27  62  63  40  12  13  41  42  43  30  31  32  33  44  39  52  57  49  48  56  45  75  55  38  72  46  78  28  91  90  29  59  47  73  17  16  58  80  79  74  68  66  76  50  54  82  77  81  53  51  83  69  67  70  71  87  88  86  84  85  89  92  93  94  95  96  97  98  99  100  101  102  103  


  ==> Energy                -308.078606857
  ==> dE                       -6.57e-05
  ==> Gradient Norm             1.84e+00
  ==> Abs. Max. Deriv.          4.77e-02
  ==> Time-Grad. (s)              80.399
  ==> Time-Energy (s)             37.755
  ==> Time-Iter. (s)             118.154

--------------------------------------------------------------------------------
CEO-ADAPT-VQE iteration: 225
--------------------------------------------------------------------------------
    gate        derivative      name       op1       op2       op3        g_unscaled   penalty
    1880        0.00085108      a_ia      1880                            0.00170217         2
    1297        0.00072902      a_ia      1297                            0.00145805         2
    1962        0.00066273      a_ia      1962                            0.00132547         2
    1612       -0.00053176      a_ia      1612                           -0.00106352         2
     830        0.00048745      a_ia       830                            0.00097490         2
    1852        0.00044379      a_ia      1852                            0.00088759         2
   74539        0.00037717        om     26390     26392                  0.01772700        47
   74534        0.00036764        op     26390     26391                  0.01727905        47
   26390        0.00036761    a_iajb     26390                            0.01727770        47
   74535        0.00036758        om     26390     26391                  0.01727635        47

  ==> Tried operator a_ia 1297: gain -8.23e-07 (threshold 8.4e-07), removed and excluded for this stage
  ==> Tried operator a_ia 830: gain -1.80e-07 (threshold 8.4e-07), removed and excluded for this stage
  ==> Add operator: mvp2 -1: 26390 26392
  ==> Current qubit order: 0  1  6  7  2  60  3  61  10  8  9  11  18  19  20  21  22  14  15  64  65  5  4  23  24  25  34  35  36  37  26  27  62  63  40  12  13  41  42  43  30  31  32  33  44  39  52  57  49  48  56  45  75  55  38  72  46  78  28  90  29  59  91  47  73  17  16  58  80  79  74  68  66  76  50  54  82  77  81  53  51  83  69  67  70  71  87  88  86  84  85  89  92  93  94  95  96  97  98  99  100  101  102  103  


  ==> Energy                -308.078657077
  ==> dE                       -5.02e-05
  ==> Gradient Norm             1.84e+00
  ==> Abs. Max. Deriv.          4.77e-02
  ==> Time-Grad. (s)              81.142
  ==> Time-Energy (s)             85.412
  ==> Time-Iter. (s)             166.554

--------------------------------------------------------------------------------
CEO-ADAPT-VQE iteration: 226
--------------------------------------------------------------------------------
    gate        derivative      name       op1       op2       op3        g_unscaled   penalty
    1880        0.00084860      a_ia      1880                            0.00169719         2
    1297        0.00072729      a_ia      1297                            0.00145458         2
    1962        0.00066230      a_ia      1962                            0.00132460         2
    1612       -0.00052915      a_ia      1612                           -0.00105829         2
     830        0.00049051      a_ia       830                            0.00098102         2
    1852        0.00043324      a_ia      1852                            0.00086648         2
     839        0.00037630      a_ia       839                            0.00225780         6
    1957        0.00034562      a_ia      1957                            0.00138249         4
    1990       -0.00034336      a_ia      1990                           -0.00137343         4
   87394        0.00032163        op     36175     36176                  0.01768973        55

  ==> Tried operator a_ia 839: gain -7.23e-07 (threshold 8.4e-07), removed and excluded for this stage
  ==> Add operator: mvp2 -1: 36175 36176
  ==> Current qubit order: 0  1  6  7  2  60  3  61  10  8  9  11  18  19  20  21  22  14  15  64  65  5  4  23  24  25  34  35  36  37  26  27  62  63  40  12  13  41  42  43  30  31  32  33  44  39  52  57  49  48  56  45  75  38  72  46  55  78  28  47  90  29  59  91  73  17  16  58  80  79  74  68  66  76  50  54  82  77  81  53  51  83  69  67  70  71  87  88  86  84  85  89  92  93  94  95  96  97  98  99  100  101  102  103  


  ==> Energy                -308.078751496
  ==> dE                       -9.44e-05
  ==> Gradient Norm             1.84e+00
  ==> Abs. Max. Deriv.          4.77e-02
  ==> Time-Grad. (s)              81.706
  ==> Time-Energy (s)             62.957
  ==> Time-Iter. (s)             144.663

--------------------------------------------------------------------------------
CEO-ADAPT-VQE iteration: 227
--------------------------------------------------------------------------------
    gate        derivative      name       op1       op2       op3        g_unscaled   penalty
    1297        0.00072642      a_ia      1297                            0.00145283         2
    1962        0.00065772      a_ia      1962                            0.00131544         2
     839        0.00056468      a_ia       839                            0.00225871         4
    1612       -0.00053027      a_ia      1612                           -0.00106054         2
     830        0.00049068      a_ia       830                            0.00098136         2
    1852        0.00044826      a_ia      1852                            0.00089651         2
    1957        0.00034564      a_ia      1957                            0.00138256         4
    1990       -0.00034215      a_ia      1990                           -0.00136859         4
   89775        0.00032842        om     37972     37974                  0.01871982        57
   92084       -0.00032352        op     39623     39624                 -0.03073443        95

  ==> Add operator: mvp2 -1: 37972 37974
  ==> Current qubit order: 0  1  6  7  2  60  3  61  10  8  9  11  18  19  20  21  22  14  15  64  65  5  4  23  24  25  34  35  36  37  26  27  62  63  40  12  13  41  42  43  30  31  32  33  44  39  52  57  49  48  56  45  38  72  46  75  55  47  29  78  28  90  59  91  73  17  16  58  80  79  74  68  66  76  50  54  82  77  81  53  51  83  69  67  70  71  87  88  86  84  85  89  92  93  94  95  96  97  98  99  100  101  102  103  


  ==> Energy                -308.078810934
  ==> dE                       -5.94e-05
  ==> Gradient Norm             1.84e+00
  ==> Abs. Max. Deriv.          4.77e-02
  ==> Time-Grad. (s)              82.399
  ==> Time-Energy (s)             41.634
  ==> Time-Iter. (s)             124.032

--------------------------------------------------------------------------------
CEO-ADAPT-VQE iteration: 228
--------------------------------------------------------------------------------
    gate        derivative      name       op1       op2       op3        g_unscaled   penalty
    1962        0.00065809      a_ia      1962                            0.00131618         2
     839        0.00056458      a_ia       839                            0.00225832         4
    1612       -0.00053080      a_ia      1612                           -0.00106161         2
     830        0.00049153      a_ia       830                            0.00098306         2
    1852        0.00045499      a_ia      1852                            0.00090999         2
    1957        0.00034566      a_ia      1957                            0.00138262         4
    1990       -0.00034209      a_ia      1990                           -0.00136836         4
   69961        0.00032331        om     22734     22735                  0.02618806        81
   22734        0.00032328    a_iajb     22734                            0.02618591        81
   69960        0.00032326        op     22734     22735                  0.02618375        81

  ==> Add operator: om -1: 22734 22735
  ==> Current qubit order: 0  1  6  7  2  60  3  61  10  8  9  11  18  19  20  21  22  14  15  64  65  5  4  23  24  25  34  35  36  37  26  27  62  63  40  12  13  41  42  43  30  31  32  33  44  39  52  57  49  48  56  45  38  72  46  55  47  29  78  28  90  59  75  17  16  74  91  73  58  80  79  68  66  76  50  54  82  77  81  53  51  83  69  67  70  71  87  88  86  84  85  89  92  93  94  95  96  97  98  99  100  101  102  103  


  ==> Energy                -308.078873101
  ==> dE                       -6.22e-05
  ==> Gradient Norm             1.84e+00
  ==> Abs. Max. Deriv.          4.77e-02
  ==> Time-Grad. (s)              82.643
  ==> Time-Energy (s)             21.087
  ==> Time-Iter. (s)             103.730

--------------------------------------------------------------------------------
CEO-ADAPT-VQE iteration: 229
--------------------------------------------------------------------------------
    gate        derivative      name       op1       op2       op3        g_unscaled   penalty
     831        0.00120421      a_ia       831                            0.00240843         2
    1962        0.00065822      a_ia      1962                            0.00131643         2
    1612       -0.00053073      a_ia      1612                           -0.00106147         2
    1852        0.00045443      a_ia      1852                            0.00090885         2
     839        0.00038481      a_ia       839                            0.00230885         6
    1957        0.00034561      a_ia      1957                            0.00138243         4
    1990       -0.00034208      a_ia      1990                           -0.00136833         4
   92084       -0.00033045        op     39623     39624                 -0.03073188        93
    2175        0.00031320      a_ia      2175                            0.00062640         2
    1187       -0.00029331      a_ia      1187                           -0.00117324         4

  ==> Add operator: a_ia 831
  ==> Current qubit order: 0  1  6  7  2  60  3  61  10  8  9  11  18  19  20  21  22  14  15  64  65  5  4  23  24  25  34  35  36  37  26  27  62  63  40  12  13  41  42  43  30  31  32  33  44  39  52  57  49  48  56  45  38  72  46  55  47  29  78  28  90  59  75  17  16  74  91  73  58  80  79  68  66  76  50  54  82  77  81  53  51  83  69  67  70  71  87  88  86  84  85  89  92  93  94  95  96  97  98  99  100  101  102  103  


  ==> Energy                -308.078874282
  ==> dE                       -1.18e-06
  ==> Gradient Norm             1.84e+00
  ==> Abs. Max. Deriv.          4.77e-02
  ==> Time-Grad. (s)              82.735
  ==> Time-Energy (s)             22.694
  ==> Time-Iter. (s)             105.429

--------------------------------------------------------------------------------
CEO-ADAPT-VQE iteration: 230
--------------------------------------------------------------------------------
    gate        derivative      name       op1       op2       op3        g_unscaled   penalty
    1962        0.00065829      a_ia      1962                            0.00131657         2
    1612       -0.00053040      a_ia      1612                           -0.00106079         2
    1852        0.00046576      a_ia      1852                            0.00093152         2
     839        0.00038489      a_ia       839                            0.00230936         6
    1957        0.00034595      a_ia      1957                            0.00138380         4
    1990       -0.00034086      a_ia      1990                           -0.00136343         4
   92084       -0.00033045        op     39623     39624                 -0.03073195        93
    2175        0.00031337      a_ia      2175                            0.00062674         2
    1187       -0.00029370      a_ia      1187                           -0.00117481         4
   57942        0.00029215        op     13026     13027                  0.00905670        31

  ==> Add operator: mvp2 -1: 39623 39624
  ==> Current qubit order: 0  1  6  7  2  60  3  61  10  8  9  11  18  19  20  21  22  14  15  64  65  5  4  23  24  25  34  35  36  37  26  27  62  63  40  12  13  41  42  43  31  32  33  44  39  52  57  49  48  56  45  38  72  46  30  55  47  80  29  78  28  90  59  75  17  16  74  91  73  58  79  68  66  76  50  54  82  77  81  53  51  83  69  67  70  71  87  88  86  84  85  89  92  93  94  95  96  97  98  99  100  101  102  103  


  ==> Energy                -308.079196222
  ==> dE                       -3.22e-04
  ==> Gradient Norm             1.84e+00
  ==> Abs. Max. Deriv.          4.77e-02
  ==> Time-Grad. (s)              82.788
  ==> Time-Energy (s)             42.486
  ==> Time-Iter. (s)             125.274

--------------------------------------------------------------------------------
CEO-ADAPT-VQE iteration: 231
--------------------------------------------------------------------------------
    gate        derivative      name       op1       op2       op3        g_unscaled   penalty
    1962        0.00066334      a_ia      1962                            0.00132667         2
    1852        0.00054158      a_ia      1852                            0.00108316         2
    1612       -0.00053555      a_ia      1612                           -0.00107111         2
     839        0.00038581      a_ia       839                            0.00231486         6
    1957        0.00034832      a_ia      1957                            0.00139330         4
    1990       -0.00034633      a_ia      1990                           -0.00138532         4
   91939        0.00034515        om     39518     39520                  0.01553168        45
   91935        0.00033046        om     39518     39519                  0.01487055        45
   39518        0.00033014    a_iajb     39518                            0.01485627        45
   91934        0.00032982        op     39518     39519                  0.01484200        45

  ==> Add operator: mvp2 -1: 39518 39520
  ==> Current qubit order: 0  1  6  7  2  60  3  61  10  8  9  11  18  19  20  21  22  14  15  64  65  5  4  23  24  25  34  35  36  37  26  27  62  63  40  12  13  41  42  43  31  32  33  44  39  52  57  49  48  56  45  38  72  46  30  80  55  47  29  78  28  90  59  75  17  16  74  91  73  58  79  68  66  76  50  54  82  77  81  53  51  83  69  67  70  71  87  88  86  84  85  89  92  93  94  95  96  97  98  99  100  101  102  103  


  ==> Energy                -308.079291282
  ==> dE                       -9.51e-05
  ==> Gradient Norm             1.83e+00
  ==> Abs. Max. Deriv.          4.78e-02
  ==> Time-Grad. (s)              83.144
  ==> Time-Energy (s)             38.660
  ==> Time-Iter. (s)             121.804

--------------------------------------------------------------------------------
CEO-ADAPT-VQE iteration: 232
--------------------------------------------------------------------------------
    gate        derivative      name       op1       op2       op3        g_unscaled   penalty
    1962        0.00066668      a_ia      1962                            0.00133335         2
    1852        0.00066431      a_ia      1852                            0.00132863         2
    1344        0.00061828      a_ia      1344                            0.00123656         2
    1612       -0.00053223      a_ia      1612                           -0.00106446         2
     839        0.00038581      a_ia       839                            0.00231489         6
    1990       -0.00035362      a_ia      1990                           -0.00141449         4
    1957        0.00035181      a_ia      1957                            0.00140725         4
   71976        0.00033286        op     24342     24343                  0.01830715        55
   91693        0.00032063        om     39395     39397                  0.03174202        99
    2175        0.00031589      a_ia      2175                            0.00063179         2

  ==> Tried operator a_ia 1344: gain -3.03e-07 (threshold 8.4e-07), removed and excluded for this stage
  ==> Add operator: mvp2 -1: 24342 24343
  ==> Current qubit order: 0  1  6  7  2  60  3  61  10  8  9  11  18  19  20  21  22  14  15  64  65  5  4  23  24  25  34  35  36  37  26  27  62  63  40  12  13  41  42  43  31  32  33  44  39  52  57  49  48  56  45  38  72  46  30  80  55  47  16  29  78  28  90  59  75  17  74  91  73  58  79  68  66  76  50  54  82  77  81  53  51  83  69  67  70  71  87  88  86  84  85  89  92  93  94  95  96  97  98  99  100  101  102  103  


  ==> Energy                -308.079345456
  ==> dE                       -5.42e-05
  ==> Gradient Norm             1.83e+00
  ==> Abs. Max. Deriv.          4.78e-02
  ==> Time-Grad. (s)              83.315
  ==> Time-Energy (s)             67.587
  ==> Time-Iter. (s)             150.902

--------------------------------------------------------------------------------
CEO-ADAPT-VQE iteration: 233
--------------------------------------------------------------------------------
    gate        derivative      name       op1       op2       op3        g_unscaled   penalty
    1344        0.00083528      a_ia      1344                            0.00167056         2
    1852        0.00067668      a_ia      1852                            0.00135337         2
    1962        0.00066706      a_ia      1962                            0.00133413         2
     839        0.00057961      a_ia       839                            0.00231845         4
    1612       -0.00053178      a_ia      1612                           -0.00106355         2
    1990       -0.00035307      a_ia      1990                           -0.00141229         4
    1957        0.00035142      a_ia      1957                            0.00140566         4
   91693        0.00032064        om     39395     39397                  0.03174308        99
    2175        0.00031585      a_ia      2175                            0.00063170         2
   71974        0.00030255        op     24340     24341                  0.01300949        43

  ==> Add operator: mvp2 -1: 39395 39397
  ==> Current qubit order: 0  1  6  7  2  60  3  61  10  8  9  11  18  19  20  21  22  14  15  64  65  5  4  23  24  25  34  35  36  37  26  27  62  63  40  12  13  41  42  43  31  32  33  44  39  57  49  48  56  45  38  72  80  55  47  52  46  30  68  16  29  78  28  90  59  75  17  74  91  73  58  79  66  76  50  54  82  77  81  53  51  83  69  67  70  71  87  88  86  84  85  89  92  93  94  95  96  97  98  99  100  101  102  103  


  ==> Energy                -308.079784985
  ==> dE                       -4.40e-04
  ==> Gradient Norm             1.83e+00
  ==> Abs. Max. Deriv.          4.80e-02
  ==> Time-Grad. (s)              84.058
  ==> Time-Energy (s)             41.863
  ==> Time-Iter. (s)             125.920

--------------------------------------------------------------------------------
CEO-ADAPT-VQE iteration: 234
--------------------------------------------------------------------------------
    gate        derivative      name       op1       op2       op3        g_unscaled   penalty
    2015       -0.00080746      a_ia      2015                           -0.00484477         6
    1962        0.00066261      a_ia      1962                            0.00132523         2
    1842       -0.00063252      a_ia      1842                           -0.00126504         2
     839        0.00058171      a_ia       839                            0.00232686         4
    1338       -0.00056611      a_ia      1338                           -0.00113221         2
    1612       -0.00053291      a_ia      1612                           -0.00106581         2
     785        0.00037598      a_ia       785                            0.00075196         2
    1957        0.00035271      a_ia      1957                            0.00141084         4
    1990       -0.00033506      a_ia      1990                           -0.00134024         4
    1636        0.00033202      a_ia      1636                            0.00066405         2

  ==> Add operator: a_ia 2015
  ==> Current qubit order: 0  1  6  7  2  60  3  61  10  8  9  11  18  19  20  21  22  14  15  64  65  5  4  23  24  25  34  35  36  37  26  27  62  63  40  12  13  41  42  43  31  32  33  44  39  57  49  48  56  45  38  72  55  47  80  52  46  30  68  16  29  78  28  90  59  75  17  74  91  73  58  79  66  76  50  54  82  77  81  53  51  83  69  67  70  71  87  88  86  84  85  89  92  93  94  95  96  97  98  99  100  101  102  103  


  ==> Energy                -308.080128108
  ==> dE                       -3.43e-04
  ==> Gradient Norm             1.83e+00
  ==> Abs. Max. Deriv.          4.80e-02
  ==> Time-Grad. (s)              83.632
  ==> Time-Energy (s)            521.432
  ==> Time-Iter. (s)             605.064

--------------------------------------------------------------------------------
CEO-ADAPT-VQE iteration: 235
--------------------------------------------------------------------------------
    gate        derivative      name       op1       op2       op3        g_unscaled   penalty
    1962        0.00086491      a_ia      1962                            0.00172982         2
    1338       -0.00083379      a_ia      1338                           -0.00166759         2
     839        0.00062832      a_ia       839                            0.00251330         4
    1612       -0.00056357      a_ia      1612                           -0.00112714         2
    1842       -0.00047925      a_ia      1842                           -0.00095850         2
    1957        0.00038293      a_ia      1957                            0.00153173         4
     823        0.00033712      a_ia       823                            0.00134848         4
     796        0.00032994      a_ia       796                            0.00263951         8
    1344        0.00032326      a_ia      1344                            0.00193955         6
   85293        0.00031972        om     34628     34629                  0.01630591        51

  ==> Tried operator a_ia 1338: gain -6.52e-07 (threshold 8.7e-07), removed and excluded for this stage
  ==> Tried operator a_ia 1842: gain -7.18e-07 (threshold 8.7e-07), removed and excluded for this stage
  ==> Add operator: mvp2 -1: 34628 34629
  ==> Current qubit order: 0  1  6  7  2  60  3  61  10  8  9  11  18  19  20  21  22  14  15  64  65  5  4  23  24  25  34  35  36  37  26  27  62  63  40  12  13  41  42  43  31  32  33  44  39  57  49  48  56  45  38  72  55  47  80  52  46  30  16  68  29  28  75  78  90  59  17  74  91  73  58  79  66  76  50  54  82  77  81  53  51  83  69  67  70  71  87  88  86  84  85  89  92  93  94  95  96  97  98  99  100  101  102  103  


  ==> Energy                -308.080164566
  ==> dE                       -3.65e-05
  ==> Gradient Norm             1.83e+00
  ==> Abs. Max. Deriv.          4.80e-02
  ==> Time-Grad. (s)              86.384
  ==> Time-Energy (s)             87.492
  ==> Time-Iter. (s)             173.876

--------------------------------------------------------------------------------
CEO-ADAPT-VQE iteration: 236
--------------------------------------------------------------------------------
    gate        derivative      name       op1       op2       op3        g_unscaled   penalty
    1962        0.00086437      a_ia      1962                            0.00172874         2
     823        0.00067516      a_ia       823                            0.00135032         2
     839        0.00062818      a_ia       839                            0.00251273         4
    1612       -0.00056450      a_ia      1612                           -0.00112901         2
     766        0.00050249      a_ia       766                            0.00100497         2
    1842       -0.00047547      a_ia      1842                           -0.00095093         2
    1338       -0.00042269      a_ia      1338                           -0.00169077         4
    1957        0.00038290      a_ia      1957                            0.00153158         4
    1344        0.00032276      a_ia      1344                            0.00193659         6
   90935        0.00031099        om     38824     38825                  0.03700820       119

  ==> Add operator: a_ia 766
  ==> Current qubit order: 0  1  6  7  2  60  3  61  10  8  9  11  18  19  20  21  22  14  15  64  65  5  4  23  24  25  34  35  36  37  26  27  62  63  40  12  13  41  42  43  31  32  33  44  39  57  49  48  56  45  38  72  55  47  80  52  46  30  16  68  29  28  75  78  90  59  17  74  91  73  58  79  66  76  50  54  82  77  81  53  51  83  69  67  70  71  87  88  86  84  85  89  92  93  94  95  96  97  98  99  100  101  102  103  


  ==> Energy                -308.080235055
  ==> dE                       -7.05e-05
  ==> Gradient Norm             1.83e+00
  ==> Abs. Max. Deriv.          4.80e-02
  ==> Time-Grad. (s)              86.549
  ==> Time-Energy (s)             21.252
  ==> Time-Iter. (s)             107.801

--------------------------------------------------------------------------------
CEO-ADAPT-VQE iteration: 237
--------------------------------------------------------------------------------
    gate        derivative      name       op1       op2       op3        g_unscaled   penalty
    1962        0.00086516      a_ia      1962                            0.00173032         2
     823        0.00067987      a_ia       823                            0.00135974         2
     839        0.00062182      a_ia       839                            0.00248730         4
    1612       -0.00056625      a_ia      1612                           -0.00113251         2
    1842       -0.00048506      a_ia      1842                           -0.00097012         2
    1957        0.00038401      a_ia      1957                            0.00153603         4
    1344        0.00035360      a_ia      1344                            0.00212159         6
   90935        0.00031139        om     38824     38825                  0.03705490       119
   38824        0.00030389    a_iajb     38824                            0.03616300       119
   85393       -0.00030108        om     34728     34729                 -0.01234445        41

  ==> Add operator: mvp2 -1: 38824 38825
  ==> Current qubit order: 0  1  6  7  2  60  3  61  10  8  9  11  18  19  20  21  22  14  15  64  65  5  4  23  24  25  34  35  36  37  26  27  62  63  40  12  13  41  42  43  32  33  44  39  57  49  48  56  45  38  72  55  47  52  46  31  80  30  81  16  68  29  28  75  78  90  59  17  74  91  73  58  79  66  76  50  54  82  77  53  51  83  69  67  70  71  87  88  86  84  85  89  92  93  94  95  96  97  98  99  100  101  102  103  


  ==> Energy                -308.080735215
  ==> dE                       -5.00e-04
  ==> Gradient Norm             1.83e+00
  ==> Abs. Max. Deriv.          4.80e-02
  ==> Time-Grad. (s)              86.911
  ==> Time-Energy (s)             42.365
  ==> Time-Iter. (s)             129.276

--------------------------------------------------------------------------------
CEO-ADAPT-VQE iteration: 238
--------------------------------------------------------------------------------
    gate        derivative      name       op1       op2       op3        g_unscaled   penalty
    1962        0.00086908      a_ia      1962                            0.00173817         2
     823        0.00068197      a_ia       823                            0.00136393         2
     839        0.00061690      a_ia       839                            0.00246760         4
    1612       -0.00056840      a_ia      1612                           -0.00113680         2
    1842       -0.00048667      a_ia      1842                           -0.00097333         2
    1344        0.00045670      a_ia      1344                            0.00091340         2
    2038        0.00040975      a_ia      2038                            0.00081950         2
    1988        0.00039806      a_ia      1988                            0.00159223         4
    1957        0.00038181      a_ia      1957                            0.00152726         4
   95262       -0.00030927        op     41922     41923                 -0.02072106        67

  ==> Add operator: a_ia 2038
  ==> Current qubit order: 0  1  6  7  2  60  3  61  10  8  9  11  18  19  20  21  22  14  15  64  65  5  4  23  24  25  34  35  36  37  26  27  62  63  40  12  13  41  42  43  32  33  44  39  57  49  48  56  45  38  72  55  47  52  46  31  80  30  81  16  68  29  28  75  78  90  59  17  74  91  73  58  79  66  76  50  54  82  77  53  51  83  69  67  70  71  87  88  86  84  85  89  92  93  94  95  96  97  98  99  100  101  102  103  


  ==> Energy                -308.080740146
  ==> dE                       -4.93e-06
  ==> Gradient Norm             1.82e+00
  ==> Abs. Max. Deriv.          4.79e-02
  ==> Time-Grad. (s)              86.980
  ==> Time-Energy (s)             22.948
  ==> Time-Iter. (s)             109.928

--------------------------------------------------------------------------------
CEO-ADAPT-VQE iteration: 239
--------------------------------------------------------------------------------
    gate        derivative      name       op1       op2       op3        g_unscaled   penalty
    1962        0.00087283      a_ia      1962                            0.00174565         2
     823        0.00068222      a_ia       823                            0.00136445         2
     839        0.00061679      a_ia       839                            0.00246714         4
    1612       -0.00056818      a_ia      1612                           -0.00113637         2
    1842       -0.00048567      a_ia      1842                           -0.00097133         2
    1988        0.00045826      a_ia      1988                            0.00183306         4
    1344        0.00045721      a_ia      1344                            0.00091441         2
    1957        0.00038030      a_ia      1957                            0.00152121         4
   95262       -0.00030927        op     41922     41923                 -0.02072123        67
   85393       -0.00030105        om     34728     34729                 -0.01234286        41

  ==> Add operator: mvp2 -1: 41922 41923
  ==> Current qubit order: 0  1  6  7  2  60  3  61  10  8  9  11  18  19  20  21  22  14  15  64  65  5  4  23  24  25  34  35  36  37  26  27  62  63  40  12  13  41  42  43  33  44  39  57  49  48  56  45  38  72  32  55  47  80  52  46  31  30  81  16  68  29  28  75  78  90  59  17  74  91  73  58  79  66  76  50  54  82  77  53  51  83  69  67  70  71  87  88  86  84  85  89  92  93  94  95  96  97  98  99  100  101  102  103  


  ==> Energy                -308.080898202
  ==> dE                       -1.58e-04
  ==> Gradient Norm             1.82e+00
  ==> Abs. Max. Deriv.          4.79e-02
  ==> Time-Grad. (s)              87.783
  ==> Time-Energy (s)             39.749
  ==> Time-Iter. (s)             127.532

--------------------------------------------------------------------------------
CEO-ADAPT-VQE iteration: 240
--------------------------------------------------------------------------------
    gate        derivative      name       op1       op2       op3        g_unscaled   penalty
    1962        0.00087767      a_ia      1962                            0.00175533         2
     823        0.00068503      a_ia       823                            0.00137006         2
     839        0.00061717      a_ia       839                            0.00246869         4
    1612       -0.00056955      a_ia      1612                           -0.00113910         2
    1411       -0.00047449      a_ia      1411                           -0.00094899         2
    1842       -0.00047056      a_ia      1842                           -0.00094112         2
    1988        0.00045792      a_ia      1988                            0.00183167         4
    1957        0.00037964      a_ia      1957                            0.00151857         4
   90823        0.00030118        om     38712     38713                  0.03343106       111
   85393       -0.00030110        om     34728     34729                 -0.01234520        41

  ==> Tried operator a_ia 1411: gain -9.78e-08 (threshold 6.8e-07), removed and excluded for this stage
  ==> Add operator: mvp2 -1: 38712 38713
  ==> Current qubit order: 0  1  6  7  2  60  3  61  10  8  9  11  18  19  20  21  22  14  15  64  65  5  4  23  24  25  34  35  36  37  26  27  62  63  40  12  13  41  42  43  33  44  39  57  49  48  56  45  38  72  32  55  47  80  52  46  81  16  29  28  75  78  90  31  30  68  69  59  17  74  91  73  58  79  66  76  50  54  82  77  53  51  83  67  70  71  87  88  86  84  85  89  92  93  94  95  96  97  98  99  100  101  102  103  


  ==> Energy                -308.081390756
  ==> dE                       -4.93e-04
  ==> Gradient Norm             1.82e+00
  ==> Abs. Max. Deriv.          4.80e-02
  ==> Time-Grad. (s)              87.932
  ==> Time-Energy (s)             64.614
  ==> Time-Iter. (s)             152.546

--------------------------------------------------------------------------------
CEO-ADAPT-VQE iteration: 241
--------------------------------------------------------------------------------
    gate        derivative      name       op1       op2       op3        g_unscaled   penalty
    1962        0.00087799      a_ia      1962                            0.00175597         2
     823        0.00067936      a_ia       823                            0.00135872         2
     839        0.00061832      a_ia       839                            0.00247327         4
    1612       -0.00057030      a_ia      1612                           -0.00114061         2
    1411       -0.00047509      a_ia      1411                           -0.00095019         2
    1842       -0.00046863      a_ia      1842                           -0.00093725         2
    1988        0.00045638      a_ia      1988                            0.00182552         4
   89427       -0.00038692        om     37691     37692                 -0.02437573        63
    1957        0.00037967      a_ia      1957                            0.00151866         4
    2088       -0.00037225      a_ia      2088                           -0.00372246        10

  ==> Add operator: mvp2 -1: 37691 37692
  ==> Current qubit order: 0  1  6  7  2  60  3  61  10  8  9  11  18  19  20  21  22  14  15  64  65  5  4  23  24  25  34  35  36  37  26  27  62  63  40  12  13  41  42  43  33  44  39  57  49  48  56  45  38  72  32  55  47  80  81  16  52  46  29  69  28  75  78  90  31  30  68  59  17  74  91  73  58  79  66  76  50  54  82  77  53  51  83  67  70  71  87  88  86  84  85  89  92  93  94  95  96  97  98  99  100  101  102  103  


  ==> Energy                -308.081645118
  ==> dE                       -2.54e-04
  ==> Gradient Norm             1.82e+00
  ==> Abs. Max. Deriv.          4.80e-02
  ==> Time-Grad. (s)              86.908
  ==> Time-Energy (s)             38.150
  ==> Time-Iter. (s)             125.058

--------------------------------------------------------------------------------
CEO-ADAPT-VQE iteration: 242
--------------------------------------------------------------------------------
    gate        derivative      name       op1       op2       op3        g_unscaled   penalty
    1962        0.00087456      a_ia      1962                            0.00174913         2
    1302       -0.00078721      a_ia      1302                           -0.00157443         2
     823        0.00067353      a_ia       823                            0.00134706         2
     839        0.00062148      a_ia       839                            0.00248590         4
    2088       -0.00062144      a_ia      2088                           -0.00372862         6
    1612       -0.00057204      a_ia      1612                           -0.00114408         2
    1842       -0.00054039      a_ia      1842                           -0.00108078         2
    1411       -0.00047562      a_ia      1411                           -0.00095125         2
    1988        0.00045554      a_ia      1988                            0.00182215         4
    1957        0.00038000      a_ia      1957                            0.00152001         4

  ==> Tried operator a_ia 1302: gain -5.32e-07 (threshold 6.8e-07), removed and excluded for this stage
  ==> Add operator: a_ia 2088
  ==> Current qubit order: 0  1  6  7  2  60  3  61  10  8  9  11  18  19  20  21  22  14  15  64  65  5  4  23  24  25  34  35  36  37  26  27  62  63  40  12  13  41  42  43  33  44  39  57  49  48  56  45  38  72  32  47  80  55  81  16  52  46  29  69  28  75  78  90  31  30  68  59  17  74  91  73  58  79  66  76  50  54  82  77  53  51  83  67  70  71  87  88  86  84  85  89  92  93  94  95  96  97  98  99  100  101  102  103  


  ==> Energy                -308.081770138
  ==> dE                       -1.25e-04
  ==> Gradient Norm             1.82e+00
  ==> Abs. Max. Deriv.          4.80e-02
  ==> Time-Grad. (s)              87.659
  ==> Time-Energy (s)             45.283
  ==> Time-Iter. (s)             132.943

--------------------------------------------------------------------------------
CEO-ADAPT-VQE iteration: 243
--------------------------------------------------------------------------------
    gate        derivative      name       op1       op2       op3        g_unscaled   penalty
    1962        0.00088206      a_ia      1962                            0.00176412         2
    1302       -0.00078692      a_ia      1302                           -0.00157384         2
     823        0.00068337      a_ia       823                            0.00136674         2
     839        0.00062480      a_ia       839                            0.00249920         4
    1842       -0.00056897      a_ia      1842                           -0.00113793         2
    1612       -0.00056633      a_ia      1612                           -0.00113267         2
    1411       -0.00047815      a_ia      1411                           -0.00095630         2
    1988        0.00047527      a_ia      1988                            0.00190108         4
    1957        0.00037995      a_ia      1957                            0.00151978         4
   73359       -0.00037638        om     25466     25467                 -0.01543165        41

  ==> Add operator: mvp2 -1: 25466 25467
  ==> Current qubit order: 0  1  6  7  2  60  3  61  10  8  9  11  18  19  20  21  22  14  15  64  65  5  4  23  24  25  34  35  36  37  26  27  62  63  40  12  13  41  42  43  33  44  39  57  49  48  56  45  38  72  32  47  80  55  81  16  52  46  29  69  28  75  78  90  31  30  68  59  17  74  91  73  58  79  66  76  50  54  82  77  53  51  83  67  70  71  87  88  86  84  85  89  92  93  94  95  96  97  98  99  100  101  102  103  


  ==> Energy                -308.081802914
  ==> dE                       -3.28e-05
  ==> Gradient Norm             1.82e+00
  ==> Abs. Max. Deriv.          4.80e-02
  ==> Time-Grad. (s)              88.737
  ==> Time-Energy (s)             41.374
  ==> Time-Iter. (s)             130.111

--------------------------------------------------------------------------------
CEO-ADAPT-VQE iteration: 244
--------------------------------------------------------------------------------
    gate        derivative      name       op1       op2       op3        g_unscaled   penalty
    1962        0.00088215      a_ia      1962                            0.00176430         2
    1302       -0.00078759      a_ia      1302                           -0.00157518         2
     823        0.00060434      a_ia       823                            0.00120868         2
     839        0.00059059      a_ia       839                            0.00236234         4
    1842       -0.00056701      a_ia      1842                           -0.00113402         2
    1612       -0.00056621      a_ia      1612                           -0.00113242         2
    1411       -0.00047827      a_ia      1411                           -0.00095654         2
    1988        0.00047529      a_ia      1988                            0.00190117         4
    1957        0.00037992      a_ia      1957                            0.00151969         4
   90773        0.00036684        om     38662     38663                  0.03264911        89

  ==> Add operator: om -1: 38662 38663
  ==> Current qubit order: 0  1  6  7  2  60  3  61  10  8  9  11  18  19  20  21  22  14  15  64  65  5  4  23  24  25  34  35  36  37  26  27  62  63  40  12  13  41  42  43  33  44  39  57  49  48  56  45  38  72  32  47  80  55  81  16  52  46  29  69  28  75  78  90  68  59  17  74  91  73  58  31  30  66  67  79  76  50  54  82  77  53  51  83  70  71  87  88  86  84  85  89  92  93  94  95  96  97  98  99  100  101  102  103  


  ==> Energy                -308.081936160
  ==> dE                       -1.33e-04
  ==> Gradient Norm             1.82e+00
  ==> Abs. Max. Deriv.          4.80e-02
  ==> Time-Grad. (s)              88.737
  ==> Time-Energy (s)             21.973
  ==> Time-Iter. (s)             110.710

--------------------------------------------------------------------------------
CEO-ADAPT-VQE iteration: 245
--------------------------------------------------------------------------------
    gate        derivative      name       op1       op2       op3        g_unscaled   penalty
    1337       -0.00102615      a_ia      1337                           -0.00205230         2
    1962        0.00088223      a_ia      1962                            0.00176446         2
    1302       -0.00079003      a_ia      1302                           -0.00158005         2
     823        0.00060424      a_ia       823                            0.00120848         2
     839        0.00059030      a_ia       839                            0.00236122         4
    1612       -0.00056594      a_ia      1612                           -0.00113189         2
    1842       -0.00056561      a_ia      1842                           -0.00113123         2
    1411       -0.00047806      a_ia      1411                           -0.00095613         2
    1988        0.00047533      a_ia      1988                            0.00190133         4
   90841        0.00043219        om     38730     38731                  0.03673653        85

  ==> Add operator: a_ia 1337
  ==> Current qubit order: 0  1  6  7  2  60  3  61  10  8  9  11  18  19  20  21  22  14  15  64  65  5  4  23  24  25  34  35  36  37  26  27  62  63  40  12  13  41  42  43  33  44  39  57  49  48  56  45  38  72  32  47  80  55  81  16  52  46  29  69  28  75  78  90  68  59  17  74  91  73  58  31  30  66  67  79  76  50  54  82  77  53  51  83  70  71  87  88  86  84  85  89  92  93  94  95  96  97  98  99  100  101  102  103  


  ==> Energy                -308.081937777
  ==> dE                       -1.62e-06
  ==> Gradient Norm             1.82e+00
  ==> Abs. Max. Deriv.          4.80e-02
  ==> Time-Grad. (s)              87.987
  ==> Time-Energy (s)             25.950
  ==> Time-Iter. (s)             113.938

--------------------------------------------------------------------------------
CEO-ADAPT-VQE iteration: 246
--------------------------------------------------------------------------------
    gate        derivative      name       op1       op2       op3        g_unscaled   penalty
    1962        0.00088057      a_ia      1962                            0.00176114         2
    1302       -0.00079315      a_ia      1302                           -0.00158630         2
     823        0.00062107      a_ia       823                            0.00124214         2
     839        0.00059629      a_ia       839                            0.00238515         4
    1612       -0.00056468      a_ia      1612                           -0.00112936         2
    1842       -0.00055182      a_ia      1842                           -0.00110364         2
    1411       -0.00048214      a_ia      1411                           -0.00096428         2
    1988        0.00047437      a_ia      1988                            0.00189748         4
   90841        0.00043220        om     38730     38731                  0.03673681        85
   38730        0.00043220    a_iajb     38730                            0.03673681        85

  ==> Add operator: om -1: 38730 38731
  ==> Current qubit order: 0  1  6  7  2  60  3  61  10  8  9  11  18  19  20  21  22  14  15  64  65  5  4  23  24  25  34  35  36  37  26  27  62  63  40  12  13  41  42  43  33  44  39  57  49  48  56  45  38  72  32  47  80  55  81  16  52  46  29  69  28  75  78  90  68  59  17  74  91  73  58  66  67  79  76  50  31  30  70  71  54  82  77  53  51  83  87  88  86  84  85  89  92  93  94  95  96  97  98  99  100  101  102  103  


  ==> Energy                -308.082087159
  ==> dE                       -1.49e-04
  ==> Gradient Norm             1.82e+00
  ==> Abs. Max. Deriv.          4.80e-02
  ==> Time-Grad. (s)              88.214
  ==> Time-Energy (s)             23.562
  ==> Time-Iter. (s)             111.776

--------------------------------------------------------------------------------
CEO-ADAPT-VQE iteration: 247
--------------------------------------------------------------------------------
    gate        derivative      name       op1       op2       op3        g_unscaled   penalty
    1339        0.00282362      a_ia      1339                            0.00564724         2
    1375        0.00094780      a_ia      1375                            0.00568679         6
    1962        0.00088080      a_ia      1962                            0.00176159         2
    1302       -0.00079553      a_ia      1302                           -0.00159105         2
     823        0.00062001      a_ia       823                            0.00124001         2
     839        0.00059575      a_ia       839                            0.00238298         4
    1612       -0.00056459      a_ia      1612                           -0.00112919         2
    1842       -0.00055079      a_ia      1842                           -0.00110159         2
    1411       -0.00048202      a_ia      1411                           -0.00096405         2
    1988        0.00047442      a_ia      1988                            0.00189768         4

  ==> Add operator: a_ia 1339
  ==> Current qubit order: 0  1  6  7  2  60  3  61  10  8  9  11  18  19  20  21  22  14  15  64  65  5  4  23  24  25  34  35  36  37  26  27  62  63  40  12  13  41  42  43  33  44  39  57  49  48  56  45  38  72  32  47  80  55  81  16  52  46  29  69  28  75  78  90  68  59  17  74  91  73  58  66  67  79  76  50  31  30  70  71  54  82  77  53  51  83  87  88  86  84  85  89  92  93  94  95  96  97  98  99  100  101  102  103  


  ==> Energy                -308.082094782
  ==> dE                       -7.62e-06
  ==> Gradient Norm             1.82e+00
  ==> Abs. Max. Deriv.          4.80e-02
  ==> Time-Grad. (s)              88.141
  ==> Time-Energy (s)             22.476
  ==> Time-Iter. (s)             110.617

--------------------------------------------------------------------------------
CEO-ADAPT-VQE iteration: 248
--------------------------------------------------------------------------------
    gate        derivative      name       op1       op2       op3        g_unscaled   penalty
    1375        0.00091551      a_ia      1375                            0.00549303         6
    1962        0.00087766      a_ia      1962                            0.00175532         2
    1302       -0.00078388      a_ia      1302                           -0.00156775         2
     823        0.00064183      a_ia       823                            0.00128366         2
     839        0.00059698      a_ia       839                            0.00238791         4
    1842       -0.00056861      a_ia      1842                           -0.00113722         2
    1612       -0.00056309      a_ia      1612                           -0.00112618         2
    1411       -0.00047350      a_ia      1411                           -0.00094701         2
    1988        0.00047219      a_ia      1988                            0.00188878         4
   90970        0.00045602        op     38860     38861                  0.03146514        69

  ==> Add operator: a_ia 1375
  ==> Current qubit order: 0  1  6  7  2  60  3  61  10  8  9  11  18  19  20  21  22  14  15  64  65  5  4  23  24  25  34  35  36  37  26  27  62  63  40  12  13  41  42  43  33  44  39  57  49  48  56  45  38  72  32  47  80  55  81  16  52  46  29  69  28  75  78  90  68  59  17  74  91  73  58  66  67  79  76  50  30  70  31  71  54  82  77  53  51  83  87  88  86  84  85  89  92  93  94  95  96  97  98  99  100  101  102  103  


  ==> Energy                -308.082102085
  ==> dE                       -7.30e-06
  ==> Gradient Norm             1.82e+00
  ==> Abs. Max. Deriv.          4.80e-02
  ==> Time-Grad. (s)              88.107
  ==> Time-Energy (s)             26.402
  ==> Time-Iter. (s)             114.509

--------------------------------------------------------------------------------
CEO-ADAPT-VQE iteration: 249
--------------------------------------------------------------------------------
    gate        derivative      name       op1       op2       op3        g_unscaled   penalty
    1962        0.00087327      a_ia      1962                            0.00174655         2
    1302       -0.00079363      a_ia      1302                           -0.00158725         2
     823        0.00062870      a_ia       823                            0.00125740         2
     839        0.00059575      a_ia       839                            0.00238299         4
    1842       -0.00058892      a_ia      1842                           -0.00117784         2
    1612       -0.00056151      a_ia      1612                           -0.00112301         2
    1411       -0.00047339      a_ia      1411                           -0.00094678         2
    1988        0.00047067      a_ia      1988                            0.00188267         4
   90970        0.00046949        op     38860     38861                  0.03145594        67
   90971        0.00046949        om     38860     38861                  0.03145594        67

  ==> Add operator: op -1: 38860 38861
  ==> Current qubit order: 0  1  6  7  2  60  3  61  10  8  9  11  18  19  20  21  22  14  15  64  65  5  4  23  24  25  34  35  36  37  26  27  62  63  40  12  13  41  42  43  33  44  39  57  49  48  56  45  38  72  32  47  80  55  81  16  52  46  29  69  28  75  78  90  68  59  17  74  91  73  58  66  67  79  76  50  70  71  54  82  77  30  31  84  85  53  51  83  87  88  86  89  92  93  94  95  96  97  98  99  100  101  102  103  


  ==> Energy                -308.082193017
  ==> dE                       -9.09e-05
  ==> Gradient Norm             1.82e+00
  ==> Abs. Max. Deriv.          4.80e-02
  ==> Time-Grad. (s)              88.561
  ==> Time-Energy (s)             21.564
  ==> Time-Iter. (s)             110.125

--------------------------------------------------------------------------------
CEO-ADAPT-VQE iteration: 250
--------------------------------------------------------------------------------
    gate        derivative      name       op1       op2       op3        g_unscaled   penalty
    1962        0.00087319      a_ia      1962                            0.00174637         2
    1302       -0.00079454      a_ia      1302                           -0.00158908         2
     823        0.00062907      a_ia       823                            0.00125815         2
     839        0.00059591      a_ia       839                            0.00238364         4
    1842       -0.00058731      a_ia      1842                           -0.00117463         2
    1612       -0.00056147      a_ia      1612                           -0.00112294         2
    1411       -0.00047361      a_ia      1411                           -0.00094722         2
   90982        0.00044854        op     38872     38873                  0.03005227        67
   38872        0.00044854    a_iajb     38872                            0.03005189        67
   90983        0.00044853        om     38872     38873                  0.03005151        67

  ==> Add operator: op -1: 38872 38873
  ==> Current qubit order: 0  1  6  7  2  60  3  61  10  8  9  11  18  19  20  21  22  14  15  64  65  5  4  23  24  25  34  35  36  37  26  27  62  63  40  12  13  41  42  43  33  44  39  57  49  48  56  45  38  72  32  47  80  55  81  16  52  46  29  69  28  75  78  90  68  59  17  74  91  73  58  66  67  79  76  50  70  71  54  82  77  84  85  53  51  30  31  88  89  83  87  86  92  93  94  95  96  97  98  99  100  101  102  103  


  ==> Energy                -308.082267397
  ==> dE                       -7.44e-05
  ==> Gradient Norm             1.82e+00
  ==> Abs. Max. Deriv.          4.80e-02
  ==> Time-Grad. (s)              87.739
  ==> Time-Energy (s)             24.457
  ==> Time-Iter. (s)             112.196

--------------------------------------------------------------------------------
CEO-ADAPT-VQE iteration: 251
--------------------------------------------------------------------------------
    gate        derivative      name       op1       op2       op3        g_unscaled   penalty
    1962        0.00087316      a_ia      1962                            0.00174633         2
    1302       -0.00079493      a_ia      1302                           -0.00158987         2
     823        0.00062899      a_ia       823                            0.00125798         2
     839        0.00059580      a_ia       839                            0.00238318         4
    1842       -0.00058700      a_ia      1842                           -0.00117400         2
    1612       -0.00056148      a_ia      1612                           -0.00112296         2
    1411       -0.00047360      a_ia      1411                           -0.00094720         2
   90994        0.00047296        op     38884     38885                  0.02128324        45
   90995        0.00047296        om     38884     38885                  0.02128324        45
   90972        0.00042820        op     38862     38863                  0.01755635        41

  ==> Add operator: op -1: 38884 38885
  ==> Current qubit order: 0  1  6  7  2  60  3  61  10  8  9  11  18  19  20  21  22  14  15  64  65  5  4  23  24  25  34  35  36  37  26  27  62  63  40  12  13  41  42  43  33  44  39  57  49  48  56  45  38  72  32  47  80  55  81  16  52  46  29  69  28  75  78  90  68  59  17  74  91  73  58  66  67  79  76  50  70  71  54  82  77  84  85  53  51  88  89  30  31  92  93  83  87  86  94  95  96  97  98  99  100  101  102  103  


  ==> Energy                -308.082302207
  ==> dE                       -3.48e-05
  ==> Gradient Norm             1.82e+00
  ==> Abs. Max. Deriv.          4.80e-02
  ==> Time-Grad. (s)              88.124
  ==> Time-Energy (s)             21.664
  ==> Time-Iter. (s)             109.788

--------------------------------------------------------------------------------
CEO-ADAPT-VQE iteration: 252
--------------------------------------------------------------------------------
    gate        derivative      name       op1       op2       op3        g_unscaled   penalty
    1962        0.00087316      a_ia      1962                            0.00174632         2
    1302       -0.00079528      a_ia      1302                           -0.00159056         2
     823        0.00062908      a_ia       823                            0.00125816         2
     839        0.00059582      a_ia       839                            0.00238327         4
    1842       -0.00058608      a_ia      1842                           -0.00117215         2
    1612       -0.00056146      a_ia      1612                           -0.00112292         2
   90972        0.00053054        op     38862     38863                  0.01750791        33
   90973        0.00053054        om     38862     38863                  0.01750791        33
    1411       -0.00047368      a_ia      1411                           -0.00094736         2
   38862        0.00035730    a_iajb     38862                            0.01750791        49

  ==> Add operator: op -1: 38862 38863
  ==> Current qubit order: 0  1  6  7  2  60  3  61  10  8  9  11  18  19  20  21  22  14  15  64  65  5  4  23  24  25  34  35  36  37  26  27  62  63  40  12  13  41  42  43  33  44  39  57  49  48  56  45  38  72  32  47  80  55  81  16  52  46  29  69  28  75  78  90  68  59  17  74  91  73  58  66  67  79  76  50  70  71  54  82  77  85  53  51  88  84  89  30  31  92  93  83  87  86  94  95  96  97  98  99  100  101  102  103  


  ==> Energy                -308.082329188
  ==> dE                       -2.70e-05
  ==> Gradient Norm             1.82e+00
  ==> Abs. Max. Deriv.          4.80e-02
  ==> Time-Grad. (s)              87.418
  ==> Time-Energy (s)             21.052
  ==> Time-Iter. (s)             108.470

--------------------------------------------------------------------------------
CEO-ADAPT-VQE iteration: 253
--------------------------------------------------------------------------------
    gate        derivative      name       op1       op2       op3        g_unscaled   penalty
    1962        0.00087314      a_ia      1962                            0.00174628         2
    1302       -0.00079510      a_ia      1302                           -0.00159019         2
     823        0.00062925      a_ia       823                            0.00125851         2
     839        0.00059590      a_ia       839                            0.00238359         4
    1842       -0.00058541      a_ia      1842                           -0.00117082         2
    1612       -0.00056149      a_ia      1612                           -0.00112298         2
    1411       -0.00047382      a_ia      1411                           -0.00094764         2
    1346       -0.00041511      a_ia      1346                           -0.00166043         4
    1386       -0.00033621      a_ia      1386                           -0.00134483         4
    2149       -0.00033530      a_ia      2149                           -0.00067061         2

  ==> Tried operator a_ia 1346: gain -2.92e-07 (threshold 8.3e-07), removed and excluded for this stage
  ==> Tried operator a_ia 1386: gain -3.19e-07 (threshold 8.3e-07), removed and excluded for this stage
  ==> Add operator: a_ia 2149
  ==> Current qubit order: 0  1  6  7  2  60  3  61  10  8  9  11  18  19  20  21  22  14  15  64  65  5  4  23  24  25  34  35  36  37  26  27  62  63  40  12  13  41  42  43  33  44  39  57  49  48  56  45  38  72  32  47  80  55  81  16  52  46  29  69  28  75  78  90  68  59  17  74  91  73  58  66  67  79  76  50  70  71  54  82  77  85  53  51  88  84  89  30  31  92  93  83  87  86  94  95  96  97  98  99  100  101  102  103  


  ==> Energy                -308.082361802
  ==> dE                       -3.26e-05
  ==> Gradient Norm             1.81e+00
  ==> Abs. Max. Deriv.          4.80e-02
  ==> Time-Grad. (s)              87.251
  ==> Time-Energy (s)             75.124
  ==> Time-Iter. (s)             162.376

--------------------------------------------------------------------------------
CEO-ADAPT-VQE iteration: 254
--------------------------------------------------------------------------------
    gate        derivative      name       op1       op2       op3        g_unscaled   penalty
    1962        0.00087318      a_ia      1962                            0.00174636         2
    1302       -0.00079966      a_ia      1302                           -0.00159932         2
     823        0.00063538      a_ia       823                            0.00127075         2
     839        0.00059593      a_ia       839                            0.00238370         4
    1842       -0.00058893      a_ia      1842                           -0.00117785         2
    1612       -0.00056204      a_ia      1612                           -0.00112407         2
    1411       -0.00047288      a_ia      1411                           -0.00094576         2
    1346       -0.00041192      a_ia      1346                           -0.00164768         4
    1386       -0.00033527      a_ia      1386                           -0.00134107         4
   90974        0.00032753        op     38864     38865                  0.01735913        53

  ==> Add operator: op -1: 38864 38865
  ==> Current qubit order: 0  1  6  7  2  60  3  61  10  8  9  11  18  19  20  21  22  14  15  64  65  5  4  23  24  25  34  35  36  37  26  27  62  63  40  12  13  41  42  43  33  44  39  57  49  48  56  45  38  72  32  47  80  55  81  16  52  46  29  69  28  75  78  90  68  59  17  74  91  73  58  66  67  79  76  50  70  71  54  82  77  53  51  85  88  30  31  84  89  92  93  83  87  86  94  95  96  97  98  99  100  101  102  103  


  ==> Energy                -308.082388310
  ==> dE                       -2.65e-05
  ==> Gradient Norm             1.81e+00
  ==> Abs. Max. Deriv.          4.80e-02
  ==> Time-Grad. (s)              87.318
  ==> Time-Energy (s)             23.968
  ==> Time-Iter. (s)             111.287

--------------------------------------------------------------------------------
CEO-ADAPT-VQE iteration: 255
--------------------------------------------------------------------------------
    gate        derivative      name       op1       op2       op3        g_unscaled   penalty
    1962        0.00087315      a_ia      1962                            0.00174630         2
    1302       -0.00079962      a_ia      1302                           -0.00159924         2
     823        0.00063555      a_ia       823                            0.00127109         2
     839        0.00059604      a_ia       839                            0.00238415         4
    1842       -0.00058827      a_ia      1842                           -0.00117654         2
    1348       -0.00058822      a_ia      1348                           -0.00117644         2
    1612       -0.00056206      a_ia      1612                           -0.00112412         2
    1411       -0.00047304      a_ia      1411                           -0.00094609         2
    1988        0.00047062      a_ia      1988                            0.00188249         4
    1346       -0.00040010      a_ia      1346                           -0.00160039         4

  ==> Tried operator a_ia 1348: gain -1.44e-11 (threshold 5.3e-07), removed and excluded for this stage
  ==> Tried operator a_ia 1992: gain -1.29e-07 (threshold 5.3e-07), removed and excluded for this stage
  ==> Add operator: mvp2 -1: 37963 37965
  ==> Current qubit order: 0  1  6  7  2  60  3  61  10  8  9  11  18  19  20  21  22  14  15  64  65  5  4  23  24  25  34  35  36  37  26  27  62  63  40  12  13  41  42  43  33  44  39  57  49  48  56  45  38  72  32  80  81  47  55  29  69  16  52  46  28  75  78  90  68  59  17  74  91  73  58  66  67  79  76  50  70  71  54  82  77  53  51  85  88  30  31  84  89  92  93  83  87  86  94  95  96  97  98  99  100  101  102  103  


  ==> Energy                -308.082517198
  ==> dE                       -1.29e-04
  ==> Gradient Norm             1.81e+00
  ==> Abs. Max. Deriv.          4.80e-02
  ==> Time-Grad. (s)              86.921
  ==> Time-Energy (s)             98.857
  ==> Time-Iter. (s)             185.778

--------------------------------------------------------------------------------
CEO-ADAPT-VQE iteration: 256
--------------------------------------------------------------------------------
    gate        derivative      name       op1       op2       op3        g_unscaled   penalty
    1962        0.00087309      a_ia      1962                            0.00174618         2
     823        0.00063342      a_ia       823                            0.00126684         2
    1842       -0.00063311      a_ia      1842                           -0.00126623         2
    1302       -0.00059467      a_ia      1302                           -0.00118935         2
     839        0.00059447      a_ia       839                            0.00237788         4
    1348       -0.00058783      a_ia      1348                           -0.00117566         2
    1612       -0.00056079      a_ia      1612                           -0.00112159         2
    1411       -0.00047520      a_ia      1411                           -0.00095041         2
    1988        0.00047094      a_ia      1988                            0.00188375         4
    1346       -0.00040198      a_ia      1346                           -0.00160790         4

  ==> Tried operator a_ia 1295: gain -2.37e-07 (threshold 7.2e-07), removed and excluded for this stage
  ==> Tried operator a_ia 1415: gain -1.81e-07 (threshold 7.2e-07), removed and excluded for this stage
  ==> Add operator: mvp2 -1: 36165 36166
  ==> Current qubit order: 0  1  6  7  2  60  3  61  10  8  9  11  18  19  20  21  22  14  15  64  65  5  4  23  24  25  34  35  36  37  26  27  62  63  40  12  13  41  42  43  33  44  39  57  49  48  56  45  38  72  32  80  81  29  69  16  52  47  55  28  68  46  75  78  90  59  17  74  91  73  58  66  67  79  76  50  70  71  54  82  77  53  51  85  88  30  31  84  89  92  93  83  87  86  94  95  96  97  98  99  100  101  102  103  


  ==> Energy                -308.082663431
  ==> dE                       -1.46e-04
  ==> Gradient Norm             1.81e+00
  ==> Abs. Max. Deriv.          4.80e-02
  ==> Time-Grad. (s)              87.552
  ==> Time-Energy (s)             94.853
  ==> Time-Iter. (s)             182.406

--------------------------------------------------------------------------------
CEO-ADAPT-VQE iteration: 257
--------------------------------------------------------------------------------
    gate        derivative      name       op1       op2       op3        g_unscaled   penalty
    1962        0.00087464      a_ia      1962                            0.00174929         2
     823        0.00063343      a_ia       823                            0.00126685         2
    1302       -0.00059445      a_ia      1302                           -0.00118890         2
     839        0.00059335      a_ia       839                            0.00237341         4
    1348       -0.00058450      a_ia      1348                           -0.00116899         2
    1612       -0.00055772      a_ia      1612                           -0.00111544         2
    1411       -0.00047683      a_ia      1411                           -0.00095366         2
    1988        0.00047136      a_ia      1988                            0.00188544         4
    1346       -0.00040170      a_ia      1346                           -0.00160681         4
    1308       -0.00038100      a_ia      1308                           -0.00076200         2

  ==> Tried operator a_ia 1308: gain -1.87e-08 (threshold 8.3e-07), removed and excluded for this stage
  ==> Add operator: op -1: 41380 41381
  ==> Current qubit order: 0  1  6  7  2  60  3  61  10  8  9  11  18  19  20  21  22  14  15  64  65  5  4  23  24  25  34  35  36  37  26  27  62  63  40  12  13  41  42  43  44  39  57  49  48  56  45  38  72  33  32  69  68  80  81  29  16  52  47  55  28  46  75  78  90  59  17  74  91  73  58  66  67  79  76  50  70  71  54  82  77  53  51  85  88  30  31  84  89  92  93  83  87  86  94  95  96  97  98  99  100  101  102  103  


  ==> Energy                -308.082758548
  ==> dE                       -9.51e-05
  ==> Gradient Norm             1.81e+00
  ==> Abs. Max. Deriv.          4.80e-02
  ==> Time-Grad. (s)              88.010
  ==> Time-Energy (s)             46.770
  ==> Time-Iter. (s)             134.780

--------------------------------------------------------------------------------
CEO-ADAPT-VQE iteration: 258
--------------------------------------------------------------------------------
    gate        derivative      name       op1       op2       op3        g_unscaled   penalty
    1409        0.00105375      a_ia      1409                            0.00421500         4
    1444        0.00099466      a_ia      1444                            0.00397864         4
    1962        0.00087458      a_ia      1962                            0.00174916         2
     823        0.00063394      a_ia       823                            0.00126787         2
     839        0.00059338      a_ia       839                            0.00237353         4
    1348       -0.00058409      a_ia      1348                           -0.00116817         2
    1612       -0.00055759      a_ia      1612                           -0.00111519         2
    1988        0.00047132      a_ia      1988                            0.00188527         4
    1346       -0.00040154      a_ia      1346                           -0.00160618         4
    1308       -0.00038210      a_ia      1308                           -0.00076420         2

  ==> Add operator: a_ia 1409
  ==> Current qubit order: 0  1  6  7  2  60  3  61  10  8  9  11  18  19  20  21  22  14  15  64  65  5  4  23  24  25  34  35  36  37  26  27  62  63  40  12  13  41  42  43  44  39  57  49  48  56  45  38  72  33  69  32  68  80  81  29  16  52  47  55  28  46  75  78  90  59  17  74  91  73  58  66  67  79  76  50  70  71  54  82  77  53  51  85  88  30  31  84  89  92  93  83  87  86  94  95  96  97  98  99  100  101  102  103  


  ==> Energy                -308.083083089
  ==> dE                       -3.25e-04
  ==> Gradient Norm             1.81e+00
  ==> Abs. Max. Deriv.          4.80e-02
  ==> Time-Grad. (s)              87.697
  ==> Time-Energy (s)            591.946
  ==> Time-Iter. (s)             679.644

--------------------------------------------------------------------------------
CEO-ADAPT-VQE iteration: 259
--------------------------------------------------------------------------------
    gate        derivative      name       op1       op2       op3        g_unscaled   penalty
    1444        0.00215524      a_ia      1444                            0.00431047         2
    1962        0.00085987      a_ia      1962                            0.00171975         2
     823        0.00067269      a_ia       823                            0.00134537         2
     839        0.00062201      a_ia       839                            0.00248805         4
    1612       -0.00052542      a_ia      1612                           -0.00105084         2
    1988        0.00049951      a_ia      1988                            0.00199806         4
    1346       -0.00047912      a_ia      1346                           -0.00191649         4
    1348       -0.00044349      a_ia      1348                           -0.00088698         2
    1308       -0.00040816      a_ia      1308                           -0.00081632         2
    1992       -0.00034019      a_ia      1992                           -0.00068039         2

  ==> Add operator: a_ia 1444
  ==> Current qubit order: 0  1  6  7  2  60  3  61  10  8  9  11  18  19  20  21  22  14  15  64  65  5  4  23  24  25  34  35  36  37  26  27  62  63  40  12  13  41  42  43  44  39  57  49  48  56  45  38  72  33  69  32  68  80  81  29  16  52  47  55  28  46  75  78  90  59  17  74  91  73  58  66  67  79  76  50  70  71  54  82  77  53  51  85  88  30  31  84  89  92  93  83  87  86  94  95  96  97  98  99  100  101  102  103  


  ==> Energy                -308.083088533
  ==> dE                       -5.44e-06
  ==> Gradient Norm             1.81e+00
  ==> Abs. Max. Deriv.          4.81e-02
  ==> Time-Grad. (s)              89.276
  ==> Time-Energy (s)             21.271
  ==> Time-Iter. (s)             110.547

--------------------------------------------------------------------------------
CEO-ADAPT-VQE iteration: 260
--------------------------------------------------------------------------------
    gate        derivative      name       op1       op2       op3        g_unscaled   penalty
    1962        0.00085836      a_ia      1962                            0.00171672         2
     823        0.00064487      a_ia       823                            0.00128973         2
     839        0.00061245      a_ia       839                            0.00244980         4
    1612       -0.00052553      a_ia      1612                           -0.00105106         2
    1988        0.00049916      a_ia      1988                            0.00199663         4
    1346       -0.00049301      a_ia      1346                           -0.00197203         4
    1348       -0.00045210      a_ia      1348                           -0.00090421         2
    1308       -0.00040849      a_ia      1308                           -0.00081698         2
    1992       -0.00033854      a_ia      1992                           -0.00067707         2
     280       -0.00032889      a_ia       280                           -0.00065778         2

  ==> Tried operator a_ia 280: gain -6.99e-10 (threshold 8.3e-07), removed and excluded for this stage
  ==> Add operator: mvp2 -1: 26333 26335
  ==> Current qubit order: 0  1  6  7  2  60  3  61  10  8  9  11  18  19  20  21  22  14  15  64  65  5  4  23  24  25  34  35  36  37  26  27  62  63  40  12  13  41  42  43  44  39  57  49  48  56  45  38  72  33  69  32  68  80  29  16  52  81  47  55  17  28  46  75  78  90  59  74  91  73  58  66  67  79  76  50  70  71  54  82  77  53  51  85  88  30  31  84  89  92  93  83  87  86  94  95  96  97  98  99  100  101  102  103  


  ==> Energy                -308.083193940
  ==> dE                       -1.05e-04
  ==> Gradient Norm             1.81e+00
  ==> Abs. Max. Deriv.          4.81e-02
  ==> Time-Grad. (s)              89.382
  ==> Time-Energy (s)             70.451
  ==> Time-Iter. (s)             159.833

--------------------------------------------------------------------------------
CEO-ADAPT-VQE iteration: 261
--------------------------------------------------------------------------------
    gate        derivative      name       op1       op2       op3        g_unscaled   penalty
    1962        0.00086251      a_ia      1962                            0.00172503         2
    1612       -0.00052649      a_ia      1612                           -0.00105298         2
    1988        0.00049732      a_ia      1988                            0.00198927         4
    1346       -0.00049076      a_ia      1346                           -0.00196305         4
    1348       -0.00044907      a_ia      1348                           -0.00089815         2
    1992       -0.00034108      a_ia      1992                           -0.00068216         2
     280       -0.00032468      a_ia       280                           -0.00064936         2
   73168       -0.00031621        op     25312     25313                 -0.01739176        55
   25312       -0.00031619    a_iajb     25312                           -0.01739045        55
   73169       -0.00031617        om     25312     25313                 -0.01738914        55

  ==> Add operator: op -1: 25312 25313
  ==> Current qubit order: 0  1  6  7  2  60  3  61  10  8  9  11  18  19  20  21  22  14  15  64  65  5  4  23  24  25  34  35  36  37  26  27  62  63  40  12  13  41  42  43  44  39  57  49  48  56  45  38  72  33  69  32  68  80  29  16  52  81  47  55  46  78  17  28  75  74  90  59  91  73  58  66  67  79  76  50  70  71  54  82  77  53  51  85  88  30  31  84  89  92  93  83  87  86  94  95  96  97  98  99  100  101  102  103  


  ==> Energy                -308.083224009
  ==> dE                       -3.01e-05
  ==> Gradient Norm             1.81e+00
  ==> Abs. Max. Deriv.          4.81e-02
  ==> Time-Grad. (s)              89.764
  ==> Time-Energy (s)             23.334
  ==> Time-Iter. (s)             113.098

--------------------------------------------------------------------------------
CEO-ADAPT-VQE iteration: 262
--------------------------------------------------------------------------------
    gate        derivative      name       op1       op2       op3        g_unscaled   penalty
    1962        0.00086263      a_ia      1962                            0.00172525         2
    1612       -0.00052670      a_ia      1612                           -0.00105340         2
    1988        0.00049735      a_ia      1988                            0.00198939         4
    1346       -0.00049139      a_ia      1346                           -0.00196556         4
    1348       -0.00044975      a_ia      1348                           -0.00089949         2
    1992       -0.00034119      a_ia      1992                           -0.00068237         2
     280       -0.00032532      a_ia       280                           -0.00065064         2
   60215        0.00031253        om     14950     14951                  0.02969077        95
   14950        0.00031253    a_iajb     14950                            0.02969077        95
   60214        0.00031253        op     14950     14951                  0.02969077        95

  ==> Add operator: om -1: 14950 14951
  ==> Current qubit order: 0  1  6  7  2  60  3  61  10  8  9  11  18  19  20  21  22  14  15  64  65  5  4  23  24  25  34  35  36  37  26  27  62  63  40  41  42  43  44  39  57  12  13  69  68  49  48  56  45  38  72  33  32  80  29  16  52  81  47  55  46  78  17  28  75  74  90  59  91  73  58  66  67  79  76  50  70  71  54  82  77  53  51  85  88  30  31  84  89  92  93  83  87  86  94  95  96  97  98  99  100  101  102  103  


  ==> Energy                -308.083316267
  ==> dE                       -9.23e-05
  ==> Gradient Norm             1.81e+00
  ==> Abs. Max. Deriv.          4.81e-02
  ==> Time-Grad. (s)              89.536
  ==> Time-Energy (s)             22.835
  ==> Time-Iter. (s)             112.371

--------------------------------------------------------------------------------
CEO-ADAPT-VQE iteration: 263
--------------------------------------------------------------------------------
    gate        derivative      name       op1       op2       op3        g_unscaled   penalty
     654        0.00192437      a_ia       654                            0.00384873         2
    1962        0.00086260      a_ia      1962                            0.00172521         2
     609        0.00071325      a_ia       609                            0.00427949         6
    1612       -0.00052666      a_ia      1612                           -0.00105331         2
    1988        0.00049733      a_ia      1988                            0.00198933         4
    1346       -0.00049139      a_ia      1346                           -0.00196555         4
    1348       -0.00044953      a_ia      1348                           -0.00089906         2
    1992       -0.00034120      a_ia      1992                           -0.00068240         2
     280       -0.00032590      a_ia       280                           -0.00065181         2
    1415       -0.00032271      a_ia      1415                           -0.00064541         2

  ==> Add operator: a_ia 654
  ==> Current qubit order: 0  1  6  7  2  60  3  61  10  8  9  11  18  19  20  21  22  14  15  64  65  5  4  23  24  25  34  35  36  37  26  27  62  63  40  41  42  43  44  39  57  12  13  69  68  49  48  56  45  38  72  33  32  80  29  16  52  81  47  55  46  78  17  28  75  74  90  59  91  73  58  66  67  79  76  50  70  71  54  82  77  53  51  85  88  30  31  84  89  92  93  83  87  86  94  95  96  97  98  99  100  101  102  103  


  ==> Energy                -308.083319990
  ==> dE                       -3.72e-06
  ==> Gradient Norm             1.81e+00
  ==> Abs. Max. Deriv.          4.81e-02
  ==> Time-Grad. (s)              89.752
  ==> Time-Energy (s)             24.855
  ==> Time-Iter. (s)             114.607

--------------------------------------------------------------------------------
CEO-ADAPT-VQE iteration: 264
--------------------------------------------------------------------------------
    gate        derivative      name       op1       op2       op3        g_unscaled   penalty
    1962        0.00086019      a_ia      1962                            0.00172037         2
     609        0.00069513      a_ia       609                            0.00417075         6
    1612       -0.00052405      a_ia      1612                           -0.00104811         2
    1346       -0.00049667      a_ia      1346                           -0.00198668         4
    1988        0.00049645      a_ia      1988                            0.00198578         4
    1348       -0.00045502      a_ia      1348                           -0.00091005         2
    1992       -0.00033952      a_ia      1992                           -0.00067905         2
    1415       -0.00031931      a_ia      1415                           -0.00063863         2
     280       -0.00031753      a_ia       280                           -0.00063506         2
   94949        0.00031348        om     41736     41738                  0.02100300        67

  ==> Add operator: a_ia 609
  ==> Current qubit order: 0  1  6  7  2  60  3  61  10  8  9  11  18  19  20  21  22  14  15  64  65  5  4  23  24  25  34  35  36  37  26  27  62  63  40  41  42  43  44  39  57  13  69  12  68  49  48  56  45  38  72  33  32  80  29  16  52  81  47  55  46  78  17  28  75  74  90  59  91  73  58  66  67  79  76  50  70  71  54  82  77  53  51  85  88  30  31  84  89  92  93  83  87  86  94  95  96  97  98  99  100  101  102  103  


  ==> Energy                -308.083324264
  ==> dE                       -4.27e-06
  ==> Gradient Norm             1.81e+00
  ==> Abs. Max. Deriv.          4.81e-02
  ==> Time-Grad. (s)              89.585
  ==> Time-Energy (s)             25.534
  ==> Time-Iter. (s)             115.119

--------------------------------------------------------------------------------
CEO-ADAPT-VQE iteration: 265
--------------------------------------------------------------------------------
    gate        derivative      name       op1       op2       op3        g_unscaled   penalty
    1962        0.00085839      a_ia      1962                            0.00171679         2
    1612       -0.00052250      a_ia      1612                           -0.00104501         2
    1988        0.00049522      a_ia      1988                            0.00198088         4
    1346       -0.00049385      a_ia      1346                           -0.00197538         4
    1348       -0.00045022      a_ia      1348                           -0.00090043         2
    1992       -0.00033761      a_ia      1992                           -0.00067522         2
     280       -0.00032626      a_ia       280                           -0.00065252         2
   94949        0.00031348        om     41736     41738                  0.02100344        67
   96429        0.00031281        om     42787     42789                  0.01845597        59
   96165       -0.00031055        om     42584     42585                 -0.02080687        67

  ==> Add operator: mvp2 -1: 41736 41738
  ==> Current qubit order: 0  1  6  7  2  60  3  61  10  8  9  11  18  19  20  21  22  14  15  64  65  5  4  23  24  25  34  35  36  37  26  27  62  63  40  41  42  43  44  39  57  13  69  12  68  49  48  56  45  38  72  33  80  29  16  81  32  52  46  74  47  55  78  17  28  75  90  59  91  73  58  66  67  79  76  50  70  71  54  82  77  53  51  85  88  30  31  84  89  92  93  83  87  86  94  95  96  97  98  99  100  101  102  103  


  ==> Energy                -308.083612815
  ==> dE                       -2.89e-04
  ==> Gradient Norm             1.81e+00
  ==> Abs. Max. Deriv.          4.81e-02
  ==> Time-Grad. (s)              90.686
  ==> Time-Energy (s)             45.526
  ==> Time-Iter. (s)             136.212

--------------------------------------------------------------------------------
CEO-ADAPT-VQE iteration: 266
--------------------------------------------------------------------------------
    gate        derivative      name       op1       op2       op3        g_unscaled   penalty
    1962        0.00086270      a_ia      1962                            0.00172541         2
    1842       -0.00080029      a_ia      1842                           -0.00160057         2
    2012       -0.00066841      a_ia      2012                           -0.00267362         4
    1612       -0.00052041      a_ia      1612                           -0.00104081         2
    1988        0.00050166      a_ia      1988                            0.00200663         4
    1346       -0.00049614      a_ia      1346                           -0.00198457         4
    1348       -0.00045547      a_ia      1348                           -0.00091093         2
   71673       -0.00039316        om     24151     24153                 -0.01769234        45
   87390       -0.00038236        op     36171     36172                 -0.01720633        45
   36171       -0.00036310    a_iajb     36171                           -0.01633935        45

  ==> Add operator: a_ia 2012
  ==> Current qubit order: 0  1  6  7  2  60  3  61  10  8  9  11  18  19  20  21  22  14  15  64  65  5  4  23  24  25  34  35  36  37  26  27  62  63  40  41  42  43  44  39  57  13  69  12  68  49  48  56  45  38  72  33  80  29  16  81  32  46  52  74  47  55  78  17  28  75  90  59  91  73  58  66  67  79  76  50  70  71  54  82  77  53  51  85  88  30  31  84  89  92  93  83  87  86  94  95  96  97  98  99  100  101  102  103  


  ==> Energy                -308.083663329
  ==> dE                       -5.05e-05
  ==> Gradient Norm             1.81e+00
  ==> Abs. Max. Deriv.          4.81e-02
  ==> Time-Grad. (s)              89.541
  ==> Time-Energy (s)             24.632
  ==> Time-Iter. (s)             114.173

--------------------------------------------------------------------------------
CEO-ADAPT-VQE iteration: 267
--------------------------------------------------------------------------------
    gate        derivative      name       op1       op2       op3        g_unscaled   penalty
    1842       -0.00086941      a_ia      1842                           -0.00173881         2
    1962        0.00078607      a_ia      1962                            0.00157213         2
    1612       -0.00055008      a_ia      1612                           -0.00110015         2
    1988        0.00051688      a_ia      1988                            0.00206752         4
    1346       -0.00049686      a_ia      1346                           -0.00198742         4
    1348       -0.00045775      a_ia      1348                           -0.00091549         2
   71673       -0.00039314        om     24151     24153                 -0.01769135        45
    1398        0.00038329      a_ia      1398                            0.00076658         2
   87390       -0.00038172        op     36171     36172                 -0.01717719        45
   36171       -0.00036234    a_iajb     36171                           -0.01630524        45

  ==> Add operator: mvp3 -1: 24151 24152 24153
  ==> Current qubit order: 0  1  6  7  2  60  3  61  10  8  9  11  18  19  20  21  22  14  15  64  65  5  4  23  24  25  34  35  36  37  26  27  62  63  40  41  42  43  44  39  57  13  69  12  68  49  48  56  45  38  72  33  80  29  81  32  16  46  52  74  47  55  78  17  28  75  90  59  91  73  58  66  67  79  76  50  70  71  54  82  77  53  51  85  88  30  31  84  89  92  93  83  87  86  94  95  96  97  98  99  100  101  102  103  


  ==> Energy                -308.083781632
  ==> dE                       -1.18e-04
  ==> Gradient Norm             1.81e+00
  ==> Abs. Max. Deriv.          4.81e-02
  ==> Time-Grad. (s)              90.274
  ==> Time-Energy (s)             71.992
  ==> Time-Iter. (s)             162.265

--------------------------------------------------------------------------------
CEO-ADAPT-VQE iteration: 268
--------------------------------------------------------------------------------
    gate        derivative      name       op1       op2       op3        g_unscaled   penalty
    1842       -0.00083027      a_ia      1842                           -0.00166054         2
    1962        0.00078358      a_ia      1962                            0.00156716         2
    1308       -0.00060317      a_ia      1308                           -0.00120633         2
    1612       -0.00055139      a_ia      1612                           -0.00110279         2
    1988        0.00051947      a_ia      1988                            0.00207786         4
    1346       -0.00049772      a_ia      1346                           -0.00199089         4
    1348       -0.00045984      a_ia      1348                           -0.00091967         2
   87390       -0.00038126        op     36171     36172                 -0.01715654        45
   36171       -0.00036154    a_iajb     36171                           -0.01626912        45
   87391       -0.00034182        om     36171     36172                 -0.01538170        45

  ==> Add operator: mvp2 -1: 36171 36172
  ==> Current qubit order: 0  1  6  7  2  60  3  61  10  8  9  11  18  19  20  21  22  14  15  64  65  5  4  23  24  25  34  35  36  37  26  27  62  63  40  41  42  43  44  39  57  13  69  12  68  49  48  56  45  38  72  33  80  29  81  32  16  46  52  74  47  55  28  78  17  75  90  59  91  73  58  66  67  79  76  50  70  71  54  82  77  53  51  85  88  30  31  84  89  92  93  83  87  86  94  95  96  97  98  99  100  101  102  103  


  ==> Energy                -308.083837785
  ==> dE                       -5.62e-05
  ==> Gradient Norm             1.81e+00
  ==> Abs. Max. Deriv.          4.81e-02
  ==> Time-Grad. (s)              90.374
  ==> Time-Energy (s)             45.950
  ==> Time-Iter. (s)             136.324

--------------------------------------------------------------------------------
CEO-ADAPT-VQE iteration: 269
--------------------------------------------------------------------------------
    gate        derivative      name       op1       op2       op3        g_unscaled   penalty
    1842       -0.00084163      a_ia      1842                           -0.00168327         2
    1962        0.00078306      a_ia      1962                            0.00156612         2
    1308       -0.00060642      a_ia      1308                           -0.00121284         2
    1612       -0.00055166      a_ia      1612                           -0.00110331         2
    1988        0.00051900      a_ia      1988                            0.00207600         4
    1346       -0.00049773      a_ia      1346                           -0.00199093         4
    1348       -0.00045935      a_ia      1348                           -0.00091870         2
    1270       -0.00040472      a_ia      1270                           -0.00080945         2
     280       -0.00034202      a_ia       280                           -0.00068403         2
    1992       -0.00033664      a_ia      1992                           -0.00067329         2

  ==> Tried operator a_ia 1270: gain -3.71e-08 (threshold 6.5e-07), removed and excluded for this stage
  ==> Add operator: mvp2 -1: 42584 42585
  ==> Current qubit order: 0  1  6  7  2  60  3  61  10  8  9  11  18  19  20  21  22  14  15  64  65  5  4  23  24  25  34  35  36  37  26  27  62  63  40  41  42  43  44  39  57  13  69  12  68  49  48  56  45  38  72  80  29  81  32  16  33  46  52  75  74  47  55  28  78  17  90  59  91  73  58  66  67  79  76  50  70  71  54  82  77  53  51  85  88  30  31  84  89  92  93  83  87  86  94  95  96  97  98  99  100  101  102  103  


  ==> Energy                -308.084133622
  ==> dE                       -2.96e-04
  ==> Gradient Norm             1.81e+00
  ==> Abs. Max. Deriv.          4.81e-02
  ==> Time-Grad. (s)              90.824
  ==> Time-Energy (s)             75.557
  ==> Time-Iter. (s)             166.381

--------------------------------------------------------------------------------
CEO-ADAPT-VQE iteration: 270
--------------------------------------------------------------------------------
    gate        derivative      name       op1       op2       op3        g_unscaled   penalty
    1842       -0.00081005      a_ia      1842                           -0.00162011         2
    1962        0.00078801      a_ia      1962                            0.00157602         2
    1308       -0.00060611      a_ia      1308                           -0.00121221         2
    1612       -0.00054890      a_ia      1612                           -0.00109779         2
    1988        0.00052431      a_ia      1988                            0.00209724         4
    1346       -0.00050163      a_ia      1346                           -0.00200653         4
    1348       -0.00046757      a_ia      1348                           -0.00093515         2
    1270       -0.00041043      a_ia      1270                           -0.00082087         2
     839        0.00038839      a_ia       839                            0.00233033         6
     280       -0.00034704      a_ia       280                           -0.00069408         2

  ==> Add operator: mvp2 -1: 45719 45720
  ==> Current qubit order: 0  1  6  7  2  60  3  61  10  8  9  11  18  19  20  21  22  14  15  64  65  5  4  23  24  25  34  35  36  37  26  27  62  63  40  41  42  43  44  39  57  13  69  12  68  49  48  56  45  38  72  80  29  81  32  16  33  46  75  74  28  78  52  47  55  50  17  90  59  91  73  58  66  67  79  76  70  71  54  82  77  53  51  85  88  30  31  84  89  92  93  83  87  86  94  95  96  97  98  99  100  101  102  103  


  ==> Energy                -308.084465439
  ==> dE                       -3.32e-04
  ==> Gradient Norm             1.80e+00
  ==> Abs. Max. Deriv.          4.81e-02
  ==> Time-Grad. (s)              90.435
  ==> Time-Energy (s)             43.108
  ==> Time-Iter. (s)             133.543

--------------------------------------------------------------------------------
CEO-ADAPT-VQE iteration: 271
--------------------------------------------------------------------------------
    gate        derivative      name       op1       op2       op3        g_unscaled   penalty
    1308       -0.00060441      a_ia      1308                           -0.00120882         2
    1612       -0.00056281      a_ia      1612                           -0.00112561         2
    1988        0.00052530      a_ia      1988                            0.00210120         4
    1346       -0.00050594      a_ia      1346                           -0.00202376         4
    1348       -0.00047615      a_ia      1348                           -0.00095230         2
    1447       -0.00045823      a_ia      1447                           -0.00183294         4
    1270       -0.00041319      a_ia      1270                           -0.00082638         2
     839        0.00038792      a_ia       839                            0.00232753         6
    1871       -0.00036089      a_ia      1871                           -0.00072178         2
     280       -0.00035345      a_ia       280                           -0.00070689         2

  ==> Tried operator a_ia 1447: gain -5.89e-07 (threshold 7.4e-07), removed and excluded for this stage
  ==> Tried operator a_ia 1871: gain -3.03e-07 (threshold 7.4e-07), removed and excluded for this stage
  ==> Add operator: mvp2 -1: 42062 42064
  ==> Current qubit order: 0  1  6  7  2  60  3  61  10  8  9  11  18  19  20  21  22  14  15  64  65  5  4  23  24  25  34  35  36  37  26  27  62  63  40  41  42  43  44  39  57  13  69  12  68  49  48  56  45  38  72  80  29  81  16  33  46  75  74  28  78  47  32  52  50  76  55  17  90  59  91  73  58  66  67  79  70  71  54  82  77  53  51  85  88  30  31  84  89  92  93  83  87  86  94  95  96  97  98  99  100  101  102  103  


  ==> Energy                -308.084747512
  ==> dE                       -2.82e-04
  ==> Gradient Norm             1.80e+00
  ==> Abs. Max. Deriv.          4.80e-02
  ==> Time-Grad. (s)              90.730
  ==> Time-Energy (s)             98.586
  ==> Time-Iter. (s)             189.316

--------------------------------------------------------------------------------
CEO-ADAPT-VQE iteration: 272
--------------------------------------------------------------------------------
    gate        derivative      name       op1       op2       op3        g_unscaled   penalty
    1413       -0.00080192      a_ia      1413                           -0.00481152         6
    1962        0.00077390      a_ia      1962                            0.00154780         2
    1950        0.00068364      a_ia      1950                            0.00136728         2
    1308       -0.00059864      a_ia      1308                           -0.00119728         2
    1612       -0.00055754      a_ia      1612                           -0.00111508         2
    1988        0.00052991      a_ia      1988                            0.00211962         4
    1346       -0.00050124      a_ia      1346                           -0.00200495         4
    1348       -0.00047582      a_ia      1348                           -0.00095163         2
    1447       -0.00045975      a_ia      1447                           -0.00183898         4
    1270       -0.00041810      a_ia      1270                           -0.00083621         2

  ==> Add operator: a_ia 1413
  ==> Current qubit order: 0  1  6  7  2  60  3  61  10  8  9  11  18  19  20  21  22  14  15  64  65  5  4  23  24  25  34  35  36  37  26  27  62  63  40  41  42  43  44  39  57  13  69  12  68  49  48  56  45  38  72  80  29  81  16  33  46  75  74  28  78  47  52  50  32  76  55  17  90  59  91  73  58  66  67  79  70  71  54  82  77  53  51  85  88  30  31  84  89  92  93  83  87  86  94  95  96  97  98  99  100  101  102  103  


  ==> Energy                -308.084752843
  ==> dE                       -5.33e-06
  ==> Gradient Norm             1.80e+00
  ==> Abs. Max. Deriv.          4.80e-02
  ==> Time-Grad. (s)              90.899
  ==> Time-Energy (s)             25.197
  ==> Time-Iter. (s)             116.096

--------------------------------------------------------------------------------
CEO-ADAPT-VQE iteration: 273
--------------------------------------------------------------------------------
    gate        derivative      name       op1       op2       op3        g_unscaled   penalty
    1950        0.00073801      a_ia      1950                            0.00147602         2
    1308       -0.00061341      a_ia      1308                           -0.00122682         2
    1612       -0.00055421      a_ia      1612                           -0.00110842         2
    1988        0.00052906      a_ia      1988                            0.00211625         4
    1346       -0.00051165      a_ia      1346                           -0.00204660         4
    1348       -0.00047187      a_ia      1348                           -0.00094374         2
    1447       -0.00045310      a_ia      1447                           -0.00181239         4
    1400        0.00043994      a_ia      1400                            0.00087988         2
    1270       -0.00040498      a_ia      1270                           -0.00080997         2
     839        0.00038461      a_ia       839                            0.00230769         6

  ==> Add operator: a_ia 1950
  ==> Current qubit order: 0  1  6  7  2  60  3  61  10  8  9  11  18  19  20  21  22  14  15  64  65  5  4  23  24  25  34  35  36  37  26  27  62  63  40  41  42  43  44  39  57  13  69  12  68  49  48  56  45  38  72  80  29  81  16  33  46  75  74  28  78  47  52  50  32  76  55  17  90  59  91  73  58  66  67  79  70  71  54  82  77  53  51  85  88  30  31  84  89  92  93  83  87  86  94  95  96  97  98  99  100  101  102  103  


  ==> Energy                -308.084754962
  ==> dE                       -2.12e-06
  ==> Gradient Norm             1.80e+00
  ==> Abs. Max. Deriv.          4.80e-02
  ==> Time-Grad. (s)              91.146
  ==> Time-Energy (s)             24.715
  ==> Time-Iter. (s)             115.862

--------------------------------------------------------------------------------
CEO-ADAPT-VQE iteration: 274
--------------------------------------------------------------------------------
    gate        derivative      name       op1       op2       op3        g_unscaled   penalty
    1308       -0.00060266      a_ia      1308                           -0.00120533         2
    1612       -0.00056183      a_ia      1612                           -0.00112366         2
    1988        0.00053108      a_ia      1988                            0.00212431         4
    1346       -0.00050666      a_ia      1346                           -0.00202664         4
    1348       -0.00048640      a_ia      1348                           -0.00097280         2
    1447       -0.00046717      a_ia      1447                           -0.00186866         4
    1400        0.00044009      a_ia      1400                            0.00088019         2
     839        0.00039535      a_ia       839                            0.00237212         6
    1270       -0.00039054      a_ia      1270                           -0.00078107         2
    1962        0.00038191      a_ia      1962                            0.00152765         4

  ==> Add operator: a_ia 1400
  ==> Current qubit order: 0  1  6  7  2  60  3  61  10  8  9  11  18  19  20  21  22  14  15  64  65  5  4  23  24  25  34  35  36  37  26  27  62  63  40  41  42  43  44  39  57  13  69  12  68  49  48  56  45  38  72  80  29  81  16  33  46  75  74  28  78  47  52  50  32  76  55  17  90  59  91  73  58  66  67  79  70  71  54  82  77  53  51  85  88  30  31  84  89  92  93  83  87  86  94  95  96  97  98  99  100  101  102  103  


  ==> Energy                -308.084762642
  ==> dE                       -7.68e-06
  ==> Gradient Norm             1.80e+00
  ==> Abs. Max. Deriv.          4.80e-02
  ==> Time-Grad. (s)              91.077
  ==> Time-Energy (s)             26.809
  ==> Time-Iter. (s)             117.886

--------------------------------------------------------------------------------
CEO-ADAPT-VQE iteration: 275
--------------------------------------------------------------------------------
    gate        derivative      name       op1       op2       op3        g_unscaled   penalty
    1308       -0.00060238      a_ia      1308                           -0.00120476         2
    1612       -0.00056088      a_ia      1612                           -0.00112176         2
    1988        0.00052925      a_ia      1988                            0.00211699         4
    1346       -0.00050676      a_ia      1346                           -0.00202703         4
    1348       -0.00048644      a_ia      1348                           -0.00097289         2
    1447       -0.00046726      a_ia      1447                           -0.00186904         4
     839        0.00039520      a_ia       839                            0.00237118         6
    1270       -0.00039337      a_ia      1270                           -0.00078674         2
    1962        0.00037262      a_ia      1962                            0.00149047         4
    1992       -0.00034553      a_ia      1992                           -0.00069106         2

  ==> Add operator: mvp2 -1: 41438 41439
  ==> Current qubit order: 0  1  6  7  2  60  3  61  10  8  9  11  18  19  20  21  22  14  15  64  65  5  4  23  24  25  34  35  36  37  26  27  62  63  40  41  42  43  44  39  57  13  69  12  68  49  48  56  45  38  72  80  29  81  16  46  75  74  28  78  47  52  50  33  32  76  77  55  17  90  59  91  73  58  66  67  79  70  71  54  82  53  51  85  88  30  31  84  89  92  93  83  87  86  94  95  96  97  98  99  100  101  102  103  


  ==> Energy                -308.085053749
  ==> dE                       -2.91e-04
  ==> Gradient Norm             1.80e+00
  ==> Abs. Max. Deriv.          4.80e-02
  ==> Time-Grad. (s)              91.486
  ==> Time-Energy (s)             45.730
  ==> Time-Iter. (s)             137.216

--------------------------------------------------------------------------------
CEO-ADAPT-VQE iteration: 276
--------------------------------------------------------------------------------
    gate        derivative      name       op1       op2       op3        g_unscaled   penalty
    2086       -0.00062415      a_ia      2086                           -0.00124829         2
    1308       -0.00059103      a_ia      1308                           -0.00118205         2
    1612       -0.00055773      a_ia      1612                           -0.00111547         2
    1346       -0.00050637      a_ia      1346                           -0.00202546         4
    1348       -0.00048314      a_ia      1348                           -0.00096628         2
    1413       -0.00043091      a_ia      1413                           -0.00086183         2
    1270       -0.00040212      a_ia      1270                           -0.00080423         2
     839        0.00039497      a_ia       839                            0.00236984         6
   70753       -0.00035211        om     23391     23392                 -0.01654936        47
   23391       -0.00034892    a_iajb     23391                           -0.01639919        47

  ==> Add operator: a_ia 2086
  ==> Current qubit order: 0  1  6  7  2  60  3  61  10  8  9  11  18  19  20  21  22  14  15  64  65  5  4  23  24  25  34  35  36  37  26  27  62  63  40  41  42  43  44  39  57  13  69  12  68  49  48  56  45  38  72  80  29  81  16  46  75  74  28  78  47  52  50  33  32  76  77  55  17  90  59  91  73  58  66  67  79  70  71  54  82  53  51  85  88  30  31  84  89  92  93  83  87  86  94  95  96  97  98  99  100  101  102  103  


  ==> Energy                -308.085068102
  ==> dE                       -1.44e-05
  ==> Gradient Norm             1.80e+00
  ==> Abs. Max. Deriv.          4.80e-02
  ==> Time-Grad. (s)              91.136
  ==> Time-Energy (s)             26.188
  ==> Time-Iter. (s)             117.324

--------------------------------------------------------------------------------
CEO-ADAPT-VQE iteration: 277
--------------------------------------------------------------------------------
    gate        derivative      name       op1       op2       op3        g_unscaled   penalty
    1308       -0.00059499      a_ia      1308                           -0.00118998         2
    1612       -0.00055796      a_ia      1612                           -0.00111592         2
    1346       -0.00050743      a_ia      1346                           -0.00202974         4
    1348       -0.00048544      a_ia      1348                           -0.00097089         2
    1413       -0.00042966      a_ia      1413                           -0.00085932         2
    1270       -0.00040199      a_ia      1270                           -0.00080398         2
     839        0.00039515      a_ia       839                            0.00237092         6
    1992       -0.00035544      a_ia      1992                           -0.00071088         2
   70753       -0.00035214        om     23391     23392                 -0.01655046        47
   23391       -0.00034894    a_iajb     23391                           -0.01640003        47

  ==> Add operator: mvp2 -1: 23391 23392
  ==> Current qubit order: 0  1  6  7  2  60  3  61  10  8  9  11  18  19  20  21  22  14  15  64  65  5  4  23  24  25  34  35  36  37  26  27  62  63  40  41  42  43  44  39  57  13  69  12  68  49  48  56  45  38  72  80  81  29  16  75  74  46  28  78  47  52  50  33  32  76  77  55  17  90  59  91  73  58  66  67  79  70  71  54  82  53  51  85  88  30  31  84  89  92  93  83  87  86  94  95  96  97  98  99  100  101  102  103  


  ==> Energy                -308.085117651
  ==> dE                       -4.95e-05
  ==> Gradient Norm             1.80e+00
  ==> Abs. Max. Deriv.          4.80e-02
  ==> Time-Grad. (s)              91.415
  ==> Time-Energy (s)             51.196
  ==> Time-Iter. (s)             142.611

--------------------------------------------------------------------------------
CEO-ADAPT-VQE iteration: 278
--------------------------------------------------------------------------------
    gate        derivative      name       op1       op2       op3        g_unscaled   penalty
    1308       -0.00063135      a_ia      1308                           -0.00126270         2
     788        0.00062535      a_ia       788                            0.00250141         4
    1612       -0.00055852      a_ia      1612                           -0.00111704         2
    1346       -0.00050835      a_ia      1346                           -0.00203338         4
    1348       -0.00048570      a_ia      1348                           -0.00097140         2
    1413       -0.00043195      a_ia      1413                           -0.00086390         2
    1270       -0.00040494      a_ia      1270                           -0.00080988         2
     839        0.00039562      a_ia       839                            0.00237370         6
    1992       -0.00035624      a_ia      1992                           -0.00071248         2
     280       -0.00034776      a_ia       280                           -0.00069551         2

  ==> Add operator: a_ia 788
  ==> Current qubit order: 0  1  6  7  2  60  3  61  10  8  9  11  18  19  20  21  22  14  15  64  65  5  4  23  24  25  34  35  36  37  26  27  62  63  40  41  42  43  44  39  57  13  69  12  68  49  48  56  45  38  72  80  81  29  75  16  74  46  28  78  47  52  50  33  32  76  77  55  17  90  59  91  73  58  66  67  79  70  71  54  82  53  51  85  88  30  31  84  89  92  93  83  87  86  94  95  96  97  98  99  100  101  102  103  


  ==> Energy                -308.085118983
  ==> dE                       -1.33e-06
  ==> Gradient Norm             1.80e+00
  ==> Abs. Max. Deriv.          4.81e-02
  ==> Time-Grad. (s)              91.807
  ==> Time-Energy (s)             25.772
  ==> Time-Iter. (s)             117.579

--------------------------------------------------------------------------------
CEO-ADAPT-VQE iteration: 279
--------------------------------------------------------------------------------
    gate        derivative      name       op1       op2       op3        g_unscaled   penalty
    1308       -0.00062175      a_ia      1308                           -0.00124349         2
    1612       -0.00055766      a_ia      1612                           -0.00111531         2
    1346       -0.00050725      a_ia      1346                           -0.00202901         4
    1348       -0.00048325      a_ia      1348                           -0.00096651         2
    1413       -0.00042642      a_ia      1413                           -0.00085285         2
     839        0.00039413      a_ia       839                            0.00236475         6
    1270       -0.00039231      a_ia      1270                           -0.00078461         2
    1992       -0.00035542      a_ia      1992                           -0.00071085         2
     280       -0.00033871      a_ia       280                           -0.00067742         2
     823        0.00032093      a_ia       823                            0.00128372         4

  ==> Tried operator a_ia 1382: gain -3.89e-07 (threshold 5.0e-07), removed and excluded for this stage
  ==> Add operator: om -1: 32184 32185
  ==> Current qubit order: 0  1  6  7  2  60  3  61  10  8  9  11  18  19  20  21  22  14  15  64  65  5  4  23  24  25  34  35  36  37  62  63  40  41  42  43  26  27  69  68  44  39  57  13  12  49  48  56  45  38  72  80  81  29  75  16  74  46  28  78  47  52  50  33  32  76  77  55  17  90  59  91  73  58  66  67  79  70  71  54  82  53  51  85  88  30  31  84  89  92  93  83  87  86  94  95  96  97  98  99  100  101  102  103  


  ==> Energy                -308.085193375
  ==> dE                       -7.44e-05
  ==> Gradient Norm             1.80e+00
  ==> Abs. Max. Deriv.          4.81e-02
  ==> Time-Grad. (s)              92.169
  ==> Time-Energy (s)             49.696
  ==> Time-Iter. (s)             141.865

--------------------------------------------------------------------------------
CEO-ADAPT-VQE iteration: 280
--------------------------------------------------------------------------------
    gate        derivative      name       op1       op2       op3        g_unscaled   penalty
    1228        0.00175744      a_ia      1228                            0.00351487         2
    1308       -0.00062258      a_ia      1308                           -0.00124516         2
    1190        0.00056256      a_ia      1190                            0.00337537         6
    1612       -0.00055756      a_ia      1612                           -0.00111512         2
    1346       -0.00050727      a_ia      1346                           -0.00202907         4
    1348       -0.00048339      a_ia      1348                           -0.00096677         2
    1413       -0.00042647      a_ia      1413                           -0.00085294         2
     839        0.00039427      a_ia       839                            0.00236563         6
    1270       -0.00039274      a_ia      1270                           -0.00078547         2
    1992       -0.00035541      a_ia      1992                           -0.00071082         2

  ==> Add operator: a_ia 1228
  ==> Current qubit order: 0  1  6  7  2  60  3  61  10  8  9  11  18  19  20  21  22  14  15  64  65  5  4  23  24  25  34  35  36  37  62  63  40  41  42  43  26  27  69  68  44  39  57  13  12  49  48  56  45  38  72  80  81  29  75  16  74  46  28  78  47  52  50  33  32  76  77  55  17  90  59  91  73  58  66  67  79  70  71  54  82  53  51  85  88  30  31  84  89  92  93  83  87  86  94  95  96  97  98  99  100  101  102  103  


  ==> Energy                -308.085196877
  ==> dE                       -3.50e-06
  ==> Gradient Norm             1.80e+00
  ==> Abs. Max. Deriv.          4.81e-02
  ==> Time-Grad. (s)              91.551
  ==> Time-Energy (s)             26.620
  ==> Time-Iter. (s)             118.171

--------------------------------------------------------------------------------
CEO-ADAPT-VQE iteration: 281
--------------------------------------------------------------------------------
    gate        derivative      name       op1       op2       op3        g_unscaled   penalty
    1308       -0.00061839      a_ia      1308                           -0.00123677         2
    1612       -0.00055386      a_ia      1612                           -0.00110773         2
    1190        0.00054693      a_ia      1190                            0.00328159         6
    1346       -0.00050354      a_ia      1346                           -0.00201418         4
    1348       -0.00047457      a_ia      1348                           -0.00094915         2
    1413       -0.00041265      a_ia      1413                           -0.00082530         2
     839        0.00039665      a_ia       839                            0.00237992         6
    1270       -0.00039052      a_ia      1270                           -0.00078104         2
    1992       -0.00035485      a_ia      1992                           -0.00070970         2
     280       -0.00032916      a_ia       280                           -0.00065832         2

  ==> Add operator: a_ia 1190
  ==> Current qubit order: 0  1  6  7  2  60  3  61  10  8  9  11  18  19  20  21  22  14  15  64  65  5  4  23  24  25  34  35  36  37  62  63  40  41  42  43  27  69  26  68  44  39  57  13  12  49  48  56  45  38  72  80  81  29  75  16  74  46  28  78  47  52  50  33  32  76  77  55  17  90  59  91  73  58  66  67  79  70  71  54  82  53  51  85  88  30  31  84  89  92  93  83  87  86  94  95  96  97  98  99  100  101  102  103  


  ==> Energy                -308.085200027
  ==> dE                       -3.15e-06
  ==> Gradient Norm             1.80e+00
  ==> Abs. Max. Deriv.          4.81e-02
  ==> Time-Grad. (s)              91.805
  ==> Time-Energy (s)             28.385
  ==> Time-Iter. (s)             120.190

--------------------------------------------------------------------------------
CEO-ADAPT-VQE iteration: 282
--------------------------------------------------------------------------------
    gate        derivative      name       op1       op2       op3        g_unscaled   penalty
    1308       -0.00061530      a_ia      1308                           -0.00123060         2
    1612       -0.00055051      a_ia      1612                           -0.00110102         2
    1346       -0.00050301      a_ia      1346                           -0.00201205         4
    1348       -0.00047638      a_ia      1348                           -0.00095275         2
    1413       -0.00040696      a_ia      1413                           -0.00081392         2
     839        0.00039481      a_ia       839                            0.00236888         6
    1270       -0.00039212      a_ia      1270                           -0.00078424         2
    1992       -0.00035363      a_ia      1992                           -0.00070725         2
   64129        0.00032846        om     18036     18037                  0.01543751        47
   18036        0.00032846    a_iajb     18036                            0.01543750        47

  ==> Add operator: om -1: 18036 18037
  ==> Current qubit order: 0  1  6  7  2  60  3  61  10  8  9  11  18  19  20  21  22  14  15  64  65  5  4  23  24  25  34  35  36  37  62  63  40  41  42  43  27  69  26  68  13  44  39  57  12  49  48  56  45  38  72  80  81  29  75  16  74  46  28  78  47  52  50  33  32  76  77  55  17  90  59  91  73  58  66  67  79  70  71  54  82  53  51  85  88  30  31  84  89  92  93  83  87  86  94  95  96  97  98  99  100  101  102  103  


  ==> Energy                -308.085226877
  ==> dE                       -2.69e-05
  ==> Gradient Norm             1.80e+00
  ==> Abs. Max. Deriv.          4.81e-02
  ==> Time-Grad. (s)              92.601
  ==> Time-Energy (s)             24.889
  ==> Time-Iter. (s)             117.490

--------------------------------------------------------------------------------
CEO-ADAPT-VQE iteration: 283
--------------------------------------------------------------------------------
    gate        derivative      name       op1       op2       op3        g_unscaled   penalty
    1308       -0.00061588      a_ia      1308                           -0.00123176         2
    1612       -0.00055057      a_ia      1612                           -0.00110114         2
    1346       -0.00050312      a_ia      1346                           -0.00201248         4
    1348       -0.00047682      a_ia      1348                           -0.00095364         2
    1413       -0.00040720      a_ia      1413                           -0.00081441         2
     839        0.00039491      a_ia       839                            0.00236947         6
    1270       -0.00039231      a_ia      1270                           -0.00078462         2
    1992       -0.00035368      a_ia      1992                           -0.00070735         2
     823        0.00032822      a_ia       823                            0.00131287         4
     280       -0.00032696      a_ia       280                           -0.00065392         2

  ==> Tried operator a_ia 1413: gain -2.00e-07 (threshold 3.8e-07), removed and excluded for this stage
  ==> Add operator: op -1: 5860 5861
  ==> Current qubit order: 0  1  6  7  2  60  3  61  10  8  9  11  18  19  20  21  22  14  15  64  65  23  24  25  5  4  62  63  34  35  36  37  40  41  42  43  27  69  26  68  13  44  39  57  12  49  48  56  45  38  72  80  81  29  75  16  74  46  28  78  47  52  50  33  32  76  77  55  17  90  59  91  73  58  66  67  79  70  71  54  82  53  51  85  88  30  31  84  89  92  93  83  87  86  94  95  96  97  98  99  100  101  102  103  


  ==> Energy                -308.085253473
  ==> dE                       -2.66e-05
  ==> Gradient Norm             1.80e+00
  ==> Abs. Max. Deriv.          4.81e-02
  ==> Time-Grad. (s)              92.160
  ==> Time-Energy (s)             53.135
  ==> Time-Iter. (s)             145.296

--------------------------------------------------------------------------------
CEO-ADAPT-VQE iteration: 284
--------------------------------------------------------------------------------
    gate        derivative      name       op1       op2       op3        g_unscaled   penalty
     230       -0.00078600      a_ia       230                           -0.00157201         2
    1308       -0.00061564      a_ia      1308                           -0.00123128         2
    1612       -0.00055058      a_ia      1612                           -0.00110115         2
    1346       -0.00050308      a_ia      1346                           -0.00201232         4
    1348       -0.00047666      a_ia      1348                           -0.00095331         2
    1413       -0.00040702      a_ia      1413                           -0.00081403         2
     839        0.00039487      a_ia       839                            0.00236923         6
    1270       -0.00039225      a_ia      1270                           -0.00078449         2
    1992       -0.00035367      a_ia      1992                           -0.00070733         2
     823        0.00032818      a_ia       823                            0.00131272         4

  ==> Add operator: a_ia 230
  ==> Current qubit order: 0  1  6  7  2  60  3  61  10  8  9  11  18  19  20  21  22  14  15  64  65  23  24  25  5  4  62  63  34  35  36  37  40  41  42  43  27  69  26  68  13  44  39  57  12  49  48  56  45  38  72  80  81  29  75  16  74  46  28  78  47  52  50  33  32  76  77  55  17  90  59  91  73  58  66  67  79  70  71  54  82  53  51  85  88  30  31  84  89  92  93  83  87  86  94  95  96  97  98  99  100  101  102  103  


  ==> Energy                -308.085429935
  ==> dE                       -1.76e-04
  ==> Gradient Norm             1.80e+00
  ==> Abs. Max. Deriv.          4.81e-02
  ==> Time-Grad. (s)              92.083
  ==> Time-Energy (s)            779.764
  ==> Time-Iter. (s)             871.847

--------------------------------------------------------------------------------
CEO-ADAPT-VQE iteration: 285
--------------------------------------------------------------------------------
    gate        derivative      name       op1       op2       op3        g_unscaled   penalty
    1612       -0.00054924      a_ia      1612                           -0.00109848         2
    1308       -0.00053216      a_ia      1308                           -0.00106432         2
    1346       -0.00048280      a_ia      1346                           -0.00193119         4
    1348       -0.00047500      a_ia      1348                           -0.00094999         2
     839        0.00041099      a_ia       839                            0.00246597         6
    1992       -0.00034707      a_ia      1992                           -0.00069414         2
     823        0.00033257      a_ia       823                            0.00133028         4
   77320        0.00031160        op     28606     28607                  0.01526860        49
   77321        0.00031160        om     28606     28607                  0.01526860        49
   79930        0.00031049        op     30598     30599                  0.01024610        33

  ==> Add operator: op -1: 28606 28607
  ==> Current qubit order: 0  1  6  7  2  60  3  61  10  8  9  11  18  19  20  21  14  15  64  65  22  23  62  63  24  25  5  4  34  35  36  37  40  41  42  43  27  69  26  68  13  44  39  57  12  49  48  56  45  38  72  80  81  29  75  16  74  46  28  78  47  52  50  33  32  76  77  55  17  90  59  91  73  58  66  67  79  70  71  54  82  53  51  85  88  30  31  84  89  92  93  83  87  86  94  95  96  97  98  99  100  101  102  103  


  ==> Energy                -308.085461236
  ==> dE                       -3.13e-05
  ==> Gradient Norm             1.80e+00
  ==> Abs. Max. Deriv.          4.81e-02
  ==> Time-Grad. (s)              92.802
  ==> Time-Energy (s)             23.897
  ==> Time-Iter. (s)             116.699

--------------------------------------------------------------------------------
CEO-ADAPT-VQE iteration: 286
--------------------------------------------------------------------------------
    gate        derivative      name       op1       op2       op3        g_unscaled   penalty
    1612       -0.00054921      a_ia      1612                           -0.00109842         2
    1308       -0.00053242      a_ia      1308                           -0.00106483         2
    1346       -0.00048296      a_ia      1346                           -0.00193185         4
    1031       -0.00047988      a_ia      1031                           -0.00191950         4
    1348       -0.00047515      a_ia      1348                           -0.00095030         2
    1071       -0.00045866      a_ia      1071                           -0.00183464         4
     839        0.00041096      a_ia       839                            0.00246578         6
    1149        0.00040563      a_ia      1149                            0.00162251         4
    1110        0.00039272      a_ia      1110                            0.00157089         4
   79930        0.00038585        op     30598     30599                  0.00964637        25

  ==> Add operator: a_ia 1031
  ==> Current qubit order: 0  1  6  7  2  60  3  61  10  8  9  11  18  19  20  21  14  15  64  65  23  22  62  63  24  25  5  4  34  35  36  37  40  41  42  43  27  69  26  68  13  44  39  57  12  49  48  56  45  38  72  80  81  29  75  16  74  46  28  78  47  52  50  33  32  76  77  55  17  90  59  91  73  58  66  67  79  70  71  54  82  53  51  85  88  30  31  84  89  92  93  83  87  86  94  95  96  97  98  99  100  101  102  103  


  ==> Energy                -308.085462596
  ==> dE                       -1.36e-06
  ==> Gradient Norm             1.80e+00
  ==> Abs. Max. Deriv.          4.81e-02
  ==> Time-Grad. (s)              92.032
  ==> Time-Energy (s)             24.498
  ==> Time-Iter. (s)             116.530

--------------------------------------------------------------------------------
CEO-ADAPT-VQE iteration: 287
--------------------------------------------------------------------------------
    gate        derivative      name       op1       op2       op3        g_unscaled   penalty
    1612       -0.00054800      a_ia      1612                           -0.00109600         2
    1308       -0.00053749      a_ia      1308                           -0.00107499         2
    1346       -0.00047952      a_ia      1346                           -0.00191808         4
    1348       -0.00047338      a_ia      1348                           -0.00094675         2
     839        0.00041175      a_ia       839                            0.00247051         6
    1149        0.00040514      a_ia      1149                            0.00162055         4
   79930        0.00038588        op     30598     30599                  0.00964689        25
   79931        0.00038588        om     30598     30599                  0.00964689        25
    1110        0.00037474      a_ia      1110                            0.00149895         4
   66228        0.00034997        op     19680     19681                  0.01434897        41

  ==> Add operator: a_ia 1149
  ==> Current qubit order: 0  1  6  7  2  60  3  61  10  8  9  11  18  19  20  21  14  15  64  65  23  22  62  24  63  25  5  4  34  35  36  37  40  41  42  43  27  69  26  68  13  44  39  57  12  49  48  56  45  38  72  80  81  29  75  16  74  46  28  78  47  52  50  33  32  76  77  55  17  90  59  91  73  58  66  67  79  70  71  54  82  53  51  85  88  30  31  84  89  92  93  83  87  86  94  95  96  97  98  99  100  101  102  103  


  ==> Energy                -308.085463592
  ==> dE                       -9.95e-07
  ==> Gradient Norm             1.80e+00
  ==> Abs. Max. Deriv.          4.81e-02
  ==> Time-Grad. (s)              92.181
  ==> Time-Energy (s)             27.124
  ==> Time-Iter. (s)             119.305

--------------------------------------------------------------------------------
CEO-ADAPT-VQE iteration: 288
--------------------------------------------------------------------------------
    gate        derivative      name       op1       op2       op3        g_unscaled   penalty
    1110        0.00073860      a_ia      1110                            0.00147720         2
    1612       -0.00054758      a_ia      1612                           -0.00109517         2
    1308       -0.00054007      a_ia      1308                           -0.00108014         2
    1346       -0.00048099      a_ia      1346                           -0.00192396         4
    1348       -0.00047939      a_ia      1348                           -0.00095878         2
     839        0.00041207      a_ia       839                            0.00247243         6
     279       -0.00037559      a_ia       279                           -0.00150237         4
    1992       -0.00035292      a_ia      1992                           -0.00070585         2
     823        0.00033559      a_ia       823                            0.00134236         4
   66228        0.00033371        op     19680     19681                  0.01434967        43

  ==> Add operator: a_ia 1110
  ==> Current qubit order: 0  1  6  7  2  60  3  61  10  8  9  11  18  19  20  21  14  15  64  65  23  22  62  24  63  25  5  4  34  35  36  37  40  41  42  43  27  69  26  68  13  44  39  57  12  49  48  56  45  38  72  80  81  29  75  16  74  46  28  78  47  52  50  33  32  76  77  55  17  90  59  91  73  58  66  67  79  70  71  54  82  53  51  85  88  30  31  84  89  92  93  83  87  86  94  95  96  97  98  99  100  101  102  103  


  ==> Energy                -308.085464431
  ==> dE                       -8.40e-07
  ==> Gradient Norm             1.80e+00
  ==> Abs. Max. Deriv.          4.81e-02
  ==> Time-Grad. (s)              92.349
  ==> Time-Energy (s)             27.215
  ==> Time-Iter. (s)             119.564

--------------------------------------------------------------------------------
CEO-ADAPT-VQE iteration: 289
--------------------------------------------------------------------------------
    gate        derivative      name       op1       op2       op3        g_unscaled   penalty
    1612       -0.00054753      a_ia      1612                           -0.00109506         2
    1308       -0.00054295      a_ia      1308                           -0.00108590         2
    1346       -0.00047921      a_ia      1346                           -0.00191685         4
    1348       -0.00047782      a_ia      1348                           -0.00095563         2
     839        0.00041239      a_ia       839                            0.00247432         6
     279       -0.00037444      a_ia       279                           -0.00149778         4
    1992       -0.00035240      a_ia      1992                           -0.00070480         2
     823        0.00033709      a_ia       823                            0.00134835         4
   66228        0.00033373        op     19680     19681                  0.01435031        43
   66229        0.00033373        om     19680     19681                  0.01435031        43

  ==> Add operator: a_ia 279
  ==> Current qubit order: 0  1  6  7  2  60  3  61  10  8  9  11  18  19  20  21  14  15  64  65  23  22  62  24  25  63  5  4  34  35  36  37  40  41  42  43  27  69  26  68  13  44  39  57  12  49  48  56  45  38  72  80  81  29  75  16  74  46  28  78  47  52  50  33  32  76  77  55  17  90  59  91  73  58  66  67  79  70  71  54  82  53  51  85  88  30  31  84  89  92  93  83  87  86  94  95  96  97  98  99  100  101  102  103  


  ==> Energy                -308.085464898
  ==> dE                       -4.67e-07
  ==> Gradient Norm             1.80e+00
  ==> Abs. Max. Deriv.          4.81e-02
  ==> Time-Grad. (s)              92.238
  ==> Time-Energy (s)             25.600
  ==> Time-Iter. (s)             117.839

--------------------------------------------------------------------------------
CEO-ADAPT-VQE iteration: 290
--------------------------------------------------------------------------------
    gate        derivative      name       op1       op2       op3        g_unscaled   penalty
    1612       -0.00054829      a_ia      1612                           -0.00109659         2
    1308       -0.00054286      a_ia      1308                           -0.00108572         2
    1346       -0.00048122      a_ia      1346                           -0.00192488         4
    1348       -0.00048096      a_ia      1348                           -0.00096192         2
     839        0.00041132      a_ia       839                            0.00246792         6
    1992       -0.00035232      a_ia      1992                           -0.00070464         2
     823        0.00033344      a_ia       823                            0.00133377         4
   66228        0.00031890        op     19680     19681                  0.01435052        45
   66229        0.00031890        om     19680     19681                  0.01435052        45
    1382       -0.00030896      a_ia      1382                           -0.00185374         6

  ==> Add operator: op -1: 19680 19681
  ==> Current qubit order: 0  1  6  7  2  60  3  61  10  8  9  11  18  19  20  21  64  65  14  15  62  63  23  22  24  25  5  4  34  35  36  37  40  41  42  43  27  69  26  68  13  44  39  57  12  49  48  56  45  38  72  80  81  29  75  16  74  46  28  78  47  52  50  33  32  76  77  55  17  90  59  91  73  58  66  67  79  70  71  54  82  53  51  85  88  30  31  84  89  92  93  83  87  86  94  95  96  97  98  99  100  101  102  103  


  ==> Energy                -308.085488216
  ==> dE                       -2.33e-05
  ==> Gradient Norm             1.80e+00
  ==> Abs. Max. Deriv.          4.81e-02
  ==> Time-Grad. (s)              92.546
  ==> Time-Energy (s)             25.029
  ==> Time-Iter. (s)             117.575

--------------------------------------------------------------------------------
CEO-ADAPT-VQE iteration: 291
--------------------------------------------------------------------------------
    gate        derivative      name       op1       op2       op3        g_unscaled   penalty
    1071       -0.00086554      a_ia      1071                           -0.00173107         2
    1612       -0.00054834      a_ia      1612                           -0.00109667         2
    1308       -0.00054299      a_ia      1308                           -0.00108599         2
    1346       -0.00048123      a_ia      1346                           -0.00192492         4
    1348       -0.00048093      a_ia      1348                           -0.00096187         2
     839        0.00041129      a_ia       839                            0.00246771         6
    1992       -0.00035231      a_ia      1992                           -0.00070461         2
   55316        0.00034752        op     10736     10737                  0.02119861        61
   55317        0.00034752        om     10736     10737                  0.02119861        61
     823        0.00033350      a_ia       823                            0.00133399         4

  ==> Add operator: a_ia 1071
  ==> Current qubit order: 0  1  6  7  2  60  3  61  10  8  9  11  18  19  20  21  64  65  14  15  62  63  23  22  24  25  5  4  34  35  36  37  40  41  42  43  27  69  26  68  13  44  39  57  12  49  48  56  45  38  72  80  81  29  75  16  74  46  28  78  47  52  50  33  32  76  77  55  17  90  59  91  73  58  66  67  79  70  71  54  82  53  51  85  88  30  31  84  89  92  93  83  87  86  94  95  96  97  98  99  100  101  102  103  


  ==> Energy                -308.085489452
  ==> dE                       -1.24e-06
  ==> Gradient Norm             1.80e+00
  ==> Abs. Max. Deriv.          4.81e-02
  ==> Time-Grad. (s)              92.105
  ==> Time-Energy (s)             27.055
  ==> Time-Iter. (s)             119.161

--------------------------------------------------------------------------------
CEO-ADAPT-VQE iteration: 292
--------------------------------------------------------------------------------
    gate        derivative      name       op1       op2       op3        g_unscaled   penalty
    1308       -0.00054838      a_ia      1308                           -0.00109677         2
    1612       -0.00054727      a_ia      1612                           -0.00109453         2
    1348       -0.00049003      a_ia      1348                           -0.00098005         2
    1346       -0.00048362      a_ia      1346                           -0.00193449         4
     839        0.00041163      a_ia       839                            0.00246976         6
   55316        0.00034748        op     10736     10737                  0.02119611        61
   55317        0.00034748        om     10736     10737                  0.02119611        61
    1992       -0.00034627      a_ia      1992                           -0.00069253         2
     823        0.00033492      a_ia       823                            0.00133968         4
    1382       -0.00030693      a_ia      1382                           -0.00184161         6

  ==> Add operator: op -1: 10736 10737
  ==> Current qubit order: 0  1  6  7  2  60  3  61  10  11  18  19  20  8  9  62  63  21  64  65  14  15  23  22  24  25  5  4  34  35  36  37  40  41  42  43  27  69  26  68  13  44  39  57  12  49  48  56  45  38  72  80  81  29  75  16  74  46  28  78  47  52  50  33  32  76  77  55  17  90  59  91  73  58  66  67  79  70  71  54  82  53  51  85  88  30  31  84  89  92  93  83  87  86  94  95  96  97  98  99  100  101  102  103  


  ==> Energy                -308.085533705
  ==> dE                       -4.43e-05
  ==> Gradient Norm             1.80e+00
  ==> Abs. Max. Deriv.          4.81e-02
  ==> Time-Grad. (s)              92.453
  ==> Time-Energy (s)             28.483
  ==> Time-Iter. (s)             120.936

--------------------------------------------------------------------------------
CEO-ADAPT-VQE iteration: 293
--------------------------------------------------------------------------------
    gate        derivative      name       op1       op2       op3        g_unscaled   penalty
     469        0.00059052      a_ia       469                            0.00236207         4
    1308       -0.00054859      a_ia      1308                           -0.00109718         2
    1612       -0.00054726      a_ia      1612                           -0.00109452         2
     422        0.00051335      a_ia       422                            0.00205339         4
    1348       -0.00049005      a_ia      1348                           -0.00098010         2
    1346       -0.00048369      a_ia      1346                           -0.00193475         4
     839        0.00041157      a_ia       839                            0.00246944         6
    1992       -0.00034626      a_ia      1992                           -0.00069252         2
   57942        0.00033710        op     13026     13027                  0.00910172        27
   57943        0.00033710        om     13026     13027                  0.00910172        27

  ==> Add operator: a_ia 469
  ==> Current qubit order: 0  1  6  7  2  60  3  61  10  11  18  19  20  8  62  9  63  21  64  65  14  15  23  22  24  25  5  4  34  35  36  37  40  41  42  43  27  69  26  68  13  44  39  57  12  49  48  56  45  38  72  80  81  29  75  16  74  46  28  78  47  52  50  33  32  76  77  55  17  90  59  91  73  58  66  67  79  70  71  54  82  53  51  85  88  30  31  84  89  92  93  83  87  86  94  95  96  97  98  99  100  101  102  103  


  ==> Energy                -308.085535147
  ==> dE                       -1.44e-06
  ==> Gradient Norm             1.80e+00
  ==> Abs. Max. Deriv.          4.81e-02
  ==> Time-Grad. (s)              92.299
  ==> Time-Energy (s)             27.502
  ==> Time-Iter. (s)             119.801

--------------------------------------------------------------------------------
CEO-ADAPT-VQE iteration: 294
--------------------------------------------------------------------------------
    gate        derivative      name       op1       op2       op3        g_unscaled   penalty
     422        0.00100912      a_ia       422                            0.00201824         2
    1308       -0.00054733      a_ia      1308                           -0.00109465         2
    1612       -0.00054560      a_ia      1612                           -0.00109119         2
    1348       -0.00048377      a_ia      1348                           -0.00096754         2
    1346       -0.00048222      a_ia      1346                           -0.00192888         4
     839        0.00041086      a_ia       839                            0.00246516         6
    1992       -0.00034547      a_ia      1992                           -0.00069094         2
   57942        0.00033710        op     13026     13027                  0.00910175        27
   57943        0.00033710        om     13026     13027                  0.00910175        27
     823        0.00033467      a_ia       823                            0.00133866         4

  ==> Add operator: a_ia 422
  ==> Current qubit order: 0  1  6  7  2  60  3  61  10  11  18  19  20  8  62  9  63  21  64  65  14  15  23  22  24  25  5  4  34  35  36  37  40  41  42  43  27  69  26  68  13  44  39  57  12  49  48  56  45  38  72  80  81  29  75  16  74  46  28  78  47  52  50  33  32  76  77  55  17  90  59  91  73  58  66  67  79  70  71  54  82  53  51  85  88  30  31  84  89  92  93  83  87  86  94  95  96  97  98  99  100  101  102  103  


  ==> Energy                -308.085536234
  ==> dE                       -1.09e-06
  ==> Gradient Norm             1.80e+00
  ==> Abs. Max. Deriv.          4.81e-02
  ==> Time-Grad. (s)              92.332
  ==> Time-Energy (s)             27.561
  ==> Time-Iter. (s)             119.893

--------------------------------------------------------------------------------
CEO-ADAPT-VQE iteration: 295
--------------------------------------------------------------------------------
    gate        derivative      name       op1       op2       op3        g_unscaled   penalty
    1612       -0.00054445      a_ia      1612                           -0.00108890         2
    1308       -0.00054219      a_ia      1308                           -0.00108438         2
    1346       -0.00048285      a_ia      1346                           -0.00193139         4
    1348       -0.00047861      a_ia      1348                           -0.00095722         2
     839        0.00040916      a_ia       839                            0.00245495         6
    1992       -0.00034405      a_ia      1992                           -0.00068809         2
   57942        0.00033710        op     13026     13027                  0.00910179        27
   57943        0.00033710        om     13026     13027                  0.00910179        27
     823        0.00033682      a_ia       823                            0.00134727         4
   46340        0.00033007        op      2690      2691                  0.02475549        75

  ==> Add operator: op -1: 13026 13027
  ==> Current qubit order: 0  1  6  7  2  3  60  61  10  11  18  19  20  8  62  9  63  21  64  65  14  15  23  22  24  25  5  4  34  35  36  37  40  41  42  43  27  69  26  68  13  44  39  57  12  49  48  56  45  38  72  80  81  29  75  16  74  46  28  78  47  52  50  33  32  76  77  55  17  90  59  91  73  58  66  67  79  70  71  54  82  53  51  85  88  30  31  84  89  92  93  83  87  86  94  95  96  97  98  99  100  101  102  103  


  ==> Energy                -308.085544424
  ==> dE                       -8.19e-06
  ==> Gradient Norm             1.80e+00
  ==> Abs. Max. Deriv.          4.81e-02
  ==> Time-Grad. (s)              92.456
  ==> Time-Energy (s)             26.912
  ==> Time-Iter. (s)             119.368

--------------------------------------------------------------------------------
CEO-ADAPT-VQE iteration: 296
--------------------------------------------------------------------------------
    gate        derivative      name       op1       op2       op3        g_unscaled   penalty
    1612       -0.00054449      a_ia      1612                           -0.00108897         2
    1308       -0.00054226      a_ia      1308                           -0.00108451         2
    1346       -0.00048286      a_ia      1346                           -0.00193145         4
    1348       -0.00047865      a_ia      1348                           -0.00095729         2
     839        0.00040917      a_ia       839                            0.00245503         6
    1992       -0.00034405      a_ia      1992                           -0.00068811         2
     823        0.00033687      a_ia       823                            0.00134746         4
   46340        0.00033007        op      2690      2691                  0.02475549        75
   46341        0.00033007        om      2690      2691                  0.02475549        75
    1382       -0.00030652      a_ia      1382                           -0.00183915         6

  ==> Add operator: op -1: 2690 2691
  ==> Current qubit order: 6  7  2  3  60  61  10  0  1  62  63  11  18  19  20  8  9  21  64  65  14  15  23  22  24  25  5  4  34  35  36  37  40  41  42  43  27  69  26  68  13  44  39  57  12  49  48  56  45  38  72  80  81  29  75  16  74  46  28  78  47  52  50  33  32  76  77  55  17  90  59  91  73  58  66  67  79  70  71  54  82  53  51  85  88  30  31  84  89  92  93  83  87  86  94  95  96  97  98  99  100  101  102  103  


  ==> Energy                -308.085585751
  ==> dE                       -4.13e-05
  ==> Gradient Norm             1.80e+00
  ==> Abs. Max. Deriv.          4.81e-02
  ==> Time-Grad. (s)              92.072
  ==> Time-Energy (s)             25.028
  ==> Time-Iter. (s)             117.101

--------------------------------------------------------------------------------
CEO-ADAPT-VQE iteration: 297
--------------------------------------------------------------------------------
    gate        derivative      name       op1       op2       op3        g_unscaled   penalty
    1612       -0.00054449      a_ia      1612                           -0.00108898         2
    1308       -0.00054262      a_ia      1308                           -0.00108523         2
    1346       -0.00048294      a_ia      1346                           -0.00193174         4
    1348       -0.00047874      a_ia      1348                           -0.00095748         2
   46336        0.00043359        op      2686      2687                  0.01517551        35
   46337        0.00043359        om      2686      2687                  0.01517551        35
     839        0.00040915      a_ia       839                            0.00245492         6
   46332        0.00038907        op      2682      2683                  0.01517384        39
   46333        0.00038907        om      2682      2683                  0.01517384        39
   47478        0.00037426        op      3726      3727                  0.01684165        45

  ==> Add operator: op -1: 2686 2687
  ==> Current qubit order: 6  7  2  3  60  10  61  0  1  62  63  11  18  19  20  8  9  21  64  65  14  15  23  22  24  25  5  4  34  35  36  37  40  41  42  43  27  69  26  68  13  44  39  57  12  49  48  56  45  38  72  80  81  29  75  16  74  46  28  78  47  52  50  33  32  76  77  55  17  90  59  91  73  58  66  67  79  70  71  54  82  53  51  85  88  30  31  84  89  92  93  83  87  86  94  95  96  97  98  99  100  101  102  103  


  ==> Energy                -308.085601091
  ==> dE                       -1.53e-05
  ==> Gradient Norm             1.80e+00
  ==> Abs. Max. Deriv.          4.81e-02
  ==> Time-Grad. (s)              92.056
  ==> Time-Energy (s)             24.039
  ==> Time-Iter. (s)             116.095

--------------------------------------------------------------------------------
CEO-ADAPT-VQE iteration: 298
--------------------------------------------------------------------------------
    gate        derivative      name       op1       op2       op3        g_unscaled   penalty
    1612       -0.00054450      a_ia      1612                           -0.00108900         2
    1308       -0.00054276      a_ia      1308                           -0.00108551         2
    1346       -0.00048297      a_ia      1346                           -0.00193188         4
    1348       -0.00047882      a_ia      1348                           -0.00095765         2
     839        0.00040913      a_ia       839                            0.00245480         6
   46332        0.00038770        op      2682      2683                  0.01512030        39
   46333        0.00038770        om      2682      2683                  0.01512030        39
   47478        0.00037426        op      3726      3727                  0.01684158        45
   47479        0.00037426        om      3726      3727                  0.01684158        45
   46330        0.00036016        op      2680      2681                  0.00972426        27

  ==> Add operator: op -1: 2682 2683
  ==> Current qubit order: 6  7  2  3  10  61  60  0  1  63  62  11  18  19  20  8  9  21  64  65  14  15  23  22  24  25  5  4  34  35  36  37  40  41  42  43  27  69  26  68  13  44  39  57  12  49  48  56  45  38  72  80  81  29  75  16  74  46  28  78  47  52  50  33  32  76  77  55  17  90  59  91  73  58  66  67  79  70  71  54  82  53  51  85  88  30  31  84  89  92  93  83  87  86  94  95  96  97  98  99  100  101  102  103  


  ==> Energy                -308.085616434
  ==> dE                       -1.53e-05
  ==> Gradient Norm             1.80e+00
  ==> Abs. Max. Deriv.          4.81e-02
  ==> Time-Grad. (s)              92.063
  ==> Time-Energy (s)             26.724
  ==> Time-Iter. (s)             118.787

--------------------------------------------------------------------------------
CEO-ADAPT-VQE iteration: 299
--------------------------------------------------------------------------------
    gate        derivative      name       op1       op2       op3        g_unscaled   penalty
      81       -0.00064289      a_ia        81                           -0.00128579         2
    1612       -0.00054450      a_ia      1612                           -0.00108899         2
    1308       -0.00054298      a_ia      1308                           -0.00108595         2
      29       -0.00050538      a_ia        29                           -0.00101076         2
    1346       -0.00048300      a_ia      1346                           -0.00193200         4
    1348       -0.00047888      a_ia      1348                           -0.00095777         2
     867        0.00044169      a_ia       867                            0.00176675         4
     839        0.00040913      a_ia       839                            0.00245479         6
   46330        0.00040044        op      2680      2681                  0.01001092        25
   46331        0.00040044        om      2680      2681                  0.01001092        25

  ==> Add operator: a_ia 81
  ==> Current qubit order: 6  7  2  3  10  61  60  0  1  63  62  11  18  19  20  8  9  21  64  65  14  15  23  22  24  25  5  4  34  35  36  37  40  41  42  43  27  69  26  68  13  44  39  57  12  49  48  56  45  38  72  80  81  29  75  16  74  46  28  78  47  52  50  33  32  76  77  55  17  90  59  91  73  58  66  67  79  70  71  54  82  53  51  85  88  30  31  84  89  92  93  83  87  86  94  95  96  97  98  99  100  101  102  103  


  ==> Energy                -308.085616929
  ==> dE                       -4.96e-07
  ==> Gradient Norm             1.80e+00
  ==> Abs. Max. Deriv.          4.81e-02
  ==> Time-Grad. (s)              92.180
  ==> Time-Energy (s)             27.772
  ==> Time-Iter. (s)             119.952

--------------------------------------------------------------------------------
CEO-ADAPT-VQE iteration: 300
--------------------------------------------------------------------------------
    gate        derivative      name       op1       op2       op3        g_unscaled   penalty
    1612       -0.00054390      a_ia      1612                           -0.00108780         2
    1308       -0.00054286      a_ia      1308                           -0.00108573         2
      29       -0.00049911      a_ia        29                           -0.00099822         2
    1346       -0.00048355      a_ia      1346                           -0.00193421         4
    1348       -0.00047781      a_ia      1348                           -0.00095562         2
     867        0.00044047      a_ia       867                            0.00176187         4
     839        0.00040957      a_ia       839                            0.00245744         6
   46330        0.00040035        op      2680      2681                  0.01000863        25
   46331        0.00040035        om      2680      2681                  0.01000863        25
   47478        0.00037419        op      3726      3727                  0.01683839        45

  ==> Add operator: a_ia 29
  ==> Current qubit order: 6  7  2  3  10  61  60  0  1  63  62  11  18  19  20  8  9  21  64  65  14  15  23  22  24  25  5  4  34  35  36  37  40  41  42  43  27  69  26  68  13  44  39  57  12  49  48  56  45  38  72  80  81  29  75  16  74  46  28  78  47  52  50  33  32  76  77  55  17  90  59  91  73  58  66  67  79  70  71  54  82  53  51  85  88  30  31  84  89  92  93  83  87  86  94  95  96  97  98  99  100  101  102  103  


  ==> Energy                -308.085617225
  ==> dE                       -2.96e-07
  ==> Gradient Norm             1.80e+00
  ==> Abs. Max. Deriv.          4.81e-02
  ==> Time-Grad. (s)              92.037
  ==> Time-Energy (s)             27.516
  ==> Time-Iter. (s)             119.553

CEO-ADAPT-VQE failed to converge.

===> Summary:
    E(SCF): -308.0259540781
    iter            energy                dE     gradient norm
       0   -308.0259540781
       1   -308.0296682434         -3.71e-03          2.06e+00
       2   -308.0319182157         -2.25e-03          2.05e+00
       3   -308.0357567955         -3.84e-03          2.04e+00
       4   -308.0358167023         -5.99e-05          2.03e+00
       5   -308.0358495574         -3.29e-05          2.02e+00
       6   -308.0382201866         -2.37e-03          2.02e+00
       7   -308.0382530889         -3.29e-05          2.01e+00
       8   -308.0394397720         -1.19e-03          2.01e+00
       9   -308.0399409418         -5.01e-04          2.01e+00
      10   -308.0408734054         -9.32e-04          2.01e+00
      11   -308.0434951418         -2.62e-03          2.00e+00
      12   -308.0462577227         -2.76e-03          1.99e+00
      13   -308.0477058634         -1.45e-03          1.98e+00
      14   -308.0482418767         -5.36e-04          1.97e+00
      15   -308.0491802407         -9.38e-04          1.97e+00
      16   -308.0503283874         -1.15e-03          1.97e+00
      17   -308.0513677192         -1.04e-03          1.97e+00
      18   -308.0513880697         -2.04e-05          1.96e+00
      19   -308.0524060513         -1.02e-03          1.96e+00
      20   -308.0527611968         -3.55e-04          1.96e+00
      21   -308.0528075529         -4.64e-05          1.96e+00
      22   -308.0536121897         -8.05e-04          1.96e+00
      23   -308.0539232900         -3.11e-04          1.95e+00
      24   -308.0545151401         -5.92e-04          1.95e+00
      25   -308.0552608840         -7.46e-04          1.95e+00
      26   -308.0557830094         -5.22e-04          1.95e+00
      27   -308.0563698995         -5.87e-04          1.94e+00
      28   -308.0564576409         -8.77e-05          1.94e+00
      29   -308.0568720969         -4.14e-04          1.94e+00
      30   -308.0568937849         -2.17e-05          1.94e+00
      31   -308.0569296207         -3.58e-05          1.94e+00
      32   -308.0574382070         -5.09e-04          1.94e+00
      33   -308.0574646246         -2.64e-05          1.94e+00
      34   -308.0574793669         -1.47e-05          1.94e+00
      35   -308.0574991006         -1.97e-05          1.94e+00
      36   -308.0575920280         -9.29e-05          1.94e+00
      37   -308.0575972103         -5.18e-06          1.94e+00
      38   -308.0580663578         -4.69e-04          1.94e+00
      39   -308.0588205896         -7.54e-04          1.94e+00
      40   -308.0590124562         -1.92e-04          1.93e+00
      41   -308.0592139999         -2.02e-04          1.93e+00
      42   -308.0593768740         -1.63e-04          1.93e+00
      43   -308.0602617614         -8.85e-04          1.93e+00
      44   -308.0602638780         -2.12e-06          1.93e+00
      45   -308.0605725897         -3.09e-04          1.93e+00
      46   -308.0605829777         -1.04e-05          1.93e+00
      47   -308.0608150246         -2.32e-04          1.93e+00
      48   -308.0608168936         -1.87e-06          1.93e+00
      49   -308.0609788560         -1.62e-04          1.93e+00
      50   -308.0610046144         -2.58e-05          1.93e+00
      51   -308.0614112463         -4.07e-04          1.93e+00
      52   -308.0615737376         -1.62e-04          1.92e+00
      53   -308.0619989191         -4.25e-04          1.92e+00
      54   -308.0623595570         -3.61e-04          1.92e+00
      55   -308.0625853045         -2.26e-04          1.92e+00
      56   -308.0626253874         -4.01e-05          1.92e+00
      57   -308.0631800468         -5.55e-04          1.92e+00
      58   -308.0632190932         -3.90e-05          1.92e+00
      59   -308.0635572508         -3.38e-04          1.92e+00
      60   -308.0636721440         -1.15e-04          1.92e+00
      61   -308.0640042225         -3.32e-04          1.91e+00
      62   -308.0642154018         -2.11e-04          1.91e+00
      63   -308.0643618562         -1.46e-04          1.91e+00
      64   -308.0643686260         -6.77e-06          1.91e+00
      65   -308.0645001988         -1.32e-04          1.91e+00
      66   -308.0646086888         -1.08e-04          1.91e+00
      67   -308.0647797883         -1.71e-04          1.91e+00
      68   -308.0650033769         -2.24e-04          1.91e+00
      69   -308.0653408412         -3.37e-04          1.91e+00
      70   -308.0656372945         -2.96e-04          1.91e+00
      71   -308.0659483732         -3.11e-04          1.90e+00
      72   -308.0661773027         -2.29e-04          1.90e+00
      73   -308.0663513947         -1.74e-04          1.90e+00
      74   -308.0665010082         -1.50e-04          1.90e+00
      75   -308.0666322176         -1.31e-04          1.90e+00
      76   -308.0667375724         -1.05e-04          1.90e+00
      77   -308.0668409100         -1.03e-04          1.90e+00
      78   -308.0669836755         -1.43e-04          1.90e+00
      79   -308.0670026546         -1.90e-05          1.90e+00
      80   -308.0672094415         -2.07e-04          1.90e+00
      81   -308.0672111301         -1.69e-06          1.90e+00
      82   -308.0673608616         -1.50e-04          1.90e+00
      83   -308.0675250241         -1.64e-04          1.90e+00
      84   -308.0676650628         -1.40e-04          1.90e+00
      85   -308.0677953110         -1.30e-04          1.90e+00
      86   -308.0678827167         -8.74e-05          1.90e+00
      87   -308.0679477853         -6.51e-05          1.90e+00
      88   -308.0679853238         -3.75e-05          1.90e+00
      89   -308.0682065847         -2.21e-04          1.90e+00
      90   -308.0683580676         -1.51e-04          1.89e+00
      91   -308.0685035540         -1.45e-04          1.89e+00
      92   -308.0685084503         -4.90e-06          1.89e+00
      93   -308.0685137688         -5.32e-06          1.89e+00
      94   -308.0686229551         -1.09e-04          1.89e+00
      95   -308.0686256205         -2.67e-06          1.89e+00
      96   -308.0686280964         -2.48e-06          1.89e+00
      97   -308.0688090896         -1.81e-04          1.89e+00
      98   -308.0688118662         -2.78e-06          1.89e+00
      99   -308.0688145623         -2.70e-06          1.89e+00
     100   -308.0692299506         -4.15e-04          1.89e+00
     101   -308.0693819530         -1.52e-04          1.89e+00
     102   -308.0695256481         -1.44e-04          1.89e+00
     103   -308.0695282130         -2.56e-06          1.89e+00
     104   -308.0695331053         -4.89e-06          1.89e+00
     105   -308.0696000456         -6.69e-05          1.89e+00
     106   -308.0696419303         -4.19e-05          1.89e+00
     107   -308.0696740342         -3.21e-05          1.89e+00
     108   -308.0696761159         -2.04e-06          1.89e+00
     109   -308.0696780314         -1.92e-06          1.89e+00
     110   -308.0696862157         -8.18e-06          1.89e+00
     111   -308.0697329107         -4.67e-05          1.89e+00
     112   -308.0697338577         -9.47e-07          1.89e+00
     113   -308.0697702092         -3.64e-05          1.89e+00
     114   -308.0697787881         -8.58e-06          1.89e+00
     115   -308.0697925930         -1.38e-05          1.89e+00
     116   -308.0697928949         -3.02e-07          1.89e+00
     117   -308.0698895418         -9.66e-05          1.89e+00
     118   -308.0698906084         -1.07e-06          1.89e+00
     119   -308.0698913556         -7.47e-07          1.89e+00
     120   -308.0699941134         -1.03e-04          1.89e+00
     121   -308.0701193878         -1.25e-04          1.89e+00
     122   -308.0702676741         -1.48e-04          1.88e+00
     123   -308.0702706133         -2.94e-06          1.88e+00
     124   -308.0702733112         -2.70e-06          1.88e+00
     125   -308.0703599396         -8.66e-05          1.88e+00
     126   -308.0705211974         -1.61e-04          1.88e+00
     127   -308.0706534004         -1.32e-04          1.88e+00
     128   -308.0708987765         -2.45e-04          1.88e+00
     129   -308.0709055510         -6.77e-06          1.88e+00
     130   -308.0709185808         -1.30e-05          1.88e+00
     131   -308.0709743070         -5.57e-05          1.88e+00
     132   -308.0710728378         -9.85e-05          1.88e+00
     133   -308.0710738409         -1.00e-06          1.88e+00
     134   -308.0710778228         -3.98e-06          1.88e+00
     135   -308.0710814576         -3.63e-06          1.88e+00
     136   -308.0710823825         -9.25e-07          1.88e+00
     137   -308.0710836800         -1.30e-06          1.88e+00
     138   -308.0710845727         -8.93e-07          1.88e+00
     139   -308.0712288732         -1.44e-04          1.88e+00
     140   -308.0712305179         -1.64e-06          1.88e+00
     141   -308.0712316410         -1.12e-06          1.88e+00
     142   -308.0712969213         -6.53e-05          1.88e+00
     143   -308.0713885177         -9.16e-05          1.88e+00
     144   -308.0713887840         -2.66e-07          1.88e+00
     145   -308.0714040987         -1.53e-05          1.88e+00
     146   -308.0714854014         -8.13e-05          1.88e+00
     147   -308.0716255972         -1.40e-04          1.88e+00
     148   -308.0716270940         -1.50e-06          1.88e+00
     149   -308.0716554806         -2.84e-05          1.88e+00
     150   -308.0716563773         -8.97e-07          1.88e+00
     151   -308.0718102703         -1.54e-04          1.88e+00
     152   -308.0718967952         -8.65e-05          1.88e+00
     153   -308.0719567044         -5.99e-05          1.88e+00
     154   -308.0720929905         -1.36e-04          1.88e+00
     155   -308.0721147088         -2.17e-05          1.87e+00
     156   -308.0723318308         -2.17e-04          1.87e+00
     157   -308.0723749017         -4.31e-05          1.87e+00
     158   -308.0725057114         -1.31e-04          1.87e+00
     159   -308.0725071761         -1.46e-06          1.87e+00
     160   -308.0725608389         -5.37e-05          1.87e+00
     161   -308.0726107177         -4.99e-05          1.87e+00
     162   -308.0726119755         -1.26e-06          1.87e+00
     163   -308.0726580120         -4.60e-05          1.87e+00
     164   -308.0726599625         -1.95e-06          1.87e+00
     165   -308.0726619162         -1.95e-06          1.87e+00
     166   -308.0726631390         -1.22e-06          1.87e+00
     167   -308.0727127208         -4.96e-05          1.87e+00
     168   -308.0728057329         -9.30e-05          1.87e+00
     169   -308.0728295599         -2.38e-05          1.87e+00
     170   -308.0728518413         -2.23e-05          1.87e+00
     171   -308.0729007449         -4.89e-05          1.87e+00
     172   -308.0729202226         -1.95e-05          1.87e+00
     173   -308.0729513197         -3.11e-05          1.87e+00
     174   -308.0729802061         -2.89e-05          1.87e+00
     175   -308.0729810227         -8.17e-07          1.87e+00
     176   -308.0730048495         -2.38e-05          1.87e+00
     177   -308.0733893245         -3.84e-04          1.87e+00
     178   -308.0733908589         -1.53e-06          1.87e+00
     179   -308.0733921515         -1.29e-06          1.87e+00
     180   -308.0736918619         -3.00e-04          1.87e+00
     181   -308.0736938612         -2.00e-06          1.87e+00
     182   -308.0741369063         -4.43e-04          1.87e+00
     183   -308.0741383844         -1.48e-06          1.86e+00
     184   -308.0744480450         -3.10e-04          1.86e+00
     185   -308.0744496990         -1.65e-06          1.86e+00
     186   -308.0744641354         -1.44e-05          1.86e+00
     187   -308.0744654101         -1.27e-06          1.86e+00
     188   -308.0744662575         -8.47e-07          1.86e+00
     189   -308.0745563481         -9.01e-05          1.86e+00
     190   -308.0745568096         -4.62e-07          1.86e+00
     191   -308.0747687229         -2.12e-04          1.86e+00
     192   -308.0748623105         -9.36e-05          1.86e+00
     193   -308.0748627300         -4.20e-07          1.86e+00
     194   -308.0749868070         -1.24e-04          1.86e+00
     195   -308.0751660969         -1.79e-04          1.86e+00
     196   -308.0751695118         -3.41e-06          1.86e+00
     197   -308.0755133927         -3.44e-04          1.86e+00
     198   -308.0758430607         -3.30e-04          1.86e+00
     199   -308.0758446756         -1.61e-06          1.85e+00
     200   -308.0760475432         -2.03e-04          1.85e+00
     201   -308.0761890553         -1.42e-04          1.85e+00
     202   -308.0762972640         -1.08e-04          1.85e+00
     203   -308.0764228870         -1.26e-04          1.85e+00
     204   -308.0764250415         -2.15e-06          1.85e+00
     205   -308.0764267762         -1.73e-06          1.85e+00
     206   -308.0764286769         -1.90e-06          1.85e+00
     207   -308.0766091654         -1.80e-04          1.85e+00
     208   -308.0767100921         -1.01e-04          1.85e+00
     209   -308.0767422558         -3.22e-05          1.85e+00
     210   -308.0767881722         -4.59e-05          1.85e+00
     211   -308.0768938676         -1.06e-04          1.85e+00
     212   -308.0769329204         -3.91e-05          1.85e+00
     213   -308.0770169228         -8.40e-05          1.85e+00
     214   -308.0773068557         -2.90e-04          1.85e+00
     215   -308.0774646666         -1.58e-04          1.84e+00
     216   -308.0775477378         -8.31e-05          1.84e+00
     217   -308.0776635785         -1.16e-04          1.84e+00
     218   -308.0778349848         -1.71e-04          1.84e+00
     219   -308.0783152567         -4.80e-04          1.84e+00
     220   -308.0784060611         -9.08e-05          1.84e+00
     221   -308.0784828479         -7.68e-05          1.84e+00
     222   -308.0784875791         -4.73e-06          1.84e+00
     223   -308.0785411508         -5.36e-05          1.84e+00
     224   -308.0786068566         -6.57e-05          1.84e+00
     225   -308.0786570772         -5.02e-05          1.84e+00
     226   -308.0787514956         -9.44e-05          1.84e+00
     227   -308.0788109343         -5.94e-05          1.84e+00
     228   -308.0788731008         -6.22e-05          1.84e+00
     229   -308.0788742816         -1.18e-06          1.84e+00
     230   -308.0791962222         -3.22e-04          1.84e+00
     231   -308.0792912815         -9.51e-05          1.83e+00
     232   -308.0793454556         -5.42e-05          1.83e+00
     233   -308.0797849849         -4.40e-04          1.83e+00
     234   -308.0801281078         -3.43e-04          1.83e+00
     235   -308.0801645656         -3.65e-05          1.83e+00
     236   -308.0802350549         -7.05e-05          1.83e+00
     237   -308.0807352147         -5.00e-04          1.83e+00
     238   -308.0807401465         -4.93e-06          1.82e+00
     239   -308.0808982017         -1.58e-04          1.82e+00
     240   -308.0813907564         -4.93e-04          1.82e+00
     241   -308.0816451179         -2.54e-04          1.82e+00
     242   -308.0817701378         -1.25e-04          1.82e+00
     243   -308.0818029138         -3.28e-05          1.82e+00
     244   -308.0819361599         -1.33e-04          1.82e+00
     245   -308.0819377765         -1.62e-06          1.82e+00
     246   -308.0820871586         -1.49e-04          1.82e+00
     247   -308.0820947820         -7.62e-06          1.82e+00
     248   -308.0821020851         -7.30e-06          1.82e+00
     249   -308.0821930171         -9.09e-05          1.82e+00
     250   -308.0822673974         -7.44e-05          1.82e+00
     251   -308.0823022074         -3.48e-05          1.82e+00
     252   -308.0823291883         -2.70e-05          1.82e+00
     253   -308.0823618021         -3.26e-05          1.81e+00
     254   -308.0823883100         -2.65e-05          1.81e+00
     255   -308.0825171978         -1.29e-04          1.81e+00
     256   -308.0826634314         -1.46e-04          1.81e+00
     257   -308.0827585484         -9.51e-05          1.81e+00
     258   -308.0830830894         -3.25e-04          1.81e+00
     259   -308.0830885331         -5.44e-06          1.81e+00
     260   -308.0831939402         -1.05e-04          1.81e+00
     261   -308.0832240089         -3.01e-05          1.81e+00
     262   -308.0833162674         -9.23e-05          1.81e+00
     263   -308.0833199905         -3.72e-06          1.81e+00
     264   -308.0833242644         -4.27e-06          1.81e+00
     265   -308.0836128151         -2.89e-04          1.81e+00
     266   -308.0836633288         -5.05e-05          1.81e+00
     267   -308.0837816318         -1.18e-04          1.81e+00
     268   -308.0838377850         -5.62e-05          1.81e+00
     269   -308.0841336224         -2.96e-04          1.81e+00
     270   -308.0844654390         -3.32e-04          1.80e+00
     271   -308.0847475122         -2.82e-04          1.80e+00
     272   -308.0847528427         -5.33e-06          1.80e+00
     273   -308.0847549618         -2.12e-06          1.80e+00
     274   -308.0847626423         -7.68e-06          1.80e+00
     275   -308.0850537486         -2.91e-04          1.80e+00
     276   -308.0850681018         -1.44e-05          1.80e+00
     277   -308.0851176514         -4.95e-05          1.80e+00
     278   -308.0851189825         -1.33e-06          1.80e+00
     279   -308.0851933748         -7.44e-05          1.80e+00
     280   -308.0851968765         -3.50e-06          1.80e+00
     281   -308.0852000267         -3.15e-06          1.80e+00
     282   -308.0852268770         -2.69e-05          1.80e+00
     283   -308.0852534732         -2.66e-05          1.80e+00
     284   -308.0854299351         -1.76e-04          1.80e+00
     285   -308.0854612360         -3.13e-05          1.80e+00
     286   -308.0854625965         -1.36e-06          1.80e+00
     287   -308.0854635915         -9.95e-07          1.80e+00
     288   -308.0854644313         -8.40e-07          1.80e+00
     289   -308.0854648984         -4.67e-07          1.80e+00
     290   -308.0854882159         -2.33e-05          1.80e+00
     291   -308.0854894517         -1.24e-06          1.80e+00
     292   -308.0855337054         -4.43e-05          1.80e+00
     293   -308.0855351467         -1.44e-06          1.80e+00
     294   -308.0855362336         -1.09e-06          1.80e+00
     295   -308.0855444235         -8.19e-06          1.80e+00
     296   -308.0855857510         -4.13e-05          1.80e+00
     297   -308.0856010912         -1.53e-05          1.80e+00
     298   -308.0856164335         -1.53e-05          1.80e+00
     299   -308.0856169295         -4.96e-07          1.80e+00
     300   -308.0856172253         -2.96e-07          1.80e+00

===> ADAPT did not converge after 300 steps.
===> Gradient Norm:                 1.80e+00
===> Abs. Max. Deriv:               4.81e-02
===> Energy:                 -308.0856172253

