Energy (SCF): -164.936320222

--------------------------------------------------------------------------------
CEO-ADAPT-VQE iteration: 1
--------------------------------------------------------------------------------
    gate        derivative      name       op1       op2       op3        g_unscaled   penalty
   76726        0.00078832        op     26240     26241                  0.11430655       145
   76727        0.00078832        om     26240     26241                  0.11430655       145
   91654        0.00077475        op     37634     37635                  0.12473424       161
   91655        0.00077475        om     37634     37635                  0.12473424       161
   99886        0.00071403        op     44006     44007                  0.05783605        81
   99887        0.00071403        om     44006     44007                  0.05783605        81
   26240        0.00070998    a_iajb     26240                            0.11430655       161
   37634        0.00070471    a_iajb     37634                            0.12473424       177
   70100        0.00066487        op     21168     21169                  0.10704344       161
   70101        0.00066487        om     21168     21169                  0.10704344       161

  ==> Add operator: op -1: 26240 26241
  ==> Current qubit order: 0  1  2  3  4  5  6  7  8  9  10  11  14  15  16  17  18  19  20  21  22  23  24  25  26  27  12  13  44  45  28  29  30  31  32  33  34  35  36  37  38  39  40  41  42  43  46  47  48  49  50  51  52  53  54  55  56  57  58  59  60  61  62  63  64  65  66  67  68  69  70  71  


  ==> Energy                -164.937850992
  ==> dE                       -1.53e-03
  ==> Gradient Norm             2.86e+00
  ==> Abs. Max. Deriv.          1.25e-01
  ==> Time-Grad. (s)               0.826
  ==> Time-Energy (s)              0.017
  ==> Time-Iter. (s)               0.843

--------------------------------------------------------------------------------
CEO-ADAPT-VQE iteration: 2
--------------------------------------------------------------------------------
    gate        derivative      name       op1       op2       op3        g_unscaled   penalty
     405        0.00211479      a_ia       405                            0.00845917         4
     434        0.00211479      a_ia       434                            0.00845917         4
   96316        0.00087342        op     41180     41181                  0.04279780        49
   96317        0.00087342        om     41180     41181                  0.04279780        49
   79210       -0.00073953        op     28106     28107                 -0.02144636        29
   79211       -0.00073953        om     28106     28107                 -0.02144636        29
   81594       -0.00073953        op     29941     29942                 -0.02144636        29
   81595       -0.00073953        om     29941     29942                 -0.02144636        29
   91654        0.00073807        op     37634     37635                  0.12473424       169
   91655        0.00073807        om     37634     37635                  0.12473424       169

  ==> Add operator: a_ia 405
  ==> Current qubit order: 0  1  2  3  4  5  6  7  8  9  10  11  14  15  16  17  18  19  20  21  22  23  24  25  26  27  13  12  44  45  28  29  30  31  32  33  34  35  36  37  38  39  40  41  42  43  46  47  48  49  50  51  52  53  54  55  56  57  58  59  60  61  62  63  64  65  66  67  68  69  70  71  


  ==> Energy                -164.937868390
  ==> dE                       -1.74e-05
  ==> Gradient Norm             2.86e+00
  ==> Abs. Max. Deriv.          1.25e-01
  ==> Time-Grad. (s)               0.834
  ==> Time-Energy (s)              0.009
  ==> Time-Iter. (s)               0.844

--------------------------------------------------------------------------------
CEO-ADAPT-VQE iteration: 3
--------------------------------------------------------------------------------
    gate        derivative      name       op1       op2       op3        g_unscaled   penalty
     434        0.00125654      a_ia       434                            0.00753926         6
   96316        0.00086888        op     41180     41181                  0.04257535        49
   96317        0.00086888        om     41180     41181                  0.04257535        49
   91654        0.00073807        op     37634     37635                  0.12473424       169
   91655        0.00073807        om     37634     37635                  0.12473424       169
   76684        0.00071177        op     26198     26199                  0.06334793        89
   76685        0.00071177        om     26198     26199                  0.06334793        89
   37634        0.00067424    a_iajb     37634                            0.12473424       185
   70100        0.00066487        op     21168     21169                  0.10704344       161
   70101        0.00066487        om     21168     21169                  0.10704344       161

  ==> Add operator: a_ia 434
  ==> Current qubit order: 0  1  2  3  4  5  6  7  8  9  10  11  14  15  16  17  18  19  20  21  22  23  24  25  26  27  12  44  13  45  28  29  30  31  32  33  34  35  36  37  38  39  40  41  42  43  46  47  48  49  50  51  52  53  54  55  56  57  58  59  60  61  62  63  64  65  66  67  68  69  70  71  


  ==> Energy                -164.937882216
  ==> dE                       -1.38e-05
  ==> Gradient Norm             2.86e+00
  ==> Abs. Max. Deriv.          1.25e-01
  ==> Time-Grad. (s)               0.883
  ==> Time-Energy (s)              0.009
  ==> Time-Iter. (s)               0.892

--------------------------------------------------------------------------------
CEO-ADAPT-VQE iteration: 4
--------------------------------------------------------------------------------
    gate        derivative      name       op1       op2       op3        g_unscaled   penalty
   96316        0.00090167        op     41180     41181                  0.04237835        47
   96317        0.00090167        om     41180     41181                  0.04237835        47
   91654        0.00073807        op     37634     37635                  0.12473424       169
   91655        0.00073807        om     37634     37635                  0.12473424       169
   76684        0.00072822        op     26198     26199                  0.06335517        87
   76685        0.00072822        om     26198     26199                  0.06335517        87
   37634        0.00067424    a_iajb     37634                            0.12473424       185
   41180        0.00067267    a_iajb     41180                            0.04237835        63
   70100        0.00066487        op     21168     21169                  0.10704344       161
   70101        0.00066487        om     21168     21169                  0.10704344       161

  ==> Add operator: op -1: 41180 41181
  ==> Current qubit order: 0  1  2  3  4  5  6  7  8  9  10  11  14  15  16  17  18  19  20  21  24  25  22  23  44  45  26  27  12  13  28  29  30  31  32  33  34  35  36  37  38  39  40  41  42  43  46  47  48  49  50  51  52  53  54  55  56  57  58  59  60  61  62  63  64  65  66  67  68  69  70  71  


  ==> Energy                -164.938123970
  ==> dE                       -2.42e-04
  ==> Gradient Norm             2.86e+00
  ==> Abs. Max. Deriv.          1.25e-01
  ==> Time-Grad. (s)               0.836
  ==> Time-Energy (s)              0.013
  ==> Time-Iter. (s)               0.848

--------------------------------------------------------------------------------
CEO-ADAPT-VQE iteration: 5
--------------------------------------------------------------------------------
    gate        derivative      name       op1       op2       op3        g_unscaled   penalty
     670        0.00106739      a_ia       670                            0.00426954         4
     694        0.00106387      a_ia       694                            0.00425549         4
   76684        0.00078234        op     26198     26199                  0.06336929        81
   76685        0.00078234        om     26198     26199                  0.06336929        81
   91654        0.00073807        op     37634     37635                  0.12473424       169
   91655        0.00073807        om     37634     37635                  0.12473424       169
     404        0.00069703      a_ia       404                            0.02230502        32
     433        0.00069644      a_ia       433                            0.02228610        32
   37634        0.00067424    a_iajb     37634                            0.12473424       185
   70100        0.00066487        op     21168     21169                  0.10704344       161

  ==> Add operator: a_ia 670
  ==> Current qubit order: 0  1  2  3  4  5  6  7  8  9  10  11  14  15  16  17  18  19  20  21  24  25  23  22  44  45  26  27  12  13  28  29  30  31  32  33  34  35  36  37  38  39  40  41  42  43  46  47  48  49  50  51  52  53  54  55  56  57  58  59  60  61  62  63  64  65  66  67  68  69  70  71  


  ==> Energy                -164.938129337
  ==> dE                       -5.37e-06
  ==> Gradient Norm             2.86e+00
  ==> Abs. Max. Deriv.          1.25e-01
  ==> Time-Grad. (s)               0.817
  ==> Time-Energy (s)              0.009
  ==> Time-Iter. (s)               0.826

--------------------------------------------------------------------------------
CEO-ADAPT-VQE iteration: 6
--------------------------------------------------------------------------------
    gate        derivative      name       op1       op2       op3        g_unscaled   penalty
   76684        0.00078234        op     26198     26199                  0.06336936        81
   76685        0.00078234        om     26198     26199                  0.06336936        81
   91654        0.00073807        op     37634     37635                  0.12473424       169
   91655        0.00073807        om     37634     37635                  0.12473424       169
     404        0.00069553      a_ia       404                            0.02225687        32
     433        0.00069444      a_ia       433                            0.02222211        32
     694        0.00067427      a_ia       694                            0.00404559         6
   37634        0.00067424    a_iajb     37634                            0.12473424       185
   70100        0.00066487        op     21168     21169                  0.10704344       161
   70101        0.00066487        om     21168     21169                  0.10704344       161

  ==> Add operator: op -1: 26198 26199
  ==> Current qubit order: 0  1  2  3  4  5  6  7  8  9  10  11  14  15  16  17  18  19  20  21  24  25  23  22  44  45  26  27  28  29  30  31  32  33  12  13  42  43  34  35  36  37  38  39  40  41  46  47  48  49  50  51  52  53  54  55  56  57  58  59  60  61  62  63  64  65  66  67  68  69  70  71  


  ==> Energy                -164.938628567
  ==> dE                       -4.99e-04
  ==> Gradient Norm             2.86e+00
  ==> Abs. Max. Deriv.          1.25e-01
  ==> Time-Grad. (s)               0.912
  ==> Time-Energy (s)              0.013
  ==> Time-Iter. (s)               0.925

--------------------------------------------------------------------------------
CEO-ADAPT-VQE iteration: 7
--------------------------------------------------------------------------------
    gate        derivative      name       op1       op2       op3        g_unscaled   penalty
     404        0.00539566      a_ia       404                            0.02158262         4
     433        0.00538698      a_ia       433                            0.02154790         4
     401        0.00105790      a_ia       401                            0.01269481        12
     430        0.00105406      a_ia       430                            0.01264866        12
   99886        0.00098613        op     44006     44007                  0.05620961        57
   99887        0.00098613        om     44006     44007                  0.05620961        57
   76800        0.00083007        op     26314     26315                  0.06723554        81
   76801        0.00083007        om     26314     26315                  0.06723554        81
   44006        0.00076999    a_iajb     44006                            0.05620961        73
   91654        0.00073807        op     37634     37635                  0.12473424       169

  ==> Add operator: a_ia 404
  ==> Current qubit order: 0  1  2  3  4  5  6  7  8  9  10  11  14  15  16  17  18  19  20  21  24  25  23  22  44  45  26  27  28  29  30  31  32  33  13  12  42  43  34  35  36  37  38  39  40  41  46  47  48  49  50  51  52  53  54  55  56  57  58  59  60  61  62  63  64  65  66  67  68  69  70  71  


  ==> Energy                -164.938750104
  ==> dE                       -1.22e-04
  ==> Gradient Norm             2.85e+00
  ==> Abs. Max. Deriv.          1.25e-01
  ==> Time-Grad. (s)               0.837
  ==> Time-Energy (s)              0.010
  ==> Time-Iter. (s)               0.847

--------------------------------------------------------------------------------
CEO-ADAPT-VQE iteration: 8
--------------------------------------------------------------------------------
    gate        derivative      name       op1       op2       op3        g_unscaled   penalty
     433        0.00335911      a_ia       433                            0.02015464         6
     401        0.00134519      a_ia       401                            0.01345194        10
   99886        0.00097241        op     44006     44007                  0.05542711        57
   99887        0.00097241        om     44006     44007                  0.05542711        57
     430        0.00087946      a_ia       430                            0.01231246        14
   76800        0.00082099        op     26314     26315                  0.06650014        81
   76801        0.00082099        om     26314     26315                  0.06650014        81
   44006        0.00075928    a_iajb     44006                            0.05542711        73
   91654        0.00073807        op     37634     37635                  0.12473424       169
   91655        0.00073807        om     37634     37635                  0.12473424       169

  ==> Add operator: a_ia 433
  ==> Current qubit order: 0  1  2  3  4  5  6  7  8  9  10  11  14  15  16  17  18  19  20  21  24  25  23  22  44  45  26  27  28  29  30  31  32  33  12  42  13  43  34  35  36  37  38  39  40  41  46  47  48  49  50  51  52  53  54  55  56  57  58  59  60  61  62  63  64  65  66  67  68  69  70  71  


  ==> Energy                -164.938856909
  ==> dE                       -1.07e-04
  ==> Gradient Norm             2.85e+00
  ==> Abs. Max. Deriv.          1.25e-01
  ==> Time-Grad. (s)               0.864
  ==> Time-Energy (s)              0.013
  ==> Time-Iter. (s)               0.877

--------------------------------------------------------------------------------
CEO-ADAPT-VQE iteration: 9
--------------------------------------------------------------------------------
    gate        derivative      name       op1       op2       op3        g_unscaled   penalty
     430        0.00130442      a_ia       430                            0.01304416        10
     401        0.00109232      a_ia       401                            0.01310787        12
   99886        0.00099606        op     44006     44007                  0.05478326        55
   99887        0.00099606        om     44006     44007                  0.05478326        55
   76800        0.00083418        op     26314     26315                  0.06590045        79
   76801        0.00083418        om     26314     26315                  0.06590045        79
   44006        0.00077160    a_iajb     44006                            0.05478326        71
   91654        0.00073807        op     37634     37635                  0.12473424       169
   91655        0.00073807        om     37634     37635                  0.12473424       169
   26314        0.00069369    a_iajb     26314                            0.06590045        95

  ==> Add operator: a_ia 430
  ==> Current qubit order: 0  1  2  3  4  5  6  7  8  9  10  11  14  15  16  17  18  19  20  21  24  25  23  22  44  45  26  27  28  29  30  31  32  33  12  42  43  34  35  36  13  37  38  39  40  41  46  47  48  49  50  51  52  53  54  55  56  57  58  59  60  61  62  63  64  65  66  67  68  69  70  71  


  ==> Energy                -164.938911774
  ==> dE                       -5.49e-05
  ==> Gradient Norm             2.85e+00
  ==> Abs. Max. Deriv.          1.25e-01
  ==> Time-Grad. (s)               0.951
  ==> Time-Energy (s)              0.012
  ==> Time-Iter. (s)               0.962

--------------------------------------------------------------------------------
CEO-ADAPT-VQE iteration: 10
--------------------------------------------------------------------------------
    gate        derivative      name       op1       op2       op3        g_unscaled   penalty
     401        0.00128474      a_ia       401                            0.01284741        10
   99886        0.00103356        op     44006     44007                  0.05477857        53
   99887        0.00103356        om     44006     44007                  0.05477857        53
   76800        0.00092577        op     26314     26315                  0.06572989        71
   76801        0.00092577        om     26314     26315                  0.06572989        71
   44006        0.00079389    a_iajb     44006                            0.05477857        69
   26314        0.00075552    a_iajb     26314                            0.06572989        87
   91654        0.00073807        op     37634     37635                  0.12473424       169
   91655        0.00073807        om     37634     37635                  0.12473424       169
   37634        0.00067424    a_iajb     37634                            0.12473424       185

  ==> Add operator: a_ia 401
  ==> Current qubit order: 0  1  2  3  4  5  6  7  8  9  10  11  14  15  16  17  18  19  20  21  24  25  23  22  44  45  26  27  28  29  30  31  32  33  42  43  34  35  12  36  13  37  38  39  40  41  46  47  48  49  50  51  52  53  54  55  56  57  58  59  60  61  62  63  64  65  66  67  68  69  70  71  


  ==> Energy                -164.938964995
  ==> dE                       -5.32e-05
  ==> Gradient Norm             2.85e+00
  ==> Abs. Max. Deriv.          1.25e-01
  ==> Time-Grad. (s)               0.889
  ==> Time-Energy (s)              0.011
  ==> Time-Iter. (s)               0.900

--------------------------------------------------------------------------------
CEO-ADAPT-VQE iteration: 11
--------------------------------------------------------------------------------
    gate        derivative      name       op1       op2       op3        g_unscaled   penalty
   99886        0.00111783        op     44006     44007                  0.05477389        49
   99887        0.00111783        om     44006     44007                  0.05477389        49
   76800        0.00104070        op     26314     26315                  0.06556403        63
   76801        0.00104070        om     26314     26315                  0.06556403        63
   44006        0.00084268    a_iajb     44006                            0.05477389        65
   26314        0.00082992    a_iajb     26314                            0.06556403        79
   91654        0.00073807        op     37634     37635                  0.12473424       169
   91655        0.00073807        om     37634     37635                  0.12473424       169
   37634        0.00067424    a_iajb     37634                            0.12473424       185
   70100        0.00066487        op     21168     21169                  0.10704344       161

  ==> Add operator: op -1: 44006 44007
  ==> Current qubit order: 0  1  2  3  4  5  6  7  8  9  10  11  14  15  16  17  18  19  20  21  24  25  23  22  44  45  28  29  26  27  42  43  30  31  32  33  34  35  12  36  13  37  38  39  40  41  46  47  48  49  50  51  52  53  54  55  56  57  58  59  60  61  62  63  64  65  66  67  68  69  70  71  


  ==> Energy                -164.939429142
  ==> dE                       -4.64e-04
  ==> Gradient Norm             2.85e+00
  ==> Abs. Max. Deriv.          1.25e-01
  ==> Time-Grad. (s)               0.995
  ==> Time-Energy (s)              0.016
  ==> Time-Iter. (s)               1.011

--------------------------------------------------------------------------------
CEO-ADAPT-VQE iteration: 12
--------------------------------------------------------------------------------
    gate        derivative      name       op1       op2       op3        g_unscaled   penalty
   99302       -0.00106099        op     43518     43519                 -0.04350070        41
   99303       -0.00106099        om     43518     43519                 -0.04350070        41
   98796       -0.00106099        op     43087     43088                 -0.04350044        41
   98797       -0.00106099        om     43087     43088                 -0.04350044        41
   76800        0.00104212        op     26314     26315                  0.06565355        63
   76801        0.00104212        om     26314     26315                  0.06565355        63
   26314        0.00083106    a_iajb     26314                            0.06565355        79
   43518       -0.00076317    a_iajb     43518                           -0.04350070        57
   43087       -0.00076317    a_iajb     43087                           -0.04350044        57
   91654        0.00073807        op     37634     37635                  0.12473424       169

  ==> Add operator: op -1: 43518 43519
  ==> Current qubit order: 0  1  2  3  4  5  6  7  8  9  10  11  14  15  16  17  18  19  20  21  24  23  22  44  45  28  29  25  26  42  43  27  30  31  32  33  34  35  12  36  13  37  38  39  40  41  46  47  48  49  50  51  52  53  54  55  56  57  58  59  60  61  62  63  64  65  66  67  68  69  70  71  


  ==> Energy                -164.939708127
  ==> dE                       -2.79e-04
  ==> Gradient Norm             2.85e+00
  ==> Abs. Max. Deriv.          1.25e-01
  ==> Time-Grad. (s)               0.975
  ==> Time-Energy (s)              0.010
  ==> Time-Iter. (s)               0.985

--------------------------------------------------------------------------------
CEO-ADAPT-VQE iteration: 13
--------------------------------------------------------------------------------
    gate        derivative      name       op1       op2       op3        g_unscaled   penalty
   76800        0.00104218        op     26314     26315                  0.06565724        63
   76801        0.00104218        om     26314     26315                  0.06565724        63
     761       -0.00091294      a_ia       761                           -0.00182589         2
   26314        0.00083110    a_iajb     26314                            0.06565724        79
   98796       -0.00081581        op     43087     43088                 -0.03997486        49
   98797       -0.00081581        om     43087     43088                 -0.03997486        49
     783       -0.00074306      a_ia       783                           -0.00148613         2
   98574        0.00073919        op     42886     42887                  0.03622044        49
   98575        0.00073919        om     42886     42887                  0.03622044        49
   91654        0.00073807        op     37634     37635                  0.12473424       169

  ==> Add operator: op -1: 26314 26315
  ==> Current qubit order: 0  1  2  3  4  5  6  7  8  9  10  11  14  15  16  17  18  19  20  21  24  23  22  44  45  28  29  25  26  42  43  27  30  31  32  33  34  35  36  37  38  39  40  41  12  13  50  51  46  47  48  49  52  53  54  55  56  57  58  59  60  61  62  63  64  65  66  67  68  69  70  71  


  ==> Energy                -164.940072823
  ==> dE                       -3.65e-04
  ==> Gradient Norm             2.85e+00
  ==> Abs. Max. Deriv.          1.25e-01
  ==> Time-Grad. (s)               1.041
  ==> Time-Energy (s)              0.018
  ==> Time-Iter. (s)               1.059

--------------------------------------------------------------------------------
CEO-ADAPT-VQE iteration: 14
--------------------------------------------------------------------------------
    gate        derivative      name       op1       op2       op3        g_unscaled   penalty
     437        0.00187198      a_ia       437                            0.00748792         4
     408        0.00186870      a_ia       408                            0.00747478         4
     432       -0.00149150      a_ia       432                           -0.00596601         4
     403       -0.00148702      a_ia       403                           -0.00594808         4
     761       -0.00095119      a_ia       761                           -0.00190237         2
   98796       -0.00082288        op     43087     43088                 -0.04032122        49
   98797       -0.00082288        om     43087     43088                 -0.04032122        49
     783       -0.00078114      a_ia       783                           -0.00156228         2
   91654        0.00073807        op     37634     37635                  0.12473424       169
   91655        0.00073807        om     37634     37635                  0.12473424       169

  ==> Add operator: a_ia 437
  ==> Current qubit order: 0  1  2  3  4  5  6  7  8  9  10  11  14  15  16  17  18  19  20  21  24  23  22  44  45  28  29  25  26  42  43  27  30  31  32  33  34  35  36  37  38  39  40  41  12  50  13  51  46  47  48  49  52  53  54  55  56  57  58  59  60  61  62  63  64  65  66  67  68  69  70  71  


  ==> Energy                -164.940082783
  ==> dE                       -9.96e-06
  ==> Gradient Norm             2.85e+00
  ==> Abs. Max. Deriv.          1.25e-01
  ==> Time-Grad. (s)               0.988
  ==> Time-Energy (s)              0.010
  ==> Time-Iter. (s)               0.998

--------------------------------------------------------------------------------
CEO-ADAPT-VQE iteration: 15
--------------------------------------------------------------------------------
    gate        derivative      name       op1       op2       op3        g_unscaled   penalty
     408        0.00356515      a_ia       408                            0.00713030         2
     403       -0.00147679      a_ia       403                           -0.00590716         4
     432       -0.00100433      a_ia       432                           -0.00602600         6
     761       -0.00094967      a_ia       761                           -0.00189934         2
   98796       -0.00082282        op     43087     43088                 -0.04031833        49
   98797       -0.00082282        om     43087     43088                 -0.04031833        49
     783       -0.00081128      a_ia       783                           -0.00162255         2
   91654        0.00073807        op     37634     37635                  0.12473424       169
   91655        0.00073807        om     37634     37635                  0.12473424       169
   98574        0.00073600        op     42886     42887                  0.03606418        49

  ==> Add operator: a_ia 408
  ==> Current qubit order: 0  1  2  3  4  5  6  7  8  9  10  11  14  15  16  17  18  19  20  21  24  23  22  44  45  28  29  25  26  42  43  27  30  31  32  33  34  35  36  37  38  39  40  41  12  50  13  51  46  47  48  49  52  53  54  55  56  57  58  59  60  61  62  63  64  65  66  67  68  69  70  71  


  ==> Energy                -164.940091815
  ==> dE                       -9.03e-06
  ==> Gradient Norm             2.85e+00
  ==> Abs. Max. Deriv.          1.25e-01
  ==> Time-Grad. (s)               1.083
  ==> Time-Energy (s)              0.013
  ==> Time-Iter. (s)               1.097

--------------------------------------------------------------------------------
CEO-ADAPT-VQE iteration: 16
--------------------------------------------------------------------------------
    gate        derivative      name       op1       op2       op3        g_unscaled   penalty
     403       -0.00149112      a_ia       403                           -0.00596448         4
     432       -0.00099786      a_ia       432                           -0.00598713         6
     761       -0.00097837      a_ia       761                           -0.00195673         2
   98796       -0.00082272        op     43087     43088                 -0.04031336        49
   98797       -0.00082272        om     43087     43088                 -0.04031336        49
     783       -0.00080983      a_ia       783                           -0.00161966         2
   91654        0.00073807        op     37634     37635                  0.12473424       169
   91655        0.00073807        om     37634     37635                  0.12473424       169
   98574        0.00073593        op     42886     42887                  0.03606046        49
   98575        0.00073593        om     42886     42887                  0.03606046        49

  ==> Add operator: a_ia 403
  ==> Current qubit order: 0  1  2  3  4  5  6  7  8  9  10  11  14  15  16  17  18  19  20  21  24  23  22  44  45  28  29  25  26  42  43  27  30  31  32  33  34  35  36  37  38  39  41  40  12  50  13  51  46  47  48  49  52  53  54  55  56  57  58  59  60  61  62  63  64  65  66  67  68  69  70  71  


  ==> Energy                -164.940100341
  ==> dE                       -8.53e-06
  ==> Gradient Norm             2.85e+00
  ==> Abs. Max. Deriv.          1.25e-01
  ==> Time-Grad. (s)               1.120
  ==> Time-Energy (s)              0.012
  ==> Time-Iter. (s)               1.132

--------------------------------------------------------------------------------
CEO-ADAPT-VQE iteration: 17
--------------------------------------------------------------------------------
    gate        derivative      name       op1       op2       op3        g_unscaled   penalty
     761       -0.00101895      a_ia       761                           -0.00203789         2
   98796       -0.00082267        op     43087     43088                 -0.04031101        49
   98797       -0.00082267        om     43087     43088                 -0.04031101        49
     783       -0.00081052      a_ia       783                           -0.00162103         2
     432       -0.00074417      a_ia       432                           -0.00595333         8
   91654        0.00073807        op     37634     37635                  0.12473424       169
   91655        0.00073807        om     37634     37635                  0.12473424       169
   98574        0.00073590        op     42886     42887                  0.03605912        49
   98575        0.00073590        om     42886     42887                  0.03605912        49
   76822        0.00072495        op     26336     26337                  0.03407270        47

  ==> Add operator: a_ia 761
  ==> Current qubit order: 0  1  2  3  4  5  6  7  8  9  10  11  14  15  16  17  18  19  20  21  24  23  22  44  45  28  29  25  26  42  43  27  30  31  32  33  34  35  36  37  38  39  41  40  12  50  13  51  46  47  48  49  52  53  54  55  56  57  58  59  60  61  62  63  64  65  66  67  68  69  70  71  


  ==> Energy                -164.940101710
  ==> dE                       -1.37e-06
  ==> Gradient Norm             2.85e+00
  ==> Abs. Max. Deriv.          1.25e-01
  ==> Time-Grad. (s)               1.068
  ==> Time-Energy (s)              0.018
  ==> Time-Iter. (s)               1.086

--------------------------------------------------------------------------------
CEO-ADAPT-VQE iteration: 18
--------------------------------------------------------------------------------
    gate        derivative      name       op1       op2       op3        g_unscaled   penalty
     432       -0.00074421      a_ia       432                           -0.00595369         8
   91654        0.00073807        op     37634     37635                  0.12473424       169
   91655        0.00073807        om     37634     37635                  0.12473424       169
     783       -0.00073734      a_ia       783                           -0.00147467         2
   76822        0.00072495        op     26336     26337                  0.03407264        47
   76823        0.00072495        om     26336     26337                  0.03407264        47
   76878        0.00070052        op     26392     26393                  0.06654977        95
   76879        0.00070052        om     26392     26393                  0.06654977        95
   86672        0.00068238        op     33732     33733                  0.03616590        53
   86673        0.00068238        om     33732     33733                  0.03616590        53

  ==> Add operator: a_ia 432
  ==> Current qubit order: 0  1  2  3  4  5  6  7  8  9  10  11  14  15  16  17  18  19  20  21  24  23  22  44  45  28  29  25  26  42  43  27  30  31  32  33  34  35  36  37  38  39  40  12  50  41  13  51  46  47  48  49  52  53  54  55  56  57  58  59  60  61  62  63  64  65  66  67  68  69  70  71  


  ==> Energy                -164.940110206
  ==> dE                       -8.50e-06
  ==> Gradient Norm             2.85e+00
  ==> Abs. Max. Deriv.          1.25e-01
  ==> Time-Grad. (s)               1.177
  ==> Time-Energy (s)              0.014
  ==> Time-Iter. (s)               1.191

--------------------------------------------------------------------------------
CEO-ADAPT-VQE iteration: 19
--------------------------------------------------------------------------------
    gate        derivative      name       op1       op2       op3        g_unscaled   penalty
     783       -0.00077786      a_ia       783                           -0.00155573         2
   91654        0.00073807        op     37634     37635                  0.12473424       169
   91655        0.00073807        om     37634     37635                  0.12473424       169
   76822        0.00069596        op     26336     26337                  0.03410218        49
   76823        0.00069596        om     26336     26337                  0.03410218        49
   76878        0.00068646        op     26392     26393                  0.06658673        97
   76879        0.00068646        om     26392     26393                  0.06658673        97
   86672        0.00068237        op     33732     33733                  0.03616587        53
   86673        0.00068237        om     33732     33733                  0.03616587        53
   37634        0.00067424    a_iajb     37634                            0.12473424       185

  ==> Add operator: a_ia 783
  ==> Current qubit order: 0  1  2  3  4  5  6  7  8  9  10  11  14  15  16  17  18  19  20  21  24  23  22  44  45  28  29  25  26  42  43  27  30  31  32  33  34  35  36  37  38  39  40  12  50  41  13  51  46  47  48  49  52  53  54  55  56  57  58  59  60  61  62  63  64  65  66  67  68  69  70  71  


  ==> Energy                -164.940111004
  ==> dE                       -7.98e-07
  ==> Gradient Norm             2.85e+00
  ==> Abs. Max. Deriv.          1.25e-01
  ==> Time-Grad. (s)               1.310
  ==> Time-Energy (s)              0.019
  ==> Time-Iter. (s)               1.329

--------------------------------------------------------------------------------
CEO-ADAPT-VQE iteration: 20
--------------------------------------------------------------------------------
    gate        derivative      name       op1       op2       op3        g_unscaled   penalty
   91654        0.00073807        op     37634     37635                  0.12473424       169
   91655        0.00073807        om     37634     37635                  0.12473424       169
   76822        0.00069596        op     26336     26337                  0.03410213        49
   76823        0.00069596        om     26336     26337                  0.03410213        49
   76878        0.00068646        op     26392     26393                  0.06658668        97
   76879        0.00068646        om     26392     26393                  0.06658668        97
   86672        0.00068237        op     33732     33733                  0.03616587        53
   86673        0.00068237        om     33732     33733                  0.03616587        53
   37634        0.00067424    a_iajb     37634                            0.12473424       185
   70100        0.00063339        op     21168     21169                  0.10704344       169

  ==> Add operator: op -1: 37634 37635
  ==> Current qubit order: 0  1  2  3  4  5  6  7  8  9  10  11  14  15  16  17  20  21  24  23  22  44  45  28  29  25  26  42  43  27  30  31  32  33  34  18  19  54  55  35  36  37  38  39  40  12  50  41  13  51  46  47  48  49  52  53  56  57  58  59  60  61  62  63  64  65  66  67  68  69  70  71  


  ==> Energy                -164.941509693
  ==> dE                       -1.40e-03
  ==> Gradient Norm             2.85e+00
  ==> Abs. Max. Deriv.          1.25e-01
  ==> Time-Grad. (s)               1.276
  ==> Time-Energy (s)              0.026
  ==> Time-Iter. (s)               1.302

--------------------------------------------------------------------------------
CEO-ADAPT-VQE iteration: 21
--------------------------------------------------------------------------------
    gate        derivative      name       op1       op2       op3        g_unscaled   penalty
   93006       -0.00101937        op     38665     38666                 -0.03975550        39
   93007       -0.00101937        om     38665     38666                 -0.03975550        39
   86672        0.00080369        op     33732     33733                  0.03616587        45
   86673        0.00080369        om     33732     33733                  0.03616587        45
   94568       -0.00076461        op     39896     39898                 -0.05122870        67
   39896       -0.00076138    a_iajb     39896                           -0.05101275        67
   94564       -0.00076138        op     39896     39897                 -0.05101275        67
   94565       -0.00076138        om     39896     39897                 -0.05101275        67
   94569       -0.00075816        om     39896     39898                 -0.05079680        67
   76878        0.00074816        op     26392     26393                  0.06658668        89

  ==> Add operator: op -1: 38665 38666
  ==> Current qubit order: 0  1  2  3  4  5  6  7  8  9  10  11  14  15  16  17  20  21  24  23  22  44  45  28  29  25  26  42  43  30  31  32  33  34  27  18  54  55  19  35  36  37  38  39  40  12  50  41  13  51  46  47  48  49  52  53  56  57  58  59  60  61  62  63  64  65  66  67  68  69  70  71  


  ==> Energy                -164.941654269
  ==> dE                       -1.45e-04
  ==> Gradient Norm             2.84e+00
  ==> Abs. Max. Deriv.          1.07e-01
  ==> Time-Grad. (s)               1.286
  ==> Time-Energy (s)              0.038
  ==> Time-Iter. (s)               1.324

--------------------------------------------------------------------------------
CEO-ADAPT-VQE iteration: 22
--------------------------------------------------------------------------------
    gate        derivative      name       op1       op2       op3        g_unscaled   penalty
   86672        0.00080369        op     33732     33733                  0.03616587        45
   86673        0.00080369        om     33732     33733                  0.03616587        45
   92941        0.00077677        om     38599     38600                  0.04582950        59
   38599        0.00077276    a_iajb     38599                            0.04559271        59
   92940        0.00076874        op     38599     38600                  0.04535593        59
   76878        0.00074816        op     26392     26393                  0.06658668        89
   76879        0.00074816        om     26392     26393                  0.06658668        89
   86786        0.00069952        op     33846     33847                  0.07344970       105
   86787        0.00069952        om     33846     33847                  0.07344970       105
     789        0.00069878      a_ia       789                            0.00419269         6

  ==> Add operator: op -1: 33732 33733
  ==> Current qubit order: 0  1  2  3  4  5  6  7  8  9  10  11  14  15  20  21  16  17  44  45  24  23  22  28  29  25  26  42  43  30  31  32  33  34  27  18  54  55  19  35  36  37  38  39  40  12  50  41  13  51  46  47  48  49  52  53  56  57  58  59  60  61  62  63  64  65  66  67  68  69  70  71  


  ==> Energy                -164.941819638
  ==> dE                       -1.65e-04
  ==> Gradient Norm             2.84e+00
  ==> Abs. Max. Deriv.          1.07e-01
  ==> Time-Grad. (s)               1.562
  ==> Time-Energy (s)              0.029
  ==> Time-Iter. (s)               1.591

--------------------------------------------------------------------------------
CEO-ADAPT-VQE iteration: 23
--------------------------------------------------------------------------------
    gate        derivative      name       op1       op2       op3        g_unscaled   penalty
     694        0.00090283      a_ia       694                            0.00361134         4
   70074        0.00086080        op     21142     21143                  0.04217927        49
   70075        0.00086080        om     21142     21143                  0.04217927        49
   92941        0.00077677        om     38599     38600                  0.04582951        59
   38599        0.00077276    a_iajb     38599                            0.04559271        59
   92940        0.00076874        op     38599     38600                  0.04535592        59
   86786        0.00075613        op     33846     33847                  0.07334503        97
   86787        0.00075613        om     33846     33847                  0.07334503        97
   61402        0.00074982        op     14498     14499                  0.04273997        57
   61403        0.00074982        om     14498     14499                  0.04273997        57

  ==> Add operator: a_ia 694
  ==> Current qubit order: 0  1  2  3  4  5  6  7  8  9  10  11  14  15  20  21  16  17  44  24  45  23  22  28  29  25  26  42  43  30  31  32  33  34  27  18  54  55  19  35  36  37  38  39  40  12  50  41  13  51  46  47  48  49  52  53  56  57  58  59  60  61  62  63  64  65  66  67  68  69  70  71  


  ==> Energy                -164.941823477
  ==> dE                       -3.84e-06
  ==> Gradient Norm             2.84e+00
  ==> Abs. Max. Deriv.          1.07e-01
  ==> Time-Grad. (s)               1.440
  ==> Time-Energy (s)              0.035
  ==> Time-Iter. (s)               1.476

--------------------------------------------------------------------------------
CEO-ADAPT-VQE iteration: 24
--------------------------------------------------------------------------------
    gate        derivative      name       op1       op2       op3        g_unscaled   penalty
   70074        0.00082664        op     21142     21143                  0.04215872        51
   70075        0.00082664        om     21142     21143                  0.04215872        51
   92941        0.00077677        om     38599     38600                  0.04582943        59
   38599        0.00077276    a_iajb     38599                            0.04559260        59
   92940        0.00076874        op     38599     38600                  0.04535577        59
   86786        0.00075613        op     33846     33847                  0.07334499        97
   86787        0.00075613        om     33846     33847                  0.07334499        97
   76878        0.00074824        op     26392     26393                  0.06659363        89
   76879        0.00074824        om     26392     26393                  0.06659363        89
   86634        0.00074055        op     33694     33695                  0.04517336        61

  ==> Add operator: op -1: 21142 21143
  ==> Current qubit order: 0  1  2  3  4  5  6  7  8  9  14  15  20  21  10  11  44  45  16  17  24  23  22  28  29  25  26  42  43  30  31  32  33  34  27  18  54  55  19  35  36  37  38  39  40  12  50  41  13  51  46  47  48  49  52  53  56  57  58  59  60  61  62  63  64  65  66  67  68  69  70  71  


  ==> Energy                -164.942005837
  ==> dE                       -1.82e-04
  ==> Gradient Norm             2.84e+00
  ==> Abs. Max. Deriv.          1.07e-01
  ==> Time-Grad. (s)               1.548
  ==> Time-Energy (s)              0.064
  ==> Time-Iter. (s)               1.613

--------------------------------------------------------------------------------
CEO-ADAPT-VQE iteration: 25
--------------------------------------------------------------------------------
    gate        derivative      name       op1       op2       op3        g_unscaled   penalty
     346       -0.00085336      a_ia       346                           -0.00341343         4
   86634        0.00085222        op     33694     33695                  0.04516758        53
   86635        0.00085222        om     33694     33695                  0.04516758        53
     376       -0.00085094      a_ia       376                           -0.00340377         4
   61402        0.00083689        op     14498     14499                  0.04100757        49
   61403        0.00083689        om     14498     14499                  0.04100757        49
   86786        0.00082391        op     33846     33847                  0.07332772        89
   86787        0.00082391        om     33846     33847                  0.07332772        89
   92941        0.00077691        om     38599     38600                  0.04583759        59
   38599        0.00077280    a_iajb     38599                            0.04559507        59

  ==> Add operator: a_ia 346
  ==> Current qubit order: 0  1  2  3  4  5  6  7  8  9  14  15  20  21  11  10  44  45  16  17  24  23  22  28  29  25  26  42  43  30  31  32  33  34  27  18  54  55  19  35  36  37  38  39  40  12  50  41  13  51  46  47  48  49  52  53  56  57  58  59  60  61  62  63  64  65  66  67  68  69  70  71  


  ==> Energy                -164.942008468
  ==> dE                       -2.63e-06
  ==> Gradient Norm             2.84e+00
  ==> Abs. Max. Deriv.          1.05e-01
  ==> Time-Grad. (s)               1.594
  ==> Time-Energy (s)              0.046
  ==> Time-Iter. (s)               1.641

--------------------------------------------------------------------------------
CEO-ADAPT-VQE iteration: 26
--------------------------------------------------------------------------------
    gate        derivative      name       op1       op2       op3        g_unscaled   penalty
   86634        0.00085222        op     33694     33695                  0.04516752        53
   86635        0.00085222        om     33694     33695                  0.04516752        53
   61402        0.00083646        op     14498     14499                  0.04098632        49
   61403        0.00083646        om     14498     14499                  0.04098632        49
   86786        0.00082391        op     33846     33847                  0.07332781        89
   86787        0.00082391        om     33846     33847                  0.07332781        89
   92941        0.00077691        om     38599     38600                  0.04583748        59
   38599        0.00077280    a_iajb     38599                            0.04559499        59
   92940        0.00076869        op     38599     38600                  0.04535251        59
   76878        0.00074809        op     26392     26393                  0.06658035        89

  ==> Add operator: op -1: 33694 33695
  ==> Current qubit order: 0  1  2  3  4  5  6  7  8  9  14  15  20  21  11  10  44  45  24  23  22  16  17  42  43  28  29  25  26  30  31  32  33  34  27  18  54  55  19  35  36  37  38  39  40  12  50  41  13  51  46  47  48  49  52  53  56  57  58  59  60  61  62  63  64  65  66  67  68  69  70  71  


  ==> Energy                -164.942301236
  ==> dE                       -2.93e-04
  ==> Gradient Norm             2.84e+00
  ==> Abs. Max. Deriv.          1.05e-01
  ==> Time-Grad. (s)               1.701
  ==> Time-Energy (s)              0.048
  ==> Time-Iter. (s)               1.749

--------------------------------------------------------------------------------
CEO-ADAPT-VQE iteration: 27
--------------------------------------------------------------------------------
    gate        derivative      name       op1       op2       op3        g_unscaled   penalty
   86786        0.00094652        op     33846     33847                  0.07288223        77
   86787        0.00094652        om     33846     33847                  0.07288223        77
   61402        0.00083657        op     14498     14499                  0.04099186        49
   61403        0.00083657        om     14498     14499                  0.04099186        49
   33846        0.00078368    a_iajb     33846                            0.07288223        93
   76878        0.00074815        op     26392     26393                  0.06658516        89
   76879        0.00074815        om     26392     26393                  0.06658516        89
   94386       -0.00070878        op     39766     39767                 -0.03898264        55
   94387       -0.00070878        om     39766     39767                 -0.03898264        55
     789        0.00070673      a_ia       789                            0.00424036         6

  ==> Add operator: op -1: 33846 33847
  ==> Current qubit order: 0  1  2  3  4  5  6  7  8  9  14  15  20  21  11  10  44  45  24  23  22  42  43  28  29  25  26  16  17  54  55  30  31  32  33  34  27  18  19  35  36  37  38  39  40  12  50  41  13  51  46  47  48  49  52  53  56  57  58  59  60  61  62  63  64  65  66  67  68  69  70  71  


  ==> Energy                -164.942748733
  ==> dE                       -4.47e-04
  ==> Gradient Norm             2.83e+00
  ==> Abs. Max. Deriv.          1.05e-01
  ==> Time-Grad. (s)               1.775
  ==> Time-Energy (s)              0.152
  ==> Time-Iter. (s)               1.927

--------------------------------------------------------------------------------
CEO-ADAPT-VQE iteration: 28
--------------------------------------------------------------------------------
    gate        derivative      name       op1       op2       op3        g_unscaled   penalty
     522       -0.00093371      a_ia       522                           -0.00373484         4
     549       -0.00085813      a_ia       549                           -0.00343251         4
   61402        0.00083670        op     14498     14499                  0.04099822        49
   61403        0.00083670        om     14498     14499                  0.04099822        49
   90778       -0.00079787        op     36977     36978                 -0.02154257        27
   90779       -0.00079787        om     36977     36978                 -0.02154257        27
     767        0.00077937      a_ia       767                            0.00467624         6
   76878        0.00074814        op     26392     26393                  0.06658479        89
   76879        0.00074814        om     26392     26393                  0.06658479        89
     669        0.00070575      a_ia       669                            0.00141149         2

  ==> Add operator: a_ia 522
  ==> Current qubit order: 0  1  2  3  4  5  6  7  8  9  14  15  20  21  11  10  44  45  24  23  22  42  43  28  29  25  26  17  16  54  55  30  31  32  33  34  27  18  19  35  36  37  38  39  40  12  50  41  13  51  46  47  48  49  52  53  56  57  58  59  60  61  62  63  64  65  66  67  68  69  70  71  


  ==> Energy                -164.942751149
  ==> dE                       -2.42e-06
  ==> Gradient Norm             2.83e+00
  ==> Abs. Max. Deriv.          1.05e-01
  ==> Time-Grad. (s)               1.951
  ==> Time-Energy (s)              0.105
  ==> Time-Iter. (s)               2.057

--------------------------------------------------------------------------------
CEO-ADAPT-VQE iteration: 29
--------------------------------------------------------------------------------
    gate        derivative      name       op1       op2       op3        g_unscaled   penalty
   61402        0.00083670        op     14498     14499                  0.04099840        49
   61403        0.00083670        om     14498     14499                  0.04099840        49
     767        0.00077553      a_ia       767                            0.00465317         6
   76878        0.00074814        op     26392     26393                  0.06658479        89
   76879        0.00074814        om     26392     26393                  0.06658479        89
   76822        0.00069712        op     26336     26337                  0.03415866        49
   76823        0.00069712        om     26336     26337                  0.03415866        49
     669        0.00069412      a_ia       669                            0.00138824         2
   61356        0.00067033        op     14452     14453                  0.04625281        69
   61357        0.00067033        om     14452     14453                  0.04625281        69

  ==> Add operator: op -1: 14498 14499
  ==> Current qubit order: 0  1  2  3  4  5  6  7  14  15  8  9  44  45  20  21  11  10  24  23  22  42  43  28  29  25  26  17  16  54  55  30  31  32  33  34  27  18  19  35  36  37  38  39  40  12  50  41  13  51  46  47  48  49  52  53  56  57  58  59  60  61  62  63  64  65  66  67  68  69  70  71  


  ==> Energy                -164.942933151
  ==> dE                       -1.82e-04
  ==> Gradient Norm             2.83e+00
  ==> Abs. Max. Deriv.          1.05e-01
  ==> Time-Grad. (s)               2.382
  ==> Time-Energy (s)              0.096
  ==> Time-Iter. (s)               2.477

--------------------------------------------------------------------------------
CEO-ADAPT-VQE iteration: 30
--------------------------------------------------------------------------------
    gate        derivative      name       op1       op2       op3        g_unscaled   penalty
     345        0.00094662      a_ia       345                            0.00757299         8
     767        0.00077519      a_ia       767                            0.00465111         6
   61356        0.00075528        op     14452     14453                  0.04607202        61
   61357        0.00075528        om     14452     14453                  0.04607202        61
   76878        0.00074822        op     26392     26393                  0.06659153        89
   76879        0.00074822        om     26392     26393                  0.06659153        89
   62708        0.00074227        op     15582     15583                  0.02152586        29
   62709        0.00074227        om     15582     15583                  0.02152586        29
   66788        0.00074212        op     18687     18688                  0.02152159        29
   66789        0.00074212        om     18687     18688                  0.02152159        29

  ==> Add operator: a_ia 345
  ==> Current qubit order: 0  1  2  3  4  5  6  7  14  15  8  9  44  45  20  21  11  24  23  22  10  42  43  28  29  25  26  17  16  54  55  30  31  32  33  34  27  18  19  35  36  37  38  39  40  12  50  41  13  51  46  47  48  49  52  53  56  57  58  59  60  61  62  63  64  65  66  67  68  69  70  71  


  ==> Energy                -164.942948394
  ==> dE                       -1.52e-05
  ==> Gradient Norm             2.83e+00
  ==> Abs. Max. Deriv.          1.05e-01
  ==> Time-Grad. (s)               2.488
  ==> Time-Energy (s)              0.343
  ==> Time-Iter. (s)               2.831

--------------------------------------------------------------------------------
CEO-ADAPT-VQE iteration: 31
--------------------------------------------------------------------------------
    gate        derivative      name       op1       op2       op3        g_unscaled   penalty
     767        0.00079249      a_ia       767                            0.00475496         6
   61356        0.00075417        op     14452     14453                  0.04600422        61
   61357        0.00075417        om     14452     14453                  0.04600422        61
   76878        0.00074820        op     26392     26393                  0.06659016        89
   76879        0.00074820        om     26392     26393                  0.06659016        89
   62708        0.00074326        op     15582     15583                  0.02155461        29
   62709        0.00074326        om     15582     15583                  0.02155461        29
   66788        0.00074310        op     18687     18688                  0.02154978        29
   66789        0.00074310        om     18687     18688                  0.02154978        29
   70100        0.00071762        op     21168     21169                  0.10548941       147

  ==> Add operator: a_ia 767
  ==> Current qubit order: 0  1  2  3  4  5  6  7  14  15  8  9  44  45  20  21  11  24  23  22  10  42  43  28  29  25  17  16  26  54  55  30  31  32  33  34  27  18  19  35  36  37  38  39  40  12  50  41  13  51  46  47  48  49  52  53  56  57  58  59  60  61  62  63  64  65  66  67  68  69  70  71  


  ==> Energy                -164.942952605
  ==> dE                       -4.21e-06
  ==> Gradient Norm             2.83e+00
  ==> Abs. Max. Deriv.          1.05e-01
  ==> Time-Grad. (s)               3.209
  ==> Time-Energy (s)              0.171
  ==> Time-Iter. (s)               3.380

--------------------------------------------------------------------------------
CEO-ADAPT-VQE iteration: 32
--------------------------------------------------------------------------------
    gate        derivative      name       op1       op2       op3        g_unscaled   penalty
   61356        0.00075416        op     14452     14453                  0.04600374        61
   61357        0.00075416        om     14452     14453                  0.04600374        61
   76878        0.00074820        op     26392     26393                  0.06659016        89
   76879        0.00074820        om     26392     26393                  0.06659016        89
   62708        0.00074325        op     15582     15583                  0.02155421        29
   62709        0.00074325        om     15582     15583                  0.02155421        29
   66788        0.00074308        op     18687     18688                  0.02154941        29
   66789        0.00074308        om     18687     18688                  0.02154941        29
   70100        0.00071762        op     21168     21169                  0.10548941       147
   70101        0.00071762        om     21168     21169                  0.10548941       147

  ==> Add operator: op -1: 14452 14453
  ==> Current qubit order: 0  1  2  3  4  5  6  7  14  15  44  45  20  21  8  9  42  43  11  24  23  22  10  28  29  25  17  16  26  54  55  30  31  32  33  34  27  18  19  35  36  37  38  39  40  12  50  41  13  51  46  47  48  49  52  53  56  57  58  59  60  61  62  63  64  65  66  67  68  69  70  71  


  ==> Energy                -164.943209480
  ==> dE                       -2.57e-04
  ==> Gradient Norm             2.83e+00
  ==> Abs. Max. Deriv.          1.05e-01
  ==> Time-Grad. (s)               4.209
  ==> Time-Energy (s)              0.218
  ==> Time-Iter. (s)               4.427

--------------------------------------------------------------------------------
CEO-ADAPT-VQE iteration: 33
--------------------------------------------------------------------------------
    gate        derivative      name       op1       op2       op3        g_unscaled   penalty
     375        0.00364557      a_ia       375                            0.00729115         2
     284        0.00362459      a_ia       284                            0.01449836         4
     315        0.00353854      a_ia       315                            0.01415415         4
   70100        0.00075892        op     21168     21169                  0.10548938       139
   70101        0.00075892        om     21168     21169                  0.10548938       139
   45484        0.00075642        op      1424      1425                  0.04311595        57
   45485        0.00075642        om      1424      1425                  0.04311595        57
   82242        0.00075178        op     30436     30437                  0.01879447        25
   82243        0.00075178        om     30436     30437                  0.01879447        25
   76878        0.00074825        op     26392     26393                  0.06659453        89

  ==> Add operator: a_ia 375
  ==> Current qubit order: 0  1  2  3  4  5  6  7  14  15  44  45  20  21  8  9  42  43  11  24  23  22  10  28  29  25  17  16  26  54  55  30  31  32  33  34  27  18  19  35  36  37  38  39  40  12  50  41  13  51  46  47  48  49  52  53  56  57  58  59  60  61  62  63  64  65  66  67  68  69  70  71  


  ==> Energy                -164.943223082
  ==> dE                       -1.36e-05
  ==> Gradient Norm             2.83e+00
  ==> Abs. Max. Deriv.          1.05e-01
  ==> Time-Grad. (s)               4.267
  ==> Time-Energy (s)              0.405
  ==> Time-Iter. (s)               4.672

--------------------------------------------------------------------------------
CEO-ADAPT-VQE iteration: 34
--------------------------------------------------------------------------------
    gate        derivative      name       op1       op2       op3        g_unscaled   penalty
     315        0.00359902      a_ia       315                            0.01439606         4
     284        0.00358546      a_ia       284                            0.01434186         4
   70100        0.00075876        op     21168     21169                  0.10546736       139
   70101        0.00075876        om     21168     21169                  0.10546736       139
   45484        0.00075641        op      1424      1425                  0.04311552        57
   45485        0.00075641        om      1424      1425                  0.04311552        57
   82242        0.00075177        op     30436     30437                  0.01879421        25
   82243        0.00075177        om     30436     30437                  0.01879421        25
   76878        0.00074825        op     26392     26393                  0.06659468        89
   76879        0.00074825        om     26392     26393                  0.06659468        89

  ==> Add operator: a_ia 315
  ==> Current qubit order: 0  1  2  3  4  5  6  7  14  15  44  45  20  21  8  42  9  43  11  24  23  22  10  28  29  25  17  16  26  54  55  30  31  32  33  34  27  18  19  35  36  37  38  39  40  12  50  41  13  51  46  47  48  49  52  53  56  57  58  59  60  61  62  63  64  65  66  67  68  69  70  71  


  ==> Energy                -164.943275254
  ==> dE                       -5.22e-05
  ==> Gradient Norm             2.83e+00
  ==> Abs. Max. Deriv.          1.05e-01
  ==> Time-Grad. (s)               4.843
  ==> Time-Energy (s)              0.321
  ==> Time-Iter. (s)               5.164

--------------------------------------------------------------------------------
CEO-ADAPT-VQE iteration: 35
--------------------------------------------------------------------------------
    gate        derivative      name       op1       op2       op3        g_unscaled   penalty
     284        0.00683201      a_ia       284                            0.01366401         2
   70100        0.00075876        op     21168     21169                  0.10546807       139
   70101        0.00075876        om     21168     21169                  0.10546807       139
   45484        0.00075639        op      1424      1425                  0.04311411        57
   45485        0.00075639        om      1424      1425                  0.04311411        57
   82242        0.00075176        op     30436     30437                  0.01879406        25
   82243        0.00075176        om     30436     30437                  0.01879406        25
   76878        0.00074826        op     26392     26393                  0.06659547        89
   76879        0.00074826        om     26392     26393                  0.06659547        89
   76822        0.00069794        op     26336     26337                  0.03419886        49

  ==> Add operator: a_ia 284
  ==> Current qubit order: 0  1  2  3  4  5  6  7  14  15  44  45  20  21  8  42  9  43  11  24  23  22  10  28  29  25  17  16  26  54  55  30  31  32  33  34  27  18  19  35  36  37  38  39  40  12  50  41  13  51  46  47  48  49  52  53  56  57  58  59  60  61  62  63  64  65  66  67  68  69  70  71  


  ==> Energy                -164.943322264
  ==> dE                       -4.70e-05
  ==> Gradient Norm             2.83e+00
  ==> Abs. Max. Deriv.          1.05e-01
  ==> Time-Grad. (s)               6.571
  ==> Time-Energy (s)              0.441
  ==> Time-Iter. (s)               7.012

--------------------------------------------------------------------------------
CEO-ADAPT-VQE iteration: 36
--------------------------------------------------------------------------------
    gate        derivative      name       op1       op2       op3        g_unscaled   penalty
   70100        0.00075877        op     21168     21169                  0.10546876       139
   70101        0.00075877        om     21168     21169                  0.10546876       139
   45484        0.00075636        op      1424      1425                  0.04311275        57
   45485        0.00075636        om      1424      1425                  0.04311275        57
   82242        0.00075176        op     30436     30437                  0.01879392        25
   82243        0.00075176        om     30436     30437                  0.01879392        25
   76878        0.00074827        op     26392     26393                  0.06659618        89
   76879        0.00074827        om     26392     26393                  0.06659618        89
   76822        0.00069792        op     26336     26337                  0.03419807        49
   76823        0.00069792        om     26336     26337                  0.03419807        49

  ==> Add operator: op -1: 21168 21169
  ==> Current qubit order: 0  1  2  3  4  5  6  7  14  15  44  45  20  21  8  42  9  43  24  23  22  28  29  25  17  16  26  54  55  30  31  32  33  11  10  46  47  34  27  18  19  35  36  37  38  39  40  12  50  41  13  51  48  49  52  53  56  57  58  59  60  61  62  63  64  65  66  67  68  69  70  71  


  ==> Energy                -164.944596806
  ==> dE                       -1.27e-03
  ==> Gradient Norm             2.83e+00
  ==> Abs. Max. Deriv.          1.05e-01
  ==> Time-Grad. (s)               7.219
  ==> Time-Energy (s)              0.536
  ==> Time-Iter. (s)               7.755

--------------------------------------------------------------------------------
CEO-ADAPT-VQE iteration: 37
--------------------------------------------------------------------------------
    gate        derivative      name       op1       op2       op3        g_unscaled   penalty
   91586        0.00107994        op     37566     37567                  0.03563809        33
   91587        0.00107994        om     37566     37567                  0.03563809        33
   70724       -0.00084041        op     21705     21706                 -0.08488159       101
   70725       -0.00084041        om     21705     21706                 -0.08488159       101
   73904       -0.00084040        op     24111     24112                 -0.08488037       101
   73905       -0.00084040        om     24111     24112                 -0.08488037       101
   76822        0.00083409        op     26336     26337                  0.03419777        41
   76823        0.00083409        om     26336     26337                  0.03419777        41
   76878        0.00082217        op     26392     26393                  0.06659611        81
   76879        0.00082217        om     26392     26393                  0.06659611        81

  ==> Add operator: op -1: 37566 37567
  ==> Current qubit order: 0  1  2  3  4  5  6  7  14  15  44  45  20  21  8  42  9  43  24  23  22  28  29  25  17  16  26  54  55  30  31  32  33  11  10  34  46  47  18  19  27  35  36  37  38  39  40  12  50  41  13  51  48  49  52  53  56  57  58  59  60  61  62  63  64  65  66  67  68  69  70  71  


  ==> Energy                -164.944772877
  ==> dE                       -1.76e-04
  ==> Gradient Norm             2.82e+00
  ==> Abs. Max. Deriv.          8.49e-02
  ==> Time-Grad. (s)               9.095
  ==> Time-Energy (s)              6.026
  ==> Time-Iter. (s)              15.120

--------------------------------------------------------------------------------
CEO-ADAPT-VQE iteration: 38
--------------------------------------------------------------------------------
    gate        derivative      name       op1       op2       op3        g_unscaled   penalty
   70724       -0.00083906        op     21705     21706                 -0.08474478       101
   70725       -0.00083906        om     21705     21706                 -0.08474478       101
   76822        0.00083437        op     26336     26337                  0.03420927        41
   76823        0.00083437        om     26336     26337                  0.03420927        41
   76878        0.00082202        op     26392     26393                  0.06658330        81
   76879        0.00082202        om     26392     26393                  0.06658330        81
   73904       -0.00080708        op     24111     24112                 -0.08474329       105
   73905       -0.00080708        om     24111     24112                 -0.08474329       105
   71699       -0.00076615        om     22430     22431                 -0.05439687        71
   22430       -0.00076459    a_iajb     22430                           -0.05428621        71

  ==> Add operator: op -1: 21705 21706
  ==> Current qubit order: 0  1  2  3  4  5  6  7  14  44  45  20  21  8  42  9  43  24  23  22  28  29  25  17  16  26  54  15  10  46  47  55  30  31  32  33  11  34  18  19  27  35  36  37  38  39  40  12  50  41  13  51  48  49  52  53  56  57  58  59  60  61  62  63  64  65  66  67  68  69  70  71  


  ==> Energy                -164.945599992
  ==> dE                       -8.27e-04
  ==> Gradient Norm             2.82e+00
  ==> Abs. Max. Deriv.          8.47e-02
  ==> Time-Grad. (s)              11.429
  ==> Time-Energy (s)              1.386
  ==> Time-Iter. (s)              12.815

--------------------------------------------------------------------------------
CEO-ADAPT-VQE iteration: 39
--------------------------------------------------------------------------------
    gate        derivative      name       op1       op2       op3        g_unscaled   penalty
   82264        0.00115578        op     30458     30459                  0.08899469        77
   82265        0.00115578        om     30458     30459                  0.08899469        77
   30458        0.00095693    a_iajb     30458                            0.08899469        93
   86686        0.00089710        op     33746     33747                  0.03678101        41
   86687        0.00089710        om     33746     33747                  0.03678101        41
   74861       -0.00085157        om     24875     24876                 -0.05194584        61
   74864       -0.00085034        op     24875     24877                 -0.05187092        61
   24875       -0.00084996    a_iajb     24875                           -0.05184773        61
   74865       -0.00084958        om     24875     24877                 -0.05182454        61
   74860       -0.00084835        op     24875     24876                 -0.05174963        61

  ==> Add operator: op -1: 30458 30459
  ==> Current qubit order: 0  1  2  3  4  5  6  7  44  45  20  21  8  42  9  43  24  23  22  28  29  25  17  14  15  46  47  16  26  54  10  55  30  31  32  33  11  34  18  19  27  35  36  37  38  39  40  12  50  41  13  51  48  49  52  53  56  57  58  59  60  61  62  63  64  65  66  67  68  69  70  71  


  ==> Energy                -164.946497972
  ==> dE                       -8.98e-04
  ==> Gradient Norm             2.82e+00
  ==> Abs. Max. Deriv.          8.90e-02
  ==> Time-Grad. (s)              14.756
  ==> Time-Energy (s)              1.238
  ==> Time-Iter. (s)              15.993

--------------------------------------------------------------------------------
CEO-ADAPT-VQE iteration: 40
--------------------------------------------------------------------------------
    gate        derivative      name       op1       op2       op3        g_unscaled   penalty
   73904       -0.00131910        op     24111     24112                 -0.08574145        65
   73905       -0.00131910        om     24111     24112                 -0.08574145        65
   24111       -0.00105854    a_iajb     24111                           -0.08574145        81
   45484        0.00088220        op      1424      1425                  0.04322776        49
   45485        0.00088220        om      1424      1425                  0.04322776        49
   71455       -0.00084938        om     22246     22247                 -0.05181191        61
   71458       -0.00083662        op     22246     22248                 -0.05103386        61
   22246       -0.00083624    a_iajb     22246                           -0.05101046        61
   71459       -0.00083585        om     22246     22248                 -0.05098707        61
   76822        0.00083437        op     26336     26337                  0.03420927        41

  ==> Add operator: op -1: 24111 24112
  ==> Current qubit order: 0  1  2  3  4  5  6  7  44  45  20  21  8  42  9  43  24  23  22  28  29  25  17  15  16  26  54  14  46  47  11  10  55  30  31  32  33  34  18  19  27  35  36  37  38  39  40  12  50  41  13  51  48  49  52  53  56  57  58  59  60  61  62  63  64  65  66  67  68  69  70  71  


  ==> Energy                -164.947344678
  ==> dE                       -8.47e-04
  ==> Gradient Norm             2.82e+00
  ==> Abs. Max. Deriv.          8.57e-02
  ==> Time-Grad. (s)              20.007
  ==> Time-Energy (s)              2.153
  ==> Time-Iter. (s)              22.161

--------------------------------------------------------------------------------
CEO-ADAPT-VQE iteration: 41
--------------------------------------------------------------------------------
    gate        derivative      name       op1       op2       op3        g_unscaled   penalty
   86686        0.00093040        op     33746     33747                  0.03628564        39
   86687        0.00093040        om     33746     33747                  0.03628564        39
   45484        0.00088220        op      1424      1425                  0.04322789        49
   45485        0.00088220        om      1424      1425                  0.04322789        49
     377        0.00084234      a_ia       377                            0.00168467         2
   76822        0.00083437        op     26336     26337                  0.03420927        41
   76823        0.00083437        om     26336     26337                  0.03420927        41
   76878        0.00082202        op     26392     26393                  0.06658330        81
   76879        0.00082202        om     26392     26393                  0.06658330        81
     463        0.00079567      a_ia       463                            0.00159133         2

  ==> Add operator: op -1: 33746 33747
  ==> Current qubit order: 0  1  2  3  4  5  6  7  44  45  20  21  8  42  9  43  24  23  22  28  29  25  15  26  54  17  16  46  47  14  11  10  55  30  31  32  33  34  18  19  27  35  36  37  38  39  40  12  50  41  13  51  48  49  52  53  56  57  58  59  60  61  62  63  64  65  66  67  68  69  70  71  


  ==> Energy                -164.947507522
  ==> dE                       -1.63e-04
  ==> Gradient Norm             2.81e+00
  ==> Abs. Max. Deriv.          7.87e-02
  ==> Time-Grad. (s)              26.376
  ==> Time-Energy (s)              7.854
  ==> Time-Iter. (s)              34.231

--------------------------------------------------------------------------------
CEO-ADAPT-VQE iteration: 42
--------------------------------------------------------------------------------
    gate        derivative      name       op1       op2       op3        g_unscaled   penalty
   45484        0.00088277        op      1424      1425                  0.04325550        49
   45485        0.00088277        om      1424      1425                  0.04325550        49
   76822        0.00083438        op     26336     26337                  0.03420950        41
   76823        0.00083438        om     26336     26337                  0.03420950        41
   76878        0.00082188        op     26392     26393                  0.06657228        81
   76879        0.00082188        om     26392     26393                  0.06657228        81
   74662       -0.00078500        op     24734     24735                 -0.05416472        69
   24734       -0.00077241    a_iajb     24734                           -0.05329625        69
   74663       -0.00075982        om     24734     24735                 -0.05242778        69
     436        0.00075788      a_ia       436                            0.00454726         6

  ==> Add operator: op -1: 1424 1425
  ==> Current qubit order: 2  3  0  1  44  45  4  5  6  7  20  21  8  42  9  43  24  23  22  28  29  25  15  26  54  17  16  46  47  14  11  10  55  30  31  32  33  34  18  19  27  35  36  37  38  39  40  12  50  41  13  51  48  49  52  53  56  57  58  59  60  61  62  63  64  65  66  67  68  69  70  71  


  ==> Energy                -164.947641209
  ==> dE                       -1.34e-04
  ==> Gradient Norm             2.81e+00
  ==> Abs. Max. Deriv.          7.87e-02
  ==> Time-Grad. (s)              30.386
  ==> Time-Energy (s)              3.237
  ==> Time-Iter. (s)              33.623

--------------------------------------------------------------------------------
CEO-ADAPT-VQE iteration: 43
--------------------------------------------------------------------------------
    gate        derivative      name       op1       op2       op3        g_unscaled   penalty
   76822        0.00083458        op     26336     26337                  0.03421762        41
   76823        0.00083458        om     26336     26337                  0.03421762        41
   76878        0.00082195        op     26392     26393                  0.06657801        81
   76879        0.00082195        om     26392     26393                  0.06657801        81
      20        0.00078899      a_ia        20                            0.01735772        22
   74662       -0.00078500        op     24734     24735                 -0.05416472        69
   24734       -0.00077241    a_iajb     24734                           -0.05329625        69
   74663       -0.00075982        om     24734     24735                 -0.05242778        69
     436        0.00075789      a_ia       436                            0.00454735         6
   71455       -0.00075006        om     22246     22247                 -0.05175407        69

  ==> Add operator: op -1: 26336 26337
  ==> Current qubit order: 2  3  0  1  44  45  4  5  6  7  20  21  8  42  9  43  24  23  22  28  29  25  15  26  54  17  16  46  47  14  11  10  55  30  31  32  33  34  18  19  27  35  36  37  38  39  40  50  41  51  48  12  13  52  53  49  56  57  58  59  60  61  62  63  64  65  66  67  68  69  70  71  


  ==> Energy                -164.947734600
  ==> dE                       -9.34e-05
  ==> Gradient Norm             2.81e+00
  ==> Abs. Max. Deriv.          7.87e-02
  ==> Time-Grad. (s)              30.529
  ==> Time-Energy (s)              3.176
  ==> Time-Iter. (s)              33.705

--------------------------------------------------------------------------------
CEO-ADAPT-VQE iteration: 44
--------------------------------------------------------------------------------
    gate        derivative      name       op1       op2       op3        g_unscaled   penalty
     407        0.00229587      a_ia       407                            0.00459175         2
   76878        0.00096352        op     26392     26393                  0.06648319        69
   76879        0.00096352        om     26392     26393                  0.06648319        69
      20        0.00078906      a_ia        20                            0.01735941        22
   74662       -0.00078500        op     24734     24735                 -0.05416472        69
   26392        0.00078216    a_iajb     26392                            0.06648319        85
   24734       -0.00077241    a_iajb     24734                           -0.05329625        69
   74663       -0.00075982        om     24734     24735                 -0.05242778        69
     436        0.00075571      a_ia       436                            0.00453424         6
   71455       -0.00075006        om     22246     22247                 -0.05175407        69

  ==> Add operator: a_ia 407
  ==> Current qubit order: 2  3  0  1  44  45  4  5  6  7  20  21  8  42  9  43  24  23  22  28  29  25  15  26  54  17  16  46  47  14  11  10  55  30  31  32  33  34  18  19  27  35  36  37  38  39  40  50  41  51  48  12  13  52  53  49  56  57  58  59  60  61  62  63  64  65  66  67  68  69  70  71  


  ==> Energy                -164.947738533
  ==> dE                       -3.93e-06
  ==> Gradient Norm             2.81e+00
  ==> Abs. Max. Deriv.          7.87e-02
  ==> Time-Grad. (s)              28.754
  ==> Time-Energy (s)              3.229
  ==> Time-Iter. (s)              31.983

--------------------------------------------------------------------------------
CEO-ADAPT-VQE iteration: 45
--------------------------------------------------------------------------------
    gate        derivative      name       op1       op2       op3        g_unscaled   penalty
   76878        0.00096354        op     26392     26393                  0.06648412        69
   76879        0.00096354        om     26392     26393                  0.06648412        69
      20        0.00079054      a_ia        20                            0.01739193        22
   74662       -0.00078500        op     24734     24735                 -0.05416472        69
   26392        0.00078217    a_iajb     26392                            0.06648412        85
   24734       -0.00077241    a_iajb     24734                           -0.05329625        69
   74663       -0.00075982        om     24734     24735                 -0.05242778        69
   71455       -0.00075006        om     22246     22247                 -0.05175407        69
     436        0.00074400      a_ia       436                            0.00446399         6
   71458       -0.00073816        op     22246     22248                 -0.05093294        69

  ==> Add operator: op -1: 26392 26393
  ==> Current qubit order: 2  3  0  1  44  45  4  5  6  7  20  21  8  42  9  43  24  23  22  28  29  25  15  26  54  17  16  46  47  14  11  10  55  30  31  32  33  34  18  19  27  35  36  37  38  39  40  50  41  51  48  52  53  49  56  57  12  13  64  65  58  59  60  61  62  63  66  67  68  69  70  71  


  ==> Energy                -164.948024951
  ==> dE                       -2.86e-04
  ==> Gradient Norm             2.81e+00
  ==> Abs. Max. Deriv.          7.87e-02
  ==> Time-Grad. (s)              28.064
  ==> Time-Energy (s)              3.776
  ==> Time-Iter. (s)              31.841

--------------------------------------------------------------------------------
CEO-ADAPT-VQE iteration: 46
--------------------------------------------------------------------------------
    gate        derivative      name       op1       op2       op3        g_unscaled   penalty
   76884        0.00089020        op     26398     26399                  0.05074118        57
   76885        0.00089020        om     26398     26399                  0.05074118        57
   76844       -0.00086175        op     26358     26359                 -0.02154374        25
   76845       -0.00086175        om     26358     26359                 -0.02154374        25
      20        0.00079064      a_ia        20                            0.01739401        22
   74662       -0.00078500        op     24734     24735                 -0.05416472        69
   24734       -0.00077241    a_iajb     24734                           -0.05329625        69
   74663       -0.00075982        om     24734     24735                 -0.05242778        69
   71455       -0.00075006        om     22246     22247                 -0.05175407        69
   71458       -0.00073816        op     22246     22248                 -0.05093294        69

  ==> Add operator: op -1: 26398 26399
  ==> Current qubit order: 2  3  0  1  44  45  4  5  6  7  20  21  8  42  9  43  24  23  22  28  29  25  15  26  54  17  16  46  47  14  11  10  55  30  31  32  33  34  18  19  27  35  36  37  38  39  40  50  41  51  48  52  53  49  56  57  64  65  58  59  60  12  13  66  67  61  62  63  68  69  70  71  


  ==> Energy                -164.948183004
  ==> dE                       -1.58e-04
  ==> Gradient Norm             2.81e+00
  ==> Abs. Max. Deriv.          7.87e-02
  ==> Time-Grad. (s)              26.869
  ==> Time-Energy (s)              8.000
  ==> Time-Iter. (s)              34.868

--------------------------------------------------------------------------------
CEO-ADAPT-VQE iteration: 47
--------------------------------------------------------------------------------
    gate        derivative      name       op1       op2       op3        g_unscaled   penalty
     416        0.00147197      a_ia       416                            0.00588788         4
     445        0.00146657      a_ia       445                            0.00586629         4
   76882       -0.00081320        op     26396     26397                 -0.03171479        39
   76883       -0.00081320        om     26396     26397                 -0.03171479        39
      20        0.00079068      a_ia        20                            0.01739506        22
   74662       -0.00078499        op     24734     24735                 -0.05416446        69
   24734       -0.00077239    a_iajb     24734                           -0.05329505        69
   74663       -0.00075979        om     24734     24735                 -0.05242565        69
   71455       -0.00075003        om     22246     22247                 -0.05175205        69
   71458       -0.00073811        op     22246     22248                 -0.05092941        69

  ==> Add operator: a_ia 416
  ==> Current qubit order: 2  3  0  1  44  45  4  5  6  7  20  21  8  42  9  43  24  23  22  28  29  25  15  26  54  17  16  46  47  14  11  10  55  30  31  32  33  34  18  19  27  35  36  37  38  39  40  50  41  51  48  52  53  49  56  57  64  65  58  59  60  13  12  66  67  61  62  63  68  69  70  71  


  ==> Energy                -164.948187371
  ==> dE                       -4.37e-06
  ==> Gradient Norm             2.81e+00
  ==> Abs. Max. Deriv.          7.87e-02
  ==> Time-Grad. (s)              26.096
  ==> Time-Energy (s)              3.227
  ==> Time-Iter. (s)              29.323

--------------------------------------------------------------------------------
CEO-ADAPT-VQE iteration: 48
--------------------------------------------------------------------------------
    gate        derivative      name       op1       op2       op3        g_unscaled   penalty
     441        0.00105110      a_ia       441                            0.00420442         4
     445        0.00095196      a_ia       445                            0.00571178         6
      20        0.00079118      a_ia        20                            0.01740594        22
   74662       -0.00078499        op     24734     24735                 -0.05416446        69
   24734       -0.00077239    a_iajb     24734                           -0.05329505        69
   74663       -0.00075979        om     24734     24735                 -0.05242565        69
   71455       -0.00075003        om     22246     22247                 -0.05175205        69
   71458       -0.00073811        op     22246     22248                 -0.05092941        69
   22246       -0.00073780    a_iajb     22246                           -0.05090812        69
   71459       -0.00073749        om     22246     22248                 -0.05088684        69

  ==> Add operator: a_ia 441
  ==> Current qubit order: 2  3  0  1  44  45  4  5  6  7  20  21  8  42  9  43  24  23  22  28  29  25  15  26  54  17  16  46  47  14  11  10  55  30  31  32  33  34  18  19  27  35  36  37  38  39  40  50  41  51  48  52  53  49  56  57  64  65  58  60  59  13  12  66  67  61  62  63  68  69  70  71  


  ==> Energy                -164.948189921
  ==> dE                       -2.55e-06
  ==> Gradient Norm             2.81e+00
  ==> Abs. Max. Deriv.          7.87e-02
  ==> Time-Grad. (s)              26.479
  ==> Time-Energy (s)              2.709
  ==> Time-Iter. (s)              29.187

--------------------------------------------------------------------------------
CEO-ADAPT-VQE iteration: 49
--------------------------------------------------------------------------------
    gate        derivative      name       op1       op2       op3        g_unscaled   penalty
     445        0.00095481      a_ia       445                            0.00572889         6
      20        0.00079047      a_ia        20                            0.01739032        22
   74662       -0.00078499        op     24734     24735                 -0.05416446        69
   24734       -0.00077239    a_iajb     24734                           -0.05329505        69
   74663       -0.00075979        om     24734     24735                 -0.05242565        69
   71455       -0.00075003        om     22246     22247                 -0.05175205        69
   71458       -0.00073811        op     22246     22248                 -0.05092941        69
   22246       -0.00073780    a_iajb     22246                           -0.05090812        69
   71459       -0.00073749        om     22246     22248                 -0.05088684        69
      55        0.00072671      a_ia        55                            0.01744094        24

  ==> Add operator: a_ia 445
  ==> Current qubit order: 2  3  0  1  44  45  4  5  6  7  20  21  8  42  9  43  24  23  22  28  29  25  15  26  54  17  16  46  47  14  11  10  55  30  31  32  33  34  18  19  27  35  36  37  38  39  40  50  41  51  48  52  53  49  56  57  64  65  58  60  59  12  66  13  67  61  62  63  68  69  70  71  


  ==> Energy                -164.948194056
  ==> dE                       -4.13e-06
  ==> Gradient Norm             2.81e+00
  ==> Abs. Max. Deriv.          7.87e-02
  ==> Time-Grad. (s)              26.605
  ==> Time-Energy (s)              3.711
  ==> Time-Iter. (s)              30.315

--------------------------------------------------------------------------------
CEO-ADAPT-VQE iteration: 50
--------------------------------------------------------------------------------
    gate        derivative      name       op1       op2       op3        g_unscaled   penalty
      20        0.00079214      a_ia        20                            0.01742706        22
   74662       -0.00078499        op     24734     24735                 -0.05416446        69
   24734       -0.00077239    a_iajb     24734                           -0.05329505        69
   74663       -0.00075979        om     24734     24735                 -0.05242565        69
   71455       -0.00075003        om     22246     22247                 -0.05175205        69
   71458       -0.00073811        op     22246     22248                 -0.05092941        69
   22246       -0.00073780    a_iajb     22246                           -0.05090812        69
   71459       -0.00073749        om     22246     22248                 -0.05088684        69
     412        0.00072762      a_ia       412                            0.00436571         6
      55        0.00072715      a_ia        55                            0.01745154        24

  ==> Add operator: a_ia 20
  ==> Current qubit order: 2  3  1  44  45  4  5  6  7  20  21  8  0  42  9  43  24  23  22  28  29  25  15  26  54  17  16  46  47  14  11  10  55  30  31  32  33  34  18  19  27  35  36  37  38  39  40  50  41  51  48  52  53  49  56  57  64  65  58  60  59  12  66  13  67  61  62  63  68  69  70  71  


  ==> Energy                -164.948242278
  ==> dE                       -4.82e-05
  ==> Gradient Norm             2.81e+00
  ==> Abs. Max. Deriv.          7.87e-02
  ==> Time-Grad. (s)              26.656
  ==> Time-Energy (s)              3.306
  ==> Time-Iter. (s)              29.962

--------------------------------------------------------------------------------
CEO-ADAPT-VQE iteration: 51
--------------------------------------------------------------------------------
    gate        derivative      name       op1       op2       op3        g_unscaled   penalty
   74662       -0.00078499        op     24734     24735                 -0.05416446        69
   24734       -0.00077239    a_iajb     24734                           -0.05329505        69
   74663       -0.00075979        om     24734     24735                 -0.05242565        69
   71455       -0.00075003        om     22246     22247                 -0.05175204        69
   53488        0.00074568        op      8000      8001                  0.02162473        29
   53489        0.00074568        om      8000      8001                  0.02162473        29
   71458       -0.00073811        op     22246     22248                 -0.05092939        69
   22246       -0.00073780    a_iajb     22246                           -0.05090811        69
   71459       -0.00073749        om     22246     22248                 -0.05088682        69
     412        0.00073520      a_ia       412                            0.00441121         6

  ==> Add operator: mvp2 -1: 24734 24735
  ==> Current qubit order: 2  3  1  44  45  4  5  6  7  20  21  8  0  42  9  43  24  23  22  28  29  25  15  26  17  16  46  14  54  47  11  18  10  55  30  31  32  33  34  19  27  35  36  37  38  39  40  50  41  51  48  52  53  49  56  57  64  65  58  60  59  12  66  13  67  61  62  63  68  69  70  71  


  ==> Energy                -164.948591590
  ==> dE                       -3.49e-04
  ==> Gradient Norm             2.81e+00
  ==> Abs. Max. Deriv.          7.87e-02
  ==> Time-Grad. (s)              26.498
  ==> Time-Energy (s)             11.638
  ==> Time-Iter. (s)              38.136

--------------------------------------------------------------------------------
CEO-ADAPT-VQE iteration: 52
--------------------------------------------------------------------------------
    gate        derivative      name       op1       op2       op3        g_unscaled   penalty
   74861       -0.00084450        om     24875     24876                 -0.06333748        75
   74864       -0.00081402        op     24875     24877                 -0.06105115        75
   24875       -0.00081375    a_iajb     24875                           -0.06103148        75
   74865       -0.00081349        om     24875     24877                 -0.06101182        75
   84982        0.00081315        op     32507     32508                  0.04309687        53
   32507        0.00080621    a_iajb     32507                            0.04272901        53
   84983        0.00079927        om     32507     32508                  0.04236114        53
   74860       -0.00078301        op     24875     24876                 -0.05872549        75
     377        0.00077498      a_ia       377                            0.00154997         2
   82491        0.00074950        om     30639     30640                  0.03072945        41

  ==> Add operator: mvp2 -1: 24875 24876
  ==> Current qubit order: 2  3  1  44  45  4  5  6  7  20  21  8  0  42  9  43  24  23  22  28  29  25  15  26  17  16  46  14  54  18  10  30  47  11  55  19  31  32  33  34  27  35  36  37  38  39  40  50  41  51  48  52  53  49  56  57  64  65  58  60  59  12  66  13  67  61  62  63  68  69  70  71  


  ==> Energy                -164.949301252
  ==> dE                       -7.10e-04
  ==> Gradient Norm             2.80e+00
  ==> Abs. Max. Deriv.          7.87e-02
  ==> Time-Grad. (s)              25.325
  ==> Time-Energy (s)              6.214
  ==> Time-Iter. (s)              31.539

--------------------------------------------------------------------------------
CEO-ADAPT-VQE iteration: 53
--------------------------------------------------------------------------------
    gate        derivative      name       op1       op2       op3        g_unscaled   penalty
   82491        0.00075008        om     30639     30640                  0.03075344        41
   53488        0.00074559        op      8000      8001                  0.02162197        29
   53489        0.00074559        om      8000      8001                  0.02162197        29
   82495        0.00073603        om     30639     30641                  0.03017724        41
   30639        0.00073586    a_iajb     30639                            0.03017015        41
   82494        0.00073568        op     30639     30641                  0.03016306        41
     412        0.00073553      a_ia       412                            0.00441318         6
   82901        0.00073257        om     30941     30942                  0.03003553        41
   82490        0.00072163        op     30639     30640                  0.02958685        41
   71455       -0.00071192        om     22246     22247                 -0.03630779        51

  ==> Add operator: mvp2 -1: 30639 30640
  ==> Current qubit order: 2  3  1  44  45  4  5  6  7  20  21  8  0  42  9  43  24  23  22  28  29  25  15  26  17  16  46  14  54  18  10  30  47  11  55  19  31  32  33  34  27  35  36  37  38  39  40  50  41  51  48  52  53  49  56  57  64  65  58  60  59  12  66  13  67  61  62  63  68  69  70  71  


  ==> Energy                -164.949424445
  ==> dE                       -1.23e-04
  ==> Gradient Norm             2.80e+00
  ==> Abs. Max. Deriv.          7.87e-02
  ==> Time-Grad. (s)              25.025
  ==> Time-Energy (s)              6.743
  ==> Time-Iter. (s)              31.768

--------------------------------------------------------------------------------
CEO-ADAPT-VQE iteration: 54
--------------------------------------------------------------------------------
    gate        derivative      name       op1       op2       op3        g_unscaled   penalty
   53488        0.00074558        op      8000      8001                  0.02162196        29
   53489        0.00074558        om      8000      8001                  0.02162196        29
     377        0.00074232      a_ia       377                            0.00148465         2
   82901        0.00074005        om     30941     30942                  0.03034187        41
     412        0.00073573      a_ia       412                            0.00441436         6
   82904        0.00071788        op     30941     30943                  0.02943303        41
   30941        0.00071779    a_iajb     30941                            0.02942934        41
   82905        0.00071770        om     30941     30943                  0.02942566        41
   71455       -0.00069691        om     22246     22247                 -0.03554231        51
   82900        0.00069553        op     30941     30942                  0.02851681        41

  ==> Add operator: op -1: 8000 8001
  ==> Current qubit order: 2  3  44  45  1  4  5  6  7  20  21  8  0  42  9  43  24  23  22  28  29  25  15  26  17  16  46  14  54  18  10  30  47  11  55  19  31  32  33  34  27  35  36  37  38  39  40  50  41  51  48  52  53  49  56  57  64  65  58  60  59  12  66  13  67  61  62  63  68  69  70  71  


  ==> Energy                -164.949455346
  ==> dE                       -3.09e-05
  ==> Gradient Norm             2.80e+00
  ==> Abs. Max. Deriv.          7.87e-02
  ==> Time-Grad. (s)              26.297
  ==> Time-Energy (s)              3.775
  ==> Time-Iter. (s)              30.072

--------------------------------------------------------------------------------
CEO-ADAPT-VQE iteration: 55
--------------------------------------------------------------------------------
    gate        derivative      name       op1       op2       op3        g_unscaled   penalty
      55        0.00077293      a_ia        55                            0.01700452        22
     377        0.00074201      a_ia       377                            0.00148402         2
   82901        0.00074005        om     30941     30942                  0.03034185        41
     412        0.00073565      a_ia       412                            0.00441388         6
   82904        0.00071788        op     30941     30943                  0.02943301        41
   30941        0.00071779    a_iajb     30941                            0.02942932        41
   82905        0.00071770        om     30941     30943                  0.02942564        41
   71455       -0.00069691        om     22246     22247                 -0.03554230        51
   82900        0.00069553        op     30941     30942                  0.02851679        41
   98574        0.00068767        op     42886     42887                  0.03507109        51

  ==> Add operator: a_ia 55
  ==> Current qubit order: 2  3  44  45  4  5  6  7  20  21  8  0  42  9  1  43  24  23  22  28  29  25  15  26  17  16  46  14  54  18  10  30  47  11  55  19  31  32  33  34  27  35  36  37  38  39  40  50  41  51  48  52  53  49  56  57  64  65  58  60  59  12  66  13  67  61  62  63  68  69  70  71  


  ==> Energy                -164.949501262
  ==> dE                       -4.59e-05
  ==> Gradient Norm             2.80e+00
  ==> Abs. Max. Deriv.          7.86e-02
  ==> Time-Grad. (s)              25.004
  ==> Time-Energy (s)              3.328
  ==> Time-Iter. (s)              28.332

--------------------------------------------------------------------------------
CEO-ADAPT-VQE iteration: 56
--------------------------------------------------------------------------------
    gate        derivative      name       op1       op2       op3        g_unscaled   penalty
   45459        0.00079971        om      1398      1399                  0.03598680        45
    1398        0.00079965    a_iajb      1398                            0.03598443        45
   45458        0.00079960        op      1398      1399                  0.03598205        45
     377        0.00074730      a_ia       377                            0.00149460         2
   82901        0.00074002        om     30941     30942                  0.03034091        41
     412        0.00072418      a_ia       412                            0.00434509         6
   82904        0.00071785        op     30941     30943                  0.02943204        41
   30941        0.00071776    a_iajb     30941                            0.02942835        41
   82905        0.00071767        om     30941     30943                  0.02942467        41
   71455       -0.00069691        om     22246     22247                 -0.03554226        51

  ==> Add operator: om -1: 1398 1399
  ==> Current qubit order: 2  3  44  45  4  5  6  7  20  21  8  0  42  1  43  9  24  23  22  28  29  25  15  26  17  16  46  14  54  18  10  30  47  11  55  19  31  32  33  34  27  35  36  37  38  39  40  50  41  51  48  52  53  49  56  57  64  65  58  60  59  12  66  13  67  61  62  63  68  69  70  71  


  ==> Energy                -164.949599300
  ==> dE                       -9.80e-05
  ==> Gradient Norm             2.80e+00
  ==> Abs. Max. Deriv.          7.86e-02
  ==> Time-Grad. (s)              25.215
  ==> Time-Energy (s)              3.856
  ==> Time-Iter. (s)              29.071

--------------------------------------------------------------------------------
CEO-ADAPT-VQE iteration: 57
--------------------------------------------------------------------------------
    gate        derivative      name       op1       op2       op3        g_unscaled   penalty
     377        0.00074802      a_ia       377                            0.00149604         2
   82901        0.00074002        om     30941     30942                  0.03034098        41
     412        0.00072427      a_ia       412                            0.00434562         6
   82904        0.00071786        op     30941     30943                  0.02943211        41
   30941        0.00071777    a_iajb     30941                            0.02942842        41
   82905        0.00071768        om     30941     30943                  0.02942474        41
   71455       -0.00069691        om     22246     22247                 -0.03554227        51
   82900        0.00069551        op     30941     30942                  0.02851587        41
   60720        0.00069134        op     13846     13847                  0.01728354        25
   60721        0.00069134        om     13846     13847                  0.01728354        25

  ==> Add operator: a_ia 377
  ==> Current qubit order: 2  3  44  45  4  5  6  7  20  21  8  0  42  1  43  9  24  23  22  28  29  25  15  26  17  16  46  14  54  18  10  30  47  11  55  19  31  32  33  34  27  35  36  37  38  39  40  50  41  51  48  52  53  49  56  57  64  65  58  60  59  12  66  13  67  61  62  63  68  69  70  71  


  ==> Energy                -164.949919289
  ==> dE                       -3.20e-04
  ==> Gradient Norm             2.80e+00
  ==> Abs. Max. Deriv.          7.86e-02
  ==> Time-Grad. (s)              25.015
  ==> Time-Energy (s)             24.312
  ==> Time-Iter. (s)              49.327

--------------------------------------------------------------------------------
CEO-ADAPT-VQE iteration: 58
--------------------------------------------------------------------------------
    gate        derivative      name       op1       op2       op3        g_unscaled   penalty
     412        0.00072617      a_ia       412                            0.00435699         6
   60720        0.00069162        op     13846     13847                  0.01729048        25
   60721        0.00069162        om     13846     13847                  0.01729048        25
   84983        0.00067327        om     32507     32508                  0.04241604        63
     467        0.00065991      a_ia       467                            0.00131982         2
   32507        0.00065947    a_iajb     32507                            0.04154658        63
   84982        0.00064567        op     32507     32508                  0.04067711        63
      90        0.00063451      a_ia        90                            0.00253804         4
     124        0.00062755      a_ia       124                            0.00251020         4
   85162        0.00059339        op     32636     32637                  0.04213039        71

  ==> Add operator: a_ia 412
  ==> Current qubit order: 2  3  44  45  4  5  6  7  20  21  8  0  42  1  43  9  24  23  22  28  29  25  15  26  17  16  46  14  54  18  10  30  47  11  55  19  31  32  33  34  27  35  36  37  38  39  40  50  41  51  48  52  53  49  56  57  64  65  60  59  58  12  66  13  67  61  62  63  68  69  70  71  


  ==> Energy                -164.949922028
  ==> dE                       -2.74e-06
  ==> Gradient Norm             2.79e+00
  ==> Abs. Max. Deriv.          7.86e-02
  ==> Time-Grad. (s)              26.514
  ==> Time-Energy (s)              3.401
  ==> Time-Iter. (s)              29.915

--------------------------------------------------------------------------------
CEO-ADAPT-VQE iteration: 59
--------------------------------------------------------------------------------
    gate        derivative      name       op1       op2       op3        g_unscaled   penalty
   60720        0.00069161        op     13846     13847                  0.01729033        25
   60721        0.00069161        om     13846     13847                  0.01729033        25
   84983        0.00067327        om     32507     32508                  0.04241571        63
     467        0.00066517      a_ia       467                            0.00133035         2
   32507        0.00065946    a_iajb     32507                            0.04154625        63
   84982        0.00064566        op     32507     32508                  0.04067679        63
      90        0.00063172      a_ia        90                            0.00252689         4
     124        0.00063032      a_ia       124                            0.00252126         4
   85162        0.00059338        op     32636     32637                  0.04213017        71
   98574        0.00059080        op     42886     42887                  0.03485698        59

  ==> Add operator: op -1: 13846 13847
  ==> Current qubit order: 2  3  44  45  4  5  6  7  20  21  8  0  42  1  43  9  24  23  22  28  29  25  15  26  17  16  46  14  54  18  10  30  47  11  55  19  31  32  33  34  27  35  36  37  38  39  40  50  41  51  48  52  53  49  56  57  64  65  60  59  58  12  66  13  67  61  62  63  68  69  70  71  


  ==> Energy                -164.949945301
  ==> dE                       -2.33e-05
  ==> Gradient Norm             2.79e+00
  ==> Abs. Max. Deriv.          7.86e-02
  ==> Time-Grad. (s)              26.438
  ==> Time-Energy (s)              3.102
  ==> Time-Iter. (s)              29.540

--------------------------------------------------------------------------------
CEO-ADAPT-VQE iteration: 60
--------------------------------------------------------------------------------
    gate        derivative      name       op1       op2       op3        g_unscaled   penalty
   84983        0.00067327        om     32507     32508                  0.04241571        63
     467        0.00066528      a_ia       467                            0.00133056         2
   32507        0.00065946    a_iajb     32507                            0.04154625        63
   84982        0.00064566        op     32507     32508                  0.04067679        63
      90        0.00063204      a_ia        90                            0.00252815         4
     124        0.00063063      a_ia       124                            0.00252251         4
   85162        0.00059338        op     32636     32637                  0.04213017        71
   98574        0.00059080        op     42886     42887                  0.03485698        59
   42886        0.00059080    a_iajb     42886                            0.03485697        59
   98575        0.00059080        om     42886     42887                  0.03485696        59

  ==> Add operator: mvp2 -1: 32507 32508
  ==> Current qubit order: 2  3  44  45  4  5  6  7  20  21  8  0  42  1  43  9  24  23  22  28  29  25  26  17  16  46  14  15  54  18  47  10  30  11  55  19  31  32  33  34  27  35  36  37  38  39  40  50  41  51  48  52  53  49  56  57  64  65  60  59  58  12  66  13  67  61  62  63  68  69  70  71  


  ==> Energy                -164.950176032
  ==> dE                       -2.31e-04
  ==> Gradient Norm             2.79e+00
  ==> Abs. Max. Deriv.          7.86e-02
  ==> Time-Grad. (s)              25.147
  ==> Time-Energy (s)              6.839
  ==> Time-Iter. (s)              31.986

--------------------------------------------------------------------------------
CEO-ADAPT-VQE iteration: 61
--------------------------------------------------------------------------------
    gate        derivative      name       op1       op2       op3        g_unscaled   penalty
      90        0.00063161      a_ia        90                            0.00252644         4
     124        0.00063096      a_ia       124                            0.00252386         4
   98574        0.00059079        op     42886     42887                  0.03485674        59
   42886        0.00059079    a_iajb     42886                            0.03485673        59
   98575        0.00059079        om     42886     42887                  0.03485672        59
   66809        0.00058652        om     18707     18708                  0.04281585        73
   70166        0.00058495        op     21234     21235                  0.06258954       107
   70167        0.00058495        om     21234     21235                  0.06258954       107
   18707        0.00058282    a_iajb     18707                            0.04254587        73
   66808        0.00057912        op     18707     18708                  0.04227589        73

  ==> Tried operator a_ia 90: gain -9.42e-07 (threshold 9.6e-07), removed and excluded for this stage
  ==> Tried operator a_ia 124: gain -9.41e-07 (threshold 9.6e-07), removed and excluded for this stage
  ==> Add operator: op -1: 42886 42887
  ==> Current qubit order: 2  3  44  45  4  5  6  7  20  21  8  0  1  9  23  42  43  24  25  22  28  29  26  17  16  46  14  15  54  18  47  10  30  11  55  19  31  32  33  34  27  35  36  37  38  39  40  50  41  51  48  52  53  49  56  57  64  65  60  59  58  12  66  13  67  61  62  63  68  69  70  71  


  ==> Energy                -164.950341081
  ==> dE                       -1.65e-04
  ==> Gradient Norm             2.79e+00
  ==> Abs. Max. Deriv.          7.86e-02
  ==> Time-Grad. (s)              24.554
  ==> Time-Energy (s)             11.366
  ==> Time-Iter. (s)              35.920

--------------------------------------------------------------------------------
CEO-ADAPT-VQE iteration: 62
--------------------------------------------------------------------------------
    gate        derivative      name       op1       op2       op3        g_unscaled   penalty
      90        0.00063176      a_ia        90                            0.00252705         4
     124        0.00063130      a_ia       124                            0.00252519         4
   66809        0.00062052        om     18707     18708                  0.04281565        69
   18707        0.00061660    a_iajb     18707                            0.04254566        69
   66808        0.00061269        op     18707     18708                  0.04227568        69
   92680       -0.00059015        op     38416     38418                 -0.05016297        85
   70166        0.00058495        op     21234     21235                  0.06258954       107
   70167        0.00058495        om     21234     21235                  0.06258954       107
   92677       -0.00058476        om     38416     38417                 -0.04970426        85
   38416       -0.00058475    a_iajb     38416                           -0.04970342        85

  ==> Add operator: mvp2 -1: 18707 18708
  ==> Current qubit order: 2  3  44  45  4  5  6  7  20  21  8  0  1  23  42  43  24  25  22  28  29  26  17  16  9  46  14  47  15  54  18  10  30  11  55  19  31  32  33  34  27  35  36  37  38  39  40  50  41  51  48  52  53  49  56  57  64  65  60  59  58  12  66  13  67  61  62  63  68  69  70  71  


  ==> Energy                -164.950590924
  ==> dE                       -2.50e-04
  ==> Gradient Norm             2.79e+00
  ==> Abs. Max. Deriv.          7.86e-02
  ==> Time-Grad. (s)              23.608
  ==> Time-Energy (s)              6.206
  ==> Time-Iter. (s)              29.814

--------------------------------------------------------------------------------
CEO-ADAPT-VQE iteration: 63
--------------------------------------------------------------------------------
    gate        derivative      name       op1       op2       op3        g_unscaled   penalty
      90        0.00063243      a_ia        90                            0.00252973         4
     124        0.00062978      a_ia       124                            0.00251912         4
   70166        0.00058497        op     21234     21235                  0.06259187       107
   70167        0.00058497        om     21234     21235                  0.06259187       107
   61440        0.00058436        op     14536     14537                  0.04499563        77
   14536        0.00058326    a_iajb     14536                            0.04491119        77
   61441        0.00058217        om     14536     14537                  0.04482676        77
  100092        0.00055959        op     44212     44213                  0.06770999       121
  100093        0.00055959        om     44212     44213                  0.06770999       121
  101488        0.00054591        op     45248     45249                  0.01473968        27

  ==> Add operator: op -1: 21234 21235
  ==> Current qubit order: 2  3  44  45  4  5  6  7  20  21  8  0  1  23  42  43  24  25  22  28  29  26  17  16  9  46  14  47  15  54  18  30  55  19  31  32  33  34  27  35  36  10  11  56  57  37  38  39  40  50  41  51  48  52  53  49  64  65  60  59  58  12  66  13  67  61  62  63  68  69  70  71  


  ==> Energy                -164.950905713
  ==> dE                       -3.15e-04
  ==> Gradient Norm             2.79e+00
  ==> Abs. Max. Deriv.          7.86e-02
  ==> Time-Grad. (s)              23.494
  ==> Time-Energy (s)             11.852
  ==> Time-Iter. (s)              35.346

--------------------------------------------------------------------------------
CEO-ADAPT-VQE iteration: 64
--------------------------------------------------------------------------------
    gate        derivative      name       op1       op2       op3        g_unscaled   penalty
     342        0.00169237      a_ia       342                            0.00338474         2
   70782       -0.00076294        op     21763     21764                 -0.04959139        65
   70783       -0.00076294        om     21763     21764                 -0.04959139        65
   73962       -0.00073745        op     24169     24170                 -0.04940901        67
   73963       -0.00073745        om     24169     24170                 -0.04940901        67
     352        0.00071808      a_ia       352                            0.00287230         4
     382        0.00071350      a_ia       382                            0.00285399         4
   69976        0.00066325        op     21044     21045                  0.02454036        37
   69977        0.00066325        om     21044     21045                  0.02454036        37
      90        0.00063419      a_ia        90                            0.00253676         4

  ==> Add operator: a_ia 342
  ==> Current qubit order: 2  3  44  45  4  5  6  7  20  21  8  0  1  23  42  43  24  25  22  28  29  26  17  16  9  46  14  47  15  54  18  30  55  19  31  32  33  34  27  35  36  10  11  56  57  37  38  39  40  50  41  51  48  52  53  49  64  65  60  59  58  12  66  13  67  61  62  63  68  69  70  71  


  ==> Energy                -164.950909405
  ==> dE                       -3.69e-06
  ==> Gradient Norm             2.79e+00
  ==> Abs. Max. Deriv.          7.86e-02
  ==> Time-Grad. (s)              21.712
  ==> Time-Energy (s)              4.044
  ==> Time-Iter. (s)              25.756

--------------------------------------------------------------------------------
CEO-ADAPT-VQE iteration: 65
--------------------------------------------------------------------------------
    gate        derivative      name       op1       op2       op3        g_unscaled   penalty
   70782       -0.00076298        op     21763     21764                 -0.04959353        65
   70783       -0.00076298        om     21763     21764                 -0.04959353        65
   73962       -0.00073745        op     24169     24170                 -0.04940928        67
   73963       -0.00073745        om     24169     24170                 -0.04940928        67
     382        0.00073698      a_ia       382                            0.00294793         4
     352        0.00069981      a_ia       352                            0.00279922         4
   69976        0.00066321        op     21044     21045                  0.02453881        37
   69977        0.00066321        om     21044     21045                  0.02453881        37
     124        0.00063740      a_ia       124                            0.00254960         4
      90        0.00062758      a_ia        90                            0.00251034         4

  ==> Add operator: op -1: 21763 21764
  ==> Current qubit order: 2  3  44  45  4  5  6  7  20  21  8  0  1  23  42  43  24  25  22  28  29  26  17  16  9  46  14  47  54  18  30  55  19  31  32  33  34  15  10  56  57  27  35  36  11  37  38  39  40  50  41  51  48  52  53  49  64  65  60  59  58  12  66  13  67  61  62  63  68  69  70  71  


  ==> Energy                -164.951094094
  ==> dE                       -1.85e-04
  ==> Gradient Norm             2.79e+00
  ==> Abs. Max. Deriv.          7.86e-02
  ==> Time-Grad. (s)              21.898
  ==> Time-Energy (s)              4.529
  ==> Time-Iter. (s)              26.427

--------------------------------------------------------------------------------
CEO-ADAPT-VQE iteration: 66
--------------------------------------------------------------------------------
    gate        derivative      name       op1       op2       op3        g_unscaled   penalty
     790        0.00213267      a_ia       790                            0.00426534         2
     372        0.00165718      a_ia       372                            0.00331436         2
     352        0.00135444      a_ia       352                            0.00270889         2
   82340        0.00087668        op     30534     30535                  0.04646384        53
   82341        0.00087668        om     30534     30535                  0.04646384        53
   30534        0.00067339    a_iajb     30534                            0.04646384        69
     124        0.00063762      a_ia       124                            0.00255049         4
   73962       -0.00063519        op     24169     24170                 -0.04763956        75
   73963       -0.00063519        om     24169     24170                 -0.04763956        75
   69976        0.00062917        op     21044     21045                  0.02453754        39

  ==> Add operator: a_ia 790
  ==> Current qubit order: 2  3  44  45  4  5  6  7  20  21  8  0  1  23  42  43  24  25  22  28  29  26  17  16  9  46  14  47  54  18  30  55  19  31  32  33  34  15  10  56  57  27  35  36  11  37  38  39  40  50  41  51  48  52  53  49  64  65  60  59  58  12  66  13  67  61  62  63  68  69  70  71  


  ==> Energy                -164.951097298
  ==> dE                       -3.20e-06
  ==> Gradient Norm             2.79e+00
  ==> Abs. Max. Deriv.          7.86e-02
  ==> Time-Grad. (s)              20.892
  ==> Time-Energy (s)              3.580
  ==> Time-Iter. (s)              24.471

--------------------------------------------------------------------------------
CEO-ADAPT-VQE iteration: 67
--------------------------------------------------------------------------------
    gate        derivative      name       op1       op2       op3        g_unscaled   penalty
     372        0.00165567      a_ia       372                            0.00331134         2
     352        0.00134451      a_ia       352                            0.00268902         2
   82341        0.00067340        om     30534     30535                  0.04646469        69
   30534        0.00067340    a_iajb     30534                            0.04646469        69
   82340        0.00067340        op     30534     30535                  0.04646468        69
     124        0.00063554      a_ia       124                            0.00254216         4
      90        0.00063051      a_ia        90                            0.00252204         4
   69976        0.00062917        op     21044     21045                  0.02453764        39
   69977        0.00062917        om     21044     21045                  0.02453764        39
   94568       -0.00058459        op     39896     39898                 -0.05085922        87

  ==> Add operator: a_ia 372
  ==> Current qubit order: 2  3  44  45  4  5  6  7  20  21  8  0  1  23  42  43  24  25  22  28  29  26  17  16  9  46  14  47  54  18  30  55  19  31  32  33  34  15  10  56  57  27  35  36  11  37  38  39  40  50  41  51  48  52  53  49  64  65  60  59  58  12  66  13  67  61  62  63  68  69  70  71  


  ==> Energy                -164.951100832
  ==> dE                       -3.53e-06
  ==> Gradient Norm             2.79e+00
  ==> Abs. Max. Deriv.          7.86e-02
  ==> Time-Grad. (s)              20.862
  ==> Time-Energy (s)              3.987
  ==> Time-Iter. (s)              24.849

--------------------------------------------------------------------------------
CEO-ADAPT-VQE iteration: 68
--------------------------------------------------------------------------------
    gate        derivative      name       op1       op2       op3        g_unscaled   penalty
     352        0.00139049      a_ia       352                            0.00278098         2
   82341        0.00067339        om     30534     30535                  0.04646412        69
   30534        0.00067339    a_iajb     30534                            0.04646411        69
   82340        0.00067339        op     30534     30535                  0.04646411        69
      90        0.00063680      a_ia        90                            0.00254719         4
   69976        0.00062915        op     21044     21045                  0.02453695        39
   69977        0.00062915        om     21044     21045                  0.02453695        39
     124        0.00062906      a_ia       124                            0.00251623         4
   94568       -0.00058459        op     39896     39898                 -0.05085933        87
   82715        0.00058443        om     30806     30807                  0.03565028        61

  ==> Add operator: a_ia 352
  ==> Current qubit order: 2  3  44  45  4  5  6  7  20  21  8  0  1  23  42  43  24  25  22  28  29  26  17  16  9  46  14  47  54  18  30  55  19  31  32  33  34  15  10  56  57  27  35  36  11  37  38  39  40  50  41  51  48  52  53  49  64  65  60  59  58  12  66  13  67  61  62  63  68  69  70  71  


  ==> Energy                -164.951102007
  ==> dE                       -1.18e-06
  ==> Gradient Norm             2.79e+00
  ==> Abs. Max. Deriv.          7.86e-02
  ==> Time-Grad. (s)              21.077
  ==> Time-Energy (s)              3.753
  ==> Time-Iter. (s)              24.830

--------------------------------------------------------------------------------
CEO-ADAPT-VQE iteration: 69
--------------------------------------------------------------------------------
    gate        derivative      name       op1       op2       op3        g_unscaled   penalty
   82341        0.00067316        om     30534     30535                  0.04644800        69
   30534        0.00067316    a_iajb     30534                            0.04644799        69
   82340        0.00067316        op     30534     30535                  0.04644798        69
      90        0.00064064      a_ia        90                            0.00256255         4
   69976        0.00062922        op     21044     21045                  0.02453948        39
   69977        0.00062922        om     21044     21045                  0.02453948        39
     124        0.00062364      a_ia       124                            0.00249455         4
   94568       -0.00058459        op     39896     39898                 -0.05085927        87
   82715        0.00058443        om     30806     30807                  0.03565031        61
   61440        0.00058418        op     14536     14537                  0.04498193        77

  ==> Add operator: om -1: 30534 30535
  ==> Current qubit order: 2  3  44  45  4  5  6  7  20  21  8  0  1  23  42  43  24  25  22  28  29  26  17  16  9  46  47  54  18  30  55  19  31  32  33  14  15  56  57  34  10  27  35  36  11  37  38  39  40  50  41  51  48  52  53  49  64  65  60  59  58  12  66  13  67  61  62  63  68  69  70  71  


  ==> Energy                -164.951262066
  ==> dE                       -1.60e-04
  ==> Gradient Norm             2.79e+00
  ==> Abs. Max. Deriv.          7.86e-02
  ==> Time-Grad. (s)              21.452
  ==> Time-Energy (s)              4.988
  ==> Time-Iter. (s)              26.440

--------------------------------------------------------------------------------
CEO-ADAPT-VQE iteration: 70
--------------------------------------------------------------------------------
    gate        derivative      name       op1       op2       op3        g_unscaled   penalty
     468       -0.00074492      a_ia       468                           -0.00297966         4
   73962       -0.00071680        op     24169     24170                 -0.04945914        69
   24169       -0.00071680    a_iajb     24169                           -0.04945904        69
   73963       -0.00071680        om     24169     24170                 -0.04945893        69
     317        0.00064688      a_ia       317                            0.00258753         4
      90        0.00064072      a_ia        90                            0.00256289         4
   69976        0.00062923        op     21044     21045                  0.02454009        39
   69977        0.00062923        om     21044     21045                  0.02454009        39
     124        0.00062361      a_ia       124                            0.00249444         4
     496       -0.00061019      a_ia       496                           -0.00244076         4

  ==> Add operator: a_ia 468
  ==> Current qubit order: 2  3  44  45  4  5  6  7  20  21  8  0  1  23  42  43  24  25  22  28  29  26  17  16  9  46  47  54  18  30  55  19  31  32  33  15  14  56  57  34  10  27  35  36  11  37  38  39  40  50  41  51  48  52  53  49  64  65  60  59  58  12  66  13  67  61  62  63  68  69  70  71  


  ==> Energy                -164.951263948
  ==> dE                       -1.88e-06
  ==> Gradient Norm             2.79e+00
  ==> Abs. Max. Deriv.          7.86e-02
  ==> Time-Grad. (s)              21.092
  ==> Time-Energy (s)              8.828
  ==> Time-Iter. (s)              29.920

--------------------------------------------------------------------------------
CEO-ADAPT-VQE iteration: 71
--------------------------------------------------------------------------------
    gate        derivative      name       op1       op2       op3        g_unscaled   penalty
   73963       -0.00073709        om     24169     24170                 -0.04938531        67
   24169       -0.00073706    a_iajb     24169                           -0.04938317        67
   73962       -0.00073703        op     24169     24170                 -0.04938104        67
     317        0.00065214      a_ia       317                            0.00260854         4
      90        0.00064619      a_ia        90                            0.00258475         4
   69976        0.00062928        op     21044     21045                  0.02454180        39
   69977        0.00062928        om     21044     21045                  0.02454180        39
     124        0.00061865      a_ia       124                            0.00247461         4
   92680       -0.00059047        op     38416     38418                 -0.05019021        85
   92677       -0.00058461        om     38416     38417                 -0.04969172        85

  ==> Add operator: om -1: 24169 24170
  ==> Current qubit order: 2  3  44  45  4  5  6  7  20  21  8  0  1  23  42  43  24  25  22  28  29  26  17  16  9  46  47  54  18  30  55  19  31  32  33  15  34  10  14  56  57  11  27  35  36  37  38  39  40  50  41  51  48  52  53  49  64  65  60  59  58  12  66  13  67  61  62  63  68  69  70  71  


  ==> Energy                -164.951447113
  ==> dE                       -1.83e-04
  ==> Gradient Norm             2.79e+00
  ==> Abs. Max. Deriv.          7.86e-02
  ==> Time-Grad. (s)              21.212
  ==> Time-Energy (s)              4.313
  ==> Time-Iter. (s)              25.525

--------------------------------------------------------------------------------
CEO-ADAPT-VQE iteration: 72
--------------------------------------------------------------------------------
    gate        derivative      name       op1       op2       op3        g_unscaled   penalty
     382        0.00113468      a_ia       382                            0.00226935         2
     317        0.00065224      a_ia       317                            0.00260895         4
      90        0.00064635      a_ia        90                            0.00258538         4
     124        0.00061861      a_ia       124                            0.00247445         4
   79293        0.00059437        om     28188     28189                  0.05527639        93
   28188        0.00059385    a_iajb     28188                            0.05522772        93
   79292        0.00059332        op     28188     28189                  0.05517905        93
   92680       -0.00059047        op     38416     38418                 -0.05019026        85
   92677       -0.00058461        om     38416     38417                 -0.04969180        85
   38416       -0.00058460    a_iajb     38416                           -0.04969067        85

  ==> Tried operator a_ia 382: gain -7.83e-07 (threshold 1.1e-06), removed and excluded for this stage
  ==> Add operator: a_ia 317
  ==> Current qubit order: 2  3  44  45  4  5  6  7  20  21  8  0  1  23  42  43  24  25  22  28  29  26  17  16  46  9  47  54  18  30  55  19  31  32  33  15  34  10  14  56  57  11  27  35  36  37  38  39  40  50  41  51  48  52  53  49  64  65  60  59  58  12  66  13  67  61  62  63  68  69  70  71  


  ==> Energy                -164.951448627
  ==> dE                       -1.51e-06
  ==> Gradient Norm             2.79e+00
  ==> Abs. Max. Deriv.          7.86e-02
  ==> Time-Grad. (s)              20.359
  ==> Time-Energy (s)              7.601
  ==> Time-Iter. (s)              27.960

--------------------------------------------------------------------------------
CEO-ADAPT-VQE iteration: 73
--------------------------------------------------------------------------------
    gate        derivative      name       op1       op2       op3        g_unscaled   penalty
     382        0.00113731      a_ia       382                            0.00227461         2
      90        0.00064473      a_ia        90                            0.00257892         4
     124        0.00061016      a_ia       124                            0.00244062         4
   79293        0.00059437        om     28188     28189                  0.05527639        93
   28188        0.00059385    a_iajb     28188                            0.05522765        93
   79292        0.00059332        op     28188     28189                  0.05517890        93
   92680       -0.00059047        op     38416     38418                 -0.05019017        85
   92677       -0.00058461        om     38416     38417                 -0.04969222        85
   38416       -0.00058460    a_iajb     38416                           -0.04969115        85
   92676       -0.00058459        op     38416     38417                 -0.04969008        85

  ==> Add operator: om -1: 28188 28189
  ==> Current qubit order: 2  3  44  45  4  5  6  7  20  21  8  0  1  23  42  43  24  25  22  28  29  26  17  16  46  9  47  54  18  30  55  19  31  32  33  15  34  10  14  56  57  11  35  36  37  38  39  40  50  41  51  48  52  53  49  27  65  12  66  64  60  59  58  13  67  61  62  63  68  69  70  71  


  ==> Energy                -164.951657722
  ==> dE                       -2.09e-04
  ==> Gradient Norm             2.79e+00
  ==> Abs. Max. Deriv.          7.86e-02
  ==> Time-Grad. (s)              20.629
  ==> Time-Energy (s)              4.483
  ==> Time-Iter. (s)              25.112

--------------------------------------------------------------------------------
CEO-ADAPT-VQE iteration: 74
--------------------------------------------------------------------------------
    gate        derivative      name       op1       op2       op3        g_unscaled   penalty
     382        0.00113666      a_ia       382                            0.00227331         2
     788        0.00084457      a_ia       788                            0.00337827         4
   79288        0.00076057        op     28184     28185                  0.04487340        59
   28184        0.00075953    a_iajb     28184                            0.04481225        59
   79289        0.00075849        om     28184     28185                  0.04475111        59
     786       -0.00075175      a_ia       786                           -0.00150351         2
      90        0.00064495      a_ia        90                            0.00257980         4
     124        0.00060995      a_ia       124                            0.00243982         4
   92680       -0.00059047        op     38416     38418                 -0.05019023        85
   92677       -0.00058461        om     38416     38417                 -0.04969226        85

  ==> Add operator: a_ia 788
  ==> Current qubit order: 2  3  44  45  4  5  6  7  20  21  8  0  1  23  42  43  24  25  22  28  29  26  17  16  46  9  47  54  18  30  55  19  31  32  33  15  34  10  14  56  57  11  35  36  37  38  39  40  50  41  51  48  52  49  53  27  65  12  66  64  60  59  58  13  67  61  62  63  68  69  70  71  


  ==> Energy                -164.951659822
  ==> dE                       -2.10e-06
  ==> Gradient Norm             2.78e+00
  ==> Abs. Max. Deriv.          7.86e-02
  ==> Time-Grad. (s)              20.192
  ==> Time-Energy (s)              3.491
  ==> Time-Iter. (s)              23.683

--------------------------------------------------------------------------------
CEO-ADAPT-VQE iteration: 75
--------------------------------------------------------------------------------
    gate        derivative      name       op1       op2       op3        g_unscaled   penalty
     382        0.00113432      a_ia       382                            0.00226863         2
   79288        0.00076074        op     28184     28185                  0.04488341        59
   28184        0.00075970    a_iajb     28184                            0.04482230        59
   79289        0.00075866        om     28184     28185                  0.04476119        59
      90        0.00064393      a_ia        90                            0.00257574         4
     124        0.00061118      a_ia       124                            0.00244471         4
   92680       -0.00059047        op     38416     38418                 -0.05019020        85
   92677       -0.00058461        om     38416     38417                 -0.04969206        85
   38416       -0.00058460    a_iajb     38416                           -0.04969099        85
   92676       -0.00058459        op     38416     38417                 -0.04968993        85

  ==> Add operator: mvp2 -1: 28184 28185
  ==> Current qubit order: 2  3  44  45  4  5  6  7  20  21  8  0  1  23  42  43  24  25  22  28  29  26  17  16  46  9  47  54  18  30  55  19  31  32  33  15  34  10  14  56  57  11  35  36  37  38  39  40  50  41  51  48  52  49  53  65  66  60  27  12  64  67  59  58  13  61  62  63  68  69  70  71  


  ==> Energy                -164.951801594
  ==> dE                       -1.42e-04
  ==> Gradient Norm             2.78e+00
  ==> Abs. Max. Deriv.          7.86e-02
  ==> Time-Grad. (s)              20.411
  ==> Time-Energy (s)              7.656
  ==> Time-Iter. (s)              28.067

--------------------------------------------------------------------------------
CEO-ADAPT-VQE iteration: 76
--------------------------------------------------------------------------------
    gate        derivative      name       op1       op2       op3        g_unscaled   penalty
     382        0.00113387      a_ia       382                            0.00226773         2
      90        0.00064405      a_ia        90                            0.00257622         4
     124        0.00061105      a_ia       124                            0.00244418         4
   92680       -0.00059047        op     38416     38418                 -0.05019024        85
   76880       -0.00059033        op     26394     26395                 -0.03128749        53
   26394       -0.00059004    a_iajb     26394                           -0.03127223        53
   76881       -0.00058975        om     26394     26395                 -0.03125697        53
   92677       -0.00058461        om     38416     38417                 -0.04969209        85
   38416       -0.00058460    a_iajb     38416                           -0.04969102        85
   92676       -0.00058459        op     38416     38417                 -0.04968995        85

  ==> Add operator: mvp2 -1: 38416 38418
  ==> Current qubit order: 2  3  44  45  4  5  6  7  20  21  8  0  1  23  43  24  25  22  28  29  42  26  54  18  17  16  46  9  47  30  55  19  31  32  33  15  34  10  14  56  57  11  35  36  37  38  39  40  50  41  51  48  52  49  53  65  66  60  27  12  64  67  59  58  13  61  62  63  68  69  70  71  


  ==> Energy                -164.952113804
  ==> dE                       -3.12e-04
  ==> Gradient Norm             2.78e+00
  ==> Abs. Max. Deriv.          7.86e-02
  ==> Time-Grad. (s)              19.718
  ==> Time-Energy (s)              9.251
  ==> Time-Iter. (s)              28.969

--------------------------------------------------------------------------------
CEO-ADAPT-VQE iteration: 77
--------------------------------------------------------------------------------
    gate        derivative      name       op1       op2       op3        g_unscaled   penalty
     382        0.00114050      a_ia       382                            0.00228101         2
   89275        0.00078718        om     35794     35795                  0.04959236        63
   35794        0.00076543    a_iajb     35794                            0.04822209        63
   89274        0.00074368        op     35794     35795                  0.04685181        63
   70748        0.00064667        op     21729     21730                  0.03815367        59
      90        0.00064403      a_ia        90                            0.00257614         4
   21729        0.00063974    a_iajb     21729                            0.03774461        59
   70749        0.00063281        om     21729     21730                  0.03733555        59
     124        0.00061139      a_ia       124                            0.00244557         4
   87128        0.00060895        op     34116     34117                  0.04932512        81

  ==> Add operator: mvp2 -1: 35794 35795
  ==> Current qubit order: 2  3  44  45  4  5  6  7  20  21  8  0  1  23  24  25  22  28  29  42  26  43  54  18  17  16  46  9  47  30  55  19  31  32  33  15  34  10  14  56  57  11  35  36  37  38  39  40  50  41  51  48  52  49  53  65  66  60  27  12  64  67  59  58  13  61  62  63  68  69  70  71  


  ==> Energy                -164.952609170
  ==> dE                       -4.95e-04
  ==> Gradient Norm             2.78e+00
  ==> Abs. Max. Deriv.          7.86e-02
  ==> Time-Grad. (s)              21.003
  ==> Time-Energy (s)             19.685
  ==> Time-Iter. (s)              40.687

--------------------------------------------------------------------------------
CEO-ADAPT-VQE iteration: 78
--------------------------------------------------------------------------------
    gate        derivative      name       op1       op2       op3        g_unscaled   penalty
     382        0.00121672      a_ia       382                            0.00243344         2
   86948        0.00077434        op     33978     33979                  0.04258875        55
   86953        0.00074609        om     33978     33980                  0.04103503        55
     575       -0.00074358      a_ia       575                           -0.00148717         2
   33978        0.00073799    a_iajb     33978                            0.04058922        55
   86952        0.00072988        op     33978     33980                  0.04014342        55
   86949        0.00070163        om     33978     33979                  0.03858970        55
   70748        0.00064740        op     21729     21730                  0.03819652        59
      90        0.00064534      a_ia        90                            0.00258136         4
   21729        0.00063959    a_iajb     21729                            0.03773575        59

  ==> Add operator: mvp3 -1: 33978 33979 33980
  ==> Current qubit order: 2  3  44  45  4  5  6  7  20  21  8  0  1  23  24  25  22  28  29  26  43  42  54  18  16  17  46  9  47  30  55  19  31  32  33  15  34  10  14  56  57  11  35  36  37  38  39  40  50  41  51  48  52  49  53  65  66  60  27  12  64  67  59  58  13  61  62  63  68  69  70  71  


  ==> Energy                -164.953318627
  ==> dE                       -7.09e-04
  ==> Gradient Norm             2.78e+00
  ==> Abs. Max. Deriv.          7.86e-02
  ==> Time-Grad. (s)              22.650
  ==> Time-Energy (s)             11.423
  ==> Time-Iter. (s)              34.073

--------------------------------------------------------------------------------
CEO-ADAPT-VQE iteration: 79
--------------------------------------------------------------------------------
    gate        derivative      name       op1       op2       op3        g_unscaled   penalty
     382        0.00123038      a_ia       382                            0.00246077         2
    1055        0.00070974      a_ia      1055                            0.00141948         2
   70748        0.00064735        op     21729     21730                  0.03819374        59
      90        0.00064528      a_ia        90                            0.00258113         4
   21729        0.00063935    a_iajb     21729                            0.03772173        59
   70749        0.00063135        om     21729     21730                  0.03724972        59
     124        0.00061267      a_ia       124                            0.00245069         4
   67095        0.00060895        om     18954     18955                  0.03349235        55
   18954        0.00060693    a_iajb     18954                            0.03338142        55
   67094        0.00060492        op     18954     18955                  0.03327048        55

  ==> Add operator: a_ia 1055
  ==> Current qubit order: 2  3  44  45  4  5  6  7  20  21  8  0  1  23  24  25  22  28  29  26  43  42  54  18  16  17  46  9  47  30  55  19  31  32  33  15  34  10  14  56  57  11  35  36  37  38  39  40  50  41  51  48  52  49  53  65  66  60  27  12  64  67  59  58  13  61  62  63  68  69  70  71  


  ==> Energy                -164.953405910
  ==> dE                       -8.73e-05
  ==> Gradient Norm             2.77e+00
  ==> Abs. Max. Deriv.          7.86e-02
  ==> Time-Grad. (s)              24.833
  ==> Time-Energy (s)              3.872
  ==> Time-Iter. (s)              28.705

--------------------------------------------------------------------------------
CEO-ADAPT-VQE iteration: 80
--------------------------------------------------------------------------------
    gate        derivative      name       op1       op2       op3        g_unscaled   penalty
     382        0.00123007      a_ia       382                            0.00246015         2
      90        0.00064845      a_ia        90                            0.00259379         4
   70748        0.00064730        op     21729     21730                  0.03819092        59
   21729        0.00063934    a_iajb     21729                            0.03772114        59
   70749        0.00063138        om     21729     21730                  0.03725136        59
     124        0.00061260      a_ia       124                            0.00245039         4
   67095        0.00060815        om     18954     18955                  0.03344814        55
   18954        0.00060620    a_iajb     18954                            0.03334087        55
   67441        0.00060489        om     19228     19229                  0.02722013        45
   67094        0.00060425        op     18954     18955                  0.03323359        55

  ==> Add operator: mvp2 -1: 21729 21730
  ==> Current qubit order: 2  3  44  45  4  5  6  7  20  21  8  0  1  23  24  25  22  28  29  26  43  42  54  18  16  17  46  9  30  55  19  31  32  33  47  15  10  56  34  14  57  11  35  36  37  38  39  40  50  41  51  48  52  49  53  65  66  60  27  12  64  67  59  58  13  61  62  63  68  69  70  71  


  ==> Energy                -164.953564211
  ==> dE                       -1.58e-04
  ==> Gradient Norm             2.77e+00
  ==> Abs. Max. Deriv.          7.86e-02
  ==> Time-Grad. (s)              26.315
  ==> Time-Energy (s)              7.920
  ==> Time-Iter. (s)              34.236

--------------------------------------------------------------------------------
CEO-ADAPT-VQE iteration: 81
--------------------------------------------------------------------------------
    gate        derivative      name       op1       op2       op3        g_unscaled   penalty
     382        0.00121329      a_ia       382                            0.00242658         2
     549       -0.00069538      a_ia       549                           -0.00556304         8
      90        0.00064919      a_ia        90                            0.00259677         4
     491       -0.00062292      a_ia       491                           -0.00124583         2
     124        0.00061415      a_ia       124                            0.00245659         4
   67095        0.00060816        om     18954     18955                  0.03344863        55
   18954        0.00060616    a_iajb     18954                            0.03333875        55
   67094        0.00060416        op     18954     18955                  0.03322887        55
   92483       -0.00060067        om     38270     38271                 -0.04144619        69
   76880       -0.00059168        op     26394     26395                 -0.03135893        53

  ==> Add operator: a_ia 549
  ==> Current qubit order: 2  3  44  45  4  5  6  7  20  21  8  0  1  23  24  25  22  28  29  26  43  42  54  18  16  46  9  30  17  55  19  31  32  33  47  15  10  56  34  14  57  11  35  36  37  38  39  40  50  41  51  48  52  49  53  65  66  60  27  12  64  67  59  58  13  61  62  63  68  69  70  71  


  ==> Energy                -164.953569569
  ==> dE                       -5.36e-06
  ==> Gradient Norm             2.77e+00
  ==> Abs. Max. Deriv.          7.86e-02
  ==> Time-Grad. (s)              26.553
  ==> Time-Energy (s)              4.655
  ==> Time-Iter. (s)              31.208

--------------------------------------------------------------------------------
CEO-ADAPT-VQE iteration: 82
--------------------------------------------------------------------------------
    gate        derivative      name       op1       op2       op3        g_unscaled   penalty
     382        0.00126729      a_ia       382                            0.00253458         2
      90        0.00065666      a_ia        90                            0.00262664         4
   67095        0.00063104        om     18954     18955                  0.03344510        53
   18954        0.00062901    a_iajb     18954                            0.03333731        53
   67094        0.00062697        op     18954     18955                  0.03322951        53
     124        0.00061734      a_ia       124                            0.00246935         4
   92483       -0.00060066        om     38270     38271                 -0.04144561        69
   76880       -0.00059169        op     26394     26395                 -0.03135942        53
   26394       -0.00059140    a_iajb     26394                           -0.03134394        53
   76881       -0.00059110        om     26394     26395                 -0.03132845        53

  ==> Add operator: mvp2 -1: 18954 18955
  ==> Current qubit order: 2  3  44  45  4  5  6  7  20  21  8  0  1  23  24  25  22  28  29  26  42  43  54  16  9  18  46  30  17  55  19  31  32  33  47  15  10  56  34  14  57  11  35  36  37  38  39  40  50  41  51  48  52  49  53  65  66  60  27  12  64  67  59  58  13  61  62  63  68  69  70  71  


  ==> Energy                -164.953685150
  ==> dE                       -1.16e-04
  ==> Gradient Norm             2.77e+00
  ==> Abs. Max. Deriv.          7.86e-02
  ==> Time-Grad. (s)              26.986
  ==> Time-Energy (s)              7.039
  ==> Time-Iter. (s)              34.025

--------------------------------------------------------------------------------
CEO-ADAPT-VQE iteration: 83
--------------------------------------------------------------------------------
    gate        derivative      name       op1       op2       op3        g_unscaled   penalty
     382        0.00128165      a_ia       382                            0.00256331         2
      90        0.00065769      a_ia        90                            0.00263075         4
     124        0.00061909      a_ia       124                            0.00247634         4
   76880       -0.00059170        op     26394     26395                 -0.03135990        53
   26394       -0.00059140    a_iajb     26394                           -0.03134445        53
   76881       -0.00059111        om     26394     26395                 -0.03132900        53
   89387        0.00059089        om     35906     35907                  0.03131705        53
   35906        0.00057921    a_iajb     35906                            0.03069807        53
   92483       -0.00057872        om     38270     38271                 -0.04108945        71
   82296       -0.00057379        op     30490     30491                 -0.03385381        59

  ==> Add operator: op -1: 26394 26395
  ==> Current qubit order: 2  3  44  45  4  5  6  7  20  21  8  0  1  23  24  25  22  28  29  26  42  43  54  16  9  18  46  30  17  55  19  31  32  33  47  15  10  56  34  14  57  11  35  36  37  38  39  40  50  41  51  48  52  49  53  65  66  60  27  12  64  67  13  59  58  61  62  63  68  69  70  71  


  ==> Energy                -164.953747167
  ==> dE                       -6.20e-05
  ==> Gradient Norm             2.77e+00
  ==> Abs. Max. Deriv.          7.86e-02
  ==> Time-Grad. (s)              27.380
  ==> Time-Energy (s)              4.718
  ==> Time-Iter. (s)              32.098

--------------------------------------------------------------------------------
CEO-ADAPT-VQE iteration: 84
--------------------------------------------------------------------------------
    gate        derivative      name       op1       op2       op3        g_unscaled   penalty
     382        0.00128243      a_ia       382                            0.00256486         2
      90        0.00065765      a_ia        90                            0.00263061         4
     124        0.00061923      a_ia       124                            0.00247690         4
   89387        0.00059088        om     35906     35907                  0.03131662        53
   35906        0.00057920    a_iajb     35906                            0.03069763        53
   92483       -0.00057872        om     38270     38271                 -0.04108933        71
   82296       -0.00057379        op     30490     30491                 -0.03385384        59
     371        0.00057205      a_ia       371                            0.00114409         2
   89386        0.00056752        op     35906     35907                  0.03007864        53
   76883       -0.00056519        om     26396     26397                 -0.02995485        53

  ==> Add operator: mvp2 -1: 35906 35907
  ==> Current qubit order: 2  3  44  45  4  5  6  7  20  21  8  0  1  23  24  25  22  28  29  26  42  43  16  9  54  18  17  55  46  30  19  31  32  33  47  15  10  56  34  14  57  11  35  36  37  38  39  40  50  41  51  48  52  49  53  65  66  60  27  12  64  67  13  59  58  61  62  63  68  69  70  71  


  ==> Energy                -164.953907699
  ==> dE                       -1.61e-04
  ==> Gradient Norm             2.77e+00
  ==> Abs. Max. Deriv.          7.86e-02
  ==> Time-Grad. (s)              27.086
  ==> Time-Energy (s)              7.791
  ==> Time-Iter. (s)              34.878

--------------------------------------------------------------------------------
CEO-ADAPT-VQE iteration: 85
--------------------------------------------------------------------------------
    gate        derivative      name       op1       op2       op3        g_unscaled   penalty
     382        0.00126152      a_ia       382                            0.00252305         2
     575       -0.00118452      a_ia       575                           -0.00236905         2
      90        0.00065694      a_ia        90                            0.00262778         4
     124        0.00061949      a_ia       124                            0.00247796         4
     371        0.00058101      a_ia       371                            0.00116203         2
     491       -0.00057981      a_ia       491                           -0.00115962         2
   82296       -0.00057380        op     30490     30491                 -0.03385442        59
   76883       -0.00056519        om     26396     26397                 -0.02995482        53
   26396       -0.00056514    a_iajb     26396                           -0.02995229        53
   76882       -0.00056509        op     26396     26397                 -0.02994976        53

  ==> Add operator: a_ia 575
  ==> Current qubit order: 2  3  44  45  4  5  6  7  20  21  8  0  1  23  24  25  22  28  29  26  42  43  16  9  54  18  17  55  46  30  19  31  32  33  47  15  10  56  34  14  57  11  35  36  37  38  39  40  50  41  51  48  52  49  53  65  66  60  27  12  64  67  13  59  58  61  62  63  68  69  70  71  


  ==> Energy                -164.954237921
  ==> dE                       -3.30e-04
  ==> Gradient Norm             2.77e+00
  ==> Abs. Max. Deriv.          7.86e-02
  ==> Time-Grad. (s)              27.455
  ==> Time-Energy (s)             39.500
  ==> Time-Iter. (s)              66.955

--------------------------------------------------------------------------------
CEO-ADAPT-VQE iteration: 86
--------------------------------------------------------------------------------
    gate        derivative      name       op1       op2       op3        g_unscaled   penalty
     382        0.00131296      a_ia       382                            0.00262593         2
     491       -0.00069459      a_ia       491                           -0.00138917         2
      90        0.00065818      a_ia        90                            0.00263271         4
     124        0.00061705      a_ia       124                            0.00246821         4
     371        0.00061490      a_ia       371                            0.00122980         2
     457       -0.00059245      a_ia       457                           -0.00118490         2
   92483       -0.00058276        om     38270     38271                 -0.04370717        75
   82296       -0.00057426        op     30490     30491                 -0.03388109        59
   73924        0.00056707        op     24131     24132                  0.03118880        55
   76883       -0.00056704        om     26396     26397                 -0.03005310        53

  ==> Tried operator a_ia 491: gain -4.56e-07 (threshold 1.3e-06), removed and excluded for this stage
  ==> Add operator: a_ia 371
  ==> Current qubit order: 2  3  44  45  4  5  6  7  20  21  8  0  1  23  24  25  22  28  29  26  42  43  16  9  54  18  17  55  46  30  19  31  32  33  47  15  10  56  34  14  57  11  35  36  37  38  39  40  50  41  51  48  52  49  53  65  66  60  27  12  64  67  13  59  58  61  62  63  68  69  70  71  


  ==> Energy                -164.954366140
  ==> dE                       -1.28e-04
  ==> Gradient Norm             2.77e+00
  ==> Abs. Max. Deriv.          7.86e-02
  ==> Time-Grad. (s)              27.704
  ==> Time-Energy (s)              8.609
  ==> Time-Iter. (s)              36.313

--------------------------------------------------------------------------------
CEO-ADAPT-VQE iteration: 87
--------------------------------------------------------------------------------
    gate        derivative      name       op1       op2       op3        g_unscaled   penalty
     382        0.00129099      a_ia       382                            0.00258199         2
     491       -0.00075451      a_ia       491                           -0.00150902         2
      90        0.00065941      a_ia        90                            0.00263764         4
     457       -0.00063693      a_ia       457                           -0.00127387         2
     124        0.00061748      a_ia       124                            0.00246994         4
   92483       -0.00058285        om     38270     38271                 -0.04371384        75
   82296       -0.00057433        op     30490     30491                 -0.03388553        59
   73924        0.00056866        op     24131     24132                  0.03127615        55
   76883       -0.00056703        om     26396     26397                 -0.03005240        53
   26396       -0.00056697    a_iajb     26396                           -0.03004967        53

  ==> Add operator: a_ia 457
  ==> Current qubit order: 2  3  44  45  4  5  6  7  20  21  8  0  1  23  24  25  22  28  29  26  42  43  16  9  54  18  17  55  46  30  19  31  32  33  47  15  10  56  34  14  57  11  35  36  37  38  39  40  50  41  51  48  52  49  53  65  66  60  27  12  64  67  13  59  58  61  62  63  68  69  70  71  


  ==> Energy                -164.954532326
  ==> dE                       -1.66e-04
  ==> Gradient Norm             2.77e+00
  ==> Abs. Max. Deriv.          7.86e-02
  ==> Time-Grad. (s)              26.392
  ==> Time-Energy (s)              4.624
  ==> Time-Iter. (s)              31.016

--------------------------------------------------------------------------------
CEO-ADAPT-VQE iteration: 88
--------------------------------------------------------------------------------
    gate        derivative      name       op1       op2       op3        g_unscaled   penalty
     382        0.00128694      a_ia       382                            0.00257388         2
     491       -0.00078036      a_ia       491                           -0.00156071         2
      90        0.00065950      a_ia        90                            0.00263799         4
     124        0.00061748      a_ia       124                            0.00246993         4
   92483       -0.00058285        om     38270     38271                 -0.04371407        75
   82296       -0.00057310        op     30490     30491                 -0.03381294        59
     928        0.00056901      a_ia       928                            0.00113803         2
   73924        0.00056706        op     24131     24132                  0.03118816        55
   76883       -0.00056703        om     26396     26397                 -0.03005236        53
   26396       -0.00056697    a_iajb     26396                           -0.03004962        53

  ==> Add operator: mvp2 -1: 38270 38271
  ==> Current qubit order: 2  3  44  45  4  5  6  7  20  21  8  0  1  23  24  22  28  29  26  25  43  54  18  42  16  9  17  55  46  30  19  31  32  33  47  15  10  56  34  14  57  11  35  36  37  38  39  40  50  41  51  48  52  49  53  65  66  60  27  12  64  67  13  59  58  61  62  63  68  69  70  71  


  ==> Energy                -164.954907095
  ==> dE                       -3.75e-04
  ==> Gradient Norm             2.76e+00
  ==> Abs. Max. Deriv.          7.86e-02
  ==> Time-Grad. (s)              25.302
  ==> Time-Energy (s)              9.827
  ==> Time-Iter. (s)              35.129

--------------------------------------------------------------------------------
CEO-ADAPT-VQE iteration: 89
--------------------------------------------------------------------------------
    gate        derivative      name       op1       op2       op3        g_unscaled   penalty
     382        0.00130239      a_ia       382                            0.00260478         2
     491       -0.00082238      a_ia       491                           -0.00164476         2
     739        0.00068090      a_ia       739                            0.00136180         2
   92314        0.00067239        op     38155     38157                  0.04908480        73
      90        0.00065961      a_ia        90                            0.00263845         4
   92311        0.00064997        om     38155     38156                  0.04744795        73
   38155        0.00064786    a_iajb     38155                            0.04729392        73
   92310        0.00064575        op     38155     38156                  0.04713989        73
   92315        0.00062333        om     38155     38157                  0.04550303        73
     124        0.00061764      a_ia       124                            0.00247054         4

  ==> Tried operator a_ia 739: gain -5.65e-07 (threshold 1.6e-06), removed and excluded for this stage
  ==> Add operator: mvp3 -1: 38155 38156 38157
  ==> Current qubit order: 2  3  44  45  4  5  6  7  20  21  8  0  1  23  22  28  29  26  24  54  18  42  25  43  16  9  17  55  46  30  19  31  32  33  47  15  10  56  34  14  57  11  35  36  37  38  39  40  50  41  51  48  52  49  53  65  66  60  27  12  64  67  13  59  58  61  62  63  68  69  70  71  


  ==> Energy                -164.955491102
  ==> dE                       -5.84e-04
  ==> Gradient Norm             2.76e+00
  ==> Abs. Max. Deriv.          7.86e-02
  ==> Time-Grad. (s)              25.329
  ==> Time-Energy (s)             17.273
  ==> Time-Iter. (s)              42.602

--------------------------------------------------------------------------------
CEO-ADAPT-VQE iteration: 90
--------------------------------------------------------------------------------
    gate        derivative      name       op1       op2       op3        g_unscaled   penalty
     722       -0.00147569      a_ia       722                           -0.00295137         2
     382        0.00132567      a_ia       382                            0.00265133         2
     491       -0.00087882      a_ia       491                           -0.00175763         2
     739        0.00067704      a_ia       739                            0.00135408         2
      90        0.00066002      a_ia        90                            0.00264010         4
     124        0.00061836      a_ia       124                            0.00247344         4
   91819        0.00058678        om     37792     37793                  0.04635581        79
   82296       -0.00057326        op     30490     30491                 -0.03382236        59
   37792        0.00057124    a_iajb     37792                            0.04512780        79
   73924        0.00056727        op     24131     24132                  0.03120008        55

  ==> Tried operator a_ia 722: gain -1.53e-06 (threshold 1.6e-06), removed and excluded for this stage
  ==> Add operator: mvp2 -1: 37792 37793
  ==> Current qubit order: 2  3  44  45  4  5  6  7  20  8  0  1  23  22  28  29  26  24  21  54  18  55  42  25  43  16  9  17  46  30  19  31  32  33  47  15  10  56  34  14  57  11  35  36  37  38  39  40  50  41  51  48  52  49  53  65  66  60  27  12  64  67  13  59  58  61  62  63  68  69  70  71  


  ==> Energy                -164.955877986
  ==> dE                       -3.87e-04
  ==> Gradient Norm             2.76e+00
  ==> Abs. Max. Deriv.          7.86e-02
  ==> Time-Grad. (s)              25.341
  ==> Time-Energy (s)             13.777
  ==> Time-Iter. (s)              39.118

--------------------------------------------------------------------------------
CEO-ADAPT-VQE iteration: 91
--------------------------------------------------------------------------------
    gate        derivative      name       op1       op2       op3        g_unscaled   penalty
     382        0.00133832      a_ia       382                            0.00267665         2
     491       -0.00089157      a_ia       491                           -0.00178314         2
     745       -0.00087981      a_ia       745                           -0.00351922         4
     722       -0.00074149      a_ia       722                           -0.00296596         4
     739        0.00066638      a_ia       739                            0.00133277         2
      90        0.00066053      a_ia        90                            0.00264211         4
     124        0.00061821      a_ia       124                            0.00247282         4
   82296       -0.00057328        op     30490     30491                 -0.03382348        59
   73924        0.00056732        op     24131     24132                  0.03120249        55
   76883       -0.00056698        om     26396     26397                 -0.03005014        53

  ==> Add operator: a_ia 745
  ==> Current qubit order: 2  3  44  45  4  5  6  7  20  8  0  1  23  22  28  29  26  24  21  54  18  42  55  25  43  16  9  17  46  30  19  31  32  33  47  15  10  56  34  14  57  11  35  36  37  38  39  40  50  41  51  48  52  49  53  65  66  60  27  12  64  67  13  59  58  61  62  63  68  69  70  71  


  ==> Energy                -164.955880160
  ==> dE                       -2.17e-06
  ==> Gradient Norm             2.76e+00
  ==> Abs. Max. Deriv.          7.86e-02
  ==> Time-Grad. (s)              24.430
  ==> Time-Energy (s)              4.132
  ==> Time-Iter. (s)              28.562

--------------------------------------------------------------------------------
CEO-ADAPT-VQE iteration: 92
--------------------------------------------------------------------------------
    gate        derivative      name       op1       op2       op3        g_unscaled   penalty
     382        0.00134251      a_ia       382                            0.00268502         2
     491       -0.00088542      a_ia       491                           -0.00177083         2
     722       -0.00073708      a_ia       722                           -0.00294832         4
     739        0.00066700      a_ia       739                            0.00133401         2
      90        0.00066092      a_ia        90                            0.00264367         4
    1069        0.00063077      a_ia      1069                            0.00252308         4
     124        0.00061806      a_ia       124                            0.00247225         4
   82296       -0.00057328        op     30490     30491                 -0.03382360        59
   73924        0.00056732        op     24131     24132                  0.03120277        55
   76883       -0.00056698        om     26396     26397                 -0.03004977        53

  ==> Add operator: a_ia 1069
  ==> Current qubit order: 2  3  44  45  4  5  6  7  20  8  0  1  23  22  28  29  26  24  21  54  18  42  25  55  43  16  9  17  46  30  19  31  32  33  47  15  10  56  34  14  57  11  35  36  37  38  39  40  50  41  51  48  52  49  53  65  66  60  27  12  64  67  13  59  58  61  62  63  68  69  70  71  


  ==> Energy                -164.956119548
  ==> dE                       -2.39e-04
  ==> Gradient Norm             2.76e+00
  ==> Abs. Max. Deriv.          7.86e-02
  ==> Time-Grad. (s)              24.543
  ==> Time-Energy (s)              4.448
  ==> Time-Iter. (s)              28.991

--------------------------------------------------------------------------------
CEO-ADAPT-VQE iteration: 93
--------------------------------------------------------------------------------
    gate        derivative      name       op1       op2       op3        g_unscaled   penalty
     382        0.00135235      a_ia       382                            0.00270471         2
     491       -0.00089690      a_ia       491                           -0.00179380         2
     722       -0.00073123      a_ia       722                           -0.00292493         4
      90        0.00066041      a_ia        90                            0.00264163         4
     124        0.00062219      a_ia       124                            0.00248877         4
   82296       -0.00057328        op     30490     30491                 -0.03382380        59
   73924        0.00056724        op     24131     24132                  0.03119809        55
   76883       -0.00056660        om     26396     26397                 -0.03002996        53
   26396       -0.00056655    a_iajb     26396                           -0.03002718        53
   76882       -0.00056650        op     26396     26397                 -0.03002440        53

  ==> Add operator: mvp2 -1: 30490 30491
  ==> Current qubit order: 2  3  44  45  4  5  6  7  20  8  0  1  23  22  28  29  26  24  21  54  18  42  25  55  43  16  9  17  46  30  19  31  32  33  47  15  56  14  10  34  57  11  35  36  37  38  39  40  50  41  51  48  52  49  53  65  66  60  27  12  64  67  13  59  58  61  62  63  68  69  70  71  


  ==> Energy                -164.956330155
  ==> dE                       -2.11e-04
  ==> Gradient Norm             2.76e+00
  ==> Abs. Max. Deriv.          7.86e-02
  ==> Time-Grad. (s)              25.914
  ==> Time-Energy (s)              9.903
  ==> Time-Iter. (s)              35.816

--------------------------------------------------------------------------------
CEO-ADAPT-VQE iteration: 94
--------------------------------------------------------------------------------
    gate        derivative      name       op1       op2       op3        g_unscaled   penalty
     382        0.00133360      a_ia       382                            0.00266720         2
     722       -0.00073334      a_ia       722                           -0.00293336         4
     491       -0.00069015      a_ia       491                           -0.00138031         2
      90        0.00066125      a_ia        90                            0.00264500         4
     124        0.00062420      a_ia       124                            0.00249679         4
   69976        0.00060146        op     21044     21045                  0.02465992        41
   69977        0.00060146        om     21044     21045                  0.02465992        41
   76883       -0.00056660        om     26396     26397                 -0.03002990        53
   26396       -0.00056655    a_iajb     26396                           -0.03002711        53
   76882       -0.00056650        op     26396     26397                 -0.03002433        53

  ==> Add operator: op -1: 21044 21045
  ==> Current qubit order: 2  3  44  45  4  5  6  7  20  8  0  1  23  22  28  29  26  24  21  54  18  42  25  55  43  16  9  17  46  30  19  31  32  33  47  15  56  14  34  57  10  11  38  39  35  36  37  40  50  41  51  48  52  49  53  65  66  60  27  12  64  67  13  59  58  61  62  63  68  69  70  71  


  ==> Energy                -164.956623995
  ==> dE                       -2.94e-04
  ==> Gradient Norm             2.75e+00
  ==> Abs. Max. Deriv.          7.86e-02
  ==> Time-Grad. (s)              26.035
  ==> Time-Energy (s)             23.991
  ==> Time-Iter. (s)              50.026

--------------------------------------------------------------------------------
CEO-ADAPT-VQE iteration: 95
--------------------------------------------------------------------------------
    gate        derivative      name       op1       op2       op3        g_unscaled   penalty
     575        0.00111723      a_ia       575                            0.00223445         2
     491       -0.00085621      a_ia       491                           -0.00171241         2
     382        0.00080250      a_ia       382                            0.00321002         4
     722       -0.00079172      a_ia       722                           -0.00316688         4
      90        0.00066388      a_ia        90                            0.00265550         4
     124        0.00062731      a_ia       124                            0.00250924         4
   76883       -0.00056561        om     26396     26397                 -0.02997717        53
   26396       -0.00056555    a_iajb     26396                           -0.02997407        53
   76882       -0.00056549        op     26396     26397                 -0.02997097        53
   73924        0.00054131        op     24131     24132                  0.03085480        57

  ==> Add operator: om -1: 26396 26397
  ==> Current qubit order: 2  3  44  45  4  5  6  7  20  8  0  1  23  22  28  29  26  24  21  54  18  42  25  55  43  16  9  17  46  30  19  31  32  33  47  15  56  14  34  57  10  11  38  39  35  36  37  40  50  41  51  48  52  49  53  60  65  66  12  13  27  64  67  59  58  61  62  63  68  69  70  71  


  ==> Energy                -164.956680674
  ==> dE                       -5.67e-05
  ==> Gradient Norm             2.75e+00
  ==> Abs. Max. Deriv.          7.86e-02
  ==> Time-Grad. (s)              25.993
  ==> Time-Energy (s)              5.214
  ==> Time-Iter. (s)              31.207

--------------------------------------------------------------------------------
CEO-ADAPT-VQE iteration: 96
--------------------------------------------------------------------------------
    gate        derivative      name       op1       op2       op3        g_unscaled   penalty
     575        0.00112077      a_ia       575                            0.00224154         2
     491       -0.00085511      a_ia       491                           -0.00171023         2
     382        0.00080289      a_ia       382                            0.00321157         4
     722       -0.00079158      a_ia       722                           -0.00316631         4
      90        0.00066402      a_ia        90                            0.00265607         4
     124        0.00062726      a_ia       124                            0.00250905         4
   73924        0.00054131        op     24131     24132                  0.03085483        57
   24131        0.00053048    a_iajb     24131                            0.03023736        57
     905       -0.00052430      a_ia       905                           -0.00104859         2
   73925        0.00051965        om     24131     24132                  0.02961988        57

  ==> Tried operator a_ia 575: gain -9.06e-07 (threshold 1.9e-06), removed and excluded for this stage
  ==> Add operator: mvp2 -1: 24131 24132
  ==> Current qubit order: 2  3  44  45  4  5  6  7  20  8  0  1  23  22  28  29  26  24  21  54  18  42  25  55  43  16  9  17  46  30  19  31  32  33  15  47  56  14  11  34  57  10  38  39  35  36  37  40  50  41  51  48  52  49  53  60  65  66  12  13  27  64  67  59  58  61  62  63  68  69  70  71  


  ==> Energy                -164.956793843
  ==> dE                       -1.13e-04
  ==> Gradient Norm             2.75e+00
  ==> Abs. Max. Deriv.          7.86e-02
  ==> Time-Grad. (s)              26.132
  ==> Time-Energy (s)             14.957
  ==> Time-Iter. (s)              41.089

--------------------------------------------------------------------------------
CEO-ADAPT-VQE iteration: 97
--------------------------------------------------------------------------------
    gate        derivative      name       op1       op2       op3        g_unscaled   penalty
     575        0.00112488      a_ia       575                            0.00224977         2
     343        0.00088555      a_ia       343                            0.00177109         2
     491       -0.00086367      a_ia       491                           -0.00172733         2
     722       -0.00079176      a_ia       722                           -0.00316706         4
     382        0.00075180      a_ia       382                            0.00300722         4
      90        0.00066337      a_ia        90                            0.00265348         4
   73911        0.00064423        om     24117     24118                  0.03800983        59
     124        0.00062949      a_ia       124                            0.00251798         4
   24117        0.00062623    a_iajb     24117                            0.03694738        59
   73910        0.00060822        op     24117     24118                  0.03588494        59

  ==> Tried operator a_ia 343: gain -8.71e-07 (threshold 1.6e-06), removed and excluded for this stage
  ==> Add operator: mvp2 -1: 24117 24118
  ==> Current qubit order: 2  3  44  45  4  5  6  7  20  8  0  1  23  22  28  29  26  24  21  54  18  42  25  55  43  16  9  17  30  19  31  32  33  15  47  56  46  14  11  57  34  10  38  39  35  36  37  40  50  41  51  48  52  49  53  60  65  66  12  13  27  64  67  59  58  61  62  63  68  69  70  71  


  ==> Energy                -164.957024371
  ==> dE                       -2.31e-04
  ==> Gradient Norm             2.75e+00
  ==> Abs. Max. Deriv.          7.86e-02
  ==> Time-Grad. (s)              25.891
  ==> Time-Energy (s)             13.643
  ==> Time-Iter. (s)              39.534

--------------------------------------------------------------------------------
CEO-ADAPT-VQE iteration: 98
--------------------------------------------------------------------------------
    gate        derivative      name       op1       op2       op3        g_unscaled   penalty
     382        0.00125911      a_ia       382                            0.00251823         2
     575        0.00110083      a_ia       575                            0.00220166         2
     343        0.00086228      a_ia       343                            0.00172457         2
     491       -0.00085815      a_ia       491                           -0.00171631         2
     722       -0.00079218      a_ia       722                           -0.00316871         4
   70565       -0.00072797        om     21544     21546                 -0.03421478        47
   70560       -0.00070632        op     21544     21545                 -0.03319710        47
   21544       -0.00070547    a_iajb     21544                           -0.03315698        47
   70561       -0.00070461        om     21544     21545                 -0.03311686        47
   70564       -0.00068296        op     21544     21546                 -0.03209918        47

  ==> Add operator: mvp2 -1: 21544 21546
  ==> Current qubit order: 2  3  44  45  4  5  6  7  20  8  0  1  23  22  28  29  26  24  21  54  18  42  25  55  43  16  9  17  30  19  31  32  33  15  47  56  46  14  10  11  57  34  38  39  35  36  37  40  50  41  51  48  52  49  53  60  65  66  12  13  27  64  67  59  58  61  62  63  68  69  70  71  


  ==> Energy                -164.957195262
  ==> dE                       -1.71e-04
  ==> Gradient Norm             2.75e+00
  ==> Abs. Max. Deriv.          7.86e-02
  ==> Time-Grad. (s)              26.188
  ==> Time-Energy (s)              9.405
  ==> Time-Iter. (s)              35.593

--------------------------------------------------------------------------------
CEO-ADAPT-VQE iteration: 99
--------------------------------------------------------------------------------
    gate        derivative      name       op1       op2       op3        g_unscaled   penalty
     382        0.00125409      a_ia       382                            0.00250818         2
     575        0.00109500      a_ia       575                            0.00218999         2
     491       -0.00086730      a_ia       491                           -0.00173460         2
     722       -0.00079123      a_ia       722                           -0.00316491         4
      90        0.00066501      a_ia        90                            0.00266005         4
   82275       -0.00066337        om     30468     30469                 -0.03781213        57
     347        0.00065869      a_ia       347                            0.00263475         4
   30468       -0.00064438    a_iajb     30468                           -0.03672958        57
     124        0.00063157      a_ia       124                            0.00252627         4
   82274       -0.00062539        op     30468     30469                 -0.03564703        57

  ==> Add operator: mvp2 -1: 30468 30469
  ==> Current qubit order: 2  3  44  45  4  5  6  7  20  8  0  1  23  22  28  29  26  24  21  54  18  42  25  55  43  16  9  17  30  19  31  32  33  47  56  15  46  14  57  10  11  34  38  39  35  36  37  40  50  41  51  48  52  49  53  60  65  66  12  13  27  64  67  59  58  61  62  63  68  69  70  71  


  ==> Energy                -164.957443211
  ==> dE                       -2.48e-04
  ==> Gradient Norm             2.75e+00
  ==> Abs. Max. Deriv.          7.86e-02
  ==> Time-Grad. (s)              26.794
  ==> Time-Energy (s)             10.238
  ==> Time-Iter. (s)              37.031

--------------------------------------------------------------------------------
CEO-ADAPT-VQE iteration: 100
--------------------------------------------------------------------------------
    gate        derivative      name       op1       op2       op3        g_unscaled   penalty
     575        0.00106860      a_ia       575                            0.00213720         2
     722       -0.00079345      a_ia       722                           -0.00317382         4
      90        0.00066598      a_ia        90                            0.00266392         4
     124        0.00063305      a_ia       124                            0.00253219         4
  101510        0.00061927        op     45270     45271                  0.01548175        25
  101511        0.00061927        om     45270     45271                  0.01548175        25
   70107       -0.00053518        om     21174     21175                 -0.02301270        43
     905       -0.00052636      a_ia       905                           -0.00105272         2
   21174       -0.00051450    a_iajb     21174                           -0.02212341        43
   70106       -0.00049382        op     21174     21175                 -0.02123413        43

  ==> Add operator: op -1: 45270 45271
  ==> Current qubit order: 2  3  44  45  4  5  6  7  20  8  0  1  23  22  28  29  26  24  21  54  18  42  25  55  43  16  9  17  30  19  31  32  33  47  56  15  46  14  57  10  11  34  38  39  35  36  37  40  50  41  51  48  52  49  53  60  65  66  12  13  27  64  67  59  58  61  62  63  68  69  70  71  


  ==> Energy                -164.957486940
  ==> dE                       -4.37e-05
  ==> Gradient Norm             2.75e+00
  ==> Abs. Max. Deriv.          7.86e-02
  ==> Time-Grad. (s)              26.998
  ==> Time-Energy (s)              4.734
  ==> Time-Iter. (s)              31.732

--------------------------------------------------------------------------------
CEO-ADAPT-VQE iteration: 101
--------------------------------------------------------------------------------
    gate        derivative      name       op1       op2       op3        g_unscaled   penalty
     575        0.00106873      a_ia       575                            0.00213746         2
     722       -0.00079348      a_ia       722                           -0.00317391         4
      90        0.00066600      a_ia        90                            0.00266401         4
     124        0.00063307      a_ia       124                            0.00253227         4
   70107       -0.00053518        om     21174     21175                 -0.02301265        43
     905       -0.00052616      a_ia       905                           -0.00105231         2
   21174       -0.00051450    a_iajb     21174                           -0.02212337        43
   70106       -0.00049382        op     21174     21175                 -0.02123408        43
   87276       -0.00049058        op     34264     34265                 -0.05935963       121
   70196        0.00048937        op     21264     21265                  0.06117183       125

  ==> Add operator: mvp2 -1: 21174 21175
  ==> Current qubit order: 2  3  44  45  4  5  6  7  20  8  0  1  23  22  28  29  26  24  21  54  18  42  25  55  43  16  9  17  30  19  31  32  33  47  56  15  14  46  57  10  11  34  38  39  35  36  37  40  50  41  51  48  52  49  53  60  65  66  12  13  27  64  67  59  58  61  62  63  68  69  70  71  


  ==> Energy                -164.957620289
  ==> dE                       -1.33e-04
  ==> Gradient Norm             2.75e+00
  ==> Abs. Max. Deriv.          7.86e-02
  ==> Time-Grad. (s)              25.841
  ==> Time-Energy (s)             10.106
  ==> Time-Iter. (s)              35.947

--------------------------------------------------------------------------------
CEO-ADAPT-VQE iteration: 102
--------------------------------------------------------------------------------
    gate        derivative      name       op1       op2       op3        g_unscaled   penalty
     575        0.00106584      a_ia       575                            0.00213167         2
     722       -0.00079654      a_ia       722                           -0.00318617         4
      90        0.00066735      a_ia        90                            0.00266940         4
     347        0.00065666      a_ia       347                            0.00262665         4
     124        0.00063360      a_ia       124                            0.00253439         4
     905       -0.00053300      a_ia       905                           -0.00106599         2
   70733        0.00052995        om     21713     21714                  0.03126734        59
   21713        0.00051976    a_iajb     21713                            0.03066561        59
   70732        0.00050956        op     21713     21714                  0.03006389        59
     937        0.00049845      a_ia       937                            0.00099689         2

  ==> Tried operator a_ia 347: gain -1.61e-06 (threshold 1.7e-06), removed and excluded for this stage
  ==> Tried operator a_ia 905: gain -3.44e-07 (threshold 1.7e-06), removed and excluded for this stage
  ==> Add operator: mvp2 -1: 21713 21714
  ==> Current qubit order: 2  3  44  45  4  5  6  7  20  8  0  1  23  22  28  29  26  24  21  54  18  42  25  55  43  16  9  17  30  19  31  32  33  47  56  14  15  46  57  10  11  34  38  39  35  36  37  40  50  41  51  48  52  49  53  60  65  66  12  13  27  64  67  59  58  61  62  63  68  69  70  71  


  ==> Energy                -164.957737111
  ==> dE                       -1.17e-04
  ==> Gradient Norm             2.75e+00
  ==> Abs. Max. Deriv.          7.86e-02
  ==> Time-Grad. (s)              26.185
  ==> Time-Energy (s)             19.843
  ==> Time-Iter. (s)              46.027

--------------------------------------------------------------------------------
CEO-ADAPT-VQE iteration: 103
--------------------------------------------------------------------------------
    gate        derivative      name       op1       op2       op3        g_unscaled   penalty
     575        0.00106762      a_ia       575                            0.00213525         2
     722       -0.00079932      a_ia       722                           -0.00319729         4
      90        0.00066828      a_ia        90                            0.00267311         4
     347        0.00064790      a_ia       347                            0.00259159         4
     124        0.00063424      a_ia       124                            0.00253696         4
     905       -0.00052891      a_ia       905                           -0.00105782         2
     937        0.00050580      a_ia       937                            0.00101161         2
     468        0.00049435      a_ia       468                            0.00098871         2
   87276       -0.00049052        op     34264     34265                 -0.05935299       121
   70196        0.00048870        op     21264     21265                  0.06108802       125

  ==> Tried operator a_ia 937: gain -4.63e-07 (threshold 1.7e-06), removed and excluded for this stage
  ==> Tried operator a_ia 468: gain -1.50e-07 (threshold 1.7e-06), removed and excluded for this stage
  ==> Add operator: mvp2 -1: 34264 34265
  ==> Current qubit order: 2  3  44  45  4  5  6  7  20  8  0  1  23  22  28  29  26  24  21  54  18  42  25  43  9  17  30  31  32  33  47  55  16  19  60  56  14  15  46  57  10  11  34  38  39  35  36  37  40  50  41  51  48  52  49  53  65  66  12  13  27  64  67  59  58  61  62  63  68  69  70  71  


  ==> Energy                -164.958126877
  ==> dE                       -3.90e-04
  ==> Gradient Norm             2.74e+00
  ==> Abs. Max. Deriv.          7.86e-02
  ==> Time-Grad. (s)              26.415
  ==> Time-Energy (s)             20.220
  ==> Time-Iter. (s)              46.635

--------------------------------------------------------------------------------
CEO-ADAPT-VQE iteration: 104
--------------------------------------------------------------------------------
    gate        derivative      name       op1       op2       op3        g_unscaled   penalty
     575        0.00108278      a_ia       575                            0.00216556         2
     470        0.00105132      a_ia       470                            0.00420527         4
   83170        0.00082636        op     31154     31155                  0.04710256        57
   89406       -0.00082008        op     35926     35927                 -0.05986590        73
   35926       -0.00081483    a_iajb     35926                           -0.05948290        73
   89407       -0.00080959        om     35926     35927                 -0.05909989        73
     722       -0.00080580      a_ia       722                           -0.00322321         4
   31154        0.00079784    a_iajb     31154                            0.04547683        57
   83171        0.00076932        om     31154     31155                  0.04385109        57
    1205        0.00068956      a_ia      1205                            0.00137912         2

  ==> Add operator: a_ia 470
  ==> Current qubit order: 2  3  44  45  4  5  6  7  20  8  0  1  23  22  28  29  26  24  21  54  18  42  25  43  9  17  30  31  32  33  47  55  16  19  56  60  14  15  46  57  10  11  34  38  39  35  36  37  40  50  41  51  48  52  49  53  65  66  12  13  27  64  67  59  58  61  62  63  68  69  70  71  


  ==> Energy                -164.958200765
  ==> dE                       -7.39e-05
  ==> Gradient Norm             2.74e+00
  ==> Abs. Max. Deriv.          7.86e-02
  ==> Time-Grad. (s)              26.082
  ==> Time-Energy (s)             27.561
  ==> Time-Iter. (s)              53.643

--------------------------------------------------------------------------------
CEO-ADAPT-VQE iteration: 105
--------------------------------------------------------------------------------
    gate        derivative      name       op1       op2       op3        g_unscaled   penalty
     575        0.00107124      a_ia       575                            0.00214248         2
     523        0.00083064      a_ia       523                            0.00332258         4
     722       -0.00082528      a_ia       722                           -0.00330113         4
   89406       -0.00079930        op     35926     35927                 -0.05994728        75
   83170        0.00079754        op     31154     31155                  0.04705493        59
   35926       -0.00079414    a_iajb     35926                           -0.05956025        75
   89407       -0.00078898        om     35926     35927                 -0.05917322        75
     347        0.00078856      a_ia       347                            0.00315424         4
   31154        0.00076936    a_iajb     31154                            0.04539201        59
   83171        0.00074117        om     31154     31155                  0.04372909        59

  ==> Tried operator a_ia 523: gain -1.81e-06 (threshold 1.9e-06), removed and excluded for this stage
  ==> Add operator: mvp2 -1: 35926 35927
  ==> Current qubit order: 2  3  44  45  4  5  6  7  20  8  0  1  23  22  28  29  26  24  21  54  42  25  43  9  30  31  32  18  17  55  60  33  47  16  19  56  14  15  46  57  10  11  34  38  39  35  36  37  40  50  41  51  48  52  49  53  65  66  12  13  27  64  67  59  58  61  62  63  68  69  70  71  


  ==> Energy                -164.958553603
  ==> dE                       -3.53e-04
  ==> Gradient Norm             2.74e+00
  ==> Abs. Max. Deriv.          7.86e-02
  ==> Time-Grad. (s)              26.170
  ==> Time-Energy (s)             14.836
  ==> Time-Iter. (s)              41.006

--------------------------------------------------------------------------------
CEO-ADAPT-VQE iteration: 106
--------------------------------------------------------------------------------
    gate        derivative      name       op1       op2       op3        g_unscaled   penalty
   83170        0.00084676        op     31154     31155                  0.04657206        55
     523        0.00082494      a_ia       523                            0.00329977         4
   31154        0.00081662    a_iajb     31154                            0.04491402        55
     722       -0.00081546      a_ia       722                           -0.00326184         4
   83171        0.00078647        om     31154     31155                  0.04325597        55
     347        0.00078315      a_ia       347                            0.00313261         4
   91676       -0.00068072        op     37656     37657                 -0.03880116        57
      90        0.00066321      a_ia        90                            0.00265283         4
   37656       -0.00066172    a_iajb     37656                           -0.03771785        57
     739        0.00065379      a_ia       739                            0.00130757         2

  ==> Add operator: mvp2 -1: 31154 31155
  ==> Current qubit order: 2  3  44  45  4  5  6  7  20  8  0  1  23  22  28  29  26  24  21  54  42  25  43  9  30  31  32  18  17  33  55  60  19  14  47  16  56  15  46  57  10  11  34  38  39  35  36  37  40  50  41  51  48  52  49  53  65  66  12  13  27  64  67  59  58  61  62  63  68  69  70  71  


  ==> Energy                -164.958906676
  ==> dE                       -3.53e-04
  ==> Gradient Norm             2.74e+00
  ==> Abs. Max. Deriv.          7.86e-02
  ==> Time-Grad. (s)              26.538
  ==> Time-Energy (s)              9.531
  ==> Time-Iter. (s)              36.069

--------------------------------------------------------------------------------
CEO-ADAPT-VQE iteration: 107
--------------------------------------------------------------------------------
    gate        derivative      name       op1       op2       op3        g_unscaled   penalty
     523        0.00165341      a_ia       523                            0.00330682         2
     722       -0.00081779      a_ia       722                           -0.00327114         4
     347        0.00077073      a_ia       347                            0.00308293         4
   91676       -0.00073389        op     37656     37657                 -0.03889602        53
   37656       -0.00071254    a_iajb     37656                           -0.03776456        53
   91677       -0.00069119        om     37656     37657                 -0.03663309        53
      90        0.00066320      a_ia        90                            0.00265279         4
     739        0.00065196      a_ia       739                            0.00130393         2
     124        0.00064034      a_ia       124                            0.00256136         4
     937        0.00051124      a_ia       937                            0.00102247         2

  ==> Add operator: mvp2 -1: 37656 37657
  ==> Current qubit order: 2  3  44  45  4  5  6  7  20  8  0  1  23  22  28  29  26  24  21  54  42  25  43  9  30  31  32  17  33  18  55  60  19  14  47  16  56  15  46  57  10  11  34  38  39  35  36  37  40  50  41  51  48  52  49  53  65  66  12  13  27  64  67  59  58  61  62  63  68  69  70  71  


  ==> Energy                -164.959188645
  ==> dE                       -2.82e-04
  ==> Gradient Norm             2.74e+00
  ==> Abs. Max. Deriv.          7.86e-02
  ==> Time-Grad. (s)              27.063
  ==> Time-Energy (s)             10.270
  ==> Time-Iter. (s)              37.334

--------------------------------------------------------------------------------
CEO-ADAPT-VQE iteration: 108
--------------------------------------------------------------------------------
    gate        derivative      name       op1       op2       op3        g_unscaled   penalty
     523        0.00166275      a_ia       523                            0.00332551         2
     722       -0.00080829      a_ia       722                           -0.00323315         4
     347        0.00079382      a_ia       347                            0.00317528         4
      90        0.00066460      a_ia        90                            0.00265840         4
     739        0.00065529      a_ia       739                            0.00131058         2
     124        0.00064099      a_ia       124                            0.00256397         4
     578       -0.00052898      a_ia       578                           -0.00211593         4
     937        0.00050569      a_ia       937                            0.00101138         2
   70196        0.00050376        op     21264     21265                  0.06095444       121
   70197        0.00050376        om     21264     21265                  0.06095444       121

  ==> Tried operator a_ia 578: gain -7.19e-07 (threshold 2.3e-06), removed and excluded for this stage
  ==> Add operator: op -1: 21264 21265
  ==> Current qubit order: 2  3  44  45  4  5  6  7  20  8  0  1  23  22  28  29  26  24  21  54  42  25  43  9  30  31  32  17  33  18  55  60  19  14  47  16  56  15  46  57  34  38  39  35  36  37  40  50  41  51  48  52  49  10  11  62  63  53  65  66  12  13  27  64  67  59  58  61  68  69  70  71  


  ==> Energy                -164.959437099
  ==> dE                       -2.48e-04
  ==> Gradient Norm             2.73e+00
  ==> Abs. Max. Deriv.          7.86e-02
  ==> Time-Grad. (s)              27.538
  ==> Time-Energy (s)             11.704
  ==> Time-Iter. (s)              39.242

--------------------------------------------------------------------------------
CEO-ADAPT-VQE iteration: 109
--------------------------------------------------------------------------------
    gate        derivative      name       op1       op2       op3        g_unscaled   penalty
     523        0.00166165      a_ia       523                            0.00332329         2
     385       -0.00158235      a_ia       385                           -0.00632940         4
     355       -0.00147680      a_ia       355                           -0.00590722         4
     722       -0.00080828      a_ia       722                           -0.00323312         4
     350       -0.00071528      a_ia       350                           -0.00286114         4
      90        0.00066452      a_ia        90                            0.00265809         4
   73577        0.00065765        om     23867     23868                  0.03880125        59
     739        0.00065447      a_ia       739                            0.00130894         2
   23867        0.00065422    a_iajb     23867                            0.03859925        59
   73576        0.00065080        op     23867     23868                  0.03839726        59

  ==> Add operator: a_ia 385
  ==> Current qubit order: 2  3  44  45  4  5  6  7  20  8  0  1  23  22  28  29  26  24  21  54  42  25  43  9  30  31  32  17  33  18  55  60  19  14  47  16  56  15  46  57  34  38  39  35  36  37  40  50  41  51  48  52  49  10  62  11  63  53  65  66  12  13  27  64  67  59  58  61  68  69  70  71  


  ==> Energy                -164.959442545
  ==> dE                       -5.45e-06
  ==> Gradient Norm             2.73e+00
  ==> Abs. Max. Deriv.          7.86e-02
  ==> Time-Grad. (s)              26.964
  ==> Time-Energy (s)              5.367
  ==> Time-Iter. (s)              32.330

--------------------------------------------------------------------------------
CEO-ADAPT-VQE iteration: 110
--------------------------------------------------------------------------------
    gate        derivative      name       op1       op2       op3        g_unscaled   penalty
     355       -0.00284713      a_ia       355                           -0.00569426         2
     523        0.00166907      a_ia       523                            0.00333815         2
     722       -0.00081437      a_ia       722                           -0.00325749         4
     380       -0.00074583      a_ia       380                           -0.00298333         4
     350       -0.00071377      a_ia       350                           -0.00285507         4
     739        0.00069387      a_ia       739                            0.00138774         2
   73577        0.00068038        om     23867     23868                  0.03878146        57
   23867        0.00067683    a_iajb     23867                            0.03857927        57
   73576        0.00067328        op     23867     23868                  0.03837707        57
      90        0.00066431      a_ia        90                            0.00265726         4

  ==> Add operator: a_ia 355
  ==> Current qubit order: 2  3  44  45  4  5  6  7  20  8  0  1  23  22  28  29  26  24  21  54  42  25  43  9  30  31  32  17  33  18  55  60  19  14  47  16  56  15  46  57  34  38  39  35  36  37  40  50  41  51  48  52  49  10  62  11  63  53  65  66  12  13  27  64  67  59  58  61  68  69  70  71  


  ==> Energy                -164.959446957
  ==> dE                       -4.41e-06
  ==> Gradient Norm             2.73e+00
  ==> Abs. Max. Deriv.          7.86e-02
  ==> Time-Grad. (s)              27.104
  ==> Time-Energy (s)              6.344
  ==> Time-Iter. (s)              33.449

--------------------------------------------------------------------------------
CEO-ADAPT-VQE iteration: 111
--------------------------------------------------------------------------------
    gate        derivative      name       op1       op2       op3        g_unscaled   penalty
     523        0.00168439      a_ia       523                            0.00336877         2
     722       -0.00081885      a_ia       722                           -0.00327540         4
     380       -0.00074444      a_ia       380                           -0.00297775         4
     739        0.00073514      a_ia       739                            0.00147029         2
     350       -0.00071633      a_ia       350                           -0.00286532         4
   73577        0.00068039        om     23867     23868                  0.03878208        57
   23867        0.00067683    a_iajb     23867                            0.03857957        57
   73576        0.00067328        op     23867     23868                  0.03837707        57
      90        0.00066745      a_ia        90                            0.00266979         4
     124        0.00064420      a_ia       124                            0.00257679         4

  ==> Tried operator a_ia 380: gain -1.40e-06 (threshold 1.9e-06), removed and excluded for this stage
  ==> Tried operator a_ia 350: gain -1.30e-06 (threshold 1.9e-06), removed and excluded for this stage
  ==> Add operator: mvp2 -1: 23867 23868
  ==> Current qubit order: 2  3  44  45  4  5  6  7  20  8  0  1  23  22  28  29  26  24  21  54  42  25  43  9  30  31  32  17  33  18  55  60  19  14  47  16  56  15  46  57  34  38  39  35  36  37  40  50  41  51  48  52  49  10  62  53  11  63  12  64  65  66  13  27  67  59  58  61  68  69  70  71  


  ==> Energy                -164.959560712
  ==> dE                       -1.14e-04
  ==> Gradient Norm             2.73e+00
  ==> Abs. Max. Deriv.          7.86e-02
  ==> Time-Grad. (s)              27.189
  ==> Time-Energy (s)             22.196
  ==> Time-Iter. (s)              49.385

--------------------------------------------------------------------------------
CEO-ADAPT-VQE iteration: 112
--------------------------------------------------------------------------------
    gate        derivative      name       op1       op2       op3        g_unscaled   penalty
     523        0.00168212      a_ia       523                            0.00336424         2
     380       -0.00151239      a_ia       380                           -0.00302478         2
     722       -0.00081877      a_ia       722                           -0.00327510         4
   70372        0.00080388        op     21359     21360                  0.04260540        53
   21359        0.00079359    a_iajb     21359                            0.04206039        53
   70376        0.00079359        op     21359     21361                  0.04206039        53
   70377        0.00079359        om     21359     21361                  0.04206039        53
   70373        0.00078331        om     21359     21360                  0.04151538        53
     739        0.00072712      a_ia       739                            0.00145423         2
     350       -0.00071471      a_ia       350                           -0.00285882         4

  ==> Add operator: mvp2 -1: 21359 21360
  ==> Current qubit order: 2  3  44  45  4  5  6  7  20  8  0  1  23  22  28  29  26  24  21  54  42  25  43  9  30  31  32  17  33  18  55  60  19  14  47  16  56  15  46  57  34  38  39  35  36  37  40  50  41  51  48  52  49  53  10  62  12  64  11  63  65  66  13  27  67  59  58  61  68  69  70  71  


  ==> Energy                -164.959768136
  ==> dE                       -2.07e-04
  ==> Gradient Norm             2.73e+00
  ==> Abs. Max. Deriv.          7.86e-02
  ==> Time-Grad. (s)              27.805
  ==> Time-Energy (s)             10.544
  ==> Time-Iter. (s)              38.348

--------------------------------------------------------------------------------
CEO-ADAPT-VQE iteration: 113
--------------------------------------------------------------------------------
    gate        derivative      name       op1       op2       op3        g_unscaled   penalty
     523        0.00167679      a_ia       523                            0.00335359         2
     415       -0.00133490      a_ia       415                           -0.00266980         2
     722       -0.00081814      a_ia       722                           -0.00327257         4
     739        0.00070676      a_ia       739                            0.00141351         2
      90        0.00066761      a_ia        90                            0.00267045         4
     124        0.00064191      a_ia       124                            0.00256764         4
   70147        0.00057566        om     21214     21215                  0.02820729        49
   21214        0.00057566    a_iajb     21214                            0.02820729        49
   70146        0.00057566        op     21214     21215                  0.02820728        49
   73577        0.00050752        om     23867     23868                  0.02080851        41

  ==> Tried operator a_ia 415: gain -9.36e-07 (threshold 1.9e-06), removed and excluded for this stage
  ==> Add operator: om -1: 21214 21215
  ==> Current qubit order: 2  3  44  45  4  5  6  7  20  8  0  1  23  22  28  29  26  24  21  54  42  25  43  9  30  31  32  17  33  18  55  60  19  14  47  16  56  15  46  57  34  38  39  35  36  37  40  50  41  51  48  49  52  53  10  11  62  12  64  63  65  66  13  27  67  59  58  61  68  69  70  71  


  ==> Energy                -164.959825648
  ==> dE                       -5.75e-05
  ==> Gradient Norm             2.73e+00
  ==> Abs. Max. Deriv.          7.86e-02
  ==> Time-Grad. (s)              27.074
  ==> Time-Energy (s)             12.224
  ==> Time-Iter. (s)              39.298

--------------------------------------------------------------------------------
CEO-ADAPT-VQE iteration: 114
--------------------------------------------------------------------------------
    gate        derivative      name       op1       op2       op3        g_unscaled   penalty
     523        0.00167679      a_ia       523                            0.00335358         2
     415       -0.00133525      a_ia       415                           -0.00267050         2
     722       -0.00081802      a_ia       722                           -0.00327208         4
     380       -0.00070999      a_ia       380                           -0.00283995         4
     739        0.00070561      a_ia       739                            0.00141122         2
     350       -0.00068916      a_ia       350                           -0.00275663         4
      90        0.00066768      a_ia        90                            0.00267072         4
     124        0.00064196      a_ia       124                            0.00256783         4
     578       -0.00050708      a_ia       578                           -0.00202833         4
     601       -0.00050225      a_ia       601                           -0.00200902         4

  ==> Tried operator a_ia 601: gain -7.35e-07 (threshold 1.5e-06), removed and excluded for this stage
  ==> Add operator: mvp2 -1: 32636 32637
  ==> Current qubit order: 2  3  44  45  4  5  6  7  20  8  0  1  23  22  28  29  26  24  21  54  42  25  43  9  30  31  32  17  33  18  60  55  19  47  15  14  16  56  46  57  34  38  39  35  36  37  40  50  41  51  48  49  52  53  10  11  62  12  64  63  65  66  13  27  67  59  58  61  68  69  70  71  


  ==> Energy                -164.959895162
  ==> dE                       -6.95e-05
  ==> Gradient Norm             2.73e+00
  ==> Abs. Max. Deriv.          7.86e-02
  ==> Time-Grad. (s)              27.242
  ==> Time-Energy (s)             16.727
  ==> Time-Iter. (s)              43.969

--------------------------------------------------------------------------------
CEO-ADAPT-VQE iteration: 115
--------------------------------------------------------------------------------
    gate        derivative      name       op1       op2       op3        g_unscaled   penalty
     523        0.00166777      a_ia       523                            0.00333554         2
     415       -0.00133745      a_ia       415                           -0.00267491         2
     601       -0.00103486      a_ia       601                           -0.00206971         2
     578       -0.00102700      a_ia       578                           -0.00205400         2
     491       -0.00095798      a_ia       491                           -0.00191596         2
     722       -0.00081761      a_ia       722                           -0.00327045         4
     380       -0.00071024      a_ia       380                           -0.00284096         4
     739        0.00070329      a_ia       739                            0.00140657         2
     350       -0.00069201      a_ia       350                           -0.00276806         4
      90        0.00066777      a_ia        90                            0.00267108         4

  ==> Add operator: a_ia 448
  ==> Current qubit order: 2  3  44  45  4  5  6  7  20  8  0  1  23  22  28  29  26  24  21  54  42  25  43  9  30  31  32  17  33  18  60  55  19  47  15  14  16  56  46  57  34  38  39  35  36  37  40  50  41  51  48  49  52  53  10  11  62  12  64  63  65  66  13  27  67  59  58  61  68  69  70  71  


  ==> Energy                -164.960601899
  ==> dE                       -7.07e-04
  ==> Gradient Norm             2.73e+00
  ==> Abs. Max. Deriv.          7.86e-02
  ==> Time-Grad. (s)              27.269
  ==> Time-Energy (s)             64.637
  ==> Time-Iter. (s)              91.906

--------------------------------------------------------------------------------
CEO-ADAPT-VQE iteration: 116
--------------------------------------------------------------------------------
    gate        derivative      name       op1       op2       op3        g_unscaled   penalty
     415       -0.00179032      a_ia       415                           -0.00358065         2
     523        0.00165309      a_ia       523                            0.00330617         2
     601       -0.00125580      a_ia       601                           -0.00251160         2
     491       -0.00094525      a_ia       491                           -0.00189050         2
     722       -0.00088623      a_ia       722                           -0.00354492         4
     380       -0.00074220      a_ia       380                           -0.00296879         4
     350       -0.00073748      a_ia       350                           -0.00294990         4
      90        0.00066919      a_ia        90                            0.00267676         4
     124        0.00064694      a_ia       124                            0.00258777         4
     518       -0.00057366      a_ia       518                           -0.00229464         4

  ==> Tried operator a_ia 518: gain -1.38e-06 (threshold 1.5e-06), removed and excluded for this stage
  ==> Add operator: mvp2 -1: 22494 22495
  ==> Current qubit order: 2  3  44  45  4  5  6  7  20  8  0  1  23  22  28  29  26  24  21  54  42  25  43  9  30  31  32  17  33  18  60  47  15  14  16  56  46  57  34  38  39  55  19  10  62  35  36  37  40  50  41  51  48  49  52  53  11  12  64  63  65  66  13  27  67  59  58  61  68  69  70  71  


  ==> Energy                -164.961217580
  ==> dE                       -6.16e-04
  ==> Gradient Norm             2.72e+00
  ==> Abs. Max. Deriv.          7.86e-02
  ==> Time-Grad. (s)              30.463
  ==> Time-Energy (s)             17.060
  ==> Time-Iter. (s)              47.522

--------------------------------------------------------------------------------
CEO-ADAPT-VQE iteration: 117
--------------------------------------------------------------------------------
    gate        derivative      name       op1       op2       op3        g_unscaled   penalty
     415       -0.00177496      a_ia       415                           -0.00354992         2
     523        0.00166197      a_ia       523                            0.00332394         2
     380       -0.00148051      a_ia       380                           -0.00296101         2
     491       -0.00098026      a_ia       491                           -0.00196052         2
     722       -0.00090142      a_ia       722                           -0.00360567         4
     355       -0.00084034      a_ia       355                           -0.00168067         2
     601       -0.00073187      a_ia       601                           -0.00146374         2
   74943        0.00069296        om     24914     24916                  0.06721747        97
      90        0.00066809      a_ia        90                            0.00267235         4
   83172        0.00066444        op     31156     31157                  0.04318855        65

  ==> Add operator: mvp2 -1: 24914 24916
  ==> Current qubit order: 2  3  44  45  4  5  6  7  20  8  0  1  23  22  28  29  26  24  21  54  42  25  43  9  30  31  32  17  33  18  60  47  15  14  16  56  46  57  34  38  39  10  62  35  36  37  40  50  41  55  19  11  63  51  48  49  52  53  12  64  65  66  13  27  67  59  58  61  68  69  70  71  


  ==> Energy                -164.962124533
  ==> dE                       -9.07e-04
  ==> Gradient Norm             2.72e+00
  ==> Abs. Max. Deriv.          7.86e-02
  ==> Time-Grad. (s)              31.118
  ==> Time-Energy (s)             10.241
  ==> Time-Iter. (s)              41.359

--------------------------------------------------------------------------------
CEO-ADAPT-VQE iteration: 118
--------------------------------------------------------------------------------
    gate        derivative      name       op1       op2       op3        g_unscaled   penalty
     415       -0.00175221      a_ia       415                           -0.00350442         2
     523        0.00166865      a_ia       523                            0.00333729         2
    1041        0.00132364      a_ia      1041                            0.00264728         2
     379        0.00103374      a_ia       379                            0.00413494         4
   78092       -0.00097323        op     27276     27277                 -0.06715281        69
     385       -0.00096300      a_ia       385                           -0.00192599         2
   27276       -0.00095142    a_iajb     27276                           -0.06564824        69
     491       -0.00095057      a_ia       491                           -0.00190114         2
     355       -0.00093393      a_ia       355                           -0.00186785         2
   78093       -0.00092962        om     27276     27277                 -0.06414367        69

  ==> Add operator: a_ia 1041
  ==> Current qubit order: 2  3  44  45  4  5  6  7  20  8  0  1  23  22  28  29  26  24  21  54  42  25  43  9  30  31  32  17  33  18  60  47  15  14  16  56  46  57  34  38  39  10  62  35  36  37  40  50  41  55  19  11  63  51  48  49  52  53  12  64  65  66  13  27  67  59  58  61  68  69  70  71  


  ==> Energy                -164.962522086
  ==> dE                       -3.98e-04
  ==> Gradient Norm             2.71e+00
  ==> Abs. Max. Deriv.          7.86e-02
  ==> Time-Grad. (s)              31.951
  ==> Time-Energy (s)              5.298
  ==> Time-Iter. (s)              37.249

--------------------------------------------------------------------------------
CEO-ADAPT-VQE iteration: 119
--------------------------------------------------------------------------------
    gate        derivative      name       op1       op2       op3        g_unscaled   penalty
     415       -0.00175353      a_ia       415                           -0.00350706         2
     523        0.00168682      a_ia       523                            0.00337363         2
     379        0.00103077      a_ia       379                            0.00412307         4
     385       -0.00098469      a_ia       385                           -0.00196938         2
   78092       -0.00096038        op     27276     27277                 -0.06626589        69
     491       -0.00095498      a_ia       491                           -0.00190997         2
     355       -0.00095308      a_ia       355                           -0.00190615         2
   27276       -0.00094024    a_iajb     27276                           -0.06487659        69
     722       -0.00093232      a_ia       722                           -0.00372928         4
   78093       -0.00092011        om     27276     27277                 -0.06348729        69

  ==> Add operator: a_ia 379
  ==> Current qubit order: 2  3  44  45  4  5  6  7  20  8  0  1  23  22  28  29  26  24  21  54  42  25  43  9  30  31  32  17  33  18  60  47  15  14  16  56  46  57  34  38  39  10  62  35  36  37  40  50  41  55  19  63  11  51  48  49  52  53  12  64  65  66  13  27  67  59  58  61  68  69  70  71  


  ==> Energy                -164.962524960
  ==> dE                       -2.87e-06
  ==> Gradient Norm             2.71e+00
  ==> Abs. Max. Deriv.          7.86e-02
  ==> Time-Grad. (s)              33.669
  ==> Time-Energy (s)              5.698
  ==> Time-Iter. (s)              39.366

--------------------------------------------------------------------------------
CEO-ADAPT-VQE iteration: 120
--------------------------------------------------------------------------------
    gate        derivative      name       op1       op2       op3        g_unscaled   penalty
     415       -0.00176169      a_ia       415                           -0.00352338         2
     523        0.00168254      a_ia       523                            0.00336509         2
     385       -0.00099111      a_ia       385                           -0.00198223         2
   78092       -0.00096037        op     27276     27277                 -0.06626577        69
     605        0.00095411      a_ia       605                            0.00190821         2
     491       -0.00095046      a_ia       491                           -0.00190093         2
     355       -0.00094780      a_ia       355                           -0.00189561         2
   27276       -0.00094024    a_iajb     27276                           -0.06487647        69
     722       -0.00093274      a_ia       722                           -0.00373096         4
   78093       -0.00092010        om     27276     27277                 -0.06348717        69

  ==> Tried operator a_ia 385: gain -5.30e-07 (threshold 1.7e-06), removed and excluded for this stage
  ==> Add operator: mvp2 -1: 27276 27277
  ==> Current qubit order: 2  3  44  45  4  5  6  7  20  8  0  1  23  22  28  29  26  24  21  54  42  25  43  9  30  31  32  17  33  18  60  47  15  14  16  56  46  57  34  38  39  10  62  35  36  37  40  50  41  63  11  51  55  19  12  64  48  49  52  53  65  66  13  27  67  59  58  61  68  69  70  71  


  ==> Energy                -164.962940133
  ==> dE                       -4.15e-04
  ==> Gradient Norm             2.71e+00
  ==> Abs. Max. Deriv.          7.86e-02
  ==> Time-Grad. (s)              34.287
  ==> Time-Energy (s)             17.849
  ==> Time-Iter. (s)              52.136

--------------------------------------------------------------------------------
CEO-ADAPT-VQE iteration: 121
--------------------------------------------------------------------------------
    gate        derivative      name       op1       op2       op3        g_unscaled   penalty
     415       -0.00244628      a_ia       415                           -0.00489256         2
     523        0.00168233      a_ia       523                            0.00336466         2
     374       -0.00119550      a_ia       374                           -0.00478201         4
     599       -0.00100847      a_ia       599                           -0.00403387         4
     385       -0.00099290      a_ia       385                           -0.00198580         2
     491       -0.00096896      a_ia       491                           -0.00193793         2
     355       -0.00094645      a_ia       355                           -0.00189289         2
     722       -0.00093897      a_ia       722                           -0.00375587         4
   80693        0.00075320        om     29233     29235                  0.05950262        79
   80689        0.00071628        om     29233     29234                  0.05658622        79

  ==> Add operator: a_ia 374
  ==> Current qubit order: 2  3  44  45  4  5  6  7  20  8  0  1  23  22  28  29  26  24  21  54  42  25  43  9  30  31  32  17  33  18  60  47  15  14  16  56  46  57  34  38  39  10  62  35  36  37  40  50  63  41  11  51  55  19  12  64  48  49  52  53  65  66  13  27  67  59  58  61  68  69  70  71  


  ==> Energy                -164.962945722
  ==> dE                       -5.59e-06
  ==> Gradient Norm             2.70e+00
  ==> Abs. Max. Deriv.          7.86e-02
  ==> Time-Grad. (s)              34.779
  ==> Time-Energy (s)              6.571
  ==> Time-Iter. (s)              41.350

--------------------------------------------------------------------------------
CEO-ADAPT-VQE iteration: 122
--------------------------------------------------------------------------------
    gate        derivative      name       op1       op2       op3        g_unscaled   penalty
     415       -0.00246522      a_ia       415                           -0.00493044         2
     523        0.00166554      a_ia       523                            0.00333108         2
     599       -0.00100229      a_ia       599                           -0.00400918         4
     491       -0.00095086      a_ia       491                           -0.00190172         2
     355       -0.00094816      a_ia       355                           -0.00189633         2
     722       -0.00094104      a_ia       722                           -0.00376417         4
   80693        0.00075320        om     29233     29235                  0.05950256        79
   80689        0.00071628        om     29233     29234                  0.05658585        79
   29233        0.00071595    a_iajb     29233                            0.05655979        79
   80688        0.00071562        op     29233     29234                  0.05653372        79

  ==> Add operator: a_ia 599
  ==> Current qubit order: 2  3  44  45  4  5  6  7  20  8  0  1  23  22  28  29  26  24  21  54  42  25  43  9  30  31  32  17  33  18  60  47  15  14  16  56  46  57  34  38  39  10  62  35  36  37  40  50  63  41  11  55  51  19  12  64  48  49  52  53  65  66  13  27  67  59  58  61  68  69  70  71  


  ==> Energy                -164.962948882
  ==> dE                       -3.16e-06
  ==> Gradient Norm             2.70e+00
  ==> Abs. Max. Deriv.          7.86e-02
  ==> Time-Grad. (s)              35.522
  ==> Time-Energy (s)              6.421
  ==> Time-Iter. (s)              41.943

--------------------------------------------------------------------------------
CEO-ADAPT-VQE iteration: 123
--------------------------------------------------------------------------------
    gate        derivative      name       op1       op2       op3        g_unscaled   penalty
     415       -0.00249984      a_ia       415                           -0.00499969         2
     523        0.00164150      a_ia       523                            0.00328300         2
     381        0.00113952      a_ia       381                            0.00227904         2
     491       -0.00096266      a_ia       491                           -0.00192532         2
     355       -0.00095793      a_ia       355                           -0.00191585         2
     722       -0.00094486      a_ia       722                           -0.00377944         4
   80693        0.00073505        om     29233     29235                  0.05953910        81
   80689        0.00069905        om     29233     29234                  0.05662308        81
   29233        0.00069873    a_iajb     29233                            0.05659708        81
   80688        0.00069841        op     29233     29234                  0.05657107        81

  ==> Tried operator a_ia 381: gain -8.23e-07 (threshold 2.3e-06), removed and excluded for this stage
  ==> Tried operator a_ia 355: gain -4.92e-07 (threshold 2.3e-06), removed and excluded for this stage
  ==> Add operator: mvp2 -1: 29233 29235
  ==> Current qubit order: 2  3  44  45  4  5  6  7  20  8  0  1  23  22  28  29  26  24  21  54  42  25  43  9  30  31  32  17  33  18  60  47  15  14  16  56  46  57  34  38  39  10  62  35  36  37  40  50  63  41  11  51  12  64  55  19  65  13  48  49  52  53  66  27  67  59  58  61  68  69  70  71  


  ==> Energy                -164.963625600
  ==> dE                       -6.77e-04
  ==> Gradient Norm             2.70e+00
  ==> Abs. Max. Deriv.          7.86e-02
  ==> Time-Grad. (s)              35.624
  ==> Time-Energy (s)             23.936
  ==> Time-Iter. (s)              59.560

--------------------------------------------------------------------------------
CEO-ADAPT-VQE iteration: 124
--------------------------------------------------------------------------------
    gate        derivative      name       op1       op2       op3        g_unscaled   penalty
     415       -0.00251398      a_ia       415                           -0.00502797         2
     523        0.00164037      a_ia       523                            0.00328074         2
     444       -0.00124933      a_ia       444                           -0.00249866         2
     436        0.00123113      a_ia       436                            0.00492451         4
     491       -0.00098523      a_ia       491                           -0.00197047         2
     722       -0.00096327      a_ia       722                           -0.00385308         4
     355       -0.00096248      a_ia       355                           -0.00192496         2
   94655       -0.00070172        om     39941     39942                 -0.05403279        77
   94659       -0.00066785        om     39941     39943                 -0.05142448        77
   39941       -0.00066764    a_iajb     39941                           -0.05140838        77

  ==> Tried operator a_ia 444: gain -8.12e-07 (threshold 2.3e-06), removed and excluded for this stage
  ==> Add operator: a_ia 436
  ==> Current qubit order: 2  3  44  45  4  5  6  7  20  8  0  1  23  22  28  29  26  24  21  54  42  25  43  9  30  31  32  17  33  18  60  47  15  14  16  56  46  57  34  38  39  10  62  35  36  37  40  50  63  41  11  51  12  64  55  19  65  48  13  49  52  53  66  27  67  59  58  61  68  69  70  71  


  ==> Energy                -164.963630123
  ==> dE                       -4.52e-06
  ==> Gradient Norm             2.70e+00
  ==> Abs. Max. Deriv.          7.86e-02
  ==> Time-Grad. (s)              36.810
  ==> Time-Energy (s)             11.389
  ==> Time-Iter. (s)              48.199

--------------------------------------------------------------------------------
CEO-ADAPT-VQE iteration: 125
--------------------------------------------------------------------------------
    gate        derivative      name       op1       op2       op3        g_unscaled   penalty
     415       -0.00251328      a_ia       415                           -0.00502655         2
     523        0.00164227      a_ia       523                            0.00328454         2
     491       -0.00098211      a_ia       491                           -0.00196422         2
     722       -0.00096156      a_ia       722                           -0.00384622         4
     355       -0.00095892      a_ia       355                           -0.00191784         2
   94655       -0.00070173        om     39941     39942                 -0.05403306        77
   94659       -0.00066785        om     39941     39943                 -0.05142470        77
   39941       -0.00066764    a_iajb     39941                           -0.05140860        77
   94658       -0.00066744        op     39941     39943                 -0.05139251        77
      90        0.00066206      a_ia        90                            0.00264825         4

  ==> Add operator: mvp2 -1: 39941 39942
  ==> Current qubit order: 2  3  44  45  4  5  6  7  20  8  0  1  23  22  28  29  26  24  21  54  42  25  43  9  30  31  32  17  33  18  60  47  15  14  16  56  46  57  34  38  39  10  62  35  36  37  40  50  63  41  11  51  12  64  65  48  13  55  19  27  67  49  52  53  66  59  58  61  68  69  70  71  


  ==> Energy                -164.964223216
  ==> dE                       -5.93e-04
  ==> Gradient Norm             2.70e+00
  ==> Abs. Max. Deriv.          7.86e-02
  ==> Time-Grad. (s)              36.696
  ==> Time-Energy (s)             10.646
  ==> Time-Iter. (s)              47.343

--------------------------------------------------------------------------------
CEO-ADAPT-VQE iteration: 126
--------------------------------------------------------------------------------
    gate        derivative      name       op1       op2       op3        g_unscaled   penalty
     415       -0.00247954      a_ia       415                           -0.00495908         2
     789        0.00180825      a_ia       789                            0.00723301         4
     523        0.00165009      a_ia       523                            0.00330019         2
     587        0.00116651      a_ia       587                            0.00233301         2
     607       -0.00112037      a_ia       607                           -0.00448148         4
     491       -0.00100029      a_ia       491                           -0.00200058         2
     355       -0.00098626      a_ia       355                           -0.00197251         2
     722       -0.00097126      a_ia       722                           -0.00388504         4
      90        0.00066198      a_ia        90                            0.00264791         4
     444       -0.00063541      a_ia       444                           -0.00254166         4

  ==> Add operator: a_ia 789
  ==> Current qubit order: 2  3  44  45  4  5  6  7  20  8  0  1  23  22  28  29  26  24  21  54  42  25  43  9  30  31  32  17  33  18  60  47  15  14  16  56  46  57  34  38  39  10  62  35  36  37  40  50  63  41  11  51  12  64  65  48  13  19  55  27  67  49  52  53  66  59  58  61  68  69  70  71  


  ==> Energy                -164.964232929
  ==> dE                       -9.71e-06
  ==> Gradient Norm             2.69e+00
  ==> Abs. Max. Deriv.          7.86e-02
  ==> Time-Grad. (s)              36.916
  ==> Time-Energy (s)              5.803
  ==> Time-Iter. (s)              42.719

--------------------------------------------------------------------------------
CEO-ADAPT-VQE iteration: 127
--------------------------------------------------------------------------------
    gate        derivative      name       op1       op2       op3        g_unscaled   penalty
     415       -0.00249917      a_ia       415                           -0.00499834         2
     523        0.00166469      a_ia       523                            0.00332938         2
     355       -0.00103857      a_ia       355                           -0.00207713         2
     722       -0.00095432      a_ia       722                           -0.00381726         4
     491       -0.00094956      a_ia       491                           -0.00189912         2
     421        0.00083815      a_ia       421                            0.00167630         2
     607       -0.00075831      a_ia       607                           -0.00454988         6
      90        0.00066397      a_ia        90                            0.00265586         4
     578       -0.00066315      a_ia       578                           -0.00132630         2
     444       -0.00064205      a_ia       444                           -0.00256822         4

  ==> Add operator: a_ia 421
  ==> Current qubit order: 2  3  44  45  4  5  6  7  20  8  0  1  23  22  28  29  26  24  21  54  42  25  43  9  30  31  32  17  33  18  60  47  15  14  16  56  46  57  34  38  39  10  62  35  36  37  40  50  63  41  11  51  12  64  65  48  13  19  55  27  67  49  52  53  66  59  58  61  68  69  70  71  


  ==> Energy                -164.965200048
  ==> dE                       -9.67e-04
  ==> Gradient Norm             2.69e+00
  ==> Abs. Max. Deriv.          7.86e-02
  ==> Time-Grad. (s)              37.216
  ==> Time-Energy (s)             86.551
  ==> Time-Iter. (s)             123.768

--------------------------------------------------------------------------------
CEO-ADAPT-VQE iteration: 128
--------------------------------------------------------------------------------
    gate        derivative      name       op1       op2       op3        g_unscaled   penalty
     415       -0.00282988      a_ia       415                           -0.00565975         2
     523        0.00163906      a_ia       523                            0.00327812         2
     355       -0.00137358      a_ia       355                           -0.00274716         2
     722       -0.00104301      a_ia       722                           -0.00417202         4
     578       -0.00093395      a_ia       578                           -0.00186790         2
     491       -0.00090129      a_ia       491                           -0.00180259         2
     607       -0.00076244      a_ia       607                           -0.00457464         6
     444       -0.00072471      a_ia       444                           -0.00289884         4
     439        0.00068840      a_ia       439                            0.00275360         4
      90        0.00066589      a_ia        90                            0.00266354         4

  ==> Add operator: a_ia 607
  ==> Current qubit order: 2  3  44  45  4  5  6  7  20  8  0  1  23  22  28  29  26  24  21  54  42  25  43  9  30  31  32  17  33  18  60  47  15  14  16  56  46  57  34  38  39  10  62  35  36  37  40  50  63  41  11  51  12  64  65  48  13  55  27  19  67  49  52  53  66  59  58  61  68  69  70  71  


  ==> Energy                -164.965203008
  ==> dE                       -2.96e-06
  ==> Gradient Norm             2.68e+00
  ==> Abs. Max. Deriv.          7.86e-02
  ==> Time-Grad. (s)              40.269
  ==> Time-Energy (s)              6.796
  ==> Time-Iter. (s)              47.065

--------------------------------------------------------------------------------
CEO-ADAPT-VQE iteration: 129
--------------------------------------------------------------------------------
    gate        derivative      name       op1       op2       op3        g_unscaled   penalty
     415       -0.00281520      a_ia       415                           -0.00563039         2
     523        0.00163987      a_ia       523                            0.00327975         2
     439        0.00138476      a_ia       439                            0.00276952         2
     355       -0.00136363      a_ia       355                           -0.00272726         2
     587        0.00126287      a_ia       587                            0.00252573         2
     722       -0.00104038      a_ia       722                           -0.00416152         4
     578       -0.00093473      a_ia       578                           -0.00186946         2
     491       -0.00090858      a_ia       491                           -0.00181716         2
     444       -0.00073629      a_ia       444                           -0.00294514         4
      90        0.00066571      a_ia        90                            0.00266285         4

  ==> Add operator: a_ia 439
  ==> Current qubit order: 2  3  44  45  4  5  6  7  20  8  0  1  23  22  28  29  26  24  21  54  42  25  43  9  30  31  32  17  33  18  60  47  15  14  16  56  46  57  34  38  39  10  62  35  36  37  40  50  63  41  11  51  12  64  65  48  13  55  27  19  67  49  52  53  66  59  58  61  68  69  70  71  


  ==> Energy                -164.965204225
  ==> dE                       -1.22e-06
  ==> Gradient Norm             2.68e+00
  ==> Abs. Max. Deriv.          7.86e-02
  ==> Time-Grad. (s)              40.568
  ==> Time-Energy (s)              6.276
  ==> Time-Iter. (s)              46.844

--------------------------------------------------------------------------------
CEO-ADAPT-VQE iteration: 130
--------------------------------------------------------------------------------
    gate        derivative      name       op1       op2       op3        g_unscaled   penalty
     415       -0.00281038      a_ia       415                           -0.00562075         2
     523        0.00164218      a_ia       523                            0.00328437         2
     355       -0.00136025      a_ia       355                           -0.00272050         2
     587        0.00126512      a_ia       587                            0.00253025         2
     722       -0.00104063      a_ia       722                           -0.00416251         4
     578       -0.00092937      a_ia       578                           -0.00185874         2
     491       -0.00091125      a_ia       491                           -0.00182250         2
     444       -0.00073984      a_ia       444                           -0.00295934         4
      90        0.00066467      a_ia        90                            0.00265869         4
     124        0.00062393      a_ia       124                            0.00249571         4

  ==> Add operator: a_ia 587
  ==> Current qubit order: 2  3  44  45  4  5  6  7  20  8  0  1  23  22  28  29  26  24  21  54  42  25  43  9  30  31  32  17  33  18  60  47  15  14  16  56  46  57  34  38  39  10  62  35  36  37  40  50  63  41  11  51  12  64  65  48  13  55  27  19  67  49  52  53  66  59  58  61  68  69  70  71  


  ==> Energy                -164.965454024
  ==> dE                       -2.50e-04
  ==> Gradient Norm             2.68e+00
  ==> Abs. Max. Deriv.          7.86e-02
  ==> Time-Grad. (s)              40.747
  ==> Time-Energy (s)              6.414
  ==> Time-Iter. (s)              47.162

--------------------------------------------------------------------------------
CEO-ADAPT-VQE iteration: 131
--------------------------------------------------------------------------------
    gate        derivative      name       op1       op2       op3        g_unscaled   penalty
     415       -0.00278742      a_ia       415                           -0.00557483         2
     523        0.00166603      a_ia       523                            0.00333206         2
     355       -0.00134248      a_ia       355                           -0.00268497         2
     722       -0.00103561      a_ia       722                           -0.00414243         4
     601       -0.00102922      a_ia       601                           -0.00411689         4
     491       -0.00096518      a_ia       491                           -0.00193035         2
     578       -0.00082555      a_ia       578                           -0.00165110         2
     444       -0.00070854      a_ia       444                           -0.00283415         4
      90        0.00066529      a_ia        90                            0.00266118         4
     124        0.00062729      a_ia       124                            0.00250917         4

  ==> Add operator: mvp2 -1: 30496 30497
  ==> Current qubit order: 2  3  44  45  4  5  6  7  20  8  0  1  23  22  28  29  26  24  21  54  42  25  43  9  30  31  32  17  33  18  60  47  15  14  62  16  56  46  57  34  38  39  10  35  36  37  40  50  63  41  11  51  12  64  65  48  13  55  27  19  67  49  52  53  66  59  58  61  68  69  70  71  


  ==> Energy                -164.965986139
  ==> dE                       -5.32e-04
  ==> Gradient Norm             2.68e+00
  ==> Abs. Max. Deriv.          7.86e-02
  ==> Time-Grad. (s)              42.287
  ==> Time-Energy (s)             11.335
  ==> Time-Iter. (s)              53.621

--------------------------------------------------------------------------------
CEO-ADAPT-VQE iteration: 132
--------------------------------------------------------------------------------
    gate        derivative      name       op1       op2       op3        g_unscaled   penalty
     415       -0.00279059      a_ia       415                           -0.00558119         2
     471        0.00278448      a_ia       471                            0.00556896         2
     523        0.00167534      a_ia       523                            0.00335069         2
     601       -0.00104947      a_ia       601                           -0.00419790         4
     722       -0.00103842      a_ia       722                           -0.00415369         4
     491       -0.00098543      a_ia       491                           -0.00197087         2
     578       -0.00082176      a_ia       578                           -0.00164353         2
     526       -0.00080290      a_ia       526                           -0.00160580         2
     444       -0.00071050      a_ia       444                           -0.00284199         4
     344       -0.00069022      a_ia       344                           -0.00552177         8

  ==> Add operator: a_ia 471
  ==> Current qubit order: 2  3  44  45  4  5  6  7  20  8  0  1  23  22  28  29  26  24  21  54  42  25  43  9  30  31  32  17  33  18  60  47  15  14  62  16  56  46  57  34  38  39  10  35  36  37  40  50  63  41  11  51  12  64  65  48  13  55  27  19  67  49  52  53  66  59  58  61  68  69  70  71  


  ==> Energy                -164.965990380
  ==> dE                       -4.24e-06
  ==> Gradient Norm             2.68e+00
  ==> Abs. Max. Deriv.          7.86e-02
  ==> Time-Grad. (s)              42.883
  ==> Time-Energy (s)              6.105
  ==> Time-Iter. (s)              48.987

--------------------------------------------------------------------------------
CEO-ADAPT-VQE iteration: 133
--------------------------------------------------------------------------------
    gate        derivative      name       op1       op2       op3        g_unscaled   penalty
     415       -0.00278043      a_ia       415                           -0.00556086         2
     523        0.00165482      a_ia       523                            0.00330964         2
     601       -0.00107930      a_ia       601                           -0.00431721         4
     722       -0.00104305      a_ia       722                           -0.00417221         4
     491       -0.00103236      a_ia       491                           -0.00206471         2
     526       -0.00084110      a_ia       526                           -0.00168221         2
     578       -0.00080287      a_ia       578                           -0.00160574         2
     444       -0.00070493      a_ia       444                           -0.00281972         4
     344       -0.00069247      a_ia       344                           -0.00553974         8
      90        0.00066438      a_ia        90                            0.00265752         4

  ==> Tried operator a_ia 526: gain -4.31e-07 (threshold 1.6e-06), removed and excluded for this stage
  ==> Add operator: a_ia 344
  ==> Current qubit order: 2  3  44  45  4  5  6  7  20  8  0  1  23  22  28  29  26  24  21  54  42  25  43  9  30  31  32  17  33  18  60  47  15  14  62  16  56  46  57  34  38  39  35  36  37  10  40  50  63  41  11  51  12  64  65  48  13  55  27  19  67  49  52  53  66  59  58  61  68  69  70  71  


  ==> Energy                -164.965997900
  ==> dE                       -7.52e-06
  ==> Gradient Norm             2.68e+00
  ==> Abs. Max. Deriv.          7.86e-02
  ==> Time-Grad. (s)              43.142
  ==> Time-Energy (s)             13.416
  ==> Time-Iter. (s)              56.558

--------------------------------------------------------------------------------
CEO-ADAPT-VQE iteration: 134
--------------------------------------------------------------------------------
    gate        derivative      name       op1       op2       op3        g_unscaled   penalty
     415       -0.00280691      a_ia       415                           -0.00561382         2
     523        0.00163457      a_ia       523                            0.00326913         2
     349        0.00109712      a_ia       349                            0.00438846         4
     601       -0.00108090      a_ia       601                           -0.00432360         4
     491       -0.00107611      a_ia       491                           -0.00215222         2
     722       -0.00104432      a_ia       722                           -0.00417728         4
     526       -0.00085007      a_ia       526                           -0.00170013         2
     578       -0.00076436      a_ia       578                           -0.00152871         2
     444       -0.00071597      a_ia       444                           -0.00286389         4
      90        0.00065352      a_ia        90                            0.00261409         4

  ==> Add operator: a_ia 349
  ==> Current qubit order: 2  3  44  45  4  5  6  7  20  8  0  1  23  22  28  29  26  24  21  54  42  25  43  9  30  31  32  17  33  18  60  47  15  14  62  16  56  46  57  34  38  39  35  36  37  40  10  50  63  41  11  51  12  64  65  48  13  55  27  19  67  49  52  53  66  59  58  61  68  69  70  71  


  ==> Energy                -164.966001142
  ==> dE                       -3.24e-06
  ==> Gradient Norm             2.68e+00
  ==> Abs. Max. Deriv.          7.86e-02
  ==> Time-Grad. (s)              43.356
  ==> Time-Energy (s)              7.755
  ==> Time-Iter. (s)              51.111

--------------------------------------------------------------------------------
CEO-ADAPT-VQE iteration: 135
--------------------------------------------------------------------------------
    gate        derivative      name       op1       op2       op3        g_unscaled   penalty
     415       -0.00281214      a_ia       415                           -0.00562428         2
     523        0.00162872      a_ia       523                            0.00325745         2
     601       -0.00108500      a_ia       601                           -0.00434001         4
     491       -0.00107898      a_ia       491                           -0.00215795         2
     722       -0.00104493      a_ia       722                           -0.00417973         4
     526       -0.00084776      a_ia       526                           -0.00169552         2
     578       -0.00074298      a_ia       578                           -0.00148597         2
     444       -0.00072033      a_ia       444                           -0.00288131         4
      90        0.00065105      a_ia        90                            0.00260421         4
     518       -0.00063820      a_ia       518                           -0.00255281         4

  ==> Add operator: mvp3 -1: 39938 39939 39940
  ==> Current qubit order: 2  3  44  45  4  5  6  7  20  8  0  1  23  22  28  29  26  24  21  54  42  25  43  9  30  31  32  17  33  18  60  47  15  14  62  16  56  46  57  34  38  39  35  36  37  40  10  50  63  41  11  51  12  64  48  13  65  55  27  19  67  49  52  53  66  59  58  61  68  69  70  71  


  ==> Energy                -164.966328243
  ==> dE                       -3.27e-04
  ==> Gradient Norm             2.68e+00
  ==> Abs. Max. Deriv.          7.86e-02
  ==> Time-Grad. (s)              43.723
  ==> Time-Energy (s)             19.143
  ==> Time-Iter. (s)              62.866

--------------------------------------------------------------------------------
CEO-ADAPT-VQE iteration: 136
--------------------------------------------------------------------------------
    gate        derivative      name       op1       op2       op3        g_unscaled   penalty
     415       -0.00274380      a_ia       415                           -0.00548761         2
     523        0.00165172      a_ia       523                            0.00330344         2
     795       -0.00112945      a_ia       795                           -0.00451781         4
     491       -0.00110512      a_ia       491                           -0.00221024         2
     601       -0.00104767      a_ia       601                           -0.00419067         4
     722       -0.00103959      a_ia       722                           -0.00415837         4
     526       -0.00084547      a_ia       526                           -0.00169093         2
     444       -0.00081380      a_ia       444                           -0.00162760         2
     578       -0.00073746      a_ia       578                           -0.00147492         2
      90        0.00065021      a_ia        90                            0.00260082         4

  ==> Add operator: a_ia 795
  ==> Current qubit order: 2  3  44  45  4  5  6  7  20  8  0  1  23  22  28  29  26  24  21  54  42  25  43  9  30  31  32  17  33  18  60  47  15  14  62  16  56  46  57  34  38  39  35  36  37  40  10  50  63  41  11  51  12  64  48  13  65  55  19  27  67  49  52  53  66  59  58  61  68  69  70  71  


  ==> Energy                -164.966331102
  ==> dE                       -2.86e-06
  ==> Gradient Norm             2.68e+00
  ==> Abs. Max. Deriv.          7.86e-02
  ==> Time-Grad. (s)              44.446
  ==> Time-Energy (s)              7.179
  ==> Time-Iter. (s)              51.625

--------------------------------------------------------------------------------
CEO-ADAPT-VQE iteration: 137
--------------------------------------------------------------------------------
    gate        derivative      name       op1       op2       op3        g_unscaled   penalty
     415       -0.00268657      a_ia       415                           -0.00537314         2
     601       -0.00216050      a_ia       601                           -0.00432101         2
     523        0.00165531      a_ia       523                            0.00331061         2
     491       -0.00113153      a_ia       491                           -0.00226306         2
     722       -0.00104312      a_ia       722                           -0.00417250         4
     444       -0.00089055      a_ia       444                           -0.00178110         2
     526       -0.00084392      a_ia       526                           -0.00168784         2
     578       -0.00072621      a_ia       578                           -0.00145242         2
      90        0.00065113      a_ia        90                            0.00260453         4
     518       -0.00064634      a_ia       518                           -0.00258535         4

  ==> Add operator: a_ia 716
  ==> Current qubit order: 2  3  44  45  4  5  6  7  20  8  0  1  23  22  28  29  26  21  54  24  42  25  43  9  30  31  32  17  33  18  60  47  15  14  62  16  56  46  57  34  38  39  35  36  37  40  10  50  63  41  11  51  12  64  48  13  65  55  19  27  67  49  52  53  66  59  58  61  68  69  70  71  


  ==> Energy                -164.966334139
  ==> dE                       -3.04e-06
  ==> Gradient Norm             2.68e+00
  ==> Abs. Max. Deriv.          7.86e-02
  ==> Time-Grad. (s)              44.846
  ==> Time-Energy (s)              6.128
  ==> Time-Iter. (s)              50.974

--------------------------------------------------------------------------------
CEO-ADAPT-VQE iteration: 138
--------------------------------------------------------------------------------
    gate        derivative      name       op1       op2       op3        g_unscaled   penalty
     415       -0.00265577      a_ia       415                           -0.00531154         2
     722       -0.00208548      a_ia       722                           -0.00417096         2
     601       -0.00208505      a_ia       601                           -0.00417011         2
     523        0.00163361      a_ia       523                            0.00326722         2
     491       -0.00109763      a_ia       491                           -0.00219526         2
     444       -0.00095303      a_ia       444                           -0.00190607         2
     526       -0.00084008      a_ia       526                           -0.00168015         2
     578       -0.00072991      a_ia       578                           -0.00145982         2
      90        0.00064510      a_ia        90                            0.00258041         4
     518       -0.00063859      a_ia       518                           -0.00255437         4

  ==> Add operator: a_ia 1111
  ==> Current qubit order: 2  3  44  45  4  5  6  7  20  8  0  1  23  22  28  29  26  21  54  24  42  25  43  9  30  31  32  17  33  18  60  47  15  14  16  56  62  46  57  34  38  39  35  36  37  40  10  50  63  41  11  51  12  64  48  13  65  55  19  27  67  49  52  53  66  59  58  61  68  69  70  71  


  ==> Energy                -164.966529409
  ==> dE                       -1.95e-04
  ==> Gradient Norm             2.68e+00
  ==> Abs. Max. Deriv.          7.86e-02
  ==> Time-Grad. (s)              44.759
  ==> Time-Energy (s)              5.832
  ==> Time-Iter. (s)              50.591

--------------------------------------------------------------------------------
CEO-ADAPT-VQE iteration: 139
--------------------------------------------------------------------------------
    gate        derivative      name       op1       op2       op3        g_unscaled   penalty
     415       -0.00266282      a_ia       415                           -0.00532564         2
     601       -0.00209500      a_ia       601                           -0.00418999         2
     722       -0.00209061      a_ia       722                           -0.00418122         2
     523        0.00158070      a_ia       523                            0.00316139         2
     491       -0.00113908      a_ia       491                           -0.00227816         2
     444       -0.00096377      a_ia       444                           -0.00192753         2
     578       -0.00072655      a_ia       578                           -0.00145309         2
     468       -0.00067611      a_ia       468                           -0.00270445         4
      90        0.00064443      a_ia        90                            0.00257772         4
     124        0.00062376      a_ia       124                            0.00249504         4

  ==> Add operator: mvp2 -1: 30572 30573
  ==> Current qubit order: 2  3  44  45  4  5  6  7  20  8  0  1  23  22  28  29  26  21  54  24  42  25  43  9  30  31  32  17  33  18  60  47  16  56  46  15  14  62  63  57  34  38  39  35  36  37  40  10  50  41  11  51  12  64  48  13  65  55  19  27  67  49  52  53  66  59  58  61  68  69  70  71  


  ==> Energy                -164.967075057
  ==> dE                       -5.46e-04
  ==> Gradient Norm             2.67e+00
  ==> Abs. Max. Deriv.          7.86e-02
  ==> Time-Grad. (s)              44.788
  ==> Time-Energy (s)             11.617
  ==> Time-Iter. (s)              56.405

--------------------------------------------------------------------------------
CEO-ADAPT-VQE iteration: 140
--------------------------------------------------------------------------------
    gate        derivative      name       op1       op2       op3        g_unscaled   penalty
     415       -0.00266292      a_ia       415                           -0.00532584         2
     601       -0.00213968      a_ia       601                           -0.00427935         2
     722       -0.00209887      a_ia       722                           -0.00419773         2
     523        0.00157654      a_ia       523                            0.00315309         2
     444       -0.00097018      a_ia       444                           -0.00194036         2
   82281        0.00076369        om     30474     30475                  0.03283878        43
   30474        0.00075461    a_iajb     30474                            0.03244814        43
   82280        0.00074552        op     30474     30475                  0.03205749        43
     578       -0.00072929      a_ia       578                           -0.00145859         2
      90        0.00064164      a_ia        90                            0.00256657         4

  ==> Add operator: mvp2 -1: 30474 30475
  ==> Current qubit order: 2  3  44  45  4  5  6  7  20  8  0  1  23  22  28  29  26  21  54  24  42  25  43  9  30  31  32  17  33  18  60  47  16  56  46  15  14  63  62  57  34  38  39  35  36  37  40  10  50  41  11  51  12  64  48  13  65  55  19  27  67  49  52  53  66  59  58  61  68  69  70  71  


  ==> Energy                -164.967717539
  ==> dE                       -6.42e-04
  ==> Gradient Norm             2.67e+00
  ==> Abs. Max. Deriv.          7.86e-02
  ==> Time-Grad. (s)              44.843
  ==> Time-Energy (s)            115.835
  ==> Time-Iter. (s)             160.678

--------------------------------------------------------------------------------
CEO-ADAPT-VQE iteration: 141
--------------------------------------------------------------------------------
    gate        derivative      name       op1       op2       op3        g_unscaled   penalty
     415       -0.00252159      a_ia       415                           -0.00504319         2
     601       -0.00236330      a_ia       601                           -0.00472661         2
     722       -0.00205960      a_ia       722                           -0.00411920         2
     523        0.00166183      a_ia       523                            0.00332366         2
     444       -0.00079685      a_ia       444                           -0.00159371         2
     578       -0.00079047      a_ia       578                           -0.00158095         2
      90        0.00064383      a_ia        90                            0.00257530         4
     124        0.00062508      a_ia       124                            0.00250031         4
     518       -0.00061073      a_ia       518                           -0.00244290         4
   82346       -0.00055568        op     30540     30541                 -0.02389406        43

  ==> Add operator: mvp2 -1: 30540 30541
  ==> Current qubit order: 2  3  44  45  4  5  6  7  20  8  0  1  23  22  28  29  26  21  54  24  42  25  43  9  30  31  32  17  33  18  60  47  16  46  56  15  14  63  62  57  34  38  39  35  36  37  40  10  50  41  11  51  12  64  48  13  65  55  19  27  67  49  52  53  66  59  58  61  68  69  70  71  


  ==> Energy                -164.967758668
  ==> dE                       -4.11e-05
  ==> Gradient Norm             2.66e+00
  ==> Abs. Max. Deriv.          7.86e-02
  ==> Time-Grad. (s)              44.587
  ==> Time-Energy (s)             12.152
  ==> Time-Iter. (s)              56.739

--------------------------------------------------------------------------------
CEO-ADAPT-VQE iteration: 142
--------------------------------------------------------------------------------
    gate        derivative      name       op1       op2       op3        g_unscaled   penalty
     415       -0.00251992      a_ia       415                           -0.00503985         2
     601       -0.00236548      a_ia       601                           -0.00473097         2
     722       -0.00205976      a_ia       722                           -0.00411951         2
     518       -0.00122076      a_ia       518                           -0.00244151         2
     523        0.00082630      a_ia       523                            0.00330522         4
     444       -0.00079455      a_ia       444                           -0.00158909         2
     578       -0.00078967      a_ia       578                           -0.00157934         2
      90        0.00064406      a_ia        90                            0.00257624         4
     124        0.00062507      a_ia       124                            0.00250028         4
   70806       -0.00055032        op     21787     21788                 -0.04567646        83

  ==> Add operator: mvp2 -1: 21787 21788
  ==> Current qubit order: 2  3  44  45  4  5  6  7  20  8  0  1  23  22  28  29  26  21  54  24  42  25  43  9  30  31  32  17  33  18  47  16  46  56  14  60  15  63  10  62  57  34  38  39  35  36  37  40  50  41  11  51  12  64  48  13  65  55  19  27  67  49  52  53  66  59  58  61  68  69  70  71  


  ==> Energy                -164.968009765
  ==> dE                       -2.51e-04
  ==> Gradient Norm             2.66e+00
  ==> Abs. Max. Deriv.          7.86e-02
  ==> Time-Grad. (s)              44.754
  ==> Time-Energy (s)             11.691
  ==> Time-Iter. (s)              56.445

--------------------------------------------------------------------------------
CEO-ADAPT-VQE iteration: 143
--------------------------------------------------------------------------------
    gate        derivative      name       op1       op2       op3        g_unscaled   penalty
     415       -0.00252280      a_ia       415                           -0.00504561         2
     601       -0.00237791      a_ia       601                           -0.00475582         2
     722       -0.00206868      a_ia       722                           -0.00413735         2
     518       -0.00123651      a_ia       518                           -0.00247303         2
   70814       -0.00086654        op     21795     21796                 -0.03552810        41
   21795       -0.00086003    a_iajb     21795                           -0.03526115        41
   70815       -0.00085352        om     21795     21796                 -0.03499421        41
     523        0.00083620      a_ia       523                            0.00334479         4
     444       -0.00079934      a_ia       444                           -0.00159868         2
     470       -0.00076524      a_ia       470                           -0.00153048         2

  ==> Add operator: mvp2 -1: 21795 21796
  ==> Current qubit order: 2  3  44  45  4  5  6  7  20  8  0  1  23  22  28  29  26  21  54  24  42  25  43  9  30  31  32  17  33  18  47  16  46  56  14  60  15  63  10  62  57  34  38  39  35  36  37  40  50  41  11  51  12  64  48  13  65  55  19  27  67  49  52  53  66  59  58  61  68  69  70  71  


  ==> Energy                -164.968102379
  ==> dE                       -9.26e-05
  ==> Gradient Norm             2.66e+00
  ==> Abs. Max. Deriv.          7.86e-02
  ==> Time-Grad. (s)              45.112
  ==> Time-Energy (s)             12.894
  ==> Time-Iter. (s)              58.006

--------------------------------------------------------------------------------
CEO-ADAPT-VQE iteration: 144
--------------------------------------------------------------------------------
    gate        derivative      name       op1       op2       op3        g_unscaled   penalty
     415       -0.00251971      a_ia       415                           -0.00503942         2
     601       -0.00238196      a_ia       601                           -0.00476392         2
     722       -0.00206722      a_ia       722                           -0.00413443         2
     518       -0.00122946      a_ia       518                           -0.00245893         2
     523        0.00083449      a_ia       523                            0.00333795         4
     444       -0.00079422      a_ia       444                           -0.00158845         2
     470       -0.00075721      a_ia       470                           -0.00151443         2
     354       -0.00065465      a_ia       354                           -0.00392790         6
     355       -0.00065185      a_ia       355                           -0.00130371         2
      90        0.00064446      a_ia        90                            0.00257782         4

  ==> Tried operator a_ia 470: gain -3.31e-07 (threshold 6.7e-07), removed and excluded for this stage
  ==> Add operator: a_ia 354
  ==> Current qubit order: 2  3  44  45  4  5  6  7  20  8  0  1  23  22  28  29  26  21  54  24  42  25  43  9  30  31  32  17  33  18  47  16  46  56  14  15  63  60  10  62  57  34  38  39  35  36  37  40  50  41  11  51  12  64  48  13  65  55  19  27  67  49  52  53  66  59  58  61  68  69  70  71  


  ==> Energy                -164.968104551
  ==> dE                       -2.17e-06
  ==> Gradient Norm             2.66e+00
  ==> Abs. Max. Deriv.          7.86e-02
  ==> Time-Grad. (s)              45.428
  ==> Time-Energy (s)             14.598
  ==> Time-Iter. (s)              60.026

--------------------------------------------------------------------------------
CEO-ADAPT-VQE iteration: 145
--------------------------------------------------------------------------------
    gate        derivative      name       op1       op2       op3        g_unscaled   penalty
     415       -0.00252546      a_ia       415                           -0.00505091         2
     601       -0.00240129      a_ia       601                           -0.00480258         2
     722       -0.00207972      a_ia       722                           -0.00415943         2
     518       -0.00124603      a_ia       518                           -0.00249205         2
     523        0.00082762      a_ia       523                            0.00331048         4
     444       -0.00080593      a_ia       444                           -0.00161185         2
     355       -0.00067411      a_ia       355                           -0.00134822         2
      90        0.00064202      a_ia        90                            0.00256808         4
     124        0.00062183      a_ia       124                            0.00248731         4
   82367        0.00061697        om     30560     30561                  0.02529580        41

  ==> Add operator: mvp2 -1: 30560 30561
  ==> Current qubit order: 2  3  44  45  4  5  6  7  20  8  0  1  23  22  28  29  26  21  54  24  42  25  43  9  30  31  32  17  33  18  47  16  46  56  14  15  63  60  10  62  57  34  38  39  35  36  37  40  50  41  11  51  12  64  48  13  65  55  19  27  67  49  52  53  66  59  58  61  68  69  70  71  


  ==> Energy                -164.968147147
  ==> dE                       -4.26e-05
  ==> Gradient Norm             2.66e+00
  ==> Abs. Max. Deriv.          7.86e-02
  ==> Time-Grad. (s)              45.339
  ==> Time-Energy (s)             13.651
  ==> Time-Iter. (s)              58.989

--------------------------------------------------------------------------------
CEO-ADAPT-VQE iteration: 146
--------------------------------------------------------------------------------
    gate        derivative      name       op1       op2       op3        g_unscaled   penalty
     415       -0.00252576      a_ia       415                           -0.00505152         2
     601       -0.00239965      a_ia       601                           -0.00479930         2
     722       -0.00207999      a_ia       722                           -0.00415997         2
     518       -0.00124555      a_ia       518                           -0.00249111         2
     523        0.00082733      a_ia       523                            0.00330932         4
     444       -0.00080662      a_ia       444                           -0.00161324         2
     355       -0.00067280      a_ia       355                           -0.00134560         2
      90        0.00064198      a_ia        90                            0.00256793         4
     124        0.00062173      a_ia       124                            0.00248694         4
   89311        0.00055171        om     35830     35831                  0.02482681        45

  ==> Add operator: mvp2 -1: 35830 35831
  ==> Current qubit order: 2  3  44  45  4  5  6  7  20  8  0  1  23  22  28  29  26  21  54  24  42  25  43  9  30  31  32  33  17  18  47  46  16  56  14  15  63  60  10  62  57  34  38  39  35  36  37  40  50  41  11  51  12  64  48  13  65  55  19  27  67  49  52  53  66  59  58  61  68  69  70  71  


  ==> Energy                -164.968236996
  ==> dE                       -8.98e-05
  ==> Gradient Norm             2.66e+00
  ==> Abs. Max. Deriv.          7.86e-02
  ==> Time-Grad. (s)              45.339
  ==> Time-Energy (s)             13.483
  ==> Time-Iter. (s)              58.822

--------------------------------------------------------------------------------
CEO-ADAPT-VQE iteration: 147
--------------------------------------------------------------------------------
    gate        derivative      name       op1       op2       op3        g_unscaled   penalty
     415       -0.00253025      a_ia       415                           -0.00506049         2
     601       -0.00239715      a_ia       601                           -0.00479430         2
     722       -0.00207827      a_ia       722                           -0.00415654         2
     523        0.00165511      a_ia       523                            0.00331021         2
     518       -0.00129472      a_ia       518                           -0.00258945         2
     444       -0.00081106      a_ia       444                           -0.00162213         2
     355       -0.00066654      a_ia       355                           -0.00133308         2
      90        0.00064204      a_ia        90                            0.00256815         4
     124        0.00062160      a_ia       124                            0.00248639         4
     571       -0.00055716      a_ia       571                           -0.00222865         4

  ==> Add operator: a_ia 571
  ==> Current qubit order: 2  3  44  45  4  5  6  7  20  8  0  1  23  22  28  29  26  21  54  24  42  25  43  9  30  31  32  33  17  47  18  46  16  56  14  15  63  60  10  62  57  34  38  39  35  36  37  40  50  41  11  51  12  64  48  13  65  55  19  27  67  49  52  53  66  59  58  61  68  69  70  71  


  ==> Energy                -164.968238478
  ==> dE                       -1.48e-06
  ==> Gradient Norm             2.66e+00
  ==> Abs. Max. Deriv.          7.86e-02
  ==> Time-Grad. (s)              45.396
  ==> Time-Energy (s)              6.460
  ==> Time-Iter. (s)              51.855

--------------------------------------------------------------------------------
CEO-ADAPT-VQE iteration: 148
--------------------------------------------------------------------------------
    gate        derivative      name       op1       op2       op3        g_unscaled   penalty
     415       -0.00252876      a_ia       415                           -0.00505753         2
     601       -0.00240010      a_ia       601                           -0.00480020         2
     722       -0.00207933      a_ia       722                           -0.00415866         2
     523        0.00168460      a_ia       523                            0.00336921         2
     518       -0.00136035      a_ia       518                           -0.00272069         2
     545       -0.00103408      a_ia       545                           -0.00206815         2
     444       -0.00080780      a_ia       444                           -0.00161561         2
     355       -0.00066275      a_ia       355                           -0.00132550         2
      90        0.00064167      a_ia        90                            0.00256666         4
     576        0.00063346      a_ia       576                            0.00380077         6

  ==> Add operator: a_ia 545
  ==> Current qubit order: 2  3  44  45  4  5  6  7  20  8  0  1  23  22  28  29  26  21  54  24  42  25  43  9  30  31  32  33  17  47  18  46  16  56  14  15  63  60  10  62  57  34  38  39  35  36  37  40  50  41  11  51  12  64  48  13  65  55  19  27  67  49  52  53  66  59  58  61  68  69  70  71  


  ==> Energy                -164.968239660
  ==> dE                       -1.18e-06
  ==> Gradient Norm             2.66e+00
  ==> Abs. Max. Deriv.          7.86e-02
  ==> Time-Grad. (s)              46.046
  ==> Time-Energy (s)              7.517
  ==> Time-Iter. (s)              53.563

--------------------------------------------------------------------------------
CEO-ADAPT-VQE iteration: 149
--------------------------------------------------------------------------------
    gate        derivative      name       op1       op2       op3        g_unscaled   penalty
     415       -0.00253783      a_ia       415                           -0.00507566         2
     601       -0.00239590      a_ia       601                           -0.00479180         2
     722       -0.00207926      a_ia       722                           -0.00415853         2
     523        0.00168642      a_ia       523                            0.00337284         2
     518       -0.00131751      a_ia       518                           -0.00263502         2
     444       -0.00081257      a_ia       444                           -0.00162515         2
     355       -0.00067426      a_ia       355                           -0.00134853         2
      90        0.00064139      a_ia        90                            0.00256557         4
     576        0.00063246      a_ia       576                            0.00379475         6
     124        0.00062617      a_ia       124                            0.00250469         4

  ==> Add operator: a_ia 576
  ==> Current qubit order: 2  3  44  45  4  5  6  7  20  8  0  1  23  22  28  29  26  21  54  24  42  25  43  9  30  31  32  33  17  47  46  16  18  56  14  15  63  60  10  62  57  34  38  39  35  36  37  40  50  41  11  51  12  64  48  13  65  55  19  27  67  49  52  53  66  59  58  61  68  69  70  71  


  ==> Energy                -164.968242116
  ==> dE                       -2.46e-06
  ==> Gradient Norm             2.66e+00
  ==> Abs. Max. Deriv.          7.86e-02
  ==> Time-Grad. (s)              46.078
  ==> Time-Energy (s)              7.453
  ==> Time-Iter. (s)              53.530

--------------------------------------------------------------------------------
CEO-ADAPT-VQE iteration: 150
--------------------------------------------------------------------------------
    gate        derivative      name       op1       op2       op3        g_unscaled   penalty
     415       -0.00251811      a_ia       415                           -0.00503622         2
     601       -0.00240471      a_ia       601                           -0.00480942         2
     722       -0.00209120      a_ia       722                           -0.00418240         2
     518       -0.00134405      a_ia       518                           -0.00268809         2
     523        0.00086949      a_ia       523                            0.00347795         4
     444       -0.00079673      a_ia       444                           -0.00159346         2
     355       -0.00065862      a_ia       355                           -0.00131723         2
      90        0.00064177      a_ia        90                            0.00256709         4
     124        0.00062637      a_ia       124                            0.00250550         4
     504        0.00060375      a_ia       504                            0.00120749         2

  ==> Add operator: a_ia 504
  ==> Current qubit order: 2  3  44  45  4  5  6  7  20  8  0  1  23  22  28  29  26  21  54  24  42  25  43  9  30  31  32  33  17  47  46  16  18  56  14  15  63  60  10  62  57  34  38  39  35  36  37  40  50  41  11  51  12  64  48  13  65  55  19  27  67  49  52  53  66  59  58  61  68  69  70  71  


  ==> Energy                -164.968281992
  ==> dE                       -3.99e-05
  ==> Gradient Norm             2.66e+00
  ==> Abs. Max. Deriv.          7.86e-02
  ==> Time-Grad. (s)              46.264
  ==> Time-Energy (s)              7.409
  ==> Time-Iter. (s)              53.673

--------------------------------------------------------------------------------
CEO-ADAPT-VQE iteration: 151
--------------------------------------------------------------------------------
    gate        derivative      name       op1       op2       op3        g_unscaled   penalty
     415       -0.00251396      a_ia       415                           -0.00502792         2
     601       -0.00241453      a_ia       601                           -0.00482906         2
     722       -0.00200267      a_ia       722                           -0.00400535         2
     518       -0.00126572      a_ia       518                           -0.00253145         2
     523        0.00080788      a_ia       523                            0.00323151         4
     444       -0.00079527      a_ia       444                           -0.00159054         2
     355       -0.00065786      a_ia       355                           -0.00131572         2
      90        0.00064122      a_ia        90                            0.00256486         4
     124        0.00062589      a_ia       124                            0.00250356         4
     937        0.00053688      a_ia       937                            0.00107376         2

  ==> Add operator: mvp2 -1: 14536 14537
  ==> Current qubit order: 2  3  44  45  4  5  6  7  20  0  1  23  22  28  29  26  21  54  24  42  25  43  8  9  47  46  30  31  32  33  17  16  18  56  14  15  63  60  10  62  57  34  38  39  35  36  37  40  50  41  11  51  12  64  48  13  65  55  19  27  67  49  52  53  66  59  58  61  68  69  70  71  


  ==> Energy                -164.968585433
  ==> dE                       -3.03e-04
  ==> Gradient Norm             2.66e+00
  ==> Abs. Max. Deriv.          7.86e-02
  ==> Time-Grad. (s)              46.377
  ==> Time-Energy (s)             13.145
  ==> Time-Iter. (s)              59.522

--------------------------------------------------------------------------------
CEO-ADAPT-VQE iteration: 152
--------------------------------------------------------------------------------
    gate        derivative      name       op1       op2       op3        g_unscaled   penalty
     415       -0.00251163      a_ia       415                           -0.00502326         2
     601       -0.00242345      a_ia       601                           -0.00484690         2
     722       -0.00200000      a_ia       722                           -0.00399999         2
     523        0.00080672      a_ia       523                            0.00322690         4
     444       -0.00079861      a_ia       444                           -0.00159722         2
   62728        0.00068403        op     15602     15603                  0.04172613        61
   15602        0.00068317    a_iajb     15602                            0.04167319        61
   62729        0.00068230        om     15602     15603                  0.04162024        61
     355       -0.00065033      a_ia       355                           -0.00130065         2
      90        0.00063948      a_ia        90                            0.00255791         4

  ==> Add operator: op -1: 15602 15603
  ==> Current qubit order: 2  3  44  45  4  5  6  7  20  0  1  23  22  28  29  26  21  54  24  42  25  43  9  8  47  46  15  30  31  32  33  17  16  18  56  14  63  60  10  62  57  34  38  39  35  36  37  40  50  41  11  51  12  64  48  13  65  55  19  27  67  49  52  53  66  59  58  61  68  69  70  71  


  ==> Energy                -164.968780410
  ==> dE                       -1.95e-04
  ==> Gradient Norm             2.66e+00
  ==> Abs. Max. Deriv.          7.86e-02
  ==> Time-Grad. (s)              46.019
  ==> Time-Energy (s)              6.550
  ==> Time-Iter. (s)              52.570

--------------------------------------------------------------------------------
CEO-ADAPT-VQE iteration: 153
--------------------------------------------------------------------------------
    gate        derivative      name       op1       op2       op3        g_unscaled   penalty
     415       -0.00251451      a_ia       415                           -0.00502903         2
     601       -0.00241236      a_ia       601                           -0.00482472         2
     722       -0.00199906      a_ia       722                           -0.00399811         2
     523        0.00080732      a_ia       523                            0.00322927         4
     444       -0.00080236      a_ia       444                           -0.00160473         2
     355       -0.00065175      a_ia       355                           -0.00130351         2
      90        0.00063904      a_ia        90                            0.00255617         4
     124        0.00062759      a_ia       124                            0.00251037         4
    1065       -0.00057935      a_ia      1065                           -0.00347608         6
   61382        0.00057915        op     14478     14479                  0.02490325        43

  ==> Add operator: a_ia 1065
  ==> Current qubit order: 2  3  44  45  4  5  6  7  20  0  1  23  22  28  29  26  21  54  24  42  25  9  8  43  47  46  15  30  31  32  33  17  16  18  56  14  63  60  10  62  57  34  38  39  35  36  37  40  50  41  11  51  12  64  48  13  65  55  19  27  67  49  52  53  66  59  58  61  68  69  70  71  


  ==> Energy                -164.969046123
  ==> dE                       -2.66e-04
  ==> Gradient Norm             2.66e+00
  ==> Abs. Max. Deriv.          7.86e-02
  ==> Time-Grad. (s)              45.941
  ==> Time-Energy (s)              7.066
  ==> Time-Iter. (s)              53.007

--------------------------------------------------------------------------------
CEO-ADAPT-VQE iteration: 154
--------------------------------------------------------------------------------
    gate        derivative      name       op1       op2       op3        g_unscaled   penalty
     415       -0.00252725      a_ia       415                           -0.00505450         2
     601       -0.00239629      a_ia       601                           -0.00479258         2
     722       -0.00199875      a_ia       722                           -0.00399750         2
     444       -0.00083405      a_ia       444                           -0.00166810         2
     523        0.00082741      a_ia       523                            0.00330965         4
   61383        0.00072859        om     14478     14479                  0.03132932        43
   14478        0.00072854    a_iajb     14478                            0.03132733        43
   61382        0.00072850        op     14478     14479                  0.03132534        43
     355       -0.00069353      a_ia       355                           -0.00138705         2
     124        0.00064105      a_ia       124                            0.00256419         4

  ==> Add operator: om -1: 14478 14479
  ==> Current qubit order: 2  3  44  45  4  5  6  7  20  0  1  23  22  28  29  26  21  54  24  42  25  9  8  43  46  47  15  30  31  32  33  17  16  18  56  14  63  60  10  62  57  34  38  39  35  36  37  40  50  41  11  51  12  64  48  13  65  55  19  27  67  49  52  53  66  59  58  61  68  69  70  71  


  ==> Energy                -164.969322197
  ==> dE                       -2.76e-04
  ==> Gradient Norm             2.66e+00
  ==> Abs. Max. Deriv.          7.86e-02
  ==> Time-Grad. (s)              47.650
  ==> Time-Energy (s)             91.403
  ==> Time-Iter. (s)             139.054

--------------------------------------------------------------------------------
CEO-ADAPT-VQE iteration: 155
--------------------------------------------------------------------------------
    gate        derivative      name       op1       op2       op3        g_unscaled   penalty
     601       -0.00262662      a_ia       601                           -0.00525325         2
     415       -0.00248875      a_ia       415                           -0.00497750         2
     722       -0.00207341      a_ia       722                           -0.00414682         2
     523        0.00080282      a_ia       523                            0.00321129         4
     444       -0.00079083      a_ia       444                           -0.00158167         2
     124        0.00064863      a_ia       124                            0.00259451         4
      90        0.00064618      a_ia        90                            0.00258470         4
     468       -0.00056298      a_ia       468                           -0.00112596         2
     937        0.00051556      a_ia       937                            0.00103111         2
     355       -0.00049035      a_ia       355                           -0.00098070         2

  ==> Add operator: om -1: 28182 28183
  ==> Current qubit order: 2  3  44  45  4  5  6  7  20  0  1  23  22  28  29  26  21  54  24  42  25  9  8  43  46  47  15  30  31  32  33  17  16  18  56  14  63  60  10  62  57  34  38  39  35  36  37  40  50  41  11  51  48  12  64  65  27  13  55  19  67  49  52  53  66  59  58  61  68  69  70  71  


  ==> Energy                -164.969384781
  ==> dE                       -6.26e-05
  ==> Gradient Norm             2.65e+00
  ==> Abs. Max. Deriv.          7.86e-02
  ==> Time-Grad. (s)              47.461
  ==> Time-Energy (s)              7.150
  ==> Time-Iter. (s)              54.610

--------------------------------------------------------------------------------
CEO-ADAPT-VQE iteration: 156
--------------------------------------------------------------------------------
    gate        derivative      name       op1       op2       op3        g_unscaled   penalty
     601       -0.00262359      a_ia       601                           -0.00524717         2
     415       -0.00244921      a_ia       415                           -0.00489841         2
     722       -0.00207317      a_ia       722                           -0.00414633         2
     523        0.00080250      a_ia       523                            0.00321001         4
     124        0.00064854      a_ia       124                            0.00259416         4
      90        0.00064614      a_ia        90                            0.00258455         4
     425        0.00064484      a_ia       425                            0.00128967         2
     468       -0.00056424      a_ia       468                           -0.00112848         2
     937        0.00051628      a_ia       937                            0.00103256         2
   92941        0.00050881        om     38599     38600                  0.06665363       131

  ==> Add operator: a_ia 425
  ==> Current qubit order: 2  3  44  45  4  5  6  7  20  0  1  23  22  28  29  26  21  54  24  42  25  9  8  43  46  47  15  30  31  32  33  17  16  18  56  14  63  60  10  62  57  34  38  39  35  36  37  40  50  41  11  51  48  12  64  65  27  13  55  19  67  49  52  53  66  59  58  61  68  69  70  71  


  ==> Energy                -164.969453953
  ==> dE                       -6.92e-05
  ==> Gradient Norm             2.65e+00
  ==> Abs. Max. Deriv.          7.86e-02
  ==> Time-Grad. (s)              47.537
  ==> Time-Energy (s)              6.404
  ==> Time-Iter. (s)              53.941

--------------------------------------------------------------------------------
CEO-ADAPT-VQE iteration: 157
--------------------------------------------------------------------------------
    gate        derivative      name       op1       op2       op3        g_unscaled   penalty
     601       -0.00256281      a_ia       601                           -0.00512563         2
     415       -0.00245160      a_ia       415                           -0.00490320         2
     722       -0.00206103      a_ia       722                           -0.00412206         2
     523        0.00079659      a_ia       523                            0.00318635         4
     444       -0.00064915      a_ia       444                           -0.00259658         4
      90        0.00064532      a_ia        90                            0.00258127         4
     124        0.00063930      a_ia       124                            0.00255721         4
     468       -0.00058803      a_ia       468                           -0.00117606         2
     439       -0.00054589      a_ia       439                           -0.00109178         2
     355       -0.00053764      a_ia       355                           -0.00107528         2

  ==> Tried operator a_ia 439: gain -2.04e-07 (threshold 8.0e-07), removed and excluded for this stage
  ==> Add operator: mvp2 -1: 38599 38600
  ==> Current qubit order: 2  3  44  45  4  5  6  7  20  0  1  23  22  28  29  26  21  24  42  25  9  8  46  47  15  30  31  32  33  17  54  43  18  27  16  56  14  63  60  10  62  57  34  38  39  35  36  37  40  50  41  11  51  48  12  64  65  13  55  19  67  49  52  53  66  59  58  61  68  69  70  71  


  ==> Energy                -164.971170112
  ==> dE                       -1.72e-03
  ==> Gradient Norm             2.65e+00
  ==> Abs. Max. Deriv.          7.86e-02
  ==> Time-Grad. (s)              47.465
  ==> Time-Energy (s)             20.696
  ==> Time-Iter. (s)              68.160

--------------------------------------------------------------------------------
CEO-ADAPT-VQE iteration: 158
--------------------------------------------------------------------------------
    gate        derivative      name       op1       op2       op3        g_unscaled   penalty
     601       -0.00275888      a_ia       601                           -0.00551776         2
     415       -0.00248507      a_ia       415                           -0.00497014         2
     523        0.00157477      a_ia       523                            0.00314954         2
     444       -0.00123865      a_ia       444                           -0.00247730         2
     286        0.00080568      a_ia       286                            0.00161135         2
      90        0.00064549      a_ia        90                            0.00258195         4
     124        0.00063895      a_ia       124                            0.00255579         4
     468       -0.00058377      a_ia       468                           -0.00116754         2
     937        0.00052760      a_ia       937                            0.00105520         2
     355       -0.00051336      a_ia       355                           -0.00102673         2

  ==> Tried operator a_ia 286: gain -5.92e-07 (threshold 9.1e-07), removed and excluded for this stage
  ==> Add operator: mvp2 -1: 29242 29244
  ==> Current qubit order: 2  3  44  45  4  5  6  7  20  0  1  23  22  28  29  26  21  24  42  25  9  8  46  47  15  30  31  32  33  17  54  43  18  27  16  56  14  63  60  10  62  57  34  38  39  35  36  37  40  50  41  11  51  48  12  64  65  55  13  19  67  59  49  52  53  66  58  61  68  69  70  71  


  ==> Energy                -164.971310828
  ==> dE                       -1.41e-04
  ==> Gradient Norm             2.64e+00
  ==> Abs. Max. Deriv.          7.86e-02
  ==> Time-Grad. (s)              47.725
  ==> Time-Energy (s)             21.788
  ==> Time-Iter. (s)              69.514

--------------------------------------------------------------------------------
CEO-ADAPT-VQE iteration: 159
--------------------------------------------------------------------------------
    gate        derivative      name       op1       op2       op3        g_unscaled   penalty
     415       -0.00251156      a_ia       415                           -0.00502311         2
     603        0.00162282      a_ia       603                            0.00649127         4
     523        0.00158315      a_ia       523                            0.00316630         2
     601       -0.00135263      a_ia       601                           -0.00541053         4
     286        0.00081272      a_ia       286                            0.00162544         2
    1197       -0.00073910      a_ia      1197                           -0.00591277         8
      90        0.00064603      a_ia        90                            0.00258410         4
     124        0.00063929      a_ia       124                            0.00255717         4
     444       -0.00062604      a_ia       444                           -0.00250415         4
     468       -0.00059349      a_ia       468                           -0.00118699         2

  ==> Add operator: a_ia 603
  ==> Current qubit order: 2  3  44  45  4  5  6  7  20  0  1  23  22  28  29  26  21  24  42  25  9  8  46  47  15  30  31  32  33  17  54  43  18  27  16  56  14  63  60  10  62  57  34  38  39  35  36  37  40  50  41  11  51  48  12  64  65  55  13  67  19  59  49  52  53  66  58  61  68  69  70  71  


  ==> Energy                -164.971317701
  ==> dE                       -6.87e-06
  ==> Gradient Norm             2.64e+00
  ==> Abs. Max. Deriv.          7.86e-02
  ==> Time-Grad. (s)              47.218
  ==> Time-Energy (s)              8.104
  ==> Time-Iter. (s)              55.323

--------------------------------------------------------------------------------
CEO-ADAPT-VQE iteration: 160
--------------------------------------------------------------------------------
    gate        derivative      name       op1       op2       op3        g_unscaled   penalty
     415       -0.00250953      a_ia       415                           -0.00501907         2
     523        0.00154276      a_ia       523                            0.00308553         2
     601       -0.00088665      a_ia       601                           -0.00531988         6
     286        0.00076119      a_ia       286                            0.00152238         2
    1197       -0.00073693      a_ia      1197                           -0.00589547         8
      90        0.00064039      a_ia        90                            0.00256157         4
     124        0.00063724      a_ia       124                            0.00254896         4
     444       -0.00062262      a_ia       444                           -0.00249049         4
     468       -0.00055476      a_ia       468                           -0.00110953         2
     937        0.00052114      a_ia       937                            0.00104228         2

  ==> Add operator: a_ia 1197
  ==> Current qubit order: 2  3  44  45  4  5  6  7  20  0  1  23  22  28  29  26  21  24  42  25  9  8  46  47  15  30  31  32  33  17  54  43  18  27  16  56  14  63  60  10  62  57  34  38  39  35  36  37  40  50  41  11  51  48  12  64  65  13  67  19  55  59  49  52  53  66  58  61  68  69  70  71  


  ==> Energy                -164.972436854
  ==> dE                       -1.12e-03
  ==> Gradient Norm             2.64e+00
  ==> Abs. Max. Deriv.          7.86e-02
  ==> Time-Grad. (s)              47.260
  ==> Time-Energy (s)              6.895
  ==> Time-Iter. (s)              54.155

--------------------------------------------------------------------------------
CEO-ADAPT-VQE iteration: 161
--------------------------------------------------------------------------------
    gate        derivative      name       op1       op2       op3        g_unscaled   penalty
     415       -0.00251884      a_ia       415                           -0.00503768         2
     523        0.00153764      a_ia       523                            0.00307527         2
     603       -0.00127041      a_ia       603                           -0.00508165         4
     444       -0.00122192      a_ia       444                           -0.00244385         2
     286        0.00072564      a_ia       286                            0.00145129         2
      90        0.00063709      a_ia        90                            0.00254837         4
     124        0.00063547      a_ia       124                            0.00254190         4
     355       -0.00063382      a_ia       355                           -0.00126765         2
     468       -0.00061223      a_ia       468                           -0.00122447         2
     445        0.00053319      a_ia       445                            0.00106638         2

  ==> Tried operator a_ia 445: gain -6.89e-08 (threshold 8.0e-07), removed and excluded for this stage
  ==> Add operator: mvp2 -1: 24926 24928
  ==> Current qubit order: 2  3  44  45  4  5  6  7  20  0  1  23  22  28  29  26  21  24  42  25  9  8  46  47  15  30  31  32  33  17  54  43  18  27  16  56  14  63  60  10  62  57  34  38  39  35  36  37  40  50  41  51  48  12  64  65  13  67  55  11  19  59  61  49  52  53  66  58  68  69  70  71  


  ==> Energy                -164.972696554
  ==> dE                       -2.60e-04
  ==> Gradient Norm             2.63e+00
  ==> Abs. Max. Deriv.          7.86e-02
  ==> Time-Grad. (s)              47.154
  ==> Time-Energy (s)             22.241
  ==> Time-Iter. (s)              69.394

--------------------------------------------------------------------------------
CEO-ADAPT-VQE iteration: 162
--------------------------------------------------------------------------------
    gate        derivative      name       op1       op2       op3        g_unscaled   penalty
     415       -0.00251578      a_ia       415                           -0.00503156         2
     603       -0.00226000      a_ia       603                           -0.00451999         2
     381        0.00183362      a_ia       381                            0.00366724         2
     523        0.00154305      a_ia       523                            0.00308610         2
     604       -0.00132421      a_ia       604                           -0.00529686         4
     444       -0.00122153      a_ia       444                           -0.00244306         2
    1224        0.00105286      a_ia      1224                            0.00210571         2
     384       -0.00096512      a_ia       384                           -0.00579071         6
     387        0.00073254      a_ia       387                            0.00293014         4
     286        0.00071641      a_ia       286                            0.00143282         2

  ==> Add operator: a_ia 604
  ==> Current qubit order: 2  3  44  45  4  5  6  7  20  0  1  23  22  28  29  26  21  24  42  25  9  8  46  47  15  30  31  32  33  17  54  43  18  27  16  56  14  63  60  10  62  57  34  38  39  35  36  37  40  50  41  51  48  12  64  65  13  67  55  11  59  19  61  49  52  53  66  58  68  69  70  71  


  ==> Energy                -164.972701168
  ==> dE                       -4.61e-06
  ==> Gradient Norm             2.63e+00
  ==> Abs. Max. Deriv.          7.86e-02
  ==> Time-Grad. (s)              46.321
  ==> Time-Energy (s)              8.488
  ==> Time-Iter. (s)              54.809

--------------------------------------------------------------------------------
CEO-ADAPT-VQE iteration: 163
--------------------------------------------------------------------------------
    gate        derivative      name       op1       op2       op3        g_unscaled   penalty
     415       -0.00252555      a_ia       415                           -0.00505111         2
     603       -0.00226830      a_ia       603                           -0.00453659         2
     381        0.00184571      a_ia       381                            0.00369143         2
     523        0.00151998      a_ia       523                            0.00303997         2
     383       -0.00127051      a_ia       383                           -0.00254103         2
     444       -0.00122388      a_ia       444                           -0.00244777         2
     384       -0.00096165      a_ia       384                           -0.00576987         6
     387        0.00073323      a_ia       387                            0.00293291         4
     286        0.00068205      a_ia       286                            0.00136410         2
      90        0.00063288      a_ia        90                            0.00253150         4

  ==> Add operator: a_ia 383
  ==> Current qubit order: 2  3  44  45  4  5  6  7  20  0  1  23  22  28  29  26  21  24  42  25  9  8  46  47  15  30  31  32  33  17  54  43  18  27  16  56  14  63  60  10  62  57  34  38  39  35  36  37  40  50  41  51  48  12  64  65  13  67  55  11  59  19  61  49  52  53  66  58  68  69  70  71  


  ==> Energy                -164.972702227
  ==> dE                       -1.06e-06
  ==> Gradient Norm             2.63e+00
  ==> Abs. Max. Deriv.          7.86e-02
  ==> Time-Grad. (s)              46.623
  ==> Time-Energy (s)              8.377
  ==> Time-Iter. (s)              55.000

--------------------------------------------------------------------------------
CEO-ADAPT-VQE iteration: 164
--------------------------------------------------------------------------------
    gate        derivative      name       op1       op2       op3        g_unscaled   penalty
     415       -0.00252719      a_ia       415                           -0.00505437         2
     603       -0.00227126      a_ia       603                           -0.00454253         2
     381        0.00183301      a_ia       381                            0.00366603         2
     523        0.00151581      a_ia       523                            0.00303161         2
     444       -0.00123075      a_ia       444                           -0.00246150         2
     384       -0.00096081      a_ia       384                           -0.00576488         6
     387        0.00073497      a_ia       387                            0.00293987         4
     286        0.00066604      a_ia       286                            0.00133208         2
      90        0.00063474      a_ia        90                            0.00253895         4
     124        0.00062902      a_ia       124                            0.00251607         4

  ==> Add operator: a_ia 384
  ==> Current qubit order: 2  3  44  45  4  5  6  7  20  0  1  23  22  28  29  26  21  24  42  25  9  8  46  47  15  30  31  32  33  17  54  43  18  27  16  56  14  63  60  10  62  57  34  38  39  35  36  37  40  50  41  51  48  12  64  65  13  67  55  59  19  11  61  49  52  53  66  58  68  69  70  71  


  ==> Energy                -164.972707131
  ==> dE                       -4.90e-06
  ==> Gradient Norm             2.63e+00
  ==> Abs. Max. Deriv.          7.86e-02
  ==> Time-Grad. (s)              46.562
  ==> Time-Energy (s)              8.229
  ==> Time-Iter. (s)              54.791

--------------------------------------------------------------------------------
CEO-ADAPT-VQE iteration: 165
--------------------------------------------------------------------------------
    gate        derivative      name       op1       op2       op3        g_unscaled   penalty
     415       -0.00254315      a_ia       415                           -0.00508631         2
     603       -0.00231141      a_ia       603                           -0.00462282         2
     523        0.00149711      a_ia       523                            0.00299423         2
     444       -0.00123838      a_ia       444                           -0.00247675         2
     286        0.00063367      a_ia       286                            0.00126733         2
      90        0.00063240      a_ia        90                            0.00252959         4
     381        0.00062668      a_ia       381                            0.00376009         6
     124        0.00062571      a_ia       124                            0.00250284         4
     445        0.00061735      a_ia       445                            0.00123470         2
     468       -0.00061155      a_ia       468                           -0.00122310         2

  ==> Add operator: a_ia 1198
  ==> Current qubit order: 2  3  44  45  4  5  6  7  20  0  1  23  22  28  29  26  21  24  42  25  9  8  46  47  15  30  31  32  33  17  54  43  18  27  16  56  14  63  60  10  62  57  34  38  39  35  36  37  40  50  41  51  48  12  64  65  13  67  59  19  11  55  61  49  52  53  66  58  68  69  70  71  


  ==> Energy                -164.973322801
  ==> dE                       -6.16e-04
  ==> Gradient Norm             2.63e+00
  ==> Abs. Max. Deriv.          7.86e-02
  ==> Time-Grad. (s)              46.786
  ==> Time-Energy (s)              6.723
  ==> Time-Iter. (s)              53.508

--------------------------------------------------------------------------------
CEO-ADAPT-VQE iteration: 166
--------------------------------------------------------------------------------
    gate        derivative      name       op1       op2       op3        g_unscaled   penalty
     381        0.00271479      a_ia       381                            0.00542958         2
     415       -0.00258238      a_ia       415                           -0.00516476         2
     603       -0.00225960      a_ia       603                           -0.00451919         2
     523        0.00150735      a_ia       523                            0.00301471         2
     444       -0.00124982      a_ia       444                           -0.00249964         2
     355       -0.00067509      a_ia       355                           -0.00135019         2
     468       -0.00064492      a_ia       468                           -0.00128985         2
      90        0.00063099      a_ia        90                            0.00252394         4
     445        0.00062970      a_ia       445                            0.00125940         2
     124        0.00062666      a_ia       124                            0.00250663         4

  ==> Add operator: op -1: 27294 27295
  ==> Current qubit order: 2  3  44  45  4  5  6  7  20  0  1  23  22  28  29  26  21  24  42  25  9  8  46  47  15  30  31  32  33  17  54  43  18  27  16  56  14  63  60  10  62  57  34  38  39  35  36  37  40  50  41  51  48  64  65  13  67  59  12  19  61  66  11  55  49  52  53  58  68  69  70  71  


  ==> Energy                -164.973400199
  ==> dE                       -7.74e-05
  ==> Gradient Norm             2.63e+00
  ==> Abs. Max. Deriv.          7.86e-02
  ==> Time-Grad. (s)              46.881
  ==> Time-Energy (s)              7.468
  ==> Time-Iter. (s)              54.350

--------------------------------------------------------------------------------
CEO-ADAPT-VQE iteration: 167
--------------------------------------------------------------------------------
    gate        derivative      name       op1       op2       op3        g_unscaled   penalty
     381        0.00271487      a_ia       381                            0.00542973         2
     604        0.00164277      a_ia       604                            0.00328554         2
     523        0.00150718      a_ia       523                            0.00301437         2
     444       -0.00125014      a_ia       444                           -0.00250028         2
     603       -0.00112705      a_ia       603                           -0.00450819         4
    1141       -0.00083900      a_ia      1141                           -0.00167799         2
     355       -0.00067503      a_ia       355                           -0.00135006         2
     468       -0.00064473      a_ia       468                           -0.00128946         2
      90        0.00063101      a_ia        90                            0.00252406         4
     445        0.00063012      a_ia       445                            0.00126024         2

  ==> Add operator: a_ia 1141
  ==> Current qubit order: 2  3  44  45  4  5  6  7  20  0  1  23  22  28  29  26  21  24  42  25  9  8  46  47  15  30  31  32  33  17  54  43  18  27  16  56  14  63  60  10  62  57  34  38  39  35  36  37  40  50  41  51  48  64  65  13  67  59  12  19  61  66  11  55  49  52  53  58  68  69  70  71  


  ==> Energy                -164.973516710
  ==> dE                       -1.17e-04
  ==> Gradient Norm             2.63e+00
  ==> Abs. Max. Deriv.          7.86e-02
  ==> Time-Grad. (s)              46.962
  ==> Time-Energy (s)              7.170
  ==> Time-Iter. (s)              54.132

--------------------------------------------------------------------------------
CEO-ADAPT-VQE iteration: 168
--------------------------------------------------------------------------------
    gate        derivative      name       op1       op2       op3        g_unscaled   penalty
     381        0.00268413      a_ia       381                            0.00536827         2
     604        0.00160756      a_ia       604                            0.00321511         2
     523        0.00151475      a_ia       523                            0.00302949         2
     444       -0.00125388      a_ia       444                           -0.00250777         2
     603       -0.00111266      a_ia       603                           -0.00445064         4
     355       -0.00067258      a_ia       355                           -0.00134517         2
     468       -0.00064689      a_ia       468                           -0.00129377         2
     445        0.00063365      a_ia       445                            0.00126731         2
      90        0.00063138      a_ia        90                            0.00252554         4
     124        0.00062640      a_ia       124                            0.00250559         4

  ==> Add operator: mvp2 -1: 44212 44213
  ==> Current qubit order: 2  3  44  45  4  5  6  7  20  0  1  23  22  28  29  21  24  42  25  9  8  46  47  15  30  31  32  33  17  54  43  18  16  56  14  63  60  10  26  27  64  65  62  57  34  38  39  35  36  37  40  50  41  51  48  13  67  59  12  19  61  66  11  55  49  52  53  58  68  69  70  71  


  ==> Energy                -164.974142057
  ==> dE                       -6.25e-04
  ==> Gradient Norm             2.63e+00
  ==> Abs. Max. Deriv.          7.86e-02
  ==> Time-Grad. (s)              46.590
  ==> Time-Energy (s)             14.351
  ==> Time-Iter. (s)              60.941

--------------------------------------------------------------------------------
CEO-ADAPT-VQE iteration: 169
--------------------------------------------------------------------------------
    gate        derivative      name       op1       op2       op3        g_unscaled   penalty
     381        0.00268847      a_ia       381                            0.00537694         2
     604        0.00160698      a_ia       604                            0.00321396         2
     523        0.00153001      a_ia       523                            0.00306002         2
     603       -0.00111283      a_ia       603                           -0.00445133         4
     794       -0.00090192      a_ia       794                           -0.00360768         4
     445        0.00071211      a_ia       445                            0.00142423         2
     468       -0.00065591      a_ia       468                           -0.00131181         2
   88561       -0.00064861        om     35185     35186                 -0.04864564        75
   88565       -0.00063976        om     35185     35187                 -0.04798229        75
   35185       -0.00063442    a_iajb     35185                           -0.04758167        75

  ==> Add operator: a_ia 794
  ==> Current qubit order: 2  3  44  45  4  5  6  7  20  0  1  23  22  28  29  21  24  42  25  9  8  46  47  15  30  31  32  33  17  54  43  18  16  56  14  63  60  10  26  64  27  65  62  57  34  38  39  35  36  37  40  50  41  51  48  13  67  59  12  19  61  66  11  55  49  52  53  58  68  69  70  71  


  ==> Energy                -164.974144358
  ==> dE                       -2.30e-06
  ==> Gradient Norm             2.62e+00
  ==> Abs. Max. Deriv.          7.86e-02
  ==> Time-Grad. (s)              45.837
  ==> Time-Energy (s)              8.477
  ==> Time-Iter. (s)              54.314

--------------------------------------------------------------------------------
CEO-ADAPT-VQE iteration: 170
--------------------------------------------------------------------------------
    gate        derivative      name       op1       op2       op3        g_unscaled   penalty
     381        0.00269352      a_ia       381                            0.00538703         2
     604        0.00162499      a_ia       604                            0.00324999         2
     523        0.00151510      a_ia       523                            0.00303020         2
     603       -0.00112183      a_ia       603                           -0.00448734         4
     356        0.00072707      a_ia       356                            0.00290830         4
     445        0.00067234      a_ia       445                            0.00134469         2
   88561       -0.00066637        om     35185     35186                 -0.04864527        73
   88565       -0.00065729        om     35185     35187                 -0.04798191        73
   35185       -0.00065180    a_iajb     35185                           -0.04758112        73
   88564       -0.00064631        op     35185     35187                 -0.04718032        73

  ==> Add operator: a_ia 603
  ==> Current qubit order: 2  3  44  45  4  5  6  7  20  0  1  23  22  28  29  21  24  42  25  9  8  46  47  15  30  31  32  33  17  54  43  18  16  56  14  63  60  10  26  64  27  65  62  57  34  38  39  35  36  37  40  50  41  51  48  13  67  12  59  19  61  66  11  55  49  52  53  58  68  69  70  71  


  ==> Energy                -164.975915445
  ==> dE                       -1.77e-03
  ==> Gradient Norm             2.62e+00
  ==> Abs. Max. Deriv.          7.86e-02
  ==> Time-Grad. (s)              45.959
  ==> Time-Energy (s)            265.164
  ==> Time-Iter. (s)             311.123

--------------------------------------------------------------------------------
CEO-ADAPT-VQE iteration: 171
--------------------------------------------------------------------------------
    gate        derivative      name       op1       op2       op3        g_unscaled   penalty
     381        0.00275065      a_ia       381                            0.00550130         2
     523        0.00130030      a_ia       523                            0.00260060         2
     356        0.00084775      a_ia       356                            0.00339100         4
      90        0.00064781      a_ia        90                            0.00259124         4
     124        0.00060850      a_ia       124                            0.00243399         4
   81591       -0.00053677        om     29937     29938                 -0.05206700        97
   88561       -0.00053247        om     35185     35186                 -0.03887024        73
   99421       -0.00053239        om     43636     43637                 -0.05377145       101
   88565       -0.00052934        om     35185     35187                 -0.03864214        73
   29937       -0.00052865    a_iajb     29937                           -0.05127893        97

  ==> Tried operator a_ia 356: gain -1.36e-06 (threshold 1.7e-06), removed and excluded for this stage
  ==> Add operator: mvp2 -1: 29937 29938
  ==> Current qubit order: 2  3  44  45  4  5  6  7  20  0  1  23  22  28  29  21  24  42  25  9  8  46  47  15  30  31  32  33  17  54  18  16  56  14  63  60  10  43  26  64  13  27  65  62  57  34  38  39  35  36  37  40  50  41  51  48  67  12  59  19  61  66  11  55  49  52  53  58  68  69  70  71  


  ==> Energy                -164.976278286
  ==> dE                       -3.63e-04
  ==> Gradient Norm             2.60e+00
  ==> Abs. Max. Deriv.          7.86e-02
  ==> Time-Grad. (s)              44.891
  ==> Time-Energy (s)             22.839
  ==> Time-Iter. (s)              67.730

--------------------------------------------------------------------------------
CEO-ADAPT-VQE iteration: 172
--------------------------------------------------------------------------------
    gate        derivative      name       op1       op2       op3        g_unscaled   penalty
     772       -0.00347198      a_ia       772                           -0.00694397         2
     381        0.00274119      a_ia       381                            0.00548238         2
     523        0.00133509      a_ia       523                            0.00267018         2
     575        0.00072534      a_ia       575                            0.00145068         2
      90        0.00065226      a_ia        90                            0.00260903         4
     124        0.00061614      a_ia       124                            0.00246456         4
     522        0.00060856      a_ia       522                            0.00243423         4
     356        0.00056907      a_ia       356                            0.00341442         6
     425        0.00055604      a_ia       425                            0.00111207         2
   81673        0.00053955        om     30019     30020                  0.04478296        83

  ==> Add operator: a_ia 772
  ==> Current qubit order: 2  3  44  45  4  5  6  7  20  0  1  23  22  28  29  21  24  42  25  9  8  46  47  15  30  31  32  33  17  54  18  16  56  14  63  60  10  43  26  64  13  27  65  62  57  34  38  39  35  36  37  40  50  41  51  48  67  12  59  19  61  66  11  55  49  52  53  58  68  69  70  71  


  ==> Energy                -164.976285716
  ==> dE                       -7.43e-06
  ==> Gradient Norm             2.60e+00
  ==> Abs. Max. Deriv.          7.86e-02
  ==> Time-Grad. (s)              45.148
  ==> Time-Energy (s)              8.384
  ==> Time-Iter. (s)              53.532

--------------------------------------------------------------------------------
CEO-ADAPT-VQE iteration: 173
--------------------------------------------------------------------------------
    gate        derivative      name       op1       op2       op3        g_unscaled   penalty
     381        0.00275486      a_ia       381                            0.00550971         2
     523        0.00130654      a_ia       523                            0.00261307         2
     575        0.00068210      a_ia       575                            0.00136420         2
      90        0.00064810      a_ia        90                            0.00259239         4
     124        0.00060832      a_ia       124                            0.00243327         4
     356        0.00056926      a_ia       356                            0.00341559         6
     522        0.00055989      a_ia       522                            0.00223958         4
     425        0.00055640      a_ia       425                            0.00111280         2
   81673        0.00053983        om     30019     30020                  0.04480626        83
   30019        0.00053828    a_iajb     30019                            0.04467737        83

  ==> Tried operator a_ia 522: gain -8.74e-07 (threshold 1.3e-06), removed and excluded for this stage
  ==> Add operator: a_ia 425
  ==> Current qubit order: 2  3  44  45  4  5  6  7  20  0  1  23  22  28  29  21  24  42  25  9  8  46  47  15  30  31  32  33  17  54  18  16  56  14  63  60  10  43  26  64  13  27  65  62  57  34  38  39  35  36  37  40  50  41  51  48  67  12  59  19  61  66  11  55  49  52  53  58  68  69  70  71  


  ==> Energy                -164.976318106
  ==> dE                       -3.24e-05
  ==> Gradient Norm             2.60e+00
  ==> Abs. Max. Deriv.          7.86e-02
  ==> Time-Grad. (s)              45.103
  ==> Time-Energy (s)             14.228
  ==> Time-Iter. (s)              59.330

--------------------------------------------------------------------------------
CEO-ADAPT-VQE iteration: 174
--------------------------------------------------------------------------------
    gate        derivative      name       op1       op2       op3        g_unscaled   penalty
     381        0.00277894      a_ia       381                            0.00555789         2
     523        0.00130441      a_ia       523                            0.00260883         2
     575        0.00070343      a_ia       575                            0.00140686         2
      90        0.00064693      a_ia        90                            0.00258771         4
     124        0.00060303      a_ia       124                            0.00241210         4
     356        0.00056761      a_ia       356                            0.00340568         6
     522        0.00056106      a_ia       522                            0.00224424         4
   81673        0.00053610        om     30019     30020                  0.04449666        83
   30019        0.00053567    a_iajb     30019                            0.04446031        83
   81672        0.00053523        op     30019     30020                  0.04442397        83

  ==> Add operator: om -1: 30019 30020
  ==> Current qubit order: 2  3  44  45  4  5  6  7  20  0  1  23  22  28  29  21  24  42  25  9  8  46  47  15  30  31  32  33  17  54  18  16  56  14  63  60  10  43  27  65  62  26  64  13  67  57  34  38  39  35  36  37  40  50  41  51  48  12  59  19  61  66  11  55  49  52  53  58  68  69  70  71  


  ==> Energy                -164.976453192
  ==> dE                       -1.35e-04
  ==> Gradient Norm             2.60e+00
  ==> Abs. Max. Deriv.          7.86e-02
  ==> Time-Grad. (s)              45.020
  ==> Time-Energy (s)              9.537
  ==> Time-Iter. (s)              54.557

--------------------------------------------------------------------------------
CEO-ADAPT-VQE iteration: 175
--------------------------------------------------------------------------------
    gate        derivative      name       op1       op2       op3        g_unscaled   penalty
     381        0.00277866      a_ia       381                            0.00555732         2
     523        0.00130391      a_ia       523                            0.00260782         2
     575        0.00069825      a_ia       575                            0.00139651         2
      90        0.00064663      a_ia        90                            0.00258653         4
     124        0.00060307      a_ia       124                            0.00241227         4
    1215       -0.00056221      a_ia      1215                           -0.00112442         2
     522        0.00055949      a_ia       522                            0.00223796         4
     431        0.00055696      a_ia       431                            0.00556961        10
   98914       -0.00054213        op     43205     43206                 -0.05583937       103
   43205       -0.00052958    a_iajb     43205                           -0.05454661       103

  ==> Add operator: a_ia 1215
  ==> Current qubit order: 2  3  44  45  4  5  6  7  20  0  1  23  22  28  29  21  24  42  25  9  8  46  47  15  30  31  32  33  17  54  18  16  56  14  63  60  10  43  27  65  62  26  64  13  67  57  34  38  39  35  36  37  40  50  41  51  48  12  59  19  61  66  11  55  49  52  53  58  68  69  70  71  


  ==> Energy                -164.976531294
  ==> dE                       -7.81e-05
  ==> Gradient Norm             2.60e+00
  ==> Abs. Max. Deriv.          7.86e-02
  ==> Time-Grad. (s)              44.610
  ==> Time-Energy (s)              7.478
  ==> Time-Iter. (s)              52.088

--------------------------------------------------------------------------------
CEO-ADAPT-VQE iteration: 176
--------------------------------------------------------------------------------
    gate        derivative      name       op1       op2       op3        g_unscaled   penalty
     381        0.00274258      a_ia       381                            0.00548515         2
     523        0.00130074      a_ia       523                            0.00260149         2
     575        0.00070768      a_ia       575                            0.00141535         2
      90        0.00064738      a_ia        90                            0.00258952         4
     124        0.00060231      a_ia       124                            0.00240923         4
     431        0.00056049      a_ia       431                            0.00560491        10
     522        0.00055970      a_ia       522                            0.00223881         4
   98914       -0.00054204        op     43205     43206                 -0.05583055       103
     783        0.00053877      a_ia       783                            0.00107754         2
   43205       -0.00052952    a_iajb     43205                           -0.05454042       103

  ==> Add operator: a_ia 431
  ==> Current qubit order: 2  3  44  45  4  5  6  7  20  0  1  23  22  28  29  21  24  42  25  9  8  46  47  15  30  31  32  33  17  54  18  16  56  14  63  60  10  43  27  65  62  26  64  67  57  34  38  13  39  35  36  37  40  50  41  51  48  12  59  19  61  66  11  55  49  52  53  58  68  69  70  71  


  ==> Energy                -164.976540387
  ==> dE                       -9.09e-06
  ==> Gradient Norm             2.60e+00
  ==> Abs. Max. Deriv.          7.86e-02
  ==> Time-Grad. (s)              45.304
  ==> Time-Energy (s)              8.662
  ==> Time-Iter. (s)              53.966

--------------------------------------------------------------------------------
CEO-ADAPT-VQE iteration: 177
--------------------------------------------------------------------------------
    gate        derivative      name       op1       op2       op3        g_unscaled   penalty
     381        0.00272882      a_ia       381                            0.00545763         2
     523        0.00129708      a_ia       523                            0.00259416         2
      90        0.00066378      a_ia        90                            0.00265511         4
     575        0.00063706      a_ia       575                            0.00127411         2
     124        0.00057774      a_ia       124                            0.00231095         4
     783        0.00056904      a_ia       783                            0.00113807         2
     522        0.00055854      a_ia       522                            0.00223418         4
   98914       -0.00054204        op     43205     43206                 -0.05583040       103
   43205       -0.00052952    a_iajb     43205                           -0.05454027       103
   78094       -0.00051951        op     27278     27279                 -0.02545602        49

  ==> Tried operator a_ia 783: gain -3.18e-07 (threshold 9.7e-07), removed and excluded for this stage
  ==> Add operator: mvp2 -1: 43205 43206
  ==> Current qubit order: 2  3  44  45  4  5  6  7  20  0  1  23  22  28  29  21  42  25  9  8  46  47  15  30  31  32  33  17  54  18  16  56  14  24  27  65  64  63  60  10  43  62  26  67  57  34  38  13  39  35  36  37  40  50  41  51  48  12  59  19  61  66  11  55  49  52  53  58  68  69  70  71  


  ==> Energy                -164.977123907
  ==> dE                       -5.84e-04
  ==> Gradient Norm             2.60e+00
  ==> Abs. Max. Deriv.          7.86e-02
  ==> Time-Grad. (s)              45.304
  ==> Time-Energy (s)             24.059
  ==> Time-Iter. (s)              69.363

--------------------------------------------------------------------------------
CEO-ADAPT-VQE iteration: 178
--------------------------------------------------------------------------------
    gate        derivative      name       op1       op2       op3        g_unscaled   penalty
     381        0.00273377      a_ia       381                            0.00546755         2
     523        0.00130631      a_ia       523                            0.00261262         2
     723       -0.00093441      a_ia       723                           -0.00373762         4
     727       -0.00084107      a_ia       727                           -0.00504643         6
    1075        0.00073334      a_ia      1075                            0.00440002         6
      90        0.00066353      a_ia        90                            0.00265410         4
     575        0.00063750      a_ia       575                            0.00127501         2
     356        0.00058390      a_ia       356                            0.00350343         6
     124        0.00057607      a_ia       124                            0.00230429         4
   88786       -0.00056612        op     35387     35388                 -0.03566576        63

  ==> Add operator: a_ia 723
  ==> Current qubit order: 2  3  44  45  4  5  6  7  20  0  1  23  22  28  29  21  42  25  9  8  46  47  15  30  31  32  33  17  54  18  16  14  56  24  27  65  64  63  60  10  43  62  26  67  57  34  38  13  39  35  36  37  40  50  41  51  48  12  59  19  61  66  11  55  49  52  53  58  68  69  70  71  


  ==> Energy                -164.977126300
  ==> dE                       -2.39e-06
  ==> Gradient Norm             2.59e+00
  ==> Abs. Max. Deriv.          7.86e-02
  ==> Time-Grad. (s)              44.901
  ==> Time-Energy (s)              8.556
  ==> Time-Iter. (s)              53.457

--------------------------------------------------------------------------------
CEO-ADAPT-VQE iteration: 179
--------------------------------------------------------------------------------
    gate        derivative      name       op1       op2       op3        g_unscaled   penalty
     381        0.00273584      a_ia       381                            0.00547168         2
     727       -0.00084104      a_ia       727                           -0.00504622         6
    1075        0.00073333      a_ia      1075                            0.00440000         6
     523        0.00066306      a_ia       523                            0.00265224         4
      90        0.00066166      a_ia        90                            0.00264664         4
     575        0.00063517      a_ia       575                            0.00127034         2
     356        0.00058043      a_ia       356                            0.00348259         6
     124        0.00057751      a_ia       124                            0.00231006         4
   88786       -0.00056612        op     35387     35388                 -0.03566552        63
   35387       -0.00056520    a_iajb     35387                           -0.03560784        63

  ==> Add operator: a_ia 727
  ==> Current qubit order: 2  3  44  45  4  5  6  7  20  0  1  23  22  28  29  21  42  25  9  8  46  47  15  30  31  32  33  17  54  18  16  14  56  27  65  24  64  63  60  10  43  62  26  67  57  34  38  13  39  35  36  37  40  50  41  51  48  12  59  19  61  66  11  55  49  52  53  58  68  69  70  71  


  ==> Energy                -164.977129654
  ==> dE                       -3.35e-06
  ==> Gradient Norm             2.59e+00
  ==> Abs. Max. Deriv.          7.86e-02
  ==> Time-Grad. (s)              44.822
  ==> Time-Energy (s)              8.902
  ==> Time-Iter. (s)              53.724

--------------------------------------------------------------------------------
CEO-ADAPT-VQE iteration: 180
--------------------------------------------------------------------------------
    gate        derivative      name       op1       op2       op3        g_unscaled   penalty
     381        0.00272687      a_ia       381                            0.00545374         2
    1075        0.00073337      a_ia      1075                            0.00440025         6
     523        0.00066975      a_ia       523                            0.00267902         4
      90        0.00066351      a_ia        90                            0.00265402         4
     575        0.00065060      a_ia       575                            0.00130120         2
   88786       -0.00060452        op     35387     35388                 -0.03566647        59
   35387       -0.00060352    a_iajb     35387                           -0.03560793        59
   88787       -0.00060253        om     35387     35388                 -0.03554938        59
     356        0.00058369      a_ia       356                            0.00350215         6
     124        0.00058228      a_ia       124                            0.00232911         4

  ==> Add operator: a_ia 1075
  ==> Current qubit order: 2  3  44  45  4  5  6  7  20  0  1  23  22  28  29  21  42  25  9  8  46  47  15  30  31  32  33  17  54  18  16  14  56  27  65  24  64  63  60  10  62  26  43  67  57  34  38  13  39  35  36  37  40  50  41  51  48  12  59  19  61  66  11  55  49  52  53  58  68  69  70  71  


  ==> Energy                -164.977611110
  ==> dE                       -4.81e-04
  ==> Gradient Norm             2.59e+00
  ==> Abs. Max. Deriv.          7.86e-02
  ==> Time-Grad. (s)              44.851
  ==> Time-Energy (s)              7.860
  ==> Time-Iter. (s)              52.711

--------------------------------------------------------------------------------
CEO-ADAPT-VQE iteration: 181
--------------------------------------------------------------------------------
    gate        derivative      name       op1       op2       op3        g_unscaled   penalty
     381        0.00278356      a_ia       381                            0.00556711         2
     445        0.00087802      a_ia       445                            0.00702415         8
     575        0.00066420      a_ia       575                            0.00132839         2
     523        0.00066228      a_ia       523                            0.00264912         4
      90        0.00065738      a_ia        90                            0.00262952         4
   88786       -0.00061025        op     35387     35388                 -0.03600463        59
   35387       -0.00060965    a_iajb     35387                           -0.03596916        59
   88787       -0.00060905        om     35387     35388                 -0.03593368        59
     794       -0.00057795      a_ia       794                           -0.00115589         2
     124        0.00057632      a_ia       124                            0.00230528         4

  ==> Add operator: op -1: 35387 35388
  ==> Current qubit order: 2  3  44  45  4  5  6  7  20  0  1  23  22  28  29  21  42  25  9  8  46  47  15  30  31  32  33  17  18  54  16  27  65  14  56  24  64  63  60  10  62  26  43  67  57  34  38  13  39  35  36  37  40  50  41  51  48  12  59  19  61  66  11  55  49  52  53  58  68  69  70  71  


  ==> Energy                -164.977715276
  ==> dE                       -1.04e-04
  ==> Gradient Norm             2.59e+00
  ==> Abs. Max. Deriv.          7.86e-02
  ==> Time-Grad. (s)              44.704
  ==> Time-Energy (s)              7.722
  ==> Time-Iter. (s)              52.426

--------------------------------------------------------------------------------
CEO-ADAPT-VQE iteration: 182
--------------------------------------------------------------------------------
    gate        derivative      name       op1       op2       op3        g_unscaled   penalty
     381        0.00278363      a_ia       381                            0.00556726         2
     522        0.00107440      a_ia       522                            0.00214880         2
     445        0.00087773      a_ia       445                            0.00702184         8
     575        0.00066156      a_ia       575                            0.00132313         2
      90        0.00065723      a_ia        90                            0.00262891         4
    1207       -0.00062565      a_ia      1207                           -0.00250261         4
   67779       -0.00058567        om     19494     19495                 -0.03689699        63
     124        0.00057621      a_ia       124                            0.00230483         4
     356        0.00057263      a_ia       356                            0.00343580         6
     794       -0.00056887      a_ia       794                           -0.00113774         2

  ==> Add operator: a_ia 1207
  ==> Current qubit order: 2  3  44  45  4  5  6  7  20  0  1  23  22  28  29  21  42  25  9  8  46  47  15  30  31  32  33  17  18  54  16  27  65  14  24  56  64  63  60  10  62  26  43  67  57  34  38  13  39  35  36  37  40  50  41  51  48  12  59  19  61  66  11  55  49  52  53  58  68  69  70  71  


  ==> Energy                -164.978009002
  ==> dE                       -2.94e-04
  ==> Gradient Norm             2.59e+00
  ==> Abs. Max. Deriv.          7.86e-02
  ==> Time-Grad. (s)              44.723
  ==> Time-Energy (s)              8.011
  ==> Time-Iter. (s)              52.734

--------------------------------------------------------------------------------
CEO-ADAPT-VQE iteration: 183
--------------------------------------------------------------------------------
    gate        derivative      name       op1       op2       op3        g_unscaled   penalty
     381        0.00278023      a_ia       381                            0.00556046         2
     522        0.00108001      a_ia       522                            0.00216002         2
     445        0.00086900      a_ia       445                            0.00695201         8
     575        0.00066053      a_ia       575                            0.00132107         2
      90        0.00065606      a_ia        90                            0.00262425         4
   67779       -0.00058572        om     19494     19495                 -0.03690006        63
     124        0.00057852      a_ia       124                            0.00231408         4
     794       -0.00057727      a_ia       794                           -0.00115453         2
   99421       -0.00054864        om     43636     43637                 -0.04882879        89
   19494       -0.00054066    a_iajb     19494                           -0.03406162        63

  ==> Add operator: mvp2 -1: 19494 19495
  ==> Current qubit order: 2  3  44  45  4  5  6  7  20  0  1  23  22  28  29  21  42  25  8  46  47  15  30  31  32  33  17  9  18  54  65  16  27  14  24  56  64  63  60  10  62  26  43  67  57  34  38  13  39  35  36  37  40  50  41  51  48  12  59  19  61  66  11  55  49  52  53  58  68  69  70  71  


  ==> Energy                -164.978393800
  ==> dE                       -3.85e-04
  ==> Gradient Norm             2.59e+00
  ==> Abs. Max. Deriv.          7.86e-02
  ==> Time-Grad. (s)              44.778
  ==> Time-Energy (s)             15.287
  ==> Time-Iter. (s)              60.065

--------------------------------------------------------------------------------
CEO-ADAPT-VQE iteration: 184
--------------------------------------------------------------------------------
    gate        derivative      name       op1       op2       op3        g_unscaled   penalty
     381        0.00278886      a_ia       381                            0.00557773         2
     445        0.00086989      a_ia       445                            0.00695914         8
      90        0.00065646      a_ia        90                            0.00262586         4
     575        0.00064700      a_ia       575                            0.00129400         2
   67225        0.00060802        om     19084     19085                  0.03465731        57
   19084        0.00059378    a_iajb     19084                            0.03384531        57
   67224        0.00057953        op     19084     19085                  0.03303330        57
     124        0.00057822      a_ia       124                            0.00231288         4
     522        0.00056522      a_ia       522                            0.00226089         4
   99421       -0.00052665        om     43636     43637                 -0.04897801        93

  ==> Add operator: mvp2 -1: 19084 19085
  ==> Current qubit order: 2  3  44  45  4  5  6  7  20  0  1  23  22  28  29  21  42  25  8  46  47  15  30  31  32  33  17  18  65  9  54  16  63  27  14  24  56  64  60  10  62  26  43  67  57  34  38  13  39  35  36  37  40  50  41  51  48  12  59  19  61  66  11  55  49  52  53  58  68  69  70  71  


  ==> Energy                -164.978579221
  ==> dE                       -1.85e-04
  ==> Gradient Norm             2.58e+00
  ==> Abs. Max. Deriv.          7.86e-02
  ==> Time-Grad. (s)              44.643
  ==> Time-Energy (s)             16.145
  ==> Time-Iter. (s)              60.787

--------------------------------------------------------------------------------
CEO-ADAPT-VQE iteration: 185
--------------------------------------------------------------------------------
    gate        derivative      name       op1       op2       op3        g_unscaled   penalty
     381        0.00279742      a_ia       381                            0.00559484         2
     522        0.00096147      a_ia       522                            0.00192295         2
     445        0.00086628      a_ia       445                            0.00693026         8
     326        0.00069851      a_ia       326                            0.00139701         2
      90        0.00065764      a_ia        90                            0.00263055         4
     124        0.00057927      a_ia       124                            0.00231707         4
   53506        0.00052627        op      8018      8019                  0.04894289        93
   53507        0.00052627        om      8018      8019                  0.04894289        93
   78094       -0.00052422        op     27278     27279                 -0.02568678        49
   69395        0.00052155        om     20657     20658                  0.03598706        69

  ==> Tried operator a_ia 326: gain -4.43e-07 (threshold 1.3e-06), removed and excluded for this stage
  ==> Add operator: op -1: 8018 8019
  ==> Current qubit order: 44  45  4  5  6  7  20  0  2  3  46  47  1  23  22  28  29  21  42  25  8  15  30  31  32  33  17  18  65  9  54  16  63  27  14  24  56  64  60  10  62  26  43  67  57  34  38  13  39  35  36  37  40  50  41  51  48  12  59  19  61  66  11  55  49  52  53  58  68  69  70  71  


  ==> Energy                -164.978761238
  ==> dE                       -1.82e-04
  ==> Gradient Norm             2.58e+00
  ==> Abs. Max. Deriv.          7.86e-02
  ==> Time-Grad. (s)              44.618
  ==> Time-Energy (s)             16.294
  ==> Time-Iter. (s)              60.911

--------------------------------------------------------------------------------
CEO-ADAPT-VQE iteration: 186
--------------------------------------------------------------------------------
    gate        derivative      name       op1       op2       op3        g_unscaled   penalty
     381        0.00279698      a_ia       381                            0.00559396         2
     522        0.00096288      a_ia       522                            0.00192575         2
     445        0.00086576      a_ia       445                            0.00692612         8
     326        0.00069814      a_ia       326                            0.00139629         2
      22        0.00061989      a_ia        22                            0.00371931         6
   78094       -0.00052422        op     27278     27279                 -0.02568675        49
   69395        0.00052155        om     20657     20658                  0.03598696        69
   99421       -0.00051558        om     43636     43637                 -0.04897992        95
   88303        0.00051247        om     35041     35042                  0.04151017        81
    1231       -0.00051185      a_ia      1231                           -0.00102370         2

  ==> Add operator: a_ia 22
  ==> Current qubit order: 44  45  4  5  6  7  20  2  3  0  46  47  1  23  22  28  29  21  42  25  8  15  30  31  32  33  17  18  65  9  54  16  63  27  14  24  56  64  60  10  62  26  43  67  57  34  38  13  39  35  36  37  40  50  41  51  48  12  59  19  61  66  11  55  49  52  53  58  68  69  70  71  


  ==> Energy                -164.978763304
  ==> dE                       -2.07e-06
  ==> Gradient Norm             2.58e+00
  ==> Abs. Max. Deriv.          7.84e-02
  ==> Time-Grad. (s)              44.337
  ==> Time-Energy (s)              8.738
  ==> Time-Iter. (s)              53.075

--------------------------------------------------------------------------------
CEO-ADAPT-VQE iteration: 187
--------------------------------------------------------------------------------
    gate        derivative      name       op1       op2       op3        g_unscaled   penalty
     381        0.00280057      a_ia       381                            0.00560114         2
     522        0.00096375      a_ia       522                            0.00192749         2
     445        0.00086666      a_ia       445                            0.00693325         8
     326        0.00069784      a_ia       326                            0.00139567         2
   78094       -0.00052422        op     27278     27279                 -0.02568670        49
   69395        0.00052155        om     20657     20658                  0.03598703        69
   45519        0.00051728        om      1458      1459                  0.02120859        41
    1458        0.00051727    a_iajb      1458                            0.02120806        41
   45518        0.00051726        op      1458      1459                  0.02120753        41
   99421       -0.00051558        om     43636     43637                 -0.04897991        95

  ==> Add operator: mvp2 -1: 27278 27279
  ==> Current qubit order: 44  45  4  5  6  7  20  2  3  0  46  47  1  23  22  28  29  21  42  25  8  15  30  31  32  33  17  18  65  9  54  16  63  27  14  24  56  64  60  10  62  26  43  67  57  34  38  13  39  35  36  37  40  50  41  51  48  59  12  19  66  55  61  11  49  52  53  58  68  69  70  71  


  ==> Energy                -164.979637547
  ==> dE                       -8.74e-04
  ==> Gradient Norm             2.58e+00
  ==> Abs. Max. Deriv.          7.84e-02
  ==> Time-Grad. (s)              44.302
  ==> Time-Energy (s)            356.161
  ==> Time-Iter. (s)             400.464

--------------------------------------------------------------------------------
CEO-ADAPT-VQE iteration: 188
--------------------------------------------------------------------------------
    gate        derivative      name       op1       op2       op3        g_unscaled   penalty
     381        0.00131108      a_ia       381                            0.00524432         4
     522        0.00086436      a_ia       522                            0.00172871         2
     355       -0.00083910      a_ia       355                           -0.00167820         2
     326        0.00078473      a_ia       326                            0.00156946         2
     380       -0.00068522      a_ia       380                           -0.00411134         6
      57        0.00067093      a_ia        57                            0.00134186         2
    1231       -0.00063306      a_ia      1231                           -0.00126612         2
     440        0.00059839      a_ia       440                            0.00359036         6
     384       -0.00058952      a_ia       384                           -0.00117904         2
     554       -0.00057558      a_ia       554                           -0.00230232         4

  ==> Tried operator a_ia 57: gain -3.26e-07 (threshold 1.6e-06), removed and excluded for this stage
  ==> Add operator: a_ia 1231
  ==> Current qubit order: 44  45  4  5  6  7  20  2  3  0  46  47  1  23  22  28  29  21  42  25  8  15  30  31  32  33  17  18  65  9  54  16  63  27  14  24  56  64  60  10  62  26  43  67  57  34  38  13  39  35  36  37  40  50  41  51  48  59  12  19  66  55  61  11  49  52  53  58  68  69  70  71  


  ==> Energy                -164.979705876
  ==> dE                       -6.83e-05
  ==> Gradient Norm             2.57e+00
  ==> Abs. Max. Deriv.          7.84e-02
  ==> Time-Grad. (s)              43.532
  ==> Time-Energy (s)             15.796
  ==> Time-Iter. (s)              59.328

--------------------------------------------------------------------------------
CEO-ADAPT-VQE iteration: 189
--------------------------------------------------------------------------------
    gate        derivative      name       op1       op2       op3        g_unscaled   penalty
     381        0.00131146      a_ia       381                            0.00524582         4
     355       -0.00086874      a_ia       355                           -0.00173749         2
     522        0.00085011      a_ia       522                            0.00170021         2
     326        0.00079167      a_ia       326                            0.00158335         2
     380       -0.00068578      a_ia       380                           -0.00411470         6
      57        0.00067024      a_ia        57                            0.00134048         2
     440        0.00059815      a_ia       440                            0.00358892         6
     384       -0.00059104      a_ia       384                           -0.00118208         2
     356        0.00058374      a_ia       356                            0.00233495         4
     554       -0.00057323      a_ia       554                           -0.00229290         4

  ==> Add operator: a_ia 440
  ==> Current qubit order: 44  45  4  5  6  7  20  2  3  0  46  47  1  23  22  28  29  21  42  25  8  15  30  31  32  33  17  18  65  9  54  16  63  27  14  24  56  64  60  10  62  26  43  67  34  38  57  13  39  35  36  37  40  50  41  51  48  59  12  19  66  55  61  11  49  52  53  58  68  69  70  71  


  ==> Energy                -164.979707637
  ==> dE                       -1.76e-06
  ==> Gradient Norm             2.57e+00
  ==> Abs. Max. Deriv.          7.84e-02
  ==> Time-Grad. (s)              43.782
  ==> Time-Energy (s)              9.018
  ==> Time-Iter. (s)              52.800

--------------------------------------------------------------------------------
CEO-ADAPT-VQE iteration: 190
--------------------------------------------------------------------------------
    gate        derivative      name       op1       op2       op3        g_unscaled   penalty
     381        0.00130742      a_ia       381                            0.00522970         4
     522        0.00085818      a_ia       522                            0.00171637         2
     355       -0.00085191      a_ia       355                           -0.00170382         2
     326        0.00080379      a_ia       326                            0.00160759         2
     380       -0.00068573      a_ia       380                           -0.00411438         6
      57        0.00067117      a_ia        57                            0.00134234         2
     384       -0.00059119      a_ia       384                           -0.00118237         2
     356        0.00058491      a_ia       356                            0.00233962         4
     554       -0.00056901      a_ia       554                           -0.00227606         4
   69395        0.00052293        om     20657     20658                  0.03608225        69

  ==> Tried operator a_ia 384: gain -4.88e-07 (threshold 1.2e-06), removed and excluded for this stage
  ==> Tried operator a_ia 554: gain -1.07e-06 (threshold 1.2e-06), removed and excluded for this stage
  ==> Add operator: mvp2 -1: 20657 20658
  ==> Current qubit order: 44  45  4  5  6  7  20  2  3  0  46  47  1  23  22  28  29  21  42  25  8  15  30  31  32  33  17  18  65  54  16  63  27  14  24  56  60  9  64  26  67  10  62  43  34  38  57  13  39  35  36  37  40  50  41  51  48  59  12  19  66  55  61  11  49  52  53  58  68  69  70  71  


  ==> Energy                -164.979918828
  ==> dE                       -2.11e-04
  ==> Gradient Norm             2.57e+00
  ==> Abs. Max. Deriv.          7.84e-02
  ==> Time-Grad. (s)              43.904
  ==> Time-Energy (s)             33.607
  ==> Time-Iter. (s)              77.511

--------------------------------------------------------------------------------
CEO-ADAPT-VQE iteration: 191
--------------------------------------------------------------------------------
    gate        derivative      name       op1       op2       op3        g_unscaled   penalty
     327        0.00156888      a_ia       327                            0.00941327         6
     381        0.00130408      a_ia       381                            0.00521632         4
     522        0.00087068      a_ia       522                            0.00174135         2
     355       -0.00086459      a_ia       355                           -0.00172917         2
     380       -0.00068751      a_ia       380                           -0.00412504         6
      57        0.00067102      a_ia        57                            0.00134203         2
     384       -0.00060399      a_ia       384                           -0.00120798         2
   69277       -0.00059703        om     20539     20540                 -0.03283676        55
   20539       -0.00059588    a_iajb     20539                           -0.03277354        55
   69276       -0.00059473        op     20539     20540                 -0.03271032        55

  ==> Add operator: a_ia 327
  ==> Current qubit order: 44  45  4  5  6  7  20  2  3  0  46  47  1  23  22  28  29  21  42  25  8  15  30  31  32  33  17  18  65  54  16  63  27  14  24  56  60  64  26  9  67  10  62  43  34  38  57  13  39  35  36  37  40  50  41  51  48  59  12  19  66  55  61  11  49  52  53  58  68  69  70  71  


  ==> Energy                -164.979929539
  ==> dE                       -1.07e-05
  ==> Gradient Norm             2.57e+00
  ==> Abs. Max. Deriv.          7.84e-02
  ==> Time-Grad. (s)              43.861
  ==> Time-Energy (s)              8.876
  ==> Time-Iter. (s)              52.737

--------------------------------------------------------------------------------
CEO-ADAPT-VQE iteration: 192
--------------------------------------------------------------------------------
    gate        derivative      name       op1       op2       op3        g_unscaled   penalty
     381        0.00131729      a_ia       381                            0.00526914         4
     522        0.00093102      a_ia       522                            0.00186203         2
     355       -0.00088303      a_ia       355                           -0.00176607         2
     380       -0.00069162      a_ia       380                           -0.00414973         6
      57        0.00068454      a_ia        57                            0.00136907         2
     768        0.00063020      a_ia       768                            0.00378118         6
     384       -0.00061243      a_ia       384                           -0.00122485         2
     315        0.00057704      a_ia       315                            0.00461633         8
   69277       -0.00055465        om     20539     20540                 -0.03272442        59
   20539       -0.00055360    a_iajb     20539                           -0.03266212        59

  ==> Add operator: a_ia 768
  ==> Current qubit order: 44  45  4  5  6  7  20  2  3  0  46  47  1  23  22  28  29  21  42  25  8  15  30  31  32  33  17  18  65  54  16  63  27  14  24  60  64  56  26  9  67  10  62  43  34  38  57  13  39  35  36  37  40  50  41  51  48  59  12  19  66  55  61  11  49  52  53  58  68  69  70  71  


  ==> Energy                -164.979931988
  ==> dE                       -2.45e-06
  ==> Gradient Norm             2.57e+00
  ==> Abs. Max. Deriv.          7.84e-02
  ==> Time-Grad. (s)              43.817
  ==> Time-Energy (s)              9.154
  ==> Time-Iter. (s)              52.972

--------------------------------------------------------------------------------
CEO-ADAPT-VQE iteration: 193
--------------------------------------------------------------------------------
    gate        derivative      name       op1       op2       op3        g_unscaled   penalty
     381        0.00131833      a_ia       381                            0.00527331         4
     725       -0.00094606      a_ia       725                           -0.00189212         2
     522        0.00091876      a_ia       522                            0.00183753         2
     355       -0.00089483      a_ia       355                           -0.00178967         2
     380       -0.00069137      a_ia       380                           -0.00414825         6
      57        0.00068590      a_ia        57                            0.00137181         2
     384       -0.00060956      a_ia       384                           -0.00121912         2
     315        0.00057643      a_ia       315                            0.00461145         8
   66343        0.00054954        om     18382     18383                  0.04780975        87
   18382        0.00054933    a_iajb     18382                            0.04779181        87

  ==> Tried operator a_ia 725: gain -5.39e-07 (threshold 9.1e-07), removed and excluded for this stage
  ==> Add operator: a_ia 315
  ==> Current qubit order: 44  45  4  5  6  7  20  2  3  0  46  47  1  23  22  28  29  21  42  25  8  15  30  31  32  33  17  18  65  54  16  63  27  14  24  60  64  56  26  67  10  62  9  43  34  38  57  13  39  35  36  37  40  50  41  51  48  59  12  19  66  55  61  11  49  52  53  58  68  69  70  71  


  ==> Energy                -164.979937392
  ==> dE                       -5.40e-06
  ==> Gradient Norm             2.57e+00
  ==> Abs. Max. Deriv.          7.84e-02
  ==> Time-Grad. (s)              44.021
  ==> Time-Energy (s)             16.585
  ==> Time-Iter. (s)              60.606

--------------------------------------------------------------------------------
CEO-ADAPT-VQE iteration: 194
--------------------------------------------------------------------------------
    gate        derivative      name       op1       op2       op3        g_unscaled   penalty
     381        0.00130830      a_ia       381                            0.00523321         4
     725       -0.00094619      a_ia       725                           -0.00189238         2
     355       -0.00090355      a_ia       355                           -0.00180711         2
     522        0.00084338      a_ia       522                            0.00168676         2
     380       -0.00069413      a_ia       380                           -0.00416481         6
      57        0.00068341      a_ia        57                            0.00136682         2
   66343        0.00061901        om     18382     18383                  0.04766395        77
   18382        0.00061878    a_iajb     18382                            0.04764586        77
   66342        0.00061854        op     18382     18383                  0.04762777        77
     384       -0.00058955      a_ia       384                           -0.00117910         2

  ==> Add operator: om -1: 18382 18383
  ==> Current qubit order: 44  45  4  5  6  7  20  2  3  0  46  47  1  23  22  28  29  21  42  25  8  15  30  31  32  33  17  18  65  54  16  63  27  14  24  60  64  56  26  67  10  62  43  34  38  57  13  39  35  36  9  50  51  12  37  40  41  48  59  19  66  55  61  11  49  52  53  58  68  69  70  71  


  ==> Energy                -164.980125941
  ==> dE                       -1.89e-04
  ==> Gradient Norm             2.57e+00
  ==> Abs. Max. Deriv.          7.84e-02
  ==> Time-Grad. (s)              43.956
  ==> Time-Energy (s)              8.613
  ==> Time-Iter. (s)              52.568

--------------------------------------------------------------------------------
CEO-ADAPT-VQE iteration: 195
--------------------------------------------------------------------------------
    gate        derivative      name       op1       op2       op3        g_unscaled   penalty
     381        0.00130826      a_ia       381                            0.00523303         4
     319        0.00122902      a_ia       319                            0.00491607         4
     312        0.00122288      a_ia       312                            0.00978302         8
     725       -0.00094635      a_ia       725                           -0.00189269         2
     355       -0.00090410      a_ia       355                           -0.00180820         2
     522        0.00084602      a_ia       522                            0.00169205         2
     380       -0.00069436      a_ia       380                           -0.00416615         6
      57        0.00068241      a_ia        57                            0.00136481         2
     313        0.00067993      a_ia       313                            0.00407956         6
     603       -0.00067402      a_ia       603                           -0.00134804         2

  ==> Add operator: a_ia 319
  ==> Current qubit order: 44  45  4  5  6  7  20  2  3  0  46  47  1  23  22  28  29  21  42  25  8  15  30  31  32  33  17  18  65  54  16  63  27  14  24  60  64  56  26  67  10  62  43  34  38  57  13  39  35  36  50  9  51  12  37  40  41  48  59  19  66  55  61  11  49  52  53  58  68  69  70  71  


  ==> Energy                -164.980130778
  ==> dE                       -4.84e-06
  ==> Gradient Norm             2.57e+00
  ==> Abs. Max. Deriv.          7.84e-02
  ==> Time-Grad. (s)              43.760
  ==> Time-Energy (s)              9.335
  ==> Time-Iter. (s)              53.094

--------------------------------------------------------------------------------
CEO-ADAPT-VQE iteration: 196
--------------------------------------------------------------------------------
    gate        derivative      name       op1       op2       op3        g_unscaled   penalty
     312        0.00164116      a_ia       312                            0.00984698         6
     381        0.00132757      a_ia       381                            0.00531028         4
     725       -0.00094738      a_ia       725                           -0.00189475         2
     355       -0.00090897      a_ia       355                           -0.00181794         2
     522        0.00083842      a_ia       522                            0.00167684         2
      57        0.00069344      a_ia        57                            0.00138688         2
     380       -0.00068484      a_ia       380                           -0.00410902         6
     603       -0.00067404      a_ia       603                           -0.00134808         2
     314       -0.00056141      a_ia       314                           -0.00561411        10
     384       -0.00055854      a_ia       384                           -0.00111709         2

  ==> Add operator: a_ia 312
  ==> Current qubit order: 44  45  4  5  6  7  20  2  3  0  46  47  1  23  22  28  29  21  42  25  8  15  30  31  32  33  17  18  65  54  16  63  27  14  24  60  64  56  26  67  10  62  43  34  38  57  13  39  35  36  50  51  12  9  37  40  41  48  59  19  66  55  61  11  49  52  53  58  68  69  70  71  


  ==> Energy                -164.980161004
  ==> dE                       -3.02e-05
  ==> Gradient Norm             2.57e+00
  ==> Abs. Max. Deriv.          7.84e-02
  ==> Time-Grad. (s)              43.870
  ==> Time-Energy (s)              7.980
  ==> Time-Iter. (s)              51.851

--------------------------------------------------------------------------------
CEO-ADAPT-VQE iteration: 197
--------------------------------------------------------------------------------
    gate        derivative      name       op1       op2       op3        g_unscaled   penalty
     381        0.00134748      a_ia       381                            0.00538990         4
     314       -0.00097419      a_ia       314                           -0.00584514         6
     725       -0.00094307      a_ia       725                           -0.00188614         2
     355       -0.00088307      a_ia       355                           -0.00176615         2
     522        0.00086458      a_ia       522                            0.00172916         2
      57        0.00079580      a_ia        57                            0.00159160         2
     380       -0.00066644      a_ia       380                           -0.00399866         6
     603       -0.00064514      a_ia       603                           -0.00129027         2
     323        0.00059772      a_ia       323                            0.00597719        10
     554       -0.00055732      a_ia       554                           -0.00222926         4

  ==> Add operator: a_ia 314
  ==> Current qubit order: 44  45  4  5  6  7  20  2  3  0  46  47  1  23  22  28  29  21  42  25  8  15  30  31  32  33  17  18  65  54  16  63  27  14  24  60  64  56  26  67  10  62  43  34  38  57  13  39  35  36  50  51  12  37  40  9  41  48  59  19  66  55  61  11  49  52  53  58  68  69  70  71  


  ==> Energy                -164.980168997
  ==> dE                       -7.99e-06
  ==> Gradient Norm             2.57e+00
  ==> Abs. Max. Deriv.          7.84e-02
  ==> Time-Grad. (s)              43.930
  ==> Time-Energy (s)              9.038
  ==> Time-Iter. (s)              52.968

--------------------------------------------------------------------------------
CEO-ADAPT-VQE iteration: 198
--------------------------------------------------------------------------------
    gate        derivative      name       op1       op2       op3        g_unscaled   penalty
     381        0.00134616      a_ia       381                            0.00538464         4
     323        0.00097654      a_ia       323                            0.00585927         6
     725       -0.00094744      a_ia       725                           -0.00189487         2
     355       -0.00090949      a_ia       355                           -0.00181899         2
     522        0.00081195      a_ia       522                            0.00162390         2
      57        0.00079445      a_ia        57                            0.00158890         2
     603       -0.00067521      a_ia       603                           -0.00135042         2
     380       -0.00067442      a_ia       380                           -0.00404654         6
     554       -0.00056554      a_ia       554                           -0.00226215         4
     384       -0.00054563      a_ia       384                           -0.00109127         2

  ==> Add operator: a_ia 323
  ==> Current qubit order: 44  45  4  5  6  7  20  2  3  0  46  47  1  23  22  28  29  21  42  25  8  15  30  31  32  33  17  18  65  54  16  63  27  14  24  60  64  56  26  67  10  62  43  34  38  57  13  39  35  36  50  51  12  37  40  41  48  9  59  19  66  55  61  11  49  52  53  58  68  69  70  71  


  ==> Energy                -164.980173539
  ==> dE                       -4.54e-06
  ==> Gradient Norm             2.57e+00
  ==> Abs. Max. Deriv.          7.84e-02
  ==> Time-Grad. (s)              44.155
  ==> Time-Energy (s)              9.066
  ==> Time-Iter. (s)              53.221

--------------------------------------------------------------------------------
CEO-ADAPT-VQE iteration: 199
--------------------------------------------------------------------------------
    gate        derivative      name       op1       op2       op3        g_unscaled   penalty
     381        0.00132009      a_ia       381                            0.00528037         4
     725       -0.00094430      a_ia       725                           -0.00188859         2
     355       -0.00087351      a_ia       355                           -0.00174702         2
     522        0.00082643      a_ia       522                            0.00165287         2
      57        0.00079456      a_ia        57                            0.00158913         2
     380       -0.00067552      a_ia       380                           -0.00405310         6
     603       -0.00066377      a_ia       603                           -0.00132753         2
     554       -0.00056409      a_ia       554                           -0.00225638         4
     384       -0.00055639      a_ia       384                           -0.00111279         2
   99421       -0.00053725        om     43636     43637                 -0.04674106        87

  ==> Tried operator a_ia 603: gain -1.65e-07 (threshold 4.9e-07), removed and excluded for this stage
  ==> Add operator: mvp2 -1: 43636 43637
  ==> Current qubit order: 44  45  4  5  6  7  20  2  3  0  46  47  1  23  22  28  29  21  42  8  15  30  31  32  33  17  18  54  25  65  64  26  16  63  27  14  24  60  56  67  10  62  43  34  38  57  13  39  35  36  50  51  12  37  40  41  48  9  59  19  66  55  61  11  49  52  53  58  68  69  70  71  


  ==> Energy                -164.980619975
  ==> dE                       -4.46e-04
  ==> Gradient Norm             2.57e+00
  ==> Abs. Max. Deriv.          7.84e-02
  ==> Time-Grad. (s)              44.219
  ==> Time-Energy (s)             24.277
  ==> Time-Iter. (s)              68.496

--------------------------------------------------------------------------------
CEO-ADAPT-VQE iteration: 200
--------------------------------------------------------------------------------
    gate        derivative      name       op1       op2       op3        g_unscaled   penalty
     508        0.00203483      a_ia       508                            0.00406966         2
     381        0.00132141      a_ia       381                            0.00528564         4
     725       -0.00095190      a_ia       725                           -0.00190380         2
     355       -0.00089233      a_ia       355                           -0.00178466         2
     575        0.00082182      a_ia       575                            0.00164364         2
      57        0.00079545      a_ia        57                            0.00159090         2
   88561       -0.00075872        om     35185     35186                 -0.04021192        53
   88565       -0.00075591        om     35185     35187                 -0.04006349        53
   35185       -0.00074978    a_iajb     35185                           -0.03973811        53
   88564       -0.00074364        op     35185     35187                 -0.03941274        53

  ==> Add operator: a_ia 508
  ==> Current qubit order: 44  45  4  5  6  7  20  2  3  0  46  47  1  23  22  28  29  21  42  8  15  30  31  32  33  17  18  54  25  65  64  26  16  63  27  14  24  60  56  67  10  62  43  34  38  57  13  39  35  36  50  51  12  37  40  41  48  9  59  19  66  55  61  11  49  52  53  58  68  69  70  71  


  ==> Energy                -164.981144477
  ==> dE                       -5.25e-04
  ==> Gradient Norm             2.56e+00
  ==> Abs. Max. Deriv.          7.84e-02
  ==> Time-Grad. (s)              44.164
  ==> Time-Energy (s)              8.010
  ==> Time-Iter. (s)              52.174

--------------------------------------------------------------------------------
CEO-ADAPT-VQE iteration: 201
--------------------------------------------------------------------------------
    gate        derivative      name       op1       op2       op3        g_unscaled   penalty
     381        0.00132960      a_ia       381                            0.00531842         4
     355       -0.00090226      a_ia       355                           -0.00180452         2
     575        0.00080367      a_ia       575                            0.00160733         2
      57        0.00080251      a_ia        57                            0.00160502         2
   88561       -0.00074928        om     35185     35186                 -0.03971204        53
   88565       -0.00074770        om     35185     35187                 -0.03962790        53
   35185       -0.00074346    a_iajb     35185                           -0.03940315        53
   88564       -0.00073922        op     35185     35187                 -0.03917840        53
   88560       -0.00073763        op     35185     35186                 -0.03909426        53
     603       -0.00071790      a_ia       603                           -0.00143580         2

  ==> Add operator: mvp3 -1: 35185 35186 35187
  ==> Current qubit order: 44  45  4  5  6  7  20  2  3  0  46  47  1  23  22  28  29  21  42  8  15  30  31  32  33  17  18  25  65  54  64  26  16  63  27  14  24  60  56  67  10  62  43  34  38  57  13  39  35  36  50  51  12  37  40  41  48  9  59  19  66  55  61  11  49  52  53  58  68  69  70  71  


  ==> Energy                -164.981288186
  ==> dE                       -1.44e-04
  ==> Gradient Norm             2.56e+00
  ==> Abs. Max. Deriv.          7.84e-02
  ==> Time-Grad. (s)              43.866
  ==> Time-Energy (s)             25.622
  ==> Time-Iter. (s)              69.488

--------------------------------------------------------------------------------
CEO-ADAPT-VQE iteration: 202
--------------------------------------------------------------------------------
    gate        derivative      name       op1       op2       op3        g_unscaled   penalty
     381        0.00133022      a_ia       381                            0.00532089         4
     355       -0.00090394      a_ia       355                           -0.00180789         2
      57        0.00080372      a_ia        57                            0.00160745         2
     767       -0.00080070      a_ia       767                           -0.00320281         4
     527       -0.00072744      a_ia       527                           -0.00290976         4
     603       -0.00070413      a_ia       603                           -0.00140827         2
     725       -0.00068500      a_ia       725                           -0.00137001         2
   98641        0.00067584        om     42952     42953                  0.04257816        63
     380       -0.00067448      a_ia       380                           -0.00404687         6
   42952        0.00067303    a_iajb     42952                            0.04240088        63

  ==> Add operator: a_ia 767
  ==> Current qubit order: 44  45  4  5  6  7  20  2  3  0  46  47  1  23  22  28  29  21  42  8  15  30  31  32  33  17  18  25  65  64  54  26  16  63  27  14  24  60  56  67  10  62  43  34  38  57  13  39  35  36  50  51  12  37  40  41  48  9  59  19  66  55  61  11  49  52  53  58  68  69  70  71  


  ==> Energy                -164.981289894
  ==> dE                       -1.71e-06
  ==> Gradient Norm             2.56e+00
  ==> Abs. Max. Deriv.          7.84e-02
  ==> Time-Grad. (s)              43.881
  ==> Time-Energy (s)              9.184
  ==> Time-Iter. (s)              53.065

--------------------------------------------------------------------------------
CEO-ADAPT-VQE iteration: 203
--------------------------------------------------------------------------------
    gate        derivative      name       op1       op2       op3        g_unscaled   penalty
     381        0.00133062      a_ia       381                            0.00532248         4
     355       -0.00088999      a_ia       355                           -0.00177998         2
      57        0.00080387      a_ia        57                            0.00160774         2
     603       -0.00073506      a_ia       603                           -0.00147012         2
     725       -0.00068442      a_ia       725                           -0.00136883         2
     380       -0.00067318      a_ia       380                           -0.00403908         6
   98641        0.00065506        om     42952     42953                  0.04257885        65
   42952        0.00065233    a_iajb     42952                            0.04240151        65
   98640        0.00064960        op     42952     42953                  0.04222417        65
   88303        0.00062833        om     35041     35042                  0.03707125        59

  ==> Add operator: mvp2 -1: 42952 42953
  ==> Current qubit order: 44  45  4  5  6  7  20  2  3  0  46  47  1  23  22  28  29  21  42  8  15  30  31  32  33  17  18  25  65  64  24  54  26  16  63  27  14  60  56  67  10  62  43  34  38  57  13  39  35  36  50  51  12  37  40  41  48  9  59  19  66  55  61  11  49  52  53  58  68  69  70  71  


  ==> Energy                -164.981420074
  ==> dE                       -1.30e-04
  ==> Gradient Norm             2.56e+00
  ==> Abs. Max. Deriv.          7.84e-02
  ==> Time-Grad. (s)              44.051
  ==> Time-Energy (s)             16.781
  ==> Time-Iter. (s)              60.832

--------------------------------------------------------------------------------
CEO-ADAPT-VQE iteration: 204
--------------------------------------------------------------------------------
    gate        derivative      name       op1       op2       op3        g_unscaled   penalty
     722       -0.00247811      a_ia       722                           -0.00495621         2
     381        0.00133079      a_ia       381                            0.00532316         4
     355       -0.00089278      a_ia       355                           -0.00178556         2
      57        0.00080380      a_ia        57                            0.00160760         2
     603       -0.00073211      a_ia       603                           -0.00146421         2
     380       -0.00067355      a_ia       380                           -0.00404129         6
   88147        0.00062333        om     34900     34901                  0.02680310        43
   88151        0.00061546        om     34900     34902                  0.02646457        43
   34900        0.00061289    a_iajb     34900                            0.02635433        43
   88150        0.00061033        op     34900     34902                  0.02624409        43

  ==> Add operator: mvp3 -1: 34900 34901 34902
  ==> Current qubit order: 44  45  4  5  6  7  20  2  3  0  46  47  1  23  22  28  29  21  42  8  15  30  31  32  33  17  18  25  65  64  24  54  16  26  63  27  14  60  56  67  10  62  43  34  38  57  13  39  35  36  50  51  12  37  40  41  48  9  59  19  66  55  61  11  49  52  53  58  68  69  70  71  


  ==> Energy                -164.981500780
  ==> dE                       -8.07e-05
  ==> Gradient Norm             2.56e+00
  ==> Abs. Max. Deriv.          7.84e-02
  ==> Time-Grad. (s)              43.781
  ==> Time-Energy (s)             25.342
  ==> Time-Iter. (s)              69.122

--------------------------------------------------------------------------------
CEO-ADAPT-VQE iteration: 205
--------------------------------------------------------------------------------
    gate        derivative      name       op1       op2       op3        g_unscaled   penalty
     722       -0.00259333      a_ia       722                           -0.00518667         2
     381        0.00133248      a_ia       381                            0.00532991         4
     522       -0.00100174      a_ia       522                           -0.00200349         2
     355       -0.00088852      a_ia       355                           -0.00177703         2
      57        0.00080438      a_ia        57                            0.00160875         2
     603       -0.00072457      a_ia       603                           -0.00144914         2
   88303        0.00067717        om     35041     35042                  0.03859850        57
     380       -0.00067367      a_ia       380                           -0.00404203         6
   35041        0.00066963    a_iajb     35041                            0.03816868        57
   88302        0.00066209        op     35041     35042                  0.03773887        57

  ==> Add operator: mvp2 -1: 35041 35042
  ==> Current qubit order: 44  45  4  5  6  7  20  2  3  0  46  47  1  23  22  28  29  21  42  8  15  30  31  32  33  17  18  64  25  65  54  16  24  26  63  27  14  60  56  67  10  62  43  34  38  57  13  39  35  36  50  51  12  37  40  41  48  9  59  19  66  55  61  11  49  52  53  58  68  69  70  71  


  ==> Energy                -164.981632402
  ==> dE                       -1.32e-04
  ==> Gradient Norm             2.56e+00
  ==> Abs. Max. Deriv.          7.84e-02
  ==> Time-Grad. (s)              43.902
  ==> Time-Energy (s)             17.365
  ==> Time-Iter. (s)              61.267

--------------------------------------------------------------------------------
CEO-ADAPT-VQE iteration: 206
--------------------------------------------------------------------------------
    gate        derivative      name       op1       op2       op3        g_unscaled   penalty
     381        0.00133467      a_ia       381                            0.00533868         4
     722       -0.00129523      a_ia       722                           -0.00518093         4
     522       -0.00107058      a_ia       522                           -0.00214116         2
     355       -0.00088575      a_ia       355                           -0.00177151         2
      57        0.00080453      a_ia        57                            0.00160906         2
     603       -0.00071831      a_ia       603                           -0.00143662         2
     380       -0.00067396      a_ia       380                           -0.00404375         6
     750        0.00059553      a_ia       750                            0.00119106         2
   92542       -0.00059455        op     38330     38331                 -0.02556544        43
   38330       -0.00057580    a_iajb     38330                           -0.02475925        43

  ==> Add operator: a_ia 750
  ==> Current qubit order: 44  45  4  5  6  7  20  2  3  0  46  47  1  23  22  28  29  21  42  8  15  30  31  32  33  17  18  64  25  65  54  16  24  26  63  27  14  60  56  67  10  62  43  34  38  57  13  39  35  36  50  51  12  37  40  41  48  9  59  19  66  55  61  11  49  52  53  58  68  69  70  71  


  ==> Energy                -164.982360416
  ==> dE                       -7.28e-04
  ==> Gradient Norm             2.56e+00
  ==> Abs. Max. Deriv.          7.84e-02
  ==> Time-Grad. (s)              44.088
  ==> Time-Energy (s)            336.369
  ==> Time-Iter. (s)             380.457

--------------------------------------------------------------------------------
CEO-ADAPT-VQE iteration: 207
--------------------------------------------------------------------------------
    gate        derivative      name       op1       op2       op3        g_unscaled   penalty
     722       -0.00144193      a_ia       722                           -0.00576773         4
     381        0.00131882      a_ia       381                            0.00527530         4
      57        0.00082579      a_ia        57                            0.00165159         2
     355       -0.00074245      a_ia       355                           -0.00148491         2
     384       -0.00070633      a_ia       384                           -0.00141266         2
     380       -0.00068057      a_ia       380                           -0.00408341         6
   92542       -0.00065378        op     38330     38331                 -0.02811234        43
   38330       -0.00064079    a_iajb     38330                           -0.02755388        43
   92543       -0.00062780        om     38330     38331                 -0.02699542        43
   63683        0.00057045        om     16282     16284                  0.03251570        57

  ==> Add operator: mvp2 -1: 38330 38331
  ==> Current qubit order: 44  45  4  5  6  7  20  2  3  0  46  47  1  23  22  28  29  21  42  8  15  30  31  32  33  17  64  18  25  65  54  16  24  26  63  27  14  60  56  67  10  62  43  34  38  57  13  39  35  36  50  51  12  37  40  41  48  9  59  19  66  55  61  11  49  52  53  58  68  69  70  71  


  ==> Energy                -164.982434199
  ==> dE                       -7.38e-05
  ==> Gradient Norm             2.55e+00
  ==> Abs. Max. Deriv.          7.84e-02
  ==> Time-Grad. (s)              44.150
  ==> Time-Energy (s)             17.315
  ==> Time-Iter. (s)              61.465

--------------------------------------------------------------------------------
CEO-ADAPT-VQE iteration: 208
--------------------------------------------------------------------------------
    gate        derivative      name       op1       op2       op3        g_unscaled   penalty
     722       -0.00144454      a_ia       722                           -0.00577817         4
     381        0.00131844      a_ia       381                            0.00527376         4
      57        0.00082628      a_ia        57                            0.00165257         2
     355       -0.00074759      a_ia       355                           -0.00149519         2
     384       -0.00070759      a_ia       384                           -0.00141518         2
     380       -0.00068093      a_ia       380                           -0.00408559         6
   45519        0.00052354        om      1458      1459                  0.02146523        41
    1458        0.00052350    a_iajb      1458                            0.02146347        41
   45518        0.00052346        op      1458      1459                  0.02146171        41
     793       -0.00050636      a_ia       793                           -0.00101272         2

  ==> Add operator: om -1: 1458 1459
  ==> Current qubit order: 44  45  4  5  6  7  20  2  3  0  46  47  1  23  22  28  29  21  42  8  15  30  31  32  33  17  64  18  25  65  54  16  24  26  63  27  14  60  56  67  10  62  43  34  38  57  13  39  35  36  50  51  12  37  40  41  48  9  59  19  66  55  61  11  49  52  53  58  68  69  70  71  


  ==> Energy                -164.982464354
  ==> dE                       -3.02e-05
  ==> Gradient Norm             2.55e+00
  ==> Abs. Max. Deriv.          7.84e-02
  ==> Time-Grad. (s)              44.101
  ==> Time-Energy (s)              9.438
  ==> Time-Iter. (s)              53.539

--------------------------------------------------------------------------------
CEO-ADAPT-VQE iteration: 209
--------------------------------------------------------------------------------
    gate        derivative      name       op1       op2       op3        g_unscaled   penalty
     722       -0.00144457      a_ia       722                           -0.00577829         4
     381        0.00131838      a_ia       381                            0.00527351         4
      57        0.00083019      a_ia        57                            0.00166038         2
     355       -0.00074704      a_ia       355                           -0.00149408         2
     384       -0.00070751      a_ia       384                           -0.00141502         2
     380       -0.00068093      a_ia       380                           -0.00408560         6
     793       -0.00050641      a_ia       793                           -0.00101282         2
     937        0.00050253      a_ia       937                            0.00100506         2
   63683        0.00050024        om     16282     16284                  0.03251549        65
   45773        0.00049887        om      1712      1713                  0.02045378        41

  ==> Tried operator a_ia 793: gain -2.74e-07 (threshold 5.2e-07), removed and excluded for this stage
  ==> Add operator: mvp3 -1: 16282 16283 16284
  ==> Current qubit order: 44  45  4  5  6  7  20  2  3  0  46  47  1  23  22  28  29  21  42  15  30  31  32  33  17  8  64  18  54  25  65  16  24  26  63  27  14  60  56  67  10  62  43  34  38  57  13  39  35  36  50  51  12  37  40  41  48  9  59  19  66  55  61  11  49  52  53  58  68  69  70  71  


  ==> Energy                -164.982976522
  ==> dE                       -5.12e-04
  ==> Gradient Norm             2.55e+00
  ==> Abs. Max. Deriv.          7.84e-02
  ==> Time-Grad. (s)              44.383
  ==> Time-Energy (s)             35.910
  ==> Time-Iter. (s)              80.293

--------------------------------------------------------------------------------
CEO-ADAPT-VQE iteration: 210
--------------------------------------------------------------------------------
    gate        derivative      name       op1       op2       op3        g_unscaled   penalty
     381        0.00132612      a_ia       381                            0.00530449         4
     295        0.00105149      a_ia       295                            0.00210297         2
      57        0.00083397      a_ia        57                            0.00166794         2
     355       -0.00076418      a_ia       355                           -0.00152836         2
     384       -0.00072393      a_ia       384                           -0.00144786         2
     722       -0.00071585      a_ia       722                           -0.00572682         8
     575        0.00070601      a_ia       575                            0.00141203         2
     380       -0.00068030      a_ia       380                           -0.00408179         6
     478       -0.00051521      a_ia       478                           -0.00206086         4
     793       -0.00051465      a_ia       793                           -0.00102930         2

  ==> Add operator: a_ia 295
  ==> Current qubit order: 44  45  4  5  6  7  20  2  3  0  46  47  1  23  22  28  29  21  42  15  30  31  32  33  17  8  64  18  54  25  65  16  24  26  63  27  14  60  56  67  10  62  43  34  38  57  13  39  35  36  50  51  12  37  40  41  48  9  59  19  66  55  61  11  49  52  53  58  68  69  70  71  


  ==> Energy                -164.982977398
  ==> dE                       -8.76e-07
  ==> Gradient Norm             2.54e+00
  ==> Abs. Max. Deriv.          7.84e-02
  ==> Time-Grad. (s)              44.037
  ==> Time-Energy (s)              8.574
  ==> Time-Iter. (s)              52.611

--------------------------------------------------------------------------------
CEO-ADAPT-VQE iteration: 211
--------------------------------------------------------------------------------
    gate        derivative      name       op1       op2       op3        g_unscaled   penalty
     381        0.00132817      a_ia       381                            0.00531268         4
      57        0.00083379      a_ia        57                            0.00166757         2
     355       -0.00077942      a_ia       355                           -0.00155884         2
     384       -0.00072550      a_ia       384                           -0.00145100         2
     575        0.00072502      a_ia       575                            0.00145003         2
     722       -0.00071624      a_ia       722                           -0.00572993         8
     380       -0.00067993      a_ia       380                           -0.00407956         6
     478       -0.00051522      a_ia       478                           -0.00206087         4
     793       -0.00051432      a_ia       793                           -0.00102864         2
     937        0.00050948      a_ia       937                            0.00101897         2

  ==> Add operator: a_ia 478
  ==> Current qubit order: 44  45  4  5  6  7  20  2  3  0  46  47  1  23  22  28  29  42  21  15  30  31  32  33  17  8  64  18  54  25  65  16  24  26  63  27  14  60  56  67  10  62  43  34  38  57  13  39  35  36  50  51  12  37  40  41  48  9  59  19  66  55  61  11  49  52  53  58  68  69  70  71  


  ==> Energy                -164.983123581
  ==> dE                       -1.46e-04
  ==> Gradient Norm             2.54e+00
  ==> Abs. Max. Deriv.          7.84e-02
  ==> Time-Grad. (s)              44.203
  ==> Time-Energy (s)              9.564
  ==> Time-Iter. (s)              53.767

--------------------------------------------------------------------------------
CEO-ADAPT-VQE iteration: 212
--------------------------------------------------------------------------------
    gate        derivative      name       op1       op2       op3        g_unscaled   penalty
     381        0.00120565      a_ia       381                            0.00482260         4
      57        0.00080421      a_ia        57                            0.00160841         2
     355       -0.00079084      a_ia       355                           -0.00158168         2
     575        0.00072075      a_ia       575                            0.00144151         2
     722       -0.00071665      a_ia       722                           -0.00573323         8
     380       -0.00067661      a_ia       380                           -0.00405968         6
     384       -0.00061991      a_ia       384                           -0.00123982         2
     937        0.00051257      a_ia       937                            0.00102513         2
   59057        0.00050110        om     12494     12495                  0.06263740       125
   45773        0.00049878        om      1712      1713                  0.02045004        41

  ==> Add operator: mvp2 -1: 12494 12495
  ==> Current qubit order: 44  45  4  5  6  7  20  2  0  46  47  1  23  22  28  29  42  21  15  30  31  32  33  17  8  64  3  18  54  37  25  65  16  24  26  63  27  14  60  56  67  10  62  43  34  38  57  13  39  35  36  50  51  12  40  41  48  9  59  19  66  55  61  11  49  52  53  58  68  69  70  71  


  ==> Energy                -164.984916852
  ==> dE                       -1.79e-03
  ==> Gradient Norm             2.54e+00
  ==> Abs. Max. Deriv.          7.84e-02
  ==> Time-Grad. (s)              44.480
  ==> Time-Energy (s)             18.972
  ==> Time-Iter. (s)              63.451

--------------------------------------------------------------------------------
CEO-ADAPT-VQE iteration: 213
--------------------------------------------------------------------------------
    gate        derivative      name       op1       op2       op3        g_unscaled   penalty
     381        0.00120795      a_ia       381                            0.00483178         4
     355       -0.00086391      a_ia       355                           -0.00172782         2
      57        0.00080142      a_ia        57                            0.00160284         2
     736        0.00068133      a_ia       736                            0.00136266         2
     380       -0.00068123      a_ia       380                           -0.00408737         6
     120       -0.00066152      a_ia       120                           -0.00396911         6
     384       -0.00065711      a_ia       384                           -0.00131421         2
     575        0.00064024      a_ia       575                            0.00128049         2
     722       -0.00056340      a_ia       722                           -0.00563397        10
     937        0.00051870      a_ia       937                            0.00103741         2

  ==> Tried operator a_ia 736: gain -9.85e-07 (threshold 1.1e-06), removed and excluded for this stage
  ==> Add operator: a_ia 120
  ==> Current qubit order: 44  45  4  5  6  7  20  2  0  46  47  1  23  22  28  29  42  21  15  30  31  32  33  17  8  64  18  54  3  37  25  65  16  24  26  63  27  14  60  56  67  10  62  43  34  38  57  13  39  35  36  50  51  12  40  41  48  9  59  19  66  55  61  11  49  52  53  58  68  69  70  71  


  ==> Energy                -164.984920766
  ==> dE                       -3.91e-06
  ==> Gradient Norm             2.53e+00
  ==> Abs. Max. Deriv.          7.84e-02
  ==> Time-Grad. (s)              42.796
  ==> Time-Energy (s)             20.123
  ==> Time-Iter. (s)              62.919

--------------------------------------------------------------------------------
CEO-ADAPT-VQE iteration: 214
--------------------------------------------------------------------------------
    gate        derivative      name       op1       op2       op3        g_unscaled   penalty
     381        0.00121005      a_ia       381                            0.00484020         4
     355       -0.00093559      a_ia       355                           -0.00187118         2
      57        0.00077936      a_ia        57                            0.00155871         2
     575        0.00073305      a_ia       575                            0.00146610         2
     380       -0.00068297      a_ia       380                           -0.00409782         6
     736        0.00066917      a_ia       736                            0.00133834         2
     384       -0.00066507      a_ia       384                           -0.00133014         2
     937        0.00052134      a_ia       937                            0.00104269         2
   76713        0.00049800        om     26226     26227                  0.03635421        73
   26226        0.00049721    a_iajb     26226                            0.03629597        73

  ==> Add operator: om -1: 26226 26227
  ==> Current qubit order: 44  45  4  5  6  7  20  2  0  46  47  1  23  22  28  29  42  21  15  30  31  32  33  17  8  64  18  54  3  37  25  65  16  24  26  63  27  14  60  56  67  10  62  34  38  57  43  13  50  12  39  35  36  51  40  41  48  9  59  19  66  55  61  11  49  52  53  58  68  69  70  71  


  ==> Energy                -164.985055808
  ==> dE                       -1.35e-04
  ==> Gradient Norm             2.53e+00
  ==> Abs. Max. Deriv.          7.83e-02
  ==> Time-Grad. (s)              42.782
  ==> Time-Energy (s)              9.265
  ==> Time-Iter. (s)              52.047

--------------------------------------------------------------------------------
CEO-ADAPT-VQE iteration: 215
--------------------------------------------------------------------------------
    gate        derivative      name       op1       op2       op3        g_unscaled   penalty
     381        0.00120964      a_ia       381                            0.00483855         4
     355       -0.00093381      a_ia       355                           -0.00186761         2
    1070       -0.00078329      a_ia      1070                           -0.00156659         2
      57        0.00077936      a_ia        57                            0.00155872         2
     575        0.00073168      a_ia       575                            0.00146336         2
     380       -0.00068293      a_ia       380                           -0.00409759         6
     736        0.00066983      a_ia       736                            0.00133967         2
     384       -0.00066581      a_ia       384                           -0.00133162         2
     402        0.00054530      a_ia       402                            0.00545302        10
     937        0.00052044      a_ia       937                            0.00104089         2

  ==> Add operator: a_ia 1070
  ==> Current qubit order: 44  45  4  5  6  7  20  2  0  46  47  1  23  22  28  29  42  21  15  30  31  32  33  17  8  64  18  54  3  37  25  65  16  24  26  63  27  14  60  56  67  10  62  34  38  57  43  13  50  12  39  35  36  51  40  41  48  9  59  19  66  55  61  11  49  52  53  58  68  69  70  71  


  ==> Energy                -164.985115047
  ==> dE                       -5.92e-05
  ==> Gradient Norm             2.53e+00
  ==> Abs. Max. Deriv.          7.83e-02
  ==> Time-Grad. (s)              43.064
  ==> Time-Energy (s)              9.367
  ==> Time-Iter. (s)              52.432

--------------------------------------------------------------------------------
CEO-ADAPT-VQE iteration: 216
--------------------------------------------------------------------------------
    gate        derivative      name       op1       op2       op3        g_unscaled   penalty
     381        0.00119731      a_ia       381                            0.00478925         4
     355       -0.00094880      a_ia       355                           -0.00189759         2
      57        0.00077735      a_ia        57                            0.00155469         2
     575        0.00074349      a_ia       575                            0.00148698         2
     736        0.00071114      a_ia       736                            0.00142228         2
     380       -0.00068486      a_ia       380                           -0.00410914         6
     384       -0.00066113      a_ia       384                           -0.00132226         2
     793       -0.00063829      a_ia       793                           -0.00127657         2
     440       -0.00057013      a_ia       440                           -0.00228051         4
     402        0.00054669      a_ia       402                            0.00546690        10

  ==> Tried operator a_ia 440: gain -1.03e-06 (threshold 1.1e-06), removed and excluded for this stage
  ==> Add operator: a_ia 402
  ==> Current qubit order: 44  45  4  5  6  7  20  2  0  46  47  1  23  22  28  29  42  21  15  30  31  32  33  17  8  64  18  54  3  37  25  65  16  24  26  63  27  14  60  56  67  10  62  34  57  43  13  50  38  12  39  35  36  51  40  41  48  9  59  19  66  55  61  11  49  52  53  58  68  69  70  71  


  ==> Energy                -164.985123125
  ==> dE                       -8.08e-06
  ==> Gradient Norm             2.53e+00
  ==> Abs. Max. Deriv.          7.83e-02
  ==> Time-Grad. (s)              42.953
  ==> Time-Energy (s)             19.382
  ==> Time-Iter. (s)              62.335

--------------------------------------------------------------------------------
CEO-ADAPT-VQE iteration: 217
--------------------------------------------------------------------------------
    gate        derivative      name       op1       op2       op3        g_unscaled   penalty
     381        0.00119345      a_ia       381                            0.00477378         4
     355       -0.00090610      a_ia       355                           -0.00181221         2
      57        0.00079258      a_ia        57                            0.00158516         2
     736        0.00070420      a_ia       736                            0.00140839         2
     575        0.00068117      a_ia       575                            0.00136233         2
     380       -0.00067899      a_ia       380                           -0.00407393         6
     384       -0.00065794      a_ia       384                           -0.00131588         2
     793       -0.00063258      a_ia       793                           -0.00126515         2
     440       -0.00057643      a_ia       440                           -0.00230571         4
     937        0.00051016      a_ia       937                            0.00102033         2

  ==> Add operator: a_ia 1078
  ==> Current qubit order: 45  4  5  6  7  20  2  0  44  46  47  1  23  22  28  29  42  21  15  30  31  32  33  17  8  64  18  54  3  37  25  65  16  24  26  63  27  14  60  56  67  10  62  34  57  43  13  50  38  12  39  35  36  51  40  41  48  9  59  19  66  55  61  11  49  52  53  58  68  69  70  71  


  ==> Energy                -164.986638149
  ==> dE                       -1.52e-03
  ==> Gradient Norm             2.53e+00
  ==> Abs. Max. Deriv.          7.83e-02
  ==> Time-Grad. (s)              43.114
  ==> Time-Energy (s)              9.754
  ==> Time-Iter. (s)              52.868

--------------------------------------------------------------------------------
CEO-ADAPT-VQE iteration: 218
--------------------------------------------------------------------------------
    gate        derivative      name       op1       op2       op3        g_unscaled   penalty
     381        0.00120312      a_ia       381                            0.00481249         4
     355       -0.00109586      a_ia       355                           -0.00219172         2
      57        0.00089646      a_ia        57                            0.00179293         2
      90        0.00081874      a_ia        90                            0.00327495         4
     384       -0.00074481      a_ia       384                           -0.00148962         2
     736        0.00071016      a_ia       736                            0.00142031         2
     575        0.00069423      a_ia       575                            0.00138846         2
     380       -0.00068287      a_ia       380                           -0.00409720         6
     793       -0.00063977      a_ia       793                           -0.00127955         2
     440       -0.00054874      a_ia       440                           -0.00219496         4

  ==> Add operator: a_ia 1091
  ==> Current qubit order: 4  5  6  7  20  2  0  44  46  45  47  1  23  22  28  29  42  21  15  30  31  32  33  17  8  64  18  54  3  37  25  65  16  24  26  63  27  14  60  56  67  10  62  34  57  43  13  50  38  12  39  35  36  51  40  41  48  9  59  19  66  55  61  11  49  52  53  58  68  69  70  71  


  ==> Energy                -164.988566973
  ==> dE                       -1.93e-03
  ==> Gradient Norm             2.52e+00
  ==> Abs. Max. Deriv.          7.84e-02
  ==> Time-Grad. (s)              42.990
  ==> Time-Energy (s)              8.648
  ==> Time-Iter. (s)              51.637

--------------------------------------------------------------------------------
CEO-ADAPT-VQE iteration: 219
--------------------------------------------------------------------------------
    gate        derivative      name       op1       op2       op3        g_unscaled   penalty
     381        0.00131147      a_ia       381                            0.00524586         4
     355       -0.00117405      a_ia       355                           -0.00234811         2
      57        0.00101584      a_ia        57                            0.00203168         2
     384       -0.00087801      a_ia       384                           -0.00175602         2
      90        0.00081604      a_ia        90                            0.00326418         4
     736        0.00071920      a_ia       736                            0.00143840         2
     380       -0.00071620      a_ia       380                           -0.00429721         6
     575        0.00064478      a_ia       575                            0.00128956         2
     793       -0.00063983      a_ia       793                           -0.00127965         2
    1078        0.00061538      a_ia      1078                            0.00123076         2

  ==> Add operator: mvp2 -1: 12640 12641
  ==> Current qubit order: 4  5  6  7  20  2  0  44  46  45  47  1  23  22  28  29  42  21  15  30  31  32  33  17  8  64  37  25  18  54  3  67  65  16  24  26  63  27  14  60  56  10  62  34  57  43  13  50  38  12  39  35  36  51  40  41  48  9  59  19  66  55  61  11  49  52  53  58  68  69  70  71  


  ==> Energy                -164.988921441
  ==> dE                       -3.54e-04
  ==> Gradient Norm             2.51e+00
  ==> Abs. Max. Deriv.          7.83e-02
  ==> Time-Grad. (s)              43.929
  ==> Time-Energy (s)             16.513
  ==> Time-Iter. (s)              60.442

--------------------------------------------------------------------------------
CEO-ADAPT-VQE iteration: 220
--------------------------------------------------------------------------------
    gate        derivative      name       op1       op2       op3        g_unscaled   penalty
     381        0.00130983      a_ia       381                            0.00523930         4
     135        0.00120236      a_ia       135                            0.00240472         2
     355       -0.00119338      a_ia       355                           -0.00238676         2
      57        0.00099612      a_ia        57                            0.00199224         2
     384       -0.00088815      a_ia       384                           -0.00177631         2
      90        0.00081530      a_ia        90                            0.00326120         4
     380       -0.00071700      a_ia       380                           -0.00430202         6
     736        0.00069064      a_ia       736                            0.00138128         2
     793       -0.00064063      a_ia       793                           -0.00128126         2
     575        0.00063848      a_ia       575                            0.00127697         2

  ==> Tried operator a_ia 135: gain -5.25e-07 (threshold 1.3e-06), removed and excluded for this stage
  ==> Add operator: a_ia 751
  ==> Current qubit order: 4  5  6  7  20  2  0  44  46  45  47  1  23  22  28  29  42  21  15  30  31  32  33  17  8  64  37  18  54  3  25  67  65  16  24  26  63  27  14  60  56  10  62  34  57  43  13  50  38  12  39  35  36  51  40  41  48  9  59  19  66  55  61  11  49  52  53  58  68  69  70  71  


  ==> Energy                -164.988925137
  ==> dE                       -3.70e-06
  ==> Gradient Norm             2.51e+00
  ==> Abs. Max. Deriv.          7.83e-02
  ==> Time-Grad. (s)              43.541
  ==> Time-Energy (s)             19.243
  ==> Time-Iter. (s)              62.784

--------------------------------------------------------------------------------
CEO-ADAPT-VQE iteration: 221
--------------------------------------------------------------------------------
    gate        derivative      name       op1       op2       op3        g_unscaled   penalty
     381        0.00130761      a_ia       381                            0.00523045         4
     355       -0.00115662      a_ia       355                           -0.00231324         2
      57        0.00099574      a_ia        57                            0.00199147         2
     384       -0.00088788      a_ia       384                           -0.00177575         2
      90        0.00081704      a_ia        90                            0.00326818         4
     380       -0.00071722      a_ia       380                           -0.00430332         6
     793       -0.00063619      a_ia       793                           -0.00127238         2
    1078        0.00061615      a_ia      1078                            0.00123231         2
     135        0.00060581      a_ia       135                            0.00242325         4
     575        0.00058795      a_ia       575                            0.00117590         2

  ==> Add operator: mvp2 -1: 28736 28737
  ==> Current qubit order: 4  5  6  7  20  2  0  44  46  45  47  1  23  22  28  29  42  21  15  30  31  32  33  17  8  64  37  18  3  25  65  24  54  67  16  13  26  63  27  14  60  56  10  62  34  57  43  50  38  12  39  35  36  51  40  41  48  9  59  19  66  55  61  11  49  52  53  58  68  69  70  71  


  ==> Energy                -164.989116311
  ==> dE                       -1.91e-04
  ==> Gradient Norm             2.51e+00
  ==> Abs. Max. Deriv.          7.83e-02
  ==> Time-Grad. (s)              43.704
  ==> Time-Energy (s)             19.124
  ==> Time-Iter. (s)              62.828

--------------------------------------------------------------------------------
CEO-ADAPT-VQE iteration: 222
--------------------------------------------------------------------------------
    gate        derivative      name       op1       op2       op3        g_unscaled   penalty
     722       -0.00279012      a_ia       722                           -0.00558024         2
     381        0.00131146      a_ia       381                            0.00524584         4
     355       -0.00114935      a_ia       355                           -0.00229869         2
      57        0.00099373      a_ia        57                            0.00198745         2
     384       -0.00088690      a_ia       384                           -0.00177380         2
      90        0.00081879      a_ia        90                            0.00327516         4
   79947        0.00075263        om     28734     28735                  0.03537375        47
   28734        0.00075217    a_iajb     28734                            0.03535215        47
   79946        0.00075171        op     28734     28735                  0.03533055        47
     380       -0.00071667      a_ia       380                           -0.00429999         6

  ==> Add operator: om -1: 28734 28735
  ==> Current qubit order: 4  5  6  7  20  2  0  44  46  45  47  1  23  22  28  29  42  21  15  30  31  32  33  17  8  64  37  18  3  25  24  65  54  16  13  67  26  63  27  14  60  56  10  62  34  57  43  50  38  12  39  35  36  51  40  41  48  9  59  19  66  55  61  11  49  52  53  58  68  69  70  71  


  ==> Energy                -164.989208631
  ==> dE                       -9.23e-05
  ==> Gradient Norm             2.51e+00
  ==> Abs. Max. Deriv.          7.83e-02
  ==> Time-Grad. (s)              43.483
  ==> Time-Energy (s)              9.371
  ==> Time-Iter. (s)              52.855

--------------------------------------------------------------------------------
CEO-ADAPT-VQE iteration: 223
--------------------------------------------------------------------------------
    gate        derivative      name       op1       op2       op3        g_unscaled   penalty
     722       -0.00140437      a_ia       722                           -0.00561750         4
     381        0.00131127      a_ia       381                            0.00524509         4
     355       -0.00114924      a_ia       355                           -0.00229849         2
      57        0.00099425      a_ia        57                            0.00198850         2
     384       -0.00088753      a_ia       384                           -0.00177505         2
      90        0.00081872      a_ia        90                            0.00327488         4
     380       -0.00071668      a_ia       380                           -0.00430006         6
     793       -0.00062918      a_ia       793                           -0.00125835         2
    1078        0.00060838      a_ia      1078                            0.00121677         2
   81437       -0.00054144        om     29810     29811                 -0.03302774        61

  ==> Add operator: om -1: 29810 29811
  ==> Current qubit order: 4  5  6  7  20  2  0  44  46  45  47  1  23  22  28  29  42  21  15  30  31  32  33  17  8  37  18  3  25  64  24  13  67  65  54  16  26  63  27  14  60  56  10  62  34  57  43  50  38  12  39  35  36  51  40  41  48  9  59  19  66  55  61  11  49  52  53  58  68  69  70  71  


  ==> Energy                -164.989280584
  ==> dE                       -7.20e-05
  ==> Gradient Norm             2.51e+00
  ==> Abs. Max. Deriv.          7.83e-02
  ==> Time-Grad. (s)              43.609
  ==> Time-Energy (s)              9.279
  ==> Time-Iter. (s)              52.888

--------------------------------------------------------------------------------
CEO-ADAPT-VQE iteration: 224
--------------------------------------------------------------------------------
    gate        derivative      name       op1       op2       op3        g_unscaled   penalty
     381        0.00131114      a_ia       381                            0.00524458         4
     355       -0.00114859      a_ia       355                           -0.00229717         2
      57        0.00099437      a_ia        57                            0.00198873         2
     384       -0.00088718      a_ia       384                           -0.00177436         2
     727        0.00082972      a_ia       727                            0.00165944         2
      90        0.00081862      a_ia        90                            0.00327447         4
     380       -0.00071668      a_ia       380                           -0.00430009         6
     722       -0.00070308      a_ia       722                           -0.00562465         8
     793       -0.00062900      a_ia       793                           -0.00125800         2
    1078        0.00060844      a_ia      1078                            0.00121689         2

  ==> Tried operator a_ia 727: gain -5.44e-07 (threshold 1.1e-06), removed and excluded for this stage
  ==> Add operator: om -1: 29808 29809
  ==> Current qubit order: 4  5  6  7  20  2  0  44  46  45  47  1  23  22  28  29  42  21  15  30  31  32  33  17  8  37  18  3  25  64  24  13  65  67  54  16  26  63  27  14  60  56  10  62  34  57  43  50  38  12  39  35  36  51  40  41  48  9  59  19  66  55  61  11  49  52  53  58  68  69  70  71  


  ==> Energy                -164.989314661
  ==> dE                       -3.41e-05
  ==> Gradient Norm             2.50e+00
  ==> Abs. Max. Deriv.          7.83e-02
  ==> Time-Grad. (s)              43.762
  ==> Time-Energy (s)             17.793
  ==> Time-Iter. (s)              61.555

--------------------------------------------------------------------------------
CEO-ADAPT-VQE iteration: 225
--------------------------------------------------------------------------------
    gate        derivative      name       op1       op2       op3        g_unscaled   penalty
     381        0.00131099      a_ia       381                            0.00524395         4
     355       -0.00114782      a_ia       355                           -0.00229564         2
      57        0.00099469      a_ia        57                            0.00198939         2
     384       -0.00088740      a_ia       384                           -0.00177479         2
     727        0.00086754      a_ia       727                            0.00173508         2
      90        0.00081859      a_ia        90                            0.00327435         4
     380       -0.00071669      a_ia       380                           -0.00430011         6
     722       -0.00070530      a_ia       722                           -0.00564242         8
     444       -0.00067328      a_ia       444                           -0.00134657         2
     793       -0.00062923      a_ia       793                           -0.00125846         2

  ==> Add operator: op -1: 18078 18079
  ==> Current qubit order: 4  5  6  7  20  2  0  44  46  45  47  1  23  22  28  29  42  21  15  30  31  32  33  17  8  37  18  3  25  64  24  13  65  67  54  16  26  63  27  14  60  56  62  34  57  43  50  38  12  39  35  36  51  40  41  48  59  10  9  52  53  19  66  55  61  11  49  58  68  69  70  71  


  ==> Energy                -164.989444326
  ==> dE                       -1.30e-04
  ==> Gradient Norm             2.50e+00
  ==> Abs. Max. Deriv.          7.83e-02
  ==> Time-Grad. (s)              43.612
  ==> Time-Energy (s)              9.525
  ==> Time-Iter. (s)              53.136

--------------------------------------------------------------------------------
CEO-ADAPT-VQE iteration: 226
--------------------------------------------------------------------------------
    gate        derivative      name       op1       op2       op3        g_unscaled   penalty
     600       -0.00234739      a_ia       600                           -0.00469479         2
     381        0.00131092      a_ia       381                            0.00524367         4
     350       -0.00114003      a_ia       350                           -0.00456013         4
      57        0.00099446      a_ia        57                            0.00198891         2
     384       -0.00088839      a_ia       384                           -0.00177678         2
     727        0.00086879      a_ia       727                            0.00173757         2
      90        0.00081885      a_ia        90                            0.00327539         4
     722       -0.00070522      a_ia       722                           -0.00564175         8
     444       -0.00067212      a_ia       444                           -0.00134423         2
     793       -0.00062928      a_ia       793                           -0.00125856         2

  ==> Add operator: a_ia 600
  ==> Current qubit order: 4  5  6  7  20  2  0  44  46  45  47  1  23  22  28  29  42  21  15  30  31  32  33  17  8  37  18  3  25  64  24  13  65  67  54  16  26  63  27  14  60  56  62  34  57  43  50  38  12  39  35  36  51  40  41  48  59  10  9  52  53  19  66  55  61  11  49  58  68  69  70  71  


  ==> Energy                -164.989449073
  ==> dE                       -4.75e-06
  ==> Gradient Norm             2.50e+00
  ==> Abs. Max. Deriv.          7.83e-02
  ==> Time-Grad. (s)              43.457
  ==> Time-Energy (s)             10.393
  ==> Time-Iter. (s)              53.850

--------------------------------------------------------------------------------
CEO-ADAPT-VQE iteration: 227
--------------------------------------------------------------------------------
    gate        derivative      name       op1       op2       op3        g_unscaled   penalty
     381        0.00131364      a_ia       381                            0.00525457         4
     350       -0.00113251      a_ia       350                           -0.00453004         4
      57        0.00099219      a_ia        57                            0.00198439         2
     384       -0.00087673      a_ia       384                           -0.00175346         2
     727        0.00084316      a_ia       727                            0.00168632         2
      90        0.00081766      a_ia        90                            0.00327063         4
     722       -0.00070709      a_ia       722                           -0.00565674         8
     444       -0.00068073      a_ia       444                           -0.00136147         2
     793       -0.00061661      a_ia       793                           -0.00123322         2
    1078        0.00060845      a_ia      1078                            0.00121689         2

  ==> Add operator: a_ia 1005
  ==> Current qubit order: 4  5  6  7  20  2  0  44  46  45  47  1  23  22  28  29  42  21  15  30  31  32  33  17  8  37  18  3  25  64  24  13  65  67  54  16  26  63  27  14  60  56  62  34  57  50  38  12  43  39  35  36  51  40  41  48  59  10  9  52  53  19  66  55  61  11  49  58  68  69  70  71  


  ==> Energy                -164.991040164
  ==> dE                       -1.59e-03
  ==> Gradient Norm             2.50e+00
  ==> Abs. Max. Deriv.          7.83e-02
  ==> Time-Grad. (s)              43.492
  ==> Time-Energy (s)            315.314
  ==> Time-Iter. (s)             358.806

--------------------------------------------------------------------------------
CEO-ADAPT-VQE iteration: 228
--------------------------------------------------------------------------------
    gate        derivative      name       op1       op2       op3        g_unscaled   penalty
     381        0.00142006      a_ia       381                            0.00568023         4
     350       -0.00121912      a_ia       350                           -0.00487647         4
     444       -0.00095565      a_ia       444                           -0.00191131         2
      90        0.00086844      a_ia        90                            0.00347376         4
      57        0.00084688      a_ia        57                            0.00169376         2
     722       -0.00075130      a_ia       722                           -0.00601042         8
     793       -0.00069719      a_ia       793                           -0.00139438         2
     384       -0.00066963      a_ia       384                           -0.00133925         2
     939       -0.00055235      a_ia       939                           -0.00220940         4
    1067       -0.00052068      a_ia      1067                           -0.00416541         8

  ==> Add operator: a_ia 939
  ==> Current qubit order: 4  5  6  7  20  2  0  44  46  45  47  1  23  22  28  29  42  21  15  30  31  32  33  17  8  37  18  3  25  64  24  13  65  67  54  16  26  63  27  14  60  56  62  34  57  50  38  12  39  43  35  36  51  40  41  48  59  10  9  52  53  19  66  55  61  11  49  58  68  69  70  71  


  ==> Energy                -164.991042270
  ==> dE                       -2.11e-06
  ==> Gradient Norm             2.49e+00
  ==> Abs. Max. Deriv.          7.83e-02
  ==> Time-Grad. (s)              43.699
  ==> Time-Energy (s)              9.402
  ==> Time-Iter. (s)              53.101

--------------------------------------------------------------------------------
CEO-ADAPT-VQE iteration: 229
--------------------------------------------------------------------------------
    gate        derivative      name       op1       op2       op3        g_unscaled   penalty
     381        0.00142244      a_ia       381                            0.00568975         4
     350       -0.00121949      a_ia       350                           -0.00487796         4
     444       -0.00094578      a_ia       444                           -0.00189156         2
      90        0.00086888      a_ia        90                            0.00347550         4
      57        0.00084637      a_ia        57                            0.00169274         2
     722       -0.00075069      a_ia       722                           -0.00600555         8
     793       -0.00070166      a_ia       793                           -0.00140331         2
    1067       -0.00069454      a_ia      1067                           -0.00416722         6
     384       -0.00067409      a_ia       384                           -0.00134818         2
   77401       -0.00052015        om     26724     26726                 -0.03693065        71

  ==> Add operator: a_ia 1067
  ==> Current qubit order: 4  5  6  7  20  2  0  44  46  45  47  1  23  22  28  29  42  21  15  30  31  32  33  17  8  37  18  3  25  64  24  13  65  67  54  16  26  63  27  14  60  56  62  34  57  50  38  12  39  35  36  43  51  40  41  48  59  10  9  52  53  19  66  55  61  11  49  58  68  69  70  71  


  ==> Energy                -164.991518844
  ==> dE                       -4.77e-04
  ==> Gradient Norm             2.49e+00
  ==> Abs. Max. Deriv.          7.83e-02
  ==> Time-Grad. (s)              43.704
  ==> Time-Energy (s)              9.353
  ==> Time-Iter. (s)              53.057

--------------------------------------------------------------------------------
CEO-ADAPT-VQE iteration: 230
--------------------------------------------------------------------------------
    gate        derivative      name       op1       op2       op3        g_unscaled   penalty
     381        0.00141411      a_ia       381                            0.00565644         4
     350       -0.00123215      a_ia       350                           -0.00492859         4
     444       -0.00101742      a_ia       444                           -0.00203483         2
     793       -0.00088426      a_ia       793                           -0.00176853         2
      90        0.00086764      a_ia        90                            0.00347057         4
      57        0.00085180      a_ia        57                            0.00170359         2
    1035       -0.00075869      a_ia      1035                           -0.00455212         6
     722       -0.00075737      a_ia       722                           -0.00605900         8
     384       -0.00067750      a_ia       384                           -0.00135500         2
   77401       -0.00052058        om     26724     26726                 -0.03696142        71

  ==> Add operator: a_ia 1035
  ==> Current qubit order: 4  5  6  7  20  2  0  44  46  45  47  1  23  22  28  29  42  21  15  30  31  32  33  17  8  37  18  3  25  64  24  13  65  67  54  16  26  63  27  14  60  56  62  34  57  50  38  12  39  35  36  51  40  43  41  48  59  10  9  52  53  19  66  55  61  11  49  58  68  69  70  71  


  ==> Energy                -164.992172203
  ==> dE                       -6.53e-04
  ==> Gradient Norm             2.49e+00
  ==> Abs. Max. Deriv.          7.83e-02
  ==> Time-Grad. (s)              44.574
  ==> Time-Energy (s)              9.878
  ==> Time-Iter. (s)              54.452

--------------------------------------------------------------------------------
CEO-ADAPT-VQE iteration: 231
--------------------------------------------------------------------------------
    gate        derivative      name       op1       op2       op3        g_unscaled   penalty
     381        0.00138427      a_ia       381                            0.00553709         4
     350       -0.00124211      a_ia       350                           -0.00496843         4
     444       -0.00110762      a_ia       444                           -0.00221525         2
     793       -0.00099574      a_ia       793                           -0.00199147         2
      57        0.00087582      a_ia        57                            0.00175165         2
      90        0.00087226      a_ia        90                            0.00348904         4
     722       -0.00075913      a_ia       722                           -0.00607300         8
     384       -0.00068496      a_ia       384                           -0.00136992         2
     314        0.00062579      a_ia       314                            0.00500635         8
   77401       -0.00052059        om     26724     26726                 -0.03696170        71

  ==> Add operator: a_ia 314
  ==> Current qubit order: 4  5  6  7  20  2  0  44  46  45  47  1  23  22  28  29  42  21  15  30  31  32  33  17  8  37  18  3  25  64  24  13  65  67  54  16  26  63  27  14  60  56  62  34  57  50  38  12  39  35  36  51  40  43  48  59  10  41  9  52  53  19  66  55  61  11  49  58  68  69  70  71  


  ==> Energy                -164.992178339
  ==> dE                       -6.14e-06
  ==> Gradient Norm             2.48e+00
  ==> Abs. Max. Deriv.          7.83e-02
  ==> Time-Grad. (s)              44.795
  ==> Time-Energy (s)             10.141
  ==> Time-Iter. (s)              54.936

--------------------------------------------------------------------------------
CEO-ADAPT-VQE iteration: 232
--------------------------------------------------------------------------------
    gate        derivative      name       op1       op2       op3        g_unscaled   penalty
     381        0.00138540      a_ia       381                            0.00554160         4
     444       -0.00106094      a_ia       444                           -0.00212187         2
     793       -0.00098625      a_ia       793                           -0.00197251         2
      90        0.00087880      a_ia        90                            0.00351518         4
      57        0.00087712      a_ia        57                            0.00175425         2
     350       -0.00083648      a_ia       350                           -0.00501889         6
     722       -0.00075900      a_ia       722                           -0.00607204         8
     384       -0.00068258      a_ia       384                           -0.00136515         2
   77401       -0.00052057        om     26724     26726                 -0.03696068        71
   77396       -0.00051432        op     26724     26725                 -0.03651674        71

  ==> Add operator: mvp3 -1: 26724 26725 26726
  ==> Current qubit order: 4  5  6  7  20  2  0  44  46  45  47  1  23  22  28  29  42  21  15  30  31  32  33  17  8  37  18  3  25  24  13  65  67  64  54  16  12  26  63  27  14  60  56  62  34  57  50  38  39  35  36  51  40  43  48  59  10  41  9  52  53  19  66  55  61  11  49  58  68  69  70  71  


  ==> Energy                -164.992315076
  ==> dE                       -1.37e-04
  ==> Gradient Norm             2.48e+00
  ==> Abs. Max. Deriv.          7.83e-02
  ==> Time-Grad. (s)              44.814
  ==> Time-Energy (s)             27.544
  ==> Time-Iter. (s)              72.358

--------------------------------------------------------------------------------
CEO-ADAPT-VQE iteration: 233
--------------------------------------------------------------------------------
    gate        derivative      name       op1       op2       op3        g_unscaled   penalty
     381        0.00138540      a_ia       381                            0.00554162         4
     444       -0.00104730      a_ia       444                           -0.00209460         2
     793       -0.00098078      a_ia       793                           -0.00196156         2
     396        0.00091847      a_ia       396                            0.00183694         2
      90        0.00087885      a_ia        90                            0.00351539         4
      57        0.00087729      a_ia        57                            0.00175458         2
     350       -0.00083627      a_ia       350                           -0.00501765         6
     384       -0.00068130      a_ia       384                           -0.00136260         2
     722       -0.00059293      a_ia       722                           -0.00592925        10
     415       -0.00058160      a_ia       415                           -0.00348962         6

  ==> Add operator: a_ia 396
  ==> Current qubit order: 4  5  6  7  20  2  0  44  46  45  47  1  23  22  28  29  42  21  15  30  31  32  33  17  8  37  18  3  25  24  13  65  67  64  54  16  12  26  63  27  14  60  56  62  34  57  50  38  39  35  36  51  40  43  48  59  10  41  9  52  53  19  66  55  61  11  49  58  68  69  70  71  


  ==> Energy                -164.992395968
  ==> dE                       -8.09e-05
  ==> Gradient Norm             2.48e+00
  ==> Abs. Max. Deriv.          7.83e-02
  ==> Time-Grad. (s)              44.913
  ==> Time-Energy (s)              9.749
  ==> Time-Iter. (s)              54.662

--------------------------------------------------------------------------------
CEO-ADAPT-VQE iteration: 234
--------------------------------------------------------------------------------
    gate        derivative      name       op1       op2       op3        g_unscaled   penalty
     381        0.00138895      a_ia       381                            0.00555581         4
     444       -0.00103049      a_ia       444                           -0.00206097         2
     793       -0.00098879      a_ia       793                           -0.00197757         2
      57        0.00088025      a_ia        57                            0.00176050         2
      90        0.00087471      a_ia        90                            0.00349884         4
     350       -0.00083791      a_ia       350                           -0.00502747         6
     415       -0.00076778      a_ia       415                           -0.00460666         6
     384       -0.00068802      a_ia       384                           -0.00137604         2
     722       -0.00060620      a_ia       722                           -0.00606198        10
   78885       -0.00052494        om     27891     27892                 -0.03307091        63

  ==> Add operator: mvp2 -1: 27891 27892
  ==> Current qubit order: 4  5  6  7  20  2  0  44  46  45  47  1  23  22  28  29  42  21  15  30  31  32  33  17  8  37  18  3  24  13  65  25  67  64  12  54  16  26  63  27  14  60  56  62  34  57  50  38  39  35  36  51  40  43  48  59  10  41  9  52  53  19  66  55  61  11  49  58  68  69  70  71  


  ==> Energy                -164.992496645
  ==> dE                       -1.01e-04
  ==> Gradient Norm             2.48e+00
  ==> Abs. Max. Deriv.          7.83e-02
  ==> Time-Grad. (s)              45.402
  ==> Time-Energy (s)             19.356
  ==> Time-Iter. (s)              64.758

--------------------------------------------------------------------------------
CEO-ADAPT-VQE iteration: 235
--------------------------------------------------------------------------------
    gate        derivative      name       op1       op2       op3        g_unscaled   penalty
     415       -0.00259861      a_ia       415                           -0.00519723         2
     381        0.00138957      a_ia       381                            0.00555826         4
     444       -0.00103243      a_ia       444                           -0.00206485         2
     793       -0.00099131      a_ia       793                           -0.00198262         2
      57        0.00088053      a_ia        57                            0.00176105         2
      90        0.00087499      a_ia        90                            0.00349994         4
     350       -0.00083806      a_ia       350                           -0.00502839         6
     384       -0.00069051      a_ia       384                           -0.00138102         2
   78883        0.00057572        om     27889     27890                  0.02590752        45
   27889        0.00057484    a_iajb     27889                            0.02586759        45

  ==> Add operator: om -1: 27889 27890
  ==> Current qubit order: 4  5  6  7  20  2  0  44  46  45  47  1  23  22  28  29  42  21  15  30  31  32  33  17  8  37  18  3  24  13  65  25  64  12  67  54  16  26  63  27  14  60  56  62  34  57  50  38  39  35  36  51  40  43  48  59  10  41  9  52  53  19  66  55  61  11  49  58  68  69  70  71  


  ==> Energy                -164.992541944
  ==> dE                       -4.53e-05
  ==> Gradient Norm             2.48e+00
  ==> Abs. Max. Deriv.          7.83e-02
  ==> Time-Grad. (s)              44.799
  ==> Time-Energy (s)             10.285
  ==> Time-Iter. (s)              55.083

--------------------------------------------------------------------------------
CEO-ADAPT-VQE iteration: 236
--------------------------------------------------------------------------------
    gate        derivative      name       op1       op2       op3        g_unscaled   penalty
     415       -0.00257534      a_ia       415                           -0.00515068         2
     381        0.00138941      a_ia       381                            0.00555763         4
     444       -0.00110290      a_ia       444                           -0.00220580         2
     793       -0.00099149      a_ia       793                           -0.00198298         2
      57        0.00088068      a_ia        57                            0.00176137         2
      90        0.00087509      a_ia        90                            0.00350035         4
     350       -0.00083814      a_ia       350                           -0.00502887         6
     384       -0.00069132      a_ia       384                           -0.00138264         2
   78808        0.00057643        op     27815     27816                  0.04669061        81
   27815        0.00056516    a_iajb     27815                            0.04577803        81

  ==> Add operator: mvp2 -1: 27815 27816
  ==> Current qubit order: 4  5  6  7  20  2  0  44  46  45  47  1  23  22  28  29  21  15  30  31  32  33  17  8  37  18  3  42  65  25  12  24  13  64  67  54  16  26  63  27  14  60  56  62  34  57  50  38  39  35  36  51  40  43  48  59  10  41  9  52  53  19  66  55  61  11  49  58  68  69  70  71  


  ==> Energy                -164.992893418
  ==> dE                       -3.51e-04
  ==> Gradient Norm             2.48e+00
  ==> Abs. Max. Deriv.          7.83e-02
  ==> Time-Grad. (s)              44.654
  ==> Time-Energy (s)             20.021
  ==> Time-Iter. (s)              64.676

--------------------------------------------------------------------------------
CEO-ADAPT-VQE iteration: 237
--------------------------------------------------------------------------------
    gate        derivative      name       op1       op2       op3        g_unscaled   penalty
     750        0.00434687      a_ia       750                            0.00869375         2
     381        0.00138564      a_ia       381                            0.00554256         4
     793       -0.00101842      a_ia       793                           -0.00203684         2
      90        0.00088273      a_ia        90                            0.00353091         4
      57        0.00087963      a_ia        57                            0.00175925         2
     415       -0.00087052      a_ia       415                           -0.00522313         6
     350       -0.00084296      a_ia       350                           -0.00505778         6
     722       -0.00075647      a_ia       722                           -0.00605174         8
     384       -0.00074561      a_ia       384                           -0.00149123         2
     395       -0.00063107      a_ia       395                           -0.00126215         2

  ==> Add operator: a_ia 750
  ==> Current qubit order: 4  5  6  7  20  2  0  44  46  45  47  1  23  22  28  29  21  15  30  31  32  33  17  8  37  18  3  42  65  25  12  24  13  64  67  54  16  26  63  27  14  60  56  62  34  57  50  38  39  35  36  51  40  43  48  59  10  41  9  52  53  19  66  55  61  11  49  58  68  69  70  71  


  ==> Energy                -164.992905136
  ==> dE                       -1.17e-05
  ==> Gradient Norm             2.48e+00
  ==> Abs. Max. Deriv.          7.83e-02
  ==> Time-Grad. (s)              45.071
  ==> Time-Energy (s)              9.469
  ==> Time-Iter. (s)              54.541

--------------------------------------------------------------------------------
CEO-ADAPT-VQE iteration: 238
--------------------------------------------------------------------------------
    gate        derivative      name       op1       op2       op3        g_unscaled   penalty
     381        0.00139236      a_ia       381                            0.00556943         4
     793       -0.00098812      a_ia       793                           -0.00197623         2
     415       -0.00088566      a_ia       415                           -0.00531398         6
      57        0.00088059      a_ia        57                            0.00176118         2
      90        0.00087442      a_ia        90                            0.00349768         4
     350       -0.00083782      a_ia       350                           -0.00502690         6
     722       -0.00076042      a_ia       722                           -0.00608338         8
     384       -0.00069160      a_ia       384                           -0.00138321         2
     395       -0.00063102      a_ia       395                           -0.00126205         2
   76703        0.00062856        om     26216     26217                  0.02954227        47

  ==> Add operator: a_ia 395
  ==> Current qubit order: 4  5  6  7  20  2  0  44  46  45  47  1  23  22  28  29  21  15  30  31  32  33  17  8  37  18  3  42  65  25  12  24  13  64  67  54  16  26  63  27  14  60  56  62  34  57  50  38  39  35  36  51  40  43  48  59  10  41  9  52  53  19  66  55  61  11  49  58  68  69  70  71  


  ==> Energy                -164.992955759
  ==> dE                       -5.06e-05
  ==> Gradient Norm             2.48e+00
  ==> Abs. Max. Deriv.          7.83e-02
  ==> Time-Grad. (s)              44.772
  ==> Time-Energy (s)              9.979
  ==> Time-Iter. (s)              54.751

--------------------------------------------------------------------------------
CEO-ADAPT-VQE iteration: 239
--------------------------------------------------------------------------------
    gate        derivative      name       op1       op2       op3        g_unscaled   penalty
     381        0.00139402      a_ia       381                            0.00557608         4
     415       -0.00101809      a_ia       415                           -0.00610854         6
     793       -0.00099310      a_ia       793                           -0.00198620         2
      57        0.00088331      a_ia        57                            0.00176662         2
      90        0.00087136      a_ia        90                            0.00348545         4
     350       -0.00083836      a_ia       350                           -0.00503018         6
     722       -0.00072785      a_ia       722                           -0.00582281         8
     384       -0.00069609      a_ia       384                           -0.00139219         2
   76703        0.00064403        om     26216     26217                  0.03026961        47
   26216        0.00063919    a_iajb     26216                            0.03004199        47

  ==> Add operator: mvp2 -1: 26216 26217
  ==> Current qubit order: 4  5  6  7  20  2  0  44  46  45  47  1  23  22  28  29  21  15  30  31  32  33  17  8  37  18  3  42  65  12  13  25  24  64  67  54  16  26  63  27  14  60  56  62  34  57  50  38  39  35  36  51  40  43  48  59  10  41  9  52  53  19  66  55  61  11  49  58  68  69  70  71  


  ==> Energy                -164.993047216
  ==> dE                       -9.15e-05
  ==> Gradient Norm             2.48e+00
  ==> Abs. Max. Deriv.          7.83e-02
  ==> Time-Grad. (s)              44.888
  ==> Time-Energy (s)             19.618
  ==> Time-Iter. (s)              64.506

--------------------------------------------------------------------------------
CEO-ADAPT-VQE iteration: 240
--------------------------------------------------------------------------------
    gate        derivative      name       op1       op2       op3        g_unscaled   penalty
     381        0.00139770      a_ia       381                            0.00559080         4
     444       -0.00126018      a_ia       444                           -0.00504073         4
     793       -0.00098814      a_ia       793                           -0.00197628         2
     722       -0.00096873      a_ia       722                           -0.00581236         6
     424       -0.00095151      a_ia       424                           -0.00190302         2
      57        0.00088637      a_ia        57                            0.00177273         2
      90        0.00086922      a_ia        90                            0.00347690         4
     350       -0.00083785      a_ia       350                           -0.00502711         6
     415       -0.00076382      a_ia       415                           -0.00611058         8
     384       -0.00069138      a_ia       384                           -0.00138275         2

  ==> Add operator: a_ia 424
  ==> Current qubit order: 4  5  6  7  20  2  0  44  46  45  47  1  23  22  28  29  21  15  30  31  32  33  17  8  37  18  3  42  65  12  13  25  24  64  67  54  16  26  63  27  14  60  56  62  34  57  50  38  39  35  36  51  40  43  48  59  10  41  9  52  53  19  66  55  61  11  49  58  68  69  70  71  


  ==> Energy                -164.993145836
  ==> dE                       -9.86e-05
  ==> Gradient Norm             2.48e+00
  ==> Abs. Max. Deriv.          7.83e-02
  ==> Time-Grad. (s)              45.139
  ==> Time-Energy (s)              9.622
  ==> Time-Iter. (s)              54.760

--------------------------------------------------------------------------------
CEO-ADAPT-VQE iteration: 241
--------------------------------------------------------------------------------
    gate        derivative      name       op1       op2       op3        g_unscaled   penalty
     444       -0.00146354      a_ia       444                           -0.00585418         4
     381        0.00141003      a_ia       381                            0.00564013         4
     793       -0.00098106      a_ia       793                           -0.00196213         2
     722       -0.00096335      a_ia       722                           -0.00578009         6
      57        0.00088554      a_ia        57                            0.00177107         2
      90        0.00087071      a_ia        90                            0.00348284         4
     350       -0.00083694      a_ia       350                           -0.00502166         6
     415       -0.00076687      a_ia       415                           -0.00613493         8
     384       -0.00069684      a_ia       384                           -0.00139368         2
   64924        0.00052712        op     17201     17202                  0.03109994        59

  ==> Add operator: mvp2 -1: 17201 17202
  ==> Current qubit order: 4  5  6  7  20  2  0  44  46  45  47  1  23  22  28  29  21  15  30  31  32  33  17  37  18  3  8  42  65  25  12  13  24  64  67  54  16  26  63  27  14  60  56  62  34  57  50  38  39  35  36  51  40  43  48  59  10  41  9  52  53  19  66  55  61  11  49  58  68  69  70  71  


  ==> Energy                -164.993328695
  ==> dE                       -1.83e-04
  ==> Gradient Norm             2.48e+00
  ==> Abs. Max. Deriv.          7.83e-02
  ==> Time-Grad. (s)              45.180
  ==> Time-Energy (s)             18.758
  ==> Time-Iter. (s)              63.939

--------------------------------------------------------------------------------
CEO-ADAPT-VQE iteration: 242
--------------------------------------------------------------------------------
    gate        derivative      name       op1       op2       op3        g_unscaled   penalty
     750        0.00217597      a_ia       750                            0.00435195         2
     381        0.00140520      a_ia       381                            0.00562078         4
     415       -0.00103739      a_ia       415                           -0.00622434         6
     793       -0.00099925      a_ia       793                           -0.00199851         2
     444       -0.00098823      a_ia       444                           -0.00592941         6
     722       -0.00096500      a_ia       722                           -0.00579001         6
      57        0.00087995      a_ia        57                            0.00175991         2
      90        0.00087359      a_ia        90                            0.00349437         4
     350       -0.00084026      a_ia       350                           -0.00504155         6
     384       -0.00072466      a_ia       384                           -0.00144932         2

  ==> Tried operator a_ia 284: gain -4.77e-07 (threshold 9.2e-07), removed and excluded for this stage
  ==> Add operator: mvp2 -1: 26394 26395
  ==> Current qubit order: 4  5  6  7  20  2  0  44  46  45  47  1  23  22  28  29  21  15  30  31  32  33  17  37  18  3  8  42  65  25  12  13  64  67  24  54  16  26  63  27  14  60  56  62  34  57  50  38  39  35  36  51  40  43  48  59  10  41  9  52  53  19  66  55  61  11  49  58  68  69  70  71  


  ==> Energy                -164.993367113
  ==> dE                       -3.84e-05
  ==> Gradient Norm             2.47e+00
  ==> Abs. Max. Deriv.          7.83e-02
  ==> Time-Grad. (s)              45.446
  ==> Time-Energy (s)             29.560
  ==> Time-Iter. (s)              75.006

--------------------------------------------------------------------------------
CEO-ADAPT-VQE iteration: 243
--------------------------------------------------------------------------------
    gate        derivative      name       op1       op2       op3        g_unscaled   penalty
     722       -0.00289599      a_ia       722                           -0.00579198         2
     750        0.00217454      a_ia       750                            0.00434908         2
     415       -0.00151189      a_ia       415                           -0.00604754         4
     381        0.00140474      a_ia       381                            0.00561895         4
     793       -0.00099864      a_ia       793                           -0.00199727         2
     444       -0.00096966      a_ia       444                           -0.00581795         6
      57        0.00088019      a_ia        57                            0.00176037         2
      90        0.00087396      a_ia        90                            0.00349583         4
     350       -0.00084042      a_ia       350                           -0.00504250         6
     384       -0.00072541      a_ia       384                           -0.00145081         2

  ==> Add operator: mvp2 -1: 15291 15292
  ==> Current qubit order: 4  5  6  7  20  2  0  44  46  45  47  1  23  22  28  29  21  15  30  31  32  33  17  37  18  3  65  8  42  13  67  25  12  64  24  54  16  26  63  27  14  60  56  62  34  57  50  38  39  35  36  51  40  43  48  59  10  41  9  52  53  19  66  55  61  11  49  58  68  69  70  71  


  ==> Energy                -164.993447728
  ==> dE                       -8.06e-05
  ==> Gradient Norm             2.47e+00
  ==> Abs. Max. Deriv.          7.83e-02
  ==> Time-Grad. (s)              45.692
  ==> Time-Energy (s)             21.003
  ==> Time-Iter. (s)              66.695

--------------------------------------------------------------------------------
CEO-ADAPT-VQE iteration: 244
--------------------------------------------------------------------------------
    gate        derivative      name       op1       op2       op3        g_unscaled   penalty
     415       -0.00302767      a_ia       415                           -0.00605533         2
     722       -0.00289635      a_ia       722                           -0.00579270         2
     381        0.00139999      a_ia       381                            0.00559998         4
     793       -0.00100635      a_ia       793                           -0.00201270         2
     444       -0.00096736      a_ia       444                           -0.00580413         6
      57        0.00087905      a_ia        57                            0.00175810         2
      90        0.00087602      a_ia        90                            0.00350410         4
     445       -0.00085821      a_ia       445                           -0.00171642         2
     350       -0.00084178      a_ia       350                           -0.00505068         6
     384       -0.00074252      a_ia       384                           -0.00148504         2

  ==> Tried operator a_ia 751: gain -2.57e-07 (threshold 8.6e-07), removed and excluded for this stage
  ==> Tried operator a_ia 134: gain -6.05e-08 (threshold 8.6e-07), removed and excluded for this stage
  ==> Add operator: mvp2 -1: 15289 15290
  ==> Current qubit order: 4  5  6  7  20  2  0  44  46  45  47  1  23  22  28  29  21  15  30  31  32  33  17  37  18  3  65  8  42  13  67  25  12  64  24  54  16  26  63  27  14  60  56  62  34  57  50  38  39  35  36  51  40  43  48  59  10  41  9  52  53  19  66  55  61  11  49  58  68  69  70  71  


  ==> Energy                -164.993495205
  ==> dE                       -4.75e-05
  ==> Gradient Norm             2.47e+00
  ==> Abs. Max. Deriv.          7.83e-02
  ==> Time-Grad. (s)              46.046
  ==> Time-Energy (s)             40.385
  ==> Time-Iter. (s)              86.432

--------------------------------------------------------------------------------
CEO-ADAPT-VQE iteration: 245
--------------------------------------------------------------------------------
    gate        derivative      name       op1       op2       op3        g_unscaled   penalty
     415       -0.00304193      a_ia       415                           -0.00608386         2
     722       -0.00289334      a_ia       722                           -0.00578668         2
     381        0.00140220      a_ia       381                            0.00560881         4
     444       -0.00119631      a_ia       444                           -0.00717788         6
     793       -0.00100584      a_ia       793                           -0.00201167         2
     445       -0.00090158      a_ia       445                           -0.00180315         2
      57        0.00087981      a_ia        57                            0.00175962         2
      90        0.00087461      a_ia        90                            0.00349846         4
     350       -0.00084185      a_ia       350                           -0.00505110         6
     751       -0.00075591      a_ia       751                           -0.00151181         2

  ==> Add operator: mvp3 -1: 15187 15188 15189
  ==> Current qubit order: 4  5  6  7  20  2  0  44  46  45  47  1  23  22  28  29  21  15  30  31  32  33  17  37  18  3  65  42  13  67  25  8  12  64  60  24  54  16  26  63  27  14  56  62  34  57  50  38  39  35  36  51  40  43  48  59  10  41  9  52  53  19  66  55  61  11  49  58  68  69  70  71  


  ==> Energy                -164.993814498
  ==> dE                       -3.19e-04
  ==> Gradient Norm             2.47e+00
  ==> Abs. Max. Deriv.          7.83e-02
  ==> Time-Grad. (s)              45.832
  ==> Time-Energy (s)             30.277
  ==> Time-Iter. (s)              76.109

--------------------------------------------------------------------------------
CEO-ADAPT-VQE iteration: 246
--------------------------------------------------------------------------------
    gate        derivative      name       op1       op2       op3        g_unscaled   penalty
     722       -0.00289424      a_ia       722                           -0.00578847         2
     415       -0.00271479      a_ia       415                           -0.00542959         2
     444       -0.00180381      a_ia       444                           -0.00721523         4
     381        0.00140567      a_ia       381                            0.00562267         4
     793       -0.00101116      a_ia       793                           -0.00202233         2
     445       -0.00090437      a_ia       445                           -0.00180874         2
      57        0.00087537      a_ia        57                            0.00175074         2
      90        0.00087443      a_ia        90                            0.00349773         4
     350       -0.00083854      a_ia       350                           -0.00503123         6
     751       -0.00076351      a_ia       751                           -0.00152702         2

  ==> Add operator: a_ia 293
  ==> Current qubit order: 4  5  6  7  20  2  0  44  46  45  47  1  23  22  28  29  21  15  30  31  32  33  17  37  18  3  65  42  13  67  25  12  64  8  60  24  54  16  26  63  27  14  56  62  34  57  50  38  39  35  36  51  40  43  48  59  10  41  9  52  53  19  66  55  61  11  49  58  68  69  70  71  


  ==> Energy                -164.993816256
  ==> dE                       -1.76e-06
  ==> Gradient Norm             2.47e+00
  ==> Abs. Max. Deriv.          7.83e-02
  ==> Time-Grad. (s)              45.534
  ==> Time-Energy (s)             10.505
  ==> Time-Iter. (s)              56.040

--------------------------------------------------------------------------------
CEO-ADAPT-VQE iteration: 247
--------------------------------------------------------------------------------
    gate        derivative      name       op1       op2       op3        g_unscaled   penalty
     722       -0.00287321      a_ia       722                           -0.00574641         2
     415       -0.00269485      a_ia       415                           -0.00538969         2
     444       -0.00178939      a_ia       444                           -0.00715757         4
     381        0.00139847      a_ia       381                            0.00559387         4
     793       -0.00101479      a_ia       793                           -0.00202957         2
     445       -0.00092012      a_ia       445                           -0.00184024         2
      57        0.00088008      a_ia        57                            0.00176015         2
      90        0.00087429      a_ia        90                            0.00349716         4
     350       -0.00084093      a_ia       350                           -0.00504561         6
     751       -0.00077919      a_ia       751                           -0.00155838         2

  ==> Tried operator a_ia 295: gain -1.30e-07 (threshold 8.6e-07), removed and excluded for this stage
  ==> Add operator: mvp2 -1: 15787 15789
  ==> Current qubit order: 4  5  6  7  20  2  0  44  46  45  47  1  23  22  28  29  21  15  30  31  32  33  17  37  18  3  65  42  13  67  25  12  64  60  24  8  54  16  62  26  63  27  14  56  34  57  50  38  39  35  36  51  40  43  48  59  10  41  9  52  53  19  66  55  61  11  49  58  68  69  70  71  


  ==> Energy                -164.994264365
  ==> dE                       -4.48e-04
  ==> Gradient Norm             2.47e+00
  ==> Abs. Max. Deriv.          7.83e-02
  ==> Time-Grad. (s)              45.509
  ==> Time-Energy (s)             29.846
  ==> Time-Iter. (s)              75.355

--------------------------------------------------------------------------------
CEO-ADAPT-VQE iteration: 248
--------------------------------------------------------------------------------
    gate        derivative      name       op1       op2       op3        g_unscaled   penalty
     415       -0.00269803      a_ia       415                           -0.00539606         2
     444       -0.00178672      a_ia       444                           -0.00714690         4
     722       -0.00144554      a_ia       722                           -0.00578217         4
     381        0.00140157      a_ia       381                            0.00560627         4
     526       -0.00109589      a_ia       526                           -0.00219179         2
     793       -0.00101582      a_ia       793                           -0.00203164         2
    1191       -0.00101170      a_ia      1191                           -0.00404680         4
     445       -0.00094264      a_ia       445                           -0.00188527         2
      57        0.00088046      a_ia        57                            0.00176092         2
      90        0.00087580      a_ia        90                            0.00350318         4

  ==> Add operator: a_ia 1191
  ==> Current qubit order: 4  5  6  7  20  2  0  44  46  45  47  1  23  22  28  29  21  15  30  31  32  33  17  37  18  3  65  42  13  67  25  12  64  60  24  8  16  54  62  26  63  27  14  56  34  57  50  38  39  35  36  51  40  43  48  59  10  41  9  52  53  19  66  55  61  11  49  58  68  69  70  71  


  ==> Energy                -164.994578817
  ==> dE                       -3.14e-04
  ==> Gradient Norm             2.46e+00
  ==> Abs. Max. Deriv.          7.83e-02
  ==> Time-Grad. (s)              45.379
  ==> Time-Energy (s)             10.689
  ==> Time-Iter. (s)              56.068

--------------------------------------------------------------------------------
CEO-ADAPT-VQE iteration: 249
--------------------------------------------------------------------------------
    gate        derivative      name       op1       op2       op3        g_unscaled   penalty
     415       -0.00269538      a_ia       415                           -0.00539075         2
     444       -0.00178644      a_ia       444                           -0.00714575         4
     381        0.00139409      a_ia       381                            0.00557638         4
     793       -0.00102599      a_ia       793                           -0.00205198         2
     445       -0.00094729      a_ia       445                           -0.00189458         2
     722       -0.00094446      a_ia       722                           -0.00566673         6
      57        0.00087818      a_ia        57                            0.00175635         2
      90        0.00087700      a_ia        90                            0.00350802         4
     350       -0.00087659      a_ia       350                           -0.00525952         6
     384       -0.00079252      a_ia       384                           -0.00158504         2

  ==> Tried operator a_ia 928: gain -4.11e-07 (threshold 9.5e-07), removed and excluded for this stage
  ==> Add operator: a_ia 294
  ==> Current qubit order: 4  5  6  7  20  2  0  44  46  45  47  1  23  22  28  29  21  15  30  31  32  33  17  37  18  3  65  42  13  67  25  12  64  60  24  16  54  8  62  26  63  27  14  56  34  57  50  38  39  35  36  51  40  43  48  59  10  41  9  52  53  19  66  55  61  11  49  58  68  69  70  71  


  ==> Energy                -164.994580943
  ==> dE                       -2.13e-06
  ==> Gradient Norm             2.46e+00
  ==> Abs. Max. Deriv.          7.83e-02
  ==> Time-Grad. (s)              46.352
  ==> Time-Energy (s)             19.652
  ==> Time-Iter. (s)              66.004

--------------------------------------------------------------------------------
CEO-ADAPT-VQE iteration: 250
--------------------------------------------------------------------------------
    gate        derivative      name       op1       op2       op3        g_unscaled   penalty
     415       -0.00272136      a_ia       415                           -0.00544273         2
     444       -0.00179899      a_ia       444                           -0.00719594         4
     722       -0.00141988      a_ia       722                           -0.00567951         4
     381        0.00139953      a_ia       381                            0.00559811         4
     793       -0.00101698      a_ia       793                           -0.00203396         2
     445       -0.00091812      a_ia       445                           -0.00183624         2
      57        0.00088068      a_ia        57                            0.00176135         2
     350       -0.00087813      a_ia       350                           -0.00526880         6
      90        0.00087434      a_ia        90                            0.00349737         4
     751       -0.00077452      a_ia       751                           -0.00154903         2

  ==> Add operator: om -1: 14598 14599
  ==> Current qubit order: 4  5  6  7  20  2  0  44  46  45  47  1  23  22  28  29  21  15  30  31  32  33  17  37  18  3  65  42  13  67  25  12  64  60  24  16  54  62  26  63  27  14  56  34  57  50  38  39  35  36  51  40  43  8  9  52  53  48  59  10  41  19  66  55  61  11  49  58  68  69  70  71  


  ==> Energy                -164.995692240
  ==> dE                       -1.11e-03
  ==> Gradient Norm             2.46e+00
  ==> Abs. Max. Deriv.          7.83e-02
  ==> Time-Grad. (s)              46.430
  ==> Time-Energy (s)            329.963
  ==> Time-Iter. (s)             376.393

--------------------------------------------------------------------------------
CEO-ADAPT-VQE iteration: 251
--------------------------------------------------------------------------------
    gate        derivative      name       op1       op2       op3        g_unscaled   penalty
     415       -0.00276332      a_ia       415                           -0.00552664         2
     594       -0.00172646      a_ia       594                           -0.00345293         2
     283       -0.00163579      a_ia       283                           -0.00654314         4
     722       -0.00134847      a_ia       722                           -0.00539386         4
     444       -0.00133397      a_ia       444                           -0.00533589         4
     381        0.00130097      a_ia       381                            0.00520389         4
     281        0.00127758      a_ia       281                            0.01022066         8
     793       -0.00113564      a_ia       793                           -0.00227127         2
      90        0.00084896      a_ia        90                            0.00339585         4
     357        0.00076319      a_ia       357                            0.00457912         6

  ==> Add operator: a_ia 594
  ==> Current qubit order: 4  5  6  7  20  2  0  44  46  45  47  1  23  22  28  29  21  15  30  31  32  33  17  37  18  3  65  42  13  67  25  12  64  60  24  16  54  62  26  63  27  14  56  34  57  50  38  39  35  36  51  40  43  8  9  52  53  48  59  10  41  19  66  55  61  11  49  58  68  69  70  71  


  ==> Energy                -164.995696280
  ==> dE                       -4.04e-06
  ==> Gradient Norm             2.45e+00
  ==> Abs. Max. Deriv.          7.83e-02
  ==> Time-Grad. (s)              45.488
  ==> Time-Energy (s)             10.362
  ==> Time-Iter. (s)              55.850

--------------------------------------------------------------------------------
CEO-ADAPT-VQE iteration: 252
--------------------------------------------------------------------------------
    gate        derivative      name       op1       op2       op3        g_unscaled   penalty
     415       -0.00277806      a_ia       415                           -0.00555612         2
     283       -0.00163230      a_ia       283                           -0.00652921         4
     444       -0.00134461      a_ia       444                           -0.00537843         4
     722       -0.00134348      a_ia       722                           -0.00537391         4
     381        0.00130229      a_ia       381                            0.00520917         4
     281        0.00127801      a_ia       281                            0.01022405         8
     793       -0.00112421      a_ia       793                           -0.00224842         2
      90        0.00085070      a_ia        90                            0.00340281         4
     357        0.00076335      a_ia       357                            0.00458007         6
   61480        0.00072841        op     14576     14577                  0.04443304        61

  ==> Add operator: a_ia 283
  ==> Current qubit order: 4  5  6  7  20  2  0  44  46  45  47  1  23  22  28  29  21  15  30  31  32  33  17  37  18  3  65  42  13  67  25  12  64  60  24  16  54  62  26  63  27  14  56  34  57  50  38  39  35  36  51  43  40  8  9  52  53  48  59  10  41  19  66  55  61  11  49  58  68  69  70  71  


  ==> Energy                -164.995706724
  ==> dE                       -1.04e-05
  ==> Gradient Norm             2.45e+00
  ==> Abs. Max. Deriv.          7.83e-02
  ==> Time-Grad. (s)              45.786
  ==> Time-Energy (s)              9.704
  ==> Time-Iter. (s)              55.490

--------------------------------------------------------------------------------
CEO-ADAPT-VQE iteration: 253
--------------------------------------------------------------------------------
    gate        derivative      name       op1       op2       op3        g_unscaled   penalty
     415       -0.00284285      a_ia       415                           -0.00568570         2
     444       -0.00136914      a_ia       444                           -0.00547656         4
     722       -0.00134413      a_ia       722                           -0.00537651         4
     381        0.00131316      a_ia       381                            0.00525266         4
     281        0.00129297      a_ia       281                            0.01034374         8
     793       -0.00111224      a_ia       793                           -0.00222448         2
      90        0.00084575      a_ia        90                            0.00338299         4
     357        0.00075679      a_ia       357                            0.00454074         6
   61480        0.00072815        op     14576     14577                  0.04441743        61
   14576        0.00072748    a_iajb     14576                            0.04437614        61

  ==> Add operator: a_ia 281
  ==> Current qubit order: 4  5  6  7  20  2  0  44  46  45  47  1  23  22  28  29  21  15  30  31  32  33  17  37  18  3  65  42  13  67  25  12  64  60  24  16  54  62  26  63  27  14  56  34  57  50  38  39  35  51  43  40  36  8  9  52  53  48  59  10  41  19  66  55  61  11  49  58  68  69  70  71  


  ==> Energy                -164.995738807
  ==> dE                       -3.21e-05
  ==> Gradient Norm             2.45e+00
  ==> Abs. Max. Deriv.          7.83e-02
  ==> Time-Grad. (s)              45.581
  ==> Time-Energy (s)             10.718
  ==> Time-Iter. (s)              56.300

--------------------------------------------------------------------------------
CEO-ADAPT-VQE iteration: 254
--------------------------------------------------------------------------------
    gate        derivative      name       op1       op2       op3        g_unscaled   penalty
     415       -0.00280841      a_ia       415                           -0.00561682         2
     444       -0.00136064      a_ia       444                           -0.00544257         4
     722       -0.00134426      a_ia       722                           -0.00537704         4
     381        0.00131476      a_ia       381                            0.00525903         4
     793       -0.00112874      a_ia       793                           -0.00225747         2
      90        0.00088657      a_ia        90                            0.00354626         4
     357        0.00075782      a_ia       357                            0.00454694         6
   61480        0.00075129        op     14576     14577                  0.04432591        59
   14576        0.00075058    a_iajb     14576                            0.04428447        59
   61481        0.00074988        om     14576     14577                  0.04424302        59

  ==> Add operator: a_ia 357
  ==> Current qubit order: 4  5  6  7  20  2  0  44  46  45  47  1  23  22  28  29  21  15  30  31  32  33  17  37  18  3  65  42  13  67  25  12  64  60  24  16  54  62  26  63  27  14  56  34  57  50  38  39  35  51  43  40  36  8  9  52  53  48  59  41  19  10  66  55  61  11  49  58  68  69  70  71  


  ==> Energy                -164.995741571
  ==> dE                       -2.76e-06
  ==> Gradient Norm             2.45e+00
  ==> Abs. Max. Deriv.          7.83e-02
  ==> Time-Grad. (s)              45.608
  ==> Time-Energy (s)             10.982
  ==> Time-Iter. (s)              56.590

--------------------------------------------------------------------------------
CEO-ADAPT-VQE iteration: 255
--------------------------------------------------------------------------------
    gate        derivative      name       op1       op2       op3        g_unscaled   penalty
     415       -0.00277742      a_ia       415                           -0.00555483         2
     444       -0.00135758      a_ia       444                           -0.00543034         4
     722       -0.00134189      a_ia       722                           -0.00536755         4
     381        0.00131382      a_ia       381                            0.00525527         4
     793       -0.00113507      a_ia       793                           -0.00227015         2
      90        0.00088542      a_ia        90                            0.00354168         4
   61480        0.00075128        op     14576     14577                  0.04432560        59
   14576        0.00075058    a_iajb     14576                            0.04428413        59
   61481        0.00074988        om     14576     14577                  0.04424266        59
     134        0.00068968      a_ia       134                            0.00137937         2

  ==> Add operator: op -1: 14576 14577
  ==> Current qubit order: 4  5  6  7  20  2  0  44  46  45  47  1  23  22  28  29  21  15  30  31  32  33  17  37  18  3  65  42  13  67  25  12  64  60  24  16  54  62  26  63  27  14  56  34  57  38  39  35  50  51  8  9  43  40  36  52  53  48  59  41  19  10  66  55  61  11  49  58  68  69  70  71  


  ==> Energy                -164.995898067
  ==> dE                       -1.56e-04
  ==> Gradient Norm             2.45e+00
  ==> Abs. Max. Deriv.          7.83e-02
  ==> Time-Grad. (s)              45.612
  ==> Time-Energy (s)             10.592
  ==> Time-Iter. (s)              56.204

--------------------------------------------------------------------------------
CEO-ADAPT-VQE iteration: 256
--------------------------------------------------------------------------------
    gate        derivative      name       op1       op2       op3        g_unscaled   penalty
     415       -0.00277715      a_ia       415                           -0.00555431         2
     288        0.00138157      a_ia       288                            0.00552628         4
     444       -0.00135717      a_ia       444                           -0.00542867         4
     722       -0.00134120      a_ia       722                           -0.00536479         4
     381        0.00131367      a_ia       381                            0.00525466         4
     793       -0.00113553      a_ia       793                           -0.00227106         2
      90        0.00088532      a_ia        90                            0.00354126         4
     134        0.00068918      a_ia       134                            0.00137836         2
     928        0.00066957      a_ia       928                            0.00133914         2
   61257        0.00062559        om     14352     14353                  0.03315619        53

  ==> Add operator: a_ia 288
  ==> Current qubit order: 4  5  6  7  20  2  0  44  46  45  47  1  23  22  28  29  21  15  30  31  32  33  17  37  18  3  65  42  13  67  25  12  64  60  24  16  54  62  26  63  27  14  56  34  57  38  39  35  51  50  8  9  43  40  36  52  53  48  59  41  19  10  66  55  61  11  49  58  68  69  70  71  


  ==> Energy                -164.995904432
  ==> dE                       -6.37e-06
  ==> Gradient Norm             2.45e+00
  ==> Abs. Max. Deriv.          7.83e-02
  ==> Time-Grad. (s)              45.358
  ==> Time-Energy (s)             11.096
  ==> Time-Iter. (s)              56.454

--------------------------------------------------------------------------------
CEO-ADAPT-VQE iteration: 257
--------------------------------------------------------------------------------
    gate        derivative      name       op1       op2       op3        g_unscaled   penalty
     415       -0.00278423      a_ia       415                           -0.00556847         2
     444       -0.00136894      a_ia       444                           -0.00547575         4
     722       -0.00133639      a_ia       722                           -0.00534556         4
     381        0.00131744      a_ia       381                            0.00526977         4
     793       -0.00113183      a_ia       793                           -0.00226366         2
      90        0.00089025      a_ia        90                            0.00356101         4
     134        0.00069724      a_ia       134                            0.00139447         2
     928        0.00067441      a_ia       928                            0.00134882         2
   61257        0.00062577        om     14352     14353                  0.03316590        53
   14352        0.00062429    a_iajb     14352                            0.03308753        53

  ==> Add operator: mvp2 -1: 14352 14353
  ==> Current qubit order: 4  5  6  7  20  2  0  44  46  45  47  1  23  22  28  29  21  15  30  31  32  33  17  37  18  3  65  42  13  67  25  12  64  60  24  16  54  62  26  63  27  14  56  34  57  35  38  39  8  9  51  50  43  40  36  52  53  48  59  41  19  10  66  55  61  11  49  58  68  69  70  71  


  ==> Energy                -164.996174908
  ==> dE                       -2.70e-04
  ==> Gradient Norm             2.45e+00
  ==> Abs. Max. Deriv.          7.83e-02
  ==> Time-Grad. (s)              45.525
  ==> Time-Energy (s)             21.068
  ==> Time-Iter. (s)              66.593

--------------------------------------------------------------------------------
CEO-ADAPT-VQE iteration: 258
--------------------------------------------------------------------------------
    gate        derivative      name       op1       op2       op3        g_unscaled   penalty
     415       -0.00288270      a_ia       415                           -0.00576539         2
     282        0.00188139      a_ia       282                            0.00752557         4
     444       -0.00139268      a_ia       444                           -0.00557071         4
     722       -0.00134992      a_ia       722                           -0.00539967         4
     381        0.00131860      a_ia       381                            0.00527440         4
     313        0.00116569      a_ia       313                            0.00466276         4
     793       -0.00113746      a_ia       793                           -0.00227493         2
      90        0.00088846      a_ia        90                            0.00355384         4
     946        0.00071957      a_ia       946                            0.00143914         2
     134        0.00069351      a_ia       134                            0.00138702         2

  ==> Add operator: a_ia 282
  ==> Current qubit order: 4  5  6  7  20  2  0  44  46  45  47  1  23  22  28  29  21  15  30  31  32  33  17  37  18  3  65  42  13  67  25  12  64  60  24  16  54  62  26  63  27  14  56  34  57  35  39  38  8  9  51  50  43  40  36  52  53  48  59  41  19  10  66  55  61  11  49  58  68  69  70  71  


  ==> Energy                -164.996189611
  ==> dE                       -1.47e-05
  ==> Gradient Norm             2.45e+00
  ==> Abs. Max. Deriv.          7.83e-02
  ==> Time-Grad. (s)              45.271
  ==> Time-Energy (s)             10.526
  ==> Time-Iter. (s)              55.797

--------------------------------------------------------------------------------
CEO-ADAPT-VQE iteration: 259
--------------------------------------------------------------------------------
    gate        derivative      name       op1       op2       op3        g_unscaled   penalty
     415       -0.00284220      a_ia       415                           -0.00568440         2
     444       -0.00135621      a_ia       444                           -0.00542483         4
     722       -0.00134711      a_ia       722                           -0.00538845         4
     381        0.00130571      a_ia       381                            0.00522284         4
     793       -0.00113999      a_ia       793                           -0.00227999         2
      90        0.00089179      a_ia        90                            0.00356717         4
     313        0.00073319      a_ia       313                            0.00439915         6
     946        0.00072020      a_ia       946                            0.00144040         2
     134        0.00068970      a_ia       134                            0.00137940         2
     928        0.00067677      a_ia       928                            0.00135353         2

  ==> Add operator: a_ia 313
  ==> Current qubit order: 4  5  6  7  20  2  0  44  46  45  47  1  23  22  28  29  21  15  30  31  32  33  17  37  18  3  65  42  13  67  25  12  64  60  24  16  54  62  26  63  27  14  56  34  57  35  38  8  39  9  51  50  43  40  36  52  53  48  59  41  19  10  66  55  61  11  49  58  68  69  70  71  


  ==> Energy                -164.996194439
  ==> dE                       -4.83e-06
  ==> Gradient Norm             2.45e+00
  ==> Abs. Max. Deriv.          7.83e-02
  ==> Time-Grad. (s)              45.851
  ==> Time-Energy (s)             11.275
  ==> Time-Iter. (s)              57.126

--------------------------------------------------------------------------------
CEO-ADAPT-VQE iteration: 260
--------------------------------------------------------------------------------
    gate        derivative      name       op1       op2       op3        g_unscaled   penalty
     415       -0.00280237      a_ia       415                           -0.00560475         2
     722       -0.00134902      a_ia       722                           -0.00539609         4
     444       -0.00134534      a_ia       444                           -0.00538136         4
     381        0.00130979      a_ia       381                            0.00523917         4
     793       -0.00112961      a_ia       793                           -0.00225921         2
      90        0.00089205      a_ia        90                            0.00356821         4
     946        0.00072361      a_ia       946                            0.00144723         2
     134        0.00069407      a_ia       134                            0.00138813         2
     928        0.00067723      a_ia       928                            0.00135445         2
     319       -0.00063329      a_ia       319                           -0.00126659         2

  ==> Tried operator a_ia 946: gain -3.96e-07 (threshold 4.3e-07), removed and excluded for this stage
  ==> Tried operator a_ia 319: gain -1.94e-07 (threshold 4.3e-07), removed and excluded for this stage
  ==> Add operator: om -1: 14976 14977
  ==> Current qubit order: 4  5  6  7  20  2  0  44  46  45  47  1  23  22  28  29  21  15  30  31  32  33  17  37  18  3  65  42  13  67  25  12  64  60  24  16  54  62  26  63  27  14  56  34  57  35  38  39  9  51  50  43  40  36  8  52  53  11  48  59  41  19  10  66  55  61  49  58  68  69  70  71  


  ==> Energy                -164.996334452
  ==> dE                       -1.40e-04
  ==> Gradient Norm             2.45e+00
  ==> Abs. Max. Deriv.          7.83e-02
  ==> Time-Grad. (s)              45.693
  ==> Time-Energy (s)             32.454
  ==> Time-Iter. (s)              78.146

--------------------------------------------------------------------------------
CEO-ADAPT-VQE iteration: 261
--------------------------------------------------------------------------------
    gate        derivative      name       op1       op2       op3        g_unscaled   penalty
     415       -0.00279849      a_ia       415                           -0.00559697         2
     380       -0.00218236      a_ia       380                           -0.00436471         2
     722       -0.00134888      a_ia       722                           -0.00539551         4
     444       -0.00134362      a_ia       444                           -0.00537448         4
     793       -0.00112939      a_ia       793                           -0.00225878         2
      90        0.00089230      a_ia        90                            0.00356922         4
     946        0.00072399      a_ia       946                            0.00144799         2
     134        0.00069425      a_ia       134                            0.00138849         2
     928        0.00067753      a_ia       928                            0.00135507         2
     287        0.00064634      a_ia       287                            0.00517069         8

  ==> Add operator: a_ia 287
  ==> Current qubit order: 4  5  6  7  20  2  0  44  46  45  47  1  23  22  28  29  21  15  30  31  32  33  17  37  18  3  65  42  13  67  25  12  64  60  24  16  54  62  26  63  27  14  56  34  57  35  38  39  9  51  50  43  40  36  52  53  11  8  48  59  41  19  10  66  55  61  49  58  68  69  70  71  


  ==> Energy                -164.996339487
  ==> dE                       -5.04e-06
  ==> Gradient Norm             2.45e+00
  ==> Abs. Max. Deriv.          7.83e-02
  ==> Time-Grad. (s)              45.822
  ==> Time-Energy (s)             11.682
  ==> Time-Iter. (s)              57.505

--------------------------------------------------------------------------------
CEO-ADAPT-VQE iteration: 262
--------------------------------------------------------------------------------
    gate        derivative      name       op1       op2       op3        g_unscaled   penalty
     415       -0.00279920      a_ia       415                           -0.00559840         2
     380       -0.00217789      a_ia       380                           -0.00435578         2
     722       -0.00134848      a_ia       722                           -0.00539391         4
     444       -0.00134480      a_ia       444                           -0.00537920         4
     793       -0.00113156      a_ia       793                           -0.00226312         2
      90        0.00089318      a_ia        90                            0.00357272         4
     946        0.00072606      a_ia       946                            0.00145212         2
     134        0.00069863      a_ia       134                            0.00139725         2
     928        0.00067510      a_ia       928                            0.00135021         2
     319       -0.00065406      a_ia       319                           -0.00130812         2

  ==> Add operator: a_ia 353
  ==> Current qubit order: 4  5  6  7  20  2  0  44  46  45  47  1  23  22  28  29  21  15  30  31  32  33  17  37  18  3  65  42  13  67  25  12  64  60  24  16  54  62  26  63  27  14  56  34  57  35  38  39  9  51  50  43  40  36  52  53  11  8  48  59  41  19  66  55  61  49  10  58  68  69  70  71  


  ==> Energy                -164.996344337
  ==> dE                       -4.85e-06
  ==> Gradient Norm             2.45e+00
  ==> Abs. Max. Deriv.          7.83e-02
  ==> Time-Grad. (s)              45.640
  ==> Time-Energy (s)             11.352
  ==> Time-Iter. (s)              56.991

--------------------------------------------------------------------------------
CEO-ADAPT-VQE iteration: 263
--------------------------------------------------------------------------------
    gate        derivative      name       op1       op2       op3        g_unscaled   penalty
     415       -0.00281489      a_ia       415                           -0.00562978         2
     380       -0.00216752      a_ia       380                           -0.00433504         2
     722       -0.00134803      a_ia       722                           -0.00539212         4
     444       -0.00134665      a_ia       444                           -0.00538658         4
     793       -0.00111313      a_ia       793                           -0.00222627         2
      90        0.00088533      a_ia        90                            0.00354134         4
     946        0.00072602      a_ia       946                            0.00145204         2
     134        0.00069746      a_ia       134                            0.00139492         2
     928        0.00066287      a_ia       928                            0.00132574         2
     319       -0.00064415      a_ia       319                           -0.00128830         2

  ==> Add operator: mvp2 -1: 29121 29122
  ==> Current qubit order: 4  5  6  7  20  2  0  44  46  45  47  1  23  22  28  29  21  15  30  31  32  33  17  37  3  65  42  18  13  67  60  25  12  64  24  16  54  62  26  63  27  14  56  34  57  35  38  39  9  51  50  43  40  36  52  53  11  8  48  59  41  19  66  55  61  49  10  58  68  69  70  71  


  ==> Energy                -164.996452277
  ==> dE                       -1.08e-04
  ==> Gradient Norm             2.45e+00
  ==> Abs. Max. Deriv.          7.83e-02
  ==> Time-Grad. (s)              45.861
  ==> Time-Energy (s)             21.575
  ==> Time-Iter. (s)              67.437

--------------------------------------------------------------------------------
CEO-ADAPT-VQE iteration: 264
--------------------------------------------------------------------------------
    gate        derivative      name       op1       op2       op3        g_unscaled   penalty
     415       -0.00280650      a_ia       415                           -0.00561300         2
     380       -0.00216805      a_ia       380                           -0.00433610         2
     722       -0.00134882      a_ia       722                           -0.00539530         4
     793       -0.00111915      a_ia       793                           -0.00223830         2
      90        0.00088510      a_ia        90                            0.00354039         4
     444       -0.00080480      a_ia       444                           -0.00482879         6
     569        0.00074068      a_ia       569                            0.00148136         2
     946        0.00072690      a_ia       946                            0.00145381         2
     134        0.00069776      a_ia       134                            0.00139552         2
     928        0.00066194      a_ia       928                            0.00132389         2

  ==> Add operator: a_ia 569
  ==> Current qubit order: 4  5  6  7  20  2  0  44  46  45  47  1  23  22  28  29  21  15  30  31  32  33  17  37  3  65  42  18  13  67  60  25  12  64  24  16  54  62  26  63  27  14  56  34  57  35  38  39  9  51  50  43  40  36  52  53  11  8  48  59  41  19  66  55  61  49  10  58  68  69  70  71  


  ==> Energy                -164.996452868
  ==> dE                       -5.91e-07
  ==> Gradient Norm             2.45e+00
  ==> Abs. Max. Deriv.          7.83e-02
  ==> Time-Grad. (s)              45.712
  ==> Time-Energy (s)             11.689
  ==> Time-Iter. (s)              57.401

--------------------------------------------------------------------------------
CEO-ADAPT-VQE iteration: 265
--------------------------------------------------------------------------------
    gate        derivative      name       op1       op2       op3        g_unscaled   penalty
     415       -0.00280929      a_ia       415                           -0.00561858         2
     380       -0.00216184      a_ia       380                           -0.00432369         2
     722       -0.00135434      a_ia       722                           -0.00541737         4
     793       -0.00111554      a_ia       793                           -0.00223109         2
      90        0.00088511      a_ia        90                            0.00354043         4
     444       -0.00080061      a_ia       444                           -0.00480369         6
     946        0.00072761      a_ia       946                            0.00145521         2
     134        0.00069755      a_ia       134                            0.00139510         2
     928        0.00066458      a_ia       928                            0.00132916         2
     319       -0.00063509      a_ia       319                           -0.00127019         2

  ==> Add operator: mvp2 -1: 16533 16534
  ==> Current qubit order: 4  5  6  7  20  2  0  44  46  45  47  1  23  22  28  29  21  15  30  31  32  33  17  37  3  65  42  18  13  67  60  25  12  64  24  16  54  62  26  63  27  14  56  34  57  35  38  39  9  51  50  43  40  36  52  53  11  48  8  59  19  66  41  55  61  49  10  58  68  69  70  71  


  ==> Energy                -164.996828976
  ==> dE                       -3.76e-04
  ==> Gradient Norm             2.45e+00
  ==> Abs. Max. Deriv.          7.83e-02
  ==> Time-Grad. (s)              45.579
  ==> Time-Energy (s)             19.401
  ==> Time-Iter. (s)              64.980

--------------------------------------------------------------------------------
CEO-ADAPT-VQE iteration: 266
--------------------------------------------------------------------------------
    gate        derivative      name       op1       op2       op3        g_unscaled   penalty
     415       -0.00282679      a_ia       415                           -0.00565357         2
     380       -0.00217175      a_ia       380                           -0.00434349         2
     722       -0.00135643      a_ia       722                           -0.00542572         4
     793       -0.00111141      a_ia       793                           -0.00222282         2
      90        0.00088507      a_ia        90                            0.00354028         4
     444       -0.00079908      a_ia       444                           -0.00479447         6
     946        0.00072774      a_ia       946                            0.00145548         2
     134        0.00070994      a_ia       134                            0.00141988         2
     928        0.00066699      a_ia       928                            0.00133399         2
     319       -0.00063630      a_ia       319                           -0.00127261         2

  ==> Add operator: a_ia 296
  ==> Current qubit order: 4  5  6  7  20  2  0  44  46  45  47  1  23  22  28  29  21  15  30  31  32  33  17  37  3  65  42  18  13  67  60  25  12  64  24  16  54  62  26  63  27  14  56  34  57  35  38  39  9  51  50  43  40  36  52  53  11  48  59  19  8  66  41  55  61  49  10  58  68  69  70  71  


  ==> Energy                -164.996831425
  ==> dE                       -2.45e-06
  ==> Gradient Norm             2.45e+00
  ==> Abs. Max. Deriv.          7.83e-02
  ==> Time-Grad. (s)              45.771
  ==> Time-Energy (s)             10.303
  ==> Time-Iter. (s)              56.075

--------------------------------------------------------------------------------
CEO-ADAPT-VQE iteration: 267
--------------------------------------------------------------------------------
    gate        derivative      name       op1       op2       op3        g_unscaled   penalty
     415       -0.00285396      a_ia       415                           -0.00570793         2
     380       -0.00216500      a_ia       380                           -0.00432999         2
     722       -0.00136339      a_ia       722                           -0.00545358         4
     793       -0.00109982      a_ia       793                           -0.00219964         2
      90        0.00088182      a_ia        90                            0.00352730         4
     444       -0.00080016      a_ia       444                           -0.00480093         6
     946        0.00072819      a_ia       946                            0.00145637         2
     134        0.00070349      a_ia       134                            0.00140699         2
     928        0.00066649      a_ia       928                            0.00133297         2
     319       -0.00063729      a_ia       319                           -0.00127458         2

  ==> Add operator: mvp2 -1: 39790 39791
  ==> Current qubit order: 4  5  6  7  20  2  0  44  46  45  47  1  23  22  28  29  21  15  30  31  32  33  17  37  3  65  42  18  13  67  60  25  12  64  24  16  54  62  63  27  14  56  34  57  35  38  39  9  51  50  43  40  36  26  19  66  55  52  53  11  48  59  8  41  61  49  10  58  68  69  70  71  


  ==> Energy                -164.998070005
  ==> dE                       -1.24e-03
  ==> Gradient Norm             2.45e+00
  ==> Abs. Max. Deriv.          7.83e-02
  ==> Time-Grad. (s)              45.826
  ==> Time-Energy (s)             19.825
  ==> Time-Iter. (s)              65.651

--------------------------------------------------------------------------------
CEO-ADAPT-VQE iteration: 268
--------------------------------------------------------------------------------
    gate        derivative      name       op1       op2       op3        g_unscaled   penalty
     415       -0.00280842      a_ia       415                           -0.00561684         2
     380       -0.00217836      a_ia       380                           -0.00435671         2
     722       -0.00137445      a_ia       722                           -0.00549779         4
     773       -0.00131587      a_ia       773                           -0.00526348         4
     793       -0.00112183      a_ia       793                           -0.00224366         2
     760       -0.00110614      a_ia       760                           -0.00442455         4
      90        0.00088168      a_ia        90                            0.00352673         4
     381        0.00087646      a_ia       381                            0.00525878         6
     444       -0.00080621      a_ia       444                           -0.00483728         6
   94364        0.00076991        op     39744     39745                  0.03772538        49

  ==> Add operator: a_ia 773
  ==> Current qubit order: 4  5  6  7  20  2  0  44  46  45  47  1  23  22  28  29  21  15  30  31  32  33  17  37  3  65  42  18  13  67  60  25  12  64  24  16  54  62  63  27  14  56  34  57  35  38  39  9  51  50  43  40  36  19  26  66  55  52  53  11  48  59  8  41  61  49  10  58  68  69  70  71  


  ==> Energy                -164.998074528
  ==> dE                       -4.52e-06
  ==> Gradient Norm             2.43e+00
  ==> Abs. Max. Deriv.          7.83e-02
  ==> Time-Grad. (s)              45.825
  ==> Time-Energy (s)             11.123
  ==> Time-Iter. (s)              56.947

--------------------------------------------------------------------------------
CEO-ADAPT-VQE iteration: 269
--------------------------------------------------------------------------------
    gate        derivative      name       op1       op2       op3        g_unscaled   penalty
     415       -0.00290094      a_ia       415                           -0.00580188         2
     380       -0.00217540      a_ia       380                           -0.00435080         2
     722       -0.00137763      a_ia       722                           -0.00551052         4
     793       -0.00110931      a_ia       793                           -0.00221861         2
      90        0.00087965      a_ia        90                            0.00351860         4
     381        0.00087255      a_ia       381                            0.00523533         6
     444       -0.00078284      a_ia       444                           -0.00469706         6
     760       -0.00073966      a_ia       760                           -0.00443796         6
     946        0.00072642      a_ia       946                            0.00145285         2
     134        0.00071105      a_ia       134                            0.00142211         2

  ==> Add operator: a_ia 760
  ==> Current qubit order: 4  5  6  7  20  2  0  44  46  45  47  1  23  22  28  29  21  15  30  31  32  33  17  37  3  65  42  18  13  67  60  25  12  64  24  16  54  62  63  27  14  56  34  57  35  38  39  9  51  50  43  36  19  40  26  66  55  52  53  11  48  59  8  41  61  49  10  58  68  69  70  71  


  ==> Energy                -164.998080750
  ==> dE                       -6.22e-06
  ==> Gradient Norm             2.43e+00
  ==> Abs. Max. Deriv.          7.83e-02
  ==> Time-Grad. (s)              45.921
  ==> Time-Energy (s)             11.154
  ==> Time-Iter. (s)              57.075

--------------------------------------------------------------------------------
CEO-ADAPT-VQE iteration: 270
--------------------------------------------------------------------------------
    gate        derivative      name       op1       op2       op3        g_unscaled   penalty
     415       -0.00289819      a_ia       415                           -0.00579638         2
     380       -0.00217627      a_ia       380                           -0.00435255         2
     722       -0.00135239      a_ia       722                           -0.00540954         4
     793       -0.00109375      a_ia       793                           -0.00218749         2
      90        0.00087859      a_ia        90                            0.00351435         4
     381        0.00086972      a_ia       381                            0.00521831         6
     444       -0.00076741      a_ia       444                           -0.00460446         6
   94270       -0.00073364        op     39650     39651                 -0.03154665        43
     946        0.00072690      a_ia       946                            0.00145379         2
     134        0.00072029      a_ia       134                            0.00144059         2

  ==> Add operator: mvp2 -1: 39650 39651
  ==> Current qubit order: 4  5  6  7  20  2  0  44  46  45  47  1  23  22  28  29  21  15  30  31  32  33  17  37  3  65  42  18  13  67  60  25  12  64  24  16  54  62  63  27  14  56  34  57  35  38  39  9  51  50  43  36  19  40  26  55  66  52  53  11  48  59  8  41  61  49  10  58  68  69  70  71  


  ==> Energy                -164.998682605
  ==> dE                       -6.02e-04
  ==> Gradient Norm             2.43e+00
  ==> Abs. Max. Deriv.          7.83e-02
  ==> Time-Grad. (s)              45.519
  ==> Time-Energy (s)             22.041
  ==> Time-Iter. (s)              67.560

--------------------------------------------------------------------------------
CEO-ADAPT-VQE iteration: 271
--------------------------------------------------------------------------------
    gate        derivative      name       op1       op2       op3        g_unscaled   penalty
     415       -0.00292556      a_ia       415                           -0.00585112         2
     380       -0.00219038      a_ia       380                           -0.00438077         2
     722       -0.00133174      a_ia       722                           -0.00532694         4
     793       -0.00110388      a_ia       793                           -0.00220776         2
     760        0.00090224      a_ia       760                            0.00180447         2
      90        0.00087809      a_ia        90                            0.00351237         4
     444       -0.00077854      a_ia       444                           -0.00467123         6
     766        0.00075023      a_ia       766                            0.00450136         6
     134        0.00074582      a_ia       134                            0.00149164         2
     946        0.00072822      a_ia       946                            0.00145643         2

  ==> Add operator: a_ia 766
  ==> Current qubit order: 4  5  6  7  20  2  0  44  46  45  47  1  23  22  28  29  21  15  30  31  32  33  17  37  3  65  42  18  13  67  60  25  12  64  24  16  54  62  63  27  14  56  34  57  35  38  39  9  51  50  43  36  19  40  55  66  26  52  53  11  48  59  8  41  61  49  10  58  68  69  70  71  


  ==> Energy                -164.998686169
  ==> dE                       -3.56e-06
  ==> Gradient Norm             2.43e+00
  ==> Abs. Max. Deriv.          7.83e-02
  ==> Time-Grad. (s)              45.535
  ==> Time-Energy (s)             10.993
  ==> Time-Iter. (s)              56.529

--------------------------------------------------------------------------------
CEO-ADAPT-VQE iteration: 272
--------------------------------------------------------------------------------
    gate        derivative      name       op1       op2       op3        g_unscaled   penalty
     415       -0.00292574      a_ia       415                           -0.00585149         2
     380       -0.00218358      a_ia       380                           -0.00436715         2
     722       -0.00133092      a_ia       722                           -0.00532369         4
     793       -0.00110358      a_ia       793                           -0.00220715         2
      90        0.00087964      a_ia        90                            0.00351856         4
     444       -0.00077247      a_ia       444                           -0.00463480         6
     134        0.00074403      a_ia       134                            0.00148807         2
     946        0.00072940      a_ia       946                            0.00145880         2
     928        0.00065968      a_ia       928                            0.00131936         2
     319       -0.00065244      a_ia       319                           -0.00130487         2

  ==> Add operator: mvp2 -1: 39744 39745
  ==> Current qubit order: 4  5  6  7  20  2  0  44  46  45  47  1  23  22  28  29  21  15  30  31  32  33  17  37  3  65  42  18  13  67  60  25  12  64  24  16  54  62  63  27  14  56  34  57  35  38  39  9  51  43  36  40  50  19  55  26  66  52  53  11  48  59  8  41  61  49  10  58  68  69  70  71  


  ==> Energy                -164.999198988
  ==> dE                       -5.13e-04
  ==> Gradient Norm             2.43e+00
  ==> Abs. Max. Deriv.          7.83e-02
  ==> Time-Grad. (s)              45.634
  ==> Time-Energy (s)             21.242
  ==> Time-Iter. (s)              66.877

--------------------------------------------------------------------------------
CEO-ADAPT-VQE iteration: 273
--------------------------------------------------------------------------------
    gate        derivative      name       op1       op2       op3        g_unscaled   penalty
     415       -0.00291793      a_ia       415                           -0.00583586         2
     380       -0.00219335      a_ia       380                           -0.00438670         2
     722       -0.00133477      a_ia       722                           -0.00533909         4
     793       -0.00111609      a_ia       793                           -0.00223218         2
     601        0.00097808      a_ia       601                            0.00195617         2
      90        0.00087878      a_ia        90                            0.00351512         4
     444       -0.00077094      a_ia       444                           -0.00462563         6
     134        0.00075982      a_ia       134                            0.00151964         2
     946        0.00073007      a_ia       946                            0.00146015         2
     928        0.00065462      a_ia       928                            0.00130925         2

  ==> Add operator: a_ia 292
  ==> Current qubit order: 4  5  6  7  20  2  0  44  46  45  47  1  23  22  28  29  21  15  30  31  32  33  17  37  3  65  42  18  13  67  60  25  12  64  24  16  54  62  63  27  14  56  34  57  35  38  39  9  51  43  36  40  50  19  55  26  66  52  53  11  48  59  41  61  49  10  8  58  68  69  70  71  


  ==> Energy                -164.999203019
  ==> dE                       -4.03e-06
  ==> Gradient Norm             2.43e+00
  ==> Abs. Max. Deriv.          7.83e-02
  ==> Time-Grad. (s)              45.898
  ==> Time-Energy (s)             11.063
  ==> Time-Iter. (s)              56.961

--------------------------------------------------------------------------------
CEO-ADAPT-VQE iteration: 274
--------------------------------------------------------------------------------
    gate        derivative      name       op1       op2       op3        g_unscaled   penalty
     415       -0.00288630      a_ia       415                           -0.00577260         2
     380       -0.00219929      a_ia       380                           -0.00439858         2
     268       -0.00143796      a_ia       268                           -0.00287592         2
     722       -0.00134593      a_ia       722                           -0.00538373         4
     793       -0.00112321      a_ia       793                           -0.00224642         2
     601        0.00094892      a_ia       601                            0.00189785         2
      90        0.00087932      a_ia        90                            0.00351729         4
     444       -0.00076316      a_ia       444                           -0.00457897         6
     134        0.00076224      a_ia       134                            0.00152448         2
     297       -0.00075743      a_ia       297                           -0.00302971         4

  ==> Add operator: a_ia 268
  ==> Current qubit order: 4  5  6  7  20  2  0  44  46  45  47  1  23  22  28  29  21  15  30  31  32  33  17  37  3  65  42  18  13  67  60  25  12  64  24  16  54  62  63  27  14  56  34  57  35  38  39  9  51  43  36  40  50  19  55  26  66  52  53  11  48  59  41  61  49  10  8  58  68  69  70  71  


  ==> Energy                -164.999346793
  ==> dE                       -1.44e-04
  ==> Gradient Norm             2.43e+00
  ==> Abs. Max. Deriv.          7.83e-02
  ==> Time-Grad. (s)              45.858
  ==> Time-Energy (s)             11.304
  ==> Time-Iter. (s)              57.162

--------------------------------------------------------------------------------
CEO-ADAPT-VQE iteration: 275
--------------------------------------------------------------------------------
    gate        derivative      name       op1       op2       op3        g_unscaled   penalty
     415       -0.00284556      a_ia       415                           -0.00569111         2
     380       -0.00220347      a_ia       380                           -0.00440694         2
     722       -0.00135240      a_ia       722                           -0.00540960         4
     793       -0.00112174      a_ia       793                           -0.00224347         2
     601        0.00094579      a_ia       601                            0.00189158         2
      90        0.00087914      a_ia        90                            0.00351657         4
     297       -0.00079145      a_ia       297                           -0.00316581         4
     134        0.00075854      a_ia       134                            0.00151708         2
     444       -0.00075757      a_ia       444                           -0.00454545         6
     946        0.00073418      a_ia       946                            0.00146835         2

  ==> Add operator: a_ia 297
  ==> Current qubit order: 4  5  6  7  20  2  0  44  46  45  47  1  23  22  28  29  21  15  30  31  32  33  17  37  3  65  42  18  13  67  60  25  12  64  24  16  54  62  63  27  14  56  34  57  35  38  39  9  51  43  36  40  50  19  55  26  66  52  53  11  48  59  41  61  49  10  58  8  68  69  70  71  


  ==> Energy                -165.000026006
  ==> dE                       -6.79e-04
  ==> Gradient Norm             2.43e+00
  ==> Abs. Max. Deriv.          7.83e-02
  ==> Time-Grad. (s)              46.096
  ==> Time-Energy (s)            552.513
  ==> Time-Iter. (s)             598.609

--------------------------------------------------------------------------------
CEO-ADAPT-VQE iteration: 276
--------------------------------------------------------------------------------
    gate        derivative      name       op1       op2       op3        g_unscaled   penalty
     415       -0.00229097      a_ia       415                           -0.00458195         2
     380       -0.00226685      a_ia       380                           -0.00453370         2
     722       -0.00131199      a_ia       722                           -0.00524796         4
     793       -0.00117168      a_ia       793                           -0.00234336         2
      90        0.00089363      a_ia        90                            0.00357452         4
     134        0.00080717      a_ia       134                            0.00161433         2
     601        0.00075278      a_ia       601                            0.00150556         2
     444       -0.00073212      a_ia       444                           -0.00439270         6
     928        0.00073154      a_ia       928                            0.00146308         2
     522        0.00070868      a_ia       522                            0.00141736         2

  ==> Add operator: a_ia 298
  ==> Current qubit order: 4  5  6  7  20  2  0  44  46  45  47  1  23  22  28  29  21  15  30  31  32  33  17  37  3  65  42  18  13  67  60  25  12  64  24  16  54  62  63  27  14  56  34  57  35  38  39  9  51  43  36  40  50  19  55  26  66  52  53  11  48  59  41  61  49  10  58  68  69  8  70  71  


  ==> Energy                -165.000027045
  ==> dE                       -1.04e-06
  ==> Gradient Norm             2.42e+00
  ==> Abs. Max. Deriv.          7.83e-02
  ==> Time-Grad. (s)              46.185
  ==> Time-Energy (s)             10.885
  ==> Time-Iter. (s)              57.071

--------------------------------------------------------------------------------
CEO-ADAPT-VQE iteration: 277
--------------------------------------------------------------------------------
    gate        derivative      name       op1       op2       op3        g_unscaled   penalty
     415       -0.00228589      a_ia       415                           -0.00457179         2
     380       -0.00226905      a_ia       380                           -0.00453810         2
     722       -0.00131092      a_ia       722                           -0.00524368         4
     793       -0.00117298      a_ia       793                           -0.00234597         2
      90        0.00089340      a_ia        90                            0.00357362         4
     134        0.00080199      a_ia       134                            0.00160398         2
     601        0.00075384      a_ia       601                            0.00150768         2
     928        0.00073306      a_ia       928                            0.00146612         2
     444       -0.00073201      a_ia       444                           -0.00439205         6
     522        0.00070904      a_ia       522                            0.00141808         2

  ==> Add operator: op -1: 21274 21275
  ==> Current qubit order: 4  5  6  7  20  2  0  44  46  45  47  1  23  22  28  29  21  15  30  31  32  33  17  37  3  65  42  18  13  67  60  25  12  64  24  16  54  62  63  27  14  56  34  57  35  38  39  9  51  43  36  40  50  19  55  26  66  52  53  48  59  41  61  49  11  10  68  69  58  8  70  71  


  ==> Energy                -165.000047342
  ==> dE                       -2.03e-05
  ==> Gradient Norm             2.42e+00
  ==> Abs. Max. Deriv.          7.83e-02
  ==> Time-Grad. (s)              46.144
  ==> Time-Energy (s)             10.732
  ==> Time-Iter. (s)              56.876

--------------------------------------------------------------------------------
CEO-ADAPT-VQE iteration: 278
--------------------------------------------------------------------------------
    gate        derivative      name       op1       op2       op3        g_unscaled   penalty
     415       -0.00228592      a_ia       415                           -0.00457185         2
     722       -0.00131092      a_ia       722                           -0.00524368         4
     793       -0.00117292      a_ia       793                           -0.00234584         2
      90        0.00089339      a_ia        90                            0.00357354         4
     134        0.00080197      a_ia       134                            0.00160394         2
     358        0.00075534      a_ia       358                            0.00151069         2
     601        0.00075385      a_ia       601                            0.00150771         2
     928        0.00073302      a_ia       928                            0.00146604         2
     444       -0.00073201      a_ia       444                           -0.00439206         6
     522        0.00070898      a_ia       522                            0.00141796         2

  ==> Add operator: a_ia 358
  ==> Current qubit order: 4  5  6  7  20  2  0  44  46  45  47  1  23  22  28  29  21  15  30  31  32  33  17  37  3  65  42  18  13  67  60  25  12  64  24  16  54  62  63  27  14  56  34  57  35  38  39  9  51  43  36  40  50  19  55  26  66  52  53  48  59  41  61  49  11  10  68  69  58  8  70  71  


  ==> Energy                -165.000047566
  ==> dE                       -2.23e-07
  ==> Gradient Norm             2.42e+00
  ==> Abs. Max. Deriv.          7.80e-02
  ==> Time-Grad. (s)              46.176
  ==> Time-Energy (s)             11.130
  ==> Time-Iter. (s)              57.306

--------------------------------------------------------------------------------
CEO-ADAPT-VQE iteration: 279
--------------------------------------------------------------------------------
    gate        derivative      name       op1       op2       op3        g_unscaled   penalty
     415       -0.00228533      a_ia       415                           -0.00457066         2
     722       -0.00131102      a_ia       722                           -0.00524407         4
     793       -0.00117213      a_ia       793                           -0.00234426         2
      90        0.00089229      a_ia        90                            0.00356915         4
     134        0.00080116      a_ia       134                            0.00160233         2
     601        0.00075067      a_ia       601                            0.00150134         2
     928        0.00073342      a_ia       928                            0.00146683         2
     444       -0.00073121      a_ia       444                           -0.00438727         6
     522        0.00070886      a_ia       522                            0.00141773         2
     946        0.00069717      a_ia       946                            0.00139434         2

  ==> Add operator: mvp2 -1: 21248 21249
  ==> Current qubit order: 4  5  6  7  20  2  0  44  46  45  47  1  23  22  28  29  21  15  30  31  32  33  17  37  3  65  42  18  13  67  60  25  12  64  24  16  54  62  63  27  14  56  34  57  35  38  39  9  51  43  36  40  50  19  55  26  66  52  53  48  41  61  49  59  11  10  58  68  69  8  70  71  


  ==> Energy                -165.000143897
  ==> dE                       -9.63e-05
  ==> Gradient Norm             2.42e+00
  ==> Abs. Max. Deriv.          7.80e-02
  ==> Time-Grad. (s)              46.325
  ==> Time-Energy (s)             21.340
  ==> Time-Iter. (s)              67.665

--------------------------------------------------------------------------------
CEO-ADAPT-VQE iteration: 280
--------------------------------------------------------------------------------
    gate        derivative      name       op1       op2       op3        g_unscaled   penalty
     415       -0.00227863      a_ia       415                           -0.00455726         2
     722       -0.00131215      a_ia       722                           -0.00524859         4
     383        0.00125098      a_ia       383                            0.00250196         2
     793       -0.00119312      a_ia       793                           -0.00238624         2
     353       -0.00091831      a_ia       353                           -0.00183663         2
      90        0.00089777      a_ia        90                            0.00359108         4
     134        0.00080204      a_ia       134                            0.00160408         2
     601        0.00075337      a_ia       601                            0.00150674         2
     928        0.00073962      a_ia       928                            0.00147925         2
     444       -0.00073247      a_ia       444                           -0.00439483         6

  ==> Add operator: a_ia 383
  ==> Current qubit order: 4  5  6  7  20  2  0  44  46  45  47  1  23  22  28  29  21  15  30  31  32  33  17  37  3  65  42  18  13  67  60  25  12  64  24  16  54  62  63  27  14  56  34  57  35  38  39  9  51  43  36  40  50  19  55  26  66  52  53  48  41  61  49  59  11  10  58  68  69  8  70  71  


  ==> Energy                -165.000144313
  ==> dE                       -4.16e-07
  ==> Gradient Norm             2.42e+00
  ==> Abs. Max. Deriv.          7.80e-02
  ==> Time-Grad. (s)              46.333
  ==> Time-Energy (s)             10.520
  ==> Time-Iter. (s)              56.853

--------------------------------------------------------------------------------
CEO-ADAPT-VQE iteration: 281
--------------------------------------------------------------------------------
    gate        derivative      name       op1       op2       op3        g_unscaled   penalty
     415       -0.00227754      a_ia       415                           -0.00455508         2
     722       -0.00131126      a_ia       722                           -0.00524502         4
     793       -0.00118673      a_ia       793                           -0.00237346         2
     353       -0.00093380      a_ia       353                           -0.00186760         2
      90        0.00089636      a_ia        90                            0.00358545         4
     134        0.00080153      a_ia       134                            0.00160306         2
     601        0.00075714      a_ia       601                            0.00151427         2
     928        0.00073966      a_ia       928                            0.00147932         2
     444       -0.00073081      a_ia       444                           -0.00438488         6
     522        0.00072752      a_ia       522                            0.00145504         2

  ==> Add operator: a_ia 353
  ==> Current qubit order: 4  5  6  7  20  2  0  44  46  45  47  1  23  22  28  29  21  15  30  31  32  33  17  37  3  65  42  18  13  67  60  25  12  64  24  16  54  62  63  27  14  56  34  57  35  38  39  9  51  43  36  40  50  19  55  26  66  52  53  48  41  61  49  59  11  10  58  68  69  8  70  71  


  ==> Energy                -165.000145426
  ==> dE                       -1.11e-06
  ==> Gradient Norm             2.42e+00
  ==> Abs. Max. Deriv.          7.80e-02
  ==> Time-Grad. (s)              46.285
  ==> Time-Energy (s)             10.708
  ==> Time-Iter. (s)              56.992

--------------------------------------------------------------------------------
CEO-ADAPT-VQE iteration: 282
--------------------------------------------------------------------------------
    gate        derivative      name       op1       op2       op3        g_unscaled   penalty
     415       -0.00228579      a_ia       415                           -0.00457157         2
     722       -0.00131102      a_ia       722                           -0.00524407         4
     793       -0.00117767      a_ia       793                           -0.00235533         2
      90        0.00089230      a_ia        90                            0.00356920         4
     134        0.00080093      a_ia       134                            0.00160186         2
     601        0.00074735      a_ia       601                            0.00149470         2
     928        0.00073332      a_ia       928                            0.00146664         2
     444       -0.00073145      a_ia       444                           -0.00438870         6
     522        0.00070939      a_ia       522                            0.00141879         2
     946        0.00069934      a_ia       946                            0.00139868         2

  ==> Add operator: mvp2 -1: 28770 28771
  ==> Current qubit order: 4  5  6  7  20  2  0  44  46  45  47  1  23  22  28  29  21  15  30  31  32  33  17  37  3  65  42  18  13  67  60  16  25  12  64  24  54  62  63  27  14  56  34  57  35  38  39  9  51  43  36  40  50  19  55  26  66  52  53  48  41  61  49  59  11  10  58  68  69  8  70  71  


  ==> Energy                -165.000328885
  ==> dE                       -1.83e-04
  ==> Gradient Norm             2.42e+00
  ==> Abs. Max. Deriv.          7.80e-02
  ==> Time-Grad. (s)              46.639
  ==> Time-Energy (s)             22.692
  ==> Time-Iter. (s)              69.332

--------------------------------------------------------------------------------
CEO-ADAPT-VQE iteration: 283
--------------------------------------------------------------------------------
    gate        derivative      name       op1       op2       op3        g_unscaled   penalty
     722       -0.00263032      a_ia       722                           -0.00526064         2
     415       -0.00229107      a_ia       415                           -0.00458214         2
     793       -0.00116522      a_ia       793                           -0.00233044         2
      90        0.00089244      a_ia        90                            0.00356975         4
     444       -0.00082428      a_ia       444                           -0.00494566         6
     134        0.00079977      a_ia       134                            0.00159953         2
     928        0.00073543      a_ia       928                            0.00147086         2
     601        0.00073415      a_ia       601                            0.00146829         2
     946        0.00069984      a_ia       946                            0.00139967         2
     525       -0.00065191      a_ia       525                           -0.00130382         2

  ==> Add operator: a_ia 525
  ==> Current qubit order: 4  5  6  7  20  2  0  44  46  45  47  1  23  22  28  29  21  15  30  31  32  33  17  37  3  65  42  18  13  67  60  16  25  12  64  24  54  62  63  27  14  56  34  57  35  38  39  9  51  43  36  40  50  19  55  26  66  52  53  48  41  61  49  59  11  10  58  68  69  8  70  71  


  ==> Energy                -165.000329031
  ==> dE                       -1.46e-07
  ==> Gradient Norm             2.42e+00
  ==> Abs. Max. Deriv.          7.80e-02
  ==> Time-Grad. (s)              46.457
  ==> Time-Energy (s)             10.875
  ==> Time-Iter. (s)              57.331

--------------------------------------------------------------------------------
CEO-ADAPT-VQE iteration: 284
--------------------------------------------------------------------------------
    gate        derivative      name       op1       op2       op3        g_unscaled   penalty
     722       -0.00263551      a_ia       722                           -0.00527102         2
     415       -0.00228072      a_ia       415                           -0.00456143         2
     793       -0.00116498      a_ia       793                           -0.00232997         2
      90        0.00089257      a_ia        90                            0.00357030         4
     444       -0.00082062      a_ia       444                           -0.00492371         6
     134        0.00079953      a_ia       134                            0.00159905         2
     928        0.00073691      a_ia       928                            0.00147383         2
     601        0.00071848      a_ia       601                            0.00143696         2
     946        0.00070020      a_ia       946                            0.00140040         2
   79980        0.00047291        op     28768     28769                  0.02884723        61

  ==> Add operator: mvp2 -1: 28768 28769
  ==> Current qubit order: 4  5  6  7  20  2  0  44  46  45  47  1  23  22  28  29  21  15  30  31  32  33  17  37  3  42  65  13  60  16  18  67  25  12  64  24  54  62  63  27  14  56  34  57  35  38  39  9  51  43  36  40  50  19  55  26  66  52  53  48  41  61  49  59  11  10  58  68  69  8  70  71  


  ==> Energy                -165.000421378
  ==> dE                       -9.23e-05
  ==> Gradient Norm             2.42e+00
  ==> Abs. Max. Deriv.          7.80e-02
  ==> Time-Grad. (s)              46.367
  ==> Time-Energy (s)             22.546
  ==> Time-Iter. (s)              68.913

--------------------------------------------------------------------------------
CEO-ADAPT-VQE iteration: 285
--------------------------------------------------------------------------------
    gate        derivative      name       op1       op2       op3        g_unscaled   penalty
     722       -0.00263413      a_ia       722                           -0.00526826         2
     444       -0.00251264      a_ia       444                           -0.00502528         2
     415       -0.00227002      a_ia       415                           -0.00454004         2
     793       -0.00115979      a_ia       793                           -0.00231957         2
      90        0.00089225      a_ia        90                            0.00356899         4
     928        0.00073635      a_ia       928                            0.00147270         2
     601        0.00073271      a_ia       601                            0.00146542         2
     946        0.00069973      a_ia       946                            0.00139946         2
   92566       -0.00047691        op     38354     38355                 -0.02527633        53
     504        0.00046736      a_ia       504                            0.00093471         2

  ==> Add operator: mvp2 -1: 38354 38355
  ==> Current qubit order: 4  5  6  7  20  2  0  44  46  45  47  1  23  22  28  29  21  15  30  31  32  33  17  37  3  42  13  65  60  18  25  16  67  12  64  24  54  62  63  27  14  56  34  57  35  38  39  9  51  43  36  40  50  19  55  26  66  52  53  48  41  61  49  59  11  10  58  68  69  8  70  71  


  ==> Energy                -165.000512438
  ==> dE                       -9.11e-05
  ==> Gradient Norm             2.42e+00
  ==> Abs. Max. Deriv.          7.80e-02
  ==> Time-Grad. (s)              46.757
  ==> Time-Energy (s)             22.672
  ==> Time-Iter. (s)              69.429

--------------------------------------------------------------------------------
CEO-ADAPT-VQE iteration: 286
--------------------------------------------------------------------------------
    gate        derivative      name       op1       op2       op3        g_unscaled   penalty
     722       -0.00262694      a_ia       722                           -0.00525387         2
     444       -0.00261031      a_ia       444                           -0.00522063         2
     415       -0.00227038      a_ia       415                           -0.00454077         2
     793       -0.00116076      a_ia       793                           -0.00232152         2
      90        0.00089182      a_ia        90                            0.00356727         4
     928        0.00073743      a_ia       928                            0.00147486         2
     601        0.00072313      a_ia       601                            0.00144627         2
     946        0.00069933      a_ia       946                            0.00139866         2
     578        0.00053349      a_ia       578                            0.00106698         2
   94402       -0.00046406        op     39782     39783                 -0.03202016        69

  ==> Add operator: mvp2 -1: 39782 39783
  ==> Current qubit order: 4  5  6  7  20  2  0  44  46  45  47  1  23  22  28  29  21  15  30  31  32  33  17  37  3  42  13  65  60  18  25  16  67  12  64  24  54  62  63  27  14  56  34  57  35  38  39  9  51  43  36  40  50  66  52  19  55  26  58  53  48  41  61  49  59  11  10  68  69  8  70  71  


  ==> Energy                -165.000802510
  ==> dE                       -2.90e-04
  ==> Gradient Norm             2.41e+00
  ==> Abs. Max. Deriv.          7.80e-02
  ==> Time-Grad. (s)              46.379
  ==> Time-Energy (s)             22.431
  ==> Time-Iter. (s)              68.810

--------------------------------------------------------------------------------
CEO-ADAPT-VQE iteration: 287
--------------------------------------------------------------------------------
    gate        derivative      name       op1       op2       op3        g_unscaled   penalty
     444       -0.00262152      a_ia       444                           -0.00524304         2
     722       -0.00259636      a_ia       722                           -0.00519272         2
     415       -0.00225923      a_ia       415                           -0.00451847         2
     793       -0.00116686      a_ia       793                           -0.00233372         2
      90        0.00089215      a_ia        90                            0.00356860         4
     601        0.00075682      a_ia       601                            0.00151364         2
     928        0.00073953      a_ia       928                            0.00147906         2
     946        0.00069885      a_ia       946                            0.00139770         2
     578        0.00053033      a_ia       578                            0.00106066         2
   77407        0.00050523        om     26727     26729                  0.04597551        91

  ==> Add operator: mvp2 -1: 26727 26729
  ==> Current qubit order: 4  5  6  7  20  2  0  44  46  45  47  1  23  22  28  29  21  15  30  31  32  33  17  37  3  42  13  65  60  18  25  67  64  24  62  63  16  12  54  66  27  14  56  34  57  35  38  39  9  51  43  36  40  50  52  19  55  26  58  53  48  41  61  49  59  11  10  68  69  8  70  71  


  ==> Energy                -165.001131826
  ==> dE                       -3.29e-04
  ==> Gradient Norm             2.41e+00
  ==> Abs. Max. Deriv.          7.80e-02
  ==> Time-Grad. (s)              46.192
  ==> Time-Energy (s)             22.412
  ==> Time-Iter. (s)              68.604

--------------------------------------------------------------------------------
CEO-ADAPT-VQE iteration: 288
--------------------------------------------------------------------------------
    gate        derivative      name       op1       op2       op3        g_unscaled   penalty
     444       -0.00260872      a_ia       444                           -0.00521744         2
     473       -0.00101663      a_ia       473                           -0.00406652         4
      90        0.00089301      a_ia        90                            0.00357203         4
    1193        0.00079854      a_ia      1193                            0.00159708         2
     601        0.00076902      a_ia       601                            0.00153805         2
     928        0.00073730      a_ia       928                            0.00147460         2
     946        0.00069720      a_ia       946                            0.00139440         2
     526       -0.00066404      a_ia       526                           -0.00265618         4
   92389        0.00059947        om     38194     38195                  0.03776688        63
   87007        0.00059486        om     34005     34007                  0.03390718        57

  ==> Add operator: a_ia 473
  ==> Current qubit order: 4  5  6  7  20  2  0  44  46  45  47  1  23  22  28  29  21  15  30  31  32  33  17  37  3  42  13  65  60  18  25  67  64  24  62  63  16  12  54  27  66  14  56  34  57  35  38  39  9  51  43  36  40  50  52  19  55  26  58  53  48  41  61  49  59  11  10  68  69  8  70  71  


  ==> Energy                -165.001134186
  ==> dE                       -2.36e-06
  ==> Gradient Norm             2.41e+00
  ==> Abs. Max. Deriv.          7.80e-02
  ==> Time-Grad. (s)              46.540
  ==> Time-Energy (s)             11.666
  ==> Time-Iter. (s)              58.206

--------------------------------------------------------------------------------
CEO-ADAPT-VQE iteration: 289
--------------------------------------------------------------------------------
    gate        derivative      name       op1       op2       op3        g_unscaled   penalty
     444       -0.00260427      a_ia       444                           -0.00520854         2
      90        0.00088982      a_ia        90                            0.00355929         4
     601        0.00075899      a_ia       601                            0.00151798         2
     928        0.00073557      a_ia       928                            0.00147114         2
     946        0.00069838      a_ia       946                            0.00139675         2
     526       -0.00066148      a_ia       526                           -0.00264590         4
   92389        0.00058114        om     38194     38195                  0.03777405        65
   87007        0.00057465        om     34005     34007                  0.03390461        59
     722       -0.00053986      a_ia       722                           -0.00539864        10
     578        0.00053109      a_ia       578                            0.00106218         2

  ==> Add operator: mvp3 -1: 38194 38195 38196
  ==> Current qubit order: 4  5  6  7  20  2  0  44  46  45  47  1  23  22  28  29  21  15  30  31  32  33  17  37  3  42  13  65  60  25  67  64  62  18  24  54  66  63  16  12  27  14  56  34  57  35  38  39  9  51  43  36  40  50  52  19  55  26  58  53  48  41  61  49  59  11  10  68  69  8  70  71  


  ==> Energy                -165.002011361
  ==> dE                       -8.77e-04
  ==> Gradient Norm             2.41e+00
  ==> Abs. Max. Deriv.          7.80e-02
  ==> Time-Grad. (s)              46.726
  ==> Time-Energy (s)             33.832
  ==> Time-Iter. (s)              80.558

--------------------------------------------------------------------------------
CEO-ADAPT-VQE iteration: 290
--------------------------------------------------------------------------------
    gate        derivative      name       op1       op2       op3        g_unscaled   penalty
     722       -0.00309932      a_ia       722                           -0.00619863         2
     444       -0.00263223      a_ia       444                           -0.00526446         2
     581       -0.00126162      a_ia       581                           -0.00756972         6
     728        0.00102215      a_ia       728                            0.00408862         4
    1193        0.00090736      a_ia      1193                            0.00181472         2
      90        0.00088967      a_ia        90                            0.00355868         4
     560       -0.00083174      a_ia       560                           -0.00166349         2
     575        0.00081013      a_ia       575                            0.00324050         4
     601        0.00077388      a_ia       601                            0.00154775         2
     928        0.00072939      a_ia       928                            0.00145877         2

  ==> Add operator: a_ia 581
  ==> Current qubit order: 4  5  6  7  20  2  0  44  46  45  47  1  23  22  28  29  21  15  30  31  32  33  17  37  3  42  13  65  60  25  67  64  62  24  54  18  66  63  16  12  27  14  56  34  57  35  38  39  9  51  43  36  40  50  52  19  55  26  58  53  48  41  61  49  59  11  10  68  69  8  70  71  


  ==> Energy                -165.002021126
  ==> dE                       -9.77e-06
  ==> Gradient Norm             2.40e+00
  ==> Abs. Max. Deriv.          7.80e-02
  ==> Time-Grad. (s)              46.528
  ==> Time-Energy (s)             12.494
  ==> Time-Iter. (s)              59.022

--------------------------------------------------------------------------------
CEO-ADAPT-VQE iteration: 291
--------------------------------------------------------------------------------
    gate        derivative      name       op1       op2       op3        g_unscaled   penalty
     722       -0.00312067      a_ia       722                           -0.00624134         2
     444       -0.00260735      a_ia       444                           -0.00521471         2
     575        0.00163044      a_ia       575                            0.00326087         2
      90        0.00089096      a_ia        90                            0.00356383         4
     727        0.00083100      a_ia       727                            0.00332399         4
     601        0.00074670      a_ia       601                            0.00149339         2
     928        0.00073342      a_ia       928                            0.00146684         2
     946        0.00069646      a_ia       946                            0.00139291         2
     728        0.00067844      a_ia       728                            0.00407067         6
    1240        0.00065482      a_ia      1240                            0.00130965         2

  ==> Add operator: a_ia 728
  ==> Current qubit order: 4  5  6  7  20  2  0  44  46  45  47  1  23  22  28  29  21  15  30  31  32  33  17  37  3  42  13  65  60  25  67  64  62  54  18  24  66  63  16  12  27  14  56  34  57  35  38  39  9  51  43  36  40  50  52  19  55  26  58  53  48  41  61  49  59  11  10  68  69  8  70  71  


  ==> Energy                -165.002023601
  ==> dE                       -2.47e-06
  ==> Gradient Norm             2.40e+00
  ==> Abs. Max. Deriv.          7.80e-02
  ==> Time-Grad. (s)              46.615
  ==> Time-Energy (s)             11.194
  ==> Time-Iter. (s)              57.808

--------------------------------------------------------------------------------
CEO-ADAPT-VQE iteration: 292
--------------------------------------------------------------------------------
    gate        derivative      name       op1       op2       op3        g_unscaled   penalty
     444       -0.00256379      a_ia       444                           -0.00512758         2
     575        0.00159131      a_ia       575                            0.00318262         2
     722       -0.00156226      a_ia       722                           -0.00624902         4
      90        0.00088976      a_ia        90                            0.00355904         4
     560       -0.00083325      a_ia       560                           -0.00166650         2
     928        0.00073591      a_ia       928                            0.00147182         2
     601        0.00070518      a_ia       601                            0.00141036         2
     946        0.00069810      a_ia       946                            0.00139621         2
    1240        0.00065462      a_ia      1240                            0.00130925         2
     411        0.00063962      a_ia       411                            0.00383773         6

  ==> Add operator: a_ia 560
  ==> Current qubit order: 4  5  6  7  20  2  0  44  46  45  47  1  23  22  28  29  21  15  30  31  32  33  17  37  3  42  13  65  60  25  67  64  62  54  18  24  66  63  16  12  27  14  56  34  57  35  38  39  9  51  43  36  40  50  52  19  55  26  58  53  48  41  61  49  59  11  10  68  69  8  70  71  


  ==> Energy                -165.002082399
  ==> dE                       -5.88e-05
  ==> Gradient Norm             2.40e+00
  ==> Abs. Max. Deriv.          7.80e-02
  ==> Time-Grad. (s)              46.580
  ==> Time-Energy (s)             11.391
  ==> Time-Iter. (s)              57.971

--------------------------------------------------------------------------------
CEO-ADAPT-VQE iteration: 293
--------------------------------------------------------------------------------
    gate        derivative      name       op1       op2       op3        g_unscaled   penalty
     444       -0.00257206      a_ia       444                           -0.00514413         2
     575        0.00152783      a_ia       575                            0.00305565         2
     722       -0.00125256      a_ia       722                           -0.00501024         4
      90        0.00088913      a_ia        90                            0.00355652         4
     928        0.00073239      a_ia       928                            0.00146478         2
     601        0.00070380      a_ia       601                            0.00140759         2
     946        0.00069785      a_ia       946                            0.00139570         2
     411        0.00063900      a_ia       411                            0.00383398         6
    1240        0.00062074      a_ia      1240                            0.00124147         2
   87007        0.00057325        om     34005     34007                  0.03382155        59

  ==> Add operator: a_ia 411
  ==> Current qubit order: 4  5  6  7  20  2  0  44  46  45  47  1  23  22  28  29  21  15  30  31  32  33  17  37  3  42  13  65  60  25  67  64  62  54  18  24  66  63  16  27  14  12  56  34  57  35  38  39  9  51  43  36  40  50  52  19  55  26  58  53  48  41  61  49  59  11  10  68  69  8  70  71  


  ==> Energy                -165.002084473
  ==> dE                       -2.07e-06
  ==> Gradient Norm             2.40e+00
  ==> Abs. Max. Deriv.          7.80e-02
  ==> Time-Grad. (s)              46.818
  ==> Time-Energy (s)             10.649
  ==> Time-Iter. (s)              57.466

--------------------------------------------------------------------------------
CEO-ADAPT-VQE iteration: 294
--------------------------------------------------------------------------------
    gate        derivative      name       op1       op2       op3        g_unscaled   penalty
     444       -0.00254931      a_ia       444                           -0.00509862         2
     575        0.00150658      a_ia       575                            0.00301316         2
     722       -0.00124788      a_ia       722                           -0.00499153         4
      90        0.00089081      a_ia        90                            0.00356324         4
     928        0.00074425      a_ia       928                            0.00148850         2
     946        0.00069842      a_ia       946                            0.00139684         2
     601        0.00068341      a_ia       601                            0.00136681         2
    1240        0.00062286      a_ia      1240                            0.00124573         2
     793       -0.00059293      a_ia       793                           -0.00237172         4
   87007        0.00057325        om     34005     34007                  0.03382184        59

  ==> Add operator: a_ia 1240
  ==> Current qubit order: 4  5  6  7  20  2  0  44  46  45  47  1  23  22  28  29  21  15  30  31  32  33  17  37  3  42  13  65  60  25  67  64  62  54  18  24  66  63  16  27  14  12  56  34  57  35  38  39  9  51  43  36  40  50  52  19  55  26  58  53  48  41  61  49  59  11  10  68  69  8  70  71  


  ==> Energy                -165.002120370
  ==> dE                       -3.59e-05
  ==> Gradient Norm             2.40e+00
  ==> Abs. Max. Deriv.          7.80e-02
  ==> Time-Grad. (s)              47.030
  ==> Time-Energy (s)             12.312
  ==> Time-Iter. (s)              59.342

--------------------------------------------------------------------------------
CEO-ADAPT-VQE iteration: 295
--------------------------------------------------------------------------------
    gate        derivative      name       op1       op2       op3        g_unscaled   penalty
     444       -0.00254333      a_ia       444                           -0.00508665         2
     575        0.00149655      a_ia       575                            0.00299311         2
     722       -0.00124363      a_ia       722                           -0.00497452         4
      90        0.00089073      a_ia        90                            0.00356292         4
     928        0.00074846      a_ia       928                            0.00149693         2
     946        0.00069761      a_ia       946                            0.00139523         2
     601        0.00067785      a_ia       601                            0.00135569         2
     793       -0.00059353      a_ia       793                           -0.00237414         4
   87007        0.00057337        om     34005     34007                  0.03382856        59
   87274        0.00056237        op     34262     34263                  0.04892655        87

  ==> Add operator: mvp2 -1: 34005 34007
  ==> Current qubit order: 4  5  6  7  20  2  0  44  46  45  47  1  23  22  28  29  21  15  30  31  32  33  17  37  3  42  13  65  60  25  67  64  62  54  18  66  16  24  63  27  14  12  56  34  57  35  38  39  9  51  43  36  40  50  52  19  55  26  58  53  48  41  61  49  59  11  10  68  69  8  70  71  


  ==> Energy                -165.002959585
  ==> dE                       -8.39e-04
  ==> Gradient Norm             2.40e+00
  ==> Abs. Max. Deriv.          7.80e-02
  ==> Time-Grad. (s)              46.896
  ==> Time-Energy (s)             22.411
  ==> Time-Iter. (s)              69.307

--------------------------------------------------------------------------------
CEO-ADAPT-VQE iteration: 296
--------------------------------------------------------------------------------
    gate        derivative      name       op1       op2       op3        g_unscaled   penalty
     444       -0.00256492      a_ia       444                           -0.00512984         2
     581        0.00206378      a_ia       581                            0.00412756         2
     575        0.00148558      a_ia       575                            0.00297117         2
     793       -0.00119194      a_ia       793                           -0.00238389         2
     528       -0.00114566      a_ia       528                           -0.00229132         2
      90        0.00088996      a_ia        90                            0.00355982         4
     928        0.00074481      a_ia       928                            0.00148963         2
    1241        0.00070775      a_ia      1241                            0.00424648         6
     946        0.00069577      a_ia       946                            0.00139155         2
     601        0.00068847      a_ia       601                            0.00137695         2

  ==> Add operator: a_ia 528
  ==> Current qubit order: 4  5  6  7  20  2  0  44  46  45  47  1  23  22  28  29  21  15  30  31  32  33  17  37  3  42  13  65  60  25  67  64  62  54  18  66  16  24  63  27  14  12  56  34  57  35  38  39  9  51  43  36  40  50  52  19  55  26  58  53  48  41  61  49  59  11  10  68  69  8  70  71  


  ==> Energy                -165.002960446
  ==> dE                       -8.61e-07
  ==> Gradient Norm             2.39e+00
  ==> Abs. Max. Deriv.          7.80e-02
  ==> Time-Grad. (s)              47.018
  ==> Time-Energy (s)             11.182
  ==> Time-Iter. (s)              58.199

--------------------------------------------------------------------------------
CEO-ADAPT-VQE iteration: 297
--------------------------------------------------------------------------------
    gate        derivative      name       op1       op2       op3        g_unscaled   penalty
     444       -0.00254952      a_ia       444                           -0.00509904         2
     581        0.00206078      a_ia       581                            0.00412156         2
     575        0.00147700      a_ia       575                            0.00295400         2
     793       -0.00118717      a_ia       793                           -0.00237434         2
      90        0.00089040      a_ia        90                            0.00356159         4
     928        0.00074599      a_ia       928                            0.00149199         2
    1241        0.00070812      a_ia      1241                            0.00424873         6
     946        0.00069670      a_ia       946                            0.00139341         2
     601        0.00066562      a_ia       601                            0.00133124         2
     722       -0.00061599      a_ia       722                           -0.00492790         8

  ==> Add operator: a_ia 1241
  ==> Current qubit order: 4  5  6  7  20  2  0  44  46  45  47  1  23  22  28  29  21  15  30  31  32  33  17  37  3  42  13  65  60  25  67  64  54  18  62  66  16  24  63  27  14  12  56  34  57  35  38  39  9  51  43  36  40  50  52  19  55  26  58  53  48  41  61  49  59  11  10  68  69  8  70  71  


  ==> Energy                -165.003468950
  ==> dE                       -5.09e-04
  ==> Gradient Norm             2.39e+00
  ==> Abs. Max. Deriv.          7.80e-02
  ==> Time-Grad. (s)              47.021
  ==> Time-Energy (s)             11.474
  ==> Time-Iter. (s)              58.496

--------------------------------------------------------------------------------
CEO-ADAPT-VQE iteration: 298
--------------------------------------------------------------------------------
    gate        derivative      name       op1       op2       op3        g_unscaled   penalty
     444       -0.00255913      a_ia       444                           -0.00511826         2
     575        0.00149942      a_ia       575                            0.00299885         2
     793       -0.00119574      a_ia       793                           -0.00239148         2
     581        0.00099912      a_ia       581                            0.00399650         4
      90        0.00088874      a_ia        90                            0.00355496         4
    1192       -0.00083224      a_ia      1192                           -0.00166447         2
     928        0.00078587      a_ia       928                            0.00157174         2
     390        0.00075151      a_ia       390                            0.00150302         2
     946        0.00069370      a_ia       946                            0.00138741         2
     601        0.00067201      a_ia       601                            0.00134403         2

  ==> Add operator: a_ia 1192
  ==> Current qubit order: 4  5  6  7  20  2  0  44  46  45  47  1  23  22  28  29  21  15  30  31  32  33  17  37  3  42  13  65  60  25  67  64  54  18  62  66  16  24  63  27  14  12  56  34  57  35  38  39  9  51  43  36  40  50  52  19  55  26  58  53  48  41  61  49  59  11  10  68  69  8  70  71  


  ==> Energy                -165.003515956
  ==> dE                       -4.70e-05
  ==> Gradient Norm             2.39e+00
  ==> Abs. Max. Deriv.          7.80e-02
  ==> Time-Grad. (s)              47.305
  ==> Time-Energy (s)             11.572
  ==> Time-Iter. (s)              58.876

--------------------------------------------------------------------------------
CEO-ADAPT-VQE iteration: 299
--------------------------------------------------------------------------------
    gate        derivative      name       op1       op2       op3        g_unscaled   penalty
     444       -0.00255284      a_ia       444                           -0.00510567         2
     575        0.00151403      a_ia       575                            0.00302807         2
     793       -0.00119880      a_ia       793                           -0.00239759         2
     581        0.00113166      a_ia       581                            0.00452665         4
      90        0.00088943      a_ia        90                            0.00355774         4
     928        0.00078663      a_ia       928                            0.00157326         2
     390        0.00076117      a_ia       390                            0.00152234         2
     946        0.00069474      a_ia       946                            0.00138948         2
     601        0.00067150      a_ia       601                            0.00134299         2
   66265        0.00052960        om     18304     18305                  0.03442432        65

  ==> Add operator: a_ia 390
  ==> Current qubit order: 4  5  6  7  20  2  0  44  46  45  47  1  23  22  28  29  21  15  30  31  32  33  17  37  3  42  13  65  60  25  67  64  54  18  62  66  16  24  63  27  14  12  56  34  57  35  38  39  9  51  43  36  40  50  52  19  55  26  58  53  48  41  61  49  59  11  10  68  69  8  70  71  


  ==> Energy                -165.003550515
  ==> dE                       -3.46e-05
  ==> Gradient Norm             2.39e+00
  ==> Abs. Max. Deriv.          7.80e-02
  ==> Time-Grad. (s)              47.207
  ==> Time-Energy (s)             11.925
  ==> Time-Iter. (s)              59.132

--------------------------------------------------------------------------------
CEO-ADAPT-VQE iteration: 300
--------------------------------------------------------------------------------
    gate        derivative      name       op1       op2       op3        g_unscaled   penalty
     444       -0.00255314      a_ia       444                           -0.00510628         2
     575        0.00151147      a_ia       575                            0.00302293         2
     793       -0.00119633      a_ia       793                           -0.00239265         2
     581        0.00114039      a_ia       581                            0.00456157         4
      90        0.00088872      a_ia        90                            0.00355489         4
     928        0.00080868      a_ia       928                            0.00161736         2
     946        0.00069181      a_ia       946                            0.00138362         2
     601        0.00066550      a_ia       601                            0.00133100         2
   66265        0.00052937        om     18304     18305                  0.03440884        65
   18304        0.00052878    a_iajb     18304                            0.03437045        65

  ==> Add operator: om -1: 18304 18305
  ==> Current qubit order: 4  5  6  7  20  2  0  44  46  45  47  1  23  22  28  29  21  15  30  31  32  33  17  37  3  42  13  65  60  25  67  64  54  18  62  66  16  24  63  27  14  56  34  57  35  38  12  9  43  50  39  51  36  40  52  19  55  26  58  53  48  41  61  49  59  11  10  68  69  8  70  71  


  ==> Energy                -165.003669475
  ==> dE                       -1.19e-04
  ==> Gradient Norm             2.39e+00
  ==> Abs. Max. Deriv.          7.80e-02
  ==> Time-Grad. (s)              47.522
  ==> Time-Energy (s)             12.689
  ==> Time-Iter. (s)              60.211



--------------------------------------------------------------------------------
RESTART
--------------------------------------------------------------------------------

Last Energy: -165.005001457

CEO-ADAPT-VQE failed to converge.

===> Summary:
    E(SCF): -164.9363202216
    iter            energy                dE     gradient norm
       0   -164.9363202216
       1   -164.9378509924         -1.53e-03          2.86e+00
       2   -164.9378683904         -1.74e-05          2.86e+00
       3   -164.9378822159         -1.38e-05          2.86e+00
       4   -164.9381239697         -2.42e-04          2.86e+00
       5   -164.9381293373         -5.37e-06          2.86e+00
       6   -164.9386285670         -4.99e-04          2.86e+00
       7   -164.9387501043         -1.22e-04          2.85e+00
       8   -164.9388569086         -1.07e-04          2.85e+00
       9   -164.9389117743         -5.49e-05          2.85e+00
      10   -164.9389649950         -5.32e-05          2.85e+00
      11   -164.9394291420         -4.64e-04          2.85e+00
      12   -164.9397081270         -2.79e-04          2.85e+00
      13   -164.9400728227         -3.65e-04          2.85e+00
      14   -164.9400827826         -9.96e-06          2.85e+00
      15   -164.9400918152         -9.03e-06          2.85e+00
      16   -164.9401003406         -8.53e-06          2.85e+00
      17   -164.9401017097         -1.37e-06          2.85e+00
      18   -164.9401102060         -8.50e-06          2.85e+00
      19   -164.9401110044         -7.98e-07          2.85e+00
      20   -164.9415096934         -1.40e-03          2.85e+00
      21   -164.9416542694         -1.45e-04          2.84e+00
      22   -164.9418196382         -1.65e-04          2.84e+00
      23   -164.9418234774         -3.84e-06          2.84e+00
      24   -164.9420058371         -1.82e-04          2.84e+00
      25   -164.9420084685         -2.63e-06          2.84e+00
      26   -164.9423012356         -2.93e-04          2.84e+00
      27   -164.9427487332         -4.47e-04          2.83e+00
      28   -164.9427511490         -2.42e-06          2.83e+00
      29   -164.9429331513         -1.82e-04          2.83e+00
      30   -164.9429483943         -1.52e-05          2.83e+00
      31   -164.9429526053         -4.21e-06          2.83e+00
      32   -164.9432094798         -2.57e-04          2.83e+00
      33   -164.9432230817         -1.36e-05          2.83e+00
      34   -164.9432752537         -5.22e-05          2.83e+00
      35   -164.9433222643         -4.70e-05          2.83e+00
      36   -164.9445968057         -1.27e-03          2.83e+00
      37   -164.9447728768         -1.76e-04          2.82e+00
      38   -164.9455999915         -8.27e-04          2.82e+00
      39   -164.9464979721         -8.98e-04          2.82e+00
      40   -164.9473446776         -8.47e-04          2.82e+00
      41   -164.9475075222         -1.63e-04          2.81e+00
      42   -164.9476412092         -1.34e-04          2.81e+00
      43   -164.9477345997         -9.34e-05          2.81e+00
      44   -164.9477385325         -3.93e-06          2.81e+00
      45   -164.9480249515         -2.86e-04          2.81e+00
      46   -164.9481830039         -1.58e-04          2.81e+00
      47   -164.9481873712         -4.37e-06          2.81e+00
      48   -164.9481899215         -2.55e-06          2.81e+00
      49   -164.9481940559         -4.13e-06          2.81e+00
      50   -164.9482422780         -4.82e-05          2.81e+00
      51   -164.9485915901         -3.49e-04          2.81e+00
      52   -164.9493012520         -7.10e-04          2.80e+00
      53   -164.9494244446         -1.23e-04          2.80e+00
      54   -164.9494553463         -3.09e-05          2.80e+00
      55   -164.9495012625         -4.59e-05          2.80e+00
      56   -164.9495993005         -9.80e-05          2.80e+00
      57   -164.9499192885         -3.20e-04          2.80e+00
      58   -164.9499220275         -2.74e-06          2.79e+00
      59   -164.9499453010         -2.33e-05          2.79e+00
      60   -164.9501760318         -2.31e-04          2.79e+00
      61   -164.9503410813         -1.65e-04          2.79e+00
      62   -164.9505909240         -2.50e-04          2.79e+00
      63   -164.9509057135         -3.15e-04          2.79e+00
      64   -164.9509094055         -3.69e-06          2.79e+00
      65   -164.9510940937         -1.85e-04          2.79e+00
      66   -164.9510972981         -3.20e-06          2.79e+00
      67   -164.9511008318         -3.53e-06          2.79e+00
      68   -164.9511020075         -1.18e-06          2.79e+00
      69   -164.9512620663         -1.60e-04          2.79e+00
      70   -164.9512639477         -1.88e-06          2.79e+00
      71   -164.9514471132         -1.83e-04          2.79e+00
      72   -164.9514486266         -1.51e-06          2.79e+00
      73   -164.9516577217         -2.09e-04          2.79e+00
      74   -164.9516598223         -2.10e-06          2.78e+00
      75   -164.9518015939         -1.42e-04          2.78e+00
      76   -164.9521138040         -3.12e-04          2.78e+00
      77   -164.9526091704         -4.95e-04          2.78e+00
      78   -164.9533186268         -7.09e-04          2.78e+00
      79   -164.9534059101         -8.73e-05          2.77e+00
      80   -164.9535642114         -1.58e-04          2.77e+00
      81   -164.9535695693         -5.36e-06          2.77e+00
      82   -164.9536851500         -1.16e-04          2.77e+00
      83   -164.9537471667         -6.20e-05          2.77e+00
      84   -164.9539076993         -1.61e-04          2.77e+00
      85   -164.9542379215         -3.30e-04          2.77e+00
      86   -164.9543661405         -1.28e-04          2.77e+00
      87   -164.9545323258         -1.66e-04          2.77e+00
      88   -164.9549070947         -3.75e-04          2.76e+00
      89   -164.9554911023         -5.84e-04          2.76e+00
      90   -164.9558779860         -3.87e-04          2.76e+00
      91   -164.9558801604         -2.17e-06          2.76e+00
      92   -164.9561195483         -2.39e-04          2.76e+00
      93   -164.9563301549         -2.11e-04          2.76e+00
      94   -164.9566239948         -2.94e-04          2.75e+00
      95   -164.9566806738         -5.67e-05          2.75e+00
      96   -164.9567938426         -1.13e-04          2.75e+00
      97   -164.9570243708         -2.31e-04          2.75e+00
      98   -164.9571952619         -1.71e-04          2.75e+00
      99   -164.9574432107         -2.48e-04          2.75e+00
     100   -164.9574869404         -4.37e-05          2.75e+00
     101   -164.9576202886         -1.33e-04          2.75e+00
     102   -164.9577371108         -1.17e-04          2.75e+00
     103   -164.9581268767         -3.90e-04          2.74e+00
     104   -164.9582007652         -7.39e-05          2.74e+00
     105   -164.9585536028         -3.53e-04          2.74e+00
     106   -164.9589066765         -3.53e-04          2.74e+00
     107   -164.9591886452         -2.82e-04          2.74e+00
     108   -164.9594370987         -2.48e-04          2.73e+00
     109   -164.9594425448         -5.45e-06          2.73e+00
     110   -164.9594469573         -4.41e-06          2.73e+00
     111   -164.9595607123         -1.14e-04          2.73e+00
     112   -164.9597681358         -2.07e-04          2.73e+00
     113   -164.9598256481         -5.75e-05          2.73e+00
     114   -164.9598951619         -6.95e-05          2.73e+00
     115   -164.9606018986         -7.07e-04          2.73e+00
     116   -164.9612175801         -6.16e-04          2.72e+00
     117   -164.9621245331         -9.07e-04          2.72e+00
     118   -164.9625220863         -3.98e-04          2.71e+00
     119   -164.9625249604         -2.87e-06          2.71e+00
     120   -164.9629401332         -4.15e-04          2.71e+00
     121   -164.9629457222         -5.59e-06          2.70e+00
     122   -164.9629488823         -3.16e-06          2.70e+00
     123   -164.9636256000         -6.77e-04          2.70e+00
     124   -164.9636301230         -4.52e-06          2.70e+00
     125   -164.9642232162         -5.93e-04          2.70e+00
     126   -164.9642329294         -9.71e-06          2.69e+00
     127   -164.9652000481         -9.67e-04          2.69e+00
     128   -164.9652030084         -2.96e-06          2.68e+00
     129   -164.9652042247         -1.22e-06          2.68e+00
     130   -164.9654540241         -2.50e-04          2.68e+00
     131   -164.9659861390         -5.32e-04          2.68e+00
     132   -164.9659903803         -4.24e-06          2.68e+00
     133   -164.9659979001         -7.52e-06          2.68e+00
     134   -164.9660011421         -3.24e-06          2.68e+00
     135   -164.9663282434         -3.27e-04          2.68e+00
     136   -164.9663311024         -2.86e-06          2.68e+00
     137   -164.9663341393         -3.04e-06          2.68e+00
     138   -164.9665294094         -1.95e-04          2.68e+00
     139   -164.9670750569         -5.46e-04          2.67e+00
     140   -164.9677175388         -6.42e-04          2.67e+00
     141   -164.9677586675         -4.11e-05          2.66e+00
     142   -164.9680097645         -2.51e-04          2.66e+00
     143   -164.9681023794         -9.26e-05          2.66e+00
     144   -164.9681045514         -2.17e-06          2.66e+00
     145   -164.9681471475         -4.26e-05          2.66e+00
     146   -164.9682369957         -8.98e-05          2.66e+00
     147   -164.9682384777         -1.48e-06          2.66e+00
     148   -164.9682396598         -1.18e-06          2.66e+00
     149   -164.9682421159         -2.46e-06          2.66e+00
     150   -164.9682819925         -3.99e-05          2.66e+00
     151   -164.9685854334         -3.03e-04          2.66e+00
     152   -164.9687804102         -1.95e-04          2.66e+00
     153   -164.9690461230         -2.66e-04          2.66e+00
     154   -164.9693221965         -2.76e-04          2.66e+00
     155   -164.9693847811         -6.26e-05          2.65e+00
     156   -164.9694539527         -6.92e-05          2.65e+00
     157   -164.9711701117         -1.72e-03          2.65e+00
     158   -164.9713108284         -1.41e-04          2.64e+00
     159   -164.9713177014         -6.87e-06          2.64e+00
     160   -164.9724368542         -1.12e-03          2.64e+00
     161   -164.9726965542         -2.60e-04          2.63e+00
     162   -164.9727011678         -4.61e-06          2.63e+00
     163   -164.9727022268         -1.06e-06          2.63e+00
     164   -164.9727071312         -4.90e-06          2.63e+00
     165   -164.9733228014         -6.16e-04          2.63e+00
     166   -164.9734001988         -7.74e-05          2.63e+00
     167   -164.9735167104         -1.17e-04          2.63e+00
     168   -164.9741420572         -6.25e-04          2.63e+00
     169   -164.9741443581         -2.30e-06          2.62e+00
     170   -164.9759154448         -1.77e-03          2.62e+00
     171   -164.9762782863         -3.63e-04          2.60e+00
     172   -164.9762857158         -7.43e-06          2.60e+00
     173   -164.9763181056         -3.24e-05          2.60e+00
     174   -164.9764531915         -1.35e-04          2.60e+00
     175   -164.9765312938         -7.81e-05          2.60e+00
     176   -164.9765403873         -9.09e-06          2.60e+00
     177   -164.9771239069         -5.84e-04          2.60e+00
     178   -164.9771262999         -2.39e-06          2.59e+00
     179   -164.9771296535         -3.35e-06          2.59e+00
     180   -164.9776111100         -4.81e-04          2.59e+00
     181   -164.9777152759         -1.04e-04          2.59e+00
     182   -164.9780090018         -2.94e-04          2.59e+00
     183   -164.9783937999         -3.85e-04          2.59e+00
     184   -164.9785792215         -1.85e-04          2.58e+00
     185   -164.9787612383         -1.82e-04          2.58e+00
     186   -164.9787633042         -2.07e-06          2.58e+00
     187   -164.9796375469         -8.74e-04          2.58e+00
     188   -164.9797058759         -6.83e-05          2.57e+00
     189   -164.9797076373         -1.76e-06          2.57e+00
     190   -164.9799188278         -2.11e-04          2.57e+00
     191   -164.9799295390         -1.07e-05          2.57e+00
     192   -164.9799319885         -2.45e-06          2.57e+00
     193   -164.9799373921         -5.40e-06          2.57e+00
     194   -164.9801259413         -1.89e-04          2.57e+00
     195   -164.9801307778         -4.84e-06          2.57e+00
     196   -164.9801610037         -3.02e-05          2.57e+00
     197   -164.9801689965         -7.99e-06          2.57e+00
     198   -164.9801735389         -4.54e-06          2.57e+00
     199   -164.9806199747         -4.46e-04          2.57e+00
     200   -164.9811444773         -5.25e-04          2.56e+00
     201   -164.9812881857         -1.44e-04          2.56e+00
     202   -164.9812898940         -1.71e-06          2.56e+00
     203   -164.9814200740         -1.30e-04          2.56e+00
     204   -164.9815007796         -8.07e-05          2.56e+00
     205   -164.9816324022         -1.32e-04          2.56e+00
     206   -164.9823604156         -7.28e-04          2.56e+00
     207   -164.9824341991         -7.38e-05          2.55e+00
     208   -164.9824643541         -3.02e-05          2.55e+00
     209   -164.9829765221         -5.12e-04          2.55e+00
     210   -164.9829773980         -8.76e-07          2.54e+00
     211   -164.9831235811         -1.46e-04          2.54e+00
     212   -164.9849168521         -1.79e-03          2.54e+00
     213   -164.9849207656         -3.91e-06          2.53e+00
     214   -164.9850558084         -1.35e-04          2.53e+00
     215   -164.9851150472         -5.92e-05          2.53e+00
     216   -164.9851231245         -8.08e-06          2.53e+00
     217   -164.9866381488         -1.52e-03          2.53e+00
     218   -164.9885669734         -1.93e-03          2.52e+00
     219   -164.9889214413         -3.54e-04          2.51e+00
     220   -164.9889251365         -3.70e-06          2.51e+00
     221   -164.9891163107         -1.91e-04          2.51e+00
     222   -164.9892086307         -9.23e-05          2.51e+00
     223   -164.9892805842         -7.20e-05          2.51e+00
     224   -164.9893146615         -3.41e-05          2.50e+00
     225   -164.9894443258         -1.30e-04          2.50e+00
     226   -164.9894490734         -4.75e-06          2.50e+00
     227   -164.9910401639         -1.59e-03          2.50e+00
     228   -164.9910422698         -2.11e-06          2.49e+00
     229   -164.9915188445         -4.77e-04          2.49e+00
     230   -164.9921722026         -6.53e-04          2.49e+00
     231   -164.9921783385         -6.14e-06          2.48e+00
     232   -164.9923150762         -1.37e-04          2.48e+00
     233   -164.9923959678         -8.09e-05          2.48e+00
     234   -164.9924966453         -1.01e-04          2.48e+00
     235   -164.9925419441         -4.53e-05          2.48e+00
     236   -164.9928934178         -3.51e-04          2.48e+00
     237   -164.9929051365         -1.17e-05          2.48e+00
     238   -164.9929557593         -5.06e-05          2.48e+00
     239   -164.9930472159         -9.15e-05          2.48e+00
     240   -164.9931458363         -9.86e-05          2.48e+00
     241   -164.9933286953         -1.83e-04          2.48e+00
     242   -164.9933671125         -3.84e-05          2.47e+00
     243   -164.9934477276         -8.06e-05          2.47e+00
     244   -164.9934952051         -4.75e-05          2.47e+00
     245   -164.9938144977         -3.19e-04          2.47e+00
     246   -164.9938162563         -1.76e-06          2.47e+00
     247   -164.9942643647         -4.48e-04          2.47e+00
     248   -164.9945788167         -3.14e-04          2.46e+00
     249   -164.9945809431         -2.13e-06          2.46e+00
     250   -164.9956922404         -1.11e-03          2.46e+00
     251   -164.9956962801         -4.04e-06          2.45e+00
     252   -164.9957067237         -1.04e-05          2.45e+00
     253   -164.9957388066         -3.21e-05          2.45e+00
     254   -164.9957415709         -2.76e-06          2.45e+00
     255   -164.9958980669         -1.56e-04          2.45e+00
     256   -164.9959044323         -6.37e-06          2.45e+00
     257   -164.9961749077         -2.70e-04          2.45e+00
     258   -164.9961896115         -1.47e-05          2.45e+00
     259   -164.9961944393         -4.83e-06          2.45e+00
     260   -164.9963344521         -1.40e-04          2.45e+00
     261   -164.9963394871         -5.04e-06          2.45e+00
     262   -164.9963443374         -4.85e-06          2.45e+00
     263   -164.9964522770         -1.08e-04          2.45e+00
     264   -164.9964528677         -5.91e-07          2.45e+00
     265   -164.9968289757         -3.76e-04          2.45e+00
     266   -164.9968314251         -2.45e-06          2.45e+00
     267   -164.9980700053         -1.24e-03          2.45e+00
     268   -164.9980745278         -4.52e-06          2.43e+00
     269   -164.9980807496         -6.22e-06          2.43e+00
     270   -164.9986826050         -6.02e-04          2.43e+00
     271   -164.9986861693         -3.56e-06          2.43e+00
     272   -164.9991989881         -5.13e-04          2.43e+00
     273   -164.9992030186         -4.03e-06          2.43e+00
     274   -164.9993467928         -1.44e-04          2.43e+00
     275   -165.0000260062         -6.79e-04          2.43e+00
     276   -165.0000270453         -1.04e-06          2.42e+00
     277   -165.0000473421         -2.03e-05          2.42e+00
     278   -165.0000475655         -2.23e-07          2.42e+00
     279   -165.0001438966         -9.63e-05          2.42e+00
     280   -165.0001443131         -4.16e-07          2.42e+00
     281   -165.0001454260         -1.11e-06          2.42e+00
     282   -165.0003288852         -1.83e-04          2.42e+00
     283   -165.0003290312         -1.46e-07          2.42e+00
     284   -165.0004213782         -9.23e-05          2.42e+00
     285   -165.0005124377         -9.11e-05          2.42e+00
     286   -165.0008025097         -2.90e-04          2.41e+00
     287   -165.0011318264         -3.29e-04          2.41e+00
     288   -165.0011341861         -2.36e-06          2.41e+00
     289   -165.0020113606         -8.77e-04          2.41e+00
     290   -165.0020211260         -9.77e-06          2.40e+00
     291   -165.0020236006         -2.47e-06          2.40e+00
     292   -165.0020823986         -5.88e-05          2.40e+00
     293   -165.0020844727         -2.07e-06          2.40e+00
     294   -165.0021203696         -3.59e-05          2.40e+00
     295   -165.0029595849         -8.39e-04          2.40e+00
     296   -165.0029604457         -8.61e-07          2.39e+00
     297   -165.0034689499         -5.09e-04          2.39e+00
     298   -165.0035159555         -4.70e-05          2.39e+00
     299   -165.0035505146         -3.46e-05          2.39e+00
     300   -165.0036694746         -1.19e-04          2.39e+00

===> ADAPT did not converge after 300 steps.
===> Gradient Norm:                      nan
===> Abs. Max. Deriv:                    nan
===> Energy:                 -165.0050014567

