Energy (SCF): -308.993970505

--------------------------------------------------------------------------------
CEO-ADAPT-VQE iteration: 1
--------------------------------------------------------------------------------
    gate        derivative      name       op1       op2       op3        g_unscaled   penalty
   99441        0.00418933        op     45773     45774                  0.10473316        25
   99442        0.00418933        om     45773     45774                  0.10473316        25
   99499        0.00312247        op     45831     45832                  0.10304166        33
   99500        0.00312247        om     45831     45832                  0.10304166        33
   98117        0.00285447        op     44629     44630                  0.11703335        41
   98118        0.00285447        om     44629     44630                  0.11703335        41
   45773        0.00255447    a_iajb     45773                            0.10473316        41
   98587       -0.00233758        op     45024     45025                 -0.08649030        37
   98588       -0.00233758        om     45024     45025                 -0.08649030        37
   98879       -0.00233758        op     45307     45308                 -0.08649030        37

  ==> Add operator: op -1: 45773 45774
  ==> Current qubit order: 0  1  2  3  4  5  6  7  8  9  10  11  12  13  14  15  16  17  18  19  20  21  22  23  24  25  26  27  28  29  30  31  32  33  34  35  36  37  38  39  40  41  42  43  44  45  46  47  48  49  50  51  52  53  54  55  56  57  58  59  60  61  62  63  64  65  66  67  68  69  70  71  72  73  74  75  76  77  78  79  80  81  82  83  84  85  86  87  88  89  90  91  92  93  94  95  96  97  98  99  100  101  102  103  


  ==> Energy                -308.999676578
  ==> dE                       -5.71e-03
  ==> Gradient Norm             2.06e+00
  ==> Abs. Max. Deriv.          1.17e-01
  ==> Time-Grad. (s)               0.853
  ==> Time-Energy (s)              0.011
  ==> Time-Iter. (s)               0.865

--------------------------------------------------------------------------------
CEO-ADAPT-VQE iteration: 2
--------------------------------------------------------------------------------
    gate        derivative      name       op1       op2       op3        g_unscaled   penalty
   99499        0.00274373        op     45831     45832                  0.09054301        33
   99500        0.00274373        om     45831     45832                  0.09054301        33
   98117        0.00259365        op     44629     44630                  0.10633949        41
   98118        0.00259365        om     44629     44630                  0.10633949        41
   98587       -0.00255768        op     45024     45025                 -0.09463414        37
   98588       -0.00255768        om     45024     45025                 -0.09463414        37
   98879       -0.00255768        op     45307     45308                 -0.09463414        37
   98880       -0.00255768        om     45307     45308                 -0.09463414        37
   98151        0.00220669        op     44663     44664                  0.10812793        49
   98152        0.00220669        om     44663     44664                  0.10812793        49

  ==> Add operator: op -1: 45831 45832
  ==> Current qubit order: 0  1  2  3  4  5  6  7  8  9  10  11  12  13  14  15  16  17  18  19  20  21  22  23  24  25  26  27  28  29  30  31  32  33  34  35  36  37  38  39  40  41  42  43  44  45  46  47  48  49  50  51  54  55  52  53  56  57  58  59  60  61  62  63  64  65  66  67  68  69  70  71  72  73  74  75  76  77  78  79  80  81  82  83  84  85  86  87  88  89  90  91  92  93  94  95  96  97  98  99  100  101  102  103  


  ==> Energy                -309.002612564
  ==> dE                       -2.94e-03
  ==> Gradient Norm             2.04e+00
  ==> Abs. Max. Deriv.          1.08e-01
  ==> Time-Grad. (s)               0.855
  ==> Time-Energy (s)              0.013
  ==> Time-Iter. (s)               0.868

--------------------------------------------------------------------------------
CEO-ADAPT-VQE iteration: 3
--------------------------------------------------------------------------------
    gate        derivative      name       op1       op2       op3        g_unscaled   penalty
   98151        0.00251131        op     44663     44664                  0.10296376        41
   98152        0.00251131        om     44663     44664                  0.10296376        41
   98117        0.00220156        op     44629     44630                  0.10787645        49
   98118        0.00220156        om     44629     44630                  0.10787645        49
   98880       -0.00184216        om     45307     45308                 -0.09763446        53
   44663        0.00180638    a_iajb     44663                            0.10296376        57
   45307       -0.00176757    a_iajb     45307                           -0.09368102        53
   98587       -0.00171289        op     45024     45025                 -0.09763446        57
   98879       -0.00169297        op     45307     45308                 -0.08972759        53
   44629        0.00165964    a_iajb     44629                            0.10787645        65

  ==> Add operator: op -1: 44663 44664
  ==> Current qubit order: 0  1  2  3  4  5  6  7  8  9  10  11  12  13  14  15  16  17  18  19  20  21  22  23  24  25  26  27  28  29  30  31  32  33  34  35  36  37  38  39  40  41  42  43  44  45  48  49  50  46  47  54  55  51  52  53  56  57  58  59  60  61  62  63  64  65  66  67  68  69  70  71  72  73  74  75  76  77  78  79  80  81  82  83  84  85  86  87  88  89  90  91  92  93  94  95  96  97  98  99  100  101  102  103  


  ==> Energy                -309.006017242
  ==> dE                       -3.40e-03
  ==> Gradient Norm             2.03e+00
  ==> Abs. Max. Deriv.          1.08e-01
  ==> Time-Grad. (s)               0.945
  ==> Time-Energy (s)              0.014
  ==> Time-Iter. (s)               0.959

--------------------------------------------------------------------------------
CEO-ADAPT-VQE iteration: 4
--------------------------------------------------------------------------------
    gate        derivative      name       op1       op2       op3        g_unscaled   penalty
   98117        0.00271835        op     44629     44630                  0.10057886        37
   98118        0.00271835        om     44629     44630                  0.10057886        37
    1843       -0.00221301      a_ia      1843                           -0.00885203         4
    1871       -0.00221301      a_ia      1871                           -0.00885203         4
   98880       -0.00209517        om     45307     45308                 -0.10266318        49
   45307       -0.00201627    a_iajb     45307                           -0.09879741        49
   98879       -0.00193738        op     45307     45308                 -0.09493163        49
   98587       -0.00193704        op     45024     45025                 -0.10266318        53
   44629        0.00189771    a_iajb     44629                            0.10057886        53
   45024       -0.00186410    a_iajb     45024                           -0.09879741        53

  ==> Add operator: op -1: 44629 44630
  ==> Current qubit order: 0  1  2  3  4  5  6  7  8  9  10  11  12  13  14  15  16  17  18  19  20  21  22  23  24  25  26  27  28  29  30  31  32  33  34  35  36  37  38  39  40  41  42  43  44  45  48  49  50  54  46  47  52  53  55  51  56  57  58  59  60  61  62  63  64  65  66  67  68  69  70  71  72  73  74  75  76  77  78  79  80  81  82  83  84  85  86  87  88  89  90  91  92  93  94  95  96  97  98  99  100  101  102  103  


  ==> Energy                -309.009800793
  ==> dE                       -3.78e-03
  ==> Gradient Norm             2.02e+00
  ==> Abs. Max. Deriv.          1.03e-01
  ==> Time-Grad. (s)               0.858
  ==> Time-Energy (s)              0.015
  ==> Time-Iter. (s)               0.873

--------------------------------------------------------------------------------
CEO-ADAPT-VQE iteration: 5
--------------------------------------------------------------------------------
    gate        derivative      name       op1       op2       op3        g_unscaled   penalty
    1843       -0.00314481      a_ia      1843                           -0.00628962         2
    1870       -0.00212214      a_ia      1870                           -0.00848857         4
    1842       -0.00212214      a_ia      1842                           -0.00848857         4
   98588       -0.00178086        om     45024     45025                 -0.09794753        55
   45024       -0.00176744    a_iajb     45024                           -0.09720933        55
   98587       -0.00175402        op     45024     45025                 -0.09647113        55
   98879       -0.00155472        op     45307     45308                 -0.09794753        63
   45307       -0.00154301    a_iajb     45307                           -0.09720933        63
   98880       -0.00153129        om     45307     45308                 -0.09647113        63
   99539        0.00113171        op     45871     45872                  0.05545401        49

  ==> Tried operator a_ia 1843: gain -2.60e-05 (threshold 3.6e-05), removed and excluded for this stage
  ==> Add operator: a_ia 1870
  ==> Current qubit order: 0  1  2  3  4  5  6  7  8  9  10  11  12  13  14  15  16  17  18  19  20  21  22  23  24  25  26  27  28  29  30  31  32  33  34  35  36  37  38  39  40  41  42  43  44  45  48  49  50  54  46  52  47  53  55  51  56  57  58  59  60  61  62  63  64  65  66  67  68  69  70  71  72  73  74  75  76  77  78  79  80  81  82  83  84  85  86  87  88  89  90  91  92  93  94  95  96  97  98  99  100  101  102  103  


  ==> Energy                -309.009857555
  ==> dE                       -5.68e-05
  ==> Gradient Norm             2.00e+00
  ==> Abs. Max. Deriv.          9.79e-02
  ==> Time-Grad. (s)               0.871
  ==> Time-Energy (s)              0.021
  ==> Time-Iter. (s)               0.893

--------------------------------------------------------------------------------
CEO-ADAPT-VQE iteration: 6
--------------------------------------------------------------------------------
    gate        derivative      name       op1       op2       op3        g_unscaled   penalty
    1843       -0.00311729      a_ia      1843                           -0.00623458         2
    1842       -0.00295030      a_ia      1842                           -0.00590059         2
   98588       -0.00171725        om     45024     45025                 -0.09788324        57
   45024       -0.00170449    a_iajb     45024                           -0.09715588        57
   98587       -0.00169173        op     45024     45025                 -0.09642851        57
    1871       -0.00160795      a_ia      1871                           -0.00643181         4
   98879       -0.00148662        op     45307     45308                 -0.09663032        65
   45307       -0.00147623    a_iajb     45307                           -0.09595502        65
   98880       -0.00146584        om     45307     45308                 -0.09527972        65
   99093       -0.00141520        op     45517     45519                 -0.05802326        41

  ==> Tried operator a_ia 1842: gain -2.92e-05 (threshold 3.4e-05), removed and excluded for this stage
  ==> Add operator: mvp2 -1: 45024 45025
  ==> Current qubit order: 0  1  2  3  4  5  6  7  8  9  10  11  12  13  14  15  16  17  18  19  20  21  22  23  24  25  26  27  28  29  30  31  32  33  34  35  36  37  38  39  40  41  42  43  44  45  48  49  50  54  46  52  55  51  47  53  56  57  58  59  60  61  62  63  64  65  66  67  68  69  70  71  72  73  74  75  76  77  78  79  80  81  82  83  84  85  86  87  88  89  90  91  92  93  94  95  96  97  98  99  100  101  102  103  


  ==> Energy                -309.013932460
  ==> dE                       -4.07e-03
  ==> Gradient Norm             2.00e+00
  ==> Abs. Max. Deriv.          9.79e-02
  ==> Time-Grad. (s)               0.952
  ==> Time-Energy (s)              0.031
  ==> Time-Iter. (s)               0.983

--------------------------------------------------------------------------------
CEO-ADAPT-VQE iteration: 7
--------------------------------------------------------------------------------
    gate        derivative      name       op1       op2       op3        g_unscaled   penalty
    1977        0.00285586      a_ia      1977                            0.00571171         2
    1871       -0.00198585      a_ia      1871                           -0.00794340         4
    1843       -0.00176187      a_ia      1843                           -0.00352374         2
   98454       -0.00144012        om     44956     44957                 -0.05904491        41
   98879       -0.00137622        op     45307     45308                 -0.10046394        73
   45307       -0.00135809    a_iajb     45307                           -0.09914051        73
   98880       -0.00133996        om     45307     45308                 -0.09781707        73
   98457       -0.00128447        op     44956     44958                 -0.05266319        41
   44956       -0.00125789    a_iajb     44956                           -0.05157340        41
   98458       -0.00123131        om     44956     44958                 -0.05048361        41

  ==> Tried operator a_ia 1977: gain -2.48e-05 (threshold 3.6e-05), removed and excluded for this stage
  ==> Add operator: a_ia 1871
  ==> Current qubit order: 0  1  2  3  4  5  6  7  8  9  10  11  12  13  14  15  16  17  18  19  20  21  22  23  24  25  26  27  28  29  30  31  32  33  34  35  36  37  38  39  40  41  42  43  44  45  48  49  50  54  46  52  51  55  47  53  56  57  58  59  60  61  62  63  64  65  66  67  68  69  70  71  72  73  74  75  76  77  78  79  80  81  82  83  84  85  86  87  88  89  90  91  92  93  94  95  96  97  98  99  100  101  102  103  


  ==> Energy                -309.013973675
  ==> dE                       -4.12e-05
  ==> Gradient Norm             1.98e+00
  ==> Abs. Max. Deriv.          1.00e-01
  ==> Time-Grad. (s)               0.904
  ==> Time-Energy (s)              0.021
  ==> Time-Iter. (s)               0.926

--------------------------------------------------------------------------------
CEO-ADAPT-VQE iteration: 8
--------------------------------------------------------------------------------
    gate        derivative      name       op1       op2       op3        g_unscaled   penalty
    1977        0.00290731      a_ia      1977                            0.00581462         2
   98454       -0.00143923        om     44956     44957                 -0.05900827        41
   98879       -0.00137134        op     45307     45308                 -0.10010750        73
   45307       -0.00135328    a_iajb     45307                           -0.09878931        73
   98880       -0.00133522        om     45307     45308                 -0.09747112        73
   98457       -0.00128443        op     44956     44958                 -0.05266146        41
    1951       -0.00126279      a_ia      1951                           -0.00252558         2
   44956       -0.00125769    a_iajb     44956                           -0.05156515        41
   98458       -0.00123095        om     44956     44958                 -0.05046884        41
   99089       -0.00117704        op     45517     45518                 -0.04825857        41

  ==> Add operator: mvp3 -1: 44956 44957 44958
  ==> Current qubit order: 0  1  2  3  4  5  6  7  8  9  10  11  12  13  14  15  16  17  18  19  20  21  22  23  24  25  26  27  28  29  30  31  32  33  34  35  36  37  38  39  40  41  42  43  44  45  48  49  50  54  46  52  51  55  47  53  56  57  58  59  60  61  62  63  64  65  66  67  68  69  70  71  72  73  74  75  76  77  78  79  80  81  82  83  84  85  86  87  88  89  90  91  92  93  94  95  96  97  98  99  100  101  102  103  


  ==> Energy                -309.019382481
  ==> dE                       -5.41e-03
  ==> Gradient Norm             1.98e+00
  ==> Abs. Max. Deriv.          1.00e-01
  ==> Time-Grad. (s)               0.939
  ==> Time-Energy (s)              0.038
  ==> Time-Iter. (s)               0.976

--------------------------------------------------------------------------------
CEO-ADAPT-VQE iteration: 9
--------------------------------------------------------------------------------
    gate        derivative      name       op1       op2       op3        g_unscaled   penalty
    1977        0.00213760      a_ia      1977                            0.00427521         2
    1843       -0.00190342      a_ia      1843                           -0.00380684         2
    1951        0.00142153      a_ia      1951                            0.00284307         2
    2029        0.00114054      a_ia      2029                            0.00912430         8
    1842       -0.00109055      a_ia      1842                           -0.00218109         2
   99539        0.00105358        op     45871     45872                  0.05373248        51
   99540        0.00105358        om     45871     45872                  0.05373248        51
    1896       -0.00098394      a_ia      1896                           -0.00393576         4
   45871        0.00080198    a_iajb     45871                            0.05373248        67
    2027       -0.00074778      a_ia      2027                           -0.00299110         4

  ==> Tried operator a_ia 1951: gain -5.91e-06 (threshold 3.6e-05), removed and excluded for this stage
  ==> Add operator: a_ia 2029
  ==> Current qubit order: 0  1  2  3  4  5  6  7  8  9  10  11  12  13  14  15  16  17  18  19  20  21  22  23  24  25  26  27  28  29  30  31  32  33  34  35  36  37  38  39  40  41  42  43  44  45  48  49  50  54  46  52  51  55  47  56  57  58  53  59  60  61  62  63  64  65  66  67  68  69  70  71  72  73  74  75  76  77  78  79  80  81  82  83  84  85  86  87  88  89  90  91  92  93  94  95  96  97  98  99  100  101  102  103  


  ==> Energy                -309.020408595
  ==> dE                       -1.03e-03
  ==> Gradient Norm             1.96e+00
  ==> Abs. Max. Deriv.          7.25e-02
  ==> Time-Grad. (s)               1.055
  ==> Time-Energy (s)              0.028
  ==> Time-Iter. (s)               1.083

--------------------------------------------------------------------------------
CEO-ADAPT-VQE iteration: 10
--------------------------------------------------------------------------------
    gate        derivative      name       op1       op2       op3        g_unscaled   penalty
    1977        0.00201885      a_ia      1977                            0.00403770         2
    1843       -0.00195444      a_ia      1843                           -0.00390889         2
    1951        0.00132443      a_ia      1951                            0.00264887         2
    1842       -0.00127353      a_ia      1842                           -0.00254706         2
    1896       -0.00113708      a_ia      1896                           -0.00454832         4
    2004        0.00088694      a_ia      2004                            0.01064333        12
   99540        0.00086241        om     45871     45872                  0.05605674        65
   45871        0.00086211    a_iajb     45871                            0.05603706        65
   99539        0.00086181        op     45871     45872                  0.05601739        65
    1784       -0.00083696      a_ia      1784                           -0.00669570         8

  ==> Add operator: a_ia 1896
  ==> Current qubit order: 0  1  2  3  4  5  6  7  8  9  10  11  12  13  14  15  16  17  18  19  20  21  22  23  24  25  26  27  28  29  30  31  32  33  34  35  36  37  38  39  40  41  42  43  44  45  49  48  50  54  46  52  51  55  47  56  57  58  53  59  60  61  62  63  64  65  66  67  68  69  70  71  72  73  74  75  76  77  78  79  80  81  82  83  84  85  86  87  88  89  90  91  92  93  94  95  96  97  98  99  100  101  102  103  


  ==> Energy                -309.020721790
  ==> dE                       -3.13e-04
  ==> Gradient Norm             1.96e+00
  ==> Abs. Max. Deriv.          7.25e-02
  ==> Time-Grad. (s)               1.021
  ==> Time-Energy (s)              0.017
  ==> Time-Iter. (s)               1.037

--------------------------------------------------------------------------------
CEO-ADAPT-VQE iteration: 11
--------------------------------------------------------------------------------
    gate        derivative      name       op1       op2       op3        g_unscaled   penalty
    1977        0.00199294      a_ia      1977                            0.00398588         2
    1843       -0.00188309      a_ia      1843                           -0.00376618         2
    1842       -0.00136419      a_ia      1842                           -0.00272838         2
    1951        0.00130550      a_ia      1951                            0.00261100         2
    2004        0.00090472      a_ia      2004                            0.01085667        12
   99540        0.00086200        om     45871     45872                  0.05603004        65
   45871        0.00086200    a_iajb     45871                            0.05602988        65
   99539        0.00086200        op     45871     45872                  0.05602972        65
    1784       -0.00084587      a_ia      1784                           -0.00676695         8
    2002       -0.00070649      a_ia      2002                           -0.00282595         4

  ==> Add operator: a_ia 2004
  ==> Current qubit order: 0  1  2  3  4  5  6  7  8  9  10  11  12  13  14  15  16  17  18  19  20  21  22  23  24  25  26  27  28  29  30  31  32  33  34  35  36  37  38  39  40  41  42  43  44  45  49  48  50  54  46  51  55  47  56  57  52  58  53  59  60  61  62  63  64  65  66  67  68  69  70  71  72  73  74  75  76  77  78  79  80  81  82  83  84  85  86  87  88  89  90  91  92  93  94  95  96  97  98  99  100  101  102  103  


  ==> Energy                -309.022098507
  ==> dE                       -1.38e-03
  ==> Gradient Norm             1.95e+00
  ==> Abs. Max. Deriv.          7.25e-02
  ==> Time-Grad. (s)               1.097
  ==> Time-Energy (s)              0.024
  ==> Time-Iter. (s)               1.122

--------------------------------------------------------------------------------
CEO-ADAPT-VQE iteration: 12
--------------------------------------------------------------------------------
    gate        derivative      name       op1       op2       op3        g_unscaled   penalty
    1977        0.00162812      a_ia      1977                            0.00325624         2
    1843       -0.00160314      a_ia      1843                           -0.00320627         2
    1951        0.00095579      a_ia      1951                            0.00191158         2
    1784       -0.00090801      a_ia      1784                           -0.00726404         8
   99540        0.00064567        om     45871     45872                  0.04325991        67
   45871        0.00064503    a_iajb     45871                            0.04321674        67
   99539        0.00064438        op     45871     45872                  0.04317358        67
   98281        0.00064354        op     44793     44794                  0.06499754       101
   98282        0.00064354        om     44793     44794                  0.06499754       101
   98869       -0.00062929        op     45297     45298                 -0.04216252        67

  ==> Add operator: a_ia 1784
  ==> Current qubit order: 0  1  2  3  4  5  6  7  8  9  10  11  12  13  14  15  16  17  18  19  20  21  22  23  24  25  26  27  28  29  30  31  32  33  34  35  36  37  38  39  40  41  42  43  45  49  48  44  50  54  46  51  55  47  56  57  52  58  53  59  60  61  62  63  64  65  66  67  68  69  70  71  72  73  74  75  76  77  78  79  80  81  82  83  84  85  86  87  88  89  90  91  92  93  94  95  96  97  98  99  100  101  102  103  


  ==> Energy                -309.022792261
  ==> dE                       -6.94e-04
  ==> Gradient Norm             1.95e+00
  ==> Abs. Max. Deriv.          7.25e-02
  ==> Time-Grad. (s)               1.200
  ==> Time-Energy (s)              0.010
  ==> Time-Iter. (s)               1.210

--------------------------------------------------------------------------------
CEO-ADAPT-VQE iteration: 13
--------------------------------------------------------------------------------
    gate        derivative      name       op1       op2       op3        g_unscaled   penalty
    1977        0.00153636      a_ia      1977                            0.00307272         2
    1843       -0.00148336      a_ia      1843                           -0.00296671         2
    1951        0.00090075      a_ia      1951                            0.00180151         2
   99539        0.00065293        op     45871     45872                  0.04374620        67
   45871        0.00065243    a_iajb     45871                            0.04371311        67
   99540        0.00065194        om     45871     45872                  0.04368002        67
    2029        0.00064639      a_ia      2029                            0.00129278         2
   98281        0.00064360        op     44793     44794                  0.06500329       101
   98282        0.00064360        om     44793     44794                  0.06500329       101
   98870       -0.00062633        om     45297     45298                 -0.04196431        67

  ==> Add operator: op -1: 45871 45872
  ==> Current qubit order: 0  1  2  3  4  5  6  7  8  9  10  11  12  13  14  15  16  17  18  19  20  21  22  23  24  25  26  27  28  29  30  31  32  33  34  35  36  37  38  39  40  41  42  43  45  49  48  44  54  46  55  47  56  50  51  58  59  57  52  53  60  61  62  63  64  65  66  67  68  69  70  71  72  73  74  75  76  77  78  79  80  81  82  83  84  85  86  87  88  89  90  91  92  93  94  95  96  97  98  99  100  101  102  103  


  ==> Energy                -309.023220735
  ==> dE                       -4.28e-04
  ==> Gradient Norm             1.95e+00
  ==> Abs. Max. Deriv.          7.25e-02
  ==> Time-Grad. (s)               1.156
  ==> Time-Energy (s)              0.021
  ==> Time-Iter. (s)               1.177

--------------------------------------------------------------------------------
CEO-ADAPT-VQE iteration: 14
--------------------------------------------------------------------------------
    gate        derivative      name       op1       op2       op3        g_unscaled   penalty
    1843       -0.00149675      a_ia      1843                           -0.00299349         2
    1953       -0.00081433      a_ia      1953                           -0.00325734         4
    1979       -0.00078003      a_ia      1979                           -0.00312014         4
   98869       -0.00060947        op     45297     45298                 -0.04205334        69
   45297       -0.00060940    a_iajb     45297                           -0.04204843        69
   98870       -0.00060933        om     45297     45298                 -0.04204352        69
   98281        0.00060713        op     44793     44794                  0.06496243       107
   98282        0.00060713        om     44793     44794                  0.06496243       107
    1840       -0.00057123      a_ia      1840                           -0.00342741         6
   83791        0.00055562        op     34014     34015                  0.06723022       121

  ==> Tried operator a_ia 1953: gain -5.05e-06 (threshold 1.4e-05), removed and excluded for this stage
  ==> Tried operator a_ia 1979: gain -4.63e-06 (threshold 1.4e-05), removed and excluded for this stage
  ==> Add operator: op -1: 45297 45298
  ==> Current qubit order: 0  1  2  3  4  5  6  7  8  9  10  11  12  13  14  15  16  17  18  19  20  21  22  23  24  25  26  27  28  29  30  31  32  33  34  35  36  37  38  39  40  41  42  43  45  49  48  44  54  46  56  55  47  50  52  51  58  59  57  53  60  61  62  63  64  65  66  67  68  69  70  71  72  73  74  75  76  77  78  79  80  81  82  83  84  85  86  87  88  89  90  91  92  93  94  95  96  97  98  99  100  101  102  103  


  ==> Energy                -309.023971394
  ==> dE                       -7.51e-04
  ==> Gradient Norm             1.94e+00
  ==> Abs. Max. Deriv.          7.25e-02
  ==> Time-Grad. (s)               1.198
  ==> Time-Energy (s)              0.034
  ==> Time-Iter. (s)               1.233

--------------------------------------------------------------------------------
CEO-ADAPT-VQE iteration: 15
--------------------------------------------------------------------------------
    gate        derivative      name       op1       op2       op3        g_unscaled   penalty
    1843       -0.00146495      a_ia      1843                           -0.00292991         2
    1979       -0.00078710      a_ia      1979                           -0.00314842         4
   98281        0.00061715        op     44793     44794                  0.06480101       105
   98282        0.00061715        om     44793     44794                  0.06480101       105
    1840       -0.00058065      a_ia      1840                           -0.00348390         6
   83791        0.00056496        op     34014     34015                  0.06723022       119
   83792        0.00056496        om     34014     34015                  0.06723022       119
   44793        0.00053555    a_iajb     44793                            0.06480101       121
    2028       -0.00050481      a_ia      2028                           -0.00100962         2
   34014        0.00049800    a_iajb     34014                            0.06723022       135

  ==> Add operator: op -1: 44793 44794
  ==> Current qubit order: 0  1  2  3  4  5  6  7  8  9  10  11  12  13  14  15  16  17  18  19  20  21  22  23  24  25  26  27  28  29  30  31  32  33  34  35  36  37  38  39  40  41  42  43  45  49  48  44  54  56  55  50  52  51  58  59  57  53  60  61  62  46  47  72  73  63  64  65  66  67  68  69  70  71  74  75  76  77  78  79  80  81  82  83  84  85  86  87  88  89  90  91  92  93  94  95  96  97  98  99  100  101  102  103  


  ==> Energy                -309.024855348
  ==> dE                       -8.84e-04
  ==> Gradient Norm             1.94e+00
  ==> Abs. Max. Deriv.          7.25e-02
  ==> Time-Grad. (s)               1.300
  ==> Time-Energy (s)              0.044
  ==> Time-Iter. (s)               1.344

--------------------------------------------------------------------------------
CEO-ADAPT-VQE iteration: 16
--------------------------------------------------------------------------------
    gate        derivative      name       op1       op2       op3        g_unscaled   penalty
    1880       -0.00215725      a_ia      1880                           -0.00862900         4
    1852       -0.00206141      a_ia      1852                           -0.00824564         4
    1977        0.00076857      a_ia      1977                            0.00461143         6
    1951        0.00075586      a_ia      1951                            0.00453516         6
    1979       -0.00071121      a_ia      1979                           -0.00284486         4
   98303        0.00061200        op     44815     44816                  0.04222779        69
   98304        0.00061200        om     44815     44816                  0.04222779        69
   98141        0.00060198        op     44653     44654                  0.03310893        55
   83791        0.00059496        op     34014     34015                  0.06723022       113
   83792        0.00059496        om     34014     34015                  0.06723022       113

  ==> Add operator: a_ia 1880
  ==> Current qubit order: 0  1  2  3  4  5  6  7  8  9  10  11  12  13  14  15  16  17  18  19  20  21  22  23  24  25  26  27  28  29  30  31  32  33  34  35  36  37  38  39  40  41  42  43  45  49  48  44  54  56  55  50  52  51  58  59  57  53  60  61  62  46  72  47  73  63  64  65  66  67  68  69  70  71  74  75  76  77  78  79  80  81  82  83  84  85  86  87  88  89  90  91  92  93  94  95  96  97  98  99  100  101  102  103  


  ==> Energy                -309.024875541
  ==> dE                       -2.02e-05
  ==> Gradient Norm             1.94e+00
  ==> Abs. Max. Deriv.          7.25e-02
  ==> Time-Grad. (s)               1.214
  ==> Time-Energy (s)              0.015
  ==> Time-Iter. (s)               1.230

--------------------------------------------------------------------------------
CEO-ADAPT-VQE iteration: 17
--------------------------------------------------------------------------------
    gate        derivative      name       op1       op2       op3        g_unscaled   penalty
    1852       -0.00381088      a_ia      1852                           -0.00762177         2
    1977        0.00076241      a_ia      1977                            0.00457446         6
    1979       -0.00070959      a_ia      1979                           -0.00283835         4
    1951        0.00070281      a_ia      1951                            0.00421689         6
   98303        0.00063005        op     44815     44816                  0.04221328        67
   98304        0.00063005        om     44815     44816                  0.04221328        67
   83791        0.00059496        op     34014     34015                  0.06723022       113
   83792        0.00059496        om     34014     34015                  0.06723022       113
   96785        0.00053114        op     43537     43538                  0.04302225        81
   96786        0.00053114        om     43537     43538                  0.04302225        81

  ==> Add operator: a_ia 1852
  ==> Current qubit order: 0  1  2  3  4  5  6  7  8  9  10  11  12  13  14  15  16  17  18  19  20  21  22  23  24  25  26  27  28  29  30  31  32  33  34  35  36  37  38  39  40  41  42  43  45  49  48  44  54  56  55  50  52  51  58  59  57  53  60  61  62  46  72  47  73  63  64  65  66  67  68  69  70  71  74  75  76  77  78  79  80  81  82  83  84  85  86  87  88  89  90  91  92  93  94  95  96  97  98  99  100  101  102  103  


  ==> Energy                -309.024891288
  ==> dE                       -1.57e-05
  ==> Gradient Norm             1.94e+00
  ==> Abs. Max. Deriv.          7.25e-02
  ==> Time-Grad. (s)               1.294
  ==> Time-Energy (s)              0.023
  ==> Time-Iter. (s)               1.317

--------------------------------------------------------------------------------
CEO-ADAPT-VQE iteration: 18
--------------------------------------------------------------------------------
    gate        derivative      name       op1       op2       op3        g_unscaled   penalty
    1977        0.00071570      a_ia      1977                            0.00429419         6
    1979       -0.00070893      a_ia      1979                           -0.00283570         4
    1951        0.00069741      a_ia      1951                            0.00418447         6
   98303        0.00062988        op     44815     44816                  0.04220213        67
   98304        0.00062988        om     44815     44816                  0.04220213        67
   83791        0.00059496        op     34014     34015                  0.06723022       113
   83792        0.00059496        om     34014     34015                  0.06723022       113
   98141        0.00053230        op     44653     44654                  0.03353477        63
   96785        0.00053114        op     43537     43538                  0.04302224        81
   96786        0.00053114        om     43537     43538                  0.04302224        81

  ==> Add operator: op -1: 44815 44816
  ==> Current qubit order: 0  1  2  3  4  5  6  7  8  9  10  11  12  13  14  15  16  17  18  19  20  21  22  23  24  25  26  27  28  29  30  31  32  33  34  35  36  37  38  39  40  41  42  43  45  49  48  44  54  56  55  50  52  51  58  59  57  53  60  61  62  72  73  63  64  65  46  47  74  75  66  67  68  69  70  71  76  77  78  79  80  81  82  83  84  85  86  87  88  89  90  91  92  93  94  95  96  97  98  99  100  101  102  103  


  ==> Energy                -309.025120740
  ==> dE                       -2.29e-04
  ==> Gradient Norm             1.94e+00
  ==> Abs. Max. Deriv.          7.25e-02
  ==> Time-Grad. (s)               1.417
  ==> Time-Energy (s)              0.020
  ==> Time-Iter. (s)               1.437

--------------------------------------------------------------------------------
CEO-ADAPT-VQE iteration: 19
--------------------------------------------------------------------------------
    gate        derivative      name       op1       op2       op3        g_unscaled   penalty
    1881       -0.00094976      a_ia      1881                           -0.00379906         4
    1853       -0.00085978      a_ia      1853                           -0.00343913         4
   98249        0.00072491        op     44761     44762                  0.01812275        25
   98250        0.00072491        om     44761     44762                  0.01812275        25
    1977        0.00071682      a_ia      1977                            0.00430094         6
    1979       -0.00070880      a_ia      1979                           -0.00283519         4
    1951        0.00069852      a_ia      1951                            0.00419110         6
   83791        0.00059496        op     34014     34015                  0.06723022       113
   83792        0.00059496        om     34014     34015                  0.06723022       113
    2036       -0.00058705      a_ia      2036                           -0.00587053        10

  ==> Tried operator a_ia 1881: gain -3.81e-06 (threshold 8.2e-06), removed and excluded for this stage
  ==> Tried operator a_ia 1853: gain -3.12e-06 (threshold 8.2e-06), removed and excluded for this stage
  ==> Add operator: op -1: 44761 44762
  ==> Current qubit order: 0  1  2  3  4  5  6  7  8  9  10  11  12  13  14  15  16  17  18  19  20  21  22  23  24  25  26  27  28  29  30  31  32  33  34  35  36  37  38  39  40  41  42  43  45  49  48  44  54  56  55  50  52  51  58  59  57  53  60  61  62  72  73  63  64  65  46  47  74  75  66  67  68  69  70  71  76  77  78  79  80  81  82  83  84  85  86  87  88  89  90  91  92  93  94  95  96  97  98  99  100  101  102  103  


  ==> Energy                -309.025184429
  ==> dE                       -6.37e-05
  ==> Gradient Norm             1.94e+00
  ==> Abs. Max. Deriv.          7.25e-02
  ==> Time-Grad. (s)               1.386
  ==> Time-Energy (s)              0.075
  ==> Time-Iter. (s)               1.461

--------------------------------------------------------------------------------
CEO-ADAPT-VQE iteration: 20
--------------------------------------------------------------------------------
    gate        derivative      name       op1       op2       op3        g_unscaled   penalty
    1881       -0.00096026      a_ia      1881                           -0.00384103         4
    1853       -0.00087038      a_ia      1853                           -0.00348150         4
    1977        0.00071743      a_ia      1977                            0.00430460         6
    1979       -0.00070916      a_ia      1979                           -0.00283665         4
    1951        0.00069917      a_ia      1951                            0.00419501         6
   83791        0.00059496        op     34014     34015                  0.06723022       113
   83792        0.00059496        om     34014     34015                  0.06723022       113
    2036       -0.00058688      a_ia      2036                           -0.00586876        10
   98141        0.00053308        op     44653     44654                  0.03358416        63
   96785        0.00053114        op     43537     43538                  0.04302235        81

  ==> Add operator: op -1: 34014 34015
  ==> Current qubit order: 0  1  2  3  4  5  6  7  8  9  10  11  12  13  14  15  16  17  18  19  20  21  22  23  24  25  26  27  30  31  32  33  34  35  36  37  38  39  28  29  56  57  40  41  42  43  45  49  48  44  54  55  50  52  51  58  59  53  60  61  62  72  73  63  64  65  46  47  74  75  66  67  68  69  70  71  76  77  78  79  80  81  82  83  84  85  86  87  88  89  90  91  92  93  94  95  96  97  98  99  100  101  102  103  


  ==> Energy                -309.025951686
  ==> dE                       -7.67e-04
  ==> Gradient Norm             1.94e+00
  ==> Abs. Max. Deriv.          7.25e-02
  ==> Time-Grad. (s)               1.379
  ==> Time-Energy (s)              0.027
  ==> Time-Iter. (s)               1.406

--------------------------------------------------------------------------------
CEO-ADAPT-VQE iteration: 21
--------------------------------------------------------------------------------
    gate        derivative      name       op1       op2       op3        g_unscaled   penalty
    1951        0.00104558      a_ia      1951                            0.00418231         4
    1881       -0.00096494      a_ia      1881                           -0.00385978         4
    1853       -0.00087503      a_ia      1853                           -0.00350011         4
    1977        0.00071527      a_ia      1977                            0.00429162         6
    1979       -0.00071051      a_ia      1979                           -0.00284204         4
    2002       -0.00062128      a_ia      2002                           -0.00372767         6
    1296       -0.00061925      a_ia      1296                           -0.00247700         4
    1259       -0.00060856      a_ia      1259                           -0.00243425         4
    2036       -0.00058696      a_ia      2036                           -0.00586957        10
   98141        0.00053312        op     44653     44654                  0.03358636        63

  ==> Add operator: a_ia 2002
  ==> Current qubit order: 0  1  2  3  4  5  6  7  8  9  10  11  12  13  14  15  16  17  18  19  20  21  22  23  24  25  26  27  30  31  32  33  34  35  36  37  38  39  28  29  56  57  40  41  42  43  45  49  48  44  55  50  54  52  51  58  59  53  60  61  62  72  73  63  64  65  46  47  74  75  66  67  68  69  70  71  76  77  78  79  80  81  82  83  84  85  86  87  88  89  90  91  92  93  94  95  96  97  98  99  100  101  102  103  


  ==> Energy                -309.026093601
  ==> dE                       -1.42e-04
  ==> Gradient Norm             1.93e+00
  ==> Abs. Max. Deriv.          6.99e-02
  ==> Time-Grad. (s)               1.489
  ==> Time-Energy (s)              0.053
  ==> Time-Iter. (s)               1.542

--------------------------------------------------------------------------------
CEO-ADAPT-VQE iteration: 22
--------------------------------------------------------------------------------
    gate        derivative      name       op1       op2       op3        g_unscaled   penalty
    1951        0.00212675      a_ia      1951                            0.00425350         2
    1881       -0.00096884      a_ia      1881                           -0.00387534         4
    1853       -0.00088849      a_ia      1853                           -0.00355395         4
    2053       -0.00072925      a_ia      2053                           -0.00437552         6
    1979       -0.00070140      a_ia      1979                           -0.00280560         4
    1296       -0.00061490      a_ia      1296                           -0.00245961         4
    1259       -0.00060527      a_ia      1259                           -0.00242109         4
    2036       -0.00059869      a_ia      2036                           -0.00598694        10
    1977        0.00054255      a_ia      1977                            0.00434040         8
   98141        0.00053473        op     44653     44654                  0.03368821        63

  ==> Add operator: a_ia 2053
  ==> Current qubit order: 0  1  2  3  4  5  6  7  8  9  10  11  12  13  14  15  16  17  18  19  20  21  22  23  24  25  26  27  30  31  32  33  34  35  36  37  38  39  28  29  56  57  40  41  42  43  45  49  48  44  55  50  52  51  54  58  59  53  60  61  62  72  73  63  64  65  46  47  74  75  66  67  68  69  70  71  76  77  78  79  80  81  82  83  84  85  86  87  88  89  90  91  92  93  94  95  96  97  98  99  100  101  102  103  


  ==> Energy                -309.026377518
  ==> dE                       -2.84e-04
  ==> Gradient Norm             1.93e+00
  ==> Abs. Max. Deriv.          6.99e-02
  ==> Time-Grad. (s)               1.525
  ==> Time-Energy (s)              0.027
  ==> Time-Iter. (s)               1.552

--------------------------------------------------------------------------------
CEO-ADAPT-VQE iteration: 23
--------------------------------------------------------------------------------
    gate        derivative      name       op1       op2       op3        g_unscaled   penalty
    1881       -0.00094983      a_ia      1881                           -0.00379934         4
    1853       -0.00088536      a_ia      1853                           -0.00354143         4
    1977        0.00074104      a_ia      1977                            0.00444625         6
    1951        0.00072854      a_ia      1951                            0.00437122         6
    1296       -0.00061594      a_ia      1296                           -0.00246378         4
    1259       -0.00060684      a_ia      1259                           -0.00242737         4
    2036       -0.00059999      a_ia      2036                           -0.00599990        10
    1813       -0.00056376      a_ia      1813                           -0.00789262        14
   98141        0.00053548        op     44653     44654                  0.03373546        63
    2077       -0.00052208      a_ia      2077                           -0.00626493        12

  ==> Tried operator a_ia 1296: gain -2.26e-06 (threshold 5.6e-06), removed and excluded for this stage
  ==> Tried operator a_ia 1259: gain -2.19e-06 (threshold 5.6e-06), removed and excluded for this stage
  ==> Add operator: a_ia 2036
  ==> Current qubit order: 0  1  2  3  4  5  6  7  8  9  10  11  12  13  14  15  16  17  18  19  20  21  22  23  24  25  26  27  30  31  32  33  34  35  36  37  38  39  28  29  56  57  40  41  42  43  45  49  48  44  55  50  52  51  54  58  59  60  61  62  72  53  73  63  64  65  46  47  74  75  66  67  68  69  70  71  76  77  78  79  80  81  82  83  84  85  86  87  88  89  90  91  92  93  94  95  96  97  98  99  100  101  102  103  


  ==> Energy                -309.026647667
  ==> dE                       -2.70e-04
  ==> Gradient Norm             1.93e+00
  ==> Abs. Max. Deriv.          6.99e-02
  ==> Time-Grad. (s)               1.519
  ==> Time-Energy (s)              0.104
  ==> Time-Iter. (s)               1.623

--------------------------------------------------------------------------------
CEO-ADAPT-VQE iteration: 24
--------------------------------------------------------------------------------
    gate        derivative      name       op1       op2       op3        g_unscaled   penalty
    1881       -0.00102504      a_ia      1881                           -0.00410016         4
    1853       -0.00090001      a_ia      1853                           -0.00360006         4
    1951        0.00080856      a_ia      1951                            0.00485133         6
    1977        0.00080236      a_ia      1977                            0.00481415         6
   98141        0.00065195        op     44653     44654                  0.03716118        57
    1296       -0.00063370      a_ia      1296                           -0.00253479         4
    1259       -0.00062694      a_ia      1259                           -0.00250775         4
   44653        0.00062399    a_iajb     44653                            0.03556753        57
   98142        0.00059603        om     44653     44654                  0.03397387        57
    1813       -0.00056522      a_ia      1813                           -0.00791310        14

  ==> Add operator: mvp2 -1: 44653 44654
  ==> Current qubit order: 0  1  2  3  4  5  6  7  8  9  10  11  12  13  14  15  16  17  18  19  20  21  22  23  24  25  26  27  30  31  32  33  34  35  36  37  38  39  28  29  56  57  40  41  42  43  45  49  48  44  55  50  52  51  54  58  59  60  61  62  73  63  64  72  53  46  47  65  74  75  66  67  68  69  70  71  76  77  78  79  80  81  82  83  84  85  86  87  88  89  90  91  92  93  94  95  96  97  98  99  100  101  102  103  


  ==> Energy                -309.026986124
  ==> dE                       -3.38e-04
  ==> Gradient Norm             1.93e+00
  ==> Abs. Max. Deriv.          6.99e-02
  ==> Time-Grad. (s)               1.707
  ==> Time-Energy (s)              0.093
  ==> Time-Iter. (s)               1.800

--------------------------------------------------------------------------------
CEO-ADAPT-VQE iteration: 25
--------------------------------------------------------------------------------
    gate        derivative      name       op1       op2       op3        g_unscaled   penalty
    1951        0.00083990      a_ia      1951                            0.00503940         6
    1977        0.00079045      a_ia      1977                            0.00474273         6
    1881       -0.00070195      a_ia      1881                           -0.00421173         6
    1853       -0.00066300      a_ia      1853                           -0.00397798         6
    1296       -0.00065554      a_ia      1296                           -0.00262215         4
    1259       -0.00064820      a_ia      1259                           -0.00259281         4
    1813       -0.00056704      a_ia      1813                           -0.00793857        14
    2077       -0.00052327      a_ia      2077                           -0.00627926        12
   70843       -0.00050347        op     23886     23887                 -0.04480907        89
   70844       -0.00050347        om     23886     23887                 -0.04480907        89

  ==> Add operator: a_ia 1813
  ==> Current qubit order: 0  1  2  3  4  5  6  7  8  9  10  11  12  13  14  15  16  17  18  19  20  21  22  23  24  25  26  27  30  31  32  33  34  35  36  37  38  39  28  29  56  57  40  41  42  43  49  48  44  55  50  52  45  51  54  58  59  60  61  62  73  63  64  72  53  46  47  65  74  75  66  67  68  69  70  71  76  77  78  79  80  81  82  83  84  85  86  87  88  89  90  91  92  93  94  95  96  97  98  99  100  101  102  103  


  ==> Energy                -309.027723769
  ==> dE                       -7.38e-04
  ==> Gradient Norm             1.93e+00
  ==> Abs. Max. Deriv.          6.99e-02
  ==> Time-Grad. (s)               1.634
  ==> Time-Energy (s)              0.042
  ==> Time-Iter. (s)               1.676

--------------------------------------------------------------------------------
CEO-ADAPT-VQE iteration: 26
--------------------------------------------------------------------------------
    gate        derivative      name       op1       op2       op3        g_unscaled   penalty
    1881       -0.00070560      a_ia      1881                           -0.00423361         6
    1853       -0.00066463      a_ia      1853                           -0.00398778         6
    1296       -0.00064062      a_ia      1296                           -0.00256250         4
    1259       -0.00063287      a_ia      1259                           -0.00253147         4
    1951        0.00061641      a_ia      1951                            0.00493128         8
    1977        0.00057892      a_ia      1977                            0.00463139         8
   70843       -0.00050348        op     23886     23887                 -0.04480996        89
   70844       -0.00050348        om     23886     23887                 -0.04480996        89
   68233       -0.00048181        op     21810     21811                 -0.04480836        93
   68234       -0.00048181        om     21810     21811                 -0.04480836        93

  ==> Add operator: op -1: 23886 23887
  ==> Current qubit order: 0  1  2  3  4  5  6  7  8  9  10  11  12  13  14  15  16  18  19  20  21  22  23  24  25  26  27  30  31  32  33  34  17  28  56  57  35  36  37  38  39  29  40  41  42  43  49  48  44  55  50  52  45  51  54  58  59  60  61  62  73  63  64  72  53  46  47  65  74  75  66  67  68  69  70  71  76  77  78  79  80  81  82  83  84  85  86  87  88  89  90  91  92  93  94  95  96  97  98  99  100  101  102  103  


  ==> Energy                -309.028022453
  ==> dE                       -2.99e-04
  ==> Gradient Norm             1.93e+00
  ==> Abs. Max. Deriv.          6.99e-02
  ==> Time-Grad. (s)               1.809
  ==> Time-Energy (s)              0.055
  ==> Time-Iter. (s)               1.864

--------------------------------------------------------------------------------
CEO-ADAPT-VQE iteration: 27
--------------------------------------------------------------------------------
    gate        derivative      name       op1       op2       op3        g_unscaled   penalty
    1259       -0.00158194      a_ia      1259                           -0.00316389         2
    1881       -0.00070568      a_ia      1881                           -0.00423409         6
    1853       -0.00066461      a_ia      1853                           -0.00398767         6
    1951        0.00061751      a_ia      1951                            0.00494010         8
   84507        0.00060242        op     34610     34611                  0.02469914        41
   84508        0.00060242        om     34610     34611                  0.02469914        41
    1977        0.00057988      a_ia      1977                            0.00463905         8
   68233       -0.00055861        op     21810     21811                 -0.04301289        77
   68234       -0.00055861        om     21810     21811                 -0.04301289        77
   96785        0.00053083        op     43537     43538                  0.04299753        81

  ==> Add operator: op -1: 34610 34611
  ==> Current qubit order: 0  1  2  3  4  5  6  7  8  9  10  11  12  13  14  15  16  18  19  20  21  22  23  24  25  26  27  30  32  33  31  28  56  57  34  17  35  36  37  38  39  29  40  41  42  43  49  48  44  55  50  52  45  51  54  58  59  60  61  62  73  63  64  72  53  46  47  65  74  75  66  67  68  69  70  71  76  77  78  79  80  81  82  83  84  85  86  87  88  89  90  91  92  93  94  95  96  97  98  99  100  101  102  103  


  ==> Energy                -309.028172271
  ==> dE                       -1.50e-04
  ==> Gradient Norm             1.93e+00
  ==> Abs. Max. Deriv.          6.99e-02
  ==> Time-Grad. (s)               2.025
  ==> Time-Energy (s)              0.260
  ==> Time-Iter. (s)               2.285

--------------------------------------------------------------------------------
CEO-ADAPT-VQE iteration: 28
--------------------------------------------------------------------------------
    gate        derivative      name       op1       op2       op3        g_unscaled   penalty
    1259       -0.00174779      a_ia      1259                           -0.00349558         2
    1881       -0.00071266      a_ia      1881                           -0.00427595         6
    1853       -0.00066141      a_ia      1853                           -0.00396847         6
    1951        0.00063643      a_ia      1951                            0.00509144         8
    1977        0.00061436      a_ia      1977                            0.00491486         8
   67329        0.00053534        op     21056     21057                  0.03907981        73
   67330        0.00053534        om     21056     21057                  0.03907981        73
   96785        0.00053103        op     43537     43538                  0.04301381        81
   96786        0.00053103        om     43537     43538                  0.04301381        81
   68233       -0.00052784        op     21810     21811                 -0.04275466        81

  ==> Add operator: op -1: 21056 21057
  ==> Current qubit order: 0  1  2  3  4  5  6  7  8  9  10  11  12  13  14  15  18  19  20  21  22  23  24  25  26  27  30  16  56  57  17  32  33  31  28  34  35  36  37  38  39  29  40  41  42  43  49  48  44  55  50  52  45  51  54  58  59  60  61  62  73  63  64  72  53  46  47  65  74  75  66  67  68  69  70  71  76  77  78  79  80  81  82  83  84  85  86  87  88  89  90  91  92  93  94  95  96  97  98  99  100  101  102  103  


  ==> Energy                -309.028369254
  ==> dE                       -1.97e-04
  ==> Gradient Norm             1.92e+00
  ==> Abs. Max. Deriv.          6.98e-02
  ==> Time-Grad. (s)               2.141
  ==> Time-Energy (s)              0.106
  ==> Time-Iter. (s)               2.247

--------------------------------------------------------------------------------
CEO-ADAPT-VQE iteration: 29
--------------------------------------------------------------------------------
    gate        derivative      name       op1       op2       op3        g_unscaled   penalty
   68233       -0.00076074        op     21810     21811                 -0.04488343        59
   68234       -0.00076074        om     21810     21811                 -0.04488343        59
    1881       -0.00071266      a_ia      1881                           -0.00427595         6
    1853       -0.00066145      a_ia      1853                           -0.00396870         6
    1951        0.00063653      a_ia      1951                            0.00509221         8
    1977        0.00061454      a_ia      1977                            0.00491633         8
   21810       -0.00059845    a_iajb     21810                           -0.04488343        75
     779       -0.00059314      a_ia       779                           -0.00118627         2
   96785        0.00053103        op     43537     43538                  0.04301381        81
   96786        0.00053103        om     43537     43538                  0.04301381        81

  ==> Add operator: op -1: 21810 21811
  ==> Current qubit order: 0  1  2  3  4  5  6  7  8  9  10  11  12  13  14  15  18  19  20  21  22  23  24  25  26  27  30  17  32  16  56  57  29  33  31  28  34  35  36  37  38  39  40  41  42  43  49  48  44  55  50  52  45  51  54  58  59  60  61  62  73  63  64  72  53  46  47  65  74  75  66  67  68  69  70  71  76  77  78  79  80  81  82  83  84  85  86  87  88  89  90  91  92  93  94  95  96  97  98  99  100  101  102  103  


  ==> Energy                -309.028668921
  ==> dE                       -3.00e-04
  ==> Gradient Norm             1.92e+00
  ==> Abs. Max. Deriv.          6.98e-02
  ==> Time-Grad. (s)               2.314
  ==> Time-Energy (s)              0.143
  ==> Time-Iter. (s)               2.457

--------------------------------------------------------------------------------
CEO-ADAPT-VQE iteration: 30
--------------------------------------------------------------------------------
    gate        derivative      name       op1       op2       op3        g_unscaled   penalty
    1296       -0.00165805      a_ia      1296                           -0.00331610         2
    1881       -0.00071224      a_ia      1881                           -0.00427345         6
    1853       -0.00066111      a_ia      1853                           -0.00396668         6
    1951        0.00063843      a_ia      1951                            0.00510746         8
    1977        0.00061656      a_ia      1977                            0.00493249         8
   96785        0.00055862        op     43537     43538                  0.04301381        77
   96786        0.00055862        om     43537     43538                  0.04301381        77
   86723        0.00049991        op     36265     36266                  0.02349558        47
   86724        0.00049991        om     36265     36266                  0.02349558        47
   43537        0.00046251    a_iajb     43537                            0.04301381        93

  ==> Add operator: op -1: 43537 43538
  ==> Current qubit order: 0  1  2  3  4  5  6  7  8  9  10  11  12  13  14  15  18  19  20  21  22  23  24  25  26  27  30  17  32  16  56  57  29  33  31  28  34  35  36  37  40  41  42  43  49  48  38  39  58  59  44  55  50  52  45  51  54  60  61  62  73  63  64  72  53  46  47  65  74  75  66  67  68  69  70  71  76  77  78  79  80  81  82  83  84  85  86  87  88  89  90  91  92  93  94  95  96  97  98  99  100  101  102  103  


  ==> Energy                -309.028984497
  ==> dE                       -3.16e-04
  ==> Gradient Norm             1.92e+00
  ==> Abs. Max. Deriv.          6.98e-02
  ==> Time-Grad. (s)               2.375
  ==> Time-Energy (s)              0.320
  ==> Time-Iter. (s)               2.695

--------------------------------------------------------------------------------
CEO-ADAPT-VQE iteration: 31
--------------------------------------------------------------------------------
    gate        derivative      name       op1       op2       op3        g_unscaled   penalty
    1296       -0.00167420      a_ia      1296                           -0.00334840         2
    2077       -0.00161641      a_ia      2077                           -0.00646563         4
    1881       -0.00071100      a_ia      1881                           -0.00426598         6
    1853       -0.00066009      a_ia      1853                           -0.00396054         6
    1951        0.00063897      a_ia      1951                            0.00511176         8
    1977        0.00061722      a_ia      1977                            0.00493773         8
    1601       -0.00057852      a_ia      1601                           -0.00694221        12
   99241        0.00055387        op     45603     45604                  0.02713952        49
   45603        0.00055341    a_iajb     45603                            0.02711688        49
   99242        0.00055294        om     45603     45604                  0.02709424        49

  ==> Add operator: a_ia 2077
  ==> Current qubit order: 0  1  2  3  4  5  6  7  8  9  10  11  12  13  14  15  18  19  20  21  22  23  24  25  26  27  30  17  32  16  56  57  29  33  31  28  34  35  36  37  40  41  42  43  49  48  38  39  58  44  59  55  50  52  45  51  54  60  61  62  73  63  64  72  53  46  47  65  74  75  66  67  68  69  70  71  76  77  78  79  80  81  82  83  84  85  86  87  88  89  90  91  92  93  94  95  96  97  98  99  100  101  102  103  


  ==> Energy                -309.029584633
  ==> dE                       -6.00e-04
  ==> Gradient Norm             1.92e+00
  ==> Abs. Max. Deriv.          6.98e-02
  ==> Time-Grad. (s)               2.767
  ==> Time-Energy (s)              0.190
  ==> Time-Iter. (s)               2.956

--------------------------------------------------------------------------------
CEO-ADAPT-VQE iteration: 32
--------------------------------------------------------------------------------
    gate        derivative      name       op1       op2       op3        g_unscaled   penalty
    1296       -0.00168060      a_ia      1296                           -0.00336121         2
    1881       -0.00070962      a_ia      1881                           -0.00425773         6
    1951        0.00066442      a_ia      1951                            0.00531540         8
    1977        0.00064553      a_ia      1977                            0.00516422         8
    1853       -0.00064347      a_ia      1853                           -0.00386080         6
    1601       -0.00059643      a_ia      1601                           -0.00715711        12
   99241        0.00053257        op     45603     45604                  0.02716098        51
   45603        0.00053213    a_iajb     45603                            0.02713877        51
   99242        0.00053170        om     45603     45604                  0.02711657        51
   96951        0.00050038        op     43673     43674                  0.02852185        57

  ==> Add operator: a_ia 1601
  ==> Current qubit order: 0  1  2  3  4  5  6  7  8  9  10  11  12  13  14  15  18  19  20  21  22  23  24  25  26  27  30  17  32  16  56  57  29  33  31  28  34  35  36  37  40  41  42  43  49  48  39  58  44  59  55  38  50  52  45  51  54  60  61  62  73  63  64  72  53  46  47  65  74  75  66  67  68  69  70  71  76  77  78  79  80  81  82  83  84  85  86  87  88  89  90  91  92  93  94  95  96  97  98  99  100  101  102  103  


  ==> Energy                -309.030109877
  ==> dE                       -5.25e-04
  ==> Gradient Norm             1.92e+00
  ==> Abs. Max. Deriv.          6.98e-02
  ==> Time-Grad. (s)               3.102
  ==> Time-Energy (s)              0.337
  ==> Time-Iter. (s)               3.439

--------------------------------------------------------------------------------
CEO-ADAPT-VQE iteration: 33
--------------------------------------------------------------------------------
    gate        derivative      name       op1       op2       op3        g_unscaled   penalty
    1296       -0.00165220      a_ia      1296                           -0.00330439         2
    1881       -0.00070994      a_ia      1881                           -0.00425966         6
    1951        0.00065612      a_ia      1951                            0.00524898         8
    1853       -0.00064661      a_ia      1853                           -0.00387968         6
   99241        0.00057886        op     45603     45604                  0.02720645        47
   45603        0.00057839    a_iajb     45603                            0.02718445        47
   99242        0.00057792        om     45603     45604                  0.02716244        47
    1977        0.00050922      a_ia      1977                            0.00509222        10
   86723        0.00049989        op     36265     36266                  0.02349478        47
   86724        0.00049989        om     36265     36266                  0.02349478        47

  ==> Add operator: op -1: 45603 45604
  ==> Current qubit order: 0  1  2  3  4  5  6  7  8  9  10  11  12  13  14  15  18  19  20  21  22  23  24  25  26  27  30  17  32  16  56  57  29  33  31  28  34  35  36  37  40  41  42  43  49  48  58  59  39  44  55  38  50  52  45  51  54  60  61  62  73  63  64  72  53  46  47  65  74  75  66  67  68  69  70  71  76  77  78  79  80  81  82  83  84  85  86  87  88  89  90  91  92  93  94  95  96  97  98  99  100  101  102  103  


  ==> Energy                -309.030313642
  ==> dE                       -2.04e-04
  ==> Gradient Norm             1.92e+00
  ==> Abs. Max. Deriv.          6.98e-02
  ==> Time-Grad. (s)               4.522
  ==> Time-Energy (s)              1.533
  ==> Time-Iter. (s)               6.055

--------------------------------------------------------------------------------
CEO-ADAPT-VQE iteration: 34
--------------------------------------------------------------------------------
    gate        derivative      name       op1       op2       op3        g_unscaled   penalty
    1296       -0.00164832      a_ia      1296                           -0.00329664         2
    1881       -0.00070434      a_ia      1881                           -0.00422606         6
    1951        0.00066681      a_ia      1951                            0.00533445         8
    1853       -0.00065163      a_ia      1853                           -0.00390976         6
    1633       -0.00053693      a_ia      1633                           -0.00751701        14
    1977        0.00053336      a_ia      1977                            0.00533358        10
   86723        0.00049977        op     36265     36266                  0.02348922        47
   86724        0.00049977        om     36265     36266                  0.02348922        47
    2037       -0.00046381      a_ia      2037                           -0.00463809        10
   97027        0.00046314        op     43749     43750                  0.01898854        41

  ==> Add operator: a_ia 1633
  ==> Current qubit order: 0  1  2  3  4  5  6  7  8  9  10  11  12  13  14  15  18  19  20  21  22  23  24  25  26  27  30  17  32  16  56  57  29  33  31  28  34  35  36  37  40  41  42  43  49  48  58  59  44  55  38  50  52  45  39  51  54  60  61  62  73  63  64  72  53  46  47  65  74  75  66  67  68  69  70  71  76  77  78  79  80  81  82  83  84  85  86  87  88  89  90  91  92  93  94  95  96  97  98  99  100  101  102  103  


  ==> Energy                -309.030874664
  ==> dE                       -5.61e-04
  ==> Gradient Norm             1.92e+00
  ==> Abs. Max. Deriv.          6.98e-02
  ==> Time-Grad. (s)               5.503
  ==> Time-Energy (s)              0.558
  ==> Time-Iter. (s)               6.061

--------------------------------------------------------------------------------
CEO-ADAPT-VQE iteration: 35
--------------------------------------------------------------------------------
    gate        derivative      name       op1       op2       op3        g_unscaled   penalty
    1296       -0.00162243      a_ia      1296                           -0.00324486         2
    1881       -0.00070787      a_ia      1881                           -0.00424722         6
    1853       -0.00065193      a_ia      1853                           -0.00391160         6
    1951        0.00052562      a_ia      1951                            0.00525624        10
   86723        0.00049977        op     36265     36266                  0.02348920        47
   86724        0.00049977        om     36265     36266                  0.02348920        47
    2037       -0.00046866      a_ia      2037                           -0.00468659        10
   98163        0.00045285        op     44675     44676                  0.04211512        93
    1977        0.00043889      a_ia      1977                            0.00526665        12
   44675        0.00043733    a_iajb     44675                            0.04067200        93

  ==> Add operator: op -1: 36265 36266
  ==> Current qubit order: 0  1  2  3  4  5  6  7  8  9  10  11  12  13  14  15  18  19  20  21  22  23  24  25  26  27  17  32  16  30  56  57  29  33  31  28  34  35  36  37  40  41  42  43  49  48  58  59  44  55  38  50  52  45  39  51  54  60  61  62  73  63  64  72  53  46  47  65  74  75  66  67  68  69  70  71  76  77  78  79  80  81  82  83  84  85  86  87  88  89  90  91  92  93  94  95  96  97  98  99  100  101  102  103  


  ==> Energy                -309.030965190
  ==> dE                       -9.05e-05
  ==> Gradient Norm             1.92e+00
  ==> Abs. Max. Deriv.          6.98e-02
  ==> Time-Grad. (s)               7.882
  ==> Time-Energy (s)              0.816
  ==> Time-Iter. (s)               8.698

--------------------------------------------------------------------------------
CEO-ADAPT-VQE iteration: 36
--------------------------------------------------------------------------------
    gate        derivative      name       op1       op2       op3        g_unscaled   penalty
    1296       -0.00172860      a_ia      1296                           -0.00345719         2
    1881       -0.00070833      a_ia      1881                           -0.00424997         6
    1853       -0.00065235      a_ia      1853                           -0.00391410         6
    1951        0.00052614      a_ia      1951                            0.00526141        10
   71295       -0.00050634        op     24284     24285                 -0.01468379        29
   71296       -0.00050634        om     24284     24285                 -0.01468379        29
   89183        0.00047927        op     38044     38045                  0.01773285        37
   89184        0.00047927        om     38044     38045                  0.01773285        37
    2037       -0.00046866      a_ia      2037                           -0.00468664        10
   98163        0.00045286        op     44675     44676                  0.04211555        93

  ==> Add operator: op -1: 24284 24285
  ==> Current qubit order: 0  1  2  3  4  5  6  7  8  9  10  11  12  13  14  15  18  19  20  21  22  23  24  25  26  27  32  16  17  30  56  57  29  33  31  28  34  35  36  37  40  41  42  43  49  48  58  59  44  55  38  50  52  45  39  51  54  60  61  62  73  63  64  72  53  46  47  65  74  75  66  67  68  69  70  71  76  77  78  79  80  81  82  83  84  85  86  87  88  89  90  91  92  93  94  95  96  97  98  99  100  101  102  103  


  ==> Energy                -309.030995304
  ==> dE                       -3.01e-05
  ==> Gradient Norm             1.92e+00
  ==> Abs. Max. Deriv.          6.98e-02
  ==> Time-Grad. (s)               9.450
  ==> Time-Energy (s)              0.947
  ==> Time-Iter. (s)              10.397

--------------------------------------------------------------------------------
CEO-ADAPT-VQE iteration: 37
--------------------------------------------------------------------------------
    gate        derivative      name       op1       op2       op3        g_unscaled   penalty
    1296       -0.00171788      a_ia      1296                           -0.00343575         2
    1881       -0.00070837      a_ia      1881                           -0.00425024         6
    1853       -0.00065238      a_ia      1853                           -0.00391425         6
    1951        0.00052650      a_ia      1951                            0.00526497        10
   89183        0.00048727        op     38044     38045                  0.01802887        37
   89184        0.00048727        om     38044     38045                  0.01802887        37
    2037       -0.00046866      a_ia      2037                           -0.00468664        10
   98163        0.00045286        op     44675     44676                  0.04211567        93
    1977        0.00043967      a_ia      1977                            0.00527598        12
   44675        0.00043734    a_iajb     44675                            0.04067253        93

  ==> Add operator: op -1: 38044 38045
  ==> Current qubit order: 0  1  2  3  4  5  6  7  8  9  10  11  12  13  14  15  18  19  20  21  22  23  24  25  26  27  32  16  17  30  56  57  31  29  33  28  34  35  36  37  40  41  42  43  49  48  58  59  44  55  38  50  52  45  39  51  54  60  61  62  73  63  64  72  53  46  47  65  74  75  66  67  68  69  70  71  76  77  78  79  80  81  82  83  84  85  86  87  88  89  90  91  92  93  94  95  96  97  98  99  100  101  102  103  


  ==> Energy                -309.031050255
  ==> dE                       -5.50e-05
  ==> Gradient Norm             1.92e+00
  ==> Abs. Max. Deriv.          6.98e-02
  ==> Time-Grad. (s)              11.130
  ==> Time-Energy (s)              2.950
  ==> Time-Iter. (s)              14.080

--------------------------------------------------------------------------------
CEO-ADAPT-VQE iteration: 38
--------------------------------------------------------------------------------
    gate        derivative      name       op1       op2       op3        g_unscaled   penalty
    1296       -0.00087624      a_ia      1296                           -0.00350496         4
    1881       -0.00070952      a_ia      1881                           -0.00425710         6
    1853       -0.00065511      a_ia      1853                           -0.00393068         6
    1951        0.00052236      a_ia      1951                            0.00522363        10
    2037       -0.00047415      a_ia      2037                           -0.00474148        10
    1332       -0.00047159      a_ia      1332                           -0.00094318         2
   98163        0.00045322        op     44675     44676                  0.04214918        93
    1977        0.00044264      a_ia      1977                            0.00531173        12
   44675        0.00043762    a_iajb     44675                            0.04069851        93
   98161        0.00042960        op     44673     44674                  0.03823399        89

  ==> Add operator: a_ia 2037
  ==> Current qubit order: 0  1  2  3  4  5  6  7  8  9  10  11  12  13  14  15  18  19  20  21  22  23  24  25  26  27  32  16  17  30  56  57  31  29  33  28  34  35  36  37  40  41  42  43  49  48  58  59  44  55  38  50  52  45  39  51  54  60  61  62  73  63  64  72  46  47  65  74  53  75  66  67  68  69  70  71  76  77  78  79  80  81  82  83  84  85  86  87  88  89  90  91  92  93  94  95  96  97  98  99  100  101  102  103  


  ==> Energy                -309.031200676
  ==> dE                       -1.50e-04
  ==> Gradient Norm             1.91e+00
  ==> Abs. Max. Deriv.          6.98e-02
  ==> Time-Grad. (s)              12.747
  ==> Time-Energy (s)              1.541
  ==> Time-Iter. (s)              14.288

--------------------------------------------------------------------------------
CEO-ADAPT-VQE iteration: 39
--------------------------------------------------------------------------------
    gate        derivative      name       op1       op2       op3        g_unscaled   penalty
    1296       -0.00088002      a_ia      1296                           -0.00352009         4
    1853       -0.00066468      a_ia      1853                           -0.00398808         6
    1881       -0.00059030      a_ia      1881                           -0.00472242         8
    1951        0.00053314      a_ia      1951                            0.00533138        10
    1332       -0.00047524      a_ia      1332                           -0.00095047         2
   98163        0.00045458        op     44675     44676                  0.04227612        93
    1977        0.00044940      a_ia      1977                            0.00539286        12
   44675        0.00043874    a_iajb     44675                            0.04080272        93
   98161        0.00042980        op     44673     44674                  0.03825241        89
   98164        0.00042290        om     44675     44676                  0.03932932        93

  ==> Tried operator a_ia 1332: gain -3.17e-07 (threshold 2.8e-06), removed and excluded for this stage
  ==> Add operator: mvp2 -1: 44675 44676
  ==> Current qubit order: 0  1  2  3  4  5  6  7  8  9  10  11  12  13  14  15  18  19  20  21  22  23  24  25  26  27  32  16  17  30  56  57  31  29  33  28  34  35  36  37  40  41  42  43  49  48  58  59  44  55  38  50  52  45  39  51  60  61  62  73  63  64  72  54  46  47  81  65  74  53  75  66  67  68  69  70  71  76  77  78  79  80  82  83  84  85  86  87  88  89  90  91  92  93  94  95  96  97  98  99  100  101  102  103  


  ==> Energy                -309.031640932
  ==> dE                       -4.40e-04
  ==> Gradient Norm             1.91e+00
  ==> Abs. Max. Deriv.          6.98e-02
  ==> Time-Grad. (s)              21.505
  ==> Time-Energy (s)              6.980
  ==> Time-Iter. (s)              28.485

--------------------------------------------------------------------------------
CEO-ADAPT-VQE iteration: 40
--------------------------------------------------------------------------------
    gate        derivative      name       op1       op2       op3        g_unscaled   penalty
    1843       -0.00136391      a_ia      1843                           -0.00272781         2
    1296       -0.00089667      a_ia      1296                           -0.00358667         4
    2060       -0.00084508      a_ia      2060                           -0.00169015         2
    1881       -0.00054694      a_ia      1881                           -0.00546939        10
    1853       -0.00053123      a_ia      1853                           -0.00424984         8
    2040        0.00052499      a_ia      2040                            0.00314996         6
    1332       -0.00048970      a_ia      1332                           -0.00097941         2
   98161        0.00047049        op     44673     44674                  0.03810990        81
   44673        0.00045907    a_iajb     44673                            0.03718432        81
    1977        0.00044843      a_ia      1977                            0.00538112        12

  ==> Add operator: a_ia 2060
  ==> Current qubit order: 0  1  2  3  4  5  6  7  8  9  10  11  12  13  14  15  18  19  20  21  22  23  24  25  26  27  32  16  17  30  56  57  31  29  33  28  34  35  36  37  40  41  42  43  49  48  58  59  44  55  38  50  52  45  39  51  60  61  62  73  63  64  72  54  46  47  81  65  74  53  75  66  67  68  69  70  71  76  77  78  79  80  82  83  84  85  86  87  88  89  90  91  92  93  94  95  96  97  98  99  100  101  102  103  


  ==> Energy                -309.031671353
  ==> dE                       -3.04e-05
  ==> Gradient Norm             1.91e+00
  ==> Abs. Max. Deriv.          6.98e-02
  ==> Time-Grad. (s)              25.377
  ==> Time-Energy (s)              3.467
  ==> Time-Iter. (s)              28.843

--------------------------------------------------------------------------------
CEO-ADAPT-VQE iteration: 41
--------------------------------------------------------------------------------
    gate        derivative      name       op1       op2       op3        g_unscaled   penalty
    1843       -0.00152658      a_ia      1843                           -0.00305316         2
    1296       -0.00089434      a_ia      1296                           -0.00357734         4
    1881       -0.00055259      a_ia      1881                           -0.00552589        10
    1853       -0.00055003      a_ia      1853                           -0.00440021         8
    2040        0.00051779      a_ia      2040                            0.00310675         6
    1332       -0.00049024      a_ia      1332                           -0.00098049         2
   98161        0.00047028        op     44673     44674                  0.03809258        81
   44673        0.00045882    a_iajb     44673                            0.03716458        81
    1977        0.00045108      a_ia      1977                            0.00541292        12
   98162        0.00044737        om     44673     44674                  0.03623657        81

  ==> Add operator: a_ia 2040
  ==> Current qubit order: 0  1  2  3  4  5  6  7  8  9  10  11  12  13  14  15  18  19  20  21  22  23  24  25  26  27  32  16  17  30  56  57  31  29  33  28  34  35  36  37  40  41  42  43  49  48  58  59  44  55  38  50  52  45  39  51  60  61  62  73  63  64  72  54  46  47  65  74  81  53  75  66  67  68  69  70  71  76  77  78  79  80  82  83  84  85  86  87  88  89  90  91  92  93  94  95  96  97  98  99  100  101  102  103  


  ==> Energy                -309.031735690
  ==> dE                       -6.43e-05
  ==> Gradient Norm             1.91e+00
  ==> Abs. Max. Deriv.          6.98e-02
  ==> Time-Grad. (s)              31.611
  ==> Time-Energy (s)              8.116
  ==> Time-Iter. (s)              39.727

--------------------------------------------------------------------------------
CEO-ADAPT-VQE iteration: 42
--------------------------------------------------------------------------------
    gate        derivative      name       op1       op2       op3        g_unscaled   penalty
    1843       -0.00152717      a_ia      1843                           -0.00305434         2
    1296       -0.00091763      a_ia      1296                           -0.00367051         4
    1853       -0.00072862      a_ia      1853                           -0.00437173         6
    1881       -0.00053706      a_ia      1881                           -0.00537055        10
    1332       -0.00051953      a_ia      1332                           -0.00103906         2
   98161        0.00047222        op     44673     44674                  0.03824986        81
   44673        0.00046056    a_iajb     44673                            0.03730568        81
   98162        0.00044891        om     44673     44674                  0.03636149        81
   99595        0.00044536        op     45927     45928                  0.01825960        41
   99596        0.00044536        om     45927     45928                  0.01825960        41

  ==> Add operator: mvp2 -1: 44673 44674
  ==> Current qubit order: 0  1  2  3  4  5  6  7  8  9  10  11  12  13  14  15  18  19  20  21  22  23  24  25  26  27  32  16  17  30  56  57  31  29  33  28  34  35  36  37  40  41  42  43  49  48  58  59  44  55  38  50  52  45  39  51  60  61  62  73  63  64  72  65  74  81  54  46  47  79  53  75  66  67  68  69  70  71  76  77  78  80  82  83  84  85  86  87  88  89  90  91  92  93  94  95  96  97  98  99  100  101  102  103  


  ==> Energy                -309.032045885
  ==> dE                       -3.10e-04
  ==> Gradient Norm             1.91e+00
  ==> Abs. Max. Deriv.          6.97e-02
  ==> Time-Grad. (s)              32.145
  ==> Time-Energy (s)              7.655
  ==> Time-Iter. (s)              39.801

--------------------------------------------------------------------------------
CEO-ADAPT-VQE iteration: 43
--------------------------------------------------------------------------------
    gate        derivative      name       op1       op2       op3        g_unscaled   penalty
    2039       -0.00161997      a_ia      2039                           -0.00323994         2
    1843       -0.00154469      a_ia      1843                           -0.00308938         2
    1881       -0.00096807      a_ia      1881                           -0.00580840         6
    1296       -0.00092431      a_ia      1296                           -0.00369722         4
    2061       -0.00078785      a_ia      2061                           -0.00315139         4
    1853       -0.00077220      a_ia      1853                           -0.00463322         6
    1883        0.00056582      a_ia      1883                            0.00113165         2
    1332       -0.00052905      a_ia      1332                           -0.00105811         2
   99595        0.00044535        op     45927     45928                  0.01825950        41
   99596        0.00044535        om     45927     45928                  0.01825950        41

  ==> Add operator: a_ia 2039
  ==> Current qubit order: 0  1  2  3  4  5  6  7  8  9  10  11  12  13  14  15  18  19  20  21  22  23  24  25  26  27  32  16  17  30  56  57  31  29  33  28  34  35  36  37  40  41  42  43  49  48  58  59  44  55  38  50  52  45  39  51  60  61  62  73  63  64  72  65  74  81  54  46  47  79  53  75  66  67  68  69  70  71  76  77  78  80  82  83  84  85  86  87  88  89  90  91  92  93  94  95  96  97  98  99  100  101  102  103  


  ==> Energy                -309.032112734
  ==> dE                       -6.68e-05
  ==> Gradient Norm             1.91e+00
  ==> Abs. Max. Deriv.          6.97e-02
  ==> Time-Grad. (s)              31.602
  ==> Time-Energy (s)              3.653
  ==> Time-Iter. (s)              35.255

--------------------------------------------------------------------------------
CEO-ADAPT-VQE iteration: 44
--------------------------------------------------------------------------------
    gate        derivative      name       op1       op2       op3        g_unscaled   penalty
    1843       -0.00154101      a_ia      1843                           -0.00308202         2
    1881       -0.00095057      a_ia      1881                           -0.00570345         6
    1296       -0.00092105      a_ia      1296                           -0.00368420         4
    2061       -0.00079656      a_ia      2061                           -0.00318622         4
    1853       -0.00077700      a_ia      1853                           -0.00466197         6
    1332       -0.00052409      a_ia      1332                           -0.00104818         2
    1883        0.00051000      a_ia      1883                            0.00102001         2
   99595        0.00044469        op     45927     45928                  0.01823218        41
   99596        0.00044469        om     45927     45928                  0.01823218        41
    1977        0.00043697      a_ia      1977                            0.00524360        12

  ==> Add operator: a_ia 2061
  ==> Current qubit order: 0  1  2  3  4  5  6  7  8  9  10  11  12  13  14  15  18  19  20  21  22  23  24  25  26  27  32  16  17  30  56  57  31  29  33  28  34  35  36  37  40  41  42  43  49  48  58  59  44  55  38  50  52  45  39  51  60  61  62  73  63  64  72  65  81  74  54  46  47  79  53  75  66  67  68  69  70  71  76  77  78  80  82  83  84  85  86  87  88  89  90  91  92  93  94  95  96  97  98  99  100  101  102  103  


  ==> Energy                -309.032218403
  ==> dE                       -1.06e-04
  ==> Gradient Norm             1.91e+00
  ==> Abs. Max. Deriv.          6.97e-02
  ==> Time-Grad. (s)              32.418
  ==> Time-Energy (s)              3.715
  ==> Time-Iter. (s)              36.133

--------------------------------------------------------------------------------
CEO-ADAPT-VQE iteration: 45
--------------------------------------------------------------------------------
    gate        derivative      name       op1       op2       op3        g_unscaled   penalty
    1843       -0.00163287      a_ia      1843                           -0.00326575         2
    1853       -0.00122238      a_ia      1853                           -0.00488953         4
    1881       -0.00096179      a_ia      1881                           -0.00577077         6
    1296       -0.00091966      a_ia      1296                           -0.00367862         4
    1332       -0.00052613      a_ia      1332                           -0.00105226         2
   99595        0.00044455        op     45927     45928                  0.01822657        41
   99596        0.00044455        om     45927     45928                  0.01822657        41
    1883        0.00044111      a_ia      1883                            0.00088222         2
    1977        0.00043823      a_ia      1977                            0.00525875        12
   73435        0.00042239        op     25929     25930                  0.02576549        61

  ==> Add operator: op -1: 45927 45928
  ==> Current qubit order: 0  1  2  3  4  5  6  7  8  9  10  11  12  13  14  15  18  19  20  21  22  23  24  25  26  27  32  16  17  30  56  57  31  29  33  28  34  35  36  37  40  41  42  43  49  48  58  59  44  55  38  52  45  39  50  51  62  63  60  61  73  64  72  65  81  74  54  46  47  79  53  75  66  67  68  69  70  71  76  77  78  80  82  83  84  85  86  87  88  89  90  91  92  93  94  95  96  97  98  99  100  101  102  103  


  ==> Energy                -309.032293443
  ==> dE                       -7.50e-05
  ==> Gradient Norm             1.91e+00
  ==> Abs. Max. Deriv.          6.97e-02
  ==> Time-Grad. (s)              32.298
  ==> Time-Energy (s)              4.620
  ==> Time-Iter. (s)              36.919

--------------------------------------------------------------------------------
CEO-ADAPT-VQE iteration: 46
--------------------------------------------------------------------------------
    gate        derivative      name       op1       op2       op3        g_unscaled   penalty
    1843       -0.00163329      a_ia      1843                           -0.00326658         2
    1853       -0.00122229      a_ia      1853                           -0.00488916         4
    1881       -0.00096167      a_ia      1881                           -0.00577002         6
    1296       -0.00091903      a_ia      1296                           -0.00367613         4
    1602        0.00058120      a_ia      1602                            0.00116239         2
    1332       -0.00052550      a_ia      1332                           -0.00105100         2
    1883        0.00044115      a_ia      1883                            0.00088230         2
    1977        0.00043479      a_ia      1977                            0.00521752        12
   73435        0.00042239        op     25929     25930                  0.02576553        61
   73436        0.00042239        om     25929     25930                  0.02576553        61

  ==> Add operator: a_ia 1602
  ==> Current qubit order: 0  1  2  3  4  5  6  7  8  9  10  11  12  13  14  15  18  19  20  21  22  23  24  25  26  27  32  16  17  30  56  57  31  29  33  28  34  35  36  37  40  41  42  43  49  48  58  59  44  55  38  52  45  39  50  51  62  63  60  61  73  64  72  65  81  74  54  46  47  79  53  75  66  67  68  69  70  71  76  77  78  80  82  83  84  85  86  87  88  89  90  91  92  93  94  95  96  97  98  99  100  101  102  103  


  ==> Energy                -309.032310155
  ==> dE                       -1.67e-05
  ==> Gradient Norm             1.91e+00
  ==> Abs. Max. Deriv.          6.97e-02
  ==> Time-Grad. (s)              29.513
  ==> Time-Energy (s)             13.819
  ==> Time-Iter. (s)              43.333

--------------------------------------------------------------------------------
CEO-ADAPT-VQE iteration: 47
--------------------------------------------------------------------------------
    gate        derivative      name       op1       op2       op3        g_unscaled   penalty
    1843       -0.00158599      a_ia      1843                           -0.00317198         2
    1853       -0.00122203      a_ia      1853                           -0.00488811         4
    1881       -0.00095550      a_ia      1881                           -0.00573302         6
    1296       -0.00092705      a_ia      1296                           -0.00370818         4
    1332       -0.00052739      a_ia      1332                           -0.00105478         2
    1883        0.00045732      a_ia      1883                            0.00091464         2
    1977        0.00042436      a_ia      1977                            0.00509229        12
   98344        0.00042392        om     44855     44856                  0.02925034        69
   73435        0.00042240        op     25929     25930                  0.02576620        61
   73436        0.00042240        om     25929     25930                  0.02576620        61

  ==> Tried operator a_ia 1883: gain -2.07e-07 (threshold 1.5e-06), removed and excluded for this stage
  ==> Add operator: mvp2 -1: 44855 44856
  ==> Current qubit order: 0  1  2  3  4  5  6  7  8  9  10  11  12  13  14  15  18  19  20  21  22  23  24  25  26  27  32  16  17  30  56  57  31  29  33  28  34  35  36  37  40  41  42  43  49  48  58  59  44  55  38  52  45  39  50  51  62  63  60  61  73  64  72  65  81  74  54  53  75  46  47  79  78  66  67  68  69  70  71  76  77  80  82  83  84  85  86  87  88  89  90  91  92  93  94  95  96  97  98  99  100  101  102  103  


  ==> Energy                -309.032456340
  ==> dE                       -1.46e-04
  ==> Gradient Norm             1.91e+00
  ==> Abs. Max. Deriv.          6.97e-02
  ==> Time-Grad. (s)              30.327
  ==> Time-Energy (s)             11.581
  ==> Time-Iter. (s)              41.908

--------------------------------------------------------------------------------
CEO-ADAPT-VQE iteration: 48
--------------------------------------------------------------------------------
    gate        derivative      name       op1       op2       op3        g_unscaled   penalty
    1881       -0.00144719      a_ia      1881                           -0.00578875         4
    1296       -0.00092929      a_ia      1296                           -0.00371716         4
    1853       -0.00062982      a_ia      1853                           -0.00503860         8
    1843       -0.00053544      a_ia      1843                           -0.00321264         6
    1332       -0.00052900      a_ia      1332                           -0.00105801         2
    2063       -0.00050920      a_ia      2063                           -0.00611037        12
    1977        0.00043168      a_ia      1977                            0.00518018        12
   73435        0.00042240        op     25929     25930                  0.02576647        61
   73436        0.00042240        om     25929     25930                  0.02576647        61
   98157        0.00041577        op     44669     44670                  0.01787816        43

  ==> Add operator: a_ia 2063
  ==> Current qubit order: 0  1  2  3  4  5  6  7  8  9  10  11  12  13  14  15  18  19  20  21  22  23  24  25  26  27  32  16  17  30  56  57  31  29  33  28  34  35  36  37  40  41  42  43  49  48  58  59  44  55  38  52  45  39  50  51  62  63  60  61  73  64  72  65  81  74  53  75  46  47  79  54  78  66  67  68  69  70  71  76  77  80  82  83  84  85  86  87  88  89  90  91  92  93  94  95  96  97  98  99  100  101  102  103  


  ==> Energy                -309.032821986
  ==> dE                       -3.66e-04
  ==> Gradient Norm             1.91e+00
  ==> Abs. Max. Deriv.          6.97e-02
  ==> Time-Grad. (s)              29.501
  ==> Time-Energy (s)              3.792
  ==> Time-Iter. (s)              33.293

--------------------------------------------------------------------------------
CEO-ADAPT-VQE iteration: 49
--------------------------------------------------------------------------------
    gate        derivative      name       op1       op2       op3        g_unscaled   penalty
    1881       -0.00151124      a_ia      1881                           -0.00604495         4
    1296       -0.00094331      a_ia      1296                           -0.00377324         4
    1853       -0.00088264      a_ia      1853                           -0.00529586         6
    1332       -0.00054436      a_ia      1332                           -0.00108871         2
    1843       -0.00054220      a_ia      1843                           -0.00325322         6
    1977        0.00042987      a_ia      1977                            0.00515845        12
   73435        0.00042243        op     25929     25930                  0.02576808        61
   73436        0.00042243        om     25929     25930                  0.02576808        61
    1368       -0.00042185      a_ia      1368                           -0.00084370         2
    2064       -0.00041278      a_ia      2064                           -0.00825550        20

  ==> Add operator: op -1: 25929 25930
  ==> Current qubit order: 0  1  2  3  4  5  6  7  8  9  10  11  12  13  14  15  19  20  21  22  23  24  25  26  27  32  16  18  56  57  29  17  30  31  33  28  34  35  36  37  40  41  42  43  49  48  58  59  44  55  38  52  45  39  50  51  62  63  60  61  73  64  72  65  81  74  53  75  46  47  79  54  78  66  67  68  69  70  71  76  77  80  82  83  84  85  86  87  88  89  90  91  92  93  94  95  96  97  98  99  100  101  102  103  


  ==> Energy                -309.032919783
  ==> dE                       -9.78e-05
  ==> Gradient Norm             1.91e+00
  ==> Abs. Max. Deriv.          6.97e-02
  ==> Time-Grad. (s)              29.745
  ==> Time-Energy (s)              3.258
  ==> Time-Iter. (s)              33.003

--------------------------------------------------------------------------------
CEO-ADAPT-VQE iteration: 50
--------------------------------------------------------------------------------
    gate        derivative      name       op1       op2       op3        g_unscaled   penalty
    1296       -0.00198474      a_ia      1296                           -0.00396949         2
    1881       -0.00151229      a_ia      1881                           -0.00604916         4
    1853       -0.00088329      a_ia      1853                           -0.00529976         6
    1843       -0.00054193      a_ia      1843                           -0.00325157         6
   70335       -0.00051140        op     23474     23475                 -0.02199035        43
   70336       -0.00051140        om     23474     23475                 -0.02199035        43
    1977        0.00043121      a_ia      1977                            0.00517448        12
    2064       -0.00041278      a_ia      2064                           -0.00825570        20
   97678        0.00040468        om     44267     44268                  0.01901984        47
   44267        0.00040432    a_iajb     44267                            0.01900317        47

  ==> Add operator: op -1: 23474 23475
  ==> Current qubit order: 0  1  2  3  4  5  6  7  8  9  10  11  12  13  14  15  19  20  21  22  23  24  25  26  27  32  16  18  56  57  17  29  30  31  33  28  34  35  36  37  40  41  42  43  49  48  58  59  44  55  38  52  45  39  50  51  62  63  60  61  73  64  72  65  81  74  53  75  46  47  79  54  78  66  67  68  69  70  71  76  77  80  82  83  84  85  86  87  88  89  90  91  92  93  94  95  96  97  98  99  100  101  102  103  


  ==> Energy                -309.032981591
  ==> dE                       -6.18e-05
  ==> Gradient Norm             1.90e+00
  ==> Abs. Max. Deriv.          6.97e-02
  ==> Time-Grad. (s)              29.444
  ==> Time-Energy (s)              4.543
  ==> Time-Iter. (s)              33.987

--------------------------------------------------------------------------------
CEO-ADAPT-VQE iteration: 51
--------------------------------------------------------------------------------
    gate        derivative      name       op1       op2       op3        g_unscaled   penalty
    1881       -0.00151259      a_ia      1881                           -0.00605037         4
    1296       -0.00100380      a_ia      1296                           -0.00401518         4
    1853       -0.00088346      a_ia      1853                           -0.00530079         6
    1843       -0.00054106      a_ia      1843                           -0.00324634         6
    1977        0.00043189      a_ia      1977                            0.00518266        12
    2064       -0.00041279      a_ia      2064                           -0.00825579        20
   97678        0.00040468        om     44267     44268                  0.01901985        47
   44267        0.00040432    a_iajb     44267                            0.01900318        47
   97677        0.00040397        op     44267     44268                  0.01898651        47
   98746       -0.00039948        om     45182     45183                 -0.03155901        79

  ==> Add operator: a_ia 2064
  ==> Current qubit order: 0  1  2  3  4  5  6  7  8  9  10  11  12  13  14  15  19  20  21  22  23  24  25  26  27  32  16  18  56  57  17  29  30  31  33  28  34  35  36  37  40  41  42  43  49  48  58  59  44  55  38  52  45  39  50  51  62  63  60  61  73  64  72  65  81  74  53  75  46  47  79  78  66  67  68  69  70  71  76  77  54  80  82  83  84  85  86  87  88  89  90  91  92  93  94  95  96  97  98  99  100  101  102  103  


  ==> Energy                -309.033682428
  ==> dE                       -7.01e-04
  ==> Gradient Norm             1.90e+00
  ==> Abs. Max. Deriv.          6.97e-02
  ==> Time-Grad. (s)              29.303
  ==> Time-Energy (s)             10.089
  ==> Time-Iter. (s)              39.392

--------------------------------------------------------------------------------
CEO-ADAPT-VQE iteration: 52
--------------------------------------------------------------------------------
    gate        derivative      name       op1       op2       op3        g_unscaled   penalty
    1881       -0.00162786      a_ia      1881                           -0.00651146         4
    2065        0.00108130      a_ia      2065                            0.00432519         4
    1296       -0.00106233      a_ia      1296                           -0.00424932         4
    1853       -0.00104416      a_ia      1853                           -0.00626498         6
    1883        0.00046354      a_ia      1883                            0.00092707         2
   97678        0.00040472        om     44267     44268                  0.01902199        47
   44267        0.00040437    a_iajb     44267                            0.01900560        47
   97677        0.00040403        op     44267     44268                  0.01898920        47
    1977        0.00040258      a_ia      1977                            0.00483098        12
   98746       -0.00039821        om     45182     45183                 -0.03145896        79

  ==> Add operator: a_ia 2065
  ==> Current qubit order: 0  1  2  3  4  5  6  7  8  9  10  11  12  13  14  15  19  20  21  22  23  24  25  26  27  32  16  18  56  57  17  29  30  31  33  28  34  35  36  37  40  41  42  43  49  48  58  59  44  55  38  52  45  39  50  51  62  63  60  61  73  64  72  65  81  74  53  75  46  47  79  78  66  67  68  69  70  71  76  77  80  54  82  83  84  85  86  87  88  89  90  91  92  93  94  95  96  97  98  99  100  101  102  103  


  ==> Energy                -309.033859866
  ==> dE                       -1.77e-04
  ==> Gradient Norm             1.90e+00
  ==> Abs. Max. Deriv.          6.97e-02
  ==> Time-Grad. (s)              29.553
  ==> Time-Energy (s)              3.494
  ==> Time-Iter. (s)              33.047

--------------------------------------------------------------------------------
CEO-ADAPT-VQE iteration: 53
--------------------------------------------------------------------------------
    gate        derivative      name       op1       op2       op3        g_unscaled   penalty
    1881       -0.00162234      a_ia      1881                           -0.00648937         4
    1296       -0.00107445      a_ia      1296                           -0.00429782         4
    1853       -0.00104112      a_ia      1853                           -0.00624671         6
    1883        0.00058425      a_ia      1883                            0.00116849         2
    1977        0.00040895      a_ia      1977                            0.00490735        12
   97678        0.00040479        om     44267     44268                  0.01902527        47
   44267        0.00040445    a_iajb     44267                            0.01900896        47
   97677        0.00040410        op     44267     44268                  0.01899266        47
   98746       -0.00039776        om     45182     45183                 -0.03142274        79
   45182       -0.00039454    a_iajb     45182                           -0.03116898        79

  ==> Add operator: om -1: 44267 44268
  ==> Current qubit order: 0  1  2  3  4  5  6  7  8  9  10  11  12  13  14  15  19  20  21  22  23  24  25  26  27  32  16  18  56  57  17  29  30  31  33  28  34  35  36  37  40  41  42  43  49  48  58  59  44  45  55  38  52  39  50  51  62  63  60  61  73  64  72  65  81  74  53  75  46  47  79  78  66  67  68  69  70  71  76  77  80  54  82  83  84  85  86  87  88  89  90  91  92  93  94  95  96  97  98  99  100  101  102  103  


  ==> Energy                -309.033927037
  ==> dE                       -6.72e-05
  ==> Gradient Norm             1.90e+00
  ==> Abs. Max. Deriv.          6.97e-02
  ==> Time-Grad. (s)              29.609
  ==> Time-Energy (s)              4.273
  ==> Time-Iter. (s)              33.882

--------------------------------------------------------------------------------
CEO-ADAPT-VQE iteration: 54
--------------------------------------------------------------------------------
    gate        derivative      name       op1       op2       op3        g_unscaled   penalty
    1881       -0.00162227      a_ia      1881                           -0.00648907         4
    1296       -0.00107486      a_ia      1296                           -0.00429942         4
    1853       -0.00104106      a_ia      1853                           -0.00624636         6
    1815       -0.00060739      a_ia      1815                           -0.00121478         2
    1883        0.00058396      a_ia      1883                            0.00116793         2
    1977        0.00049077      a_ia      1977                            0.00490768        10
   98746       -0.00039776        om     45182     45183                 -0.03142265        79
   45182       -0.00039454    a_iajb     45182                           -0.03116890        79
   98745       -0.00039133        op     45182     45183                 -0.03091516        79
   74727        0.00038888        op     26972     26973                  0.02527709        65

  ==> Tried operator a_ia 1815: gain -7.19e-07 (threshold 9.4e-07), removed and excluded for this stage
  ==> Add operator: mvp2 -1: 45182 45183
  ==> Current qubit order: 0  1  2  3  4  5  6  7  8  9  10  11  12  13  14  15  19  20  21  22  23  24  25  26  27  32  16  18  56  57  17  29  30  31  33  28  34  35  36  37  40  41  42  43  49  48  58  59  44  45  55  38  52  39  50  62  63  60  61  73  64  65  81  51  72  46  79  74  53  75  47  78  66  67  68  69  70  71  76  77  80  54  82  83  84  85  86  87  88  89  90  91  92  93  94  95  96  97  98  99  100  101  102  103  


  ==> Energy                -309.034074957
  ==> dE                       -1.48e-04
  ==> Gradient Norm             1.90e+00
  ==> Abs. Max. Deriv.          6.97e-02
  ==> Time-Grad. (s)              28.950
  ==> Time-Energy (s)             11.508
  ==> Time-Iter. (s)              40.458

--------------------------------------------------------------------------------
CEO-ADAPT-VQE iteration: 55
--------------------------------------------------------------------------------
    gate        derivative      name       op1       op2       op3        g_unscaled   penalty
    1881       -0.00324147      a_ia      1881                           -0.00648295         2
    1990        0.00170363      a_ia      1990                            0.00340727         2
    1853       -0.00156489      a_ia      1853                           -0.00625956         4
    1989        0.00115315      a_ia      1989                            0.00691889         6
    1296       -0.00107981      a_ia      1296                           -0.00431923         4
    1815       -0.00060935      a_ia      1815                           -0.00121870         2
   98748       -0.00056623        om     45184     45185                 -0.02321529        41
   45184       -0.00056244    a_iajb     45184                           -0.02306024        41
   98747       -0.00055866        op     45184     45185                 -0.02290518        41
     822        0.00039111      a_ia       822                            0.00078223         2

  ==> Add operator: a_ia 1990
  ==> Current qubit order: 0  1  2  3  4  5  6  7  8  9  10  11  12  13  14  15  19  20  21  22  23  24  25  26  27  32  16  18  56  57  17  29  30  31  33  28  34  35  36  37  40  41  42  43  49  48  58  59  44  45  55  38  52  39  50  62  63  60  61  73  64  65  81  51  72  46  79  74  53  75  47  78  66  67  68  69  70  71  76  77  80  54  82  83  84  85  86  87  88  89  90  91  92  93  94  95  96  97  98  99  100  101  102  103  


  ==> Energy                -309.034077976
  ==> dE                       -3.02e-06
  ==> Gradient Norm             1.90e+00
  ==> Abs. Max. Deriv.          6.97e-02
  ==> Time-Grad. (s)              29.572
  ==> Time-Energy (s)              4.194
  ==> Time-Iter. (s)              33.766

--------------------------------------------------------------------------------
CEO-ADAPT-VQE iteration: 56
--------------------------------------------------------------------------------
    gate        derivative      name       op1       op2       op3        g_unscaled   penalty
    1881       -0.00326315      a_ia      1881                           -0.00652630         2
    1853       -0.00155148      a_ia      1853                           -0.00620592         4
    1989        0.00114745      a_ia      1989                            0.00688473         6
    1296       -0.00108796      a_ia      1296                           -0.00435183         4
    1815       -0.00061457      a_ia      1815                           -0.00122914         2
   98748       -0.00056828        om     45184     45185                 -0.02329951        41
   45184       -0.00056505    a_iajb     45184                           -0.02316716        41
   98747       -0.00056182        op     45184     45185                 -0.02303481        41
     822        0.00040795      a_ia       822                            0.00081591         2
   74727        0.00038891        op     26972     26973                  0.02527905        65

  ==> Add operator: a_ia 1989
  ==> Current qubit order: 0  1  2  3  4  5  6  7  8  9  10  11  12  13  14  15  19  20  21  22  23  24  25  26  27  32  16  18  56  57  17  29  30  31  33  28  34  35  36  37  40  41  42  43  49  48  58  59  44  45  55  38  52  39  50  62  63  60  61  73  64  65  81  72  46  51  79  74  53  75  47  78  66  67  68  69  70  71  76  77  80  54  82  83  84  85  86  87  88  89  90  91  92  93  94  95  96  97  98  99  100  101  102  103  


  ==> Energy                -309.034090350
  ==> dE                       -1.24e-05
  ==> Gradient Norm             1.90e+00
  ==> Abs. Max. Deriv.          6.97e-02
  ==> Time-Grad. (s)              29.927
  ==> Time-Energy (s)              3.668
  ==> Time-Iter. (s)              33.594

--------------------------------------------------------------------------------
CEO-ADAPT-VQE iteration: 57
--------------------------------------------------------------------------------
    gate        derivative      name       op1       op2       op3        g_unscaled   penalty
    1881       -0.00327048      a_ia      1881                           -0.00654097         2
    1296       -0.00110811      a_ia      1296                           -0.00443242         4
    1853       -0.00102223      a_ia      1853                           -0.00613339         6
    1815       -0.00062437      a_ia      1815                           -0.00124874         2
   98748       -0.00056933        om     45184     45185                 -0.02334258        41
   45184       -0.00056609    a_iajb     45184                           -0.02320964        41
   98747       -0.00056285        op     45184     45185                 -0.02307671        41
     822        0.00044834      a_ia       822                            0.00089669         2
   98604       -0.00044559        om     45040     45041                 -0.02985430        67
   45040       -0.00043357    a_iajb     45040                           -0.02904917        67

  ==> Add operator: mvp2 -1: 45184 45185
  ==> Current qubit order: 0  1  2  3  4  5  6  7  8  9  10  11  12  13  14  15  19  20  21  22  23  24  25  26  27  32  16  18  56  57  17  29  30  31  33  28  34  35  36  37  40  41  42  43  49  48  58  59  44  45  55  38  52  39  50  62  63  60  61  73  64  65  81  72  46  51  79  74  53  75  47  78  66  67  68  69  70  71  76  77  80  54  82  83  84  85  86  87  88  89  90  91  92  93  94  95  96  97  98  99  100  101  102  103  


  ==> Energy                -309.034173209
  ==> dE                       -8.29e-05
  ==> Gradient Norm             1.90e+00
  ==> Abs. Max. Deriv.          6.97e-02
  ==> Time-Grad. (s)              30.431
  ==> Time-Energy (s)             12.501
  ==> Time-Iter. (s)              42.933

--------------------------------------------------------------------------------
CEO-ADAPT-VQE iteration: 58
--------------------------------------------------------------------------------
    gate        derivative      name       op1       op2       op3        g_unscaled   penalty
    1881       -0.00328752      a_ia      1881                           -0.00657503         2
    1296       -0.00111360      a_ia      1296                           -0.00445438         4
    1853       -0.00102718      a_ia      1853                           -0.00616306         6
    1815       -0.00062783      a_ia      1815                           -0.00125566         2
     822        0.00046707      a_ia       822                            0.00093414         2
   98604       -0.00043813        om     45040     45041                 -0.02935438        67
    1987        0.00043104      a_ia      1987                            0.00344834         8
   45040       -0.00043086    a_iajb     45040                           -0.02886766        67
   98603       -0.00042360        op     45040     45041                 -0.02838094        67
   74727        0.00038901        op     26972     26973                  0.02528572        65

  ==> Tried operator a_ia 822: gain -2.44e-07 (threshold 9.0e-07), removed and excluded for this stage
  ==> Add operator: mvp2 -1: 45040 45041
  ==> Current qubit order: 0  1  2  3  4  5  6  7  8  9  10  11  12  13  14  15  19  20  21  22  23  24  25  26  27  32  16  18  56  57  17  29  30  31  33  28  34  35  36  37  40  41  42  43  49  48  58  59  44  45  55  38  39  50  62  63  60  61  73  64  52  81  46  51  65  72  79  74  53  75  47  78  66  67  68  69  70  71  76  77  80  54  82  83  84  85  86  87  88  89  90  91  92  93  94  95  96  97  98  99  100  101  102  103  


  ==> Energy                -309.034350746
  ==> dE                       -1.78e-04
  ==> Gradient Norm             1.90e+00
  ==> Abs. Max. Deriv.          6.97e-02
  ==> Time-Grad. (s)              30.146
  ==> Time-Energy (s)             12.101
  ==> Time-Iter. (s)              42.247

--------------------------------------------------------------------------------
CEO-ADAPT-VQE iteration: 59
--------------------------------------------------------------------------------
    gate        derivative      name       op1       op2       op3        g_unscaled   penalty
    1881       -0.00331093      a_ia      1881                           -0.00662185         2
    1296       -0.00112383      a_ia      1296                           -0.00449533         4
    1815       -0.00062881      a_ia      1815                           -0.00125762         2
    1853       -0.00062265      a_ia      1853                           -0.00622646        10
     822        0.00048512      a_ia       822                            0.00097024         2
   74727        0.00038903        op     26972     26973                  0.02528678        65
   74728        0.00038903        om     26972     26973                  0.02528678        65
   98602       -0.00038596        om     45038     45039                 -0.02122763        55
   45038       -0.00038451    a_iajb     45038                           -0.02114813        55
   98601       -0.00038307        op     45038     45039                 -0.02106862        55

  ==> Add operator: op -1: 26972 26973
  ==> Current qubit order: 0  1  2  3  4  5  6  7  8  9  10  11  12  13  14  15  20  21  22  23  24  25  26  27  32  19  56  57  28  16  18  17  29  30  31  33  34  35  36  37  40  41  42  43  49  48  58  59  44  45  55  38  39  50  62  63  60  61  73  64  52  81  46  51  65  72  79  74  53  75  47  78  66  67  68  69  70  71  76  77  80  54  82  83  84  85  86  87  88  89  90  91  92  93  94  95  96  97  98  99  100  101  102  103  


  ==> Energy                -309.034444937
  ==> dE                       -9.42e-05
  ==> Gradient Norm             1.90e+00
  ==> Abs. Max. Deriv.          6.97e-02
  ==> Time-Grad. (s)              30.555
  ==> Time-Energy (s)              3.950
  ==> Time-Iter. (s)              34.505

--------------------------------------------------------------------------------
CEO-ADAPT-VQE iteration: 60
--------------------------------------------------------------------------------
    gate        derivative      name       op1       op2       op3        g_unscaled   penalty
    1881       -0.00331278      a_ia      1881                           -0.00662557         2
    1259       -0.00113191      a_ia      1259                           -0.00452764         4
    1815       -0.00062964      a_ia      1815                           -0.00125928         2
    1853       -0.00062305      a_ia      1853                           -0.00623051        10
   67659       -0.00049602        op     21365     21366                 -0.02132891        43
   67660       -0.00049602        om     21365     21366                 -0.02132891        43
    1296       -0.00044974      a_ia      1296                           -0.00449735        10
   68739       -0.00039393        op     22235     22236                 -0.01457547        37
   68740       -0.00039393        om     22235     22236                 -0.01457547        37
   98602       -0.00038597        om     45038     45039                 -0.02122820        55

  ==> Add operator: op -1: 21365 21366
  ==> Current qubit order: 0  1  2  3  4  5  6  7  8  9  10  11  12  13  14  15  20  21  22  23  24  25  26  27  32  19  56  57  16  28  18  17  29  30  31  33  34  35  36  37  40  41  42  43  49  48  58  59  44  45  55  38  39  50  62  63  60  61  73  64  52  81  46  51  65  72  79  74  53  75  47  78  66  67  68  69  70  71  76  77  80  54  82  83  84  85  86  87  88  89  90  91  92  93  94  95  96  97  98  99  100  101  102  103  


  ==> Energy                -309.034503085
  ==> dE                       -5.81e-05
  ==> Gradient Norm             1.90e+00
  ==> Abs. Max. Deriv.          6.97e-02
  ==> Time-Grad. (s)              30.612
  ==> Time-Energy (s)              4.280
  ==> Time-Iter. (s)              34.892

--------------------------------------------------------------------------------
CEO-ADAPT-VQE iteration: 61
--------------------------------------------------------------------------------
    gate        derivative      name       op1       op2       op3        g_unscaled   penalty
    1881       -0.00331295      a_ia      1881                           -0.00662589         2
    1259       -0.00076198      a_ia      1259                           -0.00457190         6
    1815       -0.00062976      a_ia      1815                           -0.00125952         2
    1853       -0.00062310      a_ia      1853                           -0.00623102        10
    1296       -0.00045624      a_ia      1296                           -0.00456235        10
   98602       -0.00038597        om     45038     45039                 -0.02122843        55
   45038       -0.00038453    a_iajb     45038                           -0.02114894        55
   98601       -0.00038308        op     45038     45039                 -0.02106945        55
    1990        0.00038116      a_ia      1990                            0.00152464         4
   93415        0.00035496        op     41166     41167                  0.03443126        97

  ==> Add operator: mvp2 -1: 45038 45039
  ==> Current qubit order: 0  1  2  3  4  5  6  7  8  9  10  11  12  13  14  15  20  21  22  23  24  25  26  27  32  19  56  57  16  28  18  17  29  30  31  33  34  35  36  37  40  41  42  43  49  48  58  59  44  45  55  38  39  50  62  63  60  61  73  64  81  52  46  51  79  65  72  74  53  75  47  78  66  67  68  69  70  71  76  77  80  54  82  83  84  85  86  87  88  89  90  91  92  93  94  95  96  97  98  99  100  101  102  103  


  ==> Energy                -309.034596088
  ==> dE                       -9.30e-05
  ==> Gradient Norm             1.90e+00
  ==> Abs. Max. Deriv.          6.97e-02
  ==> Time-Grad. (s)              30.267
  ==> Time-Energy (s)              8.800
  ==> Time-Iter. (s)              39.067

--------------------------------------------------------------------------------
CEO-ADAPT-VQE iteration: 62
--------------------------------------------------------------------------------
    gate        derivative      name       op1       op2       op3        g_unscaled   penalty
    1881       -0.00331846      a_ia      1881                           -0.00663693         2
    1259       -0.00076533      a_ia      1259                           -0.00459196         6
    1842       -0.00064305      a_ia      1842                           -0.00128609         2
    1853       -0.00063166      a_ia      1853                           -0.00631655        10
    1815       -0.00062903      a_ia      1815                           -0.00125807         2
    1989        0.00051614      a_ia      1989                            0.00103227         2
    1296       -0.00045792      a_ia      1296                           -0.00457924        10
    2012       -0.00040553      a_ia      2012                           -0.00486641        12
   93415        0.00035496        op     41166     41167                  0.03443126        97
   93416        0.00035496        om     41166     41167                  0.03443126        97

  ==> Add operator: a_ia 2012
  ==> Current qubit order: 0  1  2  3  4  5  6  7  8  9  10  11  12  13  14  15  20  21  22  23  24  25  26  27  32  19  56  57  16  28  18  17  29  30  31  33  34  35  36  37  40  41  42  43  49  48  58  59  44  45  55  38  39  50  62  63  60  61  73  64  81  46  51  79  65  72  52  74  53  75  47  78  66  67  68  69  70  71  76  77  80  54  82  83  84  85  86  87  88  89  90  91  92  93  94  95  96  97  98  99  100  101  102  103  


  ==> Energy                -309.034749876
  ==> dE                       -1.54e-04
  ==> Gradient Norm             1.90e+00
  ==> Abs. Max. Deriv.          6.97e-02
  ==> Time-Grad. (s)              30.397
  ==> Time-Energy (s)              3.492
  ==> Time-Iter. (s)              33.889

--------------------------------------------------------------------------------
CEO-ADAPT-VQE iteration: 63
--------------------------------------------------------------------------------
    gate        derivative      name       op1       op2       op3        g_unscaled   penalty
    1881       -0.00334541      a_ia      1881                           -0.00669081         2
    2011       -0.00159059      a_ia      2011                           -0.00318117         2
    1259       -0.00076803      a_ia      1259                           -0.00460819         6
    1815       -0.00064635      a_ia      1815                           -0.00129271         2
    1989        0.00061300      a_ia      1989                            0.00122601         2
    1853       -0.00057662      a_ia      1853                           -0.00691947        12
    1990        0.00050435      a_ia      1990                            0.00201738         4
    1296       -0.00046003      a_ia      1296                           -0.00460035        10
   93415        0.00035496        op     41166     41167                  0.03443126        97
   93416        0.00035496        om     41166     41167                  0.03443126        97

  ==> Add operator: a_ia 2011
  ==> Current qubit order: 0  1  2  3  4  5  6  7  8  9  10  11  12  13  14  15  20  21  22  23  24  25  26  27  32  19  56  57  16  28  18  17  29  30  31  33  34  35  36  37  40  41  42  43  49  48  58  59  44  45  55  38  39  50  62  63  60  61  73  64  81  46  51  79  65  72  52  74  53  75  47  78  66  67  68  69  70  71  76  77  80  54  82  83  84  85  86  87  88  89  90  91  92  93  94  95  96  97  98  99  100  101  102  103  


  ==> Energy                -309.034888435
  ==> dE                       -1.39e-04
  ==> Gradient Norm             1.90e+00
  ==> Abs. Max. Deriv.          6.97e-02
  ==> Time-Grad. (s)              30.622
  ==> Time-Energy (s)             16.168
  ==> Time-Iter. (s)              46.790

--------------------------------------------------------------------------------
CEO-ADAPT-VQE iteration: 64
--------------------------------------------------------------------------------
    gate        derivative      name       op1       op2       op3        g_unscaled   penalty
    1881       -0.00343274      a_ia      1881                           -0.00686547         2
    1259       -0.00078826      a_ia      1259                           -0.00472958         6
    1815       -0.00069994      a_ia      1815                           -0.00139988         2
    1853       -0.00058599      a_ia      1853                           -0.00703190        12
    1296       -0.00047202      a_ia      1296                           -0.00472025        10
   93415        0.00035496        op     41166     41167                  0.03443126        97
   93416        0.00035496        om     41166     41167                  0.03443126        97
   89253        0.00035021        op     38114     38115                  0.03537097       101
   89254        0.00035021        om     38114     38115                  0.03537097       101
   68739       -0.00034994        op     22235     22236                 -0.01504725        43

  ==> Add operator: op -1: 41166 41167
  ==> Current qubit order: 0  1  2  3  4  5  6  7  8  9  10  11  12  13  14  15  20  21  22  23  24  25  26  27  32  19  56  57  16  28  18  17  29  30  31  33  36  37  40  41  42  43  49  48  34  35  60  61  58  59  44  45  55  38  39  50  62  63  73  64  81  46  51  79  65  72  52  74  53  75  47  78  66  67  68  69  70  71  76  77  80  54  82  83  84  85  86  87  88  89  90  91  92  93  94  95  96  97  98  99  100  101  102  103  


  ==> Energy                -309.035078825
  ==> dE                       -1.90e-04
  ==> Gradient Norm             1.89e+00
  ==> Abs. Max. Deriv.          6.97e-02
  ==> Time-Grad. (s)              30.801
  ==> Time-Energy (s)              4.630
  ==> Time-Iter. (s)              35.431

--------------------------------------------------------------------------------
CEO-ADAPT-VQE iteration: 65
--------------------------------------------------------------------------------
    gate        derivative      name       op1       op2       op3        g_unscaled   penalty
    1881       -0.00343264      a_ia      1881                           -0.00686529         2
    1259       -0.00078729      a_ia      1259                           -0.00472373         6
    1815       -0.00069899      a_ia      1815                           -0.00139799         2
    1853       -0.00058598      a_ia      1853                           -0.00703171        12
    1474        0.00058535      a_ia      1474                            0.00234141         4
    1508        0.00057381      a_ia      1508                            0.00229524         4
    1296       -0.00047144      a_ia      1296                           -0.00471439        10
   93926        0.00039685        om     41600     41602                  0.03373233        85
   93453        0.00039047        op     41204     41205                  0.02538037        65
   93454        0.00039047        om     41204     41205                  0.02538037        65

  ==> Add operator: a_ia 1474
  ==> Current qubit order: 0  1  2  3  4  5  6  7  8  9  10  11  12  13  14  15  20  21  22  23  24  25  26  27  32  19  56  57  16  28  18  17  29  30  31  33  36  37  40  41  42  43  49  48  35  34  60  61  58  59  44  45  55  38  39  50  62  63  73  64  81  46  51  79  65  72  52  74  53  75  47  78  66  67  68  69  70  71  76  77  80  54  82  83  84  85  86  87  88  89  90  91  92  93  94  95  96  97  98  99  100  101  102  103  


  ==> Energy                -309.035080692
  ==> dE                       -1.87e-06
  ==> Gradient Norm             1.89e+00
  ==> Abs. Max. Deriv.          6.97e-02
  ==> Time-Grad. (s)              27.571
  ==> Time-Energy (s)              4.069
  ==> Time-Iter. (s)              31.641

--------------------------------------------------------------------------------
CEO-ADAPT-VQE iteration: 66
--------------------------------------------------------------------------------
    gate        derivative      name       op1       op2       op3        g_unscaled   penalty
    1881       -0.00344103      a_ia      1881                           -0.00688206         2
    1259       -0.00079145      a_ia      1259                           -0.00474869         6
    1815       -0.00071032      a_ia      1815                           -0.00142064         2
    1853       -0.00058737      a_ia      1853                           -0.00704849        12
    1296       -0.00047367      a_ia      1296                           -0.00473673        10
   93926        0.00040642        om     41600     41602                  0.03373305        83
   93453        0.00039033        op     41204     41205                  0.02537146        65
   93454        0.00039033        om     41204     41205                  0.02537146        65
   95248       -0.00038096        om     42497     42498                 -0.03466771        91
   93491        0.00037554        op     41242     41243                  0.03192088        85

  ==> Add operator: mvp2 -1: 41600 41602
  ==> Current qubit order: 0  1  2  3  4  5  6  7  8  9  10  11  12  13  14  15  20  21  22  23  24  25  26  27  32  19  56  57  16  28  18  17  29  30  31  33  36  37  40  41  42  43  49  48  35  60  61  58  59  44  45  55  38  39  50  62  63  34  64  46  52  73  81  51  79  65  72  74  53  75  47  78  66  67  68  69  70  71  76  77  80  54  82  83  84  85  86  87  88  89  90  91  92  93  94  95  96  97  98  99  100  101  102  103  


  ==> Energy                -309.035615678
  ==> dE                       -5.35e-04
  ==> Gradient Norm             1.89e+00
  ==> Abs. Max. Deriv.          6.97e-02
  ==> Time-Grad. (s)              27.459
  ==> Time-Energy (s)              8.371
  ==> Time-Iter. (s)              35.830

--------------------------------------------------------------------------------
CEO-ADAPT-VQE iteration: 67
--------------------------------------------------------------------------------
    gate        derivative      name       op1       op2       op3        g_unscaled   penalty
    1881       -0.00343160      a_ia      1881                           -0.00686321         2
    1842       -0.00081592      a_ia      1842                           -0.00163185         2
    1259       -0.00078898      a_ia      1259                           -0.00473389         6
    1815       -0.00073193      a_ia      1815                           -0.00146385         2
    1508        0.00055096      a_ia      1508                            0.00220383         4
    1296       -0.00047196      a_ia      1296                           -0.00471964        10
   93950       -0.00046244        om     41612     41614                 -0.02913367        63
   94305        0.00044725        op     41801     41802                  0.02728196        61
    1853       -0.00043865      a_ia      1853                           -0.00701833        16
   94883        0.00039407        op     42193     42194                  0.03349553        85

  ==> Add operator: a_ia 1508
  ==> Current qubit order: 0  1  2  3  4  5  6  7  8  9  10  11  12  13  14  15  20  21  22  23  24  25  26  27  32  19  56  57  16  28  18  17  29  30  31  33  36  37  40  41  42  43  49  48  60  35  61  58  59  44  45  55  38  39  50  62  63  34  64  46  52  73  81  51  79  65  72  74  53  75  47  78  66  67  68  69  70  71  76  77  80  54  82  83  84  85  86  87  88  89  90  91  92  93  94  95  96  97  98  99  100  101  102  103  


  ==> Energy                -309.035617332
  ==> dE                       -1.65e-06
  ==> Gradient Norm             1.89e+00
  ==> Abs. Max. Deriv.          6.97e-02
  ==> Time-Grad. (s)              26.689
  ==> Time-Energy (s)              4.561
  ==> Time-Iter. (s)              31.250

--------------------------------------------------------------------------------
CEO-ADAPT-VQE iteration: 68
--------------------------------------------------------------------------------
    gate        derivative      name       op1       op2       op3        g_unscaled   penalty
    1881       -0.00343963      a_ia      1881                           -0.00687926         2
    1842       -0.00084132      a_ia      1842                           -0.00168264         2
    1259       -0.00079249      a_ia      1259                           -0.00475494         6
    1815       -0.00074219      a_ia      1815                           -0.00148438         2
    1296       -0.00047432      a_ia      1296                           -0.00474316        10
   93950       -0.00046243        om     41612     41614                 -0.02913279        63
   94305        0.00044723        op     41801     41802                  0.02728128        61
    1853       -0.00043962      a_ia      1853                           -0.00703386        16
   93453        0.00040239        op     41204     41205                  0.02535052        63
   93454        0.00040239        om     41204     41205                  0.02535052        63

  ==> Add operator: mvp2 -1: 41612 41614
  ==> Current qubit order: 0  1  2  3  4  5  6  7  8  9  10  11  12  13  14  15  20  21  22  23  24  25  26  27  32  19  56  57  16  28  18  17  29  30  31  33  36  37  40  41  42  43  49  48  60  35  61  58  59  44  45  55  38  39  50  62  63  64  73  81  34  46  52  74  51  79  65  72  53  75  47  78  66  67  68  69  70  71  76  77  80  54  82  83  84  85  86  87  88  89  90  91  92  93  94  95  96  97  98  99  100  101  102  103  


  ==> Energy                -309.036002184
  ==> dE                       -3.85e-04
  ==> Gradient Norm             1.89e+00
  ==> Abs. Max. Deriv.          6.97e-02
  ==> Time-Grad. (s)              26.975
  ==> Time-Energy (s)              7.535
  ==> Time-Iter. (s)              34.511

--------------------------------------------------------------------------------
CEO-ADAPT-VQE iteration: 69
--------------------------------------------------------------------------------
    gate        derivative      name       op1       op2       op3        g_unscaled   penalty
    1881       -0.00345643      a_ia      1881                           -0.00691286         2
    1853       -0.00176091      a_ia      1853                           -0.00704363         4
    1842       -0.00079321      a_ia      1842                           -0.00158643         2
    1259       -0.00079157      a_ia      1259                           -0.00474940         6
    1815       -0.00076007      a_ia      1815                           -0.00152014         2
    1467       -0.00062925      a_ia      1467                           -0.00125849         2
    1296       -0.00047479      a_ia      1296                           -0.00474789        10
   94883        0.00041253        op     42193     42194                  0.03341492        81
   93453        0.00038990        op     41204     41205                  0.02534346        65
   93454        0.00038990        om     41204     41205                  0.02534346        65

  ==> Add operator: a_ia 1467
  ==> Current qubit order: 0  1  2  3  4  5  6  7  8  9  10  11  12  13  14  15  20  21  22  23  24  25  26  27  32  19  56  57  16  28  18  17  29  30  31  33  36  37  40  41  42  43  49  48  60  35  61  58  59  44  45  55  38  39  50  62  63  64  73  81  34  46  52  74  51  79  65  72  53  75  47  78  66  67  68  69  70  71  76  77  80  54  82  83  84  85  86  87  88  89  90  91  92  93  94  95  96  97  98  99  100  101  102  103  


  ==> Energy                -309.036021196
  ==> dE                       -1.90e-05
  ==> Gradient Norm             1.89e+00
  ==> Abs. Max. Deriv.          6.97e-02
  ==> Time-Grad. (s)              26.784
  ==> Time-Energy (s)              3.965
  ==> Time-Iter. (s)              30.750

--------------------------------------------------------------------------------
CEO-ADAPT-VQE iteration: 70
--------------------------------------------------------------------------------
    gate        derivative      name       op1       op2       op3        g_unscaled   penalty
    1881       -0.00345641      a_ia      1881                           -0.00691283         2
    1853       -0.00175850      a_ia      1853                           -0.00703400         4
    1259       -0.00079161      a_ia      1259                           -0.00474969         6
    1842       -0.00079132      a_ia      1842                           -0.00158265         2
    1815       -0.00076170      a_ia      1815                           -0.00152340         2
    1296       -0.00047468      a_ia      1296                           -0.00474683        10
   94883        0.00041248        op     42193     42194                  0.03341097        81
   93453        0.00038991        op     41204     41205                  0.02534433        65
   93454        0.00038991        om     41204     41205                  0.02534433        65
   95248       -0.00037282        om     42497     42498                 -0.03467268        93

  ==> Add operator: mvp2 -1: 42193 42194
  ==> Current qubit order: 0  1  2  3  4  5  6  7  8  9  10  11  12  13  14  15  20  21  22  23  24  25  26  27  32  19  56  57  16  28  18  17  29  30  31  33  36  37  40  41  42  43  49  48  60  35  61  58  59  44  45  55  38  39  50  62  63  64  73  81  46  52  74  79  65  72  75  34  51  53  76  47  78  66  67  68  69  70  71  77  80  54  82  83  84  85  86  87  88  89  90  91  92  93  94  95  96  97  98  99  100  101  102  103  


  ==> Energy                -309.036323798
  ==> dE                       -3.03e-04
  ==> Gradient Norm             1.89e+00
  ==> Abs. Max. Deriv.          6.97e-02
  ==> Time-Grad. (s)              27.850
  ==> Time-Energy (s)             16.272
  ==> Time-Iter. (s)              44.122

--------------------------------------------------------------------------------
CEO-ADAPT-VQE iteration: 71
--------------------------------------------------------------------------------
    gate        derivative      name       op1       op2       op3        g_unscaled   penalty
    1853       -0.00175931      a_ia      1853                           -0.00703725         4
    1987        0.00089741      a_ia      1987                            0.00358963         4
    1842       -0.00083961      a_ia      1842                           -0.00167922         2
    1259       -0.00080059      a_ia      1259                           -0.00480356         6
    1815       -0.00075640      a_ia      1815                           -0.00151279         2
    1881       -0.00069187      a_ia      1881                           -0.00691875        10
    1296       -0.00047761      a_ia      1296                           -0.00477612        10
    1482        0.00044516      a_ia      1482                            0.00267098         6
   95248       -0.00042814        om     42497     42498                 -0.03467935        81
   99494        0.00037471        om     45825     45826                  0.03409831        91

  ==> Add operator: a_ia 1987
  ==> Current qubit order: 0  1  2  3  4  5  6  7  8  9  10  11  12  13  14  15  20  21  22  23  24  25  26  27  32  19  56  57  16  28  18  17  29  30  31  33  36  37  40  41  42  43  49  48  60  35  61  58  59  44  45  55  38  39  50  62  63  64  73  81  46  52  74  79  65  72  34  75  51  53  76  47  78  66  67  68  69  70  71  77  80  54  82  83  84  85  86  87  88  89  90  91  92  93  94  95  96  97  98  99  100  101  102  103  


  ==> Energy                -309.036327401
  ==> dE                       -3.60e-06
  ==> Gradient Norm             1.89e+00
  ==> Abs. Max. Deriv.          6.97e-02
  ==> Time-Grad. (s)              27.602
  ==> Time-Energy (s)              4.203
  ==> Time-Iter. (s)              31.805

--------------------------------------------------------------------------------
CEO-ADAPT-VQE iteration: 72
--------------------------------------------------------------------------------
    gate        derivative      name       op1       op2       op3        g_unscaled   penalty
    1853       -0.00175919      a_ia      1853                           -0.00703674         4
    1881       -0.00086282      a_ia      1881                           -0.00690255         8
    1842       -0.00082945      a_ia      1842                           -0.00165890         2
    1259       -0.00080060      a_ia      1259                           -0.00480361         6
    1815       -0.00075867      a_ia      1815                           -0.00151733         2
    1480       -0.00056495      a_ia      1480                           -0.00112991         2
    1296       -0.00047752      a_ia      1296                           -0.00477516        10
   95248       -0.00042814        om     42497     42498                 -0.03467939        81
   99494        0.00037475        om     45825     45826                  0.03410240        91
   45825        0.00036934    a_iajb     45825                            0.03360975        91

  ==> Tried operator a_ia 1480: gain -2.89e-07 (threshold 9.4e-07), removed and excluded for this stage
  ==> Add operator: mvp2 -1: 42497 42498
  ==> Current qubit order: 0  1  2  3  4  5  6  7  8  9  10  11  12  13  14  15  20  21  22  23  24  25  26  27  32  19  56  57  16  28  18  17  29  30  31  33  36  37  40  41  42  43  49  48  60  61  58  59  44  45  55  38  39  50  62  63  64  35  46  52  65  73  81  74  79  72  34  75  51  53  76  47  78  66  67  68  69  70  71  77  80  54  82  83  84  85  86  87  88  89  90  91  92  93  94  95  96  97  98  99  100  101  102  103  


  ==> Energy                -309.036894881
  ==> dE                       -5.67e-04
  ==> Gradient Norm             1.89e+00
  ==> Abs. Max. Deriv.          6.97e-02
  ==> Time-Grad. (s)              28.308
  ==> Time-Energy (s)             10.679
  ==> Time-Iter. (s)              38.986

--------------------------------------------------------------------------------
CEO-ADAPT-VQE iteration: 73
--------------------------------------------------------------------------------
    gate        derivative      name       op1       op2       op3        g_unscaled   penalty
    1881       -0.00086148      a_ia      1881                           -0.00689188         8
    1842       -0.00085322      a_ia      1842                           -0.00170645         2
    1259       -0.00079760      a_ia      1259                           -0.00478559         6
    1815       -0.00077619      a_ia      1815                           -0.00155239         2
    1853       -0.00069871      a_ia      1853                           -0.00698707        10
    1480       -0.00056705      a_ia      1480                           -0.00113409         2
   95256        0.00049666        om     42505     42506                  0.02731621        55
    1296       -0.00047596      a_ia      1296                           -0.00475959        10
   93453        0.00047551        op     41204     41205                  0.02520210        53
   93454        0.00047551        om     41204     41205                  0.02520210        53

  ==> Add operator: mvp2 -1: 42505 42506
  ==> Current qubit order: 0  1  2  3  4  5  6  7  8  9  10  11  12  13  14  15  20  21  22  23  24  25  26  27  32  19  56  57  16  28  18  17  29  30  31  33  36  37  40  41  42  43  49  48  60  61  58  59  44  45  55  38  39  50  62  63  64  35  46  52  75  65  73  81  74  79  72  34  51  53  76  47  78  66  67  68  69  70  71  77  80  54  82  83  84  85  86  87  88  89  90  91  92  93  94  95  96  97  98  99  100  101  102  103  


  ==> Energy                -309.037285236
  ==> dE                       -3.90e-04
  ==> Gradient Norm             1.88e+00
  ==> Abs. Max. Deriv.          6.97e-02
  ==> Time-Grad. (s)              27.620
  ==> Time-Energy (s)              7.762
  ==> Time-Iter. (s)              35.382

--------------------------------------------------------------------------------
CEO-ADAPT-VQE iteration: 74
--------------------------------------------------------------------------------
    gate        derivative      name       op1       op2       op3        g_unscaled   penalty
    1842       -0.00080426      a_ia      1842                           -0.00160853         2
    1259       -0.00079846      a_ia      1259                           -0.00479078         6
    1815       -0.00079524      a_ia      1815                           -0.00159048         2
    1853       -0.00058422      a_ia      1853                           -0.00701066        12
    1480       -0.00057314      a_ia      1480                           -0.00114628         2
    1296       -0.00047546      a_ia      1296                           -0.00475460        10
   93517        0.00046565        op     41268     41269                  0.02933589        63
   93518        0.00046565        om     41268     41269                  0.02933589        63
   93453        0.00045711        op     41204     41205                  0.02514132        55
   93454        0.00045711        om     41204     41205                  0.02514132        55

  ==> Add operator: op -1: 41268 41269
  ==> Current qubit order: 0  1  2  3  4  5  6  7  8  9  10  11  12  13  14  15  20  21  22  23  24  25  26  27  32  19  56  57  16  28  18  17  29  30  31  33  36  37  40  41  42  43  49  48  60  61  58  59  44  45  55  38  39  50  62  63  64  46  52  75  65  73  81  74  79  72  51  35  34  66  67  53  76  47  78  68  69  70  71  77  80  54  82  83  84  85  86  87  88  89  90  91  92  93  94  95  96  97  98  99  100  101  102  103  


  ==> Energy                -309.037399332
  ==> dE                       -1.14e-04
  ==> Gradient Norm             1.88e+00
  ==> Abs. Max. Deriv.          6.97e-02
  ==> Time-Grad. (s)              27.276
  ==> Time-Energy (s)              3.906
  ==> Time-Iter. (s)              31.182

--------------------------------------------------------------------------------
CEO-ADAPT-VQE iteration: 75
--------------------------------------------------------------------------------
    gate        derivative      name       op1       op2       op3        g_unscaled   penalty
    1477        0.00091876      a_ia      1477                            0.00183752         2
    1842       -0.00080218      a_ia      1842                           -0.00160435         2
    1259       -0.00079810      a_ia      1259                           -0.00478860         6
    1815       -0.00079537      a_ia      1815                           -0.00159074         2
   93539        0.00060466        op     41290     41291                  0.02962844        49
   93540        0.00060466        om     41290     41291                  0.02962844        49
    1853       -0.00058426      a_ia      1853                           -0.00701113        12
    1296       -0.00047524      a_ia      1296                           -0.00475242        10
   93624        0.00046569        om     41374     41375                  0.03213250        69
   41374        0.00045671    a_iajb     41374                            0.03151314        69

  ==> Tried operator a_ia 1477: gain -9.57e-07 (threshold 1.0e-06), removed and excluded for this stage
  ==> Add operator: op -1: 41290 41291
  ==> Current qubit order: 0  1  2  3  4  5  6  7  8  9  10  11  12  13  14  15  20  21  22  23  24  25  26  27  32  19  56  57  16  28  18  17  29  30  31  33  36  37  40  41  42  43  49  48  60  61  58  59  44  45  55  38  39  50  62  63  64  46  52  75  65  73  81  74  79  72  51  66  67  53  76  35  34  68  69  47  78  70  71  77  80  54  82  83  84  85  86  87  88  89  90  91  92  93  94  95  96  97  98  99  100  101  102  103  


  ==> Energy                -309.037518126
  ==> dE                       -1.19e-04
  ==> Gradient Norm             1.88e+00
  ==> Abs. Max. Deriv.          6.97e-02
  ==> Time-Grad. (s)              26.632
  ==> Time-Energy (s)              9.402
  ==> Time-Iter. (s)              36.034

--------------------------------------------------------------------------------
CEO-ADAPT-VQE iteration: 76
--------------------------------------------------------------------------------
    gate        derivative      name       op1       op2       op3        g_unscaled   penalty
    1478        0.00089538      a_ia      1478                            0.00179076         2
    1842       -0.00079954      a_ia      1842                           -0.00159907         2
    1259       -0.00079785      a_ia      1259                           -0.00478710         6
    1815       -0.00079516      a_ia      1815                           -0.00159033         2
    1482        0.00068585      a_ia      1482                            0.00274339         4
   93624        0.00059934        om     41374     41375                  0.03176520        53
   41374        0.00058766    a_iajb     41374                            0.03114585        53
    1853       -0.00058429      a_ia      1853                           -0.00701144        12
   93623        0.00057597        op     41374     41375                  0.03052651        53
   96072       -0.00048254        om     43095     43097                 -0.03233011        67

  ==> Tried operator a_ia 1478: gain -8.95e-07 (threshold 1.2e-06), removed and excluded for this stage
  ==> Add operator: a_ia 1482
  ==> Current qubit order: 0  1  2  3  4  5  6  7  8  9  10  11  12  13  14  15  20  21  22  23  24  25  26  27  32  19  56  57  16  28  18  17  29  30  31  33  36  37  40  41  42  43  49  48  60  61  58  59  44  45  55  38  39  50  62  63  64  46  52  75  65  73  81  74  79  72  51  66  67  53  35  76  34  68  69  47  78  70  71  77  80  54  82  83  84  85  86  87  88  89  90  91  92  93  94  95  96  97  98  99  100  101  102  103  


  ==> Energy                -309.037519792
  ==> dE                       -1.67e-06
  ==> Gradient Norm             1.88e+00
  ==> Abs. Max. Deriv.          6.97e-02
  ==> Time-Grad. (s)              26.508
  ==> Time-Energy (s)              9.899
  ==> Time-Iter. (s)              36.407

--------------------------------------------------------------------------------
CEO-ADAPT-VQE iteration: 77
--------------------------------------------------------------------------------
    gate        derivative      name       op1       op2       op3        g_unscaled   penalty
    1478        0.00089513      a_ia      1478                            0.00179025         2
    1842       -0.00080887      a_ia      1842                           -0.00161775         2
    1259       -0.00079803      a_ia      1259                           -0.00478818         6
    1815       -0.00079630      a_ia      1815                           -0.00159260         2
    1853       -0.00058495      a_ia      1853                           -0.00701942        12
   93624        0.00052078        om     41374     41375                  0.03176750        61
   41374        0.00051057    a_iajb     41374                            0.03114473        61
   93623        0.00050036        op     41374     41375                  0.03052197        61
    1296       -0.00047394      a_ia      1296                           -0.00473944        10
   96072       -0.00046855        om     43095     43097                 -0.03233010        69

  ==> Add operator: mvp2 -1: 41374 41375
  ==> Current qubit order: 0  1  2  3  4  5  6  7  8  9  10  11  12  13  14  15  20  21  22  23  24  25  26  27  32  19  56  57  16  28  18  17  29  30  31  33  36  37  40  41  42  43  49  48  60  61  58  59  44  45  55  38  39  50  62  63  64  46  52  75  65  73  81  74  79  72  51  66  67  53  35  76  34  77  68  69  47  78  70  71  80  54  82  83  84  85  86  87  88  89  90  91  92  93  94  95  96  97  98  99  100  101  102  103  


  ==> Energy                -309.037977647
  ==> dE                       -4.58e-04
  ==> Gradient Norm             1.88e+00
  ==> Abs. Max. Deriv.          6.97e-02
  ==> Time-Grad. (s)              26.140
  ==> Time-Energy (s)             27.247
  ==> Time-Iter. (s)              53.388

--------------------------------------------------------------------------------
CEO-ADAPT-VQE iteration: 78
--------------------------------------------------------------------------------
    gate        derivative      name       op1       op2       op3        g_unscaled   penalty
    1842       -0.00093260      a_ia      1842                           -0.00186520         2
    1259       -0.00079887      a_ia      1259                           -0.00479320         6
    1815       -0.00079239      a_ia      1815                           -0.00158479         2
    1853       -0.00058229      a_ia      1853                           -0.00698746        12
    1511        0.00052617      a_ia      1511                            0.00210469         4
    1296       -0.00047648      a_ia      1296                           -0.00476484        10
   93679        0.00045372        op     41430     41431                  0.03221393        71
   93680        0.00045372        om     41430     41431                  0.03221393        71
    1478        0.00045342      a_ia      1478                            0.00181370         4
   93689        0.00037097        op     41440     41441                  0.02930670        79

  ==> Tried operator a_ia 1511: gain -1.26e-06 (threshold 1.3e-06), removed and excluded for this stage
  ==> Add operator: op -1: 41430 41431
  ==> Current qubit order: 0  1  2  3  4  5  6  7  8  9  10  11  12  13  14  15  20  21  22  23  24  25  26  27  32  19  56  57  16  28  18  17  29  30  31  33  36  37  40  41  42  43  49  48  60  61  58  59  44  45  55  38  39  50  62  63  64  46  52  75  65  73  81  74  79  72  51  66  67  53  76  77  68  69  47  78  70  35  34  84  85  71  80  54  82  83  86  87  88  89  90  91  92  93  94  95  96  97  98  99  100  101  102  103  


  ==> Energy                -309.038072091
  ==> dE                       -9.44e-05
  ==> Gradient Norm             1.88e+00
  ==> Abs. Max. Deriv.          6.97e-02
  ==> Time-Grad. (s)              25.657
  ==> Time-Energy (s)              8.210
  ==> Time-Iter. (s)              33.867

--------------------------------------------------------------------------------
CEO-ADAPT-VQE iteration: 79
--------------------------------------------------------------------------------
    gate        derivative      name       op1       op2       op3        g_unscaled   penalty
    1842       -0.00092955      a_ia      1842                           -0.00185910         2
    1259       -0.00079876      a_ia      1259                           -0.00479256         6
    1815       -0.00079192      a_ia      1815                           -0.00158385         2
    1486       -0.00061043      a_ia      1486                           -0.00122086         2
    1853       -0.00058220      a_ia      1853                           -0.00698636        12
   93689        0.00054112        op     41440     41441                  0.02867912        53
   93690        0.00054112        om     41440     41441                  0.02867912        53
    1296       -0.00047642      a_ia      1296                           -0.00476421        10
   93573        0.00046230        op     41324     41325                  0.01340671        29
   93574        0.00046230        om     41324     41325                  0.01340671        29

  ==> Tried operator a_ia 1486: gain -2.86e-07 (threshold 1.2e-06), removed and excluded for this stage
  ==> Add operator: op -1: 41440 41441
  ==> Current qubit order: 0  1  2  3  4  5  6  7  8  9  10  11  12  13  14  15  20  21  22  23  24  25  26  27  32  19  56  57  16  28  18  17  29  30  31  33  36  37  40  41  42  43  49  48  60  61  58  59  44  45  55  38  39  50  62  63  64  46  52  75  65  73  81  74  79  72  51  66  67  53  76  77  68  69  47  78  70  84  85  71  35  34  86  87  80  54  82  83  88  89  90  91  92  93  94  95  96  97  98  99  100  101  102  103  


  ==> Energy                -309.038146713
  ==> dE                       -7.46e-05
  ==> Gradient Norm             1.88e+00
  ==> Abs. Max. Deriv.          6.97e-02
  ==> Time-Grad. (s)              24.966
  ==> Time-Energy (s)             10.290
  ==> Time-Iter. (s)              35.256

--------------------------------------------------------------------------------
CEO-ADAPT-VQE iteration: 80
--------------------------------------------------------------------------------
    gate        derivative      name       op1       op2       op3        g_unscaled   penalty
    1487       -0.00113443      a_ia      1487                           -0.00226886         2
    1842       -0.00092882      a_ia      1842                           -0.00185765         2
    1259       -0.00079868      a_ia      1259                           -0.00479210         6
    1815       -0.00079188      a_ia      1815                           -0.00158377         2
    1853       -0.00058217      a_ia      1853                           -0.00698601        12
    1513       -0.00054569      a_ia      1513                           -0.00109137         2
    1296       -0.00047637      a_ia      1296                           -0.00476375        10
    2038        0.00040951      a_ia      2038                            0.00163806         4
    1521       -0.00040084      a_ia      1521                           -0.00240501         6
   93573        0.00035932        op     41324     41325                  0.01329485        37

  ==> Tried operator a_ia 1487: gain -9.74e-07 (threshold 1.2e-06), removed and excluded for this stage
  ==> Tried operator a_ia 1513: gain -2.83e-07 (threshold 1.2e-06), removed and excluded for this stage
  ==> Add operator: a_ia 2038
  ==> Current qubit order: 0  1  2  3  4  5  6  7  8  9  10  11  12  13  14  15  20  21  22  23  24  25  26  27  32  19  56  57  16  28  18  17  29  30  31  33  36  37  40  41  42  43  49  48  60  61  58  59  44  45  55  38  39  50  62  63  64  46  52  75  65  73  81  74  79  72  51  66  67  76  53  77  68  69  47  78  70  84  85  71  35  34  86  87  80  54  82  83  88  89  90  91  92  93  94  95  96  97  98  99  100  101  102  103  


  ==> Energy                -309.038164576
  ==> dE                       -1.79e-05
  ==> Gradient Norm             1.88e+00
  ==> Abs. Max. Deriv.          6.97e-02
  ==> Time-Grad. (s)              24.401
  ==> Time-Energy (s)             14.311
  ==> Time-Iter. (s)              38.712

--------------------------------------------------------------------------------
CEO-ADAPT-VQE iteration: 81
--------------------------------------------------------------------------------
    gate        derivative      name       op1       op2       op3        g_unscaled   penalty
    1487       -0.00113325      a_ia      1487                           -0.00226649         2
    1842       -0.00092594      a_ia      1842                           -0.00185188         2
    1259       -0.00079892      a_ia      1259                           -0.00479350         6
    1815       -0.00079178      a_ia      1815                           -0.00158355         2
    1853       -0.00058270      a_ia      1853                           -0.00699237        12
    1513       -0.00054557      a_ia      1513                           -0.00109114         2
    1296       -0.00047662      a_ia      1296                           -0.00476622        10
    1521       -0.00040057      a_ia      1521                           -0.00240341         6
   93573        0.00035932        op     41324     41325                  0.01329487        37
   93574        0.00035932        om     41324     41325                  0.01329487        37

  ==> Tried operator a_ia 1521: gain -1.09e-06 (threshold 1.2e-06), removed and excluded for this stage
  ==> Add operator: op -1: 41324 41325
  ==> Current qubit order: 0  1  2  3  4  5  6  7  8  9  10  11  12  13  14  15  20  21  22  23  24  25  26  27  32  19  56  57  16  28  18  17  29  30  31  33  36  37  40  41  42  43  49  48  60  61  58  59  44  45  55  38  39  50  62  63  64  46  52  75  65  73  81  74  79  72  51  66  67  76  53  77  68  69  47  78  84  85  70  71  35  34  86  87  80  54  82  83  88  89  90  91  92  93  94  95  96  97  98  99  100  101  102  103  


  ==> Energy                -309.038184981
  ==> dE                       -2.04e-05
  ==> Gradient Norm             1.88e+00
  ==> Abs. Max. Deriv.          6.97e-02
  ==> Time-Grad. (s)              25.072
  ==> Time-Energy (s)              9.405
  ==> Time-Iter. (s)              34.477

--------------------------------------------------------------------------------
CEO-ADAPT-VQE iteration: 82
--------------------------------------------------------------------------------
    gate        derivative      name       op1       op2       op3        g_unscaled   penalty
    1487       -0.00113180      a_ia      1487                           -0.00226359         2
    1842       -0.00092556      a_ia      1842                           -0.00185111         2
    1259       -0.00079880      a_ia      1259                           -0.00479281         6
    1815       -0.00079175      a_ia      1815                           -0.00158350         2
    1853       -0.00058270      a_ia      1853                           -0.00699245        12
    1513       -0.00055321      a_ia      1513                           -0.00110642         2
    1296       -0.00047655      a_ia      1296                           -0.00476552        10
    1521       -0.00040009      a_ia      1521                           -0.00240051         6
   93687       -0.00035963        op     41438     41439                 -0.01762208        49
   93688       -0.00035963        om     41438     41439                 -0.01762208        49

  ==> Add operator: op -1: 41438 41439
  ==> Current qubit order: 0  1  2  3  4  5  6  7  8  9  10  11  12  13  14  15  20  21  22  23  24  25  26  27  32  19  56  57  16  28  18  17  29  30  31  33  36  37  40  41  42  43  49  48  60  61  58  59  44  45  55  38  39  50  62  63  64  46  52  75  65  73  81  74  79  72  51  66  67  76  53  77  68  69  47  78  84  70  71  85  35  34  92  86  87  80  54  82  83  88  89  90  91  93  94  95  96  97  98  99  100  101  102  103  


  ==> Energy                -309.038210971
  ==> dE                       -2.60e-05
  ==> Gradient Norm             1.88e+00
  ==> Abs. Max. Deriv.          6.97e-02
  ==> Time-Grad. (s)              25.130
  ==> Time-Energy (s)              5.126
  ==> Time-Iter. (s)              30.256

--------------------------------------------------------------------------------
CEO-ADAPT-VQE iteration: 83
--------------------------------------------------------------------------------
    gate        derivative      name       op1       op2       op3        g_unscaled   penalty
    1842       -0.00092414      a_ia      1842                           -0.00184828         2
    1259       -0.00079883      a_ia      1259                           -0.00479296         6
    1815       -0.00079156      a_ia      1815                           -0.00158311         2
    1520       -0.00063925      a_ia      1520                           -0.00127851         2
    1853       -0.00058267      a_ia      1853                           -0.00699200        12
    1487       -0.00056513      a_ia      1487                           -0.00226052         4
    1296       -0.00047656      a_ia      1296                           -0.00476557        10
   93693        0.00039632        op     41444     41445                  0.02100503        53
   93694        0.00039632        om     41444     41445                  0.02100503        53
   89253        0.00035021        op     38114     38115                  0.03537082       101

  ==> Tried operator a_ia 1520: gain -3.16e-07 (threshold 1.0e-06), removed and excluded for this stage
  ==> Add operator: op -1: 41444 41445
  ==> Current qubit order: 0  1  2  3  4  5  6  7  8  9  10  11  12  13  14  15  20  21  22  23  24  25  26  27  32  19  56  57  16  28  18  17  29  30  31  33  36  37  40  41  42  43  49  48  60  61  58  59  44  45  55  38  39  50  62  63  64  46  52  75  65  73  81  74  79  72  51  66  67  76  53  77  68  69  47  78  84  70  71  85  86  87  35  34  92  93  80  54  82  83  88  89  90  91  94  95  96  97  98  99  100  101  102  103  


  ==> Energy                -309.038244453
  ==> dE                       -3.35e-05
  ==> Gradient Norm             1.88e+00
  ==> Abs. Max. Deriv.          6.97e-02
  ==> Time-Grad. (s)              24.609
  ==> Time-Energy (s)              9.374
  ==> Time-Iter. (s)              33.983

--------------------------------------------------------------------------------
CEO-ADAPT-VQE iteration: 84
--------------------------------------------------------------------------------
    gate        derivative      name       op1       op2       op3        g_unscaled   penalty
    1521       -0.00121400      a_ia      1521                           -0.00242801         2
    1842       -0.00092252      a_ia      1842                           -0.00184505         2
    1259       -0.00079877      a_ia      1259                           -0.00479260         6
    1815       -0.00079131      a_ia      1815                           -0.00158262         2
    1853       -0.00058263      a_ia      1853                           -0.00699155        12
    1296       -0.00047652      a_ia      1296                           -0.00476522        10
   93683       -0.00047225        op     41434     41435                 -0.01747308        37
   93684       -0.00047225        om     41434     41435                 -0.01747308        37
    1487       -0.00037634      a_ia      1487                           -0.00225805         6
   93567       -0.00035336        op     41318     41319                 -0.01590106        45

  ==> Add operator: op -1: 41434 41435
  ==> Current qubit order: 0  1  2  3  4  5  6  7  8  9  10  11  12  13  14  15  20  21  22  23  24  25  26  27  32  19  56  57  16  28  18  17  29  30  31  33  36  37  40  41  42  43  49  48  60  61  58  59  44  45  55  38  39  50  62  63  64  46  52  75  65  73  81  74  79  72  51  66  67  76  53  77  68  69  47  78  70  71  85  86  87  84  35  34  93  92  80  54  82  83  88  89  90  91  94  95  96  97  98  99  100  101  102  103  


  ==> Energy                -309.038270004
  ==> dE                       -2.56e-05
  ==> Gradient Norm             1.88e+00
  ==> Abs. Max. Deriv.          6.97e-02
  ==> Time-Grad. (s)              24.460
  ==> Time-Energy (s)              4.192
  ==> Time-Iter. (s)              28.652

--------------------------------------------------------------------------------
CEO-ADAPT-VQE iteration: 85
--------------------------------------------------------------------------------
    gate        derivative      name       op1       op2       op3        g_unscaled   penalty
    1842       -0.00092084      a_ia      1842                           -0.00184167         2
    1259       -0.00079881      a_ia      1259                           -0.00479288         6
    1815       -0.00079108      a_ia      1815                           -0.00158215         2
    1521       -0.00060624      a_ia      1521                           -0.00242496         4
    1853       -0.00058256      a_ia      1853                           -0.00699076        12
    1296       -0.00047656      a_ia      1296                           -0.00476560        10
   89253        0.00035021        op     38114     38115                  0.03537082       101
   89254        0.00035021        om     38114     38115                  0.03537082       101
   68739       -0.00035016        op     22235     22236                 -0.01505682        43
   68740       -0.00035016        om     22235     22236                 -0.01505682        43

  ==> Add operator: op -1: 38114 38115
  ==> Current qubit order: 0  1  2  3  4  5  6  7  8  9  10  11  12  13  14  15  20  21  22  23  24  25  26  27  32  19  56  57  16  28  18  17  29  33  36  37  40  41  42  43  49  48  30  31  62  63  60  61  58  59  44  45  55  38  39  50  64  46  52  75  65  73  81  74  79  72  51  66  67  76  53  77  68  69  47  78  70  71  85  86  87  84  35  34  93  92  80  54  82  83  88  89  90  91  94  95  96  97  98  99  100  101  102  103  


  ==> Energy                -309.038466366
  ==> dE                       -1.96e-04
  ==> Gradient Norm             1.88e+00
  ==> Abs. Max. Deriv.          6.97e-02
  ==> Time-Grad. (s)              24.319
  ==> Time-Energy (s)             12.035
  ==> Time-Iter. (s)              36.354

--------------------------------------------------------------------------------
CEO-ADAPT-VQE iteration: 86
--------------------------------------------------------------------------------
    gate        derivative      name       op1       op2       op3        g_unscaled   penalty
    1371       -0.00110658      a_ia      1371                           -0.00442633         4
    1335       -0.00109401      a_ia      1335                           -0.00437605         4
    1842       -0.00092042      a_ia      1842                           -0.00184084         2
    1259       -0.00079816      a_ia      1259                           -0.00478897         6
    1815       -0.00079176      a_ia      1815                           -0.00158352         2
    1841        0.00064835      a_ia      1841                            0.00259340         4
    1521       -0.00060643      a_ia      1521                           -0.00242573         4
    1853       -0.00058282      a_ia      1853                           -0.00699383        12
   89224        0.00051669        om     38084     38085                  0.02531787        49
   38084        0.00051669    a_iajb     38084                            0.02531787        49

  ==> Add operator: a_ia 1371
  ==> Current qubit order: 0  1  2  3  4  5  6  7  8  9  10  11  12  13  14  15  20  21  22  23  24  25  26  27  32  19  56  57  16  28  18  17  29  33  36  37  40  41  42  43  49  48  30  62  31  63  60  61  58  59  44  45  55  38  39  50  64  46  52  75  65  73  81  74  79  72  51  66  67  76  53  77  68  69  47  78  70  71  85  86  87  84  35  34  93  92  80  54  82  83  88  89  90  91  94  95  96  97  98  99  100  101  102  103  


  ==> Energy                -309.038472800
  ==> dE                       -6.43e-06
  ==> Gradient Norm             1.88e+00
  ==> Abs. Max. Deriv.          6.97e-02
  ==> Time-Grad. (s)              23.615
  ==> Time-Energy (s)              4.477
  ==> Time-Iter. (s)              28.093

--------------------------------------------------------------------------------
CEO-ADAPT-VQE iteration: 87
--------------------------------------------------------------------------------
    gate        derivative      name       op1       op2       op3        g_unscaled   penalty
    1335       -0.00208756      a_ia      1335                           -0.00417511         2
    1842       -0.00090474      a_ia      1842                           -0.00180948         2
    1259       -0.00080036      a_ia      1259                           -0.00480217         6
    1815       -0.00079241      a_ia      1815                           -0.00158482         2
    1841        0.00064816      a_ia      1841                            0.00259264         4
    1521       -0.00060991      a_ia      1521                           -0.00243966         4
    1853       -0.00057816      a_ia      1853                           -0.00693789        12
   89224        0.00053899        om     38084     38085                  0.02533267        47
   38084        0.00053899    a_iajb     38084                            0.02533264        47
   89223        0.00053899        op     38084     38085                  0.02533261        47

  ==> Add operator: a_ia 1335
  ==> Current qubit order: 0  1  2  3  4  5  6  7  8  9  10  11  12  13  14  15  20  21  22  23  24  25  26  27  32  19  56  57  16  28  18  17  29  33  36  37  40  41  42  43  49  48  30  62  31  63  60  61  58  59  44  45  55  38  39  50  64  46  52  75  65  73  81  74  79  72  51  66  67  76  53  77  68  69  47  78  70  71  85  86  87  84  35  34  93  92  80  54  82  83  88  89  90  91  94  95  96  97  98  99  100  101  102  103  


  ==> Energy                -309.038478513
  ==> dE                       -5.71e-06
  ==> Gradient Norm             1.88e+00
  ==> Abs. Max. Deriv.          6.97e-02
  ==> Time-Grad. (s)              23.784
  ==> Time-Energy (s)              4.496
  ==> Time-Iter. (s)              28.280

--------------------------------------------------------------------------------
CEO-ADAPT-VQE iteration: 88
--------------------------------------------------------------------------------
    gate        derivative      name       op1       op2       op3        g_unscaled   penalty
    1842       -0.00088882      a_ia      1842                           -0.00177765         2
    1259       -0.00081180      a_ia      1259                           -0.00487082         6
    1815       -0.00079192      a_ia      1815                           -0.00158383         2
    1841        0.00064800      a_ia      1841                            0.00259201         4
    1521       -0.00059038      a_ia      1521                           -0.00236150         4
    1853       -0.00057388      a_ia      1853                           -0.00688661        12
   89224        0.00053929        om     38084     38085                  0.02534676        47
   38084        0.00053929    a_iajb     38084                            0.02534676        47
   89223        0.00053929        op     38084     38085                  0.02534676        47
    1296       -0.00048468      a_ia      1296                           -0.00484684        10

  ==> Add operator: a_ia 1841
  ==> Current qubit order: 0  1  2  3  4  5  6  7  8  9  10  11  12  13  14  15  20  21  22  23  24  25  26  27  32  19  56  57  16  28  18  17  29  33  36  37  40  41  42  43  49  48  30  62  31  63  60  61  58  59  44  45  55  38  39  64  50  46  52  75  65  73  81  74  79  72  51  66  67  76  53  77  68  69  47  78  70  71  85  86  87  84  35  34  93  92  80  54  82  83  88  89  90  91  94  95  96  97  98  99  100  101  102  103  


  ==> Energy                -309.038526890
  ==> dE                       -4.84e-05
  ==> Gradient Norm             1.88e+00
  ==> Abs. Max. Deriv.          6.97e-02
  ==> Time-Grad. (s)              23.830
  ==> Time-Energy (s)              6.255
  ==> Time-Iter. (s)              30.085

--------------------------------------------------------------------------------
CEO-ADAPT-VQE iteration: 89
--------------------------------------------------------------------------------
    gate        derivative      name       op1       op2       op3        g_unscaled   penalty
    1842       -0.00097085      a_ia      1842                           -0.00194169         2
    1259       -0.00080963      a_ia      1259                           -0.00485781         6
    1815       -0.00079510      a_ia      1815                           -0.00159020         2
    1521       -0.00058761      a_ia      1521                           -0.00235043         4
    1853       -0.00056540      a_ia      1853                           -0.00678475        12
   89224        0.00053929        om     38084     38085                  0.02534676        47
   38084        0.00053929    a_iajb     38084                            0.02534676        47
   89223        0.00053929        op     38084     38085                  0.02534675        47
    1296       -0.00048302      a_ia      1296                           -0.00483023        10
   91798       -0.00035674        om     40010     40011                 -0.03317660        93

  ==> Add operator: om -1: 38084 38085
  ==> Current qubit order: 0  1  2  3  4  5  6  7  8  9  10  11  12  13  14  15  20  21  22  23  24  25  26  27  32  19  56  57  16  28  18  17  29  33  36  37  40  41  42  43  49  48  62  30  31  60  61  63  58  59  44  45  55  38  39  64  50  46  52  75  65  73  81  74  79  72  51  66  67  76  53  77  68  69  47  78  70  71  85  86  87  84  35  34  93  92  80  54  82  83  88  89  90  91  94  95  96  97  98  99  100  101  102  103  


  ==> Energy                -309.038629759
  ==> dE                       -1.03e-04
  ==> Gradient Norm             1.88e+00
  ==> Abs. Max. Deriv.          6.97e-02
  ==> Time-Grad. (s)              24.483
  ==> Time-Energy (s)              6.140
  ==> Time-Iter. (s)              30.623

--------------------------------------------------------------------------------
CEO-ADAPT-VQE iteration: 90
--------------------------------------------------------------------------------
    gate        derivative      name       op1       op2       op3        g_unscaled   penalty
    1842       -0.00096745      a_ia      1842                           -0.00193490         2
    1259       -0.00080924      a_ia      1259                           -0.00485547         6
    1815       -0.00079511      a_ia      1815                           -0.00159021         2
    1521       -0.00058797      a_ia      1521                           -0.00235188         4
    1853       -0.00056551      a_ia      1853                           -0.00678611        12
    1296       -0.00048279      a_ia      1296                           -0.00482789        10
   91798       -0.00035671        om     40010     40011                 -0.03317430        93
   96866        0.00034850        om     43605     43606                  0.01777333        51
   43605        0.00034706    a_iajb     43605                            0.01769994        51
   96865        0.00034562        op     43605     43606                  0.01762656        51

  ==> Add operator: mvp2 -1: 40010 40011
  ==> Current qubit order: 0  1  2  3  4  5  6  7  8  9  10  11  12  13  14  15  20  21  22  23  24  25  26  27  32  19  56  57  16  28  18  17  29  33  36  37  40  41  42  43  49  48  62  30  60  61  63  58  59  44  45  55  38  39  64  50  31  46  52  69  75  65  73  81  74  79  72  51  66  67  76  53  77  68  47  78  70  71  85  86  87  84  35  34  93  92  80  54  82  83  88  89  90  91  94  95  96  97  98  99  100  101  102  103  


  ==> Energy                -309.039028266
  ==> dE                       -3.99e-04
  ==> Gradient Norm             1.88e+00
  ==> Abs. Max. Deriv.          6.97e-02
  ==> Time-Grad. (s)              23.821
  ==> Time-Energy (s)              9.252
  ==> Time-Iter. (s)              33.073

--------------------------------------------------------------------------------
CEO-ADAPT-VQE iteration: 91
--------------------------------------------------------------------------------
    gate        derivative      name       op1       op2       op3        g_unscaled   penalty
    1842       -0.00098866      a_ia      1842                           -0.00197732         2
    1259       -0.00080875      a_ia      1259                           -0.00485248         6
    1815       -0.00079745      a_ia      1815                           -0.00159490         2
    1521       -0.00058379      a_ia      1521                           -0.00233514         4
    1853       -0.00048560      a_ia      1853                           -0.00679836        14
    1296       -0.00048272      a_ia      1296                           -0.00482718        10
   91794       -0.00048055        om     40006     40007                 -0.02162477        45
   40006       -0.00042324    a_iajb     40006                           -0.01904602        45
   89308        0.00040232        om     38168     38169                  0.02936912        73
   38168        0.00040213    a_iajb     38168                            0.02935585        73

  ==> Add operator: mvp2 -1: 40006 40007
  ==> Current qubit order: 0  1  2  3  4  5  6  7  8  9  10  11  12  13  14  15  20  21  22  23  24  25  26  27  32  19  56  57  16  28  18  17  29  33  36  37  40  41  42  43  49  48  62  30  60  61  63  58  59  44  45  55  38  39  64  50  31  46  52  65  69  75  73  81  74  79  72  51  66  67  76  53  77  68  47  78  70  71  85  86  87  84  35  34  93  92  80  54  82  83  88  89  90  91  94  95  96  97  98  99  100  101  102  103  


  ==> Energy                -309.039210074
  ==> dE                       -1.82e-04
  ==> Gradient Norm             1.87e+00
  ==> Abs. Max. Deriv.          6.97e-02
  ==> Time-Grad. (s)              23.993
  ==> Time-Energy (s)              8.915
  ==> Time-Iter. (s)              32.908

--------------------------------------------------------------------------------
CEO-ADAPT-VQE iteration: 92
--------------------------------------------------------------------------------
    gate        derivative      name       op1       op2       op3        g_unscaled   penalty
    1842       -0.00094238      a_ia      1842                           -0.00188475         2
    1259       -0.00080760      a_ia      1259                           -0.00484561         6
    1815       -0.00080197      a_ia      1815                           -0.00160395         2
    1521       -0.00058396      a_ia      1521                           -0.00233584         4
    1853       -0.00048656      a_ia      1853                           -0.00681182        14
    1296       -0.00048224      a_ia      1296                           -0.00482235        10
    1372        0.00038220      a_ia      1372                            0.00229321         6
   89307        0.00037978        op     38168     38169                  0.02924320        77
   38168        0.00037525    a_iajb     38168                            0.02889447        77
   89308        0.00037072        om     38168     38169                  0.02854574        77

  ==> Add operator: a_ia 1372
  ==> Current qubit order: 0  1  2  3  4  5  6  7  8  9  10  11  12  13  14  15  20  21  22  23  24  25  26  27  32  19  56  57  16  28  18  17  29  33  36  37  40  41  42  43  49  48  62  30  60  61  63  58  59  44  45  55  38  39  64  50  46  52  31  65  69  75  73  81  74  79  72  51  66  67  76  53  77  68  47  78  70  71  85  86  87  84  35  34  93  92  80  54  82  83  88  89  90  91  94  95  96  97  98  99  100  101  102  103  


  ==> Energy                -309.039211716
  ==> dE                       -1.64e-06
  ==> Gradient Norm             1.87e+00
  ==> Abs. Max. Deriv.          6.97e-02
  ==> Time-Grad. (s)              24.038
  ==> Time-Energy (s)              5.394
  ==> Time-Iter. (s)              29.432

--------------------------------------------------------------------------------
CEO-ADAPT-VQE iteration: 93
--------------------------------------------------------------------------------
    gate        derivative      name       op1       op2       op3        g_unscaled   penalty
    1842       -0.00091113      a_ia      1842                           -0.00182226         2
    1259       -0.00081024      a_ia      1259                           -0.00486147         6
    1815       -0.00079743      a_ia      1815                           -0.00159485         2
    1521       -0.00058418      a_ia      1521                           -0.00233670         4
    1296       -0.00048102      a_ia      1296                           -0.00481021        10
    1853       -0.00042465      a_ia      1853                           -0.00679435        16
   89307        0.00040069        op     38168     38169                  0.02925054        73
   38168        0.00039587    a_iajb     38168                            0.02889858        73
   89308        0.00039105        om     38168     38169                  0.02854663        73
   89387        0.00036314        op     38248     38249                  0.03667758       101

  ==> Add operator: mvp2 -1: 38168 38169
  ==> Current qubit order: 0  1  2  3  4  5  6  7  8  9  10  11  12  13  14  15  20  21  22  23  24  25  26  27  32  19  56  57  16  28  18  17  29  33  36  37  40  41  42  43  49  48  62  60  61  63  58  59  44  45  55  38  39  30  64  31  65  50  46  52  69  75  73  81  74  79  72  51  66  67  76  53  77  68  47  78  70  71  85  86  87  84  35  34  93  92  80  54  82  83  88  89  90  91  94  95  96  97  98  99  100  101  102  103  


  ==> Energy                -309.039469422
  ==> dE                       -2.58e-04
  ==> Gradient Norm             1.87e+00
  ==> Abs. Max. Deriv.          6.97e-02
  ==> Time-Grad. (s)              24.315
  ==> Time-Energy (s)              9.353
  ==> Time-Iter. (s)              33.668

--------------------------------------------------------------------------------
CEO-ADAPT-VQE iteration: 94
--------------------------------------------------------------------------------
    gate        derivative      name       op1       op2       op3        g_unscaled   penalty
    1842       -0.00087514      a_ia      1842                           -0.00175027         2
    1259       -0.00080751      a_ia      1259                           -0.00484508         6
    1815       -0.00079602      a_ia      1815                           -0.00159204         2
    1336        0.00066779      a_ia      1336                            0.00133559         2
    1521       -0.00057565      a_ia      1521                           -0.00230261         4
    1853       -0.00056604      a_ia      1853                           -0.00679246        12
    1296       -0.00048172      a_ia      1296                           -0.00481720        10
   89387        0.00043758        op     38248     38249                  0.03631921        83
   38248        0.00042804    a_iajb     38248                            0.03552721        83
   89388        0.00041850        om     38248     38249                  0.03473520        83

  ==> Add operator: a_ia 1336
  ==> Current qubit order: 0  1  2  3  4  5  6  7  8  9  10  11  12  13  14  15  20  21  22  23  24  25  26  27  32  19  56  57  16  28  18  17  29  33  36  37  40  41  42  43  49  48  62  60  61  63  58  59  44  45  55  38  39  30  64  31  65  50  46  52  69  75  73  81  74  79  72  51  66  67  76  53  77  68  47  78  70  71  85  86  87  84  35  34  93  92  80  54  82  83  88  89  90  91  94  95  96  97  98  99  100  101  102  103  


  ==> Energy                -309.039484107
  ==> dE                       -1.47e-05
  ==> Gradient Norm             1.87e+00
  ==> Abs. Max. Deriv.          6.97e-02
  ==> Time-Grad. (s)              24.389
  ==> Time-Energy (s)             23.213
  ==> Time-Iter. (s)              47.602

--------------------------------------------------------------------------------
CEO-ADAPT-VQE iteration: 95
--------------------------------------------------------------------------------
    gate        derivative      name       op1       op2       op3        g_unscaled   penalty
    1842       -0.00091433      a_ia      1842                           -0.00182866         2
    1259       -0.00080882      a_ia      1259                           -0.00485294         6
    1815       -0.00077137      a_ia      1815                           -0.00154274         2
    1521       -0.00057265      a_ia      1521                           -0.00229058         4
    1853       -0.00056988      a_ia      1853                           -0.00683861        12
    1296       -0.00048155      a_ia      1296                           -0.00481551        10
   89387        0.00043764        op     38248     38249                  0.03632414        83
   38248        0.00042839    a_iajb     38248                            0.03555652        83
   89388        0.00041914        om     38248     38249                  0.03478890        83
   89341        0.00041395        op     38202     38203                  0.03104657        75

  ==> Add operator: mvp2 -1: 38248 38249
  ==> Current qubit order: 0  1  2  3  4  5  6  7  8  9  10  11  12  13  14  15  20  21  22  23  24  25  26  27  32  19  56  57  16  28  18  17  29  33  36  37  40  41  42  43  49  48  62  60  61  63  58  59  44  45  55  38  39  64  65  50  46  52  30  31  69  68  75  73  81  74  79  72  51  66  67  76  53  77  47  78  70  71  85  86  87  84  35  34  93  92  80  54  82  83  88  89  90  91  94  95  96  97  98  99  100  101  102  103  


  ==> Energy                -309.039962723
  ==> dE                       -4.79e-04
  ==> Gradient Norm             1.87e+00
  ==> Abs. Max. Deriv.          6.97e-02
  ==> Time-Grad. (s)              24.478
  ==> Time-Energy (s)             10.350
  ==> Time-Iter. (s)              34.828

--------------------------------------------------------------------------------
CEO-ADAPT-VQE iteration: 96
--------------------------------------------------------------------------------
    gate        derivative      name       op1       op2       op3        g_unscaled   penalty
    1842       -0.00089711      a_ia      1842                           -0.00179423         2
    1259       -0.00080883      a_ia      1259                           -0.00485300         6
    1815       -0.00077598      a_ia      1815                           -0.00155195         2
    1521       -0.00057234      a_ia      1521                           -0.00228935         4
   89341        0.00050416        op     38202     38203                  0.03075362        61
   89342        0.00050416        om     38202     38203                  0.03075362        61
    1296       -0.00048145      a_ia      1296                           -0.00481452        10
   38202        0.00039940    a_iajb     38202                            0.03075362        77
    1853       -0.00038037      a_ia      1853                           -0.00684658        18
   89413        0.00037867        op     38274     38275                  0.03370120        89

  ==> Add operator: op -1: 38202 38203
  ==> Current qubit order: 0  1  2  3  4  5  6  7  8  9  10  11  12  13  14  15  20  21  22  23  24  25  26  27  32  19  56  57  16  28  18  17  29  33  36  37  40  41  42  43  49  48  62  60  61  63  58  59  44  45  55  38  39  64  65  50  46  52  69  68  75  73  30  31  66  67  81  74  79  72  51  76  53  77  47  78  70  71  85  86  87  84  35  34  93  92  80  54  82  83  88  89  90  91  94  95  96  97  98  99  100  101  102  103  


  ==> Energy                -309.040084131
  ==> dE                       -1.21e-04
  ==> Gradient Norm             1.87e+00
  ==> Abs. Max. Deriv.          6.97e-02
  ==> Time-Grad. (s)              24.475
  ==> Time-Energy (s)              4.725
  ==> Time-Iter. (s)              29.200

--------------------------------------------------------------------------------
CEO-ADAPT-VQE iteration: 97
--------------------------------------------------------------------------------
    gate        derivative      name       op1       op2       op3        g_unscaled   penalty
    1842       -0.00089638      a_ia      1842                           -0.00179276         2
    1259       -0.00080863      a_ia      1259                           -0.00485179         6
    1815       -0.00077661      a_ia      1815                           -0.00155321         2
    1373       -0.00075146      a_ia      1373                           -0.00300583         4
    1337       -0.00075075      a_ia      1337                           -0.00300300         4
    1521       -0.00057264      a_ia      1521                           -0.00229055         4
    1296       -0.00048133      a_ia      1296                           -0.00481331        10
   89413        0.00045662        op     38274     38275                  0.03333359        73
   89414        0.00045662        om     38274     38275                  0.03333359        73
    1988       -0.00038989      a_ia      1988                           -0.00233936         6

  ==> Add operator: a_ia 1373
  ==> Current qubit order: 0  1  2  3  4  5  6  7  8  9  10  11  12  13  14  15  20  21  22  23  24  25  26  27  32  19  56  57  16  28  18  17  29  33  36  37  40  41  42  43  49  48  62  60  61  63  58  59  44  45  55  38  39  64  65  50  46  52  69  68  75  73  30  66  31  67  81  74  79  72  51  76  53  77  47  78  70  71  85  86  87  84  35  34  93  92  80  54  82  83  88  89  90  91  94  95  96  97  98  99  100  101  102  103  


  ==> Energy                -309.040086649
  ==> dE                       -2.52e-06
  ==> Gradient Norm             1.87e+00
  ==> Abs. Max. Deriv.          6.97e-02
  ==> Time-Grad. (s)              24.053
  ==> Time-Energy (s)              5.652
  ==> Time-Iter. (s)              29.704

--------------------------------------------------------------------------------
CEO-ADAPT-VQE iteration: 98
--------------------------------------------------------------------------------
    gate        derivative      name       op1       op2       op3        g_unscaled   penalty
    1337       -0.00144959      a_ia      1337                           -0.00289917         2
    1842       -0.00086778      a_ia      1842                           -0.00173556         2
    1259       -0.00081363      a_ia      1259                           -0.00488181         6
    1815       -0.00077266      a_ia      1815                           -0.00154533         2
    1521       -0.00056389      a_ia      1521                           -0.00225556         4
    1296       -0.00048582      a_ia      1296                           -0.00485819        10
   89413        0.00046949        op     38274     38275                  0.03333397        71
   89414        0.00046949        om     38274     38275                  0.03333397        71
    1380       -0.00042790      a_ia      1380                           -0.00171162         4
    1988       -0.00038891      a_ia      1988                           -0.00233348         6

  ==> Add operator: a_ia 1337
  ==> Current qubit order: 0  1  2  3  4  5  6  7  8  9  10  11  12  13  14  15  20  21  22  23  24  25  26  27  32  19  56  57  16  28  18  17  29  33  36  37  40  41  42  43  49  48  62  60  61  63  58  59  44  45  55  38  39  64  65  50  46  52  69  68  75  73  30  66  31  67  81  74  79  72  51  76  53  77  47  78  70  71  85  86  87  84  35  34  93  92  80  54  82  83  88  89  90  91  94  95  96  97  98  99  100  101  102  103  


  ==> Energy                -309.040088983
  ==> dE                       -2.33e-06
  ==> Gradient Norm             1.87e+00
  ==> Abs. Max. Deriv.          6.97e-02
  ==> Time-Grad. (s)              24.180
  ==> Time-Energy (s)              5.473
  ==> Time-Iter. (s)              29.653

--------------------------------------------------------------------------------
CEO-ADAPT-VQE iteration: 99
--------------------------------------------------------------------------------
    gate        derivative      name       op1       op2       op3        g_unscaled   penalty
    1842       -0.00084276      a_ia      1842                           -0.00168553         2
    1259       -0.00082082      a_ia      1259                           -0.00492494         6
    1815       -0.00076871      a_ia      1815                           -0.00153741         2
    1521       -0.00055575      a_ia      1521                           -0.00222302         4
    1296       -0.00048869      a_ia      1296                           -0.00488695        10
   89413        0.00046950        op     38274     38275                  0.03333443        71
   89414        0.00046950        om     38274     38275                  0.03333443        71
    1380       -0.00041672      a_ia      1380                           -0.00166690         4
    1988       -0.00038779      a_ia      1988                           -0.00232672         6
   38274        0.00038315    a_iajb     38274                            0.03333443        87

  ==> Add operator: op -1: 38274 38275
  ==> Current qubit order: 0  1  2  3  4  5  6  7  8  9  10  11  12  13  14  15  20  21  22  23  24  25  26  27  32  19  56  57  16  28  18  17  29  33  36  37  40  41  42  43  49  48  62  60  61  63  58  59  44  45  55  38  39  64  65  50  46  52  69  68  75  73  66  67  81  74  79  72  51  30  31  70  71  76  53  77  47  78  85  86  87  84  35  34  93  92  80  54  82  83  88  89  90  91  94  95  96  97  98  99  100  101  102  103  


  ==> Energy                -309.040213683
  ==> dE                       -1.25e-04
  ==> Gradient Norm             1.87e+00
  ==> Abs. Max. Deriv.          6.97e-02
  ==> Time-Grad. (s)              24.691
  ==> Time-Energy (s)              5.015
  ==> Time-Iter. (s)              29.707

--------------------------------------------------------------------------------
CEO-ADAPT-VQE iteration: 100
--------------------------------------------------------------------------------
    gate        derivative      name       op1       op2       op3        g_unscaled   penalty
    1375        0.00107000      a_ia      1375                            0.00427998         4
    1339        0.00106936      a_ia      1339                            0.00427745         4
    1842       -0.00084175      a_ia      1842                           -0.00168350         2
    1259       -0.00082028      a_ia      1259                           -0.00492167         6
    1815       -0.00076895      a_ia      1815                           -0.00153791         2
    1521       -0.00055597      a_ia      1521                           -0.00222386         4
    1296       -0.00048837      a_ia      1296                           -0.00488368        10
   89540        0.00040801        om     38400     38401                  0.02978501        73
   38400        0.00040801    a_iajb     38400                            0.02978501        73
   89539        0.00040801        op     38400     38401                  0.02978501        73

  ==> Add operator: a_ia 1375
  ==> Current qubit order: 0  1  2  3  4  5  6  7  8  9  10  11  12  13  14  15  20  21  22  23  24  25  26  27  32  19  56  57  16  28  18  17  29  33  36  37  40  41  42  43  49  48  62  60  61  63  58  59  44  45  55  38  39  64  65  50  46  52  69  68  75  73  66  67  81  74  79  72  51  30  70  31  71  76  53  77  47  78  85  86  87  84  35  34  93  92  80  54  82  83  88  89  90  91  94  95  96  97  98  99  100  101  102  103  


  ==> Energy                -309.040218030
  ==> dE                       -4.35e-06
  ==> Gradient Norm             1.87e+00
  ==> Abs. Max. Deriv.          6.97e-02
  ==> Time-Grad. (s)              24.376
  ==> Time-Energy (s)              6.049
  ==> Time-Iter. (s)              30.424

  ==> gain rate 1.45e-04 Ha per operator over the last 50 accepted operators is below 0.20 of the level's best (7.80e-04) --- exiting.


--------------------------------------------------------------------------------
RESTART
--------------------------------------------------------------------------------

Last Energy: -309.040308081

--------------------------------------------------------------------------------
CEO-ADAPT-VQE iteration: 101
--------------------------------------------------------------------------------
    gate        derivative      name       op1       op2       op3        g_unscaled   penalty
    1339        0.00197079      a_ia      1339                            0.00394159         2
    1842       -0.00091581      a_ia      1842                           -0.00183161         2
    1259       -0.00082359      a_ia      1259                           -0.00494154         6
    1815       -0.00078927      a_ia      1815                           -0.00157854         2
    1521       -0.00056512      a_ia      1521                           -0.00226047         4
    1296       -0.00049069      a_ia      1296                           -0.00490688        10
   89539        0.00042027        op     38400     38401                  0.02983952        71
   38400        0.00042027    a_iajb     38400                            0.02983952        71
   89540        0.00042027        om     38400     38401                  0.02983952        71
    1853       -0.00037543      a_ia      1853                           -0.00675781        18

  ==> Add operator: a_ia 1339
  ==> Current qubit order: 0  1  2  3  4  5  6  7  8  9  10  11  12  13  14  15  20  21  22  23  24  25  26  27  32  19  56  57  16  28  18  17  29  33  36  37  40  41  42  43  49  48  62  60  61  63  58  59  44  45  55  38  39  64  65  50  46  52  69  68  75  73  66  67  81  74  79  72  51  30  70  31  71  76  53  77  47  78  85  86  87  84  35  34  93  92  80  54  82  83  88  89  90  91  94  95  96  97  98  99  100  101  102  103  


  ==> Energy                -309.040311753
  ==> dE                       -3.67e-06
  ==> Gradient Norm             1.87e+00
  ==> Abs. Max. Deriv.          6.97e-02
  ==> Time-Grad. (s)              56.899
  ==> Time-Energy (s)             14.500
  ==> Time-Iter. (s)              71.399

--------------------------------------------------------------------------------
CEO-ADAPT-VQE iteration: 102
--------------------------------------------------------------------------------
    gate        derivative      name       op1       op2       op3        g_unscaled   penalty
    1842       -0.00094163      a_ia      1842                           -0.00188326         2
    1259       -0.00082854      a_ia      1259                           -0.00497122         6
    1815       -0.00079223      a_ia      1815                           -0.00158446         2
    1521       -0.00055881      a_ia      1521                           -0.00223526         4
    1296       -0.00049244      a_ia      1296                           -0.00492442        10
   89539        0.00042020        op     38400     38401                  0.02983442        71
   38400        0.00042020    a_iajb     38400                            0.02983442        71
   89540        0.00042020        om     38400     38401                  0.02983442        71
    1853       -0.00037403      a_ia      1853                           -0.00673261        18
    1841        0.00036893      a_ia      1841                            0.00073786         2

  ==> Add operator: a_ia 1842
  ==> Current qubit order: 0  1  2  3  4  5  6  7  8  9  10  11  12  13  14  15  20  21  22  23  24  25  26  27  32  19  56  57  16  28  18  17  29  33  36  37  40  41  42  43  49  48  62  60  61  63  58  59  44  45  55  38  39  64  65  50  46  52  69  68  75  73  66  67  81  74  79  72  51  30  70  31  71  76  53  77  47  78  85  86  87  84  35  34  93  92  80  54  82  83  88  89  90  91  94  95  96  97  98  99  100  101  102  103  


  ==> Energy                -309.040314349
  ==> dE                       -2.60e-06
  ==> Gradient Norm             1.87e+00
  ==> Abs. Max. Deriv.          6.97e-02
  ==> Time-Grad. (s)              57.277
  ==> Time-Energy (s)             17.116
  ==> Time-Iter. (s)              74.393

--------------------------------------------------------------------------------
CEO-ADAPT-VQE iteration: 103
--------------------------------------------------------------------------------
    gate        derivative      name       op1       op2       op3        g_unscaled   penalty
    1259       -0.00082687      a_ia      1259                           -0.00496123         6
    1815       -0.00074313      a_ia      1815                           -0.00148625         2
    1521       -0.00052717      a_ia      1521                           -0.00210866         4
    1296       -0.00049182      a_ia      1296                           -0.00491819        10
   89539        0.00042020        op     38400     38401                  0.02983441        71
   38400        0.00042020    a_iajb     38400                            0.02983441        71
   89540        0.00042020        om     38400     38401                  0.02983441        71
    1841        0.00037561      a_ia      1841                            0.00075123         2
    1853       -0.00037535      a_ia      1853                           -0.00675622        18
   89987       -0.00036199        op     38737     38738                 -0.02352961        65

  ==> Add operator: a_ia 1259
  ==> Current qubit order: 0  1  2  3  4  5  6  7  8  9  10  11  12  13  14  15  20  21  22  23  24  25  26  27  32  19  57  16  56  28  18  17  29  33  36  37  40  41  42  43  49  48  62  60  61  63  58  59  44  45  55  38  39  64  65  50  46  52  69  68  75  73  66  67  81  74  79  72  51  30  70  31  71  76  53  77  47  78  85  86  87  84  35  34  93  92  80  54  82  83  88  89  90  91  94  95  96  97  98  99  100  101  102  103  


  ==> Energy                -309.040323416
  ==> dE                       -9.07e-06
  ==> Gradient Norm             1.87e+00
  ==> Abs. Max. Deriv.          6.97e-02
  ==> Time-Grad. (s)              57.758
  ==> Time-Energy (s)             14.422
  ==> Time-Iter. (s)              72.181

--------------------------------------------------------------------------------
CEO-ADAPT-VQE iteration: 104
--------------------------------------------------------------------------------
    gate        derivative      name       op1       op2       op3        g_unscaled   penalty
     779        0.00086139      a_ia       779                            0.00172278         2
    1815       -0.00073634      a_ia      1815                           -0.00147268         2
    1521       -0.00052848      a_ia      1521                           -0.00211392         4
   89539        0.00042020        op     38400     38401                  0.02983437        71
   38400        0.00042020    a_iajb     38400                            0.02983437        71
   89540        0.00042020        om     38400     38401                  0.02983437        71
    1853       -0.00037722      a_ia      1853                           -0.00679000        18
    1841        0.00037493      a_ia      1841                            0.00074987         2
    1296       -0.00037064      a_ia      1296                           -0.00444766        12
   89987       -0.00036200        op     38737     38738                 -0.02352979        65

  ==> Add operator: a_ia 779
  ==> Current qubit order: 0  1  2  3  4  5  6  7  8  9  10  11  12  13  14  15  20  21  22  23  24  25  26  27  32  19  57  16  56  28  18  17  29  33  36  37  40  41  42  43  49  48  62  60  61  63  58  59  44  45  55  38  39  64  65  50  46  52  69  68  75  73  66  67  81  74  79  72  51  30  70  31  71  76  53  77  47  78  85  86  87  84  35  34  93  92  80  54  82  83  88  89  90  91  94  95  96  97  98  99  100  101  102  103  


  ==> Energy                -309.040324225
  ==> dE                       -8.09e-07
  ==> Gradient Norm             1.87e+00
  ==> Abs. Max. Deriv.          6.96e-02
  ==> Time-Grad. (s)              58.789
  ==> Time-Energy (s)             15.372
  ==> Time-Iter. (s)              74.161

--------------------------------------------------------------------------------
CEO-ADAPT-VQE iteration: 105
--------------------------------------------------------------------------------
    gate        derivative      name       op1       op2       op3        g_unscaled   penalty
    1815       -0.00073817      a_ia      1815                           -0.00147634         2
    1521       -0.00053335      a_ia      1521                           -0.00213340         4
   89539        0.00042020        op     38400     38401                  0.02983436        71
   38400        0.00042020    a_iajb     38400                            0.02983436        71
   89540        0.00042020        om     38400     38401                  0.02983436        71
    1853       -0.00037789      a_ia      1853                           -0.00680202        18
    1841        0.00037480      a_ia      1841                            0.00074960         2
    1296       -0.00036432      a_ia      1296                           -0.00437178        12
   89987       -0.00036200        op     38737     38738                 -0.02352970        65
   38737       -0.00036193    a_iajb     38737                           -0.02352540        65

  ==> Add operator: a_ia 1815
  ==> Current qubit order: 0  1  2  3  4  5  6  7  8  9  10  11  12  13  14  15  20  21  22  23  24  25  26  27  32  19  57  16  56  28  18  17  29  33  36  37  40  41  42  43  49  48  62  60  61  63  58  59  44  45  55  38  39  64  65  50  46  52  69  68  75  73  66  67  81  74  79  72  51  30  70  31  71  76  53  77  47  78  85  86  87  84  35  34  93  92  80  54  82  83  88  89  90  91  94  95  96  97  98  99  100  101  102  103  


  ==> Energy                -309.040325278
  ==> dE                       -1.05e-06
  ==> Gradient Norm             1.87e+00
  ==> Abs. Max. Deriv.          6.96e-02
  ==> Time-Grad. (s)              59.162
  ==> Time-Energy (s)             15.939
  ==> Time-Iter. (s)              75.102

--------------------------------------------------------------------------------
CEO-ADAPT-VQE iteration: 106
--------------------------------------------------------------------------------
    gate        derivative      name       op1       op2       op3        g_unscaled   penalty
    1521       -0.00053157      a_ia      1521                           -0.00212628         4
   89539        0.00042020        op     38400     38401                  0.02983436        71
   38400        0.00042020    a_iajb     38400                            0.02983436        71
   89540        0.00042020        om     38400     38401                  0.02983436        71
    1853       -0.00037746      a_ia      1853                           -0.00679431        18
    1841        0.00037490      a_ia      1841                            0.00074981         2
    1296       -0.00036385      a_ia      1296                           -0.00436623        12
   89987       -0.00036200        op     38737     38738                 -0.02352982        65
   38737       -0.00036193    a_iajb     38737                           -0.02352552        65
   89988       -0.00036186        om     38737     38738                 -0.02352121        65

  ==> Add operator: a_ia 1521
  ==> Current qubit order: 0  1  2  3  4  5  6  7  8  9  10  11  12  13  14  15  20  21  22  23  24  25  26  27  32  19  57  16  56  28  18  17  29  33  36  37  40  41  42  43  49  48  62  60  61  63  58  59  44  45  55  38  39  64  65  50  46  52  69  68  75  73  66  67  81  74  79  72  51  30  70  31  71  76  53  77  47  78  85  86  84  87  35  34  93  92  80  54  82  83  88  89  90  91  94  95  96  97  98  99  100  101  102  103  


  ==> Energy                -309.040326149
  ==> dE                       -8.72e-07
  ==> Gradient Norm             1.87e+00
  ==> Abs. Max. Deriv.          6.96e-02
  ==> Time-Grad. (s)              59.571
  ==> Time-Energy (s)             15.370
  ==> Time-Iter. (s)              74.941

--------------------------------------------------------------------------------
CEO-ADAPT-VQE iteration: 107
--------------------------------------------------------------------------------
    gate        derivative      name       op1       op2       op3        g_unscaled   penalty
   89539        0.00043238        op     38400     38401                  0.02983449        69
   38400        0.00043238    a_iajb     38400                            0.02983449        69
   89540        0.00043238        om     38400     38401                  0.02983449        69
    1853       -0.00037653      a_ia      1853                           -0.00677762        18
    1841        0.00037476      a_ia      1841                            0.00074951         2
    1296       -0.00036442      a_ia      1296                           -0.00437305        12
   91434       -0.00036242        om     39784     39785                 -0.02355711        65
   39784       -0.00036235    a_iajb     39784                           -0.02355304        65
   91433       -0.00036229        op     39784     39785                 -0.02354897        65
   96866        0.00034750        om     43605     43606                  0.01772233        51

  ==> Add operator: op -1: 38400 38401
  ==> Current qubit order: 0  1  2  3  4  5  6  7  8  9  10  11  12  13  14  15  20  21  22  23  24  25  26  27  32  19  57  16  56  28  18  17  29  33  36  37  40  41  42  43  49  48  62  60  61  63  58  59  44  45  55  38  39  64  65  50  46  52  69  68  75  73  66  67  81  74  79  72  51  70  71  76  30  31  85  84  53  77  47  78  86  87  35  34  93  92  80  54  82  83  88  89  90  91  94  95  96  97  98  99  100  101  102  103  


  ==> Energy                -309.040407418
  ==> dE                       -8.13e-05
  ==> Gradient Norm             1.87e+00
  ==> Abs. Max. Deriv.          6.96e-02
  ==> Time-Grad. (s)              60.283
  ==> Time-Energy (s)             13.158
  ==> Time-Iter. (s)              73.441

--------------------------------------------------------------------------------
CEO-ADAPT-VQE iteration: 108
--------------------------------------------------------------------------------
    gate        derivative      name       op1       op2       op3        g_unscaled   penalty
    1382       -0.00047745      a_ia      1382                           -0.00095490         2
   91434       -0.00044122        om     39784     39785                 -0.02426702        55
   39784       -0.00044115    a_iajb     39784                           -0.02426316        55
   91433       -0.00044108        op     39784     39785                 -0.02425931        55
   89987       -0.00038508        op     38737     38738                 -0.02426021        63
   38737       -0.00038502    a_iajb     38737                           -0.02425613        63
   89988       -0.00038495        om     38737     38738                 -0.02425206        63
    1853       -0.00037652      a_ia      1853                           -0.00677730        18
    1841        0.00037476      a_ia      1841                            0.00074951         2
   94317        0.00037180        op     41813     41814                  0.02342340        63

  ==> Add operator: a_ia 1382
  ==> Current qubit order: 0  1  2  3  4  5  6  7  8  9  10  11  12  13  14  15  20  21  22  23  24  25  26  27  32  19  57  16  56  28  18  17  29  33  36  37  40  41  42  43  49  48  62  60  61  63  58  59  44  45  55  38  39  64  65  50  46  52  69  68  75  73  66  67  81  74  79  72  51  70  71  76  30  31  85  84  53  77  47  78  86  87  35  34  93  92  80  54  82  83  88  89  90  91  94  95  96  97  98  99  100  101  102  103  


  ==> Energy                -309.040407576
  ==> dE                       -1.58e-07
  ==> Gradient Norm             1.87e+00
  ==> Abs. Max. Deriv.          6.96e-02
  ==> Time-Grad. (s)              59.477
  ==> Time-Energy (s)             15.816
  ==> Time-Iter. (s)              75.294

--------------------------------------------------------------------------------
CEO-ADAPT-VQE iteration: 109
--------------------------------------------------------------------------------
    gate        derivative      name       op1       op2       op3        g_unscaled   penalty
   91434       -0.00044135        om     39784     39785                 -0.02427412        55
   39784       -0.00044127    a_iajb     39784                           -0.02426991        55
   91433       -0.00044119        op     39784     39785                 -0.02426569        55
   89987       -0.00038514        op     38737     38738                 -0.02426412        63
   38737       -0.00038508    a_iajb     38737                           -0.02426003        63
   89988       -0.00038501        om     38737     38738                 -0.02425594        63
    1853       -0.00037690      a_ia      1853                           -0.00678422        18
    1841        0.00037491      a_ia      1841                            0.00074982         2
   94317        0.00037180        op     41813     41814                  0.02342348        63
    1296       -0.00036478      a_ia      1296                           -0.00437741        12

  ==> Add operator: om -1: 39784 39785
  ==> Current qubit order: 0  1  2  3  4  5  6  7  8  9  10  11  12  13  14  15  20  21  22  23  24  25  26  27  32  19  57  16  56  28  18  17  29  33  36  37  40  41  42  43  49  48  62  60  61  63  58  59  44  45  55  38  39  64  65  50  46  52  69  68  75  73  66  67  81  74  79  72  51  70  71  76  30  31  85  84  34  53  77  47  78  86  87  35  93  92  80  54  82  83  88  89  90  91  94  95  96  97  98  99  100  101  102  103  


  ==> Energy                -309.040461820
  ==> dE                       -5.42e-05
  ==> Gradient Norm             1.87e+00
  ==> Abs. Max. Deriv.          6.96e-02
  ==> Time-Grad. (s)              60.117
  ==> Time-Energy (s)             16.372
  ==> Time-Iter. (s)              76.489

--------------------------------------------------------------------------------
CEO-ADAPT-VQE iteration: 110
--------------------------------------------------------------------------------
    gate        derivative      name       op1       op2       op3        g_unscaled   penalty
    1486       -0.00056058      a_ia      1486                           -0.00112116         2
   94317        0.00049836        op     41813     41814                  0.02342284        47
   41813        0.00042276    a_iajb     41813                            0.01986949        47
   89987       -0.00041575        op     38737     38738                 -0.02369784        57
   38737       -0.00041568    a_iajb     38737                           -0.02369373        57
   89988       -0.00041561        om     38737     38738                 -0.02368963        57
    1853       -0.00037692      a_ia      1853                           -0.00678462        18
    1841        0.00037490      a_ia      1841                            0.00074981         2
    1296       -0.00036481      a_ia      1296                           -0.00437769        12
   95516       -0.00035371        om     42719     42721                 -0.02228383        63

  ==> Add operator: a_ia 1486
  ==> Current qubit order: 0  1  2  3  4  5  6  7  8  9  10  11  12  13  14  15  20  21  22  23  24  25  26  27  32  19  57  16  56  28  18  17  29  33  36  37  40  41  42  43  49  48  62  60  61  63  58  59  44  45  55  38  39  64  65  50  46  52  69  68  75  73  66  67  81  74  79  72  51  70  71  76  30  31  85  84  34  53  77  47  78  86  87  35  93  92  80  54  82  83  88  89  90  91  94  95  96  97  98  99  100  101  102  103  


  ==> Energy                -309.040462067
  ==> dE                       -2.47e-07
  ==> Gradient Norm             1.87e+00
  ==> Abs. Max. Deriv.          6.96e-02
  ==> Time-Grad. (s)              59.667
  ==> Time-Energy (s)             36.170
  ==> Time-Iter. (s)              95.837

--------------------------------------------------------------------------------
CEO-ADAPT-VQE iteration: 111
--------------------------------------------------------------------------------
    gate        derivative      name       op1       op2       op3        g_unscaled   penalty
   94317        0.00049853        op     41813     41814                  0.02343090        47
   41813        0.00042289    a_iajb     41813                            0.01987567        47
   89987       -0.00041586        op     38737     38738                 -0.02370395        57
   38737       -0.00041579    a_iajb     38737                           -0.02369986        57
   89988       -0.00041572        om     38737     38738                 -0.02369577        57
    1853       -0.00037665      a_ia      1853                           -0.00677970        18
    1841        0.00037477      a_ia      1841                            0.00074953         2
    1296       -0.00036384      a_ia      1296                           -0.00436611        12
   95516       -0.00035371        om     42719     42721                 -0.02228364        63
   96866        0.00034750        om     43605     43606                  0.01772239        51

  ==> Add operator: mvp2 -1: 41813 41814
  ==> Current qubit order: 0  1  2  3  4  5  6  7  8  9  10  11  12  13  14  15  20  21  22  23  24  25  26  27  32  19  57  16  56  28  18  17  29  33  36  37  40  41  42  43  49  48  62  60  61  63  58  59  44  45  55  38  39  64  65  50  46  52  69  68  75  73  66  67  81  74  79  72  51  70  71  76  30  31  85  84  34  53  47  86  77  78  87  35  93  92  80  54  82  83  88  89  90  91  94  95  96  97  98  99  100  101  102  103  


  ==> Energy                -309.040654588
  ==> dE                       -1.93e-04
  ==> Gradient Norm             1.87e+00
  ==> Abs. Max. Deriv.          6.96e-02
  ==> Time-Grad. (s)              59.901
  ==> Time-Energy (s)             25.112
  ==> Time-Iter. (s)              85.013

--------------------------------------------------------------------------------
CEO-ADAPT-VQE iteration: 112
--------------------------------------------------------------------------------
    gate        derivative      name       op1       op2       op3        g_unscaled   penalty
   89987       -0.00041588        op     38737     38738                 -0.02370496        57
   38737       -0.00041580    a_iajb     38737                           -0.02370083        57
   89988       -0.00041573        om     38737     38738                 -0.02369670        57
    1853       -0.00037819      a_ia      1853                           -0.00680745        18
    1841        0.00036714      a_ia      1841                            0.00073429         2
    1296       -0.00036434      a_ia      1296                           -0.00437212        12
   95516       -0.00036110        om     42719     42721                 -0.02347169        65
   94459        0.00035406        op     41955     41956                  0.02088960        59
    1487       -0.00034866      a_ia      1487                           -0.00209195         6
   41955        0.00034857    a_iajb     41955                            0.02056537        59

  ==> Add operator: op -1: 38737 38738
  ==> Current qubit order: 0  1  2  3  4  5  6  7  8  9  10  11  12  13  14  15  20  21  22  23  24  25  26  27  32  19  57  16  56  28  18  17  29  33  36  37  40  41  42  43  49  48  62  60  61  63  58  59  44  45  55  38  39  64  65  50  46  52  69  68  75  73  66  67  81  74  79  72  51  70  71  76  31  30  85  84  35  34  53  47  86  77  78  87  93  92  80  54  82  83  88  89  90  91  94  95  96  97  98  99  100  101  102  103  


  ==> Energy                -309.040706300
  ==> dE                       -5.17e-05
  ==> Gradient Norm             1.86e+00
  ==> Abs. Max. Deriv.          6.96e-02
  ==> Time-Grad. (s)              60.524
  ==> Time-Energy (s)             14.524
  ==> Time-Iter. (s)              75.049

--------------------------------------------------------------------------------
CEO-ADAPT-VQE iteration: 113
--------------------------------------------------------------------------------
    gate        derivative      name       op1       op2       op3        g_unscaled   penalty
   95516       -0.00047900        om     42719     42721                 -0.02347107        49
   95512       -0.00040264        om     42719     42720                 -0.01972959        49
   42719       -0.00040250    a_iajb     42719                           -0.01972239        49
   95511       -0.00040235        op     42719     42720                 -0.01971519        49
    1853       -0.00037821      a_ia      1853                           -0.00680783        18
    1841        0.00036714      a_ia      1841                            0.00073429         2
    1296       -0.00036436      a_ia      1296                           -0.00437233        12
    2041       -0.00035265      a_ia      2041                           -0.00775832        22
    1487       -0.00034876      a_ia      1487                           -0.00209259         6
   96866        0.00034749        om     43605     43606                  0.01772218        51

  ==> Add operator: mvp2 -1: 42719 42721
  ==> Current qubit order: 0  1  2  3  4  5  6  7  8  9  10  11  12  13  14  15  20  21  22  23  24  25  26  27  32  19  57  16  56  28  18  17  29  33  36  37  40  41  42  43  49  48  62  60  61  63  58  59  44  45  55  38  39  64  65  50  46  52  69  68  75  73  66  67  81  74  79  72  51  70  71  76  31  30  85  84  34  35  53  47  87  86  77  78  93  92  80  54  82  83  88  89  90  91  94  95  96  97  98  99  100  101  102  103  


  ==> Energy                -309.040913131
  ==> dE                       -2.07e-04
  ==> Gradient Norm             1.86e+00
  ==> Abs. Max. Deriv.          6.96e-02
  ==> Time-Grad. (s)              60.486
  ==> Time-Energy (s)             25.381
  ==> Time-Iter. (s)              85.867

--------------------------------------------------------------------------------
CEO-ADAPT-VQE iteration: 114
--------------------------------------------------------------------------------
    gate        derivative      name       op1       op2       op3        g_unscaled   penalty
    1853       -0.00037983      a_ia      1853                           -0.00683695        18
    2043        0.00037390      a_ia      2043                            0.00149561         4
    1296       -0.00036482      a_ia      1296                           -0.00437782        12
    1841        0.00035312      a_ia      1841                            0.00070624         2
    2041       -0.00035187      a_ia      2041                           -0.00774106        22
   96866        0.00034749        om     43605     43606                  0.01772199        51
   43605        0.00034609    a_iajb     43605                            0.01765081        51
   96865        0.00034470        op     43605     43606                  0.01757963        51
   97027        0.00034243        op     43749     43750                  0.01883382        55
   43749        0.00034154    a_iajb     43749                            0.01878489        55

  ==> Add operator: a_ia 1853
  ==> Current qubit order: 0  1  2  3  4  5  6  7  8  9  10  11  12  13  14  15  20  21  22  23  24  25  26  27  32  19  57  16  56  28  18  17  29  33  36  37  40  41  42  43  49  48  62  60  61  63  58  59  44  45  55  38  39  64  65  50  52  69  68  75  73  66  67  81  46  74  79  72  51  70  71  76  31  30  85  84  34  35  53  47  87  86  77  78  93  92  80  54  82  83  88  89  90  91  94  95  96  97  98  99  100  101  102  103  


  ==> Energy                -309.040925433
  ==> dE                       -1.23e-05
  ==> Gradient Norm             1.86e+00
  ==> Abs. Max. Deriv.          6.96e-02
  ==> Time-Grad. (s)              60.750
  ==> Time-Energy (s)             17.116
  ==> Time-Iter. (s)              77.866

--------------------------------------------------------------------------------
CEO-ADAPT-VQE iteration: 115
--------------------------------------------------------------------------------
    gate        derivative      name       op1       op2       op3        g_unscaled   penalty
   91842       -0.00037702        om     40054     40055                 -0.03129262        83
    2043        0.00037423      a_ia      2043                            0.00149694         4
    1296       -0.00036730      a_ia      1296                           -0.00440763        12
   90254        0.00036326        om     38906     38908                  0.03160348        87
    2041       -0.00035180      a_ia      2041                           -0.00773952        22
   40054       -0.00034933    a_iajb     40054                           -0.02899466        83
   96866        0.00034749        om     43605     43606                  0.01772218        51
   43605        0.00034610    a_iajb     43605                            0.01765099        51
   96865        0.00034470        op     43605     43606                  0.01757979        51
   97027        0.00034244        op     43749     43750                  0.01883393        55

  ==> Add operator: mvp2 -1: 40054 40055
  ==> Current qubit order: 0  1  2  3  4  5  6  7  8  9  10  11  12  13  14  15  20  21  22  23  24  25  26  27  32  19  57  16  56  28  18  17  29  33  36  37  40  41  42  43  49  48  62  60  61  63  58  59  44  45  55  38  39  64  65  50  52  69  68  75  73  66  67  81  74  79  72  51  70  71  76  30  46  31  85  54  84  34  35  53  47  87  86  77  78  93  92  80  82  83  88  89  90  91  94  95  96  97  98  99  100  101  102  103  


  ==> Energy                -309.041125472
  ==> dE                       -2.00e-04
  ==> Gradient Norm             1.86e+00
  ==> Abs. Max. Deriv.          6.96e-02
  ==> Time-Grad. (s)              61.091
  ==> Time-Energy (s)             29.956
  ==> Time-Iter. (s)              91.048

--------------------------------------------------------------------------------
CEO-ADAPT-VQE iteration: 116
--------------------------------------------------------------------------------
    gate        derivative      name       op1       op2       op3        g_unscaled   penalty
   90254        0.00066850        om     38906     38908                  0.03275665        49
   90249        0.00061179        op     38906     38907                  0.02997756        49
   38906        0.00061176    a_iajb     38906                            0.02997647        49
   90250        0.00061174        om     38906     38907                  0.02997538        49
   90253        0.00055503        op     38906     38908                  0.02719629        49
   95298        0.00054059        om     42547     42548                  0.03189480        59
   94070       -0.00050882        om     41672     41674                 -0.03103790        61
   42547        0.00050614    a_iajb     42547                            0.02986229        59
   95297        0.00047169        op     42547     42548                  0.02782977        59
   94066       -0.00046541        om     41672     41673                 -0.02839020        61

  ==> Add operator: mvp2 -1: 38906 38908
  ==> Current qubit order: 0  1  2  3  4  5  6  7  8  9  10  11  12  13  14  15  20  21  22  23  24  25  26  27  32  19  57  16  56  28  18  17  29  33  36  37  40  41  42  43  49  48  62  60  61  63  58  59  44  45  55  38  39  64  65  50  52  69  68  75  73  66  67  81  74  79  72  51  70  71  76  31  30  46  54  84  85  34  35  53  47  87  86  77  78  93  92  80  82  83  88  89  90  91  94  95  96  97  98  99  100  101  102  103  


  ==> Energy                -309.041370098
  ==> dE                       -2.45e-04
  ==> Gradient Norm             1.86e+00
  ==> Abs. Max. Deriv.          6.96e-02
  ==> Time-Grad. (s)              61.749
  ==> Time-Energy (s)             25.576
  ==> Time-Iter. (s)              87.325

--------------------------------------------------------------------------------
CEO-ADAPT-VQE iteration: 117
--------------------------------------------------------------------------------
    gate        derivative      name       op1       op2       op3        g_unscaled   penalty
    1843       -0.00119986      a_ia      1843                           -0.00239972         2
   94070       -0.00053686        om     41672     41674                 -0.03167459        59
   95298        0.00052433        om     42547     42548                  0.03303290        63
   94066       -0.00049161        om     41672     41673                 -0.02900503        59
   41672       -0.00049094    a_iajb     41672                           -0.02896564        59
   42547        0.00049031    a_iajb     42547                            0.03088964        63
   94065       -0.00049028        op     41672     41673                 -0.02892624        59
   95297        0.00045629        op     42547     42548                  0.02874639        63
   94069       -0.00044503        op     41672     41674                 -0.02625668        59
    2041       -0.00038701      a_ia      2041                           -0.00774023        20

  ==> Add operator: a_ia 1843
  ==> Current qubit order: 0  1  2  3  4  5  6  7  8  9  10  11  12  13  14  15  20  21  22  23  24  25  26  27  32  19  57  16  56  28  18  17  29  33  36  37  40  41  42  43  49  48  62  60  61  63  58  59  44  45  55  38  39  64  65  50  52  69  68  75  73  66  67  81  74  79  72  51  70  71  76  31  30  46  54  84  85  34  35  53  47  87  86  77  78  93  92  80  82  83  88  89  90  91  94  95  96  97  98  99  100  101  102  103  


  ==> Energy                -309.041373723
  ==> dE                       -3.62e-06
  ==> Gradient Norm             1.86e+00
  ==> Abs. Max. Deriv.          6.96e-02
  ==> Time-Grad. (s)              62.179
  ==> Time-Energy (s)             15.454
  ==> Time-Iter. (s)              77.633

--------------------------------------------------------------------------------
CEO-ADAPT-VQE iteration: 118
--------------------------------------------------------------------------------
    gate        derivative      name       op1       op2       op3        g_unscaled   penalty
   94070       -0.00053685        om     41672     41674                 -0.03167401        59
   95298        0.00052424        om     42547     42548                  0.03302697        63
   94066       -0.00049159        om     41672     41673                 -0.02900376        59
   41672       -0.00049092    a_iajb     41672                           -0.02896426        59
   94065       -0.00049025        op     41672     41673                 -0.02892476        59
   42547        0.00049017    a_iajb     42547                            0.03088069        63
   95297        0.00045610        op     42547     42548                  0.02873440        63
   94069       -0.00044499        op     41672     41674                 -0.02625451        59
    2041       -0.00038706      a_ia      2041                           -0.00774122        20
    2043        0.00037460      a_ia      2043                            0.00149839         4

  ==> Add operator: mvp2 -1: 41672 41674
  ==> Current qubit order: 0  1  2  3  4  5  6  7  8  9  10  11  12  13  14  15  20  21  22  23  24  25  26  27  32  19  57  16  56  28  18  17  29  33  36  37  40  41  42  43  49  48  62  60  61  63  58  59  44  45  55  38  39  64  65  50  52  69  68  75  73  66  67  81  74  79  72  51  70  71  76  31  30  46  54  84  34  85  35  53  47  87  86  77  78  93  92  80  82  83  88  89  90  91  94  95  96  97  98  99  100  101  102  103  


  ==> Energy                -309.041604964
  ==> dE                       -2.31e-04
  ==> Gradient Norm             1.86e+00
  ==> Abs. Max. Deriv.          6.96e-02
  ==> Time-Grad. (s)              62.577
  ==> Time-Energy (s)             30.126
  ==> Time-Iter. (s)              92.703

--------------------------------------------------------------------------------
CEO-ADAPT-VQE iteration: 119
--------------------------------------------------------------------------------
    gate        derivative      name       op1       op2       op3        g_unscaled   penalty
    1520       -0.00060132      a_ia      1520                           -0.00120263         2
   95298        0.00053009        om     42547     42548                  0.03445562        65
   42547        0.00049478    a_iajb     42547                            0.03216072        65
   95297        0.00045947        op     42547     42548                  0.02986582        65
    2041       -0.00038695      a_ia      2041                           -0.00773900        20
    2043        0.00037475      a_ia      2043                            0.00149902         4
    1296       -0.00035865      a_ia      1296                           -0.00430376        12
   91906        0.00034905        om     40118     40119                  0.02268817        65
   96866        0.00034749        om     43605     43606                  0.01772219        51
   43605        0.00034609    a_iajb     43605                            0.01765064        51

  ==> Add operator: a_ia 1520
  ==> Current qubit order: 0  1  2  3  4  5  6  7  8  9  10  11  12  13  14  15  20  21  22  23  24  25  26  27  32  19  57  16  56  28  18  17  29  33  36  37  40  41  42  43  49  48  62  60  61  63  58  59  44  45  55  38  39  64  65  50  52  69  68  75  73  66  67  81  74  79  72  51  70  71  76  31  30  46  54  84  34  85  35  53  47  87  86  77  78  93  92  80  82  83  88  89  90  91  94  95  96  97  98  99  100  101  102  103  


  ==> Energy                -309.041605249
  ==> dE                       -2.85e-07
  ==> Gradient Norm             1.86e+00
  ==> Abs. Max. Deriv.          6.96e-02
  ==> Time-Grad. (s)              63.237
  ==> Time-Energy (s)             14.636
  ==> Time-Iter. (s)              77.873

--------------------------------------------------------------------------------
CEO-ADAPT-VQE iteration: 120
--------------------------------------------------------------------------------
    gate        derivative      name       op1       op2       op3        g_unscaled   penalty
   95298        0.00053038        om     42547     42548                  0.03447442        65
   42547        0.00049510    a_iajb     42547                            0.03218126        65
   95297        0.00045982        op     42547     42548                  0.02988810        65
    2041       -0.00038697      a_ia      2041                           -0.00773932        20
    2043        0.00037479      a_ia      2043                            0.00149916         4
    1296       -0.00035765      a_ia      1296                           -0.00429178        12
   91906        0.00034905        om     40118     40119                  0.02268816        65
   96866        0.00034749        om     43605     43606                  0.01772220        51
   43605        0.00034609    a_iajb     43605                            0.01765065        51
   96865        0.00034469        op     43605     43606                  0.01757910        51

  ==> Add operator: mvp2 -1: 42547 42548
  ==> Current qubit order: 0  1  2  3  4  5  6  7  8  9  10  11  12  13  14  15  20  21  22  23  24  25  26  27  32  19  57  16  56  28  18  17  29  33  36  37  40  41  42  43  49  48  62  60  61  63  58  59  44  45  55  38  39  64  65  50  52  69  68  75  73  66  67  81  74  79  72  51  70  71  76  31  30  84  46  54  85  35  34  53  47  87  86  77  78  93  92  80  82  83  88  89  90  91  94  95  96  97  98  99  100  101  102  103  


  ==> Energy                -309.041832233
  ==> dE                       -2.27e-04
  ==> Gradient Norm             1.86e+00
  ==> Abs. Max. Deriv.          6.96e-02
  ==> Time-Grad. (s)              63.775
  ==> Time-Energy (s)             27.926
  ==> Time-Iter. (s)              91.701

--------------------------------------------------------------------------------
CEO-ADAPT-VQE iteration: 121
--------------------------------------------------------------------------------
    gate        derivative      name       op1       op2       op3        g_unscaled   penalty
    1346       -0.00073601      a_ia      1346                           -0.00147202         2
    2041       -0.00038701      a_ia      2041                           -0.00774027        20
    2043        0.00037441      a_ia      2043                            0.00149764         4
    1296       -0.00035736      a_ia      1296                           -0.00428837        12
   95304       -0.00035608        om     42553     42554                 -0.02385705        67
   96866        0.00034750        om     43605     43606                  0.01772252        51
   43605        0.00034609    a_iajb     43605                            0.01765075        51
    1487       -0.00034591      a_ia      1487                           -0.00276732         8
   96865        0.00034469        op     43605     43606                  0.01757899        51
   91850        0.00034360        om     40062     40063                  0.02164704        63

  ==> Add operator: a_ia 1346
  ==> Current qubit order: 0  1  2  3  4  5  6  7  8  9  10  11  12  13  14  15  20  21  22  23  24  25  26  27  32  19  57  16  56  28  18  17  29  33  36  37  40  41  42  43  49  48  62  60  61  63  58  59  44  45  55  38  39  64  65  50  52  69  68  75  73  66  67  81  74  79  72  51  70  71  76  31  30  84  46  54  85  35  34  53  47  87  86  77  78  93  92  80  82  83  88  89  90  91  94  95  96  97  98  99  100  101  102  103  


  ==> Energy                -309.041855133
  ==> dE                       -2.29e-05
  ==> Gradient Norm             1.86e+00
  ==> Abs. Max. Deriv.          6.96e-02
  ==> Time-Grad. (s)              64.449
  ==> Time-Energy (s)             74.750
  ==> Time-Iter. (s)             139.198

--------------------------------------------------------------------------------
CEO-ADAPT-VQE iteration: 122
--------------------------------------------------------------------------------
    gate        derivative      name       op1       op2       op3        g_unscaled   penalty
    2041       -0.00038716      a_ia      2041                           -0.00774323        20
    2043        0.00037343      a_ia      2043                            0.00149372         4
    1296       -0.00036455      a_ia      1296                           -0.00437456        12
   95304       -0.00035520        om     42553     42554                 -0.02379847        67
   96866        0.00034751        om     43605     43606                  0.01772312        51
   43605        0.00034611    a_iajb     43605                            0.01765150        51
   96865        0.00034470        op     43605     43606                  0.01757987        51
   91850        0.00034461        om     40062     40063                  0.02171013        63
   97027        0.00034241        op     43749     43750                  0.01883232        55
   43749        0.00034153    a_iajb     43749                            0.01878399        55

  ==> Add operator: a_ia 2041
  ==> Current qubit order: 0  1  2  3  4  5  6  7  8  9  10  11  12  13  14  15  20  21  22  23  24  25  26  27  32  19  57  16  56  28  18  17  29  33  36  37  40  41  42  43  49  48  62  60  61  63  58  59  44  45  55  38  39  64  65  50  52  69  68  75  73  66  67  81  74  79  72  51  70  71  76  31  30  84  46  54  85  35  34  47  87  86  77  78  93  92  80  82  53  83  88  89  90  91  94  95  96  97  98  99  100  101  102  103  


  ==> Energy                -309.042212021
  ==> dE                       -3.57e-04
  ==> Gradient Norm             1.86e+00
  ==> Abs. Max. Deriv.          6.96e-02
  ==> Time-Grad. (s)              64.746
  ==> Time-Energy (s)             14.897
  ==> Time-Iter. (s)              79.643

--------------------------------------------------------------------------------
CEO-ADAPT-VQE iteration: 123
--------------------------------------------------------------------------------
    gate        derivative      name       op1       op2       op3        g_unscaled   penalty
    1487       -0.00043862      a_ia      1487                           -0.00263170         6
    1296       -0.00037351      a_ia      1296                           -0.00448217        12
   95304       -0.00036609        om     42553     42554                 -0.02379574        65
   91850        0.00035593        om     40062     40063                  0.02171155        61
   96866        0.00034746        om     43605     43606                  0.01772040        51
   43605        0.00034607    a_iajb     43605                            0.01764949        51
   96865        0.00034468        op     43605     43606                  0.01757858        51
   97027        0.00034245        op     43749     43750                  0.01883455        55
   43749        0.00034155    a_iajb     43749                            0.01878520        55
   67382        0.00034073        om     21108     21109                  0.03100634        91

  ==> Add operator: a_ia 1487
  ==> Current qubit order: 0  1  2  3  4  5  6  7  8  9  10  11  12  13  14  15  20  21  22  23  24  25  26  27  32  19  57  16  56  28  18  17  29  33  36  37  40  41  42  43  49  48  62  60  61  63  58  59  44  45  55  38  39  64  65  50  52  69  68  75  73  66  67  81  74  79  72  51  70  71  76  31  30  84  46  54  85  35  47  87  34  86  77  78  93  92  80  82  53  83  88  89  90  91  94  95  96  97  98  99  100  101  102  103  


  ==> Energy                -309.042213323
  ==> dE                       -1.30e-06
  ==> Gradient Norm             1.85e+00
  ==> Abs. Max. Deriv.          6.96e-02
  ==> Time-Grad. (s)              66.050
  ==> Time-Energy (s)             15.520
  ==> Time-Iter. (s)              81.570

--------------------------------------------------------------------------------
CEO-ADAPT-VQE iteration: 124
--------------------------------------------------------------------------------
    gate        derivative      name       op1       op2       op3        g_unscaled   penalty
    1501       -0.00056194      a_ia      1501                           -0.00112389         2
    1296       -0.00037363      a_ia      1296                           -0.00448354        12
   95304       -0.00036608        om     42553     42554                 -0.02379539        65
   91850        0.00035593        om     40062     40063                  0.02171148        61
   96866        0.00034746        om     43605     43606                  0.01772041        51
   43605        0.00034607    a_iajb     43605                            0.01764950        51
   96865        0.00034468        op     43605     43606                  0.01757859        51
   97027        0.00034245        op     43749     43750                  0.01883459        55
   43749        0.00034155    a_iajb     43749                            0.01878525        55
   67382        0.00034073        om     21108     21109                  0.03100641        91

  ==> Add operator: a_ia 1501
  ==> Current qubit order: 0  1  2  3  4  5  6  7  8  9  10  11  12  13  14  15  20  21  22  23  24  25  26  27  32  19  57  16  56  28  18  17  29  33  36  37  40  41  42  43  49  48  62  60  61  63  58  59  44  45  55  38  39  64  65  50  52  69  68  75  73  66  67  81  74  79  72  51  70  71  76  31  30  84  46  54  85  35  47  87  34  86  77  78  93  92  80  82  53  83  88  89  90  91  94  95  96  97  98  99  100  101  102  103  


  ==> Energy                -309.042227156
  ==> dE                       -1.38e-05
  ==> Gradient Norm             1.85e+00
  ==> Abs. Max. Deriv.          6.96e-02
  ==> Time-Grad. (s)              66.563
  ==> Time-Energy (s)             15.458
  ==> Time-Iter. (s)              82.020

--------------------------------------------------------------------------------
CEO-ADAPT-VQE iteration: 125
--------------------------------------------------------------------------------
    gate        derivative      name       op1       op2       op3        g_unscaled   penalty
    1296       -0.00037366      a_ia      1296                           -0.00448395        12
   95304       -0.00036610        om     42553     42554                 -0.02379668        65
   91850        0.00035589        om     40062     40063                  0.02170932        61
   96866        0.00034747        om     43605     43606                  0.01772079        51
   43605        0.00034608    a_iajb     43605                            0.01764987        51
   96865        0.00034469        op     43605     43606                  0.01757895        51
   97027        0.00034245        op     43749     43750                  0.01883472        55
   43749        0.00034155    a_iajb     43749                            0.01878527        55
   67382        0.00034075        om     21108     21109                  0.03100790        91
   21108        0.00034075    a_iajb     21108                            0.03100789        91

  ==> Add operator: a_ia 1296
  ==> Current qubit order: 0  1  2  3  4  5  6  7  8  9  10  11  12  13  14  15  20  21  22  23  24  25  26  27  32  19  16  56  28  18  17  57  29  33  36  37  40  41  42  43  49  48  62  60  61  63  58  59  44  45  55  38  39  64  65  50  52  69  68  75  73  66  67  81  74  79  72  51  70  71  76  31  30  84  46  54  85  35  47  87  34  86  77  78  93  92  80  82  53  83  88  89  90  91  94  95  96  97  98  99  100  101  102  103  


  ==> Energy                -309.042234561
  ==> dE                       -7.41e-06
  ==> Gradient Norm             1.85e+00
  ==> Abs. Max. Deriv.          6.96e-02
  ==> Time-Grad. (s)              69.625
  ==> Time-Energy (s)             15.743
  ==> Time-Iter. (s)              85.368

--------------------------------------------------------------------------------
CEO-ADAPT-VQE iteration: 126
--------------------------------------------------------------------------------
    gate        derivative      name       op1       op2       op3        g_unscaled   penalty
     822        0.00082262      a_ia       822                            0.00164523         2
   95304       -0.00036612        om     42553     42554                 -0.02379760        65
   91850        0.00035590        om     40062     40063                  0.02171006        61
   96866        0.00034745        om     43605     43606                  0.01771999        51
   43605        0.00034606    a_iajb     43605                            0.01764907        51
   96865        0.00034467        op     43605     43606                  0.01757815        51
   97027        0.00034244        op     43749     43750                  0.01883402        55
   43749        0.00034154    a_iajb     43749                            0.01878457        55
   97028        0.00034064        om     43749     43750                  0.01873512        55
   42553       -0.00034043    a_iajb     42553                           -0.02212774        65

  ==> Add operator: a_ia 822
  ==> Current qubit order: 0  1  2  3  4  5  6  7  8  9  10  11  12  13  14  15  20  21  22  23  24  25  26  27  32  19  16  56  28  18  17  57  29  33  36  37  40  41  42  43  49  48  62  60  61  63  58  59  44  45  55  38  39  64  65  50  52  69  68  75  73  66  67  81  74  79  72  51  70  71  76  31  30  84  46  54  85  35  47  87  34  86  77  78  93  92  80  82  53  83  88  89  90  91  94  95  96  97  98  99  100  101  102  103  


  ==> Energy                -309.042235272
  ==> dE                       -7.11e-07
  ==> Gradient Norm             1.85e+00
  ==> Abs. Max. Deriv.          6.94e-02
  ==> Time-Grad. (s)              70.193
  ==> Time-Energy (s)             15.768
  ==> Time-Iter. (s)              85.961

--------------------------------------------------------------------------------
CEO-ADAPT-VQE iteration: 127
--------------------------------------------------------------------------------
    gate        derivative      name       op1       op2       op3        g_unscaled   penalty
   95304       -0.00036612        om     42553     42554                 -0.02379790        65
   91850        0.00035591        om     40062     40063                  0.02171036        61
   96866        0.00034745        om     43605     43606                  0.01771991        51
   43605        0.00034606    a_iajb     43605                            0.01764899        51
   96865        0.00034467        op     43605     43606                  0.01757807        51
   97027        0.00034244        op     43749     43750                  0.01883395        55
   43749        0.00034154    a_iajb     43749                            0.01878450        55
   97028        0.00034064        om     43749     43750                  0.01873505        55
   42553       -0.00034043    a_iajb     42553                           -0.02212805        65
   91906        0.00033840        om     40118     40119                  0.02267256        67

  ==> Add operator: mvp2 -1: 42553 42554
  ==> Current qubit order: 0  1  2  3  4  5  6  7  8  9  10  11  12  13  14  15  20  21  22  23  24  25  26  27  32  19  16  56  28  18  17  57  29  33  36  37  40  41  42  43  49  48  62  60  61  63  58  59  44  45  55  38  39  64  65  50  52  69  68  75  73  66  67  81  74  79  72  51  70  71  76  31  30  84  85  47  87  46  54  35  93  34  86  77  78  92  80  82  53  83  88  89  90  91  94  95  96  97  98  99  100  101  102  103  


  ==> Energy                -309.042333115
  ==> dE                       -9.78e-05
  ==> Gradient Norm             1.85e+00
  ==> Abs. Max. Deriv.          6.94e-02
  ==> Time-Grad. (s)              70.638
  ==> Time-Energy (s)             27.174
  ==> Time-Iter. (s)              97.812

--------------------------------------------------------------------------------
CEO-ADAPT-VQE iteration: 128
--------------------------------------------------------------------------------
    gate        derivative      name       op1       op2       op3        g_unscaled   penalty
   95300        0.00043823        om     42549     42550                  0.01796749        41
   42549        0.00040591    a_iajb     42549                            0.01664213        41
   95299        0.00037358        op     42549     42550                  0.01531677        41
   91850        0.00036574        om     40062     40063                  0.02231037        61
   94082        0.00035188        om     41678     41680                  0.02076105        59
   96866        0.00034745        om     43605     43606                  0.01771989        51
   43605        0.00034606    a_iajb     43605                            0.01764896        51
   96865        0.00034467        op     43605     43606                  0.01757802        51
   40062        0.00034291    a_iajb     40062                            0.02091723        61
   97027        0.00034244        op     43749     43750                  0.01883396        55

  ==> Add operator: mvp2 -1: 42549 42550
  ==> Current qubit order: 0  1  2  3  4  5  6  7  8  9  10  11  12  13  14  15  20  21  22  23  24  25  26  27  32  19  16  56  28  18  17  57  29  33  36  37  40  41  42  43  49  48  62  60  61  63  58  59  44  45  55  38  39  64  65  50  52  69  68  75  73  66  67  81  74  79  72  51  70  71  76  31  30  84  85  47  87  46  54  35  93  34  86  77  78  92  80  82  53  83  88  89  90  91  94  95  96  97  98  99  100  101  102  103  


  ==> Energy                -309.042398281
  ==> dE                       -6.52e-05
  ==> Gradient Norm             1.85e+00
  ==> Abs. Max. Deriv.          6.94e-02
  ==> Time-Grad. (s)              71.362
  ==> Time-Energy (s)             30.103
  ==> Time-Iter. (s)             101.465

--------------------------------------------------------------------------------
CEO-ADAPT-VQE iteration: 129
--------------------------------------------------------------------------------
    gate        derivative      name       op1       op2       op3        g_unscaled   penalty
   91850        0.00036631        om     40062     40063                  0.02234464        61
   94082        0.00035180        om     41678     41680                  0.02075609        59
   96866        0.00034745        om     43605     43606                  0.01772015        51
   43605        0.00034606    a_iajb     43605                            0.01764914        51
   96865        0.00034467        op     43605     43606                  0.01757813        51
   40062        0.00034353    a_iajb     40062                            0.02095549        61
   97027        0.00034243        op     43749     43750                  0.01883378        55
    1886       -0.00034215      a_ia      1886                           -0.00068430         2
   43749        0.00034154    a_iajb     43749                            0.01878447        55
   97028        0.00034064        om     43749     43750                  0.01873515        55

  ==> Add operator: mvp2 -1: 40062 40063
  ==> Current qubit order: 0  1  2  3  4  5  6  7  8  9  10  11  12  13  14  15  20  21  22  23  24  25  26  27  32  19  16  56  28  18  17  57  29  33  36  37  40  41  42  43  49  48  62  60  61  63  58  59  44  45  55  38  39  64  65  50  52  69  68  75  73  66  67  81  74  79  72  51  70  71  76  30  84  85  31  46  54  93  47  87  35  34  86  77  78  92  80  82  53  83  88  89  90  91  94  95  96  97  98  99  100  101  102  103  


  ==> Energy                -309.042478945
  ==> dE                       -8.07e-05
  ==> Gradient Norm             1.85e+00
  ==> Abs. Max. Deriv.          6.94e-02
  ==> Time-Grad. (s)              71.933
  ==> Time-Energy (s)             29.002
  ==> Time-Iter. (s)             100.935

--------------------------------------------------------------------------------
CEO-ADAPT-VQE iteration: 130
--------------------------------------------------------------------------------
    gate        derivative      name       op1       op2       op3        g_unscaled   penalty
    1890       -0.00046390      a_ia      1890                           -0.00092779         2
   96866        0.00034745        om     43605     43606                  0.01772009        51
   43605        0.00034606    a_iajb     43605                            0.01764909        51
   96865        0.00034467        op     43605     43606                  0.01757810        51
   97027        0.00034243        op     43749     43750                  0.01883379        55
   43749        0.00034154    a_iajb     43749                            0.01878448        55
   97028        0.00034064        om     43749     43750                  0.01873516        55
   83852        0.00033084        om     34074     34075                  0.02878348        87
   34074        0.00033084    a_iajb     34074                            0.02878347        87
   83851        0.00033084        op     34074     34075                  0.02878347        87

  ==> Tried operator a_ia 1890: gain -1.63e-07 (threshold 5.8e-07), removed and excluded for this stage
  ==> Add operator: mvp2 -1: 43605 43606
  ==> Current qubit order: 0  1  2  3  4  5  6  7  8  9  10  11  12  13  14  15  20  21  22  23  24  25  26  27  32  19  16  56  28  18  17  57  29  33  36  37  40  41  42  43  49  48  62  60  61  63  58  59  45  38  44  55  39  64  65  50  52  69  68  75  73  66  67  81  74  79  72  51  70  71  76  30  84  85  31  46  54  93  47  87  35  34  86  77  78  92  80  82  53  83  88  89  90  91  94  95  96  97  98  99  100  101  102  103  


  ==> Energy                -309.042552840
  ==> dE                       -7.39e-05
  ==> Gradient Norm             1.85e+00
  ==> Abs. Max. Deriv.          6.94e-02
  ==> Time-Grad. (s)              72.123
  ==> Time-Energy (s)             44.557
  ==> Time-Iter. (s)             116.680

--------------------------------------------------------------------------------
CEO-ADAPT-VQE iteration: 131
--------------------------------------------------------------------------------
    gate        derivative      name       op1       op2       op3        g_unscaled   penalty
    1890       -0.00046353      a_ia      1890                           -0.00092706         2
    1635       -0.00036310      a_ia      1635                           -0.00072620         2
   97027        0.00033993        op     43749     43750                  0.01869624        55
   43749        0.00033899    a_iajb     43749                            0.01864420        55
   97028        0.00033804        om     43749     43750                  0.01859216        55
   83852        0.00033084        om     34074     34075                  0.02878348        87
   34074        0.00033084    a_iajb     34074                            0.02878347        87
   83851        0.00033084        op     34074     34075                  0.02878347        87
   67382        0.00032640        om     21108     21109                  0.03100777        95
   21108        0.00032640    a_iajb     21108                            0.03100777        95

  ==> Tried operator a_ia 1635: gain -2.22e-07 (threshold 7.0e-07), removed and excluded for this stage
  ==> Add operator: op -1: 43749 43750
  ==> Current qubit order: 0  1  2  3  4  5  6  7  8  9  10  11  12  13  14  15  20  21  22  23  24  25  26  27  32  19  16  56  28  18  17  57  29  33  36  37  40  41  42  43  49  48  62  60  61  63  45  38  58  59  44  39  55  64  65  50  52  69  68  75  73  66  67  81  74  79  72  51  70  71  76  30  84  85  31  46  54  93  47  87  35  34  86  77  78  92  80  82  53  83  88  89  90  91  94  95  96  97  98  99  100  101  102  103  


  ==> Energy                -309.042616766
  ==> dE                       -6.39e-05
  ==> Gradient Norm             1.85e+00
  ==> Abs. Max. Deriv.          6.94e-02
  ==> Time-Grad. (s)              72.365
  ==> Time-Energy (s)             33.482
  ==> Time-Iter. (s)             105.847

--------------------------------------------------------------------------------
CEO-ADAPT-VQE iteration: 132
--------------------------------------------------------------------------------
    gate        derivative      name       op1       op2       op3        g_unscaled   penalty
    1890       -0.00046357      a_ia      1890                           -0.00092714         2
    1635       -0.00034657      a_ia      1635                           -0.00069314         2
   78863       -0.00033866        op     30172     30173                 -0.04639668       137
   83852        0.00033084        om     34074     34075                  0.02878348        87
   34074        0.00033084    a_iajb     34074                            0.02878347        87
   83851        0.00033084        op     34074     34075                  0.02878347        87
   30172       -0.00033071    a_iajb     30172                           -0.04530659       137
   67382        0.00032640        om     21108     21109                  0.03100777        95
   21108        0.00032640    a_iajb     21108                            0.03100777        95
   67381        0.00032640        op     21108     21109                  0.03100777        95

  ==> Add operator: mvp2 -1: 30172 30173
  ==> Current qubit order: 0  1  2  3  4  5  6  7  8  9  10  11  12  13  14  15  20  21  22  24  25  26  27  32  19  16  56  28  18  17  57  29  33  36  37  40  41  42  43  49  48  62  60  61  63  23  55  50  52  45  38  58  59  44  39  64  65  69  68  75  73  66  67  81  74  79  72  51  70  71  76  30  84  85  31  46  54  93  47  87  35  34  86  77  78  92  80  82  53  83  88  89  90  91  94  95  96  97  98  99  100  101  102  103  


  ==> Energy                -309.043279740
  ==> dE                       -6.63e-04
  ==> Gradient Norm             1.85e+00
  ==> Abs. Max. Deriv.          6.94e-02
  ==> Time-Grad. (s)              72.454
  ==> Time-Energy (s)             32.891
  ==> Time-Iter. (s)             105.345

--------------------------------------------------------------------------------
CEO-ADAPT-VQE iteration: 133
--------------------------------------------------------------------------------
    gate        derivative      name       op1       op2       op3        g_unscaled   penalty
    1067       -0.00123303      a_ia      1067                           -0.00246606         2
    1953       -0.00054366      a_ia      1953                           -0.00434929         8
    2004        0.00048746      a_ia      2004                            0.00292474         6
    1890       -0.00046382      a_ia      1890                           -0.00092764         2
   78865       -0.00045549        op     30174     30175                 -0.02231890        49
   30174       -0.00044920    a_iajb     30174                           -0.02201068        49
   78866       -0.00044291        om     30174     30175                 -0.02170245        49
   78906        0.00043192        om     30214     30215                  0.02030035        47
   78921        0.00042915        op     30230     30231                  0.02360337        55
   30230        0.00042823    a_iajb     30230                            0.02355279        55

  ==> Add operator: a_ia 1067
  ==> Current qubit order: 0  1  2  3  4  5  6  7  8  9  10  11  12  13  14  15  20  21  22  24  25  26  27  32  19  16  56  28  18  17  57  29  33  36  37  40  41  42  43  49  48  62  60  61  63  23  55  50  52  45  38  58  59  44  39  64  65  69  68  75  73  66  67  81  74  79  72  51  70  71  76  30  84  85  31  46  54  93  47  87  35  34  86  77  78  92  80  82  53  83  88  89  90  91  94  95  96  97  98  99  100  101  102  103  


  ==> Energy                -309.043282131
  ==> dE                       -2.39e-06
  ==> Gradient Norm             1.85e+00
  ==> Abs. Max. Deriv.          6.94e-02
  ==> Time-Grad. (s)              72.561
  ==> Time-Energy (s)             15.916
  ==> Time-Iter. (s)              88.477

--------------------------------------------------------------------------------
CEO-ADAPT-VQE iteration: 134
--------------------------------------------------------------------------------
    gate        derivative      name       op1       op2       op3        g_unscaled   penalty
    1953       -0.00053545      a_ia      1953                           -0.00428358         8
    2004        0.00048678      a_ia      2004                            0.00292066         6
    1890       -0.00046137      a_ia      1890                           -0.00092274         2
   78865       -0.00045538        op     30174     30175                 -0.02231347        49
   30174       -0.00044902    a_iajb     30174                           -0.02200220        49
   78866       -0.00044267        om     30174     30175                 -0.02169094        49
   78921        0.00042975        op     30230     30231                  0.02363626        55
   78906        0.00042941        om     30214     30215                  0.02018221        47
   30230        0.00042881    a_iajb     30230                            0.02358457        55
   78922        0.00042787        om     30230     30231                  0.02353288        55

  ==> Add operator: a_ia 1953
  ==> Current qubit order: 0  1  2  3  4  5  6  7  8  9  10  11  12  13  14  15  20  21  22  24  25  26  27  32  19  16  56  28  18  17  57  29  33  36  37  40  41  42  43  49  48  62  60  61  63  23  55  52  45  38  50  58  59  44  39  64  65  69  68  75  73  66  67  81  74  79  72  51  70  71  76  30  84  85  31  46  54  93  47  87  35  34  86  77  78  92  80  82  53  83  88  89  90  91  94  95  96  97  98  99  100  101  102  103  


  ==> Energy                -309.043309060
  ==> dE                       -2.69e-05
  ==> Gradient Norm             1.85e+00
  ==> Abs. Max. Deriv.          6.94e-02
  ==> Time-Grad. (s)              73.001
  ==> Time-Energy (s)            111.050
  ==> Time-Iter. (s)             184.051

--------------------------------------------------------------------------------
CEO-ADAPT-VQE iteration: 135
--------------------------------------------------------------------------------
    gate        derivative      name       op1       op2       op3        g_unscaled   penalty
   78921        0.00047920        op     30230     30231                  0.02348056        49
   30230        0.00047825    a_iajb     30230                            0.02343442        49
   78922        0.00047731        om     30230     30231                  0.02338828        49
    1890       -0.00046573      a_ia      1890                           -0.00093145         2
   78865       -0.00042421        op     30174     30175                 -0.02248328        53
   30174       -0.00041812    a_iajb     30174                           -0.02216059        53
   78866       -0.00041204        om     30174     30175                 -0.02183790        53
    1071        0.00039295      a_ia      1071                            0.00078591         2
   78906        0.00038403        om     30214     30215                  0.02035360        53
   30214        0.00037888    a_iajb     30214                            0.02008038        53

  ==> Add operator: op -1: 30230 30231
  ==> Current qubit order: 0  1  2  3  4  5  6  7  8  9  10  11  12  13  14  15  20  21  22  24  25  26  27  32  19  16  56  28  18  17  57  29  33  36  37  40  41  42  43  49  48  62  60  61  63  55  52  45  38  23  50  58  59  44  39  64  65  69  68  75  73  66  67  81  74  79  72  51  70  71  76  30  84  85  31  46  54  93  47  87  35  34  86  77  78  92  80  82  53  83  88  89  90  91  94  95  96  97  98  99  100  101  102  103  


  ==> Energy                -309.043407608
  ==> dE                       -9.85e-05
  ==> Gradient Norm             1.85e+00
  ==> Abs. Max. Deriv.          6.94e-02
  ==> Time-Grad. (s)              73.531
  ==> Time-Energy (s)             17.462
  ==> Time-Iter. (s)              90.993

--------------------------------------------------------------------------------
CEO-ADAPT-VQE iteration: 136
--------------------------------------------------------------------------------
    gate        derivative      name       op1       op2       op3        g_unscaled   penalty
    1890       -0.00046566      a_ia      1890                           -0.00093131         2
   78865       -0.00042246        op     30174     30175                 -0.02323523        55
   30174       -0.00041672    a_iajb     30174                           -0.02291979        55
   78866       -0.00041099        om     30174     30175                 -0.02260436        55
   78906        0.00037802        om     30214     30215                  0.02079117        55
   30214        0.00037301    a_iajb     30214                            0.02051545        55
   78905        0.00036800        op     30214     30215                  0.02023973        55
   78622        0.00034213        om     29960     29961                  0.01539585        45
   29960        0.00033982    a_iajb     29960                            0.01529202        45
   78621        0.00033752        op     29960     29961                  0.01518820        45

  ==> Add operator: mvp2 -1: 30174 30175
  ==> Current qubit order: 0  1  2  3  4  5  6  7  8  9  10  11  12  13  14  15  20  21  22  24  25  26  27  32  19  16  56  28  18  17  57  29  33  36  37  40  41  42  43  49  48  62  60  61  63  55  45  38  52  23  50  59  58  44  39  64  65  69  68  75  73  66  67  81  74  79  72  51  70  71  76  30  84  85  31  46  54  93  47  87  35  34  86  77  78  92  80  82  53  83  88  89  90  91  94  95  96  97  98  99  100  101  102  103  


  ==> Energy                -309.043541647
  ==> dE                       -1.34e-04
  ==> Gradient Norm             1.85e+00
  ==> Abs. Max. Deriv.          6.94e-02
  ==> Time-Grad. (s)              73.477
  ==> Time-Energy (s)             33.465
  ==> Time-Iter. (s)             106.942

--------------------------------------------------------------------------------
CEO-ADAPT-VQE iteration: 137
--------------------------------------------------------------------------------
    gate        derivative      name       op1       op2       op3        g_unscaled   penalty
    1069       -0.00057167      a_ia      1069                           -0.00228668         4
    1890       -0.00046531      a_ia      1890                           -0.00093062         2
    2004        0.00037967      a_ia      2004                            0.00303732         8
   78622        0.00036213        om     29960     29961                  0.01557159        43
   29960        0.00035982    a_iajb     29960                            0.01547239        43
   78906        0.00035841        om     30214     30215                  0.02042933        57
   78621        0.00035752        op     29960     29961                  0.01537320        43
   30214        0.00035375    a_iajb     30214                            0.02016354        57
   78905        0.00034908        op     30214     30215                  0.01989774        57
   83852        0.00033081        om     34074     34075                  0.02878040        87

  ==> Add operator: a_ia 1069
  ==> Current qubit order: 0  1  2  3  4  5  6  7  8  9  10  11  12  13  14  15  20  21  22  24  25  26  27  32  19  16  56  28  18  17  57  29  33  36  37  40  41  42  43  49  48  62  60  61  63  55  45  38  52  50  23  59  58  44  39  64  65  69  68  75  73  66  67  81  74  79  72  51  70  71  76  30  84  85  31  46  54  93  47  87  35  34  86  77  78  92  80  82  53  83  88  89  90  91  94  95  96  97  98  99  100  101  102  103  


  ==> Energy                -309.043543239
  ==> dE                       -1.59e-06
  ==> Gradient Norm             1.85e+00
  ==> Abs. Max. Deriv.          6.94e-02
  ==> Time-Grad. (s)              73.690
  ==> Time-Energy (s)             16.859
  ==> Time-Iter. (s)              90.550

--------------------------------------------------------------------------------
CEO-ADAPT-VQE iteration: 138
--------------------------------------------------------------------------------
    gate        derivative      name       op1       op2       op3        g_unscaled   penalty
    1890       -0.00046448      a_ia      1890                           -0.00092896         2
   78906        0.00041743        om     30214     30215                  0.02045414        49
   30214        0.00041201    a_iajb     30214                            0.02018855        49
   78905        0.00040659        op     30214     30215                  0.01992296        49
    2004        0.00037949      a_ia      2004                            0.00303594         8
   78622        0.00034616        om     29960     29961                  0.01557736        45
   29960        0.00034395    a_iajb     29960                            0.01547795        45
   78621        0.00034175        op     29960     29961                  0.01537854        45
   76351        0.00034107        op     28254     28255                  0.06173359       181
   28254        0.00033939    a_iajb     28254                            0.06143012       181

  ==> Add operator: mvp2 -1: 30214 30215
  ==> Current qubit order: 0  1  2  3  4  5  6  7  8  9  10  11  12  13  14  15  20  21  22  24  25  26  27  32  19  16  56  28  18  17  57  29  33  36  37  40  41  42  43  49  48  62  60  61  63  45  38  52  55  50  23  58  59  44  39  64  65  69  68  75  73  66  67  81  74  79  72  51  70  71  76  30  84  85  31  46  54  93  47  87  35  34  86  77  78  92  80  82  53  83  88  89  90  91  94  95  96  97  98  99  100  101  102  103  


  ==> Energy                -309.043643722
  ==> dE                       -1.00e-04
  ==> Gradient Norm             1.85e+00
  ==> Abs. Max. Deriv.          6.94e-02
  ==> Time-Grad. (s)              73.924
  ==> Time-Energy (s)             33.404
  ==> Time-Iter. (s)             107.328

--------------------------------------------------------------------------------
CEO-ADAPT-VQE iteration: 139
--------------------------------------------------------------------------------
    gate        derivative      name       op1       op2       op3        g_unscaled   penalty
    1890       -0.00046416      a_ia      1890                           -0.00092832         2
   83852        0.00033081        om     34074     34075                  0.02878040        87
   34074        0.00033081    a_iajb     34074                            0.02878040        87
   83851        0.00033081        op     34074     34075                  0.02878039        87
   76351        0.00033004        op     28254     28255                  0.06171748       187
   28254        0.00032882    a_iajb     28254                            0.06148887       187
   76352        0.00032759        om     28254     28255                  0.06126026       187
   67381        0.00032639        op     21108     21109                  0.03100673        95
   21108        0.00032639    a_iajb     21108                            0.03100673        95
   67382        0.00032639        om     21108     21109                  0.03100673        95

  ==> Add operator: om -1: 34074 34075
  ==> Current qubit order: 0  1  2  3  4  5  6  7  8  9  10  11  12  13  14  15  20  21  22  24  25  26  27  32  19  16  56  18  17  57  33  36  37  40  41  28  29  60  61  42  43  49  48  62  63  45  38  52  55  50  23  58  59  44  39  64  65  69  68  75  73  66  67  81  74  79  72  51  70  71  76  30  84  85  31  46  54  93  47  87  35  34  86  77  78  92  80  82  53  83  88  89  90  91  94  95  96  97  98  99  100  101  102  103  


  ==> Energy                -309.043776198
  ==> dE                       -1.32e-04
  ==> Gradient Norm             1.85e+00
  ==> Abs. Max. Deriv.          6.94e-02
  ==> Time-Grad. (s)              74.244
  ==> Time-Energy (s)             15.777
  ==> Time-Iter. (s)              90.021

--------------------------------------------------------------------------------
CEO-ADAPT-VQE iteration: 140
--------------------------------------------------------------------------------
    gate        derivative      name       op1       op2       op3        g_unscaled   penalty
    1890       -0.00046420      a_ia      1890                           -0.00092839         2
   67381        0.00038663        op     21108     21109                  0.02977079        77
   21108        0.00038663    a_iajb     21108                            0.02977079        77
   67382        0.00038663        om     21108     21109                  0.02977079        77
   80793        0.00035560        op     31742     31743                  0.02880324        81
   80794        0.00035560        om     31742     31743                  0.02880324        81
   83898        0.00035487        om     34120     34121                  0.02306668        65
   34120        0.00035487    a_iajb     34120                            0.02306667        65
   83897        0.00035487        op     34120     34121                  0.02306667        65
   88614       -0.00034193        om     37657     37658                 -0.02769648        81

  ==> Add operator: op -1: 21108 21109
  ==> Current qubit order: 0  1  2  3  4  5  6  7  8  9  10  11  12  13  14  15  20  21  22  24  25  26  27  32  19  56  18  57  33  36  16  17  60  61  37  40  41  28  29  42  43  49  48  62  63  45  38  52  55  50  23  58  59  44  39  64  65  69  68  75  73  66  67  81  74  79  72  51  70  71  76  30  84  85  31  46  54  93  47  87  35  34  86  77  78  92  80  82  53  83  88  89  90  91  94  95  96  97  98  99  100  101  102  103  


  ==> Energy                -309.043890197
  ==> dE                       -1.14e-04
  ==> Gradient Norm             1.85e+00
  ==> Abs. Max. Deriv.          6.93e-02
  ==> Time-Grad. (s)              73.287
  ==> Time-Energy (s)             15.896
  ==> Time-Iter. (s)              89.183

--------------------------------------------------------------------------------
CEO-ADAPT-VQE iteration: 141
--------------------------------------------------------------------------------
    gate        derivative      name       op1       op2       op3        g_unscaled   penalty
    1574       -0.00052445      a_ia      1574                           -0.00104889         2
   80793        0.00046686        op     31742     31743                  0.02847831        61
   80794        0.00046686        om     31742     31743                  0.02847831        61
    1890       -0.00046419      a_ia      1890                           -0.00092838         2
   62239        0.00040543        op     16980     16981                  0.03608367        89
   62240        0.00040543        om     16980     16981                  0.03608367        89
   83898        0.00040471        om     34120     34121                  0.02306845        57
   34120        0.00040471    a_iajb     34120                            0.02306845        57
   83897        0.00040471        op     34120     34121                  0.02306844        57
   88614       -0.00037940        om     37657     37658                 -0.02769648        73

  ==> Tried operator a_ia 1574: gain -3.36e-07 (threshold 7.0e-07), removed and excluded for this stage
  ==> Add operator: op -1: 31742 31743
  ==> Current qubit order: 0  1  2  3  4  5  6  7  8  9  10  11  12  13  14  15  20  21  22  24  25  32  19  56  18  26  27  60  61  57  33  36  16  17  37  40  41  28  29  42  43  49  48  62  63  45  38  52  55  50  23  58  59  44  39  64  65  69  68  75  73  66  67  81  74  79  72  51  70  71  76  30  84  85  31  46  54  93  47  87  35  34  86  77  78  92  80  82  53  83  88  89  90  91  94  95  96  97  98  99  100  101  102  103  


  ==> Energy                -309.044004992
  ==> dE                       -1.15e-04
  ==> Gradient Norm             1.85e+00
  ==> Abs. Max. Deriv.          6.93e-02
  ==> Time-Grad. (s)              72.175
  ==> Time-Energy (s)             33.283
  ==> Time-Iter. (s)             105.457

--------------------------------------------------------------------------------
CEO-ADAPT-VQE iteration: 142
--------------------------------------------------------------------------------
    gate        derivative      name       op1       op2       op3        g_unscaled   penalty
    1224        0.00096763      a_ia      1224                            0.00387053         4
    1186        0.00096017      a_ia      1186                            0.00384070         4
    1184       -0.00053762      a_ia      1184                           -0.00215048         4
   62239        0.00051067        op     16980     16981                  0.03523630        69
   62240        0.00051067        om     16980     16981                  0.03523630        69
    1890       -0.00046413      a_ia      1890                           -0.00092825         2
   16980        0.00041454    a_iajb     16980                            0.03523630        85
   83898        0.00040474        om     34120     34121                  0.02307017        57
   34120        0.00040474    a_iajb     34120                            0.02307017        57
   83897        0.00040474        op     34120     34121                  0.02307017        57

  ==> Add operator: a_ia 1224
  ==> Current qubit order: 0  1  2  3  4  5  6  7  8  9  10  11  12  13  14  15  20  21  22  24  25  32  19  56  18  26  60  27  61  57  33  36  16  17  37  40  41  28  29  42  43  49  48  62  63  45  38  52  55  50  23  58  59  44  39  64  65  69  68  75  73  66  67  81  74  79  72  51  70  71  76  30  84  85  31  46  54  93  47  87  35  34  86  77  78  92  80  82  53  83  88  89  90  91  94  95  96  97  98  99  100  101  102  103  


  ==> Energy                -309.044009601
  ==> dE                       -4.61e-06
  ==> Gradient Norm             1.85e+00
  ==> Abs. Max. Deriv.          6.93e-02
  ==> Time-Grad. (s)              71.226
  ==> Time-Energy (s)             17.676
  ==> Time-Iter. (s)              88.901

--------------------------------------------------------------------------------
CEO-ADAPT-VQE iteration: 143
--------------------------------------------------------------------------------
    gate        derivative      name       op1       op2       op3        g_unscaled   penalty
    1186        0.00185406      a_ia      1186                            0.00370813         2
    1222       -0.00055343      a_ia      1222                           -0.00221371         4
     866       -0.00053432      a_ia       866                           -0.00213727         4
    1184       -0.00052719      a_ia      1184                           -0.00210877         4
   62239        0.00052565        op     16980     16981                  0.03521842        67
   62240        0.00052565        om     16980     16981                  0.03521842        67
    1890       -0.00046616      a_ia      1890                           -0.00093232         2
   16980        0.00042432    a_iajb     16980                            0.03521842        83
   83898        0.00040474        om     34120     34121                  0.02306990        57
   34120        0.00040474    a_iajb     34120                            0.02306990        57

  ==> Add operator: a_ia 1186
  ==> Current qubit order: 0  1  2  3  4  5  6  7  8  9  10  11  12  13  14  15  20  21  22  24  25  32  19  56  18  26  60  27  61  57  33  36  16  17  37  40  41  28  29  42  43  49  48  62  63  45  38  52  55  50  23  58  59  44  39  64  65  69  68  75  73  66  67  81  74  79  72  51  70  71  76  30  84  85  31  46  54  93  47  87  35  34  86  77  78  92  80  82  53  83  88  89  90  91  94  95  96  97  98  99  100  101  102  103  


  ==> Energy                -309.044013816
  ==> dE                       -4.21e-06
  ==> Gradient Norm             1.85e+00
  ==> Abs. Max. Deriv.          6.93e-02
  ==> Time-Grad. (s)              71.524
  ==> Time-Energy (s)             16.114
  ==> Time-Iter. (s)              87.639

--------------------------------------------------------------------------------
CEO-ADAPT-VQE iteration: 144
--------------------------------------------------------------------------------
    gate        derivative      name       op1       op2       op3        g_unscaled   penalty
    1184       -0.00054793      a_ia      1184                           -0.00219171         4
    1222       -0.00054347      a_ia      1222                           -0.00217387         4
     866       -0.00053640      a_ia       866                           -0.00214559         4
   62239        0.00052540        op     16980     16981                  0.03520191        67
   62240        0.00052540        om     16980     16981                  0.03520191        67
    1890       -0.00046572      a_ia      1890                           -0.00093144         2
   16980        0.00042412    a_iajb     16980                            0.03520191        83
   83898        0.00040473        om     34120     34121                  0.02306965        57
   34120        0.00040473    a_iajb     34120                            0.02306964        57
   83897        0.00040473        op     34120     34121                  0.02306964        57

  ==> Add operator: a_ia 1184
  ==> Current qubit order: 0  1  2  3  4  5  6  7  8  9  10  11  12  13  14  15  20  21  22  24  25  32  19  18  56  26  60  27  61  57  33  36  16  17  37  40  41  28  29  42  43  49  48  62  63  45  38  52  55  50  23  58  59  44  39  64  65  69  68  75  73  66  67  81  74  79  72  51  70  71  76  30  84  85  31  46  54  93  47  87  35  34  86  77  78  92  80  82  53  83  88  89  90  91  94  95  96  97  98  99  100  101  102  103  


  ==> Energy                -309.044015348
  ==> dE                       -1.53e-06
  ==> Gradient Norm             1.85e+00
  ==> Abs. Max. Deriv.          6.93e-02
  ==> Time-Grad. (s)              71.871
  ==> Time-Energy (s)             19.571
  ==> Time-Iter. (s)              91.442

--------------------------------------------------------------------------------
CEO-ADAPT-VQE iteration: 145
--------------------------------------------------------------------------------
    gate        derivative      name       op1       op2       op3        g_unscaled   penalty
    1222       -0.00053786      a_ia      1222                           -0.00215145         4
   62239        0.00052540        op     16980     16981                  0.03520191        67
   62240        0.00052540        om     16980     16981                  0.03520191        67
    1890       -0.00046595      a_ia      1890                           -0.00093190         2
   16980        0.00042412    a_iajb     16980                            0.03520191        83
   83898        0.00040473        om     34120     34121                  0.02306945        57
   34120        0.00040473    a_iajb     34120                            0.02306944        57
   83897        0.00040473        op     34120     34121                  0.02306944        57
   88614       -0.00037940        om     37657     37658                 -0.02769646        73
   83923        0.00036403        op     34146     34147                  0.03822361       105

  ==> Add operator: a_ia 1222
  ==> Current qubit order: 0  1  2  3  4  5  6  7  8  9  10  11  12  13  14  15  20  21  22  24  25  32  19  18  56  26  60  61  27  57  33  36  16  17  37  40  41  28  29  42  43  49  48  62  63  45  38  52  55  50  23  58  59  44  39  64  65  69  68  75  73  66  67  81  74  79  72  51  70  71  76  30  84  85  31  46  54  93  47  87  35  34  86  77  78  92  80  82  53  83  88  89  90  91  94  95  96  97  98  99  100  101  102  103  


  ==> Energy                -309.044016831
  ==> dE                       -1.48e-06
  ==> Gradient Norm             1.85e+00
  ==> Abs. Max. Deriv.          6.93e-02
  ==> Time-Grad. (s)              72.168
  ==> Time-Energy (s)             18.910
  ==> Time-Iter. (s)              91.078

--------------------------------------------------------------------------------
CEO-ADAPT-VQE iteration: 146
--------------------------------------------------------------------------------
    gate        derivative      name       op1       op2       op3        g_unscaled   penalty
   62239        0.00054157        op     16980     16981                  0.03520192        65
   62240        0.00054157        om     16980     16981                  0.03520192        65
    1890       -0.00046587      a_ia      1890                           -0.00093173         2
   16980        0.00043459    a_iajb     16980                            0.03520192        81
   83898        0.00040472        om     34120     34121                  0.02306925        57
   34120        0.00040472    a_iajb     34120                            0.02306924        57
   83897        0.00040472        op     34120     34121                  0.02306924        57
   88614       -0.00037940        om     37657     37658                 -0.02769644        73
   83923        0.00036403        op     34146     34147                  0.03822361       105
   34146        0.00036403    a_iajb     34146                            0.03822332       105

  ==> Add operator: op -1: 16980 16981
  ==> Current qubit order: 0  1  2  3  4  5  6  7  8  9  10  11  12  13  20  21  22  24  14  15  60  61  25  32  19  18  56  26  27  57  33  36  16  17  37  40  41  28  29  42  43  49  48  62  63  45  38  52  55  50  23  58  59  44  39  64  65  69  68  75  73  66  67  81  74  79  72  51  70  71  76  30  84  85  31  46  54  93  47  87  35  34  86  77  78  92  80  82  53  83  88  89  90  91  94  95  96  97  98  99  100  101  102  103  


  ==> Energy                -309.044166852
  ==> dE                       -1.50e-04
  ==> Gradient Norm             1.85e+00
  ==> Abs. Max. Deriv.          6.93e-02
  ==> Time-Grad. (s)              72.405
  ==> Time-Energy (s)             17.230
  ==> Time-Iter. (s)              89.635

--------------------------------------------------------------------------------
CEO-ADAPT-VQE iteration: 147
--------------------------------------------------------------------------------
    gate        derivative      name       op1       op2       op3        g_unscaled   penalty
    1148       -0.00067966      a_ia      1148                           -0.00135932         2
     738        0.00060430      a_ia       738                            0.00241719         4
     694        0.00058831      a_ia       694                            0.00235326         4
    1890       -0.00046584      a_ia      1890                           -0.00093168         2
   83898        0.00040476        om     34120     34121                  0.02307148        57
   34120        0.00040476    a_iajb     34120                            0.02307147        57
   83897        0.00040476        op     34120     34121                  0.02307147        57
   88614       -0.00037940        om     37657     37658                 -0.02769644        73
   83923        0.00036405        op     34146     34147                  0.03822563       105
   34146        0.00036405    a_iajb     34146                            0.03822535       105

  ==> Tried operator a_ia 1148: gain -5.31e-07 (threshold 7.7e-07), removed and excluded for this stage
  ==> Add operator: a_ia 738
  ==> Current qubit order: 0  1  2  3  4  5  6  7  8  9  10  11  12  13  20  21  22  24  14  60  15  61  25  32  19  18  56  26  27  57  33  36  16  17  37  40  41  28  29  42  43  49  48  62  63  45  38  52  55  50  23  58  59  44  39  64  65  69  68  75  73  66  67  81  74  79  72  51  70  71  76  30  84  85  31  46  54  93  47  87  35  34  86  77  78  92  80  82  53  83  88  89  90  91  94  95  96  97  98  99  100  101  102  103  


  ==> Energy                -309.044168320
  ==> dE                       -1.47e-06
  ==> Gradient Norm             1.85e+00
  ==> Abs. Max. Deriv.          6.93e-02
  ==> Time-Grad. (s)              71.344
  ==> Time-Energy (s)             36.061
  ==> Time-Iter. (s)             107.404

--------------------------------------------------------------------------------
CEO-ADAPT-VQE iteration: 148
--------------------------------------------------------------------------------
    gate        derivative      name       op1       op2       op3        g_unscaled   penalty
     694        0.00113333      a_ia       694                            0.00226667         2
    1148       -0.00067283      a_ia      1148                           -0.00134565         2
    1890       -0.00046544      a_ia      1890                           -0.00093088         2
   83898        0.00040476        om     34120     34121                  0.02307145        57
   34120        0.00040476    a_iajb     34120                            0.02307145        57
   83897        0.00040476        op     34120     34121                  0.02307144        57
   88614       -0.00037940        om     37657     37658                 -0.02769644        73
   47147        0.00036784        op      3652      3653                  0.03200205        87
   47148        0.00036784        om      3652      3653                  0.03200205        87
   83923        0.00036405        op     34146     34147                  0.03822560       105

  ==> Add operator: a_ia 694
  ==> Current qubit order: 0  1  2  3  4  5  6  7  8  9  10  11  12  13  20  21  22  24  14  60  15  61  25  32  19  18  56  26  27  57  33  36  16  17  37  40  41  28  29  42  43  49  48  62  63  45  38  52  55  50  23  58  59  44  39  64  65  69  68  75  73  66  67  81  74  79  72  51  70  71  76  30  84  85  31  46  54  93  47  87  35  34  86  77  78  92  80  82  53  83  88  89  90  91  94  95  96  97  98  99  100  101  102  103  


  ==> Energy                -309.044173491
  ==> dE                       -5.17e-06
  ==> Gradient Norm             1.85e+00
  ==> Abs. Max. Deriv.          6.93e-02
  ==> Time-Grad. (s)              71.555
  ==> Time-Energy (s)             82.825
  ==> Time-Iter. (s)             154.380

--------------------------------------------------------------------------------
CEO-ADAPT-VQE iteration: 149
--------------------------------------------------------------------------------
    gate        derivative      name       op1       op2       op3        g_unscaled   penalty
    1148       -0.00066867      a_ia      1148                           -0.00133734         2
    1890       -0.00046607      a_ia      1890                           -0.00093213         2
   83898        0.00040505        om     34120     34121                  0.02308793        57
   34120        0.00040505    a_iajb     34120                            0.02308792        57
   83897        0.00040505        op     34120     34121                  0.02308792        57
   88614       -0.00037931        om     37657     37658                 -0.02768965        73
   47147        0.00036908        op      3652      3653                  0.03211006        87
   47148        0.00036908        om      3652      3653                  0.03211006        87
   83923        0.00036433        op     34146     34147                  0.03825483       105
   34146        0.00036433    a_iajb     34146                            0.03825455       105

  ==> Add operator: om -1: 34120 34121
  ==> Current qubit order: 0  1  2  3  4  5  6  7  8  9  10  11  12  13  20  21  22  24  14  60  15  61  25  32  19  18  56  26  27  57  33  36  16  17  37  40  41  42  28  29  62  63  43  49  48  45  38  52  55  50  23  58  59  44  39  64  65  69  68  75  73  66  67  81  74  79  72  51  70  71  76  30  84  85  31  46  54  93  47  87  35  34  86  77  78  92  80  82  53  83  88  89  90  91  94  95  96  97  98  99  100  101  102  103  


  ==> Energy                -309.044252533
  ==> dE                       -7.90e-05
  ==> Gradient Norm             1.85e+00
  ==> Abs. Max. Deriv.          6.93e-02
  ==> Time-Grad. (s)              72.216
  ==> Time-Energy (s)             16.728
  ==> Time-Iter. (s)              88.943

--------------------------------------------------------------------------------
CEO-ADAPT-VQE iteration: 150
--------------------------------------------------------------------------------
    gate        derivative      name       op1       op2       op3        g_unscaled   penalty
    1299        0.00067543      a_ia      1299                            0.00270173         4
    1262        0.00067289      a_ia      1262                            0.00269155         4
    1148       -0.00066901      a_ia      1148                           -0.00133803         2
    1890       -0.00046609      a_ia      1890                           -0.00093217         2
   88614       -0.00038998        om     37657     37658                 -0.02768833        71
   67420        0.00037922        om     21146     21147                  0.02464958        65
   21146        0.00037922    a_iajb     21146                            0.02464958        65
   67419        0.00037922        op     21146     21147                  0.02464958        65
   83923        0.00037513        op     34146     34147                  0.03788805       101
   34146        0.00037513    a_iajb     34146                            0.03788776       101

  ==> Add operator: a_ia 1299
  ==> Current qubit order: 0  1  2  3  4  5  6  7  8  9  10  11  12  13  20  21  22  24  14  60  15  61  25  32  19  18  56  26  27  57  33  36  16  17  37  40  41  42  28  62  29  63  43  49  48  45  38  52  55  50  23  58  59  44  39  64  65  69  68  75  73  66  67  81  74  79  72  51  70  71  76  30  84  85  31  46  54  93  47  87  35  34  86  77  78  92  80  82  53  83  88  89  90  91  94  95  96  97  98  99  100  101  102  103  


  ==> Energy                -309.044254771
  ==> dE                       -2.24e-06
  ==> Gradient Norm             1.84e+00
  ==> Abs. Max. Deriv.          6.92e-02
  ==> Time-Grad. (s)              71.402
  ==> Time-Energy (s)             16.780
  ==> Time-Iter. (s)              88.182

--------------------------------------------------------------------------------
CEO-ADAPT-VQE iteration: 151
--------------------------------------------------------------------------------
    gate        derivative      name       op1       op2       op3        g_unscaled   penalty
    1262        0.00130724      a_ia      1262                            0.00261448         2
    1148       -0.00065862      a_ia      1148                           -0.00131725         2
    1890       -0.00046637      a_ia      1890                           -0.00093275         2
   88614       -0.00040164        om     37657     37658                 -0.02771345        69
   67420        0.00039127        om     21146     21147                  0.02464983        63
   21146        0.00039127    a_iajb     21146                            0.02464982        63
   67419        0.00039127        op     21146     21147                  0.02464981        63
   83923        0.00038291        op     34146     34147                  0.03790782        99
   34146        0.00038290    a_iajb     34146                            0.03790753        99
   83924        0.00038290        om     34146     34147                  0.03790724        99

  ==> Add operator: a_ia 1262
  ==> Current qubit order: 0  1  2  3  4  5  6  7  8  9  10  11  12  13  20  21  22  24  14  60  15  61  25  32  19  18  56  26  27  57  33  36  16  17  37  40  41  42  28  62  29  63  43  49  48  45  38  52  55  50  23  58  59  44  39  64  65  69  68  75  73  66  67  81  74  79  72  51  70  71  76  30  84  85  31  46  54  93  47  87  35  34  86  77  78  92  80  82  53  83  88  89  90  91  94  95  96  97  98  99  100  101  102  103  


  ==> Energy                -309.044256884
  ==> dE                       -2.11e-06
  ==> Gradient Norm             1.84e+00
  ==> Abs. Max. Deriv.          6.92e-02
  ==> Time-Grad. (s)              71.831
  ==> Time-Energy (s)             15.878
  ==> Time-Iter. (s)              87.710

--------------------------------------------------------------------------------
CEO-ADAPT-VQE iteration: 152
--------------------------------------------------------------------------------
    gate        derivative      name       op1       op2       op3        g_unscaled   penalty
    1148       -0.00065320      a_ia      1148                           -0.00130639         2
    1890       -0.00046668      a_ia      1890                           -0.00093335         2
   88614       -0.00040164        om     37657     37658                 -0.02771344        69
   67420        0.00039128        om     21146     21147                  0.02465043        63
   21146        0.00039128    a_iajb     21146                            0.02465042        63
   67419        0.00039128        op     21146     21147                  0.02465042        63
   83923        0.00038310        op     34146     34147                  0.03792711        99
   34146        0.00038310    a_iajb     34146                            0.03792683        99
   83924        0.00038310        om     34146     34147                  0.03792655        99
   47147        0.00036910        op      3652      3653                  0.03211130        87

  ==> Add operator: mvp2 -1: 37657 37658
  ==> Current qubit order: 0  1  2  3  4  5  6  7  8  9  10  11  12  13  20  21  22  24  14  60  15  61  25  32  19  18  56  26  27  57  33  36  16  17  37  40  41  42  28  62  63  43  49  48  45  38  29  52  50  65  55  23  58  59  44  39  64  69  68  75  73  66  67  81  74  79  72  51  70  71  76  30  84  85  31  46  54  93  47  87  35  34  86  77  78  92  80  82  53  83  88  89  90  91  94  95  96  97  98  99  100  101  102  103  


  ==> Energy                -309.044546212
  ==> dE                       -2.89e-04
  ==> Gradient Norm             1.84e+00
  ==> Abs. Max. Deriv.          6.92e-02
  ==> Time-Grad. (s)              72.187
  ==> Time-Energy (s)             29.271
  ==> Time-Iter. (s)             101.458

--------------------------------------------------------------------------------
CEO-ADAPT-VQE iteration: 153
--------------------------------------------------------------------------------
    gate        derivative      name       op1       op2       op3        g_unscaled   penalty
    1148       -0.00065371      a_ia      1148                           -0.00130741         2
   83923        0.00050645        op     34146     34147                  0.03798392        75
   34146        0.00049855    a_iajb     34146                            0.03739090        75
   83924        0.00049064        om     34146     34147                  0.03679788        75
    1890       -0.00046521      a_ia      1890                           -0.00093043         2
   67420        0.00040411        om     21146     21147                  0.02465048        61
   21146        0.00040411    a_iajb     21146                            0.02465048        61
   67419        0.00040411        op     21146     21147                  0.02465048        61
   47147        0.00036910        op      3652      3653                  0.03211136        87
   47148        0.00036910        om      3652      3653                  0.03211136        87

  ==> Add operator: mvp2 -1: 34146 34147
  ==> Current qubit order: 0  1  2  3  4  5  6  7  8  9  10  11  12  13  20  21  22  24  14  60  15  61  25  32  19  18  56  26  27  57  33  36  16  17  37  40  41  42  62  63  43  49  48  45  38  28  29  65  64  52  50  55  23  58  59  44  39  69  68  75  73  66  67  81  74  79  72  51  70  71  76  30  84  85  31  46  54  93  47  87  35  34  86  77  78  92  80  82  53  83  88  89  90  91  94  95  96  97  98  99  100  101  102  103  


  ==> Energy                -309.045001258
  ==> dE                       -4.55e-04
  ==> Gradient Norm             1.84e+00
  ==> Abs. Max. Deriv.          6.92e-02
  ==> Time-Grad. (s)              72.430
  ==> Time-Energy (s)             28.893
  ==> Time-Iter. (s)             101.323

--------------------------------------------------------------------------------
CEO-ADAPT-VQE iteration: 154
--------------------------------------------------------------------------------
    gate        derivative      name       op1       op2       op3        g_unscaled   penalty
    1148       -0.00065451      a_ia      1148                           -0.00130903         2
    1300       -0.00063537      a_ia      1300                           -0.00127075         2
    1890       -0.00046596      a_ia      1890                           -0.00093192         2
   67420        0.00043252        om     21146     21147                  0.02465348        57
   21146        0.00043252    a_iajb     21146                            0.02465347        57
   67419        0.00043252        op     21146     21147                  0.02465347        57
   67445        0.00041521        op     21172     21173                  0.03861491        93
   21172        0.00041520    a_iajb     21172                            0.03861380        93
   67446        0.00041519        om     21172     21173                  0.03861268        93
   84058        0.00038061        om     34280     34281                  0.03691928        97

  ==> Add operator: a_ia 1300
  ==> Current qubit order: 0  1  2  3  4  5  6  7  8  9  10  11  12  13  20  21  22  24  14  60  15  61  25  32  19  18  56  26  27  57  33  36  16  17  37  40  41  42  62  63  43  49  48  45  38  28  29  65  64  52  50  55  23  58  59  44  39  69  68  75  73  66  67  81  74  79  72  51  70  71  76  30  84  85  31  46  54  93  47  87  35  34  86  77  78  92  80  82  53  83  88  89  90  91  94  95  96  97  98  99  100  101  102  103  


  ==> Energy                -309.045001794
  ==> dE                       -5.36e-07
  ==> Gradient Norm             1.84e+00
  ==> Abs. Max. Deriv.          6.88e-02
  ==> Time-Grad. (s)              72.545
  ==> Time-Energy (s)             18.925
  ==> Time-Iter. (s)              91.470

--------------------------------------------------------------------------------
CEO-ADAPT-VQE iteration: 155
--------------------------------------------------------------------------------
    gate        derivative      name       op1       op2       op3        g_unscaled   penalty
    1148       -0.00065448      a_ia      1148                           -0.00130897         2
    1890       -0.00046618      a_ia      1890                           -0.00093235         2
   67420        0.00043252        om     21146     21147                  0.02465359        57
   21146        0.00043252    a_iajb     21146                            0.02465359        57
   67419        0.00043252        op     21146     21147                  0.02465358        57
   67445        0.00041541        op     21172     21173                  0.03863305        93
   21172        0.00041540    a_iajb     21172                            0.03863194        93
   67446        0.00041539        om     21172     21173                  0.03863083        93
   84058        0.00038062        om     34280     34281                  0.03692048        97
   34280        0.00038062    a_iajb     34280                            0.03692037        97

  ==> Add operator: om -1: 21146 21147
  ==> Current qubit order: 0  1  2  3  4  5  6  7  8  9  10  11  12  13  20  21  22  24  14  60  15  61  25  32  19  18  56  26  27  57  33  36  37  40  41  16  17  62  63  42  43  49  48  45  38  28  29  65  64  52  50  55  23  58  59  44  39  69  68  75  73  66  67  81  74  79  72  51  70  71  76  30  84  85  31  46  54  93  47  87  35  34  86  77  78  92  80  82  53  83  88  89  90  91  94  95  96  97  98  99  100  101  102  103  


  ==> Energy                -309.045076742
  ==> dE                       -7.49e-05
  ==> Gradient Norm             1.84e+00
  ==> Abs. Max. Deriv.          6.88e-02
  ==> Time-Grad. (s)              72.918
  ==> Time-Energy (s)             17.170
  ==> Time-Iter. (s)              90.088

--------------------------------------------------------------------------------
CEO-ADAPT-VQE iteration: 156
--------------------------------------------------------------------------------
    gate        derivative      name       op1       op2       op3        g_unscaled   penalty
    1148       -0.00065468      a_ia      1148                           -0.00130937         2
   67445        0.00047293        op     21172     21173                  0.03830714        81
   21172        0.00047291    a_iajb     21172                            0.03830603        81
   67446        0.00047290        om     21172     21173                  0.03830492        81
    1890       -0.00046618      a_ia      1890                           -0.00093236         2
   84058        0.00038064        om     34280     34281                  0.03692170        97
   34280        0.00038063    a_iajb     34280                            0.03692158        97
   84057        0.00038063        op     34280     34281                  0.03692147        97
   47147        0.00036913        op      3652      3653                  0.03211405        87
   47148        0.00036913        om      3652      3653                  0.03211405        87

  ==> Add operator: op -1: 21172 21173
  ==> Current qubit order: 0  1  2  3  4  5  6  7  8  9  10  11  12  13  20  21  22  24  14  60  15  61  25  32  19  18  56  26  27  57  33  36  37  40  41  62  63  42  43  49  48  16  17  65  64  45  38  28  29  52  50  55  23  58  59  44  39  69  68  75  73  66  67  81  74  79  72  51  70  71  76  30  84  85  31  46  54  93  47  87  35  34  86  77  78  92  80  82  53  83  88  89  90  91  94  95  96  97  98  99  100  101  102  103  


  ==> Energy                -309.045254691
  ==> dE                       -1.78e-04
  ==> Gradient Norm             1.84e+00
  ==> Abs. Max. Deriv.          6.88e-02
  ==> Time-Grad. (s)              72.173
  ==> Time-Energy (s)             16.103
  ==> Time-Iter. (s)              88.276

--------------------------------------------------------------------------------
CEO-ADAPT-VQE iteration: 157
--------------------------------------------------------------------------------
    gate        derivative      name       op1       op2       op3        g_unscaled   penalty
     826        0.00311264      a_ia       826                            0.00622528         2
     783        0.00103276      a_ia       783                            0.00619657         6
    1148       -0.00065490      a_ia      1148                           -0.00130979         2
    1890       -0.00046621      a_ia      1890                           -0.00093243         2
   84058        0.00041488        om     34280     34281                  0.03692471        89
   34280        0.00041488    a_iajb     34280                            0.03692460        89
   84057        0.00041488        op     34280     34281                  0.03692449        89
   83971        0.00037902        op     34194     34195                  0.02766855        73
   34194        0.00037902    a_iajb     34194                            0.02766840        73
   83972        0.00037902        om     34194     34195                  0.02766825        73

  ==> Add operator: a_ia 826
  ==> Current qubit order: 0  1  2  3  4  5  6  7  8  9  10  11  12  13  20  21  22  24  14  60  15  61  25  32  19  18  56  26  27  57  33  36  37  40  41  62  63  42  43  49  48  16  17  65  64  45  38  28  29  52  50  55  23  58  59  44  39  69  68  75  73  66  67  81  74  79  72  51  70  71  76  30  84  85  31  46  54  93  47  87  35  34  86  77  78  92  80  82  53  83  88  89  90  91  94  95  96  97  98  99  100  101  102  103  


  ==> Energy                -309.045264316
  ==> dE                       -9.62e-06
  ==> Gradient Norm             1.84e+00
  ==> Abs. Max. Deriv.          6.88e-02
  ==> Time-Grad. (s)              71.726
  ==> Time-Energy (s)             17.532
  ==> Time-Iter. (s)              89.258

--------------------------------------------------------------------------------
CEO-ADAPT-VQE iteration: 158
--------------------------------------------------------------------------------
    gate        derivative      name       op1       op2       op3        g_unscaled   penalty
     783        0.00099185      a_ia       783                            0.00595111         6
    1148       -0.00065099      a_ia      1148                           -0.00130197         2
    1890       -0.00046781      a_ia      1890                           -0.00093562         2
   84058        0.00041489        om     34280     34281                  0.03692499        89
   34280        0.00041489    a_iajb     34280                            0.03692488        89
   84057        0.00041488        op     34280     34281                  0.03692476        89
   83971        0.00037902        op     34194     34195                  0.02766838        73
   34194        0.00037902    a_iajb     34194                            0.02766823        73
   83972        0.00037901        om     34194     34195                  0.02766808        73
   47147        0.00036914        op      3652      3653                  0.03211506        87

  ==> Add operator: a_ia 783
  ==> Current qubit order: 0  1  2  3  4  5  6  7  8  9  10  11  12  13  20  21  22  24  14  60  15  61  25  32  19  18  56  26  27  57  33  36  37  40  41  62  63  42  43  49  48  17  65  16  64  45  38  28  29  52  50  55  23  58  59  44  39  69  68  75  73  66  67  81  74  79  72  51  70  71  76  30  84  85  31  46  54  93  47  87  35  34  86  77  78  92  80  82  53  83  88  89  90  91  94  95  96  97  98  99  100  101  102  103  


  ==> Energy                -309.045273134
  ==> dE                       -8.82e-06
  ==> Gradient Norm             1.84e+00
  ==> Abs. Max. Deriv.          6.88e-02
  ==> Time-Grad. (s)              72.156
  ==> Time-Energy (s)             16.020
  ==> Time-Iter. (s)              88.176

--------------------------------------------------------------------------------
CEO-ADAPT-VQE iteration: 159
--------------------------------------------------------------------------------
    gate        derivative      name       op1       op2       op3        g_unscaled   penalty
    1148       -0.00066116      a_ia      1148                           -0.00132232         2
    1890       -0.00046849      a_ia      1890                           -0.00093697         2
   84058        0.00041489        om     34280     34281                  0.03692529        89
   34280        0.00041489    a_iajb     34280                            0.03692517        89
   84057        0.00041489        op     34280     34281                  0.03692506        89
   83971        0.00037902        op     34194     34195                  0.02766821        73
   34194        0.00037901    a_iajb     34194                            0.02766806        73
   83972        0.00037901        om     34194     34195                  0.02766791        73
   47147        0.00036914        op      3652      3653                  0.03211497        87
   47148        0.00036914        om      3652      3653                  0.03211497        87

  ==> Add operator: om -1: 34280 34281
  ==> Current qubit order: 0  1  2  3  4  5  6  7  8  9  10  11  12  13  20  21  22  24  14  60  15  61  25  32  19  18  56  26  27  57  33  36  37  40  41  62  63  42  43  49  48  17  65  16  64  45  38  52  50  55  23  58  28  29  75  74  59  44  39  69  68  73  66  67  81  79  72  51  70  71  76  30  84  85  31  46  54  93  47  87  35  34  86  77  78  92  80  82  53  83  88  89  90  91  94  95  96  97  98  99  100  101  102  103  


  ==> Energy                -309.045419047
  ==> dE                       -1.46e-04
  ==> Gradient Norm             1.84e+00
  ==> Abs. Max. Deriv.          6.88e-02
  ==> Time-Grad. (s)              72.640
  ==> Time-Energy (s)             15.882
  ==> Time-Iter. (s)              88.523

--------------------------------------------------------------------------------
CEO-ADAPT-VQE iteration: 160
--------------------------------------------------------------------------------
    gate        derivative      name       op1       op2       op3        g_unscaled   penalty
    1305        0.00103363      a_ia      1305                            0.00206726         2
    1148       -0.00066142      a_ia      1148                           -0.00132283         2
    1890       -0.00046820      a_ia      1890                           -0.00093639         2
   83971        0.00045134        op     34194     34195                  0.02753198        61
   34194        0.00045134    a_iajb     34194                            0.02753183        61
   83972        0.00045134        om     34194     34195                  0.02753168        61
   84221        0.00038751        op     34444     34445                  0.06858929       177
   84222        0.00038751        om     34444     34445                  0.06858929       177
   47147        0.00036915        op      3652      3653                  0.03211621        87
   47148        0.00036915        om      3652      3653                  0.03211621        87

  ==> Add operator: a_ia 1305
  ==> Current qubit order: 0  1  2  3  4  5  6  7  8  9  10  11  12  13  20  21  22  24  14  60  15  61  25  32  19  18  56  26  27  57  33  36  37  40  41  62  63  42  43  49  48  17  65  16  64  45  38  52  50  55  23  58  28  29  75  74  59  44  39  69  68  73  66  67  81  79  72  51  70  71  76  30  84  85  31  46  54  93  47  87  35  34  86  77  78  92  80  82  53  83  88  89  90  91  94  95  96  97  98  99  100  101  102  103  


  ==> Energy                -309.045420024
  ==> dE                       -9.77e-07
  ==> Gradient Norm             1.84e+00
  ==> Abs. Max. Deriv.          6.86e-02
  ==> Time-Grad. (s)              72.320
  ==> Time-Energy (s)             19.952
  ==> Time-Iter. (s)              92.272

--------------------------------------------------------------------------------
CEO-ADAPT-VQE iteration: 161
--------------------------------------------------------------------------------
    gate        derivative      name       op1       op2       op3        g_unscaled   penalty
    1148       -0.00066139      a_ia      1148                           -0.00132279         2
    1890       -0.00046485      a_ia      1890                           -0.00092970         2
   83971        0.00045141        op     34194     34195                  0.02753581        61
   34194        0.00045140    a_iajb     34194                            0.02753567        61
   83972        0.00045140        om     34194     34195                  0.02753553        61
   84221        0.00038740        op     34444     34445                  0.06856968       177
   84222        0.00038740        om     34444     34445                  0.06856968       177
   47147        0.00036915        op      3652      3653                  0.03211619        87
   47148        0.00036915        om      3652      3653                  0.03211619        87
   34444        0.00035528    a_iajb     34444                            0.06856968       193

  ==> Add operator: op -1: 34194 34195
  ==> Current qubit order: 0  1  2  3  4  5  6  7  8  9  10  11  12  13  20  21  22  24  14  60  15  61  25  32  19  18  56  26  27  57  33  36  37  40  41  62  63  42  43  49  48  17  65  16  64  45  38  52  50  55  23  58  75  74  28  29  69  68  59  44  39  73  66  67  81  79  72  51  70  71  76  30  84  85  31  46  54  93  47  87  35  34  86  77  78  92  80  82  53  83  88  89  90  91  94  95  96  97  98  99  100  101  102  103  


  ==> Energy                -309.045518561
  ==> dE                       -9.85e-05
  ==> Gradient Norm             1.84e+00
  ==> Abs. Max. Deriv.          6.86e-02
  ==> Time-Grad. (s)              72.897
  ==> Time-Energy (s)             17.116
  ==> Time-Iter. (s)              90.013

--------------------------------------------------------------------------------
CEO-ADAPT-VQE iteration: 162
--------------------------------------------------------------------------------
    gate        derivative      name       op1       op2       op3        g_unscaled   penalty
    1268        0.00100496      a_ia      1268                            0.00200992         2
    1148       -0.00066157      a_ia      1148                           -0.00132314         2
    2085       -0.00047053      a_ia      2085                           -0.00282316         6
    1890       -0.00046488      a_ia      1890                           -0.00092975         2
    1302       -0.00045050      a_ia      1302                           -0.00090099         2
    1644        0.00041332      a_ia      1644                            0.00082665         2
   84221        0.00040453        op     34444     34445                  0.06836582       169
   84222        0.00040453        om     34444     34445                  0.06836582       169
   67544        0.00037582        om     21270     21271                  0.02818644        75
   21270        0.00037582    a_iajb     21270                            0.02818642        75

  ==> Add operator: a_ia 1268
  ==> Current qubit order: 0  1  2  3  4  5  6  7  8  9  10  11  12  13  20  21  22  24  14  60  15  61  25  32  19  18  56  26  27  57  33  36  37  40  41  62  63  42  43  49  48  17  65  16  64  45  38  52  50  55  23  58  75  74  28  29  69  68  59  44  39  73  66  67  81  79  72  51  70  71  76  30  84  85  31  46  54  93  47  87  35  34  86  77  78  92  80  82  53  83  88  89  90  91  94  95  96  97  98  99  100  101  102  103  


  ==> Energy                -309.045519495
  ==> dE                       -9.33e-07
  ==> Gradient Norm             1.84e+00
  ==> Abs. Max. Deriv.          6.84e-02
  ==> Time-Grad. (s)              72.383
  ==> Time-Energy (s)             20.772
  ==> Time-Iter. (s)              93.155

--------------------------------------------------------------------------------
CEO-ADAPT-VQE iteration: 163
--------------------------------------------------------------------------------
    gate        derivative      name       op1       op2       op3        g_unscaled   penalty
    1148       -0.00066278      a_ia      1148                           -0.00132557         2
    2085       -0.00047045      a_ia      2085                           -0.00282272         6
    1890       -0.00046634      a_ia      1890                           -0.00093269         2
    1302       -0.00043948      a_ia      1302                           -0.00087897         2
    1644        0.00041240      a_ia      1644                            0.00082480         2
   84221        0.00040442        op     34444     34445                  0.06834628       169
   84222        0.00040442        om     34444     34445                  0.06834628       169
   67544        0.00037594        om     21270     21271                  0.02819557        75
   21270        0.00037594    a_iajb     21270                            0.02819554        75
   67543        0.00037594        op     21270     21271                  0.02819551        75

  ==> Add operator: a_ia 2085
  ==> Current qubit order: 0  1  2  3  4  5  6  7  8  9  10  11  12  13  20  21  22  24  14  60  15  61  25  32  19  18  56  26  27  57  33  36  37  40  41  62  63  42  43  49  48  17  65  16  64  45  38  52  50  23  58  55  75  74  28  29  69  68  59  44  39  73  66  67  81  79  72  51  70  71  76  30  84  85  31  46  54  93  47  87  35  34  86  77  78  92  80  82  53  83  88  89  90  91  94  95  96  97  98  99  100  101  102  103  


  ==> Energy                -309.045667574
  ==> dE                       -1.48e-04
  ==> Gradient Norm             1.84e+00
  ==> Abs. Max. Deriv.          6.83e-02
  ==> Time-Grad. (s)              72.740
  ==> Time-Energy (s)            208.555
  ==> Time-Iter. (s)             281.295

--------------------------------------------------------------------------------
CEO-ADAPT-VQE iteration: 164
--------------------------------------------------------------------------------
    gate        derivative      name       op1       op2       op3        g_unscaled   penalty
    1148       -0.00066590      a_ia      1148                           -0.00133181         2
    1302       -0.00046070      a_ia      1302                           -0.00092139         2
    2004        0.00044913      a_ia      2004                            0.00269480         6
    1644        0.00040859      a_ia      1644                            0.00081719         2
   84221        0.00040474        op     34444     34445                  0.06840037       169
   84222        0.00040474        om     34444     34445                  0.06840037       169
   67544        0.00037592        om     21270     21271                  0.02819381        75
   21270        0.00037592    a_iajb     21270                            0.02819378        75
   67543        0.00037592        op     21270     21271                  0.02819376        75
   34444        0.00036973    a_iajb     34444                            0.06840037       185

  ==> Add operator: a_ia 1302
  ==> Current qubit order: 0  1  2  3  4  5  6  7  8  9  10  11  12  13  20  21  22  24  14  60  15  61  25  32  19  18  56  26  27  57  33  36  37  40  41  62  63  42  43  49  48  17  65  16  64  45  38  52  50  23  58  55  75  74  28  29  69  68  59  44  39  73  66  67  81  79  72  51  70  71  76  30  84  85  31  46  54  93  47  87  35  34  86  77  78  92  80  82  53  83  88  89  90  91  94  95  96  97  98  99  100  101  102  103  


  ==> Energy                -309.045667790
  ==> dE                       -2.16e-07
  ==> Gradient Norm             1.84e+00
  ==> Abs. Max. Deriv.          6.84e-02
  ==> Time-Grad. (s)              74.266
  ==> Time-Energy (s)             20.483
  ==> Time-Iter. (s)              94.750

--------------------------------------------------------------------------------
CEO-ADAPT-VQE iteration: 165
--------------------------------------------------------------------------------
    gate        derivative      name       op1       op2       op3        g_unscaled   penalty
    1148       -0.00067413      a_ia      1148                           -0.00134827         2
    2004        0.00044918      a_ia      2004                            0.00269508         6
    1644        0.00040928      a_ia      1644                            0.00081856         2
   84221        0.00040466        op     34444     34445                  0.06838685       169
   84222        0.00040466        om     34444     34445                  0.06838685       169
   67544        0.00037592        om     21270     21271                  0.02819375        75
   21270        0.00037592    a_iajb     21270                            0.02819372        75
   67543        0.00037592        op     21270     21271                  0.02819370        75
   34444        0.00036966    a_iajb     34444                            0.06838685       185
   47147        0.00036923        op      3652      3653                  0.03212331        87

  ==> Add operator: a_ia 2004
  ==> Current qubit order: 0  1  2  3  4  5  6  7  8  9  10  11  12  13  20  21  22  24  14  60  15  61  25  32  19  18  56  26  27  57  33  36  37  40  41  62  63  42  43  49  48  17  65  16  64  45  38  50  23  52  58  55  75  74  28  29  69  68  59  44  39  73  66  67  81  79  72  51  70  71  76  30  84  85  31  46  54  93  47  87  35  34  86  77  78  92  80  82  53  83  88  89  90  91  94  95  96  97  98  99  100  101  102  103  


  ==> Energy                -309.045726216
  ==> dE                       -5.84e-05
  ==> Gradient Norm             1.84e+00
  ==> Abs. Max. Deriv.          6.84e-02
  ==> Time-Grad. (s)              74.465
  ==> Time-Energy (s)             18.587
  ==> Time-Iter. (s)              93.052

--------------------------------------------------------------------------------
CEO-ADAPT-VQE iteration: 166
--------------------------------------------------------------------------------
    gate        derivative      name       op1       op2       op3        g_unscaled   penalty
    1148       -0.00066759      a_ia      1148                           -0.00133518         2
    1601       -0.00047239      a_ia      1601                           -0.00094478         2
    1644        0.00041315      a_ia      1644                            0.00082631         2
   84221        0.00040466        op     34444     34445                  0.06838685       169
   84222        0.00040466        om     34444     34445                  0.06838685       169
   67544        0.00037592        om     21270     21271                  0.02819420        75
   21270        0.00037592    a_iajb     21270                            0.02819418        75
   67543        0.00037592        op     21270     21271                  0.02819415        75
   34444        0.00036966    a_iajb     34444                            0.06838685       185
   47147        0.00036923        op      3652      3653                  0.03212331        87

  ==> Add operator: a_ia 1601
  ==> Current qubit order: 0  1  2  3  4  5  6  7  8  9  10  11  12  13  20  21  22  24  14  60  15  61  25  32  19  18  56  26  27  57  33  36  37  40  41  62  63  42  43  49  48  17  65  16  64  45  38  50  23  52  58  55  75  74  28  29  69  68  59  44  39  73  66  67  81  79  72  51  70  71  76  30  84  85  31  46  54  93  47  87  35  34  86  77  78  92  80  82  53  83  88  89  90  91  94  95  96  97  98  99  100  101  102  103  


  ==> Energy                -309.045733765
  ==> dE                       -7.55e-06
  ==> Gradient Norm             1.84e+00
  ==> Abs. Max. Deriv.          6.84e-02
  ==> Time-Grad. (s)              74.816
  ==> Time-Energy (s)             19.339
  ==> Time-Iter. (s)              94.155

--------------------------------------------------------------------------------
CEO-ADAPT-VQE iteration: 167
--------------------------------------------------------------------------------
    gate        derivative      name       op1       op2       op3        g_unscaled   penalty
    1148       -0.00066872      a_ia      1148                           -0.00133744         2
    1644        0.00041403      a_ia      1644                            0.00082806         2
   84221        0.00040466        op     34444     34445                  0.06838685       169
   84222        0.00040466        om     34444     34445                  0.06838685       169
   67544        0.00037592        om     21270     21271                  0.02819428        75
   21270        0.00037592    a_iajb     21270                            0.02819426        75
   67543        0.00037592        op     21270     21271                  0.02819423        75
   34444        0.00036966    a_iajb     34444                            0.06838685       185
   47147        0.00036923        op      3652      3653                  0.03212332        87
   47148        0.00036923        om      3652      3653                  0.03212332        87

  ==> Add operator: a_ia 1644
  ==> Current qubit order: 0  1  2  3  4  5  6  7  8  9  10  11  12  13  20  21  22  24  14  60  15  61  25  32  19  18  56  26  27  57  33  36  37  40  41  62  63  42  43  49  48  17  65  16  64  45  38  50  23  52  58  55  75  74  28  29  69  68  59  44  39  73  66  67  81  79  72  51  70  71  76  30  84  85  31  46  54  93  47  87  35  34  86  77  78  92  80  82  53  83  88  89  90  91  94  95  96  97  98  99  100  101  102  103  


  ==> Energy                -309.045733917
  ==> dE                       -1.51e-07
  ==> Gradient Norm             1.84e+00
  ==> Abs. Max. Deriv.          6.84e-02
  ==> Time-Grad. (s)              75.163
  ==> Time-Energy (s)             19.689
  ==> Time-Iter. (s)              94.853

--------------------------------------------------------------------------------
CEO-ADAPT-VQE iteration: 168
--------------------------------------------------------------------------------
    gate        derivative      name       op1       op2       op3        g_unscaled   penalty
    1148       -0.00066826      a_ia      1148                           -0.00133652         2
   84221        0.00040466        op     34444     34445                  0.06838685       169
   84222        0.00040466        om     34444     34445                  0.06838685       169
   67544        0.00037592        om     21270     21271                  0.02819428        75
   21270        0.00037592    a_iajb     21270                            0.02819426        75
   67543        0.00037592        op     21270     21271                  0.02819423        75
   34444        0.00036966    a_iajb     34444                            0.06838685       185
   47147        0.00036923        op      3652      3653                  0.03212332        87
   47148        0.00036923        om      3652      3653                  0.03212332        87
   86607       -0.00035737        op     36149     36150                 -0.03752374       105

  ==> Add operator: op -1: 34444 34445
  ==> Current qubit order: 0  1  2  3  4  5  6  7  8  9  10  11  12  13  20  21  22  24  14  60  15  61  25  32  19  18  56  26  27  57  33  36  37  40  41  62  63  42  43  49  48  17  65  16  64  45  38  50  23  52  58  55  75  74  69  68  59  44  39  73  66  67  81  79  72  51  70  71  76  30  84  85  31  28  29  90  91  46  54  93  47  87  35  34  86  77  78  92  80  82  53  83  88  89  94  95  96  97  98  99  100  101  102  103  


  ==> Energy                -309.046115911
  ==> dE                       -3.82e-04
  ==> Gradient Norm             1.84e+00
  ==> Abs. Max. Deriv.          6.84e-02
  ==> Time-Grad. (s)              75.141
  ==> Time-Energy (s)             15.546
  ==> Time-Iter. (s)              90.687

--------------------------------------------------------------------------------
CEO-ADAPT-VQE iteration: 169
--------------------------------------------------------------------------------
    gate        derivative      name       op1       op2       op3        g_unscaled   penalty
   84791        0.00094720        op     34894     34895                  0.02746878        29
   84792        0.00094720        om     34894     34895                  0.02746878        29
   87007        0.00083077        op     36549     36550                  0.02741554        33
   87008        0.00083077        om     36549     36550                  0.02741554        33
    1148       -0.00066692      a_ia      1148                           -0.00133384         2
   34894        0.00061042    a_iajb     34894                            0.02746878        45
   36549        0.00055950    a_iajb     36549                            0.02741554        49
   84104        0.00051210        om     34326     34327                  0.03943153        77
   34326        0.00051209    a_iajb     34326                            0.03943092        77
   84103        0.00051208        op     34326     34327                  0.03943032        77

  ==> Add operator: op -1: 34894 34895
  ==> Current qubit order: 0  1  2  3  4  5  6  7  8  9  10  11  12  13  20  21  22  24  14  60  15  61  25  32  19  18  56  26  27  57  33  36  37  40  41  62  63  42  43  49  48  17  65  16  64  45  38  50  23  52  58  55  75  74  69  68  59  44  39  73  66  67  81  79  72  51  70  71  76  30  84  85  31  28  90  91  29  46  54  93  47  87  35  34  86  77  78  92  80  82  53  83  88  89  94  95  96  97  98  99  100  101  102  103  


  ==> Energy                -309.046175846
  ==> dE                       -5.99e-05
  ==> Gradient Norm             1.83e+00
  ==> Abs. Max. Deriv.          6.22e-02
  ==> Time-Grad. (s)              74.369
  ==> Time-Energy (s)             20.584
  ==> Time-Iter. (s)              94.953

--------------------------------------------------------------------------------
CEO-ADAPT-VQE iteration: 170
--------------------------------------------------------------------------------
    gate        derivative      name       op1       op2       op3        g_unscaled   penalty
    1148       -0.00066707      a_ia      1148                           -0.00133414         2
   87007        0.00055458        op     36549     36550                  0.02717420        49
   87008        0.00055458        om     36549     36550                  0.02717420        49
   84104        0.00048680        om     34326     34327                  0.03943077        81
   34326        0.00048679    a_iajb     34326                            0.03943017        81
   84103        0.00048678        op     34326     34327                  0.03942957        81
   88210       -0.00047972        om     37441     37443                 -0.03405996        71
   88008       -0.00047817        om     37264     37265                 -0.02151764        45
   89561        0.00045685        op     38422     38423                  0.01690362        37
   89562        0.00045685        om     38422     38423                  0.01690362        37

  ==> Add operator: op -1: 36549 36550
  ==> Current qubit order: 0  1  2  3  4  5  6  7  8  9  10  11  12  13  20  21  22  24  14  60  15  61  25  32  19  18  56  26  27  57  33  36  37  40  41  62  63  42  43  49  48  17  65  16  64  45  38  50  23  52  58  55  75  74  69  68  59  44  39  73  66  67  81  79  72  51  70  71  76  84  85  31  28  30  90  91  29  46  54  93  47  87  35  34  86  77  78  92  80  82  53  83  88  89  94  95  96  97  98  99  100  101  102  103  


  ==> Energy                -309.046234461
  ==> dE                       -5.86e-05
  ==> Gradient Norm             1.83e+00
  ==> Abs. Max. Deriv.          6.22e-02
  ==> Time-Grad. (s)              74.212
  ==> Time-Energy (s)             20.029
  ==> Time-Iter. (s)              94.241

--------------------------------------------------------------------------------
CEO-ADAPT-VQE iteration: 171
--------------------------------------------------------------------------------
    gate        derivative      name       op1       op2       op3        g_unscaled   penalty
    1148       -0.00066729      a_ia      1148                           -0.00133458         2
   89561        0.00065105        op     38422     38423                  0.01757829        27
   89562        0.00065105        om     38422     38423                  0.01757829        27
   88210       -0.00047970        om     37441     37443                 -0.03405862        71
   88008       -0.00047815        om     37264     37265                 -0.02151684        45
   84104        0.00047506        om     34326     34327                  0.03943004        83
   34326        0.00047505    a_iajb     34326                            0.03942943        83
   84103        0.00047505        op     34326     34327                  0.03942883        83
   37264       -0.00043967    a_iajb     37264                           -0.01978515        45
   38422        0.00040880    a_iajb     38422                            0.01757829        43

  ==> Add operator: op -1: 38422 38423
  ==> Current qubit order: 0  1  2  3  4  5  6  7  8  9  10  11  12  13  20  21  22  24  14  60  15  61  25  32  19  18  56  26  27  57  33  36  37  40  41  62  63  42  43  49  48  17  65  16  64  45  38  50  23  52  58  55  75  74  69  68  59  44  39  73  66  67  81  79  72  51  70  71  76  84  85  28  31  30  90  91  29  46  54  93  47  87  35  34  86  77  78  92  80  82  53  83  88  89  94  95  96  97  98  99  100  101  102  103  


  ==> Energy                -309.046257416
  ==> dE                       -2.30e-05
  ==> Gradient Norm             1.83e+00
  ==> Abs. Max. Deriv.          6.22e-02
  ==> Time-Grad. (s)              74.335
  ==> Time-Energy (s)             15.977
  ==> Time-Iter. (s)              90.312

--------------------------------------------------------------------------------
CEO-ADAPT-VQE iteration: 172
--------------------------------------------------------------------------------
    gate        derivative      name       op1       op2       op3        g_unscaled   penalty
    1148       -0.00066741      a_ia      1148                           -0.00133483         2
   88210       -0.00047970        om     37441     37443                 -0.03405864        71
   88008       -0.00047815        om     37264     37265                 -0.02151674        45
   84104        0.00046389        om     34326     34327                  0.03943046        85
   34326        0.00046388    a_iajb     34326                            0.03942986        85
   84103        0.00046387        op     34326     34327                  0.03942926        85
   37264       -0.00043967    a_iajb     37264                           -0.01978507        45
    1269        0.00042877      a_ia      1269                            0.00257262         6
   88007       -0.00040119        op     37264     37265                 -0.01805339        45
   86607       -0.00039493        op     36149     36150                 -0.03751810        95

  ==> Add operator: mvp2 -1: 37441 37443
  ==> Current qubit order: 0  1  2  3  4  5  6  7  8  9  10  11  12  13  20  21  22  24  14  60  15  61  25  32  19  18  56  26  27  57  33  36  37  40  41  62  63  42  43  49  48  17  65  16  64  45  38  50  23  52  58  55  75  74  69  68  59  44  39  73  66  67  81  79  72  51  70  71  76  84  85  28  31  30  90  91  46  54  93  87  35  34  29  47  77  53  86  78  92  80  82  83  88  89  94  95  96  97  98  99  100  101  102  103  


  ==> Energy                -309.046894058
  ==> dE                       -6.37e-04
  ==> Gradient Norm             1.83e+00
  ==> Abs. Max. Deriv.          6.22e-02
  ==> Time-Grad. (s)              73.743
  ==> Time-Energy (s)             32.517
  ==> Time-Iter. (s)             106.260

--------------------------------------------------------------------------------
CEO-ADAPT-VQE iteration: 173
--------------------------------------------------------------------------------
    gate        derivative      name       op1       op2       op3        g_unscaled   penalty
    1306        0.00118141      a_ia      1306                            0.00472565         4
    1148       -0.00066852      a_ia      1148                           -0.00133703         2
    1269        0.00042822      a_ia      1269                            0.00256933         6
   84103        0.00041704        op     34326     34327                  0.03961925        95
    1882        0.00041145      a_ia      1882                            0.00082291         2
   34326        0.00040376    a_iajb     34326                            0.03835753        95
   86607       -0.00039470        op     36149     36150                 -0.03749675        95
   84104        0.00039048        om     34326     34327                  0.03709581        95
   71151       -0.00038373        op     24194     24195                 -0.04566375       119
   71152       -0.00038373        om     24194     24195                 -0.04566375       119

  ==> Add operator: a_ia 1306
  ==> Current qubit order: 0  1  2  3  4  5  6  7  8  9  10  11  12  13  20  21  22  24  14  60  15  61  25  32  19  18  56  26  27  57  33  36  37  40  41  62  63  42  43  49  48  17  65  16  64  45  38  50  23  52  58  55  75  74  69  68  59  44  39  73  66  67  81  79  72  51  70  71  76  84  85  28  31  30  90  91  46  54  93  87  35  34  47  29  77  53  86  78  92  80  82  83  88  89  94  95  96  97  98  99  100  101  102  103  


  ==> Energy                -309.046898907
  ==> dE                       -4.85e-06
  ==> Gradient Norm             1.83e+00
  ==> Abs. Max. Deriv.          6.23e-02
  ==> Time-Grad. (s)              74.047
  ==> Time-Energy (s)             17.713
  ==> Time-Iter. (s)              91.760

--------------------------------------------------------------------------------
CEO-ADAPT-VQE iteration: 174
--------------------------------------------------------------------------------
    gate        derivative      name       op1       op2       op3        g_unscaled   penalty
    1148       -0.00066911      a_ia      1148                           -0.00133822         2
   84103        0.00040931        op     34326     34327                  0.03970316        97
    1269        0.00040038      a_ia      1269                            0.00240228         6
   34326        0.00039625    a_iajb     34326                            0.03843624        97
   86607       -0.00039470        op     36149     36150                 -0.03749675        95
   71151       -0.00038373        op     24194     24195                 -0.04566344       119
   71152       -0.00038373        om     24194     24195                 -0.04566344       119
   68541       -0.00038333        op     22118     22119                 -0.04561651       119
   68542       -0.00038333        om     22118     22119                 -0.04561651       119
   84104        0.00038319        om     34326     34327                  0.03716932        97

  ==> Add operator: mvp2 -1: 34326 34327
  ==> Current qubit order: 0  1  2  3  4  5  6  7  8  9  10  11  12  13  20  21  22  24  14  60  15  61  25  32  19  18  56  26  27  57  33  36  37  40  41  62  63  42  43  49  48  17  65  16  64  45  38  50  23  52  58  55  75  74  69  68  59  44  39  73  66  67  81  79  72  51  70  71  84  85  31  30  90  91  76  28  29  77  46  54  93  87  35  34  47  53  86  78  92  80  82  83  88  89  94  95  96  97  98  99  100  101  102  103  


  ==> Energy                -309.047571441
  ==> dE                       -6.73e-04
  ==> Gradient Norm             1.83e+00
  ==> Abs. Max. Deriv.          6.23e-02
  ==> Time-Grad. (s)              74.387
  ==> Time-Energy (s)             34.097
  ==> Time-Iter. (s)             108.484

--------------------------------------------------------------------------------
CEO-ADAPT-VQE iteration: 175
--------------------------------------------------------------------------------
    gate        derivative      name       op1       op2       op3        g_unscaled   penalty
    1148       -0.00067238      a_ia      1148                           -0.00134476         2
    1306        0.00049954      a_ia      1306                            0.00099908         2
    1269        0.00048779      a_ia      1269                            0.00097558         2
   88008       -0.00047766        om     37264     37265                 -0.02149452        45
   37264       -0.00043903    a_iajb     37264                           -0.01975628        45
   68541       -0.00040381        op     22118     22119                 -0.04563082       113
   68542       -0.00040381        om     22118     22119                 -0.04563082       113
   88007       -0.00040040        op     37264     37265                 -0.01801805        45
   71151       -0.00038348        op     24194     24195                 -0.04563426       119
   71152       -0.00038348        om     24194     24195                 -0.04563426       119

  ==> Tried operator a_ia 1269: gain -2.20e-07 (threshold 5.9e-07), removed and excluded for this stage
  ==> Add operator: mvp2 -1: 37264 37265
  ==> Current qubit order: 0  1  2  3  4  5  6  7  8  9  10  11  12  13  20  21  22  24  14  60  15  61  25  32  19  18  56  26  27  57  33  36  37  40  41  62  63  42  43  49  48  17  65  16  64  45  38  50  23  52  58  55  75  74  69  68  59  44  39  73  66  67  81  79  72  51  70  71  84  85  31  30  90  91  76  28  77  29  46  54  87  93  35  34  47  53  86  78  92  80  82  83  88  89  94  95  96  97  98  99  100  101  102  103  


  ==> Energy                -309.047668956
  ==> dE                       -9.75e-05
  ==> Gradient Norm             1.83e+00
  ==> Abs. Max. Deriv.          6.23e-02
  ==> Time-Grad. (s)              74.825
  ==> Time-Energy (s)             57.635
  ==> Time-Iter. (s)             132.461

--------------------------------------------------------------------------------
CEO-ADAPT-VQE iteration: 176
--------------------------------------------------------------------------------
    gate        derivative      name       op1       op2       op3        g_unscaled   penalty
    1148       -0.00067206      a_ia      1148                           -0.00134412         2
    1306        0.00048996      a_ia      1306                            0.00097991         2
    1269        0.00048808      a_ia      1269                            0.00097616         2
   68541       -0.00039677        op     22118     22119                 -0.04562801       115
   68542       -0.00039677        om     22118     22119                 -0.04562801       115
   71151       -0.00038349        op     24194     24195                 -0.04563528       119
   71152       -0.00038349        om     24194     24195                 -0.04563528       119
   67544        0.00037598        om     21270     21271                  0.02819868        75
   21270        0.00037598    a_iajb     21270                            0.02819865        75
   67543        0.00037598        op     21270     21271                  0.02819862        75

  ==> Add operator: op -1: 22118 22119
  ==> Current qubit order: 0  1  2  3  4  5  6  7  8  9  10  11  12  13  20  21  22  24  14  60  15  61  25  32  19  18  56  26  27  57  33  36  37  40  41  62  63  42  43  49  48  17  65  64  45  38  50  23  52  58  55  75  74  69  68  59  44  39  73  66  67  81  79  72  16  90  91  29  51  70  71  84  85  31  30  76  28  77  46  54  87  93  35  34  47  53  86  78  92  80  82  83  88  89  94  95  96  97  98  99  100  101  102  103  


  ==> Energy                -309.047827336
  ==> dE                       -1.58e-04
  ==> Gradient Norm             1.83e+00
  ==> Abs. Max. Deriv.          6.23e-02
  ==> Time-Grad. (s)              75.520
  ==> Time-Energy (s)             20.800
  ==> Time-Iter. (s)              96.320

--------------------------------------------------------------------------------
CEO-ADAPT-VQE iteration: 177
--------------------------------------------------------------------------------
    gate        derivative      name       op1       op2       op3        g_unscaled   penalty
    1148       -0.00067244      a_ia      1148                           -0.00134488         2
    1313       -0.00060440      a_ia      1313                           -0.00120880         2
    1303       -0.00055680      a_ia      1303                           -0.00334077         6
    1269        0.00048918      a_ia      1269                            0.00097835         2
   71151       -0.00042570        op     24194     24195                 -0.04469882       105
   71152       -0.00042570        om     24194     24195                 -0.04469882       105
   68973       -0.00041520        op     22469     22470                 -0.01868390        45
   68974       -0.00041520        om     22469     22470                 -0.01868390        45
     787        0.00041277      a_ia       787                            0.00082554         2
   88106        0.00038845        om     37362     37363                  0.02524927        65

  ==> Tried operator a_ia 1313: gain -2.95e-07 (threshold 5.9e-07), removed and excluded for this stage
  ==> Add operator: a_ia 1303
  ==> Current qubit order: 0  1  2  3  4  5  6  7  8  9  10  11  12  13  20  21  22  24  14  60  15  61  25  32  19  18  56  26  27  57  33  36  37  40  41  62  63  42  43  49  48  17  65  64  45  38  50  23  52  58  55  75  74  69  68  59  44  39  73  66  67  81  79  72  16  90  91  51  70  29  71  84  85  31  30  76  28  77  46  54  87  93  35  34  47  53  86  78  92  80  82  83  88  89  94  95  96  97  98  99  100  101  102  103  


  ==> Energy                -309.047829992
  ==> dE                       -2.66e-06
  ==> Gradient Norm             1.82e+00
  ==> Abs. Max. Deriv.          6.23e-02
  ==> Time-Grad. (s)              74.835
  ==> Time-Energy (s)             43.556
  ==> Time-Iter. (s)             118.392

--------------------------------------------------------------------------------
CEO-ADAPT-VQE iteration: 178
--------------------------------------------------------------------------------
    gate        derivative      name       op1       op2       op3        g_unscaled   penalty
    1148       -0.00066700      a_ia      1148                           -0.00133400         2
    1269        0.00050608      a_ia      1269                            0.00101216         2
   71151       -0.00042570        op     24194     24195                 -0.04469875       105
   71152       -0.00042570        om     24194     24195                 -0.04469875       105
     787        0.00041824      a_ia       787                            0.00083648         2
   68973       -0.00041521        op     22469     22470                 -0.01868453        45
   68974       -0.00041521        om     22469     22470                 -0.01868453        45
   67587        0.00038124        op     21314     21315                  0.03545504        93
   67588        0.00038124        om     21314     21315                  0.03545504        93
   24194       -0.00036941    a_iajb     24194                           -0.04469875       121

  ==> Add operator: op -1: 24194 24195
  ==> Current qubit order: 0  1  2  3  4  5  6  7  8  9  10  11  12  13  20  21  22  24  14  60  15  61  25  32  19  18  56  26  27  57  33  36  37  40  41  62  63  42  43  49  48  65  64  45  38  50  23  52  58  55  75  74  69  68  59  44  39  73  66  67  17  90  91  28  81  79  72  16  51  70  29  71  84  85  31  30  76  77  46  54  87  93  35  34  47  53  86  78  92  80  82  83  88  89  94  95  96  97  98  99  100  101  102  103  


  ==> Energy                -309.047981984
  ==> dE                       -1.52e-04
  ==> Gradient Norm             1.82e+00
  ==> Abs. Max. Deriv.          6.23e-02
  ==> Time-Grad. (s)              75.488
  ==> Time-Energy (s)             17.405
  ==> Time-Iter. (s)              92.893

--------------------------------------------------------------------------------
CEO-ADAPT-VQE iteration: 179
--------------------------------------------------------------------------------
    gate        derivative      name       op1       op2       op3        g_unscaled   penalty
     827        0.00133469      a_ia       827                            0.00266938         2
   67587        0.00075997        op     21314     21315                  0.03723868        49
   67588        0.00075997        om     21314     21315                  0.03723868        49
    1148       -0.00066704      a_ia      1148                           -0.00133407         2
   21314        0.00057290    a_iajb     21314                            0.03723868        65
     787        0.00041873      a_ia       787                            0.00083745         2
   83839       -0.00038028        op     34062     34063                 -0.05285903       139
   34062       -0.00038000    a_iajb     34062                           -0.05281966       139
   83840       -0.00037971        om     34062     34063                 -0.05278029       139
   47147        0.00036927        op      3652      3653                  0.03212639        87

  ==> Add operator: a_ia 827
  ==> Current qubit order: 0  1  2  3  4  5  6  7  8  9  10  11  12  13  20  21  22  24  14  60  15  61  25  32  19  18  56  26  27  57  33  36  37  40  41  62  63  42  43  49  48  65  64  45  38  50  23  52  58  55  75  74  69  68  59  44  39  73  66  67  17  90  91  28  81  79  72  16  51  70  29  71  84  85  31  30  76  77  46  54  87  93  35  34  47  53  86  78  92  80  82  83  88  89  94  95  96  97  98  99  100  101  102  103  


  ==> Energy                -309.047983630
  ==> dE                       -1.65e-06
  ==> Gradient Norm             1.82e+00
  ==> Abs. Max. Deriv.          6.23e-02
  ==> Time-Grad. (s)              75.300
  ==> Time-Energy (s)             18.164
  ==> Time-Iter. (s)              93.464

--------------------------------------------------------------------------------
CEO-ADAPT-VQE iteration: 180
--------------------------------------------------------------------------------
    gate        derivative      name       op1       op2       op3        g_unscaled   penalty
   67587        0.00075999        op     21314     21315                  0.03723940        49
   67588        0.00075999        om     21314     21315                  0.03723940        49
    1148       -0.00067446      a_ia      1148                           -0.00134892         2
   21314        0.00057291    a_iajb     21314                            0.03723940        65
     787        0.00041742      a_ia       787                            0.00083485         2
   83839       -0.00038029        op     34062     34063                 -0.05285963       139
   34062       -0.00038000    a_iajb     34062                           -0.05282036       139
   83840       -0.00037972        om     34062     34063                 -0.05278110       139
   47147        0.00036927        op      3652      3653                  0.03212635        87
   47148        0.00036927        om      3652      3653                  0.03212635        87

  ==> Add operator: op -1: 21314 21315
  ==> Current qubit order: 0  1  2  3  4  5  6  7  8  9  10  11  12  13  20  21  22  24  14  60  15  61  25  32  19  18  56  26  27  57  33  36  37  40  41  62  63  42  43  49  48  65  64  45  38  50  23  52  58  55  75  74  69  68  59  44  39  73  66  67  17  90  91  16  28  81  79  72  51  70  29  71  84  85  31  30  76  77  46  54  87  93  35  34  47  53  86  78  92  80  82  83  88  89  94  95  96  97  98  99  100  101  102  103  


  ==> Energy                -309.048488812
  ==> dE                       -5.05e-04
  ==> Gradient Norm             1.82e+00
  ==> Abs. Max. Deriv.          6.23e-02
  ==> Time-Grad. (s)              75.076
  ==> Time-Energy (s)            544.303
  ==> Time-Iter. (s)             619.379

--------------------------------------------------------------------------------
CEO-ADAPT-VQE iteration: 181
--------------------------------------------------------------------------------
    gate        derivative      name       op1       op2       op3        g_unscaled   penalty
    1148       -0.00066596      a_ia      1148                           -0.00133192         2
   84009        0.00038051        op     34232     34233                  0.02168929        57
   34232        0.00038042    a_iajb     34232                            0.02168410        57
   84010        0.00038033        om     34232     34233                  0.02167890        57
   47147        0.00036938        op      3652      3653                  0.03213625        87
   47148        0.00036938        om      3652      3653                  0.03213625        87
   67544        0.00036453        om     21270     21271                  0.02806877        77
   21270        0.00036453    a_iajb     21270                            0.02806875        77
   67543        0.00036453        op     21270     21271                  0.02806872        77
   83839       -0.00036396        op     34062     34063                 -0.05277451       145

  ==> Add operator: op -1: 34232 34233
  ==> Current qubit order: 0  1  2  3  4  5  6  7  8  9  10  11  12  13  20  21  22  24  14  60  15  61  25  32  19  18  56  26  27  57  33  36  37  40  41  62  63  42  43  49  48  65  64  45  38  50  23  52  58  55  75  74  69  68  59  44  39  73  66  67  17  90  91  16  81  79  28  70  29  71  72  51  84  85  31  30  76  77  46  54  87  93  35  34  47  53  86  78  92  80  82  83  88  89  94  95  96  97  98  99  100  101  102  103  


  ==> Energy                -309.048541999
  ==> dE                       -5.32e-05
  ==> Gradient Norm             1.82e+00
  ==> Abs. Max. Deriv.          6.24e-02
  ==> Time-Grad. (s)              75.093
  ==> Time-Energy (s)             19.949
  ==> Time-Iter. (s)              95.042

--------------------------------------------------------------------------------
CEO-ADAPT-VQE iteration: 182
--------------------------------------------------------------------------------
    gate        derivative      name       op1       op2       op3        g_unscaled   penalty
    1266       -0.00153780      a_ia      1266                           -0.00307560         2
    1148       -0.00066609      a_ia      1148                           -0.00133218         2
   47147        0.00036939        op      3652      3653                  0.03213684        87
   47148        0.00036939        om      3652      3653                  0.03213684        87
   67544        0.00036454        om     21270     21271                  0.02806930        77
   21270        0.00036454    a_iajb     21270                            0.02806928        77
   67543        0.00036454        op     21270     21271                  0.02806925        77
   83839       -0.00036386        op     34062     34063                 -0.05275943       145
   34062       -0.00036356    a_iajb     34062                           -0.05271661       145
   83840       -0.00036327        om     34062     34063                 -0.05267379       145

  ==> Add operator: a_ia 1266
  ==> Current qubit order: 0  1  2  3  4  5  6  7  8  9  10  11  12  13  20  21  22  24  14  60  15  61  25  32  19  18  56  26  27  57  33  36  37  40  41  62  63  42  43  49  48  65  64  45  38  50  23  52  58  55  75  74  69  68  59  44  39  73  66  67  17  90  91  16  81  79  28  70  29  71  72  51  84  85  31  30  76  77  46  54  87  93  35  34  47  53  86  78  92  80  82  83  88  89  94  95  96  97  98  99  100  101  102  103  


  ==> Energy                -309.048544237
  ==> dE                       -2.24e-06
  ==> Gradient Norm             1.82e+00
  ==> Abs. Max. Deriv.          6.24e-02
  ==> Time-Grad. (s)              74.943
  ==> Time-Energy (s)             18.625
  ==> Time-Iter. (s)              93.568

--------------------------------------------------------------------------------
CEO-ADAPT-VQE iteration: 183
--------------------------------------------------------------------------------
    gate        derivative      name       op1       op2       op3        g_unscaled   penalty
    1148       -0.00065363      a_ia      1148                           -0.00130726         2
   47147        0.00036939        op      3652      3653                  0.03213684        87
   47148        0.00036939        om      3652      3653                  0.03213684        87
   67544        0.00036454        om     21270     21271                  0.02806920        77
   21270        0.00036453    a_iajb     21270                            0.02806917        77
   67543        0.00036453        op     21270     21271                  0.02806914        77
   83839       -0.00036402        op     34062     34063                 -0.05278260       145
   34062       -0.00036372    a_iajb     34062                           -0.05273975       145
   83840       -0.00036343        om     34062     34063                 -0.05269690       145
   76351        0.00036088        op     28254     28255                  0.06243159       173

  ==> Add operator: op -1: 3652 3653
  ==> Current qubit order: 0  1  4  5  6  7  8  9  10  2  3  60  61  11  12  13  20  21  22  24  14  15  25  32  19  18  56  26  27  57  33  36  37  40  41  62  63  42  43  49  48  65  64  45  38  50  23  52  58  55  75  74  69  68  59  44  39  73  66  67  17  90  91  16  81  79  28  70  29  71  72  51  84  85  31  30  76  77  46  54  87  93  35  34  47  53  86  78  92  80  82  83  88  89  94  95  96  97  98  99  100  101  102  103  


  ==> Energy                -309.048641167
  ==> dE                       -9.69e-05
  ==> Gradient Norm             1.82e+00
  ==> Abs. Max. Deriv.          6.24e-02
  ==> Time-Grad. (s)              74.933
  ==> Time-Energy (s)             17.174
  ==> Time-Iter. (s)              92.108

--------------------------------------------------------------------------------
CEO-ADAPT-VQE iteration: 184
--------------------------------------------------------------------------------
    gate        derivative      name       op1       op2       op3        g_unscaled   penalty
     180       -0.00054825      a_ia       180                           -0.00219298         4
     130       -0.00053059      a_ia       130                           -0.00212238         4
   58643        0.00052395        op     14002     14003                  0.01519455        29
   58644        0.00052395        om     14002     14003                  0.01519455        29
   54835        0.00044908        op     10662     10663                  0.01661583        37
   54836        0.00044908        om     10662     10663                  0.01661583        37
   47395        0.00039262        op      3897      3898                  0.01217112        31
   47396        0.00039262        om      3897      3898                  0.01217112        31
   49153        0.00039260        op      5505      5506                  0.01217073        31
   49154        0.00039260        om      5505      5506                  0.01217073        31

  ==> Add operator: a_ia 180
  ==> Current qubit order: 0  1  4  5  6  7  8  9  10  2  60  3  61  11  12  13  20  21  22  24  14  15  25  32  19  18  56  26  27  57  33  36  37  40  41  62  63  42  43  49  48  65  64  45  38  50  23  52  58  55  75  74  69  68  59  44  39  73  66  67  17  90  91  16  81  79  28  70  29  71  72  51  84  85  31  30  76  77  46  54  87  93  35  34  47  53  86  78  92  80  82  83  88  89  94  95  96  97  98  99  100  101  102  103  


  ==> Energy                -309.048642120
  ==> dE                       -9.53e-07
  ==> Gradient Norm             1.82e+00
  ==> Abs. Max. Deriv.          6.24e-02
  ==> Time-Grad. (s)              74.950
  ==> Time-Energy (s)             20.465
  ==> Time-Iter. (s)              95.415

--------------------------------------------------------------------------------
CEO-ADAPT-VQE iteration: 185
--------------------------------------------------------------------------------
    gate        derivative      name       op1       op2       op3        g_unscaled   penalty
     130       -0.00103257      a_ia       130                           -0.00206514         2
   58643        0.00049058        op     14002     14003                  0.01520808        31
   58644        0.00049058        om     14002     14003                  0.01520808        31
   54835        0.00047495        op     10662     10663                  0.01662338        35
   54836        0.00047495        om     10662     10663                  0.01662338        35
   67544        0.00036455        om     21270     21271                  0.02807002        77
   21270        0.00036455    a_iajb     21270                            0.02807000        77
   67543        0.00036455        op     21270     21271                  0.02806997        77
   83839       -0.00036403        op     34062     34063                 -0.05278377       145
   34062       -0.00036373    a_iajb     34062                           -0.05274100       145

  ==> Add operator: a_ia 130
  ==> Current qubit order: 0  1  4  5  6  7  8  9  10  2  60  3  61  11  12  13  20  21  22  24  14  15  25  32  19  18  56  26  27  57  33  36  37  40  41  62  63  42  43  49  48  65  64  45  38  50  23  52  58  55  75  74  69  68  59  44  39  73  66  67  17  90  91  16  81  79  28  70  29  71  72  51  84  85  31  30  76  77  46  54  87  93  35  34  47  53  86  78  92  80  82  83  88  89  94  95  96  97  98  99  100  101  102  103  


  ==> Energy                -309.048643014
  ==> dE                       -8.94e-07
  ==> Gradient Norm             1.82e+00
  ==> Abs. Max. Deriv.          6.24e-02
  ==> Time-Grad. (s)              74.519
  ==> Time-Energy (s)             21.193
  ==> Time-Iter. (s)              95.711

--------------------------------------------------------------------------------
CEO-ADAPT-VQE iteration: 186
--------------------------------------------------------------------------------
    gate        derivative      name       op1       op2       op3        g_unscaled   penalty
   58643        0.00049100        op     14002     14003                  0.01522089        31
   58644        0.00049100        om     14002     14003                  0.01522089        31
   54835        0.00047516        op     10662     10663                  0.01663058        35
   54836        0.00047516        om     10662     10663                  0.01663058        35
   67544        0.00036455        om     21270     21271                  0.02807005        77
   21270        0.00036455    a_iajb     21270                            0.02807002        77
   67543        0.00036455        op     21270     21271                  0.02807000        77
   83839       -0.00036403        op     34062     34063                 -0.05278457       145
   34062       -0.00036374    a_iajb     34062                           -0.05274185       145
   83840       -0.00036344        om     34062     34063                 -0.05269912       145

  ==> Add operator: op -1: 14002 14003
  ==> Current qubit order: 0  1  4  5  6  7  8  9  10  2  3  60  61  12  13  11  20  21  22  24  14  15  25  32  19  18  56  26  27  57  33  36  37  40  41  62  63  42  43  49  48  65  64  45  38  50  23  52  58  55  75  74  69  68  59  44  39  73  66  67  17  90  91  16  81  79  28  70  29  71  72  51  84  85  31  30  76  77  46  54  87  93  35  34  47  53  86  78  92  80  82  83  88  89  94  95  96  97  98  99  100  101  102  103  


  ==> Energy                -309.048668521
  ==> dE                       -2.55e-05
  ==> Gradient Norm             1.82e+00
  ==> Abs. Max. Deriv.          6.24e-02
  ==> Time-Grad. (s)              74.725
  ==> Time-Energy (s)             18.015
  ==> Time-Iter. (s)              92.739

--------------------------------------------------------------------------------
CEO-ADAPT-VQE iteration: 187
--------------------------------------------------------------------------------
    gate        derivative      name       op1       op2       op3        g_unscaled   penalty
   54835        0.00044338        op     10662     10663                  0.01640522        37
   54836        0.00044338        om     10662     10663                  0.01640522        37
   67544        0.00036455        om     21270     21271                  0.02807028        77
   21270        0.00036455    a_iajb     21270                            0.02807026        77
   67543        0.00036455        op     21270     21271                  0.02807023        77
   83839       -0.00036403        op     34062     34063                 -0.05278473       145
   34062       -0.00036374    a_iajb     34062                           -0.05274200       145
   83840       -0.00036344        om     34062     34063                 -0.05269928       145
   94319        0.00035803        op     41815     41816                  0.01611143        45
   68973       -0.00035717        op     22469     22470                 -0.01893024        53

  ==> Add operator: op -1: 10662 10663
  ==> Current qubit order: 0  1  4  5  6  7  10  8  9  60  61  2  3  12  13  11  20  21  22  24  14  15  25  32  19  18  56  26  27  57  33  36  37  40  41  62  63  42  43  49  48  65  64  45  38  50  23  52  58  55  75  74  69  68  59  44  39  73  66  67  17  90  91  16  81  79  28  70  29  71  72  51  84  85  31  30  76  77  46  54  87  93  35  34  47  53  86  78  92  80  82  83  88  89  94  95  96  97  98  99  100  101  102  103  


  ==> Energy                -309.048695931
  ==> dE                       -2.74e-05
  ==> Gradient Norm             1.82e+00
  ==> Abs. Max. Deriv.          6.24e-02
  ==> Time-Grad. (s)              74.511
  ==> Time-Energy (s)             18.670
  ==> Time-Iter. (s)              93.182

--------------------------------------------------------------------------------
CEO-ADAPT-VQE iteration: 188
--------------------------------------------------------------------------------
    gate        derivative      name       op1       op2       op3        g_unscaled   penalty
   67544        0.00036455        om     21270     21271                  0.02807067        77
   21270        0.00036455    a_iajb     21270                            0.02807064        77
   67543        0.00036455        op     21270     21271                  0.02807061        77
   83839       -0.00036403        op     34062     34063                 -0.05278481       145
   34062       -0.00036374    a_iajb     34062                           -0.05274208       145
   83840       -0.00036344        om     34062     34063                 -0.05269936       145
   94319        0.00035803        op     41815     41816                  0.01611144        45
   68973       -0.00035717        op     22469     22470                 -0.01893024        53
   68974       -0.00035717        om     22469     22470                 -0.01893024        53
   83812       -0.00035423        om     34034     34035                 -0.05278096       149

  ==> Add operator: om -1: 21270 21271
  ==> Current qubit order: 0  1  4  5  6  7  10  8  9  60  61  2  3  12  13  11  20  21  22  24  14  15  25  32  19  18  56  26  27  57  33  36  37  40  41  62  63  42  43  49  48  65  64  45  38  50  23  52  58  55  69  68  59  44  75  74  17  16  39  73  66  67  90  91  81  79  28  70  29  71  72  51  84  85  31  30  76  77  46  54  87  93  35  34  47  53  86  78  92  80  82  83  88  89  94  95  96  97  98  99  100  101  102  103  


  ==> Energy                -309.048767455
  ==> dE                       -7.15e-05
  ==> Gradient Norm             1.82e+00
  ==> Abs. Max. Deriv.          6.24e-02
  ==> Time-Grad. (s)              74.611
  ==> Time-Energy (s)             18.646
  ==> Time-Iter. (s)              93.258

--------------------------------------------------------------------------------
CEO-ADAPT-VQE iteration: 189
--------------------------------------------------------------------------------
    gate        derivative      name       op1       op2       op3        g_unscaled   penalty
     788       -0.00091053      a_ia       788                           -0.00364213         4
     831       -0.00088511      a_ia       831                           -0.00354044         4
     784        0.00043896      a_ia       784                            0.00263375         6
   67505        0.00041289        op     21232     21233                  0.02353466        57
   21232        0.00041289    a_iajb     21232                            0.02353465        57
   67506        0.00041289        om     21232     21233                  0.02353463        57
   83839       -0.00035909        op     34062     34063                 -0.05278578       147
   34062       -0.00035880    a_iajb     34062                           -0.05274306       147
   83840       -0.00035851        om     34062     34063                 -0.05270033       147
   94319        0.00035803        op     41815     41816                  0.01611117        45

  ==> Add operator: a_ia 788
  ==> Current qubit order: 0  1  4  5  6  7  10  8  9  60  61  2  3  12  13  11  20  21  22  24  14  15  25  32  19  18  56  26  27  57  33  36  37  40  41  62  63  42  43  49  48  65  64  45  38  50  23  52  58  55  69  68  59  44  75  17  74  16  39  73  66  67  90  91  81  79  28  70  29  71  72  51  84  85  31  30  76  77  46  54  87  93  35  34  47  53  86  78  92  80  82  83  88  89  94  95  96  97  98  99  100  101  102  103  


  ==> Energy                -309.048769915
  ==> dE                       -2.46e-06
  ==> Gradient Norm             1.82e+00
  ==> Abs. Max. Deriv.          6.24e-02
  ==> Time-Grad. (s)              73.997
  ==> Time-Energy (s)             20.040
  ==> Time-Iter. (s)              94.038

--------------------------------------------------------------------------------
CEO-ADAPT-VQE iteration: 190
--------------------------------------------------------------------------------
    gate        derivative      name       op1       op2       op3        g_unscaled   penalty
     831       -0.00173159      a_ia       831                           -0.00346319         2
     784        0.00044162      a_ia       784                            0.00264969         6
   67505        0.00042785        op     21232     21233                  0.02353175        55
   21232        0.00042785    a_iajb     21232                            0.02353174        55
   67506        0.00042785        om     21232     21233                  0.02353174        55
   83839       -0.00035909        op     34062     34063                 -0.05278684       147
   34062       -0.00035880    a_iajb     34062                           -0.05274395       147
   72536       -0.00035855        om     25248     25249                 -0.02689127        75
   83840       -0.00035851        om     34062     34063                 -0.05270105       147
   94319        0.00035802        op     41815     41816                  0.01611110        45

  ==> Add operator: a_ia 831
  ==> Current qubit order: 0  1  4  5  6  7  10  8  9  60  61  2  3  12  13  11  20  21  22  24  14  15  25  32  19  18  56  26  27  57  33  36  37  40  41  62  63  42  43  49  48  65  64  45  38  50  23  52  58  55  69  68  59  44  75  17  74  16  39  73  66  67  90  91  81  79  28  70  29  71  72  51  84  85  31  30  76  77  46  54  87  93  35  34  47  53  86  78  92  80  82  83  88  89  94  95  96  97  98  99  100  101  102  103  


  ==> Energy                -309.048772146
  ==> dE                       -2.23e-06
  ==> Gradient Norm             1.82e+00
  ==> Abs. Max. Deriv.          6.24e-02
  ==> Time-Grad. (s)              74.642
  ==> Time-Energy (s)             20.390
  ==> Time-Iter. (s)              95.032

--------------------------------------------------------------------------------
CEO-ADAPT-VQE iteration: 191
--------------------------------------------------------------------------------
    gate        derivative      name       op1       op2       op3        g_unscaled   penalty
     784        0.00044131      a_ia       784                            0.00264786         6
   67505        0.00042780        op     21232     21233                  0.02352902        55
   21232        0.00042780    a_iajb     21232                            0.02352901        55
   67506        0.00042780        om     21232     21233                  0.02352900        55
   83839       -0.00035910        op     34062     34063                 -0.05278808       147
   34062       -0.00035881    a_iajb     34062                           -0.05274508       147
   72536       -0.00035871        om     25248     25249                 -0.02690325        75
   83840       -0.00035852        om     34062     34063                 -0.05270208       147
   94319        0.00035803        op     41815     41816                  0.01611114        45
   76351        0.00035272        op     28254     28255                  0.06243153       177

  ==> Add operator: a_ia 784
  ==> Current qubit order: 0  1  4  5  6  7  10  8  9  60  61  2  3  12  13  11  20  21  22  24  14  15  25  32  19  18  56  26  27  57  33  36  37  40  41  62  63  42  43  49  48  65  64  45  38  50  23  52  58  55  69  68  59  44  75  17  74  39  73  16  66  67  90  91  81  79  28  70  29  71  72  51  84  85  31  30  76  77  46  54  87  93  35  34  47  53  86  78  92  80  82  83  88  89  94  95  96  97  98  99  100  101  102  103  


  ==> Energy                -309.048773780
  ==> dE                       -1.63e-06
  ==> Gradient Norm             1.82e+00
  ==> Abs. Max. Deriv.          6.24e-02
  ==> Time-Grad. (s)              75.294
  ==> Time-Energy (s)             20.841
  ==> Time-Iter. (s)              96.135

--------------------------------------------------------------------------------
CEO-ADAPT-VQE iteration: 192
--------------------------------------------------------------------------------
    gate        derivative      name       op1       op2       op3        g_unscaled   penalty
   67505        0.00039878        op     21232     21233                  0.02352817        59
   21232        0.00039878    a_iajb     21232                            0.02352816        59
   67506        0.00039878        om     21232     21233                  0.02352815        59
   83839       -0.00035911        op     34062     34063                 -0.05278871       147
   34062       -0.00035881    a_iajb     34062                           -0.05274576       147
   72536       -0.00035870        om     25248     25249                 -0.02690279        75
   83840       -0.00035852        om     34062     34063                 -0.05270281       147
   94319        0.00035803        op     41815     41816                  0.01611116        45
   76351        0.00035272        op     28254     28255                  0.06243153       177
   28254        0.00035072    a_iajb     28254                            0.06207804       177

  ==> Add operator: op -1: 21232 21233
  ==> Current qubit order: 0  1  4  5  6  7  10  8  9  60  61  2  3  12  13  11  20  21  22  24  14  15  25  32  19  18  56  26  27  57  33  36  37  40  41  62  63  42  43  49  48  65  64  45  38  50  23  52  58  55  59  44  75  69  68  17  16  74  39  73  66  67  90  91  81  79  28  70  29  71  72  51  84  85  31  30  76  77  46  54  87  93  35  34  47  53  86  78  92  80  82  83  88  89  94  95  96  97  98  99  100  101  102  103  


  ==> Energy                -309.048834681
  ==> dE                       -6.09e-05
  ==> Gradient Norm             1.82e+00
  ==> Abs. Max. Deriv.          6.24e-02
  ==> Time-Grad. (s)              75.131
  ==> Time-Energy (s)             22.189
  ==> Time-Iter. (s)              97.320

--------------------------------------------------------------------------------
CEO-ADAPT-VQE iteration: 193
--------------------------------------------------------------------------------
    gate        derivative      name       op1       op2       op3        g_unscaled   penalty
     785        0.00059688      a_ia       785                            0.00238752         4
     828        0.00059287      a_ia       828                            0.00237148         4
   83839       -0.00035911        op     34062     34063                 -0.05278966       147
   34062       -0.00035882    a_iajb     34062                           -0.05274671       147
   72536       -0.00035869        om     25248     25249                 -0.02690199        75
   83840       -0.00035853        om     34062     34063                 -0.05270376       147
   94319        0.00035803        op     41815     41816                  0.01611113        45
   76351        0.00035272        op     28254     28255                  0.06243153       177
   28254        0.00035072    a_iajb     28254                            0.06207805       177
   83812       -0.00034957        om     34034     34035                 -0.05278578       151

  ==> Add operator: a_ia 785
  ==> Current qubit order: 0  1  4  5  6  7  10  8  9  60  61  2  3  12  13  11  20  21  22  24  14  15  25  32  19  18  56  26  27  57  33  36  37  40  41  62  63  42  43  49  48  65  64  45  38  50  23  52  58  55  59  44  75  69  17  68  16  74  39  73  66  67  90  91  81  79  28  70  29  71  72  51  84  85  31  30  76  77  46  54  87  93  35  34  47  53  86  78  92  80  82  83  88  89  94  95  96  97  98  99  100  101  102  103  


  ==> Energy                -309.048835976
  ==> dE                       -1.29e-06
  ==> Gradient Norm             1.82e+00
  ==> Abs. Max. Deriv.          6.24e-02
  ==> Time-Grad. (s)              74.522
  ==> Time-Energy (s)             21.595
  ==> Time-Iter. (s)              96.118

--------------------------------------------------------------------------------
CEO-ADAPT-VQE iteration: 194
--------------------------------------------------------------------------------
    gate        derivative      name       op1       op2       op3        g_unscaled   penalty
     828        0.00115881      a_ia       828                            0.00231761         2
   72536       -0.00036852        om     25248     25249                 -0.02690185        73
   83839       -0.00035911        op     34062     34063                 -0.05278876       147
   34062       -0.00035881    a_iajb     34062                           -0.05274545       147
   83840       -0.00035852        om     34062     34063                 -0.05270214       147
   94319        0.00035802        op     41815     41816                  0.01611104        45
   76351        0.00035272        op     28254     28255                  0.06243155       177
   28254        0.00035072    a_iajb     28254                            0.06207805       177
   83812       -0.00034957        om     34034     34035                 -0.05278495       151
   34034       -0.00034928    a_iajb     34034                           -0.05274067       151

  ==> Add operator: a_ia 828
  ==> Current qubit order: 0  1  4  5  6  7  10  8  9  60  61  2  3  12  13  11  20  21  22  24  14  15  25  32  19  18  56  26  27  57  33  36  37  40  41  62  63  42  43  49  48  65  64  45  38  50  23  52  58  55  59  44  75  69  17  68  16  74  39  73  66  67  90  91  81  79  28  70  29  71  72  51  84  85  31  30  76  77  46  54  87  93  35  34  47  53  86  78  92  80  82  83  88  89  94  95  96  97  98  99  100  101  102  103  


  ==> Energy                -309.048837202
  ==> dE                       -1.23e-06
  ==> Gradient Norm             1.82e+00
  ==> Abs. Max. Deriv.          6.24e-02
  ==> Time-Grad. (s)              74.914
  ==> Time-Energy (s)             22.887
  ==> Time-Iter. (s)              97.800

--------------------------------------------------------------------------------
CEO-ADAPT-VQE iteration: 195
--------------------------------------------------------------------------------
    gate        derivative      name       op1       op2       op3        g_unscaled   penalty
   72536       -0.00036878        om     25248     25249                 -0.02692125        73
   83839       -0.00035910        op     34062     34063                 -0.05278795       147
   34062       -0.00035881    a_iajb     34062                           -0.05274440       147
   83840       -0.00035851        om     34062     34063                 -0.05270086       147
   94319        0.00035802        op     41815     41816                  0.01611079        45
    1342        0.00035274      a_ia      1342                            0.00070547         2
   76351        0.00035272        op     28254     28255                  0.06243157       177
   28254        0.00035072    a_iajb     28254                            0.06207804       177
   83812       -0.00034956        om     34034     34035                 -0.05278409       151
   34034       -0.00034927    a_iajb     34034                           -0.05273947       151

  ==> Add operator: mvp2 -1: 25248 25249
  ==> Current qubit order: 0  1  4  5  6  7  10  8  9  60  61  2  3  12  13  11  20  21  22  24  14  15  25  32  19  18  56  26  27  57  33  36  37  40  41  62  42  43  49  48  65  64  45  38  23  63  50  52  17  58  55  59  44  75  69  68  16  74  39  73  66  67  90  91  81  79  28  70  29  71  72  51  84  85  31  30  76  77  46  54  87  93  35  34  47  53  86  78  92  80  82  83  88  89  94  95  96  97  98  99  100  101  102  103  


  ==> Energy                -309.049030989
  ==> dE                       -1.94e-04
  ==> Gradient Norm             1.82e+00
  ==> Abs. Max. Deriv.          6.24e-02
  ==> Time-Grad. (s)              74.940
  ==> Time-Energy (s)             37.488
  ==> Time-Iter. (s)             112.428

--------------------------------------------------------------------------------
CEO-ADAPT-VQE iteration: 196
--------------------------------------------------------------------------------
    gate        derivative      name       op1       op2       op3        g_unscaled   penalty
   83839       -0.00035910        op     34062     34063                 -0.05278819       147
   34062       -0.00035881    a_iajb     34062                           -0.05274464       147
   83840       -0.00035851        om     34062     34063                 -0.05270109       147
   94319        0.00035802        op     41815     41816                  0.01611085        45
    1342        0.00035402      a_ia      1342                            0.00070803         2
   72638        0.00035301        om     25350     25351                  0.01870970        53
   76351        0.00035274        op     28254     28255                  0.06243486       177
   25350        0.00035179    a_iajb     25350                            0.01864483        53
   28254        0.00035074    a_iajb     28254                            0.06208138       177
   72637        0.00035057        op     25350     25351                  0.01857996        53

  ==> Add operator: op -1: 34062 34063
  ==> Current qubit order: 0  1  4  5  6  7  10  8  9  60  61  2  3  12  13  11  20  21  22  24  14  15  25  32  19  18  56  26  27  33  36  37  40  41  62  42  43  49  48  65  64  45  38  23  63  50  52  17  58  55  59  44  75  69  57  90  28  29  68  16  74  39  73  66  67  91  81  79  70  71  72  51  84  85  31  30  76  77  46  54  87  93  35  34  47  53  86  78  92  80  82  83  88  89  94  95  96  97  98  99  100  101  102  103  


  ==> Energy                -309.049345123
  ==> dE                       -3.14e-04
  ==> Gradient Norm             1.82e+00
  ==> Abs. Max. Deriv.          6.24e-02
  ==> Time-Grad. (s)              75.316
  ==> Time-Energy (s)             21.990
  ==> Time-Iter. (s)              97.306

--------------------------------------------------------------------------------
CEO-ADAPT-VQE iteration: 197
--------------------------------------------------------------------------------
    gate        derivative      name       op1       op2       op3        g_unscaled   penalty
   68284        0.00074058        om     21860     21861                  0.03776978        51
   21860        0.00073883    a_iajb     21860                            0.03768033        51
   68283        0.00073708        op     21860     21861                  0.03759089        51
   70900        0.00068696        om     23942     23943                  0.04190450        61
   23942        0.00068613    a_iajb     23942                            0.04185421        61
   70899        0.00068531        op     23942     23943                  0.04180393        61
    1276       -0.00052444      a_ia      1276                           -0.00104889         2
   83812       -0.00036495        om     34034     34035                 -0.05145801       141
   34034       -0.00036471    a_iajb     34034                           -0.05142364       141
   83811       -0.00036446        op     34034     34035                 -0.05138926       141

  ==> Add operator: mvp2 -1: 21860 21861
  ==> Current qubit order: 0  1  4  5  6  7  10  8  9  60  61  2  3  12  13  11  20  21  22  24  14  15  25  32  19  18  56  26  27  33  36  37  40  41  62  42  43  49  48  65  64  45  38  23  63  50  52  17  58  55  59  44  75  69  57  90  29  16  28  68  74  39  73  66  67  91  81  79  70  71  72  51  84  85  31  30  76  77  46  54  87  93  35  34  47  53  86  78  92  80  82  83  88  89  94  95  96  97  98  99  100  101  102  103  


  ==> Energy                -309.049492677
  ==> dE                       -1.48e-04
  ==> Gradient Norm             1.82e+00
  ==> Abs. Max. Deriv.          6.24e-02
  ==> Time-Grad. (s)              75.116
  ==> Time-Energy (s)             36.898
  ==> Time-Iter. (s)             112.015

--------------------------------------------------------------------------------
CEO-ADAPT-VQE iteration: 198
--------------------------------------------------------------------------------
    gate        derivative      name       op1       op2       op3        g_unscaled   penalty
   70900        0.00062909        om     23942     23943                  0.04089081        65
   23942        0.00062767    a_iajb     23942                            0.04079856        65
   70899        0.00062625        op     23942     23943                  0.04070632        65
   67370       -0.00040802        om     21096     21097                 -0.02896917        71
   21096       -0.00040728    a_iajb     21096                           -0.02891720        71
   67369       -0.00040655        op     21096     21097                 -0.02886524        71
   83812       -0.00037041        om     34034     34035                 -0.05148674       139
   34034       -0.00037020    a_iajb     34034                           -0.05145753       139
   83811       -0.00036999        op     34034     34035                 -0.05142831       139
   94319        0.00035801        op     41815     41816                  0.01611057        45

  ==> Add operator: mvp2 -1: 23942 23943
  ==> Current qubit order: 0  1  4  5  6  7  10  8  9  60  61  2  3  12  13  11  20  21  22  24  14  15  25  32  19  18  56  26  27  33  36  37  40  41  62  42  43  49  48  65  64  45  38  23  63  50  52  58  55  59  44  75  69  17  57  90  28  29  16  68  74  39  73  66  67  91  81  79  70  71  72  51  84  85  31  30  76  77  46  54  87  93  35  34  47  53  86  78  92  80  82  83  88  89  94  95  96  97  98  99  100  101  102  103  


  ==> Energy                -309.049671759
  ==> dE                       -1.79e-04
  ==> Gradient Norm             1.82e+00
  ==> Abs. Max. Deriv.          6.24e-02
  ==> Time-Grad. (s)              74.852
  ==> Time-Energy (s)            140.152
  ==> Time-Iter. (s)             215.005

--------------------------------------------------------------------------------
CEO-ADAPT-VQE iteration: 199
--------------------------------------------------------------------------------
    gate        derivative      name       op1       op2       op3        g_unscaled   penalty
    1276       -0.00059642      a_ia      1276                           -0.00119285         2
   67370       -0.00050377        om     21096     21097                 -0.03072986        61
   21096       -0.00050288    a_iajb     21096                           -0.03067551        61
   67369       -0.00050199        op     21096     21097                 -0.03062115        61
   83812       -0.00036482        om     34034     34035                 -0.05143957       141
   34034       -0.00036476    a_iajb     34034                           -0.05143075       141
   83811       -0.00036469        op     34034     34035                 -0.05142194       141
   94319        0.00035802        op     41815     41816                  0.01611077        45
    1342        0.00034900      a_ia      1342                            0.00069800         2
   76351        0.00034498        op     28254     28255                  0.06244126       181

  ==> Add operator: a_ia 1276
  ==> Current qubit order: 0  1  4  5  6  7  10  8  9  60  61  2  3  12  13  11  20  21  22  24  14  15  25  32  19  18  56  26  27  33  36  37  40  41  62  42  43  49  48  65  64  45  38  23  63  50  52  58  55  59  44  75  69  17  57  90  28  29  16  68  74  39  73  66  67  91  81  79  70  71  72  51  84  85  31  30  76  77  46  54  87  93  35  34  47  53  86  78  92  80  82  83  88  89  94  95  96  97  98  99  100  101  102  103  


  ==> Energy                -309.049672056
  ==> dE                       -2.97e-07
  ==> Gradient Norm             1.81e+00
  ==> Abs. Max. Deriv.          6.24e-02
  ==> Time-Grad. (s)              74.741
  ==> Time-Energy (s)             23.862
  ==> Time-Iter. (s)              98.603

--------------------------------------------------------------------------------
CEO-ADAPT-VQE iteration: 200
--------------------------------------------------------------------------------
    gate        derivative      name       op1       op2       op3        g_unscaled   penalty
   67370       -0.00050369        om     21096     21097                 -0.03072507        61
   21096       -0.00050280    a_iajb     21096                           -0.03067084        61
   67369       -0.00050191        op     21096     21097                 -0.03061662        61
   83812       -0.00036493        om     34034     34035                 -0.05145544       141
   34034       -0.00036487    a_iajb     34034                           -0.05144661       141
   83811       -0.00036481        op     34034     34035                 -0.05143778       141
   94319        0.00035801        op     41815     41816                  0.01611054        45
    1342        0.00034955      a_ia      1342                            0.00069909         2
   76351        0.00034498        op     28254     28255                  0.06244127       181
   28254        0.00034303    a_iajb     28254                            0.06208793       181

  ==> Add operator: om -1: 21096 21097
  ==> Current qubit order: 0  1  4  5  6  7  10  8  9  60  61  2  3  12  13  11  20  21  22  24  14  15  25  32  19  18  56  26  27  33  36  37  40  41  62  42  43  49  48  65  64  45  38  23  63  50  52  58  55  59  44  75  69  17  57  90  16  28  29  68  74  39  73  66  67  91  81  79  70  71  72  51  84  85  31  30  76  77  46  54  87  93  35  34  47  53  86  78  92  80  82  83  88  89  94  95  96  97  98  99  100  101  102  103  


  ==> Energy                -309.049759412
  ==> dE                       -8.74e-05
  ==> Gradient Norm             1.81e+00
  ==> Abs. Max. Deriv.          6.24e-02
  ==> Time-Grad. (s)              75.054
  ==> Time-Energy (s)             21.646
  ==> Time-Iter. (s)              96.700

--------------------------------------------------------------------------------
CEO-ADAPT-VQE iteration: 201
--------------------------------------------------------------------------------
    gate        derivative      name       op1       op2       op3        g_unscaled   penalty
   83812       -0.00037552        om     34034     34035                 -0.05144644       137
   34034       -0.00037551    a_iajb     34034                           -0.05144488       137
   83811       -0.00037550        op     34034     34035                 -0.05144331       137
   94319        0.00035801        op     41815     41816                  0.01611057        45
    1342        0.00034908      a_ia      1342                            0.00069816         2
   76351        0.00034498        op     28254     28255                  0.06244127       181
   28254        0.00034303    a_iajb     28254                            0.06208793       181
   76352        0.00034108        om     28254     28255                  0.06173458       181
   72638        0.00034037        om     25350     25351                  0.01872013        55
   25350        0.00033908    a_iajb     25350                            0.01864962        55

  ==> Add operator: om -1: 34034 34035
  ==> Current qubit order: 0  1  4  5  6  7  10  8  9  60  61  2  3  12  13  11  20  21  22  24  14  15  25  32  19  18  26  27  33  36  37  40  41  62  42  43  49  48  65  64  45  38  23  63  50  52  58  55  59  44  75  56  28  29  91  69  17  57  90  16  68  74  39  73  66  67  81  79  70  71  72  51  84  85  31  30  76  77  46  54  87  93  35  34  47  53  86  78  92  80  82  83  88  89  94  95  96  97  98  99  100  101  102  103  


  ==> Energy                -309.050057707
  ==> dE                       -2.98e-04
  ==> Gradient Norm             1.81e+00
  ==> Abs. Max. Deriv.          6.24e-02
  ==> Time-Grad. (s)              75.143
  ==> Time-Energy (s)             19.510
  ==> Time-Iter. (s)              94.653

--------------------------------------------------------------------------------
CEO-ADAPT-VQE iteration: 202
--------------------------------------------------------------------------------
    gate        derivative      name       op1       op2       op3        g_unscaled   penalty
    1313       -0.00092500      a_ia      1313                           -0.00185000         2
   68257        0.00064970        op     21834     21835                  0.04093085        63
   21834        0.00064911    a_iajb     21834                            0.04089386        63
   68258        0.00064852        om     21834     21835                  0.04085686        63
   70864        0.00062749        om     23906     23907                  0.03702219        59
   23906        0.00062740    a_iajb     23906                            0.03701642        59
   70863        0.00062730        op     23906     23907                  0.03701065        59
   67345       -0.00046549        op     21072     21073                 -0.02653306        57
   21072       -0.00046542    a_iajb     21072                           -0.02652886        57
   67346       -0.00046534        om     21072     21073                 -0.02652466        57

  ==> Add operator: op -1: 21834 21835
  ==> Current qubit order: 0  1  4  5  6  7  10  8  9  60  61  2  3  12  13  11  20  21  22  24  14  15  25  32  19  18  26  27  33  36  37  40  41  62  42  43  49  48  65  64  45  38  23  63  50  52  58  55  59  44  75  28  56  29  91  16  69  17  57  90  68  74  39  73  66  67  81  79  70  71  72  51  84  85  31  30  76  77  46  54  87  93  35  34  47  53  86  78  92  80  82  83  88  89  94  95  96  97  98  99  100  101  102  103  


  ==> Energy                -309.050229568
  ==> dE                       -1.72e-04
  ==> Gradient Norm             1.81e+00
  ==> Abs. Max. Deriv.          6.24e-02
  ==> Time-Grad. (s)              74.913
  ==> Time-Energy (s)             19.943
  ==> Time-Iter. (s)              94.855

--------------------------------------------------------------------------------
CEO-ADAPT-VQE iteration: 203
--------------------------------------------------------------------------------
    gate        derivative      name       op1       op2       op3        g_unscaled   penalty
    1313       -0.00097771      a_ia      1313                           -0.00195542         2
   67346       -0.00063319        om     21072     21073                 -0.02849373        45
   21072       -0.00063311    a_iajb     21072                           -0.02848995        45
   67345       -0.00063303        op     21072     21073                 -0.02848618        45
   70863        0.00055217        op     23906     23907                  0.03589086        65
   23906        0.00055214    a_iajb     23906                            0.03588910        65
   70864        0.00055211        om     23906     23907                  0.03588733        65
   94319        0.00035800        op     41815     41816                  0.01611018        45
    1342        0.00034993      a_ia      1342                            0.00069985         2
   91906        0.00033821        om     40118     40119                  0.02266006        67

  ==> Add operator: om -1: 21072 21073
  ==> Current qubit order: 0  1  4  5  6  7  10  8  9  60  61  2  3  12  13  11  20  21  22  24  14  15  25  32  19  18  26  27  33  36  37  40  41  62  42  43  49  48  65  64  45  38  23  63  50  52  58  55  59  44  75  28  29  56  91  16  17  69  57  90  68  74  39  73  66  67  81  79  70  71  72  51  84  85  31  30  76  77  46  54  87  93  35  34  47  53  86  78  92  80  82  83  88  89  94  95  96  97  98  99  100  101  102  103  


  ==> Energy                -309.050304607
  ==> dE                       -7.50e-05
  ==> Gradient Norm             1.81e+00
  ==> Abs. Max. Deriv.          6.24e-02
  ==> Time-Grad. (s)              75.263
  ==> Time-Energy (s)             25.424
  ==> Time-Iter. (s)             100.687

--------------------------------------------------------------------------------
CEO-ADAPT-VQE iteration: 204
--------------------------------------------------------------------------------
    gate        derivative      name       op1       op2       op3        g_unscaled   penalty
   70863        0.00060903        op     23906     23907                  0.03715071        61
   23906        0.00060873    a_iajb     23906                            0.03713241        61
   70864        0.00060843        om     23906     23907                  0.03711412        61
    1313       -0.00047558      a_ia      1313                           -0.00190231         4
   94319        0.00035800        op     41815     41816                  0.01611018        45
    1342        0.00035004      a_ia      1342                            0.00070007         2
   91906        0.00033821        om     40118     40119                  0.02266002        67
   96940        0.00033058        om     43663     43665                  0.01487615        45
   76351        0.00033038        op     28254     28255                  0.06244130       189
   28254        0.00032851    a_iajb     28254                            0.06208793       189

  ==> Add operator: op -1: 23906 23907
  ==> Current qubit order: 0  1  4  5  6  7  10  8  9  60  61  2  3  12  13  11  20  21  22  24  14  15  25  32  19  18  26  27  33  36  37  40  41  62  42  43  49  48  65  64  45  38  23  63  50  52  58  55  59  44  75  29  28  56  91  17  16  69  57  90  68  74  39  73  66  67  81  79  70  71  72  51  84  85  31  30  76  77  46  54  87  93  35  34  47  53  86  78  92  80  82  83  88  89  94  95  96  97  98  99  100  101  102  103  


  ==> Energy                -309.050446567
  ==> dE                       -1.42e-04
  ==> Gradient Norm             1.81e+00
  ==> Abs. Max. Deriv.          6.24e-02
  ==> Time-Grad. (s)              74.232
  ==> Time-Energy (s)             19.409
  ==> Time-Iter. (s)              93.641

--------------------------------------------------------------------------------
CEO-ADAPT-VQE iteration: 205
--------------------------------------------------------------------------------
    gate        derivative      name       op1       op2       op3        g_unscaled   penalty
   94319        0.00035800        op     41815     41816                  0.01611010        45
    1342        0.00034987      a_ia      1342                            0.00069974         2
   91906        0.00033821        om     40118     40119                  0.02266005        67
   96940        0.00033058        om     43663     43665                  0.01487616        45
   76351        0.00033038        op     28254     28255                  0.06244130       189
   28254        0.00032851    a_iajb     28254                            0.06208793       189
   40118        0.00032833    a_iajb     40118                            0.02199797        67
    1313       -0.00032783      a_ia      1313                           -0.00196698         6
   76352        0.00032664        om     28254     28255                  0.06173456       189
   94082        0.00032174        om     41678     41680                  0.02091316        65

  ==> Add operator: mvp2 -1: 41815 41816
  ==> Current qubit order: 0  1  4  5  6  7  10  8  9  60  61  2  3  12  13  11  20  21  22  24  14  15  25  32  19  18  26  27  33  36  37  40  41  62  42  43  49  48  65  64  45  38  23  63  50  52  58  55  59  44  75  29  28  56  91  17  16  69  57  90  68  74  39  73  66  67  81  79  70  71  72  51  84  85  31  30  76  77  46  54  87  93  35  34  47  53  92  86  78  80  82  83  88  89  94  95  96  97  98  99  100  101  102  103  


  ==> Energy                -309.050525004
  ==> dE                       -7.84e-05
  ==> Gradient Norm             1.81e+00
  ==> Abs. Max. Deriv.          6.24e-02
  ==> Time-Grad. (s)              75.064
  ==> Time-Energy (s)             38.737
  ==> Time-Iter. (s)             113.800

--------------------------------------------------------------------------------
CEO-ADAPT-VQE iteration: 206
--------------------------------------------------------------------------------
    gate        derivative      name       op1       op2       op3        g_unscaled   penalty
   94082        0.00035341        om     41678     41680                  0.02155774        61
    1342        0.00035204      a_ia      1342                            0.00070408         2
   91906        0.00033821        om     40118     40119                  0.02265997        67
   96940        0.00033058        om     43663     43665                  0.01487589        45
   76351        0.00033043        op     28254     28255                  0.06245102       189
   28254        0.00032856    a_iajb     28254                            0.06209768       189
   40118        0.00032830    a_iajb     40118                            0.02199620        67
   76352        0.00032669        om     28254     28255                  0.06174434       189
    1313       -0.00032659      a_ia      1313                           -0.00195952         6
    1305       -0.00031894      a_ia      1305                           -0.00063788         2

  ==> Add operator: mvp2 -1: 41678 41680
  ==> Current qubit order: 0  1  4  5  6  7  10  8  9  60  61  2  3  12  13  11  20  21  22  24  14  15  25  32  19  18  26  27  33  36  37  40  41  62  42  43  49  48  65  64  45  38  23  63  50  52  58  55  59  44  75  29  28  56  91  17  16  69  57  90  68  74  39  73  66  67  81  79  70  71  72  51  84  85  31  30  76  77  87  93  35  46  54  34  92  47  53  86  78  80  82  83  88  89  94  95  96  97  98  99  100  101  102  103  


  ==> Energy                -309.050656773
  ==> dE                       -1.32e-04
  ==> Gradient Norm             1.81e+00
  ==> Abs. Max. Deriv.          6.25e-02
  ==> Time-Grad. (s)              74.619
  ==> Time-Energy (s)             37.437
  ==> Time-Iter. (s)             112.056

--------------------------------------------------------------------------------
CEO-ADAPT-VQE iteration: 207
--------------------------------------------------------------------------------
    gate        derivative      name       op1       op2       op3        g_unscaled   penalty
    1490       -0.00071509      a_ia      1490                           -0.00143018         2
    1342        0.00035170      a_ia      1342                            0.00070341         2
   89563        0.00033333        op     38424     38425                  0.02033294        61
   38424        0.00033071    a_iajb     38424                            0.02017303        61
   96940        0.00033057        om     43663     43665                  0.01487556        45
   89564        0.00032808        om     38424     38425                  0.02001313        61
   76351        0.00032697        op     28254     28255                  0.06245086       191
    1313       -0.00032664      a_ia      1313                           -0.00195987         6
   28254        0.00032512    a_iajb     28254                            0.06209752       191
   76352        0.00032327        om     28254     28255                  0.06174419       191

  ==> Tried operator a_ia 1490: gain -2.78e-07 (threshold 7.7e-07), removed and excluded for this stage
  ==> Tried operator a_ia 1342: gain -1.34e-07 (threshold 7.7e-07), removed and excluded for this stage
  ==> Add operator: mvp2 -1: 38424 38425
  ==> Current qubit order: 0  1  4  5  6  7  10  8  9  60  61  2  3  12  13  11  20  21  22  24  14  15  25  32  19  18  26  27  33  36  37  40  41  62  42  43  49  48  65  64  45  38  23  63  50  52  58  55  59  44  75  29  28  56  91  17  16  69  57  90  68  74  39  73  66  67  81  79  70  71  72  51  84  85  76  77  31  30  93  92  87  35  46  54  34  47  53  86  78  80  82  83  88  89  94  95  96  97  98  99  100  101  102  103  


  ==> Energy                -309.050753016
  ==> dE                       -9.62e-05
  ==> Gradient Norm             1.81e+00
  ==> Abs. Max. Deriv.          6.25e-02
  ==> Time-Grad. (s)              74.989
  ==> Time-Energy (s)             80.375
  ==> Time-Iter. (s)             155.364

--------------------------------------------------------------------------------
CEO-ADAPT-VQE iteration: 208
--------------------------------------------------------------------------------
    gate        derivative      name       op1       op2       op3        g_unscaled   penalty
    1378        0.00037298      a_ia      1378                            0.00074596         2
   98165       -0.00035383        op     44677     44678                 -0.01946072        55
   89555        0.00034847        op     38416     38417                  0.02822600        81
   89556        0.00034847        om     38416     38417                  0.02822600        81
   44677       -0.00034707    a_iajb     44677                           -0.01908859        55
   98166       -0.00034030        om     44677     44678                 -0.01871647        55
   90007       -0.00033551        op     38757     38758                 -0.01442704        43
   38757       -0.00033437    a_iajb     38757                           -0.01437806        43
   90008       -0.00033323        om     38757     38758                 -0.01432908        43
   96940        0.00033056        om     43663     43665                  0.01487512        45

  ==> Tried operator a_ia 1378: gain -1.37e-07 (threshold 8.3e-07), removed and excluded for this stage
  ==> Add operator: mvp2 -1: 44677 44678
  ==> Current qubit order: 0  1  4  5  6  7  10  8  9  60  61  2  3  12  13  11  20  21  22  24  14  15  25  32  19  18  26  27  33  36  37  40  41  62  42  43  49  48  65  64  45  38  23  63  50  52  58  55  59  44  75  29  28  56  91  17  16  69  57  90  68  74  39  73  66  67  81  79  70  71  72  51  84  85  76  77  31  30  93  92  87  35  34  46  54  47  83  53  86  78  80  82  88  89  94  95  96  97  98  99  100  101  102  103  


  ==> Energy                -309.050824051
  ==> dE                       -7.10e-05
  ==> Gradient Norm             1.81e+00
  ==> Abs. Max. Deriv.          6.25e-02
  ==> Time-Grad. (s)              75.385
  ==> Time-Energy (s)             62.708
  ==> Time-Iter. (s)             138.094

--------------------------------------------------------------------------------
CEO-ADAPT-VQE iteration: 209
--------------------------------------------------------------------------------
    gate        derivative      name       op1       op2       op3        g_unscaled   penalty
    1885        0.00102143      a_ia      1885                            0.00204286         2
    1378        0.00037264      a_ia      1378                            0.00074528         2
   94076       -0.00035434        om     41675     41677                 -0.01665416        47
   89555        0.00034847        op     38416     38417                  0.02822601        81
   89556        0.00034847        om     38416     38417                  0.02822601        81
   90007       -0.00033557        op     38757     38758                 -0.01442952        43
   38757       -0.00033443    a_iajb     38757                           -0.01438060        43
   90008       -0.00033329        om     38757     38758                 -0.01433168        43
   96940        0.00033052        om     43663     43665                  0.01487344        45
   76351        0.00033044        op     28254     28255                  0.06245325       189

  ==> Add operator: a_ia 1885
  ==> Current qubit order: 0  1  4  5  6  7  10  8  9  60  61  2  3  12  13  11  20  21  22  24  14  15  25  32  19  18  26  27  33  36  37  40  41  62  42  43  49  48  65  64  45  38  23  63  50  52  58  55  59  44  75  29  28  56  91  17  16  69  57  90  68  74  39  73  66  67  81  79  70  71  72  51  84  85  76  77  31  30  93  92  87  35  34  46  54  47  83  53  86  78  80  82  88  89  94  95  96  97  98  99  100  101  102  103  


  ==> Energy                -309.050825065
  ==> dE                       -1.01e-06
  ==> Gradient Norm             1.81e+00
  ==> Abs. Max. Deriv.          6.25e-02
  ==> Time-Grad. (s)              75.724
  ==> Time-Energy (s)             22.849
  ==> Time-Iter. (s)              98.572

--------------------------------------------------------------------------------
CEO-ADAPT-VQE iteration: 210
--------------------------------------------------------------------------------
    gate        derivative      name       op1       op2       op3        g_unscaled   penalty
    1378        0.00037016      a_ia      1378                            0.00074031         2
   94076       -0.00035434        om     41675     41677                 -0.01665400        47
   89555        0.00034847        op     38416     38417                  0.02822601        81
   89556        0.00034847        om     38416     38417                  0.02822601        81
   90007       -0.00033557        op     38757     38758                 -0.01442952        43
   38757       -0.00033443    a_iajb     38757                           -0.01438061        43
   90008       -0.00033330        om     38757     38758                 -0.01433170        43
   96940        0.00033052        om     43663     43665                  0.01487328        45
   76351        0.00033044        op     28254     28255                  0.06245336       189
   28254        0.00032857    a_iajb     28254                            0.06210015       189

  ==> Add operator: mvp2 -1: 41675 41677
  ==> Current qubit order: 0  1  4  5  6  7  10  8  9  60  61  2  3  12  13  11  20  21  22  24  14  15  25  32  19  18  26  27  33  36  37  40  41  62  42  43  49  48  65  64  45  38  23  63  50  52  58  55  59  44  75  29  28  56  91  17  16  69  57  90  68  74  39  73  66  67  81  79  70  71  72  51  84  85  76  77  31  30  93  92  87  35  34  46  54  86  47  83  53  78  80  82  88  89  94  95  96  97  98  99  100  101  102  103  


  ==> Energy                -309.050905883
  ==> dE                       -8.08e-05
  ==> Gradient Norm             1.81e+00
  ==> Abs. Max. Deriv.          6.25e-02
  ==> Time-Grad. (s)              75.505
  ==> Time-Energy (s)             39.553
  ==> Time-Iter. (s)             115.058

--------------------------------------------------------------------------------
CEO-ADAPT-VQE iteration: 211
--------------------------------------------------------------------------------
    gate        derivative      name       op1       op2       op3        g_unscaled   penalty
    1378        0.00037259      a_ia      1378                            0.00074518         2
    2067       -0.00037107      a_ia      2067                           -0.00074214         2
   89555        0.00034847        op     38416     38417                  0.02822602        81
   89556        0.00034847        om     38416     38417                  0.02822602        81
   90007       -0.00033559        op     38757     38758                 -0.01443055        43
   38757       -0.00033447    a_iajb     38757                           -0.01438201        43
   90008       -0.00033334        om     38757     38758                 -0.01433347        43
   96940        0.00033048        om     43663     43665                  0.01487165        45
    1305       -0.00032731      a_ia      1305                           -0.00065461         2
   76351        0.00032698        op     28254     28255                  0.06245324       191

  ==> Add operator: a_ia 2067
  ==> Current qubit order: 0  1  4  5  6  7  10  8  9  60  61  2  3  12  13  11  20  21  22  24  14  15  25  32  19  18  26  27  33  36  37  40  41  62  42  43  49  48  65  64  45  38  23  63  50  52  58  55  59  44  75  29  28  56  91  17  16  69  57  90  68  74  39  73  66  67  81  79  70  71  72  51  84  85  76  77  31  30  93  92  87  35  34  46  54  86  47  83  53  78  80  82  88  89  94  95  96  97  98  99  100  101  102  103  


  ==> Energy                -309.050910419
  ==> dE                       -4.54e-06
  ==> Gradient Norm             1.81e+00
  ==> Abs. Max. Deriv.          6.25e-02
  ==> Time-Grad. (s)              75.531
  ==> Time-Energy (s)             19.657
  ==> Time-Iter. (s)              95.188

--------------------------------------------------------------------------------
CEO-ADAPT-VQE iteration: 212
--------------------------------------------------------------------------------
    gate        derivative      name       op1       op2       op3        g_unscaled   penalty
    1378        0.00037277      a_ia      1378                            0.00074554         2
   89555        0.00034847        op     38416     38417                  0.02822602        81
   89556        0.00034847        om     38416     38417                  0.02822602        81
   90007       -0.00033559        op     38757     38758                 -0.01443043        43
   38757       -0.00033446    a_iajb     38757                           -0.01438192        43
   90008       -0.00033333        om     38757     38758                 -0.01433340        43
   96940        0.00033048        om     43663     43665                  0.01487157        45
    1305       -0.00032744      a_ia      1305                           -0.00065488         2
   76351        0.00032698        op     28254     28255                  0.06245336       191
    1313       -0.00032541      a_ia      1313                           -0.00195246         6

  ==> Add operator: op -1: 38416 38417
  ==> Current qubit order: 0  1  4  5  6  7  10  8  9  60  61  2  3  12  13  11  20  21  22  24  14  15  25  32  19  18  26  27  33  36  37  40  41  62  42  43  49  48  65  64  45  38  23  63  50  52  58  55  59  44  75  29  28  56  91  17  16  69  57  90  68  74  39  73  66  67  81  79  70  71  72  51  84  85  76  77  93  92  87  35  34  46  31  30  88  89  54  86  47  83  53  78  80  82  94  95  96  97  98  99  100  101  102  103  


  ==> Energy                -309.050976276
  ==> dE                       -6.59e-05
  ==> Gradient Norm             1.81e+00
  ==> Abs. Max. Deriv.          6.25e-02
  ==> Time-Grad. (s)              76.025
  ==> Time-Energy (s)             21.211
  ==> Time-Iter. (s)              97.236

--------------------------------------------------------------------------------
CEO-ADAPT-VQE iteration: 213
--------------------------------------------------------------------------------
    gate        derivative      name       op1       op2       op3        g_unscaled   penalty
   91846       -0.00045038        om     40058     40059                 -0.02206885        49
   90260        0.00044298        om     38909     38911                  0.01993411        45
   40058       -0.00040158    a_iajb     40058                           -0.01967718        49
   90255        0.00038340        op     38909     38910                  0.01725297        45
   38909        0.00038312    a_iajb     38909                            0.01724029        45
   90256        0.00038284        om     38909     38910                  0.01722760        45
    1348       -0.00037351      a_ia      1348                           -0.00074703         2
   91845       -0.00035277        op     40058     40059                 -0.01728551        49
   96940        0.00033048        om     43663     43665                  0.01487152        45
    1305       -0.00032745      a_ia      1305                           -0.00065491         2

  ==> Add operator: mvp2 -1: 40058 40059
  ==> Current qubit order: 0  1  4  5  6  7  10  8  9  60  61  2  3  12  13  11  20  21  22  24  14  15  25  32  19  18  26  27  33  36  37  40  41  62  42  43  49  48  65  64  45  38  23  63  50  52  58  55  59  44  75  29  28  56  91  17  16  69  57  90  68  74  39  73  66  67  81  79  70  71  72  51  84  85  76  77  93  92  87  35  34  30  46  31  89  54  88  86  47  83  53  78  80  82  94  95  96  97  98  99  100  101  102  103  


  ==> Energy                -309.051103179
  ==> dE                       -1.27e-04
  ==> Gradient Norm             1.81e+00
  ==> Abs. Max. Deriv.          6.25e-02
  ==> Time-Grad. (s)              75.615
  ==> Time-Energy (s)             38.000
  ==> Time-Iter. (s)             113.615

--------------------------------------------------------------------------------
CEO-ADAPT-VQE iteration: 214
--------------------------------------------------------------------------------
    gate        derivative      name       op1       op2       op3        g_unscaled   penalty
    1384       -0.00061157      a_ia      1384                           -0.00122314         2
   90260        0.00042774        om     38909     38911                  0.02095925        49
   90255        0.00037146        op     38909     38910                  0.01820154        49
   38909        0.00037120    a_iajb     38909                            0.01818886        49
   90256        0.00037094        om     38909     38910                  0.01817617        49
   89511       -0.00033835        op     38372     38373                 -0.01928620        57
   38372       -0.00033430    a_iajb     38372                           -0.01905483        57
   96940        0.00033041        om     43663     43665                  0.01486830        45
   89512       -0.00033024        om     38372     38373                 -0.01882347        57
    1305       -0.00032764      a_ia      1305                           -0.00065528         2

  ==> Tried operator a_ia 1384: gain -1.68e-07 (threshold 9.2e-07), removed and excluded for this stage
  ==> Add operator: mvp2 -1: 38909 38911
  ==> Current qubit order: 0  1  4  5  6  7  10  8  9  60  61  2  3  12  13  11  20  21  22  24  14  15  25  32  19  18  26  27  33  36  37  40  41  62  42  43  49  48  65  64  45  38  23  63  50  52  58  55  59  44  75  29  28  56  91  17  16  69  57  90  68  74  39  73  66  67  81  79  70  71  72  51  84  85  76  77  93  92  87  35  34  31  30  46  54  88  89  86  47  83  53  78  80  82  94  95  96  97  98  99  100  101  102  103  


  ==> Energy                -309.051248778
  ==> dE                       -1.46e-04
  ==> Gradient Norm             1.81e+00
  ==> Abs. Max. Deriv.          6.25e-02
  ==> Time-Grad. (s)              75.949
  ==> Time-Energy (s)             67.857
  ==> Time-Iter. (s)             143.806

--------------------------------------------------------------------------------
CEO-ADAPT-VQE iteration: 215
--------------------------------------------------------------------------------
    gate        derivative      name       op1       op2       op3        g_unscaled   penalty
   96940        0.00033028        om     43663     43665                  0.01486282        45
    1305       -0.00032621      a_ia      1305                           -0.00065242         2
    1313       -0.00032502      a_ia      1313                           -0.00195011         6
   90242       -0.00032172        om     38900     38902                 -0.01769474        55
   96935        0.00031764        op     43663     43664                  0.01429373        45
   50811        0.00031325        op      7010      7011                  0.01409646        45
   50812        0.00031325        om      7010      7011                  0.01409646        45
    1071        0.00031276      a_ia      1071                            0.00062553         2
   76351        0.00030765        op     28254     28255                  0.06245318       203
   43663        0.00030692    a_iajb     43663                            0.01381137        45

  ==> Add operator: mvp3 -1: 43663 43664 43665
  ==> Current qubit order: 0  1  4  5  6  7  10  8  9  60  61  2  3  12  13  11  20  21  22  24  14  15  25  32  19  18  26  27  33  36  37  40  41  62  42  43  49  48  65  64  45  23  63  38  50  52  58  55  59  44  75  29  28  56  91  17  16  69  57  90  68  74  39  73  66  67  81  79  70  71  72  51  84  85  76  77  93  92  87  35  34  31  30  46  54  88  89  86  47  83  53  78  80  82  94  95  96  97  98  99  100  101  102  103  


  ==> Energy                -309.051332850
  ==> dE                       -8.41e-05
  ==> Gradient Norm             1.80e+00
  ==> Abs. Max. Deriv.          6.25e-02
  ==> Time-Grad. (s)              75.901
  ==> Time-Energy (s)             60.208
  ==> Time-Iter. (s)             136.109

--------------------------------------------------------------------------------
CEO-ADAPT-VQE iteration: 216
--------------------------------------------------------------------------------
    gate        derivative      name       op1       op2       op3        g_unscaled   penalty
    2004        0.00044271      a_ia      2004                            0.00088542         2
    1062       -0.00035656      a_ia      1062                           -0.00071313         2
    1305       -0.00032844      a_ia      1305                           -0.00065687         2
    1313       -0.00032475      a_ia      1313                           -0.00194847         6
   90242       -0.00032169        om     38900     38902                 -0.01769316        55
   76351        0.00031644        op     28254     28255                  0.06233775       197
   28254        0.00031464    a_iajb     28254                            0.06198409       197
   50811        0.00031325        op      7010      7011                  0.01409646        45
   50812        0.00031325        om      7010      7011                  0.01409646        45
   76352        0.00031284        om     28254     28255                  0.06163044       197

  ==> Add operator: a_ia 2004
  ==> Current qubit order: 0  1  4  5  6  7  10  8  9  60  61  2  3  12  13  11  20  21  22  24  14  15  25  32  19  18  26  27  33  36  37  40  41  62  42  43  49  48  65  64  45  23  63  38  50  52  58  55  59  44  75  29  28  56  91  17  16  69  57  90  68  74  39  73  66  67  81  79  70  71  72  51  84  85  76  77  93  92  87  35  34  31  30  46  54  88  89  86  47  83  53  78  80  82  94  95  96  97  98  99  100  101  102  103  


  ==> Energy                -309.051339036
  ==> dE                       -6.19e-06
  ==> Gradient Norm             1.80e+00
  ==> Abs. Max. Deriv.          6.23e-02
  ==> Time-Grad. (s)              76.403
  ==> Time-Energy (s)             19.149
  ==> Time-Iter. (s)              95.552

--------------------------------------------------------------------------------
CEO-ADAPT-VQE iteration: 217
--------------------------------------------------------------------------------
    gate        derivative      name       op1       op2       op3        g_unscaled   penalty
    1062       -0.00035976      a_ia      1062                           -0.00071953         2
    1305       -0.00032826      a_ia      1305                           -0.00065652         2
    1313       -0.00032472      a_ia      1313                           -0.00194830         6
   90242       -0.00032168        om     38900     38902                 -0.01769220        55
   76351        0.00031675        op     28254     28255                  0.06240066       197
   28254        0.00031496    a_iajb     28254                            0.06204726       197
   50811        0.00031325        op      7010      7011                  0.01409647        45
   50812        0.00031325        om      7010      7011                  0.01409647        45
   76352        0.00031317        om     28254     28255                  0.06169385       197
    1071        0.00031224      a_ia      1071                            0.00062449         2

  ==> Add operator: a_ia 1062
  ==> Current qubit order: 0  1  4  5  6  7  10  8  9  60  61  2  3  12  13  11  20  21  22  24  14  15  25  32  19  18  26  27  33  36  37  40  41  62  42  43  49  48  65  64  45  23  63  38  50  52  58  55  59  44  75  29  28  56  91  17  16  69  57  90  68  74  39  73  66  67  81  79  70  71  72  51  84  85  76  77  93  92  87  35  34  31  30  46  54  88  89  86  47  83  53  78  80  82  94  95  96  97  98  99  100  101  102  103  


  ==> Energy                -309.051396534
  ==> dE                       -5.75e-05
  ==> Gradient Norm             1.80e+00
  ==> Abs. Max. Deriv.          6.24e-02
  ==> Time-Grad. (s)              76.461
  ==> Time-Energy (s)             22.722
  ==> Time-Iter. (s)              99.183

--------------------------------------------------------------------------------
CEO-ADAPT-VQE iteration: 218
--------------------------------------------------------------------------------
    gate        derivative      name       op1       op2       op3        g_unscaled   penalty
    1313       -0.00032674      a_ia      1313                           -0.00196046         6
   90242       -0.00032167        om     38900     38902                 -0.01769171        55
    1305       -0.00031868      a_ia      1305                           -0.00063736         2
   76351        0.00031741        op     28254     28255                  0.06253033       197
   28254        0.00031570    a_iajb     28254                            0.06219376       197
   76352        0.00031400        om     28254     28255                  0.06185720       197
   50811        0.00031326        op      7010      7011                  0.01409648        45
   50812        0.00031326        om      7010      7011                  0.01409648        45
    1071        0.00031119      a_ia      1071                            0.00062239         2
   89511       -0.00030618        op     38372     38373                 -0.01928944        63

  ==> Add operator: mvp3 -1: 38900 38901 38902
  ==> Current qubit order: 0  1  4  5  6  7  10  8  9  60  61  2  3  12  13  11  20  21  22  24  14  15  25  32  19  18  26  27  33  36  37  40  41  62  42  43  49  48  65  64  45  23  63  38  50  52  58  55  59  44  75  29  28  56  91  17  16  69  57  90  68  74  39  73  66  67  81  79  70  71  72  51  84  85  76  77  93  92  87  35  34  31  30  46  54  80  88  89  86  47  83  53  78  82  94  95  96  97  98  99  100  101  102  103  


  ==> Energy                -309.051630497
  ==> dE                       -2.34e-04
  ==> Gradient Norm             1.80e+00
  ==> Abs. Max. Deriv.          6.25e-02
  ==> Time-Grad. (s)              76.927
  ==> Time-Energy (s)            470.165
  ==> Time-Iter. (s)             547.092

--------------------------------------------------------------------------------
CEO-ADAPT-VQE iteration: 219
--------------------------------------------------------------------------------
    gate        derivative      name       op1       op2       op3        g_unscaled   penalty
    1856        0.00066695      a_ia      1856                            0.00266779         4
    2064       -0.00055362      a_ia      2064                           -0.00110724         2
    1313       -0.00033158      a_ia      1313                           -0.00198949         6
   89511       -0.00032223        op     38372     38373                 -0.01643366        51
   38372       -0.00032205    a_iajb     38372                           -0.01642435        51
   89512       -0.00032186        om     38372     38373                 -0.01641505        51
    1490       -0.00031385      a_ia      1490                           -0.00188307         6
   50811        0.00031292        op      7010      7011                  0.01408136        45
   50812        0.00031292        om      7010      7011                  0.01408136        45
   47395        0.00030513        op      3897      3898                  0.01251018        41

  ==> Add operator: a_ia 1856
  ==> Current qubit order: 0  1  4  5  6  7  10  8  9  60  61  2  3  12  13  11  20  21  22  24  14  15  25  32  19  18  26  27  33  36  37  40  41  62  42  43  49  48  65  64  45  23  63  38  50  52  58  55  59  44  75  29  28  56  91  17  16  69  57  90  68  74  39  73  66  67  81  79  70  71  72  51  84  85  76  77  93  92  87  35  34  31  30  54  46  80  88  89  86  47  83  53  78  82  94  95  96  97  98  99  100  101  102  103  


  ==> Energy                -309.051632202
  ==> dE                       -1.70e-06
  ==> Gradient Norm             1.80e+00
  ==> Abs. Max. Deriv.          6.29e-02
  ==> Time-Grad. (s)              77.892
  ==> Time-Energy (s)             24.357
  ==> Time-Iter. (s)             102.249

--------------------------------------------------------------------------------
CEO-ADAPT-VQE iteration: 220
--------------------------------------------------------------------------------
    gate        derivative      name       op1       op2       op3        g_unscaled   penalty
   89511       -0.00032225        op     38372     38373                 -0.01643476        51
   38372       -0.00032207    a_iajb     38372                           -0.01642544        51
   89512       -0.00032188        om     38372     38373                 -0.01641611        51
    1313       -0.00032187      a_ia      1313                           -0.00193124         6
   50811        0.00031292        op      7010      7011                  0.01408136        45
   50812        0.00031292        om      7010      7011                  0.01408136        45
    1490       -0.00030824      a_ia      1490                           -0.00184945         6
   47395        0.00030513        op      3897      3898                  0.01251052        41
    3897        0.00030513    a_iajb      3897                            0.01251019        41
   47396        0.00030512        om      3897      3898                  0.01250986        41

  ==> Add operator: op -1: 38372 38373
  ==> Current qubit order: 0  1  4  5  6  7  10  8  9  60  61  2  3  12  13  11  20  21  22  24  14  15  25  32  19  18  26  27  33  36  37  40  41  62  42  43  49  48  65  64  45  23  63  38  50  52  58  55  59  44  75  29  28  56  91  17  16  69  57  90  68  74  39  73  66  67  81  79  70  71  72  51  84  85  76  77  93  92  87  35  34  54  46  31  30  80  89  88  86  47  83  53  78  82  94  95  96  97  98  99  100  101  102  103  


  ==> Energy                -309.051656851
  ==> dE                       -2.46e-05
  ==> Gradient Norm             1.80e+00
  ==> Abs. Max. Deriv.          6.29e-02
  ==> Time-Grad. (s)              77.921
  ==> Time-Energy (s)             21.609
  ==> Time-Iter. (s)              99.530

--------------------------------------------------------------------------------
CEO-ADAPT-VQE iteration: 221
--------------------------------------------------------------------------------
    gate        derivative      name       op1       op2       op3        g_unscaled   penalty
    1344       -0.00046563      a_ia      1344                           -0.00093127         2
    1313       -0.00032183      a_ia      1313                           -0.00193098         6
   50811        0.00031292        op      7010      7011                  0.01408146        45
   50812        0.00031292        om      7010      7011                  0.01408146        45
    1490       -0.00030824      a_ia      1490                           -0.00184942         6
   47395        0.00030513        op      3897      3898                  0.01251049        41
    3897        0.00030513    a_iajb      3897                            0.01251016        41
   47396        0.00030512        om      3897      3898                  0.01250983        41
   76351        0.00030363        op     28254     28255                  0.06285102       207
   28254        0.00030193    a_iajb     28254                            0.06249944       207

  ==> Tried operator a_ia 1344: gain -2.89e-07 (threshold 8.0e-07), removed and excluded for this stage
  ==> Add operator: op -1: 7010 7011
  ==> Current qubit order: 0  1  6  7  4  5  60  61  10  8  9  2  3  12  13  11  20  21  22  24  14  15  25  32  19  18  26  27  33  36  37  40  41  62  42  43  49  48  65  64  45  23  63  38  50  52  58  55  59  44  75  29  28  56  91  17  16  69  57  90  68  74  39  73  66  67  81  79  70  71  72  51  84  85  76  77  93  92  87  35  34  54  46  31  30  80  89  88  86  47  83  53  78  82  94  95  96  97  98  99  100  101  102  103  


  ==> Energy                -309.051674830
  ==> dE                       -1.80e-05
  ==> Gradient Norm             1.80e+00
  ==> Abs. Max. Deriv.          6.29e-02
  ==> Time-Grad. (s)              77.757
  ==> Time-Energy (s)             45.955
  ==> Time-Iter. (s)             123.712

--------------------------------------------------------------------------------
CEO-ADAPT-VQE iteration: 222
--------------------------------------------------------------------------------
    gate        derivative      name       op1       op2       op3        g_unscaled   penalty
    1344       -0.00046566      a_ia      1344                           -0.00093132         2
   50863        0.00042690        op      7062      7063                  0.01237997        29
   50864        0.00042690        om      7062      7063                  0.01237997        29
   51987        0.00042688        op      8075      8076                  0.01237958        29
   51988        0.00042688        om      8075      8076                  0.01237958        29
    1313       -0.00032181      a_ia      1313                           -0.00193086         6
    1490       -0.00030820      a_ia      1490                           -0.00184919         6
   53113        0.00030378        op      9090      9091                  0.01002485        33
   53114        0.00030378        om      9090      9091                  0.01002485        33
   76351        0.00030363        op     28254     28255                  0.06285105       207

  ==> Add operator: op -1: 7062 7063
  ==> Current qubit order: 0  1  6  7  4  60  61  5  10  8  9  2  3  12  13  11  20  21  22  24  14  15  25  32  19  18  26  27  33  36  37  40  41  62  42  43  49  48  65  64  45  23  63  38  50  52  58  55  59  44  75  29  28  56  91  17  16  69  57  90  68  74  39  73  66  67  81  79  70  71  72  51  84  85  76  77  93  92  87  35  34  54  46  31  30  80  89  88  86  47  83  53  78  82  94  95  96  97  98  99  100  101  102  103  


  ==> Energy                -309.051688576
  ==> dE                       -1.37e-05
  ==> Gradient Norm             1.80e+00
  ==> Abs. Max. Deriv.          6.29e-02
  ==> Time-Grad. (s)              77.748
  ==> Time-Energy (s)             25.409
  ==> Time-Iter. (s)             103.157

--------------------------------------------------------------------------------
CEO-ADAPT-VQE iteration: 223
--------------------------------------------------------------------------------
    gate        derivative      name       op1       op2       op3        g_unscaled   penalty
    1344       -0.00046578      a_ia      1344                           -0.00093156         2
   53113        0.00037303        op      9090      9091                  0.01081775        29
   53114        0.00037303        om      9090      9091                  0.01081775        29
     278        0.00035363      a_ia       278                            0.00070726         2
    1313       -0.00032182      a_ia      1313                           -0.00193092         6
    1490       -0.00030817      a_ia      1490                           -0.00184901         6
     229        0.00030580      a_ia       229                            0.00061160         2
   76351        0.00030363        op     28254     28255                  0.06285105       207
   28254        0.00030193    a_iajb     28254                            0.06249947       207
    1071        0.00030192      a_ia      1071                            0.00060385         2

  ==> Add operator: op -1: 9090 9091
  ==> Current qubit order: 0  1  6  7  60  61  4  5  10  8  9  2  3  12  13  11  20  21  22  24  14  15  25  32  19  18  26  27  33  36  37  40  41  62  42  43  49  48  65  64  45  23  63  38  50  52  58  55  59  44  75  29  28  56  91  17  16  69  57  90  68  74  39  73  66  67  81  79  70  71  72  51  84  85  76  77  93  92  87  35  34  54  46  31  30  80  89  88  86  47  83  53  78  82  94  95  96  97  98  99  100  101  102  103  


  ==> Energy                -309.051698980
  ==> dE                       -1.04e-05
  ==> Gradient Norm             1.80e+00
  ==> Abs. Max. Deriv.          6.29e-02
  ==> Time-Grad. (s)              77.550
  ==> Time-Energy (s)             21.232
  ==> Time-Iter. (s)              98.783

--------------------------------------------------------------------------------
CEO-ADAPT-VQE iteration: 224
--------------------------------------------------------------------------------
    gate        derivative      name       op1       op2       op3        g_unscaled   penalty
    1344       -0.00046581      a_ia      1344                           -0.00093163         2
    1313       -0.00032182      a_ia      1313                           -0.00193094         6
    1490       -0.00030813      a_ia      1490                           -0.00184877         6
   76351        0.00030363        op     28254     28255                  0.06285105       207
   28254        0.00030193    a_iajb     28254                            0.06249947       207
    1071        0.00030191      a_ia      1071                            0.00060383         2
   91981       -0.00030054        op     40194     40195                 -0.01352435        45
   76352        0.00030023        om     28254     28255                  0.06214789       207
   40194       -0.00029535    a_iajb     40194                           -0.01329068        45
   67338       -0.00029408        om     21064     21065                 -0.01264548        43

  ==> Add operator: mvp2 -1: 28254 28255
  ==> Current qubit order: 0  1  6  7  60  61  4  5  10  8  9  2  3  12  13  11  20  21  24  14  15  25  32  19  18  26  27  33  36  37  40  41  62  42  43  49  48  65  64  45  63  38  50  58  55  59  44  75  22  23  52  53  29  28  56  91  17  16  69  57  90  68  74  39  73  66  67  81  79  70  71  72  51  84  85  76  77  93  92  87  35  34  54  46  31  30  80  89  88  86  47  83  78  82  94  95  96  97  98  99  100  101  102  103  


  ==> Energy                -309.052916297
  ==> dE                       -1.22e-03
  ==> Gradient Norm             1.80e+00
  ==> Abs. Max. Deriv.          6.29e-02
  ==> Time-Grad. (s)              77.780
  ==> Time-Energy (s)             42.289
  ==> Time-Iter. (s)             120.069

--------------------------------------------------------------------------------
CEO-ADAPT-VQE iteration: 225
--------------------------------------------------------------------------------
    gate        derivative      name       op1       op2       op3        g_unscaled   penalty
    1066        0.00105512      a_ia      1066                            0.00422049         4
    1344       -0.00047018      a_ia      1344                           -0.00094035         2
   76405        0.00042104        op     28308     28309                  0.02147294        51
   28308        0.00042033    a_iajb     28308                            0.02143678        51
   76406        0.00041962        om     28308     28309                  0.02140062        51
    2027       -0.00041129      a_ia      2027                           -0.00575812        14
   67314        0.00034884        om     21040     21041                  0.01988391        57
   21040        0.00034748    a_iajb     21040                            0.01980664        57
   67313        0.00034613        op     21040     21041                  0.01972936        57
    1025        0.00032418      a_ia      1025                            0.00389015        12

  ==> Add operator: a_ia 1066
  ==> Current qubit order: 0  1  6  7  60  61  4  5  10  8  9  2  3  12  13  11  20  21  24  14  15  25  32  19  18  26  27  33  36  37  40  41  62  42  43  49  48  65  64  45  63  38  50  58  55  59  44  75  22  52  23  53  29  28  56  91  17  16  69  57  90  68  74  39  73  66  67  81  79  70  71  72  51  84  85  76  77  93  92  87  35  34  54  46  31  30  80  89  88  86  47  83  78  82  94  95  96  97  98  99  100  101  102  103  


  ==> Energy                -309.052925094
  ==> dE                       -8.80e-06
  ==> Gradient Norm             1.80e+00
  ==> Abs. Max. Deriv.          4.61e-02
  ==> Time-Grad. (s)              77.306
  ==> Time-Energy (s)             21.204
  ==> Time-Iter. (s)              98.510

--------------------------------------------------------------------------------
CEO-ADAPT-VQE iteration: 226
--------------------------------------------------------------------------------
    gate        derivative      name       op1       op2       op3        g_unscaled   penalty
    1344       -0.00048218      a_ia      1344                           -0.00096435         2
    2027       -0.00041104      a_ia      2027                           -0.00575456        14
   76405        0.00040685        op     28308     28309                  0.02156309        53
   28308        0.00040616    a_iajb     28308                            0.02152636        53
   76406        0.00040546        om     28308     28309                  0.02148963        53
   67314        0.00033740        om     21040     21041                  0.01990680        59
   21040        0.00033610    a_iajb     21040                            0.01982964        59
   67313        0.00033479        op     21040     21041                  0.01975248        59
    1313       -0.00032975      a_ia      1313                           -0.00197851         6
    1025        0.00032428      a_ia      1025                            0.00389133        12

  ==> Add operator: a_ia 2027
  ==> Current qubit order: 0  1  6  7  60  61  4  5  10  8  9  2  3  12  13  11  20  21  24  14  15  25  32  19  18  26  27  33  36  37  40  41  62  42  43  49  48  65  64  45  63  38  50  58  59  44  75  22  52  23  55  53  29  28  56  91  17  16  69  57  90  68  74  39  73  66  67  81  79  70  71  72  51  84  85  76  77  93  92  87  35  34  54  46  31  30  80  89  88  86  47  83  78  82  94  95  96  97  98  99  100  101  102  103  


  ==> Energy                -309.053166421
  ==> dE                       -2.41e-04
  ==> Gradient Norm             1.80e+00
  ==> Abs. Max. Deriv.          4.61e-02
  ==> Time-Grad. (s)              77.876
  ==> Time-Energy (s)             21.930
  ==> Time-Iter. (s)              99.806

--------------------------------------------------------------------------------
CEO-ADAPT-VQE iteration: 227
--------------------------------------------------------------------------------
    gate        derivative      name       op1       op2       op3        g_unscaled   penalty
    1344       -0.00045349      a_ia      1344                           -0.00090698         2
   76405        0.00042478        op     28308     28309                  0.02166377        51
   28308        0.00042404    a_iajb     28308                            0.02162616        51
   76406        0.00042330        om     28308     28309                  0.02158855        51
    1313       -0.00033948      a_ia      1313                           -0.00203689         6
    1025        0.00033458      a_ia      1025                            0.00334575        10
   67314        0.00032620        om     21040     21041                  0.01989849        61
   21040        0.00032492    a_iajb     21040                            0.01982037        61
   67313        0.00032364        op     21040     21041                  0.01974224        61
    1490       -0.00032172      a_ia      1490                           -0.00193033         6

  ==> Add operator: op -1: 28308 28309
  ==> Current qubit order: 0  1  6  7  60  61  4  5  10  8  9  2  3  12  13  11  20  21  24  14  15  25  32  19  18  26  27  33  36  37  40  41  62  42  43  49  48  65  64  45  63  38  50  44  75  58  59  22  23  52  55  53  29  28  56  91  17  16  69  57  90  68  74  39  73  66  67  81  79  70  71  72  51  84  85  76  77  93  92  87  35  34  54  46  31  30  80  89  88  86  47  83  78  82  94  95  96  97  98  99  100  101  102  103  


  ==> Energy                -309.053229390
  ==> dE                       -6.30e-05
  ==> Gradient Norm             1.80e+00
  ==> Abs. Max. Deriv.          4.62e-02
  ==> Time-Grad. (s)              77.830
  ==> Time-Energy (s)             24.222
  ==> Time-Iter. (s)             102.052

--------------------------------------------------------------------------------
CEO-ADAPT-VQE iteration: 228
--------------------------------------------------------------------------------
    gate        derivative      name       op1       op2       op3        g_unscaled   penalty
    1784       -0.00090793      a_ia      1784                           -0.00181587         2
    1344       -0.00045298      a_ia      1344                           -0.00090597         2
    1313       -0.00033970      a_ia      1313                           -0.00203822         6
   67314        0.00033730        om     21040     21041                  0.01990048        59
   21040        0.00033597    a_iajb     21040                            0.01982236        59
   67313        0.00033465        op     21040     21041                  0.01974423        59
    1490       -0.00032174      a_ia      1490                           -0.00193046         6
    1025        0.00031786      a_ia      1025                            0.00317863        10
   78667        0.00031777        op     29997     29998                  0.01557061        49
   77610       -0.00031582        om     29209     29210                 -0.04579372       145

  ==> Add operator: a_ia 1784
  ==> Current qubit order: 0  1  6  7  60  61  4  5  10  8  9  2  3  12  13  11  20  21  24  14  15  25  32  19  18  26  27  33  36  37  40  41  62  42  43  49  48  65  64  45  63  38  50  44  75  58  59  22  23  52  55  53  29  28  56  91  17  16  69  57  90  68  74  39  73  66  67  81  79  70  71  72  51  84  85  76  77  93  92  87  35  34  54  46  31  30  80  89  88  86  47  83  78  82  94  95  96  97  98  99  100  101  102  103  


  ==> Energy                -309.053259336
  ==> dE                       -2.99e-05
  ==> Gradient Norm             1.80e+00
  ==> Abs. Max. Deriv.          4.62e-02
  ==> Time-Grad. (s)              77.883
  ==> Time-Energy (s)             19.927
  ==> Time-Iter. (s)              97.810

--------------------------------------------------------------------------------
CEO-ADAPT-VQE iteration: 229
--------------------------------------------------------------------------------
    gate        derivative      name       op1       op2       op3        g_unscaled   penalty
    1344       -0.00045704      a_ia      1344                           -0.00091409         2
    1313       -0.00033932      a_ia      1313                           -0.00203592         6
   67314        0.00033729        om     21040     21041                  0.01990038        59
   21040        0.00033597    a_iajb     21040                            0.01982221        59
   67313        0.00033464        op     21040     21041                  0.01974404        59
    1490       -0.00032147      a_ia      1490                           -0.00192881         6
   77610       -0.00031609        om     29209     29210                 -0.04583339       145
   29209       -0.00031362    a_iajb     29209                           -0.04547508       145
    1025        0.00031270      a_ia      1025                            0.00312696        10
   77609       -0.00031115        op     29209     29210                 -0.04511678       145

  ==> Add operator: mvp2 -1: 21040 21041
  ==> Current qubit order: 0  1  6  7  60  61  4  5  10  8  9  2  3  12  13  11  20  21  24  14  15  25  32  19  18  26  27  33  36  37  40  41  62  42  43  49  48  65  64  45  63  38  50  44  75  58  59  22  23  55  29  52  53  17  16  28  56  91  69  57  90  68  74  39  73  66  67  81  79  70  71  72  51  84  85  76  77  93  92  87  35  34  54  46  31  30  80  89  88  86  47  83  78  82  94  95  96  97  98  99  100  101  102  103  


  ==> Energy                -309.053352352
  ==> dE                       -9.30e-05
  ==> Gradient Norm             1.80e+00
  ==> Abs. Max. Deriv.          4.63e-02
  ==> Time-Grad. (s)              77.606
  ==> Time-Energy (s)             45.545
  ==> Time-Iter. (s)             123.151

--------------------------------------------------------------------------------
CEO-ADAPT-VQE iteration: 230
--------------------------------------------------------------------------------
    gate        derivative      name       op1       op2       op3        g_unscaled   penalty
    1344       -0.00045750      a_ia      1344                           -0.00091501         2
    1490       -0.00032149      a_ia      1490                           -0.00192894         6
   77610       -0.00032061        om     29209     29210                 -0.04584657       143
   29209       -0.00031805    a_iajb     29209                           -0.04548049       143
   77609       -0.00031549        op     29209     29210                 -0.04511442       143
    1025        0.00031299      a_ia      1025                            0.00312995        10
   91981       -0.00030067        op     40194     40195                 -0.01353020        45
   80840        0.00029625        om     31788     31789                  0.02221870        75
   31788        0.00029625    a_iajb     31788                            0.02221870        75
   80839        0.00029625        op     31788     31789                  0.02221870        75

  ==> Add operator: mvp2 -1: 29209 29210
  ==> Current qubit order: 0  1  6  7  60  61  4  5  10  8  9  2  3  12  13  11  20  21  24  14  15  25  32  19  18  26  27  33  36  37  40  41  62  42  43  49  48  65  64  45  63  38  50  44  75  58  59  23  55  29  52  17  16  28  56  91  69  57  90  68  74  22  53  51  54  39  73  66  67  81  79  70  71  72  84  85  76  77  93  92  87  35  34  46  31  30  80  89  88  86  47  83  78  82  94  95  96  97  98  99  100  101  102  103  


  ==> Energy                -309.053990029
  ==> dE                       -6.38e-04
  ==> Gradient Norm             1.80e+00
  ==> Abs. Max. Deriv.          4.63e-02
  ==> Time-Grad. (s)              78.417
  ==> Time-Energy (s)             45.461
  ==> Time-Iter. (s)             123.878

--------------------------------------------------------------------------------
CEO-ADAPT-VQE iteration: 231
--------------------------------------------------------------------------------
    gate        derivative      name       op1       op2       op3        g_unscaled   penalty
    1986       -0.00049361      a_ia      1986                           -0.00296166         6
    1344       -0.00046630      a_ia      1344                           -0.00093261         2
    1634        0.00037740      a_ia      1634                            0.00226441         6
   86555        0.00033937        op     36097     36098                  0.01934394        57
   78878       -0.00033720        om     30186     30187                 -0.03608093       107
   30186       -0.00033675    a_iajb     30186                           -0.03603246       107
   78877       -0.00033630        op     30186     30187                 -0.03598399       107
    1027       -0.00032699      a_ia      1027                           -0.00196196         6
    1490       -0.00032164      a_ia      1490                           -0.00192986         6
   77455        0.00030244        op     29073     29074                  0.04445835       147

  ==> Add operator: a_ia 1986
  ==> Current qubit order: 0  1  6  7  60  61  4  5  10  8  9  2  3  12  13  11  20  21  24  14  15  25  32  19  18  26  27  33  36  37  40  41  62  42  43  49  48  65  64  45  63  38  50  44  75  58  59  23  55  29  52  17  16  28  56  91  69  57  90  68  74  22  53  54  39  51  73  66  67  81  79  70  71  72  84  85  76  77  93  92  87  35  34  46  31  30  80  89  88  86  47  83  78  82  94  95  96  97  98  99  100  101  102  103  


  ==> Energy                -309.053992550
  ==> dE                       -2.52e-06
  ==> Gradient Norm             1.79e+00
  ==> Abs. Max. Deriv.          4.45e-02
  ==> Time-Grad. (s)              78.471
  ==> Time-Energy (s)             21.796
  ==> Time-Iter. (s)             100.267

--------------------------------------------------------------------------------
CEO-ADAPT-VQE iteration: 232
--------------------------------------------------------------------------------
    gate        derivative      name       op1       op2       op3        g_unscaled   penalty
    1634        0.00056799      a_ia      1634                            0.00227194         4
    1633       -0.00053523      a_ia      1633                           -0.00107046         2
    1027       -0.00049627      a_ia      1027                           -0.00198510         4
    1344       -0.00048628      a_ia      1344                           -0.00097255         2
   77347        0.00038667        op     28983     28984                  0.01585355        41
   28983        0.00038655    a_iajb     28983                            0.01584841        41
   77348        0.00038642        om     28983     28984                  0.01584327        41
   78878       -0.00034362        om     30186     30187                 -0.03608049       105
   30186       -0.00034316    a_iajb     30186                           -0.03603187       105
   78877       -0.00034270        op     30186     30187                 -0.03598326       105

  ==> Add operator: a_ia 1634
  ==> Current qubit order: 0  1  6  7  60  61  4  5  10  8  9  2  3  12  13  11  20  21  24  14  15  25  32  19  18  26  27  33  36  37  40  41  62  42  43  49  48  65  64  45  63  38  50  44  75  58  59  23  55  29  52  17  16  28  56  91  69  57  90  68  74  22  54  53  39  51  73  66  67  81  79  70  71  72  84  85  76  77  93  92  87  35  34  46  31  30  80  89  88  86  47  83  78  82  94  95  96  97  98  99  100  101  102  103  


  ==> Energy                -309.053995109
  ==> dE                       -2.56e-06
  ==> Gradient Norm             1.79e+00
  ==> Abs. Max. Deriv.          4.45e-02
  ==> Time-Grad. (s)              78.476
  ==> Time-Energy (s)             25.425
  ==> Time-Iter. (s)             103.901

--------------------------------------------------------------------------------
CEO-ADAPT-VQE iteration: 233
--------------------------------------------------------------------------------
    gate        derivative      name       op1       op2       op3        g_unscaled   penalty
    1027       -0.00102438      a_ia      1027                           -0.00204876         2
    1633       -0.00055072      a_ia      1633                           -0.00110144         2
    1344       -0.00048040      a_ia      1344                           -0.00096081         2
   77347        0.00038743        op     28983     28984                  0.01588482        41
   28983        0.00038740    a_iajb     28983                            0.01588325        41
   77348        0.00038736        om     28983     28984                  0.01588168        41
   78878       -0.00034343        om     30186     30187                 -0.03605963       105
   30186       -0.00034300    a_iajb     30186                           -0.03601479       105
   78877       -0.00034257        op     30186     30187                 -0.03596995       105
    1069       -0.00031711      a_ia      1069                           -0.00063421         2

  ==> Add operator: a_ia 1027
  ==> Current qubit order: 0  1  6  7  60  61  4  5  10  8  9  2  3  12  13  11  20  21  24  14  15  25  32  19  18  26  27  33  36  37  40  41  62  42  43  49  48  65  64  45  63  38  50  44  75  58  59  23  55  29  52  17  16  28  56  91  69  57  90  68  74  22  54  53  39  51  73  66  67  81  79  70  71  72  84  85  76  77  93  92  87  35  34  46  31  30  80  89  88  86  47  83  78  82  94  95  96  97  98  99  100  101  102  103  


  ==> Energy                -309.053996798
  ==> dE                       -1.69e-06
  ==> Gradient Norm             1.79e+00
  ==> Abs. Max. Deriv.          4.45e-02
  ==> Time-Grad. (s)              78.627
  ==> Time-Energy (s)             24.314
  ==> Time-Iter. (s)             102.942

--------------------------------------------------------------------------------
CEO-ADAPT-VQE iteration: 234
--------------------------------------------------------------------------------
    gate        derivative      name       op1       op2       op3        g_unscaled   penalty
    1633       -0.00055048      a_ia      1633                           -0.00110096         2
    1344       -0.00047384      a_ia      1344                           -0.00094768         2
   77347        0.00038555        op     28983     28984                  0.01580774        41
   28983        0.00038543    a_iajb     28983                            0.01580248        41
   77348        0.00038530        om     28983     28984                  0.01579722        41
   78878       -0.00034340        om     30186     30187                 -0.03605667       105
   30186       -0.00034297    a_iajb     30186                           -0.03601230       105
   78877       -0.00034255        op     30186     30187                 -0.03596793       105
    1490       -0.00031722      a_ia      1490                           -0.00190329         6
   77455        0.00031160        op     29073     29074                  0.04455943       143

  ==> Add operator: a_ia 1633
  ==> Current qubit order: 0  1  6  7  60  61  4  5  10  8  9  2  3  12  13  11  20  21  24  14  15  25  32  19  18  26  27  33  36  37  40  41  62  42  43  49  48  65  64  45  63  38  50  44  75  58  59  23  55  29  52  17  16  28  56  91  69  57  90  68  74  22  54  53  39  51  73  66  67  81  79  70  71  72  84  85  76  77  93  92  87  35  34  46  31  30  80  89  88  86  47  83  78  82  94  95  96  97  98  99  100  101  102  103  


  ==> Energy                -309.054007021
  ==> dE                       -1.02e-05
  ==> Gradient Norm             1.79e+00
  ==> Abs. Max. Deriv.          4.46e-02
  ==> Time-Grad. (s)              79.287
  ==> Time-Energy (s)             23.018
  ==> Time-Iter. (s)             102.305

--------------------------------------------------------------------------------
CEO-ADAPT-VQE iteration: 235
--------------------------------------------------------------------------------
    gate        derivative      name       op1       op2       op3        g_unscaled   penalty
    1344       -0.00047358      a_ia      1344                           -0.00094716         2
   77348        0.00036271        om     28983     28984                  0.01487092        41
   28983        0.00036251    a_iajb     28983                            0.01486284        41
   77347        0.00036231        op     28983     28984                  0.01485476        41
   78878       -0.00034373        om     30186     30187                 -0.03609191       105
   30186       -0.00034332    a_iajb     30186                           -0.03604876       105
   78877       -0.00034291        op     30186     30187                 -0.03600561       105
    1490       -0.00031727      a_ia      1490                           -0.00190365         6
    1069       -0.00031551      a_ia      1069                           -0.00063102         2
   77455        0.00031165        op     29073     29074                  0.04456532       143

  ==> Add operator: om -1: 28983 28984
  ==> Current qubit order: 0  1  6  7  60  61  4  5  10  8  9  2  3  12  13  11  20  21  24  14  15  25  32  19  18  26  27  33  36  37  40  41  62  42  43  49  48  65  64  45  63  38  50  44  75  58  59  23  55  29  52  17  16  28  56  91  69  57  90  68  74  22  54  53  39  51  73  66  67  81  79  70  71  72  84  85  76  77  93  92  87  35  34  46  31  30  80  89  88  86  47  83  78  82  94  95  96  97  98  99  100  101  102  103  


  ==> Energy                -309.054057344
  ==> dE                       -5.03e-05
  ==> Gradient Norm             1.79e+00
  ==> Abs. Max. Deriv.          4.46e-02
  ==> Time-Grad. (s)              79.496
  ==> Time-Energy (s)             26.344
  ==> Time-Iter. (s)             105.839

--------------------------------------------------------------------------------
CEO-ADAPT-VQE iteration: 236
--------------------------------------------------------------------------------
    gate        derivative      name       op1       op2       op3        g_unscaled   penalty
    1344       -0.00047367      a_ia      1344                           -0.00094734         2
   78878       -0.00034260        om     30186     30187                 -0.03597309       105
   30186       -0.00034213    a_iajb     30186                           -0.03592377       105
   78877       -0.00034166        op     30186     30187                 -0.03587446       105
    1490       -0.00031729      a_ia      1490                           -0.00190376         6
    1069       -0.00031634      a_ia      1069                           -0.00063268         2
   77455        0.00031200        op     29073     29074                  0.04461605       143
   29073        0.00030896    a_iajb     29073                            0.04418114       143
   77456        0.00030592        om     29073     29074                  0.04374622       143
   91981       -0.00030066        op     40194     40195                 -0.01352984        45

  ==> Add operator: om -1: 30186 30187
  ==> Current qubit order: 0  1  6  7  60  61  4  5  10  8  9  2  3  12  13  11  20  21  24  14  15  25  32  19  18  26  27  33  36  37  40  41  62  42  43  49  48  65  64  45  63  38  44  75  58  59  55  29  52  17  16  28  56  50  23  54  53  91  69  57  90  68  74  22  39  51  73  66  67  81  79  70  71  72  84  85  76  77  93  92  87  35  34  46  31  30  80  89  88  86  47  83  78  82  94  95  96  97  98  99  100  101  102  103  


  ==> Energy                -309.054432608
  ==> dE                       -3.75e-04
  ==> Gradient Norm             1.79e+00
  ==> Abs. Max. Deriv.          4.46e-02
  ==> Time-Grad. (s)              79.181
  ==> Time-Energy (s)             26.703
  ==> Time-Iter. (s)             105.885

--------------------------------------------------------------------------------
CEO-ADAPT-VQE iteration: 237
--------------------------------------------------------------------------------
    gate        derivative      name       op1       op2       op3        g_unscaled   penalty
    1951        0.00159106      a_ia      1951                            0.00636425         4
    1344       -0.00048716      a_ia      1344                           -0.00097432         2
    1066       -0.00033080      a_ia      1066                           -0.00132319         4
   72584       -0.00032580        om     25296     25297                 -0.01857034        57
   69950       -0.00032144        om     23180     23182                 -0.01960762        61
    1490       -0.00031899      a_ia      1490                           -0.00191396         6
   88692       -0.00031775        om     37735     37736                 -0.01938302        61
   78879       -0.00030796        op     30188     30189                 -0.02186506        71
   86304        0.00030757        om     35949     35951                  0.01814639        59
   30188       -0.00030515    a_iajb     30188                           -0.02166560        71

  ==> Add operator: a_ia 1951
  ==> Current qubit order: 0  1  6  7  60  61  4  5  10  8  9  2  3  12  13  11  20  21  24  14  15  25  32  19  18  26  27  33  36  37  40  41  62  42  43  49  48  65  64  45  63  38  44  75  58  59  55  29  52  17  16  28  56  23  50  54  53  91  69  57  90  68  74  22  39  51  73  66  67  81  79  70  71  72  84  85  76  77  93  92  87  35  34  46  31  30  80  89  88  86  47  83  78  82  94  95  96  97  98  99  100  101  102  103  


  ==> Energy                -309.054461126
  ==> dE                       -2.85e-05
  ==> Gradient Norm             1.79e+00
  ==> Abs. Max. Deriv.          4.46e-02
  ==> Time-Grad. (s)              79.365
  ==> Time-Energy (s)             22.526
  ==> Time-Iter. (s)             101.890

--------------------------------------------------------------------------------
CEO-ADAPT-VQE iteration: 238
--------------------------------------------------------------------------------
    gate        derivative      name       op1       op2       op3        g_unscaled   penalty
    1344       -0.00040448      a_ia      1344                           -0.00080896         2
    1521        0.00036102      a_ia      1521                            0.00072204         2
   86304        0.00034446        om     35949     35951                  0.01825618        53
   72584       -0.00033852        om     25296     25297                 -0.01861842        55
   69950       -0.00033590        om     23180     23182                 -0.01981813        59
   88682        0.00031315        om     37725     37726                  0.02473883        79
   88692       -0.00030929        om     37735     37736                 -0.01948532        63
   91981       -0.00030066        op     40194     40195                 -0.01352976        45
   78734        0.00029975        om     30054     30055                  0.04166591       139
   77455        0.00029754        op     29073     29074                  0.04433357       149

  ==> Tried operator a_ia 1521: gain -3.90e-08 (threshold 2.7e-07), removed and excluded for this stage
  ==> Add operator: mvp2 -1: 35949 35951
  ==> Current qubit order: 0  1  6  7  60  61  4  5  10  8  9  2  3  12  13  11  20  21  24  14  15  25  32  19  18  26  27  33  36  37  40  41  62  42  43  49  48  65  64  45  63  38  44  75  58  59  55  29  52  17  16  56  23  28  50  54  90  53  91  69  57  68  74  22  39  51  73  66  67  81  79  70  71  72  84  85  76  77  93  92  87  35  34  46  31  30  80  89  88  86  47  83  78  82  94  95  96  97  98  99  100  101  102  103  


  ==> Energy                -309.054608480
  ==> dE                       -1.47e-04
  ==> Gradient Norm             1.79e+00
  ==> Abs. Max. Deriv.          4.43e-02
  ==> Time-Grad. (s)              79.970
  ==> Time-Energy (s)             62.563
  ==> Time-Iter. (s)             142.533

--------------------------------------------------------------------------------
CEO-ADAPT-VQE iteration: 239
--------------------------------------------------------------------------------
    gate        derivative      name       op1       op2       op3        g_unscaled   penalty
    1344       -0.00040355      a_ia      1344                           -0.00080710         2
   88692       -0.00039144        om     37735     37736                 -0.02231224        57
    1521        0.00036305      a_ia      1521                            0.00072611         2
   72584       -0.00035063        om     25296     25297                 -0.01998603        57
   69950       -0.00033519        om     23180     23182                 -0.01977595        59
   37735       -0.00033357    a_iajb     37735                           -0.01901355        57
   88682        0.00031298        om     37725     37726                  0.02472581        79
   25296       -0.00030119    a_iajb     25296                           -0.01716792        57
   91981       -0.00030065        op     40194     40195                 -0.01352940        45
   77455        0.00029747        op     29073     29074                  0.04432319       149

  ==> Add operator: mvp2 -1: 37735 37736
  ==> Current qubit order: 0  1  6  7  60  61  4  5  10  8  9  2  3  12  13  11  20  21  24  14  15  25  32  19  18  26  27  33  36  37  40  41  62  42  43  49  48  65  64  45  63  38  44  75  58  59  55  52  17  16  56  23  28  29  50  54  91  90  53  69  57  68  74  22  39  51  73  66  67  81  79  70  71  72  84  85  76  77  93  92  87  35  34  46  31  30  80  89  88  86  47  83  78  82  94  95  96  97  98  99  100  101  102  103  


  ==> Energy                -309.054781311
  ==> dE                       -1.73e-04
  ==> Gradient Norm             1.79e+00
  ==> Abs. Max. Deriv.          4.43e-02
  ==> Time-Grad. (s)              80.966
  ==> Time-Energy (s)             43.604
  ==> Time-Iter. (s)             124.570

--------------------------------------------------------------------------------
CEO-ADAPT-VQE iteration: 240
--------------------------------------------------------------------------------
    gate        derivative      name       op1       op2       op3        g_unscaled   penalty
    1344       -0.00040258      a_ia      1344                           -0.00080515         2
    1521        0.00036155      a_ia      1521                            0.00072310         2
   72584       -0.00034405        om     25296     25297                 -0.02029886        59
   69950       -0.00032462        om     23180     23182                 -0.01980153        61
    2028       -0.00031508      a_ia      2028                           -0.00126033         4
   91981       -0.00030064        op     40194     40195                 -0.01352891        45
   88682        0.00029860        om     37725     37726                  0.02478351        83
   77455        0.00029739        op     29073     29074                  0.04431172       149
   25296       -0.00029710    a_iajb     25296                           -0.01752887        59
   80840        0.00029625        om     31788     31789                  0.02221891        75

  ==> Add operator: mvp2 -1: 25296 25297
  ==> Current qubit order: 0  1  6  7  60  61  4  5  10  8  9  2  3  12  13  11  20  21  24  14  15  25  32  19  18  26  27  33  36  37  40  41  62  42  43  49  48  65  64  45  63  38  44  75  58  59  55  52  16  56  23  28  29  17  50  54  57  91  90  53  69  68  74  22  39  51  73  66  67  81  79  70  71  72  84  85  76  77  93  92  87  35  34  46  31  30  80  89  88  86  47  83  78  82  94  95  96  97  98  99  100  101  102  103  


  ==> Energy                -309.055658492
  ==> dE                       -8.77e-04
  ==> Gradient Norm             1.79e+00
  ==> Abs. Max. Deriv.          4.43e-02
  ==> Time-Grad. (s)              81.190
  ==> Time-Energy (s)            580.246
  ==> Time-Iter. (s)             661.436

--------------------------------------------------------------------------------
CEO-ADAPT-VQE iteration: 241
--------------------------------------------------------------------------------
    gate        derivative      name       op1       op2       op3        g_unscaled   penalty
    2139        0.00050289      a_ia      2139                            0.00100578         2
     779        0.00039618      a_ia       779                            0.00079236         2
    1490       -0.00033166      a_ia      1490                           -0.00198997         6
    1344       -0.00033015      a_ia      1344                           -0.00066031         2
    2003       -0.00031811      a_ia      2003                           -0.00127245         4
   69950       -0.00031665        om     23180     23182                 -0.01994864        63
   77455        0.00030202        op     29073     29074                  0.04500142       149
   91981       -0.00029986        op     40194     40195                 -0.01349378        45
   29073        0.00029865    a_iajb     29073                            0.04449911       149
   80839        0.00029623        op     31788     31789                  0.02221699        75

  ==> Add operator: a_ia 2139
  ==> Current qubit order: 0  1  6  7  60  61  4  5  10  8  9  2  3  12  13  11  20  21  24  14  15  25  32  19  18  26  27  33  36  37  40  41  62  42  43  49  48  65  64  45  63  38  44  75  58  59  55  52  16  56  23  28  29  17  50  54  57  91  90  53  69  68  74  22  39  51  73  66  67  81  79  70  71  72  84  85  76  77  93  92  87  35  34  46  31  30  80  89  88  86  47  83  78  82  94  95  96  97  98  99  100  101  102  103  


  ==> Energy                -309.055701953
  ==> dE                       -4.35e-05
  ==> Gradient Norm             1.79e+00
  ==> Abs. Max. Deriv.          4.50e-02
  ==> Time-Grad. (s)              82.559
  ==> Time-Energy (s)             22.120
  ==> Time-Iter. (s)             104.679

--------------------------------------------------------------------------------
CEO-ADAPT-VQE iteration: 242
--------------------------------------------------------------------------------
    gate        derivative      name       op1       op2       op3        g_unscaled   penalty
     779        0.00035699      a_ia       779                            0.00071398         2
    1490       -0.00033205      a_ia      1490                           -0.00199230         6
    1344       -0.00033205      a_ia      1344                           -0.00066409         2
    2003       -0.00031856      a_ia      2003                           -0.00127424         4
   69950       -0.00031665        om     23180     23182                 -0.01994868        63
   77455        0.00030202        op     29073     29074                  0.04500158       149
   91981       -0.00029986        op     40194     40195                 -0.01349379        45
   29073        0.00029866    a_iajb     29073                            0.04449971       149
   80839        0.00029623        op     31788     31789                  0.02221711        75
   31788        0.00029623    a_iajb     31788                            0.02221709        75

  ==> Tried operator a_ia 779: gain -2.29e-08 (threshold 4.7e-07), removed and excluded for this stage
  ==> Add operator: a_ia 2003
  ==> Current qubit order: 0  1  6  7  60  61  4  5  10  8  9  2  3  12  13  11  20  21  24  14  15  25  32  19  18  26  27  33  36  37  40  41  62  42  43  49  48  65  64  45  63  38  44  75  58  59  55  16  52  56  23  28  29  17  50  54  57  91  90  53  69  68  74  22  39  51  73  66  67  81  79  70  71  72  84  85  76  77  93  92  87  35  34  46  31  30  80  89  88  86  47  83  78  82  94  95  96  97  98  99  100  101  102  103  


  ==> Energy                -309.055715109
  ==> dE                       -1.32e-05
  ==> Gradient Norm             1.79e+00
  ==> Abs. Max. Deriv.          4.50e-02
  ==> Time-Grad. (s)              82.407
  ==> Time-Energy (s)             47.668
  ==> Time-Iter. (s)             130.075

--------------------------------------------------------------------------------
CEO-ADAPT-VQE iteration: 243
--------------------------------------------------------------------------------
    gate        derivative      name       op1       op2       op3        g_unscaled   penalty
    1490       -0.00033209      a_ia      1490                           -0.00199257         6
    1344       -0.00033209      a_ia      1344                           -0.00066418         2
   69950       -0.00030698        om     23180     23182                 -0.01995377        65
   77455        0.00030202        op     29073     29074                  0.04500157       149
   91981       -0.00029985        op     40194     40195                 -0.01349315        45
   29073        0.00029865    a_iajb     29073                            0.04449907       149
   80839        0.00029623        op     31788     31789                  0.02221715        75
   31788        0.00029623    a_iajb     31788                            0.02221714        75
   80840        0.00029623        om     31788     31789                  0.02221712        75
   77456        0.00029528        om     29073     29074                  0.04399658       149

  ==> Add operator: mvp2 -1: 23180 23182
  ==> Current qubit order: 0  1  6  7  60  61  4  5  10  8  9  2  3  12  13  11  20  21  24  14  15  25  32  19  18  26  27  33  36  37  40  41  62  42  43  49  48  65  64  45  63  38  44  75  58  59  55  52  56  23  28  29  17  16  50  54  74  57  91  90  53  69  68  22  39  51  73  66  67  81  79  70  71  72  84  85  76  77  93  92  87  35  34  46  31  30  80  89  88  86  47  83  78  82  94  95  96  97  98  99  100  101  102  103  


  ==> Energy                -309.055891743
  ==> dE                       -1.77e-04
  ==> Gradient Norm             1.79e+00
  ==> Abs. Max. Deriv.          4.50e-02
  ==> Time-Grad. (s)              83.365
  ==> Time-Energy (s)             45.020
  ==> Time-Iter. (s)             128.385

--------------------------------------------------------------------------------
CEO-ADAPT-VQE iteration: 244
--------------------------------------------------------------------------------
    gate        derivative      name       op1       op2       op3        g_unscaled   penalty
    1961        0.00086895      a_ia      1961                            0.00347579         4
    1344       -0.00033355      a_ia      1344                           -0.00066710         2
    1490       -0.00033216      a_ia      1490                           -0.00199293         6
   88682        0.00031575        om     37725     37726                  0.02494428        79
   88622        0.00030313        om     37665     37666                  0.01909704        63
   77455        0.00030190        op     29073     29074                  0.04498363       149
   91981       -0.00029983        op     40194     40195                 -0.01349234        45
   29073        0.00029856    a_iajb     29073                            0.04448549       149
   80840        0.00029623        om     31788     31789                  0.02221718        75
   31788        0.00029623    a_iajb     31788                            0.02221717        75

  ==> Add operator: a_ia 1961
  ==> Current qubit order: 0  1  6  7  60  61  4  5  10  8  9  2  3  12  13  11  20  21  24  14  15  25  32  19  18  26  27  33  36  37  40  41  62  42  43  49  48  65  64  45  63  38  44  75  58  59  55  52  56  23  28  29  17  16  54  50  74  57  91  90  53  69  68  22  39  51  73  66  67  81  79  70  71  72  84  85  76  77  93  92  87  35  34  46  31  30  80  89  88  86  47  83  78  82  94  95  96  97  98  99  100  101  102  103  


  ==> Energy                -309.055895183
  ==> dE                       -3.44e-06
  ==> Gradient Norm             1.78e+00
  ==> Abs. Max. Deriv.          4.50e-02
  ==> Time-Grad. (s)              83.402
  ==> Time-Energy (s)             25.203
  ==> Time-Iter. (s)             108.605

--------------------------------------------------------------------------------
CEO-ADAPT-VQE iteration: 245
--------------------------------------------------------------------------------
    gate        derivative      name       op1       op2       op3        g_unscaled   penalty
    1490       -0.00033509      a_ia      1490                           -0.00201054         6
    1344       -0.00031813      a_ia      1344                           -0.00063626         2
   88682        0.00031596        om     37725     37726                  0.02496067        79
   77455        0.00031457        op     29073     29074                  0.04498408       143
   29073        0.00031109    a_iajb     29073                            0.04448558       143
   77456        0.00030760        om     29073     29074                  0.04398709       143
   91981       -0.00029984        op     40194     40195                 -0.01349265        45
   80840        0.00029623        om     31788     31789                  0.02221716        75
   31788        0.00029623    a_iajb     31788                            0.02221716        75
   80839        0.00029623        op     31788     31789                  0.02221715        75

  ==> Add operator: mvp2 -1: 37725 37726
  ==> Current qubit order: 0  1  6  7  60  61  4  5  10  8  9  2  3  12  13  11  20  21  24  14  15  25  32  19  18  26  27  33  36  37  40  41  62  42  43  49  48  65  64  45  63  38  44  75  58  59  55  52  56  23  28  17  16  74  57  29  54  50  81  91  90  53  69  68  22  39  51  73  66  67  79  70  71  72  84  85  76  77  93  92  87  35  34  46  31  30  80  89  88  86  47  83  78  82  94  95  96  97  98  99  100  101  102  103  


  ==> Energy                -309.056170155
  ==> dE                       -2.75e-04
  ==> Gradient Norm             1.78e+00
  ==> Abs. Max. Deriv.          4.50e-02
  ==> Time-Grad. (s)              83.849
  ==> Time-Energy (s)             45.482
  ==> Time-Iter. (s)             129.331

--------------------------------------------------------------------------------
CEO-ADAPT-VQE iteration: 246
--------------------------------------------------------------------------------
    gate        derivative      name       op1       op2       op3        g_unscaled   penalty
     788       -0.00062662      a_ia       788                           -0.00125323         2
    1490       -0.00033722      a_ia      1490                           -0.00202330         6
   77455        0.00031893        op     29073     29074                  0.04496886       141
   29073        0.00031534    a_iajb     29073                            0.04446330       141
   77456        0.00031176        om     29073     29074                  0.04395775       141
    1344       -0.00030385      a_ia      1344                           -0.00060770         2
   91981       -0.00029983        op     40194     40195                 -0.01349233        45
   80840        0.00029623        om     31788     31789                  0.02221718        75
   31788        0.00029623    a_iajb     31788                            0.02221717        75
   80839        0.00029623        op     31788     31789                  0.02221717        75

  ==> Tried operator a_ia 788: gain -2.94e-07 (threshold 5.7e-07), removed and excluded for this stage
  ==> Add operator: mvp2 -1: 29073 29074
  ==> Current qubit order: 0  1  6  7  60  61  4  5  10  8  9  2  3  12  13  11  20  21  24  14  15  25  32  19  18  26  27  33  36  37  40  41  62  42  43  49  48  65  64  45  63  38  44  75  58  59  52  56  23  28  17  16  74  57  29  50  81  91  90  53  69  68  55  54  22  47  39  51  73  66  67  79  70  71  72  84  85  76  77  93  92  87  35  34  46  31  30  80  89  88  86  83  78  82  94  95  96  97  98  99  100  101  102  103  


  ==> Energy                -309.056642177
  ==> dE                       -4.72e-04
  ==> Gradient Norm             1.78e+00
  ==> Abs. Max. Deriv.          4.50e-02
  ==> Time-Grad. (s)              84.397
  ==> Time-Energy (s)             67.428
  ==> Time-Iter. (s)             151.826

--------------------------------------------------------------------------------
CEO-ADAPT-VQE iteration: 247
--------------------------------------------------------------------------------
    gate        derivative      name       op1       op2       op3        g_unscaled   penalty
    1631       -0.00101520      a_ia      1631                           -0.00203040         2
    1977        0.00072850      a_ia      1977                            0.00728503        10
     788       -0.00062260      a_ia       788                           -0.00124519         2
    1027       -0.00051165      a_ia      1027                           -0.00102329         2
    1869        0.00050366      a_ia      1869                            0.00201466         4
   77525        0.00039555        op     29143     29144                  0.02491965        63
   29143        0.00039306    a_iajb     29143                            0.02476278        63
   77526        0.00039057        om     29143     29144                  0.02460591        63
    1308       -0.00038354      a_ia      1308                           -0.00153416         4
   98923       -0.00035077        op     45351     45352                 -0.02841255        81

  ==> Add operator: a_ia 1631
  ==> Current qubit order: 0  1  6  7  60  61  4  5  10  8  9  2  3  12  13  11  20  21  24  14  15  25  32  19  18  26  27  33  36  37  40  41  62  42  43  49  48  65  64  45  63  38  44  75  58  59  52  56  23  28  17  16  74  57  29  50  81  91  90  53  69  68  55  54  22  47  39  51  73  66  67  79  70  71  72  84  85  76  77  93  92  87  35  34  46  31  30  80  89  88  86  83  78  82  94  95  96  97  98  99  100  101  102  103  


  ==> Energy                -309.056681870
  ==> dE                       -3.97e-05
  ==> Gradient Norm             1.78e+00
  ==> Abs. Max. Deriv.          4.12e-02
  ==> Time-Grad. (s)              84.798
  ==> Time-Energy (s)             25.139
  ==> Time-Iter. (s)             109.937

--------------------------------------------------------------------------------
CEO-ADAPT-VQE iteration: 248
--------------------------------------------------------------------------------
    gate        derivative      name       op1       op2       op3        g_unscaled   penalty
    1977        0.00072980      a_ia      1977                            0.00729800        10
     788       -0.00061981      a_ia       788                           -0.00123961         2
    1869        0.00055124      a_ia      1869                            0.00220496         4
    1027       -0.00048742      a_ia      1027                           -0.00097485         2
   77525        0.00039582        op     29143     29144                  0.02493676        63
   29143        0.00039334    a_iajb     29143                            0.02478022        63
   77526        0.00039085        om     29143     29144                  0.02462368        63
    1308       -0.00038405      a_ia      1308                           -0.00153622         4
   98923       -0.00035032        op     45351     45352                 -0.02837553        81
    1490       -0.00033998      a_ia      1490                           -0.00203990         6

  ==> Add operator: a_ia 1977
  ==> Current qubit order: 0  1  6  7  60  61  4  5  10  8  9  2  3  12  13  11  20  21  24  14  15  25  32  19  18  26  27  33  36  37  40  41  62  42  43  49  48  65  64  45  63  38  44  75  58  59  52  56  23  28  17  16  74  57  29  50  81  91  90  53  69  68  54  22  47  39  55  51  73  66  67  79  70  71  72  84  85  76  77  93  92  87  35  34  46  31  30  80  89  88  86  83  78  82  94  95  96  97  98  99  100  101  102  103  


  ==> Energy                -309.056719485
  ==> dE                       -3.76e-05
  ==> Gradient Norm             1.78e+00
  ==> Abs. Max. Deriv.          4.12e-02
  ==> Time-Grad. (s)              85.347
  ==> Time-Energy (s)             22.866
  ==> Time-Iter. (s)             108.213

--------------------------------------------------------------------------------
CEO-ADAPT-VQE iteration: 249
--------------------------------------------------------------------------------
    gate        derivative      name       op1       op2       op3        g_unscaled   penalty
    1635       -0.00109698      a_ia      1635                           -0.00219396         2
     788       -0.00078727      a_ia       788                           -0.00157454         2
    2084       -0.00060385      a_ia      2084                           -0.00241539         4
    1308       -0.00049253      a_ia      1308                           -0.00197010         4
   77525        0.00039617        op     29143     29144                  0.02495899        63
   29143        0.00039370    a_iajb     29143                            0.02480310        63
   77526        0.00039123        om     29143     29144                  0.02464721        63
   98923       -0.00037572        op     45351     45352                 -0.02817909        75
    1027       -0.00035953      a_ia      1027                           -0.00071906         2
    1869        0.00035884      a_ia      1869                            0.00215307         6

  ==> Add operator: a_ia 2084
  ==> Current qubit order: 0  1  6  7  60  61  4  5  10  8  9  2  3  12  13  11  20  21  24  14  15  25  32  19  18  26  27  33  36  37  40  41  62  42  43  49  48  65  64  45  63  38  44  75  58  59  52  56  23  28  17  16  74  57  29  50  81  91  90  53  69  68  54  22  47  39  51  55  73  66  67  79  70  71  72  84  85  76  77  93  92  87  35  34  46  31  30  80  89  88  86  83  78  82  94  95  96  97  98  99  100  101  102  103  


  ==> Energy                -309.056768925
  ==> dE                       -4.94e-05
  ==> Gradient Norm             1.78e+00
  ==> Abs. Max. Deriv.          4.12e-02
  ==> Time-Grad. (s)              85.606
  ==> Time-Energy (s)             25.783
  ==> Time-Iter. (s)             111.389

--------------------------------------------------------------------------------
CEO-ADAPT-VQE iteration: 250
--------------------------------------------------------------------------------
    gate        derivative      name       op1       op2       op3        g_unscaled   penalty
     788       -0.00079417      a_ia       788                           -0.00158834         2
    1635       -0.00054310      a_ia      1635                           -0.00217240         4
    1869        0.00051162      a_ia      1869                            0.00204649         4
    1308       -0.00049786      a_ia      1308                           -0.00199143         4
   77525        0.00039656        op     29143     29144                  0.02498315        63
   29143        0.00039419    a_iajb     29143                            0.02483409        63
   77526        0.00039183        om     29143     29144                  0.02468503        63
    1027       -0.00036955      a_ia      1027                           -0.00073910         2
   98923       -0.00036553        op     45351     45352                 -0.02814561        77
   45351       -0.00033869    a_iajb     45351                           -0.02607900        77

  ==> Add operator: a_ia 1869
  ==> Current qubit order: 0  1  6  7  60  61  4  5  10  8  9  2  3  12  13  11  20  21  24  14  15  25  32  19  18  26  27  33  36  37  40  41  62  42  43  49  48  65  64  45  63  38  44  75  58  59  52  56  23  28  17  16  74  57  29  50  81  91  90  53  69  68  54  22  39  47  51  55  73  66  67  79  70  71  72  84  85  76  77  93  92  87  35  34  46  31  30  80  89  88  86  83  78  82  94  95  96  97  98  99  100  101  102  103  


  ==> Energy                -309.056795832
  ==> dE                       -2.69e-05
  ==> Gradient Norm             1.78e+00
  ==> Abs. Max. Deriv.          4.12e-02
  ==> Time-Grad. (s)              85.067
  ==> Time-Energy (s)             23.446
  ==> Time-Iter. (s)             108.513

--------------------------------------------------------------------------------
CEO-ADAPT-VQE iteration: 251
--------------------------------------------------------------------------------
    gate        derivative      name       op1       op2       op3        g_unscaled   penalty
     788       -0.00079787      a_ia       788                           -0.00159573         2
    1308       -0.00049752      a_ia      1308                           -0.00199010         4
    1027       -0.00045302      a_ia      1027                           -0.00090604         2
   77525        0.00038409        op     29143     29144                  0.02496579        65
   29143        0.00038180    a_iajb     29143                            0.02481684        65
   77526        0.00037951        om     29143     29144                  0.02466789        65
    1635       -0.00036634      a_ia      1635                           -0.00219803         6
   98923       -0.00035863        op     45351     45352                 -0.02833184        79
   45351       -0.00033244    a_iajb     45351                           -0.02626312        79
   77466        0.00031730        om     29083     29084                  0.01935547        61

  ==> Add operator: a_ia 1308
  ==> Current qubit order: 0  1  6  7  60  61  4  5  10  8  9  2  3  12  13  11  20  21  24  14  15  25  32  19  18  26  27  33  36  37  40  41  62  42  43  49  48  65  64  45  63  38  44  75  58  59  52  56  23  28  17  16  74  57  50  29  81  91  90  53  69  68  54  22  39  47  51  55  73  66  67  79  70  71  72  84  85  76  77  93  92  87  35  34  46  31  30  80  89  88  86  83  78  82  94  95  96  97  98  99  100  101  102  103  


  ==> Energy                -309.056796447
  ==> dE                       -6.15e-07
  ==> Gradient Norm             1.78e+00
  ==> Abs. Max. Deriv.          4.12e-02
  ==> Time-Grad. (s)              85.444
  ==> Time-Energy (s)             24.970
  ==> Time-Iter. (s)             110.414

--------------------------------------------------------------------------------
CEO-ADAPT-VQE iteration: 252
--------------------------------------------------------------------------------
    gate        derivative      name       op1       op2       op3        g_unscaled   penalty
     788       -0.00079042      a_ia       788                           -0.00158083         2
    1027       -0.00045827      a_ia      1027                           -0.00091653         2
   77525        0.00038408        op     29143     29144                  0.02496544        65
   29143        0.00038179    a_iajb     29143                            0.02481645        65
   77526        0.00037950        om     29143     29144                  0.02466746        65
    1635       -0.00036642      a_ia      1635                           -0.00219850         6
   98923       -0.00034978        op     45351     45352                 -0.02833235        81
   45351       -0.00032424    a_iajb     45351                           -0.02626372        81
   77466        0.00031730        om     29083     29084                  0.01935513        61
   29083        0.00031231    a_iajb     29083                            0.01905100        61

  ==> Tried operator a_ia 1027: gain -3.63e-07 (threshold 4.2e-07), removed and excluded for this stage
  ==> Add operator: mvp2 -1: 29143 29144
  ==> Current qubit order: 0  1  6  7  60  61  4  5  10  8  9  2  3  12  13  11  20  21  24  14  15  25  32  19  18  26  27  33  36  37  40  41  62  42  43  49  48  65  64  45  63  38  44  75  58  59  52  56  23  28  17  16  74  57  50  29  81  91  90  53  69  68  54  39  51  55  66  22  47  73  72  67  79  70  71  84  85  76  77  93  92  87  35  34  46  31  30  80  89  88  86  83  78  82  94  95  96  97  98  99  100  101  102  103  


  ==> Energy                -309.056874231
  ==> dE                       -7.78e-05
  ==> Gradient Norm             1.78e+00
  ==> Abs. Max. Deriv.          4.12e-02
  ==> Time-Grad. (s)              85.503
  ==> Time-Energy (s)             76.093
  ==> Time-Iter. (s)             161.595

--------------------------------------------------------------------------------
CEO-ADAPT-VQE iteration: 253
--------------------------------------------------------------------------------
    gate        derivative      name       op1       op2       op3        g_unscaled   penalty
     788       -0.00079426      a_ia       788                           -0.00158853         2
    1635       -0.00054972      a_ia      1635                           -0.00219890         4
   98923       -0.00032677        op     45351     45352                 -0.02842871        87
    1384       -0.00031180      a_ia      1384                           -0.00187081         6
   90445       -0.00030592        op     39002     39004                 -0.01560212        51
   90441       -0.00030579        op     39002     39003                 -0.01559516        51
   45351       -0.00030226    a_iajb     45351                           -0.02629629        87
   39002       -0.00030146    a_iajb     39002                           -0.01537421        51
    1490       -0.00030081      a_ia      1490                           -0.00180488         6
   89506        0.00030008        om     38366     38367                  0.01410375        47

  ==> Add operator: mvp2 -1: 45351 45352
  ==> Current qubit order: 0  1  6  7  60  61  4  5  10  8  9  2  3  12  13  11  20  21  24  14  15  25  32  19  18  26  27  33  36  37  40  41  62  42  43  49  48  65  64  45  63  38  44  75  58  59  52  56  23  28  17  16  74  57  29  81  91  90  53  69  68  54  50  55  47  72  39  51  66  22  73  67  79  70  71  84  85  76  77  93  92  87  35  34  46  31  30  80  89  88  86  83  78  82  94  95  96  97  98  99  100  101  102  103  


  ==> Energy                -309.057102871
  ==> dE                       -2.29e-04
  ==> Gradient Norm             1.78e+00
  ==> Abs. Max. Deriv.          4.12e-02
  ==> Time-Grad. (s)              85.384
  ==> Time-Energy (s)             47.234
  ==> Time-Iter. (s)             132.618

--------------------------------------------------------------------------------
CEO-ADAPT-VQE iteration: 254
--------------------------------------------------------------------------------
    gate        derivative      name       op1       op2       op3        g_unscaled   penalty
    1951       -0.00111884      a_ia      1951                           -0.00223767         2
     788       -0.00079663      a_ia       788                           -0.00159325         2
    1635       -0.00035962      a_ia      1635                           -0.00215771         6
    1960       -0.00035709      a_ia      1960                           -0.00214253         6
   99028       -0.00035237        om     45455     45456                 -0.02219962        63
   45455       -0.00035147    a_iajb     45455                           -0.02214250        63
   99027       -0.00035056        op     45455     45456                 -0.02208537        63
   99666        0.00034913        om     45997     45998                  0.01850380        53
   45997        0.00034328    a_iajb     45997                            0.01819378        53
   99665        0.00033743        op     45997     45998                  0.01788376        53

  ==> Add operator: a_ia 1951
  ==> Current qubit order: 0  1  6  7  60  61  4  5  10  8  9  2  3  12  13  11  20  21  24  14  15  25  32  19  18  26  27  33  36  37  40  41  62  42  43  49  48  65  64  45  63  38  44  75  58  59  52  56  23  28  17  16  74  57  29  81  91  90  53  69  68  54  50  55  47  72  39  51  66  22  73  67  79  70  71  84  85  76  77  93  92  87  35  34  46  31  30  80  89  88  86  83  78  82  94  95  96  97  98  99  100  101  102  103  


  ==> Energy                -309.057106355
  ==> dE                       -3.48e-06
  ==> Gradient Norm             1.78e+00
  ==> Abs. Max. Deriv.          4.12e-02
  ==> Time-Grad. (s)              85.847
  ==> Time-Energy (s)             25.204
  ==> Time-Iter. (s)             111.051

--------------------------------------------------------------------------------
CEO-ADAPT-VQE iteration: 255
--------------------------------------------------------------------------------
    gate        derivative      name       op1       op2       op3        g_unscaled   penalty
     788       -0.00074105      a_ia       788                           -0.00148211         2
    1635       -0.00037522      a_ia      1635                           -0.00225132         6
    1960       -0.00036068      a_ia      1960                           -0.00216406         6
   99028       -0.00035041        om     45455     45456                 -0.02207580        63
   45455       -0.00034951    a_iajb     45455                           -0.02201943        63
   99027       -0.00034862        op     45455     45456                 -0.02196305        63
   99666        0.00034694        om     45997     45998                  0.01838765        53
   45997        0.00034113    a_iajb     45997                            0.01808010        53
   99665        0.00033533        op     45997     45998                  0.01777254        53
   88270       -0.00033460        om     37471     37473                 -0.02041052        61

  ==> Add operator: a_ia 1960
  ==> Current qubit order: 0  1  6  7  60  61  4  5  10  8  9  2  3  12  13  11  20  21  24  14  15  25  32  19  18  26  27  33  36  37  40  41  62  42  43  49  48  65  64  45  63  38  44  75  58  59  52  56  23  28  17  16  74  57  29  81  91  90  53  69  68  54  55  47  50  72  39  51  66  22  73  67  79  70  71  84  85  76  77  93  92  87  35  34  46  31  30  80  89  88  86  83  78  82  94  95  96  97  98  99  100  101  102  103  


  ==> Energy                -309.057107698
  ==> dE                       -1.34e-06
  ==> Gradient Norm             1.78e+00
  ==> Abs. Max. Deriv.          4.12e-02
  ==> Time-Grad. (s)              85.983
  ==> Time-Energy (s)             25.557
  ==> Time-Iter. (s)             111.540

--------------------------------------------------------------------------------
CEO-ADAPT-VQE iteration: 256
--------------------------------------------------------------------------------
    gate        derivative      name       op1       op2       op3        g_unscaled   penalty
     788       -0.00073704      a_ia       788                           -0.00147409         2
   99028       -0.00041657        om     45455     45456                 -0.02207810        53
   45455       -0.00041545    a_iajb     45455                           -0.02201908        53
   99027       -0.00041434        op     45455     45456                 -0.02196007        53
   99666        0.00037492        om     45997     45998                  0.01837091        49
   45997        0.00036860    a_iajb     45997                            0.01806157        49
   99665        0.00036229        op     45997     45998                  0.01775222        49
   88270       -0.00035808        om     37471     37473                 -0.02041033        57
   99644        0.00033946        om     45975     45976                  0.01663340        49
   45975        0.00033946    a_iajb     45975                            0.01663339        49

  ==> Add operator: mvp2 -1: 45455 45456
  ==> Current qubit order: 0  1  6  7  60  61  4  5  10  8  9  2  3  12  13  11  20  21  24  14  15  25  32  19  18  26  27  33  36  37  40  41  62  42  43  49  48  65  64  45  63  38  44  75  58  59  52  56  23  28  17  16  74  57  29  81  91  90  53  69  68  54  55  47  50  72  79  39  51  66  22  73  67  70  71  84  85  76  77  93  92  87  35  34  46  31  30  80  89  88  86  83  78  82  94  95  96  97  98  99  100  101  102  103  


  ==> Energy                -309.057174816
  ==> dE                       -6.71e-05
  ==> Gradient Norm             1.78e+00
  ==> Abs. Max. Deriv.          4.12e-02
  ==> Time-Grad. (s)              85.937
  ==> Time-Energy (s)             49.515
  ==> Time-Iter. (s)             135.452

--------------------------------------------------------------------------------
CEO-ADAPT-VQE iteration: 257
--------------------------------------------------------------------------------
    gate        derivative      name       op1       op2       op3        g_unscaled   penalty
    1647       -0.00082702      a_ia      1647                           -0.00165404         2
     788       -0.00073817      a_ia       788                           -0.00147634         2
   88270       -0.00035806        om     37471     37473                 -0.02040964        57
   99666        0.00034151        om     45997     45998                  0.01809984        53
   45997        0.00033761    a_iajb     45997                            0.01789344        53
   99665        0.00033372        op     45997     45998                  0.01768704        53
   88680       -0.00033207        om     37723     37724                 -0.02224844        67
   99644        0.00032607        om     45975     45976                  0.01662937        51
   45975        0.00032607    a_iajb     45975                            0.01662936        51
   99643        0.00032607        op     45975     45976                  0.01662935        51

  ==> Add operator: a_ia 1647
  ==> Current qubit order: 0  1  6  7  60  61  4  5  10  8  9  2  3  12  13  11  20  21  24  14  15  25  32  19  18  26  27  33  36  37  40  41  62  42  43  49  48  65  64  45  63  38  44  75  58  59  52  56  23  28  17  16  74  57  29  81  91  90  53  69  68  54  55  47  50  72  79  39  51  66  22  73  67  70  71  84  85  76  77  93  92  87  35  34  46  31  30  80  89  88  86  83  78  82  94  95  96  97  98  99  100  101  102  103  


  ==> Energy                -309.057175360
  ==> dE                       -5.44e-07
  ==> Gradient Norm             1.78e+00
  ==> Abs. Max. Deriv.          4.12e-02
  ==> Time-Grad. (s)              86.011
  ==> Time-Energy (s)             25.820
  ==> Time-Iter. (s)             111.831

--------------------------------------------------------------------------------
CEO-ADAPT-VQE iteration: 258
--------------------------------------------------------------------------------
    gate        derivative      name       op1       op2       op3        g_unscaled   penalty
     788       -0.00073798      a_ia       788                           -0.00147596         2
   88270       -0.00035806        om     37471     37473                 -0.02040962        57
   99666        0.00034151        om     45997     45998                  0.01809984        53
   45997        0.00033761    a_iajb     45997                            0.01789343        53
   99665        0.00033372        op     45997     45998                  0.01768701        53
   88680       -0.00033210        om     37723     37724                 -0.02225071        67
   99644        0.00032607        om     45975     45976                  0.01662937        51
   45975        0.00032607    a_iajb     45975                            0.01662936        51
   99643        0.00032607        op     45975     45976                  0.01662935        51
   88266       -0.00031470        om     37471     37472                 -0.01793763        57

  ==> Add operator: mvp2 -1: 37471 37473
  ==> Current qubit order: 0  1  6  7  60  61  4  5  10  8  9  2  3  12  13  11  20  21  24  14  15  25  32  19  18  26  27  33  36  37  40  41  62  42  43  49  48  65  64  45  63  38  44  75  58  59  52  56  23  28  17  16  74  57  81  91  90  53  68  29  69  55  47  54  50  72  79  39  51  66  22  73  67  70  71  84  85  76  77  93  92  87  35  34  46  31  30  80  89  88  86  83  78  82  94  95  96  97  98  99  100  101  102  103  


  ==> Energy                -309.057342093
  ==> dE                       -1.67e-04
  ==> Gradient Norm             1.78e+00
  ==> Abs. Max. Deriv.          4.12e-02
  ==> Time-Grad. (s)              85.666
  ==> Time-Energy (s)             49.435
  ==> Time-Iter. (s)             135.101

--------------------------------------------------------------------------------
CEO-ADAPT-VQE iteration: 259
--------------------------------------------------------------------------------
    gate        derivative      name       op1       op2       op3        g_unscaled   penalty
     788       -0.00073500      a_ia       788                           -0.00147000         2
   88680       -0.00045391        om     37723     37724                 -0.02224161        49
   37723       -0.00038612    a_iajb     37723                           -0.01891996        49
   88300       -0.00038473        om     37486     37488                 -0.01885184        49
   85955        0.00038016        op     35695     35696                  0.02471050        65
   35695        0.00035057    a_iajb     35695                            0.02278729        65
   99666        0.00034167        om     45997     45998                  0.01810875        53
   45997        0.00033753    a_iajb     45997                            0.01788888        53
   88295       -0.00033410        op     37486     37487                 -0.01637097        49
   37486       -0.00033370    a_iajb     37486                           -0.01635106        49

  ==> Add operator: mvp2 -1: 37723 37724
  ==> Current qubit order: 0  1  6  7  60  61  4  5  10  8  9  2  3  12  13  11  20  21  24  14  15  25  32  19  18  26  27  33  36  37  40  41  62  42  43  49  48  65  64  45  63  38  44  75  58  59  52  56  23  28  17  16  74  57  81  91  90  53  68  69  55  47  29  54  50  79  72  39  51  66  22  73  67  70  71  84  85  76  77  93  92  87  35  34  46  31  30  80  89  88  86  83  78  82  94  95  96  97  98  99  100  101  102  103  


  ==> Energy                -309.057542442
  ==> dE                       -2.00e-04
  ==> Gradient Norm             1.78e+00
  ==> Abs. Max. Deriv.          4.12e-02
  ==> Time-Grad. (s)              86.413
  ==> Time-Energy (s)             46.250
  ==> Time-Iter. (s)             132.663

--------------------------------------------------------------------------------
CEO-ADAPT-VQE iteration: 260
--------------------------------------------------------------------------------
    gate        derivative      name       op1       op2       op3        g_unscaled   penalty
     788       -0.00073414      a_ia       788                           -0.00146829         2
    1307        0.00039034      a_ia      1307                            0.00234202         6
   85955        0.00035813        op     35695     35696                  0.02471074        69
   99666        0.00035517        om     45997     45998                  0.01811383        51
   45997        0.00035090    a_iajb     45997                            0.01789596        51
   99665        0.00034663        op     45997     45998                  0.01767809        51
   88300       -0.00034201        om     37486     37488                 -0.01539050        45
   35695        0.00033018    a_iajb     35695                            0.02278267        69
   99644        0.00032613        om     45975     45976                  0.01663243        51
   45975        0.00032613    a_iajb     45975                            0.01663242        51

  ==> Add operator: a_ia 1307
  ==> Current qubit order: 0  1  6  7  60  61  4  5  10  8  9  2  3  12  13  11  20  21  24  14  15  25  32  19  18  26  27  33  36  37  40  41  62  42  43  49  48  65  64  45  63  38  44  75  58  59  52  56  23  28  17  16  74  57  81  91  90  53  68  69  55  47  54  50  29  79  72  39  51  66  22  73  67  70  71  84  85  76  77  93  92  87  35  34  46  31  30  80  89  88  86  83  78  82  94  95  96  97  98  99  100  101  102  103  


  ==> Energy                -309.057543282
  ==> dE                       -8.41e-07
  ==> Gradient Norm             1.77e+00
  ==> Abs. Max. Deriv.          4.12e-02
  ==> Time-Grad. (s)              87.118
  ==> Time-Energy (s)             25.259
  ==> Time-Iter. (s)             112.378

--------------------------------------------------------------------------------
CEO-ADAPT-VQE iteration: 261
--------------------------------------------------------------------------------
    gate        derivative      name       op1       op2       op3        g_unscaled   penalty
     788       -0.00073156      a_ia       788                           -0.00146313         2
   85955        0.00035813        op     35695     35696                  0.02471079        69
   99666        0.00034178        om     45997     45998                  0.01811429        53
   45997        0.00033767    a_iajb     45997                            0.01789640        53
   99665        0.00033356        op     45997     45998                  0.01767852        53
   35695        0.00033018    a_iajb     35695                            0.02278273        69
   86098       -0.00031726        om     35837     35838                 -0.02189104        69
   35837       -0.00031543    a_iajb     35837                           -0.02176484        69
    1490       -0.00031497      a_ia      1490                           -0.00188982         6
   99644        0.00031382        om     45975     45976                  0.01663243        53

  ==> Add operator: mvp2 -1: 35695 35696
  ==> Current qubit order: 0  1  6  7  60  61  4  5  10  8  9  2  3  12  13  11  20  21  24  14  15  25  32  19  18  26  27  33  36  37  40  41  62  42  43  49  48  65  64  45  63  38  44  75  58  59  52  56  23  17  16  74  57  81  91  28  68  55  47  90  53  69  54  50  29  79  72  39  51  66  22  73  67  70  71  84  85  76  77  93  92  87  35  34  46  31  30  80  89  88  86  83  78  82  94  95  96  97  98  99  100  101  102  103  


  ==> Energy                -309.057704145
  ==> dE                       -1.61e-04
  ==> Gradient Norm             1.77e+00
  ==> Abs. Max. Deriv.          4.12e-02
  ==> Time-Grad. (s)              86.842
  ==> Time-Energy (s)             46.523
  ==> Time-Iter. (s)             133.365

--------------------------------------------------------------------------------
CEO-ADAPT-VQE iteration: 262
--------------------------------------------------------------------------------
    gate        derivative      name       op1       op2       op3        g_unscaled   penalty
     788       -0.00073100      a_ia       788                           -0.00146200         2
    1265        0.00043236      a_ia      1265                            0.00086472         2
   85977       -0.00039496        op     35717     35718                 -0.01698321        43
   86098       -0.00036907        om     35837     35838                 -0.02177494        59
   35717       -0.00036717    a_iajb     35717                           -0.01578842        43
   35837       -0.00036693    a_iajb     35837                           -0.02164892        59
    2088       -0.00036538      a_ia      2088                           -0.00292301         8
   86097       -0.00036479        op     35837     35838                 -0.02152290        59
   99666        0.00034185        om     45997     45998                  0.01811821        53
   85978       -0.00033939        om     35717     35718                 -0.01459363        43

  ==> Tried operator a_ia 1265: gain -3.19e-07 (threshold 4.5e-07), removed and excluded for this stage
  ==> Add operator: mvp2 -1: 35717 35718
  ==> Current qubit order: 0  1  6  7  60  61  4  5  10  8  9  2  3  12  13  11  20  21  24  14  15  25  32  19  18  26  27  33  36  37  40  41  62  42  43  49  48  65  64  45  63  38  44  75  58  59  52  56  23  17  16  74  57  81  91  68  28  55  47  90  53  69  54  50  29  79  72  39  51  66  22  73  67  70  71  84  85  76  77  93  92  87  35  34  46  31  30  80  89  88  86  83  78  82  94  95  96  97  98  99  100  101  102  103  


  ==> Energy                -309.057754272
  ==> dE                       -5.01e-05
  ==> Gradient Norm             1.77e+00
  ==> Abs. Max. Deriv.          4.12e-02
  ==> Time-Grad. (s)              87.080
  ==> Time-Energy (s)             76.597
  ==> Time-Iter. (s)             163.677

--------------------------------------------------------------------------------
CEO-ADAPT-VQE iteration: 263
--------------------------------------------------------------------------------
    gate        derivative      name       op1       op2       op3        g_unscaled   penalty
     788       -0.00073090      a_ia       788                           -0.00146180         2
    1265        0.00042061      a_ia      1265                            0.00084122         2
   86098       -0.00038519        om     35837     35838                 -0.02195587        57
   35837       -0.00037865    a_iajb     35837                           -0.02158315        57
    2088       -0.00037487      a_ia      2088                           -0.00299898         8
   86097       -0.00037211        op     35837     35838                 -0.02121043        57
   99666        0.00034190        om     45997     45998                  0.01812077        53
   45997        0.00033750    a_iajb     45997                            0.01788751        53
   99665        0.00033310        op     45997     45998                  0.01765425        53
   85961       -0.00033024        op     35701     35702                 -0.02014473        61

  ==> Add operator: mvp2 -1: 35837 35838
  ==> Current qubit order: 0  1  6  7  60  61  4  5  10  8  9  2  3  12  13  11  20  21  24  14  15  25  32  19  18  26  27  33  36  37  40  41  62  42  43  49  48  65  64  45  63  38  44  75  58  59  52  56  23  17  16  74  57  91  81  28  47  90  68  55  53  69  54  50  29  79  72  39  51  66  22  73  67  70  71  84  85  76  77  93  92  87  35  34  46  31  30  80  89  88  86  83  78  82  94  95  96  97  98  99  100  101  102  103  


  ==> Energy                -309.057817653
  ==> dE                       -6.34e-05
  ==> Gradient Norm             1.77e+00
  ==> Abs. Max. Deriv.          4.12e-02
  ==> Time-Grad. (s)              88.116
  ==> Time-Energy (s)             48.684
  ==> Time-Iter. (s)             136.800

--------------------------------------------------------------------------------
CEO-ADAPT-VQE iteration: 264
--------------------------------------------------------------------------------
    gate        derivative      name       op1       op2       op3        g_unscaled   penalty
    2027       -0.00076489      a_ia      2027                           -0.00152977         2
     788       -0.00073123      a_ia       788                           -0.00146245         2
    1884        0.00043793      a_ia      1884                            0.00175174         4
    1063        0.00039519      a_ia      1063                            0.00632309        16
   99666        0.00034187        om     45997     45998                  0.01811916        53
   45997        0.00033751    a_iajb     45997                            0.01788813        53
   99665        0.00033315        op     45997     45998                  0.01765709        53
    1490       -0.00031559      a_ia      1490                           -0.00189357         6
   99644        0.00031382        om     45975     45976                  0.01663238        53
   45975        0.00031382    a_iajb     45975                            0.01663237        53

  ==> Add operator: a_ia 2027
  ==> Current qubit order: 0  1  6  7  60  61  4  5  10  8  9  2  3  12  13  11  20  21  24  14  15  25  32  19  18  26  27  33  36  37  40  41  62  42  43  49  48  65  64  45  63  38  44  75  58  59  52  56  23  17  16  74  57  91  81  28  47  90  68  55  53  69  54  50  29  79  72  39  51  66  22  73  67  70  71  84  85  76  77  93  92  87  35  34  46  31  30  80  89  88  86  83  78  82  94  95  96  97  98  99  100  101  102  103  


  ==> Energy                -309.058520976
  ==> dE                       -7.03e-04
  ==> Gradient Norm             1.77e+00
  ==> Abs. Max. Deriv.          4.12e-02
  ==> Time-Grad. (s)              87.917
  ==> Time-Energy (s)           1148.350
  ==> Time-Iter. (s)            1236.267

--------------------------------------------------------------------------------
CEO-ADAPT-VQE iteration: 265
--------------------------------------------------------------------------------
    gate        derivative      name       op1       op2       op3        g_unscaled   penalty
    1036        0.00042929      a_ia      1036                            0.00343429         8
    1063        0.00038369      a_ia      1063                            0.00613906        16
    1884        0.00037205      a_ia      1884                            0.00148819         4
   99666        0.00035949        om     45997     45998                  0.01905275        53
   45997        0.00035559    a_iajb     45997                            0.01884614        53
   99665        0.00035169        op     45997     45998                  0.01863954        53
   99644        0.00031318        om     45975     45976                  0.01659837        53
   45975        0.00031318    a_iajb     45975                            0.01659835        53
   99643        0.00031318        op     45975     45976                  0.01659834        53
   90445       -0.00030483        op     39002     39004                 -0.01554615        51

  ==> Add operator: a_ia 1036
  ==> Current qubit order: 0  1  6  7  60  61  4  5  10  8  9  2  3  12  13  11  20  21  24  14  15  25  32  19  18  26  27  33  36  37  40  41  62  42  43  49  48  65  64  45  63  38  44  75  58  59  52  56  23  17  16  74  57  91  81  28  47  90  68  55  53  69  54  50  29  79  39  51  66  72  22  73  67  70  71  84  85  76  77  93  92  87  35  34  46  31  30  80  89  88  86  83  78  82  94  95  96  97  98  99  100  101  102  103  


  ==> Energy                -309.058523261
  ==> dE                       -2.29e-06
  ==> Gradient Norm             1.77e+00
  ==> Abs. Max. Deriv.          4.12e-02
  ==> Time-Grad. (s)              89.467
  ==> Time-Energy (s)             26.113
  ==> Time-Iter. (s)             115.581

--------------------------------------------------------------------------------
CEO-ADAPT-VQE iteration: 266
--------------------------------------------------------------------------------
    gate        derivative      name       op1       op2       op3        g_unscaled   penalty
    1063        0.00038360      a_ia      1063                            0.00613754        16
    1884        0.00037367      a_ia      1884                            0.00149467         4
   99666        0.00035979        om     45997     45998                  0.01906874        53
   45997        0.00035589    a_iajb     45997                            0.01886199        53
   99665        0.00035199        op     45997     45998                  0.01865524        53
   99644        0.00031318        om     45975     45976                  0.01659842        53
   45975        0.00031318    a_iajb     45975                            0.01659840        53
   99643        0.00031318        op     45975     45976                  0.01659839        53
   90445       -0.00030483        op     39002     39004                 -0.01554649        51
   90441       -0.00030481        op     39002     39003                 -0.01554529        51

  ==> Add operator: a_ia 1063
  ==> Current qubit order: 0  1  6  7  60  61  4  5  10  8  9  2  3  12  13  11  20  21  24  14  15  25  32  19  18  26  27  33  36  37  40  41  62  42  43  49  48  65  64  45  63  38  44  75  58  59  52  56  17  16  74  57  91  81  28  23  47  90  68  55  53  69  54  50  29  79  39  51  66  72  22  73  67  70  71  84  85  76  77  93  92  87  35  34  46  31  30  80  89  88  86  83  78  82  94  95  96  97  98  99  100  101  102  103  


  ==> Energy                -309.058853274
  ==> dE                       -3.30e-04
  ==> Gradient Norm             1.77e+00
  ==> Abs. Max. Deriv.          4.12e-02
  ==> Time-Grad. (s)              89.720
  ==> Time-Energy (s)             26.017
  ==> Time-Iter. (s)             115.738

--------------------------------------------------------------------------------
CEO-ADAPT-VQE iteration: 267
--------------------------------------------------------------------------------
    gate        derivative      name       op1       op2       op3        g_unscaled   penalty
   99666        0.00035810        om     45997     45998                  0.01897918        53
   45997        0.00035439    a_iajb     45997                            0.01878260        53
   99665        0.00035068        op     45997     45998                  0.01858603        53
    2004        0.00032427      a_ia      2004                            0.00129707         4
   99644        0.00031326        om     45975     45976                  0.01660281        53
   45975        0.00031326    a_iajb     45975                            0.01660280        53
   99643        0.00031326        op     45975     45976                  0.01660278        53
   90445       -0.00030481        op     39002     39004                 -0.01554540        51
   90441       -0.00030473        op     39002     39003                 -0.01554107        51
   39002       -0.00030026    a_iajb     39002                           -0.01531338        51

  ==> Add operator: mvp2 -1: 45997 45998
  ==> Current qubit order: 0  1  6  7  60  61  4  5  10  8  9  2  3  12  13  11  20  21  24  14  15  25  32  19  18  26  27  33  36  37  40  41  62  42  43  49  48  65  64  45  63  38  44  75  58  59  52  56  17  16  74  57  91  81  28  23  47  90  68  55  53  69  54  29  79  39  66  50  51  72  73  22  67  70  71  84  85  76  77  93  92  87  35  34  46  31  30  80  89  88  86  83  78  82  94  95  96  97  98  99  100  101  102  103  


  ==> Energy                -309.058921125
  ==> dE                       -6.79e-05
  ==> Gradient Norm             1.77e+00
  ==> Abs. Max. Deriv.          4.12e-02
  ==> Time-Grad. (s)              90.145
  ==> Time-Energy (s)             46.914
  ==> Time-Iter. (s)             137.059

--------------------------------------------------------------------------------
CEO-ADAPT-VQE iteration: 268
--------------------------------------------------------------------------------
    gate        derivative      name       op1       op2       op3        g_unscaled   penalty
    1957        0.00051204      a_ia      1957                            0.00102407         2
    1025        0.00033142      a_ia      1025                            0.00265134         8
    2004        0.00032407      a_ia      2004                            0.00129627         4
   90445       -0.00030490        op     39002     39004                 -0.01555008        51
   90441       -0.00030471        op     39002     39003                 -0.01554037        51
   99644        0.00030061        om     45975     45976                  0.01653348        55
   45975        0.00030061    a_iajb     45975                            0.01653347        55
   99643        0.00030061        op     45975     45976                  0.01653345        55
   39002       -0.00030028    a_iajb     39002                           -0.01531420        51
   89506        0.00030007        om     38366     38367                  0.01410316        47

  ==> Tried operator a_ia 1957: gain -4.82e-07 (threshold 5.7e-07), removed and excluded for this stage
  ==> Add operator: a_ia 1025
  ==> Current qubit order: 0  1  6  7  60  61  4  5  10  8  9  2  3  12  13  11  20  21  24  14  15  25  32  19  18  26  27  33  36  37  40  41  62  42  43  49  48  65  64  45  63  38  44  75  58  59  52  56  17  16  74  57  91  81  28  23  47  90  68  55  53  69  54  29  79  39  66  51  72  73  50  22  67  70  71  84  85  76  77  93  92  87  35  34  46  31  30  80  89  88  86  83  78  82  94  95  96  97  98  99  100  101  102  103  


  ==> Energy                -309.058975313
  ==> dE                       -5.42e-05
  ==> Gradient Norm             1.77e+00
  ==> Abs. Max. Deriv.          4.12e-02
  ==> Time-Grad. (s)              90.191
  ==> Time-Energy (s)             55.444
  ==> Time-Iter. (s)             145.635

--------------------------------------------------------------------------------
CEO-ADAPT-VQE iteration: 269
--------------------------------------------------------------------------------
    gate        derivative      name       op1       op2       op3        g_unscaled   penalty
    2004        0.00034905      a_ia      2004                            0.00139621         4
   99644        0.00032435        om     45975     45976                  0.01654206        51
   45975        0.00032435    a_iajb     45975                            0.01654205        51
   99643        0.00032435        op     45975     45976                  0.01654204        51
    1963        0.00031916      a_ia      1963                            0.01404289        44
   90445       -0.00030479        op     39002     39004                 -0.01554405        51
   90441       -0.00030464        op     39002     39003                 -0.01553675        51
   39002       -0.00030020    a_iajb     39002                           -0.01531003        51
   89506        0.00030006        om     38366     38367                  0.01410273        47
   91969       -0.00029901        op     40182     40183                 -0.01644567        55

  ==> Add operator: a_ia 2004
  ==> Current qubit order: 0  1  6  7  60  61  4  5  10  8  9  2  3  12  13  11  20  21  24  14  15  25  32  19  18  26  27  33  36  37  40  41  62  42  43  49  48  65  64  45  63  38  44  75  59  58  52  56  17  16  74  57  91  81  28  23  47  90  68  55  53  69  54  29  79  39  66  51  72  73  50  22  67  70  71  84  85  76  77  93  92  87  35  34  46  31  30  80  89  88  86  83  78  82  94  95  96  97  98  99  100  101  102  103  


  ==> Energy                -309.058989533
  ==> dE                       -1.42e-05
  ==> Gradient Norm             1.77e+00
  ==> Abs. Max. Deriv.          4.12e-02
  ==> Time-Grad. (s)              90.417
  ==> Time-Energy (s)             25.828
  ==> Time-Iter. (s)             116.245

--------------------------------------------------------------------------------
CEO-ADAPT-VQE iteration: 270
--------------------------------------------------------------------------------
    gate        derivative      name       op1       op2       op3        g_unscaled   penalty
   99644        0.00032401        om     45975     45976                  0.01652437        51
   45975        0.00032401    a_iajb     45975                            0.01652436        51
   99643        0.00032401        op     45975     45976                  0.01652435        51
    1963        0.00031991      a_ia      1963                            0.01407603        44
    1066       -0.00030531      a_ia      1066                           -0.00305309        10
   90445       -0.00030478        op     39002     39004                 -0.01554362        51
   90441       -0.00030466        op     39002     39003                 -0.01553755        51
   39002       -0.00030020    a_iajb     39002                           -0.01531044        51
   89506        0.00030006        om     38366     38367                  0.01410279        47
   91969       -0.00029898        op     40182     40183                 -0.01644378        55

  ==> Add operator: om -1: 45975 45976
  ==> Current qubit order: 0  1  6  7  60  61  4  5  10  8  9  2  3  12  13  11  20  21  24  14  15  25  32  19  18  26  27  33  36  37  40  41  62  42  43  49  48  65  64  45  63  38  44  75  59  58  52  56  17  16  74  57  91  81  28  23  47  90  68  55  53  69  54  29  79  39  72  73  66  51  50  67  22  70  71  84  85  76  77  93  92  87  35  34  46  31  30  80  89  88  86  83  78  82  94  95  96  97  98  99  100  101  102  103  


  ==> Energy                -309.059038948
  ==> dE                       -4.94e-05
  ==> Gradient Norm             1.77e+00
  ==> Abs. Max. Deriv.          4.12e-02
  ==> Time-Grad. (s)              90.465
  ==> Time-Energy (s)             25.829
  ==> Time-Iter. (s)             116.294

--------------------------------------------------------------------------------
CEO-ADAPT-VQE iteration: 271
--------------------------------------------------------------------------------
    gate        derivative      name       op1       op2       op3        g_unscaled   penalty
   86050        0.00034010        om     35789     35790                  0.02074640        61
   35789        0.00033395    a_iajb     35789                            0.02037122        61
   86049        0.00032780        op     35789     35790                  0.01999604        61
    1963        0.00031945      a_ia      1963                            0.01405587        44
   90445       -0.00030478        op     39002     39004                 -0.01554364        51
   90441       -0.00030466        op     39002     39003                 -0.01553757        51
    1066       -0.00030460      a_ia      1066                           -0.00304601        10
   39002       -0.00030021    a_iajb     39002                           -0.01531046        51
   89506        0.00030005        om     38366     38367                  0.01410246        47
   91969       -0.00029898        op     40182     40183                 -0.01644380        55

  ==> Add operator: mvp2 -1: 35789 35790
  ==> Current qubit order: 0  1  6  7  60  61  4  5  10  8  9  2  3  12  13  11  20  21  24  14  15  25  32  19  18  26  27  33  36  37  40  41  62  42  43  49  48  65  64  45  63  38  44  75  59  58  52  56  17  16  74  57  91  81  23  28  47  90  73  68  55  53  69  54  29  79  39  72  66  51  50  67  22  70  71  84  85  76  77  93  92  87  35  34  46  31  30  80  89  88  86  83  78  82  94  95  96  97  98  99  100  101  102  103  


  ==> Energy                -309.059097128
  ==> dE                       -5.82e-05
  ==> Gradient Norm             1.77e+00
  ==> Abs. Max. Deriv.          4.12e-02
  ==> Time-Grad. (s)              90.579
  ==> Time-Energy (s)             46.880
  ==> Time-Iter. (s)             137.459

--------------------------------------------------------------------------------
CEO-ADAPT-VQE iteration: 272
--------------------------------------------------------------------------------
    gate        derivative      name       op1       op2       op3        g_unscaled   penalty
    1276       -0.00045231      a_ia      1276                           -0.00180922         4
   69763       -0.00032097        op     23070     23071                 -0.01957935        61
    1963        0.00031972      a_ia      1963                            0.01406778        44
   23070       -0.00031815    a_iajb     23070                           -0.01940725        61
   69764       -0.00031533        om     23070     23071                 -0.01923515        61
   90445       -0.00030480        op     39002     39004                 -0.01554483        51
   90441       -0.00030466        op     39002     39003                 -0.01553781        51
   85992        0.00030272        om     35731     35732                  0.01664971        55
    1076       -0.00030170      a_ia      1076                           -0.00241359         8
   39002       -0.00030021    a_iajb     39002                           -0.01531095        51

  ==> Add operator: a_ia 1276
  ==> Current qubit order: 0  1  6  7  60  61  4  5  10  8  9  2  3  12  13  11  20  21  24  14  15  25  32  19  18  26  27  33  36  37  40  41  62  42  43  49  48  65  64  45  63  38  44  75  59  58  52  56  17  16  74  57  91  81  23  47  28  90  73  68  55  53  69  54  29  79  39  72  66  51  50  67  22  70  71  84  85  76  77  93  92  87  35  34  46  31  30  80  89  88  86  83  78  82  94  95  96  97  98  99  100  101  102  103  


  ==> Energy                -309.059097750
  ==> dE                       -6.23e-07
  ==> Gradient Norm             1.77e+00
  ==> Abs. Max. Deriv.          4.12e-02
  ==> Time-Grad. (s)              90.824
  ==> Time-Energy (s)             27.661
  ==> Time-Iter. (s)             118.485

--------------------------------------------------------------------------------
CEO-ADAPT-VQE iteration: 273
--------------------------------------------------------------------------------
    gate        derivative      name       op1       op2       op3        g_unscaled   penalty
    1884        0.00039323      a_ia      1884                            0.00157294         4
   69763       -0.00035601        op     23070     23071                 -0.01958051        55
   23070       -0.00035287    a_iajb     23070                           -0.01940772        55
   69764       -0.00034973        om     23070     23071                 -0.01923493        55
    1963        0.00031936      a_ia      1963                            0.01405174        44
   69789        0.00030979        op     23096     23097                  0.01641874        53
    1881       -0.00030963      a_ia      1881                           -0.00743118        24
   23096        0.00030667    a_iajb     23096                            0.01625336        53
   90445       -0.00030480        op     39002     39004                 -0.01554477        51
   90441       -0.00030466        op     39002     39003                 -0.01553776        51

  ==> Add operator: a_ia 1884
  ==> Current qubit order: 0  1  6  7  60  61  4  5  10  8  9  2  3  12  13  11  20  21  24  14  15  25  32  19  18  26  27  33  36  37  40  41  62  42  43  49  48  65  64  45  63  38  44  75  59  58  52  56  17  16  74  57  91  23  81  47  28  90  73  68  55  53  69  54  29  79  39  72  66  51  50  67  22  70  71  84  85  76  77  93  92  87  35  34  46  31  30  80  89  88  86  83  78  82  94  95  96  97  98  99  100  101  102  103  


  ==> Energy                -309.059098336
  ==> dE                       -5.85e-07
  ==> Gradient Norm             1.77e+00
  ==> Abs. Max. Deriv.          4.12e-02
  ==> Time-Grad. (s)              90.910
  ==> Time-Energy (s)             26.323
  ==> Time-Iter. (s)             117.234

--------------------------------------------------------------------------------
CEO-ADAPT-VQE iteration: 274
--------------------------------------------------------------------------------
    gate        derivative      name       op1       op2       op3        g_unscaled   penalty
   69763       -0.00035623        op     23070     23071                 -0.01959268        55
   23070       -0.00035310    a_iajb     23070                           -0.01942025        55
   69764       -0.00034996        om     23070     23071                 -0.01924781        55
   69789        0.00032194        op     23096     23097                  0.01641902        51
    1963        0.00031915      a_ia      1963                            0.01404266        44
   23096        0.00031871    a_iajb     23096                            0.01625427        51
   69790        0.00031548        om     23096     23097                  0.01608952        51
    1881       -0.00030941      a_ia      1881                           -0.00742580        24
   90445       -0.00030480        op     39002     39004                 -0.01554495        51
   90441       -0.00030466        op     39002     39003                 -0.01553776        51

  ==> Add operator: mvp2 -1: 23070 23071
  ==> Current qubit order: 0  1  6  7  60  61  4  5  10  8  9  2  3  12  13  11  20  21  24  14  15  25  32  19  18  26  27  33  36  37  40  41  62  42  43  49  48  65  64  45  63  38  44  75  59  58  52  56  17  74  57  91  23  81  16  47  90  73  28  68  55  53  69  54  29  79  39  72  66  51  50  67  22  70  71  84  85  76  77  93  92  87  35  34  46  31  30  80  89  88  86  83  78  82  94  95  96  97  98  99  100  101  102  103  


  ==> Energy                -309.059137807
  ==> dE                       -3.95e-05
  ==> Gradient Norm             1.77e+00
  ==> Abs. Max. Deriv.          4.12e-02
  ==> Time-Grad. (s)              90.786
  ==> Time-Energy (s)             47.535
  ==> Time-Iter. (s)             138.321

--------------------------------------------------------------------------------
CEO-ADAPT-VQE iteration: 275
--------------------------------------------------------------------------------
    gate        derivative      name       op1       op2       op3        g_unscaled   penalty
     796       -0.00064362      a_ia       796                           -0.00257447         4
   69789        0.00039313        op     23096     23097                  0.01611817        41
   23096        0.00038928    a_iajb     23096                            0.01596043        41
    1265        0.00038867      a_ia      1265                            0.00077733         2
   69790        0.00038543        om     23096     23097                  0.01580269        41
    1963        0.00031916      a_ia      1963                            0.01404308        44
   69613        0.00031257        op     22920     22921                  0.02469312        79
    1881       -0.00031009      a_ia      1881                           -0.00744208        24
   90445       -0.00030481        op     39002     39004                 -0.01554520        51
   90441       -0.00030467        op     39002     39003                 -0.01553794        51

  ==> Add operator: a_ia 796
  ==> Current qubit order: 0  1  6  7  60  61  4  5  10  8  9  2  3  12  13  11  20  21  24  14  15  25  32  19  18  26  27  33  36  37  40  41  62  42  43  49  48  65  64  45  63  38  44  75  59  58  52  56  17  74  57  91  23  81  47  16  90  73  28  68  55  53  69  54  29  79  39  72  66  51  50  67  22  70  71  84  85  76  77  93  92  87  35  34  46  31  30  80  89  88  86  83  78  82  94  95  96  97  98  99  100  101  102  103  


  ==> Energy                -309.059138726
  ==> dE                       -9.19e-07
  ==> Gradient Norm             1.77e+00
  ==> Abs. Max. Deriv.          4.12e-02
  ==> Time-Grad. (s)              90.736
  ==> Time-Energy (s)             27.600
  ==> Time-Iter. (s)             118.336

--------------------------------------------------------------------------------
CEO-ADAPT-VQE iteration: 276
--------------------------------------------------------------------------------
    gate        derivative      name       op1       op2       op3        g_unscaled   penalty
    1265        0.00040123      a_ia      1265                            0.00080245         2
   69789        0.00039250        op     23096     23097                  0.01609246        41
   23096        0.00038863    a_iajb     23096                            0.01593364        41
   69790        0.00038475        om     23096     23097                  0.01577481        41
    1881       -0.00033866      a_ia      1881                           -0.00745058        22
   69613        0.00032880        op     22920     22921                  0.02466029        75
    1963        0.00031939      a_ia      1963                            0.01405327        44
   69695        0.00031799        op     23002     23003                  0.02003368        63
   23002        0.00031721    a_iajb     23002                            0.01998393        63
   69696        0.00031642        om     23002     23003                  0.01993419        63

  ==> Add operator: mvp2 -1: 23096 23097
  ==> Current qubit order: 0  1  6  7  60  61  4  5  10  8  9  2  3  12  13  11  20  21  24  14  15  25  32  19  18  26  27  33  36  37  40  41  62  42  43  49  48  65  64  45  63  38  44  75  59  58  52  56  17  74  57  91  23  81  47  16  90  73  28  68  55  53  69  54  29  79  39  72  66  51  50  67  22  70  71  84  85  76  77  93  92  87  35  34  46  31  30  80  89  88  86  83  78  82  94  95  96  97  98  99  100  101  102  103  


  ==> Energy                -309.059165885
  ==> dE                       -2.72e-05
  ==> Gradient Norm             1.77e+00
  ==> Abs. Max. Deriv.          4.12e-02
  ==> Time-Grad. (s)              90.851
  ==> Time-Energy (s)             52.516
  ==> Time-Iter. (s)             143.366

--------------------------------------------------------------------------------
CEO-ADAPT-VQE iteration: 277
--------------------------------------------------------------------------------
    gate        derivative      name       op1       op2       op3        g_unscaled   penalty
    1265        0.00039998      a_ia      1265                            0.00079996         2
    1881       -0.00033839      a_ia      1881                           -0.00744451        22
   69613        0.00032783        op     22920     22921                  0.02458705        75
    1963        0.00031943      a_ia      1963                            0.01405502        44
   69695        0.00031609        op     23002     23003                  0.01991347        63
   23002        0.00031527    a_iajb     23002                            0.01986221        63
   69696        0.00031446        om     23002     23003                  0.01981095        63
   90445       -0.00030478        op     39002     39004                 -0.01554374        51
   90441       -0.00030464        op     39002     39003                 -0.01553676        51
   39002       -0.00030019    a_iajb     39002                           -0.01530955        51

  ==> Add operator: a_ia 1881
  ==> Current qubit order: 0  1  6  7  60  61  4  5  10  8  9  2  3  12  13  11  20  21  24  14  15  25  32  19  18  26  27  33  36  37  40  41  62  42  43  49  48  65  64  45  63  38  44  59  58  52  56  17  74  57  91  23  81  75  47  16  90  73  28  68  55  53  69  54  29  79  39  72  66  51  50  67  22  70  71  84  85  76  77  93  92  87  35  34  46  31  30  80  89  88  86  83  78  82  94  95  96  97  98  99  100  101  102  103  


  ==> Energy                -309.059180479
  ==> dE                       -1.46e-05
  ==> Gradient Norm             1.77e+00
  ==> Abs. Max. Deriv.          4.12e-02
  ==> Time-Grad. (s)              91.073
  ==> Time-Energy (s)             24.980
  ==> Time-Iter. (s)             116.053

--------------------------------------------------------------------------------
CEO-ADAPT-VQE iteration: 278
--------------------------------------------------------------------------------
    gate        derivative      name       op1       op2       op3        g_unscaled   penalty
    1265        0.00040279      a_ia      1265                            0.00080557         2
   72274        0.00036658        om     25111     25113                  0.02602727        71
   88288        0.00035444        om     37480     37482                  0.02374753        67
    1785        0.00035021      a_ia      1785                            0.00210128         6
   88283        0.00032459        op     37480     37481                  0.02174781        67
   37480        0.00032448    a_iajb     37480                            0.02174031        67
   88284        0.00032437        om     37480     37481                  0.02173282        67
   69613        0.00031960        op     22920     22921                  0.02460925        77
   72269        0.00031818        op     25111     25112                  0.02259072        71
    1963        0.00031763      a_ia      1963                            0.01397577        44

  ==> Add operator: mvp2 -1: 25111 25113
  ==> Current qubit order: 0  1  6  7  60  61  4  5  10  8  9  2  3  12  13  11  20  21  24  14  15  25  32  19  18  26  27  33  36  37  40  41  62  42  43  49  48  65  64  45  63  38  44  59  58  52  56  74  57  91  23  81  17  75  47  53  16  90  73  28  68  55  69  54  29  79  39  72  66  51  50  67  22  70  71  84  85  76  77  93  92  87  35  34  46  31  30  80  89  88  86  83  78  82  94  95  96  97  98  99  100  101  102  103  


  ==> Energy                -309.059392172
  ==> dE                       -2.12e-04
  ==> Gradient Norm             1.77e+00
  ==> Abs. Max. Deriv.          4.12e-02
  ==> Time-Grad. (s)              91.395
  ==> Time-Energy (s)             49.656
  ==> Time-Iter. (s)             141.051

--------------------------------------------------------------------------------
CEO-ADAPT-VQE iteration: 279
--------------------------------------------------------------------------------
    gate        derivative      name       op1       op2       op3        g_unscaled   penalty
     834        0.00124362      a_ia       834                            0.00248724         2
    2108       -0.00051411      a_ia      2108                           -0.00102822         2
   69613        0.00044741        op     22920     22921                  0.02460744        55
    1265        0.00039870      a_ia      1265                            0.00079740         2
   22920        0.00038211    a_iajb     22920                            0.02101590        55
    1785        0.00035020      a_ia      1785                            0.00210122         6
   88288        0.00034826        om     37480     37482                  0.02402982        69
   70560        0.00033814        om     23658     23660                  0.01521609        45
   70556        0.00032674        om     23658     23659                  0.01470316        45
   23658        0.00032668    a_iajb     23658                            0.01470055        45

  ==> Add operator: a_ia 834
  ==> Current qubit order: 0  1  6  7  60  61  4  5  10  8  9  2  3  12  13  11  20  21  24  14  15  25  32  19  18  26  27  33  36  37  40  41  62  42  43  49  48  65  64  45  63  38  44  59  58  52  56  74  57  91  23  81  17  75  47  53  16  90  73  28  68  55  69  54  29  79  39  72  66  51  50  67  22  70  71  84  85  76  77  93  92  87  35  34  46  31  30  80  89  88  86  83  78  82  94  95  96  97  98  99  100  101  102  103  


  ==> Energy                -309.059393832
  ==> dE                       -1.66e-06
  ==> Gradient Norm             1.76e+00
  ==> Abs. Max. Deriv.          4.12e-02
  ==> Time-Grad. (s)              92.016
  ==> Time-Energy (s)             26.183
  ==> Time-Iter. (s)             118.199

--------------------------------------------------------------------------------
CEO-ADAPT-VQE iteration: 280
--------------------------------------------------------------------------------
    gate        derivative      name       op1       op2       op3        g_unscaled   penalty
    2108       -0.00051417      a_ia      2108                           -0.00102834         2
   69613        0.00044741        op     22920     22921                  0.02460742        55
    1265        0.00039881      a_ia      1265                            0.00079763         2
   22920        0.00038211    a_iajb     22920                            0.02101587        55
    1785        0.00035138      a_ia      1785                            0.00210825         6
   88288        0.00034826        om     37480     37482                  0.02403008        69
   70560        0.00033815        om     23658     23660                  0.01521685        45
   70556        0.00032674        om     23658     23659                  0.01470322        45
   23658        0.00032668    a_iajb     23658                            0.01470068        45
   70555        0.00032663        op     23658     23659                  0.01469815        45

  ==> Add operator: a_ia 2108
  ==> Current qubit order: 0  1  6  7  60  61  4  5  10  8  9  2  3  12  13  11  20  21  24  14  15  25  32  19  18  26  27  33  36  37  40  41  62  42  43  49  48  65  64  45  63  38  44  59  58  52  56  74  57  91  23  81  17  75  47  53  16  90  73  28  68  55  69  54  29  79  39  72  66  51  50  67  22  70  71  84  85  76  77  93  92  87  35  34  46  31  30  80  89  88  86  83  78  82  94  95  96  97  98  99  100  101  102  103  


  ==> Energy                -309.059446340
  ==> dE                       -5.25e-05
  ==> Gradient Norm             1.76e+00
  ==> Abs. Max. Deriv.          4.12e-02
  ==> Time-Grad. (s)              91.964
  ==> Time-Energy (s)             27.065
  ==> Time-Iter. (s)             119.029

--------------------------------------------------------------------------------
CEO-ADAPT-VQE iteration: 281
--------------------------------------------------------------------------------
    gate        derivative      name       op1       op2       op3        g_unscaled   penalty
    1265        0.00043533      a_ia      1265                            0.00087066         2
   69613        0.00042089        op     22920     22921                  0.02314906        55
   22920        0.00035983    a_iajb     22920                            0.01979070        55
    1785        0.00035069      a_ia      1785                            0.00210415         6
   88288        0.00034802        om     37480     37482                  0.02401368        69
   70560        0.00033823        om     23658     23660                  0.01522054        45
   70556        0.00032680        om     23658     23659                  0.01470584        45
   23658        0.00032672    a_iajb     23658                            0.01470256        45
   70555        0.00032665        op     23658     23659                  0.01469929        45
   69695        0.00032149        op     23002     23003                  0.01961064        61

  ==> Add operator: mvp2 -1: 22920 22921
  ==> Current qubit order: 0  1  6  7  60  61  4  5  10  8  9  2  3  12  13  11  20  21  24  14  15  25  32  19  18  26  27  33  36  37  40  41  62  42  43  49  48  65  64  45  63  38  44  59  58  52  74  57  91  23  81  17  75  56  47  53  16  90  73  28  68  55  69  54  29  79  39  72  66  51  50  67  22  70  71  84  85  76  77  93  92  87  35  34  46  31  30  80  89  88  86  83  78  82  94  95  96  97  98  99  100  101  102  103  


  ==> Energy                -309.059682676
  ==> dE                       -2.36e-04
  ==> Gradient Norm             1.76e+00
  ==> Abs. Max. Deriv.          4.12e-02
  ==> Time-Grad. (s)              92.349
  ==> Time-Energy (s)             54.013
  ==> Time-Iter. (s)             146.361

--------------------------------------------------------------------------------
CEO-ADAPT-VQE iteration: 282
--------------------------------------------------------------------------------
    gate        derivative      name       op1       op2       op3        g_unscaled   penalty
     796        0.00053016      a_ia       796                            0.00106031         2
    1265        0.00043371      a_ia      1265                            0.00086742         2
   69696        0.00042567        om     23002     23003                  0.02000670        47
   23002        0.00041101    a_iajb     23002                            0.01931759        47
   69695        0.00039635        op     23002     23003                  0.01862848        47
    1785        0.00035158      a_ia      1785                            0.00210946         6
   88288        0.00033808        om     37480     37482                  0.02400386        71
   69631       -0.00033489        op     22938     22939                 -0.01373056        41
   70560        0.00032332        om     23658     23660                  0.01519604        47
    2012       -0.00032223      a_ia      2012                           -0.00064446         2

  ==> Add operator: mvp2 -1: 23002 23003
  ==> Current qubit order: 0  1  6  7  60  61  4  5  10  8  9  2  3  12  13  11  20  21  24  14  15  25  32  19  18  26  27  33  36  37  40  41  62  42  43  49  48  65  64  45  63  38  44  59  58  52  74  57  91  23  81  17  75  56  47  16  73  53  90  28  68  55  69  54  29  79  39  72  66  51  50  67  22  70  71  84  85  76  77  93  92  87  35  34  46  31  30  80  89  88  86  83  78  82  94  95  96  97  98  99  100  101  102  103  


  ==> Energy                -309.059789093
  ==> dE                       -1.06e-04
  ==> Gradient Norm             1.76e+00
  ==> Abs. Max. Deriv.          4.12e-02
  ==> Time-Grad. (s)              92.913
  ==> Time-Energy (s)             49.853
  ==> Time-Iter. (s)             142.766

--------------------------------------------------------------------------------
CEO-ADAPT-VQE iteration: 283
--------------------------------------------------------------------------------
    gate        derivative      name       op1       op2       op3        g_unscaled   penalty
     779       -0.00075698      a_ia       779                           -0.00302791         4
    1265        0.00042720      a_ia      1265                            0.00085440         2
    1785        0.00035001      a_ia      1785                            0.00210008         6
   88288        0.00033807        om     37480     37482                  0.02400304        71
    1276        0.00033761      a_ia      1276                            0.00067522         2
   85992        0.00032571        om     35731     35732                  0.01726276        53
    1963        0.00032217      a_ia      1963                            0.01417540        44
    2012       -0.00032196      a_ia      2012                           -0.00064392         2
   35731        0.00031877    a_iajb     35731                            0.01689494        53
   85991        0.00031183        op     35731     35732                  0.01652712        53

  ==> Add operator: a_ia 1785
  ==> Current qubit order: 0  1  6  7  60  61  4  5  10  8  9  2  3  12  13  11  20  21  24  14  15  25  32  19  18  26  27  33  36  37  40  41  62  42  43  49  48  65  64  45  63  38  59  58  44  52  74  57  91  23  81  17  75  56  47  16  73  53  90  28  68  55  69  54  29  79  39  72  66  51  50  67  22  70  71  84  85  76  77  93  92  87  35  34  46  31  30  80  89  88  86  83  78  82  94  95  96  97  98  99  100  101  102  103  


  ==> Energy                -309.059791694
  ==> dE                       -2.60e-06
  ==> Gradient Norm             1.76e+00
  ==> Abs. Max. Deriv.          4.12e-02
  ==> Time-Grad. (s)              93.425
  ==> Time-Energy (s)             28.685
  ==> Time-Iter. (s)             122.110

--------------------------------------------------------------------------------
CEO-ADAPT-VQE iteration: 284
--------------------------------------------------------------------------------
    gate        derivative      name       op1       op2       op3        g_unscaled   penalty
     779       -0.00075975      a_ia       779                           -0.00303899         4
    1265        0.00043247      a_ia      1265                            0.00086494         2
    1788       -0.00037539      a_ia      1788                           -0.00075078         2
   88288        0.00033807        om     37480     37482                  0.02400295        71
    1276        0.00033622      a_ia      1276                            0.00067244         2
   85992        0.00032571        om     35731     35732                  0.01726280        53
    1963        0.00032247      a_ia      1963                            0.01418889        44
    2012       -0.00032159      a_ia      2012                           -0.00064318         2
   35731        0.00031877    a_iajb     35731                            0.01689493        53
   85991        0.00031183        op     35731     35732                  0.01652707        53

  ==> Tried operator a_ia 1788: gain -2.24e-07 (threshold 4.4e-07), removed and excluded for this stage
  ==> Add operator: mvp2 -1: 37480 37482
  ==> Current qubit order: 0  1  6  7  60  61  4  5  10  8  9  2  3  12  13  11  20  21  24  14  15  25  32  19  18  26  27  33  36  37  40  41  62  42  43  49  48  65  64  45  63  38  59  58  44  52  74  57  91  23  81  17  56  16  73  53  90  75  47  55  29  28  68  69  54  79  39  72  66  51  50  67  22  70  71  84  85  76  77  93  92  87  35  34  46  31  30  80  89  88  86  83  78  82  94  95  96  97  98  99  100  101  102  103  


  ==> Energy                -309.059933516
  ==> dE                       -1.42e-04
  ==> Gradient Norm             1.76e+00
  ==> Abs. Max. Deriv.          4.12e-02
  ==> Time-Grad. (s)              93.532
  ==> Time-Energy (s)             81.029
  ==> Time-Iter. (s)             174.562

--------------------------------------------------------------------------------
CEO-ADAPT-VQE iteration: 285
--------------------------------------------------------------------------------
    gate        derivative      name       op1       op2       op3        g_unscaled   penalty
     779       -0.00151973      a_ia       779                           -0.00303947         2
    1871        0.00046961      a_ia      1871                            0.00093922         2
    1265        0.00042611      a_ia      1265                            0.00085222         2
    1788       -0.00037574      a_ia      1788                           -0.00075149         2
   88848       -0.00035776        om     37872     37874                 -0.02396964        67
    1295        0.00034019      a_ia      1295                            0.00068038         2
    2012       -0.00032804      a_ia      2012                           -0.00065608         2
    1963        0.00032286      a_ia      1963                            0.01420575        44
   88843       -0.00031586        op     37872     37873                 -0.02116280        67
   37872       -0.00031553    a_iajb     37872                           -0.02114055        67

  ==> Add operator: a_ia 1871
  ==> Current qubit order: 0  1  6  7  60  61  4  5  10  8  9  2  3  12  13  11  20  21  24  14  15  25  32  19  18  26  27  33  36  37  40  41  62  42  43  49  48  65  64  45  63  38  59  58  44  52  74  57  91  23  81  17  56  16  73  53  90  75  47  55  29  28  68  69  54  79  39  72  66  51  50  67  22  70  71  84  85  76  77  93  92  87  35  34  46  31  30  80  89  88  86  83  78  82  94  95  96  97  98  99  100  101  102  103  


  ==> Energy                -309.059934048
  ==> dE                       -5.31e-07
  ==> Gradient Norm             1.76e+00
  ==> Abs. Max. Deriv.          4.12e-02
  ==> Time-Grad. (s)              93.936
  ==> Time-Energy (s)             30.240
  ==> Time-Iter. (s)             124.176

--------------------------------------------------------------------------------
CEO-ADAPT-VQE iteration: 286
--------------------------------------------------------------------------------
    gate        derivative      name       op1       op2       op3        g_unscaled   penalty
     779       -0.00150878      a_ia       779                           -0.00301755         2
    1265        0.00039872      a_ia      1265                            0.00079744         2
    1788       -0.00037618      a_ia      1788                           -0.00075236         2
   88848       -0.00035774        om     37872     37874                 -0.02396871        67
    1295        0.00034021      a_ia      1295                            0.00068042         2
    2012       -0.00032810      a_ia      2012                           -0.00065619         2
    1963        0.00032307      a_ia      1963                            0.01421491        44
   88843       -0.00031585        op     37872     37873                 -0.02116222        67
   37872       -0.00031552    a_iajb     37872                           -0.02114000        67
   88844       -0.00031519        om     37872     37873                 -0.02111779        67

  ==> Add operator: mvp2 -1: 37872 37874
  ==> Current qubit order: 0  1  6  7  60  61  4  5  10  8  9  2  3  12  13  11  20  21  24  14  15  25  32  19  18  26  27  33  36  37  40  41  62  42  43  49  48  65  64  45  63  38  59  58  44  52  74  57  91  23  81  17  56  16  73  90  47  55  53  75  29  51  28  68  69  54  79  39  72  66  50  67  22  70  71  84  85  76  77  93  92  87  35  34  46  31  30  80  89  88  86  83  78  82  94  95  96  97  98  99  100  101  102  103  


  ==> Energy                -309.060084832
  ==> dE                       -1.51e-04
  ==> Gradient Norm             1.76e+00
  ==> Abs. Max. Deriv.          4.12e-02
  ==> Time-Grad. (s)              94.080
  ==> Time-Energy (s)             52.038
  ==> Time-Iter. (s)             146.118

--------------------------------------------------------------------------------
CEO-ADAPT-VQE iteration: 287
--------------------------------------------------------------------------------
    gate        derivative      name       op1       op2       op3        g_unscaled   penalty
     779       -0.00150750      a_ia       779                           -0.00301500         2
    1305        0.00063132      a_ia      1305                            0.00126264         2
    1957        0.00057564      a_ia      1957                            0.00115129         2
    2037       -0.00040315      a_ia      2037                           -0.00080629         2
    1265        0.00039895      a_ia      1265                            0.00079790         2
    1788       -0.00037450      a_ia      1788                           -0.00074899         2
    2012       -0.00034245      a_ia      2012                           -0.00068489         2
    1963        0.00032426      a_ia      1963                            0.01426760        44
   88180       -0.00031082        om     37426     37428                 -0.02641964        85
   90445       -0.00030467        op     39002     39004                 -0.01553833        51

  ==> Tried operator a_ia 1305: gain -4.21e-07 (threshold 4.4e-07), removed and excluded for this stage
  ==> Add operator: a_ia 2037
  ==> Current qubit order: 0  1  6  7  60  61  4  5  10  8  9  2  3  12  13  11  20  21  24  14  15  25  32  19  18  26  27  33  36  37  40  41  62  42  43  49  48  65  64  45  63  38  59  58  44  52  74  57  91  23  81  17  56  16  73  90  47  55  53  75  29  51  28  68  69  54  79  39  72  66  50  67  22  70  71  84  85  76  77  93  92  87  35  34  46  31  30  80  89  88  86  83  78  82  94  95  96  97  98  99  100  101  102  103  


  ==> Energy                -309.060088475
  ==> dE                       -3.64e-06
  ==> Gradient Norm             1.76e+00
  ==> Abs. Max. Deriv.          4.12e-02
  ==> Time-Grad. (s)              94.133
  ==> Time-Energy (s)             53.604
  ==> Time-Iter. (s)             147.736

--------------------------------------------------------------------------------
CEO-ADAPT-VQE iteration: 288
--------------------------------------------------------------------------------
    gate        derivative      name       op1       op2       op3        g_unscaled   penalty
     779       -0.00150585      a_ia       779                           -0.00301171         2
    1305        0.00063190      a_ia      1305                            0.00126379         2
    1957        0.00057507      a_ia      1957                            0.00115013         2
    1265        0.00039953      a_ia      1265                            0.00079907         2
    1788       -0.00037407      a_ia      1788                           -0.00074814         2
    2012       -0.00036264      a_ia      2012                           -0.00072529         2
    1963        0.00032490      a_ia      1963                            0.01429552        44
   88180       -0.00031083        om     37426     37428                 -0.02642032        85
   90445       -0.00030465        op     39002     39004                 -0.01553721        51
   90441       -0.00030450        op     39002     39003                 -0.01552936        51

  ==> Add operator: a_ia 2012
  ==> Current qubit order: 0  1  6  7  60  61  4  5  10  8  9  2  3  12  13  11  20  21  24  14  15  25  32  19  18  26  27  33  36  37  40  41  62  42  43  49  48  65  64  45  63  38  59  58  44  52  74  57  91  23  81  17  56  16  73  90  47  55  53  75  29  51  28  68  69  54  79  39  72  66  50  67  22  70  71  84  85  76  77  93  92  87  35  34  46  31  30  80  89  88  86  83  78  82  94  95  96  97  98  99  100  101  102  103  


  ==> Energy                -309.060091318
  ==> dE                       -2.84e-06
  ==> Gradient Norm             1.76e+00
  ==> Abs. Max. Deriv.          4.12e-02
  ==> Time-Grad. (s)              94.444
  ==> Time-Energy (s)             26.120
  ==> Time-Iter. (s)             120.564

--------------------------------------------------------------------------------
CEO-ADAPT-VQE iteration: 289
--------------------------------------------------------------------------------
    gate        derivative      name       op1       op2       op3        g_unscaled   penalty
     779       -0.00150497      a_ia       779                           -0.00300994         2
    1305        0.00062985      a_ia      1305                            0.00125970         2
    1957        0.00058820      a_ia      1957                            0.00117639         2
    1265        0.00040033      a_ia      1265                            0.00080067         2
    1788       -0.00037387      a_ia      1788                           -0.00074774         2
    1963        0.00032554      a_ia      1963                            0.01432376        44
   88180       -0.00031083        om     37426     37428                 -0.02642023        85
   90445       -0.00030467        op     39002     39004                 -0.01553829        51
   90441       -0.00030450        op     39002     39003                 -0.01552942        51
   89506        0.00030012        om     38366     38367                  0.01410542        47

  ==> Add operator: a_ia 1963
  ==> Current qubit order: 0  1  6  7  60  61  4  5  10  8  9  2  3  12  13  11  20  21  24  14  15  25  32  19  18  26  27  33  36  37  40  41  62  42  43  49  48  65  64  45  63  38  59  58  44  52  74  57  91  23  81  17  56  16  73  90  47  55  53  75  29  51  28  68  69  54  79  39  72  66  67  22  70  71  84  85  76  77  93  92  87  35  34  46  31  30  80  89  88  86  83  50  78  82  94  95  96  97  98  99  100  101  102  103  


  ==> Energy                -309.060145058
  ==> dE                       -5.37e-05
  ==> Gradient Norm             1.76e+00
  ==> Abs. Max. Deriv.          4.12e-02
  ==> Time-Grad. (s)              94.761
  ==> Time-Energy (s)             27.021
  ==> Time-Iter. (s)             121.782

--------------------------------------------------------------------------------
CEO-ADAPT-VQE iteration: 290
--------------------------------------------------------------------------------
    gate        derivative      name       op1       op2       op3        g_unscaled   penalty
     779       -0.00142045      a_ia       779                           -0.00284090         2
    1964        0.00082976      a_ia      1964                            0.00829762        10
    1965        0.00077502      a_ia      1965                            0.00310009         4
    1305        0.00058933      a_ia      1305                            0.00117866         2
    1265        0.00038220      a_ia      1265                            0.00076439         2
    1788       -0.00034704      a_ia      1788                           -0.00069408         2
   88180       -0.00031080        om     37426     37428                 -0.02641802        85
    1384       -0.00030408      a_ia      1384                           -0.00182449         6
   89506        0.00030011        om     38366     38367                  0.01410519        47
   91981       -0.00029765        op     40194     40195                 -0.01339415        45

  ==> Add operator: a_ia 1964
  ==> Current qubit order: 0  1  6  7  60  61  4  5  10  8  9  2  3  12  13  11  20  21  24  14  15  25  32  19  18  26  27  33  36  37  40  41  62  42  43  49  48  65  64  45  63  38  59  58  44  52  74  57  91  23  81  17  56  16  73  90  47  55  53  75  29  51  28  68  69  54  79  39  72  66  67  22  70  71  84  85  76  77  93  92  87  35  34  46  31  30  89  88  86  83  80  50  78  82  94  95  96  97  98  99  100  101  102  103  


  ==> Energy                -309.060162952
  ==> dE                       -1.79e-05
  ==> Gradient Norm             1.76e+00
  ==> Abs. Max. Deriv.          4.12e-02
  ==> Time-Grad. (s)              94.926
  ==> Time-Energy (s)             25.181
  ==> Time-Iter. (s)             120.108

--------------------------------------------------------------------------------
CEO-ADAPT-VQE iteration: 291
--------------------------------------------------------------------------------
    gate        derivative      name       op1       op2       op3        g_unscaled   penalty
     779       -0.00137925      a_ia       779                           -0.00275851         2
    1965        0.00080801      a_ia      1965                            0.00323205         4
    1305        0.00060093      a_ia      1305                            0.00120186         2
    1384       -0.00046868      a_ia      1384                           -0.00187473         4
    1348       -0.00040294      a_ia      1348                           -0.00161176         4
    1265        0.00037174      a_ia      1265                            0.00074348         2
    1788       -0.00034169      a_ia      1788                           -0.00068338         2
   89536       -0.00031415        om     38396     38397                 -0.01476498        47
   38396       -0.00031097    a_iajb     38396                           -0.01461560        47
   88180       -0.00031079        om     37426     37428                 -0.02641695        85

  ==> Add operator: a_ia 1965
  ==> Current qubit order: 0  1  6  7  60  61  4  5  10  8  9  2  3  12  13  11  20  21  24  14  15  25  32  19  18  26  27  33  36  37  40  41  62  42  43  49  48  65  64  45  63  38  59  58  44  52  74  57  91  23  81  17  56  16  73  90  47  55  53  75  29  51  28  68  69  54  79  39  72  66  67  22  70  71  84  85  76  77  93  92  87  35  34  46  31  30  89  88  86  83  80  78  50  82  94  95  96  97  98  99  100  101  102  103  


  ==> Energy                -309.060737993
  ==> dE                       -5.75e-04
  ==> Gradient Norm             1.76e+00
  ==> Abs. Max. Deriv.          4.12e-02
  ==> Time-Grad. (s)              95.849
  ==> Time-Energy (s)           1363.746
  ==> Time-Iter. (s)            1459.596

--------------------------------------------------------------------------------
CEO-ADAPT-VQE iteration: 292
--------------------------------------------------------------------------------
    gate        derivative      name       op1       op2       op3        g_unscaled   penalty
    1384       -0.00052854      a_ia      1384                           -0.00211416         4
    1788       -0.00048197      a_ia      1788                           -0.00096394         2
    1348       -0.00046838      a_ia      1348                           -0.00187353         4
    1971       -0.00036522      a_ia      1971                           -0.00146089         4
    1265        0.00032704      a_ia      1265                            0.00065408         2
   89536       -0.00031408        om     38396     38397                 -0.01476195        47
   38396       -0.00031084    a_iajb     38396                           -0.01460961        47
     834       -0.00030989      a_ia       834                           -0.00061979         2
   88180       -0.00030964        om     37426     37428                 -0.02631935        85
   89535       -0.00030760        op     38396     38397                 -0.01445727        47

  ==> Add operator: a_ia 1348
  ==> Current qubit order: 0  1  6  7  60  61  4  5  10  8  9  2  3  12  13  11  20  21  24  14  15  25  32  19  18  26  27  33  36  37  40  41  62  42  43  49  48  65  64  45  63  38  59  58  44  52  74  57  91  23  81  17  56  16  73  90  47  55  53  75  29  51  28  68  69  54  79  39  72  66  67  22  70  71  84  85  76  77  93  92  87  35  34  46  31  89  30  88  86  83  80  78  50  82  94  95  96  97  98  99  100  101  102  103  


  ==> Energy                -309.060738313
  ==> dE                       -3.20e-07
  ==> Gradient Norm             1.76e+00
  ==> Abs. Max. Deriv.          4.12e-02
  ==> Time-Grad. (s)              96.196
  ==> Time-Energy (s)             28.599
  ==> Time-Iter. (s)             124.796

--------------------------------------------------------------------------------
CEO-ADAPT-VQE iteration: 293
--------------------------------------------------------------------------------
    gate        derivative      name       op1       op2       op3        g_unscaled   penalty
    1384       -0.00104317      a_ia      1384                           -0.00208634         2
    1788       -0.00048292      a_ia      1788                           -0.00096584         2
    1971       -0.00036525      a_ia      1971                           -0.00146101         4
    1347       -0.00032948      a_ia      1347                           -0.00131792         4
   89536       -0.00032800        om     38396     38397                 -0.01476005        45
    1265        0.00032689      a_ia      1265                            0.00065377         2
   38396       -0.00032463    a_iajb     38396                           -0.01460826        45
   89535       -0.00032125        op     38396     38397                 -0.01445646        45
   88180       -0.00030964        om     37426     37428                 -0.02631935        85
     834       -0.00030487      a_ia       834                           -0.00060974         2

  ==> Add operator: a_ia 1971
  ==> Current qubit order: 0  1  6  7  60  61  4  5  10  8  9  2  3  12  13  11  20  21  24  14  15  25  32  19  18  26  27  33  36  37  40  41  62  42  43  49  48  65  64  45  63  38  59  58  44  52  74  57  91  23  81  17  56  16  73  90  47  55  53  75  29  51  28  68  69  54  79  39  72  66  67  22  70  71  84  85  76  77  93  92  87  35  34  46  31  89  30  88  86  83  80  78  82  50  94  95  96  97  98  99  100  101  102  103  


  ==> Energy                -309.060738756
  ==> dE                       -4.43e-07
  ==> Gradient Norm             1.76e+00
  ==> Abs. Max. Deriv.          4.12e-02
  ==> Time-Grad. (s)              96.356
  ==> Time-Energy (s)             27.191
  ==> Time-Iter. (s)             123.547

--------------------------------------------------------------------------------
CEO-ADAPT-VQE iteration: 294
--------------------------------------------------------------------------------
    gate        derivative      name       op1       op2       op3        g_unscaled   penalty
    1384       -0.00104302      a_ia      1384                           -0.00208603         2
    1788       -0.00048124      a_ia      1788                           -0.00096249         2
    1347       -0.00032921      a_ia      1347                           -0.00131685         4
   89536       -0.00032800        om     38396     38397                 -0.01476004        45
    1265        0.00032672      a_ia      1265                            0.00065343         2
   38396       -0.00032463    a_iajb     38396                           -0.01460825        45
   89535       -0.00032125        op     38396     38397                 -0.01445645        45
   88180       -0.00030964        om     37426     37428                 -0.02631934        85
     834       -0.00030508      a_ia       834                           -0.00061016         2
    1490       -0.00030269      a_ia      1490                           -0.00181614         6

  ==> Add operator: a_ia 1347
  ==> Current qubit order: 0  1  6  7  60  61  4  5  10  8  9  2  3  12  13  11  20  21  24  14  15  25  32  19  18  26  27  33  36  37  40  41  62  42  43  49  48  65  64  45  63  38  59  58  44  52  74  57  91  23  81  17  56  16  73  90  47  55  53  75  29  51  28  68  69  54  79  39  72  66  67  22  70  71  84  85  76  77  93  92  87  35  34  46  31  89  88  30  86  83  80  78  82  50  94  95  96  97  98  99  100  101  102  103  


  ==> Energy                -309.060739239
  ==> dE                       -4.84e-07
  ==> Gradient Norm             1.76e+00
  ==> Abs. Max. Deriv.          4.12e-02
  ==> Time-Grad. (s)              96.235
  ==> Time-Energy (s)             28.378
  ==> Time-Iter. (s)             124.613

--------------------------------------------------------------------------------
CEO-ADAPT-VQE iteration: 295
--------------------------------------------------------------------------------
    gate        derivative      name       op1       op2       op3        g_unscaled   penalty
    1384       -0.00103895      a_ia      1384                           -0.00207790         2
    1788       -0.00048207      a_ia      1788                           -0.00096414         2
    1265        0.00032804      a_ia      1265                            0.00065609         2
   88180       -0.00030964        om     37426     37428                 -0.02631927        85
     834       -0.00030704      a_ia       834                           -0.00061408         2
    1490       -0.00030321      a_ia      1490                           -0.00181925         6
   80840        0.00029628        om     31788     31789                  0.02222093        75
   31788        0.00029628    a_iajb     31788                            0.02222092        75
   80839        0.00029628        op     31788     31789                  0.02222092        75
   89506        0.00028789        om     38366     38367                  0.01410685        49

  ==> Add operator: mvp2 -1: 37426 37428
  ==> Current qubit order: 0  1  6  7  60  61  4  5  10  8  9  2  3  12  13  11  20  21  24  14  15  25  32  19  18  26  27  33  36  37  40  41  62  42  43  49  48  65  64  45  38  59  58  44  52  74  57  91  23  81  17  56  16  63  47  53  29  73  90  55  75  51  28  68  69  54  79  39  72  66  67  22  70  71  84  85  76  77  93  92  87  35  34  46  31  89  88  30  86  83  80  78  82  50  94  95  96  97  98  99  100  101  102  103  


  ==> Energy                -309.061131932
  ==> dE                       -3.93e-04
  ==> Gradient Norm             1.76e+00
  ==> Abs. Max. Deriv.          4.12e-02
  ==> Time-Grad. (s)              96.335
  ==> Time-Energy (s)             53.578
  ==> Time-Iter. (s)             149.913

--------------------------------------------------------------------------------
CEO-ADAPT-VQE iteration: 296
--------------------------------------------------------------------------------
    gate        derivative      name       op1       op2       op3        g_unscaled   penalty
    1384       -0.00104078      a_ia      1384                           -0.00208156         2
    2031       -0.00048667      a_ia      2031                           -0.00194667         4
    1788       -0.00048611      a_ia      1788                           -0.00097222         2
    1299        0.00037154      a_ia      1299                            0.00222923         6
    1265        0.00034804      a_ia      1265                            0.00069607         2
   96927        0.00034303        op     43658     43659                  0.01680862        49
   43658        0.00034021    a_iajb     43658                            0.01667021        49
   96928        0.00033738        om     43658     43659                  0.01653179        49
     834       -0.00030443      a_ia       834                           -0.00060887         2
    1490       -0.00030380      a_ia      1490                           -0.00182278         6

  ==> Add operator: a_ia 2031
  ==> Current qubit order: 0  1  6  7  60  61  4  5  10  8  9  2  3  12  13  11  20  21  24  14  15  25  32  19  18  26  27  33  36  37  40  41  62  42  43  49  48  65  64  45  38  59  58  44  52  74  57  91  23  81  17  56  16  47  63  53  29  73  90  55  75  51  28  68  69  54  79  39  72  66  67  22  70  71  84  85  76  77  93  92  87  35  34  46  31  89  88  30  86  83  80  78  82  50  94  95  96  97  98  99  100  101  102  103  


  ==> Energy                -309.061161870
  ==> dE                       -2.99e-05
  ==> Gradient Norm             1.75e+00
  ==> Abs. Max. Deriv.          4.12e-02
  ==> Time-Grad. (s)              96.983
  ==> Time-Energy (s)             28.382
  ==> Time-Iter. (s)             125.365

--------------------------------------------------------------------------------
CEO-ADAPT-VQE iteration: 297
--------------------------------------------------------------------------------
    gate        derivative      name       op1       op2       op3        g_unscaled   penalty
    1384       -0.00104028      a_ia      1384                           -0.00208055         2
    1299        0.00055796      a_ia      1299                            0.00223186         4
    1788       -0.00048808      a_ia      1788                           -0.00097615         2
    1875        0.00035902      a_ia      1875                            0.00071804         2
    1265        0.00034784      a_ia      1265                            0.00069567         2
   96927        0.00034304        op     43658     43659                  0.01680904        49
   43658        0.00034021    a_iajb     43658                            0.01667042        49
   96928        0.00033738        om     43658     43659                  0.01653181        49
     834       -0.00030524      a_ia       834                           -0.00061048         2
    1490       -0.00030359      a_ia      1490                           -0.00182154         6

  ==> Add operator: a_ia 1299
  ==> Current qubit order: 0  1  6  7  60  61  4  5  10  8  9  2  3  12  13  11  20  21  24  14  15  25  32  19  18  26  27  33  36  37  40  41  62  42  43  49  48  65  64  45  38  59  58  44  52  74  57  91  23  81  17  56  16  47  53  63  29  73  90  55  75  51  28  68  69  54  79  39  72  66  67  22  70  71  84  85  76  77  93  92  87  35  34  46  31  89  88  30  86  83  80  78  82  50  94  95  96  97  98  99  100  101  102  103  


  ==> Energy                -309.061163526
  ==> dE                       -1.66e-06
  ==> Gradient Norm             1.75e+00
  ==> Abs. Max. Deriv.          4.12e-02
  ==> Time-Grad. (s)              97.976
  ==> Time-Energy (s)             28.385
  ==> Time-Iter. (s)             126.361

--------------------------------------------------------------------------------
CEO-ADAPT-VQE iteration: 298
--------------------------------------------------------------------------------
    gate        derivative      name       op1       op2       op3        g_unscaled   penalty
    1384       -0.00102701      a_ia      1384                           -0.00205403         2
    1788       -0.00048747      a_ia      1788                           -0.00097494         2
    1265        0.00034377      a_ia      1265                            0.00068754         2
   96927        0.00034304        op     43658     43659                  0.01680906        49
   43658        0.00034021    a_iajb     43658                            0.01667045        49
   96928        0.00033738        om     43658     43659                  0.01653183        49
    1490       -0.00030561      a_ia      1490                           -0.00183368         6
     834       -0.00030007      a_ia       834                           -0.00060013         2
   86686        0.00029998        om     36227     36228                  0.01469906        49
   36227        0.00029012    a_iajb     36227                            0.01421603        49

  ==> Add operator: mvp2 -1: 43658 43659
  ==> Current qubit order: 0  1  6  7  60  61  4  5  10  8  9  2  3  12  13  11  20  21  24  14  15  25  32  19  18  26  27  33  36  37  40  41  62  42  43  48  65  64  45  49  38  59  58  44  52  74  57  91  23  81  17  56  16  47  53  63  29  73  90  55  75  51  28  68  69  54  79  39  72  66  67  22  70  71  84  85  76  77  93  92  87  35  34  46  31  89  88  30  86  83  80  78  82  50  94  95  96  97  98  99  100  101  102  103  


  ==> Energy                -309.061247379
  ==> dE                       -8.39e-05
  ==> Gradient Norm             1.75e+00
  ==> Abs. Max. Deriv.          4.12e-02
  ==> Time-Grad. (s)              98.067
  ==> Time-Energy (s)             54.713
  ==> Time-Iter. (s)             152.781

--------------------------------------------------------------------------------
CEO-ADAPT-VQE iteration: 299
--------------------------------------------------------------------------------
    gate        derivative      name       op1       op2       op3        g_unscaled   penalty
    1384       -0.00102643      a_ia      1384                           -0.00205287         2
    1812       -0.00068862      a_ia      1812                           -0.00137724         2
    1788       -0.00047117      a_ia      1788                           -0.00094235         2
    1265        0.00034329      a_ia      1265                            0.00068658         2
    1490       -0.00030546      a_ia      1490                           -0.00183276         6
   86686        0.00029998        om     36227     36228                  0.01469899        49
     834       -0.00029989      a_ia       834                           -0.00059978         2
   36227        0.00029012    a_iajb     36227                            0.01421610        49
   89506        0.00028779        om     38366     38367                  0.01410168        49
   38366        0.00028467    a_iajb     38366                            0.01394871        49

  ==> Add operator: a_ia 1812
  ==> Current qubit order: 0  1  6  7  60  61  4  5  10  8  9  2  3  12  13  11  20  21  24  14  15  25  32  19  18  26  27  33  36  37  40  41  62  42  43  48  65  64  45  49  38  59  58  44  52  74  57  91  23  81  17  56  16  47  53  63  29  73  90  55  75  51  28  68  69  54  79  39  72  66  67  22  70  71  84  85  76  77  93  92  87  35  34  46  31  89  88  30  86  83  80  78  82  50  94  95  96  97  98  99  100  101  102  103  


  ==> Energy                -309.061570574
  ==> dE                       -3.23e-04
  ==> Gradient Norm             1.75e+00
  ==> Abs. Max. Deriv.          4.12e-02
  ==> Time-Grad. (s)              98.038
  ==> Time-Energy (s)             26.459
  ==> Time-Iter. (s)             124.496

--------------------------------------------------------------------------------
CEO-ADAPT-VQE iteration: 300
--------------------------------------------------------------------------------
    gate        derivative      name       op1       op2       op3        g_unscaled   penalty
    1384       -0.00102125      a_ia      1384                           -0.00204251         2
    1788       -0.00052683      a_ia      1788                           -0.00105365         2
   97987        0.00047526        op     44523     44524                  0.02518884        53
   44523        0.00047424    a_iajb     44523                            0.02513497        53
   97988        0.00047323        om     44523     44524                  0.02508109        53
    1265        0.00034146      a_ia      1265                            0.00068292         2
    1490       -0.00030297      a_ia      1490                           -0.00181782         6
   86686        0.00030000        om     36227     36228                  0.01470017        49
     834       -0.00029749      a_ia       834                           -0.00059497         2
   36227        0.00029016    a_iajb     36227                            0.01421803        49

  ==> Add operator: mvp2 -1: 44523 44524
  ==> Current qubit order: 0  1  6  7  60  61  4  5  10  8  9  2  3  12  13  11  20  21  24  14  15  25  32  19  18  26  27  33  36  37  40  41  62  42  43  65  64  48  45  59  58  49  38  44  52  74  57  91  23  81  17  56  16  47  53  63  29  73  90  55  75  51  28  68  69  54  79  39  72  66  67  22  70  71  84  85  76  77  93  92  87  35  34  46  31  89  88  30  86  83  80  78  82  50  94  95  96  97  98  99  100  101  102  103  


  ==> Energy                -309.061707741
  ==> dE                       -1.37e-04
  ==> Gradient Norm             1.75e+00
  ==> Abs. Max. Deriv.          4.12e-02
  ==> Time-Grad. (s)              98.975
  ==> Time-Energy (s)             54.470
  ==> Time-Iter. (s)             153.444

CEO-ADAPT-VQE failed to converge.

===> Summary:
    E(SCF): -308.9939705053
    iter            energy                dE     gradient norm
       0   -308.9939705053
       1   -308.9996765782         -5.71e-03          2.06e+00
       2   -309.0026125640         -2.94e-03          2.04e+00
       3   -309.0060172418         -3.40e-03          2.03e+00
       4   -309.0098007927         -3.78e-03          2.02e+00
       5   -309.0098575546         -5.68e-05          2.00e+00
       6   -309.0139324599         -4.07e-03          2.00e+00
       7   -309.0139736749         -4.12e-05          1.98e+00
       8   -309.0193824806         -5.41e-03          1.98e+00
       9   -309.0204085954         -1.03e-03          1.96e+00
      10   -309.0207217895         -3.13e-04          1.96e+00
      11   -309.0220985073         -1.38e-03          1.95e+00
      12   -309.0227922608         -6.94e-04          1.95e+00
      13   -309.0232207353         -4.28e-04          1.95e+00
      14   -309.0239713939         -7.51e-04          1.94e+00
      15   -309.0248553476         -8.84e-04          1.94e+00
      16   -309.0248755409         -2.02e-05          1.94e+00
      17   -309.0248912876         -1.57e-05          1.94e+00
      18   -309.0251207399         -2.29e-04          1.94e+00
      19   -309.0251844290         -6.37e-05          1.94e+00
      20   -309.0259516859         -7.67e-04          1.94e+00
      21   -309.0260936007         -1.42e-04          1.93e+00
      22   -309.0263775182         -2.84e-04          1.93e+00
      23   -309.0266476672         -2.70e-04          1.93e+00
      24   -309.0269861244         -3.38e-04          1.93e+00
      25   -309.0277237695         -7.38e-04          1.93e+00
      26   -309.0280224526         -2.99e-04          1.93e+00
      27   -309.0281722714         -1.50e-04          1.93e+00
      28   -309.0283692541         -1.97e-04          1.92e+00
      29   -309.0286689212         -3.00e-04          1.92e+00
      30   -309.0289844974         -3.16e-04          1.92e+00
      31   -309.0295846331         -6.00e-04          1.92e+00
      32   -309.0301098775         -5.25e-04          1.92e+00
      33   -309.0303136424         -2.04e-04          1.92e+00
      34   -309.0308746638         -5.61e-04          1.92e+00
      35   -309.0309651902         -9.05e-05          1.92e+00
      36   -309.0309953042         -3.01e-05          1.92e+00
      37   -309.0310502547         -5.50e-05          1.92e+00
      38   -309.0312006756         -1.50e-04          1.91e+00
      39   -309.0316409322         -4.40e-04          1.91e+00
      40   -309.0316713530         -3.04e-05          1.91e+00
      41   -309.0317356905         -6.43e-05          1.91e+00
      42   -309.0320458852         -3.10e-04          1.91e+00
      43   -309.0321127345         -6.68e-05          1.91e+00
      44   -309.0322184027         -1.06e-04          1.91e+00
      45   -309.0322934432         -7.50e-05          1.91e+00
      46   -309.0323101553         -1.67e-05          1.91e+00
      47   -309.0324563399         -1.46e-04          1.91e+00
      48   -309.0328219862         -3.66e-04          1.91e+00
      49   -309.0329197832         -9.78e-05          1.91e+00
      50   -309.0329815908         -6.18e-05          1.90e+00
      51   -309.0336824279         -7.01e-04          1.90e+00
      52   -309.0338598659         -1.77e-04          1.90e+00
      53   -309.0339270366         -6.72e-05          1.90e+00
      54   -309.0340749570         -1.48e-04          1.90e+00
      55   -309.0340779755         -3.02e-06          1.90e+00
      56   -309.0340903498         -1.24e-05          1.90e+00
      57   -309.0341732095         -8.29e-05          1.90e+00
      58   -309.0343507461         -1.78e-04          1.90e+00
      59   -309.0344449369         -9.42e-05          1.90e+00
      60   -309.0345030848         -5.81e-05          1.90e+00
      61   -309.0345960885         -9.30e-05          1.90e+00
      62   -309.0347498758         -1.54e-04          1.90e+00
      63   -309.0348884348         -1.39e-04          1.90e+00
      64   -309.0350788247         -1.90e-04          1.89e+00
      65   -309.0350806919         -1.87e-06          1.89e+00
      66   -309.0356156782         -5.35e-04          1.89e+00
      67   -309.0356173319         -1.65e-06          1.89e+00
      68   -309.0360021842         -3.85e-04          1.89e+00
      69   -309.0360211956         -1.90e-05          1.89e+00
      70   -309.0363237984         -3.03e-04          1.89e+00
      71   -309.0363274013         -3.60e-06          1.89e+00
      72   -309.0368948810         -5.67e-04          1.89e+00
      73   -309.0372852357         -3.90e-04          1.88e+00
      74   -309.0373993325         -1.14e-04          1.88e+00
      75   -309.0375181264         -1.19e-04          1.88e+00
      76   -309.0375197925         -1.67e-06          1.88e+00
      77   -309.0379776474         -4.58e-04          1.88e+00
      78   -309.0380720913         -9.44e-05          1.88e+00
      79   -309.0381467131         -7.46e-05          1.88e+00
      80   -309.0381645757         -1.79e-05          1.88e+00
      81   -309.0381849815         -2.04e-05          1.88e+00
      82   -309.0382109707         -2.60e-05          1.88e+00
      83   -309.0382444526         -3.35e-05          1.88e+00
      84   -309.0382700044         -2.56e-05          1.88e+00
      85   -309.0384663664         -1.96e-04          1.88e+00
      86   -309.0384728004         -6.43e-06          1.88e+00
      87   -309.0384785132         -5.71e-06          1.88e+00
      88   -309.0385268902         -4.84e-05          1.88e+00
      89   -309.0386297595         -1.03e-04          1.88e+00
      90   -309.0390282657         -3.99e-04          1.88e+00
      91   -309.0392100735         -1.82e-04          1.87e+00
      92   -309.0392117161         -1.64e-06          1.87e+00
      93   -309.0394694219         -2.58e-04          1.87e+00
      94   -309.0394841070         -1.47e-05          1.87e+00
      95   -309.0399627225         -4.79e-04          1.87e+00
      96   -309.0400841311         -1.21e-04          1.87e+00
      97   -309.0400866489         -2.52e-06          1.87e+00
      98   -309.0400889834         -2.33e-06          1.87e+00
      99   -309.0402136832         -1.25e-04          1.87e+00
     100   -309.0402180303         -4.35e-06          1.87e+00
     101   -309.0403117530         -3.67e-06          1.87e+00
     102   -309.0403143492         -2.60e-06          1.87e+00
     103   -309.0403234158         -9.07e-06          1.87e+00
     104   -309.0403242247         -8.09e-07          1.87e+00
     105   -309.0403252776         -1.05e-06          1.87e+00
     106   -309.0403261493         -8.72e-07          1.87e+00
     107   -309.0404074184         -8.13e-05          1.87e+00
     108   -309.0404075765         -1.58e-07          1.87e+00
     109   -309.0404618200         -5.42e-05          1.87e+00
     110   -309.0404620671         -2.47e-07          1.87e+00
     111   -309.0406545877         -1.93e-04          1.87e+00
     112   -309.0407063002         -5.17e-05          1.86e+00
     113   -309.0409131312         -2.07e-04          1.86e+00
     114   -309.0409254335         -1.23e-05          1.86e+00
     115   -309.0411254723         -2.00e-04          1.86e+00
     116   -309.0413700978         -2.45e-04          1.86e+00
     117   -309.0413737227         -3.62e-06          1.86e+00
     118   -309.0416049641         -2.31e-04          1.86e+00
     119   -309.0416052488         -2.85e-07          1.86e+00
     120   -309.0418322326         -2.27e-04          1.86e+00
     121   -309.0418551331         -2.29e-05          1.86e+00
     122   -309.0422120207         -3.57e-04          1.86e+00
     123   -309.0422133233         -1.30e-06          1.85e+00
     124   -309.0422271555         -1.38e-05          1.85e+00
     125   -309.0422345613         -7.41e-06          1.85e+00
     126   -309.0422352722         -7.11e-07          1.85e+00
     127   -309.0423331154         -9.78e-05          1.85e+00
     128   -309.0423982809         -6.52e-05          1.85e+00
     129   -309.0424789451         -8.07e-05          1.85e+00
     130   -309.0425528399         -7.39e-05          1.85e+00
     131   -309.0426167663         -6.39e-05          1.85e+00
     132   -309.0432797402         -6.63e-04          1.85e+00
     133   -309.0432821310         -2.39e-06          1.85e+00
     134   -309.0433090595         -2.69e-05          1.85e+00
     135   -309.0434076084         -9.85e-05          1.85e+00
     136   -309.0435416471         -1.34e-04          1.85e+00
     137   -309.0435432395         -1.59e-06          1.85e+00
     138   -309.0436437221         -1.00e-04          1.85e+00
     139   -309.0437761977         -1.32e-04          1.85e+00
     140   -309.0438901973         -1.14e-04          1.85e+00
     141   -309.0440049925         -1.15e-04          1.85e+00
     142   -309.0440096014         -4.61e-06          1.85e+00
     143   -309.0440138157         -4.21e-06          1.85e+00
     144   -309.0440153476         -1.53e-06          1.85e+00
     145   -309.0440168310         -1.48e-06          1.85e+00
     146   -309.0441668516         -1.50e-04          1.85e+00
     147   -309.0441683204         -1.47e-06          1.85e+00
     148   -309.0441734911         -5.17e-06          1.85e+00
     149   -309.0442525327         -7.90e-05          1.85e+00
     150   -309.0442547712         -2.24e-06          1.84e+00
     151   -309.0442568844         -2.11e-06          1.84e+00
     152   -309.0445462121         -2.89e-04          1.84e+00
     153   -309.0450012576         -4.55e-04          1.84e+00
     154   -309.0450017938         -5.36e-07          1.84e+00
     155   -309.0450767423         -7.49e-05          1.84e+00
     156   -309.0452546912         -1.78e-04          1.84e+00
     157   -309.0452643156         -9.62e-06          1.84e+00
     158   -309.0452731340         -8.82e-06          1.84e+00
     159   -309.0454190472         -1.46e-04          1.84e+00
     160   -309.0454200241         -9.77e-07          1.84e+00
     161   -309.0455185614         -9.85e-05          1.84e+00
     162   -309.0455194947         -9.33e-07          1.84e+00
     163   -309.0456675740         -1.48e-04          1.84e+00
     164   -309.0456677902         -2.16e-07          1.84e+00
     165   -309.0457262156         -5.84e-05          1.84e+00
     166   -309.0457337651         -7.55e-06          1.84e+00
     167   -309.0457339166         -1.51e-07          1.84e+00
     168   -309.0461159110         -3.82e-04          1.84e+00
     169   -309.0461758463         -5.99e-05          1.83e+00
     170   -309.0462344615         -5.86e-05          1.83e+00
     171   -309.0462574157         -2.30e-05          1.83e+00
     172   -309.0468940579         -6.37e-04          1.83e+00
     173   -309.0468989069         -4.85e-06          1.83e+00
     174   -309.0475714410         -6.73e-04          1.83e+00
     175   -309.0476689557         -9.75e-05          1.83e+00
     176   -309.0478273365         -1.58e-04          1.83e+00
     177   -309.0478299924         -2.66e-06          1.82e+00
     178   -309.0479819835         -1.52e-04          1.82e+00
     179   -309.0479836305         -1.65e-06          1.82e+00
     180   -309.0484888115         -5.05e-04          1.82e+00
     181   -309.0485419992         -5.32e-05          1.82e+00
     182   -309.0485442375         -2.24e-06          1.82e+00
     183   -309.0486411669         -9.69e-05          1.82e+00
     184   -309.0486421201         -9.53e-07          1.82e+00
     185   -309.0486430145         -8.94e-07          1.82e+00
     186   -309.0486685214         -2.55e-05          1.82e+00
     187   -309.0486959306         -2.74e-05          1.82e+00
     188   -309.0487674546         -7.15e-05          1.82e+00
     189   -309.0487699153         -2.46e-06          1.82e+00
     190   -309.0487721456         -2.23e-06          1.82e+00
     191   -309.0487737803         -1.63e-06          1.82e+00
     192   -309.0488346813         -6.09e-05          1.82e+00
     193   -309.0488359760         -1.29e-06          1.82e+00
     194   -309.0488372021         -1.23e-06          1.82e+00
     195   -309.0490309888         -1.94e-04          1.82e+00
     196   -309.0493451235         -3.14e-04          1.82e+00
     197   -309.0494926774         -1.48e-04          1.82e+00
     198   -309.0496717589         -1.79e-04          1.82e+00
     199   -309.0496720558         -2.97e-07          1.81e+00
     200   -309.0497594122         -8.74e-05          1.81e+00
     201   -309.0500577069         -2.98e-04          1.81e+00
     202   -309.0502295679         -1.72e-04          1.81e+00
     203   -309.0503046069         -7.50e-05          1.81e+00
     204   -309.0504465666         -1.42e-04          1.81e+00
     205   -309.0505250038         -7.84e-05          1.81e+00
     206   -309.0506567734         -1.32e-04          1.81e+00
     207   -309.0507530164         -9.62e-05          1.81e+00
     208   -309.0508240510         -7.10e-05          1.81e+00
     209   -309.0508250646         -1.01e-06          1.81e+00
     210   -309.0509058835         -8.08e-05          1.81e+00
     211   -309.0509104189         -4.54e-06          1.81e+00
     212   -309.0509762756         -6.59e-05          1.81e+00
     213   -309.0511031791         -1.27e-04          1.81e+00
     214   -309.0512487784         -1.46e-04          1.81e+00
     215   -309.0513328504         -8.41e-05          1.80e+00
     216   -309.0513390361         -6.19e-06          1.80e+00
     217   -309.0513965345         -5.75e-05          1.80e+00
     218   -309.0516304968         -2.34e-04          1.80e+00
     219   -309.0516322017         -1.70e-06          1.80e+00
     220   -309.0516568507         -2.46e-05          1.80e+00
     221   -309.0516748300         -1.80e-05          1.80e+00
     222   -309.0516885757         -1.37e-05          1.80e+00
     223   -309.0516989801         -1.04e-05          1.80e+00
     224   -309.0529162970         -1.22e-03          1.80e+00
     225   -309.0529250943         -8.80e-06          1.80e+00
     226   -309.0531664212         -2.41e-04          1.80e+00
     227   -309.0532293905         -6.30e-05          1.80e+00
     228   -309.0532593364         -2.99e-05          1.80e+00
     229   -309.0533523521         -9.30e-05          1.80e+00
     230   -309.0539900286         -6.38e-04          1.80e+00
     231   -309.0539925499         -2.52e-06          1.79e+00
     232   -309.0539951090         -2.56e-06          1.79e+00
     233   -309.0539967978         -1.69e-06          1.79e+00
     234   -309.0540070209         -1.02e-05          1.79e+00
     235   -309.0540573439         -5.03e-05          1.79e+00
     236   -309.0544326075         -3.75e-04          1.79e+00
     237   -309.0544611256         -2.85e-05          1.79e+00
     238   -309.0546084803         -1.47e-04          1.79e+00
     239   -309.0547813109         -1.73e-04          1.79e+00
     240   -309.0556584915         -8.77e-04          1.79e+00
     241   -309.0557019526         -4.35e-05          1.79e+00
     242   -309.0557151085         -1.32e-05          1.79e+00
     243   -309.0558917426         -1.77e-04          1.79e+00
     244   -309.0558951828         -3.44e-06          1.78e+00
     245   -309.0561701553         -2.75e-04          1.78e+00
     246   -309.0566421772         -4.72e-04          1.78e+00
     247   -309.0566818700         -3.97e-05          1.78e+00
     248   -309.0567194851         -3.76e-05          1.78e+00
     249   -309.0567689246         -4.94e-05          1.78e+00
     250   -309.0567958315         -2.69e-05          1.78e+00
     251   -309.0567964466         -6.15e-07          1.78e+00
     252   -309.0568742311         -7.78e-05          1.78e+00
     253   -309.0571028710         -2.29e-04          1.78e+00
     254   -309.0571063549         -3.48e-06          1.78e+00
     255   -309.0571076978         -1.34e-06          1.78e+00
     256   -309.0571748161         -6.71e-05          1.78e+00
     257   -309.0571753599         -5.44e-07          1.78e+00
     258   -309.0573420932         -1.67e-04          1.78e+00
     259   -309.0575424419         -2.00e-04          1.78e+00
     260   -309.0575432824         -8.41e-07          1.77e+00
     261   -309.0577041448         -1.61e-04          1.77e+00
     262   -309.0577542716         -5.01e-05          1.77e+00
     263   -309.0578176525         -6.34e-05          1.77e+00
     264   -309.0585209757         -7.03e-04          1.77e+00
     265   -309.0585232611         -2.29e-06          1.77e+00
     266   -309.0588532739         -3.30e-04          1.77e+00
     267   -309.0589211253         -6.79e-05          1.77e+00
     268   -309.0589753131         -5.42e-05          1.77e+00
     269   -309.0589895329         -1.42e-05          1.77e+00
     270   -309.0590389476         -4.94e-05          1.77e+00
     271   -309.0590971275         -5.82e-05          1.77e+00
     272   -309.0590977503         -6.23e-07          1.77e+00
     273   -309.0590983357         -5.85e-07          1.77e+00
     274   -309.0591378074         -3.95e-05          1.77e+00
     275   -309.0591387262         -9.19e-07          1.77e+00
     276   -309.0591658851         -2.72e-05          1.77e+00
     277   -309.0591804785         -1.46e-05          1.77e+00
     278   -309.0593921718         -2.12e-04          1.77e+00
     279   -309.0593938317         -1.66e-06          1.76e+00
     280   -309.0594463396         -5.25e-05          1.76e+00
     281   -309.0596826757         -2.36e-04          1.76e+00
     282   -309.0597890929         -1.06e-04          1.76e+00
     283   -309.0597916939         -2.60e-06          1.76e+00
     284   -309.0599335165         -1.42e-04          1.76e+00
     285   -309.0599340476         -5.31e-07          1.76e+00
     286   -309.0600848316         -1.51e-04          1.76e+00
     287   -309.0600884752         -3.64e-06          1.76e+00
     288   -309.0600913179         -2.84e-06          1.76e+00
     289   -309.0601450582         -5.37e-05          1.76e+00
     290   -309.0601629525         -1.79e-05          1.76e+00
     291   -309.0607379926         -5.75e-04          1.76e+00
     292   -309.0607383129         -3.20e-07          1.76e+00
     293   -309.0607387556         -4.43e-07          1.76e+00
     294   -309.0607392391         -4.84e-07          1.76e+00
     295   -309.0611319323         -3.93e-04          1.76e+00
     296   -309.0611618698         -2.99e-05          1.75e+00
     297   -309.0611635256         -1.66e-06          1.75e+00
     298   -309.0612473788         -8.39e-05          1.75e+00
     299   -309.0615705738         -3.23e-04          1.75e+00
     300   -309.0617077409         -1.37e-04          1.75e+00

===> ADAPT did not converge after 300 steps.
===> Gradient Norm:                 1.75e+00
===> Abs. Max. Deriv:               4.12e-02
===> Energy:                 -309.0617077409

