Energy (SCF): -307.412003113

--------------------------------------------------------------------------------
CEO-ADAPT-VQE iteration: 1
--------------------------------------------------------------------------------
    gate        derivative      name       op1       op2       op3        g_unscaled   penalty
   99110        0.00292572        op     45734     45735                  0.07314291        25
   99111        0.00292572        om     45734     45735                  0.07314291        25
   99148        0.00258449        op     45772     45773                  0.08528811        33
   99149        0.00258449        om     45772     45773                  0.08528811        33
   97850        0.00192309        op     44600     44601                  0.07884678        41
   97851        0.00192309        om     44600     44601                  0.07884678        41
   45734        0.00178397    a_iajb     45734                            0.07314291        41
   45772        0.00174057    a_iajb     45772                            0.08528811        49
   98230        0.00144670        op     44926     44927                  0.05352778        37
   98231        0.00144670        om     44926     44927                  0.05352778        37

  ==> Add operator: op -1: 45734 45735
  ==> Current qubit order: 0  1  2  3  4  5  6  7  8  9  10  11  12  13  14  15  16  17  18  19  20  21  22  23  24  25  26  27  28  29  30  31  32  33  34  35  36  37  38  39  40  41  42  43  44  45  46  47  48  49  50  51  52  53  54  55  56  57  58  59  60  61  62  63  64  65  66  67  68  69  70  71  72  73  74  75  76  77  78  79  80  81  82  83  84  85  86  87  88  89  90  91  92  93  94  95  96  97  98  99  100  101  102  103  


  ==> Energy                -307.415124477
  ==> dE                       -3.12e-03
  ==> Gradient Norm             1.80e+00
  ==> Abs. Max. Deriv.          8.53e-02
  ==> Time-Grad. (s)               0.861
  ==> Time-Energy (s)              0.010
  ==> Time-Iter. (s)               0.872

--------------------------------------------------------------------------------
CEO-ADAPT-VQE iteration: 2
--------------------------------------------------------------------------------
    gate        derivative      name       op1       op2       op3        g_unscaled   penalty
   99148        0.00230031        op     45772     45773                  0.07591008        33
   99149        0.00230031        om     45772     45773                  0.07591008        33
   97850        0.00173041        op     44600     44601                  0.07094674        41
   97851        0.00173041        om     44600     44601                  0.07094674        41
   98230        0.00158962        op     44926     44927                  0.05881612        37
   98231        0.00158962        om     44926     44927                  0.05881612        37
   98548        0.00158962        op     45214     45215                  0.05881612        37
   98549        0.00158962        om     45214     45215                  0.05881612        37
   45772        0.00154919    a_iajb     45772                            0.07591008        49
   44600        0.00124468    a_iajb     44600                            0.07094674        57

  ==> Add operator: op -1: 45772 45773
  ==> Current qubit order: 0  1  2  3  4  5  6  7  8  9  10  11  12  13  14  15  16  17  18  19  20  21  22  23  24  25  26  27  28  29  30  31  32  33  34  35  36  37  38  39  40  41  42  43  44  45  46  47  48  49  50  51  54  55  52  53  56  57  58  59  60  61  62  63  64  65  66  67  68  69  70  71  72  73  74  75  76  77  78  79  80  81  82  83  84  85  86  87  88  89  90  91  92  93  94  95  96  97  98  99  100  101  102  103  


  ==> Energy                -307.417077548
  ==> dE                       -1.95e-03
  ==> Gradient Norm             1.79e+00
  ==> Abs. Max. Deriv.          7.59e-02
  ==> Time-Grad. (s)               0.823
  ==> Time-Energy (s)              0.011
  ==> Time-Iter. (s)               0.834

--------------------------------------------------------------------------------
CEO-ADAPT-VQE iteration: 3
--------------------------------------------------------------------------------
    gate        derivative      name       op1       op2       op3        g_unscaled   penalty
   97850        0.00146308        op     44600     44601                  0.07169092        49
   97851        0.00146308        om     44600     44601                  0.07169092        49
   99202        0.00116311        op     45826     45827                  0.05699251        49
   99203        0.00116311        om     45826     45827                  0.05699251        49
   98549        0.00115186        om     45214     45215                  0.06104865        53
   45214        0.00111368    a_iajb     45214                            0.05902505        53
   44600        0.00110294    a_iajb     44600                            0.07169092        65
   98548        0.00107550        op     45214     45215                  0.05700146        53
   98230        0.00107103        op     44926     44927                  0.06104865        57
   44926        0.00103553    a_iajb     44926                            0.05902505        57

  ==> Add operator: op -1: 44600 44601
  ==> Current qubit order: 0  1  2  3  4  5  6  7  8  9  10  11  12  13  14  15  16  17  18  19  20  21  22  23  24  25  26  27  28  29  30  31  32  33  34  35  36  37  38  39  40  41  42  43  44  45  48  49  46  47  52  53  50  51  54  55  56  57  58  59  60  61  62  63  64  65  66  67  68  69  70  71  72  73  74  75  76  77  78  79  80  81  82  83  84  85  86  87  88  89  90  91  92  93  94  95  96  97  98  99  100  101  102  103  


  ==> Energy                -307.419039723
  ==> dE                       -1.96e-03
  ==> Gradient Norm             1.79e+00
  ==> Abs. Max. Deriv.          7.17e-02
  ==> Time-Grad. (s)               0.908
  ==> Time-Energy (s)              0.013
  ==> Time-Iter. (s)               0.922

--------------------------------------------------------------------------------
CEO-ADAPT-VQE iteration: 4
--------------------------------------------------------------------------------
    gate        derivative      name       op1       op2       op3        g_unscaled   penalty
    1870        0.00221725      a_ia      1870                            0.00886898         4
    1842        0.00221725      a_ia      1842                            0.00886898         4
   99202        0.00140250        op     45826     45827                  0.05750245        41
   99203        0.00140250        om     45826     45827                  0.05750245        41
   98548        0.00131836        op     45214     45215                  0.05932631        45
   45214        0.00131641    a_iajb     45214                            0.05923841        45
   98549        0.00131446        om     45214     45215                  0.05915051        45
   98231        0.00111936        om     44926     44927                  0.05932631        53
   44926        0.00111771    a_iajb     44926                            0.05923841        53
   98230        0.00111605        op     44926     44927                  0.05915051        53

  ==> Add operator: a_ia 1870
  ==> Current qubit order: 0  1  2  3  4  5  6  7  8  9  10  11  12  13  14  15  16  17  18  19  20  21  22  23  24  25  26  27  28  29  30  31  32  33  34  35  36  37  38  39  40  41  42  43  44  45  48  49  46  52  47  53  50  51  54  55  56  57  58  59  60  61  62  63  64  65  66  67  68  69  70  71  72  73  74  75  76  77  78  79  80  81  82  83  84  85  86  87  88  89  90  91  92  93  94  95  96  97  98  99  100  101  102  103  


  ==> Energy                -307.419102490
  ==> dE                       -6.28e-05
  ==> Gradient Norm             1.78e+00
  ==> Abs. Max. Deriv.          5.93e-02
  ==> Time-Grad. (s)               0.855
  ==> Time-Energy (s)              0.010
  ==> Time-Iter. (s)               0.865

--------------------------------------------------------------------------------
CEO-ADAPT-VQE iteration: 5
--------------------------------------------------------------------------------
    gate        derivative      name       op1       op2       op3        g_unscaled   penalty
    1842        0.00343886      a_ia      1842                            0.00687771         2
   99202        0.00140229        op     45826     45827                  0.05749377        41
   99203        0.00140229        om     45826     45827                  0.05749377        41
   98548        0.00137900        op     45214     45215                  0.05929691        43
   45214        0.00137727    a_iajb     45214                            0.05922249        43
   98549        0.00137554        om     45214     45215                  0.05914808        43
   98231        0.00107912        om     44926     44927                  0.05935180        55
   44926        0.00107584    a_iajb     44926                            0.05917097        55
   98230        0.00107255        op     44926     44927                  0.05899014        55
   45826        0.00100866    a_iajb     45826                            0.05749377        57

  ==> Add operator: a_ia 1842
  ==> Current qubit order: 0  1  2  3  4  5  6  7  8  9  10  11  12  13  14  15  16  17  18  19  20  21  22  23  24  25  26  27  28  29  30  31  32  33  34  35  36  37  38  39  40  41  42  43  44  45  48  49  46  52  47  53  50  51  54  55  56  57  58  59  60  61  62  63  64  65  66  67  68  69  70  71  72  73  74  75  76  77  78  79  80  81  82  83  84  85  86  87  88  89  90  91  92  93  94  95  96  97  98  99  100  101  102  103  


  ==> Energy                -307.419141491
  ==> dE                       -3.90e-05
  ==> Gradient Norm             1.78e+00
  ==> Abs. Max. Deriv.          5.94e-02
  ==> Time-Grad. (s)               0.852
  ==> Time-Energy (s)              0.011
  ==> Time-Iter. (s)               0.863

--------------------------------------------------------------------------------
CEO-ADAPT-VQE iteration: 6
--------------------------------------------------------------------------------
    gate        derivative      name       op1       op2       op3        g_unscaled   penalty
   99202        0.00140156        op     45826     45827                  0.05746415        41
   99203        0.00140156        om     45826     45827                  0.05746415        41
   98548        0.00137976        op     45214     45215                  0.05932952        43
   45214        0.00137677    a_iajb     45214                            0.05920090        43
   98549        0.00137377        om     45214     45215                  0.05907227        43
   98231        0.00107886        om     44926     44927                  0.05933750        55
   44926        0.00107629    a_iajb     44926                            0.05919568        55
   98230        0.00107371        op     44926     44927                  0.05905385        55
   45826        0.00100814    a_iajb     45826                            0.05746415        57
   99130       -0.00094239        op     45754     45755                 -0.02355969        25

  ==> Add operator: op -1: 45826 45827
  ==> Current qubit order: 0  1  2  3  4  5  6  7  8  9  10  11  12  13  14  15  16  17  18  19  20  21  22  23  24  25  26  27  28  29  30  31  32  33  34  35  36  37  38  39  40  41  42  43  44  45  48  49  46  52  47  53  54  55  56  50  51  58  59  57  60  61  62  63  64  65  66  67  68  69  70  71  72  73  74  75  76  77  78  79  80  81  82  83  84  85  86  87  88  89  90  91  92  93  94  95  96  97  98  99  100  101  102  103  


  ==> Energy                -307.419907101
  ==> dE                       -7.66e-04
  ==> Gradient Norm             1.78e+00
  ==> Abs. Max. Deriv.          5.93e-02
  ==> Time-Grad. (s)               0.852
  ==> Time-Energy (s)              0.015
  ==> Time-Iter. (s)               0.868

--------------------------------------------------------------------------------
CEO-ADAPT-VQE iteration: 7
--------------------------------------------------------------------------------
    gate        derivative      name       op1       op2       op3        g_unscaled   penalty
   97900        0.00111922        op     44650     44651                  0.03469587        31
   97901        0.00111922        om     44650     44651                  0.03469587        31
   98548        0.00111725        op     45214     45215                  0.05921417        53
   45214        0.00111386    a_iajb     45214                            0.05903445        53
   98549        0.00111047        om     45214     45215                  0.05885474        53
   98231        0.00091102        om     44926     44927                  0.05921623        65
   44926        0.00090820    a_iajb     44926                            0.05903314        65
   98230        0.00090539        op     44926     44927                  0.05885006        65
   98298        0.00085231        op     44994     44995                  0.03324022        39
   98299        0.00085231        om     44994     44995                  0.03324022        39

  ==> Add operator: op -1: 44650 44651
  ==> Current qubit order: 0  1  2  3  4  5  6  7  8  9  10  11  12  13  14  15  16  17  18  19  20  21  22  23  24  25  26  27  28  29  30  31  32  33  34  35  36  37  38  39  40  41  42  43  44  45  48  49  52  46  47  54  55  53  56  50  51  58  59  57  60  61  62  63  64  65  66  67  68  69  70  71  72  73  74  75  76  77  78  79  80  81  82  83  84  85  86  87  88  89  90  91  92  93  94  95  96  97  98  99  100  101  102  103  


  ==> Energy                -307.420204885
  ==> dE                       -2.98e-04
  ==> Gradient Norm             1.77e+00
  ==> Abs. Max. Deriv.          5.92e-02
  ==> Time-Grad. (s)               0.924
  ==> Time-Energy (s)              0.013
  ==> Time-Iter. (s)               0.937

--------------------------------------------------------------------------------
CEO-ADAPT-VQE iteration: 8
--------------------------------------------------------------------------------
    gate        derivative      name       op1       op2       op3        g_unscaled   penalty
   98548        0.00128236        op     45214     45215                  0.06027086        47
   45214        0.00127884    a_iajb     45214                            0.06010567        47
   98549        0.00127533        om     45214     45215                  0.05994048        47
   98231        0.00084890        om     44926     44927                  0.06027183        71
   44926        0.00084655    a_iajb     44926                            0.06010486        71
   98230        0.00084420        op     44926     44927                  0.05993789        71
   98692        0.00082975        op     45354     45356                  0.03899848        47
   98602        0.00080922        op     45268     45269                  0.03317822        41
   98603        0.00080922        om     45268     45269                  0.03317822        41
   98689        0.00080888        om     45354     45355                  0.03801721        47

  ==> Add operator: mvp2 -1: 45214 45215
  ==> Current qubit order: 0  1  2  3  4  5  6  7  8  9  10  11  12  13  14  15  16  17  18  19  20  21  22  23  24  25  26  27  28  29  30  31  32  33  34  35  36  37  38  39  40  41  42  43  44  45  48  49  52  46  47  54  53  50  55  56  51  58  59  57  60  61  62  63  64  65  66  67  68  69  70  71  72  73  74  75  76  77  78  79  80  81  82  83  84  85  86  87  88  89  90  91  92  93  94  95  96  97  98  99  100  101  102  103  


  ==> Energy                -307.421560631
  ==> dE                       -1.36e-03
  ==> Gradient Norm             1.77e+00
  ==> Abs. Max. Deriv.          6.03e-02
  ==> Time-Grad. (s)               0.861
  ==> Time-Energy (s)              0.021
  ==> Time-Iter. (s)               0.882

--------------------------------------------------------------------------------
CEO-ADAPT-VQE iteration: 9
--------------------------------------------------------------------------------
    gate        derivative      name       op1       op2       op3        g_unscaled   penalty
   98231        0.00081769        om     44926     44927                  0.06132667        75
   44926        0.00081269    a_iajb     44926                            0.06095179        75
   98230        0.00080769        op     44926     44927                  0.06057692        75
   98602        0.00077860        op     45268     45269                  0.03192264        41
   98603        0.00077860        om     45268     45269                  0.03192264        41
   98298        0.00073631        op     44994     44995                  0.03313411        45
   98299        0.00073631        om     44994     44995                  0.03313411        45
   98689        0.00068347        om     45354     45355                  0.03895761        57
    1843        0.00065917      a_ia      1843                            0.00263670         4
   98692        0.00064231        op     45354     45356                  0.03661194        57

  ==> Add operator: mvp2 -1: 44926 44927
  ==> Current qubit order: 0  1  2  3  4  5  6  7  8  9  10  11  12  13  14  15  16  17  18  19  20  21  22  23  24  25  26  27  28  29  30  31  32  33  34  35  36  37  38  39  40  41  42  43  44  45  48  49  47  54  53  52  46  55  51  50  56  58  59  57  60  61  62  63  64  65  66  67  68  69  70  71  72  73  74  75  76  77  78  79  80  81  82  83  84  85  86  87  88  89  90  91  92  93  94  95  96  97  98  99  100  101  102  103  


  ==> Energy                -307.422962898
  ==> dE                       -1.40e-03
  ==> Gradient Norm             1.77e+00
  ==> Abs. Max. Deriv.          6.13e-02
  ==> Time-Grad. (s)               0.963
  ==> Time-Energy (s)              0.022
  ==> Time-Iter. (s)               0.985

--------------------------------------------------------------------------------
CEO-ADAPT-VQE iteration: 10
--------------------------------------------------------------------------------
    gate        derivative      name       op1       op2       op3        g_unscaled   penalty
    1868        0.00164346      a_ia      1868                            0.00328692         2
   98298        0.00091038        op     44994     44995                  0.03186321        35
   98299        0.00091038        om     44994     44995                  0.03186321        35
   98602        0.00064994        op     45268     45269                  0.03184729        49
   98603        0.00064994        om     45268     45269                  0.03184729        49
   97944        0.00063657        op     44694     44695                  0.02991871        47
   97945        0.00063657        om     44694     44695                  0.02991871        47
   44994        0.00062477    a_iajb     44994                            0.03186321        51
   98184        0.00059114        op     44900     44902                  0.03251266        55
   98181        0.00058031        om     44900     44901                  0.03191681        55

  ==> Add operator: a_ia 1868
  ==> Current qubit order: 0  1  2  3  4  5  6  7  8  9  10  11  12  13  14  15  16  17  18  19  20  21  22  23  24  25  26  27  28  29  30  31  32  33  34  35  36  37  38  39  40  41  42  43  44  45  48  49  47  54  53  52  46  55  51  50  56  58  59  57  60  61  62  63  64  65  66  67  68  69  70  71  72  73  74  75  76  77  78  79  80  81  82  83  84  85  86  87  88  89  90  91  92  93  94  95  96  97  98  99  100  101  102  103  


  ==> Energy                -307.423720850
  ==> dE                       -7.58e-04
  ==> Gradient Norm             1.76e+00
  ==> Abs. Max. Deriv.          5.75e-02
  ==> Time-Grad. (s)               0.890
  ==> Time-Energy (s)              0.017
  ==> Time-Iter. (s)               0.907

--------------------------------------------------------------------------------
CEO-ADAPT-VQE iteration: 11
--------------------------------------------------------------------------------
    gate        derivative      name       op1       op2       op3        g_unscaled   penalty
   98298        0.00090951        op     44994     44995                  0.03183273        35
   98299        0.00090951        om     44994     44995                  0.03183273        35
   98602        0.00064758        op     45268     45269                  0.03173152        49
   98603        0.00064758        om     45268     45269                  0.03173152        49
   97944        0.00063540        op     44694     44695                  0.02986382        47
   97945        0.00063540        om     44694     44695                  0.02986382        47
   44994        0.00062417    a_iajb     44994                            0.03183273        51
    1843        0.00059467      a_ia      1843                            0.00356799         6
   98184        0.00056403        op     44900     44902                  0.03102139        55
   98181        0.00055589        om     44900     44901                  0.03057376        55

  ==> Add operator: op -1: 44994 44995
  ==> Current qubit order: 0  1  2  3  4  5  6  7  8  9  10  11  12  13  14  15  16  17  18  19  20  21  22  23  24  25  26  27  28  29  30  31  32  33  34  35  36  37  38  39  40  41  42  43  44  45  48  49  47  54  53  52  55  46  51  58  59  50  56  57  60  61  62  63  64  65  66  67  68  69  70  71  72  73  74  75  76  77  78  79  80  81  82  83  84  85  86  87  88  89  90  91  92  93  94  95  96  97  98  99  100  101  102  103  


  ==> Energy                -307.423942646
  ==> dE                       -2.22e-04
  ==> Gradient Norm             1.76e+00
  ==> Abs. Max. Deriv.          5.75e-02
  ==> Time-Grad. (s)               1.003
  ==> Time-Energy (s)              0.019
  ==> Time-Iter. (s)               1.021

--------------------------------------------------------------------------------
CEO-ADAPT-VQE iteration: 12
--------------------------------------------------------------------------------
    gate        derivative      name       op1       op2       op3        g_unscaled   penalty
    1845       -0.00104026      a_ia      1845                           -0.00416103         4
   97944        0.00076497        op     44694     44695                  0.03136371        41
   97945        0.00076497        om     44694     44695                  0.03136371        41
   98602        0.00068114        op     45268     45269                  0.03065127        45
   98603        0.00068114        om     45268     45269                  0.03065127        45
   98906       -0.00060949        op     45539     45540                 -0.02376999        39
   98907       -0.00060949        om     45539     45540                 -0.02376999        39
    1953       -0.00059195      a_ia      1953                           -0.00236782         4
   44694        0.00055024    a_iajb     44694                            0.03136371        57
   98184        0.00054044        op     44900     44902                  0.03080513        57

  ==> Tried operator a_ia 1845: gain -7.05e-06 (threshold 7.7e-06), removed and excluded for this stage
  ==> Add operator: op -1: 44694 44695
  ==> Current qubit order: 0  1  2  3  4  5  6  7  8  9  10  11  12  13  14  15  16  17  18  19  20  21  22  23  24  25  26  27  28  29  30  31  32  33  34  35  36  37  38  39  40  41  42  43  44  45  48  49  54  53  52  47  46  58  59  55  51  50  56  57  60  61  62  63  64  65  66  67  68  69  70  71  72  73  74  75  76  77  78  79  80  81  82  83  84  85  86  87  88  89  90  91  92  93  94  95  96  97  98  99  100  101  102  103  


  ==> Energy                -307.424133337
  ==> dE                       -1.91e-04
  ==> Gradient Norm             1.76e+00
  ==> Abs. Max. Deriv.          5.75e-02
  ==> Time-Grad. (s)               0.970
  ==> Time-Energy (s)              0.018
  ==> Time-Iter. (s)               0.988

--------------------------------------------------------------------------------
CEO-ADAPT-VQE iteration: 13
--------------------------------------------------------------------------------
    gate        derivative      name       op1       op2       op3        g_unscaled   penalty
    1845       -0.00187926      a_ia      1845                           -0.00375852         2
   98602        0.00082207        op     45268     45269                  0.03206057        39
   98603        0.00082207        om     45268     45269                  0.03206057        39
    1873       -0.00071353      a_ia      1873                           -0.00428120         6
   45268        0.00058292    a_iajb     45268                            0.03206057        55
   98583        0.00055510        om     45248     45249                  0.02719993        49
   45248        0.00055358    a_iajb     45248                            0.02712560        49
   98582        0.00055207        op     45248     45249                  0.02705126        49
   98736        0.00053554        op     45378     45379                  0.02409949        45
   45378        0.00052998    a_iajb     45378                            0.02384926        45

  ==> Add operator: op -1: 45268 45269
  ==> Current qubit order: 0  1  2  3  4  5  6  7  8  9  10  11  12  13  14  15  16  17  18  19  20  21  22  23  24  25  26  27  28  29  30  31  32  33  34  35  36  37  38  39  40  41  42  43  44  45  48  49  54  53  52  46  47  58  59  50  55  51  56  57  60  61  62  63  64  65  66  67  68  69  70  71  72  73  74  75  76  77  78  79  80  81  82  83  84  85  86  87  88  89  90  91  92  93  94  95  96  97  98  99  100  101  102  103  


  ==> Energy                -307.424357165
  ==> dE                       -2.24e-04
  ==> Gradient Norm             1.76e+00
  ==> Abs. Max. Deriv.          5.75e-02
  ==> Time-Grad. (s)               0.995
  ==> Time-Energy (s)              0.017
  ==> Time-Iter. (s)               1.012

--------------------------------------------------------------------------------
CEO-ADAPT-VQE iteration: 14
--------------------------------------------------------------------------------
    gate        derivative      name       op1       op2       op3        g_unscaled   penalty
    1845       -0.00091760      a_ia      1845                           -0.00367040         4
    1873       -0.00086333      a_ia      1873                           -0.00345332         4
    1843        0.00063606      a_ia      1843                            0.00381637         6
    1953       -0.00056073      a_ia      1953                           -0.00224293         4
   98184        0.00054109        op     44900     44902                  0.03084197        57
   98736        0.00053565        op     45378     45379                  0.02410446        45
   98181        0.00053347        om     44900     44901                  0.03040789        57
   98583        0.00053169        om     45248     45249                  0.02605305        49
   45378        0.00053012    a_iajb     45378                            0.02385525        45
   45248        0.00052997    a_iajb     45248                            0.02596853        49

  ==> Tried operator a_ia 1873: gain -4.85e-06 (threshold 7.6e-06), removed and excluded for this stage
  ==> Add operator: a_ia 1843
  ==> Current qubit order: 0  1  2  3  4  5  6  7  8  9  10  11  12  13  14  15  16  17  18  19  20  21  22  23  24  25  26  27  28  29  30  31  32  33  34  35  36  37  38  39  40  41  42  43  44  45  48  49  53  52  54  46  47  58  59  50  55  51  56  57  60  61  62  63  64  65  66  67  68  69  70  71  72  73  74  75  76  77  78  79  80  81  82  83  84  85  86  87  88  89  90  91  92  93  94  95  96  97  98  99  100  101  102  103  


  ==> Energy                -307.424364827
  ==> dE                       -7.66e-06
  ==> Gradient Norm             1.76e+00
  ==> Abs. Max. Deriv.          5.75e-02
  ==> Time-Grad. (s)               1.122
  ==> Time-Energy (s)              0.019
  ==> Time-Iter. (s)               1.142

--------------------------------------------------------------------------------
CEO-ADAPT-VQE iteration: 15
--------------------------------------------------------------------------------
    gate        derivative      name       op1       op2       op3        g_unscaled   penalty
    1845       -0.00093995      a_ia      1845                           -0.00375979         4
    1924       -0.00093011      a_ia      1924                           -0.00186022         2
    1873       -0.00085879      a_ia      1873                           -0.00343516         4
    2002        0.00075260      a_ia      2002                            0.00150519         2
   98184        0.00065456        op     44900     44902                  0.03076433        47
   98181        0.00064517        om     44900     44901                  0.03032317        47
   44900        0.00063936    a_iajb     44900                            0.03004984        47
   98180        0.00063354        op     44900     44901                  0.02977651        47
   98185        0.00062416        om     44900     44902                  0.02933535        47
   98736        0.00058791        op     45378     45379                  0.02410428        41

  ==> Tried operator a_ia 1924: gain -4.75e-06 (threshold 5.3e-06), removed and excluded for this stage
  ==> Add operator: a_ia 2002
  ==> Current qubit order: 0  1  2  3  4  5  6  7  8  9  10  11  12  13  14  15  16  17  18  19  20  21  22  23  24  25  26  27  28  29  30  31  32  33  34  35  36  37  38  39  40  41  42  43  44  45  48  49  53  52  54  46  47  58  59  50  55  51  56  57  60  61  62  63  64  65  66  67  68  69  70  71  72  73  74  75  76  77  78  79  80  81  82  83  84  85  86  87  88  89  90  91  92  93  94  95  96  97  98  99  100  101  102  103  


  ==> Energy                -307.424418901
  ==> dE                       -5.41e-05
  ==> Gradient Norm             1.76e+00
  ==> Abs. Max. Deriv.          5.75e-02
  ==> Time-Grad. (s)               1.063
  ==> Time-Energy (s)              0.031
  ==> Time-Iter. (s)               1.094

--------------------------------------------------------------------------------
CEO-ADAPT-VQE iteration: 16
--------------------------------------------------------------------------------
    gate        derivative      name       op1       op2       op3        g_unscaled   penalty
    1924       -0.00096343      a_ia      1924                           -0.00192687         2
    1845       -0.00086566      a_ia      1845                           -0.00346262         4
    1873       -0.00082740      a_ia      1873                           -0.00330961         4
   98184        0.00065721        op     44900     44902                  0.03088873        47
   98181        0.00064995        om     44900     44901                  0.03054787        47
   44900        0.00064276    a_iajb     44900                            0.03020958        47
   98180        0.00063556        op     44900     44901                  0.02987130        47
   98185        0.00062831        om     44900     44902                  0.02953043        47
   98736        0.00058865        op     45378     45379                  0.02413449        41
   97877        0.00058677        om     44626     44627                  0.02523119        43

  ==> Add operator: mvp3 -1: 44900 44901 44902
  ==> Current qubit order: 0  1  2  3  4  5  6  7  8  9  10  11  12  13  14  15  16  17  18  19  20  21  22  23  24  25  26  27  28  29  30  31  32  33  34  35  36  37  38  39  40  41  42  43  44  45  48  49  53  52  54  46  50  47  58  59  55  51  56  57  60  61  62  63  64  65  66  67  68  69  70  71  72  73  74  75  76  77  78  79  80  81  82  83  84  85  86  87  88  89  90  91  92  93  94  95  96  97  98  99  100  101  102  103  


  ==> Energy                -307.424815450
  ==> dE                       -3.97e-04
  ==> Gradient Norm             1.76e+00
  ==> Abs. Max. Deriv.          5.75e-02
  ==> Time-Grad. (s)               1.164
  ==> Time-Energy (s)              0.023
  ==> Time-Iter. (s)               1.187

--------------------------------------------------------------------------------
CEO-ADAPT-VQE iteration: 17
--------------------------------------------------------------------------------
    gate        derivative      name       op1       op2       op3        g_unscaled   penalty
    1841        0.00138667      a_ia      1841                            0.00277333         2
    1924       -0.00087734      a_ia      1924                           -0.00175468         2
    1873       -0.00079103      a_ia      1873                           -0.00316413         4
    1950        0.00077586      a_ia      1950                            0.00465513         6
    1953       -0.00061121      a_ia      1953                           -0.00244485         4
   98583        0.00060628        om     45248     45249                  0.02606998        43
   45248        0.00060489    a_iajb     45248                            0.02601033        43
   98582        0.00060350        op     45248     45249                  0.02595067        43
    1979       -0.00059588      a_ia      1979                           -0.00238353         4
   98736        0.00058952        op     45378     45379                  0.02417032        41

  ==> Add operator: a_ia 1841
  ==> Current qubit order: 0  1  2  3  4  5  6  7  8  9  10  11  12  13  14  15  16  17  18  19  20  21  22  23  24  25  26  27  28  29  30  31  32  33  34  35  36  37  38  39  40  41  42  43  44  45  48  49  53  52  54  46  50  47  58  59  55  51  56  57  60  61  62  63  64  65  66  67  68  69  70  71  72  73  74  75  76  77  78  79  80  81  82  83  84  85  86  87  88  89  90  91  92  93  94  95  96  97  98  99  100  101  102  103  


  ==> Energy                -307.425515030
  ==> dE                       -7.00e-04
  ==> Gradient Norm             1.75e+00
  ==> Abs. Max. Deriv.          5.75e-02
  ==> Time-Grad. (s)               1.090
  ==> Time-Energy (s)              0.046
  ==> Time-Iter. (s)               1.136

--------------------------------------------------------------------------------
CEO-ADAPT-VQE iteration: 18
--------------------------------------------------------------------------------
    gate        derivative      name       op1       op2       op3        g_unscaled   penalty
    1924       -0.00116998      a_ia      1924                           -0.00233995         2
    1950        0.00115913      a_ia      1950                            0.00695477         6
    1977       -0.00111998      a_ia      1977                           -0.00223995         2
    1873       -0.00069391      a_ia      1873                           -0.00277562         4
    1979       -0.00069341      a_ia      1979                           -0.00277362         4
    1845       -0.00060564      a_ia      1845                           -0.00363386         6
   98736        0.00060427        op     45378     45379                  0.02477520        41
   98582        0.00059237        op     45248     45249                  0.02547176        43
   45378        0.00059064    a_iajb     45378                            0.02421640        41
   45248        0.00058467    a_iajb     45248                            0.02514085        43

  ==> Add operator: a_ia 1950
  ==> Current qubit order: 0  1  2  3  4  5  6  7  8  9  10  11  12  13  14  15  16  17  18  19  20  21  22  23  24  25  26  27  28  29  30  31  32  33  34  35  36  37  38  39  40  41  42  43  44  45  48  49  53  54  46  52  50  47  58  59  55  51  56  57  60  61  62  63  64  65  66  67  68  69  70  71  72  73  74  75  76  77  78  79  80  81  82  83  84  85  86  87  88  89  90  91  92  93  94  95  96  97  98  99  100  101  102  103  


  ==> Energy                -307.425574122
  ==> dE                       -5.91e-05
  ==> Gradient Norm             1.75e+00
  ==> Abs. Max. Deriv.          5.75e-02
  ==> Time-Grad. (s)               1.088
  ==> Time-Energy (s)              0.010
  ==> Time-Iter. (s)               1.098

--------------------------------------------------------------------------------
CEO-ADAPT-VQE iteration: 19
--------------------------------------------------------------------------------
    gate        derivative      name       op1       op2       op3        g_unscaled   penalty
    1924       -0.00114252      a_ia      1924                           -0.00228505         2
    1842        0.00113639      a_ia      1842                            0.00227278         2
    1843        0.00094206      a_ia      1843                            0.00188413         2
    1977       -0.00075748      a_ia      1977                           -0.00151497         2
    1840        0.00058444      a_ia      1840                            0.00467552         8
    1873       -0.00058276      a_ia      1873                           -0.00233104         4
   98582        0.00058047        op     45248     45249                  0.02496035        43
   45248        0.00057302    a_iajb     45248                            0.02463997        43
   98583        0.00056557        om     45248     45249                  0.02431959        43
   98736        0.00054769        op     45378     45379                  0.02464605        45

  ==> Add operator: a_ia 1842
  ==> Current qubit order: 0  1  2  3  4  5  6  7  8  9  10  11  12  13  14  15  16  17  18  19  20  21  22  23  24  25  26  27  28  29  30  31  32  33  34  35  36  37  38  39  40  41  42  43  44  45  48  49  53  54  46  52  50  47  58  59  55  51  56  57  60  61  62  63  64  65  66  67  68  69  70  71  72  73  74  75  76  77  78  79  80  81  82  83  84  85  86  87  88  89  90  91  92  93  94  95  96  97  98  99  100  101  102  103  


  ==> Energy                -307.425581879
  ==> dE                       -7.76e-06
  ==> Gradient Norm             1.75e+00
  ==> Abs. Max. Deriv.          5.75e-02
  ==> Time-Grad. (s)               1.160
  ==> Time-Energy (s)              0.020
  ==> Time-Iter. (s)               1.180

--------------------------------------------------------------------------------
CEO-ADAPT-VQE iteration: 20
--------------------------------------------------------------------------------
    gate        derivative      name       op1       op2       op3        g_unscaled   penalty
    1924       -0.00119414      a_ia      1924                           -0.00238829         2
    1977       -0.00081353      a_ia      1977                           -0.00162707         2
    1840        0.00058664      a_ia      1840                            0.00469309         8
   98582        0.00058045        op     45248     45249                  0.02495950        43
   45248        0.00057274    a_iajb     45248                            0.02462790        43
    1979       -0.00056852      a_ia      1979                           -0.00227410         4
   98583        0.00056503        om     45248     45249                  0.02429629        43
    1873       -0.00056092      a_ia      1873                           -0.00224369         4
   98736        0.00054921        op     45378     45379                  0.02471437        45
   99032       -0.00054487        op     45665     45666                 -0.02233979        41

  ==> Tried operator a_ia 1977: gain -1.83e-06 (threshold 3.0e-06), removed and excluded for this stage
  ==> Add operator: a_ia 1840
  ==> Current qubit order: 0  1  2  3  4  5  6  7  8  9  10  11  12  13  14  15  16  17  18  19  20  21  22  23  24  25  26  27  28  29  30  31  32  33  34  35  36  37  38  39  40  41  42  43  44  45  49  53  54  48  46  52  50  47  58  59  55  51  56  57  60  61  62  63  64  65  66  67  68  69  70  71  72  73  74  75  76  77  78  79  80  81  82  83  84  85  86  87  88  89  90  91  92  93  94  95  96  97  98  99  100  101  102  103  


  ==> Energy                -307.426693208
  ==> dE                       -1.11e-03
  ==> Gradient Norm             1.75e+00
  ==> Abs. Max. Deriv.          5.75e-02
  ==> Time-Grad. (s)               1.076
  ==> Time-Energy (s)              0.018
  ==> Time-Iter. (s)               1.094

--------------------------------------------------------------------------------
CEO-ADAPT-VQE iteration: 21
--------------------------------------------------------------------------------
    gate        derivative      name       op1       op2       op3        g_unscaled   penalty
    1924       -0.00111777      a_ia      1924                           -0.00223554         2
    1977       -0.00065118      a_ia      1977                           -0.00130235         2
   98582        0.00058481        op     45248     45249                  0.02514701        43
    1979       -0.00058403      a_ia      1979                           -0.00233613         4
   45248        0.00057879    a_iajb     45248                            0.02488816        43
   98583        0.00057277        om     45248     45249                  0.02462931        43
   99032       -0.00057114        op     45665     45666                 -0.02227427        39
   99033       -0.00057114        om     45665     45666                 -0.02227427        39
    1812        0.00055134      a_ia      1812                            0.00110268         2
    2077        0.00054529      a_ia      2077                            0.00109058         2

  ==> Add operator: mvp2 -1: 45248 45249
  ==> Current qubit order: 0  1  2  3  4  5  6  7  8  9  10  11  12  13  14  15  16  17  18  19  20  21  22  23  24  25  26  27  28  29  30  31  32  33  34  35  36  37  38  39  40  41  42  43  44  45  49  53  54  48  46  52  50  47  58  55  59  51  56  57  60  61  62  63  64  65  66  67  68  69  70  71  72  73  74  75  76  77  78  79  80  81  82  83  84  85  86  87  88  89  90  91  92  93  94  95  96  97  98  99  100  101  102  103  


  ==> Energy                -307.426967877
  ==> dE                       -2.75e-04
  ==> Gradient Norm             1.75e+00
  ==> Abs. Max. Deriv.          5.75e-02
  ==> Time-Grad. (s)               1.115
  ==> Time-Energy (s)              0.035
  ==> Time-Iter. (s)               1.150

--------------------------------------------------------------------------------
CEO-ADAPT-VQE iteration: 22
--------------------------------------------------------------------------------
    gate        derivative      name       op1       op2       op3        g_unscaled   penalty
    1979       -0.00122881      a_ia      1979                           -0.00245762         2
    1924       -0.00118045      a_ia      1924                           -0.00236090         2
    1812        0.00058949      a_ia      1812                            0.00117899         2
   94453        0.00050631        om     42021     42022                  0.04303620        85
   42021        0.00049707    a_iajb     42021                            0.04225084        85
    1977       -0.00048903      a_ia      1977                           -0.00195611         4
   94452        0.00048783        op     42021     42022                  0.04146549        85
   98535        0.00047704        om     45200     45201                  0.02051255        43
   45200        0.00047617    a_iajb     45200                            0.02047522        43
   98534        0.00047530        op     45200     45201                  0.02043790        43

  ==> Add operator: a_ia 1979
  ==> Current qubit order: 0  1  2  3  4  5  6  7  8  9  10  11  12  13  14  15  16  17  18  19  20  21  22  23  24  25  26  27  28  29  30  31  32  33  34  35  36  37  38  39  40  41  42  43  44  45  49  53  54  48  46  52  50  47  58  55  59  51  56  57  60  61  62  63  64  65  66  67  68  69  70  71  72  73  74  75  76  77  78  79  80  81  82  83  84  85  86  87  88  89  90  91  92  93  94  95  96  97  98  99  100  101  102  103  


  ==> Energy                -307.426970846
  ==> dE                       -2.97e-06
  ==> Gradient Norm             1.75e+00
  ==> Abs. Max. Deriv.          5.75e-02
  ==> Time-Grad. (s)               1.250
  ==> Time-Energy (s)              0.011
  ==> Time-Iter. (s)               1.261

--------------------------------------------------------------------------------
CEO-ADAPT-VQE iteration: 23
--------------------------------------------------------------------------------
    gate        derivative      name       op1       op2       op3        g_unscaled   penalty
    1924       -0.00118199      a_ia      1924                           -0.00236398         2
    1812        0.00058954      a_ia      1812                            0.00117909         2
   94453        0.00050628        om     42021     42022                  0.04303344        85
   42021        0.00049705    a_iajb     42021                            0.04224888        85
   94452        0.00048782        op     42021     42022                  0.04146432        85
   98535        0.00047688        om     45200     45201                  0.02050601        43
   45200        0.00047607    a_iajb     45200                            0.02047097        43
   98534        0.00047525        op     45200     45201                  0.02043594        43
    1977       -0.00047058      a_ia      1977                           -0.00188233         4
   93784        0.00046459        op     41443     41444                  0.04506519        97

  ==> Add operator: a_ia 1812
  ==> Current qubit order: 0  1  2  3  4  5  6  7  8  9  10  11  12  13  14  15  16  17  18  19  20  21  22  23  24  25  26  27  28  29  30  31  32  33  34  35  36  37  38  39  40  41  42  43  44  45  49  53  54  48  46  52  50  47  58  55  59  51  56  57  60  61  62  63  64  65  66  67  68  69  70  71  72  73  74  75  76  77  78  79  80  81  82  83  84  85  86  87  88  89  90  91  92  93  94  95  96  97  98  99  100  101  102  103  


  ==> Energy                -307.427260164
  ==> dE                       -2.89e-04
  ==> Gradient Norm             1.75e+00
  ==> Abs. Max. Deriv.          5.75e-02
  ==> Time-Grad. (s)               1.238
  ==> Time-Energy (s)              0.017
  ==> Time-Iter. (s)               1.255

--------------------------------------------------------------------------------
CEO-ADAPT-VQE iteration: 24
--------------------------------------------------------------------------------
    gate        derivative      name       op1       op2       op3        g_unscaled   penalty
    1924       -0.00114846      a_ia      1924                           -0.00229691         2
   94453        0.00050771        om     42021     42022                  0.04315571        85
   42021        0.00049848    a_iajb     42021                            0.04237105        85
    1977       -0.00049252      a_ia      1977                           -0.00197009         4
   94452        0.00048925        op     42021     42022                  0.04158639        85
   98535        0.00047528        om     45200     45201                  0.02043725        43
   45200        0.00047476    a_iajb     45200                            0.02041459        43
   98534        0.00047423        op     45200     45201                  0.02039194        43
   93784        0.00046462        op     41443     41444                  0.04506808        97
   41443        0.00045764    a_iajb     41443                            0.04439144        97

  ==> Add operator: mvp2 -1: 42021 42022
  ==> Current qubit order: 0  1  2  3  4  5  6  7  8  9  10  11  12  13  14  15  16  17  18  19  20  21  22  23  24  25  26  27  28  29  30  31  32  33  34  36  37  38  39  40  41  42  43  44  45  35  53  50  58  49  54  48  46  52  47  55  59  51  56  57  60  61  62  63  64  65  66  67  68  69  70  71  72  73  74  75  76  77  78  79  80  81  82  83  84  85  86  87  88  89  90  91  92  93  94  95  96  97  98  99  100  101  102  103  


  ==> Energy                -307.427894168
  ==> dE                       -6.34e-04
  ==> Gradient Norm             1.75e+00
  ==> Abs. Max. Deriv.          5.75e-02
  ==> Time-Grad. (s)               1.409
  ==> Time-Energy (s)              0.047
  ==> Time-Iter. (s)               1.456

--------------------------------------------------------------------------------
CEO-ADAPT-VQE iteration: 25
--------------------------------------------------------------------------------
    gate        derivative      name       op1       op2       op3        g_unscaled   penalty
    1504        0.00123811      a_ia      1504                            0.00247623         2
    1871        0.00060506      a_ia      1871                            0.00121012         2
    1873       -0.00058287      a_ia      1873                           -0.00233147         4
   94223        0.00057394        om     41824     41825                  0.03386267        59
   41824        0.00057229    a_iajb     41824                            0.03376524        59
   94222        0.00057064        op     41824     41825                  0.03366782        59
   93177        0.00052406        om     40958     40959                  0.04349729        83
   40958        0.00052011    a_iajb     40958                            0.04316898        83
    1900        0.00051909      a_ia      1900                            0.00311454         6
   93176        0.00051615        op     40958     40959                  0.04284066        83

  ==> Add operator: a_ia 1504
  ==> Current qubit order: 0  1  2  3  4  5  6  7  8  9  10  11  12  13  14  15  16  17  18  19  20  21  22  23  24  25  26  27  28  29  30  31  32  33  34  36  37  38  39  40  41  42  43  44  45  35  53  50  58  49  54  48  46  52  47  55  59  51  56  57  60  61  62  63  64  65  66  67  68  69  70  71  72  73  74  75  76  77  78  79  80  81  82  83  84  85  86  87  88  89  90  91  92  93  94  95  96  97  98  99  100  101  102  103  


  ==> Energy                -307.427897632
  ==> dE                       -3.46e-06
  ==> Gradient Norm             1.74e+00
  ==> Abs. Max. Deriv.          5.75e-02
  ==> Time-Grad. (s)               1.376
  ==> Time-Energy (s)              0.018
  ==> Time-Iter. (s)               1.394

--------------------------------------------------------------------------------
CEO-ADAPT-VQE iteration: 26
--------------------------------------------------------------------------------
    gate        derivative      name       op1       op2       op3        g_unscaled   penalty
    1871        0.00058472      a_ia      1871                            0.00116945         2
    1873       -0.00058360      a_ia      1873                           -0.00233442         4
   94223        0.00057262        om     41824     41825                  0.03378437        59
   41824        0.00057077    a_iajb     41824                            0.03367529        59
   94222        0.00056892        op     41824     41825                  0.03356621        59
    1900        0.00053143      a_ia      1900                            0.00318859         6
   93177        0.00052449        om     40958     40959                  0.04353250        83
   40958        0.00052054    a_iajb     40958                            0.04320468        83
   93176        0.00051659        op     40958     40959                  0.04287686        83
    1977       -0.00049960      a_ia      1977                           -0.00199842         4

  ==> Tried operator a_ia 1871: gain -7.14e-07 (threshold 2.8e-06), removed and excluded for this stage
  ==> Add operator: mvp2 -1: 41824 41825
  ==> Current qubit order: 0  1  2  3  4  5  6  7  8  9  10  11  12  13  14  15  16  17  18  19  20  21  22  23  24  25  26  27  28  29  30  31  32  33  34  36  37  38  39  40  41  42  43  44  45  50  49  35  53  58  46  54  48  52  47  55  59  51  56  57  60  61  62  63  64  65  66  67  68  69  70  71  72  73  74  75  76  77  78  79  80  81  82  83  84  85  86  87  88  89  90  91  92  93  94  95  96  97  98  99  100  101  102  103  


  ==> Energy                -307.428182400
  ==> dE                       -2.85e-04
  ==> Gradient Norm             1.74e+00
  ==> Abs. Max. Deriv.          5.75e-02
  ==> Time-Grad. (s)               1.430
  ==> Time-Energy (s)              0.052
  ==> Time-Iter. (s)               1.482

--------------------------------------------------------------------------------
CEO-ADAPT-VQE iteration: 27
--------------------------------------------------------------------------------
    gate        derivative      name       op1       op2       op3        g_unscaled   penalty
    1845       -0.00137713      a_ia      1845                           -0.00275425         2
    1897       -0.00089897      a_ia      1897                           -0.00179793         2
    1924       -0.00078053      a_ia      1924                           -0.00312212         4
    1871        0.00059646      a_ia      1871                            0.00119291         2
    1873       -0.00059234      a_ia      1873                           -0.00236934         4
    1900        0.00052108      a_ia      1900                            0.00312649         6
    1977       -0.00050258      a_ia      1977                           -0.00201031         4
   93177        0.00049939        om     40958     40959                  0.04444605        89
   40958        0.00049527    a_iajb     40958                            0.04407895        89
    1869        0.00049115      a_ia      1869                            0.00294691         6

  ==> Add operator: a_ia 1897
  ==> Current qubit order: 0  1  2  3  4  5  6  7  8  9  10  11  12  13  14  15  16  17  18  19  20  21  22  23  24  25  26  27  28  29  30  31  32  33  34  36  37  38  39  40  41  42  43  44  45  50  49  35  53  58  46  54  48  52  47  55  59  51  56  57  60  61  62  63  64  65  66  67  68  69  70  71  72  73  74  75  76  77  78  79  80  81  82  83  84  85  86  87  88  89  90  91  92  93  94  95  96  97  98  99  100  101  102  103  


  ==> Energy                -307.428190901
  ==> dE                       -8.50e-06
  ==> Gradient Norm             1.74e+00
  ==> Abs. Max. Deriv.          5.75e-02
  ==> Time-Grad. (s)               1.594
  ==> Time-Energy (s)              0.044
  ==> Time-Iter. (s)               1.637

--------------------------------------------------------------------------------
CEO-ADAPT-VQE iteration: 28
--------------------------------------------------------------------------------
    gate        derivative      name       op1       op2       op3        g_unscaled   penalty
    1845       -0.00129243      a_ia      1845                           -0.00258487         2
    1924       -0.00074810      a_ia      1924                           -0.00299240         4
    1871        0.00059716      a_ia      1871                            0.00119432         2
    1873       -0.00057524      a_ia      1873                           -0.00230094         4
    1900        0.00053002      a_ia      1900                            0.00318011         6
   93177        0.00049918        om     40958     40959                  0.04442689        89
   40958        0.00049515    a_iajb     40958                            0.04406856        89
    1869        0.00049293      a_ia      1869                            0.00295759         6
   93176        0.00049113        op     40958     40959                  0.04371022        89
   96157       -0.00047994        om     43362     43363                 -0.03119609        65

  ==> Add operator: a_ia 1900
  ==> Current qubit order: 0  1  2  3  4  5  6  7  8  9  10  11  12  13  14  15  16  17  18  19  20  21  22  23  24  25  26  27  28  29  30  31  32  33  34  36  37  38  39  40  41  42  43  44  45  50  49  35  53  46  54  58  48  52  47  55  59  51  56  57  60  61  62  63  64  65  66  67  68  69  70  71  72  73  74  75  76  77  78  79  80  81  82  83  84  85  86  87  88  89  90  91  92  93  94  95  96  97  98  99  100  101  102  103  


  ==> Energy                -307.428195337
  ==> dE                       -4.44e-06
  ==> Gradient Norm             1.74e+00
  ==> Abs. Max. Deriv.          5.75e-02
  ==> Time-Grad. (s)               1.539
  ==> Time-Energy (s)              0.022
  ==> Time-Iter. (s)               1.561

--------------------------------------------------------------------------------
CEO-ADAPT-VQE iteration: 29
--------------------------------------------------------------------------------
    gate        derivative      name       op1       op2       op3        g_unscaled   penalty
    1924       -0.00074023      a_ia      1924                           -0.00296093         4
    1845       -0.00065528      a_ia      1845                           -0.00262111         4
    1871        0.00059660      a_ia      1871                            0.00119321         2
    1873       -0.00055854      a_ia      1873                           -0.00223417         4
   93177        0.00049939        om     40958     40959                  0.04444599        89
   40958        0.00049537    a_iajb     40958                            0.04408769        89
    1869        0.00049339      a_ia      1869                            0.00296036         6
   93176        0.00049134        op     40958     40959                  0.04372939        89
   94199       -0.00048872        om     41800     41801                 -0.02687967        55
   41800       -0.00047495    a_iajb     41800                           -0.02612224        55

  ==> Add operator: mvp2 -1: 40958 40959
  ==> Current qubit order: 0  1  2  3  4  5  6  7  8  9  10  11  12  13  14  15  16  17  18  19  20  21  22  23  24  25  26  27  28  29  30  31  32  33  36  37  38  39  40  41  42  43  44  45  50  34  35  58  59  49  53  46  54  48  52  47  55  51  56  57  60  61  62  63  64  65  66  67  68  69  70  71  72  73  74  75  76  77  78  79  80  81  82  83  84  85  86  87  88  89  90  91  92  93  94  95  96  97  98  99  100  101  102  103  


  ==> Energy                -307.428723091
  ==> dE                       -5.28e-04
  ==> Gradient Norm             1.74e+00
  ==> Abs. Max. Deriv.          5.75e-02
  ==> Time-Grad. (s)               1.667
  ==> Time-Energy (s)              0.042
  ==> Time-Iter. (s)               1.709

--------------------------------------------------------------------------------
CEO-ADAPT-VQE iteration: 30
--------------------------------------------------------------------------------
    gate        derivative      name       op1       op2       op3        g_unscaled   penalty
    1469       -0.00159656      a_ia      1469                           -0.00319311         2
    1924       -0.00154802      a_ia      1924                           -0.00309604         2
    1927        0.00106515      a_ia      1927                            0.00213030         2
    1977       -0.00091914      a_ia      1977                           -0.00183829         2
    1869        0.00074195      a_ia      1869                            0.00296782         4
    1473        0.00070750      a_ia      1473                            0.00283001         4
   93784        0.00065917        op     41443     41444                  0.04548307        69
   94495       -0.00065357        om     42063     42064                 -0.02810353        43
   42063       -0.00064876    a_iajb     42063                           -0.02789651        43
   41443        0.00064703    a_iajb     41443                            0.04464475        69

  ==> Add operator: a_ia 1469
  ==> Current qubit order: 0  1  2  3  4  5  6  7  8  9  10  11  12  13  14  15  16  17  18  19  20  21  22  23  24  25  26  27  28  29  30  31  32  33  36  37  38  39  40  41  42  43  44  45  50  34  35  58  59  49  53  46  54  48  52  47  55  51  56  57  60  61  62  63  64  65  66  67  68  69  70  71  72  73  74  75  76  77  78  79  80  81  82  83  84  85  86  87  88  89  90  91  92  93  94  95  96  97  98  99  100  101  102  103  


  ==> Energy                -307.428945013
  ==> dE                       -2.22e-04
  ==> Gradient Norm             1.74e+00
  ==> Abs. Max. Deriv.          5.75e-02
  ==> Time-Grad. (s)               1.720
  ==> Time-Energy (s)              0.067
  ==> Time-Iter. (s)               1.787

--------------------------------------------------------------------------------
CEO-ADAPT-VQE iteration: 31
--------------------------------------------------------------------------------
    gate        derivative      name       op1       op2       op3        g_unscaled   penalty
    1924       -0.00154129      a_ia      1924                           -0.00308259         2
    1927        0.00106754      a_ia      1927                            0.00213507         2
    1977       -0.00102108      a_ia      1977                           -0.00204215         2
    1473        0.00082600      a_ia      1473                            0.00330400         4
    1869        0.00078496      a_ia      1869                            0.00313986         4
   94495       -0.00074552        om     42063     42064                 -0.03205738        43
   42063       -0.00074009    a_iajb     42063                           -0.03182379        43
   94494       -0.00073466        op     42063     42064                 -0.03159021        43
   93784        0.00066013        op     41443     41444                  0.04554887        69
    1871        0.00065100      a_ia      1871                            0.00130201         2

  ==> Tried operator a_ia 1927: gain -2.01e-06 (threshold 2.2e-06), removed and excluded for this stage
  ==> Add operator: a_ia 1473
  ==> Current qubit order: 0  1  2  3  4  5  6  7  8  9  10  11  12  13  14  15  16  17  18  19  20  21  22  23  24  25  26  27  28  29  30  31  32  33  36  37  38  39  40  41  42  43  44  45  50  35  34  58  59  49  53  46  54  48  52  47  55  51  56  57  60  61  62  63  64  65  66  67  68  69  70  71  72  73  74  75  76  77  78  79  80  81  82  83  84  85  86  87  88  89  90  91  92  93  94  95  96  97  98  99  100  101  102  103  


  ==> Energy                -307.428948779
  ==> dE                       -3.77e-06
  ==> Gradient Norm             1.74e+00
  ==> Abs. Max. Deriv.          5.75e-02
  ==> Time-Grad. (s)               1.874
  ==> Time-Energy (s)              0.060
  ==> Time-Iter. (s)               1.934

--------------------------------------------------------------------------------
CEO-ADAPT-VQE iteration: 32
--------------------------------------------------------------------------------
    gate        derivative      name       op1       op2       op3        g_unscaled   penalty
    1924       -0.00151820      a_ia      1924                           -0.00303639         2
    1927        0.00104151      a_ia      1927                            0.00208302         2
    1977       -0.00102605      a_ia      1977                           -0.00205211         2
    1869        0.00078513      a_ia      1869                            0.00314051         4
   94495       -0.00071335        om     42063     42064                 -0.03210093        45
   42063       -0.00070814    a_iajb     42063                           -0.03186612        45
   94494       -0.00070292        op     42063     42064                 -0.03163130        45
   93784        0.00067848        op     41443     41444                  0.04545790        67
   41443        0.00066642    a_iajb     41443                            0.04464990        67
   93785        0.00065436        om     41443     41444                  0.04384189        67

  ==> Add operator: a_ia 1869
  ==> Current qubit order: 0  1  2  3  4  5  6  7  8  9  10  11  12  13  14  15  16  17  18  19  20  21  22  23  24  25  26  27  28  29  30  31  32  33  36  37  38  39  40  41  42  43  44  45  50  35  34  58  59  49  53  46  54  48  52  55  47  51  56  57  60  61  62  63  64  65  66  67  68  69  70  71  72  73  74  75  76  77  78  79  80  81  82  83  84  85  86  87  88  89  90  91  92  93  94  95  96  97  98  99  100  101  102  103  


  ==> Energy                -307.429114221
  ==> dE                       -1.65e-04
  ==> Gradient Norm             1.74e+00
  ==> Abs. Max. Deriv.          5.75e-02
  ==> Time-Grad. (s)               1.953
  ==> Time-Energy (s)              0.037
  ==> Time-Iter. (s)               1.990

--------------------------------------------------------------------------------
CEO-ADAPT-VQE iteration: 33
--------------------------------------------------------------------------------
    gate        derivative      name       op1       op2       op3        g_unscaled   penalty
    1924       -0.00145285      a_ia      1924                           -0.00290569         2
    1927        0.00102711      a_ia      1927                            0.00205423         2
   94495       -0.00071012        om     42063     42064                 -0.03195545        45
   42063       -0.00070504    a_iajb     42063                           -0.03172669        45
   94494       -0.00069995        op     42063     42064                 -0.03149793        45
   93784        0.00067294        op     41443     41444                  0.04508680        67
   41443        0.00066163    a_iajb     41443                            0.04432889        67
   93785        0.00065031        om     41443     41444                  0.04357098        67
    2029        0.00064209      a_ia      2029                            0.00256837         4
    1977       -0.00055430      a_ia      1977                           -0.00221720         4

  ==> Add operator: mvp2 -1: 42063 42064
  ==> Current qubit order: 0  1  2  3  4  5  6  7  8  9  10  11  12  13  14  15  16  17  18  19  20  21  22  23  24  25  26  27  28  29  30  31  32  33  36  37  38  39  40  41  42  43  44  45  50  35  58  59  34  49  53  46  54  48  52  55  47  51  56  57  60  61  62  63  64  65  66  67  68  69  70  71  72  73  74  75  76  77  78  79  80  81  82  83  84  85  86  87  88  89  90  91  92  93  94  95  96  97  98  99  100  101  102  103  


  ==> Energy                -307.429416938
  ==> dE                       -3.03e-04
  ==> Gradient Norm             1.74e+00
  ==> Abs. Max. Deriv.          5.75e-02
  ==> Time-Grad. (s)               2.052
  ==> Time-Energy (s)              0.100
  ==> Time-Iter. (s)               2.152

--------------------------------------------------------------------------------
CEO-ADAPT-VQE iteration: 34
--------------------------------------------------------------------------------
    gate        derivative      name       op1       op2       op3        g_unscaled   penalty
    1924       -0.00147567      a_ia      1924                           -0.00295133         2
    1927        0.00059942      a_ia      1927                            0.00239769         4
   93784        0.00058810        op     41443     41444                  0.04528334        77
   41443        0.00057740    a_iajb     41443                            0.04446000        77
   93785        0.00056671        om     41443     41444                  0.04363665        77
   93138        0.00056664        op     40920     40921                  0.03116498        55
   40920        0.00054765    a_iajb     40920                            0.03012048        55
    1467       -0.00053281      a_ia      1467                           -0.00319687         6
   93139        0.00052865        om     40920     40921                  0.02907598        55
    1953       -0.00050193      a_ia      1953                           -0.00200772         4

  ==> Add operator: mvp2 -1: 41443 41444
  ==> Current qubit order: 0  1  2  3  4  5  6  7  8  9  10  11  12  13  14  15  16  17  18  19  20  21  22  23  24  25  26  27  28  29  30  31  32  33  36  37  38  39  40  41  42  43  44  45  50  35  58  49  53  46  54  59  34  52  51  48  55  47  56  57  60  61  62  63  64  65  66  67  68  69  70  71  72  73  74  75  76  77  78  79  80  81  82  83  84  85  86  87  88  89  90  91  92  93  94  95  96  97  98  99  100  101  102  103  


  ==> Energy                -307.430091198
  ==> dE                       -6.74e-04
  ==> Gradient Norm             1.74e+00
  ==> Abs. Max. Deriv.          5.75e-02
  ==> Time-Grad. (s)               1.967
  ==> Time-Energy (s)              0.061
  ==> Time-Iter. (s)               2.029

--------------------------------------------------------------------------------
CEO-ADAPT-VQE iteration: 35
--------------------------------------------------------------------------------
    gate        derivative      name       op1       op2       op3        g_unscaled   penalty
    1924       -0.00149386      a_ia      1924                           -0.00298772         2
    1470        0.00141906      a_ia      1470                            0.00283812         2
   93536        0.00058402        op     41240     41241                  0.03445697        59
   41240        0.00058312    a_iajb     41240                            0.03440430        59
   93537        0.00058223        om     41240     41241                  0.03435163        59
    1976        0.00054522      a_ia      1976                            0.00654261        12
    1845       -0.00052664      a_ia      1845                           -0.00315983         6
   98265        0.00051920        om     44960     44961                  0.02751748        53
    1953       -0.00051213      a_ia      1953                           -0.00204851         4
   44960        0.00051178    a_iajb     44960                            0.02712460        53

  ==> Add operator: a_ia 1470
  ==> Current qubit order: 0  1  2  3  4  5  6  7  8  9  10  11  12  13  14  15  16  17  18  19  20  21  22  23  24  25  26  27  28  29  30  31  32  33  36  37  38  39  40  41  42  43  44  45  50  35  58  49  53  46  54  59  34  52  51  48  55  47  56  57  60  61  62  63  64  65  66  67  68  69  70  71  72  73  74  75  76  77  78  79  80  81  82  83  84  85  86  87  88  89  90  91  92  93  94  95  96  97  98  99  100  101  102  103  


  ==> Energy                -307.430095756
  ==> dE                       -4.56e-06
  ==> Gradient Norm             1.73e+00
  ==> Abs. Max. Deriv.          5.75e-02
  ==> Time-Grad. (s)               1.987
  ==> Time-Energy (s)              0.036
  ==> Time-Iter. (s)               2.023

--------------------------------------------------------------------------------
CEO-ADAPT-VQE iteration: 36
--------------------------------------------------------------------------------
    gate        derivative      name       op1       op2       op3        g_unscaled   penalty
    1924       -0.00153504      a_ia      1924                           -0.00307009         2
   93536        0.00058240        op     41240     41241                  0.03436141        59
   41240        0.00058132    a_iajb     41240                            0.03429808        59
   93537        0.00058025        om     41240     41241                  0.03423475        59
    1976        0.00055566      a_ia      1976                            0.00666789        12
    1845       -0.00052781      a_ia      1845                           -0.00316687         6
    1953       -0.00051944      a_ia      1953                           -0.00207776         4
   98265        0.00051924        om     44960     44961                  0.02751968        53
    1467       -0.00051400      a_ia      1467                           -0.00308398         6
   44960        0.00051191    a_iajb     44960                            0.02713140        53

  ==> Add operator: mvp2 -1: 41240 41241
  ==> Current qubit order: 0  1  2  3  4  5  6  7  8  9  10  11  12  13  14  15  16  17  18  19  20  21  22  23  24  25  26  27  28  29  30  31  32  33  36  37  38  39  40  41  42  43  44  45  50  35  58  49  53  46  54  59  34  52  47  51  48  55  56  57  60  61  62  63  64  65  66  67  68  69  70  71  72  73  74  75  76  77  78  79  80  81  82  83  84  85  86  87  88  89  90  91  92  93  94  95  96  97  98  99  100  101  102  103  


  ==> Energy                -307.430388527
  ==> dE                       -2.93e-04
  ==> Gradient Norm             1.73e+00
  ==> Abs. Max. Deriv.          5.75e-02
  ==> Time-Grad. (s)               2.100
  ==> Time-Energy (s)              0.054
  ==> Time-Iter. (s)               2.154

--------------------------------------------------------------------------------
CEO-ADAPT-VQE iteration: 37
--------------------------------------------------------------------------------
    gate        derivative      name       op1       op2       op3        g_unscaled   penalty
    1924       -0.00153459      a_ia      1924                           -0.00306918         2
    1845       -0.00053146      a_ia      1845                           -0.00318876         6
   93574        0.00052384        op     41278     41279                  0.02252501        43
   41278        0.00051960    a_iajb     41278                            0.02234275        43
    1953       -0.00051818      a_ia      1953                           -0.00207271         4
   93575        0.00051536        om     41278     41279                  0.02216048        43
   98265        0.00050006        om     44960     44961                  0.02750352        55
   44960        0.00049316    a_iajb     44960                            0.02712354        55
   98264        0.00048625        op     44960     44961                  0.02674356        55
    1976        0.00048001      a_ia      1976                            0.00672018        14

  ==> Add operator: mvp2 -1: 41278 41279
  ==> Current qubit order: 0  1  2  3  4  5  6  7  8  9  10  11  12  13  14  15  16  17  18  19  20  21  22  23  24  25  26  27  28  29  30  31  32  33  36  37  38  39  40  41  42  43  44  45  50  35  58  49  53  46  54  59  34  47  52  51  48  55  56  57  60  61  62  63  64  65  66  67  68  69  70  71  72  73  74  75  76  77  78  79  80  81  82  83  84  85  86  87  88  89  90  91  92  93  94  95  96  97  98  99  100  101  102  103  


  ==> Energy                -307.430538930
  ==> dE                       -1.50e-04
  ==> Gradient Norm             1.73e+00
  ==> Abs. Max. Deriv.          5.75e-02
  ==> Time-Grad. (s)               2.020
  ==> Time-Energy (s)              0.114
  ==> Time-Iter. (s)               2.134

--------------------------------------------------------------------------------
CEO-ADAPT-VQE iteration: 38
--------------------------------------------------------------------------------
    gate        derivative      name       op1       op2       op3        g_unscaled   penalty
    1924       -0.00153525      a_ia      1924                           -0.00307050         2
    1845       -0.00053103      a_ia      1845                           -0.00318616         6
    1953       -0.00052988      a_ia      1953                           -0.00211952         4
   98265        0.00049515        om     44960     44961                  0.02723352        55
   44960        0.00048726    a_iajb     44960                            0.02679921        55
   98264        0.00047936        op     44960     44961                  0.02636489        55
    1467       -0.00047232      a_ia      1467                           -0.00283390         6
   96157       -0.00047203        om     43362     43363                 -0.03162577        67
   43362       -0.00045699    a_iajb     43362                           -0.03061854        67
    1976        0.00044594      a_ia      1976                            0.00624313        14

  ==> Add operator: a_ia 1953
  ==> Current qubit order: 0  1  2  3  4  5  6  7  8  9  10  11  12  13  14  15  16  17  18  19  20  21  22  23  24  25  26  27  28  29  30  31  32  33  36  37  38  39  40  41  42  43  44  45  35  50  58  49  53  46  54  59  34  47  52  51  48  55  56  57  60  61  62  63  64  65  66  67  68  69  70  71  72  73  74  75  76  77  78  79  80  81  82  83  84  85  86  87  88  89  90  91  92  93  94  95  96  97  98  99  100  101  102  103  


  ==> Energy                -307.430541126
  ==> dE                       -2.20e-06
  ==> Gradient Norm             1.73e+00
  ==> Abs. Max. Deriv.          5.75e-02
  ==> Time-Grad. (s)               2.135
  ==> Time-Energy (s)              0.028
  ==> Time-Iter. (s)               2.163

--------------------------------------------------------------------------------
CEO-ADAPT-VQE iteration: 39
--------------------------------------------------------------------------------
    gate        derivative      name       op1       op2       op3        g_unscaled   penalty
    1924       -0.00150768      a_ia      1924                           -0.00301536         2
    1845       -0.00054605      a_ia      1845                           -0.00327629         6
   98265        0.00049511        om     44960     44961                  0.02723117        55
   44960        0.00048723    a_iajb     44960                            0.02679761        55
   98264        0.00047935        op     44960     44961                  0.02636406        55
    1467       -0.00047265      a_ia      1467                           -0.00283590         6
   96157       -0.00045869        om     43362     43363                 -0.03164992        69
   43362       -0.00044410    a_iajb     43362                           -0.03064256        69
    1976        0.00044103      a_ia      1976                            0.00617441        14
   96156       -0.00042950        op     43362     43363                 -0.02963520        69

  ==> Add operator: mvp2 -1: 44960 44961
  ==> Current qubit order: 0  1  2  3  4  5  6  7  8  9  10  11  12  13  14  15  16  17  18  19  20  21  22  23  24  25  26  27  28  29  30  31  32  33  36  37  38  39  40  41  42  43  44  45  35  50  58  49  53  46  54  59  51  34  47  52  48  55  56  57  60  61  62  63  64  65  66  67  68  69  70  71  72  73  74  75  76  77  78  79  80  81  82  83  84  85  86  87  88  89  90  91  92  93  94  95  96  97  98  99  100  101  102  103  


  ==> Energy                -307.430753844
  ==> dE                       -2.13e-04
  ==> Gradient Norm             1.73e+00
  ==> Abs. Max. Deriv.          5.75e-02
  ==> Time-Grad. (s)               1.960
  ==> Time-Energy (s)              0.060
  ==> Time-Iter. (s)               2.020

--------------------------------------------------------------------------------
CEO-ADAPT-VQE iteration: 40
--------------------------------------------------------------------------------
    gate        derivative      name       op1       op2       op3        g_unscaled   penalty
    1924       -0.00152310      a_ia      1924                           -0.00304621         2
    1976        0.00071171      a_ia      1976                            0.00569372         8
    1845       -0.00052351      a_ia      1845                           -0.00314108         6
   96157       -0.00045851        om     43362     43363                 -0.03163720        69
   43362       -0.00044447    a_iajb     43362                           -0.03066831        69
   96156       -0.00043043        op     43362     43363                 -0.02969941        69
   94199       -0.00040989        om     41800     41801                 -0.02664270        65
   99033       -0.00040447        om     45665     45666                 -0.02224591        55
   98983        0.00040400        om     45615     45616                  0.01656384        41
   45665       -0.00039973    a_iajb     45665                           -0.02198532        55

  ==> Add operator: a_ia 1976
  ==> Current qubit order: 0  1  2  3  4  5  6  7  8  9  10  11  12  13  14  15  16  17  18  19  20  21  22  23  24  25  26  27  28  29  30  31  32  33  36  37  38  39  40  41  42  43  44  45  35  50  58  49  46  54  59  53  51  34  47  52  48  55  56  57  60  61  62  63  64  65  66  67  68  69  70  71  72  73  74  75  76  77  78  79  80  81  82  83  84  85  86  87  88  89  90  91  92  93  94  95  96  97  98  99  100  101  102  103  


  ==> Energy                -307.430792225
  ==> dE                       -3.84e-05
  ==> Gradient Norm             1.73e+00
  ==> Abs. Max. Deriv.          5.75e-02
  ==> Time-Grad. (s)               2.021
  ==> Time-Energy (s)              0.033
  ==> Time-Iter. (s)               2.055

--------------------------------------------------------------------------------
CEO-ADAPT-VQE iteration: 41
--------------------------------------------------------------------------------
    gate        derivative      name       op1       op2       op3        g_unscaled   penalty
    1845       -0.00069260      a_ia      1845                           -0.00277039         4
    1927        0.00046574      a_ia      1927                            0.00279444         6
   96157       -0.00045942        om     43362     43363                 -0.03169979        69
   43362       -0.00044530    a_iajb     43362                           -0.03072571        69
   94199       -0.00043137        om     41800     41801                 -0.02631350        61
   96156       -0.00043118        op     43362     43363                 -0.02975162        69
   41800       -0.00042088    a_iajb     41800                           -0.02567381        61
   99033       -0.00041976        om     45665     45666                 -0.02224722        53
   45665       -0.00041480    a_iajb     45665                           -0.02198421        53
    2029        0.00041178      a_ia      2029                            0.00082357         2

  ==> Add operator: mvp2 -1: 43362 43363
  ==> Current qubit order: 0  1  2  3  4  5  6  7  8  9  10  11  12  13  14  15  16  17  18  19  20  21  22  23  24  25  26  27  28  29  30  31  32  33  36  37  38  40  41  42  43  44  45  35  58  39  50  54  53  49  46  59  51  34  47  52  48  55  56  57  60  61  62  63  64  65  66  67  68  69  70  71  72  73  74  75  76  77  78  79  80  81  82  83  84  85  86  87  88  89  90  91  92  93  94  95  96  97  98  99  100  101  102  103  


  ==> Energy                -307.431237463
  ==> dE                       -4.45e-04
  ==> Gradient Norm             1.73e+00
  ==> Abs. Max. Deriv.          5.75e-02
  ==> Time-Grad. (s)               2.133
  ==> Time-Energy (s)              0.122
  ==> Time-Iter. (s)               2.255

--------------------------------------------------------------------------------
CEO-ADAPT-VQE iteration: 42
--------------------------------------------------------------------------------
    gate        derivative      name       op1       op2       op3        g_unscaled   penalty
    1924       -0.00138635      a_ia      1924                           -0.00277270         2
    1927        0.00070919      a_ia      1927                            0.00283676         4
    1951        0.00068281      a_ia      1951                            0.00136562         2
    1467       -0.00047970      a_ia      1467                           -0.00287821         6
   99033       -0.00041858        om     45665     45666                 -0.02218460        53
   45665       -0.00041373    a_iajb     45665                           -0.02192776        53
    1871        0.00041094      a_ia      1871                            0.00246563         6
   99032       -0.00040889        op     45665     45666                 -0.02167092        53
   94199       -0.00040827        om     41800     41801                 -0.02653756        65
   41800       -0.00039696    a_iajb     41800                           -0.02580221        65

  ==> Tried operator a_ia 1951: gain -1.28e-06 (threshold 1.9e-06), removed and excluded for this stage
  ==> Add operator: a_ia 1467
  ==> Current qubit order: 0  1  2  3  4  5  6  7  8  9  10  11  12  13  14  15  16  17  18  19  20  21  22  23  24  25  26  27  28  29  30  31  32  33  36  37  38  40  41  42  43  44  45  35  58  39  50  54  53  49  59  51  46  34  47  52  48  55  56  57  60  61  62  63  64  65  66  67  68  69  70  71  72  73  74  75  76  77  78  79  80  81  82  83  84  85  86  87  88  89  90  91  92  93  94  95  96  97  98  99  100  101  102  103  


  ==> Energy                -307.431460953
  ==> dE                       -2.23e-04
  ==> Gradient Norm             1.73e+00
  ==> Abs. Max. Deriv.          5.75e-02
  ==> Time-Grad. (s)               2.145
  ==> Time-Energy (s)              0.074
  ==> Time-Iter. (s)               2.219

--------------------------------------------------------------------------------
CEO-ADAPT-VQE iteration: 43
--------------------------------------------------------------------------------
    gate        derivative      name       op1       op2       op3        g_unscaled   penalty
    1927        0.00139380      a_ia      1927                            0.00278760         2
    1924       -0.00137286      a_ia      1924                           -0.00274571         2
    1951        0.00061609      a_ia      1951                            0.00123218         2
   99033       -0.00043498        om     45665     45666                 -0.02218402        51
   45665       -0.00042986    a_iajb     45665                           -0.02192282        51
   99032       -0.00042474        op     45665     45666                 -0.02166163        51
    1871        0.00039521      a_ia      1871                            0.00237126         6
    2029        0.00039223      a_ia      2029                            0.00156890         4
   94199       -0.00038050        om     41800     41801                 -0.02625441        69
   94426        0.00037838        op     41995     41996                  0.02459490        65

  ==> Add operator: mvp2 -1: 45665 45666
  ==> Current qubit order: 0  1  2  3  4  5  6  7  8  9  10  11  12  13  14  15  16  17  18  19  20  21  22  23  24  25  26  27  28  29  30  31  32  33  36  37  38  40  41  42  43  44  45  35  39  58  50  49  59  54  53  51  46  34  47  52  48  55  56  57  60  61  62  63  64  65  66  67  68  69  70  71  72  73  74  75  76  77  78  79  80  81  82  83  84  85  86  87  88  89  90  91  92  93  94  95  96  97  98  99  100  101  102  103  


  ==> Energy                -307.431586122
  ==> dE                       -1.25e-04
  ==> Gradient Norm             1.73e+00
  ==> Abs. Max. Deriv.          5.75e-02
  ==> Time-Grad. (s)               2.160
  ==> Time-Energy (s)              0.075
  ==> Time-Iter. (s)               2.235

--------------------------------------------------------------------------------
CEO-ADAPT-VQE iteration: 44
--------------------------------------------------------------------------------
    gate        derivative      name       op1       op2       op3        g_unscaled   penalty
    1927        0.00091123      a_ia      1927                            0.00182246         2
    1924       -0.00040652      a_ia      1924                           -0.00243909         6
   94426        0.00040605        op     41995     41996                  0.02476880        61
   94199       -0.00040416        om     41800     41801                 -0.02627024        65
   97877        0.00040186        om     44626     44627                  0.02049487        51
    1871        0.00039884      a_ia      1871                            0.00239305         6
   41995        0.00039727    a_iajb     41995                            0.02423354        61
   44626        0.00039658    a_iajb     44626                            0.02022542        51
   41800       -0.00039500    a_iajb     41800                           -0.02567510        65
   96171        0.00039226        om     43376     43377                  0.02549690        65

  ==> Add operator: mvp2 -1: 41995 41996
  ==> Current qubit order: 0  1  2  3  4  5  6  7  8  9  10  11  12  13  14  15  16  17  18  19  20  21  22  23  24  25  26  27  28  29  30  31  32  33  36  37  38  40  41  42  43  44  45  39  58  49  35  50  59  52  54  53  51  46  34  47  48  55  56  57  60  61  62  63  64  65  66  67  68  69  70  71  72  73  74  75  76  77  78  79  80  81  82  83  84  85  86  87  88  89  90  91  92  93  94  95  96  97  98  99  100  101  102  103  


  ==> Energy                -307.431759264
  ==> dE                       -1.73e-04
  ==> Gradient Norm             1.73e+00
  ==> Abs. Max. Deriv.          5.75e-02
  ==> Time-Grad. (s)               2.283
  ==> Time-Energy (s)              0.088
  ==> Time-Iter. (s)               2.370

--------------------------------------------------------------------------------
CEO-ADAPT-VQE iteration: 45
--------------------------------------------------------------------------------
    gate        derivative      name       op1       op2       op3        g_unscaled   penalty
    2002       -0.00066086      a_ia      2002                           -0.00132172         2
    1871        0.00058528      a_ia      1871                            0.00234110         4
   94420       -0.00046254        op     41989     41990                 -0.02173957        47
   41989       -0.00045747    a_iajb     41989                           -0.02150102        47
   94421       -0.00045239        om     41989     41990                 -0.02126248        47
   94199       -0.00044584        om     41800     41801                 -0.02630449        59
   41800       -0.00043636    a_iajb     41800                           -0.02574530        59
   94198       -0.00042688        op     41800     41801                 -0.02518612        59
   93139        0.00040190        om     40920     40921                  0.02773098        69
   97877        0.00040177        om     44626     44627                  0.02049016        51

  ==> Add operator: a_ia 2002
  ==> Current qubit order: 0  1  2  3  4  5  6  7  8  9  10  11  12  13  14  15  16  17  18  19  20  21  22  23  24  25  26  27  28  29  30  31  32  33  36  37  38  40  41  42  43  44  45  39  58  49  35  50  59  52  54  53  51  46  34  47  48  55  56  57  60  61  62  63  64  65  66  67  68  69  70  71  72  73  74  75  76  77  78  79  80  81  82  83  84  85  86  87  88  89  90  91  92  93  94  95  96  97  98  99  100  101  102  103  


  ==> Energy                -307.431784659
  ==> dE                       -2.54e-05
  ==> Gradient Norm             1.72e+00
  ==> Abs. Max. Deriv.          5.75e-02
  ==> Time-Grad. (s)               2.213
  ==> Time-Energy (s)              0.049
  ==> Time-Iter. (s)               2.261

--------------------------------------------------------------------------------
CEO-ADAPT-VQE iteration: 46
--------------------------------------------------------------------------------
    gate        derivative      name       op1       op2       op3        g_unscaled   penalty
    1871        0.00056823      a_ia      1871                            0.00227291         4
   94420       -0.00046196        op     41989     41990                 -0.02171197        47
   41989       -0.00045667    a_iajb     41989                           -0.02146371        47
   94421       -0.00045139        om     41989     41990                 -0.02121544        47
   94199       -0.00044548        om     41800     41801                 -0.02628317        59
   41800       -0.00043554    a_iajb     41800                           -0.02569698        59
   94198       -0.00042561        op     41800     41801                 -0.02511079        59
   98868        0.00041258        op     45501     45502                  0.02269174        55
   93139        0.00040323        om     40920     40921                  0.02782294        69
   40920        0.00040128    a_iajb     40920                            0.02768860        69

  ==> Add operator: mvp2 -1: 41989 41990
  ==> Current qubit order: 0  1  2  3  4  5  6  7  8  9  10  11  12  13  14  15  16  17  18  19  20  21  22  23  24  25  26  27  28  29  30  31  32  33  36  37  38  40  41  42  43  44  45  39  58  49  35  50  52  53  59  54  51  46  34  47  48  55  56  57  60  61  62  63  64  65  66  67  68  69  70  71  72  73  74  75  76  77  78  79  80  81  82  83  84  85  86  87  88  89  90  91  92  93  94  95  96  97  98  99  100  101  102  103  


  ==> Energy                -307.432124016
  ==> dE                       -3.39e-04
  ==> Gradient Norm             1.72e+00
  ==> Abs. Max. Deriv.          5.75e-02
  ==> Time-Grad. (s)               2.209
  ==> Time-Energy (s)              0.227
  ==> Time-Iter. (s)               2.436

--------------------------------------------------------------------------------
CEO-ADAPT-VQE iteration: 47
--------------------------------------------------------------------------------
    gate        derivative      name       op1       op2       op3        g_unscaled   penalty
    1871        0.00073366      a_ia      1871                            0.00293463         4
    2029        0.00071745      a_ia      2029                            0.00143489         2
    1471        0.00046068      a_ia      1471                            0.00276405         6
   94199       -0.00045750        om     41800     41801                 -0.02607732        57
   41800       -0.00045157    a_iajb     41800                           -0.02573931        57
   94198       -0.00044564        op     41800     41801                 -0.02540130        57
   98868        0.00042260        op     45501     45502                  0.02239792        53
   45501        0.00040969    a_iajb     45501                            0.02171359        53
   93139        0.00040379        om     40920     40921                  0.02705374        67
   40920        0.00040334    a_iajb     40920                            0.02702400        67

  ==> Add operator: a_ia 2029
  ==> Current qubit order: 0  1  2  3  4  5  6  7  8  9  10  11  12  13  14  15  16  17  18  19  20  21  22  23  24  25  26  27  28  29  30  31  32  33  36  37  38  40  41  42  43  44  45  39  58  49  35  50  52  53  59  54  51  46  34  47  48  55  56  57  60  61  62  63  64  65  66  67  68  69  70  71  72  73  74  75  76  77  78  79  80  81  82  83  84  85  86  87  88  89  90  91  92  93  94  95  96  97  98  99  100  101  102  103  


  ==> Energy                -307.432151247
  ==> dE                       -2.72e-05
  ==> Gradient Norm             1.72e+00
  ==> Abs. Max. Deriv.          5.75e-02
  ==> Time-Grad. (s)               2.347
  ==> Time-Energy (s)              0.051
  ==> Time-Iter. (s)               2.398

--------------------------------------------------------------------------------
CEO-ADAPT-VQE iteration: 48
--------------------------------------------------------------------------------
    gate        derivative      name       op1       op2       op3        g_unscaled   penalty
    1871        0.00078214      a_ia      1871                            0.00312854         4
    1471        0.00046450      a_ia      1471                            0.00278699         6
   94199       -0.00045853        om     41800     41801                 -0.02613633        57
   41800       -0.00045237    a_iajb     41800                           -0.02578526        57
   94198       -0.00044621        op     41800     41801                 -0.02543419        57
   98868        0.00042235        op     45501     45502                  0.02238445        53
   45501        0.00040957    a_iajb     45501                            0.02170722        53
   93139        0.00040263        om     40920     40921                  0.02697617        67
   40920        0.00040202    a_iajb     40920                            0.02693531        67
   93138        0.00040141        op     40920     40921                  0.02689445        67

  ==> Add operator: a_ia 1471
  ==> Current qubit order: 0  1  2  3  4  5  6  7  8  9  10  11  12  13  14  15  16  17  18  19  20  21  22  23  24  25  26  27  28  29  30  31  32  33  36  37  38  40  41  42  43  44  45  39  58  49  35  50  52  53  59  51  46  54  34  47  48  55  56  57  60  61  62  63  64  65  66  67  68  69  70  71  72  73  74  75  76  77  78  79  80  81  82  83  84  85  86  87  88  89  90  91  92  93  94  95  96  97  98  99  100  101  102  103  


  ==> Energy                -307.432154378
  ==> dE                       -3.13e-06
  ==> Gradient Norm             1.72e+00
  ==> Abs. Max. Deriv.          5.75e-02
  ==> Time-Grad. (s)               2.288
  ==> Time-Energy (s)              0.061
  ==> Time-Iter. (s)               2.349

--------------------------------------------------------------------------------
CEO-ADAPT-VQE iteration: 49
--------------------------------------------------------------------------------
    gate        derivative      name       op1       op2       op3        g_unscaled   penalty
    1871        0.00079020      a_ia      1871                            0.00316080         4
   94199       -0.00047522        om     41800     41801                 -0.02613700        55
   41800       -0.00046884    a_iajb     41800                           -0.02578598        55
   94198       -0.00046245        op     41800     41801                 -0.02543495        55
   93139        0.00040236        om     40920     40921                  0.02695783        67
   40920        0.00040181    a_iajb     40920                            0.02692104        67
   93138        0.00040126        op     40920     40921                  0.02688425        67
   98534        0.00038488        op     45200     45201                  0.02732648        71
   45200        0.00037912    a_iajb     45200                            0.02691728        71
   98868        0.00037904        op     45501     45502                  0.02236339        59

  ==> Add operator: mvp2 -1: 41800 41801
  ==> Current qubit order: 0  1  2  3  4  5  6  7  8  9  10  11  12  13  14  15  16  17  18  19  20  21  22  23  24  25  26  27  28  29  30  31  32  33  36  37  38  40  41  42  43  44  45  39  58  49  50  35  52  53  46  59  51  54  34  47  48  55  56  57  60  61  62  63  64  65  66  67  68  69  70  71  72  73  74  75  76  77  78  79  80  81  82  83  84  85  86  87  88  89  90  91  92  93  94  95  96  97  98  99  100  101  102  103  


  ==> Energy                -307.432376148
  ==> dE                       -2.22e-04
  ==> Gradient Norm             1.72e+00
  ==> Abs. Max. Deriv.          5.75e-02
  ==> Time-Grad. (s)               2.412
  ==> Time-Energy (s)              0.096
  ==> Time-Iter. (s)               2.508

--------------------------------------------------------------------------------
CEO-ADAPT-VQE iteration: 50
--------------------------------------------------------------------------------
    gate        derivative      name       op1       op2       op3        g_unscaled   penalty
    1871        0.00080323      a_ia      1871                            0.00321290         4
   93139        0.00043581        om     40920     40921                  0.02832746        65
   40920        0.00043578    a_iajb     40920                            0.02832548        65
   93138        0.00043575        op     40920     40921                  0.02832351        65
   94202        0.00043421        op     41804     41805                  0.01953966        45
   41804        0.00042997    a_iajb     41804                            0.01934886        45
   94203        0.00042573        om     41804     41805                  0.01915807        45
   98868        0.00039216        op     45501     45502                  0.02235306        57
   45501        0.00038041    a_iajb     45501                            0.02168319        57
   98534        0.00037486        op     45200     45201                  0.02736483        73

  ==> Add operator: om -1: 40920 40921
  ==> Current qubit order: 0  1  2  3  4  5  6  7  8  9  10  11  12  13  14  15  16  17  18  19  20  21  22  23  24  25  26  27  28  29  30  31  32  33  36  37  38  40  41  42  43  44  45  39  58  49  50  46  59  35  52  53  34  51  54  47  48  55  56  57  60  61  62  63  64  65  66  67  68  69  70  71  72  73  74  75  76  77  78  79  80  81  82  83  84  85  86  87  88  89  90  91  92  93  94  95  96  97  98  99  100  101  102  103  


  ==> Energy                -307.432588000
  ==> dE                       -2.12e-04
  ==> Gradient Norm             1.72e+00
  ==> Abs. Max. Deriv.          5.75e-02
  ==> Time-Grad. (s)               2.319
  ==> Time-Energy (s)              0.052
  ==> Time-Iter. (s)               2.370

--------------------------------------------------------------------------------
CEO-ADAPT-VQE iteration: 51
--------------------------------------------------------------------------------
    gate        derivative      name       op1       op2       op3        g_unscaled   penalty
    1507        0.00134405      a_ia      1507                            0.00268809         2
    1841        0.00095456      a_ia      1841                            0.00190912         2
    1871        0.00080523      a_ia      1871                            0.00322092         4
    1845       -0.00070614      a_ia      1845                           -0.00423685         6
    1504       -0.00050758      a_ia      1504                           -0.00203030         4
   94202        0.00049136        op     41804     41805                  0.02014558        41
   41804        0.00048833    a_iajb     41804                            0.02002158        41
   94203        0.00048531        om     41804     41805                  0.01989758        41
   98868        0.00042188        op     45501     45502                  0.02235965        53
   45501        0.00040927    a_iajb     45501                            0.02169149        53

  ==> Add operator: a_ia 1507
  ==> Current qubit order: 0  1  2  3  4  5  6  7  8  9  10  11  12  13  14  15  16  17  18  19  20  21  22  23  24  25  26  27  28  29  30  31  32  33  36  37  38  40  41  42  43  44  45  39  58  49  50  46  59  35  52  53  34  51  54  47  48  55  56  57  60  61  62  63  64  65  66  67  68  69  70  71  72  73  74  75  76  77  78  79  80  81  82  83  84  85  86  87  88  89  90  91  92  93  94  95  96  97  98  99  100  101  102  103  


  ==> Energy                -307.432601884
  ==> dE                       -1.39e-05
  ==> Gradient Norm             1.72e+00
  ==> Abs. Max. Deriv.          5.75e-02
  ==> Time-Grad. (s)               2.327
  ==> Time-Energy (s)              0.118
  ==> Time-Iter. (s)               2.446

--------------------------------------------------------------------------------
CEO-ADAPT-VQE iteration: 52
--------------------------------------------------------------------------------
    gate        derivative      name       op1       op2       op3        g_unscaled   penalty
    1841        0.00091960      a_ia      1841                            0.00183920         2
    1871        0.00082310      a_ia      1871                            0.00329241         4
    1845       -0.00073043      a_ia      1845                           -0.00438260         6
   94202        0.00049629        op     41804     41805                  0.02034805        41
   41804        0.00049191    a_iajb     41804                            0.02016831        41
   94203        0.00048753        om     41804     41805                  0.01998858        41
   98868        0.00042525        op     45501     45502                  0.02253848        53
   45501        0.00041262    a_iajb     45501                            0.02186903        53
   98869        0.00039999        om     45501     45502                  0.02119959        53
   98534        0.00039737        op     45200     45201                  0.02741844        69

  ==> Add operator: a_ia 1841
  ==> Current qubit order: 0  1  2  3  4  5  6  7  8  9  10  11  12  13  14  15  16  17  18  19  20  21  22  23  24  25  26  27  28  29  30  31  32  33  36  37  38  40  41  42  43  44  45  39  58  49  50  46  59  35  52  53  34  51  54  47  48  55  56  57  60  61  62  63  64  65  66  67  68  69  70  71  72  73  74  75  76  77  78  79  80  81  82  83  84  85  86  87  88  89  90  91  92  93  94  95  96  97  98  99  100  101  102  103  


  ==> Energy                -307.432652269
  ==> dE                       -5.04e-05
  ==> Gradient Norm             1.72e+00
  ==> Abs. Max. Deriv.          5.75e-02
  ==> Time-Grad. (s)               2.412
  ==> Time-Energy (s)              0.051
  ==> Time-Iter. (s)               2.464

--------------------------------------------------------------------------------
CEO-ADAPT-VQE iteration: 53
--------------------------------------------------------------------------------
    gate        derivative      name       op1       op2       op3        g_unscaled   penalty
    1871        0.00081498      a_ia      1871                            0.00325992         4
    1845       -0.00070287      a_ia      1845                           -0.00421725         6
   94202        0.00046287        op     41804     41805                  0.01897771        41
   41804        0.00045747    a_iajb     41804                            0.01875644        41
   94203        0.00045208        om     41804     41805                  0.01853517        41
   98868        0.00042129        op     45501     45502                  0.02232840        53
   98534        0.00041273        op     45200     45201                  0.02847849        69
   45501        0.00041017    a_iajb     45501                            0.02173887        53
   45200        0.00040657    a_iajb     45200                            0.02805329        69
   98535        0.00040041        om     45200     45201                  0.02762809        69

  ==> Add operator: mvp2 -1: 41804 41805
  ==> Current qubit order: 0  1  2  3  4  5  6  7  8  9  10  11  12  13  14  15  16  17  18  19  20  21  22  23  24  25  26  27  28  29  30  31  32  33  36  37  38  40  41  42  43  44  45  39  58  49  50  46  59  35  52  53  34  51  54  47  48  55  56  57  60  61  62  63  64  65  66  67  68  69  70  71  72  73  74  75  76  77  78  79  80  81  82  83  84  85  86  87  88  89  90  91  92  93  94  95  96  97  98  99  100  101  102  103  


  ==> Energy                -307.432739830
  ==> dE                       -8.76e-05
  ==> Gradient Norm             1.72e+00
  ==> Abs. Max. Deriv.          5.75e-02
  ==> Time-Grad. (s)               2.330
  ==> Time-Energy (s)              0.102
  ==> Time-Iter. (s)               2.431

--------------------------------------------------------------------------------
CEO-ADAPT-VQE iteration: 54
--------------------------------------------------------------------------------
    gate        derivative      name       op1       op2       op3        g_unscaled   penalty
    1871        0.00081546      a_ia      1871                            0.00326185         4
    1845       -0.00068210      a_ia      1845                           -0.00409257         6
    1507        0.00042870      a_ia      1507                            0.00085740         2
   98868        0.00042136        op     45501     45502                  0.02233215        53
   98534        0.00041272        op     45200     45201                  0.02847758        69
   45501        0.00041021    a_iajb     45501                            0.02174101        53
   45200        0.00040664    a_iajb     45200                            0.02805801        69
   98535        0.00040056        om     45200     45201                  0.02763843        69
   98869        0.00039905        om     45501     45502                  0.02114988        53
   98262       -0.00036992        op     44958     44959                 -0.02034541        55

  ==> Add operator: mvp2 -1: 45501 45502
  ==> Current qubit order: 0  1  2  3  4  5  6  7  8  9  10  11  12  13  14  15  16  17  18  19  20  21  22  23  24  25  26  27  28  29  30  31  32  33  36  37  38  40  41  42  43  44  45  39  58  49  50  46  59  35  52  53  34  51  54  48  55  47  56  57  60  61  62  63  64  65  66  67  68  69  70  71  72  73  74  75  76  77  78  79  80  81  82  83  84  85  86  87  88  89  90  91  92  93  94  95  96  97  98  99  100  101  102  103  


  ==> Energy                -307.432920677
  ==> dE                       -1.81e-04
  ==> Gradient Norm             1.72e+00
  ==> Abs. Max. Deriv.          5.75e-02
  ==> Time-Grad. (s)               2.340
  ==> Time-Energy (s)              0.106
  ==> Time-Iter. (s)               2.446

--------------------------------------------------------------------------------
CEO-ADAPT-VQE iteration: 55
--------------------------------------------------------------------------------
    gate        derivative      name       op1       op2       op3        g_unscaled   penalty
    1871        0.00158829      a_ia      1871                            0.00317659         2
    1845       -0.00068363      a_ia      1845                           -0.00410179         6
    1507        0.00043958      a_ia      1507                            0.00087915         2
    1898        0.00040952      a_ia      1898                            0.00081904         2
   95886       -0.00037244        op     43107     43108                 -0.03091254        83
    1927        0.00036344      a_ia      1927                            0.00218066         6
   43107       -0.00035715    a_iajb     43107                           -0.02964312        83
   98262       -0.00034741        op     44958     44959                 -0.02119216        61
   98534        0.00034296        op     45200     45201                  0.02846604        83
   95887       -0.00034185        om     43107     43108                 -0.02837371        83

  ==> Tried operator a_ia 1898: gain -4.01e-07 (threshold 1.4e-06), removed and excluded for this stage
  ==> Add operator: mvp2 -1: 43107 43108
  ==> Current qubit order: 0  1  2  3  4  5  6  7  8  9  10  11  12  13  14  15  16  17  18  19  20  21  22  23  24  25  26  27  28  29  30  31  32  33  36  37  40  41  42  43  44  45  39  58  49  50  46  59  38  52  51  55  35  53  34  54  48  47  56  57  60  61  62  63  64  65  66  67  68  69  70  71  72  73  74  75  76  77  78  79  80  81  82  83  84  85  86  87  88  89  90  91  92  93  94  95  96  97  98  99  100  101  102  103  


  ==> Energy                -307.433385266
  ==> dE                       -4.65e-04
  ==> Gradient Norm             1.72e+00
  ==> Abs. Max. Deriv.          5.75e-02
  ==> Time-Grad. (s)               2.427
  ==> Time-Energy (s)              0.167
  ==> Time-Iter. (s)               2.594

--------------------------------------------------------------------------------
CEO-ADAPT-VQE iteration: 56
--------------------------------------------------------------------------------
    gate        derivative      name       op1       op2       op3        g_unscaled   penalty
    1505        0.00119041      a_ia      1505                            0.00238081         2
    1602       -0.00099324      a_ia      1602                           -0.00198649         2
    1845       -0.00068766      a_ia      1845                           -0.00412598         6
    1599       -0.00068108      a_ia      1599                           -0.00272430         4
    2027        0.00064571      a_ia      2027                            0.00258283         4
   95908        0.00052836        op     43129     43130                  0.02588964        49
   43129        0.00051720    a_iajb     43129                            0.02534301        49
   95909        0.00050605        om     43129     43130                  0.02479638        49
   95888        0.00049313        op     43109     43110                  0.02021824        41
   43109        0.00048672    a_iajb     43109                            0.01995550        41

  ==> Add operator: a_ia 1505
  ==> Current qubit order: 0  1  2  3  4  5  6  7  8  9  10  11  12  13  14  15  16  17  18  19  20  21  22  23  24  25  26  27  28  29  30  31  32  33  36  37  40  41  42  43  44  45  39  58  49  50  46  59  38  52  51  55  35  53  34  54  48  47  56  57  60  61  62  63  64  65  66  67  68  69  70  71  72  73  74  75  76  77  78  79  80  81  82  83  84  85  86  87  88  89  90  91  92  93  94  95  96  97  98  99  100  101  102  103  


  ==> Energy                -307.433387550
  ==> dE                       -2.28e-06
  ==> Gradient Norm             1.72e+00
  ==> Abs. Max. Deriv.          5.75e-02
  ==> Time-Grad. (s)               2.421
  ==> Time-Energy (s)              0.065
  ==> Time-Iter. (s)               2.487

--------------------------------------------------------------------------------
CEO-ADAPT-VQE iteration: 57
--------------------------------------------------------------------------------
    gate        derivative      name       op1       op2       op3        g_unscaled   penalty
    1602       -0.00100231      a_ia      1602                           -0.00200462         2
    1845       -0.00069976      a_ia      1845                           -0.00419854         6
    1599       -0.00068070      a_ia      1599                           -0.00272281         4
    2027        0.00064717      a_ia      2027                            0.00258869         4
   95908        0.00052818        op     43129     43130                  0.02588068        49
   43129        0.00051701    a_iajb     43129                            0.02533342        49
   95909        0.00050584        om     43129     43130                  0.02478615        49
   95888        0.00049316        op     43109     43110                  0.02021938        41
   43109        0.00048676    a_iajb     43109                            0.01995696        41
   95889        0.00048035        om     43109     43110                  0.01969453        41

  ==> Add operator: a_ia 1602
  ==> Current qubit order: 0  1  2  3  4  5  6  7  8  9  10  11  12  13  14  15  16  17  18  19  20  21  22  23  24  25  26  27  28  29  30  31  32  33  36  37  40  41  42  43  44  45  39  58  49  50  46  59  38  52  51  55  35  53  34  54  48  47  56  57  60  61  62  63  64  65  66  67  68  69  70  71  72  73  74  75  76  77  78  79  80  81  82  83  84  85  86  87  88  89  90  91  92  93  94  95  96  97  98  99  100  101  102  103  


  ==> Energy                -307.433407430
  ==> dE                       -1.99e-05
  ==> Gradient Norm             1.72e+00
  ==> Abs. Max. Deriv.          5.75e-02
  ==> Time-Grad. (s)               2.523
  ==> Time-Energy (s)              0.161
  ==> Time-Iter. (s)               2.684

--------------------------------------------------------------------------------
CEO-ADAPT-VQE iteration: 58
--------------------------------------------------------------------------------
    gate        derivative      name       op1       op2       op3        g_unscaled   penalty
    1845       -0.00073500      a_ia      1845                           -0.00441002         6
    1599       -0.00067316      a_ia      1599                           -0.00269266         4
    2027        0.00067041      a_ia      2027                            0.00268165         4
   95908        0.00052795        op     43129     43130                  0.02586949        49
   43129        0.00051714    a_iajb     43129                            0.02533973        49
   95909        0.00050633        om     43129     43130                  0.02480997        49
   95888        0.00049168        op     43109     43110                  0.02015884        41
   43109        0.00048557    a_iajb     43109                            0.01990833        41
   95889        0.00047946        om     43109     43110                  0.01965782        41
   98262       -0.00041852        op     44958     44959                 -0.02218179        53

  ==> Add operator: a_ia 1599
  ==> Current qubit order: 0  1  2  3  4  5  6  7  8  9  10  11  12  13  14  15  16  17  18  19  20  21  22  23  24  25  26  27  28  29  30  31  32  33  36  37  40  41  42  43  44  45  39  58  49  50  59  46  38  52  51  55  35  53  34  54  48  47  56  57  60  61  62  63  64  65  66  67  68  69  70  71  72  73  74  75  76  77  78  79  80  81  82  83  84  85  86  87  88  89  90  91  92  93  94  95  96  97  98  99  100  101  102  103  


  ==> Energy                -307.433628203
  ==> dE                       -2.21e-04
  ==> Gradient Norm             1.72e+00
  ==> Abs. Max. Deriv.          5.75e-02
  ==> Time-Grad. (s)               2.685
  ==> Time-Energy (s)              0.089
  ==> Time-Iter. (s)               2.775

--------------------------------------------------------------------------------
CEO-ADAPT-VQE iteration: 59
--------------------------------------------------------------------------------
    gate        derivative      name       op1       op2       op3        g_unscaled   penalty
    2027        0.00064810      a_ia      2027                            0.00259238         4
    1927        0.00054776      a_ia      1927                            0.00219106         4
   95908        0.00053324        op     43129     43130                  0.02612855        49
    1845       -0.00052691      a_ia      1845                           -0.00421527         8
   43129        0.00051695    a_iajb     43129                            0.02533064        49
   95909        0.00050067        om     43129     43130                  0.02453273        49
   98262       -0.00043442        op     44958     44959                 -0.02215566        51
   44958       -0.00042786    a_iajb     44958                           -0.02182065        51
   98263       -0.00042129        om     44958     44959                 -0.02148564        51
   97678       -0.00041714        op     44452     44453                 -0.02377671        57

  ==> Add operator: a_ia 2027
  ==> Current qubit order: 0  1  2  3  4  5  6  7  8  9  10  11  12  13  14  15  16  17  18  19  20  21  22  23  24  25  26  27  28  29  30  31  32  33  36  37  40  41  42  43  44  45  39  58  49  50  59  46  38  52  51  35  55  53  34  54  48  47  56  57  60  61  62  63  64  65  66  67  68  69  70  71  72  73  74  75  76  77  78  79  80  81  82  83  84  85  86  87  88  89  90  91  92  93  94  95  96  97  98  99  100  101  102  103  


  ==> Energy                -307.433716177
  ==> dE                       -8.80e-05
  ==> Gradient Norm             1.72e+00
  ==> Abs. Max. Deriv.          5.75e-02
  ==> Time-Grad. (s)               2.739
  ==> Time-Energy (s)              0.077
  ==> Time-Iter. (s)               2.816

--------------------------------------------------------------------------------
CEO-ADAPT-VQE iteration: 60
--------------------------------------------------------------------------------
    gate        derivative      name       op1       op2       op3        g_unscaled   penalty
    1845       -0.00052658      a_ia      1845                           -0.00421265         8
   95908        0.00051538        op     43129     43130                  0.02628434        51
    1927        0.00051214      a_ia      1927                            0.00204858         4
   43129        0.00049990    a_iajb     43129                            0.02549491        51
   95909        0.00048442        om     43129     43130                  0.02470549        51
    1871        0.00042731      a_ia      1871                            0.00427313        10
   98262       -0.00041467        op     44958     44959                 -0.02197747        53
   44958       -0.00041066    a_iajb     44958                           -0.02176511        53
   98263       -0.00040666        om     44958     44959                 -0.02155276        53
   97678       -0.00040561        op     44452     44453                 -0.02393073        59

  ==> Add operator: mvp2 -1: 43129 43130
  ==> Current qubit order: 0  1  2  3  4  5  6  7  8  9  10  11  12  13  14  15  16  17  18  19  20  21  22  23  24  25  26  27  28  29  30  31  32  33  36  37  40  41  42  43  44  45  39  58  49  50  59  46  52  38  51  55  54  35  53  34  48  47  56  57  60  61  62  63  64  65  66  67  68  69  70  71  72  73  74  75  76  77  78  79  80  81  82  83  84  85  86  87  88  89  90  91  92  93  94  95  96  97  98  99  100  101  102  103  


  ==> Energy                -307.433931600
  ==> dE                       -2.15e-04
  ==> Gradient Norm             1.72e+00
  ==> Abs. Max. Deriv.          5.75e-02
  ==> Time-Grad. (s)               2.725
  ==> Time-Energy (s)              0.158
  ==> Time-Iter. (s)               2.883

--------------------------------------------------------------------------------
CEO-ADAPT-VQE iteration: 61
--------------------------------------------------------------------------------
    gate        derivative      name       op1       op2       op3        g_unscaled   penalty
    1845       -0.00052674      a_ia      1845                           -0.00421394         8
    1927        0.00051329      a_ia      1927                            0.00205317         4
   98262       -0.00051002        op     44958     44959                 -0.02295101        45
   44958       -0.00050175    a_iajb     44958                           -0.02257886        45
   98263       -0.00049348        om     44958     44959                 -0.02220672        45
   95888        0.00041883        op     43109     43110                  0.02136008        51
   43109        0.00040954    a_iajb     43109                            0.02088649        51
   95889        0.00040025        om     43109     43110                  0.02041289        51
   94247        0.00039507        om     41848     41849                  0.02409905        61
   41848        0.00039078    a_iajb     41848                            0.02383746        61

  ==> Add operator: mvp2 -1: 44958 44959
  ==> Current qubit order: 0  1  2  3  4  5  6  7  8  9  10  11  12  13  14  15  16  17  18  19  20  21  22  23  24  25  26  27  28  29  30  31  32  33  36  37  40  41  42  43  44  45  39  58  49  50  59  52  38  46  51  55  54  35  53  34  48  47  56  57  60  61  62  63  64  65  66  67  68  69  70  71  72  73  74  75  76  77  78  79  80  81  82  83  84  85  86  87  88  89  90  91  92  93  94  95  96  97  98  99  100  101  102  103  


  ==> Energy                -307.434097063
  ==> dE                       -1.65e-04
  ==> Gradient Norm             1.72e+00
  ==> Abs. Max. Deriv.          5.75e-02
  ==> Time-Grad. (s)               2.827
  ==> Time-Energy (s)              0.157
  ==> Time-Iter. (s)               2.983

--------------------------------------------------------------------------------
CEO-ADAPT-VQE iteration: 62
--------------------------------------------------------------------------------
    gate        derivative      name       op1       op2       op3        g_unscaled   penalty
    1927        0.00050797      a_ia      1927                            0.00203187         4
   95888        0.00041759        op     43109     43110                  0.02129701        51
   43109        0.00040953    a_iajb     43109                            0.02088605        51
    1504       -0.00040746      a_ia      1504                           -0.00081492         2
   95889        0.00040147        om     43109     43110                  0.02047509        51
   94247        0.00039479        om     41848     41849                  0.02408247        61
   41848        0.00039049    a_iajb     41848                            0.02381959        61
   95690        0.00038867        op     42932     42933                  0.02448627        63
   42932        0.00038775    a_iajb     42932                            0.02442798        63
   95691        0.00038682        om     42932     42933                  0.02436968        63

  ==> Add operator: mvp2 -1: 43109 43110
  ==> Current qubit order: 0  1  2  3  4  5  6  7  8  9  10  11  12  13  14  15  16  17  18  19  20  21  22  23  24  25  26  27  28  29  30  31  32  33  36  37  40  41  42  43  44  45  39  58  49  50  59  52  38  51  46  55  54  35  53  34  48  47  56  57  60  61  62  63  64  65  66  67  68  69  70  71  72  73  74  75  76  77  78  79  80  81  82  83  84  85  86  87  88  89  90  91  92  93  94  95  96  97  98  99  100  101  102  103  


  ==> Energy                -307.434238372
  ==> dE                       -1.41e-04
  ==> Gradient Norm             1.72e+00
  ==> Abs. Max. Deriv.          5.75e-02
  ==> Time-Grad. (s)               2.735
  ==> Time-Energy (s)              0.169
  ==> Time-Iter. (s)               2.904

--------------------------------------------------------------------------------
CEO-ADAPT-VQE iteration: 63
--------------------------------------------------------------------------------
    gate        derivative      name       op1       op2       op3        g_unscaled   penalty
    1602        0.00059855      a_ia      1602                            0.00119710         2
    1927        0.00051392      a_ia      1927                            0.00205567         4
    1504       -0.00041691      a_ia      1504                           -0.00083383         2
   97678       -0.00040915        op     44452     44453                 -0.02413979        59
   44452       -0.00039500    a_iajb     44452                           -0.02330483        59
   95690        0.00038849        op     42932     42933                  0.02447485        63
   42932        0.00038760    a_iajb     42932                            0.02441859        63
   95691        0.00038670        om     42932     42933                  0.02436233        63
   94247        0.00038235        om     41848     41849                  0.02408799        63
   97679       -0.00038085        om     44452     44453                 -0.02246987        59

  ==> Add operator: a_ia 1504
  ==> Current qubit order: 0  1  2  3  4  5  6  7  8  9  10  11  12  13  14  15  16  17  18  19  20  21  22  23  24  25  26  27  28  29  30  31  32  33  36  37  40  41  42  43  44  45  39  58  49  50  59  52  38  51  46  55  54  35  53  34  48  47  56  57  60  61  62  63  64  65  66  67  68  69  70  71  72  73  74  75  76  77  78  79  80  81  82  83  84  85  86  87  88  89  90  91  92  93  94  95  96  97  98  99  100  101  102  103  


  ==> Energy                -307.434341798
  ==> dE                       -1.03e-04
  ==> Gradient Norm             1.72e+00
  ==> Abs. Max. Deriv.          5.75e-02
  ==> Time-Grad. (s)               2.866
  ==> Time-Energy (s)              0.250
  ==> Time-Iter. (s)               3.116

--------------------------------------------------------------------------------
CEO-ADAPT-VQE iteration: 64
--------------------------------------------------------------------------------
    gate        derivative      name       op1       op2       op3        g_unscaled   penalty
    1927        0.00051826      a_ia      1927                            0.00207302         4
   97678       -0.00040735        op     44452     44453                 -0.02403356        59
   44452       -0.00039229    a_iajb     44452                           -0.02314517        59
   95690        0.00038379        op     42932     42933                  0.02417896        63
   94247        0.00038341        om     41848     41849                  0.02415494        63
   42932        0.00038280    a_iajb     42932                            0.02411619        63
   95691        0.00038180        om     42932     42933                  0.02405342        63
   41848        0.00037883    a_iajb     41848                            0.02386617        63
   97679       -0.00037723        om     44452     44453                 -0.02225678        59
    1871        0.00037628      a_ia      1871                            0.00451539        12

  ==> Add operator: mvp2 -1: 44452 44453
  ==> Current qubit order: 0  1  2  3  4  5  6  7  8  9  10  11  12  13  14  15  16  17  18  19  20  21  22  23  24  25  26  27  28  29  30  31  32  33  36  37  40  41  42  43  45  39  58  49  50  59  44  52  51  55  38  46  54  35  53  34  48  47  56  57  60  61  62  63  64  65  66  67  68  69  70  71  72  73  74  75  76  77  78  79  80  81  82  83  84  85  86  87  88  89  90  91  92  93  94  95  96  97  98  99  100  101  102  103  


  ==> Energy                -307.434593509
  ==> dE                       -2.52e-04
  ==> Gradient Norm             1.71e+00
  ==> Abs. Max. Deriv.          5.75e-02
  ==> Time-Grad. (s)               2.761
  ==> Time-Energy (s)              0.183
  ==> Time-Iter. (s)               2.944

--------------------------------------------------------------------------------
CEO-ADAPT-VQE iteration: 65
--------------------------------------------------------------------------------
    gate        derivative      name       op1       op2       op3        g_unscaled   penalty
    1927        0.00051968      a_ia      1927                            0.00207873         4
    1784        0.00050915      a_ia      1784                            0.00203661         4
   97694        0.00048332        op     44468     44469                  0.02271585        47
   44468        0.00046424    a_iajb     44468                            0.02181941        47
   97695        0.00044517        om     44468     44469                  0.02092298        47
   94247        0.00040932        om     41848     41849                  0.02414972        59
   41848        0.00040446    a_iajb     41848                            0.02386314        59
   94246        0.00039960        op     41848     41849                  0.02357655        59
   98534        0.00037933        op     45200     45201                  0.02996695        79
   45200        0.00037325    a_iajb     45200                            0.02948709        79

  ==> Add operator: a_ia 1784
  ==> Current qubit order: 0  1  2  3  4  5  6  7  8  9  10  11  12  13  14  15  16  17  18  19  20  21  22  23  24  25  26  27  28  29  30  31  32  33  36  37  40  41  42  43  45  39  58  49  59  50  44  52  51  55  38  46  54  35  53  34  48  47  56  57  60  61  62  63  64  65  66  67  68  69  70  71  72  73  74  75  76  77  78  79  80  81  82  83  84  85  86  87  88  89  90  91  92  93  94  95  96  97  98  99  100  101  102  103  


  ==> Energy                -307.434665231
  ==> dE                       -7.17e-05
  ==> Gradient Norm             1.71e+00
  ==> Abs. Max. Deriv.          5.75e-02
  ==> Time-Grad. (s)               2.823
  ==> Time-Energy (s)              0.106
  ==> Time-Iter. (s)               2.929

--------------------------------------------------------------------------------
CEO-ADAPT-VQE iteration: 66
--------------------------------------------------------------------------------
    gate        derivative      name       op1       op2       op3        g_unscaled   penalty
    1927        0.00103629      a_ia      1927                            0.00207259         2
    1785       -0.00079709      a_ia      1785                           -0.00159417         2
   94247        0.00040903        om     41848     41849                  0.02413291        59
   41848        0.00040419    a_iajb     41848                            0.02384740        59
   94246        0.00039935        op     41848     41849                  0.02356189        59
   98534        0.00038787        op     45200     45201                  0.02986598        77
   45200        0.00038176    a_iajb     45200                            0.02939551        77
   98535        0.00037565        om     45200     45201                  0.02892505        77
   96171        0.00036257        om     43376     43377                  0.02284165        63
   43376        0.00035681    a_iajb     43376                            0.02247934        63

  ==> Add operator: a_ia 1785
  ==> Current qubit order: 0  1  2  3  4  5  6  7  8  9  10  11  12  13  14  15  16  17  18  19  20  21  22  23  24  25  26  27  28  29  30  31  32  33  36  37  40  41  42  43  45  39  58  49  59  50  44  52  51  55  38  46  54  35  53  34  48  47  56  57  60  61  62  63  64  65  66  67  68  69  70  71  72  73  74  75  76  77  78  79  80  81  82  83  84  85  86  87  88  89  90  91  92  93  94  95  96  97  98  99  100  101  102  103  


  ==> Energy                -307.434666936
  ==> dE                       -1.71e-06
  ==> Gradient Norm             1.71e+00
  ==> Abs. Max. Deriv.          5.75e-02
  ==> Time-Grad. (s)               3.287
  ==> Time-Energy (s)              0.145
  ==> Time-Iter. (s)               3.433

--------------------------------------------------------------------------------
CEO-ADAPT-VQE iteration: 67
--------------------------------------------------------------------------------
    gate        derivative      name       op1       op2       op3        g_unscaled   penalty
    1927        0.00103631      a_ia      1927                            0.00207261         2
   94247        0.00040902        om     41848     41849                  0.02413195        59
   41848        0.00040418    a_iajb     41848                            0.02384644        59
   94246        0.00039934        op     41848     41849                  0.02356093        59
   98534        0.00038760        op     45200     45201                  0.02984483        77
   45200        0.00038148    a_iajb     45200                            0.02937413        77
   98535        0.00037537        om     45200     45201                  0.02890344        77
   96171        0.00036259        om     43376     43377                  0.02284289        63
   43376        0.00035684    a_iajb     43376                            0.02248081        63
   98969       -0.00035398        om     45601     45602                 -0.01734521        49

  ==> Add operator: mvp2 -1: 41848 41849
  ==> Current qubit order: 0  1  2  3  4  5  6  7  8  9  10  11  12  13  14  15  16  17  18  19  20  21  22  23  24  25  26  27  28  29  30  31  32  33  36  37  40  41  42  43  45  39  49  59  50  44  52  51  58  55  46  35  38  54  53  34  48  47  56  57  60  61  62  63  64  65  66  67  68  69  70  71  72  73  74  75  76  77  78  79  80  81  82  83  84  85  86  87  88  89  90  91  92  93  94  95  96  97  98  99  100  101  102  103  


  ==> Energy                -307.434823239
  ==> dE                       -1.56e-04
  ==> Gradient Norm             1.71e+00
  ==> Abs. Max. Deriv.          5.75e-02
  ==> Time-Grad. (s)               3.139
  ==> Time-Energy (s)              0.221
  ==> Time-Iter. (s)               3.359

--------------------------------------------------------------------------------
CEO-ADAPT-VQE iteration: 68
--------------------------------------------------------------------------------
    gate        derivative      name       op1       op2       op3        g_unscaled   penalty
    1927        0.00105424      a_ia      1927                            0.00210847         2
    1632        0.00061125      a_ia      1632                            0.00122251         2
    1845       -0.00058228      a_ia      1845                           -0.00232911         4
    1637        0.00051822      a_ia      1637                            0.00207286         4
    2004        0.00048785      a_ia      2004                            0.00195141         4
    1603        0.00041271      a_ia      1603                            0.00082543         2
   98534        0.00036804        op     45200     45201                  0.02981132        81
   45200        0.00036331    a_iajb     45200                            0.02942796        81
   98535        0.00035858        om     45200     45201                  0.02904461        81
   96171        0.00034085        om     43376     43377                  0.02283713        67

  ==> Add operator: a_ia 1632
  ==> Current qubit order: 0  1  2  3  4  5  6  7  8  9  10  11  12  13  14  15  16  17  18  19  20  21  22  23  24  25  26  27  28  29  30  31  32  33  36  37  40  41  42  43  45  39  49  59  50  44  52  51  58  55  46  35  38  54  53  34  48  47  56  57  60  61  62  63  64  65  66  67  68  69  70  71  72  73  74  75  76  77  78  79  80  81  82  83  84  85  86  87  88  89  90  91  92  93  94  95  96  97  98  99  100  101  102  103  


  ==> Energy                -307.435003844
  ==> dE                       -1.81e-04
  ==> Gradient Norm             1.71e+00
  ==> Abs. Max. Deriv.          5.75e-02
  ==> Time-Grad. (s)               3.126
  ==> Time-Energy (s)              0.127
  ==> Time-Iter. (s)               3.254

--------------------------------------------------------------------------------
CEO-ADAPT-VQE iteration: 69
--------------------------------------------------------------------------------
    gate        derivative      name       op1       op2       op3        g_unscaled   penalty
    1927        0.00093114      a_ia      1927                            0.00186228         2
    1845       -0.00058317      a_ia      1845                           -0.00233266         4
    1637        0.00054193      a_ia      1637                            0.00216773         4
    2004        0.00050258      a_ia      2004                            0.00201030         4
    1603        0.00041792      a_ia      1603                            0.00083584         2
   98534        0.00036714        op     45200     45201                  0.02973802        81
   45200        0.00036246    a_iajb     45200                            0.02935896        81
   98535        0.00035778        om     45200     45201                  0.02897990        81
   98968       -0.00034277        op     45601     45602                 -0.01748140        51
   45601       -0.00033579    a_iajb     45601                           -0.01712536        51

  ==> Add operator: a_ia 1637
  ==> Current qubit order: 0  1  2  3  4  5  6  7  8  9  10  11  12  13  14  15  16  17  18  19  20  21  22  23  24  25  26  27  28  29  30  31  32  33  36  37  40  41  42  43  45  49  39  59  50  44  52  51  58  55  46  35  38  54  53  34  48  47  56  57  60  61  62  63  64  65  66  67  68  69  70  71  72  73  74  75  76  77  78  79  80  81  82  83  84  85  86  87  88  89  90  91  92  93  94  95  96  97  98  99  100  101  102  103  


  ==> Energy                -307.435005467
  ==> dE                       -1.62e-06
  ==> Gradient Norm             1.71e+00
  ==> Abs. Max. Deriv.          5.75e-02
  ==> Time-Grad. (s)               3.339
  ==> Time-Energy (s)              0.143
  ==> Time-Iter. (s)               3.482

--------------------------------------------------------------------------------
CEO-ADAPT-VQE iteration: 70
--------------------------------------------------------------------------------
    gate        derivative      name       op1       op2       op3        g_unscaled   penalty
    1845       -0.00057744      a_ia      1845                           -0.00230976         4
    2004        0.00050229      a_ia      2004                            0.00200915         4
    1927        0.00047634      a_ia      1927                            0.00190536         4
    1603        0.00042429      a_ia      1603                            0.00084857         2
   98534        0.00036713        op     45200     45201                  0.02973752        81
   45200        0.00036245    a_iajb     45200                            0.02935883        81
   98535        0.00035778        om     45200     45201                  0.02898014        81
   96149       -0.00033510        om     43354     43355                 -0.01708993        51
   43354       -0.00033034    a_iajb     43354                           -0.01684747        51
   98968       -0.00032984        op     45601     45602                 -0.01748139        53

  ==> Add operator: a_ia 2004
  ==> Current qubit order: 0  1  2  3  4  5  6  7  8  9  10  11  12  13  14  15  16  17  18  19  20  21  22  23  24  25  26  27  28  29  30  31  32  33  36  37  40  41  42  43  45  49  39  59  50  44  51  52  58  55  46  35  38  54  53  34  48  47  56  57  60  61  62  63  64  65  66  67  68  69  70  71  72  73  74  75  76  77  78  79  80  81  82  83  84  85  86  87  88  89  90  91  92  93  94  95  96  97  98  99  100  101  102  103  


  ==> Energy                -307.435405286
  ==> dE                       -4.00e-04
  ==> Gradient Norm             1.71e+00
  ==> Abs. Max. Deriv.          5.75e-02
  ==> Time-Grad. (s)               3.133
  ==> Time-Energy (s)              0.615
  ==> Time-Iter. (s)               3.749

--------------------------------------------------------------------------------
CEO-ADAPT-VQE iteration: 71
--------------------------------------------------------------------------------
    gate        derivative      name       op1       op2       op3        g_unscaled   penalty
    1468       -0.00054756      a_ia      1468                           -0.00109512         2
    1927        0.00045708      a_ia      1927                            0.00182833         4
    1977       -0.00041738      a_ia      1977                           -0.00250428         6
   98534        0.00039342        op     45200     45201                  0.03108027        79
   45200        0.00038666    a_iajb     45200                            0.03054594        79
   98535        0.00037989        om     45200     45201                  0.03001161        79
   96149       -0.00035890        om     43354     43355                 -0.01902177        53
   98235       -0.00035817        om     44930     44931                 -0.01755044        49
   44930       -0.00035313    a_iajb     44930                           -0.01730324        49
   43354       -0.00035064    a_iajb     43354                           -0.01858368        53

  ==> Add operator: a_ia 1468
  ==> Current qubit order: 0  1  2  3  4  5  6  7  8  9  10  11  12  13  14  15  16  17  18  19  20  21  22  23  24  25  26  27  28  29  30  31  32  33  36  37  40  41  42  43  45  49  39  59  50  44  51  52  58  55  46  35  38  54  53  34  48  47  56  57  60  61  62  63  64  65  66  67  68  69  70  71  72  73  74  75  76  77  78  79  80  81  82  83  84  85  86  87  88  89  90  91  92  93  94  95  96  97  98  99  100  101  102  103  


  ==> Energy                -307.435481272
  ==> dE                       -7.60e-05
  ==> Gradient Norm             1.71e+00
  ==> Abs. Max. Deriv.          5.75e-02
  ==> Time-Grad. (s)               3.248
  ==> Time-Energy (s)              0.122
  ==> Time-Iter. (s)               3.370

--------------------------------------------------------------------------------
CEO-ADAPT-VQE iteration: 72
--------------------------------------------------------------------------------
    gate        derivative      name       op1       op2       op3        g_unscaled   penalty
    1927        0.00048461      a_ia      1927                            0.00193842         4
    1977       -0.00042171      a_ia      1977                           -0.00253024         6
   98534        0.00039280        op     45200     45201                  0.03103155        79
   45200        0.00038590    a_iajb     45200                            0.03048642        79
   98535        0.00037900        om     45200     45201                  0.02994129        79
   96149       -0.00035980        om     43354     43355                 -0.01906932        53
   98235       -0.00035336        om     44930     44931                 -0.01731463        49
   43354       -0.00035155    a_iajb     43354                           -0.01863240        53
   44930       -0.00034870    a_iajb     44930                           -0.01708650        49
    1845        0.00034409      a_ia      1845                            0.00137637         4

  ==> Add operator: mvp2 -1: 45200 45201
  ==> Current qubit order: 0  1  2  3  4  5  6  7  8  9  10  11  12  13  14  15  16  17  18  19  20  21  22  23  24  25  26  27  28  29  30  31  32  33  36  37  40  41  42  43  45  49  39  59  44  51  58  50  52  55  47  46  35  38  54  53  34  48  56  57  60  61  62  63  64  65  66  67  68  69  70  71  72  73  74  75  76  77  78  79  80  81  82  83  84  85  86  87  88  89  90  91  92  93  94  95  96  97  98  99  100  101  102  103  


  ==> Energy                -307.435855702
  ==> dE                       -3.74e-04
  ==> Gradient Norm             1.71e+00
  ==> Abs. Max. Deriv.          5.75e-02
  ==> Time-Grad. (s)               3.271
  ==> Time-Energy (s)              0.252
  ==> Time-Iter. (s)               3.523

--------------------------------------------------------------------------------
CEO-ADAPT-VQE iteration: 73
--------------------------------------------------------------------------------
    gate        derivative      name       op1       op2       op3        g_unscaled   penalty
    1871        0.00316365      a_ia      1871                            0.00632730         2
    1927        0.00048147      a_ia      1927                            0.00192590         4
   96149       -0.00035191        om     43354     43355                 -0.02005874        57
    1788        0.00034865      a_ia      1788                            0.00139461         4
   43354       -0.00034362    a_iajb     43354                           -0.01958629        57
   94201       -0.00034241        om     41802     41803                 -0.01677810        49
   96148       -0.00033533        op     43354     43355                 -0.01911385        57
   41802       -0.00032994    a_iajb     41802                           -0.01616700        49
   98969       -0.00032410        om     45601     45602                 -0.01912198        59
   45601       -0.00032075    a_iajb     45601                           -0.01892414        59

  ==> Add operator: mvp2 -1: 43354 43355
  ==> Current qubit order: 0  1  2  3  4  5  6  7  8  9  10  11  12  13  14  15  16  17  18  19  20  21  22  23  24  25  26  27  28  29  30  31  32  33  36  37  40  41  42  43  45  49  59  44  39  50  52  55  51  58  47  46  35  38  54  53  34  48  56  57  60  61  62  63  64  65  66  67  68  69  70  71  72  73  74  75  76  77  78  79  80  81  82  83  84  85  86  87  88  89  90  91  92  93  94  95  96  97  98  99  100  101  102  103  


  ==> Energy                -307.435987276
  ==> dE                       -1.32e-04
  ==> Gradient Norm             1.71e+00
  ==> Abs. Max. Deriv.          5.75e-02
  ==> Time-Grad. (s)               3.270
  ==> Time-Energy (s)              0.245
  ==> Time-Iter. (s)               3.515

--------------------------------------------------------------------------------
CEO-ADAPT-VQE iteration: 74
--------------------------------------------------------------------------------
    gate        derivative      name       op1       op2       op3        g_unscaled   penalty
    1871        0.00106155      a_ia      1871                            0.00636931         6
    1927        0.00096447      a_ia      1927                            0.00192895         2
    1977       -0.00051769      a_ia      1977                           -0.00103538         2
   98969       -0.00041298        om     45601     45602                 -0.01941021        47
   45601       -0.00040847    a_iajb     45601                           -0.01919816        47
   98968       -0.00040396        op     45601     45602                 -0.01898611        47
    1845        0.00034468      a_ia      1845                            0.00137871         4
   96159        0.00034091        om     43364     43365                  0.02147721        63
   43364        0.00033473    a_iajb     43364                            0.02108771        63
    2077        0.00033036      a_ia      2077                            0.00330359        10

  ==> Add operator: mvp2 -1: 45601 45602
  ==> Current qubit order: 0  1  2  3  4  5  6  7  8  9  10  11  12  13  14  15  16  17  18  19  20  21  22  23  24  25  26  27  28  29  30  31  32  33  36  37  40  41  42  43  45  59  44  39  49  50  52  55  51  58  47  46  35  38  54  53  34  48  56  57  60  61  62  63  64  65  66  67  68  69  70  71  72  73  74  75  76  77  78  79  80  81  82  83  84  85  86  87  88  89  90  91  92  93  94  95  96  97  98  99  100  101  102  103  


  ==> Energy                -307.436142583
  ==> dE                       -1.55e-04
  ==> Gradient Norm             1.71e+00
  ==> Abs. Max. Deriv.          5.75e-02
  ==> Time-Grad. (s)               3.216
  ==> Time-Energy (s)              0.229
  ==> Time-Iter. (s)               3.445

--------------------------------------------------------------------------------
CEO-ADAPT-VQE iteration: 75
--------------------------------------------------------------------------------
    gate        derivative      name       op1       op2       op3        g_unscaled   penalty
    1871        0.00104342      a_ia      1871                            0.00626053         6
    1925       -0.00043357      a_ia      1925                           -0.00260143         6
    1950        0.00041906      a_ia      1950                            0.00083813         2
    1927        0.00041589      a_ia      1927                            0.00249533         6
    1817        0.00036489      a_ia      1817                            0.00072979         2
    1845        0.00033914      a_ia      1845                            0.00135657         4
   96159        0.00033033        om     43364     43365                  0.02147141        65
   89509       -0.00032498        om     38229     38230                 -0.02957339        91
   43364        0.00032441    a_iajb     43364                            0.02108694        65
   96158        0.00031850        op     43364     43365                  0.02070247        65

  ==> Add operator: a_ia 1925
  ==> Current qubit order: 0  1  2  3  4  5  6  7  8  9  10  11  12  13  14  15  16  17  18  19  20  21  22  23  24  25  26  27  28  29  30  31  32  33  36  37  40  41  42  43  45  59  44  39  50  52  49  55  51  58  47  46  35  38  54  53  34  48  56  57  60  61  62  63  64  65  66  67  68  69  70  71  72  73  74  75  76  77  78  79  80  81  82  83  84  85  86  87  88  89  90  91  92  93  94  95  96  97  98  99  100  101  102  103  


  ==> Energy                -307.436146631
  ==> dE                       -4.05e-06
  ==> Gradient Norm             1.71e+00
  ==> Abs. Max. Deriv.          5.75e-02
  ==> Time-Grad. (s)               3.238
  ==> Time-Energy (s)              0.126
  ==> Time-Iter. (s)               3.364

--------------------------------------------------------------------------------
CEO-ADAPT-VQE iteration: 76
--------------------------------------------------------------------------------
    gate        derivative      name       op1       op2       op3        g_unscaled   penalty
    1871        0.00105891      a_ia      1871                            0.00635343         6
    1950        0.00038627      a_ia      1950                            0.00077254         2
    1923       -0.00036807      a_ia      1923                           -0.00147229         4
    1817        0.00035642      a_ia      1817                            0.00071284         2
   98970        0.00034755        op     45603     45604                  0.01563956        45
    1845        0.00034596      a_ia      1845                            0.00138384         4
   97781       -0.00033836        om     44545     44546                 -0.01657970        49
   44545       -0.00033588    a_iajb     44545                           -0.01645814        49
   97780       -0.00033340        op     44545     44546                 -0.01633658        49
   89509       -0.00033320        om     38229     38230                 -0.02965483        89

  ==> Tried operator a_ia 1950: gain -6.96e-07 (threshold 1.4e-06), removed and excluded for this stage
  ==> Add operator: a_ia 1923
  ==> Current qubit order: 0  1  2  3  4  5  6  7  8  9  10  11  12  13  14  15  16  17  18  19  20  21  22  23  24  25  26  27  28  29  30  31  32  33  36  37  40  41  42  43  45  59  44  39  50  52  55  49  51  58  47  46  35  38  54  53  34  48  56  57  60  61  62  63  64  65  66  67  68  69  70  71  72  73  74  75  76  77  78  79  80  81  82  83  84  85  86  87  88  89  90  91  92  93  94  95  96  97  98  99  100  101  102  103  


  ==> Energy                -307.436185581
  ==> dE                       -3.89e-05
  ==> Gradient Norm             1.71e+00
  ==> Abs. Max. Deriv.          5.75e-02
  ==> Time-Grad. (s)               3.152
  ==> Time-Energy (s)              0.273
  ==> Time-Iter. (s)               3.425

--------------------------------------------------------------------------------
CEO-ADAPT-VQE iteration: 77
--------------------------------------------------------------------------------
    gate        derivative      name       op1       op2       op3        g_unscaled   penalty
    1871        0.00078937      a_ia      1871                            0.00631496         8
    1950        0.00046127      a_ia      1950                            0.00092255         2
    1817        0.00035657      a_ia      1817                            0.00071315         2
   97781       -0.00035351        om     44545     44546                 -0.01661509        47
    2077        0.00035128      a_ia      2077                            0.00351281        10
   44545       -0.00035116    a_iajb     44545                           -0.01650472        47
   97780       -0.00034882        op     44545     44546                 -0.01639435        47
    1845        0.00034743      a_ia      1845                            0.00138973         4
   96159        0.00032233        om     43364     43365                  0.02159632        67
   98970        0.00031689        op     45603     45604                  0.01489401        47

  ==> Add operator: a_ia 1817
  ==> Current qubit order: 0  1  2  3  4  5  6  7  8  9  10  11  12  13  14  15  16  17  18  19  20  21  22  23  24  25  26  27  28  29  30  31  32  33  36  37  40  41  42  43  45  59  44  39  50  52  55  49  51  58  47  46  35  38  54  53  34  48  56  57  60  61  62  63  64  65  66  67  68  69  70  71  72  73  74  75  76  77  78  79  80  81  82  83  84  85  86  87  88  89  90  91  92  93  94  95  96  97  98  99  100  101  102  103  


  ==> Energy                -307.436459423
  ==> dE                       -2.74e-04
  ==> Gradient Norm             1.71e+00
  ==> Abs. Max. Deriv.          5.75e-02
  ==> Time-Grad. (s)               3.228
  ==> Time-Energy (s)              0.651
  ==> Time-Iter. (s)               3.879

--------------------------------------------------------------------------------
CEO-ADAPT-VQE iteration: 78
--------------------------------------------------------------------------------
    gate        derivative      name       op1       op2       op3        g_unscaled   penalty
    1871        0.00076373      a_ia      1871                            0.00610987         8
   97781       -0.00041197        om     44545     44546                 -0.01936251        47
   44545       -0.00040973    a_iajb     44545                           -0.01925733        47
   97780       -0.00040749        op     44545     44546                 -0.01915215        47
    2077        0.00035082      a_ia      2077                            0.00350819        10
    1950        0.00034312      a_ia      1950                            0.00068623         2
   98235       -0.00032049        om     44930     44931                 -0.01890897        59
   96159        0.00031803        om     43364     43365                  0.02130785        67
   44930       -0.00031787    a_iajb     44930                           -0.01875413        59
    2053        0.00031528      a_ia      2053                            0.00315278        10

  ==> Add operator: mvp2 -1: 44545 44546
  ==> Current qubit order: 0  1  2  3  4  5  6  7  8  9  10  11  12  13  14  15  16  17  18  19  20  21  22  23  24  25  26  27  28  29  30  31  32  33  36  37  40  41  42  43  59  44  39  45  50  52  55  49  51  58  47  46  35  38  54  53  34  48  56  57  60  61  62  63  64  65  66  67  68  69  70  71  72  73  74  75  76  77  78  79  80  81  82  83  84  85  86  87  88  89  90  91  92  93  94  95  96  97  98  99  100  101  102  103  


  ==> Energy                -307.436588682
  ==> dE                       -1.29e-04
  ==> Gradient Norm             1.71e+00
  ==> Abs. Max. Deriv.          5.75e-02
  ==> Time-Grad. (s)               3.161
  ==> Time-Energy (s)              0.248
  ==> Time-Iter. (s)               3.409

--------------------------------------------------------------------------------
CEO-ADAPT-VQE iteration: 79
--------------------------------------------------------------------------------
    gate        derivative      name       op1       op2       op3        g_unscaled   penalty
    1871        0.00077207      a_ia      1871                            0.00617660         8
    1950        0.00042118      a_ia      1950                            0.00084236         2
    1815       -0.00033230      a_ia      1815                           -0.00199378         6
   89509       -0.00031774        om     38229     38230                 -0.03018546        95
    2053        0.00031494      a_ia      2053                            0.00314936        10
   98235       -0.00031002        om     44930     44931                 -0.01891130        61
   96159        0.00030876        om     43364     43365                  0.02130464        69
   38229       -0.00030819    a_iajb     38229                           -0.02927804        95
   44930       -0.00030748    a_iajb     44930                           -0.01875640        61
   98234       -0.00030494        op     44930     44931                 -0.01860150        61

  ==> Add operator: a_ia 1815
  ==> Current qubit order: 0  1  2  3  4  5  6  7  8  9  10  11  12  13  14  15  16  17  18  19  20  21  22  23  24  25  26  27  28  29  30  31  32  33  36  37  40  41  42  43  59  44  39  50  52  45  55  49  51  58  47  46  35  38  54  53  34  48  56  57  60  61  62  63  64  65  66  67  68  69  70  71  72  73  74  75  76  77  78  79  80  81  82  83  84  85  86  87  88  89  90  91  92  93  94  95  96  97  98  99  100  101  102  103  


  ==> Energy                -307.436590530
  ==> dE                       -1.85e-06
  ==> Gradient Norm             1.71e+00
  ==> Abs. Max. Deriv.          5.75e-02
  ==> Time-Grad. (s)               3.286
  ==> Time-Energy (s)              0.145
  ==> Time-Iter. (s)               3.430

--------------------------------------------------------------------------------
CEO-ADAPT-VQE iteration: 80
--------------------------------------------------------------------------------
    gate        derivative      name       op1       op2       op3        g_unscaled   penalty
    1871        0.00077621      a_ia      1871                            0.00620965         8
    1950        0.00040209      a_ia      1950                            0.00080418         2
   89509       -0.00032440        om     38229     38230                 -0.03016934        93
    2053        0.00031495      a_ia      2053                            0.00314954        10
   38229       -0.00031466    a_iajb     38229                           -0.02926335        93
   89508       -0.00030492        op     38229     38230                 -0.02835736        93
   89014       -0.00030390        op     37831     37832                 -0.03069369       101
   98235       -0.00030019        om     44930     44931                 -0.01891228        63
   96159        0.00030007        om     43364     43365                  0.02130501        71
    2077        0.00029930      a_ia      2077                            0.00359154        12

  ==> Add operator: mvp2 -1: 38229 38230
  ==> Current qubit order: 0  1  2  3  4  5  6  7  8  9  10  11  12  13  14  15  16  17  18  19  20  21  22  23  24  25  26  27  28  30  31  32  33  36  37  40  41  42  43  59  44  29  50  55  54  39  52  45  49  51  58  47  46  35  38  53  34  48  56  57  60  61  62  63  64  65  66  67  68  69  70  71  72  73  74  75  76  77  78  79  80  81  82  83  84  85  86  87  88  89  90  91  92  93  94  95  96  97  98  99  100  101  102  103  


  ==> Energy                -307.436837603
  ==> dE                       -2.47e-04
  ==> Gradient Norm             1.71e+00
  ==> Abs. Max. Deriv.          5.75e-02
  ==> Time-Grad. (s)               3.277
  ==> Time-Energy (s)              0.303
  ==> Time-Iter. (s)               3.580

--------------------------------------------------------------------------------
CEO-ADAPT-VQE iteration: 81
--------------------------------------------------------------------------------
    gate        derivative      name       op1       op2       op3        g_unscaled   penalty
    1297        0.00049432      a_ia      1297                            0.00197726         4
    2077        0.00047280      a_ia      2077                            0.00378242         8
    1295        0.00042637      a_ia      1295                            0.00170549         4
    1871        0.00040323      a_ia      1871                            0.00645173        16
   96171        0.00036025        om     43376     43377                  0.01477013        41
   95691        0.00035918        om     42932     42933                  0.02047341        57
   42932        0.00035802    a_iajb     42932                            0.02040708        57
   95690        0.00035686        op     42932     42933                  0.02034074        57
   43376        0.00035627    a_iajb     43376                            0.01460708        41
   96170        0.00035229        op     43376     43377                  0.01444404        41

  ==> Tried operator a_ia 1297: gain -1.17e-06 (threshold 1.4e-06), removed and excluded for this stage
  ==> Add operator: a_ia 2077
  ==> Current qubit order: 0  1  2  3  4  5  6  7  8  9  10  11  12  13  14  15  16  17  18  19  20  21  22  23  24  25  26  27  28  30  31  32  33  36  37  40  41  42  43  44  29  50  59  55  54  39  52  45  49  51  58  47  46  35  38  53  34  48  56  57  60  61  62  63  64  65  66  67  68  69  70  71  72  73  74  75  76  77  78  79  80  81  82  83  84  85  86  87  88  89  90  91  92  93  94  95  96  97  98  99  100  101  102  103  


  ==> Energy                -307.437109013
  ==> dE                       -2.71e-04
  ==> Gradient Norm             1.71e+00
  ==> Abs. Max. Deriv.          5.75e-02
  ==> Time-Grad. (s)               3.422
  ==> Time-Energy (s)              0.314
  ==> Time-Iter. (s)               3.736

--------------------------------------------------------------------------------
CEO-ADAPT-VQE iteration: 82
--------------------------------------------------------------------------------
    gate        derivative      name       op1       op2       op3        g_unscaled   penalty
    1297        0.00040133      a_ia      1297                            0.00160532         4
    1871        0.00038733      a_ia      1871                            0.00619735        16
   95691        0.00035885        om     42932     42933                  0.02045466        57
   42932        0.00035755    a_iajb     42932                            0.02038020        57
   95690        0.00035624        op     42932     42933                  0.02030574        57
   89014       -0.00033895        op     37831     37832                 -0.03016622        89
   37831       -0.00032871    a_iajb     37831                           -0.02925521        89
    1501       -0.00032329      a_ia      1501                           -0.00129317         4
    2053        0.00031986      a_ia      2053                            0.00383832        12
   89015       -0.00031847        om     37831     37832                 -0.02834421        89

  ==> Add operator: mvp2 -1: 42932 42933
  ==> Current qubit order: 0  1  2  3  4  5  6  7  8  9  10  11  12  13  14  15  16  17  18  19  20  21  22  23  24  25  26  27  28  30  31  32  33  36  37  40  41  42  43  44  29  50  59  55  54  39  38  52  45  49  51  58  47  46  35  53  34  48  56  57  60  61  62  63  64  65  66  67  68  69  70  71  72  73  74  75  76  77  78  79  80  81  82  83  84  85  86  87  88  89  90  91  92  93  94  95  96  97  98  99  100  101  102  103  


  ==> Energy                -307.437197527
  ==> dE                       -8.85e-05
  ==> Gradient Norm             1.70e+00
  ==> Abs. Max. Deriv.          5.75e-02
  ==> Time-Grad. (s)               4.200
  ==> Time-Energy (s)              0.305
  ==> Time-Iter. (s)               4.505

--------------------------------------------------------------------------------
CEO-ADAPT-VQE iteration: 83
--------------------------------------------------------------------------------
    gate        derivative      name       op1       op2       op3        g_unscaled   penalty
    1297        0.00040145      a_ia      1297                            0.00160580         4
    1871        0.00034564      a_ia      1871                            0.00622145        18
   89014       -0.00033123        op     37831     37832                 -0.03014212        91
    1501       -0.00032290      a_ia      1501                           -0.00129159         4
   95903        0.00032260        om     43123     43124                  0.01709756        53
   37831       -0.00032127    a_iajb     37831                           -0.02923525        91
   43123        0.00031140    a_iajb     43123                            0.01650437        53
   89015       -0.00031130        om     37831     37832                 -0.02832837        91
   98251       -0.00031067        om     44946     44947                 -0.01957220        63
   93206        0.00030351        op     40988     40989                  0.01669322        55

  ==> Add operator: mvp2 -1: 37831 37832
  ==> Current qubit order: 0  1  2  3  4  5  6  7  8  9  10  11  12  13  14  15  16  17  18  19  20  21  22  23  24  25  26  27  30  31  32  33  36  37  40  41  42  43  44  28  55  54  51  29  50  59  39  38  52  45  49  58  47  46  35  53  34  48  56  57  60  61  62  63  64  65  66  67  68  69  70  71  72  73  74  75  76  77  78  79  80  81  82  83  84  85  86  87  88  89  90  91  92  93  94  95  96  97  98  99  100  101  102  103  


  ==> Energy                -307.437445828
  ==> dE                       -2.48e-04
  ==> Gradient Norm             1.70e+00
  ==> Abs. Max. Deriv.          5.75e-02
  ==> Time-Grad. (s)               4.453
  ==> Time-Energy (s)              0.332
  ==> Time-Iter. (s)               4.784

--------------------------------------------------------------------------------
CEO-ADAPT-VQE iteration: 84
--------------------------------------------------------------------------------
    gate        derivative      name       op1       op2       op3        g_unscaled   penalty
    1293       -0.00158947      a_ia      1293                           -0.00317894         2
    1258        0.00083077      a_ia      1258                            0.00332310         4
   88506        0.00050745        op     37446     37447                  0.02182045        43
   37446        0.00050745    a_iajb     37446                            0.02182016        43
   88507        0.00050744        om     37446     37447                  0.02181988        43
    1297        0.00040281      a_ia      1297                            0.00161125         4
   97694        0.00035653        op     44468     44469                  0.01533091        43
    1977       -0.00034760      a_ia      1977                           -0.00139039         4
   44468        0.00034541    a_iajb     44468                            0.01485268        43
   97695        0.00033429        om     44468     44469                  0.01437445        43

  ==> Add operator: a_ia 1293
  ==> Current qubit order: 0  1  2  3  4  5  6  7  8  9  10  11  12  13  14  15  16  17  18  19  20  21  22  23  24  25  26  27  30  31  32  33  36  37  40  41  42  43  44  28  55  54  51  29  50  59  39  38  52  45  49  58  47  46  35  53  34  48  56  57  60  61  62  63  64  65  66  67  68  69  70  71  72  73  74  75  76  77  78  79  80  81  82  83  84  85  86  87  88  89  90  91  92  93  94  95  96  97  98  99  100  101  102  103  


  ==> Energy                -307.437582418
  ==> dE                       -1.37e-04
  ==> Gradient Norm             1.70e+00
  ==> Abs. Max. Deriv.          5.75e-02
  ==> Time-Grad. (s)               4.829
  ==> Time-Energy (s)              0.203
  ==> Time-Iter. (s)               5.031

--------------------------------------------------------------------------------
CEO-ADAPT-VQE iteration: 85
--------------------------------------------------------------------------------
    gate        derivative      name       op1       op2       op3        g_unscaled   penalty
    1258        0.00080704      a_ia      1258                            0.00322818         4
   88506        0.00044111        op     37446     37447                  0.01896775        43
   37446        0.00043950    a_iajb     37446                            0.01889870        43
   88507        0.00043790        om     37446     37447                  0.01882966        43
    1977       -0.00041819      a_ia      1977                           -0.00167277         4
   97694        0.00035423        op     44468     44469                  0.01523177        43
   44468        0.00034328    a_iajb     44468                            0.01476101        43
   97695        0.00033233        om     44468     44469                  0.01429025        43
   99148        0.00032927        op     45772     45773                  0.01415864        43
    1501       -0.00032678      a_ia      1501                           -0.00130714         4

  ==> Add operator: a_ia 1258
  ==> Current qubit order: 0  1  2  3  4  5  6  7  8  9  10  11  12  13  14  15  16  17  18  19  20  21  22  23  24  25  26  27  30  31  32  33  36  37  40  41  42  43  44  55  28  54  51  29  50  59  39  38  52  45  49  58  47  46  35  53  34  48  56  57  60  61  62  63  64  65  66  67  68  69  70  71  72  73  74  75  76  77  78  79  80  81  82  83  84  85  86  87  88  89  90  91  92  93  94  95  96  97  98  99  100  101  102  103  


  ==> Energy                -307.437964491
  ==> dE                       -3.82e-04
  ==> Gradient Norm             1.70e+00
  ==> Abs. Max. Deriv.          5.75e-02
  ==> Time-Grad. (s)               5.256
  ==> Time-Energy (s)              1.370
  ==> Time-Iter. (s)               6.626

--------------------------------------------------------------------------------
CEO-ADAPT-VQE iteration: 86
--------------------------------------------------------------------------------
    gate        derivative      name       op1       op2       op3        g_unscaled   penalty
    1501       -0.00044123      a_ia      1501                           -0.00176493         4
    1256       -0.00040207      a_ia      1256                           -0.00321653         8
   96159        0.00033934        om     43364     43365                  0.02205718        65
   43364        0.00033755    a_iajb     43364                            0.02194050        65
   96158        0.00033575        op     43364     43365                  0.02182382        65
   98983        0.00032580        om     45615     45616                  0.01857081        57
   45615        0.00032533    a_iajb     45615                            0.01854353        57
   98982        0.00032485        op     45615     45616                  0.01851626        57
   94005        0.00031947        om     41660     41661                  0.01884860        59
   41660        0.00031555    a_iajb     41660                            0.01861740        59

  ==> Add operator: a_ia 1501
  ==> Current qubit order: 0  1  2  3  4  5  6  7  8  9  10  11  12  13  14  15  16  17  18  19  20  21  22  23  24  25  26  27  30  31  32  33  36  37  40  41  42  43  44  55  28  54  51  29  50  59  39  38  52  45  49  58  46  47  35  53  34  48  56  57  60  61  62  63  64  65  66  67  68  69  70  71  72  73  74  75  76  77  78  79  80  81  82  83  84  85  86  87  88  89  90  91  92  93  94  95  96  97  98  99  100  101  102  103  


  ==> Energy                -307.438036158
  ==> dE                       -7.17e-05
  ==> Gradient Norm             1.70e+00
  ==> Abs. Max. Deriv.          5.75e-02
  ==> Time-Grad. (s)               5.650
  ==> Time-Energy (s)              0.247
  ==> Time-Iter. (s)               5.897

--------------------------------------------------------------------------------
CEO-ADAPT-VQE iteration: 87
--------------------------------------------------------------------------------
    gate        derivative      name       op1       op2       op3        g_unscaled   penalty
    1845        0.00053393      a_ia      1845                            0.00106787         2
    1256       -0.00040422      a_ia      1256                           -0.00323374         8
   96159        0.00033800        om     43364     43365                  0.02197026        65
   43364        0.00033653    a_iajb     43364                            0.02187416        65
   96158        0.00033505        op     43364     43365                  0.02177807        65
   98982        0.00032605        op     45615     45616                  0.01858502        57
   45615        0.00032600    a_iajb     45615                            0.01858219        57
   98983        0.00032595        om     45615     45616                  0.01857937        57
   76610        0.00030727        op     28394     28395                  0.02673229        87
   76611        0.00030727        om     28394     28395                  0.02673229        87

  ==> Add operator: a_ia 1256
  ==> Current qubit order: 0  1  2  3  4  5  6  7  8  9  10  11  12  13  14  15  16  17  18  19  20  21  22  23  24  25  26  27  30  31  32  33  36  37  40  41  42  43  44  55  54  51  29  28  50  59  39  38  52  45  49  58  46  47  35  53  34  48  56  57  60  61  62  63  64  65  66  67  68  69  70  71  72  73  74  75  76  77  78  79  80  81  82  83  84  85  86  87  88  89  90  91  92  93  94  95  96  97  98  99  100  101  102  103  


  ==> Energy                -307.438172802
  ==> dE                       -1.37e-04
  ==> Gradient Norm             1.70e+00
  ==> Abs. Max. Deriv.          5.75e-02
  ==> Time-Grad. (s)               5.571
  ==> Time-Energy (s)              0.245
  ==> Time-Iter. (s)               5.816

--------------------------------------------------------------------------------
CEO-ADAPT-VQE iteration: 88
--------------------------------------------------------------------------------
    gate        derivative      name       op1       op2       op3        g_unscaled   penalty
    1845        0.00053931      a_ia      1845                            0.00107863         2
    1295        0.00037240      a_ia      1295                            0.00223438         6
   96159        0.00033789        om     43364     43365                  0.02196266        65
   43364        0.00033641    a_iajb     43364                            0.02186692        65
   96158        0.00033494        op     43364     43365                  0.02177119        65
   98982        0.00032599        op     45615     45616                  0.01858128        57
   45615        0.00032591    a_iajb     45615                            0.01857686        57
   98983        0.00032583        om     45615     45616                  0.01857244        57
   97694        0.00032128        op     44468     44469                  0.01317258        41
    1870       -0.00031441      a_ia      1870                           -0.00125763         4

  ==> Add operator: a_ia 1295
  ==> Current qubit order: 0  1  2  3  4  5  6  7  8  9  10  11  12  13  14  15  16  17  18  19  20  21  22  23  24  25  26  27  30  31  32  33  36  37  40  41  42  43  44  54  51  55  29  28  50  59  39  38  52  45  49  58  46  47  35  53  34  48  56  57  60  61  62  63  64  65  66  67  68  69  70  71  72  73  74  75  76  77  78  79  80  81  82  83  84  85  86  87  88  89  90  91  92  93  94  95  96  97  98  99  100  101  102  103  


  ==> Energy                -307.438174675
  ==> dE                       -1.87e-06
  ==> Gradient Norm             1.70e+00
  ==> Abs. Max. Deriv.          5.75e-02
  ==> Time-Grad. (s)               5.850
  ==> Time-Energy (s)              0.254
  ==> Time-Iter. (s)               6.105

--------------------------------------------------------------------------------
CEO-ADAPT-VQE iteration: 89
--------------------------------------------------------------------------------
    gate        derivative      name       op1       op2       op3        g_unscaled   penalty
    1845        0.00053694      a_ia      1845                            0.00107387         2
    1977       -0.00048848      a_ia      1977                           -0.00097696         2
   96159        0.00033790        om     43364     43365                  0.02196329        65
   43364        0.00033643    a_iajb     43364                            0.02186788        65
   96158        0.00033496        op     43364     43365                  0.02177247        65
   98982        0.00032600        op     45615     45616                  0.01858199        57
   45615        0.00032591    a_iajb     45615                            0.01857713        57
   98983        0.00032583        om     45615     45616                  0.01857227        57
   97694        0.00032105        op     44468     44469                  0.01316324        41
   44468        0.00030780    a_iajb     44468                            0.01261983        41

  ==> Add operator: mvp2 -1: 43364 43365
  ==> Current qubit order: 0  1  2  3  4  5  6  7  8  9  10  11  12  13  14  15  16  17  18  19  20  21  22  23  24  25  26  27  30  31  32  33  36  37  40  41  42  43  44  54  51  55  29  28  59  38  52  50  39  58  53  45  49  46  47  35  34  48  56  57  60  61  62  63  64  65  66  67  68  69  70  71  72  73  74  75  76  77  78  79  80  81  82  83  84  85  86  87  88  89  90  91  92  93  94  95  96  97  98  99  100  101  102  103  


  ==> Energy                -307.438306907
  ==> dE                       -1.32e-04
  ==> Gradient Norm             1.70e+00
  ==> Abs. Max. Deriv.          5.75e-02
  ==> Time-Grad. (s)               5.977
  ==> Time-Energy (s)              0.598
  ==> Time-Iter. (s)               6.575

--------------------------------------------------------------------------------
CEO-ADAPT-VQE iteration: 90
--------------------------------------------------------------------------------
    gate        derivative      name       op1       op2       op3        g_unscaled   penalty
    1977       -0.00050392      a_ia      1977                           -0.00100784         2
    1814        0.00046527      a_ia      1814                            0.00093053         2
    1924       -0.00033732      a_ia      1924                           -0.00134927         4
   98982        0.00033400        op     45615     45616                  0.01903800        57
   45615        0.00033367    a_iajb     45615                            0.01901941        57
   98983        0.00033335        om     45615     45616                  0.01900082        57
   97694        0.00032115        op     44468     44469                  0.01316717        41
   93206        0.00031203        op     40988     40989                  0.01653777        53
   93207        0.00031203        om     40988     40989                  0.01653777        53
    1786       -0.00030792      a_ia      1786                           -0.00061584         2

  ==> Tried operator a_ia 1814: gain -5.79e-07 (threshold 1.3e-06), removed and excluded for this stage
  ==> Add operator: op -1: 45615 45616
  ==> Current qubit order: 0  1  2  3  4  5  6  7  8  9  10  11  12  13  14  15  16  17  18  19  20  21  22  23  24  25  26  27  30  31  32  33  36  37  40  41  42  43  44  54  51  55  29  28  59  38  52  39  50  58  53  49  45  46  47  35  34  48  56  57  60  61  62  63  64  65  66  67  68  69  70  71  72  73  74  75  76  77  78  79  80  81  82  83  84  85  86  87  88  89  90  91  92  93  94  95  96  97  98  99  100  101  102  103  


  ==> Energy                -307.438428202
  ==> dE                       -1.21e-04
  ==> Gradient Norm             1.70e+00
  ==> Abs. Max. Deriv.          5.75e-02
  ==> Time-Grad. (s)               5.964
  ==> Time-Energy (s)              0.568
  ==> Time-Iter. (s)               6.532

--------------------------------------------------------------------------------
CEO-ADAPT-VQE iteration: 91
--------------------------------------------------------------------------------
    gate        derivative      name       op1       op2       op3        g_unscaled   penalty
    1924       -0.00057603      a_ia      1924                           -0.00115206         2
    1977       -0.00051973      a_ia      1977                           -0.00103946         2
   97694        0.00032131        op     44468     44469                  0.01317360        41
   93206        0.00031201        op     40988     40989                  0.01653631        53
   93207        0.00031201        om     40988     40989                  0.01653631        53
    1786       -0.00030830      a_ia      1786                           -0.00061659         2
   44468        0.00030800    a_iajb     44468                            0.01262794        41
   76610        0.00030668        op     28394     28395                  0.02668124        87
   76611        0.00030668        om     28394     28395                  0.02668124        87
   97695        0.00029469        om     44468     44469                  0.01208227        41

  ==> Add operator: mvp2 -1: 44468 44469
  ==> Current qubit order: 0  1  2  3  4  5  6  7  8  9  10  11  12  13  14  15  16  17  18  19  20  21  22  23  24  25  26  27  30  31  32  33  36  37  40  41  42  43  44  54  51  55  29  28  59  38  52  39  50  58  53  49  45  46  47  35  34  48  56  57  60  61  62  63  64  65  66  67  68  69  70  71  72  73  74  75  76  77  78  79  80  81  82  83  84  85  86  87  88  89  90  91  92  93  94  95  96  97  98  99  100  101  102  103  


  ==> Energy                -307.438490175
  ==> dE                       -6.20e-05
  ==> Gradient Norm             1.70e+00
  ==> Abs. Max. Deriv.          5.75e-02
  ==> Time-Grad. (s)               6.125
  ==> Time-Energy (s)              0.567
  ==> Time-Iter. (s)               6.692

--------------------------------------------------------------------------------
CEO-ADAPT-VQE iteration: 92
--------------------------------------------------------------------------------
    gate        derivative      name       op1       op2       op3        g_unscaled   penalty
    1924       -0.00056583      a_ia      1924                           -0.00113165         2
    1977       -0.00053995      a_ia      1977                           -0.00107990         2
   93206        0.00031201        op     40988     40989                  0.01653645        53
   93207        0.00031201        om     40988     40989                  0.01653645        53
   76610        0.00030582        op     28394     28395                  0.02660615        87
   76611        0.00030582        om     28394     28395                  0.02660615        87
   94005        0.00028579        om     41660     41661                  0.01800495        63
   41660        0.00028219    a_iajb     41660                            0.01777775        63
   95903        0.00027991        om     43123     43124                  0.01707454        61
   94004        0.00027858        op     41660     41661                  0.01755055        63

  ==> Add operator: op -1: 40988 40989
  ==> Current qubit order: 0  1  2  3  4  5  6  7  8  9  10  11  12  13  14  15  16  17  18  19  20  21  22  23  24  25  26  27  30  31  32  33  36  37  40  41  42  43  44  54  51  55  29  28  59  38  52  39  50  58  53  49  45  46  47  48  56  57  35  34  64  65  60  61  62  63  66  67  68  69  70  71  72  73  74  75  76  77  78  79  80  81  82  83  84  85  86  87  88  89  90  91  92  93  94  95  96  97  98  99  100  101  102  103  


  ==> Energy                -307.438527496
  ==> dE                       -3.73e-05
  ==> Gradient Norm             1.70e+00
  ==> Abs. Max. Deriv.          5.75e-02
  ==> Time-Grad. (s)               6.030
  ==> Time-Energy (s)              0.413
  ==> Time-Iter. (s)               6.443

--------------------------------------------------------------------------------
CEO-ADAPT-VQE iteration: 93
--------------------------------------------------------------------------------
    gate        derivative      name       op1       op2       op3        g_unscaled   penalty
    1924       -0.00056534      a_ia      1924                           -0.00113067         2
    1977       -0.00054055      a_ia      1977                           -0.00108110         2
    1476        0.00047963      a_ia      1476                            0.00095926         2
    1506        0.00040108      a_ia      1506                            0.00080215         2
   76610        0.00030582        op     28394     28395                  0.02660620        87
   76611        0.00030582        om     28394     28395                  0.02660620        87
   95903        0.00027990        om     43123     43124                  0.01707397        61
   93200        0.00027497        op     40982     40983                  0.01127357        41
   93201        0.00027497        om     40982     40983                  0.01127357        41
   43123        0.00027201    a_iajb     43123                            0.01659242        61

  ==> Tried operator a_ia 1476: gain -2.59e-07 (threshold 1.3e-06), removed and excluded for this stage
  ==> Tried operator a_ia 1506: gain -2.33e-07 (threshold 1.3e-06), removed and excluded for this stage
  ==> Add operator: op -1: 28394 28395
  ==> Current qubit order: 0  1  2  3  4  5  6  7  8  9  10  11  12  13  14  15  16  17  18  19  20  21  24  25  26  27  30  31  32  22  23  54  55  33  36  37  40  41  42  43  44  51  29  28  59  38  52  39  50  58  53  49  45  46  47  48  56  57  35  34  64  65  60  61  62  63  66  67  68  69  70  71  72  73  74  75  76  77  78  79  80  81  82  83  84  85  86  87  88  89  90  91  92  93  94  95  96  97  98  99  100  101  102  103  


  ==> Energy                -307.438646044
  ==> dE                       -1.19e-04
  ==> Gradient Norm             1.70e+00
  ==> Abs. Max. Deriv.          5.75e-02
  ==> Time-Grad. (s)               8.216
  ==> Time-Energy (s)              2.034
  ==> Time-Iter. (s)              10.250

--------------------------------------------------------------------------------
CEO-ADAPT-VQE iteration: 94
--------------------------------------------------------------------------------
    gate        derivative      name       op1       op2       op3        g_unscaled   penalty
    1027        0.00078107      a_ia      1027                            0.00312429         4
    1924       -0.00056398      a_ia      1924                           -0.00112796         2
    1476        0.00047969      a_ia      1476                            0.00095938         2
    1067        0.00045042      a_ia      1067                            0.00180167         4
    1506        0.00040105      a_ia      1506                            0.00080211         2
   77721       -0.00034637        om     29234     29235                 -0.02320692        67
   29234       -0.00034432    a_iajb     29234                           -0.02306962        67
   77720       -0.00034227        op     29234     29235                 -0.02293232        67
   95903        0.00028938        om     43123     43124                  0.01707359        59
   43123        0.00028122    a_iajb     43123                            0.01659217        59

  ==> Add operator: a_ia 1027
  ==> Current qubit order: 0  1  2  3  4  5  6  7  8  9  10  11  12  13  14  15  16  17  18  19  20  21  24  25  26  27  30  31  32  23  22  54  55  33  36  37  40  41  42  43  44  51  29  28  59  38  52  39  50  58  53  49  45  46  47  48  56  57  35  34  64  65  60  61  62  63  66  67  68  69  70  71  72  73  74  75  76  77  78  79  80  81  82  83  84  85  86  87  88  89  90  91  92  93  94  95  96  97  98  99  100  101  102  103  


  ==> Energy                -307.438902871
  ==> dE                       -2.57e-04
  ==> Gradient Norm             1.70e+00
  ==> Abs. Max. Deriv.          5.75e-02
  ==> Time-Grad. (s)               8.618
  ==> Time-Energy (s)              4.479
  ==> Time-Iter. (s)              13.097

--------------------------------------------------------------------------------
CEO-ADAPT-VQE iteration: 95
--------------------------------------------------------------------------------
    gate        derivative      name       op1       op2       op3        g_unscaled   penalty
    1924       -0.00081385      a_ia      1924                           -0.00162770         2
    1476        0.00047742      a_ia      1476                            0.00095484         2
    1506        0.00035976      a_ia      1506                            0.00071952         2
   77721       -0.00031288        om     29234     29235                 -0.02284059        73
   29234       -0.00031095    a_iajb     29234                           -0.02269937        73
   77720       -0.00030902        op     29234     29235                 -0.02255814        73
   95903        0.00028704        om     43123     43124                  0.01693561        59
   43123        0.00028255    a_iajb     43123                            0.01667022        59
    1067        0.00028095      a_ia      1067                            0.00168571         6
   95902        0.00027805        op     43123     43124                  0.01640484        59

  ==> Add operator: mvp2 -1: 29234 29235
  ==> Current qubit order: 0  1  2  3  4  5  6  7  8  9  10  11  12  13  14  15  16  17  18  19  20  21  24  25  26  27  30  31  32  23  33  36  37  22  54  55  51  40  41  42  43  44  29  28  59  38  52  39  50  58  53  49  45  46  47  48  56  57  35  34  64  65  60  61  62  63  66  67  68  69  70  71  72  73  74  75  76  77  78  79  80  81  82  83  84  85  86  87  88  89  90  91  92  93  94  95  96  97  98  99  100  101  102  103  


  ==> Energy                -307.439027815
  ==> dE                       -1.25e-04
  ==> Gradient Norm             1.70e+00
  ==> Abs. Max. Deriv.          5.75e-02
  ==> Time-Grad. (s)              12.705
  ==> Time-Energy (s)              1.444
  ==> Time-Iter. (s)              14.149

--------------------------------------------------------------------------------
CEO-ADAPT-VQE iteration: 96
--------------------------------------------------------------------------------
    gate        derivative      name       op1       op2       op3        g_unscaled   penalty
    1924       -0.00082231      a_ia      1924                           -0.00164462         2
    1977       -0.00052897      a_ia      1977                           -0.00105795         2
    1476        0.00047869      a_ia      1476                            0.00095739         2
    1506        0.00036042      a_ia      1506                            0.00072083         2
   77070        0.00028854        op     28743     28744                  0.01760100        61
   28743        0.00028845    a_iajb     28743                            0.01759535        61
   77071        0.00028836        om     28743     28744                  0.01758970        61
   93200        0.00027474        op     40982     40983                  0.01126420        41
   93201        0.00027474        om     40982     40983                  0.01126420        41
   78794       -0.00026753        op     30071     30072                 -0.02166982        81

  ==> Add operator: op -1: 28743 28744
  ==> Current qubit order: 0  1  2  3  4  5  6  7  8  9  10  11  12  13  14  15  16  17  18  19  20  21  24  25  26  27  30  31  32  23  33  36  37  22  54  55  29  51  40  41  42  43  44  28  59  38  52  39  50  58  53  49  45  46  47  48  56  57  35  34  64  65  60  61  62  63  66  67  68  69  70  71  72  73  74  75  76  77  78  79  80  81  82  83  84  85  86  87  88  89  90  91  92  93  94  95  96  97  98  99  100  101  102  103  


  ==> Energy                -307.439082497
  ==> dE                       -5.47e-05
  ==> Gradient Norm             1.69e+00
  ==> Abs. Max. Deriv.          5.75e-02
  ==> Time-Grad. (s)              13.842
  ==> Time-Energy (s)              0.747
  ==> Time-Iter. (s)              14.590

--------------------------------------------------------------------------------
CEO-ADAPT-VQE iteration: 97
--------------------------------------------------------------------------------
    gate        derivative      name       op1       op2       op3        g_unscaled   penalty
    1924       -0.00082251      a_ia      1924                           -0.00164501         2
    1476        0.00047859      a_ia      1476                            0.00095718         2
    1506        0.00036023      a_ia      1506                            0.00072046         2
    1977       -0.00028656      a_ia      1977                           -0.00114624         4
   93200        0.00027474        op     40982     40983                  0.01126424        41
   93201        0.00027474        om     40982     40983                  0.01126424        41
   78794       -0.00026849        op     30071     30072                 -0.02174781        81
   93194        0.00026656        op     40976     40977                  0.00879638        33
   93195        0.00026656        om     40976     40977                  0.00879638        33
   30071       -0.00026642    a_iajb     30071                           -0.02157972        81

  ==> Add operator: op -1: 40982 40983
  ==> Current qubit order: 0  1  2  3  4  5  6  7  8  9  10  11  12  13  14  15  16  17  18  19  20  21  24  25  26  27  30  31  32  23  33  36  37  22  54  55  29  51  40  41  42  43  44  28  59  38  52  39  50  58  53  49  45  46  47  48  56  57  64  65  60  35  34  62  63  61  66  67  68  69  70  71  72  73  74  75  76  77  78  79  80  81  82  83  84  85  86  87  88  89  90  91  92  93  94  95  96  97  98  99  100  101  102  103  


  ==> Energy                -307.439100634
  ==> dE                       -1.81e-05
  ==> Gradient Norm             1.69e+00
  ==> Abs. Max. Deriv.          5.75e-02
  ==> Time-Grad. (s)              13.997
  ==> Time-Energy (s)              0.919
  ==> Time-Iter. (s)              14.916

--------------------------------------------------------------------------------
CEO-ADAPT-VQE iteration: 98
--------------------------------------------------------------------------------
    gate        derivative      name       op1       op2       op3        g_unscaled   penalty
    1924       -0.00082213      a_ia      1924                           -0.00164426         2
   93194        0.00030192        op     40976     40977                  0.00875562        29
   93195        0.00030192        om     40976     40977                  0.00875562        29
    1977       -0.00028680      a_ia      1977                           -0.00114722         4
   93212        0.00028380        op     40994     40995                  0.01050065        37
   93213        0.00028380        om     40994     40995                  0.01050065        37
    1474       -0.00027303      a_ia      1474                           -0.00109211         4
   97970        0.00026951        op     44720     44721                  0.00997198        37
   97971        0.00026951        om     44720     44721                  0.00997198        37
   78794       -0.00026849        op     30071     30072                 -0.02174781        81

  ==> Add operator: op -1: 40976 40977
  ==> Current qubit order: 0  1  2  3  4  5  6  7  8  9  10  11  12  13  14  15  16  17  18  19  20  21  24  25  26  27  30  31  32  23  33  36  37  22  54  55  29  51  40  41  42  43  44  28  59  38  52  39  50  58  53  49  45  46  47  48  56  57  64  65  60  35  34  61  62  63  66  67  68  69  70  71  72  73  74  75  76  77  78  79  80  81  82  83  84  85  86  87  88  89  90  91  92  93  94  95  96  97  98  99  100  101  102  103  


  ==> Energy                -307.439111412
  ==> dE                       -1.08e-05
  ==> Gradient Norm             1.69e+00
  ==> Abs. Max. Deriv.          5.75e-02
  ==> Time-Grad. (s)              18.242
  ==> Time-Energy (s)              1.165
  ==> Time-Iter. (s)              19.407

--------------------------------------------------------------------------------
CEO-ADAPT-VQE iteration: 99
--------------------------------------------------------------------------------
    gate        derivative      name       op1       op2       op3        g_unscaled   penalty
    1924       -0.00082193      a_ia      1924                           -0.00164387         2
    1508       -0.00037522      a_ia      1508                           -0.00150088         4
    1977       -0.00028700      a_ia      1977                           -0.00114800         4
   93212        0.00027826        op     40994     40995                  0.01029547        37
   93213        0.00027826        om     40994     40995                  0.01029547        37
    1474       -0.00027758      a_ia      1474                           -0.00111032         4
   97970        0.00026951        op     44720     44721                  0.00997200        37
   97971        0.00026951        om     44720     44721                  0.00997200        37
   78794       -0.00026849        op     30071     30072                 -0.02174787        81
   30071       -0.00026642    a_iajb     30071                           -0.02157979        81

  ==> Tried operator a_ia 1508: gain -6.89e-07 (threshold 1.2e-06), removed and excluded for this stage
  ==> Add operator: op -1: 40994 40995
  ==> Current qubit order: 0  1  2  3  4  5  6  7  8  9  10  11  12  13  14  15  16  17  18  19  20  21  24  25  26  27  30  31  32  23  33  36  37  22  54  55  29  51  40  41  42  43  44  28  59  38  52  39  50  58  53  49  45  46  47  48  56  57  64  65  60  61  35  34  66  67  62  63  68  69  70  71  72  73  74  75  76  77  78  79  80  81  82  83  84  85  86  87  88  89  90  91  92  93  94  95  96  97  98  99  100  101  102  103  


  ==> Energy                -307.439124682
  ==> dE                       -1.33e-05
  ==> Gradient Norm             1.69e+00
  ==> Abs. Max. Deriv.          5.74e-02
  ==> Time-Grad. (s)              22.010
  ==> Time-Energy (s)              3.948
  ==> Time-Iter. (s)              25.958

--------------------------------------------------------------------------------
CEO-ADAPT-VQE iteration: 100
--------------------------------------------------------------------------------
    gate        derivative      name       op1       op2       op3        g_unscaled   penalty
    1924       -0.00082183      a_ia      1924                           -0.00164365         2
    1508       -0.00075144      a_ia      1508                           -0.00150289         2
    1977       -0.00028706      a_ia      1977                           -0.00114826         4
   97970        0.00026951        op     44720     44721                  0.00997178        37
   97971        0.00026951        om     44720     44721                  0.00997178        37
   78794       -0.00026849        op     30071     30072                 -0.02174789        81
   30071       -0.00026642    a_iajb     30071                           -0.02157980        81
   78795       -0.00026434        om     30071     30072                 -0.02141172        81
   68346        0.00025846        op     22164     22165                  0.05195052       201
   68347        0.00025846        om     22164     22165                  0.05195052       201

  ==> Add operator: op -1: 44720 44721
  ==> Current qubit order: 0  1  2  3  4  5  6  7  8  9  10  11  12  13  14  15  16  17  18  19  20  21  24  25  26  27  30  31  32  23  33  36  37  22  54  55  29  51  40  41  42  43  44  28  59  38  52  39  50  58  53  49  45  48  46  47  64  65  56  57  60  61  35  34  66  67  62  63  68  69  70  71  72  73  74  75  76  77  78  79  80  81  82  83  84  85  86  87  88  89  90  91  92  93  94  95  96  97  98  99  100  101  102  103  


  ==> Energy                -307.439140226
  ==> dE                       -1.55e-05
  ==> Gradient Norm             1.69e+00
  ==> Abs. Max. Deriv.          5.74e-02
  ==> Time-Grad. (s)              26.509
  ==> Time-Energy (s)              2.756
  ==> Time-Iter. (s)              29.265

--------------------------------------------------------------------------------
CEO-ADAPT-VQE iteration: 101
--------------------------------------------------------------------------------
    gate        derivative      name       op1       op2       op3        g_unscaled   penalty
    1924       -0.00082153      a_ia      1924                           -0.00164306         2
    1508       -0.00075140      a_ia      1508                           -0.00150280         2
    1840        0.00034206      a_ia      1840                            0.00068411         2
    1977       -0.00028707      a_ia      1977                           -0.00114829         4
   97958        0.00026948        op     44708     44709                  0.01104862        41
   97959        0.00026948        om     44708     44709                  0.01104862        41
   78794       -0.00026849        op     30071     30072                 -0.02174761        81
   30071       -0.00026641    a_iajb     30071                           -0.02157954        81
   78795       -0.00026434        om     30071     30072                 -0.02141147        81
   68346        0.00025846        op     22164     22165                  0.05195052       201

  ==> Add operator: a_ia 1840
  ==> Current qubit order: 0  1  2  3  4  5  6  7  8  9  10  11  12  13  14  15  16  17  18  19  20  21  24  25  26  27  30  31  32  23  33  36  37  22  54  55  29  51  40  41  42  43  44  28  59  38  52  39  50  58  53  49  45  48  46  47  64  65  56  57  60  61  35  34  66  67  62  63  68  69  70  71  72  73  74  75  76  77  78  79  80  81  82  83  84  85  86  87  88  89  90  91  92  93  94  95  96  97  98  99  100  101  102  103  


  ==> Energy                -307.439153529
  ==> dE                       -1.33e-05
  ==> Gradient Norm             1.69e+00
  ==> Abs. Max. Deriv.          5.74e-02
  ==> Time-Grad. (s)              35.551
  ==> Time-Energy (s)              3.559
  ==> Time-Iter. (s)              39.110

--------------------------------------------------------------------------------
CEO-ADAPT-VQE iteration: 102
--------------------------------------------------------------------------------
    gate        derivative      name       op1       op2       op3        g_unscaled   penalty
    1924       -0.00082209      a_ia      1924                           -0.00164417         2
    1508       -0.00075534      a_ia      1508                           -0.00151069         2
    1977       -0.00027601      a_ia      1977                           -0.00110405         4
   97958        0.00027039        op     44708     44709                  0.01108593        41
   97959        0.00027039        om     44708     44709                  0.01108593        41
   78794       -0.00026849        op     30071     30072                 -0.02174734        81
   30071       -0.00026644    a_iajb     30071                           -0.02158204        81
   78795       -0.00026440        om     30071     30072                 -0.02141674        81
   68346        0.00025846        op     22164     22165                  0.05195052       201
   68347        0.00025846        om     22164     22165                  0.05195052       201

  ==> Add operator: op -1: 44708 44709
  ==> Current qubit order: 0  1  2  3  4  5  6  7  8  9  10  11  12  13  14  15  16  17  18  19  20  21  24  25  26  27  30  31  32  23  33  36  37  22  54  55  29  51  40  41  42  43  44  28  59  38  52  39  50  58  53  49  45  48  64  65  56  46  47  60  61  57  35  34  66  67  62  63  68  69  70  71  72  73  74  75  76  77  78  79  80  81  82  83  84  85  86  87  88  89  90  91  92  93  94  95  96  97  98  99  100  101  102  103  


  ==> Energy                -307.439175254
  ==> dE                       -2.17e-05
  ==> Gradient Norm             1.69e+00
  ==> Abs. Max. Deriv.          5.74e-02
  ==> Time-Grad. (s)              40.474
  ==> Time-Energy (s)              3.792
  ==> Time-Iter. (s)              44.266

--------------------------------------------------------------------------------
CEO-ADAPT-VQE iteration: 103
--------------------------------------------------------------------------------
    gate        derivative      name       op1       op2       op3        g_unscaled   penalty
    1924       -0.00082181      a_ia      1924                           -0.00164362         2
    1508       -0.00037896      a_ia      1508                           -0.00151585         4
    1506        0.00036295      a_ia      1506                            0.00072590         2
    1977       -0.00027593      a_ia      1977                           -0.00110373         4
   78794       -0.00026849        op     30071     30072                 -0.02174779        81
   30071       -0.00026645    a_iajb     30071                           -0.02158252        81
   78795       -0.00026441        om     30071     30072                 -0.02141725        81
   68346        0.00025846        op     22164     22165                  0.05195052       201
   68347        0.00025846        om     22164     22165                  0.05195052       201
   97142        0.00025370        op     44072     44073                  0.01851980        73

  ==> Add operator: mvp2 -1: 30071 30072
  ==> Current qubit order: 0  1  2  3  4  5  6  7  8  9  10  11  12  13  14  15  16  17  18  19  20  21  24  25  26  27  30  31  32  33  36  37  22  23  54  55  50  29  51  40  41  42  43  44  28  59  38  52  39  58  53  49  45  48  64  65  56  46  47  60  61  57  35  34  66  67  62  63  68  69  70  71  72  73  74  75  76  77  78  79  80  81  82  83  84  85  86  87  88  89  90  91  92  93  94  95  96  97  98  99  100  101  102  103  


  ==> Energy                -307.439288780
  ==> dE                       -1.14e-04
  ==> Gradient Norm             1.69e+00
  ==> Abs. Max. Deriv.          5.74e-02
  ==> Time-Grad. (s)              38.754
  ==> Time-Energy (s)              7.681
  ==> Time-Iter. (s)              46.436

--------------------------------------------------------------------------------
CEO-ADAPT-VQE iteration: 104
--------------------------------------------------------------------------------
    gate        derivative      name       op1       op2       op3        g_unscaled   penalty
    1924       -0.00081318      a_ia      1924                           -0.00162636         2
    1067        0.00045153      a_ia      1067                            0.00180614         4
    1508       -0.00037971      a_ia      1508                           -0.00151882         4
    1506        0.00036320      a_ia      1506                            0.00072639         2
   98776        0.00027304        op     45418     45419                  0.01447120        53
   45418        0.00027291    a_iajb     45418                            0.01446431        53
   98777        0.00027278        om     45418     45419                  0.01445742        53
   95903        0.00026866        om     43123     43124                  0.01692546        63
   97142        0.00026840        op     44072     44073                  0.01851980        69
   97143        0.00026840        om     44072     44073                  0.01851980        69

  ==> Add operator: a_ia 1067
  ==> Current qubit order: 0  1  2  3  4  5  6  7  8  9  10  11  12  13  14  15  16  17  18  19  20  21  24  25  26  27  30  31  32  33  36  37  22  54  23  55  50  29  51  40  41  42  43  44  28  59  38  52  39  58  53  49  45  48  64  65  56  46  47  60  61  57  35  34  66  67  62  63  68  69  70  71  72  73  74  75  76  77  78  79  80  81  82  83  84  85  86  87  88  89  90  91  92  93  94  95  96  97  98  99  100  101  102  103  


  ==> Energy                -307.439293787
  ==> dE                       -5.01e-06
  ==> Gradient Norm             1.69e+00
  ==> Abs. Max. Deriv.          5.74e-02
  ==> Time-Grad. (s)              39.429
  ==> Time-Energy (s)              6.960
  ==> Time-Iter. (s)              46.390

--------------------------------------------------------------------------------
CEO-ADAPT-VQE iteration: 105
--------------------------------------------------------------------------------
    gate        derivative      name       op1       op2       op3        g_unscaled   penalty
    1924       -0.00079908      a_ia      1924                           -0.00159816         2
    1508       -0.00038256      a_ia      1508                           -0.00153023         4
    1506        0.00036715      a_ia      1506                            0.00073430         2
   98776        0.00027341        op     45418     45419                  0.01449076        53
   45418        0.00027330    a_iajb     45418                            0.01448516        53
   98777        0.00027320        om     45418     45419                  0.01447956        53
   95903        0.00026963        om     43123     43124                  0.01698674        63
   97142        0.00026851        op     44072     44073                  0.01852706        69
   97143        0.00026851        om     44072     44073                  0.01852706        69
   43123        0.00026536    a_iajb     43123                            0.01671760        63

  ==> Add operator: op -1: 45418 45419
  ==> Current qubit order: 0  1  2  3  4  5  6  7  8  9  10  11  12  13  14  15  16  17  18  19  20  21  24  25  26  27  30  31  32  33  36  37  22  54  23  55  50  29  51  40  41  42  43  44  28  38  52  39  53  59  58  49  48  45  64  65  56  46  47  60  61  57  35  34  66  67  62  63  68  69  70  71  72  73  74  75  76  77  78  79  80  81  82  83  84  85  86  87  88  89  90  91  92  93  94  95  96  97  98  99  100  101  102  103  


  ==> Energy                -307.439332328
  ==> dE                       -3.85e-05
  ==> Gradient Norm             1.69e+00
  ==> Abs. Max. Deriv.          5.74e-02
  ==> Time-Grad. (s)              40.545
  ==> Time-Energy (s)              3.716
  ==> Time-Iter. (s)              44.261

--------------------------------------------------------------------------------
CEO-ADAPT-VQE iteration: 106
--------------------------------------------------------------------------------
    gate        derivative      name       op1       op2       op3        g_unscaled   penalty
    1250       -0.00044187      a_ia      1250                           -0.00088373         2
    1508       -0.00038252      a_ia      1508                           -0.00153007         4
    1506        0.00036709      a_ia      1506                            0.00073417         2
   97142        0.00026851        op     44072     44073                  0.01852706        69
   97143        0.00026851        om     44072     44073                  0.01852706        69
    1598       -0.00025961      a_ia      1598                           -0.00103843         4
   68346        0.00025846        op     22164     22165                  0.05195045       201
   68347        0.00025846        om     22164     22165                  0.05195045       201
    1924       -0.00025380      a_ia      1924                           -0.00152282         6
   95903        0.00025349        om     43123     43124                  0.01698415        67

  ==> Add operator: a_ia 1250
  ==> Current qubit order: 0  1  2  3  4  5  6  7  8  9  10  11  12  13  14  15  16  17  18  19  20  21  24  25  26  27  30  31  32  33  36  37  22  54  23  55  50  29  51  40  41  42  43  44  28  38  52  39  53  59  58  49  48  45  64  65  56  46  47  60  61  57  35  34  66  67  62  63  68  69  70  71  72  73  74  75  76  77  78  79  80  81  82  83  84  85  86  87  88  89  90  91  92  93  94  95  96  97  98  99  100  101  102  103  


  ==> Energy                -307.439413887
  ==> dE                       -8.16e-05
  ==> Gradient Norm             1.69e+00
  ==> Abs. Max. Deriv.          5.74e-02
  ==> Time-Grad. (s)              40.664
  ==> Time-Energy (s)              3.202
  ==> Time-Iter. (s)              43.866

--------------------------------------------------------------------------------
CEO-ADAPT-VQE iteration: 107
--------------------------------------------------------------------------------
    gate        derivative      name       op1       op2       op3        g_unscaled   penalty
    1508       -0.00038329      a_ia      1508                           -0.00153318         4
    1506        0.00037144      a_ia      1506                            0.00074288         2
   97142        0.00026851        op     44072     44073                  0.01852706        69
   97143        0.00026851        om     44072     44073                  0.01852706        69
   68346        0.00025846        op     22164     22165                  0.05195045       201
   68347        0.00025846        om     22164     22165                  0.05195045       201
   95685        0.00025395        om     42926     42927                  0.01041202        41
    1924       -0.00025374      a_ia      1924                           -0.00152242         6
   42926        0.00025155    a_iajb     42926                            0.01031338        41
   84198        0.00024966        op     34188     34189                  0.03919614       157

  ==> Add operator: op -1: 44072 44073
  ==> Current qubit order: 0  1  2  3  4  5  6  7  8  9  10  11  12  13  14  15  16  17  18  19  20  21  24  25  26  27  30  31  32  33  36  37  22  54  23  55  50  29  51  40  41  44  28  38  52  39  42  43  64  65  53  59  58  49  48  45  56  46  47  60  61  57  35  34  66  67  62  63  68  69  70  71  72  73  74  75  76  77  78  79  80  81  82  83  84  85  86  87  88  89  90  91  92  93  94  95  96  97  98  99  100  101  102  103  


  ==> Energy                -307.439460962
  ==> dE                       -4.71e-05
  ==> Gradient Norm             1.69e+00
  ==> Abs. Max. Deriv.          5.74e-02
  ==> Time-Grad. (s)              40.566
  ==> Time-Energy (s)              3.837
  ==> Time-Iter. (s)              44.403

--------------------------------------------------------------------------------
CEO-ADAPT-VQE iteration: 108
--------------------------------------------------------------------------------
    gate        derivative      name       op1       op2       op3        g_unscaled   penalty
    1508       -0.00038320      a_ia      1508                           -0.00153281         4
    1506        0.00037145      a_ia      1506                            0.00074290         2
   96290        0.00034487        op     43490     43491                  0.01827807        53
   96291        0.00034487        om     43490     43491                  0.01827807        53
   79086        0.00028936        op     30330     30331                  0.03501279       121
   79087        0.00028936        om     30330     30331                  0.03501279       121
   99284        0.00027341        op     45908     45909                  0.01722505        63
   99285        0.00027341        om     45908     45909                  0.01722505        63
   43490        0.00026490    a_iajb     43490                            0.01827807        69
   96019        0.00025956        om     43233     43234                  0.01790952        69

  ==> Add operator: op -1: 43490 43491
  ==> Current qubit order: 0  1  2  3  4  5  6  7  8  9  10  11  12  13  14  15  16  17  18  19  20  21  24  25  26  27  30  31  32  33  36  37  22  54  23  55  50  29  51  44  28  38  40  41  64  65  52  39  42  43  53  59  58  49  48  45  56  46  47  60  61  57  35  34  66  67  62  63  68  69  70  71  72  73  74  75  76  77  78  79  80  81  82  83  84  85  86  87  88  89  90  91  92  93  94  95  96  97  98  99  100  101  102  103  


  ==> Energy                -307.439505609
  ==> dE                       -4.46e-05
  ==> Gradient Norm             1.69e+00
  ==> Abs. Max. Deriv.          5.74e-02
  ==> Time-Grad. (s)              37.557
  ==> Time-Energy (s)              4.026
  ==> Time-Iter. (s)              41.584

--------------------------------------------------------------------------------
CEO-ADAPT-VQE iteration: 109
--------------------------------------------------------------------------------
    gate        derivative      name       op1       op2       op3        g_unscaled   penalty
    1508       -0.00038312      a_ia      1508                           -0.00153246         4
    1756        0.00037216      a_ia      1756                            0.00074432         2
    1506        0.00037151      a_ia      1506                            0.00074303         2
   99284        0.00036607        op     45908     45909                  0.01720515        47
   99285        0.00036607        om     45908     45909                  0.01720515        47
   79086        0.00033290        op     30330     30331                  0.03495487       105
   79087        0.00033290        om     30330     30331                  0.03495487       105
   68304        0.00029142        op     22122     22123                  0.03526160       121
   68305        0.00029142        om     22122     22123                  0.03526160       121
   30330        0.00028888    a_iajb     30330                            0.03495487       121

  ==> Tried operator a_ia 1756: gain -3.78e-07 (threshold 4.6e-07), removed and excluded for this stage
  ==> Add operator: op -1: 45908 45909
  ==> Current qubit order: 0  1  2  3  4  5  6  7  8  9  10  11  12  13  14  15  16  17  18  19  20  21  24  25  26  27  30  31  32  33  36  37  22  54  23  55  29  44  28  38  50  51  64  65  40  41  52  39  42  43  53  59  58  49  48  45  56  46  47  60  61  57  35  34  66  67  62  63  68  69  70  71  72  73  74  75  76  77  78  79  80  81  82  83  84  85  86  87  88  89  90  91  92  93  94  95  96  97  98  99  100  101  102  103  


  ==> Energy                -307.439560993
  ==> dE                       -5.54e-05
  ==> Gradient Norm             1.69e+00
  ==> Abs. Max. Deriv.          5.74e-02
  ==> Time-Grad. (s)              35.713
  ==> Time-Energy (s)              5.400
  ==> Time-Iter. (s)              41.113

--------------------------------------------------------------------------------
CEO-ADAPT-VQE iteration: 110
--------------------------------------------------------------------------------
    gate        derivative      name       op1       op2       op3        g_unscaled   penalty
    1601        0.00096098      a_ia      1601                            0.00192196         2
    1508       -0.00038301      a_ia      1508                           -0.00153203         4
    1756        0.00037197      a_ia      1756                            0.00074394         2
    1506        0.00037137      a_ia      1506                            0.00074273         2
   79086        0.00035983        op     30330     30331                  0.03490321        97
   79087        0.00035983        om     30330     30331                  0.03490321        97
   68304        0.00031155        op     22122     22123                  0.03520531       113
   68305        0.00031155        om     22122     22123                  0.03520531       113
   30330        0.00030888    a_iajb     30330                            0.03490321       113
   90450        0.00030276        op     38952     38953                  0.02210151        73

  ==> Add operator: a_ia 1601
  ==> Current qubit order: 0  1  2  3  4  5  6  7  8  9  10  11  12  13  14  15  16  17  18  19  20  21  24  25  26  27  30  31  32  33  36  37  22  54  23  55  29  44  28  38  50  51  64  65  40  41  52  39  42  43  53  59  58  49  48  45  56  46  47  60  61  57  35  34  66  67  62  63  68  69  70  71  72  73  74  75  76  77  78  79  80  81  82  83  84  85  86  87  88  89  90  91  92  93  94  95  96  97  98  99  100  101  102  103  


  ==> Energy                -307.439610965
  ==> dE                       -5.00e-05
  ==> Gradient Norm             1.69e+00
  ==> Abs. Max. Deriv.          5.74e-02
  ==> Time-Grad. (s)              36.187
  ==> Time-Energy (s)              4.785
  ==> Time-Iter. (s)              40.973

--------------------------------------------------------------------------------
CEO-ADAPT-VQE iteration: 111
--------------------------------------------------------------------------------
    gate        derivative      name       op1       op2       op3        g_unscaled   penalty
    1756        0.00038749      a_ia      1756                            0.00077498         2
    1508       -0.00038229      a_ia      1508                           -0.00152917         4
    1506        0.00037058      a_ia      1506                            0.00074115         2
   79086        0.00035982        op     30330     30331                  0.03490234        97
   79087        0.00035982        om     30330     30331                  0.03490234        97
   68304        0.00031156        op     22122     22123                  0.03520612       113
   68305        0.00031156        om     22122     22123                  0.03520612       113
   30330        0.00030887    a_iajb     30330                            0.03490234       113
   90450        0.00030275        op     38952     38953                  0.02210095        73
   90451        0.00030275        om     38952     38953                  0.02210095        73

  ==> Add operator: op -1: 30330 30331
  ==> Current qubit order: 0  1  2  3  4  5  6  7  8  9  10  11  12  13  14  15  16  17  18  19  20  21  26  27  30  31  32  33  36  37  24  25  64  65  22  54  23  55  29  44  28  38  50  51  40  41  52  39  42  43  53  59  58  49  48  45  56  46  47  60  61  57  35  34  66  67  62  63  68  69  70  71  72  73  74  75  76  77  78  79  80  81  82  83  84  85  86  87  88  89  90  91  92  93  94  95  96  97  98  99  100  101  102  103  


  ==> Energy                -307.439759984
  ==> dE                       -1.49e-04
  ==> Gradient Norm             1.69e+00
  ==> Abs. Max. Deriv.          5.74e-02
  ==> Time-Grad. (s)              36.375
  ==> Time-Energy (s)              3.498
  ==> Time-Iter. (s)              39.873

--------------------------------------------------------------------------------
CEO-ADAPT-VQE iteration: 112
--------------------------------------------------------------------------------
    gate        derivative      name       op1       op2       op3        g_unscaled   penalty
    1150       -0.00111477      a_ia      1150                           -0.00445910         4
    1111       -0.00107610      a_ia      1111                           -0.00430440         4
   90450        0.00052512        op     38952     38953                  0.02152988        41
   90451        0.00052512        om     38952     38953                  0.02152988        41
   68304        0.00046621        op     22122     22123                  0.03403356        73
   68305        0.00046621        om     22122     22123                  0.03403356        73
    1756        0.00038783      a_ia      1756                            0.00077567         2
   22122        0.00038240    a_iajb     22122                            0.03403356        89
    1508       -0.00038235      a_ia      1508                           -0.00152940         4
   38952        0.00037772    a_iajb     38952                            0.02152988        57

  ==> Add operator: a_ia 1150
  ==> Current qubit order: 0  1  2  3  4  5  6  7  8  9  10  11  12  13  14  15  16  17  18  19  20  21  26  27  30  31  32  33  36  37  24  64  25  65  22  54  23  55  29  44  28  38  50  51  40  41  52  39  42  43  53  59  58  49  48  45  56  46  47  60  61  57  35  34  66  67  62  63  68  69  70  71  72  73  74  75  76  77  78  79  80  81  82  83  84  85  86  87  88  89  90  91  92  93  94  95  96  97  98  99  100  101  102  103  


  ==> Energy                -307.439765057
  ==> dE                       -5.07e-06
  ==> Gradient Norm             1.69e+00
  ==> Abs. Max. Deriv.          5.74e-02
  ==> Time-Grad. (s)              34.891
  ==> Time-Energy (s)              3.861
  ==> Time-Iter. (s)              38.752

--------------------------------------------------------------------------------
CEO-ADAPT-VQE iteration: 113
--------------------------------------------------------------------------------
    gate        derivative      name       op1       op2       op3        g_unscaled   penalty
    1111       -0.00207415      a_ia      1111                           -0.00414831         2
   90450        0.00055346        op     38952     38953                  0.02158477        39
   90451        0.00055346        om     38952     38953                  0.02158477        39
   68304        0.00047979        op     22122     22123                  0.03406528        71
   68305        0.00047979        om     22122     22123                  0.03406528        71
   38952        0.00039245    a_iajb     38952                            0.02158477        55
   22122        0.00039155    a_iajb     22122                            0.03406528        87
    1756        0.00038871      a_ia      1756                            0.00077743         2
    1508       -0.00038327      a_ia      1508                           -0.00153308         4
    1506        0.00037711      a_ia      1506                            0.00075423         2

  ==> Add operator: a_ia 1111
  ==> Current qubit order: 0  1  2  3  4  5  6  7  8  9  10  11  12  13  14  15  16  17  18  19  20  21  26  27  30  31  32  33  36  37  24  64  25  65  22  54  23  55  29  44  28  38  50  51  40  41  52  39  42  43  53  59  58  49  48  45  56  46  47  60  61  57  35  34  66  67  62  63  68  69  70  71  72  73  74  75  76  77  78  79  80  81  82  83  84  85  86  87  88  89  90  91  92  93  94  95  96  97  98  99  100  101  102  103  


  ==> Energy                -307.439769446
  ==> dE                       -4.39e-06
  ==> Gradient Norm             1.69e+00
  ==> Abs. Max. Deriv.          5.74e-02
  ==> Time-Grad. (s)              35.923
  ==> Time-Energy (s)              4.076
  ==> Time-Iter. (s)              39.999

--------------------------------------------------------------------------------
CEO-ADAPT-VQE iteration: 114
--------------------------------------------------------------------------------
    gate        derivative      name       op1       op2       op3        g_unscaled   penalty
   90450        0.00055477        op     38952     38953                  0.02163615        39
   90451        0.00055477        om     38952     38953                  0.02163615        39
   68304        0.00048022        op     22122     22123                  0.03409545        71
   68305        0.00048022        om     22122     22123                  0.03409545        71
   38952        0.00039338    a_iajb     38952                            0.02163615        55
   22122        0.00039190    a_iajb     22122                            0.03409545        87
    1756        0.00038924      a_ia      1756                            0.00077847         2
    1508       -0.00037857      a_ia      1508                           -0.00151430         4
    1506        0.00037541      a_ia      1506                            0.00075083         2
   57774        0.00035851        op     13404     13405                  0.03405879        95

  ==> Add operator: op -1: 38952 38953
  ==> Current qubit order: 0  1  2  3  4  5  6  7  8  9  10  11  12  13  14  15  16  17  18  19  20  21  26  27  30  31  36  32  33  64  65  37  24  25  22  54  23  55  29  44  28  38  50  51  40  41  52  39  42  43  53  59  58  49  48  45  56  46  47  60  61  57  35  34  66  67  62  63  68  69  70  71  72  73  74  75  76  77  78  79  80  81  82  83  84  85  86  87  88  89  90  91  92  93  94  95  96  97  98  99  100  101  102  103  


  ==> Energy                -307.439828764
  ==> dE                       -5.93e-05
  ==> Gradient Norm             1.69e+00
  ==> Abs. Max. Deriv.          5.74e-02
  ==> Time-Grad. (s)              36.733
  ==> Time-Energy (s)              4.403
  ==> Time-Iter. (s)              41.136

--------------------------------------------------------------------------------
CEO-ADAPT-VQE iteration: 115
--------------------------------------------------------------------------------
    gate        derivative      name       op1       op2       op3        g_unscaled   penalty
   68304        0.00055682        op     22122     22123                  0.03396623        61
   68305        0.00055682        om     22122     22123                  0.03396623        61
   22122        0.00044112    a_iajb     22122                            0.03396623        77
   92014        0.00043750        op     40132     40133                  0.01181239        27
   92015        0.00043750        om     40132     40133                  0.01181239        27
   84278        0.00042263        op     34268     34269                  0.01901823        45
   84279        0.00042263        om     34268     34269                  0.01901823        45
   57774        0.00039734        op     13404     13405                  0.03377385        85
   57775        0.00039734        om     13404     13405                  0.03377385        85
    1756        0.00038940      a_ia      1756                            0.00077879         2

  ==> Add operator: op -1: 22122 22123
  ==> Current qubit order: 0  1  2  3  4  5  6  7  8  9  10  11  12  13  14  15  16  17  20  21  26  27  18  19  64  65  30  31  36  32  33  37  24  25  22  54  23  55  29  44  28  38  50  51  40  41  52  39  42  43  53  59  58  49  48  45  56  46  47  60  61  57  35  34  66  67  62  63  68  69  70  71  72  73  74  75  76  77  78  79  80  81  82  83  84  85  86  87  88  89  90  91  92  93  94  95  96  97  98  99  100  101  102  103  


  ==> Energy                -307.440070939
  ==> dE                       -2.42e-04
  ==> Gradient Norm             1.69e+00
  ==> Abs. Max. Deriv.          5.74e-02
  ==> Time-Grad. (s)              35.056
  ==> Time-Energy (s)             21.569
  ==> Time-Iter. (s)              56.625

--------------------------------------------------------------------------------
CEO-ADAPT-VQE iteration: 116
--------------------------------------------------------------------------------
    gate        derivative      name       op1       op2       op3        g_unscaled   penalty
   84278        0.00056070        op     34268     34269                  0.01850326        33
   84279        0.00056070        om     34268     34269                  0.01850326        33
   57774        0.00051306        op     13404     13405                  0.03334891        65
   57775        0.00051306        om     13404     13405                  0.03334891        65
    1756        0.00043138      a_ia      1756                            0.00086276         2
   13404        0.00041171    a_iajb     13404                            0.03334891        81
   48632        0.00040593        op      5222      5223                  0.03612783        89
   48633        0.00040593        om      5222      5223                  0.03612783        89
    1372        0.00039791      a_ia      1372                            0.00159164         4
    1506        0.00039698      a_ia      1506                            0.00079396         2

  ==> Add operator: op -1: 34268 34269
  ==> Current qubit order: 0  1  2  3  4  5  6  7  8  9  10  11  12  13  14  15  16  17  20  21  26  27  64  65  18  19  30  31  36  32  33  37  24  25  22  54  23  55  29  44  28  38  50  51  40  41  52  39  42  43  53  59  58  49  48  45  56  46  47  60  61  57  35  34  66  67  62  63  68  69  70  71  72  73  74  75  76  77  78  79  80  81  82  83  84  85  86  87  88  89  90  91  92  93  94  95  96  97  98  99  100  101  102  103  


  ==> Energy                -307.440112284
  ==> dE                       -4.13e-05
  ==> Gradient Norm             1.69e+00
  ==> Abs. Max. Deriv.          5.74e-02
  ==> Time-Grad. (s)              34.271
  ==> Time-Energy (s)              3.649
  ==> Time-Iter. (s)              37.920

--------------------------------------------------------------------------------
CEO-ADAPT-VQE iteration: 117
--------------------------------------------------------------------------------
    gate        derivative      name       op1       op2       op3        g_unscaled   penalty
   57774        0.00057930        op     13404     13405                  0.03302017        57
   57775        0.00057930        om     13404     13405                  0.03302017        57
   69300       -0.00045806        op     22950     22951                 -0.01145138        25
   69301       -0.00045806        om     22950     22951                 -0.01145138        25
   13404        0.00045233    a_iajb     13404                            0.03302017        73
   48632        0.00044349        op      5222      5223                  0.03592241        81
   48633        0.00044349        om      5222      5223                  0.03592241        81
   53596        0.00043866        op      9802      9803                  0.02851275        65
   53597        0.00043866        om      9802      9803                  0.02851275        65
    1756        0.00043157      a_ia      1756                            0.00086314         2

  ==> Add operator: op -1: 13404 13405
  ==> Current qubit order: 0  1  2  3  4  5  6  7  8  9  10  11  14  15  16  17  20  12  13  64  65  21  26  27  18  19  30  31  36  32  33  37  24  25  22  54  23  55  29  44  28  38  50  51  40  41  52  39  42  43  53  59  58  49  48  45  56  46  47  60  61  57  35  34  66  67  62  63  68  69  70  71  72  73  74  75  76  77  78  79  80  81  82  83  84  85  86  87  88  89  90  91  92  93  94  95  96  97  98  99  100  101  102  103  


  ==> Energy                -307.440219474
  ==> dE                       -1.07e-04
  ==> Gradient Norm             1.69e+00
  ==> Abs. Max. Deriv.          5.74e-02
  ==> Time-Grad. (s)              33.171
  ==> Time-Energy (s)              4.094
  ==> Time-Iter. (s)              37.265

--------------------------------------------------------------------------------
CEO-ADAPT-VQE iteration: 118
--------------------------------------------------------------------------------
    gate        derivative      name       op1       op2       op3        g_unscaled   penalty
     992       -0.00062458      a_ia       992                           -0.00124916         2
   53596        0.00052272        op      9802      9803                  0.02770407        53
   53597        0.00052272        om      9802      9803                  0.02770407        53
   48632        0.00051318        op      5222      5223                  0.03540914        69
   48633        0.00051318        om      5222      5223                  0.03540914        69
   53736       -0.00049821        op      9933      9934                 -0.01943029        39
   53737       -0.00049821        om      9933      9934                 -0.01943029        39
   55734       -0.00049819        op     11652     11653                 -0.01942953        39
   55735       -0.00049819        om     11652     11653                 -0.01942953        39
   60380       -0.00048490        op     15599     15600                 -0.01891104        39

  ==> Tried operator a_ia 992: gain -3.74e-07 (threshold 4.3e-07), removed and excluded for this stage
  ==> Add operator: op -1: 9802 9803
  ==> Current qubit order: 0  1  2  3  4  5  6  7  8  9  14  15  16  10  11  64  65  17  20  12  13  21  26  27  18  19  30  31  36  32  33  37  24  25  22  54  23  55  29  44  28  38  50  51  40  41  52  39  42  43  53  59  58  49  48  45  56  46  47  60  61  57  35  34  66  67  62  63  68  69  70  71  72  73  74  75  76  77  78  79  80  81  82  83  84  85  86  87  88  89  90  91  92  93  94  95  96  97  98  99  100  101  102  103  


  ==> Energy                -307.440289596
  ==> dE                       -7.01e-05
  ==> Gradient Norm             1.69e+00
  ==> Abs. Max. Deriv.          5.74e-02
  ==> Time-Grad. (s)              32.280
  ==> Time-Energy (s)              8.140
  ==> Time-Iter. (s)              40.420

--------------------------------------------------------------------------------
CEO-ADAPT-VQE iteration: 119
--------------------------------------------------------------------------------
    gate        derivative      name       op1       op2       op3        g_unscaled   penalty
   48632        0.00065382        op      5222      5223                  0.03465233        53
   48633        0.00065382        om      5222      5223                  0.03465233        53
   55734       -0.00054890        op     11652     11653                 -0.02030937        37
   55735       -0.00054890        om     11652     11653                 -0.02030937        37
    5222        0.00050221    a_iajb      5222                            0.03465233        69
   53736       -0.00049531        op      9933      9934                 -0.02030760        41
   53737       -0.00049531        om      9933      9934                 -0.02030760        41
   60380       -0.00043711        op     15599     15600                 -0.01879591        43
   60381       -0.00043711        om     15599     15600                 -0.01879591        43
    1756        0.00043200      a_ia      1756                            0.00086400         2

  ==> Add operator: op -1: 5222 5223
  ==> Current qubit order: 0  1  2  3  4  5  8  9  14  6  7  64  65  15  16  10  11  17  20  12  13  21  26  27  18  19  30  31  36  32  33  37  24  25  22  54  23  55  29  44  28  38  50  51  40  41  52  39  42  43  53  59  58  49  48  45  56  46  47  60  61  57  35  34  66  67  62  63  68  69  70  71  72  73  74  75  76  77  78  79  80  81  82  83  84  85  86  87  88  89  90  91  92  93  94  95  96  97  98  99  100  101  102  103  


  ==> Energy                -307.440392953
  ==> dE                       -1.03e-04
  ==> Gradient Norm             1.69e+00
  ==> Abs. Max. Deriv.          5.74e-02
  ==> Time-Grad. (s)              31.977
  ==> Time-Energy (s)              3.550
  ==> Time-Iter. (s)              35.527

--------------------------------------------------------------------------------
CEO-ADAPT-VQE iteration: 120
--------------------------------------------------------------------------------
    gate        derivative      name       op1       op2       op3        g_unscaled   penalty
     376       -0.00116134      a_ia       376                           -0.00464534         4
     328       -0.00100066      a_ia       328                           -0.00400266         4
   55734       -0.00049014        op     11652     11653                 -0.02009589        41
   55735       -0.00049014        om     11652     11653                 -0.02009589        41
   53736       -0.00049010        op      9933      9934                 -0.02009412        41
   53737       -0.00049010        om      9933      9934                 -0.02009412        41
   48124       -0.00043806        op      4723      4724                 -0.01708452        39
   48125       -0.00043806        om      4723      4724                 -0.01708452        39
    1756        0.00043213      a_ia      1756                            0.00086426         2
   46870       -0.00040006        op      3484      3485                 -0.01560250        39

  ==> Add operator: a_ia 376
  ==> Current qubit order: 0  1  2  3  4  5  8  9  14  6  64  7  65  15  16  10  11  17  20  12  13  21  26  27  18  19  30  31  36  32  33  37  24  25  22  54  23  55  29  44  28  38  50  51  40  41  52  39  42  43  53  59  58  49  48  45  56  46  47  60  61  57  35  34  66  67  62  63  68  69  70  71  72  73  74  75  76  77  78  79  80  81  82  83  84  85  86  87  88  89  90  91  92  93  94  95  96  97  98  99  100  101  102  103  


  ==> Energy                -307.440396777
  ==> dE                       -3.82e-06
  ==> Gradient Norm             1.69e+00
  ==> Abs. Max. Deriv.          5.74e-02
  ==> Time-Grad. (s)              31.264
  ==> Time-Energy (s)              4.020
  ==> Time-Iter. (s)              35.284

--------------------------------------------------------------------------------
CEO-ADAPT-VQE iteration: 121
--------------------------------------------------------------------------------
    gate        derivative      name       op1       op2       op3        g_unscaled   penalty
     328       -0.00194244      a_ia       328                           -0.00388489         2
   53736       -0.00046731        op      9933      9934                 -0.02009444        43
   53737       -0.00046731        om      9933      9934                 -0.02009444        43
   55734       -0.00046731        op     11652     11653                 -0.02009412        43
   55735       -0.00046731        om     11652     11653                 -0.02009412        43
    1756        0.00043280      a_ia      1756                            0.00086559         2
   47620        0.00041715        op      4228      4229                  0.01793756        43
   47621        0.00041715        om      4228      4229                  0.01793756        43
   65036        0.00040530        op     19424     19425                  0.01418565        35
   65037        0.00040530        om     19424     19425                  0.01418565        35

  ==> Add operator: a_ia 328
  ==> Current qubit order: 0  1  2  3  4  5  8  9  14  6  64  7  65  15  16  10  11  17  20  12  13  21  26  27  18  19  30  31  36  32  33  37  24  25  22  54  23  55  29  44  28  38  50  51  40  41  52  39  42  43  53  59  58  49  48  45  56  46  47  60  61  57  35  34  66  67  62  63  68  69  70  71  72  73  74  75  76  77  78  79  80  81  82  83  84  85  86  87  88  89  90  91  92  93  94  95  96  97  98  99  100  101  102  103  


  ==> Energy                -307.440399454
  ==> dE                       -2.68e-06
  ==> Gradient Norm             1.69e+00
  ==> Abs. Max. Deriv.          5.74e-02
  ==> Time-Grad. (s)              31.787
  ==> Time-Energy (s)              5.111
  ==> Time-Iter. (s)              36.898

--------------------------------------------------------------------------------
CEO-ADAPT-VQE iteration: 122
--------------------------------------------------------------------------------
    gate        derivative      name       op1       op2       op3        g_unscaled   penalty
   55734       -0.00046731        op     11652     11653                 -0.02009448        43
   55735       -0.00046731        om     11652     11653                 -0.02009448        43
   53736       -0.00046728        op      9933      9934                 -0.02009305        43
   53737       -0.00046728        om      9933      9934                 -0.02009305        43
    1756        0.00043418      a_ia      1756                            0.00086836         2
   47620        0.00041734        op      4228      4229                  0.01794543        43
   47621        0.00041734        om      4228      4229                  0.01794543        43
   65036        0.00040534        op     19424     19425                  0.01418680        35
   65037        0.00040534        om     19424     19425                  0.01418680        35
    1506        0.00039592      a_ia      1506                            0.00079183         2

  ==> Add operator: op -1: 11652 11653
  ==> Current qubit order: 0  1  2  3  4  5  8  9  14  6  7  15  64  65  11  12  16  10  17  20  13  21  26  27  18  19  30  31  36  32  33  37  24  25  22  54  23  55  29  44  28  38  50  51  40  41  52  39  42  43  53  59  58  49  48  45  56  46  47  60  61  57  35  34  66  67  62  63  68  69  70  71  72  73  74  75  76  77  78  79  80  81  82  83  84  85  86  87  88  89  90  91  92  93  94  95  96  97  98  99  100  101  102  103  


  ==> Energy                -307.440437914
  ==> dE                       -3.85e-05
  ==> Gradient Norm             1.69e+00
  ==> Abs. Max. Deriv.          5.74e-02
  ==> Time-Grad. (s)              32.039
  ==> Time-Energy (s)              4.568
  ==> Time-Iter. (s)              36.607

--------------------------------------------------------------------------------
CEO-ADAPT-VQE iteration: 123
--------------------------------------------------------------------------------
    gate        derivative      name       op1       op2       op3        g_unscaled   penalty
     562       -0.00067169      a_ia       562                           -0.00134338         2
   53736       -0.00047845        op      9933      9934                 -0.01961656        41
   53737       -0.00047845        om      9933      9934                 -0.01961656        41
    1756        0.00043414      a_ia      1756                            0.00086829         2
   65036        0.00040659        op     19424     19425                  0.01423059        35
   65037        0.00040659        om     19424     19425                  0.01423059        35
   62442        0.00040394        op     17298     17299                  0.01171425        29
   62443        0.00040394        om     17298     17299                  0.01171425        29
    1506        0.00039597      a_ia      1506                            0.00079195         2
    1508       -0.00038601      a_ia      1508                           -0.00154403         4

  ==> Tried operator a_ia 562: gain -3.37e-07 (threshold 4.9e-07), removed and excluded for this stage
  ==> Add operator: op -1: 9933 9934
  ==> Current qubit order: 0  1  2  3  4  5  8  9  14  6  7  15  11  12  16  64  65  10  13  17  20  21  26  27  18  19  30  31  36  32  33  37  24  25  22  54  23  55  29  44  28  38  50  51  40  41  52  39  42  43  53  59  58  49  48  45  56  46  47  60  61  57  35  34  66  67  62  63  68  69  70  71  72  73  74  75  76  77  78  79  80  81  82  83  84  85  86  87  88  89  90  91  92  93  94  95  96  97  98  99  100  101  102  103  


  ==> Energy                -307.440474574
  ==> dE                       -3.67e-05
  ==> Gradient Norm             1.69e+00
  ==> Abs. Max. Deriv.          5.74e-02
  ==> Time-Grad. (s)              31.913
  ==> Time-Energy (s)              7.280
  ==> Time-Iter. (s)              39.193

--------------------------------------------------------------------------------
CEO-ADAPT-VQE iteration: 124
--------------------------------------------------------------------------------
    gate        derivative      name       op1       op2       op3        g_unscaled   penalty
   60380       -0.00047809        op     15599     15600                 -0.01864535        39
   60381       -0.00047809        om     15599     15600                 -0.01864535        39
    1756        0.00043411      a_ia      1756                            0.00086823         2
    1506        0.00039604      a_ia      1506                            0.00079208         2
   57916       -0.00038739        op     13537     13538                 -0.01200923        31
   57917       -0.00038739        om     13537     13538                 -0.01200923        31
    1508       -0.00038607      a_ia      1508                           -0.00154426         4
   65036        0.00038577        op     19424     19425                  0.01427334        37
   65037        0.00038577        om     19424     19425                  0.01427334        37
   58180       -0.00036569        op     13747     13748                 -0.01865039        51

  ==> Add operator: op -1: 15599 15600
  ==> Current qubit order: 0  1  2  3  4  5  8  9  14  6  7  15  11  12  16  10  64  65  13  18  17  20  21  26  27  19  30  31  36  32  33  37  24  25  22  54  23  55  29  44  28  38  50  51  40  41  52  39  42  43  53  59  58  49  48  45  56  46  47  60  61  57  35  34  66  67  62  63  68  69  70  71  72  73  74  75  76  77  78  79  80  81  82  83  84  85  86  87  88  89  90  91  92  93  94  95  96  97  98  99  100  101  102  103  


  ==> Energy                -307.440511801
  ==> dE                       -3.72e-05
  ==> Gradient Norm             1.69e+00
  ==> Abs. Max. Deriv.          5.74e-02
  ==> Time-Grad. (s)              31.809
  ==> Time-Energy (s)              5.021
  ==> Time-Iter. (s)              36.831

--------------------------------------------------------------------------------
CEO-ADAPT-VQE iteration: 125
--------------------------------------------------------------------------------
    gate        derivative      name       op1       op2       op3        g_unscaled   penalty
     516       -0.00067641      a_ia       516                           -0.00135282         2
     652        0.00063384      a_ia       652                            0.00126769         2
    1756        0.00043409      a_ia      1756                            0.00086818         2
   66720       -0.00039625        op     20823     20824                 -0.01307629        33
   66721       -0.00039625        om     20823     20824                 -0.01307629        33
    1506        0.00039602      a_ia      1506                            0.00079204         2
    1508       -0.00038612      a_ia      1508                           -0.00154450         4
   65036        0.00037106        op     19424     19425                  0.01447144        39
   65037        0.00037106        om     19424     19425                  0.01447144        39
   73504        0.00034899        op     26068     26069                  0.01291276        37

  ==> Tried operator a_ia 516: gain -3.40e-07 (threshold 4.6e-07), removed and excluded for this stage
  ==> Tried operator a_ia 652: gain -3.24e-07 (threshold 4.6e-07), removed and excluded for this stage
  ==> Add operator: op -1: 20823 20824
  ==> Current qubit order: 0  1  2  3  4  5  8  9  14  6  7  15  11  12  16  10  64  65  18  17  13  20  21  26  27  19  30  31  36  32  33  37  24  25  22  54  23  55  29  44  28  38  50  51  40  41  52  39  42  43  53  59  58  49  48  45  56  46  47  60  61  57  35  34  66  67  62  63  68  69  70  71  72  73  74  75  76  77  78  79  80  81  82  83  84  85  86  87  88  89  90  91  92  93  94  95  96  97  98  99  100  101  102  103  


  ==> Energy                -307.440531015
  ==> dE                       -1.92e-05
  ==> Gradient Norm             1.69e+00
  ==> Abs. Max. Deriv.          5.74e-02
  ==> Time-Grad. (s)              31.977
  ==> Time-Energy (s)             13.835
  ==> Time-Iter. (s)              45.812

--------------------------------------------------------------------------------
CEO-ADAPT-VQE iteration: 126
--------------------------------------------------------------------------------
    gate        derivative      name       op1       op2       op3        g_unscaled   penalty
     516       -0.00068086      a_ia       516                           -0.00136172         2
    1756        0.00043406      a_ia      1756                            0.00086811         2
   65036        0.00040220        op     19424     19425                  0.01488122        37
   65037        0.00040220        om     19424     19425                  0.01488122        37
    1506        0.00039604      a_ia      1506                            0.00079209         2
    1508       -0.00038615      a_ia      1508                           -0.00154460         4
   73504        0.00035097        op     26068     26069                  0.01298571        37
   73505        0.00035097        om     26068     26069                  0.01298571        37
   57916       -0.00034268        op     13537     13538                 -0.01199367        35
   57917       -0.00034268        om     13537     13538                 -0.01199367        35

  ==> Add operator: op -1: 19424 19425
  ==> Current qubit order: 0  1  2  3  4  5  8  9  14  6  7  15  11  12  10  16  64  65  17  18  13  20  21  26  27  19  30  31  36  32  33  37  24  25  22  54  23  55  29  44  28  38  50  51  40  41  52  39  42  43  53  59  58  49  48  45  56  46  47  60  61  57  35  34  66  67  62  63  68  69  70  71  72  73  74  75  76  77  78  79  80  81  82  83  84  85  86  87  88  89  90  91  92  93  94  95  96  97  98  99  100  101  102  103  


  ==> Energy                -307.440554835
  ==> dE                       -2.38e-05
  ==> Gradient Norm             1.69e+00
  ==> Abs. Max. Deriv.          5.74e-02
  ==> Time-Grad. (s)              31.679
  ==> Time-Energy (s)              3.458
  ==> Time-Iter. (s)              35.138

--------------------------------------------------------------------------------
CEO-ADAPT-VQE iteration: 127
--------------------------------------------------------------------------------
    gate        derivative      name       op1       op2       op3        g_unscaled   penalty
    1756        0.00043407      a_ia      1756                            0.00086814         2
    1506        0.00039606      a_ia      1506                            0.00079212         2
    1508       -0.00038613      a_ia      1508                           -0.00154453         4
   73504        0.00034675        op     26068     26069                  0.01282990        37
   73505        0.00034675        om     26068     26069                  0.01282990        37
     516       -0.00034396      a_ia       516                           -0.00137582         4
   57916       -0.00034292        op     13537     13538                 -0.01200226        35
   57917       -0.00034292        om     13537     13538                 -0.01200226        35
   58180       -0.00033628        op     13747     13748                 -0.01849540        55
   58181       -0.00033628        om     13747     13748                 -0.01849540        55

  ==> Add operator: op -1: 26068 26069
  ==> Current qubit order: 0  1  2  3  4  5  8  9  14  6  7  15  11  12  10  16  17  64  65  20  21  18  13  26  27  19  30  31  36  32  33  37  24  25  22  54  23  55  29  44  28  38  50  51  40  41  52  39  42  43  53  59  58  49  48  45  56  46  47  60  61  57  35  34  66  67  62  63  68  69  70  71  72  73  74  75  76  77  78  79  80  81  82  83  84  85  86  87  88  89  90  91  92  93  94  95  96  97  98  99  100  101  102  103  


  ==> Energy                -307.440576799
  ==> dE                       -2.20e-05
  ==> Gradient Norm             1.69e+00
  ==> Abs. Max. Deriv.          5.74e-02
  ==> Time-Grad. (s)              31.512
  ==> Time-Energy (s)             12.094
  ==> Time-Iter. (s)              43.606

--------------------------------------------------------------------------------
CEO-ADAPT-VQE iteration: 128
--------------------------------------------------------------------------------
    gate        derivative      name       op1       op2       op3        g_unscaled   penalty
    1756        0.00043257      a_ia      1756                            0.00086514         2
    1506        0.00039576      a_ia      1506                            0.00079151         2
    1508       -0.00038656      a_ia      1508                           -0.00154623         4
   58180       -0.00036364        op     13747     13748                 -0.01854586        51
   58181       -0.00036364        om     13747     13748                 -0.01854586        51
   61012        0.00030862        op     16147     16148                  0.01141882        37
   61013        0.00030862        om     16147     16148                  0.01141882        37
   57916       -0.00030811        op     13537     13538                 -0.01201625        39
   57917       -0.00030811        om     13537     13538                 -0.01201625        39
    1598       -0.00030514      a_ia      1598                           -0.00122058         4

  ==> Add operator: op -1: 13747 13748
  ==> Current qubit order: 0  1  2  3  4  5  8  9  14  6  7  15  11  10  16  17  12  64  65  19  20  21  18  13  26  27  30  31  36  32  33  37  24  25  22  54  23  55  29  44  28  38  50  51  40  41  52  39  42  43  53  59  58  49  48  45  56  46  47  60  61  57  35  34  66  67  62  63  68  69  70  71  72  73  74  75  76  77  78  79  80  81  82  83  84  85  86  87  88  89  90  91  92  93  94  95  96  97  98  99  100  101  102  103  


  ==> Energy                -307.440613623
  ==> dE                       -3.68e-05
  ==> Gradient Norm             1.69e+00
  ==> Abs. Max. Deriv.          5.74e-02
  ==> Time-Grad. (s)              31.060
  ==> Time-Energy (s)              5.181
  ==> Time-Iter. (s)              36.241

  ==> gain rate 8.05e-05 Ha per operator over the last 50 accepted operators is below 0.20 of the level's best (4.12e-04) --- exiting.


--------------------------------------------------------------------------------
RESTART
--------------------------------------------------------------------------------

Last Energy: -307.440613637

--------------------------------------------------------------------------------
CEO-ADAPT-VQE iteration: 129
--------------------------------------------------------------------------------
    gate        derivative      name       op1       op2       op3        g_unscaled   penalty
     607        0.00057921      a_ia       607                            0.00115843         2
    1756        0.00043254      a_ia      1756                            0.00086509         2
    1506        0.00039577      a_ia      1506                            0.00079154         2
    1508       -0.00038663      a_ia      1508                           -0.00154650         4
   57916       -0.00035972        op     13537     13538                 -0.01187085        33
   57917       -0.00035972        om     13537     13538                 -0.01187085        33
   65220       -0.00035503        op     19581     19582                 -0.01313626        37
   65221       -0.00035503        om     19581     19582                 -0.01313626        37
     910        0.00034855      a_ia       910                            0.00069710         2
    1598       -0.00030514      a_ia      1598                           -0.00122057         4

  ==> Tried operator a_ia 607: gain -2.71e-07 (threshold 3.8e-07), removed and excluded for this stage
  ==> Add operator: a_ia 1756
  ==> Current qubit order: 0  1  2  3  4  5  8  9  14  6  7  15  11  10  16  17  12  64  65  19  20  21  18  13  26  27  30  31  36  32  33  37  24  25  22  54  23  55  29  44  28  38  50  51  40  41  52  39  42  43  53  59  58  49  48  45  56  46  47  60  61  57  35  34  66  67  62  63  68  69  70  71  72  73  74  75  76  77  78  79  80  81  82  83  84  85  86  87  88  89  90  91  92  93  94  95  96  97  98  99  100  101  102  103  


  ==> Energy                -307.440614147
  ==> dE                       -5.10e-07
  ==> Gradient Norm             1.69e+00
  ==> Abs. Max. Deriv.          5.74e-02
  ==> Time-Grad. (s)              83.179
  ==> Time-Energy (s)             18.969
  ==> Time-Iter. (s)             102.148

--------------------------------------------------------------------------------
CEO-ADAPT-VQE iteration: 130
--------------------------------------------------------------------------------
    gate        derivative      name       op1       op2       op3        g_unscaled   penalty
     607        0.00057946      a_ia       607                            0.00115892         2
    1506        0.00039584      a_ia      1506                            0.00079167         2
    1508       -0.00038804      a_ia      1508                           -0.00155215         4
   57916       -0.00035972        op     13537     13538                 -0.01187081        33
   57917       -0.00035972        om     13537     13538                 -0.01187081        33
   65220       -0.00035503        op     19581     19582                 -0.01313617        37
   65221       -0.00035503        om     19581     19582                 -0.01313617        37
     910        0.00034917      a_ia       910                            0.00069834         2
    1598       -0.00030514      a_ia      1598                           -0.00122056         4
   79022        0.00030075        op     30266     30267                  0.03759436       125

  ==> Tried operator a_ia 1506: gain -2.26e-07 (threshold 3.7e-07), removed and excluded for this stage
  ==> Add operator: a_ia 1508
  ==> Current qubit order: 0  1  2  3  4  5  8  9  14  6  7  15  11  10  16  17  12  64  65  19  20  21  18  13  26  27  30  31  36  32  33  37  24  25  22  54  23  55  29  44  28  38  50  51  40  41  52  39  42  43  53  59  58  49  48  45  56  46  47  60  57  61  35  34  66  67  62  63  68  69  70  71  72  73  74  75  76  77  78  79  80  81  82  83  84  85  86  87  88  89  90  91  92  93  94  95  96  97  98  99  100  101  102  103  


  ==> Energy                -307.440614884
  ==> dE                       -7.37e-07
  ==> Gradient Norm             1.69e+00
  ==> Abs. Max. Deriv.          5.74e-02
  ==> Time-Grad. (s)              82.865
  ==> Time-Energy (s)             23.194
  ==> Time-Iter. (s)             106.058

--------------------------------------------------------------------------------
CEO-ADAPT-VQE iteration: 131
--------------------------------------------------------------------------------
    gate        derivative      name       op1       op2       op3        g_unscaled   penalty
     607        0.00057854      a_ia       607                            0.00115707         2
   57916       -0.00035972        op     13537     13538                 -0.01187084        33
   57917       -0.00035972        om     13537     13538                 -0.01187084        33
   65220       -0.00035503        op     19581     19582                 -0.01313622        37
   65221       -0.00035503        om     19581     19582                 -0.01313622        37
     910        0.00035173      a_ia       910                            0.00070347         2
    1598       -0.00030514      a_ia      1598                           -0.00122057         4
   54094        0.00030042        op     10249     10250                  0.01171626        39
   54095        0.00030042        om     10249     10250                  0.01171626        39
   75408        0.00029660        op     27516     27517                  0.01097426        37

  ==> Add operator: op -1: 13537 13538
  ==> Current qubit order: 0  1  2  3  4  5  8  9  14  6  7  11  10  16  17  15  12  64  65  19  20  21  18  13  26  27  30  31  36  32  33  37  24  25  22  54  23  55  29  44  28  38  50  51  40  41  52  39  42  43  53  59  58  49  48  45  56  46  47  60  57  61  35  34  66  67  62  63  68  69  70  71  72  73  74  75  76  77  78  79  80  81  82  83  84  85  86  87  88  89  90  91  92  93  94  95  96  97  98  99  100  101  102  103  


  ==> Energy                -307.440629072
  ==> dE                       -1.42e-05
  ==> Gradient Norm             1.69e+00
  ==> Abs. Max. Deriv.          5.74e-02
  ==> Time-Grad. (s)              83.921
  ==> Time-Energy (s)             11.176
  ==> Time-Iter. (s)              95.097

--------------------------------------------------------------------------------
CEO-ADAPT-VQE iteration: 132
--------------------------------------------------------------------------------
    gate        derivative      name       op1       op2       op3        g_unscaled   penalty
     607        0.00058559      a_ia       607                            0.00117118         2
     910        0.00035520      a_ia       910                            0.00071040         2
   65220       -0.00033526        op     19581     19582                 -0.01307532        39
   65221       -0.00033526        om     19581     19582                 -0.01307532        39
   63762        0.00031512        op     18384     18385                  0.00976879        31
   63763        0.00031512        om     18384     18385                  0.00976879        31
    1598       -0.00030514      a_ia      1598                           -0.00122057         4
   75408        0.00029572        op     27516     27517                  0.01094180        37
   75409        0.00029572        om     27516     27517                  0.01094180        37
   73926        0.00029414        op     26412     26413                  0.01088326        37

  ==> Tried operator a_ia 910: gain -1.16e-07 (threshold 3.0e-07), removed and excluded for this stage
  ==> Add operator: op -1: 19581 19582
  ==> Current qubit order: 0  1  2  3  4  5  8  9  14  6  7  11  10  17  15  12  16  64  65  19  20  21  18  13  26  27  30  31  36  32  33  37  24  25  22  54  23  55  29  44  28  38  50  51  40  41  52  39  42  43  53  59  58  49  48  45  56  46  47  60  57  61  35  34  66  67  62  63  68  69  70  71  72  73  74  75  76  77  78  79  80  81  82  83  84  85  86  87  88  89  90  91  92  93  94  95  96  97  98  99  100  101  102  103  


  ==> Energy                -307.440648283
  ==> dE                       -1.92e-05
  ==> Gradient Norm             1.69e+00
  ==> Abs. Max. Deriv.          5.74e-02
  ==> Time-Grad. (s)              83.340
  ==> Time-Energy (s)             21.005
  ==> Time-Iter. (s)             104.346

--------------------------------------------------------------------------------
CEO-ADAPT-VQE iteration: 133
--------------------------------------------------------------------------------
    gate        derivative      name       op1       op2       op3        g_unscaled   penalty
   63762        0.00036425        op     18384     18385                  0.00983472        27
   63763        0.00036425        om     18384     18385                  0.00983472        27
     910        0.00033820      a_ia       910                            0.00067640         2
    1598       -0.00030514      a_ia      1598                           -0.00122057         4
     607        0.00030080      a_ia       607                            0.00120322         4
   75408        0.00029531        op     27516     27517                  0.01092636        37
   75409        0.00029531        om     27516     27517                  0.01092636        37
   73926        0.00029426        op     26412     26413                  0.01088748        37
   73927        0.00029426        om     26412     26413                  0.01088748        37
   54094        0.00028766        op     10249     10250                  0.01179415        41

  ==> Add operator: op -1: 18384 18385
  ==> Current qubit order: 0  1  2  3  4  5  8  9  14  6  7  11  10  17  12  15  16  64  65  19  20  21  18  13  26  27  30  31  36  32  33  37  24  25  22  54  23  55  29  44  28  38  50  51  40  41  52  39  42  43  53  59  58  49  48  45  56  46  47  60  57  61  35  34  66  67  62  63  68  69  70  71  72  73  74  75  76  77  78  79  80  81  82  83  84  85  86  87  88  89  90  91  92  93  94  95  96  97  98  99  100  101  102  103  


  ==> Energy                -307.440658341
  ==> dE                       -1.01e-05
  ==> Gradient Norm             1.69e+00
  ==> Abs. Max. Deriv.          5.74e-02
  ==> Time-Grad. (s)              83.433
  ==> Time-Energy (s)              9.727
  ==> Time-Iter. (s)              93.160

--------------------------------------------------------------------------------
CEO-ADAPT-VQE iteration: 134
--------------------------------------------------------------------------------
    gate        derivative      name       op1       op2       op3        g_unscaled   penalty
     910        0.00034464      a_ia       910                            0.00068928         2
    1598       -0.00030514      a_ia      1598                           -0.00122057         4
   75408        0.00029468        op     27516     27517                  0.01090310        37
   75409        0.00029468        om     27516     27517                  0.01090310        37
   73926        0.00029349        op     26412     26413                  0.01085895        37
   73927        0.00029349        om     26412     26413                  0.01085895        37
   54094        0.00028796        op     10249     10250                  0.01180638        41
   54095        0.00028796        om     10249     10250                  0.01180638        41
   78192        0.00028577        op     29604     29605                  0.01743219        61
   29604        0.00028539    a_iajb     29604                            0.01740858        61

  ==> Add operator: a_ia 1598
  ==> Current qubit order: 0  1  2  3  4  5  8  9  14  6  7  11  10  17  12  15  16  64  65  19  20  21  18  13  26  27  30  31  36  32  33  37  24  25  22  54  23  55  29  28  44  38  50  51  40  41  52  39  42  43  53  59  58  49  48  45  56  46  47  60  57  61  35  34  66  67  62  63  68  69  70  71  72  73  74  75  76  77  78  79  80  81  82  83  84  85  86  87  88  89  90  91  92  93  94  95  96  97  98  99  100  101  102  103  


  ==> Energy                -307.440816104
  ==> dE                       -1.58e-04
  ==> Gradient Norm             1.69e+00
  ==> Abs. Max. Deriv.          5.74e-02
  ==> Time-Grad. (s)              82.882
  ==> Time-Energy (s)             10.653
  ==> Time-Iter. (s)              93.535

--------------------------------------------------------------------------------
CEO-ADAPT-VQE iteration: 135
--------------------------------------------------------------------------------
    gate        derivative      name       op1       op2       op3        g_unscaled   penalty
    1601        0.00050625      a_ia      1601                            0.00101251         2
     910        0.00034536      a_ia       910                            0.00069071         2
   78192        0.00029511        op     29604     29605                  0.01741120        59
   29604        0.00029472    a_iajb     29604                            0.01738829        59
   75408        0.00029468        op     27516     27517                  0.01090309        37
   75409        0.00029468        om     27516     27517                  0.01090309        37
   78193        0.00029433        om     29604     29605                  0.01736538        59
   73926        0.00029350        op     26412     26413                  0.01085936        37
   73927        0.00029350        om     26412     26413                  0.01085936        37
   54094        0.00028796        op     10249     10250                  0.01180639        41

  ==> Add operator: a_ia 1601
  ==> Current qubit order: 0  1  2  3  4  5  8  9  14  6  7  11  10  17  12  15  16  64  65  19  20  21  18  13  26  27  30  31  36  32  33  37  24  25  22  54  23  55  29  28  44  38  50  51  40  41  52  39  42  43  53  59  58  49  48  45  56  46  47  60  57  61  35  34  66  67  62  63  68  69  70  71  72  73  74  75  76  77  78  79  80  81  82  83  84  85  86  87  88  89  90  91  92  93  94  95  96  97  98  99  100  101  102  103  


  ==> Energy                -307.440829926
  ==> dE                       -1.38e-05
  ==> Gradient Norm             1.69e+00
  ==> Abs. Max. Deriv.          5.74e-02
  ==> Time-Grad. (s)              83.371
  ==> Time-Energy (s)             10.763
  ==> Time-Iter. (s)              94.133

--------------------------------------------------------------------------------
CEO-ADAPT-VQE iteration: 136
--------------------------------------------------------------------------------
    gate        derivative      name       op1       op2       op3        g_unscaled   penalty
     910        0.00034273      a_ia       910                            0.00068546         2
   78192        0.00029545        op     29604     29605                  0.01743179        59
   29604        0.00029507    a_iajb     29604                            0.01740906        59
   75408        0.00029469        op     27516     27517                  0.01090336        37
   75409        0.00029469        om     27516     27517                  0.01090336        37
   78193        0.00029468        om     29604     29605                  0.01738632        59
   73926        0.00029350        op     26412     26413                  0.01085934        37
   73927        0.00029350        om     26412     26413                  0.01085934        37
   54094        0.00028797        op     10249     10250                  0.01180686        41
   54095        0.00028797        om     10249     10250                  0.01180686        41

  ==> Add operator: op -1: 29604 29605
  ==> Current qubit order: 0  1  2  3  4  5  8  9  14  6  7  11  10  17  12  15  16  64  65  19  20  21  18  13  26  27  30  31  36  32  33  37  24  25  22  54  23  55  28  29  44  38  50  51  40  41  52  39  42  43  53  59  58  49  48  45  56  46  47  60  57  61  35  34  66  67  62  63  68  69  70  71  72  73  74  75  76  77  78  79  80  81  82  83  84  85  86  87  88  89  90  91  92  93  94  95  96  97  98  99  100  101  102  103  


  ==> Energy                -307.440883579
  ==> dE                       -5.37e-05
  ==> Gradient Norm             1.69e+00
  ==> Abs. Max. Deriv.          5.74e-02
  ==> Time-Grad. (s)              83.890
  ==> Time-Energy (s)             10.824
  ==> Time-Iter. (s)              94.714

--------------------------------------------------------------------------------
CEO-ADAPT-VQE iteration: 137
--------------------------------------------------------------------------------
    gate        derivative      name       op1       op2       op3        g_unscaled   penalty
     910        0.00034234      a_ia       910                            0.00068468         2
   88506        0.00032657        op     37446     37447                  0.01404241        43
   37446        0.00032557    a_iajb     37446                            0.01399947        43
   88507        0.00032457        om     37446     37447                  0.01395652        43
   75408        0.00029469        op     27516     27517                  0.01090338        37
   75409        0.00029469        om     27516     27517                  0.01090338        37
   73926        0.00029349        op     26412     26413                  0.01085931        37
   73927        0.00029349        om     26412     26413                  0.01085931        37
   54094        0.00028797        op     10249     10250                  0.01180696        41
   54095        0.00028797        om     10249     10250                  0.01180696        41

  ==> Add operator: op -1: 37446 37447
  ==> Current qubit order: 0  1  2  3  4  5  8  9  14  6  7  11  10  17  12  15  16  64  65  19  20  21  18  13  26  27  30  31  36  32  33  37  24  25  22  23  54  55  28  29  44  38  50  51  40  41  52  39  42  43  53  59  58  49  48  45  56  46  47  60  57  61  35  34  66  67  62  63  68  69  70  71  72  73  74  75  76  77  78  79  80  81  82  83  84  85  86  87  88  89  90  91  92  93  94  95  96  97  98  99  100  101  102  103  


  ==> Energy                -307.440918888
  ==> dE                       -3.53e-05
  ==> Gradient Norm             1.69e+00
  ==> Abs. Max. Deriv.          5.74e-02
  ==> Time-Grad. (s)              83.342
  ==> Time-Energy (s)             11.213
  ==> Time-Iter. (s)              94.554

--------------------------------------------------------------------------------
CEO-ADAPT-VQE iteration: 138
--------------------------------------------------------------------------------
    gate        derivative      name       op1       op2       op3        g_unscaled   penalty
     910        0.00034215      a_ia       910                            0.00068429         2
   75408        0.00029469        op     27516     27517                  0.01090338        37
   75409        0.00029469        om     27516     27517                  0.01090338        37
   73926        0.00029349        op     26412     26413                  0.01085930        37
   73927        0.00029349        om     26412     26413                  0.01085930        37
   54094        0.00028798        op     10249     10250                  0.01180700        41
   54095        0.00028798        om     10249     10250                  0.01180700        41
   79044        0.00028242        op     30288     30289                  0.04321063       153
   79045        0.00028242        om     30288     30289                  0.04321063       153
   61012        0.00027840        op     16147     16148                  0.01141460        41

  ==> Add operator: op -1: 27516 27517
  ==> Current qubit order: 0  1  2  3  4  5  8  9  14  6  7  11  10  17  12  15  16  19  64  65  21  26  20  18  13  27  30  31  36  32  33  37  24  25  22  23  54  55  28  29  44  38  50  51  40  41  52  39  42  43  53  59  58  49  48  45  56  46  47  60  57  61  35  34  66  67  62  63  68  69  70  71  72  73  74  75  76  77  78  79  80  81  82  83  84  85  86  87  88  89  90  91  92  93  94  95  96  97  98  99  100  101  102  103  


  ==> Energy                -307.440932954
  ==> dE                       -1.41e-05
  ==> Gradient Norm             1.69e+00
  ==> Abs. Max. Deriv.          5.74e-02
  ==> Time-Grad. (s)              82.866
  ==> Time-Energy (s)              9.686
  ==> Time-Iter. (s)              92.552

--------------------------------------------------------------------------------
CEO-ADAPT-VQE iteration: 139
--------------------------------------------------------------------------------
    gate        derivative      name       op1       op2       op3        g_unscaled   penalty
     992       -0.00064023      a_ia       992                           -0.00128045         2
   61012        0.00031376        op     16147     16148                  0.01160905        37
   61013        0.00031376        om     16147     16148                  0.01160905        37
   71686       -0.00030564        op     24757     24758                 -0.01069741        35
   71687       -0.00030564        om     24757     24758                 -0.01069741        35
   54094        0.00028891        op     10249     10250                  0.01184532        41
   54095        0.00028891        om     10249     10250                  0.01184532        41
   73926        0.00028788        op     26412     26413                  0.01065169        37
   73927        0.00028788        om     26412     26413                  0.01065169        37
   79044        0.00028243        op     30288     30289                  0.04321104       153

  ==> Add operator: a_ia 992
  ==> Current qubit order: 0  1  2  3  4  5  8  9  14  6  7  11  10  17  12  15  16  19  64  65  21  26  20  18  13  27  30  31  36  32  33  37  24  25  22  23  54  55  28  29  44  38  50  51  40  41  52  39  42  43  53  59  58  49  48  45  56  46  47  60  57  61  35  34  66  67  62  63  68  69  70  71  72  73  74  75  76  77  78  79  80  81  82  83  84  85  86  87  88  89  90  91  92  93  94  95  96  97  98  99  100  101  102  103  


  ==> Energy                -307.440933345
  ==> dE                       -3.91e-07
  ==> Gradient Norm             1.69e+00
  ==> Abs. Max. Deriv.          5.74e-02
  ==> Time-Grad. (s)              83.350
  ==> Time-Energy (s)             10.968
  ==> Time-Iter. (s)              94.319

--------------------------------------------------------------------------------
CEO-ADAPT-VQE iteration: 140
--------------------------------------------------------------------------------
    gate        derivative      name       op1       op2       op3        g_unscaled   penalty
   54094        0.00028894        op     10249     10250                  0.01184648        41
   54095        0.00028894        om     10249     10250                  0.01184648        41
   79044        0.00028243        op     30288     30289                  0.04321111       153
   79045        0.00028243        om     30288     30289                  0.04321111       153
   61306       -0.00027273        op     16399     16400                 -0.01336364        49
   61307       -0.00027273        om     16399     16400                 -0.01336364        49
   49123       -0.00027096        om      5697      5698                 -0.01490296        55
    5697       -0.00027094    a_iajb      5697                           -0.01490196        55
   49122       -0.00027093        op      5697      5698                 -0.01490095        55
   69300       -0.00026998        op     22950     22951                 -0.01052938        39

  ==> Add operator: op -1: 10249 10250
  ==> Current qubit order: 0  1  2  3  4  5  8  9  14  6  7  11  17  12  10  19  64  65  15  16  21  26  20  18  13  27  30  31  36  32  33  37  24  25  22  23  54  55  28  29  44  38  50  51  40  41  52  39  42  43  53  59  58  49  48  45  56  46  47  60  57  61  35  34  66  67  62  63  68  69  70  71  72  73  74  75  76  77  78  79  80  81  82  83  84  85  86  87  88  89  90  91  92  93  94  95  96  97  98  99  100  101  102  103  


  ==> Energy                -307.440947717
  ==> dE                       -1.44e-05
  ==> Gradient Norm             1.69e+00
  ==> Abs. Max. Deriv.          5.74e-02
  ==> Time-Grad. (s)              83.732
  ==> Time-Energy (s)             12.248
  ==> Time-Iter. (s)              95.980

--------------------------------------------------------------------------------
CEO-ADAPT-VQE iteration: 141
--------------------------------------------------------------------------------
    gate        derivative      name       op1       op2       op3        g_unscaled   penalty
     516       -0.00035268      a_ia       516                           -0.00141071         4
   79044        0.00028242        op     30288     30289                  0.04321091       153
   79045        0.00028242        om     30288     30289                  0.04321091       153
   52952       -0.00028184        op      9200      9201                 -0.01155542        41
   52953       -0.00028184        om      9200      9201                 -0.01155542        41
   47620        0.00026886        op      4228      4229                  0.01747581        65
   47621        0.00026886        om      4228      4229                  0.01747581        65
   95903        0.00026414        om     43123     43124                  0.01822585        69
   99176       -0.00026361        op     45800     45801                 -0.01924366        73
   79022        0.00026294        op     30266     30267                  0.03760005       143

  ==> Add operator: a_ia 516
  ==> Current qubit order: 0  1  2  3  4  5  8  9  14  6  7  11  17  12  19  10  64  65  15  16  21  26  20  18  13  27  30  31  36  32  33  37  24  25  22  23  54  55  28  29  44  38  50  51  40  41  52  39  42  43  53  59  58  49  48  45  56  46  47  60  57  61  35  34  66  67  62  63  68  69  70  71  72  73  74  75  76  77  78  79  80  81  82  83  84  85  86  87  88  89  90  91  92  93  94  95  96  97  98  99  100  101  102  103  


  ==> Energy                -307.441008869
  ==> dE                       -6.12e-05
  ==> Gradient Norm             1.69e+00
  ==> Abs. Max. Deriv.          5.74e-02
  ==> Time-Grad. (s)              84.344
  ==> Time-Energy (s)             46.460
  ==> Time-Iter. (s)             130.804

--------------------------------------------------------------------------------
CEO-ADAPT-VQE iteration: 142
--------------------------------------------------------------------------------
    gate        derivative      name       op1       op2       op3        g_unscaled   penalty
   79044        0.00028235        op     30288     30289                  0.04319950       153
   79045        0.00028235        om     30288     30289                  0.04319950       153
   47620        0.00026866        op      4228      4229                  0.01746258        65
   47621        0.00026866        om      4228      4229                  0.01746258        65
   99176       -0.00026501        op     45800     45801                 -0.01934567        73
   79022        0.00026291        op     30266     30267                  0.03759607       143
   30266        0.00026291    a_iajb     30266                            0.03759606       143
   79023        0.00026291        om     30266     30267                  0.03759606       143
   49123       -0.00026103        om      5697      5698                 -0.01487846        57
    5697       -0.00026101    a_iajb      5697                           -0.01487741        57

  ==> Add operator: op -1: 30288 30289
  ==> Current qubit order: 0  1  2  3  4  5  8  9  14  6  7  11  17  12  19  10  64  65  15  16  21  26  20  18  13  27  30  31  36  32  33  37  22  23  54  55  28  29  44  38  50  51  40  41  52  39  42  43  53  24  25  62  63  59  58  49  48  45  56  46  47  60  57  61  35  34  66  67  68  69  70  71  72  73  74  75  76  77  78  79  80  81  82  83  84  85  86  87  88  89  90  91  92  93  94  95  96  97  98  99  100  101  102  103  


  ==> Energy                -307.441257293
  ==> dE                       -2.48e-04
  ==> Gradient Norm             1.69e+00
  ==> Abs. Max. Deriv.          5.74e-02
  ==> Time-Grad. (s)              84.464
  ==> Time-Energy (s)             11.537
  ==> Time-Iter. (s)              96.001

--------------------------------------------------------------------------------
CEO-ADAPT-VQE iteration: 143
--------------------------------------------------------------------------------
    gate        derivative      name       op1       op2       op3        g_unscaled   penalty
    1149        0.00171988      a_ia      1149                            0.00687952         4
    1110        0.00164118      a_ia      1110                            0.00656473         4
   78958        0.00045596        op     30202     30203                  0.02690148        59
   78959        0.00045596        om     30202     30203                  0.02690148        59
   79022        0.00045115        op     30266     30267                  0.03744510        83
   30266        0.00045115    a_iajb     30266                            0.03744509        83
   79023        0.00045115        om     30266     30267                  0.03744509        83
   79112        0.00038416        op     30356     30357                  0.03265384        85
   79113        0.00038416        om     30356     30357                  0.03265384        85
   30202        0.00035869    a_iajb     30202                            0.02690148        75

  ==> Add operator: a_ia 1149
  ==> Current qubit order: 0  1  2  3  4  5  8  9  14  6  7  11  17  12  19  10  64  65  15  16  21  26  20  18  13  27  30  31  36  32  33  37  22  23  54  55  28  29  44  38  50  51  40  41  52  39  42  43  53  24  62  25  63  59  58  49  48  45  56  46  47  60  57  61  35  34  66  67  68  69  70  71  72  73  74  75  76  77  78  79  80  81  82  83  84  85  86  87  88  89  90  91  92  93  94  95  96  97  98  99  100  101  102  103  


  ==> Energy                -307.441270376
  ==> dE                       -1.31e-05
  ==> Gradient Norm             1.68e+00
  ==> Abs. Max. Deriv.          5.74e-02
  ==> Time-Grad. (s)              78.561
  ==> Time-Energy (s)             11.639
  ==> Time-Iter. (s)              90.200

--------------------------------------------------------------------------------
CEO-ADAPT-VQE iteration: 144
--------------------------------------------------------------------------------
    gate        derivative      name       op1       op2       op3        g_unscaled   penalty
    1110        0.00311983      a_ia      1110                            0.00623965         2
   78958        0.00047193        op     30202     30203                  0.02690004        57
   78959        0.00047193        om     30202     30203                  0.02690004        57
   79022        0.00046216        op     30266     30267                  0.03743513        81
   30266        0.00046216    a_iajb     30266                            0.03743511        81
   79023        0.00046216        om     30266     30267                  0.03743509        81
   79112        0.00039329        op     30356     30357                  0.03264308        83
   79113        0.00039329        om     30356     30357                  0.03264308        83
   30202        0.00036849    a_iajb     30202                            0.02690004        73
   30356        0.00032973    a_iajb     30356                            0.03264308        99

  ==> Add operator: a_ia 1110
  ==> Current qubit order: 0  1  2  3  4  5  8  9  14  6  7  11  17  12  19  10  64  65  15  16  21  26  20  18  13  27  30  31  36  32  33  37  22  23  54  55  28  29  44  38  50  51  40  41  52  39  42  43  53  24  62  25  63  59  58  49  48  45  56  46  47  60  57  61  35  34  66  67  68  69  70  71  72  73  74  75  76  77  78  79  80  81  82  83  84  85  86  87  88  89  90  91  92  93  94  95  96  97  98  99  100  101  102  103  


  ==> Energy                -307.441281141
  ==> dE                       -1.08e-05
  ==> Gradient Norm             1.68e+00
  ==> Abs. Max. Deriv.          5.74e-02
  ==> Time-Grad. (s)              77.920
  ==> Time-Energy (s)             12.870
  ==> Time-Iter. (s)              90.789

--------------------------------------------------------------------------------
CEO-ADAPT-VQE iteration: 145
--------------------------------------------------------------------------------
    gate        derivative      name       op1       op2       op3        g_unscaled   penalty
   78958        0.00047191        op     30202     30203                  0.02689908        57
   78959        0.00047191        om     30202     30203                  0.02689908        57
   79022        0.00046205        op     30266     30267                  0.03742627        81
   30266        0.00046205    a_iajb     30266                            0.03742625        81
   79023        0.00046205        om     30266     30267                  0.03742623        81
   79112        0.00039318        op     30356     30357                  0.03263358        83
   79113        0.00039318        om     30356     30357                  0.03263358        83
   30202        0.00036848    a_iajb     30202                            0.02689908        73
   30356        0.00032963    a_iajb     30356                            0.03263358        99
   81564        0.00030285        op     32181     32182                  0.02392548        79

  ==> Add operator: op -1: 30202 30203
  ==> Current qubit order: 0  1  2  3  4  5  8  9  14  6  7  11  17  12  19  10  64  65  15  16  21  26  20  18  13  27  30  31  36  32  33  37  22  23  54  55  28  29  44  38  50  51  40  41  52  39  42  43  53  62  63  59  58  24  25  56  57  49  48  45  46  47  60  61  35  34  66  67  68  69  70  71  72  73  74  75  76  77  78  79  80  81  82  83  84  85  86  87  88  89  90  91  92  93  94  95  96  97  98  99  100  101  102  103  


  ==> Energy                -307.441385917
  ==> dE                       -1.05e-04
  ==> Gradient Norm             1.68e+00
  ==> Abs. Max. Deriv.          5.74e-02
  ==> Time-Grad. (s)              77.873
  ==> Time-Energy (s)             12.553
  ==> Time-Iter. (s)              90.426

--------------------------------------------------------------------------------
CEO-ADAPT-VQE iteration: 146
--------------------------------------------------------------------------------
    gate        derivative      name       op1       op2       op3        g_unscaled   penalty
   79022        0.00053823        op     30266     30267                  0.03713763        69
   30266        0.00053823    a_iajb     30266                            0.03713761        69
   79023        0.00053823        om     30266     30267                  0.03713759        69
   79112        0.00047144        op     30356     30357                  0.03252911        69
   79113        0.00047144        om     30356     30357                  0.03252911        69
   30356        0.00038270    a_iajb     30356                            0.03252911        85
   79178        0.00031412        op     30422     30423                  0.03423906       109
   79179        0.00031412        om     30422     30423                  0.03423906       109
   84228        0.00027528        op     34218     34219                  0.03826416       139
   34218        0.00027528    a_iajb     34218                            0.03826416       139

  ==> Add operator: op -1: 30266 30267
  ==> Current qubit order: 0  1  2  3  4  5  8  9  14  6  7  11  17  12  19  10  64  65  15  16  21  26  20  18  13  27  30  31  36  32  33  37  22  23  54  55  28  29  44  38  50  51  40  41  52  39  42  43  53  62  63  59  58  56  57  49  24  25  60  61  48  45  46  47  35  34  66  67  68  69  70  71  72  73  74  75  76  77  78  79  80  81  82  83  84  85  86  87  88  89  90  91  92  93  94  95  96  97  98  99  100  101  102  103  


  ==> Energy                -307.441582076
  ==> dE                       -1.96e-04
  ==> Gradient Norm             1.68e+00
  ==> Abs. Max. Deriv.          5.74e-02
  ==> Time-Grad. (s)              74.105
  ==> Time-Energy (s)             11.192
  ==> Time-Iter. (s)              85.297

--------------------------------------------------------------------------------
CEO-ADAPT-VQE iteration: 147
--------------------------------------------------------------------------------
    gate        derivative      name       op1       op2       op3        g_unscaled   penalty
    1109        0.00105487      a_ia      1109                            0.00421948         4
    1148        0.00102768      a_ia      1148                            0.00411074         4
   79112        0.00055511        op     30356     30357                  0.03164142        57
   79113        0.00055511        om     30356     30357                  0.03164142        57
   30356        0.00043344    a_iajb     30356                            0.03164142        73
   79178        0.00034873        op     30422     30423                  0.03382633        97
   79179        0.00034873        om     30422     30423                  0.03382633        97
    2100       -0.00032813      a_ia      2100                           -0.00065627         2
   30422        0.00029935    a_iajb     30422                            0.03382633       113
   78990       -0.00028891        op     30234     30235                 -0.01473450        51

  ==> Add operator: a_ia 1109
  ==> Current qubit order: 0  1  2  3  4  5  8  9  14  6  7  11  17  12  19  10  64  65  15  16  21  26  20  18  13  27  30  31  36  32  33  37  22  23  54  55  28  29  44  38  50  51  40  41  52  39  42  43  53  62  63  59  58  56  57  49  25  24  60  61  48  45  46  47  35  34  66  67  68  69  70  71  72  73  74  75  76  77  78  79  80  81  82  83  84  85  86  87  88  89  90  91  92  93  94  95  96  97  98  99  100  101  102  103  


  ==> Energy                -307.441587274
  ==> dE                       -5.20e-06
  ==> Gradient Norm             1.68e+00
  ==> Abs. Max. Deriv.          5.68e-02
  ==> Time-Grad. (s)              71.434
  ==> Time-Energy (s)             14.215
  ==> Time-Iter. (s)              85.649

--------------------------------------------------------------------------------
CEO-ADAPT-VQE iteration: 148
--------------------------------------------------------------------------------
    gate        derivative      name       op1       op2       op3        g_unscaled   penalty
    1148        0.00065473      a_ia      1148                            0.00392838         6
   79112        0.00055567        op     30356     30357                  0.03167296        57
   79113        0.00055567        om     30356     30357                  0.03167296        57
   30356        0.00043388    a_iajb     30356                            0.03167296        73
   79178        0.00034913        op     30422     30423                  0.03386607        97
   79179        0.00034913        om     30422     30423                  0.03386607        97
   78990       -0.00034231        op     30234     30235                 -0.01471951        43
   30234       -0.00034231    a_iajb     30234                           -0.01471935        43
   78991       -0.00034231        om     30234     30235                 -0.01471919        43
    2100       -0.00032811      a_ia      2100                           -0.00065623         2

  ==> Add operator: a_ia 1148
  ==> Current qubit order: 0  1  2  3  4  5  8  9  14  6  7  11  17  12  19  10  64  65  15  16  21  26  20  18  13  27  30  31  36  32  33  37  22  23  54  55  28  29  44  38  50  51  40  41  52  39  42  43  53  62  63  59  58  56  57  49  24  60  25  61  48  45  46  47  35  34  66  67  68  69  70  71  72  73  74  75  76  77  78  79  80  81  82  83  84  85  86  87  88  89  90  91  92  93  94  95  96  97  98  99  100  101  102  103  


  ==> Energy                -307.441591786
  ==> dE                       -4.51e-06
  ==> Gradient Norm             1.68e+00
  ==> Abs. Max. Deriv.          5.69e-02
  ==> Time-Grad. (s)              71.725
  ==> Time-Energy (s)             12.944
  ==> Time-Iter. (s)              84.669

--------------------------------------------------------------------------------
CEO-ADAPT-VQE iteration: 149
--------------------------------------------------------------------------------
    gate        derivative      name       op1       op2       op3        g_unscaled   penalty
   79112        0.00057642        op     30356     30357                  0.03170286        55
   79113        0.00057642        om     30356     30357                  0.03170286        55
   30356        0.00044652    a_iajb     30356                            0.03170286        71
   79178        0.00035688        op     30422     30423                  0.03390336        95
   79179        0.00035688        om     30422     30423                  0.03390336        95
    2100       -0.00032811      a_ia      2100                           -0.00065623         2
   30422        0.00030544    a_iajb     30422                            0.03390336       111
   79126        0.00029026        op     30370     30371                  0.01828645        63
   79127        0.00029026        om     30370     30371                  0.01828645        63
   84228        0.00027532        op     34218     34219                  0.03827011       139

  ==> Add operator: op -1: 30356 30357
  ==> Current qubit order: 0  1  2  3  4  5  8  9  14  6  7  11  17  12  19  10  64  65  15  16  21  26  20  18  13  27  30  31  36  32  33  37  22  23  54  55  28  29  44  38  50  51  40  41  52  39  42  43  53  62  63  59  58  56  57  49  60  61  48  45  46  24  25  66  67  47  35  34  68  69  70  71  72  73  74  75  76  77  78  79  80  81  82  83  84  85  86  87  88  89  90  91  92  93  94  95  96  97  98  99  100  101  102  103  


  ==> Energy                -307.441707188
  ==> dE                       -1.15e-04
  ==> Gradient Norm             1.68e+00
  ==> Abs. Max. Deriv.          5.69e-02
  ==> Time-Grad. (s)              72.027
  ==> Time-Energy (s)             11.682
  ==> Time-Iter. (s)              83.709

--------------------------------------------------------------------------------
CEO-ADAPT-VQE iteration: 150
--------------------------------------------------------------------------------
    gate        derivative      name       op1       op2       op3        g_unscaled   penalty
    1112       -0.00053825      a_ia      1112                           -0.00215298         4
    1151       -0.00050615      a_ia      1151                           -0.00202460         4
   79178        0.00043664        op     30422     30423                  0.03362129        77
   79179        0.00043664        om     30422     30423                  0.03362129        77
   79126        0.00039756        op     30370     30371                  0.01789039        45
   79127        0.00039756        om     30370     30371                  0.01789039        45
   79140        0.00036464        op     30384     30385                  0.01932569        53
   79141        0.00036464        om     30384     30385                  0.01932569        53
    1102       -0.00036224      a_ia      1102                           -0.00072448         2
   30422        0.00036152    a_iajb     30422                            0.03362129        93

  ==> Add operator: a_ia 1112
  ==> Current qubit order: 0  1  2  3  4  5  8  9  14  6  7  11  17  12  19  10  64  65  15  16  21  26  20  18  13  27  30  31  36  32  33  37  22  23  54  55  28  29  44  38  50  51  40  41  52  39  42  43  53  62  63  59  58  56  57  49  60  61  48  45  46  25  24  66  67  47  35  34  68  69  70  71  72  73  74  75  76  77  78  79  80  81  82  83  84  85  86  87  88  89  90  91  92  93  94  95  96  97  98  99  100  101  102  103  


  ==> Energy                -307.441708291
  ==> dE                       -1.10e-06
  ==> Gradient Norm             1.68e+00
  ==> Abs. Max. Deriv.          5.69e-02
  ==> Time-Grad. (s)              69.555
  ==> Time-Energy (s)             13.398
  ==> Time-Iter. (s)              82.954

--------------------------------------------------------------------------------
CEO-ADAPT-VQE iteration: 151
--------------------------------------------------------------------------------
    gate        derivative      name       op1       op2       op3        g_unscaled   penalty
   79178        0.00043689        op     30422     30423                  0.03364028        77
   79179        0.00043689        om     30422     30423                  0.03364028        77
   79126        0.00039782        op     30370     30371                  0.01790191        45
   79127        0.00039782        om     30370     30371                  0.01790191        45
   79140        0.00036465        op     30384     30385                  0.01932633        53
   79141        0.00036465        om     30384     30385                  0.01932633        53
   30422        0.00036172    a_iajb     30422                            0.03364028        93
    2100       -0.00032806      a_ia      2100                           -0.00065612         2
    1151       -0.00032648      a_ia      1151                           -0.00195889         6
   93214        0.00032299        op     40996     40997                  0.00807468        25

  ==> Add operator: op -1: 30422 30423
  ==> Current qubit order: 0  1  2  3  4  5  8  9  14  6  7  11  17  12  19  10  64  65  15  16  21  26  20  18  13  27  30  31  36  32  33  37  22  23  54  55  28  29  44  38  50  51  40  41  52  39  42  43  53  62  63  59  58  56  57  49  60  61  48  45  46  66  67  47  35  34  68  25  24  76  77  69  70  71  72  73  74  75  78  79  80  81  82  83  84  85  86  87  88  89  90  91  92  93  94  95  96  97  98  99  100  101  102  103  


  ==> Energy                -307.441818654
  ==> dE                       -1.10e-04
  ==> Gradient Norm             1.68e+00
  ==> Abs. Max. Deriv.          5.69e-02
  ==> Time-Grad. (s)              69.895
  ==> Time-Energy (s)             10.207
  ==> Time-Iter. (s)              80.102

--------------------------------------------------------------------------------
CEO-ADAPT-VQE iteration: 152
--------------------------------------------------------------------------------
    gate        derivative      name       op1       op2       op3        g_unscaled   penalty
    1117        0.00248362      a_ia      1117                            0.00496723         2
    1156        0.00085414      a_ia      1156                            0.00512482         6
   79126        0.00059795        op     30370     30371                  0.01734041        29
   79127        0.00059795        om     30370     30371                  0.01734041        29
    1114       -0.00056894      a_ia      1114                           -0.00455153         8
   79140        0.00051799        op     30384     30385                  0.01916557        37
   79141        0.00051799        om     30384     30385                  0.01916557        37
    1153       -0.00038909      a_ia      1153                           -0.00466908        12
   30370        0.00038534    a_iajb     30370                            0.01734041        45
   30384        0.00036161    a_iajb     30384                            0.01916557        53

  ==> Add operator: a_ia 1117
  ==> Current qubit order: 0  1  2  3  4  5  8  9  14  6  7  11  17  12  19  10  64  65  15  16  21  26  20  18  13  27  30  31  36  32  33  37  22  23  54  55  28  29  44  38  50  51  40  41  52  39  42  43  53  62  63  59  58  56  57  49  60  61  48  45  46  66  67  47  35  34  68  25  24  76  77  69  70  71  72  73  74  75  78  79  80  81  82  83  84  85  86  87  88  89  90  91  92  93  94  95  96  97  98  99  100  101  102  103  


  ==> Energy                -307.441823576
  ==> dE                       -4.92e-06
  ==> Gradient Norm             1.68e+00
  ==> Abs. Max. Deriv.          5.69e-02
  ==> Time-Grad. (s)              68.168
  ==> Time-Energy (s)             11.844
  ==> Time-Iter. (s)              80.012

--------------------------------------------------------------------------------
CEO-ADAPT-VQE iteration: 153
--------------------------------------------------------------------------------
    gate        derivative      name       op1       op2       op3        g_unscaled   penalty
    1156        0.00083171      a_ia      1156                            0.00499027         6
   79126        0.00059857        op     30370     30371                  0.01735847        29
   79127        0.00059857        om     30370     30371                  0.01735847        29
    1114       -0.00056766      a_ia      1114                           -0.00454129         8
   79140        0.00051829        op     30384     30385                  0.01917685        37
   79141        0.00051829        om     30384     30385                  0.01917685        37
   30370        0.00038574    a_iajb     30370                            0.01735847        45
    1153       -0.00038561      a_ia      1153                           -0.00462736        12
   30384        0.00036183    a_iajb     30384                            0.01917685        53
    2100       -0.00032798      a_ia      2100                           -0.00065596         2

  ==> Add operator: a_ia 1156
  ==> Current qubit order: 0  1  2  3  4  5  8  9  14  6  7  11  17  12  19  10  64  65  15  16  21  26  20  18  13  27  30  31  36  32  33  37  22  23  54  55  28  29  44  38  50  51  40  41  52  39  42  43  53  62  63  59  58  56  57  49  60  61  48  45  46  66  67  47  35  34  68  24  76  25  77  69  70  71  72  73  74  75  78  79  80  81  82  83  84  85  86  87  88  89  90  91  92  93  94  95  96  97  98  99  100  101  102  103  


  ==> Energy                -307.441828549
  ==> dE                       -4.97e-06
  ==> Gradient Norm             1.68e+00
  ==> Abs. Max. Deriv.          5.69e-02
  ==> Time-Grad. (s)              69.051
  ==> Time-Energy (s)             14.060
  ==> Time-Iter. (s)              83.111

--------------------------------------------------------------------------------
CEO-ADAPT-VQE iteration: 154
--------------------------------------------------------------------------------
    gate        derivative      name       op1       op2       op3        g_unscaled   penalty
    1153       -0.00057715      a_ia      1153                           -0.00461716         8
   79140        0.00054824        op     30384     30385                  0.01918829        35
   79141        0.00054824        om     30384     30385                  0.01918829        35
    1114       -0.00044994      a_ia      1114                           -0.00449935        10
   79126        0.00044557        op     30370     30371                  0.01737707        39
   79127        0.00044557        om     30370     30371                  0.01737707        39
   30384        0.00037624    a_iajb     30384                            0.01918829        51
    1113        0.00036469      a_ia      1113                            0.00072938         2
    2100       -0.00032797      a_ia      2100                           -0.00065595         2
   30370        0.00031595    a_iajb     30370                            0.01737707        55

  ==> Add operator: a_ia 1153
  ==> Current qubit order: 0  1  2  3  4  5  8  9  14  6  7  11  17  12  19  10  64  65  15  16  21  26  20  18  13  27  30  31  36  32  33  37  22  23  54  55  28  29  44  38  50  51  40  41  52  39  42  43  53  62  63  59  58  56  57  49  60  61  48  45  46  66  67  47  35  34  68  24  76  77  69  70  25  71  72  73  74  75  78  79  80  81  82  83  84  85  86  87  88  89  90  91  92  93  94  95  96  97  98  99  100  101  102  103  


  ==> Energy                -307.441833205
  ==> dE                       -4.66e-06
  ==> Gradient Norm             1.68e+00
  ==> Abs. Max. Deriv.          5.69e-02
  ==> Time-Grad. (s)              69.150
  ==> Time-Energy (s)             11.573
  ==> Time-Iter. (s)              80.723

--------------------------------------------------------------------------------
CEO-ADAPT-VQE iteration: 155
--------------------------------------------------------------------------------
    gate        derivative      name       op1       op2       op3        g_unscaled   penalty
    1154        0.00056064      a_ia      1154                            0.00336385         6
    1114       -0.00055228      a_ia      1114                           -0.00441824         8
    1155       -0.00042894      a_ia      1155                           -0.00428940        10
   79140        0.00040839        op     30384     30385                  0.01919422        47
   30384        0.00040819    a_iajb     30384                            0.01918498        47
   79141        0.00040799        om     30384     30385                  0.01917574        47
    1113        0.00034876      a_ia      1113                            0.00069751         2
   79164        0.00034550        op     30408     30409                  0.01554751        45
   79165        0.00034550        om     30408     30409                  0.01554751        45
   79126        0.00034038        op     30370     30371                  0.01735936        51

  ==> Add operator: a_ia 1154
  ==> Current qubit order: 0  1  2  3  4  5  8  9  14  6  7  11  17  12  19  10  64  65  15  16  21  26  20  18  13  27  30  31  36  32  33  37  22  23  54  55  28  29  44  38  50  51  40  41  52  39  42  43  53  62  63  59  58  56  57  49  60  61  48  45  46  66  67  47  35  34  68  24  76  77  69  70  71  72  25  73  74  75  78  79  80  81  82  83  84  85  86  87  88  89  90  91  92  93  94  95  96  97  98  99  100  101  102  103  


  ==> Energy                -307.441835578
  ==> dE                       -2.37e-06
  ==> Gradient Norm             1.68e+00
  ==> Abs. Max. Deriv.          5.69e-02
  ==> Time-Grad. (s)              69.415
  ==> Time-Energy (s)             13.138
  ==> Time-Iter. (s)              82.553

--------------------------------------------------------------------------------
CEO-ADAPT-VQE iteration: 156
--------------------------------------------------------------------------------
    gate        derivative      name       op1       op2       op3        g_unscaled   penalty
    1155       -0.00071457      a_ia      1155                           -0.00428740         6
    1114       -0.00055362      a_ia      1114                           -0.00442899         8
    1157       -0.00039491      a_ia      1157                           -0.00394913        10
   79164        0.00037940        op     30408     30409                  0.01555560        41
   79165        0.00037940        om     30408     30409                  0.01555560        41
    1113        0.00035508      a_ia      1113                            0.00071015         2
   79140        0.00033677        op     30384     30385                  0.01919590        57
   30384        0.00033661    a_iajb     30384                            0.01918665        57
   79141        0.00033645        om     30384     30385                  0.01917740        57
    2100       -0.00032795      a_ia      2100                           -0.00065590         2

  ==> Add operator: a_ia 1155
  ==> Current qubit order: 0  1  2  3  4  5  8  9  14  6  7  11  17  12  19  10  64  65  15  16  21  26  20  18  13  27  30  31  36  32  33  37  22  23  54  55  28  29  44  38  50  51  40  41  52  39  42  43  53  62  63  59  58  56  57  49  60  61  48  45  46  66  67  47  35  34  68  24  76  77  69  70  71  72  73  74  25  75  78  79  80  81  82  83  84  85  86  87  88  89  90  91  92  93  94  95  96  97  98  99  100  101  102  103  


  ==> Energy                -307.441841773
  ==> dE                       -6.19e-06
  ==> Gradient Norm             1.68e+00
  ==> Abs. Max. Deriv.          5.69e-02
  ==> Time-Grad. (s)              69.728
  ==> Time-Energy (s)             42.527
  ==> Time-Iter. (s)             112.255

--------------------------------------------------------------------------------
CEO-ADAPT-VQE iteration: 157
--------------------------------------------------------------------------------
    gate        derivative      name       op1       op2       op3        g_unscaled   penalty
    1157       -0.00065887      a_ia      1157                           -0.00395324         6
    1114       -0.00055514      a_ia      1114                           -0.00444110         8
    1113        0.00036187      a_ia      1113                            0.00072374         2
    2100       -0.00032776      a_ia      2100                           -0.00065551         2
   79140        0.00031547        op     30384     30385                  0.01924345        61
   30384        0.00031531    a_iajb     30384                            0.01923417        61
   79141        0.00031516        om     30384     30385                  0.01922488        61
    1482       -0.00030723      a_ia      1482                           -0.00184339         6
   79126        0.00029477        op     30370     30371                  0.01739121        59
   79127        0.00029477        om     30370     30371                  0.01739121        59

  ==> Add operator: a_ia 1157
  ==> Current qubit order: 0  1  2  3  4  5  8  9  14  6  7  11  17  12  19  10  64  65  15  16  21  26  20  18  13  27  30  31  36  32  33  37  22  23  54  55  28  29  44  38  50  51  40  41  52  39  42  43  53  62  63  59  58  56  57  49  60  61  48  45  46  66  67  47  35  34  68  24  76  77  69  70  71  72  73  74  75  78  25  79  80  81  82  83  84  85  86  87  88  89  90  91  92  93  94  95  96  97  98  99  100  101  102  103  


  ==> Energy                -307.441844732
  ==> dE                       -2.96e-06
  ==> Gradient Norm             1.68e+00
  ==> Abs. Max. Deriv.          5.70e-02
  ==> Time-Grad. (s)              70.253
  ==> Time-Energy (s)             12.666
  ==> Time-Iter. (s)              82.919

--------------------------------------------------------------------------------
CEO-ADAPT-VQE iteration: 158
--------------------------------------------------------------------------------
    gate        derivative      name       op1       op2       op3        g_unscaled   penalty
    1114       -0.00055585      a_ia      1114                           -0.00444678         8
    1113        0.00036702      a_ia      1113                            0.00073403         2
    1158        0.00034314      a_ia      1158                            0.00205886         6
    2100       -0.00032773      a_ia      2100                           -0.00065547         2
    1482       -0.00030752      a_ia      1482                           -0.00184515         6
   79140        0.00029619        op     30384     30385                  0.01925232        65
   30384        0.00029605    a_iajb     30384                            0.01924303        65
   79141        0.00029590        om     30384     30385                  0.01923373        65
   79226        0.00027701        op     30470     30471                  0.02243761        81
   79227        0.00027701        om     30470     30471                  0.02243761        81

  ==> Add operator: a_ia 1114
  ==> Current qubit order: 0  1  2  3  4  5  8  9  14  6  7  11  17  12  19  10  64  65  15  16  21  26  20  18  13  27  30  31  36  32  33  37  22  23  54  55  28  29  44  38  50  51  40  41  52  39  42  43  53  62  63  59  58  56  57  49  60  61  48  45  46  66  67  47  35  34  68  76  77  69  24  70  71  72  73  74  75  78  25  79  80  81  82  83  84  85  86  87  88  89  90  91  92  93  94  95  96  97  98  99  100  101  102  103  


  ==> Energy                -307.441849052
  ==> dE                       -4.32e-06
  ==> Gradient Norm             1.68e+00
  ==> Abs. Max. Deriv.          5.70e-02
  ==> Time-Grad. (s)              73.041
  ==> Time-Energy (s)             10.561
  ==> Time-Iter. (s)              83.602

--------------------------------------------------------------------------------
CEO-ADAPT-VQE iteration: 159
--------------------------------------------------------------------------------
    gate        derivative      name       op1       op2       op3        g_unscaled   penalty
    1115        0.00054731      a_ia      1115                            0.00328389         6
    1482       -0.00045781      a_ia      1482                           -0.00183126         4
    1116       -0.00041621      a_ia      1116                           -0.00416205        10
    1158        0.00034516      a_ia      1158                            0.00207094         6
   79126        0.00034068        op     30370     30371                  0.01737472        51
   79127        0.00034068        om     30370     30371                  0.01737472        51
    2100       -0.00032776      a_ia      2100                           -0.00065552         2
   79140        0.00030567        op     30384     30385                  0.01925749        63
   30384        0.00030567    a_iajb     30384                            0.01925742        63
   79141        0.00030567        om     30384     30385                  0.01925734        63

  ==> Add operator: a_ia 1115
  ==> Current qubit order: 0  1  2  3  4  5  8  9  14  6  7  11  17  12  19  10  64  65  15  16  21  26  20  18  13  27  30  31  36  32  33  37  22  23  54  55  28  29  44  38  50  51  40  41  52  39  42  43  53  62  63  59  58  56  57  49  60  61  48  45  46  66  67  47  35  34  68  76  77  69  70  71  24  72  73  74  75  78  25  79  80  81  82  83  84  85  86  87  88  89  90  91  92  93  94  95  96  97  98  99  100  101  102  103  


  ==> Energy                -307.441851313
  ==> dE                       -2.26e-06
  ==> Gradient Norm             1.68e+00
  ==> Abs. Max. Deriv.          5.70e-02
  ==> Time-Grad. (s)              72.902
  ==> Time-Energy (s)             12.805
  ==> Time-Iter. (s)              85.707

--------------------------------------------------------------------------------
CEO-ADAPT-VQE iteration: 160
--------------------------------------------------------------------------------
    gate        derivative      name       op1       op2       op3        g_unscaled   penalty
    1116       -0.00069335      a_ia      1116                           -0.00416011         6
    1482       -0.00045731      a_ia      1482                           -0.00182924         4
    1118       -0.00038297      a_ia      1118                           -0.00382971        10
   79126        0.00036967        op     30370     30371                  0.01737450        47
   79127        0.00036967        om     30370     30371                  0.01737450        47
    1158        0.00034319      a_ia      1158                            0.00205915         6
    2100       -0.00032774      a_ia      2100                           -0.00065548         2
   79140        0.00032643        op     30384     30385                  0.01925917        59
   30384        0.00032643    a_iajb     30384                            0.01925911        59
   79141        0.00032642        om     30384     30385                  0.01925906        59

  ==> Add operator: a_ia 1116
  ==> Current qubit order: 0  1  2  3  4  5  8  9  14  6  7  11  17  12  19  10  64  65  15  16  21  26  20  18  13  27  30  31  36  32  33  37  22  23  54  55  28  29  44  38  50  51  40  41  52  39  42  43  53  62  63  59  58  56  57  49  60  61  48  45  46  66  67  47  35  34  68  76  77  69  70  71  72  73  24  74  75  78  25  79  80  81  82  83  84  85  86  87  88  89  90  91  92  93  94  95  96  97  98  99  100  101  102  103  


  ==> Energy                -307.441854960
  ==> dE                       -3.65e-06
  ==> Gradient Norm             1.68e+00
  ==> Abs. Max. Deriv.          5.70e-02
  ==> Time-Grad. (s)              72.973
  ==> Time-Energy (s)             12.853
  ==> Time-Iter. (s)              85.826

--------------------------------------------------------------------------------
CEO-ADAPT-VQE iteration: 161
--------------------------------------------------------------------------------
    gate        derivative      name       op1       op2       op3        g_unscaled   penalty
    1118       -0.00063895      a_ia      1118                           -0.00383367         6
    1482       -0.00045678      a_ia      1482                           -0.00182711         4
   79140        0.00035021        op     30384     30385                  0.01926155        55
   30384        0.00035021    a_iajb     30384                            0.01926145        55
   79141        0.00035021        om     30384     30385                  0.01926136        55
   79126        0.00034024        op     30370     30371                  0.01735221        51
   79127        0.00034024        om     30370     30371                  0.01735221        51
    1158        0.00034002      a_ia      1158                            0.00204015         6
   79226        0.00033510        op     30470     30471                  0.02245192        67
   79227        0.00033510        om     30470     30471                  0.02245192        67

  ==> Add operator: a_ia 1118
  ==> Current qubit order: 0  1  2  3  4  5  8  9  14  6  7  11  17  12  19  10  64  65  15  16  21  26  20  18  13  27  30  31  36  32  33  37  22  23  54  55  28  29  44  38  50  51  40  41  52  39  42  43  53  62  63  59  58  56  57  49  60  61  48  45  46  66  67  47  35  34  68  76  77  69  70  71  72  73  74  75  24  78  25  79  80  81  82  83  84  85  86  87  88  89  90  91  92  93  94  95  96  97  98  99  100  101  102  103  


  ==> Energy                -307.441857744
  ==> dE                       -2.78e-06
  ==> Gradient Norm             1.68e+00
  ==> Abs. Max. Deriv.          5.70e-02
  ==> Time-Grad. (s)              73.168
  ==> Time-Energy (s)             12.258
  ==> Time-Iter. (s)              85.426

--------------------------------------------------------------------------------
CEO-ADAPT-VQE iteration: 162
--------------------------------------------------------------------------------
    gate        derivative      name       op1       op2       op3        g_unscaled   penalty
    1482       -0.00045858      a_ia      1482                           -0.00183431         4
   79164        0.00036460        op     30408     30409                  0.01567783        43
   30408        0.00036460    a_iajb     30408                            0.01567770        43
   79165        0.00036459        om     30408     30409                  0.01567758        43
   79226        0.00035642        op     30470     30471                  0.02245442        63
   79227        0.00035642        om     30470     30471                  0.02245442        63
    1158        0.00033850      a_ia      1158                            0.00203099         6
    2100       -0.00032774      a_ia      2100                           -0.00065548         2
   79140        0.00032661        op     30384     30385                  0.01927019        59
   30384        0.00032661    a_iajb     30384                            0.01927006        59

  ==> Add operator: a_ia 1482
  ==> Current qubit order: 0  1  2  3  4  5  8  9  14  6  7  11  17  12  19  10  64  65  15  16  21  26  20  18  13  27  30  31  36  32  33  37  22  23  54  55  28  29  44  38  50  51  40  41  52  39  42  43  53  62  63  59  58  56  57  49  60  61  48  45  46  66  67  47  35  68  34  76  77  69  70  71  72  73  74  75  24  78  25  79  80  81  82  83  84  85  86  87  88  89  90  91  92  93  94  95  96  97  98  99  100  101  102  103  


  ==> Energy                -307.441858437
  ==> dE                       -6.93e-07
  ==> Gradient Norm             1.68e+00
  ==> Abs. Max. Deriv.          5.70e-02
  ==> Time-Grad. (s)              71.437
  ==> Time-Energy (s)             12.672
  ==> Time-Iter. (s)              84.110

--------------------------------------------------------------------------------
CEO-ADAPT-VQE iteration: 163
--------------------------------------------------------------------------------
    gate        derivative      name       op1       op2       op3        g_unscaled   penalty
   79164        0.00036460        op     30408     30409                  0.01567781        43
   30408        0.00036460    a_iajb     30408                            0.01567768        43
   79165        0.00036459        om     30408     30409                  0.01567756        43
   79226        0.00035642        op     30470     30471                  0.02245444        63
   79227        0.00035642        om     30470     30471                  0.02245444        63
    1158        0.00033823      a_ia      1158                            0.00202939         6
    2100       -0.00032774      a_ia      2100                           -0.00065549         2
   79140        0.00032661        op     30384     30385                  0.01927020        59
   30384        0.00032661    a_iajb     30384                            0.01927007        59
   79141        0.00032661        om     30384     30385                  0.01926995        59

  ==> Add operator: op -1: 30408 30409
  ==> Current qubit order: 0  1  2  3  4  5  8  9  14  6  7  11  17  12  19  10  64  65  15  16  21  26  20  18  13  27  30  31  36  32  33  37  22  23  54  55  28  29  44  38  50  51  40  41  52  39  42  43  53  62  63  59  58  56  57  49  60  61  48  45  46  66  67  47  35  68  34  76  77  69  70  71  72  73  74  75  24  25  78  79  80  81  82  83  84  85  86  87  88  89  90  91  92  93  94  95  96  97  98  99  100  101  102  103  


  ==> Energy                -307.441883301
  ==> dE                       -2.49e-05
  ==> Gradient Norm             1.68e+00
  ==> Abs. Max. Deriv.          5.70e-02
  ==> Time-Grad. (s)              71.751
  ==> Time-Energy (s)             14.760
  ==> Time-Iter. (s)              86.512

--------------------------------------------------------------------------------
CEO-ADAPT-VQE iteration: 164
--------------------------------------------------------------------------------
    gate        derivative      name       op1       op2       op3        g_unscaled   penalty
   79226        0.00034429        op     30470     30471                  0.02237897        65
   79227        0.00034429        om     30470     30471                  0.02237897        65
   79140        0.00033621        op     30384     30385                  0.01916415        57
   30384        0.00033621    a_iajb     30384                            0.01916403        57
   79141        0.00033621        om     30384     30385                  0.01916390        57
    2100       -0.00032771      a_ia      2100                           -0.00065542         2
   79204        0.00032145        op     30448     30449                  0.01317958        41
   30448        0.00032145    a_iajb     30448                            0.01317947        41
   79205        0.00032145        om     30448     30449                  0.01317937        41
   79126        0.00031188        op     30370     30371                  0.01715321        55

  ==> Add operator: op -1: 30470 30471
  ==> Current qubit order: 0  1  2  3  4  5  8  9  14  6  7  11  17  12  19  10  64  65  15  16  21  26  20  18  13  27  30  31  36  32  33  37  22  23  54  55  28  29  44  38  50  51  40  41  52  39  42  43  53  62  63  59  58  56  57  49  60  61  48  45  46  66  67  47  35  68  34  76  77  69  70  71  72  73  74  75  78  79  80  81  24  25  88  89  82  83  84  85  86  87  90  91  92  93  94  95  96  97  98  99  100  101  102  103  


  ==> Energy                -307.441922777
  ==> dE                       -3.95e-05
  ==> Gradient Norm             1.68e+00
  ==> Abs. Max. Deriv.          5.70e-02
  ==> Time-Grad. (s)              71.081
  ==> Time-Energy (s)             12.052
  ==> Time-Iter. (s)              83.133

--------------------------------------------------------------------------------
CEO-ADAPT-VQE iteration: 165
--------------------------------------------------------------------------------
    gate        derivative      name       op1       op2       op3        g_unscaled   penalty
    1119        0.00052019      a_ia      1119                            0.00208075         4
    1158        0.00050284      a_ia      1158                            0.00201136         4
    1123       -0.00045810      a_ia      1123                           -0.00183238         4
    1162       -0.00042485      a_ia      1162                           -0.00169940         4
   79218        0.00036272        op     30462     30463                  0.01487133        41
   79219        0.00036272        om     30462     30463                  0.01487133        41
   79206        0.00033647        op     30450     30451                  0.00841185        25
   79207        0.00033647        om     30450     30451                  0.00841185        25
    2100       -0.00032763      a_ia      2100                           -0.00065527         2
   79212        0.00032555        op     30456     30457                  0.01074312        33

  ==> Add operator: a_ia 1119
  ==> Current qubit order: 0  1  2  3  4  5  8  9  14  6  7  11  17  12  19  10  64  65  15  16  21  26  20  18  13  27  30  31  36  32  33  37  22  23  54  55  28  29  44  38  50  51  40  41  52  39  42  43  53  62  63  59  58  56  57  49  60  61  48  45  46  66  67  47  35  68  34  76  77  69  70  71  72  73  74  75  78  79  81  80  24  25  88  89  82  83  84  85  86  87  90  91  92  93  94  95  96  97  98  99  100  101  102  103  


  ==> Energy                -307.441923568
  ==> dE                       -7.91e-07
  ==> Gradient Norm             1.68e+00
  ==> Abs. Max. Deriv.          5.70e-02
  ==> Time-Grad. (s)              69.582
  ==> Time-Energy (s)             12.430
  ==> Time-Iter. (s)              82.011

--------------------------------------------------------------------------------
CEO-ADAPT-VQE iteration: 166
--------------------------------------------------------------------------------
    gate        derivative      name       op1       op2       op3        g_unscaled   penalty
    1123       -0.00045810      a_ia      1123                           -0.00183241         4
    1162       -0.00042408      a_ia      1162                           -0.00169631         4
   79218        0.00036290        op     30462     30463                  0.01487880        41
   79219        0.00036290        om     30462     30463                  0.01487880        41
    1158        0.00033292      a_ia      1158                            0.00199755         6
    2100       -0.00032765      a_ia      2100                           -0.00065530         2
   79212        0.00032532        op     30456     30457                  0.01073549        33
   79213        0.00032532        om     30456     30457                  0.01073549        33
   84228        0.00027554        op     34218     34219                  0.03830019       139
   34218        0.00027554    a_iajb     34218                            0.03830019       139

  ==> Add operator: a_ia 1123
  ==> Current qubit order: 0  1  2  3  4  5  8  9  14  6  7  11  17  12  19  10  64  65  15  16  21  26  20  18  13  27  30  31  36  32  33  37  22  23  54  55  28  29  44  38  50  51  40  41  52  39  42  43  53  62  63  59  58  56  57  49  60  61  48  45  46  66  67  47  35  68  34  76  77  69  70  71  72  73  74  75  78  79  81  80  25  24  88  89  82  83  84  85  86  87  90  91  92  93  94  95  96  97  98  99  100  101  102  103  


  ==> Energy                -307.441924108
  ==> dE                       -5.40e-07
  ==> Gradient Norm             1.68e+00
  ==> Abs. Max. Deriv.          5.70e-02
  ==> Time-Grad. (s)              69.838
  ==> Time-Energy (s)             12.524
  ==> Time-Iter. (s)              82.363

--------------------------------------------------------------------------------
CEO-ADAPT-VQE iteration: 167
--------------------------------------------------------------------------------
    gate        derivative      name       op1       op2       op3        g_unscaled   penalty
    1158        0.00049879      a_ia      1158                            0.00199516         4
   79218        0.00036299        op     30462     30463                  0.01488272        41
   79219        0.00036299        om     30462     30463                  0.01488272        41
    2100       -0.00032767      a_ia      2100                           -0.00065534         2
   79212        0.00032540        op     30456     30457                  0.01073815        33
   79213        0.00032540        om     30456     30457                  0.01073815        33
    1162       -0.00027823      a_ia      1162                           -0.00166941         6
   84228        0.00027554        op     34218     34219                  0.03830025       139
   34218        0.00027554    a_iajb     34218                            0.03830025       139
   84229        0.00027554        om     34218     34219                  0.03830025       139

  ==> Add operator: a_ia 1158
  ==> Current qubit order: 0  1  2  3  4  5  8  9  14  6  7  11  17  12  19  10  64  65  15  16  21  26  20  18  13  27  30  31  36  32  33  37  22  23  54  55  28  29  44  38  50  51  40  41  52  39  42  43  53  62  63  59  58  56  57  49  60  61  48  45  46  66  67  47  35  68  34  76  77  69  70  71  72  73  74  75  78  79  80  81  25  24  88  89  82  83  84  85  86  87  90  91  92  93  94  95  96  97  98  99  100  101  102  103  


  ==> Energy                -307.441924836
  ==> dE                       -7.28e-07
  ==> Gradient Norm             1.68e+00
  ==> Abs. Max. Deriv.          5.70e-02
  ==> Time-Grad. (s)              69.950
  ==> Time-Energy (s)             12.185
  ==> Time-Iter. (s)              82.134

--------------------------------------------------------------------------------
CEO-ADAPT-VQE iteration: 168
--------------------------------------------------------------------------------
    gate        derivative      name       op1       op2       op3        g_unscaled   penalty
   79218        0.00036317        op     30462     30463                  0.01488993        41
   79219        0.00036317        om     30462     30463                  0.01488993        41
    2100       -0.00032767      a_ia      2100                           -0.00065534         2
   79212        0.00032518        op     30456     30457                  0.01073084        33
   79213        0.00032518        om     30456     30457                  0.01073084        33
    1162       -0.00027822      a_ia      1162                           -0.00166933         6
   84228        0.00027554        op     34218     34219                  0.03830023       139
   34218        0.00027554    a_iajb     34218                            0.03830023       139
   84229        0.00027554        om     34218     34219                  0.03830023       139
    1481        0.00027390      a_ia      1481                            0.00438234        16

  ==> Add operator: op -1: 30462 30463
  ==> Current qubit order: 0  1  2  3  4  5  8  9  14  6  7  11  17  12  19  10  64  65  15  16  21  26  20  18  13  27  30  31  36  32  33  37  22  23  54  55  28  29  44  38  50  51  40  41  52  39  42  43  53  62  63  59  58  56  57  49  60  61  48  45  46  66  67  47  35  68  34  76  77  69  70  71  72  73  74  75  78  79  80  81  88  89  82  25  24  84  85  83  86  87  90  91  92  93  94  95  96  97  98  99  100  101  102  103  


  ==> Energy                -307.441942832
  ==> dE                       -1.80e-05
  ==> Gradient Norm             1.68e+00
  ==> Abs. Max. Deriv.          5.70e-02
  ==> Time-Grad. (s)              70.373
  ==> Time-Energy (s)             15.673
  ==> Time-Iter. (s)              86.045

--------------------------------------------------------------------------------
CEO-ADAPT-VQE iteration: 169
--------------------------------------------------------------------------------
    gate        derivative      name       op1       op2       op3        g_unscaled   penalty
    1121        0.00084983      a_ia      1121                            0.00169965         2
    1162       -0.00042138      a_ia      1162                           -0.00168551         4
    1120       -0.00038200      a_ia      1120                           -0.00152802         4
   79212        0.00036670        op     30456     30457                  0.01063429        29
   79213        0.00036670        om     30456     30457                  0.01063429        29
   79214       -0.00033521        op     30458     30459                 -0.00905054        27
   79215       -0.00033521        om     30458     30459                 -0.00905054        27
   79216       -0.00033516        op     30460     30461                 -0.00904939        27
   79217       -0.00033516        om     30460     30461                 -0.00904939        27
    2100       -0.00032760      a_ia      2100                           -0.00065521         2

  ==> Add operator: a_ia 1121
  ==> Current qubit order: 0  1  2  3  4  5  8  9  14  6  7  11  17  12  19  10  64  65  15  16  21  26  20  18  13  27  30  31  36  32  33  37  22  23  54  55  28  29  44  38  50  51  40  41  52  39  42  43  53  62  63  59  58  56  57  49  60  61  48  45  46  66  67  47  35  68  34  76  77  69  70  71  72  73  74  75  78  79  80  81  88  89  82  25  24  84  85  83  86  87  90  91  92  93  94  95  96  97  98  99  100  101  102  103  


  ==> Energy                -307.441943320
  ==> dE                       -4.88e-07
  ==> Gradient Norm             1.68e+00
  ==> Abs. Max. Deriv.          5.70e-02
  ==> Time-Grad. (s)              69.647
  ==> Time-Energy (s)             12.938
  ==> Time-Iter. (s)              82.584

--------------------------------------------------------------------------------
CEO-ADAPT-VQE iteration: 170
--------------------------------------------------------------------------------
    gate        derivative      name       op1       op2       op3        g_unscaled   penalty
    1162       -0.00042319      a_ia      1162                           -0.00169277         4
    1120       -0.00038396      a_ia      1120                           -0.00153586         4
   79212        0.00036683        op     30456     30457                  0.01063798        29
   79213        0.00036683        om     30456     30457                  0.01063798        29
    2100       -0.00032760      a_ia      2100                           -0.00065520         2
    1160        0.00028701      a_ia      1160                            0.00172208         6
   84228        0.00027554        op     34218     34219                  0.03830068       139
   34218        0.00027554    a_iajb     34218                            0.03830068       139
   84229        0.00027554        om     34218     34219                  0.03830068       139
    1481        0.00027433      a_ia      1481                            0.00438923        16

  ==> Add operator: a_ia 1162
  ==> Current qubit order: 0  1  2  3  4  5  8  9  14  6  7  11  17  12  19  10  64  65  15  16  21  26  20  18  13  27  30  31  36  32  33  37  22  23  54  55  28  29  44  38  50  51  40  41  52  39  42  43  53  62  63  59  58  56  57  49  60  61  48  45  46  66  67  47  35  68  34  76  77  69  70  71  72  73  74  75  78  79  80  81  88  82  89  25  24  84  85  83  86  87  90  91  92  93  94  95  96  97  98  99  100  101  102  103  


  ==> Energy                -307.441943782
  ==> dE                       -4.62e-07
  ==> Gradient Norm             1.68e+00
  ==> Abs. Max. Deriv.          5.70e-02
  ==> Time-Grad. (s)              69.960
  ==> Time-Energy (s)             13.933
  ==> Time-Iter. (s)              83.893

--------------------------------------------------------------------------------
CEO-ADAPT-VQE iteration: 171
--------------------------------------------------------------------------------
    gate        derivative      name       op1       op2       op3        g_unscaled   penalty
   79212        0.00034324        op     30456     30457                  0.01064045        31
   79213        0.00034324        om     30456     30457                  0.01064045        31
    2100       -0.00032761      a_ia      2100                           -0.00065522         2
    1160        0.00028702      a_ia      1160                            0.00172210         6
   84228        0.00027554        op     34218     34219                  0.03830074       139
   34218        0.00027554    a_iajb     34218                            0.03830074       139
   84229        0.00027554        om     34218     34219                  0.03830074       139
    1481        0.00027388      a_ia      1481                            0.00438208        16
   79238        0.00027133        op     30482     30483                  0.01438044        53
   79239        0.00027133        om     30482     30483                  0.01438044        53

  ==> Add operator: op -1: 30456 30457
  ==> Current qubit order: 0  1  2  3  4  5  8  9  14  6  7  11  17  12  19  10  64  65  15  16  21  26  20  18  13  27  30  31  36  32  33  37  22  23  54  55  28  29  44  38  50  51  40  41  52  39  42  43  53  62  63  59  58  56  57  49  60  61  48  45  46  66  67  47  35  68  34  76  77  69  70  71  72  73  74  75  78  79  80  81  88  89  82  25  24  83  84  85  86  87  90  91  92  93  94  95  96  97  98  99  100  101  102  103  


  ==> Energy                -307.441953395
  ==> dE                       -9.61e-06
  ==> Gradient Norm             1.68e+00
  ==> Abs. Max. Deriv.          5.70e-02
  ==> Time-Grad. (s)              69.921
  ==> Time-Energy (s)             11.720
  ==> Time-Iter. (s)              81.641

--------------------------------------------------------------------------------
CEO-ADAPT-VQE iteration: 172
--------------------------------------------------------------------------------
    gate        derivative      name       op1       op2       op3        g_unscaled   penalty
    1159       -0.00039248      a_ia      1159                           -0.00156990         4
    1120       -0.00037865      a_ia      1120                           -0.00151461         4
    2100       -0.00032763      a_ia      2100                           -0.00065526         2
   84228        0.00027555        op     34218     34219                  0.03830100       139
   34218        0.00027555    a_iajb     34218                            0.03830100       139
   84229        0.00027555        om     34218     34219                  0.03830100       139
    1481        0.00027389      a_ia      1481                            0.00438218        16
   79238        0.00027082        op     30482     30483                  0.01435361        53
   79239        0.00027082        om     30482     30483                  0.01435361        53
   79244        0.00026863        op     30488     30489                  0.02068476        77

  ==> Add operator: a_ia 1159
  ==> Current qubit order: 0  1  2  3  4  5  8  9  14  6  7  11  17  12  19  10  64  65  15  16  21  26  20  18  13  27  30  31  36  32  33  37  22  23  54  55  28  29  44  38  50  51  40  41  52  39  42  43  53  62  63  59  58  56  57  49  60  61  48  45  46  66  67  47  35  68  34  76  77  69  70  71  72  73  74  75  78  79  80  81  88  89  82  24  25  83  84  85  86  87  90  91  92  93  94  95  96  97  98  99  100  101  102  103  


  ==> Energy                -307.441953834
  ==> dE                       -4.39e-07
  ==> Gradient Norm             1.68e+00
  ==> Abs. Max. Deriv.          5.70e-02
  ==> Time-Grad. (s)              69.891
  ==> Time-Energy (s)             32.862
  ==> Time-Iter. (s)             102.753

--------------------------------------------------------------------------------
CEO-ADAPT-VQE iteration: 173
--------------------------------------------------------------------------------
    gate        derivative      name       op1       op2       op3        g_unscaled   penalty
    1120       -0.00075115      a_ia      1120                           -0.00150230         2
    2100       -0.00032764      a_ia      2100                           -0.00065527         2
    1160        0.00029023      a_ia      1160                            0.00174140         6
   84228        0.00027555        op     34218     34219                  0.03830098       139
   34218        0.00027555    a_iajb     34218                            0.03830098       139
   84229        0.00027555        om     34218     34219                  0.03830098       139
    1481        0.00027402      a_ia      1481                            0.00438431        16
   79238        0.00027085        op     30482     30483                  0.01435502        53
   79239        0.00027085        om     30482     30483                  0.01435502        53
   79244        0.00026864        op     30488     30489                  0.02068565        77

  ==> Add operator: a_ia 1120
  ==> Current qubit order: 0  1  2  3  4  5  8  9  14  6  7  11  17  12  19  10  64  65  15  16  21  26  20  18  13  27  30  31  36  32  33  37  22  23  54  55  28  29  44  38  50  51  40  41  52  39  42  43  53  62  63  59  58  56  57  49  60  61  48  45  46  66  67  47  35  68  34  76  77  69  70  71  72  73  74  75  78  79  80  81  88  89  82  24  25  83  84  85  86  87  90  91  92  93  94  95  96  97  98  99  100  101  102  103  


  ==> Energy                -307.441954235
  ==> dE                       -4.01e-07
  ==> Gradient Norm             1.68e+00
  ==> Abs. Max. Deriv.          5.70e-02
  ==> Time-Grad. (s)              70.648
  ==> Time-Energy (s)             13.124
  ==> Time-Iter. (s)              83.772

--------------------------------------------------------------------------------
CEO-ADAPT-VQE iteration: 174
--------------------------------------------------------------------------------
    gate        derivative      name       op1       op2       op3        g_unscaled   penalty
    2100       -0.00032762      a_ia      2100                           -0.00065524         2
    1160        0.00028859      a_ia      1160                            0.00173156         6
   84228        0.00027555        op     34218     34219                  0.03830097       139
   34218        0.00027555    a_iajb     34218                            0.03830097       139
   84229        0.00027555        om     34218     34219                  0.03830097       139
    1481        0.00027391      a_ia      1481                            0.00438252        16
   79238        0.00027088        op     30482     30483                  0.01435638        53
   79239        0.00027088        om     30482     30483                  0.01435638        53
   79244        0.00026866        op     30488     30489                  0.02068651        77
   79245        0.00026866        om     30488     30489                  0.02068651        77

  ==> Add operator: a_ia 2100
  ==> Current qubit order: 0  1  2  3  4  5  8  9  14  6  7  11  17  12  19  10  64  65  15  16  21  26  20  18  13  27  30  31  36  32  33  37  22  23  54  55  28  29  44  38  50  51  40  41  52  39  42  43  53  62  63  59  58  56  57  49  60  61  48  45  46  66  67  47  35  68  34  76  77  69  70  71  72  73  74  75  78  79  80  81  88  89  82  24  25  83  84  85  86  87  90  91  92  93  94  95  96  97  98  99  100  101  102  103  


  ==> Energy                -307.441981300
  ==> dE                       -2.71e-05
  ==> Gradient Norm             1.68e+00
  ==> Abs. Max. Deriv.          5.70e-02
  ==> Time-Grad. (s)              70.798
  ==> Time-Energy (s)             14.303
  ==> Time-Iter. (s)              85.101

--------------------------------------------------------------------------------
CEO-ADAPT-VQE iteration: 175
--------------------------------------------------------------------------------
    gate        derivative      name       op1       op2       op3        g_unscaled   penalty
    1160        0.00028806      a_ia      1160                            0.00172835         6
   84228        0.00027555        op     34218     34219                  0.03830096       139
   34218        0.00027555    a_iajb     34218                            0.03830096       139
   84229        0.00027555        om     34218     34219                  0.03830096       139
    1481        0.00027336      a_ia      1481                            0.00437377        16
   79238        0.00027086        op     30482     30483                  0.01435576        53
   79239        0.00027086        om     30482     30483                  0.01435576        53
   79244        0.00026866        op     30488     30489                  0.02068678        77
   79245        0.00026866        om     30488     30489                  0.02068678        77
   47620        0.00026843        op      4228      4229                  0.01744791        65

  ==> Add operator: a_ia 1160
  ==> Current qubit order: 0  1  2  3  4  5  8  9  14  6  7  11  17  12  19  10  64  65  15  16  21  26  20  18  13  27  30  31  36  32  33  37  22  23  54  55  28  29  44  38  50  51  40  41  52  39  42  43  53  62  63  59  58  56  57  49  60  61  48  45  46  66  67  47  35  68  34  76  77  69  70  71  72  73  74  75  78  79  80  81  88  89  82  24  83  84  25  85  86  87  90  91  92  93  94  95  96  97  98  99  100  101  102  103  


  ==> Energy                -307.441981805
  ==> dE                       -5.05e-07
  ==> Gradient Norm             1.68e+00
  ==> Abs. Max. Deriv.          5.70e-02
  ==> Time-Grad. (s)              72.478
  ==> Time-Energy (s)             13.835
  ==> Time-Iter. (s)              86.313

--------------------------------------------------------------------------------
CEO-ADAPT-VQE iteration: 176
--------------------------------------------------------------------------------
    gate        derivative      name       op1       op2       op3        g_unscaled   penalty
   79238        0.00029296        op     30482     30483                  0.01435506        49
   79239        0.00029296        om     30482     30483                  0.01435506        49
   79244        0.00028338        op     30488     30489                  0.02068703        73
   79245        0.00028338        om     30488     30489                  0.02068703        73
   84228        0.00027555        op     34218     34219                  0.03830096       139
   34218        0.00027555    a_iajb     34218                            0.03830096       139
   84229        0.00027555        om     34218     34219                  0.03830096       139
    1481        0.00027356      a_ia      1481                            0.00437698        16
   47620        0.00026843        op      4228      4229                  0.01744791        65
   47621        0.00026843        om      4228      4229                  0.01744791        65

  ==> Add operator: op -1: 30482 30483
  ==> Current qubit order: 0  1  2  3  4  5  8  9  14  6  7  11  17  12  19  10  64  65  15  16  21  26  20  18  13  27  30  31  36  32  33  37  22  23  54  55  28  29  44  38  50  51  40  41  52  39  42  43  53  62  63  59  58  56  57  49  60  61  48  45  46  66  67  47  35  68  34  76  77  69  70  71  72  73  74  75  78  79  80  81  88  89  82  83  84  85  24  25  92  93  86  87  90  91  94  95  96  97  98  99  100  101  102  103  


  ==> Energy                -307.441997021
  ==> dE                       -1.52e-05
  ==> Gradient Norm             1.68e+00
  ==> Abs. Max. Deriv.          5.70e-02
  ==> Time-Grad. (s)              73.069
  ==> Time-Energy (s)             11.949
  ==> Time-Iter. (s)              85.018

--------------------------------------------------------------------------------
CEO-ADAPT-VQE iteration: 177
--------------------------------------------------------------------------------
    gate        derivative      name       op1       op2       op3        g_unscaled   penalty
   79244        0.00031683        op     30488     30489                  0.02059379        65
   79245        0.00031683        om     30488     30489                  0.02059379        65
   84228        0.00027555        op     34218     34219                  0.03830140       139
   34218        0.00027555    a_iajb     34218                            0.03830140       139
   84229        0.00027555        om     34218     34219                  0.03830140       139
    1481        0.00027356      a_ia      1481                            0.00437699        16
   47620        0.00026843        op      4228      4229                  0.01744800        65
   47621        0.00026843        om      4228      4229                  0.01744800        65
    1877        0.00026770      a_ia      1877                            0.00053540         2
    1598       -0.00026185      a_ia      1598                           -0.00052370         2

  ==> Add operator: op -1: 30488 30489
  ==> Current qubit order: 0  1  2  3  4  5  8  9  14  6  7  11  17  12  19  10  64  65  15  16  21  26  20  18  13  27  30  31  36  32  33  37  22  23  54  55  28  29  44  38  50  51  40  41  52  39  42  43  53  62  63  59  58  56  57  49  60  61  48  45  46  66  67  47  35  68  34  76  77  69  70  71  72  73  74  75  78  79  80  81  88  89  82  83  84  85  92  93  86  87  24  25  98  99  90  91  94  95  96  97  100  101  102  103  


  ==> Energy                -307.442025338
  ==> dE                       -2.83e-05
  ==> Gradient Norm             1.68e+00
  ==> Abs. Max. Deriv.          5.70e-02
  ==> Time-Grad. (s)              72.248
  ==> Time-Energy (s)             11.686
  ==> Time-Iter. (s)              83.934

--------------------------------------------------------------------------------
CEO-ADAPT-VQE iteration: 178
--------------------------------------------------------------------------------
    gate        derivative      name       op1       op2       op3        g_unscaled   penalty
    1128        0.00102904      a_ia      1128                            0.00411617         4
    1167        0.00102902      a_ia      1167                            0.00411610         4
   79224        0.00032980        op     30468     30469                  0.00824510        25
   79225        0.00032980        om     30468     30469                  0.00824510        25
   79246        0.00030374        op     30490     30491                  0.01731344        57
   79247        0.00030374        om     30490     30491                  0.01731344        57
   84228        0.00027555        op     34218     34219                  0.03830188       139
   34218        0.00027555    a_iajb     34218                            0.03830188       139
   84229        0.00027555        om     34218     34219                  0.03830188       139
    1481        0.00027356      a_ia      1481                            0.00437691        16

  ==> Add operator: a_ia 1128
  ==> Current qubit order: 0  1  2  3  4  5  8  9  14  6  7  11  17  12  19  10  64  65  15  16  21  26  20  18  13  27  30  31  36  32  33  37  22  23  54  55  28  29  44  38  50  51  40  41  52  39  42  43  53  62  63  59  58  56  57  49  60  61  48  45  46  66  67  47  35  68  34  76  77  69  70  71  72  73  74  75  78  79  80  81  88  89  82  83  84  85  92  93  86  87  25  24  98  99  90  91  94  95  96  97  100  101  102  103  


  ==> Energy                -307.442027651
  ==> dE                       -2.31e-06
  ==> Gradient Norm             1.68e+00
  ==> Abs. Max. Deriv.          5.70e-02
  ==> Time-Grad. (s)              71.343
  ==> Time-Energy (s)             16.863
  ==> Time-Iter. (s)              88.206

--------------------------------------------------------------------------------
CEO-ADAPT-VQE iteration: 179
--------------------------------------------------------------------------------
    gate        derivative      name       op1       op2       op3        g_unscaled   penalty
    1167        0.00067815      a_ia      1167                            0.00406890         6
   79224        0.00032975        op     30468     30469                  0.00824375        25
   79225        0.00032975        om     30468     30469                  0.00824375        25
   79246        0.00030374        op     30490     30491                  0.01731327        57
   79247        0.00030374        om     30490     30491                  0.01731327        57
   84228        0.00027555        op     34218     34219                  0.03830180       139
   34218        0.00027555    a_iajb     34218                            0.03830180       139
   84229        0.00027555        om     34218     34219                  0.03830180       139
    1481        0.00027306      a_ia      1481                            0.00436894        16
   47620        0.00026843        op      4228      4229                  0.01744814        65

  ==> Add operator: a_ia 1167
  ==> Current qubit order: 0  1  2  3  4  5  8  9  14  6  7  11  17  12  19  10  64  65  15  16  21  26  20  18  13  27  30  31  36  32  33  37  22  23  54  55  28  29  44  38  50  51  40  41  52  39  42  43  53  62  63  59  58  56  57  49  60  61  48  45  46  66  67  47  35  68  34  76  77  69  70  71  72  73  74  75  78  79  80  81  88  89  82  83  84  85  92  93  86  87  24  98  25  99  90  91  94  95  96  97  100  101  102  103  


  ==> Energy                -307.442029915
  ==> dE                       -2.26e-06
  ==> Gradient Norm             1.68e+00
  ==> Abs. Max. Deriv.          5.70e-02
  ==> Time-Grad. (s)              72.401
  ==> Time-Energy (s)             13.051
  ==> Time-Iter. (s)              85.452

--------------------------------------------------------------------------------
CEO-ADAPT-VQE iteration: 180
--------------------------------------------------------------------------------
    gate        derivative      name       op1       op2       op3        g_unscaled   penalty
   79246        0.00031478        op     30490     30491                  0.01731313        55
   79247        0.00031478        om     30490     30491                  0.01731313        55
   79224        0.00030528        op     30468     30469                  0.00824244        27
   79225        0.00030528        om     30468     30469                  0.00824244        27
   84228        0.00027555        op     34218     34219                  0.03830173       139
   34218        0.00027555    a_iajb     34218                            0.03830173       139
   84229        0.00027555        om     34218     34219                  0.03830173       139
    1481        0.00027242      a_ia      1481                            0.00435866        16
   47620        0.00026843        op      4228      4229                  0.01744813        65
   47621        0.00026843        om      4228      4229                  0.01744813        65

  ==> Add operator: op -1: 30490 30491
  ==> Current qubit order: 0  1  2  3  4  5  8  9  14  6  7  11  17  12  19  10  64  65  15  16  21  26  20  18  13  27  30  31  36  32  33  37  22  23  54  55  28  29  44  38  50  51  40  41  52  39  42  43  53  62  63  59  58  56  57  49  60  61  48  45  46  66  67  47  35  68  34  76  77  69  70  71  72  73  74  75  78  79  80  81  88  89  82  83  84  85  92  93  86  87  98  99  90  91  94  24  25  100  101  95  96  97  102  103  


  ==> Energy                -307.442047826
  ==> dE                       -1.79e-05
  ==> Gradient Norm             1.68e+00
  ==> Abs. Max. Deriv.          5.70e-02
  ==> Time-Grad. (s)              73.699
  ==> Time-Energy (s)             12.137
  ==> Time-Iter. (s)              85.836

--------------------------------------------------------------------------------
CEO-ADAPT-VQE iteration: 181
--------------------------------------------------------------------------------
    gate        derivative      name       op1       op2       op3        g_unscaled   penalty
    1126        0.00054566      a_ia      1126                            0.00109131         2
   79248        0.00030929        op     30492     30493                  0.01391808        45
   79249        0.00030929        om     30492     30493                  0.01391808        45
   84228        0.00027556        op     34218     34219                  0.03830222       139
   34218        0.00027556    a_iajb     34218                            0.03830222       139
   84229        0.00027556        om     34218     34219                  0.03830222       139
   79240        0.00027458        op     30484     30485                  0.01015956        37
   79241        0.00027458        om     30484     30485                  0.01015956        37
    1481        0.00027242      a_ia      1481                            0.00435871        16
   47620        0.00026843        op      4228      4229                  0.01744820        65

  ==> Add operator: a_ia 1126
  ==> Current qubit order: 0  1  2  3  4  5  8  9  14  6  7  11  17  12  19  10  64  65  15  16  21  26  20  18  13  27  30  31  36  32  33  37  22  23  54  55  28  29  44  38  50  51  40  41  52  39  42  43  53  62  63  59  58  56  57  49  60  61  48  45  46  66  67  47  35  68  34  76  77  69  70  71  72  73  74  75  78  79  80  81  88  89  82  83  84  85  92  93  86  87  98  99  90  91  94  24  25  100  101  95  96  97  102  103  


  ==> Energy                -307.442047996
  ==> dE                       -1.70e-07
  ==> Gradient Norm             1.68e+00
  ==> Abs. Max. Deriv.          5.70e-02
  ==> Time-Grad. (s)              72.659
  ==> Time-Energy (s)             18.533
  ==> Time-Iter. (s)              91.192

--------------------------------------------------------------------------------
CEO-ADAPT-VQE iteration: 182
--------------------------------------------------------------------------------
    gate        derivative      name       op1       op2       op3        g_unscaled   penalty
   79248        0.00030933        op     30492     30493                  0.01391966        45
   79249        0.00030933        om     30492     30493                  0.01391966        45
   84228        0.00027556        op     34218     34219                  0.03830220       139
   34218        0.00027556    a_iajb     34218                            0.03830220       139
   84229        0.00027556        om     34218     34219                  0.03830220       139
    1481        0.00027244      a_ia      1481                            0.00435900        16
   47620        0.00026843        op      4228      4229                  0.01744819        65
   47621        0.00026843        om      4228      4229                  0.01744819        65
    1877        0.00026755      a_ia      1877                            0.00053510         2
   79236        0.00026583        op     30480     30481                  0.00770895        29

  ==> Add operator: op -1: 30492 30493
  ==> Current qubit order: 0  1  2  3  4  5  8  9  14  6  7  11  17  12  19  10  64  65  15  16  21  26  20  18  13  27  30  31  36  32  33  37  22  23  54  55  28  29  44  38  50  51  40  41  52  39  42  43  53  62  63  59  58  56  57  49  60  61  48  45  46  66  67  47  35  68  34  76  77  69  70  71  72  73  74  75  78  79  80  81  88  89  82  83  84  85  92  93  86  87  98  99  90  91  94  100  101  24  25  102  103  95  96  97  


  ==> Energy                -307.442059295
  ==> dE                       -1.13e-05
  ==> Gradient Norm             1.68e+00
  ==> Abs. Max. Deriv.          5.70e-02
  ==> Time-Grad. (s)              72.798
  ==> Time-Energy (s)             13.790
  ==> Time-Iter. (s)              86.588

--------------------------------------------------------------------------------
CEO-ADAPT-VQE iteration: 183
--------------------------------------------------------------------------------
    gate        derivative      name       op1       op2       op3        g_unscaled   penalty
   84228        0.00027556        op     34218     34219                  0.03830249       139
   34218        0.00027556    a_iajb     34218                            0.03830249       139
   84229        0.00027556        om     34218     34219                  0.03830248       139
    1481        0.00027244      a_ia      1481                            0.00435899        16
   47620        0.00026843        op      4228      4229                  0.01744826        65
   47621        0.00026843        om      4228      4229                  0.01744826        65
    1877        0.00026755      a_ia      1877                            0.00053509         2
    1598       -0.00026186      a_ia      1598                           -0.00052372         2
   62442        0.00026177        op     17298     17299                  0.01230328        47
   62443        0.00026177        om     17298     17299                  0.01230328        47

  ==> Add operator: op -1: 34218 34219
  ==> Current qubit order: 0  1  2  3  4  5  8  9  14  6  7  11  17  12  19  10  64  65  15  16  21  20  18  13  30  31  36  32  33  37  22  23  54  55  26  27  62  63  28  29  44  38  50  51  40  41  52  39  42  43  53  59  58  56  57  49  60  61  48  45  46  66  67  47  35  68  34  76  77  69  70  71  72  73  74  75  78  79  80  81  88  89  82  83  84  85  92  93  86  87  98  99  90  91  94  100  101  24  25  102  103  95  96  97  


  ==> Energy                -307.442256156
  ==> dE                       -1.97e-04
  ==> Gradient Norm             1.68e+00
  ==> Abs. Max. Deriv.          5.70e-02
  ==> Time-Grad. (s)              72.517
  ==> Time-Energy (s)             13.469
  ==> Time-Iter. (s)              85.985

--------------------------------------------------------------------------------
CEO-ADAPT-VQE iteration: 184
--------------------------------------------------------------------------------
    gate        derivative      name       op1       op2       op3        g_unscaled   penalty
    1225       -0.00150406      a_ia      1225                           -0.00601623         4
    1187       -0.00146653      a_ia      1187                           -0.00586610         4
    1183       -0.00047787      a_ia      1183                           -0.00191147         4
   90436        0.00034988        op     38938     38939                  0.01854356        53
   90437        0.00034988        om     38938     38939                  0.01854356        53
    1221       -0.00032959      a_ia      1221                           -0.00131835         4
   84199        0.00031830        om     34188     34189                  0.03851439       121
   34188        0.00031830    a_iajb     34188                            0.03851439       121
   84198        0.00031830        op     34188     34189                  0.03851439       121
   84126        0.00030883        op     34116     34117                  0.03366276       109

  ==> Add operator: a_ia 1225
  ==> Current qubit order: 0  1  2  3  4  5  8  9  14  6  7  11  17  12  19  10  64  65  15  16  21  20  18  13  30  31  36  32  33  37  22  23  54  55  26  62  27  63  28  29  44  38  50  51  40  41  52  39  42  43  53  59  58  56  57  49  60  61  48  45  46  66  67  47  35  68  34  76  77  69  70  71  72  73  74  75  78  79  80  81  88  89  82  83  84  85  92  93  86  87  98  99  90  91  94  100  101  24  25  102  103  95  96  97  


  ==> Energy                -307.442266337
  ==> dE                       -1.02e-05
  ==> Gradient Norm             1.68e+00
  ==> Abs. Max. Deriv.          5.70e-02
  ==> Time-Grad. (s)              70.346
  ==> Time-Energy (s)             15.830
  ==> Time-Iter. (s)              86.176

--------------------------------------------------------------------------------
CEO-ADAPT-VQE iteration: 185
--------------------------------------------------------------------------------
    gate        derivative      name       op1       op2       op3        g_unscaled   penalty
    1187       -0.00280479      a_ia      1187                           -0.00560957         2
    1183       -0.00048268      a_ia      1183                           -0.00193071         4
   90436        0.00036291        op     38938     38939                  0.01850830        51
   90437        0.00036291        om     38938     38939                  0.01850830        51
   84199        0.00032350        om     34188     34189                  0.03849679       119
   34188        0.00032350    a_iajb     34188                            0.03849677       119
   84198        0.00032350        op     34188     34189                  0.03849676       119
   84126        0.00031442        op     34116     34117                  0.03364275       107
   34116        0.00031442    a_iajb     34116                            0.03364275       107
   84127        0.00031442        om     34116     34117                  0.03364275       107

  ==> Add operator: a_ia 1187
  ==> Current qubit order: 0  1  2  3  4  5  8  9  14  6  7  11  17  12  19  10  64  65  15  16  21  20  18  13  30  31  36  32  33  37  22  23  54  55  26  62  27  63  28  29  44  38  50  51  40  41  52  39  42  43  53  59  58  56  57  49  60  61  48  45  46  66  67  47  35  68  34  76  77  69  70  71  72  73  74  75  78  79  80  81  88  89  82  83  84  85  92  93  86  87  98  99  90  91  94  100  101  24  25  102  103  95  96  97  


  ==> Energy                -307.442275195
  ==> dE                       -8.86e-06
  ==> Gradient Norm             1.68e+00
  ==> Abs. Max. Deriv.          5.70e-02
  ==> Time-Grad. (s)              70.871
  ==> Time-Energy (s)             12.942
  ==> Time-Iter. (s)              83.813

--------------------------------------------------------------------------------
CEO-ADAPT-VQE iteration: 186
--------------------------------------------------------------------------------
    gate        derivative      name       op1       op2       op3        g_unscaled   penalty
    1183       -0.00048742      a_ia      1183                           -0.00194966         4
   90436        0.00036227        op     38938     38939                  0.01847588        51
   90437        0.00036227        om     38938     38939                  0.01847588        51
   84198        0.00032337        op     34188     34189                  0.03848053       119
   34188        0.00032337    a_iajb     34188                            0.03848053       119
   84199        0.00032337        om     34188     34189                  0.03848052       119
   84126        0.00031425        op     34116     34117                  0.03362436       107
   34116        0.00031425    a_iajb     34116                            0.03362435       107
   84127        0.00031425        om     34116     34117                  0.03362435       107
    1031       -0.00028052      a_ia      1031                           -0.00280516        10

  ==> Add operator: a_ia 1183
  ==> Current qubit order: 0  1  2  3  4  5  8  9  14  6  7  11  17  12  19  10  64  65  15  16  21  20  18  13  30  31  36  32  33  37  22  23  55  54  26  62  27  63  28  29  44  38  50  51  40  41  52  39  42  43  53  59  58  56  57  49  60  61  48  45  46  66  67  47  35  68  34  76  77  69  70  71  72  73  74  75  78  79  80  81  88  89  82  83  84  85  92  93  86  87  98  99  90  91  94  100  101  24  25  102  103  95  96  97  


  ==> Energy                -307.442276642
  ==> dE                       -1.45e-06
  ==> Gradient Norm             1.68e+00
  ==> Abs. Max. Deriv.          5.70e-02
  ==> Time-Grad. (s)              71.570
  ==> Time-Energy (s)             15.263
  ==> Time-Iter. (s)              86.833

--------------------------------------------------------------------------------
CEO-ADAPT-VQE iteration: 187
--------------------------------------------------------------------------------
    gate        derivative      name       op1       op2       op3        g_unscaled   penalty
   90436        0.00036227        op     38938     38939                  0.01847593        51
   90437        0.00036227        om     38938     38939                  0.01847593        51
   84198        0.00032331        op     34188     34189                  0.03847357       119
   34188        0.00032331    a_iajb     34188                            0.03847357       119
   84199        0.00032331        om     34188     34189                  0.03847357       119
   84127        0.00031415        om     34116     34117                  0.03361394       107
   34116        0.00031415    a_iajb     34116                            0.03361393       107
   84126        0.00031415        op     34116     34117                  0.03361392       107
    1031       -0.00028168      a_ia      1031                           -0.00281676        10
   75385        0.00028014        om     27492     27493                  0.02157093        77

  ==> Add operator: op -1: 38938 38939
  ==> Current qubit order: 0  1  2  3  4  5  8  9  14  6  7  11  17  12  19  10  64  65  15  16  21  20  18  13  30  31  36  37  22  23  55  32  33  62  63  54  26  27  28  29  44  38  50  51  40  41  52  39  42  43  53  59  58  56  57  49  60  61  48  45  46  66  67  47  35  68  34  76  77  69  70  71  72  73  74  75  78  79  80  81  88  89  82  83  84  85  92  93  86  87  98  99  90  91  94  100  101  24  25  102  103  95  96  97  


  ==> Energy                -307.442324587
  ==> dE                       -4.79e-05
  ==> Gradient Norm             1.68e+00
  ==> Abs. Max. Deriv.          5.70e-02
  ==> Time-Grad. (s)              71.837
  ==> Time-Energy (s)             12.721
  ==> Time-Iter. (s)              84.558

--------------------------------------------------------------------------------
CEO-ADAPT-VQE iteration: 188
--------------------------------------------------------------------------------
    gate        derivative      name       op1       op2       op3        g_unscaled   penalty
    1441        0.00053873      a_ia      1441                            0.00215492         4
    1406        0.00052620      a_ia      1406                            0.00210481         4
   84198        0.00034048        op     34188     34189                  0.03847462       113
   34188        0.00034048    a_iajb     34188                            0.03847462       113
   84199        0.00034048        om     34188     34189                  0.03847462       113
   84127        0.00033282        om     34116     34117                  0.03361525       101
   34116        0.00033282    a_iajb     34116                            0.03361524       101
   84126        0.00033282        op     34116     34117                  0.03361523       101
   75385        0.00028862        om     27492     27493                  0.02164640        75
   27492        0.00028856    a_iajb     27492                            0.02164205        75

  ==> Add operator: a_ia 1441
  ==> Current qubit order: 0  1  2  3  4  5  8  9  14  6  7  11  17  12  19  10  64  65  15  16  21  20  18  13  30  31  36  37  22  23  55  32  62  33  63  54  26  27  28  29  44  38  50  51  40  41  52  39  42  43  53  59  58  56  57  49  60  61  48  45  46  66  67  47  35  68  34  76  77  69  70  71  72  73  74  75  78  79  80  81  88  89  82  83  84  85  92  93  86  87  98  99  90  91  94  100  101  24  25  102  103  95  96  97  


  ==> Energy                -307.442325965
  ==> dE                       -1.38e-06
  ==> Gradient Norm             1.68e+00
  ==> Abs. Max. Deriv.          5.70e-02
  ==> Time-Grad. (s)              70.985
  ==> Time-Energy (s)             12.434
  ==> Time-Iter. (s)              83.419

--------------------------------------------------------------------------------
CEO-ADAPT-VQE iteration: 189
--------------------------------------------------------------------------------
    gate        derivative      name       op1       op2       op3        g_unscaled   penalty
    1406        0.00102835      a_ia      1406                            0.00205670         2
    1031       -0.00034930      a_ia      1031                           -0.00279442         8
   84198        0.00034048        op     34188     34189                  0.03847458       113
   34188        0.00034048    a_iajb     34188                            0.03847458       113
   84199        0.00034048        om     34188     34189                  0.03847458       113
   84127        0.00033282        om     34116     34117                  0.03361516       101
   34116        0.00033282    a_iajb     34116                            0.03361515       101
   84126        0.00033282        op     34116     34117                  0.03361515       101
    1071       -0.00028909      a_ia      1071                           -0.00289088        10
   65019        0.00028710        om     19406     19407                  0.02957163       103

  ==> Add operator: a_ia 1406
  ==> Current qubit order: 0  1  2  3  4  5  8  9  14  6  7  11  17  12  19  10  64  65  15  16  21  20  18  13  30  31  36  37  22  23  55  32  62  33  63  54  26  27  28  29  44  38  50  51  40  41  52  39  42  43  53  59  58  56  57  49  60  61  48  45  46  66  67  47  35  68  34  76  77  69  70  71  72  73  74  75  78  79  80  81  88  89  82  83  84  85  92  93  86  87  98  99  90  91  94  100  101  24  25  102  103  95  96  97  


  ==> Energy                -307.442327231
  ==> dE                       -1.27e-06
  ==> Gradient Norm             1.68e+00
  ==> Abs. Max. Deriv.          5.70e-02
  ==> Time-Grad. (s)              70.838
  ==> Time-Energy (s)             15.696
  ==> Time-Iter. (s)              86.534

--------------------------------------------------------------------------------
CEO-ADAPT-VQE iteration: 190
--------------------------------------------------------------------------------
    gate        derivative      name       op1       op2       op3        g_unscaled   penalty
    1031       -0.00035063      a_ia      1031                           -0.00280504         8
   84198        0.00034048        op     34188     34189                  0.03847454       113
   34188        0.00034048    a_iajb     34188                            0.03847454       113
   84199        0.00034048        om     34188     34189                  0.03847454       113
   84127        0.00033282        om     34116     34117                  0.03361509       101
   34116        0.00033282    a_iajb     34116                            0.03361508       101
   84126        0.00033282        op     34116     34117                  0.03361507       101
    1071       -0.00028914      a_ia      1071                           -0.00289137        10
   65019        0.00028701        om     19406     19407                  0.02956184       103
   19406        0.00028701    a_iajb     19406                            0.02956184       103

  ==> Add operator: a_ia 1031
  ==> Current qubit order: 0  1  2  3  4  5  8  9  14  6  7  11  17  12  19  10  64  65  15  16  21  20  18  13  30  31  36  37  23  55  32  22  62  33  63  54  26  27  28  29  44  38  50  51  40  41  52  39  42  43  53  59  58  56  57  49  60  61  48  45  46  66  67  47  35  68  34  76  77  69  70  71  72  73  74  75  78  79  80  81  88  89  82  83  84  85  92  93  86  87  98  99  90  91  94  100  101  24  25  102  103  95  96  97  


  ==> Energy                -307.442331262
  ==> dE                       -4.03e-06
  ==> Gradient Norm             1.68e+00
  ==> Abs. Max. Deriv.          5.70e-02
  ==> Time-Grad. (s)              71.229
  ==> Time-Energy (s)             67.094
  ==> Time-Iter. (s)             138.323

--------------------------------------------------------------------------------
CEO-ADAPT-VQE iteration: 191
--------------------------------------------------------------------------------
    gate        derivative      name       op1       op2       op3        g_unscaled   penalty
   84198        0.00034063        op     34188     34189                  0.03849069       113
   34188        0.00034063    a_iajb     34188                            0.03849069       113
   84199        0.00034063        om     34188     34189                  0.03849069       113
   84127        0.00033289        om     34116     34117                  0.03362192       101
   34116        0.00033289    a_iajb     34116                            0.03362191       101
   84126        0.00033289        op     34116     34117                  0.03362190       101
   65019        0.00028721        om     19406     19407                  0.02958214       103
   19406        0.00028721    a_iajb     19406                            0.02958213       103
   65018        0.00028721        op     19406     19407                  0.02958213       103
   73902        0.00028421        op     26388     26389                  0.02188410        77

  ==> Add operator: op -1: 34188 34189
  ==> Current qubit order: 0  1  2  3  4  5  8  9  14  6  7  11  17  12  19  10  64  65  15  16  21  20  18  13  30  31  36  37  23  55  32  22  62  33  63  54  28  29  44  38  50  51  40  41  26  27  60  61  52  39  42  43  53  59  58  56  57  49  48  45  46  66  67  47  35  68  34  76  77  69  70  71  72  73  74  75  78  79  80  81  88  89  82  83  84  85  92  93  86  87  98  99  90  91  94  100  101  24  25  102  103  95  96  97  


  ==> Energy                -307.442544378
  ==> dE                       -2.13e-04
  ==> Gradient Norm             1.68e+00
  ==> Abs. Max. Deriv.          5.70e-02
  ==> Time-Grad. (s)              72.541
  ==> Time-Energy (s)             15.657
  ==> Time-Iter. (s)              88.198

--------------------------------------------------------------------------------
CEO-ADAPT-VQE iteration: 192
--------------------------------------------------------------------------------
    gate        derivative      name       op1       op2       op3        g_unscaled   penalty
    1224       -0.00091967      a_ia      1224                           -0.00367868         4
    1186       -0.00090223      a_ia      1186                           -0.00360891         4
    2005        0.00044092      a_ia      2005                            0.00176369         4
   84127        0.00043132        om     34116     34117                  0.03321197        77
   34116        0.00043132    a_iajb     34116                            0.03321197        77
   84126        0.00043132        op     34116     34117                  0.03321196        77
   65019        0.00028722        om     19406     19407                  0.02958407       103
   19406        0.00028722    a_iajb     19406                            0.02958407       103
   65018        0.00028722        op     19406     19407                  0.02958407       103
   57765        0.00028382        om     13394     13395                  0.02639515        93

  ==> Add operator: a_ia 1224
  ==> Current qubit order: 0  1  2  3  4  5  8  9  14  6  7  11  17  12  19  10  64  65  15  16  21  20  18  13  30  31  36  37  23  55  32  22  62  33  63  54  28  29  44  38  50  51  40  41  26  60  27  61  52  39  42  43  53  59  58  56  57  49  48  45  46  66  67  47  35  68  34  76  77  69  70  71  72  73  74  75  78  79  80  81  88  89  82  83  84  85  92  93  86  87  98  99  90  91  94  100  101  24  25  102  103  95  96  97  


  ==> Energy                -307.442548419
  ==> dE                       -4.04e-06
  ==> Gradient Norm             1.68e+00
  ==> Abs. Max. Deriv.          5.62e-02
  ==> Time-Grad. (s)              70.500
  ==> Time-Energy (s)             17.192
  ==> Time-Iter. (s)              87.692

--------------------------------------------------------------------------------
CEO-ADAPT-VQE iteration: 193
--------------------------------------------------------------------------------
    gate        derivative      name       op1       op2       op3        g_unscaled   penalty
    1186       -0.00172079      a_ia      1186                           -0.00344159         2
   84127        0.00044246        om     34116     34117                  0.03318475        75
   34116        0.00044246    a_iajb     34116                            0.03318474        75
   84126        0.00044246        op     34116     34117                  0.03318473        75
    2005        0.00029384      a_ia      2005                            0.00176306         6
   65019        0.00028722        om     19406     19407                  0.02958408       103
   19406        0.00028722    a_iajb     19406                            0.02958408       103
   65018        0.00028722        op     19406     19407                  0.02958407       103
   57765        0.00028382        om     13394     13395                  0.02639494        93
   13394        0.00028382    a_iajb     13394                            0.02639494        93

  ==> Add operator: a_ia 1186
  ==> Current qubit order: 0  1  2  3  4  5  8  9  14  6  7  11  17  12  19  10  64  65  15  16  21  20  18  13  30  31  36  37  23  55  32  22  62  33  63  54  28  29  44  38  50  51  40  41  26  60  27  61  52  39  42  43  53  59  58  56  57  49  48  45  46  66  67  47  35  68  34  76  77  69  70  71  72  73  74  75  78  79  80  81  88  89  82  83  84  85  92  93  86  87  98  99  90  91  94  100  101  24  25  102  103  95  96  97  


  ==> Energy                -307.442551950
  ==> dE                       -3.53e-06
  ==> Gradient Norm             1.68e+00
  ==> Abs. Max. Deriv.          5.62e-02
  ==> Time-Grad. (s)              71.159
  ==> Time-Energy (s)             13.047
  ==> Time-Iter. (s)              84.206

--------------------------------------------------------------------------------
CEO-ADAPT-VQE iteration: 194
--------------------------------------------------------------------------------
    gate        derivative      name       op1       op2       op3        g_unscaled   penalty
   84127        0.00044213        om     34116     34117                  0.03315945        75
   34116        0.00044213    a_iajb     34116                            0.03315944        75
   84126        0.00044213        op     34116     34117                  0.03315944        75
    2005        0.00029386      a_ia      2005                            0.00176317         6
   65019        0.00028722        om     19406     19407                  0.02958408       103
   19406        0.00028722    a_iajb     19406                            0.02958408       103
   65018        0.00028722        op     19406     19407                  0.02958408       103
   57765        0.00028381        om     13394     13395                  0.02639474        93
   13394        0.00028381    a_iajb     13394                            0.02639474        93
   57764        0.00028381        op     13394     13395                  0.02639474        93

  ==> Add operator: om -1: 34116 34117
  ==> Current qubit order: 0  1  2  3  4  5  8  9  14  6  7  11  17  12  19  10  64  65  15  16  21  20  18  13  30  31  36  37  23  55  32  22  62  33  63  54  28  29  44  38  50  51  40  41  60  61  52  39  26  27  56  57  42  43  53  59  58  49  48  45  46  66  67  47  35  68  34  76  77  69  70  71  72  73  74  75  78  79  80  81  88  89  82  83  84  85  92  93  86  87  98  99  90  91  94  100  101  24  25  102  103  95  96  97  


  ==> Energy                -307.442720521
  ==> dE                       -1.69e-04
  ==> Gradient Norm             1.68e+00
  ==> Abs. Max. Deriv.          5.63e-02
  ==> Time-Grad. (s)              71.732
  ==> Time-Energy (s)             15.100
  ==> Time-Iter. (s)              86.832

--------------------------------------------------------------------------------
CEO-ADAPT-VQE iteration: 195
--------------------------------------------------------------------------------
    gate        derivative      name       op1       op2       op3        g_unscaled   penalty
    1222        0.00080576      a_ia      1222                            0.00322303         4
    1184        0.00078245      a_ia      1184                            0.00312978         4
    2005        0.00044077      a_ia      2005                            0.00176307         4
    1700       -0.00042126      a_ia      1700                           -0.00168503         4
    1669       -0.00041948      a_ia      1669                           -0.00167790         4
    1182        0.00041597      a_ia      1182                            0.00166389         4
   99245        0.00031374        om     45868     45869                  0.01537321        49
   45868        0.00031373    a_iajb     45868                            0.01537279        49
   99244        0.00031372        op     45868     45869                  0.01537237        49
   96278        0.00030768        op     43478     43479                  0.00769210        25

  ==> Add operator: a_ia 1222
  ==> Current qubit order: 0  1  2  3  4  5  8  9  14  6  7  11  17  12  19  10  64  65  15  16  21  20  18  13  30  31  36  37  23  55  32  22  62  33  63  54  28  29  44  38  50  51  40  41  60  61  52  39  26  56  27  57  42  43  53  59  58  49  48  45  46  66  67  47  35  68  34  76  77  69  70  71  72  73  74  75  78  79  80  81  88  89  82  83  84  85  92  93  86  87  98  99  90  91  94  100  101  24  25  102  103  95  96  97  


  ==> Energy                -307.442724111
  ==> dE                       -3.59e-06
  ==> Gradient Norm             1.68e+00
  ==> Abs. Max. Deriv.          5.63e-02
  ==> Time-Grad. (s)              70.056
  ==> Time-Energy (s)             17.364
  ==> Time-Iter. (s)              87.420

--------------------------------------------------------------------------------
CEO-ADAPT-VQE iteration: 196
--------------------------------------------------------------------------------
    gate        derivative      name       op1       op2       op3        g_unscaled   penalty
    1184        0.00149393      a_ia      1184                            0.00298786         2
    2005        0.00044090      a_ia      2005                            0.00176361         4
    1700       -0.00042259      a_ia      1700                           -0.00169035         4
    1669       -0.00041746      a_ia      1669                           -0.00166982         4
    1182        0.00041181      a_ia      1182                            0.00164724         4
   99245        0.00031374        om     45868     45869                  0.01537321        49
   45868        0.00031373    a_iajb     45868                            0.01537279        49
   99244        0.00031372        op     45868     45869                  0.01537237        49
   96278        0.00030768        op     43478     43479                  0.00769208        25
   96279        0.00030768        om     43478     43479                  0.00769208        25

  ==> Add operator: a_ia 1184
  ==> Current qubit order: 0  1  2  3  4  5  8  9  14  6  7  11  17  12  19  10  64  65  15  16  21  20  18  13  30  31  36  37  23  55  32  22  62  33  63  54  28  29  44  38  50  51  40  41  60  61  52  39  26  56  27  57  42  43  53  59  58  49  48  45  46  66  67  47  35  68  34  76  77  69  70  71  72  73  74  75  78  79  80  81  88  89  82  83  84  85  92  93  86  87  98  99  90  91  94  100  101  24  25  102  103  95  96  97  


  ==> Energy                -307.442727209
  ==> dE                       -3.10e-06
  ==> Gradient Norm             1.68e+00
  ==> Abs. Max. Deriv.          5.63e-02
  ==> Time-Grad. (s)              71.097
  ==> Time-Energy (s)             15.475
  ==> Time-Iter. (s)              86.572

--------------------------------------------------------------------------------
CEO-ADAPT-VQE iteration: 197
--------------------------------------------------------------------------------
    gate        derivative      name       op1       op2       op3        g_unscaled   penalty
    2005        0.00044099      a_ia      2005                            0.00176397         4
    1700       -0.00042071      a_ia      1700                           -0.00168284         4
    1669       -0.00041869      a_ia      1669                           -0.00167476         4
    1182        0.00041187      a_ia      1182                            0.00164748         4
   99245        0.00031374        om     45868     45869                  0.01537326        49
   45868        0.00031373    a_iajb     45868                            0.01537284        49
   99244        0.00031372        op     45868     45869                  0.01537242        49
   96278        0.00030768        op     43478     43479                  0.00769207        25
   96279        0.00030768        om     43478     43479                  0.00769207        25
   68249        0.00029189        om     22066     22067                  0.04057267       139

  ==> Add operator: a_ia 2005
  ==> Current qubit order: 0  1  2  3  4  5  8  9  14  6  7  11  17  12  19  10  64  65  15  16  21  20  18  13  30  31  36  37  23  55  32  22  62  33  63  54  28  29  44  38  50  51  40  41  61  60  52  39  26  56  27  57  42  43  53  59  58  49  48  45  46  66  67  47  35  68  34  76  77  69  70  71  72  73  74  75  78  79  80  81  88  89  82  83  84  85  92  93  86  87  98  99  90  91  94  100  101  24  25  102  103  95  96  97  


  ==> Energy                -307.442760249
  ==> dE                       -3.30e-05
  ==> Gradient Norm             1.68e+00
  ==> Abs. Max. Deriv.          5.63e-02
  ==> Time-Grad. (s)              71.496
  ==> Time-Energy (s)             13.130
  ==> Time-Iter. (s)              84.626

--------------------------------------------------------------------------------
CEO-ADAPT-VQE iteration: 198
--------------------------------------------------------------------------------
    gate        derivative      name       op1       op2       op3        g_unscaled   penalty
    1700       -0.00084253      a_ia      1700                           -0.00168507         2
    1182        0.00042137      a_ia      1182                            0.00168547         4
    1849        0.00034143      a_ia      1849                            0.00068285         2
   99245        0.00031422        om     45868     45869                  0.01539666        49
   45868        0.00031411    a_iajb     45868                            0.01539144        49
   99244        0.00031400        op     45868     45869                  0.01538622        49
   96278        0.00030765        op     43478     43479                  0.00769121        25
   96279        0.00030765        om     43478     43479                  0.00769121        25
    1877        0.00029233      a_ia      1877                            0.00058465         2
   68249        0.00029191        om     22066     22067                  0.04057500       139

  ==> Add operator: a_ia 1700
  ==> Current qubit order: 0  1  2  3  4  5  8  9  14  6  7  11  17  12  19  10  64  65  15  16  21  20  18  13  30  31  36  37  23  55  32  22  62  33  63  54  28  29  44  38  50  51  40  41  61  60  52  39  26  56  27  57  42  43  53  59  58  49  48  45  46  66  67  47  35  68  34  76  77  69  70  71  72  73  74  75  78  79  80  81  88  89  82  83  84  85  92  93  86  87  98  99  90  91  94  100  101  24  25  102  103  95  96  97  


  ==> Energy                -307.442761166
  ==> dE                       -9.17e-07
  ==> Gradient Norm             1.68e+00
  ==> Abs. Max. Deriv.          5.63e-02
  ==> Time-Grad. (s)              74.643
  ==> Time-Energy (s)             14.630
  ==> Time-Iter. (s)              89.273

--------------------------------------------------------------------------------
CEO-ADAPT-VQE iteration: 199
--------------------------------------------------------------------------------
    gate        derivative      name       op1       op2       op3        g_unscaled   penalty
    1182        0.00042120      a_ia      1182                            0.00168481         4
    1849        0.00034137      a_ia      1849                            0.00068274         2
   99245        0.00031421        om     45868     45869                  0.01539611        49
   45868        0.00031410    a_iajb     45868                            0.01539088        49
   99244        0.00031399        op     45868     45869                  0.01538564        49
    1877        0.00029336      a_ia      1877                            0.00058672         2
   68249        0.00029192        om     22066     22067                  0.04057673       139
   22066        0.00029192    a_iajb     22066                            0.04057672       139
   68248        0.00029192        op     22066     22067                  0.04057672       139
   46006        0.00029159        op      2662      2663                  0.05627676       193

  ==> Add operator: a_ia 1182
  ==> Current qubit order: 0  1  2  3  4  5  8  9  14  6  7  11  17  12  19  10  64  65  15  16  21  20  18  13  30  31  36  37  23  55  32  22  62  33  63  54  28  29  44  38  50  51  40  41  61  60  39  52  26  56  27  57  42  43  53  59  58  49  48  45  46  66  67  47  35  68  34  76  77  69  70  71  72  73  74  75  78  79  80  81  88  89  82  83  84  85  92  93  86  87  98  99  90  91  94  100  101  24  25  102  103  95  96  97  


  ==> Energy                -307.442762644
  ==> dE                       -1.48e-06
  ==> Gradient Norm             1.68e+00
  ==> Abs. Max. Deriv.          5.63e-02
  ==> Time-Grad. (s)              75.215
  ==> Time-Energy (s)             13.802
  ==> Time-Iter. (s)              89.018

--------------------------------------------------------------------------------
CEO-ADAPT-VQE iteration: 200
--------------------------------------------------------------------------------
    gate        derivative      name       op1       op2       op3        g_unscaled   penalty
    1849        0.00034503      a_ia      1849                            0.00069006         2
   99245        0.00031422        om     45868     45869                  0.01539695        49
   45868        0.00031412    a_iajb     45868                            0.01539172        49
   99244        0.00031401        op     45868     45869                  0.01538650        49
   68249        0.00029192        om     22066     22067                  0.04057666       139
   22066        0.00029192    a_iajb     22066                            0.04057666       139
   68248        0.00029192        op     22066     22067                  0.04057665       139
   46006        0.00029159        op      2662      2663                  0.05627657       193
   46007        0.00029159        om      2662      2663                  0.05627657       193
    1877        0.00029137      a_ia      1877                            0.00058274         2

  ==> Add operator: a_ia 1849
  ==> Current qubit order: 0  1  2  3  4  5  8  9  14  6  7  11  17  12  19  10  64  65  15  16  21  20  18  13  30  31  36  37  23  55  32  22  62  33  63  54  28  29  44  38  50  51  40  41  61  60  39  52  26  56  27  57  42  43  53  59  58  49  48  45  46  66  67  47  35  68  34  76  77  69  70  71  72  73  74  75  78  79  80  81  88  89  82  83  84  85  92  93  86  87  98  99  90  91  94  100  101  24  25  102  103  95  96  97  


  ==> Energy                -307.442762781
  ==> dE                       -1.37e-07
  ==> Gradient Norm             1.68e+00
  ==> Abs. Max. Deriv.          5.63e-02
  ==> Time-Grad. (s)              75.578
  ==> Time-Energy (s)             16.215
  ==> Time-Iter. (s)              91.793

--------------------------------------------------------------------------------
CEO-ADAPT-VQE iteration: 201
--------------------------------------------------------------------------------
    gate        derivative      name       op1       op2       op3        g_unscaled   penalty
   99245        0.00031422        om     45868     45869                  0.01539692        49
   45868        0.00031412    a_iajb     45868                            0.01539169        49
   99244        0.00031401        op     45868     45869                  0.01538646        49
   68249        0.00029192        om     22066     22067                  0.04057666       139
   22066        0.00029192    a_iajb     22066                            0.04057666       139
   68248        0.00029192        op     22066     22067                  0.04057665       139
   46006        0.00029159        op      2662      2663                  0.05627656       193
   46007        0.00029159        om      2662      2663                  0.05627656       193
    1877        0.00028798      a_ia      1877                            0.00057597         2
   65019        0.00028723        om     19406     19407                  0.02958518       103

  ==> Add operator: om -1: 45868 45869
  ==> Current qubit order: 0  1  2  3  4  5  8  9  14  6  7  11  17  12  19  10  64  65  15  16  21  20  18  13  30  31  36  37  23  55  32  22  62  33  63  54  28  29  44  38  50  51  61  60  40  41  39  52  26  56  27  57  42  43  53  59  58  49  48  45  46  66  67  47  35  68  34  76  77  69  70  71  72  73  74  75  78  79  80  81  88  89  82  83  84  85  92  93  86  87  98  99  90  91  94  100  101  24  25  102  103  95  96  97  


  ==> Energy                -307.442814356
  ==> dE                       -5.16e-05
  ==> Gradient Norm             1.68e+00
  ==> Abs. Max. Deriv.          5.63e-02
  ==> Time-Grad. (s)              75.474
  ==> Time-Energy (s)             16.612
  ==> Time-Iter. (s)              92.085

--------------------------------------------------------------------------------
CEO-ADAPT-VQE iteration: 202
--------------------------------------------------------------------------------
    gate        derivative      name       op1       op2       op3        g_unscaled   penalty
    1669       -0.00082298      a_ia      1669                           -0.00164596         2
    1980        0.00067744      a_ia      1980                            0.00135488         2
    1954        0.00032088      a_ia      1954                            0.00192527         6
   68249        0.00030930        om     22066     22067                  0.04051786       131
   22066        0.00030930    a_iajb     22066                            0.04051785       131
   68248        0.00030930        op     22066     22067                  0.04051785       131
   46006        0.00030386        op      2662      2663                  0.05621391       185
   46007        0.00030386        om      2662      2663                  0.05621391       185
    1877        0.00028802      a_ia      1877                            0.00057604         2
   65019        0.00028723        om     19406     19407                  0.02958516       103

  ==> Add operator: a_ia 1669
  ==> Current qubit order: 0  1  2  3  4  5  8  9  14  6  7  11  17  12  19  10  64  65  15  16  21  20  18  13  30  31  36  37  23  55  32  22  62  33  63  54  28  29  44  38  50  51  61  60  40  41  39  52  26  56  27  57  42  43  53  59  58  49  48  45  46  66  67  47  35  68  34  76  77  69  70  71  72  73  74  75  78  79  80  81  88  89  82  83  84  85  92  93  86  87  98  99  90  91  94  100  101  24  25  102  103  95  96  97  


  ==> Energy                -307.442815227
  ==> dE                       -8.71e-07
  ==> Gradient Norm             1.68e+00
  ==> Abs. Max. Deriv.          5.62e-02
  ==> Time-Grad. (s)              75.837
  ==> Time-Energy (s)             17.438
  ==> Time-Iter. (s)              93.275

--------------------------------------------------------------------------------
CEO-ADAPT-VQE iteration: 203
--------------------------------------------------------------------------------
    gate        derivative      name       op1       op2       op3        g_unscaled   penalty
    1980        0.00067574      a_ia      1980                            0.00135147         2
    1954        0.00032056      a_ia      1954                            0.00192336         6
   68249        0.00030931        om     22066     22067                  0.04051957       131
   22066        0.00030931    a_iajb     22066                            0.04051957       131
   68248        0.00030931        op     22066     22067                  0.04051956       131
   46006        0.00030389        op      2662      2663                  0.05621984       185
   46007        0.00030389        om      2662      2663                  0.05621984       185
    1877        0.00028797      a_ia      1877                            0.00057593         2
   65019        0.00028723        om     19406     19407                  0.02958516       103
   19406        0.00028723    a_iajb     19406                            0.02958516       103

  ==> Add operator: a_ia 1980
  ==> Current qubit order: 0  1  2  3  4  5  8  9  14  6  7  11  17  12  19  10  64  65  15  16  21  20  18  13  30  31  36  37  23  55  32  22  62  33  63  54  28  29  44  38  50  51  61  60  40  41  39  52  26  56  27  57  42  43  53  59  58  49  48  45  46  66  67  47  35  68  34  76  77  69  70  71  72  73  74  75  78  79  80  81  88  89  82  83  84  85  92  93  86  87  98  99  90  91  94  100  101  24  25  102  103  95  96  97  


  ==> Energy                -307.442816077
  ==> dE                       -8.50e-07
  ==> Gradient Norm             1.68e+00
  ==> Abs. Max. Deriv.          5.62e-02
  ==> Time-Grad. (s)              75.895
  ==> Time-Energy (s)             14.706
  ==> Time-Iter. (s)              90.601

--------------------------------------------------------------------------------
CEO-ADAPT-VQE iteration: 204
--------------------------------------------------------------------------------
    gate        derivative      name       op1       op2       op3        g_unscaled   penalty
    1954        0.00031343      a_ia      1954                            0.00188058         6
    1877        0.00031247      a_ia      1877                            0.00062495         2
   68249        0.00030930        om     22066     22067                  0.04051780       131
   22066        0.00030930    a_iajb     22066                            0.04051780       131
   68248        0.00030930        op     22066     22067                  0.04051779       131
   46006        0.00030390        op      2662      2663                  0.05622104       185
   46007        0.00030390        om      2662      2663                  0.05622104       185
   65019        0.00028723        om     19406     19407                  0.02958516       103
   19406        0.00028723    a_iajb     19406                            0.02958516       103
   65018        0.00028723        op     19406     19407                  0.02958516       103

  ==> Add operator: a_ia 1954
  ==> Current qubit order: 0  1  2  3  4  5  8  9  14  6  7  11  17  12  19  10  64  65  15  16  21  20  18  13  30  31  36  37  23  55  32  22  62  33  63  54  28  29  44  38  51  61  50  60  40  41  39  52  26  56  27  57  42  43  53  59  58  49  48  45  46  66  67  47  35  68  34  76  77  69  70  71  72  73  74  75  78  79  80  81  88  89  82  83  84  85  92  93  86  87  98  99  90  91  94  100  101  24  25  102  103  95  96  97  


  ==> Energy                -307.442817721
  ==> dE                       -1.64e-06
  ==> Gradient Norm             1.68e+00
  ==> Abs. Max. Deriv.          5.62e-02
  ==> Time-Grad. (s)              76.353
  ==> Time-Energy (s)             13.810
  ==> Time-Iter. (s)              90.164

--------------------------------------------------------------------------------
CEO-ADAPT-VQE iteration: 205
--------------------------------------------------------------------------------
    gate        derivative      name       op1       op2       op3        g_unscaled   penalty
   68249        0.00031407        om     22066     22067                  0.04051552       129
   22066        0.00031407    a_iajb     22066                            0.04051552       129
   68248        0.00031407        op     22066     22067                  0.04051551       129
   46006        0.00030723        op      2662      2663                  0.05622292       183
   46007        0.00030723        om      2662      2663                  0.05622292       183
    1877        0.00030048      a_ia      1877                            0.00060096         2
    1478        0.00029632      a_ia      1478                            0.00059265         2
   65019        0.00028723        om     19406     19407                  0.02958516       103
   19406        0.00028723    a_iajb     19406                            0.02958516       103
   65018        0.00028723        op     19406     19407                  0.02958516       103

  ==> Add operator: om -1: 22066 22067
  ==> Current qubit order: 0  1  2  3  4  5  8  9  14  6  7  11  17  12  10  64  65  15  16  21  20  13  30  31  36  37  23  55  19  18  61  60  32  22  62  33  63  54  28  29  44  38  51  50  40  41  39  52  26  56  27  57  42  43  53  59  58  49  48  45  46  66  67  47  35  68  34  76  77  69  70  71  72  73  74  75  78  79  80  81  88  89  82  83  84  85  92  93  86  87  98  99  90  91  94  100  101  24  25  102  103  95  96  97  


  ==> Energy                -307.443017847
  ==> dE                       -2.00e-04
  ==> Gradient Norm             1.68e+00
  ==> Abs. Max. Deriv.          5.62e-02
  ==> Time-Grad. (s)              76.830
  ==> Time-Energy (s)             14.621
  ==> Time-Iter. (s)              91.451

--------------------------------------------------------------------------------
CEO-ADAPT-VQE iteration: 206
--------------------------------------------------------------------------------
    gate        derivative      name       op1       op2       op3        g_unscaled   penalty
    1405        0.00136568      a_ia      1405                            0.00273137         2
     908       -0.00071280      a_ia       908                           -0.00285120         4
     866       -0.00069712      a_ia       866                           -0.00278847         4
   46006        0.00040570        op      2662      2663                  0.05558081       137
   46007        0.00040570        om      2662      2663                  0.05558081       137
    2662        0.00036327    a_iajb      2662                            0.05558081       153
     867        0.00035630      a_ia       867                            0.00356296        10
   90407        0.00034795        om     38908     38909                  0.01844154        53
   38908        0.00034795    a_iajb     38908                            0.01844154        53
   90406        0.00034795        op     38908     38909                  0.01844153        53

  ==> Add operator: a_ia 1405
  ==> Current qubit order: 0  1  2  3  4  5  8  9  14  6  7  11  17  12  10  64  65  15  16  21  20  13  30  31  36  37  23  55  19  18  61  60  32  22  62  33  63  54  28  29  44  38  51  50  40  41  39  52  26  56  27  57  42  43  53  59  58  49  48  45  46  66  67  47  35  68  34  76  77  69  70  71  72  73  74  75  78  79  80  81  88  89  82  83  84  85  92  93  86  87  98  99  90  91  94  100  101  24  25  102  103  95  96  97  


  ==> Energy                -307.443020231
  ==> dE                       -2.38e-06
  ==> Gradient Norm             1.68e+00
  ==> Abs. Max. Deriv.          5.56e-02
  ==> Time-Grad. (s)              75.686
  ==> Time-Energy (s)             16.969
  ==> Time-Iter. (s)              92.655

--------------------------------------------------------------------------------
CEO-ADAPT-VQE iteration: 207
--------------------------------------------------------------------------------
    gate        derivative      name       op1       op2       op3        g_unscaled   penalty
     908       -0.00070470      a_ia       908                           -0.00281881         4
     866       -0.00069672      a_ia       866                           -0.00278686         4
   46006        0.00040582        op      2662      2663                  0.05559715       137
   46007        0.00040582        om      2662      2663                  0.05559715       137
    2662        0.00036338    a_iajb      2662                            0.05559715       153
     867        0.00035712      a_ia       867                            0.00357116        10
   90407        0.00034824        om     38908     38909                  0.01845662        53
   38908        0.00034815    a_iajb     38908                            0.01845193        53
   90406        0.00034806        op     38908     38909                  0.01844724        53
   73083       -0.00032487        om     25781     25782                 -0.02501490        77

  ==> Add operator: a_ia 908
  ==> Current qubit order: 0  1  2  3  4  5  8  9  14  6  7  11  17  12  10  64  65  15  16  21  20  13  30  31  36  37  23  55  18  19  61  60  32  22  62  33  63  54  28  29  44  38  51  50  40  41  39  52  26  56  27  57  42  43  53  59  58  49  48  45  46  66  67  47  35  68  34  76  77  69  70  71  72  73  74  75  78  79  80  81  88  89  82  83  84  85  92  93  86  87  98  99  90  91  94  100  101  24  25  102  103  95  96  97  


  ==> Energy                -307.443022296
  ==> dE                       -2.07e-06
  ==> Gradient Norm             1.68e+00
  ==> Abs. Max. Deriv.          5.56e-02
  ==> Time-Grad. (s)              75.755
  ==> Time-Energy (s)             16.374
  ==> Time-Iter. (s)              92.129

--------------------------------------------------------------------------------
CEO-ADAPT-VQE iteration: 208
--------------------------------------------------------------------------------
    gate        derivative      name       op1       op2       op3        g_unscaled   penalty
     866       -0.00044477      a_ia       866                           -0.00266862         6
   46006        0.00040590        op      2662      2663                  0.05560833       137
   46007        0.00040590        om      2662      2663                  0.05560833       137
    2662        0.00036345    a_iajb      2662                            0.05560833       153
   90407        0.00034827        om     38908     38909                  0.01845849        53
   38908        0.00034819    a_iajb     38908                            0.01845381        53
   90406        0.00034810        op     38908     38909                  0.01844913        53
   73083       -0.00033480        om     25781     25782                 -0.02510997        75
   68748        0.00031636        op     22491     22492                  0.01676698        53
   22491        0.00031288    a_iajb     22491                            0.01658239        53

  ==> Add operator: a_ia 866
  ==> Current qubit order: 0  1  2  3  4  5  8  9  14  6  7  11  17  12  10  64  65  15  16  21  20  13  30  31  36  37  23  55  19  61  18  60  32  22  62  33  63  54  28  29  44  38  51  50  40  41  39  52  26  56  27  57  42  43  53  59  58  49  48  45  46  66  67  47  35  68  34  76  77  69  70  71  72  73  74  75  78  79  80  81  88  89  82  83  84  85  92  93  86  87  98  99  90  91  94  100  101  24  25  102  103  95  96  97  


  ==> Energy                -307.443024140
  ==> dE                       -1.84e-06
  ==> Gradient Norm             1.68e+00
  ==> Abs. Max. Deriv.          5.56e-02
  ==> Time-Grad. (s)              76.698
  ==> Time-Energy (s)             17.376
  ==> Time-Iter. (s)              94.074

--------------------------------------------------------------------------------
CEO-ADAPT-VQE iteration: 209
--------------------------------------------------------------------------------
    gate        derivative      name       op1       op2       op3        g_unscaled   penalty
     867        0.00044554      a_ia       867                            0.00356430         8
   46006        0.00041199        op      2662      2663                  0.05561902       135
   46007        0.00041199        om      2662      2663                  0.05561902       135
    2662        0.00036834    a_iajb      2662                            0.05561902       151
   71223       -0.00033791        om     24367     24369                 -0.01385433        41
   90407        0.00033564        om     38908     38909                  0.01846032        55
   38908        0.00033556    a_iajb     38908                            0.01845566        55
   90406        0.00033547        op     38908     38909                  0.01845100        55
   71219       -0.00033107        om     24367     24368                 -0.01357384        41
   24367       -0.00033107    a_iajb     24367                           -0.01357383        41

  ==> Add operator: a_ia 867
  ==> Current qubit order: 0  1  2  3  4  5  8  9  14  6  7  11  17  12  10  64  65  15  16  21  20  13  30  31  36  37  23  55  19  61  60  32  22  18  62  33  63  54  28  29  44  38  51  50  40  41  39  52  26  56  27  57  42  43  53  59  58  49  48  45  46  66  67  47  35  68  34  76  77  69  70  71  72  73  74  75  78  79  80  81  88  89  82  83  84  85  92  93  86  87  98  99  90  91  94  100  101  24  25  102  103  95  96  97  


  ==> Energy                -307.443029581
  ==> dE                       -5.44e-06
  ==> Gradient Norm             1.68e+00
  ==> Abs. Max. Deriv.          5.56e-02
  ==> Time-Grad. (s)              76.786
  ==> Time-Energy (s)             76.830
  ==> Time-Iter. (s)             153.616

--------------------------------------------------------------------------------
CEO-ADAPT-VQE iteration: 210
--------------------------------------------------------------------------------
    gate        derivative      name       op1       op2       op3        g_unscaled   penalty
   46006        0.00041863        op      2662      2663                  0.05567716       133
   46007        0.00041863        om      2662      2663                  0.05567716       133
    2662        0.00037367    a_iajb      2662                            0.05567716       149
   70878       -0.00036401        op     24069     24070                 -0.02511672        69
   68283        0.00034169        om     22100     22101                  0.01742616        51
   22100        0.00034157    a_iajb     22100                            0.01741984        51
   68282        0.00034144        op     22100     22101                  0.01741353        51
   71223       -0.00033776        om     24367     24369                 -0.01384822        41
   90407        0.00033682        om     38908     38909                  0.01852498        55
   38908        0.00033673    a_iajb     38908                            0.01852032        55

  ==> Add operator: op -1: 2662 2663
  ==> Current qubit order: 2  3  4  5  8  9  14  6  7  11  17  12  10  0  1  61  60  64  65  15  16  21  20  13  30  31  36  37  23  55  19  32  22  18  62  33  63  54  28  29  44  38  51  50  40  41  39  52  26  56  27  57  42  43  53  59  58  49  48  45  46  66  67  47  35  68  34  76  77  69  70  71  72  73  74  75  78  79  80  81  88  89  82  83  84  85  92  93  86  87  98  99  90  91  94  100  101  24  25  102  103  95  96  97  


  ==> Energy                -307.443249143
  ==> dE                       -2.20e-04
  ==> Gradient Norm             1.68e+00
  ==> Abs. Max. Deriv.          5.57e-02
  ==> Time-Grad. (s)              77.446
  ==> Time-Energy (s)             13.964
  ==> Time-Iter. (s)              91.410

--------------------------------------------------------------------------------
CEO-ADAPT-VQE iteration: 211
--------------------------------------------------------------------------------
    gate        derivative      name       op1       op2       op3        g_unscaled   penalty
   53557        0.00058267        om      9762      9763                  0.03088136        53
    9762        0.00058267    a_iajb      9762                            0.03088134        53
   53556        0.00058267        op      9762      9763                  0.03088133        53
   46457        0.00050005        om      3091      3092                  0.02150213        43
    3091        0.00050005    a_iajb      3091                            0.02150211        43
   46456        0.00050005        op      3091      3092                  0.02150209        43
   48597        0.00040861        om      5186      5187                  0.02655942        65
    5186        0.00040861    a_iajb      5186                            0.02655940        65
   48596        0.00040861        op      5186      5187                  0.02655939        65
     738        0.00040110      a_ia       738                            0.00320882         8

  ==> Add operator: om -1: 9762 9763
  ==> Current qubit order: 2  3  4  5  8  9  14  6  7  17  12  11  10  61  60  0  1  64  65  15  16  21  20  13  30  31  36  37  23  55  19  32  22  18  62  33  63  54  28  29  44  38  51  50  40  41  39  52  26  56  27  57  42  43  53  59  58  49  48  45  46  66  67  47  35  68  34  76  77  69  70  71  72  73  74  75  78  79  80  81  88  89  82  83  84  85  92  93  86  87  98  99  90  91  94  100  101  24  25  102  103  95  96  97  


  ==> Energy                -307.443344918
  ==> dE                       -9.58e-05
  ==> Gradient Norm             1.67e+00
  ==> Abs. Max. Deriv.          4.94e-02
  ==> Time-Grad. (s)              76.074
  ==> Time-Energy (s)             17.580
  ==> Time-Iter. (s)              93.654

--------------------------------------------------------------------------------
CEO-ADAPT-VQE iteration: 212
--------------------------------------------------------------------------------
    gate        derivative      name       op1       op2       op3        g_unscaled   penalty
   48597        0.00044969        om      5186      5187                  0.02563240        57
    5186        0.00044969    a_iajb      5186                            0.02563238        57
   48596        0.00044969        op      5186      5187                  0.02563237        57
   53909       -0.00043687        om     10090     10091                 -0.01965931        45
   10090       -0.00043687    a_iajb     10090                           -0.01965930        45
   53908       -0.00043687        op     10090     10091                 -0.01965930        45
   46090        0.00040407        op      2746      2747                  0.02222385        55
    2746        0.00040407    a_iajb      2746                            0.02222384        55
   46091        0.00040407        om      2746      2747                  0.02222384        55
   46457        0.00040387        om      3091      3092                  0.02221305        55

  ==> Add operator: om -1: 5186 5187
  ==> Current qubit order: 2  3  4  5  8  9  14  17  6  7  61  60  12  11  10  0  1  64  65  15  16  21  20  13  30  31  36  37  23  55  19  32  22  18  62  33  63  54  28  29  44  38  51  50  40  41  39  52  26  56  27  57  42  43  53  59  58  49  48  45  46  66  67  47  35  68  34  76  77  69  70  71  72  73  74  75  78  79  80  81  88  89  82  83  84  85  92  93  86  87  98  99  90  91  94  100  101  24  25  102  103  95  96  97  


  ==> Energy                -307.443403440
  ==> dE                       -5.85e-05
  ==> Gradient Norm             1.67e+00
  ==> Abs. Max. Deriv.          4.94e-02
  ==> Time-Grad. (s)              76.071
  ==> Time-Energy (s)             13.222
  ==> Time-Iter. (s)              89.293

--------------------------------------------------------------------------------
CEO-ADAPT-VQE iteration: 213
--------------------------------------------------------------------------------
    gate        derivative      name       op1       op2       op3        g_unscaled   penalty
     374       -0.00169505      a_ia       374                           -0.00339011         2
     605       -0.00163513      a_ia       605                           -0.00327025         2
   46090        0.00047342        op      2746      2747                  0.02225056        47
    2746        0.00047342    a_iajb      2746                            0.02225056        47
   46091        0.00047342        om      2746      2747                  0.02225055        47
     326       -0.00047091      a_ia       326                           -0.00282544         6
   46457        0.00043607        om      3091      3092                  0.02223976        51
    3091        0.00043607    a_iajb      3091                            0.02223974        51
   46456        0.00043607        op      3091      3092                  0.02223971        51
   46076        0.00038799        op      2732      2733                  0.01978741        51

  ==> Add operator: a_ia 374
  ==> Current qubit order: 2  3  4  5  8  9  14  17  6  7  61  60  12  11  10  0  1  64  65  15  16  21  20  13  30  31  36  37  23  55  19  32  22  18  62  33  63  54  28  29  44  38  51  50  40  41  39  52  26  56  27  57  42  43  53  59  58  49  48  45  46  66  67  47  35  68  34  76  77  69  70  71  72  73  74  75  78  79  80  81  88  89  82  83  84  85  92  93  86  87  98  99  90  91  94  100  101  24  25  102  103  95  96  97  


  ==> Energy                -307.443405590
  ==> dE                       -2.15e-06
  ==> Gradient Norm             1.67e+00
  ==> Abs. Max. Deriv.          4.94e-02
  ==> Time-Grad. (s)              75.163
  ==> Time-Energy (s)             18.309
  ==> Time-Iter. (s)              93.472

--------------------------------------------------------------------------------
CEO-ADAPT-VQE iteration: 214
--------------------------------------------------------------------------------
    gate        derivative      name       op1       op2       op3        g_unscaled   penalty
     605       -0.00161716      a_ia       605                           -0.00323433         2
   46090        0.00047332        op      2746      2747                  0.02224589        47
    2746        0.00047332    a_iajb      2746                            0.02224588        47
   46091        0.00047332        om      2746      2747                  0.02224588        47
     326       -0.00045968      a_ia       326                           -0.00275810         6
   46457        0.00043581        om      3091      3092                  0.02222633        51
    3091        0.00043581    a_iajb      3091                            0.02222631        51
   46456        0.00043581        op      3091      3092                  0.02222629        51
   46076        0.00038802        op      2732      2733                  0.01978905        51
   46077        0.00038802        om      2732      2733                  0.01978905        51

  ==> Add operator: a_ia 605
  ==> Current qubit order: 2  3  4  5  8  9  14  17  6  7  61  60  12  11  10  0  1  64  65  15  16  21  20  13  30  31  36  37  23  55  19  32  22  18  62  33  63  54  28  29  44  38  51  50  40  41  39  52  26  56  27  57  42  43  53  59  58  49  48  45  46  66  67  47  35  68  34  76  77  69  70  71  72  73  74  75  78  79  80  81  88  89  82  83  84  85  92  93  86  87  98  99  90  91  94  100  101  24  25  102  103  95  96  97  


  ==> Energy                -307.443407891
  ==> dE                       -2.30e-06
  ==> Gradient Norm             1.67e+00
  ==> Abs. Max. Deriv.          4.94e-02
  ==> Time-Grad. (s)              75.461
  ==> Time-Energy (s)             16.727
  ==> Time-Iter. (s)              92.188

--------------------------------------------------------------------------------
CEO-ADAPT-VQE iteration: 215
--------------------------------------------------------------------------------
    gate        derivative      name       op1       op2       op3        g_unscaled   penalty
     326       -0.00047560      a_ia       326                           -0.00285359         6
   46090        0.00047339        op      2746      2747                  0.02224922        47
    2746        0.00047339    a_iajb      2746                            0.02224922        47
   46091        0.00047339        om      2746      2747                  0.02224921        47
   46457        0.00043560        om      3091      3092                  0.02221569        51
    3091        0.00043560    a_iajb      3091                            0.02221567        51
   46456        0.00043560        op      3091      3092                  0.02221565        51
   46076        0.00038781        op      2732      2733                  0.01977852        51
   46077        0.00038781        om      2732      2733                  0.01977852        51
     468        0.00037435      a_ia       468                            0.00374346        10

  ==> Add operator: a_ia 326
  ==> Current qubit order: 2  3  4  5  8  9  14  17  7  61  6  60  12  11  10  0  1  64  65  15  16  21  20  13  30  31  36  37  23  55  19  32  22  18  62  33  63  54  28  29  44  38  51  50  40  41  39  52  26  56  27  57  42  43  53  59  58  49  48  45  46  66  67  47  35  68  34  76  77  69  70  71  72  73  74  75  78  79  80  81  88  89  82  83  84  85  92  93  86  87  98  99  90  91  94  100  101  24  25  102  103  95  96  97  


  ==> Energy                -307.443409417
  ==> dE                       -1.53e-06
  ==> Gradient Norm             1.67e+00
  ==> Abs. Max. Deriv.          4.94e-02
  ==> Time-Grad. (s)              76.890
  ==> Time-Energy (s)             17.097
  ==> Time-Iter. (s)              93.987

--------------------------------------------------------------------------------
CEO-ADAPT-VQE iteration: 216
--------------------------------------------------------------------------------
    gate        derivative      name       op1       op2       op3        g_unscaled   penalty
     468        0.00046836      a_ia       468                            0.00374691         8
   46090        0.00045383        op      2746      2747                  0.02223789        49
    2746        0.00045383    a_iajb      2746                            0.02223789        49
   46091        0.00045383        om      2746      2747                  0.02223788        49
   46457        0.00041909        om      3091      3092                  0.02221172        53
    3091        0.00041909    a_iajb      3091                            0.02221171        53
   46456        0.00041909        op      3091      3092                  0.02221169        53
   46076        0.00037310        op      2732      2733                  0.01977412        53
   46077        0.00037310        om      2732      2733                  0.01977412        53
   68283        0.00037085        om     22100     22101                  0.01742984        47

  ==> Add operator: a_ia 468
  ==> Current qubit order: 2  3  4  5  8  14  17  7  9  61  6  60  12  11  10  0  1  64  65  15  16  21  20  13  30  31  36  37  23  55  19  32  22  18  62  33  63  54  28  29  44  38  51  50  40  41  39  52  26  56  27  57  42  43  53  59  58  49  48  45  46  66  67  47  35  68  34  76  77  69  70  71  72  73  74  75  78  79  80  81  88  89  82  83  84  85  92  93  86  87  98  99  90  91  94  100  101  24  25  102  103  95  96  97  


  ==> Energy                -307.443412145
  ==> dE                       -2.73e-06
  ==> Gradient Norm             1.67e+00
  ==> Abs. Max. Deriv.          4.94e-02
  ==> Time-Grad. (s)              76.471
  ==> Time-Energy (s)             16.852
  ==> Time-Iter. (s)              93.323

--------------------------------------------------------------------------------
CEO-ADAPT-VQE iteration: 217
--------------------------------------------------------------------------------
    gate        derivative      name       op1       op2       op3        g_unscaled   penalty
   46090        0.00045418        op      2746      2747                  0.02225498        49
    2746        0.00045418    a_iajb      2746                            0.02225497        49
   46091        0.00045418        om      2746      2747                  0.02225497        49
   46457        0.00041935        om      3091      3092                  0.02222571        53
    3091        0.00041935    a_iajb      3091                            0.02222569        53
   46456        0.00041935        op      3091      3092                  0.02222567        53
   68283        0.00037085        om     22100     22101                  0.01742986        47
   22100        0.00037071    a_iajb     22100                            0.01742355        47
   68282        0.00037058        op     22100     22101                  0.01741725        47
   46442        0.00034706        op      3077      3078                  0.01978227        57

  ==> Add operator: op -1: 2746 2747
  ==> Current qubit order: 2  3  4  5  8  14  17  7  9  6  61  60  11  0  12  10  1  64  65  15  16  21  20  13  30  31  36  37  23  55  19  32  22  18  62  33  63  54  28  29  44  38  51  50  40  41  39  52  26  56  27  57  42  43  53  59  58  49  48  45  46  66  67  47  35  68  34  76  77  69  70  71  72  73  74  75  78  79  80  81  88  89  82  83  84  85  92  93  86  87  98  99  90  91  94  100  101  24  25  102  103  95  96  97  


  ==> Energy                -307.443455714
  ==> dE                       -4.36e-05
  ==> Gradient Norm             1.67e+00
  ==> Abs. Max. Deriv.          4.94e-02
  ==> Time-Grad. (s)              77.088
  ==> Time-Energy (s)             15.628
  ==> Time-Iter. (s)              92.716

--------------------------------------------------------------------------------
CEO-ADAPT-VQE iteration: 218
--------------------------------------------------------------------------------
    gate        derivative      name       op1       op2       op3        g_unscaled   penalty
   46457        0.00041357        om      3091      3092                  0.02191938        53
    3091        0.00041357    a_iajb      3091                            0.02191937        53
   46456        0.00041357        op      3091      3092                  0.02191935        53
   68283        0.00037085        om     22100     22101                  0.01743004        47
   22100        0.00037072    a_iajb     22100                            0.01742374        47
   68282        0.00037058        op     22100     22101                  0.01741743        47
   46442        0.00035827        op      3077      3078                  0.01970493        55
   46443        0.00035827        om      3077      3078                  0.01970493        55
   46076        0.00033976        op      2732      2733                  0.01936611        57
    2732        0.00033974    a_iajb      2732                            0.01936518        57

  ==> Add operator: om -1: 3091 3092
  ==> Current qubit order: 2  3  4  5  8  14  17  7  9  6  11  61  60  10  1  0  12  64  65  15  16  21  20  13  30  31  36  37  23  55  19  32  22  18  62  33  63  54  28  29  44  38  51  50  40  41  39  52  26  56  27  57  42  43  53  59  58  49  48  45  46  66  67  47  35  68  34  76  77  69  70  71  72  73  74  75  78  79  80  81  88  89  82  83  84  85  92  93  86  87  98  99  90  91  94  100  101  24  25  102  103  95  96  97  


  ==> Energy                -307.443497975
  ==> dE                       -4.23e-05
  ==> Gradient Norm             1.67e+00
  ==> Abs. Max. Deriv.          4.94e-02
  ==> Time-Grad. (s)              76.895
  ==> Time-Energy (s)             14.287
  ==> Time-Iter. (s)              91.182

--------------------------------------------------------------------------------
CEO-ADAPT-VQE iteration: 219
--------------------------------------------------------------------------------
    gate        derivative      name       op1       op2       op3        g_unscaled   penalty
     514       -0.00068611      a_ia       514                           -0.00137223         2
     560       -0.00058152      a_ia       560                           -0.00116304         2
     607        0.00051447      a_ia       607                            0.00102894         2
   68283        0.00037086        om     22100     22101                  0.01743022        47
   22100        0.00037072    a_iajb     22100                            0.01742391        47
   68282        0.00037059        op     22100     22101                  0.01741761        47
   55907       -0.00035452        om     11809     11810                 -0.01949837        55
   11809       -0.00035452    a_iajb     11809                           -0.01949837        55
   55906       -0.00035452        op     11809     11810                 -0.01949837        55
   46442        0.00032700        op      3077      3078                  0.01929300        59

  ==> Add operator: a_ia 514
  ==> Current qubit order: 2  3  4  5  8  14  17  7  9  6  11  61  60  10  1  0  12  64  65  15  16  21  20  13  30  31  36  37  23  55  19  32  22  18  62  33  63  54  28  29  44  38  51  50  40  41  39  52  26  56  27  57  42  43  53  59  58  49  48  45  46  66  67  47  35  68  34  76  77  69  70  71  72  73  74  75  78  79  80  81  88  89  82  83  84  85  92  93  86  87  98  99  90  91  94  100  101  24  25  102  103  95  96  97  


  ==> Energy                -307.443498348
  ==> dE                       -3.73e-07
  ==> Gradient Norm             1.67e+00
  ==> Abs. Max. Deriv.          4.94e-02
  ==> Time-Grad. (s)              77.039
  ==> Time-Energy (s)             17.700
  ==> Time-Iter. (s)              94.739

--------------------------------------------------------------------------------
CEO-ADAPT-VQE iteration: 220
--------------------------------------------------------------------------------
    gate        derivative      name       op1       op2       op3        g_unscaled   penalty
     560       -0.00056360      a_ia       560                           -0.00112720         2
     607        0.00051909      a_ia       607                            0.00103818         2
   68283        0.00037086        om     22100     22101                  0.01743026        47
   22100        0.00037072    a_iajb     22100                            0.01742396        47
   68282        0.00037059        op     22100     22101                  0.01741767        47
   55906       -0.00035461        op     11809     11810                 -0.01950350        55
   11809       -0.00035461    a_iajb     11809                           -0.01950350        55
   55907       -0.00035461        om     11809     11810                 -0.01950350        55
   68347        0.00032292        om     22164     22165                  0.04940605       153
   22164        0.00032292    a_iajb     22164                            0.04940602       153

  ==> Add operator: a_ia 560
  ==> Current qubit order: 2  3  4  5  8  14  17  7  9  6  11  61  60  10  1  0  12  64  65  15  16  21  20  13  30  31  36  37  23  55  19  32  22  18  62  33  63  54  28  29  44  38  51  50  40  41  39  52  26  56  27  57  42  43  53  59  58  49  48  45  46  66  67  47  35  68  34  76  77  69  70  71  72  73  74  75  78  79  80  81  88  89  82  83  84  85  92  93  86  87  98  99  90  91  94  100  101  24  25  102  103  95  96  97  


  ==> Energy                -307.443498601
  ==> dE                       -2.52e-07
  ==> Gradient Norm             1.67e+00
  ==> Abs. Max. Deriv.          4.94e-02
  ==> Time-Grad. (s)              77.085
  ==> Time-Energy (s)             19.697
  ==> Time-Iter. (s)              96.783

--------------------------------------------------------------------------------
CEO-ADAPT-VQE iteration: 221
--------------------------------------------------------------------------------
    gate        derivative      name       op1       op2       op3        g_unscaled   penalty
     607        0.00051425      a_ia       607                            0.00102849         2
   68283        0.00037086        om     22100     22101                  0.01743029        47
   22100        0.00037072    a_iajb     22100                            0.01742401        47
   68282        0.00037059        op     22100     22101                  0.01741772        47
   55906       -0.00035456        op     11809     11810                 -0.01950065        55
   11809       -0.00035454    a_iajb     11809                           -0.01949994        55
   55907       -0.00035453        om     11809     11810                 -0.01949924        55
   68347        0.00032292        om     22164     22165                  0.04940600       153
   22164        0.00032291    a_iajb     22164                            0.04940598       153
   68346        0.00032291        op     22164     22165                  0.04940595       153

  ==> Add operator: om -1: 22100 22101
  ==> Current qubit order: 2  3  4  5  8  14  17  7  9  6  11  61  60  10  1  0  12  64  65  15  16  21  20  13  30  31  36  37  23  55  32  22  19  18  62  63  33  54  28  29  44  38  51  50  40  41  39  52  26  56  27  57  42  43  53  59  58  49  48  45  46  66  67  47  35  68  34  76  77  69  70  71  72  73  74  75  78  79  80  81  88  89  82  83  84  85  92  93  86  87  98  99  90  91  94  100  101  24  25  102  103  95  96  97  


  ==> Energy                -307.443534481
  ==> dE                       -3.59e-05
  ==> Gradient Norm             1.67e+00
  ==> Abs. Max. Deriv.          4.94e-02
  ==> Time-Grad. (s)              77.486
  ==> Time-Energy (s)             16.674
  ==> Time-Iter. (s)              94.160

--------------------------------------------------------------------------------
CEO-ADAPT-VQE iteration: 222
--------------------------------------------------------------------------------
    gate        derivative      name       op1       op2       op3        g_unscaled   penalty
     909        0.00056994      a_ia       909                            0.00341964         6
     607        0.00051395      a_ia       607                            0.00102789         2
   55906       -0.00035456        op     11809     11810                 -0.01950059        55
   11809       -0.00035454    a_iajb     11809                           -0.01949988        55
   55907       -0.00035453        om     11809     11810                 -0.01949918        55
   68347        0.00033111        om     22164     22165                  0.04933546       149
   22164        0.00033111    a_iajb     22164                            0.04933543       149
   68346        0.00033111        op     22164     22165                  0.04933541       149
   48731       -0.00031860        om      5317      5318                 -0.01306268        41
    5317       -0.00031860    a_iajb      5317                           -0.01306266        41

  ==> Add operator: a_ia 909
  ==> Current qubit order: 2  3  4  5  8  14  17  7  9  6  11  61  60  10  1  0  12  64  65  15  16  21  20  13  30  31  36  37  23  55  32  22  18  62  19  63  33  54  28  29  44  38  51  50  40  41  39  52  26  56  27  57  42  43  53  59  58  49  48  45  46  66  67  47  35  68  34  76  77  69  70  71  72  73  74  75  78  79  80  81  88  89  82  83  84  85  92  93  86  87  98  99  90  91  94  100  101  24  25  102  103  95  96  97  


  ==> Energy                -307.443537390
  ==> dE                       -2.91e-06
  ==> Gradient Norm             1.67e+00
  ==> Abs. Max. Deriv.          4.93e-02
  ==> Time-Grad. (s)              77.112
  ==> Time-Energy (s)             17.604
  ==> Time-Iter. (s)              94.716

--------------------------------------------------------------------------------
CEO-ADAPT-VQE iteration: 223
--------------------------------------------------------------------------------
    gate        derivative      name       op1       op2       op3        g_unscaled   penalty
     607        0.00050063      a_ia       607                            0.00100125         2
   55906       -0.00035456        op     11809     11810                 -0.01950061        55
   11809       -0.00035454    a_iajb     11809                           -0.01949991        55
   55907       -0.00035453        om     11809     11810                 -0.01949922        55
   68347        0.00033567        om     22164     22165                  0.04934408       147
   22164        0.00033567    a_iajb     22164                            0.04934405       147
   68346        0.00033567        op     22164     22165                  0.04934402       147
   48731       -0.00031860        om      5317      5318                 -0.01306240        41
    5317       -0.00031859    a_iajb      5317                           -0.01306237        41
   48730       -0.00031859        op      5317      5318                 -0.01306234        41

  ==> Add operator: op -1: 11809 11810
  ==> Current qubit order: 2  3  4  5  8  14  17  7  9  6  11  61  60  16  10  1  0  12  64  65  15  21  20  13  30  31  36  37  23  55  32  22  18  62  19  63  33  54  28  29  44  38  51  50  40  41  39  52  26  56  27  57  42  43  53  59  58  49  48  45  46  66  67  47  35  68  34  76  77  69  70  71  72  73  74  75  78  79  80  81  88  89  82  83  84  85  92  93  86  87  98  99  90  91  94  100  101  24  25  102  103  95  96  97  


  ==> Energy                -307.443578730
  ==> dE                       -4.13e-05
  ==> Gradient Norm             1.67e+00
  ==> Abs. Max. Deriv.          4.93e-02
  ==> Time-Grad. (s)              77.600
  ==> Time-Energy (s)             16.387
  ==> Time-Iter. (s)              93.986

--------------------------------------------------------------------------------
CEO-ADAPT-VQE iteration: 224
--------------------------------------------------------------------------------
    gate        derivative      name       op1       op2       op3        g_unscaled   penalty
     781        0.00070768      a_ia       781                            0.00141536         2
     607        0.00050074      a_ia       607                            0.00100147         2
   68347        0.00033568        om     22164     22165                  0.04934430       147
   22164        0.00033568    a_iajb     22164                            0.04934427       147
   68346        0.00033568        op     22164     22165                  0.04934424       147
   48731       -0.00032253        om      5317      5318                 -0.01322356        41
    5317       -0.00032252    a_iajb      5317                           -0.01322351        41
   48730       -0.00032252        op      5317      5318                 -0.01322345        41
   55838       -0.00031073        op     11747     11748                 -0.01522566        49
   11747       -0.00031070    a_iajb     11747                           -0.01522410        49

  ==> Add operator: a_ia 781
  ==> Current qubit order: 2  3  4  5  8  14  17  7  9  6  11  61  60  16  10  1  0  12  64  65  15  21  20  13  30  31  36  37  23  55  32  22  18  62  19  63  33  54  28  29  44  38  51  50  40  41  39  52  26  56  27  57  42  43  53  59  58  49  48  45  46  66  67  47  35  68  34  76  77  69  70  71  72  73  74  75  78  79  80  81  88  89  82  83  84  85  92  93  86  87  98  99  90  91  94  100  101  24  25  102  103  95  96  97  


  ==> Energy                -307.443579209
  ==> dE                       -4.79e-07
  ==> Gradient Norm             1.67e+00
  ==> Abs. Max. Deriv.          4.93e-02
  ==> Time-Grad. (s)              77.611
  ==> Time-Energy (s)             18.005
  ==> Time-Iter. (s)              95.617

--------------------------------------------------------------------------------
CEO-ADAPT-VQE iteration: 225
--------------------------------------------------------------------------------
    gate        derivative      name       op1       op2       op3        g_unscaled   penalty
     607        0.00049618      a_ia       607                            0.00099236         2
   68347        0.00033568        om     22164     22165                  0.04934424       147
   22164        0.00033567    a_iajb     22164                            0.04934421       147
   68346        0.00033567        op     22164     22165                  0.04934418       147
   48731       -0.00032263        om      5317      5318                 -0.01322773        41
    5317       -0.00032263    a_iajb      5317                           -0.01322767        41
   48730       -0.00032262        op      5317      5318                 -0.01322761        41
   55838       -0.00031062        op     11747     11748                 -0.01522032        49
   11747       -0.00031059    a_iajb     11747                           -0.01521873        49
   55839       -0.00031055        om     11747     11748                 -0.01521713        49

  ==> Add operator: om -1: 22164 22165
  ==> Current qubit order: 2  3  4  5  8  14  17  7  9  6  11  61  60  16  10  1  0  12  64  65  15  21  20  13  30  31  36  37  23  55  32  22  62  63  33  54  28  29  44  38  51  50  40  41  39  18  19  66  67  52  26  56  27  57  42  43  53  59  58  49  48  45  46  47  35  68  34  76  77  69  70  71  72  73  74  75  78  79  80  81  88  89  82  83  84  85  92  93  86  87  98  99  90  91  94  100  101  24  25  102  103  95  96  97  


  ==> Energy                -307.443840586
  ==> dE                       -2.61e-04
  ==> Gradient Norm             1.67e+00
  ==> Abs. Max. Deriv.          4.93e-02
  ==> Time-Grad. (s)              77.715
  ==> Time-Energy (s)             15.176
  ==> Time-Iter. (s)              92.891

--------------------------------------------------------------------------------
CEO-ADAPT-VQE iteration: 226
--------------------------------------------------------------------------------
    gate        derivative      name       op1       op2       op3        g_unscaled   penalty
     869       -0.00124095      a_ia       869                           -0.00496378         4
     911       -0.00121862      a_ia       911                           -0.00487446         4
    1189        0.00056483      a_ia      1189                            0.00338897         6
     607        0.00049696      a_ia       607                            0.00099392         2
    1227        0.00042516      a_ia      1227                            0.00340125         8
   71602       -0.00034872        op     24673     24674                 -0.01708750        49
   24673       -0.00034866    a_iajb     24673                           -0.01708451        49
   71603       -0.00034860        om     24673     24674                 -0.01708153        49
   73117       -0.00032789        om     25815     25816                 -0.02328021        71
   70914       -0.00032786        op     24105     24106                 -0.02327837        71

  ==> Add operator: a_ia 869
  ==> Current qubit order: 2  3  4  5  8  14  17  7  9  6  11  61  60  16  10  1  0  12  64  65  15  21  20  13  30  31  36  37  23  55  32  22  62  63  33  54  28  29  44  38  51  50  40  41  39  19  18  66  67  52  26  56  27  57  42  43  53  59  58  49  48  45  46  47  35  68  34  76  77  69  70  71  72  73  74  75  78  79  80  81  88  89  82  83  84  85  92  93  86  87  98  99  90  91  94  100  101  24  25  102  103  95  96  97  


  ==> Energy                -307.443845935
  ==> dE                       -5.35e-06
  ==> Gradient Norm             1.67e+00
  ==> Abs. Max. Deriv.          3.51e-02
  ==> Time-Grad. (s)              76.505
  ==> Time-Energy (s)             17.306
  ==> Time-Iter. (s)              93.811

--------------------------------------------------------------------------------
CEO-ADAPT-VQE iteration: 227
--------------------------------------------------------------------------------
    gate        derivative      name       op1       op2       op3        g_unscaled   penalty
     911       -0.00077637      a_ia       911                           -0.00465822         6
    1189        0.00058041      a_ia      1189                            0.00348246         6
     607        0.00051800      a_ia       607                            0.00103600         2
    1227        0.00042014      a_ia      1227                            0.00336112         8
   71602       -0.00033505        op     24673     24674                 -0.01708737        51
   24673       -0.00033499    a_iajb     24673                           -0.01708444        51
   71603       -0.00033493        om     24673     24674                 -0.01708151        51
   48731       -0.00032269        om      5317      5318                 -0.01323048        41
    5317       -0.00032269    a_iajb      5317                           -0.01323032        41
   48730       -0.00032269        op      5317      5318                 -0.01323016        41

  ==> Add operator: a_ia 911
  ==> Current qubit order: 2  3  4  5  8  14  17  7  9  6  11  61  60  16  10  1  0  12  64  65  15  21  20  13  30  31  36  37  23  55  32  22  62  63  33  54  28  29  44  38  51  50  40  41  39  18  66  19  67  52  26  56  27  57  42  43  53  59  58  49  48  45  46  47  35  68  34  76  77  69  70  71  72  73  74  75  78  79  80  81  88  89  82  83  84  85  92  93  86  87  98  99  90  91  94  100  101  24  25  102  103  95  96  97  


  ==> Energy                -307.443850669
  ==> dE                       -4.73e-06
  ==> Gradient Norm             1.67e+00
  ==> Abs. Max. Deriv.          3.51e-02
  ==> Time-Grad. (s)              76.632
  ==> Time-Energy (s)             16.661
  ==> Time-Iter. (s)              93.292

--------------------------------------------------------------------------------
CEO-ADAPT-VQE iteration: 228
--------------------------------------------------------------------------------
    gate        derivative      name       op1       op2       op3        g_unscaled   penalty
     607        0.00047978      a_ia       607                            0.00095957         2
    1227        0.00043115      a_ia      1227                            0.00344923         8
    1189        0.00043059      a_ia      1189                            0.00344469         8
   71602       -0.00036374        op     24673     24674                 -0.01709571        47
   24673       -0.00036368    a_iajb     24673                           -0.01709276        47
   71603       -0.00036361        om     24673     24674                 -0.01708981        47
   73117       -0.00033726        om     25815     25816                 -0.02327109        69
   70914       -0.00033722        op     24105     24106                 -0.02326830        69
   25815       -0.00032425    a_iajb     25815                           -0.02237321        69
   24105       -0.00032350    a_iajb     24105                           -0.02232157        69

  ==> Add operator: a_ia 1227
  ==> Current qubit order: 2  3  4  5  8  14  17  7  9  6  11  61  60  16  10  1  0  12  64  65  15  21  20  13  30  31  36  37  23  55  32  22  62  63  33  54  28  29  44  38  51  50  40  41  39  18  66  19  52  26  56  67  27  57  42  43  53  59  58  49  48  45  46  47  35  68  34  76  77  69  70  71  72  73  74  75  78  79  80  81  88  89  82  83  84  85  92  93  86  87  98  99  90  91  94  100  101  24  25  102  103  95  96  97  


  ==> Energy                -307.443853510
  ==> dE                       -2.84e-06
  ==> Gradient Norm             1.67e+00
  ==> Abs. Max. Deriv.          3.51e-02
  ==> Time-Grad. (s)              77.048
  ==> Time-Energy (s)             15.431
  ==> Time-Iter. (s)              92.479

--------------------------------------------------------------------------------
CEO-ADAPT-VQE iteration: 229
--------------------------------------------------------------------------------
    gate        derivative      name       op1       op2       op3        g_unscaled   penalty
    1189        0.00056518      a_ia      1189                            0.00339107         6
     607        0.00046303      a_ia       607                            0.00092607         2
   71602       -0.00036372        op     24673     24674                 -0.01709503        47
   24673       -0.00036366    a_iajb     24673                           -0.01709209        47
   71603       -0.00036360        om     24673     24674                 -0.01708915        47
   70914       -0.00033723        op     24105     24106                 -0.02326910        69
   24105       -0.00032351    a_iajb     24105                           -0.02232190        69
   48731       -0.00032270        om      5317      5318                 -0.01323051        41
    5317       -0.00032269    a_iajb      5317                           -0.01323038        41
   48730       -0.00032269        op      5317      5318                 -0.01323026        41

  ==> Add operator: a_ia 1189
  ==> Current qubit order: 2  3  4  5  8  14  17  7  9  6  11  61  60  16  10  1  0  12  64  65  15  21  20  13  30  31  36  37  23  55  32  22  62  63  33  54  28  29  44  38  51  50  40  41  39  18  19  52  66  26  56  67  27  57  42  43  53  59  58  49  48  45  46  47  35  68  34  76  77  69  70  71  72  73  74  75  78  79  80  81  88  89  82  83  84  85  92  93  86  87  98  99  90  91  94  100  101  24  25  102  103  95  96  97  


  ==> Energy                -307.443856258
  ==> dE                       -2.75e-06
  ==> Gradient Norm             1.67e+00
  ==> Abs. Max. Deriv.          3.51e-02
  ==> Time-Grad. (s)              77.577
  ==> Time-Energy (s)             16.424
  ==> Time-Iter. (s)              94.001

--------------------------------------------------------------------------------
CEO-ADAPT-VQE iteration: 230
--------------------------------------------------------------------------------
    gate        derivative      name       op1       op2       op3        g_unscaled   penalty
     607        0.00047562      a_ia       607                            0.00095124         2
   71602       -0.00034899        op     24673     24674                 -0.01710054        49
   24673       -0.00034893    a_iajb     24673                           -0.01709763        49
   71603       -0.00034887        om     24673     24674                 -0.01709472        49
   48731       -0.00032269        om      5317      5318                 -0.01323024        41
    5317       -0.00032269    a_iajb      5317                           -0.01323013        41
   48730       -0.00032268        op      5317      5318                 -0.01323002        41
   57764        0.00031561        op     13394     13395                  0.02619534        83
   13394        0.00031561    a_iajb     13394                            0.02619531        83
   57765        0.00031561        om     13394     13395                  0.02619528        83

  ==> Add operator: op -1: 24673 24674
  ==> Current qubit order: 2  3  4  5  8  14  17  7  9  6  11  61  60  16  10  1  0  12  64  65  15  21  20  13  30  31  36  37  23  55  32  22  62  63  33  54  28  29  44  38  51  50  40  41  39  18  52  66  19  26  56  57  67  27  42  43  53  59  58  49  48  45  46  47  35  68  34  76  77  69  70  71  72  73  74  75  78  79  80  81  88  89  82  83  84  85  92  93  86  87  98  99  90  91  94  100  101  24  25  102  103  95  96  97  


  ==> Energy                -307.443900269
  ==> dE                       -4.40e-05
  ==> Gradient Norm             1.67e+00
  ==> Abs. Max. Deriv.          3.51e-02
  ==> Time-Grad. (s)              78.330
  ==> Time-Energy (s)             97.343
  ==> Time-Iter. (s)             175.674

--------------------------------------------------------------------------------
CEO-ADAPT-VQE iteration: 231
--------------------------------------------------------------------------------
    gate        derivative      name       op1       op2       op3        g_unscaled   penalty
     607        0.00048061      a_ia       607                            0.00096121         2
     862        0.00038740      a_ia       862                            0.00077481         2
   70914       -0.00032726        op     24105     24106                 -0.02323530        71
   48731       -0.00032285        om      5317      5318                 -0.01323672        41
    5317       -0.00032285    a_iajb      5317                           -0.01323670        41
   48730       -0.00032285        op      5317      5318                 -0.01323667        41
   57764        0.00031584        op     13394     13395                  0.02621501        83
   13394        0.00031584    a_iajb     13394                            0.02621498        83
   57765        0.00031584        om     13394     13395                  0.02621495        83
   24105       -0.00031395    a_iajb     24105                           -0.02229013        71

  ==> Add operator: a_ia 862
  ==> Current qubit order: 2  3  4  5  8  14  17  7  9  6  11  61  60  16  10  1  0  12  64  65  15  21  20  13  30  31  36  37  23  55  32  22  62  63  33  54  28  29  44  38  51  50  40  41  39  18  52  66  19  26  56  57  67  27  42  43  53  59  58  49  48  45  46  47  35  68  34  76  77  69  70  71  72  73  74  75  78  79  80  81  88  89  82  83  84  85  92  93  86  87  98  99  90  91  94  100  101  24  25  102  103  95  96  97  


  ==> Energy                -307.443900513
  ==> dE                       -2.44e-07
  ==> Gradient Norm             1.67e+00
  ==> Abs. Max. Deriv.          3.51e-02
  ==> Time-Grad. (s)              78.063
  ==> Time-Energy (s)             18.580
  ==> Time-Iter. (s)              96.644

--------------------------------------------------------------------------------
CEO-ADAPT-VQE iteration: 232
--------------------------------------------------------------------------------
    gate        derivative      name       op1       op2       op3        g_unscaled   penalty
     607        0.00048024      a_ia       607                            0.00096047         2
   70914       -0.00032726        op     24105     24106                 -0.02323572        71
   48731       -0.00032285        om      5317      5318                 -0.01323673        41
    5317       -0.00032285    a_iajb      5317                           -0.01323671        41
   48730       -0.00032285        op      5317      5318                 -0.01323668        41
   57764        0.00031584        op     13394     13395                  0.02621501        83
   13394        0.00031584    a_iajb     13394                            0.02621498        83
   57765        0.00031584        om     13394     13395                  0.02621495        83
   24105       -0.00031395    a_iajb     24105                           -0.02229052        71
   55838       -0.00031134        op     11747     11748                 -0.01525579        49

  ==> Add operator: mvp2 -1: 24105 24106
  ==> Current qubit order: 2  3  4  5  8  14  17  7  9  6  11  61  60  16  10  1  0  12  64  65  15  21  20  13  30  31  36  37  23  55  32  22  62  63  33  54  28  29  44  38  50  40  41  39  52  51  18  66  59  19  26  56  57  67  27  42  43  53  58  49  48  45  46  47  35  68  34  76  77  69  70  71  72  73  74  75  78  79  80  81  88  89  82  83  84  85  92  93  86  87  98  99  90  91  94  100  101  24  25  102  103  95  96  97  


  ==> Energy                -307.444028097
  ==> dE                       -1.28e-04
  ==> Gradient Norm             1.67e+00
  ==> Abs. Max. Deriv.          3.51e-02
  ==> Time-Grad. (s)              78.698
  ==> Time-Energy (s)             33.450
  ==> Time-Iter. (s)             112.149

--------------------------------------------------------------------------------
CEO-ADAPT-VQE iteration: 233
--------------------------------------------------------------------------------
    gate        derivative      name       op1       op2       op3        g_unscaled   penalty
     607        0.00048264      a_ia       607                            0.00096529         2
   73331        0.00039887        om     25962     25964                  0.02353336        59
   73327        0.00037386        om     25962     25963                  0.02205756        59
   25962        0.00037386    a_iajb     25962                            0.02205749        59
   73326        0.00037385        op     25962     25963                  0.02205743        59
    1924       -0.00036430      a_ia      1924                           -0.00145720         4
   73330        0.00034884        op     25962     25964                  0.02058163        59
   84314        0.00032609        op     34304     34305                  0.02510887        77
   84315        0.00032609        om     34304     34305                  0.02510887        77
   48731       -0.00032285        om      5317      5318                 -0.01323681        41

  ==> Add operator: mvp2 -1: 25962 25964
  ==> Current qubit order: 2  3  4  5  8  14  17  7  9  6  11  61  60  16  10  1  0  12  64  65  15  21  20  13  30  31  36  37  23  55  32  22  62  63  33  54  28  29  44  38  50  40  41  39  52  18  66  51  59  19  67  26  56  57  27  42  43  53  58  49  48  45  46  47  35  68  34  76  77  69  70  71  72  73  74  75  78  79  80  81  88  89  82  83  84  85  92  93  86  87  98  99  90  91  94  100  101  24  25  102  103  95  96  97  


  ==> Energy                -307.444227360
  ==> dE                       -1.99e-04
  ==> Gradient Norm             1.67e+00
  ==> Abs. Max. Deriv.          3.51e-02
  ==> Time-Grad. (s)              79.494
  ==> Time-Energy (s)             36.386
  ==> Time-Iter. (s)             115.879

--------------------------------------------------------------------------------
CEO-ADAPT-VQE iteration: 234
--------------------------------------------------------------------------------
    gate        derivative      name       op1       op2       op3        g_unscaled   penalty
     607        0.00049551      a_ia       607                            0.00099101         2
     911       -0.00041910      a_ia       911                           -0.00083820         2
    1924       -0.00036171      a_ia      1924                           -0.00144683         4
   84314        0.00033478        op     34304     34305                  0.02510886        75
   84315        0.00033478        om     34304     34305                  0.02510886        75
   48731       -0.00032285        om      5317      5318                 -0.01323698        41
    5317       -0.00032285    a_iajb      5317                           -0.01323696        41
   48730       -0.00032285        op      5317      5318                 -0.01323694        41
   57764        0.00031584        op     13394     13395                  0.02621512        83
   13394        0.00031584    a_iajb     13394                            0.02621509        83

  ==> Add operator: a_ia 1924
  ==> Current qubit order: 2  3  4  5  8  14  17  7  9  6  11  61  60  16  10  1  0  12  64  65  15  21  20  13  30  31  36  37  23  55  32  22  62  63  33  54  28  29  44  38  50  40  41  39  52  18  66  51  59  19  67  26  56  57  27  42  43  58  53  49  48  45  46  47  35  68  34  76  77  69  70  71  72  73  74  75  78  79  80  81  88  89  82  83  84  85  92  93  86  87  98  99  90  91  94  100  101  24  25  102  103  95  96  97  


  ==> Energy                -307.444229415
  ==> dE                       -2.06e-06
  ==> Gradient Norm             1.67e+00
  ==> Abs. Max. Deriv.          3.51e-02
  ==> Time-Grad. (s)              79.347
  ==> Time-Energy (s)             20.296
  ==> Time-Iter. (s)              99.643

--------------------------------------------------------------------------------
CEO-ADAPT-VQE iteration: 235
--------------------------------------------------------------------------------
    gate        derivative      name       op1       op2       op3        g_unscaled   penalty
     607        0.00048065      a_ia       607                            0.00096131         2
     911       -0.00043290      a_ia       911                           -0.00086580         2
   84314        0.00033478        op     34304     34305                  0.02510886        75
   84315        0.00033478        om     34304     34305                  0.02510886        75
   48731       -0.00032288        om      5317      5318                 -0.01323790        41
    5317       -0.00032288    a_iajb      5317                           -0.01323788        41
   48730       -0.00032287        op      5317      5318                 -0.01323786        41
   57764        0.00031584        op     13394     13395                  0.02621512        83
   13394        0.00031584    a_iajb     13394                            0.02621509        83
   57765        0.00031584        om     13394     13395                  0.02621507        83

  ==> Add operator: op -1: 34304 34305
  ==> Current qubit order: 2  3  4  5  8  14  17  7  9  6  11  61  60  16  10  1  0  12  64  65  15  21  20  13  30  31  36  37  23  55  32  22  62  63  33  54  28  29  44  38  50  40  41  39  52  18  66  51  59  19  67  56  57  42  43  58  53  49  48  26  27  68  69  45  46  47  35  34  76  77  70  71  72  73  74  75  78  79  80  81  88  89  82  83  84  85  92  93  86  87  98  99  90  91  94  100  101  24  25  102  103  95  96  97  


  ==> Energy                -307.444298385
  ==> dE                       -6.90e-05
  ==> Gradient Norm             1.67e+00
  ==> Abs. Max. Deriv.          3.51e-02
  ==> Time-Grad. (s)              79.523
  ==> Time-Energy (s)             15.252
  ==> Time-Iter. (s)              94.774

--------------------------------------------------------------------------------
CEO-ADAPT-VQE iteration: 236
--------------------------------------------------------------------------------
    gate        derivative      name       op1       op2       op3        g_unscaled   penalty
    1228        0.00161633      a_ia      1228                            0.00646531         4
    1190        0.00161328      a_ia      1190                            0.00645312         4
    1180        0.00054209      a_ia      1180                            0.00108419         2
     607        0.00048104      a_ia       607                            0.00096209         2
     911       -0.00043273      a_ia       911                           -0.00086545         2
   97978        0.00033685        op     44728     44729                  0.00976860        29
   97979        0.00033685        om     44728     44729                  0.00976860        29
   48731       -0.00032287        om      5317      5318                 -0.01323753        41
    5317       -0.00032287    a_iajb      5317                           -0.01323753        41
   48730       -0.00032287        op      5317      5318                 -0.01323752        41

  ==> Add operator: a_ia 1228
  ==> Current qubit order: 2  3  4  5  8  14  17  7  9  6  11  61  60  16  10  1  0  12  64  65  15  21  20  13  30  31  36  37  23  55  32  22  62  63  33  54  28  29  44  38  50  40  41  39  52  18  66  51  59  19  67  56  57  42  43  58  53  49  48  26  68  27  69  45  46  47  35  34  76  77  70  71  72  73  74  75  78  79  80  81  88  89  82  83  84  85  92  93  86  87  98  99  90  91  94  100  101  24  25  102  103  95  96  97  


  ==> Energy                -307.444307864
  ==> dE                       -9.48e-06
  ==> Gradient Norm             1.67e+00
  ==> Abs. Max. Deriv.          3.47e-02
  ==> Time-Grad. (s)              78.748
  ==> Time-Energy (s)             18.196
  ==> Time-Iter. (s)              96.944

--------------------------------------------------------------------------------
CEO-ADAPT-VQE iteration: 237
--------------------------------------------------------------------------------
    gate        derivative      name       op1       op2       op3        g_unscaled   penalty
    1190        0.00315297      a_ia      1190                            0.00630594         2
    1180        0.00054211      a_ia      1180                            0.00108422         2
     607        0.00046081      a_ia       607                            0.00092161         2
     911       -0.00045307      a_ia       911                           -0.00090615         2
   48730       -0.00032283        op      5317      5318                 -0.01323588        41
    5317       -0.00032283    a_iajb      5317                           -0.01323584        41
   48731       -0.00032282        om      5317      5318                 -0.01323580        41
    1854        0.00031608      a_ia      1854                            0.00252861         8
   57764        0.00031586        op     13394     13395                  0.02621671        83
   13394        0.00031586    a_iajb     13394                            0.02621668        83

  ==> Add operator: a_ia 1190
  ==> Current qubit order: 2  3  4  5  8  14  17  7  9  6  11  61  60  16  10  1  0  12  64  65  15  21  20  13  30  31  36  37  23  55  32  22  62  63  33  54  28  29  44  38  50  40  41  39  52  18  66  51  59  19  67  56  57  42  43  58  53  49  48  26  68  27  69  45  46  47  35  34  76  77  70  71  72  73  74  75  78  79  80  81  88  89  82  83  84  85  92  93  86  87  98  99  90  91  94  100  101  24  25  102  103  95  96  97  


  ==> Energy                -307.444316903
  ==> dE                       -9.04e-06
  ==> Gradient Norm             1.67e+00
  ==> Abs. Max. Deriv.          3.47e-02
  ==> Time-Grad. (s)              79.110
  ==> Time-Energy (s)             14.709
  ==> Time-Iter. (s)              93.819

--------------------------------------------------------------------------------
CEO-ADAPT-VQE iteration: 238
--------------------------------------------------------------------------------
    gate        derivative      name       op1       op2       op3        g_unscaled   penalty
    1180        0.00054223      a_ia      1180                            0.00108446         2
     607        0.00047335      a_ia       607                            0.00094670         2
     911       -0.00042443      a_ia       911                           -0.00084886         2
   48731       -0.00032278        om      5317      5318                 -0.01323415        41
    5317       -0.00032278    a_iajb      5317                           -0.01323412        41
   48730       -0.00032278        op      5317      5318                 -0.01323410        41
    1854        0.00031735      a_ia      1854                            0.00253881         8
   57764        0.00031586        op     13394     13395                  0.02621667        83
   13394        0.00031586    a_iajb     13394                            0.02621664        83
   57765        0.00031586        om     13394     13395                  0.02621661        83

  ==> Add operator: a_ia 1180
  ==> Current qubit order: 2  3  4  5  8  14  17  7  9  6  11  61  60  16  10  1  0  12  64  65  15  21  20  13  30  31  36  37  23  55  32  22  62  63  33  54  28  29  44  38  50  40  41  39  52  18  66  51  59  19  67  56  57  42  43  58  53  49  48  26  68  27  69  45  46  47  35  34  76  77  70  71  72  73  74  75  78  79  80  81  88  89  82  83  84  85  92  93  86  87  98  99  90  91  94  100  101  24  25  102  103  95  96  97  


  ==> Energy                -307.444407656
  ==> dE                       -9.08e-05
  ==> Gradient Norm             1.67e+00
  ==> Abs. Max. Deriv.          3.47e-02
  ==> Time-Grad. (s)              80.061
  ==> Time-Energy (s)             17.881
  ==> Time-Iter. (s)              97.942

--------------------------------------------------------------------------------
CEO-ADAPT-VQE iteration: 239
--------------------------------------------------------------------------------
    gate        derivative      name       op1       op2       op3        g_unscaled   penalty
     607        0.00046654      a_ia       607                            0.00093308         2
     911       -0.00042467      a_ia       911                           -0.00084935         2
    1905        0.00037610      a_ia      1905                            0.00150442         4
   48731       -0.00032295        om      5317      5318                 -0.01324082        41
    5317       -0.00032295    a_iajb      5317                           -0.01324078        41
   48730       -0.00032294        op      5317      5318                 -0.01324073        41
   57764        0.00031603        op     13394     13395                  0.02623082        83
   13394        0.00031603    a_iajb     13394                            0.02623079        83
   57765        0.00031603        om     13394     13395                  0.02623076        83
    1854        0.00031203      a_ia      1854                            0.00249624         8

  ==> Add operator: a_ia 911
  ==> Current qubit order: 2  3  4  5  8  14  17  7  9  6  11  61  60  16  10  1  0  12  64  65  15  21  20  13  30  31  36  37  23  55  32  22  62  63  33  54  28  29  44  38  50  40  41  39  52  18  66  51  59  19  67  56  57  42  43  58  53  49  48  26  68  27  69  45  46  47  35  34  76  77  70  71  72  73  74  75  78  79  80  81  88  89  82  83  84  85  92  93  86  87  98  99  90  91  94  100  101  24  25  102  103  95  96  97  


  ==> Energy                -307.444407816
  ==> dE                       -1.60e-07
  ==> Gradient Norm             1.67e+00
  ==> Abs. Max. Deriv.          3.47e-02
  ==> Time-Grad. (s)              83.660
  ==> Time-Energy (s)             18.632
  ==> Time-Iter. (s)             102.292

--------------------------------------------------------------------------------
CEO-ADAPT-VQE iteration: 240
--------------------------------------------------------------------------------
    gate        derivative      name       op1       op2       op3        g_unscaled   penalty
     607        0.00045958      a_ia       607                            0.00091917         2
    1905        0.00037623      a_ia      1905                            0.00150494         4
   48731       -0.00032295        om      5317      5318                 -0.01324084        41
    5317       -0.00032295    a_iajb      5317                           -0.01324081        41
   48730       -0.00032295        op      5317      5318                 -0.01324078        41
   57764        0.00031603        op     13394     13395                  0.02623083        83
   13394        0.00031603    a_iajb     13394                            0.02623080        83
   57765        0.00031603        om     13394     13395                  0.02623077        83
    1854        0.00031219      a_ia      1854                            0.00249748         8
   55838       -0.00031122        op     11747     11748                 -0.01524999        49

  ==> Add operator: a_ia 1905
  ==> Current qubit order: 2  3  4  5  8  14  17  7  9  6  11  61  60  16  10  1  0  12  64  65  15  21  20  13  30  31  36  37  23  55  32  22  62  63  33  54  28  29  44  38  50  40  41  39  52  18  66  51  59  19  67  56  57  42  43  58  53  49  26  48  68  27  69  45  46  47  35  34  76  77  70  71  72  73  74  75  78  79  80  81  88  89  82  83  84  85  92  93  86  87  98  99  90  91  94  100  101  24  25  102  103  95  96  97  


  ==> Energy                -307.444408476
  ==> dE                       -6.60e-07
  ==> Gradient Norm             1.67e+00
  ==> Abs. Max. Deriv.          3.47e-02
  ==> Time-Grad. (s)              83.868
  ==> Time-Energy (s)             20.016
  ==> Time-Iter. (s)             103.884

--------------------------------------------------------------------------------
CEO-ADAPT-VQE iteration: 241
--------------------------------------------------------------------------------
    gate        derivative      name       op1       op2       op3        g_unscaled   penalty
     607        0.00045995      a_ia       607                            0.00091989         2
   48731       -0.00032295        om      5317      5318                 -0.01324085        41
    5317       -0.00032295    a_iajb      5317                           -0.01324082        41
   48730       -0.00032295        op      5317      5318                 -0.01324079        41
   57764        0.00031603        op     13394     13395                  0.02623083        83
   13394        0.00031603    a_iajb     13394                            0.02623080        83
   57765        0.00031603        om     13394     13395                  0.02623078        83
    1854        0.00031123      a_ia      1854                            0.00248981         8
   55838       -0.00031122        op     11747     11748                 -0.01524997        49
   11747       -0.00031119    a_iajb     11747                           -0.01524850        49

  ==> Add operator: om -1: 5317 5318
  ==> Current qubit order: 2  3  4  5  8  14  17  7  9  6  11  61  60  16  10  1  0  12  64  65  15  21  20  13  30  31  36  37  23  55  32  22  62  63  33  54  28  29  44  38  50  40  41  39  52  18  66  51  59  19  67  56  57  42  43  58  53  49  26  48  68  27  69  45  46  47  35  34  76  77  70  71  72  73  74  75  78  79  80  81  88  89  82  83  84  85  92  93  86  87  98  99  90  91  94  100  101  24  25  102  103  95  96  97  


  ==> Energy                -307.444425386
  ==> dE                       -1.69e-05
  ==> Gradient Norm             1.67e+00
  ==> Abs. Max. Deriv.          3.47e-02
  ==> Time-Grad. (s)              84.063
  ==> Time-Energy (s)             17.498
  ==> Time-Iter. (s)             101.561

--------------------------------------------------------------------------------
CEO-ADAPT-VQE iteration: 242
--------------------------------------------------------------------------------
    gate        derivative      name       op1       op2       op3        g_unscaled   penalty
     607        0.00045988      a_ia       607                            0.00091975         2
   57764        0.00031603        op     13394     13395                  0.02623082        83
   13394        0.00031603    a_iajb     13394                            0.02623079        83
   57765        0.00031603        om     13394     13395                  0.02623076        83
    1854        0.00031125      a_ia      1854                            0.00249002         8
   55838       -0.00031033        op     11747     11748                 -0.01520611        49
   11747       -0.00031030    a_iajb     11747                           -0.01520463        49
   55839       -0.00031027        om     11747     11748                 -0.01520315        49
    1479        0.00030957      a_ia      1479                            0.00185744         6
    1516       -0.00030695      a_ia      1516                           -0.00184169         6

  ==> Add operator: op -1: 13394 13395
  ==> Current qubit order: 2  3  4  5  8  14  17  7  9  6  11  61  60  16  10  1  0  64  65  15  21  20  30  31  12  13  62  63  36  37  23  55  32  22  33  54  28  29  44  38  50  40  41  39  52  18  66  51  59  19  67  56  57  42  43  58  53  49  26  48  68  27  69  45  46  47  35  34  76  77  70  71  72  73  74  75  78  79  80  81  88  89  82  83  84  85  92  93  86  87  98  99  90  91  94  100  101  24  25  102  103  95  96  97  


  ==> Energy                -307.444497675
  ==> dE                       -7.23e-05
  ==> Gradient Norm             1.67e+00
  ==> Abs. Max. Deriv.          3.47e-02
  ==> Time-Grad. (s)              83.779
  ==> Time-Energy (s)             20.548
  ==> Time-Iter. (s)             104.327

--------------------------------------------------------------------------------
CEO-ADAPT-VQE iteration: 243
--------------------------------------------------------------------------------
    gate        derivative      name       op1       op2       op3        g_unscaled   penalty
    1071       -0.00047541      a_ia      1071                           -0.00285247         6
     651        0.00046216      a_ia       651                            0.00184865         4
     606        0.00046135      a_ia       606                            0.00184540         4
   73494        0.00036213        op     26058     26059                  0.02064145        57
   26058        0.00036213    a_iajb     26058                            0.02064142        57
   73495        0.00036213        om     26058     26059                  0.02064138        57
    1575        0.00033208      a_ia      1575                            0.00132832         4
   53578        0.00032552        op      9784      9785                  0.02962277        91
    9784        0.00032552    a_iajb      9784                            0.02962275        91
   53579        0.00032552        om      9784      9785                  0.02962273        91

  ==> Add operator: a_ia 1071
  ==> Current qubit order: 2  3  4  5  8  14  17  7  9  6  11  61  60  16  10  1  0  64  65  15  21  20  30  31  12  13  62  36  37  63  23  55  32  22  33  54  28  29  44  38  50  40  41  39  52  18  66  51  59  19  67  56  57  42  43  58  53  49  26  48  68  27  69  45  46  47  35  34  76  77  70  71  72  73  74  75  78  79  80  81  88  89  82  83  84  85  92  93  86  87  98  99  90  91  94  100  101  24  25  102  103  95  96  97  


  ==> Energy                -307.444499812
  ==> dE                       -2.14e-06
  ==> Gradient Norm             1.67e+00
  ==> Abs. Max. Deriv.          3.47e-02
  ==> Time-Grad. (s)              83.679
  ==> Time-Energy (s)             19.582
  ==> Time-Iter. (s)             103.261

--------------------------------------------------------------------------------
CEO-ADAPT-VQE iteration: 244
--------------------------------------------------------------------------------
    gate        derivative      name       op1       op2       op3        g_unscaled   penalty
    1575        0.00066968      a_ia      1575                            0.00133936         2
    1542        0.00064517      a_ia      1542                            0.00129035         2
     606        0.00045640      a_ia       606                            0.00182561         4
   73494        0.00033847        op     26058     26059                  0.02064637        61
   26058        0.00033846    a_iajb     26058                            0.02064634        61
   73495        0.00033846        om     26058     26059                  0.02064631        61
      31       -0.00031301      a_ia        31                           -0.00062602         2
   53578        0.00031181        op      9784      9785                  0.02962185        95
    9784        0.00031181    a_iajb      9784                            0.02962183        95
   53579        0.00031181        om      9784      9785                  0.02962180        95

  ==> Add operator: a_ia 1575
  ==> Current qubit order: 2  3  4  5  8  14  17  7  9  6  11  61  60  16  10  1  0  64  65  15  21  20  30  31  12  13  62  36  37  63  23  55  32  22  33  54  28  29  44  38  50  40  41  39  52  18  66  51  59  19  67  56  57  42  43  58  53  49  26  48  68  27  69  45  46  47  35  34  76  77  70  71  72  73  74  75  78  79  80  81  88  89  82  83  84  85  92  93  86  87  98  99  90  91  94  100  101  24  25  102  103  95  96  97  


  ==> Energy                -307.444500338
  ==> dE                       -5.26e-07
  ==> Gradient Norm             1.67e+00
  ==> Abs. Max. Deriv.          3.47e-02
  ==> Time-Grad. (s)              83.588
  ==> Time-Energy (s)             19.332
  ==> Time-Iter. (s)             102.919

--------------------------------------------------------------------------------
CEO-ADAPT-VQE iteration: 245
--------------------------------------------------------------------------------
    gate        derivative      name       op1       op2       op3        g_unscaled   penalty
    1542        0.00063968      a_ia      1542                            0.00127937         2
     606        0.00045644      a_ia       606                            0.00182576         4
   73494        0.00033850        op     26058     26059                  0.02064860        61
   26058        0.00033850    a_iajb     26058                            0.02064857        61
   73495        0.00033850        om     26058     26059                  0.02064854        61
      31       -0.00031326      a_ia        31                           -0.00062653         2
   53578        0.00031181        op      9784      9785                  0.02962182        95
    9784        0.00031181    a_iajb      9784                            0.02962179        95
   53579        0.00031181        om      9784      9785                  0.02962177        95
    1854        0.00031167      a_ia      1854                            0.00249335         8

  ==> Add operator: a_ia 1542
  ==> Current qubit order: 2  3  4  5  8  14  17  7  9  6  11  61  60  16  10  1  0  64  65  15  21  20  30  31  12  13  62  36  37  63  23  55  32  22  33  54  28  29  44  38  50  40  41  39  52  18  66  51  59  19  67  56  57  42  43  58  53  49  26  48  68  27  69  45  46  47  35  34  76  77  70  71  72  73  74  75  78  79  80  81  88  89  82  83  84  85  92  93  86  87  98  99  90  91  94  100  101  24  25  102  103  95  96  97  


  ==> Energy                -307.444500816
  ==> dE                       -4.78e-07
  ==> Gradient Norm             1.67e+00
  ==> Abs. Max. Deriv.          3.47e-02
  ==> Time-Grad. (s)              83.793
  ==> Time-Energy (s)             19.420
  ==> Time-Iter. (s)             103.213

--------------------------------------------------------------------------------
CEO-ADAPT-VQE iteration: 246
--------------------------------------------------------------------------------
    gate        derivative      name       op1       op2       op3        g_unscaled   penalty
     606        0.00045318      a_ia       606                            0.00181271         4
   73494        0.00033854        op     26058     26059                  0.02065075        61
   26058        0.00033854    a_iajb     26058                            0.02065072        61
   73495        0.00033854        om     26058     26059                  0.02065069        61
      31       -0.00031315      a_ia        31                           -0.00062631         2
   53578        0.00031181        op      9784      9785                  0.02962179        95
    9784        0.00031181    a_iajb      9784                            0.02962176        95
   53579        0.00031181        om      9784      9785                  0.02962174        95
    1854        0.00031161      a_ia      1854                            0.00249288         8
   55838       -0.00031033        op     11747     11748                 -0.01520610        49

  ==> Add operator: a_ia 606
  ==> Current qubit order: 2  3  4  5  8  14  17  7  9  6  11  61  60  16  10  1  0  64  65  15  21  20  30  31  13  12  62  36  37  63  23  55  32  22  33  54  28  29  44  38  50  40  41  39  52  18  66  51  59  19  67  56  57  42  43  58  53  49  26  48  68  27  69  45  46  47  35  34  76  77  70  71  72  73  74  75  78  79  80  81  88  89  82  83  84  85  92  93  86  87  98  99  90  91  94  100  101  24  25  102  103  95  96  97  


  ==> Energy                -307.444501523
  ==> dE                       -7.08e-07
  ==> Gradient Norm             1.67e+00
  ==> Abs. Max. Deriv.          3.47e-02
  ==> Time-Grad. (s)              84.168
  ==> Time-Energy (s)             17.521
  ==> Time-Iter. (s)             101.689

--------------------------------------------------------------------------------
CEO-ADAPT-VQE iteration: 247
--------------------------------------------------------------------------------
    gate        derivative      name       op1       op2       op3        g_unscaled   penalty
   73494        0.00033871        op     26058     26059                  0.02066153        61
   26058        0.00033871    a_iajb     26058                            0.02066150        61
   73495        0.00033871        om     26058     26059                  0.02066146        61
      31       -0.00031575      a_ia        31                           -0.00063151         2
   53578        0.00031177        op      9784      9785                  0.02961856        95
    9784        0.00031177    a_iajb      9784                            0.02961853        95
   53579        0.00031177        om      9784      9785                  0.02961851        95
    1854        0.00031168      a_ia      1854                            0.00249344         8
   55838       -0.00031033        op     11747     11748                 -0.01520614        49
   11747       -0.00031030    a_iajb     11747                           -0.01520466        49

  ==> Add operator: op -1: 26058 26059
  ==> Current qubit order: 2  3  4  5  8  14  17  7  9  6  11  61  60  16  10  1  0  64  65  15  30  31  21  20  62  63  13  12  36  37  23  55  32  22  33  54  28  29  44  38  50  40  41  39  52  18  66  51  59  19  67  56  57  42  43  58  53  49  26  48  68  27  69  45  46  47  35  34  76  77  70  71  72  73  74  75  78  79  80  81  88  89  82  83  84  85  92  93  86  87  98  99  90  91  94  100  101  24  25  102  103  95  96  97  


  ==> Energy                -307.444552124
  ==> dE                       -5.06e-05
  ==> Gradient Norm             1.67e+00
  ==> Abs. Max. Deriv.          3.47e-02
  ==> Time-Grad. (s)              84.479
  ==> Time-Energy (s)             14.324
  ==> Time-Iter. (s)              98.803

--------------------------------------------------------------------------------
CEO-ADAPT-VQE iteration: 248
--------------------------------------------------------------------------------
    gate        derivative      name       op1       op2       op3        g_unscaled   penalty
     651        0.00094666      a_ia       651                            0.00189333         2
     950       -0.00063201      a_ia       950                           -0.00126403         2
   53578        0.00035470        op      9784      9785                  0.02944012        83
    9784        0.00035470    a_iajb      9784                            0.02944009        83
   53579        0.00035470        om      9784      9785                  0.02944006        83
   63752        0.00031908        op     18374     18375                  0.02137851        67
   18374        0.00031908    a_iajb     18374                            0.02137849        67
   63753        0.00031908        om     18374     18375                  0.02137848        67
      31       -0.00031561      a_ia        31                           -0.00063122         2
   48614        0.00031396        op      5204      5205                  0.03108163        99

  ==> Add operator: a_ia 651
  ==> Current qubit order: 2  3  4  5  8  14  17  7  9  6  11  61  60  16  10  1  0  64  65  15  30  31  21  20  62  63  13  12  36  37  23  55  32  22  33  54  28  29  44  38  50  40  41  39  52  18  66  51  59  19  67  56  57  42  43  58  53  49  26  48  68  27  69  45  46  47  35  34  76  77  70  71  72  73  74  75  78  79  80  81  88  89  82  83  84  85  92  93  86  87  98  99  90  91  94  100  101  24  25  102  103  95  96  97  


  ==> Energy                -307.444552913
  ==> dE                       -7.88e-07
  ==> Gradient Norm             1.67e+00
  ==> Abs. Max. Deriv.          3.45e-02
  ==> Time-Grad. (s)              84.016
  ==> Time-Energy (s)             19.570
  ==> Time-Iter. (s)             103.587

--------------------------------------------------------------------------------
CEO-ADAPT-VQE iteration: 249
--------------------------------------------------------------------------------
    gate        derivative      name       op1       op2       op3        g_unscaled   penalty
     950       -0.00063067      a_ia       950                           -0.00126135         2
   53578        0.00035466        op      9784      9785                  0.02943681        83
    9784        0.00035466    a_iajb      9784                            0.02943678        83
   53579        0.00035466        om      9784      9785                  0.02943675        83
   63752        0.00031902        op     18374     18375                  0.02137406        67
   18374        0.00031902    a_iajb     18374                            0.02137405        67
   63753        0.00031902        om     18374     18375                  0.02137403        67
      31       -0.00031520      a_ia        31                           -0.00063040         2
   48614        0.00031393        op      5204      5205                  0.03107917        99
    5204        0.00031393    a_iajb      5204                            0.03107914        99

  ==> Add operator: a_ia 950
  ==> Current qubit order: 2  3  4  5  8  14  17  7  9  6  11  61  60  16  10  1  0  64  65  15  30  31  21  20  62  63  13  12  36  37  23  55  32  22  33  54  28  29  44  38  50  40  41  39  52  18  66  51  59  19  67  56  57  42  43  58  53  49  26  48  68  27  69  45  46  47  35  34  76  77  70  71  72  73  74  75  78  79  80  81  88  89  82  83  84  85  92  93  86  87  98  99  90  91  94  100  101  24  25  102  103  95  96  97  


  ==> Energy                -307.444553318
  ==> dE                       -4.05e-07
  ==> Gradient Norm             1.67e+00
  ==> Abs. Max. Deriv.          3.45e-02
  ==> Time-Grad. (s)              84.573
  ==> Time-Energy (s)             18.995
  ==> Time-Iter. (s)             103.568

--------------------------------------------------------------------------------
CEO-ADAPT-VQE iteration: 250
--------------------------------------------------------------------------------
    gate        derivative      name       op1       op2       op3        g_unscaled   penalty
   53578        0.00035470        op      9784      9785                  0.02943972        83
    9784        0.00035470    a_iajb      9784                            0.02943969        83
   53579        0.00035469        om      9784      9785                  0.02943966        83
   63752        0.00031898        op     18374     18375                  0.02137185        67
   18374        0.00031898    a_iajb     18374                            0.02137183        67
   63753        0.00031898        om     18374     18375                  0.02137182        67
      31       -0.00031750      a_ia        31                           -0.00063499         2
   48614        0.00031394        op      5204      5205                  0.03108028        99
    5204        0.00031394    a_iajb      5204                            0.03108025        99
   48615        0.00031394        om      5204      5205                  0.03108022        99

  ==> Add operator: op -1: 9784 9785
  ==> Current qubit order: 2  3  4  5  8  14  17  7  9  6  61  60  16  1  0  64  11  10  62  63  65  15  30  31  21  20  13  12  36  37  23  55  32  22  33  54  28  29  44  38  50  40  41  39  52  18  66  51  59  19  67  56  57  42  43  58  53  49  26  48  68  27  69  45  46  47  35  34  76  77  70  71  72  73  74  75  78  79  80  81  88  89  82  83  84  85  92  93  86  87  98  99  90  91  94  100  101  24  25  102  103  95  96  97  


  ==> Energy                -307.444636456
  ==> dE                       -8.31e-05
  ==> Gradient Norm             1.67e+00
  ==> Abs. Max. Deriv.          3.45e-02
  ==> Time-Grad. (s)              84.734
  ==> Time-Energy (s)             18.442
  ==> Time-Iter. (s)             103.176

--------------------------------------------------------------------------------
CEO-ADAPT-VQE iteration: 251
--------------------------------------------------------------------------------
    gate        derivative      name       op1       op2       op3        g_unscaled   penalty
     515       -0.00217930      a_ia       515                           -0.00435859         2
     561       -0.00083836      a_ia       561                           -0.00503014         6
   48614        0.00040314        op      5204      5205                  0.03023582        75
    5204        0.00040314    a_iajb      5204                            0.03023579        75
   48615        0.00040314        om      5204      5205                  0.03023576        75
   65018        0.00039544        op     19406     19407                  0.02807622        71
   19406        0.00039544    a_iajb     19406                            0.02807620        71
   65019        0.00039544        om     19406     19407                  0.02807618        71
   48750        0.00035796        op      5337      5338                  0.02111944        59
    5337        0.00035781    a_iajb      5337                            0.02111105        59

  ==> Add operator: a_ia 515
  ==> Current qubit order: 2  3  4  5  8  14  17  7  9  6  61  60  16  1  0  64  11  10  62  63  65  15  30  31  21  20  13  12  36  37  23  55  32  22  33  54  28  29  44  38  50  40  41  39  52  18  66  51  59  19  67  56  57  42  43  58  53  49  26  48  68  27  69  45  46  47  35  34  76  77  70  71  72  73  74  75  78  79  80  81  88  89  82  83  84  85  92  93  86  87  98  99  90  91  94  100  101  24  25  102  103  95  96  97  


  ==> Energy                -307.444640236
  ==> dE                       -3.78e-06
  ==> Gradient Norm             1.67e+00
  ==> Abs. Max. Deriv.          3.45e-02
  ==> Time-Grad. (s)              84.342
  ==> Time-Energy (s)             20.381
  ==> Time-Iter. (s)             104.724

--------------------------------------------------------------------------------
CEO-ADAPT-VQE iteration: 252
--------------------------------------------------------------------------------
    gate        derivative      name       op1       op2       op3        g_unscaled   penalty
     561       -0.00082086      a_ia       561                           -0.00492518         6
   48615        0.00040280        om      5204      5205                  0.03020971        75
    5204        0.00040280    a_iajb      5204                            0.03020968        75
   48614        0.00040280        op      5204      5205                  0.03020966        75
   65018        0.00039577        op     19406     19407                  0.02809959        71
   19406        0.00039577    a_iajb     19406                            0.02809956        71
   65019        0.00039577        om     19406     19407                  0.02809953        71
   48750        0.00035763        op      5337      5338                  0.02110006        59
    5337        0.00035749    a_iajb      5337                            0.02109162        59
   48751        0.00035734        om      5337      5338                  0.02108318        59

  ==> Add operator: a_ia 561
  ==> Current qubit order: 2  3  4  5  8  14  17  7  9  6  61  60  16  1  0  64  10  62  11  63  65  15  30  31  21  20  13  12  36  37  23  55  32  22  33  54  28  29  44  38  50  40  41  39  52  18  66  51  59  19  67  56  57  42  43  58  53  49  26  48  68  27  69  45  46  47  35  34  76  77  70  71  72  73  74  75  78  79  80  81  88  89  82  83  84  85  92  93  86  87  98  99  90  91  94  100  101  24  25  102  103  95  96  97  


  ==> Energy                -307.444645082
  ==> dE                       -4.85e-06
  ==> Gradient Norm             1.67e+00
  ==> Abs. Max. Deriv.          3.45e-02
  ==> Time-Grad. (s)              85.147
  ==> Time-Energy (s)             18.161
  ==> Time-Iter. (s)             103.308

--------------------------------------------------------------------------------
CEO-ADAPT-VQE iteration: 253
--------------------------------------------------------------------------------
    gate        derivative      name       op1       op2       op3        g_unscaled   penalty
   48614        0.00041343        op      5204      5205                  0.03018061        73
    5204        0.00041343    a_iajb      5204                            0.03018057        73
   48615        0.00041343        om      5204      5205                  0.03018052        73
   65018        0.00040763        op     19406     19407                  0.02812630        69
   19406        0.00040763    a_iajb     19406                            0.02812627        69
   65019        0.00040763        om     19406     19407                  0.02812624        69
   48762        0.00033029        op      5349      5350                  0.02080825        63
    5349        0.00033028    a_iajb      5349                            0.02080791        63
   48763        0.00033028        om      5349      5350                  0.02080757        63
   46076        0.00032759        op      2732      2733                  0.01932799        59

  ==> Add operator: op -1: 5204 5205
  ==> Current qubit order: 2  3  4  5  8  14  17  9  61  60  16  7  6  62  63  1  0  64  10  11  65  15  30  31  21  20  13  12  36  37  23  55  32  22  33  54  28  29  44  38  50  40  41  39  52  18  66  51  59  19  67  56  57  42  43  58  53  49  26  48  68  27  69  45  46  47  35  34  76  77  70  71  72  73  74  75  78  79  80  81  88  89  82  83  84  85  92  93  86  87  98  99  90  91  94  100  101  24  25  102  103  95  96  97  


  ==> Energy                -307.444843011
  ==> dE                       -1.98e-04
  ==> Gradient Norm             1.67e+00
  ==> Abs. Max. Deriv.          3.45e-02
  ==> Time-Grad. (s)              85.989
  ==> Time-Energy (s)            448.197
  ==> Time-Iter. (s)             534.186

--------------------------------------------------------------------------------
CEO-ADAPT-VQE iteration: 254
--------------------------------------------------------------------------------
    gate        derivative      name       op1       op2       op3        g_unscaled   penalty
     327       -0.00063939      a_ia       327                           -0.00127879         2
     562       -0.00063500      a_ia       562                           -0.00127001         2
      81        0.00053605      a_ia        81                            0.00107210         2
   65018        0.00050955        op     19406     19407                  0.02802540        55
   19406        0.00050955    a_iajb     19406                            0.02802536        55
   65019        0.00050955        om     19406     19407                  0.02802533        55
     694        0.00043409      a_ia       694                            0.00347270         8
     421        0.00038750      a_ia       421                            0.00387504        10
     824        0.00036739      a_ia       824                            0.00146956         4
   48750        0.00035159        op      5337      5338                  0.02144715        61

  ==> Add operator: a_ia 327
  ==> Current qubit order: 2  3  4  5  8  14  17  9  61  60  16  7  6  62  63  1  0  64  10  11  65  15  30  31  21  20  13  12  36  37  23  55  32  22  33  54  28  29  44  38  50  40  41  39  52  18  66  51  59  19  67  56  57  42  43  58  53  49  26  48  68  27  69  45  46  47  35  34  76  77  70  71  72  73  74  75  78  79  80  81  88  89  82  83  84  85  92  93  86  87  98  99  90  91  94  100  101  24  25  102  103  95  96  97  


  ==> Energy                -307.444843342
  ==> dE                       -3.31e-07
  ==> Gradient Norm             1.67e+00
  ==> Abs. Max. Deriv.          3.46e-02
  ==> Time-Grad. (s)              86.371
  ==> Time-Energy (s)             22.510
  ==> Time-Iter. (s)             108.881

--------------------------------------------------------------------------------
CEO-ADAPT-VQE iteration: 255
--------------------------------------------------------------------------------
    gate        derivative      name       op1       op2       op3        g_unscaled   penalty
     562       -0.00062588      a_ia       562                           -0.00125177         2
      81        0.00053421      a_ia        81                            0.00106841         2
   65018        0.00050966        op     19406     19407                  0.02803113        55
   19406        0.00050966    a_iajb     19406                            0.02803110        55
   65019        0.00050966        om     19406     19407                  0.02803107        55
     694        0.00043362      a_ia       694                            0.00346900         8
     421        0.00038745      a_ia       421                            0.00387447        10
     824        0.00036652      a_ia       824                            0.00146608         4
   48750        0.00035164        op      5337      5338                  0.02145011        61
    5337        0.00035154    a_iajb      5337                            0.02144415        61

  ==> Add operator: a_ia 562
  ==> Current qubit order: 2  3  4  5  8  14  17  9  61  60  16  7  6  62  63  1  0  64  10  11  65  15  30  31  21  20  13  12  36  37  23  55  32  22  33  54  28  29  44  38  50  40  41  39  52  18  66  51  59  19  67  56  57  42  43  58  53  49  26  48  68  27  69  45  46  47  35  34  76  77  70  71  72  73  74  75  78  79  80  81  88  89  82  83  84  85  92  93  86  87  98  99  90  91  94  100  101  24  25  102  103  95  96  97  


  ==> Energy                -307.444843693
  ==> dE                       -3.51e-07
  ==> Gradient Norm             1.67e+00
  ==> Abs. Max. Deriv.          3.46e-02
  ==> Time-Grad. (s)              86.304
  ==> Time-Energy (s)             21.475
  ==> Time-Iter. (s)             107.779

--------------------------------------------------------------------------------
CEO-ADAPT-VQE iteration: 256
--------------------------------------------------------------------------------
    gate        derivative      name       op1       op2       op3        g_unscaled   penalty
      81        0.00053734      a_ia        81                            0.00107467         2
   65018        0.00050966        op     19406     19407                  0.02803112        55
   19406        0.00050966    a_iajb     19406                            0.02803109        55
   65019        0.00050966        om     19406     19407                  0.02803106        55
     694        0.00043296      a_ia       694                            0.00346371         8
     421        0.00038732      a_ia       421                            0.00387325        10
     824        0.00036699      a_ia       824                            0.00146798         4
   48750        0.00035165        op      5337      5338                  0.02145074        61
    5337        0.00035155    a_iajb      5337                            0.02144425        61
   50535        0.00035150        om      6974      6975                  0.02144120        61

  ==> Add operator: a_ia 81
  ==> Current qubit order: 2  3  4  5  8  14  17  9  61  60  16  7  6  62  63  1  0  64  10  11  65  15  30  31  21  20  13  12  36  37  23  55  32  22  33  54  28  29  44  38  50  40  41  39  52  18  66  51  59  19  67  56  57  42  43  58  53  49  26  48  68  27  69  45  46  47  35  34  76  77  70  71  72  73  74  75  78  79  80  81  88  89  82  83  84  85  92  93  86  87  98  99  90  91  94  100  101  24  25  102  103  95  96  97  


  ==> Energy                -307.444843855
  ==> dE                       -1.62e-07
  ==> Gradient Norm             1.67e+00
  ==> Abs. Max. Deriv.          3.46e-02
  ==> Time-Grad. (s)              86.971
  ==> Time-Energy (s)             21.936
  ==> Time-Iter. (s)             108.907

--------------------------------------------------------------------------------
CEO-ADAPT-VQE iteration: 257
--------------------------------------------------------------------------------
    gate        derivative      name       op1       op2       op3        g_unscaled   penalty
   65018        0.00050966        op     19406     19407                  0.02803130        55
   19406        0.00050966    a_iajb     19406                            0.02803127        55
   65019        0.00050966        om     19406     19407                  0.02803124        55
     694        0.00043298      a_ia       694                            0.00346388         8
     421        0.00038716      a_ia       421                            0.00387158        10
     824        0.00036714      a_ia       824                            0.00146855         4
   48750        0.00035165        op      5337      5338                  0.02145074        61
    5337        0.00035155    a_iajb      5337                            0.02144426        61
   50535        0.00035151        om      6974      6975                  0.02144188        61
   48751        0.00035144        om      5337      5338                  0.02143777        61

  ==> Add operator: op -1: 19406 19407
  ==> Current qubit order: 2  3  4  5  8  14  9  61  60  7  17  16  62  63  6  1  0  64  10  11  65  15  30  31  21  20  13  12  36  37  23  55  32  22  33  54  28  29  44  38  50  40  41  39  52  18  66  51  59  19  67  56  57  42  43  58  53  49  26  48  68  27  69  45  46  47  35  34  76  77  70  71  72  73  74  75  78  79  80  81  88  89  82  83  84  85  92  93  86  87  98  99  90  91  94  100  101  24  25  102  103  95  96  97  


  ==> Energy                -307.444933569
  ==> dE                       -8.97e-05
  ==> Gradient Norm             1.67e+00
  ==> Abs. Max. Deriv.          3.46e-02
  ==> Time-Grad. (s)              87.199
  ==> Time-Energy (s)             17.797
  ==> Time-Iter. (s)             104.995

--------------------------------------------------------------------------------
CEO-ADAPT-VQE iteration: 258
--------------------------------------------------------------------------------
    gate        derivative      name       op1       op2       op3        g_unscaled   penalty
     782       -0.00085213      a_ia       782                           -0.00170426         2
     694        0.00057743      a_ia       694                            0.00346459         6
     421        0.00048384      a_ia       421                            0.00387075         8
   62497        0.00039329        om     17352     17353                  0.02241765        57
   17352        0.00039329    a_iajb     17352                            0.02241765        57
   62496        0.00039329        op     17352     17353                  0.02241764        57
   65009        0.00033151        om     19396     19397                  0.01491779        45
   19396        0.00033148    a_iajb     19396                            0.01491675        45
   65008        0.00033146        op     19396     19397                  0.01491571        45
   48750        0.00032015        op      5337      5338                  0.02144985        67

  ==> Add operator: a_ia 782
  ==> Current qubit order: 2  3  4  5  8  14  9  61  60  7  17  16  62  63  6  1  0  64  10  11  65  15  30  31  21  20  13  12  36  37  23  55  32  22  33  54  28  29  44  38  50  40  41  39  52  18  66  51  59  19  67  56  57  42  43  58  53  49  26  48  68  27  69  45  46  47  35  34  76  77  70  71  72  73  74  75  78  79  80  81  88  89  82  83  84  85  92  93  86  87  98  99  90  91  94  100  101  24  25  102  103  95  96  97  


  ==> Energy                -307.444934280
  ==> dE                       -7.11e-07
  ==> Gradient Norm             1.66e+00
  ==> Abs. Max. Deriv.          3.46e-02
  ==> Time-Grad. (s)              86.512
  ==> Time-Energy (s)             18.583
  ==> Time-Iter. (s)             105.096

--------------------------------------------------------------------------------
CEO-ADAPT-VQE iteration: 259
--------------------------------------------------------------------------------
    gate        derivative      name       op1       op2       op3        g_unscaled   penalty
     694        0.00057722      a_ia       694                            0.00346329         6
     421        0.00048377      a_ia       421                            0.00387013         8
   62496        0.00039321        op     17352     17353                  0.02241271        57
   17352        0.00039321    a_iajb     17352                            0.02241271        57
   62497        0.00039321        om     17352     17353                  0.02241271        57
   65009        0.00033147        om     19396     19397                  0.01491604        45
   19396        0.00033144    a_iajb     19396                            0.01491499        45
   65008        0.00033142        op     19396     19397                  0.01491394        45
   48750        0.00032020        op      5337      5338                  0.02145350        67
    5337        0.00032010    a_iajb      5337                            0.02144694        67

  ==> Add operator: a_ia 694
  ==> Current qubit order: 2  3  4  5  8  9  61  14  60  7  17  16  62  63  6  1  0  64  10  11  65  15  30  31  21  20  13  12  36  37  23  55  32  22  33  54  28  29  44  38  50  40  41  39  52  18  66  51  59  19  67  56  57  42  43  58  53  49  26  48  68  27  69  45  46  47  35  34  76  77  70  71  72  73  74  75  78  79  80  81  88  89  82  83  84  85  92  93  86  87  98  99  90  91  94  100  101  24  25  102  103  95  96  97  


  ==> Energy                -307.444937049
  ==> dE                       -2.77e-06
  ==> Gradient Norm             1.66e+00
  ==> Abs. Max. Deriv.          3.46e-02
  ==> Time-Grad. (s)              87.090
  ==> Time-Energy (s)             18.869
  ==> Time-Iter. (s)             105.959

--------------------------------------------------------------------------------
CEO-ADAPT-VQE iteration: 260
--------------------------------------------------------------------------------
    gate        derivative      name       op1       op2       op3        g_unscaled   penalty
     421        0.00048754      a_ia       421                            0.00390033         8
   62496        0.00042291        op     17352     17353                  0.02241431        53
   17352        0.00042291    a_iajb     17352                            0.02241423        53
   62497        0.00042291        om     17352     17353                  0.02241414        53
     278        0.00035835      a_ia       278                            0.00215011         6
   48750        0.00032020        op      5337      5338                  0.02145356        67
    5337        0.00032010    a_iajb      5337                            0.02144702        67
   50535        0.00032002        om      6974      6975                  0.02144101        67
   48751        0.00032001        om      5337      5338                  0.02144047        67
    6974        0.00031978    a_iajb      6974                            0.02142493        67

  ==> Add operator: a_ia 421
  ==> Current qubit order: 2  3  4  5  9  61  14  8  60  7  17  16  62  63  6  1  0  64  10  11  65  15  30  31  21  20  13  12  36  37  23  55  32  22  33  54  28  29  44  38  50  40  41  39  52  18  66  51  59  19  67  56  57  42  43  58  53  49  26  48  68  27  69  45  46  47  35  34  76  77  70  71  72  73  74  75  78  79  80  81  88  89  82  83  84  85  92  93  86  87  98  99  90  91  94  100  101  24  25  102  103  95  96  97  


  ==> Energy                -307.444940002
  ==> dE                       -2.95e-06
  ==> Gradient Norm             1.66e+00
  ==> Abs. Max. Deriv.          3.46e-02
  ==> Time-Grad. (s)              87.770
  ==> Time-Energy (s)             15.098
  ==> Time-Iter. (s)             102.868

--------------------------------------------------------------------------------
CEO-ADAPT-VQE iteration: 261
--------------------------------------------------------------------------------
    gate        derivative      name       op1       op2       op3        g_unscaled   penalty
     278        0.00053784      a_ia       278                            0.00215135         4
   62496        0.00040753        op     17352     17353                  0.02241429        55
   17352        0.00040753    a_iajb     17352                            0.02241420        55
   62497        0.00040753        om     17352     17353                  0.02241412        55
   48750        0.00032020        op      5337      5338                  0.02145356        67
    5337        0.00032010    a_iajb      5337                            0.02144702        67
   50535        0.00032001        om      6974      6975                  0.02144100        67
   48751        0.00032001        om      5337      5338                  0.02144047        67
    6974        0.00031977    a_iajb      6974                            0.02142492        67
   50534        0.00031953        op      6974      6975                  0.02140884        67

  ==> Add operator: a_ia 278
  ==> Current qubit order: 2  3  4  9  5  61  14  8  60  7  17  16  62  63  6  1  0  64  10  11  65  15  30  31  21  20  13  12  36  37  23  55  32  22  33  54  28  29  44  38  50  40  41  39  52  18  66  51  59  19  67  56  57  42  43  58  53  49  26  48  68  27  69  45  46  47  35  34  76  77  70  71  72  73  74  75  78  79  80  81  88  89  82  83  84  85  92  93  86  87  98  99  90  91  94  100  101  24  25  102  103  95  96  97  


  ==> Energy                -307.444940832
  ==> dE                       -8.31e-07
  ==> Gradient Norm             1.66e+00
  ==> Abs. Max. Deriv.          3.46e-02
  ==> Time-Grad. (s)              88.768
  ==> Time-Energy (s)             22.194
  ==> Time-Iter. (s)             110.963

--------------------------------------------------------------------------------
CEO-ADAPT-VQE iteration: 262
--------------------------------------------------------------------------------
    gate        derivative      name       op1       op2       op3        g_unscaled   penalty
   62496        0.00040753        op     17352     17353                  0.02241431        55
   17352        0.00040753    a_iajb     17352                            0.02241422        55
   62497        0.00040753        om     17352     17353                  0.02241414        55
   48750        0.00032020        op      5337      5338                  0.02145356        67
    5337        0.00032010    a_iajb      5337                            0.02144703        67
   50535        0.00032001        om      6974      6975                  0.02144099        67
   48751        0.00032001        om      5337      5338                  0.02144049        67
    6974        0.00031977    a_iajb      6974                            0.02142491        67
   50534        0.00031953        op      6974      6975                  0.02140883        67
   48762        0.00031678        op      5349      5350                  0.02122419        67

  ==> Add operator: op -1: 17352 17353
  ==> Current qubit order: 2  3  4  9  5  61  8  60  14  17  62  63  7  16  6  1  0  64  10  11  65  15  30  31  21  20  13  12  36  37  23  55  32  22  33  54  28  29  44  38  50  40  41  39  52  18  66  51  59  19  67  56  57  42  43  58  53  49  26  48  68  27  69  45  46  47  35  34  76  77  70  71  72  73  74  75  78  79  80  81  88  89  82  83  84  85  92  93  86  87  98  99  90  91  94  100  101  24  25  102  103  95  96  97  


  ==> Energy                -307.444996480
  ==> dE                       -5.56e-05
  ==> Gradient Norm             1.66e+00
  ==> Abs. Max. Deriv.          3.46e-02
  ==> Time-Grad. (s)              89.025
  ==> Time-Energy (s)             18.467
  ==> Time-Iter. (s)             107.492

--------------------------------------------------------------------------------
CEO-ADAPT-VQE iteration: 263
--------------------------------------------------------------------------------
    gate        derivative      name       op1       op2       op3        g_unscaled   penalty
     375       -0.00065888      a_ia       375                           -0.00131775         2
     825       -0.00041205      a_ia       825                           -0.00164821         4
   46443        0.00035017        om      3077      3078                  0.01925959        55
    3077        0.00035015    a_iajb      3077                            0.01925807        55
   46442        0.00035012        op      3077      3078                  0.01925655        55
    1516       -0.00031418      a_ia      1516                           -0.00188507         6
      31       -0.00031196      a_ia        31                           -0.00062392         2
    1854        0.00030813      a_ia      1854                            0.00246506         8
    1479        0.00030803      a_ia      1479                            0.00184818         6
    1481        0.00030753      a_ia      1481                            0.00430546        14

  ==> Add operator: a_ia 375
  ==> Current qubit order: 2  3  4  9  5  61  8  60  14  17  62  63  7  16  6  1  0  64  10  11  65  15  30  31  21  20  13  12  36  37  23  55  32  22  33  54  28  29  44  38  50  40  41  39  52  18  66  51  59  19  67  56  57  42  43  58  53  49  26  48  68  27  69  45  46  47  35  34  76  77  70  71  72  73  74  75  78  79  80  81  88  89  82  83  84  85  92  93  86  87  98  99  90  91  94  100  101  24  25  102  103  95  96  97  


  ==> Energy                -307.444996867
  ==> dE                       -3.87e-07
  ==> Gradient Norm             1.66e+00
  ==> Abs. Max. Deriv.          3.46e-02
  ==> Time-Grad. (s)              87.996
  ==> Time-Energy (s)             22.346
  ==> Time-Iter. (s)             110.342

--------------------------------------------------------------------------------
CEO-ADAPT-VQE iteration: 264
--------------------------------------------------------------------------------
    gate        derivative      name       op1       op2       op3        g_unscaled   penalty
     825       -0.00041472      a_ia       825                           -0.00165888         4
   46443        0.00035017        om      3077      3078                  0.01925962        55
    3077        0.00035015    a_iajb      3077                            0.01925810        55
   46442        0.00035012        op      3077      3078                  0.01925658        55
    1516       -0.00031435      a_ia      1516                           -0.00188607         6
      31       -0.00031099      a_ia        31                           -0.00062197         2
    1854        0.00030836      a_ia      1854                            0.00246684         8
    1479        0.00030827      a_ia      1479                            0.00184960         6
    1481        0.00030731      a_ia      1481                            0.00430235        14
    1882        0.00030501      a_ia      1882                            0.00244005         8

  ==> Add operator: a_ia 825
  ==> Current qubit order: 2  3  4  9  5  61  8  60  14  62  17  63  7  16  6  1  0  64  10  11  65  15  30  31  21  20  13  12  36  37  23  55  32  22  33  54  28  29  44  38  50  40  41  39  52  18  66  51  59  19  67  56  57  42  43  58  53  49  26  48  68  27  69  45  46  47  35  34  76  77  70  71  72  73  74  75  78  79  80  81  88  89  82  83  84  85  92  93  86  87  98  99  90  91  94  100  101  24  25  102  103  95  96  97  


  ==> Energy                -307.444997582
  ==> dE                       -7.15e-07
  ==> Gradient Norm             1.66e+00
  ==> Abs. Max. Deriv.          3.46e-02
  ==> Time-Grad. (s)              88.231
  ==> Time-Energy (s)             19.872
  ==> Time-Iter. (s)             108.103

--------------------------------------------------------------------------------
CEO-ADAPT-VQE iteration: 265
--------------------------------------------------------------------------------
    gate        derivative      name       op1       op2       op3        g_unscaled   penalty
     422        0.00037016      a_ia       422                            0.00222097         6
   46443        0.00035018        om      3077      3078                  0.01925968        55
    3077        0.00035015    a_iajb      3077                            0.01925816        55
   46442        0.00035012        op      3077      3078                  0.01925663        55
    1516       -0.00031410      a_ia      1516                           -0.00188462         6
      31       -0.00031015      a_ia        31                           -0.00062030         2
    1479        0.00030911      a_ia      1479                            0.00185468         6
    1854        0.00030798      a_ia      1854                            0.00246388         8
    1481        0.00030699      a_ia      1481                            0.00429790        14
    1882        0.00030474      a_ia      1882                            0.00243788         8

  ==> Add operator: a_ia 422
  ==> Current qubit order: 2  3  4  9  5  61  60  14  8  62  17  63  7  16  6  1  0  64  10  11  65  15  30  31  21  20  13  12  36  37  23  55  32  22  33  54  28  29  44  38  50  40  41  39  52  18  66  51  59  19  67  56  57  42  43  58  53  49  26  48  68  27  69  45  46  47  35  34  76  77  70  71  72  73  74  75  78  79  80  81  88  89  82  83  84  85  92  93  86  87  98  99  90  91  94  100  101  24  25  102  103  95  96  97  


  ==> Energy                -307.444998494
  ==> dE                       -9.13e-07
  ==> Gradient Norm             1.66e+00
  ==> Abs. Max. Deriv.          3.46e-02
  ==> Time-Grad. (s)              88.960
  ==> Time-Energy (s)             21.834
  ==> Time-Iter. (s)             110.793

--------------------------------------------------------------------------------
CEO-ADAPT-VQE iteration: 266
--------------------------------------------------------------------------------
    gate        derivative      name       op1       op2       op3        g_unscaled   penalty
   46443        0.00033780        om      3077      3078                  0.01925447        57
    3077        0.00033777    a_iajb      3077                            0.01925293        57
   46442        0.00033774        op      3077      3078                  0.01925139        57
    1516       -0.00031381      a_ia      1516                           -0.00188284         6
    1479        0.00030987      a_ia      1479                            0.00185924         6
      31       -0.00030823      a_ia        31                           -0.00061647         2
    1854        0.00030787      a_ia      1854                            0.00246299         8
    1481        0.00030689      a_ia      1481                            0.00429652        14
    1882        0.00030457      a_ia      1882                            0.00243653         8
   48762        0.00029891        op      5349      5350                  0.02122264        71

  ==> Add operator: om -1: 3077 3078
  ==> Current qubit order: 2  3  4  9  5  14  61  60  8  1  62  17  63  7  16  6  0  64  10  11  65  15  30  31  21  20  13  12  36  37  23  55  32  22  33  54  28  29  44  38  50  40  41  39  52  18  66  51  59  19  67  56  57  42  43  58  53  49  26  48  68  27  69  45  46  47  35  34  76  77  70  71  72  73  74  75  78  79  80  81  88  89  82  83  84  85  92  93  86  87  98  99  90  91  94  100  101  24  25  102  103  95  96  97  


  ==> Energy                -307.445029297
  ==> dE                       -3.08e-05
  ==> Gradient Norm             1.66e+00
  ==> Abs. Max. Deriv.          3.46e-02
  ==> Time-Grad. (s)              89.227
  ==> Time-Energy (s)             19.422
  ==> Time-Iter. (s)             108.650

--------------------------------------------------------------------------------
CEO-ADAPT-VQE iteration: 267
--------------------------------------------------------------------------------
    gate        derivative      name       op1       op2       op3        g_unscaled   penalty
   63752        0.00034335        op     18374     18375                  0.02163133        63
   18374        0.00034334    a_iajb     18374                            0.02163071        63
   63753        0.00034333        om     18374     18375                  0.02163009        63
   48762        0.00031676        op      5349      5350                  0.02122262        67
    5349        0.00031675    a_iajb      5349                            0.02122230        67
   48763        0.00031675        om      5349      5350                  0.02122197        67
    1516       -0.00031369      a_ia      1516                           -0.00188215         6
   50535        0.00031083        om      6974      6975                  0.02144728        69
   48750        0.00031080        op      5337      5338                  0.02144536        69
    5337        0.00031071    a_iajb      5337                            0.02143892        69

  ==> Add operator: op -1: 18374 18375
  ==> Current qubit order: 2  3  4  9  5  14  61  60  8  1  17  7  62  63  16  15  6  0  64  10  11  65  30  31  21  20  13  12  36  37  23  55  32  22  33  54  28  29  44  38  50  40  41  39  52  18  66  51  59  19  67  56  57  42  43  58  53  49  26  48  68  27  69  45  46  47  35  34  76  77  70  71  72  73  74  75  78  79  80  81  88  89  82  83  84  85  92  93  86  87  98  99  90  91  94  100  101  24  25  102  103  95  96  97  


  ==> Energy                -307.445081103
  ==> dE                       -5.18e-05
  ==> Gradient Norm             1.66e+00
  ==> Abs. Max. Deriv.          3.46e-02
  ==> Time-Grad. (s)              89.802
  ==> Time-Energy (s)             23.064
  ==> Time-Iter. (s)             112.867

--------------------------------------------------------------------------------
CEO-ADAPT-VQE iteration: 268
--------------------------------------------------------------------------------
    gate        derivative      name       op1       op2       op3        g_unscaled   penalty
    1372        0.00039381      a_ia      1372                            0.00157525         4
   62440        0.00033497        op     17296     17297                  0.02110296        63
   17296        0.00033497    a_iajb     17296                            0.02110292        63
   62441        0.00033497        om     17296     17297                  0.02110287        63
   50535        0.00032010        om      6974      6975                  0.02144673        67
   48750        0.00032007        op      5337      5338                  0.02144491        67
    5337        0.00031998    a_iajb      5337                            0.02143845        67
   48751        0.00031988        om      5337      5338                  0.02143198        67
    6974        0.00031987    a_iajb      6974                            0.02143108        67
   50534        0.00031963        op      6974      6975                  0.02141542        67

  ==> Add operator: a_ia 1372
  ==> Current qubit order: 2  3  4  9  5  14  61  60  8  1  17  7  62  63  16  15  6  0  64  10  11  30  65  31  21  20  13  12  36  37  23  55  32  22  33  54  28  29  44  38  50  40  41  39  52  18  66  51  59  19  67  56  57  42  43  58  53  49  26  48  68  27  69  45  46  47  35  34  76  77  70  71  72  73  74  75  78  79  80  81  88  89  82  83  84  85  92  93  86  87  98  99  90  91  94  100  101  24  25  102  103  95  96  97  


  ==> Energy                -307.445081744
  ==> dE                       -6.41e-07
  ==> Gradient Norm             1.66e+00
  ==> Abs. Max. Deriv.          3.46e-02
  ==> Time-Grad. (s)              88.748
  ==> Time-Energy (s)             21.038
  ==> Time-Iter. (s)             109.786

--------------------------------------------------------------------------------
CEO-ADAPT-VQE iteration: 269
--------------------------------------------------------------------------------
    gate        derivative      name       op1       op2       op3        g_unscaled   penalty
   62440        0.00033497        op     17296     17297                  0.02110292        63
   17296        0.00033497    a_iajb     17296                            0.02110288        63
   62441        0.00033497        om     17296     17297                  0.02110283        63
   50535        0.00032010        om      6974      6975                  0.02144665        67
    6974        0.00031987    a_iajb      6974                            0.02143099        67
   50534        0.00031963        op      6974      6975                  0.02141533        67
   48762        0.00031675        op      5349      5350                  0.02122198        67
    5349        0.00031674    a_iajb      5349                            0.02122171        67
   48763        0.00031674        om      5349      5350                  0.02122145        67
    1516       -0.00031361      a_ia      1516                           -0.00188168         6

  ==> Add operator: op -1: 17296 17297
  ==> Current qubit order: 2  3  4  9  5  61  60  8  1  14  62  63  15  17  7  16  6  0  64  10  11  30  65  31  21  20  13  12  36  37  23  55  32  22  33  54  28  29  44  38  50  40  41  39  52  18  66  51  59  19  67  56  57  42  43  58  53  49  26  48  68  27  69  45  46  47  35  34  76  77  70  71  72  73  74  75  78  79  80  81  88  89  82  83  84  85  92  93  86  87  98  99  90  91  94  100  101  24  25  102  103  95  96  97  


  ==> Energy                -307.445128736
  ==> dE                       -4.70e-05
  ==> Gradient Norm             1.66e+00
  ==> Abs. Max. Deriv.          3.46e-02
  ==> Time-Grad. (s)              88.993
  ==> Time-Energy (s)             19.262
  ==> Time-Iter. (s)             108.255

--------------------------------------------------------------------------------
CEO-ADAPT-VQE iteration: 270
--------------------------------------------------------------------------------
    gate        derivative      name       op1       op2       op3        g_unscaled   penalty
    1516       -0.00031361      a_ia      1516                           -0.00188167         6
     739        0.00031195      a_ia       739                            0.00062390         2
    1479        0.00030974      a_ia      1479                            0.00185842         6
      31       -0.00030924      a_ia        31                           -0.00061847         2
    1854        0.00030797      a_ia      1854                            0.00246372         8
    1481        0.00030702      a_ia      1481                            0.00429826        14
    1882        0.00030483      a_ia      1882                            0.00243867         8
   48762        0.00029889        op      5349      5350                  0.02122150        71
    5349        0.00029889    a_iajb      5349                            0.02122127        71
   48763        0.00029889        om      5349      5350                  0.02122104        71

  ==> Add operator: a_ia 1516
  ==> Current qubit order: 2  3  4  9  5  61  60  8  1  14  62  63  15  17  7  16  6  0  64  10  11  30  65  31  21  20  13  12  36  37  23  55  32  22  33  54  28  29  44  38  50  40  41  39  52  18  66  51  59  19  67  56  57  42  43  58  53  49  26  48  68  27  69  45  46  47  34  76  35  77  70  71  72  73  74  75  78  79  80  81  88  89  82  83  84  85  92  93  86  87  98  99  90  91  94  100  101  24  25  102  103  95  96  97  


  ==> Energy                -307.445129466
  ==> dE                       -7.31e-07
  ==> Gradient Norm             1.66e+00
  ==> Abs. Max. Deriv.          3.46e-02
  ==> Time-Grad. (s)              89.747
  ==> Time-Energy (s)             18.276
  ==> Time-Iter. (s)             108.023

--------------------------------------------------------------------------------
CEO-ADAPT-VQE iteration: 271
--------------------------------------------------------------------------------
    gate        derivative      name       op1       op2       op3        g_unscaled   penalty
    1854        0.00040977      a_ia      1854                            0.00245863         6
    1515        0.00031586      a_ia      1515                            0.00442209        14
    1513        0.00031455      a_ia      1513                            0.00188732         6
     739        0.00031116      a_ia       739                            0.00062232         2
    1882        0.00031034      a_ia      1882                            0.00248274         8
      31       -0.00030876      a_ia        31                           -0.00061753         2
   48762        0.00029889        op      5349      5350                  0.02122150        71
    5349        0.00029889    a_iajb      5349                            0.02122126        71
   48763        0.00029889        om      5349      5350                  0.02122102        71
   50535        0.00029378        om      6974      6975                  0.02144624        73

  ==> Add operator: a_ia 1854
  ==> Current qubit order: 2  3  4  9  5  61  60  8  1  14  62  63  15  17  7  16  6  0  64  10  11  30  65  31  21  20  13  12  36  37  23  55  32  22  33  54  28  29  44  38  50  40  41  39  52  18  66  51  59  19  67  56  57  42  43  58  53  49  26  48  68  27  69  45  47  34  46  76  35  77  70  71  72  73  74  75  78  79  80  81  88  89  82  83  84  85  92  93  86  87  98  99  90  91  94  100  101  24  25  102  103  95  96  97  


  ==> Energy                -307.445130903
  ==> dE                       -1.44e-06
  ==> Gradient Norm             1.66e+00
  ==> Abs. Max. Deriv.          3.46e-02
  ==> Time-Grad. (s)              89.908
  ==> Time-Energy (s)             19.623
  ==> Time-Iter. (s)             109.531

--------------------------------------------------------------------------------
CEO-ADAPT-VQE iteration: 272
--------------------------------------------------------------------------------
    gate        derivative      name       op1       op2       op3        g_unscaled   penalty
    1217       -0.00039011      a_ia      1217                           -0.00234066         6
    1878       -0.00031847      a_ia      1878                           -0.00127389         4
    1515        0.00031529      a_ia      1515                            0.00441407        14
    1513        0.00031453      a_ia      1513                            0.00188715         6
     739        0.00031257      a_ia       739                            0.00062513         2
      31       -0.00030845      a_ia        31                           -0.00061689         2
   48762        0.00029889        op      5349      5350                  0.02122150        71
    5349        0.00029889    a_iajb      5349                            0.02122126        71
   48763        0.00029889        om      5349      5350                  0.02122101        71
    1853       -0.00029468      a_ia      1853                           -0.00471483        16

  ==> Add operator: a_ia 1217
  ==> Current qubit order: 2  3  4  9  5  61  60  8  1  14  62  63  15  17  7  16  6  0  64  10  11  30  65  31  21  20  13  12  36  37  23  55  32  22  33  54  28  29  44  38  50  40  41  39  52  18  66  51  59  19  67  56  57  42  43  58  53  49  26  48  68  69  45  27  47  34  46  76  35  77  70  71  72  73  74  75  78  79  80  81  88  89  82  83  84  85  92  93  86  87  98  99  90  91  94  100  101  24  25  102  103  95  96  97  


  ==> Energy                -307.445272352
  ==> dE                       -1.41e-04
  ==> Gradient Norm             1.66e+00
  ==> Abs. Max. Deriv.          3.46e-02
  ==> Time-Grad. (s)              90.081
  ==> Time-Energy (s)             19.662
  ==> Time-Iter. (s)             109.743

--------------------------------------------------------------------------------
CEO-ADAPT-VQE iteration: 273
--------------------------------------------------------------------------------
    gate        derivative      name       op1       op2       op3        g_unscaled   penalty
    1232       -0.00039555      a_ia      1232                           -0.00474654        12
    1513        0.00031987      a_ia      1513                            0.00191924         6
    1515        0.00031565      a_ia      1515                            0.00441911        14
      31       -0.00030987      a_ia        31                           -0.00061975         2
    1878       -0.00030624      a_ia      1878                           -0.00183746         6
     739        0.00030586      a_ia       739                            0.00061172         2
    1853       -0.00029910      a_ia      1853                           -0.00478564        16
   48762        0.00029889        op      5349      5350                  0.02122146        71
    5349        0.00029889    a_iajb      5349                            0.02122123        71
   48763        0.00029889        om      5349      5350                  0.02122099        71

  ==> Add operator: a_ia 1232
  ==> Current qubit order: 2  3  4  9  5  61  60  8  1  14  62  63  15  17  7  16  6  0  64  10  11  30  65  31  21  20  13  12  36  37  23  55  32  22  33  54  28  29  44  38  50  40  41  39  52  18  66  51  59  19  67  56  57  42  43  58  53  49  26  48  68  69  45  47  34  46  76  35  27  77  70  71  72  73  74  75  78  79  80  81  88  89  82  83  84  85  92  93  86  87  98  99  90  91  94  100  101  24  25  102  103  95  96  97  


  ==> Energy                -307.445276897
  ==> dE                       -4.55e-06
  ==> Gradient Norm             1.66e+00
  ==> Abs. Max. Deriv.          3.46e-02
  ==> Time-Grad. (s)              95.143
  ==> Time-Energy (s)             21.365
  ==> Time-Iter. (s)             116.508

--------------------------------------------------------------------------------
CEO-ADAPT-VQE iteration: 274
--------------------------------------------------------------------------------
    gate        derivative      name       op1       op2       op3        g_unscaled   penalty
    1229       -0.00049646      a_ia      1229                           -0.00297873         6
    1878       -0.00045936      a_ia      1878                           -0.00183743         4
      31       -0.00031018      a_ia        31                           -0.00062036         2
   48762        0.00029889        op      5349      5350                  0.02122142        71
    5349        0.00029889    a_iajb      5349                            0.02122127        71
   48763        0.00029889        om      5349      5350                  0.02122112        71
     739        0.00029445      a_ia       739                            0.00058890         2
   50535        0.00029379        om      6974      6975                  0.02144649        73
   48750        0.00029373        op      5337      5338                  0.02144212        73
    5337        0.00029364    a_iajb      5337                            0.02143563        73

  ==> Add operator: a_ia 1229
  ==> Current qubit order: 2  3  4  9  5  61  60  8  1  14  62  63  15  17  7  16  6  0  64  10  11  30  65  31  21  20  13  12  36  37  23  55  32  22  33  54  28  29  44  38  50  40  41  39  52  18  66  51  59  19  67  56  57  42  43  58  53  49  26  48  68  69  45  47  34  46  76  35  77  70  27  71  72  73  74  75  78  79  80  81  88  89  82  83  84  85  92  93  86  87  98  99  90  91  94  100  101  24  25  102  103  95  96  97  


  ==> Energy                -307.445278856
  ==> dE                       -1.96e-06
  ==> Gradient Norm             1.66e+00
  ==> Abs. Max. Deriv.          3.46e-02
  ==> Time-Grad. (s)              95.342
  ==> Time-Energy (s)             20.508
  ==> Time-Iter. (s)             115.850

--------------------------------------------------------------------------------
CEO-ADAPT-VQE iteration: 275
--------------------------------------------------------------------------------
    gate        derivative      name       op1       op2       op3        g_unscaled   penalty
    1230       -0.00048326      a_ia      1230                           -0.00289959         6
    1878       -0.00045942      a_ia      1878                           -0.00183768         4
      31       -0.00031068      a_ia        31                           -0.00062137         2
   48762        0.00029889        op      5349      5350                  0.02122140        71
    5349        0.00029889    a_iajb      5349                            0.02122128        71
   48763        0.00029889        om      5349      5350                  0.02122116        71
     739        0.00029776      a_ia       739                            0.00059553         2
   50535        0.00029379        om      6974      6975                  0.02144652        73
   48750        0.00029373        op      5337      5338                  0.02144213        73
    5337        0.00029364    a_iajb      5337                            0.02143564        73

  ==> Add operator: a_ia 1230
  ==> Current qubit order: 2  3  4  9  5  61  60  8  1  14  62  63  15  17  7  16  6  0  64  10  11  30  65  31  21  20  13  12  36  37  23  55  32  22  33  54  28  29  44  38  50  40  41  39  52  18  66  51  59  19  67  56  57  42  43  58  53  49  26  48  68  69  45  47  34  46  76  35  77  70  71  72  27  73  74  75  78  79  80  81  88  89  82  83  84  85  92  93  86  87  98  99  90  91  94  100  101  24  25  102  103  95  96  97  


  ==> Energy                -307.445280647
  ==> dE                       -1.79e-06
  ==> Gradient Norm             1.66e+00
  ==> Abs. Max. Deriv.          3.46e-02
  ==> Time-Grad. (s)              95.735
  ==> Time-Energy (s)             21.499
  ==> Time-Iter. (s)             117.234

--------------------------------------------------------------------------------
CEO-ADAPT-VQE iteration: 276
--------------------------------------------------------------------------------
    gate        derivative      name       op1       op2       op3        g_unscaled   penalty
    1878       -0.00046025      a_ia      1878                           -0.00184101         4
    1513        0.00032177      a_ia      1513                            0.00193065         6
      31       -0.00031177      a_ia        31                           -0.00062353         2
     739        0.00030398      a_ia       739                            0.00060797         2
   48762        0.00029889        op      5349      5350                  0.02122139        71
    5349        0.00029889    a_iajb      5349                            0.02122131        71
   48763        0.00029889        om      5349      5350                  0.02122124        71
   50535        0.00029379        om      6974      6975                  0.02144653        73
   48750        0.00029373        op      5337      5338                  0.02144213        73
    5337        0.00029364    a_iajb      5337                            0.02143565        73

  ==> Add operator: a_ia 1878
  ==> Current qubit order: 2  3  4  9  5  61  60  8  1  14  62  63  15  17  7  16  6  0  64  10  11  30  65  31  21  20  13  12  36  37  23  55  32  22  33  54  28  29  44  38  50  40  41  39  52  18  66  51  59  19  67  56  57  42  43  58  53  49  26  48  68  45  69  47  34  46  76  35  77  70  71  72  27  73  74  75  78  79  80  81  88  89  82  83  84  85  92  93  86  87  98  99  90  91  94  100  101  24  25  102  103  95  96  97  


  ==> Energy                -307.445281612
  ==> dE                       -9.65e-07
  ==> Gradient Norm             1.66e+00
  ==> Abs. Max. Deriv.          3.46e-02
  ==> Time-Grad. (s)              96.163
  ==> Time-Energy (s)             22.132
  ==> Time-Iter. (s)             118.294

--------------------------------------------------------------------------------
CEO-ADAPT-VQE iteration: 277
--------------------------------------------------------------------------------
    gate        derivative      name       op1       op2       op3        g_unscaled   penalty
    1513        0.00032137      a_ia      1513                            0.00192819         6
      31       -0.00031124      a_ia        31                           -0.00062247         2
     739        0.00030649      a_ia       739                            0.00061298         2
   48762        0.00029889        op      5349      5350                  0.02122139        71
    5349        0.00029889    a_iajb      5349                            0.02122130        71
   48763        0.00029889        om      5349      5350                  0.02122121        71
   50535        0.00029379        om      6974      6975                  0.02144653        73
   48750        0.00029373        op      5337      5338                  0.02144213        73
    5337        0.00029364    a_iajb      5337                            0.02143565        73
    6974        0.00029357    a_iajb      6974                            0.02143079        73

  ==> Add operator: a_ia 1513
  ==> Current qubit order: 2  3  4  9  5  61  60  8  1  14  62  63  15  17  7  16  6  0  64  10  11  30  65  31  21  20  13  12  36  37  23  55  32  22  33  54  28  29  44  38  50  40  41  39  52  18  66  51  59  19  67  56  57  42  43  58  53  49  26  48  68  45  69  47  34  46  76  77  70  35  71  72  27  73  74  75  78  79  80  81  88  89  82  83  84  85  92  93  86  87  98  99  90  91  94  100  101  24  25  102  103  95  96  97  


  ==> Energy                -307.445282439
  ==> dE                       -8.26e-07
  ==> Gradient Norm             1.66e+00
  ==> Abs. Max. Deriv.          3.46e-02
  ==> Time-Grad. (s)              96.572
  ==> Time-Energy (s)             22.232
  ==> Time-Iter. (s)             118.804

--------------------------------------------------------------------------------
CEO-ADAPT-VQE iteration: 278
--------------------------------------------------------------------------------
    gate        derivative      name       op1       op2       op3        g_unscaled   penalty
    1515        0.00036911      a_ia      1515                            0.00442936        12
      31       -0.00031158      a_ia        31                           -0.00062317         2
     739        0.00030714      a_ia       739                            0.00061428         2
    1882        0.00030584      a_ia      1882                            0.00244675         8
   48762        0.00029889        op      5349      5350                  0.02122139        71
    5349        0.00029889    a_iajb      5349                            0.02122131        71
   48763        0.00029889        om      5349      5350                  0.02122123        71
   50535        0.00029379        om      6974      6975                  0.02144652        73
   48750        0.00029373        op      5337      5338                  0.02144213        73
    5337        0.00029364    a_iajb      5337                            0.02143565        73

  ==> Add operator: a_ia 1515
  ==> Current qubit order: 2  3  4  9  5  61  60  8  1  14  62  63  15  17  7  16  6  0  64  10  11  30  65  31  21  20  13  12  36  37  23  55  32  22  33  54  28  29  44  38  50  40  41  39  52  18  66  51  59  19  67  56  57  42  43  58  53  49  26  48  68  45  69  47  34  46  76  77  70  71  72  27  73  74  35  75  78  79  80  81  88  89  82  83  84  85  92  93  86  87  98  99  90  91  94  100  101  24  25  102  103  95  96  97  


  ==> Energy                -307.445286822
  ==> dE                       -4.38e-06
  ==> Gradient Norm             1.66e+00
  ==> Abs. Max. Deriv.          3.46e-02
  ==> Time-Grad. (s)              97.140
  ==> Time-Energy (s)             20.342
  ==> Time-Iter. (s)             117.483

--------------------------------------------------------------------------------
CEO-ADAPT-VQE iteration: 279
--------------------------------------------------------------------------------
    gate        derivative      name       op1       op2       op3        g_unscaled   penalty
    1518        0.00044884      a_ia      1518                            0.00448835        10
    1517       -0.00037615      a_ia      1517                           -0.00225692         6
     739        0.00031679      a_ia       739                            0.00063358         2
      31       -0.00031124      a_ia        31                           -0.00062248         2
    1882        0.00030863      a_ia      1882                            0.00246907         8
   48762        0.00029889        op      5349      5350                  0.02122139        71
    5349        0.00029889    a_iajb      5349                            0.02122129        71
   48763        0.00029889        om      5349      5350                  0.02122120        71
    1853       -0.00029706      a_ia      1853                           -0.00475304        16
   50535        0.00029379        om      6974      6975                  0.02144653        73

  ==> Add operator: a_ia 1518
  ==> Current qubit order: 2  3  4  9  5  61  60  8  1  14  62  63  15  17  7  16  6  0  64  10  11  30  65  31  21  20  13  12  36  37  23  55  32  22  33  54  28  29  44  38  50  40  41  39  52  18  66  51  59  19  67  56  57  42  43  58  53  49  26  48  68  45  69  47  34  46  76  77  70  71  72  27  73  74  75  78  79  80  35  81  88  89  82  83  84  85  92  93  86  87  98  99  90  91  94  100  101  24  25  102  103  95  96  97  


  ==> Energy                -307.445293759
  ==> dE                       -6.94e-06
  ==> Gradient Norm             1.66e+00
  ==> Abs. Max. Deriv.          3.46e-02
  ==> Time-Grad. (s)              98.041
  ==> Time-Energy (s)            136.640
  ==> Time-Iter. (s)             234.681

--------------------------------------------------------------------------------
CEO-ADAPT-VQE iteration: 280
--------------------------------------------------------------------------------
    gate        derivative      name       op1       op2       op3        g_unscaled   penalty
    1517       -0.00057973      a_ia      1517                           -0.00231893         4
    1519       -0.00037497      a_ia      1519                           -0.00374966        10
     739        0.00031768      a_ia       739                            0.00063535         2
      31       -0.00031057      a_ia        31                           -0.00062114         2
    1882        0.00030919      a_ia      1882                            0.00247352         8
   48762        0.00029840        op      5349      5350                  0.02118628        71
    5349        0.00029839    a_iajb      5349                            0.02118589        71
   48763        0.00029839        om      5349      5350                  0.02118551        71
    1853       -0.00029638      a_ia      1853                           -0.00474216        16
   50535        0.00029324        om      6974      6975                  0.02140636        73

  ==> Add operator: a_ia 1517
  ==> Current qubit order: 2  3  4  9  5  61  60  8  1  14  62  63  15  17  7  16  6  0  64  10  11  30  65  31  21  20  13  12  36  37  23  55  32  22  33  54  28  29  44  38  50  40  41  39  52  18  66  51  59  19  67  56  57  42  43  58  53  49  26  48  68  45  69  47  34  46  76  77  70  71  72  27  73  74  75  78  80  79  35  81  88  89  82  83  84  85  92  93  86  87  98  99  90  91  94  100  101  24  25  102  103  95  96  97  


  ==> Energy                -307.445294811
  ==> dE                       -1.05e-06
  ==> Gradient Norm             1.66e+00
  ==> Abs. Max. Deriv.          3.46e-02
  ==> Time-Grad. (s)              98.311
  ==> Time-Energy (s)             19.804
  ==> Time-Iter. (s)             118.115

--------------------------------------------------------------------------------
CEO-ADAPT-VQE iteration: 281
--------------------------------------------------------------------------------
    gate        derivative      name       op1       op2       op3        g_unscaled   penalty
    1519       -0.00037342      a_ia      1519                           -0.00373421        10
     739        0.00031806      a_ia       739                            0.00063612         2
      31       -0.00030985      a_ia        31                           -0.00061970         2
    1882        0.00030900      a_ia      1882                            0.00247203         8
   48762        0.00029840        op      5349      5350                  0.02118627        71
    5349        0.00029839    a_iajb      5349                            0.02118588        71
   48763        0.00029839        om      5349      5350                  0.02118548        71
    1853       -0.00029608      a_ia      1853                           -0.00473732        16
   50535        0.00029324        om      6974      6975                  0.02140636        73
   48750        0.00029319        op      5337      5338                  0.02140263        73

  ==> Add operator: a_ia 1519
  ==> Current qubit order: 2  3  4  9  5  61  60  8  1  14  62  63  15  17  7  16  6  0  64  10  11  30  65  31  21  20  13  12  36  37  23  55  32  22  33  54  28  29  44  38  50  40  41  39  52  18  66  51  59  19  67  56  57  42  43  58  53  49  26  48  68  45  69  47  34  46  76  77  70  71  72  27  73  74  75  78  80  79  81  88  89  82  35  83  84  85  92  93  86  87  98  99  90  91  94  100  101  24  25  102  103  95  96  97  


  ==> Energy                -307.445297498
  ==> dE                       -2.69e-06
  ==> Gradient Norm             1.66e+00
  ==> Abs. Max. Deriv.          3.46e-02
  ==> Time-Grad. (s)              98.898
  ==> Time-Energy (s)             22.722
  ==> Time-Iter. (s)             121.620

--------------------------------------------------------------------------------
CEO-ADAPT-VQE iteration: 282
--------------------------------------------------------------------------------
    gate        derivative      name       op1       op2       op3        g_unscaled   penalty
     739        0.00031873      a_ia       739                            0.00063745         2
      31       -0.00031042      a_ia        31                           -0.00062083         2
    1522        0.00030826      a_ia      1522                            0.00123303         4
    1882        0.00030705      a_ia      1882                            0.00245643         8
   48762        0.00029840        op      5349      5350                  0.02118630        71
    5349        0.00029839    a_iajb      5349                            0.02118594        71
   48763        0.00029839        om      5349      5350                  0.02118558        71
    1853       -0.00029604      a_ia      1853                           -0.00473656        16
   50535        0.00029324        om      6974      6975                  0.02140634        73
   48750        0.00029319        op      5337      5338                  0.02140262        73

  ==> Add operator: a_ia 739
  ==> Current qubit order: 2  3  4  9  5  61  60  8  1  14  62  63  15  17  7  16  6  0  64  10  11  30  65  31  21  20  13  12  36  37  23  55  32  22  33  54  28  29  44  38  50  40  41  39  52  18  66  51  59  19  67  56  57  42  43  58  53  49  26  48  68  45  69  47  34  46  76  77  70  71  72  27  73  74  75  78  80  79  81  88  89  82  35  83  84  85  92  93  86  87  98  99  90  91  94  100  101  24  25  102  103  95  96  97  


  ==> Energy                -307.445297574
  ==> dE                       -7.63e-08
  ==> Gradient Norm             1.66e+00
  ==> Abs. Max. Deriv.          3.46e-02
  ==> Time-Grad. (s)              99.869
  ==> Time-Energy (s)             24.812
  ==> Time-Iter. (s)             124.682

--------------------------------------------------------------------------------
CEO-ADAPT-VQE iteration: 283
--------------------------------------------------------------------------------
    gate        derivative      name       op1       op2       op3        g_unscaled   penalty
      31       -0.00031089      a_ia        31                           -0.00062177         2
    1522        0.00030827      a_ia      1522                            0.00123309         4
    1882        0.00030725      a_ia      1882                            0.00245796         8
   48762        0.00029840        op      5349      5350                  0.02118642        71
    5349        0.00029840    a_iajb      5349                            0.02118609        71
   48763        0.00029839        om      5349      5350                  0.02118576        71
    1853       -0.00029614      a_ia      1853                           -0.00473828        16
   50535        0.00029321        om      6974      6975                  0.02140427        73
   48750        0.00029319        op      5337      5338                  0.02140262        73
    5337        0.00029310    a_iajb      5337                            0.02139613        73

  ==> Add operator: a_ia 31
  ==> Current qubit order: 2  3  4  9  5  61  60  8  1  14  62  63  15  17  7  16  6  0  64  10  11  30  65  31  21  20  13  12  36  37  23  55  32  22  33  54  28  29  44  38  50  40  41  39  52  18  66  51  59  19  67  56  57  42  43  58  53  49  26  48  68  45  69  47  34  46  76  77  70  71  72  27  73  74  75  78  80  79  81  88  89  82  35  83  84  85  92  93  86  87  98  99  90  91  94  100  101  24  25  102  103  95  96  97  


  ==> Energy                -307.445297619
  ==> dE                       -4.45e-08
  ==> Gradient Norm             1.66e+00
  ==> Abs. Max. Deriv.          3.46e-02
  ==> Time-Grad. (s)             100.491
  ==> Time-Energy (s)             22.879
  ==> Time-Iter. (s)             123.370

--------------------------------------------------------------------------------
CEO-ADAPT-VQE iteration: 284
--------------------------------------------------------------------------------
    gate        derivative      name       op1       op2       op3        g_unscaled   penalty
    1522        0.00030826      a_ia      1522                            0.00123305         4
    1882        0.00030724      a_ia      1882                            0.00245793         8
   48762        0.00029841        op      5349      5350                  0.02118696        71
    5349        0.00029840    a_iajb      5349                            0.02118664        71
   48763        0.00029840        om      5349      5350                  0.02118632        71
    1853       -0.00029614      a_ia      1853                           -0.00473818        16
   50535        0.00029322        om      6974      6975                  0.02140496        73
   48750        0.00029319        op      5337      5338                  0.02140262        73
    5337        0.00029310    a_iajb      5337                            0.02139613        73
   48751        0.00029301        om      5337      5338                  0.02138964        73

  ==> Add operator: a_ia 1522
  ==> Current qubit order: 2  3  4  9  5  61  60  8  1  14  62  63  15  17  7  16  6  0  64  10  11  30  65  31  21  20  13  12  36  37  23  55  32  22  33  54  28  29  44  38  50  40  41  39  52  18  66  51  59  19  67  56  57  42  43  58  53  49  26  48  68  45  69  47  34  46  76  77  70  71  72  27  73  74  75  78  80  79  81  88  82  89  35  83  84  85  92  93  86  87  98  99  90  91  94  100  101  24  25  102  103  95  96  97  


  ==> Energy                -307.445297888
  ==> dE                       -2.69e-07
  ==> Gradient Norm             1.66e+00
  ==> Abs. Max. Deriv.          3.46e-02
  ==> Time-Grad. (s)             100.065
  ==> Time-Energy (s)             21.925
  ==> Time-Iter. (s)             121.991

--------------------------------------------------------------------------------
CEO-ADAPT-VQE iteration: 285
--------------------------------------------------------------------------------
    gate        derivative      name       op1       op2       op3        g_unscaled   penalty
    1882        0.00030762      a_ia      1882                            0.00246094         8
   48762        0.00029841        op      5349      5350                  0.02118696        71
    5349        0.00029840    a_iajb      5349                            0.02118664        71
   48763        0.00029840        om      5349      5350                  0.02118632        71
    1853       -0.00029632      a_ia      1853                           -0.00474113        16
   50535        0.00029322        om      6974      6975                  0.02140497        73
   48750        0.00029319        op      5337      5338                  0.02140263        73
    5337        0.00029310    a_iajb      5337                            0.02139615        73
   48751        0.00029301        om      5337      5338                  0.02138967        73
    6974        0.00029301    a_iajb      6974                            0.02138940        73

  ==> Add operator: a_ia 1882
  ==> Current qubit order: 2  3  4  9  5  61  60  8  1  14  62  63  15  17  7  16  6  0  64  10  11  30  65  31  21  20  13  12  36  37  23  55  32  22  33  54  28  29  44  38  50  40  41  39  52  18  66  51  59  19  67  56  57  42  43  58  53  49  26  48  68  45  69  34  46  76  47  77  70  71  72  27  73  74  75  78  80  79  81  88  82  89  35  83  84  85  92  93  86  87  98  99  90  91  94  100  101  24  25  102  103  95  96  97  


  ==> Energy                -307.445299305
  ==> dE                       -1.42e-06
  ==> Gradient Norm             1.66e+00
  ==> Abs. Max. Deriv.          3.46e-02
  ==> Time-Grad. (s)             100.192
  ==> Time-Energy (s)             20.340
  ==> Time-Iter. (s)             120.532

--------------------------------------------------------------------------------
CEO-ADAPT-VQE iteration: 286
--------------------------------------------------------------------------------
    gate        derivative      name       op1       op2       op3        g_unscaled   penalty
    1194       -0.00031900      a_ia      1194                           -0.00446597        14
   48762        0.00029841        op      5349      5350                  0.02118696        71
    5349        0.00029840    a_iajb      5349                            0.02118663        71
   48763        0.00029840        om      5349      5350                  0.02118630        71
    1881       -0.00029589      a_ia      1881                           -0.00473421        16
   50535        0.00029322        om      6974      6975                  0.02140497        73
   48750        0.00029319        op      5337      5338                  0.02140263        73
    5337        0.00029310    a_iajb      5337                            0.02139615        73
   48751        0.00029301        om      5337      5338                  0.02138967        73
    6974        0.00029301    a_iajb      6974                            0.02138940        73

  ==> Add operator: a_ia 1194
  ==> Current qubit order: 2  3  4  9  5  61  60  8  1  14  62  63  15  17  7  16  6  0  64  10  11  30  65  31  21  20  13  12  36  37  23  55  32  22  33  54  28  29  44  38  50  40  41  39  52  18  66  51  59  19  67  56  57  42  43  58  53  49  48  68  45  69  34  46  26  76  47  77  70  71  72  27  73  74  75  78  80  79  81  88  82  89  35  83  84  85  92  93  86  87  98  99  90  91  94  100  101  24  25  102  103  95  96  97  


  ==> Energy                -307.445303279
  ==> dE                       -3.97e-06
  ==> Gradient Norm             1.66e+00
  ==> Abs. Max. Deriv.          3.46e-02
  ==> Time-Grad. (s)             100.285
  ==> Time-Energy (s)             24.703
  ==> Time-Iter. (s)             124.989

--------------------------------------------------------------------------------
CEO-ADAPT-VQE iteration: 287
--------------------------------------------------------------------------------
    gate        derivative      name       op1       op2       op3        g_unscaled   penalty
    1191       -0.00036245      a_ia      1191                           -0.00289958         8
    1179       -0.00035313      a_ia      1179                           -0.00070625         2
   48762        0.00029841        op      5349      5350                  0.02118704        71
    5349        0.00029840    a_iajb      5349                            0.02118672        71
   48763        0.00029840        om      5349      5350                  0.02118640        71
    1881       -0.00029652      a_ia      1881                           -0.00474440        16
   50535        0.00029322        om      6974      6975                  0.02140496        73
   48750        0.00029319        op      5337      5338                  0.02140260        73
    5337        0.00029310    a_iajb      5337                            0.02139614        73
   48751        0.00029301        om      5337      5338                  0.02138968        73

  ==> Add operator: a_ia 1191
  ==> Current qubit order: 2  3  4  9  5  61  60  8  1  14  62  63  15  17  7  16  6  0  64  10  11  30  65  31  21  20  13  12  36  37  23  55  32  22  33  54  28  29  44  38  50  40  41  39  52  18  66  51  59  19  67  56  57  42  43  58  53  49  48  68  45  69  34  46  76  47  77  26  70  71  72  27  73  74  75  78  80  79  81  88  82  89  35  83  84  85  92  93  86  87  98  99  90  91  94  100  101  24  25  102  103  95  96  97  


  ==> Energy                -307.445305128
  ==> dE                       -1.85e-06
  ==> Gradient Norm             1.66e+00
  ==> Abs. Max. Deriv.          3.46e-02
  ==> Time-Grad. (s)             100.516
  ==> Time-Energy (s)             22.148
  ==> Time-Iter. (s)             122.663

--------------------------------------------------------------------------------
CEO-ADAPT-VQE iteration: 288
--------------------------------------------------------------------------------
    gate        derivative      name       op1       op2       op3        g_unscaled   penalty
    1192       -0.00047617      a_ia      1192                           -0.00285699         6
   84374        0.00031409        op     34364     34365                  0.01539062        49
   34364        0.00031409    a_iajb     34364                            0.01539050        49
   84375        0.00031409        om     34364     34365                  0.01539038        49
   84344        0.00030402        op     34334     34335                  0.01550503        51
   34334        0.00030402    a_iajb     34334                            0.01550493        51
   84345        0.00030402        om     34334     34335                  0.01550483        51
   84458        0.00030350        op     34448     34449                  0.03368813       111
   84459        0.00030350        om     34448     34449                  0.03368813       111
   48762        0.00029841        op      5349      5350                  0.02118709        71

  ==> Add operator: a_ia 1192
  ==> Current qubit order: 2  3  4  9  5  61  60  8  1  14  62  63  15  17  7  16  6  0  64  10  11  30  65  31  21  20  13  12  36  37  23  55  32  22  33  54  28  29  44  38  50  40  41  39  52  18  66  51  59  19  67  56  57  42  43  58  53  49  48  68  45  69  34  46  76  47  77  70  71  26  72  27  73  74  75  78  80  79  81  88  82  89  35  83  84  85  92  93  86  87  98  99  90  91  94  100  101  24  25  102  103  95  96  97  


  ==> Energy                -307.445306868
  ==> dE                       -1.74e-06
  ==> Gradient Norm             1.66e+00
  ==> Abs. Max. Deriv.          3.46e-02
  ==> Time-Grad. (s)             100.986
  ==> Time-Energy (s)             22.236
  ==> Time-Iter. (s)             123.222

--------------------------------------------------------------------------------
CEO-ADAPT-VQE iteration: 289
--------------------------------------------------------------------------------
    gate        derivative      name       op1       op2       op3        g_unscaled   penalty
   84344        0.00036039        op     34334     34335                  0.01549662        43
   34334        0.00036038    a_iajb     34334                            0.01549652        43
   84345        0.00036038        om     34334     34335                  0.01549642        43
   84458        0.00031477        op     34448     34449                  0.03367991       107
   84459        0.00031477        om     34448     34449                  0.03367991       107
   48762        0.00029841        op      5349      5350                  0.02118712        71
    5349        0.00029841    a_iajb      5349                            0.02118679        71
   48763        0.00029840        om      5349      5350                  0.02118647        71
   50535        0.00029322        om      6974      6975                  0.02140496        73
   48750        0.00029319        op      5337      5338                  0.02140262        73

  ==> Add operator: op -1: 34334 34335
  ==> Current qubit order: 2  3  4  9  5  61  60  8  1  14  62  63  15  17  7  16  6  0  64  10  11  30  65  31  21  20  13  12  36  37  23  55  32  22  33  54  28  29  44  38  50  40  41  39  52  18  66  51  59  19  67  56  57  42  43  58  53  49  48  68  45  69  34  46  76  47  77  70  71  26  27  72  73  74  75  78  80  79  81  88  82  89  35  83  84  85  92  93  86  87  98  99  90  91  94  100  101  24  25  102  103  95  96  97  


  ==> Energy                -307.445331917
  ==> dE                       -2.50e-05
  ==> Gradient Norm             1.66e+00
  ==> Abs. Max. Deriv.          3.46e-02
  ==> Time-Grad. (s)             101.449
  ==> Time-Energy (s)             18.184
  ==> Time-Iter. (s)             119.633

--------------------------------------------------------------------------------
CEO-ADAPT-VQE iteration: 290
--------------------------------------------------------------------------------
    gate        derivative      name       op1       op2       op3        g_unscaled   penalty
   84458        0.00030801        op     34448     34449                  0.03357292       109
   84459        0.00030801        om     34448     34449                  0.03357292       109
   84374        0.00030007        op     34364     34365                  0.01530377        51
   34364        0.00030007    a_iajb     34364                            0.01530364        51
   84375        0.00030007        om     34364     34365                  0.01530352        51
   48762        0.00029841        op      5349      5350                  0.02118712        71
    5349        0.00029841    a_iajb      5349                            0.02118679        71
   48763        0.00029840        om      5349      5350                  0.02118646        71
   50535        0.00029322        om      6974      6975                  0.02140497        73
   48750        0.00029319        op      5337      5338                  0.02140262        73

  ==> Add operator: op -1: 34448 34449
  ==> Current qubit order: 2  3  4  9  5  61  60  8  1  14  62  63  15  17  7  16  6  0  64  10  11  30  65  31  21  20  13  12  36  37  23  55  32  22  33  54  28  29  44  38  50  40  41  39  52  18  66  51  59  19  67  56  57  42  43  58  53  49  48  68  45  69  34  46  76  47  77  70  71  72  73  74  75  78  80  79  81  88  82  26  27  90  91  89  35  83  84  85  92  93  86  87  98  99  94  100  101  24  25  102  103  95  96  97  


  ==> Energy                -307.445419973
  ==> dE                       -8.81e-05
  ==> Gradient Norm             1.66e+00
  ==> Abs. Max. Deriv.          3.46e-02
  ==> Time-Grad. (s)             101.600
  ==> Time-Energy (s)             18.097
  ==> Time-Iter. (s)             119.697

--------------------------------------------------------------------------------
CEO-ADAPT-VQE iteration: 291
--------------------------------------------------------------------------------
    gate        derivative      name       op1       op2       op3        g_unscaled   penalty
    1239       -0.00071337      a_ia      1239                           -0.00285349         4
    1201       -0.00068712      a_ia      1201                           -0.00274848         4
   84440        0.00036352        op     34430     34431                  0.01999359        55
   34430        0.00036352    a_iajb     34430                            0.01999358        55
   84441        0.00036352        om     34430     34431                  0.01999357        55
    1881       -0.00033965      a_ia      1881                           -0.00475510        14
   84464        0.00032096        op     34454     34455                  0.01701083        53
   84465        0.00032096        om     34454     34455                  0.01701083        53
   48762        0.00029841        op      5349      5350                  0.02118713        71
    5349        0.00029841    a_iajb      5349                            0.02118680        71

  ==> Add operator: a_ia 1239
  ==> Current qubit order: 2  3  4  9  5  61  60  8  1  14  62  63  15  17  7  16  6  0  64  10  11  30  65  31  21  20  13  12  36  37  23  55  32  22  33  54  28  29  44  38  50  40  41  39  52  18  66  51  59  19  67  56  57  42  43  58  53  49  48  68  45  69  34  46  76  47  77  70  71  72  73  74  75  78  80  79  81  88  82  26  90  27  91  89  35  83  84  85  92  93  86  87  98  99  94  100  101  24  25  102  103  95  96  97  


  ==> Energy                -307.445421204
  ==> dE                       -1.23e-06
  ==> Gradient Norm             1.66e+00
  ==> Abs. Max. Deriv.          3.46e-02
  ==> Time-Grad. (s)             101.712
  ==> Time-Energy (s)             21.694
  ==> Time-Iter. (s)             123.406

--------------------------------------------------------------------------------
CEO-ADAPT-VQE iteration: 292
--------------------------------------------------------------------------------
    gate        derivative      name       op1       op2       op3        g_unscaled   penalty
    1201       -0.00134445      a_ia      1201                           -0.00268890         2
   84440        0.00035064        op     34430     34431                  0.01998624        57
   34430        0.00035064    a_iajb     34430                            0.01998624        57
   84441        0.00035064        om     34430     34431                  0.01998624        57
    1881       -0.00034087      a_ia      1881                           -0.00477219        14
   84464        0.00033343        op     34454     34455                  0.01700516        51
   84465        0.00033343        om     34454     34455                  0.01700516        51
   84426        0.00030610        op     34416     34417                  0.01805995        59
   84427        0.00030610        om     34416     34417                  0.01805995        59
   48762        0.00029841        op      5349      5350                  0.02118711        71

  ==> Add operator: a_ia 1201
  ==> Current qubit order: 2  3  4  9  5  61  60  8  1  14  62  63  15  17  7  16  6  0  64  10  11  30  65  31  21  20  13  12  36  37  23  55  32  22  33  54  28  29  44  38  50  40  41  39  52  18  66  51  59  19  67  56  57  42  43  58  53  49  48  68  45  69  34  46  76  47  77  70  71  72  73  74  75  78  80  79  81  88  82  26  90  27  91  89  35  83  84  85  92  93  86  87  98  99  94  100  101  24  25  102  103  95  96  97  


  ==> Energy                -307.445422318
  ==> dE                       -1.11e-06
  ==> Gradient Norm             1.66e+00
  ==> Abs. Max. Deriv.          3.46e-02
  ==> Time-Grad. (s)             101.383
  ==> Time-Energy (s)             22.446
  ==> Time-Iter. (s)             123.829

--------------------------------------------------------------------------------
CEO-ADAPT-VQE iteration: 293
--------------------------------------------------------------------------------
    gate        derivative      name       op1       op2       op3        g_unscaled   penalty
   84440        0.00035051        op     34430     34431                  0.01997934        57
   34430        0.00035051    a_iajb     34430                            0.01997934        57
   84441        0.00035051        om     34430     34431                  0.01997934        57
    1881       -0.00034236      a_ia      1881                           -0.00479300        14
   84464        0.00033333        op     34454     34455                  0.01699985        51
   84465        0.00033333        om     34454     34455                  0.01699985        51
   84426        0.00030618        op     34416     34417                  0.01806474        59
   84427        0.00030618        om     34416     34417                  0.01806474        59
    1853       -0.00029910      a_ia      1853                           -0.00478567        16
   48762        0.00029841        op      5349      5350                  0.02118716        71

  ==> Add operator: op -1: 34430 34431
  ==> Current qubit order: 2  3  4  9  5  61  60  8  1  14  62  63  15  17  7  16  6  0  64  10  11  30  65  31  21  20  13  12  36  37  23  55  32  22  33  54  28  29  44  38  50  40  41  39  52  18  66  51  59  19  67  56  57  42  43  58  53  49  48  68  45  69  34  46  76  47  77  70  71  72  73  74  75  78  80  79  81  82  88  26  27  89  90  91  35  83  84  85  92  93  86  87  98  99  94  100  101  24  25  102  103  95  96  97  


  ==> Energy                -307.445454184
  ==> dE                       -3.19e-05
  ==> Gradient Norm             1.66e+00
  ==> Abs. Max. Deriv.          3.46e-02
  ==> Time-Grad. (s)             101.848
  ==> Time-Energy (s)             25.582
  ==> Time-Iter. (s)             127.430

--------------------------------------------------------------------------------
CEO-ADAPT-VQE iteration: 294
--------------------------------------------------------------------------------
    gate        derivative      name       op1       op2       op3        g_unscaled   penalty
    1238        0.00052962      a_ia      1238                            0.00105924         2
    1200        0.00046438      a_ia      1200                            0.00092876         2
    1881       -0.00034235      a_ia      1881                           -0.00479296        14
   84464        0.00031800        op     34454     34455                  0.01685404        53
   84465        0.00031800        om     34454     34455                  0.01685404        53
    1853       -0.00029910      a_ia      1853                           -0.00478563        16
   48762        0.00029841        op      5349      5350                  0.02118716        71
    5349        0.00029841    a_iajb      5349                            0.02118689        71
   48763        0.00029840        om      5349      5350                  0.02118662        71
   84426        0.00029449        op     34416     34417                  0.01796394        61

  ==> Add operator: a_ia 1238
  ==> Current qubit order: 2  3  4  9  5  61  60  8  1  14  62  63  15  17  7  16  6  0  64  10  11  30  65  31  21  20  13  12  36  37  23  55  32  22  33  54  28  29  44  38  50  40  41  39  52  18  66  51  59  19  67  56  57  42  43  58  53  49  48  68  45  69  34  46  76  47  77  70  71  72  73  74  75  78  80  79  81  82  88  26  27  89  90  91  35  83  84  85  92  93  86  87  98  99  94  100  101  24  25  102  103  95  96  97  


  ==> Energy                -307.445454376
  ==> dE                       -1.92e-07
  ==> Gradient Norm             1.66e+00
  ==> Abs. Max. Deriv.          3.46e-02
  ==> Time-Grad. (s)             101.519
  ==> Time-Energy (s)             24.119
  ==> Time-Iter. (s)             125.638

--------------------------------------------------------------------------------
CEO-ADAPT-VQE iteration: 295
--------------------------------------------------------------------------------
    gate        derivative      name       op1       op2       op3        g_unscaled   penalty
    1200        0.00045980      a_ia      1200                            0.00091959         2
    1881       -0.00034249      a_ia      1881                           -0.00479480        14
   84464        0.00031802        op     34454     34455                  0.01685517        53
   84465        0.00031802        om     34454     34455                  0.01685517        53
    1853       -0.00029926      a_ia      1853                           -0.00478823        16
   48762        0.00029841        op      5349      5350                  0.02118717        71
    5349        0.00029841    a_iajb      5349                            0.02118690        71
   48763        0.00029840        om      5349      5350                  0.02118664        71
   84426        0.00029452        op     34416     34417                  0.01796575        61
   84427        0.00029452        om     34416     34417                  0.01796575        61

  ==> Add operator: a_ia 1200
  ==> Current qubit order: 2  3  4  9  5  61  60  8  1  14  62  63  15  17  7  16  6  0  64  10  11  30  65  31  21  20  13  12  36  37  23  55  32  22  33  54  28  29  44  38  50  40  41  39  52  18  66  51  59  19  67  56  57  42  43  58  53  49  48  68  45  69  34  46  76  47  77  70  71  72  73  74  75  78  80  79  81  82  88  26  27  89  90  91  35  83  84  85  92  93  86  87  98  99  94  100  101  24  25  102  103  95  96  97  


  ==> Energy                -307.445454528
  ==> dE                       -1.52e-07
  ==> Gradient Norm             1.66e+00
  ==> Abs. Max. Deriv.          3.46e-02
  ==> Time-Grad. (s)             101.971
  ==> Time-Energy (s)             24.534
  ==> Time-Iter. (s)             126.505

--------------------------------------------------------------------------------
CEO-ADAPT-VQE iteration: 296
--------------------------------------------------------------------------------
    gate        derivative      name       op1       op2       op3        g_unscaled   penalty
    1881       -0.00034267      a_ia      1881                           -0.00479737        14
   84464        0.00031804        op     34454     34455                  0.01685631        53
   84465        0.00031804        om     34454     34455                  0.01685631        53
    1853       -0.00029938      a_ia      1853                           -0.00479010        16
   48762        0.00029841        op      5349      5350                  0.02118717        71
    5349        0.00029841    a_iajb      5349                            0.02118691        71
   48763        0.00029840        om      5349      5350                  0.02118664        71
   84426        0.00029455        op     34416     34417                  0.01796757        61
   84427        0.00029455        om     34416     34417                  0.01796757        61
   50535        0.00029322        om      6974      6975                  0.02140491        73

  ==> Add operator: a_ia 1881
  ==> Current qubit order: 2  3  4  9  5  61  60  8  1  14  62  63  15  17  7  16  6  0  64  10  11  30  65  31  21  20  13  12  36  37  23  55  32  22  33  54  28  29  44  38  50  40  41  39  52  18  66  51  59  19  67  56  57  42  43  58  53  49  48  68  45  69  34  46  76  77  70  71  72  73  74  47  75  78  80  79  81  82  88  26  27  89  90  91  35  83  84  85  92  93  86  87  98  99  94  100  101  24  25  102  103  95  96  97  


  ==> Energy                -307.445460366
  ==> dE                       -5.84e-06
  ==> Gradient Norm             1.66e+00
  ==> Abs. Max. Deriv.          3.46e-02
  ==> Time-Grad. (s)             101.720
  ==> Time-Energy (s)             23.846
  ==> Time-Iter. (s)             125.566

--------------------------------------------------------------------------------
CEO-ADAPT-VQE iteration: 297
--------------------------------------------------------------------------------
    gate        derivative      name       op1       op2       op3        g_unscaled   penalty
    1883        0.00069677      a_ia      1883                            0.00557419         8
    1853       -0.00033562      a_ia      1853                           -0.00469869        14
   84464        0.00031804        op     34454     34455                  0.01685632        53
   84465        0.00031804        om     34454     34455                  0.01685632        53
   48762        0.00029841        op      5349      5350                  0.02118715        71
    5349        0.00029841    a_iajb      5349                            0.02118682        71
   48763        0.00029840        om      5349      5350                  0.02118649        71
   84426        0.00029455        op     34416     34417                  0.01796761        61
   84427        0.00029455        om     34416     34417                  0.01796761        61
   50535        0.00029322        om      6974      6975                  0.02140492        73

  ==> Add operator: a_ia 1883
  ==> Current qubit order: 2  3  4  9  5  61  60  8  1  14  62  63  15  17  7  16  6  0  64  10  11  30  65  31  21  20  13  12  36  37  23  55  32  22  33  54  28  29  44  38  50  40  41  39  52  18  66  51  59  19  67  56  57  42  43  58  53  49  48  68  45  69  34  46  76  77  70  71  72  73  74  75  78  80  47  79  81  82  88  26  27  89  90  91  35  83  84  85  92  93  86  87  98  99  94  100  101  24  25  102  103  95  96  97  


  ==> Energy                -307.445467278
  ==> dE                       -6.91e-06
  ==> Gradient Norm             1.66e+00
  ==> Abs. Max. Deriv.          3.46e-02
  ==> Time-Grad. (s)             102.972
  ==> Time-Energy (s)             23.900
  ==> Time-Iter. (s)             126.872

--------------------------------------------------------------------------------
CEO-ADAPT-VQE iteration: 298
--------------------------------------------------------------------------------
    gate        derivative      name       op1       op2       op3        g_unscaled   penalty
    1884       -0.00041668      a_ia      1884                           -0.00166670         4
    1853       -0.00033339      a_ia      1853                           -0.00466744        14
   84464        0.00031804        op     34454     34455                  0.01685629        53
   84465        0.00031804        om     34454     34455                  0.01685629        53
    1855        0.00030048      a_ia      1855                            0.00540872        18
   48762        0.00029841        op      5349      5350                  0.02118718        71
    5349        0.00029841    a_iajb      5349                            0.02118682        71
   48763        0.00029840        om      5349      5350                  0.02118646        71
   84426        0.00029455        op     34416     34417                  0.01796762        61
   84427        0.00029455        om     34416     34417                  0.01796762        61

  ==> Add operator: a_ia 1884
  ==> Current qubit order: 2  3  4  9  5  61  60  8  1  14  62  63  15  17  7  16  6  0  64  10  11  30  65  31  21  20  13  12  36  37  23  55  32  22  33  54  28  29  44  38  50  40  41  39  52  18  66  51  59  19  67  56  57  42  43  58  53  49  48  68  45  69  34  46  76  77  70  71  72  73  74  75  78  80  79  47  81  82  88  26  27  89  90  91  35  83  84  85  92  93  86  87  98  99  94  100  101  24  25  102  103  95  96  97  


  ==> Energy                -307.445467864
  ==> dE                       -5.87e-07
  ==> Gradient Norm             1.66e+00
  ==> Abs. Max. Deriv.          3.46e-02
  ==> Time-Grad. (s)             103.791
  ==> Time-Energy (s)             22.982
  ==> Time-Iter. (s)             126.774

--------------------------------------------------------------------------------
CEO-ADAPT-VQE iteration: 299
--------------------------------------------------------------------------------
    gate        derivative      name       op1       op2       op3        g_unscaled   penalty
    1853       -0.00033300      a_ia      1853                           -0.00466206        14
   84464        0.00031804        op     34454     34455                  0.01685631        53
   84465        0.00031804        om     34454     34455                  0.01685631        53
    1855        0.00030050      a_ia      1855                            0.00540903        18
   48762        0.00029841        op      5349      5350                  0.02118718        71
    5349        0.00029841    a_iajb      5349                            0.02118679        71
   48763        0.00029840        om      5349      5350                  0.02118641        71
   84426        0.00029455        op     34416     34417                  0.01796761        61
   84427        0.00029455        om     34416     34417                  0.01796761        61
   50535        0.00029322        om      6974      6975                  0.02140503        73

  ==> Add operator: a_ia 1853
  ==> Current qubit order: 2  3  4  9  5  61  60  8  1  14  62  63  15  17  7  16  6  0  64  10  11  30  65  31  21  20  13  12  36  37  23  55  32  22  33  54  28  29  44  38  50  40  41  39  52  18  66  51  59  19  67  56  57  42  43  58  53  49  48  68  45  69  34  76  77  70  71  72  73  46  74  75  78  80  79  47  81  82  88  26  27  89  90  91  35  83  84  85  92  93  86  87  98  99  94  100  101  24  25  102  103  95  96  97  


  ==> Energy                -307.445473389
  ==> dE                       -5.52e-06
  ==> Gradient Norm             1.66e+00
  ==> Abs. Max. Deriv.          3.46e-02
  ==> Time-Grad. (s)             103.490
  ==> Time-Energy (s)             22.764
  ==> Time-Iter. (s)             126.254

--------------------------------------------------------------------------------
CEO-ADAPT-VQE iteration: 300
--------------------------------------------------------------------------------
    gate        derivative      name       op1       op2       op3        g_unscaled   penalty
    1855        0.00089955      a_ia      1855                            0.00539732         6
   84464        0.00031804        op     34454     34455                  0.01685632        53
   84465        0.00031804        om     34454     34455                  0.01685632        53
   97992        0.00031265        op     44742     44743                  0.01719578        55
   44742        0.00031264    a_iajb     44742                            0.01719528        55
   97993        0.00031263        om     44742     44743                  0.01719478        55
     914        0.00030609      a_ia       914                            0.01163153        38
    1479        0.00030458      a_ia      1479                            0.00182745         6
   48762        0.00029841        op      5349      5350                  0.02118718        71
    5349        0.00029841    a_iajb      5349                            0.02118677        71

  ==> Add operator: a_ia 1855
  ==> Current qubit order: 2  3  4  9  5  61  60  8  1  14  62  63  15  17  7  16  6  0  64  10  11  30  65  31  21  20  13  12  36  37  23  55  32  22  33  54  28  29  44  38  50  40  41  39  52  18  66  51  59  19  67  56  57  42  43  58  53  49  48  68  45  69  34  76  77  70  71  72  73  74  75  46  78  80  79  47  81  82  88  26  27  89  90  91  35  83  84  85  92  93  86  87  98  99  94  100  101  24  25  102  103  95  96  97  


  ==> Energy                -307.445479839
  ==> dE                       -6.45e-06
  ==> Gradient Norm             1.66e+00
  ==> Abs. Max. Deriv.          3.46e-02
  ==> Time-Grad. (s)             103.926
  ==> Time-Energy (s)             19.937
  ==> Time-Iter. (s)             123.863

CEO-ADAPT-VQE failed to converge.

===> Summary:
    E(SCF): -307.4120031129
    iter            energy                dE     gradient norm
       0   -307.4120031129
       1   -307.4151244768         -3.12e-03          1.80e+00
       2   -307.4170775485         -1.95e-03          1.79e+00
       3   -307.4190397229         -1.96e-03          1.79e+00
       4   -307.4191024897         -6.28e-05          1.78e+00
       5   -307.4191414910         -3.90e-05          1.78e+00
       6   -307.4199071015         -7.66e-04          1.78e+00
       7   -307.4202048855         -2.98e-04          1.77e+00
       8   -307.4215606306         -1.36e-03          1.77e+00
       9   -307.4229628976         -1.40e-03          1.77e+00
      10   -307.4237208502         -7.58e-04          1.76e+00
      11   -307.4239426458         -2.22e-04          1.76e+00
      12   -307.4241333369         -1.91e-04          1.76e+00
      13   -307.4243571654         -2.24e-04          1.76e+00
      14   -307.4243648272         -7.66e-06          1.76e+00
      15   -307.4244189006         -5.41e-05          1.76e+00
      16   -307.4248154505         -3.97e-04          1.76e+00
      17   -307.4255150302         -7.00e-04          1.75e+00
      18   -307.4255741219         -5.91e-05          1.75e+00
      19   -307.4255818786         -7.76e-06          1.75e+00
      20   -307.4266932083         -1.11e-03          1.75e+00
      21   -307.4269678775         -2.75e-04          1.75e+00
      22   -307.4269708464         -2.97e-06          1.75e+00
      23   -307.4272601643         -2.89e-04          1.75e+00
      24   -307.4278941684         -6.34e-04          1.75e+00
      25   -307.4278976316         -3.46e-06          1.74e+00
      26   -307.4281824000         -2.85e-04          1.74e+00
      27   -307.4281909007         -8.50e-06          1.74e+00
      28   -307.4281953366         -4.44e-06          1.74e+00
      29   -307.4287230910         -5.28e-04          1.74e+00
      30   -307.4289450133         -2.22e-04          1.74e+00
      31   -307.4289487787         -3.77e-06          1.74e+00
      32   -307.4291142206         -1.65e-04          1.74e+00
      33   -307.4294169378         -3.03e-04          1.74e+00
      34   -307.4300911984         -6.74e-04          1.74e+00
      35   -307.4300957561         -4.56e-06          1.73e+00
      36   -307.4303885269         -2.93e-04          1.73e+00
      37   -307.4305389299         -1.50e-04          1.73e+00
      38   -307.4305411260         -2.20e-06          1.73e+00
      39   -307.4307538438         -2.13e-04          1.73e+00
      40   -307.4307922255         -3.84e-05          1.73e+00
      41   -307.4312374630         -4.45e-04          1.73e+00
      42   -307.4314609533         -2.23e-04          1.73e+00
      43   -307.4315861220         -1.25e-04          1.73e+00
      44   -307.4317592637         -1.73e-04          1.73e+00
      45   -307.4317846586         -2.54e-05          1.72e+00
      46   -307.4321240158         -3.39e-04          1.72e+00
      47   -307.4321512475         -2.72e-05          1.72e+00
      48   -307.4321543784         -3.13e-06          1.72e+00
      49   -307.4323761479         -2.22e-04          1.72e+00
      50   -307.4325879998         -2.12e-04          1.72e+00
      51   -307.4326018836         -1.39e-05          1.72e+00
      52   -307.4326522695         -5.04e-05          1.72e+00
      53   -307.4327398299         -8.76e-05          1.72e+00
      54   -307.4329206770         -1.81e-04          1.72e+00
      55   -307.4333852656         -4.65e-04          1.72e+00
      56   -307.4333875497         -2.28e-06          1.72e+00
      57   -307.4334074296         -1.99e-05          1.72e+00
      58   -307.4336282033         -2.21e-04          1.72e+00
      59   -307.4337161771         -8.80e-05          1.72e+00
      60   -307.4339316000         -2.15e-04          1.72e+00
      61   -307.4340970630         -1.65e-04          1.72e+00
      62   -307.4342383722         -1.41e-04          1.72e+00
      63   -307.4343417979         -1.03e-04          1.72e+00
      64   -307.4345935094         -2.52e-04          1.71e+00
      65   -307.4346652306         -7.17e-05          1.71e+00
      66   -307.4346669361         -1.71e-06          1.71e+00
      67   -307.4348232393         -1.56e-04          1.71e+00
      68   -307.4350038435         -1.81e-04          1.71e+00
      69   -307.4350054667         -1.62e-06          1.71e+00
      70   -307.4354052865         -4.00e-04          1.71e+00
      71   -307.4354812724         -7.60e-05          1.71e+00
      72   -307.4358557017         -3.74e-04          1.71e+00
      73   -307.4359872764         -1.32e-04          1.71e+00
      74   -307.4361425827         -1.55e-04          1.71e+00
      75   -307.4361466314         -4.05e-06          1.71e+00
      76   -307.4361855810         -3.89e-05          1.71e+00
      77   -307.4364594230         -2.74e-04          1.71e+00
      78   -307.4365886822         -1.29e-04          1.71e+00
      79   -307.4365905300         -1.85e-06          1.71e+00
      80   -307.4368376028         -2.47e-04          1.71e+00
      81   -307.4371090132         -2.71e-04          1.71e+00
      82   -307.4371975267         -8.85e-05          1.70e+00
      83   -307.4374458278         -2.48e-04          1.70e+00
      84   -307.4375824177         -1.37e-04          1.70e+00
      85   -307.4379644913         -3.82e-04          1.70e+00
      86   -307.4380361581         -7.17e-05          1.70e+00
      87   -307.4381728022         -1.37e-04          1.70e+00
      88   -307.4381746748         -1.87e-06          1.70e+00
      89   -307.4383069072         -1.32e-04          1.70e+00
      90   -307.4384282023         -1.21e-04          1.70e+00
      91   -307.4384901749         -6.20e-05          1.70e+00
      92   -307.4385274964         -3.73e-05          1.70e+00
      93   -307.4386460445         -1.19e-04          1.70e+00
      94   -307.4389028713         -2.57e-04          1.70e+00
      95   -307.4390278148         -1.25e-04          1.70e+00
      96   -307.4390824968         -5.47e-05          1.69e+00
      97   -307.4391006342         -1.81e-05          1.69e+00
      98   -307.4391114124         -1.08e-05          1.69e+00
      99   -307.4391246822         -1.33e-05          1.69e+00
     100   -307.4391402256         -1.55e-05          1.69e+00
     101   -307.4391535294         -1.33e-05          1.69e+00
     102   -307.4391752543         -2.17e-05          1.69e+00
     103   -307.4392887796         -1.14e-04          1.69e+00
     104   -307.4392937865         -5.01e-06          1.69e+00
     105   -307.4393323281         -3.85e-05          1.69e+00
     106   -307.4394138868         -8.16e-05          1.69e+00
     107   -307.4394609623         -4.71e-05          1.69e+00
     108   -307.4395056089         -4.46e-05          1.69e+00
     109   -307.4395609930         -5.54e-05          1.69e+00
     110   -307.4396109648         -5.00e-05          1.69e+00
     111   -307.4397599841         -1.49e-04          1.69e+00
     112   -307.4397650566         -5.07e-06          1.69e+00
     113   -307.4397694460         -4.39e-06          1.69e+00
     114   -307.4398287635         -5.93e-05          1.69e+00
     115   -307.4400709394         -2.42e-04          1.69e+00
     116   -307.4401122840         -4.13e-05          1.69e+00
     117   -307.4402194736         -1.07e-04          1.69e+00
     118   -307.4402895963         -7.01e-05          1.69e+00
     119   -307.4403929526         -1.03e-04          1.69e+00
     120   -307.4403967768         -3.82e-06          1.69e+00
     121   -307.4403994535         -2.68e-06          1.69e+00
     122   -307.4404379141         -3.85e-05          1.69e+00
     123   -307.4404745744         -3.67e-05          1.69e+00
     124   -307.4405118007         -3.72e-05          1.69e+00
     125   -307.4405310152         -1.92e-05          1.69e+00
     126   -307.4405548346         -2.38e-05          1.69e+00
     127   -307.4405767987         -2.20e-05          1.69e+00
     128   -307.4406136227         -3.68e-05          1.69e+00
     129   -307.4406141472         -5.10e-07          1.69e+00
     130   -307.4406148840         -7.37e-07          1.69e+00
     131   -307.4406290720         -1.42e-05          1.69e+00
     132   -307.4406482833         -1.92e-05          1.69e+00
     133   -307.4406583415         -1.01e-05          1.69e+00
     134   -307.4408161040         -1.58e-04          1.69e+00
     135   -307.4408299257         -1.38e-05          1.69e+00
     136   -307.4408835788         -5.37e-05          1.69e+00
     137   -307.4409188878         -3.53e-05          1.69e+00
     138   -307.4409329538         -1.41e-05          1.69e+00
     139   -307.4409333446         -3.91e-07          1.69e+00
     140   -307.4409477170         -1.44e-05          1.69e+00
     141   -307.4410088694         -6.12e-05          1.69e+00
     142   -307.4412572935         -2.48e-04          1.69e+00
     143   -307.4412703759         -1.31e-05          1.68e+00
     144   -307.4412811412         -1.08e-05          1.68e+00
     145   -307.4413859166         -1.05e-04          1.68e+00
     146   -307.4415820760         -1.96e-04          1.68e+00
     147   -307.4415872740         -5.20e-06          1.68e+00
     148   -307.4415917856         -4.51e-06          1.68e+00
     149   -307.4417071879         -1.15e-04          1.68e+00
     150   -307.4417082910         -1.10e-06          1.68e+00
     151   -307.4418186541         -1.10e-04          1.68e+00
     152   -307.4418235758         -4.92e-06          1.68e+00
     153   -307.4418285492         -4.97e-06          1.68e+00
     154   -307.4418332045         -4.66e-06          1.68e+00
     155   -307.4418355783         -2.37e-06          1.68e+00
     156   -307.4418417727         -6.19e-06          1.68e+00
     157   -307.4418447316         -2.96e-06          1.68e+00
     158   -307.4418490521         -4.32e-06          1.68e+00
     159   -307.4418513131         -2.26e-06          1.68e+00
     160   -307.4418549599         -3.65e-06          1.68e+00
     161   -307.4418577440         -2.78e-06          1.68e+00
     162   -307.4418584374         -6.93e-07          1.68e+00
     163   -307.4418833013         -2.49e-05          1.68e+00
     164   -307.4419227766         -3.95e-05          1.68e+00
     165   -307.4419235677         -7.91e-07          1.68e+00
     166   -307.4419241081         -5.40e-07          1.68e+00
     167   -307.4419248364         -7.28e-07          1.68e+00
     168   -307.4419428317         -1.80e-05          1.68e+00
     169   -307.4419433198         -4.88e-07          1.68e+00
     170   -307.4419437821         -4.62e-07          1.68e+00
     171   -307.4419533950         -9.61e-06          1.68e+00
     172   -307.4419538338         -4.39e-07          1.68e+00
     173   -307.4419542347         -4.01e-07          1.68e+00
     174   -307.4419813003         -2.71e-05          1.68e+00
     175   -307.4419818050         -5.05e-07          1.68e+00
     176   -307.4419970205         -1.52e-05          1.68e+00
     177   -307.4420253384         -2.83e-05          1.68e+00
     178   -307.4420276513         -2.31e-06          1.68e+00
     179   -307.4420299146         -2.26e-06          1.68e+00
     180   -307.4420478257         -1.79e-05          1.68e+00
     181   -307.4420479962         -1.70e-07          1.68e+00
     182   -307.4420592951         -1.13e-05          1.68e+00
     183   -307.4422561564         -1.97e-04          1.68e+00
     184   -307.4422663367         -1.02e-05          1.68e+00
     185   -307.4422751952         -8.86e-06          1.68e+00
     186   -307.4422766416         -1.45e-06          1.68e+00
     187   -307.4423245867         -4.79e-05          1.68e+00
     188   -307.4423259652         -1.38e-06          1.68e+00
     189   -307.4423272308         -1.27e-06          1.68e+00
     190   -307.4423312615         -4.03e-06          1.68e+00
     191   -307.4425443784         -2.13e-04          1.68e+00
     192   -307.4425484187         -4.04e-06          1.68e+00
     193   -307.4425519495         -3.53e-06          1.68e+00
     194   -307.4427205206         -1.69e-04          1.68e+00
     195   -307.4427241112         -3.59e-06          1.68e+00
     196   -307.4427272089         -3.10e-06          1.68e+00
     197   -307.4427602489         -3.30e-05          1.68e+00
     198   -307.4427611663         -9.17e-07          1.68e+00
     199   -307.4427626439         -1.48e-06          1.68e+00
     200   -307.4427627806         -1.37e-07          1.68e+00
     201   -307.4428143561         -5.16e-05          1.68e+00
     202   -307.4428152267         -8.71e-07          1.68e+00
     203   -307.4428160767         -8.50e-07          1.68e+00
     204   -307.4428177207         -1.64e-06          1.68e+00
     205   -307.4430178468         -2.00e-04          1.68e+00
     206   -307.4430202306         -2.38e-06          1.68e+00
     207   -307.4430222960         -2.07e-06          1.68e+00
     208   -307.4430241401         -1.84e-06          1.68e+00
     209   -307.4430295814         -5.44e-06          1.68e+00
     210   -307.4432491430         -2.20e-04          1.68e+00
     211   -307.4433449177         -9.58e-05          1.67e+00
     212   -307.4434034403         -5.85e-05          1.67e+00
     213   -307.4434055900         -2.15e-06          1.67e+00
     214   -307.4434078909         -2.30e-06          1.67e+00
     215   -307.4434094170         -1.53e-06          1.67e+00
     216   -307.4434121449         -2.73e-06          1.67e+00
     217   -307.4434557139         -4.36e-05          1.67e+00
     218   -307.4434979753         -4.23e-05          1.67e+00
     219   -307.4434983483         -3.73e-07          1.67e+00
     220   -307.4434986007         -2.52e-07          1.67e+00
     221   -307.4435344806         -3.59e-05          1.67e+00
     222   -307.4435373903         -2.91e-06          1.67e+00
     223   -307.4435787301         -4.13e-05          1.67e+00
     224   -307.4435792094         -4.79e-07          1.67e+00
     225   -307.4438405862         -2.61e-04          1.67e+00
     226   -307.4438459346         -5.35e-06          1.67e+00
     227   -307.4438506688         -4.73e-06          1.67e+00
     228   -307.4438535100         -2.84e-06          1.67e+00
     229   -307.4438562582         -2.75e-06          1.67e+00
     230   -307.4439002694         -4.40e-05          1.67e+00
     231   -307.4439005131         -2.44e-07          1.67e+00
     232   -307.4440280969         -1.28e-04          1.67e+00
     233   -307.4442273596         -1.99e-04          1.67e+00
     234   -307.4442294152         -2.06e-06          1.67e+00
     235   -307.4442983847         -6.90e-05          1.67e+00
     236   -307.4443078644         -9.48e-06          1.67e+00
     237   -307.4443169029         -9.04e-06          1.67e+00
     238   -307.4444076556         -9.08e-05          1.67e+00
     239   -307.4444078160         -1.60e-07          1.67e+00
     240   -307.4444084765         -6.60e-07          1.67e+00
     241   -307.4444253864         -1.69e-05          1.67e+00
     242   -307.4444976754         -7.23e-05          1.67e+00
     243   -307.4444998115         -2.14e-06          1.67e+00
     244   -307.4445003379         -5.26e-07          1.67e+00
     245   -307.4445008157         -4.78e-07          1.67e+00
     246   -307.4445015235         -7.08e-07          1.67e+00
     247   -307.4445521242         -5.06e-05          1.67e+00
     248   -307.4445529125         -7.88e-07          1.67e+00
     249   -307.4445533177         -4.05e-07          1.67e+00
     250   -307.4446364558         -8.31e-05          1.67e+00
     251   -307.4446402361         -3.78e-06          1.67e+00
     252   -307.4446450818         -4.85e-06          1.67e+00
     253   -307.4448430109         -1.98e-04          1.67e+00
     254   -307.4448433421         -3.31e-07          1.67e+00
     255   -307.4448436935         -3.51e-07          1.67e+00
     256   -307.4448438551         -1.62e-07          1.67e+00
     257   -307.4449335688         -8.97e-05          1.67e+00
     258   -307.4449342797         -7.11e-07          1.66e+00
     259   -307.4449370495         -2.77e-06          1.66e+00
     260   -307.4449400017         -2.95e-06          1.66e+00
     261   -307.4449408324         -8.31e-07          1.66e+00
     262   -307.4449964803         -5.56e-05          1.66e+00
     263   -307.4449968670         -3.87e-07          1.66e+00
     264   -307.4449975815         -7.15e-07          1.66e+00
     265   -307.4449984944         -9.13e-07          1.66e+00
     266   -307.4450292971         -3.08e-05          1.66e+00
     267   -307.4450811033         -5.18e-05          1.66e+00
     268   -307.4450817441         -6.41e-07          1.66e+00
     269   -307.4451287356         -4.70e-05          1.66e+00
     270   -307.4451294665         -7.31e-07          1.66e+00
     271   -307.4451309028         -1.44e-06          1.66e+00
     272   -307.4452723518         -1.41e-04          1.66e+00
     273   -307.4452768971         -4.55e-06          1.66e+00
     274   -307.4452788557         -1.96e-06          1.66e+00
     275   -307.4452806468         -1.79e-06          1.66e+00
     276   -307.4452816121         -9.65e-07          1.66e+00
     277   -307.4452824385         -8.26e-07          1.66e+00
     278   -307.4452868219         -4.38e-06          1.66e+00
     279   -307.4452937588         -6.94e-06          1.66e+00
     280   -307.4452948114         -1.05e-06          1.66e+00
     281   -307.4452974981         -2.69e-06          1.66e+00
     282   -307.4452975745         -7.63e-08          1.66e+00
     283   -307.4452976189         -4.45e-08          1.66e+00
     284   -307.4452978875         -2.69e-07          1.66e+00
     285   -307.4452993052         -1.42e-06          1.66e+00
     286   -307.4453032789         -3.97e-06          1.66e+00
     287   -307.4453051281         -1.85e-06          1.66e+00
     288   -307.4453068676         -1.74e-06          1.66e+00
     289   -307.4453319166         -2.50e-05          1.66e+00
     290   -307.4454199725         -8.81e-05          1.66e+00
     291   -307.4454212040         -1.23e-06          1.66e+00
     292   -307.4454223185         -1.11e-06          1.66e+00
     293   -307.4454541841         -3.19e-05          1.66e+00
     294   -307.4454543760         -1.92e-07          1.66e+00
     295   -307.4454545282         -1.52e-07          1.66e+00
     296   -307.4454603657         -5.84e-06          1.66e+00
     297   -307.4454672775         -6.91e-06          1.66e+00
     298   -307.4454678643         -5.87e-07          1.66e+00
     299   -307.4454733891         -5.52e-06          1.66e+00
     300   -307.4454798389         -6.45e-06          1.66e+00

===> ADAPT did not converge after 300 steps.
===> Gradient Norm:                 1.66e+00
===> Abs. Max. Deriv:               3.46e-02
===> Energy:                 -307.4454798389

