Energy (SCF): -270.443444840

--------------------------------------------------------------------------------
CEO-ADAPT-VQE iteration: 1
--------------------------------------------------------------------------------
    gate        derivative      name       op1       op2       op3        g_unscaled   penalty
  101246        0.00256473        op     45942     45943                  0.06411832        25
  101247        0.00256473        om     45942     45943                  0.06411832        25
  100218        0.00253329        op     45028     45029                  0.12413138        49
  100219        0.00253329        om     45028     45029                  0.12413138        49
   45028        0.00190971    a_iajb     45028                            0.12413138        65
  101036        0.00180341        op     45735     45736                  0.05229900        29
  101037        0.00180341        om     45735     45736                  0.05229900        29
  101138        0.00180341        op     45837     45838                  0.05229900        29
  101139        0.00180341        om     45837     45838                  0.05229900        29
  101272        0.00173821        op     45968     45969                  0.05736101        33

  ==> Add operator: op -1: 45942 45943
  ==> Current qubit order: 0  1  2  3  4  5  6  7  8  9  10  11  12  13  14  15  16  17  18  19  20  21  22  23  24  25  26  27  28  29  30  31  32  33  34  35  36  37  38  39  40  41  42  43  44  45  46  47  48  49  50  51  52  53  54  55  56  57  58  59  60  61  62  63  64  65  66  67  68  69  70  71  72  73  74  75  76  77  78  79  80  81  82  83  84  85  86  87  88  89  90  91  92  93  94  95  


  ==> Energy                -270.444880759
  ==> dE                       -1.44e-03
  ==> Gradient Norm             2.49e+00
  ==> Abs. Max. Deriv.          1.24e-01
  ==> Time-Grad. (s)               0.832
  ==> Time-Energy (s)              0.010
  ==> Time-Iter. (s)               0.842

--------------------------------------------------------------------------------
CEO-ADAPT-VQE iteration: 2
--------------------------------------------------------------------------------
    gate        derivative      name       op1       op2       op3        g_unscaled   penalty
  100218        0.00247975        op     45028     45029                  0.12150763        49
  100219        0.00247975        om     45028     45029                  0.12150763        49
  101036        0.00219901        op     45735     45736                  0.06377125        29
  101037        0.00219901        om     45735     45736                  0.06377125        29
  101138        0.00219901        op     45837     45838                  0.06377125        29
  101139        0.00219901        om     45837     45838                  0.06377125        29
   45028        0.00186935    a_iajb     45028                            0.12150763        65
  100248        0.00166102        op     45058     45059                  0.09467837        57
  100249        0.00166102        om     45058     45059                  0.09467837        57
  101272        0.00159911        op     45968     45969                  0.05277054        33

  ==> Add operator: op -1: 45028 45029
  ==> Current qubit order: 0  1  2  3  4  5  6  7  8  9  10  11  12  13  14  15  16  17  18  19  20  21  22  23  24  25  26  27  28  29  30  31  32  33  34  35  36  37  38  39  42  43  40  41  48  49  44  45  46  47  50  51  52  53  54  55  56  57  58  59  60  61  62  63  64  65  66  67  68  69  70  71  72  73  74  75  76  77  78  79  80  81  82  83  84  85  86  87  88  89  90  91  92  93  94  95  


  ==> Energy                -270.450242319
  ==> dE                       -5.36e-03
  ==> Gradient Norm             2.48e+00
  ==> Abs. Max. Deriv.          1.22e-01
  ==> Time-Grad. (s)               0.821
  ==> Time-Energy (s)              0.015
  ==> Time-Iter. (s)               0.835

--------------------------------------------------------------------------------
CEO-ADAPT-VQE iteration: 3
--------------------------------------------------------------------------------
    gate        derivative      name       op1       op2       op3        g_unscaled   penalty
    1503       -0.00339871      a_ia      1503                           -0.01359485         4
    1530       -0.00339871      a_ia      1530                           -0.01359485         4
    1681        0.00247705      a_ia      1681                            0.00990822         4
    1657        0.00247705      a_ia      1657                            0.00990822         4
  101272        0.00214076        op     45968     45969                  0.05351902        25
  101273        0.00214076        om     45968     45969                  0.05351902        25
  101036        0.00203268        op     45735     45736                  0.05894774        29
  101037        0.00203268        om     45735     45736                  0.05894774        29
  101138        0.00203268        op     45837     45838                  0.05894774        29
  101139        0.00203268        om     45837     45838                  0.05894774        29

  ==> Add operator: a_ia 1503
  ==> Current qubit order: 0  1  2  3  4  5  6  7  8  9  10  11  12  13  14  15  16  17  18  19  20  21  22  23  24  25  26  27  28  29  30  31  32  33  34  35  36  37  38  39  42  43  41  40  48  49  44  45  46  47  50  51  52  53  54  55  56  57  58  59  60  61  62  63  64  65  66  67  68  69  70  71  72  73  74  75  76  77  78  79  80  81  82  83  84  85  86  87  88  89  90  91  92  93  94  95  


  ==> Energy                -270.450386301
  ==> dE                       -1.44e-04
  ==> Gradient Norm             2.46e+00
  ==> Abs. Max. Deriv.          1.11e-01
  ==> Time-Grad. (s)               0.909
  ==> Time-Energy (s)              0.011
  ==> Time-Iter. (s)               0.921

--------------------------------------------------------------------------------
CEO-ADAPT-VQE iteration: 4
--------------------------------------------------------------------------------
    gate        derivative      name       op1       op2       op3        g_unscaled   penalty
    1657        0.00222225      a_ia      1657                            0.00888899         4
  101272        0.00214139        op     45968     45969                  0.05353473        25
  101273        0.00214139        om     45968     45969                  0.05353473        25
  101036        0.00200948        op     45735     45736                  0.05827479        29
  101037        0.00200948        om     45735     45736                  0.05827479        29
  101138        0.00200910        op     45837     45838                  0.05826389        29
  101139        0.00200910        om     45837     45838                  0.05826389        29
    1681        0.00182065      a_ia      1681                            0.00728261         4
  100934        0.00173054        op     45636     45637                  0.04326354        25
  100935        0.00173054        om     45636     45637                  0.04326354        25

  ==> Add operator: a_ia 1657
  ==> Current qubit order: 0  1  2  3  4  5  6  7  8  9  10  11  12  13  14  15  16  17  18  19  20  21  22  23  24  25  26  27  28  29  30  31  32  33  34  35  36  37  38  39  42  43  41  40  48  49  44  45  47  46  50  51  52  53  54  55  56  57  58  59  60  61  62  63  64  65  66  67  68  69  70  71  72  73  74  75  76  77  78  79  80  81  82  83  84  85  86  87  88  89  90  91  92  93  94  95  


  ==> Energy                -270.450437145
  ==> dE                       -5.08e-05
  ==> Gradient Norm             2.46e+00
  ==> Abs. Max. Deriv.          1.11e-01
  ==> Time-Grad. (s)               0.828
  ==> Time-Energy (s)              0.010
  ==> Time-Iter. (s)               0.838

--------------------------------------------------------------------------------
CEO-ADAPT-VQE iteration: 5
--------------------------------------------------------------------------------
    gate        derivative      name       op1       op2       op3        g_unscaled   penalty
  101036        0.00215766        op     45735     45736                  0.05825670        27
  101037        0.00215766        om     45735     45736                  0.05825670        27
  100934        0.00173042        op     45636     45637                  0.04326056        25
  100935        0.00173042        om     45636     45637                  0.04326056        25
  101060        0.00159029        op     45759     45760                  0.04929893        31
  101061        0.00159029        om     45759     45760                  0.04929893        31
   45735        0.00135481    a_iajb     45735                            0.05825670        43
  100952        0.00134854        op     45654     45655                  0.04450171        33
  100953        0.00134854        om     45654     45655                  0.04450171        33
  100249        0.00129896        om     45058     45059                  0.08443211        65

  ==> Add operator: op -1: 45735 45736
  ==> Current qubit order: 0  1  2  3  4  5  6  7  8  9  10  11  12  13  14  15  16  17  18  19  20  21  22  23  24  25  26  27  28  29  30  31  32  33  34  35  36  37  38  39  42  43  41  40  48  49  44  47  45  46  50  51  52  53  54  55  56  57  58  59  60  61  62  63  64  65  66  67  68  69  70  71  72  73  74  75  76  77  78  79  80  81  82  83  84  85  86  87  88  89  90  91  92  93  94  95  


  ==> Energy                -270.451701346
  ==> dE                       -1.26e-03
  ==> Gradient Norm             2.46e+00
  ==> Abs. Max. Deriv.          1.11e-01
  ==> Time-Grad. (s)               0.938
  ==> Time-Energy (s)              0.015
  ==> Time-Iter. (s)               0.952

--------------------------------------------------------------------------------
CEO-ADAPT-VQE iteration: 6
--------------------------------------------------------------------------------
    gate        derivative      name       op1       op2       op3        g_unscaled   penalty
    1631        0.00252050      a_ia      1631                            0.00504100         2
  100934        0.00195718        op     45636     45637                  0.05284397        27
  100935        0.00195718        om     45636     45637                  0.05284397        27
    1680       -0.00142725      a_ia      1680                           -0.00570901         4
  101060        0.00136872        op     45759     45760                  0.04516761        33
  101061        0.00136872        om     45759     45760                  0.04516761        33
  100249        0.00130960        om     45058     45059                  0.08512427        65
   45058        0.00130953    a_iajb     45058                            0.08511925        65
  100248        0.00130945        op     45058     45059                  0.08511422        65
  100513       -0.00127313        om     45277     45278                 -0.07002237        55

  ==> Add operator: a_ia 1631
  ==> Current qubit order: 0  1  2  3  4  5  6  7  8  9  10  11  12  13  14  15  16  17  18  19  20  21  22  23  24  25  26  27  28  29  30  31  32  33  34  35  36  37  38  39  42  43  41  40  48  49  44  47  45  46  50  51  52  53  54  55  56  57  58  59  60  61  62  63  64  65  66  67  68  69  70  71  72  73  74  75  76  77  78  79  80  81  82  83  84  85  86  87  88  89  90  91  92  93  94  95  


  ==> Energy                -270.454135943
  ==> dE                       -2.43e-03
  ==> Gradient Norm             2.45e+00
  ==> Abs. Max. Deriv.          1.11e-01
  ==> Time-Grad. (s)               0.858
  ==> Time-Energy (s)              0.016
  ==> Time-Iter. (s)               0.873

--------------------------------------------------------------------------------
CEO-ADAPT-VQE iteration: 7
--------------------------------------------------------------------------------
    gate        derivative      name       op1       op2       op3        g_unscaled   penalty
    1608        0.00147639      a_ia      1608                            0.01181111         8
    1607       -0.00143064      a_ia      1607                           -0.00572255         4
    1633        0.00138599      a_ia      1633                            0.00831597         6
  100249        0.00132963        om     45058     45059                  0.08642586        65
   45058        0.00132955    a_iajb     45058                            0.08642067        65
  100248        0.00132947        op     45058     45059                  0.08641548        65
    1680       -0.00127613      a_ia      1680                           -0.00510450         4
  100513       -0.00126848        om     45277     45278                 -0.06976655        55
   45277       -0.00120248    a_iajb     45277                           -0.06613622        55
  101273        0.00118872        om     45968     45969                  0.05111501        43

  ==> Add operator: a_ia 1608
  ==> Current qubit order: 0  1  2  3  4  5  6  7  8  9  10  11  12  13  14  15  16  17  18  19  20  21  22  23  24  25  26  27  28  29  30  31  32  33  34  35  36  37  38  39  42  43  41  40  48  49  47  45  46  44  50  51  52  53  54  55  56  57  58  59  60  61  62  63  64  65  66  67  68  69  70  71  72  73  74  75  76  77  78  79  80  81  82  83  84  85  86  87  88  89  90  91  92  93  94  95  


  ==> Energy                -270.454223778
  ==> dE                       -8.78e-05
  ==> Gradient Norm             2.44e+00
  ==> Abs. Max. Deriv.          1.11e-01
  ==> Time-Grad. (s)               0.860
  ==> Time-Energy (s)              0.014
  ==> Time-Iter. (s)               0.873

--------------------------------------------------------------------------------
CEO-ADAPT-VQE iteration: 8
--------------------------------------------------------------------------------
    gate        derivative      name       op1       op2       op3        g_unscaled   penalty
    1680       -0.00268378      a_ia      1680                           -0.00536756         2
  100249        0.00134163        om     45058     45059                  0.08720590        65
   45058        0.00134149    a_iajb     45058                            0.08719688        65
  100248        0.00134135        op     45058     45059                  0.08718786        65
  100513       -0.00131517        om     45277     45278                 -0.06970421        53
    1632       -0.00125348      a_ia      1632                           -0.00501391         4
   45277       -0.00124729    a_iajb     45277                           -0.06610660        53
  100724       -0.00122508        op     45465     45466                 -0.06737935        55
  100512       -0.00117942        op     45277     45278                 -0.06250900        53
   45465       -0.00116296    a_iajb     45465                           -0.06396303        55

  ==> Add operator: a_ia 1680
  ==> Current qubit order: 0  1  2  3  4  5  6  7  8  9  10  11  12  13  14  15  16  17  18  19  20  21  22  23  24  25  26  27  28  29  30  31  32  33  34  35  36  37  38  39  42  43  41  40  48  49  47  45  46  44  50  51  52  53  54  55  56  57  58  59  60  61  62  63  64  65  66  67  68  69  70  71  72  73  74  75  76  77  78  79  80  81  82  83  84  85  86  87  88  89  90  91  92  93  94  95  


  ==> Energy                -270.454248801
  ==> dE                       -2.50e-05
  ==> Gradient Norm             2.44e+00
  ==> Abs. Max. Deriv.          1.11e-01
  ==> Time-Grad. (s)               0.948
  ==> Time-Energy (s)              0.011
  ==> Time-Iter. (s)               0.960

--------------------------------------------------------------------------------
CEO-ADAPT-VQE iteration: 9
--------------------------------------------------------------------------------
    gate        derivative      name       op1       op2       op3        g_unscaled   penalty
    1632       -0.00142372      a_ia      1632                           -0.00569486         4
  100249        0.00134144        om     45058     45059                  0.08719383        65
   45058        0.00134130    a_iajb     45058                            0.08718481        65
  100248        0.00134117        op     45058     45059                  0.08717578        65
  100513       -0.00131446        om     45277     45278                 -0.06966653        53
   45277       -0.00124632    a_iajb     45277                           -0.06605497        53
  100724       -0.00122522        op     45465     45466                 -0.06738716        55
  100512       -0.00117818        op     45277     45278                 -0.06244341        53
   45465       -0.00116316    a_iajb     45465                           -0.06397357        55
  100401       -0.00110807        om     45186     45187                 -0.06094395        55

  ==> Add operator: a_ia 1632
  ==> Current qubit order: 0  1  2  3  4  5  6  7  8  9  10  11  12  13  14  15  16  17  18  19  20  21  22  23  24  25  26  27  28  29  30  31  32  33  34  35  36  37  38  39  42  43  41  40  48  47  49  45  46  44  50  51  52  53  54  55  56  57  58  59  60  61  62  63  64  65  66  67  68  69  70  71  72  73  74  75  76  77  78  79  80  81  82  83  84  85  86  87  88  89  90  91  92  93  94  95  


  ==> Energy                -270.454277896
  ==> dE                       -2.91e-05
  ==> Gradient Norm             2.44e+00
  ==> Abs. Max. Deriv.          1.11e-01
  ==> Time-Grad. (s)               0.901
  ==> Time-Energy (s)              0.015
  ==> Time-Iter. (s)               0.915

--------------------------------------------------------------------------------
CEO-ADAPT-VQE iteration: 10
--------------------------------------------------------------------------------
    gate        derivative      name       op1       op2       op3        g_unscaled   penalty
  100249        0.00134361        om     45058     45059                  0.08733477        65
   45058        0.00134348    a_iajb     45058                            0.08732651        65
  100248        0.00134336        op     45058     45059                  0.08731825        65
  100724       -0.00118238        op     45465     45466                 -0.06739548        57
  100513       -0.00117966        om     45277     45278                 -0.06960000        59
   45465       -0.00112265    a_iajb     45465                           -0.06399092        57
   45277       -0.00111862    a_iajb     45277                           -0.06599876        59
  100401       -0.00110631        om     45186     45187                 -0.06084726        55
  100610       -0.00107059        op     45372     45373                 -0.05888223        55
  100725       -0.00106292        om     45465     45466                 -0.06058637        57

  ==> Add operator: om -1: 45058 45059
  ==> Current qubit order: 0  1  2  3  4  5  6  7  8  9  10  11  12  13  14  15  16  17  18  19  20  21  22  23  24  25  26  27  28  29  30  31  32  33  34  35  36  37  38  39  42  43  48  47  41  40  50  51  49  45  46  44  52  53  54  55  56  57  58  59  60  61  62  63  64  65  66  67  68  69  70  71  72  73  74  75  76  77  78  79  80  81  82  83  84  85  86  87  88  89  90  91  92  93  94  95  


  ==> Energy                -270.456512008
  ==> dE                       -2.23e-03
  ==> Gradient Norm             2.44e+00
  ==> Abs. Max. Deriv.          1.11e-01
  ==> Time-Grad. (s)               1.016
  ==> Time-Energy (s)              0.019
  ==> Time-Iter. (s)               1.035

--------------------------------------------------------------------------------
CEO-ADAPT-VQE iteration: 11
--------------------------------------------------------------------------------
    gate        derivative      name       op1       op2       op3        g_unscaled   penalty
    1633        0.00239304      a_ia      1633                            0.00957215         4
  100513       -0.00152891        om     45277     45278                 -0.07185878        47
   45277       -0.00145529    a_iajb     45277                           -0.06839883        47
  100724       -0.00142396        op     45465     45466                 -0.06977427        49
  100512       -0.00138168        op     45277     45278                 -0.06493889        47
   45465       -0.00135555    a_iajb     45465                           -0.06642219        49
    1681        0.00133733      a_ia      1681                            0.01069863         8
  100725       -0.00128715        om     45465     45466                 -0.06307011        49
  100610       -0.00119563        op     45372     45373                 -0.06097696        51
    1504        0.00114652      a_ia      1504                            0.00229305         2

  ==> Add operator: a_ia 1633
  ==> Current qubit order: 0  1  2  3  4  5  6  7  8  9  10  11  12  13  14  15  16  17  18  19  20  21  22  23  24  25  26  27  28  29  30  31  32  33  34  35  36  37  38  39  42  43  48  47  41  40  50  49  51  45  46  44  52  53  54  55  56  57  58  59  60  61  62  63  64  65  66  67  68  69  70  71  72  73  74  75  76  77  78  79  80  81  82  83  84  85  86  87  88  89  90  91  92  93  94  95  


  ==> Energy                -270.456571879
  ==> dE                       -5.99e-05
  ==> Gradient Norm             2.44e+00
  ==> Abs. Max. Deriv.          1.11e-01
  ==> Time-Grad. (s)               0.960
  ==> Time-Energy (s)              0.017
  ==> Time-Iter. (s)               0.977

--------------------------------------------------------------------------------
CEO-ADAPT-VQE iteration: 12
--------------------------------------------------------------------------------
    gate        derivative      name       op1       op2       op3        g_unscaled   penalty
  100724       -0.00148611        op     45465     45466                 -0.06984696        47
  100513       -0.00146505        om     45277     45278                 -0.07178760        49
   45465       -0.00141452    a_iajb     45465                           -0.06648267        47
   45277       -0.00139417    a_iajb     45277                           -0.06831420        49
  100725       -0.00134294        om     45465     45466                 -0.06311839        47
  100512       -0.00132328        op     45277     45278                 -0.06484080        49
    1504        0.00127173      a_ia      1504                            0.00254346         2
  100610       -0.00124565        op     45372     45373                 -0.06103677        49
    1681        0.00120007      a_ia      1681                            0.01200073        10
   45372       -0.00118366    a_iajb     45372                           -0.05799916        49

  ==> Add operator: mvp2 -1: 45465 45466
  ==> Current qubit order: 0  1  2  3  4  5  6  7  8  9  10  11  12  13  14  15  16  17  18  19  20  21  22  23  24  25  26  27  28  29  30  31  32  33  34  35  36  37  38  39  42  43  48  47  40  41  50  49  46  51  45  44  52  53  54  55  56  57  58  59  60  61  62  63  64  65  66  67  68  69  70  71  72  73  74  75  76  77  78  79  80  81  82  83  84  85  86  87  88  89  90  91  92  93  94  95  


  ==> Energy                -270.458708047
  ==> dE                       -2.14e-03
  ==> Gradient Norm             2.44e+00
  ==> Abs. Max. Deriv.          1.11e-01
  ==> Time-Grad. (s)               1.135
  ==> Time-Energy (s)              0.016
  ==> Time-Iter. (s)               1.151

--------------------------------------------------------------------------------
CEO-ADAPT-VQE iteration: 13
--------------------------------------------------------------------------------
    gate        derivative      name       op1       op2       op3        g_unscaled   penalty
    1530       -0.00218912      a_ia      1530                           -0.00875647         4
  100513       -0.00146548        om     45277     45278                 -0.07180855        49
   45277       -0.00137828    a_iajb     45277                           -0.06753568        49
  100610       -0.00137789        op     45372     45373                 -0.06476097        47
   45372       -0.00131619    a_iajb     45372                           -0.06186086        47
  100512       -0.00129108        op     45277     45278                 -0.06326281        49
  100611       -0.00125448        om     45372     45373                 -0.05896076        47
    1681        0.00102384      a_ia      1681                            0.01228603        12
  100789       -0.00098135        om     45529     45530                 -0.04808609        49
  100990        0.00088122        op     45692     45693                  0.03612992        41

  ==> Add operator: a_ia 1530
  ==> Current qubit order: 0  1  2  3  4  5  6  7  8  9  10  11  12  13  14  15  16  17  18  19  20  21  22  23  24  25  26  27  28  29  30  31  32  33  34  35  36  37  38  39  42  43  48  47  40  50  41  49  46  51  45  44  52  53  54  55  56  57  58  59  60  61  62  63  64  65  66  67  68  69  70  71  72  73  74  75  76  77  78  79  80  81  82  83  84  85  86  87  88  89  90  91  92  93  94  95  


  ==> Energy                -270.458806084
  ==> dE                       -9.80e-05
  ==> Gradient Norm             2.43e+00
  ==> Abs. Max. Deriv.          1.11e-01
  ==> Time-Grad. (s)               1.054
  ==> Time-Energy (s)              0.019
  ==> Time-Iter. (s)               1.073

--------------------------------------------------------------------------------
CEO-ADAPT-VQE iteration: 14
--------------------------------------------------------------------------------
    gate        derivative      name       op1       op2       op3        g_unscaled   penalty
  100513       -0.00146729        om     45277     45278                 -0.07189726        49
    1504        0.00140252      a_ia      1504                            0.00280505         2
   45277       -0.00137778    a_iajb     45277                           -0.06751138        49
  100512       -0.00128828        op     45277     45278                 -0.06312549        49
  100610       -0.00111975        op     45372     45373                 -0.06606524        59
    1681        0.00107473      a_ia      1681                            0.01289677        12
   45372       -0.00106577    a_iajb     45372                           -0.06288066        59
  100789       -0.00101987        om     45529     45530                 -0.04793406        47
  100611       -0.00101180        om     45372     45373                 -0.05969609        59
  100792       -0.00088177        op     45529     45531                 -0.04144315        47

  ==> Add operator: mvp2 -1: 45277 45278
  ==> Current qubit order: 0  1  2  3  4  5  6  7  8  9  10  11  12  13  14  15  16  17  18  19  20  21  22  23  24  25  26  27  28  29  30  31  32  33  34  35  36  37  38  39  42  43  48  47  40  51  50  41  49  46  45  44  52  53  54  55  56  57  58  59  60  61  62  63  64  65  66  67  68  69  70  71  72  73  74  75  76  77  78  79  80  81  82  83  84  85  86  87  88  89  90  91  92  93  94  95  


  ==> Energy                -270.461302493
  ==> dE                       -2.50e-03
  ==> Gradient Norm             2.43e+00
  ==> Abs. Max. Deriv.          1.11e-01
  ==> Time-Grad. (s)               1.075
  ==> Time-Energy (s)              0.014
  ==> Time-Iter. (s)               1.090

--------------------------------------------------------------------------------
CEO-ADAPT-VQE iteration: 15
--------------------------------------------------------------------------------
    gate        derivative      name       op1       op2       op3        g_unscaled   penalty
    1681        0.00209293      a_ia      1681                            0.00837173         4
  100610       -0.00116054        op     45372     45373                 -0.06615089        57
    1531        0.00115635      a_ia      1531                            0.00462538         4
    1606        0.00112203      a_ia      1606                            0.00448813         4
   45372       -0.00108974    a_iajb     45372                           -0.06211530        57
  100611       -0.00101894        om     45372     45373                 -0.05807971        57
  100401       -0.00098693        om     45186     45187                 -0.06612444        67
   45186       -0.00093031    a_iajb     45186                           -0.06233063        67
  101163        0.00091981        om     45861     45862                  0.04507092        49
  100990        0.00088109        op     45692     45693                  0.03612488        41

  ==> Add operator: a_ia 1681
  ==> Current qubit order: 0  1  2  3  4  5  6  7  8  9  10  11  12  13  14  15  16  17  18  19  20  21  22  23  24  25  26  27  28  29  30  31  32  33  34  35  36  37  38  39  42  43  48  40  47  51  50  41  49  46  45  44  52  53  54  55  56  57  58  59  60  61  62  63  64  65  66  67  68  69  70  71  72  73  74  75  76  77  78  79  80  81  82  83  84  85  86  87  88  89  90  91  92  93  94  95  


  ==> Energy                -270.461382040
  ==> dE                       -7.95e-05
  ==> Gradient Norm             2.43e+00
  ==> Abs. Max. Deriv.          1.11e-01
  ==> Time-Grad. (s)               1.167
  ==> Time-Energy (s)              0.019
  ==> Time-Iter. (s)               1.186

--------------------------------------------------------------------------------
CEO-ADAPT-VQE iteration: 16
--------------------------------------------------------------------------------
    gate        derivative      name       op1       op2       op3        g_unscaled   penalty
    1531        0.00118315      a_ia      1531                            0.00473261         4
  100610       -0.00116465        op     45372     45373                 -0.06638530        57
    1606        0.00111382      a_ia      1606                            0.00445528         4
   45372       -0.00109074    a_iajb     45372                           -0.06217226        57
  100611       -0.00101683        om     45372     45373                 -0.05795922        57
  100401       -0.00095750        om     45186     45187                 -0.06606776        69
  101163        0.00091721        om     45861     45862                  0.04494314        49
   45186       -0.00089938    a_iajb     45186                           -0.06205737        69
  100990        0.00088029        op     45692     45693                  0.03609203        41
  100991        0.00088029        om     45692     45693                  0.03609203        41

  ==> Add operator: a_ia 1531
  ==> Current qubit order: 0  1  2  3  4  5  6  7  8  9  10  11  12  13  14  15  16  17  18  19  20  21  22  23  24  25  26  27  28  29  30  31  32  33  34  35  36  37  38  39  42  43  48  40  47  50  51  41  49  46  45  44  52  53  54  55  56  57  58  59  60  61  62  63  64  65  66  67  68  69  70  71  72  73  74  75  76  77  78  79  80  81  82  83  84  85  86  87  88  89  90  91  92  93  94  95  


  ==> Energy                -270.461395441
  ==> dE                       -1.34e-05
  ==> Gradient Norm             2.43e+00
  ==> Abs. Max. Deriv.          1.11e-01
  ==> Time-Grad. (s)               1.088
  ==> Time-Energy (s)              0.011
  ==> Time-Iter. (s)               1.099

--------------------------------------------------------------------------------
CEO-ADAPT-VQE iteration: 17
--------------------------------------------------------------------------------
    gate        derivative      name       op1       op2       op3        g_unscaled   penalty
  100610       -0.00112366        op     45372     45373                 -0.06629575        59
    1606        0.00111265      a_ia      1606                            0.00445059         4
   45372       -0.00105215    a_iajb     45372                           -0.06207692        59
    1727       -0.00099179      a_ia      1727                           -0.00396716         4
  100611       -0.00098065        om     45372     45373                 -0.05785808        59
  100401       -0.00093051        om     45186     45187                 -0.06606605        71
  101163        0.00091740        om     45861     45862                  0.04495246        49
  100990        0.00088031        op     45692     45693                  0.03609268        41
  100991        0.00088031        om     45692     45693                  0.03609268        41
   45186       -0.00087402    a_iajb     45186                           -0.06205574        71

  ==> Add operator: mvp2 -1: 45372 45373
  ==> Current qubit order: 0  1  2  3  4  5  6  7  8  9  10  11  12  13  14  15  16  17  18  19  20  21  22  23  24  25  26  27  28  29  30  31  32  33  34  35  36  37  38  39  42  43  48  40  47  51  50  41  49  44  46  45  52  53  54  55  56  57  58  59  60  61  62  63  64  65  66  67  68  69  70  71  72  73  74  75  76  77  78  79  80  81  82  83  84  85  86  87  88  89  90  91  92  93  94  95  


  ==> Energy                -270.463595449
  ==> dE                       -2.20e-03
  ==> Gradient Norm             2.43e+00
  ==> Abs. Max. Deriv.          1.11e-01
  ==> Time-Grad. (s)               1.081
  ==> Time-Energy (s)              0.027
  ==> Time-Iter. (s)               1.108

--------------------------------------------------------------------------------
CEO-ADAPT-VQE iteration: 18
--------------------------------------------------------------------------------
    gate        derivative      name       op1       op2       op3        g_unscaled   penalty
  100401       -0.00093079        om     45186     45187                 -0.06608586        71
   45186       -0.00086281    a_iajb     45186                           -0.06125971        71
  100990        0.00083711        op     45692     45693                  0.03599573        43
  100991        0.00083711        om     45692     45693                  0.03599573        43
  101163        0.00081964        om     45861     45862                  0.04344117        53
  101322        0.00079507        op     46018     46019                  0.04372909        55
  101323        0.00079507        om     46018     46019                  0.04372909        55
  100400       -0.00079484        op     45186     45187                 -0.05643355        71
  100671       -0.00076713        om     45432     45433                 -0.04526074        59
   45861        0.00075275    a_iajb     45861                            0.03989572        53

  ==> Add operator: mvp2 -1: 45186 45187
  ==> Current qubit order: 0  1  2  3  4  5  6  7  8  9  10  11  12  13  14  15  16  17  18  19  20  21  22  23  24  25  26  27  28  29  30  31  32  33  34  35  36  37  38  39  42  43  47  48  40  51  45  50  41  49  44  46  52  53  54  55  56  57  58  59  60  61  62  63  64  65  66  67  68  69  70  71  72  73  74  75  76  77  78  79  80  81  82  83  84  85  86  87  88  89  90  91  92  93  94  95  


  ==> Energy                -270.465880115
  ==> dE                       -2.28e-03
  ==> Gradient Norm             2.42e+00
  ==> Abs. Max. Deriv.          1.11e-01
  ==> Time-Grad. (s)               1.165
  ==> Time-Energy (s)              0.018
  ==> Time-Iter. (s)               1.183

--------------------------------------------------------------------------------
CEO-ADAPT-VQE iteration: 19
--------------------------------------------------------------------------------
    gate        derivative      name       op1       op2       op3        g_unscaled   penalty
    1503       -0.00308381      a_ia      1503                           -0.00616761         2
    1633       -0.00135064      a_ia      1633                           -0.00270129         2
    1475       -0.00113928      a_ia      1475                           -0.00683571         6
    1581        0.00085409      a_ia      1581                            0.00170818         2
   99951        0.00077783        om     44790     44791                  0.03655783        47
  101322        0.00076748        op     46018     46019                  0.04374617        57
  101323        0.00076748        om     46018     46019                  0.04374617        57
    1704       -0.00072624      a_ia      1704                           -0.00580992         8
   44790        0.00072108    a_iajb     44790                            0.03389074        47
    1727       -0.00070717      a_ia      1727                           -0.00565733         8

  ==> Add operator: a_ia 1503
  ==> Current qubit order: 0  1  2  3  4  5  6  7  8  9  10  11  12  13  14  15  16  17  18  19  20  21  22  23  24  25  26  27  28  29  30  31  32  33  34  35  36  37  38  39  42  43  47  48  40  51  45  50  41  49  44  46  52  53  54  55  56  57  58  59  60  61  62  63  64  65  66  67  68  69  70  71  72  73  74  75  76  77  78  79  80  81  82  83  84  85  86  87  88  89  90  91  92  93  94  95  


  ==> Energy                -270.466077928
  ==> dE                       -1.98e-04
  ==> Gradient Norm             2.41e+00
  ==> Abs. Max. Deriv.          1.11e-01
  ==> Time-Grad. (s)               1.086
  ==> Time-Energy (s)              0.034
  ==> Time-Iter. (s)               1.120

--------------------------------------------------------------------------------
CEO-ADAPT-VQE iteration: 20
--------------------------------------------------------------------------------
    gate        derivative      name       op1       op2       op3        g_unscaled   penalty
    1475       -0.00122104      a_ia      1475                           -0.00732622         6
    1581        0.00092138      a_ia      1581                            0.00184276         2
   99951        0.00078636        om     44790     44791                  0.03695880        47
  101322        0.00076211        op     46018     46019                  0.04344048        57
  101323        0.00076211        om     46018     46019                  0.04344048        57
   44790        0.00072104    a_iajb     44790                            0.03388911        47
    1704       -0.00070692      a_ia      1704                           -0.00565536         8
    1727       -0.00069751      a_ia      1727                           -0.00558008         8
  100990        0.00069585        op     45692     45693                  0.03548822        51
  100991        0.00069585        om     45692     45693                  0.03548822        51

  ==> Add operator: a_ia 1475
  ==> Current qubit order: 0  1  2  3  4  5  6  7  8  9  10  11  12  13  14  15  16  17  18  19  20  21  22  23  24  25  26  27  28  29  30  31  32  33  34  35  36  37  38  42  43  39  47  48  40  51  45  50  41  49  44  46  52  53  54  55  56  57  58  59  60  61  62  63  64  65  66  67  68  69  70  71  72  73  74  75  76  77  78  79  80  81  82  83  84  85  86  87  88  89  90  91  92  93  94  95  


  ==> Energy                -270.467591194
  ==> dE                       -1.51e-03
  ==> Gradient Norm             2.41e+00
  ==> Abs. Max. Deriv.          1.11e-01
  ==> Time-Grad. (s)               1.171
  ==> Time-Energy (s)              0.011
  ==> Time-Iter. (s)               1.182

--------------------------------------------------------------------------------
CEO-ADAPT-VQE iteration: 21
--------------------------------------------------------------------------------
    gate        derivative      name       op1       op2       op3        g_unscaled   penalty
    1704       -0.00085189      a_ia      1704                           -0.00681515         8
  101322        0.00076560        op     46018     46019                  0.04363933        57
  101323        0.00076560        om     46018     46019                  0.04363933        57
  100990        0.00069540        op     45692     45693                  0.03546546        51
  100991        0.00069540        om     45692     45693                  0.03546546        51
    1727       -0.00062806      a_ia      1727                           -0.00502447         8
  100510        0.00061505        op     45275     45276                  0.03505813        57
   45275        0.00061242    a_iajb     45275                            0.03490822        57
  100511        0.00060979        om     45275     45276                  0.03475831        57
   46018        0.00059780    a_iajb     46018                            0.04363933        73

  ==> Add operator: a_ia 1704
  ==> Current qubit order: 0  1  2  3  4  5  6  7  8  9  10  11  12  13  14  15  16  17  18  19  20  21  22  23  24  25  26  27  28  29  30  31  32  33  34  35  36  37  38  42  43  39  47  40  51  45  48  50  41  49  44  46  52  53  54  55  56  57  58  59  60  61  62  63  64  65  66  67  68  69  70  71  72  73  74  75  76  77  78  79  80  81  82  83  84  85  86  87  88  89  90  91  92  93  94  95  


  ==> Energy                -270.468281538
  ==> dE                       -6.90e-04
  ==> Gradient Norm             2.41e+00
  ==> Abs. Max. Deriv.          1.11e-01
  ==> Time-Grad. (s)               1.124
  ==> Time-Energy (s)              0.022
  ==> Time-Iter. (s)               1.146

--------------------------------------------------------------------------------
CEO-ADAPT-VQE iteration: 22
--------------------------------------------------------------------------------
    gate        derivative      name       op1       op2       op3        g_unscaled   penalty
    1727       -0.00090078      a_ia      1727                           -0.00900777        10
  101322        0.00076172        op     46018     46019                  0.04341778        57
  101323        0.00076172        om     46018     46019                  0.04341778        57
  100399        0.00067193        om     45184     45185                  0.03158049        47
   45184        0.00067085    a_iajb     45184                            0.03152991        47
  100398        0.00066977        op     45184     45185                  0.03147932        47
  100990        0.00066627        op     45692     45693                  0.03531252        53
  100991        0.00066627        om     45692     45693                  0.03531252        53
  100511        0.00066353        om     45275     45276                  0.03516717        53
   45275        0.00066244    a_iajb     45275                            0.03510934        53

  ==> Add operator: a_ia 1727
  ==> Current qubit order: 0  1  2  3  4  5  6  7  8  9  10  11  12  13  14  15  16  17  18  19  20  21  22  23  24  25  26  27  28  29  30  31  32  33  34  35  36  37  38  42  43  39  47  40  45  48  50  41  51  49  44  46  52  53  54  55  56  57  58  59  60  61  62  63  64  65  66  67  68  69  70  71  72  73  74  75  76  77  78  79  80  81  82  83  84  85  86  87  88  89  90  91  92  93  94  95  


  ==> Energy                -270.469165207
  ==> dE                       -8.84e-04
  ==> Gradient Norm             2.40e+00
  ==> Abs. Max. Deriv.          1.11e-01
  ==> Time-Grad. (s)               1.212
  ==> Time-Energy (s)              0.012
  ==> Time-Iter. (s)               1.224

--------------------------------------------------------------------------------
CEO-ADAPT-VQE iteration: 23
--------------------------------------------------------------------------------
    gate        derivative      name       op1       op2       op3        g_unscaled   penalty
    1704       -0.00204167      a_ia      1704                           -0.00408334         2
  101322        0.00076020        op     46018     46019                  0.04333137        57
  101323        0.00076020        om     46018     46019                  0.04333137        57
    1531        0.00071218      a_ia      1531                            0.00142436         2
  100990        0.00064108        op     45692     45693                  0.03525955        55
  100991        0.00064108        om     45692     45693                  0.03525955        55
   46018        0.00059358    a_iajb     46018                            0.04333137        73
   99781       -0.00057877        om     44629     44630                 -0.03298980        57
   44629       -0.00057718    a_iajb     44629                           -0.03289944        57
   99780       -0.00057560        op     44629     44630                 -0.03280909        57

  ==> Add operator: op -1: 46018 46019
  ==> Current qubit order: 0  1  2  3  4  5  6  7  8  9  10  11  12  13  14  15  16  17  18  19  20  21  22  23  24  25  26  27  28  29  30  31  32  33  34  35  36  37  38  42  43  39  40  45  48  50  41  51  49  44  52  47  46  56  57  53  54  55  58  59  60  61  62  63  64  65  66  67  68  69  70  71  72  73  74  75  76  77  78  79  80  81  82  83  84  85  86  87  88  89  90  91  92  93  94  95  


  ==> Energy                -270.469563987
  ==> dE                       -3.99e-04
  ==> Gradient Norm             2.40e+00
  ==> Abs. Max. Deriv.          1.11e-01
  ==> Time-Grad. (s)               1.132
  ==> Time-Energy (s)              0.013
  ==> Time-Iter. (s)               1.144

--------------------------------------------------------------------------------
CEO-ADAPT-VQE iteration: 24
--------------------------------------------------------------------------------
    gate        derivative      name       op1       op2       op3        g_unscaled   penalty
    1660       -0.00322907      a_ia      1660                           -0.00645814         2
    1704       -0.00203766      a_ia      1704                           -0.00407531         2
    1684       -0.00088551      a_ia      1684                           -0.00531307         6
    1531        0.00071162      a_ia      1531                            0.00142324         2
  100990        0.00070064        op     45692     45693                  0.03293002        47
  100991        0.00070064        om     45692     45693                  0.03293002        47
    1444        0.00067950      a_ia      1444                            0.00543598         8
    1472        0.00066974      a_ia      1472                            0.00669743        10
   99652        0.00065003        op     44522     44523                  0.04745243        73
   99653        0.00065003        om     44522     44523                  0.04745243        73

  ==> Add operator: a_ia 1660
  ==> Current qubit order: 0  1  2  3  4  5  6  7  8  9  10  11  12  13  14  15  16  17  18  19  20  21  22  23  24  25  26  27  28  29  30  31  32  33  34  35  36  37  38  42  43  39  40  45  48  50  41  51  49  44  52  47  46  56  57  53  54  55  58  59  60  61  62  63  64  65  66  67  68  69  70  71  72  73  74  75  76  77  78  79  80  81  82  83  84  85  86  87  88  89  90  91  92  93  94  95  


  ==> Energy                -270.469887669
  ==> dE                       -3.24e-04
  ==> Gradient Norm             2.40e+00
  ==> Abs. Max. Deriv.          1.11e-01
  ==> Time-Grad. (s)               1.232
  ==> Time-Energy (s)              0.051
  ==> Time-Iter. (s)               1.283

--------------------------------------------------------------------------------
CEO-ADAPT-VQE iteration: 25
--------------------------------------------------------------------------------
    gate        derivative      name       op1       op2       op3        g_unscaled   penalty
    1684       -0.00087310      a_ia      1684                           -0.00523861         6
    1444        0.00069749      a_ia      1444                            0.00557992         8
   99716        0.00059715        op     44574     44575                  0.03762017        63
    1472        0.00059247      a_ia      1472                            0.00592472        10
   99780       -0.00058017        op     44629     44630                 -0.03190911        55
    1504        0.00057837      a_ia      1504                            0.00347021         6
   44629       -0.00057788    a_iajb     44629                           -0.03178314        55
   99781       -0.00057558        om     44629     44630                 -0.03165717        55
   99604        0.00054046        op     44474     44475                  0.03188729        59
   44574        0.00053947    a_iajb     44574                            0.03398668        63

  ==> Add operator: a_ia 1684
  ==> Current qubit order: 0  1  2  3  4  5  6  7  8  9  10  11  12  13  14  15  16  17  18  19  20  21  22  23  24  25  26  27  28  29  30  31  32  33  34  35  36  37  38  42  43  39  40  45  48  50  41  51  49  44  52  46  56  47  57  53  54  55  58  59  60  61  62  63  64  65  66  67  68  69  70  71  72  73  74  75  76  77  78  79  80  81  82  83  84  85  86  87  88  89  90  91  92  93  94  95  


  ==> Energy                -270.469899874
  ==> dE                       -1.22e-05
  ==> Gradient Norm             2.40e+00
  ==> Abs. Max. Deriv.          1.11e-01
  ==> Time-Grad. (s)               1.249
  ==> Time-Energy (s)              0.015
  ==> Time-Iter. (s)               1.264

--------------------------------------------------------------------------------
CEO-ADAPT-VQE iteration: 26
--------------------------------------------------------------------------------
    gate        derivative      name       op1       op2       op3        g_unscaled   penalty
    1611       -0.00072237      a_ia      1611                           -0.00433420         6
    1444        0.00069802      a_ia      1444                            0.00558417         8
   99716        0.00059741        op     44574     44575                  0.03763689        63
    1472        0.00059251      a_ia      1472                            0.00592511        10
   99780       -0.00058031        op     44629     44630                 -0.03191699        55
   44629       -0.00057799    a_iajb     44629                           -0.03178934        55
   99781       -0.00057567        om     44629     44630                 -0.03166168        55
    1504        0.00056129      a_ia      1504                            0.00336775         6
   99653        0.00054453        om     44522     44523                  0.04737403        87
   44522        0.00054453    a_iajb     44522                            0.04737400        87

  ==> Add operator: a_ia 1611
  ==> Current qubit order: 0  1  2  3  4  5  6  7  8  9  10  11  12  13  14  15  16  17  18  19  20  21  22  23  24  25  26  27  28  29  30  31  32  33  34  35  36  37  38  42  43  39  40  45  48  50  41  51  49  52  46  44  56  47  57  53  54  55  58  59  60  61  62  63  64  65  66  67  68  69  70  71  72  73  74  75  76  77  78  79  80  81  82  83  84  85  86  87  88  89  90  91  92  93  94  95  


  ==> Energy                -270.469908070
  ==> dE                       -8.20e-06
  ==> Gradient Norm             2.40e+00
  ==> Abs. Max. Deriv.          1.11e-01
  ==> Time-Grad. (s)               1.266
  ==> Time-Energy (s)              0.015
  ==> Time-Iter. (s)               1.281

--------------------------------------------------------------------------------
CEO-ADAPT-VQE iteration: 27
--------------------------------------------------------------------------------
    gate        derivative      name       op1       op2       op3        g_unscaled   penalty
    1444        0.00069813      a_ia      1444                            0.00558503         8
   99716        0.00059747        op     44574     44575                  0.03764085        63
    1472        0.00059266      a_ia      1472                            0.00592663        10
   99780       -0.00058035        op     44629     44630                 -0.03191938        55
   44629       -0.00057802    a_iajb     44629                           -0.03179127        55
   99781       -0.00057569        om     44629     44630                 -0.03166315        55
    1504        0.00054752      a_ia      1504                            0.00328514         6
   99653        0.00054472        om     44522     44523                  0.04739022        87
   44522        0.00054471    a_iajb     44522                            0.04739020        87
   99652        0.00054471        op     44522     44523                  0.04739018        87

  ==> Add operator: a_ia 1444
  ==> Current qubit order: 0  1  2  3  4  5  6  7  8  9  10  11  12  13  14  15  16  17  18  19  20  21  22  23  24  25  26  27  28  29  30  31  32  33  34  35  36  37  42  43  39  38  40  45  48  50  41  51  49  52  46  44  56  47  57  53  54  55  58  59  60  61  62  63  64  65  66  67  68  69  70  71  72  73  74  75  76  77  78  79  80  81  82  83  84  85  86  87  88  89  90  91  92  93  94  95  


  ==> Energy                -270.470531232
  ==> dE                       -6.23e-04
  ==> Gradient Norm             2.40e+00
  ==> Abs. Max. Deriv.          1.11e-01
  ==> Time-Grad. (s)               1.377
  ==> Time-Energy (s)              0.049
  ==> Time-Iter. (s)               1.426

--------------------------------------------------------------------------------
CEO-ADAPT-VQE iteration: 28
--------------------------------------------------------------------------------
    gate        derivative      name       op1       op2       op3        g_unscaled   penalty
   99780       -0.00069536        op     44629     44630                 -0.03407256        49
   44629       -0.00069513    a_iajb     44629                           -0.03406128        49
   99781       -0.00069490        om     44629     44630                 -0.03405001        49
   99605        0.00064360        om     44474     44475                  0.03539801        55
    1449       -0.00063469      a_ia      1449                           -0.00507752         8
   44474        0.00063260    a_iajb     44474                            0.03479320        55
   99716        0.00062728        op     44574     44575                  0.03575494        57
   99604        0.00062161        op     44474     44475                  0.03418839        55
    1504        0.00061738      a_ia      1504                            0.00370430         6
   44574        0.00057699    a_iajb     44574                            0.03288829        57

  ==> Add operator: op -1: 44629 44630
  ==> Current qubit order: 0  1  2  3  4  5  6  7  8  9  10  11  12  13  14  15  16  17  18  19  20  21  22  23  24  25  26  27  28  29  30  31  32  33  34  35  36  37  42  43  39  40  38  45  48  49  50  41  51  52  46  44  56  47  57  53  54  55  58  59  60  61  62  63  64  65  66  67  68  69  70  71  72  73  74  75  76  77  78  79  80  81  82  83  84  85  86  87  88  89  90  91  92  93  94  95  


  ==> Energy                -270.470855243
  ==> dE                       -3.24e-04
  ==> Gradient Norm             2.39e+00
  ==> Abs. Max. Deriv.          1.11e-01
  ==> Time-Grad. (s)               1.426
  ==> Time-Energy (s)              0.019
  ==> Time-Iter. (s)               1.445

--------------------------------------------------------------------------------
CEO-ADAPT-VQE iteration: 29
--------------------------------------------------------------------------------
    gate        derivative      name       op1       op2       op3        g_unscaled   penalty
   99605        0.00081366        om     44474     44475                  0.03824180        47
   44474        0.00080027    a_iajb     44474                            0.03761260        47
   99604        0.00078688        op     44474     44475                  0.03698340        47
    1449       -0.00072374      a_ia      1449                           -0.00578990         8
   99716        0.00069138        op     44574     44575                  0.03664330        53
   44574        0.00063834    a_iajb     44574                            0.03383197        53
   99861       -0.00063179        om     44700     44701                 -0.04106663        65
   44700       -0.00063166    a_iajb     44700                           -0.04105799        65
   99860       -0.00063153        op     44700     44701                 -0.04104935        65
   99717        0.00058530        om     44574     44575                  0.03102064        53

  ==> Add operator: mvp2 -1: 44474 44475
  ==> Current qubit order: 0  1  2  3  4  5  6  7  8  9  10  11  12  13  14  15  16  17  18  19  20  21  22  23  24  25  26  27  28  29  30  31  32  33  34  35  36  37  42  43  40  39  38  48  49  45  50  41  51  52  46  44  56  47  57  53  54  55  58  59  60  61  62  63  64  65  66  67  68  69  70  71  72  73  74  75  76  77  78  79  80  81  82  83  84  85  86  87  88  89  90  91  92  93  94  95  


  ==> Energy                -270.471341117
  ==> dE                       -4.86e-04
  ==> Gradient Norm             2.39e+00
  ==> Abs. Max. Deriv.          1.11e-01
  ==> Time-Grad. (s)               1.384
  ==> Time-Energy (s)              0.035
  ==> Time-Iter. (s)               1.420

--------------------------------------------------------------------------------
CEO-ADAPT-VQE iteration: 30
--------------------------------------------------------------------------------
    gate        derivative      name       op1       op2       op3        g_unscaled   penalty
    1448        0.00168604      a_ia      1448                            0.00337208         2
    1449       -0.00072026      a_ia      1449                           -0.00576212         8
   99716        0.00067033        op     44574     44575                  0.03686805        55
   44574        0.00061330    a_iajb     44574                            0.03373166        55
   99860       -0.00059775        op     44700     44701                 -0.04363591        73
   99652        0.00059552        op     44522     44523                  0.04704599        79
   44522        0.00059552    a_iajb     44522                            0.04704577        79
   99653        0.00059551        om     44522     44523                  0.04704555        79
   44700       -0.00059408    a_iajb     44700                           -0.04336796        73
   99861       -0.00059041        om     44700     44701                 -0.04310002        73

  ==> Add operator: a_ia 1448
  ==> Current qubit order: 0  1  2  3  4  5  6  7  8  9  10  11  12  13  14  15  16  17  18  19  20  21  22  23  24  25  26  27  28  29  30  31  32  33  34  35  36  37  42  43  40  39  38  48  49  45  50  41  51  52  46  44  56  47  57  53  54  55  58  59  60  61  62  63  64  65  66  67  68  69  70  71  72  73  74  75  76  77  78  79  80  81  82  83  84  85  86  87  88  89  90  91  92  93  94  95  


  ==> Energy                -270.471418803
  ==> dE                       -7.77e-05
  ==> Gradient Norm             2.39e+00
  ==> Abs. Max. Deriv.          1.11e-01
  ==> Time-Grad. (s)               1.474
  ==> Time-Energy (s)              0.064
  ==> Time-Iter. (s)               1.538

--------------------------------------------------------------------------------
CEO-ADAPT-VQE iteration: 31
--------------------------------------------------------------------------------
    gate        derivative      name       op1       op2       op3        g_unscaled   penalty
    1449       -0.00068429      a_ia      1449                           -0.00547432         8
   99716        0.00067128        op     44574     44575                  0.03692054        55
   99860       -0.00062141        op     44700     44701                 -0.04536280        73
   44700       -0.00061939    a_iajb     44700                           -0.04521521        73
   44574        0.00061817    a_iajb     44574                            0.03399951        55
   99861       -0.00061736        om     44700     44701                 -0.04506762        73
   99652        0.00059513        op     44522     44523                  0.04701542        79
   44522        0.00059513    a_iajb     44522                            0.04701513        79
   99653        0.00059512        om     44522     44523                  0.04701485        79
   99683       -0.00056971        om     44548     44550                 -0.02677644        47

  ==> Add operator: a_ia 1449
  ==> Current qubit order: 0  1  2  3  4  5  6  7  8  9  10  11  12  13  14  15  16  17  18  19  20  21  22  23  24  25  26  27  28  29  30  31  32  33  34  35  36  37  42  43  40  39  48  49  45  38  50  41  51  52  46  44  56  47  57  53  54  55  58  59  60  61  62  63  64  65  66  67  68  69  70  71  72  73  74  75  76  77  78  79  80  81  82  83  84  85  86  87  88  89  90  91  92  93  94  95  


  ==> Energy                -270.471432933
  ==> dE                       -1.41e-05
  ==> Gradient Norm             2.39e+00
  ==> Abs. Max. Deriv.          1.11e-01
  ==> Time-Grad. (s)               1.463
  ==> Time-Energy (s)              0.021
  ==> Time-Iter. (s)               1.484

--------------------------------------------------------------------------------
CEO-ADAPT-VQE iteration: 32
--------------------------------------------------------------------------------
    gate        derivative      name       op1       op2       op3        g_unscaled   penalty
    1447       -0.00068215      a_ia      1447                           -0.00682151        10
   99860       -0.00068004        op     44700     44701                 -0.04556297        67
   44700       -0.00067772    a_iajb     44700                           -0.04540738        67
   99861       -0.00067540        om     44700     44701                 -0.04525179        67
   99652        0.00064312        op     44522     44523                  0.04694787        73
   44522        0.00064311    a_iajb     44522                            0.04694727        73
   99653        0.00064310        om     44522     44523                  0.04694666        73
   99716        0.00061769        op     44574     44575                  0.03644369        59
   44574        0.00056916    a_iajb     44574                            0.03358060        59
   99949        0.00054574        om     44788     44789                  0.02237528        41

  ==> Add operator: a_ia 1447
  ==> Current qubit order: 0  1  2  3  4  5  6  7  8  9  10  11  12  13  14  15  16  17  18  19  20  21  22  23  24  25  26  27  28  29  30  31  32  33  34  35  36  37  42  43  40  39  48  49  45  50  41  51  52  38  46  44  56  47  57  53  54  55  58  59  60  61  62  63  64  65  66  67  68  69  70  71  72  73  74  75  76  77  78  79  80  81  82  83  84  85  86  87  88  89  90  91  92  93  94  95  


  ==> Energy                -270.472398429
  ==> dE                       -9.65e-04
  ==> Gradient Norm             2.39e+00
  ==> Abs. Max. Deriv.          1.11e-01
  ==> Time-Grad. (s)               1.526
  ==> Time-Energy (s)              0.022
  ==> Time-Iter. (s)               1.548

--------------------------------------------------------------------------------
CEO-ADAPT-VQE iteration: 33
--------------------------------------------------------------------------------
    gate        derivative      name       op1       op2       op3        g_unscaled   penalty
   99653        0.00067712        om     44522     44523                  0.04672156        69
   44522        0.00067706    a_iajb     44522                            0.04671739        69
   99652        0.00067700        op     44522     44523                  0.04671322        69
    1606       -0.00061639      a_ia      1606                           -0.00123277         2
   99949        0.00056187        om     44788     44789                  0.02303659        41
    1449        0.00055941      a_ia      1449                            0.00447530         8
   84706        0.00053368        op     33620     33621                  0.08165353       153
   84707        0.00053368        om     33620     33621                  0.08165353       153
   44788        0.00053017    a_iajb     44788                            0.02173715        41
  100991        0.00051989        om     45692     45693                  0.03275278        63

  ==> Add operator: om -1: 44522 44523
  ==> Current qubit order: 0  1  2  3  4  5  6  7  8  9  10  11  12  13  14  15  16  17  18  19  20  21  22  23  24  25  26  27  28  29  30  31  32  33  34  35  36  37  42  43  40  48  49  45  50  41  51  39  38  56  57  52  46  44  47  53  54  55  58  59  60  61  62  63  64  65  66  67  68  69  70  71  72  73  74  75  76  77  78  79  80  81  82  83  84  85  86  87  88  89  90  91  92  93  94  95  


  ==> Energy                -270.473205704
  ==> dE                       -8.07e-04
  ==> Gradient Norm             2.39e+00
  ==> Abs. Max. Deriv.          1.11e-01
  ==> Time-Grad. (s)               1.536
  ==> Time-Energy (s)              0.087
  ==> Time-Iter. (s)               1.623

--------------------------------------------------------------------------------
CEO-ADAPT-VQE iteration: 34
--------------------------------------------------------------------------------
    gate        derivative      name       op1       op2       op3        g_unscaled   penalty
    1472        0.00131896      a_ia      1472                            0.00527584         4
    1477        0.00111135      a_ia      1477                            0.00222269         2
    1452        0.00057798      a_ia      1452                            0.00115597         2
    1503       -0.00056711      a_ia      1503                           -0.00113422         2
  100412       -0.00054073        op     45198     45199                 -0.02325134        43
   84706        0.00053368        op     33620     33621                  0.08165353       153
   84707        0.00053368        om     33620     33621                  0.08165353       153
   45198       -0.00052068    a_iajb     45198                           -0.02238919        43
   77850        0.00050760        op     28342     28343                  0.05126795       101
   77851        0.00050760        om     28342     28343                  0.05126795       101

  ==> Add operator: a_ia 1472
  ==> Current qubit order: 0  1  2  3  4  5  6  7  8  9  10  11  12  13  14  15  16  17  18  19  20  21  22  23  24  25  26  27  28  29  30  31  32  33  34  35  36  37  42  43  40  48  49  45  50  51  41  39  38  56  57  52  46  44  47  53  54  55  58  59  60  61  62  63  64  65  66  67  68  69  70  71  72  73  74  75  76  77  78  79  80  81  82  83  84  85  86  87  88  89  90  91  92  93  94  95  


  ==> Energy                -270.473653747
  ==> dE                       -4.48e-04
  ==> Gradient Norm             2.38e+00
  ==> Abs. Max. Deriv.          1.11e-01
  ==> Time-Grad. (s)               1.592
  ==> Time-Energy (s)              0.025
  ==> Time-Iter. (s)               1.617

--------------------------------------------------------------------------------
CEO-ADAPT-VQE iteration: 35
--------------------------------------------------------------------------------
    gate        derivative      name       op1       op2       op3        g_unscaled   penalty
    1452        0.00060402      a_ia      1452                            0.00120803         2
    1480        0.00059890      a_ia      1480                            0.00359341         6
  100715       -0.00055284        om     45455     45456                 -0.03151193        57
  100412       -0.00054966        op     45198     45199                 -0.02363518        43
   45455       -0.00054664    a_iajb     45455                           -0.03115851        57
    1534        0.00054605      a_ia      1534                            0.00436838         8
  100714       -0.00054044        op     45455     45456                 -0.03080510        57
   84706        0.00053368        op     33620     33621                  0.08165353       153
   84707        0.00053368        om     33620     33621                  0.08165353       153
   45198       -0.00052678    a_iajb     45198                           -0.02265146        43

  ==> Tried operator a_ia 1452: gain -5.31e-07 (threshold 4.2e-06), removed and excluded for this stage
  ==> Add operator: a_ia 1480
  ==> Current qubit order: 0  1  2  3  4  5  6  7  8  9  10  11  12  13  14  15  16  17  18  19  20  21  22  23  24  25  26  27  28  29  30  31  32  33  34  35  36  37  42  43  40  48  49  45  50  51  41  38  56  39  57  52  46  44  47  53  54  55  58  59  60  61  62  63  64  65  66  67  68  69  70  71  72  73  74  75  76  77  78  79  80  81  82  83  84  85  86  87  88  89  90  91  92  93  94  95  


  ==> Energy                -270.473658449
  ==> dE                       -4.70e-06
  ==> Gradient Norm             2.38e+00
  ==> Abs. Max. Deriv.          1.11e-01
  ==> Time-Grad. (s)               1.522
  ==> Time-Energy (s)              0.036
  ==> Time-Iter. (s)               1.558

--------------------------------------------------------------------------------
CEO-ADAPT-VQE iteration: 36
--------------------------------------------------------------------------------
    gate        derivative      name       op1       op2       op3        g_unscaled   penalty
  100715       -0.00055279        om     45455     45456                 -0.03150890        57
  100412       -0.00054966        op     45198     45199                 -0.02363546        43
    1534        0.00054794      a_ia      1534                            0.00438348         8
   45455       -0.00054660    a_iajb     45455                           -0.03115622        57
  100714       -0.00054041        op     45455     45456                 -0.03080353        57
   84706        0.00053368        op     33620     33621                  0.08165353       153
   84707        0.00053368        om     33620     33621                  0.08165353       153
    1503       -0.00053137      a_ia      1503                           -0.00106274         2
   45198       -0.00052683    a_iajb     45198                           -0.02265359        43
  100413       -0.00050399        om     45198     45199                 -0.02167172        43

  ==> Add operator: mvp2 -1: 45455 45456
  ==> Current qubit order: 0  1  2  3  4  5  6  7  8  9  10  11  12  13  14  15  16  17  18  19  20  21  22  23  24  25  26  27  28  29  30  31  32  33  34  35  36  37  42  43  40  49  45  50  48  51  41  46  38  56  39  57  52  44  47  53  54  55  58  59  60  61  62  63  64  65  66  67  68  69  70  71  72  73  74  75  76  77  78  79  80  81  82  83  84  85  86  87  88  89  90  91  92  93  94  95  


  ==> Energy                -270.474036154
  ==> dE                       -3.78e-04
  ==> Gradient Norm             2.38e+00
  ==> Abs. Max. Deriv.          1.11e-01
  ==> Time-Grad. (s)               1.601
  ==> Time-Energy (s)              0.051
  ==> Time-Iter. (s)               1.652

--------------------------------------------------------------------------------
CEO-ADAPT-VQE iteration: 37
--------------------------------------------------------------------------------
    gate        derivative      name       op1       op2       op3        g_unscaled   penalty
  100412       -0.00058944        op     45198     45199                 -0.02416708        41
   45198       -0.00056404    a_iajb     45198                           -0.02312580        41
  100413       -0.00053865        om     45198     45199                 -0.02208452        41
   84706        0.00053368        op     33620     33621                  0.08165353       153
   84707        0.00053368        om     33620     33621                  0.08165353       153
    1534        0.00048429      a_ia      1534                            0.00484290        10
   77850        0.00048414        op     28342     28343                  0.05083492       105
   77851        0.00048414        om     28342     28343                  0.05083492       105
    1452        0.00048396      a_ia      1452                            0.00096792         2
   33620        0.00048316    a_iajb     33620                            0.08165353       169

  ==> Add operator: mvp2 -1: 45198 45199
  ==> Current qubit order: 0  1  2  3  4  5  6  7  8  9  10  11  12  13  14  15  16  17  18  19  20  21  22  23  24  25  26  27  28  29  30  31  32  33  34  35  36  37  42  43  40  49  45  50  48  51  41  46  38  56  39  57  52  44  47  53  54  55  58  59  60  61  62  63  64  65  66  67  68  69  70  71  72  73  74  75  76  77  78  79  80  81  82  83  84  85  86  87  88  89  90  91  92  93  94  95  


  ==> Energy                -270.474360296
  ==> dE                       -3.24e-04
  ==> Gradient Norm             2.38e+00
  ==> Abs. Max. Deriv.          1.11e-01
  ==> Time-Grad. (s)               1.714
  ==> Time-Energy (s)              0.088
  ==> Time-Iter. (s)               1.803

--------------------------------------------------------------------------------
CEO-ADAPT-VQE iteration: 38
--------------------------------------------------------------------------------
    gate        derivative      name       op1       op2       op3        g_unscaled   penalty
   84706        0.00053368        op     33620     33621                  0.08165353       153
   84707        0.00053368        om     33620     33621                  0.08165353       153
  100603       -0.00052217        om     45364     45365                 -0.02767480        53
   45364       -0.00050783    a_iajb     45364                           -0.02691485        53
    1534        0.00050152      a_ia      1534                            0.00501518        10
  100602       -0.00049349        op     45364     45365                 -0.02615490        53
   33620        0.00048316    a_iajb     33620                            0.08165353       169
   77850        0.00047573        op     28342     28343                  0.04995197       105
   77851        0.00047573        om     28342     28343                  0.04995197       105
    1504        0.00043438      a_ia      1504                            0.00260630         6

  ==> Add operator: op -1: 33620 33621
  ==> Current qubit order: 0  1  2  3  4  5  6  7  8  9  10  11  12  13  14  15  16  17  18  19  20  21  22  23  26  27  28  29  30  31  32  33  34  35  36  37  42  43  40  49  45  24  25  58  59  50  48  51  41  46  38  56  39  57  52  44  47  53  54  55  60  61  62  63  64  65  66  67  68  69  70  71  72  73  74  75  76  77  78  79  80  81  82  83  84  85  86  87  88  89  90  91  92  93  94  95  


  ==> Energy                -270.475287005
  ==> dE                       -9.27e-04
  ==> Gradient Norm             2.38e+00
  ==> Abs. Max. Deriv.          1.11e-01
  ==> Time-Grad. (s)               1.621
  ==> Time-Energy (s)              0.041
  ==> Time-Iter. (s)               1.662

--------------------------------------------------------------------------------
CEO-ADAPT-VQE iteration: 39
--------------------------------------------------------------------------------
    gate        derivative      name       op1       op2       op3        g_unscaled   penalty
   88975       -0.00074152        om     36805     36806                 -0.04226673        57
   86489        0.00071319        om     35005     35007                  0.03779925        53
   36805       -0.00070637    a_iajb     36805                           -0.04026322        57
   88974       -0.00067122        op     36805     36806                 -0.03825970        57
   95712        0.00067122        op     41728     41729                  0.04631390        69
   95713        0.00067122        om     41728     41729                  0.04631390        69
   35005        0.00066920    a_iajb     35005                            0.03546749        53
   86484        0.00066920        op     35005     35006                  0.03546749        53
   86485        0.00066920        om     35005     35006                  0.03546749        53
   86488        0.00062520        op     35005     35007                  0.03313574        53

  ==> Add operator: mvp2 -1: 36805 36806
  ==> Current qubit order: 0  1  2  3  4  5  6  7  8  9  10  11  12  13  14  15  16  17  18  19  20  21  22  23  26  27  28  29  30  31  32  33  34  35  36  37  42  43  49  45  40  25  59  48  24  58  50  51  41  46  38  56  39  57  52  44  47  53  54  55  60  61  62  63  64  65  66  67  68  69  70  71  72  73  74  75  76  77  78  79  80  81  82  83  84  85  86  87  88  89  90  91  92  93  94  95  


  ==> Energy                -270.475689574
  ==> dE                       -4.03e-04
  ==> Gradient Norm             2.38e+00
  ==> Abs. Max. Deriv.          1.11e-01
  ==> Time-Grad. (s)               1.758
  ==> Time-Energy (s)              0.102
  ==> Time-Iter. (s)               1.860

--------------------------------------------------------------------------------
CEO-ADAPT-VQE iteration: 40
--------------------------------------------------------------------------------
    gate        derivative      name       op1       op2       op3        g_unscaled   penalty
    1012       -0.00078486      a_ia      1012                           -0.00156973         2
   86489        0.00076253        om     35005     35007                  0.04041406        53
   35005        0.00070185    a_iajb     35005                            0.03719793        53
   86484        0.00070185        op     35005     35006                  0.03719793        53
   86485        0.00070185        om     35005     35006                  0.03719793        53
   95712        0.00067096        op     41728     41729                  0.04629655        69
   95713        0.00067096        om     41728     41729                  0.04629655        69
   86488        0.00064117        op     35005     35007                  0.03398179        53
   86678       -0.00059936        op     35109     35110                 -0.04255429        71
    1580        0.00057321      a_ia      1580                            0.00229286         4

  ==> Tried operator a_ia 1012: gain -7.10e-07 (threshold 4.0e-06), removed and excluded for this stage
  ==> Add operator: mvp2 -1: 35005 35007
  ==> Current qubit order: 0  1  2  3  4  5  6  7  8  9  10  11  12  13  14  15  16  17  18  19  20  21  22  23  26  27  28  29  30  31  32  33  34  35  36  37  42  43  49  45  25  59  40  48  24  58  50  51  41  46  38  56  39  57  52  44  47  53  54  55  60  61  62  63  64  65  66  67  68  69  70  71  72  73  74  75  76  77  78  79  80  81  82  83  84  85  86  87  88  89  90  91  92  93  94  95  


  ==> Energy                -270.476133620
  ==> dE                       -4.44e-04
  ==> Gradient Norm             2.37e+00
  ==> Abs. Max. Deriv.          1.11e-01
  ==> Time-Grad. (s)               1.929
  ==> Time-Energy (s)              0.191
  ==> Time-Iter. (s)               2.120

--------------------------------------------------------------------------------
CEO-ADAPT-VQE iteration: 41
--------------------------------------------------------------------------------
    gate        derivative      name       op1       op2       op3        g_unscaled   penalty
    1012       -0.00071929      a_ia      1012                           -0.00143857         2
   95712        0.00068969        op     41728     41729                  0.04620942        67
   95713        0.00068969        om     41728     41729                  0.04620942        67
    1580        0.00057367      a_ia      1580                            0.00229467         4
   41728        0.00055674    a_iajb     41728                            0.04620942        83
   84756        0.00054923        op     33670     33671                  0.04997968        91
   84757        0.00054923        om     33670     33671                  0.04997968        91
    1047       -0.00052176      a_ia      1047                           -0.00104352         2
   77850        0.00051523        op     28342     28343                  0.04997719        97
   77851        0.00051523        om     28342     28343                  0.04997719        97

  ==> Add operator: op -1: 41728 41729
  ==> Current qubit order: 0  1  2  3  4  5  6  7  8  9  10  11  12  13  14  15  16  17  18  19  20  21  22  23  26  27  28  29  30  31  34  35  36  37  42  43  32  33  59  58  49  45  25  40  48  24  50  51  41  46  38  56  39  57  52  44  47  53  54  55  60  61  62  63  64  65  66  67  68  69  70  71  72  73  74  75  76  77  78  79  80  81  82  83  84  85  86  87  88  89  90  91  92  93  94  95  


  ==> Energy                -270.476498667
  ==> dE                       -3.65e-04
  ==> Gradient Norm             2.37e+00
  ==> Abs. Max. Deriv.          1.11e-01
  ==> Time-Grad. (s)               2.011
  ==> Time-Energy (s)              0.167
  ==> Time-Iter. (s)               2.179

--------------------------------------------------------------------------------
CEO-ADAPT-VQE iteration: 42
--------------------------------------------------------------------------------
    gate        derivative      name       op1       op2       op3        g_unscaled   penalty
    1307       -0.00093129      a_ia      1307                           -0.00186258         2
    1503       -0.00061830      a_ia      1503                           -0.00123660         2
   84756        0.00058864        op     33670     33671                  0.05003409        85
   84757        0.00058864        om     33670     33671                  0.05003409        85
   62688       -0.00053619        op     16534     16535                 -0.06166139       115
   64933       -0.00053613        om     18256     18257                 -0.06165459       115
   16534       -0.00053103    a_iajb     16534                           -0.06106816       115
   18256       -0.00053052    a_iajb     18256                           -0.06100955       115
   84646        0.00052619        op     33560     33561                  0.04051633        77
   84647        0.00052619        om     33560     33561                  0.04051633        77

  ==> Tried operator a_ia 1307: gain -1.16e-06 (threshold 3.9e-06), removed and excluded for this stage
  ==> Tried operator a_ia 1503: gain -1.13e-06 (threshold 3.9e-06), removed and excluded for this stage
  ==> Add operator: op -1: 33670 33671
  ==> Current qubit order: 0  1  2  3  4  5  6  7  8  9  10  11  12  13  14  15  16  17  18  19  20  21  22  23  26  27  28  29  30  31  34  35  36  37  42  43  32  33  59  58  49  45  40  48  50  51  41  46  38  56  25  24  60  61  39  57  52  44  47  53  54  55  62  63  64  65  66  67  68  69  70  71  72  73  74  75  76  77  78  79  80  81  82  83  84  85  86  87  88  89  90  91  92  93  94  95  


  ==> Energy                -270.476806611
  ==> dE                       -3.08e-04
  ==> Gradient Norm             2.37e+00
  ==> Abs. Max. Deriv.          1.11e-01
  ==> Time-Grad. (s)               1.988
  ==> Time-Energy (s)              0.281
  ==> Time-Iter. (s)               2.269

--------------------------------------------------------------------------------
CEO-ADAPT-VQE iteration: 43
--------------------------------------------------------------------------------
    gate        derivative      name       op1       op2       op3        g_unscaled   penalty
    1013        0.00212775      a_ia      1013                            0.00425550         2
    1307       -0.00092713      a_ia      1307                           -0.00185426         2
   84612        0.00075471        op     33526     33527                  0.03396176        45
   84613        0.00075471        om     33526     33527                  0.03396176        45
    1048        0.00070994      a_ia      1048                            0.00425963         6
   84646        0.00069185        op     33560     33561                  0.03943537        57
   84647        0.00069185        om     33560     33561                  0.03943537        57
    1503       -0.00062612      a_ia      1503                           -0.00125225         2
    1504        0.00060547      a_ia      1504                            0.00242187         4
   33526        0.00055675    a_iajb     33526                            0.03396176        61

  ==> Add operator: a_ia 1013
  ==> Current qubit order: 0  1  2  3  4  5  6  7  8  9  10  11  12  13  14  15  16  17  18  19  20  21  22  23  26  27  28  29  30  31  34  35  36  37  42  43  32  33  59  58  49  45  40  48  50  51  41  46  38  56  25  24  60  61  39  57  52  44  47  53  54  55  62  63  64  65  66  67  68  69  70  71  72  73  74  75  76  77  78  79  80  81  82  83  84  85  86  87  88  89  90  91  92  93  94  95  


  ==> Energy                -270.476811250
  ==> dE                       -4.64e-06
  ==> Gradient Norm             2.37e+00
  ==> Abs. Max. Deriv.          1.11e-01
  ==> Time-Grad. (s)               2.032
  ==> Time-Energy (s)              0.174
  ==> Time-Iter. (s)               2.206

--------------------------------------------------------------------------------
CEO-ADAPT-VQE iteration: 44
--------------------------------------------------------------------------------
    gate        derivative      name       op1       op2       op3        g_unscaled   penalty
    1307       -0.00091727      a_ia      1307                           -0.00183453         2
   84612        0.00075475        op     33526     33527                  0.03396365        45
   84613        0.00075475        om     33526     33527                  0.03396365        45
   84646        0.00069200        op     33560     33561                  0.03944427        57
   84647        0.00069200        om     33560     33561                  0.03944427        57
    1048        0.00067414      a_ia      1048                            0.00404484         6
    1503       -0.00062472      a_ia      1503                           -0.00124944         2
    1504        0.00059737      a_ia      1504                            0.00238950         4
   33526        0.00055678    a_iajb     33526                            0.03396365        61
   33560        0.00054033    a_iajb     33560                            0.03944427        73

  ==> Add operator: op -1: 33526 33527
  ==> Current qubit order: 0  1  2  3  4  5  6  7  8  9  10  11  12  13  14  15  16  17  18  19  20  21  22  23  26  27  28  29  30  31  34  35  36  37  42  43  32  33  59  58  49  45  40  48  50  51  41  46  38  56  60  61  25  24  52  53  39  57  44  47  54  55  62  63  64  65  66  67  68  69  70  71  72  73  74  75  76  77  78  79  80  81  82  83  84  85  86  87  88  89  90  91  92  93  94  95  


  ==> Energy                -270.477002420
  ==> dE                       -1.91e-04
  ==> Gradient Norm             2.37e+00
  ==> Abs. Max. Deriv.          1.11e-01
  ==> Time-Grad. (s)               3.484
  ==> Time-Energy (s)              0.219
  ==> Time-Iter. (s)               3.703

--------------------------------------------------------------------------------
CEO-ADAPT-VQE iteration: 45
--------------------------------------------------------------------------------
    gate        derivative      name       op1       op2       op3        g_unscaled   penalty
    1048        0.00202767      a_ia      1048                            0.00405534         2
    1009        0.00163872      a_ia      1009                            0.00327743         2
    1307       -0.00092224      a_ia      1307                           -0.00184448         2
   84646        0.00079956        op     33560     33561                  0.03917847        49
   84647        0.00079956        om     33560     33561                  0.03917847        49
    1503       -0.00062331      a_ia      1503                           -0.00124661         2
   33560        0.00060275    a_iajb     33560                            0.03917847        65
    1504        0.00059791      a_ia      1504                            0.00239163         4
   84806        0.00056523        op     33720     33721                  0.03221804        57
   84807        0.00056523        om     33720     33721                  0.03221804        57

  ==> Add operator: a_ia 1048
  ==> Current qubit order: 0  1  2  3  4  5  6  7  8  9  10  11  12  13  14  15  16  17  18  19  20  21  22  23  26  27  28  29  30  31  34  35  36  37  42  43  32  33  59  58  49  45  40  48  50  51  41  46  38  56  60  61  25  24  52  53  39  57  44  47  54  55  62  63  64  65  66  67  68  69  70  71  72  73  74  75  76  77  78  79  80  81  82  83  84  85  86  87  88  89  90  91  92  93  94  95  


  ==> Energy                -270.477006632
  ==> dE                       -4.21e-06
  ==> Gradient Norm             2.37e+00
  ==> Abs. Max. Deriv.          1.11e-01
  ==> Time-Grad. (s)               3.522
  ==> Time-Energy (s)              0.201
  ==> Time-Iter. (s)               3.723

--------------------------------------------------------------------------------
CEO-ADAPT-VQE iteration: 46
--------------------------------------------------------------------------------
    gate        derivative      name       op1       op2       op3        g_unscaled   penalty
    1009        0.00163944      a_ia      1009                            0.00327887         2
    1307       -0.00091380      a_ia      1307                           -0.00182761         2
   84646        0.00079974        op     33560     33561                  0.03918735        49
   84647        0.00079974        om     33560     33561                  0.03918735        49
    1503       -0.00061876      a_ia      1503                           -0.00123753         2
   33560        0.00060288    a_iajb     33560                            0.03918735        65
    1504        0.00058968      a_ia      1504                            0.00235871         4
   84806        0.00056452        op     33720     33721                  0.03217762        57
   84807        0.00056452        om     33720     33721                  0.03217762        57
    1044        0.00055381      a_ia      1044                            0.00332286         6

  ==> Add operator: a_ia 1009
  ==> Current qubit order: 0  1  2  3  4  5  6  7  8  9  10  11  12  13  14  15  16  17  18  19  20  21  22  23  26  27  28  29  30  31  34  35  36  37  42  43  32  33  59  58  49  45  40  48  50  51  41  46  38  56  60  61  25  24  52  53  39  57  44  47  54  55  62  63  64  65  66  67  68  69  70  71  72  73  74  75  76  77  78  79  80  81  82  83  84  85  86  87  88  89  90  91  92  93  94  95  


  ==> Energy                -270.477097454
  ==> dE                       -9.08e-05
  ==> Gradient Norm             2.37e+00
  ==> Abs. Max. Deriv.          1.11e-01
  ==> Time-Grad. (s)               3.750
  ==> Time-Energy (s)              1.689
  ==> Time-Iter. (s)               5.439

--------------------------------------------------------------------------------
CEO-ADAPT-VQE iteration: 47
--------------------------------------------------------------------------------
    gate        derivative      name       op1       op2       op3        g_unscaled   penalty
    1307       -0.00097656      a_ia      1307                           -0.00195311         2
   84646        0.00079969        op     33560     33561                  0.03918478        49
   84647        0.00079969        om     33560     33561                  0.03918478        49
   33560        0.00060284    a_iajb     33560                            0.03918478        65
   84806        0.00056484        op     33720     33721                  0.03219568        57
   84807        0.00056484        om     33720     33721                  0.03219568        57
    1044        0.00053341      a_ia      1044                            0.00320044         6
   64933       -0.00050114        om     18256     18257                 -0.06164004       123
   18256       -0.00049569    a_iajb     18256                           -0.06096956       123
   77850        0.00049303        op     28342     28343                  0.04979629       101

  ==> Add operator: op -1: 33560 33561
  ==> Current qubit order: 0  1  2  3  4  5  6  7  8  9  10  11  12  13  14  15  16  17  18  19  20  21  22  23  26  27  28  29  30  31  34  35  36  37  42  43  32  33  59  58  49  45  40  48  50  51  41  46  38  56  60  61  52  53  25  24  54  55  39  57  44  47  62  63  64  65  66  67  68  69  70  71  72  73  74  75  76  77  78  79  80  81  82  83  84  85  86  87  88  89  90  91  92  93  94  95  


  ==> Energy                -270.477313300
  ==> dE                       -2.16e-04
  ==> Gradient Norm             2.37e+00
  ==> Abs. Max. Deriv.          1.11e-01
  ==> Time-Grad. (s)               5.762
  ==> Time-Energy (s)              0.442
  ==> Time-Iter. (s)               6.205

--------------------------------------------------------------------------------
CEO-ADAPT-VQE iteration: 48
--------------------------------------------------------------------------------
    gate        derivative      name       op1       op2       op3        g_unscaled   penalty
    1044        0.00154324      a_ia      1044                            0.00308648         2
    1307       -0.00097799      a_ia      1307                           -0.00195597         2
   84806        0.00065367        op     33720     33721                  0.03202994        49
   84807        0.00065367        om     33720     33721                  0.03202994        49
  101114        0.00050389        op     45813     45814                  0.02065969        41
  101115        0.00050389        om     45813     45814                  0.02065969        41
   77850        0.00049303        op     28342     28343                  0.04979629       101
   77851        0.00049303        om     28342     28343                  0.04979629       101
   33720        0.00049277    a_iajb     33720                            0.03202994        65
   62688       -0.00048528        op     16534     16535                 -0.06163042       127

  ==> Add operator: a_ia 1044
  ==> Current qubit order: 0  1  2  3  4  5  6  7  8  9  10  11  12  13  14  15  16  17  18  19  20  21  22  23  26  27  28  29  30  31  34  35  36  37  42  43  32  33  59  58  49  45  40  48  50  51  41  46  38  56  60  61  52  53  25  24  54  55  39  57  44  47  62  63  64  65  66  67  68  69  70  71  72  73  74  75  76  77  78  79  80  81  82  83  84  85  86  87  88  89  90  91  92  93  94  95  


  ==> Energy                -270.477316571
  ==> dE                       -3.27e-06
  ==> Gradient Norm             2.37e+00
  ==> Abs. Max. Deriv.          1.11e-01
  ==> Time-Grad. (s)               6.112
  ==> Time-Energy (s)              0.475
  ==> Time-Iter. (s)               6.586

--------------------------------------------------------------------------------
CEO-ADAPT-VQE iteration: 49
--------------------------------------------------------------------------------
    gate        derivative      name       op1       op2       op3        g_unscaled   penalty
    1307       -0.00094446      a_ia      1307                           -0.00188892         2
   84806        0.00065366        op     33720     33721                  0.03202910        49
   84807        0.00065366        om     33720     33721                  0.03202910        49
  101114        0.00050389        op     45813     45814                  0.02065969        41
  101115        0.00050389        om     45813     45814                  0.02065969        41
   77850        0.00049303        op     28342     28343                  0.04979629       101
   77851        0.00049303        om     28342     28343                  0.04979629       101
   33720        0.00049276    a_iajb     33720                            0.03202910        65
   62688       -0.00048541        op     16534     16535                 -0.06164719       127
    1503       -0.00048405      a_ia      1503                           -0.00096811         2

  ==> Add operator: op -1: 33720 33721
  ==> Current qubit order: 0  1  2  3  4  5  6  7  8  9  10  11  12  13  14  15  16  17  18  19  20  21  22  23  26  27  28  29  30  31  34  35  36  37  42  43  32  33  59  58  49  45  40  48  50  51  41  46  38  56  60  61  52  53  54  55  25  24  62  63  39  57  44  47  64  65  66  67  68  69  70  71  72  73  74  75  76  77  78  79  80  81  82  83  84  85  86  87  88  89  90  91  92  93  94  95  


  ==> Energy                -270.477440115
  ==> dE                       -1.24e-04
  ==> Gradient Norm             2.37e+00
  ==> Abs. Max. Deriv.          1.11e-01
  ==> Time-Grad. (s)               7.370
  ==> Time-Energy (s)              0.589
  ==> Time-Iter. (s)               7.960

--------------------------------------------------------------------------------
CEO-ADAPT-VQE iteration: 50
--------------------------------------------------------------------------------
    gate        derivative      name       op1       op2       op3        g_unscaled   penalty
    1307       -0.00094394      a_ia      1307                           -0.00188789         2
    1014        0.00065301      a_ia      1014                            0.00130602         2
  101114        0.00062605        op     45813     45814                  0.02065969        33
  101115        0.00062605        om     45813     45814                  0.02065969        33
   64933       -0.00050105        om     18256     18257                 -0.06162892       123
   18256       -0.00049560    a_iajb     18256                           -0.06095851       123
   77850        0.00049303        op     28342     28343                  0.04979629       101
   77851        0.00049303        om     28342     28343                  0.04979629       101
   64932       -0.00049015        op     18256     18257                 -0.06028810       123
    1503       -0.00048614      a_ia      1503                           -0.00097227         2

  ==> Tried operator a_ia 1014: gain -4.21e-07 (threshold 2.6e-06), removed and excluded for this stage
  ==> Add operator: op -1: 45813 45814
  ==> Current qubit order: 0  1  2  3  4  5  6  7  8  9  10  11  12  13  14  15  16  17  18  19  20  21  22  23  26  27  28  29  30  31  34  35  36  37  42  43  32  33  59  58  49  45  40  48  50  51  41  46  38  56  60  61  52  53  54  55  25  24  62  63  39  57  44  47  66  67  64  65  68  69  70  71  72  73  74  75  76  77  78  79  80  81  82  83  84  85  86  87  88  89  90  91  92  93  94  95  


  ==> Energy                -270.477492426
  ==> dE                       -5.23e-05
  ==> Gradient Norm             2.37e+00
  ==> Abs. Max. Deriv.          1.11e-01
  ==> Time-Grad. (s)               7.446
  ==> Time-Energy (s)              1.426
  ==> Time-Iter. (s)               8.872

--------------------------------------------------------------------------------
CEO-ADAPT-VQE iteration: 51
--------------------------------------------------------------------------------
    gate        derivative      name       op1       op2       op3        g_unscaled   penalty
    1307       -0.00094528      a_ia      1307                           -0.00189057         2
    1689        0.00071064      a_ia      1689                            0.00284256         4
    1014        0.00065176      a_ia      1014                            0.00130353         2
   64933       -0.00050105        om     18256     18257                 -0.06162898       123
   18256       -0.00049560    a_iajb     18256                           -0.06095857       123
   77850        0.00049309        op     28342     28343                  0.04980217       101
   77851        0.00049309        om     28342     28343                  0.04980217       101
   64932       -0.00049015        op     18256     18257                 -0.06028816       123
    1503       -0.00048800      a_ia      1503                           -0.00097600         2
   61710        0.00048208        op     15784     15785                  0.05833133       121

  ==> Add operator: a_ia 1689
  ==> Current qubit order: 0  1  2  3  4  5  6  7  8  9  10  11  12  13  14  15  16  17  18  19  20  21  22  23  26  27  28  29  30  31  34  35  36  37  42  43  32  33  59  58  49  45  40  48  50  51  41  46  38  56  60  61  52  53  54  55  25  24  62  63  39  57  44  66  47  67  64  65  68  69  70  71  72  73  74  75  76  77  78  79  80  81  82  83  84  85  86  87  88  89  90  91  92  93  94  95  


  ==> Energy                -270.477496080
  ==> dE                       -3.65e-06
  ==> Gradient Norm             2.37e+00
  ==> Abs. Max. Deriv.          1.11e-01
  ==> Time-Grad. (s)               8.962
  ==> Time-Energy (s)              2.740
  ==> Time-Iter. (s)              11.702

--------------------------------------------------------------------------------
CEO-ADAPT-VQE iteration: 52
--------------------------------------------------------------------------------
    gate        derivative      name       op1       op2       op3        g_unscaled   penalty
    1307       -0.00096445      a_ia      1307                           -0.00192890         2
    1014        0.00063653      a_ia      1014                            0.00127305         2
    1616        0.00050201      a_ia      1616                            0.00100402         2
   64933       -0.00050045        om     18256     18257                 -0.06155575       123
   18256       -0.00049492    a_iajb     18256                           -0.06087571       123
   77850        0.00049304        op     28342     28343                  0.04979738       101
   77851        0.00049304        om     28342     28343                  0.04979738       101
   64932       -0.00048940        op     18256     18257                 -0.06019567       123
   61710        0.00048260        op     15784     15785                  0.05839484       121
   61711        0.00048260        om     15784     15785                  0.05839484       121

  ==> Tried operator a_ia 1616: gain -2.69e-07 (threshold 2.6e-06), removed and excluded for this stage
  ==> Add operator: mvp2 -1: 18256 18257
  ==> Current qubit order: 0  1  2  3  4  5  6  7  8  9  10  11  12  14  15  16  17  18  19  20  21  22  23  26  27  28  29  30  31  34  35  36  37  42  43  32  33  13  59  58  24  49  45  40  48  50  51  41  46  38  56  60  61  52  53  54  55  25  62  63  39  57  44  66  47  67  64  65  68  69  70  71  72  73  74  75  76  77  78  79  80  81  82  83  84  85  86  87  88  89  90  91  92  93  94  95  


  ==> Energy                -270.478166090
  ==> dE                       -6.70e-04
  ==> Gradient Norm             2.37e+00
  ==> Abs. Max. Deriv.          1.11e-01
  ==> Time-Grad. (s)              15.743
  ==> Time-Energy (s)              5.034
  ==> Time-Iter. (s)              20.778

--------------------------------------------------------------------------------
CEO-ADAPT-VQE iteration: 53
--------------------------------------------------------------------------------
    gate        derivative      name       op1       op2       op3        g_unscaled   penalty
     597        0.00162483      a_ia       597                            0.00324965         2
    1012       -0.00102772      a_ia      1012                           -0.00205544         2
    1307       -0.00057223      a_ia      1307                           -0.00228893         4
   61710        0.00055789        op     15784     15785                  0.06081005       109
   15784        0.00055465    a_iajb     15784                            0.06045684       109
   61711        0.00055141        om     15784     15785                  0.06010363       109
   85919        0.00051900        om     34547     34548                  0.02854493        55
   34547        0.00051699    a_iajb     34547                            0.02843457        55
   85918        0.00051499        op     34547     34548                  0.02832421        55
   65498       -0.00050765        op     18702     18703                 -0.02182880        43

  ==> Tried operator a_ia 597: gain -2.42e-06 (threshold 2.6e-06), removed and excluded for this stage
  ==> Add operator: mvp2 -1: 15784 15785
  ==> Current qubit order: 0  1  2  3  4  5  6  7  8  9  10  11  14  15  16  17  18  19  20  21  22  23  26  27  28  29  30  31  34  35  36  12  13  59  58  37  42  43  32  33  24  49  45  40  48  50  51  41  46  38  56  60  61  52  53  54  55  25  62  63  39  57  44  66  47  67  64  65  68  69  70  71  72  73  74  75  76  77  78  79  80  81  82  83  84  85  86  87  88  89  90  91  92  93  94  95  


  ==> Energy                -270.478706833
  ==> dE                       -5.41e-04
  ==> Gradient Norm             2.36e+00
  ==> Abs. Max. Deriv.          1.11e-01
  ==> Time-Grad. (s)              19.274
  ==> Time-Energy (s)              6.864
  ==> Time-Iter. (s)              26.137

--------------------------------------------------------------------------------
CEO-ADAPT-VQE iteration: 54
--------------------------------------------------------------------------------
    gate        derivative      name       op1       op2       op3        g_unscaled   penalty
     597        0.00144165      a_ia       597                            0.00288331         2
     556        0.00066942      a_ia       556                            0.00401652         6
   62688       -0.00055593        op     16534     16535                 -0.06170865       111
   16534       -0.00055370    a_iajb     16534                           -0.06146084       111
   62689       -0.00055147        om     16534     16535                 -0.06121302       111
    1616        0.00050516      a_ia      1616                            0.00101033         2
   85919        0.00049826        om     34547     34548                  0.02840067        57
   34547        0.00049637    a_iajb     34547                            0.02829302        57
   85918        0.00049448        op     34547     34548                  0.02818537        57
   62311       -0.00049067        om     16246     16247                 -0.04268788        87

  ==> Add operator: a_ia 556
  ==> Current qubit order: 0  1  2  3  4  5  6  7  8  9  10  11  14  15  16  17  18  19  20  21  22  23  26  27  28  29  30  31  34  35  36  13  59  12  58  37  42  43  32  33  24  49  45  40  48  50  51  41  46  38  56  60  61  52  53  54  55  25  62  63  39  57  44  66  47  67  64  65  68  69  70  71  72  73  74  75  76  77  78  79  80  81  82  83  84  85  86  87  88  89  90  91  92  93  94  95  


  ==> Energy                -270.478710525
  ==> dE                       -3.69e-06
  ==> Gradient Norm             2.36e+00
  ==> Abs. Max. Deriv.          1.11e-01
  ==> Time-Grad. (s)              28.480
  ==> Time-Energy (s)              3.179
  ==> Time-Iter. (s)              31.660

--------------------------------------------------------------------------------
CEO-ADAPT-VQE iteration: 55
--------------------------------------------------------------------------------
    gate        derivative      name       op1       op2       op3        g_unscaled   penalty
     597        0.00133299      a_ia       597                            0.00266598         2
   62311       -0.00054004        om     16246     16247                 -0.04266306        79
   16246       -0.00053394    a_iajb     16246                           -0.04218130        79
   62310       -0.00052784        op     16246     16247                 -0.04169954        79
   62688       -0.00052648        op     16534     16535                 -0.06159810       117
   16534       -0.00052444    a_iajb     16534                           -0.06135965       117
   62689       -0.00052240        om     16534     16535                 -0.06112120       117
    1616        0.00050329      a_ia      1616                            0.00100658         2
   92894        0.00049925        op     39660     39661                  0.02146761        43
   92895        0.00049925        om     39660     39661                  0.02146761        43

  ==> Add operator: mvp2 -1: 16246 16247
  ==> Current qubit order: 0  1  2  3  4  5  6  7  8  9  10  11  14  15  16  17  18  19  20  22  23  26  27  28  29  30  31  34  35  36  13  59  21  12  58  49  37  42  43  32  33  24  45  40  48  50  51  41  46  38  56  60  61  52  53  54  55  25  62  63  39  57  44  66  47  67  64  65  68  69  70  71  72  73  74  75  76  77  78  79  80  81  82  83  84  85  86  87  88  89  90  91  92  93  94  95  


  ==> Energy                -270.479139089
  ==> dE                       -4.29e-04
  ==> Gradient Norm             2.36e+00
  ==> Abs. Max. Deriv.          1.11e-01
  ==> Time-Grad. (s)              29.068
  ==> Time-Energy (s)              5.836
  ==> Time-Iter. (s)              34.904

--------------------------------------------------------------------------------
CEO-ADAPT-VQE iteration: 56
--------------------------------------------------------------------------------
    gate        derivative      name       op1       op2       op3        g_unscaled   penalty
     597        0.00125452      a_ia       597                            0.00250904         2
     900       -0.00118181      a_ia       900                           -0.00709083         6
    1420       -0.00090934      a_ia      1420                           -0.00181867         2
   80033        0.00072934        om     30053     30054                  0.04449000        61
   30053        0.00071348    a_iajb     30053                            0.04352228        61
   80032        0.00069762        op     30053     30054                  0.04255455        61
   77850        0.00052108        op     28342     28343                  0.04950281        95
   28342        0.00051360    a_iajb     28342                            0.04879217        95
   77851        0.00050612        om     28342     28343                  0.04808152        95
   81442        0.00050025        op     31058     31059                  0.03451750        69

  ==> Add operator: a_ia 900
  ==> Current qubit order: 0  1  2  3  4  5  6  7  8  9  10  11  14  15  16  17  18  19  20  22  23  26  27  28  29  30  31  34  35  36  13  59  12  58  21  49  37  42  43  32  33  24  45  40  48  50  51  41  46  38  56  60  61  52  53  54  55  25  62  63  39  57  44  66  47  67  64  65  68  69  70  71  72  73  74  75  76  77  78  79  80  81  82  83  84  85  86  87  88  89  90  91  92  93  94  95  


  ==> Energy                -270.479162206
  ==> dE                       -2.31e-05
  ==> Gradient Norm             2.36e+00
  ==> Abs. Max. Deriv.          1.11e-01
  ==> Time-Grad. (s)              28.204
  ==> Time-Energy (s)              3.624
  ==> Time-Iter. (s)              31.828

--------------------------------------------------------------------------------
CEO-ADAPT-VQE iteration: 57
--------------------------------------------------------------------------------
    gate        derivative      name       op1       op2       op3        g_unscaled   penalty
     597        0.00102584      a_ia       597                            0.00205168         2
    1420       -0.00100779      a_ia      1420                           -0.00201558         2
   80033        0.00063137        om     30053     30054                  0.04482697        71
   30053        0.00061758    a_iajb     30053                            0.04384840        71
   80032        0.00060380        op     30053     30054                  0.04286982        71
   77850        0.00057359        op     28342     28343                  0.04990263        87
   28342        0.00056476    a_iajb     28342                            0.04913369        87
   77851        0.00055592        om     28342     28343                  0.04836475        87
    1503       -0.00051400      a_ia      1503                           -0.00102799         2
   62689       -0.00051087        om     16534     16535                 -0.06079389       119

  ==> Add operator: a_ia 1420
  ==> Current qubit order: 0  1  2  3  4  5  6  7  8  9  10  11  14  15  16  17  18  19  20  22  23  26  27  28  29  30  31  34  35  36  13  59  12  58  21  49  37  42  43  32  33  24  45  40  48  50  51  41  46  38  56  60  61  52  53  54  55  25  62  63  39  57  44  66  47  67  64  65  68  69  70  71  72  73  74  75  76  77  78  79  80  81  82  83  84  85  86  87  88  89  90  91  92  93  94  95  


  ==> Energy                -270.479240894
  ==> dE                       -7.87e-05
  ==> Gradient Norm             2.36e+00
  ==> Abs. Max. Deriv.          1.11e-01
  ==> Time-Grad. (s)              28.158
  ==> Time-Energy (s)              8.844
  ==> Time-Iter. (s)              37.002

--------------------------------------------------------------------------------
CEO-ADAPT-VQE iteration: 58
--------------------------------------------------------------------------------
    gate        derivative      name       op1       op2       op3        g_unscaled   penalty
     597        0.00076481      a_ia       597                            0.00152963         2
   80033        0.00062966        om     30053     30054                  0.04470600        71
   30053        0.00061610    a_iajb     30053                            0.04374278        71
   80032        0.00060253        op     30053     30054                  0.04277956        71
    1503       -0.00057923      a_ia      1503                           -0.00115846         2
   77850        0.00057319        op     28342     28343                  0.04986786        87
   28342        0.00056354    a_iajb     28342                            0.04902781        87
   77851        0.00055388        om     28342     28343                  0.04818776        87
   62689       -0.00051426        om     16534     16535                 -0.06119722       119
   16534       -0.00051126    a_iajb     16534                           -0.06083984       119

  ==> Add operator: mvp2 -1: 30053 30054
  ==> Current qubit order: 0  1  2  3  4  5  6  7  8  9  10  11  14  15  16  17  18  19  20  22  23  26  27  28  29  30  31  34  35  36  13  59  12  37  42  58  21  49  24  43  32  33  45  40  48  50  51  41  46  38  56  60  61  52  53  54  55  25  62  63  39  57  44  66  47  67  64  65  68  69  70  71  72  73  74  75  76  77  78  79  80  81  82  83  84  85  86  87  88  89  90  91  92  93  94  95  


  ==> Energy                -270.479725896
  ==> dE                       -4.85e-04
  ==> Gradient Norm             2.36e+00
  ==> Abs. Max. Deriv.          1.11e-01
  ==> Time-Grad. (s)              28.073
  ==> Time-Energy (s)              6.698
  ==> Time-Iter. (s)              34.771

--------------------------------------------------------------------------------
CEO-ADAPT-VQE iteration: 59
--------------------------------------------------------------------------------
    gate        derivative      name       op1       op2       op3        g_unscaled   penalty
     900       -0.00118748      a_ia       900                           -0.00237495         2
    1012       -0.00102682      a_ia      1012                           -0.00616090         6
     597        0.00095979      a_ia       597                            0.00191958         2
   81442        0.00053259        op     31058     31059                  0.03461856        65
   77850        0.00051970        op     28342     28343                  0.04937159        95
   31058        0.00050137    a_iajb     31058                            0.03258917        65
   28342        0.00049997    a_iajb     28342                            0.04749699        95
   62689       -0.00049347        om     16534     16535                 -0.06069740       123
   16534       -0.00049241    a_iajb     16534                           -0.06056589       123
   62688       -0.00049134        op     16534     16535                 -0.06043438       123

  ==> Add operator: mvp2 -1: 31058 31059
  ==> Current qubit order: 0  1  2  3  4  5  6  7  8  9  10  11  14  15  16  17  18  19  20  22  23  26  27  28  29  30  31  34  35  36  13  59  12  37  42  58  49  24  43  32  21  40  50  51  33  45  48  41  46  38  56  60  61  52  53  54  55  25  62  63  39  57  44  66  47  67  64  65  68  69  70  71  72  73  74  75  76  77  78  79  80  81  82  83  84  85  86  87  88  89  90  91  92  93  94  95  


  ==> Energy                -270.480568444
  ==> dE                       -8.43e-04
  ==> Gradient Norm             2.35e+00
  ==> Abs. Max. Deriv.          1.11e-01
  ==> Time-Grad. (s)              27.406
  ==> Time-Energy (s)              7.604
  ==> Time-Iter. (s)              35.011

--------------------------------------------------------------------------------
CEO-ADAPT-VQE iteration: 60
--------------------------------------------------------------------------------
    gate        derivative      name       op1       op2       op3        g_unscaled   penalty
    1012       -0.00158321      a_ia      1012                           -0.00633284         4
     597        0.00102927      a_ia       597                            0.00205854         2
    1504        0.00056507      a_ia      1504                            0.00113014         2
    1656       -0.00051041      a_ia      1656                           -0.00204165         4
     901       -0.00050732      a_ia       901                           -0.00304394         6
    1707        0.00049499      a_ia      1707                            0.00395995         8
   62689       -0.00049347        om     16534     16535                 -0.06069730       123
   16534       -0.00049241    a_iajb     16534                           -0.06056658       123
   62688       -0.00049135        op     16534     16535                 -0.06043586       123
   77850        0.00048681        op     28342     28343                  0.05111549       105

  ==> Tried operator a_ia 1504: gain -7.51e-07 (threshold 1.6e-06), removed and excluded for this stage
  ==> Add operator: a_ia 1656
  ==> Current qubit order: 0  1  2  3  4  5  6  7  8  9  10  11  14  15  16  17  18  19  20  22  23  26  27  28  29  30  31  34  35  36  13  59  12  37  42  58  49  24  43  32  21  40  50  51  33  45  41  48  46  38  56  60  61  52  53  54  55  25  62  63  39  57  44  66  47  67  64  65  68  69  70  71  72  73  74  75  76  77  78  79  80  81  82  83  84  85  86  87  88  89  90  91  92  93  94  95  


  ==> Energy                -270.480571885
  ==> dE                       -3.44e-06
  ==> Gradient Norm             2.35e+00
  ==> Abs. Max. Deriv.          1.11e-01
  ==> Time-Grad. (s)              27.401
  ==> Time-Energy (s)              7.264
  ==> Time-Iter. (s)              34.666

--------------------------------------------------------------------------------
CEO-ADAPT-VQE iteration: 61
--------------------------------------------------------------------------------
    gate        derivative      name       op1       op2       op3        g_unscaled   penalty
    1012       -0.00158983      a_ia      1012                           -0.00635934         4
     597        0.00104688      a_ia       597                            0.00209377         2
    1504        0.00068317      a_ia      1504                            0.00136633         2
    1707        0.00065888      a_ia      1707                            0.00395327         6
     901       -0.00053849      a_ia       901                           -0.00323094         6
   62689       -0.00049349        om     16534     16535                 -0.06069944       123
   16534       -0.00049243    a_iajb     16534                           -0.06056864       123
   62688       -0.00049136        op     16534     16535                 -0.06043784       123
   77850        0.00047756        op     28342     28343                  0.05109852       107
   97527        0.00047022        om     43038     43039                  0.03244489        69

  ==> Add operator: a_ia 1707
  ==> Current qubit order: 0  1  2  3  4  5  6  7  8  9  10  11  14  15  16  17  18  19  20  22  23  26  27  28  29  30  31  34  35  36  13  59  12  37  42  58  49  24  43  32  21  40  50  51  33  45  41  46  38  48  56  60  61  52  53  54  55  25  62  63  39  57  44  66  47  67  64  65  68  69  70  71  72  73  74  75  76  77  78  79  80  81  82  83  84  85  86  87  88  89  90  91  92  93  94  95  


  ==> Energy                -270.480702232
  ==> dE                       -1.30e-04
  ==> Gradient Norm             2.35e+00
  ==> Abs. Max. Deriv.          1.11e-01
  ==> Time-Grad. (s)              27.629
  ==> Time-Energy (s)              3.675
  ==> Time-Iter. (s)              31.304

--------------------------------------------------------------------------------
CEO-ADAPT-VQE iteration: 62
--------------------------------------------------------------------------------
    gate        derivative      name       op1       op2       op3        g_unscaled   penalty
    1012       -0.00158773      a_ia      1012                           -0.00635094         4
     597        0.00104521      a_ia       597                            0.00209042         2
    1504        0.00057847      a_ia      1504                            0.00115694         2
    1448        0.00055844      a_ia      1448                            0.00111688         2
     901       -0.00053797      a_ia       901                           -0.00322780         6
   62689       -0.00049356        om     16534     16535                 -0.06070775       123
   16534       -0.00049247    a_iajb     16534                           -0.06057360       123
   62688       -0.00049138        op     16534     16535                 -0.06043945       123
   97537        0.00048558        om     43048     43049                  0.04807275        99
   77850        0.00047788        op     28342     28343                  0.05113324       107

  ==> Tried operator a_ia 1448: gain -7.11e-07 (threshold 1.1e-06), removed and excluded for this stage
  ==> Add operator: a_ia 901
  ==> Current qubit order: 0  1  2  3  4  5  6  7  8  9  10  11  14  15  16  17  18  19  20  22  23  26  27  28  29  30  31  34  35  36  13  59  12  37  42  58  49  24  43  32  40  50  21  51  33  45  41  46  38  48  56  60  61  52  53  54  55  25  62  63  39  57  44  66  47  67  64  65  68  69  70  71  72  73  74  75  76  77  78  79  80  81  82  83  84  85  86  87  88  89  90  91  92  93  94  95  


  ==> Energy                -270.480706086
  ==> dE                       -3.85e-06
  ==> Gradient Norm             2.35e+00
  ==> Abs. Max. Deriv.          1.11e-01
  ==> Time-Grad. (s)              28.048
  ==> Time-Energy (s)              7.969
  ==> Time-Iter. (s)              36.017

--------------------------------------------------------------------------------
CEO-ADAPT-VQE iteration: 63
--------------------------------------------------------------------------------
    gate        derivative      name       op1       op2       op3        g_unscaled   penalty
    1012       -0.00157265      a_ia      1012                           -0.00629061         4
     597        0.00102088      a_ia       597                            0.00204177         2
    1504        0.00063805      a_ia      1504                            0.00127611         2
     896        0.00061276      a_ia       896                            0.00490207         8
    1448        0.00059099      a_ia      1448                            0.00118198         2
   81702       -0.00055140        op     31291     31292                 -0.03142956        57
   31291       -0.00054668    a_iajb     31291                           -0.03116089        57
   81703       -0.00054197        om     31291     31292                 -0.03089223        57
   62689       -0.00049355        om     16534     16535                 -0.06070696       123
   16534       -0.00049246    a_iajb     16534                           -0.06057309       123

  ==> Add operator: a_ia 896
  ==> Current qubit order: 0  1  2  3  4  5  6  7  8  9  10  11  14  15  16  17  18  19  20  22  23  26  27  28  29  30  31  34  35  36  13  59  12  37  42  58  49  24  43  32  40  50  51  33  45  21  41  46  38  48  56  60  61  52  53  54  55  25  62  63  39  57  44  66  47  67  64  65  68  69  70  71  72  73  74  75  76  77  78  79  80  81  82  83  84  85  86  87  88  89  90  91  92  93  94  95  


  ==> Energy                -270.481587361
  ==> dE                       -8.81e-04
  ==> Gradient Norm             2.35e+00
  ==> Abs. Max. Deriv.          1.11e-01
  ==> Time-Grad. (s)              28.049
  ==> Time-Energy (s)             34.215
  ==> Time-Iter. (s)              62.265

--------------------------------------------------------------------------------
CEO-ADAPT-VQE iteration: 64
--------------------------------------------------------------------------------
    gate        derivative      name       op1       op2       op3        g_unscaled   penalty
    1012       -0.00186107      a_ia      1012                           -0.00744428         4
     597        0.00097109      a_ia       597                            0.00194218         2
    1504        0.00081110      a_ia      1504                            0.00162220         2
    1616        0.00061324      a_ia      1616                            0.00122649         2
   62689       -0.00048657        om     16534     16535                 -0.05984865       123
   16534       -0.00048430    a_iajb     16534                           -0.05956849       123
   62688       -0.00048202        op     16534     16535                 -0.05928832       123
   92894        0.00045802        op     39660     39661                  0.02152678        47
   92895        0.00045802        om     39660     39661                  0.02152678        47
   77850        0.00045573        op     28342     28343                  0.05331985       117

  ==> Add operator: mvp2 -1: 16534 16535
  ==> Current qubit order: 0  1  2  3  4  5  6  7  8  9  10  11  14  15  16  17  18  19  20  22  23  26  27  28  29  30  31  34  35  36  13  37  42  49  24  43  32  40  59  12  58  25  50  51  33  45  21  41  46  38  48  56  60  61  52  53  54  55  62  63  39  57  44  66  47  67  64  65  68  69  70  71  72  73  74  75  76  77  78  79  80  81  82  83  84  85  86  87  88  89  90  91  92  93  94  95  


  ==> Energy                -270.482046378
  ==> dE                       -4.59e-04
  ==> Gradient Norm             2.35e+00
  ==> Abs. Max. Deriv.          1.11e-01
  ==> Time-Grad. (s)              28.165
  ==> Time-Energy (s)              6.806
  ==> Time-Iter. (s)              34.971

--------------------------------------------------------------------------------
CEO-ADAPT-VQE iteration: 65
--------------------------------------------------------------------------------
    gate        derivative      name       op1       op2       op3        g_unscaled   penalty
     556       -0.00078441      a_ia       556                           -0.00156883         2
    1012       -0.00066493      a_ia      1012                           -0.00797918        12
    1616        0.00061487      a_ia      1616                            0.00122973         2
   85919        0.00049575        om     34547     34548                  0.02825778        57
   34547        0.00048853    a_iajb     34547                            0.02784640        57
   85918        0.00048132        op     34547     34548                  0.02743501        57
   88140        0.00047788        op     36211     36212                  0.02819464        59
   36211        0.00047194    a_iajb     36211                            0.02784459        59
   88141        0.00046601        om     36211     36212                  0.02749453        59
   83255        0.00044645        om     32501     32502                  0.03348382        75

  ==> Tried operator a_ia 556: gain -5.62e-07 (threshold 1.1e-06), removed and excluded for this stage
  ==> Add operator: mvp2 -1: 34547 34548
  ==> Current qubit order: 0  1  2  3  4  5  6  7  8  9  10  11  14  15  16  17  18  19  20  22  23  26  27  28  29  30  31  34  35  36  13  37  42  49  43  32  40  24  59  58  33  12  25  50  51  45  21  41  46  38  48  56  60  61  52  53  54  55  62  63  39  57  44  66  47  67  64  65  68  69  70  71  72  73  74  75  76  77  78  79  80  81  82  83  84  85  86  87  88  89  90  91  92  93  94  95  


  ==> Energy                -270.482212957
  ==> dE                       -1.67e-04
  ==> Gradient Norm             2.34e+00
  ==> Abs. Max. Deriv.          1.11e-01
  ==> Time-Grad. (s)              28.029
  ==> Time-Energy (s)             10.401
  ==> Time-Iter. (s)              38.431

--------------------------------------------------------------------------------
CEO-ADAPT-VQE iteration: 66
--------------------------------------------------------------------------------
    gate        derivative      name       op1       op2       op3        g_unscaled   penalty
    1012       -0.00191481      a_ia      1012                           -0.00765922         4
    1307       -0.00087864      a_ia      1307                           -0.00351455         4
    1616        0.00060745      a_ia      1616                            0.00121491         2
   63248       -0.00054361        op     16977     16978                 -0.02228813        41
   16977       -0.00054341    a_iajb     16977                           -0.02227996        41
   63249       -0.00054321        om     16977     16978                 -0.02227178        41
   88140        0.00045577        op     36211     36212                  0.02780179        61
   36211        0.00045016    a_iajb     36211                            0.02745978        61
   88141        0.00044455        om     36211     36212                  0.02711778        61
     898        0.00044210      a_ia       898                            0.00088420         2

  ==> Add operator: op -1: 16977 16978
  ==> Current qubit order: 0  1  2  3  4  5  6  7  8  9  10  11  14  15  16  17  18  19  20  22  23  26  27  28  29  30  31  34  35  36  13  37  42  49  43  32  40  24  59  58  33  12  25  50  51  45  21  41  46  38  48  56  60  61  52  53  54  55  62  63  39  57  44  66  47  67  64  65  68  69  70  71  72  73  74  75  76  77  78  79  80  81  82  83  84  85  86  87  88  89  90  91  92  93  94  95  


  ==> Energy                -270.482278977
  ==> dE                       -6.60e-05
  ==> Gradient Norm             2.34e+00
  ==> Abs. Max. Deriv.          1.11e-01
  ==> Time-Grad. (s)              28.586
  ==> Time-Energy (s)              3.456
  ==> Time-Iter. (s)              32.042

--------------------------------------------------------------------------------
CEO-ADAPT-VQE iteration: 67
--------------------------------------------------------------------------------
    gate        derivative      name       op1       op2       op3        g_unscaled   penalty
    1012       -0.00194676      a_ia      1012                           -0.00778705         4
    1307       -0.00086603      a_ia      1307                           -0.00346414         4
    1616        0.00060578      a_ia      1616                            0.00121157         2
   88140        0.00045594        op     36211     36212                  0.02781213        61
   36211        0.00045033    a_iajb     36211                            0.02747003        61
   88141        0.00044472        om     36211     36212                  0.02712793        61
     898        0.00044096      a_ia       898                            0.00088192         2
   77850        0.00041978        op     28342     28343                  0.05331228       127
   97537        0.00041712        om     43048     43049                  0.04796884       115
    1712        0.00040798      a_ia      1712                            0.01060746        26

  ==> Add operator: mvp2 -1: 36211 36212
  ==> Current qubit order: 0  1  2  3  4  5  6  7  8  9  10  11  14  15  16  17  18  19  20  22  23  26  27  28  29  30  31  34  35  36  13  37  42  49  43  40  24  32  59  58  25  33  12  50  51  45  21  41  46  38  48  56  60  61  52  53  54  55  62  63  39  57  44  66  47  67  64  65  68  69  70  71  72  73  74  75  76  77  78  79  80  81  82  83  84  85  86  87  88  89  90  91  92  93  94  95  


  ==> Energy                -270.482430695
  ==> dE                       -1.52e-04
  ==> Gradient Norm             2.34e+00
  ==> Abs. Max. Deriv.          1.11e-01
  ==> Time-Grad. (s)              29.022
  ==> Time-Energy (s)              6.411
  ==> Time-Iter. (s)              35.433

--------------------------------------------------------------------------------
CEO-ADAPT-VQE iteration: 68
--------------------------------------------------------------------------------
    gate        derivative      name       op1       op2       op3        g_unscaled   penalty
    1012       -0.00133528      a_ia      1012                           -0.00801168         6
    1047       -0.00069808      a_ia      1047                           -0.00279232         4
    1276       -0.00062404      a_ia      1276                           -0.00249614         4
    1616        0.00060586      a_ia      1616                            0.00121172         2
    1307       -0.00059773      a_ia      1307                           -0.00358638         6
     898        0.00046868      a_ia       898                            0.00093735         2
   78114        0.00042439        op     28582     28583                  0.04371187       103
   77850        0.00041983        op     28342     28343                  0.05331849       127
   97537        0.00041707        om     43048     43049                  0.04796335       115
    1712        0.00040829      a_ia      1712                            0.01061558        26

  ==> Add operator: a_ia 1047
  ==> Current qubit order: 0  1  2  3  4  5  6  7  8  9  10  11  14  15  16  17  18  19  20  22  23  26  27  28  29  30  31  34  35  36  13  37  42  49  43  40  24  32  58  59  25  33  12  50  51  45  21  41  46  38  48  56  60  61  52  53  54  55  62  63  39  57  44  66  47  67  64  65  68  69  70  71  72  73  74  75  76  77  78  79  80  81  82  83  84  85  86  87  88  89  90  91  92  93  94  95  


  ==> Energy                -270.482432927
  ==> dE                       -2.23e-06
  ==> Gradient Norm             2.34e+00
  ==> Abs. Max. Deriv.          1.11e-01
  ==> Time-Grad. (s)              29.458
  ==> Time-Energy (s)              3.894
  ==> Time-Iter. (s)              33.352

--------------------------------------------------------------------------------
CEO-ADAPT-VQE iteration: 69
--------------------------------------------------------------------------------
    gate        derivative      name       op1       op2       op3        g_unscaled   penalty
    1012       -0.00193944      a_ia      1012                           -0.00775777         4
    1276       -0.00120649      a_ia      1276                           -0.00241299         2
    1307       -0.00090643      a_ia      1307                           -0.00362572         4
    1616        0.00060839      a_ia      1616                            0.00121678         2
     898        0.00046815      a_ia       898                            0.00093631         2
   78114        0.00043276        op     28582     28583                  0.04370861       101
   78356        0.00042151        op     28707     28708                  0.04510194       107
   83255        0.00042028        om     32501     32502                  0.03320177        79
   77850        0.00041983        op     28342     28343                  0.05331838       127
   97537        0.00041707        om     43048     43049                  0.04796345       115

  ==> Add operator: a_ia 1276
  ==> Current qubit order: 0  1  2  3  4  5  6  7  8  9  10  11  14  15  16  17  18  19  20  22  23  26  27  28  29  30  31  34  35  36  13  37  42  49  43  40  24  32  58  59  25  33  12  50  51  45  21  41  46  38  48  56  60  61  52  53  54  55  62  63  39  57  44  66  47  67  64  65  68  69  70  71  72  73  74  75  76  77  78  79  80  81  82  83  84  85  86  87  88  89  90  91  92  93  94  95  


  ==> Energy                -270.482434868
  ==> dE                       -1.94e-06
  ==> Gradient Norm             2.34e+00
  ==> Abs. Max. Deriv.          1.11e-01
  ==> Time-Grad. (s)              29.289
  ==> Time-Energy (s)              4.485
  ==> Time-Iter. (s)              33.774

--------------------------------------------------------------------------------
CEO-ADAPT-VQE iteration: 70
--------------------------------------------------------------------------------
    gate        derivative      name       op1       op2       op3        g_unscaled   penalty
    1012       -0.00194967      a_ia      1012                           -0.00779868         4
    1307       -0.00086965      a_ia      1307                           -0.00347860         4
    1616        0.00062298      a_ia      1616                            0.00124596         2
     898        0.00046708      a_ia       898                            0.00093415         2
   78114        0.00043282        op     28582     28583                  0.04371519       101
   78356        0.00042151        op     28707     28708                  0.04510128       107
   83255        0.00042034        om     32501     32502                  0.03320712        79
   77850        0.00041983        op     28342     28343                  0.05331788       127
   97537        0.00041707        om     43048     43049                  0.04796343       115
   78118        0.00040968        op     28582     28584                  0.04137738       101

  ==> Add operator: a_ia 898
  ==> Current qubit order: 0  1  2  3  4  5  6  7  8  9  10  11  14  15  16  17  18  19  20  22  23  26  27  28  29  30  31  34  35  36  13  37  42  49  43  40  24  32  58  59  25  33  12  50  51  45  21  41  46  38  48  56  60  61  52  53  54  55  62  63  39  57  44  66  47  67  64  65  68  69  70  71  72  73  74  75  76  77  78  79  80  81  82  83  84  85  86  87  88  89  90  91  92  93  94  95  


  ==> Energy                -270.482467657
  ==> dE                       -3.28e-05
  ==> Gradient Norm             2.34e+00
  ==> Abs. Max. Deriv.          1.11e-01
  ==> Time-Grad. (s)              29.684
  ==> Time-Energy (s)             12.500
  ==> Time-Iter. (s)              42.184

--------------------------------------------------------------------------------
CEO-ADAPT-VQE iteration: 71
--------------------------------------------------------------------------------
    gate        derivative      name       op1       op2       op3        g_unscaled   penalty
    1012       -0.00192023      a_ia      1012                           -0.00768094         4
    1307       -0.00083507      a_ia      1307                           -0.00334027         4
    1616        0.00059847      a_ia      1616                            0.00119694         2
   78114        0.00043129        op     28582     28583                  0.04356010       101
   83255        0.00042096        om     32501     32502                  0.03325581        79
   77850        0.00042042        op     28342     28343                  0.05339333       127
   78356        0.00041952        op     28707     28708                  0.04488896       107
   97537        0.00041738        om     43048     43049                  0.04799859       115
    1712        0.00040940      a_ia      1712                            0.01064435        26
   78118        0.00040814        op     28582     28584                  0.04122179       101

  ==> Add operator: mvp2 -1: 28582 28583
  ==> Current qubit order: 0  1  2  3  4  5  6  7  8  9  10  11  14  15  16  17  18  19  22  23  26  27  28  29  30  31  34  35  36  13  37  42  49  43  40  20  24  58  48  32  59  25  33  12  50  51  45  21  41  46  38  56  60  61  52  53  54  55  62  63  39  57  44  66  47  67  64  65  68  69  70  71  72  73  74  75  76  77  78  79  80  81  82  83  84  85  86  87  88  89  90  91  92  93  94  95  


  ==> Energy                -270.483491009
  ==> dE                       -1.02e-03
  ==> Gradient Norm             2.34e+00
  ==> Abs. Max. Deriv.          1.11e-01
  ==> Time-Grad. (s)              29.993
  ==> Time-Energy (s)              7.023
  ==> Time-Iter. (s)              37.016

--------------------------------------------------------------------------------
CEO-ADAPT-VQE iteration: 72
--------------------------------------------------------------------------------
    gate        derivative      name       op1       op2       op3        g_unscaled   penalty
    1012       -0.00333196      a_ia      1012                           -0.00666392         2
     859        0.00307240      a_ia       859                            0.00614479         2
     863       -0.00187828      a_ia       863                           -0.01126969         6
    1307       -0.00087502      a_ia      1307                           -0.00350008         4
    1616        0.00059419      a_ia      1616                            0.00118838         2
   62172        0.00052175        op     16170     16172                  0.03287039        63
   62168        0.00051525        op     16170     16171                  0.03246047        63
   16170        0.00051525    a_iajb     16170                            0.03246047        63
   62169        0.00051525        om     16170     16171                  0.03246047        63
   62173        0.00050874        om     16170     16172                  0.03205055        63

  ==> Add operator: a_ia 859
  ==> Current qubit order: 0  1  2  3  4  5  6  7  8  9  10  11  14  15  16  17  18  19  22  23  26  27  28  29  30  31  34  35  36  13  37  42  49  43  40  20  24  58  48  32  59  25  33  12  50  51  45  21  41  46  38  56  60  61  52  53  54  55  62  63  39  57  44  66  47  67  64  65  68  69  70  71  72  73  74  75  76  77  78  79  80  81  82  83  84  85  86  87  88  89  90  91  92  93  94  95  


  ==> Energy                -270.484030044
  ==> dE                       -5.39e-04
  ==> Gradient Norm             2.33e+00
  ==> Abs. Max. Deriv.          1.11e-01
  ==> Time-Grad. (s)              29.254
  ==> Time-Energy (s)              3.991
  ==> Time-Iter. (s)              33.246

--------------------------------------------------------------------------------
CEO-ADAPT-VQE iteration: 73
--------------------------------------------------------------------------------
    gate        derivative      name       op1       op2       op3        g_unscaled   penalty
    1012       -0.00346268      a_ia      1012                           -0.00692537         2
     863       -0.00143827      a_ia       863                           -0.00862965         6
    1307       -0.00088562      a_ia      1307                           -0.00354248         4
   62172        0.00061282        op     16170     16172                  0.03860795        63
   62168        0.00059894        op     16170     16171                  0.03773318        63
   16170        0.00059894    a_iajb     16170                            0.03773303        63
   62169        0.00059893        om     16170     16171                  0.03773287        63
    1616        0.00059366      a_ia      1616                            0.00118733         2
   62173        0.00058505        om     16170     16172                  0.03685810        63
     896        0.00050503      a_ia       896                            0.00101005         2

  ==> Add operator: a_ia 863
  ==> Current qubit order: 0  1  2  3  4  5  6  7  8  9  10  11  14  15  16  17  18  19  22  23  26  27  28  29  30  31  34  35  36  13  37  42  49  43  40  24  58  20  48  32  59  25  33  12  50  51  45  21  41  46  38  56  60  61  52  53  54  55  62  63  39  57  44  66  47  67  64  65  68  69  70  71  72  73  74  75  76  77  78  79  80  81  82  83  84  85  86  87  88  89  90  91  92  93  94  95  


  ==> Energy                -270.484064049
  ==> dE                       -3.40e-05
  ==> Gradient Norm             2.33e+00
  ==> Abs. Max. Deriv.          1.11e-01
  ==> Time-Grad. (s)              30.181
  ==> Time-Energy (s)              3.717
  ==> Time-Iter. (s)              33.897

--------------------------------------------------------------------------------
CEO-ADAPT-VQE iteration: 74
--------------------------------------------------------------------------------
    gate        derivative      name       op1       op2       op3        g_unscaled   penalty
    1012       -0.00313168      a_ia      1012                           -0.00626337         2
    1307       -0.00083072      a_ia      1307                           -0.00332287         4
   62172        0.00079531        op     16170     16172                  0.03897042        49
   62168        0.00077698        op     16170     16171                  0.03807198        49
   16170        0.00077698    a_iajb     16170                            0.03807183        49
   62169        0.00077697        om     16170     16171                  0.03807167        49
   62173        0.00075864        om     16170     16172                  0.03717323        49
    1616        0.00060656      a_ia      1616                            0.00121313         2
     896        0.00049473      a_ia       896                            0.00098945         2
   95786        0.00042826        op     41802     41803                  0.05181909       121

  ==> Add operator: mvp2 -1: 16170 16172
  ==> Current qubit order: 0  1  2  3  4  5  6  7  8  9  10  11  14  15  16  17  18  19  22  23  26  27  28  29  30  31  34  35  36  13  37  42  49  43  40  24  58  20  48  12  32  59  25  33  50  51  45  21  41  46  38  56  60  61  52  53  54  55  62  63  39  57  44  66  47  67  64  65  68  69  70  71  72  73  74  75  76  77  78  79  80  81  82  83  84  85  86  87  88  89  90  91  92  93  94  95  


  ==> Energy                -270.484398686
  ==> dE                       -3.35e-04
  ==> Gradient Norm             2.34e+00
  ==> Abs. Max. Deriv.          1.11e-01
  ==> Time-Grad. (s)              30.232
  ==> Time-Energy (s)              6.447
  ==> Time-Iter. (s)              36.679

--------------------------------------------------------------------------------
CEO-ADAPT-VQE iteration: 75
--------------------------------------------------------------------------------
    gate        derivative      name       op1       op2       op3        g_unscaled   penalty
    1012       -0.00314163      a_ia      1012                           -0.00628327         2
    1307       -0.00085081      a_ia      1307                           -0.00340324         4
    1616        0.00060972      a_ia      1616                            0.00121943         2
     863       -0.00049121      a_ia       863                           -0.00098242         2
   95786        0.00044289        op     41802     41803                  0.05181820       117
   95787        0.00044289        om     41802     41803                  0.05181820       117
     896        0.00043811      a_ia       896                            0.00087621         2
   46092        0.00040725        op      2266      2267                  0.09488940       233
   46093        0.00040725        om      2266      2267                  0.09488940       233
   96283       -0.00039469        om     42198     42200                 -0.04617854       117

  ==> Add operator: op -1: 41802 41803
  ==> Current qubit order: 0  1  2  3  4  5  6  7  8  9  10  11  14  15  16  17  18  19  22  23  26  27  28  29  30  31  34  35  36  13  37  42  49  43  40  24  58  20  48  12  59  25  50  51  45  21  41  46  38  56  60  61  32  33  64  65  52  53  54  55  62  63  39  57  44  66  47  67  68  69  70  71  72  73  74  75  76  77  78  79  80  81  82  83  84  85  86  87  88  89  90  91  92  93  94  95  


  ==> Energy                -270.484723576
  ==> dE                       -3.25e-04
  ==> Gradient Norm             2.33e+00
  ==> Abs. Max. Deriv.          1.11e-01
  ==> Time-Grad. (s)              30.346
  ==> Time-Energy (s)              3.951
  ==> Time-Iter. (s)              34.297

--------------------------------------------------------------------------------
CEO-ADAPT-VQE iteration: 76
--------------------------------------------------------------------------------
    gate        derivative      name       op1       op2       op3        g_unscaled   penalty
    1012       -0.00313510      a_ia      1012                           -0.00627021         2
    1279       -0.00093143      a_ia      1279                           -0.00372570         4
    1310       -0.00091520      a_ia      1310                           -0.00366082         4
    1616        0.00060718      a_ia      1616                            0.00121436         2
   95660        0.00059085        op     41676     41677                  0.02422469        41
   95661        0.00059085        om     41676     41677                  0.02422469        41
   95755        0.00053831        om     41770     41771                  0.02207052        41
   41770        0.00053830    a_iajb     41770                            0.02207047        41
   95754        0.00053830        op     41770     41771                  0.02207041        41
   96524        0.00050472        op     42330     42331                  0.04693893        93

  ==> Add operator: a_ia 1279
  ==> Current qubit order: 0  1  2  3  4  5  6  7  8  9  10  11  14  15  16  17  18  19  22  23  26  27  28  29  30  31  34  35  36  13  37  42  49  43  40  24  58  20  48  12  59  25  50  51  45  21  41  46  38  56  60  61  33  32  64  65  52  53  54  55  62  63  39  57  44  66  47  67  68  69  70  71  72  73  74  75  76  77  78  79  80  81  82  83  84  85  86  87  88  89  90  91  92  93  94  95  


  ==> Energy                -270.484727064
  ==> dE                       -3.49e-06
  ==> Gradient Norm             2.33e+00
  ==> Abs. Max. Deriv.          1.11e-01
  ==> Time-Grad. (s)              27.914
  ==> Time-Energy (s)              4.558
  ==> Time-Iter. (s)              32.472

--------------------------------------------------------------------------------
CEO-ADAPT-VQE iteration: 77
--------------------------------------------------------------------------------
    gate        derivative      name       op1       op2       op3        g_unscaled   penalty
    1012       -0.00317731      a_ia      1012                           -0.00635462         2
    1616        0.00060002      a_ia      1616                            0.00120003         2
   95660        0.00058993        op     41676     41677                  0.02418719        41
   95661        0.00058993        om     41676     41677                  0.02418719        41
    1310       -0.00057828      a_ia      1310                           -0.00346970         6
   95755        0.00053809        om     41770     41771                  0.02206155        41
   41770        0.00053808    a_iajb     41770                            0.02206145        41
   95754        0.00053808        op     41770     41771                  0.02206136        41
     863       -0.00049495      a_ia       863                           -0.00098991         2
   96524        0.00049361        op     42330     42331                  0.04689328        95

  ==> Add operator: op -1: 41676 41677
  ==> Current qubit order: 0  1  2  3  4  5  6  7  8  9  10  11  14  15  16  17  18  19  22  23  26  27  28  29  30  31  34  35  36  13  37  42  49  43  40  24  58  20  48  12  59  25  50  51  45  21  41  46  38  56  60  61  64  65  52  33  32  54  55  53  62  63  39  57  44  66  47  67  68  69  70  71  72  73  74  75  76  77  78  79  80  81  82  83  84  85  86  87  88  89  90  91  92  93  94  95  


  ==> Energy                -270.485102201
  ==> dE                       -3.75e-04
  ==> Gradient Norm             2.33e+00
  ==> Abs. Max. Deriv.          1.11e-01
  ==> Time-Grad. (s)              28.619
  ==> Time-Energy (s)             21.712
  ==> Time-Iter. (s)              50.331

--------------------------------------------------------------------------------
CEO-ADAPT-VQE iteration: 78
--------------------------------------------------------------------------------
    gate        derivative      name       op1       op2       op3        g_unscaled   penalty
    1012       -0.00307410      a_ia      1012                           -0.00614820         2
    1274        0.00122667      a_ia      1274                            0.00245334         2
    1310       -0.00091418      a_ia      1310                           -0.00365671         4
    1616        0.00065280      a_ia      1616                            0.00130561         2
    1273        0.00063245      a_ia      1273                            0.00252979         4
   95886        0.00052931        op     41902     41903                  0.04499100        85
   95887        0.00052931        om     41902     41903                  0.04499100        85
   95611        0.00051102        om     41626     41627                  0.02299579        45
   41626        0.00051102    a_iajb     41626                            0.02299570        45
   95610        0.00051101        op     41626     41627                  0.02299561        45

  ==> Add operator: a_ia 1274
  ==> Current qubit order: 0  1  2  3  4  5  6  7  8  9  10  11  14  15  16  17  18  19  22  23  26  27  28  29  30  31  34  35  36  13  37  42  49  43  40  24  58  20  48  12  59  25  50  51  45  21  41  46  38  56  60  61  64  65  52  33  32  54  55  53  62  63  39  57  44  66  47  67  68  69  70  71  72  73  74  75  76  77  78  79  80  81  82  83  84  85  86  87  88  89  90  91  92  93  94  95  


  ==> Energy                -270.485104195
  ==> dE                       -1.99e-06
  ==> Gradient Norm             2.33e+00
  ==> Abs. Max. Deriv.          1.11e-01
  ==> Time-Grad. (s)              27.133
  ==> Time-Energy (s)              4.443
  ==> Time-Iter. (s)              31.576

--------------------------------------------------------------------------------
CEO-ADAPT-VQE iteration: 79
--------------------------------------------------------------------------------
    gate        derivative      name       op1       op2       op3        g_unscaled   penalty
    1012       -0.00305186      a_ia      1012                           -0.00610371         2
    1310       -0.00092456      a_ia      1310                           -0.00369824         4
    1616        0.00065127      a_ia      1616                            0.00130253         2
    1273        0.00063198      a_ia      1273                            0.00252794         4
   95886        0.00052943        op     41902     41903                  0.04500141        85
   95887        0.00052943        om     41902     41903                  0.04500141        85
   95611        0.00051109        om     41626     41627                  0.02299920        45
   41626        0.00051109    a_iajb     41626                            0.02299910        45
   95610        0.00051109        op     41626     41627                  0.02299901        45
   41902        0.00044556    a_iajb     41902                            0.04500141       101

  ==> Add operator: a_ia 1310
  ==> Current qubit order: 0  1  2  3  4  5  6  7  8  9  10  11  14  15  16  17  18  19  22  23  26  27  28  29  30  31  34  35  36  13  37  42  49  43  40  24  58  20  48  12  59  25  50  51  45  21  41  46  38  56  60  61  64  52  65  33  32  54  55  53  62  63  39  57  44  66  47  67  68  69  70  71  72  73  74  75  76  77  78  79  80  81  82  83  84  85  86  87  88  89  90  91  92  93  94  95  


  ==> Energy                -270.485107629
  ==> dE                       -3.43e-06
  ==> Gradient Norm             2.33e+00
  ==> Abs. Max. Deriv.          1.11e-01
  ==> Time-Grad. (s)              27.838
  ==> Time-Energy (s)              4.574
  ==> Time-Iter. (s)              32.412

--------------------------------------------------------------------------------
CEO-ADAPT-VQE iteration: 80
--------------------------------------------------------------------------------
    gate        derivative      name       op1       op2       op3        g_unscaled   penalty
    1012       -0.00310813      a_ia      1012                           -0.00621625         2
    1616        0.00064251      a_ia      1616                            0.00128501         2
   95886        0.00052999        op     41902     41903                  0.04504881        85
   95887        0.00052999        om     41902     41903                  0.04504881        85
   95611        0.00048974        om     41626     41627                  0.02301755        47
   41626        0.00048973    a_iajb     41626                            0.02301748        47
   95610        0.00048973        op     41626     41627                  0.02301741        47
   41902        0.00044603    a_iajb     41902                            0.04504881       101
   96524        0.00043098        op     42330     42331                  0.04697674       109
    1278       -0.00041930      a_ia      1278                           -0.00335442         8

  ==> Add operator: op -1: 41902 41903
  ==> Current qubit order: 0  1  2  3  4  5  6  7  8  9  10  11  14  15  16  17  18  19  22  23  26  27  28  29  30  31  34  35  36  13  37  42  49  43  40  24  58  20  48  12  59  25  50  51  45  21  41  46  38  56  60  61  64  52  65  54  55  53  62  63  39  57  33  32  72  73  44  66  47  67  68  69  70  71  74  75  76  77  78  79  80  81  82  83  84  85  86  87  88  89  90  91  92  93  94  95  


  ==> Energy                -270.485316387
  ==> dE                       -2.09e-04
  ==> Gradient Norm             2.33e+00
  ==> Abs. Max. Deriv.          1.11e-01
  ==> Time-Grad. (s)              28.356
  ==> Time-Energy (s)              4.004
  ==> Time-Iter. (s)              32.359

--------------------------------------------------------------------------------
CEO-ADAPT-VQE iteration: 81
--------------------------------------------------------------------------------
    gate        derivative      name       op1       op2       op3        g_unscaled   penalty
    1012       -0.00310564      a_ia      1012                           -0.00621129         2
    1283        0.00251816      a_ia      1283                            0.00503631         2
    1314        0.00075282      a_ia      1314                            0.00451692         6
    1616        0.00064311      a_ia      1616                            0.00128623         2
   95830        0.00057673        op     41846     41847                  0.02825955        49
   95831        0.00057673        om     41846     41847                  0.02825955        49
   95864        0.00052607        op     41880     41881                  0.02998577        57
   95865        0.00052607        om     41880     41881                  0.02998577        57
    1309       -0.00052287      a_ia      1309                           -0.00313724         6
    1619        0.00049385      a_ia      1619                            0.00197540         4

  ==> Add operator: a_ia 1283
  ==> Current qubit order: 0  1  2  3  4  5  6  7  8  9  10  11  14  15  16  17  18  19  22  23  26  27  28  29  30  31  34  35  36  13  37  42  49  43  40  24  58  20  48  12  59  25  50  51  45  21  41  46  38  56  60  61  64  52  65  54  55  53  62  63  39  57  33  32  72  73  44  66  47  67  68  69  70  71  74  75  76  77  78  79  80  81  82  83  84  85  86  87  88  89  90  91  92  93  94  95  


  ==> Energy                -270.485321812
  ==> dE                       -5.43e-06
  ==> Gradient Norm             2.33e+00
  ==> Abs. Max. Deriv.          1.11e-01
  ==> Time-Grad. (s)              26.621
  ==> Time-Energy (s)              5.050
  ==> Time-Iter. (s)              31.671

--------------------------------------------------------------------------------
CEO-ADAPT-VQE iteration: 82
--------------------------------------------------------------------------------
    gate        derivative      name       op1       op2       op3        g_unscaled   penalty
    1012       -0.00308370      a_ia      1012                           -0.00616741         2
    1314        0.00072032      a_ia      1314                            0.00432195         6
    1616        0.00066771      a_ia      1616                            0.00133543         2
   95830        0.00057645        op     41846     41847                  0.02824588        49
   95831        0.00057645        om     41846     41847                  0.02824588        49
   95864        0.00052563        op     41880     41881                  0.02996072        57
   95865        0.00052563        om     41880     41881                  0.02996072        57
    1309       -0.00051822      a_ia      1309                           -0.00310934         6
    1619        0.00049147      a_ia      1619                            0.00196587         4
   41846        0.00043455    a_iajb     41846                            0.02824588        65

  ==> Add operator: a_ia 1314
  ==> Current qubit order: 0  1  2  3  4  5  6  7  8  9  10  11  14  15  16  17  18  19  22  23  26  27  28  29  30  31  34  35  36  13  37  42  49  43  40  24  58  20  48  12  59  25  50  51  45  21  41  46  38  56  60  61  64  52  65  54  55  53  62  63  39  57  32  72  33  73  44  66  47  67  68  69  70  71  74  75  76  77  78  79  80  81  82  83  84  85  86  87  88  89  90  91  92  93  94  95  


  ==> Energy                -270.485325810
  ==> dE                       -4.00e-06
  ==> Gradient Norm             2.33e+00
  ==> Abs. Max. Deriv.          1.11e-01
  ==> Time-Grad. (s)              27.275
  ==> Time-Energy (s)              4.926
  ==> Time-Iter. (s)              32.201

--------------------------------------------------------------------------------
CEO-ADAPT-VQE iteration: 83
--------------------------------------------------------------------------------
    gate        derivative      name       op1       op2       op3        g_unscaled   penalty
    1012       -0.00303861      a_ia      1012                           -0.00607722         2
    1616        0.00069373      a_ia      1616                            0.00138747         2
   95830        0.00060073        op     41846     41847                  0.02823422        47
   95831        0.00060073        om     41846     41847                  0.02823422        47
   95864        0.00054435        op     41880     41881                  0.02993948        55
   95865        0.00054435        om     41880     41881                  0.02993948        55
   41846        0.00044816    a_iajb     41846                            0.02823422        63
   41880        0.00042168    a_iajb     41880                            0.02993948        71
    1278       -0.00041285      a_ia      1278                           -0.00330284         8
   95772        0.00040981        op     41788     41789                  0.01434334        35

  ==> Add operator: op -1: 41846 41847
  ==> Current qubit order: 0  1  2  3  4  5  6  7  8  9  10  11  14  15  16  17  18  19  22  23  26  27  28  29  30  31  34  35  36  13  37  42  49  43  40  24  58  20  48  12  59  25  50  51  45  21  41  46  38  56  60  61  64  52  65  54  55  53  62  63  39  57  72  73  44  66  32  33  68  69  47  67  70  71  74  75  76  77  78  79  80  81  82  83  84  85  86  87  88  89  90  91  92  93  94  95  


  ==> Energy                -270.485415092
  ==> dE                       -8.93e-05
  ==> Gradient Norm             2.33e+00
  ==> Abs. Max. Deriv.          1.11e-01
  ==> Time-Grad. (s)              27.454
  ==> Time-Energy (s)              3.830
  ==> Time-Iter. (s)              31.284

--------------------------------------------------------------------------------
CEO-ADAPT-VQE iteration: 84
--------------------------------------------------------------------------------
    gate        derivative      name       op1       op2       op3        g_unscaled   penalty
    1012       -0.00303802      a_ia      1012                           -0.00607604         2
   95864        0.00070838        op     41880     41881                  0.02904369        41
   95865        0.00070838        om     41880     41881                  0.02904369        41
    1616        0.00069305      a_ia      1616                            0.00138610         2
    1690        0.00061558      a_ia      1690                            0.00123117         2
    1280       -0.00051098      a_ia      1280                           -0.00102195         2
   41880        0.00050954    a_iajb     41880                            0.02904369        57
    1619        0.00048725      a_ia      1619                            0.00194899         4
    1312        0.00047216      a_ia      1312                            0.00188862         4
    1281        0.00043404      a_ia      1281                            0.00173616         4

  ==> Add operator: op -1: 41880 41881
  ==> Current qubit order: 0  1  2  3  4  5  6  7  8  9  10  11  14  15  16  17  18  19  22  23  26  27  28  29  30  31  34  35  36  13  37  42  49  43  40  24  58  20  48  12  59  25  50  51  45  21  41  46  38  56  60  61  64  52  65  54  55  53  62  63  39  57  72  73  44  66  68  69  47  32  33  70  71  67  74  75  76  77  78  79  80  81  82  83  84  85  86  87  88  89  90  91  92  93  94  95  


  ==> Energy                -270.485503486
  ==> dE                       -8.84e-05
  ==> Gradient Norm             2.33e+00
  ==> Abs. Max. Deriv.          1.11e-01
  ==> Time-Grad. (s)              26.432
  ==> Time-Energy (s)              4.054
  ==> Time-Iter. (s)              30.486

--------------------------------------------------------------------------------
CEO-ADAPT-VQE iteration: 85
--------------------------------------------------------------------------------
    gate        derivative      name       op1       op2       op3        g_unscaled   penalty
    1012       -0.00303754      a_ia      1012                           -0.00607507         2
    1282        0.00118421      a_ia      1282                            0.00473685         4
    1313        0.00112574      a_ia      1313                            0.00450298         4
    1616        0.00069275      a_ia      1616                            0.00138550         2
    1690        0.00061519      a_ia      1690                            0.00123038         2
   95922        0.00050855        op     41938     41939                  0.02288461        45
   95923        0.00050855        om     41938     41939                  0.02288461        45
    1619        0.00048715      a_ia      1619                            0.00194860         4
   95966        0.00044549        op     41982     41983                  0.04143091        93
   95967        0.00044549        om     41982     41983                  0.04143091        93

  ==> Add operator: a_ia 1282
  ==> Current qubit order: 0  1  2  3  4  5  6  7  8  9  10  11  14  15  16  17  18  19  22  23  26  27  28  29  30  31  34  35  36  13  37  42  49  43  40  24  58  20  48  12  59  25  50  51  45  21  41  46  38  56  60  61  64  52  65  54  55  53  62  63  39  57  72  73  44  66  68  69  47  33  32  70  71  67  74  75  76  77  78  79  80  81  82  83  84  85  86  87  88  89  90  91  92  93  94  95  


  ==> Energy                -270.485509978
  ==> dE                       -6.49e-06
  ==> Gradient Norm             2.33e+00
  ==> Abs. Max. Deriv.          1.11e-01
  ==> Time-Grad. (s)              25.752
  ==> Time-Energy (s)             13.818
  ==> Time-Iter. (s)              39.570

--------------------------------------------------------------------------------
CEO-ADAPT-VQE iteration: 86
--------------------------------------------------------------------------------
    gate        derivative      name       op1       op2       op3        g_unscaled   penalty
    1012       -0.00301883      a_ia      1012                           -0.00603766         2
    1313        0.00073330      a_ia      1313                            0.00439979         6
    1616        0.00069707      a_ia      1616                            0.00139414         2
    1690        0.00062265      a_ia      1690                            0.00124531         2
   95922        0.00051013        op     41938     41939                  0.02295594        45
   95923        0.00051013        om     41938     41939                  0.02295594        45
    1312        0.00048702      a_ia      1312                            0.00194807         4
    1619        0.00048473      a_ia      1619                            0.00193894         4
   95966        0.00044614        op     41982     41983                  0.04149135        93
   95967        0.00044614        om     41982     41983                  0.04149135        93

  ==> Add operator: a_ia 1313
  ==> Current qubit order: 0  1  2  3  4  5  6  7  8  9  10  11  14  15  16  17  18  19  22  23  26  27  28  29  30  31  34  35  36  13  37  42  49  43  40  24  58  20  48  12  59  25  50  51  45  21  41  46  38  56  60  61  64  52  65  54  55  53  62  63  39  57  72  73  44  66  68  69  47  32  70  33  71  67  74  75  76  77  78  79  80  81  82  83  84  85  86  87  88  89  90  91  92  93  94  95  


  ==> Energy                -270.485514202
  ==> dE                       -4.22e-06
  ==> Gradient Norm             2.33e+00
  ==> Abs. Max. Deriv.          1.11e-01
  ==> Time-Grad. (s)              26.251
  ==> Time-Energy (s)              4.766
  ==> Time-Iter. (s)              31.017

--------------------------------------------------------------------------------
CEO-ADAPT-VQE iteration: 87
--------------------------------------------------------------------------------
    gate        derivative      name       op1       op2       op3        g_unscaled   penalty
    1012       -0.00304796      a_ia      1012                           -0.00609592         2
    1616        0.00070923      a_ia      1616                            0.00141846         2
    1690        0.00062806      a_ia      1690                            0.00125612         2
   95922        0.00053366        op     41938     41939                  0.02294719        43
   95923        0.00053366        om     41938     41939                  0.02294719        43
    1619        0.00048211      a_ia      1619                            0.00192844         4
   95966        0.00045619        op     41982     41983                  0.04151313        91
   95967        0.00045619        om     41982     41983                  0.04151313        91
   46092        0.00040378        op      2266      2267                  0.09488825       235
   46093        0.00040378        om      2266      2267                  0.09488825       235

  ==> Add operator: a_ia 1690
  ==> Current qubit order: 0  1  2  3  4  5  6  7  8  9  10  11  14  15  16  17  18  19  22  23  26  27  28  29  30  31  34  35  36  13  37  42  49  43  40  24  58  20  48  12  59  25  50  51  45  21  41  46  38  56  60  61  64  52  65  54  55  53  62  63  39  57  72  73  44  66  68  69  47  32  70  33  71  67  74  75  76  77  78  79  80  81  82  83  84  85  86  87  88  89  90  91  92  93  94  95  


  ==> Energy                -270.485514640
  ==> dE                       -4.39e-07
  ==> Gradient Norm             2.33e+00
  ==> Abs. Max. Deriv.          1.11e-01
  ==> Time-Grad. (s)              26.453
  ==> Time-Energy (s)              4.603
  ==> Time-Iter. (s)              31.056

--------------------------------------------------------------------------------
CEO-ADAPT-VQE iteration: 88
--------------------------------------------------------------------------------
    gate        derivative      name       op1       op2       op3        g_unscaled   penalty
    1012       -0.00304815      a_ia      1012                           -0.00609630         2
    1616        0.00070155      a_ia      1616                            0.00140310         2
   95922        0.00053366        op     41938     41939                  0.02294718        43
   95923        0.00053366        om     41938     41939                  0.02294718        43
    1619        0.00048220      a_ia      1619                            0.00192880         4
   95966        0.00045619        op     41982     41983                  0.04151312        91
   95967        0.00045619        om     41982     41983                  0.04151312        91
   46092        0.00040378        op      2266      2267                  0.09488825       235
   46093        0.00040378        om      2266      2267                  0.09488825       235
   83255        0.00039506        om     32501     32502                  0.03358001        85

  ==> Add operator: op -1: 41938 41939
  ==> Current qubit order: 0  1  2  3  4  5  6  7  8  9  10  11  14  15  16  17  18  19  22  23  26  27  28  29  30  31  34  35  36  13  37  42  49  43  40  24  58  20  48  12  59  25  50  51  45  21  41  46  38  56  60  61  64  52  65  54  55  53  62  63  39  57  72  73  44  66  68  69  47  70  71  32  33  76  77  67  74  75  78  79  80  81  82  83  84  85  86  87  88  89  90  91  92  93  94  95  


  ==> Energy                -270.485564302
  ==> dE                       -4.97e-05
  ==> Gradient Norm             2.33e+00
  ==> Abs. Max. Deriv.          1.11e-01
  ==> Time-Grad. (s)              26.589
  ==> Time-Energy (s)              4.240
  ==> Time-Iter. (s)              30.829

--------------------------------------------------------------------------------
CEO-ADAPT-VQE iteration: 89
--------------------------------------------------------------------------------
    gate        derivative      name       op1       op2       op3        g_unscaled   penalty
    1012       -0.00304737      a_ia      1012                           -0.00609474         2
    1616        0.00070081      a_ia      1616                            0.00140162         2
    1316        0.00067915      a_ia      1316                            0.00271660         4
    1285        0.00062560      a_ia      1285                            0.00250241         4
   95966        0.00048767        op     41982     41983                  0.04145188        85
   95967        0.00048767        om     41982     41983                  0.04145188        85
    1619        0.00048219      a_ia      1619                            0.00192875         4
    1691       -0.00046486      a_ia      1691                           -0.00185942         4
   41982        0.00041041    a_iajb     41982                            0.04145188       101
   46092        0.00040378        op      2266      2267                  0.09488826       235

  ==> Add operator: a_ia 1316
  ==> Current qubit order: 0  1  2  3  4  5  6  7  8  9  10  11  14  15  16  17  18  19  22  23  26  27  28  29  30  31  34  35  36  13  37  42  49  43  40  24  58  20  48  12  59  25  50  51  45  21  41  46  38  56  60  61  64  52  65  54  55  53  62  63  39  57  72  73  44  66  68  69  47  70  71  32  76  33  77  67  74  75  78  79  80  81  82  83  84  85  86  87  88  89  90  91  92  93  94  95  


  ==> Energy                -270.485565790
  ==> dE                       -1.49e-06
  ==> Gradient Norm             2.33e+00
  ==> Abs. Max. Deriv.          1.11e-01
  ==> Time-Grad. (s)              25.767
  ==> Time-Energy (s)              5.045
  ==> Time-Iter. (s)              30.812

--------------------------------------------------------------------------------
CEO-ADAPT-VQE iteration: 90
--------------------------------------------------------------------------------
    gate        derivative      name       op1       op2       op3        g_unscaled   penalty
    1012       -0.00303686      a_ia      1012                           -0.00607371         2
    1285        0.00122560      a_ia      1285                            0.00245120         2
    1616        0.00068921      a_ia      1616                            0.00137841         2
   95966        0.00049941        op     41982     41983                  0.04145069        83
   95967        0.00049941        om     41982     41983                  0.04145069        83
    1619        0.00048081      a_ia      1619                            0.00192322         4
    1691       -0.00046379      a_ia      1691                           -0.00185516         4
   41982        0.00041869    a_iajb     41982                            0.04145069        99
   46092        0.00040378        op      2266      2267                  0.09488826       235
   46093        0.00040378        om      2266      2267                  0.09488826       235

  ==> Add operator: a_ia 1285
  ==> Current qubit order: 0  1  2  3  4  5  6  7  8  9  10  11  14  15  16  17  18  19  22  23  26  27  28  29  30  31  34  35  36  13  37  42  49  43  40  24  58  20  48  12  59  25  50  51  45  21  41  46  38  56  60  61  64  52  65  54  55  53  62  63  39  57  72  73  44  66  68  69  47  70  71  32  76  33  77  67  74  75  78  79  80  81  82  83  84  85  86  87  88  89  90  91  92  93  94  95  


  ==> Energy                -270.485567002
  ==> dE                       -1.21e-06
  ==> Gradient Norm             2.33e+00
  ==> Abs. Max. Deriv.          1.11e-01
  ==> Time-Grad. (s)              26.263
  ==> Time-Energy (s)              5.601
  ==> Time-Iter. (s)              31.864

--------------------------------------------------------------------------------
CEO-ADAPT-VQE iteration: 91
--------------------------------------------------------------------------------
    gate        derivative      name       op1       op2       op3        g_unscaled   penalty
    1012       -0.00302133      a_ia      1012                           -0.00604266         2
    1616        0.00068064      a_ia      1616                            0.00136129         2
   95966        0.00049939        op     41982     41983                  0.04144964        83
   95967        0.00049939        om     41982     41983                  0.04144964        83
    1619        0.00047969      a_ia      1619                            0.00191877         4
    1691       -0.00046265      a_ia      1691                           -0.00185060         4
   41982        0.00041868    a_iajb     41982                            0.04144964        99
   46092        0.00040378        op      2266      2267                  0.09488826       235
   46093        0.00040378        om      2266      2267                  0.09488826       235
   83255        0.00039505        om     32501     32502                  0.03357934        85

  ==> Add operator: op -1: 41982 41983
  ==> Current qubit order: 0  1  2  3  4  5  6  7  8  9  10  11  14  15  16  17  18  19  22  23  26  27  28  29  30  31  34  35  36  13  37  42  49  43  40  24  58  20  48  12  59  25  50  51  45  21  41  46  38  56  60  61  64  52  65  54  55  53  62  63  39  57  72  73  44  66  68  69  47  70  71  76  77  67  74  75  78  79  32  33  88  89  80  81  82  83  84  85  86  87  90  91  92  93  94  95  


  ==> Energy                -270.485696110
  ==> dE                       -1.29e-04
  ==> Gradient Norm             2.33e+00
  ==> Abs. Max. Deriv.          1.11e-01
  ==> Time-Grad. (s)              26.234
  ==> Time-Energy (s)              4.616
  ==> Time-Iter. (s)              30.850

--------------------------------------------------------------------------------
CEO-ADAPT-VQE iteration: 92
--------------------------------------------------------------------------------
    gate        derivative      name       op1       op2       op3        g_unscaled   penalty
    1012       -0.00302166      a_ia      1012                           -0.00604332         2
    1616        0.00068098      a_ia      1616                            0.00136195         2
   95970       -0.00066052        op     41986     41987                 -0.03236524        49
   95971       -0.00066052        om     41986     41987                 -0.03236524        49
   95968       -0.00060928        op     41984     41985                 -0.03229199        53
   95969       -0.00060928        om     41984     41985                 -0.03229199        53
   95932        0.00060635        op     41948     41949                  0.01515873        25
   95933        0.00060635        om     41948     41949                  0.01515873        25
   95972        0.00053716        op     41988     41989                  0.03491519        65
   95973        0.00053716        om     41988     41989                  0.03491519        65

  ==> Add operator: op -1: 41986 41987
  ==> Current qubit order: 0  1  2  3  4  5  6  7  8  9  10  11  14  15  16  17  18  19  22  23  26  27  28  29  30  31  34  35  36  13  37  42  49  43  40  24  58  20  48  12  59  25  50  51  45  21  41  46  38  56  60  61  64  52  65  54  55  53  62  63  39  57  72  73  44  66  68  69  47  70  71  76  77  67  74  75  78  79  88  80  32  33  89  90  81  82  83  84  85  86  87  91  92  93  94  95  


  ==> Energy                -270.485773591
  ==> dE                       -7.75e-05
  ==> Gradient Norm             2.32e+00
  ==> Abs. Max. Deriv.          1.11e-01
  ==> Time-Grad. (s)              25.206
  ==> Time-Energy (s)              3.999
  ==> Time-Iter. (s)              29.205

--------------------------------------------------------------------------------
CEO-ADAPT-VQE iteration: 93
--------------------------------------------------------------------------------
    gate        derivative      name       op1       op2       op3        g_unscaled   penalty
    1012       -0.00302393      a_ia      1012                           -0.00604785         2
    1287        0.00091155      a_ia      1287                            0.00182309         2
   95972        0.00068495        op     41988     41989                  0.03493266        51
   95973        0.00068495        om     41988     41989                  0.03493266        51
    1616        0.00068110      a_ia      1616                            0.00136220         2
   95968       -0.00059981        op     41984     41985                 -0.03178987        53
   95969       -0.00059981        om     41984     41985                 -0.03178987        53
   41988        0.00052138    a_iajb     41988                            0.03493266        67
    1322       -0.00051579      a_ia      1322                           -0.00103158         2
    1619        0.00047972      a_ia      1619                            0.00191889         4

  ==> Add operator: a_ia 1287
  ==> Current qubit order: 0  1  2  3  4  5  6  7  8  9  10  11  14  15  16  17  18  19  22  23  26  27  28  29  30  31  34  35  36  13  37  42  49  43  40  24  58  20  48  12  59  25  50  51  45  21  41  46  38  56  60  61  64  52  65  54  55  53  62  63  39  57  72  73  44  66  68  69  47  70  71  76  77  67  74  75  78  79  88  80  32  33  89  90  81  82  83  84  85  86  87  91  92  93  94  95  


  ==> Energy                -270.485774130
  ==> dE                       -5.39e-07
  ==> Gradient Norm             2.32e+00
  ==> Abs. Max. Deriv.          1.11e-01
  ==> Time-Grad. (s)              25.056
  ==> Time-Energy (s)              4.885
  ==> Time-Iter. (s)              29.941

--------------------------------------------------------------------------------
CEO-ADAPT-VQE iteration: 94
--------------------------------------------------------------------------------
    gate        derivative      name       op1       op2       op3        g_unscaled   penalty
    1012       -0.00301604      a_ia      1012                           -0.00603207         2
   95972        0.00068484        op     41988     41989                  0.03492704        51
   95973        0.00068484        om     41988     41989                  0.03492704        51
    1616        0.00068342      a_ia      1616                            0.00136684         2
   95968       -0.00059980        op     41984     41985                 -0.03178949        53
   95969       -0.00059980        om     41984     41985                 -0.03178949        53
   41988        0.00052130    a_iajb     41988                            0.03492704        67
    1322       -0.00051996      a_ia      1322                           -0.00103992         2
    1619        0.00047958      a_ia      1619                            0.00191831         4
    1691       -0.00046251      a_ia      1691                           -0.00185003         4

  ==> Add operator: op -1: 41988 41989
  ==> Current qubit order: 0  1  2  3  4  5  6  7  8  9  10  11  14  15  16  17  18  19  22  23  26  27  28  29  30  31  34  35  36  13  37  42  49  43  40  24  58  20  48  12  59  25  50  51  45  21  41  46  38  56  60  61  64  52  65  54  55  53  62  63  39  57  72  73  44  66  68  69  47  70  71  76  77  67  74  75  78  79  88  80  89  81  82  32  33  90  91  83  84  85  86  87  92  93  94  95  


  ==> Energy                -270.485862096
  ==> dE                       -8.80e-05
  ==> Gradient Norm             2.32e+00
  ==> Abs. Max. Deriv.          1.11e-01
  ==> Time-Grad. (s)              25.228
  ==> Time-Energy (s)              9.950
  ==> Time-Iter. (s)              35.178

--------------------------------------------------------------------------------
CEO-ADAPT-VQE iteration: 95
--------------------------------------------------------------------------------
    gate        derivative      name       op1       op2       op3        g_unscaled   penalty
    1012       -0.00301772      a_ia      1012                           -0.00603545         2
    1288       -0.00118734      a_ia      1288                           -0.00237469         2
   95968       -0.00073972        op     41984     41985                 -0.03180777        43
   95969       -0.00073972        om     41984     41985                 -0.03180777        43
    1616        0.00068355      a_ia      1616                            0.00136710         2
   41984       -0.00053911    a_iajb     41984                           -0.03180777        59
    1619        0.00047960      a_ia      1619                            0.00191841         4
    1691       -0.00046253      a_ia      1691                           -0.00185014         4
    1319       -0.00043512      a_ia      1319                           -0.00261071         6
   95956        0.00043055        op     41972     41973                  0.01937485        45

  ==> Add operator: a_ia 1288
  ==> Current qubit order: 0  1  2  3  4  5  6  7  8  9  10  11  14  15  16  17  18  19  22  23  26  27  28  29  30  31  34  35  36  13  37  42  49  43  40  24  58  20  48  12  59  25  50  51  45  21  41  46  38  56  60  61  64  52  65  54  55  53  62  63  39  57  72  73  44  66  68  69  47  70  71  76  77  67  74  75  78  79  88  80  89  81  82  32  33  90  91  83  84  85  86  87  92  93  94  95  


  ==> Energy                -270.485863022
  ==> dE                       -9.25e-07
  ==> Gradient Norm             2.32e+00
  ==> Abs. Max. Deriv.          1.11e-01
  ==> Time-Grad. (s)              24.778
  ==> Time-Energy (s)              4.393
  ==> Time-Iter. (s)              29.171

--------------------------------------------------------------------------------
CEO-ADAPT-VQE iteration: 96
--------------------------------------------------------------------------------
    gate        derivative      name       op1       op2       op3        g_unscaled   penalty
    1012       -0.00301258      a_ia      1012                           -0.00602516         2
   95968       -0.00073972        op     41984     41985                 -0.03180806        43
   95969       -0.00073972        om     41984     41985                 -0.03180806        43
    1616        0.00068513      a_ia      1616                            0.00137026         2
   41984       -0.00053912    a_iajb     41984                           -0.03180806        59
    1619        0.00047894      a_ia      1619                            0.00191575         4
    1691       -0.00046140      a_ia      1691                           -0.00184559         4
    1319       -0.00043111      a_ia      1319                           -0.00258666         6
   95956        0.00043052        op     41972     41973                  0.01937362        45
   95957        0.00043052        om     41972     41973                  0.01937362        45

  ==> Add operator: op -1: 41984 41985
  ==> Current qubit order: 0  1  2  3  4  5  6  7  8  9  10  11  14  15  16  17  18  19  22  23  26  27  28  29  30  31  34  35  36  13  37  42  49  43  40  24  58  20  48  12  59  25  50  51  45  21  41  46  38  56  60  61  64  52  65  54  55  53  62  63  39  57  72  73  44  66  68  69  47  70  71  76  77  67  74  75  78  79  80  89  81  82  88  32  33  91  90  83  84  85  86  87  92  93  94  95  


  ==> Energy                -270.485937864
  ==> dE                       -7.48e-05
  ==> Gradient Norm             2.32e+00
  ==> Abs. Max. Deriv.          1.11e-01
  ==> Time-Grad. (s)              25.067
  ==> Time-Energy (s)              4.603
  ==> Time-Iter. (s)              29.670

--------------------------------------------------------------------------------
CEO-ADAPT-VQE iteration: 97
--------------------------------------------------------------------------------
    gate        derivative      name       op1       op2       op3        g_unscaled   penalty
    1012       -0.00301571      a_ia      1012                           -0.00603141         2
    1616        0.00068509      a_ia      1616                            0.00137019         2
    1619        0.00047905      a_ia      1619                            0.00191621         4
    1691       -0.00046148      a_ia      1691                           -0.00184591         4
   95956        0.00043110        op     41972     41973                  0.01939947        45
   95957        0.00043110        om     41972     41973                  0.01939947        45
    1319       -0.00042773      a_ia      1319                           -0.00256637         6
   95954        0.00040392        op     41970     41971                  0.01494502        37
   95955        0.00040392        om     41970     41971                  0.01494502        37
   46092        0.00040378        op      2266      2267                  0.09488826       235

  ==> Add operator: a_ia 1619
  ==> Current qubit order: 0  1  2  3  4  5  6  7  8  9  10  11  14  15  16  17  18  19  22  23  26  27  28  29  30  31  34  35  36  13  37  42  49  43  40  24  58  20  48  12  59  25  50  51  45  21  41  46  38  56  60  61  64  52  65  54  55  53  62  63  39  57  73  72  44  66  68  69  47  70  71  76  77  67  74  75  78  79  80  89  81  82  88  32  33  91  90  83  84  85  86  87  92  93  94  95  


  ==> Energy                -270.485938774
  ==> dE                       -9.09e-07
  ==> Gradient Norm             2.32e+00
  ==> Abs. Max. Deriv.          1.11e-01
  ==> Time-Grad. (s)              24.330
  ==> Time-Energy (s)              5.387
  ==> Time-Iter. (s)              29.717

--------------------------------------------------------------------------------
CEO-ADAPT-VQE iteration: 98
--------------------------------------------------------------------------------
    gate        derivative      name       op1       op2       op3        g_unscaled   penalty
    1012       -0.00301253      a_ia      1012                           -0.00602507         2
    1616        0.00067493      a_ia      1616                            0.00134986         2
    1691       -0.00045999      a_ia      1691                           -0.00183996         4
   95956        0.00043110        op     41972     41973                  0.01939946        45
   95957        0.00043110        om     41972     41973                  0.01939946        45
    1319       -0.00042713      a_ia      1319                           -0.00256277         6
   95954        0.00040392        op     41970     41971                  0.01494499        37
   95955        0.00040392        om     41970     41971                  0.01494499        37
   46092        0.00040378        op      2266      2267                  0.09488826       235
   46093        0.00040378        om      2266      2267                  0.09488826       235

  ==> Add operator: a_ia 1691
  ==> Current qubit order: 0  1  2  3  4  5  6  7  8  9  10  11  14  15  16  17  18  19  22  23  26  27  28  29  30  31  34  35  36  13  37  42  49  43  40  24  58  20  48  12  59  25  50  51  45  21  41  46  38  56  60  61  64  52  65  54  55  53  62  63  39  57  73  72  44  66  68  69  70  47  71  76  77  67  74  75  78  79  80  89  81  82  88  32  33  91  90  83  84  85  86  87  92  93  94  95  


  ==> Energy                -270.485939640
  ==> dE                       -8.67e-07
  ==> Gradient Norm             2.32e+00
  ==> Abs. Max. Deriv.          1.11e-01
  ==> Time-Grad. (s)              24.482
  ==> Time-Energy (s)              5.581
  ==> Time-Iter. (s)              30.063

--------------------------------------------------------------------------------
CEO-ADAPT-VQE iteration: 99
--------------------------------------------------------------------------------
    gate        derivative      name       op1       op2       op3        g_unscaled   penalty
    1012       -0.00301072      a_ia      1012                           -0.00602143         2
    1616        0.00067530      a_ia      1616                            0.00135060         2
   95956        0.00043110        op     41972     41973                  0.01939945        45
   95957        0.00043110        om     41972     41973                  0.01939945        45
    1319       -0.00042642      a_ia      1319                           -0.00255853         6
   95954        0.00040392        op     41970     41971                  0.01494498        37
   95955        0.00040392        om     41970     41971                  0.01494498        37
   46092        0.00040378        op      2266      2267                  0.09488826       235
   46093        0.00040378        om      2266      2267                  0.09488826       235
   83255        0.00039505        om     32501     32502                  0.03357956        85

  ==> Add operator: op -1: 41972 41973
  ==> Current qubit order: 0  1  2  3  4  5  6  7  8  9  10  11  14  15  16  17  18  19  22  23  26  27  28  29  30  31  34  35  36  13  37  42  49  43  40  24  58  20  48  12  59  25  50  51  45  21  41  46  38  56  60  61  64  52  65  54  55  53  62  63  39  57  73  72  44  66  68  69  70  47  71  76  77  67  74  75  78  79  80  89  81  82  88  91  90  32  33  86  87  83  84  85  92  93  94  95  


  ==> Energy                -270.485967865
  ==> dE                       -2.82e-05
  ==> Gradient Norm             2.32e+00
  ==> Abs. Max. Deriv.          1.11e-01
  ==> Time-Grad. (s)              24.700
  ==> Time-Energy (s)              4.132
  ==> Time-Iter. (s)              28.831

--------------------------------------------------------------------------------
CEO-ADAPT-VQE iteration: 100
--------------------------------------------------------------------------------
    gate        derivative      name       op1       op2       op3        g_unscaled   penalty
    1012       -0.00301030      a_ia      1012                           -0.00602059         2
    1616        0.00067530      a_ia      1616                            0.00135059         2
    1319       -0.00042566      a_ia      1319                           -0.00255398         6
   46092        0.00040378        op      2266      2267                  0.09488826       235
   46093        0.00040378        om      2266      2267                  0.09488826       235
   95954        0.00040188        op     41970     41971                  0.01486968        37
   95955        0.00040188        om     41970     41971                  0.01486968        37
   83255        0.00039505        om     32501     32502                  0.03357955        85
   81896        0.00038708        op     31470     31471                  0.03367605        87
  101132        0.00038364        op     45831     45832                  0.01879813        49

  ==> Add operator: a_ia 1319
  ==> Current qubit order: 0  1  2  3  4  5  6  7  8  9  10  11  14  15  16  17  18  19  22  23  26  27  28  29  30  31  34  35  36  13  37  42  49  43  40  24  58  20  48  12  59  25  50  51  45  21  41  46  38  56  60  61  64  52  65  54  55  53  62  63  39  57  73  72  44  66  68  69  70  47  71  76  77  67  74  75  78  79  80  89  81  82  88  91  90  32  86  87  33  83  84  85  92  93  94  95  


  ==> Energy                -270.485968934
  ==> dE                       -1.07e-06
  ==> Gradient Norm             2.32e+00
  ==> Abs. Max. Deriv.          1.11e-01
  ==> Time-Grad. (s)              24.407
  ==> Time-Energy (s)              4.590
  ==> Time-Iter. (s)              28.997

--------------------------------------------------------------------------------
CEO-ADAPT-VQE iteration: 101
--------------------------------------------------------------------------------
    gate        derivative      name       op1       op2       op3        g_unscaled   penalty
    1012       -0.00300364      a_ia      1012                           -0.00600728         2
    1616        0.00067746      a_ia      1616                            0.00135491         2
   46092        0.00040378        op      2266      2267                  0.09488826       235
   46093        0.00040378        om      2266      2267                  0.09488826       235
   95954        0.00040214        op     41970     41971                  0.01487922        37
   95955        0.00040214        om     41970     41971                  0.01487922        37
   83255        0.00039505        om     32501     32502                  0.03357948        85
   81896        0.00038708        op     31470     31471                  0.03367597        87
  101132        0.00038364        op     45831     45832                  0.01879813        49
  101133        0.00038364        om     45831     45832                  0.01879813        49

  ==> Add operator: op -1: 2266 2267
  ==> Current qubit order: 2  3  4  5  6  7  8  9  10  11  14  15  16  17  18  19  22  23  26  27  28  29  30  31  34  35  36  0  1  52  53  13  37  42  49  43  40  24  58  20  48  12  59  25  50  51  45  21  41  46  38  56  60  61  64  65  54  55  62  63  39  57  73  72  44  66  68  69  70  47  71  76  77  67  74  75  78  79  80  89  81  82  88  91  90  32  86  87  33  83  84  85  92  93  94  95  


  ==> Energy                -270.486674629
  ==> dE                       -7.06e-04
  ==> Gradient Norm             2.32e+00
  ==> Abs. Max. Deriv.          1.11e-01
  ==> Time-Grad. (s)              24.353
  ==> Time-Energy (s)              4.459
  ==> Time-Iter. (s)              28.811

--------------------------------------------------------------------------------
CEO-ADAPT-VQE iteration: 102
--------------------------------------------------------------------------------
    gate        derivative      name       op1       op2       op3        g_unscaled   penalty
    1012       -0.00298681      a_ia      1012                           -0.00597362         2
     594       -0.00179545      a_ia       594                           -0.00359090         2
   46150        0.00092618        op      2324      2325                  0.06205413        67
   46151        0.00092618        om      2324      2325                  0.06205413        67
   49263       -0.00081438        om      5001      5002                 -0.05456354        67
    5001       -0.00077374    a_iajb      5001                           -0.05184077        67
    2324        0.00074764    a_iajb      2324                            0.06205413        83
   49262       -0.00073310        op      5001      5002                 -0.04911799        67
   46602        0.00072398        op      2731      2732                  0.05140238        71
   48955       -0.00070686        om      4747      4748                 -0.05584209        79

  ==> Add operator: a_ia 594
  ==> Current qubit order: 2  3  4  5  6  7  8  9  10  11  14  15  16  17  18  19  22  23  26  27  28  29  30  31  34  35  36  0  1  52  53  13  37  42  49  43  40  24  58  20  48  12  59  25  50  51  45  21  41  46  38  56  60  61  64  65  54  55  62  63  39  57  73  72  44  66  68  69  70  47  71  76  77  67  74  75  78  79  80  89  81  82  88  91  90  32  86  87  33  83  84  85  92  93  94  95  


  ==> Energy                -270.486677991
  ==> dE                       -3.36e-06
  ==> Gradient Norm             2.32e+00
  ==> Abs. Max. Deriv.          1.10e-01
  ==> Time-Grad. (s)              23.186
  ==> Time-Energy (s)              5.038
  ==> Time-Iter. (s)              28.224

--------------------------------------------------------------------------------
CEO-ADAPT-VQE iteration: 103
--------------------------------------------------------------------------------
    gate        derivative      name       op1       op2       op3        g_unscaled   penalty
    1012       -0.00298124      a_ia      1012                           -0.00596247         2
   46150        0.00092618        op      2324      2325                  0.06205407        67
   46151        0.00092618        om      2324      2325                  0.06205407        67
   49263       -0.00081426        om      5001      5002                 -0.05455529        67
    5001       -0.00077363    a_iajb      5001                           -0.05183314        67
    2324        0.00074764    a_iajb      2324                            0.06205407        83
   49262       -0.00073300        op      5001      5002                 -0.04911099        67
   46602        0.00072408        op      2731      2732                  0.05140940        71
   48955       -0.00070691        om      4747      4748                 -0.05584623        79
    1616        0.00069923      a_ia      1616                            0.00139846         2

  ==> Add operator: op -1: 2324 2325
  ==> Current qubit order: 2  3  4  5  6  7  8  9  10  11  14  15  16  17  18  19  22  23  26  27  28  29  30  31  34  35  36  52  53  13  37  42  49  0  1  58  59  43  40  24  20  48  12  25  50  51  45  21  41  46  38  56  60  61  64  65  54  55  62  63  39  57  73  72  44  66  68  69  70  47  71  76  77  67  74  75  78  79  80  89  81  82  88  91  90  32  86  87  33  83  84  85  92  93  94  95  


  ==> Energy                -270.486974471
  ==> dE                       -2.96e-04
  ==> Gradient Norm             2.32e+00
  ==> Abs. Max. Deriv.          1.10e-01
  ==> Time-Grad. (s)              22.850
  ==> Time-Energy (s)              4.657
  ==> Time-Iter. (s)              27.508

--------------------------------------------------------------------------------
CEO-ADAPT-VQE iteration: 104
--------------------------------------------------------------------------------
    gate        derivative      name       op1       op2       op3        g_unscaled   penalty
   46602        0.00087984        op      2731      2732                  0.05191040        59
    2731        0.00084856    a_iajb      2731                            0.05006506        59
   46603        0.00081728        om      2731      2732                  0.04821971        59
    1012       -0.00078261      a_ia      1012                           -0.00626085         8
   49263       -0.00075324        om      5001      5002                 -0.05498685        73
      28       -0.00074143      a_ia        28                           -0.00296571         4
      75       -0.00073832      a_ia        75                           -0.00295327         4
    5001       -0.00071590    a_iajb      5001                           -0.05226088        73
    1616        0.00069973      a_ia      1616                            0.00139946         2
   49262       -0.00067856        op      5001      5002                 -0.04953491        73

  ==> Add operator: mvp2 -1: 2731 2732
  ==> Current qubit order: 2  3  4  5  6  7  8  9  10  11  14  15  16  17  18  19  22  23  26  27  28  29  30  31  34  35  36  53  37  52  13  0  59  42  49  1  58  43  40  24  20  48  12  25  50  51  45  21  41  46  38  56  60  61  64  65  54  55  62  63  39  57  73  72  44  66  68  69  70  47  71  76  77  67  74  75  78  79  80  89  81  82  88  91  90  32  86  87  33  83  84  85  92  93  94  95  


  ==> Energy                -270.487631179
  ==> dE                       -6.57e-04
  ==> Gradient Norm             2.32e+00
  ==> Abs. Max. Deriv.          1.10e-01
  ==> Time-Grad. (s)              22.877
  ==> Time-Energy (s)             24.278
  ==> Time-Iter. (s)              47.155

--------------------------------------------------------------------------------
CEO-ADAPT-VQE iteration: 105
--------------------------------------------------------------------------------
    gate        derivative      name       op1       op2       op3        g_unscaled   penalty
    1012       -0.00104720      a_ia      1012                           -0.00628319         6
      25        0.00096857      a_ia        25                            0.00387428         4
   48664        0.00080765        op      4508      4509                  0.05249734        65
   48669        0.00076374        om      4508      4510                  0.04964295        65
    4508        0.00076061    a_iajb      4508                            0.04943956        65
   48668        0.00075748        op      4508      4510                  0.04923617        65
   48665        0.00071357        om      4508      4509                  0.04638178        65
   49263       -0.00070438        om      5001      5002                 -0.05564566        79
    1616        0.00068848      a_ia      1616                            0.00137696         2
    5001       -0.00065960    a_iajb      5001                           -0.05210804        79

  ==> Add operator: a_ia 25
  ==> Current qubit order: 2  3  4  5  6  7  8  9  10  11  14  15  16  17  18  19  22  23  26  27  28  29  30  31  34  35  36  53  37  13  52  0  59  42  49  1  58  43  40  24  20  48  12  25  50  51  45  21  41  46  38  56  60  61  64  65  54  55  62  63  39  57  73  72  44  66  68  69  70  47  71  76  77  67  74  75  78  79  80  89  81  82  88  91  90  32  86  87  33  83  84  85  92  93  94  95  


  ==> Energy                -270.487633690
  ==> dE                       -2.51e-06
  ==> Gradient Norm             2.31e+00
  ==> Abs. Max. Deriv.          1.10e-01
  ==> Time-Grad. (s)              21.858
  ==> Time-Energy (s)              5.295
  ==> Time-Iter. (s)              27.154

--------------------------------------------------------------------------------
CEO-ADAPT-VQE iteration: 106
--------------------------------------------------------------------------------
    gate        derivative      name       op1       op2       op3        g_unscaled   penalty
    1012       -0.00103830      a_ia      1012                           -0.00622981         6
   48664        0.00078353        op      4508      4509                  0.05249623        67
   48669        0.00074092        om      4508      4510                  0.04964197        67
    4508        0.00073788    a_iajb      4508                            0.04943811        67
   48668        0.00073484        op      4508      4510                  0.04923425        67
   49263       -0.00070437        om      5001      5002                 -0.05564494        79
   48665        0.00069224        om      4508      4509                  0.04637998        67
    1616        0.00068898      a_ia      1616                            0.00137796         2
    5001       -0.00065958    a_iajb      5001                           -0.05210664        79
   48955       -0.00064876        om      4747      4748                 -0.05644228        87

  ==> Add operator: mvp3 -1: 4508 4509 4510
  ==> Current qubit order: 2  3  4  5  6  7  8  9  10  11  14  15  16  17  18  19  22  23  26  27  28  29  30  31  34  35  36  37  52  0  53  13  59  1  42  49  58  43  40  24  20  48  12  25  50  51  45  21  41  46  38  56  60  61  64  65  54  55  62  63  39  57  73  72  44  66  68  69  70  47  71  76  77  67  74  75  78  79  80  89  81  82  88  91  90  32  86  87  33  83  84  85  92  93  94  95  


  ==> Energy                -270.488724576
  ==> dE                       -1.09e-03
  ==> Gradient Norm             2.31e+00
  ==> Abs. Max. Deriv.          1.10e-01
  ==> Time-Grad. (s)              21.884
  ==> Time-Energy (s)             13.325
  ==> Time-Iter. (s)              35.209

--------------------------------------------------------------------------------
CEO-ADAPT-VQE iteration: 107
--------------------------------------------------------------------------------
    gate        derivative      name       op1       op2       op3        g_unscaled   penalty
      75       -0.00268789      a_ia        75                           -0.00537578         2
     597        0.00122534      a_ia       597                            0.00245068         2
    1012       -0.00104115      a_ia      1012                           -0.00624692         6
      72        0.00072521      a_ia        72                            0.00435126         6
    1616        0.00068214      a_ia      1616                            0.00136427         2
   46602        0.00066910        op      2731      2732                  0.03546250        53
    2731        0.00065840    a_iajb      2731                            0.03489511        53
   46603        0.00064769        om      2731      2732                  0.03432773        53
   47300       -0.00060410        op      3312      3313                 -0.05134870        85
    3312       -0.00059879    a_iajb      3312                           -0.05089741        85

  ==> Add operator: a_ia 75
  ==> Current qubit order: 2  3  4  5  6  7  8  9  10  11  14  15  16  17  18  19  22  23  26  27  28  29  30  31  34  35  36  37  52  0  53  13  59  1  42  49  58  43  40  24  20  48  12  25  50  51  45  21  41  46  38  56  60  61  64  65  54  55  62  63  39  57  73  72  44  66  68  69  70  47  71  76  77  67  74  75  78  79  80  89  81  82  88  91  90  32  86  87  33  83  84  85  92  93  94  95  


  ==> Energy                -270.488729183
  ==> dE                       -4.61e-06
  ==> Gradient Norm             2.30e+00
  ==> Abs. Max. Deriv.          1.09e-01
  ==> Time-Grad. (s)              21.620
  ==> Time-Energy (s)              5.249
  ==> Time-Iter. (s)              26.870

--------------------------------------------------------------------------------
CEO-ADAPT-VQE iteration: 108
--------------------------------------------------------------------------------
    gate        derivative      name       op1       op2       op3        g_unscaled   penalty
     597        0.00121928      a_ia       597                            0.00243856         2
    1012       -0.00103819      a_ia      1012                           -0.00622911         6
      72        0.00073342      a_ia        72                            0.00440050         6
    1616        0.00070244      a_ia      1616                            0.00140489         2
   46602        0.00066887        op      2731      2732                  0.03545022        53
    2731        0.00065816    a_iajb      2731                            0.03488265        53
   46603        0.00064745        om      2731      2732                  0.03431508        53
   47300       -0.00060396        op      3312      3313                 -0.05133690        85
    3312       -0.00059865    a_iajb      3312                           -0.05088559        85
   47301       -0.00059334        om      3312      3313                 -0.05043428        85

  ==> Add operator: a_ia 72
  ==> Current qubit order: 2  3  4  5  6  7  8  9  10  11  14  15  16  17  18  19  22  23  26  27  28  29  30  31  34  35  36  37  52  0  13  59  53  1  42  49  58  43  40  24  20  48  12  25  50  51  45  21  41  46  38  56  60  61  64  65  54  55  62  63  39  57  73  72  44  66  68  69  70  47  71  76  77  67  74  75  78  79  80  89  81  82  88  91  90  32  86  87  33  83  84  85  92  93  94  95  


  ==> Energy                -270.488732415
  ==> dE                       -3.23e-06
  ==> Gradient Norm             2.30e+00
  ==> Abs. Max. Deriv.          1.09e-01
  ==> Time-Grad. (s)              21.761
  ==> Time-Energy (s)              4.809
  ==> Time-Iter. (s)              26.570

--------------------------------------------------------------------------------
CEO-ADAPT-VQE iteration: 109
--------------------------------------------------------------------------------
    gate        derivative      name       op1       op2       op3        g_unscaled   penalty
     597        0.00119725      a_ia       597                            0.00239451         2
    1012       -0.00101204      a_ia      1012                           -0.00607222         6
   46602        0.00086460        op      2731      2732                  0.03544849        41
    2731        0.00085075    a_iajb      2731                            0.03488061        41
   46603        0.00083690        om      2731      2732                  0.03431273        41
    1616        0.00070141      a_ia      1616                            0.00140282         2
   47300       -0.00056412        op      3312      3313                 -0.05133506        91
    3312       -0.00055918    a_iajb      3312                           -0.05088553        91
   47301       -0.00055424        om      3312      3313                 -0.05043599        91
   47571       -0.00044615        om      3546      3547                 -0.02721532        61

  ==> Add operator: mvp2 -1: 3312 3313
  ==> Current qubit order: 2  3  4  5  6  7  8  9  10  11  14  15  16  17  18  19  22  23  26  27  28  29  30  31  34  35  36  37  13  53  1  42  52  0  59  25  49  58  43  40  24  20  48  12  50  51  45  21  41  46  38  56  60  61  64  65  54  55  62  63  39  57  73  72  44  66  68  69  70  47  71  76  77  67  74  75  78  79  80  89  81  82  88  91  90  32  86  87  33  83  84  85  92  93  94  95  


  ==> Energy                -270.489023886
  ==> dE                       -2.91e-04
  ==> Gradient Norm             2.30e+00
  ==> Abs. Max. Deriv.          1.09e-01
  ==> Time-Grad. (s)              21.800
  ==> Time-Energy (s)             11.636
  ==> Time-Iter. (s)              33.436

--------------------------------------------------------------------------------
CEO-ADAPT-VQE iteration: 110
--------------------------------------------------------------------------------
    gate        derivative      name       op1       op2       op3        g_unscaled   penalty
    1012       -0.00101336      a_ia      1012                           -0.00608015         6
    1042       -0.00097479      a_ia      1042                           -0.00194957         2
    1616        0.00070167      a_ia      1616                            0.00140335         2
   46602        0.00062475        op      2731      2732                  0.03436140        55
    2731        0.00061946    a_iajb      2731                            0.03407013        55
   46603        0.00061416        om      2731      2732                  0.03377885        55
     864       -0.00055911      a_ia       864                           -0.00335466         6
    1704       -0.00052486      a_ia      1704                           -0.00209945         4
      25        0.00046836      a_ia        25                            0.00093673         2
   49364       -0.00043289        op      5103      5104                 -0.02986965        69

  ==> Add operator: a_ia 1042
  ==> Current qubit order: 2  3  4  5  6  7  8  9  10  11  14  15  16  17  18  19  22  23  26  27  28  29  30  31  34  35  36  37  13  53  1  42  52  0  59  25  49  58  43  40  24  20  48  12  50  51  45  21  41  46  38  56  60  61  64  65  54  55  62  63  39  57  73  72  44  66  68  69  70  47  71  76  77  67  74  75  78  79  80  89  81  82  88  91  90  32  86  87  33  83  84  85  92  93  94  95  


  ==> Energy                -270.489025734
  ==> dE                       -1.85e-06
  ==> Gradient Norm             2.30e+00
  ==> Abs. Max. Deriv.          1.09e-01
  ==> Time-Grad. (s)              21.891
  ==> Time-Energy (s)              5.305
  ==> Time-Iter. (s)              27.195

--------------------------------------------------------------------------------
CEO-ADAPT-VQE iteration: 111
--------------------------------------------------------------------------------
    gate        derivative      name       op1       op2       op3        g_unscaled   penalty
    1012       -0.00100961      a_ia      1012                           -0.00605769         6
    1616        0.00069767      a_ia      1616                            0.00139534         2
   46602        0.00062474        op      2731      2732                  0.03436081        55
    2731        0.00061944    a_iajb      2731                            0.03406928        55
   46603        0.00061414        om      2731      2732                  0.03377775        55
     864       -0.00055784      a_ia       864                           -0.00334707         6
    1704       -0.00052482      a_ia      1704                           -0.00209930         4
      25        0.00045564      a_ia        25                            0.00091127         2
   49364       -0.00043290        op      5103      5104                 -0.02987020        69
    1321        0.00042808      a_ia      1321                            0.00085616         2

  ==> Add operator: a_ia 864
  ==> Current qubit order: 2  3  4  5  6  7  8  9  10  11  14  15  16  17  18  19  22  23  26  27  28  29  30  31  34  35  36  37  13  53  1  42  52  0  59  25  49  58  43  40  24  48  12  20  50  51  45  21  41  46  38  56  60  61  64  65  54  55  62  63  39  57  73  72  44  66  68  69  70  47  71  76  77  67  74  75  78  79  80  89  81  82  88  91  90  32  86  87  33  83  84  85  92  93  94  95  


  ==> Energy                -270.489029884
  ==> dE                       -4.15e-06
  ==> Gradient Norm             2.30e+00
  ==> Abs. Max. Deriv.          1.09e-01
  ==> Time-Grad. (s)              21.987
  ==> Time-Energy (s)              4.817
  ==> Time-Iter. (s)              26.804

--------------------------------------------------------------------------------
CEO-ADAPT-VQE iteration: 112
--------------------------------------------------------------------------------
    gate        derivative      name       op1       op2       op3        g_unscaled   penalty
    1012       -0.00100139      a_ia      1012                           -0.00600832         6
    1007       -0.00080638      a_ia      1007                           -0.00161276         2
    1616        0.00069619      a_ia      1616                            0.00139238         2
   46602        0.00062474        op      2731      2732                  0.03436075        55
    2731        0.00061944    a_iajb      2731                            0.03406920        55
   46603        0.00061414        om      2731      2732                  0.03377764        55
      25        0.00044347      a_ia        25                            0.00088695         2
    1321        0.00043677      a_ia      1321                            0.00087353         2
   49364       -0.00043290        op      5103      5104                 -0.02987014        69
   49368       -0.00041659        op      5103      5105                 -0.02874487        69

  ==> Add operator: a_ia 1007
  ==> Current qubit order: 2  3  4  5  6  7  8  9  10  11  14  15  16  17  18  19  22  23  26  27  28  29  30  31  34  35  36  37  13  53  1  42  52  0  59  25  49  58  43  40  24  48  12  20  50  51  45  21  41  46  38  56  60  61  64  65  54  55  62  63  39  57  73  72  44  66  68  69  70  47  71  76  77  67  74  75  78  79  80  89  81  82  88  91  90  32  86  87  33  83  84  85  92  93  94  95  


  ==> Energy                -270.489031150
  ==> dE                       -1.27e-06
  ==> Gradient Norm             2.30e+00
  ==> Abs. Max. Deriv.          1.09e-01
  ==> Time-Grad. (s)              22.137
  ==> Time-Energy (s)              6.349
  ==> Time-Iter. (s)              28.486

--------------------------------------------------------------------------------
CEO-ADAPT-VQE iteration: 113
--------------------------------------------------------------------------------
    gate        derivative      name       op1       op2       op3        g_unscaled   penalty
    1012       -0.00099952      a_ia      1012                           -0.00599714         6
    1616        0.00069809      a_ia      1616                            0.00139619         2
   46602        0.00062473        op      2731      2732                  0.03436035        55
    2731        0.00061943    a_iajb      2731                            0.03406870        55
   46603        0.00061413        om      2731      2732                  0.03377706        55
    1321        0.00044040      a_ia      1321                            0.00088080         2
      25        0.00043878      a_ia        25                            0.00087755         2
   49364       -0.00043290        op      5103      5104                 -0.02986977        69
   49368       -0.00041658        op      5103      5105                 -0.02874425        69
    5103       -0.00041594    a_iajb      5103                           -0.02870007        69

  ==> Add operator: a_ia 1321
  ==> Current qubit order: 2  3  4  5  6  7  8  9  10  11  14  15  16  17  18  19  22  23  26  27  28  29  30  31  34  35  36  37  13  53  1  42  52  0  59  25  49  58  43  40  24  48  12  20  50  51  45  21  41  46  38  56  60  61  64  65  54  55  62  63  39  57  73  72  44  66  68  69  70  47  71  76  77  67  74  75  78  79  80  89  81  82  88  91  90  32  86  87  33  83  84  85  92  93  94  95  


  ==> Energy                -270.489031253
  ==> dE                       -1.03e-07
  ==> Gradient Norm             2.30e+00
  ==> Abs. Max. Deriv.          1.09e-01
  ==> Time-Grad. (s)              22.633
  ==> Time-Energy (s)              6.669
  ==> Time-Iter. (s)              29.302

--------------------------------------------------------------------------------
CEO-ADAPT-VQE iteration: 114
--------------------------------------------------------------------------------
    gate        derivative      name       op1       op2       op3        g_unscaled   penalty
    1012       -0.00100186      a_ia      1012                           -0.00601119         6
    1616        0.00069734      a_ia      1616                            0.00139467         2
   46602        0.00062474        op      2731      2732                  0.03436045        55
    2731        0.00061943    a_iajb      2731                            0.03406881        55
   46603        0.00061413        om      2731      2732                  0.03377716        55
      25        0.00044620      a_ia        25                            0.00089241         2
   49364       -0.00043290        op      5103      5104                 -0.02986978        69
   49368       -0.00041658        op      5103      5105                 -0.02874424        69
    5103       -0.00041594    a_iajb      5103                           -0.02870006        69
   49369       -0.00041530        om      5103      5105                 -0.02865588        69

  ==> Add operator: mvp2 -1: 5103 5104
  ==> Current qubit order: 2  3  4  5  6  7  8  9  10  11  14  15  16  17  18  19  22  23  26  27  28  29  30  31  34  35  36  37  13  42  53  1  59  25  52  0  49  58  43  40  24  48  12  20  50  51  45  21  41  46  38  56  60  61  64  65  54  55  62  63  39  57  73  72  44  66  68  69  70  47  71  76  77  67  74  75  78  79  80  89  81  82  88  91  90  32  86  87  33  83  84  85  92  93  94  95  


  ==> Energy                -270.489191368
  ==> dE                       -1.60e-04
  ==> Gradient Norm             2.30e+00
  ==> Abs. Max. Deriv.          1.09e-01
  ==> Time-Grad. (s)              22.622
  ==> Time-Energy (s)              8.765
  ==> Time-Iter. (s)              31.387

--------------------------------------------------------------------------------
CEO-ADAPT-VQE iteration: 115
--------------------------------------------------------------------------------
    gate        derivative      name       op1       op2       op3        g_unscaled   penalty
    1012       -0.00100661      a_ia      1012                           -0.00603964         6
      28       -0.00073855      a_ia        28                           -0.00295419         4
    1616        0.00069833      a_ia      1616                            0.00139665         2
   46602        0.00051405        op      2731      2732                  0.03444110        67
    2731        0.00051026    a_iajb      2731                            0.03418740        67
   46603        0.00050647        om      2731      2732                  0.03393371        67
   47324       -0.00044452        op      3336      3337                 -0.02267034        51
    3336       -0.00044270    a_iajb      3336                           -0.02257773        51
   46083        0.00044204        om      2256      2257                  0.02431195        55
   47325       -0.00044088        om      3336      3337                 -0.02248511        51

  ==> Add operator: a_ia 28
  ==> Current qubit order: 2  3  4  5  6  7  8  9  10  11  14  15  16  17  18  19  22  23  26  27  28  29  30  31  34  35  36  37  13  42  53  1  59  25  52  49  0  58  43  40  24  48  12  20  50  51  45  21  41  46  38  56  60  61  64  65  54  55  62  63  39  57  73  72  44  66  68  69  70  47  71  76  77  67  74  75  78  79  80  89  81  82  88  91  90  32  86  87  33  83  84  85  92  93  94  95  


  ==> Energy                -270.489355591
  ==> dE                       -1.64e-04
  ==> Gradient Norm             2.30e+00
  ==> Abs. Max. Deriv.          1.09e-01
  ==> Time-Grad. (s)              22.689
  ==> Time-Energy (s)             27.665
  ==> Time-Iter. (s)              50.354

--------------------------------------------------------------------------------
CEO-ADAPT-VQE iteration: 116
--------------------------------------------------------------------------------
    gate        derivative      name       op1       op2       op3        g_unscaled   penalty
    1012       -0.00098921      a_ia      1012                           -0.00593529         6
    1616        0.00068455      a_ia      1616                            0.00136909         2
   47324       -0.00042606        op      3336      3337                 -0.02258142        53
    3336       -0.00042312    a_iajb      3336                           -0.02242516        53
   47325       -0.00042017        om      3336      3337                 -0.02226890        53
   46304        0.00041861        op      2478      2479                  0.10925754       261
   46305        0.00041861        om      2478      2479                  0.10925754       261
   49241       -0.00040645        om      4979      4980                 -0.02235476        55
    4979       -0.00040616    a_iajb      4979                           -0.02233894        55
   49240       -0.00040588        op      4979      4980                 -0.02232313        55

  ==> Add operator: mvp2 -1: 3336 3337
  ==> Current qubit order: 2  3  4  5  6  7  8  9  10  11  14  15  16  17  18  19  22  23  26  27  28  29  30  31  34  35  36  37  13  42  1  59  53  25  0  58  52  49  43  40  24  48  12  20  50  51  45  21  41  46  38  56  60  61  64  65  54  55  62  63  39  57  73  72  44  66  68  69  70  47  71  76  77  67  74  75  78  79  80  89  81  82  88  91  90  32  86  87  33  83  84  85  92  93  94  95  


  ==> Energy                -270.489419876
  ==> dE                       -6.43e-05
  ==> Gradient Norm             2.30e+00
  ==> Abs. Max. Deriv.          1.09e-01
  ==> Time-Grad. (s)              22.896
  ==> Time-Energy (s)             10.088
  ==> Time-Iter. (s)              32.984

--------------------------------------------------------------------------------
CEO-ADAPT-VQE iteration: 117
--------------------------------------------------------------------------------
    gate        derivative      name       op1       op2       op3        g_unscaled   penalty
    1616        0.00068572      a_ia      1616                            0.00137144         2
    1012       -0.00060122      a_ia      1012                           -0.00601224        10
      28        0.00044053      a_ia        28                            0.00088105         2
   49116       -0.00043372        op      4879      4880                 -0.03773379        87
    4879       -0.00041577    a_iajb      4879                           -0.03617200        87
   46304        0.00040928        op      2478      2479                  0.10927830       267
   46305        0.00040928        om      2478      2479                  0.10927830       267
   47159       -0.00040588        om      3206      3207                 -0.03774674        93
     597        0.00040427      a_ia       597                            0.00242565         6
   95954        0.00040279        op     41970     41971                  0.01490331        37

  ==> Add operator: mvp2 -1: 4879 4880
  ==> Current qubit order: 2  3  4  5  6  7  8  9  10  11  14  15  16  17  18  19  23  26  27  28  29  30  31  34  35  36  37  13  42  22  1  53  48  59  25  0  58  52  49  43  40  24  12  20  50  51  45  21  41  46  38  56  60  61  64  65  54  55  62  63  39  57  73  72  44  66  68  69  70  47  71  76  77  67  74  75  78  79  80  89  81  82  88  91  90  32  86  87  33  83  84  85  92  93  94  95  


  ==> Energy                -270.490128893
  ==> dE                       -7.09e-04
  ==> Gradient Norm             2.30e+00
  ==> Abs. Max. Deriv.          1.09e-01
  ==> Time-Grad. (s)              22.643
  ==> Time-Energy (s)              9.258
  ==> Time-Iter. (s)              31.901

--------------------------------------------------------------------------------
CEO-ADAPT-VQE iteration: 118
--------------------------------------------------------------------------------
    gate        derivative      name       op1       op2       op3        g_unscaled   penalty
     936       -0.00120184      a_ia       936                           -0.00721103         6
    1616        0.00068789      a_ia      1616                            0.00137578         2
    1012       -0.00058424      a_ia      1012                           -0.00584243        10
      28        0.00044017      a_ia        28                            0.00088034         2
   46304        0.00041319        op      2478      2479                  0.10949472       265
   46305        0.00041319        om      2478      2479                  0.10949472       265
   46082        0.00040986        op      2256      2257                  0.02418180        59
   49530       -0.00040975        op      5224      5225                 -0.02745294        67
    2256        0.00040919    a_iajb      2256                            0.02414223        59
   46083        0.00040852        om      2256      2257                  0.02410266        59

  ==> Add operator: a_ia 936
  ==> Current qubit order: 2  3  4  5  6  7  8  9  10  11  14  15  16  17  18  19  23  26  27  28  29  30  31  34  35  36  37  13  42  1  53  22  48  59  25  0  58  52  49  43  40  24  12  20  50  51  45  21  41  46  38  56  60  61  64  65  54  55  62  63  39  57  73  72  44  66  68  69  70  47  71  76  77  67  74  75  78  79  80  89  81  82  88  91  90  32  86  87  33  83  84  85  92  93  94  95  


  ==> Energy                -270.490151406
  ==> dE                       -2.25e-05
  ==> Gradient Norm             2.30e+00
  ==> Abs. Max. Deriv.          1.09e-01
  ==> Time-Grad. (s)              22.751
  ==> Time-Energy (s)              5.007
  ==> Time-Iter. (s)              27.757

--------------------------------------------------------------------------------
CEO-ADAPT-VQE iteration: 119
--------------------------------------------------------------------------------
    gate        derivative      name       op1       op2       op3        g_unscaled   penalty
    1616        0.00069519      a_ia      1616                            0.00139037         2
    1012       -0.00054676      a_ia      1012                           -0.00546760        10
   82070        0.00046319        op     31560     31561                  0.01899092        41
      28        0.00045580      a_ia        28                            0.00091160         2
   31560        0.00045358    a_iajb     31560                            0.01859682        41
   82071        0.00044397        om     31560     31561                  0.01820272        41
   46304        0.00041009        op      2478      2479                  0.10949472       267
   46305        0.00041009        om      2478      2479                  0.10949472       267
   49530       -0.00040975        op      5224      5225                 -0.02745296        67
    1047        0.00040846      a_ia      1047                            0.00081692         2

  ==> Add operator: mvp2 -1: 31560 31561
  ==> Current qubit order: 2  3  4  5  6  7  8  9  10  11  14  15  16  17  18  19  23  26  27  28  29  30  31  34  35  36  37  13  42  1  53  22  48  59  25  0  58  52  49  43  40  24  12  20  50  51  45  21  41  46  38  56  60  61  64  65  54  55  62  63  39  57  73  72  44  66  68  69  70  47  71  76  77  67  74  75  78  79  80  89  81  82  88  91  90  32  86  87  33  83  84  85  92  93  94  95  


  ==> Energy                -270.490225868
  ==> dE                       -7.45e-05
  ==> Gradient Norm             2.30e+00
  ==> Abs. Max. Deriv.          1.09e-01
  ==> Time-Grad. (s)              23.141
  ==> Time-Energy (s)              9.244
  ==> Time-Iter. (s)              32.385

--------------------------------------------------------------------------------
CEO-ADAPT-VQE iteration: 120
--------------------------------------------------------------------------------
    gate        derivative      name       op1       op2       op3        g_unscaled   penalty
    1616        0.00069447      a_ia      1616                            0.00138894         2
    1012       -0.00055239      a_ia      1012                           -0.00552391        10
      28        0.00045028      a_ia        28                            0.00090057         2
   46304        0.00041009        op      2478      2479                  0.10949471       267
   46305        0.00041009        om      2478      2479                  0.10949471       267
   49530       -0.00040973        op      5224      5225                 -0.02745204        67
   47159       -0.00040415        om      3206      3207                 -0.03758573        93
   95954        0.00040279        op     41970     41971                  0.01490325        37
   95955        0.00040279        om     41970     41971                  0.01490325        37
    5224       -0.00039878    a_iajb      5224                           -0.02671858        67

  ==> Add operator: op -1: 2478 2479
  ==> Current qubit order: 2  3  4  5  6  7  8  9  10  11  14  15  16  17  18  19  23  26  27  28  29  30  31  34  35  36  37  13  42  53  22  48  59  25  58  52  49  43  40  24  12  20  50  51  45  21  41  46  38  56  60  61  64  65  54  55  62  63  39  57  73  1  0  94  95  72  44  66  68  69  70  47  71  76  77  67  74  75  78  79  80  89  81  82  88  91  90  32  86  87  33  83  84  85  92  93  


  ==> Energy                -270.490687867
  ==> dE                       -4.62e-04
  ==> Gradient Norm             2.30e+00
  ==> Abs. Max. Deriv.          1.09e-01
  ==> Time-Grad. (s)              23.162
  ==> Time-Energy (s)              4.913
  ==> Time-Iter. (s)              28.075

--------------------------------------------------------------------------------
CEO-ADAPT-VQE iteration: 121
--------------------------------------------------------------------------------
    gate        derivative      name       op1       op2       op3        g_unscaled   penalty
      46        0.00198169      a_ia        46                            0.00396338         2
    1616        0.00069506      a_ia      1616                            0.00139011         2
   46117       -0.00067043        om      2290      2291                 -0.07575836       113
    2290       -0.00065205    a_iajb      2290                           -0.07368125       113
      93        0.00064281      a_ia        93                            0.00385683         6
   46213        0.00063425        om      2386      2387                  0.02980985        47
    2386        0.00063425    a_iajb      2386                            0.02980984        47
   46212        0.00063425        op      2386      2387                  0.02980984        47
   46116       -0.00063367        op      2290      2291                 -0.07160415       113
   46192        0.00061752        op      2366      2367                  0.02284835        37

  ==> Add operator: a_ia 46
  ==> Current qubit order: 2  3  4  5  6  7  8  9  10  11  14  15  16  17  18  19  23  26  27  28  29  30  31  34  35  36  37  13  42  53  22  48  59  25  58  52  49  43  40  24  12  20  50  51  45  21  41  46  38  56  60  61  64  65  54  55  62  63  39  57  73  1  0  94  95  72  44  66  68  69  70  47  71  76  77  67  74  75  78  79  80  89  81  82  88  91  90  32  86  87  33  83  84  85  92  93  


  ==> Energy                -270.490689058
  ==> dE                       -1.19e-06
  ==> Gradient Norm             2.29e+00
  ==> Abs. Max. Deriv.          7.58e-02
  ==> Time-Grad. (s)              22.286
  ==> Time-Energy (s)              6.166
  ==> Time-Iter. (s)              28.452

--------------------------------------------------------------------------------
CEO-ADAPT-VQE iteration: 122
--------------------------------------------------------------------------------
    gate        derivative      name       op1       op2       op3        g_unscaled   penalty
    1616        0.00069424      a_ia      1616                            0.00138848         2
   46117       -0.00067075        om      2290      2291                 -0.07579439       113
    2290       -0.00065236    a_iajb      2290                           -0.07371713       113
   46213        0.00063405        om      2386      2387                  0.02980025        47
    2386        0.00063401    a_iajb      2386                            0.02979854        47
   46116       -0.00063398        op      2290      2291                 -0.07163986       113
   46212        0.00063398        op      2386      2387                  0.02979683        47
      93        0.00062014      a_ia        93                            0.00372085         6
   46192        0.00061774        op      2366      2367                  0.02285643        37
   46193        0.00061774        om      2366      2367                  0.02285643        37

  ==> Add operator: mvp2 -1: 2290 2291
  ==> Current qubit order: 2  3  4  5  6  7  8  9  10  11  14  15  16  17  18  19  23  26  27  28  29  30  31  34  35  36  37  13  42  53  22  48  59  25  58  49  43  40  24  12  20  50  51  45  21  41  46  38  56  60  61  64  65  54  55  52  1  0  95  62  63  39  57  73  94  72  44  66  68  69  70  47  71  76  77  67  74  75  78  79  80  89  81  82  88  91  90  32  86  87  33  83  84  85  92  93  


  ==> Energy                -270.491490643
  ==> dE                       -8.02e-04
  ==> Gradient Norm             2.29e+00
  ==> Abs. Max. Deriv.          7.58e-02
  ==> Time-Grad. (s)              22.849
  ==> Time-Energy (s)              9.795
  ==> Time-Iter. (s)              32.644

--------------------------------------------------------------------------------
CEO-ADAPT-VQE iteration: 123
--------------------------------------------------------------------------------
    gate        derivative      name       op1       op2       op3        g_unscaled   penalty
      93        0.00206085      a_ia        93                            0.00824341         4
   46099       -0.00080386        om      2272      2273                 -0.03617360        45
    2272       -0.00078481    a_iajb      2272                           -0.03531649        45
   46192        0.00078438        op      2366      2367                  0.02274698        29
   46193        0.00078438        om      2366      2367                  0.02274698        29
   46098       -0.00076576        op      2272      2273                 -0.03445938        45
   46202        0.00075453        op      2376      2377                  0.03093574        41
    2376        0.00074284    a_iajb      2376                            0.03045653        41
   46203        0.00073115        om      2376      2377                  0.02997732        41
    1616        0.00069620      a_ia      1616                            0.00139240         2

  ==> Add operator: a_ia 93
  ==> Current qubit order: 2  3  4  5  6  7  8  9  10  11  14  15  16  17  18  19  23  26  27  28  29  30  31  34  35  36  37  13  42  53  22  48  59  25  58  49  43  40  24  12  20  50  51  45  21  41  46  38  56  60  61  64  65  54  55  52  0  1  95  62  63  39  57  73  94  72  44  66  68  69  70  47  71  76  77  67  74  75  78  79  80  89  81  82  88  91  90  32  86  87  33  83  84  85  92  93  


  ==> Energy                -270.491495904
  ==> dE                       -5.26e-06
  ==> Gradient Norm             2.28e+00
  ==> Abs. Max. Deriv.          7.52e-02
  ==> Time-Grad. (s)              22.784
  ==> Time-Energy (s)              5.979
  ==> Time-Iter. (s)              28.763

--------------------------------------------------------------------------------
CEO-ADAPT-VQE iteration: 124
--------------------------------------------------------------------------------
    gate        derivative      name       op1       op2       op3        g_unscaled   penalty
   46192        0.00078495        op      2366      2367                  0.02276345        29
   46193        0.00078495        om      2366      2367                  0.02276345        29
   46202        0.00075406        op      2376      2377                  0.03091662        41
    2376        0.00074230    a_iajb      2376                            0.03043416        41
   46203        0.00073053        om      2376      2377                  0.02995171        41
    1012       -0.00070631      a_ia      1012                           -0.00565045         8
    1616        0.00069396      a_ia      1616                            0.00138792         2
   46099       -0.00068320        om      2272      2273                 -0.03620974        53
    2272       -0.00066701    a_iajb      2272                           -0.03535152        53
   46098       -0.00065082        op      2272      2273                 -0.03449329        53

  ==> Add operator: op -1: 2366 2367
  ==> Current qubit order: 2  3  4  5  6  7  8  9  10  11  14  15  16  17  18  19  23  26  27  28  29  30  31  34  35  36  37  13  42  53  22  48  59  25  58  49  43  40  24  12  20  50  51  45  21  41  46  38  56  60  61  64  65  54  55  52  0  1  62  63  95  39  57  73  94  72  44  66  68  69  70  47  71  76  77  67  74  75  78  79  80  89  81  82  88  91  90  32  86  87  33  83  84  85  92  93  


  ==> Energy                -270.491528356
  ==> dE                       -3.25e-05
  ==> Gradient Norm             2.28e+00
  ==> Abs. Max. Deriv.          7.53e-02
  ==> Time-Grad. (s)              22.871
  ==> Time-Energy (s)              4.779
  ==> Time-Iter. (s)              27.650

--------------------------------------------------------------------------------
CEO-ADAPT-VQE iteration: 125
--------------------------------------------------------------------------------
    gate        derivative      name       op1       op2       op3        g_unscaled   penalty
      77        0.00086018      a_ia        77                            0.00344072         4
   46202        0.00072793        op      2376      2377                  0.03130082        43
   46099       -0.00071989        om      2272      2273                 -0.03671454        51
    2376        0.00071673    a_iajb      2376                            0.03081918        43
    1012       -0.00070618      a_ia      1012                           -0.00564946         8
   46203        0.00070552        om      2376      2377                  0.03033753        43
    2272       -0.00070309    a_iajb      2272                           -0.03585755        51
    1616        0.00069406      a_ia      1616                            0.00138813         2
   46098       -0.00068629        op      2272      2273                 -0.03500057        51
   46140       -0.00060220        op      2314      2315                 -0.07527550       125

  ==> Add operator: a_ia 77
  ==> Current qubit order: 2  3  4  5  6  7  8  9  10  11  14  15  16  17  18  19  23  26  27  28  29  30  31  34  35  36  37  13  42  53  22  48  59  25  58  49  43  40  24  12  20  50  51  45  21  41  46  38  56  60  61  64  65  54  55  52  0  62  1  63  95  39  57  73  94  72  44  66  68  69  70  47  71  76  77  67  74  75  78  79  80  89  81  82  88  91  90  32  86  87  33  83  84  85  92  93  


  ==> Energy                -270.491529978
  ==> dE                       -1.62e-06
  ==> Gradient Norm             2.28e+00
  ==> Abs. Max. Deriv.          7.53e-02
  ==> Time-Grad. (s)              22.346
  ==> Time-Energy (s)              5.899
  ==> Time-Iter. (s)              28.245

  ==> gain rate 1.36e-04 Ha per operator over the last 50 accepted operators is below 0.20 of the level's best (6.81e-04) --- exiting.


--------------------------------------------------------------------------------
RESTART
--------------------------------------------------------------------------------

Last Energy: -270.491828613

--------------------------------------------------------------------------------
CEO-ADAPT-VQE iteration: 126
--------------------------------------------------------------------------------
    gate        derivative      name       op1       op2       op3        g_unscaled   penalty
      30        0.00136252      a_ia        30                            0.00272505         2
   46202        0.00072972        op      2376      2377                  0.03137810        43
    2376        0.00071556    a_iajb      2376                            0.03076887        43
    1616        0.00070344      a_ia      1616                            0.00140687         2
   46203        0.00070139        om      2376      2377                  0.03015963        43
   46099       -0.00069363        om      2272      2273                 -0.03676225        53
    2272       -0.00067144    a_iajb      2272                           -0.03558649        53
   46098       -0.00064926        op      2272      2273                 -0.03441073        53
   46140       -0.00059432        op      2314      2315                 -0.07547923       127
   46212        0.00058466        op      2386      2387                  0.02981749        51

  ==> Add operator: a_ia 30
  ==> Current qubit order: 2  3  4  5  6  7  8  9  10  11  14  15  16  17  18  19  23  26  27  28  29  30  31  34  35  36  37  13  42  53  22  48  59  25  58  49  43  40  24  12  20  50  51  45  21  41  46  38  56  60  61  64  65  54  55  52  0  62  1  63  95  39  57  73  94  72  44  66  68  69  70  47  71  76  77  67  74  75  78  79  80  89  81  82  88  91  90  32  86  87  33  83  84  85  92  93  


  ==> Energy                -270.491829622
  ==> dE                       -1.01e-06
  ==> Gradient Norm             2.28e+00
  ==> Abs. Max. Deriv.          7.55e-02
  ==> Time-Grad. (s)              55.177
  ==> Time-Energy (s)             15.297
  ==> Time-Iter. (s)              70.475

--------------------------------------------------------------------------------
CEO-ADAPT-VQE iteration: 127
--------------------------------------------------------------------------------
    gate        derivative      name       op1       op2       op3        g_unscaled   penalty
   46202        0.00072760        op      2376      2377                  0.03128679        43
    2376        0.00071353    a_iajb      2376                            0.03068200        43
    1616        0.00070623      a_ia      1616                            0.00141247         2
   46203        0.00069947        om      2376      2377                  0.03007722        43
   46099       -0.00069366        om      2272      2273                 -0.03676392        53
    2272       -0.00067148    a_iajb      2272                           -0.03558822        53
   46098       -0.00064929        op      2272      2273                 -0.03441252        53
   46140       -0.00059449        op      2314      2315                 -0.07550074       127
   46212        0.00058484        op      2386      2387                  0.02982671        51
    2386        0.00058482    a_iajb      2386                            0.02982575        51

  ==> Add operator: mvp2 -1: 2376 2377
  ==> Current qubit order: 2  3  4  5  6  7  8  9  10  11  14  15  16  17  18  19  23  26  27  28  29  30  31  34  35  36  37  13  42  53  22  48  59  25  58  49  43  40  24  12  20  50  51  45  21  41  46  38  56  60  61  64  65  54  55  52  0  62  1  95  63  39  57  73  94  72  44  66  68  69  70  47  71  76  77  67  74  75  78  79  80  89  81  82  88  91  90  32  86  87  33  83  84  85  92  93  


  ==> Energy                -270.492055487
  ==> dE                       -2.26e-04
  ==> Gradient Norm             2.28e+00
  ==> Abs. Max. Deriv.          7.55e-02
  ==> Time-Grad. (s)              55.724
  ==> Time-Energy (s)             25.165
  ==> Time-Iter. (s)              80.890

--------------------------------------------------------------------------------
CEO-ADAPT-VQE iteration: 128
--------------------------------------------------------------------------------
    gate        derivative      name       op1       op2       op3        g_unscaled   penalty
      93        0.00163368      a_ia        93                            0.00326737         2
      30       -0.00158321      a_ia        30                           -0.00316643         2
    1616        0.00070829      a_ia      1616                            0.00141658         2
   46099       -0.00066731        om      2272      2273                 -0.03670226        55
    2272       -0.00064612    a_iajb      2272                           -0.03553639        55
   46098       -0.00062492        op      2272      2273                 -0.03437052        55
   46140       -0.00059382        op      2314      2315                 -0.07541485       127
    2314       -0.00057494    a_iajb      2314                           -0.07301796       127
   46109        0.00056412        om      2282      2283                  0.03441104        61
   46107       -0.00055738        om      2280      2281                 -0.04403295        79

  ==> Add operator: a_ia 1616
  ==> Current qubit order: 2  3  4  5  6  7  8  9  10  11  14  15  16  17  18  19  23  26  27  28  29  30  31  34  35  36  37  13  42  53  22  48  59  25  58  49  43  40  24  12  20  50  51  45  21  41  46  38  56  60  61  64  65  54  55  52  0  62  1  95  63  39  57  73  94  72  44  66  68  69  70  47  71  76  77  67  74  75  78  79  80  89  81  82  88  91  90  32  86  87  33  83  84  85  92  93  


  ==> Energy                -270.492056025
  ==> dE                       -5.39e-07
  ==> Gradient Norm             2.28e+00
  ==> Abs. Max. Deriv.          7.54e-02
  ==> Time-Grad. (s)              55.251
  ==> Time-Energy (s)             14.154
  ==> Time-Iter. (s)              69.405

--------------------------------------------------------------------------------
CEO-ADAPT-VQE iteration: 129
--------------------------------------------------------------------------------
    gate        derivative      name       op1       op2       op3        g_unscaled   penalty
      93        0.00163235      a_ia        93                            0.00326470         2
      30       -0.00158035      a_ia        30                           -0.00316070         2
   46099       -0.00066731        om      2272      2273                 -0.03670227        55
    2272       -0.00064612    a_iajb      2272                           -0.03553642        55
   46098       -0.00062492        op      2272      2273                 -0.03437057        55
   46140       -0.00059382        op      2314      2315                 -0.07541482       127
    2314       -0.00057494    a_iajb      2314                           -0.07301793       127
   46109        0.00056412        om      2282      2283                  0.03441118        61
   46107       -0.00055738        om      2280      2281                 -0.04403273        79
   46141       -0.00055607        om      2314      2315                 -0.07062104       127

  ==> Add operator: mvp2 -1: 2272 2273
  ==> Current qubit order: 2  3  4  5  6  7  8  9  10  11  14  15  16  17  18  19  23  26  27  28  29  30  31  34  35  36  37  13  42  53  22  48  59  25  58  49  43  40  24  12  20  50  51  45  21  41  46  38  56  60  61  64  65  54  55  52  0  1  63  62  95  39  57  73  94  72  44  66  68  69  70  47  71  76  77  67  74  75  78  79  80  89  81  82  88  91  90  32  86  87  33  83  84  85  92  93  


  ==> Energy                -270.492366654
  ==> dE                       -3.11e-04
  ==> Gradient Norm             2.28e+00
  ==> Abs. Max. Deriv.          7.54e-02
  ==> Time-Grad. (s)              55.419
  ==> Time-Energy (s)             27.840
  ==> Time-Iter. (s)              83.258

--------------------------------------------------------------------------------
CEO-ADAPT-VQE iteration: 130
--------------------------------------------------------------------------------
    gate        derivative      name       op1       op2       op3        g_unscaled   penalty
      25       -0.00089765      a_ia        25                           -0.00179530         2
      93        0.00064094      a_ia        93                            0.00384564         6
   46140       -0.00060195        op      2314      2315                 -0.07524348       125
    2314       -0.00058289    a_iajb      2314                           -0.07286173       125
   46109        0.00058203        om      2282      2283                  0.03433955        59
    2282        0.00057011    a_iajb      2282                            0.03363642        59
   46141       -0.00056384        om      2314      2315                 -0.07047997       125
   46108        0.00055819        op      2282      2283                  0.03293329        59
   46107       -0.00054532        om      2280      2281                 -0.04417058        81
    1290        0.00054147      a_ia      1290                            0.00108294         2

  ==> Add operator: a_ia 25
  ==> Current qubit order: 2  3  4  5  6  7  8  9  10  11  14  15  16  17  18  19  23  26  27  28  29  30  31  34  35  36  37  13  42  53  22  48  59  25  58  49  43  40  24  12  20  50  51  45  21  41  46  38  56  60  61  64  65  54  55  52  0  1  63  62  95  39  57  73  94  72  44  66  68  69  70  47  71  76  77  67  74  75  78  79  80  89  81  82  88  91  90  32  86  87  33  83  84  85  92  93  


  ==> Energy                -270.492367188
  ==> dE                       -5.34e-07
  ==> Gradient Norm             2.27e+00
  ==> Abs. Max. Deriv.          7.52e-02
  ==> Time-Grad. (s)              54.596
  ==> Time-Energy (s)             14.574
  ==> Time-Iter. (s)              69.170

--------------------------------------------------------------------------------
CEO-ADAPT-VQE iteration: 131
--------------------------------------------------------------------------------
    gate        derivative      name       op1       op2       op3        g_unscaled   penalty
      93        0.00062661      a_ia        93                            0.00375966         6
   46140       -0.00060225        op      2314      2315                 -0.07528131       125
    2314       -0.00058318    a_iajb      2314                           -0.07289783       125
   46109        0.00058173        om      2282      2283                  0.03432232        59
    2282        0.00056981    a_iajb      2282                            0.03361862        59
   46141       -0.00056411        om      2314      2315                 -0.07051436       125
   46108        0.00055788        op      2282      2283                  0.03291491        59
   46107       -0.00054506        om      2280      2281                 -0.04414980        81
    1290        0.00053382      a_ia      1290                            0.00106763         2
    2280       -0.00053303    a_iajb      2280                           -0.04317575        81

  ==> Add operator: mvp2 -1: 2314 2315
  ==> Current qubit order: 2  3  4  5  6  7  8  9  10  11  14  15  16  17  18  19  23  26  27  28  29  30  31  34  35  36  37  13  42  22  48  59  25  58  49  43  40  24  12  20  50  51  45  21  41  46  38  56  60  61  64  53  0  1  94  65  54  55  52  63  62  95  39  57  73  72  44  66  68  69  70  47  71  76  77  67  74  75  78  79  80  89  81  82  88  91  90  32  86  87  33  83  84  85  92  93  


  ==> Energy                -270.493193802
  ==> dE                       -8.27e-04
  ==> Gradient Norm             2.27e+00
  ==> Abs. Max. Deriv.          7.53e-02
  ==> Time-Grad. (s)              54.551
  ==> Time-Energy (s)             26.882
  ==> Time-Iter. (s)              81.433

--------------------------------------------------------------------------------
CEO-ADAPT-VQE iteration: 132
--------------------------------------------------------------------------------
    gate        derivative      name       op1       op2       op3        g_unscaled   penalty
      46        0.00068870      a_ia        46                            0.00275478         4
   46223       -0.00063545        om      2396      2397                 -0.02605364        41
   46212        0.00063236        op      2386      2387                  0.03098543        49
    2386        0.00063081    a_iajb      2386                            0.03090958        49
   46213        0.00062926        om      2386      2387                  0.03083373        49
    2396       -0.00062882    a_iajb      2396                           -0.02578174        41
   46222       -0.00062219        op      2396      2397                 -0.02550984        41
   46122       -0.00058844        op      2296      2297                 -0.03589479        61
    2296       -0.00058695    a_iajb      2296                           -0.03580365        61
   46123       -0.00058545        om      2296      2297                 -0.03571250        61

  ==> Add operator: a_ia 46
  ==> Current qubit order: 2  3  4  5  6  7  8  9  10  11  14  15  16  17  18  19  23  26  27  28  29  30  31  34  35  36  37  13  42  22  48  59  25  58  49  43  40  24  12  20  50  51  45  21  41  46  38  56  60  61  64  53  1  0  94  65  54  55  52  63  62  95  39  57  73  72  44  66  68  69  70  47  71  76  77  67  74  75  78  79  80  89  81  82  88  91  90  32  86  87  33  83  84  85  92  93  


  ==> Energy                -270.493194399
  ==> dE                       -5.96e-07
  ==> Gradient Norm             2.26e+00
  ==> Abs. Max. Deriv.          7.26e-02
  ==> Time-Grad. (s)              54.788
  ==> Time-Energy (s)             15.897
  ==> Time-Iter. (s)              70.685

--------------------------------------------------------------------------------
CEO-ADAPT-VQE iteration: 133
--------------------------------------------------------------------------------
    gate        derivative      name       op1       op2       op3        g_unscaled   penalty
      72       -0.00071417      a_ia        72                           -0.00142834         2
   46122       -0.00067749        op      2296      2297                 -0.03590692        53
    2296       -0.00067576    a_iajb      2296                           -0.03581530        53
   46123       -0.00067403        om      2296      2297                 -0.03572368        53
   46223       -0.00063524        om      2396      2397                 -0.02604483        41
   46212        0.00063223        op      2386      2387                  0.03097940        49
    2386        0.00063071    a_iajb      2386                            0.03090471        49
   46213        0.00062918        om      2386      2387                  0.03083003        49
    2396       -0.00062860    a_iajb      2396                           -0.02577250        41
   46222       -0.00062196        op      2396      2397                 -0.02550016        41

  ==> Tried operator a_ia 72: gain -3.34e-07 (threshold 4.8e-07), removed and excluded for this stage
  ==> Add operator: mvp2 -1: 2296 2297
  ==> Current qubit order: 2  3  4  5  6  7  8  9  10  11  14  15  16  17  18  19  23  26  27  28  29  30  31  34  35  36  37  13  42  22  48  59  25  58  49  43  40  24  12  20  50  51  45  21  41  46  38  56  60  61  64  53  1  0  62  94  65  54  55  52  63  95  39  57  73  72  44  66  68  69  70  47  71  76  77  67  74  75  78  79  80  89  81  82  88  91  90  32  86  87  33  83  84  85  92  93  


  ==> Energy                -270.493285708
  ==> dE                       -9.13e-05
  ==> Gradient Norm             2.26e+00
  ==> Abs. Max. Deriv.          7.26e-02
  ==> Time-Grad. (s)              54.301
  ==> Time-Energy (s)             43.590
  ==> Time-Iter. (s)              97.891

--------------------------------------------------------------------------------
CEO-ADAPT-VQE iteration: 134
--------------------------------------------------------------------------------
    gate        derivative      name       op1       op2       op3        g_unscaled   penalty
      30       -0.00160836      a_ia        30                           -0.00321673         2
      72       -0.00066040      a_ia        72                           -0.00132080         2
   46212        0.00058330        op      2386      2387                  0.03091512        53
    2386        0.00058187    a_iajb      2386                            0.03083924        53
   46213        0.00058044        om      2386      2387                  0.03076336        53
   46223       -0.00057844        om      2396      2397                 -0.02602992        45
    2396       -0.00057239    a_iajb      2396                           -0.02575769        45
   46222       -0.00056634        op      2396      2397                 -0.02548546        45
    1290        0.00053740      a_ia      1290                            0.00107479         2
   46130       -0.00051866        op      2304      2305                 -0.04408588        85

  ==> Add operator: mvp2 -1: 2386 2387
  ==> Current qubit order: 2  3  4  5  6  7  8  9  10  11  14  15  16  17  18  19  23  26  27  28  29  30  31  34  35  36  37  13  42  22  48  59  25  58  49  43  40  24  12  20  50  51  45  21  41  46  38  56  60  61  64  53  62  1  0  94  63  65  54  55  52  95  39  57  73  72  44  66  68  69  70  47  71  76  77  67  74  75  78  79  80  89  81  82  88  91  90  32  86  87  33  83  84  85  92  93  


  ==> Energy                -270.493334265
  ==> dE                       -4.86e-05
  ==> Gradient Norm             2.26e+00
  ==> Abs. Max. Deriv.          7.26e-02
  ==> Time-Grad. (s)              54.466
  ==> Time-Energy (s)             26.284
  ==> Time-Iter. (s)              80.750

--------------------------------------------------------------------------------
CEO-ADAPT-VQE iteration: 135
--------------------------------------------------------------------------------
    gate        derivative      name       op1       op2       op3        g_unscaled   penalty
      30       -0.00078690      a_ia        30                           -0.00314760         4
   46223       -0.00060674        om      2396      2397                 -0.02608983        43
    2396       -0.00060013    a_iajb      2396                           -0.02580563        43
   46222       -0.00059352        op      2396      2397                 -0.02552144        43
    1290        0.00053695      a_ia      1290                            0.00107391         2
   46130       -0.00051855        op      2304      2305                 -0.04407667        85
    2304       -0.00050840    a_iajb      2304                           -0.04321435        85
   46109        0.00050749        om      2282      2283                  0.03400172        67
   46107       -0.00050422        om      2280      2281                 -0.04386734        87
   46131       -0.00049826        om      2304      2305                 -0.04235202        85

  ==> Add operator: mvp2 -1: 2396 2397
  ==> Current qubit order: 2  3  4  5  6  7  8  9  10  11  14  15  16  17  18  19  23  26  27  28  29  30  31  34  35  36  37  13  42  22  48  59  25  58  49  43  40  24  12  20  50  51  45  21  41  46  38  56  60  61  64  53  62  1  0  94  65  63  54  55  52  95  39  57  73  72  44  66  68  69  70  47  71  76  77  67  74  75  78  79  80  89  81  82  88  91  90  32  86  87  33  83  84  85  92  93  


  ==> Energy                -270.493415015
  ==> dE                       -8.07e-05
  ==> Gradient Norm             2.26e+00
  ==> Abs. Max. Deriv.          7.26e-02
  ==> Time-Grad. (s)              54.712
  ==> Time-Energy (s)             25.659
  ==> Time-Iter. (s)              80.371

--------------------------------------------------------------------------------
CEO-ADAPT-VQE iteration: 136
--------------------------------------------------------------------------------
    gate        derivative      name       op1       op2       op3        g_unscaled   penalty
      30       -0.00079409      a_ia        30                           -0.00317636         4
    1290        0.00053671      a_ia      1290                            0.00107342         2
   46214        0.00052401        op      2388      2389                  0.02462857        47
    2388        0.00052216    a_iajb      2388                            0.02454144        47
   46215        0.00052030        om      2388      2389                  0.02445430        47
   46130       -0.00051838        op      2304      2305                 -0.04406192        85
    2304       -0.00050824    a_iajb      2304                           -0.04320051        85
   46109        0.00050718        om      2282      2283                  0.03398128        67
   46107       -0.00050416        om      2280      2281                 -0.04386179        87
   46131       -0.00049811        om      2304      2305                 -0.04233911        85

  ==> Tried operator a_ia 1290: gain -1.68e-07 (threshold 5.6e-07), removed and excluded for this stage
  ==> Add operator: mvp2 -1: 2388 2389
  ==> Current qubit order: 2  3  4  5  6  7  8  9  10  11  14  15  16  17  18  19  23  26  27  28  29  30  31  34  35  36  37  13  42  22  48  59  25  58  49  43  40  24  12  20  50  51  45  21  41  46  38  56  60  61  53  62  64  1  0  65  94  63  54  55  52  95  39  57  73  72  44  66  68  69  70  47  71  76  77  67  74  75  78  79  80  89  81  82  88  91  90  32  86  87  33  83  84  85  92  93  


  ==> Energy                -270.493486768
  ==> dE                       -7.18e-05
  ==> Gradient Norm             2.26e+00
  ==> Abs. Max. Deriv.          7.26e-02
  ==> Time-Grad. (s)              54.763
  ==> Time-Energy (s)             49.110
  ==> Time-Iter. (s)             103.873

--------------------------------------------------------------------------------
CEO-ADAPT-VQE iteration: 137
--------------------------------------------------------------------------------
    gate        derivative      name       op1       op2       op3        g_unscaled   penalty
    1290        0.00053650      a_ia      1290                            0.00107300         2
      30       -0.00053500      a_ia        30                           -0.00321002         6
   46109        0.00050773        om      2282      2283                  0.03401791        67
   46107       -0.00050386        om      2280      2281                 -0.04383608        87
    2282        0.00049743    a_iajb      2282                            0.03332809        67
    2280       -0.00049279    a_iajb      2280                           -0.04287286        87
   46218       -0.00049101        op      2392      2393                 -0.02602377        53
    2392       -0.00048972    a_iajb      2392                           -0.02595498        53
   46219       -0.00048842        om      2392      2393                 -0.02588618        53
   46108        0.00048714        op      2282      2283                  0.03263827        67

  ==> Add operator: a_ia 30
  ==> Current qubit order: 2  3  4  5  6  7  8  9  10  11  14  15  16  17  18  19  23  26  27  28  29  30  31  34  35  36  37  13  42  22  48  59  25  58  49  43  40  24  12  20  50  51  45  21  41  46  38  56  60  61  53  64  1  62  0  65  94  63  54  55  52  95  39  57  73  72  44  66  68  69  70  47  71  76  77  67  74  75  78  79  80  89  81  82  88  91  90  32  86  87  33  83  84  85  92  93  


  ==> Energy                -270.493488176
  ==> dE                       -1.41e-06
  ==> Gradient Norm             2.26e+00
  ==> Abs. Max. Deriv.          7.26e-02
  ==> Time-Grad. (s)              55.339
  ==> Time-Energy (s)             15.916
  ==> Time-Iter. (s)              71.256

--------------------------------------------------------------------------------
CEO-ADAPT-VQE iteration: 138
--------------------------------------------------------------------------------
    gate        derivative      name       op1       op2       op3        g_unscaled   penalty
    1290        0.00054148      a_ia      1290                            0.00108295         2
   46130       -0.00051802        op      2304      2305                 -0.04403193        85
    2304       -0.00050786    a_iajb      2304                           -0.04316811        85
   46131       -0.00049770        om      2304      2305                 -0.04230429        85
   46109        0.00049298        om      2282      2283                  0.03401540        69
   46107       -0.00049249        om      2280      2281                 -0.04383164        89
    2282        0.00048298    a_iajb      2282                            0.03332557        69
   46132        0.00048175        op      2306      2307                  0.03420435        71
    2280       -0.00048167    a_iajb      2280                           -0.04286845        89
    2306        0.00047315    a_iajb      2306                            0.03359345        71

  ==> Add operator: mvp2 -1: 2304 2305
  ==> Current qubit order: 2  3  4  5  6  7  8  9  10  11  14  15  16  17  18  19  23  26  27  28  29  30  31  34  35  36  37  13  42  22  48  59  25  58  49  43  40  24  12  20  50  51  45  21  41  46  38  56  60  61  64  62  65  94  53  1  0  70  63  54  55  52  95  39  57  73  72  44  66  68  69  47  71  76  77  67  74  75  78  79  80  89  81  82  88  91  90  32  86  87  33  83  84  85  92  93  


  ==> Energy                -270.493826399
  ==> dE                       -3.38e-04
  ==> Gradient Norm             2.26e+00
  ==> Abs. Max. Deriv.          7.26e-02
  ==> Time-Grad. (s)              55.254
  ==> Time-Energy (s)            126.776
  ==> Time-Iter. (s)             182.030

--------------------------------------------------------------------------------
CEO-ADAPT-VQE iteration: 139
--------------------------------------------------------------------------------
    gate        derivative      name       op1       op2       op3        g_unscaled   penalty
   46107       -0.00056787        om      2280      2281                 -0.04372629        77
    2280       -0.00055453    a_iajb      2280                           -0.04269845        77
    1290        0.00055357      a_ia      1290                            0.00110715         2
   46109        0.00054132        om      2282      2283                  0.03410326        63
   46106       -0.00054118        op      2280      2281                 -0.04167060        77
    2282        0.00052961    a_iajb      2282                            0.03336553        63
   46108        0.00051790        op      2282      2283                  0.03262781        63
   46132        0.00049405        op      2306      2307                  0.03507760        71
   46245        0.00048527        om      2418      2419                  0.03930667        81
    2306        0.00048408    a_iajb      2306                            0.03436956        71

  ==> Add operator: mvp2 -1: 2280 2281
  ==> Current qubit order: 2  3  4  5  6  7  8  9  10  11  14  15  16  17  18  19  23  26  27  28  29  30  31  34  35  36  37  13  42  22  48  59  25  58  49  43  40  24  12  20  50  51  45  21  41  46  38  56  60  61  64  62  65  94  53  70  63  54  55  1  0  52  71  95  39  57  73  72  44  66  68  69  47  76  77  67  74  75  78  79  80  89  81  82  88  91  90  32  86  87  33  83  84  85  92  93  


  ==> Energy                -270.494110019
  ==> dE                       -2.84e-04
  ==> Gradient Norm             2.26e+00
  ==> Abs. Max. Deriv.          7.25e-02
  ==> Time-Grad. (s)              55.093
  ==> Time-Energy (s)             27.686
  ==> Time-Iter. (s)              82.779

--------------------------------------------------------------------------------
CEO-ADAPT-VQE iteration: 140
--------------------------------------------------------------------------------
    gate        derivative      name       op1       op2       op3        g_unscaled   penalty
   46244        0.00080969        op      2418      2419                  0.03967464        49
    2418        0.00080948    a_iajb      2418                            0.03966448        49
   46245        0.00080927        om      2418      2419                  0.03965433        49
   46109        0.00060999        om      2282      2283                  0.03476940        57
    2282        0.00059744    a_iajb      2282                            0.03405395        57
   46108        0.00058489        op      2282      2283                  0.03333849        57
   46132        0.00057347        op      2306      2307                  0.03498146        61
    2306        0.00056197    a_iajb      2306                            0.03428004        61
    1290        0.00055245      a_ia      1290                            0.00110489         2
   46133        0.00055047        om      2306      2307                  0.03357861        61

  ==> Add operator: op -1: 2418 2419
  ==> Current qubit order: 2  3  4  5  6  7  8  9  10  11  14  15  16  17  18  19  23  26  27  28  29  30  31  34  35  36  37  13  42  22  48  59  25  58  49  43  40  24  12  20  50  51  45  21  41  46  38  56  60  61  64  62  65  94  53  63  54  55  70  1  0  71  52  95  39  57  73  72  44  66  68  69  47  76  77  67  74  75  78  79  80  89  81  82  88  91  90  32  86  87  33  83  84  85  92  93  


  ==> Energy                -270.494202398
  ==> dE                       -9.24e-05
  ==> Gradient Norm             2.26e+00
  ==> Abs. Max. Deriv.          7.25e-02
  ==> Time-Grad. (s)              56.875
  ==> Time-Energy (s)             16.030
  ==> Time-Iter. (s)              72.905

--------------------------------------------------------------------------------
CEO-ADAPT-VQE iteration: 141
--------------------------------------------------------------------------------
    gate        derivative      name       op1       op2       op3        g_unscaled   penalty
   46109        0.00063123        om      2282      2283                  0.03471748        55
    2282        0.00061822    a_iajb      2282                            0.03400210        55
   46108        0.00060521        op      2282      2283                  0.03328673        55
   46132        0.00057262        op      2306      2307                  0.03492970        61
    2306        0.00056112    a_iajb      2306                            0.03422821        61
    1290        0.00055298      a_ia      1290                            0.00110597         2
   46133        0.00054962        om      2306      2307                  0.03352672        61
   46253        0.00052896        om      2426      2427                  0.02380304        45
    2426        0.00052884    a_iajb      2426                            0.02379771        45
   46252        0.00052872        op      2426      2427                  0.02379239        45

  ==> Add operator: mvp2 -1: 2282 2283
  ==> Current qubit order: 2  3  4  5  6  7  8  9  10  11  14  15  16  17  18  19  23  26  27  28  29  30  31  34  35  36  37  13  42  22  48  59  25  58  49  43  40  24  12  20  50  51  45  21  41  46  38  56  60  61  64  62  65  94  53  63  54  55  70  71  95  1  0  52  73  39  57  72  44  66  68  69  47  76  77  67  74  75  78  79  80  89  81  82  88  91  90  32  86  87  33  83  84  85  92  93  


  ==> Energy                -270.494362295
  ==> dE                       -1.60e-04
  ==> Gradient Norm             2.26e+00
  ==> Abs. Max. Deriv.          7.25e-02
  ==> Time-Grad. (s)              56.967
  ==> Time-Energy (s)             27.315
  ==> Time-Iter. (s)              84.282

--------------------------------------------------------------------------------
CEO-ADAPT-VQE iteration: 142
--------------------------------------------------------------------------------
    gate        derivative      name       op1       op2       op3        g_unscaled   penalty
   46132        0.00056862        op      2306      2307                  0.03468593        61
    2306        0.00055721    a_iajb      2306                            0.03398980        61
    1290        0.00055585      a_ia      1290                            0.00111171         2
   46133        0.00054580        om      2306      2307                  0.03329366        61
    1488       -0.00051490      a_ia      1488                           -0.00102980         2
   46262        0.00049261        op      2436      2437                  0.02610858        53
    2436        0.00048965    a_iajb      2436                            0.02595126        53
   46263        0.00048668        om      2436      2437                  0.02579395        53
      93        0.00046652      a_ia        93                            0.00093305         2
   46253        0.00046623        om      2426      2427                  0.02377797        51

  ==> Add operator: mvp2 -1: 2306 2307
  ==> Current qubit order: 2  3  4  5  6  7  8  9  10  11  14  15  16  17  18  19  23  26  27  28  29  30  31  34  35  36  37  13  42  22  48  59  25  58  49  43  40  24  12  20  50  51  45  21  41  46  38  56  60  61  64  62  65  94  63  54  55  70  71  95  53  1  0  72  52  73  39  57  44  66  68  69  47  76  77  67  74  75  78  79  80  89  81  82  88  91  90  32  86  87  33  83  84  85  92  93  


  ==> Energy                -270.494511004
  ==> dE                       -1.49e-04
  ==> Gradient Norm             2.26e+00
  ==> Abs. Max. Deriv.          7.25e-02
  ==> Time-Grad. (s)              57.865
  ==> Time-Energy (s)             27.736
  ==> Time-Iter. (s)              85.601

--------------------------------------------------------------------------------
CEO-ADAPT-VQE iteration: 143
--------------------------------------------------------------------------------
    gate        derivative      name       op1       op2       op3        g_unscaled   penalty
   46263        0.00061668        om      2436      2437                  0.02651704        43
    2436        0.00061667    a_iajb      2436                            0.02651699        43
   46262        0.00061667        op      2436      2437                  0.02651695        43
    1290        0.00055526      a_ia      1290                            0.00111051         2
    1488       -0.00051309      a_ia      1488                           -0.00102619         2
   46253        0.00046480        om      2426      2427                  0.02370491        51
    2426        0.00046476    a_iajb      2426                            0.02370290        51
   46252        0.00046472        op      2426      2427                  0.02370089        51
    1292        0.00044887      a_ia      1292                            0.00089773         2
      72       -0.00044862      a_ia        72                           -0.00089724         2

  ==> Add operator: om -1: 2436 2437
  ==> Current qubit order: 2  3  4  5  6  7  8  9  10  11  14  15  16  17  18  19  23  26  27  28  29  30  31  34  35  36  37  13  42  22  48  59  25  58  49  43  40  24  12  20  50  51  45  21  41  46  38  56  60  61  64  62  65  94  63  54  55  70  71  95  53  1  0  72  73  52  39  57  44  66  68  69  47  76  77  67  74  75  78  79  80  89  81  82  88  91  90  32  86  87  33  83  84  85  92  93  


  ==> Energy                -270.494551332
  ==> dE                       -4.03e-05
  ==> Gradient Norm             2.25e+00
  ==> Abs. Max. Deriv.          7.25e-02
  ==> Time-Grad. (s)              57.675
  ==> Time-Energy (s)             17.843
  ==> Time-Iter. (s)              75.518

--------------------------------------------------------------------------------
CEO-ADAPT-VQE iteration: 144
--------------------------------------------------------------------------------
    gate        derivative      name       op1       op2       op3        g_unscaled   penalty
    1290        0.00055554      a_ia      1290                            0.00111108         2
   46253        0.00046465        om      2426      2427                  0.02369698        51
    2426        0.00046461    a_iajb      2426                            0.02369495        51
   46252        0.00046457        op      2426      2427                  0.02369292        51
    1292        0.00044904      a_ia      1292                            0.00089808         2
    1012       -0.00044389      a_ia      1012                           -0.00355116         8
  101132        0.00043854        op     45831     45832                  0.01885723        43
  101133        0.00043854        om     45831     45832                  0.01885723        43
   46254       -0.00043460        op      2428      2429                 -0.01955720        45
    2428       -0.00043457    a_iajb      2428                           -0.01955562        45

  ==> Add operator: om -1: 2426 2427
  ==> Current qubit order: 2  3  4  5  6  7  8  9  10  11  14  15  16  17  18  19  23  26  27  28  29  30  31  34  35  36  37  13  42  22  48  59  25  58  49  43  40  24  12  20  50  51  45  21  41  46  38  56  60  61  64  62  65  94  63  54  55  71  70  95  1  0  53  72  73  52  39  57  44  66  68  69  47  76  77  67  74  75  78  79  80  89  81  82  88  91  90  32  86  87  33  83  84  85  92  93  


  ==> Energy                -270.494577885
  ==> dE                       -2.66e-05
  ==> Gradient Norm             2.25e+00
  ==> Abs. Max. Deriv.          7.25e-02
  ==> Time-Grad. (s)              58.943
  ==> Time-Energy (s)             15.523
  ==> Time-Iter. (s)              74.466

--------------------------------------------------------------------------------
CEO-ADAPT-VQE iteration: 145
--------------------------------------------------------------------------------
    gate        derivative      name       op1       op2       op3        g_unscaled   penalty
    1290        0.00055531      a_ia      1290                            0.00111062         2
      93        0.00049503      a_ia        93                            0.00099006         2
    1292        0.00044853      a_ia      1292                            0.00089707         2
   49052        0.00044490        op      4845      4846                  0.07162911       161
    1012       -0.00044417      a_ia      1012                           -0.00355336         8
  101132        0.00043854        op     45831     45832                  0.01885723        43
  101133        0.00043854        om     45831     45832                  0.01885723        43
   47101        0.00043626        om      3172      3173                  0.07198217       165
    4845        0.00043538    a_iajb      4845                            0.07009566       161
   46261        0.00043106        om      2434      2435                  0.02370803        55

  ==> Tried operator a_ia 93: gain -7.87e-08 (threshold 7.6e-07), removed and excluded for this stage
  ==> Tried operator a_ia 1292: gain -9.93e-08 (threshold 7.6e-07), removed and excluded for this stage
  ==> Add operator: mvp2 -1: 4845 4846
  ==> Current qubit order: 2  3  4  5  6  7  8  9  10  11  14  15  16  17  18  19  23  26  27  28  29  30  31  34  35  36  37  13  42  22  48  59  25  58  49  43  40  24  12  50  51  45  21  41  46  38  56  60  61  64  62  65  94  63  54  55  71  70  0  53  20  95  1  84  72  73  52  39  57  44  66  68  69  47  76  77  67  74  75  78  79  80  89  81  82  88  91  90  32  86  87  33  83  85  92  93  


  ==> Energy                -270.495367434
  ==> dE                       -7.90e-04
  ==> Gradient Norm             2.25e+00
  ==> Abs. Max. Deriv.          7.25e-02
  ==> Time-Grad. (s)              58.127
  ==> Time-Energy (s)             58.938
  ==> Time-Iter. (s)             117.065

--------------------------------------------------------------------------------
CEO-ADAPT-VQE iteration: 146
--------------------------------------------------------------------------------
    gate        derivative      name       op1       op2       op3        g_unscaled   penalty
   49010       -0.00129708        op      4803      4804                 -0.05836870        45
    4803       -0.00127827    a_iajb      4803                           -0.05752194        45
   49011       -0.00125945        om      4803      4804                 -0.05667517        45
      93        0.00098680      a_ia        93                            0.00197359         2
    1290        0.00055292      a_ia      1290                            0.00110584         2
   77969        0.00050381        om     28460     28461                  0.07305309       145
   28460        0.00049363    a_iajb     28460                            0.07157608       145
   77968        0.00048344        op     28460     28461                  0.07009907       145
    1012       -0.00044641      a_ia      1012                           -0.00357125         8
   49046        0.00044406        op      4839      4840                  0.05284369       119

  ==> Add operator: mvp2 -1: 4803 4804
  ==> Current qubit order: 2  3  4  5  6  7  8  9  10  11  14  15  16  17  18  19  23  26  27  28  29  30  31  34  35  36  37  13  42  22  48  59  25  58  49  43  40  24  12  50  51  45  21  41  46  38  56  60  61  64  62  65  94  63  54  55  71  70  0  53  20  1  84  95  72  73  52  39  57  44  66  68  69  47  76  77  67  74  75  78  79  80  89  81  82  88  91  90  32  86  87  33  83  85  92  93  


  ==> Energy                -270.495692530
  ==> dE                       -3.25e-04
  ==> Gradient Norm             2.25e+00
  ==> Abs. Max. Deriv.          7.31e-02
  ==> Time-Grad. (s)              58.906
  ==> Time-Energy (s)             29.166
  ==> Time-Iter. (s)              88.073

--------------------------------------------------------------------------------
CEO-ADAPT-VQE iteration: 147
--------------------------------------------------------------------------------
    gate        derivative      name       op1       op2       op3        g_unscaled   penalty
    1290        0.00055416      a_ia      1290                            0.00110831         2
      93        0.00053037      a_ia        93                            0.00212147         4
   49046        0.00051625        op      4839      4840                  0.05214158       101
    4839        0.00050781    a_iajb      4839                            0.05128832       101
   49047        0.00049936        om      4839      4840                  0.05043506       101
   77969        0.00049871        om     28460     28461                  0.07330975       147
   28460        0.00048357    a_iajb     28460                            0.07108423       147
   50120       -0.00047203        op      5733      5734                 -0.05145134       109
   77968        0.00046843        op     28460     28461                  0.06885871       147
    5733       -0.00046195    a_iajb      5733                           -0.05035274       109

  ==> Add operator: mvp2 -1: 4839 4840
  ==> Current qubit order: 2  3  4  5  6  7  8  9  10  11  14  15  16  17  18  19  23  26  27  28  29  30  31  34  35  36  37  13  42  22  48  59  25  58  49  43  40  24  12  50  51  45  21  41  46  38  56  60  61  64  62  65  94  63  54  55  71  70  0  53  84  72  73  52  39  20  1  95  82  57  44  66  68  69  47  76  77  67  74  75  78  79  80  89  81  88  91  90  32  86  87  33  83  85  92  93  


  ==> Energy                -270.496039039
  ==> dE                       -3.47e-04
  ==> Gradient Norm             2.24e+00
  ==> Abs. Max. Deriv.          7.33e-02
  ==> Time-Grad. (s)              58.236
  ==> Time-Energy (s)             28.610
  ==> Time-Iter. (s)              86.846

--------------------------------------------------------------------------------
CEO-ADAPT-VQE iteration: 148
--------------------------------------------------------------------------------
    gate        derivative      name       op1       op2       op3        g_unscaled   penalty
      93        0.00125088      a_ia        93                            0.00250175         2
   49008       -0.00070738        op      4801      4802                 -0.04315037        61
    4801       -0.00069732    a_iajb      4801                           -0.04253638        61
     880        0.00069634      a_ia       880                            0.00417803         6
   49009       -0.00068725        om      4801      4802                 -0.04192239        61
    1290        0.00055041      a_ia      1290                            0.00110081         2
   77969        0.00049134        om     28460     28461                  0.07320916       149
   28460        0.00047643    a_iajb     28460                            0.07098792       149
   77968        0.00046152        op     28460     28461                  0.06876669       149
    1012       -0.00044819      a_ia      1012                           -0.00358554         8

  ==> Add operator: mvp2 -1: 4801 4802
  ==> Current qubit order: 2  3  4  5  6  7  8  9  10  11  14  15  16  17  18  19  23  26  27  28  29  30  31  34  35  36  37  13  42  22  48  59  25  58  49  43  40  24  12  50  51  45  21  41  46  38  56  60  61  64  62  65  94  63  54  55  71  70  0  84  72  73  53  20  1  82  52  39  95  57  44  66  68  69  47  76  77  67  74  75  78  79  80  89  81  88  91  90  32  86  87  33  83  85  92  93  


  ==> Energy                -270.496219388
  ==> dE                       -1.80e-04
  ==> Gradient Norm             2.24e+00
  ==> Abs. Max. Deriv.          7.32e-02
  ==> Time-Grad. (s)              59.188
  ==> Time-Energy (s)             28.151
  ==> Time-Iter. (s)              87.339

--------------------------------------------------------------------------------
CEO-ADAPT-VQE iteration: 149
--------------------------------------------------------------------------------
    gate        derivative      name       op1       op2       op3        g_unscaled   penalty
     880        0.00103897      a_ia       880                            0.00415588         4
    1290        0.00054975      a_ia      1290                            0.00109949         2
   77969        0.00049749        om     28460     28461                  0.07313125       147
     881        0.00048484      a_ia       881                            0.00387875         8
   28460        0.00048241    a_iajb     28460                            0.07091369       147
   77968        0.00046732        op     28460     28461                  0.06869612       147
    1012       -0.00044905      a_ia      1012                           -0.00359238         8
  101132        0.00043855        op     45831     45832                  0.01885750        43
  101133        0.00043855        om     45831     45832                  0.01885750        43
    1292        0.00043054      a_ia      1292                            0.00086108         2

  ==> Add operator: a_ia 880
  ==> Current qubit order: 2  3  4  5  6  7  8  9  10  11  14  15  16  17  18  19  23  26  27  28  29  30  31  34  35  36  37  13  42  22  48  59  25  58  49  43  40  24  12  50  51  45  21  41  46  38  56  60  61  64  62  65  94  63  54  55  71  70  0  84  72  73  53  1  20  82  52  39  95  57  44  66  68  69  47  76  77  67  74  75  78  79  80  89  81  88  91  90  32  86  87  33  83  85  92  93  


  ==> Energy                -270.496222038
  ==> dE                       -2.65e-06
  ==> Gradient Norm             2.24e+00
  ==> Abs. Max. Deriv.          7.31e-02
  ==> Time-Grad. (s)              58.776
  ==> Time-Energy (s)             16.009
  ==> Time-Iter. (s)              74.785

--------------------------------------------------------------------------------
CEO-ADAPT-VQE iteration: 150
--------------------------------------------------------------------------------
    gate        derivative      name       op1       op2       op3        g_unscaled   penalty
    1290        0.00053423      a_ia      1290                            0.00106846         2
   77969        0.00049124        om     28460     28461                  0.07319475       149
   28460        0.00047636    a_iajb     28460                            0.07097722       149
   77968        0.00046147        op     28460     28461                  0.06875969       149
    1012       -0.00045699      a_ia      1012                           -0.00365596         8
  101132        0.00043855        op     45831     45832                  0.01885749        43
  101133        0.00043855        om     45831     45832                  0.01885749        43
   47101        0.00041983        om      3172      3173                  0.07179023       171
      41       -0.00041322      a_ia        41                           -0.00082644         2
    3172        0.00040738    a_iajb      3172                            0.06966283       171

  ==> Add operator: mvp2 -1: 28460 28461
  ==> Current qubit order: 2  3  4  5  6  7  8  9  10  11  14  15  16  17  18  19  23  26  27  28  29  30  31  34  35  36  37  13  42  22  48  59  25  58  49  43  40  24  12  50  51  45  41  46  38  56  60  61  64  62  65  94  63  54  55  71  70  0  72  73  53  1  21  84  20  85  82  52  39  95  57  44  66  68  69  47  76  77  67  74  75  78  79  80  89  81  88  91  90  32  86  87  33  83  92  93  


  ==> Energy                -270.497528237
  ==> dE                       -1.31e-03
  ==> Gradient Norm             2.24e+00
  ==> Abs. Max. Deriv.          7.32e-02
  ==> Time-Grad. (s)              58.685
  ==> Time-Energy (s)             29.177
  ==> Time-Iter. (s)              87.862

--------------------------------------------------------------------------------
CEO-ADAPT-VQE iteration: 151
--------------------------------------------------------------------------------
    gate        derivative      name       op1       op2       op3        g_unscaled   penalty
     881        0.00206924      a_ia       881                            0.00413848         2
   77965        0.00101661        om     28456     28457                  0.04371411        43
   28456        0.00100689    a_iajb     28456                            0.04329639        43
   77964        0.00099718        op     28456     28457                  0.04287866        43
     918        0.00082199      a_ia       918                            0.00493193         6
   46287        0.00067295        om      2460      2461                  0.03566640        53
    2460        0.00067210    a_iajb      2460                            0.03562140        53
   46286        0.00067125        op      2460      2461                  0.03557640        53
    1290        0.00053143      a_ia      1290                            0.00106286         2
   79487       -0.00052285        om     29558     29559                 -0.02248272        43

  ==> Add operator: a_ia 881
  ==> Current qubit order: 2  3  4  5  6  7  8  9  10  11  14  15  16  17  18  19  23  26  27  28  29  30  31  34  35  36  37  13  42  22  48  59  25  58  49  43  40  24  12  50  51  45  41  46  38  56  60  61  64  62  65  94  63  54  55  71  70  0  72  73  53  1  21  84  20  85  82  52  39  95  57  44  66  68  69  47  76  77  67  74  75  78  79  80  89  81  88  91  90  32  86  87  33  83  92  93  


  ==> Energy                -270.497530867
  ==> dE                       -2.63e-06
  ==> Gradient Norm             2.23e+00
  ==> Abs. Max. Deriv.          5.24e-02
  ==> Time-Grad. (s)              56.825
  ==> Time-Energy (s)             18.076
  ==> Time-Iter. (s)              74.901

--------------------------------------------------------------------------------
CEO-ADAPT-VQE iteration: 152
--------------------------------------------------------------------------------
    gate        derivative      name       op1       op2       op3        g_unscaled   penalty
   77965        0.00101795        om     28456     28457                  0.04377199        43
   28456        0.00100831    a_iajb     28456                            0.04335720        43
   77964        0.00099866        op     28456     28457                  0.04294241        43
     918        0.00079142      a_ia       918                            0.00474850         6
   46287        0.00067235        om      2460      2461                  0.03563480        53
    2460        0.00067151    a_iajb      2460                            0.03559006        53
   46286        0.00067067        op      2460      2461                  0.03554532        53
   79487       -0.00052357        om     29558     29559                 -0.02251339        43
    1290        0.00051283      a_ia      1290                            0.00102566         2
   29558       -0.00050943    a_iajb     29558                           -0.02190529        43

  ==> Add operator: mvp2 -1: 28456 28457
  ==> Current qubit order: 2  3  4  5  6  7  8  9  10  11  14  15  16  17  18  19  23  26  27  28  29  30  31  34  35  36  37  13  42  22  48  59  25  58  49  43  40  24  12  50  51  45  41  46  38  56  60  61  64  62  65  94  63  54  55  71  70  0  72  73  53  1  84  21  20  85  82  52  39  95  57  44  66  68  69  47  76  77  67  74  75  78  79  80  89  81  88  91  90  32  86  87  33  83  92  93  


  ==> Energy                -270.498259275
  ==> dE                       -7.28e-04
  ==> Gradient Norm             2.23e+00
  ==> Abs. Max. Deriv.          5.24e-02
  ==> Time-Grad. (s)              56.693
  ==> Time-Energy (s)            405.155
  ==> Time-Iter. (s)             461.848

--------------------------------------------------------------------------------
CEO-ADAPT-VQE iteration: 153
--------------------------------------------------------------------------------
    gate        derivative      name       op1       op2       op3        g_unscaled   penalty
     918        0.00074326      a_ia       918                            0.00297304         4
   46286        0.00070398        op      2460      2461                  0.03590282        51
    2460        0.00070342    a_iajb      2460                            0.03587465        51
   46287        0.00070287        om      2460      2461                  0.03584647        51
   79487       -0.00052534        om     29558     29559                 -0.02258970        43
      35        0.00051187      a_ia        35                            0.00102374         2
   29558       -0.00051093    a_iajb     29558                           -0.02197013        43
   79486       -0.00049652        op     29558     29559                 -0.02135056        43
   49002       -0.00048719        op      4795      4796                 -0.02289792        47
   48157       -0.00048519        om      4054      4055                 -0.05191533       107

  ==> Add operator: a_ia 918
  ==> Current qubit order: 2  3  4  5  6  7  8  9  10  11  14  15  16  17  18  19  23  26  27  28  29  30  31  34  35  36  37  13  42  22  48  59  25  58  49  43  40  24  12  50  51  45  41  46  38  56  60  61  64  62  65  94  63  54  55  71  70  0  72  73  53  1  84  20  21  85  82  52  39  95  57  44  66  68  69  47  76  77  67  74  75  78  79  80  89  81  88  91  90  32  86  87  33  83  92  93  


  ==> Energy                -270.498260591
  ==> dE                       -1.32e-06
  ==> Gradient Norm             2.22e+00
  ==> Abs. Max. Deriv.          5.24e-02
  ==> Time-Grad. (s)              57.040
  ==> Time-Energy (s)             16.268
  ==> Time-Iter. (s)              73.308

--------------------------------------------------------------------------------
CEO-ADAPT-VQE iteration: 154
--------------------------------------------------------------------------------
    gate        derivative      name       op1       op2       op3        g_unscaled   penalty
   46286        0.00070354        op      2460      2461                  0.03588034        51
    2460        0.00070299    a_iajb      2460                            0.03585244        51
   46287        0.00070244        om      2460      2461                  0.03582453        51
      35        0.00052343      a_ia        35                            0.00104685         2
   79487       -0.00050167        om     29558     29559                 -0.02257518        45
   29558       -0.00048792    a_iajb     29558                           -0.02195627        45
   48157       -0.00048483        om      4054      4055                 -0.05187686       107
   79486       -0.00047416        op     29558     29559                 -0.02133735        45
    4054       -0.00046723    a_iajb      4054                           -0.04999364       107
   49002       -0.00046704        op      4795      4796                 -0.02288500        49

  ==> Add operator: op -1: 2460 2461
  ==> Current qubit order: 2  3  4  5  6  7  8  9  10  11  14  15  16  17  18  19  23  26  27  28  29  30  31  34  35  36  37  13  42  22  48  59  25  58  49  43  40  24  12  50  51  45  41  46  38  56  60  61  64  62  65  94  63  54  55  71  70  72  73  53  0  1  84  85  20  21  82  52  39  95  57  44  66  68  69  47  76  77  67  74  75  78  79  80  89  81  88  91  90  32  86  87  33  83  92  93  


  ==> Energy                -270.498326770
  ==> dE                       -6.62e-05
  ==> Gradient Norm             2.22e+00
  ==> Abs. Max. Deriv.          5.24e-02
  ==> Time-Grad. (s)              57.100
  ==> Time-Energy (s)             17.534
  ==> Time-Iter. (s)              74.634

--------------------------------------------------------------------------------
CEO-ADAPT-VQE iteration: 155
--------------------------------------------------------------------------------
    gate        derivative      name       op1       op2       op3        g_unscaled   penalty
   79491       -0.00054494        om     29562     29563                 -0.02561210        47
   29562       -0.00052581    a_iajb     29562                           -0.02471293        47
     895        0.00052291      a_ia       895                            0.00313746         6
   79490       -0.00050668        op     29562     29563                 -0.02381376        47
   79647       -0.00049009        om     29700     29701                 -0.05047972       103
   48157       -0.00047747        om      4054      4055                 -0.05204460       109
   29700       -0.00047181    a_iajb     29700                           -0.04859693       103
   47096        0.00046781        op      3168      3169                  0.02666516        57
    3168        0.00046610    a_iajb      3168                            0.02656742        57
   46283        0.00046446        om      2456      2457                  0.02275865        49

  ==> Add operator: mvp2 -1: 29562 29563
  ==> Current qubit order: 2  3  4  5  6  7  8  9  10  11  14  15  16  17  18  19  23  26  27  28  29  30  31  34  35  36  37  13  42  22  48  59  25  58  49  43  40  24  12  50  51  45  41  46  38  56  60  61  64  62  65  94  63  54  55  71  70  72  73  53  0  1  84  85  20  39  21  82  52  95  57  44  66  68  69  47  76  77  67  74  75  78  79  80  89  81  88  91  90  32  86  87  33  83  92  93  


  ==> Energy                -270.498542642
  ==> dE                       -2.16e-04
  ==> Gradient Norm             2.22e+00
  ==> Abs. Max. Deriv.          5.24e-02
  ==> Time-Grad. (s)              57.140
  ==> Time-Energy (s)             27.313
  ==> Time-Iter. (s)              84.453

--------------------------------------------------------------------------------
CEO-ADAPT-VQE iteration: 156
--------------------------------------------------------------------------------
    gate        derivative      name       op1       op2       op3        g_unscaled   penalty
     895        0.00104596      a_ia       895                            0.00209192         2
     904        0.00053524      a_ia       904                            0.00428193         8
   79647       -0.00049378        om     29700     29701                 -0.05085972       103
   48157       -0.00047968        om      4054      4055                 -0.05228483       109
   29700       -0.00047648    a_iajb     29700                           -0.04907708       103
    4054       -0.00046237    a_iajb      4054                           -0.05039862       109
   79646       -0.00045917        op     29700     29701                 -0.04729443       103
   47096        0.00045196        op      3168      3169                  0.02666583        59
    3168        0.00045064    a_iajb      3168                            0.02658761        59
   47097        0.00044931        om      3168      3169                  0.02650940        59

  ==> Add operator: a_ia 895
  ==> Current qubit order: 2  3  4  5  6  7  8  9  10  11  14  15  16  17  18  19  23  26  27  28  29  30  31  34  35  36  37  13  42  22  48  59  25  58  49  43  40  24  12  50  51  45  41  46  38  56  60  61  64  62  65  94  63  54  55  71  70  72  73  53  0  1  84  85  20  39  21  82  52  95  57  44  66  68  69  47  76  77  67  74  75  78  79  80  89  81  88  91  90  32  86  87  33  83  92  93  


  ==> Energy                -270.498653161
  ==> dE                       -1.11e-04
  ==> Gradient Norm             2.22e+00
  ==> Abs. Max. Deriv.          5.25e-02
  ==> Time-Grad. (s)              57.482
  ==> Time-Energy (s)             16.395
  ==> Time-Iter. (s)              73.878

--------------------------------------------------------------------------------
CEO-ADAPT-VQE iteration: 157
--------------------------------------------------------------------------------
    gate        derivative      name       op1       op2       op3        g_unscaled   penalty
     904        0.00050852      a_ia       904                            0.00406815         8
   79647       -0.00049476        om     29700     29701                 -0.05096009       103
   48157       -0.00048014        om      4054      4055                 -0.05233569       109
   29700       -0.00047742    a_iajb     29700                           -0.04917418       103
    4054       -0.00046280    a_iajb      4054                           -0.05044555       109
   79646       -0.00046008        op     29700     29701                 -0.04738826       103
   47096        0.00045204        op      3168      3169                  0.02667039        59
    1012       -0.00045174      a_ia      1012                           -0.00361389         8
    3168        0.00045055    a_iajb      3168                            0.02658228        59
   47097        0.00044905        om      3168      3169                  0.02649417        59

  ==> Add operator: a_ia 904
  ==> Current qubit order: 2  3  4  5  6  7  8  9  10  11  14  15  16  17  18  19  23  26  27  28  29  30  31  34  35  36  37  13  42  22  48  59  25  58  49  43  40  24  12  50  51  45  41  46  38  56  60  61  64  62  65  94  63  54  55  71  70  72  73  53  0  1  84  85  20  39  82  52  95  21  57  44  66  68  69  47  76  77  67  74  75  78  79  80  89  81  88  91  90  32  86  87  33  83  92  93  


  ==> Energy                -270.498657873
  ==> dE                       -4.71e-06
  ==> Gradient Norm             2.22e+00
  ==> Abs. Max. Deriv.          5.26e-02
  ==> Time-Grad. (s)              57.914
  ==> Time-Energy (s)             17.361
  ==> Time-Iter. (s)              75.274

--------------------------------------------------------------------------------
CEO-ADAPT-VQE iteration: 158
--------------------------------------------------------------------------------
    gate        derivative      name       op1       op2       op3        g_unscaled   penalty
   79647       -0.00049476        om     29700     29701                 -0.05095994       103
   48157       -0.00048014        om      4054      4055                 -0.05233561       109
   29700       -0.00047742    a_iajb     29700                           -0.04917405       103
   46283        0.00046648        om      2456      2457                  0.02285771        49
    2456        0.00046563    a_iajb      2456                            0.02281598        49
   46282        0.00046478        op      2456      2457                  0.02277425        49
    4054       -0.00046280    a_iajb      4054                           -0.05044549       109
   79646       -0.00046008        op     29700     29701                 -0.04738815       103
   48123        0.00045644        om      4020      4021                  0.04610027       101
   50120       -0.00044934        op      5733      5734                 -0.05167437       115

  ==> Add operator: mvp2 -1: 29700 29701
  ==> Current qubit order: 2  3  4  5  6  7  8  9  10  11  14  15  16  17  18  19  23  26  27  28  29  30  31  34  35  36  37  13  42  22  48  59  25  58  49  43  40  24  12  50  51  45  46  38  56  60  61  64  62  65  94  63  54  55  71  70  72  41  84  85  20  73  53  0  1  39  82  52  95  21  57  44  66  68  69  47  76  77  67  74  75  78  79  80  89  81  88  91  90  32  86  87  33  83  92  93  


  ==> Energy                -270.499529629
  ==> dE                       -8.72e-04
  ==> Gradient Norm             2.22e+00
  ==> Abs. Max. Deriv.          5.26e-02
  ==> Time-Grad. (s)              57.909
  ==> Time-Energy (s)             29.359
  ==> Time-Iter. (s)              87.269

--------------------------------------------------------------------------------
CEO-ADAPT-VQE iteration: 159
--------------------------------------------------------------------------------
    gate        derivative      name       op1       op2       op3        g_unscaled   penalty
   49010       -0.00058856        op      4803      4804                 -0.02883967        49
    4803       -0.00057547    a_iajb      4803                           -0.02819781        49
   49011       -0.00056237        om      4803      4804                 -0.02755595        49
   79643       -0.00054934        om     29696     29697                 -0.03790441        69
   29696       -0.00054348    a_iajb     29696                           -0.03749986        69
   49052        0.00054263        op      4845      4846                  0.03310060        61
   79642       -0.00053761        op     29696     29697                 -0.03709531        69
    4845        0.00053542    a_iajb      4845                            0.03266048        61
   49053        0.00052820        om      4845      4846                  0.03222035        61
    1012       -0.00045252      a_ia      1012                           -0.00362016         8

  ==> Add operator: mvp2 -1: 4803 4804
  ==> Current qubit order: 2  3  4  5  6  7  8  9  10  11  14  15  16  17  18  19  23  26  27  28  29  30  31  34  35  36  37  13  42  22  48  59  25  58  49  43  40  24  12  50  51  45  46  38  56  60  61  64  62  65  94  63  54  55  71  70  72  41  85  84  20  53  1  73  0  39  82  52  95  21  57  44  66  68  69  47  76  77  67  74  75  78  79  80  89  81  88  91  90  32  86  87  33  83  92  93  


  ==> Energy                -270.499620689
  ==> dE                       -9.11e-05
  ==> Gradient Norm             2.21e+00
  ==> Abs. Max. Deriv.          5.28e-02
  ==> Time-Grad. (s)              58.950
  ==> Time-Energy (s)             31.096
  ==> Time-Iter. (s)              90.045

--------------------------------------------------------------------------------
CEO-ADAPT-VQE iteration: 160
--------------------------------------------------------------------------------
    gate        derivative      name       op1       op2       op3        g_unscaled   penalty
     881        0.00076395      a_ia       881                            0.00152790         2
    1548       -0.00065548      a_ia      1548                           -0.00131097         2
   49052        0.00059920        op      4845      4846                  0.03295588        55
    4845        0.00059588    a_iajb      4845                            0.03277331        55
   49053        0.00059256        om      4845      4846                  0.03259075        55
   79643       -0.00053481        om     29696     29697                 -0.03797152        71
   29696       -0.00052885    a_iajb     29696                           -0.03754825        71
   79642       -0.00052289        op     29696     29697                 -0.03712498        71
    1012       -0.00045131      a_ia      1012                           -0.00361047         8
  101132        0.00043869        op     45831     45832                  0.01886347        43

  ==> Tried operator a_ia 1548: gain -2.96e-07 (threshold 1.3e-06), removed and excluded for this stage
  ==> Add operator: mvp2 -1: 4845 4846
  ==> Current qubit order: 2  3  4  5  6  7  8  9  10  11  14  15  16  17  18  19  23  26  27  28  29  30  31  34  35  36  37  13  42  22  48  59  25  58  49  43  40  24  12  50  51  45  46  38  56  60  61  64  62  65  94  63  54  55  71  70  72  41  85  53  84  20  1  95  73  0  39  82  52  21  57  44  66  68  69  47  76  77  67  74  75  78  79  80  89  81  88  91  90  32  86  87  33  83  92  93  


  ==> Energy                -270.499678769
  ==> dE                       -5.81e-05
  ==> Gradient Norm             2.21e+00
  ==> Abs. Max. Deriv.          5.28e-02
  ==> Time-Grad. (s)              58.801
  ==> Time-Energy (s)             44.105
  ==> Time-Iter. (s)             102.906

--------------------------------------------------------------------------------
CEO-ADAPT-VQE iteration: 161
--------------------------------------------------------------------------------
    gate        derivative      name       op1       op2       op3        g_unscaled   penalty
      93       -0.00103234      a_ia        93                           -0.00206469         2
     881        0.00076199      a_ia       881                            0.00152397         2
    1548       -0.00065472      a_ia      1548                           -0.00130945         2
   79643       -0.00050671        om     29696     29697                 -0.03800360        75
   29696       -0.00050094    a_iajb     29696                           -0.03757058        75
   79642       -0.00049517        op     29696     29697                 -0.03713757        75
   47096        0.00048032        op      3168      3169                  0.02641741        55
    3168        0.00047882    a_iajb      3168                            0.02633512        55
   47097        0.00047732        om      3168      3169                  0.02625283        55
    1012       -0.00045192      a_ia      1012                           -0.00361537         8

  ==> Add operator: mvp2 -1: 29696 29697
  ==> Current qubit order: 2  3  4  5  6  7  8  9  10  11  14  15  16  17  18  19  23  26  27  28  29  30  31  34  35  36  37  13  42  22  48  59  25  58  49  43  40  24  12  50  51  45  46  38  56  60  61  64  62  65  94  63  54  55  71  70  72  53  84  1  41  85  20  82  95  73  0  39  52  21  57  44  66  68  69  47  76  77  67  74  75  78  79  80  89  81  88  91  90  32  86  87  33  83  92  93  


  ==> Energy                -270.499837352
  ==> dE                       -1.59e-04
  ==> Gradient Norm             2.21e+00
  ==> Abs. Max. Deriv.          5.28e-02
  ==> Time-Grad. (s)              58.969
  ==> Time-Energy (s)             30.169
  ==> Time-Iter. (s)              89.138

--------------------------------------------------------------------------------
CEO-ADAPT-VQE iteration: 162
--------------------------------------------------------------------------------
    gate        derivative      name       op1       op2       op3        g_unscaled   penalty
    1548       -0.00048381      a_ia      1548                           -0.00096762         2
    1012       -0.00045289      a_ia      1012                           -0.00362311         8
  101132        0.00043868        op     45831     45832                  0.01886341        43
  101133        0.00043868        om     45831     45832                  0.01886341        43
   50120       -0.00043612        op      5733      5734                 -0.05189799       119
   49027        0.00043556        om      4819      4820                  0.02482686        57
    4819        0.00043176    a_iajb      4819                            0.02461056        57
   49026        0.00042797        op      4819      4820                  0.02439426        57
    1290        0.00042715      a_ia      1290                            0.00085430         2
    5733       -0.00042128    a_iajb      5733                           -0.05013260       119

  ==> Add operator: a_ia 1012
  ==> Current qubit order: 2  3  4  5  6  7  8  9  10  11  14  15  16  17  18  19  23  26  27  28  29  30  31  34  35  36  37  13  42  22  48  59  25  49  43  40  58  24  12  50  51  45  46  38  56  60  61  64  62  65  94  63  54  55  71  70  72  53  84  1  41  85  20  82  95  73  0  39  52  21  57  44  66  68  69  47  76  77  67  74  75  78  79  80  89  81  88  91  90  32  86  87  33  83  92  93  


  ==> Energy                -270.499841082
  ==> dE                       -3.73e-06
  ==> Gradient Norm             2.21e+00
  ==> Abs. Max. Deriv.          5.29e-02
  ==> Time-Grad. (s)              58.630
  ==> Time-Energy (s)             18.977
  ==> Time-Iter. (s)              77.607

--------------------------------------------------------------------------------
CEO-ADAPT-VQE iteration: 163
--------------------------------------------------------------------------------
    gate        derivative      name       op1       op2       op3        g_unscaled   penalty
    1548       -0.00055402      a_ia      1548                           -0.00110804         2
    1508        0.00054576      a_ia      1508                            0.00109153         2
     556       -0.00047668      a_ia       556                           -0.00190672         4
    1290        0.00045310      a_ia      1290                            0.00090621         2
  101132        0.00043868        op     45831     45832                  0.01886342        43
  101133        0.00043868        om     45831     45832                  0.01886342        43
   49027        0.00043560        om      4819      4820                  0.02482892        57
    4819        0.00043180    a_iajb      4819                            0.02461261        57
   50120       -0.00042890        op      5733      5734                 -0.05189666       121
   49026        0.00042801        op      4819      4820                  0.02439629        57

  ==> Tried operator a_ia 1508: gain -4.67e-07 (threshold 1.0e-06), removed and excluded for this stage
  ==> Tried operator a_ia 556: gain -8.32e-07 (threshold 1.0e-06), removed and excluded for this stage
  ==> Add operator: op -1: 45831 45832
  ==> Current qubit order: 2  3  4  5  6  7  8  9  10  11  14  15  16  17  18  19  23  26  27  28  29  30  31  34  35  36  37  13  42  22  48  59  25  49  43  40  58  24  12  50  51  45  46  38  56  60  61  64  62  65  94  63  54  55  71  70  72  53  84  1  41  85  20  82  95  73  0  39  52  21  57  66  68  69  44  47  74  75  76  77  67  78  79  80  89  81  88  91  90  32  86  87  33  83  92  93  


  ==> Energy                -270.499881350
  ==> dE                       -4.03e-05
  ==> Gradient Norm             2.21e+00
  ==> Abs. Max. Deriv.          5.29e-02
  ==> Time-Grad. (s)              58.876
  ==> Time-Energy (s)             51.517
  ==> Time-Iter. (s)             110.394

--------------------------------------------------------------------------------
CEO-ADAPT-VQE iteration: 164
--------------------------------------------------------------------------------
    gate        derivative      name       op1       op2       op3        g_unscaled   penalty
    1620       -0.00123220      a_ia      1620                           -0.00492879         4
    1693       -0.00094490      a_ia      1693                           -0.00377962         4
    1548       -0.00055383      a_ia      1548                           -0.00110765         2
    1508        0.00054566      a_ia      1508                            0.00109131         2
     556       -0.00047675      a_ia       556                           -0.00190699         4
    1290        0.00045318      a_ia      1290                            0.00090637         2
   49027        0.00043559        om      4819      4820                  0.02482890        57
    4819        0.00043180    a_iajb      4819                            0.02461259        57
   50120       -0.00042890        op      5733      5734                 -0.05189668       121
   49026        0.00042800        op      4819      4820                  0.02439628        57

  ==> Add operator: a_ia 1620
  ==> Current qubit order: 2  3  4  5  6  7  8  9  10  11  14  15  16  17  18  19  23  26  27  28  29  30  31  34  35  36  37  13  42  22  48  59  25  49  43  40  58  24  12  50  51  45  46  38  56  60  61  64  62  65  94  63  54  55  71  70  72  53  84  1  41  85  20  82  95  73  0  39  52  21  57  66  68  69  47  44  74  75  76  77  67  78  79  80  89  81  88  91  90  32  86  87  33  83  92  93  


  ==> Energy                -270.499887151
  ==> dE                       -5.80e-06
  ==> Gradient Norm             2.21e+00
  ==> Abs. Max. Deriv.          5.29e-02
  ==> Time-Grad. (s)              58.692
  ==> Time-Energy (s)             17.016
  ==> Time-Iter. (s)              75.708

--------------------------------------------------------------------------------
CEO-ADAPT-VQE iteration: 165
--------------------------------------------------------------------------------
    gate        derivative      name       op1       op2       op3        g_unscaled   penalty
    1693       -0.00061419      a_ia      1693                           -0.00368515         6
    1548       -0.00054563      a_ia      1548                           -0.00109126         2
    1508        0.00053747      a_ia      1508                            0.00107494         2
     556       -0.00048537      a_ia       556                           -0.00194149         4
    1290        0.00046237      a_ia      1290                            0.00092474         2
   49027        0.00043559        om      4819      4820                  0.02482850        57
    1047        0.00043254      a_ia      1047                            0.00086507         2
    4819        0.00043179    a_iajb      4819                            0.02461219        57
   50120       -0.00042890        op      5733      5734                 -0.05189677       121
   49026        0.00042800        op      4819      4820                  0.02439588        57

  ==> Add operator: a_ia 1693
  ==> Current qubit order: 2  3  4  5  6  7  8  9  10  11  14  15  16  17  18  19  23  26  27  28  29  30  31  34  35  36  37  13  42  22  48  59  25  49  43  40  58  24  12  50  51  45  46  38  56  60  61  64  62  65  94  63  54  55  71  70  72  53  84  1  41  85  20  82  95  73  0  39  52  21  57  66  68  69  44  74  47  75  76  77  67  78  79  80  89  81  88  91  90  32  86  87  33  83  92  93  


  ==> Energy                -270.499890502
  ==> dE                       -3.35e-06
  ==> Gradient Norm             2.21e+00
  ==> Abs. Max. Deriv.          5.29e-02
  ==> Time-Grad. (s)              59.021
  ==> Time-Energy (s)             17.001
  ==> Time-Iter. (s)              76.022

--------------------------------------------------------------------------------
CEO-ADAPT-VQE iteration: 166
--------------------------------------------------------------------------------
    gate        derivative      name       op1       op2       op3        g_unscaled   penalty
    1548       -0.00055044      a_ia      1548                           -0.00110088         2
    1508        0.00053782      a_ia      1508                            0.00107565         2
     556       -0.00049235      a_ia       556                           -0.00196940         4
    1290        0.00046930      a_ia      1290                            0.00093860         2
    1047        0.00044102      a_ia      1047                            0.00088204         2
   49027        0.00043558        om      4819      4820                  0.02482803        57
    4819        0.00043178    a_iajb      4819                            0.02461172        57
   50120       -0.00042890        op      5733      5734                 -0.05189669       121
   49026        0.00042799        op      4819      4820                  0.02439542        57
   47096        0.00041930        op      3168      3169                  0.02641581        63

  ==> Tried operator a_ia 1047: gain -2.39e-07 (threshold 7.9e-07), removed and excluded for this stage
  ==> Add operator: mvp2 -1: 4819 4820
  ==> Current qubit order: 2  3  4  5  6  7  8  9  10  11  14  15  16  17  18  19  23  26  27  28  29  30  31  34  35  36  37  13  42  22  48  59  25  49  43  40  58  24  12  50  51  45  46  38  56  60  61  64  62  65  94  54  55  71  70  72  53  63  84  1  20  41  85  82  95  73  0  39  52  21  57  66  68  69  44  74  47  75  76  77  67  78  79  80  89  81  88  91  90  32  86  87  33  83  92  93  


  ==> Energy                -270.499940803
  ==> dE                       -5.03e-05
  ==> Gradient Norm             2.21e+00
  ==> Abs. Max. Deriv.          5.29e-02
  ==> Time-Grad. (s)              59.515
  ==> Time-Energy (s)             51.900
  ==> Time-Iter. (s)             111.415

--------------------------------------------------------------------------------
CEO-ADAPT-VQE iteration: 167
--------------------------------------------------------------------------------
    gate        derivative      name       op1       op2       op3        g_unscaled   penalty
    1548       -0.00054896      a_ia      1548                           -0.00109791         2
    1508        0.00053829      a_ia      1508                            0.00107658         2
     556       -0.00049218      a_ia       556                           -0.00196873         4
    1290        0.00046921      a_ia      1290                            0.00093842         2
    1047        0.00044080      a_ia      1047                            0.00088160         2
   50120       -0.00042981        op      5733      5734                 -0.05200723       121
   47096        0.00041893        op      3168      3169                  0.02639260        63
    3168        0.00041781    a_iajb      3168                            0.02632212        63
   47097        0.00041669        om      3168      3169                  0.02625165        63
    5733       -0.00041525    a_iajb      5733                           -0.05024538       121

  ==> Add operator: mvp2 -1: 5733 5734
  ==> Current qubit order: 2  3  4  5  6  7  8  9  10  11  14  15  16  17  18  19  23  26  27  28  29  30  31  34  35  36  37  13  42  22  48  59  25  49  43  58  24  12  50  51  45  46  38  56  60  61  64  62  65  94  54  55  40  84  1  95  71  70  72  53  63  20  41  85  82  73  0  39  52  21  57  66  68  69  44  74  47  75  76  77  67  78  79  80  89  81  88  91  90  32  86  87  33  83  92  93  


  ==> Energy                -270.500711458
  ==> dE                       -7.71e-04
  ==> Gradient Norm             2.21e+00
  ==> Abs. Max. Deriv.          5.29e-02
  ==> Time-Grad. (s)              59.718
  ==> Time-Energy (s)             34.231
  ==> Time-Iter. (s)              93.949

--------------------------------------------------------------------------------
CEO-ADAPT-VQE iteration: 168
--------------------------------------------------------------------------------
    gate        derivative      name       op1       op2       op3        g_unscaled   penalty
    1521       -0.00085258      a_ia      1521                           -0.00170515         2
   50092        0.00066094        op      5705      5706                  0.04296094        65
   50114       -0.00065917        op      5727      5728                 -0.03889088        59
    5705        0.00064764    a_iajb      5705                            0.04209690        65
    5727       -0.00064045    a_iajb      5727                           -0.03778679        59
   50093        0.00063435        om      5705      5706                  0.04123287        65
   50115       -0.00062174        om      5727      5728                 -0.03668271        59
    1548       -0.00052580      a_ia      1548                           -0.00105160         2
   50090        0.00051072        op      5703      5704                  0.03421806        67
     556       -0.00048704      a_ia       556                           -0.00194816         4

  ==> Add operator: a_ia 1521
  ==> Current qubit order: 2  3  4  5  6  7  8  9  10  11  14  15  16  17  18  19  23  26  27  28  29  30  31  34  35  36  37  13  42  22  48  59  25  49  43  58  24  12  50  51  45  46  38  56  60  61  64  62  65  94  54  55  40  84  1  95  71  70  72  53  63  20  41  85  82  73  0  39  52  21  57  66  68  69  44  74  47  75  76  77  67  78  79  80  89  81  88  91  90  32  86  87  33  83  92  93  


  ==> Energy                -270.501159773
  ==> dE                       -4.48e-04
  ==> Gradient Norm             2.20e+00
  ==> Abs. Max. Deriv.          5.28e-02
  ==> Time-Grad. (s)              60.026
  ==> Time-Energy (s)            476.135
  ==> Time-Iter. (s)             536.161

--------------------------------------------------------------------------------
CEO-ADAPT-VQE iteration: 169
--------------------------------------------------------------------------------
    gate        derivative      name       op1       op2       op3        g_unscaled   penalty
   50114       -0.00066504        op      5727      5728                 -0.03923761        59
   50092        0.00064886        op      5705      5706                  0.04217582        65
    5705        0.00064410    a_iajb      5705                            0.04186672        65
    5727       -0.00064072    a_iajb      5727                           -0.03780270        59
   50093        0.00063935        om      5705      5706                  0.04155762        65
   50115       -0.00061640        om      5727      5728                 -0.03636779        59
     556       -0.00059252      a_ia       556                           -0.00237009         4
   50090        0.00051374        op      5703      5704                  0.03442091        67
    1290        0.00049101      a_ia      1290                            0.00098203         2
    5703        0.00047984    a_iajb      5703                            0.03214957        67

  ==> Add operator: mvp2 -1: 5727 5728
  ==> Current qubit order: 2  3  4  5  6  7  8  9  10  11  14  15  16  17  18  19  23  26  27  28  29  30  31  34  35  36  37  13  42  22  48  59  25  49  43  58  24  12  50  51  45  46  38  56  60  61  64  62  65  94  54  55  84  40  1  95  82  71  70  72  53  63  20  41  85  73  0  39  52  21  57  66  68  69  44  74  47  75  76  77  67  78  79  80  89  81  88  91  90  32  86  87  33  83  92  93  


  ==> Energy                -270.501675924
  ==> dE                       -5.16e-04
  ==> Gradient Norm             2.20e+00
  ==> Abs. Max. Deriv.          5.27e-02
  ==> Time-Grad. (s)              60.327
  ==> Time-Energy (s)             35.055
  ==> Time-Iter. (s)              95.382

--------------------------------------------------------------------------------
CEO-ADAPT-VQE iteration: 170
--------------------------------------------------------------------------------
    gate        derivative      name       op1       op2       op3        g_unscaled   penalty
    1521       -0.00086976      a_ia      1521                           -0.00173953         2
    1520       -0.00071108      a_ia      1520                           -0.00426645         6
   50092        0.00059578        op      5705      5706                  0.04230046        71
    5705        0.00058849    a_iajb      5705                            0.04178253        71
     556       -0.00058561      a_ia       556                           -0.00234243         4
   50093        0.00058119        om      5705      5706                  0.04126459        71
   50090        0.00057043        op      5703      5704                  0.03137351        55
    5703        0.00056356    a_iajb      5703                            0.03099601        55
   50091        0.00055670        om      5703      5704                  0.03061851        55
    1290        0.00048787      a_ia      1290                            0.00097574         2

  ==> Add operator: a_ia 1520
  ==> Current qubit order: 2  3  4  5  6  7  8  9  10  11  14  15  16  17  18  19  23  26  27  28  29  30  31  34  35  36  37  13  42  22  48  59  25  49  43  58  24  12  50  51  45  46  38  56  60  61  64  62  65  94  54  55  84  1  95  40  82  71  70  72  53  63  20  41  85  73  0  39  52  21  57  66  68  69  44  74  47  75  76  77  67  78  79  80  89  81  88  91  90  32  86  87  33  83  92  93  


  ==> Energy                -270.501679154
  ==> dE                       -3.23e-06
  ==> Gradient Norm             2.19e+00
  ==> Abs. Max. Deriv.          5.27e-02
  ==> Time-Grad. (s)              60.919
  ==> Time-Energy (s)             16.339
  ==> Time-Iter. (s)              77.259

--------------------------------------------------------------------------------
CEO-ADAPT-VQE iteration: 171
--------------------------------------------------------------------------------
    gate        derivative      name       op1       op2       op3        g_unscaled   penalty
   50090        0.00064057        op      5703      5704                  0.03138792        49
    5703        0.00063268    a_iajb      5703                            0.03100144        49
   50091        0.00062480        om      5703      5704                  0.03061496        49
   50092        0.00061456        op      5705      5706                  0.04240431        69
    5705        0.00060694    a_iajb      5705                            0.04187868        69
   50093        0.00059932        om      5705      5706                  0.04135305        69
     556       -0.00057137      a_ia       556                           -0.00228548         4
    1290        0.00047506      a_ia      1290                            0.00095013         2
   46305        0.00044903        om      2478      2479                  0.03816724        85
    2478        0.00044690    a_iajb      2478                            0.03798685        85

  ==> Add operator: mvp2 -1: 5703 5704
  ==> Current qubit order: 2  3  4  5  6  7  8  9  10  11  14  15  16  17  18  19  23  26  27  28  29  30  31  34  35  36  37  13  42  22  48  59  25  49  43  58  24  12  50  51  45  46  38  56  60  61  64  62  65  94  54  55  84  95  1  40  82  53  71  70  72  63  20  41  85  73  0  39  52  21  57  66  68  69  44  74  47  75  76  77  67  78  79  80  89  81  88  91  90  32  86  87  33  83  92  93  


  ==> Energy                -270.501773726
  ==> dE                       -9.46e-05
  ==> Gradient Norm             2.19e+00
  ==> Abs. Max. Deriv.          5.27e-02
  ==> Time-Grad. (s)              61.389
  ==> Time-Energy (s)             36.830
  ==> Time-Iter. (s)              98.218

--------------------------------------------------------------------------------
CEO-ADAPT-VQE iteration: 172
--------------------------------------------------------------------------------
    gate        derivative      name       op1       op2       op3        g_unscaled   penalty
   50092        0.00070782        op      5705      5706                  0.04317704        61
    5705        0.00069978    a_iajb      5705                            0.04268675        61
   50093        0.00069175        om      5705      5706                  0.04219647        61
     556       -0.00057444      a_ia       556                           -0.00229778         4
    1823        0.00049137      a_ia      1823                            0.00098274         2
     875       -0.00048718      a_ia       875                           -0.00194870         4
    1290        0.00047819      a_ia      1290                            0.00095639         2
   46305        0.00044874        om      2478      2479                  0.03814327        85
    2478        0.00044647    a_iajb      2478                            0.03794964        85
   46304        0.00044419        op      2478      2479                  0.03775601        85

  ==> Add operator: mvp2 -1: 5705 5706
  ==> Current qubit order: 2  3  4  5  6  7  8  9  10  11  14  15  16  17  18  19  23  26  27  28  29  30  31  34  35  36  37  13  42  22  48  59  25  49  43  58  24  12  50  51  45  46  38  56  60  61  64  62  65  94  54  55  95  84  1  40  53  82  71  70  72  63  20  41  85  73  0  39  52  21  57  66  68  69  44  74  47  75  76  77  67  78  79  80  89  81  88  91  90  32  86  87  33  83  92  93  


  ==> Energy                -270.501950628
  ==> dE                       -1.77e-04
  ==> Gradient Norm             2.19e+00
  ==> Abs. Max. Deriv.          5.26e-02
  ==> Time-Grad. (s)              61.135
  ==> Time-Energy (s)             33.588
  ==> Time-Iter. (s)              94.723

--------------------------------------------------------------------------------
CEO-ADAPT-VQE iteration: 173
--------------------------------------------------------------------------------
    gate        derivative      name       op1       op2       op3        g_unscaled   penalty
    1521       -0.00083722      a_ia      1521                           -0.00334888         4
     556       -0.00057644      a_ia       556                           -0.00230575         4
     875       -0.00048755      a_ia       875                           -0.00195019         4
   46305        0.00048234        om      2478      2479                  0.03810468        79
    1290        0.00048057      a_ia      1290                            0.00096113         2
    2478        0.00047963    a_iajb      2478                            0.03789049        79
   46304        0.00047692        op      2478      2479                  0.03767629        79
   49184        0.00041642        op      4947      4948                  0.05038734       121
   47051       -0.00041043        om      3122      3123                 -0.04473733       109
    4947        0.00040558    a_iajb      4947                            0.04907518       121

  ==> Tried operator a_ia 875: gain -7.73e-07 (threshold 7.9e-07), removed and excluded for this stage
  ==> Add operator: mvp2 -1: 2478 2479
  ==> Current qubit order: 2  3  4  5  6  7  8  9  10  11  14  15  16  17  18  19  23  26  27  28  29  30  31  34  35  36  37  13  42  22  48  59  25  49  43  58  24  12  50  51  45  46  38  56  60  61  64  62  65  54  55  84  40  94  95  1  0  53  82  71  70  72  63  20  41  85  73  39  52  21  57  66  68  69  44  74  47  75  76  77  67  78  79  80  89  81  88  91  90  32  86  87  33  83  92  93  


  ==> Energy                -270.502010296
  ==> dE                       -5.97e-05
  ==> Gradient Norm             2.19e+00
  ==> Abs. Max. Deriv.          5.26e-02
  ==> Time-Grad. (s)              61.590
  ==> Time-Energy (s)             53.503
  ==> Time-Iter. (s)             115.093

--------------------------------------------------------------------------------
CEO-ADAPT-VQE iteration: 174
--------------------------------------------------------------------------------
    gate        derivative      name       op1       op2       op3        g_unscaled   penalty
    1521       -0.00167857      a_ia      1521                           -0.00335715         2
     556       -0.00057613      a_ia       556                           -0.00230451         4
     875       -0.00048752      a_ia       875                           -0.00195009         4
    1290        0.00048004      a_ia      1290                            0.00096009         2
   49184        0.00042490        op      4947      4948                  0.05056296       119
    4947        0.00041280    a_iajb      4947                            0.04912277       119
   77978        0.00041141        op     28470     28471                  0.03414700        83
   28470        0.00041087    a_iajb     28470                            0.03410211        83
   77979        0.00041033        om     28470     28471                  0.03405721        83
   46218       -0.00040998        op      2392      2393                 -0.02582876        63

  ==> Add operator: mvp2 -1: 4947 4948
  ==> Current qubit order: 2  3  4  5  6  7  8  9  10  11  14  15  16  17  18  19  23  26  27  28  29  30  31  34  35  36  37  13  42  48  59  25  49  43  58  24  12  50  51  45  46  38  56  60  61  22  84  95  1  64  62  65  54  55  40  94  0  53  82  71  70  72  63  20  41  85  73  39  52  21  57  66  68  69  44  74  47  75  76  77  67  78  79  80  89  81  88  91  90  32  86  87  33  83  92  93  


  ==> Energy                -270.502543339
  ==> dE                       -5.33e-04
  ==> Gradient Norm             2.19e+00
  ==> Abs. Max. Deriv.          5.27e-02
  ==> Time-Grad. (s)              61.640
  ==> Time-Energy (s)             32.460
  ==> Time-Iter. (s)              94.100

--------------------------------------------------------------------------------
CEO-ADAPT-VQE iteration: 175
--------------------------------------------------------------------------------
    gate        derivative      name       op1       op2       op3        g_unscaled   penalty
     954       -0.00128152      a_ia       954                           -0.00256305         2
     556       -0.00057885      a_ia       556                           -0.00231542         4
      93        0.00051904      a_ia        93                            0.00103809         2
   49180        0.00049816        op      4943      4944                  0.04234399        85
   49158       -0.00049512        op      4921      4922                 -0.03812396        77
    4921       -0.00048936    a_iajb      4921                           -0.03768058        77
     875       -0.00048618      a_ia       875                           -0.00194473         4
   46218       -0.00048534        op      2392      2393                 -0.02572297        53
    1290        0.00048445      a_ia      1290                            0.00096891         2
   49159       -0.00048360        om      4921      4922                 -0.03723721        77

  ==> Add operator: a_ia 954
  ==> Current qubit order: 2  3  4  5  6  7  8  9  10  11  14  15  16  17  18  19  23  26  27  28  29  30  31  34  35  36  37  13  42  48  59  25  49  43  58  24  12  50  51  45  46  38  56  60  61  22  84  95  1  64  62  65  54  55  40  94  0  53  82  71  70  72  63  20  41  85  73  39  52  21  57  66  68  69  44  74  47  75  76  77  67  78  79  80  89  81  88  91  90  32  86  87  33  83  92  93  


  ==> Energy                -270.502544330
  ==> dE                       -9.91e-07
  ==> Gradient Norm             2.18e+00
  ==> Abs. Max. Deriv.          5.27e-02
  ==> Time-Grad. (s)              62.299
  ==> Time-Energy (s)             17.738
  ==> Time-Iter. (s)              80.037

--------------------------------------------------------------------------------
CEO-ADAPT-VQE iteration: 176
--------------------------------------------------------------------------------
    gate        derivative      name       op1       op2       op3        g_unscaled   penalty
     556       -0.00058580      a_ia       556                           -0.00234322         4
      93        0.00055487      a_ia        93                            0.00110974         2
   49180        0.00049769        op      4943      4944                  0.04230369        85
   49158       -0.00049463        op      4921      4922                 -0.03808619        77
    1290        0.00049381      a_ia      1290                            0.00098762         2
    4921       -0.00048895    a_iajb      4921                           -0.03764928        77
   46218       -0.00048534        op      2392      2393                 -0.02572325        53
     875       -0.00048461      a_ia       875                           -0.00193842         4
   49159       -0.00048328        om      4921      4922                 -0.03721238        77
    4943        0.00048225    a_iajb      4943                            0.04099150        85

  ==> Add operator: mvp2 -1: 4943 4944
  ==> Current qubit order: 2  3  4  5  6  7  8  9  10  11  14  15  16  17  18  19  23  26  27  28  29  30  31  34  35  36  37  13  42  48  59  25  49  43  58  24  12  50  51  45  46  38  56  60  61  84  64  62  65  22  95  1  82  54  55  40  94  0  53  71  70  72  63  20  41  85  73  39  52  21  57  66  68  69  44  74  47  75  76  77  67  78  79  80  89  81  88  91  90  32  86  87  33  83  92  93  


  ==> Energy                -270.502971104
  ==> dE                       -4.27e-04
  ==> Gradient Norm             2.18e+00
  ==> Abs. Max. Deriv.          5.27e-02
  ==> Time-Grad. (s)              62.187
  ==> Time-Energy (s)             34.896
  ==> Time-Iter. (s)              97.083

--------------------------------------------------------------------------------
CEO-ADAPT-VQE iteration: 177
--------------------------------------------------------------------------------
    gate        derivative      name       op1       op2       op3        g_unscaled   penalty
      93        0.00079534      a_ia        93                            0.00159068         2
   49156       -0.00062284        op      4919      4920                 -0.03301068        53
    4919       -0.00061318    a_iajb      4919                           -0.03249876        53
   49157       -0.00060353        om      4919      4920                 -0.03198684        53
     556       -0.00058466      a_ia       556                           -0.00233863         4
    1823        0.00050824      a_ia      1823                            0.00101649         2
    1290        0.00049373      a_ia      1290                            0.00098747         2
   49158       -0.00048547        op      4921      4922                 -0.03835251        79
     875       -0.00048345      a_ia       875                           -0.00193380         4
   46305        0.00048140        om      2478      2479                  0.02743966        57

  ==> Add operator: mvp2 -1: 4919 4920
  ==> Current qubit order: 2  3  4  5  6  7  8  9  10  11  14  15  16  17  18  19  23  26  27  28  29  30  31  34  35  36  37  13  42  48  59  25  49  43  58  24  12  50  51  45  46  38  56  60  61  84  64  62  65  95  22  1  82  53  54  55  40  94  0  71  70  72  63  20  41  85  73  39  52  21  57  66  68  69  44  74  47  75  76  77  67  78  79  80  89  81  88  91  90  32  86  87  33  83  92  93  


  ==> Energy                -270.503073061
  ==> dE                       -1.02e-04
  ==> Gradient Norm             2.18e+00
  ==> Abs. Max. Deriv.          5.26e-02
  ==> Time-Grad. (s)              63.357
  ==> Time-Energy (s)             31.441
  ==> Time-Iter. (s)              94.798

--------------------------------------------------------------------------------
CEO-ADAPT-VQE iteration: 178
--------------------------------------------------------------------------------
    gate        derivative      name       op1       op2       op3        g_unscaled   penalty
   49158       -0.00062298        op      4921      4922                 -0.03924750        63
    4921       -0.00061108    a_iajb      4921                           -0.03849774        63
   49159       -0.00059917        om      4921      4922                 -0.03774798        63
     556       -0.00058675      a_ia       556                           -0.00234700         4
    1290        0.00049522      a_ia      1290                            0.00099045         2
     875       -0.00048261      a_ia       875                           -0.00193045         4
    1391       -0.00046676      a_ia      1391                           -0.00373406         8
   46305        0.00043510        om      2478      2479                  0.02741145        63
    2478        0.00042845    a_iajb      2478                            0.02699265        63
   46304        0.00042181        op      2478      2479                  0.02657385        63

  ==> Add operator: mvp2 -1: 4921 4922
  ==> Current qubit order: 2  3  4  5  6  7  8  9  10  11  14  15  16  17  18  19  23  26  27  28  29  30  31  34  35  36  37  13  42  48  59  25  49  43  58  24  12  50  51  45  46  38  56  60  61  64  62  65  95  84  22  1  53  82  54  55  40  94  0  71  70  72  63  20  41  85  73  39  52  21  57  66  68  69  44  74  47  75  76  77  67  78  79  80  89  81  88  91  90  32  86  87  33  83  92  93  


  ==> Energy                -270.503234332
  ==> dE                       -1.61e-04
  ==> Gradient Norm             2.18e+00
  ==> Abs. Max. Deriv.          5.26e-02
  ==> Time-Grad. (s)              63.019
  ==> Time-Energy (s)             36.093
  ==> Time-Iter. (s)              99.112

--------------------------------------------------------------------------------
CEO-ADAPT-VQE iteration: 179
--------------------------------------------------------------------------------
    gate        derivative      name       op1       op2       op3        g_unscaled   penalty
     954        0.00177536      a_ia       954                            0.00355071         2
     556       -0.00058661      a_ia       556                           -0.00234644         4
    1290        0.00049632      a_ia      1290                            0.00099264         2
     875       -0.00048147      a_ia       875                           -0.00192590         4
    1391       -0.00046692      a_ia      1391                           -0.00373539         8
   46305        0.00042091        om      2478      2479                  0.02735937        65
    2478        0.00041402    a_iajb      2478                            0.02691136        65
   46304        0.00040713        op      2478      2479                  0.02646335        65
   83368        0.00039930        op     32609     32610                  0.03314218        83
    1488       -0.00039680      a_ia      1488                           -0.00079360         2

  ==> Add operator: a_ia 1391
  ==> Current qubit order: 2  3  4  5  6  7  8  9  10  11  14  15  16  17  18  19  23  26  27  28  29  30  31  34  35  37  13  42  36  48  59  25  49  43  58  24  12  50  51  45  46  38  56  60  61  64  62  65  95  84  22  1  53  82  54  55  40  94  0  71  70  72  63  20  41  85  73  39  52  21  57  66  68  69  44  74  47  75  76  77  67  78  79  80  89  81  88  91  90  32  86  87  33  83  92  93  


  ==> Energy                -270.503240970
  ==> dE                       -6.64e-06
  ==> Gradient Norm             2.18e+00
  ==> Abs. Max. Deriv.          5.26e-02
  ==> Time-Grad. (s)              62.974
  ==> Time-Energy (s)             14.428
  ==> Time-Iter. (s)              77.402

--------------------------------------------------------------------------------
CEO-ADAPT-VQE iteration: 180
--------------------------------------------------------------------------------
    gate        derivative      name       op1       op2       op3        g_unscaled   penalty
     954        0.00177069      a_ia       954                            0.00354138         2
     556       -0.00059640      a_ia       556                           -0.00238561         4
    1290        0.00050527      a_ia      1290                            0.00101053         2
     875       -0.00047973      a_ia       875                           -0.00191894         4
   46305        0.00042090        om      2478      2479                  0.02735854        65
    1047        0.00041870      a_ia      1047                            0.00083741         2
    2478        0.00041401    a_iajb      2478                            0.02691080        65
      72       -0.00040741      a_ia        72                           -0.00081482         2
   46304        0.00040712        op      2478      2479                  0.02646307        65
   83368        0.00039928        op     32609     32610                  0.03314036        83

  ==> Add operator: mvp2 -1: 32609 32610
  ==> Current qubit order: 2  3  4  5  6  7  8  9  10  11  14  15  16  17  18  19  26  27  28  29  30  31  34  35  37  23  59  25  49  13  42  36  48  43  58  24  12  50  51  45  46  38  56  60  61  64  62  65  95  84  22  1  53  82  54  55  40  94  0  71  70  72  63  20  41  85  73  39  52  21  57  66  68  69  44  74  47  75  76  77  67  78  79  80  89  81  88  91  90  32  86  87  33  83  92  93  


  ==> Energy                -270.504353596
  ==> dE                       -1.11e-03
  ==> Gradient Norm             2.18e+00
  ==> Abs. Max. Deriv.          5.26e-02
  ==> Time-Grad. (s)              63.752
  ==> Time-Energy (s)             33.454
  ==> Time-Iter. (s)              97.206

--------------------------------------------------------------------------------
CEO-ADAPT-VQE iteration: 181
--------------------------------------------------------------------------------
    gate        derivative      name       op1       op2       op3        g_unscaled   penalty
     954        0.00182282      a_ia       954                            0.00364564         2
     972       -0.00170091      a_ia       972                           -0.01020549         6
     556       -0.00059585      a_ia       556                           -0.00238340         4
    1290        0.00054532      a_ia      1290                            0.00109064         2
     875       -0.00048113      a_ia       875                           -0.00192453         4
      72       -0.00044491      a_ia        72                           -0.00088983         2
   46305        0.00042026        om      2478      2479                  0.02731710        65
    2478        0.00041322    a_iajb      2478                            0.02685905        65
   64810        0.00040903        op     18166     18168                  0.02331468        57
   64806        0.00040807        op     18166     18167                  0.02325998        57

  ==> Add operator: a_ia 972
  ==> Current qubit order: 2  3  4  5  6  7  8  9  10  11  14  15  16  17  18  19  26  27  28  29  30  31  34  35  37  59  25  23  49  13  42  36  48  43  58  24  12  50  51  45  46  38  56  60  61  64  62  65  95  84  22  1  53  82  54  55  40  94  0  71  70  72  63  20  41  85  73  39  52  21  57  66  68  69  44  74  47  75  76  77  67  78  79  80  89  81  88  91  90  32  86  87  33  83  92  93  


  ==> Energy                -270.504398527
  ==> dE                       -4.49e-05
  ==> Gradient Norm             2.17e+00
  ==> Abs. Max. Deriv.          5.26e-02
  ==> Time-Grad. (s)              65.095
  ==> Time-Energy (s)             19.454
  ==> Time-Iter. (s)              84.549

--------------------------------------------------------------------------------
CEO-ADAPT-VQE iteration: 182
--------------------------------------------------------------------------------
    gate        derivative      name       op1       op2       op3        g_unscaled   penalty
     954        0.00197303      a_ia       954                            0.00394606         2
     556       -0.00072647      a_ia       556                           -0.00290589         4
    1290        0.00065638      a_ia      1290                            0.00131275         2
     960       -0.00062147      a_ia       960                           -0.00124293         2
      46        0.00061599      a_ia        46                            0.00123198         2
      72       -0.00059153      a_ia        72                           -0.00118307         2
   64810        0.00054554        op     18166     18168                  0.02345804        43
   64806        0.00054378        op     18166     18167                  0.02338273        43
   18166        0.00054378    a_iajb     18166                            0.02338263        43
   64807        0.00054378        om     18166     18167                  0.02338252        43

  ==> Add operator: a_ia 960
  ==> Current qubit order: 2  3  4  5  6  7  8  9  10  11  14  15  16  17  18  19  26  27  28  29  30  31  34  35  37  59  25  23  49  13  42  36  48  43  58  24  12  50  51  45  46  38  56  60  61  64  62  65  95  84  22  1  53  82  54  55  40  94  0  71  70  72  63  20  41  85  73  39  52  21  57  66  68  69  44  74  47  75  76  77  67  78  79  80  89  81  88  91  90  32  86  87  33  83  92  93  


  ==> Energy                -270.504475637
  ==> dE                       -7.71e-05
  ==> Gradient Norm             2.17e+00
  ==> Abs. Max. Deriv.          5.26e-02
  ==> Time-Grad. (s)              65.609
  ==> Time-Energy (s)             15.970
  ==> Time-Iter. (s)              81.579

--------------------------------------------------------------------------------
CEO-ADAPT-VQE iteration: 183
--------------------------------------------------------------------------------
    gate        derivative      name       op1       op2       op3        g_unscaled   penalty
     954        0.00197413      a_ia       954                            0.00394826         2
     556       -0.00072118      a_ia       556                           -0.00288473         4
    1290        0.00065660      a_ia      1290                            0.00131320         2
      46        0.00061988      a_ia        46                            0.00123976         2
      72       -0.00059333      a_ia        72                           -0.00118667         2
   64810        0.00054633        op     18166     18168                  0.02349230        43
   64807        0.00054444        om     18166     18167                  0.02341071        43
   18166        0.00054422    a_iajb     18166                            0.02340151        43
   64806        0.00054401        op     18166     18167                  0.02339231        43
   64811        0.00054211        om     18166     18168                  0.02331072        43

  ==> Tried operator a_ia 46: gain -1.16e-07 (threshold 8.6e-07), removed and excluded for this stage
  ==> Add operator: mvp2 -1: 18166 18168
  ==> Current qubit order: 2  3  4  5  6  7  8  9  10  11  14  15  16  17  18  19  26  27  28  29  30  31  34  35  37  25  59  23  49  13  42  36  48  43  58  24  12  50  51  45  46  38  56  60  61  64  62  65  95  84  22  1  53  82  54  55  40  94  0  71  70  72  63  20  41  85  73  39  52  21  57  66  68  69  44  74  47  75  76  77  67  78  79  80  89  81  88  91  90  32  86  87  33  83  92  93  


  ==> Energy                -270.504559580
  ==> dE                       -8.39e-05
  ==> Gradient Norm             2.17e+00
  ==> Abs. Max. Deriv.          5.26e-02
  ==> Time-Grad. (s)              67.920
  ==> Time-Energy (s)             55.350
  ==> Time-Iter. (s)             123.271

--------------------------------------------------------------------------------
CEO-ADAPT-VQE iteration: 184
--------------------------------------------------------------------------------
    gate        derivative      name       op1       op2       op3        g_unscaled   penalty
     954        0.00197495      a_ia       954                            0.00394990         2
     556       -0.00072085      a_ia       556                           -0.00288342         4
    1290        0.00065649      a_ia      1290                            0.00131298         2
      46        0.00061883      a_ia        46                            0.00123767         2
      72       -0.00060069      a_ia        72                           -0.00120138         2
     875       -0.00048191      a_ia       875                           -0.00192765         4
   46305        0.00042024        om      2478      2479                  0.02731528        65
    2478        0.00041316    a_iajb      2478                            0.02685557        65
   46304        0.00040609        op      2478      2479                  0.02639586        65
    1488       -0.00040236      a_ia      1488                           -0.00080472         2

  ==> Add operator: mvp2 -1: 2478 2479
  ==> Current qubit order: 2  3  4  5  6  7  8  9  10  11  14  15  16  17  18  19  26  27  28  29  30  31  34  35  37  25  59  23  49  13  42  36  48  43  58  24  12  50  51  45  46  38  56  60  61  64  62  65  84  22  53  82  54  95  1  94  0  55  40  71  70  72  63  20  41  85  73  39  52  21  57  66  68  69  44  74  47  75  76  77  67  78  79  80  89  81  88  91  90  32  86  87  33  83  92  93  


  ==> Energy                -270.504605665
  ==> dE                       -4.61e-05
  ==> Gradient Norm             2.17e+00
  ==> Abs. Max. Deriv.          5.26e-02
  ==> Time-Grad. (s)              68.313
  ==> Time-Energy (s)             33.113
  ==> Time-Iter. (s)             101.426

--------------------------------------------------------------------------------
CEO-ADAPT-VQE iteration: 185
--------------------------------------------------------------------------------
    gate        derivative      name       op1       op2       op3        g_unscaled   penalty
     954        0.00198894      a_ia       954                            0.00397789         2
      93        0.00087553      a_ia        93                            0.00175106         2
      46        0.00078368      a_ia        46                            0.00156736         2
     556       -0.00072055      a_ia       556                           -0.00288220         4
    1290        0.00065602      a_ia      1290                            0.00131204         2
     875       -0.00048184      a_ia       875                           -0.00192735         4
   77978        0.00042052        op     28470     28471                  0.03406227        81
   28470        0.00041999    a_iajb     28470                            0.03401938        81
   77979        0.00041946        om     28470     28471                  0.03397649        81
    1488       -0.00040244      a_ia      1488                           -0.00080487         2

  ==> Add operator: op -1: 28470 28471
  ==> Current qubit order: 2  3  4  5  6  7  8  9  10  11  14  15  16  17  18  19  26  27  28  29  30  31  34  35  37  25  59  23  49  13  42  36  48  43  58  24  12  50  51  45  46  38  56  60  61  64  62  65  84  22  53  82  54  1  0  55  40  71  95  94  20  21  70  72  63  41  85  73  39  52  57  66  68  69  44  74  47  75  76  77  67  78  79  80  89  81  88  91  90  32  86  87  33  83  92  93  


  ==> Energy                -270.505319283
  ==> dE                       -7.14e-04
  ==> Gradient Norm             2.17e+00
  ==> Abs. Max. Deriv.          5.26e-02
  ==> Time-Grad. (s)              68.597
  ==> Time-Energy (s)            555.980
  ==> Time-Iter. (s)             624.577

--------------------------------------------------------------------------------
CEO-ADAPT-VQE iteration: 186
--------------------------------------------------------------------------------
    gate        derivative      name       op1       op2       op3        g_unscaled   penalty
    1047        0.00115769      a_ia      1047                            0.00231537         2
     556       -0.00088313      a_ia       556                           -0.00353250         4
    1290        0.00070016      a_ia      1290                            0.00140033         2
   46261        0.00046416        om      2434      2435                  0.02367226        51
    2434        0.00045638    a_iajb      2434                            0.02327546        51
   46260        0.00044860        op      2434      2435                  0.02287867        51
    1534        0.00044218      a_ia      1534                            0.00442183        10
    1488       -0.00043914      a_ia      1488                           -0.00087827         2
   46116       -0.00043612        op      2290      2291                 -0.03183674        73
    2290       -0.00043004    a_iajb      2290                           -0.03139266        73

  ==> Add operator: mvp2 -1: 2434 2435
  ==> Current qubit order: 2  3  4  5  6  7  8  9  10  11  14  15  16  17  18  19  26  27  28  29  30  31  34  35  37  25  59  23  49  13  42  36  48  43  58  24  12  50  51  45  46  38  56  60  61  64  62  65  84  22  53  82  54  55  40  1  0  71  94  95  20  21  70  72  63  41  85  73  39  52  57  66  68  69  44  74  47  75  76  77  67  78  79  80  89  81  88  91  90  32  86  87  33  83  92  93  


  ==> Energy                -270.505376445
  ==> dE                       -5.72e-05
  ==> Gradient Norm             2.17e+00
  ==> Abs. Max. Deriv.          5.26e-02
  ==> Time-Grad. (s)              68.576
  ==> Time-Energy (s)             32.881
  ==> Time-Iter. (s)             101.457

--------------------------------------------------------------------------------
CEO-ADAPT-VQE iteration: 187
--------------------------------------------------------------------------------
    gate        derivative      name       op1       op2       op3        g_unscaled   penalty
    1047        0.00115235      a_ia      1047                            0.00230469         2
     556       -0.00088110      a_ia       556                           -0.00352440         4
    1290        0.00069811      a_ia      1290                            0.00139623         2
     932        0.00047566      a_ia       932                            0.00475659        10
    1534        0.00044188      a_ia      1534                            0.00441882        10
    1488       -0.00043891      a_ia      1488                           -0.00087782         2
   46116       -0.00042390        op      2290      2291                 -0.03179263        75
    1036       -0.00041880      a_ia      1036                           -0.00083760         2
    2290       -0.00041812    a_iajb      2290                           -0.03135909        75
   46117       -0.00041234        om      2290      2291                 -0.03092554        75

  ==> Add operator: a_ia 932
  ==> Current qubit order: 2  3  4  5  6  7  8  9  10  11  14  15  16  17  18  19  26  27  28  29  30  31  34  35  37  25  59  23  49  13  42  36  48  43  58  24  12  50  51  45  46  38  56  60  61  64  62  65  84  53  82  54  55  22  40  1  0  71  94  95  20  21  70  72  63  41  85  73  39  52  57  66  68  69  44  74  47  75  76  77  67  78  79  80  89  81  88  91  90  32  86  87  33  83  92  93  


  ==> Energy                -270.505636183
  ==> dE                       -2.60e-04
  ==> Gradient Norm             2.17e+00
  ==> Abs. Max. Deriv.          5.26e-02
  ==> Time-Grad. (s)              68.763
  ==> Time-Energy (s)             17.938
  ==> Time-Iter. (s)              86.701

--------------------------------------------------------------------------------
CEO-ADAPT-VQE iteration: 188
--------------------------------------------------------------------------------
    gate        derivative      name       op1       op2       op3        g_unscaled   penalty
    1047        0.00113068      a_ia      1047                            0.00226135         2
     556       -0.00087863      a_ia       556                           -0.00351452         4
    1290        0.00069469      a_ia      1290                            0.00138937         2
    1534        0.00044793      a_ia      1534                            0.00447928        10
    1488       -0.00044523      a_ia      1488                           -0.00089046         2
   46116       -0.00042378        op      2290      2291                 -0.03178359        75
    1036       -0.00042174      a_ia      1036                           -0.00084349         2
    2290       -0.00041805    a_iajb      2290                           -0.03135350        75
   46117       -0.00041231        om      2290      2291                 -0.03092341        75
   46218       -0.00040787        op      2392      2393                 -0.02569565        63

  ==> Add operator: a_ia 1534
  ==> Current qubit order: 2  3  4  5  6  7  8  9  10  11  14  15  16  17  18  19  26  27  28  29  30  31  34  35  37  25  59  23  49  13  42  36  48  43  58  24  12  50  51  45  46  38  56  60  61  64  62  65  84  53  82  54  55  22  40  1  0  71  94  95  20  21  70  72  63  85  73  39  52  41  57  66  68  69  44  74  47  75  76  77  67  78  79  80  89  81  88  91  90  32  86  87  33  83  92  93  


  ==> Energy                -270.505643781
  ==> dE                       -7.60e-06
  ==> Gradient Norm             2.17e+00
  ==> Abs. Max. Deriv.          5.26e-02
  ==> Time-Grad. (s)              69.767
  ==> Time-Energy (s)             18.170
  ==> Time-Iter. (s)              87.937

--------------------------------------------------------------------------------
CEO-ADAPT-VQE iteration: 189
--------------------------------------------------------------------------------
    gate        derivative      name       op1       op2       op3        g_unscaled   penalty
    1047        0.00113104      a_ia      1047                            0.00226208         2
     556       -0.00088411      a_ia       556                           -0.00353645         4
    1290        0.00069515      a_ia      1290                            0.00139030         2
    1488       -0.00044444      a_ia      1488                           -0.00088887         2
   46116       -0.00043539        op      2290      2291                 -0.03178361        73
    2290       -0.00042950    a_iajb      2290                           -0.03135357        73
    1452        0.00042764      a_ia      1452                            0.00085529         2
   46117       -0.00042361        om      2290      2291                 -0.03092353        73
    1036       -0.00042176      a_ia      1036                           -0.00084352         2
   46218       -0.00040786        op      2392      2393                 -0.02569537        63

  ==> Tried operator a_ia 1488: gain -2.20e-07 (threshold 8.9e-07), removed and excluded for this stage
  ==> Add operator: mvp2 -1: 2290 2291
  ==> Current qubit order: 2  3  4  5  6  7  8  9  10  11  14  15  16  17  18  19  26  27  28  29  30  31  34  35  37  25  59  23  49  13  42  36  48  43  58  24  12  50  51  45  46  38  56  60  61  64  62  65  84  53  82  54  55  22  40  71  94  20  21  1  0  95  52  70  72  63  85  73  39  41  57  66  68  69  44  74  47  75  76  77  67  78  79  80  89  81  88  91  90  32  86  87  33  83  92  93  


  ==> Energy                -270.505705162
  ==> dE                       -6.14e-05
  ==> Gradient Norm             2.17e+00
  ==> Abs. Max. Deriv.          5.26e-02
  ==> Time-Grad. (s)              69.897
  ==> Time-Energy (s)             55.295
  ==> Time-Iter. (s)             125.193

--------------------------------------------------------------------------------
CEO-ADAPT-VQE iteration: 190
--------------------------------------------------------------------------------
    gate        derivative      name       op1       op2       op3        g_unscaled   penalty
    1047        0.00113090      a_ia      1047                            0.00226181         2
     556       -0.00088173      a_ia       556                           -0.00352693         4
    1290        0.00069344      a_ia      1290                            0.00138687         2
    1488       -0.00044430      a_ia      1488                           -0.00088860         2
    1452        0.00042780      a_ia      1452                            0.00085560         2
    1036       -0.00042136      a_ia      1036                           -0.00084273         2
   71038        0.00040188        op     23051     23052                  0.03496387        87
   47096        0.00040037        op      3168      3169                  0.02682509        67
   92894        0.00039859        op     39660     39661                  0.02192271        55
   92895        0.00039859        om     39660     39661                  0.02192271        55

  ==> Tried operator a_ia 1452: gain -2.72e-07 (threshold 8.1e-07), removed and excluded for this stage
  ==> Add operator: a_ia 1036
  ==> Current qubit order: 2  3  4  5  6  7  8  9  10  11  14  15  16  17  18  19  26  27  28  29  30  31  34  35  37  25  59  23  49  13  42  36  48  43  58  24  12  50  51  45  46  38  56  60  61  64  62  65  84  53  82  54  55  22  40  71  94  20  21  1  0  95  52  70  72  63  85  73  39  41  57  66  68  69  44  74  47  75  76  77  67  78  79  80  89  81  88  91  90  32  86  87  33  83  92  93  


  ==> Energy                -270.505742832
  ==> dE                       -3.77e-05
  ==> Gradient Norm             2.16e+00
  ==> Abs. Max. Deriv.          5.26e-02
  ==> Time-Grad. (s)              70.196
  ==> Time-Energy (s)             41.064
  ==> Time-Iter. (s)             111.260

--------------------------------------------------------------------------------
CEO-ADAPT-VQE iteration: 191
--------------------------------------------------------------------------------
    gate        derivative      name       op1       op2       op3        g_unscaled   penalty
    1047        0.00109357      a_ia      1047                            0.00218714         2
     556       -0.00088106      a_ia       556                           -0.00352426         4
    1290        0.00069441      a_ia      1290                            0.00138882         2
    1488       -0.00044859      a_ia      1488                           -0.00089717         2
    1452        0.00042521      a_ia      1452                            0.00085041         2
     977       -0.00040670      a_ia       977                           -0.00081341         2
   71038        0.00040145        op     23051     23052                  0.03492609        87
   47096        0.00040036        op      3168      3169                  0.02682424        67
   92894        0.00039861        op     39660     39661                  0.02192342        55
   92895        0.00039861        om     39660     39661                  0.02192342        55

  ==> Tried operator a_ia 977: gain -2.16e-07 (threshold 8.1e-07), removed and excluded for this stage
  ==> Add operator: mvp2 -1: 23051 23052
  ==> Current qubit order: 2  3  4  5  6  7  8  9  10  11  14  15  17  18  19  26  27  28  29  30  31  34  16  25  59  58  35  37  23  49  13  42  36  48  43  24  12  50  51  45  46  38  56  60  61  64  62  65  84  53  82  54  55  22  40  71  94  20  21  1  0  95  52  70  72  63  85  73  39  41  57  66  68  69  44  74  47  75  76  77  67  78  79  80  89  81  88  91  90  32  86  87  33  83  92  93  


  ==> Energy                -270.506358664
  ==> dE                       -6.16e-04
  ==> Gradient Norm             2.16e+00
  ==> Abs. Max. Deriv.          5.26e-02
  ==> Time-Grad. (s)              70.963
  ==> Time-Energy (s)             52.432
  ==> Time-Iter. (s)             123.395

--------------------------------------------------------------------------------
CEO-ADAPT-VQE iteration: 192
--------------------------------------------------------------------------------
    gate        derivative      name       op1       op2       op3        g_unscaled   penalty
    1047        0.00096491      a_ia      1047                            0.00192983         2
    1290        0.00069374      a_ia      1290                            0.00138749         2
   92894        0.00059224        op     39660     39661                  0.02191284        37
   92895        0.00059224        om     39660     39661                  0.02191284        37
    1362        0.00045334      a_ia      1362                            0.00272005         6
   64284       -0.00044736        op     17764     17765                 -0.02818337        63
    1488       -0.00044506      a_ia      1488                           -0.00089013         2
   17764       -0.00044403    a_iajb     17764                           -0.02797393        63
   64285       -0.00044071        om     17764     17765                 -0.02776449        63
    1452        0.00043438      a_ia      1452                            0.00086876         2

  ==> Add operator: op -1: 39660 39661
  ==> Current qubit order: 2  3  4  5  6  7  8  9  10  11  14  15  17  18  19  26  27  28  29  34  30  31  59  58  16  25  35  37  23  49  13  42  36  48  43  24  12  50  51  45  46  38  56  60  61  64  62  65  84  53  82  54  55  22  40  71  94  20  21  1  0  95  52  70  72  63  85  73  39  41  57  66  68  69  44  74  47  75  76  77  67  78  79  80  89  81  88  91  90  32  86  87  33  83  92  93  


  ==> Energy                -270.506427445
  ==> dE                       -6.88e-05
  ==> Gradient Norm             2.16e+00
  ==> Abs. Max. Deriv.          5.26e-02
  ==> Time-Grad. (s)              72.370
  ==> Time-Energy (s)             17.080
  ==> Time-Iter. (s)              89.451

--------------------------------------------------------------------------------
CEO-ADAPT-VQE iteration: 193
--------------------------------------------------------------------------------
    gate        derivative      name       op1       op2       op3        g_unscaled   penalty
     716       -0.00122370      a_ia       716                           -0.00244741         2
    1290        0.00069377      a_ia      1290                            0.00138755         2
    1035       -0.00065733      a_ia      1035                           -0.00131466         2
   64284       -0.00047850        op     17764     17765                 -0.02823129        59
   17764       -0.00047495    a_iajb     17764                           -0.02802190        59
   64285       -0.00047140        om     17764     17765                 -0.02781251        59
    1362        0.00045341      a_ia      1362                            0.00272048         6
    1488       -0.00044495      a_ia      1488                           -0.00088989         2
    1452        0.00043438      a_ia      1452                            0.00086877         2
   57232        0.00043115        op     12062     12063                  0.03837279        89

  ==> Add operator: a_ia 716
  ==> Current qubit order: 2  3  4  5  6  7  8  9  10  11  14  15  17  18  19  26  27  28  29  34  30  31  59  58  16  25  35  37  23  49  13  42  36  48  43  24  12  50  51  45  46  38  56  60  61  64  62  65  84  53  82  54  55  22  40  71  94  20  21  1  0  95  52  70  72  63  85  73  39  41  57  66  68  69  44  74  47  75  76  77  67  78  79  80  89  81  88  91  90  32  86  87  33  83  92  93  


  ==> Energy                -270.506428889
  ==> dE                       -1.44e-06
  ==> Gradient Norm             2.16e+00
  ==> Abs. Max. Deriv.          5.26e-02
  ==> Time-Grad. (s)              72.254
  ==> Time-Energy (s)             20.381
  ==> Time-Iter. (s)              92.635

--------------------------------------------------------------------------------
CEO-ADAPT-VQE iteration: 194
--------------------------------------------------------------------------------
    gate        derivative      name       op1       op2       op3        g_unscaled   penalty
    1290        0.00069296      a_ia      1290                            0.00138593         2
    1035       -0.00065732      a_ia      1035                           -0.00131463         2
   64284       -0.00047755        op     17764     17765                 -0.02817551        59
   17764       -0.00047413    a_iajb     17764                           -0.02797341        59
   64285       -0.00047070        om     17764     17765                 -0.02777132        59
    1362        0.00045284      a_ia      1362                            0.00271703         6
    1488       -0.00044249      a_ia      1488                           -0.00088498         2
    1452        0.00043618      a_ia      1452                            0.00087237         2
   57232        0.00043119        op     12062     12063                  0.03837577        89
   57233        0.00043119        om     12062     12063                  0.03837577        89

  ==> Add operator: a_ia 1035
  ==> Current qubit order: 2  3  4  5  6  7  8  9  10  11  14  15  17  18  19  26  27  28  29  34  30  31  59  58  16  25  35  37  23  49  13  42  36  48  43  24  12  50  51  45  46  38  56  60  61  64  62  65  84  53  82  54  55  22  40  71  94  20  21  1  0  95  52  70  72  63  85  73  39  41  57  66  68  69  44  74  47  75  76  77  67  78  79  80  89  81  88  91  90  32  86  87  33  83  92  93  


  ==> Energy                -270.506523058
  ==> dE                       -9.42e-05
  ==> Gradient Norm             2.16e+00
  ==> Abs. Max. Deriv.          5.26e-02
  ==> Time-Grad. (s)              72.320
  ==> Time-Energy (s)             18.174
  ==> Time-Iter. (s)              90.494

--------------------------------------------------------------------------------
CEO-ADAPT-VQE iteration: 195
--------------------------------------------------------------------------------
    gate        derivative      name       op1       op2       op3        g_unscaled   penalty
    1290        0.00069488      a_ia      1290                            0.00138977         2
    1362        0.00051124      a_ia      1362                            0.00306746         6
   64284       -0.00047708        op     17764     17765                 -0.02814743        59
   17764       -0.00047366    a_iajb     17764                           -0.02794598        59
   64285       -0.00047025        om     17764     17765                 -0.02774454        59
    1488       -0.00044121      a_ia      1488                           -0.00088243         2
    1452        0.00043284      a_ia      1452                            0.00086567         2
   57232        0.00043107        op     12062     12063                  0.03836517        89
   57233        0.00043107        om     12062     12063                  0.03836517        89
   90164        0.00042747        op     37656     37657                  0.01581622        37

  ==> Add operator: a_ia 1362
  ==> Current qubit order: 2  3  4  5  6  7  8  9  10  11  14  15  17  18  19  26  27  28  29  34  30  31  59  58  16  25  37  23  35  49  13  42  36  48  43  24  12  50  51  45  46  38  56  60  61  64  62  65  84  53  82  54  55  22  40  71  94  20  21  1  0  95  52  70  72  63  85  73  39  41  57  66  68  69  44  74  47  75  76  77  67  78  79  80  89  81  88  91  90  32  86  87  33  83  92  93  


  ==> Energy                -270.506527519
  ==> dE                       -4.46e-06
  ==> Gradient Norm             2.16e+00
  ==> Abs. Max. Deriv.          5.26e-02
  ==> Time-Grad. (s)              73.630
  ==> Time-Energy (s)             18.722
  ==> Time-Iter. (s)              92.352

--------------------------------------------------------------------------------
CEO-ADAPT-VQE iteration: 196
--------------------------------------------------------------------------------
    gate        derivative      name       op1       op2       op3        g_unscaled   penalty
    1290        0.00069985      a_ia      1290                            0.00139969         2
   64284       -0.00047706        op     17764     17765                 -0.02814671        59
   17764       -0.00047365    a_iajb     17764                           -0.02794510        59
   64285       -0.00047023        om     17764     17765                 -0.02774348        59
    1488       -0.00043793      a_ia      1488                           -0.00087586         2
   57232        0.00043107        op     12062     12063                  0.03836518        89
   57233        0.00043107        om     12062     12063                  0.03836518        89
   90164        0.00042747        op     37656     37657                  0.01581623        37
   90165        0.00042747        om     37656     37657                  0.01581623        37
    1452        0.00042599      a_ia      1452                            0.00085199         2

  ==> Add operator: mvp2 -1: 17764 17765
  ==> Current qubit order: 2  3  4  5  6  7  8  9  10  11  14  15  17  18  19  26  27  28  29  34  30  31  25  37  59  58  16  13  23  35  49  42  36  48  43  24  12  50  51  45  46  38  56  60  61  64  62  65  84  53  82  54  55  22  40  71  94  20  21  1  0  95  52  70  72  63  85  73  39  41  57  66  68  69  44  74  47  75  76  77  67  78  79  80  89  81  88  91  90  32  86  87  33  83  92  93  


  ==> Energy                -270.506616994
  ==> dE                       -8.95e-05
  ==> Gradient Norm             2.16e+00
  ==> Abs. Max. Deriv.          5.26e-02
  ==> Time-Grad. (s)              73.628
  ==> Time-Energy (s)             38.499
  ==> Time-Iter. (s)             112.128

--------------------------------------------------------------------------------
CEO-ADAPT-VQE iteration: 197
--------------------------------------------------------------------------------
    gate        derivative      name       op1       op2       op3        g_unscaled   penalty
    1033       -0.00080768      a_ia      1033                           -0.00161537         2
    1290        0.00069877      a_ia      1290                            0.00139753         2
    1047        0.00046231      a_ia      1047                            0.00184923         4
    1488       -0.00043799      a_ia      1488                           -0.00087599         2
    1452        0.00042728      a_ia      1452                            0.00085457         2
    1292        0.00041822      a_ia      1292                            0.00083644         2
   72269        0.00041450        om     24008     24009                  0.03357461        81
   58118        0.00041422        op     12813     12814                  0.03769406        91
   47096        0.00040034        op      3168      3169                  0.02682310        67
    1704       -0.00040010      a_ia      1704                           -0.00320082         8

  ==> Add operator: a_ia 1033
  ==> Current qubit order: 2  3  4  5  6  7  8  9  10  11  14  15  17  18  19  26  27  28  29  34  30  31  25  37  59  58  16  13  23  35  49  42  36  48  43  24  12  50  51  45  46  38  56  60  61  64  62  65  84  53  82  54  55  22  40  71  94  20  21  1  0  95  52  70  72  63  85  73  39  41  57  66  68  69  44  74  47  75  76  77  67  78  79  80  89  81  88  91  90  32  86  87  33  83  92  93  


  ==> Energy                -270.506763374
  ==> dE                       -1.46e-04
  ==> Gradient Norm             2.16e+00
  ==> Abs. Max. Deriv.          5.26e-02
  ==> Time-Grad. (s)              73.822
  ==> Time-Energy (s)             18.691
  ==> Time-Iter. (s)              92.513

--------------------------------------------------------------------------------
CEO-ADAPT-VQE iteration: 198
--------------------------------------------------------------------------------
    gate        derivative      name       op1       op2       op3        g_unscaled   penalty
    1290        0.00070351      a_ia      1290                            0.00140703         2
    1488       -0.00043956      a_ia      1488                           -0.00087913         2
    1452        0.00043567      a_ia      1452                            0.00087133         2
   58118        0.00041397        op     12813     12814                  0.03767111        91
   72269        0.00041342        om     24008     24009                  0.03348697        81
    1292        0.00041162      a_ia      1292                            0.00082324         2
   47096        0.00040033        op      3168      3169                  0.02682187        67
   87808        0.00039905        op     35954     35955                  0.01875512        47
    3168        0.00039812    a_iajb      3168                            0.02667437        67
    1704       -0.00039712      a_ia      1704                           -0.00317695         8

  ==> Add operator: mvp2 -1: 12813 12814
  ==> Current qubit order: 2  3  4  5  7  8  9  10  11  14  15  17  18  19  26  27  28  29  6  25  59  58  34  30  31  37  16  13  23  35  49  42  36  48  43  24  12  50  51  45  46  38  56  60  61  64  62  65  84  53  82  54  55  22  40  71  94  20  21  1  0  95  52  70  72  63  85  73  39  41  57  66  68  69  44  74  47  75  76  77  67  78  79  80  89  81  88  91  90  32  86  87  33  83  92  93  


  ==> Energy                -270.507492291
  ==> dE                       -7.29e-04
  ==> Gradient Norm             2.16e+00
  ==> Abs. Max. Deriv.          5.26e-02
  ==> Time-Grad. (s)              75.555
  ==> Time-Energy (s)             40.221
  ==> Time-Iter. (s)             115.776

--------------------------------------------------------------------------------
CEO-ADAPT-VQE iteration: 199
--------------------------------------------------------------------------------
    gate        derivative      name       op1       op2       op3        g_unscaled   penalty
    1290        0.00070911      a_ia      1290                            0.00141821         2
     301       -0.00062203      a_ia       301                           -0.00373219         6
    1337       -0.00057791      a_ia      1337                           -0.00115583         2
    1047        0.00052620      a_ia      1047                            0.00105241         2
   57360       -0.00051788        op     12172     12173                 -0.03159038        61
   12172       -0.00051302    a_iajb     12172                           -0.03129407        61
   57361       -0.00050816        om     12172     12173                 -0.03099776        61
   57233        0.00050074        om     12062     12063                  0.03955807        79
   12062        0.00048650    a_iajb     12062                            0.03843313        79
   90164        0.00047330        op     37656     37657                  0.01561886        33

  ==> Add operator: a_ia 301
  ==> Current qubit order: 2  3  4  5  7  8  9  10  11  14  15  17  18  19  26  27  28  29  25  59  6  58  34  30  31  37  16  13  23  35  49  42  36  48  43  24  12  50  51  45  46  38  56  60  61  64  62  65  84  53  82  54  55  22  40  71  94  20  21  1  0  95  52  70  72  63  85  73  39  41  57  66  68  69  44  74  47  75  76  77  67  78  79  80  89  81  88  91  90  32  86  87  33  83  92  93  


  ==> Energy                -270.507495340
  ==> dE                       -3.05e-06
  ==> Gradient Norm             2.15e+00
  ==> Abs. Max. Deriv.          5.26e-02
  ==> Time-Grad. (s)              76.796
  ==> Time-Energy (s)             19.455
  ==> Time-Iter. (s)              96.251

--------------------------------------------------------------------------------
CEO-ADAPT-VQE iteration: 200
--------------------------------------------------------------------------------
    gate        derivative      name       op1       op2       op3        g_unscaled   penalty
    1290        0.00072050      a_ia      1290                            0.00144100         2
    1337       -0.00058365      a_ia      1337                           -0.00116729         2
    1047        0.00058124      a_ia      1047                            0.00116247         2
    1181       -0.00053477      a_ia      1181                           -0.00213909         4
   90164        0.00050366        op     37656     37657                  0.01561349        31
   90165        0.00050366        om     37656     37657                  0.01561349        31
   66542        0.00045108        op     19470     19471                  0.02661366        59
   66543        0.00045108        om     19470     19471                  0.02661366        59
    1292        0.00044767      a_ia      1292                            0.00089534         2
   57360       -0.00044355        op     12172     12173                 -0.03149206        71

  ==> Tried operator a_ia 1337: gain -3.59e-07 (threshold 7.3e-07), removed and excluded for this stage
  ==> Add operator: a_ia 1181
  ==> Current qubit order: 2  3  4  5  7  8  9  10  11  14  15  17  18  19  26  27  28  25  29  59  6  58  34  30  31  37  16  13  23  35  49  42  36  48  43  24  12  50  51  45  46  38  56  60  61  64  62  65  84  53  82  54  55  22  40  71  94  20  21  1  0  95  52  70  72  63  85  73  39  41  57  66  68  69  44  74  47  75  76  77  67  78  79  80  89  81  88  91  90  32  86  87  33  83  92  93  


  ==> Energy                -270.507496630
  ==> dE                       -1.29e-06
  ==> Gradient Norm             2.15e+00
  ==> Abs. Max. Deriv.          5.26e-02
  ==> Time-Grad. (s)              76.954
  ==> Time-Energy (s)             41.136
  ==> Time-Iter. (s)             118.089

--------------------------------------------------------------------------------
CEO-ADAPT-VQE iteration: 201
--------------------------------------------------------------------------------
    gate        derivative      name       op1       op2       op3        g_unscaled   penalty
    1290        0.00071900      a_ia      1290                            0.00143801         2
    1337       -0.00058029      a_ia      1337                           -0.00116057         2
    1292        0.00045310      a_ia      1292                            0.00090620         2
   66542        0.00045089        op     19470     19471                  0.02660242        59
   66543        0.00045089        om     19470     19471                  0.02660242        59
   57360       -0.00044351        op     12172     12173                 -0.03148940        71
   12172       -0.00043947    a_iajb     12172                           -0.03120248        71
    1452        0.00043595      a_ia      1452                            0.00087190         2
   57361       -0.00043543        om     12172     12173                 -0.03091555        71
    1488       -0.00043355      a_ia      1488                           -0.00086710         2

  ==> Add operator: op -1: 19470 19471
  ==> Current qubit order: 2  3  4  5  7  8  9  10  11  17  18  19  26  27  14  15  59  58  28  25  29  6  34  30  31  37  16  13  23  35  49  42  36  48  43  24  12  50  51  45  46  38  56  60  61  64  62  65  84  53  82  54  55  22  40  71  94  20  21  1  0  95  52  70  72  63  85  73  39  41  57  66  68  69  44  74  47  75  76  77  67  78  79  80  89  81  88  91  90  32  86  87  33  83  92  93  


  ==> Energy                -270.507575141
  ==> dE                       -7.85e-05
  ==> Gradient Norm             2.15e+00
  ==> Abs. Max. Deriv.          5.26e-02
  ==> Time-Grad. (s)              77.397
  ==> Time-Energy (s)             17.559
  ==> Time-Iter. (s)              94.956

--------------------------------------------------------------------------------
CEO-ADAPT-VQE iteration: 202
--------------------------------------------------------------------------------
    gate        derivative      name       op1       op2       op3        g_unscaled   penalty
    1148       -0.00184257      a_ia      1148                           -0.00368514         2
     677        0.00082892      a_ia       677                            0.00165784         2
    1290        0.00071853      a_ia      1290                            0.00143707         2
   57360       -0.00049710        op     12172     12173                 -0.03131761        63
   12172       -0.00049255    a_iajb     12172                           -0.03103077        63
   57361       -0.00048800        om     12172     12173                 -0.03074393        63
   73182        0.00045531        op     24730     24731                  0.01866751        41
   73183        0.00045531        om     24730     24731                  0.01866751        41
    1292        0.00045131      a_ia      1292                            0.00090262         2
    1452        0.00043635      a_ia      1452                            0.00087271         2

  ==> Add operator: a_ia 1148
  ==> Current qubit order: 2  3  4  5  7  8  9  10  11  17  18  19  26  27  14  15  59  58  28  25  29  6  34  30  31  37  16  13  23  35  49  42  36  48  43  24  12  50  51  45  46  38  56  60  61  64  62  65  84  53  82  54  55  22  40  71  94  20  21  1  0  95  52  70  72  63  85  73  39  41  57  66  68  69  44  74  47  75  76  77  67  78  79  80  89  81  88  91  90  32  86  87  33  83  92  93  


  ==> Energy                -270.507579073
  ==> dE                       -3.93e-06
  ==> Gradient Norm             2.15e+00
  ==> Abs. Max. Deriv.          5.26e-02
  ==> Time-Grad. (s)              77.523
  ==> Time-Energy (s)             21.176
  ==> Time-Iter. (s)              98.699

--------------------------------------------------------------------------------
CEO-ADAPT-VQE iteration: 203
--------------------------------------------------------------------------------
    gate        derivative      name       op1       op2       op3        g_unscaled   penalty
     677        0.00083361      a_ia       677                            0.00166721         2
    1290        0.00070643      a_ia      1290                            0.00141287         2
   57360       -0.00049754        op     12172     12173                 -0.03134514        63
   12172       -0.00049297    a_iajb     12172                           -0.03105737        63
   57361       -0.00048841        om     12172     12173                 -0.03076960        63
    1292        0.00046160      a_ia      1292                            0.00092319         2
   73182        0.00045588        op     24730     24731                  0.01869099        41
   73183        0.00045588        om     24730     24731                  0.01869099        41
    1452        0.00043665      a_ia      1452                            0.00087329         2
    1488       -0.00043321      a_ia      1488                           -0.00086641         2

  ==> Add operator: a_ia 677
  ==> Current qubit order: 2  3  4  5  7  8  9  10  11  17  18  19  26  27  14  15  59  58  28  25  29  6  34  30  31  37  16  13  23  35  49  42  36  48  43  24  12  50  51  45  46  38  56  60  61  64  62  65  84  53  82  54  55  22  40  71  94  20  21  1  0  95  52  70  72  63  85  73  39  41  57  66  68  69  44  74  47  75  76  77  67  78  79  80  89  81  88  91  90  32  86  87  33  83  92  93  


  ==> Energy                -270.507579736
  ==> dE                       -6.63e-07
  ==> Gradient Norm             2.15e+00
  ==> Abs. Max. Deriv.          5.26e-02
  ==> Time-Grad. (s)              78.041
  ==> Time-Energy (s)             19.955
  ==> Time-Iter. (s)              97.996

--------------------------------------------------------------------------------
CEO-ADAPT-VQE iteration: 204
--------------------------------------------------------------------------------
    gate        derivative      name       op1       op2       op3        g_unscaled   penalty
    1290        0.00070771      a_ia      1290                            0.00141541         2
   57360       -0.00049756        op     12172     12173                 -0.03134621        63
   12172       -0.00049300    a_iajb     12172                           -0.03105885        63
   57361       -0.00048844        om     12172     12173                 -0.03077149        63
    1292        0.00046863      a_ia      1292                            0.00093726         2
   73182        0.00045599        op     24730     24731                  0.01869542        41
   73183        0.00045599        om     24730     24731                  0.01869542        41
    1452        0.00043556      a_ia      1452                            0.00087111         2
    1488       -0.00043278      a_ia      1488                           -0.00086556         2
   57233        0.00042064        om     12062     12063                  0.03911970        93

  ==> Add operator: mvp2 -1: 12172 12173
  ==> Current qubit order: 2  3  4  5  7  8  9  10  11  17  18  19  26  27  14  15  28  25  59  58  6  13  29  34  30  31  37  16  23  35  49  42  36  48  43  24  12  50  51  45  46  38  56  60  61  64  62  65  84  53  82  54  55  22  40  71  94  20  21  1  0  95  52  70  72  63  85  73  39  41  57  66  68  69  44  74  47  75  76  77  67  78  79  80  89  81  88  91  90  32  86  87  33  83  92  93  


  ==> Energy                -270.508168247
  ==> dE                       -5.89e-04
  ==> Gradient Norm             2.15e+00
  ==> Abs. Max. Deriv.          5.26e-02
  ==> Time-Grad. (s)              78.569
  ==> Time-Energy (s)            670.064
  ==> Time-Iter. (s)             748.633

--------------------------------------------------------------------------------
CEO-ADAPT-VQE iteration: 205
--------------------------------------------------------------------------------
    gate        derivative      name       op1       op2       op3        g_unscaled   penalty
    1047        0.00172094      a_ia      1047                            0.00344188         2
    1290        0.00063777      a_ia      1290                            0.00127555         2
     660       -0.00054649      a_ia       660                           -0.00218595         4
    1292        0.00052887      a_ia      1292                            0.00105775         2
    1452        0.00044815      a_ia      1452                            0.00089630         2
   57233        0.00041683        om     12062     12063                  0.03959848        95
   67216       -0.00040823        op     20024     20025                 -0.01837018        45
    1488       -0.00040751      a_ia      1488                           -0.00081503         2
    1704       -0.00040750      a_ia      1704                           -0.00326002         8
   12062        0.00040226    a_iajb     12062                            0.03821474        95

  ==> Add operator: a_ia 660
  ==> Current qubit order: 2  3  4  5  7  8  9  10  11  17  18  19  26  27  14  28  15  25  59  58  6  13  29  34  30  31  37  16  23  35  49  42  36  48  43  24  12  50  51  45  46  38  56  60  61  64  62  65  84  53  82  54  55  22  40  71  94  20  21  1  0  95  52  70  72  63  85  73  39  41  57  66  68  69  44  74  47  75  76  77  67  78  79  80  89  81  88  91  90  32  86  87  33  83  92  93  


  ==> Energy                -270.508387973
  ==> dE                       -2.20e-04
  ==> Gradient Norm             2.15e+00
  ==> Abs. Max. Deriv.          5.27e-02
  ==> Time-Grad. (s)              79.540
  ==> Time-Energy (s)             20.657
  ==> Time-Iter. (s)             100.197

--------------------------------------------------------------------------------
CEO-ADAPT-VQE iteration: 206
--------------------------------------------------------------------------------
    gate        derivative      name       op1       op2       op3        g_unscaled   penalty
    1047        0.00123703      a_ia      1047                            0.00247406         2
    1290        0.00064503      a_ia      1290                            0.00129006         2
     677       -0.00061949      a_ia       677                           -0.00247796         4
    1292        0.00052578      a_ia      1292                            0.00105157         2
   67216       -0.00050558        op     20024     20025                 -0.02275115        45
   20024       -0.00047194    a_iajb     20024                           -0.02123747        45
    1452        0.00044542      a_ia      1452                            0.00089084         2
   67217       -0.00043831        om     20024     20025                 -0.01972378        45
   57233        0.00041888        om     12062     12063                  0.03979377        95
    1488       -0.00041212      a_ia      1488                           -0.00082425         2

  ==> Add operator: mvp2 -1: 20024 20025
  ==> Current qubit order: 2  3  4  5  7  8  9  10  11  17  18  19  26  27  28  15  14  25  59  58  6  13  29  34  30  31  37  16  23  35  49  42  36  48  43  24  12  50  51  45  46  38  56  60  61  64  62  65  84  53  82  54  55  22  40  71  94  20  21  1  0  95  52  70  72  63  85  73  39  41  57  66  68  69  44  74  47  75  76  77  67  78  79  80  89  81  88  91  90  32  86  87  33  83  92  93  


  ==> Energy                -270.508653312
  ==> dE                       -2.65e-04
  ==> Gradient Norm             2.15e+00
  ==> Abs. Max. Deriv.          5.27e-02
  ==> Time-Grad. (s)              81.032
  ==> Time-Energy (s)             37.156
  ==> Time-Iter. (s)             118.188

--------------------------------------------------------------------------------
CEO-ADAPT-VQE iteration: 207
--------------------------------------------------------------------------------
    gate        derivative      name       op1       op2       op3        g_unscaled   penalty
    1047        0.00115478      a_ia      1047                            0.00230956         2
    1290        0.00065272      a_ia      1290                            0.00130544         2
    1292        0.00052620      a_ia      1292                            0.00105240         2
    1452        0.00044262      a_ia      1452                            0.00088525         2
     677       -0.00042502      a_ia       677                           -0.00255014         6
   57233        0.00041928        om     12062     12063                  0.03983146        95
    1488       -0.00041186      a_ia      1488                           -0.00082372         2
    1704       -0.00040703      a_ia      1704                           -0.00325623         8
   12062        0.00040468    a_iajb     12062                            0.03844488        95
   47096        0.00040011        op      3168      3169                  0.02680748        67

  ==> Add operator: mvp2 -1: 12062 12063
  ==> Current qubit order: 2  3  4  5  8  9  10  11  17  18  19  26  27  7  59  58  6  28  15  14  25  13  29  34  30  31  37  16  23  35  49  42  36  48  43  24  12  50  51  45  46  38  56  60  61  64  62  65  84  53  82  54  55  22  40  71  94  20  21  1  0  95  52  70  72  63  85  73  39  41  57  66  68  69  44  74  47  75  76  77  67  78  79  80  89  81  88  91  90  32  86  87  33  83  92  93  


  ==> Energy                -270.509377061
  ==> dE                       -7.24e-04
  ==> Gradient Norm             2.15e+00
  ==> Abs. Max. Deriv.          5.27e-02
  ==> Time-Grad. (s)              82.074
  ==> Time-Energy (s)             37.444
  ==> Time-Iter. (s)             119.518

--------------------------------------------------------------------------------
CEO-ADAPT-VQE iteration: 208
--------------------------------------------------------------------------------
    gate        derivative      name       op1       op2       op3        g_unscaled   penalty
     301       -0.00102779      a_ia       301                           -0.00205558         2
     345       -0.00087780      a_ia       345                           -0.00175560         2
    1290        0.00067075      a_ia      1290                            0.00134149         2
    1292        0.00054165      a_ia      1292                            0.00108330         2
   73182        0.00049147        op     24730     24731                  0.01818442        37
   73183        0.00049147        om     24730     24731                  0.01818442        37
     755       -0.00047149      a_ia       755                           -0.00565785        12
    1452        0.00043962      a_ia      1452                            0.00087923         2
    1704       -0.00041211      a_ia      1704                           -0.00329692         8
    1488       -0.00040610      a_ia      1488                           -0.00081220         2

  ==> Add operator: a_ia 345
  ==> Current qubit order: 2  3  4  5  8  9  10  11  17  18  19  26  27  7  59  58  6  28  15  14  25  13  29  34  30  31  37  16  23  35  49  42  36  48  43  24  12  50  51  45  46  38  56  60  61  64  62  65  84  53  82  54  55  22  40  71  94  20  21  1  0  95  52  70  72  63  85  73  39  41  57  66  68  69  44  74  47  75  76  77  67  78  79  80  89  81  88  91  90  32  86  87  33  83  92  93  


  ==> Energy                -270.509377992
  ==> dE                       -9.31e-07
  ==> Gradient Norm             2.14e+00
  ==> Abs. Max. Deriv.          5.27e-02
  ==> Time-Grad. (s)              82.996
  ==> Time-Energy (s)             21.823
  ==> Time-Iter. (s)             104.819

--------------------------------------------------------------------------------
CEO-ADAPT-VQE iteration: 209
--------------------------------------------------------------------------------
    gate        derivative      name       op1       op2       op3        g_unscaled   penalty
     301       -0.00099453      a_ia       301                           -0.00198907         2
    1290        0.00068076      a_ia      1290                            0.00136153         2
    1292        0.00055152      a_ia      1292                            0.00110304         2
   73182        0.00049166        op     24730     24731                  0.01819124        37
   73183        0.00049166        om     24730     24731                  0.01819124        37
     755       -0.00047253      a_ia       755                           -0.00567042        12
    1452        0.00043876      a_ia      1452                            0.00087751         2
    1704       -0.00041211      a_ia      1704                           -0.00329691         8
    1488       -0.00040377      a_ia      1488                           -0.00080754         2
   47096        0.00040011        op      3168      3169                  0.02680753        67

  ==> Add operator: op -1: 24730 24731
  ==> Current qubit order: 2  3  4  5  8  9  10  11  17  26  18  19  59  58  27  7  6  28  15  14  25  13  29  34  30  31  37  16  23  35  49  42  36  48  43  24  12  50  51  45  46  38  56  60  61  64  62  65  84  53  82  54  55  22  40  71  94  20  21  1  0  95  52  70  72  63  85  73  39  41  57  66  68  69  44  74  47  75  76  77  67  78  79  80  89  81  88  91  90  32  86  87  33  83  92  93  


  ==> Energy                -270.509418760
  ==> dE                       -4.08e-05
  ==> Gradient Norm             2.14e+00
  ==> Abs. Max. Deriv.          5.27e-02
  ==> Time-Grad. (s)              82.969
  ==> Time-Energy (s)             18.945
  ==> Time-Iter. (s)             101.914

--------------------------------------------------------------------------------
CEO-ADAPT-VQE iteration: 210
--------------------------------------------------------------------------------
    gate        derivative      name       op1       op2       op3        g_unscaled   penalty
     755       -0.00070912      a_ia       755                           -0.00567296         8
    1290        0.00068066      a_ia      1290                            0.00136132         2
    1292        0.00055022      a_ia      1292                            0.00110044         2
     793       -0.00054906      a_ia       793                           -0.00329437         6
    1452        0.00043859      a_ia      1452                            0.00087718         2
   53760        0.00043821        op      8938      8939                  0.02497798        57
   53761        0.00043821        om      8938      8939                  0.02497798        57
    1704       -0.00041212      a_ia      1704                           -0.00329693         8
    1488       -0.00040374      a_ia      1488                           -0.00080749         2
   55571       -0.00040060        om     10574     10575                 -0.02764113        69

  ==> Add operator: a_ia 755
  ==> Current qubit order: 2  3  4  5  8  9  10  11  26  18  19  17  59  58  27  7  6  28  15  14  25  13  29  34  30  31  37  16  23  35  49  42  36  48  43  24  12  50  51  45  46  38  56  60  61  64  62  65  84  53  82  54  55  22  40  71  94  20  21  1  0  95  52  70  72  63  85  73  39  41  57  66  68  69  44  74  47  75  76  77  67  78  79  80  89  81  88  91  90  32  86  87  33  83  92  93  


  ==> Energy                -270.509426445
  ==> dE                       -7.68e-06
  ==> Gradient Norm             2.14e+00
  ==> Abs. Max. Deriv.          5.27e-02
  ==> Time-Grad. (s)              83.522
  ==> Time-Energy (s)             21.296
  ==> Time-Iter. (s)             104.817

--------------------------------------------------------------------------------
CEO-ADAPT-VQE iteration: 211
--------------------------------------------------------------------------------
    gate        derivative      name       op1       op2       op3        g_unscaled   penalty
    1290        0.00070690      a_ia      1290                            0.00141379         2
    1292        0.00057459      a_ia      1292                            0.00114919         2
   53760        0.00043820        op      8938      8939                  0.02497741        57
   53761        0.00043820        om      8938      8939                  0.02497741        57
    1452        0.00043733      a_ia      1452                            0.00087467         2
    1704       -0.00041223      a_ia      1704                           -0.00329782         8
     793       -0.00040889      a_ia       793                           -0.00327111         8
   55571       -0.00040063        om     10574     10575                 -0.02764361        69
   47096        0.00040011        op      3168      3169                  0.02680752        67
    1488       -0.00039933      a_ia      1488                           -0.00079866         2

  ==> Add operator: op -1: 8938 8939
  ==> Current qubit order: 2  3  8  9  10  11  26  4  5  59  58  18  19  17  27  7  6  28  15  14  25  13  29  34  30  31  37  16  23  35  49  42  36  48  43  24  12  50  51  45  46  38  56  60  61  64  62  65  84  53  82  54  55  22  40  71  94  20  21  1  0  95  52  70  72  63  85  73  39  41  57  66  68  69  44  74  47  75  76  77  67  78  79  80  89  81  88  91  90  32  86  87  33  83  92  93  


  ==> Energy                -270.509483024
  ==> dE                       -5.66e-05
  ==> Gradient Norm             2.14e+00
  ==> Abs. Max. Deriv.          5.27e-02
  ==> Time-Grad. (s)              83.676
  ==> Time-Energy (s)             18.130
  ==> Time-Iter. (s)             101.806

--------------------------------------------------------------------------------
CEO-ADAPT-VQE iteration: 212
--------------------------------------------------------------------------------
    gate        derivative      name       op1       op2       op3        g_unscaled   penalty
     257        0.00276986      a_ia       257                            0.00553972         2
     793       -0.00163553      a_ia       793                           -0.00327107         2
     212        0.00077312      a_ia       212                            0.00463874         6
    1290        0.00070684      a_ia      1290                            0.00141369         2
    1292        0.00057375      a_ia      1292                            0.00114750         2
   53912       -0.00053802        op      9087      9088                 -0.02743914        51
    9087       -0.00052419    a_iajb      9087                           -0.02673373        51
   53913       -0.00051036        om      9087      9088                 -0.02602832        51
   55571       -0.00048000        om     10574     10575                 -0.02832016        59
   10574       -0.00046826    a_iajb     10574                           -0.02762746        59

  ==> Add operator: a_ia 257
  ==> Current qubit order: 2  3  8  9  10  11  26  4  5  59  58  18  19  17  27  7  6  28  15  14  25  13  29  34  30  31  37  16  23  35  49  42  36  48  43  24  12  50  51  45  46  38  56  60  61  64  62  65  84  53  82  54  55  22  40  71  94  20  21  1  0  95  52  70  72  63  85  73  39  41  57  66  68  69  44  74  47  75  76  77  67  78  79  80  89  81  88  91  90  32  86  87  33  83  92  93  


  ==> Energy                -270.509488954
  ==> dE                       -5.93e-06
  ==> Gradient Norm             2.14e+00
  ==> Abs. Max. Deriv.          5.27e-02
  ==> Time-Grad. (s)              83.449
  ==> Time-Energy (s)             23.331
  ==> Time-Iter. (s)             106.780

--------------------------------------------------------------------------------
CEO-ADAPT-VQE iteration: 213
--------------------------------------------------------------------------------
    gate        derivative      name       op1       op2       op3        g_unscaled   penalty
     793       -0.00165149      a_ia       793                           -0.00330299         2
     212        0.00075387      a_ia       212                            0.00452320         6
    1290        0.00072930      a_ia      1290                            0.00145859         2
    1292        0.00059194      a_ia      1292                            0.00118388         2
   53912       -0.00053800        op      9087      9088                 -0.02743786        51
    9087       -0.00052417    a_iajb      9087                           -0.02673270        51
   53913       -0.00051034        om      9087      9088                 -0.02602754        51
   55571       -0.00047917        om     10574     10575                 -0.02827115        59
   10574       -0.00046773    a_iajb     10574                           -0.02759606        59
   55570       -0.00045629        op     10574     10575                 -0.02692097        59

  ==> Add operator: a_ia 793
  ==> Current qubit order: 2  3  8  9  10  11  26  4  5  59  58  18  19  17  27  7  6  28  15  14  25  13  29  34  30  31  37  16  23  35  49  42  36  48  43  24  12  50  51  45  46  38  56  60  61  64  62  65  84  53  82  54  55  22  40  71  94  20  21  1  0  95  52  70  72  63  85  73  39  41  57  66  68  69  44  74  47  75  76  77  67  78  79  80  89  81  88  91  90  32  86  87  33  83  92  93  


  ==> Energy                -270.509491756
  ==> dE                       -2.80e-06
  ==> Gradient Norm             2.14e+00
  ==> Abs. Max. Deriv.          5.27e-02
  ==> Time-Grad. (s)              83.864
  ==> Time-Energy (s)             21.851
  ==> Time-Iter. (s)             105.716

--------------------------------------------------------------------------------
CEO-ADAPT-VQE iteration: 214
--------------------------------------------------------------------------------
    gate        derivative      name       op1       op2       op3        g_unscaled   penalty
     212        0.00073292      a_ia       212                            0.00439751         6
    1290        0.00071490      a_ia      1290                            0.00142979         2
    1292        0.00059464      a_ia      1292                            0.00118928         2
   53912       -0.00053810        op      9087      9088                 -0.02744322        51
    9087       -0.00052430    a_iajb      9087                           -0.02673910        51
   53913       -0.00051049        om      9087      9088                 -0.02603497        51
   55571       -0.00047910        om     10574     10575                 -0.02826697        59
   10574       -0.00046766    a_iajb     10574                           -0.02759207        59
   55570       -0.00045622        op     10574     10575                 -0.02691717        59
    1452        0.00043525      a_ia      1452                            0.00087051         2

  ==> Add operator: a_ia 212
  ==> Current qubit order: 2  3  8  9  10  11  26  5  59  4  58  18  19  17  27  7  6  28  15  14  25  13  29  34  30  31  37  16  23  35  49  42  36  48  43  24  12  50  51  45  46  38  56  60  61  64  62  65  84  53  82  54  55  22  40  71  94  20  21  1  0  95  52  70  72  63  85  73  39  41  57  66  68  69  44  74  47  75  76  77  67  78  79  80  89  81  88  91  90  32  86  87  33  83  92  93  


  ==> Energy                -270.509495572
  ==> dE                       -3.82e-06
  ==> Gradient Norm             2.14e+00
  ==> Abs. Max. Deriv.          5.27e-02
  ==> Time-Grad. (s)              84.225
  ==> Time-Energy (s)             22.769
  ==> Time-Iter. (s)             106.994

--------------------------------------------------------------------------------
CEO-ADAPT-VQE iteration: 215
--------------------------------------------------------------------------------
    gate        derivative      name       op1       op2       op3        g_unscaled   penalty
    1290        0.00072291      a_ia      1290                            0.00144583         2
    1292        0.00060652      a_ia      1292                            0.00121303         2
   55571       -0.00051392        om     10574     10575                 -0.02826575        55
   10574       -0.00050166    a_iajb     10574                           -0.02759125        55
   55570       -0.00048940        op     10574     10575                 -0.02691675        55
   50376        0.00045042        op      5932      5933                  0.02297155        51
   50377        0.00045042        om      5932      5933                  0.02297155        51
   53912       -0.00044943        op      9087      9088                 -0.02741510        61
    9087       -0.00043810    a_iajb      9087                           -0.02672413        61
    1452        0.00043353      a_ia      1452                            0.00086707         2

  ==> Add operator: mvp2 -1: 10574 10575
  ==> Current qubit order: 2  3  8  9  10  11  26  4  5  59  58  6  18  19  17  27  7  28  15  14  25  13  29  34  30  31  37  16  23  35  49  42  36  48  43  24  12  50  51  45  46  38  56  60  61  64  62  65  84  53  82  54  55  22  40  71  94  20  21  1  0  95  52  70  72  63  85  73  39  41  57  66  68  69  44  74  47  75  76  77  67  78  79  80  89  81  88  91  90  32  86  87  33  83  92  93  


  ==> Energy                -270.509774785
  ==> dE                       -2.79e-04
  ==> Gradient Norm             2.14e+00
  ==> Abs. Max. Deriv.          5.27e-02
  ==> Time-Grad. (s)              84.669
  ==> Time-Energy (s)             39.441
  ==> Time-Iter. (s)             124.110

--------------------------------------------------------------------------------
CEO-ADAPT-VQE iteration: 216
--------------------------------------------------------------------------------
    gate        derivative      name       op1       op2       op3        g_unscaled   penalty
     301       -0.00292500      a_ia       301                           -0.00585000         2
     257       -0.00122076      a_ia       257                           -0.00244152         2
    1290        0.00071917      a_ia      1290                            0.00143834         2
    1292        0.00059745      a_ia      1292                            0.00119490         2
   53912       -0.00050194        op      9087      9088                 -0.02660261        53
    9087       -0.00048903    a_iajb      9087                           -0.02591875        53
   53913       -0.00047613        om      9087      9088                 -0.02523490        53
   50376        0.00044067        op      5932      5933                  0.02335557        53
   50377        0.00044067        om      5932      5933                  0.02335557        53
    1452        0.00043486      a_ia      1452                            0.00086971         2

  ==> Add operator: a_ia 301
  ==> Current qubit order: 2  3  8  9  10  11  26  4  5  59  58  6  18  19  17  27  7  28  15  14  25  13  29  34  30  31  37  16  23  35  49  42  36  48  43  24  12  50  51  45  46  38  56  60  61  64  62  65  84  53  82  54  55  22  40  71  94  20  21  1  0  95  52  70  72  63  85  73  39  41  57  66  68  69  44  74  47  75  76  77  67  78  79  80  89  81  88  91  90  32  86  87  33  83  92  93  


  ==> Energy                -270.509782036
  ==> dE                       -7.25e-06
  ==> Gradient Norm             2.14e+00
  ==> Abs. Max. Deriv.          5.27e-02
  ==> Time-Grad. (s)              85.670
  ==> Time-Energy (s)             19.784
  ==> Time-Iter. (s)             105.454

--------------------------------------------------------------------------------
CEO-ADAPT-VQE iteration: 217
--------------------------------------------------------------------------------
    gate        derivative      name       op1       op2       op3        g_unscaled   penalty
     257       -0.00128573      a_ia       257                           -0.00257146         2
    1290        0.00073669      a_ia      1290                            0.00147338         2
    1292        0.00062652      a_ia      1292                            0.00125304         2
   53912       -0.00050181        op      9087      9088                 -0.02659572        53
    9087       -0.00048887    a_iajb      9087                           -0.02591017        53
   53913       -0.00047594        om      9087      9088                 -0.02522461        53
   50376        0.00044096        op      5932      5933                  0.02337114        53
   50377        0.00044096        om      5932      5933                  0.02337114        53
    1452        0.00043825      a_ia      1452                            0.00087650         2
    1704       -0.00041272      a_ia      1704                           -0.00330178         8

  ==> Add operator: mvp2 -1: 9087 9088
  ==> Current qubit order: 2  3  8  9  10  11  26  5  4  59  58  7  6  18  19  17  27  28  15  14  25  13  29  34  30  31  37  16  23  35  49  42  36  48  43  24  12  50  51  45  46  38  56  60  61  64  62  65  84  53  82  54  55  22  40  71  94  20  21  1  0  95  52  70  72  63  85  73  39  41  57  66  68  69  44  74  47  75  76  77  67  78  79  80  89  81  88  91  90  32  86  87  33  83  92  93  


  ==> Energy                -270.510049369
  ==> dE                       -2.67e-04
  ==> Gradient Norm             2.14e+00
  ==> Abs. Max. Deriv.          5.27e-02
  ==> Time-Grad. (s)              85.666
  ==> Time-Energy (s)             42.707
  ==> Time-Iter. (s)             128.373

--------------------------------------------------------------------------------
CEO-ADAPT-VQE iteration: 218
--------------------------------------------------------------------------------
    gate        derivative      name       op1       op2       op3        g_unscaled   penalty
     212       -0.00082559      a_ia       212                           -0.00330236         4
     345       -0.00079576      a_ia       345                           -0.00318306         4
    1290        0.00072981      a_ia      1290                            0.00145961         2
     257       -0.00069697      a_ia       257                           -0.00278790         4
    1292        0.00062324      a_ia      1292                            0.00124647         2
   50376        0.00044787        op      5932      5933                  0.02373732        53
   50377        0.00044787        om      5932      5933                  0.02373732        53
    1452        0.00044090      a_ia      1452                            0.00088180         2
    1704       -0.00041248      a_ia      1704                           -0.00329986         8
   47096        0.00040011        op      3168      3169                  0.02680745        67

  ==> Add operator: op -1: 5932 5933
  ==> Current qubit order: 8  9  10  2  3  59  58  11  26  5  4  7  6  18  19  17  27  28  15  14  25  13  29  34  30  31  37  16  23  35  49  42  36  48  43  24  12  50  51  45  46  38  56  60  61  64  62  65  84  53  82  54  55  22  40  71  94  20  21  1  0  95  52  70  72  63  85  73  39  41  57  66  68  69  44  74  47  75  76  77  67  78  79  80  89  81  88  91  90  32  86  87  33  83  92  93  


  ==> Energy                -270.510099174
  ==> dE                       -4.98e-05
  ==> Gradient Norm             2.14e+00
  ==> Abs. Max. Deriv.          5.27e-02
  ==> Time-Grad. (s)              86.250
  ==> Time-Energy (s)             18.776
  ==> Time-Iter. (s)             105.027

--------------------------------------------------------------------------------
CEO-ADAPT-VQE iteration: 219
--------------------------------------------------------------------------------
    gate        derivative      name       op1       op2       op3        g_unscaled   penalty
     167       -0.00170166      a_ia       167                           -0.00340331         2
     121       -0.00094036      a_ia       121                           -0.00564215         6
    1290        0.00072932      a_ia      1290                            0.00145864         2
    1292        0.00062244      a_ia      1292                            0.00124488         2
    1452        0.00044081      a_ia      1452                            0.00088162         2
    1704       -0.00041249      a_ia      1704                           -0.00329989         8
     212       -0.00040864      a_ia       212                           -0.00326915         8
   47096        0.00040011        op      3168      3169                  0.02680744        67
    3168        0.00039790    a_iajb      3168                            0.02665939        67
   47097        0.00039569        om      3168      3169                  0.02651134        67

  ==> Add operator: a_ia 167
  ==> Current qubit order: 8  9  10  2  3  59  58  11  26  5  4  7  6  18  19  17  27  28  15  14  25  13  29  34  30  31  37  16  23  35  49  42  36  48  43  24  12  50  51  45  46  38  56  60  61  64  62  65  84  53  82  54  55  22  40  71  94  20  21  1  0  95  52  70  72  63  85  73  39  41  57  66  68  69  44  74  47  75  76  77  67  78  79  80  89  81  88  91  90  32  86  87  33  83  92  93  


  ==> Energy                -270.510101542
  ==> dE                       -2.37e-06
  ==> Gradient Norm             2.14e+00
  ==> Abs. Max. Deriv.          5.27e-02
  ==> Time-Grad. (s)              86.381
  ==> Time-Energy (s)             23.057
  ==> Time-Iter. (s)             109.438

--------------------------------------------------------------------------------
CEO-ADAPT-VQE iteration: 220
--------------------------------------------------------------------------------
    gate        derivative      name       op1       op2       op3        g_unscaled   penalty
     121       -0.00092951      a_ia       121                           -0.00557707         6
    1290        0.00073657      a_ia      1290                            0.00147314         2
    1292        0.00062777      a_ia      1292                            0.00125555         2
    1452        0.00044081      a_ia      1452                            0.00088161         2
    1704       -0.00041260      a_ia      1704                           -0.00330081         8
     212       -0.00041024      a_ia       212                           -0.00328194         8
   47096        0.00040011        op      3168      3169                  0.02680744        67
    3168        0.00039790    a_iajb      3168                            0.02665939        67
   47097        0.00039569        om      3168      3169                  0.02651134        67
   49003       -0.00039099        om      4795      4796                 -0.02228667        57

  ==> Add operator: a_ia 121
  ==> Current qubit order: 8  9  10  3  59  2  58  11  26  5  4  7  6  18  19  17  27  28  15  14  25  13  29  34  30  31  37  16  23  35  49  42  36  48  43  24  12  50  51  45  46  38  56  60  61  64  62  65  84  53  82  54  55  22  40  71  94  20  21  1  0  95  52  70  72  63  85  73  39  41  57  66  68  69  44  74  47  75  76  77  67  78  79  80  89  81  88  91  90  32  86  87  33  83  92  93  


  ==> Energy                -270.510107452
  ==> dE                       -5.91e-06
  ==> Gradient Norm             2.14e+00
  ==> Abs. Max. Deriv.          5.27e-02
  ==> Time-Grad. (s)              86.432
  ==> Time-Energy (s)             20.908
  ==> Time-Iter. (s)             107.340

--------------------------------------------------------------------------------
CEO-ADAPT-VQE iteration: 221
--------------------------------------------------------------------------------
    gate        derivative      name       op1       op2       op3        g_unscaled   penalty
    1290        0.00073880      a_ia      1290                            0.00147760         2
    1292        0.00063828      a_ia      1292                            0.00127655         2
    1452        0.00044052      a_ia      1452                            0.00088105         2
     212       -0.00041650      a_ia       212                           -0.00333201         8
    1704       -0.00041270      a_ia      1704                           -0.00330161         8
   47096        0.00040011        op      3168      3169                  0.02680744        67
    3168        0.00039790    a_iajb      3168                            0.02665940        67
   47097        0.00039569        om      3168      3169                  0.02651135        67
   49003       -0.00039099        om      4795      4796                 -0.02228667        57
    4795       -0.00039063    a_iajb      4795                           -0.02226571        57

  ==> Add operator: a_ia 1704
  ==> Current qubit order: 8  9  10  3  59  2  58  11  26  5  4  7  6  18  19  17  27  28  15  14  25  13  29  34  30  31  37  16  23  35  49  42  36  43  24  12  48  50  51  45  46  38  56  60  61  64  62  65  84  53  82  54  55  22  40  71  94  20  21  1  0  95  52  70  72  63  85  73  39  41  57  66  68  69  44  74  47  75  76  77  67  78  79  80  89  81  88  91  90  32  86  87  33  83  92  93  


  ==> Energy                -270.510179817
  ==> dE                       -7.24e-05
  ==> Gradient Norm             2.14e+00
  ==> Abs. Max. Deriv.          5.27e-02
  ==> Time-Grad. (s)              86.723
  ==> Time-Energy (s)             21.049
  ==> Time-Iter. (s)             107.771

--------------------------------------------------------------------------------
CEO-ADAPT-VQE iteration: 222
--------------------------------------------------------------------------------
    gate        derivative      name       op1       op2       op3        g_unscaled   penalty
    1290        0.00074166      a_ia      1290                            0.00148331         2
    1292        0.00063977      a_ia      1292                            0.00127954         2
    1452        0.00046007      a_ia      1452                            0.00092014         2
     212       -0.00041616      a_ia       212                           -0.00332929         8
   47096        0.00040011        op      3168      3169                  0.02680747        67
    3168        0.00039790    a_iajb      3168                            0.02665940        67
   47097        0.00039569        om      3168      3169                  0.02651132        67
   49003       -0.00039092        om      4795      4796                 -0.02228228        57
    4795       -0.00039057    a_iajb      4795                           -0.02226258        57
   49002       -0.00039023        op      4795      4796                 -0.02224289        57

  ==> Add operator: mvp2 -1: 3168 3169
  ==> Current qubit order: 8  9  10  3  59  2  58  11  26  5  4  7  6  18  19  17  27  28  15  14  25  13  29  34  30  31  37  16  23  35  49  42  36  43  24  12  48  50  51  45  46  38  56  60  61  64  62  65  53  82  54  55  22  40  71  94  84  21  0  95  20  1  52  70  72  63  85  73  39  41  57  66  68  69  44  74  47  75  76  77  67  78  79  80  89  81  88  91  90  32  86  87  33  83  92  93  


  ==> Energy                -270.510223801
  ==> dE                       -4.40e-05
  ==> Gradient Norm             2.14e+00
  ==> Abs. Max. Deriv.          5.27e-02
  ==> Time-Grad. (s)              86.881
  ==> Time-Energy (s)             41.369
  ==> Time-Iter. (s)             128.250

--------------------------------------------------------------------------------
CEO-ADAPT-VQE iteration: 223
--------------------------------------------------------------------------------
    gate        derivative      name       op1       op2       op3        g_unscaled   penalty
    1290        0.00074163      a_ia      1290                            0.00148327         2
    1292        0.00063969      a_ia      1292                            0.00127937         2
   49002       -0.00047470        op      4795      4796                 -0.02231100        47
    4795       -0.00047438    a_iajb      4795                           -0.02229582        47
   49003       -0.00047406        om      4795      4796                 -0.02228064        47
    1452        0.00045994      a_ia      1452                            0.00091987         2
     212       -0.00041614      a_ia       212                           -0.00332916         8
   49055        0.00039070        om      4847      4848                  0.02695839        69
    4847        0.00039004    a_iajb      4847                            0.02691298        69
   49054        0.00038938        op      4847      4848                  0.02686756        69

  ==> Add operator: op -1: 4795 4796
  ==> Current qubit order: 8  9  10  3  59  2  58  11  26  5  4  7  6  18  19  17  27  28  15  14  25  13  29  34  30  31  37  16  23  35  49  42  36  43  24  12  48  50  51  45  46  38  56  60  61  64  62  65  53  82  54  55  22  40  71  94  84  21  0  95  20  1  52  85  70  72  63  73  39  41  57  66  68  69  44  74  47  75  76  77  67  78  79  80  89  81  88  91  90  32  86  87  33  83  92  93  


  ==> Energy                -270.510264247
  ==> dE                       -4.04e-05
  ==> Gradient Norm             2.14e+00
  ==> Abs. Max. Deriv.          5.26e-02
  ==> Time-Grad. (s)              87.375
  ==> Time-Energy (s)             20.525
  ==> Time-Iter. (s)             107.900

--------------------------------------------------------------------------------
CEO-ADAPT-VQE iteration: 224
--------------------------------------------------------------------------------
    gate        derivative      name       op1       op2       op3        g_unscaled   penalty
    1290        0.00074188      a_ia      1290                            0.00148376         2
    1292        0.00064002      a_ia      1292                            0.00128005         2
    1452        0.00045987      a_ia      1452                            0.00091973         2
   49055        0.00043739        om      4847      4848                  0.02755548        63
    4847        0.00043665    a_iajb      4847                            0.02750894        63
   49054        0.00043591        op      4847      4848                  0.02746240        63
     212       -0.00041616      a_ia       212                           -0.00332924         8
   79981        0.00038412        om     30016     30017                  0.02112636        55
    1820       -0.00038361      a_ia      1820                           -0.00076722         2
    1488       -0.00038295      a_ia      1488                           -0.00076590         2

  ==> Add operator: om -1: 4847 4848
  ==> Current qubit order: 8  9  10  3  59  2  58  11  26  5  4  7  6  18  19  17  27  28  15  14  25  13  29  34  30  31  37  16  23  35  49  42  36  43  24  12  48  50  51  45  46  38  56  60  61  64  62  65  53  82  54  55  22  40  71  84  21  0  95  94  20  1  85  52  70  72  63  73  39  41  57  66  68  69  44  74  47  75  76  77  67  78  79  80  89  81  88  91  90  32  86  87  33  83  92  93  


  ==> Energy                -270.510303787
  ==> dE                       -3.95e-05
  ==> Gradient Norm             2.14e+00
  ==> Abs. Max. Deriv.          5.26e-02
  ==> Time-Grad. (s)              87.453
  ==> Time-Energy (s)             19.888
  ==> Time-Iter. (s)             107.341

--------------------------------------------------------------------------------
CEO-ADAPT-VQE iteration: 225
--------------------------------------------------------------------------------
    gate        derivative      name       op1       op2       op3        g_unscaled   penalty
    1290        0.00074177      a_ia      1290                            0.00148353         2
    1292        0.00063991      a_ia      1292                            0.00127981         2
      88       -0.00053038      a_ia        88                           -0.00106076         2
    1452        0.00045981      a_ia      1452                            0.00091962         2
     212       -0.00041613      a_ia       212                           -0.00332904         8
   47221        0.00039762        om      3268      3269                  0.04970248       125
   77867        0.00038928        om     28358     28359                  0.03931759       101
   28358        0.00038553    a_iajb     28358                            0.03893894       101
   79981        0.00038425        om     30016     30017                  0.02113387        55
    1820       -0.00038348      a_ia      1820                           -0.00076696         2

  ==> Add operator: a_ia 88
  ==> Current qubit order: 8  9  10  3  59  2  58  11  26  5  4  7  6  18  19  17  27  28  15  14  25  13  29  34  30  31  37  16  23  35  49  42  36  43  24  12  48  50  51  45  46  38  56  60  61  64  62  65  53  82  54  55  22  40  71  84  21  0  95  94  20  1  85  52  70  72  63  73  39  41  57  66  68  69  44  74  47  75  76  77  67  78  79  80  89  81  88  91  90  32  86  87  33  83  92  93  


  ==> Energy                -270.511024779
  ==> dE                       -7.21e-04
  ==> Gradient Norm             2.14e+00
  ==> Abs. Max. Deriv.          5.26e-02
  ==> Time-Grad. (s)              87.231
  ==> Time-Energy (s)           1080.910
  ==> Time-Iter. (s)            1168.140

--------------------------------------------------------------------------------
CEO-ADAPT-VQE iteration: 226
--------------------------------------------------------------------------------
    gate        derivative      name       op1       op2       op3        g_unscaled   penalty
    1290        0.00082239      a_ia      1290                            0.00164478         2
    1292        0.00067261      a_ia      1292                            0.00134522         2
    1704        0.00066805      a_ia      1704                            0.00133610         2
      46        0.00053105      a_ia        46                            0.00212419         4
    1321        0.00049891      a_ia      1321                            0.00099781         2
    1452        0.00044304      a_ia      1452                            0.00088608         2
   47221        0.00039724        om      3268      3269                  0.04965510       125
   77867        0.00038737        om     28358     28359                  0.03912413       101
     738        0.00038632      a_ia       738                            0.00386316        10
   28358        0.00038411    a_iajb     28358                            0.03879488       101

  ==> Tried operator a_ia 1321: gain -2.44e-09 (threshold 4.1e-07), removed and excluded for this stage
  ==> Add operator: mvp2 -1: 3268 3269
  ==> Current qubit order: 8  9  10  3  59  2  58  11  26  5  4  7  6  18  19  17  27  28  15  14  25  13  29  34  30  31  37  16  35  49  42  36  43  24  12  48  50  51  45  46  38  56  60  61  64  62  65  53  82  54  55  23  0  94  85  22  40  71  84  21  95  20  1  52  70  72  63  73  39  41  57  66  68  69  44  74  47  75  76  77  67  78  79  80  89  81  88  91  90  32  86  87  33  83  92  93  


  ==> Energy                -270.511892081
  ==> dE                       -8.67e-04
  ==> Gradient Norm             2.13e+00
  ==> Abs. Max. Deriv.          5.27e-02
  ==> Time-Grad. (s)              89.347
  ==> Time-Energy (s)             59.256
  ==> Time-Iter. (s)             148.602

--------------------------------------------------------------------------------
CEO-ADAPT-VQE iteration: 227
--------------------------------------------------------------------------------
    gate        derivative      name       op1       op2       op3        g_unscaled   penalty
      46        0.00164331      a_ia        46                            0.00328662         2
    1290        0.00082604      a_ia      1290                            0.00165207         2
    1292        0.00066793      a_ia      1292                            0.00133586         2
    1704        0.00066714      a_ia      1704                            0.00133428         2
     990       -0.00060422      a_ia       990                           -0.00362532         6
   47187       -0.00056166        om      3234      3235                 -0.03650775        65
    3234       -0.00054706    a_iajb      3234                           -0.03555868        65
   47186       -0.00053246        op      3234      3235                 -0.03460961        65
    1321        0.00050073      a_ia      1321                            0.00100146         2
    1452        0.00044599      a_ia      1452                            0.00089198         2

  ==> Add operator: a_ia 990
  ==> Current qubit order: 8  9  10  3  59  2  58  11  26  5  4  7  6  18  19  17  27  28  15  14  25  13  29  34  30  31  37  16  35  49  42  36  43  24  12  48  50  51  45  46  38  56  60  61  64  62  65  53  82  54  55  0  94  23  85  22  40  71  84  21  95  20  1  52  70  72  63  73  39  41  57  66  68  69  44  74  47  75  76  77  67  78  79  80  89  81  88  91  90  32  86  87  33  83  92  93  


  ==> Energy                -270.511894122
  ==> dE                       -2.04e-06
  ==> Gradient Norm             2.12e+00
  ==> Abs. Max. Deriv.          5.30e-02
  ==> Time-Grad. (s)              90.011
  ==> Time-Energy (s)             24.382
  ==> Time-Iter. (s)             114.393

--------------------------------------------------------------------------------
CEO-ADAPT-VQE iteration: 228
--------------------------------------------------------------------------------
    gate        derivative      name       op1       op2       op3        g_unscaled   penalty
      46        0.00169582      a_ia        46                            0.00339163         2
    1290        0.00083929      a_ia      1290                            0.00167858         2
    1292        0.00069187      a_ia      1292                            0.00138374         2
    1704        0.00066714      a_ia      1704                            0.00133427         2
   47187       -0.00061765        om      3234      3235                 -0.03644111        59
    3234       -0.00060172    a_iajb      3234                           -0.03550144        59
   47186       -0.00058579        op      3234      3235                 -0.03456177        59
    1321        0.00051453      a_ia      1321                            0.00102906         2
    1452        0.00044582      a_ia      1452                            0.00089163         2
   78093        0.00044421        om     28569     28570                  0.02887351        65

  ==> Add operator: mvp2 -1: 3234 3235
  ==> Current qubit order: 8  9  10  3  59  2  58  11  26  5  4  7  6  18  19  17  27  28  15  14  25  13  29  34  30  31  37  16  35  49  42  36  43  24  12  48  50  51  45  46  38  56  60  61  64  62  65  53  82  54  55  94  0  23  85  52  22  40  71  84  21  95  20  1  70  72  63  73  39  41  57  66  68  69  44  74  47  75  76  77  67  78  79  80  89  81  88  91  90  32  86  87  33  83  92  93  


  ==> Energy                -270.512050393
  ==> dE                       -1.56e-04
  ==> Gradient Norm             2.12e+00
  ==> Abs. Max. Deriv.          5.30e-02
  ==> Time-Grad. (s)              89.898
  ==> Time-Energy (s)             39.906
  ==> Time-Iter. (s)             129.804

--------------------------------------------------------------------------------
CEO-ADAPT-VQE iteration: 229
--------------------------------------------------------------------------------
    gate        derivative      name       op1       op2       op3        g_unscaled   penalty
      46        0.00166813      a_ia        46                            0.00333626         2
    1290        0.00084017      a_ia      1290                            0.00168034         2
    1292        0.00069187      a_ia      1292                            0.00138373         2
    1704        0.00066749      a_ia      1704                            0.00133499         2
     990        0.00063807      a_ia       990                            0.00127614         2
     938       -0.00057299      a_ia       938                           -0.00114597         2
    1321        0.00051377      a_ia      1321                            0.00102754         2
    1452        0.00044572      a_ia      1452                            0.00089144         2
      93       -0.00039876      a_ia        93                           -0.00159502         4
     875       -0.00038864      a_ia       875                           -0.00233183         6

  ==> Add operator: a_ia 938
  ==> Current qubit order: 8  9  10  3  59  2  58  11  26  5  4  7  6  18  19  17  27  28  15  14  25  13  29  34  30  31  37  16  35  49  42  36  43  24  12  48  50  51  45  46  38  56  60  61  64  62  65  53  82  54  55  94  0  23  85  52  22  40  71  84  21  95  20  1  70  72  63  73  39  41  57  66  68  69  44  74  47  75  76  77  67  78  79  80  89  81  88  91  90  32  86  87  33  83  92  93  


  ==> Energy                -270.512050831
  ==> dE                       -4.38e-07
  ==> Gradient Norm             2.12e+00
  ==> Abs. Max. Deriv.          5.30e-02
  ==> Time-Grad. (s)              90.537
  ==> Time-Energy (s)             24.539
  ==> Time-Iter. (s)             115.075

--------------------------------------------------------------------------------
CEO-ADAPT-VQE iteration: 230
--------------------------------------------------------------------------------
    gate        derivative      name       op1       op2       op3        g_unscaled   penalty
      46        0.00166568      a_ia        46                            0.00333137         2
    1290        0.00084111      a_ia      1290                            0.00168222         2
    1292        0.00069426      a_ia      1292                            0.00138852         2
    1704        0.00066748      a_ia      1704                            0.00133496         2
     990        0.00064002      a_ia       990                            0.00128003         2
    1321        0.00051380      a_ia      1321                            0.00102759         2
    1452        0.00044621      a_ia      1452                            0.00089241         2
      93       -0.00039793      a_ia        93                           -0.00159170         4
     875       -0.00039312      a_ia       875                           -0.00235871         6
     738        0.00038601      a_ia       738                            0.00386006        10

  ==> Add operator: a_ia 738
  ==> Current qubit order: 8  9  10  3  59  2  58  11  26  5  4  7  6  18  19  27  28  15  14  17  25  13  29  34  30  31  37  16  35  49  42  36  43  24  12  48  50  51  45  46  38  56  60  61  64  62  65  53  82  54  55  94  0  23  85  52  22  40  71  84  21  95  20  1  70  72  63  73  39  41  57  66  68  69  44  74  47  75  76  77  67  78  79  80  89  81  88  91  90  32  86  87  33  83  92  93  


  ==> Energy                -270.512718541
  ==> dE                       -6.68e-04
  ==> Gradient Norm             2.12e+00
  ==> Abs. Max. Deriv.          5.30e-02
  ==> Time-Grad. (s)              90.584
  ==> Time-Energy (s)             21.457
  ==> Time-Iter. (s)             112.041

--------------------------------------------------------------------------------
CEO-ADAPT-VQE iteration: 231
--------------------------------------------------------------------------------
    gate        derivative      name       op1       op2       op3        g_unscaled   penalty
      46        0.00166547      a_ia        46                            0.00333094         2
    1290        0.00083724      a_ia      1290                            0.00167448         2
    1292        0.00068843      a_ia      1292                            0.00137687         2
    1704        0.00064866      a_ia      1704                            0.00129731         2
     990        0.00062456      a_ia       990                            0.00124911         2
    1321        0.00049966      a_ia      1321                            0.00099933         2
    1452        0.00046077      a_ia      1452                            0.00092155         2
     875       -0.00039551      a_ia       875                           -0.00237307         6
      93       -0.00039328      a_ia        93                           -0.00157313         4
    1820       -0.00038270      a_ia      1820                           -0.00076540         2

  ==> Add operator: a_ia 1820
  ==> Current qubit order: 8  9  10  3  59  2  58  11  26  5  4  7  6  18  19  27  28  15  14  17  25  13  29  34  30  31  37  16  35  49  42  36  43  24  12  48  50  51  45  46  38  56  60  61  64  62  65  53  82  54  55  94  0  23  85  52  22  40  71  84  21  95  20  1  70  72  63  73  39  41  57  66  68  69  44  74  47  75  76  77  67  78  79  80  89  81  88  91  90  32  86  87  33  83  92  93  


  ==> Energy                -270.512747046
  ==> dE                       -2.85e-05
  ==> Gradient Norm             2.12e+00
  ==> Abs. Max. Deriv.          5.30e-02
  ==> Time-Grad. (s)              91.540
  ==> Time-Energy (s)             19.385
  ==> Time-Iter. (s)             110.925

--------------------------------------------------------------------------------
CEO-ADAPT-VQE iteration: 232
--------------------------------------------------------------------------------
    gate        derivative      name       op1       op2       op3        g_unscaled   penalty
      46        0.00167960      a_ia        46                            0.00335920         2
    1290        0.00083797      a_ia      1290                            0.00167593         2
    1292        0.00068881      a_ia      1292                            0.00137761         2
    1704        0.00064889      a_ia      1704                            0.00129778         2
     990        0.00061912      a_ia       990                            0.00123824         2
    1321        0.00049896      a_ia      1321                            0.00099792         2
    1452        0.00045769      a_ia      1452                            0.00091538         2
     875       -0.00039553      a_ia       875                           -0.00237318         6
      93       -0.00037512      a_ia        93                           -0.00150049         4
   77867        0.00037257        om     28358     28359                  0.03986487       107

  ==> Add operator: a_ia 1704
  ==> Current qubit order: 8  9  10  3  59  2  58  11  26  5  4  7  6  18  19  27  28  15  14  17  25  13  29  34  30  31  37  16  35  49  42  36  43  24  12  48  50  51  45  46  38  56  60  61  64  62  65  53  82  54  55  94  0  23  85  52  22  40  71  84  21  95  20  1  70  72  63  73  39  41  57  66  68  69  44  74  47  75  76  77  67  78  79  80  89  81  88  91  90  32  86  87  33  83  92  93  


  ==> Energy                -270.512758040
  ==> dE                       -1.10e-05
  ==> Gradient Norm             2.12e+00
  ==> Abs. Max. Deriv.          5.30e-02
  ==> Time-Grad. (s)              91.297
  ==> Time-Energy (s)             19.552
  ==> Time-Iter. (s)             110.849

--------------------------------------------------------------------------------
CEO-ADAPT-VQE iteration: 233
--------------------------------------------------------------------------------
    gate        derivative      name       op1       op2       op3        g_unscaled   penalty
      46        0.00167931      a_ia        46                            0.00335862         2
    1290        0.00083685      a_ia      1290                            0.00167369         2
    1292        0.00068869      a_ia      1292                            0.00137738         2
     990        0.00061914      a_ia       990                            0.00123829         2
    1321        0.00049771      a_ia      1321                            0.00099543         2
    1452        0.00045067      a_ia      1452                            0.00090134         2
     875       -0.00039402      a_ia       875                           -0.00236411         6
      93       -0.00037545      a_ia        93                           -0.00150179         4
    1488       -0.00037286      a_ia      1488                           -0.00074572         2
   77867        0.00037263        om     28358     28359                  0.03987137       107

  ==> Add operator: mvp2 -1: 28358 28359
  ==> Current qubit order: 8  9  10  3  59  2  58  11  26  5  4  7  6  18  19  27  28  15  14  17  25  13  29  34  30  31  37  16  35  49  42  36  43  24  12  50  51  45  46  38  56  60  61  64  62  65  53  82  54  55  94  0  48  85  21  20  23  52  22  40  71  84  95  1  70  72  63  73  39  41  57  66  68  69  44  74  47  75  76  77  67  78  79  80  89  81  88  91  90  32  86  87  33  83  92  93  


  ==> Energy                -270.512959206
  ==> dE                       -2.01e-04
  ==> Gradient Norm             2.12e+00
  ==> Abs. Max. Deriv.          5.30e-02
  ==> Time-Grad. (s)              91.212
  ==> Time-Energy (s)             42.467
  ==> Time-Iter. (s)             133.679

--------------------------------------------------------------------------------
CEO-ADAPT-VQE iteration: 234
--------------------------------------------------------------------------------
    gate        derivative      name       op1       op2       op3        g_unscaled   penalty
      46        0.00169011      a_ia        46                            0.00338023         2
     918       -0.00114052      a_ia       918                           -0.00228104         2
     887       -0.00101995      a_ia       887                           -0.00407979         4
    1290        0.00084000      a_ia      1290                            0.00168001         2
      93       -0.00074348      a_ia        93                           -0.00148697         2
    1292        0.00069469      a_ia      1292                            0.00138938         2
    1321        0.00050413      a_ia      1321                            0.00100827         2
    1452        0.00045066      a_ia      1452                            0.00090132         2
   79545       -0.00041896        om     29598     29599                 -0.03309746        79
   29598       -0.00041810    a_iajb     29598                           -0.03303020        79

  ==> Add operator: a_ia 918
  ==> Current qubit order: 8  9  10  3  59  2  58  11  26  5  4  7  6  18  19  27  28  15  14  17  25  13  29  34  30  31  37  16  35  49  42  36  43  24  12  50  51  45  46  38  56  60  61  64  62  65  53  82  54  55  94  0  48  85  21  20  23  52  22  40  71  84  95  1  70  72  63  73  39  41  57  66  68  69  44  74  47  75  76  77  67  78  79  80  89  81  88  91  90  32  86  87  33  83  92  93  


  ==> Energy                -270.512960050
  ==> dE                       -8.44e-07
  ==> Gradient Norm             2.12e+00
  ==> Abs. Max. Deriv.          5.30e-02
  ==> Time-Grad. (s)              92.012
  ==> Time-Energy (s)             21.182
  ==> Time-Iter. (s)             113.194

--------------------------------------------------------------------------------
CEO-ADAPT-VQE iteration: 235
--------------------------------------------------------------------------------
    gate        derivative      name       op1       op2       op3        g_unscaled   penalty
      46        0.00174039      a_ia        46                            0.00348078         2
     887       -0.00102176      a_ia       887                           -0.00408705         4
    1290        0.00085404      a_ia      1290                            0.00170809         2
      93       -0.00073183      a_ia        93                           -0.00146366         2
    1292        0.00071760      a_ia      1292                            0.00143521         2
    1321        0.00051455      a_ia      1321                            0.00102910         2
    1452        0.00045099      a_ia      1452                            0.00090198         2
   79545       -0.00041947        om     29598     29599                 -0.03313783        79
   29598       -0.00041858    a_iajb     29598                           -0.03306758        79
   79544       -0.00041769        op     29598     29599                 -0.03299733        79

  ==> Add operator: a_ia 887
  ==> Current qubit order: 8  9  10  3  59  2  58  11  26  5  4  7  6  18  19  27  28  15  14  17  25  13  29  34  30  31  37  16  35  49  42  36  43  24  12  50  51  45  46  38  56  60  61  64  62  65  53  82  54  55  94  0  48  85  20  21  23  52  22  40  71  84  95  1  70  72  63  73  39  41  57  66  68  69  44  74  47  75  76  77  67  78  79  80  89  81  88  91  90  32  86  87  33  83  92  93  


  ==> Energy                -270.513315068
  ==> dE                       -3.55e-04
  ==> Gradient Norm             2.12e+00
  ==> Abs. Max. Deriv.          5.30e-02
  ==> Time-Grad. (s)              92.050
  ==> Time-Energy (s)             21.419
  ==> Time-Iter. (s)             113.470

--------------------------------------------------------------------------------
CEO-ADAPT-VQE iteration: 236
--------------------------------------------------------------------------------
    gate        derivative      name       op1       op2       op3        g_unscaled   penalty
      46        0.00169279      a_ia        46                            0.00338558         2
    1290        0.00083146      a_ia      1290                            0.00166293         2
      93       -0.00079096      a_ia        93                           -0.00158192         2
    1292        0.00069853      a_ia      1292                            0.00139706         2
   49231        0.00051894        om      4972      4973                  0.03995825        77
   49234        0.00051826        op      4972      4974                  0.03990622        77
    4972        0.00051692    a_iajb      4972                            0.03980271        77
   49235        0.00051557        om      4972      4974                  0.03969920        77
   49230        0.00051490        op      4972      4973                  0.03964717        77
    1321        0.00049979      a_ia      1321                            0.00099957         2

  ==> Add operator: mvp3 -1: 4972 4973 4974
  ==> Current qubit order: 8  9  10  3  59  2  58  11  26  5  4  7  6  18  19  27  28  15  14  17  25  13  29  34  30  31  37  16  35  49  42  36  43  24  12  50  51  45  46  38  56  60  61  64  62  65  53  82  54  55  94  0  48  20  21  52  85  23  95  1  22  40  71  84  70  72  63  73  39  41  57  66  68  69  44  74  47  75  76  77  67  78  79  80  89  81  88  91  90  32  86  87  33  83  92  93  


  ==> Energy                -270.513413882
  ==> dE                       -9.88e-05
  ==> Gradient Norm             2.12e+00
  ==> Abs. Max. Deriv.          5.31e-02
  ==> Time-Grad. (s)              92.768
  ==> Time-Energy (s)             67.570
  ==> Time-Iter. (s)             160.338

--------------------------------------------------------------------------------
CEO-ADAPT-VQE iteration: 237
--------------------------------------------------------------------------------
    gate        derivative      name       op1       op2       op3        g_unscaled   penalty
      46        0.00169775      a_ia        46                            0.00339550         2
     990        0.00133494      a_ia       990                            0.00266989         2
    1290        0.00083232      a_ia      1290                            0.00166465         2
      93       -0.00076704      a_ia        93                           -0.00153408         2
    1292        0.00069929      a_ia      1292                            0.00139859         2
    1321        0.00050033      a_ia      1321                            0.00100066         2
   48976       -0.00047661        op      4769      4770                 -0.03288639        69
    4769       -0.00046778    a_iajb      4769                           -0.03227710        69
     863       -0.00046615      a_ia       863                           -0.00093229         2
    1452        0.00046487      a_ia      1452                            0.00092973         2

  ==> Add operator: mvp2 -1: 4769 4770
  ==> Current qubit order: 8  9  10  3  59  2  58  11  26  5  4  7  6  18  19  27  28  15  14  17  25  13  29  34  30  31  37  16  35  49  42  36  43  24  12  50  51  45  46  38  56  60  61  64  62  65  53  82  54  55  94  0  21  52  85  48  20  95  1  23  22  40  71  84  70  72  63  73  39  41  57  66  68  69  44  74  47  75  76  77  67  78  79  80  89  81  88  91  90  32  86  87  33  83  92  93  


  ==> Energy                -270.513496367
  ==> dE                       -8.25e-05
  ==> Gradient Norm             2.11e+00
  ==> Abs. Max. Deriv.          5.31e-02
  ==> Time-Grad. (s)              93.110
  ==> Time-Energy (s)             42.423
  ==> Time-Iter. (s)             135.532

--------------------------------------------------------------------------------
CEO-ADAPT-VQE iteration: 238
--------------------------------------------------------------------------------
    gate        derivative      name       op1       op2       op3        g_unscaled   penalty
      46        0.00172584      a_ia        46                            0.00345168         2
    1290        0.00083709      a_ia      1290                            0.00167417         2
    1292        0.00070877      a_ia      1292                            0.00141755         2
    1321        0.00050520      a_ia      1321                            0.00101039         2
     983        0.00049047      a_ia       983                            0.00294285         6
    1452        0.00046491      a_ia      1452                            0.00092983         2
   46087        0.00046351        om      2260      2261                  0.02271199        49
    2260        0.00046269    a_iajb      2260                            0.02267167        49
   46086        0.00046186        op      2260      2261                  0.02263136        49
     947        0.00045245      a_ia       947                            0.00361962         8

  ==> Add operator: a_ia 983
  ==> Current qubit order: 8  9  10  3  59  2  58  11  26  5  4  7  6  18  19  27  28  15  14  17  25  13  29  34  30  31  37  16  35  49  42  36  43  24  12  50  51  45  46  38  56  60  61  64  62  65  53  82  54  55  94  0  21  52  85  48  20  95  1  22  40  23  71  84  70  72  63  73  39  41  57  66  68  69  44  74  47  75  76  77  67  78  79  80  89  81  88  91  90  32  86  87  33  83  92  93  


  ==> Energy                -270.513498328
  ==> dE                       -1.96e-06
  ==> Gradient Norm             2.11e+00
  ==> Abs. Max. Deriv.          5.31e-02
  ==> Time-Grad. (s)              93.009
  ==> Time-Energy (s)             22.512
  ==> Time-Iter. (s)             115.521

--------------------------------------------------------------------------------
CEO-ADAPT-VQE iteration: 239
--------------------------------------------------------------------------------
    gate        derivative      name       op1       op2       op3        g_unscaled   penalty
      46        0.00171926      a_ia        46                            0.00343852         2
    1290        0.00083798      a_ia      1290                            0.00167596         2
    1292        0.00070379      a_ia      1292                            0.00140758         2
    1321        0.00050408      a_ia      1321                            0.00100816         2
   46087        0.00046351        om      2260      2261                  0.02271199        49
    2260        0.00046269    a_iajb      2260                            0.02267166        49
   46086        0.00046186        op      2260      2261                  0.02263132        49
    1452        0.00045943      a_ia      1452                            0.00091886         2
   77898        0.00044370        op     28390     28391                  0.02440335        55
   50062        0.00044082        op      5675      5676                  0.01983711        45

  ==> Add operator: om -1: 2260 2261
  ==> Current qubit order: 8  9  10  3  59  2  58  11  26  5  4  7  6  18  19  27  28  15  14  17  25  13  29  34  30  31  37  16  35  49  42  36  43  24  12  50  51  45  46  38  56  60  61  64  62  65  53  82  54  55  94  21  52  0  85  48  1  20  95  22  40  23  71  84  70  72  63  73  39  41  57  66  68  69  44  74  47  75  76  77  67  78  79  80  89  81  88  91  90  32  86  87  33  83  92  93  


  ==> Energy                -270.513533108
  ==> dE                       -3.48e-05
  ==> Gradient Norm             2.11e+00
  ==> Abs. Max. Deriv.          5.31e-02
  ==> Time-Grad. (s)              93.129
  ==> Time-Energy (s)             21.082
  ==> Time-Iter. (s)             114.211

--------------------------------------------------------------------------------
CEO-ADAPT-VQE iteration: 240
--------------------------------------------------------------------------------
    gate        derivative      name       op1       op2       op3        g_unscaled   penalty
    1290        0.00083808      a_ia      1290                            0.00167615         2
    1292        0.00070399      a_ia      1292                            0.00140798         2
      46        0.00058174      a_ia        46                            0.00349045         6
    1321        0.00050416      a_ia      1321                            0.00100832         2
    1452        0.00045953      a_ia      1452                            0.00091905         2
   77898        0.00042827        op     28390     28391                  0.02441157        57
   28390        0.00042550    a_iajb     28390                            0.02425374        57
   77899        0.00042274        om     28390     28391                  0.02409590        57
   47053       -0.00042266        om      3124      3125                 -0.01732910        41
   47100        0.00041491        op      3172      3173                  0.02199027        53

  ==> Add operator: mvp2 -1: 28390 28391
  ==> Current qubit order: 8  9  10  3  59  2  58  11  26  5  4  7  6  18  19  27  28  15  14  17  25  13  29  34  30  31  37  16  35  49  42  36  43  24  12  50  51  45  46  38  56  60  61  64  62  65  82  54  55  94  53  21  52  20  0  85  48  1  95  22  40  23  71  84  70  72  63  73  39  41  57  66  68  69  44  74  47  75  76  77  67  78  79  80  89  81  88  91  90  32  86  87  33  83  92  93  


  ==> Energy                -270.513641975
  ==> dE                       -1.09e-04
  ==> Gradient Norm             2.11e+00
  ==> Abs. Max. Deriv.          5.31e-02
  ==> Time-Grad. (s)              93.132
  ==> Time-Energy (s)             45.362
  ==> Time-Iter. (s)             138.494

--------------------------------------------------------------------------------
CEO-ADAPT-VQE iteration: 241
--------------------------------------------------------------------------------
    gate        derivative      name       op1       op2       op3        g_unscaled   penalty
    1290        0.00083902      a_ia      1290                            0.00167804         2
    1292        0.00070445      a_ia      1292                            0.00140890         2
     902        0.00066139      a_ia       902                            0.00132279         2
     865        0.00052532      a_ia       865                            0.00105065         2
    1321        0.00050531      a_ia      1321                            0.00101063         2
    1452        0.00045871      a_ia      1452                            0.00091743         2
   49222        0.00045429        op      4966      4968                  0.02680317        59
   49219        0.00045156        om      4966      4967                  0.02664203        59
    4966        0.00045117    a_iajb      4966                            0.02661874        59
   49218        0.00045077        op      4966      4967                  0.02659544        59

  ==> Add operator: a_ia 902
  ==> Current qubit order: 8  9  10  3  59  2  58  11  26  5  4  7  6  18  19  27  28  15  14  17  25  13  29  34  30  31  37  16  35  49  42  36  43  24  12  50  51  45  46  38  56  60  61  64  62  65  82  54  55  94  53  21  52  20  0  85  48  1  95  22  40  23  71  84  70  72  63  73  39  41  57  66  68  69  44  74  47  75  76  77  67  78  79  80  89  81  88  91  90  32  86  87  33  83  92  93  


  ==> Energy                -270.513642592
  ==> dE                       -6.17e-07
  ==> Gradient Norm             2.11e+00
  ==> Abs. Max. Deriv.          5.31e-02
  ==> Time-Grad. (s)              93.269
  ==> Time-Energy (s)             21.368
  ==> Time-Iter. (s)             114.637

--------------------------------------------------------------------------------
CEO-ADAPT-VQE iteration: 242
--------------------------------------------------------------------------------
    gate        derivative      name       op1       op2       op3        g_unscaled   penalty
    1290        0.00083958      a_ia      1290                            0.00167916         2
    1292        0.00070544      a_ia      1292                            0.00141088         2
    1321        0.00050562      a_ia      1321                            0.00101124         2
     865        0.00050453      a_ia       865                            0.00100906         2
    1452        0.00045753      a_ia      1452                            0.00091506         2
   49222        0.00045421        op      4966      4968                  0.02679825        59
   49219        0.00045148        om      4966      4967                  0.02663742        59
    4966        0.00045108    a_iajb      4966                            0.02661379        59
   49218        0.00045068        op      4966      4967                  0.02659016        59
   79544       -0.00044892        op     29598     29599                 -0.03366889        75

  ==> Tried operator a_ia 865: gain -3.89e-07 (threshold 4.2e-07), removed and excluded for this stage
  ==> Add operator: mvp2 -1: 4966 4968
  ==> Current qubit order: 8  9  10  3  59  2  58  11  26  5  4  7  6  18  19  27  28  15  14  17  25  13  29  34  30  31  37  16  35  49  42  36  43  24  12  50  51  45  46  38  56  60  61  64  62  65  82  54  55  94  21  52  20  0  48  53  85  1  23  95  22  40  71  84  70  72  63  73  39  41  57  66  68  69  44  74  47  75  76  77  67  78  79  80  89  81  88  91  90  32  86  87  33  83  92  93  


  ==> Energy                -270.513734424
  ==> dE                       -9.18e-05
  ==> Gradient Norm             2.11e+00
  ==> Abs. Max. Deriv.          5.31e-02
  ==> Time-Grad. (s)              93.562
  ==> Time-Energy (s)             70.521
  ==> Time-Iter. (s)             164.082

--------------------------------------------------------------------------------
CEO-ADAPT-VQE iteration: 243
--------------------------------------------------------------------------------
    gate        derivative      name       op1       op2       op3        g_unscaled   penalty
    1290        0.00083952      a_ia      1290                            0.00167904         2
    1292        0.00070518      a_ia      1292                            0.00141035         2
     990        0.00064084      a_ia       990                            0.00256335         4
     865        0.00050592      a_ia       865                            0.00101184         2
    1321        0.00050524      a_ia      1321                            0.00101047         2
    1452        0.00045735      a_ia      1452                            0.00091469         2
     947        0.00044799      a_ia       947                            0.00358388         8
      46        0.00044146      a_ia        46                            0.00353167         8
      72       -0.00040846      a_ia        72                           -0.00163382         4
   79544       -0.00038716        op     29598     29599                 -0.03368291        87

  ==> Add operator: a_ia 990
  ==> Current qubit order: 8  9  10  3  59  2  58  11  26  5  4  7  6  18  19  27  28  15  14  17  25  13  29  34  30  31  37  16  35  49  42  36  43  24  12  50  51  45  46  38  56  60  61  64  62  65  82  54  55  94  21  52  20  0  48  53  1  85  23  95  22  40  71  84  70  72  63  73  39  41  57  66  68  69  44  74  47  75  76  77  67  78  79  80  89  81  88  91  90  32  86  87  33  83  92  93  


  ==> Energy                -270.513735418
  ==> dE                       -9.94e-07
  ==> Gradient Norm             2.11e+00
  ==> Abs. Max. Deriv.          5.31e-02
  ==> Time-Grad. (s)              93.752
  ==> Time-Energy (s)             23.097
  ==> Time-Iter. (s)             116.849

--------------------------------------------------------------------------------
CEO-ADAPT-VQE iteration: 244
--------------------------------------------------------------------------------
    gate        derivative      name       op1       op2       op3        g_unscaled   penalty
    1290        0.00083087      a_ia      1290                            0.00166174         2
      72       -0.00080597      a_ia        72                           -0.00161194         2
    1292        0.00068953      a_ia      1292                            0.00137905         2
     865        0.00050521      a_ia       865                            0.00101041         2
    1321        0.00049621      a_ia      1321                            0.00099243         2
    1452        0.00045745      a_ia      1452                            0.00091490         2
     947        0.00044718      a_ia       947                            0.00357745         8
      46        0.00043295      a_ia        46                            0.00346363         8
   79544       -0.00041552        op     29598     29599                 -0.03365729        81
   29598       -0.00041435    a_iajb     29598                           -0.03356248        81

  ==> Add operator: a_ia 947
  ==> Current qubit order: 8  9  10  3  59  2  58  11  26  5  4  7  6  18  19  27  28  15  14  17  25  13  29  34  30  31  37  16  35  49  42  36  43  24  12  50  51  45  46  38  56  60  61  64  62  65  82  54  55  94  21  52  20  0  48  53  1  85  23  95  40  71  84  22  70  72  63  73  39  41  57  66  68  69  44  74  47  75  76  77  67  78  79  80  89  81  88  91  90  32  86  87  33  83  92  93  


  ==> Energy                -270.513738151
  ==> dE                       -2.73e-06
  ==> Gradient Norm             2.11e+00
  ==> Abs. Max. Deriv.          5.31e-02
  ==> Time-Grad. (s)              93.736
  ==> Time-Energy (s)             24.492
  ==> Time-Iter. (s)             118.227

--------------------------------------------------------------------------------
CEO-ADAPT-VQE iteration: 245
--------------------------------------------------------------------------------
    gate        derivative      name       op1       op2       op3        g_unscaled   penalty
    1290        0.00082950      a_ia      1290                            0.00165900         2
      72       -0.00080188      a_ia        72                           -0.00160377         2
    1292        0.00068597      a_ia      1292                            0.00137194         2
    1321        0.00049726      a_ia      1321                            0.00099453         2
     865        0.00047594      a_ia       865                            0.00095189         2
    1452        0.00045446      a_ia      1452                            0.00090892         2
      46        0.00043149      a_ia        46                            0.00345194         8
   79544       -0.00041552        op     29598     29599                 -0.03365730        81
   29598       -0.00041435    a_iajb     29598                           -0.03356253        81
   79545       -0.00041318        om     29598     29599                 -0.03346777        81

  ==> Add operator: mvp2 -1: 29598 29599
  ==> Current qubit order: 8  9  10  3  59  2  58  11  26  5  4  7  6  18  19  27  28  15  14  17  25  13  29  34  30  31  37  16  35  49  42  36  43  24  12  50  51  45  46  38  56  60  61  64  62  65  82  54  55  94  21  52  0  53  1  23  20  48  85  41  95  40  71  84  22  70  72  63  73  39  57  66  68  69  44  74  47  75  76  77  67  78  79  80  89  81  88  91  90  32  86  87  33  83  92  93  


  ==> Energy                -270.513890354
  ==> dE                       -1.52e-04
  ==> Gradient Norm             2.11e+00
  ==> Abs. Max. Deriv.          5.31e-02
  ==> Time-Grad. (s)              93.883
  ==> Time-Energy (s)             45.514
  ==> Time-Iter. (s)             139.398

--------------------------------------------------------------------------------
CEO-ADAPT-VQE iteration: 246
--------------------------------------------------------------------------------
    gate        derivative      name       op1       op2       op3        g_unscaled   penalty
    1548        0.00115757      a_ia      1548                            0.00231513         2
    1290        0.00082943      a_ia      1290                            0.00165885         2
      72       -0.00080812      a_ia        72                           -0.00161624         2
    1292        0.00068445      a_ia      1292                            0.00136890         2
     968        0.00063808      a_ia       968                            0.00510463         8
     863       -0.00058423      a_ia       863                           -0.00116846         2
      46        0.00057429      a_ia        46                            0.00344574         6
    1321        0.00049580      a_ia      1321                            0.00099160         2
    1452        0.00045411      a_ia      1452                            0.00090821         2
    1712        0.00037868      a_ia      1712                            0.01060295        28

  ==> Add operator: a_ia 968
  ==> Current qubit order: 8  9  10  3  59  2  58  11  26  5  4  7  6  18  19  27  28  15  14  17  25  13  29  34  30  31  37  16  35  49  42  36  43  24  12  50  51  45  46  38  56  60  61  64  62  65  82  54  55  94  21  52  0  53  1  20  48  85  23  41  95  40  71  84  22  70  72  63  73  39  57  66  68  69  44  74  47  75  76  77  67  78  79  80  89  81  88  91  90  32  86  87  33  83  92  93  


  ==> Energy                -270.514188228
  ==> dE                       -2.98e-04
  ==> Gradient Norm             2.11e+00
  ==> Abs. Max. Deriv.          5.31e-02
  ==> Time-Grad. (s)              93.811
  ==> Time-Energy (s)             22.524
  ==> Time-Iter. (s)             116.335

--------------------------------------------------------------------------------
CEO-ADAPT-VQE iteration: 247
--------------------------------------------------------------------------------
    gate        derivative      name       op1       op2       op3        g_unscaled   penalty
    1290        0.00082875      a_ia      1290                            0.00165750         2
      72       -0.00080757      a_ia        72                           -0.00161515         2
    1292        0.00069101      a_ia      1292                            0.00138202         2
      46        0.00058186      a_ia        46                            0.00349116         6
     863       -0.00055725      a_ia       863                           -0.00111450         2
     990       -0.00052639      a_ia       990                           -0.00105278         2
    1321        0.00049270      a_ia      1321                            0.00098539         2
    1452        0.00045648      a_ia      1452                            0.00091297         2
    1488       -0.00036747      a_ia      1488                           -0.00073494         2
   47000       -0.00036694        op      3072      3073                 -0.01724637        47

  ==> Add operator: a_ia 863
  ==> Current qubit order: 8  9  10  3  59  2  58  11  26  5  4  7  6  18  19  27  28  15  14  17  25  13  29  34  30  31  37  16  35  49  42  36  43  24  12  50  51  45  46  38  56  60  61  64  62  65  82  54  55  94  21  52  0  53  1  20  48  85  23  41  95  40  71  84  22  70  72  63  73  39  57  66  68  69  44  74  47  75  76  77  67  78  79  80  89  81  88  91  90  32  86  87  33  83  92  93  


  ==> Energy                -270.514188910
  ==> dE                       -6.82e-07
  ==> Gradient Norm             2.11e+00
  ==> Abs. Max. Deriv.          5.31e-02
  ==> Time-Grad. (s)              94.381
  ==> Time-Energy (s)             24.767
  ==> Time-Iter. (s)             119.148

--------------------------------------------------------------------------------
CEO-ADAPT-VQE iteration: 248
--------------------------------------------------------------------------------
    gate        derivative      name       op1       op2       op3        g_unscaled   penalty
      72       -0.00087253      a_ia        72                           -0.00174506         2
    1290        0.00084783      a_ia      1290                            0.00169566         2
    1292        0.00070973      a_ia      1292                            0.00141946         2
      46        0.00059626      a_ia        46                            0.00357758         6
    1321        0.00051420      a_ia      1321                            0.00102840         2
     990       -0.00049682      a_ia       990                           -0.00099365         2
    1452        0.00045577      a_ia      1452                            0.00091154         2
   47000       -0.00036726        op      3072      3073                 -0.01726105        47
    3072       -0.00036524    a_iajb      3072                           -0.01716626        47
   47001       -0.00036322        om      3072      3073                 -0.01707147        47

  ==> Add operator: mvp2 -1: 3072 3073
  ==> Current qubit order: 8  9  10  3  59  2  58  11  26  5  4  7  6  18  19  27  28  15  14  17  25  13  29  34  30  31  37  16  35  49  42  36  43  24  12  50  51  45  46  38  56  60  61  64  62  65  82  54  55  94  52  21  0  53  48  1  20  85  23  41  95  40  71  84  22  70  72  63  73  39  57  66  68  69  44  74  47  75  76  77  67  78  79  80  89  81  88  91  90  32  86  87  33  83  92  93  


  ==> Energy                -270.514729526
  ==> dE                       -5.41e-04
  ==> Gradient Norm             2.11e+00
  ==> Abs. Max. Deriv.          5.31e-02
  ==> Time-Grad. (s)              94.548
  ==> Time-Energy (s)            677.159
  ==> Time-Iter. (s)             771.707

--------------------------------------------------------------------------------
CEO-ADAPT-VQE iteration: 249
--------------------------------------------------------------------------------
    gate        derivative      name       op1       op2       op3        g_unscaled   penalty
    1290        0.00090310      a_ia      1290                            0.00180620         2
    1292        0.00076586      a_ia      1292                            0.00153172         2
    1321        0.00059147      a_ia      1321                            0.00118294         2
    1452        0.00039692      a_ia      1452                            0.00079384         2
    1488       -0.00035586      a_ia      1488                           -0.00071171         2
      72       -0.00035107      a_ia        72                           -0.00140427         4
    1291       -0.00033422      a_ia      1291                           -0.00200533         6
   46283        0.00033413        om      2456      2457                  0.02305515        69
     582        0.00033387      a_ia       582                            0.00066774         2
    2456        0.00033202    a_iajb      2456                            0.02290906        69

  ==> Add operator: a_ia 1291
  ==> Current qubit order: 8  9  10  3  59  2  58  11  26  5  4  7  6  18  19  27  28  15  14  17  25  13  29  34  30  31  37  16  35  49  42  36  43  24  12  50  51  45  46  38  56  60  61  64  62  65  82  54  55  94  52  21  0  53  48  1  20  85  23  41  95  40  71  84  22  70  72  63  73  39  57  66  68  69  44  74  47  75  76  77  67  78  79  80  89  81  91  90  88  32  86  87  33  83  92  93  


  ==> Energy                -270.514730347
  ==> dE                       -8.21e-07
  ==> Gradient Norm             2.11e+00
  ==> Abs. Max. Deriv.          5.31e-02
  ==> Time-Grad. (s)              94.554
  ==> Time-Energy (s)             21.985
  ==> Time-Iter. (s)             116.540

--------------------------------------------------------------------------------
CEO-ADAPT-VQE iteration: 250
--------------------------------------------------------------------------------
    gate        derivative      name       op1       op2       op3        g_unscaled   penalty
    1290        0.00091384      a_ia      1290                            0.00182768         2
    1321        0.00058189      a_ia      1321                            0.00116378         2
    1452        0.00039537      a_ia      1452                            0.00079074         2
    1292        0.00038624      a_ia      1292                            0.00154497         4
    1488       -0.00035491      a_ia      1488                           -0.00070982         2
      72       -0.00034099      a_ia        72                           -0.00136396         4
   46283        0.00033413        om      2456      2457                  0.02305504        69
     582        0.00033387      a_ia       582                            0.00066774         2
    2456        0.00033201    a_iajb      2456                            0.02290894        69
   50062        0.00033169        op      5675      5676                  0.02421332        73

  ==> Add operator: mvp2 -1: 2456 2457
  ==> Current qubit order: 8  9  10  3  59  2  58  11  26  5  4  7  6  18  19  27  28  15  14  17  25  13  29  34  30  31  37  16  35  49  42  36  43  24  12  50  51  45  46  38  56  60  61  64  62  65  54  55  94  52  82  0  1  85  21  53  48  20  23  41  95  40  71  84  22  70  72  63  73  39  57  66  68  69  44  74  47  75  76  77  67  78  79  80  89  81  91  90  88  32  86  87  33  83  92  93  


  ==> Energy                -270.514763794
  ==> dE                       -3.34e-05
  ==> Gradient Norm             2.11e+00
  ==> Abs. Max. Deriv.          5.31e-02
  ==> Time-Grad. (s)              94.695
  ==> Time-Energy (s)             44.871
  ==> Time-Iter. (s)             139.567

--------------------------------------------------------------------------------
CEO-ADAPT-VQE iteration: 251
--------------------------------------------------------------------------------
    gate        derivative      name       op1       op2       op3        g_unscaled   penalty
    1290        0.00091353      a_ia      1290                            0.00182705         2
    1321        0.00058164      a_ia      1321                            0.00116327         2
      40        0.00050552      a_ia        40                            0.00101105         2
    1452        0.00039544      a_ia      1452                            0.00079088         2
    1292        0.00038602      a_ia      1292                            0.00154410         4
   50062        0.00036121        op      5675      5676                  0.02420115        67
    1712        0.00035731      a_ia      1712                            0.01071922        30
    1488       -0.00035395      a_ia      1488                           -0.00070791         2
    5675        0.00035348    a_iajb      5675                            0.02368325        67
   50063        0.00034575        om      5675      5676                  0.02316534        67

  ==> Tried operator a_ia 40: gain -1.46e-07 (threshold 3.4e-07), removed and excluded for this stage
  ==> Add operator: mvp2 -1: 5675 5676
  ==> Current qubit order: 8  9  10  3  59  2  58  11  26  5  4  7  6  18  19  27  28  15  14  17  25  13  29  34  30  31  37  16  35  49  42  36  43  24  12  50  51  45  46  38  56  60  61  64  62  65  54  55  94  52  82  0  85  21  53  1  48  95  40  20  23  41  71  84  22  70  72  63  73  39  57  66  68  69  44  74  47  75  76  77  67  78  79  80  89  81  91  90  88  32  86  87  33  83  92  93  


  ==> Energy                -270.514806656
  ==> dE                       -4.29e-05
  ==> Gradient Norm             2.11e+00
  ==> Abs. Max. Deriv.          5.30e-02
  ==> Time-Grad. (s)              94.735
  ==> Time-Energy (s)             67.085
  ==> Time-Iter. (s)             161.821

--------------------------------------------------------------------------------
CEO-ADAPT-VQE iteration: 252
--------------------------------------------------------------------------------
    gate        derivative      name       op1       op2       op3        g_unscaled   penalty
    1290        0.00091348      a_ia      1290                            0.00182696         2
      72       -0.00064347      a_ia        72                           -0.00128694         2
    1321        0.00058174      a_ia      1321                            0.00116348         2
      40        0.00050587      a_ia        40                            0.00101174         2
     859        0.00040787      a_ia       859                            0.00081574         2
    1452        0.00039525      a_ia      1452                            0.00079049         2
    1541        0.00039123      a_ia      1541                            0.00078246         2
    1292        0.00038585      a_ia      1292                            0.00154341         4
    1503       -0.00038412      a_ia      1503                           -0.00153648         4
   50123       -0.00037762        om      5735      5736                 -0.02379000        63

  ==> Add operator: a_ia 859
  ==> Current qubit order: 8  9  10  3  59  2  58  11  26  5  4  7  6  18  19  27  28  15  14  17  25  13  29  34  30  31  37  16  35  49  42  36  43  24  12  50  51  45  46  38  56  60  61  64  62  65  54  55  94  52  82  0  85  21  53  1  48  95  40  20  23  41  71  84  22  70  72  63  73  39  57  66  68  69  44  74  47  75  76  77  67  78  79  80  89  81  91  90  88  32  86  87  33  83  92  93  


  ==> Energy                -270.514812597
  ==> dE                       -5.94e-06
  ==> Gradient Norm             2.11e+00
  ==> Abs. Max. Deriv.          5.30e-02
  ==> Time-Grad. (s)              95.028
  ==> Time-Energy (s)             26.293
  ==> Time-Iter. (s)             121.322

--------------------------------------------------------------------------------
CEO-ADAPT-VQE iteration: 253
--------------------------------------------------------------------------------
    gate        derivative      name       op1       op2       op3        g_unscaled   penalty
    1290        0.00091264      a_ia      1290                            0.00182528         2
      72       -0.00063608      a_ia        72                           -0.00127217         2
    1321        0.00058165      a_ia      1321                            0.00116330         2
      40        0.00050849      a_ia        40                            0.00101697         2
    1503       -0.00046129      a_ia      1503                           -0.00184517         4
    1452        0.00039571      a_ia      1452                            0.00079141         2
    1541        0.00039174      a_ia      1541                            0.00078347         2
    1292        0.00038589      a_ia      1292                            0.00154358         4
   50123       -0.00037225        om      5735      5736                 -0.02345204        63
    5735       -0.00036858    a_iajb      5735                           -0.02322083        63

  ==> Add operator: a_ia 1503
  ==> Current qubit order: 8  9  10  3  59  2  58  11  26  5  4  7  6  18  19  27  28  15  14  17  25  13  29  34  30  31  37  16  35  49  42  36  43  24  12  50  51  45  46  38  56  60  61  64  62  65  54  55  94  52  82  0  85  21  53  1  95  48  40  20  23  41  71  84  22  70  72  63  73  39  57  66  68  69  44  74  47  75  76  77  67  78  79  80  89  81  91  90  88  32  86  87  33  83  92  93  


  ==> Energy                -270.514814580
  ==> dE                       -1.98e-06
  ==> Gradient Norm             2.11e+00
  ==> Abs. Max. Deriv.          5.30e-02
  ==> Time-Grad. (s)              95.193
  ==> Time-Energy (s)             24.499
  ==> Time-Iter. (s)             119.693

--------------------------------------------------------------------------------
CEO-ADAPT-VQE iteration: 254
--------------------------------------------------------------------------------
    gate        derivative      name       op1       op2       op3        g_unscaled   penalty
    1290        0.00090073      a_ia      1290                            0.00180147         2
    1321        0.00057163      a_ia      1321                            0.00114326         2
      72       -0.00055803      a_ia        72                           -0.00111606         2
      40        0.00050616      a_ia        40                            0.00101232         2
    1452        0.00042913      a_ia      1452                            0.00085825         2
    1541        0.00039911      a_ia      1541                            0.00079822         2
    1712        0.00038402      a_ia      1712                            0.01075263        28
   50123       -0.00037289        om      5735      5736                 -0.02349219        63
    5735       -0.00036921    a_iajb      5735                           -0.02325996        63
   50122       -0.00036552        op      5735      5736                 -0.02302773        63

  ==> Tried operator a_ia 1541: gain -1.57e-07 (threshold 3.4e-07), removed and excluded for this stage
  ==> Add operator: a_ia 1712
  ==> Current qubit order: 8  9  10  3  59  2  58  11  26  5  4  7  6  18  19  27  28  15  14  17  25  13  29  34  30  31  37  16  35  49  42  36  43  24  12  50  51  45  46  38  56  60  61  64  62  65  54  55  94  52  82  0  85  21  53  1  95  40  20  23  41  71  84  22  70  72  63  73  39  57  48  66  68  69  44  74  47  75  76  77  67  78  79  80  89  81  91  90  88  32  86  87  33  83  92  93  


  ==> Energy                -270.515437543
  ==> dE                       -6.23e-04
  ==> Gradient Norm             2.11e+00
  ==> Abs. Max. Deriv.          5.30e-02
  ==> Time-Grad. (s)              95.398
  ==> Time-Energy (s)             46.586
  ==> Time-Iter. (s)             141.985

--------------------------------------------------------------------------------
CEO-ADAPT-VQE iteration: 255
--------------------------------------------------------------------------------
    gate        derivative      name       op1       op2       op3        g_unscaled   penalty
    1713        0.00158538      a_ia      1713                            0.00634154         4
    1290        0.00090505      a_ia      1290                            0.00181011         2
      72       -0.00062545      a_ia        72                           -0.00125091         2
    1321        0.00056806      a_ia      1321                            0.00113612         2
      40        0.00050569      a_ia        40                            0.00101138         2
    2046       -0.00043919      a_ia      2046                           -0.00087838         2
    1452        0.00043798      a_ia      1452                            0.00087597         2
    1617        0.00042350      a_ia      1617                            0.00169399         4
    1541        0.00038680      a_ia      1541                            0.00077359         2
   50123       -0.00038487        om      5735      5736                 -0.02347701        61

  ==> Add operator: a_ia 1713
  ==> Current qubit order: 8  9  10  3  59  2  58  11  26  5  4  7  6  18  19  27  28  15  14  17  25  13  29  34  30  31  37  16  35  49  42  36  43  24  12  50  51  45  46  38  56  60  61  64  62  65  54  55  94  52  82  0  85  21  53  1  95  40  20  23  41  71  84  22  70  72  63  73  39  57  66  48  68  69  44  74  47  75  76  77  67  78  79  80  89  81  91  90  88  32  86  87  33  83  92  93  


  ==> Energy                -270.515653871
  ==> dE                       -2.16e-04
  ==> Gradient Norm             2.10e+00
  ==> Abs. Max. Deriv.          5.30e-02
  ==> Time-Grad. (s)              95.168
  ==> Time-Energy (s)             23.216
  ==> Time-Iter. (s)             118.385

--------------------------------------------------------------------------------
CEO-ADAPT-VQE iteration: 256
--------------------------------------------------------------------------------
    gate        derivative      name       op1       op2       op3        g_unscaled   penalty
    1290        0.00090705      a_ia      1290                            0.00181410         2
      72       -0.00064883      a_ia        72                           -0.00129766         2
    1321        0.00056619      a_ia      1321                            0.00113239         2
      40        0.00051346      a_ia        40                            0.00102693         2
    1617        0.00047362      a_ia      1617                            0.00189449         4
    1452        0.00045074      a_ia      1452                            0.00090149         2
    1607       -0.00043529      a_ia      1607                           -0.00261175         6
    1620       -0.00041202      a_ia      1620                           -0.00082405         2
  101042       -0.00039464        op     45741     45742                 -0.02486221        63
   45741       -0.00039176    a_iajb     45741                           -0.02468086        63

  ==> Add operator: a_ia 1617
  ==> Current qubit order: 8  9  10  3  59  2  58  11  26  5  4  7  6  18  19  27  28  15  14  17  25  13  29  34  30  31  37  16  35  49  42  36  43  24  12  50  51  45  46  38  56  60  61  64  62  65  54  55  94  52  82  0  85  21  53  1  95  40  20  23  41  71  84  22  70  72  63  73  39  57  66  48  69  68  44  74  47  75  76  77  67  78  79  80  89  81  91  90  88  32  86  87  33  83  92  93  


  ==> Energy                -270.515654804
  ==> dE                       -9.33e-07
  ==> Gradient Norm             2.10e+00
  ==> Abs. Max. Deriv.          5.30e-02
  ==> Time-Grad. (s)              95.457
  ==> Time-Energy (s)             24.542
  ==> Time-Iter. (s)             119.999

--------------------------------------------------------------------------------
CEO-ADAPT-VQE iteration: 257
--------------------------------------------------------------------------------
    gate        derivative      name       op1       op2       op3        g_unscaled   penalty
    1290        0.00090634      a_ia      1290                            0.00181268         2
      72       -0.00064959      a_ia        72                           -0.00129918         2
    1321        0.00056519      a_ia      1321                            0.00113038         2
      40        0.00051384      a_ia        40                            0.00102768         2
    1452        0.00044814      a_ia      1452                            0.00089628         2
    1607       -0.00043568      a_ia      1607                           -0.00261406         6
    1620       -0.00040910      a_ia      1620                           -0.00081819         2
  101042       -0.00039497        op     45741     45742                 -0.02488321        63
   45741       -0.00039210    a_iajb     45741                           -0.02470220        63
  101043       -0.00038923        om     45741     45742                 -0.02452119        63

  ==> Add operator: a_ia 1607
  ==> Current qubit order: 8  9  10  3  59  2  58  11  26  5  4  7  6  18  19  27  28  15  14  17  25  13  29  34  30  31  37  16  35  49  42  36  43  24  12  50  51  45  46  38  56  60  61  64  62  65  54  55  94  52  82  0  85  21  53  1  95  40  20  23  41  71  84  22  70  72  63  73  39  57  66  69  68  48  44  74  47  75  76  77  67  78  79  80  89  81  91  90  88  32  86  87  33  83  92  93  


  ==> Energy                -270.515659819
  ==> dE                       -5.02e-06
  ==> Gradient Norm             2.10e+00
  ==> Abs. Max. Deriv.          5.30e-02
  ==> Time-Grad. (s)              95.141
  ==> Time-Energy (s)             21.878
  ==> Time-Iter. (s)             117.019

--------------------------------------------------------------------------------
CEO-ADAPT-VQE iteration: 258
--------------------------------------------------------------------------------
    gate        derivative      name       op1       op2       op3        g_unscaled   penalty
    1290        0.00090341      a_ia      1290                            0.00180682         2
      72       -0.00064705      a_ia        72                           -0.00129409         2
    1321        0.00056462      a_ia      1321                            0.00112923         2
      40        0.00053323      a_ia        40                            0.00106646         2
    1716        0.00044902      a_ia      1716                            0.00179607         4
  101042       -0.00042393        op     45741     45742                 -0.02501162        59
   45741       -0.00042099    a_iajb     45741                           -0.02483821        59
    1620       -0.00041946      a_ia      1620                           -0.00083892         2
  101043       -0.00041805        om     45741     45742                 -0.02466481        59
    1452        0.00040765      a_ia      1452                            0.00081530         2

  ==> Add operator: a_ia 1716
  ==> Current qubit order: 8  9  10  3  59  2  58  11  26  5  4  7  6  18  19  27  28  15  14  17  25  13  29  34  30  31  37  16  35  49  42  36  43  24  12  50  51  45  46  38  56  60  61  64  62  65  54  55  94  52  82  0  85  21  53  1  95  40  20  23  41  71  84  22  70  72  63  73  39  57  66  69  68  44  48  74  47  75  76  77  67  78  79  80  89  81  91  90  88  32  86  87  33  83  92  93  


  ==> Energy                -270.515676078
  ==> dE                       -1.63e-05
  ==> Gradient Norm             2.10e+00
  ==> Abs. Max. Deriv.          5.30e-02
  ==> Time-Grad. (s)              95.528
  ==> Time-Energy (s)             23.927
  ==> Time-Iter. (s)             119.455

--------------------------------------------------------------------------------
CEO-ADAPT-VQE iteration: 259
--------------------------------------------------------------------------------
    gate        derivative      name       op1       op2       op3        g_unscaled   penalty
    1290        0.00090685      a_ia      1290                            0.00181370         2
      72       -0.00065484      a_ia        72                           -0.00130968         2
    1321        0.00056895      a_ia      1321                            0.00113789         2
      40        0.00053417      a_ia        40                            0.00106834         2
  101042       -0.00045472        op     45741     45742                 -0.02500937        55
   45741       -0.00045156    a_iajb     45741                           -0.02483564        55
  101043       -0.00044840        om     45741     45742                 -0.02466191        55
    1452        0.00042489      a_ia      1452                            0.00084978         2
    1488       -0.00039973      a_ia      1488                           -0.00079946         2
    1541        0.00038925      a_ia      1541                            0.00077850         2

  ==> Add operator: mvp2 -1: 45741 45742
  ==> Current qubit order: 8  9  10  3  59  2  58  11  26  5  4  7  6  18  19  27  28  15  14  17  25  13  29  34  30  31  37  16  35  49  42  36  43  24  12  50  51  45  46  38  56  60  61  64  62  65  54  55  94  52  82  0  85  21  53  1  95  40  20  23  41  71  84  22  70  72  63  73  39  57  66  69  68  74  75  44  48  47  67  76  77  78  79  80  89  81  91  90  88  32  86  87  33  83  92  93  


  ==> Energy                -270.515794651
  ==> dE                       -1.19e-04
  ==> Gradient Norm             2.10e+00
  ==> Abs. Max. Deriv.          5.30e-02
  ==> Time-Grad. (s)              94.934
  ==> Time-Energy (s)             45.298
  ==> Time-Iter. (s)             140.232

--------------------------------------------------------------------------------
CEO-ADAPT-VQE iteration: 260
--------------------------------------------------------------------------------
    gate        derivative      name       op1       op2       op3        g_unscaled   penalty
    1290        0.00090763      a_ia      1290                            0.00181527         2
      72       -0.00065733      a_ia        72                           -0.00131465         2
    1689        0.00060798      a_ia      1689                            0.00121595         2
    1321        0.00056989      a_ia      1321                            0.00113978         2
      40        0.00053362      a_ia        40                            0.00106724         2
    1452        0.00042376      a_ia      1452                            0.00084751         2
    1488       -0.00040779      a_ia      1488                           -0.00081559         2
    1541        0.00039657      a_ia      1541                            0.00079314         2
   50123       -0.00038472        om      5735      5736                 -0.02346795        61
    5735       -0.00038090    a_iajb      5735                           -0.02323479        61

  ==> Add operator: a_ia 1689
  ==> Current qubit order: 8  9  10  3  59  2  58  11  26  5  4  7  6  18  19  27  28  15  14  17  25  13  29  34  30  31  37  16  35  49  42  36  43  24  12  50  51  45  46  38  56  60  61  64  62  65  54  55  94  52  82  0  85  21  53  1  95  40  20  23  41  71  84  22  70  72  63  73  39  57  66  69  68  74  75  44  48  47  67  76  77  78  79  80  89  81  91  90  88  32  86  87  33  83  92  93  


  ==> Energy                -270.515795101
  ==> dE                       -4.51e-07
  ==> Gradient Norm             2.10e+00
  ==> Abs. Max. Deriv.          5.30e-02
  ==> Time-Grad. (s)              95.507
  ==> Time-Energy (s)             21.520
  ==> Time-Iter. (s)             117.027

--------------------------------------------------------------------------------
CEO-ADAPT-VQE iteration: 261
--------------------------------------------------------------------------------
    gate        derivative      name       op1       op2       op3        g_unscaled   penalty
    1290        0.00090607      a_ia      1290                            0.00181215         2
      72       -0.00065715      a_ia        72                           -0.00131430         2
    1321        0.00056849      a_ia      1321                            0.00113697         2
      40        0.00053617      a_ia        40                            0.00107234         2
    1452        0.00042603      a_ia      1452                            0.00085206         2
    1488       -0.00040677      a_ia      1488                           -0.00081354         2
    1541        0.00040074      a_ia      1541                            0.00080147         2
   50123       -0.00038472        om      5735      5736                 -0.02346793        61
    5735       -0.00038090    a_iajb      5735                           -0.02323478        61
   50122       -0.00037708        op      5735      5736                 -0.02300163        61

  ==> Add operator: mvp2 -1: 5735 5736
  ==> Current qubit order: 8  9  10  3  59  2  58  11  26  5  4  7  6  18  19  27  28  15  14  17  25  13  29  34  30  31  37  16  35  49  42  36  43  24  12  50  51  45  46  38  56  60  61  64  62  65  54  55  52  82  0  94  85  1  40  21  53  95  20  23  41  71  84  22  70  72  63  73  39  57  66  69  68  74  75  44  48  47  67  76  77  78  79  80  89  81  91  90  88  32  86  87  33  83  92  93  


  ==> Energy                -270.515843276
  ==> dE                       -4.82e-05
  ==> Gradient Norm             2.10e+00
  ==> Abs. Max. Deriv.          5.30e-02
  ==> Time-Grad. (s)              95.186
  ==> Time-Energy (s)             45.315
  ==> Time-Iter. (s)             140.501

--------------------------------------------------------------------------------
CEO-ADAPT-VQE iteration: 262
--------------------------------------------------------------------------------
    gate        derivative      name       op1       op2       op3        g_unscaled   penalty
    1290        0.00090605      a_ia      1290                            0.00181210         2
      46        0.00060096      a_ia        46                            0.00120192         2
    1321        0.00056854      a_ia      1321                            0.00113707         2
      40        0.00053438      a_ia        40                            0.00106876         2
    1452        0.00042616      a_ia      1452                            0.00085233         2
    1488       -0.00040704      a_ia      1488                           -0.00081409         2
    1541        0.00040104      a_ia      1541                            0.00080208         2
    1447       -0.00035583      a_ia      1447                           -0.00071167         2
    1620       -0.00035379      a_ia      1620                           -0.00141516         4
    1292        0.00035258      a_ia      1292                            0.00141032         4

  ==> Add operator: a_ia 1447
  ==> Current qubit order: 8  9  10  3  59  2  58  11  26  5  4  7  6  18  19  27  28  15  14  17  25  13  29  34  30  31  37  16  35  49  42  36  43  24  12  50  51  45  46  38  56  60  61  64  62  65  54  55  52  82  0  94  85  1  40  21  53  95  20  23  41  71  84  22  70  72  63  73  39  57  66  69  68  74  75  44  48  47  67  76  77  78  79  80  89  81  91  90  88  32  86  87  33  83  92  93  


  ==> Energy                -270.515851158
  ==> dE                       -7.88e-06
  ==> Gradient Norm             2.10e+00
  ==> Abs. Max. Deriv.          5.31e-02
  ==> Time-Grad. (s)              95.668
  ==> Time-Energy (s)             22.485
  ==> Time-Iter. (s)             118.153

--------------------------------------------------------------------------------
CEO-ADAPT-VQE iteration: 263
--------------------------------------------------------------------------------
    gate        derivative      name       op1       op2       op3        g_unscaled   penalty
    1290        0.00090689      a_ia      1290                            0.00181378         2
      46        0.00060357      a_ia        46                            0.00120715         2
    1321        0.00056969      a_ia      1321                            0.00113938         2
      40        0.00053413      a_ia        40                            0.00106826         2
    1452        0.00040903      a_ia      1452                            0.00081806         2
    1488       -0.00040545      a_ia      1488                           -0.00081090         2
    1541        0.00040024      a_ia      1541                            0.00080048         2
    1620       -0.00035430      a_ia      1620                           -0.00141720         4
    1292        0.00035341      a_ia      1292                            0.00141365         4
   77967        0.00033951        om     28458     28459                  0.04651271       137

  ==> Add operator: a_ia 1620
  ==> Current qubit order: 8  9  10  3  59  2  58  11  26  5  4  7  6  18  19  27  28  15  14  17  25  13  29  34  30  31  37  16  35  49  42  36  43  24  12  50  51  45  46  38  56  60  61  64  62  65  54  55  52  82  0  94  85  1  40  21  53  95  20  23  41  71  84  22  70  72  63  73  39  57  66  69  68  75  74  44  48  47  67  76  77  78  79  80  89  81  91  90  88  32  86  87  33  83  92  93  


  ==> Energy                -270.515851886
  ==> dE                       -7.28e-07
  ==> Gradient Norm             2.10e+00
  ==> Abs. Max. Deriv.          5.31e-02
  ==> Time-Grad. (s)              95.714
  ==> Time-Energy (s)             23.022
  ==> Time-Iter. (s)             118.736

--------------------------------------------------------------------------------
CEO-ADAPT-VQE iteration: 264
--------------------------------------------------------------------------------
    gate        derivative      name       op1       op2       op3        g_unscaled   penalty
    1290        0.00091010      a_ia      1290                            0.00182021         2
      46        0.00060209      a_ia        46                            0.00120419         2
    1321        0.00057305      a_ia      1321                            0.00114610         2
      40        0.00053367      a_ia        40                            0.00106734         2
    1452        0.00041367      a_ia      1452                            0.00082735         2
    1488       -0.00040134      a_ia      1488                           -0.00080268         2
    1541        0.00039952      a_ia      1541                            0.00079904         2
    1292        0.00035210      a_ia      1292                            0.00140838         4
   77967        0.00033951        om     28458     28459                  0.04651290       137
     582        0.00033179      a_ia       582                            0.00066359         2

  ==> Add operator: mvp2 -1: 28458 28459
  ==> Current qubit order: 8  9  10  3  59  2  58  11  26  5  4  7  6  18  19  27  28  15  14  17  25  13  29  34  30  31  37  16  35  49  42  36  43  24  12  50  51  45  46  38  56  60  61  64  62  65  54  55  52  82  0  94  85  1  40  53  95  23  41  71  22  70  72  63  73  21  20  84  83  39  57  66  69  68  75  74  44  48  47  67  76  77  78  79  80  89  81  91  90  88  32  86  87  33  92  93  


  ==> Energy                -270.516361761
  ==> dE                       -5.10e-04
  ==> Gradient Norm             2.10e+00
  ==> Abs. Max. Deriv.          5.31e-02
  ==> Time-Grad. (s)              95.513
  ==> Time-Energy (s)             43.632
  ==> Time-Iter. (s)             139.146

--------------------------------------------------------------------------------
CEO-ADAPT-VQE iteration: 265
--------------------------------------------------------------------------------
    gate        derivative      name       op1       op2       op3        g_unscaled   penalty
    1493       -0.00181452      a_ia      1493                           -0.00362904         2
     917        0.00142933      a_ia       917                            0.00857599         6
     912       -0.00109791      a_ia       912                           -0.00219582         2
    1290        0.00090318      a_ia      1290                            0.00180637         2
   79645       -0.00073760        om     29698     29699                 -0.04056777        55
   29698       -0.00070777    a_iajb     29698                           -0.03892740        55
   79644       -0.00067795        op     29698     29699                 -0.03728704        55
      46        0.00058409      a_ia        46                            0.00116817         2
   79977        0.00057838        om     30012     30013                  0.03296746        57
   79489       -0.00057647        om     29560     29561                 -0.02363522        41

  ==> Add operator: a_ia 1493
  ==> Current qubit order: 8  9  10  3  59  2  58  11  26  5  4  7  6  18  19  27  28  15  14  17  25  13  29  34  30  31  37  16  35  49  42  36  43  24  12  50  51  45  46  38  56  60  61  64  62  65  54  55  52  82  0  94  85  1  40  53  95  23  41  71  22  70  72  63  73  21  20  84  83  39  57  66  69  68  75  74  44  48  47  67  76  77  78  79  80  89  81  91  90  88  32  86  87  33  92  93  


  ==> Energy                -270.516363944
  ==> dE                       -2.18e-06
  ==> Gradient Norm             2.10e+00
  ==> Abs. Max. Deriv.          4.90e-02
  ==> Time-Grad. (s)              95.413
  ==> Time-Energy (s)             25.679
  ==> Time-Iter. (s)             121.092

--------------------------------------------------------------------------------
CEO-ADAPT-VQE iteration: 266
--------------------------------------------------------------------------------
    gate        derivative      name       op1       op2       op3        g_unscaled   penalty
     917        0.00143127      a_ia       917                            0.00858764         6
     912       -0.00109421      a_ia       912                           -0.00218842         2
    1290        0.00089554      a_ia      1290                            0.00179108         2
   79645       -0.00073712        om     29698     29699                 -0.04054157        55
   29698       -0.00070731    a_iajb     29698                           -0.03890198        55
   79644       -0.00067750        op     29698     29699                 -0.03726239        55
   79977        0.00057798        om     30012     30013                  0.03294496        57
   79489       -0.00057744        om     29560     29561                 -0.02367523        41
   30012        0.00057423    a_iajb     30012                            0.03273134        57
   79976        0.00057049        op     30012     30013                  0.03251772        57

  ==> Add operator: a_ia 917
  ==> Current qubit order: 8  9  10  3  59  2  58  11  26  5  4  7  6  18  19  27  28  15  14  17  25  13  29  34  30  31  37  16  35  49  42  36  43  24  12  50  51  45  46  38  56  60  61  64  62  65  54  55  52  82  0  94  85  1  40  53  95  23  41  71  22  70  72  63  73  20  84  21  83  39  57  66  69  68  75  74  44  48  47  67  76  77  78  79  80  89  81  91  90  88  32  86  87  33  92  93  


  ==> Energy                -270.516375660
  ==> dE                       -1.17e-05
  ==> Gradient Norm             2.10e+00
  ==> Abs. Max. Deriv.          4.90e-02
  ==> Time-Grad. (s)              95.803
  ==> Time-Energy (s)             26.150
  ==> Time-Iter. (s)             121.953

--------------------------------------------------------------------------------
CEO-ADAPT-VQE iteration: 267
--------------------------------------------------------------------------------
    gate        derivative      name       op1       op2       op3        g_unscaled   penalty
    1290        0.00086060      a_ia      1290                            0.00172120         2
   79645       -0.00064165        om     29698     29699                 -0.04042413        63
   29698       -0.00061569    a_iajb     29698                           -0.03878855        63
   78091        0.00059915        om     28567     28568                  0.03894456        65
   79644       -0.00058973        op     29698     29699                 -0.03715296        63
   28567        0.00057159    a_iajb     28567                            0.03715317        65
   78090        0.00054403        op     28567     28568                  0.03536177        65
      40        0.00053302      a_ia        40                            0.00106604         2
   79489       -0.00052464        om     29560     29561                 -0.02360866        45
    1321        0.00052435      a_ia      1321                            0.00104870         2

  ==> Add operator: mvp2 -1: 29698 29699
  ==> Current qubit order: 8  9  10  3  59  2  58  11  26  5  4  7  6  18  19  27  28  15  14  17  25  13  29  34  30  31  37  16  35  49  42  36  43  24  12  50  51  45  46  38  56  60  61  64  62  65  54  55  52  82  0  94  85  1  40  53  95  23  71  22  70  72  41  20  84  83  63  73  21  39  57  66  69  68  75  74  44  48  47  67  76  77  78  79  80  89  81  91  90  88  32  86  87  33  92  93  


  ==> Energy                -270.516805054
  ==> dE                       -4.29e-04
  ==> Gradient Norm             2.10e+00
  ==> Abs. Max. Deriv.          4.90e-02
  ==> Time-Grad. (s)              96.017
  ==> Time-Energy (s)             44.207
  ==> Time-Iter. (s)             140.225

--------------------------------------------------------------------------------
CEO-ADAPT-VQE iteration: 268
--------------------------------------------------------------------------------
    gate        derivative      name       op1       op2       op3        g_unscaled   penalty
    1547       -0.00149539      a_ia      1547                           -0.00897233         6
     912       -0.00109912      a_ia       912                           -0.00219824         2
    1290        0.00085593      a_ia      1290                            0.00171185         2
   78091        0.00066837        om     28567     28568                  0.03943404        59
   28567        0.00063658    a_iajb     28567                            0.03755817        59
   78090        0.00060478        op     28567     28568                  0.03568229        59
     875       -0.00059860      a_ia       875                           -0.00239440         4
      40        0.00053654      a_ia        40                            0.00107308         2
   79489       -0.00051915        om     29560     29561                 -0.02439988        47
    1321        0.00051872      a_ia      1321                            0.00103743         2

  ==> Add operator: a_ia 1547
  ==> Current qubit order: 8  9  10  3  59  2  58  11  26  5  4  7  6  18  19  27  28  15  14  17  25  13  29  34  30  31  37  16  35  49  42  36  43  24  12  50  51  45  46  38  56  60  61  64  62  65  54  55  52  82  0  94  85  1  40  53  95  23  71  22  70  72  20  84  41  83  63  73  21  39  57  66  69  68  75  74  44  48  47  67  76  77  78  79  80  89  81  91  90  88  32  86  87  33  92  93  


  ==> Energy                -270.516819641
  ==> dE                       -1.46e-05
  ==> Gradient Norm             2.09e+00
  ==> Abs. Max. Deriv.          4.90e-02
  ==> Time-Grad. (s)              96.034
  ==> Time-Energy (s)             27.045
  ==> Time-Iter. (s)             123.079

--------------------------------------------------------------------------------
CEO-ADAPT-VQE iteration: 269
--------------------------------------------------------------------------------
    gate        derivative      name       op1       op2       op3        g_unscaled   penalty
     875       -0.00118662      a_ia       875                           -0.00237323         2
     912       -0.00110722      a_ia       912                           -0.00221444         2
    1290        0.00082214      a_ia      1290                            0.00164428         2
   78091        0.00077139        om     28567     28568                  0.03934066        51
   28567        0.00073468    a_iajb     28567                            0.03746868        51
   78090        0.00069797        op     28567     28568                  0.03559670        51
      40        0.00053876      a_ia        40                            0.00107753         2
   79977        0.00052162        om     30012     30013                  0.03286188        63
   30012        0.00051452    a_iajb     30012                            0.03241505        63
   79976        0.00050743        op     30012     30013                  0.03196822        63

  ==> Add operator: a_ia 912
  ==> Current qubit order: 8  9  10  3  59  2  58  11  26  5  4  7  6  18  19  27  28  15  14  17  25  13  29  34  30  31  37  16  35  49  42  36  43  24  12  50  51  45  46  38  56  60  61  64  62  65  54  55  52  82  0  94  85  1  40  53  95  23  71  22  70  72  20  84  41  83  63  73  21  39  57  66  69  68  75  74  44  48  47  67  76  77  78  79  80  89  81  91  90  88  32  86  87  33  92  93  


  ==> Energy                -270.516820866
  ==> dE                       -1.22e-06
  ==> Gradient Norm             2.09e+00
  ==> Abs. Max. Deriv.          4.90e-02
  ==> Time-Grad. (s)              96.402
  ==> Time-Energy (s)             24.897
  ==> Time-Iter. (s)             121.299

--------------------------------------------------------------------------------
CEO-ADAPT-VQE iteration: 270
--------------------------------------------------------------------------------
    gate        derivative      name       op1       op2       op3        g_unscaled   penalty
     875       -0.00117249      a_ia       875                           -0.00234499         2
    1290        0.00082287      a_ia      1290                            0.00164574         2
   78091        0.00077139        om     28567     28568                  0.03934065        51
   28567        0.00073468    a_iajb     28567                            0.03746867        51
   78090        0.00069797        op     28567     28568                  0.03559670        51
      40        0.00053430      a_ia        40                            0.00106860         2
   79977        0.00052171        om     30012     30013                  0.03286773        63
   30012        0.00051461    a_iajb     30012                            0.03242059        63
   79976        0.00050751        op     30012     30013                  0.03197344        63
   47217        0.00049868        om      3264      3265                  0.04139039        83

  ==> Add operator: mvp2 -1: 28567 28568
  ==> Current qubit order: 8  9  10  3  59  2  58  11  26  5  4  7  6  18  19  27  28  15  14  17  25  13  29  34  30  31  37  16  35  49  42  36  43  24  12  50  51  45  46  38  56  60  61  64  62  65  54  55  52  82  0  94  85  1  40  53  95  71  22  70  72  23  20  84  83  41  63  73  21  39  57  66  69  68  75  74  44  48  47  67  76  77  78  79  80  89  81  91  90  88  32  86  87  33  92  93  


  ==> Energy                -270.517302681
  ==> dE                       -4.82e-04
  ==> Gradient Norm             2.09e+00
  ==> Abs. Max. Deriv.          4.90e-02
  ==> Time-Grad. (s)              96.581
  ==> Time-Energy (s)             42.473
  ==> Time-Iter. (s)             139.054

--------------------------------------------------------------------------------
CEO-ADAPT-VQE iteration: 271
--------------------------------------------------------------------------------
    gate        derivative      name       op1       op2       op3        g_unscaled   penalty
    1290        0.00081957      a_ia      1290                            0.00163915         2
     989        0.00080002      a_ia       989                            0.00480013         6
     875       -0.00058922      a_ia       875                           -0.00235687         4
      40        0.00053232      a_ia        40                            0.00106463         2
   79489       -0.00050313        om     29560     29561                 -0.02465351        49
    1321        0.00048991      a_ia      1321                            0.00097983         2
   29560       -0.00048316    a_iajb     29560                           -0.02367479        49
   79977        0.00048245        om     30012     30013                  0.03232424        67
   77963        0.00047516        om     28454     28455                  0.04323944        91
   30012        0.00047204    a_iajb     30012                            0.03162679        67

  ==> Add operator: a_ia 989
  ==> Current qubit order: 8  9  10  3  59  2  58  11  26  5  4  7  6  18  19  27  28  15  14  17  25  13  29  34  30  31  37  16  35  49  42  36  43  24  12  50  51  45  46  38  56  60  61  64  62  65  54  55  52  82  0  94  85  1  40  53  95  71  22  70  72  20  84  23  83  41  63  73  21  39  57  66  69  68  75  74  44  48  47  67  76  77  78  79  80  89  81  91  90  88  32  86  87  33  92  93  


  ==> Energy                -270.517306456
  ==> dE                       -3.77e-06
  ==> Gradient Norm             2.09e+00
  ==> Abs. Max. Deriv.          4.90e-02
  ==> Time-Grad. (s)              96.166
  ==> Time-Energy (s)             25.359
  ==> Time-Iter. (s)             121.525

--------------------------------------------------------------------------------
CEO-ADAPT-VQE iteration: 272
--------------------------------------------------------------------------------
    gate        derivative      name       op1       op2       op3        g_unscaled   penalty
     875       -0.00117904      a_ia       875                           -0.00235808         2
    1290        0.00080395      a_ia      1290                            0.00160790         2
      40        0.00053656      a_ia        40                            0.00107312         2
    1321        0.00048116      a_ia      1321                            0.00096233         2
   82959       -0.00047438        om     32244     32245                 -0.02609109        55
   79977        0.00046787        om     30012     30013                  0.03228272        69
   32244       -0.00046729    a_iajb     32244                           -0.02570114        55
   79489       -0.00046471        om     29560     29561                 -0.02462985        53
   82958       -0.00046020        op     32244     32245                 -0.02531118        55
   30012        0.00045779    a_iajb     30012                            0.03158743        69

  ==> Add operator: mvp2 -1: 32244 32245
  ==> Current qubit order: 8  9  10  3  59  2  58  11  26  5  4  7  6  18  19  27  28  15  14  17  25  13  29  34  30  31  37  16  35  49  42  36  43  24  12  50  51  45  46  38  56  60  61  64  62  65  54  55  52  82  0  94  85  1  40  53  95  71  70  72  22  84  83  41  20  23  63  73  21  39  57  66  69  68  75  74  44  48  47  67  76  77  78  79  80  89  81  91  90  88  32  86  87  33  92  93  


  ==> Energy                -270.517392227
  ==> dE                       -8.58e-05
  ==> Gradient Norm             2.09e+00
  ==> Abs. Max. Deriv.          4.90e-02
  ==> Time-Grad. (s)              96.275
  ==> Time-Energy (s)             45.814
  ==> Time-Iter. (s)             142.089

--------------------------------------------------------------------------------
CEO-ADAPT-VQE iteration: 273
--------------------------------------------------------------------------------
    gate        derivative      name       op1       op2       op3        g_unscaled   penalty
    1290        0.00080936      a_ia      1290                            0.00161873         2
     954        0.00074882      a_ia       954                            0.00149763         2
   77963        0.00054750        om     28454     28455                  0.04325275        79
   28454        0.00053982    a_iajb     28454                            0.04264607        79
      40        0.00053702      a_ia        40                            0.00107404         2
   77962        0.00053214        op     28454     28455                  0.04203938        79
   81525       -0.00049099        om     31140     31141                 -0.03682415        75
   79977        0.00048843        om     30012     30013                  0.03272482        67
    1321        0.00048655      a_ia      1321                            0.00097309         2
   81879        0.00048478        om     31458     31459                  0.02181497        45

  ==> Add operator: a_ia 954
  ==> Current qubit order: 8  9  10  3  59  2  58  11  26  5  4  7  6  18  19  27  28  15  14  17  25  13  29  34  30  31  37  16  35  49  42  36  43  24  12  50  51  45  46  38  56  60  61  64  62  65  54  55  52  82  0  94  85  1  40  53  95  71  70  72  22  84  83  41  20  23  63  73  21  39  57  66  69  68  75  74  44  48  47  67  76  77  78  79  80  89  81  91  90  88  32  86  87  33  92  93  


  ==> Energy                -270.518141027
  ==> dE                       -7.49e-04
  ==> Gradient Norm             2.09e+00
  ==> Abs. Max. Deriv.          4.90e-02
  ==> Time-Grad. (s)              96.725
  ==> Time-Energy (s)           1539.102
  ==> Time-Iter. (s)            1635.827

--------------------------------------------------------------------------------
CEO-ADAPT-VQE iteration: 274
--------------------------------------------------------------------------------
    gate        derivative      name       op1       op2       op3        g_unscaled   penalty
    1607        0.00104339      a_ia      1607                            0.00208678         2
     895        0.00077612      a_ia       895                            0.00155224         2
    1290        0.00074655      a_ia      1290                            0.00149310         2
      72       -0.00066413      a_ia        72                           -0.00265650         4
    1321        0.00058578      a_ia      1321                            0.00117156         2
      40        0.00058529      a_ia        40                            0.00117057         2
      93       -0.00056245      a_ia        93                           -0.00337472         6
   77962        0.00053899        op     28454     28455                  0.04258030        79
   28454        0.00053616    a_iajb     28454                            0.04235639        79
   77963        0.00053332        om     28454     28455                  0.04213247        79

  ==> Add operator: a_ia 1607
  ==> Current qubit order: 8  9  10  3  59  2  58  11  26  5  4  7  6  18  19  27  28  15  14  17  25  13  29  34  30  31  37  16  35  49  42  36  43  24  12  50  51  45  46  38  56  60  61  64  62  65  54  55  52  82  0  94  85  1  40  53  95  71  70  72  22  84  83  41  20  23  63  73  21  39  57  66  69  68  75  74  44  48  47  67  76  77  78  79  80  89  81  91  90  88  32  86  87  33  92  93  


  ==> Energy                -270.518144545
  ==> dE                       -3.52e-06
  ==> Gradient Norm             2.08e+00
  ==> Abs. Max. Deriv.          4.90e-02
  ==> Time-Grad. (s)              96.070
  ==> Time-Energy (s)             22.890
  ==> Time-Iter. (s)             118.960

--------------------------------------------------------------------------------
CEO-ADAPT-VQE iteration: 275
--------------------------------------------------------------------------------
    gate        derivative      name       op1       op2       op3        g_unscaled   penalty
     895        0.00077479      a_ia       895                            0.00154959         2
    1290        0.00074933      a_ia      1290                            0.00149865         2
      72       -0.00066573      a_ia        72                           -0.00266291         4
    1321        0.00058664      a_ia      1321                            0.00117329         2
      40        0.00056898      a_ia        40                            0.00113797         2
      93       -0.00056117      a_ia        93                           -0.00336702         6
   77962        0.00053902        op     28454     28455                  0.04258284        79
   28454        0.00053619    a_iajb     28454                            0.04235894        79
   77963        0.00053335        om     28454     28455                  0.04213503        79
     913        0.00051840      a_ia       913                            0.00622077        12

  ==> Add operator: a_ia 895
  ==> Current qubit order: 8  9  10  3  59  2  58  11  26  5  4  7  6  18  19  27  28  15  14  17  25  13  29  34  30  31  37  16  35  49  42  36  43  24  12  50  51  45  46  38  56  60  61  64  62  65  54  55  52  82  0  94  85  1  40  53  95  71  70  72  22  84  83  41  20  23  63  73  21  39  57  66  69  68  75  74  44  48  47  67  76  77  78  79  80  89  81  91  90  88  32  86  87  33  92  93  


  ==> Energy                -270.518186929
  ==> dE                       -4.24e-05
  ==> Gradient Norm             2.08e+00
  ==> Abs. Max. Deriv.          4.90e-02
  ==> Time-Grad. (s)              96.030
  ==> Time-Energy (s)             25.834
  ==> Time-Iter. (s)             121.864

--------------------------------------------------------------------------------
CEO-ADAPT-VQE iteration: 276
--------------------------------------------------------------------------------
    gate        derivative      name       op1       op2       op3        g_unscaled   penalty
    1290        0.00074120      a_ia      1290                            0.00148239         2
      72       -0.00065801      a_ia        72                           -0.00263206         4
    1321        0.00057956      a_ia      1321                            0.00115912         2
      40        0.00057233      a_ia        40                            0.00114467         2
      93       -0.00056474      a_ia        93                           -0.00338845         6
   77962        0.00053936        op     28454     28455                  0.04260951        79
   28454        0.00053643    a_iajb     28454                            0.04237794        79
   77963        0.00053350        om     28454     28455                  0.04214636        79
     913        0.00052875      a_ia       913                            0.00634502        12
     954       -0.00050407      a_ia       954                           -0.00100815         2

  ==> Add operator: mvp2 -1: 28454 28455
  ==> Current qubit order: 8  9  10  3  59  2  58  11  26  5  4  7  6  18  19  27  28  15  14  17  25  13  29  34  30  31  37  16  35  49  42  36  43  24  12  50  51  45  46  38  56  60  61  64  62  65  54  55  52  0  94  85  1  40  53  95  71  70  72  22  82  83  20  21  84  41  23  63  73  39  57  66  69  68  75  74  44  48  47  67  76  77  78  79  80  89  81  91  90  88  32  86  87  33  92  93  


  ==> Energy                -270.518329711
  ==> dE                       -1.43e-04
  ==> Gradient Norm             2.08e+00
  ==> Abs. Max. Deriv.          4.90e-02
  ==> Time-Grad. (s)              95.815
  ==> Time-Energy (s)             47.333
  ==> Time-Iter. (s)             143.148

--------------------------------------------------------------------------------
CEO-ADAPT-VQE iteration: 277
--------------------------------------------------------------------------------
    gate        derivative      name       op1       op2       op3        g_unscaled   penalty
     953        0.00128125      a_ia       953                            0.00256250         2
    1290        0.00073914      a_ia      1290                            0.00147827         2
   78086        0.00065534        op     28563     28564                  0.03080109        47
      72       -0.00065532      a_ia        72                           -0.00262126         4
   28563        0.00065095    a_iajb     28563                            0.03059455        47
   78087        0.00064655        om     28563     28564                  0.03038801        47
   79640       -0.00060436        op     29694     29695                 -0.02719634        45
   29694       -0.00060027    a_iajb     29694                           -0.02701202        45
   79641       -0.00059617        om     29694     29695                 -0.02682771        45
   79977        0.00057919        om     30012     30013                  0.03185566        55

  ==> Add operator: a_ia 953
  ==> Current qubit order: 8  9  10  3  59  2  58  11  26  5  4  7  6  18  19  27  28  15  14  17  25  13  29  34  30  31  37  16  35  49  42  36  43  24  12  50  51  45  46  38  56  60  61  64  62  65  54  55  52  0  94  85  1  40  53  95  71  70  72  22  82  83  20  21  84  41  23  63  73  39  57  66  69  68  75  74  44  48  47  67  76  77  78  79  80  89  81  91  90  88  32  86  87  33  92  93  


  ==> Energy                -270.518330671
  ==> dE                       -9.61e-07
  ==> Gradient Norm             2.08e+00
  ==> Abs. Max. Deriv.          4.90e-02
  ==> Time-Grad. (s)              95.665
  ==> Time-Energy (s)             27.673
  ==> Time-Iter. (s)             123.338

--------------------------------------------------------------------------------
CEO-ADAPT-VQE iteration: 278
--------------------------------------------------------------------------------
    gate        derivative      name       op1       op2       op3        g_unscaled   penalty
    1290        0.00073436      a_ia      1290                            0.00146872         2
   78086        0.00065497        op     28563     28564                  0.03078347        47
   28563        0.00065059    a_iajb     28563                            0.03057786        47
   78087        0.00064622        om     28563     28564                  0.03037226        47
      72       -0.00064290      a_ia        72                           -0.00257159         4
   79640       -0.00060385        op     29694     29695                 -0.02717326        45
   29694       -0.00059977    a_iajb     29694                           -0.02698980        45
   79641       -0.00059570        om     29694     29695                 -0.02680634        45
   79977        0.00057959        om     30012     30013                  0.03187771        55
      93       -0.00057875      a_ia        93                           -0.00347252         6

  ==> Add operator: mvp2 -1: 28563 28564
  ==> Current qubit order: 8  9  10  3  59  2  58  11  26  5  4  7  6  18  19  27  28  15  14  17  25  13  29  34  30  31  37  16  35  49  42  36  43  24  12  50  51  45  46  38  56  60  61  64  62  65  54  55  52  0  94  85  1  40  53  95  71  70  72  22  82  83  20  23  21  84  41  63  73  39  57  66  69  68  75  74  44  48  47  67  76  77  78  79  80  89  81  91  90  88  32  86  87  33  92  93  


  ==> Energy                -270.518406562
  ==> dE                       -7.59e-05
  ==> Gradient Norm             2.08e+00
  ==> Abs. Max. Deriv.          4.90e-02
  ==> Time-Grad. (s)              95.768
  ==> Time-Energy (s)             47.356
  ==> Time-Iter. (s)             143.124

--------------------------------------------------------------------------------
CEO-ADAPT-VQE iteration: 279
--------------------------------------------------------------------------------
    gate        derivative      name       op1       op2       op3        g_unscaled   penalty
    1290        0.00073383      a_ia      1290                            0.00146767         2
      72       -0.00064211      a_ia        72                           -0.00256844         4
      93       -0.00058134      a_ia        93                           -0.00348802         6
   79640       -0.00057515        op     29694     29695                 -0.02703213        47
   29694       -0.00057215    a_iajb     29694                           -0.02689108        47
   79641       -0.00056915        om     29694     29695                 -0.02675003        47
    1321        0.00056785      a_ia      1321                            0.00113570         2
   79977        0.00054043        om     30012     30013                  0.03188550        59
   30012        0.00053858    a_iajb     30012                            0.03177648        59
   79976        0.00053674        op     30012     30013                  0.03166745        59

  ==> Add operator: mvp2 -1: 29694 29695
  ==> Current qubit order: 8  9  10  3  59  2  58  11  26  5  4  7  6  18  19  27  28  15  14  17  25  13  29  34  30  31  37  16  35  49  42  36  43  24  12  50  51  45  46  38  56  60  61  64  62  65  54  55  52  0  94  85  1  40  53  95  71  70  72  22  82  83  20  41  23  21  84  63  73  39  57  66  69  68  75  74  44  48  47  67  76  77  78  79  80  89  81  91  90  88  32  86  87  33  92  93  


  ==> Energy                -270.518468851
  ==> dE                       -6.23e-05
  ==> Gradient Norm             2.08e+00
  ==> Abs. Max. Deriv.          4.90e-02
  ==> Time-Grad. (s)              95.917
  ==> Time-Energy (s)             45.057
  ==> Time-Iter. (s)             140.974

--------------------------------------------------------------------------------
CEO-ADAPT-VQE iteration: 280
--------------------------------------------------------------------------------
    gate        derivative      name       op1       op2       op3        g_unscaled   penalty
    1290        0.00073286      a_ia      1290                            0.00146573         2
      72       -0.00064172      a_ia        72                           -0.00256686         4
      93       -0.00058341      a_ia        93                           -0.00350047         6
    1321        0.00056674      a_ia      1321                            0.00113348         2
   79977        0.00054037        om     30012     30013                  0.03188163        59
   30012        0.00053866    a_iajb     30012                            0.03178100        59
   79976        0.00053696        op     30012     30013                  0.03168038        59
    1488       -0.00050311      a_ia      1488                           -0.00100622         2
     880       -0.00045699      a_ia       880                           -0.00182795         4
   81525       -0.00045455        om     31140     31141                 -0.03590917        79

  ==> Add operator: mvp2 -1: 30012 30013
  ==> Current qubit order: 8  9  10  3  59  2  58  11  26  5  4  7  6  18  19  27  28  15  14  17  25  13  29  34  30  31  37  16  35  49  42  36  43  24  12  50  51  45  46  38  56  60  61  64  62  65  54  55  52  0  94  85  1  40  53  95  71  70  72  82  20  41  22  83  21  84  23  63  73  39  57  66  69  68  75  74  44  48  47  67  76  77  78  79  80  89  81  91  90  88  32  86  87  33  92  93  


  ==> Energy                -270.518545647
  ==> dE                       -7.68e-05
  ==> Gradient Norm             2.08e+00
  ==> Abs. Max. Deriv.          4.90e-02
  ==> Time-Grad. (s)              96.040
  ==> Time-Energy (s)             51.686
  ==> Time-Iter. (s)             147.726

--------------------------------------------------------------------------------
CEO-ADAPT-VQE iteration: 281
--------------------------------------------------------------------------------
    gate        derivative      name       op1       op2       op3        g_unscaled   penalty
     880       -0.00091785      a_ia       880                           -0.00183571         2
    1290        0.00073301      a_ia      1290                            0.00146603         2
      72       -0.00064294      a_ia        72                           -0.00257176         4
      93       -0.00058202      a_ia        93                           -0.00349210         6
    1321        0.00056713      a_ia      1321                            0.00113427         2
     875       -0.00054586      a_ia       875                           -0.00218343         4
    1488       -0.00050333      a_ia      1488                           -0.00100666         2
   81525       -0.00045376        om     31140     31141                 -0.03584706        79
   31140       -0.00045290    a_iajb     31140                           -0.03577928        79
   81524       -0.00045204        op     31140     31141                 -0.03571151        79

  ==> Add operator: a_ia 880
  ==> Current qubit order: 8  9  10  3  59  2  58  11  26  5  4  7  6  18  19  27  28  15  14  17  25  13  29  34  30  31  37  16  35  49  42  36  43  24  12  50  51  45  46  38  56  60  61  64  62  65  54  55  52  0  94  85  1  40  53  95  71  70  72  82  20  41  22  83  21  84  23  63  73  39  57  66  69  68  75  74  44  48  47  67  76  77  78  79  80  89  81  91  90  88  32  86  87  33  92  93  


  ==> Energy                -270.518546128
  ==> dE                       -4.80e-07
  ==> Gradient Norm             2.08e+00
  ==> Abs. Max. Deriv.          4.90e-02
  ==> Time-Grad. (s)              95.845
  ==> Time-Energy (s)             27.710
  ==> Time-Iter. (s)             123.555

--------------------------------------------------------------------------------
CEO-ADAPT-VQE iteration: 282
--------------------------------------------------------------------------------
    gate        derivative      name       op1       op2       op3        g_unscaled   penalty
    1290        0.00073923      a_ia      1290                            0.00147845         2
      72       -0.00065350      a_ia        72                           -0.00261398         4
    1321        0.00057376      a_ia      1321                            0.00114751         2
      93       -0.00057330      a_ia        93                           -0.00343981         6
     875       -0.00054361      a_ia       875                           -0.00217444         4
    1488       -0.00050273      a_ia      1488                           -0.00100545         2
   81525       -0.00045376        om     31140     31141                 -0.03584716        79
   31140       -0.00045290    a_iajb     31140                           -0.03577923        79
   81524       -0.00045204        op     31140     31141                 -0.03571130        79
   81879        0.00043385        om     31458     31459                  0.02299384        53

  ==> Add operator: om -1: 31140 31141
  ==> Current qubit order: 8  9  10  3  59  2  58  11  26  5  4  7  6  18  19  27  28  15  14  17  25  13  29  34  30  31  37  16  35  49  42  36  43  24  12  50  51  45  46  38  56  60  61  64  62  65  54  55  52  0  94  85  1  53  95  71  70  72  82  40  83  21  84  20  41  22  23  63  73  39  57  66  69  68  75  74  44  48  47  67  76  77  78  79  80  89  81  91  90  88  32  86  87  33  92  93  


  ==> Energy                -270.518651785
  ==> dE                       -1.06e-04
  ==> Gradient Norm             2.08e+00
  ==> Abs. Max. Deriv.          4.90e-02
  ==> Time-Grad. (s)              95.851
  ==> Time-Energy (s)             24.498
  ==> Time-Iter. (s)             120.349

--------------------------------------------------------------------------------
CEO-ADAPT-VQE iteration: 283
--------------------------------------------------------------------------------
    gate        derivative      name       op1       op2       op3        g_unscaled   penalty
      72       -0.00130828      a_ia        72                           -0.00261657         2
      93       -0.00085991      a_ia        93                           -0.00343964         4
     881       -0.00076924      a_ia       881                           -0.00153848         2
    1290        0.00073869      a_ia      1290                            0.00147737         2
    1321        0.00057363      a_ia      1321                            0.00114725         2
    1488       -0.00050282      a_ia      1488                           -0.00100564         2
   81879        0.00044524        om     31458     31459                  0.02270723        51
   31458        0.00044491    a_iajb     31458                            0.02269033        51
   81878        0.00044458        op     31458     31459                  0.02267344        51
    1324       -0.00042363      a_ia      1324                           -0.00169451         4

  ==> Tried operator a_ia 881: gain -3.51e-07 (threshold 5.2e-07), removed and excluded for this stage
  ==> Add operator: om -1: 31458 31459
  ==> Current qubit order: 8  9  10  3  59  2  58  11  26  5  4  7  6  18  19  27  28  15  14  17  25  13  29  34  30  31  37  16  35  49  42  36  43  24  12  50  51  45  46  38  56  60  61  64  62  65  54  55  52  0  94  85  1  53  95  71  70  72  82  40  21  83  84  22  23  20  41  63  73  39  57  66  69  68  75  74  44  48  47  67  76  77  78  79  80  89  81  91  90  88  32  86  87  33  92  93  


  ==> Energy                -270.518688765
  ==> dE                       -3.70e-05
  ==> Gradient Norm             2.08e+00
  ==> Abs. Max. Deriv.          4.90e-02
  ==> Time-Grad. (s)              96.178
  ==> Time-Energy (s)             52.351
  ==> Time-Iter. (s)             148.530

--------------------------------------------------------------------------------
CEO-ADAPT-VQE iteration: 284
--------------------------------------------------------------------------------
    gate        derivative      name       op1       op2       op3        g_unscaled   penalty
      72       -0.00130908      a_ia        72                           -0.00261816         2
      93       -0.00085956      a_ia        93                           -0.00343825         4
    1290        0.00073872      a_ia      1290                            0.00147744         2
    1321        0.00057372      a_ia      1321                            0.00114744         2
    1488       -0.00050289      a_ia      1488                           -0.00100579         2
   84289       -0.00044752        om     33256     33257                 -0.02729856        61
   33256       -0.00044651    a_iajb     33256                           -0.02723719        61
   84288       -0.00044551        op     33256     33257                 -0.02717582        61
    1324       -0.00042366      a_ia      1324                           -0.00169463         4
   95974        0.00042258        op     41990     41991                  0.01225491        29

  ==> Add operator: mvp2 -1: 33256 33257
  ==> Current qubit order: 8  9  10  3  59  2  58  11  26  5  4  7  6  18  19  27  28  15  14  17  25  13  29  34  30  31  37  16  35  49  42  36  43  24  12  50  51  45  46  38  56  60  61  64  62  65  54  55  52  0  94  85  1  53  95  71  70  72  82  21  40  83  84  23  22  20  41  63  73  39  57  66  69  68  75  74  44  48  47  67  76  77  78  79  80  89  81  91  90  88  32  86  87  33  92  93  


  ==> Energy                -270.518748584
  ==> dE                       -5.98e-05
  ==> Gradient Norm             2.08e+00
  ==> Abs. Max. Deriv.          4.90e-02
  ==> Time-Grad. (s)              96.130
  ==> Time-Energy (s)             51.007
  ==> Time-Iter. (s)             147.137

--------------------------------------------------------------------------------
CEO-ADAPT-VQE iteration: 285
--------------------------------------------------------------------------------
    gate        derivative      name       op1       op2       op3        g_unscaled   penalty
      72       -0.00131076      a_ia        72                           -0.00262152         2
      93       -0.00085865      a_ia        93                           -0.00343461         4
    1290        0.00073867      a_ia      1290                            0.00147733         2
    1321        0.00057455      a_ia      1321                            0.00114910         2
     850       -0.00057078      a_ia       850                           -0.00114156         2
    1488       -0.00050294      a_ia      1488                           -0.00100588         2
  100337        0.00042586        om     45146     45147                  0.02342230        55
   45146        0.00042528    a_iajb     45146                            0.02339014        55
  100336        0.00042469        op     45146     45147                  0.02335799        55
    1324       -0.00042373      a_ia      1324                           -0.00169491         4

  ==> Add operator: a_ia 850
  ==> Current qubit order: 8  9  10  3  59  2  58  11  26  5  4  7  6  18  19  27  28  15  14  17  25  13  29  34  30  31  37  16  35  49  42  36  43  24  12  50  51  45  46  38  56  60  61  64  62  65  54  55  52  0  94  85  1  53  95  71  70  72  82  21  40  83  84  23  22  20  41  63  73  39  57  66  69  68  75  74  44  48  47  67  76  77  78  79  80  89  81  91  90  88  32  86  87  33  92  93  


  ==> Energy                -270.518772007
  ==> dE                       -2.34e-05
  ==> Gradient Norm             2.07e+00
  ==> Abs. Max. Deriv.          4.90e-02
  ==> Time-Grad. (s)              96.609
  ==> Time-Energy (s)             22.737
  ==> Time-Iter. (s)             119.346

--------------------------------------------------------------------------------
CEO-ADAPT-VQE iteration: 286
--------------------------------------------------------------------------------
    gate        derivative      name       op1       op2       op3        g_unscaled   penalty
      72       -0.00130355      a_ia        72                           -0.00260710         2
      93       -0.00086047      a_ia        93                           -0.00344188         4
    1290        0.00073586      a_ia      1290                            0.00147171         2
    1321        0.00057413      a_ia      1321                            0.00114826         2
    1488       -0.00050357      a_ia      1488                           -0.00100713         2
  100337        0.00042597        om     45146     45147                  0.02342846        55
   45146        0.00042544    a_iajb     45146                            0.02339898        55
    1324       -0.00042503      a_ia      1324                           -0.00170010         4
  100336        0.00042490        op     45146     45147                  0.02336949        55
   95974        0.00042258        op     41990     41991                  0.01225492        29

  ==> Add operator: om -1: 45146 45147
  ==> Current qubit order: 8  9  10  3  59  2  58  11  26  5  4  7  6  18  19  27  28  15  14  17  25  13  29  34  30  31  37  16  35  49  42  36  43  24  12  50  51  45  46  38  56  60  61  64  62  65  54  55  52  0  94  85  1  53  95  71  70  72  82  21  40  83  84  41  23  22  20  63  73  39  57  66  69  68  75  74  44  48  47  67  76  77  78  79  80  89  81  91  90  88  32  86  87  33  92  93  


  ==> Energy                -270.518818713
  ==> dE                       -4.67e-05
  ==> Gradient Norm             2.07e+00
  ==> Abs. Max. Deriv.          4.90e-02
  ==> Time-Grad. (s)              96.220
  ==> Time-Energy (s)             25.477
  ==> Time-Iter. (s)             121.697

--------------------------------------------------------------------------------
CEO-ADAPT-VQE iteration: 287
--------------------------------------------------------------------------------
    gate        derivative      name       op1       op2       op3        g_unscaled   penalty
      72       -0.00130584      a_ia        72                           -0.00261168         2
      93       -0.00085957      a_ia        93                           -0.00343829         4
    1290        0.00073619      a_ia      1290                            0.00147238         2
    1321        0.00057461      a_ia      1321                            0.00114922         2
    1488       -0.00050366      a_ia      1488                           -0.00100733         2
     872        0.00046313      a_ia       872                            0.00463126        10
    1324       -0.00042522      a_ia      1324                           -0.00170088         4
   95974        0.00042258        op     41990     41991                  0.01225493        29
   95975        0.00042258        om     41990     41991                  0.01225493        29
   81521       -0.00040090        om     31136     31137                 -0.01643709        41

  ==> Add operator: a_ia 872
  ==> Current qubit order: 8  9  10  3  59  2  58  11  26  5  4  7  6  18  19  27  28  15  14  17  25  13  29  34  30  31  37  16  35  49  42  36  43  24  12  50  51  45  46  38  56  60  61  64  62  65  54  55  52  0  94  85  1  53  95  71  70  72  82  21  40  83  84  41  23  22  63  73  39  57  20  66  69  68  75  74  44  48  47  67  76  77  78  79  80  89  81  91  90  88  32  86  87  33  92  93  


  ==> Energy                -270.518823885
  ==> dE                       -5.17e-06
  ==> Gradient Norm             2.07e+00
  ==> Abs. Max. Deriv.          4.90e-02
  ==> Time-Grad. (s)              96.539
  ==> Time-Energy (s)             26.129
  ==> Time-Iter. (s)             122.668

--------------------------------------------------------------------------------
CEO-ADAPT-VQE iteration: 288
--------------------------------------------------------------------------------
    gate        derivative      name       op1       op2       op3        g_unscaled   penalty
      72       -0.00130323      a_ia        72                           -0.00260645         2
      93       -0.00086995      a_ia        93                           -0.00347981         4
    1290        0.00073493      a_ia      1290                            0.00146986         2
    1321        0.00057269      a_ia      1321                            0.00114538         2
     876        0.00050227      a_ia       876                            0.00502270        10
    1488       -0.00049724      a_ia      1488                           -0.00099447         2
     873        0.00046292      a_ia       873                            0.00277753         6
    1324       -0.00042552      a_ia      1324                           -0.00170206         4
   95974        0.00042258        op     41990     41991                  0.01225494        29
   95975        0.00042258        om     41990     41991                  0.01225494        29

  ==> Add operator: a_ia 876
  ==> Current qubit order: 8  9  10  3  59  2  58  11  26  5  4  7  6  18  19  27  28  15  14  17  25  13  29  34  30  31  37  16  35  49  42  36  43  24  12  50  51  45  46  38  56  60  61  64  62  65  54  55  52  0  94  85  1  53  95  71  70  72  82  21  40  83  84  41  23  22  63  73  39  57  66  69  68  75  20  74  44  48  47  67  76  77  78  79  80  89  81  91  90  88  32  86  87  33  92  93  


  ==> Energy                -270.518829414
  ==> dE                       -5.53e-06
  ==> Gradient Norm             2.07e+00
  ==> Abs. Max. Deriv.          4.90e-02
  ==> Time-Grad. (s)              96.645
  ==> Time-Energy (s)             26.860
  ==> Time-Iter. (s)             123.505

--------------------------------------------------------------------------------
CEO-ADAPT-VQE iteration: 289
--------------------------------------------------------------------------------
    gate        derivative      name       op1       op2       op3        g_unscaled   penalty
      72       -0.00128785      a_ia        72                           -0.00257570         2
      93       -0.00088531      a_ia        93                           -0.00354123         4
    1290        0.00073583      a_ia      1290                            0.00147166         2
     873        0.00070574      a_ia       873                            0.00282297         4
    1321        0.00057322      a_ia      1321                            0.00114645         2
    1488       -0.00049012      a_ia      1488                           -0.00098023         2
    1324       -0.00042485      a_ia      1324                           -0.00169941         4
   95974        0.00042258        op     41990     41991                  0.01225495        29
   95975        0.00042258        om     41990     41991                  0.01225495        29
    1521       -0.00040655      a_ia      1521                           -0.00162618         4

  ==> Add operator: a_ia 873
  ==> Current qubit order: 8  9  10  3  59  2  58  11  26  5  4  7  6  18  19  27  28  15  14  17  25  13  29  34  30  31  37  16  35  49  42  36  43  24  12  50  51  45  46  38  56  60  61  64  62  65  54  55  52  0  94  85  1  53  95  71  70  72  82  21  40  83  84  41  23  22  63  73  39  57  66  69  75  68  20  74  44  48  47  67  76  77  78  79  80  89  81  91  90  88  32  86  87  33  92  93  


  ==> Energy                -270.518831271
  ==> dE                       -1.86e-06
  ==> Gradient Norm             2.07e+00
  ==> Abs. Max. Deriv.          4.90e-02
  ==> Time-Grad. (s)              96.695
  ==> Time-Energy (s)             26.569
  ==> Time-Iter. (s)             123.265

--------------------------------------------------------------------------------
CEO-ADAPT-VQE iteration: 290
--------------------------------------------------------------------------------
    gate        derivative      name       op1       op2       op3        g_unscaled   penalty
      72       -0.00128514      a_ia        72                           -0.00257028         2
      93       -0.00088963      a_ia        93                           -0.00355854         4
    1290        0.00073495      a_ia      1290                            0.00146989         2
    1321        0.00057138      a_ia      1321                            0.00114276         2
    1488       -0.00048919      a_ia      1488                           -0.00097839         2
    1324       -0.00042422      a_ia      1324                           -0.00169688         4
   95974        0.00042258        op     41990     41991                  0.01225494        29
   95975        0.00042258        om     41990     41991                  0.01225494        29
    1521       -0.00040948      a_ia      1521                           -0.00163793         4
   81521       -0.00040090        om     31136     31137                 -0.01643671        41

  ==> Tried operator a_ia 1324: gain -1.82e-07 (threshold 4.5e-07), removed and excluded for this stage
  ==> Add operator: op -1: 41990 41991
  ==> Current qubit order: 8  9  10  3  59  2  58  11  26  5  4  7  6  18  19  27  28  15  14  17  25  13  29  34  30  31  37  16  35  49  42  36  43  24  12  50  51  45  46  38  56  60  61  64  62  65  54  55  52  0  94  85  1  53  95  71  70  72  82  21  40  83  84  41  23  22  63  73  39  57  66  69  75  68  20  74  44  48  47  67  76  77  78  79  80  89  81  91  90  88  86  87  32  33  92  93  


  ==> Energy                -270.518839802
  ==> dE                       -8.53e-06
  ==> Gradient Norm             2.07e+00
  ==> Abs. Max. Deriv.          4.90e-02
  ==> Time-Grad. (s)              96.747
  ==> Time-Energy (s)             48.561
  ==> Time-Iter. (s)             145.308

--------------------------------------------------------------------------------
CEO-ADAPT-VQE iteration: 291
--------------------------------------------------------------------------------
    gate        derivative      name       op1       op2       op3        g_unscaled   penalty
      72       -0.00128506      a_ia        72                           -0.00257013         2
      93       -0.00088958      a_ia        93                           -0.00355833         4
    1488       -0.00048920      a_ia      1488                           -0.00097840         2
    1293       -0.00045055      a_ia      1293                           -0.00180221         4
    1324       -0.00042550      a_ia      1324                           -0.00170200         4
    1521       -0.00040947      a_ia      1521                           -0.00163787         4
   81521       -0.00040089        om     31136     31137                 -0.01643662        41
   31136       -0.00039310    a_iajb     31136                           -0.01611695        41
   81520       -0.00038530        op     31136     31137                 -0.01579728        41
    1290        0.00036899      a_ia      1290                            0.00147597         4

  ==> Tried operator a_ia 1293: gain -2.45e-07 (threshold 4.0e-07), removed and excluded for this stage
  ==> Add operator: a_ia 1521
  ==> Current qubit order: 8  9  10  3  59  2  58  11  26  5  4  7  6  18  19  27  28  15  14  17  25  13  29  34  30  31  37  16  35  49  42  36  43  24  12  50  51  45  46  38  56  60  61  64  62  65  54  55  52  0  94  85  1  53  95  71  70  72  82  21  83  40  84  41  23  22  63  73  39  57  66  69  75  68  20  74  44  48  47  67  76  77  78  79  80  89  81  91  90  88  86  87  32  33  92  93  


  ==> Energy                -270.518840362
  ==> dE                       -5.60e-07
  ==> Gradient Norm             2.07e+00
  ==> Abs. Max. Deriv.          4.90e-02
  ==> Time-Grad. (s)              97.370
  ==> Time-Energy (s)             52.387
  ==> Time-Iter. (s)             149.757

--------------------------------------------------------------------------------
CEO-ADAPT-VQE iteration: 292
--------------------------------------------------------------------------------
    gate        derivative      name       op1       op2       op3        g_unscaled   penalty
      72       -0.00125697      a_ia        72                           -0.00251394         2
      93       -0.00090527      a_ia        93                           -0.00362109         4
     917       -0.00056596      a_ia       917                           -0.00113193         2
    1488       -0.00048939      a_ia      1488                           -0.00097878         2
  100333        0.00046300        om     45142     45143                  0.02083508        45
   45142        0.00045732    a_iajb     45142                            0.02057935        45
  100332        0.00045164        op     45142     45143                  0.02032363        45
    1293       -0.00044896      a_ia      1293                           -0.00179583         4
    1324       -0.00042321      a_ia      1324                           -0.00169283         4
   81521       -0.00040135        om     31136     31137                 -0.01645523        41

  ==> Tried operator a_ia 917: gain -1.15e-07 (threshold 4.0e-07), removed and excluded for this stage
  ==> Add operator: mvp2 -1: 45142 45143
  ==> Current qubit order: 8  9  10  3  59  2  58  11  26  5  4  7  6  18  19  27  28  15  14  17  25  13  29  34  30  31  37  16  35  49  42  36  43  24  12  50  51  45  46  38  56  60  61  64  62  65  54  55  52  0  94  85  1  53  95  71  70  72  21  82  83  40  41  84  23  22  63  73  39  57  66  69  75  68  20  74  44  48  47  67  76  77  78  79  80  89  81  91  90  88  86  87  32  33  92  93  


  ==> Energy                -270.518887304
  ==> dE                       -4.69e-05
  ==> Gradient Norm             2.07e+00
  ==> Abs. Max. Deriv.          4.90e-02
  ==> Time-Grad. (s)              97.327
  ==> Time-Energy (s)             78.639
  ==> Time-Iter. (s)             175.966

--------------------------------------------------------------------------------
CEO-ADAPT-VQE iteration: 293
--------------------------------------------------------------------------------
    gate        derivative      name       op1       op2       op3        g_unscaled   penalty
      72       -0.00125948      a_ia        72                           -0.00251897         2
      93       -0.00090197      a_ia        93                           -0.00360787         4
    1488       -0.00048976      a_ia      1488                           -0.00097952         2
    1293       -0.00044903      a_ia      1293                           -0.00179610         4
    1520       -0.00042677      a_ia      1520                           -0.00170708         4
    1324       -0.00042350      a_ia      1324                           -0.00169401         4
   81521       -0.00041187        om     31136     31137                 -0.01688650        41
   31136       -0.00040626    a_iajb     31136                           -0.01665649        41
   81520       -0.00040065        op     31136     31137                 -0.01642648        41
    1290        0.00036545      a_ia      1290                            0.00146180         4

  ==> Add operator: a_ia 1520
  ==> Current qubit order: 8  9  10  3  59  2  58  11  26  5  4  7  6  18  19  27  28  15  14  17  25  13  29  34  30  31  37  16  35  49  42  36  43  24  12  50  51  45  46  38  56  60  61  64  62  65  54  55  52  0  94  85  1  53  95  71  70  72  21  83  82  40  41  84  23  22  63  73  39  57  66  69  75  68  20  74  44  48  47  67  76  77  78  79  80  89  81  91  90  88  86  87  32  33  92  93  


  ==> Energy                -270.518887918
  ==> dE                       -6.14e-07
  ==> Gradient Norm             2.07e+00
  ==> Abs. Max. Deriv.          4.90e-02
  ==> Time-Grad. (s)              96.946
  ==> Time-Energy (s)             25.774
  ==> Time-Iter. (s)             122.721

--------------------------------------------------------------------------------
CEO-ADAPT-VQE iteration: 294
--------------------------------------------------------------------------------
    gate        derivative      name       op1       op2       op3        g_unscaled   penalty
      72       -0.00123756      a_ia        72                           -0.00247513         2
      93       -0.00091425      a_ia        93                           -0.00365699         4
     917       -0.00070481      a_ia       917                           -0.00140962         2
    1488       -0.00049003      a_ia      1488                           -0.00098005         2
    1293       -0.00044780      a_ia      1293                           -0.00179121         4
    1324       -0.00042171      a_ia      1324                           -0.00168684         4
   81521       -0.00041224        om     31136     31137                 -0.01690199        41
   31136       -0.00040656    a_iajb     31136                           -0.01666902        41
   81520       -0.00040088        op     31136     31137                 -0.01643606        41
   79973        0.00037276        om     30008     30009                  0.01826518        49

  ==> Add operator: mvp2 -1: 31136 31137
  ==> Current qubit order: 8  9  10  3  59  2  58  11  26  5  4  7  6  18  19  27  28  15  14  17  25  13  29  34  30  31  37  16  35  49  42  36  43  24  12  50  51  45  46  38  56  60  61  64  62  65  54  55  52  0  94  85  1  53  95  71  70  72  21  83  82  40  41  84  23  22  63  73  39  57  66  69  75  68  20  74  44  48  47  67  76  77  78  79  80  89  81  91  90  88  86  87  32  33  92  93  


  ==> Energy                -270.518919000
  ==> dE                       -3.11e-05
  ==> Gradient Norm             2.07e+00
  ==> Abs. Max. Deriv.          4.90e-02
  ==> Time-Grad. (s)              97.034
  ==> Time-Energy (s)             51.559
  ==> Time-Iter. (s)             148.593

--------------------------------------------------------------------------------
CEO-ADAPT-VQE iteration: 295
--------------------------------------------------------------------------------
    gate        derivative      name       op1       op2       op3        g_unscaled   penalty
      72       -0.00124070      a_ia        72                           -0.00248140         2
     917       -0.00098057      a_ia       917                           -0.00196115         2
      93       -0.00091129      a_ia        93                           -0.00364518         4
    1488       -0.00049041      a_ia      1488                           -0.00098081         2
    1293       -0.00044760      a_ia      1293                           -0.00179042         4
    1324       -0.00042180      a_ia      1324                           -0.00168718         4
   79973        0.00036858        om     30008     30009                  0.01806052        49
    1452        0.00036271      a_ia      1452                            0.00072541         2
    1290        0.00036220      a_ia      1290                            0.00144879         4
   30008        0.00036206    a_iajb     30008                            0.01774099        49

  ==> Add operator: mvp2 -1: 30008 30009
  ==> Current qubit order: 8  9  10  3  59  2  58  11  26  5  4  7  6  18  19  27  28  15  14  17  25  13  29  34  30  31  37  16  35  49  42  36  43  24  12  50  51  45  46  38  56  60  61  64  62  65  54  55  52  0  94  85  1  53  95  71  70  72  21  83  82  22  40  41  84  23  63  73  39  57  66  69  75  68  20  74  44  48  47  67  76  77  78  79  80  89  81  91  90  88  86  87  32  33  92  93  


  ==> Energy                -270.518957996
  ==> dE                       -3.90e-05
  ==> Gradient Norm             2.07e+00
  ==> Abs. Max. Deriv.          4.90e-02
  ==> Time-Grad. (s)              97.221
  ==> Time-Energy (s)             49.988
  ==> Time-Iter. (s)             147.209

--------------------------------------------------------------------------------
CEO-ADAPT-VQE iteration: 296
--------------------------------------------------------------------------------
    gate        derivative      name       op1       op2       op3        g_unscaled   penalty
      72       -0.00124647      a_ia        72                           -0.00249294         2
     917       -0.00111469      a_ia       917                           -0.00222938         2
      93       -0.00090638      a_ia        93                           -0.00362550         4
     953        0.00053957      a_ia       953                            0.00107913         2
    1488       -0.00049099      a_ia      1488                           -0.00098198         2
    1293       -0.00044773      a_ia      1293                           -0.00179093         4
    1324       -0.00042232      a_ia      1324                           -0.00168928         4
    1452        0.00036294      a_ia      1452                            0.00072588         2
    1290        0.00036244      a_ia      1290                            0.00144976         4
   46218       -0.00035483        op      2392      2393                 -0.02448343        69

  ==> Tried operator a_ia 953: gain -1.56e-07 (threshold 3.4e-07), removed and excluded for this stage
  ==> Add operator: mvp2 -1: 2392 2393
  ==> Current qubit order: 8  9  10  3  59  2  58  11  26  5  4  7  6  18  19  27  28  15  14  17  25  13  29  34  30  31  37  16  35  49  42  36  43  24  12  50  51  45  46  38  56  60  61  62  65  54  55  52  94  64  0  1  95  85  53  71  70  72  21  83  82  22  40  41  84  23  63  73  39  57  66  69  75  68  20  74  44  48  47  67  76  77  78  79  80  89  81  91  90  88  86  87  32  33  92  93  


  ==> Energy                -270.519023335
  ==> dE                       -6.53e-05
  ==> Gradient Norm             2.07e+00
  ==> Abs. Max. Deriv.          4.90e-02
  ==> Time-Grad. (s)              97.634
  ==> Time-Energy (s)             80.417
  ==> Time-Iter. (s)             178.052

--------------------------------------------------------------------------------
CEO-ADAPT-VQE iteration: 297
--------------------------------------------------------------------------------
    gate        derivative      name       op1       op2       op3        g_unscaled   penalty
      93       -0.00150972      a_ia        93                           -0.00301944         2
      31        0.00136092      a_ia        31                            0.00272185         2
     917       -0.00111523      a_ia       917                           -0.00223046         2
     953        0.00053590      a_ia       953                            0.00107179         2
    1488       -0.00049135      a_ia      1488                           -0.00098270         2
    1293       -0.00044737      a_ia      1293                           -0.00178946         4
    1823        0.00042423      a_ia      1823                            0.00084845         2
    1324       -0.00042266      a_ia      1324                           -0.00169065         4
      72       -0.00039640      a_ia        72                           -0.00237843         6
    1290        0.00036284      a_ia      1290                            0.00145137         4

  ==> Add operator: a_ia 31
  ==> Current qubit order: 8  9  10  3  59  2  58  11  26  5  4  7  6  18  19  27  28  15  14  17  25  13  29  34  30  31  37  16  35  49  42  36  43  24  12  50  51  45  46  38  56  60  61  62  65  54  55  52  94  64  0  1  95  85  53  71  70  72  21  83  82  22  40  41  84  23  63  73  39  57  66  69  75  68  20  74  44  48  47  67  76  77  78  79  80  89  81  91  90  88  86  87  32  33  92  93  


  ==> Energy                -270.519024397
  ==> dE                       -1.06e-06
  ==> Gradient Norm             2.07e+00
  ==> Abs. Max. Deriv.          4.90e-02
  ==> Time-Grad. (s)              96.925
  ==> Time-Energy (s)             28.016
  ==> Time-Iter. (s)             124.940

--------------------------------------------------------------------------------
CEO-ADAPT-VQE iteration: 298
--------------------------------------------------------------------------------
    gate        derivative      name       op1       op2       op3        g_unscaled   penalty
      93       -0.00149293      a_ia        93                           -0.00298587         2
     917       -0.00110890      a_ia       917                           -0.00221779         2
     953        0.00053718      a_ia       953                            0.00107436         2
    1488       -0.00049152      a_ia      1488                           -0.00098304         2
    1293       -0.00044798      a_ia      1293                           -0.00179192         4
    1823        0.00042416      a_ia      1823                            0.00084833         2
    1324       -0.00042279      a_ia      1324                           -0.00169117         4
      72       -0.00039999      a_ia        72                           -0.00239992         6
    1290        0.00036367      a_ia      1290                            0.00145468         4
    1452        0.00036111      a_ia      1452                            0.00072222         2

  ==> Add operator: a_ia 1823
  ==> Current qubit order: 8  9  10  3  59  2  58  11  26  5  4  7  6  18  19  27  28  15  14  17  25  13  29  34  30  31  37  16  35  49  42  36  43  24  12  50  51  45  46  38  56  60  61  62  65  54  55  52  94  64  0  1  95  85  53  71  70  72  21  83  82  22  40  41  84  23  63  73  39  57  66  69  75  68  20  74  44  48  47  67  76  77  78  79  80  89  81  91  90  88  86  87  32  33  92  93  


  ==> Energy                -270.519052827
  ==> dE                       -2.84e-05
  ==> Gradient Norm             2.07e+00
  ==> Abs. Max. Deriv.          4.90e-02
  ==> Time-Grad. (s)              97.022
  ==> Time-Energy (s)             25.908
  ==> Time-Iter. (s)             122.929

--------------------------------------------------------------------------------
CEO-ADAPT-VQE iteration: 299
--------------------------------------------------------------------------------
    gate        derivative      name       op1       op2       op3        g_unscaled   penalty
      93       -0.00150313      a_ia        93                           -0.00300625         2
     917       -0.00110461      a_ia       917                           -0.00220921         2
     953        0.00053753      a_ia       953                            0.00107506         2
    1488       -0.00049102      a_ia      1488                           -0.00098203         2
      72       -0.00047252      a_ia        72                           -0.00283511         6
    1293       -0.00044808      a_ia      1293                           -0.00179232         4
    1324       -0.00042352      a_ia      1324                           -0.00169406         4
    1290        0.00036324      a_ia      1290                            0.00145294         4
    1452        0.00035819      a_ia      1452                            0.00071637         2
    1727       -0.00035351      a_ia      1727                           -0.00494917        14

  ==> Add operator: a_ia 1727
  ==> Current qubit order: 8  9  10  3  59  2  58  11  26  5  4  7  6  18  19  27  28  15  14  17  25  13  29  34  30  31  37  16  35  42  36  43  24  12  50  49  51  45  46  38  56  60  61  62  65  54  55  52  94  64  0  1  95  85  53  71  70  72  21  83  82  22  40  41  84  23  63  73  39  57  66  69  75  68  20  74  44  48  47  67  76  77  78  79  80  89  81  91  90  88  86  87  32  33  92  93  


  ==> Energy                -270.519196345
  ==> dE                       -1.44e-04
  ==> Gradient Norm             2.07e+00
  ==> Abs. Max. Deriv.          4.90e-02
  ==> Time-Grad. (s)              96.999
  ==> Time-Energy (s)             26.180
  ==> Time-Iter. (s)             123.179

--------------------------------------------------------------------------------
CEO-ADAPT-VQE iteration: 300
--------------------------------------------------------------------------------
    gate        derivative      name       op1       op2       op3        g_unscaled   penalty
      93       -0.00149337      a_ia        93                           -0.00298674         2
     917       -0.00108649      a_ia       917                           -0.00217297         2
     953        0.00054779      a_ia       953                            0.00109559         2
    1488       -0.00049572      a_ia      1488                           -0.00099145         2
      72       -0.00047377      a_ia        72                           -0.00284264         6
    1293       -0.00044806      a_ia      1293                           -0.00179226         4
    1324       -0.00042305      a_ia      1324                           -0.00169220         4
    1452        0.00037459      a_ia      1452                            0.00074918         2
    1290        0.00036886      a_ia      1290                            0.00147543         4
   46280        0.00034923        op      2454      2455                  0.02409714        69

  ==> Add operator: op -1: 2454 2455
  ==> Current qubit order: 8  9  10  3  59  2  58  11  26  5  4  7  6  18  19  27  28  15  14  17  25  13  29  34  30  31  37  16  35  42  36  43  24  12  50  49  51  45  46  38  56  60  61  62  65  54  55  52  94  64  95  85  53  0  1  83  82  71  70  72  21  22  40  41  84  23  63  73  39  57  66  69  75  68  20  74  44  48  47  67  76  77  78  79  80  89  81  91  90  88  86  87  32  33  92  93  


  ==> Energy                -270.519224824
  ==> dE                       -2.85e-05
  ==> Gradient Norm             2.07e+00
  ==> Abs. Max. Deriv.          4.90e-02
  ==> Time-Grad. (s)              97.597
  ==> Time-Energy (s)             29.420
  ==> Time-Iter. (s)             127.017

CEO-ADAPT-VQE failed to converge.

===> Summary:
    E(SCF): -270.4434448405
    iter            energy                dE     gradient norm
       0   -270.4434448405
       1   -270.4448807588         -1.44e-03          2.49e+00
       2   -270.4502423188         -5.36e-03          2.48e+00
       3   -270.4503863009         -1.44e-04          2.46e+00
       4   -270.4504371451         -5.08e-05          2.46e+00
       5   -270.4517013461         -1.26e-03          2.46e+00
       6   -270.4541359435         -2.43e-03          2.45e+00
       7   -270.4542237784         -8.78e-05          2.44e+00
       8   -270.4542488007         -2.50e-05          2.44e+00
       9   -270.4542778955         -2.91e-05          2.44e+00
      10   -270.4565120076         -2.23e-03          2.44e+00
      11   -270.4565718791         -5.99e-05          2.44e+00
      12   -270.4587080466         -2.14e-03          2.44e+00
      13   -270.4588060838         -9.80e-05          2.43e+00
      14   -270.4613024935         -2.50e-03          2.43e+00
      15   -270.4613820395         -7.95e-05          2.43e+00
      16   -270.4613954409         -1.34e-05          2.43e+00
      17   -270.4635954486         -2.20e-03          2.43e+00
      18   -270.4658801149         -2.28e-03          2.42e+00
      19   -270.4660779278         -1.98e-04          2.41e+00
      20   -270.4675911943         -1.51e-03          2.41e+00
      21   -270.4682815376         -6.90e-04          2.41e+00
      22   -270.4691652070         -8.84e-04          2.40e+00
      23   -270.4695639871         -3.99e-04          2.40e+00
      24   -270.4698876694         -3.24e-04          2.40e+00
      25   -270.4698998737         -1.22e-05          2.40e+00
      26   -270.4699080702         -8.20e-06          2.40e+00
      27   -270.4705312322         -6.23e-04          2.40e+00
      28   -270.4708552433         -3.24e-04          2.39e+00
      29   -270.4713411171         -4.86e-04          2.39e+00
      30   -270.4714188029         -7.77e-05          2.39e+00
      31   -270.4714329330         -1.41e-05          2.39e+00
      32   -270.4723984291         -9.65e-04          2.39e+00
      33   -270.4732057036         -8.07e-04          2.39e+00
      34   -270.4736537473         -4.48e-04          2.38e+00
      35   -270.4736584490         -4.70e-06          2.38e+00
      36   -270.4740361545         -3.78e-04          2.38e+00
      37   -270.4743602961         -3.24e-04          2.38e+00
      38   -270.4752870052         -9.27e-04          2.38e+00
      39   -270.4756895735         -4.03e-04          2.38e+00
      40   -270.4761336202         -4.44e-04          2.37e+00
      41   -270.4764986666         -3.65e-04          2.37e+00
      42   -270.4768066107         -3.08e-04          2.37e+00
      43   -270.4768112501         -4.64e-06          2.37e+00
      44   -270.4770024196         -1.91e-04          2.37e+00
      45   -270.4770066317         -4.21e-06          2.37e+00
      46   -270.4770974545         -9.08e-05          2.37e+00
      47   -270.4773133001         -2.16e-04          2.37e+00
      48   -270.4773165712         -3.27e-06          2.37e+00
      49   -270.4774401149         -1.24e-04          2.37e+00
      50   -270.4774924264         -5.23e-05          2.37e+00
      51   -270.4774960800         -3.65e-06          2.37e+00
      52   -270.4781660897         -6.70e-04          2.37e+00
      53   -270.4787068327         -5.41e-04          2.36e+00
      54   -270.4787105249         -3.69e-06          2.36e+00
      55   -270.4791390895         -4.29e-04          2.36e+00
      56   -270.4791622061         -2.31e-05          2.36e+00
      57   -270.4792408939         -7.87e-05          2.36e+00
      58   -270.4797258962         -4.85e-04          2.36e+00
      59   -270.4805684439         -8.43e-04          2.35e+00
      60   -270.4805718846         -3.44e-06          2.35e+00
      61   -270.4807022320         -1.30e-04          2.35e+00
      62   -270.4807060864         -3.85e-06          2.35e+00
      63   -270.4815873607         -8.81e-04          2.35e+00
      64   -270.4820463777         -4.59e-04          2.35e+00
      65   -270.4822129568         -1.67e-04          2.34e+00
      66   -270.4822789770         -6.60e-05          2.34e+00
      67   -270.4824306947         -1.52e-04          2.34e+00
      68   -270.4824329273         -2.23e-06          2.34e+00
      69   -270.4824348677         -1.94e-06          2.34e+00
      70   -270.4824676571         -3.28e-05          2.34e+00
      71   -270.4834910085         -1.02e-03          2.34e+00
      72   -270.4840300440         -5.39e-04          2.33e+00
      73   -270.4840640489         -3.40e-05          2.33e+00
      74   -270.4843986861         -3.35e-04          2.34e+00
      75   -270.4847235760         -3.25e-04          2.33e+00
      76   -270.4847270642         -3.49e-06          2.33e+00
      77   -270.4851022009         -3.75e-04          2.33e+00
      78   -270.4851041947         -1.99e-06          2.33e+00
      79   -270.4851076294         -3.43e-06          2.33e+00
      80   -270.4853163868         -2.09e-04          2.33e+00
      81   -270.4853218120         -5.43e-06          2.33e+00
      82   -270.4853258095         -4.00e-06          2.33e+00
      83   -270.4854150920         -8.93e-05          2.33e+00
      84   -270.4855034863         -8.84e-05          2.33e+00
      85   -270.4855099780         -6.49e-06          2.33e+00
      86   -270.4855142015         -4.22e-06          2.33e+00
      87   -270.4855146405         -4.39e-07          2.33e+00
      88   -270.4855643019         -4.97e-05          2.33e+00
      89   -270.4855657902         -1.49e-06          2.33e+00
      90   -270.4855670015         -1.21e-06          2.33e+00
      91   -270.4856961101         -1.29e-04          2.33e+00
      92   -270.4857735913         -7.75e-05          2.32e+00
      93   -270.4857741303         -5.39e-07          2.32e+00
      94   -270.4858620961         -8.80e-05          2.32e+00
      95   -270.4858630215         -9.25e-07          2.32e+00
      96   -270.4859378641         -7.48e-05          2.32e+00
      97   -270.4859387735         -9.09e-07          2.32e+00
      98   -270.4859396401         -8.67e-07          2.32e+00
      99   -270.4859678648         -2.82e-05          2.32e+00
     100   -270.4859689344         -1.07e-06          2.32e+00
     101   -270.4866746287         -7.06e-04          2.32e+00
     102   -270.4866779913         -3.36e-06          2.32e+00
     103   -270.4869744712         -2.96e-04          2.32e+00
     104   -270.4876311787         -6.57e-04          2.32e+00
     105   -270.4876336903         -2.51e-06          2.31e+00
     106   -270.4887245756         -1.09e-03          2.31e+00
     107   -270.4887291828         -4.61e-06          2.30e+00
     108   -270.4887324149         -3.23e-06          2.30e+00
     109   -270.4890238858         -2.91e-04          2.30e+00
     110   -270.4890257336         -1.85e-06          2.30e+00
     111   -270.4890298836         -4.15e-06          2.30e+00
     112   -270.4890311496         -1.27e-06          2.30e+00
     113   -270.4890312529         -1.03e-07          2.30e+00
     114   -270.4891913682         -1.60e-04          2.30e+00
     115   -270.4893555910         -1.64e-04          2.30e+00
     116   -270.4894198758         -6.43e-05          2.30e+00
     117   -270.4901288933         -7.09e-04          2.30e+00
     118   -270.4901514060         -2.25e-05          2.30e+00
     119   -270.4902258680         -7.45e-05          2.30e+00
     120   -270.4906878671         -4.62e-04          2.30e+00
     121   -270.4906890580         -1.19e-06          2.29e+00
     122   -270.4914906435         -8.02e-04          2.29e+00
     123   -270.4914959043         -5.26e-06          2.28e+00
     124   -270.4915283560         -3.25e-05          2.28e+00
     125   -270.4915299782         -1.62e-06          2.28e+00
     126   -270.4918296221         -1.01e-06          2.28e+00
     127   -270.4920554869         -2.26e-04          2.28e+00
     128   -270.4920560254         -5.39e-07          2.28e+00
     129   -270.4923666539         -3.11e-04          2.28e+00
     130   -270.4923671876         -5.34e-07          2.27e+00
     131   -270.4931938023         -8.27e-04          2.27e+00
     132   -270.4931943987         -5.96e-07          2.26e+00
     133   -270.4932857075         -9.13e-05          2.26e+00
     134   -270.4933342652         -4.86e-05          2.26e+00
     135   -270.4934150146         -8.07e-05          2.26e+00
     136   -270.4934867681         -7.18e-05          2.26e+00
     137   -270.4934881765         -1.41e-06          2.26e+00
     138   -270.4938263992         -3.38e-04          2.26e+00
     139   -270.4941100188         -2.84e-04          2.26e+00
     140   -270.4942023979         -9.24e-05          2.26e+00
     141   -270.4943622948         -1.60e-04          2.26e+00
     142   -270.4945110039         -1.49e-04          2.26e+00
     143   -270.4945513317         -4.03e-05          2.25e+00
     144   -270.4945778853         -2.66e-05          2.25e+00
     145   -270.4953674336         -7.90e-04          2.25e+00
     146   -270.4956925299         -3.25e-04          2.25e+00
     147   -270.4960390392         -3.47e-04          2.24e+00
     148   -270.4962193882         -1.80e-04          2.24e+00
     149   -270.4962220384         -2.65e-06          2.24e+00
     150   -270.4975282371         -1.31e-03          2.24e+00
     151   -270.4975308669         -2.63e-06          2.23e+00
     152   -270.4982592748         -7.28e-04          2.23e+00
     153   -270.4982605914         -1.32e-06          2.22e+00
     154   -270.4983267703         -6.62e-05          2.22e+00
     155   -270.4985426422         -2.16e-04          2.22e+00
     156   -270.4986531607         -1.11e-04          2.22e+00
     157   -270.4986578730         -4.71e-06          2.22e+00
     158   -270.4995296286         -8.72e-04          2.22e+00
     159   -270.4996206893         -9.11e-05          2.21e+00
     160   -270.4996787689         -5.81e-05          2.21e+00
     161   -270.4998373525         -1.59e-04          2.21e+00
     162   -270.4998410821         -3.73e-06          2.21e+00
     163   -270.4998813496         -4.03e-05          2.21e+00
     164   -270.4998871513         -5.80e-06          2.21e+00
     165   -270.4998905016         -3.35e-06          2.21e+00
     166   -270.4999408030         -5.03e-05          2.21e+00
     167   -270.5007114580         -7.71e-04          2.21e+00
     168   -270.5011597728         -4.48e-04          2.20e+00
     169   -270.5016759244         -5.16e-04          2.20e+00
     170   -270.5016791543         -3.23e-06          2.19e+00
     171   -270.5017737257         -9.46e-05          2.19e+00
     172   -270.5019506284         -1.77e-04          2.19e+00
     173   -270.5020102955         -5.97e-05          2.19e+00
     174   -270.5025433393         -5.33e-04          2.19e+00
     175   -270.5025443299         -9.91e-07          2.18e+00
     176   -270.5029711043         -4.27e-04          2.18e+00
     177   -270.5030730613         -1.02e-04          2.18e+00
     178   -270.5032343323         -1.61e-04          2.18e+00
     179   -270.5032409701         -6.64e-06          2.18e+00
     180   -270.5043535956         -1.11e-03          2.18e+00
     181   -270.5043985267         -4.49e-05          2.17e+00
     182   -270.5044756369         -7.71e-05          2.17e+00
     183   -270.5045595796         -8.39e-05          2.17e+00
     184   -270.5046056647         -4.61e-05          2.17e+00
     185   -270.5053192827         -7.14e-04          2.17e+00
     186   -270.5053764446         -5.72e-05          2.17e+00
     187   -270.5056361826         -2.60e-04          2.17e+00
     188   -270.5056437812         -7.60e-06          2.17e+00
     189   -270.5057051624         -6.14e-05          2.17e+00
     190   -270.5057428317         -3.77e-05          2.16e+00
     191   -270.5063586635         -6.16e-04          2.16e+00
     192   -270.5064274451         -6.88e-05          2.16e+00
     193   -270.5064288890         -1.44e-06          2.16e+00
     194   -270.5065230584         -9.42e-05          2.16e+00
     195   -270.5065275192         -4.46e-06          2.16e+00
     196   -270.5066169940         -8.95e-05          2.16e+00
     197   -270.5067633742         -1.46e-04          2.16e+00
     198   -270.5074922908         -7.29e-04          2.16e+00
     199   -270.5074953402         -3.05e-06          2.15e+00
     200   -270.5074966297         -1.29e-06          2.15e+00
     201   -270.5075751409         -7.85e-05          2.15e+00
     202   -270.5075790728         -3.93e-06          2.15e+00
     203   -270.5075797356         -6.63e-07          2.15e+00
     204   -270.5081682472         -5.89e-04          2.15e+00
     205   -270.5083879728         -2.20e-04          2.15e+00
     206   -270.5086533125         -2.65e-04          2.15e+00
     207   -270.5093770606         -7.24e-04          2.15e+00
     208   -270.5093779918         -9.31e-07          2.14e+00
     209   -270.5094187604         -4.08e-05          2.14e+00
     210   -270.5094264447         -7.68e-06          2.14e+00
     211   -270.5094830245         -5.66e-05          2.14e+00
     212   -270.5094889544         -5.93e-06          2.14e+00
     213   -270.5094917563         -2.80e-06          2.14e+00
     214   -270.5094955721         -3.82e-06          2.14e+00
     215   -270.5097747845         -2.79e-04          2.14e+00
     216   -270.5097820360         -7.25e-06          2.14e+00
     217   -270.5100493693         -2.67e-04          2.14e+00
     218   -270.5100991744         -4.98e-05          2.14e+00
     219   -270.5101015423         -2.37e-06          2.14e+00
     220   -270.5101074522         -5.91e-06          2.14e+00
     221   -270.5101798166         -7.24e-05          2.14e+00
     222   -270.5102238007         -4.40e-05          2.14e+00
     223   -270.5102642467         -4.04e-05          2.14e+00
     224   -270.5103037870         -3.95e-05          2.14e+00
     225   -270.5110247795         -7.21e-04          2.14e+00
     226   -270.5118920810         -8.67e-04          2.13e+00
     227   -270.5118941225         -2.04e-06          2.12e+00
     228   -270.5120503931         -1.56e-04          2.12e+00
     229   -270.5120508313         -4.38e-07          2.12e+00
     230   -270.5127185412         -6.68e-04          2.12e+00
     231   -270.5127470463         -2.85e-05          2.12e+00
     232   -270.5127580404         -1.10e-05          2.12e+00
     233   -270.5129592057         -2.01e-04          2.12e+00
     234   -270.5129600498         -8.44e-07          2.12e+00
     235   -270.5133150676         -3.55e-04          2.12e+00
     236   -270.5134138821         -9.88e-05          2.12e+00
     237   -270.5134963674         -8.25e-05          2.11e+00
     238   -270.5134983276         -1.96e-06          2.11e+00
     239   -270.5135331076         -3.48e-05          2.11e+00
     240   -270.5136419745         -1.09e-04          2.11e+00
     241   -270.5136425919         -6.17e-07          2.11e+00
     242   -270.5137344241         -9.18e-05          2.11e+00
     243   -270.5137354183         -9.94e-07          2.11e+00
     244   -270.5137381508         -2.73e-06          2.11e+00
     245   -270.5138903541         -1.52e-04          2.11e+00
     246   -270.5141882282         -2.98e-04          2.11e+00
     247   -270.5141889099         -6.82e-07          2.11e+00
     248   -270.5147295263         -5.41e-04          2.11e+00
     249   -270.5147303471         -8.21e-07          2.11e+00
     250   -270.5147637936         -3.34e-05          2.11e+00
     251   -270.5148066560         -4.29e-05          2.11e+00
     252   -270.5148125971         -5.94e-06          2.11e+00
     253   -270.5148145800         -1.98e-06          2.11e+00
     254   -270.5154375427         -6.23e-04          2.11e+00
     255   -270.5156538706         -2.16e-04          2.10e+00
     256   -270.5156548041         -9.33e-07          2.10e+00
     257   -270.5156598193         -5.02e-06          2.10e+00
     258   -270.5156760781         -1.63e-05          2.10e+00
     259   -270.5157946506         -1.19e-04          2.10e+00
     260   -270.5157951014         -4.51e-07          2.10e+00
     261   -270.5158432764         -4.82e-05          2.10e+00
     262   -270.5158511579         -7.88e-06          2.10e+00
     263   -270.5158518859         -7.28e-07          2.10e+00
     264   -270.5163617610         -5.10e-04          2.10e+00
     265   -270.5163639439         -2.18e-06          2.10e+00
     266   -270.5163756604         -1.17e-05          2.10e+00
     267   -270.5168050542         -4.29e-04          2.10e+00
     268   -270.5168196410         -1.46e-05          2.09e+00
     269   -270.5168208657         -1.22e-06          2.09e+00
     270   -270.5173026815         -4.82e-04          2.09e+00
     271   -270.5173064557         -3.77e-06          2.09e+00
     272   -270.5173922265         -8.58e-05          2.09e+00
     273   -270.5181410273         -7.49e-04          2.09e+00
     274   -270.5181445454         -3.52e-06          2.08e+00
     275   -270.5181869287         -4.24e-05          2.08e+00
     276   -270.5183297107         -1.43e-04          2.08e+00
     277   -270.5183306715         -9.61e-07          2.08e+00
     278   -270.5184065624         -7.59e-05          2.08e+00
     279   -270.5184688507         -6.23e-05          2.08e+00
     280   -270.5185456471         -7.68e-05          2.08e+00
     281   -270.5185461275         -4.80e-07          2.08e+00
     282   -270.5186517846         -1.06e-04          2.08e+00
     283   -270.5186887650         -3.70e-05          2.08e+00
     284   -270.5187485843         -5.98e-05          2.08e+00
     285   -270.5187720074         -2.34e-05          2.07e+00
     286   -270.5188187133         -4.67e-05          2.07e+00
     287   -270.5188238846         -5.17e-06          2.07e+00
     288   -270.5188294136         -5.53e-06          2.07e+00
     289   -270.5188312705         -1.86e-06          2.07e+00
     290   -270.5188398023         -8.53e-06          2.07e+00
     291   -270.5188403625         -5.60e-07          2.07e+00
     292   -270.5188873042         -4.69e-05          2.07e+00
     293   -270.5188879182         -6.14e-07          2.07e+00
     294   -270.5189189998         -3.11e-05          2.07e+00
     295   -270.5189579957         -3.90e-05          2.07e+00
     296   -270.5190233351         -6.53e-05          2.07e+00
     297   -270.5190243966         -1.06e-06          2.07e+00
     298   -270.5190528272         -2.84e-05          2.07e+00
     299   -270.5191963453         -1.44e-04          2.07e+00
     300   -270.5192248239         -2.85e-05          2.07e+00

===> ADAPT did not converge after 300 steps.
===> Gradient Norm:                 2.07e+00
===> Abs. Max. Deriv:               4.90e-02
===> Energy:                 -270.5192248239

