Energy (SCF): -172.462115614

--------------------------------------------------------------------------------
CEO-ADAPT-VQE iteration: 1
--------------------------------------------------------------------------------
    gate        derivative      name       op1       op2       op3        g_unscaled   penalty
  102674        0.00353508        op     45418     45419                  0.08837694        25
  102675        0.00353508        om     45418     45419                  0.08837694        25
   99866        0.00285635        op     43210     43211                  0.16281207        57
   99867        0.00285635        om     43210     43211                  0.16281207        57
   43210        0.00223030    a_iajb     43210                            0.16281207        73
   45418        0.00215554    a_iajb     45418                            0.08837694        41
  100302        0.00210650        op     43562     43563                  0.11164454        53
  100303        0.00210650        om     43562     43563                  0.11164454        53
  100928        0.00210650        op     44059     44060                  0.11164454        53
  100929        0.00210650        om     44059     44060                  0.11164454        53

  ==> Add operator: op -1: 45418 45419
  ==> Current qubit order: 0  1  2  3  4  5  6  7  8  9  10  11  12  13  14  15  16  17  18  19  20  21  22  23  24  25  26  27  28  29  30  31  32  33  34  35  36  37  38  39  40  41  42  43  44  45  46  47  48  49  50  51  52  53  54  55  56  57  58  59  60  61  62  63  64  65  66  67  68  69  70  71  


  ==> Energy                -172.464927228
  ==> dE                       -2.81e-03
  ==> Gradient Norm             2.81e+00
  ==> Abs. Max. Deriv.          1.63e-01
  ==> Time-Grad. (s)               0.826
  ==> Time-Energy (s)              0.011
  ==> Time-Iter. (s)               0.837

--------------------------------------------------------------------------------
CEO-ADAPT-VQE iteration: 2
--------------------------------------------------------------------------------
    gate        derivative      name       op1       op2       op3        g_unscaled   penalty
   99866        0.00285635        op     43210     43211                  0.16281207        57
   99867        0.00285635        om     43210     43211                  0.16281207        57
     918       -0.00260457      a_ia       918                           -0.01041829         4
     936       -0.00260457      a_ia       936                           -0.01041829         4
   43210        0.00223030    a_iajb     43210                            0.16281207        73
  100302        0.00210650        op     43562     43563                  0.11164454        53
  100303        0.00210650        om     43562     43563                  0.11164454        53
  100928        0.00210650        op     44059     44060                  0.11164454        53
  100929        0.00210650        om     44059     44060                  0.11164454        53
   96936        0.00192952        op     40802     40803                  0.10998267        57

  ==> Add operator: op -1: 43210 43211
  ==> Current qubit order: 0  1  2  3  4  5  6  7  8  9  10  11  12  13  14  15  16  17  18  19  20  21  22  23  24  25  26  27  30  31  32  33  34  28  29  38  39  35  36  37  40  41  42  43  44  45  46  47  48  49  50  51  52  53  54  55  56  57  58  59  60  61  62  63  64  65  66  67  68  69  70  71  


  ==> Energy                -172.472814071
  ==> dE                       -7.89e-03
  ==> Gradient Norm             2.80e+00
  ==> Abs. Max. Deriv.          1.63e-01
  ==> Time-Grad. (s)               0.830
  ==> Time-Energy (s)              0.012
  ==> Time-Iter. (s)               0.842

--------------------------------------------------------------------------------
CEO-ADAPT-VQE iteration: 3
--------------------------------------------------------------------------------
    gate        derivative      name       op1       op2       op3        g_unscaled   penalty
     823        0.00418157      a_ia       823                            0.01672628         4
     802        0.00418157      a_ia       802                            0.01672628         4
  100302        0.00320308        op     43562     43563                  0.12492008        39
  100303        0.00320308        om     43562     43563                  0.12492008        39
  100928        0.00290512        op     44059     44060                  0.12492008        43
  100929        0.00290512        om     44059     44060                  0.12492008        43
     936       -0.00250005      a_ia       936                           -0.01000019         4
   43562        0.00227127    a_iajb     43562                            0.12492008        55
   44059        0.00211729    a_iajb     44059                            0.12492008        59
   99818        0.00210641        op     43162     43163                  0.06529884        31

  ==> Add operator: a_ia 823
  ==> Current qubit order: 0  1  2  3  4  5  6  7  8  9  10  11  12  13  14  15  16  17  18  19  20  21  22  23  24  25  26  27  30  31  32  33  34  28  38  29  39  35  36  37  40  41  42  43  44  45  46  47  48  49  50  51  52  53  54  55  56  57  58  59  60  61  62  63  64  65  66  67  68  69  70  71  


  ==> Energy                -172.472979295
  ==> dE                       -1.65e-04
  ==> Gradient Norm             2.77e+00
  ==> Abs. Max. Deriv.          1.54e-01
  ==> Time-Grad. (s)               0.924
  ==> Time-Energy (s)              0.010
  ==> Time-Iter. (s)               0.934

--------------------------------------------------------------------------------
CEO-ADAPT-VQE iteration: 4
--------------------------------------------------------------------------------
    gate        derivative      name       op1       op2       op3        g_unscaled   penalty
     802        0.00521277      a_ia       802                            0.01042554         2
  100303        0.00253863        om     43562     43563                  0.12439273        49
   43562        0.00253819    a_iajb     43562                            0.12437143        49
  100302        0.00253776        op     43562     43563                  0.12435013        49
     936       -0.00212334      a_ia       936                           -0.00849335         4
  100928        0.00186186        op     44059     44060                  0.12474460        67
   44059        0.00185973    a_iajb     44059                            0.12460171        67
  100929        0.00185759        om     44059     44060                  0.12445882        67
  101738        0.00173805        op     44656     44657                  0.07473612        43
  101739        0.00173805        om     44656     44657                  0.07473612        43

  ==> Add operator: a_ia 802
  ==> Current qubit order: 0  1  2  3  4  5  6  7  8  9  10  11  12  13  14  15  16  17  18  19  20  21  22  23  24  25  26  27  30  31  32  33  34  28  38  29  39  35  36  37  40  41  42  43  44  45  46  47  48  49  50  51  52  53  54  55  56  57  58  59  60  61  62  63  64  65  66  67  68  69  70  71  


  ==> Energy                -172.473054062
  ==> dE                       -7.48e-05
  ==> Gradient Norm             2.77e+00
  ==> Abs. Max. Deriv.          1.54e-01
  ==> Time-Grad. (s)               0.819
  ==> Time-Energy (s)              0.013
  ==> Time-Iter. (s)               0.832

--------------------------------------------------------------------------------
CEO-ADAPT-VQE iteration: 5
--------------------------------------------------------------------------------
    gate        derivative      name       op1       op2       op3        g_unscaled   penalty
  100303        0.00253886        om     43562     43563                  0.12440420        49
   43562        0.00253600    a_iajb     43562                            0.12426391        49
  100302        0.00253314        op     43562     43563                  0.12412362        49
     936       -0.00195807      a_ia       936                           -0.00783227         4
  100928        0.00185697        op     44059     44060                  0.12441690        67
   44059        0.00185482    a_iajb     44059                            0.12427268        67
  100929        0.00185266        om     44059     44060                  0.12412846        67
  101738        0.00173342        op     44656     44657                  0.07453718        43
  101739        0.00173342        om     44656     44657                  0.07453718        43
   96936        0.00169215        op     40802     40803                  0.10998962        65

  ==> Add operator: mvp2 -1: 43562 43563
  ==> Current qubit order: 0  1  2  3  4  5  6  7  8  9  10  11  12  13  14  15  16  17  18  19  20  21  22  23  24  25  26  27  30  32  33  34  31  28  38  39  29  35  36  37  40  41  42  43  44  45  46  47  48  49  50  51  52  53  54  55  56  57  58  59  60  61  62  63  64  65  66  67  68  69  70  71  


  ==> Energy                -172.477361028
  ==> dE                       -4.31e-03
  ==> Gradient Norm             2.77e+00
  ==> Abs. Max. Deriv.          1.54e-01
  ==> Time-Grad. (s)               0.812
  ==> Time-Energy (s)              0.019
  ==> Time-Iter. (s)               0.831

--------------------------------------------------------------------------------
CEO-ADAPT-VQE iteration: 6
--------------------------------------------------------------------------------
    gate        derivative      name       op1       op2       op3        g_unscaled   penalty
     936       -0.00196726      a_ia       936                           -0.00786905         4
     798       -0.00182696      a_ia       798                           -0.01826962        10
  100928        0.00172936        op     44059     44060                  0.11586732        67
   44059        0.00172795    a_iajb     44059                            0.11577264        67
  100929        0.00172654        om     44059     44060                  0.11567795        67
   96936        0.00169211        op     40802     40803                  0.10998742        65
   96937        0.00169211        om     40802     40803                  0.10998742        65
  101738        0.00168764        op     44656     44657                  0.09282004        55
   44656        0.00168655    a_iajb     44656                            0.09276050        55
  101739        0.00168547        om     44656     44657                  0.09270097        55

  ==> Add operator: a_ia 936
  ==> Current qubit order: 0  1  2  3  4  5  6  7  8  9  10  11  12  13  14  15  16  17  18  19  20  21  22  23  24  25  26  27  30  32  33  34  31  28  38  39  29  36  35  37  40  41  42  43  44  45  46  47  48  49  50  51  52  53  54  55  56  57  58  59  60  61  62  63  64  65  66  67  68  69  70  71  


  ==> Energy                -172.477417983
  ==> dE                       -5.70e-05
  ==> Gradient Norm             2.75e+00
  ==> Abs. Max. Deriv.          1.54e-01
  ==> Time-Grad. (s)               0.897
  ==> Time-Energy (s)              0.013
  ==> Time-Iter. (s)               0.909

--------------------------------------------------------------------------------
CEO-ADAPT-VQE iteration: 7
--------------------------------------------------------------------------------
    gate        derivative      name       op1       op2       op3        g_unscaled   penalty
     798       -0.00182420      a_ia       798                           -0.01824203        10
     954        0.00179342      a_ia       954                            0.01076054         6
  100928        0.00173433        op     44059     44060                  0.11620035        67
   44059        0.00173323    a_iajb     44059                            0.11612635        67
  100929        0.00173212        om     44059     44060                  0.11605235        67
   96936        0.00173008        op     40802     40803                  0.10899489        63
   96937        0.00173008        om     40802     40803                  0.10899489        63
  101738        0.00168826        op     44656     44657                  0.09285405        55
   44656        0.00168741    a_iajb     44656                            0.09280730        55
  101739        0.00168656        om     44656     44657                  0.09276054        55

  ==> Add operator: a_ia 798
  ==> Current qubit order: 0  1  2  3  4  5  6  7  8  9  10  11  12  13  14  15  16  17  18  19  20  21  22  23  24  25  26  27  32  33  34  31  30  28  38  39  29  36  35  37  40  41  42  43  44  45  46  47  48  49  50  51  52  53  54  55  56  57  58  59  60  61  62  63  64  65  66  67  68  69  70  71  


  ==> Energy                -172.484029763
  ==> dE                       -6.61e-03
  ==> Gradient Norm             2.75e+00
  ==> Abs. Max. Deriv.          1.54e-01
  ==> Time-Grad. (s)               0.843
  ==> Time-Energy (s)              0.017
  ==> Time-Iter. (s)               0.861

--------------------------------------------------------------------------------
CEO-ADAPT-VQE iteration: 8
--------------------------------------------------------------------------------
    gate        derivative      name       op1       op2       op3        g_unscaled   penalty
   96936        0.00172968        op     40802     40803                  0.10897011        63
   96937        0.00172968        om     40802     40803                  0.10897011        63
   98573        0.00149920        om     42177     42178                  0.08845296        59
     954        0.00148496      a_ia       954                            0.00890975         6
   97276        0.00138681        op     41142     41143                  0.09014261        65
   40802        0.00137937    a_iajb     40802                            0.10897011        79
   97530        0.00137798        op     41270     41271                  0.08956872        65
   98772        0.00132882        op     42377     42378                  0.08903114        67
   42177        0.00131607    a_iajb     42177                            0.07764814        59
   99818        0.00130080        op     43162     43163                  0.06634056        51

  ==> Add operator: op -1: 40802 40803
  ==> Current qubit order: 0  1  2  3  4  5  6  7  8  9  10  11  12  13  14  15  16  17  18  19  20  21  22  23  24  25  32  33  34  31  26  27  36  37  30  28  38  39  29  35  40  41  42  43  44  45  46  47  48  49  50  51  52  53  54  55  56  57  58  59  60  61  62  63  64  65  66  67  68  69  70  71  


  ==> Energy                -172.487224326
  ==> dE                       -3.19e-03
  ==> Gradient Norm             2.73e+00
  ==> Abs. Max. Deriv.          1.54e-01
  ==> Time-Grad. (s)               0.962
  ==> Time-Energy (s)              0.017
  ==> Time-Iter. (s)               0.979

--------------------------------------------------------------------------------
CEO-ADAPT-VQE iteration: 9
--------------------------------------------------------------------------------
    gate        derivative      name       op1       op2       op3        g_unscaled   penalty
     758       -0.00244471      a_ia       758                           -0.00977885         4
     780       -0.00239391      a_ia       780                           -0.00957566         4
   98573        0.00169028        om     42177     42178                  0.07944316        47
     821       -0.00162087      a_ia       821                           -0.00324174         2
   42177        0.00156750    a_iajb     42177                            0.07367256        47
   97276        0.00156619        op     41142     41143                  0.07987554        51
   98572        0.00144472        op     42177     42178                  0.06790196        47
   41142        0.00142716    a_iajb     41142                            0.07278513        51
   97280        0.00142716        op     41142     41144                  0.07278513        51
   97281        0.00142716        om     41142     41144                  0.07278513        51

  ==> Add operator: a_ia 758
  ==> Current qubit order: 0  1  2  3  4  5  6  7  8  9  10  11  12  13  14  15  16  17  18  19  20  21  22  23  24  25  32  33  34  31  27  26  36  37  30  28  38  39  29  35  40  41  42  43  44  45  46  47  48  49  50  51  52  53  54  55  56  57  58  59  60  61  62  63  64  65  66  67  68  69  70  71  


  ==> Energy                -172.487280428
  ==> dE                       -5.61e-05
  ==> Gradient Norm             2.71e+00
  ==> Abs. Max. Deriv.          1.54e-01
  ==> Time-Grad. (s)               0.905
  ==> Time-Energy (s)              0.015
  ==> Time-Iter. (s)               0.920

--------------------------------------------------------------------------------
CEO-ADAPT-VQE iteration: 10
--------------------------------------------------------------------------------
    gate        derivative      name       op1       op2       op3        g_unscaled   penalty
     821       -0.00165664      a_ia       821                           -0.00331327         2
   97276        0.00163743        op     41142     41143                  0.08023429        49
   98573        0.00162127        om     42177     42178                  0.07944245        49
     842        0.00157168      a_ia       842                            0.00628674         4
   42177        0.00150392    a_iajb     42177                            0.07369228        49
   41142        0.00149072    a_iajb     41142                            0.07304528        49
   97280        0.00149072        op     41142     41144                  0.07304528        49
   97281        0.00149072        om     41142     41144                  0.07304528        49
   98572        0.00138657        op     42177     42178                  0.06794211        49
     780       -0.00136006      a_ia       780                           -0.00816038         6

  ==> Add operator: a_ia 821
  ==> Current qubit order: 0  1  2  3  4  5  6  7  8  9  10  11  12  13  14  15  16  17  18  19  20  21  22  23  24  25  32  33  34  31  27  26  36  37  30  28  38  39  29  35  40  41  42  43  44  45  46  47  48  49  50  51  52  53  54  55  56  57  58  59  60  61  62  63  64  65  66  67  68  69  70  71  


  ==> Energy                -172.487504717
  ==> dE                       -2.24e-04
  ==> Gradient Norm             2.71e+00
  ==> Abs. Max. Deriv.          1.54e-01
  ==> Time-Grad. (s)               1.060
  ==> Time-Energy (s)              0.016
  ==> Time-Iter. (s)               1.076

--------------------------------------------------------------------------------
CEO-ADAPT-VQE iteration: 11
--------------------------------------------------------------------------------
    gate        derivative      name       op1       op2       op3        g_unscaled   penalty
   97276        0.00163878        op     41142     41143                  0.08030017        49
   98573        0.00161771        om     42177     42178                  0.07926774        49
     842        0.00158858      a_ia       842                            0.00635433         4
   42177        0.00150174    a_iajb     42177                            0.07358535        49
   41142        0.00149253    a_iajb     41142                            0.07313408        49
   97280        0.00149253        op     41142     41144                  0.07313408        49
   97281        0.00149253        om     41142     41144                  0.07313408        49
   98572        0.00138577        op     42177     42178                  0.06790296        49
     780       -0.00135102      a_ia       780                           -0.00810611         6
   97277        0.00134629        om     41142     41143                  0.06596798        49

  ==> Add operator: mvp2 -1: 41142 41143
  ==> Current qubit order: 0  1  2  3  4  5  6  7  8  9  10  11  12  13  14  15  16  17  18  19  20  21  22  23  24  25  32  33  34  31  27  37  26  36  28  38  30  39  29  35  40  41  42  43  44  45  46  47  48  49  50  51  52  53  54  55  56  57  58  59  60  61  62  63  64  65  66  67  68  69  70  71  


  ==> Energy                -172.489850076
  ==> dE                       -2.35e-03
  ==> Gradient Norm             2.71e+00
  ==> Abs. Max. Deriv.          1.54e-01
  ==> Time-Grad. (s)               1.024
  ==> Time-Energy (s)              0.030
  ==> Time-Iter. (s)               1.054

--------------------------------------------------------------------------------
CEO-ADAPT-VQE iteration: 12
--------------------------------------------------------------------------------
    gate        derivative      name       op1       op2       op3        g_unscaled   penalty
     780       -0.00328446      a_ia       780                           -0.00656892         2
     954        0.00261815      a_ia       954                            0.01047258         4
     754       -0.00230350      a_ia       754                           -0.00921400         4
   98573        0.00199138        om     42177     42178                  0.09757753        49
     777       -0.00179177      a_ia       777                           -0.00358354         2
   42177        0.00177231    a_iajb     42177                            0.08684324        49
   98572        0.00155324        op     42177     42178                  0.07610896        49
     842        0.00147438      a_ia       842                            0.00884627         6
  100116        0.00138432        op     43460     43461                  0.05675724        41
  100120        0.00128612        op     43460     43462                  0.05273090        41

  ==> Tried operator a_ia 780: gain -2.34e-05 (threshold 2.3e-05), removed and excluded for this stage
  ==> Add operator: a_ia 954
  ==> Current qubit order: 0  1  2  3  4  5  6  7  8  9  10  11  12  13  14  15  16  17  18  19  20  21  22  23  24  25  32  33  34  31  27  37  26  28  36  38  30  39  29  35  40  41  42  43  44  45  46  47  48  49  50  51  52  53  54  55  56  57  58  59  60  61  62  63  64  65  66  67  68  69  70  71  


  ==> Energy                -172.491005673
  ==> dE                       -1.16e-03
  ==> Gradient Norm             2.70e+00
  ==> Abs. Max. Deriv.          1.54e-01
  ==> Time-Grad. (s)               1.004
  ==> Time-Energy (s)              0.016
  ==> Time-Iter. (s)               1.019

--------------------------------------------------------------------------------
CEO-ADAPT-VQE iteration: 13
--------------------------------------------------------------------------------
    gate        derivative      name       op1       op2       op3        g_unscaled   penalty
     780       -0.00338789      a_ia       780                           -0.00677578         2
     754       -0.00250189      a_ia       754                           -0.00500378         2
     801       -0.00221570      a_ia       801                           -0.00443140         2
   98573        0.00205464        om     42177     42178                  0.09656812        47
   42177        0.00183049    a_iajb     42177                            0.08603294        47
   98572        0.00160634        op     42177     42178                  0.07549776        47
     777       -0.00160393      a_ia       777                           -0.00320787         2
     842        0.00159872      a_ia       842                            0.00639488         4
  100120        0.00137736        op     43460     43462                  0.05647156        41
  100116        0.00130334        op     43460     43461                  0.05343681        41

  ==> Add operator: a_ia 754
  ==> Current qubit order: 0  1  2  3  4  5  6  7  8  9  10  11  12  13  14  15  16  17  18  19  20  21  22  23  24  25  32  33  34  31  27  37  26  28  36  38  30  39  29  35  40  41  42  43  44  45  46  47  48  49  50  51  52  53  54  55  56  57  58  59  60  61  62  63  64  65  66  67  68  69  70  71  


  ==> Energy                -172.491642118
  ==> dE                       -6.36e-04
  ==> Gradient Norm             2.70e+00
  ==> Abs. Max. Deriv.          1.54e-01
  ==> Time-Grad. (s)               1.133
  ==> Time-Energy (s)              0.037
  ==> Time-Iter. (s)               1.171

--------------------------------------------------------------------------------
CEO-ADAPT-VQE iteration: 14
--------------------------------------------------------------------------------
    gate        derivative      name       op1       op2       op3        g_unscaled   penalty
     780       -0.00324541      a_ia       780                           -0.00649082         2
   98573        0.00220624        om     42177     42178                  0.10369343        47
   42177        0.00198169    a_iajb     42177                            0.09313960        47
     777       -0.00190817      a_ia       777                           -0.00381634         2
   98572        0.00175714        op     42177     42178                  0.08258577        47
     842        0.00175507      a_ia       842                            0.00702028         4
  100120        0.00129812        op     43460     43462                  0.05322297        41
  100116        0.00123973        op     43460     43461                  0.05082909        41
   98772        0.00121735        op     42377     42378                  0.08399728        69
   43460        0.00119133    a_iajb     43460                            0.04884437        41

  ==> Add operator: mvp2 -1: 42177 42178
  ==> Current qubit order: 0  1  2  3  4  5  6  7  8  9  10  11  12  13  14  15  16  17  18  19  20  21  22  23  24  25  32  33  34  31  27  37  28  38  26  36  30  39  29  35  40  41  42  43  44  45  46  47  48  49  50  51  52  53  54  55  56  57  58  59  60  61  62  63  64  65  66  67  68  69  70  71  


  ==> Energy                -172.495493687
  ==> dE                       -3.85e-03
  ==> Gradient Norm             2.70e+00
  ==> Abs. Max. Deriv.          1.54e-01
  ==> Time-Grad. (s)               1.074
  ==> Time-Energy (s)              0.017
  ==> Time-Iter. (s)               1.091

--------------------------------------------------------------------------------
CEO-ADAPT-VQE iteration: 15
--------------------------------------------------------------------------------
    gate        derivative      name       op1       op2       op3        g_unscaled   penalty
     780       -0.00609820      a_ia       780                           -0.01219639         2
     842        0.00323799      a_ia       842                            0.00647597         2
     862        0.00143771      a_ia       862                            0.00575082         4
     755        0.00130706      a_ia       755                            0.00522824         4
  100120        0.00117343        op     43460     43462                  0.05280433        45
  100116        0.00109990        op     43460     43461                  0.04949551        45
   43460        0.00105618    a_iajb     43460                            0.04752791        45
  100117        0.00101245        om     43460     43461                  0.04556032        45
   69542        0.00100957        op     20194     20195                  0.15446460       153
   69543        0.00100957        om     20194     20195                  0.15446460       153

  ==> Add operator: a_ia 842
  ==> Current qubit order: 0  1  2  3  4  5  6  7  8  9  10  11  12  13  14  15  16  17  18  19  20  21  22  23  24  25  32  33  34  31  27  37  28  38  26  36  30  39  29  35  40  41  42  43  44  45  46  47  48  49  50  51  52  53  54  55  56  57  58  59  60  61  62  63  64  65  66  67  68  69  70  71  


  ==> Energy                -172.495927833
  ==> dE                       -4.34e-04
  ==> Gradient Norm             2.68e+00
  ==> Abs. Max. Deriv.          1.54e-01
  ==> Time-Grad. (s)               1.081
  ==> Time-Energy (s)              0.031
  ==> Time-Iter. (s)               1.111

--------------------------------------------------------------------------------
CEO-ADAPT-VQE iteration: 16
--------------------------------------------------------------------------------
    gate        derivative      name       op1       op2       op3        g_unscaled   penalty
     780       -0.00604152      a_ia       780                           -0.01208304         2
     755        0.00155354      a_ia       755                            0.00621415         4
     862        0.00149164      a_ia       862                            0.00596656         4
     759        0.00138979      a_ia       759                            0.00277958         2
  100120        0.00117413        op     43460     43462                  0.05283600        45
     758       -0.00113236      a_ia       758                           -0.00226472         2
  100116        0.00109238        op     43460     43461                  0.04915710        45
   43460        0.00105891    a_iajb     43460                            0.04765073        45
  100117        0.00102543        om     43460     43461                  0.04614436        45
   69542        0.00100957        op     20194     20195                  0.15446460       153

  ==> Add operator: a_ia 755
  ==> Current qubit order: 0  1  2  3  4  5  6  7  8  9  10  11  12  13  14  15  16  17  18  19  20  21  22  23  24  25  32  33  34  31  27  37  28  38  36  26  30  39  29  35  40  41  42  43  44  45  46  47  48  49  50  51  52  53  54  55  56  57  58  59  60  61  62  63  64  65  66  67  68  69  70  71  


  ==> Energy                -172.496670686
  ==> dE                       -7.43e-04
  ==> Gradient Norm             2.68e+00
  ==> Abs. Max. Deriv.          1.54e-01
  ==> Time-Grad. (s)               1.155
  ==> Time-Energy (s)              0.010
  ==> Time-Iter. (s)               1.165

--------------------------------------------------------------------------------
CEO-ADAPT-VQE iteration: 17
--------------------------------------------------------------------------------
    gate        derivative      name       op1       op2       op3        g_unscaled   penalty
     780       -0.00622882      a_ia       780                           -0.01245763         2
     954        0.00261328      a_ia       954                            0.00522656         2
     758       -0.00248174      a_ia       758                           -0.00496348         2
     862        0.00152078      a_ia       862                            0.00608312         4
   69542        0.00100957        op     20194     20195                  0.15446460       153
   69543        0.00100957        om     20194     20195                  0.15446460       153
     971        0.00100264      a_ia       971                            0.01203169        12
   94604        0.00097578        op     39112     39113                  0.09465104        97
   94605        0.00097578        om     39112     39113                  0.09465104        97
   99843        0.00092047        om     43186     43187                  0.06351225        69

  ==> Add operator: a_ia 862
  ==> Current qubit order: 0  1  2  3  4  5  6  7  8  9  10  11  12  13  14  15  16  17  18  19  20  21  22  23  24  25  32  33  34  27  31  37  28  38  36  26  30  39  29  35  40  41  42  43  44  45  46  47  48  49  50  51  52  53  54  55  56  57  58  59  60  61  62  63  64  65  66  67  68  69  70  71  


  ==> Energy                -172.497191986
  ==> dE                       -5.21e-04
  ==> Gradient Norm             2.68e+00
  ==> Abs. Max. Deriv.          1.54e-01
  ==> Time-Grad. (s)               1.088
  ==> Time-Energy (s)              0.043
  ==> Time-Iter. (s)               1.131

--------------------------------------------------------------------------------
CEO-ADAPT-VQE iteration: 18
--------------------------------------------------------------------------------
    gate        derivative      name       op1       op2       op3        g_unscaled   penalty
     780       -0.00314894      a_ia       780                           -0.01259575         4
     758       -0.00147788      a_ia       758                           -0.00295576         2
     954        0.00106801      a_ia       954                            0.00213601         2
   69542        0.00100957        op     20194     20195                  0.15446460       153
   69543        0.00100957        om     20194     20195                  0.15446460       153
     971        0.00100866      a_ia       971                            0.01210393        12
   94604        0.00097578        op     39112     39113                  0.09465104        97
   94605        0.00097578        om     39112     39113                  0.09465104        97
   97755        0.00096383        om     41494     41495                  0.03951720        41
   20194        0.00091399    a_iajb     20194                            0.15446460       169

  ==> Add operator: op -1: 20194 20195
  ==> Current qubit order: 0  1  2  3  4  5  6  7  8  9  12  13  14  15  16  17  18  19  20  21  22  23  24  25  32  33  34  10  11  44  45  27  31  37  28  38  36  26  30  39  29  35  40  41  42  43  46  47  48  49  50  51  52  53  54  55  56  57  58  59  60  61  62  63  64  65  66  67  68  69  70  71  


  ==> Energy                -172.499983592
  ==> dE                       -2.79e-03
  ==> Gradient Norm             2.68e+00
  ==> Abs. Max. Deriv.          1.54e-01
  ==> Time-Grad. (s)               1.193
  ==> Time-Energy (s)              0.020
  ==> Time-Iter. (s)               1.213

--------------------------------------------------------------------------------
CEO-ADAPT-VQE iteration: 19
--------------------------------------------------------------------------------
    gate        derivative      name       op1       op2       op3        g_unscaled   penalty
     376        0.00518018      a_ia       376                            0.02072070         4
     346        0.00516281      a_ia       346                            0.02065126         4
     780       -0.00315338      a_ia       780                           -0.01261351         4
   94604        0.00195140        op     39112     39113                  0.08781322        45
   94605        0.00195140        om     39112     39113                  0.08781322        45
   71576       -0.00157051        op     21748     21749                 -0.06124998        39
   71577       -0.00157051        om     21748     21749                 -0.06124998        39
     784        0.00153898      a_ia       784                            0.00307796         2
     758       -0.00148695      a_ia       758                           -0.00297390         2
   39112        0.00143956    a_iajb     39112                            0.08781322        61

  ==> Add operator: a_ia 376
  ==> Current qubit order: 0  1  2  3  4  5  6  7  8  9  12  13  14  15  16  17  18  19  20  21  22  23  24  25  32  33  34  10  44  11  45  27  31  37  28  38  36  26  30  39  29  35  40  41  42  43  46  47  48  49  50  51  52  53  54  55  56  57  58  59  60  61  62  63  64  65  66  67  68  69  70  71  


  ==> Energy                -172.500086575
  ==> dE                       -1.03e-04
  ==> Gradient Norm             2.67e+00
  ==> Abs. Max. Deriv.          1.02e-01
  ==> Time-Grad. (s)               1.123
  ==> Time-Energy (s)              0.024
  ==> Time-Iter. (s)               1.147

--------------------------------------------------------------------------------
CEO-ADAPT-VQE iteration: 20
--------------------------------------------------------------------------------
    gate        derivative      name       op1       op2       op3        g_unscaled   penalty
     346        0.00881851      a_ia       346                            0.01763703         2
     780       -0.00318933      a_ia       780                           -0.01275734         4
   94604        0.00201407        op     39112     39113                  0.08660504        43
   94605        0.00201407        om     39112     39113                  0.08660504        43
     784        0.00170082      a_ia       784                            0.00340164         2
     758       -0.00158132      a_ia       758                           -0.00316264         2
   39112        0.00146788    a_iajb     39112                            0.08660504        59
     717       -0.00142349      a_ia       717                           -0.01708186        12
     740       -0.00133935      a_ia       740                           -0.01875095        14
   71577       -0.00124249        om     21748     21749                 -0.06088215        49

  ==> Add operator: a_ia 346
  ==> Current qubit order: 0  1  2  3  4  5  6  7  8  9  12  13  14  15  16  17  18  19  20  21  22  23  24  25  32  33  34  10  44  11  45  27  31  37  28  38  36  26  30  39  29  35  40  41  42  43  46  47  48  49  50  51  52  53  54  55  56  57  58  59  60  61  62  63  64  65  66  67  68  69  70  71  


  ==> Energy                -172.500161254
  ==> dE                       -7.47e-05
  ==> Gradient Norm             2.67e+00
  ==> Abs. Max. Deriv.          1.02e-01
  ==> Time-Grad. (s)               1.397
  ==> Time-Energy (s)              0.020
  ==> Time-Iter. (s)               1.416

--------------------------------------------------------------------------------
CEO-ADAPT-VQE iteration: 21
--------------------------------------------------------------------------------
    gate        derivative      name       op1       op2       op3        g_unscaled   penalty
     780       -0.00322908      a_ia       780                           -0.01291633         4
   94604        0.00199051        op     39112     39113                  0.08559208        43
   94605        0.00199051        om     39112     39113                  0.08559208        43
     758       -0.00164239      a_ia       758                           -0.00328478         2
     784        0.00159022      a_ia       784                            0.00318044         2
     717       -0.00145632      a_ia       717                           -0.01747579        12
   39112        0.00145071    a_iajb     39112                            0.08559208        59
     376       -0.00127695      a_ia       376                           -0.00255389         2
     740       -0.00126902      a_ia       740                           -0.01776632        14
   71577       -0.00124454        om     21748     21749                 -0.06098264        49

  ==> Add operator: op -1: 39112 39113
  ==> Current qubit order: 0  1  2  3  4  5  6  7  8  9  12  13  14  15  16  17  18  19  20  21  22  23  32  33  34  24  25  44  45  10  11  27  31  37  28  38  36  26  30  39  29  35  40  41  42  43  46  47  48  49  50  51  52  53  54  55  56  57  58  59  60  61  62  63  64  65  66  67  68  69  70  71  


  ==> Energy                -172.501152385
  ==> dE                       -9.91e-04
  ==> Gradient Norm             2.67e+00
  ==> Abs. Max. Deriv.          1.02e-01
  ==> Time-Grad. (s)               1.269
  ==> Time-Energy (s)              0.045
  ==> Time-Iter. (s)               1.314

--------------------------------------------------------------------------------
CEO-ADAPT-VQE iteration: 22
--------------------------------------------------------------------------------
    gate        derivative      name       op1       op2       op3        g_unscaled   penalty
     740       -0.00493106      a_ia       740                           -0.01972425         4
     717       -0.00491030      a_ia       717                           -0.01964118         4
     780       -0.00319830      a_ia       780                           -0.01279322         4
   71577       -0.00161401        om     21748     21749                 -0.06617442        41
   21748       -0.00161031    a_iajb     21748                           -0.06602253        41
   71576       -0.00160660        op     21748     21749                 -0.06587064        41
     758       -0.00152418      a_ia       758                           -0.00304836         2
   74020       -0.00108500        op     23625     23626                 -0.06618505        61
   23625       -0.00108246    a_iajb     23625                           -0.06603011        61
   74021       -0.00107992        om     23625     23626                 -0.06587517        61

  ==> Add operator: a_ia 740
  ==> Current qubit order: 0  1  2  3  4  5  6  7  8  9  12  13  14  15  16  17  18  19  20  21  22  23  32  33  34  24  44  25  45  10  11  27  31  37  28  38  36  26  30  39  29  35  40  41  42  43  46  47  48  49  50  51  52  53  54  55  56  57  58  59  60  61  62  63  64  65  66  67  68  69  70  71  


  ==> Energy                -172.501270139
  ==> dE                       -1.18e-04
  ==> Gradient Norm             2.66e+00
  ==> Abs. Max. Deriv.          1.02e-01
  ==> Time-Grad. (s)               1.309
  ==> Time-Energy (s)              0.025
  ==> Time-Iter. (s)               1.334

--------------------------------------------------------------------------------
CEO-ADAPT-VQE iteration: 23
--------------------------------------------------------------------------------
    gate        derivative      name       op1       op2       op3        g_unscaled   penalty
     717       -0.00880775      a_ia       717                           -0.01761549         2
     780       -0.00327058      a_ia       780                           -0.01308233         4
     758       -0.00168805      a_ia       758                           -0.00337609         2
   71577       -0.00157276        om     21748     21749                 -0.06448335        41
   21748       -0.00157263    a_iajb     21748                           -0.06447777        41
   71576       -0.00157249        op     21748     21749                 -0.06447220        41
     954        0.00106231      a_ia       954                            0.00212461         2
   74020       -0.00102774        op     23625     23626                 -0.06474761        63
   23625       -0.00102548    a_iajb     23625                           -0.06460519        63
   74021       -0.00102322        om     23625     23626                 -0.06446278        63

  ==> Add operator: a_ia 717
  ==> Current qubit order: 0  1  2  3  4  5  6  7  8  9  12  13  14  15  16  17  18  19  20  21  22  23  32  33  34  24  44  25  45  10  11  27  31  37  28  38  36  26  30  39  29  35  40  41  42  43  46  47  48  49  50  51  52  53  54  55  56  57  58  59  60  61  62  63  64  65  66  67  68  69  70  71  


  ==> Energy                -172.501363964
  ==> dE                       -9.38e-05
  ==> Gradient Norm             2.66e+00
  ==> Abs. Max. Deriv.          1.02e-01
  ==> Time-Grad. (s)               1.669
  ==> Time-Energy (s)              0.035
  ==> Time-Iter. (s)               1.704

--------------------------------------------------------------------------------
CEO-ADAPT-VQE iteration: 24
--------------------------------------------------------------------------------
    gate        derivative      name       op1       op2       op3        g_unscaled   penalty
     780       -0.00334342      a_ia       780                           -0.01337366         4
     758       -0.00181761      a_ia       758                           -0.00363523         2
   71576       -0.00154123        op     21748     21749                 -0.06319044        41
   21748       -0.00154094    a_iajb     21748                           -0.06317874        41
   71577       -0.00154066        om     21748     21749                 -0.06316704        41
     954        0.00106231      a_ia       954                            0.00212461         2
     971        0.00100943      a_ia       971                            0.01211320        12
   74020       -0.00100334        op     23625     23626                 -0.06321037        63
   23625       -0.00100327    a_iajb     23625                           -0.06320575        63
   74021       -0.00100319        om     23625     23626                 -0.06320114        63

  ==> Add operator: a_ia 758
  ==> Current qubit order: 0  1  2  3  4  5  6  7  8  9  12  13  14  15  16  17  18  19  20  21  22  23  32  33  34  24  44  25  45  10  11  27  31  37  28  38  36  26  30  39  29  35  40  41  42  43  46  47  48  49  50  51  52  53  54  55  56  57  58  59  60  61  62  63  64  65  66  67  68  69  70  71  


  ==> Energy                -172.501399590
  ==> dE                       -3.56e-05
  ==> Gradient Norm             2.66e+00
  ==> Abs. Max. Deriv.          1.02e-01
  ==> Time-Grad. (s)               1.571
  ==> Time-Energy (s)              0.097
  ==> Time-Iter. (s)               1.668

--------------------------------------------------------------------------------
CEO-ADAPT-VQE iteration: 25
--------------------------------------------------------------------------------
    gate        derivative      name       op1       op2       op3        g_unscaled   penalty
     780       -0.00299700      a_ia       780                           -0.01198801         4
     802        0.00238515      a_ia       802                            0.00477029         2
   71576       -0.00154465        op     21748     21749                 -0.06333082        41
   21748       -0.00154456    a_iajb     21748                           -0.06332686        41
   71577       -0.00154446        om     21748     21749                 -0.06332289        41
     971        0.00101358      a_ia       971                            0.01216297        12
   74021       -0.00100540        om     23625     23626                 -0.06334021        63
   23625       -0.00100537    a_iajb     23625                           -0.06333846        63
   74020       -0.00100534        op     23625     23626                 -0.06333672        63
   97755        0.00095943        om     41494     41495                  0.03933675        41

  ==> Add operator: a_ia 802
  ==> Current qubit order: 0  1  2  3  4  5  6  7  8  9  12  13  14  15  16  17  18  19  20  21  22  23  32  33  34  24  44  25  45  10  11  27  31  37  28  38  36  26  30  39  29  35  40  41  42  43  46  47  48  49  50  51  52  53  54  55  56  57  58  59  60  61  62  63  64  65  66  67  68  69  70  71  


  ==> Energy                -172.501412338
  ==> dE                       -1.27e-05
  ==> Gradient Norm             2.66e+00
  ==> Abs. Max. Deriv.          1.02e-01
  ==> Time-Grad. (s)               1.652
  ==> Time-Energy (s)              0.032
  ==> Time-Iter. (s)               1.685

--------------------------------------------------------------------------------
CEO-ADAPT-VQE iteration: 26
--------------------------------------------------------------------------------
    gate        derivative      name       op1       op2       op3        g_unscaled   penalty
     780       -0.00323029      a_ia       780                           -0.01292115         4
   71576       -0.00154465        op     21748     21749                 -0.06333073        41
   21748       -0.00154456    a_iajb     21748                           -0.06332678        41
   71577       -0.00154446        om     21748     21749                 -0.06332283        41
     971        0.00101340      a_ia       971                            0.01216081        12
   74021       -0.00100540        om     23625     23626                 -0.06334041        63
   23625       -0.00100537    a_iajb     23625                           -0.06333861        63
   74020       -0.00100535        op     23625     23626                 -0.06333680        63
     801       -0.00099904      a_ia       801                           -0.00399615         4
     759        0.00098485      a_ia       759                            0.00393940         4

  ==> Add operator: op -1: 21748 21749
  ==> Current qubit order: 0  1  2  3  4  5  6  7  8  9  12  13  14  15  16  17  18  19  20  21  22  23  32  33  34  24  44  25  45  10  11  27  31  37  28  38  36  26  30  39  29  35  40  41  42  43  46  47  48  49  50  51  52  53  54  55  56  57  58  59  60  61  62  63  64  65  66  67  68  69  70  71  


  ==> Energy                -172.501924717
  ==> dE                       -5.12e-04
  ==> Gradient Norm             2.66e+00
  ==> Abs. Max. Deriv.          1.02e-01
  ==> Time-Grad. (s)               1.557
  ==> Time-Energy (s)              0.030
  ==> Time-Iter. (s)               1.587

--------------------------------------------------------------------------------
CEO-ADAPT-VQE iteration: 27
--------------------------------------------------------------------------------
    gate        derivative      name       op1       op2       op3        g_unscaled   penalty
     780       -0.00322358      a_ia       780                           -0.01289433         4
     971        0.00101340      a_ia       971                            0.01216082        12
     801       -0.00099756      a_ia       801                           -0.00399023         4
     717        0.00098762      a_ia       717                            0.00197525         2
     759        0.00098378      a_ia       759                            0.00393511         4
     740        0.00097784      a_ia       740                            0.00195569         2
   97755        0.00096053        om     41494     41495                  0.03938190        41
   74021       -0.00095773        om     23625     23626                 -0.06033697        63
   23625       -0.00095759    a_iajb     23625                           -0.06032799        63
   74020       -0.00095744        op     23625     23626                 -0.06031901        63

  ==> Add operator: a_ia 971
  ==> Current qubit order: 0  1  2  3  4  5  6  7  8  9  12  13  14  15  16  17  18  19  20  21  22  23  32  33  34  24  44  25  45  10  11  27  31  28  38  36  26  30  37  39  29  35  40  41  42  43  46  47  48  49  50  51  52  53  54  55  56  57  58  59  60  61  62  63  64  65  66  67  68  69  70  71  


  ==> Energy                -172.503530368
  ==> dE                       -1.61e-03
  ==> Gradient Norm             2.66e+00
  ==> Abs. Max. Deriv.          1.02e-01
  ==> Time-Grad. (s)               1.651
  ==> Time-Energy (s)              0.118
  ==> Time-Iter. (s)               1.769

--------------------------------------------------------------------------------
CEO-ADAPT-VQE iteration: 28
--------------------------------------------------------------------------------
    gate        derivative      name       op1       op2       op3        g_unscaled   penalty
     777        0.00207567      a_ia       777                            0.00415135         2
     801       -0.00197625      a_ia       801                           -0.00790499         4
     759        0.00154140      a_ia       759                            0.00616558         4
     954        0.00101248      a_ia       954                            0.00202496         2
     843        0.00097655      a_ia       843                            0.00585932         6
   74020       -0.00096525        op     23625     23626                 -0.06081073        63
   23625       -0.00096519    a_iajb     23625                           -0.06080708        63
   74021       -0.00096513        om     23625     23626                 -0.06080342        63
  100297       -0.00094269        om     43556     43557                 -0.04430666        47
   97755        0.00092967        om     41494     41495                  0.03811662        41

  ==> Add operator: a_ia 777
  ==> Current qubit order: 0  1  2  3  4  5  6  7  8  9  12  13  14  15  16  17  18  19  20  21  22  23  32  33  34  24  44  25  45  10  11  27  31  28  38  36  26  30  37  39  29  35  40  41  42  43  46  47  48  49  50  51  52  53  54  55  56  57  58  59  60  61  62  63  64  65  66  67  68  69  70  71  


  ==> Energy                -172.503887298
  ==> dE                       -3.57e-04
  ==> Gradient Norm             2.65e+00
  ==> Abs. Max. Deriv.          1.02e-01
  ==> Time-Grad. (s)               1.569
  ==> Time-Energy (s)              0.031
  ==> Time-Iter. (s)               1.600

--------------------------------------------------------------------------------
CEO-ADAPT-VQE iteration: 29
--------------------------------------------------------------------------------
    gate        derivative      name       op1       op2       op3        g_unscaled   penalty
     801       -0.00200940      a_ia       801                           -0.00803760         4
     971        0.00168825      a_ia       971                            0.00337650         2
     759        0.00153231      a_ia       759                            0.00612922         4
     954        0.00128750      a_ia       954                            0.00257500         2
     843        0.00097462      a_ia       843                            0.00584770         6
   74020       -0.00096526        op     23625     23626                 -0.06081134        63
   23625       -0.00096520    a_iajb     23625                           -0.06080774        63
   74021       -0.00096515        om     23625     23626                 -0.06080414        63
   97755        0.00093363        om     41494     41495                  0.03827891        41
     822       -0.00088969      a_ia       822                           -0.00355874         4

  ==> Add operator: a_ia 801
  ==> Current qubit order: 0  1  2  3  4  5  6  7  8  9  12  13  14  15  16  17  18  19  20  21  22  23  32  33  34  24  44  25  45  10  11  27  31  38  28  36  26  30  37  39  29  35  40  41  42  43  46  47  48  49  50  51  52  53  54  55  56  57  58  59  60  61  62  63  64  65  66  67  68  69  70  71  


  ==> Energy                -172.503927314
  ==> dE                       -4.00e-05
  ==> Gradient Norm             2.65e+00
  ==> Abs. Max. Deriv.          1.02e-01
  ==> Time-Grad. (s)               1.593
  ==> Time-Energy (s)              0.033
  ==> Time-Iter. (s)               1.626

--------------------------------------------------------------------------------
CEO-ADAPT-VQE iteration: 30
--------------------------------------------------------------------------------
    gate        derivative      name       op1       op2       op3        g_unscaled   penalty
     971        0.00169258      a_ia       971                            0.00338515         2
   74020       -0.00096520        op     23625     23626                 -0.06080748        63
   23625       -0.00096514    a_iajb     23625                           -0.06080381        63
   74021       -0.00096508        om     23625     23626                 -0.06080014        63
     759        0.00089714      a_ia       759                            0.00538283         6
  101498        0.00086208        op     44517     44519                  0.03534526        41
   79600        0.00085986        op     27720     27721                  0.05761064        67
   79601        0.00085986        om     27720     27721                  0.05761064        67
  100072        0.00084705        op     43416     43417                  0.08047022        95
  100073        0.00084705        om     43416     43417                  0.08047022        95

  ==> Add operator: op -1: 23625 23626
  ==> Current qubit order: 0  1  2  3  4  5  6  7  8  9  12  13  14  15  16  17  18  19  20  21  22  23  32  33  34  24  44  45  11  25  10  27  31  38  28  36  26  30  37  39  29  35  40  41  42  43  46  47  48  49  50  51  52  53  54  55  56  57  58  59  60  61  62  63  64  65  66  67  68  69  70  71  


  ==> Energy                -172.504806148
  ==> dE                       -8.79e-04
  ==> Gradient Norm             2.65e+00
  ==> Abs. Max. Deriv.          1.02e-01
  ==> Time-Grad. (s)               1.667
  ==> Time-Energy (s)              0.190
  ==> Time-Iter. (s)               1.857

--------------------------------------------------------------------------------
CEO-ADAPT-VQE iteration: 31
--------------------------------------------------------------------------------
    gate        derivative      name       op1       op2       op3        g_unscaled   penalty
     759        0.00197562      a_ia       759                            0.01185372         6
     822       -0.00146420      a_ia       822                           -0.00585681         4
     823        0.00107840      a_ia       823                            0.00215680         2
     731        0.00100575      a_ia       731                            0.00402299         4
     937        0.00098201      a_ia       937                            0.00392803         4
     954        0.00090846      a_ia       954                            0.00363385         4
   79600        0.00089368        op     27720     27721                  0.05808905        65
   79601        0.00089368        om     27720     27721                  0.05808905        65
  101498        0.00087630        op     44517     44519                  0.03592839        41
  100072        0.00084755        op     43416     43417                  0.08051712        95

  ==> Add operator: a_ia 759
  ==> Current qubit order: 0  1  2  3  4  5  6  7  8  9  12  13  14  15  16  17  18  19  20  21  22  23  32  33  34  24  44  45  11  25  10  27  31  28  36  38  26  30  37  39  29  35  40  41  42  43  46  47  48  49  50  51  52  53  54  55  56  57  58  59  60  61  62  63  64  65  66  67  68  69  70  71  


  ==> Energy                -172.504887698
  ==> dE                       -8.15e-05
  ==> Gradient Norm             2.65e+00
  ==> Abs. Max. Deriv.          1.02e-01
  ==> Time-Grad. (s)               1.599
  ==> Time-Energy (s)              0.034
  ==> Time-Iter. (s)               1.633

--------------------------------------------------------------------------------
CEO-ADAPT-VQE iteration: 32
--------------------------------------------------------------------------------
    gate        derivative      name       op1       op2       op3        g_unscaled   penalty
     954        0.00177353      a_ia       954                            0.00354707         2
     823        0.00154247      a_ia       823                            0.00308494         2
     822       -0.00146014      a_ia       822                           -0.00584057         4
     937        0.00101103      a_ia       937                            0.00404412         4
     731        0.00100499      a_ia       731                            0.00401997         4
   97755        0.00094523        om     41494     41495                  0.03875455        41
   79600        0.00089368        op     27720     27721                  0.05808905        65
   79601        0.00089368        om     27720     27721                  0.05808905        65
   97758        0.00087698        op     41494     41496                  0.03595628        41
  101498        0.00087498        op     44517     44519                  0.03587437        41

  ==> Add operator: a_ia 954
  ==> Current qubit order: 0  1  2  3  4  5  6  7  8  9  12  13  14  15  16  17  18  19  20  21  22  23  32  33  34  24  44  45  11  25  10  27  31  28  36  38  26  30  37  39  29  35  40  41  42  43  46  47  48  49  50  51  52  53  54  55  56  57  58  59  60  61  62  63  64  65  66  67  68  69  70  71  


  ==> Energy                -172.504998853
  ==> dE                       -1.11e-04
  ==> Gradient Norm             2.65e+00
  ==> Abs. Max. Deriv.          1.02e-01
  ==> Time-Grad. (s)               1.678
  ==> Time-Energy (s)              0.028
  ==> Time-Iter. (s)               1.706

--------------------------------------------------------------------------------
CEO-ADAPT-VQE iteration: 33
--------------------------------------------------------------------------------
    gate        derivative      name       op1       op2       op3        g_unscaled   penalty
     823        0.00155155      a_ia       823                            0.00310309         2
     822       -0.00148756      a_ia       822                           -0.00595025         4
     731        0.00102235      a_ia       731                            0.00408941         4
     937        0.00100496      a_ia       937                            0.00401983         4
   97755        0.00093611        om     41494     41495                  0.03838051        41
   79600        0.00089368        op     27720     27721                  0.05808905        65
   79601        0.00089368        om     27720     27721                  0.05808905        65
  101498        0.00087629        op     44517     44519                  0.03592780        41
   97758        0.00087009        op     41494     41496                  0.03567370        41
   41494        0.00086035    a_iajb     41494                            0.03527417        41

  ==> Add operator: a_ia 823
  ==> Current qubit order: 0  1  2  3  4  5  6  7  8  9  12  13  14  15  16  17  18  19  20  21  22  23  32  33  34  24  44  45  11  25  10  27  31  28  36  38  26  30  37  39  29  35  40  41  42  43  46  47  48  49  50  51  52  53  54  55  56  57  58  59  60  61  62  63  64  65  66  67  68  69  70  71  


  ==> Energy                -172.505458010
  ==> dE                       -4.59e-04
  ==> Gradient Norm             2.65e+00
  ==> Abs. Max. Deriv.          1.02e-01
  ==> Time-Grad. (s)               1.582
  ==> Time-Energy (s)              0.181
  ==> Time-Iter. (s)               1.763

--------------------------------------------------------------------------------
CEO-ADAPT-VQE iteration: 34
--------------------------------------------------------------------------------
    gate        derivative      name       op1       op2       op3        g_unscaled   penalty
     937        0.00127983      a_ia       937                            0.00511930         4
     843        0.00112605      a_ia       843                            0.00450419         4
     731        0.00110841      a_ia       731                            0.00443364         4
   97755        0.00095845        om     41494     41495                  0.03929650        41
   79600        0.00089332        op     27720     27721                  0.05806549        65
   79601        0.00089332        om     27720     27721                  0.05806549        65
  101498        0.00088573        op     44517     44519                  0.03631479        41
   97758        0.00087211        op     41494     41496                  0.03575639        41
   41494        0.00085922    a_iajb     41494                            0.03522783        41
   97759        0.00084632        om     41494     41496                  0.03469926        41

  ==> Add operator: a_ia 937
  ==> Current qubit order: 0  1  2  3  4  5  6  7  8  9  12  13  14  15  16  17  18  19  20  21  22  23  32  33  34  24  44  45  11  25  10  27  31  28  36  38  26  30  37  29  39  35  40  41  42  43  46  47  48  49  50  51  52  53  54  55  56  57  58  59  60  61  62  63  64  65  66  67  68  69  70  71  


  ==> Energy                -172.505481108
  ==> dE                       -2.31e-05
  ==> Gradient Norm             2.65e+00
  ==> Abs. Max. Deriv.          1.02e-01
  ==> Time-Grad. (s)               1.682
  ==> Time-Energy (s)              0.038
  ==> Time-Iter. (s)               1.720

--------------------------------------------------------------------------------
CEO-ADAPT-VQE iteration: 35
--------------------------------------------------------------------------------
    gate        derivative      name       op1       op2       op3        g_unscaled   penalty
     731        0.00110776      a_ia       731                            0.00443102         4
     843        0.00107010      a_ia       843                            0.00428039         4
   97755        0.00095820        om     41494     41495                  0.03928610        41
   79600        0.00089332        op     27720     27721                  0.05806549        65
   79601        0.00089332        om     27720     27721                  0.05806549        65
  101498        0.00089113        op     44517     44519                  0.03653632        41
   97758        0.00087218        op     41494     41496                  0.03575947        41
    1004       -0.00086987      a_ia      1004                           -0.00521923         6
   41494        0.00085930    a_iajb     41494                            0.03523112        41
   97759        0.00084641        om     41494     41496                  0.03470276        41

  ==> Add operator: a_ia 731
  ==> Current qubit order: 0  1  2  3  4  5  6  7  8  9  12  13  14  15  16  17  18  19  20  21  22  23  32  33  34  24  44  45  11  10  25  27  31  28  36  38  26  30  37  29  39  35  40  41  42  43  46  47  48  49  50  51  52  53  54  55  56  57  58  59  60  61  62  63  64  65  66  67  68  69  70  71  


  ==> Energy                -172.505929476
  ==> dE                       -4.48e-04
  ==> Gradient Norm             2.65e+00
  ==> Abs. Max. Deriv.          1.02e-01
  ==> Time-Grad. (s)               1.572
  ==> Time-Energy (s)              0.041
  ==> Time-Iter. (s)               1.613

--------------------------------------------------------------------------------
CEO-ADAPT-VQE iteration: 36
--------------------------------------------------------------------------------
    gate        derivative      name       op1       op2       op3        g_unscaled   penalty
     843        0.00106925      a_ia       843                            0.00427701         4
   97755        0.00095848        om     41494     41495                  0.03929777        41
   79600        0.00089180        op     27720     27721                  0.05796698        65
   79601        0.00089180        om     27720     27721                  0.05796698        65
  101498        0.00089085        op     44517     44519                  0.03652474        41
    1004       -0.00087394      a_ia      1004                           -0.00524366         6
   97758        0.00087081        op     41494     41496                  0.03570330        41
   41494        0.00085763    a_iajb     41494                            0.03516303        41
   97759        0.00084446        om     41494     41496                  0.03462276        41
  100072        0.00081996        op     43416     43417                  0.08117628        99

  ==> Add operator: a_ia 843
  ==> Current qubit order: 0  1  2  3  4  5  6  7  8  9  12  13  14  15  16  17  18  19  20  21  22  23  32  33  34  24  44  45  11  10  25  27  31  28  36  26  38  30  37  29  39  35  40  41  42  43  46  47  48  49  50  51  52  53  54  55  56  57  58  59  60  61  62  63  64  65  66  67  68  69  70  71  


  ==> Energy                -172.505938840
  ==> dE                       -9.36e-06
  ==> Gradient Norm             2.65e+00
  ==> Abs. Max. Deriv.          1.02e-01
  ==> Time-Grad. (s)               1.830
  ==> Time-Energy (s)              0.048
  ==> Time-Iter. (s)               1.877

--------------------------------------------------------------------------------
CEO-ADAPT-VQE iteration: 37
--------------------------------------------------------------------------------
    gate        derivative      name       op1       op2       op3        g_unscaled   penalty
   97755        0.00095597        om     41494     41495                  0.03919495        41
   79600        0.00089180        op     27720     27721                  0.05796698        65
   79601        0.00089180        om     27720     27721                  0.05796698        65
  101498        0.00089115        op     44517     44519                  0.03653702        41
    1004       -0.00087323      a_ia      1004                           -0.00523937         6
   97758        0.00086668        op     41494     41496                  0.03553398        41
   41494        0.00085360    a_iajb     41494                            0.03499740        41
   97759        0.00084051        om     41494     41496                  0.03446082        41
  100072        0.00082013        op     43416     43417                  0.08119301        99
  100073        0.00082013        om     43416     43417                  0.08119301        99

  ==> Add operator: mvp3 -1: 41494 41495 41496
  ==> Current qubit order: 0  1  2  3  4  5  6  7  8  9  12  13  14  15  16  17  18  19  20  21  22  23  32  33  34  24  44  45  11  10  25  27  31  28  36  26  38  30  37  29  39  35  40  41  42  43  46  47  48  49  50  51  52  53  54  55  56  57  58  59  60  61  62  63  64  65  66  67  68  69  70  71  


  ==> Energy                -172.507276981
  ==> dE                       -1.34e-03
  ==> Gradient Norm             2.65e+00
  ==> Abs. Max. Deriv.          1.02e-01
  ==> Time-Grad. (s)               1.903
  ==> Time-Energy (s)              0.332
  ==> Time-Iter. (s)               2.234

--------------------------------------------------------------------------------
CEO-ADAPT-VQE iteration: 38
--------------------------------------------------------------------------------
    gate        derivative      name       op1       op2       op3        g_unscaled   penalty
  101498        0.00089453        op     44517     44519                  0.03667589        41
   79600        0.00089182        op     27720     27721                  0.05796831        65
   79601        0.00089182        om     27720     27721                  0.05796831        65
  100072        0.00082439        op     43416     43417                  0.08161459        99
  100073        0.00082439        om     43416     43417                  0.08161459        99
  101495        0.00080970        om     44517     44518                  0.03319781        41
   44517        0.00080056    a_iajb     44517                            0.03282277        41
    1004       -0.00079312      a_ia      1004                           -0.00475874         6
  101494        0.00079141        op     44517     44518                  0.03244773        41
   99906       -0.00077267        op     43250     43251                 -0.06876776        89

  ==> Add operator: mvp3 -1: 44517 44518 44519
  ==> Current qubit order: 0  1  2  3  4  5  6  7  8  9  12  13  14  15  16  17  18  19  20  21  22  23  32  33  34  24  44  45  11  10  25  27  31  28  36  26  38  30  37  29  39  35  40  41  42  43  46  47  48  49  50  51  52  53  54  55  56  57  58  59  60  61  62  63  64  65  66  67  68  69  70  71  


  ==> Energy                -172.507880953
  ==> dE                       -6.04e-04
  ==> Gradient Norm             2.64e+00
  ==> Abs. Max. Deriv.          1.02e-01
  ==> Time-Grad. (s)               1.826
  ==> Time-Energy (s)              0.129
  ==> Time-Iter. (s)               1.955

--------------------------------------------------------------------------------
CEO-ADAPT-VQE iteration: 39
--------------------------------------------------------------------------------
    gate        derivative      name       op1       op2       op3        g_unscaled   penalty
   79600        0.00089182        op     27720     27721                  0.05796831        65
   79601        0.00089182        om     27720     27721                  0.05796831        65
  100072        0.00082641        op     43416     43417                  0.08181489        99
  100073        0.00082641        om     43416     43417                  0.08181489        99
     972       -0.00079088      a_ia       972                           -0.00790875        10
    1004       -0.00078449      a_ia      1004                           -0.00470693         6
   99906       -0.00077219        op     43250     43251                 -0.06872528        89
   43250       -0.00073100    a_iajb     43250                           -0.06505894        89
   99883       -0.00072555        om     43226     43227                 -0.06892687        95
   27720        0.00071566    a_iajb     27720                            0.05796831        81

  ==> Add operator: op -1: 27720 27721
  ==> Current qubit order: 0  1  2  3  4  5  6  7  8  9  12  13  14  15  18  19  20  21  16  17  44  45  22  23  32  33  34  24  11  10  25  27  31  28  36  26  38  30  37  29  39  35  40  41  42  43  46  47  48  49  50  51  52  53  54  55  56  57  58  59  60  61  62  63  64  65  66  67  68  69  70  71  


  ==> Energy                -172.508313140
  ==> dE                       -4.32e-04
  ==> Gradient Norm             2.64e+00
  ==> Abs. Max. Deriv.          1.02e-01
  ==> Time-Grad. (s)               1.914
  ==> Time-Energy (s)              0.047
  ==> Time-Iter. (s)               1.961

--------------------------------------------------------------------------------
CEO-ADAPT-VQE iteration: 40
--------------------------------------------------------------------------------
    gate        derivative      name       op1       op2       op3        g_unscaled   penalty
     544       -0.00186468      a_ia       544                           -0.00745871         4
     517       -0.00183836      a_ia       517                           -0.00735344         4
     670        0.00123316      a_ia       670                            0.00493263         4
     694        0.00120846      a_ia       694                            0.00483386         4
  100072        0.00082641        op     43416     43417                  0.08181489        99
  100073        0.00082641        om     43416     43417                  0.08181489        99
     972       -0.00079087      a_ia       972                           -0.00790875        10
    1004       -0.00078451      a_ia      1004                           -0.00470708         6
   99906       -0.00077220        op     43250     43251                 -0.06872599        89
     646        0.00074438      a_ia       646                            0.00595506         8

  ==> Add operator: a_ia 544
  ==> Current qubit order: 0  1  2  3  4  5  6  7  8  9  12  13  14  15  18  19  20  21  16  44  17  45  22  23  32  33  34  24  11  10  25  27  31  28  36  26  38  30  37  29  39  35  40  41  42  43  46  47  48  49  50  51  52  53  54  55  56  57  58  59  60  61  62  63  64  65  66  67  68  69  70  71  


  ==> Energy                -172.508328756
  ==> dE                       -1.56e-05
  ==> Gradient Norm             2.64e+00
  ==> Abs. Max. Deriv.          1.02e-01
  ==> Time-Grad. (s)               1.843
  ==> Time-Energy (s)              0.063
  ==> Time-Iter. (s)               1.906

--------------------------------------------------------------------------------
CEO-ADAPT-VQE iteration: 41
--------------------------------------------------------------------------------
    gate        derivative      name       op1       op2       op3        g_unscaled   penalty
     517       -0.00343408      a_ia       517                           -0.00686815         2
     694        0.00108100      a_ia       694                            0.00432399         4
     621        0.00098173      a_ia       621                            0.00589035         6
  100072        0.00082641        op     43416     43417                  0.08181489        99
  100073        0.00082641        om     43416     43417                  0.08181489        99
     670        0.00081908      a_ia       670                            0.00491447         6
     972       -0.00079094      a_ia       972                           -0.00790943        10
    1004       -0.00078459      a_ia      1004                           -0.00470755         6
   99906       -0.00077220        op     43250     43251                 -0.06872547        89
   43250       -0.00073100    a_iajb     43250                           -0.06505911        89

  ==> Add operator: a_ia 517
  ==> Current qubit order: 0  1  2  3  4  5  6  7  8  9  12  13  14  15  18  19  20  21  16  44  17  45  22  23  32  33  34  24  11  10  25  27  31  28  36  26  38  30  37  29  39  35  40  41  42  43  46  47  48  49  50  51  52  53  54  55  56  57  58  59  60  61  62  63  64  65  66  67  68  69  70  71  


  ==> Energy                -172.508362852
  ==> dE                       -3.41e-05
  ==> Gradient Norm             2.64e+00
  ==> Abs. Max. Deriv.          1.02e-01
  ==> Time-Grad. (s)               2.184
  ==> Time-Energy (s)              0.177
  ==> Time-Iter. (s)               2.361

--------------------------------------------------------------------------------
CEO-ADAPT-VQE iteration: 42
--------------------------------------------------------------------------------
    gate        derivative      name       op1       op2       op3        g_unscaled   penalty
     694        0.00109900      a_ia       694                            0.00439598         4
     621        0.00094375      a_ia       621                            0.00566251         6
  100072        0.00082176        op     43416     43417                  0.08135466        99
  100073        0.00082176        om     43416     43417                  0.08135466        99
    1004       -0.00079961      a_ia      1004                           -0.00479763         6
     972       -0.00078547      a_ia       972                           -0.00785472        10
   99906       -0.00077181        op     43250     43251                 -0.06869082        89
     670        0.00074898      a_ia       670                            0.00449390         6
   43250       -0.00073117    a_iajb     43250                           -0.06507446        89
   99883       -0.00072529        om     43226     43227                 -0.06890249        95

  ==> Add operator: a_ia 694
  ==> Current qubit order: 0  1  2  3  4  5  6  7  8  9  12  13  14  15  18  19  20  21  16  44  17  22  45  23  32  33  34  24  11  10  25  27  31  28  36  26  38  30  37  29  39  35  40  41  42  43  46  47  48  49  50  51  52  53  54  55  56  57  58  59  60  61  62  63  64  65  66  67  68  69  70  71  


  ==> Energy                -172.508368293
  ==> dE                       -5.44e-06
  ==> Gradient Norm             2.64e+00
  ==> Abs. Max. Deriv.          1.02e-01
  ==> Time-Grad. (s)               2.199
  ==> Time-Energy (s)              0.087
  ==> Time-Iter. (s)               2.286

--------------------------------------------------------------------------------
CEO-ADAPT-VQE iteration: 43
--------------------------------------------------------------------------------
    gate        derivative      name       op1       op2       op3        g_unscaled   penalty
     670        0.00111066      a_ia       670                            0.00444263         4
     621        0.00093910      a_ia       621                            0.00563459         6
  100072        0.00082176        op     43416     43417                  0.08135466        99
  100073        0.00082176        om     43416     43417                  0.08135466        99
    1004       -0.00079959      a_ia      1004                           -0.00479754         6
     972       -0.00078548      a_ia       972                           -0.00785483        10
   99906       -0.00077178        op     43250     43251                 -0.06868842        89
   43250       -0.00073115    a_iajb     43250                           -0.06507255        89
   99883       -0.00072528        om     43226     43227                 -0.06890179        95
   43416        0.00070743    a_iajb     43416                            0.08135466       115

  ==> Add operator: a_ia 670
  ==> Current qubit order: 0  1  2  3  4  5  6  7  8  9  12  13  14  15  18  19  20  21  16  17  44  22  45  23  32  33  34  24  11  10  25  27  31  28  36  26  38  30  37  29  39  35  40  41  42  43  46  47  48  49  50  51  52  53  54  55  56  57  58  59  60  61  62  63  64  65  66  67  68  69  70  71  


  ==> Energy                -172.508373847
  ==> dE                       -5.55e-06
  ==> Gradient Norm             2.64e+00
  ==> Abs. Max. Deriv.          1.02e-01
  ==> Time-Grad. (s)               2.523
  ==> Time-Energy (s)              0.113
  ==> Time-Iter. (s)               2.636

--------------------------------------------------------------------------------
CEO-ADAPT-VQE iteration: 44
--------------------------------------------------------------------------------
    gate        derivative      name       op1       op2       op3        g_unscaled   penalty
  100072        0.00082176        op     43416     43417                  0.08135466        99
  100073        0.00082176        om     43416     43417                  0.08135466        99
    1004       -0.00079957      a_ia      1004                           -0.00479741         6
     972       -0.00078549      a_ia       972                           -0.00785490        10
   99906       -0.00077177        op     43250     43251                 -0.06868775        89
   43250       -0.00073115    a_iajb     43250                           -0.06507218        89
     621        0.00072996      a_ia       621                            0.00583965         8
   99883       -0.00072526        om     43226     43227                 -0.06889935        95
   43416        0.00070743    a_iajb     43416                            0.08135466       115
   99907       -0.00069052        om     43250     43251                 -0.06145661        89

  ==> Add operator: op -1: 43416 43417
  ==> Current qubit order: 0  1  2  3  4  5  6  7  8  9  12  13  14  15  18  19  20  21  16  17  44  22  45  23  32  33  34  24  11  10  25  27  31  36  26  38  30  37  39  35  40  41  42  43  28  29  56  57  46  47  48  49  50  51  52  53  54  55  58  59  60  61  62  63  64  65  66  67  68  69  70  71  


  ==> Energy                -172.509047692
  ==> dE                       -6.74e-04
  ==> Gradient Norm             2.64e+00
  ==> Abs. Max. Deriv.          1.02e-01
  ==> Time-Grad. (s)               2.698
  ==> Time-Energy (s)              0.137
  ==> Time-Iter. (s)               2.835

--------------------------------------------------------------------------------
CEO-ADAPT-VQE iteration: 45
--------------------------------------------------------------------------------
    gate        derivative      name       op1       op2       op3        g_unscaled   penalty
     811       -0.00338793      a_ia       811                           -0.01355171         4
     832       -0.00314216      a_ia       832                           -0.01256863         4
  101040        0.00114571        op     44171     44172                  0.04697397        41
  101041        0.00114571        om     44171     44172                  0.04697397        41
   99906       -0.00109415        op     43250     43251                 -0.06893137        63
   43250       -0.00103786    a_iajb     43250                           -0.06538513        63
   99883       -0.00103234        om     43226     43227                 -0.06916646        67
   43226       -0.00098241    a_iajb     43226                           -0.06582139        67
   99907       -0.00098157        om     43250     43251                 -0.06183888        63
     972       -0.00097991      a_ia       972                           -0.00783924         8

  ==> Add operator: a_ia 811
  ==> Current qubit order: 0  1  2  3  4  5  6  7  8  9  12  13  14  15  18  19  20  21  16  17  44  22  45  23  32  33  34  24  11  10  25  27  31  36  26  38  30  37  39  35  40  41  42  43  29  28  56  57  46  47  48  49  50  51  52  53  54  55  58  59  60  61  62  63  64  65  66  67  68  69  70  71  


  ==> Energy                -172.509086304
  ==> dE                       -3.86e-05
  ==> Gradient Norm             2.63e+00
  ==> Abs. Max. Deriv.          1.02e-01
  ==> Time-Grad. (s)               3.703
  ==> Time-Energy (s)              0.247
  ==> Time-Iter. (s)               3.950

--------------------------------------------------------------------------------
CEO-ADAPT-VQE iteration: 46
--------------------------------------------------------------------------------
    gate        derivative      name       op1       op2       op3        g_unscaled   penalty
     832       -0.00193266      a_ia       832                           -0.01159598         6
   99883       -0.00118061        om     43226     43227                 -0.06965610        59
   99906       -0.00118040        op     43250     43251                 -0.06964353        59
   43226       -0.00112412    a_iajb     43226                           -0.06632308        59
   43250       -0.00112349    a_iajb     43250                           -0.06628577        59
   99882       -0.00106763        op     43226     43227                 -0.06299005        59
   99907       -0.00106658        om     43250     43251                 -0.06292801        59
     972       -0.00098136      a_ia       972                           -0.00785090         8
     825       -0.00090986      a_ia       825                           -0.00181972         2
    1012        0.00086046      a_ia      1012                            0.01548830        18

  ==> Add operator: a_ia 832
  ==> Current qubit order: 0  1  2  3  4  5  6  7  8  9  12  13  14  15  18  19  20  21  16  17  44  22  45  23  32  33  34  24  11  10  25  27  31  36  26  38  30  37  39  35  40  41  42  43  28  56  29  57  46  47  48  49  50  51  52  53  54  55  58  59  60  61  62  63  64  65  66  67  68  69  70  71  


  ==> Energy                -172.509122988
  ==> dE                       -3.67e-05
  ==> Gradient Norm             2.63e+00
  ==> Abs. Max. Deriv.          1.02e-01
  ==> Time-Grad. (s)               7.228
  ==> Time-Energy (s)              0.824
  ==> Time-Iter. (s)               8.052

--------------------------------------------------------------------------------
CEO-ADAPT-VQE iteration: 47
--------------------------------------------------------------------------------
    gate        derivative      name       op1       op2       op3        g_unscaled   penalty
   99906       -0.00098778        op     43250     43251                 -0.07013215        71
     972       -0.00098195      a_ia       972                           -0.00785564         8
   99883       -0.00096374        om     43226     43227                 -0.07035338        73
   43250       -0.00094054    a_iajb     43250                           -0.06677843        71
   43226       -0.00092052    a_iajb     43226                           -0.06719799        73
   99907       -0.00089331        om     43250     43251                 -0.06342472        71
   99882       -0.00087730        op     43226     43227                 -0.06404260        73
   99972        0.00086134        op     43316     43317                  0.02670146        31
   99973        0.00086134        om     43316     43317                  0.02670146        31
    1012        0.00085259      a_ia      1012                            0.01534669        18

  ==> Add operator: mvp2 -1: 43250 43251
  ==> Current qubit order: 0  1  2  3  4  5  6  7  8  9  12  13  14  15  18  19  20  21  16  17  44  22  45  23  32  33  34  24  11  10  25  27  31  36  26  38  30  37  35  40  41  39  28  56  29  42  43  57  46  47  48  49  50  51  52  53  54  55  58  59  60  61  62  63  64  65  66  67  68  69  70  71  


  ==> Energy                -172.510014575
  ==> dE                       -8.92e-04
  ==> Gradient Norm             2.63e+00
  ==> Abs. Max. Deriv.          1.02e-01
  ==> Time-Grad. (s)               8.002
  ==> Time-Energy (s)              0.799
  ==> Time-Iter. (s)               8.801

--------------------------------------------------------------------------------
CEO-ADAPT-VQE iteration: 48
--------------------------------------------------------------------------------
    gate        derivative      name       op1       op2       op3        g_unscaled   penalty
    1004       -0.00250689      a_ia      1004                           -0.00501378         2
    1012        0.00135019      a_ia      1012                            0.01620226        12
     972       -0.00131902      a_ia       972                           -0.00791413         6
   99883       -0.00099189        om     43226     43227                 -0.06844022        69
   43226       -0.00095086    a_iajb     43226                           -0.06560929        69
   99882       -0.00090983        op     43226     43227                 -0.06277835        69
  100335       -0.00075856        om     43594     43595                 -0.04930653        65
   43594       -0.00075716    a_iajb     43594                           -0.04921532        65
  100334       -0.00075576        op     43594     43595                 -0.04912412        65
     780       -0.00073587      a_ia       780                           -0.00883041        12

  ==> Add operator: a_ia 1004
  ==> Current qubit order: 0  1  2  3  4  5  6  7  8  9  12  13  14  15  18  19  20  21  16  17  44  22  45  23  32  33  34  24  11  10  25  27  31  36  26  38  30  37  35  40  41  39  28  56  29  42  43  57  46  47  48  49  50  51  52  53  54  55  58  59  60  61  62  63  64  65  66  67  68  69  70  71  


  ==> Energy                -172.510244097
  ==> dE                       -2.30e-04
  ==> Gradient Norm             2.63e+00
  ==> Abs. Max. Deriv.          1.02e-01
  ==> Time-Grad. (s)              10.404
  ==> Time-Energy (s)              0.655
  ==> Time-Iter. (s)              11.060

--------------------------------------------------------------------------------
CEO-ADAPT-VQE iteration: 49
--------------------------------------------------------------------------------
    gate        derivative      name       op1       op2       op3        g_unscaled   penalty
    1012        0.00134722      a_ia      1012                            0.01616658        12
     972       -0.00120114      a_ia       972                           -0.00720684         6
   99883       -0.00099321        om     43226     43227                 -0.06853162        69
   43226       -0.00095263    a_iajb     43226                           -0.06573181        69
   99882       -0.00091206        op     43226     43227                 -0.06293201        69
  100335       -0.00075785        om     43594     43595                 -0.04926016        65
   43594       -0.00075596    a_iajb     43594                           -0.04913750        65
  100334       -0.00075407        op     43594     43595                 -0.04901484        65
     780       -0.00073402      a_ia       780                           -0.00880826        12
     621        0.00073382      a_ia       621                            0.00587057         8

  ==> Add operator: a_ia 1012
  ==> Current qubit order: 0  1  2  3  4  5  6  7  8  9  12  13  14  15  18  19  20  21  16  17  44  22  45  23  32  33  34  24  11  10  25  27  31  36  26  38  30  37  35  40  41  28  56  29  42  43  39  57  46  47  48  49  50  51  52  53  54  55  58  59  60  61  62  63  64  65  66  67  68  69  70  71  


  ==> Energy                -172.511892886
  ==> dE                       -1.65e-03
  ==> Gradient Norm             2.63e+00
  ==> Abs. Max. Deriv.          1.02e-01
  ==> Time-Grad. (s)              17.061
  ==> Time-Energy (s)              0.894
  ==> Time-Iter. (s)              17.955

--------------------------------------------------------------------------------
CEO-ADAPT-VQE iteration: 50
--------------------------------------------------------------------------------
    gate        derivative      name       op1       op2       op3        g_unscaled   penalty
     972       -0.00122603      a_ia       972                           -0.00735620         6
     936        0.00096076      a_ia       936                            0.00192153         2
     823        0.00089750      a_ia       823                            0.00538499         6
     996        0.00080213      a_ia       996                            0.01122987        14
     780       -0.00077361      a_ia       780                           -0.00928335        12
  101040        0.00077297        op     44171     44172                  0.05024296        65
   44171        0.00076040    a_iajb     44171                            0.04942573        65
  101041        0.00074782        om     44171     44172                  0.04860851        65
     621        0.00073499      a_ia       621                            0.00587992         8
   60824        0.00068731        op     13615     13616                  0.05842160        85

  ==> Add operator: a_ia 972
  ==> Current qubit order: 0  1  2  3  4  5  6  7  8  9  12  13  14  15  18  19  20  21  16  17  44  22  45  23  32  33  34  24  11  10  25  27  31  36  26  38  30  35  40  37  41  28  56  29  42  43  39  57  46  47  48  49  50  51  52  53  54  55  58  59  60  61  62  63  64  65  66  67  68  69  70  71  


  ==> Energy                -172.512609988
  ==> dE                       -7.17e-04
  ==> Gradient Norm             2.62e+00
  ==> Abs. Max. Deriv.          1.02e-01
  ==> Time-Grad. (s)              21.163
  ==> Time-Energy (s)              1.123
  ==> Time-Iter. (s)              22.285

--------------------------------------------------------------------------------
CEO-ADAPT-VQE iteration: 51
--------------------------------------------------------------------------------
    gate        derivative      name       op1       op2       op3        g_unscaled   penalty
     823        0.00090933      a_ia       823                            0.00545599         6
     996        0.00082110      a_ia       996                            0.01149537        14
     844        0.00079104      a_ia       844                            0.00316415         4
  101040        0.00077144        op     44171     44172                  0.05014373        65
   44171        0.00075865    a_iajb     44171                            0.04931219        65
  101041        0.00074586        om     44171     44172                  0.04848065        65
     621        0.00073646      a_ia       621                            0.00589168         8
     988       -0.00072364      a_ia       988                           -0.00434185         6
     955       -0.00071815      a_ia       955                           -0.00718146        10
   60824        0.00068733        op     13615     13616                  0.05842298        85

  ==> Add operator: a_ia 823
  ==> Current qubit order: 0  1  2  3  4  5  6  7  8  9  12  13  14  15  18  19  20  21  16  17  44  22  45  23  32  33  34  24  11  10  25  27  31  36  26  38  30  35  40  37  41  28  56  42  43  29  39  57  46  47  48  49  50  51  52  53  54  55  58  59  60  61  62  63  64  65  66  67  68  69  70  71  


  ==> Energy                -172.512809052
  ==> dE                       -1.99e-04
  ==> Gradient Norm             2.62e+00
  ==> Abs. Max. Deriv.          1.02e-01
  ==> Time-Grad. (s)              27.368
  ==> Time-Energy (s)              6.454
  ==> Time-Iter. (s)              33.822

--------------------------------------------------------------------------------
CEO-ADAPT-VQE iteration: 52
--------------------------------------------------------------------------------
    gate        derivative      name       op1       op2       op3        g_unscaled   penalty
     996        0.00082342      a_ia       996                            0.01152794        14
     988       -0.00076908      a_ia       988                           -0.00461451         6
     844        0.00076187      a_ia       844                            0.00304747         4
     621        0.00073748      a_ia       621                            0.00589988         8
     955       -0.00072030      a_ia       955                           -0.00720295        10
   60824        0.00068708        op     13615     13616                  0.05840206        85
   65089        0.00068647        om     16859     16860                  0.05835026        85
   13615        0.00068638    a_iajb     13615                            0.05834228        85
   16859        0.00068578    a_iajb     16859                            0.05829126        85
   60825        0.00068568        om     13615     13616                  0.05828250        85

  ==> Add operator: a_ia 996
  ==> Current qubit order: 0  1  2  3  4  5  6  7  8  9  12  13  14  15  18  19  20  21  16  17  44  22  45  23  32  33  34  24  11  10  25  27  31  36  26  30  35  40  37  41  28  38  56  42  43  29  39  57  46  47  48  49  50  51  52  53  54  55  58  59  60  61  62  63  64  65  66  67  68  69  70  71  


  ==> Energy                -172.513550122
  ==> dE                       -7.41e-04
  ==> Gradient Norm             2.62e+00
  ==> Abs. Max. Deriv.          1.02e-01
  ==> Time-Grad. (s)              27.364
  ==> Time-Energy (s)              1.499
  ==> Time-Iter. (s)              28.863

--------------------------------------------------------------------------------
CEO-ADAPT-VQE iteration: 53
--------------------------------------------------------------------------------
    gate        derivative      name       op1       op2       op3        g_unscaled   penalty
     802        0.00154448      a_ia       802                            0.00308895         2
     955       -0.00090706      a_ia       955                           -0.00725650         8
     844        0.00080077      a_ia       844                            0.00320310         4
     780       -0.00074733      a_ia       780                           -0.01046256        14
     811        0.00074002      a_ia       811                            0.00296010         4
     621        0.00073723      a_ia       621                            0.00589785         8
   60824        0.00068704        op     13615     13616                  0.05839826        85
   65089        0.00068644        om     16859     16860                  0.05834734        85
   13615        0.00068634    a_iajb     13615                            0.05833849        85
   16859        0.00068574    a_iajb     16859                            0.05828818        85

  ==> Add operator: a_ia 802
  ==> Current qubit order: 0  1  2  3  4  5  6  7  8  9  12  13  14  15  18  19  20  21  16  17  44  22  45  23  32  33  34  24  11  10  25  27  31  36  26  30  35  40  37  41  28  38  56  42  43  29  39  57  46  47  48  49  50  51  52  53  54  55  58  59  60  61  62  63  64  65  66  67  68  69  70  71  


  ==> Energy                -172.513555360
  ==> dE                       -5.24e-06
  ==> Gradient Norm             2.61e+00
  ==> Abs. Max. Deriv.          1.02e-01
  ==> Time-Grad. (s)              37.207
  ==> Time-Energy (s)              1.710
  ==> Time-Iter. (s)              38.916

--------------------------------------------------------------------------------
CEO-ADAPT-VQE iteration: 54
--------------------------------------------------------------------------------
    gate        derivative      name       op1       op2       op3        g_unscaled   penalty
     955       -0.00090759      a_ia       955                           -0.00726071         8
     844        0.00081835      a_ia       844                            0.00327338         4
     780       -0.00079035      a_ia       780                           -0.01106484        14
     621        0.00073498      a_ia       621                            0.00587980         8
     811        0.00071757      a_ia       811                            0.00287029         4
   60824        0.00068703        op     13615     13616                  0.05839787        85
   65089        0.00068644        om     16859     16860                  0.05834761        85
   13615        0.00068633    a_iajb     13615                            0.05833818        85
   16859        0.00068575    a_iajb     16859                            0.05828854        85
   60825        0.00068563        om     13615     13616                  0.05827850        85

  ==> Add operator: a_ia 955
  ==> Current qubit order: 0  1  2  3  4  5  6  7  8  9  12  13  14  15  18  19  20  21  16  17  44  22  45  23  32  33  34  24  11  10  25  27  31  26  30  35  36  40  37  41  28  38  56  42  43  29  39  57  46  47  48  49  50  51  52  53  54  55  58  59  60  61  62  63  64  65  66  67  68  69  70  71  


  ==> Energy                -172.514383693
  ==> dE                       -8.28e-04
  ==> Gradient Norm             2.61e+00
  ==> Abs. Max. Deriv.          1.02e-01
  ==> Time-Grad. (s)              37.059
  ==> Time-Energy (s)              2.566
  ==> Time-Iter. (s)              39.625

--------------------------------------------------------------------------------
CEO-ADAPT-VQE iteration: 55
--------------------------------------------------------------------------------
    gate        derivative      name       op1       op2       op3        g_unscaled   penalty
     780       -0.00080441      a_ia       780                           -0.01126176        14
     621        0.00073924      a_ia       621                            0.00591390         8
   60824        0.00068704        op     13615     13616                  0.05839822        85
   65089        0.00068647        om     16859     16860                  0.05834961        85
   13615        0.00068633    a_iajb     13615                            0.05833837        85
   16859        0.00068577    a_iajb     16859                            0.05829051        85
   60825        0.00068563        om     13615     13616                  0.05827853        85
   65088        0.00068508        op     16859     16860                  0.05823141        85
   99906        0.00067705        op     43250     43251                  0.03723755        55
   60278        0.00067660        op     13168     13169                  0.04533246        67

  ==> Add operator: a_ia 621
  ==> Current qubit order: 0  1  2  3  4  5  6  7  8  9  12  13  14  15  18  19  21  16  17  20  44  22  45  23  32  33  34  24  11  10  25  27  31  26  30  35  36  40  37  41  28  38  56  42  43  29  39  57  46  47  48  49  50  51  52  53  54  55  58  59  60  61  62  63  64  65  66  67  68  69  70  71  


  ==> Energy                -172.514393580
  ==> dE                       -9.89e-06
  ==> Gradient Norm             2.61e+00
  ==> Abs. Max. Deriv.          1.02e-01
  ==> Time-Grad. (s)              56.980
  ==> Time-Energy (s)              3.223
  ==> Time-Iter. (s)              60.203

--------------------------------------------------------------------------------
CEO-ADAPT-VQE iteration: 56
--------------------------------------------------------------------------------
    gate        derivative      name       op1       op2       op3        g_unscaled   penalty
     780       -0.00080673      a_ia       780                           -0.01129427        14
   60824        0.00068713        op     13615     13616                  0.05840637        85
   13615        0.00068643    a_iajb     13615                            0.05834667        85
   65089        0.00068623        om     16859     16860                  0.05832914        85
   60825        0.00068573        om     13615     13616                  0.05828698        85
   16859        0.00068553    a_iajb     16859                            0.05827023        85
   65088        0.00068484        op     16859     16860                  0.05821133        85
   99906        0.00067707        op     43250     43251                  0.03723894        55
   60278        0.00067643        op     13168     13169                  0.04532071        67
   60279        0.00067643        om     13168     13169                  0.04532071        67

  ==> Add operator: op -1: 13615 13616
  ==> Current qubit order: 0  1  2  3  4  5  6  7  9  12  13  14  15  18  19  21  16  17  20  8  44  45  11  22  23  32  33  34  24  10  25  27  31  26  30  35  36  40  37  41  28  38  56  42  43  29  39  57  46  47  48  49  50  51  52  53  54  55  58  59  60  61  62  63  64  65  66  67  68  69  70  71  


  ==> Energy                -172.514790027
  ==> dE                       -3.96e-04
  ==> Gradient Norm             2.61e+00
  ==> Abs. Max. Deriv.          1.02e-01
  ==> Time-Grad. (s)              55.996
  ==> Time-Energy (s)              3.461
  ==> Time-Iter. (s)              59.458

--------------------------------------------------------------------------------
CEO-ADAPT-VQE iteration: 57
--------------------------------------------------------------------------------
    gate        derivative      name       op1       op2       op3        g_unscaled   penalty
     285        0.00274416      a_ia       285                            0.00548831         2
     780       -0.00080618      a_ia       780                           -0.01128658        14
   99906        0.00067708        op     43250     43251                  0.03723921        55
   65089        0.00067373        om     16859     16860                  0.05726699        85
   16859        0.00067304    a_iajb     16859                            0.05720807        85
   65088        0.00067234        op     16859     16860                  0.05714915        85
   45700        0.00066537        op      1386      1387                  0.06454121        97
   45701        0.00066537        om      1386      1387                  0.06454121        97
   60279        0.00065077        om     13168     13169                  0.04750644        73
   13168        0.00065076    a_iajb     13168                            0.04750564        73

  ==> Add operator: a_ia 285
  ==> Current qubit order: 0  1  2  3  4  5  6  7  9  12  13  14  15  18  19  21  16  17  20  8  44  45  11  22  23  32  33  34  24  10  25  27  31  26  30  35  36  40  37  41  28  38  56  42  43  29  39  57  46  47  48  49  50  51  52  53  54  55  58  59  60  61  62  63  64  65  66  67  68  69  70  71  


  ==> Energy                -172.515328611
  ==> dE                       -5.39e-04
  ==> Gradient Norm             2.61e+00
  ==> Abs. Max. Deriv.          1.02e-01
  ==> Time-Grad. (s)              55.058
  ==> Time-Energy (s)             24.325
  ==> Time-Iter. (s)              79.382

--------------------------------------------------------------------------------
CEO-ADAPT-VQE iteration: 58
--------------------------------------------------------------------------------
    gate        derivative      name       op1       op2       op3        g_unscaled   penalty
     780       -0.00089533      a_ia       780                           -0.01253463        14
   65089        0.00067463        om     16859     16860                  0.05734396        85
   16859        0.00067393    a_iajb     16859                            0.05728439        85
   65088        0.00067323        op     16859     16860                  0.05722482        85
   45700        0.00066545        op      1386      1387                  0.06454877        97
   45701        0.00066545        om      1386      1387                  0.06454877        97
   60279        0.00064866        om     13168     13169                  0.04735195        73
   13168        0.00064834    a_iajb     13168                            0.04732912        73
   60278        0.00064803        op     13168     13169                  0.04730628        73
   99972        0.00064126        op     43316     43317                  0.02629186        41

  ==> Add operator: om -1: 16859 16860
  ==> Current qubit order: 0  1  2  3  4  5  6  7  12  13  14  15  18  19  21  16  17  20  8  9  44  45  10  11  22  23  32  33  34  24  25  27  31  26  30  35  36  40  37  41  28  38  56  42  43  29  39  57  46  47  48  49  50  51  52  53  54  55  58  59  60  61  62  63  64  65  66  67  68  69  70  71  


  ==> Energy                -172.515710779
  ==> dE                       -3.82e-04
  ==> Gradient Norm             2.60e+00
  ==> Abs. Max. Deriv.          1.02e-01
  ==> Time-Grad. (s)              55.064
  ==> Time-Energy (s)              3.394
  ==> Time-Iter. (s)              58.458

--------------------------------------------------------------------------------
CEO-ADAPT-VQE iteration: 59
--------------------------------------------------------------------------------
    gate        derivative      name       op1       op2       op3        g_unscaled   penalty
     316        0.00129400      a_ia       316                            0.00517601         4
   60279        0.00120710        om     13168     13169                  0.04949116        41
   13168        0.00120672    a_iajb     13168                            0.04947532        41
   60278        0.00120633        op     13168     13169                  0.04945947        41
     780       -0.00089452      a_ia       780                           -0.01252323        14
   60228        0.00074830        op     13118     13119                  0.08755123       117
   60229        0.00074830        om     13118     13119                  0.08755123       117
     757        0.00070686      a_ia       757                            0.00706864        10
   45700        0.00066073        op      1386      1387                  0.06409085        97
   45701        0.00066073        om      1386      1387                  0.06409085        97

  ==> Add operator: a_ia 316
  ==> Current qubit order: 0  1  2  3  4  5  6  7  12  13  14  15  18  19  21  16  17  20  8  44  9  45  10  11  22  23  32  33  34  24  25  27  31  26  30  35  36  40  37  41  28  38  56  42  43  29  39  57  46  47  48  49  50  51  52  53  54  55  58  59  60  61  62  63  64  65  66  67  68  69  70  71  


  ==> Energy                -172.515717208
  ==> dE                       -6.43e-06
  ==> Gradient Norm             2.60e+00
  ==> Abs. Max. Deriv.          1.02e-01
  ==> Time-Grad. (s)              54.259
  ==> Time-Energy (s)              3.327
  ==> Time-Iter. (s)              57.585

--------------------------------------------------------------------------------
CEO-ADAPT-VQE iteration: 60
--------------------------------------------------------------------------------
    gate        derivative      name       op1       op2       op3        g_unscaled   penalty
   60279        0.00120428        om     13168     13169                  0.04937537        41
   13168        0.00120426    a_iajb     13168                            0.04937462        41
   60278        0.00120424        op     13168     13169                  0.04937387        41
     780       -0.00089682      a_ia       780                           -0.01255546        14
   60228        0.00076123        op     13118     13119                  0.08754185       115
   60229        0.00076123        om     13118     13119                  0.08754185       115
     757        0.00070690      a_ia       757                            0.00706901        10
   45700        0.00067428        op      1386      1387                  0.06405643        95
   45701        0.00067428        om      1386      1387                  0.06405643        95
   13118        0.00066826    a_iajb     13118                            0.08754185       131

  ==> Add operator: om -1: 13168 13169
  ==> Current qubit order: 0  1  2  3  4  5  6  7  12  13  14  15  18  19  21  16  17  20  8  44  9  45  10  11  22  23  32  33  34  24  25  27  31  26  30  35  36  40  37  41  28  38  56  42  43  29  39  57  46  47  48  49  50  51  52  53  54  55  58  59  60  61  62  63  64  65  66  67  68  69  70  71  


  ==> Energy                -172.515982386
  ==> dE                       -2.65e-04
  ==> Gradient Norm             2.60e+00
  ==> Abs. Max. Deriv.          1.02e-01
  ==> Time-Grad. (s)              54.782
  ==> Time-Energy (s)              3.895
  ==> Time-Iter. (s)              58.677

--------------------------------------------------------------------------------
CEO-ADAPT-VQE iteration: 61
--------------------------------------------------------------------------------
    gate        derivative      name       op1       op2       op3        g_unscaled   penalty
     780       -0.00089635      a_ia       780                           -0.01254883        14
   60228        0.00075899        op     13118     13119                  0.08728356       115
   60229        0.00075899        om     13118     13119                  0.08728356       115
     757        0.00070690      a_ia       757                            0.00706897        10
   13118        0.00066629    a_iajb     13118                            0.08728356       131
   45700        0.00065323        op      1386      1387                  0.06205697        95
   45701        0.00065323        om      1386      1387                  0.06205697        95
     825       -0.00064239      a_ia       825                           -0.00128479         2
   99972        0.00064126        op     43316     43317                  0.02629186        41
   99973        0.00064126        om     43316     43317                  0.02629186        41

  ==> Add operator: op -1: 13118 13119
  ==> Current qubit order: 0  1  2  3  4  5  6  7  12  13  14  15  18  19  21  16  17  20  44  45  10  11  22  23  32  33  34  24  25  8  9  42  43  27  31  26  30  35  36  40  37  41  28  38  56  29  39  57  46  47  48  49  50  51  52  53  54  55  58  59  60  61  62  63  64  65  66  67  68  69  70  71  


  ==> Energy                -172.516954741
  ==> dE                       -9.72e-04
  ==> Gradient Norm             2.60e+00
  ==> Abs. Max. Deriv.          1.02e-01
  ==> Time-Grad. (s)              54.370
  ==> Time-Energy (s)              3.103
  ==> Time-Iter. (s)              57.472

--------------------------------------------------------------------------------
CEO-ADAPT-VQE iteration: 62
--------------------------------------------------------------------------------
    gate        derivative      name       op1       op2       op3        g_unscaled   penalty
     783       -0.00153221      a_ia       783                           -0.00306442         2
   88718        0.00096529        op     34738     34739                  0.05116034        53
   88719        0.00096529        om     34738     34739                  0.05116034        53
     780       -0.00089646      a_ia       780                           -0.01255043        14
   97066        0.00077388        op     40932     40933                  0.02708590        35
   97067        0.00077388        om     40932     40933                  0.02708590        35
   34738        0.00074145    a_iajb     34738                            0.05116034        69
   99972        0.00071059        op     43316     43317                  0.02629186        37
   99973        0.00071059        om     43316     43317                  0.02629186        37
   45700        0.00069739        op      1386      1387                  0.06206791        89

  ==> Tried operator a_ia 783: gain -3.14e-06 (threshold 3.2e-06), removed and excluded for this stage
  ==> Add operator: op -1: 34738 34739
  ==> Current qubit order: 0  1  2  3  4  5  6  7  12  13  14  15  18  19  21  16  17  20  44  45  10  11  32  33  34  22  23  42  43  24  25  8  9  27  31  26  30  35  36  40  37  41  28  38  56  29  39  57  46  47  48  49  50  51  52  53  54  55  58  59  60  61  62  63  64  65  66  67  68  69  70  71  


  ==> Energy                -172.517375086
  ==> dE                       -4.20e-04
  ==> Gradient Norm             2.59e+00
  ==> Abs. Max. Deriv.          1.02e-01
  ==> Time-Grad. (s)              41.954
  ==> Time-Energy (s)              7.385
  ==> Time-Iter. (s)              49.339

--------------------------------------------------------------------------------
CEO-ADAPT-VQE iteration: 63
--------------------------------------------------------------------------------
    gate        derivative      name       op1       op2       op3        g_unscaled   penalty
     307        0.00205657      a_ia       307                            0.00411314         2
     780       -0.00089640      a_ia       780                           -0.01254960        14
   91832        0.00082664        op     37096     37097                  0.02066600        25
   91833        0.00082664        om     37096     37097                  0.02066600        25
   60175        0.00077653        om     13064     13065                  0.05202772        67
   13064        0.00077653    a_iajb     13064                            0.05202767        67
   60174        0.00077653        op     13064     13065                  0.05202762        67
   99972        0.00071059        op     43316     43317                  0.02629186        37
   99973        0.00071059        om     43316     43317                  0.02629186        37
   45700        0.00069739        op      1386      1387                  0.06206760        89

  ==> Add operator: a_ia 307
  ==> Current qubit order: 0  1  2  3  4  5  6  7  12  13  14  15  18  19  21  16  17  20  44  45  10  11  32  33  34  22  23  42  43  24  25  8  9  27  31  26  30  35  36  40  37  41  28  38  56  29  39  57  46  47  48  49  50  51  52  53  54  55  58  59  60  61  62  63  64  65  66  67  68  69  70  71  


  ==> Energy                -172.517673977
  ==> dE                       -2.99e-04
  ==> Gradient Norm             2.59e+00
  ==> Abs. Max. Deriv.          1.02e-01
  ==> Time-Grad. (s)              36.465
  ==> Time-Energy (s)              8.070
  ==> Time-Iter. (s)              44.536

--------------------------------------------------------------------------------
CEO-ADAPT-VQE iteration: 64
--------------------------------------------------------------------------------
    gate        derivative      name       op1       op2       op3        g_unscaled   penalty
     780       -0.00091191      a_ia       780                           -0.01276669        14
   91832        0.00082766        op     37096     37097                  0.02069150        25
   91833        0.00082766        om     37096     37097                  0.02069150        25
   60174        0.00077838        op     13064     13065                  0.05215128        67
   13064        0.00077806    a_iajb     13064                            0.05212988        67
   60175        0.00077774        om     13064     13065                  0.05210847        67
   99972        0.00071046        op     43316     43317                  0.02628684        37
   99973        0.00071046        om     43316     43317                  0.02628684        37
   45700        0.00069836        op      1386      1387                  0.06215406        89
   45701        0.00069836        om      1386      1387                  0.06215406        89

  ==> Add operator: op -1: 37096 37097
  ==> Current qubit order: 0  1  2  3  4  5  6  7  12  13  14  15  18  19  21  16  17  20  44  45  10  11  32  33  34  22  23  42  43  24  25  8  9  27  31  26  30  35  36  40  37  41  28  38  56  29  39  57  46  47  48  49  50  51  52  53  54  55  58  59  60  61  62  63  64  65  66  67  68  69  70  71  


  ==> Energy                -172.517743722
  ==> dE                       -6.97e-05
  ==> Gradient Norm             2.59e+00
  ==> Abs. Max. Deriv.          1.02e-01
  ==> Time-Grad. (s)              37.610
  ==> Time-Energy (s)              2.678
  ==> Time-Iter. (s)              40.288

--------------------------------------------------------------------------------
CEO-ADAPT-VQE iteration: 65
--------------------------------------------------------------------------------
    gate        derivative      name       op1       op2       op3        g_unscaled   penalty
     780       -0.00091182      a_ia       780                           -0.01276543        14
   60174        0.00077837        op     13064     13065                  0.05215105        67
   13064        0.00077805    a_iajb     13064                            0.05212964        67
   60175        0.00077773        om     13064     13065                  0.05210824        67
   99972        0.00071046        op     43316     43317                  0.02628684        37
   99973        0.00071046        om     43316     43317                  0.02628684        37
   45700        0.00069836        op      1386      1387                  0.06215418        89
   45701        0.00069836        om      1386      1387                  0.06215418        89
   89974       -0.00066738        op     35694     35695                 -0.02869748        43
   89975       -0.00066738        om     35694     35695                 -0.02869748        43

  ==> Add operator: op -1: 13064 13065
  ==> Current qubit order: 0  1  2  3  4  5  6  7  12  13  14  15  18  19  21  16  17  20  44  45  10  11  32  33  34  22  23  42  43  24  25  27  31  26  30  8  9  40  41  35  36  37  28  38  56  29  39  57  46  47  48  49  50  51  52  53  54  55  58  59  60  61  62  63  64  65  66  67  68  69  70  71  


  ==> Energy                -172.518139292
  ==> dE                       -3.96e-04
  ==> Gradient Norm             2.59e+00
  ==> Abs. Max. Deriv.          1.02e-01
  ==> Time-Grad. (s)              36.256
  ==> Time-Energy (s)              3.813
  ==> Time-Iter. (s)              40.069

--------------------------------------------------------------------------------
CEO-ADAPT-VQE iteration: 66
--------------------------------------------------------------------------------
    gate        derivative      name       op1       op2       op3        g_unscaled   penalty
     276        0.00090615      a_ia       276                            0.00362460         4
   89974       -0.00073592        op     35694     35695                 -0.02870073        39
   89975       -0.00073592        om     35694     35695                 -0.02870073        39
   99972        0.00071047        op     43316     43317                  0.02628725        37
   99973        0.00071047        om     43316     43317                  0.02628725        37
   45700        0.00069851        op      1386      1387                  0.06216760        89
   45701        0.00069851        om      1386      1387                  0.06216760        89
   92408       -0.00069006        op     37537     37538                 -0.02829240        41
   92409       -0.00069006        om     37537     37538                 -0.02829240        41
   97066        0.00067492        op     40932     40933                  0.02632174        39

  ==> Add operator: a_ia 276
  ==> Current qubit order: 0  1  2  3  4  5  6  7  12  13  14  15  18  19  21  16  17  20  44  45  10  11  32  33  34  22  23  42  43  24  25  27  31  30  26  8  9  40  41  35  36  37  28  38  56  29  39  57  46  47  48  49  50  51  52  53  54  55  58  59  60  61  62  63  64  65  66  67  68  69  70  71  


  ==> Energy                -172.518383751
  ==> dE                       -2.44e-04
  ==> Gradient Norm             2.59e+00
  ==> Abs. Max. Deriv.          1.02e-01
  ==> Time-Grad. (s)              35.924
  ==> Time-Energy (s)              3.139
  ==> Time-Iter. (s)              39.063

--------------------------------------------------------------------------------
CEO-ADAPT-VQE iteration: 67
--------------------------------------------------------------------------------
    gate        derivative      name       op1       op2       op3        g_unscaled   penalty
   89974       -0.00073643        op     35694     35695                 -0.02872065        39
   89975       -0.00073643        om     35694     35695                 -0.02872065        39
   99972        0.00071046        op     43316     43317                  0.02628718        37
   99973        0.00071046        om     43316     43317                  0.02628718        37
   45700        0.00069883        op      1386      1387                  0.06219558        89
   45701        0.00069883        om      1386      1387                  0.06219558        89
   97066        0.00067956        op     40932     40933                  0.02514384        37
   97067        0.00067956        om     40932     40933                  0.02514384        37
   94566        0.00065512        op     39074     39075                  0.01637799        25
   94567        0.00065512        om     39074     39075                  0.01637799        25

  ==> Add operator: op -1: 35694 35695
  ==> Current qubit order: 0  1  2  3  4  5  6  7  12  13  14  15  18  19  21  16  17  20  44  45  10  11  32  33  34  23  22  42  43  27  24  25  31  30  26  8  9  40  41  35  36  37  28  38  56  29  39  57  46  47  48  49  50  51  52  53  54  55  58  59  60  61  62  63  64  65  66  67  68  69  70  71  


  ==> Energy                -172.518516663
  ==> dE                       -1.33e-04
  ==> Gradient Norm             2.59e+00
  ==> Abs. Max. Deriv.          1.02e-01
  ==> Time-Grad. (s)              38.396
  ==> Time-Energy (s)              4.630
  ==> Time-Iter. (s)              43.026

--------------------------------------------------------------------------------
CEO-ADAPT-VQE iteration: 68
--------------------------------------------------------------------------------
    gate        derivative      name       op1       op2       op3        g_unscaled   penalty
     783       -0.00152247      a_ia       783                           -0.00304493         2
   99972        0.00071046        op     43316     43317                  0.02628718        37
   99973        0.00071046        om     43316     43317                  0.02628718        37
   45700        0.00069883        op      1386      1387                  0.06219552        89
   45701        0.00069883        om      1386      1387                  0.06219552        89
   90580       -0.00065704        op     36129     36130                 -0.06504738        99
   60468        0.00063556        op     13358     13359                  0.07944557       125
   60469        0.00063556        om     13358     13359                  0.07944557       125
   92991       -0.00062925        om     37954     37955                 -0.06481288       103
   92408       -0.00062426        op     37537     37538                 -0.02809169        45

  ==> Add operator: op -1: 43316 43317
  ==> Current qubit order: 0  1  2  3  4  5  6  7  12  13  14  15  18  19  21  16  17  20  44  45  10  11  32  33  34  23  22  42  43  27  24  25  31  30  26  8  9  40  41  35  36  37  38  56  28  29  46  47  39  57  48  49  50  51  52  53  54  55  58  59  60  61  62  63  64  65  66  67  68  69  70  71  


  ==> Energy                -172.518609036
  ==> dE                       -9.24e-05
  ==> Gradient Norm             2.59e+00
  ==> Abs. Max. Deriv.          1.02e-01
  ==> Time-Grad. (s)              37.512
  ==> Time-Energy (s)              3.462
  ==> Time-Iter. (s)              40.974

--------------------------------------------------------------------------------
CEO-ADAPT-VQE iteration: 69
--------------------------------------------------------------------------------
    gate        derivative      name       op1       op2       op3        g_unscaled   penalty
     783       -0.00152143      a_ia       783                           -0.00304287         2
     975       -0.00074891      a_ia       975                           -0.00898687        12
   45700        0.00069883        op      1386      1387                  0.06219552        89
   45701        0.00069883        om      1386      1387                  0.06219552        89
   60468        0.00063556        op     13358     13359                  0.07944557       125
   60469        0.00063556        om     13358     13359                  0.07944557       125
     669       -0.00062521      a_ia       669                           -0.00125043         2
   92408       -0.00062426        op     37537     37538                 -0.02809175        45
   92409       -0.00062426        om     37537     37538                 -0.02809175        45
   73198        0.00061729        op     23010     23011                  0.03642033        59

  ==> Add operator: a_ia 975
  ==> Current qubit order: 0  1  2  3  4  5  6  7  12  13  14  15  18  19  21  16  17  20  44  45  10  11  32  33  34  23  22  42  43  27  24  25  31  30  26  8  9  40  41  35  36  38  56  28  29  46  37  47  39  57  48  49  50  51  52  53  54  55  58  59  60  61  62  63  64  65  66  67  68  69  70  71  


  ==> Energy                -172.519441134
  ==> dE                       -8.32e-04
  ==> Gradient Norm             2.59e+00
  ==> Abs. Max. Deriv.          1.02e-01
  ==> Time-Grad. (s)              36.868
  ==> Time-Energy (s)              3.292
  ==> Time-Iter. (s)              40.160

--------------------------------------------------------------------------------
CEO-ADAPT-VQE iteration: 70
--------------------------------------------------------------------------------
    gate        derivative      name       op1       op2       op3        g_unscaled   penalty
     783       -0.00138436      a_ia       783                           -0.00276871         2
     958       -0.00078318      a_ia       958                           -0.00783183        10
   45700        0.00069883        op      1386      1387                  0.06219551        89
   45701        0.00069883        om      1386      1387                  0.06219551        89
     669       -0.00064481      a_ia       669                           -0.00128962         2
   60468        0.00063558        op     13358     13359                  0.07944803       125
   60469        0.00063558        om     13358     13359                  0.07944803       125
     755        0.00062627      a_ia       755                            0.00125253         2
   92408       -0.00062426        op     37537     37538                 -0.02809153        45
   92409       -0.00062426        om     37537     37538                 -0.02809153        45

  ==> Add operator: a_ia 958
  ==> Current qubit order: 0  1  2  3  4  5  6  7  12  13  14  15  18  19  21  16  17  20  44  45  10  11  32  33  34  23  22  42  43  27  24  25  31  30  26  8  9  40  41  35  38  56  28  29  36  46  37  47  39  57  48  49  50  51  52  53  54  55  58  59  60  61  62  63  64  65  66  67  68  69  70  71  


  ==> Energy                -172.520267418
  ==> dE                       -8.26e-04
  ==> Gradient Norm             2.58e+00
  ==> Abs. Max. Deriv.          1.02e-01
  ==> Time-Grad. (s)              37.159
  ==> Time-Energy (s)             14.139
  ==> Time-Iter. (s)              51.298

--------------------------------------------------------------------------------
CEO-ADAPT-VQE iteration: 71
--------------------------------------------------------------------------------
    gate        derivative      name       op1       op2       op3        g_unscaled   penalty
     783       -0.00143372      a_ia       783                           -0.00286744         2
     755        0.00095496      a_ia       755                            0.00190992         2
   45700        0.00070002        op      1386      1387                  0.06230149        89
   45701        0.00070002        om      1386      1387                  0.06230149        89
     708        0.00065756      a_ia       708                            0.00526047         8
     760        0.00064644      a_ia       760                            0.00387862         6
   60468        0.00063551        op     13358     13359                  0.07943928       125
   60469        0.00063551        om     13358     13359                  0.07943928       125
   92408       -0.00062413        op     37537     37538                 -0.02808565        45
   92409       -0.00062413        om     37537     37538                 -0.02808565        45

  ==> Add operator: a_ia 755
  ==> Current qubit order: 0  1  2  3  4  5  6  7  12  13  14  15  18  19  21  16  17  20  44  45  10  11  32  33  34  23  22  42  43  27  24  25  31  30  26  8  9  40  41  35  38  56  28  29  36  46  37  47  39  57  48  49  50  51  52  53  54  55  58  59  60  61  62  63  64  65  66  67  68  69  70  71  


  ==> Energy                -172.520318314
  ==> dE                       -5.09e-05
  ==> Gradient Norm             2.58e+00
  ==> Abs. Max. Deriv.          1.02e-01
  ==> Time-Grad. (s)              36.836
  ==> Time-Energy (s)              3.775
  ==> Time-Iter. (s)              40.611

--------------------------------------------------------------------------------
CEO-ADAPT-VQE iteration: 72
--------------------------------------------------------------------------------
    gate        derivative      name       op1       op2       op3        g_unscaled   penalty
     783       -0.00143142      a_ia       783                           -0.00286284         2
   45700        0.00070001        op      1386      1387                  0.06230094        89
   45701        0.00070001        om      1386      1387                  0.06230094        89
     988       -0.00065668      a_ia       988                           -0.00394010         6
     708        0.00064534      a_ia       708                            0.00516268         8
   60468        0.00063551        op     13358     13359                  0.07943924       125
   60469        0.00063551        om     13358     13359                  0.07943924       125
   92408       -0.00062474        op     37537     37538                 -0.02811349        45
   92409       -0.00062474        om     37537     37538                 -0.02811349        45
   73198        0.00061754        op     23010     23011                  0.03643491        59

  ==> Add operator: op -1: 1386 1387
  ==> Current qubit order: 2  3  4  5  6  7  12  13  14  0  1  44  45  15  18  19  21  16  17  20  10  11  32  33  34  23  22  42  43  27  24  25  31  30  26  8  9  40  41  35  38  56  28  29  36  46  37  47  39  57  48  49  50  51  52  53  54  55  58  59  60  61  62  63  64  65  66  67  68  69  70  71  


  ==> Energy                -172.520604616
  ==> dE                       -2.86e-04
  ==> Gradient Norm             2.58e+00
  ==> Abs. Max. Deriv.          1.02e-01
  ==> Time-Grad. (s)              37.093
  ==> Time-Energy (s)              3.399
  ==> Time-Iter. (s)              40.492

--------------------------------------------------------------------------------
CEO-ADAPT-VQE iteration: 73
--------------------------------------------------------------------------------
    gate        derivative      name       op1       op2       op3        g_unscaled   penalty
      21        0.00399808      a_ia        21                            0.01599232         4
      56        0.00397696      a_ia        56                            0.01590786         4
     490        0.00183474      a_ia       490                            0.00366948         2
     783       -0.00143245      a_ia       783                           -0.00286491         2
     334       -0.00091044      a_ia       334                           -0.00182088         2
   49549        0.00083762        om      4550      4551                  0.05277000        63
    4550        0.00083582    a_iajb      4550                            0.05265649        63
   49548        0.00083402        op      4550      4551                  0.05254298        63
   46726        0.00078784        op      2244      2245                  0.05278501        67
    2244        0.00078616    a_iajb      2244                            0.05267301        67

  ==> Add operator: a_ia 21
  ==> Current qubit order: 2  3  4  5  6  7  12  13  14  1  0  44  45  15  18  19  21  16  17  20  10  11  32  33  34  23  22  42  43  27  24  25  31  30  26  8  9  40  41  35  38  56  28  29  36  46  37  47  39  57  48  49  50  51  52  53  54  55  58  59  60  61  62  63  64  65  66  67  68  69  70  71  


  ==> Energy                -172.520644863
  ==> dE                       -4.02e-05
  ==> Gradient Norm             2.58e+00
  ==> Abs. Max. Deriv.          1.02e-01
  ==> Time-Grad. (s)              36.488
  ==> Time-Energy (s)              4.279
  ==> Time-Iter. (s)              40.767

--------------------------------------------------------------------------------
CEO-ADAPT-VQE iteration: 74
--------------------------------------------------------------------------------
    gate        derivative      name       op1       op2       op3        g_unscaled   penalty
      56        0.00253799      a_ia        56                            0.01522793         6
     490        0.00178682      a_ia       490                            0.00357364         2
     783       -0.00140020      a_ia       783                           -0.00280039         2
     334       -0.00091437      a_ia       334                           -0.00182875         2
   49549        0.00080911        om      4550      4551                  0.05259242        65
    4550        0.00080743    a_iajb      4550                            0.05248264        65
   49548        0.00080574        op      4550      4551                  0.05237287        65
   46726        0.00070951        op      2244      2245                  0.05179420        73
    2244        0.00070945    a_iajb      2244                            0.05178970        73
   46727        0.00070939        om      2244      2245                  0.05178520        73

  ==> Add operator: a_ia 56
  ==> Current qubit order: 2  3  4  5  6  7  12  13  14  0  44  1  45  15  18  19  21  16  17  20  10  11  32  33  34  23  22  42  43  27  24  25  31  30  26  8  9  40  41  35  38  56  28  29  36  46  37  47  39  57  48  49  50  51  52  53  54  55  58  59  60  61  62  63  64  65  66  67  68  69  70  71  


  ==> Energy                -172.520681374
  ==> dE                       -3.65e-05
  ==> Gradient Norm             2.58e+00
  ==> Abs. Max. Deriv.          1.02e-01
  ==> Time-Grad. (s)              36.790
  ==> Time-Energy (s)              4.695
  ==> Time-Iter. (s)              41.484

--------------------------------------------------------------------------------
CEO-ADAPT-VQE iteration: 75
--------------------------------------------------------------------------------
    gate        derivative      name       op1       op2       op3        g_unscaled   penalty
     490        0.00182627      a_ia       490                            0.00365255         2
     783       -0.00138213      a_ia       783                           -0.00276426         2
     462        0.00092456      a_ia       462                            0.00369822         4
     334       -0.00091918      a_ia       334                           -0.00183835         2
   46727        0.00074812        om      2244      2245                  0.05162024        69
    2244        0.00074811    a_iajb      2244                            0.05161986        69
   46726        0.00074811        op      2244      2245                  0.05161948        69
   49549        0.00072739        om      4550      4551                  0.05164503        71
    4550        0.00072733    a_iajb      4550                            0.05164022        71
   49548        0.00072726        op      4550      4551                  0.05163541        71

  ==> Add operator: a_ia 490
  ==> Current qubit order: 2  3  4  5  6  7  12  13  14  0  44  1  45  15  18  19  21  16  17  20  10  11  32  33  34  23  22  42  43  27  24  25  31  30  26  8  9  40  41  35  38  56  28  29  36  46  37  47  39  57  48  49  50  51  52  53  54  55  58  59  60  61  62  63  64  65  66  67  68  69  70  71  


  ==> Energy                -172.520684311
  ==> dE                       -2.94e-06
  ==> Gradient Norm             2.58e+00
  ==> Abs. Max. Deriv.          1.02e-01
  ==> Time-Grad. (s)              37.007
  ==> Time-Energy (s)              4.390
  ==> Time-Iter. (s)              41.398

--------------------------------------------------------------------------------
CEO-ADAPT-VQE iteration: 76
--------------------------------------------------------------------------------
    gate        derivative      name       op1       op2       op3        g_unscaled   penalty
     783       -0.00137668      a_ia       783                           -0.00275337         2
     334       -0.00091923      a_ia       334                           -0.00183847         2
     462        0.00091398      a_ia       462                            0.00365593         4
   46727        0.00074821        om      2244      2245                  0.05162629        69
    2244        0.00074819    a_iajb      2244                            0.05162487        69
   46726        0.00074817        op      2244      2245                  0.05162346        69
   49549        0.00072791        om      4550      4551                  0.05168127        71
    4550        0.00072783    a_iajb      4550                            0.05167598        71
   49548        0.00072776        op      4550      4551                  0.05167070        71
     646        0.00069759      a_ia       646                            0.00558076         8

  ==> Add operator: a_ia 334
  ==> Current qubit order: 2  3  4  5  6  7  12  13  14  0  44  1  45  15  18  19  21  16  17  20  10  11  32  33  34  23  22  42  43  27  24  25  31  30  26  8  9  40  41  35  38  56  28  29  36  46  37  47  39  57  48  49  50  51  52  53  54  55  58  59  60  61  62  63  64  65  66  67  68  69  70  71  


  ==> Energy                -172.520940191
  ==> dE                       -2.56e-04
  ==> Gradient Norm             2.58e+00
  ==> Abs. Max. Deriv.          1.02e-01
  ==> Time-Grad. (s)              36.870
  ==> Time-Energy (s)              3.336
  ==> Time-Iter. (s)              40.206

--------------------------------------------------------------------------------
CEO-ADAPT-VQE iteration: 77
--------------------------------------------------------------------------------
    gate        derivative      name       op1       op2       op3        g_unscaled   penalty
     783       -0.00138833      a_ia       783                           -0.00277666         2
     462        0.00086356      a_ia       462                            0.00345425         4
   46726        0.00074970        op      2244      2245                  0.05172939        69
    2244        0.00074968    a_iajb      2244                            0.05172826        69
   46727        0.00074967        om      2244      2245                  0.05172714        69
   49548        0.00072564        op      4550      4551                  0.05152017        71
    4550        0.00072557    a_iajb      4550                            0.05151580        71
   49549        0.00072551        om      4550      4551                  0.05151143        71
     646        0.00066689      a_ia       646                            0.00533508         8
     988       -0.00065691      a_ia       988                           -0.00394148         6

  ==> Add operator: a_ia 462
  ==> Current qubit order: 2  3  4  5  6  7  12  13  0  14  44  1  45  15  18  19  21  16  17  20  10  11  32  33  34  23  22  42  43  27  24  25  31  30  26  8  9  40  41  35  38  56  28  29  36  46  37  47  39  57  48  49  50  51  52  53  54  55  58  59  60  61  62  63  64  65  66  67  68  69  70  71  


  ==> Energy                -172.521090815
  ==> dE                       -1.51e-04
  ==> Gradient Norm             2.58e+00
  ==> Abs. Max. Deriv.          1.02e-01
  ==> Time-Grad. (s)              37.231
  ==> Time-Energy (s)             27.615
  ==> Time-Iter. (s)              64.846

--------------------------------------------------------------------------------
CEO-ADAPT-VQE iteration: 78
--------------------------------------------------------------------------------
    gate        derivative      name       op1       op2       op3        g_unscaled   penalty
     783       -0.00141850      a_ia       783                           -0.00283700         2
   49549        0.00072678        om      4550      4551                  0.05160129        71
    4550        0.00072675    a_iajb      4550                            0.05159959        71
   49548        0.00072673        op      4550      4551                  0.05159790        71
     669       -0.00071000      a_ia       669                           -0.00141999         2
   46726        0.00069156        op      2244      2245                  0.05186676        75
    2244        0.00069154    a_iajb      2244                            0.05186535        75
   46727        0.00069152        om      2244      2245                  0.05186394        75
     646        0.00067114      a_ia       646                            0.00536912         8
     760        0.00067105      a_ia       760                            0.00402629         6

  ==> Add operator: om -1: 4550 4551
  ==> Current qubit order: 2  3  4  5  6  7  12  13  0  14  44  1  45  10  15  18  19  21  16  17  20  11  32  33  34  23  22  42  43  27  24  25  31  30  26  8  9  40  41  35  38  56  28  29  36  46  37  47  39  57  48  49  50  51  52  53  54  55  58  59  60  61  62  63  64  65  66  67  68  69  70  71  


  ==> Energy                -172.521339543
  ==> dE                       -2.49e-04
  ==> Gradient Norm             2.58e+00
  ==> Abs. Max. Deriv.          1.02e-01
  ==> Time-Grad. (s)              37.725
  ==> Time-Energy (s)              3.839
  ==> Time-Iter. (s)              41.565

--------------------------------------------------------------------------------
CEO-ADAPT-VQE iteration: 79
--------------------------------------------------------------------------------
    gate        derivative      name       op1       op2       op3        g_unscaled   penalty
     783       -0.00142114      a_ia       783                           -0.00284228         2
      56       -0.00099498      a_ia        56                           -0.00198996         2
   70003        0.00088960        om     20576     20577                  0.03825269        43
   20576        0.00088950    a_iajb     20576                            0.03824863        43
   70002        0.00088941        op     20576     20577                  0.03824457        43
   70749        0.00075079        om     21130     21131                  0.03678862        49
   21130        0.00074994    a_iajb     21130                            0.03674689        49
   70748        0.00074908        op     21130     21131                  0.03670515        49
     669       -0.00070587      a_ia       669                           -0.00141173         2
   46727        0.00067264        om      2244      2245                  0.05044787        75

  ==> Add operator: om -1: 20576 20577
  ==> Current qubit order: 2  3  4  5  6  7  12  13  0  14  1  44  45  10  15  18  19  21  16  17  20  11  32  33  34  23  22  42  43  27  24  25  31  30  26  8  9  40  41  35  38  56  28  29  36  46  37  47  39  57  48  49  50  51  52  53  54  55  58  59  60  61  62  63  64  65  66  67  68  69  70  71  


  ==> Energy                -172.521499086
  ==> dE                       -1.60e-04
  ==> Gradient Norm             2.58e+00
  ==> Abs. Max. Deriv.          1.02e-01
  ==> Time-Grad. (s)              37.808
  ==> Time-Energy (s)              3.881
  ==> Time-Iter. (s)              41.689

--------------------------------------------------------------------------------
CEO-ADAPT-VQE iteration: 80
--------------------------------------------------------------------------------
    gate        derivative      name       op1       op2       op3        g_unscaled   penalty
     783       -0.00142093      a_ia       783                           -0.00284186         2
   70749        0.00078766        om     21130     21131                  0.03701985        47
   21130        0.00078678    a_iajb     21130                            0.03697846        47
   70748        0.00078590        op     21130     21131                  0.03693707        47
   46727        0.00072926        om      2244      2245                  0.05031878        69
    2244        0.00072922    a_iajb      2244                            0.05031641        69
   46726        0.00072919        op      2244      2245                  0.05031405        69
     669       -0.00070262      a_ia       669                           -0.00140524         2
     760        0.00067115      a_ia       760                            0.00402689         6
     708        0.00065221      a_ia       708                            0.00521772         8

  ==> Add operator: om -1: 21130 21131
  ==> Current qubit order: 2  3  4  5  6  7  12  13  0  14  1  44  45  10  21  15  18  19  16  17  20  11  32  33  34  23  22  42  43  27  24  25  31  30  26  8  9  40  41  35  38  56  28  29  36  46  37  47  39  57  48  49  50  51  52  53  54  55  58  59  60  61  62  63  64  65  66  67  68  69  70  71  


  ==> Energy                -172.521668791
  ==> dE                       -1.70e-04
  ==> Gradient Norm             2.57e+00
  ==> Abs. Max. Deriv.          1.02e-01
  ==> Time-Grad. (s)              37.672
  ==> Time-Energy (s)              3.909
  ==> Time-Iter. (s)              41.581

--------------------------------------------------------------------------------
CEO-ADAPT-VQE iteration: 81
--------------------------------------------------------------------------------
    gate        derivative      name       op1       op2       op3        g_unscaled   penalty
     783       -0.00142394      a_ia       783                           -0.00284788         2
     646        0.00110326      a_ia       646                            0.00441303         4
   46727        0.00072930        om      2244      2245                  0.05032180        69
    2244        0.00072930    a_iajb      2244                            0.05032171        69
   46726        0.00072930        op      2244      2245                  0.05032161        69
     669       -0.00069766      a_ia       669                           -0.00139532         2
     760        0.00067124      a_ia       760                            0.00402741         6
     708        0.00065086      a_ia       708                            0.00520690         8
     938       -0.00064566      a_ia       938                           -0.00129132         2
   60468        0.00063551        op     13358     13359                  0.07943877       125

  ==> Add operator: a_ia 646
  ==> Current qubit order: 2  3  4  5  6  7  12  13  0  14  1  44  10  45  21  15  18  19  16  17  20  11  32  33  34  23  22  42  43  27  24  25  31  30  26  8  9  40  41  35  38  56  28  29  36  46  37  47  39  57  48  49  50  51  52  53  54  55  58  59  60  61  62  63  64  65  66  67  68  69  70  71  


  ==> Energy                -172.521674307
  ==> dE                       -5.52e-06
  ==> Gradient Norm             2.57e+00
  ==> Abs. Max. Deriv.          1.02e-01
  ==> Time-Grad. (s)              37.430
  ==> Time-Energy (s)              4.240
  ==> Time-Iter. (s)              41.670

--------------------------------------------------------------------------------
CEO-ADAPT-VQE iteration: 82
--------------------------------------------------------------------------------
    gate        derivative      name       op1       op2       op3        g_unscaled   penalty
     783       -0.00142244      a_ia       783                           -0.00284488         2
     669       -0.00071369      a_ia       669                           -0.00142739         2
   46727        0.00070910        om      2244      2245                  0.05034579        71
    2244        0.00070909    a_iajb      2244                            0.05034546        71
   46726        0.00070909        op      2244      2245                  0.05034514        71
     760        0.00067141      a_ia       760                            0.00402843         6
     708        0.00065064      a_ia       708                            0.00520509         8
     938       -0.00064613      a_ia       938                           -0.00129226         2
   60468        0.00063551        op     13358     13359                  0.07943883       125
   60469        0.00063551        om     13358     13359                  0.07943883       125

  ==> Tried operator a_ia 669: gain -7.01e-07 (threshold 1.6e-06), removed and excluded for this stage
  ==> Add operator: om -1: 2244 2245
  ==> Current qubit order: 2  3  4  5  6  7  12  13  14  1  10  0  44  45  11  21  15  18  19  16  17  20  32  33  34  23  22  42  43  27  24  25  31  30  26  8  9  40  41  35  38  56  28  29  36  46  37  47  39  57  48  49  50  51  52  53  54  55  58  59  60  61  62  63  64  65  66  67  68  69  70  71  


  ==> Energy                -172.521911310
  ==> dE                       -2.37e-04
  ==> Gradient Norm             2.57e+00
  ==> Abs. Max. Deriv.          1.02e-01
  ==> Time-Grad. (s)              37.966
  ==> Time-Energy (s)              9.644
  ==> Time-Iter. (s)              47.611

--------------------------------------------------------------------------------
CEO-ADAPT-VQE iteration: 83
--------------------------------------------------------------------------------
    gate        derivative      name       op1       op2       op3        g_unscaled   penalty
     783       -0.00142510      a_ia       783                           -0.00285020         2
      21       -0.00071720      a_ia        21                           -0.00143440         2
     669       -0.00071340      a_ia       669                           -0.00142681         2
     760        0.00067024      a_ia       760                            0.00402146         6
   79554        0.00066390        op     27674     27675                  0.03253132        49
   79555        0.00066390        om     27674     27675                  0.03253132        49
     708        0.00065084      a_ia       708                            0.00520674         8
     938       -0.00064595      a_ia       938                           -0.00129191         2
   60468        0.00063552        op     13358     13359                  0.07944054       125
   60469        0.00063552        om     13358     13359                  0.07944054       125

  ==> Add operator: a_ia 760
  ==> Current qubit order: 2  3  4  5  6  7  12  13  14  1  10  0  44  45  11  21  15  18  19  16  17  20  32  33  34  23  22  42  43  27  24  25  31  30  8  9  26  40  41  35  38  56  28  29  36  46  37  47  39  57  48  49  50  51  52  53  54  55  58  59  60  61  62  63  64  65  66  67  68  69  70  71  


  ==> Energy                -172.521917450
  ==> dE                       -6.14e-06
  ==> Gradient Norm             2.57e+00
  ==> Abs. Max. Deriv.          1.02e-01
  ==> Time-Grad. (s)              38.044
  ==> Time-Energy (s)              4.274
  ==> Time-Iter. (s)              42.318

--------------------------------------------------------------------------------
CEO-ADAPT-VQE iteration: 84
--------------------------------------------------------------------------------
    gate        derivative      name       op1       op2       op3        g_unscaled   penalty
     783       -0.00147365      a_ia       783                           -0.00294730         2
      21       -0.00069929      a_ia        21                           -0.00139858         2
     669       -0.00067262      a_ia       669                           -0.00134525         2
   79554        0.00066391        op     27674     27675                  0.03253137        49
   79555        0.00066391        om     27674     27675                  0.03253137        49
     977       -0.00062252      a_ia       977                           -0.00871528        14
     938       -0.00062187      a_ia       938                           -0.00124375         2
   60468        0.00061582        op     13358     13359                  0.07944072       129
   60469        0.00061582        om     13358     13359                  0.07944072       129
   90580       -0.00060763        op     36129     36130                 -0.06501670       107

  ==> Tried operator a_ia 21: gain -3.06e-07 (threshold 1.6e-06), removed and excluded for this stage
  ==> Add operator: op -1: 27674 27675
  ==> Current qubit order: 2  3  4  5  6  7  12  13  14  1  10  0  44  45  11  21  15  18  19  20  32  33  34  16  17  42  43  23  22  27  24  25  31  30  8  9  26  40  41  35  38  56  28  29  36  46  37  47  39  57  48  49  50  51  52  53  54  55  58  59  60  61  62  63  64  65  66  67  68  69  70  71  


  ==> Energy                -172.522064245
  ==> dE                       -1.47e-04
  ==> Gradient Norm             2.57e+00
  ==> Abs. Max. Deriv.          1.02e-01
  ==> Time-Grad. (s)              37.730
  ==> Time-Energy (s)              8.870
  ==> Time-Iter. (s)              46.600

--------------------------------------------------------------------------------
CEO-ADAPT-VQE iteration: 85
--------------------------------------------------------------------------------
    gate        derivative      name       op1       op2       op3        g_unscaled   penalty
     685        0.00109765      a_ia       685                            0.00439059         4
     543       -0.00086889      a_ia       543                           -0.00347558         4
     516       -0.00081133      a_ia       516                           -0.00324533         4
     693       -0.00080251      a_ia       693                           -0.00160502         2
      21       -0.00069809      a_ia        21                           -0.00139618         2
   92408       -0.00067492        op     37537     37538                 -0.02767185        41
   92409       -0.00067492        om     37537     37538                 -0.02767185        41
   92991       -0.00064134        om     37954     37955                 -0.06477549       101
   90580       -0.00063123        op     36129     36130                 -0.06501671       103
   88922        0.00062713        op     34942     34943                  0.08842557       141

  ==> Add operator: a_ia 685
  ==> Current qubit order: 2  3  4  5  6  7  12  13  14  1  10  0  44  45  11  21  15  18  19  20  32  33  34  16  17  42  43  22  23  27  24  25  31  30  8  9  26  40  41  35  38  56  28  29  36  46  37  47  39  57  48  49  50  51  52  53  54  55  58  59  60  61  62  63  64  65  66  67  68  69  70  71  


  ==> Energy                -172.522516428
  ==> dE                       -4.52e-04
  ==> Gradient Norm             2.57e+00
  ==> Abs. Max. Deriv.          1.02e-01
  ==> Time-Grad. (s)              36.962
  ==> Time-Energy (s)             14.795
  ==> Time-Iter. (s)              51.757

--------------------------------------------------------------------------------
CEO-ADAPT-VQE iteration: 86
--------------------------------------------------------------------------------
    gate        derivative      name       op1       op2       op3        g_unscaled   penalty
     516       -0.00081123      a_ia       516                           -0.00324491         4
     543       -0.00080733      a_ia       543                           -0.00322932         4
   92991       -0.00065537        om     37954     37955                 -0.06488174        99
     980        0.00065038      a_ia       980                            0.00390228         6
   89338        0.00064698        op     35223     35224                  0.02005638        31
   89339        0.00064698        om     35223     35224                  0.02005638        31
   88922        0.00062609        op     34942     34943                  0.08827821       141
   88923        0.00062609        om     34942     34943                  0.08827821       141
   90580       -0.00061908        op     36129     36130                 -0.06500354       105
   60468        0.00061600        op     13358     13359                  0.07946450       129

  ==> Add operator: a_ia 516
  ==> Current qubit order: 2  3  4  5  6  7  12  13  14  1  10  0  44  45  11  21  15  18  19  20  32  33  34  17  16  42  43  22  23  27  24  25  31  30  8  9  26  40  41  35  38  56  28  29  36  46  37  47  39  57  48  49  50  51  52  53  54  55  58  59  60  61  62  63  64  65  66  67  68  69  70  71  


  ==> Energy                -172.522519653
  ==> dE                       -3.22e-06
  ==> Gradient Norm             2.57e+00
  ==> Abs. Max. Deriv.          1.02e-01
  ==> Time-Grad. (s)              37.710
  ==> Time-Energy (s)              4.085
  ==> Time-Iter. (s)              41.795

--------------------------------------------------------------------------------
CEO-ADAPT-VQE iteration: 87
--------------------------------------------------------------------------------
    gate        derivative      name       op1       op2       op3        g_unscaled   penalty
   92991       -0.00065537        om     37954     37955                 -0.06488186        99
     980        0.00065045      a_ia       980                            0.00390271         6
   88922        0.00062608        op     34942     34943                  0.08827793       141
   88923        0.00062608        om     34942     34943                  0.08827793       141
   90580       -0.00061908        op     36129     36130                 -0.06500354       105
   60468        0.00061601        op     13358     13359                  0.07946521       129
   60469        0.00061601        om     13358     13359                  0.07946521       129
     988       -0.00060917      a_ia       988                           -0.00365503         6
   72506        0.00059337        op     22483     22484                  0.03738259        63
   22483        0.00059334    a_iajb     22483                            0.03738028        63

  ==> Add operator: mvp2 -1: 37954 37955
  ==> Current qubit order: 2  3  4  5  6  7  12  13  14  1  10  0  44  45  11  21  15  18  19  20  32  33  34  17  16  42  43  22  27  24  25  31  30  8  9  26  40  41  35  56  23  38  28  59  29  36  46  37  47  39  57  48  49  50  51  52  53  54  55  58  60  61  62  63  64  65  66  67  68  69  70  71  


  ==> Energy                -172.523895065
  ==> dE                       -1.38e-03
  ==> Gradient Norm             2.57e+00
  ==> Abs. Max. Deriv.          1.02e-01
  ==> Time-Grad. (s)              38.052
  ==> Time-Energy (s)              7.481
  ==> Time-Iter. (s)              45.533

--------------------------------------------------------------------------------
CEO-ADAPT-VQE iteration: 88
--------------------------------------------------------------------------------
    gate        derivative      name       op1       op2       op3        g_unscaled   penalty
     833        0.00178697      a_ia       833                            0.00357394         2
     701        0.00128573      a_ia       701                            0.00771439         6
   93133        0.00091410        om     38096     38097                  0.04844737        53
   38096        0.00090813    a_iajb     38096                            0.04813088        53
   93132        0.00090216        op     38096     38097                  0.04781439        53
   88922        0.00085550        op     34942     34943                  0.08811667       103
   34942        0.00082771    a_iajb     34942                            0.08525391       103
   88923        0.00079991        om     34942     34943                  0.08239115       103
     783       -0.00076314      a_ia       783                           -0.00305255         4
     980        0.00067787      a_ia       980                            0.00406724         6

  ==> Add operator: a_ia 833
  ==> Current qubit order: 2  3  4  5  6  7  12  13  14  1  10  0  44  45  11  21  15  18  19  20  32  33  34  17  16  42  43  22  27  24  25  31  30  8  9  26  40  41  35  56  23  38  28  59  29  36  46  37  47  39  57  48  49  50  51  52  53  54  55  58  60  61  62  63  64  65  66  67  68  69  70  71  


  ==> Energy                -172.523897538
  ==> dE                       -2.47e-06
  ==> Gradient Norm             2.56e+00
  ==> Abs. Max. Deriv.          1.02e-01
  ==> Time-Grad. (s)              37.289
  ==> Time-Energy (s)              4.076
  ==> Time-Iter. (s)              41.365

--------------------------------------------------------------------------------
CEO-ADAPT-VQE iteration: 89
--------------------------------------------------------------------------------
    gate        derivative      name       op1       op2       op3        g_unscaled   penalty
     701        0.00129204      a_ia       701                            0.00775222         6
   93133        0.00091424        om     38096     38097                  0.04845477        53
   38096        0.00090826    a_iajb     38096                            0.04813782        53
   93132        0.00090228        op     38096     38097                  0.04782087        53
   88922        0.00085563        op     34942     34943                  0.08812956       103
   34942        0.00082783    a_iajb     34942                            0.08526652       103
   88923        0.00080003        om     34942     34943                  0.08240348       103
     783       -0.00076373      a_ia       783                           -0.00305494         4
     980        0.00067870      a_ia       980                            0.00407221         6
     981        0.00066920      a_ia       981                            0.00535360         8

  ==> Add operator: a_ia 701
  ==> Current qubit order: 2  3  4  5  6  7  12  13  14  1  10  0  44  45  11  21  15  18  19  20  32  33  34  17  16  42  43  22  27  24  25  31  30  8  9  26  40  41  35  56  38  28  23  59  29  36  46  37  47  39  57  48  49  50  51  52  53  54  55  58  60  61  62  63  64  65  66  67  68  69  70  71  


  ==> Energy                -172.523908277
  ==> dE                       -1.07e-05
  ==> Gradient Norm             2.56e+00
  ==> Abs. Max. Deriv.          1.02e-01
  ==> Time-Grad. (s)              37.572
  ==> Time-Energy (s)              5.076
  ==> Time-Iter. (s)              42.647

--------------------------------------------------------------------------------
CEO-ADAPT-VQE iteration: 90
--------------------------------------------------------------------------------
    gate        derivative      name       op1       op2       op3        g_unscaled   penalty
   93133        0.00112443        om     38096     38097                  0.04835049        43
   38096        0.00111541    a_iajb     38096                            0.04796267        43
   93132        0.00110639        op     38096     38097                  0.04757485        43
   88922        0.00088983        op     34942     34943                  0.08809347        99
   34942        0.00086097    a_iajb     34942                            0.08523556        99
   88923        0.00083210        om     34942     34943                  0.08237765        99
     783       -0.00072818      a_ia       783                           -0.00291273         4
     980        0.00067887      a_ia       980                            0.00407324         6
     981        0.00066633      a_ia       981                            0.00533062         8
   90580       -0.00060773        op     36129     36130                 -0.06502678       107

  ==> Add operator: mvp2 -1: 38096 38097
  ==> Current qubit order: 2  3  4  5  6  7  12  13  14  1  10  0  44  45  11  21  15  18  19  20  32  33  34  17  16  42  43  22  27  24  25  31  30  8  9  26  40  41  35  38  56  28  23  59  29  36  46  37  47  39  57  48  49  50  51  52  53  54  55  58  60  61  62  63  64  65  66  67  68  69  70  71  


  ==> Energy                -172.524145207
  ==> dE                       -2.37e-04
  ==> Gradient Norm             2.56e+00
  ==> Abs. Max. Deriv.          1.02e-01
  ==> Time-Grad. (s)              37.870
  ==> Time-Energy (s)              8.321
  ==> Time-Iter. (s)              46.191

--------------------------------------------------------------------------------
CEO-ADAPT-VQE iteration: 91
--------------------------------------------------------------------------------
    gate        derivative      name       op1       op2       op3        g_unscaled   penalty
   88922        0.00088990        op     34942     34943                  0.08810024        99
   34942        0.00085487    a_iajb     34942                            0.08463252        99
   88923        0.00081985        om     34942     34943                  0.08116479        99
     783       -0.00073307      a_ia       783                           -0.00293227         4
     980        0.00067324      a_ia       980                            0.00403946         6
     988       -0.00063161      a_ia       988                           -0.00378967         6
     981        0.00063105      a_ia       981                            0.00504843         8
   90580       -0.00060769        op     36129     36130                 -0.06502333       107
   60468        0.00059748        op     13358     13359                  0.07946532       133
   60469        0.00059748        om     13358     13359                  0.07946532       133

  ==> Add operator: mvp2 -1: 34942 34943
  ==> Current qubit order: 2  3  4  5  6  7  12  13  14  1  10  0  44  45  11  21  15  18  19  20  32  33  34  17  16  42  43  27  24  25  31  30  8  9  26  40  41  35  38  56  28  22  23  59  58  29  36  46  37  47  39  57  48  49  50  51  52  53  54  55  60  61  62  63  64  65  66  67  68  69  70  71  


  ==> Energy                -172.526192946
  ==> dE                       -2.05e-03
  ==> Gradient Norm             2.56e+00
  ==> Abs. Max. Deriv.          1.02e-01
  ==> Time-Grad. (s)              37.764
  ==> Time-Energy (s)              8.029
  ==> Time-Iter. (s)              45.792

--------------------------------------------------------------------------------
CEO-ADAPT-VQE iteration: 92
--------------------------------------------------------------------------------
    gate        derivative      name       op1       op2       op3        g_unscaled   penalty
     783       -0.00148848      a_ia       783                           -0.00297696         2
   88792        0.00072800        op     34812     34813                  0.04440776        61
   88793        0.00072800        om     34812     34813                  0.04440776        61
   88592        0.00072734        op     34612     34613                  0.04000351        55
   34612        0.00071924    a_iajb     34612                            0.03955831        55
   88593        0.00071115        om     34612     34613                  0.03911311        55
     980        0.00069408      a_ia       980                            0.00416445         6
     662        0.00066845      a_ia       662                            0.00133691         2
     988       -0.00064336      a_ia       988                           -0.00386018         6
   45616        0.00059884        op      1302      1303                  0.08084312       135

  ==> Add operator: op -1: 34812 34813
  ==> Current qubit order: 2  3  4  5  6  7  12  13  14  1  10  0  44  45  11  21  15  18  19  20  32  33  34  17  16  42  43  27  24  25  31  30  8  9  26  40  41  35  38  56  28  59  58  29  36  22  23  48  49  46  37  47  39  57  50  51  52  53  54  55  60  61  62  63  64  65  66  67  68  69  70  71  


  ==> Energy                -172.526404362
  ==> dE                       -2.11e-04
  ==> Gradient Norm             2.55e+00
  ==> Abs. Max. Deriv.          1.02e-01
  ==> Time-Grad. (s)              36.297
  ==> Time-Energy (s)              3.812
  ==> Time-Iter. (s)              40.109

--------------------------------------------------------------------------------
CEO-ADAPT-VQE iteration: 93
--------------------------------------------------------------------------------
    gate        derivative      name       op1       op2       op3        g_unscaled   penalty
     783       -0.00148933      a_ia       783                           -0.00297865         2
     976        0.00148163      a_ia       976                            0.00592654         4
     812        0.00101777      a_ia       812                            0.00407108         4
     977       -0.00079232      a_ia       977                           -0.00792318        10
     690       -0.00072419      a_ia       690                           -0.00579349         8
   88592        0.00072188        op     34612     34613                  0.03970342        55
   34612        0.00071379    a_iajb     34612                            0.03925872        55
   88593        0.00070571        om     34612     34613                  0.03881403        55
     980        0.00069407      a_ia       980                            0.00416440         6
     959        0.00069275      a_ia       959                            0.00415650         6

  ==> Add operator: a_ia 976
  ==> Current qubit order: 2  3  4  5  6  7  12  13  14  1  10  0  44  45  11  21  15  18  19  20  32  33  34  17  16  42  43  27  24  25  31  30  8  9  26  40  41  35  38  56  28  59  58  29  36  22  23  48  46  49  37  47  39  57  50  51  52  53  54  55  60  61  62  63  64  65  66  67  68  69  70  71  


  ==> Energy                -172.526710274
  ==> dE                       -3.06e-04
  ==> Gradient Norm             2.55e+00
  ==> Abs. Max. Deriv.          1.02e-01
  ==> Time-Grad. (s)              35.056
  ==> Time-Energy (s)              4.577
  ==> Time-Iter. (s)              39.634

--------------------------------------------------------------------------------
CEO-ADAPT-VQE iteration: 94
--------------------------------------------------------------------------------
    gate        derivative      name       op1       op2       op3        g_unscaled   penalty
     783       -0.00148472      a_ia       783                           -0.00296943         2
     812        0.00103589      a_ia       812                            0.00414358         4
     977       -0.00079561      a_ia       977                           -0.00795607        10
     959        0.00076072      a_ia       959                            0.00456430         6
   88592        0.00072157        op     34612     34613                  0.03968615        55
   34612        0.00071358    a_iajb     34612                            0.03924713        55
   88593        0.00070560        om     34612     34613                  0.03880811        55
     690       -0.00070087      a_ia       690                           -0.00560697         8
     811       -0.00067973      a_ia       811                           -0.00135945         2
     980        0.00067891      a_ia       980                            0.00407344         6

  ==> Add operator: a_ia 812
  ==> Current qubit order: 2  3  4  5  6  7  12  13  14  1  10  0  44  45  11  21  15  18  19  20  32  33  34  17  16  42  43  27  24  25  31  30  8  9  26  40  41  35  38  56  59  28  58  29  36  22  23  48  46  49  37  47  39  57  50  51  52  53  54  55  60  61  62  63  64  65  66  67  68  69  70  71  


  ==> Energy                -172.526974534
  ==> dE                       -2.64e-04
  ==> Gradient Norm             2.54e+00
  ==> Abs. Max. Deriv.          1.02e-01
  ==> Time-Grad. (s)              36.610
  ==> Time-Energy (s)             31.708
  ==> Time-Iter. (s)              68.317

--------------------------------------------------------------------------------
CEO-ADAPT-VQE iteration: 95
--------------------------------------------------------------------------------
    gate        derivative      name       op1       op2       op3        g_unscaled   penalty
     783       -0.00151521      a_ia       783                           -0.00303042         2
     977       -0.00079568      a_ia       977                           -0.00795678        10
     959        0.00077184      a_ia       959                            0.00463103         6
     690       -0.00075638      a_ia       690                           -0.00605101         8
   88592        0.00072584        op     34612     34613                  0.03992128        55
   34612        0.00071735    a_iajb     34612                            0.03945449        55
   88593        0.00070887        om     34612     34613                  0.03898770        55
     672       -0.00068631      a_ia       672                           -0.00274525         4
     980        0.00066247      a_ia       980                            0.00397480         6
    1010        0.00062386      a_ia      1010                            0.00623856        10

  ==> Add operator: a_ia 977
  ==> Current qubit order: 2  3  4  5  6  7  12  13  14  1  10  0  44  45  11  21  15  18  19  20  32  33  34  17  16  42  43  27  24  25  31  30  8  9  26  40  41  35  38  56  59  28  58  29  36  22  23  48  46  49  47  39  57  50  37  51  52  53  54  55  60  61  62  63  64  65  66  67  68  69  70  71  


  ==> Energy                -172.527517312
  ==> dE                       -5.43e-04
  ==> Gradient Norm             2.54e+00
  ==> Abs. Max. Deriv.          1.02e-01
  ==> Time-Grad. (s)              36.789
  ==> Time-Energy (s)              4.921
  ==> Time-Iter. (s)              41.709

--------------------------------------------------------------------------------
CEO-ADAPT-VQE iteration: 96
--------------------------------------------------------------------------------
    gate        derivative      name       op1       op2       op3        g_unscaled   penalty
     783       -0.00134069      a_ia       783                           -0.00268137         2
     980        0.00095185      a_ia       980                            0.00380741         4
     959        0.00079238      a_ia       959                            0.00475428         6
     672       -0.00069203      a_ia       672                           -0.00276812         4
   88592        0.00063468        op     34612     34613                  0.03998497        63
   34612        0.00062738    a_iajb     34612                            0.03952489        63
   93261        0.00062311        om     38181     38183                  0.04174824        67
   88593        0.00062008        om     34612     34613                  0.03906482        63
     988       -0.00060763      a_ia       988                           -0.00364576         6
   45616        0.00059884        op      1302      1303                  0.08084383       135

  ==> Add operator: a_ia 980
  ==> Current qubit order: 2  3  4  5  6  7  12  13  14  1  10  0  44  45  11  21  15  18  19  20  32  33  34  17  16  42  43  27  24  25  31  30  8  9  26  40  41  35  38  56  59  28  58  29  36  22  23  48  46  49  47  39  50  57  37  51  52  53  54  55  60  61  62  63  64  65  66  67  68  69  70  71  


  ==> Energy                -172.527633069
  ==> dE                       -1.16e-04
  ==> Gradient Norm             2.54e+00
  ==> Abs. Max. Deriv.          1.02e-01
  ==> Time-Grad. (s)              37.975
  ==> Time-Energy (s)              4.605
  ==> Time-Iter. (s)              42.580

--------------------------------------------------------------------------------
CEO-ADAPT-VQE iteration: 97
--------------------------------------------------------------------------------
    gate        derivative      name       op1       op2       op3        g_unscaled   penalty
     783       -0.00136671      a_ia       783                           -0.00273342         2
     959        0.00079619      a_ia       959                            0.00477715         6
     672       -0.00068740      a_ia       672                           -0.00274960         4
   88592        0.00063506        op     34612     34613                  0.04000860        63
   34612        0.00062778    a_iajb     34612                            0.03954997        63
   93261        0.00062409        om     38181     38183                  0.04181388        67
   88593        0.00062050        om     34612     34613                  0.03909134        63
     988       -0.00060941      a_ia       988                           -0.00365648         6
   45616        0.00059886        op      1302      1303                  0.08084575       135
    1302        0.00059886    a_iajb      1302                            0.08084564       135

  ==> Add operator: a_ia 959
  ==> Current qubit order: 2  3  4  5  6  7  12  13  14  1  10  0  44  45  11  21  15  18  19  20  32  33  34  17  16  42  43  27  24  25  31  30  8  9  26  40  41  35  38  56  59  28  58  29  22  23  36  48  46  49  47  39  50  57  37  51  52  53  54  55  60  61  62  63  64  65  66  67  68  69  70  71  


  ==> Energy                -172.527884104
  ==> dE                       -2.51e-04
  ==> Gradient Norm             2.54e+00
  ==> Abs. Max. Deriv.          1.02e-01
  ==> Time-Grad. (s)              38.304
  ==> Time-Energy (s)              4.792
  ==> Time-Iter. (s)              43.096

--------------------------------------------------------------------------------
CEO-ADAPT-VQE iteration: 98
--------------------------------------------------------------------------------
    gate        derivative      name       op1       op2       op3        g_unscaled   penalty
     783       -0.00130680      a_ia       783                           -0.00261361         2
   88592        0.00072278        op     34612     34613                  0.03975308        55
   34612        0.00071397    a_iajb     34612                            0.03926851        55
     960       -0.00070917      a_ia       960                           -0.00851006        12
   88593        0.00070516        om     34612     34613                  0.03878393        55
     988       -0.00061326      a_ia       988                           -0.00367954         6
   93261        0.00060600        om     38181     38183                  0.04181420        69
   45616        0.00059887        op      1302      1303                  0.08084691       135
    1302        0.00059887    a_iajb      1302                            0.08084681       135
   45617        0.00059886        om      1302      1303                  0.08084671       135

  ==> Add operator: mvp2 -1: 34612 34613
  ==> Current qubit order: 2  3  4  5  6  7  12  13  14  1  10  0  44  45  11  21  15  18  19  20  32  33  34  17  16  42  43  27  24  25  31  30  8  9  26  40  41  35  38  56  59  28  58  29  22  23  36  37  48  46  49  47  39  50  57  51  52  53  54  55  60  61  62  63  64  65  66  67  68  69  70  71  


  ==> Energy                -172.528302144
  ==> dE                       -4.18e-04
  ==> Gradient Norm             2.54e+00
  ==> Abs. Max. Deriv.          1.02e-01
  ==> Time-Grad. (s)              39.498
  ==> Time-Energy (s)              8.771
  ==> Time-Iter. (s)              48.269

--------------------------------------------------------------------------------
CEO-ADAPT-VQE iteration: 99
--------------------------------------------------------------------------------
    gate        derivative      name       op1       op2       op3        g_unscaled   penalty
     690       -0.00148301      a_ia       690                           -0.00593205         4
     783       -0.00127689      a_ia       783                           -0.00255378         2
    1010        0.00064581      a_ia      1010                            0.00645809        10
     988       -0.00061335      a_ia       988                           -0.00368012         6
   45616        0.00059887        op      1302      1303                  0.08084681       135
    1302        0.00059886    a_iajb      1302                            0.08084671       135
   45617        0.00059886        om      1302      1303                  0.08084661       135
   72506        0.00059355        op     22483     22484                  0.03739344        63
   22483        0.00059350    a_iajb     22483                            0.03739078        63
   72507        0.00059346        om     22483     22484                  0.03738813        63

  ==> Add operator: a_ia 690
  ==> Current qubit order: 2  3  4  5  6  7  12  13  14  1  10  0  44  45  11  21  15  18  19  20  32  33  34  17  16  42  43  27  24  25  31  30  8  9  26  40  41  35  38  56  59  28  58  29  22  36  23  37  48  46  49  47  39  50  57  51  52  53  54  55  60  61  62  63  64  65  66  67  68  69  70  71  


  ==> Energy                -172.528319290
  ==> dE                       -1.71e-05
  ==> Gradient Norm             2.53e+00
  ==> Abs. Max. Deriv.          1.02e-01
  ==> Time-Grad. (s)              39.442
  ==> Time-Energy (s)              4.692
  ==> Time-Iter. (s)              44.134

--------------------------------------------------------------------------------
CEO-ADAPT-VQE iteration: 100
--------------------------------------------------------------------------------
    gate        derivative      name       op1       op2       op3        g_unscaled   penalty
     783       -0.00127654      a_ia       783                           -0.00255309         2
    1010        0.00064643      a_ia      1010                            0.00646432        10
     938       -0.00062553      a_ia       938                           -0.00125106         2
     988       -0.00061362      a_ia       988                           -0.00368173         6
   93261        0.00060375        om     38181     38183                  0.04165852        69
   45616        0.00059886        op      1302      1303                  0.08084647       135
    1302        0.00059886    a_iajb      1302                            0.08084637       135
   45617        0.00059886        om      1302      1303                  0.08084627       135
   72506        0.00059363        op     22483     22484                  0.03739851        63
   22483        0.00059358    a_iajb     22483                            0.03739579        63

  ==> Add operator: a_ia 1010
  ==> Current qubit order: 2  3  4  5  6  7  12  13  14  1  10  0  44  45  11  21  15  18  19  20  32  33  34  17  16  42  43  27  24  25  31  30  8  9  26  40  41  35  38  56  59  28  58  29  22  36  23  37  48  46  49  47  50  57  51  52  39  53  54  55  60  61  62  63  64  65  66  67  68  69  70  71  


  ==> Energy                -172.528565904
  ==> dE                       -2.47e-04
  ==> Gradient Norm             2.53e+00
  ==> Abs. Max. Deriv.          1.02e-01
  ==> Time-Grad. (s)              39.372
  ==> Time-Energy (s)              4.018
  ==> Time-Iter. (s)              43.390

--------------------------------------------------------------------------------
CEO-ADAPT-VQE iteration: 101
--------------------------------------------------------------------------------
    gate        derivative      name       op1       op2       op3        g_unscaled   penalty
     783       -0.00129823      a_ia       783                           -0.00259646         2
    1011       -0.00069482      a_ia      1011                           -0.00416893         6
     938       -0.00061623      a_ia       938                           -0.00123246         2
     988       -0.00061059      a_ia       988                           -0.00366351         6
   45616        0.00059888        op      1302      1303                  0.08084845       135
    1302        0.00059888    a_iajb      1302                            0.08084836       135
   45617        0.00059888        om      1302      1303                  0.08084826       135
   72506        0.00059363        op     22483     22484                  0.03739882        63
   22483        0.00059359    a_iajb     22483                            0.03739610        63
   72507        0.00059355        om     22483     22484                  0.03739339        63

  ==> Add operator: a_ia 1011
  ==> Current qubit order: 2  3  4  5  6  7  12  13  14  1  10  0  44  45  11  21  15  18  19  20  32  33  34  17  16  42  43  27  24  25  31  30  8  9  26  40  41  35  38  56  59  28  58  29  22  36  23  37  48  46  49  47  50  57  51  52  53  54  39  55  60  61  62  63  64  65  66  67  68  69  70  71  


  ==> Energy                -172.528658981
  ==> dE                       -9.31e-05
  ==> Gradient Norm             2.53e+00
  ==> Abs. Max. Deriv.          1.02e-01
  ==> Time-Grad. (s)              40.397
  ==> Time-Energy (s)              5.251
  ==> Time-Iter. (s)              45.648

--------------------------------------------------------------------------------
CEO-ADAPT-VQE iteration: 102
--------------------------------------------------------------------------------
    gate        derivative      name       op1       op2       op3        g_unscaled   penalty
     783       -0.00131067      a_ia       783                           -0.00262134         2
    1014        0.00078571      a_ia      1014                            0.00471426         6
     988       -0.00061121      a_ia       988                           -0.00366726         6
     938       -0.00060633      a_ia       938                           -0.00121266         2
    1015        0.00060570      a_ia      1015                            0.00605705        10
   45616        0.00059884        op      1302      1303                  0.08084334       135
    1302        0.00059884    a_iajb      1302                            0.08084324       135
   45617        0.00059884        om      1302      1303                  0.08084314       135
   72506        0.00059363        op     22483     22484                  0.03739847        63
   22483        0.00059358    a_iajb     22483                            0.03739574        63

  ==> Add operator: a_ia 1014
  ==> Current qubit order: 2  3  4  5  6  7  12  13  14  1  10  0  44  45  11  21  15  18  19  20  32  33  34  17  16  42  43  27  24  25  31  30  8  9  26  40  41  35  38  56  59  28  58  29  22  36  23  37  48  46  49  47  50  57  51  52  53  54  55  60  39  61  62  63  64  65  66  67  68  69  70  71  


  ==> Energy                -172.528770370
  ==> dE                       -1.11e-04
  ==> Gradient Norm             2.53e+00
  ==> Abs. Max. Deriv.          1.02e-01
  ==> Time-Grad. (s)              40.938
  ==> Time-Energy (s)              5.784
  ==> Time-Iter. (s)              46.722

--------------------------------------------------------------------------------
CEO-ADAPT-VQE iteration: 103
--------------------------------------------------------------------------------
    gate        derivative      name       op1       op2       op3        g_unscaled   penalty
     783       -0.00131774      a_ia       783                           -0.00263547         2
    1015        0.00101460      a_ia      1015                            0.00608757         6
     988       -0.00061153      a_ia       988                           -0.00366919         6
     938       -0.00059935      a_ia       938                           -0.00119870         2
   45616        0.00059886        op      1302      1303                  0.08084555       135
    1302        0.00059886    a_iajb      1302                            0.08084545       135
   45617        0.00059885        om      1302      1303                  0.08084535       135
   72506        0.00059364        op     22483     22484                  0.03739907        63
   22483        0.00059359    a_iajb     22483                            0.03739632        63
   72507        0.00059355        om     22483     22484                  0.03739358        63

  ==> Add operator: a_ia 1015
  ==> Current qubit order: 2  3  4  5  6  7  12  13  14  1  10  0  44  45  11  21  15  18  19  20  32  33  34  17  16  42  43  27  24  25  31  30  8  9  26  40  41  35  38  56  59  28  58  29  22  36  23  37  48  46  49  47  50  57  51  52  53  54  55  60  61  62  39  63  64  65  66  67  68  69  70  71  


  ==> Energy                -172.528948938
  ==> dE                       -1.79e-04
  ==> Gradient Norm             2.53e+00
  ==> Abs. Max. Deriv.          1.02e-01
  ==> Time-Grad. (s)              41.389
  ==> Time-Energy (s)              4.989
  ==> Time-Iter. (s)              46.378

--------------------------------------------------------------------------------
CEO-ADAPT-VQE iteration: 104
--------------------------------------------------------------------------------
    gate        derivative      name       op1       op2       op3        g_unscaled   penalty
     783       -0.00132422      a_ia       783                           -0.00264843         2
     988       -0.00061121      a_ia       988                           -0.00366724         6
   45616        0.00059882        op      1302      1303                  0.08084125       135
    1302        0.00059882    a_iajb      1302                            0.08084117       135
   45617        0.00059882        om      1302      1303                  0.08084110       135
   72506        0.00059363        op     22483     22484                  0.03739874        63
   22483        0.00059359    a_iajb     22483                            0.03739596        63
   72507        0.00059354        om     22483     22484                  0.03739318        63
     997       -0.00059155      a_ia       997                           -0.00473244         8
     938       -0.00059065      a_ia       938                           -0.00118130         2

  ==> Add operator: a_ia 988
  ==> Current qubit order: 2  3  4  5  6  7  12  13  14  1  10  0  44  45  11  21  15  18  19  20  32  33  34  17  16  42  43  27  24  25  31  30  8  9  26  41  35  40  38  56  59  28  58  29  22  36  23  37  48  46  49  47  50  57  51  52  53  54  55  60  61  62  39  63  64  65  66  67  68  69  70  71  


  ==> Energy                -172.529136304
  ==> dE                       -1.87e-04
  ==> Gradient Norm             2.53e+00
  ==> Abs. Max. Deriv.          1.02e-01
  ==> Time-Grad. (s)              42.291
  ==> Time-Energy (s)             35.108
  ==> Time-Iter. (s)              77.399

--------------------------------------------------------------------------------
CEO-ADAPT-VQE iteration: 105
--------------------------------------------------------------------------------
    gate        derivative      name       op1       op2       op3        g_unscaled   penalty
     783       -0.00147231      a_ia       783                           -0.00294462         2
   72506        0.00059393        op     22483     22484                  0.03741745        63
   22483        0.00059389    a_iajb     22483                            0.03741495        63
   72507        0.00059385        om     22483     22484                  0.03741246        63
     997       -0.00059209      a_ia       997                           -0.00473669         8
   45616        0.00059010        op      1302      1303                  0.08084380       137
    1302        0.00059010    a_iajb      1302                            0.08084373       137
   45617        0.00059010        om      1302      1303                  0.08084367       137
     960       -0.00058225      a_ia       960                           -0.00815150        14
   52942        0.00057743        op      7362      7363                  0.09874091       171

  ==> Add operator: op -1: 22483 22484
  ==> Current qubit order: 2  3  4  5  6  7  12  13  1  10  0  14  44  45  11  21  15  18  19  20  32  33  34  17  16  42  43  27  24  25  31  30  8  9  26  41  35  40  38  56  59  28  58  29  22  36  23  37  48  46  49  47  50  57  51  52  53  54  55  60  61  62  39  63  64  65  66  67  68  69  70  71  


  ==> Energy                -172.529288761
  ==> dE                       -1.52e-04
  ==> Gradient Norm             2.53e+00
  ==> Abs. Max. Deriv.          1.02e-01
  ==> Time-Grad. (s)              42.425
  ==> Time-Energy (s)              4.859
  ==> Time-Iter. (s)              47.284

--------------------------------------------------------------------------------
CEO-ADAPT-VQE iteration: 106
--------------------------------------------------------------------------------
    gate        derivative      name       op1       op2       op3        g_unscaled   penalty
     783       -0.00147401      a_ia       783                           -0.00294801         2
     997       -0.00059208      a_ia       997                           -0.00473667         8
     960       -0.00058224      a_ia       960                           -0.00815142        14
   52942        0.00057743        op      7362      7363                  0.09874089       171
   52943        0.00057743        om      7362      7363                  0.09874089       171
   45616        0.00057335        op      1302      1303                  0.08084305       141
    1302        0.00057335    a_iajb      1302                            0.08084304       141
   45617        0.00057335        om      1302      1303                  0.08084303       141
     314        0.00054932      a_ia       314                            0.00219729         4
   92983       -0.00054702        om     37946     37947                 -0.04102621        75

  ==> Add operator: a_ia 997
  ==> Current qubit order: 2  3  4  5  6  7  12  13  1  10  0  14  44  45  11  21  15  18  19  20  32  33  34  17  16  42  43  27  24  25  31  30  8  9  26  41  35  40  56  59  28  38  58  29  22  36  23  37  48  46  49  47  50  57  51  52  53  54  55  60  61  62  39  63  64  65  66  67  68  69  70  71  


  ==> Energy                -172.529406539
  ==> dE                       -1.18e-04
  ==> Gradient Norm             2.53e+00
  ==> Abs. Max. Deriv.          1.02e-01
  ==> Time-Grad. (s)              42.675
  ==> Time-Energy (s)              4.815
  ==> Time-Iter. (s)              47.489

--------------------------------------------------------------------------------
CEO-ADAPT-VQE iteration: 107
--------------------------------------------------------------------------------
    gate        derivative      name       op1       op2       op3        g_unscaled   penalty
     783       -0.00147769      a_ia       783                           -0.00295537         2
   52942        0.00058417        op      7362      7363                  0.09872419       169
   52943        0.00058417        om      7362      7363                  0.09872419       169
     960       -0.00058236      a_ia       960                           -0.00815300        14
   45616        0.00057336        op      1302      1303                  0.08084383       141
    1302        0.00057336    a_iajb      1302                            0.08084382       141
   45617        0.00057336        om      1302      1303                  0.08084381       141
   90249        0.00055734        om     35925     35927                  0.03734157        67
     278        0.00055639      a_ia       278                            0.00111278         2
     812       -0.00054960      a_ia       812                           -0.00219842         4

  ==> Add operator: op -1: 7362 7363
  ==> Current qubit order: 2  3  6  7  12  13  1  10  0  14  44  45  11  21  15  18  19  20  32  33  34  4  5  59  58  17  16  42  43  27  24  25  31  30  8  9  26  41  35  40  56  28  38  29  22  36  23  37  48  46  49  47  50  57  51  52  53  54  55  60  61  62  39  63  64  65  66  67  68  69  70  71  


  ==> Energy                -172.530009227
  ==> dE                       -6.03e-04
  ==> Gradient Norm             2.53e+00
  ==> Abs. Max. Deriv.          1.02e-01
  ==> Time-Grad. (s)              43.597
  ==> Time-Energy (s)              4.425
  ==> Time-Iter. (s)              48.021

--------------------------------------------------------------------------------
CEO-ADAPT-VQE iteration: 108
--------------------------------------------------------------------------------
    gate        derivative      name       op1       op2       op3        g_unscaled   penalty
     783       -0.00147491      a_ia       783                           -0.00294981         2
   52766       -0.00096487        op      7186      7187                 -0.02991094        31
   52767       -0.00096487        om      7186      7187                 -0.02991094        31
   52778       -0.00076707        op      7198      7199                 -0.02991571        39
   52779       -0.00076707        om      7198      7199                 -0.02991571        39
     667       -0.00071130      a_ia       667                           -0.00284518         4
     524       -0.00069640      a_ia       524                           -0.00278560         4
     551       -0.00067661      a_ia       551                           -0.00270645         4
   79747        0.00065037        om     27866     27867                  0.02666507        41
   27866        0.00065037    a_iajb     27866                            0.02666499        41

  ==> Add operator: op -1: 7186 7187
  ==> Current qubit order: 2  3  6  7  12  13  1  10  0  14  44  45  11  21  15  18  19  20  32  33  34  4  5  59  42  58  17  16  43  27  24  25  31  30  8  9  26  41  35  40  56  28  38  29  22  36  23  37  48  46  49  47  50  57  51  52  53  54  55  60  61  62  39  63  64  65  66  67  68  69  70  71  


  ==> Energy                -172.530071716
  ==> dE                       -6.25e-05
  ==> Gradient Norm             2.53e+00
  ==> Abs. Max. Deriv.          1.02e-01
  ==> Time-Grad. (s)              42.651
  ==> Time-Energy (s)              4.663
  ==> Time-Iter. (s)              47.314

--------------------------------------------------------------------------------
CEO-ADAPT-VQE iteration: 109
--------------------------------------------------------------------------------
    gate        derivative      name       op1       op2       op3        g_unscaled   penalty
     783       -0.00147409      a_ia       783                           -0.00294817         2
   52778       -0.00080549        op      7198      7199                 -0.02980321        37
   52779       -0.00080549        om      7198      7199                 -0.02980321        37
     543       -0.00075934      a_ia       543                           -0.00303736         4
     667       -0.00071131      a_ia       667                           -0.00284524         4
     524       -0.00069636      a_ia       524                           -0.00278546         4
     535        0.00064192      a_ia       535                            0.00385149         6
   57887       -0.00063739        om     11313     11314                 -0.07202491       113
   52892       -0.00063729        op      7312      7313                 -0.07328857       115
   52893       -0.00063729        om      7312      7313                 -0.07328857       115

  ==> Add operator: op -1: 7198 7199
  ==> Current qubit order: 2  3  6  7  12  13  1  10  0  14  44  45  11  21  15  18  19  20  32  33  34  59  4  5  58  43  42  17  16  27  24  25  31  30  8  9  26  41  35  40  56  28  38  29  22  36  23  37  48  46  49  47  50  57  51  52  53  54  55  60  61  62  39  63  64  65  66  67  68  69  70  71  


  ==> Energy                -172.530133718
  ==> dE                       -6.20e-05
  ==> Gradient Norm             2.52e+00
  ==> Abs. Max. Deriv.          1.02e-01
  ==> Time-Grad. (s)              42.642
  ==> Time-Energy (s)              4.460
  ==> Time-Iter. (s)              47.103

--------------------------------------------------------------------------------
CEO-ADAPT-VQE iteration: 110
--------------------------------------------------------------------------------
    gate        derivative      name       op1       op2       op3        g_unscaled   penalty
     535        0.00096287      a_ia       535                            0.00385150         4
   52758        0.00086154        op      7178      7179                  0.02498457        29
   52759        0.00086154        om      7178      7179                  0.02498457        29
     543       -0.00076029      a_ia       543                           -0.00304114         4
     667       -0.00071158      a_ia       667                           -0.00284633         4
   52906       -0.00063537        op      7326      7327                 -0.07306742       115
   52907       -0.00063537        om      7326      7327                 -0.07306742       115
   57881        0.00060783        om     11307     11308                  0.06625379       109
   52892       -0.00059517        op      7312      7313                 -0.07320605       123
   52893       -0.00059517        om      7312      7313                 -0.07320605       123

  ==> Add operator: a_ia 535
  ==> Current qubit order: 2  3  6  7  12  13  1  10  0  14  44  45  11  21  15  18  19  20  32  33  34  59  4  5  58  43  42  16  17  27  24  25  31  30  8  9  26  41  35  40  56  28  38  29  22  36  23  37  48  46  49  47  50  57  51  52  53  54  55  60  61  62  39  63  64  65  66  67  68  69  70  71  


  ==> Energy                -172.530379746
  ==> dE                       -2.46e-04
  ==> Gradient Norm             2.52e+00
  ==> Abs. Max. Deriv.          1.02e-01
  ==> Time-Grad. (s)              41.878
  ==> Time-Energy (s)              4.143
  ==> Time-Iter. (s)              46.022

--------------------------------------------------------------------------------
CEO-ADAPT-VQE iteration: 111
--------------------------------------------------------------------------------
    gate        derivative      name       op1       op2       op3        g_unscaled   penalty
   52758        0.00086126        op      7178      7179                  0.02497658        29
   52759        0.00086126        om      7178      7179                  0.02497658        29
     667       -0.00070366      a_ia       667                           -0.00281465         4
   52906       -0.00063538        op      7326      7327                 -0.07306827       115
   52907       -0.00063538        om      7326      7327                 -0.07306827       115
   57881        0.00060810        om     11307     11308                  0.06628319       109
   52892       -0.00059518        op      7312      7313                 -0.07320686       123
   52893       -0.00059518        om      7312      7313                 -0.07320686       123
     164       -0.00058917      a_ia       164                           -0.00235667         4
     960       -0.00058438      a_ia       960                           -0.00818131        14

  ==> Add operator: op -1: 7178 7179
  ==> Current qubit order: 2  3  6  7  12  13  1  10  0  14  44  45  11  21  15  18  19  20  32  33  34  59  4  5  43  42  58  16  17  27  24  25  31  30  8  9  26  41  35  40  56  28  38  29  22  36  23  37  48  46  49  47  50  57  51  52  53  54  55  60  61  62  39  63  64  65  66  67  68  69  70  71  


  ==> Energy                -172.530426708
  ==> dE                       -4.70e-05
  ==> Gradient Norm             2.52e+00
  ==> Abs. Max. Deriv.          1.02e-01
  ==> Time-Grad. (s)              42.913
  ==> Time-Energy (s)              4.979
  ==> Time-Iter. (s)              47.892

--------------------------------------------------------------------------------
CEO-ADAPT-VQE iteration: 112
--------------------------------------------------------------------------------
    gate        derivative      name       op1       op2       op3        g_unscaled   penalty
     524       -0.00138471      a_ia       524                           -0.00276941         2
     667       -0.00070375      a_ia       667                           -0.00281502         4
     189       -0.00069904      a_ia       189                           -0.00139809         2
   52906       -0.00061399        op      7326      7327                 -0.07306466       119
   52907       -0.00061399        om      7326      7327                 -0.07306466       119
   57881        0.00060809        om     11307     11308                  0.06628222       109
   52892       -0.00059515        op      7312      7313                 -0.07320353       123
   52893       -0.00059515        om      7312      7313                 -0.07320353       123
     960       -0.00058438      a_ia       960                           -0.00818134        14
   92983       -0.00058152        om     37946     37947                 -0.04128792        71

  ==> Tried operator a_ia 524: gain -1.01e-06 (threshold 1.8e-06), removed and excluded for this stage
  ==> Add operator: a_ia 667
  ==> Current qubit order: 2  3  6  7  12  13  1  10  0  14  44  45  11  21  15  18  19  20  32  33  34  59  4  5  43  42  58  16  17  27  24  25  31  30  8  9  26  41  35  40  56  28  29  38  22  36  23  37  48  46  49  47  50  57  51  52  53  54  55  60  61  62  39  63  64  65  66  67  68  69  70  71  


  ==> Energy                -172.530430625
  ==> dE                       -3.92e-06
  ==> Gradient Norm             2.52e+00
  ==> Abs. Max. Deriv.          1.02e-01
  ==> Time-Grad. (s)              42.924
  ==> Time-Energy (s)             11.697
  ==> Time-Iter. (s)              54.621

--------------------------------------------------------------------------------
CEO-ADAPT-VQE iteration: 113
--------------------------------------------------------------------------------
    gate        derivative      name       op1       op2       op3        g_unscaled   penalty
     524       -0.00137830      a_ia       524                           -0.00275660         2
     189       -0.00070373      a_ia       189                           -0.00140745         2
     824        0.00065910      a_ia       824                            0.00659100        10
   57881        0.00064363        om     11307     11308                  0.06629435       103
   52906       -0.00061399        op      7326      7327                 -0.07306461       119
   52907       -0.00061399        om      7326      7327                 -0.07306461       119
   92983       -0.00059859        om     37946     37947                 -0.04130274        69
   52892       -0.00059515        op      7312      7313                 -0.07320395       123
   52893       -0.00059515        om      7312      7313                 -0.07320395       123
     960       -0.00058450      a_ia       960                           -0.00818294        14

  ==> Tried operator a_ia 189: gain -3.14e-07 (threshold 1.7e-06), removed and excluded for this stage
  ==> Add operator: a_ia 824
  ==> Current qubit order: 2  3  6  7  12  13  1  10  0  14  44  45  11  21  15  18  19  20  32  33  34  59  4  5  43  42  58  16  17  27  24  25  31  30  8  9  26  35  40  56  28  41  29  38  22  36  23  37  48  46  49  47  50  57  51  52  53  54  55  60  61  62  39  63  64  65  66  67  68  69  70  71  


  ==> Energy                -172.530447704
  ==> dE                       -1.71e-05
  ==> Gradient Norm             2.52e+00
  ==> Abs. Max. Deriv.          1.02e-01
  ==> Time-Grad. (s)              43.102
  ==> Time-Energy (s)             11.279
  ==> Time-Iter. (s)              54.380

--------------------------------------------------------------------------------
CEO-ADAPT-VQE iteration: 114
--------------------------------------------------------------------------------
    gate        derivative      name       op1       op2       op3        g_unscaled   penalty
     524       -0.00140228      a_ia       524                           -0.00280456         2
     189       -0.00071005      a_ia       189                           -0.00142010         2
   52906       -0.00061398        op      7326      7327                 -0.07306342       119
   52907       -0.00061398        om      7326      7327                 -0.07306342       119
   57881        0.00060821        om     11307     11308                  0.06629472       109
   52892       -0.00059514        op      7312      7313                 -0.07320278       123
   52893       -0.00059514        om      7312      7313                 -0.07320278       123
     960       -0.00058456      a_ia       960                           -0.00818381        14
   92983       -0.00058173        om     37946     37947                 -0.04130315        71
   57887       -0.00056717        om     11313     11314                 -0.07203030       127

  ==> Add operator: op -1: 7326 7327
  ==> Current qubit order: 2  3  6  7  12  13  1  10  0  14  44  45  11  21  15  18  19  20  32  33  34  59  43  42  16  17  27  24  25  31  30  4  5  58  53  8  9  26  35  40  56  28  41  29  38  22  36  23  37  48  46  49  47  50  57  51  52  54  55  60  61  62  39  63  64  65  66  67  68  69  70  71  


  ==> Energy                -172.530780784
  ==> dE                       -3.33e-04
  ==> Gradient Norm             2.52e+00
  ==> Abs. Max. Deriv.          1.02e-01
  ==> Time-Grad. (s)              43.218
  ==> Time-Energy (s)              5.457
  ==> Time-Iter. (s)              48.675

--------------------------------------------------------------------------------
CEO-ADAPT-VQE iteration: 115
--------------------------------------------------------------------------------
    gate        derivative      name       op1       op2       op3        g_unscaled   penalty
     150        0.00107820      a_ia       150                            0.00215641         2
   57881        0.00087443        om     11307     11308                  0.06558200        75
   11307        0.00076264    a_iajb     11307                            0.05719820        75
   52886        0.00072255        op      7306      7307                  0.06286173        87
   52887        0.00072255        om      7306      7307                  0.06286173        87
   58409        0.00067963        om     11697     11698                  0.04689418        69
   52920        0.00067717        op      7340      7341                  0.05349622        79
   52921        0.00067717        om      7340      7341                  0.05349622        79
   57235        0.00067355        om     10808     10809                  0.05051646        75
   54522       -0.00066098        op      8594      8595                 -0.05618351        85

  ==> Add operator: a_ia 150
  ==> Current qubit order: 2  3  6  7  12  13  1  10  0  14  44  45  11  21  15  18  19  20  32  33  34  59  43  42  16  17  27  24  25  31  30  4  5  58  53  8  9  26  35  40  56  28  41  29  38  22  36  23  37  48  46  49  47  50  57  51  52  54  55  60  61  62  39  63  64  65  66  67  68  69  70  71  


  ==> Energy                -172.530863395
  ==> dE                       -8.26e-05
  ==> Gradient Norm             2.52e+00
  ==> Abs. Max. Deriv.          1.02e-01
  ==> Time-Grad. (s)              42.685
  ==> Time-Energy (s)             23.022
  ==> Time-Iter. (s)              65.707

--------------------------------------------------------------------------------
CEO-ADAPT-VQE iteration: 116
--------------------------------------------------------------------------------
    gate        derivative      name       op1       op2       op3        g_unscaled   penalty
   57881        0.00087444        om     11307     11308                  0.06558335        75
   11307        0.00076283    a_iajb     11307                            0.05721211        75
   58409        0.00067982        om     11697     11698                  0.04690743        69
   57235        0.00067336        om     10808     10809                  0.05050207        75
   54522       -0.00066535        op      8594      8595                 -0.05655437        85
   57880        0.00065121        op     11307     11308                  0.04884088        75
   57887       -0.00063682        om     11313     11314                 -0.07196108       113
   52887        0.00061035        om      7306      7307                  0.06286639       103
    7306        0.00061035    a_iajb      7306                            0.06286634       103
   52886        0.00061035        op      7306      7307                  0.06286629       103

  ==> Add operator: mvp2 -1: 11307 11308
  ==> Current qubit order: 2  3  6  7  12  13  1  10  0  14  44  45  11  21  15  18  19  20  32  33  34  59  43  42  16  17  27  24  25  31  30  4  58  8  9  26  35  5  53  28  38  40  56  41  29  22  36  23  37  48  46  49  47  50  57  51  52  54  55  60  61  62  39  63  64  65  66  67  68  69  70  71  


  ==> Energy                -172.531600254
  ==> dE                       -7.37e-04
  ==> Gradient Norm             2.52e+00
  ==> Abs. Max. Deriv.          1.02e-01
  ==> Time-Grad. (s)              43.335
  ==> Time-Energy (s)             10.427
  ==> Time-Iter. (s)              53.762

--------------------------------------------------------------------------------
CEO-ADAPT-VQE iteration: 117
--------------------------------------------------------------------------------
    gate        derivative      name       op1       op2       op3        g_unscaled   penalty
     194       -0.00352031      a_ia       194                           -0.00704061         2
     185        0.00108488      a_ia       185                            0.00216975         2
     292       -0.00107077      a_ia       292                           -0.00214154         2
     164       -0.00099591      a_ia       164                           -0.00199181         2
   58037       -0.00078724        om     11463     11464                 -0.03542569        45
   11463       -0.00078518    a_iajb     11463                           -0.03533321        45
   58036       -0.00078313        op     11463     11464                 -0.03524073        45
   57887       -0.00076194        om     11313     11314                 -0.07543253        99
   54875        0.00072966        om      8894      8896                  0.05034683        69
   52886        0.00067853        op      7306      7307                  0.06310336        93

  ==> Add operator: a_ia 194
  ==> Current qubit order: 2  3  6  7  12  13  1  10  0  14  44  45  11  21  15  18  19  20  32  33  34  59  43  42  16  17  27  24  25  31  30  4  58  8  9  26  35  5  53  28  38  40  56  41  29  22  36  23  37  48  46  49  47  50  57  51  52  54  55  60  61  62  39  63  64  65  66  67  68  69  70  71  


  ==> Energy                -172.531606827
  ==> dE                       -6.57e-06
  ==> Gradient Norm             2.52e+00
  ==> Abs. Max. Deriv.          1.02e-01
  ==> Time-Grad. (s)              43.112
  ==> Time-Energy (s)              6.171
  ==> Time-Iter. (s)              49.283

--------------------------------------------------------------------------------
CEO-ADAPT-VQE iteration: 118
--------------------------------------------------------------------------------
    gate        derivative      name       op1       op2       op3        g_unscaled   penalty
     164       -0.00112118      a_ia       164                           -0.00224237         2
     185        0.00108557      a_ia       185                            0.00217113         2
     292       -0.00104540      a_ia       292                           -0.00209080         2
   58037       -0.00079182        om     11463     11464                 -0.03563201        45
   11463       -0.00078811    a_iajb     11463                           -0.03546513        45
   58036       -0.00078441        op     11463     11464                 -0.03529826        45
   57887       -0.00076190        om     11313     11314                 -0.07542781        99
   54875        0.00072969        om      8894      8896                  0.05034847        69
   52886        0.00067908        op      7306      7307                  0.06315428        93
    7306        0.00066183    a_iajb      7306                            0.06155013        93

  ==> Tried operator a_ia 164: gain -8.41e-07 (threshold 1.1e-06), removed and excluded for this stage
  ==> Add operator: a_ia 185
  ==> Current qubit order: 2  3  6  7  12  13  1  10  0  14  44  45  11  21  15  18  19  20  32  33  34  59  43  42  16  17  27  24  25  31  30  4  58  8  9  26  35  5  53  28  38  40  56  41  29  22  36  23  37  48  46  49  47  50  57  51  52  54  55  60  61  62  39  63  64  65  66  67  68  69  70  71  


  ==> Energy                -172.531759320
  ==> dE                       -1.52e-04
  ==> Gradient Norm             2.52e+00
  ==> Abs. Max. Deriv.          1.02e-01
  ==> Time-Grad. (s)              43.214
  ==> Time-Energy (s)             11.725
  ==> Time-Iter. (s)              54.939

--------------------------------------------------------------------------------
CEO-ADAPT-VQE iteration: 119
--------------------------------------------------------------------------------
    gate        derivative      name       op1       op2       op3        g_unscaled   penalty
     164       -0.00110744      a_ia       164                           -0.00221488         2
     292       -0.00100916      a_ia       292                           -0.00201832         2
   58037       -0.00079443        om     11463     11464                 -0.03574942        45
   11463       -0.00078971    a_iajb     11463                           -0.03553691        45
   58036       -0.00078499        op     11463     11464                 -0.03532440        45
   57887       -0.00076031        om     11313     11314                 -0.07527071        99
   54875        0.00072905        om      8894      8896                  0.05030457        69
   52886        0.00067930        op      7306      7307                  0.06317517        93
    7306        0.00066236    a_iajb      7306                            0.06159923        93
   11313       -0.00065623    a_iajb     11313                           -0.06496633        99

  ==> Tried operator a_ia 292: gain -5.54e-07 (threshold 1.1e-06), removed and excluded for this stage
  ==> Add operator: mvp2 -1: 11463 11464
  ==> Current qubit order: 2  3  6  7  12  13  1  10  0  14  44  45  11  21  15  18  19  20  32  33  34  59  43  42  16  17  27  24  25  31  30  4  58  8  9  26  35  5  53  28  56  38  40  41  29  22  36  23  37  48  46  49  47  50  57  51  52  54  55  60  61  62  39  63  64  65  66  67  68  69  70  71  


  ==> Energy                -172.531863468
  ==> dE                       -1.04e-04
  ==> Gradient Norm             2.51e+00
  ==> Abs. Max. Deriv.          1.02e-01
  ==> Time-Grad. (s)              43.570
  ==> Time-Energy (s)             18.038
  ==> Time-Iter. (s)              61.608

--------------------------------------------------------------------------------
CEO-ADAPT-VQE iteration: 120
--------------------------------------------------------------------------------
    gate        derivative      name       op1       op2       op3        g_unscaled   penalty
     164       -0.00109938      a_ia       164                           -0.00219875         2
     292       -0.00101121      a_ia       292                           -0.00202241         2
   57887       -0.00074197        om     11313     11314                 -0.07493875       101
   54875        0.00070828        om      8894      8896                  0.05028813        71
   52886        0.00068004        op      7306      7307                  0.06324413        93
    7306        0.00066087    a_iajb      7306                            0.06146127        93
     194       -0.00065355      a_ia       194                           -0.00130711         2
   54522       -0.00065202        op      8594      8595                 -0.05672584        87
   52887        0.00064170        om      7306      7307                  0.05967840        93
   11313       -0.00063959    a_iajb     11313                           -0.06459834       101

  ==> Add operator: mvp2 -1: 11313 11314
  ==> Current qubit order: 2  3  6  7  12  13  1  10  0  14  44  45  11  21  15  18  19  20  32  33  34  43  42  16  17  27  24  25  31  30  4  58  59  5  28  38  8  9  26  35  53  56  40  41  29  22  36  23  37  48  46  49  47  50  57  51  52  54  55  60  61  62  39  63  64  65  66  67  68  69  70  71  


  ==> Energy                -172.532890239
  ==> dE                       -1.03e-03
  ==> Gradient Norm             2.51e+00
  ==> Abs. Max. Deriv.          1.02e-01
  ==> Time-Grad. (s)              43.860
  ==> Time-Energy (s)             10.416
  ==> Time-Iter. (s)              54.276

--------------------------------------------------------------------------------
CEO-ADAPT-VQE iteration: 121
--------------------------------------------------------------------------------
    gate        derivative      name       op1       op2       op3        g_unscaled   penalty
     197        0.00308566      a_ia       197                            0.00617132         2
   54875        0.00106514        om      8894      8896                  0.05645231        53
     164       -0.00084708      a_ia       164                           -0.00169417         2
   54870        0.00078666        op      8894      8895                  0.04169304        53
    8894        0.00078627    a_iajb      8894                            0.04167223        53
   54871        0.00078588        om      8894      8895                  0.04165142        53
     282        0.00071014      a_ia       282                            0.00142028         2
   58415       -0.00070445        om     11703     11704                 -0.04438026        63
   11703       -0.00069933    a_iajb     11703                           -0.04405788        63
   55381        0.00069896        om      9283      9285                  0.03285126        47

  ==> Add operator: a_ia 197
  ==> Current qubit order: 2  3  6  7  12  13  1  10  0  14  44  45  11  21  15  18  19  20  32  33  34  43  42  16  17  27  24  25  31  30  4  58  59  5  28  38  8  9  26  35  53  56  40  41  29  22  36  23  37  48  46  49  47  50  57  51  52  54  55  60  61  62  39  63  64  65  66  67  68  69  70  71  


  ==> Energy                -172.532894977
  ==> dE                       -4.74e-06
  ==> Gradient Norm             2.51e+00
  ==> Abs. Max. Deriv.          1.02e-01
  ==> Time-Grad. (s)              44.389
  ==> Time-Energy (s)              6.250
  ==> Time-Iter. (s)              50.639

--------------------------------------------------------------------------------
CEO-ADAPT-VQE iteration: 122
--------------------------------------------------------------------------------
    gate        derivative      name       op1       op2       op3        g_unscaled   penalty
   54875        0.00106516        om      8894      8896                  0.05645325        53
     164       -0.00099521      a_ia       164                           -0.00199043         2
   54870        0.00078656        op      8894      8895                  0.04168764        53
    8894        0.00078617    a_iajb      8894                            0.04166686        53
   54871        0.00078578        om      8894      8895                  0.04164608        53
     282        0.00070775      a_ia       282                            0.00141551         2
   58415       -0.00070400        om     11703     11704                 -0.04435190        63
   55381        0.00069900        om      9283      9285                  0.03285291        47
   11703       -0.00069803    a_iajb     11703                           -0.04397561        63
   58414       -0.00069205        op     11703     11704                 -0.04359932        63

  ==> Add operator: mvp2 -1: 8894 8896
  ==> Current qubit order: 2  3  6  7  12  13  1  10  0  14  44  45  11  21  15  18  19  20  32  33  34  43  42  16  17  27  24  25  31  30  4  58  28  38  59  5  8  9  26  35  53  56  40  41  29  22  36  23  37  48  46  49  47  50  57  51  52  54  55  60  61  62  39  63  64  65  66  67  68  69  70  71  


  ==> Energy                -172.534268787
  ==> dE                       -1.37e-03
  ==> Gradient Norm             2.51e+00
  ==> Abs. Max. Deriv.          1.02e-01
  ==> Time-Grad. (s)              44.090
  ==> Time-Energy (s)              9.543
  ==> Time-Iter. (s)              53.633

--------------------------------------------------------------------------------
CEO-ADAPT-VQE iteration: 123
--------------------------------------------------------------------------------
    gate        derivative      name       op1       op2       op3        g_unscaled   penalty
     164        0.00498549      a_ia       164                            0.00997099         2
   58415       -0.00070109        om     11703     11704                 -0.04416854        63
   11703       -0.00069731    a_iajb     11703                           -0.04393072        63
   58414       -0.00069354        op     11703     11704                 -0.04369289        63
   52886        0.00067382        op      7306      7307                  0.06401315        95
    7306        0.00065490    a_iajb      7306                            0.06221562        95
     798       -0.00064260      a_ia       798                           -0.00385562         6
   52887        0.00063598        om      7306      7307                  0.06041809        95
   52892       -0.00063364        op      7312      7313                 -0.07286808       115
   96333       -0.00062781        om     40384     40385                 -0.03076277        49

  ==> Add operator: mvp2 -1: 11703 11704
  ==> Current qubit order: 2  3  6  7  12  13  1  10  0  14  44  45  11  21  15  18  19  20  32  33  34  43  42  16  17  27  24  25  31  4  58  28  30  38  59  5  8  9  26  35  53  56  40  41  29  22  36  23  37  48  46  49  47  50  57  51  52  54  55  60  61  62  39  63  64  65  66  67  68  69  70  71  


  ==> Energy                -172.534474702
  ==> dE                       -2.06e-04
  ==> Gradient Norm             2.50e+00
  ==> Abs. Max. Deriv.          1.02e-01
  ==> Time-Grad. (s)              44.634
  ==> Time-Energy (s)             11.317
  ==> Time-Iter. (s)              55.951

--------------------------------------------------------------------------------
CEO-ADAPT-VQE iteration: 124
--------------------------------------------------------------------------------
    gate        derivative      name       op1       op2       op3        g_unscaled   penalty
     164        0.00497799      a_ia       164                            0.00995598         2
     798       -0.00161974      a_ia       798                           -0.00323948         2
   58409        0.00072085        om     11697     11698                  0.04108856        57
   11697        0.00071826    a_iajb     11697                            0.04094110        57
   58408        0.00071568        op     11697     11698                  0.04079365        57
   52892       -0.00066960        op      7312      7313                 -0.07298608       109
     843       -0.00066048      a_ia       843                           -0.00132095         2
   52886        0.00065983        op      7306      7307                  0.06400339        97
    7312       -0.00065012    a_iajb      7312                           -0.07086273       109
    7306        0.00064130    a_iajb      7306                            0.06220646        97

  ==> Add operator: a_ia 798
  ==> Current qubit order: 2  3  6  7  12  13  1  10  0  14  44  45  11  21  15  18  19  20  32  33  34  43  42  16  17  27  24  25  31  4  58  28  30  38  59  5  8  9  26  35  53  56  40  41  29  22  36  23  37  48  46  49  47  50  57  51  52  54  55  60  61  62  39  63  64  65  66  67  68  69  70  71  


  ==> Energy                -172.534550668
  ==> dE                       -7.60e-05
  ==> Gradient Norm             2.50e+00
  ==> Abs. Max. Deriv.          1.02e-01
  ==> Time-Grad. (s)              44.130
  ==> Time-Energy (s)              5.674
  ==> Time-Iter. (s)              49.804

--------------------------------------------------------------------------------
CEO-ADAPT-VQE iteration: 125
--------------------------------------------------------------------------------
    gate        derivative      name       op1       op2       op3        g_unscaled   penalty
     164        0.00496958      a_ia       164                            0.00993917         2
     843       -0.00081991      a_ia       843                           -0.00163982         2
   58409        0.00068036        om     11697     11698                  0.03878029        57
   11697        0.00067447    a_iajb     11697                            0.03844451        57
   52892       -0.00066960        op      7312      7313                 -0.07298606       109
   58408        0.00066857        op     11697     11698                  0.03810872        57
   52886        0.00065992        op      7306      7307                  0.06401236        97
    7312       -0.00065012    a_iajb      7312                           -0.07086293       109
    7306        0.00064118    a_iajb      7306                            0.06219464        97
   52893       -0.00063064        om      7312      7313                 -0.06873980       109

  ==> Add operator: a_ia 843
  ==> Current qubit order: 2  3  6  7  12  13  1  10  0  14  44  45  11  21  15  18  19  20  32  33  34  43  42  16  17  27  24  25  31  4  58  28  30  38  59  5  8  9  26  35  53  56  40  41  29  22  36  23  37  48  46  49  47  50  57  51  52  54  55  60  61  62  39  63  64  65  66  67  68  69  70  71  


  ==> Energy                -172.534552019
  ==> dE                       -1.35e-06
  ==> Gradient Norm             2.50e+00
  ==> Abs. Max. Deriv.          1.02e-01
  ==> Time-Grad. (s)              44.564
  ==> Time-Energy (s)              6.010
  ==> Time-Iter. (s)              50.575

--------------------------------------------------------------------------------
CEO-ADAPT-VQE iteration: 126
--------------------------------------------------------------------------------
    gate        derivative      name       op1       op2       op3        g_unscaled   penalty
     164        0.00492697      a_ia       164                            0.00985395         2
   58409        0.00068048        om     11697     11698                  0.03878752        57
   11697        0.00067453    a_iajb     11697                            0.03844829        57
   52892       -0.00066960        op      7312      7313                 -0.07298606       109
   58408        0.00066858        op     11697     11698                  0.03810906        57
   52886        0.00065992        op      7306      7307                  0.06401230        97
    7312       -0.00065012    a_iajb      7312                           -0.07086274       109
    7306        0.00064118    a_iajb      7306                            0.06219443        97
   52893       -0.00063064        om      7312      7313                 -0.06873943       109
   52887        0.00062244        om      7306      7307                  0.06037656        97

  ==> Add operator: mvp2 -1: 11697 11698
  ==> Current qubit order: 2  3  6  7  12  13  1  10  0  14  44  45  11  21  15  18  19  20  32  33  34  43  42  16  17  27  24  25  31  4  58  28  59  30  38  5  53  8  9  26  35  56  40  41  29  22  36  23  37  48  46  49  47  50  57  51  52  54  55  60  61  62  39  63  64  65  66  67  68  69  70  71  


  ==> Energy                -172.534716935
  ==> dE                       -1.65e-04
  ==> Gradient Norm             2.50e+00
  ==> Abs. Max. Deriv.          1.02e-01
  ==> Time-Grad. (s)              44.185
  ==> Time-Energy (s)             11.566
  ==> Time-Iter. (s)              55.751

--------------------------------------------------------------------------------
CEO-ADAPT-VQE iteration: 127
--------------------------------------------------------------------------------
    gate        derivative      name       op1       op2       op3        g_unscaled   penalty
     164        0.00492357      a_ia       164                            0.00984713         2
   52892       -0.00064575        op      7312      7313                 -0.07297010       113
   52886        0.00063488        op      7306      7307                  0.06412318       101
    7312       -0.00062701    a_iajb      7312                           -0.07085263       113
   96333       -0.00062652        om     40384     40385                 -0.03069944        49
    7306        0.00061488    a_iajb      7306                            0.06210317       101
     764       -0.00061216      a_ia       764                           -0.01224330        20
     960       -0.00061064      a_ia       960                           -0.00854892        14
   52893       -0.00060828        om      7312      7313                 -0.06873516       113
   60468        0.00060634        op     13358     13359                  0.07942999       131

  ==> Add operator: mvp2 -1: 7312 7313
  ==> Current qubit order: 2  3  6  7  12  13  1  10  0  14  44  45  11  21  15  18  19  20  32  33  34  43  42  16  17  27  24  25  31  58  28  30  38  53  8  9  4  59  5  52  26  35  56  40  41  29  22  36  23  37  48  46  49  47  50  57  51  54  55  60  61  62  39  63  64  65  66  67  68  69  70  71  


  ==> Energy                -172.537043807
  ==> dE                       -2.33e-03
  ==> Gradient Norm             2.49e+00
  ==> Abs. Max. Deriv.          1.02e-01
  ==> Time-Grad. (s)              44.530
  ==> Time-Energy (s)            145.535
  ==> Time-Iter. (s)             190.065

--------------------------------------------------------------------------------
CEO-ADAPT-VQE iteration: 128
--------------------------------------------------------------------------------
    gate        derivative      name       op1       op2       op3        g_unscaled   penalty
   52886        0.00098968        op      7306      7307                  0.06432927        65
    7306        0.00098824    a_iajb      7306                            0.06423577        65
   52887        0.00098680        om      7306      7307                  0.06414227        65
     197       -0.00087650      a_ia       197                           -0.00175301         2
   60415        0.00064298        om     13304     13305                  0.04050786        63
   13304        0.00064283    a_iajb     13304                            0.04049836        63
   60414        0.00064268        op     13304     13305                  0.04048885        63
     766        0.00063948      a_ia       766                            0.00127896         2
     764       -0.00063841      a_ia       764                           -0.01276822        20
     960       -0.00063330      a_ia       960                           -0.00886622        14

  ==> Add operator: mvp2 -1: 7306 7307
  ==> Current qubit order: 2  3  6  7  12  13  1  10  0  14  44  45  11  21  15  18  19  20  32  33  34  43  42  16  17  27  24  25  31  58  28  30  38  8  53  4  5  52  9  59  26  35  56  40  41  29  22  36  23  37  48  46  49  47  50  57  51  54  55  60  61  62  39  63  64  65  66  67  68  69  70  71  


  ==> Energy                -172.537295193
  ==> dE                       -2.51e-04
  ==> Gradient Norm             2.48e+00
  ==> Abs. Max. Deriv.          1.02e-01
  ==> Time-Grad. (s)              45.570
  ==> Time-Energy (s)             10.682
  ==> Time-Iter. (s)              56.252

--------------------------------------------------------------------------------
CEO-ADAPT-VQE iteration: 129
--------------------------------------------------------------------------------
    gate        derivative      name       op1       op2       op3        g_unscaled   penalty
   60415        0.00082040        om     13304     13305                  0.04019981        49
   13304        0.00082021    a_iajb     13304                            0.04019038        49
   60414        0.00082002        op     13304     13305                  0.04018094        49
     164        0.00070571      a_ia       164                            0.00846858        12
   58050        0.00069714        op     11477     11478                  0.04391967        63
   11477        0.00068175    a_iajb     11477                            0.04295033        63
     994        0.00067364      a_ia       994                            0.00673640        10
   58051        0.00066636        om     11477     11478                  0.04198098        63
   57871        0.00064520        om     11297     11298                  0.04322814        67
     764       -0.00063824      a_ia       764                           -0.01276474        20

  ==> Add operator: om -1: 13304 13305
  ==> Current qubit order: 2  3  6  7  12  13  1  10  0  14  44  45  11  21  15  18  19  20  32  33  34  43  42  16  17  27  24  25  31  58  28  30  38  4  8  53  52  9  5  59  26  35  56  40  41  29  22  36  23  37  48  46  49  47  50  57  51  54  55  60  61  62  39  63  64  65  66  67  68  69  70  71  


  ==> Energy                -172.537426955
  ==> dE                       -1.32e-04
  ==> Gradient Norm             2.48e+00
  ==> Abs. Max. Deriv.          1.02e-01
  ==> Time-Grad. (s)              45.594
  ==> Time-Energy (s)              6.222
  ==> Time-Iter. (s)              51.816

--------------------------------------------------------------------------------
CEO-ADAPT-VQE iteration: 130
--------------------------------------------------------------------------------
    gate        derivative      name       op1       op2       op3        g_unscaled   penalty
     139        0.00110527      a_ia       139                            0.00221053         2
     164        0.00105863      a_ia       164                            0.00846900         8
     197       -0.00093466      a_ia       197                           -0.00186932         2
     172        0.00088454      a_ia       172                            0.00176908         2
     994        0.00084483      a_ia       994                            0.00675861         8
   58050        0.00065553        op     11477     11478                  0.04392059        67
   11477        0.00064106    a_iajb     11477                            0.04295128        67
     764       -0.00063809      a_ia       764                           -0.01276177        20
     960       -0.00063340      a_ia       960                           -0.00886760        14
   58051        0.00062660        om     11477     11478                  0.04198197        67

  ==> Add operator: a_ia 139
  ==> Current qubit order: 2  3  6  7  12  13  1  10  0  14  44  45  11  21  15  18  19  20  32  33  34  43  42  16  17  27  24  25  31  58  28  30  38  4  8  53  52  9  5  59  26  35  56  40  41  29  22  36  23  37  48  46  49  47  50  57  51  54  55  60  61  62  39  63  64  65  66  67  68  69  70  71  


  ==> Energy                -172.537604911
  ==> dE                       -1.78e-04
  ==> Gradient Norm             2.48e+00
  ==> Abs. Max. Deriv.          1.02e-01
  ==> Time-Grad. (s)              45.048
  ==> Time-Energy (s)              5.754
  ==> Time-Iter. (s)              50.802

--------------------------------------------------------------------------------
CEO-ADAPT-VQE iteration: 131
--------------------------------------------------------------------------------
    gate        derivative      name       op1       op2       op3        g_unscaled   penalty
     172        0.00100309      a_ia       172                            0.00200618         2
     164        0.00099980      a_ia       164                            0.00799838         8
     197       -0.00095418      a_ia       197                           -0.00190835         2
     994        0.00085279      a_ia       994                            0.00682233         8
   58050        0.00065540        op     11477     11478                  0.04391189        67
   11477        0.00064081    a_iajb     11477                            0.04293426        67
     764       -0.00063826      a_ia       764                           -0.01276519        20
     960       -0.00062804      a_ia       960                           -0.00879255        14
   58051        0.00062622        om     11477     11478                  0.04195664        67
   52921        0.00062398        om      7340      7341                  0.05303794        85

  ==> Add operator: a_ia 172
  ==> Current qubit order: 2  3  6  7  12  13  1  10  0  14  44  45  11  21  15  18  19  20  32  33  34  43  42  16  17  27  24  25  31  58  28  30  38  4  8  53  52  9  5  59  26  35  56  40  41  29  22  36  23  37  48  46  49  47  50  57  51  54  55  60  61  62  39  63  64  65  66  67  68  69  70  71  


  ==> Energy                -172.537754491
  ==> dE                       -1.50e-04
  ==> Gradient Norm             2.48e+00
  ==> Abs. Max. Deriv.          1.02e-01
  ==> Time-Grad. (s)              45.592
  ==> Time-Energy (s)              6.357
  ==> Time-Iter. (s)              51.948

--------------------------------------------------------------------------------
CEO-ADAPT-VQE iteration: 132
--------------------------------------------------------------------------------
    gate        derivative      name       op1       op2       op3        g_unscaled   penalty
     197       -0.00106440      a_ia       197                           -0.00212881         2
     164        0.00099252      a_ia       164                            0.00794015         8
     994        0.00085266      a_ia       994                            0.00682128         8
   58050        0.00065481        op     11477     11478                  0.04387240        67
   11477        0.00064103    a_iajb     11477                            0.04294927        67
     764       -0.00063717      a_ia       764                           -0.01274333        20
   58051        0.00062726        om     11477     11478                  0.04202615        67
     960       -0.00062562      a_ia       960                           -0.00875867        14
   52921        0.00062363        om      7340      7341                  0.05300865        85
    7340        0.00062223    a_iajb      7340                            0.05288951        85

  ==> Tried operator a_ia 197: gain -6.07e-07 (threshold 1.5e-06), removed and excluded for this stage
  ==> Add operator: a_ia 994
  ==> Current qubit order: 2  3  6  7  12  13  1  10  0  14  44  45  11  21  15  18  19  20  32  33  34  43  42  16  17  27  24  25  31  58  28  30  4  8  53  38  52  9  5  59  26  35  56  40  41  29  22  36  23  37  48  46  49  47  50  57  51  54  55  60  61  62  39  63  64  65  66  67  68  69  70  71  


  ==> Energy                -172.538008802
  ==> dE                       -2.54e-04
  ==> Gradient Norm             2.48e+00
  ==> Abs. Max. Deriv.          1.02e-01
  ==> Time-Grad. (s)              45.743
  ==> Time-Energy (s)             11.264
  ==> Time-Iter. (s)              57.007

--------------------------------------------------------------------------------
CEO-ADAPT-VQE iteration: 133
--------------------------------------------------------------------------------
    gate        derivative      name       op1       op2       op3        g_unscaled   penalty
     164        0.00134090      a_ia       164                            0.00804543         6
     197       -0.00101013      a_ia       197                           -0.00202026         2
     149       -0.00066692      a_ia       149                           -0.00266767         4
   58050        0.00065462        op     11477     11478                  0.04385934        67
   11477        0.00064092    a_iajb     11477                            0.04294140        67
     764       -0.00063614      a_ia       764                           -0.01272279        20
   58051        0.00062722        om     11477     11478                  0.04202347        67
     960       -0.00062639      a_ia       960                           -0.00876950        14
   89563        0.00059809        om     35431     35433                  0.03767952        63
     150        0.00058329      a_ia       150                            0.00116657         2

  ==> Add operator: a_ia 149
  ==> Current qubit order: 2  3  6  7  12  13  1  10  0  14  44  45  11  21  15  18  19  20  32  33  34  43  42  16  17  27  24  25  31  58  30  28  4  8  53  38  52  9  5  59  26  35  56  40  41  29  22  36  23  37  48  46  49  47  50  57  51  54  55  60  61  62  39  63  64  65  66  67  68  69  70  71  


  ==> Energy                -172.538054367
  ==> dE                       -4.56e-05
  ==> Gradient Norm             2.47e+00
  ==> Abs. Max. Deriv.          1.02e-01
  ==> Time-Grad. (s)              46.571
  ==> Time-Energy (s)              6.612
  ==> Time-Iter. (s)              53.184

--------------------------------------------------------------------------------
CEO-ADAPT-VQE iteration: 134
--------------------------------------------------------------------------------
    gate        derivative      name       op1       op2       op3        g_unscaled   penalty
     164        0.00135274      a_ia       164                            0.00811644         6
     197       -0.00100985      a_ia       197                           -0.00201971         2
   58050        0.00077037        op     11477     11478                  0.04391098        57
   11477        0.00075416    a_iajb     11477                            0.04298707        57
   58051        0.00073795        om     11477     11478                  0.04206316        57
     853        0.00068059      a_ia       853                            0.00136118         2
     764       -0.00063587      a_ia       764                           -0.01271743        20
     960       -0.00063362      a_ia       960                           -0.00887075        14
     150        0.00061272      a_ia       150                            0.00245088         4
   89563        0.00059804        om     35431     35433                  0.03767658        63

  ==> Add operator: mvp2 -1: 11477 11478
  ==> Current qubit order: 2  3  6  7  12  13  1  10  0  14  44  45  11  21  15  18  19  20  32  33  34  43  42  16  17  27  24  25  31  58  30  4  8  53  38  52  9  28  5  59  56  26  35  40  41  29  22  36  23  37  48  46  49  47  50  57  51  54  55  60  61  62  39  63  64  65  66  67  68  69  70  71  


  ==> Energy                -172.538243516
  ==> dE                       -1.89e-04
  ==> Gradient Norm             2.47e+00
  ==> Abs. Max. Deriv.          1.02e-01
  ==> Time-Grad. (s)              46.305
  ==> Time-Energy (s)             11.457
  ==> Time-Iter. (s)              57.762

--------------------------------------------------------------------------------
CEO-ADAPT-VQE iteration: 135
--------------------------------------------------------------------------------
    gate        derivative      name       op1       op2       op3        g_unscaled   penalty
     197       -0.00302270      a_ia       197                           -0.00604539         2
     164        0.00197223      a_ia       164                            0.00788890         4
     150        0.00123299      a_ia       150                            0.00246599         2
     768        0.00108877      a_ia       768                            0.00217753         2
     764       -0.00070633      a_ia       764                           -0.01271401        18
     853        0.00070447      a_ia       853                            0.00140893         2
     960       -0.00063237      a_ia       960                           -0.00885312        14
   89563        0.00061769        om     35431     35433                  0.03767934        61
     809       -0.00059565      a_ia       809                           -0.00238260         4
   52921        0.00059557        om      7340      7341                  0.05300559        89

  ==> Add operator: a_ia 150
  ==> Current qubit order: 2  3  6  7  12  13  1  10  0  14  44  45  11  21  15  18  19  20  32  33  34  43  42  16  17  27  24  25  31  58  30  4  8  53  38  52  9  28  5  59  56  26  35  40  41  29  22  36  23  37  48  46  49  47  50  57  51  54  55  60  61  62  39  63  64  65  66  67  68  69  70  71  


  ==> Energy                -172.538319656
  ==> dE                       -7.61e-05
  ==> Gradient Norm             2.47e+00
  ==> Abs. Max. Deriv.          1.02e-01
  ==> Time-Grad. (s)              46.963
  ==> Time-Energy (s)              6.214
  ==> Time-Iter. (s)              53.177

--------------------------------------------------------------------------------
CEO-ADAPT-VQE iteration: 136
--------------------------------------------------------------------------------
    gate        derivative      name       op1       op2       op3        g_unscaled   penalty
     197       -0.00302046      a_ia       197                           -0.00604092         2
     164        0.00200052      a_ia       164                            0.00800206         4
     768        0.00107817      a_ia       768                            0.00215635         2
     764       -0.00070664      a_ia       764                           -0.01271947        18
     960       -0.00063734      a_ia       960                           -0.00892271        14
   89563        0.00061801        om     35431     35433                  0.03769880        61
     853        0.00061119      a_ia       853                            0.00122238         2
   52921        0.00059640        om      7340      7341                  0.05307985        89
    7340        0.00059556    a_iajb      7340                            0.05300461        89
   52920        0.00059471        op      7340      7341                  0.05292936        89

  ==> Tried operator a_ia 768: gain -8.42e-07 (threshold 1.6e-06), removed and excluded for this stage
  ==> Add operator: a_ia 764
  ==> Current qubit order: 2  3  6  7  12  13  1  10  0  14  44  45  11  21  15  18  19  20  32  33  34  43  42  16  17  27  24  25  31  58  30  4  8  53  38  52  9  28  5  59  56  35  40  41  29  22  36  23  37  26  48  46  49  47  50  57  51  54  55  60  61  62  39  63  64  65  66  67  68  69  70  71  


  ==> Energy                -172.538355889
  ==> dE                       -3.62e-05
  ==> Gradient Norm             2.47e+00
  ==> Abs. Max. Deriv.          1.02e-01
  ==> Time-Grad. (s)              47.105
  ==> Time-Energy (s)             13.385
  ==> Time-Iter. (s)              60.490

--------------------------------------------------------------------------------
CEO-ADAPT-VQE iteration: 137
--------------------------------------------------------------------------------
    gate        derivative      name       op1       op2       op3        g_unscaled   penalty
     197       -0.00295073      a_ia       197                           -0.00590147         2
     164        0.00204633      a_ia       164                            0.00818532         4
     763        0.00088296      a_ia       763                            0.00353186         4
     666       -0.00067830      a_ia       666                           -0.00135661         2
   89563        0.00066329        om     35431     35433                  0.03780742        57
     853        0.00063644      a_ia       853                            0.00127288         2
   52921        0.00059640        om      7340      7341                  0.05307986        89
    7340        0.00059556    a_iajb      7340                            0.05300462        89
   52920        0.00059471        op      7340      7341                  0.05292939        89
   89559        0.00058283        om     35431     35432                  0.03322148        57

  ==> Add operator: a_ia 763
  ==> Current qubit order: 2  3  6  7  12  13  1  10  0  14  44  45  11  21  15  18  19  20  32  33  34  43  42  16  17  27  24  25  31  58  30  4  8  53  38  52  9  28  5  59  56  35  40  41  29  22  36  23  37  48  26  46  49  47  50  57  51  54  55  60  61  62  39  63  64  65  66  67  68  69  70  71  


  ==> Energy                -172.538359082
  ==> dE                       -3.19e-06
  ==> Gradient Norm             2.47e+00
  ==> Abs. Max. Deriv.          1.02e-01
  ==> Time-Grad. (s)              47.202
  ==> Time-Energy (s)              6.721
  ==> Time-Iter. (s)              53.923

--------------------------------------------------------------------------------
CEO-ADAPT-VQE iteration: 138
--------------------------------------------------------------------------------
    gate        derivative      name       op1       op2       op3        g_unscaled   penalty
     197       -0.00291461      a_ia       197                           -0.00582921         2
     164        0.00206641      a_ia       164                            0.00826564         4
     666       -0.00066667      a_ia       666                           -0.00133333         2
   89563        0.00064040        om     35431     35433                  0.03778387        59
     853        0.00061387      a_ia       853                            0.00122774         2
   52921        0.00059640        om      7340      7341                  0.05307986        89
    7340        0.00059556    a_iajb      7340                            0.05300462        89
   52920        0.00059471        op      7340      7341                  0.05292937        89
   89559        0.00056268        om     35431     35432                  0.03319823        59
     960       -0.00056034      a_ia       960                           -0.00896542        16

  ==> Tried operator a_ia 666: gain -1.22e-06 (threshold 1.5e-06), removed and excluded for this stage
  ==> Add operator: mvp3 -1: 35431 35432 35433
  ==> Current qubit order: 2  3  6  7  12  13  1  10  0  14  44  45  11  21  15  18  19  20  32  33  34  43  42  16  17  27  24  25  31  58  30  4  8  53  38  52  9  28  5  59  56  35  40  41  29  23  37  48  22  36  26  50  46  49  47  57  51  54  55  60  61  62  39  63  64  65  66  67  68  69  70  71  


  ==> Energy                -172.539091076
  ==> dE                       -7.32e-04
  ==> Gradient Norm             2.47e+00
  ==> Abs. Max. Deriv.          1.02e-01
  ==> Time-Grad. (s)              47.073
  ==> Time-Energy (s)             23.935
  ==> Time-Iter. (s)              71.008

--------------------------------------------------------------------------------
CEO-ADAPT-VQE iteration: 139
--------------------------------------------------------------------------------
    gate        derivative      name       op1       op2       op3        g_unscaled   penalty
     197       -0.00296275      a_ia       197                           -0.00592550         2
     960       -0.00228788      a_ia       960                           -0.00915151         4
     164        0.00206605      a_ia       164                            0.00826420         4
     765       -0.00155967      a_ia       765                           -0.00311934         2
     758       -0.00152160      a_ia       758                           -0.00304320         2
    1105       -0.00114257      a_ia      1105                           -0.00228515         2
     661        0.00114183      a_ia       661                            0.00456733         4
     673       -0.00105559      a_ia       673                           -0.00633357         6
     672       -0.00104789      a_ia       672                           -0.00209579         2
     686       -0.00079436      a_ia       686                           -0.00158871         2

  ==> Add operator: a_ia 960
  ==> Current qubit order: 2  3  6  7  12  13  1  10  0  14  44  45  11  21  15  18  19  20  32  33  34  43  42  16  17  27  24  25  31  58  30  4  8  53  38  52  9  28  5  59  56  35  40  41  29  23  37  48  22  26  36  50  46  49  47  57  51  54  55  60  61  62  39  63  64  65  66  67  68  69  70  71  


  ==> Energy                -172.539981535
  ==> dE                       -8.90e-04
  ==> Gradient Norm             2.47e+00
  ==> Abs. Max. Deriv.          1.02e-01
  ==> Time-Grad. (s)              46.888
  ==> Time-Energy (s)              6.165
  ==> Time-Iter. (s)              53.054

--------------------------------------------------------------------------------
CEO-ADAPT-VQE iteration: 140
--------------------------------------------------------------------------------
    gate        derivative      name       op1       op2       op3        g_unscaled   penalty
     197       -0.00305300      a_ia       197                           -0.00610600         2
     164        0.00204062      a_ia       164                            0.00816247         4
     758       -0.00186434      a_ia       758                           -0.00372867         2
     661        0.00140075      a_ia       661                            0.00280150         2
     672       -0.00117896      a_ia       672                           -0.00235793         2
     673       -0.00108342      a_ia       673                           -0.00650053         6
     686       -0.00071205      a_ia       686                           -0.00142410         2
     853        0.00069321      a_ia       853                            0.00138642         2
     765        0.00066584      a_ia       765                            0.00266337         4
   52921        0.00059640        om      7340      7341                  0.05307960        89

  ==> Add operator: a_ia 758
  ==> Current qubit order: 2  3  6  7  12  13  1  10  0  14  44  45  11  21  15  18  19  20  32  33  34  43  42  16  17  27  24  25  31  58  30  4  8  53  38  52  9  28  5  59  56  35  40  41  29  23  37  48  22  26  36  50  46  49  47  57  51  54  55  60  61  62  39  63  64  65  66  67  68  69  70  71  


  ==> Energy                -172.540404435
  ==> dE                       -4.23e-04
  ==> Gradient Norm             2.46e+00
  ==> Abs. Max. Deriv.          1.02e-01
  ==> Time-Grad. (s)              45.864
  ==> Time-Energy (s)             79.729
  ==> Time-Iter. (s)             125.593

--------------------------------------------------------------------------------
CEO-ADAPT-VQE iteration: 141
--------------------------------------------------------------------------------
    gate        derivative      name       op1       op2       op3        g_unscaled   penalty
     164        0.00238833      a_ia       164                            0.00955331         4
     197       -0.00163462      a_ia       197                           -0.00326924         2
     661        0.00158628      a_ia       661                            0.00317256         2
     672       -0.00082906      a_ia       672                           -0.00165813         2
     765       -0.00060870      a_ia       765                           -0.00243480         4
   52921        0.00059847        om      7340      7341                  0.05326356        89
    7340        0.00059801    a_iajb      7340                            0.05322245        89
   52920        0.00059754        op      7340      7341                  0.05318135        89
     543       -0.00055969      a_ia       543                           -0.00335814         6
     161       -0.00054790      a_ia       161                           -0.00438321         8

  ==> Add operator: a_ia 661
  ==> Current qubit order: 2  3  6  7  12  13  1  10  0  14  44  45  11  21  15  18  19  20  32  33  34  43  42  16  17  27  24  25  31  58  30  4  8  53  38  52  9  28  5  59  56  35  40  41  29  23  37  48  22  26  36  50  46  49  47  57  51  54  55  60  61  62  39  63  64  65  66  67  68  69  70  71  


  ==> Energy                -172.540566539
  ==> dE                       -1.62e-04
  ==> Gradient Norm             2.46e+00
  ==> Abs. Max. Deriv.          1.02e-01
  ==> Time-Grad. (s)              46.776
  ==> Time-Energy (s)              5.561
  ==> Time-Iter. (s)              52.337

--------------------------------------------------------------------------------
CEO-ADAPT-VQE iteration: 142
--------------------------------------------------------------------------------
    gate        derivative      name       op1       op2       op3        g_unscaled   penalty
     164        0.00238686      a_ia       164                            0.00954745         4
     197       -0.00164409      a_ia       197                           -0.00328817         2
     672       -0.00073196      a_ia       672                           -0.00146392         2
     853        0.00062354      a_ia       853                            0.00124707         2
   52921        0.00059846        om      7340      7341                  0.05326308        89
    7340        0.00059800    a_iajb      7340                            0.05322200        89
   52920        0.00059754        op      7340      7341                  0.05318092        89
     543       -0.00056710      a_ia       543                           -0.00340257         6
   60468        0.00054649        op     13358     13359                  0.07924049       145
   13358        0.00054646    a_iajb     13358                            0.07923724       145

  ==> Tried operator a_ia 672: gain -1.15e-06 (threshold 1.7e-06), removed and excluded for this stage
  ==> Tried operator a_ia 853: gain -4.31e-07 (threshold 1.7e-06), removed and excluded for this stage
  ==> Add operator: om -1: 7340 7341
  ==> Current qubit order: 2  3  6  7  12  13  1  10  0  14  44  45  11  21  15  18  19  20  32  33  34  43  42  16  17  27  24  25  31  58  30  8  53  38  52  9  28  59  35  4  5  56  57  40  41  29  23  37  48  22  26  36  50  46  49  47  51  54  55  60  61  62  39  63  64  65  66  67  68  69  70  71  


  ==> Energy                -172.540749679
  ==> dE                       -1.83e-04
  ==> Gradient Norm             2.46e+00
  ==> Abs. Max. Deriv.          1.02e-01
  ==> Time-Grad. (s)              47.167
  ==> Time-Energy (s)             21.551
  ==> Time-Iter. (s)              68.718

--------------------------------------------------------------------------------
CEO-ADAPT-VQE iteration: 143
--------------------------------------------------------------------------------
    gate        derivative      name       op1       op2       op3        g_unscaled   penalty
     672       -0.00073370      a_ia       672                           -0.00146740         2
   58049        0.00068389        om     11475     11476                  0.03214269        47
   11475        0.00065662    a_iajb     11475                            0.03086113        47
   55282        0.00064355        op      9216      9217                  0.03539539        55
   58048        0.00062935        op     11475     11476                  0.02957957        47
     292       -0.00062475      a_ia       292                           -0.00249898         4
     853        0.00062418      a_ia       853                            0.00124835         2
     196        0.00061689      a_ia       196                            0.00246757         4
    9216        0.00061570    a_iajb      9216                            0.03386373        55
   57885       -0.00059936        om     11311     11312                 -0.03536241        59

  ==> Add operator: mvp2 -1: 11475 11476
  ==> Current qubit order: 2  3  6  7  12  13  1  10  0  14  44  45  11  21  15  18  19  20  32  33  34  43  42  16  17  27  24  25  31  58  30  8  53  38  52  9  59  35  4  28  5  56  57  40  41  29  23  37  48  22  26  36  50  46  49  47  51  54  55  60  61  62  39  63  64  65  66  67  68  69  70  71  


  ==> Energy                -172.540964500
  ==> dE                       -2.15e-04
  ==> Gradient Norm             2.46e+00
  ==> Abs. Max. Deriv.          1.02e-01
  ==> Time-Grad. (s)              46.826
  ==> Time-Energy (s)             12.561
  ==> Time-Iter. (s)              59.386

--------------------------------------------------------------------------------
CEO-ADAPT-VQE iteration: 144
--------------------------------------------------------------------------------
    gate        derivative      name       op1       op2       op3        g_unscaled   penalty
     196        0.00277682      a_ia       196                            0.01110728         4
     672       -0.00074777      a_ia       672                           -0.00149554         2
     292       -0.00063388      a_ia       292                           -0.00253552         4
     853        0.00063185      a_ia       853                            0.00126370         2
   55282        0.00060830        op      9216      9217                  0.03467289        57
     811        0.00060149      a_ia       811                            0.00240595         4
   55302       -0.00058705        op      9236      9237                 -0.06516262       111
    9216        0.00058354    a_iajb      9216                            0.03326173        57
     543       -0.00056900      a_ia       543                           -0.00341402         6
   88831        0.00056016        om     34850     34851                  0.03304966        59

  ==> Add operator: a_ia 196
  ==> Current qubit order: 2  3  6  7  12  13  1  10  0  14  44  45  11  21  15  18  19  20  32  33  34  43  42  16  17  27  24  25  31  58  30  8  53  38  52  9  59  35  4  28  56  5  57  40  41  29  23  37  48  22  26  36  50  46  49  47  51  54  55  60  61  62  39  63  64  65  66  67  68  69  70  71  


  ==> Energy                -172.540981289
  ==> dE                       -1.68e-05
  ==> Gradient Norm             2.46e+00
  ==> Abs. Max. Deriv.          1.02e-01
  ==> Time-Grad. (s)              47.262
  ==> Time-Energy (s)              6.700
  ==> Time-Iter. (s)              53.962

--------------------------------------------------------------------------------
CEO-ADAPT-VQE iteration: 145
--------------------------------------------------------------------------------
    gate        derivative      name       op1       op2       op3        g_unscaled   penalty
     811        0.00111154      a_ia       811                            0.00222308         2
     672       -0.00075845      a_ia       672                           -0.00151691         2
     853        0.00063939      a_ia       853                            0.00127879         2
     292       -0.00062081      a_ia       292                           -0.00248326         4
   55282        0.00058957        op      9216      9217                  0.03478481        59
   55302       -0.00058710        op      9236      9237                 -0.06516763       111
    9216        0.00056561    a_iajb      9216                            0.03337089        59
     543       -0.00056330      a_ia       543                           -0.00337981         6
   88831        0.00056016        om     34850     34851                  0.03304962        59
    9236       -0.00055708    a_iajb      9236                           -0.06183535       111

  ==> Tried operator a_ia 811: gain -7.81e-07 (threshold 1.7e-06), removed and excluded for this stage
  ==> Add operator: mvp2 -1: 9216 9217
  ==> Current qubit order: 2  3  6  7  12  13  1  10  0  14  44  45  11  21  15  18  19  20  32  33  34  43  42  16  17  27  24  25  31  58  30  8  53  38  52  9  59  35  28  4  56  57  29  5  40  41  23  37  48  22  26  36  50  46  49  47  51  54  55  60  61  62  39  63  64  65  66  67  68  69  70  71  


  ==> Energy                -172.541223688
  ==> dE                       -2.42e-04
  ==> Gradient Norm             2.46e+00
  ==> Abs. Max. Deriv.          1.02e-01
  ==> Time-Grad. (s)              47.137
  ==> Time-Energy (s)             20.350
  ==> Time-Iter. (s)              67.488

--------------------------------------------------------------------------------
CEO-ADAPT-VQE iteration: 146
--------------------------------------------------------------------------------
    gate        derivative      name       op1       op2       op3        g_unscaled   penalty
     163        0.00416607      a_ia       163                            0.00833214         2
     672       -0.00075480      a_ia       672                           -0.00150960         2
     292       -0.00061883      a_ia       292                           -0.00247530         4
     853        0.00060407      a_ia       853                            0.00120814         2
     188       -0.00059607      a_ia       188                           -0.00238428         4
     182       -0.00058206      a_ia       182                           -0.00116411         2
   57233       -0.00056958        om     10806     10807                 -0.03474414        61
     543       -0.00056462      a_ia       543                           -0.00338770         6
   88831        0.00056014        om     34850     34851                  0.03304842        59
   92309       -0.00055645        om     37437     37438                 -0.03060489        55

  ==> Add operator: a_ia 163
  ==> Current qubit order: 2  3  6  7  12  13  1  10  0  14  44  45  11  21  15  18  19  20  32  33  34  43  42  16  17  27  24  25  31  58  30  8  53  38  52  9  59  35  28  4  56  57  29  5  40  41  23  37  48  22  26  36  50  46  49  47  51  54  55  60  61  62  39  63  64  65  66  67  68  69  70  71  


  ==> Energy                -172.541232881
  ==> dE                       -9.19e-06
  ==> Gradient Norm             2.46e+00
  ==> Abs. Max. Deriv.          1.02e-01
  ==> Time-Grad. (s)              47.491
  ==> Time-Energy (s)              6.476
  ==> Time-Iter. (s)              53.967

--------------------------------------------------------------------------------
CEO-ADAPT-VQE iteration: 147
--------------------------------------------------------------------------------
    gate        derivative      name       op1       op2       op3        g_unscaled   penalty
     672       -0.00077276      a_ia       672                           -0.00154553         2
     853        0.00063558      a_ia       853                            0.00127116         2
     292       -0.00062097      a_ia       292                           -0.00248389         4
     188       -0.00058382      a_ia       188                           -0.00233526         4
     182       -0.00057982      a_ia       182                           -0.00115964         2
   57233       -0.00056958        om     10806     10807                 -0.03474432        61
     543       -0.00056206      a_ia       543                           -0.00337238         6
   88831        0.00056014        om     34850     34851                  0.03304834        59
   92309       -0.00055645        om     37437     37438                 -0.03060468        55
   55302       -0.00053937        op      9236      9237                 -0.06526373       121

  ==> Tried operator a_ia 188: gain -1.08e-06 (threshold 1.8e-06), removed and excluded for this stage
  ==> Add operator: a_ia 182
  ==> Current qubit order: 2  3  6  7  12  13  1  10  0  14  44  45  11  21  15  18  19  20  32  33  34  43  42  16  17  27  24  25  31  58  30  8  53  38  52  9  59  35  28  4  56  57  29  5  40  41  23  37  48  22  26  36  50  46  49  47  51  54  55  60  61  62  39  63  64  65  66  67  68  69  70  71  


  ==> Energy                -172.541241269
  ==> dE                       -8.39e-06
  ==> Gradient Norm             2.46e+00
  ==> Abs. Max. Deriv.          1.02e-01
  ==> Time-Grad. (s)              47.513
  ==> Time-Energy (s)             13.888
  ==> Time-Iter. (s)              61.401

--------------------------------------------------------------------------------
CEO-ADAPT-VQE iteration: 148
--------------------------------------------------------------------------------
    gate        derivative      name       op1       op2       op3        g_unscaled   penalty
     672       -0.00077276      a_ia       672                           -0.00154552         2
     853        0.00062813      a_ia       853                            0.00125627         2
     292       -0.00061955      a_ia       292                           -0.00247822         4
     188       -0.00057513      a_ia       188                           -0.00230051         4
   57233       -0.00056609        om     10806     10807                 -0.03453178        61
     543       -0.00056174      a_ia       543                           -0.00337042         6
   88831        0.00056017        om     34850     34851                  0.03304992        59
   92309       -0.00055654        om     37437     37438                 -0.03060996        55
   55302       -0.00053944        op      9236      9237                 -0.06527220       121
   34850        0.00053539    a_iajb     34850                            0.03158797        59

  ==> Add operator: mvp2 -1: 10806 10807
  ==> Current qubit order: 2  3  6  7  12  13  1  10  0  14  44  45  11  21  15  18  19  20  32  33  34  43  42  16  17  27  24  25  31  58  30  8  53  38  52  9  59  35  28  4  56  57  29  40  41  23  37  48  22  5  26  36  51  50  46  49  47  54  55  60  61  62  39  63  64  65  66  67  68  69  70  71  


  ==> Energy                -172.541488861
  ==> dE                       -2.48e-04
  ==> Gradient Norm             2.46e+00
  ==> Abs. Max. Deriv.          1.02e-01
  ==> Time-Grad. (s)              47.435
  ==> Time-Energy (s)             11.858
  ==> Time-Iter. (s)              59.293

--------------------------------------------------------------------------------
CEO-ADAPT-VQE iteration: 149
--------------------------------------------------------------------------------
    gate        derivative      name       op1       op2       op3        g_unscaled   penalty
     193       -0.00083172      a_ia       193                           -0.00499029         6
     672       -0.00076424      a_ia       672                           -0.00152847         2
     853        0.00062871      a_ia       853                            0.00125741         2
   92309       -0.00062261        om     37437     37438                 -0.03050776        49
     292       -0.00061399      a_ia       292                           -0.00245598         4
   52996        0.00058962        op      7416      7417                  0.06780663       115
   52997        0.00058962        om      7416      7417                  0.06780663       115
   88831        0.00057964        om     34850     34851                  0.03303964        57
   52805        0.00056896        om      7224      7225                  0.04380960        77
    7224        0.00056776    a_iajb      7224                            0.04371771        77

  ==> Add operator: a_ia 193
  ==> Current qubit order: 2  3  6  7  12  13  1  10  0  14  44  45  11  21  15  18  19  20  32  33  34  43  42  16  17  27  24  25  31  58  30  8  53  38  52  9  59  35  28  4  56  57  29  40  41  23  37  48  22  26  36  5  51  50  46  49  47  54  55  60  61  62  39  63  64  65  66  67  68  69  70  71  


  ==> Energy                -172.541492309
  ==> dE                       -3.45e-06
  ==> Gradient Norm             2.45e+00
  ==> Abs. Max. Deriv.          1.02e-01
  ==> Time-Grad. (s)              48.067
  ==> Time-Energy (s)              6.655
  ==> Time-Iter. (s)              54.722

--------------------------------------------------------------------------------
CEO-ADAPT-VQE iteration: 150
--------------------------------------------------------------------------------
    gate        derivative      name       op1       op2       op3        g_unscaled   penalty
     672       -0.00077114      a_ia       672                           -0.00154228         2
     853        0.00062808      a_ia       853                            0.00125617         2
   92309       -0.00062411        om     37437     37438                 -0.03058125        49
     292       -0.00061761      a_ia       292                           -0.00247042         4
   52996        0.00061089        op      7416      7417                  0.06780860       111
   52997        0.00061089        om      7416      7417                  0.06780860       111
   88831        0.00058049        om     34850     34851                  0.03308803        57
     543       -0.00056150      a_ia       543                           -0.00336900         6
   34850        0.00055481    a_iajb     34850                            0.03162418        57
   52805        0.00054110        om      7224      7225                  0.04382936        81

  ==> Add operator: mvp2 -1: 37437 37438
  ==> Current qubit order: 2  3  6  7  12  13  1  10  0  14  44  45  11  21  15  18  19  20  32  33  34  43  42  16  17  27  24  25  31  58  30  8  53  38  52  9  59  35  28  4  56  57  29  40  41  37  48  22  23  26  36  51  5  50  46  49  47  54  55  60  61  62  39  63  64  65  66  67  68  69  70  71  


  ==> Energy                -172.542345589
  ==> dE                       -8.53e-04
  ==> Gradient Norm             2.45e+00
  ==> Abs. Max. Deriv.          1.02e-01
  ==> Time-Grad. (s)              47.731
  ==> Time-Energy (s)             12.611
  ==> Time-Iter. (s)              60.342

--------------------------------------------------------------------------------
CEO-ADAPT-VQE iteration: 151
--------------------------------------------------------------------------------
    gate        derivative      name       op1       op2       op3        g_unscaled   penalty
     697       -0.00198258      a_ia       697                           -0.01189548         6
     672       -0.00069651      a_ia       672                           -0.00139302         2
     853        0.00064735      a_ia       853                            0.00129470         2
   52996        0.00062214        op      7416      7417                  0.06781334       109
   52997        0.00062214        om      7416      7417                  0.06781334       109
     193       -0.00061183      a_ia       193                           -0.00122365         2
     292       -0.00060202      a_ia       292                           -0.00240809         4
     543       -0.00056407      a_ia       543                           -0.00338445         6
    7416        0.00054251    a_iajb      7416                            0.06781334       125
   55302       -0.00053947        op      9236      9237                 -0.06527643       121

  ==> Add operator: a_ia 697
  ==> Current qubit order: 2  3  6  7  12  13  1  10  0  14  44  45  11  21  15  18  19  20  32  33  34  43  42  16  17  27  24  25  31  58  30  8  53  38  52  9  59  35  28  4  56  57  29  40  41  37  48  22  26  36  23  51  5  50  46  49  47  54  55  60  61  62  39  63  64  65  66  67  68  69  70  71  


  ==> Energy                -172.542375320
  ==> dE                       -2.97e-05
  ==> Gradient Norm             2.45e+00
  ==> Abs. Max. Deriv.          1.02e-01
  ==> Time-Grad. (s)              47.797
  ==> Time-Energy (s)              6.716
  ==> Time-Iter. (s)              54.512

--------------------------------------------------------------------------------
CEO-ADAPT-VQE iteration: 152
--------------------------------------------------------------------------------
    gate        derivative      name       op1       op2       op3        g_unscaled   penalty
     672       -0.00077509      a_ia       672                           -0.00155018         2
     179       -0.00068047      a_ia       179                           -0.00272187         4
     193       -0.00062648      a_ia       193                           -0.00125296         2
     853        0.00062509      a_ia       853                            0.00125018         2
   52996        0.00062214        op      7416      7417                  0.06781325       109
   52997        0.00062214        om      7416      7417                  0.06781325       109
     292       -0.00062082      a_ia       292                           -0.00248328         4
     543       -0.00056720      a_ia       543                           -0.00340318         6
   88882        0.00054427        op     34902     34903                  0.03755448        69
   34902        0.00054423    a_iajb     34902                            0.03755218        69

  ==> Add operator: a_ia 179
  ==> Current qubit order: 2  3  6  7  12  13  1  10  0  14  44  45  11  21  15  18  19  20  32  33  34  43  42  16  17  27  24  25  31  58  30  8  53  38  52  9  59  35  28  4  56  57  29  40  41  37  48  22  26  36  51  23  5  50  46  49  47  54  55  60  61  62  39  63  64  65  66  67  68  69  70  71  


  ==> Energy                -172.542552459
  ==> dE                       -1.77e-04
  ==> Gradient Norm             2.45e+00
  ==> Abs. Max. Deriv.          1.02e-01
  ==> Time-Grad. (s)              47.865
  ==> Time-Energy (s)              6.852
  ==> Time-Iter. (s)              54.717

--------------------------------------------------------------------------------
CEO-ADAPT-VQE iteration: 153
--------------------------------------------------------------------------------
    gate        derivative      name       op1       op2       op3        g_unscaled   penalty
     323       -0.00080746      a_ia       323                           -0.00161491         2
     672       -0.00073738      a_ia       672                           -0.00147476         2
     853        0.00063888      a_ia       853                            0.00127775         2
   52996        0.00062241        op      7416      7417                  0.06784230       109
   52997        0.00062241        om      7416      7417                  0.06784230       109
     292       -0.00060134      a_ia       292                           -0.00240535         4
     543       -0.00057230      a_ia       543                           -0.00343380         6
   88882        0.00056041        op     34902     34903                  0.03754771        67
   34902        0.00056038    a_iajb     34902                            0.03754550        67
   88883        0.00056035        om     34902     34903                  0.03754329        67

  ==> Tried operator a_ia 323: gain -3.60e-07 (threshold 1.7e-06), removed and excluded for this stage
  ==> Add operator: op -1: 7416 7417
  ==> Current qubit order: 2  3  6  7  12  13  1  10  0  14  44  45  11  21  15  18  19  20  32  33  34  43  42  16  17  27  24  25  31  58  30  8  53  38  52  9  59  35  28  56  57  29  40  41  37  48  22  26  36  51  23  50  46  49  47  4  5  68  69  54  55  60  61  62  39  63  64  65  66  67  70  71  


  ==> Energy                -172.542750726
  ==> dE                       -1.98e-04
  ==> Gradient Norm             2.45e+00
  ==> Abs. Max. Deriv.          1.02e-01
  ==> Time-Grad. (s)              48.270
  ==> Time-Energy (s)             14.240
  ==> Time-Iter. (s)              62.510

--------------------------------------------------------------------------------
CEO-ADAPT-VQE iteration: 154
--------------------------------------------------------------------------------
    gate        derivative      name       op1       op2       op3        g_unscaled   penalty
   52832       -0.00105628        op      7252      7253                 -0.04330735        41
    7252       -0.00105095    a_iajb      7252                           -0.04308914        41
   52833       -0.00104563        om      7252      7253                 -0.04287092        41
     811        0.00103719      a_ia       811                            0.00207438         2
   52805        0.00101152        om      7224      7225                  0.04349543        43
    7224        0.00100996    a_iajb      7224                            0.04342840        43
   52804        0.00100840        op      7224      7225                  0.04336138        43
     191       -0.00084789      a_ia       191                           -0.00339158         4
     323       -0.00080741      a_ia       323                           -0.00161482         2
   52819       -0.00078759        om      7238      7239                 -0.04331751        55

  ==> Add operator: mvp2 -1: 7252 7253
  ==> Current qubit order: 2  3  6  7  12  13  1  10  0  14  44  45  11  21  15  18  19  20  32  33  34  43  42  16  17  27  24  25  31  58  30  8  53  38  52  9  59  35  28  56  57  29  40  41  37  48  22  26  36  51  23  50  46  49  47  4  5  68  69  54  55  60  61  62  39  63  64  65  66  67  70  71  


  ==> Energy                -172.543591883
  ==> dE                       -8.41e-04
  ==> Gradient Norm             2.45e+00
  ==> Abs. Max. Deriv.          1.02e-01
  ==> Time-Grad. (s)              48.014
  ==> Time-Energy (s)            207.866
  ==> Time-Iter. (s)             255.880

--------------------------------------------------------------------------------
CEO-ADAPT-VQE iteration: 155
--------------------------------------------------------------------------------
    gate        derivative      name       op1       op2       op3        g_unscaled   penalty
   52805        0.00102769        om      7224      7225                  0.04419078        43
    7224        0.00102596    a_iajb      7224                            0.04411632        43
   52804        0.00102423        op      7224      7225                  0.04404186        43
     323       -0.00091275      a_ia       323                           -0.00182550         2
     811        0.00086786      a_ia       811                            0.00173573         2
   52819       -0.00078344        om      7238      7239                 -0.04308921        55
    7238       -0.00077727    a_iajb      7238                           -0.04275005        55
   52818       -0.00077111        op      7238      7239                 -0.04241089        55
     202       -0.00076380      a_ia       202                           -0.00305518         4
   52860        0.00065127        op      7280      7281                  0.03581974        55

  ==> Add operator: mvp2 -1: 7224 7225
  ==> Current qubit order: 2  3  6  7  12  13  1  10  0  14  44  45  11  21  15  18  19  20  32  33  34  43  42  16  17  27  24  25  31  58  30  8  53  38  52  9  59  35  28  56  57  29  40  41  37  48  22  26  36  51  23  50  49  46  47  4  5  68  69  54  55  60  61  62  39  63  64  65  66  67  70  71  


  ==> Energy                -172.543737229
  ==> dE                       -1.45e-04
  ==> Gradient Norm             2.44e+00
  ==> Abs. Max. Deriv.          1.02e-01
  ==> Time-Grad. (s)              48.253
  ==> Time-Energy (s)             13.114
  ==> Time-Iter. (s)              61.367

--------------------------------------------------------------------------------
CEO-ADAPT-VQE iteration: 156
--------------------------------------------------------------------------------
    gate        derivative      name       op1       op2       op3        g_unscaled   penalty
     323       -0.00091102      a_ia       323                           -0.00182204         2
     811        0.00086109      a_ia       811                            0.00172217         2
   52819       -0.00083605        om      7238      7239                 -0.04431078        53
    7238       -0.00083036    a_iajb      7238                           -0.04400898        53
   52818       -0.00082466        op      7238      7239                 -0.04370719        53
     696       -0.00075514      a_ia       696                           -0.00302055         4
     158       -0.00073864      a_ia       158                           -0.00295455         4
     202       -0.00071473      a_ia       202                           -0.00285894         4
   52860        0.00064587        op      7280      7281                  0.03552279        55
    7280        0.00063673    a_iajb      7280                            0.03502042        55

  ==> Add operator: mvp2 -1: 7238 7239
  ==> Current qubit order: 2  3  6  7  12  13  1  10  0  14  44  45  11  21  15  18  19  20  32  33  34  43  42  16  17  27  24  25  31  58  30  8  53  38  52  9  59  35  28  56  57  29  40  41  37  48  22  26  36  51  23  50  49  47  46  4  5  69  68  54  55  60  61  62  39  63  64  65  66  67  70  71  


  ==> Energy                -172.543967908
  ==> dE                       -2.31e-04
  ==> Gradient Norm             2.44e+00
  ==> Abs. Max. Deriv.          1.02e-01
  ==> Time-Grad. (s)              48.484
  ==> Time-Energy (s)             12.556
  ==> Time-Iter. (s)              61.039

--------------------------------------------------------------------------------
CEO-ADAPT-VQE iteration: 157
--------------------------------------------------------------------------------
    gate        derivative      name       op1       op2       op3        g_unscaled   penalty
     158       -0.00101990      a_ia       158                           -0.00203979         2
     323       -0.00091128      a_ia       323                           -0.00182257         2
     811        0.00081249      a_ia       811                            0.00162498         2
     696       -0.00075558      a_ia       696                           -0.00302233         4
   52860        0.00064527        op      7280      7281                  0.03548989        55
     853        0.00064171      a_ia       853                            0.00128342         2
    7280        0.00063616    a_iajb      7280                            0.03498857        55
   52861        0.00062704        om      7280      7281                  0.03448724        55
   55302       -0.00061422        op      9236      9237                 -0.05957887        97
    9236       -0.00058834    a_iajb      9236                           -0.05706858        97

  ==> Tried operator a_ia 158: gain -8.58e-07 (threshold 1.9e-06), removed and excluded for this stage
  ==> Add operator: a_ia 696
  ==> Current qubit order: 2  3  6  7  12  13  1  10  0  14  44  45  11  21  15  18  19  20  32  33  34  43  42  16  17  27  24  25  31  58  30  8  53  38  52  9  59  35  28  56  57  29  40  41  37  48  22  26  36  51  50  23  49  47  46  4  5  69  68  54  55  60  61  62  39  63  64  65  66  67  70  71  


  ==> Energy                -172.543971122
  ==> dE                       -3.21e-06
  ==> Gradient Norm             2.44e+00
  ==> Abs. Max. Deriv.          1.02e-01
  ==> Time-Grad. (s)              48.036
  ==> Time-Energy (s)             15.753
  ==> Time-Iter. (s)              63.789

--------------------------------------------------------------------------------
CEO-ADAPT-VQE iteration: 158
--------------------------------------------------------------------------------
    gate        derivative      name       op1       op2       op3        g_unscaled   penalty
     158       -0.00099266      a_ia       158                           -0.00198532         2
     323       -0.00088436      a_ia       323                           -0.00176872         2
     811        0.00084857      a_ia       811                            0.00169715         2
     853        0.00062536      a_ia       853                            0.00125073         2
   52860        0.00062263        op      7280      7281                  0.03548983        57
   55302       -0.00061421        op      9236      9237                 -0.05957868        97
    7280        0.00061383    a_iajb      7280                            0.03498850        57
   52861        0.00060504        om      7280      7281                  0.03448717        57
     292       -0.00059143      a_ia       292                           -0.00236572         4
    9236       -0.00058834    a_iajb      9236                           -0.05706891        97

  ==> Add operator: mvp2 -1: 7280 7281
  ==> Current qubit order: 2  3  6  7  12  13  1  10  0  14  44  45  11  21  15  18  19  20  32  33  34  43  42  16  17  27  24  25  31  58  30  8  53  38  52  9  59  35  28  56  57  29  40  41  37  48  22  26  36  23  51  50  4  5  49  47  46  69  68  54  55  60  61  62  39  63  64  65  66  67  70  71  


  ==> Energy                -172.544189983
  ==> dE                       -2.19e-04
  ==> Gradient Norm             2.44e+00
  ==> Abs. Max. Deriv.          1.02e-01
  ==> Time-Grad. (s)              48.142
  ==> Time-Energy (s)             12.890
  ==> Time-Iter. (s)              61.032

--------------------------------------------------------------------------------
CEO-ADAPT-VQE iteration: 159
--------------------------------------------------------------------------------
    gate        derivative      name       op1       op2       op3        g_unscaled   penalty
     323       -0.00088325      a_ia       323                           -0.00176651         2
     811        0.00084227      a_ia       811                            0.00168454         2
     192       -0.00076064      a_ia       192                           -0.00152128         2
     160       -0.00074341      a_ia       160                           -0.00148681         2
   55302       -0.00065452        op      9236      9237                 -0.05956163        91
   52962       -0.00064528        op      7382      7383                 -0.05872034        91
     853        0.00063152      a_ia       853                            0.00126303         2
    9236       -0.00062700    a_iajb      9236                           -0.05705705        91
    7382       -0.00062565    a_iajb      7382                           -0.05693440        91
   52963       -0.00060603        om      7382      7383                 -0.05514845        91

  ==> Tried operator a_ia 192: gain -4.24e-07 (threshold 1.9e-06), removed and excluded for this stage
  ==> Tried operator a_ia 160: gain -3.12e-07 (threshold 1.9e-06), removed and excluded for this stage
  ==> Add operator: mvp2 -1: 9236 9237
  ==> Current qubit order: 2  3  6  7  12  13  1  10  0  14  44  45  11  21  15  18  19  20  32  33  34  43  42  16  17  27  24  25  31  58  30  8  53  38  52  9  59  35  28  56  40  41  37  48  22  26  36  57  29  4  68  23  51  50  5  49  47  46  69  54  55  60  61  62  39  63  64  65  66  67  70  71  


  ==> Energy                -172.544646014
  ==> dE                       -4.56e-04
  ==> Gradient Norm             2.43e+00
  ==> Abs. Max. Deriv.          1.02e-01
  ==> Time-Grad. (s)              48.158
  ==> Time-Energy (s)             27.769
  ==> Time-Iter. (s)              75.927

--------------------------------------------------------------------------------
CEO-ADAPT-VQE iteration: 160
--------------------------------------------------------------------------------
    gate        derivative      name       op1       op2       op3        g_unscaled   penalty
     169       -0.00570384      a_ia       169                           -0.01140768         2
     323       -0.00091682      a_ia       323                           -0.00183365         2
     811        0.00090320      a_ia       811                            0.00180641         2
     192       -0.00078371      a_ia       192                           -0.00156741         2
   58333        0.00074960        om     11635     11637                  0.05022327        67
   58328        0.00069724        op     11635     11636                  0.04671495        67
   11635        0.00069546    a_iajb     11635                            0.04659561        67
   58329        0.00069368        om     11635     11636                  0.04647628        67
   90730        0.00067212        op     36279     36280                  0.03158949        47
   58332        0.00064131        op     11635     11637                  0.04296795        67

  ==> Add operator: a_ia 169
  ==> Current qubit order: 2  3  6  7  12  13  1  10  0  14  44  45  11  21  15  18  19  20  32  33  34  43  42  16  17  27  24  25  31  58  30  8  53  38  52  9  59  35  28  56  40  41  37  48  22  26  36  57  29  4  68  23  51  50  5  49  47  46  69  54  55  60  61  62  39  63  64  65  66  67  70  71  


  ==> Energy                -172.544657026
  ==> dE                       -1.10e-05
  ==> Gradient Norm             2.43e+00
  ==> Abs. Max. Deriv.          1.02e-01
  ==> Time-Grad. (s)              48.157
  ==> Time-Energy (s)              7.363
  ==> Time-Iter. (s)              55.521

--------------------------------------------------------------------------------
CEO-ADAPT-VQE iteration: 161
--------------------------------------------------------------------------------
    gate        derivative      name       op1       op2       op3        g_unscaled   penalty
     323       -0.00088494      a_ia       323                           -0.00176988         2
     811        0.00086503      a_ia       811                            0.00173006         2
     192       -0.00077945      a_ia       192                           -0.00155889         2
   58333        0.00074960        om     11635     11637                  0.05022311        67
   58328        0.00069719        op     11635     11636                  0.04671165        67
   11635        0.00069541    a_iajb     11635                            0.04659229        67
   58329        0.00069363        om     11635     11636                  0.04647293        67
   90730        0.00067240        op     36279     36280                  0.03160257        47
   36279        0.00064137    a_iajb     36279                            0.03014448        47
   58332        0.00064122        op     11635     11637                  0.04296147        67

  ==> Add operator: mvp3 -1: 11635 11636 11637
  ==> Current qubit order: 2  3  6  7  12  13  1  10  0  14  44  45  11  21  15  18  19  20  32  33  34  43  42  16  17  27  24  25  31  58  30  8  53  38  52  9  59  35  28  56  40  41  37  48  22  26  36  4  68  23  51  57  29  5  69  50  49  47  46  54  55  60  61  62  39  63  64  65  66  67  70  71  


  ==> Energy                -172.545311572
  ==> dE                       -6.55e-04
  ==> Gradient Norm             2.43e+00
  ==> Abs. Max. Deriv.          1.02e-01
  ==> Time-Grad. (s)              48.393
  ==> Time-Energy (s)             21.300
  ==> Time-Iter. (s)              69.692

--------------------------------------------------------------------------------
CEO-ADAPT-VQE iteration: 162
--------------------------------------------------------------------------------
    gate        derivative      name       op1       op2       op3        g_unscaled   penalty
     202       -0.00884423      a_ia       202                           -0.01768845         2
     323       -0.00089682      a_ia       323                           -0.00179364         2
     811        0.00085008      a_ia       811                            0.00170015         2
   55224        0.00074011        op      9158      9159                  0.04810741        65
    9158        0.00071962    a_iajb      9158                            0.04677507        65
   55225        0.00069912        om      9158      9159                  0.04544273        65
   88977        0.00066472        om     34996     34997                  0.03655975        55
   34996        0.00066468    a_iajb     34996                            0.03655723        55
   88976        0.00066463        op     34996     34997                  0.03655471        55
     969        0.00063032      a_ia       969                            0.00252129         4

  ==> Add operator: a_ia 202
  ==> Current qubit order: 2  3  6  7  12  13  1  10  0  14  44  45  11  21  15  18  19  20  32  33  34  43  42  16  17  27  24  25  31  58  30  8  53  38  52  9  59  35  28  56  40  41  37  48  22  26  36  4  68  23  51  57  29  5  69  50  49  47  46  54  55  60  61  62  39  63  64  65  66  67  70  71  


  ==> Energy                -172.545338697
  ==> dE                       -2.71e-05
  ==> Gradient Norm             2.42e+00
  ==> Abs. Max. Deriv.          1.02e-01
  ==> Time-Grad. (s)              48.652
  ==> Time-Energy (s)              7.187
  ==> Time-Iter. (s)              55.839

--------------------------------------------------------------------------------
CEO-ADAPT-VQE iteration: 163
--------------------------------------------------------------------------------
    gate        derivative      name       op1       op2       op3        g_unscaled   penalty
     323       -0.00087834      a_ia       323                           -0.00175668         2
   55224        0.00074017        op      9158      9159                  0.04811127        65
    9158        0.00071961    a_iajb      9158                            0.04677451        65
   55225        0.00069904        om      9158      9159                  0.04543775        65
     853        0.00067427      a_ia       853                            0.00134853         2
   88977        0.00066569        om     34996     34997                  0.03661283        55
   34996        0.00066564    a_iajb     34996                            0.03661047        55
   88976        0.00066560        op     34996     34997                  0.03660811        55
     811        0.00065172      a_ia       811                            0.00130343         2
     969        0.00063002      a_ia       969                            0.00252007         4

  ==> Add operator: mvp2 -1: 9158 9159
  ==> Current qubit order: 2  3  6  7  12  13  1  10  0  14  44  45  11  21  15  18  19  20  32  33  34  43  42  16  17  27  24  25  31  58  30  8  53  38  52  9  59  35  28  56  40  41  37  48  22  26  36  68  23  51  4  57  29  46  5  69  50  49  47  54  55  60  61  62  39  63  64  65  66  67  70  71  


  ==> Energy                -172.545643321
  ==> dE                       -3.05e-04
  ==> Gradient Norm             2.42e+00
  ==> Abs. Max. Deriv.          1.02e-01
  ==> Time-Grad. (s)              48.865
  ==> Time-Energy (s)             13.090
  ==> Time-Iter. (s)              61.955

--------------------------------------------------------------------------------
CEO-ADAPT-VQE iteration: 164
--------------------------------------------------------------------------------
    gate        derivative      name       op1       op2       op3        g_unscaled   penalty
     969        0.00123933      a_ia       969                            0.00247867         2
     323       -0.00089285      a_ia       323                           -0.00178570         2
   52962       -0.00073951        op      7382      7383                 -0.05546316        75
    7382       -0.00073341    a_iajb      7382                           -0.05500600        75
   52963       -0.00072732        om      7382      7383                 -0.05454883        75
     811        0.00069453      a_ia       811                            0.00138906         2
     853        0.00066324      a_ia       853                            0.00132649         2
   88977        0.00064232        om     34996     34997                  0.03661201        57
   34996        0.00064227    a_iajb     34996                            0.03660938        57
   88976        0.00064222        op     34996     34997                  0.03660675        57

  ==> Add operator: a_ia 969
  ==> Current qubit order: 2  3  6  7  12  13  1  10  0  14  44  45  11  21  15  18  19  20  32  33  34  43  42  16  17  27  24  25  31  58  30  8  53  38  52  9  59  35  28  56  40  41  37  48  22  26  36  68  23  51  4  57  29  46  5  69  50  49  47  54  55  60  61  62  39  63  64  65  66  67  70  71  


  ==> Energy                -172.545681221
  ==> dE                       -3.79e-05
  ==> Gradient Norm             2.42e+00
  ==> Abs. Max. Deriv.          1.02e-01
  ==> Time-Grad. (s)              48.902
  ==> Time-Energy (s)              7.497
  ==> Time-Iter. (s)              56.399

--------------------------------------------------------------------------------
CEO-ADAPT-VQE iteration: 165
--------------------------------------------------------------------------------
    gate        derivative      name       op1       op2       op3        g_unscaled   penalty
     774       -0.00135571      a_ia       774                           -0.00542284         4
     323       -0.00089222      a_ia       323                           -0.00178443         2
   52962       -0.00073515        op      7382      7383                 -0.05513603        75
    7382       -0.00072989    a_iajb      7382                           -0.05474180        75
   52963       -0.00072463        om      7382      7383                 -0.05434757        75
     811        0.00070191      a_ia       811                            0.00140382         2
     853        0.00067644      a_ia       853                            0.00135288         2
   88977        0.00064243        om     34996     34997                  0.03661875        57
   34996        0.00064207    a_iajb     34996                            0.03659781        57
   88976        0.00064170        op     34996     34997                  0.03657687        57

  ==> Add operator: a_ia 774
  ==> Current qubit order: 2  3  6  7  12  13  1  10  0  14  44  45  11  21  15  18  19  20  32  33  34  43  42  16  17  27  24  25  31  58  30  8  53  38  52  9  59  35  28  56  40  41  37  48  22  36  26  68  23  51  4  57  29  46  5  69  50  49  47  54  55  60  61  62  39  63  64  65  66  67  70  71  


  ==> Energy                -172.545684665
  ==> dE                       -3.44e-06
  ==> Gradient Norm             2.42e+00
  ==> Abs. Max. Deriv.          1.02e-01
  ==> Time-Grad. (s)              48.991
  ==> Time-Energy (s)              7.161
  ==> Time-Iter. (s)              56.152

--------------------------------------------------------------------------------
CEO-ADAPT-VQE iteration: 166
--------------------------------------------------------------------------------
    gate        derivative      name       op1       op2       op3        g_unscaled   penalty
     666       -0.00097591      a_ia       666                           -0.00195183         2
     323       -0.00089382      a_ia       323                           -0.00178764         2
   52962       -0.00073524        op      7382      7383                 -0.05514323        75
    7382       -0.00072999    a_iajb      7382                           -0.05474904        75
   52963       -0.00072473        om      7382      7383                 -0.05435486        75
     811        0.00070506      a_ia       811                            0.00141013         2
     853        0.00067160      a_ia       853                            0.00134321         2
   88977        0.00064248        om     34996     34997                  0.03662142        57
   34996        0.00064211    a_iajb     34996                            0.03660046        57
   88976        0.00064175        op     34996     34997                  0.03657951        57

  ==> Add operator: mvp2 -1: 7382 7383
  ==> Current qubit order: 2  3  6  7  12  13  1  10  0  14  44  45  11  21  15  18  19  20  32  33  34  43  42  16  17  27  24  25  31  58  30  8  53  38  52  9  35  28  56  40  41  37  48  22  36  26  59  68  4  5  23  51  57  29  46  69  50  49  47  54  55  60  61  62  39  63  64  65  66  67  70  71  


  ==> Energy                -172.545851710
  ==> dE                       -1.67e-04
  ==> Gradient Norm             2.42e+00
  ==> Abs. Max. Deriv.          1.02e-01
  ==> Time-Grad. (s)              49.180
  ==> Time-Energy (s)             13.896
  ==> Time-Iter. (s)              63.076

--------------------------------------------------------------------------------
CEO-ADAPT-VQE iteration: 167
--------------------------------------------------------------------------------
    gate        derivative      name       op1       op2       op3        g_unscaled   penalty
     666       -0.00097733      a_ia       666                           -0.00195466         2
   54014       -0.00079404        op      8260      8261                 -0.03414385        43
    8260       -0.00078087    a_iajb      8260                           -0.03357725        43
   54015       -0.00076769        om      8260      8261                 -0.03301066        43
     811        0.00072233      a_ia       811                            0.00144466         2
     853        0.00067506      a_ia       853                            0.00135013         2
     197       -0.00065811      a_ia       197                           -0.00394864         6
     169        0.00065397      a_ia       169                            0.00130794         2
   58256        0.00062047        op     11599     11600                  0.03784868        61
     828       -0.00061012      a_ia       828                           -0.00488099         8

  ==> Add operator: mvp2 -1: 8260 8261
  ==> Current qubit order: 2  3  6  7  12  13  1  10  0  14  44  45  11  21  15  18  19  20  32  33  34  43  42  16  17  27  24  25  31  58  30  8  53  38  52  9  35  28  56  40  41  37  48  22  36  26  59  68  4  23  5  51  57  29  46  69  50  49  47  54  55  60  61  62  39  63  64  65  66  67  70  71  


  ==> Energy                -172.545933686
  ==> dE                       -8.20e-05
  ==> Gradient Norm             2.42e+00
  ==> Abs. Max. Deriv.          1.02e-01
  ==> Time-Grad. (s)              49.442
  ==> Time-Energy (s)             14.670
  ==> Time-Iter. (s)              64.112

--------------------------------------------------------------------------------
CEO-ADAPT-VQE iteration: 168
--------------------------------------------------------------------------------
    gate        derivative      name       op1       op2       op3        g_unscaled   penalty
     666       -0.00097439      a_ia       666                           -0.00194879         2
     811        0.00074126      a_ia       811                            0.00148251         2
     853        0.00066996      a_ia       853                            0.00133992         2
   58256        0.00064178        op     11599     11600                  0.03786509        59
     169        0.00062402      a_ia       169                            0.00124803         2
   58261        0.00061769        om     11599     11601                  0.03644384        59
     828       -0.00061103      a_ia       828                           -0.00488827         8
     936        0.00060924      a_ia       936                            0.00609240        10
   88942        0.00060812        op     34962     34963                  0.03344662        55
   11599        0.00060610    a_iajb     11599                            0.03576018        59

  ==> Add operator: mvp3 -1: 11599 11600 11601
  ==> Current qubit order: 2  3  6  7  12  13  1  10  0  14  44  45  11  21  15  18  19  20  32  33  34  43  42  16  17  27  24  25  31  58  30  8  53  38  52  9  35  28  56  40  41  37  48  22  36  26  59  68  4  23  51  5  57  29  47  46  69  50  49  54  55  60  61  62  39  63  64  65  66  67  70  71  


  ==> Energy                -172.546407379
  ==> dE                       -4.74e-04
  ==> Gradient Norm             2.42e+00
  ==> Abs. Max. Deriv.          1.02e-01
  ==> Time-Grad. (s)              48.592
  ==> Time-Energy (s)             20.351
  ==> Time-Iter. (s)              68.943

--------------------------------------------------------------------------------
CEO-ADAPT-VQE iteration: 169
--------------------------------------------------------------------------------
    gate        derivative      name       op1       op2       op3        g_unscaled   penalty
     191        0.00115053      a_ia       191                            0.00690317         6
     666       -0.00099505      a_ia       666                           -0.00199009         2
     196       -0.00095312      a_ia       196                           -0.00190624         2
     811        0.00071549      a_ia       811                            0.00143098         2
     853        0.00065663      a_ia       853                            0.00131326         2
     936        0.00061205      a_ia       936                            0.00612047        10
   88942        0.00060814        op     34962     34963                  0.03344793        55
     827        0.00060128      a_ia       827                            0.00120256         2
     292       -0.00059694      a_ia       292                           -0.00238777         4
     543       -0.00058773      a_ia       543                           -0.00352638         6

  ==> Add operator: a_ia 191
  ==> Current qubit order: 2  3  6  7  12  13  1  10  0  14  44  45  11  21  15  18  19  20  32  33  34  43  42  16  17  27  24  25  31  58  30  8  53  38  52  9  35  28  56  40  41  37  48  22  36  26  59  68  4  23  51  57  29  5  47  46  69  50  49  54  55  60  61  62  39  63  64  65  66  67  70  71  


  ==> Energy                -172.546414513
  ==> dE                       -7.13e-06
  ==> Gradient Norm             2.42e+00
  ==> Abs. Max. Deriv.          1.02e-01
  ==> Time-Grad. (s)              49.168
  ==> Time-Energy (s)              6.965
  ==> Time-Iter. (s)              56.133

--------------------------------------------------------------------------------
CEO-ADAPT-VQE iteration: 170
--------------------------------------------------------------------------------
    gate        derivative      name       op1       op2       op3        g_unscaled   penalty
     666       -0.00097010      a_ia       666                           -0.00194020         2
     853        0.00068413      a_ia       853                            0.00136826         2
     811        0.00063292      a_ia       811                            0.00126584         2
     169        0.00061971      a_ia       169                            0.00123942         2
     672       -0.00061146      a_ia       672                           -0.00122292         2
   88942        0.00060813        op     34962     34963                  0.03344737        55
     936        0.00060781      a_ia       936                            0.00607811        10
     292       -0.00058789      a_ia       292                           -0.00235157         4
   34962        0.00058581    a_iajb     34962                            0.03221957        55
     543       -0.00058158      a_ia       543                           -0.00348945         6

  ==> Add operator: mvp2 -1: 34962 34963
  ==> Current qubit order: 2  3  6  7  12  13  1  10  0  14  44  45  11  21  15  18  19  20  32  33  34  43  42  16  17  27  24  25  31  58  30  8  53  38  52  9  35  28  56  40  41  37  48  36  26  22  59  68  23  4  51  57  29  5  47  46  69  50  49  54  55  60  61  62  39  63  64  65  66  67  70  71  


  ==> Energy                -172.546975272
  ==> dE                       -5.61e-04
  ==> Gradient Norm             2.42e+00
  ==> Abs. Max. Deriv.          1.02e-01
  ==> Time-Grad. (s)              49.163
  ==> Time-Energy (s)            157.979
  ==> Time-Iter. (s)             207.142

--------------------------------------------------------------------------------
CEO-ADAPT-VQE iteration: 171
--------------------------------------------------------------------------------
    gate        derivative      name       op1       op2       op3        g_unscaled   penalty
     811        0.00119272      a_ia       811                            0.00238545         2
     682        0.00086728      a_ia       682                            0.00346914         4
     292       -0.00067420      a_ia       292                           -0.00269681         4
   88977        0.00065051        om     34996     34997                  0.03707900        57
   34996        0.00064624    a_iajb     34996                            0.03683596        57
   88976        0.00064198        op     34996     34997                  0.03659291        57
     543       -0.00059310      a_ia       543                           -0.00355858         6
     853        0.00057950      a_ia       853                            0.00115901         2
     724        0.00054291      a_ia       724                            0.00325747         6
   58315       -0.00053930        om     11626     11628                 -0.03073983        57

  ==> Tried operator a_ia 682: gain -1.00e-06 (threshold 1.7e-06), removed and excluded for this stage
  ==> Add operator: mvp2 -1: 34996 34997
  ==> Current qubit order: 2  3  6  7  12  13  1  10  0  14  44  45  11  21  15  18  19  20  32  33  34  43  42  16  17  27  24  25  31  58  30  8  53  38  52  9  35  28  56  40  41  37  48  36  26  59  22  68  23  69  4  51  57  29  5  47  46  50  49  54  55  60  61  62  39  63  64  65  66  67  70  71  


  ==> Energy                -172.547114693
  ==> dE                       -1.39e-04
  ==> Gradient Norm             2.41e+00
  ==> Abs. Max. Deriv.          1.02e-01
  ==> Time-Grad. (s)              49.403
  ==> Time-Energy (s)             22.326
  ==> Time-Iter. (s)              71.729

--------------------------------------------------------------------------------
CEO-ADAPT-VQE iteration: 172
--------------------------------------------------------------------------------
    gate        derivative      name       op1       op2       op3        g_unscaled   penalty
     706        0.00192833      a_ia       706                            0.00385665         2
     682        0.00178623      a_ia       682                            0.00357245         2
     811        0.00116927      a_ia       811                            0.00233854         2
     292       -0.00067002      a_ia       292                           -0.00268010         4
     981        0.00060209      a_ia       981                            0.00481672         8
     543       -0.00059271      a_ia       543                           -0.00355627         6
     853        0.00059001      a_ia       853                            0.00118003         2
     724        0.00054048      a_ia       724                            0.00324285         6
     780       -0.00053203      a_ia       780                           -0.01702495        32
   54033       -0.00051981        om      8278      8279                 -0.02131232        41

  ==> Tried operator a_ia 706: gain -1.23e-06 (threshold 1.7e-06), removed and excluded for this stage
  ==> Add operator: a_ia 981
  ==> Current qubit order: 2  3  6  7  12  13  1  10  0  14  44  45  11  21  15  18  19  20  32  33  34  43  42  16  17  27  24  25  31  58  30  8  53  38  52  9  35  28  56  40  41  48  36  26  37  59  22  68  23  69  4  51  57  29  5  47  46  50  49  54  55  60  61  62  39  63  64  65  66  67  70  71  


  ==> Energy                -172.547271385
  ==> dE                       -1.57e-04
  ==> Gradient Norm             2.41e+00
  ==> Abs. Max. Deriv.          1.02e-01
  ==> Time-Grad. (s)              49.093
  ==> Time-Energy (s)             15.435
  ==> Time-Iter. (s)              64.528

--------------------------------------------------------------------------------
CEO-ADAPT-VQE iteration: 173
--------------------------------------------------------------------------------
    gate        derivative      name       op1       op2       op3        g_unscaled   penalty
     706        0.00191555      a_ia       706                            0.00383109         2
     682        0.00175484      a_ia       682                            0.00350969         2
     811        0.00110977      a_ia       811                            0.00221954         2
     292       -0.00065785      a_ia       292                           -0.00263138         4
     853        0.00063945      a_ia       853                            0.00127889         2
     543       -0.00059442      a_ia       543                           -0.00356653         6
   58315       -0.00052908        om     11626     11628                 -0.03227359        61
     724        0.00052895      a_ia       724                            0.00317371         6
   54033       -0.00051999        om      8278      8279                 -0.02131960        41
   58311       -0.00051306        om     11626     11627                 -0.03129676        61

  ==> Add operator: a_ia 543
  ==> Current qubit order: 2  3  6  7  12  13  1  10  0  14  44  45  11  21  15  18  19  20  32  33  34  42  16  43  17  27  24  25  31  58  30  8  53  38  52  9  35  28  56  40  41  48  36  26  37  59  22  68  23  69  4  51  57  29  5  47  46  50  49  54  55  60  61  62  39  63  64  65  66  67  70  71  


  ==> Energy                -172.547274834
  ==> dE                       -3.45e-06
  ==> Gradient Norm             2.41e+00
  ==> Abs. Max. Deriv.          1.02e-01
  ==> Time-Grad. (s)              49.879
  ==> Time-Energy (s)              7.966
  ==> Time-Iter. (s)              57.846

--------------------------------------------------------------------------------
CEO-ADAPT-VQE iteration: 174
--------------------------------------------------------------------------------
    gate        derivative      name       op1       op2       op3        g_unscaled   penalty
     706        0.00193549      a_ia       706                            0.00387099         2
     682        0.00172921      a_ia       682                            0.00345842         2
     811        0.00107259      a_ia       811                            0.00214517         2
     783       -0.00086996      a_ia       783                           -0.00347983         4
     292       -0.00065388      a_ia       292                           -0.00261553         4
     853        0.00065105      a_ia       853                            0.00130210         2
   58315       -0.00052909        om     11626     11628                 -0.03227455        61
     724        0.00052860      a_ia       724                            0.00317158         6
   54033       -0.00051999        om      8278      8279                 -0.02131965        41
   58311       -0.00051307        om     11626     11627                 -0.03129713        61

  ==> Add operator: mvp3 -1: 11626 11627 11628
  ==> Current qubit order: 2  3  6  7  12  13  1  10  0  14  44  45  11  21  15  18  19  20  32  33  34  42  16  43  17  27  24  25  31  58  30  8  53  38  52  9  35  28  56  40  41  48  36  26  37  22  68  23  69  59  57  29  5  4  51  47  46  50  49  54  55  60  61  62  39  63  64  65  66  67  70  71  


  ==> Energy                -172.547409890
  ==> dE                       -1.35e-04
  ==> Gradient Norm             2.41e+00
  ==> Abs. Max. Deriv.          1.02e-01
  ==> Time-Grad. (s)              50.312
  ==> Time-Energy (s)             22.329
  ==> Time-Iter. (s)              72.641

--------------------------------------------------------------------------------
CEO-ADAPT-VQE iteration: 175
--------------------------------------------------------------------------------
    gate        derivative      name       op1       op2       op3        g_unscaled   penalty
     706        0.00200105      a_ia       706                            0.00400210         2
    1211        0.00187651      a_ia      1211                            0.00375301         2
     682        0.00172200      a_ia       682                            0.00344399         2
     811        0.00109578      a_ia       811                            0.00219156         2
     783       -0.00087328      a_ia       783                           -0.00349314         4
     158        0.00069330      a_ia       158                            0.00415980         6
     292       -0.00066977      a_ia       292                           -0.00267909         4
     853        0.00061642      a_ia       853                            0.00123283         2
     701       -0.00053628      a_ia       701                           -0.00214510         4
     724        0.00053407      a_ia       724                            0.00320444         6

  ==> Add operator: a_ia 1211
  ==> Current qubit order: 2  3  6  7  12  13  1  10  0  14  44  45  11  21  15  18  19  20  32  33  34  42  16  43  17  27  24  25  31  58  30  8  53  38  52  9  35  28  56  40  41  48  36  26  37  22  68  23  69  59  57  29  5  4  51  47  46  50  49  54  55  60  61  62  39  63  64  65  66  67  70  71  


  ==> Energy                -172.547722664
  ==> dE                       -3.13e-04
  ==> Gradient Norm             2.41e+00
  ==> Abs. Max. Deriv.          1.02e-01
  ==> Time-Grad. (s)              50.253
  ==> Time-Energy (s)              6.495
  ==> Time-Iter. (s)              56.749

--------------------------------------------------------------------------------
CEO-ADAPT-VQE iteration: 176
--------------------------------------------------------------------------------
    gate        derivative      name       op1       op2       op3        g_unscaled   penalty
     706        0.00203761      a_ia       706                            0.00407522         2
     682        0.00172369      a_ia       682                            0.00344738         2
     833       -0.00131313      a_ia       833                           -0.00525251         4
     811        0.00102234      a_ia       811                            0.00204469         2
     783       -0.00086939      a_ia       783                           -0.00347756         4
     158        0.00069529      a_ia       158                            0.00417177         6
     292       -0.00066545      a_ia       292                           -0.00266180         4
     853        0.00062851      a_ia       853                            0.00125703         2
     182       -0.00055708      a_ia       182                           -0.00111415         2
     724        0.00053303      a_ia       724                            0.00319819         6

  ==> Add operator: a_ia 833
  ==> Current qubit order: 2  3  6  7  12  13  1  10  0  14  44  45  11  21  15  18  19  20  32  33  34  42  16  43  17  27  24  25  31  58  30  8  53  38  52  9  35  28  56  40  41  48  36  26  37  22  68  23  69  57  59  29  5  4  51  47  46  50  49  54  55  60  61  62  39  63  64  65  66  67  70  71  


  ==> Energy                -172.547727853
  ==> dE                       -5.19e-06
  ==> Gradient Norm             2.41e+00
  ==> Abs. Max. Deriv.          1.02e-01
  ==> Time-Grad. (s)              50.791
  ==> Time-Energy (s)              6.736
  ==> Time-Iter. (s)              57.527

--------------------------------------------------------------------------------
CEO-ADAPT-VQE iteration: 177
--------------------------------------------------------------------------------
    gate        derivative      name       op1       op2       op3        g_unscaled   penalty
     706        0.00203453      a_ia       706                            0.00406906         2
     682        0.00171928      a_ia       682                            0.00343856         2
     811        0.00102075      a_ia       811                            0.00204150         2
     783       -0.00086851      a_ia       783                           -0.00347406         4
     158        0.00068994      a_ia       158                            0.00413962         6
     292       -0.00066425      a_ia       292                           -0.00265700         4
     853        0.00065011      a_ia       853                            0.00130022         2
     182       -0.00055896      a_ia       182                           -0.00111791         2
     724        0.00053308      a_ia       724                            0.00319848         6
   61915       -0.00051096        om     14474     14475                 -0.04036605        79

  ==> Add operator: a_ia 182
  ==> Current qubit order: 2  3  6  7  12  13  1  10  0  14  44  45  11  21  15  18  19  20  32  33  34  42  16  43  17  27  24  25  31  58  30  8  53  38  52  9  35  28  56  40  41  48  36  26  37  22  68  23  69  57  59  29  5  4  51  47  46  50  49  54  55  60  61  62  39  63  64  65  66  67  70  71  


  ==> Energy                -172.547735746
  ==> dE                       -7.89e-06
  ==> Gradient Norm             2.41e+00
  ==> Abs. Max. Deriv.          1.02e-01
  ==> Time-Grad. (s)              50.017
  ==> Time-Energy (s)              8.170
  ==> Time-Iter. (s)              58.187

--------------------------------------------------------------------------------
CEO-ADAPT-VQE iteration: 178
--------------------------------------------------------------------------------
    gate        derivative      name       op1       op2       op3        g_unscaled   penalty
     706        0.00203214      a_ia       706                            0.00406429         2
     682        0.00171868      a_ia       682                            0.00343735         2
     811        0.00101392      a_ia       811                            0.00202783         2
     783       -0.00086719      a_ia       783                           -0.00346875         4
     158        0.00068869      a_ia       158                            0.00413215         6
     292       -0.00066250      a_ia       292                           -0.00265001         4
     853        0.00064402      a_ia       853                            0.00128804         2
     724        0.00053262      a_ia       724                            0.00319572         6
   61915       -0.00051096        om     14474     14475                 -0.04036608        79
   14474       -0.00050914    a_iajb     14474                           -0.04022203        79

  ==> Tried operator a_ia 724: gain -9.36e-07 (threshold 1.4e-06), removed and excluded for this stage
  ==> Add operator: mvp2 -1: 14474 14475
  ==> Current qubit order: 2  3  6  7  12  13  1  10  0  14  44  11  21  15  18  19  20  32  33  34  16  45  42  17  8  43  27  24  25  31  58  30  53  38  52  9  35  28  56  40  41  48  36  26  37  22  68  23  69  57  59  29  5  4  51  47  46  50  49  54  55  60  61  62  39  63  64  65  66  67  70  71  


  ==> Energy                -172.547961051
  ==> dE                       -2.25e-04
  ==> Gradient Norm             2.41e+00
  ==> Abs. Max. Deriv.          1.02e-01
  ==> Time-Grad. (s)              50.185
  ==> Time-Energy (s)             21.882
  ==> Time-Iter. (s)              72.066

--------------------------------------------------------------------------------
CEO-ADAPT-VQE iteration: 179
--------------------------------------------------------------------------------
    gate        derivative      name       op1       op2       op3        g_unscaled   penalty
     706        0.00202869      a_ia       706                            0.00405738         2
     783       -0.00173315      a_ia       783                           -0.00346631         2
     682        0.00171833      a_ia       682                            0.00343666         2
     811        0.00101089      a_ia       811                            0.00202178         2
     284       -0.00077651      a_ia       284                           -0.00310602         4
     158        0.00068786      a_ia       158                            0.00412716         6
     853        0.00064600      a_ia       853                            0.00129200         2
     724        0.00053146      a_ia       724                            0.00318875         6
   49005        0.00052529        om      4105      4106                  0.05725687       109
    4105        0.00051666    a_iajb      4105                            0.05631551       109

  ==> Add operator: a_ia 284
  ==> Current qubit order: 2  3  6  7  12  13  1  10  0  14  44  11  21  15  18  19  20  32  33  34  16  45  17  42  8  43  27  24  25  31  58  30  53  38  52  9  35  28  56  40  41  48  36  26  37  22  68  23  69  57  59  29  5  4  51  47  46  50  49  54  55  60  61  62  39  63  64  65  66  67  70  71  


  ==> Energy                -172.547962435
  ==> dE                       -1.38e-06
  ==> Gradient Norm             2.40e+00
  ==> Abs. Max. Deriv.          1.02e-01
  ==> Time-Grad. (s)              49.678
  ==> Time-Energy (s)              9.111
  ==> Time-Iter. (s)              58.788

--------------------------------------------------------------------------------
CEO-ADAPT-VQE iteration: 180
--------------------------------------------------------------------------------
    gate        derivative      name       op1       op2       op3        g_unscaled   penalty
     706        0.00199777      a_ia       706                            0.00399555         2
     783       -0.00175004      a_ia       783                           -0.00350008         2
     682        0.00173151      a_ia       682                            0.00346302         2
     811        0.00098706      a_ia       811                            0.00197412         2
     158        0.00068060      a_ia       158                            0.00408359         6
     853        0.00065934      a_ia       853                            0.00131868         2
   63716       -0.00052885        op     15793     15794                 -0.03014448        57
     724        0.00052409      a_ia       724                            0.00314454         6
   83510        0.00052092        op     30712     30713                  0.04011121        77
   15793       -0.00052057    a_iajb     15793                           -0.02967235        57

  ==> Add operator: mvp2 -1: 15793 15794
  ==> Current qubit order: 2  3  6  7  12  13  1  10  0  14  44  11  21  15  18  19  20  32  33  34  16  17  45  42  8  25  43  27  24  31  58  30  53  38  52  9  35  28  56  40  41  48  36  26  37  22  68  23  69  57  59  29  5  4  51  47  46  50  49  54  55  60  61  62  39  63  64  65  66  67  70  71  


  ==> Energy                -172.548109156
  ==> dE                       -1.47e-04
  ==> Gradient Norm             2.40e+00
  ==> Abs. Max. Deriv.          1.02e-01
  ==> Time-Grad. (s)              49.945
  ==> Time-Energy (s)             14.591
  ==> Time-Iter. (s)              64.536

--------------------------------------------------------------------------------
CEO-ADAPT-VQE iteration: 181
--------------------------------------------------------------------------------
    gate        derivative      name       op1       op2       op3        g_unscaled   penalty
     706        0.00200998      a_ia       706                            0.00401996         2
     783       -0.00175406      a_ia       783                           -0.00350811         2
     682        0.00172664      a_ia       682                            0.00345328         2
     811        0.00099575      a_ia       811                            0.00199149         2
     724        0.00079048      a_ia       724                            0.00316190         4
     158        0.00068352      a_ia       158                            0.00410111         6
     284       -0.00066446      a_ia       284                           -0.00132892         2
     853        0.00065370      a_ia       853                            0.00130740         2
   68126       -0.00060209        op     19192     19193                 -0.03672775        61
   68130       -0.00058389        op     19192     19194                 -0.03561746        61

  ==> Add operator: mvp3 -1: 19192 19193 19194
  ==> Current qubit order: 2  3  6  7  12  13  1  10  0  14  44  11  21  15  18  19  20  32  33  34  16  17  42  8  45  25  43  9  27  24  31  58  30  53  38  52  35  28  56  40  41  48  36  26  37  22  68  23  69  57  59  29  5  4  51  47  46  50  49  54  55  60  61  62  39  63  64  65  66  67  70  71  


  ==> Energy                -172.548442238
  ==> dE                       -3.33e-04
  ==> Gradient Norm             2.40e+00
  ==> Abs. Max. Deriv.          1.02e-01
  ==> Time-Grad. (s)              49.729
  ==> Time-Energy (s)             22.469
  ==> Time-Iter. (s)              72.197

--------------------------------------------------------------------------------
CEO-ADAPT-VQE iteration: 182
--------------------------------------------------------------------------------
    gate        derivative      name       op1       op2       op3        g_unscaled   penalty
     315       -0.00321540      a_ia       315                           -0.00643080         2
     706        0.00199744      a_ia       706                            0.00399489         2
     682        0.00175531      a_ia       682                            0.00351062         2
     811        0.00102666      a_ia       811                            0.00205333         2
     724        0.00080983      a_ia       724                            0.00323930         4
     783       -0.00077781      a_ia       783                           -0.00311125         4
     284       -0.00074586      a_ia       284                           -0.00149173         2
     158        0.00068367      a_ia       158                            0.00410205         6
     853        0.00063870      a_ia       853                            0.00127740         2
     710       -0.00055916      a_ia       710                           -0.00335499         6

  ==> Add operator: a_ia 315
  ==> Current qubit order: 2  3  6  7  12  13  1  10  0  14  44  11  21  15  18  19  20  32  33  34  16  17  42  8  45  25  43  9  27  24  31  58  30  53  38  52  35  28  56  40  41  48  36  26  37  22  68  23  69  57  59  29  5  4  51  47  46  50  49  54  55  60  61  62  39  63  64  65  66  67  70  71  


  ==> Energy                -172.548451678
  ==> dE                       -9.44e-06
  ==> Gradient Norm             2.40e+00
  ==> Abs. Max. Deriv.          1.02e-01
  ==> Time-Grad. (s)              49.373
  ==> Time-Energy (s)              8.095
  ==> Time-Iter. (s)              57.469

--------------------------------------------------------------------------------
CEO-ADAPT-VQE iteration: 183
--------------------------------------------------------------------------------
    gate        derivative      name       op1       op2       op3        g_unscaled   penalty
     706        0.00201915      a_ia       706                            0.00403830         2
     682        0.00170466      a_ia       682                            0.00340933         2
     811        0.00097408      a_ia       811                            0.00194816         2
     724        0.00078306      a_ia       724                            0.00313225         4
     783       -0.00077402      a_ia       783                           -0.00309609         4
     158        0.00067717      a_ia       158                            0.00406303         6
     853        0.00066485      a_ia       853                            0.00132971         2
     710       -0.00055924      a_ia       710                           -0.00335544         6
   46216        0.00054762        op      1803      1804                  0.05749991       105
    1803        0.00053401    a_iajb      1803                            0.05607145       105

  ==> Add operator: a_ia 710
  ==> Current qubit order: 2  3  6  7  12  13  1  10  0  14  44  11  21  15  18  19  20  32  33  34  16  17  42  8  45  25  43  9  27  31  58  24  30  53  38  52  35  28  56  40  41  48  36  26  37  22  68  23  69  57  59  29  5  4  51  47  46  50  49  54  55  60  61  62  39  63  64  65  66  67  70  71  


  ==> Energy                -172.548635355
  ==> dE                       -1.84e-04
  ==> Gradient Norm             2.40e+00
  ==> Abs. Max. Deriv.          1.02e-01
  ==> Time-Grad. (s)              49.290
  ==> Time-Energy (s)              7.615
  ==> Time-Iter. (s)              56.905

--------------------------------------------------------------------------------
CEO-ADAPT-VQE iteration: 184
--------------------------------------------------------------------------------
    gate        derivative      name       op1       op2       op3        g_unscaled   penalty
     706        0.00200674      a_ia       706                            0.00401348         2
     682        0.00170309      a_ia       682                            0.00340619         2
     724        0.00141374      a_ia       724                            0.00282748         2
     811        0.00094317      a_ia       811                            0.00188634         2
     783       -0.00077067      a_ia       783                           -0.00308267         4
     158        0.00067586      a_ia       158                            0.00405516         6
   46216        0.00054757        op      1803      1804                  0.05749518       105
    1803        0.00053398    a_iajb      1803                            0.05606834       105
     780       -0.00052775      a_ia       780                           -0.01688796        32
   46217        0.00052040        om      1803      1804                  0.05464150       105

  ==> Add operator: mvp2 -1: 1803 1804
  ==> Current qubit order: 2  3  6  7  12  13  1  10  14  44  11  21  15  18  19  20  32  33  34  16  17  42  8  0  43  9  40  45  25  27  31  58  24  30  53  38  52  35  28  56  41  48  36  26  37  22  68  23  69  57  59  29  5  4  51  47  46  50  49  54  55  60  61  62  39  63  64  65  66  67  70  71  


  ==> Energy                -172.549274374
  ==> dE                       -6.39e-04
  ==> Gradient Norm             2.40e+00
  ==> Abs. Max. Deriv.          1.02e-01
  ==> Time-Grad. (s)              50.080
  ==> Time-Energy (s)             14.798
  ==> Time-Iter. (s)              64.877

--------------------------------------------------------------------------------
CEO-ADAPT-VQE iteration: 185
--------------------------------------------------------------------------------
    gate        derivative      name       op1       op2       op3        g_unscaled   penalty
     706        0.00200176      a_ia       706                            0.00400352         2
     682        0.00170358      a_ia       682                            0.00340717         2
     724        0.00140360      a_ia       724                            0.00280720         2
      19        0.00120814      a_ia        19                            0.00724883         6
     811        0.00094651      a_ia       811                            0.00189301         2
   45617        0.00076325        om      1302      1303                  0.08166814       107
    1302        0.00075166    a_iajb      1302                            0.08042764       107
   45616        0.00074007        op      1302      1303                  0.07918715       107
     284       -0.00073467      a_ia       284                           -0.00146935         2
     315       -0.00071972      a_ia       315                           -0.00143944         2

  ==> Add operator: a_ia 19
  ==> Current qubit order: 2  3  6  7  12  13  1  10  14  44  11  21  15  18  19  20  32  33  34  16  17  42  8  43  9  0  40  45  25  27  31  58  24  30  53  38  52  35  28  56  41  48  36  26  37  22  68  23  69  57  59  29  5  4  51  47  46  50  49  54  55  60  61  62  39  63  64  65  66  67  70  71  


  ==> Energy                -172.549284278
  ==> dE                       -9.90e-06
  ==> Gradient Norm             2.39e+00
  ==> Abs. Max. Deriv.          1.02e-01
  ==> Time-Grad. (s)              49.404
  ==> Time-Energy (s)              8.585
  ==> Time-Iter. (s)              57.989

--------------------------------------------------------------------------------
CEO-ADAPT-VQE iteration: 186
--------------------------------------------------------------------------------
    gate        derivative      name       op1       op2       op3        g_unscaled   penalty
     706        0.00201647      a_ia       706                            0.00403295         2
     682        0.00170762      a_ia       682                            0.00341525         2
     724        0.00142241      a_ia       724                            0.00284483         2
     811        0.00094704      a_ia       811                            0.00189409         2
     315       -0.00086398      a_ia       315                           -0.00172797         2
   48426       -0.00075999        op      3575      3576                 -0.03115955        41
    3575       -0.00074893    a_iajb      3575                           -0.03070602        41
     284       -0.00074824      a_ia       284                           -0.00149647         2
   48427       -0.00073787        om      3575      3576                 -0.03025249        41
   45617        0.00073218        om      1302      1303                  0.08127191       111

  ==> Add operator: mvp2 -1: 3575 3576
  ==> Current qubit order: 2  3  6  7  12  13  1  10  14  44  11  21  15  18  19  20  32  33  34  16  17  42  8  43  9  0  40  45  25  27  31  58  24  30  53  38  52  35  28  56  41  48  36  26  37  22  68  23  69  57  59  29  5  4  51  47  46  50  49  54  55  60  61  62  39  63  64  65  66  67  70  71  


  ==> Energy                -172.549406838
  ==> dE                       -1.23e-04
  ==> Gradient Norm             2.39e+00
  ==> Abs. Max. Deriv.          1.02e-01
  ==> Time-Grad. (s)              49.624
  ==> Time-Energy (s)             15.399
  ==> Time-Iter. (s)              65.023

--------------------------------------------------------------------------------
CEO-ADAPT-VQE iteration: 187
--------------------------------------------------------------------------------
    gate        derivative      name       op1       op2       op3        g_unscaled   penalty
     706        0.00201837      a_ia       706                            0.00403674         2
     682        0.00170729      a_ia       682                            0.00341458         2
      19       -0.00148869      a_ia        19                           -0.00297739         2
     724        0.00142040      a_ia       724                            0.00284079         2
     811        0.00094760      a_ia       811                            0.00189521         2
     315       -0.00088445      a_ia       315                           -0.00176891         2
   45617        0.00073232        om      1302      1303                  0.08128753       111
     284       -0.00073227      a_ia       284                           -0.00146454         2
    1302        0.00071740    a_iajb      1302                            0.07963177       111
   45616        0.00070249        op      1302      1303                  0.07797600       111

  ==> Add operator: mvp2 -1: 1302 1303
  ==> Current qubit order: 2  3  6  7  12  13  10  14  44  11  21  15  18  19  20  32  33  34  16  17  42  8  1  0  40  41  43  9  45  25  27  31  58  24  30  53  38  52  35  28  56  48  36  26  37  22  68  23  69  57  59  29  5  4  51  47  46  50  49  54  55  60  61  62  39  63  64  65  66  67  70  71  


  ==> Energy                -172.551556471
  ==> dE                       -2.15e-03
  ==> Gradient Norm             2.39e+00
  ==> Abs. Max. Deriv.          1.02e-01
  ==> Time-Grad. (s)              49.943
  ==> Time-Energy (s)            299.688
  ==> Time-Iter. (s)             349.631

--------------------------------------------------------------------------------
CEO-ADAPT-VQE iteration: 188
--------------------------------------------------------------------------------
    gate        derivative      name       op1       op2       op3        g_unscaled   penalty
     706        0.00210163      a_ia       706                            0.00420326         2
     682        0.00184267      a_ia       682                            0.00368533         2
     811        0.00141088      a_ia       811                            0.00282177         2
     724        0.00136171      a_ia       724                            0.00272341         2
     807       -0.00090215      a_ia       807                           -0.00360858         4
    1035       -0.00087284      a_ia      1035                           -0.00174568         2
   48976       -0.00082081        op      4077      4078                 -0.03693645        45
    4077       -0.00080495    a_iajb      4077                           -0.03622262        45
   48977       -0.00078908        om      4077      4078                 -0.03550879        45
   45662        0.00077816        op      1348      1349                  0.03657370        47

  ==> Add operator: a_ia 807
  ==> Current qubit order: 2  3  6  7  12  13  10  14  44  11  21  15  18  19  20  32  33  34  16  17  42  8  1  0  40  41  43  9  45  25  27  31  58  24  30  53  38  52  35  56  28  48  36  26  37  22  68  23  69  57  59  29  5  4  51  47  46  50  49  54  55  60  61  62  39  63  64  65  66  67  70  71  


  ==> Energy                -172.551559706
  ==> dE                       -3.23e-06
  ==> Gradient Norm             2.38e+00
  ==> Abs. Max. Deriv.          1.01e-01
  ==> Time-Grad. (s)              47.348
  ==> Time-Energy (s)              7.606
  ==> Time-Iter. (s)              54.954

--------------------------------------------------------------------------------
CEO-ADAPT-VQE iteration: 189
--------------------------------------------------------------------------------
    gate        derivative      name       op1       op2       op3        g_unscaled   penalty
     706        0.00211252      a_ia       706                            0.00422503         2
     682        0.00184358      a_ia       682                            0.00368717         2
     811        0.00143121      a_ia       811                            0.00286242         2
     724        0.00136330      a_ia       724                            0.00272661         2
    1035       -0.00087284      a_ia      1035                           -0.00174568         2
   48976       -0.00082082        op      4077      4078                 -0.03693676        45
    4077       -0.00080495    a_iajb      4077                           -0.03622292        45
   48977       -0.00078909        om      4077      4078                 -0.03550908        45
   45662        0.00077816        op      1348      1349                  0.03657369        47
    1348        0.00077760    a_iajb      1348                            0.03654726        47

  ==> Add operator: a_ia 1035
  ==> Current qubit order: 2  3  6  7  12  13  10  14  44  11  21  15  18  19  20  32  33  34  16  17  42  8  1  0  40  41  43  9  45  25  27  31  58  24  30  53  38  52  35  56  28  48  36  26  37  22  68  23  69  57  59  29  5  4  51  47  46  50  49  54  55  60  61  62  39  63  64  65  66  67  70  71  


  ==> Energy                -172.551694546
  ==> dE                       -1.35e-04
  ==> Gradient Norm             2.38e+00
  ==> Abs. Max. Deriv.          1.01e-01
  ==> Time-Grad. (s)              47.382
  ==> Time-Energy (s)              7.024
  ==> Time-Iter. (s)              54.406

--------------------------------------------------------------------------------
CEO-ADAPT-VQE iteration: 190
--------------------------------------------------------------------------------
    gate        derivative      name       op1       op2       op3        g_unscaled   penalty
     706        0.00214919      a_ia       706                            0.00429837         2
     682        0.00188464      a_ia       682                            0.00376928         2
     811        0.00141226      a_ia       811                            0.00282453         2
     724        0.00136952      a_ia       724                            0.00273904         2
   48976       -0.00082035        op      4077      4078                 -0.03691575        45
    4077       -0.00080374    a_iajb      4077                           -0.03616829        45
   48977       -0.00078713        om      4077      4078                 -0.03542084        45
   45662        0.00077413        op      1348      1349                  0.03638395        47
    1348        0.00077321    a_iajb      1348                            0.03634067        47
   45663        0.00077229        om      1348      1349                  0.03629740        47

  ==> Add operator: mvp2 -1: 4077 4078
  ==> Current qubit order: 2  3  6  7  12  13  10  14  44  11  21  15  18  19  20  32  33  34  16  17  42  8  1  40  41  0  43  9  45  25  27  31  58  24  30  53  38  52  35  56  28  48  36  26  37  22  68  23  69  57  59  29  5  4  51  47  46  50  49  54  55  60  61  62  39  63  64  65  66  67  70  71  


  ==> Energy                -172.552021276
  ==> dE                       -3.27e-04
  ==> Gradient Norm             2.37e+00
  ==> Abs. Max. Deriv.          1.01e-01
  ==> Time-Grad. (s)              48.277
  ==> Time-Energy (s)             15.028
  ==> Time-Iter. (s)              63.305

--------------------------------------------------------------------------------
CEO-ADAPT-VQE iteration: 191
--------------------------------------------------------------------------------
    gate        derivative      name       op1       op2       op3        g_unscaled   penalty
     706        0.00214290      a_ia       706                            0.00428580         2
     682        0.00188686      a_ia       682                            0.00377372         2
     811        0.00140211      a_ia       811                            0.00280421         2
     724        0.00137770      a_ia       724                            0.00275540         2
     283        0.00092505      a_ia       283                            0.00370019         4
   45662        0.00072912        op      1348      1349                  0.03718529        51
    1348        0.00072871    a_iajb      1348                            0.03716399        51
   45663        0.00072829        om      1348      1349                  0.03714270        51
   46215       -0.00069517        om      1801      1802                 -0.02989226        43
     848        0.00069084      a_ia       848                            0.00967183        14

  ==> Add operator: a_ia 283
  ==> Current qubit order: 2  3  6  7  12  13  10  14  44  11  21  15  18  19  20  32  33  34  16  17  42  1  8  40  41  0  43  9  45  25  27  31  58  24  30  53  38  52  35  56  28  48  36  26  37  22  68  23  69  57  59  29  5  4  51  47  46  50  49  54  55  60  61  62  39  63  64  65  66  67  70  71  


  ==> Energy                -172.552025163
  ==> dE                       -3.89e-06
  ==> Gradient Norm             2.37e+00
  ==> Abs. Max. Deriv.          1.01e-01
  ==> Time-Grad. (s)              47.740
  ==> Time-Energy (s)              8.162
  ==> Time-Iter. (s)              55.903

--------------------------------------------------------------------------------
CEO-ADAPT-VQE iteration: 192
--------------------------------------------------------------------------------
    gate        derivative      name       op1       op2       op3        g_unscaled   penalty
     706        0.00215698      a_ia       706                            0.00431396         2
     682        0.00187545      a_ia       682                            0.00375091         2
     811        0.00141788      a_ia       811                            0.00283576         2
     724        0.00137483      a_ia       724                            0.00274966         2
   45662        0.00070159        op      1348      1349                  0.03718410        53
    1348        0.00070119    a_iajb      1348                            0.03716282        53
   45663        0.00070078        om      1348      1349                  0.03714154        53
   46215       -0.00069466        om      1801      1802                 -0.02987054        43
     848        0.00068998      a_ia       848                            0.00965973        14
    1801       -0.00068018    a_iajb      1801                           -0.02924758        43

  ==> Add operator: op -1: 1348 1349
  ==> Current qubit order: 2  3  6  7  12  13  10  14  44  11  21  15  18  19  20  32  33  34  16  17  8  42  1  0  43  40  41  9  45  25  27  31  58  24  30  53  38  52  35  56  28  48  36  26  37  22  68  23  69  57  59  29  5  4  51  47  46  50  49  54  55  60  61  62  39  63  64  65  66  67  70  71  


  ==> Energy                -172.552127188
  ==> dE                       -1.02e-04
  ==> Gradient Norm             2.37e+00
  ==> Abs. Max. Deriv.          1.01e-01
  ==> Time-Grad. (s)              47.778
  ==> Time-Energy (s)              8.052
  ==> Time-Iter. (s)              55.831

--------------------------------------------------------------------------------
CEO-ADAPT-VQE iteration: 193
--------------------------------------------------------------------------------
    gate        derivative      name       op1       op2       op3        g_unscaled   penalty
     706        0.00215686      a_ia       706                            0.00431372         2
     682        0.00187464      a_ia       682                            0.00374927         2
     811        0.00141846      a_ia       811                            0.00283692         2
     724        0.00137403      a_ia       724                            0.00274806         2
     314        0.00108086      a_ia       314                            0.00216172         2
     738       -0.00093335      a_ia       738                           -0.00560013         6
     848        0.00068989      a_ia       848                            0.00965842        14
     158        0.00066051      a_ia       158                            0.00396304         6
   45619       -0.00065381        om      1304      1305                 -0.02680604        41
     284       -0.00065253      a_ia       284                           -0.00130506         2

  ==> Add operator: a_ia 314
  ==> Current qubit order: 2  3  6  7  12  13  10  14  44  11  21  15  18  19  20  32  33  34  16  17  8  42  1  0  43  40  41  9  45  25  27  31  58  24  30  53  38  52  35  56  28  48  36  26  37  22  68  23  69  57  59  29  5  4  51  47  46  50  49  54  55  60  61  62  39  63  64  65  66  67  70  71  


  ==> Energy                -172.552128511
  ==> dE                       -1.32e-06
  ==> Gradient Norm             2.37e+00
  ==> Abs. Max. Deriv.          1.01e-01
  ==> Time-Grad. (s)              47.795
  ==> Time-Energy (s)              8.068
  ==> Time-Iter. (s)              55.863

--------------------------------------------------------------------------------
CEO-ADAPT-VQE iteration: 194
--------------------------------------------------------------------------------
    gate        derivative      name       op1       op2       op3        g_unscaled   penalty
     706        0.00214998      a_ia       706                            0.00429995         2
     682        0.00188300      a_ia       682                            0.00376600         2
     811        0.00143298      a_ia       811                            0.00286596         2
     724        0.00137077      a_ia       724                            0.00274155         2
     738       -0.00093521      a_ia       738                           -0.00561124         6
     848        0.00068914      a_ia       848                            0.00964800        14
     158        0.00066158      a_ia       158                            0.00396947         6
   45619       -0.00065397        om      1304      1305                 -0.02681257        41
    1304       -0.00064689    a_iajb      1304                           -0.02652266        41
     780       -0.00063986      a_ia       780                           -0.01791612        28

  ==> Add operator: a_ia 738
  ==> Current qubit order: 2  3  6  7  12  13  10  14  44  11  21  15  18  19  20  32  33  34  16  17  8  42  1  0  43  40  9  45  41  25  27  31  58  24  30  53  38  52  35  56  28  48  36  26  37  22  68  23  69  57  59  29  5  4  51  47  46  50  49  54  55  60  61  62  39  63  64  65  66  67  70  71  


  ==> Energy                -172.552141018
  ==> dE                       -1.25e-05
  ==> Gradient Norm             2.37e+00
  ==> Abs. Max. Deriv.          1.01e-01
  ==> Time-Grad. (s)              47.773
  ==> Time-Energy (s)              8.505
  ==> Time-Iter. (s)              56.278

--------------------------------------------------------------------------------
CEO-ADAPT-VQE iteration: 195
--------------------------------------------------------------------------------
    gate        derivative      name       op1       op2       op3        g_unscaled   penalty
     706        0.00212133      a_ia       706                            0.00424266         2
     682        0.00190666      a_ia       682                            0.00381333         2
     811        0.00145369      a_ia       811                            0.00290738         2
     724        0.00137960      a_ia       724                            0.00275920         2
     848        0.00068842      a_ia       848                            0.00963795        14
   46215       -0.00066578        om      1801      1802                 -0.02996029        45
     158        0.00066346      a_ia       158                            0.00398076         6
   45619       -0.00065382        om      1304      1305                 -0.02680649        41
    1801       -0.00065162    a_iajb      1801                           -0.02932310        45
    1304       -0.00064675    a_iajb      1304                           -0.02651659        41

  ==> Add operator: a_ia 848
  ==> Current qubit order: 2  3  6  7  12  13  10  14  44  11  21  15  18  19  20  32  33  34  16  17  8  42  1  0  43  40  9  45  41  25  27  31  58  24  53  38  52  35  56  28  30  48  36  26  37  22  68  23  69  57  59  29  5  4  51  47  46  50  49  54  55  60  61  62  39  63  64  65  66  67  70  71  


  ==> Energy                -172.552162507
  ==> dE                       -2.15e-05
  ==> Gradient Norm             2.37e+00
  ==> Abs. Max. Deriv.          1.01e-01
  ==> Time-Grad. (s)              48.299
  ==> Time-Energy (s)              8.360
  ==> Time-Iter. (s)              56.660

--------------------------------------------------------------------------------
CEO-ADAPT-VQE iteration: 196
--------------------------------------------------------------------------------
    gate        derivative      name       op1       op2       op3        g_unscaled   penalty
     706        0.00215894      a_ia       706                            0.00431788         2
     682        0.00191099      a_ia       682                            0.00382197         2
     811        0.00152080      a_ia       811                            0.00304160         2
     724        0.00137290      a_ia       724                            0.00274580         2
     158        0.00066671      a_ia       158                            0.00400027         6
   46215       -0.00066579        om      1801      1802                 -0.02996035        45
     284       -0.00066027      a_ia       284                           -0.00132055         2
   45619       -0.00065384        om      1304      1305                 -0.02680748        41
    1801       -0.00065162    a_iajb      1801                           -0.02932312        45
    1304       -0.00064677    a_iajb      1304                           -0.02651758        41

  ==> Add operator: mvp2 -1: 1801 1802
  ==> Current qubit order: 2  3  6  7  12  13  10  14  44  11  21  15  18  19  20  32  33  34  16  17  8  42  1  43  0  40  9  41  45  25  27  31  58  24  53  38  52  35  56  28  30  48  36  26  37  22  68  23  69  57  59  29  5  4  51  47  46  50  49  54  55  60  61  62  39  63  64  65  66  67  70  71  


  ==> Energy                -172.552391676
  ==> dE                       -2.29e-04
  ==> Gradient Norm             2.37e+00
  ==> Abs. Max. Deriv.          1.01e-01
  ==> Time-Grad. (s)              47.929
  ==> Time-Energy (s)             16.310
  ==> Time-Iter. (s)              64.239

--------------------------------------------------------------------------------
CEO-ADAPT-VQE iteration: 197
--------------------------------------------------------------------------------
    gate        derivative      name       op1       op2       op3        g_unscaled   penalty
     706        0.00216488      a_ia       706                            0.00432976         2
     682        0.00190698      a_ia       682                            0.00381396         2
     811        0.00150852      a_ia       811                            0.00301704         2
     724        0.00138755      a_ia       724                            0.00277511         2
     314        0.00102434      a_ia       314                            0.00204868         2
    1036        0.00076101      a_ia      1036                            0.00152202         2
     158        0.00066545      a_ia       158                            0.00399269         6
     284       -0.00065147      a_ia       284                           -0.00130293         2
     740       -0.00065010      a_ia       740                           -0.00130020         2
     780       -0.00064552      a_ia       780                           -0.01807444        28

  ==> Add operator: a_ia 1036
  ==> Current qubit order: 2  3  6  7  12  13  10  14  44  11  21  15  18  19  20  32  33  34  16  17  8  42  1  43  0  40  9  41  45  25  27  31  58  24  53  38  52  35  56  28  30  48  36  26  37  22  68  23  69  57  59  29  5  4  51  47  46  50  49  54  55  60  61  62  39  63  64  65  66  67  70  71  


  ==> Energy                -172.552442342
  ==> dE                       -5.07e-05
  ==> Gradient Norm             2.37e+00
  ==> Abs. Max. Deriv.          1.01e-01
  ==> Time-Grad. (s)              48.222
  ==> Time-Energy (s)              8.448
  ==> Time-Iter. (s)              56.670

--------------------------------------------------------------------------------
CEO-ADAPT-VQE iteration: 198
--------------------------------------------------------------------------------
    gate        derivative      name       op1       op2       op3        g_unscaled   penalty
     706        0.00216616      a_ia       706                            0.00433231         2
     682        0.00190742      a_ia       682                            0.00381484         2
     811        0.00150789      a_ia       811                            0.00301578         2
     724        0.00138461      a_ia       724                            0.00276922         2
     740       -0.00088374      a_ia       740                           -0.00176749         2
     314        0.00086965      a_ia       314                            0.00173930         2
     158        0.00066530      a_ia       158                            0.00399182         6
     284       -0.00065008      a_ia       284                           -0.00130015         2
     780       -0.00064568      a_ia       780                           -0.01807914        28
   46673        0.00063791        om      2190      2191                  0.05167074        81

  ==> Tried operator a_ia 740: gain -7.88e-07 (threshold 1.1e-06), removed and excluded for this stage
  ==> Tried operator a_ia 284: gain -3.02e-07 (threshold 1.1e-06), removed and excluded for this stage
  ==> Add operator: mvp2 -1: 2190 2191
  ==> Current qubit order: 2  3  6  7  12  13  10  14  44  21  15  18  19  20  32  33  34  16  17  8  42  11  0  40  45  1  43  9  41  25  27  31  58  24  53  38  52  35  56  28  30  48  36  26  37  22  68  23  69  57  59  29  5  4  51  47  46  50  49  54  55  60  61  62  39  63  64  65  66  67  70  71  


  ==> Energy                -172.552725623
  ==> dE                       -2.83e-04
  ==> Gradient Norm             2.37e+00
  ==> Abs. Max. Deriv.          1.01e-01
  ==> Time-Grad. (s)              48.379
  ==> Time-Energy (s)             32.393
  ==> Time-Iter. (s)              80.773

--------------------------------------------------------------------------------
CEO-ADAPT-VQE iteration: 199
--------------------------------------------------------------------------------
    gate        derivative      name       op1       op2       op3        g_unscaled   penalty
     706        0.00216362      a_ia       706                            0.00432724         2
     682        0.00190657      a_ia       682                            0.00381315         2
     811        0.00150836      a_ia       811                            0.00301671         2
     724        0.00138131      a_ia       724                            0.00276262         2
     314        0.00086807      a_ia       314                            0.00173614         2
   60783        0.00069677        om     13573     13574                  0.03135479        45
   13573        0.00068988    a_iajb     13573                            0.03104454        45
   60782        0.00068298        op     13573     13574                  0.03073429        45
     158        0.00066591      a_ia       158                            0.00399546         6
     284       -0.00065287      a_ia       284                           -0.00130574         2

  ==> Add operator: mvp2 -1: 13573 13574
  ==> Current qubit order: 2  3  6  7  12  13  10  14  44  21  15  18  19  20  32  33  34  16  17  8  42  11  45  0  40  1  43  9  41  25  27  31  58  24  53  38  52  35  56  28  30  48  36  26  37  22  68  23  69  57  59  29  5  4  51  47  46  50  49  54  55  60  61  62  39  63  64  65  66  67  70  71  


  ==> Energy                -172.552852944
  ==> dE                       -1.27e-04
  ==> Gradient Norm             2.37e+00
  ==> Abs. Max. Deriv.          1.01e-01
  ==> Time-Grad. (s)              48.103
  ==> Time-Energy (s)             16.912
  ==> Time-Iter. (s)              65.015

--------------------------------------------------------------------------------
CEO-ADAPT-VQE iteration: 200
--------------------------------------------------------------------------------
    gate        derivative      name       op1       op2       op3        g_unscaled   penalty
     706        0.00215922      a_ia       706                            0.00431844         2
     682        0.00190690      a_ia       682                            0.00381380         2
     811        0.00150454      a_ia       811                            0.00300908         2
     724        0.00137604      a_ia       724                            0.00275209         2
     314        0.00086237      a_ia       314                            0.00172474         2
     158        0.00066482      a_ia       158                            0.00398893         6
     780       -0.00064479      a_ia       780                           -0.01805422        28
   89569       -0.00054083        om     35434     35436                 -0.02866420        53
   61891        0.00052488        om     14450     14451                  0.02886824        55
   14450        0.00052130    a_iajb     14450                            0.02867140        55

  ==> Add operator: mvp3 -1: 35434 35435 35436
  ==> Current qubit order: 2  3  6  7  12  13  10  14  44  21  15  18  19  20  32  33  34  16  17  8  42  11  45  0  40  1  43  9  41  25  27  31  58  24  53  38  35  56  28  30  48  52  36  26  22  37  68  23  69  57  59  29  5  4  51  47  46  50  49  54  55  60  61  62  39  63  64  65  66  67  70  71  


  ==> Energy                -172.553252449
  ==> dE                       -4.00e-04
  ==> Gradient Norm             2.37e+00
  ==> Abs. Max. Deriv.          1.01e-01
  ==> Time-Grad. (s)              48.646
  ==> Time-Energy (s)             24.831
  ==> Time-Iter. (s)              73.477

--------------------------------------------------------------------------------
CEO-ADAPT-VQE iteration: 201
--------------------------------------------------------------------------------
    gate        derivative      name       op1       op2       op3        g_unscaled   penalty
     706        0.00215808      a_ia       706                            0.00431616         2
     811        0.00149181      a_ia       811                            0.00298363         2
     724        0.00146897      a_ia       724                            0.00293793         2
     674        0.00143587      a_ia       674                            0.00861523         6
     682        0.00102692      a_ia       682                            0.00410769         4
     766        0.00086948      a_ia       766                            0.00347793         4
     314        0.00083570      a_ia       314                            0.00167140         2
     158        0.00066782      a_ia       158                            0.00400692         6
     780       -0.00059629      a_ia       780                           -0.01788856        30
    1129        0.00053969      a_ia      1129                            0.00107937         2

  ==> Add operator: a_ia 674
  ==> Current qubit order: 2  3  6  7  12  13  10  14  44  21  15  18  19  20  32  33  34  16  17  8  42  11  45  0  40  1  43  9  41  25  27  31  58  24  53  38  35  56  28  30  48  36  26  52  22  37  68  23  69  57  59  29  5  4  51  47  46  50  49  54  55  60  61  62  39  63  64  65  66  67  70  71  


  ==> Energy                -172.553268259
  ==> dE                       -1.58e-05
  ==> Gradient Norm             2.37e+00
  ==> Abs. Max. Deriv.          1.01e-01
  ==> Time-Grad. (s)              48.289
  ==> Time-Energy (s)              9.034
  ==> Time-Iter. (s)              57.323

--------------------------------------------------------------------------------
CEO-ADAPT-VQE iteration: 202
--------------------------------------------------------------------------------
    gate        derivative      name       op1       op2       op3        g_unscaled   penalty
     706        0.00216507      a_ia       706                            0.00433015         2
     766        0.00165057      a_ia       766                            0.00330114         2
     811        0.00150728      a_ia       811                            0.00301456         2
     724        0.00136903      a_ia       724                            0.00273805         2
     682        0.00105010      a_ia       682                            0.00420041         4
     314        0.00086170      a_ia       314                            0.00172339         2
     158        0.00066433      a_ia       158                            0.00398597         6
     780       -0.00060386      a_ia       780                           -0.01811586        30
   61891        0.00052474        om     14450     14451                  0.02886082        55
   14450        0.00052119    a_iajb     14450                            0.02866541        55

  ==> Add operator: a_ia 766
  ==> Current qubit order: 2  3  6  7  12  13  10  14  44  21  15  18  19  20  32  33  34  16  17  8  42  11  45  0  40  1  43  9  41  25  27  31  58  24  53  38  35  56  28  30  48  36  26  52  22  37  68  23  69  57  59  29  5  4  51  47  46  50  49  54  55  60  61  62  39  63  64  65  66  67  70  71  


  ==> Energy                -172.553270320
  ==> dE                       -2.06e-06
  ==> Gradient Norm             2.37e+00
  ==> Abs. Max. Deriv.          1.01e-01
  ==> Time-Grad. (s)              48.417
  ==> Time-Energy (s)              8.675
  ==> Time-Iter. (s)              57.092

--------------------------------------------------------------------------------
CEO-ADAPT-VQE iteration: 203
--------------------------------------------------------------------------------
    gate        derivative      name       op1       op2       op3        g_unscaled   penalty
     706        0.00217352      a_ia       706                            0.00434704         2
     811        0.00152690      a_ia       811                            0.00305380         2
     724        0.00135074      a_ia       724                            0.00270148         2
     682        0.00105554      a_ia       682                            0.00422214         4
     314        0.00085547      a_ia       314                            0.00171094         2
     158        0.00067046      a_ia       158                            0.00402276         6
     780       -0.00060412      a_ia       780                           -0.01812358        30
   61891        0.00052474        om     14450     14451                  0.02886075        55
   14450        0.00052119    a_iajb     14450                            0.02866533        55
   61890        0.00051763        op     14450     14451                  0.02846991        55

  ==> Add operator: mvp2 -1: 14450 14451
  ==> Current qubit order: 2  3  6  7  12  13  10  14  44  21  15  18  19  20  32  33  34  16  17  8  42  41  11  45  0  40  1  43  9  25  27  31  58  24  53  38  35  56  28  30  48  36  26  52  22  37  68  23  69  57  59  29  5  4  51  47  46  50  49  54  55  60  61  62  39  63  64  65  66  67  70  71  


  ==> Energy                -172.553399583
  ==> dE                       -1.29e-04
  ==> Gradient Norm             2.37e+00
  ==> Abs. Max. Deriv.          1.01e-01
  ==> Time-Grad. (s)              48.270
  ==> Time-Energy (s)             17.292
  ==> Time-Iter. (s)              65.562

--------------------------------------------------------------------------------
CEO-ADAPT-VQE iteration: 204
--------------------------------------------------------------------------------
    gate        derivative      name       op1       op2       op3        g_unscaled   penalty
     374        0.00248823      a_ia       374                            0.00497645         2
     706        0.00217443      a_ia       706                            0.00434887         2
     811        0.00152772      a_ia       811                            0.00305543         2
     724        0.00135122      a_ia       724                            0.00270245         2
     682        0.00105460      a_ia       682                            0.00421839         4
     158        0.00067042      a_ia       158                            0.00402252         6
     780       -0.00060412      a_ia       780                           -0.01812363        30
     306       -0.00055728      a_ia       306                           -0.00111456         2
     284       -0.00052588      a_ia       284                           -0.00105175         2
   60763       -0.00051899        om     13553     13554                 -0.02127876        41

  ==> Add operator: a_ia 374
  ==> Current qubit order: 2  3  6  7  12  13  10  14  44  21  15  18  19  20  32  33  34  16  17  8  42  41  11  45  0  40  1  43  9  25  27  31  58  24  53  38  35  56  28  30  48  36  26  52  22  37  68  23  69  57  59  29  5  4  51  47  46  50  49  54  55  60  61  62  39  63  64  65  66  67  70  71  


  ==> Energy                -172.553405801
  ==> dE                       -6.22e-06
  ==> Gradient Norm             2.37e+00
  ==> Abs. Max. Deriv.          1.01e-01
  ==> Time-Grad. (s)              48.874
  ==> Time-Energy (s)              8.964
  ==> Time-Iter. (s)              57.838

  ==> gain rate 1.96e-04 Ha per operator over the last 50 accepted operators is below 0.20 of the level's best (1.01e-03) --- exiting.


--------------------------------------------------------------------------------
RESTART
--------------------------------------------------------------------------------

Last Energy: -172.553825141

--------------------------------------------------------------------------------
CEO-ADAPT-VQE iteration: 205
--------------------------------------------------------------------------------
    gate        derivative      name       op1       op2       op3        g_unscaled   penalty
     706        0.00223741      a_ia       706                            0.00447482         2
     724        0.00138757      a_ia       724                            0.00277514         2
     811        0.00123931      a_ia       811                            0.00247862         2
     682        0.00112527      a_ia       682                            0.00450109         4
     306       -0.00062179      a_ia       306                           -0.00124357         2
     158        0.00061642      a_ia       158                            0.00369853         6
     780       -0.00061179      a_ia       780                           -0.01835383        30
     701       -0.00055914      a_ia       701                           -0.00335484         6
   60763       -0.00052105        om     13553     13554                 -0.02136291        41
   13553       -0.00051168    a_iajb     13553                           -0.02097908        41

  ==> Add operator: a_ia 706
  ==> Current qubit order: 2  3  6  7  12  13  10  14  44  21  15  18  19  20  32  33  34  16  17  8  42  41  11  45  0  40  1  43  9  25  27  31  58  24  53  38  35  56  28  30  48  36  26  52  22  37  68  23  69  57  59  29  5  4  51  47  46  50  49  54  55  60  61  62  39  63  64  65  66  67  70  71  


  ==> Energy                -172.553827015
  ==> dE                       -1.87e-06
  ==> Gradient Norm             2.36e+00
  ==> Abs. Max. Deriv.          1.01e-01
  ==> Time-Grad. (s)             128.282
  ==> Time-Energy (s)             20.492
  ==> Time-Iter. (s)             148.773

--------------------------------------------------------------------------------
CEO-ADAPT-VQE iteration: 206
--------------------------------------------------------------------------------
    gate        derivative      name       op1       op2       op3        g_unscaled   penalty
     724        0.00137259      a_ia       724                            0.00274517         2
     811        0.00121090      a_ia       811                            0.00242181         2
     682        0.00110817      a_ia       682                            0.00443268         4
     306       -0.00062177      a_ia       306                           -0.00124354         2
     158        0.00061402      a_ia       158                            0.00368411         6
     780       -0.00061119      a_ia       780                           -0.01833569        30
     701       -0.00056254      a_ia       701                           -0.00337523         6
   60763       -0.00052105        om     13553     13554                 -0.02136301        41
   13553       -0.00051169    a_iajb     13553                           -0.02097911        41
   45884        0.00050774        op      1570      1571                  0.10104070       199

  ==> Tried operator a_ia 724: gain -7.25e-07 (threshold 7.6e-07), removed and excluded for this stage
  ==> Add operator: a_ia 811
  ==> Current qubit order: 2  3  6  7  12  13  10  14  44  21  15  18  19  20  32  33  34  16  17  8  42  41  11  45  0  40  1  43  9  25  27  31  58  24  53  38  35  56  28  30  48  36  26  52  22  37  68  23  69  57  59  29  5  4  51  47  46  50  49  54  55  60  61  62  39  63  64  65  66  67  70  71  


  ==> Energy                -172.553827898
  ==> dE                       -8.82e-07
  ==> Gradient Norm             2.36e+00
  ==> Abs. Max. Deriv.          1.01e-01
  ==> Time-Grad. (s)             128.537
  ==> Time-Energy (s)             36.515
  ==> Time-Iter. (s)             165.052

--------------------------------------------------------------------------------
CEO-ADAPT-VQE iteration: 207
--------------------------------------------------------------------------------
    gate        derivative      name       op1       op2       op3        g_unscaled   penalty
     724        0.00135580      a_ia       724                            0.00271160         2
     682        0.00110316      a_ia       682                            0.00441265         4
     306       -0.00062184      a_ia       306                           -0.00124368         2
     158        0.00061086      a_ia       158                            0.00366514         6
     780       -0.00060954      a_ia       780                           -0.01828618        30
     701       -0.00057736      a_ia       701                           -0.00346415         6
   60763       -0.00052105        om     13553     13554                 -0.02136318        41
   13553       -0.00051169    a_iajb     13553                           -0.02097924        41
   45884        0.00050774        op      1570      1571                  0.10104070       199
   45885        0.00050774        om      1570      1571                  0.10104070       199

  ==> Add operator: a_ia 682
  ==> Current qubit order: 2  3  6  7  12  13  10  14  44  21  15  18  19  20  32  33  34  16  17  8  42  41  11  45  0  40  1  43  9  25  27  31  58  24  53  38  35  56  28  30  48  36  26  52  37  22  68  23  69  57  59  29  5  4  51  47  46  50  49  54  55  60  61  62  39  63  64  65  66  67  70  71  


  ==> Energy                -172.553829889
  ==> dE                       -1.99e-06
  ==> Gradient Norm             2.36e+00
  ==> Abs. Max. Deriv.          1.01e-01
  ==> Time-Grad. (s)             129.256
  ==> Time-Energy (s)             22.605
  ==> Time-Iter. (s)             151.860

--------------------------------------------------------------------------------
CEO-ADAPT-VQE iteration: 208
--------------------------------------------------------------------------------
    gate        derivative      name       op1       op2       op3        g_unscaled   penalty
     724        0.00135345      a_ia       724                            0.00270689         2
     780       -0.00065239      a_ia       780                           -0.01826695        28
     306       -0.00062186      a_ia       306                           -0.00124371         2
     158        0.00060819      a_ia       158                            0.00364914         6
     701       -0.00058907      a_ia       701                           -0.00353443         6
   60763       -0.00052105        om     13553     13554                 -0.02136308        41
   13553       -0.00051169    a_iajb     13553                           -0.02097922        41
   45884        0.00050774        op      1570      1571                  0.10104070       199
   45885        0.00050774        om      1570      1571                  0.10104070       199
   60762       -0.00050233        op     13553     13554                 -0.02059537        41

  ==> Add operator: a_ia 780
  ==> Current qubit order: 2  3  6  7  12  13  10  14  44  21  15  18  19  20  32  33  34  16  17  8  42  41  11  45  0  40  1  43  9  25  31  58  24  53  38  35  56  28  30  48  36  26  52  27  37  22  68  23  69  57  59  29  5  4  51  47  46  50  49  54  55  60  61  62  39  63  64  65  66  67  70  71  


  ==> Energy                -172.554000097
  ==> dE                       -1.70e-04
  ==> Gradient Norm             2.36e+00
  ==> Abs. Max. Deriv.          1.01e-01
  ==> Time-Grad. (s)             128.773
  ==> Time-Energy (s)             21.107
  ==> Time-Iter. (s)             149.880

--------------------------------------------------------------------------------
CEO-ADAPT-VQE iteration: 209
--------------------------------------------------------------------------------
    gate        derivative      name       op1       op2       op3        g_unscaled   penalty
     758        0.00222931      a_ia       758                            0.00445861         2
     724        0.00090537      a_ia       724                            0.00181074         2
     701       -0.00084575      a_ia       701                           -0.00507450         6
     802        0.00083600      a_ia       802                            0.00501602         6
     306       -0.00061621      a_ia       306                           -0.00123242         2
   60763       -0.00052096        om     13553     13554                 -0.02135946        41
      19        0.00051996      a_ia        19                            0.00103992         2
     158        0.00051610      a_ia       158                            0.00309660         6
   13553       -0.00051156    a_iajb     13553                           -0.02097416        41
   45884        0.00050774        op      1570      1571                  0.10104070       199

  ==> Add operator: a_ia 758
  ==> Current qubit order: 2  3  6  7  12  13  10  14  44  21  15  18  19  20  32  33  34  16  17  8  42  41  11  45  0  40  1  43  9  25  31  58  24  53  38  35  56  28  30  48  36  26  52  27  37  22  68  23  69  57  59  29  5  4  51  47  46  50  49  54  55  60  61  62  39  63  64  65  66  67  70  71  


  ==> Energy                -172.554010370
  ==> dE                       -1.03e-05
  ==> Gradient Norm             2.36e+00
  ==> Abs. Max. Deriv.          1.01e-01
  ==> Time-Grad. (s)             129.753
  ==> Time-Energy (s)             19.442
  ==> Time-Iter. (s)             149.194

--------------------------------------------------------------------------------
CEO-ADAPT-VQE iteration: 210
--------------------------------------------------------------------------------
    gate        derivative      name       op1       op2       op3        g_unscaled   penalty
     724        0.00099519      a_ia       724                            0.00199039         2
     701       -0.00077494      a_ia       701                           -0.00464961         6
     802        0.00071813      a_ia       802                            0.00430875         6
     306       -0.00061640      a_ia       306                           -0.00123281         2
     780       -0.00057544      a_ia       780                           -0.00115087         2
   60763       -0.00052102        om     13553     13554                 -0.02136182        41
     158        0.00051296      a_ia       158                            0.00307778         6
   13553       -0.00051162    a_iajb     13553                           -0.02097632        41
   45884        0.00050774        op      1570      1571                  0.10104070       199
   45885        0.00050774        om      1570      1571                  0.10104070       199

  ==> Add operator: a_ia 701
  ==> Current qubit order: 2  3  6  7  12  13  10  14  44  21  15  18  19  20  32  33  34  16  17  8  42  41  11  45  0  40  1  43  9  25  31  58  24  53  38  35  56  28  30  48  36  26  52  27  37  22  68  69  57  23  59  29  5  4  51  47  46  50  49  54  55  60  61  62  39  63  64  65  66  67  70  71  


  ==> Energy                -172.554014489
  ==> dE                       -4.12e-06
  ==> Gradient Norm             2.36e+00
  ==> Abs. Max. Deriv.          1.01e-01
  ==> Time-Grad. (s)             129.957
  ==> Time-Energy (s)             15.790
  ==> Time-Iter. (s)             145.748

--------------------------------------------------------------------------------
CEO-ADAPT-VQE iteration: 211
--------------------------------------------------------------------------------
    gate        derivative      name       op1       op2       op3        g_unscaled   penalty
     724        0.00104650      a_ia       724                            0.00209300         2
     802        0.00068107      a_ia       802                            0.00408639         6
     686       -0.00066221      a_ia       686                           -0.00264884         4
     780       -0.00064636      a_ia       780                           -0.00129272         2
     306       -0.00061646      a_ia       306                           -0.00123292         2
     158        0.00052719      a_ia       158                            0.00316315         6
   60763       -0.00052102        om     13553     13554                 -0.02136176        41
      19        0.00051316      a_ia        19                            0.00102633         2
   13553       -0.00051162    a_iajb     13553                           -0.02097625        41
   45884        0.00050774        op      1570      1571                  0.10104070       199

  ==> Add operator: a_ia 802
  ==> Current qubit order: 2  3  6  7  12  13  10  14  44  21  15  18  19  20  32  33  34  16  17  8  42  41  11  45  0  40  1  43  9  25  31  58  24  53  35  56  38  28  30  48  36  26  52  27  37  22  68  69  57  23  59  29  5  4  51  47  46  50  49  54  55  60  61  62  39  63  64  65  66  67  70  71  


  ==> Energy                -172.554023255
  ==> dE                       -8.77e-06
  ==> Gradient Norm             2.36e+00
  ==> Abs. Max. Deriv.          1.01e-01
  ==> Time-Grad. (s)             130.580
  ==> Time-Energy (s)             21.684
  ==> Time-Iter. (s)             152.265

--------------------------------------------------------------------------------
CEO-ADAPT-VQE iteration: 212
--------------------------------------------------------------------------------
    gate        derivative      name       op1       op2       op3        g_unscaled   penalty
     724        0.00116100      a_ia       724                            0.00232200         2
     780       -0.00102646      a_ia       780                           -0.00205292         2
     686       -0.00066241      a_ia       686                           -0.00264965         4
     306       -0.00061637      a_ia       306                           -0.00123275         2
     158        0.00054838      a_ia       158                            0.00329027         6
   60763       -0.00052105        om     13553     13554                 -0.02136309        41
   57871        0.00051601        om     11297     11298                  0.04386118        85
   13553       -0.00051165    a_iajb     13553                           -0.02097763        41
   45884        0.00050774        op      1570      1571                  0.10104069       199
   45885        0.00050774        om      1570      1571                  0.10104069       199

  ==> Add operator: a_ia 686
  ==> Current qubit order: 2  3  6  7  12  13  10  14  44  21  15  18  19  20  32  33  34  16  17  8  42  41  11  45  0  40  1  43  9  25  31  58  24  53  35  56  38  28  30  48  36  26  52  27  37  22  68  69  57  59  23  29  5  4  51  47  46  50  49  54  55  60  61  62  39  63  64  65  66  67  70  71  


  ==> Energy                -172.554080450
  ==> dE                       -5.72e-05
  ==> Gradient Norm             2.36e+00
  ==> Abs. Max. Deriv.          1.01e-01
  ==> Time-Grad. (s)             129.225
  ==> Time-Energy (s)             20.790
  ==> Time-Iter. (s)             150.015

--------------------------------------------------------------------------------
CEO-ADAPT-VQE iteration: 213
--------------------------------------------------------------------------------
    gate        derivative      name       op1       op2       op3        g_unscaled   penalty
     724        0.00116789      a_ia       724                            0.00233578         2
     780       -0.00106815      a_ia       780                           -0.00213631         2
     306       -0.00060944      a_ia       306                           -0.00121887         2
     158        0.00055006      a_ia       158                            0.00330036         6
   60763       -0.00052106        om     13553     13554                 -0.02136341        41
      19        0.00051921      a_ia        19                            0.00103842         2
   57871        0.00051590        om     11297     11298                  0.04385160        85
   13553       -0.00051165    a_iajb     13553                           -0.02097784        41
   45884        0.00050774        op      1570      1571                  0.10104070       199
   45885        0.00050774        om      1570      1571                  0.10104070       199

  ==> Add operator: a_ia 306
  ==> Current qubit order: 2  3  6  7  12  13  10  14  44  21  15  18  19  20  32  33  34  16  17  8  42  41  11  45  0  40  1  43  9  25  31  58  24  53  35  56  38  28  30  48  36  26  52  27  37  22  68  69  57  59  23  29  5  4  51  47  46  50  49  54  55  60  61  62  39  63  64  65  66  67  70  71  


  ==> Energy                -172.554137220
  ==> dE                       -5.68e-05
  ==> Gradient Norm             2.36e+00
  ==> Abs. Max. Deriv.          1.01e-01
  ==> Time-Grad. (s)             129.189
  ==> Time-Energy (s)             20.093
  ==> Time-Iter. (s)             149.282

--------------------------------------------------------------------------------
CEO-ADAPT-VQE iteration: 214
--------------------------------------------------------------------------------
    gate        derivative      name       op1       op2       op3        g_unscaled   penalty
     724        0.00116829      a_ia       724                            0.00233658         2
     780       -0.00103839      a_ia       780                           -0.00207678         2
     158        0.00055300      a_ia       158                            0.00331800         6
   60763       -0.00051807        om     13553     13554                 -0.02124099        41
   57871        0.00051594        om     11297     11298                  0.04385499        85
   13553       -0.00050888    a_iajb     13553                           -0.02086426        41
   45884        0.00050774        op      1570      1571                  0.10104005       199
   45885        0.00050774        om      1570      1571                  0.10104005       199
   79508        0.00050109        op     27628     27629                  0.02755975        55
   27628        0.00050001    a_iajb     27628                            0.02750028        55

  ==> Add operator: a_ia 158
  ==> Current qubit order: 2  3  6  7  12  13  10  14  44  21  15  18  19  20  32  33  34  16  17  8  42  41  11  45  0  40  1  43  9  25  31  58  24  53  35  56  38  28  30  48  36  26  52  27  37  22  68  69  57  59  23  29  5  51  47  4  46  50  49  54  55  60  61  62  39  63  64  65  66  67  70  71  


  ==> Energy                -172.554138801
  ==> dE                       -1.58e-06
  ==> Gradient Norm             2.36e+00
  ==> Abs. Max. Deriv.          1.01e-01
  ==> Time-Grad. (s)             128.765
  ==> Time-Energy (s)             21.916
  ==> Time-Iter. (s)             150.681

--------------------------------------------------------------------------------
CEO-ADAPT-VQE iteration: 215
--------------------------------------------------------------------------------
    gate        derivative      name       op1       op2       op3        g_unscaled   penalty
     724        0.00116094      a_ia       724                            0.00232189         2
     780       -0.00102263      a_ia       780                           -0.00204526         2
   60763       -0.00051807        om     13553     13554                 -0.02124096        41
   57871        0.00051595        om     11297     11298                  0.04385555        85
     160       -0.00051526      a_ia       160                           -0.00206103         4
   13553       -0.00050888    a_iajb     13553                           -0.02086418        41
   45884        0.00050774        op      1570      1571                  0.10104006       199
   45885        0.00050774        om      1570      1571                  0.10104006       199
   52715        0.00050118        om      7134      7135                  0.04761167        95
   79508        0.00050109        op     27628     27629                  0.02755972        55

  ==> Add operator: mvp2 -1: 13553 13554
  ==> Current qubit order: 2  3  6  7  12  13  10  14  44  21  15  18  19  20  32  33  34  16  17  8  42  41  11  45  0  40  1  43  9  25  31  58  24  53  35  56  38  28  30  48  36  26  52  27  37  22  68  69  57  59  23  29  5  51  47  4  46  50  49  54  55  60  61  62  39  63  64  65  66  67  70  71  


  ==> Energy                -172.554222843
  ==> dE                       -8.40e-05
  ==> Gradient Norm             2.36e+00
  ==> Abs. Max. Deriv.          1.01e-01
  ==> Time-Grad. (s)             128.847
  ==> Time-Energy (s)             41.888
  ==> Time-Iter. (s)             170.735

--------------------------------------------------------------------------------
CEO-ADAPT-VQE iteration: 216
--------------------------------------------------------------------------------
    gate        derivative      name       op1       op2       op3        g_unscaled   penalty
     724        0.00116515      a_ia       724                            0.00233029         2
     780       -0.00102738      a_ia       780                           -0.00205476         2
   57871        0.00051590        om     11297     11298                  0.04385109        85
     160       -0.00051402      a_ia       160                           -0.00205608         4
   45884        0.00050774        op      1570      1571                  0.10104003       199
   45885        0.00050774        om      1570      1571                  0.10104003       199
   52715        0.00050117        om      7134      7135                  0.04761151        95
   79508        0.00050106        op     27628     27629                  0.02755824        55
   27628        0.00050033    a_iajb     27628                            0.02751825        55
    7134        0.00050026    a_iajb      7134                            0.04752498        95

  ==> Add operator: mvp2 -1: 11297 11298
  ==> Current qubit order: 2  3  6  7  12  13  10  14  44  21  15  18  19  20  32  33  34  16  17  8  42  41  11  45  0  40  1  9  25  31  58  24  53  35  56  43  38  28  5  30  48  36  26  52  27  37  22  68  69  57  59  23  29  51  47  4  46  50  49  54  55  60  61  62  39  63  64  65  66  67  70  71  


  ==> Energy                -172.554644044
  ==> dE                       -4.21e-04
  ==> Gradient Norm             2.36e+00
  ==> Abs. Max. Deriv.          1.01e-01
  ==> Time-Grad. (s)             128.836
  ==> Time-Energy (s)             39.905
  ==> Time-Iter. (s)             168.741

--------------------------------------------------------------------------------
CEO-ADAPT-VQE iteration: 217
--------------------------------------------------------------------------------
    gate        derivative      name       op1       op2       op3        g_unscaled   penalty
     189       -0.00121543      a_ia       189                           -0.00729257         6
     724        0.00119297      a_ia       724                            0.00238595         2
     780       -0.00106926      a_ia       780                           -0.00213853         2
   57968       -0.00069708        op     11395     11396                 -0.03136867        45
   11395       -0.00069703    a_iajb     11395                           -0.03136619        45
   57969       -0.00069697        om     11395     11396                 -0.03136372        45
     695       -0.00053104      a_ia       695                           -0.00318622         6
   58399        0.00052241        om     11687     11688                  0.02559833        49
   11687        0.00051341    a_iajb     11687                            0.02515701        49
     160       -0.00051236      a_ia       160                           -0.00204943         4

  ==> Add operator: a_ia 189
  ==> Current qubit order: 2  3  6  7  12  13  10  14  44  21  15  18  19  20  32  33  34  16  17  8  42  41  11  45  0  40  1  9  25  31  58  24  53  35  56  38  28  43  5  30  48  36  26  52  27  37  22  68  69  57  59  23  29  51  47  4  46  50  49  54  55  60  61  62  39  63  64  65  66  67  70  71  


  ==> Energy                -172.554653012
  ==> dE                       -8.97e-06
  ==> Gradient Norm             2.36e+00
  ==> Abs. Max. Deriv.          1.01e-01
  ==> Time-Grad. (s)             129.436
  ==> Time-Energy (s)             22.632
  ==> Time-Iter. (s)             152.067

--------------------------------------------------------------------------------
CEO-ADAPT-VQE iteration: 218
--------------------------------------------------------------------------------
    gate        derivative      name       op1       op2       op3        g_unscaled   penalty
     724        0.00115961      a_ia       724                            0.00231921         2
     780       -0.00102448      a_ia       780                           -0.00204895         2
   57969       -0.00073658        om     11395     11396                 -0.03167302        43
   11395       -0.00073466    a_iajb     11395                           -0.03159025        43
   57968       -0.00073273        op     11395     11396                 -0.03150747        43
   58399        0.00059538        om     11687     11688                  0.02560126        43
   11687        0.00058330    a_iajb     11687                            0.02508208        43
   58398        0.00057123        op     11687     11688                  0.02456290        43
     695       -0.00053433      a_ia       695                           -0.00320600         6
     160       -0.00051851      a_ia       160                           -0.00207403         4

  ==> Add operator: mvp2 -1: 11395 11396
  ==> Current qubit order: 2  3  6  7  12  13  10  14  44  21  15  18  19  20  32  33  34  16  17  8  42  41  11  45  0  40  1  9  25  31  58  24  53  35  38  56  28  43  5  30  48  36  26  52  27  37  22  68  69  57  59  23  29  51  47  4  46  50  49  54  55  60  61  62  39  63  64  65  66  67  70  71  


  ==> Energy                -172.554746611
  ==> dE                       -9.36e-05
  ==> Gradient Norm             2.36e+00
  ==> Abs. Max. Deriv.          1.01e-01
  ==> Time-Grad. (s)             129.987
  ==> Time-Energy (s)             40.177
  ==> Time-Iter. (s)             170.164

--------------------------------------------------------------------------------
CEO-ADAPT-VQE iteration: 219
--------------------------------------------------------------------------------
    gate        derivative      name       op1       op2       op3        g_unscaled   penalty
     724        0.00116110      a_ia       724                            0.00232220         2
     780       -0.00102712      a_ia       780                           -0.00205424         2
   58399        0.00056253        om     11687     11688                  0.02531405        45
   11687        0.00055575    a_iajb     11687                            0.02500876        45
   58398        0.00054897        op     11687     11688                  0.02470347        45
     695       -0.00053429      a_ia       695                           -0.00320573         6
     160       -0.00051817      a_ia       160                           -0.00207269         4
   45884        0.00050774        op      1570      1571                  0.10104006       199
   45885        0.00050774        om      1570      1571                  0.10104006       199
   79508        0.00050106        op     27628     27629                  0.02755813        55

  ==> Add operator: a_ia 780
  ==> Current qubit order: 2  3  6  7  12  13  10  14  44  21  15  18  19  20  32  33  34  16  17  8  42  41  11  45  0  40  1  9  25  31  58  24  53  35  38  56  28  43  5  30  48  36  26  52  27  37  22  68  69  57  59  23  29  51  47  4  46  50  49  54  55  60  61  62  39  63  64  65  66  67  70  71  


  ==> Energy                -172.554748638
  ==> dE                       -2.03e-06
  ==> Gradient Norm             2.36e+00
  ==> Abs. Max. Deriv.          1.01e-01
  ==> Time-Grad. (s)             130.353
  ==> Time-Energy (s)             22.642
  ==> Time-Iter. (s)             152.995

--------------------------------------------------------------------------------
CEO-ADAPT-VQE iteration: 220
--------------------------------------------------------------------------------
    gate        derivative      name       op1       op2       op3        g_unscaled   penalty
     724        0.00111222      a_ia       724                            0.00222444         2
   58399        0.00056252        om     11687     11688                  0.02531328        45
   11687        0.00055570    a_iajb     11687                            0.02500642        45
     160       -0.00055170      a_ia       160                           -0.00220680         4
   58398        0.00054888        op     11687     11688                  0.02469955        45
     695       -0.00053683      a_ia       695                           -0.00322100         6
      19        0.00052056      a_ia        19                            0.00104111         2
   45884        0.00050774        op      1570      1571                  0.10104006       199
   45885        0.00050774        om      1570      1571                  0.10104006       199
   79508        0.00050106        op     27628     27629                  0.02755814        55

  ==> Add operator: mvp2 -1: 11687 11688
  ==> Current qubit order: 2  3  6  7  12  13  10  14  44  21  15  18  19  20  32  33  34  16  17  8  42  41  11  45  0  40  1  9  25  31  58  24  53  35  56  28  38  43  5  30  48  36  26  52  27  37  22  68  69  57  59  23  29  51  47  4  46  50  49  54  55  60  61  62  39  63  64  65  66  67  70  71  


  ==> Energy                -172.554836616
  ==> dE                       -8.80e-05
  ==> Gradient Norm             2.36e+00
  ==> Abs. Max. Deriv.          1.01e-01
  ==> Time-Grad. (s)             129.803
  ==> Time-Energy (s)             40.352
  ==> Time-Iter. (s)             170.154

--------------------------------------------------------------------------------
CEO-ADAPT-VQE iteration: 221
--------------------------------------------------------------------------------
    gate        derivative      name       op1       op2       op3        g_unscaled   penalty
     724        0.00111181      a_ia       724                            0.00222363         2
     709        0.00057187      a_ia       709                            0.00457498         8
     160       -0.00055136      a_ia       160                           -0.00220544         4
     695       -0.00053695      a_ia       695                           -0.00322168         6
      19        0.00051990      a_ia        19                            0.00103980         2
   45884        0.00050774        op      1570      1571                  0.10104006       199
   45885        0.00050774        om      1570      1571                  0.10104006       199
   79508        0.00050106        op     27628     27629                  0.02755810        55
     973       -0.00050096      a_ia       973                           -0.00801537        16
   27628        0.00050033    a_iajb     27628                            0.02751791        55

  ==> Add operator: a_ia 709
  ==> Current qubit order: 2  3  6  7  12  13  10  14  44  21  15  18  19  20  32  33  34  16  17  8  42  41  11  45  0  40  1  9  25  31  58  53  35  56  24  28  38  43  5  30  48  36  26  52  27  37  22  68  69  57  59  23  29  51  47  4  46  50  49  54  55  60  61  62  39  63  64  65  66  67  70  71  


  ==> Energy                -172.555000816
  ==> dE                       -1.64e-04
  ==> Gradient Norm             2.36e+00
  ==> Abs. Max. Deriv.          1.01e-01
  ==> Time-Grad. (s)             129.916
  ==> Time-Energy (s)             20.517
  ==> Time-Iter. (s)             150.432

--------------------------------------------------------------------------------
CEO-ADAPT-VQE iteration: 222
--------------------------------------------------------------------------------
    gate        derivative      name       op1       op2       op3        g_unscaled   penalty
    1204        0.00055212      a_ia      1204                            0.00331273         6
     160       -0.00054755      a_ia       160                           -0.00219020         4
     695       -0.00053985      a_ia       695                           -0.00323908         6
      19        0.00051931      a_ia        19                            0.00103861         2
   45884        0.00050774        op      1570      1571                  0.10104009       199
   45885        0.00050774        om      1570      1571                  0.10104009       199
   79508        0.00050103        op     27628     27629                  0.02755642        55
     973       -0.00050037      a_ia       973                           -0.00800599        16
   27628        0.00050030    a_iajb     27628                            0.02751642        55
   79509        0.00049957        om     27628     27629                  0.02747642        55

  ==> Add operator: a_ia 1204
  ==> Current qubit order: 2  3  6  7  12  13  10  14  44  21  15  18  19  20  32  33  34  16  17  8  42  41  11  45  0  40  1  9  25  31  53  35  58  56  24  28  38  43  5  30  48  36  26  52  27  37  22  68  69  57  59  23  29  51  47  4  46  50  49  54  55  60  61  62  39  63  64  65  66  67  70  71  


  ==> Energy                -172.555243137
  ==> dE                       -2.42e-04
  ==> Gradient Norm             2.36e+00
  ==> Abs. Max. Deriv.          1.01e-01
  ==> Time-Grad. (s)             131.831
  ==> Time-Energy (s)             18.023
  ==> Time-Iter. (s)             149.854

--------------------------------------------------------------------------------
CEO-ADAPT-VQE iteration: 223
--------------------------------------------------------------------------------
    gate        derivative      name       op1       op2       op3        g_unscaled   penalty
     870       -0.00086730      a_ia       870                           -0.00173459         2
     812       -0.00081320      a_ia       812                           -0.00487920         6
     744        0.00063547      a_ia       744                            0.00254188         4
     695       -0.00053813      a_ia       695                           -0.00322880         6
   95337       -0.00053449        om     39639     39641                 -0.02191395        41
     724        0.00052864      a_ia       724                            0.00211458         4
      19        0.00052055      a_ia        19                            0.00104110         2
     160       -0.00051757      a_ia       160                           -0.00207027         4
   45884        0.00050774        op      1570      1571                  0.10104008       199
   45885        0.00050774        om      1570      1571                  0.10104008       199

  ==> Add operator: a_ia 870
  ==> Current qubit order: 2  3  6  7  12  13  10  14  44  21  15  18  19  20  32  33  34  16  17  8  42  41  11  45  0  40  1  9  25  31  53  35  58  56  24  28  38  43  5  30  48  36  26  52  27  37  22  68  69  57  59  23  29  51  47  4  46  50  49  54  55  60  61  62  39  63  64  65  66  67  70  71  


  ==> Energy                -172.555243929
  ==> dE                       -7.92e-07
  ==> Gradient Norm             2.36e+00
  ==> Abs. Max. Deriv.          1.01e-01
  ==> Time-Grad. (s)             131.842
  ==> Time-Energy (s)             22.699
  ==> Time-Iter. (s)             154.542

--------------------------------------------------------------------------------
CEO-ADAPT-VQE iteration: 224
--------------------------------------------------------------------------------
    gate        derivative      name       op1       op2       op3        g_unscaled   penalty
     812       -0.00081520      a_ia       812                           -0.00489120         6
     744        0.00064170      a_ia       744                            0.00256679         4
     695       -0.00053761      a_ia       695                           -0.00322568         6
   95337       -0.00053449        om     39639     39641                 -0.02191400        41
     724        0.00053107      a_ia       724                            0.00212430         4
      19        0.00052336      a_ia        19                            0.00104672         2
     160       -0.00051809      a_ia       160                           -0.00207237         4
   45884        0.00050774        op      1570      1571                  0.10104009       199
   45885        0.00050774        om      1570      1571                  0.10104009       199
     973       -0.00050118      a_ia       973                           -0.00801892        16

  ==> Add operator: a_ia 812
  ==> Current qubit order: 2  3  6  7  12  13  10  14  44  21  15  18  19  20  32  33  34  16  17  8  42  41  11  45  0  40  1  9  25  31  53  35  56  24  58  28  38  43  5  30  48  36  26  52  27  37  22  68  69  57  59  23  29  51  47  4  46  50  49  54  55  60  61  62  39  63  64  65  66  67  70  71  


  ==> Energy                -172.555248484
  ==> dE                       -4.56e-06
  ==> Gradient Norm             2.36e+00
  ==> Abs. Max. Deriv.          1.01e-01
  ==> Time-Grad. (s)             131.098
  ==> Time-Energy (s)             21.422
  ==> Time-Iter. (s)             152.521

--------------------------------------------------------------------------------
CEO-ADAPT-VQE iteration: 225
--------------------------------------------------------------------------------
    gate        derivative      name       op1       op2       op3        g_unscaled   penalty
     724        0.00103712      a_ia       724                            0.00207424         2
     997        0.00096543      a_ia       997                            0.00386172         4
   95295        0.00064776        om     39618     39620                  0.02655826        41
     744        0.00064130      a_ia       744                            0.00256521         4
     695       -0.00053868      a_ia       695                           -0.00323207         6
   95337       -0.00053400        om     39639     39641                 -0.02189404        41
      19        0.00052333      a_ia        19                            0.00104666         2
     160       -0.00051680      a_ia       160                           -0.00206720         4
   45884        0.00050774        op      1570      1571                  0.10104009       199
   45885        0.00050774        om      1570      1571                  0.10104009       199

  ==> Add operator: a_ia 997
  ==> Current qubit order: 2  3  6  7  12  13  10  14  44  21  15  18  19  20  32  33  34  16  17  8  42  41  11  45  0  40  1  9  25  31  53  35  56  24  28  58  38  43  5  30  48  36  26  52  27  37  22  68  69  57  59  23  29  51  47  4  46  50  49  54  55  60  61  62  39  63  64  65  66  67  70  71  


  ==> Energy                -172.555882649
  ==> dE                       -6.34e-04
  ==> Gradient Norm             2.36e+00
  ==> Abs. Max. Deriv.          1.01e-01
  ==> Time-Grad. (s)             130.630
  ==> Time-Energy (s)            766.359
  ==> Time-Iter. (s)             896.988

--------------------------------------------------------------------------------
CEO-ADAPT-VQE iteration: 226
--------------------------------------------------------------------------------
    gate        derivative      name       op1       op2       op3        g_unscaled   penalty
      19        0.00074936      a_ia        19                            0.00149872         2
     695       -0.00072468      a_ia       695                           -0.00434809         6
   95295        0.00058710        om     39618     39620                  0.02407103        41
     744        0.00057363      a_ia       744                            0.00229454         4
     542       -0.00055017      a_ia       542                           -0.00330102         6
     160       -0.00051421      a_ia       160                           -0.00205684         4
     944       -0.00051334      a_ia       944                           -0.00102667         2
   95337       -0.00051265        om     39639     39641                 -0.02101857        41
     973       -0.00050946      a_ia       973                           -0.00815142        16
   45884        0.00050777        op      1570      1571                  0.10104658       199

  ==> Add operator: a_ia 19
  ==> Current qubit order: 2  3  6  7  12  13  10  14  44  21  15  18  19  20  32  33  34  16  17  8  42  41  11  45  0  40  1  9  25  31  53  35  56  24  28  58  38  43  5  30  48  36  26  52  27  37  22  68  69  57  59  23  29  51  47  4  46  50  49  54  55  60  61  62  39  63  64  65  66  67  70  71  


  ==> Energy                -172.555883038
  ==> dE                       -3.89e-07
  ==> Gradient Norm             2.35e+00
  ==> Abs. Max. Deriv.          1.01e-01
  ==> Time-Grad. (s)             130.857
  ==> Time-Energy (s)             22.709
  ==> Time-Iter. (s)             153.567

--------------------------------------------------------------------------------
CEO-ADAPT-VQE iteration: 227
--------------------------------------------------------------------------------
    gate        derivative      name       op1       op2       op3        g_unscaled   penalty
     695       -0.00072521      a_ia       695                           -0.00435124         6
   95295        0.00058710        om     39618     39620                  0.02407093        41
     744        0.00057935      a_ia       744                            0.00231740         4
     542       -0.00055439      a_ia       542                           -0.00332634         6
     944       -0.00051487      a_ia       944                           -0.00102973         2
     160       -0.00051355      a_ia       160                           -0.00205421         4
   95337       -0.00051265        om     39639     39641                 -0.02101854        41
     973       -0.00050942      a_ia       973                           -0.00815077        16
   45884        0.00050787        op      1570      1571                  0.10106706       199
   45885        0.00050787        om      1570      1571                  0.10106706       199

  ==> Add operator: a_ia 695
  ==> Current qubit order: 2  3  6  7  12  13  10  14  44  21  15  18  19  20  32  33  34  16  17  8  42  41  11  45  0  40  1  9  25  31  53  35  56  24  28  58  38  43  5  30  48  36  26  52  27  37  22  68  69  57  59  29  51  23  47  4  46  50  49  54  55  60  61  62  39  63  64  65  66  67  70  71  


  ==> Energy                -172.555887817
  ==> dE                       -4.78e-06
  ==> Gradient Norm             2.35e+00
  ==> Abs. Max. Deriv.          1.01e-01
  ==> Time-Grad. (s)             131.020
  ==> Time-Energy (s)             22.297
  ==> Time-Iter. (s)             153.317

--------------------------------------------------------------------------------
CEO-ADAPT-VQE iteration: 228
--------------------------------------------------------------------------------
    gate        derivative      name       op1       op2       op3        g_unscaled   penalty
   95295        0.00058711        om     39618     39620                  0.02407149        41
     744        0.00057306      a_ia       744                            0.00229223         4
     542       -0.00055958      a_ia       542                           -0.00335747         6
     787       -0.00054536      a_ia       787                           -0.00872578        16
     160       -0.00052018      a_ia       160                           -0.00208073         4
     944       -0.00052002      a_ia       944                           -0.00104004         2
   88882        0.00051624        op     34902     34903                  0.03768552        73
   34902        0.00051608    a_iajb     34902                            0.03767349        73
   88883        0.00051591        om     34902     34903                  0.03766146        73
   95337       -0.00051265        om     39639     39641                 -0.02101883        41

  ==> Add operator: mvp3 -1: 39618 39619 39620
  ==> Current qubit order: 2  3  6  7  12  13  10  14  44  21  15  18  19  20  32  33  34  16  17  8  42  41  11  45  0  40  1  9  25  31  53  35  56  24  28  58  38  43  5  30  48  36  26  52  27  37  22  68  69  57  59  29  51  23  47  4  46  50  49  54  55  60  61  62  39  63  64  65  66  67  70  71  


  ==> Energy                -172.556205999
  ==> dE                       -3.18e-04
  ==> Gradient Norm             2.35e+00
  ==> Abs. Max. Deriv.          1.01e-01
  ==> Time-Grad. (s)             130.945
  ==> Time-Energy (s)             64.345
  ==> Time-Iter. (s)             195.290

--------------------------------------------------------------------------------
CEO-ADAPT-VQE iteration: 229
--------------------------------------------------------------------------------
    gate        derivative      name       op1       op2       op3        g_unscaled   penalty
     724        0.00153553      a_ia       724                            0.00614212         4
     723        0.00071555      a_ia       723                            0.00143110         2
     744        0.00057891      a_ia       744                            0.00231565         4
     542       -0.00056441      a_ia       542                           -0.00338648         6
     787       -0.00054759      a_ia       787                           -0.00876148        16
     160       -0.00052224      a_ia       160                           -0.00208897         4
   88882        0.00051632        op     34902     34903                  0.03769132        73
   34902        0.00051615    a_iajb     34902                            0.03767915        73
   88883        0.00051599        om     34902     34903                  0.03766699        73
     944       -0.00051442      a_ia       944                           -0.00102885         2

  ==> Add operator: a_ia 723
  ==> Current qubit order: 2  3  6  7  12  13  10  14  44  21  15  18  19  20  32  33  34  16  17  8  42  41  11  45  0  40  1  9  25  31  53  35  56  24  28  58  38  43  5  30  48  36  26  52  27  37  22  68  69  57  59  29  51  23  47  4  46  50  49  54  55  60  61  62  39  63  64  65  66  67  70  71  


  ==> Energy                -172.556206363
  ==> dE                       -3.64e-07
  ==> Gradient Norm             2.35e+00
  ==> Abs. Max. Deriv.          1.01e-01
  ==> Time-Grad. (s)             131.264
  ==> Time-Energy (s)             22.811
  ==> Time-Iter. (s)             154.075

--------------------------------------------------------------------------------
CEO-ADAPT-VQE iteration: 230
--------------------------------------------------------------------------------
    gate        derivative      name       op1       op2       op3        g_unscaled   penalty
     724        0.00153502      a_ia       724                            0.00614008         4
     744        0.00057927      a_ia       744                            0.00231707         4
     542       -0.00056432      a_ia       542                           -0.00338593         6
     787       -0.00054746      a_ia       787                           -0.00875941        16
     160       -0.00052188      a_ia       160                           -0.00208754         4
   88882        0.00051632        op     34902     34903                  0.03769130        73
   34902        0.00051615    a_iajb     34902                            0.03767914        73
   88883        0.00051599        om     34902     34903                  0.03766698        73
     944       -0.00051478      a_ia       944                           -0.00102955         2
     973       -0.00050975      a_ia       973                           -0.00815594        16

  ==> Add operator: a_ia 744
  ==> Current qubit order: 2  3  6  7  12  13  10  14  44  21  15  18  19  20  32  33  34  16  17  8  42  41  11  45  0  40  1  9  31  25  53  35  56  24  28  58  38  43  5  30  48  36  26  52  27  37  22  68  69  57  59  29  51  23  47  4  46  50  49  54  55  60  61  62  39  63  64  65  66  67  70  71  


  ==> Energy                -172.556207250
  ==> dE                       -8.87e-07
  ==> Gradient Norm             2.35e+00
  ==> Abs. Max. Deriv.          1.01e-01
  ==> Time-Grad. (s)             130.161
  ==> Time-Energy (s)             23.854
  ==> Time-Iter. (s)             154.016

--------------------------------------------------------------------------------
CEO-ADAPT-VQE iteration: 231
--------------------------------------------------------------------------------
    gate        derivative      name       op1       op2       op3        g_unscaled   penalty
     724        0.00153342      a_ia       724                            0.00613370         4
     542       -0.00056312      a_ia       542                           -0.00337870         6
     787       -0.00054896      a_ia       787                           -0.00878340        16
     160       -0.00052063      a_ia       160                           -0.00208253         4
     944       -0.00051710      a_ia       944                           -0.00103420         2
   88882        0.00051632        op     34902     34903                  0.03769130        73
   34902        0.00051615    a_iajb     34902                            0.03767914        73
   88883        0.00051599        om     34902     34903                  0.03766697        73
     973       -0.00050979      a_ia       973                           -0.00815663        16
   45884        0.00050787        op      1570      1571                  0.10106706       199

  ==> Add operator: a_ia 542
  ==> Current qubit order: 2  3  6  7  12  13  10  14  44  21  15  18  19  20  32  33  34  16  8  42  17  41  11  45  0  40  1  9  31  25  53  35  56  24  28  58  38  43  5  30  48  36  26  52  27  37  22  68  69  57  59  29  51  23  47  4  46  50  49  54  55  60  61  62  39  63  64  65  66  67  70  71  


  ==> Energy                -172.556210901
  ==> dE                       -3.65e-06
  ==> Gradient Norm             2.35e+00
  ==> Abs. Max. Deriv.          1.01e-01
  ==> Time-Grad. (s)             130.984
  ==> Time-Energy (s)             20.135
  ==> Time-Iter. (s)             151.118

--------------------------------------------------------------------------------
CEO-ADAPT-VQE iteration: 232
--------------------------------------------------------------------------------
    gate        derivative      name       op1       op2       op3        g_unscaled   penalty
     724        0.00152495      a_ia       724                            0.00609980         4
     787       -0.00054978      a_ia       787                           -0.00879643        16
   79508        0.00054242        op     27628     27629                  0.02766340        51
   27628        0.00054151    a_iajb     27628                            0.02761682        51
   79509        0.00054059        om     27628     27629                  0.02757025        51
     944       -0.00052012      a_ia       944                           -0.00104023         2
     160       -0.00051981      a_ia       160                           -0.00207922         4
   88882        0.00051632        op     34902     34903                  0.03769143        73
   34902        0.00051615    a_iajb     34902                            0.03767926        73
   88883        0.00051599        om     34902     34903                  0.03766710        73

  ==> Add operator: a_ia 787
  ==> Current qubit order: 2  3  6  7  12  13  10  14  44  21  15  18  19  20  32  33  34  16  8  42  17  41  11  45  0  40  1  9  31  25  53  35  56  24  28  58  38  43  5  30  48  36  26  52  37  22  68  69  57  59  29  27  51  23  47  4  46  50  49  54  55  60  61  62  39  63  64  65  66  67  70  71  


  ==> Energy                -172.556227499
  ==> dE                       -1.66e-05
  ==> Gradient Norm             2.35e+00
  ==> Abs. Max. Deriv.          1.01e-01
  ==> Time-Grad. (s)             131.274
  ==> Time-Energy (s)             22.859
  ==> Time-Iter. (s)             154.133

--------------------------------------------------------------------------------
CEO-ADAPT-VQE iteration: 233
--------------------------------------------------------------------------------
    gate        derivative      name       op1       op2       op3        g_unscaled   penalty
     776       -0.00179917      a_ia       776                           -0.00359833         2
     724        0.00150850      a_ia       724                            0.00603400         4
     785       -0.00118466      a_ia       785                           -0.00710798         6
     791       -0.00074187      a_ia       791                           -0.00296747         4
     973       -0.00058199      a_ia       973                           -0.00814789        14
   54649        0.00057737        om      8720      8721                  0.02829111        49
    8720        0.00057009    a_iajb      8720                            0.02793452        49
   54648        0.00056281        op      8720      8721                  0.02757793        49
     160       -0.00056069      a_ia       160                           -0.00224275         4
   79508        0.00054242        op     27628     27629                  0.02766329        51

  ==> Add operator: a_ia 776
  ==> Current qubit order: 2  3  6  7  12  13  10  14  44  21  15  18  19  20  32  33  34  16  8  42  17  41  11  45  0  40  1  9  31  25  53  35  56  24  28  58  38  43  5  30  48  36  26  52  37  22  68  69  57  59  29  27  51  23  47  4  46  50  49  54  55  60  61  62  39  63  64  65  66  67  70  71  


  ==> Energy                -172.556316356
  ==> dE                       -8.89e-05
  ==> Gradient Norm             2.35e+00
  ==> Abs. Max. Deriv.          1.01e-01
  ==> Time-Grad. (s)             131.281
  ==> Time-Energy (s)             22.542
  ==> Time-Iter. (s)             153.823

--------------------------------------------------------------------------------
CEO-ADAPT-VQE iteration: 234
--------------------------------------------------------------------------------
    gate        derivative      name       op1       op2       op3        g_unscaled   penalty
     724        0.00151471      a_ia       724                            0.00605884         4
     785       -0.00123232      a_ia       785                           -0.00739392         6
     791       -0.00072322      a_ia       791                           -0.00289288         4
   54649        0.00057872        om      8720      8721                  0.02835705        49
     973       -0.00057370      a_ia       973                           -0.00803184        14
    8720        0.00057108    a_iajb      8720                            0.02798308        49
   54648        0.00056345        op      8720      8721                  0.02760912        49
     160       -0.00055451      a_ia       160                           -0.00221803         4
   79508        0.00054245        op     27628     27629                  0.02766475        51
   27628        0.00054153    a_iajb     27628                            0.02761810        51

  ==> Add operator: a_ia 785
  ==> Current qubit order: 2  3  6  7  12  13  10  14  44  21  15  18  19  20  32  33  34  16  8  42  17  41  11  45  0  40  1  9  31  25  53  35  56  24  28  58  38  43  5  30  48  36  26  52  37  22  68  69  57  59  29  51  23  27  47  4  46  50  49  54  55  60  61  62  39  63  64  65  66  67  70  71  


  ==> Energy                -172.556330278
  ==> dE                       -1.39e-05
  ==> Gradient Norm             2.35e+00
  ==> Abs. Max. Deriv.          1.01e-01
  ==> Time-Grad. (s)             132.024
  ==> Time-Energy (s)             22.632
  ==> Time-Iter. (s)             154.656

--------------------------------------------------------------------------------
CEO-ADAPT-VQE iteration: 235
--------------------------------------------------------------------------------
    gate        derivative      name       op1       op2       op3        g_unscaled   penalty
     724        0.00149684      a_ia       724                            0.00598735         4
     786       -0.00070510      a_ia       786                           -0.00705101        10
   54649        0.00062885        om      8720      8721                  0.02829840        45
    8720        0.00062060    a_iajb      8720                            0.02792720        45
   54648        0.00061236        op      8720      8721                  0.02755601        45
     160       -0.00057475      a_ia       160                           -0.00229899         4
     973       -0.00057339      a_ia       973                           -0.00802739        14
   79508        0.00054244        op     27628     27629                  0.02766469        51
   27628        0.00054153    a_iajb     27628                            0.02761807        51
   79509        0.00054062        om     27628     27629                  0.02757145        51

  ==> Add operator: a_ia 786
  ==> Current qubit order: 2  3  6  7  12  13  10  14  44  21  15  18  19  20  32  33  34  16  8  42  17  41  11  45  0  40  1  9  31  25  53  35  56  24  28  58  38  43  5  30  48  36  26  52  37  22  68  69  57  59  29  51  23  47  4  46  50  27  49  54  55  60  61  62  39  63  64  65  66  67  70  71  


  ==> Energy                -172.556341632
  ==> dE                       -1.14e-05
  ==> Gradient Norm             2.35e+00
  ==> Abs. Max. Deriv.          1.01e-01
  ==> Time-Grad. (s)             131.398
  ==> Time-Energy (s)             22.050
  ==> Time-Iter. (s)             153.448

--------------------------------------------------------------------------------
CEO-ADAPT-VQE iteration: 236
--------------------------------------------------------------------------------
    gate        derivative      name       op1       op2       op3        g_unscaled   penalty
     724        0.00150969      a_ia       724                            0.00603874         4
   54649        0.00062841        om      8720      8721                  0.02827861        45
    8720        0.00062016    a_iajb      8720                            0.02790728        45
   54648        0.00061191        op      8720      8721                  0.02753596        45
     160       -0.00057969      a_ia       160                           -0.00231877         4
     973       -0.00057329      a_ia       973                           -0.00802604        14
   79508        0.00054245        op     27628     27629                  0.02766482        51
   27628        0.00054153    a_iajb     27628                            0.02761816        51
   79509        0.00054062        om     27628     27629                  0.02757150        51
   97264        0.00053023        op     41130     41131                  0.04506972        85

  ==> Add operator: mvp2 -1: 8720 8721
  ==> Current qubit order: 2  3  6  7  12  13  10  14  44  21  15  18  19  20  32  33  34  16  8  42  17  41  11  45  0  40  1  9  31  25  53  35  56  24  28  58  38  43  5  30  48  36  26  52  37  22  68  69  57  59  29  51  23  47  4  46  27  49  50  54  55  60  61  62  39  63  64  65  66  67  70  71  


  ==> Energy                -172.556447159
  ==> dE                       -1.06e-04
  ==> Gradient Norm             2.35e+00
  ==> Abs. Max. Deriv.          1.01e-01
  ==> Time-Grad. (s)             131.289
  ==> Time-Energy (s)             41.505
  ==> Time-Iter. (s)             172.794

--------------------------------------------------------------------------------
CEO-ADAPT-VQE iteration: 237
--------------------------------------------------------------------------------
    gate        derivative      name       op1       op2       op3        g_unscaled   penalty
     724        0.00150939      a_ia       724                            0.00603758         4
     158       -0.00108980      a_ia       158                           -0.00217961         2
    1151       -0.00065478      a_ia      1151                           -0.00130956         2
     973       -0.00057263      a_ia       973                           -0.00801679        14
   79508        0.00054245        op     27628     27629                  0.02766493        51
   27628        0.00054153    a_iajb     27628                            0.02761820        51
   79509        0.00054062        om     27628     27629                  0.02757148        51
   97264        0.00051793        op     41130     41131                  0.04506030        87
   97265        0.00051793        om     41130     41131                  0.04506030        87
   45884        0.00050787        op      1570      1571                  0.10106711       199

  ==> Add operator: a_ia 158
  ==> Current qubit order: 2  3  6  7  12  13  10  14  44  21  15  18  19  20  32  33  34  16  8  42  17  41  11  45  0  40  1  9  31  25  53  35  56  24  28  58  38  43  5  30  48  36  26  52  37  22  68  69  57  59  29  51  23  47  4  46  27  49  50  54  55  60  61  62  39  63  64  65  66  67  70  71  


  ==> Energy                -172.556448154
  ==> dE                       -9.95e-07
  ==> Gradient Norm             2.35e+00
  ==> Abs. Max. Deriv.          1.01e-01
  ==> Time-Grad. (s)             131.132
  ==> Time-Energy (s)             22.585
  ==> Time-Iter. (s)             153.717

--------------------------------------------------------------------------------
CEO-ADAPT-VQE iteration: 238
--------------------------------------------------------------------------------
    gate        derivative      name       op1       op2       op3        g_unscaled   penalty
     724        0.00151212      a_ia       724                            0.00604847         4
    1151       -0.00065484      a_ia      1151                           -0.00130967         2
     973       -0.00057266      a_ia       973                           -0.00801723        14
   79508        0.00054245        op     27628     27629                  0.02766495        51
   27628        0.00054153    a_iajb     27628                            0.02761821        51
   79509        0.00054062        om     27628     27629                  0.02757146        51
   97264        0.00051794        op     41130     41131                  0.04506037        87
   97265        0.00051794        om     41130     41131                  0.04506037        87
   45884        0.00050787        op      1570      1571                  0.10106711       199
   45885        0.00050787        om      1570      1571                  0.10106711       199

  ==> Add operator: a_ia 1151
  ==> Current qubit order: 2  3  6  7  12  13  10  14  44  21  15  18  19  20  32  33  34  16  8  42  17  41  11  45  0  40  1  9  31  25  53  35  56  24  28  58  38  43  5  30  48  36  26  52  37  22  68  69  57  59  29  51  23  47  4  46  27  49  50  54  55  60  61  62  39  63  64  65  66  67  70  71  


  ==> Energy                -172.556629453
  ==> dE                       -1.81e-04
  ==> Gradient Norm             2.35e+00
  ==> Abs. Max. Deriv.          1.01e-01
  ==> Time-Grad. (s)             131.201
  ==> Time-Energy (s)             20.882
  ==> Time-Iter. (s)             152.082

--------------------------------------------------------------------------------
CEO-ADAPT-VQE iteration: 239
--------------------------------------------------------------------------------
    gate        derivative      name       op1       op2       op3        g_unscaled   penalty
     724        0.00151870      a_ia       724                            0.00607481         4
     973       -0.00057544      a_ia       973                           -0.00805616        14
   79508        0.00054235        op     27628     27629                  0.02765964        51
   27628        0.00054144    a_iajb     27628                            0.02761352        51
   79509        0.00054054        om     27628     27629                  0.02756740        51
   97264        0.00051780        op     41130     41131                  0.04504841        87
   97265        0.00051780        om     41130     41131                  0.04504841        87
   45884        0.00050788        op      1570      1571                  0.10106717       199
   45885        0.00050788        om      1570      1571                  0.10106717       199
   47311        0.00050105        om      2708      2709                  0.02755796        55

  ==> Add operator: a_ia 973
  ==> Current qubit order: 2  3  6  7  12  13  10  14  44  21  15  18  19  20  32  33  34  16  8  42  17  41  11  45  0  40  1  9  31  25  53  35  56  24  28  58  38  5  30  48  36  26  52  43  37  22  68  69  57  59  29  51  23  47  4  46  27  49  50  54  55  60  61  62  39  63  64  65  66  67  70  71  


  ==> Energy                -172.557190428
  ==> dE                       -5.61e-04
  ==> Gradient Norm             2.35e+00
  ==> Abs. Max. Deriv.          1.01e-01
  ==> Time-Grad. (s)             132.158
  ==> Time-Energy (s)             22.020
  ==> Time-Iter. (s)             154.178

--------------------------------------------------------------------------------
CEO-ADAPT-VQE iteration: 240
--------------------------------------------------------------------------------
    gate        derivative      name       op1       op2       op3        g_unscaled   penalty
     724        0.00152164      a_ia       724                            0.00608655         4
   79508        0.00054327        op     27628     27629                  0.02770662        51
   27628        0.00054238    a_iajb     27628                            0.02766131        51
   79509        0.00054149        om     27628     27629                  0.02761599        51
   88753        0.00052410        om     34772     34773                  0.03930764        75
     944       -0.00052145      a_ia       944                           -0.00104290         2
   45884        0.00050786        op      1570      1571                  0.10106373       199
   45885        0.00050786        om      1570      1571                  0.10106373       199
   97264        0.00050509        op     41130     41131                  0.04495317        89
   97265        0.00050509        om     41130     41131                  0.04495317        89

  ==> Add operator: op -1: 27628 27629
  ==> Current qubit order: 2  3  6  7  12  13  10  14  44  21  15  18  19  20  32  33  34  8  42  16  17  41  40  11  45  0  1  9  31  25  53  35  56  24  28  58  38  5  30  48  36  26  52  43  37  22  68  69  57  59  29  51  23  47  4  46  27  49  50  54  55  60  61  62  39  63  64  65  66  67  70  71  


  ==> Energy                -172.557315475
  ==> dE                       -1.25e-04
  ==> Gradient Norm             2.34e+00
  ==> Abs. Max. Deriv.          1.01e-01
  ==> Time-Grad. (s)             134.547
  ==> Time-Energy (s)             23.444
  ==> Time-Iter. (s)             157.991

--------------------------------------------------------------------------------
CEO-ADAPT-VQE iteration: 241
--------------------------------------------------------------------------------
    gate        derivative      name       op1       op2       op3        g_unscaled   penalty
     724        0.00152117      a_ia       724                            0.00608466         4
   88753        0.00052410        om     34772     34773                  0.03930785        75
     944       -0.00052152      a_ia       944                           -0.00104304         2
   45884        0.00051304        op      1570      1571                  0.10106865       197
   45885        0.00051304        om      1570      1571                  0.10106865       197
   97264        0.00050510        op     41130     41131                  0.04495348        89
   97265        0.00050510        om     41130     41131                  0.04495348        89
   34772        0.00049991    a_iajb     34772                            0.03749354        75
   55292        0.00049011        op      9226      9227                  0.03871850        79
   88883        0.00048984        om     34902     34903                  0.03771753        77

  ==> Add operator: mvp2 -1: 34772 34773
  ==> Current qubit order: 2  3  6  7  12  13  10  14  44  21  15  18  19  20  32  33  34  8  42  16  17  41  40  11  45  0  1  9  31  25  53  35  56  24  28  38  5  30  48  36  26  52  37  58  43  22  23  68  69  57  59  29  51  47  4  46  27  49  50  54  55  60  61  62  39  63  64  65  66  67  70  71  


  ==> Energy                -172.557870645
  ==> dE                       -5.55e-04
  ==> Gradient Norm             2.34e+00
  ==> Abs. Max. Deriv.          1.01e-01
  ==> Time-Grad. (s)             133.529
  ==> Time-Energy (s)             43.028
  ==> Time-Iter. (s)             176.557

--------------------------------------------------------------------------------
CEO-ADAPT-VQE iteration: 242
--------------------------------------------------------------------------------
    gate        derivative      name       op1       op2       op3        g_unscaled   penalty
   88629       -0.00066499        om     34648     34649                 -0.02992471        45
   34648       -0.00066108    a_iajb     34648                           -0.02974851        45
   88628       -0.00065716        op     34648     34649                 -0.02957230        45
     769       -0.00062689      a_ia       769                           -0.00376135         6
   55292        0.00061566        op      9226      9227                  0.03878645        63
    9226        0.00061376    a_iajb      9226                            0.03866657        63
   55293        0.00061185        om      9226      9227                  0.03854668        63
   88933        0.00060099        om     34952     34953                  0.03185259        53
   34952        0.00059577    a_iajb     34952                            0.03157602        53
   88932        0.00059056        op     34952     34953                  0.03129944        53

  ==> Add operator: mvp2 -1: 34648 34649
  ==> Current qubit order: 2  3  6  7  12  13  10  14  44  21  15  18  19  20  32  33  34  8  42  16  17  41  40  11  45  0  1  9  31  25  53  35  56  24  28  38  5  30  48  36  26  52  37  58  22  23  43  68  69  57  59  29  51  47  4  46  27  49  50  54  55  60  61  62  39  63  64  65  66  67  70  71  


  ==> Energy                -172.557985944
  ==> dE                       -1.15e-04
  ==> Gradient Norm             2.34e+00
  ==> Abs. Max. Deriv.          1.01e-01
  ==> Time-Grad. (s)             134.301
  ==> Time-Energy (s)             48.488
  ==> Time-Iter. (s)             182.789

--------------------------------------------------------------------------------
CEO-ADAPT-VQE iteration: 243
--------------------------------------------------------------------------------
    gate        derivative      name       op1       op2       op3        g_unscaled   penalty
     677       -0.00063411      a_ia       677                           -0.00126821         2
   55292        0.00061577        op      9226      9227                  0.03879368        63
    9226        0.00061382    a_iajb      9226                            0.03867076        63
   55293        0.00061187        om      9226      9227                  0.03854783        63
   88933        0.00060107        om     34952     34953                  0.03185658        53
   34952        0.00059614    a_iajb     34952                            0.03159540        53
   88932        0.00059121        op     34952     34953                  0.03133422        53
     769       -0.00057868      a_ia       769                           -0.00347206         6
   88761        0.00056680        om     34780     34781                  0.02323896        41
   34780        0.00056304    a_iajb     34780                            0.02308468        41

  ==> Add operator: a_ia 677
  ==> Current qubit order: 2  3  6  7  12  13  10  14  44  21  15  18  19  20  32  33  34  8  42  16  17  41  40  11  45  0  1  9  31  25  53  35  56  24  28  38  5  30  48  36  26  52  37  58  22  23  43  68  69  57  59  29  51  47  4  46  27  49  50  54  55  60  61  62  39  63  64  65  66  67  70  71  


  ==> Energy                -172.557986264
  ==> dE                       -3.20e-07
  ==> Gradient Norm             2.34e+00
  ==> Abs. Max. Deriv.          1.01e-01
  ==> Time-Grad. (s)             133.907
  ==> Time-Energy (s)             18.920
  ==> Time-Iter. (s)             152.827

--------------------------------------------------------------------------------
CEO-ADAPT-VQE iteration: 244
--------------------------------------------------------------------------------
    gate        derivative      name       op1       op2       op3        g_unscaled   penalty
   55292        0.00061585        op      9226      9227                  0.03879827        63
    9226        0.00061388    a_iajb      9226                            0.03867420        63
   55293        0.00061191        om      9226      9227                  0.03855012        63
   88933        0.00060100        om     34952     34953                  0.03185321        53
   34952        0.00059609    a_iajb     34952                            0.03159274        53
   88932        0.00059117        op     34952     34953                  0.03133226        53
     769       -0.00057698      a_ia       769                           -0.00346187         6
   88761        0.00056686        om     34780     34781                  0.02324128        41
   34780        0.00056310    a_iajb     34780                            0.02308697        41
   88760        0.00055933        op     34780     34781                  0.02293265        41

  ==> Add operator: mvp2 -1: 9226 9227
  ==> Current qubit order: 2  3  6  7  12  13  10  14  44  21  15  18  19  20  32  33  34  8  42  16  17  41  40  11  45  0  1  9  31  25  53  35  56  24  28  38  5  30  48  36  26  52  37  22  23  43  68  58  57  29  4  69  59  51  47  46  27  49  50  54  55  60  61  62  39  63  64  65  66  67  70  71  


  ==> Energy                -172.558104342
  ==> dE                       -1.18e-04
  ==> Gradient Norm             2.34e+00
  ==> Abs. Max. Deriv.          1.01e-01
  ==> Time-Grad. (s)             133.699
  ==> Time-Energy (s)             40.338
  ==> Time-Iter. (s)             174.037

--------------------------------------------------------------------------------
CEO-ADAPT-VQE iteration: 245
--------------------------------------------------------------------------------
    gate        derivative      name       op1       op2       op3        g_unscaled   penalty
     832        0.00072989      a_ia       832                            0.00145978         2
   88933        0.00057912        om     34952     34953                  0.03185136        55
   34952        0.00057433    a_iajb     34952                            0.03158815        55
   88932        0.00056954        op     34952     34953                  0.03132494        55
   88761        0.00056700        om     34780     34781                  0.02324681        41
   34780        0.00056327    a_iajb     34780                            0.02309409        41
   88760        0.00055955        op     34780     34781                  0.02294136        41
   45884        0.00051304        op      1570      1571                  0.10106868       197
   45885        0.00051304        om      1570      1571                  0.10106868       197
     944       -0.00050725      a_ia       944                           -0.00101449         2

  ==> Tried operator a_ia 832: gain -2.11e-07 (threshold 5.3e-07), removed and excluded for this stage
  ==> Add operator: mvp2 -1: 34952 34953
  ==> Current qubit order: 2  3  6  7  12  13  10  14  44  21  15  18  19  20  32  33  34  8  42  16  17  41  40  11  45  0  1  9  31  25  53  35  56  24  28  38  5  30  48  36  26  52  37  43  22  23  58  69  68  57  29  4  59  51  47  46  27  49  50  54  55  60  61  62  39  63  64  65  66  67  70  71  


  ==> Energy                -172.558175832
  ==> dE                       -7.15e-05
  ==> Gradient Norm             2.34e+00
  ==> Abs. Max. Deriv.          1.01e-01
  ==> Time-Grad. (s)             134.236
  ==> Time-Energy (s)             67.452
  ==> Time-Iter. (s)             201.688

--------------------------------------------------------------------------------
CEO-ADAPT-VQE iteration: 246
--------------------------------------------------------------------------------
    gate        derivative      name       op1       op2       op3        g_unscaled   penalty
     832        0.00074000      a_ia       832                            0.00148000         2
   88596       -0.00056745        op     34616     34617                 -0.02667025        47
   34616       -0.00056712    a_iajb     34616                           -0.02665484        47
   88597       -0.00056680        om     34616     34617                 -0.02663943        47
   52953       -0.00051678        om      7372      7373                 -0.04185931        81
   45884        0.00051304        op      1570      1571                  0.10106869       197
   45885        0.00051304        om      1570      1571                  0.10106869       197
    7372       -0.00050943    a_iajb      7372                           -0.04126396        81
     944       -0.00050623      a_ia       944                           -0.00101246         2
   52952       -0.00050208        op      7372      7373                 -0.04066860        81

  ==> Add operator: op -1: 34616 34617
  ==> Current qubit order: 2  3  6  7  12  13  10  14  44  21  15  18  19  20  32  33  34  8  42  16  17  41  40  11  45  0  1  9  31  25  53  35  56  24  28  38  5  30  48  26  52  37  36  43  22  23  58  69  68  57  29  4  59  51  47  46  27  49  50  54  55  60  61  62  39  63  64  65  66  67  70  71  


  ==> Energy                -172.558317062
  ==> dE                       -1.41e-04
  ==> Gradient Norm             2.34e+00
  ==> Abs. Max. Deriv.          1.01e-01
  ==> Time-Grad. (s)             134.091
  ==> Time-Energy (s)             22.720
  ==> Time-Iter. (s)             156.811

--------------------------------------------------------------------------------
CEO-ADAPT-VQE iteration: 247
--------------------------------------------------------------------------------
    gate        derivative      name       op1       op2       op3        g_unscaled   penalty
     832        0.00073939      a_ia       832                            0.00147878         2
     755       -0.00054755      a_ia       755                           -0.00219019         4
   52953       -0.00051680        om      7372      7373                 -0.04186047        81
   45884        0.00051304        op      1570      1571                  0.10106868       197
   45885        0.00051304        om      1570      1571                  0.10106868       197
    7372       -0.00050945    a_iajb      7372                           -0.04126554        81
     944       -0.00050582      a_ia       944                           -0.00101164         2
   52952       -0.00050211        op      7372      7373                 -0.04067061        81
   57265        0.00048596        om     10838     10839                  0.02186800        45
   97264        0.00048333        op     41130     41131                  0.04494994        93

  ==> Add operator: a_ia 755
  ==> Current qubit order: 2  3  6  7  12  13  10  14  44  21  15  18  19  20  32  33  34  8  42  16  17  41  40  11  45  0  1  9  31  25  53  35  56  24  28  38  5  48  30  26  52  37  36  43  22  23  58  69  68  57  29  4  59  51  47  46  27  49  50  54  55  60  61  62  39  63  64  65  66  67  70  71  


  ==> Energy                -172.558368317
  ==> dE                       -5.13e-05
  ==> Gradient Norm             2.34e+00
  ==> Abs. Max. Deriv.          1.01e-01
  ==> Time-Grad. (s)             134.642
  ==> Time-Energy (s)             23.483
  ==> Time-Iter. (s)             158.125

--------------------------------------------------------------------------------
CEO-ADAPT-VQE iteration: 248
--------------------------------------------------------------------------------
    gate        derivative      name       op1       op2       op3        g_unscaled   penalty
     832        0.00073864      a_ia       832                            0.00147729         2
     992       -0.00071582      a_ia       992                           -0.00286328         4
     850       -0.00058943      a_ia       850                           -0.00235770         4
   52953       -0.00051682        om      7372      7373                 -0.04186217        81
   45884        0.00051304        op      1570      1571                  0.10106870       197
   45885        0.00051304        om      1570      1571                  0.10106870       197
    7372       -0.00050941    a_iajb      7372                           -0.04126239        81
     944       -0.00050456      a_ia       944                           -0.00100911         2
   52952       -0.00050201        op      7372      7373                 -0.04066261        81
   57265        0.00048834        om     10838     10839                  0.02197550        45

  ==> Add operator: a_ia 992
  ==> Current qubit order: 2  3  6  7  12  13  10  14  44  21  15  18  19  20  32  33  34  8  42  16  17  41  40  11  45  0  1  9  31  25  53  35  56  24  28  5  38  48  30  26  52  37  36  43  22  23  58  69  68  57  29  4  59  51  47  46  27  49  50  54  55  60  61  62  39  63  64  65  66  67  70  71  


  ==> Energy                -172.559326086
  ==> dE                       -9.58e-04
  ==> Gradient Norm             2.34e+00
  ==> Abs. Max. Deriv.          1.01e-01
  ==> Time-Grad. (s)             135.210
  ==> Time-Energy (s)           1183.789
  ==> Time-Iter. (s)            1318.999

--------------------------------------------------------------------------------
CEO-ADAPT-VQE iteration: 249
--------------------------------------------------------------------------------
    gate        derivative      name       op1       op2       op3        g_unscaled   penalty
     733       -0.00086504      a_ia       733                           -0.00173008         2
     850       -0.00081727      a_ia       850                           -0.00326909         4
     944       -0.00055452      a_ia       944                           -0.00110904         2
   52953       -0.00052751        om      7372      7373                 -0.04378292        83
    7372       -0.00052080    a_iajb      7372                           -0.04322609        83
   52952       -0.00051409        op      7372      7373                 -0.04266926        83
   45884        0.00051287        op      1570      1571                  0.10103480       197
   45885        0.00051287        om      1570      1571                  0.10103480       197
     693        0.00048683      a_ia       693                            0.00194733         4
   97264        0.00048253        op     41130     41131                  0.04487551        93

  ==> Add operator: a_ia 733
  ==> Current qubit order: 2  3  6  7  12  13  10  14  44  21  15  18  19  20  32  33  34  8  42  16  17  41  40  11  45  0  1  9  31  25  53  35  56  24  28  5  38  48  30  26  52  37  36  43  22  23  58  69  68  57  29  4  59  51  47  46  27  49  50  54  55  60  61  62  39  63  64  65  66  67  70  71  


  ==> Energy                -172.559374597
  ==> dE                       -4.85e-05
  ==> Gradient Norm             2.33e+00
  ==> Abs. Max. Deriv.          1.01e-01
  ==> Time-Grad. (s)             135.363
  ==> Time-Energy (s)             23.135
  ==> Time-Iter. (s)             158.498

--------------------------------------------------------------------------------
CEO-ADAPT-VQE iteration: 250
--------------------------------------------------------------------------------
    gate        derivative      name       op1       op2       op3        g_unscaled   penalty
     850       -0.00081565      a_ia       850                           -0.00326261         4
     944       -0.00054868      a_ia       944                           -0.00109736         2
   52953       -0.00052752        om      7372      7373                 -0.04378380        83
    7372       -0.00052079    a_iajb      7372                           -0.04322595        83
   52952       -0.00051407        op      7372      7373                 -0.04266811        83
   45884        0.00051287        op      1570      1571                  0.10103482       197
   45885        0.00051287        om      1570      1571                  0.10103482       197
   97264        0.00048256        op     41130     41131                  0.04487776        93
   97265        0.00048256        om     41130     41131                  0.04487776        93
     693        0.00047670      a_ia       693                            0.00190682         4

  ==> Add operator: a_ia 850
  ==> Current qubit order: 2  3  6  7  12  13  10  14  44  21  15  18  19  20  32  33  34  8  42  16  17  41  40  11  45  0  1  9  31  25  53  35  56  24  28  5  38  48  26  30  52  37  36  43  22  23  58  69  68  57  29  4  59  51  47  46  27  49  50  54  55  60  61  62  39  63  64  65  66  67  70  71  


  ==> Energy                -172.559376996
  ==> dE                       -2.40e-06
  ==> Gradient Norm             2.33e+00
  ==> Abs. Max. Deriv.          1.01e-01
  ==> Time-Grad. (s)             136.039
  ==> Time-Energy (s)             21.220
  ==> Time-Iter. (s)             157.259

--------------------------------------------------------------------------------
CEO-ADAPT-VQE iteration: 251
--------------------------------------------------------------------------------
    gate        derivative      name       op1       op2       op3        g_unscaled   penalty
     764        0.00064054      a_ia       764                            0.00128107         2
     944       -0.00054035      a_ia       944                           -0.00108069         2
   52953       -0.00052751        om      7372      7373                 -0.04378322        83
    7372       -0.00052079    a_iajb      7372                           -0.04322564        83
   52952       -0.00051407        op      7372      7373                 -0.04266807        83
   45884        0.00051287        op      1570      1571                  0.10103482       197
   45885        0.00051287        om      1570      1571                  0.10103482       197
     693        0.00048549      a_ia       693                            0.00194195         4
    1570        0.00047434    a_iajb      1570                            0.10103482       213
   97264        0.00047240        op     41130     41131                  0.04487777        95

  ==> Tried operator a_ia 764: gain -2.94e-07 (threshold 8.0e-07), removed and excluded for this stage
  ==> Tried operator a_ia 944: gain -3.62e-07 (threshold 8.0e-07), removed and excluded for this stage
  ==> Add operator: mvp2 -1: 7372 7373
  ==> Current qubit order: 2  3  6  7  12  13  10  14  44  21  15  18  19  20  32  33  34  8  42  16  17  41  40  11  45  0  1  9  31  25  53  35  56  24  28  38  48  26  30  52  37  36  43  22  23  5  58  69  4  68  57  29  59  51  47  46  27  49  50  54  55  60  61  62  39  63  64  65  66  67  70  71  


  ==> Energy                -172.559492216
  ==> dE                       -1.15e-04
  ==> Gradient Norm             2.33e+00
  ==> Abs. Max. Deriv.          1.01e-01
  ==> Time-Grad. (s)             135.593
  ==> Time-Energy (s)             92.268
  ==> Time-Iter. (s)             227.862

--------------------------------------------------------------------------------
CEO-ADAPT-VQE iteration: 252
--------------------------------------------------------------------------------
    gate        derivative      name       op1       op2       op3        g_unscaled   penalty
     164        0.00081170      a_ia       164                            0.00324679         4
     764        0.00064827      a_ia       764                            0.00129653         2
   52673        0.00061012        om      7092      7093                  0.03477702        57
    7092        0.00060629    a_iajb      7092                            0.03455831        57
   52672        0.00060245        op      7092      7093                  0.03433959        57
   56832        0.00054299        op     10535     10536                  0.02877834        53
   10535        0.00054221    a_iajb     10535                            0.02873730        53
   56833        0.00054144        om     10535     10536                  0.02869626        53
     944       -0.00053862      a_ia       944                           -0.00107725         2
   45884        0.00051287        op      1570      1571                  0.10103483       197

  ==> Add operator: a_ia 164
  ==> Current qubit order: 2  3  6  7  12  13  10  14  44  21  15  18  19  20  32  33  34  8  42  16  17  41  40  11  45  0  1  9  31  25  53  35  56  24  28  38  48  26  30  52  37  36  43  22  23  5  69  58  4  68  57  29  59  51  47  46  27  49  50  54  55  60  61  62  39  63  64  65  66  67  70  71  


  ==> Energy                -172.559493419
  ==> dE                       -1.20e-06
  ==> Gradient Norm             2.33e+00
  ==> Abs. Max. Deriv.          1.01e-01
  ==> Time-Grad. (s)             135.409
  ==> Time-Energy (s)             23.807
  ==> Time-Iter. (s)             159.216

--------------------------------------------------------------------------------
CEO-ADAPT-VQE iteration: 253
--------------------------------------------------------------------------------
    gate        derivative      name       op1       op2       op3        g_unscaled   penalty
     202       -0.00076116      a_ia       202                           -0.00152233         2
     764        0.00063586      a_ia       764                            0.00127172         2
   52673        0.00061033        om      7092      7093                  0.03478872        57
    7092        0.00060648    a_iajb      7092                            0.03456949        57
   52672        0.00060264        op      7092      7093                  0.03435026        57
     944       -0.00054646      a_ia       944                           -0.00109292         2
     802        0.00051996      a_ia       802                            0.00103992         2
   45884        0.00051287        op      1570      1571                  0.10103483       197
   45885        0.00051287        om      1570      1571                  0.10103483       197
   52774        0.00049952        op      7194      7195                  0.02847287        57

  ==> Tried operator a_ia 202: gain -1.09e-07 (threshold 9.7e-07), removed and excluded for this stage
  ==> Add operator: mvp2 -1: 7092 7093
  ==> Current qubit order: 2  3  6  7  12  13  10  14  44  21  15  18  19  20  32  33  34  8  42  16  17  41  40  11  45  0  1  9  31  25  53  35  56  24  28  38  48  26  30  52  43  22  23  37  36  5  4  69  58  68  57  29  59  51  47  46  27  49  50  54  55  60  61  62  39  63  64  65  66  67  70  71  


  ==> Energy                -172.559638498
  ==> dE                       -1.45e-04
  ==> Gradient Norm             2.33e+00
  ==> Abs. Max. Deriv.          1.01e-01
  ==> Time-Grad. (s)             135.165
  ==> Time-Energy (s)             68.009
  ==> Time-Iter. (s)             203.174

--------------------------------------------------------------------------------
CEO-ADAPT-VQE iteration: 254
--------------------------------------------------------------------------------
    gate        derivative      name       op1       op2       op3        g_unscaled   penalty
     764        0.00063533      a_ia       764                            0.00127066         2
     944       -0.00055806      a_ia       944                           -0.00111612         2
     802        0.00052642      a_ia       802                            0.00105285         2
     153        0.00052206      a_ia       153                            0.00208826         4
   45884        0.00051287        op      1570      1571                  0.10103484       197
   45885        0.00051287        om      1570      1571                  0.10103484       197
   54004       -0.00051070        op      8250      8251                 -0.02400300        47
    8250       -0.00050732    a_iajb      8250                           -0.02384427        47
   54005       -0.00050395        om      8250      8251                 -0.02368553        47
   52774        0.00049786        op      7194      7195                  0.02837788        57

  ==> Tried operator a_ia 802: gain -5.08e-07 (threshold 1.1e-06), removed and excluded for this stage
  ==> Add operator: a_ia 153
  ==> Current qubit order: 2  3  6  7  12  13  10  14  44  21  15  18  19  20  32  33  34  8  42  16  17  41  40  11  45  0  1  9  31  25  53  35  56  24  28  38  48  26  30  52  43  22  23  37  5  36  4  69  58  68  57  29  59  51  47  46  27  49  50  54  55  60  61  62  39  63  64  65  66  67  70  71  


  ==> Energy                -172.559639649
  ==> dE                       -1.15e-06
  ==> Gradient Norm             2.33e+00
  ==> Abs. Max. Deriv.          1.01e-01
  ==> Time-Grad. (s)             135.245
  ==> Time-Energy (s)             48.342
  ==> Time-Iter. (s)             183.587

--------------------------------------------------------------------------------
CEO-ADAPT-VQE iteration: 255
--------------------------------------------------------------------------------
    gate        derivative      name       op1       op2       op3        g_unscaled   penalty
     186       -0.00080122      a_ia       186                           -0.00160243         2
     764        0.00064323      a_ia       764                            0.00128646         2
     944       -0.00055625      a_ia       944                           -0.00111251         2
     802        0.00052838      a_ia       802                            0.00105676         2
   52774        0.00051613        op      7194      7195                  0.02838733        55
    7194        0.00051546    a_iajb      7194                            0.02835038        55
   52775        0.00051479        om      7194      7195                  0.02831343        55
   45884        0.00051287        op      1570      1571                  0.10103484       197
   45885        0.00051287        om      1570      1571                  0.10103484       197
   54004       -0.00051039        op      8250      8251                 -0.02398826        47

  ==> Tried operator a_ia 186: gain -4.94e-07 (threshold 1.1e-06), removed and excluded for this stage
  ==> Add operator: op -1: 7194 7195
  ==> Current qubit order: 2  3  6  7  12  13  10  14  44  21  15  18  19  20  32  33  34  8  42  16  17  41  40  11  45  0  1  9  31  25  53  35  56  24  28  38  48  26  30  22  52  43  5  4  23  37  36  69  58  68  57  29  59  51  47  46  27  49  50  54  55  60  61  62  39  63  64  65  66  67  70  71  


  ==> Energy                -172.559693607
  ==> dE                       -5.40e-05
  ==> Gradient Norm             2.33e+00
  ==> Abs. Max. Deriv.          1.01e-01
  ==> Time-Grad. (s)             135.314
  ==> Time-Energy (s)             43.350
  ==> Time-Iter. (s)             178.664

--------------------------------------------------------------------------------
CEO-ADAPT-VQE iteration: 256
--------------------------------------------------------------------------------
    gate        derivative      name       op1       op2       op3        g_unscaled   penalty
     663       -0.00134227      a_ia       663                           -0.00268454         2
     964        0.00068593      a_ia       964                            0.00274373         4
     764        0.00064316      a_ia       764                            0.00128632         2
     944       -0.00055631      a_ia       944                           -0.00111262         2
     802        0.00052861      a_ia       802                            0.00105721         2
   45884        0.00051287        op      1570      1571                  0.10103484       197
   45885        0.00051287        om      1570      1571                  0.10103484       197
   52900        0.00049150        op      7320      7321                  0.02408356        49
     674       -0.00049040      a_ia       674                           -0.00098081         2
   54004       -0.00048962        op      8250      8251                 -0.02399138        49

  ==> Add operator: a_ia 663
  ==> Current qubit order: 2  3  6  7  12  13  10  14  44  21  15  18  19  20  32  33  34  8  42  16  17  41  40  11  45  0  1  9  31  25  53  35  56  24  28  38  48  26  30  22  52  43  5  4  23  37  36  69  58  68  57  29  59  51  47  46  27  49  50  54  55  60  61  62  39  63  64  65  66  67  70  71  


  ==> Energy                -172.559790886
  ==> dE                       -9.73e-05
  ==> Gradient Norm             2.33e+00
  ==> Abs. Max. Deriv.          1.01e-01
  ==> Time-Grad. (s)             135.078
  ==> Time-Energy (s)             25.178
  ==> Time-Iter. (s)             160.256

--------------------------------------------------------------------------------
CEO-ADAPT-VQE iteration: 257
--------------------------------------------------------------------------------
    gate        derivative      name       op1       op2       op3        g_unscaled   penalty
     964        0.00074413      a_ia       964                            0.00297652         4
     764        0.00061872      a_ia       764                            0.00123744         2
     802        0.00058610      a_ia       802                            0.00117219         2
     944       -0.00055471      a_ia       944                           -0.00110942         2
     674       -0.00053155      a_ia       674                           -0.00106311         2
   45884        0.00051287        op      1570      1571                  0.10103487       197
   45885        0.00051287        om      1570      1571                  0.10103487       197
   52900        0.00049181        op      7320      7321                  0.02409854        49
   54004       -0.00048926        op      8250      8251                 -0.02397388        49
    7320        0.00048749    a_iajb      7320                            0.02388712        49

  ==> Add operator: a_ia 964
  ==> Current qubit order: 2  3  6  7  12  13  10  14  44  21  15  18  19  20  32  33  34  8  42  16  17  41  40  11  45  0  1  9  31  25  53  35  56  24  28  38  48  26  30  22  52  43  5  4  23  37  69  36  58  68  57  29  59  51  47  46  27  49  50  54  55  60  61  62  39  63  64  65  66  67  70  71  


  ==> Energy                -172.559857883
  ==> dE                       -6.70e-05
  ==> Gradient Norm             2.33e+00
  ==> Abs. Max. Deriv.          1.01e-01
  ==> Time-Grad. (s)             136.920
  ==> Time-Energy (s)             21.910
  ==> Time-Iter. (s)             158.830

--------------------------------------------------------------------------------
CEO-ADAPT-VQE iteration: 258
--------------------------------------------------------------------------------
    gate        derivative      name       op1       op2       op3        g_unscaled   penalty
     986        0.00083994      a_ia       986                            0.00167987         2
     944       -0.00057195      a_ia       944                           -0.00114390         2
     802        0.00056131      a_ia       802                            0.00112262         2
     674       -0.00054010      a_ia       674                           -0.00108021         2
   45884        0.00051287        op      1570      1571                  0.10103489       197
   45885        0.00051287        om      1570      1571                  0.10103489       197
   52900        0.00051255        op      7320      7321                  0.02408984        47
   54004       -0.00050967        op      8250      8251                 -0.02395426        47
    7320        0.00050824    a_iajb      7320                            0.02388728        47
    8250       -0.00050627    a_iajb      8250                           -0.02379458        47

  ==> Add operator: a_ia 986
  ==> Current qubit order: 2  3  6  7  12  13  10  14  44  21  15  18  19  20  32  33  34  8  42  16  17  41  40  11  45  0  1  9  31  25  53  35  56  24  28  38  48  26  30  22  52  43  5  4  23  37  69  36  58  68  57  29  59  51  47  46  27  49  50  54  55  60  61  62  39  63  64  65  66  67  70  71  


  ==> Energy                -172.559870555
  ==> dE                       -1.27e-05
  ==> Gradient Norm             2.33e+00
  ==> Abs. Max. Deriv.          1.01e-01
  ==> Time-Grad. (s)             135.579
  ==> Time-Energy (s)             24.326
  ==> Time-Iter. (s)             159.905

--------------------------------------------------------------------------------
CEO-ADAPT-VQE iteration: 259
--------------------------------------------------------------------------------
    gate        derivative      name       op1       op2       op3        g_unscaled   penalty
     802        0.00056603      a_ia       802                            0.00113206         2
     944       -0.00056250      a_ia       944                           -0.00112499         2
     674       -0.00053991      a_ia       674                           -0.00107982         2
   45884        0.00051287        op      1570      1571                  0.10103492       197
   45885        0.00051287        om      1570      1571                  0.10103492       197
   54004       -0.00051186        op      8250      8251                 -0.02405728        47
   52900        0.00050978        op      7320      7321                  0.02395980        47
    8250       -0.00050924    a_iajb      8250                           -0.02393447        47
   54005       -0.00050663        om      8250      8251                 -0.02381166        47
    7320        0.00050504    a_iajb      7320                            0.02373710        47

  ==> Tried operator a_ia 674: gain -5.16e-08 (threshold 8.4e-07), removed and excluded for this stage
  ==> Add operator: op -1: 1570 1571
  ==> Current qubit order: 2  3  6  7  12  13  10  14  44  21  15  18  19  20  32  33  34  8  42  16  17  41  40  11  45  9  31  25  53  35  56  24  28  38  48  26  30  22  52  43  5  4  23  37  69  36  0  1  70  71  58  68  57  29  59  51  47  46  27  49  50  54  55  60  61  62  39  63  64  65  66  67  


  ==> Energy                -172.560279909
  ==> dE                       -4.09e-04
  ==> Gradient Norm             2.33e+00
  ==> Abs. Max. Deriv.          1.01e-01
  ==> Time-Grad. (s)             136.092
  ==> Time-Energy (s)             42.830
  ==> Time-Iter. (s)             178.923

--------------------------------------------------------------------------------
CEO-ADAPT-VQE iteration: 260
--------------------------------------------------------------------------------
    gate        derivative      name       op1       op2       op3        g_unscaled   penalty
      17       -0.00101707      a_ia        17                           -0.00203415         2
      69       -0.00074143      a_ia        69                           -0.00296573         4
   45811        0.00071570        om      1496      1497                  0.06656053        93
    1496        0.00071570    a_iajb      1496                            0.06655970        93
   45810        0.00071569        op      1496      1497                  0.06655887        93
      34       -0.00067464      a_ia        34                           -0.00269857         4
   45639        0.00056980        om      1324      1325                  0.06666680       117
     802        0.00056545      a_ia       802                            0.00113090         2
   46469        0.00056324        om      2055      2056                  0.07040463       125
     299        0.00056225      a_ia       299                            0.00224900         4

  ==> Add operator: a_ia 17
  ==> Current qubit order: 2  3  6  7  12  13  10  14  44  21  15  18  19  20  32  33  34  8  42  16  17  41  40  11  45  9  31  25  53  35  56  24  28  38  48  26  30  22  52  43  5  4  23  37  69  36  0  1  70  71  58  68  57  29  59  51  47  46  27  49  50  54  55  60  61  62  39  63  64  65  66  67  


  ==> Energy                -172.560280798
  ==> dE                       -8.89e-07
  ==> Gradient Norm             2.32e+00
  ==> Abs. Max. Deriv.          7.88e-02
  ==> Time-Grad. (s)             134.170
  ==> Time-Energy (s)             24.216
  ==> Time-Iter. (s)             158.386

--------------------------------------------------------------------------------
CEO-ADAPT-VQE iteration: 261
--------------------------------------------------------------------------------
    gate        derivative      name       op1       op2       op3        g_unscaled   penalty
      69       -0.00075098      a_ia        69                           -0.00300391         4
   45811        0.00071577        om      1496      1497                  0.06656624        93
    1496        0.00071576    a_iajb      1496                            0.06656541        93
   45810        0.00071575        op      1496      1497                  0.06656458        93
      34       -0.00066891      a_ia        34                           -0.00267563         4
   45639        0.00056987        om      1324      1325                  0.06667471       117
     802        0.00056782      a_ia       802                            0.00113564         2
   46469        0.00056333        om      2055      2056                  0.07041608       125
     944       -0.00056310      a_ia       944                           -0.00112619         2
     299        0.00056226      a_ia       299                            0.00224903         4

  ==> Tried operator a_ia 69: gain -4.01e-07 (threshold 6.9e-07), removed and excluded for this stage
  ==> Add operator: om -1: 1496 1497
  ==> Current qubit order: 2  3  6  7  12  13  10  14  44  21  15  18  19  20  32  33  34  8  42  16  17  41  40  11  45  9  31  25  53  35  56  24  28  38  48  26  30  22  52  43  5  4  23  37  69  36  70  71  58  68  57  29  0  1  54  55  59  51  47  46  27  49  50  60  61  62  39  63  64  65  66  67  


  ==> Energy                -172.560541861
  ==> dE                       -2.61e-04
  ==> Gradient Norm             2.32e+00
  ==> Abs. Max. Deriv.          7.88e-02
  ==> Time-Grad. (s)             134.557
  ==> Time-Energy (s)             50.108
  ==> Time-Iter. (s)             184.666

--------------------------------------------------------------------------------
CEO-ADAPT-VQE iteration: 262
--------------------------------------------------------------------------------
    gate        derivative      name       op1       op2       op3        g_unscaled   penalty
    1197        0.00074950      a_ia      1197                            0.00149901         2
   45855        0.00064544        om      1540      1541                  0.05615315        87
    1540        0.00064544    a_iajb      1540                            0.05615306        87
   45854        0.00064544        op      1540      1541                  0.05615297        87
   45639        0.00056917        om      1324      1325                  0.06659271       117
     802        0.00056836      a_ia       802                            0.00113673         2
     944       -0.00056255      a_ia       944                           -0.00112510         2
     299        0.00056224      a_ia       299                            0.00224897         4
    1324        0.00054975    a_iajb      1324                            0.06432044       117
     674       -0.00053738      a_ia       674                           -0.00107476         2

  ==> Add operator: a_ia 1197
  ==> Current qubit order: 2  3  6  7  12  13  10  14  44  21  15  18  19  20  32  33  34  8  42  16  17  41  40  11  45  9  31  25  53  35  56  24  28  38  48  26  30  22  52  43  5  4  23  37  69  36  70  71  58  68  57  29  0  1  54  55  59  51  47  46  27  49  50  60  61  62  39  63  64  65  66  67  


  ==> Energy                -172.560613878
  ==> dE                       -7.20e-05
  ==> Gradient Norm             2.32e+00
  ==> Abs. Max. Deriv.          7.88e-02
  ==> Time-Grad. (s)             133.955
  ==> Time-Energy (s)             24.047
  ==> Time-Iter. (s)             158.002

--------------------------------------------------------------------------------
CEO-ADAPT-VQE iteration: 263
--------------------------------------------------------------------------------
    gate        derivative      name       op1       op2       op3        g_unscaled   penalty
   45855        0.00064550        om      1540      1541                  0.05615849        87
    1540        0.00064550    a_iajb      1540                            0.05615840        87
   45854        0.00064550        op      1540      1541                  0.05615831        87
   45639        0.00056925        om      1324      1325                  0.06660179       117
     802        0.00056620      a_ia       802                            0.00113241         2
     299        0.00056342      a_ia       299                            0.00225370         4
     944       -0.00055696      a_ia       944                           -0.00111392         2
    1324        0.00054983    a_iajb      1324                            0.06432984       117
   45660        0.00053378        op      1346      1347                  0.06672295       125
   45638        0.00053041        op      1324      1325                  0.06205788       117

  ==> Add operator: om -1: 1540 1541
  ==> Current qubit order: 2  3  6  7  12  13  10  14  44  21  15  18  19  20  32  33  34  8  42  16  17  41  40  11  45  9  31  25  53  35  56  24  28  38  48  26  30  22  52  43  5  4  23  37  69  36  70  71  58  68  57  29  54  55  59  51  47  0  1  62  63  46  27  49  50  60  61  39  64  65  66  67  


  ==> Energy                -172.560781914
  ==> dE                       -1.68e-04
  ==> Gradient Norm             2.32e+00
  ==> Abs. Max. Deriv.          7.88e-02
  ==> Time-Grad. (s)             134.222
  ==> Time-Energy (s)             23.454
  ==> Time-Iter. (s)             157.676

--------------------------------------------------------------------------------
CEO-ADAPT-VQE iteration: 264
--------------------------------------------------------------------------------
    gate        derivative      name       op1       op2       op3        g_unscaled   penalty
      30       -0.00086592      a_ia        30                           -0.00346369         4
      65       -0.00063075      a_ia        65                           -0.00252300         4
   45874        0.00062819        op      1560      1561                  0.04334513        69
   45875        0.00062819        om      1560      1561                  0.04334513        69
     802        0.00056553      a_ia       802                            0.00113106         2
     299        0.00056340      a_ia       299                            0.00225359         4
     944       -0.00055664      a_ia       944                           -0.00111329         2
     674       -0.00052425      a_ia       674                           -0.00104851         2
   45660        0.00051448        op      1346      1347                  0.06636757       129
   88978        0.00051304        op     34998     34999                  0.02308699        45

  ==> Add operator: a_ia 30
  ==> Current qubit order: 2  3  6  7  12  13  10  14  44  21  15  18  19  20  32  33  34  8  42  16  17  41  40  11  45  9  31  25  53  35  56  24  28  38  48  26  30  22  52  43  5  4  23  37  69  36  70  71  58  68  57  29  54  55  59  51  47  1  0  62  63  46  27  49  50  60  61  39  64  65  66  67  


  ==> Energy                -172.560783287
  ==> dE                       -1.37e-06
  ==> Gradient Norm             2.32e+00
  ==> Abs. Max. Deriv.          7.77e-02
  ==> Time-Grad. (s)             134.313
  ==> Time-Energy (s)             22.065
  ==> Time-Iter. (s)             156.377

--------------------------------------------------------------------------------
CEO-ADAPT-VQE iteration: 265
--------------------------------------------------------------------------------
    gate        derivative      name       op1       op2       op3        g_unscaled   penalty
   45874        0.00062804        op      1560      1561                  0.04333481        69
   45875        0.00062804        om      1560      1561                  0.04333481        69
     802        0.00056570      a_ia       802                            0.00113140         2
     299        0.00056340      a_ia       299                            0.00225358         4
     944       -0.00055709      a_ia       944                           -0.00111417         2
     674       -0.00052658      a_ia       674                           -0.00105316         2
   88978        0.00051304        op     34998     34999                  0.02308702        45
   88979        0.00051304        om     34998     34999                  0.02308702        45
    1560        0.00050982    a_iajb      1560                            0.04333481        85
   45844        0.00050981        op      1530      1531                  0.03313734        65

  ==> Add operator: op -1: 1560 1561
  ==> Current qubit order: 2  3  6  7  12  13  10  14  44  21  15  18  19  20  32  33  34  8  42  16  17  41  40  11  45  9  31  25  53  35  56  24  28  38  48  26  30  22  52  43  5  4  23  37  69  36  70  71  58  68  57  29  54  55  59  51  47  62  63  46  27  49  1  0  66  67  50  60  61  39  64  65  


  ==> Energy                -172.560873586
  ==> dE                       -9.03e-05
  ==> Gradient Norm             2.32e+00
  ==> Abs. Max. Deriv.          7.77e-02
  ==> Time-Grad. (s)             135.041
  ==> Time-Energy (s)             21.521
  ==> Time-Iter. (s)             156.563

--------------------------------------------------------------------------------
CEO-ADAPT-VQE iteration: 266
--------------------------------------------------------------------------------
    gate        derivative      name       op1       op2       op3        g_unscaled   penalty
      32       -0.00194648      a_ia        32                           -0.00389296         2
   45844        0.00062281        op      1530      1531                  0.03300877        53
    1530        0.00062281    a_iajb      1530                            0.03300872        53
   45845        0.00062281        om      1530      1531                  0.03300867        53
     802        0.00056547      a_ia       802                            0.00113095         2
     299        0.00056340      a_ia       299                            0.00225359         4
     944       -0.00055682      a_ia       944                           -0.00111363         2
     674       -0.00052618      a_ia       674                           -0.00105235         2
   88978        0.00051306        op     34998     34999                  0.02308770        45
   88979        0.00051306        om     34998     34999                  0.02308770        45

  ==> Add operator: a_ia 32
  ==> Current qubit order: 2  3  6  7  12  13  10  14  44  21  15  18  19  20  32  33  34  8  42  16  17  41  40  11  45  9  31  25  53  35  56  24  28  38  48  26  30  22  52  43  5  4  23  37  69  36  70  71  58  68  57  29  54  55  59  51  47  62  63  46  27  49  1  0  66  67  50  60  61  39  64  65  


  ==> Energy                -172.560874622
  ==> dE                       -1.04e-06
  ==> Gradient Norm             2.32e+00
  ==> Abs. Max. Deriv.          7.77e-02
  ==> Time-Grad. (s)             134.220
  ==> Time-Energy (s)             23.449
  ==> Time-Iter. (s)             157.669

--------------------------------------------------------------------------------
CEO-ADAPT-VQE iteration: 267
--------------------------------------------------------------------------------
    gate        derivative      name       op1       op2       op3        g_unscaled   penalty
   45844        0.00062283        op      1530      1531                  0.03301002        53
    1530        0.00062283    a_iajb      1530                            0.03300996        53
   45845        0.00062283        om      1530      1531                  0.03300991        53
     802        0.00056631      a_ia       802                            0.00113261         2
     299        0.00056335      a_ia       299                            0.00225341         4
     944       -0.00055622      a_ia       944                           -0.00111244         2
     674       -0.00052376      a_ia       674                           -0.00104753         2
   88978        0.00051306        op     34998     34999                  0.02308767        45
   88979        0.00051306        om     34998     34999                  0.02308767        45
   52900        0.00050945        op      7320      7321                  0.02394424        47

  ==> Add operator: op -1: 1530 1531
  ==> Current qubit order: 2  3  6  7  12  13  10  14  44  21  15  18  19  20  32  33  34  8  42  16  17  41  40  11  45  9  31  25  53  35  56  24  28  38  48  26  30  22  52  43  5  4  23  37  69  36  70  71  58  68  57  29  54  55  59  51  47  62  63  46  27  49  66  1  0  60  61  67  50  39  64  65  


  ==> Energy                -172.560930644
  ==> dE                       -5.60e-05
  ==> Gradient Norm             2.32e+00
  ==> Abs. Max. Deriv.          7.77e-02
  ==> Time-Grad. (s)             134.110
  ==> Time-Energy (s)             24.397
  ==> Time-Iter. (s)             158.508

--------------------------------------------------------------------------------
CEO-ADAPT-VQE iteration: 268
--------------------------------------------------------------------------------
    gate        derivative      name       op1       op2       op3        g_unscaled   penalty
      29        0.00118881      a_ia        29                            0.00237761         2
    1156       -0.00079586      a_ia      1156                           -0.00318343         4
     802        0.00056627      a_ia       802                            0.00113254         2
     299        0.00056335      a_ia       299                            0.00225340         4
     944       -0.00055612      a_ia       944                           -0.00111223         2
     674       -0.00052314      a_ia       674                           -0.00104629         2
   88978        0.00051308        op     34998     34999                  0.02308873        45
   88979        0.00051308        om     34998     34999                  0.02308873        45
   52900        0.00050944        op      7320      7321                  0.02394361        47
   45866        0.00050502        op      1552      1553                  0.01868574        37

  ==> Add operator: a_ia 29
  ==> Current qubit order: 2  3  6  7  12  13  10  14  44  21  15  18  19  20  32  33  34  8  42  16  17  41  40  11  45  9  31  25  53  35  56  24  28  38  48  26  30  22  52  43  5  4  23  37  69  36  70  71  58  68  57  29  54  55  59  51  47  62  63  46  27  49  66  1  0  60  61  67  50  39  64  65  


  ==> Energy                -172.560931371
  ==> dE                       -7.27e-07
  ==> Gradient Norm             2.32e+00
  ==> Abs. Max. Deriv.          7.77e-02
  ==> Time-Grad. (s)             134.307
  ==> Time-Energy (s)             26.772
  ==> Time-Iter. (s)             161.079

--------------------------------------------------------------------------------
CEO-ADAPT-VQE iteration: 269
--------------------------------------------------------------------------------
    gate        derivative      name       op1       op2       op3        g_unscaled   penalty
    1156       -0.00079585      a_ia      1156                           -0.00318341         4
     802        0.00056722      a_ia       802                            0.00113443         2
     299        0.00056336      a_ia       299                            0.00225344         4
     944       -0.00055589      a_ia       944                           -0.00111179         2
     674       -0.00052300      a_ia       674                           -0.00104600         2
   88978        0.00051308        op     34998     34999                  0.02308871        45
   88979        0.00051308        om     34998     34999                  0.02308871        45
   52900        0.00050944        op      7320      7321                  0.02394363        47
   45866        0.00050505        op      1552      1553                  0.01868679        37
   45867        0.00050505        om      1552      1553                  0.01868679        37

  ==> Add operator: a_ia 1156
  ==> Current qubit order: 2  3  6  7  12  13  10  14  44  21  15  18  19  20  32  33  34  8  42  16  17  41  40  11  45  9  31  25  53  35  56  24  28  38  48  26  30  22  52  43  5  4  23  37  69  36  70  71  58  68  57  29  54  55  59  51  47  62  63  46  27  49  66  1  0  60  61  67  39  50  64  65  


  ==> Energy                -172.561850071
  ==> dE                       -9.19e-04
  ==> Gradient Norm             2.32e+00
  ==> Abs. Max. Deriv.          7.77e-02
  ==> Time-Grad. (s)             134.456
  ==> Time-Energy (s)             23.530
  ==> Time-Iter. (s)             157.986

--------------------------------------------------------------------------------
CEO-ADAPT-VQE iteration: 270
--------------------------------------------------------------------------------
    gate        derivative      name       op1       op2       op3        g_unscaled   penalty
     674       -0.00058630      a_ia       674                           -0.00117259         2
     944       -0.00057987      a_ia       944                           -0.00115974         2
     299        0.00056455      a_ia       299                            0.00225821         4
     802        0.00052985      a_ia       802                            0.00105970         2
   88978        0.00051294        op     34998     34999                  0.02308246        45
   88979        0.00051294        om     34998     34999                  0.02308246        45
   52900        0.00050799        op      7320      7321                  0.02387538        47
    7320        0.00050325    a_iajb      7320                            0.02365282        47
   52901        0.00049852        om      7320      7321                  0.02343027        47
   46469        0.00049643        om      2055      2056                  0.07099001       143

  ==> Add operator: a_ia 299
  ==> Current qubit order: 2  3  6  7  12  13  10  14  44  21  15  18  19  20  32  33  34  8  42  16  17  41  40  45  11  9  31  25  53  35  56  24  28  38  48  26  30  22  52  43  5  4  23  37  69  36  70  71  58  68  57  29  54  55  59  51  47  62  63  46  27  49  66  1  0  60  61  67  39  50  64  65  


  ==> Energy                -172.561991630
  ==> dE                       -1.42e-04
  ==> Gradient Norm             2.31e+00
  ==> Abs. Max. Deriv.          7.77e-02
  ==> Time-Grad. (s)             135.933
  ==> Time-Energy (s)             23.099
  ==> Time-Iter. (s)             159.032

--------------------------------------------------------------------------------
CEO-ADAPT-VQE iteration: 271
--------------------------------------------------------------------------------
    gate        derivative      name       op1       op2       op3        g_unscaled   penalty
     316       -0.00066935      a_ia       316                           -0.00267742         4
     376        0.00061324      a_ia       376                            0.00122648         2
     674       -0.00058252      a_ia       674                           -0.00116505         2
     944       -0.00058185      a_ia       944                           -0.00116370         2
     802        0.00052783      a_ia       802                            0.00105565         2
   88978        0.00051294        op     34998     34999                  0.02308209        45
   88979        0.00051294        om     34998     34999                  0.02308209        45
   52900        0.00050801        op      7320      7321                  0.02387659        47
    7320        0.00050331    a_iajb      7320                            0.02365539        47
   52901        0.00049860        om      7320      7321                  0.02343418        47

  ==> Add operator: a_ia 316
  ==> Current qubit order: 2  3  6  7  12  13  10  14  44  21  15  18  19  20  32  33  34  8  42  16  17  41  40  11  45  9  31  25  53  35  56  24  28  38  48  26  30  22  52  43  5  4  23  37  69  36  70  71  58  68  57  29  54  55  59  51  47  62  63  46  27  49  66  1  0  60  61  67  39  50  64  65  


  ==> Energy                -172.561993477
  ==> dE                       -1.85e-06
  ==> Gradient Norm             2.31e+00
  ==> Abs. Max. Deriv.          7.76e-02
  ==> Time-Grad. (s)             136.839
  ==> Time-Energy (s)             25.052
  ==> Time-Iter. (s)             161.892

--------------------------------------------------------------------------------
CEO-ADAPT-VQE iteration: 272
--------------------------------------------------------------------------------
    gate        derivative      name       op1       op2       op3        g_unscaled   penalty
     944       -0.00058261      a_ia       944                           -0.00116522         2
     376        0.00057630      a_ia       376                            0.00115259         2
     674       -0.00057137      a_ia       674                           -0.00114274         2
     802        0.00053004      a_ia       802                            0.00106009         2
   88978        0.00051294        op     34998     34999                  0.02308212        45
   88979        0.00051294        om     34998     34999                  0.02308212        45
   52900        0.00050801        op      7320      7321                  0.02387640        47
    7320        0.00050330    a_iajb      7320                            0.02365519        47
   52901        0.00049860        om      7320      7321                  0.02343399        47
   46469        0.00049554        om      2055      2056                  0.07086251       143

  ==> Tried operator a_ia 376: gain -2.09e-07 (threshold 6.2e-07), removed and excluded for this stage
  ==> Add operator: op -1: 34998 34999
  ==> Current qubit order: 2  3  6  7  12  13  10  14  44  21  15  18  19  20  32  33  34  8  42  16  17  41  40  11  45  9  31  25  53  35  56  24  28  38  48  26  30  52  43  5  4  22  23  70  71  37  69  36  58  68  57  29  54  55  59  51  47  62  63  46  27  49  66  1  0  60  61  67  39  50  64  65  


  ==> Energy                -172.562020257
  ==> dE                       -2.68e-05
  ==> Gradient Norm             2.31e+00
  ==> Abs. Max. Deriv.          7.75e-02
  ==> Time-Grad. (s)             136.176
  ==> Time-Energy (s)             41.436
  ==> Time-Iter. (s)             177.612

--------------------------------------------------------------------------------
CEO-ADAPT-VQE iteration: 273
--------------------------------------------------------------------------------
    gate        derivative      name       op1       op2       op3        g_unscaled   penalty
     683       -0.00072457      a_ia       683                           -0.00289827         4
     707       -0.00058912      a_ia       707                           -0.00235647         4
     944       -0.00058273      a_ia       944                           -0.00116546         2
     376        0.00057636      a_ia       376                            0.00115272         2
     802        0.00053038      a_ia       802                            0.00106075         2
   88883        0.00047617        om     34902     34903                  0.03666536        77
   34902        0.00047605    a_iajb     34902                            0.03665611        77
   88882        0.00047593        op     34902     34903                  0.03664685        77
   46469        0.00047558        om      2055      2056                  0.07086194       149
    2055        0.00047321    a_iajb      2055                            0.07050828       149

  ==> Add operator: a_ia 683
  ==> Current qubit order: 2  3  6  7  12  13  10  14  44  21  15  18  19  20  32  33  34  8  42  16  17  41  40  11  45  9  31  25  53  35  56  24  28  38  48  26  30  52  43  5  4  23  22  70  71  37  69  36  58  68  57  29  54  55  59  51  47  62  63  46  27  49  66  1  0  60  61  67  39  50  64  65  


  ==> Energy                -172.562497802
  ==> dE                       -4.78e-04
  ==> Gradient Norm             2.31e+00
  ==> Abs. Max. Deriv.          7.75e-02
  ==> Time-Grad. (s)             135.823
  ==> Time-Energy (s)           1419.727
  ==> Time-Iter. (s)            1555.550

--------------------------------------------------------------------------------
CEO-ADAPT-VQE iteration: 274
--------------------------------------------------------------------------------
    gate        derivative      name       op1       op2       op3        g_unscaled   penalty
     832        0.00081774      a_ia       832                            0.00163549         2
     944       -0.00062824      a_ia       944                           -0.00125647         2
   60741        0.00051923        om     13531     13532                  0.02440370        47
   13531        0.00051905    a_iajb     13531                            0.02439528        47
   60740        0.00051887        op     13531     13532                  0.02438686        47
    1163        0.00047934      a_ia      1163                            0.00095867         2
     280        0.00047878      a_ia       280                            0.00095755         2
   88883        0.00047623        om     34902     34903                  0.03666983        77
   34902        0.00047613    a_iajb     34902                            0.03666169        77
   88882        0.00047602        op     34902     34903                  0.03665355        77

  ==> Add operator: om -1: 13531 13532
  ==> Current qubit order: 2  3  6  7  12  13  10  14  44  21  15  18  19  20  32  33  34  42  16  17  8  41  40  11  45  9  31  25  53  35  56  24  28  38  48  26  30  52  43  5  4  23  22  70  71  37  69  36  58  68  57  29  54  55  59  51  47  62  63  46  27  49  66  1  0  60  61  67  39  50  64  65  


  ==> Energy                -172.562585184
  ==> dE                       -8.74e-05
  ==> Gradient Norm             2.31e+00
  ==> Abs. Max. Deriv.          7.77e-02
  ==> Time-Grad. (s)             136.626
  ==> Time-Energy (s)             24.325
  ==> Time-Iter. (s)             160.951

--------------------------------------------------------------------------------
CEO-ADAPT-VQE iteration: 275
--------------------------------------------------------------------------------
    gate        derivative      name       op1       op2       op3        g_unscaled   penalty
     832        0.00081713      a_ia       832                            0.00163426         2
     944       -0.00062824      a_ia       944                           -0.00125648         2
   61871       -0.00050521        om     14430     14431                 -0.02071375        41
   14430       -0.00050458    a_iajb     14430                           -0.02068761        41
   61870       -0.00050394        op     14430     14431                 -0.02066146        41
   61875        0.00050221        om     14434     14435                  0.02360405        47
   14434        0.00049785    a_iajb     14434                            0.02339897        47
   61874        0.00049349        op     14434     14435                  0.02319389        47
   61919        0.00049199        om     14478     14479                  0.02804319        57
   61539       -0.00049184        om     14242     14243                 -0.02901855        59

  ==> Add operator: om -1: 14430 14431
  ==> Current qubit order: 2  3  6  7  12  13  10  14  44  21  15  18  19  20  32  33  34  42  16  17  8  41  40  11  45  9  31  25  53  35  56  24  28  38  48  26  30  52  43  5  4  23  22  70  71  37  69  36  58  68  57  29  54  55  59  51  47  62  63  46  27  49  66  1  0  60  61  67  39  50  64  65  


  ==> Energy                -172.562652814
  ==> dE                       -6.76e-05
  ==> Gradient Norm             2.31e+00
  ==> Abs. Max. Deriv.          7.77e-02
  ==> Time-Grad. (s)             137.689
  ==> Time-Energy (s)             23.370
  ==> Time-Iter. (s)             161.059

--------------------------------------------------------------------------------
CEO-ADAPT-VQE iteration: 276
--------------------------------------------------------------------------------
    gate        derivative      name       op1       op2       op3        g_unscaled   penalty
     832        0.00081699      a_ia       832                            0.00163398         2
     944       -0.00062787      a_ia       944                           -0.00125573         2
   61875        0.00049894        om     14434     14435                  0.02345025        47
   14434        0.00049451    a_iajb     14434                            0.02324196        47
   61539       -0.00049185        om     14242     14243                 -0.02901914        59
   61919        0.00049055        om     14478     14479                  0.02796112        57
   61874        0.00049008        op     14434     14435                  0.02303366        47
    1163        0.00047927      a_ia      1163                            0.00095854         2
   88883        0.00047624        om     34902     34903                  0.03667025        77
   34902        0.00047613    a_iajb     34902                            0.03666210        77

  ==> Add operator: mvp2 -1: 14434 14435
  ==> Current qubit order: 2  3  6  7  12  13  10  14  44  21  15  18  19  20  32  33  34  42  16  17  8  40  45  41  11  9  31  25  53  35  56  24  28  38  48  26  30  52  43  5  4  23  22  70  71  37  69  36  58  68  57  29  54  55  59  51  47  62  63  46  27  49  66  1  0  60  61  67  39  50  64  65  


  ==> Energy                -172.562738909
  ==> dE                       -8.61e-05
  ==> Gradient Norm             2.31e+00
  ==> Abs. Max. Deriv.          7.77e-02
  ==> Time-Grad. (s)             137.051
  ==> Time-Energy (s)             48.855
  ==> Time-Iter. (s)             185.906

--------------------------------------------------------------------------------
CEO-ADAPT-VQE iteration: 277
--------------------------------------------------------------------------------
    gate        derivative      name       op1       op2       op3        g_unscaled   penalty
     832        0.00081852      a_ia       832                            0.00163704         2
     944       -0.00062719      a_ia       944                           -0.00125437         2
   61539       -0.00049252        om     14242     14243                 -0.02905876        59
   61919        0.00049208        om     14478     14479                  0.02804860        57
    1163        0.00047942      a_ia      1163                            0.00095883         2
   88883        0.00047624        om     34902     34903                  0.03667038        77
   34902        0.00047613    a_iajb     34902                            0.03666222        77
   88882        0.00047603        op     34902     34903                  0.03665406        77
   46469        0.00047556        om      2055      2056                  0.07085907       149
    2055        0.00047323    a_iajb      2055                            0.07051164       149

  ==> Add operator: mvp3 -1: 14242 14243 14244
  ==> Current qubit order: 2  3  6  7  12  13  10  14  21  15  18  19  20  32  33  34  44  42  16  8  17  40  45  41  11  9  31  25  53  35  56  24  28  38  48  26  30  52  43  5  4  23  22  70  71  37  69  36  58  68  57  29  54  55  59  51  47  62  63  46  27  49  66  1  0  60  61  67  39  50  64  65  


  ==> Energy                -172.563253642
  ==> dE                       -5.15e-04
  ==> Gradient Norm             2.31e+00
  ==> Abs. Max. Deriv.          7.77e-02
  ==> Time-Grad. (s)             136.710
  ==> Time-Energy (s)             72.007
  ==> Time-Iter. (s)             208.718

--------------------------------------------------------------------------------
CEO-ADAPT-VQE iteration: 278
--------------------------------------------------------------------------------
    gate        derivative      name       op1       op2       op3        g_unscaled   penalty
    1050       -0.00133233      a_ia      1050                           -0.00266466         2
     832        0.00079731      a_ia       832                            0.00159462         2
     944       -0.00062920      a_ia       944                           -0.00125841         2
     284        0.00049624      a_ia       284                            0.00198495         4
    1163        0.00047942      a_ia      1163                            0.00095884         2
   88883        0.00047624        om     34902     34903                  0.03667056        77
   34902        0.00047613    a_iajb     34902                            0.03666200        77
   88882        0.00047602        op     34902     34903                  0.03665344        77
   46469        0.00047556        om      2055      2056                  0.07085897       149
    2055        0.00047323    a_iajb      2055                            0.07051150       149

  ==> Add operator: a_ia 1050
  ==> Current qubit order: 2  3  6  7  12  13  10  14  21  15  18  19  20  32  33  34  44  42  16  8  17  40  45  41  11  9  31  25  53  35  56  24  28  38  48  26  30  52  43  5  4  23  22  70  71  37  69  36  58  68  57  29  54  55  59  51  47  62  63  46  27  49  66  1  0  60  61  67  39  50  64  65  


  ==> Energy                -172.563395960
  ==> dE                       -1.42e-04
  ==> Gradient Norm             2.30e+00
  ==> Abs. Max. Deriv.          7.77e-02
  ==> Time-Grad. (s)             136.134
  ==> Time-Energy (s)             24.383
  ==> Time-Iter. (s)             160.517

--------------------------------------------------------------------------------
CEO-ADAPT-VQE iteration: 279
--------------------------------------------------------------------------------
    gate        derivative      name       op1       op2       op3        g_unscaled   penalty
     832        0.00080188      a_ia       832                            0.00160376         2
     944       -0.00062799      a_ia       944                           -0.00125598         2
     284        0.00061290      a_ia       284                            0.00245161         4
     331       -0.00049666      a_ia       331                           -0.00099333         2
    1163        0.00047914      a_ia      1163                            0.00095828         2
   79556        0.00047899        op     27676     27677                  0.02634447        55
   88883        0.00047556        om     34902     34903                  0.03661782        77
   46469        0.00047554        om      2055      2056                  0.07085514       149
   34902        0.00047544    a_iajb     34902                            0.03660925        77
   88882        0.00047533        op     34902     34903                  0.03660067        77

  ==> Add operator: a_ia 284
  ==> Current qubit order: 2  3  6  7  12  13  10  14  21  15  18  19  20  32  33  34  44  16  42  8  17  40  45  41  11  9  31  25  53  35  56  24  28  38  48  26  30  52  43  5  4  23  22  70  71  37  69  36  58  68  57  29  54  55  59  51  47  62  63  46  27  49  66  1  0  60  61  67  39  50  64  65  


  ==> Energy                -172.563397995
  ==> dE                       -2.04e-06
  ==> Gradient Norm             2.30e+00
  ==> Abs. Max. Deriv.          7.76e-02
  ==> Time-Grad. (s)             136.938
  ==> Time-Energy (s)             26.126
  ==> Time-Iter. (s)             163.064

--------------------------------------------------------------------------------
CEO-ADAPT-VQE iteration: 280
--------------------------------------------------------------------------------
    gate        derivative      name       op1       op2       op3        g_unscaled   penalty
     832        0.00082634      a_ia       832                            0.00165269         2
     944       -0.00062330      a_ia       944                           -0.00124660         2
   79556        0.00055986        op     27676     27677                  0.02631323        47
   27676        0.00055454    a_iajb     27676                            0.02606350        47
   79557        0.00054923        om     27676     27677                  0.02581377        47
     517       -0.00050227      a_ia       517                           -0.00100454         2
     331       -0.00049644      a_ia       331                           -0.00099289         2
    1163        0.00047919      a_ia      1163                            0.00095838         2
   88883        0.00047555        om     34902     34903                  0.03661716        77
   46469        0.00047554        om      2055      2056                  0.07085512       149

  ==> Add operator: mvp2 -1: 27676 27677
  ==> Current qubit order: 2  3  6  7  12  13  10  14  21  15  18  19  20  32  33  34  44  16  42  17  45  8  40  41  11  9  31  25  53  35  56  24  28  38  48  26  30  52  43  5  4  23  22  70  71  37  69  36  58  68  57  29  54  55  59  51  47  62  63  46  27  49  66  1  0  60  61  67  39  50  64  65  


  ==> Energy                -172.563550247
  ==> dE                       -1.52e-04
  ==> Gradient Norm             2.30e+00
  ==> Abs. Max. Deriv.          7.77e-02
  ==> Time-Grad. (s)             136.155
  ==> Time-Energy (s)             49.306
  ==> Time-Iter. (s)             185.461

--------------------------------------------------------------------------------
CEO-ADAPT-VQE iteration: 281
--------------------------------------------------------------------------------
    gate        derivative      name       op1       op2       op3        g_unscaled   penalty
     832        0.00081062      a_ia       832                            0.00162123         2
     544       -0.00076235      a_ia       544                           -0.00152470         2
     516        0.00063786      a_ia       516                            0.00127571         2
     944       -0.00062504      a_ia       944                           -0.00125008         2
   61915       -0.00053617        om     14474     14475                 -0.02198294        41
   14474       -0.00052928    a_iajb     14474                           -0.02170033        41
     517       -0.00052851      a_ia       517                           -0.00105703         2
   61914       -0.00052238        op     14474     14475                 -0.02141772        41
     331       -0.00049641      a_ia       331                           -0.00099283         2
    1163        0.00047912      a_ia      1163                            0.00095825         2

  ==> Tried operator a_ia 544: gain -8.53e-07 (threshold 8.7e-07), removed and excluded for this stage
  ==> Tried operator a_ia 516: gain -7.34e-07 (threshold 8.7e-07), removed and excluded for this stage
  ==> Add operator: mvp2 -1: 14474 14475
  ==> Current qubit order: 2  3  6  7  12  13  10  14  21  15  18  19  20  32  33  34  44  16  42  17  45  8  40  41  11  9  31  25  53  35  56  24  28  38  48  26  30  52  43  5  4  23  22  70  71  37  69  36  58  68  57  29  54  55  59  51  47  62  63  46  27  49  66  1  0  60  61  67  39  50  64  65  


  ==> Energy                -172.563621743
  ==> dE                       -7.15e-05
  ==> Gradient Norm             2.30e+00
  ==> Abs. Max. Deriv.          7.77e-02
  ==> Time-Grad. (s)             136.123
  ==> Time-Energy (s)            102.394
  ==> Time-Iter. (s)             238.517

--------------------------------------------------------------------------------
CEO-ADAPT-VQE iteration: 282
--------------------------------------------------------------------------------
    gate        derivative      name       op1       op2       op3        g_unscaled   penalty
     544       -0.00081330      a_ia       544                           -0.00162660         2
     832        0.00080838      a_ia       832                            0.00161675         2
     516        0.00069030      a_ia       516                            0.00138059         2
     944       -0.00062520      a_ia       944                           -0.00125041         2
     517       -0.00053482      a_ia       517                           -0.00106964         2
     331       -0.00049551      a_ia       331                           -0.00099102         2
    1163        0.00047915      a_ia      1163                            0.00095829         2
   88883        0.00047555        om     34902     34903                  0.03661736        77
   46469        0.00047552        om      2055      2056                  0.07085213       149
   34902        0.00047544    a_iajb     34902                            0.03660885        77

  ==> Tried operator a_ia 517: gain -3.50e-07 (threshold 7.9e-07), removed and excluded for this stage
  ==> Add operator: a_ia 331
  ==> Current qubit order: 2  3  6  7  12  13  10  14  21  15  18  19  20  32  33  34  44  16  42  17  45  8  40  41  11  9  31  25  53  35  56  24  28  38  48  26  30  52  43  5  4  23  22  70  71  37  69  36  58  68  57  29  54  55  59  51  47  62  63  46  27  49  66  1  0  60  61  67  39  50  64  65  


  ==> Energy                -172.563668602
  ==> dE                       -4.69e-05
  ==> Gradient Norm             2.30e+00
  ==> Abs. Max. Deriv.          7.77e-02
  ==> Time-Grad. (s)             135.743
  ==> Time-Energy (s)             48.550
  ==> Time-Iter. (s)             184.293

--------------------------------------------------------------------------------
CEO-ADAPT-VQE iteration: 283
--------------------------------------------------------------------------------
    gate        derivative      name       op1       op2       op3        g_unscaled   penalty
     544       -0.00082918      a_ia       544                           -0.00165836         2
     832        0.00080588      a_ia       832                            0.00161175         2
     516        0.00069150      a_ia       516                            0.00138301         2
     944       -0.00062544      a_ia       944                           -0.00125088         2
     517       -0.00053196      a_ia       517                           -0.00106392         2
    1163        0.00047916      a_ia      1163                            0.00095832         2
   88883        0.00047555        om     34902     34903                  0.03661738        77
   46469        0.00047552        om      2055      2056                  0.07085231       149
   34902        0.00047544    a_iajb     34902                            0.03660887        77
   88882        0.00047533        op     34902     34903                  0.03660035        77

  ==> Add operator: a_ia 1163
  ==> Current qubit order: 2  3  6  7  12  13  10  14  21  15  18  19  20  32  33  34  44  16  42  17  45  8  40  41  11  9  31  25  53  35  56  24  28  38  48  26  30  52  43  5  4  23  22  70  71  37  69  36  58  68  57  29  54  55  59  51  47  62  63  46  27  49  66  1  0  60  61  67  39  50  64  65  


  ==> Energy                -172.563691206
  ==> dE                       -2.26e-05
  ==> Gradient Norm             2.30e+00
  ==> Abs. Max. Deriv.          7.77e-02
  ==> Time-Grad. (s)             136.554
  ==> Time-Energy (s)             25.033
  ==> Time-Iter. (s)             161.588

--------------------------------------------------------------------------------
CEO-ADAPT-VQE iteration: 284
--------------------------------------------------------------------------------
    gate        derivative      name       op1       op2       op3        g_unscaled   penalty
     544       -0.00082992      a_ia       544                           -0.00165985         2
     832        0.00081724      a_ia       832                            0.00163448         2
     516        0.00069370      a_ia       516                            0.00138739         2
     944       -0.00062438      a_ia       944                           -0.00124875         2
     517       -0.00053403      a_ia       517                           -0.00106806         2
   46469        0.00047552        om      2055      2056                  0.07085254       149
   88883        0.00047543        om     34902     34903                  0.03660816        77
   34902        0.00047532    a_iajb     34902                            0.03659949        77
   88882        0.00047521        op     34902     34903                  0.03659083        77
    2055        0.00047319    a_iajb      2055                            0.07050510       149

  ==> Add operator: mvp2 -1: 2055 2056
  ==> Current qubit order: 2  3  6  7  12  13  10  14  21  15  18  19  20  32  33  34  44  16  42  17  45  8  40  41  11  31  25  53  35  56  24  28  38  48  26  30  52  43  5  4  23  22  71  37  69  36  58  9  70  63  0  68  57  29  54  55  59  51  47  62  46  27  49  66  1  60  61  67  39  50  64  65  


  ==> Energy                -172.564035709
  ==> dE                       -3.45e-04
  ==> Gradient Norm             2.30e+00
  ==> Abs. Max. Deriv.          7.77e-02
  ==> Time-Grad. (s)             136.277
  ==> Time-Energy (s)             49.198
  ==> Time-Iter. (s)             185.474

--------------------------------------------------------------------------------
CEO-ADAPT-VQE iteration: 285
--------------------------------------------------------------------------------
    gate        derivative      name       op1       op2       op3        g_unscaled   penalty
     544       -0.00082962      a_ia       544                           -0.00165923         2
     832        0.00081710      a_ia       832                            0.00163421         2
     325        0.00078749      a_ia       325                            0.00314995         4
     312       -0.00074334      a_ia       312                           -0.00594676         8
     328       -0.00071044      a_ia       328                           -0.00426264         6
     516        0.00069423      a_ia       516                            0.00138846         2
   46304        0.00067637        op      1891      1892                  0.04937496        73
    1891        0.00064320    a_iajb      1891                            0.04695326        73
      34       -0.00063296      a_ia        34                           -0.00253182         4
     944       -0.00062422      a_ia       944                           -0.00124844         2

  ==> Add operator: a_ia 325
  ==> Current qubit order: 2  3  6  7  12  13  10  14  21  15  18  19  20  32  33  34  44  16  42  17  45  8  40  41  11  31  25  53  35  56  24  28  38  48  26  30  52  43  5  4  23  22  71  37  69  36  58  70  9  63  0  68  57  29  54  55  59  51  47  62  46  27  49  66  1  60  61  67  39  50  64  65  


  ==> Energy                -172.564038740
  ==> dE                       -3.03e-06
  ==> Gradient Norm             2.29e+00
  ==> Abs. Max. Deriv.          7.82e-02
  ==> Time-Grad. (s)             136.253
  ==> Time-Energy (s)             25.212
  ==> Time-Iter. (s)             161.464

--------------------------------------------------------------------------------
CEO-ADAPT-VQE iteration: 286
--------------------------------------------------------------------------------
    gate        derivative      name       op1       op2       op3        g_unscaled   penalty
     832        0.00083496      a_ia       832                            0.00166992         2
     544       -0.00082079      a_ia       544                           -0.00164158         2
     325       -0.00077283      a_ia       325                           -0.00154566         2
   46304        0.00071621        op      1891      1892                  0.04941822        69
     516        0.00070535      a_ia       516                            0.00141070         2
    1891        0.00068110    a_iajb      1891                            0.04699611        69
   46305        0.00064600        om      1891      1892                  0.04457400        69
     944       -0.00062855      a_ia       944                           -0.00125711         2
     707       -0.00059880      a_ia       707                           -0.00239521         4
   60468        0.00059689        op     13358     13359                  0.07819319       131

  ==> Add operator: mvp2 -1: 1891 1892
  ==> Current qubit order: 2  3  6  7  12  13  10  14  21  15  18  19  20  32  33  34  44  16  42  17  45  8  40  41  11  31  25  53  35  56  24  28  38  48  26  30  52  5  4  23  22  71  37  69  36  58  43  70  9  0  63  68  57  29  54  55  59  51  47  62  46  27  49  66  1  60  61  67  39  50  64  65  


  ==> Energy                -172.564601266
  ==> dE                       -5.63e-04
  ==> Gradient Norm             2.29e+00
  ==> Abs. Max. Deriv.          7.82e-02
  ==> Time-Grad. (s)             135.766
  ==> Time-Energy (s)             48.624
  ==> Time-Iter. (s)             184.390

--------------------------------------------------------------------------------
CEO-ADAPT-VQE iteration: 287
--------------------------------------------------------------------------------
    gate        derivative      name       op1       op2       op3        g_unscaled   penalty
      34        0.00097709      a_ia        34                            0.00390835         4
     544       -0.00085677      a_ia       544                           -0.00171354         2
     832        0.00083971      a_ia       832                            0.00167942         2
     516        0.00074194      a_ia       516                            0.00148387         2
   46292        0.00071573        op      1879      1880                  0.03650222        51
    1879        0.00069052    a_iajb      1879                            0.03521661        51
   46293        0.00066531        om      1879      1880                  0.03393100        51
     944       -0.00062462      a_ia       944                           -0.00124925         2
   49351       -0.00060438        om      4399      4401                 -0.05741640        95
     707       -0.00059210      a_ia       707                           -0.00236838         4

  ==> Add operator: a_ia 34
  ==> Current qubit order: 2  3  6  7  12  13  10  14  21  15  18  19  20  32  33  34  44  16  42  17  45  8  40  41  11  31  25  53  35  56  24  28  38  48  26  30  52  5  4  23  22  71  37  69  36  58  43  9  70  0  63  68  57  29  54  55  59  51  47  62  46  27  49  66  1  60  61  67  39  50  64  65  


  ==> Energy                -172.564602687
  ==> dE                       -1.42e-06
  ==> Gradient Norm             2.29e+00
  ==> Abs. Max. Deriv.          7.82e-02
  ==> Time-Grad. (s)             134.466
  ==> Time-Energy (s)             23.829
  ==> Time-Iter. (s)             158.295

--------------------------------------------------------------------------------
CEO-ADAPT-VQE iteration: 288
--------------------------------------------------------------------------------
    gate        derivative      name       op1       op2       op3        g_unscaled   penalty
     832        0.00083950      a_ia       832                            0.00167901         2
     544       -0.00083462      a_ia       544                           -0.00166924         2
     516        0.00074718      a_ia       516                            0.00149436         2
   46292        0.00068891        op      1879      1880                  0.03651236        53
    1879        0.00066465    a_iajb      1879                            0.03522633        53
   46293        0.00064038        om      1879      1880                  0.03394030        53
     944       -0.00062669      a_ia       944                           -0.00125339         2
     312       -0.00059869      a_ia       312                           -0.00598691        10
     707       -0.00059846      a_ia       707                           -0.00239384         4
   60468        0.00059727        op     13358     13359                  0.07824199       131

  ==> Add operator: mvp2 -1: 1879 1880
  ==> Current qubit order: 2  3  6  7  12  13  10  14  21  15  18  19  20  32  33  34  44  16  42  17  45  8  40  41  11  31  25  53  35  56  24  28  38  48  26  30  52  5  4  23  22  71  37  69  36  58  70  43  9  0  54  63  68  57  29  55  59  51  47  62  46  27  49  66  1  60  61  67  39  50  64  65  


  ==> Energy                -172.564877519
  ==> dE                       -2.75e-04
  ==> Gradient Norm             2.29e+00
  ==> Abs. Max. Deriv.          7.82e-02
  ==> Time-Grad. (s)             134.858
  ==> Time-Energy (s)             51.795
  ==> Time-Iter. (s)             186.653

--------------------------------------------------------------------------------
CEO-ADAPT-VQE iteration: 289
--------------------------------------------------------------------------------
    gate        derivative      name       op1       op2       op3        g_unscaled   penalty
      26        0.00216106      a_ia        26                            0.00432213         2
     831        0.00091965      a_ia       831                            0.00183930         2
     832        0.00084318      a_ia       832                            0.00168637         2
     544       -0.00082201      a_ia       544                           -0.00164401         2
     516        0.00079401      a_ia       516                            0.00158802         2
   49351       -0.00063695        om      4399      4401                 -0.05668847        89
     944       -0.00062564      a_ia       944                           -0.00125128         2
   46413        0.00062361        om      1999      2000                  0.02556812        41
   60468        0.00061628        op     13358     13359                  0.07826752       127
   13358        0.00061165    a_iajb     13358                            0.07768017       127

  ==> Add operator: a_ia 26
  ==> Current qubit order: 2  3  6  7  12  13  10  14  21  15  18  19  20  32  33  34  44  16  42  17  45  8  40  41  11  31  25  53  35  56  24  28  38  48  26  30  52  5  4  23  22  71  37  69  36  58  70  43  9  0  54  63  68  57  29  55  59  51  47  62  46  27  49  66  1  60  61  67  39  50  64  65  


  ==> Energy                -172.564879943
  ==> dE                       -2.42e-06
  ==> Gradient Norm             2.29e+00
  ==> Abs. Max. Deriv.          7.83e-02
  ==> Time-Grad. (s)             134.746
  ==> Time-Energy (s)             25.531
  ==> Time-Iter. (s)             160.277

--------------------------------------------------------------------------------
CEO-ADAPT-VQE iteration: 290
--------------------------------------------------------------------------------
    gate        derivative      name       op1       op2       op3        g_unscaled   penalty
     831        0.00092035      a_ia       831                            0.00184070         2
     832        0.00084326      a_ia       832                            0.00168651         2
     544       -0.00081150      a_ia       544                           -0.00162300         2
     516        0.00079847      a_ia       516                            0.00159694         2
   49351       -0.00063694        om      4399      4401                 -0.05668798        89
     944       -0.00062737      a_ia       944                           -0.00125474         2
   46413        0.00062161        om      1999      2000                  0.02548611        41
   60468        0.00061628        op     13358     13359                  0.07826760       127
   13358        0.00061165    a_iajb     13358                            0.07768017       127
   60469        0.00060703        om     13358     13359                  0.07709273       127

  ==> Add operator: a_ia 831
  ==> Current qubit order: 2  3  6  7  12  13  10  14  21  15  18  19  20  32  33  34  44  16  42  17  45  8  40  41  11  31  25  53  35  56  24  28  38  48  26  30  52  5  4  23  22  71  37  69  36  58  70  43  9  0  54  63  68  57  29  55  59  51  47  62  46  27  49  66  1  60  61  67  39  50  64  65  


  ==> Energy                -172.564880943
  ==> dE                       -9.99e-07
  ==> Gradient Norm             2.29e+00
  ==> Abs. Max. Deriv.          7.83e-02
  ==> Time-Grad. (s)             134.381
  ==> Time-Energy (s)             24.158
  ==> Time-Iter. (s)             158.539

--------------------------------------------------------------------------------
CEO-ADAPT-VQE iteration: 291
--------------------------------------------------------------------------------
    gate        derivative      name       op1       op2       op3        g_unscaled   penalty
     832        0.00082749      a_ia       832                            0.00165498         2
     544       -0.00081181      a_ia       544                           -0.00162362         2
     516        0.00079612      a_ia       516                            0.00159224         2
   49351       -0.00063694        om      4399      4401                 -0.05668795        89
     944       -0.00062553      a_ia       944                           -0.00125106         2
   46413        0.00062161        om      1999      2000                  0.02548613        41
   60468        0.00061628        op     13358     13359                  0.07826763       127
   13358        0.00061166    a_iajb     13358                            0.07768019       127
   60469        0.00060703        om     13358     13359                  0.07709275       127
    1999        0.00060560    a_iajb      1999                            0.02482961        41

  ==> Add operator: mvp2 -1: 4399 4401
  ==> Current qubit order: 2  3  6  7  12  13  10  14  21  15  18  19  20  32  33  34  44  16  42  17  45  8  40  41  11  31  25  53  35  56  24  28  38  48  26  30  52  5  4  23  22  37  69  36  58  70  0  54  71  43  9  1  63  68  57  29  55  59  51  47  62  46  27  49  66  60  61  67  39  50  64  65  


  ==> Energy                -172.565754449
  ==> dE                       -8.74e-04
  ==> Gradient Norm             2.29e+00
  ==> Abs. Max. Deriv.          7.83e-02
  ==> Time-Grad. (s)             134.770
  ==> Time-Energy (s)             45.314
  ==> Time-Iter. (s)             180.084

--------------------------------------------------------------------------------
CEO-ADAPT-VQE iteration: 292
--------------------------------------------------------------------------------
    gate        derivative      name       op1       op2       op3        g_unscaled   penalty
      65       -0.00124129      a_ia        65                           -0.00248258         2
     516        0.00083715      a_ia       516                            0.00167431         2
     832        0.00083372      a_ia       832                            0.00166745         2
      69        0.00080416      a_ia        69                            0.00482493         6
     544       -0.00080403      a_ia       544                           -0.00160805         2
     315       -0.00079130      a_ia       315                           -0.00158260         2
      38        0.00062592      a_ia        38                            0.00125185         2
     944       -0.00062357      a_ia       944                           -0.00124713         2
   50964        0.00059806        op      5699      5700                  0.04365803        73
   60468        0.00059804        op     13358     13359                  0.07834321       131

  ==> Add operator: a_ia 65
  ==> Current qubit order: 2  3  6  7  12  13  10  14  21  15  18  19  20  32  33  34  44  16  42  17  45  8  40  41  11  31  25  53  35  56  24  28  38  48  26  30  52  5  4  23  22  37  69  36  58  70  0  54  71  43  9  1  63  68  57  29  55  59  51  47  62  46  27  49  66  60  61  67  39  50  64  65  


  ==> Energy                -172.565755336
  ==> dE                       -8.87e-07
  ==> Gradient Norm             2.27e+00
  ==> Abs. Max. Deriv.          7.83e-02
  ==> Time-Grad. (s)             132.612
  ==> Time-Energy (s)             25.324
  ==> Time-Iter. (s)             157.936

--------------------------------------------------------------------------------
CEO-ADAPT-VQE iteration: 293
--------------------------------------------------------------------------------
    gate        derivative      name       op1       op2       op3        g_unscaled   penalty
     516        0.00083752      a_ia       516                            0.00167503         2
     832        0.00083290      a_ia       832                            0.00166579         2
      69        0.00080935      a_ia        69                            0.00485608         6
     315       -0.00080004      a_ia       315                           -0.00160008         2
     544       -0.00079236      a_ia       544                           -0.00158472         2
      38        0.00062648      a_ia        38                            0.00125296         2
     944       -0.00062351      a_ia       944                           -0.00124702         2
   50964        0.00059809        op      5699      5700                  0.04366090        73
   60468        0.00059794        op     13358     13359                  0.07833032       131
   13358        0.00059346    a_iajb     13358                            0.07774322       131

  ==> Tried operator a_ia 315: gain -6.50e-07 (threshold 7.9e-07), removed and excluded for this stage
  ==> Add operator: a_ia 38
  ==> Current qubit order: 2  3  6  7  12  13  10  14  21  15  18  19  20  32  33  34  44  16  42  17  45  8  40  41  11  31  25  53  35  56  24  28  38  48  26  30  52  5  4  23  22  37  69  36  58  70  0  54  71  43  9  1  63  68  57  29  55  59  51  47  62  46  27  49  66  60  61  67  39  50  64  65  


  ==> Energy                -172.565799759
  ==> dE                       -4.44e-05
  ==> Gradient Norm             2.27e+00
  ==> Abs. Max. Deriv.          7.83e-02
  ==> Time-Grad. (s)             132.750
  ==> Time-Energy (s)             49.193
  ==> Time-Iter. (s)             181.943

--------------------------------------------------------------------------------
CEO-ADAPT-VQE iteration: 294
--------------------------------------------------------------------------------
    gate        derivative      name       op1       op2       op3        g_unscaled   penalty
     315       -0.00083338      a_ia       315                           -0.00166676         2
     832        0.00083319      a_ia       832                            0.00166639         2
     516        0.00082792      a_ia       516                            0.00165584         2
      69        0.00082048      a_ia        69                            0.00492289         6
     544       -0.00075816      a_ia       544                           -0.00151632         2
     944       -0.00062387      a_ia       944                           -0.00124774         2
   50964        0.00059825        op      5699      5700                  0.04367232        73
   60468        0.00059757        op     13358     13359                  0.07828218       131
   13358        0.00059310    a_iajb     13358                            0.07769560       131
   60469        0.00058862        om     13358     13359                  0.07710901       131

  ==> Add operator: mvp2 -1: 5699 5700
  ==> Current qubit order: 2  3  6  7  12  13  10  14  21  15  18  19  20  32  33  34  44  16  42  17  45  8  40  41  11  31  25  53  35  56  24  28  38  48  26  30  52  5  4  23  37  69  36  58  22  54  71  1  70  0  43  9  63  68  57  29  55  59  51  47  62  46  27  49  66  60  61  67  39  50  64  65  


  ==> Energy                -172.566149426
  ==> dE                       -3.50e-04
  ==> Gradient Norm             2.27e+00
  ==> Abs. Max. Deriv.          7.83e-02
  ==> Time-Grad. (s)             133.993
  ==> Time-Energy (s)             47.389
  ==> Time-Iter. (s)             181.382

--------------------------------------------------------------------------------
CEO-ADAPT-VQE iteration: 295
--------------------------------------------------------------------------------
    gate        derivative      name       op1       op2       op3        g_unscaled   penalty
      69        0.00218835      a_ia        69                            0.00437669         2
     325       -0.00084572      a_ia       325                           -0.00169145         2
     516        0.00083976      a_ia       516                            0.00167953         2
     315       -0.00083936      a_ia       315                           -0.00167873         2
     832        0.00083583      a_ia       832                            0.00167167         2
    1073       -0.00077780      a_ia      1073                           -0.00311122         4
     544       -0.00077183      a_ia       544                           -0.00154366         2
   46304        0.00066104        op      1891      1892                  0.02710280        41
    1891        0.00065826    a_iajb      1891                            0.02698876        41
   46305        0.00065548        om      1891      1892                  0.02687473        41

  ==> Add operator: a_ia 1073
  ==> Current qubit order: 2  3  6  7  12  13  10  14  21  15  18  19  20  32  33  34  44  16  42  17  45  8  40  41  11  31  25  53  35  56  24  28  38  48  26  30  52  5  4  23  37  69  36  58  22  54  71  1  70  0  9  43  63  68  57  29  55  59  51  47  62  46  27  49  66  60  61  67  39  50  64  65  


  ==> Energy                -172.566441904
  ==> dE                       -2.92e-04
  ==> Gradient Norm             2.27e+00
  ==> Abs. Max. Deriv.          7.83e-02
  ==> Time-Grad. (s)             133.253
  ==> Time-Energy (s)             23.762
  ==> Time-Iter. (s)             157.015

--------------------------------------------------------------------------------
CEO-ADAPT-VQE iteration: 296
--------------------------------------------------------------------------------
    gate        derivative      name       op1       op2       op3        g_unscaled   penalty
      69        0.00220998      a_ia        69                            0.00441995         2
   46304        0.00094174        op      1891      1892                  0.03861150        41
    1891        0.00094088    a_iajb      1891                            0.03857615        41
   46305        0.00094002        om      1891      1892                  0.03854081        41
     832        0.00088620      a_ia       832                            0.00177239         2
     516        0.00086926      a_ia       516                            0.00173851         2
     544       -0.00079783      a_ia       544                           -0.00159566         2
    1213       -0.00064961      a_ia      1213                           -0.00259845         4
     944       -0.00063522      a_ia       944                           -0.00127044         2
   60468        0.00059867        op     13358     13359                  0.07842539       131

  ==> Add operator: a_ia 1213
  ==> Current qubit order: 2  3  6  7  12  13  10  14  21  15  18  19  20  32  33  34  44  16  42  17  45  8  40  41  11  31  25  53  35  56  24  28  38  48  26  30  52  5  4  23  37  69  36  58  22  54  71  1  70  0  9  43  68  63  57  29  55  59  51  47  62  46  27  49  66  60  61  67  39  50  64  65  


  ==> Energy                -172.566627965
  ==> dE                       -1.86e-04
  ==> Gradient Norm             2.27e+00
  ==> Abs. Max. Deriv.          7.84e-02
  ==> Time-Grad. (s)             134.283
  ==> Time-Energy (s)             24.942
  ==> Time-Iter. (s)             159.225

--------------------------------------------------------------------------------
CEO-ADAPT-VQE iteration: 297
--------------------------------------------------------------------------------
    gate        derivative      name       op1       op2       op3        g_unscaled   penalty
      69        0.00220765      a_ia        69                            0.00441531         2
     835        0.00116228      a_ia       835                            0.00464912         4
   46304        0.00094251        op      1891      1892                  0.03864304        41
    1891        0.00094167    a_iajb      1891                            0.03860837        41
   46305        0.00094082        om      1891      1892                  0.03857369        41
     516        0.00087925      a_ia       516                            0.00175851         2
     544       -0.00079673      a_ia       544                           -0.00159346         2
     944       -0.00063417      a_ia       944                           -0.00126834         2
   60468        0.00057235        op     13358     13359                  0.07841248       137
   13358        0.00056495    a_iajb     13358                            0.07739806       137

  ==> Add operator: a_ia 835
  ==> Current qubit order: 2  3  6  7  12  13  10  14  21  15  18  19  20  32  33  34  44  16  42  17  45  8  40  41  11  31  25  53  35  56  24  28  38  48  26  30  52  5  4  23  37  69  36  58  22  54  71  1  70  0  9  43  68  57  63  29  55  59  51  47  62  46  27  49  66  60  61  67  39  50  64  65  


  ==> Energy                -172.566630880
  ==> dE                       -2.92e-06
  ==> Gradient Norm             2.27e+00
  ==> Abs. Max. Deriv.          7.84e-02
  ==> Time-Grad. (s)             134.601
  ==> Time-Energy (s)             26.326
  ==> Time-Iter. (s)             160.926

--------------------------------------------------------------------------------
CEO-ADAPT-VQE iteration: 298
--------------------------------------------------------------------------------
    gate        derivative      name       op1       op2       op3        g_unscaled   penalty
      69        0.00221065      a_ia        69                            0.00442131         2
   46304        0.00094252        op      1891      1892                  0.03864328        41
    1891        0.00094167    a_iajb      1891                            0.03860864        41
   46305        0.00094083        om      1891      1892                  0.03857400        41
     516        0.00088215      a_ia       516                            0.00176429         2
     544       -0.00079935      a_ia       544                           -0.00159870         2
     944       -0.00063805      a_ia       944                           -0.00127611         2
   60468        0.00056420        op     13358     13359                  0.07842360       139
   13358        0.00055690    a_iajb     13358                            0.07740913       139
   52900        0.00055374        op      7320      7321                  0.02491840        45

  ==> Add operator: op -1: 1891 1892
  ==> Current qubit order: 2  3  6  7  12  13  10  14  21  15  18  19  20  32  33  34  44  16  42  17  45  8  40  41  11  31  25  53  35  56  24  28  38  48  26  30  52  5  4  23  37  69  36  58  22  54  71  1  70  0  9  43  68  57  63  29  55  59  51  47  62  46  27  49  66  60  61  67  39  50  64  65  


  ==> Energy                -172.566721428
  ==> dE                       -9.05e-05
  ==> Gradient Norm             2.27e+00
  ==> Abs. Max. Deriv.          7.84e-02
  ==> Time-Grad. (s)             134.689
  ==> Time-Energy (s)             27.582
  ==> Time-Iter. (s)             162.272

--------------------------------------------------------------------------------
CEO-ADAPT-VQE iteration: 299
--------------------------------------------------------------------------------
    gate        derivative      name       op1       op2       op3        g_unscaled   penalty
      69        0.00221017      a_ia        69                            0.00442034         2
     516        0.00088238      a_ia       516                            0.00176475         2
     544       -0.00079826      a_ia       544                           -0.00159652         2
     944       -0.00063798      a_ia       944                           -0.00127597         2
   60468        0.00056418        op     13358     13359                  0.07842083       139
   13358        0.00055689    a_iajb     13358                            0.07740806       139
   52900        0.00055375        op      7320      7321                  0.02491866        45
    7320        0.00055109    a_iajb      7320                            0.02479920        45
   60469        0.00054961        om     13358     13359                  0.07639529       139
   52901        0.00054844        om      7320      7321                  0.02467975        45

  ==> Add operator: mvp2 -1: 13358 13359
  ==> Current qubit order: 2  3  6  7  12  13  10  14  21  15  18  19  20  32  33  34  44  16  42  17  45  40  41  11  31  25  53  35  56  24  28  38  48  26  30  52  5  4  23  37  69  36  58  22  8  9  63  62  54  71  1  70  0  43  68  57  29  55  59  51  47  46  27  49  66  60  61  67  39  50  64  65  


  ==> Energy                -172.567523603
  ==> dE                       -8.02e-04
  ==> Gradient Norm             2.27e+00
  ==> Abs. Max. Deriv.          7.84e-02
  ==> Time-Grad. (s)             134.491
  ==> Time-Energy (s)             50.409
  ==> Time-Iter. (s)             184.900

--------------------------------------------------------------------------------
CEO-ADAPT-VQE iteration: 300
--------------------------------------------------------------------------------
    gate        derivative      name       op1       op2       op3        g_unscaled   penalty
      69        0.00211489      a_ia        69                            0.00422978         2
     274       -0.00191593      a_ia       274                           -0.00383186         2
     292       -0.00106457      a_ia       292                           -0.00425828         4
     516        0.00088075      a_ia       516                            0.00176150         2
   60270        0.00084321        op     13160     13161                  0.04637670        55
   60436        0.00082362        op     13326     13327                  0.05353530        65
   13326        0.00082144    a_iajb     13326                            0.05339361        65
   60437        0.00081926        om     13326     13327                  0.05325192        65
   13160        0.00081481    a_iajb     13160                            0.04481462        55
   60271        0.00078641        om     13160     13161                  0.04325253        55

  ==> Add operator: a_ia 274
  ==> Current qubit order: 2  3  6  7  12  13  10  14  21  15  18  19  20  32  33  34  44  16  42  17  45  40  41  11  31  25  53  35  56  24  28  38  48  26  30  52  5  4  23  37  69  36  58  22  8  9  63  62  54  71  1  70  0  43  68  57  29  55  59  51  47  46  27  49  66  60  61  67  39  50  64  65  


  ==> Energy                -172.567785757
  ==> dE                       -2.62e-04
  ==> Gradient Norm             2.26e+00
  ==> Abs. Max. Deriv.          5.83e-02
  ==> Time-Grad. (s)             134.061
  ==> Time-Energy (s)             27.193
  ==> Time-Iter. (s)             161.254

CEO-ADAPT-VQE failed to converge.

===> Summary:
    E(SCF): -172.4621156140
    iter            energy                dE     gradient norm
       0   -172.4621156140
       1   -172.4649272277         -2.81e-03          2.81e+00
       2   -172.4728140711         -7.89e-03          2.80e+00
       3   -172.4729792946         -1.65e-04          2.77e+00
       4   -172.4730540620         -7.48e-05          2.77e+00
       5   -172.4773610277         -4.31e-03          2.77e+00
       6   -172.4774179827         -5.70e-05          2.75e+00
       7   -172.4840297634         -6.61e-03          2.75e+00
       8   -172.4872243255         -3.19e-03          2.73e+00
       9   -172.4872804278         -5.61e-05          2.71e+00
      10   -172.4875047171         -2.24e-04          2.71e+00
      11   -172.4898500758         -2.35e-03          2.71e+00
      12   -172.4910056730         -1.16e-03          2.70e+00
      13   -172.4916421184         -6.36e-04          2.70e+00
      14   -172.4954936866         -3.85e-03          2.70e+00
      15   -172.4959278330         -4.34e-04          2.68e+00
      16   -172.4966706861         -7.43e-04          2.68e+00
      17   -172.4971919862         -5.21e-04          2.68e+00
      18   -172.4999835923         -2.79e-03          2.68e+00
      19   -172.5000865754         -1.03e-04          2.67e+00
      20   -172.5001612543         -7.47e-05          2.67e+00
      21   -172.5011523854         -9.91e-04          2.67e+00
      22   -172.5012701387         -1.18e-04          2.66e+00
      23   -172.5013639641         -9.38e-05          2.66e+00
      24   -172.5013995904         -3.56e-05          2.66e+00
      25   -172.5014123378         -1.27e-05          2.66e+00
      26   -172.5019247173         -5.12e-04          2.66e+00
      27   -172.5035303684         -1.61e-03          2.66e+00
      28   -172.5038872978         -3.57e-04          2.65e+00
      29   -172.5039273142         -4.00e-05          2.65e+00
      30   -172.5048061478         -8.79e-04          2.65e+00
      31   -172.5048876978         -8.15e-05          2.65e+00
      32   -172.5049988528         -1.11e-04          2.65e+00
      33   -172.5054580096         -4.59e-04          2.65e+00
      34   -172.5054811085         -2.31e-05          2.65e+00
      35   -172.5059294761         -4.48e-04          2.65e+00
      36   -172.5059388395         -9.36e-06          2.65e+00
      37   -172.5072769810         -1.34e-03          2.65e+00
      38   -172.5078809532         -6.04e-04          2.64e+00
      39   -172.5083131397         -4.32e-04          2.64e+00
      40   -172.5083287558         -1.56e-05          2.64e+00
      41   -172.5083628518         -3.41e-05          2.64e+00
      42   -172.5083682933         -5.44e-06          2.64e+00
      43   -172.5083738470         -5.55e-06          2.64e+00
      44   -172.5090476918         -6.74e-04          2.64e+00
      45   -172.5090863041         -3.86e-05          2.63e+00
      46   -172.5091229879         -3.67e-05          2.63e+00
      47   -172.5100145753         -8.92e-04          2.63e+00
      48   -172.5102440967         -2.30e-04          2.63e+00
      49   -172.5118928865         -1.65e-03          2.63e+00
      50   -172.5126099882         -7.17e-04          2.62e+00
      51   -172.5128090517         -1.99e-04          2.62e+00
      52   -172.5135501219         -7.41e-04          2.62e+00
      53   -172.5135553599         -5.24e-06          2.61e+00
      54   -172.5143836933         -8.28e-04          2.61e+00
      55   -172.5143935797         -9.89e-06          2.61e+00
      56   -172.5147900270         -3.96e-04          2.61e+00
      57   -172.5153286105         -5.39e-04          2.61e+00
      58   -172.5157107785         -3.82e-04          2.60e+00
      59   -172.5157172076         -6.43e-06          2.60e+00
      60   -172.5159823858         -2.65e-04          2.60e+00
      61   -172.5169547405         -9.72e-04          2.60e+00
      62   -172.5173750862         -4.20e-04          2.59e+00
      63   -172.5176739770         -2.99e-04          2.59e+00
      64   -172.5177437218         -6.97e-05          2.59e+00
      65   -172.5181392925         -3.96e-04          2.59e+00
      66   -172.5183837513         -2.44e-04          2.59e+00
      67   -172.5185166633         -1.33e-04          2.59e+00
      68   -172.5186090361         -9.24e-05          2.59e+00
      69   -172.5194411335         -8.32e-04          2.59e+00
      70   -172.5202674183         -8.26e-04          2.58e+00
      71   -172.5203183137         -5.09e-05          2.58e+00
      72   -172.5206046161         -2.86e-04          2.58e+00
      73   -172.5206448633         -4.02e-05          2.58e+00
      74   -172.5206813742         -3.65e-05          2.58e+00
      75   -172.5206843105         -2.94e-06          2.58e+00
      76   -172.5209401912         -2.56e-04          2.58e+00
      77   -172.5210908154         -1.51e-04          2.58e+00
      78   -172.5213395433         -2.49e-04          2.58e+00
      79   -172.5214990856         -1.60e-04          2.58e+00
      80   -172.5216687911         -1.70e-04          2.57e+00
      81   -172.5216743072         -5.52e-06          2.57e+00
      82   -172.5219113099         -2.37e-04          2.57e+00
      83   -172.5219174504         -6.14e-06          2.57e+00
      84   -172.5220642446         -1.47e-04          2.57e+00
      85   -172.5225164283         -4.52e-04          2.57e+00
      86   -172.5225196530         -3.22e-06          2.57e+00
      87   -172.5238950647         -1.38e-03          2.57e+00
      88   -172.5238975376         -2.47e-06          2.56e+00
      89   -172.5239082766         -1.07e-05          2.56e+00
      90   -172.5241452068         -2.37e-04          2.56e+00
      91   -172.5261929461         -2.05e-03          2.56e+00
      92   -172.5264043615         -2.11e-04          2.55e+00
      93   -172.5267102744         -3.06e-04          2.55e+00
      94   -172.5269745340         -2.64e-04          2.54e+00
      95   -172.5275173124         -5.43e-04          2.54e+00
      96   -172.5276330693         -1.16e-04          2.54e+00
      97   -172.5278841039         -2.51e-04          2.54e+00
      98   -172.5283021442         -4.18e-04          2.54e+00
      99   -172.5283192899         -1.71e-05          2.53e+00
     100   -172.5285659039         -2.47e-04          2.53e+00
     101   -172.5286589806         -9.31e-05          2.53e+00
     102   -172.5287703698         -1.11e-04          2.53e+00
     103   -172.5289489380         -1.79e-04          2.53e+00
     104   -172.5291363044         -1.87e-04          2.53e+00
     105   -172.5292887610         -1.52e-04          2.53e+00
     106   -172.5294065395         -1.18e-04          2.53e+00
     107   -172.5300092266         -6.03e-04          2.53e+00
     108   -172.5300717164         -6.25e-05          2.53e+00
     109   -172.5301337185         -6.20e-05          2.52e+00
     110   -172.5303797464         -2.46e-04          2.52e+00
     111   -172.5304267077         -4.70e-05          2.52e+00
     112   -172.5304306246         -3.92e-06          2.52e+00
     113   -172.5304477038         -1.71e-05          2.52e+00
     114   -172.5307807837         -3.33e-04          2.52e+00
     115   -172.5308633950         -8.26e-05          2.52e+00
     116   -172.5316002538         -7.37e-04          2.52e+00
     117   -172.5316068271         -6.57e-06          2.52e+00
     118   -172.5317593198         -1.52e-04          2.52e+00
     119   -172.5318634677         -1.04e-04          2.51e+00
     120   -172.5328902389         -1.03e-03          2.51e+00
     121   -172.5328949769         -4.74e-06          2.51e+00
     122   -172.5342687873         -1.37e-03          2.51e+00
     123   -172.5344747018         -2.06e-04          2.50e+00
     124   -172.5345506676         -7.60e-05          2.50e+00
     125   -172.5345520190         -1.35e-06          2.50e+00
     126   -172.5347169354         -1.65e-04          2.50e+00
     127   -172.5370438066         -2.33e-03          2.49e+00
     128   -172.5372951934         -2.51e-04          2.48e+00
     129   -172.5374269547         -1.32e-04          2.48e+00
     130   -172.5376049112         -1.78e-04          2.48e+00
     131   -172.5377544914         -1.50e-04          2.48e+00
     132   -172.5380088017         -2.54e-04          2.48e+00
     133   -172.5380543667         -4.56e-05          2.47e+00
     134   -172.5382435159         -1.89e-04          2.47e+00
     135   -172.5383196556         -7.61e-05          2.47e+00
     136   -172.5383558892         -3.62e-05          2.47e+00
     137   -172.5383590817         -3.19e-06          2.47e+00
     138   -172.5390910759         -7.32e-04          2.47e+00
     139   -172.5399815352         -8.90e-04          2.47e+00
     140   -172.5404044349         -4.23e-04          2.46e+00
     141   -172.5405665393         -1.62e-04          2.46e+00
     142   -172.5407496793         -1.83e-04          2.46e+00
     143   -172.5409645002         -2.15e-04          2.46e+00
     144   -172.5409812887         -1.68e-05          2.46e+00
     145   -172.5412236877         -2.42e-04          2.46e+00
     146   -172.5412328814         -9.19e-06          2.46e+00
     147   -172.5412412687         -8.39e-06          2.46e+00
     148   -172.5414888613         -2.48e-04          2.46e+00
     149   -172.5414923093         -3.45e-06          2.45e+00
     150   -172.5423455888         -8.53e-04          2.45e+00
     151   -172.5423753199         -2.97e-05          2.45e+00
     152   -172.5425524591         -1.77e-04          2.45e+00
     153   -172.5427507263         -1.98e-04          2.45e+00
     154   -172.5435918834         -8.41e-04          2.45e+00
     155   -172.5437372286         -1.45e-04          2.44e+00
     156   -172.5439679078         -2.31e-04          2.44e+00
     157   -172.5439711215         -3.21e-06          2.44e+00
     158   -172.5441899828         -2.19e-04          2.44e+00
     159   -172.5446460141         -4.56e-04          2.43e+00
     160   -172.5446570256         -1.10e-05          2.43e+00
     161   -172.5453115720         -6.55e-04          2.43e+00
     162   -172.5453386970         -2.71e-05          2.42e+00
     163   -172.5456433211         -3.05e-04          2.42e+00
     164   -172.5456812211         -3.79e-05          2.42e+00
     165   -172.5456846652         -3.44e-06          2.42e+00
     166   -172.5458517104         -1.67e-04          2.42e+00
     167   -172.5459336864         -8.20e-05          2.42e+00
     168   -172.5464073786         -4.74e-04          2.42e+00
     169   -172.5464145128         -7.13e-06          2.42e+00
     170   -172.5469752718         -5.61e-04          2.42e+00
     171   -172.5471146930         -1.39e-04          2.41e+00
     172   -172.5472713845         -1.57e-04          2.41e+00
     173   -172.5472748339         -3.45e-06          2.41e+00
     174   -172.5474098903         -1.35e-04          2.41e+00
     175   -172.5477226643         -3.13e-04          2.41e+00
     176   -172.5477278526         -5.19e-06          2.41e+00
     177   -172.5477357460         -7.89e-06          2.41e+00
     178   -172.5479610507         -2.25e-04          2.41e+00
     179   -172.5479624351         -1.38e-06          2.40e+00
     180   -172.5481091561         -1.47e-04          2.40e+00
     181   -172.5484422382         -3.33e-04          2.40e+00
     182   -172.5484516781         -9.44e-06          2.40e+00
     183   -172.5486353545         -1.84e-04          2.40e+00
     184   -172.5492743736         -6.39e-04          2.40e+00
     185   -172.5492842776         -9.90e-06          2.39e+00
     186   -172.5494068381         -1.23e-04          2.39e+00
     187   -172.5515564712         -2.15e-03          2.39e+00
     188   -172.5515597060         -3.23e-06          2.38e+00
     189   -172.5516945463         -1.35e-04          2.38e+00
     190   -172.5520212756         -3.27e-04          2.37e+00
     191   -172.5520251629         -3.89e-06          2.37e+00
     192   -172.5521271879         -1.02e-04          2.37e+00
     193   -172.5521285111         -1.32e-06          2.37e+00
     194   -172.5521410182         -1.25e-05          2.37e+00
     195   -172.5521625069         -2.15e-05          2.37e+00
     196   -172.5523916756         -2.29e-04          2.37e+00
     197   -172.5524423420         -5.07e-05          2.37e+00
     198   -172.5527256227         -2.83e-04          2.37e+00
     199   -172.5528529438         -1.27e-04          2.37e+00
     200   -172.5532524492         -4.00e-04          2.37e+00
     201   -172.5532682589         -1.58e-05          2.37e+00
     202   -172.5532703197         -2.06e-06          2.37e+00
     203   -172.5533995826         -1.29e-04          2.37e+00
     204   -172.5534058009         -6.22e-06          2.37e+00
     205   -172.5538270153         -1.87e-06          2.36e+00
     206   -172.5538278976         -8.82e-07          2.36e+00
     207   -172.5538298888         -1.99e-06          2.36e+00
     208   -172.5540000967         -1.70e-04          2.36e+00
     209   -172.5540103696         -1.03e-05          2.36e+00
     210   -172.5540144889         -4.12e-06          2.36e+00
     211   -172.5540232546         -8.77e-06          2.36e+00
     212   -172.5540804501         -5.72e-05          2.36e+00
     213   -172.5541372204         -5.68e-05          2.36e+00
     214   -172.5541388010         -1.58e-06          2.36e+00
     215   -172.5542228433         -8.40e-05          2.36e+00
     216   -172.5546440436         -4.21e-04          2.36e+00
     217   -172.5546530119         -8.97e-06          2.36e+00
     218   -172.5547466107         -9.36e-05          2.36e+00
     219   -172.5547486377         -2.03e-06          2.36e+00
     220   -172.5548366164         -8.80e-05          2.36e+00
     221   -172.5550008164         -1.64e-04          2.36e+00
     222   -172.5552431372         -2.42e-04          2.36e+00
     223   -172.5552439295         -7.92e-07          2.36e+00
     224   -172.5552484845         -4.56e-06          2.36e+00
     225   -172.5558826492         -6.34e-04          2.36e+00
     226   -172.5558830378         -3.89e-07          2.35e+00
     227   -172.5558878168         -4.78e-06          2.35e+00
     228   -172.5562059993         -3.18e-04          2.35e+00
     229   -172.5562063630         -3.64e-07          2.35e+00
     230   -172.5562072504         -8.87e-07          2.35e+00
     231   -172.5562109015         -3.65e-06          2.35e+00
     232   -172.5562274993         -1.66e-05          2.35e+00
     233   -172.5563163557         -8.89e-05          2.35e+00
     234   -172.5563302781         -1.39e-05          2.35e+00
     235   -172.5563416319         -1.14e-05          2.35e+00
     236   -172.5564471586         -1.06e-04          2.35e+00
     237   -172.5564481541         -9.95e-07          2.35e+00
     238   -172.5566294525         -1.81e-04          2.35e+00
     239   -172.5571904284         -5.61e-04          2.35e+00
     240   -172.5573154748         -1.25e-04          2.34e+00
     241   -172.5578706447         -5.55e-04          2.34e+00
     242   -172.5579859438         -1.15e-04          2.34e+00
     243   -172.5579862641         -3.20e-07          2.34e+00
     244   -172.5581043423         -1.18e-04          2.34e+00
     245   -172.5581758323         -7.15e-05          2.34e+00
     246   -172.5583170616         -1.41e-04          2.34e+00
     247   -172.5583683166         -5.13e-05          2.34e+00
     248   -172.5593260856         -9.58e-04          2.34e+00
     249   -172.5593745974         -4.85e-05          2.33e+00
     250   -172.5593769961         -2.40e-06          2.33e+00
     251   -172.5594922162         -1.15e-04          2.33e+00
     252   -172.5594934187         -1.20e-06          2.33e+00
     253   -172.5596384979         -1.45e-04          2.33e+00
     254   -172.5596396487         -1.15e-06          2.33e+00
     255   -172.5596936067         -5.40e-05          2.33e+00
     256   -172.5597908859         -9.73e-05          2.33e+00
     257   -172.5598578834         -6.70e-05          2.33e+00
     258   -172.5598705551         -1.27e-05          2.33e+00
     259   -172.5602799091         -4.09e-04          2.33e+00
     260   -172.5602807980         -8.89e-07          2.32e+00
     261   -172.5605418607         -2.61e-04          2.32e+00
     262   -172.5606138778         -7.20e-05          2.32e+00
     263   -172.5607819142         -1.68e-04          2.32e+00
     264   -172.5607832873         -1.37e-06          2.32e+00
     265   -172.5608735856         -9.03e-05          2.32e+00
     266   -172.5608746216         -1.04e-06          2.32e+00
     267   -172.5609306436         -5.60e-05          2.32e+00
     268   -172.5609313710         -7.27e-07          2.32e+00
     269   -172.5618500706         -9.19e-04          2.32e+00
     270   -172.5619916297         -1.42e-04          2.31e+00
     271   -172.5619934772         -1.85e-06          2.31e+00
     272   -172.5620202567         -2.68e-05          2.31e+00
     273   -172.5624978020         -4.78e-04          2.31e+00
     274   -172.5625851841         -8.74e-05          2.31e+00
     275   -172.5626528139         -6.76e-05          2.31e+00
     276   -172.5627389088         -8.61e-05          2.31e+00
     277   -172.5632536415         -5.15e-04          2.31e+00
     278   -172.5633959597         -1.42e-04          2.30e+00
     279   -172.5633979953         -2.04e-06          2.30e+00
     280   -172.5635502472         -1.52e-04          2.30e+00
     281   -172.5636217425         -7.15e-05          2.30e+00
     282   -172.5636686022         -4.69e-05          2.30e+00
     283   -172.5636912055         -2.26e-05          2.30e+00
     284   -172.5640357092         -3.45e-04          2.30e+00
     285   -172.5640387397         -3.03e-06          2.29e+00
     286   -172.5646012662         -5.63e-04          2.29e+00
     287   -172.5646026871         -1.42e-06          2.29e+00
     288   -172.5648775194         -2.75e-04          2.29e+00
     289   -172.5648799434         -2.42e-06          2.29e+00
     290   -172.5648809426         -9.99e-07          2.29e+00
     291   -172.5657544495         -8.74e-04          2.29e+00
     292   -172.5657553361         -8.87e-07          2.27e+00
     293   -172.5657997586         -4.44e-05          2.27e+00
     294   -172.5661494263         -3.50e-04          2.27e+00
     295   -172.5664419044         -2.92e-04          2.27e+00
     296   -172.5666279645         -1.86e-04          2.27e+00
     297   -172.5666308795         -2.92e-06          2.27e+00
     298   -172.5667214277         -9.05e-05          2.27e+00
     299   -172.5675236028         -8.02e-04          2.27e+00
     300   -172.5677857567         -2.62e-04          2.26e+00

===> ADAPT did not converge after 300 steps.
===> Gradient Norm:                 2.26e+00
===> Abs. Max. Deriv:               5.83e-02
===> Energy:                 -172.5677857567

