Energy (SCF): -422.607871947

--------------------------------------------------------------------------------
CEO-ADAPT-VQE iteration: 1
--------------------------------------------------------------------------------
    gate        derivative      name       op1       op2       op3        g_unscaled   penalty
   47240        0.00334792        op      2976      2977                  0.08369805        25
   47241        0.00334792        om      2976      2977                  0.08369805        25
   47242        0.00213500        op      2978      2979                  0.07045486        33
   47243        0.00213500        om      2978      2979                  0.07045486        33
    2976        0.00204142    a_iajb      2976                            0.08369805        41
   47244        0.00190019        op      2980      2981                  0.07790770        41
   47245        0.00190019        om      2980      2981                  0.07790770        41
   47112        0.00173055        op      2848      2849                  0.08479679        49
   47113        0.00173055        om      2848      2849                  0.08479679        49
   46972        0.00163856        op      2708      2709                  0.09339792        57

  ==> Add operator: op -1: 2976 2977
  ==> Current qubit order: 0  1  2  3  4  5  6  7  8  9  10  11  12  13  14  15  16  17  18  19  20  21  22  23  24  25  26  27  28  29  30  31  32  33  34  35  36  37  38  39  40  41  42  43  44  45  46  47  48  49  50  51  52  53  54  55  56  57  58  59  60  61  62  63  64  65  66  67  68  69  70  71  72  73  74  75  76  77  78  79  80  81  82  83  84  85  86  87  88  89  90  91  92  93  94  95  96  97  98  99  100  101  102  103  104  105  106  107  108  109  110  111  112  113  114  115  116  117  118  119  120  121  122  123  124  125  126  127  


  ==> Energy                -422.612334023
  ==> dE                       -4.46e-03
  ==> Gradient Norm             7.41e-01
  ==> Abs. Max. Deriv.          1.08e-01
  ==> Time-Grad. (s)             381.717
  ==> Time-Energy (s)             29.003
  ==> Time-Iter. (s)             410.996

--------------------------------------------------------------------------------
CEO-ADAPT-VQE iteration: 2
--------------------------------------------------------------------------------
    gate        derivative      name       op1       op2       op3        g_unscaled   penalty
   96641        0.00180619        op     40422     40423                  0.05960413        33
   96642        0.00180619        om     40422     40423                  0.05960413        33
   95611        0.00173055        op     39578     39579                  0.08479679        49
   95612        0.00173055        om     39578     39579                  0.08479679        49
   96643        0.00158936        op     40424     40425                  0.06516387        41
   96644        0.00158936        om     40424     40425                  0.06516387        41
   94275        0.00146254        op     38509     38510                  0.08336502        57
   94276        0.00146254        om     38509     38510                  0.08336502        57
   39578        0.00130457    a_iajb     39578                            0.08479679        65
   40422        0.00121641    a_iajb     40422                            0.05960413        49

  ==> Add operator: op -1: 40422 40423
  ==> Current qubit order: 0  1  2  3  4  5  6  7  8  9  10  11  12  13  14  15  16  17  18  19  20  21  22  23  24  25  26  27  28  29  30  31  32  33  34  35  36  37  38  39  40  41  42  43  44  45  46  47  48  49  50  51  52  53  54  55  56  57  58  59  60  61  62  63  66  67  64  65  68  69  70  71  72  73  74  75  76  77  78  79  80  81  82  83  84  85  86  87  88  89  90  91  92  93  94  95  96  97  98  99  100  101  102  103  104  105  106  107  108  109  110  111  112  113  114  115  116  117  118  119  120  121  122  123  124  125  126  127  


  ==> Energy                -422.613601900
  ==> dE                       -1.27e-03
  ==> Gradient Norm             7.17e-01
  ==> Abs. Max. Deriv.          1.08e-01
  ==> Time-Grad. (s)             387.709
  ==> Time-Energy (s)             28.715
  ==> Time-Iter. (s)             420.152

--------------------------------------------------------------------------------
CEO-ADAPT-VQE iteration: 3
--------------------------------------------------------------------------------
    gate        derivative      name       op1       op2       op3        g_unscaled   penalty
   44812        0.00029937        op       109       110                  0.08891224       297
   44813        0.00029937        om       109       110                  0.08891224       297
     109        0.00028406    a_iajb       109                            0.08891224       313
   80318        0.00023325        op     27008     27009                  0.05621246       241
   80319        0.00023325        om     27008     27009                  0.05621246       241
   27008        0.00021873    a_iajb     27008                            0.05621246       257
   44874        0.00020774        op       171       172                  0.10823493       521
   44875        0.00020774        om       171       172                  0.10823493       521
     171        0.00020155    a_iajb       171                            0.10823493       537
   80320        0.00015753        op     27010     27011                  0.03922443       249

  ==> Add operator: op -1: 109 110
  ==> Current qubit order: 2  3  4  5  6  7  8  9  10  11  12  13  14  15  16  17  18  19  20  21  22  23  24  25  26  27  28  29  30  31  32  33  34  35  36  0  1  70  71  37  38  39  40  41  42  43  44  45  46  47  48  49  50  51  52  53  54  55  56  57  58  59  60  61  62  63  66  67  64  65  68  69  72  73  74  75  76  77  78  79  80  81  82  83  84  85  86  87  88  89  90  91  92  93  94  95  96  97  98  99  100  101  102  103  104  105  106  107  108  109  110  111  112  113  114  115  116  117  118  119  120  121  122  123  124  125  126  127  


  ==> Energy                -422.614222892
  ==> dE                       -6.21e-04
  ==> Gradient Norm             4.80e-01
  ==> Abs. Max. Deriv.          1.08e-01
  ==> Time-Grad. (s)             387.501
  ==> Time-Energy (s)             28.556
  ==> Time-Iter. (s)             420.060

--------------------------------------------------------------------------------
CEO-ADAPT-VQE iteration: 4
--------------------------------------------------------------------------------
    gate        derivative      name       op1       op2       op3        g_unscaled   penalty
   44930        0.00028174        op       192       193                  0.10734192       381
   44931        0.00028174        om       192       193                  0.10734192       381
     192        0.00027038    a_iajb       192                            0.10734192       397
   44868        0.00021392        op       130       131                  0.03529757       165
   44869        0.00021392        om       130       131                  0.03529757       165
     130        0.00019501    a_iajb       130                            0.03529757       181
   77312        0.00017966        op     24630     24631                  0.02389454       133
   77313        0.00017966        om     24630     24631                  0.02389454       133
   24630        0.00016037    a_iajb     24630                            0.02389454       149
   44916        0.00015726        op       178       179                  0.05110941       325

  ==> Add operator: op -1: 192 193
  ==> Current qubit order: 2  3  4  5  6  7  8  9  10  11  12  13  14  15  16  17  18  19  20  21  22  23  24  25  26  27  28  29  30  31  32  33  34  35  36  70  71  37  38  39  40  41  42  43  44  45  46  47  48  49  50  51  52  53  54  55  56  57  58  59  60  61  62  63  66  67  64  65  68  69  72  73  74  75  76  77  78  79  80  0  1  126  127  81  82  83  84  85  86  87  88  89  90  91  92  93  94  95  96  97  98  99  100  101  102  103  104  105  106  107  108  109  110  111  112  113  114  115  116  117  118  119  120  121  122  123  124  125  


  ==> Energy                -422.614664009
  ==> dE                       -4.41e-04
  ==> Gradient Norm             3.97e-01
  ==> Abs. Max. Deriv.          1.07e-01
  ==> Time-Grad. (s)             391.511
  ==> Time-Energy (s)             32.690
  ==> Time-Iter. (s)             428.393

--------------------------------------------------------------------------------
CEO-ADAPT-VQE iteration: 5
--------------------------------------------------------------------------------
    gate        derivative      name       op1       op2       op3        g_unscaled   penalty
   44891        0.00066229        op       142       143                  0.03510112        53
   44892        0.00066229        om       142       143                  0.03510112        53
   44907        0.00052714        op       158       159                  0.02372144        45
   44908        0.00052714        om       158       159                  0.02372144        45
     142        0.00050871    a_iajb       142                            0.03510112        69
   44905        0.00047073        op       156       157                  0.01741698        37
   44906        0.00047073        om       156       157                  0.01741698        37
   44915        0.00043796        op       166       167                  0.03372318        77
   44916        0.00043796        om       166       167                  0.03372318        77
   44911        0.00043091        op       162       163                  0.02628536        61

  ==> Add operator: op -1: 142 143
  ==> Current qubit order: 2  3  4  5  6  7  8  9  10  11  12  13  14  15  16  17  18  19  20  21  22  23  24  25  26  27  28  29  30  31  32  33  34  35  36  70  71  37  38  39  40  41  42  43  44  45  46  47  48  49  50  51  52  53  54  55  56  57  58  59  60  61  62  63  66  67  64  65  68  69  74  75  76  72  73  0  1  77  78  79  80  126  127  81  82  83  84  85  86  87  88  89  90  91  92  93  94  95  96  97  98  99  100  101  102  103  104  105  106  107  108  109  110  111  112  113  114  115  116  117  118  119  120  121  122  123  124  125  


  ==> Energy                -422.614754413
  ==> dE                       -9.04e-05
  ==> Gradient Norm             3.08e-01
  ==> Abs. Max. Deriv.          5.02e-02
  ==> Time-Grad. (s)             396.743
  ==> Time-Energy (s)             33.377
  ==> Time-Iter. (s)             433.808

--------------------------------------------------------------------------------
CEO-ADAPT-VQE iteration: 6
--------------------------------------------------------------------------------
    gate        derivative      name       op1       op2       op3        g_unscaled   penalty
   44813        0.00038987        op       169       170                  0.01442537        37
   44814        0.00038987        om       169       170                  0.01442537        37
   44827        0.00038384        op       183       184                  0.02341397        61
   44828        0.00038384        om       183       184                  0.02341397        61
   44837        0.00036084        op       193       194                  0.03355818        93
   44838        0.00036084        om       193       194                  0.03355818        93
   44831        0.00033920        op       187       188                  0.02611873        77
   44832        0.00033920        om       187       188                  0.02611873        77
   44825        0.00032131        op       181       182                  0.01702922        53
   44826        0.00032131        om       181       182                  0.01702922        53

  ==> Add operator: op -1: 169 170
  ==> Current qubit order: 2  3  4  5  6  7  8  9  10  11  12  13  14  15  16  17  18  19  20  21  22  23  24  25  26  27  28  29  30  31  32  33  34  35  36  70  71  37  38  39  40  41  42  43  44  45  46  47  48  49  50  51  52  53  54  55  56  57  58  59  60  61  62  63  66  67  64  65  68  69  76  74  75  0  1  72  73  77  78  79  80  126  127  81  82  83  84  85  86  87  88  89  90  91  92  93  94  95  96  97  98  99  100  101  102  103  104  105  106  107  108  109  110  111  112  113  114  115  116  117  118  119  120  121  122  123  124  125  


  ==> Energy                -422.614768046
  ==> dE                       -1.36e-05
  ==> Gradient Norm             2.69e-01
  ==> Abs. Max. Deriv.          5.01e-02
  ==> Time-Grad. (s)             377.182
  ==> Time-Energy (s)             34.345
  ==> Time-Iter. (s)             415.250

--------------------------------------------------------------------------------
CEO-ADAPT-VQE iteration: 7
--------------------------------------------------------------------------------
    gate        derivative      name       op1       op2       op3        g_unscaled   penalty
   44893        0.00033709        op       206       207                  0.02325918        69
   44894        0.00033709        om       206       207                  0.02325918        69
   44861        0.00033563        op       174       175                  0.01778857        53
   44862        0.00033563        om       174       175                  0.01778857        53
   44907        0.00033165        op       220       221                  0.03349700       101
   44908        0.00033165        om       220       221                  0.03349700       101
   44899        0.00030635        op       212       213                  0.02603954        85
   44900        0.00030635        om       212       213                  0.02603954        85
     220        0.00028630    a_iajb       220                            0.03349700       117
   44859        0.00028173        op       172       173                  0.01267807        45

  ==> Add operator: op -1: 206 207
  ==> Current qubit order: 2  3  4  5  6  7  8  9  10  11  12  13  14  15  16  17  18  19  20  21  22  23  24  25  26  27  28  29  30  31  32  33  34  35  36  70  71  37  38  39  40  41  42  43  44  45  46  47  48  49  50  51  52  53  54  55  56  57  58  59  60  61  62  63  66  67  64  65  68  69  76  74  75  72  73  77  78  79  0  1  84  85  80  126  127  81  82  83  86  87  88  89  90  91  92  93  94  95  96  97  98  99  100  101  102  103  104  105  106  107  108  109  110  111  112  113  114  115  116  117  118  119  120  121  122  123  124  125  


  ==> Energy                -422.614800941
  ==> dE                       -3.29e-05
  ==> Gradient Norm             2.43e-01
  ==> Abs. Max. Deriv.          5.01e-02
  ==> Time-Grad. (s)             381.765
  ==> Time-Energy (s)             34.985
  ==> Time-Iter. (s)             420.496

--------------------------------------------------------------------------------
CEO-ADAPT-VQE iteration: 8
--------------------------------------------------------------------------------
    gate        derivative      name       op1       op2       op3        g_unscaled   penalty
   44831        0.00041149        op       247       248                  0.03333050        81
   44832        0.00041149        om       247       248                  0.03333050        81
   44823        0.00039743        op       239       240                  0.02583309        65
   44824        0.00039743        om       239       240                  0.02583309        65
   44813        0.00034546        op       229       230                  0.01692741        49
   44814        0.00034546        om       229       230                  0.01692741        49
     247        0.00034361    a_iajb       247                            0.03333050        97
     239        0.00031893    a_iajb       239                            0.02583309        81
   44859        0.00031110        op       275       276                  0.05008657       161
   44860        0.00031110        om       275       276                  0.05008657       161

  ==> Add operator: op -1: 247 248
  ==> Current qubit order: 2  3  4  5  6  7  8  9  10  11  12  13  14  15  16  17  18  19  20  21  22  23  24  25  26  27  28  29  30  31  32  33  34  35  36  70  71  37  38  39  40  41  42  43  44  45  46  47  48  49  50  51  52  53  54  55  56  57  58  59  60  61  62  63  66  67  64  65  68  69  76  74  75  72  73  77  78  79  84  85  80  126  127  81  0  1  92  93  82  83  86  87  88  89  90  91  94  95  96  97  98  99  100  101  102  103  104  105  106  107  108  109  110  111  112  113  114  115  116  117  118  119  120  121  122  123  124  125  


  ==> Energy                -422.614864985
  ==> dE                       -6.40e-05
  ==> Gradient Norm             2.43e-01
  ==> Abs. Max. Deriv.          5.01e-02
  ==> Time-Grad. (s)             380.709
  ==> Time-Energy (s)             35.942
  ==> Time-Iter. (s)             420.375

--------------------------------------------------------------------------------
CEO-ADAPT-VQE iteration: 9
--------------------------------------------------------------------------------
    gate        derivative      name       op1       op2       op3        g_unscaled   penalty
   44887        0.00052482        op       263       264                  0.02571626        49
   44888        0.00052482        om       263       264                  0.02571626        49
   44877        0.00051050        op       253       254                  0.01684650        33
   44878        0.00051050        om       253       254                  0.01684650        33
     263        0.00039563    a_iajb       263                            0.02571626        65
   44897        0.00037270        op       273       274                  0.02422542        65
   44898        0.00037270        om       273       274                  0.02422542        65
   44923        0.00036518        op       299       300                  0.05002939       137
   44924        0.00036518        om       299       300                  0.05002939       137
     253        0.00034381    a_iajb       253                            0.01684650        49

  ==> Add operator: op -1: 263 264
  ==> Current qubit order: 2  3  4  5  6  7  8  9  10  11  12  13  14  15  16  17  18  19  20  21  22  23  24  25  26  27  28  29  30  31  32  33  34  35  36  70  71  37  38  39  40  41  42  43  44  45  46  47  48  49  50  51  52  53  54  55  56  57  58  59  60  61  62  63  66  67  64  65  68  69  76  74  75  72  73  77  78  79  84  85  80  126  127  81  92  93  0  1  88  89  82  83  86  87  90  91  94  95  96  97  98  99  100  101  102  103  104  105  106  107  108  109  110  111  112  113  114  115  116  117  118  119  120  121  122  123  124  125  


  ==> Energy                -422.614903574
  ==> dE                       -3.86e-05
  ==> Gradient Norm             2.42e-01
  ==> Abs. Max. Deriv.          5.54e-02
  ==> Time-Grad. (s)             379.313
  ==> Time-Energy (s)             36.573
  ==> Time-Iter. (s)             419.578

--------------------------------------------------------------------------------
CEO-ADAPT-VQE iteration: 10
--------------------------------------------------------------------------------
    gate        derivative      name       op1       op2       op3        g_unscaled   penalty
   44953        0.00050812        op       270       271                  0.01676798        33
   44954        0.00050812        om       270       271                  0.01676798        33
   44973        0.00042380        op       290       291                  0.02415644        57
   44974        0.00042380        om       290       291                  0.02415644        57
   44999        0.00038763        op       316       317                  0.05000396       129
   45000        0.00038763        om       316       317                  0.05000396       129
     316        0.00034485    a_iajb       316                            0.05000396       145
     270        0.00034220    a_iajb       270                            0.01676798        49
     290        0.00033091    a_iajb       290                            0.02415644        73
   44969        0.00026539        op       286       287                  0.01300413        49

  ==> Add operator: op -1: 270 271
  ==> Current qubit order: 2  3  4  5  6  7  8  9  10  11  12  13  14  15  16  17  18  19  20  21  22  23  24  25  26  27  28  29  30  31  32  33  34  35  36  70  71  37  38  39  40  41  42  43  44  45  46  47  48  49  50  51  52  53  54  55  56  57  58  59  60  61  62  63  66  67  64  65  68  69  76  74  75  72  73  77  78  79  84  85  80  126  127  81  92  93  0  1  82  83  88  89  86  87  90  91  94  95  96  97  98  99  100  101  102  103  104  105  106  107  108  109  110  111  112  113  114  115  116  117  118  119  120  121  122  123  124  125  


  ==> Energy                -422.614921137
  ==> dE                       -1.76e-05
  ==> Gradient Norm             2.48e-01
  ==> Abs. Max. Deriv.          5.54e-02
  ==> Time-Grad. (s)             406.211
  ==> Time-Energy (s)             36.908
  ==> Time-Iter. (s)             446.775

--------------------------------------------------------------------------------
CEO-ADAPT-VQE iteration: 11
--------------------------------------------------------------------------------
    gate        derivative      name       op1       op2       op3        g_unscaled   penalty
   44962        0.00042315        op       307       308                  0.02411974        57
   44963        0.00042315        om       307       308                  0.02411974        57
   44988        0.00038748        op       333       334                  0.04998481       129
   44989        0.00038748        om       333       334                  0.04998481       129
     333        0.00034472    a_iajb       333                            0.04998481       145
     307        0.00033041    a_iajb       307                            0.02411974        73
   44958        0.00026350        op       303       304                  0.01291129        49
   44959        0.00026350        om       303       304                  0.01291129        49
   44950        0.00023290        op       295       296                  0.00954878        41
   44951        0.00023290        om       295       296                  0.00954878        41

  ==> Add operator: op -1: 307 308
  ==> Current qubit order: 2  3  4  5  6  7  8  9  10  11  12  13  14  15  16  17  18  19  20  21  22  23  24  25  26  27  28  29  30  31  32  33  34  35  36  70  71  37  38  39  40  41  42  43  44  45  46  47  48  49  50  51  52  53  54  55  56  57  58  59  60  61  62  63  66  67  64  65  68  69  76  74  75  72  73  77  78  79  84  85  80  126  127  81  92  93  82  83  88  89  86  0  1  94  95  87  90  91  96  97  98  99  100  101  102  103  104  105  106  107  108  109  110  111  112  113  114  115  116  117  118  119  120  121  122  123  124  125  


  ==> Energy                -422.614953321
  ==> dE                       -3.22e-05
  ==> Gradient Norm             2.68e-01
  ==> Abs. Max. Deriv.          5.54e-02
  ==> Time-Grad. (s)             383.871
  ==> Time-Energy (s)             37.610
  ==> Time-Iter. (s)             425.396

--------------------------------------------------------------------------------
CEO-ADAPT-VQE iteration: 12
--------------------------------------------------------------------------------
    gate        derivative      name       op1       op2       op3        g_unscaled   penalty
   45060        0.00045832        op       347       348                  0.04995658       109
   45061        0.00045832        om       347       348                  0.04995658       109
     347        0.00039965    a_iajb       347                            0.04995658       125
   45030        0.00034447        op       317       318                  0.01274548        37
   45031        0.00034447        om       317       318                  0.01274548        37
  101976        0.00034340        op     43229     43230                  0.01133223        33
  101977        0.00031973        om     43229     43230                  0.01055110        33
   45022        0.00025416        op       309       310                  0.00940406        37
   45023        0.00025416        om       309       310                  0.00940406        37
     317        0.00024048    a_iajb       317                            0.01274548        53

  ==> Add operator: op -1: 347 348
  ==> Current qubit order: 2  3  4  5  6  7  8  9  10  11  12  13  14  15  16  17  18  19  20  21  22  23  24  25  26  27  28  29  30  31  32  33  34  35  36  70  71  37  38  39  40  41  42  43  44  45  46  47  48  49  50  51  52  53  54  55  56  57  58  59  60  61  62  63  66  67  64  65  68  69  76  74  75  72  73  77  78  79  84  85  80  126  127  81  92  93  82  83  88  89  86  94  95  87  90  91  96  97  98  99  100  0  1  112  113  101  102  103  104  105  106  107  108  109  110  111  114  115  116  117  118  119  120  121  122  123  124  125  


  ==> Energy                -422.615086200
  ==> dE                       -1.33e-04
  ==> Gradient Norm             2.66e-01
  ==> Abs. Max. Deriv.          5.54e-02
  ==> Time-Grad. (s)             380.364
  ==> Time-Energy (s)             38.149
  ==> Time-Iter. (s)             422.210

--------------------------------------------------------------------------------
CEO-ADAPT-VQE iteration: 13
--------------------------------------------------------------------------------
    gate        derivative      name       op1       op2       op3        g_unscaled   penalty
   45007        0.00042746        op       339       340                  0.01239626        29
   45008        0.00042746        om       339       340                  0.01239626        29
  101103       -0.00036147        op     42647     42648                 -0.01626595        45
  101104       -0.00036147        op     42647     42648                 -0.01626595        45
  101107       -0.00035928        op     42647     42649                 -0.01616741        45
  101108       -0.00035928        op     42647     42649                 -0.01616741        45
   44999        0.00028232        op       331       332                  0.01270459        45
   45000        0.00028232        om       331       332                  0.01270459        45
     339        0.00027547    a_iajb       339                            0.01239626        45
   45033        0.00025935        op       365       366                  0.01996978        77

  ==> Add operator: op -1: 339 340
  ==> Current qubit order: 2  3  4  5  6  7  8  9  10  11  12  13  14  15  16  17  18  19  20  21  22  23  24  25  26  27  28  29  30  31  32  33  34  35  36  70  71  37  38  39  40  41  42  43  44  45  46  47  48  49  50  51  52  53  54  55  56  57  58  59  60  61  62  63  66  67  64  65  68  69  76  74  75  72  73  77  78  79  84  85  80  126  127  81  92  93  82  83  88  89  86  94  95  87  90  91  96  97  98  99  0  1  100  112  113  101  102  103  104  105  106  107  108  109  110  111  114  115  116  117  118  119  120  121  122  123  124  125  


  ==> Energy                -422.615094274
  ==> dE                       -8.07e-06
  ==> Gradient Norm             2.67e-01
  ==> Abs. Max. Deriv.          5.56e-02
  ==> Time-Grad. (s)             398.186
  ==> Time-Energy (s)             38.722
  ==> Time-Iter. (s)             440.639

--------------------------------------------------------------------------------
CEO-ADAPT-VQE iteration: 14
--------------------------------------------------------------------------------
    gate        derivative      name       op1       op2       op3        g_unscaled   penalty
   44994        0.00030809        op       345       346                  0.01263180        41
   44995        0.00030809        om       345       346                  0.01263180        41
   45006        0.00027519        op       357       358                  0.00798040        29
   45007        0.00027519        om       357       358                  0.00798040        29
   45008        0.00025871        op       359       360                  0.00698522        27
   45009        0.00025871        om       359       360                  0.00698522        27
   45028        0.00024597        op       379       380                  0.01992323        81
   45029        0.00024597        om       379       380                  0.01992323        81
   45022        0.00024220        op       373       374                  0.01768094        73
   45023        0.00024220        om       373       374                  0.01768094        73

  ==> Add operator: op -1: 345 346
  ==> Current qubit order: 2  3  4  5  6  7  8  9  10  11  12  13  14  15  16  17  18  19  20  21  22  23  24  25  26  27  28  29  30  31  32  33  34  35  36  70  71  37  38  39  40  41  42  43  44  45  46  47  48  49  50  51  52  53  54  55  56  57  58  59  60  61  62  63  66  67  64  65  68  69  76  74  75  72  73  77  78  79  84  85  80  126  127  81  92  93  82  83  88  89  86  94  95  87  96  97  98  90  91  0  1  99  100  112  113  101  102  103  104  105  106  107  108  109  110  111  114  115  116  117  118  119  120  121  122  123  124  125  


  ==> Energy                -422.615102916
  ==> dE                       -8.64e-06
  ==> Gradient Norm             2.54e-01
  ==> Abs. Max. Deriv.          5.56e-02
  ==> Time-Grad. (s)             382.752
  ==> Time-Energy (s)             42.327
  ==> Time-Iter. (s)             429.385

--------------------------------------------------------------------------------
CEO-ADAPT-VQE iteration: 15
--------------------------------------------------------------------------------
    gate        derivative      name       op1       op2       op3        g_unscaled   penalty
   45054        0.00023414        op       397       398                  0.01990152        85
   45055        0.00023414        om       397       398                  0.01990152        85
   45066        0.00023171        op       409       410                  0.02896436       125
   45067        0.00023171        om       409       410                  0.02896436       125
   45048        0.00022894        op       391       392                  0.01762833        77
   45049        0.00022894        om       391       392                  0.01762833        77
   45034        0.00022528        op       377       378                  0.00698373        31
   45035        0.00022528        om       377       378                  0.00698373        31
   45032        0.00021497        op       375       376                  0.00795380        37
   45033        0.00021497        om       375       376                  0.00795380        37

  ==> Add operator: op -1: 397 398
  ==> Current qubit order: 2  3  4  5  6  7  8  9  10  11  12  13  14  15  16  17  18  19  20  21  22  23  24  25  26  27  28  29  30  31  32  33  34  35  36  70  71  37  38  39  40  41  42  43  44  45  46  47  48  49  50  51  52  53  54  55  56  57  58  59  60  61  62  63  66  67  64  65  68  69  76  74  75  72  73  77  78  79  84  85  80  126  127  81  92  93  82  83  88  89  86  94  95  87  96  97  98  90  91  99  100  112  113  101  102  103  0  1  114  115  104  105  106  107  108  109  110  111  116  117  118  119  120  121  122  123  124  125  


  ==> Energy                -422.615121864
  ==> dE                       -1.89e-05
  ==> Gradient Norm             2.55e-01
  ==> Abs. Max. Deriv.          5.56e-02
  ==> Time-Grad. (s)             387.550
  ==> Time-Energy (s)             42.870
  ==> Time-Iter. (s)             434.115

--------------------------------------------------------------------------------
CEO-ADAPT-VQE iteration: 16
--------------------------------------------------------------------------------
    gate        derivative      name       op1       op2       op3        g_unscaled   penalty
   44935        0.00030854        op       405       406                  0.01758680        57
   44936        0.00030854        om       405       406                  0.01758680        57
   44953        0.00029788        op       423       424                  0.02889399        97
   44954        0.00029788        om       423       424                  0.02889399        97
     423        0.00025570    a_iajb       423                            0.02889399       113
     405        0.00024092    a_iajb       405                            0.01758680        73
   44919        0.00021365        op       389       390                  0.00790501        37
   44920        0.00021365        om       389       390                  0.00790501        37
   44933        0.00020033        op       403       404                  0.00981598        49
   44934        0.00020033        om       403       404                  0.00981598        49

  ==> Add operator: op -1: 405 406
  ==> Current qubit order: 2  3  4  5  6  7  8  9  10  11  12  13  14  15  16  17  18  19  20  21  22  23  24  25  26  27  28  29  30  31  32  33  34  35  36  70  71  37  38  39  40  41  42  43  44  45  46  47  48  49  50  51  52  53  54  55  56  57  58  59  60  61  62  63  66  67  64  65  68  69  76  74  75  72  73  77  78  79  84  85  80  126  127  81  92  93  82  83  88  89  86  94  95  87  96  97  98  90  91  99  100  112  113  101  102  103  114  115  104  105  106  0  1  110  111  107  108  109  116  117  118  119  120  121  122  123  124  125  


  ==> Energy                -422.615136873
  ==> dE                       -1.50e-05
  ==> Gradient Norm             2.55e-01
  ==> Abs. Max. Deriv.          5.56e-02
  ==> Time-Grad. (s)             387.966
  ==> Time-Energy (s)             42.233
  ==> Time-Iter. (s)             434.062

--------------------------------------------------------------------------------
CEO-ADAPT-VQE iteration: 17
--------------------------------------------------------------------------------
    gate        derivative      name       op1       op2       op3        g_unscaled   penalty
   45034        0.00037418        op       442       443                  0.02881207        77
   45035        0.00037418        om       442       443                  0.02881207        77
     442        0.00030981    a_iajb       442                            0.02881207        93
   45024        0.00027814        op       432       433                  0.01251616        45
   45025        0.00027814        om       432       433                  0.01251616        45
   45012        0.00026286        op       420       421                  0.00972588        37
   45013        0.00026286        om       420       421                  0.00972588        37
     432        0.00020518    a_iajb       432                            0.01251616        61
   45006        0.00019923        op       414       415                  0.00577758        29
   45007        0.00019923        om       414       415                  0.00577758        29

  ==> Add operator: op -1: 442 443
  ==> Current qubit order: 2  3  4  5  6  7  8  9  10  11  12  13  14  15  16  17  18  19  20  21  22  23  24  25  26  27  28  29  30  31  32  33  34  35  36  70  71  37  38  39  40  41  42  43  44  45  46  47  48  49  50  51  52  53  54  55  56  57  58  59  60  61  62  63  66  67  64  65  68  69  76  74  75  72  73  77  78  79  84  85  80  126  127  81  92  93  82  83  88  89  86  94  95  87  96  97  98  90  91  99  100  112  113  101  102  103  114  115  104  105  106  110  111  107  108  109  116  0  1  124  125  117  118  119  120  121  122  123  


  ==> Energy                -422.615171185
  ==> dE                       -3.43e-05
  ==> Gradient Norm             2.56e-01
  ==> Abs. Max. Deriv.          5.56e-02
  ==> Time-Grad. (s)             395.272
  ==> Time-Energy (s)             44.128
  ==> Time-Iter. (s)             443.048

--------------------------------------------------------------------------------
CEO-ADAPT-VQE iteration: 18
--------------------------------------------------------------------------------
    gate        derivative      name       op1       op2       op3        g_unscaled   penalty
   45073        0.00033613        op       460       461                  0.01243666        37
   45074        0.00033613        om       460       461                  0.01243666        37
   45061        0.00033379        op       448       449                  0.00967986        29
   45062        0.00033379        om       448       449                  0.00967986        29
   45079        0.00023540        op       466       467                  0.01059317        45
   45080        0.00023540        om       466       467                  0.01059317        45
     460        0.00023465    a_iajb       460                            0.01243666        53
     448        0.00021511    a_iajb       448                            0.00967986        45
   45071       -0.00017622        op       458       459                 -0.01004451        57
   45072       -0.00017622        om       458       459                 -0.01004451        57

  ==> Add operator: op -1: 460 461
  ==> Current qubit order: 2  3  4  5  6  7  8  9  10  11  12  13  14  15  16  17  18  19  20  21  22  23  24  25  26  27  28  29  30  31  32  33  34  35  36  70  71  37  38  39  40  41  42  43  44  45  46  47  48  49  50  51  52  53  54  55  56  57  58  59  60  61  62  63  66  67  64  65  68  69  76  74  75  72  73  77  78  79  84  85  80  126  127  81  92  93  82  83  88  89  86  94  95  87  96  97  98  90  91  99  100  112  113  101  102  103  114  115  104  105  106  110  111  107  108  109  116  0  1  117  124  125  118  119  120  121  122  123  


  ==> Energy                -422.615178156
  ==> dE                       -6.97e-06
  ==> Gradient Norm             2.71e-01
  ==> Abs. Max. Deriv.          5.56e-02
  ==> Time-Grad. (s)             377.909
  ==> Time-Energy (s)             43.387
  ==> Time-Iter. (s)             425.061

--------------------------------------------------------------------------------
CEO-ADAPT-VQE iteration: 19
--------------------------------------------------------------------------------
    gate        derivative      name       op1       op2       op3        g_unscaled   penalty
   45084        0.00033229        op       468       469                  0.00963635        29
   45085        0.00033229        om       468       469                  0.00963635        29
   45102        0.00023462        op       486       487                  0.01055769        45
   45103        0.00023462        om       486       487                  0.01055769        45
     468        0.00021414    a_iajb       468                            0.00963635        45
  101032       -0.00019696        op     42532     42533                 -0.01201476        61
  101033       -0.00019696        om     42532     42533                 -0.01201476        61
     486        0.00017308    a_iajb       486                            0.01055769        61
   58969       -0.00017138        om     10905     10906                 -0.04918668       287
   45094       -0.00016923        op       478       479                 -0.01032326        61

  ==> Add operator: op -1: 468 469
  ==> Current qubit order: 2  3  4  5  6  7  8  9  10  11  12  13  14  15  16  17  18  19  20  21  22  23  24  25  26  27  28  29  30  31  32  33  34  35  36  70  71  37  38  39  40  41  42  43  44  45  46  47  48  49  50  51  52  53  54  55  56  57  58  59  60  61  62  63  66  67  64  65  68  69  76  74  75  72  73  77  78  79  84  85  80  126  127  81  92  93  82  83  88  89  86  94  95  87  96  97  98  90  91  99  100  112  113  101  102  103  114  115  104  105  106  110  111  107  108  109  0  1  116  117  124  125  118  119  120  121  122  123  


  ==> Energy                -422.615182577
  ==> dE                       -4.42e-06
  ==> Gradient Norm             2.74e-01
  ==> Abs. Max. Deriv.          5.56e-02
  ==> Time-Grad. (s)             403.808
  ==> Time-Energy (s)             43.533
  ==> Time-Iter. (s)             451.140

--------------------------------------------------------------------------------
CEO-ADAPT-VQE iteration: 20
--------------------------------------------------------------------------------
    gate        derivative      name       op1       op2       op3        g_unscaled   penalty
   45102        0.00021519        op       508       509                  0.01054419        49
   45103        0.00021519        om       508       509                  0.01054419        49
   45080        0.00017278        op       486       487                  0.00639300        37
   45081        0.00017278        om       486       487                  0.00639300        37
   59675       -0.00017258        om     11471     11472                 -0.04918651       285
   59674       -0.00016919        op     11471     11472                 -0.04821893       285
   45094       -0.00016915        op       500       501                 -0.01031826        61
   45095       -0.00016915        om       500       501                 -0.01031826        61
     508        0.00016222    a_iajb       508                            0.01054419        65
   11471       -0.00016180    a_iajb     11471                           -0.04870272       301

  ==> Add operator: op -1: 508 509
  ==> Current qubit order: 2  3  4  5  6  7  8  9  10  11  12  13  14  15  16  17  18  19  20  21  22  23  24  25  26  27  28  29  30  31  32  33  34  35  36  70  71  37  38  39  40  41  42  43  44  45  46  47  48  49  50  51  52  53  54  55  56  57  58  59  60  61  62  63  66  67  64  65  68  69  76  74  75  72  73  77  78  79  84  85  80  126  127  81  92  93  82  83  88  89  86  94  95  87  96  97  98  90  91  99  100  112  113  101  102  103  114  115  104  105  106  110  111  107  108  109  116  117  0  1  120  121  124  125  118  119  122  123  


  ==> Energy                -422.615187269
  ==> dE                       -4.69e-06
  ==> Gradient Norm             2.81e-01
  ==> Abs. Max. Deriv.          5.56e-02
  ==> Time-Grad. (s)             392.368
  ==> Time-Energy (s)             45.122
  ==> Time-Iter. (s)             441.228

--------------------------------------------------------------------------------
CEO-ADAPT-VQE iteration: 21
--------------------------------------------------------------------------------
    gate        derivative      name       op1       op2       op3        g_unscaled   penalty
  100590       -0.00021551        op     42329     42330                 -0.01314627        61
  100591       -0.00021551        om     42329     42330                 -0.01314627        61
   45052       -0.00018122        op       522       523                 -0.01032964        57
   45053       -0.00018122        om       522       523                 -0.01032964        57
   42329       -0.00017073    a_iajb     42329                           -0.01314627        77
   60321       -0.00017020        om     12004     12005                 -0.04918639       289
   60320       -0.00016685        op     12004     12005                 -0.04821900       289
   12004       -0.00015968    a_iajb     12004                           -0.04870269       305
   54337       -0.00015747        om      7520      7521                 -0.05558566       353
   54336       -0.00015486        op      7520      7521                 -0.05466515       353

  ==> Add operator: op -1: 42329 42330
  ==> Current qubit order: 2  3  4  5  6  7  8  9  10  11  12  13  14  15  16  17  18  19  20  21  22  23  24  25  26  27  28  29  30  31  32  33  34  35  36  70  71  37  38  39  40  41  42  43  44  45  46  47  48  49  50  51  52  53  54  57  58  59  60  55  56  67  68  61  62  63  66  64  65  69  76  74  75  72  73  77  78  79  84  85  80  126  127  81  92  93  82  83  88  89  86  94  95  87  96  97  98  90  91  99  100  112  113  101  102  103  114  115  104  105  106  110  111  107  108  109  116  117  0  1  120  121  124  125  118  119  122  123  


  ==> Energy                -422.615232886
  ==> dE                       -4.56e-05
  ==> Gradient Norm             2.84e-01
  ==> Abs. Max. Deriv.          5.56e-02
  ==> Time-Grad. (s)             388.657
  ==> Time-Energy (s)            154.649
  ==> Time-Iter. (s)             548.169

--------------------------------------------------------------------------------
CEO-ADAPT-VQE iteration: 22
--------------------------------------------------------------------------------
    gate        derivative      name       op1       op2       op3        g_unscaled   penalty
  101071        0.00180687        op     42744     42745                  0.08130907        45
  101072        0.00180687        om     42744     42745                  0.08130907        45
   42744        0.00133294    a_iajb     42744                            0.08130907        61
   45073       -0.00018124        op       549       550                 -0.01033050        57
   45074       -0.00018124        om       549       550                 -0.01033050        57
   61052       -0.00017503        om     12561     12562                 -0.04918437       281
   61051       -0.00017157        op     12561     12562                 -0.04821235       281
   12561       -0.00016397    a_iajb     12561                           -0.04869836       297
   54800       -0.00015747        om      7884      7885                 -0.05558623       353
   54799       -0.00015485        op      7884      7885                 -0.05466130       353

  ==> Add operator: op -1: 42744 42745
  ==> Current qubit order: 2  3  4  5  6  7  8  9  10  11  12  13  14  15  16  17  18  19  20  21  22  23  24  25  26  27  28  29  30  31  32  33  34  35  36  70  71  37  38  39  40  41  42  43  44  45  46  47  48  49  50  51  52  53  54  57  60  55  58  59  67  66  56  68  61  62  63  64  65  69  76  74  75  72  73  77  78  79  84  85  80  126  127  81  92  93  82  83  88  89  86  94  95  87  96  97  98  90  91  99  100  112  113  101  102  103  114  115  104  105  106  110  111  107  108  109  116  117  0  1  120  121  124  125  118  119  122  123  


  ==> Energy                -422.617220315
  ==> dE                       -1.99e-03
  ==> Gradient Norm             2.98e-01
  ==> Abs. Max. Deriv.          8.13e-02
  ==> Time-Grad. (s)             381.073
  ==> Time-Energy (s)            196.537
  ==> Time-Iter. (s)             581.852

--------------------------------------------------------------------------------
CEO-ADAPT-VQE iteration: 23
--------------------------------------------------------------------------------
    gate        derivative      name       op1       op2       op3        g_unscaled   penalty
   45035       -0.00018116        op       567       568                 -0.01032619        57
   45036       -0.00018116        om       567       568                 -0.01032619        57
   61698       -0.00017258        om     13092     13093                 -0.04918448       285
   61697       -0.00016917        op     13092     13093                 -0.04821406       285
   13092       -0.00016179    a_iajb     13092                           -0.04869927       301
   55160       -0.00015747        om      8198      8199                 -0.05558635       353
   55159       -0.00015485        op      8198      8199                 -0.05466294       353
    8198       -0.00014939    a_iajb      8198                           -0.05512465       369
   45021        0.00014168        op       553       554                  0.00637570        45
   45022        0.00014168        om       553       554                  0.00637570        45

  ==> Add operator: op -1: 567 568
  ==> Current qubit order: 2  3  4  5  6  7  8  9  10  11  12  13  14  15  16  17  18  19  20  21  22  23  24  25  26  27  28  29  30  31  32  33  34  35  36  70  71  37  38  39  40  41  42  43  44  45  46  47  48  49  50  51  52  53  54  57  60  55  58  59  67  66  56  68  61  62  63  64  65  69  76  74  75  72  73  77  78  79  84  85  80  126  127  81  92  93  82  83  88  89  86  94  95  87  96  97  98  90  91  99  100  112  113  101  102  103  115  104  105  106  110  111  107  114  117  0  1  108  109  116  120  121  124  125  118  119  122  123  


  ==> Energy                -422.617225375
  ==> dE                       -5.06e-06
  ==> Gradient Norm             2.80e-01
  ==> Abs. Max. Deriv.          5.56e-02
  ==> Time-Grad. (s)             377.674
  ==> Time-Energy (s)             42.699
  ==> Time-Iter. (s)             424.503

--------------------------------------------------------------------------------
CEO-ADAPT-VQE iteration: 24
--------------------------------------------------------------------------------
    gate        derivative      name       op1       op2       op3        g_unscaled   penalty
   95166        0.00026143        op     38170     38171                  0.04627293       177
   95167        0.00026143        om     38170     38171                  0.04627293       177
   38170        0.00023976    a_iajb     38170                            0.04627293       193
  101136        0.00021373        op     42700     42701                  0.01047262        49
  101137        0.00021373        om     42700     42701                  0.01047262        49
   62511       -0.00017629        om     13644     13645                 -0.04918417       279
   62510       -0.00017282        op     13644     13645                 -0.04821566       279
   45098        0.00017242        op       564       565                  0.00637957        37
   45099        0.00017242        om       564       565                  0.00637957        37
   13644       -0.00016508    a_iajb     13644                           -0.04869991       295

  ==> Add operator: op -1: 38170 38171
  ==> Current qubit order: 2  3  4  5  6  7  8  9  10  11  12  13  14  15  16  17  18  19  20  21  22  23  24  25  26  27  28  29  30  31  32  33  36  70  71  37  38  39  40  41  42  43  44  45  46  47  48  49  50  51  34  35  76  77  52  53  54  57  60  55  58  59  67  66  56  68  61  62  63  64  65  69  74  75  72  73  78  79  84  85  80  126  127  81  92  93  82  83  88  89  86  94  95  87  96  97  98  90  91  99  100  112  113  101  102  103  115  104  105  106  110  111  107  114  117  0  1  108  109  116  120  121  124  125  118  119  122  123  


  ==> Energy                -422.617516299
  ==> dE                       -2.91e-04
  ==> Gradient Norm             2.95e-01
  ==> Abs. Max. Deriv.          5.56e-02
  ==> Time-Grad. (s)             378.168
  ==> Time-Energy (s)             40.911
  ==> Time-Iter. (s)             423.438

--------------------------------------------------------------------------------
CEO-ADAPT-VQE iteration: 25
--------------------------------------------------------------------------------
    gate        derivative      name       op1       op2       op3        g_unscaled   penalty
     114        0.00031830      a_ia       114                            0.00190978         6
   63209       -0.00017629        om     14266     14267                 -0.04918363       279
   63208       -0.00017282        op     14266     14267                 -0.04821762       279
   44998        0.00017226        op       580       581                  0.00637380        37
   44999        0.00017226        om       580       581                  0.00637380        37
   14266       -0.00016509    a_iajb     14266                           -0.04870063       295
   56167       -0.00015836        om      8976      8977                 -0.05558504       351
   56166       -0.00015574        op      8976      8977                 -0.05466581       351
    8976       -0.00015021    a_iajb      8976                           -0.05512543       367
   44914        0.00014373        op       496       497                  0.03435240       239

  ==> Add operator: a_ia 114
  ==> Current qubit order: 2  3  4  5  6  7  8  9  10  11  12  13  14  15  16  17  18  19  20  21  22  23  24  25  26  27  28  29  30  31  32  33  36  70  71  37  38  39  40  41  42  43  44  45  46  47  48  49  50  51  34  35  76  77  52  53  54  57  60  55  58  59  67  66  56  68  61  62  64  65  63  69  74  75  72  73  78  79  84  85  80  126  127  81  92  93  82  83  88  89  86  94  95  87  96  97  98  90  91  99  100  112  113  101  102  103  115  104  105  106  110  111  107  114  117  0  1  108  109  116  120  121  124  125  118  119  122  123  


  ==> Energy                -422.617518605
  ==> dE                       -2.31e-06
  ==> Gradient Norm             2.85e-01
  ==> Abs. Max. Deriv.          5.56e-02
  ==> Time-Grad. (s)             389.063
  ==> Time-Energy (s)             55.268
  ==> Time-Iter. (s)             448.199

--------------------------------------------------------------------------------
CEO-ADAPT-VQE iteration: 26
--------------------------------------------------------------------------------
    gate        derivative      name       op1       op2       op3        g_unscaled   penalty
     121        0.00018113      a_ia       121                            0.00036226         2
   64622       -0.00017629        om     15360     15361                 -0.04918452       279
   64621       -0.00017281        op     15360     15361                 -0.04821460       279
   44989        0.00017249        op       609       610                  0.00638228        37
   44990        0.00017249        om       609       610                  0.00638228        37
   15360       -0.00016508    a_iajb     15360                           -0.04869956       295
   57032       -0.00015837        om      9666      9667                 -0.05558645       351
   91681        0.00015703        op     35841     35842                  0.02591009       165
   91682        0.00015703        om     35841     35842                  0.02591009       165
   57031       -0.00015574        op      9666      9667                 -0.05466350       351

  ==> Add operator: a_ia 121
  ==> Current qubit order: 2  3  4  5  6  7  8  9  10  11  12  13  14  15  16  17  18  19  20  21  22  23  24  25  26  27  28  29  30  31  32  33  36  70  71  37  38  39  40  41  42  43  44  45  46  47  48  49  50  51  34  35  76  77  52  53  54  57  60  55  58  59  67  66  56  68  61  62  64  65  63  69  74  75  72  73  78  79  84  85  80  126  127  81  92  93  82  83  88  89  86  94  95  87  96  97  98  90  91  99  100  112  113  101  102  103  115  104  105  106  110  111  107  114  117  0  1  108  109  116  120  121  124  125  118  119  122  123  


  ==> Energy                -422.617518693
  ==> dE                       -8.75e-08
  ==> Gradient Norm             2.72e-01
  ==> Abs. Max. Deriv.          5.56e-02
  ==> Time-Grad. (s)             395.954
  ==> Time-Energy (s)             24.594
  ==> Time-Iter. (s)             424.807

--------------------------------------------------------------------------------
CEO-ADAPT-VQE iteration: 27
--------------------------------------------------------------------------------
    gate        derivative      name       op1       op2       op3        g_unscaled   penalty
   65321       -0.00017629        om     15914     15915                 -0.04918452       279
   65320       -0.00017281        op     15914     15915                 -0.04821460       279
   44970        0.00017249        op       631       632                  0.00638228        37
   44971        0.00017249        om       631       632                  0.00638228        37
   15914       -0.00016508    a_iajb     15914                           -0.04869956       295
   57445       -0.00015837        om     10024     10025                 -0.05558645       351
   57444       -0.00015574        op     10024     10025                 -0.05466350       351
   10024       -0.00015020    a_iajb     10024                           -0.05512497       367
   44880        0.00014377        op       541       542                  0.03436203       239
   44881        0.00014377        om       541       542                  0.03436203       239

  ==> Add operator: mvp2 -1: 15914 15915
  ==> Current qubit order: 2  3  4  5  6  7  8  9  10  11  12  13  14  15  16  17  18  19  20  21  22  23  24  25  26  27  28  29  30  31  32  33  36  71  37  38  39  40  41  42  43  44  45  46  47  48  49  50  51  34  35  76  77  52  53  54  57  60  58  59  67  66  56  68  61  62  64  65  63  69  74  75  72  73  78  70  55  113  0  79  84  85  80  126  127  81  92  93  82  83  88  89  86  94  95  87  96  97  98  90  91  99  100  112  101  102  103  115  104  105  106  110  111  107  114  117  1  108  109  116  120  121  124  125  118  119  122  123  


  ==> Energy                -422.617830823
  ==> dE                       -3.12e-04
  ==> Gradient Norm             2.69e-01
  ==> Abs. Max. Deriv.          5.56e-02
  ==> Time-Grad. (s)             395.064
  ==> Time-Energy (s)             35.356
  ==> Time-Iter. (s)             433.904

--------------------------------------------------------------------------------
CEO-ADAPT-VQE iteration: 28
--------------------------------------------------------------------------------
    gate        derivative      name       op1       op2       op3        g_unscaled   penalty
   57840       -0.00030955        om     10349     10350                 -0.05540959       179
   57839       -0.00030482        op     10349     10350                 -0.05456285       179
   10349       -0.00028198    a_iajb     10349                           -0.05498622       195
   66057        0.00025132        op     16515     16516                  0.02186442        87
   66058        0.00024701        om     16515     16516                  0.02148965        87
   16515        0.00021046    a_iajb     16515                            0.02167703       103
   93809        0.00019629        op     37607     37608                  0.02414386       123
   93810        0.00019629        op     37607     37608                  0.02414386       123
   93813        0.00019629        op     37607     37609                  0.02414386       123
   93814        0.00019629        op     37607     37609                  0.02414386       123

  ==> Add operator: mvp2 -1: 10349 10350
  ==> Current qubit order: 2  3  4  5  6  7  8  9  10  11  12  13  14  15  16  17  18  19  20  21  22  23  24  25  26  28  29  30  31  32  33  36  71  37  38  39  40  41  42  43  44  45  46  47  48  49  50  51  34  35  76  77  52  53  54  57  60  58  59  67  66  56  68  27  70  113  0  61  62  64  65  63  69  74  75  72  73  78  55  79  84  85  80  126  127  81  92  93  82  83  88  89  86  94  95  87  96  97  98  90  91  99  100  112  101  102  103  115  104  105  106  110  111  107  114  117  1  108  109  116  120  121  124  125  118  119  122  123  


  ==> Energy                -422.618157279
  ==> dE                       -3.26e-04
  ==> Gradient Norm             2.67e-01
  ==> Abs. Max. Deriv.          5.54e-02
  ==> Time-Grad. (s)             393.279
  ==> Time-Energy (s)             40.875
  ==> Time-Iter. (s)             437.749

--------------------------------------------------------------------------------
CEO-ADAPT-VQE iteration: 29
--------------------------------------------------------------------------------
    gate        derivative      name       op1       op2       op3        g_unscaled   penalty
   58316       -0.00030521        om     10716     10717                 -0.01983842        65
   58315       -0.00030058        op     10716     10717                 -0.01953777        65
   10716       -0.00024306    a_iajb     10716                           -0.01968810        81
   66549       -0.00023843        op     16894     16896                 -0.01549795        65
   66550       -0.00023843        op     16894     16896                 -0.01549795        65
   66545       -0.00022917        op     16894     16895                 -0.01489595        65
   66546       -0.00022917        op     16894     16895                 -0.01489595        65
   66885        0.00021226        op     17156     17157                  0.02186322       103
   66886        0.00020861        om     17156     17157                  0.02148674       103
   63256        0.00018776        om     14456     14457                  0.02609933       139

  ==> Add operator: mvp2 -1: 10716 10717
  ==> Current qubit order: 2  3  4  5  6  7  8  9  10  11  12  13  14  15  16  17  18  19  20  21  22  23  24  25  26  28  29  30  31  32  33  36  71  37  38  39  40  41  42  43  44  45  46  47  48  49  50  51  34  35  76  77  52  53  54  57  60  58  59  67  66  56  68  70  113  61  62  64  27  0  65  126  63  69  74  75  72  73  78  55  79  84  85  80  127  81  92  93  82  83  88  89  86  94  95  87  96  97  98  90  91  99  100  112  101  102  103  115  104  105  106  110  111  107  114  117  1  108  109  116  120  121  124  125  118  119  122  123  


  ==> Energy                -422.618204625
  ==> dE                       -4.73e-05
  ==> Gradient Norm             2.76e-01
  ==> Abs. Max. Deriv.          6.55e-02
  ==> Time-Grad. (s)             373.125
  ==> Time-Energy (s)             40.155
  ==> Time-Iter. (s)             416.888

--------------------------------------------------------------------------------
CEO-ADAPT-VQE iteration: 30
--------------------------------------------------------------------------------
    gate        derivative      name       op1       op2       op3        g_unscaled   penalty
  100053        0.00044252        om     42241     42242                  0.03938447        89
  100052        0.00041078        op     42241     42242                  0.03655969        89
   42241        0.00036164    a_iajb     42241                            0.03797208       105
   67268       -0.00022461        op     17433     17435                 -0.01549792        69
   67269       -0.00022461        op     17433     17435                 -0.01549792        69
   67610        0.00022067        op     17701     17702                  0.02184603        99
   67611        0.00021686        om     17701     17702                  0.02146920        99
   67264       -0.00021588        op     17433     17434                 -0.01489592        69
   67265       -0.00021588        op     17433     17434                 -0.01489592        69
   17701        0.00018833    a_iajb     17701                            0.02165761       115

  ==> Add operator: mvp2 -1: 42241 42242
  ==> Current qubit order: 2  3  4  5  6  7  8  9  10  11  12  13  14  15  16  17  18  19  20  21  22  23  24  25  26  28  29  30  31  32  33  36  71  37  38  39  40  41  42  43  44  45  46  47  48  49  50  51  34  35  76  77  52  53  54  57  60  59  67  56  68  70  113  61  58  66  65  55  62  64  27  0  126  63  69  74  75  72  73  78  79  84  85  80  127  81  92  93  82  83  88  89  86  94  95  87  96  97  98  90  91  99  100  112  101  102  103  115  104  105  106  110  111  107  114  117  1  108  109  116  120  121  124  125  118  119  122  123  


  ==> Energy                -422.618985322
  ==> dE                       -7.81e-04
  ==> Gradient Norm             2.60e-01
  ==> Abs. Max. Deriv.          3.94e-02
  ==> Time-Grad. (s)             375.280
  ==> Time-Energy (s)             29.224
  ==> Time-Iter. (s)             408.151

--------------------------------------------------------------------------------
CEO-ADAPT-VQE iteration: 31
--------------------------------------------------------------------------------
    gate        derivative      name       op1       op2       op3        g_unscaled   penalty
   68711       -0.00023323        op     18539     18541                 -0.01096200        47
   68712       -0.00023323        op     18539     18541                 -0.01096200        47
   67903       -0.00023127        op     17944     17946                 -0.01549506        67
   67904       -0.00023127        op     17944     17946                 -0.01549506        67
   68707       -0.00022526        op     18539     18540                 -0.01058739        47
   68708       -0.00022526        op     18539     18540                 -0.01058739        47
   67899       -0.00022225        op     17944     17945                 -0.01489056        67
   67900       -0.00022225        op     17944     17945                 -0.01489056        67
   68269        0.00018976        op     18227     18228                  0.02182241       115
   68270        0.00018649        om     18227     18228                  0.02144600       115

  ==> Add operator: mvp2 -1: 18539 18541
  ==> Current qubit order: 2  3  4  5  6  7  8  9  10  11  12  13  14  15  16  17  18  19  20  21  22  23  24  25  26  28  29  30  31  32  33  36  71  37  38  39  40  41  42  43  44  45  46  47  48  49  50  51  34  35  76  77  52  53  54  57  60  59  67  56  68  113  61  66  70  58  64  0  65  55  62  27  126  63  69  74  75  72  73  78  79  84  85  80  127  81  92  93  82  83  88  89  86  94  95  87  96  97  98  90  91  99  100  112  101  102  103  115  104  105  106  110  111  107  114  117  1  108  109  116  120  121  124  125  118  119  122  123  


  ==> Energy                -422.619052280
  ==> dE                       -6.70e-05
  ==> Gradient Norm             2.55e-01
  ==> Abs. Max. Deriv.          3.40e-02
  ==> Time-Grad. (s)             394.424
  ==> Time-Energy (s)             40.209
  ==> Time-Iter. (s)             438.256

--------------------------------------------------------------------------------
CEO-ADAPT-VQE iteration: 32
--------------------------------------------------------------------------------
    gate        derivative      name       op1       op2       op3        g_unscaled   penalty
  100114        0.00061362        om     42259     42260                  0.02638558        43
  100113        0.00060309        op     42259     42260                  0.02593266        43
   42259        0.00044337    a_iajb     42259                            0.02615912        59
   99989       -0.00027133        op     42165     42166                 -0.01817889        67
   99990       -0.00027132        om     42165     42166                 -0.01817864        67
   68603       -0.00025496        op     18491     18493                 -0.01555240        61
   68604       -0.00025496        op     18491     18493                 -0.01555240        61
  100257        0.00024699        op     42370     42371                  0.01259631        51
  100258        0.00024699        om     42370     42371                  0.01259631        51
   68599       -0.00024667        op     18491     18492                 -0.01504714        61

  ==> Add operator: mvp2 -1: 42259 42260
  ==> Current qubit order: 2  3  4  5  6  7  8  9  10  11  12  13  14  15  16  17  18  19  20  21  22  23  24  25  26  28  29  30  31  32  33  36  71  37  38  39  40  41  42  43  44  45  46  47  48  49  50  51  34  35  76  77  52  53  54  57  60  59  56  68  113  61  70  67  66  58  55  64  0  65  62  27  126  63  69  74  75  72  73  78  79  84  85  80  127  81  92  93  82  83  88  89  86  94  95  87  96  97  98  90  91  99  100  112  101  102  103  115  104  105  106  110  111  107  114  117  1  108  109  116  120  121  124  125  118  119  122  123  


  ==> Energy                -422.619297121
  ==> dE                       -2.45e-04
  ==> Gradient Norm             2.65e-01
  ==> Abs. Max. Deriv.          3.40e-02
  ==> Time-Grad. (s)             395.233
  ==> Time-Energy (s)             44.559
  ==> Time-Iter. (s)             443.366

--------------------------------------------------------------------------------
CEO-ADAPT-VQE iteration: 33
--------------------------------------------------------------------------------
    gate        derivative      name       op1       op2       op3        g_unscaled   penalty
   69203       -0.00023923        op     18977     18979                 -0.01554988        65
   69204       -0.00023923        op     18977     18979                 -0.01554988        65
   69199       -0.00023143        op     18977     18978                 -0.01504289        65
   69200       -0.00023143        op     18977     18978                 -0.01504289        65
   65504        0.00018783        om     16223     16224                  0.02610851       139
   18977       -0.00018571    a_iajb     18977                           -0.01504289        81
   65503        0.00018540        op     16223     16224                  0.02577033       139
   69587        0.00017744        op     19275     19276                  0.02182460       123
   69588        0.00017438        om     19275     19276                  0.02144855       123
   16223        0.00016735    a_iajb     16223                            0.02593942       155

  ==> Add operator: mvp2 -1: 18977 18979
  ==> Current qubit order: 2  3  4  5  6  7  8  9  10  11  12  13  14  15  16  17  18  19  20  21  22  23  24  25  26  28  29  30  31  32  33  36  71  37  38  39  40  41  42  43  44  45  46  47  48  49  50  51  34  35  76  77  52  53  57  60  59  56  68  113  54  70  66  0  61  67  58  55  64  65  62  27  126  63  69  74  75  72  73  78  79  84  85  80  127  81  92  93  82  83  88  89  86  94  95  87  96  97  98  90  91  99  100  112  101  102  103  115  104  105  106  110  111  107  114  117  1  108  109  116  120  121  124  125  118  119  122  123  


  ==> Energy                -422.619421799
  ==> dE                       -1.25e-04
  ==> Gradient Norm             2.58e-01
  ==> Abs. Max. Deriv.          3.40e-02
  ==> Time-Grad. (s)             390.317
  ==> Time-Energy (s)             39.200
  ==> Time-Iter. (s)             433.157

--------------------------------------------------------------------------------
CEO-ADAPT-VQE iteration: 34
--------------------------------------------------------------------------------
    gate        derivative      name       op1       op2       op3        g_unscaled   penalty
   44855        0.00035359        op       486       487                  0.08097109       229
   44856        0.00035359        om       486       487                  0.08097109       229
     486        0.00033049    a_iajb       486                            0.08097109       245
   44801        0.00030931        op       432       433                  0.07949360       257
   44802        0.00030931        om       432       433                  0.07949360       257
   44775        0.00029377        op       406       407                  0.08019887       273
   44776        0.00029377        om       406       407                  0.08019887       273
     432        0.00029119    a_iajb       432                            0.07949360       273
     406        0.00027750    a_iajb       406                            0.08019887       289
   44679        0.00027351        op       310       311                  0.08670419       317

  ==> Add operator: op -1: 486 487
  ==> Current qubit order: 2  3  4  5  6  7  8  9  10  11  12  13  14  15  16  17  18  19  20  21  22  23  24  25  26  28  29  30  31  32  33  36  71  37  38  39  42  43  44  45  46  47  48  49  50  51  34  35  76  77  52  53  57  60  59  56  68  113  54  70  66  40  41  0  1  61  67  58  55  64  65  62  27  126  63  69  74  75  72  73  78  79  84  85  80  127  81  92  93  82  83  88  89  86  94  95  87  96  97  98  90  91  99  100  112  101  102  103  115  104  105  106  110  111  107  114  117  108  109  116  120  121  124  125  118  119  122  123  


  ==> Energy                -422.619863327
  ==> dE                       -4.42e-04
  ==> Gradient Norm             3.99e-01
  ==> Abs. Max. Deriv.          8.67e-02
  ==> Time-Grad. (s)             397.288
  ==> Time-Energy (s)             17.470
  ==> Time-Iter. (s)             418.410

--------------------------------------------------------------------------------
CEO-ADAPT-VQE iteration: 35
--------------------------------------------------------------------------------
    gate        derivative      name       op1       op2       op3        g_unscaled   penalty
   44917       -0.00049645        om       665       666                 -0.02035437        41
   44916       -0.00049403        op       665       666                 -0.02025542        41
   44914        0.00042404        op       663       664                  0.01653765        39
   44915        0.00042249        om       663       664                  0.01647711        39
     665       -0.00035623    a_iajb       665                           -0.02030490        57
     171        0.00034664      a_ia       171                            0.00623959        18
   44910        0.00030167        op       659       660                  0.01236862        41
   44911        0.00030130        om       659       660                  0.01235310        41
     663        0.00030013    a_iajb       663                            0.01650738        55
   45087        0.00028188        om       835       836                  0.02226852        79

  ==> Add operator: mvp2 -1: 665 666
  ==> Current qubit order: 2  3  4  5  6  7  8  9  10  11  12  13  14  15  16  17  18  19  20  21  22  23  24  25  26  28  29  30  31  32  33  36  71  37  38  39  42  43  44  45  46  47  48  49  50  51  34  35  76  77  52  53  57  60  59  56  68  54  70  113  66  0  1  40  41  61  67  58  55  64  65  62  27  126  63  69  74  75  72  73  78  79  84  85  80  127  81  92  93  82  83  88  89  86  94  95  87  96  97  98  90  91  99  100  112  101  102  103  115  104  105  106  110  111  107  114  117  108  109  116  120  121  124  125  118  119  122  123  


  ==> Energy                -422.619894323
  ==> dE                       -3.10e-05
  ==> Gradient Norm             2.62e-01
  ==> Abs. Max. Deriv.          3.35e-02
  ==> Time-Grad. (s)             395.314
  ==> Time-Energy (s)             35.452
  ==> Time-Iter. (s)             434.396

--------------------------------------------------------------------------------
CEO-ADAPT-VQE iteration: 36
--------------------------------------------------------------------------------
    gate        derivative      name       op1       op2       op3        g_unscaled   penalty
   99669        0.00056452        op     42136     42137                  0.03104881        55
   99670        0.00056264        om     42136     42137                  0.03094496        55
   44865        0.00044083        op       679       680                  0.01719231        39
   44866        0.00043798        om       679       680                  0.01708107        39
   42136        0.00043658    a_iajb     42136                            0.03099688        71
     176        0.00037477      a_ia       176                            0.00674583        18
     679        0.00031158    a_iajb       679                            0.01713669        55
   44882        0.00028233        om       695       696                  0.03133829       111
   44881        0.00028127        op       695       696                  0.03122067       111
   45040        0.00025586        om       853       854                  0.02225987        87

  ==> Add operator: mvp2 -1: 42136 42137
  ==> Current qubit order: 2  3  4  5  6  7  8  9  10  11  12  13  14  15  16  17  18  19  20  21  22  23  24  25  26  28  29  30  31  32  33  36  71  37  38  39  42  43  44  45  46  47  48  49  50  51  34  35  76  77  52  53  57  60  59  56  54  70  113  66  0  1  68  67  58  55  40  41  61  64  65  62  27  126  63  69  74  75  72  73  78  79  84  85  80  127  81  92  93  82  83  88  89  86  94  95  87  96  97  98  90  91  99  100  112  101  102  103  115  104  105  106  110  111  107  114  117  108  109  116  120  121  124  125  118  119  122  123  


  ==> Energy                -422.620180122
  ==> dE                       -2.86e-04
  ==> Gradient Norm             2.73e-01
  ==> Abs. Max. Deriv.          3.35e-02
  ==> Time-Grad. (s)             396.563
  ==> Time-Energy (s)             41.638
  ==> Time-Iter. (s)             441.829

--------------------------------------------------------------------------------
CEO-ADAPT-VQE iteration: 37
--------------------------------------------------------------------------------
    gate        derivative      name       op1       op2       op3        g_unscaled   penalty
   44950        0.00049109        op       699       700                  0.01718805        35
   44951        0.00048790        om       699       700                  0.01707666        35
     699        0.00033593    a_iajb       699                            0.01713236        51
     180        0.00031765      a_ia       180                            0.00635309        20
   44967        0.00028751        om       715       716                  0.03133808       109
   44966        0.00028643        op       715       716                  0.03122046       109
     715        0.00025023    a_iajb       715                            0.03127927       125
   45133        0.00024461        om       881       882                  0.02225988        91
   45132        0.00024453        op       881       882                  0.02225213        91
   92220        0.00024056        op     36296     36297                  0.03488093       145

  ==> Add operator: mvp2 -1: 699 700
  ==> Current qubit order: 2  3  4  5  6  7  8  9  10  11  12  13  14  15  16  17  18  19  20  21  22  23  24  25  26  28  29  30  31  32  33  36  71  37  38  39  42  43  44  45  46  47  48  49  50  51  34  35  76  77  52  53  57  60  59  56  54  70  113  66  0  1  67  68  58  55  40  41  61  64  65  62  27  126  63  69  74  75  72  73  78  79  84  85  80  127  81  92  93  82  83  88  89  86  94  95  87  96  97  98  90  91  99  100  112  101  102  103  115  104  105  106  110  111  107  114  117  108  109  116  120  121  124  125  118  119  122  123  


  ==> Energy                -422.620222995
  ==> dE                       -4.29e-05
  ==> Gradient Norm             2.80e-01
  ==> Abs. Max. Deriv.          3.49e-02
  ==> Time-Grad. (s)             398.419
  ==> Time-Energy (s)             45.593
  ==> Time-Iter. (s)             447.779

--------------------------------------------------------------------------------
CEO-ADAPT-VQE iteration: 38
--------------------------------------------------------------------------------
    gate        derivative      name       op1       op2       op3        g_unscaled   penalty
     183        0.00032800      a_ia       183                            0.00655996        20
   44864        0.00028687        om       730       731                  0.03126914       109
   44863        0.00028659        op       730       731                  0.03123811       109
     730        0.00025003    a_iajb       730                            0.03125363       125
   45034        0.00024435        om       900       901                  0.02223619        91
   45033        0.00024427        op       900       901                  0.02222846        91
   68296        0.00023455        om     18456     18457                  0.02650412       113
   68295        0.00023178        op     18456     18457                  0.02619126       113
   44871        0.00023106        op       738       739                  0.03350347       145
   44872        0.00022830        om       738       739                  0.03310322       145

  ==> Add operator: a_ia 183
  ==> Current qubit order: 2  3  4  5  6  7  8  9  10  11  12  13  14  15  16  17  18  19  20  21  22  23  24  25  26  28  29  30  31  32  33  36  71  37  38  39  42  43  44  45  46  47  48  49  50  51  34  35  76  77  52  53  57  60  59  56  54  70  113  0  1  67  68  58  55  40  41  61  66  64  65  62  27  126  63  69  74  75  72  73  78  79  84  85  80  127  81  92  93  82  83  88  89  86  94  95  87  96  97  98  90  91  99  100  112  101  102  103  115  104  105  106  110  111  107  114  117  108  109  116  120  121  124  125  118  119  122  123  


  ==> Energy                -422.620242870
  ==> dE                       -1.99e-05
  ==> Gradient Norm             2.64e-01
  ==> Abs. Max. Deriv.          3.35e-02
  ==> Time-Grad. (s)             394.574
  ==> Time-Energy (s)             22.112
  ==> Time-Iter. (s)             420.329

--------------------------------------------------------------------------------
CEO-ADAPT-VQE iteration: 39
--------------------------------------------------------------------------------
    gate        derivative      name       op1       op2       op3        g_unscaled   penalty
   44997        0.00029776        om       748       749                  0.03126478       105
   44996        0.00029746        op       748       749                  0.03123332       105
     748        0.00025826    a_iajb       748                            0.03124905       121
   69045        0.00025242        om     18946     18947                  0.02650405       105
   69044        0.00024944        op     18946     18947                  0.02619157       105
   45169        0.00023405        om       920       921                  0.02223508        95
   45168        0.00023397        op       920       921                  0.02222735        95
   45004        0.00023106        op       756       757                  0.03350363       145
   45005        0.00022828        om       756       757                  0.03310104       145
   74899       -0.00022141        om     23312     23313                 -0.00819220        37

  ==> Add operator: mvp2 -1: 748 749
  ==> Current qubit order: 2  3  4  5  6  7  8  9  10  11  12  13  14  15  16  17  18  19  20  21  22  23  24  25  26  28  29  30  31  32  33  36  37  38  39  42  43  44  45  46  47  48  49  50  51  34  35  76  77  52  71  70  0  1  53  57  60  59  56  54  113  67  68  58  55  40  41  61  66  64  65  62  27  126  63  69  74  75  72  73  78  79  84  85  80  127  81  92  93  82  83  88  89  86  94  95  87  96  97  98  90  91  99  100  112  101  102  103  115  104  105  106  110  111  107  114  117  108  109  116  120  121  124  125  118  119  122  123  


  ==> Energy                -422.620319607
  ==> dE                       -7.67e-05
  ==> Gradient Norm             2.73e-01
  ==> Abs. Max. Deriv.          3.35e-02
  ==> Time-Grad. (s)             395.725
  ==> Time-Energy (s)             44.985
  ==> Time-Iter. (s)             444.314

--------------------------------------------------------------------------------
CEO-ADAPT-VQE iteration: 40
--------------------------------------------------------------------------------
    gate        derivative      name       op1       op2       op3        g_unscaled   penalty
   69551        0.00037209        om     19405     19406                  0.02641830        71
   69550        0.00036772        op     19405     19406                  0.02610782        71
   66967        0.00036078        om     17445     17446                  0.01551360        43
   66966        0.00035263        op     17445     17446                  0.01516320        43
   19405        0.00030187    a_iajb     19405                            0.02626306        87
   17445        0.00025997    a_iajb     17445                            0.01533840        59
   44960        0.00025408        op       806       807                  0.00940083        37
   44961        0.00025408        om       806       807                  0.00940083        37
   44936        0.00024310        op       782       783                  0.03427659       141
   44937        0.00024021        om       782       783                  0.03386891       141

  ==> Add operator: mvp2 -1: 19405 19406
  ==> Current qubit order: 2  3  4  5  6  7  8  9  10  11  12  13  14  15  16  17  18  19  20  21  22  23  24  25  26  28  29  30  31  32  33  36  37  38  39  42  43  44  45  46  47  48  49  50  51  34  35  76  77  52  1  53  57  60  71  70  0  41  59  56  54  113  67  68  58  55  40  61  66  64  65  62  27  126  63  69  74  75  72  73  78  79  84  85  80  127  81  92  93  82  83  88  89  86  94  95  87  96  97  98  90  91  99  100  112  101  102  103  115  104  105  106  110  111  107  114  117  108  109  116  120  121  124  125  118  119  122  123  


  ==> Energy                -422.620417995
  ==> dE                       -9.84e-05
  ==> Gradient Norm             2.65e-01
  ==> Abs. Max. Deriv.          4.06e-02
  ==> Time-Grad. (s)             393.908
  ==> Time-Energy (s)             42.893
  ==> Time-Iter. (s)             440.398

--------------------------------------------------------------------------------
CEO-ADAPT-VQE iteration: 41
--------------------------------------------------------------------------------
    gate        derivative      name       op1       op2       op3        g_unscaled   penalty
   99300        0.00113737        om     41991     41992                  0.06710474        59
   99299        0.00113737        op     41991     41992                  0.06710467        59
   41991        0.00089473    a_iajb     41991                            0.06710470        75
   63334       -0.00031435        om     14731     14732                 -0.02231912        71
   63333       -0.00031164        op     14731     14732                 -0.02212677        71
   67418        0.00029767        om     17831     17832                  0.01518103        51
   67417        0.00029091        op     17831     17832                  0.01483650        51
   14731       -0.00025544    a_iajb     14731                           -0.02222295        87
   44893        0.00025472        op       815       816                  0.03438780       135
   44894        0.00025171        om       815       816                  0.03398093       135

  ==> Add operator: om -1: 41991 41992
  ==> Current qubit order: 2  3  4  5  6  7  8  9  10  11  12  13  14  15  16  17  18  19  20  21  22  23  24  25  26  28  29  30  31  32  33  36  37  38  39  42  43  44  45  46  47  48  49  50  51  34  35  76  77  52  1  53  57  60  71  70  0  41  59  56  113  67  58  40  61  54  68  55  69  66  64  65  62  27  126  63  74  75  72  73  78  79  84  85  80  127  81  92  93  82  83  88  89  86  94  95  87  96  97  98  90  91  99  100  112  101  102  103  115  104  105  106  110  111  107  114  117  108  109  116  120  121  124  125  118  119  122  123  


  ==> Energy                -422.621577201
  ==> dE                       -1.16e-03
  ==> Gradient Norm             2.88e-01
  ==> Abs. Max. Deriv.          6.71e-02
  ==> Time-Grad. (s)             395.649
  ==> Time-Energy (s)             19.889
  ==> Time-Iter. (s)             419.182

--------------------------------------------------------------------------------
CEO-ADAPT-VQE iteration: 42
--------------------------------------------------------------------------------
    gate        derivative      name       op1       op2       op3        g_unscaled   penalty
   68047        0.00029766        om     18223     18224                  0.01518073        51
   68046        0.00029091        op     18223     18224                  0.01483631        51
   63883       -0.00028986        om     15061     15062                 -0.02231905        77
   63882       -0.00028736        op     15061     15062                 -0.02212670        77
   45032        0.00025472        op       828       829                  0.03438784       135
   45033        0.00025171        om       828       829                  0.03398111       135
   15061       -0.00023896    a_iajb     15061                           -0.02222288        93
     828        0.00022639    a_iajb       828                            0.03418447       151
   18223        0.00022401    a_iajb     18223                            0.01500852        67
   45056        0.00021861        op       852       853                  0.00940041        43

  ==> Add operator: mvp2 -1: 18223 18224
  ==> Current qubit order: 2  3  4  5  6  7  8  9  10  11  12  13  14  15  16  17  18  19  20  21  22  23  24  25  26  28  29  30  31  32  33  36  37  38  39  42  43  44  45  46  47  48  49  50  51  34  76  77  52  1  53  57  60  35  71  70  0  41  59  56  113  67  58  40  61  54  68  55  69  66  64  65  62  27  126  63  74  75  72  73  78  79  84  85  80  127  81  92  93  82  83  88  89  86  94  95  87  96  97  98  90  91  99  100  112  101  102  103  115  104  105  106  110  111  107  114  117  108  109  116  120  121  124  125  118  119  122  123  


  ==> Energy                -422.621624993
  ==> dE                       -4.78e-05
  ==> Gradient Norm             2.61e-01
  ==> Abs. Max. Deriv.          3.44e-02
  ==> Time-Grad. (s)             397.425
  ==> Time-Energy (s)             45.378
  ==> Time-Iter. (s)             446.514

--------------------------------------------------------------------------------
CEO-ADAPT-VQE iteration: 43
--------------------------------------------------------------------------------
    gate        derivative      name       op1       op2       op3        g_unscaled   penalty
   65419        0.00061495        om     16323     16324                  0.08178866       133
   65418        0.00060989        op     16323     16324                  0.08111519       133
   16323        0.00054666    a_iajb     16323                            0.08145193       149
   64217       -0.00028997        om     15370     15371                 -0.02232751        77
   64216       -0.00028747        op     15370     15371                 -0.02213523        77
   44958        0.00026706        op       840       841                  0.03445126       129
   44959        0.00026392        om       840       841                  0.03404544       129
   74276        0.00024040        op     22943     22944                  0.02956874       123
   15370       -0.00023905    a_iajb     15370                           -0.02223137        93
     840        0.00023620    a_iajb       840                            0.03424835       145

  ==> Add operator: mvp2 -1: 16323 16324
  ==> Current qubit order: 2  3  4  5  6  7  8  9  10  11  12  13  14  15  16  17  18  19  20  21  22  23  24  25  26  28  30  31  32  33  36  37  38  39  42  43  44  45  46  47  48  49  50  51  34  76  77  52  1  53  57  60  29  0  113  126  35  71  70  41  59  56  67  58  40  61  54  68  55  69  66  64  65  62  27  63  74  75  72  73  78  79  84  85  80  127  81  92  93  82  83  88  89  86  94  95  87  96  97  98  90  91  99  100  112  101  102  103  115  104  105  106  110  111  107  114  117  108  109  116  120  121  124  125  118  119  122  123  


  ==> Energy                -422.622054187
  ==> dE                       -4.29e-04
  ==> Gradient Norm             2.91e-01
  ==> Abs. Max. Deriv.          8.18e-02
  ==> Time-Grad. (s)             396.253
  ==> Time-Energy (s)             39.031
  ==> Time-Iter. (s)             438.951

--------------------------------------------------------------------------------
CEO-ADAPT-VQE iteration: 44
--------------------------------------------------------------------------------
    gate        derivative      name       op1       op2       op3        g_unscaled   penalty
   64679       -0.00030816        om     15732     15733                 -0.02249592        73
   64678       -0.00030572        op     15732     15733                 -0.02231784        73
   45161        0.00028520        om      1035      1036                  0.03279826       115
   45160        0.00028221        op      1035      1036                  0.03245465       115
       0        0.00026872      a_ia         0                            0.02310988        86
   44982        0.00026315        op       857       858                  0.03447255       131
   44983        0.00026002        om       857       858                  0.03406321       131
   15732       -0.00025176    a_iajb     15732                           -0.02240688        89
    1035        0.00024906    a_iajb      1035                            0.03262645       131
     857        0.00023311    a_iajb       857                            0.03426788       147

  ==> Add operator: mvp2 -1: 15732 15733
  ==> Current qubit order: 2  3  4  5  6  7  8  9  10  11  12  13  14  15  16  17  18  19  20  21  22  23  24  25  26  28  30  31  32  33  36  37  38  39  42  43  44  45  46  47  48  49  50  51  34  76  77  52  1  53  57  60  29  113  35  71  70  41  59  0  126  67  27  56  58  40  61  54  68  55  69  66  64  65  62  63  74  75  72  73  78  79  84  85  80  127  81  92  93  82  83  88  89  86  94  95  87  96  97  98  90  91  99  100  112  101  102  103  115  104  105  106  110  111  107  114  117  108  109  116  120  121  124  125  118  119  122  123  


  ==> Energy                -422.622091393
  ==> dE                       -3.72e-05
  ==> Gradient Norm             2.77e-01
  ==> Abs. Max. Deriv.          3.45e-02
  ==> Time-Grad. (s)             395.855
  ==> Time-Energy (s)             40.202
  ==> Time-Iter. (s)             439.716

--------------------------------------------------------------------------------
CEO-ADAPT-VQE iteration: 45
--------------------------------------------------------------------------------
    gate        derivative      name       op1       op2       op3        g_unscaled   penalty
   45103        0.00031643        om      1048      1049                  0.03322515       105
   45102        0.00031242        op      1048      1049                  0.03280399       105
    1048        0.00027285    a_iajb      1048                            0.03301457       121
   44924        0.00027140        op       870       871                  0.03446766       127
   44925        0.00026818        om       870       871                  0.03405848       127
     870        0.00023960    a_iajb       870                            0.03426307       143
       0        0.00023872      a_ia         0                            0.02339445        98
   44891        0.00019565        om       836       837                  0.01350018        69
   44890        0.00019477        op       836       837                  0.01343887        69
   65035       -0.00018741        om     16075     16076                 -0.00843364        45

  ==> Add operator: mvp2 -1: 1048 1049
  ==> Current qubit order: 2  3  4  5  6  7  8  9  10  11  12  13  14  15  16  17  18  19  20  21  22  23  24  25  26  28  30  31  32  33  36  37  38  39  42  43  44  45  46  47  48  49  50  51  34  76  77  52  53  57  60  29  113  35  71  70  41  59  67  27  56  1  0  126  127  58  40  61  54  68  55  69  66  64  65  62  63  74  75  72  73  78  79  84  85  80  81  92  93  82  83  88  89  86  94  95  87  96  97  98  90  91  99  100  112  101  102  103  115  104  105  106  110  111  107  114  117  108  109  116  120  121  124  125  118  119  122  123  


  ==> Energy                -422.622155079
  ==> dE                       -6.37e-05
  ==> Gradient Norm             2.69e-01
  ==> Abs. Max. Deriv.          3.45e-02
  ==> Time-Grad. (s)             396.972
  ==> Time-Energy (s)             55.123
  ==> Time-Iter. (s)             455.743

--------------------------------------------------------------------------------
CEO-ADAPT-VQE iteration: 46
--------------------------------------------------------------------------------
    gate        derivative      name       op1       op2       op3        g_unscaled   penalty
   44905        0.00030442        op       888       889                  0.03439991       113
   44906        0.00030081        om       888       889                  0.03399102       113
     888        0.00026508    a_iajb       888                            0.03419546       129
       0        0.00023037      a_ia         0                            0.02395855       104
   96030       -0.00022149        om     39529     39530                 -0.01572572        71
   96029       -0.00022029        op     39529     39530                 -0.01564071        71
   65434       -0.00018687        om     16412     16413                 -0.00840910        45
   44867        0.00018479        op       850       851                  0.01201106        65
   44870        0.00018472        om       852       853                  0.01348469        73
   44868        0.00018452        om       850       851                  0.01199360        65

  ==> Add operator: mvp2 -1: 888 889
  ==> Current qubit order: 2  3  4  5  6  7  8  9  10  11  12  13  14  15  16  17  18  19  20  21  22  23  24  25  26  28  30  31  32  33  36  37  38  39  42  43  44  45  46  47  48  49  50  51  34  76  77  52  53  57  60  29  113  35  70  41  59  67  27  56  126  127  58  40  61  71  1  0  88  54  68  55  69  66  64  65  62  63  74  75  72  73  78  79  84  85  80  81  92  93  82  83  89  86  94  95  87  96  97  98  90  91  99  100  112  101  102  103  115  104  105  106  110  111  107  114  117  108  109  116  120  121  124  125  118  119  122  123  


  ==> Energy                -422.622268222
  ==> dE                       -1.13e-04
  ==> Gradient Norm             2.64e-01
  ==> Abs. Max. Deriv.          3.44e-02
  ==> Time-Grad. (s)             393.811
  ==> Time-Energy (s)             40.913
  ==> Time-Iter. (s)             438.302

--------------------------------------------------------------------------------
CEO-ADAPT-VQE iteration: 47
--------------------------------------------------------------------------------
    gate        derivative      name       op1       op2       op3        g_unscaled   penalty
   74464       -0.00033276        om     23188     23189                 -0.02096404        63
   74463       -0.00032563        op     23188     23189                 -0.02051482        63
   73069        0.00032522        op     22141     22143                  0.01853760        57
   73070        0.00032522        op     22141     22143                  0.01853760        57
   73065        0.00031401        op     22141     22142                  0.01789872        57
   73066        0.00031401        op     22141     22142                  0.01789872        57
   23188       -0.00026252    a_iajb     23188                           -0.02073943        79
   22141        0.00025554    a_iajb     22141                            0.01865460        73
   44935        0.00024519        op       863       864                  0.01201433        49
   44936        0.00024480        om       863       864                  0.01199511        49

  ==> Add operator: mvp2 -1: 23188 23189
  ==> Current qubit order: 2  3  4  5  6  7  8  9  10  11  12  13  14  15  16  17  18  19  20  21  22  23  24  25  26  28  30  31  32  33  36  37  38  39  42  43  44  45  46  47  48  49  50  51  34  76  77  52  53  57  60  29  113  35  70  41  59  67  27  56  126  58  40  61  71  127  1  54  66  0  88  68  55  69  64  65  62  63  74  75  72  73  78  79  84  85  80  81  92  93  82  83  89  86  94  95  87  96  97  98  90  91  99  100  112  101  102  103  115  104  105  106  110  111  107  114  117  108  109  116  120  121  124  125  118  119  122  123  


  ==> Energy                -422.622323538
  ==> dE                       -5.53e-05
  ==> Gradient Norm             2.67e-01
  ==> Abs. Max. Deriv.          2.93e-02
  ==> Time-Grad. (s)             394.749
  ==> Time-Energy (s)             40.901
  ==> Time-Iter. (s)             439.222

--------------------------------------------------------------------------------
CEO-ADAPT-VQE iteration: 48
--------------------------------------------------------------------------------
    gate        derivative      name       op1       op2       op3        g_unscaled   penalty
       2       -0.00207340      a_ia         2                           -0.02902758        14
   44907        0.00026705        op       888       889                  0.01201743        45
   44908        0.00026662        om       888       889                  0.01199811        45
   44929        0.00022136        op       910       911                  0.00774759        35
   44930        0.00022136        om       910       911                  0.00774757        35
       0        0.00021277      a_ia         0                            0.02510632       118
     888        0.00019685    a_iajb       888                            0.01200777        61
   44910        0.00019540        om       890       891                  0.01348243        69
   44909        0.00019444        op       890       891                  0.01341645        69
   44940       -0.00018328        om       920       921                 -0.02364343       129

  ==> Add operator: a_ia 2
  ==> Current qubit order: 2  3  4  5  6  7  8  9  10  11  12  13  14  15  16  17  18  19  20  21  22  23  24  25  26  28  30  31  32  33  36  37  38  39  42  43  44  45  46  47  48  49  50  51  34  76  77  52  53  57  60  29  113  35  70  41  59  67  27  56  126  58  61  71  127  1  54  66  40  0  88  68  55  69  64  65  62  63  74  75  72  73  78  79  84  85  80  81  92  93  82  83  89  86  94  95  87  96  97  98  90  91  99  100  112  101  102  103  115  104  105  106  110  111  107  114  117  108  109  116  120  121  124  125  118  119  122  123  


  ==> Energy                -422.622385266
  ==> dE                       -6.17e-05
  ==> Gradient Norm             2.54e-01
  ==> Abs. Max. Deriv.          2.93e-02
  ==> Time-Grad. (s)             394.825
  ==> Time-Energy (s)             20.438
  ==> Time-Iter. (s)             418.886

--------------------------------------------------------------------------------
CEO-ADAPT-VQE iteration: 49
--------------------------------------------------------------------------------
    gate        derivative      name       op1       op2       op3        g_unscaled   penalty
   99548       -0.00060466        op     42087     42088                 -0.03446546        57
   99549       -0.00060333        om     42087     42088                 -0.03438980        57
   42087       -0.00047161    a_iajb     42087                           -0.03442763        73
   92448        0.00038501        op     36736     36737                  0.06429720       167
   92449        0.00037815        om     36736     36737                  0.06315113       167
   36736        0.00034822    a_iajb     36736                            0.06372416       183
   44964        0.00025595        op       904       905                  0.01202965        47
   44965        0.00025555        om       904       905                  0.01201072        47
   44986        0.00020974        op       926       927                  0.00776039        37
   44987        0.00020974        om       926       927                  0.00776037        37

  ==> Add operator: mvp2 -1: 42087 42088
  ==> Current qubit order: 2  3  4  5  6  7  8  9  10  11  12  13  14  15  16  17  18  19  20  21  22  23  24  25  26  28  30  31  32  33  36  37  38  39  42  43  44  45  46  47  48  49  50  51  34  76  77  52  53  57  60  29  113  35  70  41  59  67  27  56  126  61  71  127  1  54  66  40  58  55  69  64  0  88  68  65  62  63  74  75  72  73  78  79  84  85  80  81  92  93  82  83  89  86  94  95  87  96  97  98  90  91  99  100  112  101  102  103  115  104  105  106  110  111  107  114  117  108  109  116  120  121  124  125  118  119  122  123  


  ==> Energy                -422.622778946
  ==> dE                       -3.94e-04
  ==> Gradient Norm             2.75e-01
  ==> Abs. Max. Deriv.          6.43e-02
  ==> Time-Grad. (s)             395.744
  ==> Time-Energy (s)             56.791
  ==> Time-Iter. (s)             456.166

--------------------------------------------------------------------------------
CEO-ADAPT-VQE iteration: 50
--------------------------------------------------------------------------------
    gate        derivative      name       op1       op2       op3        g_unscaled   penalty
   44971        0.00022107        om       921       922                  0.01348547        61
   44970        0.00021998        op       921       922                  0.01341893        61
   44968        0.00021093        op       919       920                  0.01202318        57
   44969        0.00021060        om       919       920                  0.01200426        57
   94637       -0.00018846        om     38359     38360                 -0.01451161        77
   45001       -0.00017508        om       951       952                 -0.02363644       135
     921        0.00017470    a_iajb       921                            0.01345220        77
   45000       -0.00017300        op       951       952                 -0.02335505       135
   92413       -0.00016689        om     36696     36697                 -0.02586784       155
   92412       -0.00016623        op     36696     36697                 -0.02576501       155

  ==> Add operator: mvp2 -1: 921 922
  ==> Current qubit order: 2  3  4  5  6  7  8  9  10  11  12  13  14  15  16  17  18  19  20  21  22  23  24  25  26  28  30  31  32  33  36  37  38  39  42  43  44  45  46  47  48  49  50  51  34  76  77  52  53  57  60  29  113  35  70  41  59  27  56  126  61  71  127  54  67  1  64  0  66  40  58  55  69  88  68  65  62  63  74  75  72  73  78  79  84  85  80  81  92  93  82  83  89  86  94  95  87  96  97  98  90  91  99  100  112  101  102  103  115  104  105  106  110  111  107  114  117  108  109  116  120  121  124  125  118  119  122  123  


  ==> Energy                -422.623159683
  ==> dE                       -3.81e-04
  ==> Gradient Norm             2.53e-01
  ==> Abs. Max. Deriv.          2.93e-02
  ==> Time-Grad. (s)             394.011
  ==> Time-Energy (s)            799.592
  ==> Time-Iter. (s)            1197.244

--------------------------------------------------------------------------------
CEO-ADAPT-VQE iteration: 51
--------------------------------------------------------------------------------
    gate        derivative      name       op1       op2       op3        g_unscaled   penalty
       2        0.00055552      a_ia         2                            0.00222208         4
   45215        0.00036375        op      1174      1175                  0.01564131        43
   45216        0.00036160        om      1174      1175                  0.01554871        43
    1174        0.00026432    a_iajb      1174                            0.01559501        59
   44979        0.00026308        op       938       939                  0.01236454        47
   44980        0.00026202        om       938       939                  0.01231485        47
   45041       -0.00021053        op      1000      1001                 -0.01410531        67
   45042       -0.00021053        om      1000      1001                 -0.01410531        67
   45009       -0.00020187        op       968       969                 -0.01029533        51
   45029       -0.00020185        op       988       989                 -0.01513856        75

  ==> Add operator: a_ia 2
  ==> Current qubit order: 2  3  4  5  6  7  8  9  10  11  12  13  14  15  16  17  18  19  20  21  22  23  24  25  26  28  30  31  32  33  36  37  38  39  42  43  44  45  46  47  48  49  50  51  34  76  77  52  53  57  60  29  113  35  70  41  59  27  56  126  61  71  127  54  67  1  64  66  0  40  58  55  69  88  68  65  62  63  74  75  72  73  78  79  84  85  80  81  92  93  82  83  89  86  94  95  87  96  97  98  90  91  99  100  112  101  102  103  115  104  105  106  110  111  107  114  117  108  109  116  120  121  124  125  118  119  122  123  


  ==> Energy                -422.623160136
  ==> dE                       -4.52e-07
  ==> Gradient Norm             2.67e-01
  ==> Abs. Max. Deriv.          4.44e-02
  ==> Time-Grad. (s)             399.136
  ==> Time-Energy (s)             22.995
  ==> Time-Iter. (s)             425.847

--------------------------------------------------------------------------------
CEO-ADAPT-VQE iteration: 52
--------------------------------------------------------------------------------
    gate        derivative      name       op1       op2       op3        g_unscaled   penalty
   45256        0.00034370        op      1197      1198                  0.01546665        45
   45257        0.00034169        om      1197      1198                  0.01537615        45
   45016        0.00027471        op       957       958                  0.01236204        45
   45017        0.00027361        om       957       958                  0.01231232        45
    1197        0.00025281    a_iajb      1197                            0.01542140        61
   45078       -0.00021785        op      1019      1020                 -0.01416034        65
   45079       -0.00021785        om      1019      1020                 -0.01416034        65
   45066       -0.00020870        op      1007      1008                 -0.01523478        73
   45067       -0.00020870        om      1007      1008                 -0.01523478        73
   45140       -0.00020283        op      1081      1082                 -0.01805225        89

  ==> Add operator: mvp2 -1: 1197 1198
  ==> Current qubit order: 2  3  4  5  6  7  8  9  10  11  12  13  14  15  16  17  18  19  20  21  22  23  24  25  26  28  30  31  32  33  36  37  38  39  42  43  44  45  46  47  48  49  50  51  34  76  77  52  53  57  60  29  113  35  70  41  59  27  56  61  71  54  67  126  127  1  0  64  66  40  58  55  69  88  68  65  62  63  74  75  72  73  78  79  84  85  80  81  92  93  82  83  89  86  94  95  87  96  97  98  90  91  99  100  112  101  102  103  115  104  105  106  110  111  107  114  117  108  109  116  120  121  124  125  118  119  122  123  


  ==> Energy                -422.623169994
  ==> dE                       -9.86e-06
  ==> Gradient Norm             2.67e-01
  ==> Abs. Max. Deriv.          4.44e-02
  ==> Time-Grad. (s)             416.297
  ==> Time-Energy (s)             44.357
  ==> Time-Iter. (s)             464.290

--------------------------------------------------------------------------------
CEO-ADAPT-VQE iteration: 53
--------------------------------------------------------------------------------
    gate        derivative      name       op1       op2       op3        g_unscaled   penalty
   44946        0.00031676        op       982       983                  0.01235363        39
   44947        0.00031548        om       982       983                  0.01230371        39
     982        0.00022416    a_iajb       982                            0.01232867        55
   45008       -0.00020537        op      1044      1045                 -0.01417022        69
   45009       -0.00020537        om      1044      1045                 -0.01417022        69
   44996       -0.00019823        op      1032      1033                 -0.01526365        77
   44997       -0.00019823        om      1032      1033                 -0.01526365        77
   45070       -0.00019428        op      1106      1107                 -0.01806768        93
   45071       -0.00019428        om      1106      1107                 -0.01806768        93
   44976       -0.00019182        op      1012      1013                 -0.01054983        55

  ==> Add operator: mvp2 -1: 982 983
  ==> Current qubit order: 2  3  4  5  6  7  8  9  10  11  12  13  14  15  16  17  18  19  20  21  22  23  24  25  26  28  30  31  32  33  36  37  38  39  42  43  44  45  46  47  48  49  50  51  34  76  77  52  53  57  60  29  113  35  70  41  59  27  56  61  71  54  67  126  127  1  0  64  65  66  40  58  55  69  88  68  62  63  74  75  72  73  78  79  84  85  80  81  92  93  82  83  89  86  94  95  87  96  97  98  90  91  99  100  112  101  102  103  115  104  105  106  110  111  107  114  117  108  109  116  120  121  124  125  118  119  122  123  


  ==> Energy                -422.623187049
  ==> dE                       -1.71e-05
  ==> Gradient Norm             2.62e-01
  ==> Abs. Max. Deriv.          4.44e-02
  ==> Time-Grad. (s)             394.078
  ==> Time-Energy (s)             44.384
  ==> Time-Iter. (s)             442.085

--------------------------------------------------------------------------------
CEO-ADAPT-VQE iteration: 54
--------------------------------------------------------------------------------
    gate        derivative      name       op1       op2       op3        g_unscaled   penalty
   44981       -0.00020584        op      1066      1067                 -0.01420285        69
   44982       -0.00020584        om      1066      1067                 -0.01420285        69
   44969       -0.00019853        op      1054      1055                 -0.01528656        77
   44970       -0.00019853        om      1054      1055                 -0.01528656        77
   45043       -0.00019449        op      1128      1129                 -0.01808725        93
   45044       -0.00019449        om      1128      1129                 -0.01808725        93
   44949       -0.00019205        op      1034      1035                 -0.01056266        55
   44950       -0.00019046        om      1034      1035                 -0.01047533        55
   44952       -0.00017037        om      1036      1037                 -0.02402239       141
   44951       -0.00016791        op      1036      1037                 -0.02367479       141

  ==> Add operator: op -1: 1066 1067
  ==> Current qubit order: 2  3  4  5  6  7  8  9  10  11  12  13  14  15  16  17  18  19  20  21  22  23  24  25  26  28  30  31  32  33  36  37  38  39  42  43  44  45  46  47  48  49  50  51  34  76  77  52  53  57  60  29  113  35  70  41  59  27  56  61  71  54  67  126  127  64  65  66  40  58  1  0  74  75  55  69  88  68  62  63  72  73  78  79  84  85  80  81  92  93  82  83  89  86  94  95  87  96  97  98  90  91  99  100  112  101  102  103  115  104  105  106  110  111  107  114  117  108  109  116  120  121  124  125  118  119  122  123  


  ==> Energy                -422.623200194
  ==> dE                       -1.31e-05
  ==> Gradient Norm             2.47e-01
  ==> Abs. Max. Deriv.          2.93e-02
  ==> Time-Grad. (s)             393.450
  ==> Time-Energy (s)             26.926
  ==> Time-Iter. (s)             424.021

--------------------------------------------------------------------------------
CEO-ADAPT-VQE iteration: 55
--------------------------------------------------------------------------------
    gate        derivative      name       op1       op2       op3        g_unscaled   penalty
   45178        0.00070245        om      1295      1296                  0.03161029        45
   45177        0.00069524        op      1295      1296                  0.03128589        45
    1295        0.00051554    a_iajb      1295                            0.03144809        61
   44991        0.00049896        op      1109      1110                  0.01247406        25
   44992        0.00049896        om      1109      1110                  0.01247406        25
   44979       -0.00033828        op      1097      1098                 -0.01928176        57
   44980       -0.00033828        om      1097      1098                 -0.01928176        57
    1109        0.00030425    a_iajb      1109                            0.01247406        41
    1097       -0.00026413    a_iajb      1097                           -0.01928176        73
   99717        0.00021108        op     42493     42495                  0.00907663        43

  ==> Add operator: mvp2 -1: 1295 1296
  ==> Current qubit order: 2  3  4  5  6  7  8  9  10  11  12  13  14  15  16  17  18  19  20  21  22  23  24  25  26  28  30  31  32  33  36  37  38  39  42  43  44  45  46  47  48  49  50  51  34  76  77  52  53  57  60  29  113  35  70  41  59  27  56  61  71  54  67  64  65  126  127  1  0  66  40  58  74  75  55  69  88  68  62  63  72  73  78  79  84  85  80  81  92  93  82  83  89  86  94  95  87  96  97  98  90  91  99  100  112  101  102  103  115  104  105  106  110  111  107  114  117  108  109  116  120  121  124  125  118  119  122  123  


  ==> Energy                -422.623318294
  ==> dE                       -4.99e-05
  ==> Gradient Norm             2.55e-01
  ==> Abs. Max. Deriv.          3.16e-02
  ==> Time-Grad. (s)             414.765
  ==> Time-Energy (s)             40.134
  ==> Time-Iter. (s)             459.066

--------------------------------------------------------------------------------
CEO-ADAPT-VQE iteration: 56
--------------------------------------------------------------------------------
    gate        derivative      name       op1       op2       op3        g_unscaled   penalty
   44944        0.00033660        op      1129      1130                  0.01245429        37
   44945        0.00033660        om      1129      1130                  0.01245429        37
   73884        0.00030979        op     22946     22948                  0.02261473        73
   73885        0.00030979        op     22946     22948                  0.02261473        73
   73880        0.00030538        op     22946     22947                  0.02229298        73
   73881        0.00030538        op     22946     22947                  0.02229298        73
   44930       -0.00028030        op      1115      1116                 -0.01934091        69
   44931       -0.00028030        om      1115      1116                 -0.01934091        69
   22946        0.00025001    a_iajb     22946                            0.02225058        89
    1129        0.00023499    a_iajb      1129                            0.01245429        53

  ==> Add operator: op -1: 1129 1130
  ==> Current qubit order: 2  3  4  5  6  7  8  9  10  11  12  13  14  15  16  17  18  19  20  21  22  23  24  25  26  28  30  31  32  33  36  37  38  39  42  43  44  45  46  47  48  49  50  51  34  76  77  52  53  57  60  29  113  35  70  41  59  27  56  61  71  54  67  64  65  126  127  66  1  0  74  75  40  58  55  69  88  68  62  63  72  73  78  79  84  85  80  81  92  93  82  83  89  86  94  95  87  96  97  98  90  91  99  100  112  101  102  103  115  104  105  106  110  111  107  114  117  108  109  116  120  121  124  125  118  119  122  123  


  ==> Energy                -422.623328393
  ==> dE                       -1.01e-05
  ==> Gradient Norm             2.55e-01
  ==> Abs. Max. Deriv.          3.98e-02
  ==> Time-Grad. (s)             410.358
  ==> Time-Energy (s)             30.168
  ==> Time-Iter. (s)             444.124

--------------------------------------------------------------------------------
CEO-ADAPT-VQE iteration: 57
--------------------------------------------------------------------------------
    gate        derivative      name       op1       op2       op3        g_unscaled   penalty
   44997       -0.00029852        op      1123      1124                 -0.01940383        65
   44998       -0.00029852        om      1123      1124                 -0.01940383        65
    1123       -0.00023955    a_iajb      1123                           -0.01940383        81
       0        0.00020627      a_ia         0                            0.02433953       118
   98990        0.00020623        om     41852     41853                  0.01216766        59
   98989        0.00020604        op     41852     41853                  0.01215609        59
   44980       -0.00018362        om      1105      1106                 -0.02368666       129
   44979       -0.00018068        op      1105      1106                 -0.02330834       129
   41852        0.00016216    a_iajb     41852                            0.01216187        75
    1105       -0.00016205    a_iajb      1105                           -0.02349750       145

  ==> Add operator: op -1: 1123 1124
  ==> Current qubit order: 2  3  4  5  6  7  8  9  10  11  12  13  14  15  16  17  18  19  20  21  22  23  24  25  26  28  30  31  32  33  36  37  38  39  42  43  44  45  46  47  48  49  50  51  34  76  77  52  53  57  60  29  113  35  70  41  59  27  56  61  71  54  67  64  65  126  127  66  74  75  40  58  1  0  72  73  55  69  88  68  62  63  78  79  84  85  80  81  92  93  82  83  89  86  94  95  87  96  97  98  90  91  99  100  112  101  102  103  115  104  105  106  110  111  107  114  117  108  109  116  120  121  124  125  118  119  122  123  


  ==> Energy                -422.623355983
  ==> dE                       -2.76e-05
  ==> Gradient Norm             2.49e-01
  ==> Abs. Max. Deriv.          2.93e-02
  ==> Time-Grad. (s)             411.534
  ==> Time-Energy (s)             30.584
  ==> Time-Iter. (s)             445.747

--------------------------------------------------------------------------------
CEO-ADAPT-VQE iteration: 58
--------------------------------------------------------------------------------
    gate        derivative      name       op1       op2       op3        g_unscaled   penalty
   44997       -0.00019624        om      1119      1120                 -0.02374454       121
       0        0.00019506      a_ia         0                            0.02457796       126
   44996       -0.00019311        op      1119      1120                 -0.02336621       121
   44984        0.00019061        op      1107      1108                  0.00743371        39
   44985        0.00019058        om      1107      1108                  0.00743272        39
   45098       -0.00018222        op      1221      1222                 -0.01330236        73
   45099       -0.00018222        om      1221      1222                 -0.01330230        73
   91693       -0.00017549        om     36367     36368                 -0.02298877       131
   91692       -0.00017512        op     36367     36368                 -0.02294118       131
    1119       -0.00017194    a_iajb      1119                           -0.02355538       137

  ==> Add operator: mvp2 -1: 1119 1120
  ==> Current qubit order: 2  3  4  5  6  7  8  9  10  11  12  13  14  15  16  17  18  19  20  21  22  23  24  25  26  28  30  31  32  33  36  37  38  39  42  43  44  45  46  47  48  49  50  51  34  76  77  52  53  57  60  29  113  35  41  59  27  56  61  71  54  67  64  65  126  127  66  74  75  40  58  72  73  70  1  0  91  55  69  88  68  62  63  78  79  84  85  80  81  92  93  82  83  89  86  94  95  87  96  97  98  90  99  100  112  101  102  103  115  104  105  106  110  111  107  114  117  108  109  116  120  121  124  125  118  119  122  123  


  ==> Energy                -422.623402316
  ==> dE                       -4.63e-05
  ==> Gradient Norm             2.47e-01
  ==> Abs. Max. Deriv.          2.93e-02
  ==> Time-Grad. (s)             411.923
  ==> Time-Energy (s)             48.046
  ==> Time-Iter. (s)             463.663

--------------------------------------------------------------------------------
CEO-ADAPT-VQE iteration: 59
--------------------------------------------------------------------------------
    gate        derivative      name       op1       op2       op3        g_unscaled   penalty
   44952        0.00021198        op      1125      1126                  0.00741929        35
   44953        0.00021195        om      1125      1126                  0.00741831        35
       0        0.00019344      a_ia         0                            0.02514683       130
   45068       -0.00019321        op      1241      1242                 -0.01333141        69
   45069       -0.00019321        om      1241      1242                 -0.01333134        69
   72924        0.00018169        op     22230     22231                  0.02888891       159
   72925        0.00018083        om     22230     22231                  0.02875183       159
   45066       -0.00017749        op      1239      1240                 -0.01082693        61
   45067       -0.00017749        om      1239      1240                 -0.01082693        61
   73201        0.00016669        om     22446     22447                  0.01550193        93

  ==> Add operator: op -1: 1125 1126
  ==> Current qubit order: 2  3  4  5  6  7  8  9  10  11  12  13  14  15  16  17  18  19  20  21  22  23  24  25  26  28  30  31  32  33  36  37  38  39  42  43  44  45  46  47  48  49  50  51  34  76  77  52  53  57  60  29  113  35  41  59  27  56  61  71  54  67  64  65  126  127  66  74  75  40  58  72  73  70  91  55  1  0  69  68  88  62  63  78  79  84  85  80  81  92  93  82  83  89  86  94  95  87  96  97  98  90  99  100  112  101  102  103  115  104  105  106  110  111  107  114  117  108  109  116  120  121  124  125  118  119  122  123  


  ==> Energy                -422.623406416
  ==> dE                       -4.10e-06
  ==> Gradient Norm             2.55e-01
  ==> Abs. Max. Deriv.          2.93e-02
  ==> Time-Grad. (s)             412.387
  ==> Time-Energy (s)             22.070
  ==> Time-Iter. (s)             438.071

--------------------------------------------------------------------------------
CEO-ADAPT-VQE iteration: 60
--------------------------------------------------------------------------------
    gate        derivative      name       op1       op2       op3        g_unscaled   penalty
   45155       -0.00021854        op      1269      1270                 -0.01333122        61
   45156       -0.00021854        om      1269      1270                 -0.01333115        61
   45153       -0.00020458        op      1267      1268                 -0.01084289        53
   45154       -0.00020458        om      1267      1268                 -0.01084289        53
   45059        0.00019569        op      1173      1174                  0.02250405       115
   73985        0.00019150        op     22929     22930                  0.03121393       163
   45060        0.00019126        om      1173      1174                  0.02199470       115
       0        0.00018757      a_ia         0                            0.02513463       134
   73986        0.00018349        om     22929     22930                  0.02990958       163
    1269       -0.00017313    a_iajb      1269                           -0.01333118        77

  ==> Add operator: op -1: 1269 1270
  ==> Current qubit order: 2  3  4  5  6  7  8  9  10  11  12  13  14  15  16  17  18  19  20  21  22  23  24  25  26  28  30  31  32  33  36  37  38  39  42  43  44  45  46  47  48  49  50  51  34  76  77  52  53  57  60  29  113  35  41  59  27  56  61  71  54  67  64  65  126  127  66  74  75  40  58  72  73  70  91  55  69  68  88  62  1  0  84  93  63  78  79  85  80  81  92  82  83  89  86  94  95  87  96  97  98  90  99  100  112  101  102  103  115  104  105  106  110  111  107  114  117  108  109  116  120  121  124  125  118  119  122  123  


  ==> Energy                -422.623416999
  ==> dE                       -1.06e-05
  ==> Gradient Norm             2.42e-01
  ==> Abs. Max. Deriv.          3.12e-02
  ==> Time-Grad. (s)             412.228
  ==> Time-Energy (s)             18.748
  ==> Time-Iter. (s)             434.650

--------------------------------------------------------------------------------
CEO-ADAPT-VQE iteration: 61
--------------------------------------------------------------------------------
    gate        derivative      name       op1       op2       op3        g_unscaled   penalty
   45037       -0.00032049        op      1285      1286                 -0.01057620        33
   45038       -0.00032049        om      1285      1286                 -0.01057620        33
    1285       -0.00021584    a_iajb      1285                           -0.01057620        49
       0        0.00017586      a_ia         0                            0.02497216       142
   44941        0.00017181        op      1189      1190                  0.02250713       131
   44947        0.00017056        op      1195      1196                  0.01722669       101
   44948        0.00017049        om      1195      1196                  0.01721967       101
   44942        0.00016792        om      1189      1190                  0.02199779       131
   44957       -0.00015376        op      1205      1206                 -0.00845707        55
   44958       -0.00015369        om      1205      1206                 -0.00845318        55

  ==> Add operator: op -1: 1285 1286
  ==> Current qubit order: 2  3  4  5  6  7  8  9  10  11  12  13  14  15  16  17  18  19  20  21  22  23  24  25  26  28  30  31  32  33  36  37  38  39  42  43  44  45  46  47  48  49  50  51  34  76  77  52  53  57  60  29  113  35  41  59  27  56  61  71  54  67  64  65  126  127  66  74  75  40  58  72  73  70  91  55  69  68  88  62  1  0  84  85  93  63  78  79  80  81  92  82  83  89  86  94  95  87  96  97  98  90  99  100  112  101  102  103  115  104  105  106  110  111  107  114  117  108  109  116  120  121  124  125  118  119  122  123  


  ==> Energy                -422.623423793
  ==> dE                       -6.79e-06
  ==> Gradient Norm             2.50e-01
  ==> Abs. Max. Deriv.          2.93e-02
  ==> Time-Grad. (s)             425.834
  ==> Time-Energy (s)             28.523
  ==> Time-Iter. (s)             458.028

--------------------------------------------------------------------------------
CEO-ADAPT-VQE iteration: 62
--------------------------------------------------------------------------------
    gate        derivative      name       op1       op2       op3        g_unscaled   penalty
   95358        0.00023272        op     39342     39343                  0.01652300        71
   95359        0.00023272        op     39342     39343                  0.01652300        71
   95362        0.00023126        op     39342     39344                  0.01641938        71
   95363        0.00023126        op     39342     39344                  0.01641938        71
   39342        0.00018991    a_iajb     39342                            0.01652194        87
       0        0.00017751      a_ia         0                            0.02520684       142
   44956        0.00017181        op      1195      1196                  0.02250664       131
   44962        0.00017070        op      1201      1202                  0.01724072       101
   44963        0.00017063        om      1201      1202                  0.01723370       101
   44957        0.00016792        om      1195      1196                  0.02199730       131

  ==> Add operator: mvp3 -1: 39342 39343 39344
  ==> Current qubit order: 2  3  4  5  6  7  8  9  10  11  12  13  14  15  16  17  18  19  20  21  22  23  24  25  26  28  30  31  32  33  36  37  38  39  42  43  44  45  46  47  48  49  50  51  34  76  77  52  53  57  60  29  113  35  41  59  27  56  61  71  67  64  65  126  127  74  75  54  66  40  84  58  72  73  70  91  55  69  68  88  62  1  0  85  93  63  78  79  80  81  92  82  83  89  86  94  95  87  96  97  98  90  99  100  112  101  102  103  115  104  105  106  110  111  107  114  117  108  109  116  120  121  124  125  118  119  122  123  


  ==> Energy                -422.623478957
  ==> dE                       -5.52e-05
  ==> Gradient Norm             2.40e-01
  ==> Abs. Max. Deriv.          2.93e-02
  ==> Time-Grad. (s)             413.319
  ==> Time-Energy (s)             71.712
  ==> Time-Iter. (s)             488.626

--------------------------------------------------------------------------------
CEO-ADAPT-VQE iteration: 63
--------------------------------------------------------------------------------
    gate        derivative      name       op1       op2       op3        g_unscaled   penalty
   45082       -0.00033319        om      1334      1335                 -0.02432259        73
   45081       -0.00033042        op      1334      1335                 -0.02412069        73
    1334       -0.00027215    a_iajb      1334                           -0.02422164        89
   73021        0.00021148        op     22316     22318                  0.01586080        75
   73022        0.00021148        op     22316     22318                  0.01586080        75
   73017        0.00020835        op     22316     22317                  0.01562594        75
   73018        0.00020835        op     22316     22317                  0.01562594        75
   22316        0.00017147    a_iajb     22316                            0.01560339        91
   45031        0.00016731        op      1284      1285                  0.00752901        45
   45032        0.00016731        om      1284      1285                  0.00752901        45

  ==> Add operator: mvp2 -1: 1334 1335
  ==> Current qubit order: 2  3  4  5  6  7  8  9  10  11  12  13  14  15  16  17  18  19  20  21  22  23  24  25  26  28  30  31  32  33  36  37  38  39  42  43  44  45  46  47  48  49  50  51  34  76  77  52  53  57  60  29  113  35  41  59  27  56  61  71  67  64  65  126  74  75  54  66  40  84  58  72  73  70  127  88  1  0  91  55  69  68  62  85  93  63  78  79  80  81  92  82  83  89  86  94  95  87  96  97  98  90  99  100  112  101  102  103  115  104  105  106  110  111  107  114  117  108  109  116  120  121  124  125  118  119  122  123  


  ==> Energy                -422.623517922
  ==> dE                       -3.90e-05
  ==> Gradient Norm             2.37e-01
  ==> Abs. Max. Deriv.          3.33e-02
  ==> Time-Grad. (s)             403.194
  ==> Time-Energy (s)             41.095
  ==> Time-Iter. (s)             447.908

--------------------------------------------------------------------------------
CEO-ADAPT-VQE iteration: 64
--------------------------------------------------------------------------------
    gate        derivative      name       op1       op2       op3        g_unscaled   penalty
   45036        0.00019567        op      1227      1228                  0.02250225       115
   45037        0.00019122        om      1227      1228                  0.02198988       115
       0        0.00018968      a_ia         0                            0.02541758       134
   45042        0.00017027        op      1233      1234                  0.01719759       101
   45043        0.00017027        om      1233      1234                  0.01719756       101
    1227        0.00016982    a_iajb      1227                            0.02224607       131
   45052       -0.00015400        op      1243      1244                 -0.00846992        55
   45053       -0.00015393        om      1243      1244                 -0.00846603        55
   45038        0.00014985        op      1229      1230                  0.01243734        83
    1233        0.00014699    a_iajb      1233                            0.01719757       117

  ==> Add operator: mvp2 -1: 1227 1228
  ==> Current qubit order: 2  3  4  5  6  7  8  9  10  11  12  13  14  15  16  17  18  19  20  21  22  23  24  25  26  28  30  31  32  33  36  37  38  39  42  43  44  45  46  47  48  49  50  51  34  77  52  53  57  60  29  113  35  41  59  27  56  61  67  64  65  126  76  71  1  0  74  75  54  66  40  84  58  72  73  70  127  88  91  55  69  68  62  85  93  63  78  79  80  81  92  82  83  89  86  94  95  87  96  97  98  90  99  100  112  101  102  103  115  104  105  106  110  111  107  114  117  108  109  116  120  121  124  125  118  119  122  123  


  ==> Energy                -422.623587980
  ==> dE                       -7.01e-05
  ==> Gradient Norm             2.43e-01
  ==> Abs. Max. Deriv.          3.33e-02
  ==> Time-Grad. (s)             400.089
  ==> Time-Energy (s)             43.161
  ==> Time-Iter. (s)             446.879

--------------------------------------------------------------------------------
CEO-ADAPT-VQE iteration: 65
--------------------------------------------------------------------------------
    gate        derivative      name       op1       op2       op3        g_unscaled   penalty
   98763       -0.00063784        om     42000     42001                 -0.02232450        35
   98762       -0.00063532        op     42000     42001                 -0.02223624        35
   42000       -0.00043687    a_iajb     42000                           -0.02228037        51
       0        0.00024484      a_ia         0                            0.02693279       110
   93790       -0.00015378        op     38180     38181                 -0.01307104        85
   93791       -0.00015369        om     38180     38181                 -0.01306327        85
   44939       -0.00014828        om      1238      1239                 -0.00370699        25
   44938       -0.00014712        op      1238      1239                 -0.00367805        25
   64513       -0.00014427        om     15988     15989                 -0.02928589       203
   63692        0.00013771        op     15281     15283                  0.02575252       187

  ==> Add operator: mvp2 -1: 42000 42001
  ==> Current qubit order: 2  3  4  5  6  7  8  9  10  11  12  13  14  15  16  17  18  19  20  21  22  23  24  25  26  28  30  31  32  33  36  37  38  39  42  43  44  45  46  47  48  49  50  51  34  77  52  53  57  60  29  113  35  41  27  59  56  64  65  61  67  126  76  71  1  0  74  75  54  66  40  84  58  72  73  70  127  88  91  55  69  68  62  85  93  63  78  79  80  81  92  82  83  89  86  94  95  87  96  97  98  90  99  100  112  101  102  103  115  104  105  106  110  111  107  114  117  108  109  116  120  121  124  125  118  119  122  123  


  ==> Energy                -422.623770926
  ==> dE                       -1.83e-04
  ==> Gradient Norm             2.45e-01
  ==> Abs. Max. Deriv.          3.33e-02
  ==> Time-Grad. (s)             410.840
  ==> Time-Energy (s)             39.916
  ==> Time-Iter. (s)             454.786

--------------------------------------------------------------------------------
CEO-ADAPT-VQE iteration: 66
--------------------------------------------------------------------------------
    gate        derivative      name       op1       op2       op3        g_unscaled   penalty
       0        0.00024485      a_ia         0                            0.02693395       110
   45012       -0.00014829        om      1247      1248                 -0.00370713        25
   45011       -0.00014713        op      1247      1248                 -0.00367818        25
   64848       -0.00014427        om     16190     16191                 -0.02928589       203
   64017        0.00013771        op     15476     15478                  0.02575249       187
   64018        0.00013771        op     15476     15478                  0.02575249       187
     222        0.00013742      a_ia       222                            0.00687090        50
   64847       -0.00013696        op     16190     16191                 -0.02780364       203
     299       -0.00013606      a_ia       299                           -0.00081635         6
   45020        0.00013580        om      1255      1256                  0.01697519       125

  ==> Add operator: a_ia 0
  ==> Current qubit order: 2  3  4  5  6  7  8  9  10  11  13  14  15  16  17  18  19  20  21  22  23  24  25  26  28  30  31  32  33  36  37  38  39  42  43  44  45  46  47  48  49  50  51  34  77  52  53  57  60  29  113  35  41  27  59  56  64  65  61  67  126  76  71  1  12  0  74  75  54  66  40  84  58  72  73  70  127  88  91  55  69  68  62  85  93  63  78  79  80  81  92  82  83  89  86  94  95  87  96  97  98  90  99  100  112  101  102  103  115  104  105  106  110  111  107  114  117  108  109  116  120  121  124  125  118  119  122  123  


  ==> Energy                -422.623830602
  ==> dE                       -5.97e-05
  ==> Gradient Norm             2.44e-01
  ==> Abs. Max. Deriv.          3.33e-02
  ==> Time-Grad. (s)             399.808
  ==> Time-Energy (s)             17.295
  ==> Time-Iter. (s)             420.714

--------------------------------------------------------------------------------
CEO-ADAPT-VQE iteration: 67
--------------------------------------------------------------------------------
    gate        derivative      name       op1       op2       op3        g_unscaled   penalty
   72911       -0.00020956        op     22245     22247                 -0.03164394       151
   72912       -0.00020956        op     22245     22247                 -0.03164394       151
   72907       -0.00020105        op     22245     22246                 -0.03035795       151
   72908       -0.00020105        op     22245     22246                 -0.03035795       151
   22245       -0.00018959    a_iajb     22245                           -0.03166149       167
   65142       -0.00014283        om     16399     16400                 -0.02928098       205
     227        0.00013738      a_ia       227                            0.00686885        50
     304       -0.00013618      a_ia       304                           -0.00081706         6
   45077        0.00013577        op      1282      1283                  0.01697151       125
   45078        0.00013571        om      1282      1283                  0.01696351       125

  ==> Add operator: mvp3 -1: 22245 22246 22247
  ==> Current qubit order: 2  3  4  5  6  7  8  9  10  11  13  14  15  16  17  18  19  20  21  22  23  24  25  26  28  30  31  32  33  36  37  38  39  42  43  44  45  46  47  48  49  50  51  34  77  52  53  57  60  29  113  35  41  27  59  56  64  65  61  67  126  76  71  1  12  74  75  54  66  84  58  72  73  127  88  91  55  69  68  0  40  70  114  62  85  93  63  78  79  80  81  92  82  83  89  86  94  95  87  96  97  98  90  99  100  112  101  102  103  115  104  105  106  110  111  107  117  108  109  116  120  121  124  125  118  119  122  123  


  ==> Energy                -422.624188076
  ==> dE                       -3.57e-04
  ==> Gradient Norm             2.56e-01
  ==> Abs. Max. Deriv.          3.33e-02
  ==> Time-Grad. (s)             411.013
  ==> Time-Energy (s)             79.980
  ==> Time-Iter. (s)             494.539

--------------------------------------------------------------------------------
CEO-ADAPT-VQE iteration: 68
--------------------------------------------------------------------------------
    gate        derivative      name       op1       op2       op3        g_unscaled   penalty
   90151        0.00030684        op     35226     35227                  0.06719731       219
   90152        0.00029835        om     35226     35227                  0.06533842       219
   35226        0.00028199    a_iajb     35226                            0.06626787       235
     308       -0.00020352      a_ia       308                           -0.00081409         4
   94743       -0.00015848        op     38708     38709                 -0.02900094       183
   94744       -0.00015848        op     38708     38709                 -0.02900094       183
   45055        0.00015515        op      1284      1285                  0.01473905        95
   45056        0.00015227        om      1284      1285                  0.01446523        95
   94747       -0.00015210        op     38708     38710                 -0.02783520       183
   94748       -0.00015210        op     38708     38710                 -0.02783520       183

  ==> Add operator: mvp2 -1: 35226 35227
  ==> Current qubit order: 2  3  4  5  6  7  8  9  10  11  13  14  15  16  17  18  19  20  21  22  23  24  25  28  30  31  32  33  36  37  38  39  42  43  44  45  46  47  48  49  50  51  34  77  52  53  57  60  29  35  41  59  56  64  65  61  67  26  113  27  112  126  76  71  1  12  74  75  54  66  84  58  72  73  127  88  91  55  69  68  0  40  70  114  62  85  93  63  78  79  80  81  92  82  83  89  86  94  95  87  96  97  98  90  99  100  101  102  103  115  104  105  106  110  111  107  117  108  109  116  120  121  124  125  118  119  122  123  


  ==> Energy                -422.624811603
  ==> dE                       -6.24e-04
  ==> Gradient Norm             2.64e-01
  ==> Abs. Max. Deriv.          6.72e-02
  ==> Time-Grad. (s)             409.563
  ==> Time-Energy (s)             44.047
  ==> Time-Iter. (s)             457.245

--------------------------------------------------------------------------------
CEO-ADAPT-VQE iteration: 69
--------------------------------------------------------------------------------
    gate        derivative      name       op1       op2       op3        g_unscaled   penalty
     310       -0.00020495      a_ia       310                           -0.00081981         4
   99477        0.00017315        om     42251     42252                  0.01644923        95
   99476        0.00016674        op     42251     42252                  0.01584011        95
     350       -0.00016357      a_ia       350                           -0.00130860         8
   45077        0.00015151        om      1300      1301                  0.01439330        95
   45076        0.00015081        op      1300      1301                  0.01432685        95
     231        0.00014932      a_ia       231                            0.00686866        46
   42251        0.00014545    a_iajb     42251                            0.01614467       111
     381        0.00014369      a_ia       381                            0.00028738         2
   45094        0.00013249        op      1318      1319                  0.01682560       127

  ==> Add operator: a_ia 310
  ==> Current qubit order: 2  3  4  5  6  7  8  9  10  11  13  14  15  16  17  18  19  20  21  22  23  24  25  28  30  31  32  33  36  37  38  39  42  43  44  45  46  47  48  49  50  51  34  77  52  53  57  60  29  35  41  59  56  64  65  61  67  26  113  27  112  126  76  71  1  12  74  75  66  54  84  58  72  73  127  88  91  55  69  68  0  40  70  114  62  85  93  63  78  79  80  81  92  82  83  89  86  94  95  87  96  97  98  90  99  100  101  102  103  115  104  105  106  110  111  107  117  108  109  116  120  121  124  125  118  119  122  123  


  ==> Energy                -422.624811788
  ==> dE                       -1.85e-07
  ==> Gradient Norm             2.36e-01
  ==> Abs. Max. Deriv.          3.33e-02
  ==> Time-Grad. (s)             412.199
  ==> Time-Energy (s)             22.808
  ==> Time-Iter. (s)             438.613

--------------------------------------------------------------------------------
CEO-ADAPT-VQE iteration: 70
--------------------------------------------------------------------------------
    gate        derivative      name       op1       op2       op3        g_unscaled   penalty
     359       -0.00016357      a_ia       359                           -0.00130860         8
   44949        0.00015151        om      1311      1312                  0.01439330        95
   44948        0.00015081        op      1311      1312                  0.01432685        95
     238        0.00014932      a_ia       238                            0.00686879        46
     390        0.00014369      a_ia       390                            0.00028738         2
   44966        0.00013248        op      1329      1330                  0.01682558       127
   44967        0.00013170        om      1329      1330                  0.01672563       127
   93537        0.00012992        om     38172     38173                  0.01468134       113
    1311        0.00012937    a_iajb      1311                            0.01436007       111
   45187        0.00012907        om      1549      1550                  0.01045441        81

  ==> Add operator: a_ia 359
  ==> Current qubit order: 2  3  4  5  6  7  8  9  10  11  13  14  15  16  17  18  19  20  21  22  23  24  25  28  30  31  32  33  36  37  38  39  42  43  44  45  46  47  48  49  50  51  34  77  52  53  57  60  29  35  41  59  56  64  61  67  26  65  113  27  112  126  76  71  1  12  74  75  66  54  84  58  72  73  127  88  91  55  69  68  0  40  70  114  62  85  93  63  78  79  80  81  92  82  83  89  86  94  95  87  96  97  98  90  99  100  101  102  103  115  104  105  106  110  111  107  117  108  109  116  120  121  124  125  118  119  122  123  


  ==> Energy                -422.624833266
  ==> dE                       -2.15e-05
  ==> Gradient Norm             2.46e-01
  ==> Abs. Max. Deriv.          3.33e-02
  ==> Time-Grad. (s)             421.573
  ==> Time-Energy (s)             26.896
  ==> Time-Iter. (s)             452.075

--------------------------------------------------------------------------------
CEO-ADAPT-VQE iteration: 71
--------------------------------------------------------------------------------
    gate        derivative      name       op1       op2       op3        g_unscaled   penalty
   72654       -0.00030002        op     22309     22311                 -0.02310158        77
   72655       -0.00030002        op     22309     22311                 -0.02310158        77
   72650       -0.00029127        op     22309     22310                 -0.02242781        77
   72651       -0.00029127        op     22309     22310                 -0.02242781        77
   82214       -0.00024780        op     29494     29495                 -0.01462047        59
   82215       -0.00024780        op     29494     29495                 -0.01462047        59
   82218       -0.00024746        op     29494     29496                 -0.01460015        59
   82219       -0.00024746        op     29494     29496                 -0.01460015        59
   22309       -0.00024079    a_iajb     22309                           -0.02239356        93
   44924       -0.00020815        op      1357      1358                 -0.01477890        71

  ==> Add operator: mvp3 -1: 22309 22310 22311
  ==> Current qubit order: 2  3  4  5  6  7  8  9  10  11  13  14  15  16  17  18  19  20  21  22  23  24  25  28  30  31  32  33  36  37  38  39  42  43  44  45  46  47  48  49  50  51  34  77  52  53  57  60  29  35  41  59  56  64  61  67  26  65  113  27  76  71  1  12  74  75  112  126  58  0  66  54  84  72  73  127  88  91  55  69  68  40  70  114  62  85  93  63  78  79  80  81  92  82  83  89  86  94  95  87  96  97  98  90  99  100  101  102  103  115  104  105  106  110  111  107  117  108  109  116  120  121  124  125  118  119  122  123  


  ==> Energy                -422.625061755
  ==> dE                       -2.28e-04
  ==> Gradient Norm             2.49e-01
  ==> Abs. Max. Deriv.          3.63e-02
  ==> Time-Grad. (s)             414.808
  ==> Time-Energy (s)             79.705
  ==> Time-Iter. (s)             498.084

--------------------------------------------------------------------------------
CEO-ADAPT-VQE iteration: 72
--------------------------------------------------------------------------------
    gate        derivative      name       op1       op2       op3        g_unscaled   penalty
   45280        0.00029685        op      1609      1610                  0.01632668        55
   45281        0.00029014        om      1609      1610                  0.01595765        55
    1609        0.00022735    a_iajb      1609                            0.01614216        71
   45255        0.00022694        om      1583      1584                  0.01066636        47
   45044       -0.00022070        op      1373      1374                 -0.01478711        67
   45045       -0.00022066        om      1373      1374                 -0.01478394        67
   45254        0.00021966        op      1583      1584                  0.01032398        47
   82484        0.00020407        op     29567     29568                  0.01081592        53
   82485        0.00020407        op     29567     29568                  0.01081592        53
   82488        0.00019421        op     29567     29569                  0.01029326        53

  ==> Add operator: mvp2 -1: 1609 1610
  ==> Current qubit order: 2  3  4  5  6  7  8  9  10  11  13  14  15  16  17  18  19  20  21  22  23  24  25  28  30  31  32  33  36  37  38  39  42  43  44  45  46  47  48  49  50  51  34  77  52  53  57  60  29  35  41  59  56  64  61  67  26  65  113  27  76  71  12  74  75  112  1  126  0  127  58  66  54  84  72  73  88  91  55  69  68  40  70  114  62  85  93  63  78  79  80  81  92  82  83  89  86  94  95  87  96  97  98  90  99  100  101  102  103  115  104  105  106  110  111  107  117  108  109  116  120  121  124  125  118  119  122  123  


  ==> Energy                -422.625084183
  ==> dE                       -2.24e-05
  ==> Gradient Norm             2.43e-01
  ==> Abs. Max. Deriv.          3.32e-02
  ==> Time-Grad. (s)             398.948
  ==> Time-Energy (s)             46.392
  ==> Time-Iter. (s)             448.877

--------------------------------------------------------------------------------
CEO-ADAPT-VQE iteration: 73
--------------------------------------------------------------------------------
    gate        derivative      name       op1       op2       op3        g_unscaled   penalty
   45055       -0.00025927        op      1384      1385                 -0.01477835        57
   45056       -0.00025921        om      1384      1385                 -0.01477518        57
   45268        0.00022373        om      1596      1597                  0.01051546        47
   45267        0.00021804        op      1596      1597                  0.01024810        47
    1384       -0.00020242    a_iajb      1384                           -0.01477676        73
   45026        0.00018193        om      1354      1355                  0.01437257        79
   45025        0.00018116        op      1354      1355                  0.01431173        79
   91617        0.00017490        op     36429     36430                  0.00996913        57
   91618        0.00017490        op     36429     36430                  0.00996913        57
   91621        0.00016703        op     36429     36431                  0.00952079        57

  ==> Add operator: mvp2 -1: 1384 1385
  ==> Current qubit order: 2  3  4  5  6  7  8  9  10  11  13  14  15  16  17  18  19  20  21  22  23  24  25  28  30  31  32  33  36  37  38  39  42  43  44  45  46  47  48  49  50  51  34  77  52  53  57  60  29  35  41  59  56  64  61  67  26  65  113  27  76  71  12  75  112  126  74  1  0  73  127  58  66  54  84  72  88  91  55  69  68  40  70  114  62  85  93  63  78  79  80  81  92  82  83  89  86  94  95  87  96  97  98  90  99  100  101  102  103  115  104  105  106  110  111  107  117  108  109  116  120  121  124  125  118  119  122  123  


  ==> Energy                -422.625103484
  ==> dE                       -1.93e-05
  ==> Gradient Norm             2.40e-01
  ==> Abs. Max. Deriv.          3.33e-02
  ==> Time-Grad. (s)             411.947
  ==> Time-Energy (s)             60.163
  ==> Time-Iter. (s)             475.676

--------------------------------------------------------------------------------
CEO-ADAPT-VQE iteration: 74
--------------------------------------------------------------------------------
    gate        derivative      name       op1       op2       op3        g_unscaled   penalty
   45187        0.00022365        om      1613      1614                  0.01051141        47
   45186        0.00021796        op      1613      1614                  0.01024405        47
   44941        0.00016931        om      1367      1368                  0.01439137        85
   44940        0.00016859        op      1367      1368                  0.01433040        85
    1613        0.00016473    a_iajb      1613                            0.01037773        63
   84866       -0.00015629        op     31582     31583                 -0.03516489       225
   84867       -0.00015629        om     31582     31583                 -0.03516489       225
     249        0.00014921      a_ia       249                            0.00686362        46
   31582       -0.00014591    a_iajb     31582                           -0.03516489       241
      97       -0.00014468      a_ia        97                           -0.00057873         4

  ==> Add operator: mvp2 -1: 1613 1614
  ==> Current qubit order: 2  3  4  5  6  7  8  9  10  11  13  14  15  16  17  18  19  20  21  22  23  24  25  28  30  31  32  33  36  37  38  39  42  43  44  45  46  47  48  49  50  51  34  77  52  53  57  60  29  35  41  59  56  64  61  67  26  65  27  76  71  12  113  112  1  0  75  126  74  73  127  58  66  54  84  72  88  91  55  69  68  40  70  114  62  85  93  63  78  79  80  81  92  82  83  89  86  94  95  87  96  97  98  90  99  100  101  102  103  115  104  105  106  110  111  107  117  108  109  116  120  121  124  125  118  119  122  123  


  ==> Energy                -422.625119001
  ==> dE                       -1.55e-05
  ==> Gradient Norm             2.48e-01
  ==> Abs. Max. Deriv.          3.52e-02
  ==> Time-Grad. (s)             403.546
  ==> Time-Energy (s)             56.105
  ==> Time-Iter. (s)             463.268

--------------------------------------------------------------------------------
CEO-ADAPT-VQE iteration: 75
--------------------------------------------------------------------------------
    gate        derivative      name       op1       op2       op3        g_unscaled   penalty
   94953        0.00019420        op     39179     39180                  0.01378822        71
   94954        0.00019420        op     39179     39180                  0.01378822        71
   94957        0.00019272        op     39179     39181                  0.01368322        71
   94958        0.00019272        op     39179     39181                  0.01368322        71
   39179        0.00015851    a_iajb     39179                            0.01379062        87
   44970        0.00015817        om      1378      1379                  0.01439365        91
   44969        0.00015767        op      1378      1379                  0.01434780        91
     251        0.00014921      a_ia       251                            0.00686376        46
      98       -0.00014440      a_ia        98                           -0.00057759         4
   73719        0.00014063        op     23015     23016                  0.00548461        39

  ==> Add operator: mvp3 -1: 39179 39180 39181
  ==> Current qubit order: 2  3  4  5  6  7  8  9  10  11  13  14  15  16  17  18  19  20  21  22  23  24  25  28  30  31  32  33  36  37  38  39  42  43  44  45  46  47  48  49  50  51  34  77  52  53  57  60  29  35  41  59  56  64  61  67  26  65  27  71  12  113  112  1  0  75  126  74  73  76  66  54  40  127  58  84  72  88  91  55  69  68  70  114  62  85  93  63  78  79  80  81  92  82  83  89  86  94  95  87  96  97  98  90  99  100  101  102  103  115  104  105  106  110  111  107  117  108  109  116  120  121  124  125  118  119  122  123  


  ==> Energy                -422.625305590
  ==> dE                       -1.87e-04
  ==> Gradient Norm             2.37e-01
  ==> Abs. Max. Deriv.          3.33e-02
  ==> Time-Grad. (s)             407.338
  ==> Time-Energy (s)            986.612
  ==> Time-Iter. (s)            1397.343

--------------------------------------------------------------------------------
CEO-ADAPT-VQE iteration: 76
--------------------------------------------------------------------------------
    gate        derivative      name       op1       op2       op3        g_unscaled   penalty
   45256        0.00043652        op      1672      1673                  0.01789744        41
   45257        0.00043088        om      1672      1673                  0.01766603        41
    1672        0.00031196    a_iajb      1672                            0.01778173        57
   45231        0.00025496        om      1646      1647                  0.00637394        25
   45230        0.00024912        op      1646      1647                  0.00622805        25
   45002       -0.00023812        op      1418      1419                 -0.01309643        55
   45003       -0.00023796        om      1418      1419                 -0.01308788        55
   44979       -0.00020211        om      1394      1395                 -0.01798735        89
   44978       -0.00020177        op      1394      1395                 -0.01795782        89
    1418       -0.00018440    a_iajb      1418                           -0.01309215        71

  ==> Add operator: mvp2 -1: 1672 1673
  ==> Current qubit order: 2  3  4  5  6  7  8  9  10  11  13  14  15  16  17  18  19  20  21  22  23  24  25  28  30  31  32  33  36  37  38  39  42  43  44  45  46  47  48  49  50  51  34  77  52  53  57  60  29  35  41  59  56  64  61  67  26  65  27  71  12  113  112  75  1  0  126  127  74  73  76  66  54  40  58  84  72  88  91  55  69  68  70  114  62  85  93  63  78  79  80  81  92  82  83  89  86  94  95  87  96  97  98  90  99  100  101  102  103  115  104  105  106  110  111  107  117  108  109  116  120  121  124  125  118  119  122  123  


  ==> Energy                -422.625321307
  ==> dE                       -1.57e-05
  ==> Gradient Norm             2.44e-01
  ==> Abs. Max. Deriv.          3.32e-02
  ==> Time-Grad. (s)             410.973
  ==> Time-Energy (s)             43.257
  ==> Time-Iter. (s)             457.773

--------------------------------------------------------------------------------
CEO-ADAPT-VQE iteration: 77
--------------------------------------------------------------------------------
    gate        derivative      name       op1       op2       op3        g_unscaled   penalty
   45025       -0.00026795        op      1435      1436                 -0.01312973        49
   45026       -0.00026778        om      1435      1436                 -0.01312118        49
   45254        0.00021422        om      1663      1664                  0.00621237        29
   45253        0.00021086        op      1663      1664                  0.00611497        29
    1435       -0.00020193    a_iajb      1435                           -0.01312545        65
   45002       -0.00019437        om      1411      1412                 -0.01807647        93
   45001       -0.00019401        op      1411      1412                 -0.01804335        93
    1411       -0.00016569    a_iajb      1411                           -0.01805991       109
     256        0.00014861      a_ia       256                            0.00683606        46
   98407       -0.00014619        op     41752     41753                 -0.01885915       129

  ==> Add operator: mvp2 -1: 1435 1436
  ==> Current qubit order: 2  3  4  5  6  7  8  9  10  11  13  14  15  16  17  18  19  20  21  22  23  24  25  28  30  31  32  33  36  37  38  39  42  43  44  45  46  47  48  49  50  51  34  77  52  53  57  60  29  35  41  59  56  64  61  67  26  65  27  71  12  113  112  75  126  127  1  0  73  72  74  76  66  54  40  58  84  88  91  55  69  68  70  114  62  85  93  63  78  79  80  81  92  82  83  89  86  94  95  87  96  97  98  90  99  100  101  102  103  115  104  105  106  110  111  107  117  108  109  116  120  121  124  125  118  119  122  123  


  ==> Energy                -422.625336439
  ==> dE                       -1.51e-05
  ==> Gradient Norm             2.50e-01
  ==> Abs. Max. Deriv.          3.33e-02
  ==> Time-Grad. (s)             412.324
  ==> Time-Energy (s)             43.191
  ==> Time-Iter. (s)             459.127

--------------------------------------------------------------------------------
CEO-ADAPT-VQE iteration: 78
--------------------------------------------------------------------------------
    gate        derivative      name       op1       op2       op3        g_unscaled   penalty
   45003       -0.00023278        om      1429      1430                 -0.01792396        77
   45002       -0.00023235        op      1429      1430                 -0.01789060        77
    1429       -0.00019255    a_iajb      1429                           -0.01790728        93
   45261        0.00016839        om      1687      1688                  0.00623029        37
   45260        0.00016575        op      1687      1688                  0.00613289        37
     260        0.00014859      a_ia       260                            0.00683510        46
   45127       -0.00014020        om      1553      1554                 -0.01023438        73
   45126       -0.00014016        op      1553      1554                 -0.01023164        73
   45150       -0.00013352        op      1577      1578                 -0.01268416        95
   45151       -0.00013175        om      1577      1578                 -0.01251587        95

  ==> Add operator: mvp2 -1: 1429 1430
  ==> Current qubit order: 2  3  4  5  6  7  8  9  10  11  13  14  15  16  17  18  19  20  21  22  23  24  25  28  30  31  32  33  36  37  38  39  42  43  44  45  46  47  48  49  50  51  34  77  52  53  57  60  29  35  41  59  56  64  61  67  26  65  27  12  113  112  75  126  127  71  1  0  70  73  72  74  76  66  54  40  58  84  88  91  55  69  68  114  62  85  93  63  78  79  80  81  92  82  83  89  86  94  95  87  96  97  98  90  99  100  101  102  103  115  104  105  106  110  111  107  117  108  109  116  120  121  124  125  118  119  122  123  


  ==> Energy                -422.625361885
  ==> dE                       -2.54e-05
  ==> Gradient Norm             2.43e-01
  ==> Abs. Max. Deriv.          3.33e-02
  ==> Time-Grad. (s)             395.710
  ==> Time-Energy (s)             59.676
  ==> Time-Iter. (s)             459.101

--------------------------------------------------------------------------------
CEO-ADAPT-VQE iteration: 79
--------------------------------------------------------------------------------
    gate        derivative      name       op1       op2       op3        g_unscaled   penalty
   90064        0.00029967        op     35367     35368                  0.02067711        69
   90065        0.00029740        om     35367     35368                  0.02052062        69
   35367        0.00024234    a_iajb     35367                            0.02059886        85
   90828       -0.00020875        op     35957     35958                 -0.01649143        79
   90829       -0.00019668        om     35957     35958                 -0.01553776        79
   35957       -0.00016857    a_iajb     35957                           -0.01601459        95
   45289        0.00015458        om      1703      1704                  0.00633781        41
   45288        0.00015213        op      1703      1704                  0.00623729        41
     263        0.00014852      a_ia       263                            0.00683192        46
   68319       -0.00014420        om     19009     19010                 -0.02927209       203

  ==> Add operator: mvp2 -1: 35367 35368
  ==> Current qubit order: 2  3  4  5  6  7  8  9  10  11  13  14  15  16  17  18  19  20  21  22  23  24  25  28  30  31  32  33  36  37  38  39  42  43  44  45  46  47  48  49  50  51  34  77  52  53  57  60  35  41  59  56  64  61  67  29  26  65  66  27  12  113  112  75  126  127  71  1  0  70  73  72  74  76  54  40  58  84  88  91  55  69  68  114  62  85  93  63  78  79  80  81  92  82  83  89  86  94  95  87  96  97  98  90  99  100  101  102  103  115  104  105  106  110  111  107  117  108  109  116  120  121  124  125  118  119  122  123  


  ==> Energy                -422.625514902
  ==> dE                       -1.53e-04
  ==> Gradient Norm             2.41e-01
  ==> Abs. Max. Deriv.          3.33e-02
  ==> Time-Grad. (s)             407.722
  ==> Time-Energy (s)             42.454
  ==> Time-Iter. (s)             453.741

--------------------------------------------------------------------------------
CEO-ADAPT-VQE iteration: 80
--------------------------------------------------------------------------------
    gate        derivative      name       op1       op2       op3        g_unscaled   penalty
     267        0.00015531      a_ia       267                            0.00683349        44
   45348        0.00015446        om      1721      1722                  0.00633293        41
   45347        0.00015196        op      1721      1722                  0.00623056        41
   45214       -0.00014288        om      1587      1588                 -0.01014437        71
   45213       -0.00014284        op      1587      1588                 -0.01014165        71
   68630       -0.00013873        om     19207     19208                 -0.02927210       211
   45237       -0.00013488        op      1611      1612                 -0.01254424        93
   45107        0.00013411        op      1481      1482                  0.01703187       127
   67611        0.00013368        op     18344     18346                  0.02553286       191
   67612        0.00013368        op     18344     18346                  0.02553286       191

  ==> Add operator: a_ia 267
  ==> Current qubit order: 2  3  4  5  6  7  8  9  10  11  13  14  15  16  17  18  19  20  21  22  23  24  25  28  30  31  32  33  36  37  39  42  43  44  45  46  47  48  49  50  51  34  77  52  53  57  60  35  41  59  56  38  64  61  67  29  26  65  66  27  12  113  112  75  126  127  71  1  0  70  73  72  74  76  54  40  58  84  88  91  55  69  68  114  62  85  93  63  78  79  80  81  92  82  83  89  86  94  95  87  96  97  98  90  99  100  101  102  103  115  104  105  106  110  111  107  117  108  109  116  120  121  124  125  118  119  122  123  


  ==> Energy                -422.625541375
  ==> dE                       -2.65e-05
  ==> Gradient Norm             2.41e-01
  ==> Abs. Max. Deriv.          3.33e-02
  ==> Time-Grad. (s)             417.851
  ==> Time-Energy (s)             22.841
  ==> Time-Iter. (s)             444.222

--------------------------------------------------------------------------------
CEO-ADAPT-VQE iteration: 81
--------------------------------------------------------------------------------
    gate        derivative      name       op1       op2       op3        g_unscaled   penalty
   45320        0.00015451        om      1736      1737                  0.00633496        41
   45319        0.00015199        op      1736      1737                  0.00623170        41
   45184       -0.00014285        om      1600      1601                 -0.01014254        71
   45183       -0.00014281        op      1600      1601                 -0.01013983        71
   68890       -0.00013873        om     19429     19430                 -0.02927210       211
   45209       -0.00013486        op      1626      1627                 -0.01254203        93
   45077        0.00013412        op      1494      1495                  0.01703355       127
   67869        0.00013368        op     18564     18566                  0.02553292       191
   67870        0.00013368        op     18564     18566                  0.02553292       191
   45210       -0.00013305        om      1626      1627                 -0.01237364        93

  ==> Add operator: mvp2 -1: 1736 1737
  ==> Current qubit order: 2  3  4  5  6  7  8  9  10  11  13  14  15  16  17  18  19  20  21  22  23  24  25  28  30  31  32  33  36  37  39  42  43  44  45  46  47  48  49  50  51  34  77  52  53  57  60  35  41  59  56  38  64  61  67  29  26  65  66  27  12  75  113  112  1  0  126  127  71  70  73  72  74  76  54  40  58  84  88  91  55  69  68  114  62  85  93  63  78  79  80  81  92  82  83  89  86  94  95  87  96  97  98  90  99  100  101  102  103  115  104  105  106  110  111  107  117  108  109  116  120  121  124  125  118  119  122  123  


  ==> Energy                -422.625544675
  ==> dE                       -3.30e-06
  ==> Gradient Norm             2.41e-01
  ==> Abs. Max. Deriv.          3.33e-02
  ==> Time-Grad. (s)             423.809
  ==> Time-Energy (s)             48.282
  ==> Time-Iter. (s)             475.643

--------------------------------------------------------------------------------
CEO-ADAPT-VQE iteration: 82
--------------------------------------------------------------------------------
    gate        derivative      name       op1       op2       op3        g_unscaled   penalty
   92779       -0.00014941        op     37579     37580                 -0.01837758       123
   92780       -0.00014905        om     37579     37580                 -0.01833329       123
   69104       -0.00014006        om     19660     19661                 -0.02927183       209
   68075        0.00013511        op     18787     18789                  0.02553563       189
   68076        0.00013511        op     18787     18789                  0.02553563       189
   61110        0.00013481        om     13730     13731                  0.03329741       247
   37579       -0.00013205    a_iajb     37579                           -0.01835543       139
   61109        0.00013144        op     13730     13731                  0.03246451       247
   69103       -0.00013136        op     19660     19661                 -0.02745350       209
   45011        0.00013003        op      1514      1515                  0.01703354       131

  ==> Add operator: mvp2 -1: 37579 37580
  ==> Current qubit order: 2  3  4  5  6  7  8  9  10  11  13  14  15  16  17  18  19  20  21  22  23  24  25  28  30  31  32  33  36  37  39  42  43  44  45  46  47  48  49  50  51  77  52  53  57  60  41  59  56  38  64  61  67  29  26  34  35  71  76  65  66  27  12  75  113  112  1  0  126  127  70  73  72  74  54  40  58  84  88  91  55  69  68  114  62  85  93  63  78  79  80  81  92  82  83  89  86  94  95  87  96  97  98  90  99  100  101  102  103  115  104  105  106  110  111  107  117  108  109  116  120  121  124  125  118  119  122  123  


  ==> Energy                -422.625598074
  ==> dE                       -5.34e-05
  ==> Gradient Norm             2.47e-01
  ==> Abs. Max. Deriv.          3.33e-02
  ==> Time-Grad. (s)             407.964
  ==> Time-Energy (s)             58.885
  ==> Time-Iter. (s)             470.401

--------------------------------------------------------------------------------
CEO-ADAPT-VQE iteration: 83
--------------------------------------------------------------------------------
    gate        derivative      name       op1       op2       op3        g_unscaled   penalty
   44956        0.00030365        op      1473      1474                  0.01366431        45
   44957        0.00030071        om      1473      1474                  0.01353216        45
    1473        0.00022292    a_iajb      1473                            0.01359824        61
   98167       -0.00020404        om     41684     41685                 -0.01856770        91
   98166       -0.00019916        op     41684     41685                 -0.01812318        91
   41684       -0.00017145    a_iajb     41684                           -0.01834544       107
   73139        0.00015483        om     22749     22750                  0.01532790        99
   73138        0.00015461        op     22749     22750                  0.01530617        99
     366       -0.00014434      a_ia       366                           -0.00028868         2
   69313       -0.00013873        om     19850     19851                 -0.02927268       211

  ==> Add operator: mvp2 -1: 1473 1474
  ==> Current qubit order: 2  3  4  5  6  7  8  9  10  11  13  14  15  16  17  18  19  20  21  22  23  24  25  28  30  31  32  33  36  37  39  42  43  44  45  46  47  48  49  50  51  77  52  53  57  60  41  59  56  38  64  61  67  29  26  34  35  71  76  27  12  65  66  1  0  75  113  112  126  127  70  73  72  74  54  40  58  84  88  91  55  69  68  114  62  85  93  63  78  79  80  81  92  82  83  89  86  94  95  87  96  97  98  90  99  100  101  102  103  115  104  105  106  110  111  107  117  108  109  116  120  121  124  125  118  119  122  123  


  ==> Energy                -422.625625326
  ==> dE                       -2.73e-05
  ==> Gradient Norm             2.44e-01
  ==> Abs. Max. Deriv.          3.33e-02
  ==> Time-Grad. (s)             396.016
  ==> Time-Energy (s)             57.746
  ==> Time-Iter. (s)             457.328

--------------------------------------------------------------------------------
CEO-ADAPT-VQE iteration: 84
--------------------------------------------------------------------------------
    gate        derivative      name       op1       op2       op3        g_unscaled   penalty
   98452        0.00027611        om     41738     41739                  0.02733509        99
   98451        0.00026936        op     41738     41739                  0.02666629        99
   41738        0.00023479    a_iajb     41738                            0.02700069       115
       3       -0.00014989      a_ia         3                           -0.00329768        22
     368       -0.00014449      a_ia       368                           -0.00028898         2
     109       -0.00014037      a_ia       109                           -0.00056146         4
   69656       -0.00014006        om     20070     20071                 -0.02927262       209
   68591        0.00013960        op     19167     19169                  0.02554687       183
   68592        0.00013960        op     19167     19169                  0.02554687       183
   61498        0.00013161        om     14024     14025                  0.03329740       253

  ==> Add operator: mvp2 -1: 41738 41739
  ==> Current qubit order: 2  3  4  5  6  7  8  9  10  11  13  14  15  16  17  18  19  20  21  22  23  24  25  28  30  31  32  33  36  37  39  42  43  44  45  46  47  48  49  50  51  77  52  53  57  60  41  56  38  64  61  29  26  34  35  71  76  27  59  67  66  54  12  65  1  0  75  113  112  126  127  70  73  72  74  40  58  84  88  91  55  69  68  114  62  85  93  63  78  79  80  81  92  82  83  89  86  94  95  87  96  97  98  90  99  100  101  102  103  115  104  105  106  110  111  107  117  108  109  116  120  121  124  125  118  119  122  123  


  ==> Energy                -422.625877209
  ==> dE                       -2.52e-04
  ==> Gradient Norm             2.40e-01
  ==> Abs. Max. Deriv.          3.33e-02
  ==> Time-Grad. (s)             406.368
  ==> Time-Energy (s)             51.241
  ==> Time-Iter. (s)             461.242

--------------------------------------------------------------------------------
CEO-ADAPT-VQE iteration: 85
--------------------------------------------------------------------------------
    gate        derivative      name       op1       op2       op3        g_unscaled   penalty
       3       -0.00017238      a_ia         3                           -0.00344752        20
   69883       -0.00014008        om     20277     20278                 -0.02927616       209
   68804        0.00013812        op     19363     19365                  0.02555215       185
   68805        0.00013812        op     19363     19365                  0.02555215       185
   61665        0.00013161        om     14189     14190                  0.03329737       253
   69882       -0.00013147        op     20277     20278                 -0.02747639       209
   68800        0.00012944        op     19363     19364                  0.02394728       185
   68801        0.00012944        op     19363     19364                  0.02394728       185
   61664        0.00012832        op     14189     14190                  0.03246514       253
   19363        0.00012729    a_iajb     19363                            0.02558460       201

  ==> Add operator: a_ia 3
  ==> Current qubit order: 2  3  4  5  6  7  8  9  10  11  13  14  15  16  17  18  19  20  21  22  23  24  25  28  30  31  32  33  36  37  39  42  43  44  45  46  47  48  49  50  51  77  52  53  57  60  41  56  38  64  61  29  26  34  35  71  76  27  59  67  66  54  12  65  1  75  113  112  126  127  70  73  72  74  0  40  58  84  88  91  55  69  68  114  62  85  93  63  78  79  80  81  92  82  83  89  86  94  95  87  96  97  98  90  99  100  101  102  103  115  104  105  106  110  111  107  117  108  109  116  120  121  124  125  118  119  122  123  


  ==> Energy                -422.625878858
  ==> dE                       -1.65e-06
  ==> Gradient Norm             2.35e-01
  ==> Abs. Max. Deriv.          3.33e-02
  ==> Time-Grad. (s)             405.127
  ==> Time-Energy (s)             30.896
  ==> Time-Iter. (s)             439.587

--------------------------------------------------------------------------------
CEO-ADAPT-VQE iteration: 86
--------------------------------------------------------------------------------
    gate        derivative      name       op1       op2       op3        g_unscaled   penalty
   90162        0.00073021        op     35360     35361                  0.05476577        75
   90163        0.00072310        om     35360     35361                  0.05423229        75
   91629       -0.00062734        om     36466     36467                 -0.03073971        49
   35360        0.00059889    a_iajb     35360                            0.05449903        91
   91628       -0.00059196        op     36466     36467                 -0.02900583        49
   36466       -0.00045958    a_iajb     36466                           -0.02987277        65
       3       -0.00044908      a_ia         3                           -0.00089816         2
   45277       -0.00015470        om      1715      1716                 -0.01005551        65
   45276       -0.00015465        op      1715      1716                 -0.01005201        65
   72746       -0.00014649        op     22230     22232                 -0.01186562        81

  ==> Add operator: mvp2 -1: 35360 35361
  ==> Current qubit order: 2  3  4  5  6  7  8  9  10  11  13  14  15  16  17  18  19  20  21  22  23  24  25  28  30  31  32  33  36  37  39  42  43  44  45  46  47  48  49  50  51  77  52  53  57  60  41  56  38  64  61  29  34  35  71  76  27  59  67  66  54  12  65  1  75  26  113  112  55  126  127  70  73  72  74  0  40  58  84  88  91  69  68  114  62  85  93  63  78  79  80  81  92  82  83  89  86  94  95  87  96  97  98  90  99  100  101  102  103  115  104  105  106  110  111  107  117  108  109  116  120  121  124  125  118  119  122  123  


  ==> Energy                -422.626118209
  ==> dE                       -2.39e-04
  ==> Gradient Norm             2.56e-01
  ==> Abs. Max. Deriv.          5.48e-02
  ==> Time-Grad. (s)             406.256
  ==> Time-Energy (s)             51.234
  ==> Time-Iter. (s)             461.037

--------------------------------------------------------------------------------
CEO-ADAPT-VQE iteration: 87
--------------------------------------------------------------------------------
    gate        derivative      name       op1       op2       op3        g_unscaled   penalty
       3       -0.00050118      a_ia         3                           -0.00100236         2
   98931       -0.00048070        om     42098     42099                 -0.04470531        93
   98930       -0.00047408        op     42098     42099                 -0.04408947        93
   42098       -0.00040732    a_iajb     42098                           -0.04439739       109
   72419       -0.00014172        om     22057     22058                 -0.01459682       103
   45245       -0.00014163        om      1744      1745                 -0.01005543        71
   45244       -0.00014158        op      1744      1745                 -0.01005193        71
   72418       -0.00014151        op     22057     22058                 -0.01457507       103
   45270       -0.00014018        op      1770      1771                 -0.01247564        89
   45271       -0.00013825        om      1770      1771                 -0.01230411        89

  ==> Add operator: a_ia 3
  ==> Current qubit order: 2  3  4  5  6  7  8  9  10  11  13  14  15  16  17  18  19  20  21  22  23  24  25  28  30  31  32  33  36  37  39  42  43  44  45  46  47  48  49  50  51  77  52  53  57  60  41  56  38  64  61  29  34  35  71  76  27  59  67  66  54  12  65  1  75  26  113  112  55  126  127  70  73  72  74  0  40  58  84  88  91  69  68  114  62  85  93  63  78  79  80  81  92  82  83  89  86  94  95  87  96  97  98  90  99  100  101  102  103  115  104  105  106  110  111  107  117  108  109  116  120  121  124  125  118  119  122  123  


  ==> Energy                -422.626118771
  ==> dE                       -5.62e-07
  ==> Gradient Norm             2.48e-01
  ==> Abs. Max. Deriv.          4.47e-02
  ==> Time-Grad. (s)             409.677
  ==> Time-Energy (s)             36.547
  ==> Time-Iter. (s)             449.777

--------------------------------------------------------------------------------

--------------------------------------------------------------------------------
RESTART
--------------------------------------------------------------------------------

Last Energy: -422.626167717

--------------------------------------------------------------------------------
CEO-ADAPT-VQE iteration: 88
--------------------------------------------------------------------------------
    gate        derivative      name       op1       op2       op3        g_unscaled   penalty
   45358       -0.00023996        om      1949      1950                 -0.01415788        59
   45357       -0.00023494        op      1949      1950                 -0.01386171        59
   91006       -0.00020164        om     36359     36360                 -0.01915590        95
   91005       -0.00019909        op     36359     36360                 -0.01891349        95
    1949       -0.00018680    a_iajb      1949                           -0.01400980        75
   45248       -0.00018617        om      1839      1840                 -0.01694107        91
   45247       -0.00018244        op      1839      1840                 -0.01660226        91
   36359       -0.00017148    a_iajb     36359                           -0.01903470       111
   45187        0.00016840        op      1779      1780                  0.01195645        71
   45188        0.00016834        om      1779      1780                  0.01195208        71

  ==> Add operator: mvp2 -1: 1949 1950
  ==> Current qubit order: 2  3  4  5  6  7  8  9  10  11  13  14  15  16  17  18  19  20  21  22  23  24  25  28  30  31  32  33  36  37  39  42  43  44  45  46  47  48  49  50  51  77  52  53  57  60  41  56  38  64  61  29  34  35  71  76  27  59  67  66  54  12  65  75  26  113  112  55  1  126  127  0  70  73  72  74  40  58  84  88  91  69  68  114  62  85  93  63  78  79  80  81  92  82  83  89  86  94  95  87  96  97  98  90  99  100  101  102  103  115  104  105  106  110  111  107  117  108  109  116  120  121  124  125  118  119  122  123  


  ==> Energy                -422.626182766
  ==> dE                       -1.50e-05
  ==> Gradient Norm             2.43e-01
  ==> Abs. Max. Deriv.          3.34e-02
  ==> Time-Grad. (s)             443.998
  ==> Time-Energy (s)             46.927
  ==> Time-Iter. (s)             494.530

--------------------------------------------------------------------------------
CEO-ADAPT-VQE iteration: 89
--------------------------------------------------------------------------------
    gate        derivative      name       op1       op2       op3        g_unscaled   penalty
   44972       -0.00023275        om      1682      1683                 -0.00768085        33
   44971       -0.00023273        op      1682      1683                 -0.00768019        33
   45142       -0.00019927        om      1852      1853                 -0.01693802        85
   45141       -0.00019489        op      1852      1853                 -0.01656556        85
   98631        0.00019218        op     42355     42356                  0.01210733        63
   98632        0.00019211        om     42355     42356                  0.01210275        63
   45079        0.00018416        op      1790      1791                  0.01197064        65
   45080        0.00018409        om      1790      1791                  0.01196598        65
   45223        0.00017080        op      1934      1935                  0.00631944        37
    1852       -0.00016586    a_iajb      1852                           -0.01675179       101

  ==> Add operator: om -1: 1682 1683
  ==> Current qubit order: 2  3  4  5  6  7  8  9  10  11  13  14  15  16  17  18  19  20  21  22  23  24  25  28  30  31  32  33  36  37  39  42  43  44  45  46  47  48  49  50  51  77  52  53  57  60  41  56  38  64  61  29  34  35  71  76  27  59  67  66  54  12  65  75  26  113  112  55  126  127  1  0  73  72  70  74  40  58  84  88  91  69  68  114  62  85  93  63  78  79  80  81  92  82  83  89  86  94  95  87  96  97  98  90  99  100  101  102  103  115  104  105  106  110  111  107  117  108  109  116  120  121  124  125  118  119  122  123  


  ==> Energy                -422.626187091
  ==> dE                       -4.33e-06
  ==> Gradient Norm             2.39e-01
  ==> Abs. Max. Deriv.          3.33e-02
  ==> Time-Grad. (s)             439.023
  ==> Time-Energy (s)             26.519
  ==> Time-Iter. (s)             469.064

--------------------------------------------------------------------------------
CEO-ADAPT-VQE iteration: 90
--------------------------------------------------------------------------------
    gate        derivative      name       op1       op2       op3        g_unscaled   penalty
   97933        0.00067313        om     41557     41558                  0.03029087        45
   97932        0.00067308        op     41557     41558                  0.03028846        45
   41557        0.00049655    a_iajb     41557                            0.03028966        61
   73037        0.00036905        om     22793     22794                  0.02177422        59
   73036        0.00035711        op     22793     22794                  0.02106921        59
   22793        0.00028562    a_iajb     22793                            0.02142171        75
   45261       -0.00020414        om      1863      1864                 -0.01694380        83
   45260       -0.00019965        op      1863      1864                 -0.01657133        83
   45196        0.00019735        op      1799      1800                  0.01203834        61
   45197        0.00019727        om      1799      1800                  0.01203368        61

  ==> Add operator: mvp2 -1: 41557 41558
  ==> Current qubit order: 2  3  4  5  6  7  8  9  10  11  13  14  15  16  17  18  19  20  21  22  23  24  25  28  30  31  32  33  36  37  39  42  43  44  45  46  47  48  49  50  51  77  52  53  57  60  41  56  38  64  61  29  34  35  71  76  27  67  66  12  59  54  113  112  65  75  26  55  126  127  1  0  73  72  70  74  40  58  84  88  91  69  68  114  62  85  93  63  78  79  80  81  92  82  83  89  86  94  95  87  96  97  98  90  99  100  101  102  103  115  104  105  106  110  111  107  117  108  109  116  120  121  124  125  118  119  122  123  


  ==> Energy                -422.626259046
  ==> dE                       -7.20e-05
  ==> Gradient Norm             2.56e-01
  ==> Abs. Max. Deriv.          3.91e-02
  ==> Time-Grad. (s)             429.708
  ==> Time-Energy (s)             64.715
  ==> Time-Iter. (s)             497.999

--------------------------------------------------------------------------------
CEO-ADAPT-VQE iteration: 91
--------------------------------------------------------------------------------
    gate        derivative      name       op1       op2       op3        g_unscaled   penalty
   45248       -0.00020414        om      1877      1878                 -0.01694383        83
   45247       -0.00019965        op      1877      1878                 -0.01657136        83
   45183        0.00019735        op      1813      1814                  0.01203850        61
   45184        0.00019728        om      1813      1814                  0.01203385        61
   94731       -0.00017769        op     39208     39209                 -0.01403751        79
    1877       -0.00016927    a_iajb      1877                           -0.01675760        99
   94732       -0.00016782        om     39208     39209                 -0.01325779        79
   45212        0.00015658        om      1841      1842                  0.01832019       117
    1813        0.00015631    a_iajb      1813                            0.01203618        77
   45211        0.00015448        op      1841      1842                  0.01807414       117

  ==> Add operator: mvp2 -1: 1877 1878
  ==> Current qubit order: 2  3  4  5  6  7  8  9  10  11  13  14  15  16  17  18  19  20  21  22  23  24  25  28  30  31  32  33  36  37  39  42  43  44  45  46  47  48  49  50  51  77  52  53  57  60  41  56  38  64  61  29  34  35  71  76  27  67  66  12  59  54  113  112  65  75  26  55  127  73  72  70  74  126  1  0  93  40  58  84  88  91  69  68  114  62  85  63  78  79  80  81  92  82  83  89  86  94  95  87  96  97  98  90  99  100  101  102  103  115  104  105  106  110  111  107  117  108  109  116  120  121  124  125  118  119  122  123  


  ==> Energy                -422.626297677
  ==> dE                       -3.86e-05
  ==> Gradient Norm             2.38e-01
  ==> Abs. Max. Deriv.          3.33e-02
  ==> Time-Grad. (s)             432.612
  ==> Time-Energy (s)             52.457
  ==> Time-Iter. (s)             488.685

--------------------------------------------------------------------------------
CEO-ADAPT-VQE iteration: 92
--------------------------------------------------------------------------------
    gate        derivative      name       op1       op2       op3        g_unscaled   penalty
   71885        0.00027068        op     21902     21903                  0.02463194        91
   71886        0.00026478        om     21902     21903                  0.02409490        91
   45179        0.00024598        op      1829      1830                  0.01205325        49
   45180        0.00024589        om      1829      1830                  0.01204866        49
   21902        0.00022770    a_iajb     21902                            0.02436342       107
   94868        0.00019524        om     39322     39323                  0.03494791       179
   94867        0.00019446        op     39322     39323                  0.03480774       179
    1829        0.00018540    a_iajb      1829                            0.01205095        65
   39322        0.00017886    a_iajb     39322                            0.03487782       195
   45208        0.00017758        om      1857      1858                  0.01829070       103

  ==> Add operator: mvp2 -1: 21902 21903
  ==> Current qubit order: 2  3  4  5  6  7  8  9  10  11  13  14  15  16  17  18  19  20  21  22  23  24  25  28  30  31  32  33  36  37  39  42  43  44  45  46  47  48  49  50  51  77  52  53  57  60  41  56  38  64  61  34  35  71  76  27  67  66  12  59  54  113  29  112  127  0  65  75  26  55  73  72  70  74  126  1  93  40  58  84  88  91  69  68  114  62  85  63  78  79  80  81  92  82  83  89  86  94  95  87  96  97  98  90  99  100  101  102  103  115  104  105  106  110  111  107  117  108  109  116  120  121  124  125  118  119  122  123  


  ==> Energy                -422.626374826
  ==> dE                       -7.71e-05
  ==> Gradient Norm             2.45e-01
  ==> Abs. Max. Deriv.          3.49e-02
  ==> Time-Grad. (s)             433.533
  ==> Time-Energy (s)             47.704
  ==> Time-Iter. (s)             484.861

--------------------------------------------------------------------------------
CEO-ADAPT-VQE iteration: 93
--------------------------------------------------------------------------------
    gate        derivative      name       op1       op2       op3        g_unscaled   penalty
   45402        0.00024734        op      2002      2003                  0.01409851        57
   45403        0.00024204        om      2002      2003                  0.01379601        57
    2002        0.00019106    a_iajb      2002                            0.01394726        73
   45250        0.00017998        op      1850      1851                  0.01205899        67
   45251        0.00017992        om      1850      1851                  0.01205442        67
   45279        0.00017106        om      1878      1879                  0.01830356       107
   45278        0.00016887        op      1878      1879                  0.01806881       107
    1878        0.00014786    a_iajb      1878                            0.01818618       123
    1850        0.00014526    a_iajb      1850                            0.01205670        83
   73056        0.00014508        op     22726     22727                  0.01059089        73

  ==> Add operator: mvp2 -1: 2002 2003
  ==> Current qubit order: 2  3  4  5  6  7  8  9  10  11  13  14  15  16  17  18  19  20  21  22  23  24  25  28  30  31  32  33  36  37  39  42  43  44  45  46  47  48  49  50  51  77  52  53  57  60  41  56  38  64  61  34  35  71  76  27  67  66  12  59  54  29  127  65  113  112  0  1  75  26  55  73  72  70  74  126  93  40  58  84  88  91  69  68  114  62  85  63  78  79  80  81  92  82  83  89  86  94  95  87  96  97  98  90  99  100  101  102  103  115  104  105  106  110  111  107  117  108  109  116  120  121  124  125  118  119  122  123  


  ==> Energy                -422.626394724
  ==> dE                       -1.99e-05
  ==> Gradient Norm             2.33e-01
  ==> Abs. Max. Deriv.          3.33e-02
  ==> Time-Grad. (s)             428.323
  ==> Time-Energy (s)             52.588
  ==> Time-Iter. (s)             484.484

--------------------------------------------------------------------------------
CEO-ADAPT-VQE iteration: 94
--------------------------------------------------------------------------------
    gate        derivative      name       op1       op2       op3        g_unscaled   penalty
   89558        0.00044359        op     35168     35169                  0.02439747        55
   89559        0.00044299        om     35168     35169                  0.02436429        55
   35168        0.00034339    a_iajb     35168                            0.02438088        71
     248        0.00032806      a_ia       248                            0.00328058        10
   89806        0.00022973        op     35365     35366                  0.01952717        85
   89807        0.00022726        om     35365     35366                  0.01931743        85
   35365        0.00019230    a_iajb     35365                            0.01942230       101
   71875       -0.00018906        om     21816     21817                 -0.04783310       253
   71874       -0.00018462        op     21816     21817                 -0.04670921       253
   21816       -0.00017573    a_iajb     21816                           -0.04727115       269

  ==> Add operator: mvp2 -1: 35168 35169
  ==> Current qubit order: 2  3  4  5  6  7  8  9  10  11  13  14  15  16  17  18  19  20  21  22  23  24  25  28  30  31  32  33  36  37  39  42  43  44  45  46  47  48  49  50  51  77  52  53  57  60  41  56  38  64  61  34  35  71  76  27  12  59  54  127  67  66  29  26  65  113  112  0  1  75  55  73  72  70  74  126  93  40  58  84  88  91  69  68  114  62  85  63  78  79  80  81  92  82  83  89  86  94  95  87  96  97  98  90  99  100  101  102  103  115  104  105  106  110  111  107  117  108  109  116  120  121  124  125  118  119  122  123  


  ==> Energy                -422.626518365
  ==> dE                       -1.24e-04
  ==> Gradient Norm             2.43e-01
  ==> Abs. Max. Deriv.          4.78e-02
  ==> Time-Grad. (s)             431.859
  ==> Time-Energy (s)             53.513
  ==> Time-Iter. (s)             488.973

--------------------------------------------------------------------------------
CEO-ADAPT-VQE iteration: 95
--------------------------------------------------------------------------------
    gate        derivative      name       op1       op2       op3        g_unscaled   penalty
     255        0.00091262      a_ia       255                            0.00365049         4
   94959       -0.00035860        op     39283     39284                 -0.02259163        63
   94960       -0.00035049        om     39283     39284                 -0.02208086        63
   90722        0.00030233        om     36071     36072                  0.04081403       135
   90721        0.00030177        op     36071     36072                  0.04073904       135
   39283       -0.00028274    a_iajb     39283                           -0.02233624        79
   36071        0.00027004    a_iajb     36071                            0.04077653       151
   73367       -0.00019781        op     22923     22924                 -0.01325312        67
   73368       -0.00019693        om     22923     22924                 -0.01319398        67
   45278        0.00017750        om      1913      1914                  0.01828230       103

  ==> Add operator: a_ia 255
  ==> Current qubit order: 2  3  4  5  6  7  8  9  10  11  13  14  15  16  17  18  19  20  21  22  23  24  25  28  30  31  32  33  36  37  39  42  43  44  45  46  47  48  49  50  51  77  52  53  57  60  41  56  38  64  61  34  35  71  76  27  12  59  54  127  66  67  29  26  65  113  112  0  1  75  55  73  72  70  74  126  93  40  58  84  88  91  69  68  114  62  85  63  78  79  80  81  92  82  83  89  86  94  95  87  96  97  98  90  99  100  101  102  103  115  104  105  106  110  111  107  117  108  109  116  120  121  124  125  118  119  122  123  


  ==> Energy                -422.626523659
  ==> dE                       -5.29e-06
  ==> Gradient Norm             2.48e-01
  ==> Abs. Max. Deriv.          4.08e-02
  ==> Time-Grad. (s)             430.857
  ==> Time-Energy (s)             26.493
  ==> Time-Iter. (s)             460.949

--------------------------------------------------------------------------------
CEO-ADAPT-VQE iteration: 96
--------------------------------------------------------------------------------
    gate        derivative      name       op1       op2       op3        g_unscaled   penalty
     435       -0.00035394      a_ia       435                           -0.01203408        34
   45204        0.00017750        om      1935      1936                  0.01828248       103
   45203        0.00017525        op      1935      1936                  0.01805111       103
     324       -0.00016714      a_ia       324                           -0.00033429         2
   45175       -0.00015769        op      1907      1908                 -0.01498033        95
   45176       -0.00015739        om      1907      1908                 -0.01495209        95
   45173        0.00015646        op      1905      1906                  0.01204740        77
   45174        0.00015640        om      1905      1906                  0.01204279        77
    1935        0.00015266    a_iajb      1935                            0.01816679       119
     131       -0.00014951      a_ia       131                           -0.00059805         4

  ==> Add operator: a_ia 435
  ==> Current qubit order: 2  3  4  5  6  7  8  9  10  11  13  14  15  16  17  18  19  20  21  22  23  24  25  28  30  31  32  33  36  37  39  42  43  44  45  46  47  48  49  50  51  77  52  53  57  60  41  56  38  64  61  34  35  71  76  27  12  59  54  127  66  67  29  26  65  113  112  0  1  75  73  72  70  74  126  93  40  58  84  88  91  69  68  114  62  85  55  63  78  79  80  81  92  82  83  89  86  94  95  87  96  97  98  90  99  100  101  102  103  115  104  105  106  110  111  107  117  108  109  116  120  121  124  125  118  119  122  123  


  ==> Energy                -422.626579090
  ==> dE                       -5.54e-05
  ==> Gradient Norm             2.32e-01
  ==> Abs. Max. Deriv.          3.33e-02
  ==> Time-Grad. (s)             438.443
  ==> Time-Energy (s)             25.595
  ==> Time-Iter. (s)             467.623

--------------------------------------------------------------------------------
CEO-ADAPT-VQE iteration: 97
--------------------------------------------------------------------------------
    gate        derivative      name       op1       op2       op3        g_unscaled   penalty
     438        0.00023285      a_ia       438                            0.00232847        10
     450        0.00023244      a_ia       450                            0.00232441        10
   45232        0.00017412        om      1954      1955                  0.01828245       105
     326       -0.00017293      a_ia       326                           -0.00034586         2
   45231        0.00017192        op      1954      1955                  0.01805127       105
   45201        0.00016504        op      1924      1925                  0.01204777        73
   45202        0.00016497        om      1924      1925                  0.01204316        73
   45203       -0.00016108        op      1926      1927                 -0.01498035        93
   45204       -0.00016078        om      1926      1927                 -0.01495211        93
    1954        0.00015014    a_iajb      1954                            0.01816686       121

  ==> Add operator: a_ia 438
  ==> Current qubit order: 2  3  4  5  6  7  8  9  10  11  13  14  15  16  17  18  19  20  21  22  23  24  25  28  30  31  32  33  36  37  39  42  43  44  45  46  47  48  49  50  51  77  52  53  57  60  41  56  38  64  61  34  35  71  76  27  12  59  54  127  66  67  29  26  65  113  112  0  1  75  73  72  70  74  126  93  40  58  84  88  91  69  68  114  62  85  63  78  79  80  55  81  92  82  83  89  86  94  95  87  96  97  98  90  99  100  101  102  103  115  104  105  106  110  111  107  117  108  109  116  120  121  124  125  118  119  122  123  


  ==> Energy                -422.626580760
  ==> dE                       -1.67e-06
  ==> Gradient Norm             2.27e-01
  ==> Abs. Max. Deriv.          3.33e-02
  ==> Time-Grad. (s)             434.133
  ==> Time-Energy (s)             26.592
  ==> Time-Iter. (s)             464.251

--------------------------------------------------------------------------------
CEO-ADAPT-VQE iteration: 98
--------------------------------------------------------------------------------
    gate        derivative      name       op1       op2       op3        g_unscaled   penalty
     455        0.00023264      a_ia       455                            0.00232640        10
   97865        0.00021364        op     41737     41739                  0.01986864        93
   97866        0.00021364        op     41737     41739                  0.01986864        93
   97861        0.00019213        op     41737     41738                  0.01786852        93
   97862        0.00019213        op     41737     41738                  0.01786852        93
   97859        0.00018261        op     41735     41736                  0.01807793        99
   45202        0.00017412        om      1980      1981                  0.01828245       105
     328       -0.00017300      a_ia       328                           -0.00034599         2
   45201        0.00017192        op      1980      1981                  0.01805128       105
   97860        0.00017158        om     41735     41736                  0.01698642        99

  ==> Add operator: a_ia 455
  ==> Current qubit order: 2  3  4  5  6  7  8  9  10  11  13  14  15  16  17  18  19  20  21  22  23  24  25  28  30  31  32  33  36  37  39  42  43  44  45  46  47  48  49  50  51  77  52  53  57  60  41  56  38  64  61  34  35  71  76  27  12  59  54  127  66  67  29  26  65  113  112  0  1  75  73  72  70  74  126  93  40  84  88  91  69  58  68  114  62  85  63  78  79  80  55  81  92  82  83  89  86  94  95  87  96  97  98  90  99  100  101  102  103  115  104  105  106  110  111  107  117  108  109  116  120  121  124  125  118  119  122  123  


  ==> Energy                -422.626583622
  ==> dE                       -2.86e-06
  ==> Gradient Norm             2.23e-01
  ==> Abs. Max. Deriv.          3.33e-02
  ==> Time-Grad. (s)             441.224
  ==> Time-Energy (s)             26.571
  ==> Time-Iter. (s)             471.381

--------------------------------------------------------------------------------
CEO-ADAPT-VQE iteration: 99
--------------------------------------------------------------------------------
    gate        derivative      name       op1       op2       op3        g_unscaled   penalty
   98656        0.00160209        op     42388     42389                  0.05927726        37
   98657        0.00160163        om     42388     42389                  0.05926016        37
   42388        0.00111828    a_iajb     42388                            0.05926871        53
   98658       -0.00027529        op     42390     42391                 -0.02450107        89
   98659       -0.00027529        om     42390     42391                 -0.02450106        89
   42390       -0.00023334    a_iajb     42390                           -0.02450106       105
   93921       -0.00020969        om     38768     38769                 -0.02746975       131
   93920       -0.00020956        op     38768     38769                 -0.02745292       131
   38768       -0.00018681    a_iajb     38768                           -0.02746133       147
   45193        0.00017412        om      1998      1999                  0.01828239       105

  ==> Add operator: mvp2 -1: 42388 42389
  ==> Current qubit order: 2  3  4  5  6  7  8  9  10  11  13  14  15  16  17  18  19  20  21  22  23  24  25  28  30  31  32  33  36  37  39  42  43  44  45  46  47  48  49  50  51  77  52  53  57  60  41  56  38  64  61  34  35  71  76  27  12  59  54  127  66  67  29  26  65  113  112  0  1  75  73  72  70  74  126  93  40  84  88  91  58  69  68  62  63  114  85  78  79  80  55  81  92  82  83  89  86  94  95  87  96  97  98  90  99  100  101  102  103  115  104  105  106  110  111  107  117  108  109  116  120  121  124  125  118  119  122  123  


  ==> Energy                -422.627660775
  ==> dE                       -1.08e-03
  ==> Gradient Norm             2.47e-01
  ==> Abs. Max. Deriv.          5.93e-02
  ==> Time-Grad. (s)             434.556
  ==> Time-Energy (s)             45.916
  ==> Time-Iter. (s)             483.997

--------------------------------------------------------------------------------
CEO-ADAPT-VQE iteration: 100
--------------------------------------------------------------------------------
    gate        derivative      name       op1       op2       op3        g_unscaled   penalty
   97234        0.00030837        op     41423     41424                  0.04594647       149
   97235        0.00030837        op     41423     41424                  0.04594647       149
   97238        0.00030491        op     41423     41425                  0.04543129       149
   97239        0.00030491        op     41423     41425                  0.04543129       149
   41423        0.00026266    a_iajb     41423                            0.04333858       165
   45161        0.00017412        om      2009      2010                  0.01828242       105
     331       -0.00017357      a_ia       331                           -0.00034715         2
   45160        0.00017192        op      2009      2010                  0.01805121       105
   45124        0.00016505        op      1973      1974                  0.01204877        73
   45125        0.00016499        om      1973      1974                  0.01204416        73

  ==> Add operator: mvp3 -1: 41423 41424 41425
  ==> Current qubit order: 2  3  4  5  6  7  8  9  10  11  13  14  15  16  17  18  19  20  21  22  23  24  25  28  30  31  32  33  36  37  39  42  43  44  45  46  47  48  49  50  51  77  52  53  57  60  41  56  38  61  34  35  71  76  27  12  59  127  66  67  29  26  65  113  112  0  64  54  68  62  1  75  73  72  70  74  126  93  40  84  88  91  58  69  63  114  85  78  79  80  55  81  92  82  83  89  86  94  95  87  96  97  98  90  99  100  101  102  103  115  104  105  106  110  111  107  117  108  109  116  120  121  124  125  118  119  122  123  


  ==> Energy                -422.630360818
  ==> dE                       -2.70e-03
  ==> Gradient Norm             2.39e-01
  ==> Abs. Max. Deriv.          4.59e-02
  ==> Time-Grad. (s)             434.963
  ==> Time-Energy (s)            692.667
  ==> Time-Iter. (s)            1131.216

--------------------------------------------------------------------------------
CEO-ADAPT-VQE iteration: 101
--------------------------------------------------------------------------------
    gate        derivative      name       op1       op2       op3        g_unscaled   penalty
     488        0.00047401      a_ia       488                            0.00094801         2
   45295        0.00040939        op      2159      2160                  0.01842239        45
   45296        0.00040577        om      2159      2160                  0.01825980        45
     452        0.00034804      a_ia       452                            0.00069608         2
    2159        0.00030067    a_iajb      2159                            0.01834109        61
     489        0.00027608      a_ia       489                            0.00165646         6
     491       -0.00022985      a_ia       491                           -0.00367765        16
     451       -0.00022781      a_ia       451                           -0.00273372        12
     269        0.00021351      a_ia       269                            0.00042702         2
   72197        0.00018714        op     22428     22429                  0.01216380        65

  ==> Add operator: a_ia 488
  ==> Current qubit order: 2  3  4  5  6  7  8  9  10  11  13  14  15  16  17  18  19  20  21  22  23  24  25  28  30  31  32  33  36  37  39  42  43  44  45  46  47  48  49  50  51  77  52  53  57  60  41  56  38  61  34  35  71  76  27  12  59  127  66  67  29  26  65  113  112  0  64  54  68  62  1  75  73  72  70  74  126  93  40  84  88  91  58  69  63  114  85  78  79  80  55  81  92  82  83  89  86  94  95  87  96  97  98  90  99  100  101  102  103  115  104  105  106  110  111  107  117  108  109  116  120  121  124  125  118  119  122  123  


  ==> Energy                -422.630361162
  ==> dE                       -3.44e-07
  ==> Gradient Norm             2.26e-01
  ==> Abs. Max. Deriv.          3.33e-02
  ==> Time-Grad. (s)             429.728
  ==> Time-Energy (s)             34.366
  ==> Time-Iter. (s)             467.772

--------------------------------------------------------------------------------
CEO-ADAPT-VQE iteration: 102
--------------------------------------------------------------------------------
    gate        derivative      name       op1       op2       op3        g_unscaled   penalty
   45348        0.00040938        op      2176      2177                  0.01842228        45
   45349        0.00040577        om      2176      2177                  0.01825967        45
     456        0.00035102      a_ia       456                            0.00070204         2
    2176        0.00030067    a_iajb      2176                            0.01834097        61
     494        0.00027749      a_ia       494                            0.00166497         6
     496       -0.00022926      a_ia       496                           -0.00366810        16
     455       -0.00022855      a_ia       455                           -0.00274255        12
   94164       -0.00020394        op     38980     38981                 -0.01774319        87
     272        0.00019728      a_ia       272                            0.00039456         2
   94165       -0.00018923        om     38980     38981                 -0.01646282        87

  ==> Add operator: mvp2 -1: 2176 2177
  ==> Current qubit order: 2  3  4  5  6  7  8  9  10  11  13  14  15  16  17  18  19  20  21  22  23  24  25  28  30  31  32  33  36  37  39  42  43  44  45  46  47  48  49  50  51  77  52  53  57  60  41  56  38  61  34  35  71  76  27  12  59  127  66  67  29  26  65  64  54  113  112  0  1  68  62  75  73  72  70  74  126  93  40  84  88  91  58  69  63  114  85  78  79  80  55  81  92  82  83  89  86  94  95  87  96  97  98  90  99  100  101  102  103  115  104  105  106  110  111  107  117  108  109  116  120  121  124  125  118  119  122  123  


  ==> Energy                -422.630381649
  ==> dE                       -2.05e-05
  ==> Gradient Norm             2.23e-01
  ==> Abs. Max. Deriv.          3.33e-02
  ==> Time-Grad. (s)             435.346
  ==> Time-Energy (s)             60.138
  ==> Time-Iter. (s)             499.023

--------------------------------------------------------------------------------
CEO-ADAPT-VQE iteration: 103
--------------------------------------------------------------------------------
    gate        derivative      name       op1       op2       op3        g_unscaled   penalty
     499       -0.00036647      a_ia       499                           -0.00366468        10
     459        0.00035092      a_ia       459                            0.00070184         2
   97641       -0.00028376        om     41486     41487                 -0.01447159        51
     497        0.00027755      a_ia       497                            0.00166528         6
   97640       -0.00025825        op     41486     41487                 -0.01317084        51
     458       -0.00022860      a_ia       458                           -0.00274319        12
   41486       -0.00020629    a_iajb     41486                           -0.01382121        67
     272        0.00019581      a_ia       272                            0.00039162         2
   45081        0.00019378        om      1853      1854                  0.00833243        43
   45080        0.00019263        op      1853      1854                  0.00828322        43

  ==> Add operator: a_ia 499
  ==> Current qubit order: 2  3  4  5  6  7  8  9  10  11  13  14  15  16  17  18  19  20  21  22  23  24  25  28  30  31  32  33  36  37  39  42  43  44  45  46  47  48  49  50  51  77  52  53  57  60  41  56  38  61  34  35  71  76  27  12  59  127  67  29  26  65  66  64  54  113  112  0  1  68  62  75  73  72  70  74  126  93  40  84  88  91  58  69  63  114  85  78  79  80  55  81  92  82  83  89  86  94  95  87  96  97  98  90  99  100  101  102  103  115  104  105  106  110  111  107  117  108  109  116  120  121  124  125  118  119  122  123  


  ==> Energy                -422.630387764
  ==> dE                       -6.12e-06
  ==> Gradient Norm             2.17e-01
  ==> Abs. Max. Deriv.          3.33e-02
  ==> Time-Grad. (s)             432.338
  ==> Time-Energy (s)             37.002
  ==> Time-Iter. (s)             472.885

--------------------------------------------------------------------------------
CEO-ADAPT-VQE iteration: 104
--------------------------------------------------------------------------------
    gate        derivative      name       op1       op2       op3        g_unscaled   penalty
     462        0.00035036      a_ia       462                            0.00070071         2
   89144       -0.00028856        op     35209     35210                 -0.01298520        45
   89145       -0.00028280        om     35209     35210                 -0.01272578        45
     501        0.00027641      a_ia       501                            0.00165845         6
     461       -0.00022840      a_ia       461                           -0.00274086        12
   35209       -0.00021075    a_iajb     35209                           -0.01285549        61
   45007        0.00019365        om      1865      1866                  0.00832685        43
   45006        0.00019250        op      1865      1866                  0.00827766        43
     275        0.00018587      a_ia       275                            0.00037174         2
     341       -0.00017121      a_ia       341                           -0.00034242         2

  ==> Add operator: a_ia 462
  ==> Current qubit order: 2  3  4  5  6  7  8  9  10  11  13  14  15  16  17  18  19  20  21  22  23  24  25  28  30  31  32  33  36  37  39  42  43  44  45  46  47  48  49  50  51  77  52  53  57  60  41  56  38  61  34  35  71  76  27  12  59  127  67  29  26  65  66  64  54  113  112  0  1  68  62  75  73  72  70  74  126  93  40  84  88  91  58  69  63  114  85  78  79  80  55  81  92  82  83  89  86  94  95  87  96  97  98  90  99  100  101  102  103  115  104  105  106  110  111  107  117  108  109  116  120  121  124  125  118  119  122  123  


  ==> Energy                -422.630387932
  ==> dE                       -1.67e-07
  ==> Gradient Norm             2.17e-01
  ==> Abs. Max. Deriv.          3.33e-02
  ==> Time-Grad. (s)             428.483
  ==> Time-Energy (s)             32.561
  ==> Time-Iter. (s)             464.585

--------------------------------------------------------------------------------
CEO-ADAPT-VQE iteration: 105
--------------------------------------------------------------------------------
    gate        derivative      name       op1       op2       op3        g_unscaled   penalty
     511        0.00027654      a_ia       511                            0.00165921         6
     469       -0.00022841      a_ia       469                           -0.00274092        12
   45116       -0.00022009        om      1935      1936                 -0.02134874        97
   45115       -0.00021997        op      1935      1936                 -0.02133681        97
   45068        0.00019365        om      1887      1888                  0.00832683        43
   45067        0.00019250        op      1887      1888                  0.00827764        43
    1935       -0.00018887    a_iajb      1935                           -0.02134278       113
   89601        0.00018739        op     35393     35394                  0.01255511        67
   89602        0.00018739        op     35393     35394                  0.01255511        67
   89605        0.00018702        op     35393     35395                  0.01253009        67

  ==> Add operator: a_ia 511
  ==> Current qubit order: 2  3  4  5  6  7  8  9  10  11  13  14  15  16  17  18  19  20  21  22  23  24  25  28  30  31  32  33  36  37  39  42  43  44  45  46  47  48  49  50  51  77  52  53  57  60  41  56  38  61  34  35  71  76  27  12  59  127  67  29  26  65  66  64  54  113  112  0  1  68  62  75  73  72  70  74  126  93  40  84  88  58  69  91  63  114  85  78  79  80  55  81  92  82  83  89  86  94  95  87  96  97  98  90  99  100  101  102  103  115  104  105  106  110  111  107  117  108  109  116  120  121  124  125  118  119  122  123  


  ==> Energy                -422.630388739
  ==> dE                       -8.07e-07
  ==> Gradient Norm             2.36e-01
  ==> Abs. Max. Deriv.          3.33e-02
  ==> Time-Grad. (s)             432.146
  ==> Time-Energy (s)             38.358
  ==> Time-Iter. (s)             474.095

--------------------------------------------------------------------------------
CEO-ADAPT-VQE iteration: 106
--------------------------------------------------------------------------------
    gate        derivative      name       op1       op2       op3        g_unscaled   penalty
     474       -0.00022841      a_ia       474                           -0.00274096        12
   45086       -0.00022009        om      1946      1947                 -0.02134879        97
   45085       -0.00021997        op      1946      1947                 -0.02133686        97
   45038        0.00019365        om      1898      1899                  0.00832683        43
   45037        0.00019250        op      1898      1899                  0.00827765        43
    1946       -0.00018887    a_iajb      1946                           -0.02134282       113
     285        0.00018487      a_ia       285                            0.00036974         2
     353       -0.00017123      a_ia       353                           -0.00034247         2
   45252        0.00016815        om      2112      2113                  0.01832869       109
   45251        0.00016551        op      2112      2113                  0.01804106       109

  ==> Add operator: a_ia 474
  ==> Current qubit order: 2  3  4  5  6  7  8  9  10  11  13  14  15  16  17  18  19  20  21  22  23  24  25  28  30  31  32  33  36  37  39  42  43  44  45  46  47  48  49  50  51  77  52  53  57  60  41  56  38  61  34  35  71  76  27  12  59  127  67  29  26  65  66  64  54  113  112  0  1  68  62  75  73  72  70  74  126  93  40  84  88  58  69  91  114  85  78  79  80  63  55  81  92  82  83  89  86  94  95  87  96  97  98  90  99  100  101  102  103  115  104  105  106  110  111  107  117  108  109  116  120  121  124  125  118  119  122  123  


  ==> Energy                -422.630536155
  ==> dE                       -1.47e-04
  ==> Gradient Norm             2.30e-01
  ==> Abs. Max. Deriv.          3.33e-02
  ==> Time-Grad. (s)             445.101
  ==> Time-Energy (s)             30.281
  ==> Time-Iter. (s)             479.004

--------------------------------------------------------------------------------
CEO-ADAPT-VQE iteration: 107
--------------------------------------------------------------------------------
    gate        derivative      name       op1       op2       op3        g_unscaled   penalty
   97454        0.00045666        op     41462     41463                  0.03698964        81
   97455        0.00045648        om     41462     41463                  0.03697494        81
   41462        0.00038126    a_iajb     41462                            0.03698229        97
   72826       -0.00023457        op     22741     22742                 -0.01337066        57
   72827       -0.00023386        om     22741     22742                 -0.01333029        57
   45083       -0.00022009        om      1963      1964                 -0.02134866        97
   45082       -0.00021997        op      1963      1964                 -0.02133673        97
   45035        0.00019417        om      1915      1916                  0.00834910        43
   45034        0.00019275        op      1915      1916                  0.00828826        43
    1963       -0.00018887    a_iajb      1963                           -0.02134269       113

  ==> Add operator: mvp2 -1: 41462 41463
  ==> Current qubit order: 2  3  4  5  6  7  8  9  10  11  13  14  15  16  17  18  19  20  21  22  23  24  25  28  30  31  32  33  36  37  39  42  43  44  45  46  47  48  49  50  51  77  52  53  57  60  41  56  38  61  34  35  71  76  27  12  127  67  29  26  65  64  113  112  59  66  54  69  0  1  68  62  75  73  72  70  74  126  93  40  84  88  58  91  114  85  78  79  80  63  55  81  92  82  83  89  86  94  95  87  96  97  98  90  99  100  101  102  103  115  104  105  106  110  111  107  117  108  109  116  120  121  124  125  118  119  122  123  


  ==> Energy                -422.630941146
  ==> dE                       -4.05e-04
  ==> Gradient Norm             2.45e-01
  ==> Abs. Max. Deriv.          3.70e-02
  ==> Time-Grad. (s)             430.320
  ==> Time-Energy (s)             58.918
  ==> Time-Iter. (s)             492.858

--------------------------------------------------------------------------------
CEO-ADAPT-VQE iteration: 108
--------------------------------------------------------------------------------
    gate        derivative      name       op1       op2       op3        g_unscaled   penalty
     528       -0.00070487      a_ia       528                           -0.00563899         8
   45009       -0.00033598        om      1924      1925                 -0.00839943        25
   45008       -0.00033508        op      1924      1925                 -0.00837689        25
   45063       -0.00024539        om      1978      1979                 -0.02134876        87
   45062       -0.00024525        op      1978      1979                 -0.02133684        87
    1978       -0.00020721    a_iajb      1978                           -0.02134280       103
    1924       -0.00020459    a_iajb      1924                           -0.00838816        41
   94427        0.00019649        om     39246     39247                  0.01709436        87
   92014       -0.00019608        op     37410     37411                 -0.01941171        99
   92015       -0.00019608        op     37410     37411                 -0.01941171        99

  ==> Add operator: a_ia 528
  ==> Current qubit order: 2  3  4  5  6  7  8  9  10  11  13  14  15  16  17  18  19  20  21  22  23  24  25  28  30  31  32  33  36  37  39  42  43  44  45  46  47  48  49  50  51  77  52  53  57  60  41  56  38  61  34  35  71  76  27  12  127  67  29  26  65  113  112  59  64  66  54  69  0  1  68  62  75  73  72  70  74  126  93  40  84  88  58  91  114  85  78  79  80  63  55  81  92  82  83  89  86  94  95  87  96  97  98  90  99  100  101  102  103  115  104  105  106  110  111  107  117  108  109  116  120  121  124  125  118  119  122  123  


  ==> Energy                -422.630954096
  ==> dE                       -1.30e-05
  ==> Gradient Norm             2.25e-01
  ==> Abs. Max. Deriv.          3.33e-02
  ==> Time-Grad. (s)             431.262
  ==> Time-Energy (s)             35.263
  ==> Time-Iter. (s)             470.124

--------------------------------------------------------------------------------
CEO-ADAPT-VQE iteration: 109
--------------------------------------------------------------------------------
    gate        derivative      name       op1       op2       op3        g_unscaled   penalty
   45048       -0.00033587        om      1933      1934                 -0.00839687        25
   45047       -0.00033497        op      1933      1934                 -0.00837430        25
     532       -0.00028855      a_ia       532                           -0.00057709         2
   45102       -0.00024539        om      1987      1988                 -0.02134896        87
   45101       -0.00024525        op      1987      1988                 -0.02133703        87
    1987       -0.00020721    a_iajb      1987                           -0.02134300       103
    1933       -0.00020453    a_iajb      1933                           -0.00838559        41
   45272        0.00018514        om      2157      2158                  0.01832865        99
   45271        0.00018224        op      2157      2158                  0.01804147        99
     362       -0.00017710      a_ia       362                           -0.00035419         2

  ==> Add operator: mvp2 -1: 1933 1934
  ==> Current qubit order: 2  3  4  5  6  7  8  9  10  11  13  14  15  16  17  18  19  20  21  22  23  24  25  28  30  31  32  33  36  37  39  42  43  44  45  46  47  48  49  50  51  77  52  53  57  60  41  56  38  61  34  35  71  76  27  12  127  67  29  26  65  113  112  59  64  66  54  69  0  1  68  62  75  73  72  70  74  126  93  40  84  88  58  91  114  85  78  79  80  63  55  81  92  82  83  89  86  94  95  87  96  97  98  90  99  100  101  102  103  115  104  105  106  110  111  107  117  108  109  116  120  121  124  125  118  119  122  123  


  ==> Energy                -422.630964681
  ==> dE                       -1.06e-05
  ==> Gradient Norm             2.46e-01
  ==> Abs. Max. Deriv.          3.33e-02
  ==> Time-Grad. (s)             429.321
  ==> Time-Energy (s)             61.111
  ==> Time-Iter. (s)             493.984

--------------------------------------------------------------------------------
CEO-ADAPT-VQE iteration: 110
--------------------------------------------------------------------------------
    gate        derivative      name       op1       op2       op3        g_unscaled   penalty
     535       -0.00028795      a_ia       535                           -0.00057590         2
   45110       -0.00024531        om      1994      1995                 -0.02134176        87
   45109       -0.00024517        op      1994      1995                 -0.02132984        87
   88783        0.00023725        op     34940     34941                  0.01352335        57
   88784        0.00023720        om     34940     34941                  0.01352035        57
    1994       -0.00020714    a_iajb      1994                           -0.02133580       103
   94087       -0.00019552        op     38933     38934                 -0.01231797        63
   94088       -0.00019552        op     38933     38934                 -0.01231797        63
   94091       -0.00018656        op     38933     38935                 -0.01175325        63
   94092       -0.00018656        op     38933     38935                 -0.01175325        63

  ==> Add operator: a_ia 535
  ==> Current qubit order: 2  3  4  5  6  7  8  9  10  11  13  14  15  16  17  18  19  20  21  22  23  24  25  28  30  31  32  33  36  37  39  42  43  44  45  46  47  48  49  50  51  77  52  53  57  60  41  56  38  61  34  35  71  76  27  12  127  67  29  26  65  113  112  59  64  66  54  69  0  1  68  62  75  73  72  70  74  126  93  40  84  88  58  91  114  85  78  79  80  63  55  81  92  82  83  89  86  94  95  87  96  97  98  90  99  100  101  102  103  115  104  105  106  110  111  107  117  108  109  116  120  121  124  125  118  119  122  123  


  ==> Energy                -422.630965250
  ==> dE                       -5.69e-07
  ==> Gradient Norm             2.34e-01
  ==> Abs. Max. Deriv.          3.33e-02
  ==> Time-Grad. (s)             427.703
  ==> Time-Energy (s)             37.213
  ==> Time-Iter. (s)             468.467

--------------------------------------------------------------------------------
CEO-ADAPT-VQE iteration: 111
--------------------------------------------------------------------------------
    gate        derivative      name       op1       op2       op3        g_unscaled   penalty
   45050       -0.00024531        om      2007      2008                 -0.02134177        87
   45049       -0.00024517        op      2007      2008                 -0.02132985        87
    2007       -0.00020714    a_iajb      2007                           -0.02133581       103
   94161       -0.00019513        op     39050     39051                 -0.01814692        93
   94162       -0.00019311        om     39050     39051                 -0.01795904        93
   45222        0.00018511        om      2179      2180                  0.01832625        99
     542       -0.00018355      a_ia       542                           -0.00036710         2
   45221        0.00018221        op      2179      2180                  0.01803922        99
     369       -0.00017701      a_ia       369                           -0.00035403         2
   45183       -0.00016616        op      2141      2142                 -0.01545263        93

  ==> Add operator: mvp2 -1: 2007 2008
  ==> Current qubit order: 2  3  4  5  6  7  8  9  10  11  13  14  15  16  17  18  19  20  21  22  23  24  25  28  30  31  32  33  36  37  39  42  43  44  45  46  47  48  49  50  51  77  52  53  57  60  41  56  38  61  34  35  71  76  27  12  127  67  29  26  65  113  112  59  64  66  54  69  68  62  75  73  70  74  0  1  72  83  126  93  40  84  88  58  91  114  85  78  79  80  63  55  81  92  82  89  86  94  95  87  96  97  98  90  99  100  101  102  103  115  104  105  106  110  111  107  117  108  109  116  120  121  124  125  118  119  122  123  


  ==> Energy                -422.630997151
  ==> dE                       -3.19e-05
  ==> Gradient Norm             2.30e-01
  ==> Abs. Max. Deriv.          3.33e-02
  ==> Time-Grad. (s)             429.620
  ==> Time-Energy (s)             70.167
  ==> Time-Iter. (s)             503.376

--------------------------------------------------------------------------------
CEO-ADAPT-VQE iteration: 112
--------------------------------------------------------------------------------
    gate        derivative      name       op1       op2       op3        g_unscaled   penalty
   45219       -0.00022150        om      2151      2152                 -0.01173940        53
   45218       -0.00022144        op      2151      2152                 -0.01173608        53
   45220       -0.00021758        op      2153      2154                 -0.01544793        71
   45221       -0.00021719        om      2153      2154                 -0.01542019        71
   45222       -0.00021217        op      2155      2156                 -0.00827444        39
   45223       -0.00021046        om      2155      2156                 -0.00820802        39
   45259        0.00019686        om      2191      2192                  0.01830766        93
   45258        0.00019377        op      2191      2192                  0.01802064        93
   71343        0.00018677        om     21798     21799                  0.02633430       141
     550       -0.00018374      a_ia       550                           -0.00036747         2

  ==> Add operator: mvp2 -1: 2151 2152
  ==> Current qubit order: 2  3  4  5  6  7  8  9  10  11  13  14  15  16  17  18  19  20  21  22  23  24  25  28  30  31  32  33  36  37  39  42  43  44  45  46  47  48  49  50  51  77  52  53  57  60  41  56  38  61  34  35  71  76  27  12  127  67  29  26  65  113  112  59  64  66  54  69  68  62  75  73  70  74  72  83  126  0  1  84  85  93  40  88  58  91  114  78  79  80  63  55  81  92  82  89  86  94  95  87  96  97  98  90  99  100  101  102  103  115  104  105  106  110  111  107  117  108  109  116  120  121  124  125  118  119  122  123  


  ==> Energy                -422.631005884
  ==> dE                       -8.73e-06
  ==> Gradient Norm             2.35e-01
  ==> Abs. Max. Deriv.          3.33e-02
  ==> Time-Grad. (s)             429.060
  ==> Time-Energy (s)             46.021
  ==> Time-Iter. (s)             478.618

--------------------------------------------------------------------------------
CEO-ADAPT-VQE iteration: 113
--------------------------------------------------------------------------------
    gate        derivative      name       op1       op2       op3        g_unscaled   penalty
   45194       -0.00029749        op      2164      2165                 -0.00803226        27
   45195       -0.00029511        om      2164      2165                 -0.00796800        27
   97160       -0.00027435        op     41356     41357                 -0.01234577        45
   97161       -0.00024589        om     41356     41357                 -0.01106491        45
   45192       -0.00022657        op      2162      2163                 -0.01518015        67
   45193       -0.00022617        om      2162      2163                 -0.01515331        67
   45231        0.00020564        om      2200      2201                  0.01830166        89
   45230        0.00020241        op      2200      2201                  0.01801475        89
   41356       -0.00019189    a_iajb     41356                           -0.01170534        61
    2164       -0.00018605    a_iajb      2164                           -0.00800013        43

  ==> Add operator: mvp2 -1: 2164 2165
  ==> Current qubit order: 2  3  4  5  6  7  8  9  10  11  13  14  15  16  17  18  19  20  21  22  23  24  25  28  30  31  32  33  36  37  39  42  43  44  45  46  47  48  49  50  51  77  52  53  57  60  41  56  38  61  34  35  71  76  27  12  127  67  29  26  65  113  112  59  64  66  54  69  68  62  75  73  70  74  72  83  126  0  1  84  93  85  40  88  58  91  114  78  79  80  63  55  81  92  82  89  86  94  95  87  96  97  98  90  99  100  101  102  103  115  104  105  106  110  111  107  117  108  109  116  120  121  124  125  118  119  122  123  


  ==> Energy                -422.631016317
  ==> dE                       -1.04e-05
  ==> Gradient Norm             2.34e-01
  ==> Abs. Max. Deriv.          3.36e-02
  ==> Time-Grad. (s)             430.910
  ==> Time-Energy (s)             47.987
  ==> Time-Iter. (s)             482.413

--------------------------------------------------------------------------------
CEO-ADAPT-VQE iteration: 114
--------------------------------------------------------------------------------
    gate        derivative      name       op1       op2       op3        g_unscaled   penalty
   88905        0.00130559        op     35220     35221                  0.05614027        43
   88906        0.00125452        om     35220     35221                  0.05394424        43
   35220        0.00093292    a_iajb     35220                            0.05504225        59
   45180       -0.00022809        om      2177      2178                 -0.01528229        67
   45179       -0.00022771        op      2177      2178                 -0.01525646        67
   45218        0.00020562        om      2215      2216                  0.01830057        89
   45217        0.00020240        op      2215      2216                  0.01801386        89
    2177       -0.00018397    a_iajb      2177                           -0.01526937        83
     558       -0.00018314      a_ia       558                           -0.00036628         2
     379       -0.00017701      a_ia       379                           -0.00035402         2

  ==> Add operator: mvp2 -1: 35220 35221
  ==> Current qubit order: 2  3  4  5  6  7  8  9  10  11  13  14  15  16  17  18  19  20  21  22  23  24  25  28  30  31  32  33  36  37  39  42  43  44  45  46  47  48  49  50  51  77  52  53  57  60  41  56  38  61  34  35  71  76  12  127  67  29  26  65  27  113  112  54  59  64  66  69  68  62  75  73  70  74  72  83  126  0  1  84  93  85  40  88  58  91  114  78  79  80  63  55  81  92  82  89  86  94  95  87  96  97  98  90  99  100  101  102  103  115  104  105  106  110  111  107  117  108  109  116  120  121  124  125  118  119  122  123  


  ==> Energy                -422.631650682
  ==> dE                       -6.34e-04
  ==> Gradient Norm             2.41e-01
  ==> Abs. Max. Deriv.          5.61e-02
  ==> Time-Grad. (s)             430.392
  ==> Time-Energy (s)             66.583
  ==> Time-Iter. (s)             500.547

--------------------------------------------------------------------------------
CEO-ADAPT-VQE iteration: 115
--------------------------------------------------------------------------------
    gate        derivative      name       op1       op2       op3        g_unscaled   penalty
   45126       -0.00022809        om      2195      2196                 -0.01528233        67
   45125       -0.00022770        op      2195      2196                 -0.01525584        67
     150       -0.00021794      a_ia       150                           -0.00043587         2
   45164        0.00020562        om      2233      2234                  0.01830007        89
   45163        0.00020234        op      2233      2234                  0.01800825        89
    2195       -0.00018396    a_iajb      2195                           -0.01526909        83
     382       -0.00017698      a_ia       382                           -0.00035396         2
    2233        0.00017290    a_iajb      2233                            0.01815416       105
   45165       -0.00016441        op      2235      2236                 -0.01035753        63
   45166       -0.00016141        om      2235      2236                 -0.01016857        63

  ==> Add operator: mvp2 -1: 2195 2196
  ==> Current qubit order: 2  3  4  5  6  7  8  9  10  11  13  14  15  16  17  18  19  20  21  22  23  24  25  28  30  31  32  33  36  37  39  42  43  44  45  46  47  48  49  50  51  77  52  53  57  60  41  56  38  61  34  35  71  76  12  127  67  29  26  65  27  113  112  54  59  64  66  69  68  62  75  73  70  74  72  83  126  93  85  40  0  1  84  89  88  58  91  114  78  79  80  63  55  81  92  82  86  94  95  87  96  97  98  90  99  100  101  102  103  115  104  105  106  110  111  107  117  108  109  116  120  121  124  125  118  119  122  123  


  ==> Energy                -422.631669899
  ==> dE                       -1.92e-05
  ==> Gradient Norm             2.24e-01
  ==> Abs. Max. Deriv.          3.33e-02
  ==> Time-Grad. (s)             430.756
  ==> Time-Energy (s)             59.088
  ==> Time-Iter. (s)             493.405

--------------------------------------------------------------------------------
CEO-ADAPT-VQE iteration: 116
--------------------------------------------------------------------------------
    gate        derivative      name       op1       op2       op3        g_unscaled   penalty
   45140       -0.00034577        op      2253      2254                 -0.01002728        29
   45141       -0.00034117        om      2253      2254                 -0.00989382        29
   80757       -0.00033806        om     29109     29110                 -0.02062176        61
   80756       -0.00032799        op     29109     29110                 -0.02000759        61
   88988       -0.00028580        op     35385     35386                 -0.01629073        57
   88989       -0.00027849        om     35385     35386                 -0.01587414        57
   29109       -0.00026383    a_iajb     29109                           -0.02031468        77
    2253       -0.00022135    a_iajb      2253                           -0.00996055        45
   35385       -0.00022031    a_iajb     35385                           -0.01608243        73
     152       -0.00021823      a_ia       152                           -0.00043647         2

  ==> Add operator: mvp2 -1: 2253 2254
  ==> Current qubit order: 2  3  4  5  6  7  8  9  10  11  13  14  15  16  17  18  19  20  21  22  23  24  25  28  30  31  32  33  36  37  39  42  43  44  45  46  47  48  49  50  51  77  52  53  57  60  41  56  38  61  34  35  71  76  12  127  67  29  26  65  27  113  112  54  59  64  66  69  68  62  75  73  70  74  72  83  126  93  85  40  0  1  89  88  84  58  91  114  78  79  80  63  55  81  92  82  86  94  95  87  96  97  98  90  99  100  101  102  103  115  104  105  106  110  111  107  117  108  109  116  120  121  124  125  118  119  122  123  


  ==> Energy                -422.631696490
  ==> dE                       -2.66e-05
  ==> Gradient Norm             2.37e-01
  ==> Abs. Max. Deriv.          3.33e-02
  ==> Time-Grad. (s)             429.965
  ==> Time-Energy (s)             57.811
  ==> Time-Iter. (s)             491.295

--------------------------------------------------------------------------------
CEO-ADAPT-VQE iteration: 117
--------------------------------------------------------------------------------
    gate        derivative      name       op1       op2       op3        g_unscaled   penalty
     152       -0.00021789      a_ia       152                           -0.00043577         2
   45214        0.00021555        om      2270      2271                  0.01832158        85
   45213        0.00021211        op      2270      2271                  0.01802916        85
    2270        0.00017995    a_iajb      2270                            0.01817537       101
   96976       -0.00017950        om     41315     41316                 -0.01453987        81
     393       -0.00017698      a_ia       393                           -0.00035396         2
   96975       -0.00017438        op     41315     41316                 -0.01412446        81
   41315       -0.00014775    a_iajb     41315                           -0.01433216        97
     582       -0.00014236      a_ia       582                           -0.00085413         6
     317        0.00014061      a_ia       317                            0.00028121         2

  ==> Add operator: a_ia 152
  ==> Current qubit order: 2  3  4  5  6  7  8  9  10  11  13  14  15  16  17  18  19  20  21  22  23  24  25  28  30  31  32  33  36  37  39  42  43  44  45  46  47  48  49  50  51  77  52  53  57  60  41  56  38  61  34  35  71  76  12  127  67  29  26  65  27  113  112  54  59  64  66  69  68  62  75  73  70  74  72  83  126  93  85  40  0  1  89  88  84  58  91  114  78  79  80  63  55  81  92  82  86  94  95  87  96  97  98  90  99  100  101  102  103  115  104  105  106  110  111  107  117  108  109  116  120  121  124  125  118  119  122  123  


  ==> Energy                -422.631696575
  ==> dE                       -8.43e-08
  ==> Gradient Norm             2.35e-01
  ==> Abs. Max. Deriv.          3.33e-02
  ==> Time-Grad. (s)             435.966
  ==> Time-Energy (s)             32.882
  ==> Time-Iter. (s)             472.454

--------------------------------------------------------------------------------
CEO-ADAPT-VQE iteration: 118
--------------------------------------------------------------------------------
    gate        derivative      name       op1       op2       op3        g_unscaled   penalty
     525       -0.00178851      a_ia       525                           -0.00715403         4
   45262        0.00021555        om      2288      2289                  0.01832158        85
   45261        0.00021211        op      2288      2289                  0.01802916        85
    2288        0.00017995    a_iajb      2288                            0.01817537       101
     395       -0.00017698      a_ia       395                           -0.00035396         2
     586       -0.00014235      a_ia       586                           -0.00085411         6
     318        0.00014128      a_ia       318                            0.00028256         2
       4       -0.00013913      a_ia         4                           -0.00027826         2
   70888       -0.00013690        om     21527     21528                 -0.02943297       215
     579        0.00013530      a_ia       579                            0.00189422        14

  ==> Add operator: a_ia 525
  ==> Current qubit order: 2  3  4  5  6  7  8  9  10  11  13  14  15  16  17  18  19  20  21  22  23  24  25  28  30  31  32  33  36  37  39  42  43  44  45  46  47  48  49  50  51  77  52  53  57  60  41  56  38  61  34  35  71  76  12  127  67  29  26  65  27  113  112  59  54  64  66  69  68  62  75  73  70  74  72  83  126  93  85  40  0  1  89  88  84  58  91  114  78  79  80  63  55  81  92  82  86  94  95  87  96  97  98  90  99  100  101  102  103  115  104  105  106  110  111  107  117  108  109  116  120  121  124  125  118  119  122  123  


  ==> Energy                -422.631738209
  ==> dE                       -4.16e-05
  ==> Gradient Norm             2.28e-01
  ==> Abs. Max. Deriv.          3.33e-02
  ==> Time-Grad. (s)             433.298
  ==> Time-Energy (s)             34.497
  ==> Time-Iter. (s)             471.431

--------------------------------------------------------------------------------
CEO-ADAPT-VQE iteration: 119
--------------------------------------------------------------------------------
    gate        derivative      name       op1       op2       op3        g_unscaled   penalty
   88880       -0.00067496        op     35080     35081                 -0.02767318        41
   88881       -0.00065739        om     35080     35081                 -0.02695302        41
   35080       -0.00047918    a_iajb     35080                           -0.02731310        57
     321        0.00037935      a_ia       321                            0.00075870         2
     155        0.00024419      a_ia       155                            0.00048839         2
   45273        0.00021551        om      2308      2309                  0.01831819        85
   45272        0.00021207        op      2308      2309                  0.01802600        85
    2308        0.00017992    a_iajb      2308                            0.01817210       101
     400       -0.00017603      a_ia       400                           -0.00035206         2
     585        0.00015748      a_ia       585                            0.00220473        14

  ==> Add operator: mvp2 -1: 35080 35081
  ==> Current qubit order: 2  3  4  5  6  7  8  9  10  11  13  14  15  16  17  18  19  20  21  22  23  24  25  28  30  31  32  33  36  37  39  42  43  44  45  46  47  48  49  50  51  77  52  53  57  60  41  56  38  61  34  35  71  76  12  127  67  65  29  26  113  66  27  112  59  54  64  69  68  62  75  73  70  74  72  83  126  93  85  40  0  1  89  88  84  58  91  114  78  79  80  63  55  81  92  82  86  94  95  87  96  97  98  90  99  100  101  102  103  115  104  105  106  110  111  107  117  108  109  116  120  121  124  125  118  119  122  123  


  ==> Energy                -422.631892825
  ==> dE                       -1.55e-04
  ==> Gradient Norm             2.27e-01
  ==> Abs. Max. Deriv.          3.33e-02
  ==> Time-Grad. (s)             450.120
  ==> Time-Energy (s)             58.866
  ==> Time-Iter. (s)             512.616

--------------------------------------------------------------------------------
CEO-ADAPT-VQE iteration: 120
--------------------------------------------------------------------------------
    gate        derivative      name       op1       op2       op3        g_unscaled   penalty
     157        0.00024445      a_ia       157                            0.00048891         2
   45218        0.00021547        om      2327      2328                  0.01831491        85
   45217        0.00021167        op      2327      2328                  0.01799217        85
     592        0.00020875      a_ia       592                            0.00208748        10
    2327        0.00017974    a_iajb      2327                            0.01815354       101
     403       -0.00017601      a_ia       403                           -0.00035202         2
     324        0.00017394      a_ia       324                            0.00069576         4
     406       -0.00015988      a_ia       406                           -0.00415681        26
     591        0.00015747      a_ia       591                            0.00220460        14
     433        0.00014051      a_ia       433                            0.00140508        10

  ==> Add operator: a_ia 157
  ==> Current qubit order: 2  3  4  5  6  7  8  9  10  11  13  14  15  16  17  18  19  20  21  22  23  24  25  28  30  31  32  33  36  37  39  42  43  44  45  46  47  48  49  50  51  77  52  53  57  60  41  56  38  61  34  35  71  76  12  127  67  65  29  26  113  66  27  112  59  54  64  69  68  62  75  73  70  74  72  83  126  93  85  40  0  1  89  88  84  58  91  114  78  79  80  63  55  81  92  82  86  94  95  87  96  97  98  90  99  100  101  102  103  115  104  105  106  110  111  107  117  108  109  116  120  121  124  125  118  119  122  123  


  ==> Energy                -422.631892828
  ==> dE                       -3.01e-09
  ==> Gradient Norm             2.28e-01
  ==> Abs. Max. Deriv.          3.33e-02
  ==> Time-Grad. (s)             436.026
  ==> Time-Energy (s)             29.322
  ==> Time-Iter. (s)             469.031

--------------------------------------------------------------------------------
CEO-ADAPT-VQE iteration: 121
--------------------------------------------------------------------------------
    gate        derivative      name       op1       op2       op3        g_unscaled   penalty
   90309       -0.00095533        om     36069     36070                 -0.03152589        33
   90308       -0.00089559        op     36069     36070                 -0.02955460        33
   36069       -0.00062327    a_iajb     36069                           -0.03054025        49
   94084       -0.00023579        op     38984     38985                 -0.02758775       117
   94085       -0.00022821        om     38984     38985                 -0.02670060       117
   45355        0.00021547        om      2344      2345                  0.01831491        85
   45354        0.00021167        op      2344      2345                  0.01799217        85
     592        0.00020876      a_ia       592                            0.00208758        10
   38984       -0.00020409    a_iajb     38984                           -0.02714418       133
     157        0.00018547      a_ia       157                            0.00037095         2

  ==> Add operator: mvp2 -1: 36069 36070
  ==> Current qubit order: 2  3  4  5  6  7  8  9  10  11  13  14  15  16  17  18  19  20  21  22  23  24  25  28  30  31  32  33  36  37  39  42  43  44  45  46  47  48  49  50  51  77  52  53  57  60  41  56  38  61  34  35  71  76  12  127  67  65  26  29  113  66  54  27  112  59  64  69  68  62  75  73  70  74  72  83  126  93  85  40  0  1  89  88  84  58  91  114  78  79  80  63  55  81  92  82  86  94  95  87  96  97  98  90  99  100  101  102  103  115  104  105  106  110  111  107  117  108  109  116  120  121  124  125  118  119  122  123  


  ==> Energy                -422.632105777
  ==> dE                       -2.13e-04
  ==> Gradient Norm             2.36e-01
  ==> Abs. Max. Deriv.          3.33e-02
  ==> Time-Grad. (s)             429.284
  ==> Time-Energy (s)             54.381
  ==> Time-Iter. (s)             487.512

--------------------------------------------------------------------------------
CEO-ADAPT-VQE iteration: 122
--------------------------------------------------------------------------------
    gate        derivative      name       op1       op2       op3        g_unscaled   penalty
     596        0.00029817      a_ia       596                            0.00298169        10
   80906        0.00024782        om     28870     28871                  0.03593400       145
   80905        0.00024770        op     28870     28871                  0.03591630       145
   28870        0.00022314    a_iajb     28870                            0.03592515       161
   94309       -0.00021874        op     39043     39044                 -0.01684298        77
   45362        0.00021547        om      2365      2366                  0.01831488        85
   45361        0.00021191        op      2365      2366                  0.01801221        85
     602       -0.00020389      a_ia       602                           -0.00081557         4
   94310       -0.00019160        om     39043     39044                 -0.01475318        77
     157        0.00018479      a_ia       157                            0.00036958         2

  ==> Add operator: a_ia 596
  ==> Current qubit order: 2  3  4  5  6  7  8  9  10  11  13  14  15  16  17  18  19  20  21  22  23  24  25  28  30  31  32  33  36  37  39  42  43  44  45  46  47  48  49  50  51  77  52  53  57  60  41  56  38  61  34  35  71  76  12  127  67  65  26  29  113  54  27  112  59  66  64  69  68  62  75  73  70  74  72  83  126  93  85  40  0  1  89  88  84  58  91  114  78  79  80  63  55  81  92  82  86  94  95  87  96  97  98  90  99  100  101  102  103  115  104  105  106  110  111  107  117  108  109  116  120  121  124  125  118  119  122  123  


  ==> Energy                -422.632110254
  ==> dE                       -4.48e-06
  ==> Gradient Norm             2.30e-01
  ==> Abs. Max. Deriv.          3.59e-02
  ==> Time-Grad. (s)             435.084
  ==> Time-Energy (s)             34.627
  ==> Time-Iter. (s)             473.304

--------------------------------------------------------------------------------
CEO-ADAPT-VQE iteration: 123
--------------------------------------------------------------------------------
    gate        derivative      name       op1       op2       op3        g_unscaled   penalty
   94773       -0.00023016        op     39166     39167                 -0.01818232        79
   94774       -0.00023016        op     39166     39167                 -0.01818232        79
   94777       -0.00022593        op     39166     39168                 -0.01784856        79
   94778       -0.00022593        op     39166     39168                 -0.01784856        79
   45456        0.00021547        om      2379      2380                  0.01831490        85
   45455        0.00021190        op      2379      2380                  0.01801187        85
   39166       -0.00019139    a_iajb     39166                           -0.01818232        95
     158        0.00018896      a_ia       158                            0.00037791         2
    2379        0.00017984    a_iajb      2379                            0.01816338       101
     407       -0.00017716      a_ia       407                           -0.00035433         2

  ==> Add operator: mvp2 -1: 39166 39168
  ==> Current qubit order: 2  3  4  5  6  7  8  9  10  11  13  14  15  16  17  18  19  20  21  22  23  24  25  28  30  31  32  33  36  37  39  42  43  44  45  46  47  48  49  50  51  77  52  53  57  60  41  56  38  61  34  35  71  76  12  127  67  65  26  29  113  27  112  59  66  64  69  62  54  68  74  40  75  73  70  72  83  126  93  85  0  1  89  88  84  58  91  114  78  79  80  63  55  81  92  82  86  94  95  87  96  97  98  90  99  100  101  102  103  115  104  105  106  110  111  107  117  108  109  116  120  121  124  125  118  119  122  123  


  ==> Energy                -422.632184393
  ==> dE                       -7.41e-05
  ==> Gradient Norm             2.27e-01
  ==> Abs. Max. Deriv.          3.33e-02
  ==> Time-Grad. (s)             436.087
  ==> Time-Energy (s)             54.876
  ==> Time-Iter. (s)             494.777

--------------------------------------------------------------------------------
CEO-ADAPT-VQE iteration: 124
--------------------------------------------------------------------------------
    gate        derivative      name       op1       op2       op3        g_unscaled   penalty
   45363        0.00022066        om      2394      2395                  0.01831491        83
   45362        0.00021701        op      2394      2395                  0.01801189        83
     159        0.00018933      a_ia       159                            0.00037866         2
    2394        0.00018347    a_iajb      2394                            0.01816340        99
     408       -0.00017713      a_ia       408                           -0.00035425         2
   45367        0.00017432        om      2398      2399                  0.01272529        73
   45366        0.00017289        op      2398      2399                  0.01262125        73
     603       -0.00016074      a_ia       603                           -0.00032148         2
     602        0.00015969      a_ia       602                            0.00223561        14
     625       -0.00015941      a_ia       625                           -0.00127531         8

  ==> Add operator: mvp2 -1: 2394 2395
  ==> Current qubit order: 2  3  4  5  6  7  8  9  10  11  13  14  15  16  17  18  19  20  21  22  23  24  25  28  30  31  32  33  36  37  39  42  43  44  45  46  47  48  49  50  51  77  52  53  57  60  41  56  38  61  34  35  71  76  12  127  67  65  26  29  113  27  112  59  66  64  69  62  54  68  74  40  75  73  70  72  83  93  85  89  88  84  126  0  1  87  58  91  114  78  79  80  63  55  81  92  82  86  94  95  96  97  98  90  99  100  101  102  103  115  104  105  106  110  111  107  117  108  109  116  120  121  124  125  118  119  122  123  


  ==> Energy                -422.632215400
  ==> dE                       -3.10e-05
  ==> Gradient Norm             2.26e-01
  ==> Abs. Max. Deriv.          3.33e-02
  ==> Time-Grad. (s)             426.671
  ==> Time-Energy (s)             43.460
  ==> Time-Iter. (s)             473.983

--------------------------------------------------------------------------------
CEO-ADAPT-VQE iteration: 125
--------------------------------------------------------------------------------
    gate        derivative      name       op1       op2       op3        g_unscaled   penalty
   45174        0.00027700        op      2209      2210                  0.03739461       135
   45175        0.00027117        om      2209      2210                  0.03660782       135
    2209        0.00024504    a_iajb      2209                            0.03700121       151
   45379        0.00019578        om      2413      2414                  0.01272594        65
   45378        0.00019418        op      2413      2414                  0.01262184        65
     159        0.00018952      a_ia       159                            0.00037903         2
     410       -0.00017712      a_ia       410                           -0.00035425         2
   45350        0.00016636        op      2385      2386                  0.00914997        55
   45351        0.00016487        om      2385      2386                  0.00906792        55
     630       -0.00016001      a_ia       630                           -0.00128008         8

  ==> Add operator: mvp2 -1: 2209 2210
  ==> Current qubit order: 2  3  4  5  6  7  8  9  10  11  13  14  15  16  17  18  19  20  21  22  23  24  25  28  30  31  32  33  36  37  39  42  43  44  45  46  47  48  49  50  51  77  52  53  57  60  41  56  38  61  34  35  76  12  127  67  65  26  29  113  27  112  59  66  64  69  62  54  68  74  40  75  73  70  72  83  93  71  0  1  94  85  89  88  84  126  87  58  91  114  78  79  80  63  55  81  92  82  86  95  96  97  98  90  99  100  101  102  103  115  104  105  106  110  111  107  117  108  109  116  120  121  124  125  118  119  122  123  


  ==> Energy                -422.632547711
  ==> dE                       -3.32e-04
  ==> Gradient Norm             2.34e-01
  ==> Abs. Max. Deriv.          3.74e-02
  ==> Time-Grad. (s)             473.559
  ==> Time-Energy (s)           1060.408
  ==> Time-Iter. (s)            1537.323

--------------------------------------------------------------------------------
CEO-ADAPT-VQE iteration: 126
--------------------------------------------------------------------------------
    gate        derivative      name       op1       op2       op3        g_unscaled   penalty
     159       -0.00109767      a_ia       159                           -0.00219534         2
     564        0.00063085      a_ia       564                            0.00126171         2
     613        0.00046802      a_ia       613                            0.00093603         2
   71179        0.00034966        op     21753     21755                  0.01993078        57
   71180        0.00034966        op     21753     21755                  0.01993078        57
     562       -0.00033355      a_ia       562                           -0.00066710         2
   71175        0.00033102        op     21753     21754                  0.01886808        57
   71176        0.00033102        op     21753     21754                  0.01886808        57
   45449        0.00030452        op      2591      2592                  0.02771097        91
   45450        0.00030359        om      2591      2592                  0.02762649        91

  ==> Add operator: a_ia 159
  ==> Current qubit order: 2  3  4  5  6  7  8  9  10  11  13  14  15  16  17  18  19  20  21  22  23  24  25  28  30  31  32  33  36  37  39  42  43  44  45  46  47  48  49  50  51  77  52  53  57  60  41  56  38  61  34  35  76  12  127  67  65  26  29  113  27  112  59  66  64  69  62  54  68  74  40  75  73  70  72  83  93  71  0  1  94  85  89  88  84  126  87  58  91  114  78  79  80  63  55  81  92  82  86  95  96  97  98  90  99  100  101  102  103  115  104  105  106  110  111  107  117  108  109  116  120  121  124  125  118  119  122  123  


  ==> Energy                -422.632548911
  ==> dE                       -1.20e-06
  ==> Gradient Norm             2.44e-01
  ==> Abs. Max. Deriv.          3.34e-02
  ==> Time-Grad. (s)             435.906
  ==> Time-Energy (s)             36.442
  ==> Time-Iter. (s)             476.166

--------------------------------------------------------------------------------
CEO-ADAPT-VQE iteration: 127
--------------------------------------------------------------------------------
    gate        derivative      name       op1       op2       op3        g_unscaled   penalty
   88931        0.00124723        om     35120     35121                  0.03866413        31
   88930        0.00119016        op     35120     35121                  0.03689501        31
   35120        0.00080382    a_iajb     35120                            0.03777957        47
     571        0.00062749      a_ia       571                            0.00125497         2
     620        0.00046673      a_ia       620                            0.00093347         2
     569       -0.00033338      a_ia       569                           -0.00066675         2
   45494        0.00030452        op      2613      2614                  0.02771095        91
   45495        0.00030359        om      2613      2614                  0.02762644        91
     161        0.00029054      a_ia       161                            0.00058107         2
     560       -0.00028450      a_ia       560                           -0.00170698         6

  ==> Add operator: mvp2 -1: 35120 35121
  ==> Current qubit order: 2  3  4  5  6  7  8  9  10  11  13  14  15  16  17  18  19  20  21  22  23  24  25  28  30  31  32  33  36  37  39  42  43  44  45  46  47  48  49  50  51  77  52  53  57  60  41  56  38  61  34  35  76  12  127  67  65  29  26  113  112  59  27  66  64  69  62  54  68  74  40  75  73  70  72  83  93  71  0  1  94  85  89  88  84  126  87  58  91  114  78  79  80  63  55  81  92  82  86  95  96  97  98  90  99  100  101  102  103  115  104  105  106  110  111  107  117  108  109  116  120  121  124  125  118  119  122  123  


  ==> Energy                -422.632951232
  ==> dE                       -4.02e-04
  ==> Gradient Norm             2.43e-01
  ==> Abs. Max. Deriv.          3.87e-02
  ==> Time-Grad. (s)             431.093
  ==> Time-Energy (s)             54.340
  ==> Time-Iter. (s)             489.015

--------------------------------------------------------------------------------
CEO-ADAPT-VQE iteration: 128
--------------------------------------------------------------------------------
    gate        derivative      name       op1       op2       op3        g_unscaled   penalty
     574        0.00062782      a_ia       574                            0.00125565         2
     623        0.00042972      a_ia       623                            0.00085943         2
     572       -0.00033698      a_ia       572                           -0.00067395         2
   45553        0.00029696        om      2638      2639                  0.02761699        93
   45552        0.00029526        op      2638      2639                  0.02745919        93
     162        0.00028820      a_ia       162                            0.00057640         2
     563       -0.00027971      a_ia       563                           -0.00167827         6
    2638        0.00025264    a_iajb      2638                            0.02753809       109
   45585       -0.00024580        om      2670      2671                 -0.02679264       109
   45584       -0.00023730        op      2670      2671                 -0.02586527       109

  ==> Add operator: a_ia 574
  ==> Current qubit order: 2  3  4  5  6  7  8  9  10  11  13  14  15  16  17  18  19  20  21  22  23  24  25  28  30  31  32  33  36  37  39  42  43  44  45  46  47  48  49  50  51  77  52  53  57  60  41  56  38  61  34  35  76  12  127  67  65  29  26  113  112  59  27  66  64  69  62  54  68  74  40  75  73  70  72  83  93  71  0  1  94  85  89  88  84  126  87  58  91  114  78  79  80  63  55  81  92  82  86  95  96  97  98  90  99  100  101  102  103  115  104  105  106  110  111  107  117  108  109  116  120  121  124  125  118  119  122  123  


  ==> Energy                -422.632951730
  ==> dE                       -4.98e-07
  ==> Gradient Norm             2.36e-01
  ==> Abs. Max. Deriv.          3.34e-02
  ==> Time-Grad. (s)             422.391
  ==> Time-Energy (s)             29.389
  ==> Time-Iter. (s)             455.352

--------------------------------------------------------------------------------
CEO-ADAPT-VQE iteration: 129
--------------------------------------------------------------------------------
    gate        derivative      name       op1       op2       op3        g_unscaled   penalty
     628        0.00043002      a_ia       628                            0.00086003         2
     576       -0.00033704      a_ia       576                           -0.00067408         2
   45419        0.00029696        om      2648      2649                  0.02761705        93
   45418        0.00029526        op      2648      2649                  0.02745924        93
     162        0.00029050      a_ia       162                            0.00058101         2
     567       -0.00027940      a_ia       567                           -0.00167638         6
    2648        0.00025264    a_iajb      2648                            0.02753814       109
   45451       -0.00024580        om      2680      2681                 -0.02679246       109
   45450       -0.00023729        op      2680      2681                 -0.02586510       109
     340        0.00023663      a_ia       340                            0.00094654         4

  ==> Add operator: a_ia 628
  ==> Current qubit order: 2  3  4  5  6  7  8  9  10  11  13  14  15  16  17  18  19  20  21  22  23  24  25  28  30  31  32  33  36  37  39  42  43  44  45  46  47  48  49  50  51  77  52  53  57  60  41  56  38  61  34  35  76  12  127  67  65  29  26  113  112  59  27  66  64  69  62  54  68  74  40  75  73  70  72  83  93  71  0  1  94  85  89  88  84  126  87  58  91  114  78  79  80  63  55  81  92  82  86  95  96  97  98  90  99  100  101  102  103  115  104  105  106  110  111  107  117  108  109  116  120  121  124  125  118  119  122  123  


  ==> Energy                -422.632952498
  ==> dE                       -7.69e-07
  ==> Gradient Norm             2.40e-01
  ==> Abs. Max. Deriv.          3.34e-02
  ==> Time-Grad. (s)             431.835
  ==> Time-Energy (s)             41.671
  ==> Time-Iter. (s)             477.061

--------------------------------------------------------------------------------
CEO-ADAPT-VQE iteration: 130
--------------------------------------------------------------------------------
    gate        derivative      name       op1       op2       op3        g_unscaled   penalty
     580       -0.00033775      a_ia       580                           -0.00067549         2
   45497        0.00029698        om      2666      2667                  0.02761889        93
   45496        0.00029528        op      2666      2667                  0.02746108        93
     163        0.00029225      a_ia       163                            0.00058450         2
     570       -0.00027734      a_ia       570                           -0.00166407         6
    2666        0.00025266    a_iajb      2666                            0.02753999       109
     632       -0.00024728      a_ia       632                           -0.00049456         2
   45529       -0.00024582        om      2698      2699                 -0.02679434       109
     342        0.00023760      a_ia       342                            0.00095041         4
   45528       -0.00023730        op      2698      2699                 -0.02586570       109

  ==> Add operator: a_ia 580
  ==> Current qubit order: 2  3  4  5  6  7  8  9  10  11  13  14  15  16  17  18  19  20  21  22  23  24  25  28  30  31  32  33  36  37  39  42  43  44  45  46  47  48  49  50  51  77  52  53  57  60  41  56  38  61  34  35  76  12  127  67  65  29  26  113  112  59  27  66  64  69  62  54  68  74  40  75  73  70  72  83  93  71  0  1  94  85  89  88  84  126  87  58  91  114  78  79  80  63  55  81  92  82  86  95  96  97  98  90  99  100  101  102  103  115  104  105  106  110  111  107  117  108  109  116  120  121  124  125  118  119  122  123  


  ==> Energy                -422.632960200
  ==> dE                       -7.70e-06
  ==> Gradient Norm             2.48e-01
  ==> Abs. Max. Deriv.          3.98e-02
  ==> Time-Grad. (s)             423.467
  ==> Time-Energy (s)             29.355
  ==> Time-Iter. (s)             456.417

--------------------------------------------------------------------------------
CEO-ADAPT-VQE iteration: 131
--------------------------------------------------------------------------------
    gate        derivative      name       op1       op2       op3        g_unscaled   penalty
     163        0.00029698      a_ia       163                            0.00059396         2
   45449        0.00029697        om      2675      2676                  0.02761836        93
   45448        0.00029529        op      2675      2676                  0.02746186        93
     574       -0.00026477      a_ia       574                           -0.00158859         6
    2675        0.00025266    a_iajb      2675                            0.02754011       109
   45481       -0.00024581        om      2707      2708                 -0.02679315       109
   45480       -0.00023730        op      2707      2708                 -0.02586559       109
     345        0.00023197      a_ia       345                            0.00092789         4
     636       -0.00022863      a_ia       636                           -0.00045727         2
    2707       -0.00021063    a_iajb      2707                           -0.02632937       125

  ==> Add operator: a_ia 163
  ==> Current qubit order: 2  3  4  5  6  7  8  9  10  11  13  14  15  16  17  18  19  20  21  22  23  24  25  28  30  31  32  33  36  37  39  42  43  44  45  46  47  48  49  50  51  77  52  53  57  60  41  56  38  61  34  35  76  12  127  67  65  29  26  113  112  59  27  66  64  69  62  54  68  74  40  75  73  70  72  83  93  71  0  1  94  85  89  88  84  126  87  58  91  114  78  79  80  63  55  81  92  82  86  95  96  97  98  90  99  100  101  102  103  115  104  105  106  110  111  107  117  108  109  116  120  121  124  125  118  119  122  123  


  ==> Energy                -422.632960221
  ==> dE                       -2.11e-08
  ==> Gradient Norm             2.27e-01
  ==> Abs. Max. Deriv.          3.34e-02
  ==> Time-Grad. (s)             454.335
  ==> Time-Energy (s)             17.908
  ==> Time-Iter. (s)             475.797

--------------------------------------------------------------------------------
CEO-ADAPT-VQE iteration: 132
--------------------------------------------------------------------------------
    gate        derivative      name       op1       op2       op3        g_unscaled   penalty
   45409        0.00029697        om      2684      2685                  0.02761837        93
   45408        0.00029529        op      2684      2685                  0.02746186        93
     576       -0.00026532      a_ia       576                           -0.00159193         6
    2684        0.00025266    a_iajb      2684                            0.02754012       109
   45441       -0.00024581        om      2716      2717                 -0.02679313       109
   45440       -0.00023730        op      2716      2717                 -0.02586558       109
     346        0.00023180      a_ia       346                            0.00092720         4
     639       -0.00022848      a_ia       639                           -0.00045695         2
    2716       -0.00021063    a_iajb      2716                           -0.02632936       125
   45085       -0.00020895        om      2360      2361                 -0.01107413        53

  ==> Add operator: mvp2 -1: 2684 2685
  ==> Current qubit order: 2  3  4  5  6  7  8  9  10  11  13  14  15  16  17  18  19  20  21  22  23  24  25  28  30  31  32  33  36  37  39  42  43  44  45  46  47  48  49  50  51  77  52  53  57  60  41  56  38  61  34  35  76  12  127  67  65  29  26  59  27  66  64  69  62  54  68  113  112  0  1  74  40  75  73  70  72  83  93  71  94  85  89  88  84  126  87  58  91  114  78  79  80  63  55  81  92  82  86  95  96  97  98  90  99  100  101  102  103  115  104  105  106  110  111  107  117  108  109  116  120  121  124  125  118  119  122  123  


  ==> Energy                -422.633002351
  ==> dE                       -4.21e-05
  ==> Gradient Norm             2.29e-01
  ==> Abs. Max. Deriv.          3.34e-02
  ==> Time-Grad. (s)             425.523
  ==> Time-Energy (s)             61.399
  ==> Time-Iter. (s)             490.493

--------------------------------------------------------------------------------
CEO-ADAPT-VQE iteration: 133
--------------------------------------------------------------------------------
    gate        derivative      name       op1       op2       op3        g_unscaled   penalty
   44936        0.00029033        om      2283      2284                  0.00841969        29
   44935        0.00028610        op      2283      2284                  0.00829701        29
   45388       -0.00027927        om      2735      2736                 -0.02708871        97
   45387       -0.00026987        op      2735      2736                 -0.02617692        97
     579       -0.00026450      a_ia       579                           -0.00158699         6
   96687       -0.00024326        op     41492     41493                 -0.01581203        65
   96688       -0.00024326        op     41492     41493                 -0.01581203        65
     686       -0.00023954      a_ia       686                           -0.00143721         6
    2735       -0.00023569    a_iajb      2735                           -0.02663282       113
     347        0.00023117      a_ia       347                            0.00092470         4

  ==> Add operator: mvp2 -1: 2283 2284
  ==> Current qubit order: 2  3  4  5  6  7  8  9  10  11  13  14  15  16  17  18  19  20  21  22  23  24  25  28  30  31  32  33  36  37  39  42  43  44  45  46  47  48  49  50  51  77  52  53  57  60  41  56  38  61  34  35  76  12  127  67  65  29  26  59  27  66  64  69  62  54  68  113  0  1  112  74  40  75  73  70  72  83  93  71  94  85  89  88  84  126  87  58  91  114  78  79  80  63  55  81  92  82  86  95  96  97  98  90  99  100  101  102  103  115  104  105  106  110  111  107  117  108  109  116  120  121  124  125  118  119  122  123  


  ==> Energy                -422.633009081
  ==> dE                       -6.73e-06
  ==> Gradient Norm             2.34e-01
  ==> Abs. Max. Deriv.          3.34e-02
  ==> Time-Grad. (s)             429.526
  ==> Time-Energy (s)             41.993
  ==> Time-Iter. (s)             475.076

--------------------------------------------------------------------------------
CEO-ADAPT-VQE iteration: 134
--------------------------------------------------------------------------------
    gate        derivative      name       op1       op2       op3        g_unscaled   penalty
   45334       -0.00027922        om      2761      2762                 -0.02708409        97
   45333       -0.00026985        op      2761      2762                 -0.02617561        97
     585       -0.00026443      a_ia       585                           -0.00158659         6
     694       -0.00023978      a_ia       694                           -0.00143868         6
    2761       -0.00023566    a_iajb      2761                           -0.02662985       113
     351        0.00023092      a_ia       351                            0.00092369         4
     648       -0.00022702      a_ia       648                           -0.00045404         2
     647        0.00019597      a_ia       647                            0.00235169        12
     438       -0.00017609      a_ia       438                           -0.00035219         2
   44968       -0.00017029        om      2395      2396                 -0.01106884        65

  ==> Add operator: mvp2 -1: 2761 2762
  ==> Current qubit order: 2  3  4  5  6  7  8  9  10  11  13  14  15  16  17  18  19  20  21  22  23  24  25  28  30  31  32  33  36  37  39  42  43  44  45  46  47  48  49  50  51  77  52  53  57  60  41  56  38  61  34  35  76  12  67  65  29  26  59  27  66  64  69  62  54  68  113  127  0  1  126  112  74  40  75  73  70  72  83  93  71  94  85  89  88  84  87  58  91  114  78  79  80  63  55  81  92  82  86  95  96  97  98  90  99  100  101  102  103  115  104  105  106  110  111  107  117  108  109  116  120  121  124  125  118  119  122  123  


  ==> Energy                -422.633086203
  ==> dE                       -7.71e-05
  ==> Gradient Norm             2.41e-01
  ==> Abs. Max. Deriv.          3.79e-02
  ==> Time-Grad. (s)             435.463
  ==> Time-Energy (s)             56.726
  ==> Time-Iter. (s)             495.749

--------------------------------------------------------------------------------
CEO-ADAPT-VQE iteration: 135
--------------------------------------------------------------------------------
    gate        derivative      name       op1       op2       op3        g_unscaled   penalty
   70231        0.00039893        op     21473     21474                  0.02513286        63
   70232        0.00038933        om     21473     21474                  0.02452750        63
   21473        0.00031431    a_iajb     21473                            0.02483018        79
     590       -0.00026837      a_ia       590                           -0.00161023         6
     699       -0.00024056      a_ia       699                           -0.00144334         6
     355        0.00022680      a_ia       355                            0.00090720         4
      19        0.00021721      a_ia        19                            0.00086885         4
     652        0.00019593      a_ia       652                            0.00235120        12
   71579        0.00018921        op     22449     22450                  0.02024587       107
   71580        0.00018921        op     22449     22450                  0.02024587       107

  ==> Add operator: mvp2 -1: 21473 21474
  ==> Current qubit order: 2  3  4  5  6  7  8  9  10  11  13  14  15  16  17  18  19  20  21  22  23  24  25  28  30  31  32  33  36  37  39  42  43  44  45  46  47  48  49  50  51  77  52  53  57  60  41  56  38  61  34  35  76  12  67  65  29  26  59  66  64  69  62  54  27  127  0  112  68  113  1  126  74  40  75  73  70  72  83  93  71  94  85  89  88  84  87  58  91  114  78  79  80  63  55  81  92  82  86  95  96  97  98  90  99  100  101  102  103  115  104  105  106  110  111  107  117  108  109  116  120  121  124  125  118  119  122  123  


  ==> Energy                -422.633154028
  ==> dE                       -6.78e-05
  ==> Gradient Norm             2.33e-01
  ==> Abs. Max. Deriv.          2.51e-02
  ==> Time-Grad. (s)             416.077
  ==> Time-Energy (s)             50.698
  ==> Time-Iter. (s)             470.376

--------------------------------------------------------------------------------
CEO-ADAPT-VQE iteration: 136
--------------------------------------------------------------------------------
    gate        derivative      name       op1       op2       op3        g_unscaled   penalty
     595       -0.00026746      a_ia       595                           -0.00160473         6
     705       -0.00024083      a_ia       705                           -0.00144499         6
   45011        0.00023254        om      2356      2357                  0.01232440        53
     358        0.00022764      a_ia       358                            0.00091057         4
   45010        0.00021853        op      2356      2357                  0.01158229        53
     657        0.00019593      a_ia       657                            0.00235118        12
     450       -0.00018925      a_ia       450                           -0.00416361        22
   45418        0.00018808        op      2764      2765                  0.00695906        37
   45419        0.00017970        om      2764      2765                  0.00664881        37
     447       -0.00017610      a_ia       447                           -0.00035221         2

  ==> Add operator: a_ia 595
  ==> Current qubit order: 2  3  4  5  6  7  8  9  10  11  13  14  15  16  17  18  19  20  21  22  23  24  25  28  30  31  32  33  36  37  39  42  43  44  45  46  47  48  49  50  51  77  52  53  57  60  41  56  38  61  34  35  76  12  67  65  29  26  59  66  69  62  64  54  27  127  0  112  68  113  1  126  74  40  75  73  70  72  83  93  71  94  85  89  88  84  87  58  91  114  78  79  80  63  55  81  92  82  86  95  96  97  98  90  99  100  101  102  103  115  104  105  106  110  111  107  117  108  109  116  120  121  124  125  118  119  122  123  


  ==> Energy                -422.633156057
  ==> dE                       -2.03e-06
  ==> Gradient Norm             2.15e-01
  ==> Abs. Max. Deriv.          1.93e-02
  ==> Time-Grad. (s)             430.079
  ==> Time-Energy (s)             25.872
  ==> Time-Iter. (s)             459.544

--------------------------------------------------------------------------------
CEO-ADAPT-VQE iteration: 137
--------------------------------------------------------------------------------
    gate        derivative      name       op1       op2       op3        g_unscaled   penalty
     360        0.00025309      a_ia       360                            0.00101236         4
     708       -0.00024086      a_ia       708                           -0.00144516         6
   45064        0.00023254        om      2375      2376                  0.01232476        53
   45063        0.00021854        op      2375      2376                  0.01158250        53
     660        0.00020154      a_ia       660                            0.00241853        12
   45473        0.00018811        op      2785      2786                  0.00695999        37
     452       -0.00018774      a_ia       452                           -0.00413030        22
   45474        0.00017970        om      2785      2786                  0.00664906        37
   85860       -0.00017645        om     33208     33209                 -0.01887974       107
   85859       -0.00017645        op     33208     33209                 -0.01887974       107

  ==> Add operator: a_ia 360
  ==> Current qubit order: 2  3  4  5  6  7  8  9  10  11  13  14  15  16  17  18  19  20  21  22  23  24  25  28  30  31  32  33  36  37  39  42  43  44  45  46  47  48  49  50  51  77  52  53  57  60  41  56  38  61  34  35  76  12  65  67  29  26  59  66  69  62  64  54  27  127  0  112  68  113  1  126  74  40  75  73  70  72  83  93  71  94  85  89  88  84  87  58  91  114  78  79  80  63  55  81  92  82  86  95  96  97  98  90  99  100  101  102  103  115  104  105  106  110  111  107  117  108  109  116  120  121  124  125  118  119  122  123  


  ==> Energy                -422.633156403
  ==> dE                       -3.45e-07
  ==> Gradient Norm             2.22e-01
  ==> Abs. Max. Deriv.          2.76e-02
  ==> Time-Grad. (s)             442.470
  ==> Time-Energy (s)             26.762
  ==> Time-Iter. (s)             472.791

--------------------------------------------------------------------------------
CEO-ADAPT-VQE iteration: 138
--------------------------------------------------------------------------------
    gate        derivative      name       op1       op2       op3        g_unscaled   penalty
     713       -0.00024086      a_ia       713                           -0.00144516         6
   45014        0.00023254        om      2388      2389                  0.01232461        53
   45013        0.00021854        op      2388      2389                  0.01158236        53
     664        0.00020200      a_ia       664                            0.00242401        12
   45423        0.00018810        op      2798      2799                  0.00695980        37
     453       -0.00018731      a_ia       453                           -0.00412090        22
   45424        0.00017970        om      2798      2799                  0.00664887        37
     450       -0.00017590      a_ia       450                           -0.00035180         2
    2388        0.00017324    a_iajb      2388                            0.01195349        69
     171        0.00016813      a_ia       171                            0.00033627         2

  ==> Add operator: a_ia 713
  ==> Current qubit order: 2  3  4  5  6  7  8  9  10  11  13  14  15  16  17  18  19  20  21  22  23  24  25  28  30  31  32  33  36  37  39  42  43  44  45  46  47  48  49  50  51  77  52  53  57  60  41  56  38  61  34  35  76  12  65  67  29  26  59  66  69  62  64  54  27  127  0  112  68  113  1  126  74  40  75  73  70  72  83  93  94  85  71  89  88  84  87  58  91  114  78  79  80  63  55  81  92  82  86  95  96  97  98  90  99  100  101  102  103  115  104  105  106  110  111  107  117  108  109  116  120  121  124  125  118  119  122  123  


  ==> Energy                -422.633338009
  ==> dE                       -1.82e-04
  ==> Gradient Norm             2.03e-01
  ==> Abs. Max. Deriv.          1.93e-02
  ==> Time-Grad. (s)             422.425
  ==> Time-Energy (s)             31.212
  ==> Time-Iter. (s)             457.191

--------------------------------------------------------------------------------
CEO-ADAPT-VQE iteration: 139
--------------------------------------------------------------------------------
    gate        derivative      name       op1       op2       op3        g_unscaled   penalty
   45042        0.00023335        om      2405      2406                  0.01236752        53
   45041        0.00021920        op      2405      2406                  0.01161737        53
     671        0.00020190      a_ia       671                            0.00242278        12
   45455        0.00018748        op      2819      2820                  0.00693661        37
     459       -0.00018742      a_ia       459                           -0.00412327        22
   93075        0.00018228        op     38667     38668                  0.02059798       113
   93076        0.00018228        op     38667     38668                  0.02059798       113
   45456        0.00017860        om      2819      2820                  0.00660838        37
   88043       -0.00017769        op     34823     34824                 -0.02576520       145
     456       -0.00017589      a_ia       456                           -0.00035177         2

  ==> Add operator: mvp2 -1: 2405 2406
  ==> Current qubit order: 2  3  4  5  6  7  8  9  10  11  13  14  15  16  17  18  19  20  21  22  23  24  25  28  30  31  32  33  36  37  39  42  43  44  45  46  47  48  49  50  51  77  52  53  57  60  41  56  38  61  34  35  76  12  65  67  29  26  59  66  69  62  64  54  27  127  112  68  113  126  0  1  70  83  74  40  75  73  72  93  94  85  71  89  88  84  87  58  91  114  78  79  80  63  55  81  92  82  86  95  96  97  98  90  99  100  101  102  103  115  104  105  106  110  111  107  117  108  109  116  120  121  124  125  118  119  122  123  


  ==> Energy                -422.633377010
  ==> dE                       -3.90e-05
  ==> Gradient Norm             2.29e-01
  ==> Abs. Max. Deriv.          3.14e-02
  ==> Time-Grad. (s)             422.472
  ==> Time-Energy (s)             50.054
  ==> Time-Iter. (s)             476.096

--------------------------------------------------------------------------------
CEO-ADAPT-VQE iteration: 140
--------------------------------------------------------------------------------
    gate        derivative      name       op1       op2       op3        g_unscaled   penalty
   45446        0.00022351        op      2845      2846                  0.00692890        31
   45447        0.00021389        om      2845      2846                  0.00663050        31
     673        0.00020186      a_ia       673                            0.00242228        12
   45269       -0.00019405        om      2667      2668                 -0.01338934        69
   45268       -0.00019004        op      2667      2668                 -0.01311290        69
     461       -0.00018749      a_ia       461                           -0.00412485        22
   45105       -0.00018108        om      2503      2504                 -0.01104600        61
   45104       -0.00018101        op      2503      2504                 -0.01104133        61
     458       -0.00017588      a_ia       458                           -0.00035176         2
   45050        0.00016646        op      2449      2450                  0.01714583       103

  ==> Add operator: mvp2 -1: 2845 2846
  ==> Current qubit order: 2  3  4  5  6  7  8  9  10  11  13  14  15  16  17  18  19  20  21  22  23  24  25  28  30  31  32  33  36  37  39  42  43  44  45  46  47  48  49  50  51  77  52  53  57  60  41  56  38  61  34  35  76  12  65  67  29  26  59  66  69  62  64  54  27  127  68  112  113  0  1  126  70  83  74  40  75  73  72  93  94  85  71  89  88  84  87  58  91  114  78  79  80  63  55  81  92  82  86  95  96  97  98  90  99  100  101  102  103  115  104  105  106  110  111  107  117  108  109  116  120  121  124  125  118  119  122  123  


  ==> Energy                -422.633385078
  ==> dE                       -8.07e-06
  ==> Gradient Norm             2.08e-01
  ==> Abs. Max. Deriv.          1.93e-02
  ==> Time-Grad. (s)             423.076
  ==> Time-Energy (s)             59.694
  ==> Time-Iter. (s)             486.333

--------------------------------------------------------------------------------
CEO-ADAPT-VQE iteration: 141
--------------------------------------------------------------------------------
    gate        derivative      name       op1       op2       op3        g_unscaled   penalty
   92510        0.00022748        om     38322     38323                  0.02388565       105
   92509        0.00022335        op     38322     38323                  0.02345191       105
     678        0.00020187      a_ia       678                            0.00242248        12
   38322        0.00019561    a_iajb     38322                            0.02366878       121
   84487       -0.00018853        op     32229     32230                 -0.02168130       115
   84488       -0.00018853        om     32229     32230                 -0.02168128       115
     465       -0.00018749      a_ia       465                           -0.00412486        22
   45286       -0.00018355        om      2693      2694                 -0.01339901        73
   45120       -0.00018106        om      2527      2528                 -0.01104446        61
   45119       -0.00018098        op      2527      2528                 -0.01103980        61

  ==> Add operator: mvp2 -1: 38322 38323
  ==> Current qubit order: 2  3  4  5  6  7  8  9  10  11  13  14  15  16  17  18  19  20  21  22  23  24  25  28  30  31  32  33  36  37  42  43  44  45  46  47  48  49  50  51  77  52  53  57  60  41  56  38  61  39  65  66  62  34  35  76  12  67  29  26  59  69  64  54  27  127  68  112  113  0  1  126  70  83  74  40  75  73  72  93  94  85  71  89  88  84  87  58  91  114  78  79  80  63  55  81  92  82  86  95  96  97  98  90  99  100  101  102  103  115  104  105  106  110  111  107  117  108  109  116  120  121  124  125  118  119  122  123  


  ==> Energy                -422.633564213
  ==> dE                       -1.79e-04
  ==> Gradient Norm             2.13e-01
  ==> Abs. Max. Deriv.          2.60e-02
  ==> Time-Grad. (s)             427.585
  ==> Time-Energy (s)             50.041
  ==> Time-Iter. (s)             481.513

--------------------------------------------------------------------------------
CEO-ADAPT-VQE iteration: 142
--------------------------------------------------------------------------------
    gate        derivative      name       op1       op2       op3        g_unscaled   penalty
     470       -0.00058378      a_ia       470                           -0.00467025         8
   71589       -0.00035927        op     22251     22252                 -0.06646533       185
   71590       -0.00033363        om     22251     22252                 -0.06172206       185
   22251       -0.00031887    a_iajb     22251                           -0.06409370       201
     684        0.00020202      a_ia       684                            0.00242427        12
     374        0.00019534      a_ia       374                            0.00117205         6
   45398       -0.00018354        om      2710      2711                 -0.01339845        73
   45230       -0.00018106        om      2542      2543                 -0.01104437        61
   45229       -0.00018098        op      2542      2543                 -0.01103973        61
   45397       -0.00017975        op      2710      2711                 -0.01312178        73

  ==> Add operator: a_ia 470
  ==> Current qubit order: 2  3  4  5  6  7  8  9  10  11  13  14  15  16  17  18  19  20  21  22  23  24  25  28  30  31  32  33  36  37  42  43  44  45  46  47  48  49  50  51  77  52  53  57  60  41  56  61  39  65  38  66  62  34  35  76  12  67  29  26  59  69  64  54  27  127  68  112  113  0  1  126  70  83  74  40  75  73  72  93  94  85  71  89  88  84  87  58  91  114  78  79  80  63  55  81  92  82  86  95  96  97  98  90  99  100  101  102  103  115  104  105  106  110  111  107  117  108  109  116  120  121  124  125  118  119  122  123  


  ==> Energy                -422.633572713
  ==> dE                       -8.50e-06
  ==> Gradient Norm             2.32e-01
  ==> Abs. Max. Deriv.          6.65e-02
  ==> Time-Grad. (s)             426.013
  ==> Time-Energy (s)             29.304
  ==> Time-Iter. (s)             459.174

--------------------------------------------------------------------------------
CEO-ADAPT-VQE iteration: 143
--------------------------------------------------------------------------------
    gate        derivative      name       op1       op2       op3        g_unscaled   penalty
   45084        0.00098876        om      2481      2482                  0.04053899        41
   45083        0.00097656        op      2481      2482                  0.04003903        41
    2481        0.00070682    a_iajb      2481                            0.04028901        57
     689        0.00020102      a_ia       689                            0.00241219        12
     378        0.00019391      a_ia       378                            0.00116348         6
   91103       -0.00018865        op     37197     37198                 -0.01867648        99
   91104       -0.00018865        om     37197     37198                 -0.01867604        99
     175        0.00018613      a_ia       175                            0.00037226         2
   45324       -0.00018354        om      2721      2722                 -0.01339843        73
   45156       -0.00018105        om      2553      2554                 -0.01104431        61

  ==> Add operator: mvp2 -1: 2481 2482
  ==> Current qubit order: 2  3  4  5  6  7  8  9  10  11  13  14  15  16  17  18  19  20  21  22  23  24  25  28  30  31  32  33  36  37  42  43  44  45  46  47  48  49  50  51  77  52  53  57  60  41  56  61  39  65  38  66  62  34  35  76  12  67  29  26  59  69  64  54  27  127  68  112  113  126  0  1  70  93  83  74  40  75  73  72  94  85  71  89  88  84  87  58  91  114  78  79  80  63  55  81  92  82  86  95  96  97  98  90  99  100  101  102  103  115  104  105  106  110  111  107  117  108  109  116  120  121  124  125  118  119  122  123  


  ==> Energy                -422.633692773
  ==> dE                       -1.20e-04
  ==> Gradient Norm             2.25e-01
  ==> Abs. Max. Deriv.          4.05e-02
  ==> Time-Grad. (s)             427.082
  ==> Time-Energy (s)             62.144
  ==> Time-Iter. (s)             492.906

--------------------------------------------------------------------------------
CEO-ADAPT-VQE iteration: 144
--------------------------------------------------------------------------------
    gate        derivative      name       op1       op2       op3        g_unscaled   penalty
   91403        0.00031187        om     37135     37136                  0.02401390        77
   91402        0.00031175        op     37135     37136                  0.02400466        77
   37135        0.00025816    a_iajb     37135                            0.02400928        93
     692        0.00020104      a_ia       692                            0.00241243        12
   45427       -0.00019438        om      2730      2731                 -0.01341220        69
     380        0.00019378      a_ia       380                            0.00116269         6
   45426       -0.00019042        op      2730      2731                 -0.01313889        69
   45259       -0.00018696        om      2562      2563                 -0.01103059        59
   45258       -0.00018688        op      2562      2563                 -0.01102592        59
     177        0.00018588      a_ia       177                            0.00037176         2

  ==> Add operator: mvp2 -1: 37135 37136
  ==> Current qubit order: 2  3  4  5  6  7  8  9  10  11  13  14  15  16  17  18  19  20  21  22  23  24  25  28  30  31  32  33  36  37  42  43  44  45  46  47  48  49  50  51  77  52  53  57  60  41  56  61  39  65  38  66  62  12  67  29  26  34  35  76  83  59  69  64  54  27  127  68  112  113  126  0  1  70  93  74  40  75  73  72  94  85  71  89  88  84  87  58  91  114  78  79  80  63  55  81  92  82  86  95  96  97  98  90  99  100  101  102  103  115  104  105  106  110  111  107  117  108  109  116  120  121  124  125  118  119  122  123  


  ==> Energy                -422.633770338
  ==> dE                       -7.76e-05
  ==> Gradient Norm             2.28e-01
  ==> Abs. Max. Deriv.          3.44e-02
  ==> Time-Grad. (s)             453.352
  ==> Time-Energy (s)             59.429
  ==> Time-Iter. (s)             516.397

--------------------------------------------------------------------------------
CEO-ADAPT-VQE iteration: 145
--------------------------------------------------------------------------------
    gate        derivative      name       op1       op2       op3        g_unscaled   penalty
   87789        0.00022158        om     34622     34623                  0.01883403        85
   87788        0.00022151        op     34622     34623                  0.01882806        85
   45353       -0.00020632        om      2752      2753                 -0.01341108        65
   45352       -0.00020212        op      2752      2753                 -0.01313779        65
     697        0.00020107      a_ia       697                            0.00241283        12
   45181       -0.00020056        om      2580      2581                 -0.01103057        55
   45180       -0.00020047        op      2580      2581                 -0.01102589        55
   34622        0.00018645    a_iajb     34622                            0.01883104       101
   71696        0.00018433        op     22295     22296                  0.02009218       109
   71697        0.00017619        om     22295     22296                  0.01920479       109

  ==> Add operator: mvp2 -1: 34622 34623
  ==> Current qubit order: 2  3  4  5  6  7  8  9  10  11  13  14  15  16  17  18  19  20  21  22  23  24  25  28  30  31  32  33  36  37  42  43  44  45  46  47  48  49  50  51  77  52  53  57  60  41  56  61  39  65  38  66  62  12  67  29  34  35  76  83  59  69  64  54  127  68  112  26  27  70  71  113  126  0  1  93  74  40  75  73  72  94  85  89  88  84  87  58  91  114  78  79  80  63  55  81  92  82  86  95  96  97  98  90  99  100  101  102  103  115  104  105  106  110  111  107  117  108  109  116  120  121  124  125  118  119  122  123  


  ==> Energy                -422.633826780
  ==> dE                       -5.64e-05
  ==> Gradient Norm             2.11e-01
  ==> Abs. Max. Deriv.          2.01e-02
  ==> Time-Grad. (s)             430.152
  ==> Time-Energy (s)             68.277
  ==> Time-Iter. (s)             502.060

--------------------------------------------------------------------------------
CEO-ADAPT-VQE iteration: 146
--------------------------------------------------------------------------------
    gate        derivative      name       op1       op2       op3        g_unscaled   penalty
   45493       -0.00023527        om      2762      2763                 -0.01341030        57
   45492       -0.00023047        op      2762      2763                 -0.01313702        57
   45321       -0.00020813        om      2590      2591                 -0.01103083        53
   45320       -0.00020804        op      2590      2591                 -0.01102615        53
     701        0.00020109      a_ia       701                            0.00241306        12
   71845       -0.00019637        om     22289     22290                 -0.01512031        77
   71844       -0.00019090        op     22289     22290                 -0.01469964        77
   45241        0.00018541        om      2510      2511                  0.00611850        33
    2762       -0.00018183    a_iajb      2762                           -0.01327366        73
   45240        0.00018095        op      2510      2511                  0.00597123        33

  ==> Add operator: mvp2 -1: 2762 2763
  ==> Current qubit order: 2  3  4  5  6  7  8  9  10  11  13  14  15  16  17  18  19  20  21  22  23  24  25  28  30  31  32  33  36  37  42  43  44  45  46  47  48  49  50  51  77  52  53  57  60  41  56  61  39  65  38  66  62  12  67  29  34  35  76  83  59  69  64  54  127  68  112  26  27  70  71  113  126  93  74  40  0  1  89  88  75  73  72  94  85  84  87  58  91  114  78  79  80  63  55  81  92  82  86  95  96  97  98  90  99  100  101  102  103  115  104  105  106  110  111  107  117  108  109  116  120  121  124  125  118  119  122  123  


  ==> Energy                -422.633863398
  ==> dE                       -3.66e-05
  ==> Gradient Norm             2.19e-01
  ==> Abs. Max. Deriv.          1.97e-02
  ==> Time-Grad. (s)             425.155
  ==> Time-Energy (s)             54.198
  ==> Time-Iter. (s)             482.907

--------------------------------------------------------------------------------
CEO-ADAPT-VQE iteration: 147
--------------------------------------------------------------------------------
    gate        derivative      name       op1       op2       op3        g_unscaled   penalty
   71676        0.00032550        op     22252     22253                  0.03092259        95
   71677        0.00032338        om     22252     22253                  0.03072113        95
   22252        0.00027767    a_iajb     22252                            0.03082186       111
   45247       -0.00024643        om      2605      2606                 -0.01108953        45
   45246       -0.00024633        op      2605      2606                 -0.01108468        45
     702        0.00020109      a_ia       702                            0.00241303        12
   93404       -0.00019228        op     38739     38740                 -0.02749555       143
       5       -0.00018847      a_ia         5                           -0.00037694         2
   93405       -0.00018619        om     38739     38740                 -0.02662533       143
    2605       -0.00018176    a_iajb      2605                           -0.01108710        61

  ==> Add operator: mvp2 -1: 22252 22253
  ==> Current qubit order: 2  3  4  5  6  7  8  9  10  11  13  14  15  16  17  18  19  20  21  22  23  24  25  28  30  31  32  33  36  37  42  43  44  45  46  47  48  49  50  51  77  52  53  57  60  41  56  61  39  65  38  62  12  67  29  34  35  76  83  59  69  64  54  127  66  26  71  1  68  112  27  70  113  126  93  74  40  0  89  88  75  73  72  94  85  84  87  58  91  114  78  79  80  63  55  81  92  82  86  95  96  97  98  90  99  100  101  102  103  115  104  105  106  110  111  107  117  108  109  116  120  121  124  125  118  119  122  123  


  ==> Energy                -422.633973607
  ==> dE                       -1.10e-04
  ==> Gradient Norm             2.22e-01
  ==> Abs. Max. Deriv.          3.09e-02
  ==> Time-Grad. (s)             424.892
  ==> Time-Energy (s)             54.243
  ==> Time-Iter. (s)             482.699

--------------------------------------------------------------------------------
CEO-ADAPT-VQE iteration: 148
--------------------------------------------------------------------------------
    gate        derivative      name       op1       op2       op3        g_unscaled   penalty
     706       -0.00022913      a_ia       706                           -0.00137477         6
   97067        0.00021968        op     41372     41373                  0.00900685        41
   97068        0.00021959        om     41372     41373                  0.00900305        41
     704        0.00020106      a_ia       704                            0.00241275        12
       5       -0.00019039      a_ia         5                           -0.00038077         2
   45304       -0.00017602        om      2616      2617                 -0.01108940        63
   45303       -0.00017594        op      2616      2617                 -0.01108452        63
   96919       -0.00017311        op     41260     41261                 -0.02302380       133
   96920       -0.00017311        om     41260     41261                 -0.02302380       133
   41372        0.00015798    a_iajb     41372                            0.00900495        57

  ==> Add operator: a_ia 706
  ==> Current qubit order: 2  3  4  5  6  7  8  9  10  11  13  14  15  16  17  18  19  20  21  22  23  24  25  28  30  31  32  33  36  37  42  43  44  45  46  47  48  49  50  51  77  52  53  57  60  41  56  61  39  65  38  62  12  67  29  34  35  76  83  59  69  54  127  64  66  26  71  1  68  112  27  70  113  126  93  74  40  0  89  88  75  73  72  94  85  84  87  58  91  114  78  79  80  63  55  81  92  82  86  95  96  97  98  90  99  100  101  102  103  115  104  105  106  110  111  107  117  108  109  116  120  121  124  125  118  119  122  123  


  ==> Energy                -422.633975985
  ==> dE                       -2.38e-06
  ==> Gradient Norm             2.08e-01
  ==> Abs. Max. Deriv.          2.30e-02
  ==> Time-Grad. (s)             432.718
  ==> Time-Energy (s)             37.217
  ==> Time-Iter. (s)             473.490

--------------------------------------------------------------------------------
CEO-ADAPT-VQE iteration: 149
--------------------------------------------------------------------------------
    gate        derivative      name       op1       op2       op3        g_unscaled   penalty
     709       -0.00020795      a_ia       709                           -0.00041590         2
     707        0.00020037      a_ia       707                            0.00240442        12
       5       -0.00019058      a_ia         5                           -0.00038117         2
   45292       -0.00017602        om      2624      2625                 -0.01108935        63
   45291       -0.00017594        op      2624      2625                 -0.01108446        63
   45235        0.00015160        op      2568      2569                  0.01713034       113
   45236        0.00014983        om      2568      2569                  0.01693058       113
     516        0.00014975      a_ia       516                            0.00149746        10
     708        0.00014508      a_ia       708                            0.00377206        26
    2624       -0.00014034    a_iajb      2624                           -0.01108691        79

  ==> Add operator: a_ia 709
  ==> Current qubit order: 2  3  4  5  6  7  8  9  10  11  13  14  15  16  17  18  19  20  21  22  23  24  25  28  30  31  32  33  36  37  42  43  44  45  46  47  48  49  50  51  77  52  53  57  60  41  56  61  39  65  38  62  12  67  29  34  35  76  83  59  69  54  127  64  66  26  71  1  68  112  27  70  113  126  93  74  40  0  89  88  75  73  72  94  85  84  87  58  91  114  78  79  80  63  55  81  92  82  86  95  96  97  98  90  99  100  101  102  103  115  104  105  106  110  111  107  117  108  109  116  120  121  124  125  118  119  122  123  


  ==> Energy                -422.633977159
  ==> dE                       -1.17e-06
  ==> Gradient Norm             2.09e-01
  ==> Abs. Max. Deriv.          2.78e-02
  ==> Time-Grad. (s)             428.831
  ==> Time-Energy (s)             38.992
  ==> Time-Iter. (s)             471.368

--------------------------------------------------------------------------------
CEO-ADAPT-VQE iteration: 150
--------------------------------------------------------------------------------
    gate        derivative      name       op1       op2       op3        g_unscaled   penalty
   87590        0.00032444        op     34489     34490                  0.01784419        55
   87591        0.00032438        om     34489     34490                  0.01784106        55
   34489        0.00025130    a_iajb     34489                            0.01784262        71
     711        0.00019982      a_ia       711                            0.00239789        12
   88212       -0.00019817        op     34955     34956                 -0.02239296       113
   70289        0.00019794        om     21354     21355                  0.04176493       211
       5       -0.00019072      a_ia         5                           -0.00038144         2
   88213       -0.00018307        om     34955     34956                 -0.02068678       113
   70288        0.00018170        op     21354     21355                  0.03833936       211
   21354        0.00017644    a_iajb     21354                            0.04005214       227

  ==> Add operator: mvp2 -1: 34489 34490
  ==> Current qubit order: 2  3  4  5  6  7  8  9  10  11  13  14  15  16  17  18  19  20  21  22  23  24  25  28  30  31  32  33  36  37  42  43  44  45  46  47  48  49  50  51  77  52  53  57  60  41  56  61  39  65  38  62  12  67  29  34  35  76  83  59  54  127  64  66  71  69  26  68  27  1  112  70  113  126  93  74  40  0  89  88  75  73  72  94  85  84  87  58  91  114  78  79  80  63  55  81  92  82  86  95  96  97  98  90  99  100  101  102  103  115  104  105  106  110  111  107  117  108  109  116  120  121  124  125  118  119  122  123  


  ==> Energy                -422.634136547
  ==> dE                       -1.59e-04
  ==> Gradient Norm             2.18e-01
  ==> Abs. Max. Deriv.          4.18e-02
  ==> Time-Grad. (s)             446.767
  ==> Time-Energy (s)           1488.250
  ==> Time-Iter. (s)            1938.591

--------------------------------------------------------------------------------
CEO-ADAPT-VQE iteration: 151
--------------------------------------------------------------------------------
    gate        derivative      name       op1       op2       op3        g_unscaled   penalty
   45643        0.00030753        op      3054      3055                  0.01752898        57
   45644        0.00030039        om      3054      3055                  0.01712243        57
     362        0.00027385      a_ia       362                            0.00164311         6
    3054        0.00023734    a_iajb      3054                            0.01732571        73
     391        0.00020807      a_ia       391                            0.00041613         2
   45608       -0.00020728        om      3018      3019                 -0.01098595        53
   45607       -0.00020635        op      3018      3019                 -0.01093675        53
   45244       -0.00020235        om      2654      2655                 -0.01112917        55
   45243       -0.00020228        op      2654      2655                 -0.01112544        55
     715        0.00020101      a_ia       715                            0.00241217        12

  ==> Add operator: mvp2 -1: 3054 3055
  ==> Current qubit order: 2  3  4  5  6  7  8  9  10  11  13  14  15  16  17  18  19  20  21  22  23  24  25  28  30  31  32  33  36  37  42  43  44  45  46  47  48  49  50  51  77  52  53  57  60  41  56  61  39  65  38  62  12  67  29  34  35  76  83  59  54  64  66  71  69  26  68  27  127  1  126  0  112  70  113  93  74  40  89  88  75  73  72  94  85  84  87  58  91  114  78  79  80  63  55  81  92  82  86  95  96  97  98  90  99  100  101  102  103  115  104  105  106  110  111  107  117  108  109  116  120  121  124  125  118  119  122  123  


  ==> Energy                -422.634156834
  ==> dE                       -2.03e-05
  ==> Gradient Norm             2.07e-01
  ==> Abs. Max. Deriv.          1.87e-02
  ==> Time-Grad. (s)             434.133
  ==> Time-Energy (s)             57.706
  ==> Time-Iter. (s)             495.563

--------------------------------------------------------------------------------
CEO-ADAPT-VQE iteration: 152
--------------------------------------------------------------------------------
    gate        derivative      name       op1       op2       op3        g_unscaled   penalty
      23        0.00059707      a_ia        23                            0.00119415         2
   45491       -0.00038408        om      3036      3037                 -0.01113839        29
   45490       -0.00037980        op      3036      3037                 -0.01101426        29
     366        0.00027430      a_ia       366                            0.00164580         6
    3036       -0.00024614    a_iajb      3036                           -0.01107632        45
     658        0.00020910      a_ia       658                            0.00041820         2
     395        0.00020450      a_ia       395                            0.00040901         2
     723        0.00020100      a_ia       723                            0.00241199        12
     186       -0.00017469      a_ia       186                           -0.00174690        10
   45125       -0.00016603        om      2670      2671                 -0.01112432        67

  ==> Add operator: a_ia 23
  ==> Current qubit order: 2  3  4  5  6  7  8  9  10  11  13  14  15  16  17  18  19  20  21  22  23  24  25  28  30  31  32  33  36  37  42  43  44  45  46  47  48  49  50  51  77  52  53  57  60  41  56  61  39  65  38  62  12  67  29  34  35  76  83  59  54  64  66  71  69  26  68  27  127  1  126  0  112  70  113  93  74  40  89  88  75  73  72  94  85  84  87  58  91  114  78  79  80  63  55  81  92  82  86  95  96  97  98  90  99  100  101  102  103  115  104  105  106  110  111  107  117  108  109  116  120  121  124  125  118  119  122  123  


  ==> Energy                -422.634156956
  ==> dE                       -1.22e-07
  ==> Gradient Norm             2.12e-01
  ==> Abs. Max. Deriv.          1.94e-02
  ==> Time-Grad. (s)             427.453
  ==> Time-Energy (s)             34.591
  ==> Time-Iter. (s)             465.627

--------------------------------------------------------------------------------
CEO-ADAPT-VQE iteration: 153
--------------------------------------------------------------------------------
    gate        derivative      name       op1       op2       op3        g_unscaled   penalty
   45534       -0.00038394        om      3052      3053                 -0.01113418        29
   45533       -0.00037965        op      3052      3053                 -0.01100988        29
     367        0.00027383      a_ia       367                            0.00164297         6
   79958        0.00026791        om     28803     28804                  0.00991271        37
   79957        0.00026773        op     28803     28804                  0.00990600        37
   87707        0.00025836        op     34653     34655                  0.01524324        59
   87708        0.00025836        op     34653     34655                  0.01524324        59
   87703        0.00024624        op     34653     34654                  0.01452794        59
   87704        0.00024624        op     34653     34654                  0.01452794        59
    3052       -0.00024605    a_iajb      3052                           -0.01107203        45

  ==> Add operator: mvp2 -1: 3052 3053
  ==> Current qubit order: 2  3  4  5  6  7  8  9  10  11  13  14  15  16  17  18  19  20  21  22  23  24  25  28  30  31  32  33  36  37  42  43  44  45  46  47  48  49  50  51  77  52  53  57  60  41  56  61  39  65  38  62  12  67  29  34  35  76  83  59  54  64  66  71  69  26  68  27  127  126  1  0  112  113  70  93  74  40  89  88  75  73  72  94  85  84  87  58  91  114  78  79  80  63  55  81  92  82  86  95  96  97  98  90  99  100  101  102  103  115  104  105  106  110  111  107  117  108  109  116  120  121  124  125  118  119  122  123  


  ==> Energy                -422.634164634
  ==> dE                       -7.68e-06
  ==> Gradient Norm             2.07e-01
  ==> Abs. Max. Deriv.          2.94e-02
  ==> Time-Grad. (s)             425.368
  ==> Time-Energy (s)             57.750
  ==> Time-Iter. (s)             486.667

--------------------------------------------------------------------------------
CEO-ADAPT-VQE iteration: 154
--------------------------------------------------------------------------------
    gate        derivative      name       op1       op2       op3        g_unscaled   penalty
     369        0.00027377      a_ia       369                            0.00164264         6
     668        0.00021085      a_ia       668                            0.00042170         2
     398        0.00020851      a_ia       398                            0.00041702         2
     733        0.00020101      a_ia       733                            0.00241215        12
     188       -0.00017485      a_ia       188                           -0.00174854        10
   45220       -0.00017119        om      2699      2700                 -0.01112706        65
   45219       -0.00017112        op      2699      2700                 -0.01112287        65
   70432        0.00017057        om     21590     21591                  0.01552224        91
   70431        0.00015298        op     21590     21591                  0.01392115        91
     527        0.00014899      a_ia       527                            0.00089393         6

  ==> Add operator: a_ia 369
  ==> Current qubit order: 2  3  4  5  6  7  8  9  10  11  13  14  15  16  17  18  19  20  21  22  23  24  25  28  30  31  32  33  36  37  42  43  44  45  46  47  48  49  50  51  77  52  53  57  60  41  56  61  39  65  38  62  12  67  29  34  35  76  83  59  54  64  66  71  26  68  69  27  127  126  1  0  112  113  70  93  74  40  89  88  75  73  72  94  85  84  87  58  91  114  78  79  80  63  55  81  92  82  86  95  96  97  98  90  99  100  101  102  103  115  104  105  106  110  111  107  117  108  109  116  120  121  124  125  118  119  122  123  


  ==> Energy                -422.634165466
  ==> dE                       -8.32e-07
  ==> Gradient Norm             2.10e-01
  ==> Abs. Max. Deriv.          2.33e-02
  ==> Time-Grad. (s)             431.536
  ==> Time-Energy (s)             38.142
  ==> Time-Iter. (s)             473.215

--------------------------------------------------------------------------------
CEO-ADAPT-VQE iteration: 155
--------------------------------------------------------------------------------
    gate        derivative      name       op1       op2       op3        g_unscaled   penalty
     401        0.00021634      a_ia       401                            0.00043267         2
     673        0.00020452      a_ia       673                            0.00040903         2
     738        0.00020180      a_ia       738                            0.00242159        12
     188       -0.00017373      a_ia       188                           -0.00173729        10
   45150       -0.00017119        om      2713      2714                 -0.01112703        65
   45149       -0.00017112        op      2713      2714                 -0.01112284        65
     531        0.00015105      a_ia       531                            0.00090628         6
     540        0.00014896      a_ia       540                            0.00148963        10
   45093        0.00014801        op      2657      2658                  0.01731698       117
   45094        0.00014630        om      2657      2658                  0.01711744       117

  ==> Add operator: a_ia 401
  ==> Current qubit order: 2  3  4  5  6  7  8  9  10  11  13  14  15  16  17  18  19  20  21  22  23  24  25  28  30  31  32  33  36  37  42  43  44  45  46  47  48  49  50  51  77  52  53  57  60  41  56  61  39  65  38  62  12  67  29  34  35  76  83  59  54  64  66  71  26  68  69  27  127  126  1  0  112  113  70  93  74  40  89  88  75  73  72  94  85  84  87  58  91  114  78  79  80  63  55  81  92  82  86  95  96  97  98  90  99  100  101  102  103  115  104  105  106  110  111  107  117  108  109  116  120  121  124  125  118  119  122  123  


  ==> Energy                -422.634165507
  ==> dE                       -4.07e-08
  ==> Gradient Norm             2.04e-01
  ==> Abs. Max. Deriv.          2.61e-02
  ==> Time-Grad. (s)             428.681
  ==> Time-Energy (s)             25.832
  ==> Time-Iter. (s)             458.071

--------------------------------------------------------------------------------
CEO-ADAPT-VQE iteration: 156
--------------------------------------------------------------------------------
    gate        derivative      name       op1       op2       op3        g_unscaled   penalty
     741        0.00020195      a_ia       741                            0.00242346        12
     676        0.00019951      a_ia       676                            0.00039902         2
     190       -0.00017386      a_ia       190                           -0.00173859        10
   45181       -0.00017119        om      2729      2730                 -0.01112704        65
   45180       -0.00017112        op      2729      2730                 -0.01112284        65
     533        0.00015019      a_ia       533                            0.00090114         6
     542        0.00014901      a_ia       542                            0.00149006        10
   45124        0.00014801        op      2673      2674                  0.01731697       117
   45125        0.00014630        om      2673      2674                  0.01711741       117
     742        0.00014555      a_ia       742                            0.00378432        26

  ==> Add operator: a_ia 741
  ==> Current qubit order: 2  3  4  5  6  7  8  9  10  11  13  14  15  16  17  18  19  20  21  22  23  24  25  28  30  31  32  33  36  37  42  43  44  45  46  47  48  49  50  51  77  52  53  57  60  41  56  61  39  65  38  62  12  67  29  34  35  76  83  59  54  64  66  71  26  68  69  27  127  126  1  0  112  113  70  93  74  40  89  88  75  73  72  94  85  84  87  58  91  114  78  79  80  55  81  92  82  86  63  95  96  97  98  90  99  100  101  102  103  115  104  105  106  110  111  107  117  108  109  116  120  121  124  125  118  119  122  123  


  ==> Energy                -422.634166721
  ==> dE                       -1.21e-06
  ==> Gradient Norm             2.05e-01
  ==> Abs. Max. Deriv.          2.16e-02
  ==> Time-Grad. (s)             430.074
  ==> Time-Energy (s)             32.845
  ==> Time-Iter. (s)             466.508

--------------------------------------------------------------------------------
CEO-ADAPT-VQE iteration: 157
--------------------------------------------------------------------------------
    gate        derivative      name       op1       op2       op3        g_unscaled   penalty
   69937       -0.00031298        op     21388     21390                 -0.05351980       171
   69938       -0.00031298        op     21388     21390                 -0.05351980       171
   69933       -0.00030494        op     21388     21389                 -0.05214461       171
   69934       -0.00030494        op     21388     21389                 -0.05214461       171
   21388       -0.00027683    a_iajb     21388                           -0.05176703       187
     754        0.00023694      a_ia       754                            0.00379099        16
     753        0.00019634      a_ia       753                            0.00039267         2
     687        0.00018578      a_ia       687                            0.00037156         2
     195       -0.00017307      a_ia       195                           -0.00173066        10
   45160       -0.00017119        om      2758      2759                 -0.01112705        65

  ==> Add operator: mvp3 -1: 21388 21389 21390
  ==> Current qubit order: 2  3  4  5  6  7  8  9  10  11  13  14  15  16  17  18  19  20  21  22  23  24  25  30  31  32  33  36  37  42  43  44  45  46  47  48  49  50  51  77  52  53  57  60  41  56  61  39  65  38  62  12  67  29  34  35  76  83  28  126  0  112  59  54  64  66  71  26  68  69  27  127  1  113  70  93  74  40  89  88  75  73  72  94  85  84  87  58  91  114  78  79  80  55  81  92  82  86  63  95  96  97  98  90  99  100  101  102  103  115  104  105  106  110  111  107  117  108  109  116  120  121  124  125  118  119  122  123  


  ==> Energy                -422.635160577
  ==> dE                       -9.94e-04
  ==> Gradient Norm             2.23e-01
  ==> Abs. Max. Deriv.          5.35e-02
  ==> Time-Grad. (s)             428.282
  ==> Time-Energy (s)             72.299
  ==> Time-Iter. (s)             504.216

--------------------------------------------------------------------------------
CEO-ADAPT-VQE iteration: 158
--------------------------------------------------------------------------------
    gate        derivative      name       op1       op2       op3        g_unscaled   penalty
   45519        0.00041880        op      3181      3182                  0.03392258        81
   45520        0.00041494        om      3181      3182                  0.03361050        81
    3181        0.00034811    a_iajb      3181                            0.03376654        97
   87829       -0.00034115        op     34967     34968                 -0.01808081        53
   87830       -0.00032664        om     34967     34968                 -0.01731186        53
     397        0.00026411      a_ia       397                            0.00105646         4
   34967       -0.00025647    a_iajb     34967                           -0.01769633        69
     764       -0.00024583      a_ia       764                           -0.00147501         6
     756        0.00023708      a_ia       756                            0.00379326        16
     755        0.00019652      a_ia       755                            0.00039304         2

  ==> Add operator: mvp2 -1: 3181 3182
  ==> Current qubit order: 2  3  4  5  6  7  8  9  10  11  13  14  15  16  17  18  19  20  21  22  23  24  25  30  31  32  33  36  37  42  43  44  45  46  47  48  49  50  51  77  52  53  57  60  41  56  61  39  65  38  62  12  67  29  34  35  76  83  28  112  59  54  64  66  71  126  0  127  1  26  68  69  27  113  70  93  74  40  89  88  75  73  72  94  85  84  87  58  91  114  78  79  80  55  81  92  82  86  63  95  96  97  98  90  99  100  101  102  103  115  104  105  106  110  111  107  117  108  109  116  120  121  124  125  118  119  122  123  


  ==> Energy                -422.635208151
  ==> dE                       -4.76e-05
  ==> Gradient Norm             2.07e-01
  ==> Abs. Max. Deriv.          3.39e-02
  ==> Time-Grad. (s)             426.002
  ==> Time-Energy (s)             48.014
  ==> Time-Iter. (s)             477.580

--------------------------------------------------------------------------------
CEO-ADAPT-VQE iteration: 159
--------------------------------------------------------------------------------
    gate        derivative      name       op1       op2       op3        g_unscaled   penalty
     402        0.00026413      a_ia       402                            0.00105652         4
     771       -0.00024654      a_ia       771                           -0.00147926         6
     763        0.00023715      a_ia       763                            0.00379441        16
     762        0.00019647      a_ia       762                            0.00039294         2
     696        0.00017502      a_ia       696                            0.00035004         2
     196       -0.00017271      a_ia       196                           -0.00172712        10
     709        0.00015307      a_ia       709                            0.00030614         2
   91791        0.00015306        om     38051     38052                  0.02984743       195
     551        0.00015137      a_ia       551                            0.00090821         6
     560        0.00014821      a_ia       560                            0.00148211        10

  ==> Add operator: a_ia 402
  ==> Current qubit order: 2  3  4  5  6  7  8  9  10  11  13  14  15  16  17  18  19  20  21  22  23  24  25  30  31  32  33  36  37  42  43  44  45  46  47  48  49  50  51  77  52  53  57  60  41  56  61  39  65  38  62  12  67  29  34  35  83  76  28  112  59  54  64  66  71  126  0  127  1  26  68  69  27  113  70  93  74  40  89  88  75  73  72  94  85  84  87  58  91  114  78  79  80  55  81  92  82  86  63  95  96  97  98  90  99  100  101  102  103  115  104  105  106  110  111  107  117  108  109  116  120  121  124  125  118  119  122  123  


  ==> Energy                -422.635208444
  ==> dE                       -2.92e-07
  ==> Gradient Norm             2.06e-01
  ==> Abs. Max. Deriv.          2.98e-02
  ==> Time-Grad. (s)             424.086
  ==> Time-Energy (s)             28.715
  ==> Time-Iter. (s)             456.356

--------------------------------------------------------------------------------
CEO-ADAPT-VQE iteration: 160
--------------------------------------------------------------------------------
    gate        derivative      name       op1       op2       op3        g_unscaled   penalty
     776       -0.00024654      a_ia       776                           -0.00147924         6
     768        0.00023713      a_ia       768                            0.00379414        16
     767        0.00019744      a_ia       767                            0.00039488         2
     700        0.00017804      a_ia       700                            0.00035608         2
     714        0.00015186      a_ia       714                            0.00030371         2
     555        0.00015147      a_ia       555                            0.00090882         6
     564        0.00014837      a_ia       564                            0.00148374        10
     199       -0.00014535      a_ia       199                           -0.00174422        12
   45032       -0.00014082        om      2808      2809                 -0.01112456        79
   45031       -0.00014077        op      2808      2809                 -0.01112117        79

  ==> Add operator: a_ia 776
  ==> Current qubit order: 2  3  4  5  6  7  8  9  10  11  13  14  15  16  17  18  19  20  21  22  23  24  25  30  31  32  33  36  37  42  43  44  45  46  47  48  49  50  51  77  52  53  57  60  41  56  61  39  65  38  62  12  67  29  34  35  83  76  28  59  54  112  64  66  71  126  0  127  1  26  68  69  27  113  70  93  74  40  89  88  75  73  72  94  85  84  87  58  91  114  78  79  80  55  81  92  82  86  63  95  96  97  98  90  99  100  101  102  103  115  104  105  106  110  111  107  117  108  109  116  120  121  124  125  118  119  122  123  


  ==> Energy                -422.635226612
  ==> dE                       -1.82e-05
  ==> Gradient Norm             2.07e-01
  ==> Abs. Max. Deriv.          2.90e-02
  ==> Time-Grad. (s)             444.746
  ==> Time-Energy (s)             32.028
  ==> Time-Iter. (s)             480.412

--------------------------------------------------------------------------------
CEO-ADAPT-VQE iteration: 161
--------------------------------------------------------------------------------
    gate        derivative      name       op1       op2       op3        g_unscaled   penalty
     774       -0.00033571      a_ia       774                           -0.00067142         2
     773        0.00023671      a_ia       773                            0.00378742        16
     772        0.00019878      a_ia       772                            0.00039756         2
   70705       -0.00019312        op     22126     22127                 -0.00984916        51
   70706       -0.00017288        om     22126     22127                 -0.00881690        51
     719        0.00015107      a_ia       719                            0.00030215         2
     560        0.00014925      a_ia       560                            0.00089552         6
     569        0.00014906      a_ia       569                            0.00149060        10
     395        0.00014798      a_ia       395                            0.00029596         2
     201       -0.00014496      a_ia       201                           -0.00173949        12

  ==> Add operator: a_ia 774
  ==> Current qubit order: 2  3  4  5  6  7  8  9  10  11  13  14  15  16  17  18  19  20  21  22  23  24  25  30  31  32  33  36  37  42  43  44  45  46  47  48  49  50  51  77  52  53  57  60  41  56  61  39  65  38  62  12  67  29  34  35  83  76  28  59  54  112  64  66  71  126  0  127  1  26  68  69  27  113  70  93  74  40  89  88  75  73  72  94  85  84  87  58  91  114  78  79  80  55  81  92  82  86  63  95  96  97  98  90  99  100  101  102  103  115  104  105  106  110  111  107  117  108  109  116  120  121  124  125  118  119  122  123  


  ==> Energy                -422.635227710
  ==> dE                       -1.10e-06
  ==> Gradient Norm             2.02e-01
  ==> Abs. Max. Deriv.          2.45e-02
  ==> Time-Grad. (s)             427.048
  ==> Time-Energy (s)             38.316
  ==> Time-Iter. (s)             469.220

--------------------------------------------------------------------------------
CEO-ADAPT-VQE iteration: 162
--------------------------------------------------------------------------------
    gate        derivative      name       op1       op2       op3        g_unscaled   penalty
   70345        0.00032546        op     21985     21986                  0.00813639        25
   70346        0.00031343        om     21985     21986                  0.00783581        25
     781        0.00023687      a_ia       781                            0.00378988        16
     780        0.00019514      a_ia       780                            0.00039028         2
   21985        0.00019478    a_iajb     21985                            0.00798610        41
     727        0.00015072      a_ia       727                            0.00030145         2
     567        0.00014932      a_ia       567                            0.00089592         6
     576        0.00014887      a_ia       576                            0.00148874        10
     400        0.00014693      a_ia       400                            0.00029386         2
     203       -0.00014513      a_ia       203                           -0.00174161        12

  ==> Add operator: mvp2 -1: 21985 21986
  ==> Current qubit order: 2  3  4  5  6  7  8  9  10  11  13  14  15  16  17  18  19  20  21  22  23  24  25  30  31  32  33  36  37  42  43  44  45  46  47  48  49  50  51  77  52  53  57  60  41  56  61  39  65  38  62  12  67  29  34  35  83  76  28  59  54  112  64  66  71  126  0  127  1  26  68  69  27  113  70  93  74  40  89  88  75  73  72  94  85  84  87  58  91  114  78  79  80  55  81  92  82  86  63  95  96  97  98  90  99  100  101  102  103  115  104  105  106  110  111  107  117  108  109  116  120  121  124  125  118  119  122  123  


  ==> Energy                -422.635237275
  ==> dE                       -9.56e-06
  ==> Gradient Norm             2.08e-01
  ==> Abs. Max. Deriv.          2.54e-02
  ==> Time-Grad. (s)             425.941
  ==> Time-Energy (s)             64.114
  ==> Time-Iter. (s)             493.898

--------------------------------------------------------------------------------
CEO-ADAPT-VQE iteration: 163
--------------------------------------------------------------------------------
    gate        derivative      name       op1       op2       op3        g_unscaled   penalty
   87288        0.00025521        om     35021     35022                  0.04619343       181
   87287        0.00024614        op     35021     35022                  0.04455135       181
     782        0.00023684      a_ia       782                            0.00378950        16
   35021        0.00023032    a_iajb     35021                            0.04537239       197
     781        0.00019519      a_ia       781                            0.00039038         2
   69227       -0.00017048        op     21236     21237                 -0.01039917        61
   69228       -0.00015800        om     21236     21237                 -0.00963809        61
     401        0.00015678      a_ia       401                            0.00031357         2
     728        0.00015057      a_ia       728                            0.00030113         2
     568        0.00014905      a_ia       568                            0.00089428         6

  ==> Add operator: mvp2 -1: 35021 35022
  ==> Current qubit order: 2  3  4  5  6  7  8  9  10  11  13  14  15  16  17  18  19  20  21  22  23  24  25  30  31  32  33  36  37  42  43  44  45  46  47  48  49  50  51  77  52  53  57  60  56  61  39  65  38  62  12  67  29  34  35  83  76  59  54  64  66  71  126  0  127  1  41  28  112  115  26  68  69  27  113  70  93  74  40  89  88  75  73  72  94  85  84  87  58  91  114  78  79  80  55  81  92  82  86  63  95  96  97  98  90  99  100  101  102  103  104  105  106  110  111  107  117  108  109  116  120  121  124  125  118  119  122  123  


  ==> Energy                -422.635583508
  ==> dE                       -3.46e-04
  ==> Gradient Norm             2.14e-01
  ==> Abs. Max. Deriv.          4.62e-02
  ==> Time-Grad. (s)             425.017
  ==> Time-Energy (s)             58.723
  ==> Time-Iter. (s)             487.589

--------------------------------------------------------------------------------
CEO-ADAPT-VQE iteration: 164
--------------------------------------------------------------------------------
    gate        derivative      name       op1       op2       op3        g_unscaled   penalty
     788        0.00023690      a_ia       788                            0.00379044        16
     720        0.00022905      a_ia       720                            0.00045809         2
     787        0.00019587      a_ia       787                            0.00039175         2
     406        0.00015752      a_ia       406                            0.00031503         2
     418        0.00015509      a_ia       418                            0.00124070         8
     574        0.00015064      a_ia       574                            0.00090382         6
     734        0.00015018      a_ia       734                            0.00030036         2
     206       -0.00014507      a_ia       206                           -0.00174086        12
   45301       -0.00014029        op      3065      3066                 -0.00827693        59
   45302       -0.00013790        om      3065      3066                 -0.00813616        59

  ==> Add operator: a_ia 788
  ==> Current qubit order: 2  3  4  5  6  7  8  9  10  11  13  14  15  16  17  18  19  20  21  22  23  24  25  30  31  32  33  36  37  42  43  44  45  46  47  48  49  50  51  77  52  53  57  60  56  61  39  65  38  62  12  67  29  34  35  83  76  59  54  64  66  71  126  0  127  1  41  28  112  115  26  68  69  27  113  70  93  74  40  89  88  75  73  72  94  85  84  87  58  91  114  78  79  80  55  81  92  82  86  95  96  97  98  90  99  100  63  101  102  103  104  105  106  110  111  107  117  108  109  116  120  121  124  125  118  119  122  123  


  ==> Energy                -422.635586792
  ==> dE                       -3.28e-06
  ==> Gradient Norm             2.02e-01
  ==> Abs. Max. Deriv.          2.84e-02
  ==> Time-Grad. (s)             430.433
  ==> Time-Energy (s)             35.624
  ==> Time-Iter. (s)             470.088

--------------------------------------------------------------------------------
CEO-ADAPT-VQE iteration: 165
--------------------------------------------------------------------------------
    gate        derivative      name       op1       op2       op3        g_unscaled   penalty
     721        0.00025460      a_ia       721                            0.00050919         2
   87784       -0.00021453        op     35040     35041                 -0.01609010        75
   87785       -0.00021015        om     35040     35041                 -0.01576090        75
   87227       -0.00018818        om     34602     34603                 -0.01975889       105
   92606        0.00018623        op     38683     38684                  0.02029944       109
   92607        0.00018623        op     38683     38684                  0.02029944       109
     789        0.00018324      a_ia       789                            0.00036647         2
   87226       -0.00018197        op     34602     34603                 -0.01910692       105
   92610        0.00017540        op     38683     38685                  0.01911850       109
   92611        0.00017540        op     38683     38685                  0.01911850       109

  ==> Add operator: a_ia 721
  ==> Current qubit order: 2  3  4  5  6  7  8  9  10  11  13  14  15  16  17  18  19  20  21  22  23  24  25  30  31  32  33  36  37  42  43  44  45  46  47  48  49  50  51  77  52  53  57  60  56  61  39  65  38  62  12  67  29  34  35  83  76  59  54  64  66  71  126  0  127  1  41  28  112  115  26  68  69  27  113  70  93  74  40  89  88  75  73  72  94  85  84  87  58  91  114  78  79  80  55  81  92  82  86  95  96  97  98  90  99  100  63  101  102  103  104  105  106  110  111  107  117  108  109  116  120  121  124  125  118  119  122  123  


  ==> Energy                -422.635587049
  ==> dE                       -2.57e-07
  ==> Gradient Norm             2.20e-01
  ==> Abs. Max. Deriv.          2.81e-02
  ==> Time-Grad. (s)             445.755
  ==> Time-Energy (s)             26.855
  ==> Time-Iter. (s)             476.481

--------------------------------------------------------------------------------
CEO-ADAPT-VQE iteration: 166
--------------------------------------------------------------------------------
    gate        derivative      name       op1       op2       op3        g_unscaled   penalty
     791        0.00019755      a_ia       791                            0.00039510         2
   87052       -0.00017961        op     34633     34634                 -0.01993689       111
   87053       -0.00016674        om     34633     34634                 -0.01850849       111
     737        0.00016445      a_ia       737                            0.00032890         2
     419        0.00016075      a_ia       419                            0.00128597         8
   89604        0.00015699        op     36537     36538                  0.02464762       157
   89605        0.00015699        op     36537     36538                  0.02464762       157
   34633       -0.00015136    a_iajb     34633                           -0.01922269       127
   89608        0.00015057        op     36537     36539                  0.02363911       157
   89609        0.00015057        op     36537     36539                  0.02363911       157

  ==> Add operator: a_ia 791
  ==> Current qubit order: 2  3  4  5  6  7  8  9  10  11  13  14  15  16  17  18  19  20  21  22  23  24  25  30  31  32  33  36  37  42  43  44  45  46  47  48  49  50  51  77  52  53  57  60  56  61  39  65  38  62  12  67  29  34  35  83  76  59  54  64  66  71  126  0  127  1  41  28  112  115  26  68  69  27  113  70  93  74  40  89  88  75  73  72  94  85  84  87  58  91  114  78  79  80  55  81  92  82  86  95  96  97  98  90  99  100  63  101  102  103  104  105  106  110  111  107  117  108  109  116  120  121  124  125  118  119  122  123  


  ==> Energy                -422.635587131
  ==> dE                       -8.26e-08
  ==> Gradient Norm             2.05e-01
  ==> Abs. Max. Deriv.          2.46e-02
  ==> Time-Grad. (s)             424.163
  ==> Time-Energy (s)             34.727
  ==> Time-Iter. (s)             462.487

--------------------------------------------------------------------------------
CEO-ADAPT-VQE iteration: 167
--------------------------------------------------------------------------------
    gate        derivative      name       op1       op2       op3        g_unscaled   penalty
     739        0.00016670      a_ia       739                            0.00033340         2
     420        0.00016177      a_ia       420                            0.00129420         8
     207       -0.00014812      a_ia       207                           -0.00177746        12
     577        0.00014749      a_ia       577                            0.00088494         6
     408        0.00014656      a_ia       408                            0.00029312         2
   45340       -0.00014028        op      3105      3106                 -0.00827678        59
   45341       -0.00013790        om      3105      3106                 -0.00813602        59
   82326       -0.00013081        op     30878     30879                 -0.03518829       269
   82327       -0.00013081        om     30878     30879                 -0.03518829       269
   45088        0.00012456        op      2853      2854                  0.01731440       139

  ==> Add operator: a_ia 739
  ==> Current qubit order: 2  3  4  5  6  7  8  9  10  11  13  14  15  16  17  18  19  20  21  22  23  24  25  30  31  32  33  36  37  42  43  44  45  46  47  48  49  50  51  77  52  53  57  60  56  61  39  65  38  62  12  67  29  34  35  83  76  59  54  64  66  71  126  0  127  1  41  28  112  115  26  68  69  27  113  70  93  74  40  89  88  75  73  72  94  85  84  87  58  91  114  78  79  80  55  81  92  82  86  95  96  97  98  90  99  100  63  101  102  103  104  105  106  110  111  107  117  108  109  116  120  121  124  125  118  119  122  123  


  ==> Energy                -422.635587169
  ==> dE                       -3.78e-08
  ==> Gradient Norm             2.08e-01
  ==> Abs. Max. Deriv.          3.52e-02
  ==> Time-Grad. (s)             429.609
  ==> Time-Energy (s)             27.103
  ==> Time-Iter. (s)             460.299

--------------------------------------------------------------------------------
CEO-ADAPT-VQE iteration: 168
--------------------------------------------------------------------------------
    gate        derivative      name       op1       op2       op3        g_unscaled   penalty
     423        0.00016192      a_ia       423                            0.00129536         8
     208       -0.00014802      a_ia       208                           -0.00177620        12
     581        0.00014746      a_ia       581                            0.00088476         6
     410        0.00014671      a_ia       410                            0.00029342         2
   45324       -0.00014028        op      3119      3120                 -0.00827678        59
   45325       -0.00013790        om      3119      3120                 -0.00813602        59
   45070        0.00012456        op      2865      2866                  0.01731440       139
   45071        0.00012314        om      2865      2866                  0.01711635       139
   45127       -0.00011711        om      2921      2922                 -0.01112536        95
   45126       -0.00011707        op      2921      2922                 -0.01112196        95

  ==> Add operator: a_ia 423
  ==> Current qubit order: 2  3  4  5  6  7  8  9  10  11  13  14  15  16  17  18  19  20  21  22  23  24  25  30  31  32  33  36  37  42  43  44  45  46  47  48  49  50  51  77  52  53  57  60  56  61  39  65  38  62  12  67  29  34  35  83  76  59  54  64  66  71  126  0  127  1  41  112  115  26  28  68  69  27  113  70  93  74  40  89  88  75  73  72  94  85  84  87  58  91  114  78  79  80  55  81  92  82  86  95  96  97  98  90  99  100  63  101  102  103  104  105  106  110  111  107  117  108  109  116  120  121  124  125  118  119  122  123  


  ==> Energy                -422.635587666
  ==> dE                       -4.97e-07
  ==> Gradient Norm             1.99e-01
  ==> Abs. Max. Deriv.          2.05e-02
  ==> Time-Grad. (s)             440.184
  ==> Time-Energy (s)             33.811
  ==> Time-Iter. (s)             477.634

--------------------------------------------------------------------------------
CEO-ADAPT-VQE iteration: 169
--------------------------------------------------------------------------------
    gate        derivative      name       op1       op2       op3        g_unscaled   penalty
   69561        0.00038688        om     21292     21293                  0.02359969        61
   69560        0.00036705        op     21292     21293                  0.02239029        61
   21292        0.00029864    a_iajb     21292                            0.02299499        77
   69529       -0.00020475        om     21266     21267                 -0.02968898       145
   69528       -0.00017989        op     21266     21267                 -0.02608452       145
   21266       -0.00017321    a_iajb     21266                           -0.02788675       161
   70264       -0.00015364        op     21846     21847                 -0.01090853        71
     585        0.00014915      a_ia       585                            0.00089493         6
     210       -0.00014776      a_ia       210                           -0.00177313        12
   70265       -0.00014770        om     21846     21847                 -0.01048667        71

  ==> Add operator: mvp2 -1: 21292 21293
  ==> Current qubit order: 2  3  4  5  6  7  8  9  10  11  13  14  15  16  17  18  19  20  21  22  23  24  25  30  31  32  33  36  37  42  43  44  45  46  47  48  49  50  51  77  52  53  57  60  56  61  39  65  38  62  12  67  29  34  35  83  76  59  54  64  66  71  126  127  1  112  115  26  0  41  70  93  28  68  69  27  113  74  40  89  88  75  73  72  94  85  84  87  58  91  114  78  79  80  55  81  92  82  86  95  96  97  98  90  99  100  63  101  102  103  104  105  106  110  111  107  117  108  109  116  120  121  124  125  118  119  122  123  


  ==> Energy                -422.635689807
  ==> dE                       -1.02e-04
  ==> Gradient Norm             2.09e-01
  ==> Abs. Max. Deriv.          2.97e-02
  ==> Time-Grad. (s)             429.778
  ==> Time-Energy (s)             56.879
  ==> Time-Iter. (s)             490.255

--------------------------------------------------------------------------------
CEO-ADAPT-VQE iteration: 170
--------------------------------------------------------------------------------
