Energy (SCF): -307.730888612

--------------------------------------------------------------------------------
CEO-ADAPT-VQE iteration: 1
--------------------------------------------------------------------------------
    gate        derivative      name       op1       op2       op3        g_unscaled   penalty
   46558        0.00106605        op      2154      2155                  0.04370821        41
   46559        0.00106605        om      2154      2155                  0.04370821        41
   46672        0.00089975        op      2268      2269                  0.02249383        25
   46673        0.00089975        om      2268      2269                  0.02249383        25
   46560        0.00089102        op      2156      2157                  0.04365977        49
   46561        0.00089102        om      2156      2157                  0.04365977        49
    2154        0.00076681    a_iajb      2154                            0.04370821        57
    2156        0.00067169    a_iajb      2156                            0.04365977        65
    2268        0.00054863    a_iajb      2268                            0.02249383        41
   46504        0.00048685        op      2100      2101                  0.03553979        73

  ==> Add operator: op -1: 2154 2155
  ==> Current qubit order: 0  1  2  3  4  5  6  7  8  9  10  11  12  13  14  15  16  17  18  19  20  21  22  23  24  25  26  27  28  29  30  31  32  33  34  35  36  37  38  39  40  41  42  43  44  45  46  47  48  49  52  53  54  50  51  56  57  55  58  59  60  61  62  63  64  65  66  67  68  69  70  71  72  73  74  75  76  77  78  79  80  81  82  83  84  85  86  87  88  89  90  91  92  93  94  95  96  97  98  99  100  101  102  103  104  105  106  107  108  109  110  111  


  ==> Energy                -307.731393856
  ==> dE                       -5.05e-04
  ==> Gradient Norm             6.20e-01
  ==> Abs. Max. Deriv.          5.72e-02
  ==> Time-Grad. (s)              90.328
  ==> Time-Energy (s)             27.770
  ==> Time-Iter. (s)             118.262

--------------------------------------------------------------------------------
CEO-ADAPT-VQE iteration: 2
--------------------------------------------------------------------------------
    gate        derivative      name       op1       op2       op3        g_unscaled   penalty
   96173        0.00112265        op     39802     39803                  0.04153789        37
   96174        0.00112265        om     39802     39803                  0.04153789        37
   39802        0.00078373    a_iajb     39802                            0.04153789        53
   97431        0.00058384        op     40772     40773                  0.02160196        37
   97432        0.00058384        om     40772     40773                  0.02160196        37
   95439        0.00049128        op     39218     39219                  0.02210779        45
   95440        0.00049128        om     39218     39219                  0.02210779        45
   95447        0.00048685        op     39226     39227                  0.03553979        73
   95448        0.00048685        om     39226     39227                  0.03553979        73
   95441        0.00042909        op     39220     39221                  0.02445785        57

  ==> Add operator: op -1: 39802 39803
  ==> Current qubit order: 0  1  2  3  4  5  6  7  8  9  10  11  12  13  14  15  16  17  18  19  20  21  22  23  24  25  26  27  28  29  30  31  32  33  34  35  36  37  38  39  40  41  42  43  44  45  46  47  48  49  52  53  54  56  50  51  58  59  57  55  60  61  62  63  64  65  66  67  68  69  70  71  72  73  74  75  76  77  78  79  80  81  82  83  84  85  86  87  88  89  90  91  92  93  94  95  96  97  98  99  100  101  102  103  104  105  106  107  108  109  110  111  


  ==> Energy                -307.731791004
  ==> dE                       -3.97e-04
  ==> Gradient Norm             6.18e-01
  ==> Abs. Max. Deriv.          5.72e-02
  ==> Time-Grad. (s)             112.928
  ==> Time-Energy (s)             35.169
  ==> Time-Iter. (s)             150.461

--------------------------------------------------------------------------------
CEO-ADAPT-VQE iteration: 3
--------------------------------------------------------------------------------
    gate        derivative      name       op1       op2       op3        g_unscaled   penalty
   61808        0.00016267        op     13202     13203                  0.04180715       257
   61809        0.00016267        om     13202     13203                  0.04180715       257
   76244        0.00015879        op     24233     24234                  0.03064722       193
   76245        0.00015879        om     24233     24234                  0.03064722       193
   13202        0.00015314    a_iajb     13202                            0.04180715       273
   61798        0.00015198        op     13192     13193                  0.03297906       217
   61799        0.00015198        om     13192     13193                  0.03297906       217
   61794        0.00015164        op     13188     13189                  0.03229935       213
   61795        0.00015164        om     13188     13189                  0.03229935       213
   71654        0.00014837        op     20750     20751                  0.02922799       197

  ==> Add operator: op -1: 13202 13203
  ==> Current qubit order: 0  1  2  3  4  5  8  9  10  11  12  13  14  15  16  17  18  19  20  21  22  23  24  25  26  27  28  29  30  31  32  33  34  35  6  7  66  67  36  37  38  39  40  41  42  43  44  45  46  47  48  49  52  53  54  56  50  51  58  59  57  55  60  61  62  63  64  65  68  69  70  71  72  73  74  75  76  77  78  79  80  81  82  83  84  85  86  87  88  89  90  91  92  93  94  95  96  97  98  99  100  101  102  103  104  105  106  107  108  109  110  111  


  ==> Energy                -307.731968688
  ==> dE                       -1.78e-04
  ==> Gradient Norm             3.67e-01
  ==> Abs. Max. Deriv.          4.18e-02
  ==> Time-Grad. (s)              96.510
  ==> Time-Energy (s)             18.545
  ==> Time-Iter. (s)             117.255

--------------------------------------------------------------------------------
CEO-ADAPT-VQE iteration: 4
--------------------------------------------------------------------------------
    gate        derivative      name       op1       op2       op3        g_unscaled   penalty
   67477        0.00029515        op     17520     17521                  0.03217164       109
   67478        0.00029515        om     17520     17521                  0.03217164       109
   67481        0.00029077        op     17524     17525                  0.03285681       113
   67482        0.00029077        om     17524     17525                  0.03285681       113
   17520        0.00025737    a_iajb     17520                            0.03217164       125
   17524        0.00025470    a_iajb     17524                            0.03285681       129
   67497        0.00021769        op     17540     17541                  0.03330600       153
   67498        0.00021769        om     17540     17541                  0.03330600       153
   17540        0.00019708    a_iajb     17540                            0.03330600       169
   80753        0.00019616        op     27676     27677                  0.02530424       129

  ==> Add operator: op -1: 17520 17521
  ==> Current qubit order: 0  1  2  3  4  5  8  9  10  11  12  13  14  15  16  17  18  19  20  21  22  23  24  25  26  27  28  29  30  31  32  33  34  35  66  67  36  37  38  39  40  41  42  43  6  7  56  57  44  45  46  47  48  49  52  53  54  50  51  58  59  55  60  61  62  63  64  65  68  69  70  71  72  73  74  75  76  77  78  79  80  81  82  83  84  85  86  87  88  89  90  91  92  93  94  95  96  97  98  99  100  101  102  103  104  105  106  107  108  109  110  111  


  ==> Energy                -307.732085094
  ==> dE                       -1.16e-04
  ==> Gradient Norm             2.87e-01
  ==> Abs. Max. Deriv.          3.33e-02
  ==> Time-Grad. (s)             276.886
  ==> Time-Energy (s)             18.453
  ==> Time-Iter. (s)             297.836

--------------------------------------------------------------------------------
CEO-ADAPT-VQE iteration: 5
--------------------------------------------------------------------------------
    gate        derivative      name       op1       op2       op3        g_unscaled   penalty
   73342        0.00041808        op     21929     21930                  0.03219228        77
   73343        0.00041808        om     21929     21930                  0.03219228        77
   21929        0.00034615    a_iajb     21929                            0.03219228        93
   73360        0.00029299        op     21947     21948                  0.03310784       113
   73361        0.00029299        om     21947     21948                  0.03310784       113
   99614        0.00027751        op     41838     41839                  0.03135829       113
   99615        0.00027751        om     41838     41839                  0.03135829       113
   21947        0.00025665    a_iajb     21947                            0.03310784       129
   41838        0.00024309    a_iajb     41838                            0.03135829       129
   73348        0.00022580        op     21935     21936                  0.02190301        97

  ==> Add operator: op -1: 21929 21930
  ==> Current qubit order: 0  1  2  3  4  5  8  9  10  11  12  13  14  15  16  17  18  19  20  21  22  23  24  25  26  27  28  29  30  31  32  33  34  35  66  67  36  37  38  39  40  41  42  43  56  57  44  45  46  47  6  7  58  59  48  49  52  53  54  50  51  55  60  61  62  63  64  65  68  69  70  71  72  73  74  75  76  77  78  79  80  81  82  83  84  85  86  87  88  89  90  91  92  93  94  95  96  97  98  99  100  101  102  103  104  105  106  107  108  109  110  111  


  ==> Energy                -307.732198664
  ==> dE                       -1.14e-04
  ==> Gradient Norm             2.44e-01
  ==> Abs. Max. Deriv.          3.31e-02
  ==> Time-Grad. (s)             275.881
  ==> Time-Energy (s)             18.895
  ==> Time-Iter. (s)             296.990

--------------------------------------------------------------------------------
CEO-ADAPT-VQE iteration: 6
--------------------------------------------------------------------------------
    gate        derivative      name       op1       op2       op3        g_unscaled   penalty
   79279        0.00037061        op     26488     26489                  0.03298403        89
   79280        0.00037061        om     26488     26489                  0.03298403        89
   26488        0.00031413    a_iajb     26488                            0.03298403       105
   79265        0.00029859        op     26474     26475                  0.02179709        73
   79266        0.00029859        om     26474     26475                  0.02179709        73
   79269        0.00024780        op     26478     26479                  0.02007155        81
   79270        0.00024780        om     26478     26479                  0.02007155        81
   26474        0.00024491    a_iajb     26474                            0.02179709        89
   79281        0.00023107        op     26490     26491                  0.02241405        97
   79282        0.00023107        om     26490     26491                  0.02241405        97

  ==> Add operator: op -1: 26488 26489
  ==> Current qubit order: 0  1  2  3  4  5  8  9  10  11  12  13  14  15  16  17  18  19  20  21  22  23  24  25  26  27  28  29  30  31  32  33  34  35  66  67  36  37  38  39  40  41  42  43  56  57  44  45  46  47  58  59  48  49  52  53  54  50  51  6  7  68  69  55  60  61  62  63  64  65  70  71  72  73  74  75  76  77  78  79  80  81  82  83  84  85  86  87  88  89  90  91  92  93  94  95  96  97  98  99  100  101  102  103  104  105  106  107  108  109  110  111  


  ==> Energy                -307.732307321
  ==> dE                       -1.09e-04
  ==> Gradient Norm             2.17e-01
  ==> Abs. Max. Deriv.          3.30e-02
  ==> Time-Grad. (s)             107.605
  ==> Time-Energy (s)             18.916
  ==> Time-Iter. (s)             128.581

--------------------------------------------------------------------------------
CEO-ADAPT-VQE iteration: 7
--------------------------------------------------------------------------------
    gate        derivative      name       op1       op2       op3        g_unscaled   penalty
   99699        0.00026395        op     41732     41733                  0.01715704        65
   99700        0.00026395        om     41732     41733                  0.01715704        65
   41732        0.00021182    a_iajb     41732                            0.01715704        81
   83149        0.00020923        op     29256     29257                  0.02531650       121
   83150        0.00020923        om     29256     29257                  0.02531650       121
   29256        0.00018479    a_iajb     29256                            0.02531650       137
   98911        0.00014793        op     41136     41137                  0.03032549       205
   98912        0.00014793        om     41136     41137                  0.03032549       205
   41136        0.00013722    a_iajb     41136                            0.03032549       221
   92869        0.00011957        op     36525     36526                  0.01733753       145

  ==> Add operator: op -1: 41732 41733
  ==> Current qubit order: 0  1  2  3  4  5  8  9  10  11  12  13  14  15  16  17  18  19  20  21  22  23  24  25  26  27  28  29  30  31  32  33  34  35  36  37  38  39  66  67  44  45  40  41  42  43  56  57  46  47  58  59  48  49  52  53  54  50  51  6  7  68  69  55  60  61  62  63  64  65  70  71  72  73  74  75  76  77  78  79  80  81  82  83  84  85  86  87  88  89  90  91  92  93  94  95  96  97  98  99  100  101  102  103  104  105  106  107  108  109  110  111  


  ==> Energy                -307.732361017
  ==> dE                       -5.37e-05
  ==> Gradient Norm             1.69e-01
  ==> Abs. Max. Deriv.          3.03e-02
  ==> Time-Grad. (s)              95.345
  ==> Time-Energy (s)             19.093
  ==> Time-Iter. (s)             116.530

--------------------------------------------------------------------------------
CEO-ADAPT-VQE iteration: 8
--------------------------------------------------------------------------------
    gate        derivative      name       op1       op2       op3        g_unscaled   penalty
  100600        0.00038019        op     42488     42489                  0.01406712        37
  100601        0.00038019        om     42488     42489                  0.01406712        37
   42488        0.00026542    a_iajb     42488                            0.01406712        53
   81230        0.00012198        op     27921     27922                  0.00866078        71
   81231        0.00012198        om     27921     27922                  0.00866078        71
   99056       -0.00011978        op     41331     41332                 -0.02455558       205
   99057       -0.00011978        om     41331     41332                 -0.02455558       205
   41331       -0.00011111    a_iajb     41331                           -0.02455558       221
   27921        0.00009955    a_iajb     27921                            0.00866078        87
   97650        0.00007809        op     40291     40292                  0.01194815       153

  ==> Add operator: op -1: 42488 42489
  ==> Current qubit order: 0  1  2  3  4  5  8  9  10  11  12  13  14  15  16  17  18  19  20  21  22  23  24  25  26  27  28  29  30  31  32  33  34  35  36  37  38  39  66  67  44  45  40  41  42  43  56  46  57  58  48  49  47  59  52  53  54  50  51  6  7  68  69  55  60  61  62  63  64  65  70  71  72  73  74  75  76  77  78  79  80  81  82  83  84  85  86  87  88  89  90  91  92  93  94  95  96  97  98  99  100  101  102  103  104  105  106  107  108  109  110  111  


  ==> Energy                -307.732408650
  ==> dE                       -4.76e-05
  ==> Gradient Norm             1.56e-01
  ==> Abs. Max. Deriv.          2.46e-02
  ==> Time-Grad. (s)             115.960
  ==> Time-Energy (s)             20.068
  ==> Time-Iter. (s)             138.115

--------------------------------------------------------------------------------
CEO-ADAPT-VQE iteration: 9
--------------------------------------------------------------------------------
    gate        derivative      name       op1       op2       op3        g_unscaled   penalty
  101097        0.00027984        op     43042     43043                  0.01427162        51
  101098        0.00027984        om     43042     43043                  0.01427162        51
   43042        0.00021301    a_iajb     43042                            0.01427162        67
   97771       -0.00016194        op     40526     40527                 -0.00923036        57
   97772       -0.00016194        om     40526     40527                 -0.00923036        57
   88939        0.00016025        op     33836     33837                  0.01906974       119
   88940        0.00016025        om     33836     33837                  0.01906974       119
   33836        0.00014126    a_iajb     33836                            0.01906974       135
   40526       -0.00012644    a_iajb     40526                           -0.00923036        73
  100473       -0.00009193        op     42579     42581                 -0.01277874       139

  ==> Add operator: op -1: 43042 43043
  ==> Current qubit order: 0  1  2  3  4  5  8  9  10  11  12  13  14  15  16  17  18  19  20  21  22  23  24  25  26  27  28  29  30  31  32  33  34  35  36  37  38  39  66  67  44  45  40  41  42  43  56  46  57  48  49  47  52  58  59  54  55  53  50  51  6  7  68  69  60  61  62  63  64  65  70  71  72  73  74  75  76  77  78  79  80  81  82  83  84  85  86  87  88  89  90  91  92  93  94  95  96  97  98  99  100  101  102  103  104  105  106  107  108  109  110  111  


  ==> Energy                -307.732457512
  ==> dE                       -4.89e-05
  ==> Gradient Norm             1.44e-01
  ==> Abs. Max. Deriv.          1.91e-02
  ==> Time-Grad. (s)             118.079
  ==> Time-Energy (s)             20.486
  ==> Time-Iter. (s)             140.685

--------------------------------------------------------------------------------
CEO-ADAPT-VQE iteration: 10
--------------------------------------------------------------------------------
    gate        derivative      name       op1       op2       op3        g_unscaled   penalty
   92817        0.00011354        op     36734     36735                  0.01510045       133
   92818        0.00011354        om     36734     36735                  0.01510045       133
   36734        0.00010135    a_iajb     36734                            0.01510045       149
   97937        0.00008128        op     40620     40622                  0.00755902        93
   97938        0.00008128        op     40620     40622                  0.00755902        93
   97933        0.00008109        op     40620     40621                  0.00754118        93
   97934        0.00008109        op     40620     40621                  0.00754118        93
   99664       -0.00007882        om     41948     41949                 -0.00559613        71
   83109        0.00007725        op     29414     29415                  0.01042838       135
   83110        0.00007725        om     29414     29415                  0.01042838       135

  ==> Add operator: op -1: 36734 36735
  ==> Current qubit order: 0  1  2  3  4  5  8  9  10  11  12  13  14  15  16  17  18  19  20  21  22  23  24  26  27  28  29  30  31  32  33  34  35  36  37  38  39  66  44  45  41  42  25  67  40  74  43  56  46  57  48  49  47  52  58  59  54  55  53  50  51  6  7  68  69  60  61  62  63  64  65  70  71  72  73  75  76  77  78  79  80  81  82  83  84  85  86  87  88  89  90  91  92  93  94  95  96  97  98  99  100  101  102  103  104  105  106  107  108  109  110  111  


  ==> Energy                -307.732492738
  ==> dE                       -3.52e-05
  ==> Gradient Norm             1.53e-01
  ==> Abs. Max. Deriv.          1.56e-02
  ==> Time-Grad. (s)              90.919
  ==> Time-Energy (s)             20.362
  ==> Time-Iter. (s)             113.397

--------------------------------------------------------------------------------
CEO-ADAPT-VQE iteration: 11
--------------------------------------------------------------------------------
    gate        derivative      name       op1       op2       op3        g_unscaled   penalty
   97878        0.00014554        op     40404     40405                  0.01702790       117
   97879        0.00014554        om     40404     40405                  0.01702790       117
   40404        0.00012803    a_iajb     40404                            0.01702790       133
   94988       -0.00012762        op     38264     38265                 -0.00701925        55
   94989       -0.00012762        om     38264     38265                 -0.00701925        55
  100672        0.00011066        op     42526     42527                  0.01914473       173
  100673        0.00011066        om     42526     42527                  0.01914473       173
   92120        0.00010298        op     36056     36057                  0.01266715       123
   92121        0.00010298        om     36056     36057                  0.01266715       123
   42526        0.00010129    a_iajb     42526                            0.01914473       189

  ==> Add operator: op -1: 40404 40405
  ==> Current qubit order: 0  1  2  3  4  5  8  9  10  11  12  13  14  15  16  17  18  19  20  21  22  23  24  26  27  28  29  30  31  32  33  34  35  36  37  66  44  45  41  42  25  67  40  43  56  38  39  74  71  46  57  48  49  47  52  58  59  54  55  53  50  51  6  7  68  69  60  61  62  63  64  65  70  72  73  75  76  77  78  79  80  81  82  83  84  85  86  87  88  89  90  91  92  93  94  95  96  97  98  99  100  101  102  103  104  105  106  107  108  109  110  111  


  ==> Energy                -307.732537444
  ==> dE                       -4.47e-05
  ==> Gradient Norm             1.51e-01
  ==> Abs. Max. Deriv.          1.91e-02
  ==> Time-Grad. (s)             109.547
  ==> Time-Energy (s)             19.945
  ==> Time-Iter. (s)             131.563

--------------------------------------------------------------------------------
CEO-ADAPT-VQE iteration: 12
--------------------------------------------------------------------------------
    gate        derivative      name       op1       op2       op3        g_unscaled   penalty
   88911        0.00011478        op     33794     33795                  0.01113347        97
   88912        0.00011478        op     33794     33795                  0.01113347        97
   88915        0.00011430        op     33794     33796                  0.01108701        97
   88916        0.00011430        op     33794     33796                  0.01108701        97
  100143        0.00009873        op     42335     42336                  0.00582490        59
  100144        0.00009873        om     42335     42336                  0.00582490        59
   33794        0.00009812    a_iajb     33794                            0.01108701       113
   88329       -0.00009726        op     33353     33354                 -0.01040654       107
   88330       -0.00009726        om     33353     33354                 -0.01040654       107
   92517       -0.00008624        op     36515     36516                 -0.01423030       165

  ==> Add operator: mvp2 -1: 33794 33795
  ==> Current qubit order: 0  1  2  3  4  5  8  9  10  11  12  13  14  15  16  17  19  20  21  22  23  24  26  27  28  29  30  31  32  33  34  35  36  18  66  40  74  37  44  45  41  42  25  67  43  56  38  39  71  46  57  48  49  47  52  58  59  54  55  53  50  51  6  7  68  69  60  61  62  63  64  65  70  72  73  75  76  77  78  79  80  81  82  83  84  85  86  87  88  89  90  91  92  93  94  95  96  97  98  99  100  101  102  103  104  105  106  107  108  109  110  111  


  ==> Energy                -307.732554482
  ==> dE                       -1.70e-05
  ==> Gradient Norm             1.42e-01
  ==> Abs. Max. Deriv.          1.51e-02
  ==> Time-Grad. (s)             256.591
  ==> Time-Energy (s)             20.347
  ==> Time-Iter. (s)             278.982

--------------------------------------------------------------------------------
CEO-ADAPT-VQE iteration: 13
--------------------------------------------------------------------------------
    gate        derivative      name       op1       op2       op3        g_unscaled   penalty
  100492       -0.00020852        op     42635     42636                 -0.01188571        57
  100493       -0.00020852        om     42635     42636                 -0.01188571        57
   80056       -0.00018901        op     27155     27156                 -0.00774955        41
   80057       -0.00018901        om     27155     27156                 -0.00774955        41
   88916       -0.00017542        op     33858     33859                 -0.00999889        57
   88917       -0.00017542        om     33858     33859                 -0.00999889        57
   42635       -0.00016282    a_iajb     42635                           -0.01188571        73
   33858       -0.00013697    a_iajb     33858                           -0.00999889        73
   27155       -0.00013596    a_iajb     27155                           -0.00774955        57
  100494        0.00013307        op     42637     42638                  0.01104455        83

  ==> Add operator: op -1: 42635 42636
  ==> Current qubit order: 0  1  2  3  4  5  8  9  10  11  12  13  14  15  16  17  19  20  21  22  23  24  26  27  28  29  30  31  32  33  34  35  36  18  66  40  74  37  44  45  41  42  25  67  43  56  38  39  46  57  48  49  47  52  71  58  50  51  59  54  55  53  6  7  68  69  60  61  62  63  64  65  70  72  73  75  76  77  78  79  80  81  82  83  84  85  86  87  88  89  90  91  92  93  94  95  96  97  98  99  100  101  102  103  104  105  106  107  108  109  110  111  


  ==> Energy                -307.732582240
  ==> dE                       -2.78e-05
  ==> Gradient Norm             1.47e-01
  ==> Abs. Max. Deriv.          2.55e-02
  ==> Time-Grad. (s)              92.806
  ==> Time-Energy (s)             20.098
  ==> Time-Iter. (s)             114.968

--------------------------------------------------------------------------------
CEO-ADAPT-VQE iteration: 14
--------------------------------------------------------------------------------
    gate        derivative      name       op1       op2       op3        g_unscaled   penalty
   92866        0.00014077        op     36992     36993                  0.01562512       111
   92867        0.00013990        om     36992     36993                  0.01552865       111
   36992        0.00012265    a_iajb     36992                            0.01557689       127
   96680       -0.00008284        op     39888     39889                 -0.01731352       209
   96681       -0.00008284        om     39888     39889                 -0.01731352       209
   97322       -0.00007927        op     40377     40378                 -0.01529829       193
   97323       -0.00007927        om     40377     40378                 -0.01529829       193
   39888       -0.00007695    a_iajb     39888                           -0.01731352       225
   40377       -0.00007320    a_iajb     40377                           -0.01529829       209
   97566       -0.00006965        op     40567     40568                 -0.00828811       119

  ==> Add operator: mvp2 -1: 36992 36993
  ==> Current qubit order: 0  1  2  3  4  5  8  9  10  11  12  13  14  15  16  17  19  20  21  22  23  24  27  28  29  30  31  32  33  34  35  36  18  66  40  74  37  44  45  41  42  25  67  43  56  26  57  58  51  38  39  46  48  49  47  52  71  50  59  54  55  53  6  7  68  69  60  61  62  63  64  65  70  72  73  75  76  77  78  79  80  81  82  83  84  85  86  87  88  89  90  91  92  93  94  95  96  97  98  99  100  101  102  103  104  105  106  107  108  109  110  111  


  ==> Energy                -307.732638648
  ==> dE                       -5.64e-05
  ==> Gradient Norm             1.44e-01
  ==> Abs. Max. Deriv.          1.73e-02
  ==> Time-Grad. (s)             224.811
  ==> Time-Energy (s)             20.379
  ==> Time-Iter. (s)             247.347

--------------------------------------------------------------------------------
CEO-ADAPT-VQE iteration: 15
--------------------------------------------------------------------------------
    gate        derivative      name       op1       op2       op3        g_unscaled   penalty
   97756        0.00011095        op     40671     40672                  0.00698965        63
   97757        0.00011095        om     40671     40672                  0.00698965        63
   97741       -0.00010773        om     40655     40656                 -0.01303478       121
   97740       -0.00010773        op     40655     40656                 -0.01303478       121
   79854        0.00009813        op     27095     27096                  0.01678078       171
   79855        0.00009813        om     27095     27096                  0.01678078       171
   40655       -0.00009514    a_iajb     40655                           -0.01303478       137
   27095        0.00008974    a_iajb     27095                            0.01678078       187
   40671        0.00008848    a_iajb     40671                            0.00698965        79
   93636       -0.00008686        op     37505     37506                 -0.01137904       131

  ==> Add operator: op -1: 40671 40672
  ==> Current qubit order: 0  1  2  3  4  5  8  9  10  11  12  13  14  15  16  17  19  20  21  22  23  24  27  28  29  30  31  32  33  34  35  36  18  66  40  74  37  44  45  41  42  25  67  43  56  26  57  58  51  38  46  48  49  47  52  71  39  50  59  70  54  55  53  6  7  68  69  60  61  62  63  64  65  72  73  75  76  77  78  79  80  81  82  83  84  85  86  87  88  89  90  91  92  93  94  95  96  97  98  99  100  101  102  103  104  105  106  107  108  109  110  111  


  ==> Energy                -307.732648826
  ==> dE                       -1.02e-05
  ==> Gradient Norm             1.53e-01
  ==> Abs. Max. Deriv.          2.06e-02
  ==> Time-Grad. (s)              89.694
  ==> Time-Energy (s)             20.204
  ==> Time-Iter. (s)             111.956

--------------------------------------------------------------------------------
CEO-ADAPT-VQE iteration: 16
--------------------------------------------------------------------------------
    gate        derivative      name       op1       op2       op3        g_unscaled   penalty
     105        0.00030401      a_ia       105                            0.00121605         4
      85       -0.00029984      a_ia        85                           -0.00299841        10
   89599        0.00014025        op     34260     34261                  0.01416496       101
   89600        0.00014025        om     34260     34261                  0.01416496       101
   34260        0.00012107    a_iajb     34260                            0.01416496       117
   97725       -0.00009773        op     40481     40482                 -0.01456178       149
   97726       -0.00009773        om     40481     40482                 -0.01456178       149
   96329        0.00009458        op     39394     39395                  0.01087664       115
   96330        0.00009458        om     39394     39395                  0.01087664       115
   40481       -0.00008825    a_iajb     40481                           -0.01456178       165

  ==> Add operator: a_ia 105
  ==> Current qubit order: 0  1  2  3  4  5  8  9  10  11  12  13  14  15  16  17  19  20  21  22  23  24  27  28  29  30  31  32  33  34  35  36  18  66  40  74  37  44  45  41  42  25  67  43  56  26  57  58  51  38  46  48  49  47  52  71  39  59  50  70  54  55  53  6  7  68  69  60  61  62  63  64  65  72  73  75  76  77  78  79  80  81  82  83  84  85  86  87  88  89  90  91  92  93  94  95  96  97  98  99  100  101  102  103  104  105  106  107  108  109  110  111  


  ==> Energy                -307.732649304
  ==> dE                       -4.78e-07
  ==> Gradient Norm             1.53e-01
  ==> Abs. Max. Deriv.          1.70e-02
  ==> Time-Grad. (s)             238.270
  ==> Time-Energy (s)             13.730
  ==> Time-Iter. (s)             254.089

--------------------------------------------------------------------------------
CEO-ADAPT-VQE iteration: 17
--------------------------------------------------------------------------------
    gate        derivative      name       op1       op2       op3        g_unscaled   penalty
   97340        0.00037190        op     40300     40301                  0.04425553       119
   97341        0.00037190        om     40300     40301                  0.04425553       119
   40300        0.00032782    a_iajb     40300                            0.04425553       135
      88       -0.00030095      a_ia        88                           -0.00300947        10
     108       -0.00021782      a_ia       108                           -0.00043564         2
   92824        0.00010815        op     36915     36916                  0.01827760       169
   92825        0.00010815        om     36915     36916                  0.01827760       169
   36915        0.00009880    a_iajb     36915                            0.01827760       185
   93072       -0.00009477        op     37100     37101                 -0.02435704       257
   93073       -0.00009477        om     37100     37101                 -0.02435704       257

  ==> Add operator: op -1: 40300 40301
  ==> Current qubit order: 0  1  2  3  4  5  8  9  10  11  12  13  14  15  16  17  19  20  21  22  23  24  27  28  29  30  31  32  33  34  35  36  18  66  40  37  44  45  41  42  25  67  43  56  26  57  58  51  46  48  49  47  52  74  38  39  75  71  59  50  70  54  55  53  6  7  68  69  60  61  62  63  64  65  72  73  76  77  78  79  80  81  82  83  84  85  86  87  88  89  90  91  92  93  94  95  96  97  98  99  100  101  102  103  104  105  106  107  108  109  110  111  


  ==> Energy                -307.732929497
  ==> dE                       -2.80e-04
  ==> Gradient Norm             1.58e-01
  ==> Abs. Max. Deriv.          4.43e-02
  ==> Time-Grad. (s)             229.716
  ==> Time-Energy (s)             20.041
  ==> Time-Iter. (s)             251.820

--------------------------------------------------------------------------------
CEO-ADAPT-VQE iteration: 18
--------------------------------------------------------------------------------
    gate        derivative      name       op1       op2       op3        g_unscaled   penalty
      93       -0.00013884      a_ia        93                           -0.00305441        22
   93125        0.00013321        op     36983     36984                  0.02890666       217
   93126        0.00013321        om     36983     36984                  0.02890666       217
     113       -0.00013259      a_ia       113                           -0.00026518         2
   36983        0.00012406    a_iajb     36983                            0.02890666       233
   92949        0.00010924        op     36858     36859                  0.02436158       223
   92950        0.00010924        om     36858     36859                  0.02436158       223
   36858        0.00010193    a_iajb     36858                            0.02436158       239
   80838       -0.00009449        om     27731     27732                 -0.00897651        95
   80837       -0.00009449        op     27731     27732                 -0.00897651        95

  ==> Add operator: a_ia 93
  ==> Current qubit order: 0  1  2  3  4  5  8  9  10  11  12  13  14  15  16  17  19  20  21  22  23  24  27  28  29  30  31  32  33  34  35  36  18  66  40  37  44  45  41  42  25  67  43  26  57  58  51  46  48  49  47  52  74  56  38  39  75  71  59  50  70  54  55  53  6  7  68  69  60  61  62  63  64  65  72  73  76  77  78  79  80  81  82  83  84  85  86  87  88  89  90  91  92  93  94  95  96  97  98  99  100  101  102  103  104  105  106  107  108  109  110  111  


  ==> Energy                -307.732933790
  ==> dE                       -4.29e-06
  ==> Gradient Norm             1.53e-01
  ==> Abs. Max. Deriv.          2.89e-02
  ==> Time-Grad. (s)             113.328
  ==> Time-Energy (s)             13.667
  ==> Time-Iter. (s)             129.245

--------------------------------------------------------------------------------
CEO-ADAPT-VQE iteration: 19
--------------------------------------------------------------------------------
    gate        derivative      name       op1       op2       op3        g_unscaled   penalty
   93339       -0.00020637        om     37055     37056                 -0.00969958        47
   93338       -0.00020637        op     37055     37056                 -0.00969958        47
   37055       -0.00015396    a_iajb     37055                           -0.00969958        63
   93324        0.00013178        op     37043     37045                  0.01620852       123
   93325        0.00013178        op     37043     37045                  0.01620852       123
   82842        0.00013092        op     29148     29149                  0.02474430       189
   82843        0.00013092        om     29148     29149                  0.02474430       189
   93320        0.00013070        op     37043     37044                  0.01607565       123
   93321        0.00013070        op     37043     37044                  0.01607565       123
   98138        0.00012844        op     40679     40680                  0.02016491       157

  ==> Add operator: om -1: 37055 37056
  ==> Current qubit order: 0  1  2  3  4  5  8  9  10  11  12  13  14  15  16  17  19  20  21  22  23  24  27  28  29  30  31  32  33  34  35  36  18  40  37  44  45  41  42  25  66  67  26  51  43  57  58  46  48  49  47  52  74  56  38  39  75  71  59  50  70  54  55  53  6  7  68  69  60  61  62  63  64  65  72  73  76  77  78  79  80  81  82  83  84  85  86  87  88  89  90  91  92  93  94  95  96  97  98  99  100  101  102  103  104  105  106  107  108  109  110  111  


  ==> Energy                -307.732951203
  ==> dE                       -1.74e-05
  ==> Gradient Norm             1.58e-01
  ==> Abs. Max. Deriv.          2.47e-02
  ==> Time-Grad. (s)             166.889
  ==> Time-Energy (s)              1.045
  ==> Time-Iter. (s)             170.005

--------------------------------------------------------------------------------
CEO-ADAPT-VQE iteration: 20
--------------------------------------------------------------------------------
    gate        derivative      name       op1       op2       op3        g_unscaled   penalty
  100696        0.00030036        op     42994     42995                  0.02312746        77
  100697        0.00030036        om     42994     42995                  0.02312746        77
   42994        0.00024868    a_iajb     42994                            0.02312746        93
  100032        0.00014639        op     42492     42493                  0.01742095       119
  100033        0.00014639        om     42492     42493                  0.01742095       119
   42492        0.00012904    a_iajb     42492                            0.01742095       135
     104        0.00010961      a_ia       104                            0.00021922         2
   97783       -0.00009455        om     40764     40765                 -0.01654592       175
   97782       -0.00009455        op     40764     40765                 -0.01654592       175
   92227       -0.00009207        om     36543     36544                 -0.01003539       109

  ==> Add operator: op -1: 42994 42995
  ==> Current qubit order: 0  1  2  3  4  5  8  9  10  11  12  13  14  15  16  17  19  20  21  22  23  24  27  28  29  30  31  32  33  34  35  36  18  40  37  44  45  41  42  25  66  67  26  51  43  57  58  46  48  49  47  52  74  56  38  39  75  71  59  50  70  53  6  7  68  69  60  54  55  76  77  61  62  63  64  65  72  73  78  79  80  81  82  83  84  85  86  87  88  89  90  91  92  93  94  95  96  97  98  99  100  101  102  103  104  105  106  107  108  109  110  111  


  ==> Energy                -307.733030016
  ==> dE                       -7.88e-05
  ==> Gradient Norm             1.54e-01
  ==> Abs. Max. Deriv.          2.31e-02
  ==> Time-Grad. (s)             131.275
  ==> Time-Energy (s)              1.243
  ==> Time-Iter. (s)             134.551

--------------------------------------------------------------------------------
CEO-ADAPT-VQE iteration: 21
--------------------------------------------------------------------------------
    gate        derivative      name       op1       op2       op3        g_unscaled   penalty
     154        0.00025538      a_ia       154                            0.01430101        56
   97671        0.00016110        om     40388     40389                  0.00660500        41
   97670        0.00016063        op     40388     40389                  0.00658580        41
   93031        0.00013346        om     36906     36907                  0.01294610        97
   93030        0.00013298        op     36906     36907                  0.01289947        97
   40388        0.00011571    a_iajb     40388                            0.00659540        57
   36906        0.00011436    a_iajb     36906                            0.01292278       113
     109        0.00011040      a_ia       109                            0.00022080         2
   97085        0.00010531        om     39943     39944                  0.01232157       117
   97084        0.00010531        op     39943     39944                  0.01232157       117

  ==> Add operator: a_ia 154
  ==> Current qubit order: 0  1  2  3  4  5  8  9  10  11  12  13  14  15  16  17  19  20  21  22  23  24  27  28  29  30  31  32  33  34  35  36  18  40  37  44  45  41  42  25  66  67  26  51  43  57  46  48  49  47  52  74  56  38  39  75  71  59  50  70  53  6  7  68  69  60  54  55  76  77  61  62  63  58  64  65  72  73  78  79  80  81  82  83  84  85  86  87  88  89  90  91  92  93  94  95  96  97  98  99  100  101  102  103  104  105  106  107  108  109  110  111  


  ==> Energy                -307.733069041
  ==> dE                       -3.90e-05
  ==> Gradient Norm             1.64e-01
  ==> Abs. Max. Deriv.          2.24e-02
  ==> Time-Grad. (s)             142.793
  ==> Time-Energy (s)              1.712
  ==> Time-Iter. (s)             146.563

--------------------------------------------------------------------------------
CEO-ADAPT-VQE iteration: 22
--------------------------------------------------------------------------------
    gate        derivative      name       op1       op2       op3        g_unscaled   penalty
     117       -0.00117041      a_ia       117                           -0.01404491        12
     154       -0.00069241      a_ia       154                           -0.00138482         2
     133        0.00040147      a_ia       133                            0.01846780        46
     116       -0.00037257      a_ia       116                           -0.01117719        30
      36       -0.00033338      a_ia        36                           -0.01266847        38
     160       -0.00025380      a_ia       160                           -0.01928902        76
      29        0.00018460      a_ia        29                            0.00701482        38
     161       -0.00016298      a_ia       161                           -0.01303826        80
   92808        0.00012828        op     36832     36833                  0.02552835       199
   92809        0.00012828        om     36832     36833                  0.02552835       199

  ==> Add operator: a_ia 117
  ==> Current qubit order: 0  1  2  3  4  5  8  9  10  11  12  13  14  15  16  17  19  20  21  22  23  24  27  28  29  30  31  32  33  34  35  36  18  40  37  44  45  41  42  25  66  67  26  51  43  57  46  49  47  52  74  56  48  38  39  75  71  59  50  70  53  6  7  68  69  60  54  55  76  77  61  62  63  58  64  65  72  73  78  79  80  81  82  83  84  85  86  87  88  89  90  91  92  93  94  95  96  97  98  99  100  101  102  103  104  105  106  107  108  109  110  111  


  ==> Energy                -307.733100469
  ==> dE                       -3.14e-05
  ==> Gradient Norm             1.74e-01
  ==> Abs. Max. Deriv.          2.55e-02
  ==> Time-Grad. (s)             269.413
  ==> Time-Energy (s)              1.588
  ==> Time-Iter. (s)             273.077

--------------------------------------------------------------------------------
CEO-ADAPT-VQE iteration: 23
--------------------------------------------------------------------------------
    gate        derivative      name       op1       op2       op3        g_unscaled   penalty
     127       -0.00046300      a_ia       127                           -0.00925999        20
     139        0.00040119      a_ia       139                            0.01845491        46
     162       -0.00038967      a_ia       162                           -0.00077934         2
      38       -0.00033339      a_ia        38                           -0.01266890        38
      31        0.00018463      a_ia        31                            0.00701603        38
   96796        0.00014853        op     40034     40035                  0.01440788        97
   96797        0.00014853        om     40034     40035                  0.01440788        97
   99952        0.00013754        op     42449     42450                  0.01059065        77
   99953        0.00013741        om     42449     42450                  0.01058048        77
   40034        0.00012750    a_iajb     40034                            0.01440788       113

  ==> Add operator: a_ia 127
  ==> Current qubit order: 0  1  2  3  4  5  8  9  10  11  12  13  14  15  16  17  19  20  21  22  23  24  27  28  29  30  31  32  33  34  35  36  18  40  37  44  45  41  42  25  66  67  26  51  57  46  49  47  52  74  56  48  38  43  39  75  71  59  50  70  53  6  7  68  69  60  54  55  76  77  61  62  63  58  64  65  72  73  78  79  80  81  82  83  84  85  86  87  88  89  90  91  92  93  94  95  96  97  98  99  100  101  102  103  104  105  106  107  108  109  110  111  


  ==> Energy                -307.733112579
  ==> dE                       -1.21e-05
  ==> Gradient Norm             1.41e-01
  ==> Abs. Max. Deriv.          1.85e-02
  ==> Time-Grad. (s)             312.790
  ==> Time-Energy (s)              1.377
  ==> Time-Iter. (s)             316.500

--------------------------------------------------------------------------------
CEO-ADAPT-VQE iteration: 24
--------------------------------------------------------------------------------
    gate        derivative      name       op1       op2       op3        g_unscaled   penalty
     175       -0.00052708      a_ia       175                           -0.00105416         2
      90        0.00048510      a_ia        90                            0.00194042         4
     151        0.00040121      a_ia       151                            0.01845572        46
   91620        0.00034791        op     35993     35994                  0.02748507        79
   91621        0.00034666        om     35993     35994                  0.02738648        79
      40       -0.00033341      a_ia        40                           -0.01266958        38
   35993        0.00028880    a_iajb     35993                            0.02743578        95
  100108        0.00020070        op     42339     42340                  0.01946745        97
  100109        0.00020070        om     42339     42340                  0.01946745        97
      33        0.00018463      a_ia        33                            0.00701602        38

  ==> Add operator: a_ia 175
  ==> Current qubit order: 0  1  2  3  4  5  8  9  10  11  12  13  14  15  16  17  19  20  21  22  23  24  27  28  29  30  31  32  33  34  35  36  18  40  37  44  45  41  42  25  66  67  26  51  57  46  49  47  52  74  56  48  38  43  39  75  71  59  50  70  53  6  7  68  69  60  54  55  76  77  61  62  63  58  64  65  72  73  78  79  80  81  82  83  84  85  86  87  88  89  90  91  92  93  94  95  96  97  98  99  100  101  102  103  104  105  106  107  108  109  110  111  


  ==> Energy                -307.733112770
  ==> dE                       -1.91e-07
  ==> Gradient Norm             1.63e-01
  ==> Abs. Max. Deriv.          2.75e-02
  ==> Time-Grad. (s)             309.298
  ==> Time-Energy (s)              1.963
  ==> Time-Iter. (s)             313.323

--------------------------------------------------------------------------------
CEO-ADAPT-VQE iteration: 25
--------------------------------------------------------------------------------
    gate        derivative      name       op1       op2       op3        g_unscaled   penalty
      90        0.00048461      a_ia        90                            0.00193842         4
     153        0.00040054      a_ia       153                            0.01842505        46
      40       -0.00033290      a_ia        40                           -0.01265022        38
      33        0.00018432      a_ia        33                            0.00700405        38
   98760       -0.00017870        op     41482     41483                 -0.02519672       141
   98761       -0.00017870        om     41482     41483                 -0.02519672       141
   41482       -0.00016049    a_iajb     41482                           -0.02519672       157
   95062        0.00013315        op     38693     38694                  0.01531228       115
   95063        0.00013315        om     38693     38694                  0.01531228       115
   38693        0.00011689    a_iajb     38693                            0.01531228       131

  ==> Add operator: a_ia 90
  ==> Current qubit order: 0  1  2  3  4  5  8  9  10  11  12  13  14  15  16  17  19  20  21  22  23  24  27  28  29  30  31  32  33  34  35  36  18  40  37  44  45  41  42  25  67  66  26  51  57  46  49  47  52  74  56  48  38  43  39  75  71  59  50  70  53  6  7  68  69  60  54  55  76  77  61  62  63  58  64  65  72  73  78  79  80  81  82  83  84  85  86  87  88  89  90  91  92  93  94  95  96  97  98  99  100  101  102  103  104  105  106  107  108  109  110  111  


  ==> Energy                -307.733119318
  ==> dE                       -6.55e-06
  ==> Gradient Norm             1.52e-01
  ==> Abs. Max. Deriv.          2.52e-02
  ==> Time-Grad. (s)             154.645
  ==> Time-Energy (s)            333.362
  ==> Time-Iter. (s)             490.080

--------------------------------------------------------------------------------
CEO-ADAPT-VQE iteration: 26
--------------------------------------------------------------------------------
    gate        derivative      name       op1       op2       op3        g_unscaled   penalty
     141        0.00059499      a_ia       141                            0.00356994         6
      40       -0.00033302      a_ia        40                           -0.01265484        38
      33        0.00017594      a_ia        33                            0.00668570        38
   97721        0.00013130        op     40722     40723                  0.02008873       153
   97722        0.00013130        om     40722     40723                  0.02008873       153
   40722        0.00011887    a_iajb     40722                            0.02008873       169
   97331       -0.00010714        op     40425     40426                 -0.01703480       159
   97332       -0.00010714        om     40425     40426                 -0.01703480       159
   79627        0.00010334        op     27005     27006                  0.01085078       105
   79628        0.00010334        om     27005     27006                  0.01085078       105

  ==> Add operator: a_ia 141
  ==> Current qubit order: 0  1  2  3  4  5  8  9  10  11  12  13  14  15  16  17  19  20  21  22  23  24  27  28  29  30  31  32  33  34  35  36  18  40  37  44  45  41  42  25  67  66  26  51  57  46  49  47  52  56  48  74  38  43  39  75  71  59  50  70  53  6  7  68  69  60  54  55  76  77  61  62  63  58  64  65  72  73  78  79  80  81  82  83  84  85  86  87  88  89  90  91  92  93  94  95  96  97  98  99  100  101  102  103  104  105  106  107  108  109  110  111  


  ==> Energy                -307.733123086
  ==> dE                       -3.77e-06
  ==> Gradient Norm             1.54e-01
  ==> Abs. Max. Deriv.          3.18e-02
  ==> Time-Grad. (s)             148.640
  ==> Time-Energy (s)              1.381
  ==> Time-Iter. (s)             152.166

--------------------------------------------------------------------------------
CEO-ADAPT-VQE iteration: 27
--------------------------------------------------------------------------------
    gate        derivative      name       op1       op2       op3        g_unscaled   penalty
      40       -0.00033301      a_ia        40                           -0.01265451        38
      33        0.00017592      a_ia        33                            0.00668513        38
   79468       -0.00009668        om     26955     26956                 -0.00783098        81
   79467       -0.00009668        op     26955     26956                 -0.00783098        81
   97519        0.00009477        op     40759     40760                  0.01336228       141
   97520        0.00009477        om     40759     40760                  0.01336228       141
   40759        0.00008511    a_iajb     40759                            0.01336228       157
   96645       -0.00008273        op     40089     40090                 -0.01414715       171
   96646       -0.00008273        om     40089     40090                 -0.01414715       171
   26955       -0.00008073    a_iajb     26955                           -0.00783098        97

  ==> Add operator: a_ia 40
  ==> Current qubit order: 0  1  2  3  4  5  8  9  10  11  12  13  14  15  16  17  19  20  21  22  23  24  27  28  29  30  31  32  33  34  35  36  18  40  37  44  45  41  42  25  67  66  26  57  46  49  47  52  56  48  74  38  43  39  75  71  59  50  70  53  6  51  7  68  69  60  54  55  76  77  61  62  63  58  64  65  72  73  78  79  80  81  82  83  84  85  86  87  88  89  90  91  92  93  94  95  96  97  98  99  100  101  102  103  104  105  106  107  108  109  110  111  


  ==> Energy                -307.733147715
  ==> dE                       -2.46e-05
  ==> Gradient Norm             1.52e-01
  ==> Abs. Max. Deriv.          1.46e-02
  ==> Time-Grad. (s)             289.793
  ==> Time-Energy (s)              1.155
  ==> Time-Iter. (s)             292.933

--------------------------------------------------------------------------------
CEO-ADAPT-VQE iteration: 28
--------------------------------------------------------------------------------
    gate        derivative      name       op1       op2       op3        g_unscaled   penalty
      39       -0.00074803      a_ia        39                           -0.01346452        18
      33        0.00019524      a_ia        33                            0.00702874        36
   96663        0.00012064        op     40048     40049                  0.01290803       107
   96664        0.00012062        om     40048     40049                  0.01290635       107
   40048        0.00010494    a_iajb     40048                            0.01290719       123
   79082        0.00009027        om     26720     26721                  0.00983927       109
   79081        0.00008973        op     26720     26721                  0.00978008       109
   91208        0.00007884        om     35918     35919                  0.00953925       121
   91207        0.00007884        op     35918     35919                  0.00953925       121
   26720        0.00007848    a_iajb     26720                            0.00980968       125

  ==> Add operator: a_ia 39
  ==> Current qubit order: 0  1  2  3  4  5  8  9  10  11  12  13  14  15  16  17  19  20  21  22  23  24  27  28  29  30  31  32  33  34  35  36  18  40  37  44  45  41  42  25  67  66  26  57  46  49  47  52  56  48  74  38  43  75  71  59  50  70  53  6  51  39  7  68  69  60  54  55  76  77  61  62  63  58  64  65  72  73  78  79  80  81  82  83  84  85  86  87  88  89  90  91  92  93  94  95  96  97  98  99  100  101  102  103  104  105  106  107  108  109  110  111  


  ==> Energy                -307.733170041
  ==> dE                       -2.23e-05
  ==> Gradient Norm             1.55e-01
  ==> Abs. Max. Deriv.          2.18e-02
  ==> Time-Grad. (s)             136.326
  ==> Time-Energy (s)              1.611
  ==> Time-Iter. (s)             139.964

--------------------------------------------------------------------------------
CEO-ADAPT-VQE iteration: 29
--------------------------------------------------------------------------------
    gate        derivative      name       op1       op2       op3        g_unscaled   penalty
      33        0.00026506      a_ia        33                            0.00901209        34
   97421       -0.00011425        om     40506     40507                 -0.01199638       105
   97420       -0.00011128        op     40506     40507                 -0.01168485       105
   97423        0.00010130        om     40508     40509                  0.00719208        71
   97422        0.00010123        op     40508     40509                  0.00718730        71
   40506       -0.00009786    a_iajb     40506                           -0.01184061       121
   92656       -0.00009466        op     36875     36877                 -0.01221091       129
   92657       -0.00009466        op     36875     36877                 -0.01221091       129
   92652       -0.00009462        op     36875     36876                 -0.01220574       129
   92653       -0.00009462        op     36875     36876                 -0.01220574       129

  ==> Add operator: a_ia 33
  ==> Current qubit order: 0  1  2  3  4  5  8  9  10  11  12  13  14  15  16  17  19  20  21  22  23  24  27  28  29  30  31  32  33  34  35  36  18  40  37  44  45  41  42  25  67  66  57  46  49  47  52  56  48  74  38  43  75  71  59  50  70  53  26  6  51  39  7  68  69  60  54  55  76  77  61  62  63  58  64  65  72  73  78  79  80  81  82  83  84  85  86  87  88  89  90  91  92  93  94  95  96  97  98  99  100  101  102  103  104  105  106  107  108  109  110  111  


  ==> Energy                -307.733180863
  ==> dE                       -1.08e-05
  ==> Gradient Norm             1.47e-01
  ==> Abs. Max. Deriv.          1.50e-02
  ==> Time-Grad. (s)             136.347
  ==> Time-Energy (s)              1.277
  ==> Time-Iter. (s)             139.707

--------------------------------------------------------------------------------
CEO-ADAPT-VQE iteration: 30
--------------------------------------------------------------------------------
    gate        derivative      name       op1       op2       op3        g_unscaled   penalty
   92819       -0.00014690        op     36969     36970                 -0.01601171       109
   92820       -0.00014690        om     36969     36970                 -0.01601171       109
   36969       -0.00012809    a_iajb     36969                           -0.01601171       125
   94675        0.00009530        op     38366     38367                  0.01534331       161
   94676        0.00009530        om     38366     38367                  0.01534331       161
   98057        0.00008842        op     40956     40957                  0.02095513       237
   98058        0.00008842        om     40956     40957                  0.02095513       237
   38366        0.00008669    a_iajb     38366                            0.01534331       177
   99913       -0.00008508        op     42344     42345                 -0.01471922       173
   99914       -0.00008508        om     42344     42345                 -0.01471922       173

  ==> Add operator: op -1: 36969 36970
  ==> Current qubit order: 0  1  2  3  4  5  8  9  10  11  12  13  14  15  16  17  19  20  21  22  23  24  27  28  29  30  31  32  33  34  35  36  18  40  37  44  45  41  42  25  67  66  57  46  49  47  52  56  48  74  38  43  75  71  59  50  53  6  51  7  68  69  60  54  55  70  26  39  87  76  77  61  62  63  58  64  65  72  73  78  79  80  81  82  83  84  85  86  88  89  90  91  92  93  94  95  96  97  98  99  100  101  102  103  104  105  106  107  108  109  110  111  


  ==> Energy                -307.733213192
  ==> dE                       -3.23e-05
  ==> Gradient Norm             1.53e-01
  ==> Abs. Max. Deriv.          2.10e-02
  ==> Time-Grad. (s)             136.460
  ==> Time-Energy (s)              1.703
  ==> Time-Iter. (s)             140.251

--------------------------------------------------------------------------------
CEO-ADAPT-VQE iteration: 31
--------------------------------------------------------------------------------
    gate        derivative      name       op1       op2       op3        g_unscaled   penalty
     105        0.00013450      a_ia       105                            0.00215205        16
     106       -0.00012912      a_ia       106                           -0.00232411        18
   92489       -0.00011024        op     36902     36903                 -0.00892979        81
   92490       -0.00011024        om     36902     36903                 -0.00892979        81
   98363       -0.00010311        op     41366     41367                 -0.01288855       125
   98364       -0.00010311        om     41366     41367                 -0.01288855       125
   36902       -0.00009206    a_iajb     36902                           -0.00892979        97
   41366       -0.00009141    a_iajb     41366                           -0.01288855       141
   92777       -0.00009085        op     37136     37137                 -0.01444568       159
   92778       -0.00009085        om     37136     37137                 -0.01444568       159

  ==> Add operator: a_ia 105
  ==> Current qubit order: 0  1  2  3  4  5  8  9  10  11  12  13  14  15  16  17  19  20  21  22  23  24  27  28  29  30  31  32  33  34  35  36  18  40  37  44  45  41  42  25  67  66  57  46  49  47  52  56  48  74  38  43  75  71  59  50  53  6  51  7  68  69  60  54  55  70  39  87  76  77  61  62  63  26  58  64  65  72  73  78  79  80  81  82  83  84  85  86  88  89  90  91  92  93  94  95  96  97  98  99  100  101  102  103  104  105  106  107  108  109  110  111  


  ==> Energy                -307.733214970
  ==> dE                       -1.78e-06
  ==> Gradient Norm             1.48e-01
  ==> Abs. Max. Deriv.          1.44e-02
  ==> Time-Grad. (s)             269.971
  ==> Time-Energy (s)              1.525
  ==> Time-Iter. (s)             273.599

--------------------------------------------------------------------------------
CEO-ADAPT-VQE iteration: 32
--------------------------------------------------------------------------------
    gate        derivative      name       op1       op2       op3        g_unscaled   penalty
     109       -0.00057325      a_ia       109                           -0.00229299         4
   79306       -0.00010945        om     26833     26834                 -0.00689529        63
   79305       -0.00010839        op     26833     26834                 -0.00682848        63
   91831       -0.00010722        op     36341     36342                 -0.00954238        89
   91832       -0.00010722        om     36341     36342                 -0.00954238        89
   98837        0.00009264        op     41646     41647                  0.00898594        97
   98838        0.00009264        om     41646     41647                  0.00898594        97
   91933       -0.00009236        op     36413     36414                 -0.01486986       161
   91934       -0.00009236        om     36413     36414                 -0.01486986       161
   36341       -0.00009088    a_iajb     36341                           -0.00954238       105

  ==> Add operator: a_ia 109
  ==> Current qubit order: 0  1  2  3  4  5  8  9  10  11  12  13  14  15  16  17  19  20  21  22  23  24  27  28  29  30  31  32  33  34  35  36  18  40  37  44  45  41  42  25  67  66  57  46  49  47  52  56  48  74  38  43  75  71  59  50  53  6  51  7  68  69  60  54  55  70  39  87  76  77  61  62  63  58  26  64  65  72  73  78  79  80  81  82  83  84  85  86  88  89  90  91  92  93  94  95  96  97  98  99  100  101  102  103  104  105  106  107  108  109  110  111  


  ==> Energy                -307.733216731
  ==> dE                       -1.76e-06
  ==> Gradient Norm             1.56e-01
  ==> Abs. Max. Deriv.          1.68e-02
  ==> Time-Grad. (s)             289.927
  ==> Time-Energy (s)              1.742
  ==> Time-Iter. (s)             293.762

--------------------------------------------------------------------------------
CEO-ADAPT-VQE iteration: 33
--------------------------------------------------------------------------------
    gate        derivative      name       op1       op2       op3        g_unscaled   penalty
   97238        0.00014770        op     40582     40583                  0.03648268       247
   97239        0.00014770        om     40582     40583                  0.03648268       247
   96724        0.00014315        op     40191     40192                  0.01417166        99
   96725        0.00014308        om     40191     40192                  0.01416471        99
   40582        0.00013872    a_iajb     40582                            0.03648268       263
   40191        0.00012320    a_iajb     40191                            0.01416819       115
   92196       -0.00009972        op     36719     36720                 -0.00787809        79
   92197       -0.00009972        om     36719     36720                 -0.00787809        79
   88038       -0.00009885        op     33512     33513                 -0.01156572       117
   88039       -0.00009885        om     33512     33513                 -0.01156547       117

  ==> Add operator: op -1: 40582 40583
  ==> Current qubit order: 0  1  2  3  4  5  8  9  10  11  12  13  14  15  16  17  19  20  21  22  23  24  27  28  29  30  31  32  33  34  35  36  18  37  44  45  42  25  67  66  57  46  49  47  52  56  48  74  38  43  75  71  59  50  53  6  51  7  68  69  60  54  55  40  41  92  93  70  39  87  76  77  61  62  63  58  26  64  65  72  73  78  79  80  81  82  83  84  85  86  88  89  90  91  94  95  96  97  98  99  100  101  102  103  104  105  106  107  108  109  110  111  


  ==> Energy                -307.733341785
  ==> dE                       -1.25e-04
  ==> Gradient Norm             1.52e-01
  ==> Abs. Max. Deriv.          3.65e-02
  ==> Time-Grad. (s)             262.206
  ==> Time-Energy (s)              1.768
  ==> Time-Iter. (s)             266.345

--------------------------------------------------------------------------------
CEO-ADAPT-VQE iteration: 34
--------------------------------------------------------------------------------
    gate        derivative      name       op1       op2       op3        g_unscaled   penalty
   92754       -0.00021858        op     36919     36920                 -0.00852459        39
   92755       -0.00021856        om     36919     36920                 -0.00852370        39
   36919       -0.00015498    a_iajb     36919                           -0.00852414        55
   79247       -0.00012674        om     26705     26706                 -0.02091217       165
   79246       -0.00012581        op     26705     26706                 -0.02075783       165
   79614        0.00011650        op     26968     26969                  0.00570826        49
   79615        0.00011650        om     26968     26969                  0.00570826        49
   26705       -0.00011511    a_iajb     26705                           -0.02083500       181
   91706       -0.00011252        op     36120     36121                 -0.02081583       185
   91707       -0.00011252        om     36120     36121                 -0.02081583       185

  ==> Add operator: op -1: 36919 36920
  ==> Current qubit order: 0  1  2  3  4  5  8  9  10  11  12  13  14  15  16  17  19  20  21  22  23  24  27  28  29  30  31  32  33  34  35  36  18  37  44  45  42  25  67  66  57  46  49  47  52  56  48  74  38  43  75  71  59  50  53  6  51  7  68  69  60  54  55  40  41  92  93  70  87  76  77  61  62  63  58  39  26  64  65  72  73  78  79  80  81  82  83  84  85  86  88  89  90  91  94  95  96  97  98  99  100  101  102  103  104  105  106  107  108  109  110  111  


  ==> Energy                -307.733353849
  ==> dE                       -1.21e-05
  ==> Gradient Norm             1.59e-01
  ==> Abs. Max. Deriv.          2.15e-02
  ==> Time-Grad. (s)             139.701
  ==> Time-Energy (s)              1.692
  ==> Time-Iter. (s)             144.286

--------------------------------------------------------------------------------
CEO-ADAPT-VQE iteration: 35
--------------------------------------------------------------------------------
    gate        derivative      name       op1       op2       op3        g_unscaled   penalty
   94941        0.00011644        op     38668     38669                  0.01641778       141
   94942        0.00011644        om     38668     38669                  0.01641778       141
   38668        0.00010457    a_iajb     38668                            0.01641778       157
   92538       -0.00010009        om     36870     36871                 -0.01291133       129
   92537       -0.00010009        op     36870     36871                 -0.01291129       129
   79453       -0.00009535        op     26887     26889                 -0.00657893        69
   79454       -0.00009535        op     26887     26889                 -0.00657893        69
   79449       -0.00009436        op     26887     26888                 -0.00651071        69
   79450       -0.00009436        op     26887     26888                 -0.00651071        69
   92539       -0.00009205        op     36872     36873                 -0.00800843        87

  ==> Add operator: op -1: 38668 38669
  ==> Current qubit order: 0  1  2  3  4  5  8  9  10  11  12  13  14  15  16  17  19  20  21  22  23  24  27  28  29  30  31  34  35  36  18  37  44  45  42  25  67  66  57  46  49  32  33  68  69  47  52  56  48  74  38  43  75  71  59  50  53  6  51  7  60  54  55  40  41  92  93  70  87  76  77  61  62  63  58  39  26  64  65  72  73  78  79  80  81  82  83  84  85  86  88  89  90  91  94  95  96  97  98  99  100  101  102  103  104  105  106  107  108  109  110  111  


  ==> Energy                -307.733390335
  ==> dE                       -3.65e-05
  ==> Gradient Norm             1.43e-01
  ==> Abs. Max. Deriv.          1.64e-02
  ==> Time-Grad. (s)             152.864
  ==> Time-Energy (s)              1.165
  ==> Time-Iter. (s)             156.890

--------------------------------------------------------------------------------
CEO-ADAPT-VQE iteration: 36
--------------------------------------------------------------------------------
    gate        derivative      name       op1       op2       op3        g_unscaled   penalty
   80348        0.00018454        om     27576     27577                  0.00830446        45
   80347        0.00018279        op     27576     27577                  0.00822573        45
   27576        0.00013549    a_iajb     27576                            0.00826510        61
   82365        0.00011836        op     29099     29100                  0.02189624       185
   82366        0.00011836        om     29099     29100                  0.02189624       185
   29099        0.00010894    a_iajb     29099                            0.02189624       201
   97989        0.00010861        op     40939     40941                  0.01162098       107
   97990        0.00010861        op     40939     40941                  0.01162098       107
   97985        0.00010817        op     40939     40940                  0.01157400       107
   97986        0.00010817        op     40939     40940                  0.01157400       107

  ==> Add operator: mvp2 -1: 27576 27577
  ==> Current qubit order: 0  1  2  3  4  5  8  9  10  11  12  13  14  15  16  17  19  20  21  22  23  24  27  28  29  30  31  34  35  36  18  37  44  45  42  25  67  66  57  46  49  32  33  68  69  47  52  56  48  74  38  43  75  71  59  50  53  6  51  60  54  55  7  40  92  61  41  93  70  87  76  77  62  63  58  39  26  64  65  72  73  78  79  80  81  82  83  84  85  86  88  89  90  91  94  95  96  97  98  99  100  101  102  103  104  105  106  107  108  109  110  111  


  ==> Energy                -307.733400853
  ==> dE                       -1.05e-05
  ==> Gradient Norm             1.52e-01
  ==> Abs. Max. Deriv.          2.19e-02
  ==> Time-Grad. (s)             152.604
  ==> Time-Energy (s)              2.953
  ==> Time-Iter. (s)             158.419

--------------------------------------------------------------------------------
CEO-ADAPT-VQE iteration: 37
--------------------------------------------------------------------------------
    gate        derivative      name       op1       op2       op3        g_unscaled   penalty
   92330        0.00041881        om     36711     36712                  0.01800876        43
   92329        0.00041881        op     36711     36712                  0.01800875        43
   36711        0.00030523    a_iajb     36711                            0.01800876        59
   97113        0.00021424        op     40351     40353                  0.01778214        83
   97114        0.00021424        op     40351     40353                  0.01778214        83
   97109        0.00021372        op     40351     40352                  0.01773880        83
   97110        0.00021372        op     40351     40352                  0.01773880        83
   97432        0.00020959        om     40583     40584                  0.01571906        75
   97431        0.00020954        op     40583     40584                  0.01571529        75
   40351        0.00017962    a_iajb     40351                            0.01778214        99

  ==> Add operator: om -1: 36711 36712
  ==> Current qubit order: 0  1  2  3  4  5  8  9  10  11  12  13  14  15  16  17  19  20  21  22  23  24  27  28  29  30  31  34  35  36  18  37  44  45  42  25  67  66  57  46  49  32  33  68  69  47  52  56  48  74  38  43  75  71  59  50  53  6  51  60  54  55  7  40  92  61  41  93  87  76  77  62  63  58  70  39  26  73  64  65  72  78  79  80  81  82  83  84  85  86  88  89  90  91  94  95  96  97  98  99  100  101  102  103  104  105  106  107  108  109  110  111  


  ==> Energy                -307.733450776
  ==> dE                       -4.99e-05
  ==> Gradient Norm             1.60e-01
  ==> Abs. Max. Deriv.          1.80e-02
  ==> Time-Grad. (s)             147.418
  ==> Time-Energy (s)              1.364
  ==> Time-Iter. (s)             151.622

--------------------------------------------------------------------------------
CEO-ADAPT-VQE iteration: 38
--------------------------------------------------------------------------------
    gate        derivative      name       op1       op2       op3        g_unscaled   penalty
   91973       -0.00013905        op     36614     36615                 -0.01042851        75
   91974       -0.00013905        om     36614     36615                 -0.01042851        75
   36614       -0.00011460    a_iajb     36614                           -0.01042851        91
   98063        0.00011452        op     41228     41229                  0.02530782       221
   98064        0.00011452        om     41228     41229                  0.02530782       221
   41228        0.00010678    a_iajb     41228                            0.02530782       237
     243       -0.00008814      a_ia       243                           -0.00070513         8
   79999       -0.00008553        op     27493     27494                 -0.01051969       123
   80000       -0.00008553        om     27493     27494                 -0.01051969       123
   97294        0.00007944        om     40650     40651                  0.01136002       143

  ==> Add operator: op -1: 36614 36615
  ==> Current qubit order: 0  1  2  3  4  5  8  9  10  11  12  13  14  15  16  17  19  20  21  22  23  24  27  28  29  30  31  34  35  36  18  37  44  45  42  25  67  66  57  46  49  32  33  68  69  47  52  56  48  74  38  43  75  71  59  50  53  6  51  60  54  55  7  40  92  61  93  87  76  77  62  63  58  70  39  73  41  26  72  89  64  65  78  79  80  81  82  83  84  85  86  88  90  91  94  95  96  97  98  99  100  101  102  103  104  105  106  107  108  109  110  111  


  ==> Energy                -307.733464098
  ==> dE                       -1.33e-05
  ==> Gradient Norm             1.48e-01
  ==> Abs. Max. Deriv.          2.53e-02
  ==> Time-Grad. (s)             281.179
  ==> Time-Energy (s)              1.712
  ==> Time-Iter. (s)             284.969

--------------------------------------------------------------------------------
CEO-ADAPT-VQE iteration: 39
--------------------------------------------------------------------------------
    gate        derivative      name       op1       op2       op3        g_unscaled   penalty
   98539        0.00015938        op     41403     41404                  0.01418441        89
   98540        0.00015938        om     41403     41404                  0.01418441        89
   41403        0.00013509    a_iajb     41403                            0.01418441       105
   92456        0.00012296        om     36837     36838                  0.00627078        51
   92455        0.00012187        op     36837     36838                  0.00621531        51
   97030        0.00010977        om     40244     40245                  0.00691529        63
   97029        0.00010977        op     40244     40245                  0.00691529        63
   96969        0.00010440        op     40199     40200                  0.01158799       111
   96970        0.00010440        om     40199     40200                  0.01158795       111
   97543        0.00010160        op     40635     40636                  0.00843317        83

  ==> Add operator: op -1: 41403 41404
  ==> Current qubit order: 0  1  2  3  4  5  8  9  10  11  12  13  14  15  16  17  19  20  21  22  23  24  27  28  29  30  31  34  35  36  18  37  42  25  67  66  57  46  49  32  33  44  45  74  75  68  69  47  52  56  48  38  43  71  59  50  53  6  51  60  54  55  7  40  92  61  93  87  76  77  62  63  58  70  39  73  41  26  72  89  64  65  78  79  80  81  82  83  84  85  86  88  90  91  94  95  96  97  98  99  100  101  102  103  104  105  106  107  108  109  110  111  


  ==> Energy                -307.733491322
  ==> dE                       -2.72e-05
  ==> Gradient Norm             1.54e-01
  ==> Abs. Max. Deriv.          1.42e-02
  ==> Time-Grad. (s)             281.324
  ==> Time-Energy (s)              1.447
  ==> Time-Iter. (s)             284.836

--------------------------------------------------------------------------------
CEO-ADAPT-VQE iteration: 40
--------------------------------------------------------------------------------
    gate        derivative      name       op1       op2       op3        g_unscaled   penalty
   96676       -0.00016483        op     40252     40253                 -0.01730741       105
   96677       -0.00016482        om     40252     40253                 -0.01730633       105
   40252       -0.00014303    a_iajb     40252                           -0.01730687       121
   97150        0.00013209        op     40609     40610                  0.01571883       119
   97151        0.00013206        om     40609     40610                  0.01571537       119
   79950        0.00012334        op     27513     27514                  0.01393715       113
   79951        0.00012334        om     27513     27514                  0.01393713       113
   40609        0.00011642    a_iajb     40609                            0.01571710       135
   91809       -0.00011348        om     36596     36597                 -0.01191503       105
   91808       -0.00011335        op     36596     36597                 -0.01190161       105

  ==> Add operator: op -1: 40252 40253
  ==> Current qubit order: 0  1  2  3  4  5  8  9  10  11  12  13  14  15  16  17  19  20  21  22  23  24  27  28  29  30  31  34  35  36  18  37  42  25  67  66  46  49  32  33  44  45  74  75  68  69  47  52  48  38  43  71  59  57  56  50  39  53  6  51  60  54  55  7  40  92  61  93  87  76  77  62  63  58  70  73  41  26  72  89  64  65  78  79  80  81  82  83  84  85  86  88  90  91  94  95  96  97  98  99  100  101  102  103  104  105  106  107  108  109  110  111  


  ==> Energy                -307.733568861
  ==> dE                       -7.75e-05
  ==> Gradient Norm             1.61e-01
  ==> Abs. Max. Deriv.          2.06e-02
  ==> Time-Grad. (s)             143.763
  ==> Time-Energy (s)              1.292
  ==> Time-Iter. (s)             147.113

--------------------------------------------------------------------------------
CEO-ADAPT-VQE iteration: 41
--------------------------------------------------------------------------------
    gate        derivative      name       op1       op2       op3        g_unscaled   penalty
     215       -0.00048350      a_ia       215                           -0.00290099         6
   78062        0.00014931        op     26205     26206                  0.01836483       123
   78063        0.00014916        om     26205     26206                  0.01834655       123
   26205        0.00013206    a_iajb     26205                            0.01835569       139
   98597       -0.00013016        om     41897     41898                 -0.01470785       113
   98596       -0.00013016        op     41897     41898                 -0.01470785       113
   96556        0.00011860        op     40310     40311                  0.00865778        73
   96557        0.00011859        om     40310     40311                  0.00865701        73
   41897       -0.00011401    a_iajb     41897                           -0.01470785       129
   91822       -0.00010085        op     36683     36684                 -0.01422022       141

  ==> Add operator: a_ia 215
  ==> Current qubit order: 0  1  2  3  4  5  8  9  10  11  12  13  14  15  16  17  19  20  21  22  23  24  27  28  29  30  31  34  35  36  18  37  42  25  67  66  46  49  32  33  44  45  74  75  68  69  47  52  48  38  43  71  59  56  50  57  39  53  6  51  60  54  55  7  40  92  61  93  87  76  77  62  63  58  70  73  41  26  72  89  64  65  78  79  80  81  82  83  84  85  86  88  90  91  94  95  96  97  98  99  100  101  102  103  104  105  106  107  108  109  110  111  


  ==> Energy                -307.733572785
  ==> dE                       -3.92e-06
  ==> Gradient Norm             1.47e-01
  ==> Abs. Max. Deriv.          1.84e-02
  ==> Time-Grad. (s)             283.329
  ==> Time-Energy (s)              1.757
  ==> Time-Iter. (s)             287.200

--------------------------------------------------------------------------------
CEO-ADAPT-VQE iteration: 42
--------------------------------------------------------------------------------
    gate        derivative      name       op1       op2       op3        g_unscaled   penalty
   96690        0.00019555        op     40220     40221                  0.02209696       113
   96691        0.00019547        om     40220     40221                  0.02208837       113
   40220        0.00017126    a_iajb     40220                            0.02209266       129
   97312        0.00014270        op     40674     40675                  0.01983491       139
   97313        0.00014270        om     40674     40675                  0.01983491       139
   40674        0.00012797    a_iajb     40674                            0.01983491       155
   97034        0.00012787        op     40464     40466                  0.01010201        79
   97035        0.00012787        op     40464     40466                  0.01010201        79
   97030        0.00012784        op     40464     40465                  0.01009928        79
   97031        0.00012784        op     40464     40465                  0.01009928        79

  ==> Add operator: mvp2 -1: 40220 40221
  ==> Current qubit order: 0  1  2  3  4  5  8  9  10  11  12  13  14  15  16  17  19  20  21  22  23  24  27  28  29  30  31  34  35  36  18  37  42  25  67  66  46  49  32  33  44  45  74  75  68  69  47  52  48  43  71  59  56  50  57  39  53  6  51  60  54  55  7  40  92  61  93  87  76  77  62  63  58  38  41  89  86  70  73  26  72  64  65  78  79  80  81  82  83  84  85  88  90  91  94  95  96  97  98  99  100  101  102  103  104  105  106  107  108  109  110  111  


  ==> Energy                -307.733625419
  ==> dE                       -5.26e-05
  ==> Gradient Norm             1.70e-01
  ==> Abs. Max. Deriv.          2.21e-02
  ==> Time-Grad. (s)             140.813
  ==> Time-Energy (s)              3.257
  ==> Time-Iter. (s)             146.168

--------------------------------------------------------------------------------
CEO-ADAPT-VQE iteration: 43
--------------------------------------------------------------------------------
    gate        derivative      name       op1       op2       op3        g_unscaled   penalty
   93986        0.00012302        op     38277     38278                  0.00947237        77
   93987        0.00012302        om     38277     38278                  0.00947237        77
   79073       -0.00010511        om     26822     26823                 -0.00872441        83
   79072       -0.00010510        op     26822     26823                 -0.00872359        83
   38277        0.00010185    a_iajb     38277                            0.00947237        93
   91943        0.00009981        om     36713     36714                  0.01247606       125
   91942        0.00009927        op     36713     36714                  0.01240885       125
   95664        0.00009622        op     39534     39536                  0.01356704       141
   95665        0.00009622        op     39534     39536                  0.01356704       141
   95660        0.00009622        op     39534     39535                  0.01356704       141

  ==> Add operator: op -1: 38277 38278
  ==> Current qubit order: 0  1  2  3  4  5  8  9  10  11  12  13  14  15  16  17  19  20  21  22  23  24  27  28  29  30  34  35  18  37  42  25  67  31  36  74  75  66  46  49  32  33  44  45  68  69  47  52  48  43  71  59  56  50  57  39  53  6  51  60  54  55  7  40  92  61  93  87  76  77  62  63  58  38  41  89  86  70  73  26  72  64  65  78  79  80  81  82  83  84  85  88  90  91  94  95  96  97  98  99  100  101  102  103  104  105  106  107  108  109  110  111  


  ==> Energy                -307.733636674
  ==> dE                       -1.13e-05
  ==> Gradient Norm             1.45e-01
  ==> Abs. Max. Deriv.          1.36e-02
  ==> Time-Grad. (s)             146.219
  ==> Time-Energy (s)              1.584
  ==> Time-Iter. (s)             149.907

--------------------------------------------------------------------------------
CEO-ADAPT-VQE iteration: 44
--------------------------------------------------------------------------------
    gate        derivative      name       op1       op2       op3        g_unscaled   penalty
     214        0.00054412      a_ia       214                            0.00108823         2
     278        0.00016084      a_ia       278                            0.00096504         6
   91424       -0.00015118        op     36288     36289                 -0.00922181        61
   91425       -0.00015118        om     36288     36289                 -0.00922181        61
   91917        0.00013275        om     36651     36652                  0.01367322       103
   91916        0.00013222        op     36651     36652                  0.01361865       103
   83364        0.00013010        op     30145     30146                  0.01183872        91
   83365        0.00013010        om     30145     30146                  0.01183872        91
   36288       -0.00011976    a_iajb     36288                           -0.00922181        77
   36651        0.00011467    a_iajb     36651                            0.01364593       119

  ==> Add operator: a_ia 214
  ==> Current qubit order: 0  1  2  3  4  5  8  9  10  11  12  13  14  15  16  17  19  20  21  22  23  24  27  28  29  30  34  35  18  37  42  25  67  31  36  74  75  66  46  49  32  33  44  45  68  69  47  52  48  43  71  59  56  50  57  39  53  6  51  60  54  55  7  40  92  61  93  87  76  77  62  63  58  38  41  89  86  70  73  26  72  64  65  78  79  80  81  82  83  84  85  88  90  91  94  95  96  97  98  99  100  101  102  103  104  105  106  107  108  109  110  111  


  ==> Energy                -307.733636994
  ==> dE                       -3.19e-07
  ==> Gradient Norm             1.43e-01
  ==> Abs. Max. Deriv.          1.73e-02
  ==> Time-Grad. (s)             141.508
  ==> Time-Energy (s)              1.912
  ==> Time-Iter. (s)             145.530

--------------------------------------------------------------------------------
CEO-ADAPT-VQE iteration: 45
--------------------------------------------------------------------------------
    gate        derivative      name       op1       op2       op3        g_unscaled   penalty
     281        0.00016152      a_ia       281                            0.00096914         6
   99279       -0.00012789        om     41910     41911                 -0.01470785       115
   99278       -0.00012789        op     41910     41911                 -0.01470784       115
   87731        0.00012583        om     33248     33249                  0.00792702        63
   87730        0.00012509        op     33248     33249                  0.00788074        63
   96766        0.00011907        op     40004     40005                  0.01107384        93
   96767        0.00011907        om     40004     40005                  0.01107376        93
   41910       -0.00011227    a_iajb     41910                           -0.01470784       131
   97433       -0.00011012        om     40496     40497                 -0.00803887        73
   97432       -0.00011004        op     40496     40497                 -0.00803291        73

  ==> Add operator: a_ia 281
  ==> Current qubit order: 0  1  2  3  4  5  8  9  10  11  12  13  14  15  16  17  19  20  21  22  23  24  27  28  29  30  34  35  18  37  42  25  67  31  36  74  66  46  75  49  32  33  44  45  68  69  47  52  48  43  71  59  56  50  57  39  53  6  51  60  54  55  7  40  92  61  93  87  76  77  62  63  58  38  41  89  86  70  73  26  72  64  65  78  79  80  81  82  83  84  85  88  90  91  94  95  96  97  98  99  100  101  102  103  104  105  106  107  108  109  110  111  


  ==> Energy                -307.733637274
  ==> dE                       -2.81e-07
  ==> Gradient Norm             1.61e-01
  ==> Abs. Max. Deriv.          1.47e-02
  ==> Time-Grad. (s)             141.853
  ==> Time-Energy (s)              2.019
  ==> Time-Iter. (s)             145.921

--------------------------------------------------------------------------------
CEO-ADAPT-VQE iteration: 46
--------------------------------------------------------------------------------
    gate        derivative      name       op1       op2       op3        g_unscaled   penalty
     222       -0.00021055      a_ia       222                           -0.00126328         6
   96390       -0.00009501        om     40177     40178                 -0.01472698       155
   96389       -0.00009466        op     40177     40178                 -0.01467294       155
   40177       -0.00008596    a_iajb     40177                           -0.01469996       171
   97347        0.00007715        op     40880     40881                  0.00840982       109
   97348        0.00007678        om     40880     40881                  0.00836918       109
      60       -0.00007640      a_ia        60                           -0.00168086        22
   79625       -0.00007337        op     27394     27395                 -0.01151856       157
   79626       -0.00007337        om     27394     27395                 -0.01151856       157
   79606        0.00007277        om     27374     27375                  0.00895060       123

  ==> Add operator: a_ia 222
  ==> Current qubit order: 0  1  2  3  4  5  8  9  10  11  12  13  14  15  16  17  19  20  21  22  23  24  27  28  29  30  34  35  18  42  25  37  67  31  36  74  66  46  75  49  32  33  44  45  68  69  47  52  48  43  71  59  56  50  57  39  53  6  51  60  54  55  7  40  92  61  93  87  76  77  62  63  58  38  41  89  86  70  73  26  72  64  65  78  79  80  81  82  83  84  85  88  90  91  94  95  96  97  98  99  100  101  102  103  104  105  106  107  108  109  110  111  


  ==> Energy                -307.733637837
  ==> dE                       -5.62e-07
  ==> Gradient Norm             1.41e-01
  ==> Abs. Max. Deriv.          1.47e-02
  ==> Time-Grad. (s)             137.424
  ==> Time-Energy (s)              2.071
  ==> Time-Iter. (s)             141.579

--------------------------------------------------------------------------------
CEO-ADAPT-VQE iteration: 47
--------------------------------------------------------------------------------
    gate        derivative      name       op1       op2       op3        g_unscaled   penalty
   93640       -0.00027568        op     37994     37995                 -0.01957316        71
   93641       -0.00027568        om     37994     37995                 -0.01957316        71
   91786        0.00022613        op     36572     36573                  0.05268893       233
   91787        0.00022613        om     36572     36573                  0.05268893       233
   37994       -0.00022498    a_iajb     37994                           -0.01957316        87
   36572        0.00021160    a_iajb     36572                            0.05268893       249
   79710       -0.00016473        op     27421     27422                 -0.00708339        43
   79711       -0.00016473        op     27421     27422                 -0.00708339        43
   79714       -0.00016465        op     27421     27423                 -0.00707995        43
   79715       -0.00016465        op     27421     27423                 -0.00707995        43

  ==> Add operator: op -1: 37994 37995
  ==> Current qubit order: 0  1  2  3  4  5  8  9  10  11  12  13  14  15  16  17  19  20  21  22  23  24  27  28  29  34  35  18  42  25  37  67  31  36  74  66  46  75  30  33  68  69  49  32  44  45  47  52  48  43  71  59  56  50  57  39  53  6  51  60  54  55  7  40  92  61  93  87  76  77  62  63  58  38  41  89  86  70  73  26  72  64  65  78  79  80  81  82  83  84  85  88  90  91  94  95  96  97  98  99  100  101  102  103  104  105  106  107  108  109  110  111  


  ==> Energy                -307.733694713
  ==> dE                       -5.69e-05
  ==> Gradient Norm             1.74e-01
  ==> Abs. Max. Deriv.          5.27e-02
  ==> Time-Grad. (s)             140.218
  ==> Time-Energy (s)              1.438
  ==> Time-Iter. (s)             143.729

--------------------------------------------------------------------------------
CEO-ADAPT-VQE iteration: 48
--------------------------------------------------------------------------------
    gate        derivative      name       op1       op2       op3        g_unscaled   penalty
     299       -0.00037758      a_ia       299                           -0.00075516         2
   98062        0.00011125        op     41279     41280                  0.01546357       139
   98063        0.00011125        om     41279     41280                  0.01546357       139
   96275       -0.00010443        om     39926     39927                 -0.00845890        81
   96274       -0.00010443        op     39926     39927                 -0.00845890        81
   41279        0.00009976    a_iajb     41279                            0.01546357       155
   96996       -0.00009894        op     40474     40475                 -0.00524407        53
   96997       -0.00009687        om     40474     40475                 -0.00513408        53
   39926       -0.00008721    a_iajb     39926                           -0.00845890        97
      64       -0.00007658      a_ia        64                           -0.00168473        22

  ==> Add operator: a_ia 299
  ==> Current qubit order: 0  1  2  3  4  5  8  9  10  11  12  13  14  15  16  17  19  20  21  22  23  24  27  28  29  34  35  18  42  25  37  67  31  36  74  66  46  75  30  33  68  69  49  32  44  45  47  52  48  43  71  59  56  50  57  39  53  6  51  60  54  55  7  40  92  61  93  87  76  77  62  63  58  38  41  89  86  70  73  26  72  64  65  78  79  80  81  82  83  84  85  88  90  91  94  95  96  97  98  99  100  101  102  103  104  105  106  107  108  109  110  111  


  ==> Energy                -307.733694932
  ==> dE                       -2.18e-07
  ==> Gradient Norm             1.42e-01
  ==> Abs. Max. Deriv.          1.55e-02
  ==> Time-Grad. (s)             140.867
  ==> Time-Energy (s)              0.936
  ==> Time-Iter. (s)             143.876

--------------------------------------------------------------------------------
CEO-ADAPT-VQE iteration: 49
--------------------------------------------------------------------------------
    gate        derivative      name       op1       op2       op3        g_unscaled   penalty
   96004        0.00018598        om     39623     39624                  0.01022900        55
   96003        0.00018597        op     39623     39624                  0.01022845        55
   94970       -0.00015853        om     38832     38833                 -0.00681688        43
   94969       -0.00015844        op     38832     38833                 -0.00681278        43
   39623        0.00014407    a_iajb     39623                            0.01022873        71
   79752       -0.00014285        om     27376     27377                 -0.01071374        75
   79751       -0.00014043        op     27376     27377                 -0.01053210        75
   87509        0.00013633        op     33211     33212                  0.00913434        67
   87510        0.00013633        op     33211     33212                  0.00913434        67
   87513        0.00013566        op     33211     33213                  0.00908945        67

  ==> Add operator: om -1: 39623 39624
  ==> Current qubit order: 0  1  2  3  4  5  8  9  10  11  12  13  14  15  16  17  19  20  21  22  23  24  27  28  29  34  35  18  42  25  37  67  31  66  46  36  74  75  45  30  33  68  69  49  32  44  47  52  48  43  71  59  56  50  57  39  53  6  51  60  54  55  7  40  92  61  93  87  76  77  62  63  58  38  41  89  86  70  73  26  72  64  65  78  79  80  81  82  83  84  85  88  90  91  94  95  96  97  98  99  100  101  102  103  104  105  106  107  108  109  110  111  


  ==> Energy                -307.733708417
  ==> dE                       -1.35e-05
  ==> Gradient Norm             1.57e-01
  ==> Abs. Max. Deriv.          1.65e-02
  ==> Time-Grad. (s)             281.822
  ==> Time-Energy (s)              1.716
  ==> Time-Iter. (s)             285.600

--------------------------------------------------------------------------------
CEO-ADAPT-VQE iteration: 50
--------------------------------------------------------------------------------
    gate        derivative      name       op1       op2       op3        g_unscaled   penalty
   91637        0.00011234        om     36559     36560                  0.01628947       145
   91636        0.00011233        op     36559     36560                  0.01628823       145
   95939        0.00010267        om     39823     39824                  0.01139626       111
   95938        0.00010183        op     39823     39824                  0.01130314       111
   36559        0.00010117    a_iajb     36559                            0.01628885       161
   39823        0.00008937    a_iajb     39823                            0.01134970       127
   77973        0.00008848        om     26237     26238                  0.01265318       143
   77972        0.00008820        op     26237     26238                  0.01261268       143
   93316        0.00008770        op     37834     37835                  0.01359302       155
   93317        0.00008770        op     37834     37835                  0.01359302       155

  ==> Add operator: om -1: 36559 36560
  ==> Current qubit order: 0  1  2  3  4  5  8  9  10  11  12  13  14  15  16  17  19  20  21  22  23  24  27  28  29  34  35  18  42  25  37  67  31  46  36  74  45  30  33  68  69  49  32  44  47  52  48  43  71  66  75  39  26  59  56  50  57  53  6  51  60  54  55  7  40  92  61  93  87  76  77  62  63  58  38  41  89  86  70  73  72  64  65  78  79  80  81  82  83  84  85  88  90  91  94  95  96  97  98  99  100  101  102  103  104  105  106  107  108  109  110  111  


  ==> Energy                -307.733758750
  ==> dE                       -5.03e-05
  ==> Gradient Norm             1.55e-01
  ==> Abs. Max. Deriv.          1.63e-02
  ==> Time-Grad. (s)             256.203
  ==> Time-Energy (s)            297.915
  ==> Time-Iter. (s)             556.175

--------------------------------------------------------------------------------
CEO-ADAPT-VQE iteration: 51
--------------------------------------------------------------------------------
    gate        derivative      name       op1       op2       op3        g_unscaled   penalty
   98183        0.00018164        op     41360     41361                  0.01071651        59
   98184        0.00017957        om     41360     41361                  0.01059460        59
   96345        0.00017309        op     39959     39961                  0.01021234        59
   96346        0.00017309        op     39959     39961                  0.01021234        59
   96341        0.00017176        op     39959     39960                  0.01013404        59
   96342        0.00017176        op     39959     39960                  0.01013404        59
   97062       -0.00014980        om     40505     40506                 -0.01782561       119
   97061       -0.00014974        op     40505     40506                 -0.01781888       119
   41360        0.00014207    a_iajb     41360                            0.01065555        75
   39959        0.00013512    a_iajb     39959                            0.01013404        75

  ==> Add operator: mvp2 -1: 41360 41361
  ==> Current qubit order: 0  1  2  3  4  5  8  9  10  11  12  13  14  15  16  17  19  20  21  22  23  24  27  28  29  34  35  18  42  25  37  67  31  46  36  74  45  30  33  68  69  49  32  47  52  48  43  71  66  75  44  59  56  51  39  26  50  57  53  6  60  54  55  7  40  92  61  93  87  76  77  62  63  58  38  41  89  86  70  73  72  64  65  78  79  80  81  82  83  84  85  88  90  91  94  95  96  97  98  99  100  101  102  103  104  105  106  107  108  109  110  111  


  ==> Energy                -307.733789624
  ==> dE                       -3.09e-05
  ==> Gradient Norm             1.46e-01
  ==> Abs. Max. Deriv.          1.78e-02
  ==> Time-Grad. (s)             141.032
  ==> Time-Energy (s)              3.405
  ==> Time-Iter. (s)             146.801

--------------------------------------------------------------------------------
CEO-ADAPT-VQE iteration: 52
--------------------------------------------------------------------------------
    gate        derivative      name       op1       op2       op3        g_unscaled   penalty
     261       -0.00134849      a_ia       261                           -0.00269698         2
   96863        0.00032870        om     40401     40402                  0.04174452       127
   96862        0.00032719        op     40401     40402                  0.04155374       127
   40401        0.00029125    a_iajb     40401                            0.04164913       143
   96900        0.00010467        op     40429     40431                  0.00764089        73
   96901        0.00010467        op     40429     40431                  0.00764089        73
   96896        0.00010354        op     40429     40430                  0.00755850        73
   96897        0.00010354        op     40429     40430                  0.00755850        73
   91822       -0.00009759        op     36549     36550                 -0.01434590       147
   91823       -0.00009751        om     36549     36550                 -0.01433430       147

  ==> Add operator: a_ia 261
  ==> Current qubit order: 0  1  2  3  4  5  8  9  10  11  12  13  14  15  16  17  19  20  21  22  23  24  27  28  29  34  35  18  42  25  37  67  31  46  36  74  45  30  33  68  69  49  32  47  52  48  43  71  66  75  44  59  56  51  39  26  50  57  53  6  60  54  55  7  40  92  61  93  87  76  77  62  63  58  38  41  89  86  70  73  72  64  65  78  79  80  81  82  83  84  85  88  90  91  94  95  96  97  98  99  100  101  102  103  104  105  106  107  108  109  110  111  


  ==> Energy                -307.733792841
  ==> dE                       -3.22e-06
  ==> Gradient Norm             1.63e-01
  ==> Abs. Max. Deriv.          4.17e-02
  ==> Time-Grad. (s)             141.808
  ==> Time-Energy (s)              1.708
  ==> Time-Iter. (s)             145.594

--------------------------------------------------------------------------------
CEO-ADAPT-VQE iteration: 53
--------------------------------------------------------------------------------
    gate        derivative      name       op1       op2       op3        g_unscaled   penalty
   77908       -0.00016640        op     26242     26243                 -0.00782064        47
   77909       -0.00016597        om     26242     26243                 -0.00780044        47
   77914        0.00013137        op     26248     26249                  0.01510769       115
   77915        0.00013137        om     26248     26249                  0.01510769       115
   26242       -0.00012398    a_iajb     26242                           -0.00781054        63
   26248        0.00011533    a_iajb     26248                            0.01510769       131
   91628        0.00011527        op     36707     36708                  0.01371681       119
   91629        0.00011395        om     36707     36708                  0.01356014       119
   91462        0.00010732        op     36577     36578                  0.02114184       197
   91463        0.00010732        om     36577     36578                  0.02114184       197

  ==> Add operator: mvp2 -1: 26242 26243
  ==> Current qubit order: 0  1  2  3  4  5  8  9  10  11  12  13  14  15  16  17  19  20  21  22  23  24  27  28  29  34  35  18  42  25  37  67  31  46  36  74  45  30  33  68  69  49  32  47  52  48  43  71  66  75  44  59  56  51  39  26  50  53  57  6  60  7  54  55  40  92  61  93  87  76  77  62  63  58  38  41  89  86  70  73  72  64  65  78  79  80  81  82  83  84  85  88  90  91  94  95  96  97  98  99  100  101  102  103  104  105  106  107  108  109  110  111  


  ==> Energy                -307.733800375
  ==> dE                       -7.53e-06
  ==> Gradient Norm             1.50e-01
  ==> Abs. Max. Deriv.          2.11e-02
  ==> Time-Grad. (s)             288.947
  ==> Time-Energy (s)              3.119
  ==> Time-Iter. (s)             294.118

--------------------------------------------------------------------------------
CEO-ADAPT-VQE iteration: 54
--------------------------------------------------------------------------------
    gate        derivative      name       op1       op2       op3        g_unscaled   penalty
   91365        0.00020480        om     36516     36517                  0.01454095        71
   91364        0.00020478        op     36516     36517                  0.01453953        71
   82642        0.00020405        op     29912     29913                  0.02713836       133
   82643        0.00020405        om     29912     29913                  0.02713836       133
   29912        0.00018214    a_iajb     29912                            0.02713836       149
   36516        0.00016713    a_iajb     36516                            0.01454024        87
   95572        0.00015583        op     39701     39702                  0.01262252        81
   95573        0.00015580        om     39701     39702                  0.01261995        81
   39701        0.00013012    a_iajb     39701                            0.01262123        97
   96178        0.00011772        op     40156     40158                  0.01589157       135

  ==> Add operator: om -1: 36516 36517
  ==> Current qubit order: 0  1  2  3  4  5  8  9  10  11  12  13  14  15  16  17  19  20  21  22  23  24  27  28  29  34  35  18  42  25  37  67  31  46  36  45  30  33  68  69  49  32  47  52  48  43  66  74  71  39  26  75  44  59  56  51  50  53  57  6  60  7  54  55  40  92  61  93  87  76  77  62  63  58  38  41  89  86  70  73  72  64  65  78  79  80  81  82  83  84  85  88  90  91  94  95  96  97  98  99  100  101  102  103  104  105  106  107  108  109  110  111  


  ==> Energy                -307.733831362
  ==> dE                       -3.10e-05
  ==> Gradient Norm             1.61e-01
  ==> Abs. Max. Deriv.          2.71e-02
  ==> Time-Grad. (s)             246.089
  ==> Time-Energy (s)              1.553
  ==> Time-Iter. (s)             249.876

--------------------------------------------------------------------------------
CEO-ADAPT-VQE iteration: 55
--------------------------------------------------------------------------------
    gate        derivative      name       op1       op2       op3        g_unscaled   penalty
   77804        0.00022955        om     26016     26017                  0.02226587        97
   77803        0.00022950        op     26016     26017                  0.02226173        97
   26016        0.00019702    a_iajb     26016                            0.02226380       113
   90736        0.00012858        om     35705     35706                  0.01812912       141
   90735        0.00012858        op     35705     35706                  0.01812912       141
   35705        0.00011547    a_iajb     35705                            0.01812912       157
   96527        0.00011065        op     40117     40118                  0.01604414       145
   96528        0.00011065        om     40117     40118                  0.01604414       145
      72       -0.00010438      a_ia        72                           -0.00167013        16
   93974       -0.00010358        om     38193     38194                 -0.01481258       143

  ==> Add operator: mvp2 -1: 26016 26017
  ==> Current qubit order: 0  1  2  3  4  5  8  9  10  11  12  13  14  15  16  17  19  20  21  22  23  24  27  28  29  34  35  18  42  25  37  67  31  46  36  45  30  33  68  69  49  32  47  52  48  43  66  74  39  26  75  44  59  56  51  50  53  57  60  54  55  71  6  7  70  40  92  61  93  87  76  77  62  63  58  38  41  89  86  73  72  64  65  78  79  80  81  82  83  84  85  88  90  91  94  95  96  97  98  99  100  101  102  103  104  105  106  107  108  109  110  111  


  ==> Energy                -307.733881379
  ==> dE                       -5.00e-05
  ==> Gradient Norm             1.50e-01
  ==> Abs. Max. Deriv.          2.23e-02
  ==> Time-Grad. (s)             281.450
  ==> Time-Energy (s)              2.013
  ==> Time-Iter. (s)             285.501

--------------------------------------------------------------------------------
CEO-ADAPT-VQE iteration: 56
--------------------------------------------------------------------------------
    gate        derivative      name       op1       op2       op3        g_unscaled   penalty
      76        0.00017893      a_ia        76                            0.00071572         4
   78592        0.00014301        om     26699     26700                  0.00815150        57
   78591        0.00014301        op     26699     26700                  0.00815150        57
   79147       -0.00012465        op     27123     27124                 -0.01283878       103
   79148       -0.00012462        om     27123     27124                 -0.01283561       103
   87312       -0.00012041        om     33274     33275                 -0.00830816        69
   87311       -0.00011962        op     33274     33275                 -0.00825406        69
   78294        0.00011344        om     26467     26468                  0.01644873       145
   78293        0.00011270        op     26467     26468                  0.01634129       145
   26699        0.00011166    a_iajb     26699                            0.00815150        73

  ==> Add operator: a_ia 76
  ==> Current qubit order: 0  1  2  3  4  5  8  9  10  11  12  13  14  15  16  17  19  20  21  22  23  24  27  28  29  34  35  18  42  25  37  67  31  46  36  45  30  33  68  69  49  32  47  52  48  43  66  74  39  26  75  44  59  56  51  50  53  57  60  54  55  6  71  7  70  40  92  61  93  87  76  77  62  63  58  38  41  89  86  73  72  64  65  78  79  80  81  82  83  84  85  88  90  91  94  95  96  97  98  99  100  101  102  103  104  105  106  107  108  109  110  111  


  ==> Energy                -307.733881475
  ==> dE                       -9.62e-08
  ==> Gradient Norm             1.53e-01
  ==> Abs. Max. Deriv.          1.64e-02
  ==> Time-Grad. (s)             151.569
  ==> Time-Energy (s)              2.302
  ==> Time-Iter. (s)             156.101

--------------------------------------------------------------------------------
CEO-ADAPT-VQE iteration: 57
--------------------------------------------------------------------------------
    gate        derivative      name       op1       op2       op3        g_unscaled   penalty
   98439        0.00013037        op     41929     41930                  0.01447099       111
   98440        0.00012832        om     41929     41930                  0.01424375       111
   41929        0.00011305    a_iajb     41929                            0.01435737       127
   78140       -0.00010327        om     26555     26556                 -0.01063660       103
   78139       -0.00010203        op     26555     26556                 -0.01050875       103
   91100        0.00009992        om     36305     36306                  0.01209054       121
   91099        0.00009954        op     36305     36306                  0.01204492       121
   95975       -0.00009020        op     40067     40069                 -0.01127438       125
   95976       -0.00009020        op     40067     40069                 -0.01127438       125
   95971       -0.00008965        op     40067     40068                 -0.01120624       125

  ==> Add operator: mvp2 -1: 41929 41930
  ==> Current qubit order: 0  1  2  3  4  5  8  9  10  11  12  13  14  15  16  17  19  20  21  22  23  24  27  28  29  34  35  18  42  25  37  67  31  46  36  45  30  33  68  69  49  32  47  52  48  43  66  74  39  26  75  44  59  56  53  60  54  55  6  71  7  51  50  57  82  70  40  92  61  93  87  76  77  62  63  58  38  41  89  86  73  72  64  65  78  79  80  81  83  84  85  88  90  91  94  95  96  97  98  99  100  101  102  103  104  105  106  107  108  109  110  111  


  ==> Energy                -307.733950667
  ==> dE                       -6.92e-05
  ==> Gradient Norm             1.47e-01
  ==> Abs. Max. Deriv.          1.74e-02
  ==> Time-Grad. (s)             144.523
  ==> Time-Energy (s)              3.182
  ==> Time-Iter. (s)             149.633

--------------------------------------------------------------------------------
CEO-ADAPT-VQE iteration: 58
--------------------------------------------------------------------------------
    gate        derivative      name       op1       op2       op3        g_unscaled   penalty
   96720        0.00033143        om     40454     40455                  0.04938311       149
   96719        0.00033143        op     40454     40455                  0.04938311       149
   40454        0.00029929    a_iajb     40454                            0.04938311       165
   91297        0.00015669        op     36268     36269                  0.01300531        83
   91298        0.00015669        om     36268     36269                  0.01300531        83
   96499        0.00015359        op     40276     40277                  0.02012022       131
   96500        0.00015322        om     40276     40277                  0.02007239       131
   40276        0.00013671    a_iajb     40276                            0.02009630       147
   36268        0.00013137    a_iajb     36268                            0.01300531        99
   98703        0.00012364        op     41931     41932                  0.02312051       187

  ==> Add operator: om -1: 40454 40455
  ==> Current qubit order: 0  1  2  3  4  5  8  9  10  11  12  13  14  15  16  17  19  20  21  22  23  24  27  28  29  34  35  18  42  25  37  67  31  46  36  45  30  33  49  32  47  52  48  43  66  74  39  26  75  44  59  56  53  68  69  40  41  60  54  55  6  71  7  51  50  57  82  70  92  61  93  87  76  77  62  63  58  38  89  86  73  72  64  65  78  79  80  81  83  84  85  88  90  91  94  95  96  97  98  99  100  101  102  103  104  105  106  107  108  109  110  111  


  ==> Energy                -307.734369841
  ==> dE                       -4.19e-04
  ==> Gradient Norm             1.73e-01
  ==> Abs. Max. Deriv.          4.94e-02
  ==> Time-Grad. (s)             138.576
  ==> Time-Energy (s)              1.583
  ==> Time-Iter. (s)             142.196

--------------------------------------------------------------------------------
CEO-ADAPT-VQE iteration: 59
--------------------------------------------------------------------------------
    gate        derivative      name       op1       op2       op3        g_unscaled   penalty
   93571        0.00013846        om     37921     37922                  0.00761503        55
   93570        0.00013822        op     37921     37922                  0.00760233        55
   78660        0.00013224        op     26671     26672                  0.00833081        63
   78661        0.00013218        om     26671     26672                  0.00832736        63
   91788        0.00013019        op     36565     36566                  0.02981252       229
   91789        0.00013019        om     36565     36566                  0.02981252       229
   36565        0.00012168    a_iajb     36565                            0.02981252       245
   91341       -0.00010901        om     36225     36226                 -0.01624301       149
   91340       -0.00010876        op     36225     36226                 -0.01620480       149
   37921        0.00010716    a_iajb     37921                            0.00760868        71

  ==> Add operator: mvp2 -1: 37921 37922
  ==> Current qubit order: 0  1  2  3  4  5  8  9  10  11  12  13  14  15  16  17  19  20  21  22  23  24  27  28  29  34  35  18  42  25  37  31  46  36  33  49  67  45  30  74  32  47  52  48  43  66  39  26  75  44  59  56  53  68  69  40  41  60  54  55  6  71  7  51  50  57  82  70  92  61  93  87  76  77  62  63  58  38  89  86  73  72  64  65  78  79  80  81  83  84  85  88  90  91  94  95  96  97  98  99  100  101  102  103  104  105  106  107  108  109  110  111  


  ==> Energy                -307.734378825
  ==> dE                       -8.98e-06
  ==> Gradient Norm             1.53e-01
  ==> Abs. Max. Deriv.          2.98e-02
  ==> Time-Grad. (s)             136.608
  ==> Time-Energy (s)              2.907
  ==> Time-Iter. (s)             141.564

--------------------------------------------------------------------------------
CEO-ADAPT-VQE iteration: 60
--------------------------------------------------------------------------------
    gate        derivative      name       op1       op2       op3        g_unscaled   penalty
   96865        0.00013421        op     40513     40514                  0.00926033        69
   96866        0.00013230        om     40513     40514                  0.00912868        69
   82845        0.00012961        op     29898     29899                  0.02942081       227
   82846        0.00012961        om     29898     29899                  0.02942081       227
   29898        0.00012107    a_iajb     29898                            0.02942081       243
   90933        0.00011965        op     36045     36046                  0.00849513        71
   90934        0.00011937        om     36045     36046                  0.00847519        71
   40513        0.00010817    a_iajb     40513                            0.00919451        85
   96501       -0.00010433        op     40239     40240                 -0.00657265        63
   96502       -0.00010427        om     40239     40240                 -0.00656904        63

  ==> Add operator: mvp2 -1: 40513 40514
  ==> Current qubit order: 0  1  2  3  4  5  8  9  10  11  12  13  14  15  16  17  19  20  21  22  23  24  27  28  29  34  35  18  42  25  37  31  46  36  33  49  67  45  30  74  32  47  52  48  43  66  39  26  75  44  59  56  53  68  40  60  54  55  69  41  50  92  6  71  7  51  57  82  70  61  93  87  76  77  62  63  58  38  89  86  73  72  64  65  78  79  80  81  83  84  85  88  90  91  94  95  96  97  98  99  100  101  102  103  104  105  106  107  108  109  110  111  


  ==> Energy                -307.734391561
  ==> dE                       -1.27e-05
  ==> Gradient Norm             1.55e-01
  ==> Abs. Max. Deriv.          2.94e-02
  ==> Time-Grad. (s)             252.517
  ==> Time-Energy (s)              2.466
  ==> Time-Iter. (s)             257.005

--------------------------------------------------------------------------------
CEO-ADAPT-VQE iteration: 61
--------------------------------------------------------------------------------
    gate        derivative      name       op1       op2       op3        g_unscaled   penalty
     386       -0.00027988      a_ia       386                           -0.00055975         2
   95559        0.00013144        op     39904     39905                  0.00801759        61
     334       -0.00012950      a_ia       334                           -0.00103598         8
   95560        0.00012735        om     39904     39905                  0.00776858        61
   78559       -0.00012270        op     26933     26934                 -0.01533795       125
   78560       -0.00012139        om     26933     26934                 -0.01517358       125
   26933       -0.00010820    a_iajb     26933                           -0.01525577       141
   93311       -0.00010755        op     38184     38185                 -0.01086215       101
   93312       -0.00010719        om     38184     38185                 -0.01082651       101
   39904        0.00010251    a_iajb     39904                            0.00789308        77

  ==> Add operator: a_ia 386
  ==> Current qubit order: 0  1  2  3  4  5  8  9  10  11  12  13  14  15  16  17  19  20  21  22  23  24  27  28  29  34  35  18  42  25  37  31  46  36  33  49  67  45  30  74  32  47  52  48  43  66  39  26  75  44  59  56  53  68  40  60  54  55  69  41  50  92  6  71  7  51  57  82  70  61  93  87  76  77  62  63  58  38  89  86  73  72  64  65  78  79  80  81  83  84  85  88  90  91  94  95  96  97  98  99  100  101  102  103  104  105  106  107  108  109  110  111  


  ==> Energy                -307.734391647
  ==> dE                       -8.55e-08
  ==> Gradient Norm             1.59e-01
  ==> Abs. Max. Deriv.          1.54e-02
  ==> Time-Grad. (s)             140.065
  ==> Time-Energy (s)              2.032
  ==> Time-Iter. (s)             144.133

--------------------------------------------------------------------------------
CEO-ADAPT-VQE iteration: 62
--------------------------------------------------------------------------------
    gate        derivative      name       op1       op2       op3        g_unscaled   penalty
   96331        0.00016895        op     40137     40138                  0.01773932       105
   96332        0.00016895        op     40137     40138                  0.01773932       105
   96335        0.00016723        op     40137     40139                  0.01755884       105
   96336        0.00016723        op     40137     40139                  0.01755884       105
   40137        0.00014511    a_iajb     40137                            0.01755884       121
     340       -0.00012942      a_ia       340                           -0.00103533         8
   97003       -0.00010671        op     40643     40645                 -0.01312578       123
   97004       -0.00010671        op     40643     40645                 -0.01312578       123
   96999       -0.00010586        op     40643     40644                 -0.01302042       123
   97000       -0.00010586        op     40643     40644                 -0.01302042       123

  ==> Add operator: mvp2 -1: 40137 40138
  ==> Current qubit order: 0  1  2  3  4  5  8  9  10  11  12  13  14  15  16  17  19  20  21  22  23  24  27  28  29  34  35  18  42  25  37  31  46  36  33  49  67  45  30  74  32  47  52  48  43  66  26  75  44  59  56  53  68  40  60  54  55  69  50  92  6  71  7  39  41  87  89  51  57  82  70  61  93  76  77  62  63  58  38  86  73  72  64  65  78  79  80  81  83  84  85  88  90  91  94  95  96  97  98  99  100  101  102  103  104  105  106  107  108  109  110  111  


  ==> Energy                -307.734494305
  ==> dE                       -1.03e-04
  ==> Gradient Norm             1.54e-01
  ==> Abs. Max. Deriv.          1.77e-02
  ==> Time-Grad. (s)             270.752
  ==> Time-Energy (s)              2.792
  ==> Time-Iter. (s)             275.588

--------------------------------------------------------------------------------
CEO-ADAPT-VQE iteration: 63
--------------------------------------------------------------------------------
    gate        derivative      name       op1       op2       op3        g_unscaled   penalty
     353       -0.00027667      a_ia       353                           -0.00055334         2
   96017       -0.00018277        om     40083     40084                 -0.01334223        73
   96016       -0.00018258        op     40083     40084                 -0.01332824        73
     329       -0.00018225      a_ia       329                           -0.00036450         2
     351       -0.00016954      a_ia       351                           -0.00101723         6
   40083       -0.00014983    a_iajb     40083                           -0.01333524        89
   78360        0.00014505        op     26606     26607                  0.00739738        51
   78361        0.00014202        om     26606     26607                  0.00724327        51
   95728        0.00013230        op     39864     39865                  0.00886400        67
   95729        0.00013179        om     39864     39865                  0.00882962        67

  ==> Add operator: a_ia 353
  ==> Current qubit order: 0  1  2  3  4  5  8  9  10  11  12  13  14  15  16  17  19  20  21  22  23  24  27  28  29  34  35  18  42  25  37  31  46  36  33  49  67  45  30  74  32  47  52  48  43  66  26  75  44  59  56  53  68  40  60  54  55  69  50  92  6  71  7  39  41  87  89  51  57  82  70  61  93  76  77  62  63  58  38  86  73  72  64  65  78  79  80  81  83  84  85  88  90  91  94  95  96  97  98  99  100  101  102  103  104  105  106  107  108  109  110  111  


  ==> Energy                -307.734494362
  ==> dE                       -5.71e-08
  ==> Gradient Norm             1.58e-01
  ==> Abs. Max. Deriv.          1.95e-02
  ==> Time-Grad. (s)             288.121
  ==> Time-Energy (s)              1.557
  ==> Time-Iter. (s)             291.691

--------------------------------------------------------------------------------
CEO-ADAPT-VQE iteration: 64
--------------------------------------------------------------------------------
    gate        derivative      name       op1       op2       op3        g_unscaled   penalty
   95269       -0.00023019        om     39498     39499                 -0.00713603        31
   95268       -0.00022999        op     39498     39499                 -0.00712968        31
     331       -0.00018207      a_ia       331                           -0.00036414         2
     353       -0.00016843      a_ia       353                           -0.00101058         6
   39498       -0.00015176    a_iajb     39498                           -0.00713286        47
   98728        0.00013139        op     42111     42113                  0.00827771        63
   98729        0.00013139        op     42111     42113                  0.00827771        63
   98724        0.00012890        op     42111     42112                  0.00812070        63
   98725        0.00012890        op     42111     42112                  0.00812070        63
   42111        0.00010478    a_iajb     42111                            0.00827771        79

  ==> Add operator: mvp2 -1: 39498 39499
  ==> Current qubit order: 0  1  2  3  4  5  8  9  10  11  12  13  14  15  16  17  19  20  21  22  23  24  27  28  29  34  35  18  42  25  37  31  46  33  36  49  67  74  45  30  32  47  52  48  43  66  26  75  44  59  56  53  68  40  60  54  55  69  50  92  6  71  7  39  41  87  89  51  57  82  70  61  93  76  77  62  63  58  38  86  73  72  64  65  78  79  80  81  83  84  85  88  90  91  94  95  96  97  98  99  100  101  102  103  104  105  106  107  108  109  110  111  


  ==> Energy                -307.734502270
  ==> dE                       -7.91e-06
  ==> Gradient Norm             1.44e-01
  ==> Abs. Max. Deriv.          1.71e-02
  ==> Time-Grad. (s)             133.066
  ==> Time-Energy (s)              3.020
  ==> Time-Iter. (s)             138.109

--------------------------------------------------------------------------------
CEO-ADAPT-VQE iteration: 65
--------------------------------------------------------------------------------
    gate        derivative      name       op1       op2       op3        g_unscaled   penalty
   95452        0.00024702        om     39875     39876                  0.01803235        73
   95451        0.00024702        op     39875     39876                  0.01803235        73
   39875        0.00020261    a_iajb     39875                            0.01803235        89
     333       -0.00018207      a_ia       333                           -0.00036414         2
     355       -0.00016849      a_ia       355                           -0.00101094         6
   95454       -0.00011019        om     39877     39878                 -0.00848435        77
   95453       -0.00010927        op     39877     39878                 -0.00841356        77
   79043       -0.00010557        op     27304     27305                 -0.01066235       101
   79044       -0.00010537        om     27304     27305                 -0.01064242       101
     329        0.00009627      a_ia       329                            0.00115520        12

  ==> Add operator: om -1: 39875 39876
  ==> Current qubit order: 0  1  2  3  4  5  8  9  10  11  12  13  14  15  16  17  19  20  21  22  23  24  27  28  29  34  35  18  42  25  37  31  46  33  36  49  67  74  45  30  32  47  52  48  43  66  26  75  44  59  56  53  68  40  60  54  55  69  50  92  6  71  7  39  87  89  51  57  82  70  61  93  76  62  63  41  77  38  80  58  86  73  72  64  65  78  79  81  83  84  85  88  90  91  94  95  96  97  98  99  100  101  102  103  104  105  106  107  108  109  110  111  


  ==> Energy                -307.734543315
  ==> dE                       -4.10e-05
  ==> Gradient Norm             1.58e-01
  ==> Abs. Max. Deriv.          1.80e-02
  ==> Time-Grad. (s)             141.517
  ==> Time-Energy (s)              1.501
  ==> Time-Iter. (s)             145.064

--------------------------------------------------------------------------------
CEO-ADAPT-VQE iteration: 66
--------------------------------------------------------------------------------
    gate        derivative      name       op1       op2       op3        g_unscaled   penalty
   96007        0.00015046        op     40235     40236                  0.01038204        69
   96008        0.00015019        om     40235     40236                  0.01036324        69
   40235        0.00012203    a_iajb     40235                            0.01037264        85
   91031       -0.00011539        op     36486     36487                 -0.00773123        67
   91032       -0.00011531        om     36486     36487                 -0.00772593        67
   97737       -0.00010913        op     41572     41573                 -0.01080343        99
   97738       -0.00010913        op     41572     41573                 -0.01080343        99
   97741       -0.00010870        op     41572     41574                 -0.01076156        99
   97742       -0.00010870        op     41572     41574                 -0.01076156        99
      93       -0.00009949      a_ia        93                           -0.00039797         4

  ==> Add operator: mvp2 -1: 40235 40236
  ==> Current qubit order: 0  1  2  3  4  5  8  9  10  11  12  13  14  15  16  17  19  20  21  22  23  24  27  28  29  34  35  18  42  25  37  31  46  33  36  49  67  74  45  30  32  52  48  43  66  26  75  44  59  56  47  40  69  92  53  68  60  54  55  50  6  71  7  39  87  89  51  57  82  70  61  93  76  62  63  41  77  38  80  58  86  73  72  64  65  78  79  81  83  84  85  88  90  91  94  95  96  97  98  99  100  101  102  103  104  105  106  107  108  109  110  111  


  ==> Energy                -307.734556335
  ==> dE                       -1.30e-05
  ==> Gradient Norm             1.49e-01
  ==> Abs. Max. Deriv.          2.15e-02
  ==> Time-Grad. (s)             268.949
  ==> Time-Energy (s)              3.518
  ==> Time-Iter. (s)             274.491

--------------------------------------------------------------------------------
CEO-ADAPT-VQE iteration: 67
--------------------------------------------------------------------------------
    gate        derivative      name       op1       op2       op3        g_unscaled   penalty
   94513       -0.00021713        op     39257     39258                 -0.02757579       127
   94514       -0.00021565        om     39257     39258                 -0.02738712       127
   39257       -0.00019218    a_iajb     39257                           -0.02748146       143
   78335       -0.00018587        op     26919     26920                 -0.01542746        83
   78336       -0.00018576        om     26919     26920                 -0.01541818        83
   26919       -0.00015579    a_iajb     26919                           -0.01542282        99
   91153        0.00015129        op     36695     36696                  0.02314777       153
   91154        0.00015113        om     36695     36696                  0.02312302       153
   97568        0.00013891        om     41567     41568                  0.02625322       189
   97567        0.00013891        op     41567     41568                  0.02625322       189

  ==> Add operator: mvp2 -1: 39257 39258
  ==> Current qubit order: 0  1  2  3  4  5  8  9  10  11  12  13  14  15  16  17  19  20  21  22  23  24  27  28  29  34  35  18  42  25  37  31  46  33  49  67  74  45  30  32  52  48  43  66  26  75  44  59  56  47  40  69  92  53  68  60  54  55  36  39  87  86  50  6  71  7  89  51  57  82  70  61  93  76  62  63  41  77  38  80  58  73  72  64  65  78  79  81  83  84  85  88  90  91  94  95  96  97  98  99  100  101  102  103  104  105  106  107  108  109  110  111  


  ==> Energy                -307.734660285
  ==> dE                       -1.04e-04
  ==> Gradient Norm             1.58e-01
  ==> Abs. Max. Deriv.          2.76e-02
  ==> Time-Grad. (s)             136.100
  ==> Time-Energy (s)              2.545
  ==> Time-Iter. (s)             140.685

--------------------------------------------------------------------------------
CEO-ADAPT-VQE iteration: 68
--------------------------------------------------------------------------------
    gate        derivative      name       op1       op2       op3        g_unscaled   penalty
   97411        0.00017598        om     41148     41149                  0.02094121       119
   97410        0.00017598        op     41148     41149                  0.02094121       119
   41148        0.00015512    a_iajb     41148                            0.02094121       135
      81       -0.00009678      a_ia        81                           -0.00038711         4
   92647        0.00009093        om     37551     37552                  0.00718373        79
   92646        0.00009044        op     37551     37552                  0.00714507        79
   98569       -0.00008597        om     42048     42049                 -0.00644764        75
   98568       -0.00008566        op     42048     42049                 -0.00642478        75
     340        0.00008256      a_ia       340                            0.00115578        14
   78432       -0.00007853        op     26823     26824                 -0.01075841       137

  ==> Add operator: om -1: 41148 41149
  ==> Current qubit order: 0  1  2  3  4  5  8  9  10  11  12  13  14  15  16  17  19  20  21  22  23  24  27  28  29  34  35  18  42  25  37  31  46  33  49  67  74  30  32  52  48  43  66  26  75  59  56  47  40  69  92  53  45  44  71  70  68  60  54  55  36  39  87  86  50  6  7  89  51  57  82  61  93  76  62  63  41  77  38  80  58  73  72  64  65  78  79  81  83  84  85  88  90  91  94  95  96  97  98  99  100  101  102  103  104  105  106  107  108  109  110  111  


  ==> Energy                -307.734729627
  ==> dE                       -6.93e-05
  ==> Gradient Norm             1.47e-01
  ==> Abs. Max. Deriv.          2.09e-02
  ==> Time-Grad. (s)             143.944
  ==> Time-Energy (s)              1.985
  ==> Time-Iter. (s)             147.972

--------------------------------------------------------------------------------
CEO-ADAPT-VQE iteration: 69
--------------------------------------------------------------------------------
    gate        derivative      name       op1       op2       op3        g_unscaled   penalty
   91178        0.00025050        op     36489     36490                  0.03431795       137
   91179        0.00025010        om     36489     36490                  0.03426339       137
   36489        0.00022412    a_iajb     36489                            0.03429067       153
     430       -0.00021582      a_ia       430                           -0.00043165         2
   91286       -0.00010427        op     36579     36580                 -0.00990569        95
   91287       -0.00010427        op     36579     36580                 -0.00990569        95
   91290       -0.00010353        op     36579     36581                 -0.00983547        95
   91291       -0.00010353        op     36579     36581                 -0.00983547        95
   91440        0.00010104        op     36703     36704                  0.01950014       193
   91441        0.00010104        om     36703     36704                  0.01950014       193

  ==> Add operator: mvp2 -1: 36489 36490
  ==> Current qubit order: 0  1  2  3  4  5  8  9  10  11  12  13  14  15  16  17  19  20  21  22  23  24  28  29  34  35  18  42  25  37  31  46  33  49  67  74  30  32  52  48  43  66  75  59  56  47  40  27  26  87  86  69  92  53  45  44  71  70  68  60  54  55  36  39  50  6  7  89  51  57  82  61  93  76  62  63  41  77  38  80  58  73  72  64  65  78  79  81  83  84  85  88  90  91  94  95  96  97  98  99  100  101  102  103  104  105  106  107  108  109  110  111  


  ==> Energy                -307.734858486
  ==> dE                       -1.29e-04
  ==> Gradient Norm             1.55e-01
  ==> Abs. Max. Deriv.          3.43e-02
  ==> Time-Grad. (s)             147.333
  ==> Time-Energy (s)              3.512
  ==> Time-Iter. (s)             153.078

--------------------------------------------------------------------------------
CEO-ADAPT-VQE iteration: 70
--------------------------------------------------------------------------------
    gate        derivative      name       op1       op2       op3        g_unscaled   penalty
     243       -0.00063276      a_ia       243                           -0.00253103         4
   95923       -0.00032564        op     39777     39778                 -0.01335108        41
   95924       -0.00032564        om     39777     39778                 -0.01335108        41
   39777       -0.00023423    a_iajb     39777                           -0.01335108        57
   96177       -0.00012809        op     39967     39969                 -0.01473088       115
   96178       -0.00012809        op     39967     39969                 -0.01473088       115
   96173       -0.00012756        op     39967     39968                 -0.01466933       115
   96174       -0.00012756        op     39967     39968                 -0.01466933       115
   92015       -0.00012168        op     36837     36839                 -0.00523243        43
   92016       -0.00012168        op     36837     36839                 -0.00523243        43

  ==> Add operator: a_ia 243
  ==> Current qubit order: 0  1  2  3  4  5  8  9  10  11  12  13  14  15  16  17  19  20  21  22  23  24  28  29  34  35  18  42  25  37  31  46  33  49  67  74  30  32  52  48  43  66  75  59  56  47  40  27  87  26  86  69  92  53  45  44  71  70  68  60  54  55  36  39  50  6  7  89  51  57  82  61  93  76  62  63  41  77  38  80  58  73  72  64  65  78  79  81  83  84  85  88  90  91  94  95  96  97  98  99  100  101  102  103  104  105  106  107  108  109  110  111  


  ==> Energy                -307.734859765
  ==> dE                       -1.28e-06
  ==> Gradient Norm             1.62e-01
  ==> Abs. Max. Deriv.          2.23e-02
  ==> Time-Grad. (s)             286.298
  ==> Time-Energy (s)              1.472
  ==> Time-Iter. (s)             289.942

--------------------------------------------------------------------------------
CEO-ADAPT-VQE iteration: 71
--------------------------------------------------------------------------------
    gate        derivative      name       op1       op2       op3        g_unscaled   penalty
   95983        0.00022012        op     40105     40107                  0.00814450        37
   95984        0.00022012        op     40105     40107                  0.00814450        37
   95979        0.00021781        op     40105     40106                  0.00805904        37
   95980        0.00021781        op     40105     40106                  0.00805904        37
   77947        0.00018260        op     26420     26421                  0.01077340        59
   77948        0.00017848        om     26420     26421                  0.01053019        59
   40105        0.00015399    a_iajb     40105                            0.00816150        53
   26420        0.00014202    a_iajb     26420                            0.01065180        75
   78048        0.00012205        om     26499     26500                  0.00720111        59
   78047        0.00012161        op     26499     26500                  0.00717492        59

  ==> Add operator: mvp3 -1: 40105 40106 40107
  ==> Current qubit order: 0  1  2  3  4  5  8  9  10  11  12  13  14  15  16  17  19  20  21  22  23  24  28  29  34  35  18  42  25  37  31  46  33  49  67  74  30  32  52  48  43  66  75  59  56  47  40  27  87  26  86  69  92  53  45  44  71  70  68  60  54  55  36  50  6  7  89  39  51  57  93  82  61  76  62  63  41  77  38  80  58  73  72  64  65  78  79  81  83  84  85  88  90  91  94  95  96  97  98  99  100  101  102  103  104  105  106  107  108  109  110  111  


  ==> Energy                -307.734884714
  ==> dE                       -2.49e-05
  ==> Gradient Norm             1.59e-01
  ==> Abs. Max. Deriv.          1.47e-02
  ==> Time-Grad. (s)             119.586
  ==> Time-Energy (s)              4.427
  ==> Time-Iter. (s)             126.182

--------------------------------------------------------------------------------
CEO-ADAPT-VQE iteration: 72
--------------------------------------------------------------------------------
    gate        derivative      name       op1       op2       op3        g_unscaled   penalty
   93680        0.00013469        op     38489     38490                  0.00579155        43
   93681        0.00013453        om     38489     38490                  0.00578475        43
   82390        0.00012612        op     29920     29921                  0.02534975       201
   82391        0.00012612        om     29920     29921                  0.02534975       201
   29920        0.00011682    a_iajb     29920                            0.02534975       217
   90260       -0.00010015        op     35879     35880                 -0.01973015       197
   90261       -0.00009952        om     35879     35880                 -0.01960572       197
   38489        0.00009810    a_iajb     38489                            0.00578815        59
   35879       -0.00009234    a_iajb     35879                           -0.01966794       213
   95704        0.00009026        op     39985     39986                  0.00965767       107

  ==> Add operator: mvp2 -1: 38489 38490
  ==> Current qubit order: 0  1  2  3  4  5  8  9  10  11  12  13  14  15  16  17  19  20  21  22  23  24  28  29  34  35  18  42  25  37  31  46  33  49  67  74  32  30  52  48  43  66  75  59  56  47  40  27  87  26  86  69  92  53  45  44  71  70  68  60  54  55  36  50  6  7  89  39  51  57  93  82  61  76  62  63  41  77  38  80  58  73  72  64  65  78  79  81  83  84  85  88  90  91  94  95  96  97  98  99  100  101  102  103  104  105  106  107  108  109  110  111  


  ==> Energy                -307.734892752
  ==> dE                       -8.04e-06
  ==> Gradient Norm             1.47e-01
  ==> Abs. Max. Deriv.          2.53e-02
  ==> Time-Grad. (s)             135.046
  ==> Time-Energy (s)              3.253
  ==> Time-Iter. (s)             140.493

--------------------------------------------------------------------------------
CEO-ADAPT-VQE iteration: 73
--------------------------------------------------------------------------------
    gate        derivative      name       op1       op2       op3        g_unscaled   penalty
   93315       -0.00012470        om     38357     38358                 -0.01059909        85
   93314       -0.00012470        op     38357     38358                 -0.01059908        85
   90816        0.00012243        op     36438     36439                  0.01701779       139
   90817        0.00011970        om     36438     36439                  0.01663793       139
   36438        0.00010857    a_iajb     36438                            0.01682786       155
   38357       -0.00010494    a_iajb     38357                           -0.01059908       101
   78671        0.00010390        om     27169     27170                  0.01028621        99
   78670        0.00010246        op     27169     27170                  0.01014331        99
   77033        0.00009765        om     25933     25934                  0.00458966        47
   77032        0.00009760        op     25933     25934                  0.00458708        47

  ==> Add operator: om -1: 38357 38358
  ==> Current qubit order: 0  1  2  3  4  5  8  9  10  11  12  13  14  15  16  17  19  20  21  22  23  24  28  29  34  35  18  42  25  37  31  46  33  49  67  74  30  52  48  43  66  75  59  56  47  40  27  87  26  86  32  92  45  89  69  53  44  71  70  68  60  54  55  36  50  6  7  39  51  57  93  82  61  76  62  63  41  77  38  80  58  73  72  64  65  78  79  81  83  84  85  88  90  91  94  95  96  97  98  99  100  101  102  103  104  105  106  107  108  109  110  111  


  ==> Energy                -307.734903123
  ==> dE                       -1.04e-05
  ==> Gradient Norm             1.58e-01
  ==> Abs. Max. Deriv.          1.70e-02
  ==> Time-Grad. (s)             137.162
  ==> Time-Energy (s)              1.640
  ==> Time-Iter. (s)             141.059

--------------------------------------------------------------------------------
CEO-ADAPT-VQE iteration: 74
--------------------------------------------------------------------------------
    gate        derivative      name       op1       op2       op3        g_unscaled   penalty
   95348       -0.00013217        om     39895     39896                 -0.01334899       101
   95347       -0.00013203        op     39895     39896                 -0.01333501       101
   97999       -0.00011674        op     41940     41942                 -0.01272460       109
   98000       -0.00011674        op     41940     41942                 -0.01272460       109
   97995       -0.00011411        op     41940     41941                 -0.01243760       109
   97996       -0.00011411        op     41940     41941                 -0.01243760       109
   39895       -0.00011403    a_iajb     39895                           -0.01334200       117
   41940       -0.00010180    a_iajb     41940                           -0.01272460       125
   90533        0.00009608        op     36266     36267                  0.01470063       153
   90534        0.00009292        om     36266     36267                  0.01421729       153

  ==> Add operator: mvp2 -1: 39895 39896
  ==> Current qubit order: 0  1  2  3  4  5  8  9  10  11  12  13  14  15  16  17  19  20  21  22  23  24  28  29  34  35  18  42  25  37  31  46  33  49  67  74  30  52  48  43  75  59  56  47  27  87  26  86  32  92  45  66  40  69  39  89  53  44  71  70  68  60  54  55  36  50  6  7  51  57  93  82  61  76  62  63  41  77  38  80  58  73  72  64  65  78  79  81  83  84  85  88  90  91  94  95  96  97  98  99  100  101  102  103  104  105  106  107  108  109  110  111  


  ==> Energy                -307.734936860
  ==> dE                       -3.37e-05
  ==> Gradient Norm             1.49e-01
  ==> Abs. Max. Deriv.          1.71e-02
  ==> Time-Grad. (s)             133.044
  ==> Time-Energy (s)              3.483
  ==> Time-Iter. (s)             138.754

--------------------------------------------------------------------------------
CEO-ADAPT-VQE iteration: 75
--------------------------------------------------------------------------------
    gate        derivative      name       op1       op2       op3        g_unscaled   penalty
     394        0.00035424      a_ia       394                            0.00070848         2
   92389        0.00027801        op     37578     37579                  0.01973859        71
   92390        0.00027801        om     37578     37579                  0.01973859        71
   37578        0.00022688    a_iajb     37578                            0.01973859        87
   89535        0.00019019        op     35420     35421                  0.02757711       145
   89536        0.00019019        om     35420     35421                  0.02757711       145
   35420        0.00017129    a_iajb     35420                            0.02757711       161
   77565       -0.00016637        op     26375     26376                 -0.01713618       103
   77566       -0.00016464        om     26375     26376                 -0.01695831       103
   95465        0.00016060        op     39907     39908                  0.02200179       137

  ==> Add operator: a_ia 394
  ==> Current qubit order: 0  1  2  3  4  5  8  9  10  11  12  13  14  15  16  17  19  20  21  22  23  24  28  29  34  35  18  42  25  37  31  46  33  49  67  74  30  52  48  43  75  59  56  47  27  87  26  86  32  92  45  66  40  69  39  89  53  44  71  70  68  60  54  55  36  50  6  7  51  57  93  82  61  76  62  63  41  77  38  80  58  73  72  64  65  78  79  81  83  84  85  88  90  91  94  95  96  97  98  99  100  101  102  103  104  105  106  107  108  109  110  111  


  ==> Energy                -307.735014786
  ==> dE                       -7.79e-05
  ==> Gradient Norm             1.66e-01
  ==> Abs. Max. Deriv.          2.76e-02
  ==> Time-Grad. (s)             136.496
  ==> Time-Energy (s)            390.932
  ==> Time-Iter. (s)             529.542

--------------------------------------------------------------------------------
CEO-ADAPT-VQE iteration: 76
--------------------------------------------------------------------------------
    gate        derivative      name       op1       op2       op3        g_unscaled   penalty
   78559        0.00019274        op     27085     27086                  0.02023764       105
   78560        0.00019240        om     27085     27086                  0.02020233       105
   98651        0.00016780        op     42293     42294                  0.00755122        45
   98652        0.00016780        om     42293     42294                  0.00755122        45
   27085        0.00016711    a_iajb     27085                            0.02021999       121
   42293        0.00012379    a_iajb     42293                            0.00755122        61
     490        0.00011426      a_ia       490                            0.00022852         2
   78438        0.00009943        om     26993     26994                  0.00984380        99
   78437        0.00009943        op     26993     26994                  0.00984379        99
   90950        0.00008989        om     36430     36431                  0.00296625        33

  ==> Add operator: mvp2 -1: 27085 27086
  ==> Current qubit order: 0  1  2  3  4  5  8  9  10  11  12  13  14  15  16  17  19  20  21  22  23  24  28  29  34  35  18  42  25  37  31  46  33  49  67  74  30  52  48  43  75  59  56  47  27  87  26  86  32  92  45  66  69  39  89  53  44  71  70  68  60  54  55  36  50  6  51  57  40  7  61  88  93  82  76  62  63  41  77  38  80  58  73  72  64  65  78  79  81  83  84  85  90  91  94  95  96  97  98  99  100  101  102  103  104  105  106  107  108  109  110  111  


  ==> Energy                -307.735070616
  ==> dE                       -5.58e-05
  ==> Gradient Norm             1.40e-01
  ==> Abs. Max. Deriv.          2.02e-02
  ==> Time-Grad. (s)             141.583
  ==> Time-Energy (s)              2.459
  ==> Time-Iter. (s)             146.330

--------------------------------------------------------------------------------
CEO-ADAPT-VQE iteration: 77
--------------------------------------------------------------------------------
    gate        derivative      name       op1       op2       op3        g_unscaled   penalty
     413        0.00030135      a_ia       413                            0.00180809         6
   92365       -0.00016142        op     37530     37531                 -0.01049208        65
   92366       -0.00016142        om     37530     37531                 -0.01049208        65
   96737        0.00014509        op     40813     40814                  0.00565865        39
   96738        0.00014509        om     40813     40814                  0.00565865        39
   37530       -0.00012953    a_iajb     37530                           -0.01049208        81
   90579       -0.00011866        op     36185     36186                 -0.01008621        85
   90580       -0.00011866        op     36185     36186                 -0.01008621        85
   90583       -0.00011706        op     36185     36187                 -0.00995030        85
   90584       -0.00011706        op     36185     36187                 -0.00995030        85

  ==> Add operator: a_ia 413
  ==> Current qubit order: 0  1  2  3  4  5  8  9  10  11  12  13  14  15  16  17  19  20  21  22  23  24  28  29  34  35  18  42  25  37  31  46  33  49  67  74  30  52  48  43  75  59  56  47  27  87  26  86  32  92  45  66  69  39  89  53  44  71  70  68  60  54  55  36  50  6  51  57  7  61  40  88  93  82  76  62  63  41  77  38  80  58  73  72  64  65  78  79  81  83  84  85  90  91  94  95  96  97  98  99  100  101  102  103  104  105  106  107  108  109  110  111  


  ==> Energy                -307.735071308
  ==> dE                       -6.92e-07
  ==> Gradient Norm             1.51e-01
  ==> Abs. Max. Deriv.          1.44e-02
  ==> Time-Grad. (s)             252.114
  ==> Time-Energy (s)              1.628
  ==> Time-Iter. (s)             255.789

--------------------------------------------------------------------------------
CEO-ADAPT-VQE iteration: 78
--------------------------------------------------------------------------------
    gate        derivative      name       op1       op2       op3        g_unscaled   penalty
   90135       -0.00012890        op     35745     35746                 -0.00863616        67
   90136       -0.00012887        om     35745     35746                 -0.00863397        67
     414       -0.00012416      a_ia       414                           -0.00099327         8
     502        0.00011165      a_ia       502                            0.00022330         2
   92975        0.00011097        op     37907     37908                  0.01853130       167
   92976        0.00011097        op     37907     37908                  0.01853130       167
   92979        0.00010978        op     37907     37909                  0.01833384       167
   92980        0.00010978        op     37907     37909                  0.01833384       167
     416        0.00010808      a_ia       416                            0.00064848         6
   35745       -0.00010404    a_iajb     35745                           -0.00863506        83

  ==> Add operator: mvp2 -1: 35745 35746
  ==> Current qubit order: 0  1  2  3  4  5  8  9  10  11  12  13  14  15  16  17  19  20  21  22  23  28  29  34  35  18  42  25  37  31  24  49  74  75  46  33  67  30  52  48  43  59  56  47  27  87  26  86  32  92  45  66  69  39  89  53  44  71  70  68  60  54  55  36  50  6  51  57  7  61  40  88  93  82  76  62  63  41  77  38  80  58  73  72  64  65  78  79  81  83  84  85  90  91  94  95  96  97  98  99  100  101  102  103  104  105  106  107  108  109  110  111  


  ==> Energy                -307.735081915
  ==> dE                       -1.06e-05
  ==> Gradient Norm             1.49e-01
  ==> Abs. Max. Deriv.          1.85e-02
  ==> Time-Grad. (s)             140.193
  ==> Time-Energy (s)              2.137
  ==> Time-Iter. (s)             144.375

--------------------------------------------------------------------------------
CEO-ADAPT-VQE iteration: 79
--------------------------------------------------------------------------------
    gate        derivative      name       op1       op2       op3        g_unscaled   penalty
   77003        0.00033326        om     25899     25900                  0.01832942        55
   77002        0.00033326        op     25899     25900                  0.01832942        55
   25899        0.00025816    a_iajb     25899                            0.01832942        71
   92940       -0.00019450        op     37925     37926                 -0.01264245        65
   92941       -0.00019450        om     37925     37926                 -0.01264244        65
   95798       -0.00016759        op     40105     40106                 -0.00687100        41
   95799       -0.00016715        om     40105     40106                 -0.00685335        41
   37925       -0.00015608    a_iajb     37925                           -0.01264244        81
     419       -0.00012578      a_ia       419                           -0.00100624         8
     480        0.00012342      a_ia       480                            0.00049367         4

  ==> Add operator: om -1: 25899 25900
  ==> Current qubit order: 0  1  2  3  4  5  8  9  10  11  12  13  14  15  16  17  19  20  21  22  23  28  29  34  35  18  42  25  37  31  24  49  74  75  46  33  67  30  52  48  43  59  56  47  27  87  26  86  32  92  45  66  69  39  89  53  44  71  70  68  60  54  55  36  50  51  57  61  40  6  7  76  77  88  93  82  62  63  41  38  80  58  73  72  64  65  78  79  81  83  84  85  90  91  94  95  96  97  98  99  100  101  102  103  104  105  106  107  108  109  110  111  


  ==> Energy                -307.735109360
  ==> dE                       -2.74e-05
  ==> Gradient Norm             1.52e-01
  ==> Abs. Max. Deriv.          2.27e-02
  ==> Time-Grad. (s)             132.460
  ==> Time-Energy (s)              1.460
  ==> Time-Iter. (s)             135.965

--------------------------------------------------------------------------------
CEO-ADAPT-VQE iteration: 80
--------------------------------------------------------------------------------
    gate        derivative      name       op1       op2       op3        g_unscaled   penalty
     110       -0.00024538      a_ia       110                           -0.00098152         4
     422       -0.00016741      a_ia       422                           -0.00100444         6
      98       -0.00015420      a_ia        98                           -0.00123360         8
   89391        0.00015125        op     35483     35484                  0.04129156       273
   89392        0.00015125        om     35483     35484                  0.04129156       273
   35483        0.00014288    a_iajb     35483                            0.04129156       289
   95079       -0.00013329        op     39815     39816                 -0.01399526       105
   95080       -0.00013193        om     39815     39816                 -0.01385304       105
     484        0.00012344      a_ia       484                            0.00049376         4
   39815       -0.00011508    a_iajb     39815                           -0.01392415       121

  ==> Add operator: a_ia 110
  ==> Current qubit order: 0  1  2  3  4  5  8  9  10  11  12  13  14  15  16  17  19  20  21  22  23  28  29  34  35  18  42  25  37  31  24  49  74  75  46  33  67  30  52  48  43  59  56  47  27  87  26  86  32  92  45  66  69  39  89  53  44  71  70  68  60  54  55  36  50  51  57  61  40  6  76  7  77  88  93  82  62  63  41  38  80  58  73  72  64  65  78  79  81  83  84  85  90  91  94  95  96  97  98  99  100  101  102  103  104  105  106  107  108  109  110  111  


  ==> Energy                -307.735109519
  ==> dE                       -1.60e-07
  ==> Gradient Norm             1.61e-01
  ==> Abs. Max. Deriv.          4.13e-02
  ==> Time-Grad. (s)             271.475
  ==> Time-Energy (s)              1.613
  ==> Time-Iter. (s)             275.118

--------------------------------------------------------------------------------
CEO-ADAPT-VQE iteration: 81
--------------------------------------------------------------------------------
    gate        derivative      name       op1       op2       op3        g_unscaled   penalty
   90426        0.00041252        om     36299     36300                  0.02763863        67
   90425        0.00041178        op     36299     36300                  0.02758906        67
   36299        0.00033270    a_iajb     36299                            0.02761384        83
   90423        0.00032957        op     36297     36298                  0.01944442        59
   90424        0.00032956        om     36297     36298                  0.01944433        59
   36297        0.00025926    a_iajb     36297                            0.01944438        75
     428       -0.00025117      a_ia       428                           -0.00100466         4
   85953        0.00018277        op     32919     32920                  0.02869419       157
   85954        0.00018277        om     32919     32920                  0.02869419       157
   91131        0.00016838        op     36837     36838                  0.00892405        53

  ==> Add operator: mvp2 -1: 36299 36300
  ==> Current qubit order: 0  1  2  3  4  5  8  9  10  11  12  13  14  15  16  17  19  20  21  22  23  28  29  34  35  18  42  25  37  31  24  49  74  75  46  33  67  30  52  48  43  59  56  47  87  86  32  92  45  27  26  71  70  66  69  39  89  53  44  68  60  54  55  36  50  51  57  61  40  6  76  7  77  88  93  82  62  63  41  38  80  58  73  72  64  65  78  79  81  83  84  85  90  91  94  95  96  97  98  99  100  101  102  103  104  105  106  107  108  109  110  111  


  ==> Energy                -307.735220647
  ==> dE                       -1.11e-04
  ==> Gradient Norm             1.74e-01
  ==> Abs. Max. Deriv.          2.87e-02
  ==> Time-Grad. (s)             140.867
  ==> Time-Energy (s)              2.651
  ==> Time-Iter. (s)             145.556

--------------------------------------------------------------------------------
CEO-ADAPT-VQE iteration: 82
--------------------------------------------------------------------------------
    gate        derivative      name       op1       op2       op3        g_unscaled   penalty
     282        0.00038285      a_ia       282                            0.00153142         4
     296        0.00037297      a_ia       296                            0.00149187         4
     434       -0.00025160      a_ia       434                           -0.00100638         4
      98       -0.00015434      a_ia        98                           -0.00123470         8
   94790       -0.00012982        op     39677     39678                 -0.01518838       117
   94791       -0.00012978        om     39677     39678                 -0.01518456       117
     497        0.00012375      a_ia       497                            0.00049499         4
   94370        0.00012181        op     39347     39348                  0.01132787        93
   94371        0.00012088        om     39347     39348                  0.01124211        93
   39677       -0.00011418    a_iajb     39677                           -0.01518647       133

  ==> Add operator: a_ia 282
  ==> Current qubit order: 0  1  2  3  4  5  8  9  10  11  12  13  14  15  16  17  19  20  21  22  23  28  29  34  35  18  42  25  37  31  24  49  74  75  46  33  67  30  52  48  43  59  56  47  87  86  32  92  45  27  71  26  70  66  69  39  89  53  44  68  60  54  55  36  50  51  57  61  40  6  76  7  77  88  93  82  62  63  41  38  80  58  73  72  64  65  78  79  81  83  84  85  90  91  94  95  96  97  98  99  100  101  102  103  104  105  106  107  108  109  110  111  


  ==> Energy                -307.735221309
  ==> dE                       -6.62e-07
  ==> Gradient Norm             1.40e-01
  ==> Abs. Max. Deriv.          1.52e-02
  ==> Time-Grad. (s)             122.726
  ==> Time-Energy (s)              1.729
  ==> Time-Iter. (s)             126.509

--------------------------------------------------------------------------------
CEO-ADAPT-VQE iteration: 83
--------------------------------------------------------------------------------
    gate        derivative      name       op1       op2       op3        g_unscaled   penalty
     299        0.00072771      a_ia       299                            0.00145541         2
     438       -0.00024638      a_ia       438                           -0.00098550         4
   92317       -0.00018710        om     37682     37683                 -0.01216158        65
   92316       -0.00018701        op     37682     37683                 -0.01215567        65
      99       -0.00015311      a_ia        99                           -0.00122485         8
   37682       -0.00015011    a_iajb     37682                           -0.01215862        81
     501        0.00012378      a_ia       501                            0.00049510         4
     528        0.00011059      a_ia       528                            0.00022118         2
     356        0.00010629      a_ia       356                            0.00021259         2
   92717        0.00009701        om     37986     37987                  0.00649978        67

  ==> Add operator: a_ia 299
  ==> Current qubit order: 0  1  2  3  4  5  8  9  10  11  12  13  14  15  16  17  19  20  21  22  23  28  29  34  35  18  42  25  37  31  24  49  74  75  46  33  67  30  52  48  43  59  56  47  87  86  32  92  45  27  71  26  70  66  69  39  89  53  44  68  60  54  55  36  50  51  57  61  40  6  76  7  77  88  93  82  62  63  41  38  80  58  73  72  64  65  78  79  81  83  84  85  90  91  94  95  96  97  98  99  100  101  102  103  104  105  106  107  108  109  110  111  


  ==> Energy                -307.735221953
  ==> dE                       -6.44e-07
  ==> Gradient Norm             1.49e-01
  ==> Abs. Max. Deriv.          1.49e-02
  ==> Time-Grad. (s)             138.849
  ==> Time-Energy (s)              1.656
  ==> Time-Iter. (s)             142.575

--------------------------------------------------------------------------------
CEO-ADAPT-VQE iteration: 84
--------------------------------------------------------------------------------
    gate        derivative      name       op1       op2       op3        g_unscaled   penalty
   94686        0.00028562        op     39585     39586                  0.02713386        95
   94687        0.00028562        om     39585     39586                  0.02713386        95
   39585        0.00024445    a_iajb     39585                            0.02713386       111
     440       -0.00024105      a_ia       440                           -0.00096420         4
   90239       -0.00019203        om     36208     36209                 -0.01363429        71
   90238       -0.00019193        op     36208     36209                 -0.01362682        71
   36208       -0.00015667    a_iajb     36208                           -0.01363056        87
     100       -0.00015391      a_ia       100                           -0.00123130         8
   94790       -0.00014918        op     39665     39666                 -0.01745390       117
   94791       -0.00014836        om     39665     39666                 -0.01735804       117

  ==> Add operator: op -1: 39585 39586
  ==> Current qubit order: 0  1  2  3  4  5  8  9  10  11  12  13  14  15  16  17  19  20  21  22  23  28  29  34  35  18  42  25  37  31  24  49  74  75  46  33  67  30  52  48  43  59  56  47  87  86  32  92  45  27  71  26  70  66  69  89  53  44  68  54  55  36  50  39  60  61  38  51  57  40  6  76  7  77  88  93  82  62  63  41  80  58  73  72  64  65  78  79  81  83  84  85  90  91  94  95  96  97  98  99  100  101  102  103  104  105  106  107  108  109  110  111  


  ==> Energy                -307.735370172
  ==> dE                       -1.48e-04
  ==> Gradient Norm             1.54e-01
  ==> Abs. Max. Deriv.          2.71e-02
  ==> Time-Grad. (s)             148.171
  ==> Time-Energy (s)              1.244
  ==> Time-Iter. (s)             151.440

--------------------------------------------------------------------------------
CEO-ADAPT-VQE iteration: 85
--------------------------------------------------------------------------------
    gate        derivative      name       op1       op2       op3        g_unscaled   penalty
   91513        0.00036625        om     37253     37254                  0.01501632        41
   91512        0.00036625        op     37253     37254                  0.01501631        41
   37253        0.00026344    a_iajb     37253                            0.01501632        57
   91330        0.00026223        op     37113     37114                  0.02858340       109
   91331        0.00026223        om     37113     37114                  0.02858340       109
     447       -0.00024183      a_ia       447                           -0.00096731         4
   37113        0.00022867    a_iajb     37113                            0.02858340       125
   97063        0.00018013        om     41498     41499                  0.01206903        67
   97062        0.00017932        op     41498     41499                  0.01201413        67
     101       -0.00015367      a_ia       101                           -0.00122938         8

  ==> Add operator: om -1: 37253 37254
  ==> Current qubit order: 0  1  2  3  4  5  8  9  10  11  12  13  14  15  16  17  19  20  21  22  23  28  29  34  35  18  42  25  37  31  24  49  74  75  46  33  67  52  48  43  59  56  47  30  87  86  45  32  92  27  71  26  70  66  69  89  53  44  68  54  55  36  50  39  60  61  38  51  57  40  6  76  7  77  88  93  82  62  63  41  80  58  73  72  64  65  78  79  81  83  84  85  90  91  94  95  96  97  98  99  100  101  102  103  104  105  106  107  108  109  110  111  


  ==> Energy                -307.735391689
  ==> dE                       -2.15e-05
  ==> Gradient Norm             1.47e-01
  ==> Abs. Max. Deriv.          2.86e-02
  ==> Time-Grad. (s)             147.509
  ==> Time-Energy (s)              1.399
  ==> Time-Iter. (s)             151.341

--------------------------------------------------------------------------------
CEO-ADAPT-VQE iteration: 86
--------------------------------------------------------------------------------
    gate        derivative      name       op1       op2       op3        g_unscaled   penalty
     450       -0.00024163      a_ia       450                           -0.00096651         4
   77202       -0.00023401        om     26266     26267                 -0.02316698        99
   77201       -0.00023302        op     26266     26267                 -0.02306897        99
   97468        0.00023258        om     41666     41667                  0.02069937        89
   97467        0.00023079        op     41666     41667                  0.02054072        89
   26266       -0.00020103    a_iajb     26266                           -0.02311797       115
   41666        0.00019638    a_iajb     41666                            0.02062004       105
   95439        0.00016952        op     40115     40116                  0.00695024        41
   95440        0.00015804        om     40115     40116                  0.00647957        41
     101       -0.00015373      a_ia       101                           -0.00122987         8

  ==> Add operator: a_ia 450
  ==> Current qubit order: 0  1  2  3  4  5  8  9  10  11  12  13  14  15  16  17  19  20  21  22  23  28  29  34  35  18  42  25  37  31  24  49  74  75  46  33  67  52  48  43  59  56  47  30  87  86  45  32  92  27  71  26  70  66  69  89  53  44  68  54  55  36  50  39  60  61  38  51  57  6  40  76  7  77  88  93  82  62  63  41  80  58  73  72  64  65  78  79  81  83  84  85  90  91  94  95  96  97  98  99  100  101  102  103  104  105  106  107  108  109  110  111  


  ==> Energy                -307.735391938
  ==> dE                       -2.48e-07
  ==> Gradient Norm             1.49e-01
  ==> Abs. Max. Deriv.          2.32e-02
  ==> Time-Grad. (s)             149.596
  ==> Time-Energy (s)              1.647
  ==> Time-Iter. (s)             153.289

--------------------------------------------------------------------------------
CEO-ADAPT-VQE iteration: 87
--------------------------------------------------------------------------------
    gate        derivative      name       op1       op2       op3        g_unscaled   penalty
   95020        0.00019418        op     39665     39666                  0.02349553       121
   95021        0.00019418        om     39665     39666                  0.02349553       121
   39665        0.00017150    a_iajb     39665                            0.02349553       137
     557        0.00014393      a_ia       557                            0.00028787         2
   95332       -0.00014004        op     39893     39894                 -0.01022318        73
   95333       -0.00013791        om     39893     39894                 -0.01006767        73
     520        0.00012344      a_ia       520                            0.00049378         4
     103       -0.00012285      a_ia       103                           -0.00122849        10
     370        0.00011416      a_ia       370                            0.00022831         2
   39893       -0.00011399    a_iajb     39893                           -0.01014543        89

  ==> Add operator: op -1: 39665 39666
  ==> Current qubit order: 0  1  2  3  4  5  8  9  10  11  12  13  14  15  16  17  19  20  21  22  23  28  29  34  35  18  42  25  37  31  24  49  74  75  46  33  67  52  48  43  59  56  47  30  87  86  45  32  92  27  71  26  70  66  69  89  53  44  68  54  55  36  50  60  61  51  57  6  40  76  7  77  88  93  82  62  63  39  38  84  85  41  80  58  73  72  64  65  78  79  81  83  90  91  94  95  96  97  98  99  100  101  102  103  104  105  106  107  108  109  110  111  


  ==> Energy                -307.735446824
  ==> dE                       -5.49e-05
  ==> Gradient Norm             1.49e-01
  ==> Abs. Max. Deriv.          2.35e-02
  ==> Time-Grad. (s)             152.587
  ==> Time-Energy (s)              1.523
  ==> Time-Iter. (s)             156.026

--------------------------------------------------------------------------------
CEO-ADAPT-VQE iteration: 88
--------------------------------------------------------------------------------
    gate        derivative      name       op1       op2       op3        g_unscaled   penalty
   78254       -0.00030788        om     27022     27023                 -0.00954427        31
   78253       -0.00030773        op     27022     27023                 -0.00953974        31
   27022       -0.00020302    a_iajb     27022                           -0.00954201        47
     536        0.00016835      a_ia       536                            0.00033669         2
   91885        0.00014573        op     37477     37478                  0.00830643        57
   91886        0.00014573        om     37477     37478                  0.00830643        57
     559        0.00014380      a_ia       559                            0.00028759         2
   96535       -0.00014269        op     41008     41009                 -0.00870410        61
   96536       -0.00014251        om     41008     41009                 -0.00869339        61
   96545        0.00013580        op     41015     41016                  0.01453012       107

  ==> Add operator: mvp2 -1: 27022 27023
  ==> Current qubit order: 0  1  2  3  4  5  8  9  10  11  12  13  14  15  16  17  19  20  21  22  23  28  29  34  35  18  42  25  37  31  24  49  74  75  46  33  67  52  48  43  59  56  47  30  87  86  45  32  92  27  71  26  70  66  69  89  53  44  68  54  55  36  50  60  61  51  57  6  76  40  7  88  93  77  82  62  63  39  38  84  85  41  80  58  73  72  64  65  78  79  81  83  90  91  94  95  96  97  98  99  100  101  102  103  104  105  106  107  108  109  110  111  


  ==> Energy                -307.735455076
  ==> dE                       -8.25e-06
  ==> Gradient Norm             1.43e-01
  ==> Abs. Max. Deriv.          1.70e-02
  ==> Time-Grad. (s)             270.880
  ==> Time-Energy (s)              3.116
  ==> Time-Iter. (s)             275.961

--------------------------------------------------------------------------------
CEO-ADAPT-VQE iteration: 89
--------------------------------------------------------------------------------
    gate        derivative      name       op1       op2       op3        g_unscaled   penalty
   95549        0.00018308        op     40111     40112                  0.01409683        77
   95550        0.00018274        om     40111     40112                  0.01407131        77
   89220        0.00017232        om     35323     35324                  0.02671018       155
   89219        0.00017232        op     35323     35324                  0.02671018       155
     540        0.00016937      a_ia       540                            0.00033873         2
   35323        0.00015620    a_iajb     35323                            0.02671018       171
     103       -0.00015399      a_ia       103                           -0.00123188         8
   40111        0.00015144    a_iajb     40111                            0.01408407        93
     563        0.00014532      a_ia       563                            0.00029064         2
   86065        0.00013899        op     32940     32941                  0.00847854        61

  ==> Add operator: mvp2 -1: 40111 40112
  ==> Current qubit order: 0  1  2  3  4  5  8  9  10  11  12  13  14  15  16  17  19  20  21  22  23  28  29  34  35  18  42  25  37  31  24  49  74  75  46  33  67  52  48  43  59  56  47  30  87  86  45  32  27  71  26  70  66  69  89  53  44  68  54  55  36  50  60  92  51  40  93  61  57  6  76  7  88  77  82  62  63  39  38  84  85  41  80  58  73  72  64  65  78  79  81  83  90  91  94  95  96  97  98  99  100  101  102  103  104  105  106  107  108  109  110  111  


  ==> Energy                -307.735475297
  ==> dE                       -2.02e-05
  ==> Gradient Norm             1.56e-01
  ==> Abs. Max. Deriv.          2.67e-02
  ==> Time-Grad. (s)             276.825
  ==> Time-Energy (s)              3.204
  ==> Time-Iter. (s)             282.080

--------------------------------------------------------------------------------
CEO-ADAPT-VQE iteration: 90
--------------------------------------------------------------------------------
    gate        derivative      name       op1       op2       op3        g_unscaled   penalty
     105       -0.00020528      a_ia       105                           -0.00123166         6
     569        0.00014463      a_ia       569                            0.00028926         2
   95835        0.00013310        op     40279     40280                  0.01131340        85
   95836        0.00013298        om     40279     40280                  0.01130330        85
     532        0.00012347      a_ia       532                            0.00049388         4
   94843       -0.00012008        op     39533     39534                 -0.01020695        85
   94844       -0.00012008        om     39533     39534                 -0.01020695        85
     380        0.00011760      a_ia       380                            0.00023520         2
     560        0.00011305      a_ia       560                            0.00022611         2
   40279        0.00011196    a_iajb     40279                            0.01130835       101

  ==> Add operator: a_ia 105
  ==> Current qubit order: 0  1  2  3  4  5  8  9  10  11  12  13  14  15  16  17  19  20  21  22  23  28  29  34  35  18  42  25  37  31  24  49  74  75  46  33  67  52  48  43  59  56  47  30  87  86  45  32  27  71  26  70  66  69  89  53  44  68  54  55  36  50  60  92  51  40  93  61  57  76  7  6  88  77  82  62  63  39  38  84  85  41  80  58  73  72  64  65  78  79  81  83  90  91  94  95  96  97  98  99  100  101  102  103  104  105  106  107  108  109  110  111  


  ==> Energy                -307.735475506
  ==> dE                       -2.09e-07
  ==> Gradient Norm             1.49e-01
  ==> Abs. Max. Deriv.          1.67e-02
  ==> Time-Grad. (s)             143.657
  ==> Time-Energy (s)              1.555
  ==> Time-Iter. (s)             147.246

--------------------------------------------------------------------------------
CEO-ADAPT-VQE iteration: 91
--------------------------------------------------------------------------------
    gate        derivative      name       op1       op2       op3        g_unscaled   penalty
   97191        0.00016394        op     41603     41604                  0.00868883        53
   97192        0.00016258        om     41603     41604                  0.00861648        53
   90494        0.00015631        om     36477     36478                  0.01860091       119
   90493        0.00015322        op     36477     36478                  0.01823318       119
     575        0.00014400      a_ia       575                            0.00028800         2
   94780        0.00014269        om     39761     39762                  0.01355521        95
   94779        0.00014261        op     39761     39762                  0.01354795        95
   36477        0.00013642    a_iajb     36477                            0.01841705       135
   41603        0.00012540    a_iajb     41603                            0.00865266        69
     536        0.00012331      a_ia       536                            0.00049324         4

  ==> Add operator: mvp2 -1: 41603 41604
  ==> Current qubit order: 0  1  2  3  4  5  8  9  10  11  12  13  14  15  16  17  19  20  21  22  23  28  29  34  35  18  42  25  37  31  24  49  74  75  46  33  67  52  48  43  59  56  47  30  87  86  45  32  27  71  26  70  66  69  89  53  44  68  54  55  36  60  92  40  93  50  51  57  62  61  76  7  6  88  77  82  63  39  38  84  85  41  80  58  73  72  64  65  78  79  81  83  90  91  94  95  96  97  98  99  100  101  102  103  104  105  106  107  108  109  110  111  


  ==> Energy                -307.735497973
  ==> dE                       -2.25e-05
  ==> Gradient Norm             1.58e-01
  ==> Abs. Max. Deriv.          2.06e-02
  ==> Time-Grad. (s)             278.363
  ==> Time-Energy (s)              3.338
  ==> Time-Iter. (s)             283.741

--------------------------------------------------------------------------------
CEO-ADAPT-VQE iteration: 92
--------------------------------------------------------------------------------
    gate        derivative      name       op1       op2       op3        g_unscaled   penalty
     581        0.00014406      a_ia       581                            0.00028813         2
     541        0.00012344      a_ia       541                            0.00049377         4
   77770        0.00012342        om     26937     26938                  0.00925636        75
   77769        0.00012342        op     26937     26938                  0.00925636        75
     387        0.00011681      a_ia       387                            0.00023361         2
     571        0.00011284      a_ia       571                            0.00022568         2
   89904        0.00010821        om     36128     36129                  0.01915362       177
   89903        0.00010763        op     36128     36129                  0.01905100       177
   26937        0.00010172    a_iajb     26937                            0.00925636        91
   36128        0.00009898    a_iajb     36128                            0.01910231       193

  ==> Add operator: a_ia 581
  ==> Current qubit order: 0  1  2  3  4  5  8  9  10  11  12  13  14  15  16  17  19  20  21  22  23  28  29  34  35  18  42  25  37  31  24  49  74  75  46  33  67  52  48  43  59  56  47  30  87  86  45  32  27  71  26  70  66  69  89  53  44  68  54  55  36  60  92  40  93  50  51  57  62  61  76  7  6  88  77  82  63  39  38  84  85  41  80  58  73  72  64  65  78  79  81  83  90  91  94  95  96  97  98  99  100  101  102  103  104  105  106  107  108  109  110  111  


  ==> Energy                -307.735498020
  ==> dE                       -4.65e-08
  ==> Gradient Norm             1.47e-01
  ==> Abs. Max. Deriv.          1.92e-02
  ==> Time-Grad. (s)             121.799
  ==> Time-Energy (s)              2.231
  ==> Time-Iter. (s)             126.038

--------------------------------------------------------------------------------
CEO-ADAPT-VQE iteration: 93
--------------------------------------------------------------------------------
    gate        derivative      name       op1       op2       op3        g_unscaled   penalty
   94548       -0.00029627        op     39795     39796                 -0.02281257        77
   94549       -0.00029297        om     39795     39796                 -0.02255893        77
     379        0.00028368      a_ia       379                            0.00226944         8
   39795       -0.00024393    a_iajb     39795                           -0.02268575        93
     494        0.00019164      a_ia       494                            0.00229969        12
   94234       -0.00018953        op     39540     39542                 -0.01421457        75
   94235       -0.00018953        op     39540     39542                 -0.01421457        75
   94230       -0.00018801        op     39540     39541                 -0.01410082        75
   94231       -0.00018801        op     39540     39541                 -0.01410082        75
   39540       -0.00015495    a_iajb     39540                           -0.01410082        91

  ==> Add operator: mvp2 -1: 39795 39796
  ==> Current qubit order: 0  1  2  3  4  5  8  9  10  11  12  13  14  15  16  17  19  20  21  22  23  28  29  34  35  18  42  25  37  31  24  49  74  75  46  33  67  52  48  43  59  56  47  30  87  86  45  32  27  71  26  70  66  69  89  53  44  68  54  55  36  60  92  40  93  51  62  61  76  7  6  50  57  39  58  88  77  82  63  38  84  85  41  80  73  72  64  65  78  79  81  83  90  91  94  95  96  97  98  99  100  101  102  103  104  105  106  107  108  109  110  111  


  ==> Energy                -307.735638834
  ==> dE                       -1.41e-04
  ==> Gradient Norm             1.50e-01
  ==> Abs. Max. Deriv.          2.28e-02
  ==> Time-Grad. (s)             158.872
  ==> Time-Energy (s)              2.959
  ==> Time-Iter. (s)             163.857

--------------------------------------------------------------------------------
CEO-ADAPT-VQE iteration: 94
--------------------------------------------------------------------------------
    gate        derivative      name       op1       op2       op3        g_unscaled   penalty
     382        0.00028360      a_ia       382                            0.00226882         8
     103       -0.00021090      a_ia       103                           -0.00168719         8
     464       -0.00020884      a_ia       464                           -0.00041768         2
     498        0.00019143      a_ia       498                            0.00229720        12
   89244       -0.00016462        om     35852     35853                 -0.00510334        31
   89243       -0.00016427        op     35852     35853                 -0.00509235        31
     563        0.00014034      a_ia       563                            0.00168405        12
   80645        0.00013472        op     29342     29343                  0.02626985       195
   80646        0.00013472        om     29342     29343                  0.02626985       195
   89241        0.00012669        op     35850     35851                  0.01051560        83

  ==> Add operator: a_ia 382
  ==> Current qubit order: 0  1  2  3  4  5  8  9  10  11  12  13  14  15  16  17  19  20  21  22  23  28  29  34  35  18  42  25  37  31  24  49  74  75  46  33  67  52  48  43  59  56  47  30  87  86  45  27  71  26  32  70  66  69  89  53  44  68  54  55  36  60  92  40  93  51  62  61  76  7  6  50  57  39  58  88  77  82  63  38  84  85  41  80  73  72  64  65  78  79  81  83  90  91  94  95  96  97  98  99  100  101  102  103  104  105  106  107  108  109  110  111  


  ==> Energy                -307.735640345
  ==> dE                       -1.51e-06
  ==> Gradient Norm             1.52e-01
  ==> Abs. Max. Deriv.          2.63e-02
  ==> Time-Grad. (s)             138.424
  ==> Time-Energy (s)              1.728
  ==> Time-Iter. (s)             142.212

--------------------------------------------------------------------------------
CEO-ADAPT-VQE iteration: 95
--------------------------------------------------------------------------------
    gate        derivative      name       op1       op2       op3        g_unscaled   penalty
     106       -0.00021132      a_ia       106                           -0.00169054         8
     472       -0.00020967      a_ia       472                           -0.00041933         2
     507        0.00019120      a_ia       507                            0.00229445        12
     573        0.00013966      a_ia       573                            0.00167595        12
   75871       -0.00012083        op     25727     25728                 -0.01172029        97
   75872       -0.00012076        om     25727     25728                 -0.01171339        97
     562        0.00012017      a_ia       562                            0.00048070         4
   88498       -0.00011428        om     35350     35351                 -0.01977047       173
   88497       -0.00011428        op     35350     35351                 -0.01977009       173
     593        0.00011183      a_ia       593                            0.00022365         2

  ==> Add operator: a_ia 106
  ==> Current qubit order: 0  1  2  3  4  5  8  9  10  11  12  13  14  15  16  17  19  20  21  22  23  28  29  34  35  18  42  25  37  31  24  49  74  75  46  33  67  52  48  43  59  56  47  30  87  86  45  27  71  26  32  70  66  69  89  53  44  68  54  55  36  60  92  40  93  51  62  61  76  7  50  57  39  6  58  88  77  82  63  38  84  85  41  80  73  72  64  65  78  79  81  83  90  91  94  95  96  97  98  99  100  101  102  103  104  105  106  107  108  109  110  111  


  ==> Energy                -307.735640984
  ==> dE                       -6.39e-07
  ==> Gradient Norm             1.41e-01
  ==> Abs. Max. Deriv.          1.98e-02
  ==> Time-Grad. (s)             132.277
  ==> Time-Energy (s)              1.731
  ==> Time-Iter. (s)             136.078

--------------------------------------------------------------------------------
CEO-ADAPT-VQE iteration: 96
--------------------------------------------------------------------------------
    gate        derivative      name       op1       op2       op3        g_unscaled   penalty
     476       -0.00020292      a_ia       476                           -0.00040585         2
     511        0.00019115      a_ia       511                            0.00229379        12
   93951       -0.00015784        op     39478     39480                 -0.01499478        95
   93952       -0.00015784        op     39478     39480                 -0.01499478        95
   93947       -0.00015563        op     39478     39479                 -0.01478527        95
   93948       -0.00015563        op     39478     39479                 -0.01478527        95
   39478       -0.00013320    a_iajb     39478                           -0.01478527       111
     577        0.00011966      a_ia       577                            0.00167531        14
     566        0.00011916      a_ia       566                            0.00047662         4
     598        0.00011165      a_ia       598                            0.00022330         2

  ==> Add operator: a_ia 476
  ==> Current qubit order: 0  1  2  3  4  5  8  9  10  11  12  13  14  15  16  17  19  20  21  22  23  28  29  34  35  18  42  25  37  31  24  49  74  75  46  33  67  52  48  43  59  56  47  30  87  86  45  27  71  26  32  70  66  69  89  53  44  68  54  55  36  60  92  40  93  51  62  61  76  7  50  57  39  6  58  88  77  82  63  38  84  85  41  80  73  72  64  65  78  79  81  83  90  91  94  95  96  97  98  99  100  101  102  103  104  105  106  107  108  109  110  111  


  ==> Energy                -307.735641094
  ==> dE                       -1.10e-07
  ==> Gradient Norm             1.54e-01
  ==> Abs. Max. Deriv.          1.50e-02
  ==> Time-Grad. (s)             135.291
  ==> Time-Energy (s)              1.840
  ==> Time-Iter. (s)             139.169

--------------------------------------------------------------------------------
CEO-ADAPT-VQE iteration: 97
--------------------------------------------------------------------------------
    gate        derivative      name       op1       op2       op3        g_unscaled   penalty
   77326        0.00019288        op     26725     26727                  0.00906524        47
   77327        0.00019288        op     26725     26727                  0.00906524        47
   77322        0.00019161        op     26725     26726                  0.00900556        47
   77323        0.00019161        op     26725     26726                  0.00900556        47
     513        0.00019080      a_ia       513                            0.00228958        12
   26725        0.00014349    a_iajb     26725                            0.00904000        63
     568        0.00011942      a_ia       568                            0.00047766         4
     579        0.00011918      a_ia       579                            0.00166847        14
   89998       -0.00011365        op     36350     36351                 -0.00784168        69
   89999       -0.00011258        om     36350     36351                 -0.00776782        69

  ==> Add operator: mvp3 -1: 26725 26726 26727
  ==> Current qubit order: 0  1  2  3  4  5  8  9  10  11  12  13  14  15  16  17  19  20  21  22  23  28  29  34  35  18  42  25  37  31  24  49  74  75  46  33  67  52  48  43  59  56  47  30  87  86  45  27  71  26  32  70  66  69  89  53  44  68  54  55  36  60  92  40  62  93  51  7  57  61  76  50  39  6  58  88  77  82  63  38  84  85  41  80  73  72  64  65  78  79  81  83  90  91  94  95  96  97  98  99  100  101  102  103  104  105  106  107  108  109  110  111  


  ==> Energy                -307.735652113
  ==> dE                       -1.10e-05
  ==> Gradient Norm             1.46e-01
  ==> Abs. Max. Deriv.          1.65e-02
  ==> Time-Grad. (s)             139.596
  ==> Time-Energy (s)              5.352
  ==> Time-Iter. (s)             146.974

--------------------------------------------------------------------------------
CEO-ADAPT-VQE iteration: 98
--------------------------------------------------------------------------------
    gate        derivative      name       op1       op2       op3        g_unscaled   penalty
     520        0.00019088      a_ia       520                            0.00229057        12
     497        0.00017070      a_ia       497                            0.00034139         2
   77349        0.00015664        op     26662     26663                  0.00610906        39
   77350        0.00015659        om     26662     26663                  0.00610699        39
     586        0.00013891      a_ia       586                            0.00166693        12
   89987        0.00013833        op     36213     36214                  0.01867444       135
   89988        0.00013833        op     36213     36214                  0.01867444       135
   89991        0.00013722        op     36213     36215                  0.01852454       135
   89992        0.00013722        op     36213     36215                  0.01852454       135
   94925       -0.00012480        op     39929     39931                 -0.01110689        89

  ==> Add operator: a_ia 520
  ==> Current qubit order: 0  1  2  3  4  5  8  9  10  11  12  13  14  15  16  17  19  20  21  22  23  28  29  34  35  18  25  37  31  24  49  42  74  75  46  33  67  52  48  43  59  56  47  30  87  86  45  27  71  26  32  70  66  69  89  53  44  68  54  55  36  60  92  40  62  93  51  7  57  61  76  50  39  6  58  88  77  82  63  38  84  85  41  80  73  72  64  65  78  79  81  83  90  91  94  95  96  97  98  99  100  101  102  103  104  105  106  107  108  109  110  111  


  ==> Energy                -307.735653535
  ==> dE                       -1.42e-06
  ==> Gradient Norm             1.49e-01
  ==> Abs. Max. Deriv.          1.87e-02
  ==> Time-Grad. (s)             266.280
  ==> Time-Energy (s)              1.007
  ==> Time-Iter. (s)             269.366

--------------------------------------------------------------------------------
CEO-ADAPT-VQE iteration: 99
--------------------------------------------------------------------------------
    gate        derivative      name       op1       op2       op3        g_unscaled   penalty
     501        0.00018047      a_ia       501                            0.00036094         2
   93445        0.00015202        op     38900     38902                  0.01352965        89
   93446        0.00015202        op     38900     38902                  0.01352965        89
   93441        0.00015041        op     38900     38901                  0.01338641        89
   93442        0.00015041        op     38900     38901                  0.01338641        89
     591        0.00013757      a_ia       591                            0.00165079        12
   38900        0.00012749    a_iajb     38900                            0.01338641       105
     613        0.00011048      a_ia       613                            0.00022096         2
   94057       -0.00010544        op     39375     39376                 -0.01022777        97
   94058       -0.00010544        om     39375     39376                 -0.01022755        97

  ==> Add operator: a_ia 501
  ==> Current qubit order: 0  1  2  3  4  5  8  9  10  11  12  13  14  15  16  17  19  20  21  22  23  28  29  34  35  18  25  37  31  24  49  42  74  75  46  33  67  52  48  43  59  56  47  30  87  86  45  27  71  26  32  70  66  69  89  53  44  68  54  55  36  60  92  40  62  93  51  7  57  61  76  50  39  6  58  88  77  82  63  38  84  85  41  80  73  72  64  65  78  79  81  83  90  91  94  95  96  97  98  99  100  101  102  103  104  105  106  107  108  109  110  111  


  ==> Energy                -307.735653593
  ==> dE                       -5.85e-08
  ==> Gradient Norm             1.39e-01
  ==> Abs. Max. Deriv.          1.39e-02
  ==> Time-Grad. (s)             123.807
  ==> Time-Energy (s)              1.233
  ==> Time-Iter. (s)             127.068

--------------------------------------------------------------------------------
CEO-ADAPT-VQE iteration: 100
--------------------------------------------------------------------------------
    gate        derivative      name       op1       op2       op3        g_unscaled   penalty
   89497        0.00032038        op     35784     35785                  0.03107665        97
   89498        0.00031809        om     35784     35785                  0.03085463        97
   35784        0.00027403    a_iajb     35784                            0.03096564       113
   89995        0.00018547        op     36164     36166                  0.00871710        47
   89996        0.00018547        op     36164     36166                  0.00871710        47
   89991        0.00018535        op     36164     36165                  0.00871122        47
   89992        0.00018535        op     36164     36165                  0.00871122        47
   36164        0.00013834    a_iajb     36164                            0.00871541        63
   88658        0.00013619        om     35142     35143                  0.00939731        69
   88657        0.00013619        op     35142     35143                  0.00939730        69

  ==> Add operator: mvp2 -1: 35784 35785
  ==> Current qubit order: 0  1  2  3  4  5  8  9  10  11  12  13  14  15  16  17  19  20  21  22  23  28  29  34  35  18  25  37  31  24  49  42  74  75  46  33  67  52  48  43  59  56  47  30  45  27  71  32  70  66  87  86  26  39  69  89  53  44  68  54  55  36  60  92  40  62  93  51  7  57  61  76  50  6  58  88  77  82  63  38  84  85  41  80  73  72  64  65  78  79  81  83  90  91  94  95  96  97  98  99  100  101  102  103  104  105  106  107  108  109  110  111  


  ==> Energy                -307.735814774
  ==> dE                       -1.61e-04
  ==> Gradient Norm             1.56e-01
  ==> Abs. Max. Deriv.          3.11e-02
  ==> Time-Grad. (s)             166.040
  ==> Time-Energy (s)            408.786
  ==> Time-Iter. (s)             576.863

--------------------------------------------------------------------------------
CEO-ADAPT-VQE iteration: 101
--------------------------------------------------------------------------------
    gate        derivative      name       op1       op2       op3        g_unscaled   penalty
     345       -0.00129088      a_ia       345                           -0.00258175         2
     513       -0.00040913      a_ia       513                           -0.00163652         4
   89661        0.00025053        op     35901     35902                  0.02029309        81
   89662        0.00025053        om     35901     35902                  0.02029307        81
   35901        0.00020921    a_iajb     35901                            0.02029308        97
   89655        0.00018096        op     35895     35896                  0.01972518       109
   89656        0.00018085        om     35895     35896                  0.01971284       109
     606        0.00016457      a_ia       606                            0.00164568        10
   35895        0.00015775    a_iajb     35895                            0.01971901       125
   85305        0.00013675        op     32565     32566                  0.01682035       123

  ==> Add operator: a_ia 345
  ==> Current qubit order: 0  1  2  3  4  5  8  9  10  11  12  13  14  15  16  17  19  20  21  22  23  28  29  34  35  18  25  37  31  24  49  42  74  75  46  33  67  52  48  43  59  56  47  30  45  27  71  32  70  66  87  86  26  39  69  89  53  44  68  54  55  36  60  92  40  62  93  51  7  57  61  76  50  6  58  88  77  82  63  38  84  85  41  80  73  72  64  65  78  79  81  83  90  91  94  95  96  97  98  99  100  101  102  103  104  105  106  107  108  109  110  111  


  ==> Energy                -307.735816100
  ==> dE                       -1.33e-06
  ==> Gradient Norm             1.58e-01
  ==> Abs. Max. Deriv.          2.03e-02
  ==> Time-Grad. (s)             166.053
  ==> Time-Energy (s)              2.797
  ==> Time-Iter. (s)             171.642

--------------------------------------------------------------------------------
CEO-ADAPT-VQE iteration: 102
--------------------------------------------------------------------------------
    gate        derivative      name       op1       op2       op3        g_unscaled   penalty
     557       -0.00045878      a_ia       557                           -0.00091756         2
     516       -0.00040740      a_ia       516                           -0.00162960         4
   89672        0.00016369        op     35911     35912                  0.01194927        73
   89673        0.00016369        op     35911     35912                  0.01194927        73
     611        0.00016350      a_ia       611                            0.00163502        10
   89676        0.00016222        op     35911     35913                  0.01184225        73
   89677        0.00016222        op     35911     35913                  0.01184225        73
   94141       -0.00014998        om     39305     39306                 -0.00854886        57
   94140       -0.00014964        op     39305     39306                 -0.00852961        57
   91362        0.00013450        op     37211     37212                  0.00901166        67

  ==> Add operator: a_ia 557
  ==> Current qubit order: 0  1  2  3  4  5  8  9  10  11  12  13  14  15  16  17  19  20  21  22  23  28  29  34  35  18  25  37  31  24  49  42  74  75  46  33  67  52  48  43  59  56  47  30  45  27  71  32  70  66  87  86  26  39  69  89  53  44  68  54  55  36  60  92  40  62  93  51  7  57  61  76  50  6  58  88  77  82  63  38  84  85  41  80  73  72  64  65  78  79  81  83  90  91  94  95  96  97  98  99  100  101  102  103  104  105  106  107  108  109  110  111  


  ==> Energy                -307.735816476
  ==> dE                       -3.76e-07
  ==> Gradient Norm             1.41e-01
  ==> Abs. Max. Deriv.          1.36e-02
  ==> Time-Grad. (s)             162.476
  ==> Time-Energy (s)              2.378
  ==> Time-Iter. (s)             167.458

--------------------------------------------------------------------------------
CEO-ADAPT-VQE iteration: 103
--------------------------------------------------------------------------------
    gate        derivative      name       op1       op2       op3        g_unscaled   penalty
     521       -0.00040783      a_ia       521                           -0.00163130         4
   94821        0.00029163        om     39977     39978                  0.01137365        39
   94820        0.00029153        op     39977     39978                  0.01136969        39
   39977        0.00020676    a_iajb     39977                            0.01137167        55
   89178        0.00018097        op     35670     35671                  0.01972536       109
   89179        0.00018085        om     35670     35671                  0.01971303       109
     616        0.00016231      a_ia       616                            0.00162306        10
   94676       -0.00015870        op     39866     39867                 -0.01634660       103
   35670        0.00015775    a_iajb     35670                            0.01971919       125
   94677       -0.00015565        om     39866     39867                 -0.01603164       103

  ==> Add operator: a_ia 521
  ==> Current qubit order: 0  1  2  3  4  5  8  9  10  11  12  13  14  15  16  17  19  20  21  22  23  28  29  34  35  18  25  37  31  24  49  42  74  75  46  33  67  52  48  43  59  56  47  30  45  27  71  32  70  66  87  86  26  39  69  89  53  44  68  54  55  36  92  60  40  62  93  51  7  57  61  76  50  6  58  88  77  82  63  38  84  85  41  80  73  72  64  65  78  79  81  83  90  91  94  95  96  97  98  99  100  101  102  103  104  105  106  107  108  109  110  111  


  ==> Energy                -307.735817597
  ==> dE                       -1.12e-06
  ==> Gradient Norm             1.51e-01
  ==> Abs. Max. Deriv.          1.97e-02
  ==> Time-Grad. (s)             160.754
  ==> Time-Energy (s)              2.700
  ==> Time-Iter. (s)             166.080

--------------------------------------------------------------------------------
CEO-ADAPT-VQE iteration: 104
--------------------------------------------------------------------------------
    gate        derivative      name       op1       op2       op3        g_unscaled   penalty
   95222       -0.00019193        om     40211     40212                 -0.01784941        93
   95221       -0.00019178        op     40211     40212                 -0.01783556        93
     481        0.00017179      a_ia       481                            0.00034359         2
   40211       -0.00016369    a_iajb     40211                           -0.01784248       109
     623        0.00016192      a_ia       623                            0.00161921        10
     646        0.00011253      a_ia       646                            0.00022506         2
   94421        0.00010972        op     39603     39604                  0.00669318        61
   94422        0.00010710        om     39603     39604                  0.00653322        61
   96719       -0.00010555        op     41349     41350                 -0.01319403       125
   96720       -0.00010555        op     41349     41350                 -0.01319403       125

  ==> Add operator: mvp2 -1: 40211 40212
  ==> Current qubit order: 0  1  2  3  4  5  8  9  10  11  12  13  14  15  16  17  19  20  21  22  23  28  29  34  35  18  25  37  31  24  49  42  74  75  46  33  67  52  48  43  59  56  47  30  45  27  71  32  70  66  87  86  26  39  69  89  53  68  54  55  36  92  60  40  62  51  7  57  44  93  88  41  61  76  50  6  58  77  82  63  38  84  85  80  73  72  64  65  78  79  81  83  90  91  94  95  96  97  98  99  100  101  102  103  104  105  106  107  108  109  110  111  


  ==> Energy                -307.735849862
  ==> dE                       -3.23e-05
  ==> Gradient Norm             1.57e-01
  ==> Abs. Max. Deriv.          1.78e-02
  ==> Time-Grad. (s)             276.275
  ==> Time-Energy (s)              4.835
  ==> Time-Iter. (s)             283.648

--------------------------------------------------------------------------------
CEO-ADAPT-VQE iteration: 105
--------------------------------------------------------------------------------
    gate        derivative      name       op1       op2       op3        g_unscaled   penalty
     581       -0.00042493      a_ia       581                           -0.00169971         4
   89555        0.00029603        op     35938     35939                  0.02397866        81
   89556        0.00029578        om     35938     35939                  0.02395807        81
   35938        0.00024710    a_iajb     35938                            0.02396836        97
     377       -0.00022576      a_ia       377                           -0.00225755        10
     631        0.00020231      a_ia       631                            0.00161847         8
     488        0.00017037      a_ia       488                            0.00034073         2
   92141        0.00015619        op     37903     37904                  0.01358814        87
   92142        0.00015609        om     37903     37904                  0.01357990        87
   37903        0.00013188    a_iajb     37903                            0.01358402       103

  ==> Add operator: a_ia 581
  ==> Current qubit order: 0  1  2  3  4  5  8  9  10  11  12  13  14  15  16  17  19  20  21  22  23  28  29  34  35  18  25  37  31  24  49  42  74  75  46  33  67  52  48  43  59  56  47  30  45  27  71  32  70  66  87  86  26  39  69  89  53  68  54  55  36  92  60  40  62  51  7  57  93  44  88  41  61  76  50  6  58  77  82  63  38  84  85  80  73  72  64  65  78  79  81  83  90  91  94  95  96  97  98  99  100  101  102  103  104  105  106  107  108  109  110  111  


  ==> Energy                -307.735850446
  ==> dE                       -5.84e-07
  ==> Gradient Norm             1.52e-01
  ==> Abs. Max. Deriv.          2.40e-02
  ==> Time-Grad. (s)             245.218
  ==> Time-Energy (s)              2.728
  ==> Time-Iter. (s)             250.473

--------------------------------------------------------------------------------
CEO-ADAPT-VQE iteration: 106
--------------------------------------------------------------------------------
    gate        derivative      name       op1       op2       op3        g_unscaled   penalty
   91668        0.00031047        om     37693     37694                  0.00900361        29
   91667        0.00031023        op     37693     37694                  0.00899665        29
     379       -0.00022760      a_ia       379                           -0.00227597        10
     636        0.00020201      a_ia       636                            0.00161607         8
   37693        0.00020000    a_iajb     37693                            0.00900013        45
     492        0.00016411      a_ia       492                            0.00032822         2
   88319        0.00014251        op     35131     35132                  0.03605553       253
   88320        0.00014251        om     35131     35132                  0.03605553       253
   35131        0.00013404    a_iajb     35131                            0.03605553       269
   94469       -0.00012471        op     39825     39827                 -0.01109909        89

  ==> Add operator: mvp2 -1: 37693 37694
  ==> Current qubit order: 0  1  2  3  4  5  8  9  10  11  12  13  14  15  16  17  19  20  21  22  23  28  29  34  35  18  25  37  24  49  31  42  74  75  46  33  67  52  48  43  59  56  47  30  45  27  71  32  70  66  87  86  26  39  69  89  53  68  54  55  36  92  60  40  62  51  7  57  93  44  88  41  61  76  50  6  58  77  82  63  38  84  85  80  73  72  64  65  78  79  81  83  90  91  94  95  96  97  98  99  100  101  102  103  104  105  106  107  108  109  110  111  


  ==> Energy                -307.735862511
  ==> dE                       -1.21e-05
  ==> Gradient Norm             1.56e-01
  ==> Abs. Max. Deriv.          3.61e-02
  ==> Time-Grad. (s)             288.532
  ==> Time-Energy (s)              5.052
  ==> Time-Iter. (s)             296.139

--------------------------------------------------------------------------------
CEO-ADAPT-VQE iteration: 107
--------------------------------------------------------------------------------
    gate        derivative      name       op1       op2       op3        g_unscaled   penalty
     569        0.00042490      a_ia       569                            0.00084981         2
     380       -0.00022630      a_ia       380                           -0.00226299        10
     638        0.00020196      a_ia       638                            0.00161572         8
     493        0.00016284      a_ia       493                            0.00032567         2
   94137        0.00014993        om     39447     39448                  0.01994130       133
   94136        0.00014905        op     39447     39448                  0.01982327       133
   89522        0.00014553        op     35979     35980                  0.01760905       121
   89523        0.00014541        om     35979     35980                  0.01759520       121
   39447        0.00013344    a_iajb     39447                            0.01988228       149
   35979        0.00012848    a_iajb     35979                            0.01760213       137

  ==> Add operator: a_ia 569
  ==> Current qubit order: 0  1  2  3  4  5  8  9  10  11  12  13  14  15  16  17  19  20  21  22  23  28  29  34  35  18  25  37  24  49  31  42  74  75  46  33  67  52  48  43  59  56  47  30  45  27  71  32  70  66  87  86  26  39  69  89  53  68  54  55  36  92  60  40  62  51  7  57  93  44  88  41  61  76  50  6  58  77  82  63  38  84  85  80  73  72  64  65  78  79  81  83  90  91  94  95  96  97  98  99  100  101  102  103  104  105  106  107  108  109  110  111  


  ==> Energy                -307.735862730
  ==> dE                       -2.19e-07
  ==> Gradient Norm             1.52e-01
  ==> Abs. Max. Deriv.          1.99e-02
  ==> Time-Grad. (s)             186.613
  ==> Time-Energy (s)              2.711
  ==> Time-Iter. (s)             191.876

--------------------------------------------------------------------------------
CEO-ADAPT-VQE iteration: 108
--------------------------------------------------------------------------------
    gate        derivative      name       op1       op2       op3        g_unscaled   penalty
     534       -0.00045955      a_ia       534                           -0.00183820         4
     381       -0.00022590      a_ia       381                           -0.00225902        10
     643        0.00020118      a_ia       643                            0.00160945         8
   76617       -0.00018172        op     26238     26240                 -0.01399261        77
   76618       -0.00018172        op     26238     26240                 -0.01399261        77
   76613       -0.00018121        op     26238     26239                 -0.01395321        77
   76614       -0.00018121        op     26238     26239                 -0.01395321        77
   89510        0.00016750        om     35900     35901                  0.02194207       131
   89509        0.00016709        op     35900     35901                  0.02188927       131
     495        0.00016310      a_ia       495                            0.00032620         2

  ==> Add operator: a_ia 534
  ==> Current qubit order: 0  1  2  3  4  5  8  9  10  11  12  13  14  15  16  17  19  20  21  22  23  28  29  34  35  18  25  37  24  49  31  42  74  75  46  33  67  52  48  43  59  56  47  30  45  27  71  32  70  66  87  86  26  69  39  89  53  68  54  55  36  92  60  40  62  51  7  57  93  44  88  41  61  76  50  6  58  77  82  63  38  84  85  80  73  72  64  65  78  79  81  83  90  91  94  95  96  97  98  99  100  101  102  103  104  105  106  107  108  109  110  111  


  ==> Energy                -307.735863496
  ==> dE                       -7.66e-07
  ==> Gradient Norm             1.50e-01
  ==> Abs. Max. Deriv.          2.19e-02
  ==> Time-Grad. (s)             174.319
  ==> Time-Energy (s)              2.158
  ==> Time-Iter. (s)             179.015

--------------------------------------------------------------------------------
CEO-ADAPT-VQE iteration: 109
--------------------------------------------------------------------------------
    gate        derivative      name       op1       op2       op3        g_unscaled   penalty
     385       -0.00022817      a_ia       385                           -0.00228170        10
     650        0.00019964      a_ia       650                            0.00159713         8
     500        0.00016495      a_ia       500                            0.00032990         2
   91130        0.00016294        op     37420     37421                  0.00831009        51
   91131        0.00016294        om     37420     37421                  0.00831008        51
   37420        0.00012403    a_iajb     37420                            0.00831008        67
     678        0.00011411      a_ia       678                            0.00022822         2
     635        0.00011156      a_ia       635                            0.00245433        22
   91550       -0.00011064        op     37726     37727                 -0.00763401        69
   91551       -0.00011011        om     37726     37727                 -0.00759787        69

  ==> Add operator: a_ia 385
  ==> Current qubit order: 0  1  2  3  4  5  8  9  10  11  12  13  14  15  16  17  19  20  21  22  23  28  29  34  35  18  25  37  24  49  31  42  74  75  46  33  67  52  48  43  59  56  47  30  45  71  32  70  66  27  87  86  26  69  39  89  53  68  54  55  36  92  60  40  62  51  7  57  93  44  88  41  61  76  50  6  58  77  82  63  38  84  85  80  73  72  64  65  78  79  81  83  90  91  94  95  96  97  98  99  100  101  102  103  104  105  106  107  108  109  110  111  


  ==> Energy                -307.735864539
  ==> dE                       -1.04e-06
  ==> Gradient Norm             1.52e-01
  ==> Abs. Max. Deriv.          1.83e-02
  ==> Time-Grad. (s)             281.389
  ==> Time-Energy (s)              2.639
  ==> Time-Iter. (s)             286.552

--------------------------------------------------------------------------------
CEO-ADAPT-VQE iteration: 110
--------------------------------------------------------------------------------
    gate        derivative      name       op1       op2       op3        g_unscaled   penalty
   89090       -0.00024172        om     35991     35992                 -0.02538089       105
   89089       -0.00024012        op     35991     35992                 -0.02521274       105
   35991       -0.00020906    a_iajb     35991                           -0.02529681       121
     652        0.00019890      a_ia       652                            0.00159122         8
     419       -0.00018000      a_ia       419                           -0.00143998         8
     502        0.00016175      a_ia       502                            0.00032349         2
   89702       -0.00015346        om     36438     36439                 -0.01335107        87
   89701       -0.00015346        op     36438     36439                 -0.01335106        87
   90812        0.00015093        om     37293     37294                  0.01162162        77
   90811        0.00015093        op     37293     37294                  0.01162162        77

  ==> Add operator: mvp2 -1: 35991 35992
  ==> Current qubit order: 0  1  2  3  4  5  8  9  10  11  12  13  14  15  16  17  19  20  21  22  23  28  29  34  35  18  25  24  49  31  42  74  75  46  33  67  52  48  43  59  56  47  30  37  87  86  26  45  71  32  70  66  27  69  39  89  53  68  54  55  36  92  60  40  62  51  7  57  93  44  88  41  61  76  50  6  58  77  82  63  38  84  85  80  73  72  64  65  78  79  81  83  90  91  94  95  96  97  98  99  100  101  102  103  104  105  106  107  108  109  110  111  


  ==> Energy                -307.735953889
  ==> dE                       -8.94e-05
  ==> Gradient Norm             1.49e-01
  ==> Abs. Max. Deriv.          2.54e-02
  ==> Time-Grad. (s)             299.655
  ==> Time-Energy (s)              4.417
  ==> Time-Iter. (s)             306.602

--------------------------------------------------------------------------------
CEO-ADAPT-VQE iteration: 111
--------------------------------------------------------------------------------
    gate        derivative      name       op1       op2       op3        g_unscaled   penalty
     383       -0.00045425      a_ia       383                           -0.00090851         2
     370       -0.00038258      a_ia       370                           -0.00076515         2
   75590        0.00030772        op     25593     25594                  0.01754027        57
   75591        0.00030746        om     25593     25594                  0.01752505        57
     512       -0.00028688      a_ia       512                           -0.00286882        10
   77106        0.00028563        op     26713     26714                  0.01056841        37
   77107        0.00028505        om     26713     26714                  0.01054694        37
   25593        0.00024017    a_iajb     25593                            0.01753266        73
   91359        0.00023438        om     37569     37570                  0.01898485        81
   91358        0.00023312        op     37569     37570                  0.01888287        81

  ==> Add operator: a_ia 383
  ==> Current qubit order: 0  1  2  3  4  5  8  9  10  11  12  13  14  15  16  17  19  20  21  22  23  28  29  34  35  18  25  24  49  31  42  74  75  46  33  67  52  48  43  59  56  47  30  37  87  86  26  45  71  32  70  66  27  69  39  89  53  68  54  55  36  92  60  40  62  51  7  57  93  44  88  41  61  76  50  6  58  77  82  63  38  84  85  80  73  72  64  65  78  79  81  83  90  91  94  95  96  97  98  99  100  101  102  103  104  105  106  107  108  109  110  111  


  ==> Energy                -307.735954119
  ==> dE                       -2.29e-07
  ==> Gradient Norm             1.54e-01
  ==> Abs. Max. Deriv.          2.05e-02
  ==> Time-Grad. (s)             172.746
  ==> Time-Energy (s)              2.295
  ==> Time-Iter. (s)             177.600

--------------------------------------------------------------------------------
CEO-ADAPT-VQE iteration: 112
--------------------------------------------------------------------------------
    gate        derivative      name       op1       op2       op3        g_unscaled   penalty
     376       -0.00038497      a_ia       376                           -0.00076994         2
     520       -0.00028729      a_ia       520                           -0.00287288        10
     663        0.00019919      a_ia       663                            0.00159356         8
   93962        0.00017731        om     39690     39691                  0.00904270        51
   93961        0.00017528        op     39690     39691                  0.00893907        51
   93654       -0.00015921        om     39448     39449                 -0.01735393       109
   93927        0.00015871        op     39665     39666                  0.01571232        99
   93653       -0.00015862        op     39448     39449                 -0.01728964       109
     511        0.00015855      a_ia       511                            0.00031710         2
   93928        0.00015847        om     39665     39666                  0.01568829        99

  ==> Add operator: a_ia 376
  ==> Current qubit order: 0  1  2  3  4  5  8  9  10  11  12  13  14  15  16  17  19  20  21  22  23  28  29  34  35  18  25  24  49  31  42  74  75  46  33  67  52  48  43  59  56  47  30  37  87  86  26  45  71  32  70  66  27  69  39  89  53  68  54  55  36  92  60  40  62  51  7  57  93  44  88  41  61  76  50  6  58  77  82  63  38  84  85  80  73  72  64  65  78  79  81  83  90  91  94  95  96  97  98  99  100  101  102  103  104  105  106  107  108  109  110  111  


  ==> Energy                -307.735954239
  ==> dE                       -1.20e-07
  ==> Gradient Norm             1.57e-01
  ==> Abs. Max. Deriv.          1.81e-02
  ==> Time-Grad. (s)             251.731
  ==> Time-Energy (s)              2.314
  ==> Time-Iter. (s)             256.821

--------------------------------------------------------------------------------
CEO-ADAPT-VQE iteration: 113
--------------------------------------------------------------------------------
    gate        derivative      name       op1       op2       op3        g_unscaled   penalty
     525       -0.00028676      a_ia       525                           -0.00286764        10
     669        0.00019879      a_ia       669                            0.00159034         8
   76382       -0.00016682        om     26181     26182                 -0.00517141        31
   76381       -0.00016565        op     26181     26182                 -0.00513514        31
     516        0.00015884      a_ia       516                            0.00031768         2
   89261        0.00015473        op     35964     35966                  0.01129542        73
   89262        0.00015473        op     35964     35966                  0.01129542        73
   89257        0.00015208        op     35964     35965                  0.01110165        73
   89258        0.00015208        op     35964     35965                  0.01110165        73
   35964        0.00012492    a_iajb     35964                            0.01111814        89

  ==> Add operator: a_ia 525
  ==> Current qubit order: 0  1  2  3  4  5  8  9  10  11  12  13  14  15  16  17  19  20  21  22  23  28  29  34  35  18  25  24  49  31  42  74  75  46  33  67  52  48  43  59  56  47  30  87  86  26  45  37  71  32  70  66  27  69  39  89  53  68  54  55  36  92  60  40  62  51  7  57  93  44  88  41  61  76  50  6  58  77  82  63  38  84  85  80  73  72  64  65  78  79  81  83  90  91  94  95  96  97  98  99  100  101  102  103  104  105  106  107  108  109  110  111  


  ==> Energy                -307.735956893
  ==> dE                       -2.65e-06
  ==> Gradient Norm             1.55e-01
  ==> Abs. Max. Deriv.          1.75e-02
  ==> Time-Grad. (s)             279.689
  ==> Time-Energy (s)              2.767
  ==> Time-Iter. (s)             284.940

--------------------------------------------------------------------------------
CEO-ADAPT-VQE iteration: 114
--------------------------------------------------------------------------------
    gate        derivative      name       op1       op2       op3        g_unscaled   penalty
   88164        0.00026694        op     35107     35108                  0.01201227        45
   88165        0.00026693        om     35107     35108                  0.01201207        45
     675        0.00019697      a_ia       675                            0.00157578         8
   35107        0.00019692    a_iajb     35107                            0.01201217        61
     522        0.00015828      a_ia       522                            0.00031655         2
   94448       -0.00014209        op     39818     39820                 -0.00980418        69
   94449       -0.00014209        op     39818     39820                 -0.00980418        69
   94444       -0.00014195        op     39818     39819                 -0.00979451        69
   94445       -0.00014195        op     39818     39819                 -0.00979451        69
     706        0.00011799      a_ia       706                            0.00023597         2

  ==> Add operator: op -1: 35107 35108
  ==> Current qubit order: 0  1  2  3  4  5  8  9  10  11  12  13  14  15  16  17  19  20  21  22  23  28  34  35  18  25  29  24  74  75  49  31  42  46  33  67  52  48  43  59  56  47  30  87  86  26  45  37  71  32  70  66  27  69  39  89  53  68  54  55  36  92  60  40  62  51  7  57  93  44  88  41  61  76  50  6  58  77  82  63  38  84  85  80  73  72  64  65  78  79  81  83  90  91  94  95  96  97  98  99  100  101  102  103  104  105  106  107  108  109  110  111  


  ==> Energy                -307.735974203
  ==> dE                       -1.73e-05
  ==> Gradient Norm             1.58e-01
  ==> Abs. Max. Deriv.          1.93e-02
  ==> Time-Grad. (s)             155.791
  ==> Time-Energy (s)              2.911
  ==> Time-Iter. (s)             161.363

--------------------------------------------------------------------------------
CEO-ADAPT-VQE iteration: 115
--------------------------------------------------------------------------------
    gate        derivative      name       op1       op2       op3        g_unscaled   penalty
     680        0.00019696      a_ia       680                            0.00157566         8
     527        0.00015827      a_ia       527                            0.00031654         2
   76180        0.00015662        om     26020     26021                  0.01331255        85
   76179        0.00015556        op     26020     26021                  0.01322242        85
     668        0.00014245      a_ia       668                            0.00028490         2
   89073        0.00014089        op     35761     35762                  0.00943970        67
     665        0.00013868      a_ia       665                            0.00249622        18
   89074        0.00013842        om     35761     35762                  0.00927436        67
   26020        0.00013136    a_iajb     26020                            0.01326749       101
     711        0.00011799      a_ia       711                            0.00023599         2

  ==> Add operator: a_ia 680
  ==> Current qubit order: 0  1  2  3  4  5  8  9  10  11  12  13  14  15  16  17  19  20  21  22  23  28  34  35  18  25  29  24  74  75  49  31  42  46  33  67  52  48  43  59  56  47  30  87  86  26  45  37  71  32  70  66  27  69  39  89  53  68  54  55  36  92  60  40  62  51  7  57  93  44  88  41  61  76  6  58  77  50  82  63  38  84  85  80  73  72  64  65  78  79  81  83  90  91  94  95  96  97  98  99  100  101  102  103  104  105  106  107  108  109  110  111  


  ==> Energy                -307.735974900
  ==> dE                       -6.97e-07
  ==> Gradient Norm             1.49e-01
  ==> Abs. Max. Deriv.          1.36e-02
  ==> Time-Grad. (s)             252.114
  ==> Time-Energy (s)              3.071
  ==> Time-Iter. (s)             257.312

--------------------------------------------------------------------------------
CEO-ADAPT-VQE iteration: 116
--------------------------------------------------------------------------------
    gate        derivative      name       op1       op2       op3        g_unscaled   penalty
   95226       -0.00016467        op     40449     40450                 -0.02519452       153
   95227       -0.00016467        om     40449     40450                 -0.02519452       153
     533        0.00015863      a_ia       533                            0.00031726         2
   40449       -0.00014908    a_iajb     40449                           -0.02519452       169
     675        0.00014092      a_ia       675                            0.00028183         2
     672        0.00013829      a_ia       672                            0.00248924        18
   90914       -0.00011920        op     37136     37137                 -0.01013231        85
   90915       -0.00011920        om     37136     37137                 -0.01013231        85
     718        0.00011742      a_ia       718                            0.00023484         2
     685       -0.00011693      a_ia       685                           -0.00210473        18

  ==> Add operator: op -1: 40449 40450
  ==> Current qubit order: 0  1  2  3  4  5  8  9  10  11  12  13  14  15  16  17  19  20  21  22  23  28  34  35  18  25  29  24  74  75  31  42  46  33  67  52  48  43  59  56  47  30  87  86  26  45  37  71  32  70  66  27  69  39  89  53  68  54  49  62  44  63  55  36  92  60  40  51  7  57  93  88  41  61  76  6  58  77  50  82  38  84  85  80  73  72  64  65  78  79  81  83  90  91  94  95  96  97  98  99  100  101  102  103  104  105  106  107  108  109  110  111  


  ==> Energy                -307.736105258
  ==> dE                       -1.30e-04
  ==> Gradient Norm             1.50e-01
  ==> Abs. Max. Deriv.          2.52e-02
  ==> Time-Grad. (s)             240.013
  ==> Time-Energy (s)              2.319
  ==> Time-Iter. (s)             244.452

--------------------------------------------------------------------------------
CEO-ADAPT-VQE iteration: 117
--------------------------------------------------------------------------------
    gate        derivative      name       op1       op2       op3        g_unscaled   penalty
   89111       -0.00018488        op     35765     35766                 -0.00868917        47
   89112       -0.00018478        om     35765     35766                 -0.00868472        47
     537        0.00015880      a_ia       537                            0.00031760         2
   76751        0.00015694        op     26450     26451                  0.00863148        55
   76752        0.00015613        om     26450     26451                  0.00858712        55
   35765       -0.00013789    a_iajb     35765                           -0.00868695        63
     742       -0.00013247      a_ia       742                           -0.00026494         2
     690       -0.00013150      a_ia       690                           -0.00210403        16
   96378        0.00012902        om     41282     41283                  0.01070846        83
   96377        0.00012746        op     41282     41283                  0.01057886        83

  ==> Add operator: mvp2 -1: 35765 35766
  ==> Current qubit order: 0  1  2  3  4  5  8  9  10  11  12  13  14  15  16  17  19  20  21  22  23  28  34  35  18  25  29  24  74  75  31  42  46  33  67  52  48  43  59  56  47  30  87  86  45  37  71  32  26  66  39  89  70  27  69  53  68  54  49  62  44  63  55  36  92  60  40  51  7  57  93  88  41  61  76  6  58  77  50  82  38  84  85  80  73  72  64  65  78  79  81  83  90  91  94  95  96  97  98  99  100  101  102  103  104  105  106  107  108  109  110  111  


  ==> Energy                -307.736115100
  ==> dE                       -9.84e-06
  ==> Gradient Norm             1.50e-01
  ==> Abs. Max. Deriv.          1.75e-02
  ==> Time-Grad. (s)             162.248
  ==> Time-Energy (s)              5.639
  ==> Time-Iter. (s)             169.864

--------------------------------------------------------------------------------
CEO-ADAPT-VQE iteration: 118
--------------------------------------------------------------------------------
    gate        derivative      name       op1       op2       op3        g_unscaled   penalty
   91070        0.00028346        op     37187     37188                  0.01162171        41
   91071        0.00028335        om     37187     37188                  0.01161723        41
   80640        0.00025854        op     29295     29296                  0.02301047        89
   80641        0.00025854        om     29295     29296                  0.02301047        89
   29295        0.00021915    a_iajb     29295                            0.02301047       105
   76300        0.00020562        op     26011     26012                  0.01048665        51
   76301        0.00020468        om     26011     26012                  0.01043893        51
   37187        0.00020385    a_iajb     37187                            0.01161947        57
     397        0.00016006      a_ia       397                            0.00032012         2
     542        0.00015867      a_ia       542                            0.00031734         2

  ==> Add operator: mvp2 -1: 37187 37188
  ==> Current qubit order: 0  1  2  3  4  5  8  9  10  11  12  13  14  15  16  17  19  20  21  22  23  28  34  35  18  25  29  24  74  75  31  42  46  33  67  52  48  43  59  56  47  87  86  45  30  37  71  70  32  26  66  39  89  27  69  53  68  54  49  62  44  63  55  36  92  60  40  51  7  57  93  88  41  61  76  6  58  77  50  82  38  84  85  80  73  72  64  65  78  79  81  83  90  91  94  95  96  97  98  99  100  101  102  103  104  105  106  107  108  109  110  111  


  ==> Energy                -307.736135157
  ==> dE                       -2.01e-05
  ==> Gradient Norm             1.62e-01
  ==> Abs. Max. Deriv.          2.48e-02
  ==> Time-Grad. (s)             154.012
  ==> Time-Energy (s)              4.031
  ==> Time-Iter. (s)             160.068

--------------------------------------------------------------------------------
CEO-ADAPT-VQE iteration: 119
--------------------------------------------------------------------------------
    gate        derivative      name       op1       op2       op3        g_unscaled   penalty
   76318        0.00026497        op     26064     26065                  0.02040272        77
   76319        0.00026136        om     26064     26065                  0.02012448        77
   26064        0.00021789    a_iajb     26064                            0.02026360        93
     547        0.00016059      a_ia       547                            0.00032118         2
     400        0.00015777      a_ia       400                            0.00031554         2
     757       -0.00013224      a_ia       757                           -0.00026448         2
     704       -0.00013118      a_ia       704                           -0.00209881        16
   94142        0.00012708        op     39741     39743                  0.01435970       113
   94143        0.00012708        op     39741     39743                  0.01435970       113
   94138        0.00012618        op     39741     39742                  0.01425886       113

  ==> Add operator: mvp2 -1: 26064 26065
  ==> Current qubit order: 0  1  2  3  4  5  8  9  10  11  12  13  14  15  16  17  19  20  21  22  23  28  34  35  18  25  29  24  74  75  31  42  46  33  67  52  48  43  59  56  47  87  86  45  30  37  71  70  32  26  66  39  27  69  53  68  54  49  62  44  63  55  36  92  89  60  41  6  40  51  7  57  93  88  61  76  58  77  50  82  38  84  85  80  73  72  64  65  78  79  81  83  90  91  94  95  96  97  98  99  100  101  102  103  104  105  106  107  108  109  110  111  


  ==> Energy                -307.736198984
  ==> dE                       -6.38e-05
  ==> Gradient Norm             1.47e-01
  ==> Abs. Max. Deriv.          2.04e-02
  ==> Time-Grad. (s)             152.938
  ==> Time-Energy (s)              5.017
  ==> Time-Iter. (s)             160.007

--------------------------------------------------------------------------------
CEO-ADAPT-VQE iteration: 120
--------------------------------------------------------------------------------
    gate        derivative      name       op1       op2       op3        g_unscaled   penalty
   88401        0.00176797        om     35044     35045                  0.04773508        27
   88400        0.00176786        op     35044     35045                  0.04773232        27
   35044        0.00111009    a_iajb     35044                            0.04773370        43
   89422        0.00016240        op     35811     35812                  0.02289849       141
   89423        0.00016240        om     35811     35812                  0.02289849       141
     547        0.00016213      a_ia       547                            0.00032426         2
     400        0.00015869      a_ia       400                            0.00031738         2
   91486       -0.00014687        op     37374     37375                 -0.01365929        93
   91487       -0.00014613        om     37374     37375                 -0.01358995        93
   35811        0.00014585    a_iajb     35811                            0.02289849       157

  ==> Add operator: mvp2 -1: 35044 35045
  ==> Current qubit order: 0  1  2  3  4  5  8  9  10  11  12  13  14  15  16  17  19  20  21  22  23  28  34  35  18  29  25  24  74  75  31  42  46  33  67  52  48  43  59  56  47  87  86  45  30  37  71  70  32  26  66  39  27  69  53  68  54  49  62  44  63  55  36  92  89  60  41  6  40  51  7  57  93  88  61  76  58  77  50  82  38  84  85  80  73  72  64  65  78  79  81  83  90  91  94  95  96  97  98  99  100  101  102  103  104  105  106  107  108  109  110  111  


  ==> Energy                -307.736479051
  ==> dE                       -2.80e-04
  ==> Gradient Norm             1.71e-01
  ==> Abs. Max. Deriv.          4.77e-02
  ==> Time-Grad. (s)             152.225
  ==> Time-Energy (s)              4.133
  ==> Time-Iter. (s)             158.426

--------------------------------------------------------------------------------
CEO-ADAPT-VQE iteration: 121
--------------------------------------------------------------------------------
    gate        derivative      name       op1       op2       op3        g_unscaled   penalty
     551        0.00016254      a_ia       551                            0.00032509         2
     404        0.00015856      a_ia       404                            0.00031712         2
   96630        0.00015730        op     41452     41453                  0.01053924        67
   96631        0.00015589        om     41452     41453                  0.01044450        67
   93712        0.00014853        op     39272     39273                  0.01975429       133
   93713        0.00014853        om     39272     39273                  0.01975429       133
   93722        0.00013959        op     39278     39280                  0.01716957       123
   93723        0.00013959        op     39278     39280                  0.01716957       123
   93718        0.00013576        op     39278     39279                  0.01669831       123
   93719        0.00013576        op     39278     39279                  0.01669831       123

  ==> Add operator: a_ia 551
  ==> Current qubit order: 0  1  2  3  4  5  8  9  10  11  12  13  14  15  16  17  19  20  21  22  23  28  34  35  18  29  25  24  74  75  31  42  46  33  67  52  48  43  59  56  47  87  86  45  30  37  71  70  32  26  66  39  27  69  53  68  54  49  62  44  63  55  36  92  89  60  41  6  40  51  7  57  93  88  61  76  58  77  50  82  38  84  85  80  73  72  64  65  78  79  81  83  90  91  94  95  96  97  98  99  100  101  102  103  104  105  106  107  108  109  110  111  


  ==> Energy                -307.736479071
  ==> dE                       -2.06e-08
  ==> Gradient Norm             1.62e-01
  ==> Abs. Max. Deriv.          1.98e-02
  ==> Time-Grad. (s)             153.609
  ==> Time-Energy (s)              2.591
  ==> Time-Iter. (s)             158.403

--------------------------------------------------------------------------------
CEO-ADAPT-VQE iteration: 122
--------------------------------------------------------------------------------
    gate        derivative      name       op1       op2       op3        g_unscaled   penalty
   91649        0.00019167        om     37675     37676                  0.01399161        73
   91648        0.00019159        op     37675     37676                  0.01398586        73
   89293       -0.00018924        om     35907     35908                 -0.01419306        75
   89292       -0.00018760        op     35907     35908                 -0.01407036        75
   91253       -0.00016858        om     37369     37370                 -0.01062029        63
   91252       -0.00016858        op     37369     37370                 -0.01062029        63
     410        0.00015816      a_ia       410                            0.00031631         2
   37675        0.00015718    a_iajb     37675                            0.01398874        89
   35907       -0.00015529    a_iajb     35907                           -0.01413171        91
   89316        0.00014670        op     35925     35926                  0.01246979        85

  ==> Add operator: mvp2 -1: 37675 37676
  ==> Current qubit order: 0  1  2  3  4  5  8  9  10  11  12  13  14  15  16  17  19  20  21  22  23  28  34  35  18  29  25  24  31  42  46  67  74  75  33  32  52  48  43  59  56  47  87  86  45  30  37  71  70  26  66  39  27  69  53  68  54  49  62  44  63  55  36  92  89  60  41  6  40  51  7  57  93  88  61  76  58  77  50  82  38  84  85  80  73  72  64  65  78  79  81  83  90  91  94  95  96  97  98  99  100  101  102  103  104  105  106  107  108  109  110  111  


  ==> Energy                -307.736501640
  ==> dE                       -2.26e-05
  ==> Gradient Norm             1.53e-01
  ==> Abs. Max. Deriv.          1.93e-02
  ==> Time-Grad. (s)             152.371
  ==> Time-Energy (s)              4.325
  ==> Time-Iter. (s)             158.746

--------------------------------------------------------------------------------
CEO-ADAPT-VQE iteration: 123
--------------------------------------------------------------------------------
    gate        derivative      name       op1       op2       op3        g_unscaled   penalty
   95749       -0.00034522        op     40656     40657                 -0.01553469        45
   95750       -0.00034521        om     40656     40657                 -0.01553467        45
   40656       -0.00025467    a_iajb     40656                           -0.01553468        61
     413        0.00015817      a_ia       413                            0.00031633         2
     780       -0.00013467      a_ia       780                           -0.00026934         2
   94423       -0.00013122        op     39636     39637                 -0.01509015       115
   94424       -0.00013065        om     39636     39637                 -0.01502466       115
     726       -0.00013065      a_ia       726                           -0.00209033        16
   93321        0.00012793        op     38780     38781                  0.01624653       127
   93322        0.00012793        om     38780     38781                  0.01624653       127

  ==> Add operator: op -1: 40656 40657
  ==> Current qubit order: 0  1  2  3  4  5  8  9  10  11  12  13  14  15  16  17  19  20  21  22  23  28  34  35  18  29  25  24  31  42  46  67  74  75  33  32  52  43  59  56  47  48  87  86  45  30  37  71  70  26  66  39  27  69  53  68  54  49  62  44  63  55  36  92  89  60  41  6  40  51  7  57  93  88  61  76  58  77  50  82  38  84  85  80  73  72  64  65  78  79  81  83  90  91  94  95  96  97  98  99  100  101  102  103  104  105  106  107  108  109  110  111  


  ==> Energy                -307.736525338
  ==> dE                       -2.37e-05
  ==> Gradient Norm             1.66e-01
  ==> Abs. Max. Deriv.          1.83e-02
  ==> Time-Grad. (s)             153.837
  ==> Time-Energy (s)              2.921
  ==> Time-Iter. (s)             158.782

--------------------------------------------------------------------------------
CEO-ADAPT-VQE iteration: 124
--------------------------------------------------------------------------------
    gate        derivative      name       op1       op2       op3        g_unscaled   penalty
   94631        0.00030270        op     39744     39745                  0.01483222        49
   94632        0.00030022        om     39744     39745                  0.01471075        49
   94161        0.00024336        op     39379     39380                  0.00608395        25
   94162        0.00024336        op     39379     39380                  0.00608395        25
   94165        0.00024265        op     39379     39381                  0.00606620        25
   94166        0.00024265        op     39379     39381                  0.00606620        25
   39744        0.00022725    a_iajb     39744                            0.01477149        65
   91514       -0.00016533        om     37400     37401                 -0.01339206        81
   91513       -0.00016529        op     37400     37401                 -0.01338835        81
     414        0.00015802      a_ia       414                            0.00031605         2

  ==> Add operator: mvp2 -1: 39744 39745
  ==> Current qubit order: 0  1  2  3  4  5  8  9  10  11  12  13  14  15  16  17  19  20  21  22  23  28  34  35  18  29  25  24  31  42  46  67  74  75  33  32  52  43  59  56  47  48  87  86  45  30  37  71  70  26  66  39  27  69  53  68  54  49  62  44  63  55  36  92  89  60  6  51  7  41  40  88  77  57  93  61  76  58  50  82  38  84  85  80  73  72  64  65  78  79  81  83  90  91  94  95  96  97  98  99  100  101  102  103  104  105  106  107  108  109  110  111  


  ==> Energy                -307.736560560
  ==> dE                       -3.52e-05
  ==> Gradient Norm             1.48e-01
  ==> Abs. Max. Deriv.          2.04e-02
  ==> Time-Grad. (s)             151.840
  ==> Time-Energy (s)              4.486
  ==> Time-Iter. (s)             158.368

--------------------------------------------------------------------------------
CEO-ADAPT-VQE iteration: 125
--------------------------------------------------------------------------------
    gate        derivative      name       op1       op2       op3        g_unscaled   penalty
     628        0.00033545      a_ia       628                            0.00067090         2
     159       -0.00017055      a_ia       159                           -0.00136439         8
     416        0.00015646      a_ia       416                            0.00031292         2
     788       -0.00013477      a_ia       788                           -0.00026953         2
   89286        0.00013291        om     35749     35750                  0.01209505        91
   89285        0.00013224        op     35749     35750                  0.01203395        91
     734       -0.00013060      a_ia       734                           -0.00208965        16
   95710        0.00013018        om     40613     40614                  0.00715969        55
   95709        0.00013018        op     40613     40614                  0.00715969        55
   96491        0.00012505        op     41203     41204                  0.01813282       145

  ==> Add operator: a_ia 628
  ==> Current qubit order: 0  1  2  3  4  5  8  9  10  11  12  13  14  15  16  17  19  20  21  22  23  28  34  35  18  29  25  24  31  42  46  67  74  75  33  32  52  43  59  56  47  48  87  86  45  30  37  71  70  26  66  39  27  69  53  68  54  49  62  44  63  55  36  92  89  60  6  51  7  41  40  88  77  57  93  61  76  58  50  82  38  84  85  80  73  72  64  65  78  79  81  83  90  91  94  95  96  97  98  99  100  101  102  103  104  105  106  107  108  109  110  111  


  ==> Energy                -307.736571356
  ==> dE                       -1.08e-05
  ==> Gradient Norm             1.57e-01
  ==> Abs. Max. Deriv.          1.81e-02
  ==> Time-Grad. (s)             155.669
  ==> Time-Energy (s)            517.673
  ==> Time-Iter. (s)             675.377

--------------------------------------------------------------------------------
CEO-ADAPT-VQE iteration: 126
--------------------------------------------------------------------------------
    gate        derivative      name       op1       op2       op3        g_unscaled   penalty
     418        0.00022105      a_ia       418                            0.00044209         2
     630        0.00019036      a_ia       630                            0.00038072         2
     160       -0.00017138      a_ia       160                           -0.00137101         8
     791       -0.00013541      a_ia       791                           -0.00027081         2
     419        0.00013245      a_ia       419                            0.00026491         2
   80134        0.00013081        op     29038     29039                  0.01896723       145
   80135        0.00013081        om     29038     29039                  0.01896723       145
     737       -0.00013051      a_ia       737                           -0.00208818        16
   90691        0.00012384        om     37083     37084                  0.02588188       209
   90690        0.00012384        op     37083     37084                  0.02588188       209

  ==> Add operator: a_ia 418
  ==> Current qubit order: 0  1  2  3  4  5  8  9  10  11  12  13  14  15  16  17  19  20  21  22  23  28  34  35  18  29  25  24  31  42  46  67  74  75  33  32  52  43  59  56  47  48  87  86  45  30  37  71  70  26  66  39  27  69  53  68  54  49  62  44  63  55  36  92  89  60  6  51  7  41  40  88  77  57  93  61  76  58  50  82  38  84  85  80  73  72  64  65  78  79  81  83  90  91  94  95  96  97  98  99  100  101  102  103  104  105  106  107  108  109  110  111  


  ==> Energy                -307.736571423
  ==> dE                       -6.72e-08
  ==> Gradient Norm             1.55e-01
  ==> Abs. Max. Deriv.          2.59e-02
  ==> Time-Grad. (s)             157.496
  ==> Time-Energy (s)              2.494
  ==> Time-Iter. (s)             162.032

--------------------------------------------------------------------------------
CEO-ADAPT-VQE iteration: 127
--------------------------------------------------------------------------------
    gate        derivative      name       op1       op2       op3        g_unscaled   penalty
     633        0.00018962      a_ia       633                            0.00037923         2
     161       -0.00017060      a_ia       161                           -0.00136480         8
     795       -0.00013512      a_ia       795                           -0.00027024         2
     740       -0.00013054      a_ia       740                           -0.00208869        16
   89156       -0.00013007        op     35966     35967                 -0.01183677        91
   89157       -0.00012904        om     35966     35967                 -0.01174294        91
     422        0.00012898      a_ia       422                            0.00025797         2
   87935        0.00012028        om     35047     35048                  0.02489698       207
   87934        0.00012028        op     35047     35048                  0.02489698       207
   35047        0.00011165    a_iajb     35047                            0.02489698       223

  ==> Add operator: a_ia 633
  ==> Current qubit order: 0  1  2  3  4  5  8  9  10  11  12  13  14  15  16  17  19  20  21  22  23  28  34  35  18  29  25  24  31  42  46  67  74  75  33  32  52  43  59  56  47  48  87  86  45  30  37  71  70  26  66  39  27  69  53  68  54  49  62  44  63  55  36  92  89  60  6  51  7  41  40  88  77  57  93  61  76  58  50  82  38  84  85  80  73  72  64  65  78  79  81  83  90  91  94  95  96  97  98  99  100  101  102  103  104  105  106  107  108  109  110  111  


  ==> Energy                -307.736571451
  ==> dE                       -2.82e-08
  ==> Gradient Norm             1.52e-01
  ==> Abs. Max. Deriv.          2.49e-02
  ==> Time-Grad. (s)             157.929
  ==> Time-Energy (s)              2.274
  ==> Time-Iter. (s)             162.221

--------------------------------------------------------------------------------
CEO-ADAPT-VQE iteration: 128
--------------------------------------------------------------------------------
    gate        derivative      name       op1       op2       op3        g_unscaled   penalty
     161       -0.00016971      a_ia       161                           -0.00135770         8
   96102       -0.00016369        op     41195     41196                 -0.01031249        63
   96103       -0.00016369        op     41195     41196                 -0.01031249        63
   96106       -0.00016209        op     41195     41197                 -0.01021154        63
   96107       -0.00016209        op     41195     41197                 -0.01021154        63
     802       -0.00013482      a_ia       802                           -0.00026965         2
   41195       -0.00013072    a_iajb     41195                           -0.01032691        79
     746       -0.00013042      a_ia       746                           -0.00208666        16
     427        0.00012995      a_ia       427                            0.00025991         2
   94055       -0.00011495        om     39615     39616                 -0.01344925       117

  ==> Add operator: a_ia 161
  ==> Current qubit order: 0  1  2  3  4  5  8  9  10  11  12  13  14  15  16  17  19  20  21  22  23  28  34  35  18  29  25  24  31  42  46  67  74  75  33  32  52  43  59  56  47  48  87  86  45  30  37  71  70  26  66  39  27  69  53  68  54  49  62  44  63  55  36  92  60  6  51  89  7  41  40  88  77  57  93  61  76  58  50  82  38  84  85  80  73  72  64  65  78  79  81  83  90  91  94  95  96  97  98  99  100  101  102  103  104  105  106  107  108  109  110  111  


  ==> Energy                -307.736571747
  ==> dE                       -2.96e-07
  ==> Gradient Norm             1.45e-01
  ==> Abs. Max. Deriv.          1.41e-02
  ==> Time-Grad. (s)             154.755
  ==> Time-Energy (s)              2.742
  ==> Time-Iter. (s)             159.636

--------------------------------------------------------------------------------
CEO-ADAPT-VQE iteration: 129
--------------------------------------------------------------------------------
    gate        derivative      name       op1       op2       op3        g_unscaled   penalty
     808       -0.00013471      a_ia       808                           -0.00026943         2
     432        0.00013144      a_ia       432                            0.00026287         2
     752       -0.00013032      a_ia       752                           -0.00208507        16
   91079       -0.00012653        op     37449     37450                 -0.01784040       141
   91080       -0.00012653        om     37449     37450                 -0.01784040       141
   37449       -0.00011363    a_iajb     37449                           -0.01784040       157
   88932        0.00010332        om     35817     35818                  0.01291562       125
   89457        0.00010267        op     36222     36224                  0.01632417       159
   89458        0.00010267        op     36222     36224                  0.01632417       159
   89453        0.00010247        op     36222     36223                  0.01629272       159

  ==> Add operator: a_ia 808
  ==> Current qubit order: 0  1  2  3  4  5  8  9  10  11  12  13  14  15  16  17  19  20  21  22  23  28  34  35  18  29  25  24  31  42  46  67  74  75  33  32  52  43  59  56  47  48  87  86  45  30  37  71  70  26  66  39  27  69  53  68  54  49  62  44  63  55  36  92  60  6  51  89  7  41  40  88  77  57  93  61  76  58  50  82  38  84  85  80  73  72  64  65  78  79  81  83  90  91  94  95  96  97  98  99  100  101  102  103  104  105  106  107  108  109  110  111  


  ==> Energy                -307.736571791
  ==> dE                       -4.40e-08
  ==> Gradient Norm             1.63e-01
  ==> Abs. Max. Deriv.          1.78e-02
  ==> Time-Grad. (s)             164.162
  ==> Time-Energy (s)              2.808
  ==> Time-Iter. (s)             169.016

--------------------------------------------------------------------------------
CEO-ADAPT-VQE iteration: 130
--------------------------------------------------------------------------------
    gate        derivative      name       op1       op2       op3        g_unscaled   penalty
   93343        0.00032644        op     39371     39372                  0.01207820        37
   93344        0.00032432        om     39371     39372                  0.01199997        37
     422        0.00027977      a_ia       422                            0.00279771        10
   39371        0.00022715    a_iajb     39371                            0.01203909        53
   88606       -0.00022043        om     35803     35804                 -0.01080113        49
   88605       -0.00022029        op     35803     35804                 -0.01079401        49
   88911       -0.00016893        op     36036     36038                 -0.00726409        43
   88912       -0.00016893        op     36036     36038                 -0.00726409        43
   88907       -0.00016748        op     36036     36037                 -0.00720146        43
   88908       -0.00016748        op     36036     36037                 -0.00720146        43

  ==> Add operator: mvp2 -1: 39371 39372
  ==> Current qubit order: 0  1  2  3  4  5  8  9  10  11  12  13  14  15  16  17  19  20  21  22  23  28  34  35  18  29  25  24  31  42  46  67  74  75  33  32  52  43  59  56  47  48  87  86  45  30  37  71  70  26  66  27  39  69  68  44  53  54  49  62  63  55  36  92  60  6  51  89  7  41  40  88  77  57  93  61  76  58  50  82  38  84  85  80  73  72  64  65  78  79  81  83  90  91  94  95  96  97  98  99  100  101  102  103  104  105  106  107  108  109  110  111  


  ==> Energy                -307.736608203
  ==> dE                       -3.64e-05
  ==> Gradient Norm             1.51e-01
  ==> Abs. Max. Deriv.          1.54e-02
  ==> Time-Grad. (s)             155.068
  ==> Time-Energy (s)              4.846
  ==> Time-Iter. (s)             161.962

--------------------------------------------------------------------------------
CEO-ADAPT-VQE iteration: 131
--------------------------------------------------------------------------------
    gate        derivative      name       op1       op2       op3        g_unscaled   penalty
     423        0.00028003      a_ia       423                            0.00280027        10
   87188       -0.00024426        om     34818     34819                 -0.02173906        89
   87187       -0.00024418        op     34818     34819                 -0.02173193        89
   34818       -0.00020700    a_iajb     34818                           -0.02173549       105
     697       -0.00014733      a_ia       697                           -0.00029467         2
     764       -0.00013039      a_ia       764                           -0.00208624        16
     440        0.00012846      a_ia       440                            0.00025692         2
   93691        0.00012173        op     39717     39718                  0.01010356        83
   93692        0.00012000        om     39717     39718                  0.00996015        83
   90263       -0.00011919        op     37081     37082                 -0.01013124        85

  ==> Add operator: a_ia 423
  ==> Current qubit order: 0  1  2  3  4  5  8  9  10  11  12  13  14  15  16  17  19  20  21  22  23  28  34  35  18  29  24  31  42  46  25  67  74  75  33  32  52  43  59  56  47  48  87  86  45  30  37  71  70  26  66  27  39  69  68  44  53  54  49  62  63  55  36  92  60  6  51  89  7  41  40  88  77  57  93  61  76  58  50  82  38  84  85  80  73  72  64  65  78  79  81  83  90  91  94  95  96  97  98  99  100  101  102  103  104  105  106  107  108  109  110  111  


  ==> Energy                -307.736610936
  ==> dE                       -2.73e-06
  ==> Gradient Norm             1.46e-01
  ==> Abs. Max. Deriv.          2.17e-02
  ==> Time-Grad. (s)             156.743
  ==> Time-Energy (s)              2.356
  ==> Time-Iter. (s)             161.155

--------------------------------------------------------------------------------
CEO-ADAPT-VQE iteration: 132
--------------------------------------------------------------------------------
    gate        derivative      name       op1       op2       op3        g_unscaled   penalty
     703       -0.00014115      a_ia       703                           -0.00028230         2
     445        0.00013576      a_ia       445                            0.00027151         2
     772       -0.00012911      a_ia       772                           -0.00206579        16
   93260        0.00012700        op     39440     39441                  0.01028725        81
   93261        0.00012512        om     39440     39441                  0.01013505        81
     659        0.00011524      a_ia       659                            0.00161342        14
   87128        0.00010719        op     34763     34764                  0.01082659       101
   87129        0.00010651        om     34763     34764                  0.01075726       101
   39440        0.00010527    a_iajb     39440                            0.01021115        97
   88700        0.00009997        op     35951     35952                  0.01289620       129

  ==> Add operator: a_ia 703
  ==> Current qubit order: 0  1  2  3  4  5  8  9  10  11  12  13  14  15  16  17  19  20  21  22  23  28  34  35  18  29  24  31  42  46  25  67  74  75  33  32  52  43  59  56  47  48  87  86  45  30  37  71  70  26  66  27  39  69  68  44  53  54  49  62  63  55  36  92  60  6  51  89  7  41  40  88  77  57  93  61  76  58  50  82  38  84  85  80  73  72  64  65  78  79  81  83  90  91  94  95  96  97  98  99  100  101  102  103  104  105  106  107  108  109  110  111  


  ==> Energy                -307.736610978
  ==> dE                       -4.14e-08
  ==> Gradient Norm             1.58e-01
  ==> Abs. Max. Deriv.          1.68e-02
  ==> Time-Grad. (s)             282.491
  ==> Time-Energy (s)              2.429
  ==> Time-Iter. (s)             286.997

--------------------------------------------------------------------------------
CEO-ADAPT-VQE iteration: 133
--------------------------------------------------------------------------------
    gate        derivative      name       op1       op2       op3        g_unscaled   penalty
     448        0.00013699      a_ia       448                            0.00027399         2
     778       -0.00012905      a_ia       778                           -0.00206474        16
   89110        0.00012179        op     36190     36191                  0.01205718        99
   89111        0.00012179        om     36190     36191                  0.01205718        99
     664        0.00011536      a_ia       664                            0.00161501        14
   93128       -0.00010959        op     39182     39183                 -0.00602769        55
   93129       -0.00010959        op     39182     39183                 -0.00602769        55
   93132       -0.00010950        op     39182     39184                 -0.00602243        55
   93133       -0.00010950        op     39182     39184                 -0.00602243        55
   36190        0.00010485    a_iajb     36190                            0.01205718       115

  ==> Add operator: a_ia 448
  ==> Current qubit order: 0  1  2  3  4  5  8  9  10  11  12  13  14  15  16  17  19  20  21  22  23  28  34  35  18  29  24  31  42  46  25  67  74  75  33  32  52  43  59  56  47  48  87  86  45  30  37  71  70  26  66  27  39  69  68  44  53  54  49  62  63  55  36  92  60  6  51  89  7  41  40  88  77  57  93  61  76  58  50  82  38  84  85  80  73  72  64  65  78  79  81  83  90  91  94  95  96  97  98  99  100  101  102  103  104  105  106  107  108  109  110  111  


  ==> Energy                -307.736610998
  ==> dE                       -2.02e-08
  ==> Gradient Norm             1.46e-01
  ==> Abs. Max. Deriv.          2.06e-02
  ==> Time-Grad. (s)             308.924
  ==> Time-Energy (s)              1.816
  ==> Time-Iter. (s)             312.793

--------------------------------------------------------------------------------
CEO-ADAPT-VQE iteration: 134
--------------------------------------------------------------------------------
    gate        derivative      name       op1       op2       op3        g_unscaled   penalty
   93074       -0.00018173        op     39434     39436                 -0.02925927       161
   93075       -0.00018173        op     39434     39436                 -0.02925927       161
   93070       -0.00017998        op     39434     39435                 -0.02897604       161
   93071       -0.00017998        op     39434     39435                 -0.02897604       161
   74605        0.00016562        om     25336     25337                  0.00977130        59
   74604        0.00016556        op     25336     25337                  0.00976822        59
   39434       -0.00016323    a_iajb     39434                           -0.02889145       177
   92122       -0.00014641        op     38693     38694                 -0.01537316       105
   92123       -0.00014493        om     38693     38694                 -0.01521791       105
   25336        0.00013026    a_iajb     25336                            0.00976976        75

  ==> Add operator: mvp3 -1: 39434 39435 39436
  ==> Current qubit order: 0  1  2  3  4  5  8  9  10  11  12  13  14  15  16  17  19  20  21  22  23  28  34  35  18  29  24  31  42  46  25  67  74  75  33  32  52  43  59  56  47  48  86  30  37  71  70  26  66  27  69  68  44  53  54  87  45  39  81  49  62  63  55  36  92  60  6  51  89  7  41  40  88  77  57  93  61  76  58  50  82  38  84  85  80  73  72  64  65  78  79  83  90  91  94  95  96  97  98  99  100  101  102  103  104  105  106  107  108  109  110  111  


  ==> Energy                -307.736829931
  ==> dE                       -2.19e-04
  ==> Gradient Norm             1.57e-01
  ==> Abs. Max. Deriv.          2.93e-02
  ==> Time-Grad. (s)             286.264
  ==> Time-Energy (s)              6.463
  ==> Time-Iter. (s)             294.787

--------------------------------------------------------------------------------
CEO-ADAPT-VQE iteration: 135
--------------------------------------------------------------------------------
    gate        derivative      name       op1       op2       op3        g_unscaled   penalty
     773       -0.00042219      a_ia       773                           -0.00084439         2
     637        0.00028716      a_ia       637                            0.00057431         2
     726        0.00023427      a_ia       726                            0.00234265        10
     761       -0.00019049      a_ia       761                           -0.00038098         2
   87480       -0.00016816        op     35062     35063                 -0.01160313        69
   87481       -0.00016723        om     35062     35063                 -0.01153857        69
   93240       -0.00015735        op     39421     39422                 -0.01274524        81
   93241       -0.00015562        om     39421     39422                 -0.01260562        81
   35062       -0.00013613    a_iajb     35062                           -0.01157085        85
   39421       -0.00013067    a_iajb     39421                           -0.01267543        97

  ==> Add operator: a_ia 773
  ==> Current qubit order: 0  1  2  3  4  5  8  9  10  11  12  13  14  15  16  17  19  20  21  22  23  28  34  35  18  29  24  31  42  46  25  67  74  75  33  32  52  43  59  56  47  48  86  30  37  71  70  26  66  27  69  68  44  53  54  87  45  39  81  49  62  63  55  36  92  60  6  51  89  7  41  40  88  77  57  93  61  76  58  50  82  38  84  85  80  73  72  64  65  78  79  83  90  91  94  95  96  97  98  99  100  101  102  103  104  105  106  107  108  109  110  111  


  ==> Energy                -307.736830107
  ==> dE                       -1.75e-07
  ==> Gradient Norm             1.51e-01
  ==> Abs. Max. Deriv.          1.36e-02
  ==> Time-Grad. (s)             155.108
  ==> Time-Energy (s)              2.147
  ==> Time-Iter. (s)             159.280

--------------------------------------------------------------------------------
CEO-ADAPT-VQE iteration: 136
--------------------------------------------------------------------------------
    gate        derivative      name       op1       op2       op3        g_unscaled   penalty
     641        0.00028713      a_ia       641                            0.00057426         2
     731        0.00023435      a_ia       731                            0.00234351        10
     766       -0.00019097      a_ia       766                           -0.00038194         2
   92327        0.00019072        op     38896     38897                  0.02765404       145
   92328        0.00018992        om     38896     38897                  0.02753803       145
   38896        0.00017140    a_iajb     38896                            0.02759604       161
   92661       -0.00016097        op     39152     39153                 -0.00659977        41
   92662       -0.00015966        om     39152     39153                 -0.00654597        41
     475       -0.00012901      a_ia       475                           -0.00025801         2
     790       -0.00012900      a_ia       790                           -0.00206399        16

  ==> Add operator: a_ia 641
  ==> Current qubit order: 0  1  2  3  4  5  8  9  10  11  12  13  14  15  16  17  19  20  21  22  23  28  34  35  18  29  24  31  42  46  25  67  74  75  33  32  52  43  59  56  47  48  86  30  37  71  70  26  66  27  69  68  44  53  54  87  45  39  81  49  62  63  55  36  92  60  6  51  89  7  41  40  88  77  57  93  61  76  58  50  82  38  84  85  80  73  72  64  65  78  79  83  90  91  94  95  96  97  98  99  100  101  102  103  104  105  106  107  108  109  110  111  


  ==> Energy                -307.736880654
  ==> dE                       -5.05e-05
  ==> Gradient Norm             1.54e-01
  ==> Abs. Max. Deriv.          2.77e-02
  ==> Time-Grad. (s)             156.935
  ==> Time-Energy (s)              2.720
  ==> Time-Iter. (s)             161.730

--------------------------------------------------------------------------------
CEO-ADAPT-VQE iteration: 137
--------------------------------------------------------------------------------
    gate        derivative      name       op1       op2       op3        g_unscaled   penalty
     737        0.00023742      a_ia       737                            0.00237422        10
   93237       -0.00016546        op     39499     39501                 -0.01373322        83
   93238       -0.00016546        op     39499     39501                 -0.01373322        83
   93233       -0.00016497        op     39499     39500                 -0.01369266        83
   93234       -0.00016497        op     39499     39500                 -0.01369266        83
     773       -0.00015104      a_ia       773                           -0.00030208         2
   75794        0.00014351        om     26247     26248                  0.00617107        43
   75793        0.00014218        op     26247     26248                  0.00611374        43
   39499       -0.00013803    a_iajb     39499                           -0.01366497        99
     480       -0.00013108      a_ia       480                           -0.00026216         2

  ==> Add operator: a_ia 737
  ==> Current qubit order: 0  1  2  3  4  5  8  9  10  11  12  13  14  15  16  17  19  20  21  22  23  28  34  35  18  29  24  31  42  46  25  67  74  75  33  32  52  43  59  56  47  48  86  30  37  71  70  26  66  27  69  68  44  53  54  87  39  81  49  62  45  63  55  36  92  60  6  51  89  7  41  40  88  77  57  93  61  76  58  50  82  38  84  85  80  73  72  64  65  78  79  83  90  91  94  95  96  97  98  99  100  101  102  103  104  105  106  107  108  109  110  111  


  ==> Energy                -307.736883008
  ==> dE                       -2.35e-06
  ==> Gradient Norm             1.54e-01
  ==> Abs. Max. Deriv.          1.64e-02
  ==> Time-Grad. (s)             157.019
  ==> Time-Energy (s)              2.032
  ==> Time-Iter. (s)             161.081

--------------------------------------------------------------------------------
CEO-ADAPT-VQE iteration: 138
--------------------------------------------------------------------------------
    gate        derivative      name       op1       op2       op3        g_unscaled   penalty
     779       -0.00014692      a_ia       779                           -0.00029384         2
     803       -0.00012915      a_ia       803                           -0.00206635        16
     485       -0.00012675      a_ia       485                           -0.00025350         2
   95359        0.00012594        om     41048     41049                  0.01070503        85
   95358        0.00012441        op     41048     41049                  0.01057502        85
   93624       -0.00012378        op     39745     39747                 -0.01250196       101
   93625       -0.00012378        op     39745     39747                 -0.01250196       101
   93620       -0.00012235        op     39745     39746                 -0.01235703       101
   93621       -0.00012235        op     39745     39746                 -0.01235703       101
   88786        0.00012154        op     36024     36025                  0.01932475       159

  ==> Add operator: a_ia 779
  ==> Current qubit order: 0  1  2  3  4  5  8  9  10  11  12  13  14  15  16  17  19  20  21  22  23  28  34  35  18  29  24  31  42  46  25  67  74  75  33  32  52  43  59  56  47  48  86  30  37  71  70  26  66  27  69  68  44  53  54  87  39  81  49  62  45  63  55  36  92  60  6  51  89  7  41  40  88  77  57  93  61  76  58  50  82  38  84  85  80  73  72  64  65  78  79  83  90  91  94  95  96  97  98  99  100  101  102  103  104  105  106  107  108  109  110  111  


  ==> Energy                -307.736883043
  ==> dE                       -3.44e-08
  ==> Gradient Norm             1.51e-01
  ==> Abs. Max. Deriv.          1.93e-02
  ==> Time-Grad. (s)             265.234
  ==> Time-Energy (s)              3.004
  ==> Time-Iter. (s)             270.267

--------------------------------------------------------------------------------
CEO-ADAPT-VQE iteration: 139
--------------------------------------------------------------------------------
    gate        derivative      name       op1       op2       op3        g_unscaled   penalty
   89857        0.00030168        op     36823     36824                  0.02021273        67
   89858        0.00030143        om     36823     36824                  0.02019612        67
   94056        0.00026106        om     40076     40077                  0.01853493        71
   94055        0.00026090        op     40076     40077                  0.01852356        71
   36823        0.00024343    a_iajb     36823                            0.02020443        83
   40076        0.00021298    a_iajb     40076                            0.01852924        87
   88186        0.00020618        om     35580     35581                  0.01670031        81
   88185        0.00020214        op     35580     35581                  0.01637346        81
   88021        0.00019817        op     35449     35450                  0.02080809       105
   88022        0.00019815        om     35449     35450                  0.02080570       105

  ==> Add operator: mvp2 -1: 36823 36824
  ==> Current qubit order: 0  1  2  3  4  5  8  9  10  11  12  13  14  15  16  17  19  20  21  22  23  28  34  35  18  29  24  42  46  25  67  33  32  31  74  75  30  52  43  59  56  47  48  86  37  71  70  26  66  27  69  68  44  53  54  87  39  81  49  62  45  63  55  36  92  60  6  51  89  7  41  40  88  77  57  93  61  76  58  50  82  38  84  85  80  73  72  64  65  78  79  83  90  91  94  95  96  97  98  99  100  101  102  103  104  105  106  107  108  109  110  111  


  ==> Energy                -307.736935958
  ==> dE                       -5.29e-05
  ==> Gradient Norm             1.63e-01
  ==> Abs. Max. Deriv.          2.28e-02
  ==> Time-Grad. (s)             147.987
  ==> Time-Energy (s)              4.703
  ==> Time-Iter. (s)             154.736

--------------------------------------------------------------------------------
CEO-ADAPT-VQE iteration: 140
--------------------------------------------------------------------------------
    gate        derivative      name       op1       op2       op3        g_unscaled   penalty
     796       -0.00029702      a_ia       796                           -0.00178214         6
   95749        0.00027345        om     41212     41213                  0.04129140       151
   95748        0.00027317        op     41212     41213                  0.04124890       151
   74691        0.00027135        om     25296     25297                  0.01438178        53
   74690        0.00026862        op     25296     25297                  0.01423684        53
   41212        0.00024713    a_iajb     41212                            0.04127015       167
   25296        0.00020738    a_iajb     25296                            0.01430931        69
   92458        0.00020348        op     38705     38706                  0.01526133        75
   92459        0.00020191        om     38705     38706                  0.01514288        75
   38705        0.00016706    a_iajb     38705                            0.01520210        91

  ==> Add operator: a_ia 796
  ==> Current qubit order: 0  1  2  3  4  5  8  9  10  11  12  13  14  15  16  17  19  20  21  22  23  28  34  35  18  29  24  42  46  25  67  33  32  31  74  75  30  52  43  59  56  47  48  86  37  71  70  26  66  27  69  68  44  53  54  87  39  81  62  45  49  63  55  36  92  60  6  51  89  7  41  40  88  77  57  93  61  76  58  50  82  38  84  85  80  73  72  64  65  78  79  83  90  91  94  95  96  97  98  99  100  101  102  103  104  105  106  107  108  109  110  111  


  ==> Energy                -307.736937188
  ==> dE                       -1.23e-06
  ==> Gradient Norm             1.61e-01
  ==> Abs. Max. Deriv.          4.13e-02
  ==> Time-Grad. (s)             156.185
  ==> Time-Energy (s)              2.809
  ==> Time-Iter. (s)             161.010

--------------------------------------------------------------------------------
CEO-ADAPT-VQE iteration: 141
--------------------------------------------------------------------------------
    gate        derivative      name       op1       op2       op3        g_unscaled   penalty
     479       -0.00013120      a_ia       479                           -0.00104959         8
     819       -0.00013016      a_ia       819                           -0.00208250        16
   93341        0.00012848        op     39590     39591                  0.01014966        79
   93342        0.00012848        op     39590     39591                  0.01014966        79
   93345        0.00012771        op     39590     39592                  0.01008925        79
   93346        0.00012771        op     39590     39592                  0.01008925        79
     495       -0.00012284      a_ia       495                           -0.00024568         2
     580        0.00012130      a_ia       580                            0.00024260         2
     698        0.00012114      a_ia       698                            0.00169589        14
   75264        0.00011580        om     25739     25740                  0.01146448        99

  ==> Add operator: a_ia 479
  ==> Current qubit order: 0  1  2  3  4  5  8  9  10  11  12  13  14  15  16  17  19  20  21  22  23  28  34  35  18  29  24  42  46  25  67  33  32  31  74  75  30  52  43  59  56  47  48  37  71  70  86  26  66  27  69  68  44  53  54  87  39  81  62  45  49  63  55  36  92  60  6  51  89  7  41  40  88  77  57  93  61  76  58  50  82  38  84  85  80  73  72  64  65  78  79  83  90  91  94  95  96  97  98  99  100  101  102  103  104  105  106  107  108  109  110  111  


  ==> Energy                -307.736937427
  ==> dE                       -2.39e-07
  ==> Gradient Norm             1.44e-01
  ==> Abs. Max. Deriv.          1.36e-02
  ==> Time-Grad. (s)             154.721
  ==> Time-Energy (s)              2.206
  ==> Time-Iter. (s)             158.970

--------------------------------------------------------------------------------
CEO-ADAPT-VQE iteration: 142
--------------------------------------------------------------------------------
    gate        derivative      name       op1       op2       op3        g_unscaled   penalty
   88488       -0.00019429        op     35638     35639                 -0.01029726        53
   88489       -0.00019338        om     35638     35639                 -0.01024896        53
   89089       -0.00018057        om     36088     36089                 -0.01101507        61
   89088       -0.00018057        op     36088     36089                 -0.01101503        61
   35638       -0.00014889    a_iajb     35638                           -0.01027311        69
   36088       -0.00014305    a_iajb     36088                           -0.01101505        77
   88021        0.00014212        om     35290     35291                  0.02202863       155
   88020        0.00014157        op     35290     35291                  0.02194329       155
     823       -0.00013006      a_ia       823                           -0.00208091        16
   35290        0.00012857    a_iajb     35290                            0.02198596       171

  ==> Add operator: mvp2 -1: 35638 35639
  ==> Current qubit order: 0  1  2  3  4  5  8  9  10  11  12  13  14  15  16  17  19  20  21  22  23  28  34  35  18  29  24  42  46  25  67  33  32  31  74  75  30  52  43  59  56  47  48  37  71  70  86  27  69  68  26  66  39  81  44  53  54  87  62  45  49  63  55  36  92  60  6  51  89  7  41  40  88  77  57  93  61  76  58  50  82  38  84  85  80  73  72  64  65  78  79  83  90  91  94  95  96  97  98  99  100  101  102  103  104  105  106  107  108  109  110  111  


  ==> Energy                -307.736952923
  ==> dE                       -1.55e-05
  ==> Gradient Norm             1.59e-01
  ==> Abs. Max. Deriv.          2.20e-02
  ==> Time-Grad. (s)             157.445
  ==> Time-Energy (s)              4.543
  ==> Time-Iter. (s)             164.041

--------------------------------------------------------------------------------
CEO-ADAPT-VQE iteration: 143
--------------------------------------------------------------------------------
    gate        derivative      name       op1       op2       op3        g_unscaled   penalty
   93029        0.00040168        op     39413     39414                  0.01566566        39
   93030        0.00040094        om     39413     39414                  0.01563681        39
   39413        0.00028457    a_iajb     39413                            0.01565124        55
   88525       -0.00016167        op     35965     35966                 -0.01309536        81
   88526       -0.00016055        om     35965     35966                 -0.01300415        81
     678       -0.00013568      a_ia       678                           -0.00027136         2
   35965       -0.00013453    a_iajb     35965                           -0.01304976        97
     826       -0.00013010      a_ia       826                           -0.00208164        16
     499       -0.00012453      a_ia       499                           -0.00024907         2
     584        0.00012164      a_ia       584                            0.00024328         2

  ==> Add operator: mvp2 -1: 39413 39414
  ==> Current qubit order: 0  1  2  3  4  5  8  9  10  11  12  13  14  15  16  17  19  20  21  22  23  28  34  35  18  29  24  42  46  25  67  33  32  31  74  75  30  52  43  59  56  47  48  37  71  70  86  27  69  68  26  66  39  81  44  53  54  87  62  45  49  63  55  36  60  6  92  89  41  40  51  7  88  77  57  93  61  76  58  50  82  38  84  85  80  73  72  64  65  78  79  83  90  91  94  95  96  97  98  99  100  101  102  103  104  105  106  107  108  109  110  111  


  ==> Energy                -307.736977368
  ==> dE                       -2.44e-05
  ==> Gradient Norm             1.51e-01
  ==> Abs. Max. Deriv.          1.74e-02
  ==> Time-Grad. (s)             296.205
  ==> Time-Energy (s)              5.988
  ==> Time-Iter. (s)             304.392

--------------------------------------------------------------------------------
CEO-ADAPT-VQE iteration: 144
--------------------------------------------------------------------------------
    gate        derivative      name       op1       op2       op3        g_unscaled   penalty
     710        0.00031858      a_ia       710                            0.00191151         6
   93868        0.00031732        op     39607     39608                  0.03078016        97
   93869        0.00031727        om     39607     39608                  0.03077508        97
   39607        0.00027237    a_iajb     39607                            0.03077762       113
   94924       -0.00026807        op     40390     40391                 -0.01420758        53
   94925       -0.00026312        om     40390     40391                 -0.01394539        53
   40390       -0.00020401    a_iajb     40390                           -0.01407648        69
     651       -0.00016590      a_ia       651                           -0.00165903        10
   88519        0.00015407        om     35568     35569                  0.01247978        81
   88518        0.00014713        op     35568     35569                  0.01191720        81

  ==> Add operator: a_ia 710
  ==> Current qubit order: 0  1  2  3  4  5  8  9  10  11  12  13  14  15  16  17  19  20  21  22  23  28  34  35  18  29  24  42  46  25  67  33  32  31  74  75  30  52  43  59  56  47  48  37  71  70  86  27  69  68  26  66  39  81  44  53  54  87  62  45  49  63  55  36  60  6  89  41  92  40  51  7  88  77  57  93  61  76  58  50  82  38  84  85  80  73  72  64  65  78  79  83  90  91  94  95  96  97  98  99  100  101  102  103  104  105  106  107  108  109  110  111  


  ==> Energy                -307.736978011
  ==> dE                       -6.43e-07
  ==> Gradient Norm             1.51e-01
  ==> Abs. Max. Deriv.          3.08e-02
  ==> Time-Grad. (s)             166.614
  ==> Time-Energy (s)              2.407
  ==> Time-Iter. (s)             171.962

--------------------------------------------------------------------------------
CEO-ADAPT-VQE iteration: 145
--------------------------------------------------------------------------------
    gate        derivative      name       op1       op2       op3        g_unscaled   penalty
   94656        0.00024071        om     40341     40342                  0.01853504        77
   94655        0.00024057        op     40341     40342                  0.01852365        77
   40341        0.00019924    a_iajb     40341                            0.01852934        93
     655       -0.00016547      a_ia       655                           -0.00165469        10
   94650        0.00013901        om     40335     40336                  0.00681154        49
   94649        0.00013891        op     40335     40336                  0.00680645        49
     689       -0.00013223      a_ia       689                           -0.00026447         2
     839       -0.00012996      a_ia       839                           -0.00207943        16
   92435        0.00012465        op     38631     38632                  0.01258951       101
   92436        0.00012465        om     38631     38632                  0.01258951       101

  ==> Add operator: mvp2 -1: 40341 40342
  ==> Current qubit order: 0  1  2  3  4  5  8  9  10  11  12  13  14  15  16  17  19  20  21  22  23  28  34  35  18  29  24  42  46  25  67  33  32  31  74  75  30  52  43  59  56  47  48  37  71  70  86  27  69  68  26  66  39  81  53  54  87  62  49  63  55  36  44  45  92  93  60  6  89  41  40  51  7  88  77  57  61  76  58  50  82  38  84  85  80  73  72  64  65  78  79  83  90  91  94  95  96  97  98  99  100  101  102  103  104  105  106  107  108  109  110  111  


  ==> Energy                -307.737016866
  ==> dE                       -3.89e-05
  ==> Gradient Norm             1.50e-01
  ==> Abs. Max. Deriv.          1.85e-02
  ==> Time-Grad. (s)             158.646
  ==> Time-Energy (s)              4.341
  ==> Time-Iter. (s)             165.773

--------------------------------------------------------------------------------
CEO-ADAPT-VQE iteration: 146
--------------------------------------------------------------------------------
    gate        derivative      name       op1       op2       op3        g_unscaled   penalty
     658       -0.00016544      a_ia       658                           -0.00165444        10
     692       -0.00013222      a_ia       692                           -0.00026444         2
     843       -0.00012996      a_ia       843                           -0.00207938        16
     595        0.00012421      a_ia       595                            0.00024843         2
     857        0.00012156      a_ia       857                            0.00072934         6
     508       -0.00011670      a_ia       508                           -0.00023339         2
     565       -0.00011209      a_ia       565                           -0.00134514        12
     538        0.00010265      a_ia       538                            0.00102649        10
   88438        0.00009893        op     35624     35625                  0.01236610       125
   88439        0.00009886        om     35624     35625                  0.01235794       125

  ==> Add operator: a_ia 658
  ==> Current qubit order: 0  1  2  3  4  5  8  9  10  11  12  13  14  15  16  17  19  20  21  22  23  28  34  35  18  29  24  42  46  25  67  33  32  31  74  75  30  52  43  59  56  47  48  71  70  86  27  37  69  68  26  66  39  81  53  54  87  62  49  63  55  36  44  45  92  93  60  6  89  41  40  51  7  88  77  57  61  76  58  50  82  38  84  85  80  73  72  64  65  78  79  83  90  91  94  95  96  97  98  99  100  101  102  103  104  105  106  107  108  109  110  111  


  ==> Energy                -307.737017909
  ==> dE                       -1.04e-06
  ==> Gradient Norm             1.44e-01
  ==> Abs. Max. Deriv.          1.40e-02
  ==> Time-Grad. (s)             172.806
  ==> Time-Energy (s)              3.357
  ==> Time-Iter. (s)             178.947

--------------------------------------------------------------------------------
CEO-ADAPT-VQE iteration: 147
--------------------------------------------------------------------------------
    gate        derivative      name       op1       op2       op3        g_unscaled   penalty
   89057       -0.00030160        om     36053     36054                 -0.02563589        85
   89056       -0.00029813        op     36053     36054                 -0.02534088        85
   36053       -0.00025236    a_iajb     36053                           -0.02548838       101
   93739       -0.00019783        om     39568     39569                 -0.01760669        89
   93738       -0.00019695        op     39568     39569                 -0.01752842        89
   39568       -0.00016731    a_iajb     39568                           -0.01756755       105
   93466        0.00013700        op     39371     39372                  0.00945295        69
   93467        0.00013665        om     39371     39372                  0.00942861        69
     844       -0.00012954      a_ia       844                           -0.00207269        16
     693       -0.00012753      a_ia       693                           -0.00025507         2

  ==> Add operator: mvp2 -1: 36053 36054
  ==> Current qubit order: 0  1  2  3  4  5  8  9  10  11  12  13  14  15  16  17  19  20  21  22  23  28  34  35  18  29  24  42  46  25  67  33  32  31  74  75  30  52  43  59  56  47  48  71  70  37  69  68  26  66  86  27  87  36  39  81  53  54  62  49  63  55  44  45  92  93  60  6  89  41  40  51  7  88  77  57  61  76  58  50  82  38  84  85  80  73  72  64  65  78  79  83  90  91  94  95  96  97  98  99  100  101  102  103  104  105  106  107  108  109  110  111  


  ==> Energy                -307.737135512
  ==> dE                       -1.18e-04
  ==> Gradient Norm             1.65e-01
  ==> Abs. Max. Deriv.          2.56e-02
  ==> Time-Grad. (s)             280.832
  ==> Time-Energy (s)              4.172
  ==> Time-Iter. (s)             287.699

--------------------------------------------------------------------------------
CEO-ADAPT-VQE iteration: 148
--------------------------------------------------------------------------------
    gate        derivative      name       op1       op2       op3        g_unscaled   penalty
     517       -0.00060818      a_ia       517                           -0.00121635         2
   93051        0.00028857        op     39051     39052                  0.03260864       113
   93052        0.00028764        om     39051     39052                  0.03250379       113
   39051        0.00025237    a_iajb     39051                            0.03255621       129
   93067        0.00018255        op     39061     39062                  0.01004035        55
   93068        0.00018255        op     39061     39062                  0.01004035        55
   93071        0.00018178        op     39061     39063                  0.00999783        55
   93072        0.00018178        op     39061     39063                  0.00999783        55
     896       -0.00014859      a_ia       896                           -0.00029718         2
   39061        0.00014080    a_iajb     39061                            0.00999704        71

  ==> Add operator: a_ia 517
  ==> Current qubit order: 0  1  2  3  4  5  8  9  10  11  12  13  14  15  16  17  19  20  21  22  23  28  34  35  18  29  24  42  46  25  67  33  32  31  74  75  30  52  43  59  56  47  48  71  70  37  69  68  26  66  86  27  87  36  39  81  53  54  62  49  63  55  44  45  92  93  60  6  89  41  40  51  7  88  77  57  61  76  58  50  82  38  84  85  80  73  72  64  65  78  79  83  90  91  94  95  96  97  98  99  100  101  102  103  104  105  106  107  108  109  110  111  


  ==> Energy                -307.737135824
  ==> dE                       -3.12e-07
  ==> Gradient Norm             1.56e-01
  ==> Abs. Max. Deriv.          3.26e-02
  ==> Time-Grad. (s)             174.526
  ==> Time-Energy (s)              2.306
  ==> Time-Iter. (s)             179.584

--------------------------------------------------------------------------------
CEO-ADAPT-VQE iteration: 149
--------------------------------------------------------------------------------
    gate        derivative      name       op1       op2       op3        g_unscaled   penalty
   94559        0.00097013        op     40149     40150                  0.03007414        31
   94560        0.00096985        om     40149     40150                  0.03006544        31
   40149        0.00063978    a_iajb     40149                            0.03006979        47
   75104        0.00036343        om     25394     25395                  0.02144235        59
   75103        0.00036336        op     25394     25395                  0.02143816        59
   93605        0.00029883        op     39408     39409                  0.03077970       103
   93606        0.00029878        om     39408     39409                  0.03077461       103
   25394        0.00028587    a_iajb     25394                            0.02144026        75
   39408        0.00025863    a_iajb     39408                            0.03077716       119
     901       -0.00014861      a_ia       901                           -0.00029722         2

  ==> Add operator: mvp2 -1: 40149 40150
  ==> Current qubit order: 0  1  2  3  4  5  8  9  10  11  12  13  14  15  16  17  19  20  21  22  23  28  34  35  18  29  24  42  46  25  67  33  32  31  74  75  30  52  43  59  56  47  48  71  70  37  69  68  26  66  86  27  87  36  39  81  53  54  49  62  63  44  45  55  92  93  60  6  89  41  40  51  7  88  77  57  61  76  58  50  82  38  84  85  80  73  72  64  65  78  79  83  90  91  94  95  96  97  98  99  100  101  102  103  104  105  106  107  108  109  110  111  


  ==> Energy                -307.737315353
  ==> dE                       -1.80e-04
  ==> Gradient Norm             1.69e-01
  ==> Abs. Max. Deriv.          3.08e-02
  ==> Time-Grad. (s)             294.113
  ==> Time-Energy (s)              4.135
  ==> Time-Iter. (s)             301.056

--------------------------------------------------------------------------------
CEO-ADAPT-VQE iteration: 150
--------------------------------------------------------------------------------
    gate        derivative      name       op1       op2       op3        g_unscaled   penalty
     792        0.00020775      a_ia       792                            0.00083099         4
   88343       -0.00019074        om     35435     35436                 -0.01354235        71
   88342       -0.00019062        op     35435     35436                 -0.01353372        71
   35435       -0.00015561    a_iajb     35435                           -0.01353803        87
   88535        0.00014949        om     35570     35571                  0.00672707        45
   88534        0.00014939        op     35570     35571                  0.00672243        45
   91113       -0.00013868        om     37470     37471                 -0.00790501        57
   91112       -0.00013867        op     37470     37471                 -0.00790424        57
   89187        0.00013016        om     36045     36046                  0.01314659       101
     858       -0.00013007      a_ia       858                           -0.00208119        16

  ==> Add operator: a_ia 792
  ==> Current qubit order: 0  1  2  3  4  5  8  9  10  11  12  13  14  15  16  17  19  20  21  22  23  28  34  35  18  29  24  42  46  25  67  33  32  31  74  75  30  52  43  59  56  47  48  71  70  37  69  68  26  66  86  27  87  36  39  81  53  54  49  62  44  63  45  55  92  93  60  6  89  41  40  51  7  88  77  57  61  76  58  50  82  38  84  85  80  73  72  64  65  78  79  83  90  91  94  95  96  97  98  99  100  101  102  103  104  105  106  107  108  109  110  111  


  ==> Energy                -307.737358839
  ==> dE                       -4.35e-05
  ==> Gradient Norm             1.56e-01
  ==> Abs. Max. Deriv.          1.74e-02
  ==> Time-Grad. (s)             278.090
  ==> Time-Energy (s)            651.117
  ==> Time-Iter. (s)             931.991

--------------------------------------------------------------------------------
CEO-ADAPT-VQE iteration: 151
--------------------------------------------------------------------------------
    gate        derivative      name       op1       op2       op3        g_unscaled   penalty
     526       -0.00067112      a_ia       526                           -0.00134224         2
     505       -0.00024356      a_ia       505                           -0.00097425         4
     675       -0.00014791      a_ia       675                           -0.00029582         2
   88221        0.00014399        om     35299     35300                  0.02203041       153
   88220        0.00014344        op     35299     35300                  0.02194613       153
   93568        0.00013700        op     39333     39334                  0.00945286        69
   93569        0.00013663        om     39333     39334                  0.00942719        69
     799        0.00013539      a_ia       799                            0.00027077         2
     865       -0.00013041      a_ia       865                           -0.00208654        16
   35299        0.00013011    a_iajb     35299                            0.02198827       169

  ==> Add operator: a_ia 526
  ==> Current qubit order: 0  1  2  3  4  5  8  9  10  11  12  13  14  15  16  17  19  20  21  22  23  28  34  35  18  29  24  42  46  25  67  33  32  31  74  75  30  52  43  59  56  47  48  71  70  37  69  68  26  66  86  27  87  36  39  81  53  54  49  62  44  63  45  55  92  93  60  6  89  41  40  51  7  88  77  57  61  76  58  50  82  38  84  85  80  73  72  64  65  78  79  83  90  91  94  95  96  97  98  99  100  101  102  103  104  105  106  107  108  109  110  111  


  ==> Energy                -307.737359219
  ==> dE                       -3.80e-07
  ==> Gradient Norm             1.46e-01
  ==> Abs. Max. Deriv.          2.20e-02
  ==> Time-Grad. (s)             160.958
  ==> Time-Energy (s)              2.039
  ==> Time-Iter. (s)             165.304

--------------------------------------------------------------------------------
CEO-ADAPT-VQE iteration: 152
--------------------------------------------------------------------------------
    gate        derivative      name       op1       op2       op3        g_unscaled   penalty
   95620        0.00025975        om     41085     41086                  0.04130057       159
   95619        0.00025949        op     41085     41086                  0.04125844       159
   41085        0.00023588    a_iajb     41085                            0.04127950       175
     508       -0.00023431      a_ia       508                           -0.00093723         4
   88579        0.00017008        op     35730     35732                  0.00629287        37
   88580        0.00017008        op     35730     35732                  0.00629287        37
   88575        0.00016993        op     35730     35731                  0.00628744        37
   88576        0.00016993        op     35730     35731                  0.00628744        37
   88184       -0.00016169        om     35440     35441                 -0.00856976        53
   88183       -0.00016167        op     35440     35441                 -0.00856828        53

  ==> Add operator: mvp2 -1: 41085 41086
  ==> Current qubit order: 0  1  2  3  4  5  8  9  10  11  12  13  14  15  16  17  19  20  21  22  23  28  34  35  18  29  24  42  46  25  67  33  32  31  74  75  30  52  43  47  48  71  70  37  69  68  26  66  86  27  87  36  39  81  53  59  56  51  50  54  49  62  44  63  45  55  92  93  60  6  89  41  40  7  88  77  57  61  76  58  82  38  84  85  80  73  72  64  65  78  79  83  90  91  94  95  96  97  98  99  100  101  102  103  104  105  106  107  108  109  110  111  


  ==> Energy                -307.737787866
  ==> dE                       -4.29e-04
  ==> Gradient Norm             1.58e-01
  ==> Abs. Max. Deriv.          4.13e-02
  ==> Time-Grad. (s)             180.394
  ==> Time-Energy (s)              5.510
  ==> Time-Iter. (s)             187.944

--------------------------------------------------------------------------------
CEO-ADAPT-VQE iteration: 153
--------------------------------------------------------------------------------
    gate        derivative      name       op1       op2       op3        g_unscaled   penalty
     884        0.00153664      a_ia       884                            0.00614657         4
     872        0.00150848      a_ia       872                            0.00603393         4
   88422        0.00023654        op     35514     35515                  0.05227441       221
   88423        0.00023654        om     35514     35515                  0.05227441       221
     512       -0.00023478      a_ia       512                           -0.00093912         4
     853        0.00022576      a_ia       853                            0.00225763        10
   35514        0.00022057    a_iajb     35514                            0.05227441       237
   76447        0.00016666        om     26412     26413                  0.00616626        37
   76446        0.00016513        op     26412     26413                  0.00610985        37
     683       -0.00014480      a_ia       683                           -0.00028961         2

  ==> Add operator: a_ia 884
  ==> Current qubit order: 0  1  2  3  4  5  8  9  10  11  12  13  14  15  16  17  19  20  21  22  23  28  34  35  18  29  24  42  46  25  67  33  32  31  74  75  30  52  43  47  48  71  70  37  69  68  26  66  86  27  87  36  39  81  53  56  59  51  50  54  49  62  44  63  45  55  92  93  60  6  89  41  40  7  88  77  57  61  76  58  82  38  84  85  80  73  72  64  65  78  79  83  90  91  94  95  96  97  98  99  100  101  102  103  104  105  106  107  108  109  110  111  


  ==> Energy                -307.737807394
  ==> dE                       -1.95e-05
  ==> Gradient Norm             1.60e-01
  ==> Abs. Max. Deriv.          5.23e-02
  ==> Time-Grad. (s)             162.920
  ==> Time-Energy (s)              2.693
  ==> Time-Iter. (s)             167.633

--------------------------------------------------------------------------------
CEO-ADAPT-VQE iteration: 154
--------------------------------------------------------------------------------
    gate        derivative      name       op1       op2       op3        g_unscaled   penalty
     874        0.00093372      a_ia       874                            0.00560229         6
     855        0.00029872      a_ia       855                            0.00238977         8
     513       -0.00021641      a_ia       513                           -0.00086565         4
   88279        0.00015632        om     35560     35561                  0.00891034        57
   88278        0.00015610        op     35560     35561                  0.00889772        57
     720       -0.00014729      a_ia       720                           -0.00029459         2
     809        0.00013894      a_ia       809                            0.00027787         2
   88910        0.00012622        op     36045     36046                  0.01527236       121
   88911        0.00012622        op     36045     36046                  0.01527236       121
   88914        0.00012621        op     36045     36047                  0.01527171       121

  ==> Add operator: a_ia 874
  ==> Current qubit order: 0  1  2  3  4  5  8  9  10  11  12  13  14  15  16  17  19  20  21  22  23  28  34  35  18  29  24  42  46  25  67  33  32  31  74  75  30  52  43  47  48  71  70  37  69  68  26  66  86  27  87  36  39  81  53  59  51  56  50  54  49  62  44  63  45  55  92  93  60  6  89  41  40  7  88  77  57  61  76  58  82  38  84  85  80  73  72  64  65  78  79  83  90  91  94  95  96  97  98  99  100  101  102  103  104  105  106  107  108  109  110  111  


  ==> Energy                -307.737825627
  ==> dE                       -1.82e-05
  ==> Gradient Norm             1.52e-01
  ==> Abs. Max. Deriv.          1.55e-02
  ==> Time-Grad. (s)             177.094
  ==> Time-Energy (s)              2.149
  ==> Time-Iter. (s)             181.257

--------------------------------------------------------------------------------
CEO-ADAPT-VQE iteration: 155
--------------------------------------------------------------------------------
    gate        derivative      name       op1       op2       op3        g_unscaled   penalty
     893       -0.00023010      a_ia       893                           -0.00046020         2
     862        0.00022160      a_ia       862                            0.00221603        10
     519       -0.00020818      a_ia       519                           -0.00083273         4
     720       -0.00014822      a_ia       720                           -0.00118579         8
     816        0.00014780      a_ia       816                            0.00029560         2
   88625        0.00013561        op     35824     35825                  0.02969765       219
   88626        0.00013561        om     35824     35825                  0.02969765       219
     515        0.00012803      a_ia       515                            0.00025606         2
   35824        0.00012637    a_iajb     35824                            0.02969765       235
     727       -0.00012505      a_ia       727                           -0.00025010         2

  ==> Add operator: a_ia 893
  ==> Current qubit order: 0  1  2  3  4  5  8  9  10  11  12  13  14  15  16  17  19  20  21  22  23  28  34  35  18  29  24  42  46  25  67  33  32  31  74  75  30  52  43  47  48  71  70  37  69  68  26  66  86  27  87  36  39  81  53  59  51  56  50  54  49  62  44  63  45  55  92  93  60  6  89  41  40  7  88  77  57  61  76  58  82  38  84  85  80  73  72  64  65  78  79  83  90  91  94  95  96  97  98  99  100  101  102  103  104  105  106  107  108  109  110  111  


  ==> Energy                -307.737825731
  ==> dE                       -1.05e-07
  ==> Gradient Norm             1.44e-01
  ==> Abs. Max. Deriv.          2.97e-02
  ==> Time-Grad. (s)             171.521
  ==> Time-Energy (s)              2.311
  ==> Time-Iter. (s)             175.877

--------------------------------------------------------------------------------
CEO-ADAPT-VQE iteration: 156
--------------------------------------------------------------------------------
    gate        derivative      name       op1       op2       op3        g_unscaled   penalty
     863        0.00022063      a_ia       863                            0.00220633        10
     519       -0.00020953      a_ia       519                           -0.00083812         4
   87921        0.00020911        om     35428     35429                  0.00982814        47
   87920        0.00020713        op     35428     35429                  0.00973493        47
   89876       -0.00016772        op     36919     36920                 -0.01761103       105
   89877       -0.00016742        om     36919     36920                 -0.01757901       105
   35428        0.00015526    a_iajb     35428                            0.00978153        63
     536        0.00015267      a_ia       536                            0.00183201        12
     721       -0.00014802      a_ia       721                           -0.00118416         8
     817        0.00014718      a_ia       817                            0.00029437         2

  ==> Add operator: a_ia 863
  ==> Current qubit order: 0  1  2  3  4  5  8  9  10  11  12  13  14  15  16  17  19  20  21  22  23  28  34  35  18  29  24  42  46  25  67  33  32  31  74  75  30  52  43  47  48  71  70  37  69  68  26  66  86  27  87  36  39  81  53  51  56  50  54  59  49  62  44  63  45  55  92  93  60  6  89  41  40  7  88  77  57  61  76  58  82  38  84  85  80  73  72  64  65  78  79  83  90  91  94  95  96  97  98  99  100  101  102  103  104  105  106  107  108  109  110  111  


  ==> Energy                -307.737828275
  ==> dE                       -2.54e-06
  ==> Gradient Norm             1.63e-01
  ==> Abs. Max. Deriv.          2.23e-02
  ==> Time-Grad. (s)             177.471
  ==> Time-Energy (s)              2.303
  ==> Time-Iter. (s)             181.810

--------------------------------------------------------------------------------
CEO-ADAPT-VQE iteration: 157
--------------------------------------------------------------------------------
    gate        derivative      name       op1       op2       op3        g_unscaled   penalty
     522       -0.00020329      a_ia       522                           -0.00081317         4
     724       -0.00019740      a_ia       724                           -0.00118442         6
     823        0.00016164      a_ia       823                            0.00032329         2
   76146        0.00014048        op     26288     26289                  0.00519763        37
   76147        0.00013880        om     26288     26289                  0.00513563        37
     518        0.00013805      a_ia       518                            0.00027609         2
   83982        0.00013278        op     32195     32196                  0.01287923        97
   83983        0.00013119        om     32195     32196                  0.01272535        97
     731       -0.00012930      a_ia       731                           -0.00025859         2
   84194        0.00012590        op     32347     32348                  0.01548575       123

  ==> Add operator: a_ia 522
  ==> Current qubit order: 0  1  2  3  4  5  8  9  10  11  12  13  14  15  16  17  19  20  21  22  23  28  34  35  18  29  24  42  46  25  67  33  32  31  74  75  30  52  43  47  48  71  70  37  69  68  66  26  86  27  87  36  39  81  53  51  56  50  54  59  49  62  44  63  45  55  92  93  60  6  89  41  40  7  88  77  57  61  76  58  82  38  84  85  80  73  72  64  65  78  79  83  90  91  94  95  96  97  98  99  100  101  102  103  104  105  106  107  108  109  110  111  


  ==> Energy                -307.737828448
  ==> dE                       -1.73e-07
  ==> Gradient Norm             1.50e-01
  ==> Abs. Max. Deriv.          2.53e-02
  ==> Time-Grad. (s)             265.274
  ==> Time-Energy (s)              2.762
  ==> Time-Iter. (s)             270.083

--------------------------------------------------------------------------------
CEO-ADAPT-VQE iteration: 158
--------------------------------------------------------------------------------
    gate        derivative      name       op1       op2       op3        g_unscaled   penalty
   94799        0.00020029        om     40345     40346                  0.00821176        41
   94798        0.00020024        op     40345     40346                  0.00820995        41
     729       -0.00019741      a_ia       729                           -0.00118444         6
     828        0.00015908      a_ia       828                            0.00031816         2
   40345        0.00014405    a_iajb     40345                            0.00821086        57
     522        0.00013380      a_ia       522                            0.00026759         2
   88952        0.00012454        op     35921     35922                  0.01905410       153
     736       -0.00012226      a_ia       736                           -0.00024452         2
   88953        0.00012156        om     35921     35922                  0.01859905       153
   94548       -0.00011984        op     40152     40153                 -0.01138454        95

  ==> Add operator: om -1: 40345 40346
  ==> Current qubit order: 0  1  2  3  4  5  8  9  10  11  12  13  14  15  16  17  19  20  21  22  23  28  34  35  18  29  24  42  46  25  67  33  32  31  74  75  30  52  43  47  48  71  70  37  69  68  66  26  86  27  87  36  39  81  53  51  56  54  59  49  62  44  63  50  45  92  93  55  60  6  89  41  40  7  88  77  57  61  76  58  82  38  84  85  80  73  72  64  65  78  79  83  90  91  94  95  96  97  98  99  100  101  102  103  104  105  106  107  108  109  110  111  


  ==> Energy                -307.737834998
  ==> dE                       -6.55e-06
  ==> Gradient Norm             1.47e-01
  ==> Abs. Max. Deriv.          2.22e-02
  ==> Time-Grad. (s)             169.280
  ==> Time-Energy (s)              2.557
  ==> Time-Iter. (s)             173.978

--------------------------------------------------------------------------------
CEO-ADAPT-VQE iteration: 159
--------------------------------------------------------------------------------
    gate        derivative      name       op1       op2       op3        g_unscaled   penalty
     733       -0.00019741      a_ia       733                           -0.00118445         6
     814        0.00019573      a_ia       814                            0.00078293         4
   90397       -0.00019371        om     37321     37322                 -0.00794222        41
   90396       -0.00019351        op     37321     37322                 -0.00793411        41
   37321       -0.00013927    a_iajb     37321                           -0.00793817        57
     523        0.00013374      a_ia       523                            0.00026749         2
     740       -0.00012224      a_ia       740                           -0.00024449         2
   87890        0.00012172        op     35439     35440                  0.01472845       121
   87891        0.00011860        om     35439     35440                  0.01435112       121
   35439        0.00010613    a_iajb     35439                            0.01453978       137

  ==> Add operator: a_ia 733
  ==> Current qubit order: 0  1  2  3  4  5  8  9  10  11  12  13  14  15  16  17  19  20  21  22  23  28  34  35  18  29  24  42  46  25  67  33  32  31  74  75  30  52  43  47  48  71  70  37  69  68  66  26  86  27  87  36  81  53  39  51  56  54  59  49  62  44  63  50  45  92  93  55  60  6  89  41  40  7  88  77  57  61  76  58  82  38  84  85  80  73  72  64  65  78  79  83  90  91  94  95  96  97  98  99  100  101  102  103  104  105  106  107  108  109  110  111  


  ==> Energy                -307.737945267
  ==> dE                       -1.10e-04
  ==> Gradient Norm             1.49e-01
  ==> Abs. Max. Deriv.          1.52e-02
  ==> Time-Grad. (s)             173.357
  ==> Time-Energy (s)              2.476
  ==> Time-Iter. (s)             177.864

--------------------------------------------------------------------------------
CEO-ADAPT-VQE iteration: 160
--------------------------------------------------------------------------------
    gate        derivative      name       op1       op2       op3        g_unscaled   penalty
     818        0.00019182      a_ia       818                            0.00076728         4
   87721       -0.00015520        om     35170     35171                 -0.01132931        73
   87720       -0.00015355        op     35170     35171                 -0.01120925        73
   93190        0.00013874        op     39398     39399                  0.01068305        77
   93191        0.00013874        om     39398     39399                  0.01068302        77
   35170       -0.00012662    a_iajb     35170                           -0.01126928        89
   87244        0.00012453        op     34805     34806                  0.01282659       103
   87245        0.00012453        om     34805     34806                  0.01282659       103
     523        0.00012229      a_ia       523                            0.00024458         2
   88929       -0.00011534        om     36081     36082                 -0.01487824       129

  ==> Add operator: a_ia 818
  ==> Current qubit order: 0  1  2  3  4  5  8  9  10  11  12  13  14  15  16  17  19  20  21  22  23  28  34  35  18  29  24  42  46  25  67  33  32  31  74  75  30  52  43  47  48  71  70  37  69  68  66  26  86  27  87  36  81  53  39  51  56  54  59  49  62  63  44  50  45  92  93  55  60  6  89  41  40  7  88  77  57  61  76  58  82  38  84  85  80  73  72  64  65  78  79  83  90  91  94  95  96  97  98  99  100  101  102  103  104  105  106  107  108  109  110  111  


  ==> Energy                -307.738005044
  ==> dE                       -5.98e-05
  ==> Gradient Norm             1.50e-01
  ==> Abs. Max. Deriv.          1.55e-02
  ==> Time-Grad. (s)             171.841
  ==> Time-Energy (s)              2.619
  ==> Time-Iter. (s)             176.503

--------------------------------------------------------------------------------
CEO-ADAPT-VQE iteration: 161
--------------------------------------------------------------------------------
    gate        derivative      name       op1       op2       op3        g_unscaled   penalty
   74995       -0.00014407        op     25649     25650                 -0.00994114        69
   74996       -0.00014086        om     25649     25650                 -0.00971962        69
     527        0.00011863      a_ia       527                            0.00023726         2
   25649       -0.00011565    a_iajb     25649                           -0.00983038        85
   75796        0.00010808        om     26263     26264                  0.00875468        81
   75795        0.00010799        op     26263     26264                  0.00874735        81
     813        0.00010427      a_ia       813                            0.00125120        12
     550        0.00009686      a_ia       550                            0.00174344        18
     583        0.00009656      a_ia       583                            0.00096557        10
     947       -0.00009499      a_ia       947                           -0.00018998         2

  ==> Add operator: mvp2 -1: 25649 25650
  ==> Current qubit order: 0  1  2  3  4  5  8  9  10  11  12  13  14  15  16  17  19  20  21  22  23  28  34  35  18  29  24  42  46  25  67  33  32  31  74  75  30  52  43  47  48  71  70  37  69  68  66  26  86  27  87  36  81  53  39  54  49  62  63  51  56  59  6  44  50  45  92  93  55  60  89  41  40  7  88  77  57  61  76  58  82  38  84  85  80  73  72  64  65  78  79  83  90  91  94  95  96  97  98  99  100  101  102  103  104  105  106  107  108  109  110  111  


  ==> Energy                -307.738024776
  ==> dE                       -1.97e-05
  ==> Gradient Norm             1.41e-01
  ==> Abs. Max. Deriv.          1.44e-02
  ==> Time-Grad. (s)             165.515
  ==> Time-Energy (s)              5.038
  ==> Time-Iter. (s)             172.613

--------------------------------------------------------------------------------
CEO-ADAPT-VQE iteration: 162
--------------------------------------------------------------------------------
    gate        derivative      name       op1       op2       op3        g_unscaled   penalty
   91791       -0.00019308        op     38512     38513                 -0.00946081        49
   91792       -0.00019133        om     38512     38513                 -0.00937513        49
   38512       -0.00014489    a_iajb     38512                           -0.00941797        65
   95333        0.00013280        op     41207     41209                  0.00836647        63
   95334        0.00013280        op     41207     41209                  0.00836647        63
   95329        0.00012874        op     41207     41208                  0.00811039        63
   95330        0.00012874        op     41207     41208                  0.00811039        63
   92928       -0.00012407        om     39372     39373                 -0.01178702        95
   92927       -0.00012385        op     39372     39373                 -0.01176602        95
     529        0.00011725      a_ia       529                            0.00023449         2

  ==> Add operator: mvp2 -1: 38512 38513
  ==> Current qubit order: 0  1  2  3  4  5  8  9  10  11  12  13  14  15  16  17  19  20  21  22  23  28  34  35  18  29  24  42  46  25  67  33  32  31  74  75  30  52  43  47  48  71  70  37  69  68  66  26  86  27  87  81  53  54  36  39  56  59  49  62  63  51  6  44  50  45  92  93  55  60  89  41  40  7  88  77  57  61  76  58  82  38  84  85  80  73  72  64  65  78  79  83  90  91  94  95  96  97  98  99  100  101  102  103  104  105  106  107  108  109  110  111  


  ==> Energy                -307.738052537
  ==> dE                       -2.78e-05
  ==> Gradient Norm             1.38e-01
  ==> Abs. Max. Deriv.          1.54e-02
  ==> Time-Grad. (s)             171.133
  ==> Time-Energy (s)              4.788
  ==> Time-Iter. (s)             177.965

--------------------------------------------------------------------------------
CEO-ADAPT-VQE iteration: 163
--------------------------------------------------------------------------------
    gate        derivative      name       op1       op2       op3        g_unscaled   penalty
   89840        0.00018555        op     37128     37129                  0.01131876        61
   89841        0.00018521        om     37128     37129                  0.01129791        61
   37128        0.00014686    a_iajb     37128                            0.01130834        77
     532        0.00011707      a_ia       532                            0.00023415         2
     555        0.00010773      a_ia       555                            0.00172375        16
     820        0.00010451      a_ia       820                            0.00125415        12
   92500       -0.00010008        op     39119     39120                 -0.00890687        89
     588        0.00009634      a_ia       588                            0.00096336        10
   92307       -0.00009579        om     38961     38962                 -0.01101604       115
   92306       -0.00009529        op     38961     38962                 -0.01095871       115

  ==> Add operator: mvp2 -1: 37128 37129
  ==> Current qubit order: 0  1  2  3  4  5  8  9  10  11  12  13  14  15  16  17  19  20  21  22  23  28  34  35  18  29  24  42  46  25  67  33  32  74  75  30  52  43  47  48  31  71  70  36  37  69  68  66  26  86  27  87  81  53  54  39  56  59  49  62  63  51  6  44  50  45  92  93  55  60  89  41  40  7  88  77  57  61  76  58  82  38  84  85  80  73  72  64  65  78  79  83  90  91  94  95  96  97  98  99  100  101  102  103  104  105  106  107  108  109  110  111  


  ==> Energy                -307.738074176
  ==> dE                       -2.16e-05
  ==> Gradient Norm             1.46e-01
  ==> Abs. Max. Deriv.          1.45e-02
  ==> Time-Grad. (s)             178.883
  ==> Time-Energy (s)              4.784
  ==> Time-Iter. (s)             185.723

--------------------------------------------------------------------------------
CEO-ADAPT-VQE iteration: 164
--------------------------------------------------------------------------------
    gate        derivative      name       op1       op2       op3        g_unscaled   penalty
     743       -0.00067180      a_ia       743                           -0.00134360         2
   74765        0.00021646        om     25641     25642                  0.01666742        77
   74764        0.00021499        op     25641     25642                  0.01655456        77
   25641        0.00017861    a_iajb     25641                            0.01661099        93
   88168       -0.00013396        op     35844     35845                 -0.01031493        77
   88169       -0.00013394        om     35844     35845                 -0.01031303        77
     559        0.00012344      a_ia       559                            0.00172813        14
     536        0.00011709      a_ia       536                            0.00023418         2
   35844       -0.00011090    a_iajb     35844                           -0.01031398        93
   91362       -0.00010533        op     38291     38292                 -0.01590551       151

  ==> Add operator: a_ia 743
  ==> Current qubit order: 0  1  2  3  4  5  8  9  10  11  12  13  14  15  16  17  19  20  21  22  23  28  34  35  18  29  24  42  46  25  67  33  32  74  75  30  52  43  47  48  31  71  70  36  37  69  68  66  26  86  27  87  81  53  54  39  56  59  49  62  63  51  6  44  50  45  92  93  55  60  89  41  40  7  88  77  57  61  76  58  82  38  84  85  80  73  72  64  65  78  79  83  90  91  94  95  96  97  98  99  100  101  102  103  104  105  106  107  108  109  110  111  


  ==> Energy                -307.738074750
  ==> dE                       -5.74e-07
  ==> Gradient Norm             1.37e-01
  ==> Abs. Max. Deriv.          1.67e-02
  ==> Time-Grad. (s)             160.780
  ==> Time-Energy (s)              2.726
  ==> Time-Iter. (s)             165.544

--------------------------------------------------------------------------------
CEO-ADAPT-VQE iteration: 165
--------------------------------------------------------------------------------
    gate        derivative      name       op1       op2       op3        g_unscaled   penalty
   92185       -0.00027967        op     38934     38936                 -0.01426309        51
   92186       -0.00027967        op     38934     38936                 -0.01426309        51
   92181       -0.00027697        op     38934     38935                 -0.01412525        51
   92182       -0.00027697        op     38934     38935                 -0.01412525        51
   87495        0.00023268        op     35385     35386                  0.02024311        87
   87496        0.00023268        om     35385     35386                  0.02024297        87
   38934       -0.00021082    a_iajb     38934                           -0.01412525        67
   35385        0.00019653    a_iajb     35385                            0.02024304       103
   88151        0.00018869        op     35879     35880                  0.02886950       153
   88152        0.00018869        om     35879     35880                  0.02886950       153

  ==> Add operator: mvp2 -1: 38934 38936
  ==> Current qubit order: 0  1  2  3  4  5  8  9  10  11  12  13  14  15  16  17  19  20  21  22  23  28  34  35  18  29  24  42  46  25  67  33  32  74  75  30  52  43  47  48  31  71  70  36  37  69  68  66  26  86  27  87  81  53  54  39  56  59  49  62  63  51  6  44  50  45  92  93  55  60  89  41  7  88  77  57  61  58  40  76  38  80  82  84  85  73  72  64  65  78  79  83  90  91  94  95  96  97  98  99  100  101  102  103  104  105  106  107  108  109  110  111  


  ==> Energy                -307.738170873
  ==> dE                       -9.61e-05
  ==> Gradient Norm             1.55e-01
  ==> Abs. Max. Deriv.          2.89e-02
  ==> Time-Grad. (s)             175.621
  ==> Time-Energy (s)              4.579
  ==> Time-Iter. (s)             182.248

--------------------------------------------------------------------------------
CEO-ADAPT-VQE iteration: 166
--------------------------------------------------------------------------------
    gate        derivative      name       op1       op2       op3        g_unscaled   penalty
    1020       -0.00022963      a_ia      1020                           -0.00045927         2
     788       -0.00018411      a_ia       788                           -0.00110464         6
     786       -0.00018361      a_ia       786                           -0.00036721         2
   93682        0.00017580        om     40126     40127                  0.00966885        55
   93681        0.00017517        op     40126     40127                  0.00963441        55
   88053       -0.00015271        op     35869     35870                 -0.01298045        85
   88054       -0.00015271        op     35869     35870                 -0.01298045        85
   88057       -0.00015159        op     35869     35871                 -0.01288490        85
   88058       -0.00015159        op     35869     35871                 -0.01288490        85
   94646        0.00013804        om     40853     40854                  0.01339011        97

  ==> Add operator: a_ia 1020
  ==> Current qubit order: 0  1  2  3  4  5  8  9  10  11  12  13  14  15  16  17  19  20  21  22  23  28  34  35  18  29  24  42  46  25  67  33  32  74  75  30  52  43  47  48  31  71  70  36  37  69  68  66  26  86  27  87  81  53  54  39  56  59  49  62  63  51  6  44  50  45  92  93  55  60  89  41  7  88  77  57  61  58  40  76  38  80  82  84  85  73  72  64  65  78  79  83  90  91  94  95  96  97  98  99  100  101  102  103  104  105  106  107  108  109  110  111  


  ==> Energy                -307.738202517
  ==> dE                       -3.16e-05
  ==> Gradient Norm             1.52e-01
  ==> Abs. Max. Deriv.          2.21e-02
  ==> Time-Grad. (s)             171.073
  ==> Time-Energy (s)              2.534
  ==> Time-Iter. (s)             175.654

--------------------------------------------------------------------------------
CEO-ADAPT-VQE iteration: 167
--------------------------------------------------------------------------------
    gate        derivative      name       op1       op2       op3        g_unscaled   penalty
     789       -0.00018431      a_ia       789                           -0.00110587         6
     787       -0.00018320      a_ia       787                           -0.00036640         2
   87425        0.00015544        om     35398     35399                  0.00885980        57
   87424        0.00015542        op     35398     35399                  0.00885899        57
   87527       -0.00013780        om     35476     35477                 -0.01446907       105
   87526       -0.00013754        op     35476     35477                 -0.01444195       105
   88978        0.00013703        op     36598     36599                  0.01767728       129
   88979        0.00013703        om     36598     36599                  0.01767726       129
   75135        0.00013498        om     26084     26085                  0.00931393        69
   75134        0.00013232        op     26084     26085                  0.00912998        69

  ==> Add operator: a_ia 789
  ==> Current qubit order: 0  1  2  3  4  5  8  9  10  11  12  13  14  15  16  17  19  20  21  22  23  28  34  35  18  29  24  42  46  25  67  33  32  74  75  30  52  43  47  48  31  71  70  36  37  69  68  66  26  86  27  87  81  53  54  39  56  59  49  62  63  51  6  44  50  45  92  93  55  60  89  41  7  88  77  57  61  58  76  38  40  80  82  84  85  73  72  64  65  78  79  83  90  91  94  95  96  97  98  99  100  101  102  103  104  105  106  107  108  109  110  111  


  ==> Energy                -307.738202753
  ==> dE                       -2.36e-07
  ==> Gradient Norm             1.63e-01
  ==> Abs. Max. Deriv.          2.68e-02
  ==> Time-Grad. (s)             262.267
  ==> Time-Energy (s)              2.371
  ==> Time-Iter. (s)             266.672

--------------------------------------------------------------------------------
CEO-ADAPT-VQE iteration: 168
--------------------------------------------------------------------------------
    gate        derivative      name       op1       op2       op3        g_unscaled   penalty
   87160       -0.00027985        op     35312     35313                 -0.01539172        55
   87161       -0.00027689        om     35312     35313                 -0.01522869        55
   35312       -0.00021564    a_iajb     35312                           -0.01531020        71
     797        0.00019925      a_ia       797                            0.00079702         4
     742       -0.00018591      a_ia       742                           -0.00037181         2
   77006       -0.00015534        op     27564     27565                 -0.01755398       113
   77007       -0.00015534        om     27564     27565                 -0.01755398       113
   27564       -0.00013608    a_iajb     27564                           -0.01755398       129
     544        0.00012907      a_ia       544                            0.00025814         2
     567        0.00012367      a_ia       567                            0.00173134        14

  ==> Add operator: mvp2 -1: 35312 35313
  ==> Current qubit order: 0  1  2  3  4  5  8  9  10  11  12  13  14  15  16  17  19  20  21  22  23  28  34  35  18  29  24  42  46  25  67  33  32  74  75  30  52  43  47  48  31  71  70  36  37  69  68  86  66  26  87  39  27  81  53  54  56  59  49  62  63  51  6  44  50  45  92  93  55  60  89  41  7  88  77  57  61  58  76  38  40  80  82  84  85  73  72  64  65  78  79  83  90  91  94  95  96  97  98  99  100  101  102  103  104  105  106  107  108  109  110  111  


  ==> Energy                -307.738238606
  ==> dE                       -3.59e-05
  ==> Gradient Norm             1.53e-01
  ==> Abs. Max. Deriv.          1.97e-02
  ==> Time-Grad. (s)             172.558
  ==> Time-Energy (s)              5.237
  ==> Time-Iter. (s)             179.813

--------------------------------------------------------------------------------
CEO-ADAPT-VQE iteration: 169
--------------------------------------------------------------------------------
    gate        derivative      name       op1       op2       op3        g_unscaled   penalty
     799        0.00019973      a_ia       799                            0.00079893         4
     744       -0.00018678      a_ia       744                           -0.00037356         2
     569        0.00017320      a_ia       569                            0.00173204        10
   94544       -0.00011336        op     40688     40689                 -0.01326280       117
   94545       -0.00011336        op     40688     40689                 -0.01326280       117
   74196       -0.00011317        op     25335     25336                 -0.00758256        67
   74197       -0.00011317        op     25335     25336                 -0.00758256        67
   94548       -0.00011302        op     40688     40690                 -0.01322287       117
   94549       -0.00011302        op     40688     40690                 -0.01322287       117
   74200       -0.00011045        op     25335     25337                 -0.00740009        67

  ==> Add operator: a_ia 799
  ==> Current qubit order: 0  1  2  3  4  5  8  9  10  11  12  13  14  15  16  17  19  20  21  22  23  28  34  35  18  29  24  42  46  25  67  33  32  74  75  30  52  43  47  48  31  71  70  36  37  69  68  86  66  26  87  39  27  81  53  54  56  59  49  62  63  51  6  44  50  45  92  93  55  60  89  41  7  88  77  57  61  58  76  38  80  40  82  84  85  73  72  64  65  78  79  83  90  91  94  95  96  97  98  99  100  101  102  103  104  105  106  107  108  109  110  111  


  ==> Energy                -307.738238752
  ==> dE                       -1.46e-07
  ==> Gradient Norm             1.52e-01
  ==> Abs. Max. Deriv.          2.00e-02
  ==> Time-Grad. (s)             264.675
  ==> Time-Energy (s)              2.300
  ==> Time-Iter. (s)             269.007

--------------------------------------------------------------------------------
CEO-ADAPT-VQE iteration: 170
--------------------------------------------------------------------------------
    gate        derivative      name       op1       op2       op3        g_unscaled   penalty
   75237        0.00029619        om     26136     26137                  0.01688280        57
   75236        0.00029530        op     26136     26137                  0.01683183        57
   93719        0.00029115        om     40106     40107                  0.02998872       103
   93718        0.00029113        op     40106     40107                  0.02998664       103
   40106        0.00025200    a_iajb     40106                            0.02998768       119
   26136        0.00023092    a_iajb     26136                            0.01685732        73
   92231       -0.00019092        om     38993     38994                 -0.01011896        53
   92230       -0.00018844        op     38993     38994                 -0.00998746        53
     571        0.00017300      a_ia       571                            0.00173001        10
   75209       -0.00015266        om     26108     26109                 -0.02305110       151

  ==> Add operator: mvp2 -1: 26136 26137
  ==> Current qubit order: 0  1  2  3  4  5  8  9  10  11  12  13  14  15  16  17  19  20  21  22  23  28  34  35  18  29  24  42  46  25  67  33  32  74  75  30  52  43  47  48  31  71  70  36  37  69  68  86  66  26  87  39  27  81  53  54  56  59  49  62  63  51  6  50  45  92  93  55  60  44  89  7  88  41  77  57  61  58  76  38  80  40  82  84  85  73  72  64  65  78  79  83  90  91  94  95  96  97  98  99  100  101  102  103  104  105  106  107  108  109  110  111  


  ==> Energy                -307.738267150
  ==> dE                       -2.84e-05
  ==> Gradient Norm             1.60e-01
  ==> Abs. Max. Deriv.          3.00e-02
  ==> Time-Grad. (s)             166.793
  ==> Time-Energy (s)              5.428
  ==> Time-Iter. (s)             174.257

--------------------------------------------------------------------------------
CEO-ADAPT-VQE iteration: 171
--------------------------------------------------------------------------------
    gate        derivative      name       op1       op2       op3        g_unscaled   penalty
     198        0.00024716      a_ia       198                            0.00049432         2
     574        0.00017313      a_ia       574                            0.00173126        10
   89810        0.00013094        op     37249     37250                  0.01689102       129
   89811        0.00013055        om     37249     37250                  0.01684064       129
   73487        0.00011873        om     24927     24928                  0.01769009       149
   73486        0.00011871        op     24927     24928                  0.01768765       149
   37249        0.00011632    a_iajb     37249                            0.01686583       145
   89351        0.00011097        om     36909     36910                  0.01697907       153
   89350        0.00011011        op     36909     36910                  0.01684721       153
     801       -0.00010757      a_ia       801                           -0.00107570        10

  ==> Add operator: a_ia 198
  ==> Current qubit order: 0  1  2  3  4  5  8  9  10  11  12  13  14  15  16  17  19  20  21  22  23  28  34  35  18  29  24  42  46  25  67  33  32  74  75  30  52  43  47  48  31  71  70  36  37  69  68  86  66  26  87  39  27  81  53  54  56  59  49  62  63  51  6  50  45  92  93  55  60  44  89  7  88  41  77  57  61  58  76  38  80  40  82  84  85  73  72  64  65  78  79  83  90  91  94  95  96  97  98  99  100  101  102  103  104  105  106  107  108  109  110  111  


  ==> Energy                -307.738267195
  ==> dE                       -4.45e-08
  ==> Gradient Norm             1.53e-01
  ==> Abs. Max. Deriv.          2.02e-02
  ==> Time-Grad. (s)             274.789
  ==> Time-Energy (s)              2.524
  ==> Time-Iter. (s)             279.364

--------------------------------------------------------------------------------
CEO-ADAPT-VQE iteration: 172
--------------------------------------------------------------------------------
    gate        derivative      name       op1       op2       op3        g_unscaled   penalty
     165       -0.00029445      a_ia       165                           -0.00176667         6
   73141        0.00027175        op     24817     24818                  0.01657692        61
   73142        0.00027148        om     24817     24818                  0.01656012        61
   92084       -0.00021636        om     39127     39128                 -0.02012143        93
   24817        0.00021518    a_iajb     24817                            0.01656852        77
   92083       -0.00021478        op     39127     39128                 -0.01997469        93
   91306        0.00018554        om     38529     38530                  0.01243151        67
   39127       -0.00018393    a_iajb     39127                           -0.02004806       109
   91305        0.00018307        op     38529     38530                  0.01226584        67
     575        0.00017311      a_ia       575                            0.00173112        10

  ==> Add operator: a_ia 165
  ==> Current qubit order: 0  1  2  3  4  5  8  9  10  11  12  13  14  15  16  17  19  20  21  22  23  28  34  35  18  29  24  42  46  25  67  33  32  74  75  30  52  43  47  48  31  71  70  36  37  69  68  86  66  26  87  39  27  81  53  54  56  59  49  63  51  62  6  50  45  92  93  55  60  44  89  7  88  41  77  57  61  58  76  38  80  40  82  84  85  73  72  64  65  78  79  83  90  91  94  95  96  97  98  99  100  101  102  103  104  105  106  107  108  109  110  111  


  ==> Energy                -307.738267877
  ==> dE                       -6.83e-07
  ==> Gradient Norm             1.66e-01
  ==> Abs. Max. Deriv.          2.79e-02
  ==> Time-Grad. (s)             173.943
  ==> Time-Energy (s)              2.500
  ==> Time-Iter. (s)             178.469

--------------------------------------------------------------------------------
CEO-ADAPT-VQE iteration: 173
--------------------------------------------------------------------------------
    gate        derivative      name       op1       op2       op3        g_unscaled   penalty
     577        0.00017311      a_ia       577                            0.00173108        10
   86671       -0.00016756        om     35293     35294                 -0.00552949        33
   86670       -0.00016414        op     35293     35294                 -0.00541652        33
     935       -0.00014710      a_ia       935                           -0.00029420         2
   86020        0.00013303        op     34796     34797                  0.00572015        43
   86021        0.00013176        om     34796     34797                  0.00566575        43
    1072       -0.00013086      a_ia      1072                           -0.00052343         4
   73633       -0.00012473        om     25348     25349                 -0.00835719        67
   73632       -0.00012437        op     25348     25349                 -0.00833296        67
   86771        0.00012002        om     35375     35376                  0.00732092        61

  ==> Add operator: a_ia 577
  ==> Current qubit order: 0  1  2  3  4  5  8  9  10  11  12  13  14  15  16  17  19  20  21  22  23  28  34  35  18  29  24  42  46  25  67  33  32  74  75  30  52  43  47  48  31  71  70  36  37  69  68  86  66  26  87  39  81  53  54  56  27  59  49  63  51  62  6  50  45  92  93  55  60  44  89  7  88  41  77  57  61  58  76  38  80  40  82  84  85  73  72  64  65  78  79  83  90  91  94  95  96  97  98  99  100  101  102  103  104  105  106  107  108  109  110  111  


  ==> Energy                -307.738269444
  ==> dE                       -1.57e-06
  ==> Gradient Norm             1.50e-01
  ==> Abs. Max. Deriv.          1.68e-02
  ==> Time-Grad. (s)             168.761
  ==> Time-Energy (s)              2.905
  ==> Time-Iter. (s)             173.725

--------------------------------------------------------------------------------
CEO-ADAPT-VQE iteration: 174
--------------------------------------------------------------------------------
    gate        derivative      name       op1       op2       op3        g_unscaled   penalty
   88799        0.00059202        om     36597     36598                  0.01953665        33
   88798        0.00059200        op     36597     36598                  0.01953604        33
   36597        0.00039870    a_iajb     36597                            0.01953635        49
   87117       -0.00021136        om     35320     35321                 -0.01416120        67
   87116       -0.00020966        op     35320     35321                 -0.01404752        67
   89009       -0.00017079        om     36753     36754                 -0.00905203        53
   89008       -0.00017047        op     36753     36754                 -0.00903487        53
   35320       -0.00016993    a_iajb     35320                           -0.01410436        83
     577       -0.00016049      a_ia       577                           -0.00032097         2
   94227        0.00015896        om     40696     40697                  0.02622903       165

  ==> Add operator: om -1: 36597 36598
  ==> Current qubit order: 0  1  2  3  4  5  8  9  10  11  12  13  14  15  16  17  19  20  21  22  23  28  34  35  18  29  24  42  46  25  67  33  32  74  75  52  43  47  48  30  31  71  70  36  37  69  68  86  66  26  87  39  81  53  54  56  27  59  49  63  51  62  6  50  45  92  93  55  60  44  89  7  88  41  77  57  61  58  76  38  80  40  82  84  85  73  72  64  65  78  79  83  90  91  94  95  96  97  98  99  100  101  102  103  104  105  106  107  108  109  110  111  


  ==> Energy                -307.738324767
  ==> dE                       -5.53e-05
  ==> Gradient Norm             1.65e-01
  ==> Abs. Max. Deriv.          2.62e-02
  ==> Time-Grad. (s)             169.364
  ==> Time-Energy (s)              2.131
  ==> Time-Iter. (s)             173.867

--------------------------------------------------------------------------------
CEO-ADAPT-VQE iteration: 175
--------------------------------------------------------------------------------
    gate        derivative      name       op1       op2       op3        g_unscaled   penalty
   86585       -0.00027402        om     35170     35171                 -0.01342709        49
   86584       -0.00027230        op     35170     35171                 -0.01334277        49
   92584        0.00022702        op     39754     39755                  0.02020509        89
   92585        0.00022453        om     39754     39755                  0.01998273        89
   35170       -0.00020592    a_iajb     35170                           -0.01338493        65
   39754        0.00019137    a_iajb     39754                            0.02009391       105
     579       -0.00016031      a_ia       579                           -0.00032061         2
   88796       -0.00015928        op     36845     36846                 -0.01672456       105
   88797       -0.00015928        op     36845     36846                 -0.01672456       105
   88800       -0.00015742        op     36845     36847                 -0.01652960       105

  ==> Add operator: mvp2 -1: 35170 35171
  ==> Current qubit order: 0  1  2  3  4  5  8  9  10  11  12  13  14  15  16  17  19  20  21  22  23  28  34  35  18  29  24  42  46  25  67  33  32  74  75  52  43  47  48  30  71  70  36  37  68  31  69  66  26  86  87  39  81  53  54  56  27  59  49  63  51  62  6  50  45  92  93  55  60  44  89  7  88  41  77  57  61  58  76  38  80  40  82  84  85  73  72  64  65  78  79  83  90  91  94  95  96  97  98  99  100  101  102  103  104  105  106  107  108  109  110  111  


  ==> Energy                -307.738442799
  ==> dE                       -1.18e-04
  ==> Gradient Norm             1.56e-01
  ==> Abs. Max. Deriv.          2.02e-02
  ==> Time-Grad. (s)             271.848
  ==> Time-Energy (s)            638.962
  ==> Time-Iter. (s)             912.864

--------------------------------------------------------------------------------
CEO-ADAPT-VQE iteration: 176
--------------------------------------------------------------------------------
    gate        derivative      name       op1       op2       op3        g_unscaled   penalty
     584        0.00070983      a_ia       584                            0.00141966         2
     168       -0.00044783      a_ia       168                           -0.00089566         2
     944        0.00026450      a_ia       944                            0.00052900         2
     771       -0.00018828      a_ia       771                           -0.00075314         4
     820       -0.00018237      a_ia       820                           -0.00036473         2
     821        0.00016373      a_ia       821                            0.00032746         2
     653        0.00016225      a_ia       653                            0.00162245        10
    1082       -0.00014761      a_ia      1082                           -0.00059042         4
   85694        0.00014153        op     34429     34430                  0.04599564       325
   85695        0.00014153        om     34429     34430                  0.04599564       325

  ==> Add operator: a_ia 584
  ==> Current qubit order: 0  1  2  3  4  5  8  9  10  11  12  13  14  15  16  17  19  20  21  22  23  28  34  35  18  29  24  42  46  25  67  33  32  74  75  52  43  47  48  30  71  70  36  37  68  31  69  66  26  86  87  39  81  53  54  56  27  59  49  63  51  62  6  50  45  92  93  55  60  44  89  7  88  41  77  57  61  58  76  38  80  40  82  84  85  73  72  64  65  78  79  83  90  91  94  95  96  97  98  99  100  101  102  103  104  105  106  107  108  109  110  111  


  ==> Energy                -307.738443903
  ==> dE                       -1.10e-06
  ==> Gradient Norm             1.65e-01
  ==> Abs. Max. Deriv.          4.60e-02
  ==> Time-Grad. (s)             172.667
  ==> Time-Energy (s)              2.052
  ==> Time-Iter. (s)             177.100

--------------------------------------------------------------------------------
CEO-ADAPT-VQE iteration: 177
--------------------------------------------------------------------------------
    gate        derivative      name       op1       op2       op3        g_unscaled   penalty
     168       -0.00044780      a_ia       168                           -0.00089560         2
     947        0.00024863      a_ia       947                            0.00049727         2
     823       -0.00019075      a_ia       823                           -0.00038150         2
     774       -0.00017327      a_ia       774                           -0.00069309         4
     656        0.00016224      a_ia       656                            0.00162237        10
     824        0.00016008      a_ia       824                            0.00032015         2
    1085       -0.00014758      a_ia      1085                           -0.00059034         4
     587       -0.00013516      a_ia       587                           -0.00027033         2
   88709       -0.00012805        om     36715     36716                 -0.01523843       119
   88708       -0.00012604        op     36715     36716                 -0.01499913       119

  ==> Add operator: a_ia 168
  ==> Current qubit order: 0  1  2  3  4  5  8  9  10  11  12  13  14  15  16  17  19  20  21  22  23  28  34  35  18  29  24  42  46  25  67  33  32  74  75  52  43  47  48  30  71  70  36  37  68  31  69  66  26  86  87  39  81  53  54  56  27  59  49  63  51  62  6  50  45  92  93  55  60  44  89  7  88  41  77  57  61  58  76  38  80  40  82  84  85  73  72  64  65  78  79  83  90  91  94  95  96  97  98  99  100  101  102  103  104  105  106  107  108  109  110  111  


  ==> Energy                -307.738444084
  ==> dE                       -1.81e-07
  ==> Gradient Norm             1.56e-01
  ==> Abs. Max. Deriv.          2.28e-02
  ==> Time-Grad. (s)             178.074
  ==> Time-Energy (s)              1.897
  ==> Time-Iter. (s)             181.998

--------------------------------------------------------------------------------
CEO-ADAPT-VQE iteration: 178
--------------------------------------------------------------------------------
    gate        derivative      name       op1       op2       op3        g_unscaled   penalty
     949        0.00024944      a_ia       949                            0.00049889         2
     825       -0.00019125      a_ia       825                           -0.00038251         2
     776       -0.00017355      a_ia       776                           -0.00069419         4
   94082       -0.00016637        om     40648     40649                 -0.01480650        89
   94081       -0.00016540        op     40648     40649                 -0.01472049        89
     658        0.00016224      a_ia       658                            0.00162236        10
   91822       -0.00016115        om     38928     38929                 -0.01402037        87
   91821       -0.00016077        op     38928     38929                 -0.01398705        87
     826        0.00016030      a_ia       826                            0.00032059         2
    1089       -0.00014758      a_ia      1089                           -0.00059031         4

  ==> Add operator: a_ia 949
  ==> Current qubit order: 0  1  2  3  4  5  8  9  10  11  12  13  14  15  16  17  19  20  21  22  23  28  34  35  18  29  24  42  46  25  67  33  32  74  75  52  43  47  48  30  71  70  36  37  68  31  69  66  26  86  87  39  81  53  54  56  27  59  49  63  51  62  6  50  45  92  93  55  60  44  89  7  88  41  77  57  61  58  76  38  80  40  82  84  85  73  72  64  65  78  79  83  90  91  94  95  96  97  98  99  100  101  102  103  104  105  106  107  108  109  110  111  


  ==> Energy                -307.738444310
  ==> dE                       -2.26e-07
  ==> Gradient Norm             1.64e-01
  ==> Abs. Max. Deriv.          2.04e-02
  ==> Time-Grad. (s)             190.102
  ==> Time-Energy (s)              2.892
  ==> Time-Iter. (s)             194.947

--------------------------------------------------------------------------------
CEO-ADAPT-VQE iteration: 179
--------------------------------------------------------------------------------
    gate        derivative      name       op1       op2       op3        g_unscaled   penalty
   93402       -0.00025879        op     40147     40148                 -0.02510299        97
   93403       -0.00025872        om     40147     40148                 -0.02509601        97
   40147       -0.00022212    a_iajb     40147                           -0.02509950       113
     830       -0.00018988      a_ia       830                           -0.00037976         2
     781       -0.00017184      a_ia       781                           -0.00068735         4
     663        0.00016294      a_ia       663                            0.00162942        10
     831        0.00016119      a_ia       831                            0.00032238         2
   87626       -0.00015779        op     35777     35779                 -0.00994087        63
   87627       -0.00015779        op     35777     35779                 -0.00994087        63
   87622       -0.00015724        op     35777     35778                 -0.00990614        63

  ==> Add operator: mvp2 -1: 40147 40148
  ==> Current qubit order: 0  1  2  3  4  5  8  9  10  11  12  13  14  15  16  17  19  20  21  22  23  28  34  35  18  29  24  42  46  25  67  33  32  74  75  52  43  47  30  71  70  36  37  68  31  69  66  26  86  87  39  81  53  54  56  48  63  62  45  27  59  49  51  6  50  92  93  55  60  44  89  7  88  41  77  57  61  58  76  38  80  40  82  84  85  73  72  64  65  78  79  83  90  91  94  95  96  97  98  99  100  101  102  103  104  105  106  107  108  109  110  111  


  ==> Energy                -307.738574466
  ==> dE                       -1.30e-04
  ==> Gradient Norm             1.61e-01
  ==> Abs. Max. Deriv.          2.51e-02
  ==> Time-Grad. (s)             321.491
  ==> Time-Energy (s)              4.692
  ==> Time-Iter. (s)             328.168

--------------------------------------------------------------------------------
CEO-ADAPT-VQE iteration: 180
--------------------------------------------------------------------------------
    gate        derivative      name       op1       op2       op3        g_unscaled   penalty
     908        0.00019960      a_ia       908                            0.00079840         4
     833       -0.00018536      a_ia       833                           -0.00037071         2
     784       -0.00017134      a_ia       784                           -0.00068537         4
     834        0.00016341      a_ia       834                            0.00032683         2
     666        0.00016177      a_ia       666                            0.00161768        10
     902        0.00014798      a_ia       902                            0.00088790         6
   87031       -0.00014185        op     35345     35346                 -0.01035528        73
   87032       -0.00014100        om     35345     35346                 -0.01029319        73
     596       -0.00013436      a_ia       596                           -0.00026873         2
     831       -0.00012361      a_ia       831                           -0.00074165         6

  ==> Add operator: a_ia 908
  ==> Current qubit order: 0  1  2  3  4  5  8  9  10  11  12  13  14  15  16  17  19  20  21  22  23  28  34  35  18  29  24  42  46  25  67  33  32  74  75  52  43  47  30  71  70  36  37  68  31  69  66  26  86  87  39  81  53  54  56  48  62  63  45  27  59  49  51  6  50  92  93  55  60  44  89  7  88  41  77  57  61  58  76  38  80  40  82  84  85  73  72  64  65  78  79  83  90  91  94  95  96  97  98  99  100  101  102  103  104  105  106  107  108  109  110  111  


  ==> Energy                -307.738574696
  ==> dE                       -2.30e-07
  ==> Gradient Norm             1.48e-01
  ==> Abs. Max. Deriv.          1.87e-02
  ==> Time-Grad. (s)             166.566
  ==> Time-Energy (s)              2.695
  ==> Time-Iter. (s)             171.305

--------------------------------------------------------------------------------
CEO-ADAPT-VQE iteration: 181
--------------------------------------------------------------------------------
    gate        derivative      name       op1       op2       op3        g_unscaled   penalty
   91894        0.00030403        op     39109     39110                  0.01489769        49
   91895        0.00028720        om     39109     39110                  0.01407296        49
   39109        0.00022285    a_iajb     39109                            0.01448533        65
   94065        0.00018725        om     40790     40791                  0.01217154        65
   94064        0.00018668        op     40790     40791                  0.01213412        65
     836       -0.00018316      a_ia       836                           -0.00036632         2
   86776        0.00018173        op     35188     35189                  0.03325643       183
   86777        0.00018173        om     35188     35189                  0.03325643       183
     786       -0.00017196      a_ia       786                           -0.00068782         4
   35188        0.00016712    a_iajb     35188                            0.03325643       199

  ==> Add operator: mvp2 -1: 39109 39110
  ==> Current qubit order: 0  1  2  3  4  5  8  9  10  11  12  13  14  15  16  17  19  20  21  22  23  28  34  35  18  29  24  42  46  25  67  33  32  74  75  52  43  47  30  71  70  36  37  68  31  69  66  26  86  87  39  81  53  54  56  48  62  63  45  27  59  49  51  6  50  92  93  55  60  44  7  88  77  57  61  89  41  76  40  58  38  80  82  84  85  73  72  64  65  78  79  83  90  91  94  95  96  97  98  99  100  101  102  103  104  105  106  107  108  109  110  111  


  ==> Energy                -307.738714511
  ==> dE                       -1.40e-04
  ==> Gradient Norm             1.59e-01
  ==> Abs. Max. Deriv.          3.33e-02
  ==> Time-Grad. (s)             316.586
  ==> Time-Energy (s)              5.531
  ==> Time-Iter. (s)             324.204

--------------------------------------------------------------------------------
CEO-ADAPT-VQE iteration: 182
--------------------------------------------------------------------------------
    gate        derivative      name       op1       op2       op3        g_unscaled   penalty
     789       -0.00034922      a_ia       789                           -0.00069844         2
     838       -0.00025670      a_ia       838                           -0.00051340         2
     795        0.00018097      a_ia       795                            0.00072388         4
   82565        0.00017188        op     31980     31981                  0.01014089        59
   82566        0.00016998        om     31980     31981                  0.01002896        59
     671        0.00016185      a_ia       671                            0.00161849        10
   73948        0.00015831        om     25495     25496                  0.00965668        61
   73947        0.00015765        op     25495     25496                  0.00961667        61
     910        0.00014888      a_ia       910                            0.00089327         6
   86874       -0.00014334        om     35244     35245                 -0.00473024        33

  ==> Add operator: a_ia 789
  ==> Current qubit order: 0  1  2  3  4  5  8  9  10  11  12  13  14  15  16  17  19  20  21  22  23  28  34  35  18  29  24  42  46  25  67  33  32  74  75  52  43  47  30  71  70  36  37  68  31  69  66  26  86  87  39  81  53  54  56  48  62  63  45  27  59  49  51  6  50  92  93  55  60  44  7  88  77  57  61  89  41  76  40  58  38  80  82  84  85  73  72  64  65  78  79  83  90  91  94  95  96  97  98  99  100  101  102  103  104  105  106  107  108  109  110  111  


  ==> Energy                -307.738714894
  ==> dE                       -3.83e-07
  ==> Gradient Norm             1.48e-01
  ==> Abs. Max. Deriv.          1.96e-02
  ==> Time-Grad. (s)             163.181
  ==> Time-Energy (s)              2.477
  ==> Time-Iter. (s)             167.677

--------------------------------------------------------------------------------
CEO-ADAPT-VQE iteration: 183
--------------------------------------------------------------------------------
    gate        derivative      name       op1       op2       op3        g_unscaled   penalty
     845       -0.00025772      a_ia       845                           -0.00051543         2
   91848        0.00022641        om     38842     38843                  0.02377271       105
   91847        0.00022619        op     38842     38843                  0.02375001       105
   38842        0.00019637    a_iajb     38842                            0.02376136       121
     802        0.00017945      a_ia       802                            0.00071781         4
   89571        0.00017349        op     37145     37146                  0.01474625        85
   89572        0.00017330        om     37145     37146                  0.01473071        85
     677        0.00016210      a_ia       677                            0.00162097        10
     606       -0.00015315      a_ia       606                           -0.00030631         2
     917        0.00014887      a_ia       917                            0.00089324         6

  ==> Add operator: a_ia 845
  ==> Current qubit order: 0  1  2  3  4  5  8  9  10  11  12  13  14  15  16  17  19  20  21  22  23  28  34  35  18  29  24  42  46  25  67  33  32  74  75  52  43  47  30  71  70  36  37  68  31  69  66  26  86  87  39  81  53  54  56  48  62  63  45  27  59  49  51  6  50  92  93  55  60  44  7  88  77  57  61  89  41  76  40  58  38  80  82  84  85  73  72  64  65  78  79  83  90  91  94  95  96  97  98  99  100  101  102  103  104  105  106  107  108  109  110  111  


  ==> Energy                -307.738714955
  ==> dE                       -6.09e-08
  ==> Gradient Norm             1.51e-01
  ==> Abs. Max. Deriv.          2.38e-02
  ==> Time-Grad. (s)             180.109
  ==> Time-Energy (s)              2.844
  ==> Time-Iter. (s)             185.010

--------------------------------------------------------------------------------
CEO-ADAPT-VQE iteration: 184
--------------------------------------------------------------------------------
    gate        derivative      name       op1       op2       op3        g_unscaled   penalty
   73539       -0.00024846        om     25167     25168                 -0.01217438        49
   73538       -0.00024731        op     25167     25168                 -0.01211833        49
   25167       -0.00018687    a_iajb     25167                           -0.01214635        65
   87139        0.00018499        om     35485     35486                  0.01905418       103
   87138        0.00018422        op     35485     35486                  0.01897433       103
     807        0.00017851      a_ia       807                            0.00071402         4
     682        0.00016158      a_ia       682                            0.00161577        10
   35485        0.00015978    a_iajb     35485                            0.01901426       119
     610       -0.00015380      a_ia       610                           -0.00030760         2
   89126       -0.00014901        op     37029     37030                 -0.00968589        65

  ==> Add operator: mvp2 -1: 25167 25168
  ==> Current qubit order: 0  1  2  3  4  5  8  9  10  11  12  13  14  15  16  17  19  20  21  22  23  28  34  35  18  29  24  42  46  25  67  33  32  74  75  52  43  47  30  71  70  36  37  68  31  69  66  26  86  87  39  81  53  54  48  62  63  45  56  27  59  6  49  51  50  92  93  55  60  44  7  88  77  57  61  89  41  76  40  58  38  80  82  84  85  73  72  64  65  78  79  83  90  91  94  95  96  97  98  99  100  101  102  103  104  105  106  107  108  109  110  111  


  ==> Energy                -307.738738212
  ==> dE                       -2.33e-05
  ==> Gradient Norm             1.39e-01
  ==> Abs. Max. Deriv.          1.91e-02
  ==> Time-Grad. (s)             182.587
  ==> Time-Energy (s)              5.741
  ==> Time-Iter. (s)             190.352

--------------------------------------------------------------------------------
CEO-ADAPT-VQE iteration: 185
--------------------------------------------------------------------------------
    gate        derivative      name       op1       op2       op3        g_unscaled   penalty
   92182       -0.00029198        om     39098     39099                 -0.01605902        55
   92181       -0.00029050        op     39098     39099                 -0.01597759        55
   88979       -0.00022909        op     36685     36686                 -0.01489094        65
   39098       -0.00022561    a_iajb     39098                           -0.01601830        71
   88980       -0.00022258        om     36685     36686                 -0.01446793        65
     612       -0.00020271      a_ia       612                           -0.00040542         2
   92302        0.00019981        om     39191     39192                  0.01138930        57
   92301        0.00019917        op     39191     39192                  0.01135255        57
   92179       -0.00019136        op     39096     39097                 -0.00784586        41
   92180       -0.00018790        om     39096     39097                 -0.00770396        41

  ==> Add operator: mvp2 -1: 39098 39099
  ==> Current qubit order: 0  1  2  3  4  5  8  9  10  11  12  13  14  15  16  17  19  20  21  22  23  28  34  35  18  29  24  42  46  25  67  33  32  74  75  52  43  47  30  71  70  36  37  68  31  69  66  26  86  87  39  81  53  54  48  62  63  45  56  27  59  6  49  51  50  92  93  55  60  44  7  77  57  61  89  88  41  40  85  76  58  38  80  82  84  73  72  64  65  78  79  83  90  91  94  95  96  97  98  99  100  101  102  103  104  105  106  107  108  109  110  111  


  ==> Energy                -307.738770929
  ==> dE                       -3.27e-05
  ==> Gradient Norm             1.61e-01
  ==> Abs. Max. Deriv.          2.54e-02
  ==> Time-Grad. (s)             170.896
  ==> Time-Energy (s)              5.485
  ==> Time-Iter. (s)             178.415

--------------------------------------------------------------------------------
CEO-ADAPT-VQE iteration: 186
--------------------------------------------------------------------------------
    gate        derivative      name       op1       op2       op3        g_unscaled   penalty
     209       -0.00025894      a_ia       209                           -0.00051788         2
     615       -0.00020233      a_ia       615                           -0.00040466         2
   74944        0.00018342        op     26063     26064                  0.00862053        47
   74945        0.00018281        om     26063     26064                  0.00859219        47
     812        0.00018019      a_ia       812                            0.00072076         4
     687        0.00016139      a_ia       687                            0.00161386        10
   26063        0.00013661    a_iajb     26063                            0.00860636        63
     596        0.00012753      a_ia       596                            0.00025506         2
   88622        0.00012306        op     36480     36481                  0.01046043        85
   88623        0.00012273        om     36480     36481                  0.01043180        85

  ==> Add operator: a_ia 209
  ==> Current qubit order: 0  1  2  3  4  5  8  9  10  11  12  13  14  15  16  17  19  20  21  22  23  28  34  35  18  29  24  42  46  25  67  33  32  74  75  52  43  47  30  71  70  36  37  68  31  69  66  26  86  87  39  81  53  54  48  62  63  45  56  27  59  6  49  51  50  92  93  55  60  44  7  77  57  61  89  88  41  40  85  76  58  38  80  82  84  73  72  64  65  78  79  83  90  91  94  95  96  97  98  99  100  101  102  103  104  105  106  107  108  109  110  111  


  ==> Energy                -307.738770969
  ==> dE                       -4.01e-08
  ==> Gradient Norm             1.44e-01
  ==> Abs. Max. Deriv.          1.59e-02
  ==> Time-Grad. (s)             277.368
  ==> Time-Energy (s)              1.908
  ==> Time-Iter. (s)             281.344

--------------------------------------------------------------------------------
CEO-ADAPT-VQE iteration: 187
--------------------------------------------------------------------------------
    gate        derivative      name       op1       op2       op3        g_unscaled   penalty
     619       -0.00020076      a_ia       619                           -0.00040153         2
     817        0.00018031      a_ia       817                            0.00072126         4
     691        0.00016146      a_ia       691                            0.00161463        10
   91988       -0.00015746        op     39242     39243                 -0.00866033        55
   91989       -0.00015633        om     39242     39243                 -0.00859799        55
   93774       -0.00013683        op     40623     40624                 -0.01080956        79
   93775       -0.00013683        op     40623     40624                 -0.01080956        79
   93778       -0.00013581        op     40623     40625                 -0.01072905        79
   93779       -0.00013581        op     40623     40625                 -0.01072905        79
     600        0.00012702      a_ia       600                            0.00025404         2

  ==> Add operator: a_ia 619
  ==> Current qubit order: 0  1  2  3  4  5  8  9  10  11  12  13  14  15  16  17  19  20  21  22  23  28  34  35  18  29  24  42  46  25  67  33  32  74  75  52  43  47  30  71  70  36  37  68  31  69  66  26  86  87  39  81  53  54  48  62  63  45  56  27  59  6  49  51  50  92  93  55  60  44  7  77  57  61  89  88  41  40  85  76  58  38  80  82  84  73  72  64  65  78  79  83  90  91  94  95  96  97  98  99  100  101  102  103  104  105  106  107  108  109  110  111  


  ==> Energy                -307.738770978
  ==> dE                       -8.96e-09
  ==> Gradient Norm             1.61e-01
  ==> Abs. Max. Deriv.          2.29e-02
  ==> Time-Grad. (s)             165.304
  ==> Time-Energy (s)              2.833
  ==> Time-Iter. (s)             170.404

--------------------------------------------------------------------------------
CEO-ADAPT-VQE iteration: 188
--------------------------------------------------------------------------------
    gate        derivative      name       op1       op2       op3        g_unscaled   penalty
   91025       -0.00024203        om     38189     38190                 -0.01185966        49
   91024       -0.00023977        op     38189     38190                 -0.01174885        49
   74083        0.00021055        om     25357     25358                  0.01831753        87
   74082        0.00020925        op     25357     25358                  0.01820489        87
   38189       -0.00018160    a_iajb     38189                           -0.01180426        65
     818        0.00018060      a_ia       818                            0.00072239         4
   94140        0.00017976        op     40573     40574                  0.01743689        97
   94141        0.00017959        om     40573     40574                  0.01742045        97
   25357        0.00017729    a_iajb     25357                            0.01826121       103
   74165       -0.00017562        om     25412     25413                 -0.00860547        49

  ==> Add operator: mvp2 -1: 38189 38190
  ==> Current qubit order: 0  1  2  3  4  5  8  9  10  11  12  13  14  15  16  17  19  20  21  22  23  28  34  35  18  29  24  42  46  25  67  33  32  74  75  52  43  47  30  71  70  36  39  37  68  31  69  66  26  86  87  81  53  54  48  62  63  45  56  27  59  6  49  51  50  92  93  55  60  44  7  77  57  61  89  88  41  40  85  76  58  38  80  82  84  73  72  64  65  78  79  83  90  91  94  95  96  97  98  99  100  101  102  103  104  105  106  107  108  109  110  111  


  ==> Energy                -307.738801097
  ==> dE                       -3.01e-05
  ==> Gradient Norm             1.54e-01
  ==> Abs. Max. Deriv.          2.10e-02
  ==> Time-Grad. (s)             282.629
  ==> Time-Energy (s)              4.873
  ==> Time-Iter. (s)             289.536

--------------------------------------------------------------------------------
CEO-ADAPT-VQE iteration: 189
--------------------------------------------------------------------------------
    gate        derivative      name       op1       op2       op3        g_unscaled   penalty
     782       -0.00029147      a_ia       782                           -0.00174884         6
   87040        0.00027755        om     35393     35394                  0.02969781       107
   87039        0.00027610        op     35393     35394                  0.02954220       107
   35393        0.00024081    a_iajb     35393                            0.02962000       123
     821        0.00017910      a_ia       821                            0.00071640         4
     694        0.00016120      a_ia       694                            0.00161202        10
   73155        0.00015408        op     24785     24786                  0.01925958       125
   73156        0.00015408        om     24785     24786                  0.01925958       125
   90690        0.00013870        om     38140     38141                  0.01262185        91
   90689        0.00013741        op     38140     38141                  0.01250418        91

  ==> Add operator: a_ia 782
  ==> Current qubit order: 0  1  2  3  4  5  8  9  10  11  12  13  14  15  16  17  19  20  21  22  23  28  34  35  18  29  24  42  46  25  67  33  32  74  75  52  43  47  30  71  70  39  37  36  68  31  69  66  26  86  87  81  53  54  48  62  63  45  56  27  59  6  49  51  50  92  93  55  60  44  7  77  57  61  89  88  41  40  85  76  58  38  80  82  84  73  72  64  65  78  79  83  90  91  94  95  96  97  98  99  100  101  102  103  104  105  106  107  108  109  110  111  


  ==> Energy                -307.738802229
  ==> dE                       -1.13e-06
  ==> Gradient Norm             1.59e-01
  ==> Abs. Max. Deriv.          2.97e-02
  ==> Time-Grad. (s)             184.333
  ==> Time-Energy (s)              1.963
  ==> Time-Iter. (s)             188.401

--------------------------------------------------------------------------------
CEO-ADAPT-VQE iteration: 190
--------------------------------------------------------------------------------
    gate        derivative      name       op1       op2       op3        g_unscaled   penalty
   86652        0.00035195        op     35104     35105                  0.01935699        55
   86653        0.00035194        om     35104     35105                  0.01935667        55
   35104        0.00027263    a_iajb     35104                            0.01935683        71
     828        0.00017910      a_ia       828                            0.00071641         4
     700        0.00016092      a_ia       700                            0.00160919        10
   91092        0.00013234        op     38497     38498                  0.01018998        77
   91093        0.00013042        om     38497     38498                  0.01004198        77
   87281       -0.00012972        om     35585     35586                 -0.01232311        95
     628       -0.00012917      a_ia       628                           -0.00025834         2
   87280       -0.00012859        op     35585     35586                 -0.01221588        95

  ==> Add operator: op -1: 35104 35105
  ==> Current qubit order: 0  1  2  3  4  5  8  9  10  11  12  13  14  15  16  17  19  20  21  22  23  28  34  35  18  29  24  42  46  25  67  33  32  74  75  52  43  47  30  71  70  39  37  36  31  66  86  68  69  26  27  87  81  53  54  48  62  63  45  56  59  6  49  51  50  92  93  55  60  44  7  77  57  61  89  88  41  40  85  76  58  38  80  82  84  73  72  64  65  78  79  83  90  91  94  95  96  97  98  99  100  101  102  103  104  105  106  107  108  109  110  111  


  ==> Energy                -307.738861605
  ==> dE                       -5.94e-05
  ==> Gradient Norm             1.59e-01
  ==> Abs. Max. Deriv.          1.94e-02
  ==> Time-Grad. (s)             172.783
  ==> Time-Energy (s)              2.245
  ==> Time-Iter. (s)             177.039

--------------------------------------------------------------------------------
CEO-ADAPT-VQE iteration: 191
--------------------------------------------------------------------------------
    gate        derivative      name       op1       op2       op3        g_unscaled   penalty
   74446       -0.00019303        om     25633     25634                 -0.00714221        37
   74445       -0.00019120        op     25633     25634                 -0.00707445        37
     832        0.00017913      a_ia       832                            0.00071652         4
   86660        0.00017104        om     34940     34941                  0.00906513        53
   86659        0.00017095        op     34940     34941                  0.00906041        53
     635        0.00015383      a_ia       635                            0.00030766         2
   87722       -0.00014336        om     35732     35733                 -0.01017854        71
   87721       -0.00014319        op     35732     35733                 -0.01016649        71
   25633       -0.00013412    a_iajb     25633                           -0.00710833        53
   34940        0.00013134    a_iajb     34940                            0.00906277        69

  ==> Add operator: mvp2 -1: 25633 25634
  ==> Current qubit order: 0  1  2  3  4  5  8  9  10  11  12  13  14  15  16  17  19  20  21  22  23  28  34  35  18  29  24  42  46  25  67  33  32  74  75  52  43  47  30  71  70  39  37  36  31  66  86  68  69  26  27  87  81  53  54  48  62  45  63  56  6  51  59  49  50  92  93  55  60  44  7  77  57  61  89  88  41  40  85  76  58  38  80  82  84  73  72  64  65  78  79  83  90  91  94  95  96  97  98  99  100  101  102  103  104  105  106  107  108  109  110  111  


  ==> Energy                -307.738872378
  ==> dE                       -1.08e-05
  ==> Gradient Norm             1.61e-01
  ==> Abs. Max. Deriv.          1.99e-02
  ==> Time-Grad. (s)             176.965
  ==> Time-Energy (s)              4.534
  ==> Time-Iter. (s)             183.536

--------------------------------------------------------------------------------
CEO-ADAPT-VQE iteration: 192
--------------------------------------------------------------------------------
    gate        derivative      name       op1       op2       op3        g_unscaled   penalty
   86170        0.00022669        om     34647     34648                  0.01246796        55
   86169        0.00022668        op     34647     34648                  0.01246762        55
     834        0.00017926      a_ia       834                            0.00071705         4
   34647        0.00017560    a_iajb     34647                            0.01246779        71
   90942        0.00016830        om     38255     38256                  0.01194937        71
   90941        0.00016683        op     38255     38256                  0.01184523        71
    1043        0.00015913      a_ia      1043                            0.00031826         2
     637        0.00015350      a_ia       637                            0.00030701         2
   76785        0.00014695        op     27489     27490                  0.02071964       141
   76786        0.00014695        om     27489     27490                  0.02071964       141

  ==> Add operator: om -1: 34647 34648
  ==> Current qubit order: 0  1  2  3  4  5  8  9  10  11  12  13  14  15  16  17  19  20  21  22  23  34  35  18  29  24  42  28  25  74  75  46  67  33  32  52  43  47  30  71  70  39  37  36  31  66  86  68  69  26  27  87  81  53  54  48  62  45  63  56  6  51  59  49  50  92  93  55  60  44  7  77  57  61  89  88  41  40  85  76  58  38  80  82  84  73  72  64  65  78  79  83  90  91  94  95  96  97  98  99  100  101  102  103  104  105  106  107  108  109  110  111  


  ==> Energy                -307.738890882
  ==> dE                       -1.85e-05
  ==> Gradient Norm             1.51e-01
  ==> Abs. Max. Deriv.          2.07e-02
  ==> Time-Grad. (s)             169.786
  ==> Time-Energy (s)              3.904
  ==> Time-Iter. (s)             175.750

--------------------------------------------------------------------------------
CEO-ADAPT-VQE iteration: 193
--------------------------------------------------------------------------------
    gate        derivative      name       op1       op2       op3        g_unscaled   penalty
     834        0.00017928      a_ia       834                            0.00071711         4
    1043        0.00015927      a_ia      1043                            0.00031854         2
     637        0.00015333      a_ia       637                            0.00030666         2
   91567        0.00014762        op     38680     38681                  0.01254774        85
   91568        0.00014760        om     38680     38681                  0.01254572        85
   91487       -0.00014402        op     38618     38619                 -0.02059555       143
   91488       -0.00014190        om     38618     38619                 -0.02029152       143
   91779       -0.00013207        op     38844     38845                 -0.00858438        65
   91780       -0.00013002        om     38844     38845                 -0.00845152        65
   38618       -0.00012858    a_iajb     38618                           -0.02044353       159

  ==> Add operator: a_ia 834
  ==> Current qubit order: 0  1  2  3  4  5  8  9  10  11  12  13  14  15  16  17  19  20  21  22  23  34  35  18  29  24  42  28  25  74  75  46  67  33  32  52  43  47  30  71  70  39  37  36  31  66  86  68  69  26  27  87  81  53  54  48  62  45  63  56  6  51  59  49  50  92  93  55  60  44  7  77  57  61  89  88  41  40  85  76  58  80  38  82  84  73  72  64  65  78  79  83  90  91  94  95  96  97  98  99  100  101  102  103  104  105  106  107  108  109  110  111  


  ==> Energy                -307.738891008
  ==> dE                       -1.26e-07
  ==> Gradient Norm             1.65e-01
  ==> Abs. Max. Deriv.          2.14e-02
  ==> Time-Grad. (s)             167.891
  ==> Time-Energy (s)              2.687
  ==> Time-Iter. (s)             172.623

--------------------------------------------------------------------------------
CEO-ADAPT-VQE iteration: 194
--------------------------------------------------------------------------------
    gate        derivative      name       op1       op2       op3        g_unscaled   penalty
    1047        0.00016072      a_ia      1047                            0.00032144         2
     641        0.00015600      a_ia       641                            0.00031201         2
   87866       -0.00014220        op     35748     35749                 -0.01805976       127
   87867       -0.00014220        op     35748     35749                 -0.01805976       127
   87870       -0.00014090        op     35748     35750                 -0.01789424       127
   87871       -0.00014090        op     35748     35750                 -0.01789424       127
   73645        0.00013392        om     24976     24977                  0.00977602        73
   73644        0.00013380        op     24976     24977                  0.00976706        73
   92076       -0.00013296        op     38977     38978                 -0.01156766        87
   92077       -0.00013286        om     38977     38978                 -0.01155846        87

  ==> Add operator: a_ia 1047
  ==> Current qubit order: 0  1  2  3  4  5  8  9  10  11  12  13  14  15  16  17  19  20  21  22  23  34  35  18  29  24  42  28  25  74  75  46  67  33  32  52  43  47  30  71  70  39  37  36  31  66  86  68  69  26  27  87  81  53  54  48  62  45  63  56  6  51  59  49  50  92  93  55  60  44  7  77  57  61  89  88  41  40  85  76  58  80  38  82  84  73  72  64  65  78  79  83  90  91  94  95  96  97  98  99  100  101  102  103  104  105  106  107  108  109  110  111  


  ==> Energy                -307.738891099
  ==> dE                       -9.04e-08
  ==> Gradient Norm             1.61e-01
  ==> Abs. Max. Deriv.          1.81e-02
  ==> Time-Grad. (s)             270.854
  ==> Time-Energy (s)              2.549
  ==> Time-Iter. (s)             275.449

--------------------------------------------------------------------------------
CEO-ADAPT-VQE iteration: 195
--------------------------------------------------------------------------------
    gate        derivative      name       op1       op2       op3        g_unscaled   penalty
     644        0.00015617      a_ia       644                            0.00031234         2
   87988       -0.00012132        op     35729     35730                 -0.01152502        95
   87989       -0.00012104        om     35729     35730                 -0.01149865        95
     599       -0.00011981      a_ia       599                           -0.00047926         4
     712        0.00011483      a_ia       712                            0.00160758        14
     844       -0.00011360      a_ia       844                           -0.00045439         4
     962        0.00011248      a_ia       962                            0.00089988         8
   35729       -0.00010371    a_iajb     35729                           -0.01151184       111
    1046        0.00009943      a_ia      1046                            0.00019886         2
    1003        0.00009823      a_ia      1003                            0.00176823        18

  ==> Add operator: a_ia 644
  ==> Current qubit order: 0  1  2  3  4  5  8  9  10  11  12  13  14  15  16  17  19  20  21  22  23  34  35  18  29  24  42  28  25  74  75  46  67  33  32  52  43  47  30  71  70  39  37  36  31  66  86  68  69  26  27  87  81  53  54  48  62  45  63  56  6  51  59  49  50  92  93  55  60  44  7  77  57  61  89  88  41  40  85  76  58  80  38  82  84  73  72  64  65  78  79  83  90  91  94  95  96  97  98  99  100  101  102  103  104  105  106  107  108  109  110  111  


  ==> Energy                -307.738891110
  ==> dE                       -1.13e-08
  ==> Gradient Norm             1.45e-01
  ==> Abs. Max. Deriv.          1.69e-02
  ==> Time-Grad. (s)             168.371
  ==> Time-Energy (s)              2.497
  ==> Time-Iter. (s)             172.872

--------------------------------------------------------------------------------
CEO-ADAPT-VQE iteration: 196
--------------------------------------------------------------------------------
    gate        derivative      name       op1       op2       op3        g_unscaled   penalty
   75148       -0.00019152        op     26107     26108                 -0.01589655        83
   75149       -0.00018787        om     26107     26108                 -0.01559304        83
   86325        0.00017072        om     34517     34518                  0.01041376        61
   86324        0.00016922        op     34517     34518                  0.01032253        61
   26107       -0.00015904    a_iajb     26107                           -0.01574480        99
   91950       -0.00014337        op     38811     38812                 -0.00673856        47
   91951       -0.00014307        om     38811     38812                 -0.00672431        47
   34517        0.00013465    a_iajb     34517                            0.01036814        77
     602       -0.00011971      a_ia       602                           -0.00047885         4
   92756       -0.00011683        op     39425     39426                 -0.01320213       113

  ==> Add operator: mvp2 -1: 26107 26108
  ==> Current qubit order: 0  1  2  3  4  5  8  9  10  11  12  13  14  15  16  17  19  20  21  22  23  34  35  18  29  24  42  28  25  74  75  46  67  33  32  52  43  47  30  71  70  39  37  36  31  66  86  68  69  26  27  87  81  53  54  62  45  63  56  6  51  59  49  50  92  93  55  60  48  7  57  84  44  77  61  89  88  41  40  85  76  58  80  38  82  73  72  64  65  78  79  83  90  91  94  95  96  97  98  99  100  101  102  103  104  105  106  107  108  109  110  111  


  ==> Energy                -307.738954826
  ==> dE                       -6.37e-05
  ==> Gradient Norm             1.47e-01
  ==> Abs. Max. Deriv.          1.59e-02
  ==> Time-Grad. (s)             166.030
  ==> Time-Energy (s)              4.525
  ==> Time-Iter. (s)             172.582

--------------------------------------------------------------------------------
CEO-ADAPT-VQE iteration: 197
--------------------------------------------------------------------------------
    gate        derivative      name       op1       op2       op3        g_unscaled   penalty
   74222       -0.00022687        om     25429     25430                 -0.01020937        45
   74221       -0.00022332        op     25429     25430                 -0.01004962        45
   94124        0.00018581        om     40534     40535                  0.00873311        47
   94123        0.00018580        op     40534     40535                  0.00873281        47
   92177       -0.00018116        op     39049     39051                 -0.01322446        73
   92178       -0.00018116        op     39049     39051                 -0.01322446        73
   92173       -0.00018025        op     39049     39050                 -0.01315857        73
   92174       -0.00018025        op     39049     39050                 -0.01315857        73
    1010        0.00017296      a_ia      1010                            0.00172965        10
   25429       -0.00016606    a_iajb     25429                           -0.01012949        61

  ==> Add operator: mvp2 -1: 25429 25430
  ==> Current qubit order: 0  1  2  3  4  5  8  9  10  11  12  13  14  15  16  17  19  20  21  22  23  34  35  18  29  24  42  28  25  74  75  46  67  33  32  52  43  47  30  71  70  39  37  36  31  66  86  68  69  26  27  87  81  53  54  62  45  63  56  6  59  49  51  50  92  93  55  60  48  7  57  84  44  77  61  89  88  41  40  85  76  58  80  38  82  73  72  64  65  78  79  83  90  91  94  95  96  97  98  99  100  101  102  103  104  105  106  107  108  109  110  111  


  ==> Energy                -307.738986976
  ==> dE                       -3.21e-05
  ==> Gradient Norm             1.47e-01
  ==> Abs. Max. Deriv.          1.73e-02
  ==> Time-Grad. (s)             291.883
  ==> Time-Energy (s)              5.439
  ==> Time-Iter. (s)             299.349

--------------------------------------------------------------------------------
CEO-ADAPT-VQE iteration: 198
--------------------------------------------------------------------------------
    gate        derivative      name       op1       op2       op3        g_unscaled   penalty
   74709       -0.00024148        om     25866     25867                 -0.01666190        69
   74708       -0.00024077        op     25866     25867                 -0.01661331        69
   25866       -0.00019574    a_iajb     25866                           -0.01663760        85
   89566        0.00019143        op     37082     37083                  0.02048294       107
   89567        0.00019143        om     37082     37083                  0.02048294       107
    1012        0.00017419      a_ia      1012                            0.00174193        10
   95066        0.00016909        op     41310     41311                  0.01335783        79
   95067        0.00016909        om     41310     41311                  0.01335783        79
   37082        0.00016653    a_iajb     37082                            0.02048294       123
   41310        0.00014061    a_iajb     41310                            0.01335783        95

  ==> Add operator: mvp2 -1: 25866 25867
  ==> Current qubit order: 0  1  2  3  4  5  8  9  10  11  12  13  14  15  16  17  19  20  21  22  23  34  35  18  29  24  42  28  25  74  75  46  67  33  32  52  43  47  30  71  70  39  37  36  31  66  86  68  69  26  27  87  81  53  54  62  45  63  56  6  59  49  51  50  93  55  60  48  57  84  44  92  7  89  40  77  61  88  41  85  76  58  80  38  82  73  72  64  65  78  79  83  90  91  94  95  96  97  98  99  100  101  102  103  104  105  106  107  108  109  110  111  


  ==> Energy                -307.739010931
  ==> dE                       -2.40e-05
  ==> Gradient Norm             1.63e-01
  ==> Abs. Max. Deriv.          2.05e-02
  ==> Time-Grad. (s)             173.111
  ==> Time-Energy (s)              5.237
  ==> Time-Iter. (s)             180.380

--------------------------------------------------------------------------------
CEO-ADAPT-VQE iteration: 199
--------------------------------------------------------------------------------
    gate        derivative      name       op1       op2       op3        g_unscaled   penalty
    1015        0.00021775      a_ia      1015                            0.00174198         8
   74780       -0.00014248        op     25861     25862                 -0.00954634        67
   92113       -0.00014229        om     39110     39111                 -0.01067149        75
   92112       -0.00014077        op     39110     39111                 -0.01055769        75
   74781       -0.00014004        om     25861     25862                 -0.00938285        67
   87173       -0.00013798        om     35271     35272                 -0.01448823       105
   87172       -0.00013765        op     35271     35272                 -0.01445315       105
   73301        0.00013168        om     24735     24736                  0.01856695       141
   73300        0.00013167        op     24735     24736                  0.01856597       141
     605       -0.00012774      a_ia       605                           -0.00051096         4

  ==> Add operator: a_ia 1015
  ==> Current qubit order: 0  1  2  3  4  5  8  9  10  11  12  13  14  15  16  17  19  20  21  22  23  34  35  18  29  24  42  28  25  74  75  46  67  33  32  52  43  47  30  71  70  39  37  36  31  66  86  68  69  26  27  87  81  53  54  62  45  63  56  6  59  49  51  93  55  60  50  48  57  84  44  92  7  89  40  77  61  88  41  85  76  58  80  38  82  73  72  64  65  78  79  83  90  91  94  95  96  97  98  99  100  101  102  103  104  105  106  107  108  109  110  111  


  ==> Energy                -307.739325690
  ==> dE                       -3.15e-04
  ==> Gradient Norm             1.60e-01
  ==> Abs. Max. Deriv.          2.19e-02
  ==> Time-Grad. (s)             157.788
  ==> Time-Energy (s)              2.957
  ==> Time-Iter. (s)             162.753

--------------------------------------------------------------------------------
CEO-ADAPT-VQE iteration: 200
--------------------------------------------------------------------------------
    gate        derivative      name       op1       op2       op3        g_unscaled   penalty
   87615       -0.00019688        op     35660     35661                 -0.01358498        69
   87616       -0.00019667        om     35660     35661                 -0.01356997        69
   74794       -0.00018467        om     25886     25887                 -0.01089547        59
   74793       -0.00018197        op     25886     25887                 -0.01073645        59
   92070        0.00016086        om     39076     39077                  0.02686354       167
   92069        0.00016030        op     39076     39077                  0.02677055       167
   35660       -0.00015973    a_iajb     35660                           -0.01357747        85
   39076        0.00014654    a_iajb     39076                            0.02681704       183
   85789        0.00014423        op     34290     34291                  0.01283633        89
   85790        0.00014423        op     34290     34291                  0.01283633        89

  ==> Add operator: mvp2 -1: 35660 35661
  ==> Current qubit order: 0  1  2  3  4  5  8  9  10  11  12  13  14  15  16  17  19  20  21  22  23  34  35  18  29  24  42  28  25  74  75  46  67  33  32  52  43  47  30  71  70  39  37  36  31  66  86  68  69  26  87  81  53  54  62  45  63  56  27  59  60  48  6  49  51  93  55  50  57  84  44  92  7  89  40  77  61  88  41  85  76  58  80  38  82  73  72  64  65  78  79  83  90  91  94  95  96  97  98  99  100  101  102  103  104  105  106  107  108  109  110  111  


  ==> Energy                -307.739367680
  ==> dE                       -4.20e-05
  ==> Gradient Norm             1.62e-01
  ==> Abs. Max. Deriv.          2.69e-02
  ==> Time-Grad. (s)             187.079
  ==> Time-Energy (s)            433.620
  ==> Time-Iter. (s)             622.715

--------------------------------------------------------------------------------
CEO-ADAPT-VQE iteration: 201
--------------------------------------------------------------------------------
    gate        derivative      name       op1       op2       op3        g_unscaled   penalty
     656        0.00034428      a_ia       656                            0.00550843        16
     651        0.00029617      a_ia       651                            0.00059234         2
     632       -0.00025307      a_ia       632                           -0.00151839         6
     179       -0.00020187      a_ia       179                           -0.00040374         2
   89531       -0.00014549        op     36855     36856                 -0.02080480       143
   89532       -0.00014076        om     36855     36856                 -0.02012882       143
   92250        0.00013686        om     38907     38908                  0.01300148        95
   92249        0.00013674        op     38907     38908                  0.01299058        95
   87871        0.00013428        op     35570     35571                  0.00926522        69
     727        0.00013197      a_ia       727                            0.00158369        12

  ==> Add operator: a_ia 656
  ==> Current qubit order: 0  1  2  3  4  5  8  9  10  11  12  13  14  15  16  17  19  20  21  22  23  34  35  18  29  24  42  28  25  74  75  46  67  33  32  52  43  47  30  71  70  39  37  36  31  66  86  68  69  26  81  53  54  62  45  63  56  87  27  59  60  48  6  49  51  93  55  50  57  84  44  92  7  89  40  77  61  88  41  85  76  58  80  38  82  73  72  64  65  78  79  83  90  91  94  95  96  97  98  99  100  101  102  103  104  105  106  107  108  109  110  111  


  ==> Energy                -307.739373496
  ==> dE                       -5.82e-06
  ==> Gradient Norm             1.56e-01
  ==> Abs. Max. Deriv.          2.08e-02
  ==> Time-Grad. (s)             171.488
  ==> Time-Energy (s)              2.641
  ==> Time-Iter. (s)             176.276

--------------------------------------------------------------------------------
CEO-ADAPT-VQE iteration: 202
--------------------------------------------------------------------------------
    gate        derivative      name       op1       op2       op3        g_unscaled   penalty
   89660        0.00030634        om     37027     37028                  0.01868695        61
   89659        0.00030236        op     37027     37028                  0.01844378        61
     653        0.00029734      a_ia       653                            0.00059469         2
     634       -0.00027730      a_ia       634                           -0.00166381         6
   37027        0.00024111    a_iajb     37027                            0.01856536        77
     180       -0.00020188      a_ia       180                           -0.00040377         2
   87959        0.00017650        op     35726     35727                  0.01817939       103
   87960        0.00017534        om     35726     35727                  0.01805998       103
   35726        0.00015227    a_iajb     35726                            0.01811969       119
   74220        0.00014072        om     25358     25359                  0.01674559       119

  ==> Add operator: mvp2 -1: 37027 37028
  ==> Current qubit order: 0  1  2  3  4  5  8  9  10  11  12  13  14  15  16  17  19  20  21  22  23  34  35  18  29  24  42  28  25  74  75  46  67  33  32  52  43  47  30  71  70  39  37  66  68  69  26  36  31  86  87  81  53  54  62  45  63  56  27  59  60  48  6  49  51  93  55  50  57  84  44  92  7  89  40  77  61  88  41  85  76  58  80  38  82  73  72  64  65  78  79  83  90  91  94  95  96  97  98  99  100  101  102  103  104  105  106  107  108  109  110  111  


  ==> Energy                -307.739432902
  ==> dE                       -5.94e-05
  ==> Gradient Norm             1.65e-01
  ==> Abs. Max. Deriv.          3.13e-02
  ==> Time-Grad. (s)             156.899
  ==> Time-Energy (s)              4.782
  ==> Time-Iter. (s)             163.687

--------------------------------------------------------------------------------
CEO-ADAPT-VQE iteration: 203
--------------------------------------------------------------------------------
    gate        derivative      name       op1       op2       op3        g_unscaled   penalty
     731        0.00062528      a_ia       731                            0.00250112         4
     655        0.00029670      a_ia       655                            0.00059340         2
     636       -0.00027842      a_ia       636                           -0.00167051         6
     180       -0.00020227      a_ia       180                           -0.00040454         2
   73645        0.00018173        om     24963     24964                  0.01908145       105
   73644        0.00018164        op     24963     24964                  0.01907207       105
   24963        0.00015766    a_iajb     24963                            0.01907676       121
   86747        0.00012615        om     34915     34916                  0.02182418       173
   86746        0.00012541        op     34915     34916                  0.02169543       173
   88770        0.00011953        op     36468     36469                  0.00633514        53

  ==> Add operator: a_ia 731
  ==> Current qubit order: 0  1  2  3  4  5  8  9  10  11  12  13  14  15  16  17  19  20  21  22  23  34  35  18  29  24  42  28  25  74  75  46  67  33  32  52  43  47  30  71  70  39  37  66  68  69  26  36  86  31  87  81  53  54  62  45  63  56  27  59  60  48  6  49  51  93  55  50  57  84  44  92  7  89  40  77  61  88  41  85  76  58  80  38  82  73  72  64  65  78  79  83  90  91  94  95  96  97  98  99  100  101  102  103  104  105  106  107  108  109  110  111  


  ==> Energy                -307.739434120
  ==> dE                       -1.22e-06
  ==> Gradient Norm             1.56e-01
  ==> Abs. Max. Deriv.          2.38e-02
  ==> Time-Grad. (s)             166.549
  ==> Time-Energy (s)              2.436
  ==> Time-Iter. (s)             170.991

--------------------------------------------------------------------------------
CEO-ADAPT-VQE iteration: 204
--------------------------------------------------------------------------------
    gate        derivative      name       op1       op2       op3        g_unscaled   penalty
     638       -0.00040984      a_ia       638                           -0.00163935         4
   93776        0.00037288        op     39939     39940                  0.02647441        71
   93777        0.00037247        om     39939     39940                  0.02644568        71
   39939        0.00030414    a_iajb     39939                            0.02646005        87
     657        0.00029666      a_ia       657                            0.00059332         2
     181       -0.00020227      a_ia       181                           -0.00040454         2
   87236        0.00012492        op     34956     34957                  0.01036818        83
   87237        0.00012492        om     34956     34957                  0.01036818        83
    1131       -0.00011781      a_ia      1131                           -0.00023563         2
    1062       -0.00011608      a_ia      1062                           -0.00046431         4

  ==> Add operator: a_ia 638
  ==> Current qubit order: 0  1  2  3  4  5  8  9  10  11  12  13  14  15  16  17  19  20  21  22  23  34  35  18  29  24  42  28  25  74  75  46  67  33  32  52  43  47  30  71  70  39  37  66  68  69  36  26  86  31  87  81  53  54  62  45  63  56  27  59  60  48  6  49  51  93  55  50  57  84  44  92  7  89  40  77  61  88  41  85  76  58  80  38  82  73  72  64  65  78  79  83  90  91  94  95  96  97  98  99  100  101  102  103  104  105  106  107  108  109  110  111  


  ==> Energy                -307.739434748
  ==> dE                       -6.29e-07
  ==> Gradient Norm             1.59e-01
  ==> Abs. Max. Deriv.          2.65e-02
  ==> Time-Grad. (s)             167.713
  ==> Time-Energy (s)              2.516
  ==> Time-Iter. (s)             172.234

--------------------------------------------------------------------------------
CEO-ADAPT-VQE iteration: 205
--------------------------------------------------------------------------------
    gate        derivative      name       op1       op2       op3        g_unscaled   penalty
     662        0.00029714      a_ia       662                            0.00059427         2
   91555       -0.00020402        om     38452     38453                 -0.02754326       135
   91554       -0.00020232        op     38452     38453                 -0.02731368       135
     181       -0.00020228      a_ia       181                           -0.00040455         2
   38452       -0.00018165    a_iajb     38452                           -0.02742847       151
   92365       -0.00018155        om     39100     39101                 -0.01724724        95
   92364       -0.00018004        op     39100     39101                 -0.01710370        95
   73574        0.00017644        op     24837     24838                  0.01852663       105
   73575        0.00017470        om     24837     24838                  0.01834352       105
   39100       -0.00015473    a_iajb     39100                           -0.01717547       111

  ==> Add operator: a_ia 662
  ==> Current qubit order: 0  1  2  3  4  5  8  9  10  11  12  13  14  15  16  17  19  20  21  22  23  34  35  18  29  24  42  28  25  74  75  46  67  33  32  52  43  47  30  71  70  39  37  66  68  69  36  26  86  31  87  81  53  54  62  45  63  56  27  59  60  48  6  49  51  93  55  50  57  84  44  92  7  89  40  77  61  88  41  85  76  58  80  38  82  73  72  64  65  78  79  83  90  91  94  95  96  97  98  99  100  101  102  103  104  105  106  107  108  109  110  111  


  ==> Energy                -307.739435033
  ==> dE                       -2.85e-07
  ==> Gradient Norm             1.51e-01
  ==> Abs. Max. Deriv.          2.75e-02
  ==> Time-Grad. (s)             212.274
  ==> Time-Energy (s)              2.408
  ==> Time-Iter. (s)             216.715

--------------------------------------------------------------------------------
CEO-ADAPT-VQE iteration: 206
--------------------------------------------------------------------------------
    gate        derivative      name       op1       op2       op3        g_unscaled   penalty
   92134       -0.00025903        op     38774     38775                 -0.01424687        55
   92135       -0.00025868        om     38774     38775                 -0.01422734        55
     181       -0.00020225      a_ia       181                           -0.00040451         2
   38774       -0.00020052    a_iajb     38774                           -0.01423710        71
   92615        0.00013760        om     39143     39144                  0.01114534        81
   92614        0.00013756        op     39143     39144                  0.01114213        81
   86522        0.00013728        op     34545     34546                  0.01304184        95
   86523        0.00013707        om     34545     34546                  0.01302195        95
     665       -0.00013067      a_ia       665                           -0.00026135         2
   82726        0.00011742        op     31676     31677                  0.02219244       189

  ==> Add operator: mvp2 -1: 38774 38775
  ==> Current qubit order: 0  1  2  3  4  5  8  9  10  11  12  13  14  15  16  17  19  20  21  22  23  34  35  18  29  24  42  28  25  74  75  46  67  33  32  52  43  47  30  71  70  39  37  66  68  69  36  26  86  31  87  81  53  54  62  45  63  56  27  59  60  48  6  49  51  55  50  57  84  44  92  7  89  40  77  61  93  88  41  38  85  76  58  80  82  73  72  64  65  78  79  83  90  91  94  95  96  97  98  99  100  101  102  103  104  105  106  107  108  109  110  111  


  ==> Energy                -307.739455423
  ==> dE                       -2.04e-05
  ==> Gradient Norm             1.65e-01
  ==> Abs. Max. Deriv.          2.22e-02
  ==> Time-Grad. (s)             170.779
  ==> Time-Energy (s)              5.126
  ==> Time-Iter. (s)             177.936

--------------------------------------------------------------------------------
CEO-ADAPT-VQE iteration: 207
--------------------------------------------------------------------------------
    gate        derivative      name       op1       op2       op3        g_unscaled   penalty
     182       -0.00020226      a_ia       182                           -0.00040452         2
   91752        0.00016744        op     38563     38564                  0.01255827        75
   91753        0.00016705        om     38563     38564                  0.01252861        75
   94468        0.00015128        op     40619     40620                  0.01739704       115
   94469        0.00015113        om     40619     40620                  0.01737989       115
   74155        0.00014437        om     25258     25259                  0.00447552        31
   74154        0.00014172        op     25258     25259                  0.00439332        31
   89759       -0.00013958        om     37037     37038                 -0.01186434        85
   38563        0.00013784    a_iajb     38563                            0.01254344        91
   89758       -0.00013333        op     37037     37038                 -0.01133309        85

  ==> Add operator: a_ia 182
  ==> Current qubit order: 0  1  2  3  4  5  8  9  10  11  12  13  14  15  16  17  19  20  21  22  23  34  35  18  29  24  42  28  25  74  75  46  67  33  32  52  43  47  30  71  70  39  37  66  68  69  36  26  86  31  87  81  53  54  62  45  63  56  27  59  60  48  6  49  51  55  50  57  84  44  92  7  89  40  77  61  93  88  41  38  85  76  58  80  82  73  72  64  65  78  79  83  90  91  94  95  96  97  98  99  100  101  102  103  104  105  106  107  108  109  110  111  


  ==> Energy                -307.739482156
  ==> dE                       -2.67e-05
  ==> Gradient Norm             1.44e-01
  ==> Abs. Max. Deriv.          1.94e-02
  ==> Time-Grad. (s)             165.967
  ==> Time-Energy (s)              2.341
  ==> Time-Iter. (s)             170.316

--------------------------------------------------------------------------------
CEO-ADAPT-VQE iteration: 208
--------------------------------------------------------------------------------
    gate        derivative      name       op1       op2       op3        g_unscaled   penalty
   89896       -0.00027757        om     37009     37010                 -0.01249080        45
   89895       -0.00026347        op     37009     37010                 -0.01185599        45
   37009       -0.00019956    a_iajb     37009                           -0.01217339        61
     669       -0.00013533      a_ia       669                           -0.00027066         2
    1148       -0.00011297      a_ia      1148                           -0.00022593         2
   88244       -0.00010645        om     35765     35766                 -0.00691931        65
   88243       -0.00010573        op     35765     35766                 -0.00687265        65
     186        0.00010228      a_ia       186                            0.00040913         4
    1220       -0.00010137      a_ia      1220                           -0.00060820         6
    1065        0.00010122      a_ia      1065                            0.00080979         8

  ==> Add operator: mvp2 -1: 37009 37010
  ==> Current qubit order: 0  1  2  3  4  5  8  9  10  11  12  13  14  15  16  17  19  20  21  22  23  34  35  18  29  24  42  28  25  74  75  46  67  33  32  52  43  47  30  71  70  39  37  66  68  69  26  36  86  31  81  87  53  54  62  45  63  56  27  59  60  48  6  49  51  55  50  57  84  44  92  7  89  40  77  61  93  88  41  38  85  76  58  80  82  73  72  64  65  78  79  83  90  91  94  95  96  97  98  99  100  101  102  103  104  105  106  107  108  109  110  111  


  ==> Energy                -307.739590110
  ==> dE                       -1.08e-04
  ==> Gradient Norm             1.52e-01
  ==> Abs. Max. Deriv.          1.93e-02
  ==> Time-Grad. (s)             223.318
  ==> Time-Energy (s)              4.818
  ==> Time-Iter. (s)             230.158

--------------------------------------------------------------------------------
CEO-ADAPT-VQE iteration: 209
--------------------------------------------------------------------------------
    gate        derivative      name       op1       op2       op3        g_unscaled   penalty
   88171        0.00019204        om     35990     35991                  0.00940974        49
   88170        0.00018982        op     35990     35991                  0.00930115        49
   88116        0.00017142        op     35945     35946                  0.01319963        77
   88117        0.00017142        op     35945     35946                  0.01319963        77
   74094       -0.00016813        op     25253     25254                 -0.00790202        47
   74095       -0.00016807        om     25253     25254                 -0.00789920        47
   88120        0.00016794        op     35945     35947                  0.01293103        77
   88121        0.00016794        op     35945     35947                  0.01293103        77
   35990        0.00014393    a_iajb     35990                            0.00935544        65
   35945        0.00013942    a_iajb     35945                            0.01296651        93

  ==> Add operator: mvp2 -1: 35990 35991
  ==> Current qubit order: 0  1  2  3  4  5  8  9  10  11  12  13  14  15  16  17  19  20  21  22  23  34  35  18  29  24  42  28  25  74  75  46  67  33  32  52  43  47  30  71  70  39  37  66  68  69  26  36  86  31  81  87  53  54  62  45  63  56  59  60  6  49  51  27  48  57  84  55  50  44  92  7  89  40  77  61  93  88  41  38  85  76  58  80  82  73  72  64  65  78  79  83  90  91  94  95  96  97  98  99  100  101  102  103  104  105  106  107  108  109  110  111  


  ==> Energy                -307.739619457
  ==> dE                       -2.93e-05
  ==> Gradient Norm             1.57e-01
  ==> Abs. Max. Deriv.          1.68e-02
  ==> Time-Grad. (s)             220.825
  ==> Time-Energy (s)              4.887
  ==> Time-Iter. (s)             227.647

--------------------------------------------------------------------------------
CEO-ADAPT-VQE iteration: 210
--------------------------------------------------------------------------------
    gate        derivative      name       op1       op2       op3        g_unscaled   penalty
   94445        0.00028681        om     40654     40655                  0.01979014        69
   94444        0.00028581        op     40654     40655                  0.01972119        69
   40654        0.00023242    a_iajb     40654                            0.01975566        85
     187        0.00021515      a_ia       187                            0.00043030         2
   89670       -0.00015794        op     37023     37024                 -0.01184578        75
   89671       -0.00015794        op     37023     37024                 -0.01184578        75
   89674       -0.00015485        op     37023     37025                 -0.01161338        75
   89675       -0.00015485        op     37023     37025                 -0.01161338        75
    1230       -0.00015347      a_ia      1230                           -0.00061390         4
   92854       -0.00014359        op     39454     39455                 -0.01766131       123

  ==> Add operator: mvp2 -1: 40654 40655
  ==> Current qubit order: 0  1  2  3  4  5  8  9  10  11  12  13  14  15  16  17  19  20  21  22  23  34  35  18  29  24  42  28  25  74  75  46  67  33  32  52  43  47  30  71  70  39  37  66  68  69  26  36  31  81  53  54  62  45  86  87  49  48  63  56  59  60  6  51  27  57  84  55  50  44  92  7  89  40  77  61  93  88  41  38  85  76  58  80  82  73  72  64  65  78  79  83  90  91  94  95  96  97  98  99  100  101  102  103  104  105  106  107  108  109  110  111  


  ==> Energy                -307.739672204
  ==> dE                       -5.27e-05
  ==> Gradient Norm             1.55e-01
  ==> Abs. Max. Deriv.          1.98e-02
  ==> Time-Grad. (s)             218.936
  ==> Time-Energy (s)              5.334
  ==> Time-Iter. (s)             226.250

--------------------------------------------------------------------------------
CEO-ADAPT-VQE iteration: 211
--------------------------------------------------------------------------------
    gate        derivative      name       op1       op2       op3        g_unscaled   penalty
     187        0.00021582      a_ia       187                            0.00043164         2
   92076       -0.00019186        op     38989     38990                 -0.01592469        83
   92077       -0.00018491        om     38989     38990                 -0.01534719        83
   89026       -0.00016694        op     36650     36651                 -0.02086809       125
   89027       -0.00016633        om     36650     36651                 -0.02079080       125
   38989       -0.00015794    a_iajb     38989                           -0.01563594        99
   94174        0.00015440        op     40571     40572                  0.02300595       149
   94175        0.00015440        om     40571     40572                  0.02300595       149
   89408       -0.00015437        op     36945     36946                 -0.01837028       119
   89409       -0.00015437        op     36945     36946                 -0.01837028       119

  ==> Add operator: a_ia 187
  ==> Current qubit order: 0  1  2  3  4  5  8  9  10  11  12  13  14  15  16  17  19  20  21  22  23  34  35  18  29  24  42  28  25  74  75  46  67  33  32  52  43  47  30  71  70  39  37  66  68  69  26  36  31  81  53  54  62  45  86  87  49  48  63  56  59  60  6  51  27  57  84  55  50  44  92  7  89  40  77  61  93  88  41  38  85  76  58  80  82  73  72  64  65  78  79  83  90  91  94  95  96  97  98  99  100  101  102  103  104  105  106  107  108  109  110  111  


  ==> Energy                -307.739672246
  ==> dE                       -4.26e-08
  ==> Gradient Norm             1.59e-01
  ==> Abs. Max. Deriv.          2.30e-02
  ==> Time-Grad. (s)             169.400
  ==> Time-Energy (s)              2.816
  ==> Time-Iter. (s)             174.259

--------------------------------------------------------------------------------
CEO-ADAPT-VQE iteration: 212
--------------------------------------------------------------------------------
    gate        derivative      name       op1       op2       op3        g_unscaled   penalty
   92303       -0.00026778        op     39130     39131                 -0.01205030        45
   92304       -0.00026755        om     39130     39131                 -0.01203974        45
   39130       -0.00019746    a_iajb     39130                           -0.01204502        61
   88896        0.00018552        om     36517     36518                  0.01020338        55
   88895        0.00018470        op     36517     36518                  0.01015842        55
    1237       -0.00015340      a_ia      1237                           -0.00061358         4
   87666        0.00014722        om     35545     35546                  0.01486876       101
   36517        0.00014339    a_iajb     36517                            0.01018090        71
   87665        0.00014285        op     35545     35546                  0.01442746       101
   87714       -0.00014124        om     35587     35588                 -0.00692081        49

  ==> Add operator: mvp2 -1: 39130 39131
  ==> Current qubit order: 0  1  2  3  4  5  8  9  10  11  12  13  14  15  16  17  19  20  21  22  23  34  35  18  29  24  42  28  25  74  75  46  67  33  32  52  43  47  30  71  70  39  37  66  68  69  26  36  31  81  53  54  62  45  86  87  49  48  63  56  59  60  6  51  27  57  84  55  50  44  92  7  89  61  93  40  77  41  80  88  38  85  76  58  82  73  72  64  65  78  79  83  90  91  94  95  96  97  98  99  100  101  102  103  104  105  106  107  108  109  110  111  


  ==> Energy                -307.739690295
  ==> dE                       -1.80e-05
  ==> Gradient Norm             1.55e-01
  ==> Abs. Max. Deriv.          1.97e-02
  ==> Time-Grad. (s)             169.403
  ==> Time-Energy (s)              5.060
  ==> Time-Iter. (s)             176.513

--------------------------------------------------------------------------------
CEO-ADAPT-VQE iteration: 213
--------------------------------------------------------------------------------
    gate        derivative      name       op1       op2       op3        g_unscaled   penalty
   75060       -0.00022319        op     26078     26079                 -0.01450707        65
   75061       -0.00021946        om     26078     26079                 -0.01426459        65
   26078       -0.00017760    a_iajb     26078                           -0.01438583        81
    1229       -0.00016338      a_ia      1229                           -0.00032676         2
    1240       -0.00015340      a_ia      1240                           -0.00061358         4
   92500       -0.00014191        op     39353     39355                 -0.01319787        93
   92501       -0.00014191        op     39353     39355                 -0.01319787        93
   92496       -0.00014016        op     39353     39354                 -0.01303491        93
   92497       -0.00014016        op     39353     39354                 -0.01303491        93
    1007        0.00013098      a_ia      1007                            0.00026197         2

  ==> Add operator: mvp2 -1: 26078 26079
  ==> Current qubit order: 0  1  2  3  4  5  8  9  10  11  12  13  14  15  16  17  19  20  21  22  23  34  35  18  29  24  42  28  25  74  75  46  67  33  32  52  43  47  30  71  70  39  37  66  68  69  26  36  31  81  53  54  62  45  86  87  49  48  63  56  59  60  6  51  27  84  55  44  92  89  57  50  7  82  61  93  40  77  41  80  88  38  85  76  58  73  72  64  65  78  79  83  90  91  94  95  96  97  98  99  100  101  102  103  104  105  106  107  108  109  110  111  


  ==> Energy                -307.739731278
  ==> dE                       -4.10e-05
  ==> Gradient Norm             1.45e-01
  ==> Abs. Max. Deriv.          1.45e-02
  ==> Time-Grad. (s)             189.516
  ==> Time-Energy (s)              4.550
  ==> Time-Iter. (s)             196.112

--------------------------------------------------------------------------------
CEO-ADAPT-VQE iteration: 214
--------------------------------------------------------------------------------
    gate        derivative      name       op1       op2       op3        g_unscaled   penalty
   89237        0.00016561        om     36715     36716                  0.01043329        63
   89236        0.00016561        op     36715     36716                  0.01043328        63
    1246       -0.00015288      a_ia      1246                           -0.00061151         4
   36715        0.00013207    a_iajb     36715                            0.01043328        79
   74971       -0.00012631        om     25968     25969                 -0.01149449        91
   74970       -0.00012529        op     25968     25969                 -0.01140176        91
   75046        0.00012244        op     26029     26030                  0.00795890        65
   75047        0.00012244        op     26029     26030                  0.00795890        65
   75050        0.00012160        op     26029     26031                  0.00790417        65
   75051        0.00012160        op     26029     26031                  0.00790417        65

  ==> Add operator: om -1: 36715 36716
  ==> Current qubit order: 0  1  2  3  4  5  8  9  10  11  12  13  14  15  16  17  19  20  21  22  23  34  35  18  29  24  42  28  25  74  75  46  67  33  32  52  43  47  30  71  70  39  37  66  68  69  26  36  81  53  54  62  45  87  49  48  31  86  63  44  56  59  60  6  51  27  84  55  92  89  57  50  7  82  61  93  40  77  41  80  88  38  85  76  58  73  72  64  65  78  79  83  90  91  94  95  96  97  98  99  100  101  102  103  104  105  106  107  108  109  110  111  


  ==> Energy                -307.739745737
  ==> dE                       -1.45e-05
  ==> Gradient Norm             1.54e-01
  ==> Abs. Max. Deriv.          1.73e-02
  ==> Time-Grad. (s)             173.421
  ==> Time-Energy (s)              2.335
  ==> Time-Iter. (s)             177.766

--------------------------------------------------------------------------------
CEO-ADAPT-VQE iteration: 215
--------------------------------------------------------------------------------
    gate        derivative      name       op1       op2       op3        g_unscaled   penalty
   87397        0.00033008        om     35614     35615                  0.01551383        47
   87396        0.00032487        op     35614     35615                  0.01526902        47
   35614        0.00024431    a_iajb     35614                            0.01539142        63
    1027        0.00018094      a_ia      1027                            0.00072376         4
   86298       -0.00014411        op     34780     34781                 -0.01282572        89
   86299       -0.00014411        op     34780     34781                 -0.01282572        89
   86302       -0.00014122        op     34780     34782                 -0.01256822        89
   86303       -0.00014122        op     34780     34782                 -0.01256822        89
     889       -0.00012151      a_ia       889                           -0.00243027        20
   34780       -0.00012053    a_iajb     34780                           -0.01265615       105

  ==> Add operator: mvp2 -1: 35614 35615
  ==> Current qubit order: 0  1  2  3  4  5  8  9  10  11  12  13  14  15  16  17  19  20  21  22  23  34  35  18  29  24  42  28  25  74  75  46  67  33  32  52  43  47  30  71  70  39  37  66  68  69  26  36  81  53  54  62  45  87  49  48  31  86  63  44  60  6  56  59  27  50  51  84  55  92  89  57  7  82  61  93  40  77  41  80  88  38  85  76  58  73  72  64  65  78  79  83  90  91  94  95  96  97  98  99  100  101  102  103  104  105  106  107  108  109  110  111  


  ==> Energy                -307.739804618
  ==> dE                       -5.89e-05
  ==> Gradient Norm             1.54e-01
  ==> Abs. Max. Deriv.          1.55e-02
  ==> Time-Grad. (s)             168.992
  ==> Time-Energy (s)              5.428
  ==> Time-Iter. (s)             176.435

--------------------------------------------------------------------------------
CEO-ADAPT-VQE iteration: 216
--------------------------------------------------------------------------------
    gate        derivative      name       op1       op2       op3        g_unscaled   penalty
     685       -0.00034413      a_ia       685                           -0.00068826         2
   87430       -0.00018189        op     35621     35622                 -0.01655172        91
   87431       -0.00018114        om     35621     35622                 -0.01648369        91
    1029        0.00018111      a_ia      1029                            0.00072444         4
   35621       -0.00015437    a_iajb     35621                           -0.01651770       107
   88652       -0.00013497        op     36576     36577                 -0.00904300        67
   88653       -0.00012531        om     36576     36577                 -0.00839602        67
   91382       -0.00011693        op     38685     38686                 -0.00806809        69
   78570       -0.00011690        op     28906     28907                 -0.01718366       147
    1116        0.00011559      a_ia      1116                            0.00069355         6

  ==> Add operator: a_ia 685
  ==> Current qubit order: 0  1  2  3  4  5  8  9  10  11  12  13  14  15  16  17  19  20  21  22  23  34  35  18  29  24  42  28  25  74  75  46  67  33  32  52  43  47  30  71  70  39  37  66  68  69  26  36  81  53  54  62  45  87  49  48  31  86  63  44  60  6  56  59  27  50  51  84  55  92  89  57  7  82  61  93  40  77  41  80  88  38  85  76  58  73  72  64  65  78  79  83  90  91  94  95  96  97  98  99  100  101  102  103  104  105  106  107  108  109  110  111  


  ==> Energy                -307.739804746
  ==> dE                       -1.27e-07
  ==> Gradient Norm             1.63e-01
  ==> Abs. Max. Deriv.          1.85e-02
  ==> Time-Grad. (s)             170.977
  ==> Time-Energy (s)              2.666
  ==> Time-Iter. (s)             175.667

--------------------------------------------------------------------------------
CEO-ADAPT-VQE iteration: 217
--------------------------------------------------------------------------------
    gate        derivative      name       op1       op2       op3        g_unscaled   penalty
    1033        0.00018111      a_ia      1033                            0.00072443         4
    1120        0.00011780      a_ia      1120                            0.00070680         6
    1185       -0.00011282      a_ia      1185                           -0.00022563         2
    1246       -0.00011134      a_ia      1246                           -0.00044538         4
    1171       -0.00010361      a_ia      1171                           -0.00020722         2
   91428       -0.00009888        op     38676     38678                 -0.00484518        49
   91429       -0.00009888        op     38676     38678                 -0.00484518        49
   91424       -0.00009795        op     38676     38677                 -0.00479949        49
   91425       -0.00009795        op     38676     38677                 -0.00479949        49
    1107        0.00009755      a_ia      1107                            0.00019510         2

  ==> Add operator: a_ia 1033
  ==> Current qubit order: 0  1  2  3  4  5  8  9  10  11  12  13  14  15  16  17  19  20  21  22  23  34  35  18  29  24  42  28  25  74  75  46  67  33  32  52  43  47  30  71  70  39  37  66  68  69  26  36  81  53  54  62  87  45  49  48  31  86  63  44  60  6  56  59  27  50  51  84  55  92  89  57  7  82  61  93  40  77  41  80  88  38  85  76  58  73  72  64  65  78  79  83  90  91  94  95  96  97  98  99  100  101  102  103  104  105  106  107  108  109  110  111  


  ==> Energy                -307.739915452
  ==> dE                       -1.11e-04
  ==> Gradient Norm             1.44e-01
  ==> Abs. Max. Deriv.          2.00e-02
  ==> Time-Grad. (s)             167.432
  ==> Time-Energy (s)              2.054
  ==> Time-Iter. (s)             171.521

--------------------------------------------------------------------------------
CEO-ADAPT-VQE iteration: 218
--------------------------------------------------------------------------------
    gate        derivative      name       op1       op2       op3        g_unscaled   penalty
   87442        0.00025470        om     35626     35627                  0.01400849        55
   87441        0.00025449        op     35626     35627                  0.01399688        55
   35626        0.00019722    a_iajb     35626                            0.01400268        71
   87392        0.00019557        om     35588     35589                  0.00840953        43
   74933        0.00019397        op     26145     26146                  0.00989232        51
   87391        0.00019146        op     35588     35589                  0.00823287        43
   74934        0.00018784        om     26145     26146                  0.00957989        51
   73657       -0.00016655        op     25181     25182                 -0.01948586       117
   73658       -0.00016652        om     25181     25182                 -0.01948305       117
   86323        0.00015721        op     34745     34746                  0.01053315        67

  ==> Add operator: mvp2 -1: 35626 35627
  ==> Current qubit order: 0  1  2  3  4  5  8  9  10  11  12  13  14  15  16  17  19  20  21  22  23  34  35  18  29  24  42  28  25  74  75  46  67  33  32  52  43  47  30  71  70  39  37  66  68  69  26  36  81  53  54  62  87  45  49  48  31  86  63  60  6  56  50  51  44  59  27  82  84  55  92  89  57  7  61  93  40  77  41  80  88  38  85  76  58  73  72  64  65  78  79  83  90  91  94  95  96  97  98  99  100  101  102  103  104  105  106  107  108  109  110  111  


  ==> Energy                -307.739943773
  ==> dE                       -2.83e-05
  ==> Gradient Norm             1.45e-01
  ==> Abs. Max. Deriv.          1.95e-02
  ==> Time-Grad. (s)             169.665
  ==> Time-Energy (s)              5.778
  ==> Time-Iter. (s)             177.512

--------------------------------------------------------------------------------
CEO-ADAPT-VQE iteration: 219
--------------------------------------------------------------------------------
    gate        derivative      name       op1       op2       op3        g_unscaled   penalty
    1130        0.00035050      a_ia      1130                            0.00070099         2
   90804       -0.00031208        op     38128     38129                 -0.01778835        57
   90805       -0.00030995        om     38128     38129                 -0.01766714        57
   93656        0.00024598        op     40284     40285                  0.02386013        97
   93657        0.00024519        om     40284     40285                  0.02378321        97
   38128       -0.00024285    a_iajb     38128                           -0.01772775        73
   40284        0.00021081    a_iajb     40284                            0.02382167       113
   86707       -0.00014936        om     34996     34997                 -0.00970836        65
   86706       -0.00014896        op     34996     34997                 -0.00968220        65
    1237        0.00014299      a_ia      1237                            0.00057195         4

  ==> Add operator: a_ia 1130
  ==> Current qubit order: 0  1  2  3  4  5  8  9  10  11  12  13  14  15  16  17  19  20  21  22  23  34  35  18  29  24  42  28  25  74  75  46  67  33  32  52  43  47  30  71  70  39  37  66  68  69  26  36  81  53  54  62  87  45  49  48  31  86  63  60  6  56  50  51  44  59  27  82  84  55  92  89  57  7  61  93  40  77  41  80  88  38  85  76  58  73  72  64  65  78  79  83  90  91  94  95  96  97  98  99  100  101  102  103  104  105  106  107  108  109  110  111  


  ==> Energy                -307.739944103
  ==> dE                       -3.30e-07
  ==> Gradient Norm             1.54e-01
  ==> Abs. Max. Deriv.          2.39e-02
  ==> Time-Grad. (s)             195.028
  ==> Time-Energy (s)              2.286
  ==> Time-Iter. (s)             199.348

--------------------------------------------------------------------------------
CEO-ADAPT-VQE iteration: 220
--------------------------------------------------------------------------------
    gate        derivative      name       op1       op2       op3        g_unscaled   penalty
   91794        0.00018827        op     38918     38919                  0.00847212        45
   91795        0.00018563        om     38918     38919                  0.00835336        45
    1239        0.00014302      a_ia      1239                            0.00057207         4
   73291       -0.00014084        om     25016     25017                 -0.02098542       149
   38918        0.00013791    a_iajb     38918                            0.00841274        61
   73290       -0.00013722        op     25016     25017                 -0.02044587       149
   86576       -0.00012595        op     34977     34979                 -0.00591942        47
   86577       -0.00012595        op     34977     34979                 -0.00591942        47
   25016       -0.00012555    a_iajb     25016                           -0.02071564       165
   86572       -0.00012506        op     34977     34978                 -0.00587782        47

  ==> Add operator: mvp2 -1: 38918 38919
  ==> Current qubit order: 0  1  2  3  4  5  8  9  10  11  12  13  14  15  16  17  19  20  21  22  23  34  35  18  29  24  42  28  25  74  75  46  67  33  32  52  43  47  30  71  70  39  37  66  68  69  26  36  81  53  54  62  87  45  49  48  31  86  63  60  6  56  50  51  44  59  27  82  84  55  92  89  57  7  61  93  40  41  80  77  88  38  85  76  58  73  72  64  65  78  79  83  90  91  94  95  96  97  98  99  100  101  102  103  104  105  106  107  108  109  110  111  


  ==> Energy                -307.739962884
  ==> dE                       -1.88e-05
  ==> Gradient Norm             1.44e-01
  ==> Abs. Max. Deriv.          2.10e-02
  ==> Time-Grad. (s)             164.841
  ==> Time-Energy (s)              5.168
  ==> Time-Iter. (s)             172.253

--------------------------------------------------------------------------------
CEO-ADAPT-VQE iteration: 221
--------------------------------------------------------------------------------
    gate        derivative      name       op1       op2       op3        g_unscaled   penalty
    1246        0.00014283      a_ia      1246                            0.00057132         4
   90722        0.00014152        om     38154     38155                  0.00919888        65
   90721        0.00014116        op     38154     38155                  0.00917542        65
    1203       -0.00011410      a_ia      1203                           -0.00022819         2
   38154        0.00011342    a_iajb     38154                            0.00918715        81
    1265       -0.00011339      a_ia      1265                           -0.00045355         4
     695       -0.00011205      a_ia       695                           -0.00022411         2
   73842        0.00010896        om     25369     25370                  0.00991573        91
   73841        0.00010857        op     25369     25370                  0.00988030        91
    1189       -0.00010252      a_ia      1189                           -0.00020504         2

  ==> Add operator: a_ia 1246
  ==> Current qubit order: 0  1  2  3  4  5  8  9  10  11  12  13  14  15  16  17  19  20  21  22  23  34  35  18  29  24  42  28  25  74  75  46  67  33  32  52  43  47  30  71  70  39  37  66  68  69  26  36  81  53  54  62  87  45  49  48  31  86  63  60  6  56  50  51  44  59  27  82  84  55  92  89  7  57  61  93  40  41  80  77  88  38  85  76  58  73  72  64  65  78  79  83  90  91  94  95  96  97  98  99  100  101  102  103  104  105  106  107  108  109  110  111  


  ==> Energy                -307.740009948
  ==> dE                       -4.71e-05
  ==> Gradient Norm             1.56e-01
  ==> Abs. Max. Deriv.          1.67e-02
  ==> Time-Grad. (s)             168.812
  ==> Time-Energy (s)              3.393
  ==> Time-Iter. (s)             174.241

--------------------------------------------------------------------------------
CEO-ADAPT-VQE iteration: 222
--------------------------------------------------------------------------------
    gate        derivative      name       op1       op2       op3        g_unscaled   penalty
   85842        0.00022291        op     34715     34716                  0.00869364        39
   85843        0.00022282        om     34715     34716                  0.00868979        39
   93573        0.00019982        om     40570     40571                  0.02058112       103
   93572        0.00019594        op     40570     40571                  0.02018132       103
   90384        0.00017370        op     38165     38166                  0.00642691        37
   90385        0.00017370        op     38165     38166                  0.00642691        37
   40570        0.00017127    a_iajb     40570                            0.02038122       119
   90388        0.00017123        op     38165     38167                  0.00633537        37
   90389        0.00017123        op     38165     38167                  0.00633537        37
   86783       -0.00016667        om     35430     35431                 -0.00716691        43

  ==> Add operator: mvp2 -1: 34715 34716
  ==> Current qubit order: 0  1  2  3  4  5  8  9  10  11  12  13  14  15  16  17  19  20  21  22  23  34  35  18  29  24  42  28  25  74  75  32  46  67  33  52  43  47  30  71  70  39  37  66  68  69  26  36  81  53  54  62  87  45  49  48  31  86  63  60  6  56  50  51  44  59  27  82  84  55  92  89  7  57  61  93  40  41  80  77  88  38  85  76  58  73  72  64  65  78  79  83  90  91  94  95  96  97  98  99  100  101  102  103  104  105  106  107  108  109  110  111  


  ==> Energy                -307.740019608
  ==> dE                       -9.66e-06
  ==> Gradient Norm             1.49e-01
  ==> Abs. Max. Deriv.          2.06e-02
  ==> Time-Grad. (s)             169.347
  ==> Time-Energy (s)              5.733
  ==> Time-Iter. (s)             177.156

--------------------------------------------------------------------------------
CEO-ADAPT-VQE iteration: 223
--------------------------------------------------------------------------------
    gate        derivative      name       op1       op2       op3        g_unscaled   penalty
   93539        0.00024605        op     40356     40357                  0.02386672        97
   93540        0.00024524        om     40356     40357                  0.02378791        97
   40356        0.00021086    a_iajb     40356                            0.02382731       113
   88806        0.00020400        om     36792     36793                  0.01325990        65
   88805        0.00020321        op     36792     36793                  0.01320878        65
   91206        0.00017394        om     38589     38590                  0.01478523        85
   91205        0.00017394        op     38589     38590                  0.01478485        85
   89380       -0.00016939        om     37210     37211                 -0.01236542        73
   89379       -0.00016792        op     37210     37211                 -0.01225823        73
   36792        0.00016339    a_iajb     36792                            0.01323434        81

  ==> Add operator: mvp2 -1: 40356 40357
  ==> Current qubit order: 0  1  2  3  4  5  8  9  10  11  12  13  14  15  16  17  19  20  21  22  23  34  35  18  29  24  42  28  25  74  75  32  46  67  33  52  43  47  30  71  70  39  37  66  68  69  26  36  81  53  54  62  87  45  31  86  63  60  6  56  50  51  49  48  59  58  44  27  82  84  55  92  89  7  57  61  93  40  41  80  77  88  38  85  76  73  72  64  65  78  79  83  90  91  94  95  96  97  98  99  100  101  102  103  104  105  106  107  108  109  110  111  


  ==> Energy                -307.740154709
  ==> dE                       -1.35e-04
  ==> Gradient Norm             1.60e-01
  ==> Abs. Max. Deriv.          2.39e-02
  ==> Time-Grad. (s)             152.911
  ==> Time-Energy (s)              5.023
  ==> Time-Iter. (s)             160.035

--------------------------------------------------------------------------------
CEO-ADAPT-VQE iteration: 224
--------------------------------------------------------------------------------
    gate        derivative      name       op1       op2       op3        g_unscaled   penalty
    1049        0.00063684      a_ia      1049                            0.00127369         2
    1114        0.00057538      a_ia      1114                            0.00230154         4
    1126        0.00029913      a_ia      1126                            0.00119653         4
     882        0.00020568      a_ia       882                            0.00164546         8
   86093        0.00013539        op     34994     34995                  0.01123717        83
   86094        0.00013539        op     34994     34995                  0.01123717        83
   86097        0.00013408        op     34994     34996                  0.01112845        83
   86098        0.00013408        op     34994     34996                  0.01112845        83
   85014        0.00012151        om     34163     34164                  0.01178690        97
   85013        0.00012151        op     34163     34164                  0.01178689        97

  ==> Add operator: a_ia 1049
  ==> Current qubit order: 0  1  2  3  4  5  8  9  10  11  12  13  14  15  16  17  19  20  21  22  23  34  35  18  29  24  42  28  25  74  75  32  46  67  33  52  43  47  30  71  70  39  37  66  68  69  26  36  81  53  54  62  87  45  31  86  63  60  6  56  50  51  49  48  59  58  44  27  82  84  55  92  89  7  57  61  93  40  41  80  77  88  38  85  76  73  72  64  65  78  79  83  90  91  94  95  96  97  98  99  100  101  102  103  104  105  106  107  108  109  110  111  


  ==> Energy                -307.740155407
  ==> dE                       -6.98e-07
  ==> Gradient Norm             1.50e-01
  ==> Abs. Max. Deriv.          1.36e-02
  ==> Time-Grad. (s)             156.118
  ==> Time-Energy (s)              3.051
  ==> Time-Iter. (s)             161.263

--------------------------------------------------------------------------------
CEO-ADAPT-VQE iteration: 225
--------------------------------------------------------------------------------
    gate        derivative      name       op1       op2       op3        g_unscaled   penalty
     198       -0.00143889      a_ia       198                           -0.00287778         2
    1128        0.00048956      a_ia      1128                            0.00195823         4
    1062        0.00040072      a_ia      1062                            0.00080144         2
     892        0.00020078      a_ia       892                            0.00160620         8
    1141        0.00015212      a_ia      1141                            0.00060846         4
   92521        0.00012918        om     39821     39822                  0.01588907       123
   92520        0.00012886        op     39821     39822                  0.01584970       123
   91265       -0.00012604        om     38895     38896                 -0.00768819        61
     789       -0.00012581      a_ia       789                           -0.00226455        18
   91264       -0.00012047        op     38895     38896                 -0.00734858        61

  ==> Add operator: a_ia 198
  ==> Current qubit order: 0  1  2  3  4  5  8  9  10  11  12  13  14  15  16  17  19  20  21  22  23  34  35  18  29  24  42  28  25  74  75  32  46  67  33  52  43  47  30  71  70  39  37  66  68  69  26  36  81  53  54  62  87  45  31  86  63  60  6  56  50  51  49  48  59  58  44  27  82  84  55  92  89  7  57  61  93  40  41  80  77  88  38  85  76  73  72  64  65  78  79  83  90  91  94  95  96  97  98  99  100  101  102  103  104  105  106  107  108  109  110  111  


  ==> Energy                -307.740323012
  ==> dE                       -4.23e-06
  ==> Gradient Norm             1.50e-01
  ==> Abs. Max. Deriv.          1.59e-02
  ==> Time-Grad. (s)             224.751
  ==> Time-Energy (s)           1186.025
  ==> Time-Iter. (s)            1412.902

--------------------------------------------------------------------------------

--------------------------------------------------------------------------------
RESTART
--------------------------------------------------------------------------------

Last Energy: -307.740348712

--------------------------------------------------------------------------------
CEO-ADAPT-VQE iteration: 226
--------------------------------------------------------------------------------
    gate        derivative      name       op1       op2       op3        g_unscaled   penalty
    1174        0.00049018      a_ia      1174                            0.00490184        10
    1136        0.00042968      a_ia      1136                            0.00171872         4
    1070        0.00032257      a_ia      1070                            0.00064514         2
     897        0.00020010      a_ia       897                            0.00160083         8
     773        0.00015257      a_ia       773                            0.00152574        10
   93266       -0.00013327        op     40503     40504                 -0.00493095        37
     793       -0.00012972      a_ia       793                           -0.00233500        18
   93267       -0.00012900        om     40503     40504                 -0.00477309        37
     691       -0.00012372      a_ia       691                           -0.00222689        18
     816        0.00010666      a_ia       816                            0.00277320        26

  ==> Add operator: a_ia 1174
  ==> Current qubit order: 0  1  2  3  4  5  8  9  10  11  12  13  14  15  16  17  19  20  21  22  23  34  35  18  29  24  42  28  25  74  75  32  46  67  33  52  43  47  30  71  70  39  37  66  68  69  26  36  81  53  54  62  87  45  31  86  63  60  6  56  51  49  48  59  50  58  44  27  82  84  55  92  89  7  57  61  93  40  41  80  77  88  38  85  76  73  72  64  65  78  79  83  90  91  94  95  96  97  98  99  100  101  102  103  104  105  106  107  108  109  110  111  


  ==> Energy                -307.740361143
  ==> dE                       -1.24e-05
  ==> Gradient Norm             1.43e-01
  ==> Abs. Max. Deriv.          1.42e-02
  ==> Time-Grad. (s)             240.803
  ==> Time-Energy (s)             29.992
  ==> Time-Iter. (s)             273.091

--------------------------------------------------------------------------------
CEO-ADAPT-VQE iteration: 227
--------------------------------------------------------------------------------
    gate        derivative      name       op1       op2       op3        g_unscaled   penalty
    1072        0.00038476      a_ia      1072                            0.00076952         2
    1139        0.00030392      a_ia      1139                            0.00182351         6
     899        0.00020001      a_ia       899                            0.00160004         8
     774        0.00015344      a_ia       774                            0.00153436        10
     794       -0.00013204      a_ia       794                           -0.00237671        18
    1182        0.00013077      a_ia      1182                            0.00104614         8
   91225        0.00013036        op     38914     38915                  0.00873413        67
   91226        0.00012843        om     38914     38915                  0.00860510        67
     692       -0.00012353      a_ia       692                           -0.00222348        18
   91254       -0.00011867        om     38939     38940                 -0.01340983       113

  ==> Add operator: a_ia 1072
  ==> Current qubit order: 0  1  2  3  4  5  8  9  10  11  12  13  14  15  16  17  19  20  21  22  23  34  35  18  29  24  42  28  25  74  75  32  46  67  33  52  43  47  30  71  70  39  37  66  68  69  26  36  81  53  54  62  87  45  31  86  63  60  6  56  51  49  48  59  50  58  44  27  82  84  55  92  89  7  57  61  93  40  41  80  77  88  38  85  76  73  72  64  65  78  79  83  90  91  94  95  96  97  98  99  100  101  102  103  104  105  106  107  108  109  110  111  


  ==> Energy                -307.740361383
  ==> dE                       -2.40e-07
  ==> Gradient Norm             1.55e-01
  ==> Abs. Max. Deriv.          1.78e-02
  ==> Time-Grad. (s)             244.187
  ==> Time-Energy (s)             26.793
  ==> Time-Iter. (s)             273.048

--------------------------------------------------------------------------------
CEO-ADAPT-VQE iteration: 228
--------------------------------------------------------------------------------
    gate        derivative      name       op1       op2       op3        g_unscaled   penalty
    1140        0.00029906      a_ia      1140                            0.00179437         6
   88209       -0.00020611        om     36723     36724                 -0.01380970        67
   88208       -0.00020110        op     36723     36724                 -0.01347395        67
     900        0.00019921      a_ia       900                            0.00159371         8
   90469       -0.00017284        om     38440     38441                 -0.01088911        63
   90468       -0.00017270        op     38440     38441                 -0.01087985        63
   36723       -0.00016436    a_iajb     36723                           -0.01364183        83
     775        0.00015377      a_ia       775                            0.00153768        10
   88181       -0.00014751        om     36704     36705                 -0.00870298        59
   88180       -0.00014703        op     36704     36705                 -0.00867469        59

  ==> Add operator: a_ia 1140
  ==> Current qubit order: 0  1  2  3  4  5  8  9  10  11  12  13  14  15  16  17  19  20  21  22  23  34  35  18  29  24  42  28  25  74  75  32  46  67  33  52  43  47  30  71  70  39  37  66  68  69  26  36  81  53  54  62  87  45  31  86  63  60  6  56  51  49  59  50  48  58  44  27  82  84  55  92  89  7  57  61  93  40  41  80  77  88  38  85  76  73  72  64  65  78  79  83  90  91  94  95  96  97  98  99  100  101  102  103  104  105  106  107  108  109  110  111  


  ==> Energy                -307.740362959
  ==> dE                       -1.58e-06
  ==> Gradient Norm             1.55e-01
  ==> Abs. Max. Deriv.          2.17e-02
  ==> Time-Grad. (s)             247.010
  ==> Time-Energy (s)             31.625
  ==> Time-Iter. (s)             280.625

--------------------------------------------------------------------------------
CEO-ADAPT-VQE iteration: 229
--------------------------------------------------------------------------------
    gate        derivative      name       op1       op2       op3        g_unscaled   penalty
   87668       -0.00024875        op     36203     36204                 -0.01815902        73
   87669       -0.00024120        om     36203     36204                 -0.01760771        73
     902        0.00020118      a_ia       902                            0.00160948         8
   36203       -0.00020094    a_iajb     36203                           -0.01788337        89
   91854        0.00018728        op     39375     39376                  0.00805311        43
   91855        0.00018728        om     39375     39376                  0.00805310        43
    1196       -0.00018492      a_ia      1196                           -0.00073967         4
   92300        0.00016099        op     39722     39723                  0.00853271        53
   91376       -0.00015830        op     38990     38991                 -0.01345511        85
   92301        0.00015685        om     39722     39723                  0.00831326        53

  ==> Add operator: mvp2 -1: 36203 36204
  ==> Current qubit order: 0  1  2  3  4  5  8  9  10  11  12  13  14  15  16  17  19  20  21  22  23  34  35  18  29  24  42  28  25  74  75  32  46  67  33  52  43  47  71  70  37  66  68  69  30  39  87  86  26  36  81  53  54  62  45  31  63  60  6  56  51  49  59  50  48  58  44  27  82  84  55  92  89  7  57  61  93  40  41  80  77  88  38  85  76  73  72  64  65  78  79  83  90  91  94  95  96  97  98  99  100  101  102  103  104  105  106  107  108  109  110  111  


  ==> Energy                -307.740447790
  ==> dE                       -8.48e-05
  ==> Gradient Norm             1.46e-01
  ==> Abs. Max. Deriv.          1.82e-02
  ==> Time-Grad. (s)             246.259
  ==> Time-Energy (s)             45.744
  ==> Time-Iter. (s)             294.063

--------------------------------------------------------------------------------
CEO-ADAPT-VQE iteration: 230
--------------------------------------------------------------------------------
    gate        derivative      name       op1       op2       op3        g_unscaled   penalty
     696       -0.00110423      a_ia       696                           -0.00220845         2
     778        0.00025458      a_ia       778                            0.00152747         6
   90549       -0.00021853        op     38430     38431                 -0.00939691        43
   90550       -0.00021853        op     38430     38431                 -0.00939691        43
   90553       -0.00021460        op     38430     38432                 -0.00922786        43
   90554       -0.00021460        op     38430     38432                 -0.00922786        43
     903        0.00020202      a_ia       903                            0.00161614         8
    1197       -0.00018459      a_ia      1197                           -0.00073836         4
   38430       -0.00015643    a_iajb     38430                           -0.00922915        59
   90578        0.00014695        om     38446     38447                  0.01689945       115

  ==> Add operator: a_ia 696
  ==> Current qubit order: 0  1  2  3  4  5  8  9  10  11  12  13  14  15  16  17  19  20  21  22  23  34  35  18  29  24  42  28  25  74  75  32  46  67  33  52  43  47  71  70  37  66  68  69  30  39  87  86  26  36  81  53  54  62  45  31  63  60  6  56  51  49  59  50  48  58  44  27  82  84  55  92  89  7  57  61  93  40  41  80  77  88  38  85  76  73  72  64  65  78  79  83  90  91  94  95  96  97  98  99  100  101  102  103  104  105  106  107  108  109  110  111  


  ==> Energy                -307.740448837
  ==> dE                       -1.05e-06
  ==> Gradient Norm             1.45e-01
  ==> Abs. Max. Deriv.          1.71e-02
  ==> Time-Grad. (s)             237.538
  ==> Time-Energy (s)             25.272
  ==> Time-Iter. (s)             264.803

--------------------------------------------------------------------------------
CEO-ADAPT-VQE iteration: 231
--------------------------------------------------------------------------------
    gate        derivative      name       op1       op2       op3        g_unscaled   penalty
   85278       -0.00026150        om     34378     34379                 -0.01124458        43
   85277       -0.00025993        op     34378     34379                 -0.01117683        43
     781        0.00025355      a_ia       781                            0.00152132         6
     906        0.00020279      a_ia       906                            0.00162230         8
   88437       -0.00019298        op     36770     36771                 -0.01331556        69
   88438       -0.00019008        om     36770     36771                 -0.01311547        69
   34378       -0.00019001    a_iajb     34378                           -0.01121071        59
    1200       -0.00018724      a_ia      1200                           -0.00074895         4
   36770       -0.00015548    a_iajb     36770                           -0.01321551        85
    1075        0.00014310      a_ia      1075                            0.00057239         4

  ==> Add operator: mvp2 -1: 34378 34379
  ==> Current qubit order: 0  1  2  3  4  5  8  9  10  11  12  13  14  15  16  17  19  20  21  22  23  34  35  18  29  42  28  25  24  74  67  33  75  32  46  52  43  47  71  70  37  66  68  69  30  39  87  86  26  36  81  53  54  62  45  31  63  60  6  56  51  49  59  50  48  58  44  27  82  84  55  92  89  7  57  61  93  40  41  80  77  88  38  85  76  73  72  64  65  78  79  83  90  91  94  95  96  97  98  99  100  101  102  103  104  105  106  107  108  109  110  111  


  ==> Energy                -307.740467923
  ==> dE                       -1.91e-05
  ==> Gradient Norm             1.46e-01
  ==> Abs. Max. Deriv.          1.45e-02
  ==> Time-Grad. (s)             283.946
  ==> Time-Energy (s)             56.421
  ==> Time-Iter. (s)             342.366

--------------------------------------------------------------------------------
CEO-ADAPT-VQE iteration: 232
--------------------------------------------------------------------------------
    gate        derivative      name       op1       op2       op3        g_unscaled   penalty
     784        0.00025372      a_ia       784                            0.00152234         6
     909        0.00020280      a_ia       909                            0.00162241         8
   73690        0.00018750        op     25625     25626                  0.01218755        65
   73691        0.00018733        om     25625     25626                  0.01217634        65
    1204       -0.00018727      a_ia      1204                           -0.00074910         4
     827        0.00015422      a_ia       827                            0.00277602        18
   92265        0.00015218        om     39624     39625                  0.01141373        75
   92264        0.00015052        op     39624     39625                  0.01128928        75
   25625        0.00015039    a_iajb     25625                            0.01218194        81
   72214        0.00014647        op     24512     24513                  0.01655167       113

  ==> Add operator: a_ia 784
  ==> Current qubit order: 0  1  2  3  4  5  8  9  10  11  12  13  14  15  16  17  19  20  21  22  23  34  35  18  29  42  28  25  24  74  67  33  75  32  46  52  43  47  71  70  37  68  69  66  30  39  87  86  26  36  81  53  54  62  45  31  63  60  6  56  51  49  59  50  48  58  44  27  82  84  55  92  89  7  57  61  93  40  41  80  77  88  38  85  76  73  72  64  65  78  79  83  90  91  94  95  96  97  98  99  100  101  102  103  104  105  106  107  108  109  110  111  


  ==> Energy                -307.740468624
  ==> dE                       -7.01e-07
  ==> Gradient Norm             1.59e-01
  ==> Abs. Max. Deriv.          2.19e-02
  ==> Time-Grad. (s)             249.715
  ==> Time-Energy (s)             28.362
  ==> Time-Iter. (s)             280.072

--------------------------------------------------------------------------------
CEO-ADAPT-VQE iteration: 233
--------------------------------------------------------------------------------
    gate        derivative      name       op1       op2       op3        g_unscaled   penalty
     912        0.00020288      a_ia       912                            0.00162301         8
    1207       -0.00018586      a_ia      1207                           -0.00074346         4
     830        0.00017314      a_ia       830                            0.00277030        16
   90751        0.00015442        op     38662     38664                  0.01003708        65
   90752        0.00015442        op     38662     38664                  0.01003708        65
   90747        0.00014607        op     38662     38663                  0.00949471        65
   90748        0.00014607        op     38662     38663                  0.00949471        65
    1081        0.00014309      a_ia      1081                            0.00057238         4
    1167       -0.00013036      a_ia      1167                           -0.00026071         2
   90129        0.00012956        op     38203     38204                  0.01982287       153

  ==> Add operator: a_ia 912
  ==> Current qubit order: 0  1  2  3  4  5  8  9  10  11  12  13  14  15  16  17  19  20  21  22  23  34  35  18  29  42  28  25  24  74  67  33  75  32  46  52  43  47  71  70  37  68  69  66  30  39  87  86  26  81  53  54  36  62  45  31  63  60  6  56  51  49  59  50  48  58  44  27  82  84  55  92  89  7  57  61  93  40  41  80  77  88  38  85  76  73  72  64  65  78  79  83  90  91  94  95  96  97  98  99  100  101  102  103  104  105  106  107  108  109  110  111  


  ==> Energy                -307.740469673
  ==> dE                       -1.05e-06
  ==> Gradient Norm             1.66e-01
  ==> Abs. Max. Deriv.          2.13e-02
  ==> Time-Grad. (s)             240.429
  ==> Time-Energy (s)             28.364
  ==> Time-Iter. (s)             270.800

--------------------------------------------------------------------------------
CEO-ADAPT-VQE iteration: 234
--------------------------------------------------------------------------------
    gate        derivative      name       op1       op2       op3        g_unscaled   penalty
   87880       -0.00026151        op     36438     36439                 -0.01176806        45
   87881       -0.00026151        op     36438     36439                 -0.01176806        45
   87884       -0.00025701        op     36438     36440                 -0.01156534        45
   87885       -0.00025701        op     36438     36440                 -0.01156534        45
   36438       -0.00019035    a_iajb     36438                           -0.01161118        61
    1207       -0.00018685      a_ia      1207                           -0.00074739         4
     830        0.00017312      a_ia       830                            0.00276990        16
    1081        0.00014294      a_ia      1081                            0.00057175         4
   85261       -0.00013947        om     34433     34434                 -0.01352863        97
   85260       -0.00013911        op     34433     34434                 -0.01349356        97

  ==> Add operator: mvp3 -1: 36438 36439 36440
  ==> Current qubit order: 0  1  2  3  4  5  8  9  10  11  12  13  14  15  16  17  19  20  21  22  23  34  35  18  29  42  28  25  24  74  67  33  75  32  46  52  43  47  71  70  37  68  69  66  30  39  87  86  26  53  54  36  62  81  45  31  63  60  6  56  51  49  59  50  48  58  44  27  82  84  55  92  89  7  57  61  93  40  41  80  77  88  38  85  76  73  72  64  65  78  79  83  90  91  94  95  96  97  98  99  100  101  102  103  104  105  106  107  108  109  110  111  


  ==> Energy                -307.740514803
  ==> dE                       -4.51e-05
  ==> Gradient Norm             1.55e-01
  ==> Abs. Max. Deriv.          1.94e-02
  ==> Time-Grad. (s)             246.079
  ==> Time-Energy (s)             87.293
  ==> Time-Iter. (s)             335.374

--------------------------------------------------------------------------------
CEO-ADAPT-VQE iteration: 235
--------------------------------------------------------------------------------
    gate        derivative      name       op1       op2       op3        g_unscaled   penalty
   90329       -0.00030543        op     38481     38482                 -0.02657249        87
   90330       -0.00029785        om     38481     38482                 -0.02591329        87
   38481       -0.00025479    a_iajb     38481                           -0.02624289       103
    1209       -0.00018719      a_ia      1209                           -0.00074875         4
   86255       -0.00018299        op     35400     35401                 -0.01665216        91
   86256       -0.00018190        om     35400     35401                 -0.01655249        91
     832        0.00017299      a_ia       832                            0.00276785        16
   35400       -0.00015516    a_iajb     35400                           -0.01660232       107
   92585        0.00014291        op     40187     40189                  0.00414444        29
   92586        0.00014291        op     40187     40189                  0.00414444        29

  ==> Add operator: mvp2 -1: 38481 38482
  ==> Current qubit order: 0  1  2  3  4  5  8  9  10  11  12  13  14  15  16  17  19  20  21  22  23  34  35  18  29  42  28  25  24  74  67  33  75  32  46  52  43  47  71  70  37  68  69  66  30  39  87  86  26  53  54  36  62  81  45  31  63  60  6  56  49  59  50  48  44  27  82  84  51  58  57  38  55  92  89  7  61  93  40  41  80  77  88  85  76  73  72  64  65  78  79  83  90  91  94  95  96  97  98  99  100  101  102  103  104  105  106  107  108  109  110  111  


  ==> Energy                -307.740716212
  ==> dE                       -2.01e-04
  ==> Gradient Norm             1.56e-01
  ==> Abs. Max. Deriv.          2.66e-02
  ==> Time-Grad. (s)             285.664
  ==> Time-Energy (s)             50.758
  ==> Time-Iter. (s)             338.433

--------------------------------------------------------------------------------
CEO-ADAPT-VQE iteration: 236
--------------------------------------------------------------------------------
    gate        derivative      name       op1       op2       op3        g_unscaled   penalty
    1086        0.00028274      a_ia      1086                            0.00056548         2
     835        0.00017335      a_ia       835                            0.00277361        16
   72197       -0.00016650        op     24712     24713                 -0.01947996       117
   72198       -0.00016648        om     24712     24713                 -0.01947776       117
   24712       -0.00014646    a_iajb     24712                           -0.01947886       133
    1172       -0.00013155      a_ia      1172                           -0.00026310         2
    1202        0.00012961      a_ia      1202                            0.00103686         8
     203       -0.00011723      a_ia       203                           -0.00093786         8
     956       -0.00011717      a_ia       956                           -0.00210899        18
    1071        0.00011227      a_ia      1071                            0.00134721        12

  ==> Add operator: a_ia 1086
  ==> Current qubit order: 0  1  2  3  4  5  8  9  10  11  12  13  14  15  16  17  19  20  21  22  23  34  35  18  29  42  28  25  24  74  67  33  75  32  46  52  43  47  71  70  37  68  69  66  30  39  87  86  26  53  54  36  62  81  45  31  63  60  6  56  49  59  50  48  44  27  82  84  51  58  57  38  55  92  89  7  61  93  40  41  80  77  88  85  76  73  72  64  65  78  79  83  90  91  94  95  96  97  98  99  100  101  102  103  104  105  106  107  108  109  110  111  


  ==> Energy                -307.740761278
  ==> dE                       -4.51e-05
  ==> Gradient Norm             1.41e-01
  ==> Abs. Max. Deriv.          1.95e-02
  ==> Time-Grad. (s)             279.082
  ==> Time-Energy (s)             30.777
  ==> Time-Iter. (s)             311.870

--------------------------------------------------------------------------------
CEO-ADAPT-VQE iteration: 237
--------------------------------------------------------------------------------
    gate        derivative      name       op1       op2       op3        g_unscaled   penalty
   85801       -0.00018106        op     34861     34862                 -0.01104496        61
   85802       -0.00017843        om     34861     34862                 -0.01088428        61
     841        0.00017353      a_ia       841                            0.00277655        16
   34861       -0.00014240    a_iajb     34861                           -0.01096462        77
    1209        0.00012971      a_ia      1209                            0.00103766         8
    1179       -0.00012067      a_ia      1179                           -0.00024135         2
     203       -0.00011697      a_ia       203                           -0.00093578         8
     963       -0.00011668      a_ia       963                           -0.00210032        18
    1078        0.00011242      a_ia      1078                            0.00134903        12
   91840        0.00009412        om     39483     39484                  0.00837699        89

  ==> Add operator: mvp2 -1: 34861 34862
  ==> Current qubit order: 0  1  2  3  4  5  8  9  10  11  12  13  14  15  16  17  19  20  21  22  23  34  35  18  29  42  28  25  24  74  67  33  75  32  46  52  43  47  71  70  37  68  69  66  30  86  53  39  87  26  60  54  36  62  81  45  31  63  6  56  49  59  50  48  44  27  82  84  51  58  57  38  55  92  89  7  61  93  40  41  80  77  88  85  76  73  72  64  65  78  79  83  90  91  94  95  96  97  98  99  100  101  102  103  104  105  106  107  108  109  110  111  


  ==> Energy                -307.740781415
  ==> dE                       -2.01e-05
  ==> Gradient Norm             1.42e-01
  ==> Abs. Max. Deriv.          1.36e-02
  ==> Time-Grad. (s)             294.169
  ==> Time-Energy (s)             46.238
  ==> Time-Iter. (s)             342.313

--------------------------------------------------------------------------------
CEO-ADAPT-VQE iteration: 238
--------------------------------------------------------------------------------
    gate        derivative      name       op1       op2       op3        g_unscaled   penalty
     707        0.00031165      a_ia       707                            0.00062331         2
   72361        0.00023057        om     24902     24903                  0.00899205        39
   72360        0.00022714        op     24902     24903                  0.00885855        39
   85563       -0.00020197        om     34948     34949                 -0.01433969        71
   85562       -0.00020192        op     34948     34949                 -0.01433655        71
   85659        0.00018356        om     35023     35024                  0.01890648       103
   85658        0.00018023        op     35023     35024                  0.01856357       103
     843        0.00017352      a_ia       843                            0.00277628        16
   34948       -0.00016481    a_iajb     34948                           -0.01433812        87
   24902        0.00016228    a_iajb     24902                            0.00892530        55

  ==> Add operator: a_ia 707
  ==> Current qubit order: 0  1  2  3  4  5  8  9  10  11  12  13  14  15  16  17  19  20  21  22  23  34  35  18  29  42  28  25  24  74  67  33  75  32  46  52  43  47  71  70  37  68  69  66  30  86  53  39  87  26  60  54  36  62  81  45  31  63  6  56  49  59  50  48  44  27  82  84  51  58  57  38  55  92  89  7  61  93  40  41  80  77  88  85  76  73  72  64  65  78  79  83  90  91  94  95  96  97  98  99  100  101  102  103  104  105  106  107  108  109  110  111  


  ==> Energy                -307.740781580
  ==> dE                       -1.65e-07
  ==> Gradient Norm             1.59e-01
  ==> Abs. Max. Deriv.          2.43e-02
  ==> Time-Grad. (s)             236.249
  ==> Time-Energy (s)             29.418
  ==> Time-Iter. (s)             267.624

--------------------------------------------------------------------------------
CEO-ADAPT-VQE iteration: 239
--------------------------------------------------------------------------------
    gate        derivative      name       op1       op2       op3        g_unscaled   penalty
   85627       -0.00023413        op     34811     34812                 -0.01381348        59
   85628       -0.00023144        om     34811     34812                 -0.01365468        59
   34811       -0.00018312    a_iajb     34811                           -0.01373408        75
     844        0.00017321      a_ia       844                            0.00277132        16
   90787       -0.00016108        op     38713     38715                 -0.01111446        69
   90788       -0.00016108        op     38713     38715                 -0.01111446        69
   90256       -0.00016092        om     38305     38306                 -0.00949437        59
   90255       -0.00016089        op     38305     38306                 -0.00949254        59
   90783       -0.00015997        op     38713     38714                 -0.01103795        69
   90784       -0.00015997        op     38713     38714                 -0.01103795        69

  ==> Add operator: mvp2 -1: 34811 34812
  ==> Current qubit order: 0  1  2  3  4  5  8  9  10  11  12  13  14  15  16  17  19  20  21  22  23  34  35  18  29  42  28  25  24  74  67  33  75  32  46  52  43  47  71  70  37  68  69  66  30  86  53  87  54  36  62  39  26  60  59  81  45  31  63  6  56  49  50  48  44  27  82  84  51  58  57  38  55  92  89  7  61  93  40  41  80  77  88  85  76  73  72  64  65  78  79  83  90  91  94  95  96  97  98  99  100  101  102  103  104  105  106  107  108  109  110  111  


  ==> Energy                -307.740827344
  ==> dE                       -4.58e-05
  ==> Gradient Norm             1.52e-01
  ==> Abs. Max. Deriv.          1.89e-02
  ==> Time-Grad. (s)             249.056
  ==> Time-Energy (s)             54.008
  ==> Time-Iter. (s)             305.072

--------------------------------------------------------------------------------
CEO-ADAPT-VQE iteration: 240
--------------------------------------------------------------------------------
    gate        derivative      name       op1       op2       op3        g_unscaled   penalty
     713       -0.00027236      a_ia       713                           -0.00054472         2
    1371       -0.00018636      a_ia      1371                           -0.00037271         2
     849        0.00017312      a_ia       849                            0.00276994        16
   85808       -0.00016252        op     34990     34991                 -0.01803938       111
   85809       -0.00016252        op     34990     34991                 -0.01803938       111
   85812       -0.00016044        op     34990     34992                 -0.01780875       111
   85813       -0.00016044        op     34990     34992                 -0.01780875       111
     206       -0.00015583      a_ia       206                           -0.00093496         6
   84948        0.00014409        op     34319     34320                  0.00907742        63
   84949        0.00014399        om     34319     34320                  0.00907130        63

  ==> Add operator: a_ia 713
  ==> Current qubit order: 0  1  2  3  4  5  8  9  10  11  12  13  14  15  16  17  19  20  21  22  23  34  35  18  29  42  28  25  24  74  67  33  75  32  46  52  43  47  71  70  37  68  69  66  30  86  53  87  54  36  62  39  26  60  59  81  45  31  63  6  56  49  50  48  44  27  82  84  51  58  57  38  55  92  89  7  61  93  40  41  80  77  88  85  76  73  72  64  65  78  79  83  90  91  94  95  96  97  98  99  100  101  102  103  104  105  106  107  108  109  110  111  


  ==> Energy                -307.740827445
  ==> dE                       -1.02e-07
  ==> Gradient Norm             1.55e-01
  ==> Abs. Max. Deriv.          2.30e-02
  ==> Time-Grad. (s)             231.525
  ==> Time-Energy (s)             29.193
  ==> Time-Iter. (s)             262.727

--------------------------------------------------------------------------------
CEO-ADAPT-VQE iteration: 241
--------------------------------------------------------------------------------
    gate        derivative      name       op1       op2       op3        g_unscaled   penalty
    1374       -0.00018638      a_ia      1374                           -0.00037276         2
   90827        0.00018078        op     38808     38810                  0.01608975        89
   90828        0.00018078        op     38808     38810                  0.01608975        89
   90823        0.00018052        op     38808     38809                  0.01606644        89
   90824        0.00018052        op     38808     38809                  0.01606644        89
     850        0.00017336      a_ia       850                            0.00277377        16
     206       -0.00015583      a_ia       206                           -0.00093498         6
     871        0.00015557      a_ia       871                            0.00217805        14
   38808        0.00015324    a_iajb     38808                            0.01609002       105
    1220        0.00012980      a_ia      1220                            0.00103837         8

  ==> Add operator: a_ia 1374
  ==> Current qubit order: 0  1  2  3  4  5  8  9  10  11  12  13  14  15  16  17  19  20  21  22  23  34  35  18  29  42  28  25  24  74  67  33  75  32  46  52  43  47  71  70  37  68  69  66  30  86  53  87  54  36  62  39  26  60  59  81  45  31  63  6  56  49  50  48  44  27  82  84  51  58  57  38  55  92  89  7  61  93  40  41  80  77  88  85  76  73  72  64  65  78  79  83  90  91  94  95  96  97  98  99  100  101  102  103  104  105  106  107  108  109  110  111  


  ==> Energy                -307.740837936
  ==> dE                       -1.05e-05
  ==> Gradient Norm             1.59e-01
  ==> Abs. Max. Deriv.          1.61e-02
  ==> Time-Grad. (s)             278.278
  ==> Time-Energy (s)             34.087
  ==> Time-Iter. (s)             314.364

--------------------------------------------------------------------------------
CEO-ADAPT-VQE iteration: 242
--------------------------------------------------------------------------------
    gate        derivative      name       op1       op2       op3        g_unscaled   penalty
   73051        0.00019910        op     25491     25492                  0.01214538        61
   73052        0.00019892        om     25491     25492                  0.01213418        61
     851        0.00017350      a_ia       851                            0.00277603        16
     206       -0.00015804      a_ia       206                           -0.00094821         6
   25491        0.00015766    a_iajb     25491                            0.01213978        77
     872        0.00015561      a_ia       872                            0.00217853        14
   87467       -0.00013154        op     36397     36398                 -0.01118052        85
    1223        0.00013131      a_ia      1223                            0.00105048         8
   87468       -0.00012991        om     36397     36398                 -0.01104219        85
     975       -0.00011740      a_ia       975                           -0.00211327        18

  ==> Add operator: mvp2 -1: 25491 25492
  ==> Current qubit order: 0  1  2  3  4  5  8  9  10  11  12  13  14  15  16  17  19  20  21  22  23  34  35  18  29  42  28  25  24  74  67  33  75  32  46  52  43  47  71  70  37  68  69  66  30  86  53  87  54  36  62  39  26  60  59  81  45  31  63  6  56  49  50  48  44  27  82  84  51  58  57  55  92  61  93  38  89  7  88  40  41  80  77  85  76  73  72  64  65  78  79  83  90  91  94  95  96  97  98  99  100  101  102  103  104  105  106  107  108  109  110  111  


  ==> Energy                -307.740850546
  ==> dE                       -1.26e-05
  ==> Gradient Norm             1.53e-01
  ==> Abs. Max. Deriv.          1.58e-02
  ==> Time-Grad. (s)             247.921
  ==> Time-Energy (s)             54.634
  ==> Time-Iter. (s)             304.573

--------------------------------------------------------------------------------
CEO-ADAPT-VQE iteration: 243
--------------------------------------------------------------------------------
    gate        derivative      name       op1       op2       op3        g_unscaled   penalty
   73335       -0.00092939        om     25663     25664                 -0.02323475        25
   73334       -0.00092802        op     25663     25664                 -0.02320042        25
   25663       -0.00056628    a_iajb     25663                           -0.02321759        41
     853        0.00017351      a_ia       853                            0.00277619        16
     207       -0.00015803      a_ia       207                           -0.00094821         6
     874        0.00015561      a_ia       874                            0.00217850        14
   90092       -0.00014346        op     38320     38321                 -0.01305467        91
   90093       -0.00014182        om     38320     38321                 -0.01290527        91
    1226        0.00013131      a_ia      1226                            0.00105045         8
   38320       -0.00012131    a_iajb     38320                           -0.01297997       107

  ==> Add operator: mvp2 -1: 25663 25664
  ==> Current qubit order: 0  1  2  3  4  5  8  9  10  11  12  13  14  15  16  17  19  20  21  22  23  34  35  18  29  42  28  25  24  74  67  33  75  32  46  52  43  47  71  70  37  68  69  66  30  86  53  87  54  36  62  39  26  60  59  81  45  31  63  6  56  49  50  48  44  27  82  84  51  58  57  55  92  61  93  38  89  7  88  40  41  80  77  85  76  73  72  64  65  78  79  83  90  91  94  95  96  97  98  99  100  101  102  103  104  105  106  107  108  109  110  111  


  ==> Energy                -307.740896650
  ==> dE                       -4.61e-05
  ==> Gradient Norm             1.48e-01
  ==> Abs. Max. Deriv.          2.32e-02
  ==> Time-Grad. (s)             233.648
  ==> Time-Energy (s)             50.789
  ==> Time-Iter. (s)             286.437

--------------------------------------------------------------------------------
CEO-ADAPT-VQE iteration: 244
--------------------------------------------------------------------------------
    gate        derivative      name       op1       op2       op3        g_unscaled   penalty
   91343        0.00021960        om     39451     39452                  0.02261891       103
   91342        0.00021826        op     39451     39452                  0.02248100       103
   90308        0.00019278        op     38672     38673                  0.01947122       101
   90309        0.00019278        om     38672     38673                  0.01947122       101
   86772        0.00019107        op     36003     36004                  0.02464845       129
   86773        0.00019107        om     36003     36004                  0.02464845       129
   39451        0.00018950    a_iajb     39451                            0.02254996       119
     855        0.00017346      a_ia       855                            0.00277529        16
   36003        0.00016999    a_iajb     36003                            0.02464845       145
   38672        0.00016642    a_iajb     38672                            0.01947122       117

  ==> Add operator: mvp2 -1: 39451 39452
  ==> Current qubit order: 0  1  2  3  4  5  8  9  10  11  12  13  14  15  16  17  19  20  21  22  23  34  35  18  29  42  28  25  24  74  67  33  75  32  46  52  43  47  71  70  37  68  69  66  30  86  53  87  54  36  62  39  26  60  59  81  31  63  6  56  49  50  48  27  84  51  58  45  44  82  83  57  55  92  61  93  38  89  7  88  40  41  80  77  85  76  73  72  64  65  78  79  90  91  94  95  96  97  98  99  100  101  102  103  104  105  106  107  108  109  110  111  


  ==> Energy                -307.740977804
  ==> dE                       -8.12e-05
  ==> Gradient Norm             1.69e-01
  ==> Abs. Max. Deriv.          3.13e-02
  ==> Time-Grad. (s)             249.609
  ==> Time-Energy (s)             44.538
  ==> Time-Iter. (s)             296.149

--------------------------------------------------------------------------------
CEO-ADAPT-VQE iteration: 245
--------------------------------------------------------------------------------
    gate        derivative      name       op1       op2       op3        g_unscaled   penalty
   89755        0.00157972        op     38478     38479                  0.05529033        35
   89756        0.00154748        om     38478     38479                  0.05416163        35
   38478        0.00107306    a_iajb     38478                            0.05472598        51
    1357       -0.00063048      a_ia      1357                           -0.00126096         2
    1135        0.00025812      a_ia      1135                            0.00103246         4
   87126       -0.00020557        om     36448     36449                 -0.00555036        27
   87125       -0.00020555        op     36448     36449                 -0.00554988        27
   84725        0.00019520        op     34639     34640                  0.01346848        69
   84726        0.00019308        om     34639     34640                  0.01332239        69
     860        0.00017343      a_ia       860                            0.00277483        16

  ==> Add operator: mvp2 -1: 38478 38479
  ==> Current qubit order: 0  1  2  3  4  5  8  9  10  11  12  13  14  15  16  17  19  20  21  22  23  34  35  18  29  42  28  25  24  74  67  33  75  32  46  52  43  47  71  70  37  68  69  66  30  86  53  87  54  36  62  39  26  60  59  81  31  63  6  56  49  50  48  27  84  51  58  45  44  82  83  57  55  92  61  93  38  7  89  88  40  41  80  77  85  76  73  72  64  65  78  79  90  91  94  95  96  97  98  99  100  101  102  103  104  105  106  107  108  109  110  111  


  ==> Energy                -307.741439711
  ==> dE                       -4.62e-04
  ==> Gradient Norm             1.74e-01
  ==> Abs. Max. Deriv.          5.53e-02
  ==> Time-Grad. (s)             237.213
  ==> Time-Energy (s)             46.981
  ==> Time-Iter. (s)             286.179

--------------------------------------------------------------------------------
CEO-ADAPT-VQE iteration: 246
--------------------------------------------------------------------------------
    gate        derivative      name       op1       op2       op3        g_unscaled   penalty
    1361       -0.00063030      a_ia      1361                           -0.00126059         2
    1050        0.00029736      a_ia      1050                            0.00118944         4
   90162       -0.00025826        om     38622     38623                 -0.01730335        67
    1139        0.00025610      a_ia      1139                            0.00102440         4
   90161       -0.00025150        op     38622     38623                 -0.01685042        67
   89561        0.00023157        op     38166     38167                  0.02894587       125
   89562        0.00023140        om     38166     38167                  0.02892457       125
   38622       -0.00020575    a_iajb     38622                           -0.01707689        83
   38166        0.00020521    a_iajb     38166                            0.02893522       141
   85045        0.00019358        op     34802     34803                  0.01297010        67

  ==> Add operator: a_ia 1361
  ==> Current qubit order: 0  1  2  3  4  5  8  9  10  11  12  13  14  15  16  17  19  20  21  22  23  34  35  18  29  42  28  25  24  74  67  33  75  32  46  52  43  47  71  70  37  68  69  66  30  86  53  87  54  36  62  39  26  60  59  81  31  63  6  56  49  50  48  27  84  51  58  45  44  82  83  57  55  92  61  93  38  7  89  88  40  41  80  77  85  76  73  72  64  65  78  79  90  91  94  95  96  97  98  99  100  101  102  103  104  105  106  107  108  109  110  111  


  ==> Energy                -307.741594878
  ==> dE                       -1.55e-04
  ==> Gradient Norm             1.57e-01
  ==> Abs. Max. Deriv.          2.89e-02
  ==> Time-Grad. (s)             238.572
  ==> Time-Energy (s)             78.814
  ==> Time-Iter. (s)             319.386

--------------------------------------------------------------------------------
CEO-ADAPT-VQE iteration: 247
--------------------------------------------------------------------------------
    gate        derivative      name       op1       op2       op3        g_unscaled   penalty
    1050        0.00029826      a_ia      1050                            0.00119304         4
    1139        0.00028558      a_ia      1139                            0.00114231         4
   89284       -0.00025489        op     38052     38054                 -0.02931255       115
   89285       -0.00025489        op     38052     38054                 -0.02931255       115
   89280       -0.00025046        op     38052     38053                 -0.02880236       115
   89281       -0.00025046        op     38052     38053                 -0.02880236       115
   38052       -0.00022048    a_iajb     38052                           -0.02888346       131
     209       -0.00017925      a_ia       209                           -0.00107549         6
     864        0.00017357      a_ia       864                            0.00277711        16
    1202        0.00016444      a_ia      1202                            0.00065778         4

  ==> Add operator: a_ia 1050
  ==> Current qubit order: 0  1  2  3  4  5  8  9  10  11  12  13  14  15  16  17  19  20  21  22  23  34  35  18  29  42  28  25  24  74  67  33  75  32  46  52  43  47  71  70  37  68  69  66  30  86  53  87  54  36  62  39  26  60  59  81  31  63  6  56  49  50  48  27  84  51  58  45  44  82  83  57  55  92  61  93  38  7  89  88  41  40  80  77  85  76  73  72  64  65  78  79  90  91  94  95  96  97  98  99  100  101  102  103  104  105  106  107  108  109  110  111  


  ==> Energy                -307.741595300
  ==> dE                       -4.22e-07
  ==> Gradient Norm             1.56e-01
  ==> Abs. Max. Deriv.          2.93e-02
  ==> Time-Grad. (s)             241.270
  ==> Time-Energy (s)             26.266
  ==> Time-Iter. (s)             269.539

--------------------------------------------------------------------------------
CEO-ADAPT-VQE iteration: 248
--------------------------------------------------------------------------------
    gate        derivative      name       op1       op2       op3        g_unscaled   penalty
    1142        0.00028558      a_ia      1142                            0.00114230         4
     209       -0.00017924      a_ia       209                           -0.00107547         6
     867        0.00017275      a_ia       867                            0.00276394        16
    1206        0.00016524      a_ia      1206                            0.00066097         4
   90523       -0.00015701        op     38869     38870                 -0.01522985        97
     889        0.00015536      a_ia       889                            0.00217503        14
   90524       -0.00015454        om     38869     38870                 -0.01498995        97
   38869       -0.00013372    a_iajb     38869                           -0.01510990       113
   87836        0.00012273        om     36847     36848                  0.00527742        43
   87835        0.00012241        op     36847     36848                  0.00526362        43

  ==> Add operator: a_ia 1142
  ==> Current qubit order: 0  1  2  3  4  5  8  9  10  11  12  13  14  15  16  17  19  20  21  22  23  34  35  18  29  42  28  25  24  74  67  33  75  32  46  52  43  47  71  70  37  68  69  66  30  86  53  87  54  36  62  39  26  60  59  81  31  63  6  56  49  50  48  27  84  58  51  45  44  82  83  57  55  92  61  93  38  7  89  88  41  40  80  77  85  76  73  72  64  65  78  79  90  91  94  95  96  97  98  99  100  101  102  103  104  105  106  107  108  109  110  111  


  ==> Energy                -307.741682686
  ==> dE                       -8.74e-05
  ==> Gradient Norm             1.61e-01
  ==> Abs. Max. Deriv.          2.00e-02
  ==> Time-Grad. (s)             284.609
  ==> Time-Energy (s)             24.109
  ==> Time-Iter. (s)             310.728

--------------------------------------------------------------------------------
CEO-ADAPT-VQE iteration: 249
--------------------------------------------------------------------------------
    gate        derivative      name       op1       op2       op3        g_unscaled   penalty
   83997        0.00043537        op     33821     33822                  0.02655760        61
   83998        0.00043365        om     33821     33822                  0.02645283        61
   89473        0.00039582        op     37944     37945                  0.02335344        59
   89474        0.00039582        op     37944     37945                  0.02335344        59
   89477        0.00039400        op     37944     37946                  0.02324581        59
   89478        0.00039400        op     37944     37946                  0.02324581        59
   33821        0.00034422    a_iajb     33821                            0.02650522        77
   37944        0.00030896    a_iajb     37944                            0.02317184        75
   90635        0.00019522        op     38842     38843                  0.03064962       157
   90636        0.00019513        om     38842     38843                  0.03063600       157

  ==> Add operator: mvp2 -1: 33821 33822
  ==> Current qubit order: 0  1  2  3  4  5  8  9  10  11  12  13  14  15  16  17  19  20  21  22  23  34  35  18  29  42  28  74  33  75  25  24  67  66  32  46  52  43  47  71  70  37  68  69  30  86  53  87  54  36  62  39  26  60  59  81  31  63  6  56  49  50  48  27  84  58  51  45  44  82  83  57  55  92  61  93  38  7  89  88  41  40  80  77  85  76  73  72  64  65  78  79  90  91  94  95  96  97  98  99  100  101  102  103  104  105  106  107  108  109  110  111  


  ==> Energy                -307.741807129
  ==> dE                       -1.24e-04
  ==> Gradient Norm             1.69e-01
  ==> Abs. Max. Deriv.          3.06e-02
  ==> Time-Grad. (s)             280.887
  ==> Time-Energy (s)             43.377
  ==> Time-Iter. (s)             326.293

--------------------------------------------------------------------------------
CEO-ADAPT-VQE iteration: 250
--------------------------------------------------------------------------------
    gate        derivative      name       op1       op2       op3        g_unscaled   penalty
     209       -0.00018809      a_ia       209                           -0.00112855         6
     867        0.00017189      a_ia       867                            0.00275030        16
     782        0.00016898      a_ia       782                            0.00033796         2
    1207        0.00016084      a_ia      1207                            0.00064337         4
   90158       -0.00014091        op     38431     38432                 -0.00944111        67
   90159       -0.00013955        om     38431     38432                 -0.00934984        67
   85648        0.00013686        op     35007     35008                  0.00971741        71
     840       -0.00012887      a_ia       840                           -0.00051547         4
   86143        0.00012720        om     35378     35379                  0.00750453        59
   85649        0.00012643        om     35007     35008                  0.00897647        71

  ==> Add operator: a_ia 209
  ==> Current qubit order: 0  1  2  3  4  5  8  9  10  11  12  13  14  15  16  17  19  20  21  22  23  34  35  18  29  42  28  74  33  75  25  24  67  66  32  46  52  43  47  71  70  37  68  69  30  86  53  87  54  36  62  39  26  60  59  81  31  63  56  49  6  50  48  27  84  58  51  45  44  82  83  57  55  92  61  93  38  7  89  88  41  40  80  77  85  76  73  72  64  65  78  79  90  91  94  95  96  97  98  99  100  101  102  103  104  105  106  107  108  109  110  111  


  ==> Energy                -307.742006648
  ==> dE                       -2.00e-04
  ==> Gradient Norm             1.43e-01
  ==> Abs. Max. Deriv.          1.43e-02
  ==> Time-Grad. (s)             281.577
  ==> Time-Energy (s)           1188.434
  ==> Time-Iter. (s)            1472.062

--------------------------------------------------------------------------------
CEO-ADAPT-VQE iteration: 251
--------------------------------------------------------------------------------
    gate        derivative      name       op1       op2       op3        g_unscaled   penalty
    1059        0.00039443      a_ia      1059                            0.00078886         2
    1062        0.00035776      a_ia      1062                            0.00143104         4
   86469        0.00035200        op     35965     35966                  0.01865609        53
   86470        0.00035191        om     35965     35966                  0.01865149        53
   35965        0.00027034    a_iajb     35965                            0.01865379        69
   85203       -0.00019815        op     34984     34985                 -0.01803186        91
   85204       -0.00019815        op     34984     34985                 -0.01803186        91
   85207       -0.00019601        op     34984     34986                 -0.01783728        91
   85208       -0.00019601        op     34984     34986                 -0.01783728        91
    1213        0.00018773      a_ia      1213                            0.00075093         4

  ==> Add operator: a_ia 1059
  ==> Current qubit order: 0  1  2  3  4  5  8  9  10  11  12  13  14  15  16  17  19  20  21  22  23  34  35  18  29  42  28  74  33  75  25  24  67  66  32  46  52  43  47  71  70  37  68  69  30  86  53  87  54  36  62  39  26  60  59  81  31  63  56  49  6  50  48  27  84  58  51  45  44  82  83  57  55  92  61  93  38  7  89  88  41  40  80  77  85  76  73  72  64  65  78  79  90  91  94  95  96  97  98  99  100  101  102  103  104  105  106  107  108  109  110  111  


  ==> Energy                -307.742006855
  ==> dE                       -2.07e-07
  ==> Gradient Norm             1.65e-01
  ==> Abs. Max. Deriv.          2.34e-02
  ==> Time-Grad. (s)             232.077
  ==> Time-Energy (s)             25.551
  ==> Time-Iter. (s)             259.879

--------------------------------------------------------------------------------
CEO-ADAPT-VQE iteration: 252
--------------------------------------------------------------------------------
    gate        derivative      name       op1       op2       op3        g_unscaled   penalty
    1064        0.00035643      a_ia      1064                            0.00142574         4
   84651       -0.00032527        op     34618     34619                 -0.01593837        49
   84652       -0.00032384        om     34618     34619                 -0.01586813        49
   34618       -0.00024467    a_iajb     34618                           -0.01590325        65
   71133        0.00020334        op     24319     24320                  0.01972367        97
   71134        0.00020332        om     24319     24320                  0.01972199        97
    1217        0.00018830      a_ia      1217                            0.00075319         4
   24319        0.00017454    a_iajb     24319                            0.01972283       113
     875        0.00017129      a_ia       875                            0.00274064        16
     789        0.00016255      a_ia       789                            0.00032509         2

  ==> Add operator: a_ia 1064
  ==> Current qubit order: 0  1  2  3  4  5  8  9  10  11  12  13  14  15  16  17  19  20  21  22  23  34  35  18  29  42  28  74  33  75  25  24  67  66  32  46  52  43  47  71  70  37  68  69  30  86  53  87  54  36  62  39  26  60  59  81  31  63  56  49  6  50  48  27  84  58  51  45  44  82  83  57  55  92  61  93  38  7  89  41  88  40  80  77  85  76  73  72  64  65  78  79  90  91  94  95  96  97  98  99  100  101  102  103  104  105  106  107  108  109  110  111  


  ==> Energy                -307.742007301
  ==> dE                       -4.45e-07
  ==> Gradient Norm             1.61e-01
  ==> Abs. Max. Deriv.          2.16e-02
  ==> Time-Grad. (s)             278.873
  ==> Time-Energy (s)             24.799
  ==> Time-Iter. (s)             305.685

--------------------------------------------------------------------------------
CEO-ADAPT-VQE iteration: 253
--------------------------------------------------------------------------------
    gate        derivative      name       op1       op2       op3        g_unscaled   penalty
    1220        0.00018500      a_ia      1220                            0.00073999         4
     877        0.00017111      a_ia       877                            0.00273782        16
     791        0.00016312      a_ia       791                            0.00032624         2
   85206       -0.00015957        om     35011     35012                 -0.00941461        59
   85205       -0.00015686        op     35011     35012                 -0.00925453        59
   89897        0.00015664        op     38551     38552                  0.02146004       137
   89898        0.00015141        om     38551     38552                  0.02074308       137
   38551        0.00013792    a_iajb     38551                            0.02110156       153
   85231       -0.00012937        op     35034     35035                 -0.01979435       153
   85232       -0.00012937        om     35034     35035                 -0.01979435       153

  ==> Add operator: a_ia 1220
  ==> Current qubit order: 0  1  2  3  4  5  8  9  10  11  12  13  14  15  16  17  19  20  21  22  23  34  35  18  29  42  28  74  33  75  25  24  67  66  32  46  52  43  47  71  70  37  68  69  30  86  53  87  54  36  62  39  26  60  59  81  31  63  56  49  6  50  27  48  84  58  51  45  44  82  83  57  55  92  61  93  38  7  89  41  88  40  80  77  85  76  73  72  64  65  78  79  90  91  94  95  96  97  98  99  100  101  102  103  104  105  106  107  108  109  110  111  


  ==> Energy                -307.742007448
  ==> dE                       -1.48e-07
  ==> Gradient Norm             1.46e-01
  ==> Abs. Max. Deriv.          2.39e-02
  ==> Time-Grad. (s)             236.748
  ==> Time-Energy (s)             27.331
  ==> Time-Iter. (s)             266.075

--------------------------------------------------------------------------------
CEO-ADAPT-VQE iteration: 254
--------------------------------------------------------------------------------
    gate        derivative      name       op1       op2       op3        g_unscaled   penalty
    1272        0.00057553      a_ia      1272                            0.00575528        10
     878        0.00017125      a_ia       878                            0.00274007        16
     792        0.00016503      a_ia       792                            0.00033006         2
   89439       -0.00014156        om     38310     38311                 -0.01741223       123
   89438       -0.00013277        op     38310     38311                 -0.01633071       123
   38310       -0.00012138    a_iajb     38310                           -0.01687147       139
     851       -0.00011878      a_ia       851                           -0.00047511         4
   85368        0.00011558        op     35173     35174                  0.01953301       169
   85369        0.00011558        om     35173     35174                  0.01953301       169
     763       -0.00011387      a_ia       763                           -0.00068324         6

  ==> Add operator: a_ia 1272
  ==> Current qubit order: 0  1  2  3  4  5  8  9  10  11  12  13  14  15  16  17  19  20  21  22  23  34  35  18  29  42  28  74  33  75  25  24  67  66  32  46  52  43  47  71  70  37  68  69  30  86  53  87  54  36  62  39  26  60  59  81  31  63  56  49  6  50  27  48  84  58  45  44  82  83  51  57  55  92  61  93  38  7  89  41  88  40  80  77  85  76  73  72  64  65  78  79  90  91  94  95  96  97  98  99  100  101  102  103  104  105  106  107  108  109  110  111  


  ==> Energy                -307.742026501
  ==> dE                       -1.91e-05
  ==> Gradient Norm             1.58e-01
  ==> Abs. Max. Deriv.          2.27e-02
  ==> Time-Grad. (s)             279.254
  ==> Time-Energy (s)             29.742
  ==> Time-Iter. (s)             311.025

--------------------------------------------------------------------------------
CEO-ADAPT-VQE iteration: 255
--------------------------------------------------------------------------------
    gate        derivative      name       op1       op2       op3        g_unscaled   penalty
     794        0.00018558      a_ia       794                            0.00037115         2
     880        0.00017170      a_ia       880                            0.00274723        16
   84438        0.00016385        om     34519     34520                  0.02343073       143
   84437        0.00016364        op     34519     34520                  0.02339995       143
   34519        0.00014727    a_iajb     34519                            0.02341534       159
   71333       -0.00013718        op     24589     24590                 -0.00617316        45
   71334       -0.00013384        om     24589     24590                 -0.00602280        45
   91660        0.00012660        om     40055     40056                  0.01076120        85
     215        0.00012323      a_ia       215                            0.00049292         4
   91659        0.00012305        op     40055     40056                  0.01045965        85

  ==> Add operator: a_ia 794
  ==> Current qubit order: 0  1  2  3  4  5  8  9  10  11  12  13  14  15  16  17  19  20  21  22  23  34  35  18  29  42  28  74  33  75  25  24  67  66  32  46  52  43  47  71  70  37  68  69  30  86  53  87  54  36  62  39  26  60  59  81  31  63  56  49  6  50  27  48  84  58  45  44  82  83  51  57  55  92  61  93  38  7  89  41  88  40  80  77  85  76  73  72  64  65  78  79  90  91  94  95  96  97  98  99  100  101  102  103  104  105  106  107  108  109  110  111  


  ==> Energy                -307.742026517
  ==> dE                       -1.60e-08
  ==> Gradient Norm             1.52e-01
  ==> Abs. Max. Deriv.          2.34e-02
  ==> Time-Grad. (s)             238.830
  ==> Time-Energy (s)             32.778
  ==> Time-Iter. (s)             273.640

--------------------------------------------------------------------------------
CEO-ADAPT-VQE iteration: 256
--------------------------------------------------------------------------------
    gate        derivative      name       op1       op2       op3        g_unscaled   penalty
   80128        0.00024825        op     31213     31214                  0.01266078        51
   80129        0.00024776        om     31213     31214                  0.01263563        51
   31213        0.00018878    a_iajb     31213                            0.01264821        67
     882        0.00017167      a_ia       882                            0.00274672        16
   84535       -0.00016831        om     34572     34573                 -0.00892054        53
   84534       -0.00016647        op     34572     34573                 -0.00882300        53
   88730       -0.00014754        op     37739     37740                 -0.01283603        87
   88731       -0.00014699        om     37739     37740                 -0.01278775        87
   34572       -0.00012858    a_iajb     34572                           -0.00887177        69
   71747        0.00012567        om     24835     24836                  0.01646293       131

  ==> Add operator: mvp2 -1: 31213 31214
  ==> Current qubit order: 0  1  2  3  4  5  8  9  10  11  12  13  14  15  16  17  20  21  22  23  34  35  29  19  18  74  75  42  28  33  25  24  67  66  32  46  52  43  47  71  70  37  68  69  30  86  53  87  54  36  62  39  26  60  59  81  31  63  56  49  6  50  27  48  84  58  45  44  82  83  51  57  55  92  61  93  38  7  89  41  88  40  80  77  85  76  73  72  64  65  78  79  90  91  94  95  96  97  98  99  100  101  102  103  104  105  106  107  108  109  110  111  


  ==> Energy                -307.742045256
  ==> dE                       -1.87e-05
  ==> Gradient Norm             1.48e-01
  ==> Abs. Max. Deriv.          1.65e-02
  ==> Time-Grad. (s)             246.309
  ==> Time-Energy (s)             51.327
  ==> Time-Iter. (s)             299.665

--------------------------------------------------------------------------------
CEO-ADAPT-VQE iteration: 257
--------------------------------------------------------------------------------
    gate        derivative      name       op1       op2       op3        g_unscaled   penalty
   88969        0.00020991        op     38040     38041                  0.03463478       165
   88970        0.00020991        om     38040     38041                  0.03463478       165
   38040        0.00019135    a_iajb     38040                            0.03463478       181
     885        0.00017167      a_ia       885                            0.00274668        16
   89835       -0.00016176        op     38720     38721                 -0.01277926        79
   89836       -0.00015995        om     38720     38721                 -0.01263619        79
     553        0.00014970      a_ia       553                            0.00029939         2
   38720       -0.00013377    a_iajb     38720                           -0.01270772        95
   91699       -0.00013275        op     40137     40138                 -0.00677034        51
   91700       -0.00013019        om     40137     40138                 -0.00663944        51

  ==> Add operator: op -1: 38040 38041
  ==> Current qubit order: 0  1  2  3  4  5  8  9  10  11  12  13  14  15  16  17  20  21  22  23  34  35  29  19  18  74  75  42  28  33  25  24  67  66  32  46  52  43  47  71  70  37  68  69  30  86  53  87  54  36  62  26  60  59  81  31  63  56  49  6  50  27  48  84  58  45  44  82  83  51  57  55  92  61  93  7  89  41  88  40  39  38  100  101  80  77  85  76  73  72  64  65  78  79  90  91  94  95  96  97  98  99  102  103  104  105  106  107  108  109  110  111  


  ==> Energy                -307.742144512
  ==> dE                       -9.93e-05
  ==> Gradient Norm             1.56e-01
  ==> Abs. Max. Deriv.          3.46e-02
  ==> Time-Grad. (s)             234.836
  ==> Time-Energy (s)             33.416
  ==> Time-Iter. (s)             270.302

--------------------------------------------------------------------------------
CEO-ADAPT-VQE iteration: 258
--------------------------------------------------------------------------------
    gate        derivative      name       op1       op2       op3        g_unscaled   penalty
    1051       -0.00020304      a_ia      1051                           -0.00243647        12
   88718        0.00017300        op     37834     37835                  0.00709296        41
   88719        0.00017300        op     37834     37835                  0.00709296        41
     886        0.00017167      a_ia       886                            0.00274666        16
   88722        0.00015540        op     37834     37836                  0.00637128        41
   88723        0.00015540        op     37834     37836                  0.00637128        41
     554        0.00014976      a_ia       554                            0.00029952         2
    1010       -0.00014084      a_ia      1010                           -0.00056336         4
    1043        0.00012711      a_ia      1043                            0.00177960        14
    1031       -0.00012355      a_ia      1031                           -0.00024709         2

  ==> Add operator: a_ia 1051
  ==> Current qubit order: 0  1  2  3  4  5  8  9  10  11  12  13  14  15  16  17  20  21  22  23  34  35  29  19  18  74  75  42  28  33  25  24  67  66  32  46  52  43  47  71  70  37  68  69  30  86  53  87  54  36  62  26  60  59  81  31  63  56  49  6  50  27  48  84  58  45  44  82  83  51  57  55  92  61  93  7  89  41  88  40  38  100  101  80  77  39  85  76  73  72  64  65  78  79  90  91  94  95  96  97  98  99  102  103  104  105  106  107  108  109  110  111  


  ==> Energy                -307.742146075
  ==> dE                       -1.56e-06
  ==> Gradient Norm             1.50e-01
  ==> Abs. Max. Deriv.          1.49e-02
  ==> Time-Grad. (s)             235.966
  ==> Time-Energy (s)             31.075
  ==> Time-Iter. (s)             269.134

--------------------------------------------------------------------------------
CEO-ADAPT-VQE iteration: 259
--------------------------------------------------------------------------------
    gate        derivative      name       op1       op2       op3        g_unscaled   penalty
    1011       -0.00028171      a_ia      1011                           -0.00056343         2
   91463        0.00017659        om     39938     39939                  0.00618073        35
     887        0.00017194      a_ia       887                            0.00275099        16
   91462        0.00016576        op     39938     39939                  0.00580170        35
   88837       -0.00015567        om     37918     37919                 -0.00575966        37
   88836       -0.00015500        op     37918     37919                 -0.00573509        37
   85066       -0.00015182        op     35054     35055                 -0.01017211        67
     554        0.00015116      a_ia       554                            0.00030233         2
   85067       -0.00014972        om     35054     35055                 -0.01003104        67
    1052        0.00014396      a_ia      1052                            0.00028792         2

  ==> Add operator: a_ia 1011
  ==> Current qubit order: 0  1  2  3  4  5  8  9  10  11  12  13  14  15  16  17  20  21  22  23  34  35  29  19  18  74  75  42  28  33  25  24  67  66  32  46  52  43  47  71  70  37  68  69  30  86  53  87  54  36  62  26  60  59  81  31  63  56  49  6  50  27  48  84  58  45  44  82  83  51  57  55  92  61  93  7  89  41  88  40  38  100  101  80  77  39  85  76  73  72  64  65  78  79  90  91  94  95  96  97  98  99  102  103  104  105  106  107  108  109  110  111  


  ==> Energy                -307.742173494
  ==> dE                       -2.74e-05
  ==> Gradient Norm             1.53e-01
  ==> Abs. Max. Deriv.          2.08e-02
  ==> Time-Grad. (s)             233.087
  ==> Time-Energy (s)             27.942
  ==> Time-Iter. (s)             263.067

--------------------------------------------------------------------------------
CEO-ADAPT-VQE iteration: 260
--------------------------------------------------------------------------------
    gate        derivative      name       op1       op2       op3        g_unscaled   penalty
     890        0.00017147      a_ia       890                            0.00274348        16
     556        0.00015625      a_ia       556                            0.00031249         2
   84896        0.00014444        op     34885     34886                  0.00823280        57
   84897        0.00014438        om     34885     34886                  0.00822943        57
    1056        0.00014332      a_ia      1056                            0.00028664         2
    1239       -0.00013530      a_ia      1239                           -0.00027061         2
     220        0.00013346      a_ia       220                            0.00053384         4
    1036       -0.00012420      a_ia      1036                           -0.00024839         2
    1137        0.00011765      a_ia      1137                            0.00141179        12
   83814       -0.00011572        op     34081     34083                 -0.01886175       163

  ==> Add operator: a_ia 890
  ==> Current qubit order: 0  1  2  3  4  5  8  9  10  11  12  13  14  15  16  17  20  21  22  23  34  35  29  19  18  74  75  42  28  33  25  24  67  66  46  52  43  47  71  70  37  32  68  69  30  86  53  87  54  36  62  26  60  59  81  31  63  56  49  6  50  27  48  84  58  45  44  82  83  51  57  55  92  61  93  7  89  41  88  40  38  100  101  80  77  39  85  76  73  72  64  65  78  79  90  91  94  95  96  97  98  99  102  103  104  105  106  107  108  109  110  111  


  ==> Energy                -307.742175945
  ==> dE                       -2.45e-06
  ==> Gradient Norm             1.45e-01
  ==> Abs. Max. Deriv.          1.89e-02
  ==> Time-Grad. (s)             231.144
  ==> Time-Energy (s)             32.885
  ==> Time-Iter. (s)             266.072

--------------------------------------------------------------------------------
CEO-ADAPT-VQE iteration: 261
--------------------------------------------------------------------------------
    gate        derivative      name       op1       op2       op3        g_unscaled   penalty
   89266        0.00026246        om     38085     38086                  0.01286062        49
   89265        0.00026244        op     38085     38086                  0.01285952        49
   38085        0.00019785    a_iajb     38085                            0.01286007        65
     558        0.00016202      a_ia       558                            0.00032404         2
   91717        0.00015575        op     39934     39935                  0.02538707       163
   91718        0.00015575        om     39934     39935                  0.02538707       163
   39934        0.00014183    a_iajb     39934                            0.02538707       179
    1058        0.00014005      a_ia      1058                            0.00028010         2
   89028        0.00013952        om     37907     37908                  0.01353316        97
   89027        0.00013883        op     37907     37908                  0.01346659        97

  ==> Add operator: om -1: 38085 38086
  ==> Current qubit order: 0  1  2  3  4  5  8  9  10  11  12  13  14  15  16  17  20  21  22  23  34  35  29  19  18  74  75  42  28  33  25  24  67  66  46  52  43  47  71  70  37  32  68  69  30  86  53  87  54  36  62  26  60  59  81  31  63  56  49  6  50  27  48  84  58  45  44  82  83  51  57  55  92  61  93  7  89  41  88  40  100  101  80  77  38  39  64  65  85  76  73  72  78  79  90  91  94  95  96  97  98  99  102  103  104  105  106  107  108  109  110  111  


  ==> Energy                -307.742203891
  ==> dE                       -2.79e-05
  ==> Gradient Norm             1.60e-01
  ==> Abs. Max. Deriv.          2.54e-02
  ==> Time-Grad. (s)             240.729
  ==> Time-Energy (s)             21.176
  ==> Time-Iter. (s)             263.968

--------------------------------------------------------------------------------
CEO-ADAPT-VQE iteration: 262
--------------------------------------------------------------------------------
    gate        derivative      name       op1       op2       op3        g_unscaled   penalty
   91804        0.00039037        om     39962     39963                  0.02147014        55
   91803        0.00038928        op     39962     39963                  0.02141013        55
   39962        0.00030197    a_iajb     39962                            0.02144013        71
    1090        0.00023098      a_ia      1090                            0.00046197         2
   86846       -0.00022663        om     36279     36280                 -0.01291817        57
   86845       -0.00022435        op     36279     36280                 -0.01278798        57
   36279       -0.00017607    a_iajb     36279                           -0.01285308        73
   89285        0.00017327        op     38056     38057                  0.01126281        65
   89286        0.00017327        om     38056     38057                  0.01126281        65
     559        0.00016168      a_ia       559                            0.00032336         2

  ==> Add operator: mvp2 -1: 39962 39963
  ==> Current qubit order: 0  1  2  3  4  5  8  9  10  11  12  13  14  15  16  17  20  21  22  23  34  35  29  19  18  74  75  42  28  33  25  24  67  66  46  52  43  47  71  70  37  32  68  69  30  86  53  87  54  36  62  26  60  59  81  31  63  6  50  27  84  56  49  48  57  58  45  44  82  83  51  55  92  61  93  7  89  41  88  40  100  101  80  77  38  39  64  65  85  76  73  72  78  79  90  91  94  95  96  97  98  99  102  103  104  105  106  107  108  109  110  111  


  ==> Energy                -307.742318052
  ==> dE                       -1.14e-04
  ==> Gradient Norm             1.51e-01
  ==> Abs. Max. Deriv.          2.15e-02
  ==> Time-Grad. (s)             233.691
  ==> Time-Energy (s)             56.937
  ==> Time-Iter. (s)             292.691

--------------------------------------------------------------------------------
CEO-ADAPT-VQE iteration: 263
--------------------------------------------------------------------------------
    gate        derivative      name       op1       op2       op3        g_unscaled   penalty
   86507        0.00061466        om     36107     36108                  0.02028369        33
   86506        0.00060855        op     36107     36108                  0.02008206        33
   36107        0.00041190    a_iajb     36107                            0.02018288        49
    1092        0.00023104      a_ia      1092                            0.00046209         2
    1183        0.00021129      a_ia      1183                            0.00084516         4
     560        0.00016200      a_ia       560                            0.00032399         2
    1056       -0.00014342      a_ia      1056                           -0.00057367         4
     919        0.00012007      a_ia       919                            0.00216133        18
   86806       -0.00011533        op     36338     36339                 -0.00795748        69
   86807       -0.00011336        om     36338     36339                 -0.00782196        69

  ==> Add operator: mvp2 -1: 36107 36108
  ==> Current qubit order: 0  1  2  3  4  5  8  9  10  11  12  13  14  15  16  17  20  21  22  23  34  35  29  19  18  74  75  42  28  33  25  24  67  66  46  52  43  47  71  70  32  68  69  37  30  86  87  53  54  36  62  26  60  59  81  31  63  6  50  27  84  56  49  48  57  58  45  44  82  83  51  55  92  61  93  7  89  41  88  40  100  101  80  77  38  39  64  65  85  76  73  72  78  79  90  91  94  95  96  97  98  99  102  103  104  105  106  107  108  109  110  111  


  ==> Energy                -307.742368375
  ==> dE                       -5.03e-05
  ==> Gradient Norm             1.50e-01
  ==> Abs. Max. Deriv.          2.03e-02
  ==> Time-Grad. (s)             231.675
  ==> Time-Energy (s)             54.600
  ==> Time-Iter. (s)             288.572

--------------------------------------------------------------------------------
CEO-ADAPT-VQE iteration: 264
--------------------------------------------------------------------------------
    gate        derivative      name       op1       op2       op3        g_unscaled   penalty
    1094        0.00023162      a_ia      1094                            0.00046324         2
   86857        0.00021995        om     36435     36436                  0.02001516        91
   86856        0.00021995        op     36435     36436                  0.02001516        91
   89541       -0.00021588        om     38474     38475                 -0.01100970        51
   89540       -0.00021409        op     38474     38475                 -0.01091869        51
    1187        0.00021187      a_ia      1187                            0.00084746         4
   36435        0.00018706    a_iajb     36435                            0.02001516       107
   38474       -0.00016364    a_iajb     38474                           -0.01096420        67
     562        0.00016221      a_ia       562                            0.00032441         2
    1058       -0.00014418      a_ia      1058                           -0.00057671         4

  ==> Add operator: a_ia 1094
  ==> Current qubit order: 0  1  2  3  4  5  8  9  10  11  12  13  14  15  16  17  20  21  22  23  34  35  29  19  18  74  75  42  28  33  25  24  67  66  46  52  43  47  71  70  32  68  69  37  30  86  87  53  54  36  62  26  60  59  81  31  63  6  50  27  84  56  49  48  57  58  45  44  82  83  51  55  92  61  93  7  89  41  88  40  100  101  80  77  38  39  64  65  85  76  73  72  78  79  90  91  94  95  96  97  98  99  102  103  104  105  106  107  108  109  110  111  


  ==> Energy                -307.742368419
  ==> dE                       -4.35e-08
  ==> Gradient Norm             1.47e-01
  ==> Abs. Max. Deriv.          2.00e-02
  ==> Time-Grad. (s)             234.529
  ==> Time-Energy (s)             24.337
  ==> Time-Iter. (s)             260.924

--------------------------------------------------------------------------------
CEO-ADAPT-VQE iteration: 265
--------------------------------------------------------------------------------
    gate        derivative      name       op1       op2       op3        g_unscaled   penalty
    1188        0.00021191      a_ia      1188                            0.00084764         4
     563        0.00016318      a_ia       563                            0.00032636         2
    1059       -0.00014407      a_ia      1059                           -0.00057627         4
   74930        0.00012250        op     27280     27281                  0.02731719       223
     922        0.00012019      a_ia       922                            0.00216347        18
   74931        0.00011988        om     27280     27281                  0.02673255       223
   89399       -0.00011744        om     38232     38233                 -0.00669430        57
    1016        0.00011703      a_ia      1016                            0.00070218         6
    1148        0.00011596      a_ia      1148                            0.00139158        12
   27280        0.00011307    a_iajb     27280                            0.02702487       239

  ==> Add operator: a_ia 1188
  ==> Current qubit order: 0  1  2  3  4  5  8  9  10  11  12  13  14  15  16  17  20  21  22  23  34  35  29  19  18  74  75  42  28  33  25  24  67  66  46  52  43  47  71  70  32  68  69  37  30  86  87  53  54  36  62  26  60  59  81  31  63  6  50  27  84  56  49  48  58  57  45  44  82  83  51  55  92  61  93  7  89  41  88  40  100  101  80  77  38  39  64  65  85  76  73  72  78  79  90  91  94  95  96  97  98  99  102  103  104  105  106  107  108  109  110  111  


  ==> Energy                -307.742368803
  ==> dE                       -3.85e-07
  ==> Gradient Norm             1.45e-01
  ==> Abs. Max. Deriv.          2.73e-02
  ==> Time-Grad. (s)             241.501
  ==> Time-Energy (s)             28.307
  ==> Time-Iter. (s)             271.832

--------------------------------------------------------------------------------
CEO-ADAPT-VQE iteration: 266
--------------------------------------------------------------------------------
    gate        derivative      name       op1       op2       op3        g_unscaled   penalty
   89355        0.00018166        op     38433     38435                  0.01289764        71
   89356        0.00018166        op     38433     38435                  0.01289764        71
   89351        0.00018067        op     38433     38434                  0.01282728        71
   89352        0.00018067        op     38433     38434                  0.01282728        71
     563        0.00016459      a_ia       563                            0.00032919         2
    1396       -0.00014904      a_ia      1396                           -0.00089426         6
   84053        0.00014855        op     34406     34408                  0.01114120        75
   84054        0.00014855        op     34406     34408                  0.01114120        75
   84049        0.00014848        op     34406     34407                  0.01113623        75
   84050        0.00014848        op     34406     34407                  0.01113623        75

  ==> Add operator: mvp3 -1: 38433 38434 38435
  ==> Current qubit order: 0  1  2  3  4  5  8  9  10  11  12  13  14  15  16  17  20  21  22  23  34  35  29  19  18  74  75  42  28  33  25  24  67  66  46  52  43  47  71  70  32  68  69  37  30  86  87  53  54  36  62  26  60  59  81  31  63  6  50  27  84  56  49  48  58  57  45  82  83  51  55  92  61  93  7  89  41  88  100  44  40  80  72  101  77  38  39  64  65  85  76  73  78  79  90  91  94  95  96  97  98  99  102  103  104  105  106  107  108  109  110  111  


  ==> Energy                -307.742411990
  ==> dE                       -4.32e-05
  ==> Gradient Norm             1.60e-01
  ==> Abs. Max. Deriv.          2.08e-02
  ==> Time-Grad. (s)             244.303
  ==> Time-Energy (s)             82.163
  ==> Time-Iter. (s)             328.776

--------------------------------------------------------------------------------
CEO-ADAPT-VQE iteration: 267
--------------------------------------------------------------------------------
    gate        derivative      name       op1       op2       op3        g_unscaled   penalty
    1078        0.00045044      a_ia      1078                            0.00090089         2
    1089       -0.00032277      a_ia      1089                           -0.00129110         4
    1185       -0.00024713      a_ia      1185                           -0.00049427         2
     563        0.00016449      a_ia       563                            0.00032899         2
    1399       -0.00014905      a_ia      1399                           -0.00089431         6
    1063       -0.00014403      a_ia      1063                           -0.00057611         4
   86633       -0.00013228        op     36091     36092                 -0.01362477       103
   86634       -0.00013065        om     36091     36092                 -0.01345653       103
    1178        0.00012726      a_ia      1178                            0.00050906         4
    1092       -0.00012652      a_ia      1092                           -0.00025304         2

  ==> Add operator: a_ia 1078
  ==> Current qubit order: 0  1  2  3  4  5  8  9  10  11  12  13  14  15  16  17  20  21  22  23  34  35  29  19  18  74  75  42  28  33  25  24  67  66  46  52  43  47  71  70  32  68  69  37  30  86  87  53  54  36  62  26  60  59  81  31  63  6  50  27  84  56  49  48  58  57  45  82  83  51  55  92  61  93  7  89  41  88  100  44  40  80  72  101  77  38  39  64  65  85  76  73  78  79  90  91  94  95  96  97  98  99  102  103  104  105  106  107  108  109  110  111  


  ==> Energy                -307.742490837
  ==> dE                       -7.88e-05
  ==> Gradient Norm             1.40e-01
  ==> Abs. Max. Deriv.          2.22e-02
  ==> Time-Grad. (s)             251.125
  ==> Time-Energy (s)             27.404
  ==> Time-Iter. (s)             280.570

--------------------------------------------------------------------------------
CEO-ADAPT-VQE iteration: 268
--------------------------------------------------------------------------------
    gate        derivative      name       op1       op2       op3        g_unscaled   penalty
   88645        0.00030605        op     37969     37970                  0.03580734       117
    1091       -0.00030245      a_ia      1091                           -0.00120982         4
   88646        0.00030064        om     37969     37970                  0.03517487       117
   37969        0.00026685    a_iajb     37969                            0.03549111       133
   72095        0.00024543        op     25313     25314                  0.00908083        37
   72096        0.00024543        op     25313     25314                  0.00908083        37
   88659       -0.00023391        op     37980     37981                 -0.01567165        67
   88660       -0.00023391        op     37980     37981                 -0.01567165        67
   88663       -0.00023329        op     37980     37982                 -0.01563062        67
   88664       -0.00023329        op     37980     37982                 -0.01563062        67

  ==> Add operator: mvp2 -1: 37969 37970
  ==> Current qubit order: 0  1  2  3  4  5  8  9  10  11  12  13  14  15  16  17  20  21  22  23  34  35  29  19  18  74  75  42  28  33  25  24  67  66  46  52  43  47  71  70  32  68  69  37  30  86  87  53  54  36  62  26  60  59  31  63  6  50  27  84  56  49  48  58  57  45  82  83  51  55  92  61  93  7  81  80  38  39  89  41  88  100  44  40  72  101  77  64  65  85  76  73  78  79  90  91  94  95  96  97  98  99  102  103  104  105  106  107  108  109  110  111  


  ==> Energy                -307.742712744
  ==> dE                       -2.22e-04
  ==> Gradient Norm             1.67e-01
  ==> Abs. Max. Deriv.          3.58e-02
  ==> Time-Grad. (s)             243.592
  ==> Time-Energy (s)             44.715
  ==> Time-Iter. (s)             290.218

--------------------------------------------------------------------------------
CEO-ADAPT-VQE iteration: 269
--------------------------------------------------------------------------------
    gate        derivative      name       op1       op2       op3        g_unscaled   penalty
    1092       -0.00060199      a_ia      1092                           -0.00120399         2
    1073       -0.00025517      a_ia      1073                           -0.00051034         2
     877       -0.00022574      a_ia       877                           -0.00045147         2
    1188       -0.00020427      a_ia      1188                           -0.00040854         2
     564        0.00017084      a_ia       564                            0.00034168         2
   85840       -0.00015619        op     35887     35888                 -0.01171406        75
    1064        0.00015535      a_ia      1064                            0.00186416        12
   85841       -0.00015531        om     35887     35888                 -0.01164816        75
    1403       -0.00014756      a_ia      1403                           -0.00088533         6
    1454       -0.00012849      a_ia      1454                           -0.00051395         4

  ==> Add operator: a_ia 1092
  ==> Current qubit order: 0  1  2  3  4  5  8  9  10  11  12  13  14  15  16  17  20  21  22  23  34  35  29  19  18  74  75  42  28  33  25  24  67  66  46  52  43  47  71  70  32  68  69  37  30  86  87  53  54  36  62  26  60  59  31  63  6  50  27  84  56  49  48  58  57  45  82  83  51  55  92  61  93  7  81  80  38  39  89  41  88  100  44  40  72  101  77  64  65  85  76  73  78  79  90  91  94  95  96  97  98  99  102  103  104  105  106  107  108  109  110  111  


  ==> Energy                -307.742713129
  ==> dE                       -3.85e-07
  ==> Gradient Norm             1.46e-01
  ==> Abs. Max. Deriv.          2.10e-02
  ==> Time-Grad. (s)             254.668
  ==> Time-Energy (s)             32.088
  ==> Time-Iter. (s)             288.725

--------------------------------------------------------------------------------
CEO-ADAPT-VQE iteration: 270
--------------------------------------------------------------------------------
    gate        derivative      name       op1       op2       op3        g_unscaled   penalty
   91545        0.00027460        om     40090     40091                  0.01455367        53
   91544        0.00027121        op     40090     40091                  0.01437408        53
    1074       -0.00025701      a_ia      1074                           -0.00051402         2
     878       -0.00022659      a_ia       878                           -0.00045318         2
   84017        0.00022415        om     34350     34351                  0.01501785        67
   84016        0.00022063        op     34350     34351                  0.01478217        67
   90365        0.00021040        om     39198     39199                  0.01746321        83
   90364        0.00021040        op     39198     39199                  0.01746316        83
   40090        0.00020962    a_iajb     40090                            0.01446387        69
    1190       -0.00020560      a_ia      1190                           -0.00041121         2

  ==> Add operator: mvp2 -1: 40090 40091
  ==> Current qubit order: 0  1  2  3  4  5  8  9  10  11  12  13  14  15  16  17  20  21  22  23  34  35  29  19  18  74  75  42  28  33  25  24  67  66  46  52  43  47  71  70  32  68  69  37  30  86  87  53  54  36  62  26  60  59  31  63  6  27  84  56  49  48  50  82  83  51  58  57  45  55  92  61  93  7  81  80  38  39  89  41  88  100  44  40  72  101  77  64  65  85  76  73  78  79  90  91  94  95  96  97  98  99  102  103  104  105  106  107  108  109  110  111  


  ==> Energy                -307.742746982
  ==> dE                       -3.39e-05
  ==> Gradient Norm             1.54e-01
  ==> Abs. Max. Deriv.          1.85e-02
  ==> Time-Grad. (s)             275.098
  ==> Time-Energy (s)             51.416
  ==> Time-Iter. (s)             328.550

--------------------------------------------------------------------------------
CEO-ADAPT-VQE iteration: 271
--------------------------------------------------------------------------------
    gate        derivative      name       op1       op2       op3        g_unscaled   penalty
   89957        0.00044434        op     38681     38682                  0.01466308        33
    1306        0.00041172      a_ia      1306                            0.00082345         2
   89958        0.00039587        om     38681     38682                  0.01306378        33
   38681        0.00028293    a_iajb     38681                            0.01386343        49
    1076       -0.00025641      a_ia      1076                           -0.00051282         2
     880       -0.00022640      a_ia       880                           -0.00045280         2
    1200        0.00021942      a_ia      1200                            0.00131651         6
    1192       -0.00020565      a_ia      1192                           -0.00041129         2
     567        0.00017355      a_ia       567                            0.00034709         2
   72691        0.00016274        op     25582     25583                  0.00992686        61

  ==> Add operator: mvp2 -1: 38681 38682
  ==> Current qubit order: 0  1  2  3  4  5  8  9  10  11  12  13  14  15  16  17  20  21  22  23  34  35  29  19  18  74  75  42  28  33  25  24  67  66  46  52  43  47  71  70  32  68  69  37  30  86  87  53  54  36  62  26  60  59  31  63  6  27  84  56  49  48  50  82  83  51  58  57  45  55  92  61  93  7  81  38  39  80  89  41  44  88  100  40  72  101  77  64  65  85  76  73  78  79  90  91  94  95  96  97  98  99  102  103  104  105  106  107  108  109  110  111  


  ==> Energy                -307.742969146
  ==> dE                       -2.22e-04
  ==> Gradient Norm             1.69e-01
  ==> Abs. Max. Deriv.          2.81e-02
  ==> Time-Grad. (s)             234.212
  ==> Time-Energy (s)             50.723
  ==> Time-Iter. (s)             286.942

--------------------------------------------------------------------------------
CEO-ADAPT-VQE iteration: 272
--------------------------------------------------------------------------------
    gate        derivative      name       op1       op2       op3        g_unscaled   penalty
    1309        0.00041373      a_ia      1309                            0.00082746         2
    1191        0.00036863      a_ia      1191                            0.00073726         2
     883       -0.00022567      a_ia       883                           -0.00045133         2
    1203        0.00021912      a_ia      1203                            0.00131471         6
    1070        0.00018633      a_ia      1070                            0.00186333        10
   89140       -0.00017884        om     37994     37995                 -0.01126684        63
    1195       -0.00017781      a_ia      1195                           -0.00071125         4
     570        0.00017393      a_ia       570                            0.00034785         2
   89139       -0.00017248        op     37994     37995                 -0.01086605        63
   37994       -0.00014008    a_iajb     37994                           -0.01106644        79

  ==> Add operator: a_ia 1309
  ==> Current qubit order: 0  1  2  3  4  5  8  9  10  11  12  13  14  15  16  17  20  21  22  23  34  35  29  19  18  74  75  42  28  33  25  24  67  66  46  52  43  47  71  70  32  68  69  37  30  86  87  53  54  36  62  26  60  59  31  63  6  27  84  56  49  48  50  82  83  51  58  57  45  55  92  61  93  7  81  38  39  80  89  41  44  88  100  40  72  101  77  64  65  85  76  73  78  79  90  91  94  95  96  97  98  99  102  103  104  105  106  107  108  109  110  111  


  ==> Energy                -307.742969359
  ==> dE                       -2.13e-07
  ==> Gradient Norm             1.45e-01
  ==> Abs. Max. Deriv.          1.95e-02
  ==> Time-Grad. (s)             250.758
  ==> Time-Energy (s)             24.283
  ==> Time-Iter. (s)             277.038

--------------------------------------------------------------------------------
CEO-ADAPT-VQE iteration: 273
--------------------------------------------------------------------------------
    gate        derivative      name       op1       op2       op3        g_unscaled   penalty
   91537        0.00041949        om     39867     39868                  0.02223310        53
   91536        0.00041890        op     39867     39868                  0.02220166        53
    1193        0.00036940      a_ia      1193                            0.00073880         2
   39867        0.00032199    a_iajb     39867                            0.02221738        69
     884       -0.00022411      a_ia       884                           -0.00044823         2
    1205        0.00021899      a_ia      1205                            0.00131396         6
    1072        0.00018647      a_ia      1072                            0.00186466        10
    1197       -0.00017802      a_ia      1197                           -0.00071207         4
     570        0.00017521      a_ia       570                            0.00035042         2
    1003       -0.00016273      a_ia      1003                           -0.00325461        20

  ==> Add operator: mvp2 -1: 39867 39868
  ==> Current qubit order: 0  1  2  3  4  5  8  9  10  11  12  13  14  15  16  17  20  21  22  23  34  35  29  19  18  74  75  42  28  33  25  24  67  66  46  52  43  47  71  70  32  68  69  37  30  86  87  53  54  36  26  60  59  31  62  63  49  48  6  27  84  56  50  82  83  51  58  57  45  55  92  61  93  7  81  38  39  80  89  41  44  88  100  40  72  101  77  64  65  85  76  73  78  79  90  91  94  95  96  97  98  99  102  103  104  105  106  107  108  109  110  111  


  ==> Energy                -307.743074669
  ==> dE                       -1.05e-04
  ==> Gradient Norm             1.58e-01
  ==> Abs. Max. Deriv.          2.22e-02
  ==> Time-Grad. (s)             242.074
  ==> Time-Energy (s)             45.222
  ==> Time-Iter. (s)             289.324

--------------------------------------------------------------------------------
CEO-ADAPT-VQE iteration: 274
--------------------------------------------------------------------------------
    gate        derivative      name       op1       op2       op3        g_unscaled   penalty
    1197        0.00038206      a_ia      1197                            0.00076411         2
    1284        0.00028834      a_ia      1284                            0.00057668         2
     888       -0.00022352      a_ia       888                           -0.00044704         2
    1209        0.00021969      a_ia      1209                            0.00131815         6
    1076        0.00018693      a_ia      1076                            0.00186925        10
    1201       -0.00017413      a_ia      1201                           -0.00069650         4
     572        0.00016841      a_ia       572                            0.00033682         2
    1007       -0.00016100      a_ia      1007                           -0.00322009        20
   83480       -0.00015250        om     33773     33774                 -0.00869236        57
   83479       -0.00015249        op     33773     33774                 -0.00869173        57

  ==> Add operator: a_ia 1197
  ==> Current qubit order: 0  1  2  3  4  5  8  9  10  11  12  13  14  15  16  17  20  21  22  23  34  35  29  19  18  74  75  42  28  33  25  24  67  66  46  52  43  47  71  70  32  68  69  37  30  86  87  53  54  36  26  60  59  31  62  63  49  48  6  27  84  56  50  82  83  51  58  57  45  55  92  61  93  7  81  38  39  80  89  41  44  88  100  40  72  101  77  64  65  85  76  73  78  79  90  91  94  95  96  97  98  99  102  103  104  105  106  107  108  109  110  111  


  ==> Energy                -307.743074815
  ==> dE                       -1.46e-07
  ==> Gradient Norm             1.58e-01
  ==> Abs. Max. Deriv.          2.03e-02
  ==> Time-Grad. (s)             236.166
  ==> Time-Energy (s)             27.556
  ==> Time-Iter. (s)             265.748

--------------------------------------------------------------------------------
CEO-ADAPT-VQE iteration: 275
--------------------------------------------------------------------------------
    gate        derivative      name       op1       op2       op3        g_unscaled   penalty
    1285        0.00028842      a_ia      1285                            0.00057683         2
   89401       -0.00023905        op     38194     38195                 -0.01362583        57
   89402       -0.00023401        om     38194     38195                 -0.01333857        57
     888       -0.00022394      a_ia       888                           -0.00044787         2
    1210        0.00022012      a_ia      1210                            0.00132073         6
    1077        0.00018684      a_ia      1077                            0.00186839        10
   38194       -0.00018469    a_iajb     38194                           -0.01348220        73
    1202       -0.00017336      a_ia      1202                           -0.00069343         4
     572        0.00016948      a_ia       572                            0.00033895         2
    1007       -0.00016119      a_ia      1007                           -0.00322387        20

  ==> Add operator: a_ia 1285
  ==> Current qubit order: 0  1  2  3  4  5  8  9  10  11  12  13  14  15  16  17  20  21  22  23  34  35  29  19  18  74  75  42  28  33  25  24  67  66  46  52  43  47  71  70  32  68  69  37  30  86  87  53  54  36  26  60  59  31  62  63  49  48  6  27  84  56  50  82  83  51  58  57  45  55  92  61  93  7  81  38  39  80  89  41  44  88  100  40  72  101  77  64  65  85  76  73  78  79  90  91  94  95  96  97  98  99  102  103  104  105  106  107  108  109  110  111  


  ==> Energy                -307.743168314
  ==> dE                       -9.35e-05
  ==> Gradient Norm             1.62e-01
  ==> Abs. Max. Deriv.          4.58e-02
  ==> Time-Grad. (s)             233.667
  ==> Time-Energy (s)           1871.326
  ==> Time-Iter. (s)            2106.983

--------------------------------------------------------------------------------
CEO-ADAPT-VQE iteration: 276
--------------------------------------------------------------------------------
    gate        derivative      name       op1       op2       op3        g_unscaled   penalty
    1106       -0.00043280      a_ia      1106                           -0.00086560         2
   84902        0.00024798        op     34862     34863                  0.02950968       119
   84903        0.00024798        om     34862     34863                  0.02950968       119
    1199        0.00023113      a_ia      1199                            0.00046226         2
    1317        0.00022777      a_ia      1317                            0.00045554         2
    1211        0.00022205      a_ia      1211                            0.00133231         6
   34862        0.00021859    a_iajb     34862                            0.02950968       135
     888       -0.00021462      a_ia       888                           -0.00042924         2
    1210        0.00018874      a_ia      1210                            0.00037748         2
    1203       -0.00018298      a_ia      1203                           -0.00073191         4

  ==> Add operator: a_ia 1106
  ==> Current qubit order: 0  1  2  3  4  5  8  9  10  11  12  13  14  15  16  17  20  21  22  23  34  35  29  19  18  74  75  42  28  33  25  24  67  66  46  52  43  47  71  70  32  68  69  37  30  86  87  53  54  36  26  60  59  31  62  63  49  48  6  27  84  56  50  82  83  51  58  57  45  55  92  61  93  7  81  38  39  80  89  41  44  88  100  40  72  101  77  64  65  85  76  73  78  79  90  91  94  95  96  97  98  99  102  103  104  105  106  107  108  109  110  111  


  ==> Energy                -307.743168470
  ==> dE                       -1.56e-07
  ==> Gradient Norm             1.65e-01
  ==> Abs. Max. Deriv.          2.95e-02
  ==> Time-Grad. (s)             243.117
  ==> Time-Energy (s)             28.780
  ==> Time-Iter. (s)             274.082

--------------------------------------------------------------------------------
CEO-ADAPT-VQE iteration: 277
--------------------------------------------------------------------------------
    gate        derivative      name       op1       op2       op3        g_unscaled   penalty
    1201        0.00023214      a_ia      1201                            0.00046427         2
    1320        0.00022882      a_ia      1320                            0.00045764         2
    1213        0.00022203      a_ia      1213                            0.00133216         6
     889       -0.00021522      a_ia       889                           -0.00043043         2
    1212        0.00018926      a_ia      1212                            0.00037853         2
    1205       -0.00018344      a_ia      1205                           -0.00073378         4
     771        0.00018122      a_ia       771                            0.00036245         2
    1079        0.00017843      a_ia      1079                            0.00178432        10
    1008       -0.00016321      a_ia      1008                           -0.00326424        20
     573        0.00015675      a_ia       573                            0.00031349         2

  ==> Add operator: a_ia 1201
  ==> Current qubit order: 0  1  2  3  4  5  8  9  10  11  12  13  14  15  16  17  20  21  22  23  34  35  29  19  18  74  75  42  28  33  25  24  67  66  46  52  43  47  71  70  32  68  69  37  30  86  87  53  54  36  26  60  59  31  62  63  49  48  6  27  84  56  50  82  83  51  58  57  45  55  92  61  93  7  81  38  39  80  89  41  44  88  100  40  72  101  77  64  65  85  76  73  78  79  90  91  94  95  96  97  98  99  102  103  104  105  106  107  108  109  110  111  


  ==> Energy                -307.743168527
  ==> dE                       -5.74e-08
  ==> Gradient Norm             1.45e-01
  ==> Abs. Max. Deriv.          1.52e-02
  ==> Time-Grad. (s)             275.551
  ==> Time-Energy (s)             22.653
  ==> Time-Iter. (s)             300.187

--------------------------------------------------------------------------------
CEO-ADAPT-VQE iteration: 278
--------------------------------------------------------------------------------
    gate        derivative      name       op1       op2       op3        g_unscaled   penalty
    1342        0.00136370      a_ia      1342                            0.00272740         2
   84024        0.00025959        op     34329     34330                  0.05217697       201
   84025        0.00025959        om     34329     34330                  0.05217697       201
   34329        0.00024045    a_iajb     34329                            0.05217697       217
    1322        0.00022920      a_ia      1322                            0.00045840         2
    1215        0.00022230      a_ia      1215                            0.00133378         6
   84158        0.00022210        op     34433     34434                  0.02909568       131
   84159        0.00022210        om     34433     34434                  0.02909568       131
     890       -0.00021548      a_ia       890                           -0.00043095         2
   84017       -0.00020799        om     34321     34322                 -0.01351965        65

  ==> Add operator: a_ia 1342
  ==> Current qubit order: 0  1  2  3  4  5  8  9  10  11  12  13  14  15  16  17  20  21  22  23  34  35  29  19  18  74  75  42  28  33  25  24  67  66  46  52  43  47  71  70  32  68  69  37  30  86  87  53  54  36  26  60  59  31  62  63  49  48  6  27  84  56  50  82  83  51  58  57  45  55  92  61  93  7  81  38  39  80  89  41  44  88  100  40  72  101  77  64  65  85  76  73  78  79  90  91  94  95  96  97  98  99  102  103  104  105  106  107  108  109  110  111  


  ==> Energy                -307.743170466
  ==> dE                       -1.94e-06
  ==> Gradient Norm             1.80e-01
  ==> Abs. Max. Deriv.          5.22e-02
  ==> Time-Grad. (s)             236.645
  ==> Time-Energy (s)             32.757
  ==> Time-Iter. (s)             271.404

--------------------------------------------------------------------------------
CEO-ADAPT-VQE iteration: 279
--------------------------------------------------------------------------------
    gate        derivative      name       op1       op2       op3        g_unscaled   penalty
     874       -0.00051763      a_ia       874                           -0.00310579         6
   83559        0.00023007        om     33798     33799                  0.00897281        39
   83558        0.00022941        op     33798     33799                  0.00894697        39
    1219        0.00022140      a_ia      1219                            0.00132839         6
   72501       -0.00021944        om     25395     25396                 -0.01163013        53
     892       -0.00020993      a_ia       892                           -0.00041986         2
   72500       -0.00020465        op     25395     25396                 -0.01084666        53
    1326        0.00020126      a_ia      1326                            0.00040252         2
   71070        0.00019919        op     24334     24335                  0.01454100        73
   71071        0.00019913        om     24334     24335                  0.01453660        73

  ==> Add operator: a_ia 874
  ==> Current qubit order: 0  1  2  3  4  5  8  9  10  11  12  13  14  15  16  17  20  21  22  23  34  35  29  19  18  74  75  42  28  33  25  24  67  66  46  52  43  47  71  70  32  69  37  68  30  86  87  53  54  36  26  60  59  31  62  63  49  48  6  27  84  56  50  82  83  51  58  57  45  55  92  61  93  7  81  38  39  80  89  41  44  88  100  40  72  101  77  64  65  85  76  73  78  79  90  91  94  95  96  97  98  99  102  103  104  105  106  107  108  109  110  111  


  ==> Energy                -307.743173585
  ==> dE                       -3.12e-06
  ==> Gradient Norm             1.54e-01
  ==> Abs. Max. Deriv.          2.20e-02
  ==> Time-Grad. (s)             243.625
  ==> Time-Energy (s)             24.419
  ==> Time-Iter. (s)             270.053

--------------------------------------------------------------------------------
CEO-ADAPT-VQE iteration: 280
--------------------------------------------------------------------------------
    gate        derivative      name       op1       op2       op3        g_unscaled   penalty
    1222        0.00022113      a_ia      1222                            0.00132680         6
     894       -0.00021337      a_ia       894                           -0.00042673         2
    1329        0.00020724      a_ia      1329                            0.00041448         2
    1221        0.00019072      a_ia      1221                            0.00038143         2
    1214       -0.00018744      a_ia      1214                           -0.00074975         4
    1085        0.00017800      a_ia      1085                            0.00178001        10
     575        0.00016516      a_ia       575                            0.00033032         2
    1013       -0.00016128      a_ia      1013                           -0.00322567        20
     775        0.00015894      a_ia       775                            0.00031788         2
    1094       -0.00014777      a_ia      1094                           -0.00059109         4

  ==> Add operator: a_ia 1222
  ==> Current qubit order: 0  1  2  3  4  5  8  9  10  11  12  13  14  15  16  17  20  21  22  23  34  35  29  19  18  74  75  42  28  33  25  24  67  66  46  52  43  47  71  70  32  69  37  68  30  86  87  53  54  36  26  60  59  31  62  63  49  48  6  27  84  56  50  82  83  51  58  57  55  92  45  61  93  7  81  38  39  80  89  41  44  88  100  40  72  101  77  64  65  85  76  73  78  79  90  91  94  95  96  97  98  99  102  103  104  105  106  107  108  109  110  111  


  ==> Energy                -307.743174361
  ==> dE                       -7.76e-07
  ==> Gradient Norm             1.55e-01
  ==> Abs. Max. Deriv.          1.69e-02
  ==> Time-Grad. (s)             273.195
  ==> Time-Energy (s)             25.933
  ==> Time-Iter. (s)             301.194

--------------------------------------------------------------------------------
CEO-ADAPT-VQE iteration: 281
--------------------------------------------------------------------------------
    gate        derivative      name       op1       op2       op3        g_unscaled   penalty
    1142        0.00037466      a_ia      1142                            0.00074933         2
    1234        0.00024860      a_ia      1234                            0.00099439         4
     895       -0.00022706      a_ia       895                           -0.00045411         2
   71768        0.00020918        op     24753     24754                  0.01652532        79
   71769        0.00020849        om     24753     24754                  0.01647076        79
    1331        0.00020629      a_ia      1331                            0.00041258         2
    1216       -0.00018371      a_ia      1216                           -0.00073482         4
    1086        0.00018258      a_ia      1086                            0.00182577        10
   24753        0.00017366    a_iajb     24753                            0.01649804        95
     575        0.00016748      a_ia       575                            0.00033495         2

  ==> Add operator: a_ia 1142
  ==> Current qubit order: 0  1  2  3  4  5  8  9  10  11  12  13  14  15  16  17  20  21  22  23  34  35  29  19  18  74  75  42  28  33  25  24  67  66  46  52  43  47  71  70  32  69  37  68  30  86  87  53  54  36  26  60  59  31  62  63  49  48  6  27  84  56  50  82  83  51  58  57  55  92  45  61  93  7  81  38  39  80  89  41  44  88  100  40  72  101  77  64  65  85  76  73  78  79  90  91  94  95  96  97  98  99  102  103  104  105  106  107  108  109  110  111  


  ==> Energy                -307.743174494
  ==> dE                       -1.33e-07
  ==> Gradient Norm             1.50e-01
  ==> Abs. Max. Deriv.          1.78e-02
  ==> Time-Grad. (s)             270.181
  ==> Time-Energy (s)             30.430
  ==> Time-Iter. (s)             302.617

--------------------------------------------------------------------------------
CEO-ADAPT-VQE iteration: 282
--------------------------------------------------------------------------------
    gate        derivative      name       op1       op2       op3        g_unscaled   penalty
   87034       -0.00042854        om     36397     36398                 -0.01499896        35
   87033       -0.00042854        op     36397     36398                 -0.01499881        35
   36397       -0.00029410    a_iajb     36397                           -0.01499888        51
    1235        0.00024858      a_ia      1235                            0.00099431         4
     896       -0.00022681      a_ia       896                           -0.00045362         2
    1332        0.00020301      a_ia      1332                            0.00040601         2
    1217       -0.00018436      a_ia      1217                           -0.00073743         4
    1087        0.00018293      a_ia      1087                            0.00182932        10
     575        0.00016805      a_ia       575                            0.00033609         2
    1015       -0.00016113      a_ia      1015                           -0.00322267        20

  ==> Add operator: om -1: 36397 36398
  ==> Current qubit order: 0  1  2  3  4  5  8  9  10  11  12  13  14  15  16  17  20  21  22  23  34  35  29  19  18  74  75  42  28  33  25  24  67  66  46  52  43  47  71  70  32  37  69  68  30  86  87  53  54  36  26  60  59  31  62  63  49  48  6  27  84  56  50  82  83  51  58  57  55  92  45  61  93  7  81  38  39  80  89  41  44  88  100  40  72  101  77  64  65  85  76  73  78  79  90  91  94  95  96  97  98  99  102  103  104  105  106  107  108  109  110  111  


  ==> Energy                -307.743205221
  ==> dE                       -3.07e-05
  ==> Gradient Norm             1.47e-01
  ==> Abs. Max. Deriv.          1.90e-02
  ==> Time-Grad. (s)             229.566
  ==> Time-Energy (s)             22.985
  ==> Time-Iter. (s)             254.585

--------------------------------------------------------------------------------
CEO-ADAPT-VQE iteration: 283
--------------------------------------------------------------------------------
    gate        derivative      name       op1       op2       op3        g_unscaled   penalty
   70742        0.00045686        om     24168     24169                  0.02786858        61
   70741        0.00045611        op     24168     24169                  0.02782286        61
   24168        0.00036163    a_iajb     24168                            0.02784572        77
    1236        0.00024855      a_ia      1236                            0.00099419         4
   84846       -0.00024260        om     34918     34919                 -0.02159150        89
   84845       -0.00024169        op     34918     34919                 -0.02151038        89
     896       -0.00022704      a_ia       896                           -0.00045408         2
   34918       -0.00020525    a_iajb     34918                           -0.02155094       105
    1333        0.00020306      a_ia      1333                            0.00040613         2
    1218       -0.00018432      a_ia      1218                           -0.00073729         4

  ==> Add operator: mvp2 -1: 24168 24169
  ==> Current qubit order: 0  1  2  3  4  5  8  9  10  11  12  13  14  15  16  17  20  21  22  23  34  35  29  19  18  74  75  42  28  33  25  24  67  66  46  52  43  47  71  70  32  37  69  68  30  86  87  53  54  36  26  60  59  31  62  63  49  48  27  84  56  50  82  83  51  58  6  92  93  7  57  55  45  61  81  38  39  80  89  41  44  88  100  40  72  101  77  64  65  85  76  73  78  79  90  91  94  95  96  97  98  99  102  103  104  105  106  107  108  109  110  111  


  ==> Energy                -307.743264585
  ==> dE                       -5.94e-05
  ==> Gradient Norm             1.58e-01
  ==> Abs. Max. Deriv.          2.79e-02
  ==> Time-Grad. (s)             275.019
  ==> Time-Energy (s)             51.449
  ==> Time-Iter. (s)             328.489

--------------------------------------------------------------------------------
CEO-ADAPT-VQE iteration: 284
--------------------------------------------------------------------------------
    gate        derivative      name       op1       op2       op3        g_unscaled   penalty
     224       -0.00039894      a_ia       224                           -0.00079788         2
    1091        0.00030536      a_ia      1091                            0.00183217         6
     899       -0.00022711      a_ia       899                           -0.00045422         2
    1337        0.00020340      a_ia      1337                            0.00040680         2
   71896        0.00019343        op     24869     24870                  0.00677004        35
   71897        0.00018911        om     24869     24870                  0.00661895        35
    1222       -0.00018439      a_ia      1222                           -0.00073755         4
     805       -0.00016985      a_ia       805                           -0.00067939         4
     576        0.00016765      a_ia       576                            0.00033530         2
    1018       -0.00016140      a_ia      1018                           -0.00322801        20

  ==> Add operator: a_ia 224
  ==> Current qubit order: 0  1  2  3  4  5  8  9  10  11  12  13  14  15  16  17  20  21  22  23  34  35  29  19  18  74  75  42  28  33  25  24  67  66  46  52  43  47  71  70  32  37  69  68  30  86  87  53  54  36  26  60  59  31  62  63  49  48  27  84  56  50  82  83  51  58  6  92  93  7  57  55  45  61  81  38  39  80  89  41  44  88  100  40  72  101  77  64  65  85  76  73  78  79  90  91  94  95  96  97  98  99  102  103  104  105  106  107  108  109  110  111  


  ==> Energy                -307.743264707
  ==> dE                       -1.23e-07
  ==> Gradient Norm             1.56e-01
  ==> Abs. Max. Deriv.          1.84e-02
  ==> Time-Grad. (s)             243.212
  ==> Time-Energy (s)             31.399
  ==> Time-Iter. (s)             276.603

--------------------------------------------------------------------------------
CEO-ADAPT-VQE iteration: 285
--------------------------------------------------------------------------------
    gate        derivative      name       op1       op2       op3        g_unscaled   penalty
    1093        0.00030512      a_ia      1093                            0.00183074         6
     900       -0.00022731      a_ia       900                           -0.00045463         2
    1340        0.00020345      a_ia      1340                            0.00040691         2
    1225       -0.00018427      a_ia      1225                           -0.00073706         4
     806       -0.00016984      a_ia       806                           -0.00067936         4
     576        0.00016904      a_ia       576                            0.00033807         2
    1019       -0.00016142      a_ia      1019                           -0.00322846        20
     780        0.00015611      a_ia       780                            0.00031222         2
    1102       -0.00015002      a_ia      1102                           -0.00060007         4
    1309        0.00014374      a_ia      1309                            0.00028749         2

  ==> Add operator: a_ia 1093
  ==> Current qubit order: 0  1  2  3  4  5  8  9  10  11  12  13  14  15  16  17  20  21  22  23  34  35  29  19  18  74  75  42  28  33  25  24  67  66  46  52  43  47  71  70  32  37  69  68  30  86  87  53  54  36  26  60  59  31  62  63  49  48  27  84  56  50  82  83  51  58  6  92  93  7  57  55  45  81  38  61  39  80  89  41  44  88  100  40  72  101  77  64  65  85  76  73  78  79  90  91  94  95  96  97  98  99  102  103  104  105  106  107  108  109  110  111  


  ==> Energy                -307.743266165
  ==> dE                       -1.46e-06
  ==> Gradient Norm             1.47e-01
  ==> Abs. Max. Deriv.          1.82e-02
  ==> Time-Grad. (s)             237.375
  ==> Time-Energy (s)             30.690
  ==> Time-Iter. (s)             270.072

--------------------------------------------------------------------------------
CEO-ADAPT-VQE iteration: 286
--------------------------------------------------------------------------------
    gate        derivative      name       op1       op2       op3        g_unscaled   penalty
   89238       -0.00035203        op     38019     38020                 -0.01443319        41
   89239       -0.00034597        om     38019     38020                 -0.01418488        41
   70946        0.00030376        op     24179     24180                  0.01427676        47
   70947        0.00030365        om     24179     24180                  0.01427146        47
   38019       -0.00025104    a_iajb     38019                           -0.01430903        57
     903       -0.00023111      a_ia       903                           -0.00046221         2
   24179        0.00022657    a_iajb     24179                            0.01427411        63
    1344        0.00020580      a_ia      1344                            0.00041161         2
    1229       -0.00018248      a_ia      1229                           -0.00072990         4
     579        0.00017429      a_ia       579                            0.00034859         2

  ==> Add operator: mvp2 -1: 38019 38020
  ==> Current qubit order: 0  1  2  3  4  5  8  9  10  11  12  13  14  15  16  17  20  21  22  23  34  35  29  19  18  74  75  42  28  33  25  24  67  66  46  52  43  47  71  70  32  37  69  68  30  86  87  53  54  36  26  60  59  31  62  63  49  48  27  84  56  50  82  83  51  58  6  92  93  7  57  55  45  81  61  39  80  38  89  41  88  44  100  40  72  101  77  64  65  85  76  73  78  79  90  91  94  95  96  97  98  99  102  103  104  105  106  107  108  109  110  111  


  ==> Energy                -307.743295493
  ==> dE                       -2.93e-05
  ==> Gradient Norm             1.57e-01
  ==> Abs. Max. Deriv.          2.04e-02
  ==> Time-Grad. (s)             237.666
  ==> Time-Energy (s)             53.163
  ==> Time-Iter. (s)             292.832

--------------------------------------------------------------------------------
CEO-ADAPT-VQE iteration: 287
--------------------------------------------------------------------------------
    gate        derivative      name       op1       op2       op3        g_unscaled   penalty
    1230       -0.00036614      a_ia      1230                           -0.00073228         2
     904       -0.00023089      a_ia       904                           -0.00046178         2
    1345        0.00020605      a_ia      1345                            0.00041211         2
   89172        0.00019959        om     38087     38088                  0.02095716       105
   89171        0.00019614        op     38087     38088                  0.02059439       105
     580        0.00017431      a_ia       580                            0.00034862         2
   38087        0.00017170    a_iajb     38087                            0.02077578       121
     810       -0.00016987      a_ia       810                           -0.00067946         4
    1024       -0.00016151      a_ia      1024                           -0.00323017        20
     784        0.00015566      a_ia       784                            0.00031132         2

  ==> Add operator: a_ia 1230
  ==> Current qubit order: 0  1  2  3  4  5  8  9  10  11  12  13  14  15  16  17  20  21  22  23  34  35  29  19  18  74  75  42  28  33  25  24  67  66  46  52  43  47  71  70  32  37  69  68  30  86  87  53  54  36  26  60  59  31  62  63  49  48  27  84  56  50  82  83  51  58  6  92  93  7  57  55  45  81  61  39  80  38  89  41  88  44  100  40  72  101  77  64  65  85  76  73  78  79  90  91  94  95  96  97  98  99  102  103  104  105  106  107  108  109  110  111  


  ==> Energy                -307.743295598
  ==> dE                       -1.05e-07
  ==> Gradient Norm             1.51e-01
  ==> Abs. Max. Deriv.          2.10e-02
  ==> Time-Grad. (s)             246.753
  ==> Time-Energy (s)             26.034
  ==> Time-Iter. (s)             274.777

--------------------------------------------------------------------------------
CEO-ADAPT-VQE iteration: 288
--------------------------------------------------------------------------------
    gate        derivative      name       op1       op2       op3        g_unscaled   penalty
   85098       -0.00028885        op     34860     34861                 -0.01126509        39
   85099       -0.00028867        om     34860     34861                 -0.01125811        39
   89594       -0.00023093        op     38276     38277                 -0.01362507        59
     907       -0.00022990      a_ia       907                           -0.00045980         2
   89595       -0.00022488        om     38276     38277                 -0.01326790        59
    1349        0.00020630      a_ia      1349                            0.00041259         2
   87117       -0.00020585        om     36386     36387                 -0.01173318        57
   34860       -0.00020476    a_iajb     34860                           -0.01126160        55
   87116       -0.00020439        op     36386     36387                 -0.01165009        57
   83939        0.00018701        om     33973     33974                  0.00766756        41

  ==> Add operator: mvp2 -1: 34860 34861
  ==> Current qubit order: 0  1  2  3  4  5  8  9  10  11  12  13  14  15  16  17  20  21  22  23  34  35  29  19  18  74  75  42  28  33  25  24  67  66  46  52  43  47  71  70  32  37  69  68  30  86  87  53  54  36  60  59  31  26  62  63  49  48  27  84  56  50  82  83  51  58  6  92  93  7  57  55  45  81  61  39  80  38  89  41  88  44  100  40  72  101  77  64  65  85  76  73  78  79  90  91  94  95  96  97  98  99  102  103  104  105  106  107  108  109  110  111  


  ==> Energy                -307.743319791
  ==> dE                       -2.42e-05
  ==> Gradient Norm             1.62e-01
  ==> Abs. Max. Deriv.          1.83e-02
  ==> Time-Grad. (s)             236.322
  ==> Time-Energy (s)             52.823
  ==> Time-Iter. (s)             291.187

--------------------------------------------------------------------------------
CEO-ADAPT-VQE iteration: 289
--------------------------------------------------------------------------------
    gate        derivative      name       op1       op2       op3        g_unscaled   penalty
   89390       -0.00030179        op     38108     38109                 -0.01539125        51
   89391       -0.00030156        om     38108     38109                 -0.01537956        51
     788       -0.00025232      a_ia       788                           -0.00050463         2
     908       -0.00023122      a_ia       908                           -0.00046244         2
   38108       -0.00022963    a_iajb     38108                           -0.01538541        67
    1350        0.00021093      a_ia      1350                            0.00042187         2
     814       -0.00018871      a_ia       814                           -0.00075485         4
     583        0.00017364      a_ia       583                            0.00034729         2
    1029       -0.00016164      a_ia      1029                           -0.00323287        20
     797       -0.00014971      a_ia       797                           -0.00179656        12

  ==> Add operator: mvp2 -1: 38108 38109
  ==> Current qubit order: 0  1  2  3  4  5  8  9  10  11  12  13  14  15  16  17  20  21  22  23  34  35  29  19  18  74  75  42  28  33  25  24  67  66  46  52  43  47  71  70  32  37  69  68  30  86  87  53  54  36  60  59  31  26  62  63  49  48  27  84  56  50  82  83  51  58  6  92  93  7  57  55  45  81  61  80  89  41  39  38  72  101  88  44  100  40  77  64  65  85  76  73  78  79  90  91  94  95  96  97  98  99  102  103  104  105  106  107  108  109  110  111  


  ==> Energy                -307.743346544
  ==> dE                       -2.68e-05
  ==> Gradient Norm             1.63e-01
  ==> Abs. Max. Deriv.          2.06e-02
  ==> Time-Grad. (s)             233.315
  ==> Time-Energy (s)             55.905
  ==> Time-Iter. (s)             291.234

--------------------------------------------------------------------------------
CEO-ADAPT-VQE iteration: 290
--------------------------------------------------------------------------------
    gate        derivative      name       op1       op2       op3        g_unscaled   penalty
   91934        0.00110175        op     40055     40056                  0.04076481        37
   91935        0.00109652        om     40055     40056                  0.04057135        37
   40055        0.00076732    a_iajb     40055                            0.04066808        53
    1082        0.00025946      a_ia      1082                            0.00051891         2
     788       -0.00025220      a_ia       788                           -0.00050440         2
     908       -0.00023119      a_ia       908                           -0.00046238         2
    1350        0.00021089      a_ia      1350                            0.00042178         2
    1095       -0.00019711      a_ia      1095                           -0.00039423         2
   86900        0.00019619        op     36218     36219                  0.01706893        87
   89105        0.00019359        om     37906     37907                  0.01103472        57

  ==> Add operator: mvp2 -1: 40055 40056
  ==> Current qubit order: 0  1  2  3  4  5  8  9  10  11  12  13  14  15  16  17  20  21  22  23  34  35  29  19  18  74  75  42  28  33  25  24  67  66  46  52  43  47  71  70  32  37  69  68  30  86  87  53  54  36  60  59  31  26  62  63  49  48  27  84  56  82  83  50  51  58  57  6  92  93  7  55  45  81  61  80  89  41  39  38  72  101  88  44  100  40  77  64  65  85  76  73  78  79  90  91  94  95  96  97  98  99  102  103  104  105  106  107  108  109  110  111  


  ==> Energy                -307.743768888
  ==> dE                       -4.22e-04
  ==> Gradient Norm             1.55e-01
  ==> Abs. Max. Deriv.          4.08e-02
  ==> Time-Grad. (s)             237.372
  ==> Time-Energy (s)             49.727
  ==> Time-Iter. (s)             289.073

--------------------------------------------------------------------------------
CEO-ADAPT-VQE iteration: 291
--------------------------------------------------------------------------------
    gate        derivative      name       op1       op2       op3        g_unscaled   penalty
    1370        0.00055151      a_ia      1370                            0.00220604         4
    1475       -0.00029993      a_ia      1475                           -0.00059986         2
    1088        0.00025567      a_ia      1088                            0.00051133         2
     792       -0.00024215      a_ia       792                           -0.00048431         2
   87281       -0.00022557        om     36385     36386                 -0.02097758        93
   87280       -0.00022479        op     36385     36386                 -0.02090589        93
    1349        0.00022460      a_ia      1349                            0.00089841         4
     912       -0.00022323      a_ia       912                           -0.00044646         2
    1101       -0.00019804      a_ia      1101                           -0.00039608         2
   92053        0.00019343        om     39996     39997                  0.00947810        49

  ==> Add operator: a_ia 1370
  ==> Current qubit order: 0  1  2  3  4  5  8  9  10  11  12  13  14  15  16  17  20  21  22  23  34  35  29  19  18  74  75  42  28  33  25  24  67  66  46  52  43  47  71  70  32  37  69  68  30  86  87  53  54  36  60  59  31  26  62  63  49  48  27  84  56  82  83  50  58  51  57  6  92  93  7  55  45  81  61  80  89  41  39  38  72  101  88  44  100  40  77  64  65  85  76  73  78  79  90  91  94  95  96  97  98  99  102  103  104  105  106  107  108  109  110  111  


  ==> Energy                -307.743771744
  ==> dE                       -2.86e-06
  ==> Gradient Norm             1.49e-01
  ==> Abs. Max. Deriv.          2.65e-02
  ==> Time-Grad. (s)             277.736
  ==> Time-Energy (s)             25.325
  ==> Time-Iter. (s)             305.047

--------------------------------------------------------------------------------
CEO-ADAPT-VQE iteration: 292
--------------------------------------------------------------------------------
    gate        derivative      name       op1       op2       op3        g_unscaled   penalty
    1354        0.00036591      a_ia      1354                            0.00073183         2
    1480       -0.00030044      a_ia      1480                           -0.00060087         2
     242        0.00027432      a_ia       242                            0.00054864         2
    1093        0.00026021      a_ia      1093                            0.00052042         2
   75005        0.00024275        op     27098     27099                  0.02063341        85
   75006        0.00024275        om     27098     27099                  0.02063341        85
     797       -0.00023755      a_ia       797                           -0.00047510         2
     917       -0.00021770      a_ia       917                           -0.00043539         2
   27098        0.00020429    a_iajb     27098                            0.02063341       101
    1106       -0.00019805      a_ia      1106                           -0.00039610         2

  ==> Add operator: a_ia 1354
  ==> Current qubit order: 0  1  2  3  4  5  8  9  10  11  12  13  14  15  16  17  20  21  22  23  34  35  29  19  18  74  75  42  28  33  25  24  67  66  46  52  43  47  71  70  32  37  69  68  30  86  87  53  54  36  60  59  31  26  62  63  49  48  27  84  56  82  83  50  58  51  57  6  92  93  7  55  45  81  61  80  89  41  39  38  72  101  88  44  100  40  77  64  65  85  76  73  78  79  90  91  94  95  96  97  98  99  102  103  104  105  106  107  108  109  110  111  


  ==> Energy                -307.743772050
  ==> dE                       -3.06e-07
  ==> Gradient Norm             1.62e-01
  ==> Abs. Max. Deriv.          2.78e-02
  ==> Time-Grad. (s)             243.525
  ==> Time-Energy (s)             33.092
  ==> Time-Iter. (s)             278.627

--------------------------------------------------------------------------------
CEO-ADAPT-VQE iteration: 293
--------------------------------------------------------------------------------
    gate        derivative      name       op1       op2       op3        g_unscaled   penalty
    1482       -0.00030063      a_ia      1482                           -0.00060127         2
     242        0.00027948      a_ia       242                            0.00055896         2
    1095        0.00025307      a_ia      1095                            0.00050614         2
     797       -0.00023171      a_ia       797                           -0.00046343         2
     918       -0.00021116      a_ia       918                           -0.00042231         2
    1108       -0.00019804      a_ia      1108                           -0.00039608         2
     823       -0.00018908      a_ia       823                           -0.00075631         4
     588        0.00018153      a_ia       588                            0.00036306         2
    1266        0.00017176      a_ia      1266                            0.00103059         6
    1265       -0.00016287      a_ia      1265                           -0.00130300         8

  ==> Add operator: a_ia 1482
  ==> Current qubit order: 0  1  2  3  4  5  8  9  10  11  12  13  14  15  16  17  20  21  22  23  34  35  29  19  18  74  75  42  28  33  25  24  67  66  46  52  43  47  71  70  32  37  69  68  30  86  87  53  54  36  60  59  31  26  62  63  49  48  27  84  56  82  83  50  58  51  57  6  92  93  7  55  45  81  61  80  89  41  39  38  72  101  88  44  100  40  77  64  65  85  76  73  78  79  90  91  94  95  96  97  98  99  102  103  104  105  106  107  108  109  110  111  


  ==> Energy                -307.743796206
  ==> dE                       -2.42e-05
  ==> Gradient Norm             1.47e-01
  ==> Abs. Max. Deriv.          1.41e-02
  ==> Time-Grad. (s)             247.677
  ==> Time-Energy (s)             20.480
  ==> Time-Iter. (s)             270.179

--------------------------------------------------------------------------------
CEO-ADAPT-VQE iteration: 294
--------------------------------------------------------------------------------
    gate        derivative      name       op1       op2       op3        g_unscaled   penalty
     242        0.00029492      a_ia       242                            0.00058983         2
    1095        0.00025595      a_ia      1095                            0.00051191         2
     797       -0.00022693      a_ia       797                           -0.00045386         2
   86894       -0.00020102        op     36117     36118                 -0.01668443        83
   86895       -0.00019968        om     36117     36118                 -0.01657352        83
    1108       -0.00019763      a_ia      1108                           -0.00039526         2
     918       -0.00019515      a_ia       918                           -0.00039031         2
     823       -0.00018957      a_ia       823                           -0.00075830         4
     588        0.00018315      a_ia       588                            0.00036630         2
    1266        0.00017334      a_ia      1266                            0.00104005         6

  ==> Add operator: a_ia 242
  ==> Current qubit order: 0  1  2  3  4  5  8  9  10  11  12  13  14  15  16  17  20  21  22  23  34  35  29  19  18  74  75  42  28  33  25  24  67  66  46  52  43  47  71  70  32  37  69  68  30  86  87  53  54  36  60  59  31  26  62  63  49  48  27  84  56  82  83  50  58  51  57  6  92  93  7  55  45  81  61  80  89  41  39  38  72  101  88  44  100  40  77  64  65  85  76  73  78  79  90  91  94  95  96  97  98  99  102  103  104  105  106  107  108  109  110  111  


  ==> Energy                -307.743796243
  ==> dE                       -3.76e-08
  ==> Gradient Norm             1.53e-01
  ==> Abs. Max. Deriv.          2.14e-02
  ==> Time-Grad. (s)             242.527
  ==> Time-Energy (s)             25.355
  ==> Time-Iter. (s)             269.872

--------------------------------------------------------------------------------
CEO-ADAPT-VQE iteration: 295
--------------------------------------------------------------------------------
    gate        derivative      name       op1       op2       op3        g_unscaled   penalty
    1098        0.00025542      a_ia      1098                            0.00051085         2
     799       -0.00022698      a_ia       799                           -0.00045396         2
    1111       -0.00019762      a_ia      1111                           -0.00039525         2
     920       -0.00019481      a_ia       920                           -0.00038963         2
     825       -0.00018958      a_ia       825                           -0.00075830         4
     590        0.00018169      a_ia       590                            0.00036339         2
    1269        0.00017313      a_ia      1269                            0.00103878         6
    1268       -0.00016214      a_ia      1268                           -0.00129715         8
    1044       -0.00016078      a_ia      1044                           -0.00321563        20
   71482       -0.00016036        op     24513     24514                 -0.00657458        41

  ==> Add operator: a_ia 1098
  ==> Current qubit order: 0  1  2  3  4  5  8  9  10  11  12  13  14  15  16  17  20  21  22  23  34  35  29  19  18  74  75  42  28  33  25  24  67  66  46  52  43  47  71  70  32  37  69  68  30  86  87  53  54  36  60  59  31  26  62  63  49  48  27  84  56  82  83  50  58  51  57  6  92  93  7  55  45  81  61  80  89  41  39  38  72  101  88  44  100  40  77  64  65  85  76  73  78  79  90  91  94  95  96  97  98  99  102  103  104  105  106  107  108  109  110  111  


  ==> Energy                -307.743796350
  ==> dE                       -1.06e-07
  ==> Gradient Norm             1.67e-01
  ==> Abs. Max. Deriv.          2.55e-02
  ==> Time-Grad. (s)             277.508
  ==> Time-Energy (s)             28.479
  ==> Time-Iter. (s)             308.028

--------------------------------------------------------------------------------
CEO-ADAPT-VQE iteration: 296
--------------------------------------------------------------------------------
    gate        derivative      name       op1       op2       op3        g_unscaled   penalty
   84893        0.00030493        om     34696     34697                  0.01433160        47
   84892        0.00030467        op     34696     34697                  0.01431933        47
     800       -0.00023174      a_ia       800                           -0.00046348         2
   34696        0.00022739    a_iajb     34696                            0.01432546        63
   90116       -0.00022481        op     38660     38661                 -0.01326400        59
   90117       -0.00021868        om     38660     38661                 -0.01290194        59
   85595       -0.00020426        om     35233     35234                 -0.01164272        57
   85594       -0.00020420        op     35233     35234                 -0.01163966        57
    1113       -0.00019761      a_ia      1113                           -0.00039523         2
     922       -0.00019387      a_ia       922                           -0.00038774         2

  ==> Add operator: mvp2 -1: 34696 34697
  ==> Current qubit order: 0  1  2  3  4  5  8  9  10  11  12  13  14  15  16  17  20  21  22  23  34  35  29  19  18  74  75  42  28  33  25  24  67  66  46  52  43  47  71  70  32  37  69  68  30  86  87  53  54  36  60  59  31  62  63  49  48  26  27  56  57  84  82  83  50  58  51  6  92  93  7  55  45  81  61  80  89  41  39  38  72  101  88  44  100  40  77  64  65  85  76  73  78  79  90  91  94  95  96  97  98  99  102  103  104  105  106  107  108  109  110  111  


  ==> Energy                -307.743833667
  ==> dE                       -3.73e-05
  ==> Gradient Norm             1.56e-01
  ==> Abs. Max. Deriv.          1.58e-02
  ==> Time-Grad. (s)             238.033
  ==> Time-Energy (s)             51.336
  ==> Time-Iter. (s)             291.391

--------------------------------------------------------------------------------
CEO-ADAPT-VQE iteration: 297
--------------------------------------------------------------------------------
    gate        derivative      name       op1       op2       op3        g_unscaled   penalty
   84195        0.00048082        op     33975     33976                  0.02356018        49
   84196        0.00048082        om     33975     33976                  0.02356018        49
   33975        0.00036246    a_iajb     33975                            0.02356018        65
     812       -0.00023160      a_ia       812                           -0.00185284         8
    1116       -0.00019772      a_ia      1116                           -0.00039545         2
     925       -0.00019410      a_ia       925                           -0.00038821         2
     593        0.00018170      a_ia       593                            0.00036340         2
    1274        0.00017247      a_ia      1274                            0.00103483         6
     264       -0.00016654      a_ia       264                           -0.00133231         8
   71819        0.00016523        op     24743     24744                  0.00578308        35

  ==> Add operator: op -1: 33975 33976
  ==> Current qubit order: 0  1  2  3  4  5  8  9  10  11  12  13  14  15  16  17  20  21  22  23  34  35  29  19  18  74  75  42  28  33  67  66  25  24  71  70  46  52  43  47  32  37  69  68  30  86  87  53  54  36  60  59  31  62  63  49  48  26  27  56  57  84  82  83  50  58  51  6  92  93  7  55  45  81  61  80  89  41  39  38  72  101  88  44  100  40  77  64  65  85  76  73  78  79  90  91  94  95  96  97  98  99  102  103  104  105  106  107  108  109  110  111  


  ==> Energy                -307.743910889
  ==> dE                       -7.72e-05
  ==> Gradient Norm             1.56e-01
  ==> Abs. Max. Deriv.          2.36e-02
  ==> Time-Grad. (s)             278.517
  ==> Time-Energy (s)             30.224
  ==> Time-Iter. (s)             310.755

--------------------------------------------------------------------------------
CEO-ADAPT-VQE iteration: 298
--------------------------------------------------------------------------------
    gate        derivative      name       op1       op2       op3        g_unscaled   penalty
     812       -0.00023151      a_ia       812                           -0.00185210         8
     979        0.00021920      a_ia       979                            0.00219203        10
    1116       -0.00019798      a_ia      1116                           -0.00039595         2
     925       -0.00019447      a_ia       925                           -0.00038894         2
     593        0.00018166      a_ia       593                            0.00036333         2
    1221        0.00017598      a_ia      1221                            0.00140780         8
    1274        0.00017230      a_ia      1274                            0.00103377         6
     264       -0.00016648      a_ia       264                           -0.00133186         8
   88748        0.00016306        om     37790     37791                  0.00570697        35
   88747        0.00016294        op     37790     37791                  0.00570294        35

  ==> Add operator: a_ia 812
  ==> Current qubit order: 0  1  2  3  4  5  8  9  10  11  12  13  14  15  16  17  20  21  22  23  34  35  29  19  18  74  75  42  28  33  67  66  25  24  71  70  46  52  43  47  32  37  69  68  30  86  87  53  54  36  60  59  31  62  63  49  48  27  56  57  26  84  82  83  50  58  51  6  92  93  7  55  45  81  61  80  89  41  39  38  72  101  88  44  100  40  77  64  65  85  76  73  78  79  90  91  94  95  96  97  98  99  102  103  104  105  106  107  108  109  110  111  


  ==> Energy                -307.743911483
  ==> dE                       -5.95e-07
  ==> Gradient Norm             1.44e-01
  ==> Abs. Max. Deriv.          1.41e-02
  ==> Time-Grad. (s)             232.866
  ==> Time-Energy (s)             33.926
  ==> Time-Iter. (s)             268.806

--------------------------------------------------------------------------------
CEO-ADAPT-VQE iteration: 299
--------------------------------------------------------------------------------
    gate        derivative      name       op1       op2       op3        g_unscaled   penalty
     760        0.00033746      a_ia       760                            0.00134983         4
     814        0.00032092      a_ia       814                            0.00128366         4
   90263        0.00028801        op     38721     38722                  0.01584035        55
   90264        0.00028801        op     38721     38722                  0.01584035        55
   90267        0.00028321        op     38721     38723                  0.01557643        55
   90268        0.00028321        op     38721     38723                  0.01557643        55
   38721        0.00022247    a_iajb     38721                            0.01579543        71
     982        0.00021936      a_ia       982                            0.00219356        10
     832       -0.00019972      a_ia       832                           -0.00079889         4
    1120       -0.00019800      a_ia      1120                           -0.00039600         2

  ==> Add operator: a_ia 760
  ==> Current qubit order: 0  1  2  3  4  5  8  9  10  11  12  13  14  15  16  17  20  21  22  23  34  35  29  19  18  74  75  42  28  33  67  25  66  24  71  70  46  52  43  47  32  37  69  68  30  86  87  53  54  36  60  59  31  62  63  49  48  27  56  57  26  84  82  83  50  58  51  6  92  93  7  55  45  81  61  80  89  41  39  38  72  101  88  44  100  40  77  64  65  85  76  73  78  79  90  91  94  95  96  97  98  99  102  103  104  105  106  107  108  109  110  111  


  ==> Energy                -307.743912216
  ==> dE                       -7.32e-07
  ==> Gradient Norm             1.61e-01
  ==> Abs. Max. Deriv.          2.37e-02
  ==> Time-Grad. (s)             236.286
  ==> Time-Energy (s)             32.371
  ==> Time-Iter. (s)             270.674

--------------------------------------------------------------------------------
CEO-ADAPT-VQE iteration: 300
--------------------------------------------------------------------------------
    gate        derivative      name       op1       op2       op3        g_unscaled   penalty
     814        0.00031928      a_ia       814                            0.00127711         4
     983        0.00021825      a_ia       983                            0.00218247        10
     832       -0.00019974      a_ia       832                           -0.00079895         4
    1121       -0.00019802      a_ia      1121                           -0.00039605         2
     929       -0.00019518      a_ia       929                           -0.00039035         2
     594        0.00018372      a_ia       594                            0.00036744         2
     782       -0.00018290      a_ia       782                           -0.00036580         2
    1228        0.00017481      a_ia      1228                            0.00139849         8
    1281        0.00017114      a_ia      1281                            0.00102682         6
     264       -0.00016647      a_ia       264                           -0.00133179         8

  ==> Add operator: a_ia 814
  ==> Current qubit order: 0  1  2  3  4  5  8  9  10  11  12  13  14  15  16  17  20  21  22  23  34  35  29  19  18  74  75  42  28  33  67  25  66  24  71  70  46  52  43  47  32  37  69  68  30  86  87  53  54  36  60  59  31  62  63  49  48  27  56  57  84  26  82  83  50  58  51  6  92  93  7  55  45  81  61  80  89  41  39  38  72  101  88  44  100  40  77  64  65  85  76  73  78  79  90  91  94  95  96  97  98  99  102  103  104  105  106  107  108  109  110  111  


  ==> Energy                -307.743921449
  ==> dE                       -9.23e-06
  ==> Gradient Norm             1.57e-01
  ==> Abs. Max. Deriv.          2.26e-02
  ==> Time-Grad. (s)             240.916
  ==> Time-Energy (s)           1848.178
  ==> Time-Iter. (s)            2091.042

--------------------------------------------------------------------------------
CEO-ADAPT-VQE iteration: 301
--------------------------------------------------------------------------------
    gate        derivative      name       op1       op2       op3        g_unscaled   penalty
   86493        0.00060317        op     35872     35873                  0.02834892        47
   86494        0.00060110        om     35872     35873                  0.02825175        47
   35872        0.00044921    a_iajb     35872                            0.02830034        63
     816       -0.00036821      a_ia       816                           -0.00073641         2
     815        0.00027756      a_ia       815                            0.00055512         2
     761        0.00027227      a_ia       761                            0.00054454         2
   71659       -0.00025518        op     24665     24666                 -0.01709697        67
   71660       -0.00025190        om     24665     24666                 -0.01687753        67
     984        0.00021813      a_ia       984                            0.00218127        10
    1261       -0.00021074      a_ia      1261                           -0.00042148         2

  ==> Add operator: mvp2 -1: 35872 35873
  ==> Current qubit order: 0  1  2  3  4  5  8  9  10  11  12  13  14  15  16  17  20  21  22  23  34  35  29  19  18  74  75  42  28  33  67  25  66  24  71  70  46  52  43  47  32  37  69  68  30  31  86  87  53  54  36  60  59  62  63  49  48  27  56  57  84  26  82  83  50  58  51  6  92  93  7  55  45  81  61  80  89  41  39  38  72  101  88  44  100  40  77  64  65  85  76  73  78  79  90  91  94  95  96  97  98  99  102  103  104  105  106  107  108  109  110  111  


  ==> Energy                -307.744057494
  ==> dE                       -1.36e-04
  ==> Gradient Norm             1.62e-01
  ==> Abs. Max. Deriv.          2.83e-02
  ==> Time-Grad. (s)             234.998
  ==> Time-Energy (s)             52.615
  ==> Time-Iter. (s)             289.862

--------------------------------------------------------------------------------
CEO-ADAPT-VQE iteration: 302
--------------------------------------------------------------------------------
    gate        derivative      name       op1       op2       op3        g_unscaled   penalty
     933       -0.00064764      a_ia       933                           -0.00388584         6
     816       -0.00037874      a_ia       816                           -0.00075748         2
     912       -0.00036615      a_ia       912                           -0.00073230         2
     761        0.00029162      a_ia       761                            0.00058324         2
   85125        0.00028378        op     34924     34925                  0.01106760        39
   85126        0.00028378        op     34924     34925                  0.01106760        39
   85129        0.00027796        op     34924     34926                  0.01084026        39
   85130        0.00027796        op     34924     34926                  0.01084026        39
     815        0.00027157      a_ia       815                            0.00054314         2
   88555        0.00025673        op     37556     37557                  0.01411990        55

  ==> Add operator: a_ia 933
  ==> Current qubit order: 0  1  2  3  4  5  8  9  10  11  12  13  14  15  16  17  20  21  22  23  34  35  29  19  18  74  75  42  28  33  67  25  66  24  71  70  46  52  43  47  32  37  68  30  69  31  86  87  53  54  36  60  59  62  63  49  48  27  56  57  84  26  82  83  50  58  51  6  92  93  7  55  45  81  61  80  89  41  39  38  72  101  88  44  100  40  77  64  65  85  76  73  78  79  90  91  94  95  96  97  98  99  102  103  104  105  106  107  108  109  110  111  


  ==> Energy                -307.744062311
  ==> dE                       -4.82e-06
  ==> Gradient Norm             1.45e-01
  ==> Abs. Max. Deriv.          1.68e-02
  ==> Time-Grad. (s)             239.286
  ==> Time-Energy (s)             28.497
  ==> Time-Iter. (s)             269.783

--------------------------------------------------------------------------------
CEO-ADAPT-VQE iteration: 303
--------------------------------------------------------------------------------
    gate        derivative      name       op1       op2       op3        g_unscaled   penalty
     818       -0.00036826      a_ia       818                           -0.00073652         2
     914       -0.00029737      a_ia       914                           -0.00059474         2
     817        0.00027842      a_ia       817                            0.00055684         2
     763        0.00027288      a_ia       763                            0.00054575         2
   72619        0.00023916        op     25368     25369                  0.01841545        77
   72620        0.00023567        om     25368     25369                  0.01814636        77
     986        0.00021763      a_ia       986                            0.00217631        10
     835       -0.00020169      a_ia       835                           -0.00080678         4
     232       -0.00019824      a_ia       232                           -0.00079296         4
    1263       -0.00019764      a_ia      1263                           -0.00039528         2

  ==> Add operator: a_ia 818
  ==> Current qubit order: 0  1  2  3  4  5  8  9  10  11  12  13  14  15  16  17  20  21  22  23  34  35  29  19  18  74  75  42  28  33  67  25  66  24  71  70  46  52  43  47  32  37  68  30  69  31  86  87  53  54  36  60  59  62  63  49  48  27  56  57  84  26  82  83  50  58  51  6  92  93  7  55  45  81  61  80  89  41  39  38  72  101  88  44  100  40  77  64  65  85  76  73  78  79  90  91  94  95  96  97  98  99  102  103  104  105  106  107  108  109  110  111  


  ==> Energy                -307.744062386
  ==> dE                       -7.43e-08
  ==> Gradient Norm             1.52e-01
  ==> Abs. Max. Deriv.          1.84e-02
  ==> Time-Grad. (s)             278.180
  ==> Time-Energy (s)             27.587
  ==> Time-Iter. (s)             307.742

--------------------------------------------------------------------------------
CEO-ADAPT-VQE iteration: 304
--------------------------------------------------------------------------------
    gate        derivative      name       op1       op2       op3        g_unscaled   penalty
     917       -0.00029668      a_ia       917                           -0.00059335         2
     819        0.00027549      a_ia       819                            0.00055098         2
     765        0.00027318      a_ia       765                            0.00054636         2
     989        0.00021768      a_ia       989                            0.00217684        10
     837       -0.00020170      a_ia       837                           -0.00080679         4
    1266       -0.00019831      a_ia      1266                           -0.00039663         2
     232       -0.00019799      a_ia       232                           -0.00079196         4
     245        0.00019399      a_ia       245                            0.00038798         2
    1128       -0.00018850      a_ia      1128                           -0.00037700         2
    1194       -0.00018704      a_ia      1194                           -0.00037409         2

  ==> Add operator: a_ia 917
  ==> Current qubit order: 0  1  2  3  4  5  8  9  10  11  12  13  14  15  16  17  20  21  22  23  34  35  29  19  18  74  75  42  28  33  67  25  66  24  71  70  46  52  43  47  32  37  68  30  69  31  86  87  53  54  36  60  59  62  63  49  48  27  56  57  84  26  82  83  50  58  51  6  92  93  7  55  45  81  61  80  89  41  39  38  72  101  88  44  100  40  77  64  65  85  76  73  78  79  90  91  94  95  96  97  98  99  102  103  104  105  106  107  108  109  110  111  


  ==> Energy                -307.744062470
  ==> dE                       -8.42e-08
  ==> Gradient Norm             1.49e-01
  ==> Abs. Max. Deriv.          1.36e-02
  ==> Time-Grad. (s)             240.832
  ==> Time-Energy (s)             31.461
  ==> Time-Iter. (s)             274.272

--------------------------------------------------------------------------------
CEO-ADAPT-VQE iteration: 305
--------------------------------------------------------------------------------
    gate        derivative      name       op1       op2       op3        g_unscaled   penalty
     820        0.00027560      a_ia       820                            0.00055120         2
     766        0.00027039      a_ia       766                            0.00054078         2
     990        0.00021762      a_ia       990                            0.00217623        10
     838       -0.00020170      a_ia       838                           -0.00080681         4
    1267       -0.00019944      a_ia      1267                           -0.00039888         2
     232       -0.00019853      a_ia       232                           -0.00079411         4
     245        0.00019661      a_ia       245                            0.00039321         2
    1129       -0.00018846      a_ia      1129                           -0.00037692         2
    1195       -0.00018772      a_ia      1195                           -0.00037545         2
    1271       -0.00018063      a_ia      1271                           -0.00036125         2

  ==> Add operator: a_ia 820
  ==> Current qubit order: 0  1  2  3  4  5  8  9  10  11  12  13  14  15  16  17  20  21  22  23  34  35  29  19  18  74  75  42  28  33  67  25  66  24  71  70  46  52  43  47  32  37  68  30  69  31  86  87  53  54  36  60  59  62  63  49  48  27  56  57  84  26  82  83  50  58  51  6  92  93  7  55  45  81  61  80  89  41  39  38  72  101  88  44  100  40  77  64  65  85  76  73  78  79  90  91  94  95  96  97  98  99  102  103  104  105  106  107  108  109  110  111  


  ==> Energy                -307.744062553
  ==> dE                       -8.36e-08
  ==> Gradient Norm             1.38e-01
  ==> Abs. Max. Deriv.          1.40e-02
  ==> Time-Grad. (s)             241.526
  ==> Time-Energy (s)             26.108
  ==> Time-Iter. (s)             269.607

--------------------------------------------------------------------------------
CEO-ADAPT-VQE iteration: 306
--------------------------------------------------------------------------------
    gate        derivative      name       op1       op2       op3        g_unscaled   penalty
   83720       -0.00030706        om     33802     33803                 -0.02180130        71
   83719       -0.00030681        op     33802     33803                 -0.02178376        71
     768        0.00026949      a_ia       768                            0.00053897         2
   33802       -0.00025049    a_iajb     33802                           -0.02179253        87
     992        0.00021749      a_ia       992                            0.00217494        10
     840       -0.00020171      a_ia       840                           -0.00080682         4
    1270       -0.00020097      a_ia      1270                           -0.00040194         2
     232       -0.00019867      a_ia       232                           -0.00079468         4
     245        0.00019581      a_ia       245                            0.00039162         2
    1132       -0.00018845      a_ia      1132                           -0.00037691         2

  ==> Add operator: mvp2 -1: 33802 33803
  ==> Current qubit order: 0  1  2  3  4  5  8  9  10  11  12  13  14  15  16  17  20  21  22  23  34  35  29  19  18  75  42  28  33  67  66  74  25  24  69  71  70  46  52  43  47  32  37  68  30  31  86  87  53  54  36  60  59  62  63  49  48  27  56  57  84  26  82  83  50  58  51  6  92  93  7  55  45  81  61  80  89  41  39  38  72  101  88  44  100  40  77  64  65  85  76  73  78  79  90  91  94  95  96  97  98  99  102  103  104  105  106  107  108  109  110  111  


  ==> Energy                -307.744128059
  ==> dE                       -6.55e-05
  ==> Gradient Norm             1.53e-01
  ==> Abs. Max. Deriv.          2.18e-02
  ==> Time-Grad. (s)             251.384
  ==> Time-Energy (s)             50.467
  ==> Time-Iter. (s)             303.973

--------------------------------------------------------------------------------
CEO-ADAPT-VQE iteration: 307
--------------------------------------------------------------------------------
    gate        derivative      name       op1       op2       op3        g_unscaled   penalty
     791        0.00027602      a_ia       791                            0.00110409         4
     840       -0.00020165      a_ia       840                           -0.00080660         4
    1271       -0.00020146      a_ia      1271                           -0.00040292         2
     232       -0.00019829      a_ia       232                           -0.00079317         4
     245        0.00019616      a_ia       245                            0.00039232         2
    1133       -0.00018847      a_ia      1133                           -0.00037694         2
    1199       -0.00018353      a_ia      1199                           -0.00036706         2
    1275       -0.00018014      a_ia      1275                           -0.00036029         2
    1293       -0.00017011      a_ia      1293                           -0.00136087         8
    1150       -0.00016770      a_ia      1150                           -0.00067078         4

  ==> Add operator: a_ia 791
  ==> Current qubit order: 0  1  2  3  4  5  8  9  10  11  12  13  14  15  16  17  20  21  22  23  34  35  29  19  18  75  42  28  33  67  66  74  24  25  69  71  70  46  52  43  47  32  37  68  30  31  86  87  53  54  36  60  59  62  63  49  48  27  56  57  84  26  82  83  50  58  51  6  92  93  7  55  45  81  61  80  89  41  39  38  72  101  88  44  100  40  77  64  65  85  76  73  78  79  90  91  94  95  96  97  98  99  102  103  104  105  106  107  108  109  110  111  


  ==> Energy                -307.744128606
  ==> dE                       -5.47e-07
  ==> Gradient Norm             1.65e-01
  ==> Abs. Max. Deriv.          2.65e-02
  ==> Time-Grad. (s)             236.788
  ==> Time-Energy (s)             22.240
  ==> Time-Iter. (s)             261.096

--------------------------------------------------------------------------------
CEO-ADAPT-VQE iteration: 308
--------------------------------------------------------------------------------
    gate        derivative      name       op1       op2       op3        g_unscaled   penalty
   92024        0.00027997        op     40031     40032                  0.01315879        47
   92025        0.00025490        om     40031     40032                  0.01198008        47
     842       -0.00020166      a_ia       842                           -0.00080663         4
   40031        0.00019951    a_iajb     40031                            0.01256944        63
     245        0.00019875      a_ia       245                            0.00039749         2
    1275       -0.00019720      a_ia      1275                           -0.00039440         2
     232       -0.00019585      a_ia       232                           -0.00078338         4
    1136       -0.00018839      a_ia      1136                           -0.00037677         2
    1279       -0.00017983      a_ia      1279                           -0.00035965         2
    1202       -0.00017472      a_ia      1202                           -0.00034945         2

  ==> Add operator: mvp2 -1: 40031 40032
  ==> Current qubit order: 0  1  2  3  4  5  8  9  10  11  12  13  14  15  16  17  20  21  22  23  34  35  29  19  18  75  42  28  33  67  66  74  24  25  69  71  70  46  52  43  47  32  37  68  30  31  86  87  53  54  36  60  59  62  63  49  27  56  48  57  84  51  26  82  83  50  58  6  92  93  7  55  45  81  61  80  89  41  39  38  72  101  88  44  100  40  77  64  65  85  76  73  78  79  90  91  94  95  96  97  98  99  102  103  104  105  106  107  108  109  110  111  


  ==> Energy                -307.744188209
  ==> dE                       -5.96e-05
  ==> Gradient Norm             1.58e-01
  ==> Abs. Max. Deriv.          1.91e-02
  ==> Time-Grad. (s)             277.624
  ==> Time-Energy (s)             48.819
  ==> Time-Iter. (s)             328.428

--------------------------------------------------------------------------------
CEO-ADAPT-VQE iteration: 309
--------------------------------------------------------------------------------
    gate        derivative      name       op1       op2       op3        g_unscaled   penalty
   83533        0.00049971        op     33665     33666                  0.02648481        53
   83534        0.00049961        om     33665     33666                  0.02647947        53
     845       -0.00040528      a_ia       845                           -0.00081057         2
     233       -0.00038933      a_ia       233                           -0.00077867         2
   33665        0.00038380    a_iajb     33665                            0.02648214        69
    1360       -0.00033456      a_ia      1360                           -0.00133825         4
   83694        0.00022922        om     33783     33784                  0.00893959        39
   83693        0.00022922        op     33783     33784                  0.00893959        39
     246        0.00020318      a_ia       246                            0.00040635         2
   89250        0.00019352        om     38007     38008                  0.01103049        57

  ==> Add operator: mvp2 -1: 33665 33666
  ==> Current qubit order: 0  1  2  3  4  5  8  9  10  11  12  13  14  15  16  17  20  21  22  23  34  35  29  19  18  75  42  28  33  67  66  74  71  70  46  24  25  69  68  52  43  47  32  37  30  31  86  87  53  54  36  60  59  62  63  49  27  56  48  57  84  51  26  82  83  50  58  6  92  93  7  55  45  81  61  80  89  41  39  38  72  101  88  44  100  40  77  64  65  85  76  73  78  79  90  91  94  95  96  97  98  99  102  103  104  105  106  107  108  109  110  111  


  ==> Energy                -307.744294940
  ==> dE                       -1.07e-04
  ==> Gradient Norm             1.61e-01
  ==> Abs. Max. Deriv.          3.12e-02
  ==> Time-Grad. (s)             232.719
  ==> Time-Energy (s)             59.687
  ==> Time-Iter. (s)             294.386

--------------------------------------------------------------------------------
CEO-ADAPT-VQE iteration: 310
--------------------------------------------------------------------------------
    gate        derivative      name       op1       op2       op3        g_unscaled   penalty
     845       -0.00040586      a_ia       845                           -0.00081172         2
     233       -0.00038979      a_ia       233                           -0.00077959         2
    1361       -0.00033480      a_ia      1361                           -0.00133921         4
     998        0.00027079      a_ia       998                            0.00216632         8
    1248        0.00025121      a_ia      1248                            0.00150725         6
    1206       -0.00020389      a_ia      1206                           -0.00040777         2
     796        0.00019800      a_ia       796                            0.00039601         2
     246        0.00019703      a_ia       246                            0.00039406         2
    1280       -0.00019615      a_ia      1280                           -0.00039231         2
    1140       -0.00019035      a_ia      1140                           -0.00038069         2

  ==> Add operator: a_ia 845
  ==> Current qubit order: 0  1  2  3  4  5  8  9  10  11  12  13  14  15  16  17  20  21  22  23  34  35  29  19  18  75  42  28  33  67  66  74  71  70  46  24  25  69  68  52  43  47  32  37  30  31  86  87  53  54  36  60  59  62  63  49  27  56  48  57  84  51  26  82  83  50  58  6  92  93  7  55  45  81  61  80  89  41  39  38  72  101  88  44  100  40  77  64  65  85  76  73  78  79  90  91  94  95  96  97  98  99  102  103  104  105  106  107  108  109  110  111  


  ==> Energy                -307.744390729
  ==> dE                       -9.58e-05
  ==> Gradient Norm             1.40e-01
  ==> Abs. Max. Deriv.          1.65e-02
  ==> Time-Grad. (s)             234.940
  ==> Time-Energy (s)             27.663
  ==> Time-Iter. (s)             264.590

--------------------------------------------------------------------------------
CEO-ADAPT-VQE iteration: 311
--------------------------------------------------------------------------------
    gate        derivative      name       op1       op2       op3        g_unscaled   penalty
     233       -0.00037703      a_ia       233                           -0.00075406         2
    1365       -0.00033757      a_ia      1365                           -0.00135029         4
    1001        0.00026904      a_ia      1001                            0.00215235         8
    1252        0.00025286      a_ia      1252                            0.00151717         6
     799        0.00020435      a_ia       799                            0.00040870         2
     246        0.00020139      a_ia       246                            0.00040277         2
    1284       -0.00019866      a_ia      1284                           -0.00039732         2
    1210       -0.00019706      a_ia      1210                           -0.00039413         2
    1144       -0.00019296      a_ia      1144                           -0.00038592         2
    1288       -0.00017596      a_ia      1288                           -0.00035192         2

  ==> Add operator: a_ia 233
  ==> Current qubit order: 0  1  2  3  4  5  8  9  10  11  12  13  14  15  16  17  20  21  22  23  34  35  29  19  18  75  42  28  33  67  66  74  71  70  46  24  25  69  68  52  43  47  32  37  30  31  86  87  53  54  36  60  59  62  63  49  27  56  48  57  84  51  26  82  83  50  58  6  92  93  7  55  45  81  61  80  89  41  39  38  72  101  88  44  100  40  77  64  65  85  76  73  78  79  90  91  94  95  96  97  98  99  102  103  104  105  106  107  108  109  110  111  


  ==> Energy                -307.744390843
  ==> dE                       -1.14e-07
  ==> Gradient Norm             1.49e-01
  ==> Abs. Max. Deriv.          2.23e-02
  ==> Time-Grad. (s)             239.927
  ==> Time-Energy (s)             25.354
  ==> Time-Iter. (s)             267.257

--------------------------------------------------------------------------------
CEO-ADAPT-VQE iteration: 312
--------------------------------------------------------------------------------
    gate        derivative      name       op1       op2       op3        g_unscaled   penalty
    1370       -0.00033822      a_ia      1370                           -0.00135288         4
    1003        0.00026875      a_ia      1003                            0.00214999         8
   84752        0.00025800        om     34618     34619                  0.00799809        31
   84751        0.00025657        op     34618     34619                  0.00795356        31
    1256        0.00025351      a_ia      1256                            0.00152105         6
     801        0.00020247      a_ia       801                            0.00040493         2
     246        0.00020213      a_ia       246                            0.00040425         2
    1288       -0.00019923      a_ia      1288                           -0.00039846         2
    1214       -0.00019846      a_ia      1214                           -0.00039693         2
    1148       -0.00019295      a_ia      1148                           -0.00038590         2

  ==> Add operator: a_ia 1370
  ==> Current qubit order: 0  1  2  3  4  5  8  9  10  11  12  13  14  15  16  17  20  21  22  23  34  35  29  19  18  75  42  28  33  67  66  74  71  70  46  24  25  69  68  52  43  47  32  37  30  31  86  87  53  54  36  60  59  62  63  49  27  56  57  48  84  51  26  82  83  50  58  6  92  93  7  55  45  81  61  80  89  41  39  38  72  101  88  44  100  40  77  64  65  85  76  73  78  79  90  91  94  95  96  97  98  99  102  103  104  105  106  107  108  109  110  111  


  ==> Energy                -307.744391243
  ==> dE                       -4.01e-07
  ==> Gradient Norm             1.42e-01
  ==> Abs. Max. Deriv.          1.57e-02
  ==> Time-Grad. (s)             240.666
  ==> Time-Energy (s)             31.737
  ==> Time-Iter. (s)             274.432

--------------------------------------------------------------------------------
CEO-ADAPT-VQE iteration: 313
--------------------------------------------------------------------------------
    gate        derivative      name       op1       op2       op3        g_unscaled   penalty
    1003        0.00026906      a_ia      1003                            0.00215246         8
    1257        0.00025224      a_ia      1257                            0.00151342         6
   86434        0.00023498        op     35940     35941                  0.01621393        69
   86435        0.00023498        om     35940     35941                  0.01621387        69
    1380        0.00022370      a_ia      1380                            0.00134222         6
     801        0.00020960      a_ia       801                            0.00041920         2
   72795       -0.00020507        om     25519     25520                 -0.01127911        55
    1289       -0.00020213      a_ia      1289                           -0.00040426         2
   72794       -0.00020162        op     25519     25520                 -0.01108914        55
     246        0.00019974      a_ia       246                            0.00039948         2

  ==> Add operator: a_ia 1003
  ==> Current qubit order: 0  1  2  3  4  5  8  9  10  11  12  13  14  15  16  17  20  21  22  23  34  35  29  19  18  75  42  28  67  66  74  33  71  70  46  24  25  69  68  52  43  47  32  37  30  31  86  87  53  54  36  60  59  62  63  49  27  56  57  48  84  51  26  82  83  50  58  6  92  93  7  55  45  81  61  80  89  41  39  38  72  101  88  44  100  40  77  64  65  85  76  73  78  79  90  91  94  95  96  97  98  99  102  103  104  105  106  107  108  109  110  111  


  ==> Energy                -307.744392773
  ==> dE                       -1.53e-06
  ==> Gradient Norm             1.63e-01
  ==> Abs. Max. Deriv.          2.80e-02
  ==> Time-Grad. (s)             233.416
  ==> Time-Energy (s)             29.418
  ==> Time-Iter. (s)             264.837

--------------------------------------------------------------------------------
CEO-ADAPT-VQE iteration: 314
--------------------------------------------------------------------------------
    gate        derivative      name       op1       op2       op3        g_unscaled   penalty
   72238        0.00030058        op     24906     24907                  0.01653171        55
   72239        0.00029994        om     24906     24907                  0.01649649        55
    1258        0.00025160      a_ia      1258                            0.00150962         6
   24906        0.00023259    a_iajb     24906                            0.01651410        71
    1381        0.00022278      a_ia      1381                            0.00133668         6
     802        0.00021322      a_ia       802                            0.00042644         2
   81387        0.00020879        om     31855     31856                  0.01023076        49
   81386        0.00020551        op     31855     31856                  0.01006984        49
    1290       -0.00020409      a_ia      1290                           -0.00040818         2
     246        0.00019873      a_ia       246                            0.00039745         2

  ==> Add operator: mvp2 -1: 24906 24907
  ==> Current qubit order: 0  1  2  3  4  5  8  9  10  11  12  13  14  15  16  17  20  21  22  23  34  35  29  19  18  75  42  28  67  66  74  33  71  70  46  24  25  69  68  52  43  47  32  37  30  31  86  87  53  54  36  60  59  62  63  49  27  56  57  48  84  51  26  82  83  50  58  92  93  7  55  81  6  45  89  88  61  80  41  39  38  72  101  44  100  40  77  64  65  85  76  73  78  79  90  91  94  95  96  97  98  99  102  103  104  105  106  107  108  109  110  111  


  ==> Energy                -307.744417602
  ==> dE                       -2.48e-05
  ==> Gradient Norm             1.59e-01
  ==> Abs. Max. Deriv.          1.65e-02
  ==> Time-Grad. (s)             234.853
  ==> Time-Energy (s)             53.898
  ==> Time-Iter. (s)             290.756

--------------------------------------------------------------------------------
CEO-ADAPT-VQE iteration: 315
--------------------------------------------------------------------------------
    gate        derivative      name       op1       op2       op3        g_unscaled   penalty
    1314       -0.00080960      a_ia      1314                           -0.00161919         2
    1576        0.00032656      a_ia      1576                            0.00065312         2
    1260        0.00025175      a_ia      1260                            0.00151048         6
    1518       -0.00025049      a_ia      1518                           -0.00050098         2
    1383        0.00022284      a_ia      1383                            0.00133706         6
     803        0.00021298      a_ia       803                            0.00042595         2
    1152       -0.00019201      a_ia      1152                           -0.00038401         2
     882        0.00018691      a_ia       882                            0.00074763         4
    1296       -0.00016990      a_ia      1296                           -0.00033979         2
    1418        0.00016934      a_ia      1418                            0.00067735         4

  ==> Add operator: a_ia 1314
  ==> Current qubit order: 0  1  2  3  4  5  8  9  10  11  12  13  14  15  16  17  20  21  22  23  34  35  29  19  18  75  42  28  67  66  74  33  71  70  46  24  25  69  68  52  43  47  32  37  30  31  86  87  53  54  36  60  59  62  63  49  27  56  57  48  84  51  26  82  83  50  58  92  93  7  55  81  6  45  89  88  61  80  41  39  38  72  101  44  100  40  77  64  65  85  76  73  78  79  90  91  94  95  96  97  98  99  102  103  104  105  106  107  108  109  110  111  


  ==> Energy                -307.744418072
  ==> dE                       -4.70e-07
  ==> Gradient Norm             1.60e-01
  ==> Abs. Max. Deriv.          2.11e-02
  ==> Time-Grad. (s)             280.416
  ==> Time-Energy (s)             28.779
  ==> Time-Iter. (s)             311.224

--------------------------------------------------------------------------------
CEO-ADAPT-VQE iteration: 316
--------------------------------------------------------------------------------
    gate        derivative      name       op1       op2       op3        g_unscaled   penalty
    1578        0.00032657      a_ia      1578                            0.00065314         2
    1262        0.00025126      a_ia      1262                            0.00150754         6
    1520       -0.00025119      a_ia      1520                           -0.00050238         2
    1385        0.00022249      a_ia      1385                            0.00133497         6
     805        0.00021564      a_ia       805                            0.00043128         2
    1154       -0.00019214      a_ia      1154                           -0.00038428         2
     884        0.00018580      a_ia       884                            0.00074321         4
    1298       -0.00016890      a_ia      1298                           -0.00033779         2
    1420        0.00016858      a_ia      1420                            0.00067431         4
    1588       -0.00016003      a_ia      1588                           -0.00064012         4

  ==> Add operator: a_ia 1578
  ==> Current qubit order: 0  1  2  3  4  5  8  9  10  11  12  13  14  15  16  17  20  21  22  23  34  35  29  19  18  75  42  28  67  66  74  33  71  70  46  24  25  69  68  52  43  47  32  37  30  31  86  87  53  54  36  60  59  62  63  49  27  56  57  48  84  51  26  82  83  50  58  92  93  7  55  81  6  45  89  88  61  80  41  39  38  72  101  44  100  40  77  64  65  85  76  73  78  79  90  91  94  95  96  97  98  99  102  103  104  105  106  107  108  109  110  111  


  ==> Energy                -307.744446348
  ==> dE                       -2.83e-05
  ==> Gradient Norm             1.55e-01
  ==> Abs. Max. Deriv.          1.44e-02
  ==> Time-Grad. (s)             235.979
  ==> Time-Energy (s)             25.502
  ==> Time-Iter. (s)             263.487

--------------------------------------------------------------------------------
CEO-ADAPT-VQE iteration: 317
--------------------------------------------------------------------------------
    gate        derivative      name       op1       op2       op3        g_unscaled   penalty
    1428        0.00025833      a_ia      1428                            0.00103332         4
    1266        0.00025201      a_ia      1266                            0.00151209         6
    1526       -0.00025072      a_ia      1526                           -0.00050143         2
   86836       -0.00024490        op     36100     36101                 -0.01493878        61
   86837       -0.00024489        om     36100     36101                 -0.01493838        61
    1390        0.00021900      a_ia      1390                            0.00131398         6
     807        0.00021405      a_ia       807                            0.00042811         2
   36100       -0.00019401    a_iajb     36100                           -0.01493858        77
    1158       -0.00019056      a_ia      1158                           -0.00038113         2
    1425        0.00018759      a_ia      1425                            0.00075037         4

  ==> Add operator: a_ia 1428
  ==> Current qubit order: 0  1  2  3  4  5  8  9  10  11  12  13  14  15  16  17  20  21  22  23  34  35  29  19  18  75  42  28  67  66  74  33  71  70  46  24  25  69  68  52  43  47  32  37  30  31  86  87  53  54  36  60  59  62  63  49  27  56  57  48  84  51  26  82  83  58  50  92  93  7  55  81  6  45  89  88  61  80  41  39  38  72  101  44  100  40  77  64  65  85  76  73  78  79  90  91  94  95  96  97  98  99  102  103  104  105  106  107  108  109  110  111  


  ==> Energy                -307.744446558
  ==> dE                       -2.10e-07
  ==> Gradient Norm             1.47e-01
  ==> Abs. Max. Deriv.          1.50e-02
  ==> Time-Grad. (s)             243.679
  ==> Time-Energy (s)             26.381
  ==> Time-Iter. (s)             272.066

--------------------------------------------------------------------------------
CEO-ADAPT-VQE iteration: 318
--------------------------------------------------------------------------------
    gate        derivative      name       op1       op2       op3        g_unscaled   penalty
     862        0.00046191      a_ia       862                            0.00184763         4
    1269        0.00025123      a_ia      1269                            0.00150739         6
    1530       -0.00025099      a_ia      1530                           -0.00050198         2
   83859        0.00024318        op     33780     33781                  0.01142966        47
   83860        0.00023802        om     33780     33781                  0.01118683        47
   71181        0.00022928        op     24135     24136                  0.01948845        85
   71182        0.00022927        om     24135     24136                  0.01948817        85
    1393        0.00022002      a_ia      1393                            0.00132013         6
     809        0.00021584      a_ia       809                            0.00043168         2
   24135        0.00019295    a_iajb     24135                            0.01948831       101

  ==> Add operator: a_ia 862
  ==> Current qubit order: 0  1  2  3  4  5  8  9  10  11  12  13  14  15  16  17  20  21  22  23  34  35  29  19  18  75  42  28  67  66  74  33  71  70  46  24  25  69  68  52  43  47  32  37  30  31  86  87  53  54  36  60  59  62  63  49  56  27  57  48  84  51  26  82  83  58  50  92  93  7  55  81  6  45  89  88  61  80  41  39  38  72  101  44  100  40  77  64  65  85  76  73  78  79  90  91  94  95  96  97  98  99  102  103  104  105  106  107  108  109  110  111  


  ==> Energy                -307.744447809
  ==> dE                       -1.25e-06
  ==> Gradient Norm             1.45e-01
  ==> Abs. Max. Deriv.          1.95e-02
  ==> Time-Grad. (s)             231.590
  ==> Time-Energy (s)             36.495
  ==> Time-Iter. (s)             270.084

--------------------------------------------------------------------------------
CEO-ADAPT-VQE iteration: 319
--------------------------------------------------------------------------------
    gate        derivative      name       op1       op2       op3        g_unscaled   penalty
   83573       -0.00036355        op     33643     33644                 -0.02217678        61
   83574       -0.00036326        om     33643     33644                 -0.02215856        61
   33643       -0.00028789    a_iajb     33643                           -0.02216767        77
    1270        0.00025395      a_ia      1270                            0.00152372         6
    1532       -0.00024933      a_ia      1532                           -0.00049867         2
    1395        0.00022147      a_ia      1395                            0.00132885         6
     809        0.00020872      a_ia       809                            0.00041743         2
   89412        0.00020050        om     38062     38063                  0.01102757        55
   89411        0.00020044        op     38062     38063                  0.01102444        55
    1162       -0.00019051      a_ia      1162                           -0.00038102         2

  ==> Add operator: mvp2 -1: 33643 33644
  ==> Current qubit order: 0  1  2  3  4  5  8  9  10  11  12  13  14  15  16  17  20  21  22  23  34  35  29  19  18  42  28  67  66  74  33  71  70  46  75  24  25  68  69  52  43  47  32  37  30  31  86  87  53  54  36  60  59  62  63  49  56  27  57  48  84  51  26  82  83  58  50  92  93  7  55  81  6  45  89  88  61  80  41  39  38  72  101  44  100  40  77  64  65  85  76  73  78  79  90  91  94  95  96  97  98  99  102  103  104  105  106  107  108  109  110  111  


  ==> Energy                -307.744515931
  ==> dE                       -6.81e-05
  ==> Gradient Norm             1.61e-01
  ==> Abs. Max. Deriv.          2.22e-02
  ==> Time-Grad. (s)             236.034
  ==> Time-Energy (s)             62.185
  ==> Time-Iter. (s)             300.217

--------------------------------------------------------------------------------
CEO-ADAPT-VQE iteration: 320
--------------------------------------------------------------------------------
    gate        derivative      name       op1       op2       op3        g_unscaled   penalty
    1272        0.00038142      a_ia      1272                            0.00152569         4
    1535       -0.00024939      a_ia      1535                           -0.00049878         2
    1398        0.00022155      a_ia      1398                            0.00132927         6
   86662        0.00019187        op     36086     36087                  0.01630896        85
   86663        0.00019164        om     36086     36087                  0.01628972        85
    1164       -0.00019047      a_ia      1164                           -0.00038093         2
     892        0.00018845      a_ia       892                            0.00075380         4
    1309       -0.00016735      a_ia      1309                           -0.00033470         2
    1603       -0.00016139      a_ia      1603                           -0.00064556         4
   36086        0.00016138    a_iajb     36086                            0.01629934       101

  ==> Add operator: a_ia 1272
  ==> Current qubit order: 0  1  2  3  4  5  8  9  10  11  12  13  14  15  16  17  20  21  22  23  34  35  29  19  18  42  28  67  66  74  33  71  70  46  75  24  25  68  52  69  43  47  32  37  30  31  86  87  53  54  36  60  59  62  63  49  56  27  57  48  84  51  26  82  83  58  50  92  93  7  55  81  6  45  89  88  61  80  41  39  38  72  101  44  100  40  77  64  65  85  76  73  78  79  90  91  94  95  96  97  98  99  102  103  104  105  106  107  108  109  110  111  


  ==> Energy                -307.744516556
  ==> dE                       -6.25e-07
  ==> Gradient Norm             1.55e-01
  ==> Abs. Max. Deriv.          2.23e-02
  ==> Time-Grad. (s)             228.606
  ==> Time-Energy (s)             24.664
  ==> Time-Iter. (s)             255.296

--------------------------------------------------------------------------------
CEO-ADAPT-VQE iteration: 321
--------------------------------------------------------------------------------
    gate        derivative      name       op1       op2       op3        g_unscaled   penalty
    1537       -0.00024909      a_ia      1537                           -0.00049818         2
    1399        0.00022129      a_ia      1399                            0.00132776         6
    1165       -0.00019043      a_ia      1165                           -0.00038086         2
     893        0.00018764      a_ia       893                            0.00075054         4
   86921       -0.00018022        op     36139     36140                 -0.00919138        51
   86922       -0.00017467        om     36139     36140                 -0.00890835        51
    1310       -0.00016811      a_ia      1310                           -0.00033622         2
    1605       -0.00016140      a_ia      1605                           -0.00064558         4
   72591       -0.00014393        op     25295     25296                 -0.02317327       161
   72592       -0.00014381        om     25295     25296                 -0.02315368       161

  ==> Add operator: a_ia 1537
  ==> Current qubit order: 0  1  2  3  4  5  8  9  10  11  12  13  14  15  16  17  20  21  22  23  34  35  29  19  18  42  28  67  66  74  33  71  70  46  75  24  25  68  52  69  43  47  32  37  30  31  86  87  53  54  36  60  59  62  63  49  56  27  57  48  84  51  26  82  83  58  50  92  93  7  55  81  6  45  89  88  61  80  41  39  38  72  101  44  100  40  77  64  65  85  76  73  78  79  90  91  94  95  96  97  98  99  102  103  104  105  106  107  108  109  110  111  


  ==> Energy                -307.744516578
  ==> dE                       -2.16e-08
  ==> Gradient Norm             1.51e-01
  ==> Abs. Max. Deriv.          2.32e-02
  ==> Time-Grad. (s)             239.606
  ==> Time-Energy (s)             26.427
  ==> Time-Iter. (s)             268.010

--------------------------------------------------------------------------------
CEO-ADAPT-VQE iteration: 322
--------------------------------------------------------------------------------
