Energy (SCF): -256.122118248

--------------------------------------------------------------------------------
CEO-ADAPT-VQE iteration: 1
--------------------------------------------------------------------------------
    gate        derivative      name       op1       op2       op3        g_unscaled   penalty
   45915        0.00306519        op      1454      1455                  0.19923732        65
   45916        0.00306519        om      1454      1455                  0.19923732        65
   46117        0.00265784        op      1656      1657                  0.06644602        25
   46118        0.00265784        om      1656      1657                  0.06644602        25
    1454        0.00245972    a_iajb      1454                            0.19923732        81
   46019        0.00179421        op      1558      1559                  0.07356252        41
   46020        0.00179421        om      1558      1559                  0.07356252        41
    1656        0.00162063    a_iajb      1656                            0.06644602        41
    1558        0.00129057    a_iajb      1558                            0.07356252        57
   85083        0.00097428        op     31409     31410                  0.05943111        61

  ==> Add operator: op -1: 1454 1455
  ==> Current qubit order: 0  1  2  3  4  5  6  7  8  9  10  11  12  13  14  15  16  17  18  19  20  21  22  23  24  25  26  27  28  29  30  31  32  33  34  35  36  37  40  41  42  43  38  39  50  51  44  45  46  47  48  49  52  53  54  55  56  57  58  59  60  61  62  63  64  65  66  67  68  69  70  71  72  73  74  75  76  77  78  79  80  81  82  83  84  85  86  87  88  89  90  91  92  93  94  95  


  ==> Energy                -256.134750316
  ==> dE                       -1.26e-02
  ==> Gradient Norm             7.27e-01
  ==> Abs. Max. Deriv.          1.99e-01
  ==> Time-Grad. (s)              50.088
  ==> Time-Energy (s)             10.737
  ==> Time-Iter. (s)              60.916

--------------------------------------------------------------------------------
CEO-ADAPT-VQE iteration: 2
--------------------------------------------------------------------------------
    gate        derivative      name       op1       op2       op3        g_unscaled   penalty
   97357        0.00265784        op     40794     40795                  0.06644602        25
   97358        0.00265784        om     40794     40795                  0.06644602        25
   40794        0.00162063    a_iajb     40794                            0.06644602        41
   95807        0.00129057        op     39610     39611                  0.07356252        57
   95808        0.00129057        om     39610     39611                  0.07356252        57
   97363        0.00107358        op     40800     40801                  0.03542827        33
   97364        0.00107358        om     40800     40801                  0.03542827        33
   39610        0.00100771    a_iajb     39610                            0.07356252        73
   97369        0.00080293        op     40806     40807                  0.03292008        41
   97370        0.00080293        om     40806     40807                  0.03292008        41

  ==> Add operator: op -1: 40794 40795
  ==> Current qubit order: 0  1  2  3  4  5  6  7  8  9  10  11  12  13  14  15  16  17  18  19  20  21  22  23  24  25  26  27  28  29  30  31  32  33  34  35  36  37  40  41  42  43  38  39  50  51  44  45  46  47  48  49  52  53  54  55  56  57  58  59  60  61  62  63  64  65  66  67  68  69  70  71  72  73  74  75  76  77  78  79  80  81  82  83  84  85  86  87  88  89  90  91  92  93  94  95  


  ==> Energy                -256.136863223
  ==> dE                       -2.11e-03
  ==> Gradient Norm             6.43e-01
  ==> Abs. Max. Deriv.          7.36e-02
  ==> Time-Grad. (s)              56.214
  ==> Time-Energy (s)             10.817
  ==> Time-Iter. (s)              68.101

--------------------------------------------------------------------------------
CEO-ADAPT-VQE iteration: 3
--------------------------------------------------------------------------------
    gate        derivative      name       op1       op2       op3        g_unscaled   penalty
   99260       -0.00073176        op     41915     41917                 -0.03292936        45
   99261       -0.00073176        op     41915     41917                 -0.03292936        45
   99256       -0.00062912        op     41915     41916                 -0.02831021        45
   99257       -0.00062912        op     41915     41916                 -0.02831021        45
   41915       -0.00053983    a_iajb     41915                           -0.03292936        61
   99870        0.00025321        op     42379     42380                  0.01342009        53
   99871        0.00025321        om     42379     42380                  0.01342009        53
   75668        0.00024607        op     23949     23950                  0.04355503       177
   75669        0.00024607        om     23949     23950                  0.04355503       177
   80558        0.00023804        op     27696     27697                  0.03451524       145

  ==> Add operator: mvp2 -1: 41915 41916
  ==> Current qubit order: 0  1  2  3  4  5  6  7  8  9  10  11  12  13  14  15  16  17  18  19  20  21  22  23  24  25  26  27  28  29  30  31  32  33  34  35  36  37  40  41  42  43  38  50  44  45  46  39  51  47  53  48  49  52  54  55  56  57  58  59  60  61  62  63  64  65  66  67  68  69  70  71  72  73  74  75  76  77  78  79  80  81  82  83  84  85  86  87  88  89  90  91  92  93  94  95  


  ==> Energy                -256.137535779
  ==> dE                       -6.73e-04
  ==> Gradient Norm             4.50e-01
  ==> Abs. Max. Deriv.          5.22e-02
  ==> Time-Grad. (s)             107.604
  ==> Time-Energy (s)             32.826
  ==> Time-Iter. (s)             141.491

--------------------------------------------------------------------------------
CEO-ADAPT-VQE iteration: 4
--------------------------------------------------------------------------------
    gate        derivative      name       op1       op2       op3        g_unscaled   penalty
   98811        0.00062880        op     41617     41618                  0.05219000        83
   98812        0.00062544        om     41617     41618                  0.05191149        83
   41617        0.00052577    a_iajb     41617                            0.05205075        99
      26       -0.00026241      a_ia        26                           -0.00472331        18
   98483       -0.00021217        op     41388     41389                 -0.02694567       127
   98484       -0.00021217        op     41388     41389                 -0.02694567       127
   62925        0.00019709        op     14194     14195                  0.05222991       265
   62926        0.00019709        om     14194     14195                  0.05222991       265
   41388       -0.00018843    a_iajb     41388                           -0.02694567       143
   14194        0.00018587    a_iajb     14194                            0.05222991       281

  ==> Add operator: mvp2 -1: 41617 41618
  ==> Current qubit order: 0  1  2  3  4  5  6  7  8  9  10  11  12  13  14  15  16  17  18  19  20  21  22  23  24  25  26  27  28  29  30  31  32  33  34  35  36  37  40  41  42  43  50  44  45  46  47  53  48  49  38  39  51  66  52  54  55  56  57  58  59  60  61  62  63  64  65  67  68  69  70  71  72  73  74  75  76  77  78  79  80  81  82  83  84  85  86  87  88  89  90  91  92  93  94  95  


  ==> Energy                -256.138038890
  ==> dE                       -5.03e-04
  ==> Gradient Norm             3.97e-01
  ==> Abs. Max. Deriv.          5.22e-02
  ==> Time-Grad. (s)              53.054
  ==> Time-Energy (s)             11.129
  ==> Time-Iter. (s)              65.236

--------------------------------------------------------------------------------
CEO-ADAPT-VQE iteration: 5
--------------------------------------------------------------------------------
    gate        derivative      name       op1       op2       op3        g_unscaled   penalty
   98935        0.00037539        op     41772     41773                  0.01689241        45
  100273        0.00037070        op     42804     42805                  0.01890566        51
  100274        0.00037070        om     42804     42805                  0.01890566        51
   98936        0.00035458        om     41772     41773                  0.01595589        45
      33       -0.00029561      a_ia        33                           -0.00472971        16
   42804        0.00028217    a_iajb     42804                            0.01890566        67
   41772        0.00026925    a_iajb     41772                            0.01642415        61
   96476        0.00025335        om     39897     39898                  0.02508155        99
   60885       -0.00024022        op     12659     12660                 -0.04780359       199
   67687        0.00021859        op     17841     17842                  0.05224331       239

  ==> Add operator: mvp2 -1: 41772 41773
  ==> Current qubit order: 0  1  2  3  4  5  6  7  8  9  10  11  12  13  14  15  16  17  18  19  20  21  22  23  24  25  26  27  28  29  30  31  32  33  34  35  36  37  40  41  42  43  50  44  45  47  53  46  48  39  51  49  38  66  52  54  55  56  57  58  59  60  61  62  63  64  65  67  68  69  70  71  72  73  74  75  76  77  78  79  80  81  82  83  84  85  86  87  88  89  90  91  92  93  94  95  


  ==> Energy                -256.138149891
  ==> dE                       -1.11e-04
  ==> Gradient Norm             3.98e-01
  ==> Abs. Max. Deriv.          5.22e-02
  ==> Time-Grad. (s)             111.432
  ==> Time-Energy (s)             11.058
  ==> Time-Iter. (s)             123.558

--------------------------------------------------------------------------------
CEO-ADAPT-VQE iteration: 6
--------------------------------------------------------------------------------
    gate        derivative      name       op1       op2       op3        g_unscaled   penalty
   99128        0.00046402        om     41494     41495                  0.03480187        75
  100457        0.00043466        op     42485     42486                  0.02651435        61
  100458        0.00043466        om     42485     42486                  0.02651435        61
   99127        0.00037819        op     41494     41495                  0.02836409        75
   41494        0.00034707    a_iajb     41494                            0.03158298        91
   42485        0.00034434    a_iajb     42485                            0.02651435        77
      41       -0.00029422      a_ia        41                           -0.00470750        16
   64433       -0.00024526        op     15191     15192                 -0.04782488       195
   72513        0.00021859        op     21360     21361                  0.05224334       239
   72514        0.00021859        om     21360     21361                  0.05224334       239

  ==> Add operator: mvp2 -1: 41494 41495
  ==> Current qubit order: 0  1  2  3  4  5  6  7  8  9  10  11  12  13  14  15  16  17  18  19  20  21  22  23  24  25  26  27  28  29  30  31  32  33  34  35  36  40  41  42  43  44  45  47  53  46  37  50  38  55  48  39  51  49  66  52  54  56  57  58  59  60  61  62  63  64  65  67  68  69  70  71  72  73  74  75  76  77  78  79  80  81  82  83  84  85  86  87  88  89  90  91  92  93  94  95  


  ==> Energy                -256.138525661
  ==> dE                       -3.76e-04
  ==> Gradient Norm             4.00e-01
  ==> Abs. Max. Deriv.          5.22e-02
  ==> Time-Grad. (s)              46.902
  ==> Time-Energy (s)             34.460
  ==> Time-Iter. (s)              82.420

--------------------------------------------------------------------------------
CEO-ADAPT-VQE iteration: 7
--------------------------------------------------------------------------------
    gate        derivative      name       op1       op2       op3        g_unscaled   penalty
   99520       -0.00075778        op     41957     41958                 -0.03106890        41
   99521       -0.00057854        om     41957     41958                 -0.02372024        41
   99504        0.00055597        op     41946     41948                  0.03613824        65
   99505        0.00055597        op     41946     41948                  0.03613824        65
   41957       -0.00048061    a_iajb     41957                           -0.02739457        57
   99500        0.00046927        op     41946     41947                  0.03050235        65
   99501        0.00046927        op     41946     41947                  0.03050235        65
   41946        0.00044615    a_iajb     41946                            0.03613824        81
   92958       -0.00035206        op     36997     36998                 -0.03696597       105
   92959       -0.00034534        om     36997     36998                 -0.03626031       105

  ==> Add operator: mvp2 -1: 41957 41958
  ==> Current qubit order: 0  1  2  3  4  5  6  7  8  9  10  11  12  13  14  15  16  17  18  19  20  21  22  23  24  25  26  27  28  29  30  31  32  33  34  35  36  40  41  42  43  44  45  47  53  37  50  38  55  48  46  39  51  54  49  66  52  56  57  58  59  60  61  62  63  64  65  67  68  69  70  71  72  73  74  75  76  77  78  79  80  81  82  83  84  85  86  87  88  89  90  91  92  93  94  95  


  ==> Energy                -256.138949724
  ==> dE                       -4.24e-04
  ==> Gradient Norm             4.12e-01
  ==> Abs. Max. Deriv.          5.22e-02
  ==> Time-Grad. (s)              50.964
  ==> Time-Energy (s)             38.396
  ==> Time-Iter. (s)              90.528

--------------------------------------------------------------------------------
CEO-ADAPT-VQE iteration: 8
--------------------------------------------------------------------------------
    gate        derivative      name       op1       op2       op3        g_unscaled   penalty
  101596        0.00044101        op     43211     43212                  0.01984543        45
  101597        0.00042427        om     43211     43212                  0.01909228        45
   43211        0.00031916    a_iajb     43211                            0.01946886        61
   71088       -0.00024053        op     20182     20183                 -0.04786517       199
   99484        0.00020424        op     41645     41646                  0.01000755        49
   20182       -0.00020275    a_iajb     20182                           -0.04359203       215
   99485        0.00020030        om     41645     41646                  0.00981457        49
   71089       -0.00019758        om     20182     20183                 -0.03931889       199
      51       -0.00019457      a_ia        51                           -0.00466978        24
   63982        0.00018934        op     14825     14826                  0.03957133       209

  ==> Add operator: mvp2 -1: 43211 43212
  ==> Current qubit order: 0  1  2  3  4  5  6  7  8  9  10  11  12  13  14  15  16  17  18  19  20  21  22  23  24  25  26  27  28  29  30  31  32  33  34  35  36  40  41  42  43  44  45  53  37  50  38  47  55  48  46  39  51  54  49  66  52  56  57  58  59  60  61  62  63  64  65  67  68  69  70  71  72  73  74  75  76  77  78  79  80  81  82  83  84  85  86  87  88  89  90  91  92  93  94  95  


  ==> Energy                -256.139081669
  ==> dE                       -1.32e-04
  ==> Gradient Norm             3.66e-01
  ==> Abs. Max. Deriv.          4.79e-02
  ==> Time-Grad. (s)              49.920
  ==> Time-Energy (s)             11.427
  ==> Time-Iter. (s)              62.395

--------------------------------------------------------------------------------
CEO-ADAPT-VQE iteration: 9
--------------------------------------------------------------------------------
    gate        derivative      name       op1       op2       op3        g_unscaled   penalty
   99776       -0.00042660        op     41988     41989                 -0.01407787        33
  100422       -0.00038354        op     42487     42488                 -0.02416281        63
  100423       -0.00031686        om     42487     42488                 -0.01996226        63
   99777       -0.00031504        om     41988     41989                 -0.01039641        33
   99577       -0.00029051        om     41830     41831                 -0.01539683        53
   42487       -0.00027927    a_iajb     42487                           -0.02206253        79
   41988       -0.00024974    a_iajb     41988                           -0.01223714        49
   74348       -0.00024053        op     22707     22708                 -0.04786643       199
   99576       -0.00022147        op     41830     41831                 -0.01173784        53
      63       -0.00021112      a_ia        63                           -0.00464462        22

  ==> Add operator: mvp2 -1: 41988 41989
  ==> Current qubit order: 0  1  2  3  4  5  6  7  8  9  10  11  12  13  14  15  16  17  18  19  20  21  22  23  24  25  26  27  28  29  30  31  32  33  34  35  36  40  41  42  43  44  45  53  37  50  38  47  55  48  46  39  51  56  54  49  66  52  57  58  59  60  61  62  63  64  65  67  68  69  70  71  72  73  74  75  76  77  78  79  80  81  82  83  84  85  86  87  88  89  90  91  92  93  94  95  


  ==> Energy                -256.139178272
  ==> dE                       -9.66e-05
  ==> Gradient Norm             3.75e-01
  ==> Abs. Max. Deriv.          4.79e-02
  ==> Time-Grad. (s)             117.184
  ==> Time-Energy (s)             41.575
  ==> Time-Iter. (s)             159.962

--------------------------------------------------------------------------------
CEO-ADAPT-VQE iteration: 10
--------------------------------------------------------------------------------
    gate        derivative      name       op1       op2       op3        g_unscaled   penalty
   98916       -0.00056713        op     41670     41672                 -0.03232618        57
   98917       -0.00056713        op     41670     41672                 -0.03232618        57
   98912       -0.00047907        op     41670     41671                 -0.02730706        57
   98913       -0.00047907        op     41670     41671                 -0.02730706        57
   41670       -0.00044282    a_iajb     41670                           -0.03232618        73
      73       -0.00033777      a_ia        73                           -0.00472883        14
   98004        0.00033368        op     40993     40994                  0.02369135        71
   98005        0.00033368        om     40993     40994                  0.02369135        71
   40993        0.00027231    a_iajb     40993                            0.02369135        87
   98656       -0.00025624        op     41476     41478                 -0.01050597        41

  ==> Add operator: mvp2 -1: 41670 41671
  ==> Current qubit order: 0  1  2  3  4  5  6  7  8  9  10  11  12  13  14  15  16  17  18  19  20  21  22  23  24  25  26  27  28  29  30  31  32  33  34  35  36  40  41  42  43  44  45  53  37  47  55  48  39  50  38  46  52  51  56  54  49  66  57  58  59  60  61  62  63  64  65  67  68  69  70  71  72  73  74  75  76  77  78  79  80  81  82  83  84  85  86  87  88  89  90  91  92  93  94  95  


  ==> Energy                -256.139905838
  ==> dE                       -7.28e-04
  ==> Gradient Norm             3.61e-01
  ==> Abs. Max. Deriv.          4.79e-02
  ==> Time-Grad. (s)              58.655
  ==> Time-Energy (s)             50.744
  ==> Time-Iter. (s)             110.568

--------------------------------------------------------------------------------
CEO-ADAPT-VQE iteration: 11
--------------------------------------------------------------------------------
    gate        derivative      name       op1       op2       op3        g_unscaled   penalty
      92       -0.00076671      a_ia        92                           -0.00460026         6
      80       -0.00060510      a_ia        80                           -0.00484082         8
      91       -0.00032698      a_ia        91                           -0.00196186         6
   70820        0.00018937        op     20119     20120                  0.03957881       209
   70821        0.00018937        om     20119     20120                  0.03957881       209
     103       -0.00018496      a_ia       103                           -0.00702847        38
   70816        0.00018172        op     20115     20116                  0.03579933       197
   70817        0.00018172        om     20115     20116                  0.03579933       197
   20119        0.00017591    a_iajb     20119                            0.03957881       225
   20115        0.00016807    a_iajb     20115                            0.03579933       213

  ==> Add operator: a_ia 92
  ==> Current qubit order: 0  1  2  3  4  5  6  7  8  9  10  11  12  13  14  15  16  17  18  19  20  21  22  23  24  25  26  27  28  29  30  31  32  33  34  35  36  40  41  42  43  44  45  53  37  47  55  48  39  50  38  52  51  46  56  54  49  66  57  58  59  60  61  62  63  64  65  67  68  69  70  71  72  73  74  75  76  77  78  79  80  81  82  83  84  85  86  87  88  89  90  91  92  93  94  95  


  ==> Energy                -256.139916222
  ==> dE                       -1.04e-05
  ==> Gradient Norm             3.42e-01
  ==> Abs. Max. Deriv.          4.79e-02
  ==> Time-Grad. (s)              45.842
  ==> Time-Energy (s)              8.425
  ==> Time-Iter. (s)              55.333

--------------------------------------------------------------------------------
CEO-ADAPT-VQE iteration: 12
--------------------------------------------------------------------------------
    gate        derivative      name       op1       op2       op3        g_unscaled   penalty
      90       -0.00060454      a_ia        90                           -0.00483630         8
  100712        0.00057396        om     42929     42930                  0.03042009        53
  100711        0.00056607        op     42929     42930                  0.03000145        53
   42929        0.00043784    a_iajb     42929                            0.03021077        69
     103       -0.00032686      a_ia       103                           -0.00196117         6
   96884        0.00032092        om     39983     39984                  0.03048745        95
   96882       -0.00025257        om     39981     39982                 -0.01944794        77
   39983        0.00023846    a_iajb     39983                            0.02646883       111
   96883        0.00023632        op     39983     39984                  0.02245022        95
   73033        0.00018937        op     21881     21882                  0.03957823       209

  ==> Add operator: a_ia 90
  ==> Current qubit order: 0  1  2  3  4  5  6  7  8  9  10  11  12  13  14  15  16  17  18  19  20  21  22  23  24  25  26  27  28  29  30  31  32  33  34  35  36  40  41  42  43  44  45  53  47  55  48  37  39  50  38  52  51  46  56  54  49  66  57  58  59  60  61  62  63  64  65  67  68  69  70  71  72  73  74  75  76  77  78  79  80  81  82  83  84  85  86  87  88  89  90  91  92  93  94  95  


  ==> Energy                -256.140302199
  ==> dE                       -3.86e-04
  ==> Gradient Norm             3.50e-01
  ==> Abs. Max. Deriv.          4.79e-02
  ==> Time-Grad. (s)             118.093
  ==> Time-Energy (s)             29.501
  ==> Time-Iter. (s)             148.599

--------------------------------------------------------------------------------
CEO-ADAPT-VQE iteration: 13
--------------------------------------------------------------------------------
    gate        derivative      name       op1       op2       op3        g_unscaled   penalty
   98738       -0.00116183        om     41482     41483                 -0.05228214        45
   98737       -0.00091454        op     41482     41483                 -0.04115423        45
   41482       -0.00076587    a_iajb     41482                           -0.04671819        61
     108       -0.00049944      a_ia       108                           -0.00199774         4
     112       -0.00040363      a_ia       112                           -0.00968723        24
  100150        0.00038004        om     42555     42556                  0.02318268        61
      98        0.00033336      a_ia        98                            0.00266686         8
  100149        0.00030817        op     42555     42556                  0.01879836        61
   96672        0.00028800        om     39944     39945                  0.01929591        67
   42555        0.00027260    a_iajb     42555                            0.02099052        77

  ==> Add operator: mvp2 -1: 41482 41483
  ==> Current qubit order: 0  1  2  3  4  5  6  7  8  9  10  11  12  13  14  15  16  17  18  19  20  21  22  23  24  25  26  27  28  29  30  31  32  33  34  35  36  40  41  42  43  44  45  53  47  55  48  39  37  50  38  49  52  51  46  56  54  66  57  58  59  60  61  62  63  64  65  67  68  69  70  71  72  73  74  75  76  77  78  79  80  81  82  83  84  85  86  87  88  89  90  91  92  93  94  95  


  ==> Energy                -256.141435702
  ==> dE                       -1.13e-03
  ==> Gradient Norm             3.64e-01
  ==> Abs. Max. Deriv.          5.23e-02
  ==> Time-Grad. (s)              54.199
  ==> Time-Energy (s)             38.550
  ==> Time-Iter. (s)              93.813

--------------------------------------------------------------------------------
CEO-ADAPT-VQE iteration: 14
--------------------------------------------------------------------------------
    gate        derivative      name       op1       op2       op3        g_unscaled   penalty
     122       -0.00058938      a_ia       122                           -0.00825130        14
     118       -0.00050576      a_ia       118                           -0.00202304         4
   99037        0.00028614        op     41747     41748                  0.01516535        53
   99038        0.00027603        om     41747     41748                  0.01462976        53
   97743       -0.00026280        op     40771     40772                 -0.01708217        65
   97744       -0.00026280        om     40771     40772                 -0.01708217        65
   97471       -0.00025925        op     40553     40554                 -0.02255502        87
   97472       -0.00025925        om     40553     40554                 -0.02255502        87
     108        0.00022213      a_ia       108                            0.00266560        12
   40553       -0.00021898    a_iajb     40553                           -0.02255502       103

  ==> Add operator: a_ia 122
  ==> Current qubit order: 0  1  2  3  4  5  6  7  8  9  10  11  12  13  14  15  16  17  18  19  20  21  22  23  24  25  26  27  28  29  30  31  32  33  34  35  36  40  41  42  43  44  45  53  55  48  39  37  50  38  47  49  52  51  46  56  54  66  57  58  59  60  61  62  63  64  65  67  68  69  70  71  72  73  74  75  76  77  78  79  80  81  82  83  84  85  86  87  88  89  90  91  92  93  94  95  


  ==> Energy                -256.141511365
  ==> dE                       -7.57e-05
  ==> Gradient Norm             3.01e-01
  ==> Abs. Max. Deriv.          3.46e-02
  ==> Time-Grad. (s)              52.682
  ==> Time-Energy (s)             21.419
  ==> Time-Iter. (s)              75.151

--------------------------------------------------------------------------------
CEO-ADAPT-VQE iteration: 15
--------------------------------------------------------------------------------
    gate        derivative      name       op1       op2       op3        g_unscaled   penalty
   97892        0.00042426        op     40772     40773                  0.02078867        49
   97893        0.00042426        om     40772     40773                  0.02078867        49
   40772        0.00031983    a_iajb     40772                            0.02078867        65
     114        0.00023132      a_ia       114                            0.00323842        14
      99       -0.00018538      a_ia        99                           -0.00519064        28
     142       -0.00018335      a_ia       142                           -0.00733396        40
      87        0.00014886      a_ia        87                            0.00446592        30
     109        0.00014779      a_ia       109                            0.00029558         2
   88612        0.00014376        op     33709     33710                  0.03062109       213
   88613        0.00014376        om     33709     33710                  0.03062109       213

  ==> Add operator: op -1: 40772 40773
  ==> Current qubit order: 0  1  2  3  4  5  6  7  8  9  10  11  12  13  14  15  16  17  18  19  20  21  22  23  24  25  26  27  28  29  30  31  32  33  35  36  40  41  34  43  53  48  42  44  45  55  39  37  50  38  47  49  52  51  46  56  54  66  57  58  59  60  61  62  63  64  65  67  68  69  70  71  72  73  74  75  76  77  78  79  80  81  82  83  84  85  86  87  88  89  90  91  92  93  94  95  


  ==> Energy                -256.141626610
  ==> dE                       -1.15e-04
  ==> Gradient Norm             2.83e-01
  ==> Abs. Max. Deriv.          3.06e-02
  ==> Time-Grad. (s)             119.598
  ==> Time-Energy (s)             23.284
  ==> Time-Iter. (s)             144.074

--------------------------------------------------------------------------------
CEO-ADAPT-VQE iteration: 16
--------------------------------------------------------------------------------
    gate        derivative      name       op1       op2       op3        g_unscaled   penalty
   98559       -0.00035054        om     41468     41469                 -0.04101373       117
   98558       -0.00034005        op     41468     41469                 -0.03978622       117
   99975       -0.00033551        om     42533     42534                 -0.01979534        59
   99974       -0.00033417        op     42533     42534                 -0.01971630        59
   41468       -0.00030376    a_iajb     41468                           -0.04039998       133
   42533       -0.00026341    a_iajb     42533                           -0.01975582        75
     103       -0.00025888      a_ia       103                           -0.00517762        20
     118        0.00023112      a_ia       118                            0.00323562        14
     147       -0.00018287      a_ia       147                           -0.00731494        40
   88656       -0.00017682        op     33909     33910                 -0.02210219       125

  ==> Add operator: mvp2 -1: 41468 41469
  ==> Current qubit order: 0  1  2  3  4  5  6  7  8  9  10  11  12  13  14  15  16  17  18  19  20  21  22  23  24  25  26  27  28  29  30  31  32  33  35  36  40  41  34  43  53  48  42  44  45  55  37  47  49  52  51  46  56  54  66  39  50  38  79  57  58  59  60  61  62  63  64  65  67  68  69  70  71  72  73  74  75  76  77  78  80  81  82  83  84  85  86  87  88  89  90  91  92  93  94  95  


  ==> Energy                -256.141881638
  ==> dE                       -2.55e-04
  ==> Gradient Norm             2.81e-01
  ==> Abs. Max. Deriv.          4.10e-02
  ==> Time-Grad. (s)              50.615
  ==> Time-Energy (s)             12.880
  ==> Time-Iter. (s)              64.574

--------------------------------------------------------------------------------
CEO-ADAPT-VQE iteration: 17
--------------------------------------------------------------------------------
    gate        derivative      name       op1       op2       op3        g_unscaled   penalty
   95355       -0.00041834        op     39095     39096                 -0.02719215        65
   95356       -0.00036064        om     39095     39096                 -0.02344171        65
     138       -0.00033391      a_ia       138                           -0.00200344         6
   98057       -0.00032178        op     41125     41126                 -0.01962838        61
   39095       -0.00031255    a_iajb     39095                           -0.02531693        81
     158       -0.00027417      a_ia       158                           -0.00712841        26
   98058       -0.00025083        om     41125     41126                 -0.01530051        61
   98631       -0.00025063        op     41558     41559                 -0.01077724        43
   98383       -0.00025038        op     41376     41377                 -0.02729117       109
   98384       -0.00025038        op     41376     41377                 -0.02729117       109

  ==> Add operator: mvp2 -1: 39095 39096
  ==> Current qubit order: 0  1  2  3  4  5  6  7  8  9  10  11  12  13  14  15  16  17  18  19  20  21  22  23  24  25  26  27  29  30  31  32  33  35  36  40  41  28  53  48  47  34  43  42  44  45  55  37  49  52  51  46  56  54  66  39  50  38  79  57  58  59  60  61  62  63  64  65  67  68  69  70  71  72  73  74  75  76  77  78  80  81  82  83  84  85  86  87  88  89  90  91  92  93  94  95  


  ==> Energy                -256.143233396
  ==> dE                       -1.35e-03
  ==> Gradient Norm             2.80e-01
  ==> Abs. Max. Deriv.          2.73e-02
  ==> Time-Grad. (s)              49.848
  ==> Time-Energy (s)             95.439
  ==> Time-Iter. (s)             146.370

--------------------------------------------------------------------------------
CEO-ADAPT-VQE iteration: 18
--------------------------------------------------------------------------------
    gate        derivative      name       op1       op2       op3        g_unscaled   penalty
     145       -0.00302439      a_ia       145                           -0.03024386        10
     121        0.00141585      a_ia       121                            0.01982185        14
     158       -0.00044387      a_ia       158                           -0.03373426        76
      85       -0.00039096      a_ia        85                           -0.02658561        68
     155        0.00033396      a_ia       155                            0.01402618        42
     165       -0.00028067      a_ia       165                           -0.00729739        26
      77        0.00027733      a_ia        77                            0.01996785        72
     133        0.00022580      a_ia       133                            0.00225804        10
   98822        0.00021068        op     41541     41542                  0.01706486        81
   98823        0.00021068        om     41541     41542                  0.01706486        81

  ==> Add operator: a_ia 145
  ==> Current qubit order: 0  1  2  3  4  5  6  7  8  9  10  11  12  13  14  15  16  17  18  19  20  21  22  23  24  25  26  27  29  30  31  32  33  35  36  40  41  28  53  48  34  43  42  44  47  45  55  37  49  52  51  46  56  54  66  39  50  38  79  57  58  59  60  61  62  63  64  65  67  68  69  70  71  72  73  74  75  76  77  78  80  81  82  83  84  85  86  87  88  89  90  91  92  93  94  95  


  ==> Energy                -256.143613508
  ==> dE                       -3.80e-04
  ==> Gradient Norm             2.78e-01
  ==> Abs. Max. Deriv.          3.37e-02
  ==> Time-Grad. (s)             127.953
  ==> Time-Energy (s)            123.244
  ==> Time-Iter. (s)             252.259

--------------------------------------------------------------------------------
CEO-ADAPT-VQE iteration: 19
--------------------------------------------------------------------------------
    gate        derivative      name       op1       op2       op3        g_unscaled   penalty
     172       -0.00045767      a_ia       172                           -0.03478259        76
      93       -0.00039250      a_ia        93                           -0.02669031        68
     169        0.00036057      a_ia       169                            0.01514401        42
      87       -0.00033564      a_ia        87                           -0.02483719        74
     180       -0.00028113      a_ia       180                           -0.00730945        26
      84        0.00027864      a_ia        84                            0.02006234        72
   99044        0.00023980        op     41821     41822                  0.01510762        63
     147        0.00023181      a_ia       147                            0.00231806        10
   85416        0.00019028        op     31421     31422                  0.04433631       233
   85417        0.00019028        om     31421     31422                  0.04433631       233

  ==> Add operator: a_ia 172
  ==> Current qubit order: 0  1  2  3  4  5  6  7  8  9  10  11  12  13  14  15  16  17  18  19  20  21  22  23  24  25  26  27  29  30  31  32  33  35  36  40  41  28  53  34  43  42  44  47  45  55  37  49  52  51  46  56  54  66  39  50  38  79  57  58  59  60  61  62  63  64  65  67  68  69  70  71  72  73  74  75  48  76  77  78  80  81  82  83  84  85  86  87  88  89  90  91  92  93  94  95  


  ==> Energy                -256.143832305
  ==> dE                       -2.19e-04
  ==> Gradient Norm             2.95e-01
  ==> Abs. Max. Deriv.          4.43e-02
  ==> Time-Grad. (s)              57.132
  ==> Time-Energy (s)             83.137
  ==> Time-Iter. (s)             141.343

--------------------------------------------------------------------------------
CEO-ADAPT-VQE iteration: 20
--------------------------------------------------------------------------------
    gate        derivative      name       op1       op2       op3        g_unscaled   penalty
      95       -0.00040428      a_ia        95                           -0.02668262        66
   98689       -0.00028766        op     41435     41436                 -0.00891739        31
      85        0.00028644      a_ia        85                            0.02005065        70
     183       -0.00028083      a_ia       183                           -0.00730152        26
   97767       -0.00025126        op     40735     40736                 -0.02135731        85
   97768       -0.00023488        om     40735     40736                 -0.01996513        85
     150        0.00023301      a_ia       150                            0.00233010        10
   98690       -0.00023195        om     41435     41436                 -0.00719045        31
   40735       -0.00020457    a_iajb     40735                           -0.02066122       101
     151        0.00017272      a_ia       151                            0.00138179         8

  ==> Add operator: a_ia 95
  ==> Current qubit order: 0  1  2  3  4  5  6  7  8  9  10  11  12  13  14  15  16  17  18  19  20  22  23  24  25  26  27  29  30  31  32  33  35  36  40  41  28  53  34  43  42  44  47  45  55  37  49  52  51  46  56  54  66  21  39  50  38  79  57  58  59  60  61  62  63  64  65  67  68  69  70  71  72  73  74  75  48  76  77  78  80  81  82  83  84  85  86  87  88  89  90  91  92  93  94  95  


  ==> Energy                -256.144220105
  ==> dE                       -3.88e-04
  ==> Gradient Norm             2.75e-01
  ==> Abs. Max. Deriv.          2.67e-02
  ==> Time-Grad. (s)              51.639
  ==> Time-Energy (s)            260.905
  ==> Time-Iter. (s)             313.643

--------------------------------------------------------------------------------
CEO-ADAPT-VQE iteration: 21
--------------------------------------------------------------------------------
    gate        derivative      name       op1       op2       op3        g_unscaled   penalty
   96077       -0.00033538        om     39719     39720                 -0.05198403       155
   97046        0.00030091        op     40458     40459                  0.03099380       103
   97047        0.00030091        op     40458     40459                  0.03099380       103
     196       -0.00028644      a_ia       196                           -0.00744740        26
   39719       -0.00026526    a_iajb     39719                           -0.04535943       171
   97050        0.00026142        op     40458     40460                  0.02692628       103
   97051        0.00026142        op     40458     40460                  0.02692628       103
   96076       -0.00024990        op     39719     39720                 -0.03873484       155
   40458        0.00022632    a_iajb     40458                            0.02693162       119
     163        0.00020685      a_ia       163                            0.00248219        12

  ==> Add operator: mvp2 -1: 39719 39720
  ==> Current qubit order: 0  1  2  3  4  5  6  7  8  9  10  11  12  13  14  15  16  17  18  19  20  22  23  24  25  26  27  29  30  32  33  35  36  40  41  28  53  34  43  42  44  47  45  55  37  49  52  51  46  56  54  66  21  39  79  57  58  31  50  38  91  59  60  61  62  63  64  65  67  68  69  70  71  72  73  74  75  48  76  77  78  80  81  82  83  84  85  86  87  88  89  90  92  93  94  95  


  ==> Energy                -256.144746327
  ==> dE                       -5.26e-04
  ==> Gradient Norm             3.02e-01
  ==> Abs. Max. Deriv.          5.20e-02
  ==> Time-Grad. (s)              52.121
  ==> Time-Energy (s)             68.520
  ==> Time-Iter. (s)             121.693

--------------------------------------------------------------------------------
CEO-ADAPT-VQE iteration: 22
--------------------------------------------------------------------------------
    gate        derivative      name       op1       op2       op3        g_unscaled   penalty
     172        0.00034471      a_ia       172                            0.00137883         4
     206       -0.00034372      a_ia       206                           -0.00756188        22
     100       -0.00033223      a_ia       100                           -0.02591402        78
     209       -0.00032084      a_ia       209                           -0.00834174        26
     187        0.00020946      a_ia       187                            0.00335133        16
     171        0.00020725      a_ia       171                            0.00248696        12
     205       -0.00018771      a_ia       205                           -0.00300333        16
   76889        0.00017095        op     25225     25226                  0.02683894       157
   76890        0.00017095        om     25225     25226                  0.02683894       157
     131        0.00015676      a_ia       131                            0.00564325        36

  ==> Add operator: a_ia 172
  ==> Current qubit order: 0  1  2  3  4  5  6  7  8  9  10  11  12  13  14  15  16  17  18  19  20  22  23  24  25  26  27  29  30  32  33  35  36  40  41  28  53  34  43  42  44  47  45  55  37  49  52  51  46  56  54  66  21  79  39  57  58  31  50  38  91  59  60  61  62  63  64  65  67  68  69  70  71  72  73  74  75  48  76  77  78  80  81  82  83  84  85  86  87  88  89  90  92  93  94  95  


  ==> Energy                -256.144755654
  ==> dE                       -9.33e-06
  ==> Gradient Norm             2.77e-01
  ==> Abs. Max. Deriv.          2.68e-02
  ==> Time-Grad. (s)              47.408
  ==> Time-Energy (s)            114.389
  ==> Time-Iter. (s)             162.841

--------------------------------------------------------------------------------
CEO-ADAPT-VQE iteration: 23
--------------------------------------------------------------------------------
    gate        derivative      name       op1       op2       op3        g_unscaled   penalty
   99742        0.00048851        op     42526     42527                  0.01709774        35
   99743        0.00048851        op     42526     42527                  0.01709774        35
     135        0.00045315      a_ia       135                            0.00271891         6
   99746        0.00044539        op     42526     42528                  0.01558854        35
   99747        0.00044539        op     42526     42528                  0.01558854        35
     216       -0.00034403      a_ia       216                           -0.00756865        22
     102       -0.00032848      a_ia       102                           -0.02562177        78
     219       -0.00032071      a_ia       219                           -0.00833845        26
   42526        0.00031747    a_iajb     42526                            0.01619085        51
   98000        0.00022219        op     41222     41223                  0.01310946        59

  ==> Add operator: mvp3 -1: 42526 42527 42528
  ==> Current qubit order: 0  1  2  3  4  5  6  7  8  9  10  11  12  13  14  15  16  17  18  19  20  22  23  24  25  26  27  29  30  32  33  35  36  40  41  28  53  34  42  44  45  43  47  55  49  37  52  51  46  56  54  66  21  79  39  57  58  31  50  38  91  59  60  61  62  63  64  65  67  68  69  70  71  72  73  74  75  48  76  77  78  80  81  82  83  84  85  86  87  88  89  90  92  93  94  95  


  ==> Energy                -256.144840914
  ==> dE                       -8.53e-05
  ==> Gradient Norm             2.78e-01
  ==> Abs. Max. Deriv.          2.56e-02
  ==> Time-Grad. (s)              61.600
  ==> Time-Energy (s)             21.838
  ==> Time-Iter. (s)              84.475

--------------------------------------------------------------------------------
CEO-ADAPT-VQE iteration: 24
--------------------------------------------------------------------------------
    gate        derivative      name       op1       op2       op3        g_unscaled   penalty
     139        0.00045314      a_ia       139                            0.00271882         6
   98801       -0.00041705        op     42076     42077                 -0.02544016        61
   97267       -0.00036014        op     40923     40924                 -0.01980777        55
     222       -0.00034382      a_ia       222                           -0.00756397        22
   95755        0.00033488        op     39771     39772                  0.00904174        27
   95756        0.00033488        op     39771     39772                  0.00904174        27
   98802       -0.00033387        om     42076     42077                 -0.02036627        61
     106       -0.00032848      a_ia       106                           -0.02562180        78
   95759        0.00032412        op     39771     39773                  0.00875120        27
   95760        0.00032412        op     39771     39773                  0.00875120        27

  ==> Add operator: a_ia 139
  ==> Current qubit order: 0  1  2  3  4  5  6  7  8  9  10  11  12  13  14  15  16  17  18  19  20  22  23  24  25  26  27  29  30  32  33  35  40  41  36  28  53  34  42  44  45  43  47  55  49  37  52  51  46  56  54  66  21  79  39  57  58  31  50  38  91  59  60  61  62  63  64  65  67  68  69  70  71  72  73  74  75  48  76  77  78  80  81  82  83  84  85  86  87  88  89  90  92  93  94  95  


  ==> Energy                -256.147713696
  ==> dE                       -2.87e-03
  ==> Gradient Norm             2.89e-01
  ==> Abs. Max. Deriv.          2.56e-02
  ==> Time-Grad. (s)             106.305
  ==> Time-Energy (s)            309.775
  ==> Time-Iter. (s)             417.128

--------------------------------------------------------------------------------
CEO-ADAPT-VQE iteration: 25
--------------------------------------------------------------------------------
    gate        derivative      name       op1       op2       op3        g_unscaled   penalty
     218       -0.00180461      a_ia       218                           -0.00360923         2
   95093       -0.00046727        op     39200     39201                 -0.02943775        63
   95094       -0.00046440        om     39200     39201                 -0.02925694        63
     184       -0.00039715      a_ia       184                           -0.00317723         8
   39200       -0.00037149    a_iajb     39200                           -0.02934735        79
     233       -0.00035166      a_ia       233                           -0.00773655        22
     236       -0.00033423      a_ia       236                           -0.00868992        26
     109       -0.00032120      a_ia       109                           -0.02505388        78
     195        0.00029835      a_ia       195                            0.00059670         2
     159       -0.00028825      a_ia       159                           -0.00115298         4

  ==> Add operator: a_ia 218
  ==> Current qubit order: 0  1  2  3  4  5  6  7  8  9  10  11  12  13  14  15  16  17  18  19  20  22  23  24  25  26  27  29  30  32  33  35  40  41  36  28  53  34  42  44  45  43  47  55  49  37  52  51  46  56  54  66  21  79  39  57  58  31  50  38  91  59  60  61  62  63  64  65  67  68  69  70  71  72  73  74  75  48  76  77  78  80  81  82  83  84  85  86  87  88  89  90  92  93  94  95  


  ==> Energy                -256.147721776
  ==> dE                       -8.08e-06
  ==> Gradient Norm             2.80e-01
  ==> Abs. Max. Deriv.          3.68e-02
  ==> Time-Grad. (s)              47.072
  ==> Time-Energy (s)            286.890
  ==> Time-Iter. (s)             335.005

--------------------------------------------------------------------------------
CEO-ADAPT-VQE iteration: 26
--------------------------------------------------------------------------------
    gate        derivative      name       op1       op2       op3        g_unscaled   penalty
     188       -0.00039665      a_ia       188                           -0.00317322         8
     238       -0.00035157      a_ia       238                           -0.00773457        22
     216       -0.00033688      a_ia       216                           -0.00067377         2
     241       -0.00033443      a_ia       241                           -0.00869522        26
     112       -0.00032124      a_ia       112                           -0.02505689        78
   97998        0.00031053        op     41436     41437                  0.02018415        65
     211        0.00030709      a_ia       211                            0.00122836         4
   97999        0.00028155        om     41436     41437                  0.01830099        65
     163       -0.00027717      a_ia       163                           -0.00110868         4
   96900       -0.00024729        op     40611     40612                 -0.02250376        91

  ==> Add operator: a_ia 188
  ==> Current qubit order: 0  1  2  3  4  5  6  7  8  9  10  11  12  13  14  15  16  17  18  19  20  22  23  24  25  26  27  29  30  32  33  35  40  41  28  53  34  36  42  44  45  43  47  55  49  37  52  51  46  56  54  66  21  79  39  57  58  31  50  38  91  59  60  61  62  63  64  65  67  68  69  70  71  72  73  74  75  48  76  77  78  80  81  82  83  84  85  86  87  88  89  90  92  93  94  95  


  ==> Energy                -256.149730292
  ==> dE                       -2.01e-03
  ==> Gradient Norm             2.79e-01
  ==> Abs. Max. Deriv.          2.51e-02
  ==> Time-Grad. (s)              59.199
  ==> Time-Energy (s)            180.011
  ==> Time-Iter. (s)             240.254

--------------------------------------------------------------------------------
CEO-ADAPT-VQE iteration: 27
--------------------------------------------------------------------------------
    gate        derivative      name       op1       op2       op3        g_unscaled   penalty
     240       -0.00265492      a_ia       240                           -0.03185906        12
     224       -0.00125044      a_ia       224                           -0.00250088         2
     231       -0.00083788      a_ia       231                           -0.00167577         2
     180       -0.00073976      a_ia       180                           -0.00147953         2
   95792       -0.00071840        om     39726     39727                 -0.01939676        27
     207        0.00059919      a_ia       207                            0.00119838         2
     237       -0.00056618      a_ia       237                           -0.00679418        12
     181       -0.00052737      a_ia       181                           -0.00210948         4
     238       -0.00049667      a_ia       238                           -0.00099334         2
   95791       -0.00045352        op     39726     39727                 -0.01224503        27

  ==> Add operator: a_ia 240
  ==> Current qubit order: 0  1  2  3  4  5  6  7  8  9  10  11  12  13  14  15  16  17  18  19  20  22  23  24  25  26  27  29  30  32  33  35  40  41  28  53  34  36  42  44  45  43  47  55  49  37  52  51  46  56  54  66  21  79  39  57  58  31  50  38  91  59  60  61  62  63  64  65  67  68  69  70  71  72  73  74  75  76  77  78  80  81  48  82  83  84  85  86  87  88  89  90  92  93  94  95  


  ==> Energy                -256.149875200
  ==> dE                       -1.45e-04
  ==> Gradient Norm             2.80e-01
  ==> Abs. Max. Deriv.          3.19e-02
  ==> Time-Grad. (s)              49.070
  ==> Time-Energy (s)            250.149
  ==> Time-Iter. (s)             300.293

--------------------------------------------------------------------------------
CEO-ADAPT-VQE iteration: 28
--------------------------------------------------------------------------------
    gate        derivative      name       op1       op2       op3        g_unscaled   penalty
     228       -0.00135012      a_ia       228                           -0.00270024         2
     235       -0.00116815      a_ia       235                           -0.00233630         2
     182       -0.00075512      a_ia       182                           -0.00151024         2
     210        0.00055736      a_ia       210                            0.00111472         2
     183       -0.00053510      a_ia       183                           -0.00214040         4
     234       -0.00042080      a_ia       234                           -0.00168322         4
     251       -0.00035045      a_ia       251                           -0.00770988        22
     170       -0.00025769      a_ia       170                           -0.00103078         4
     158        0.00023360      a_ia       158                            0.00794253        34
     250       -0.00019509      a_ia       250                           -0.00312137        16

  ==> Add operator: a_ia 228
  ==> Current qubit order: 0  1  2  3  4  5  6  7  8  9  10  11  12  13  14  15  16  17  18  19  20  22  23  24  25  26  27  29  30  32  33  35  40  41  28  53  34  36  42  44  45  43  47  55  49  37  52  51  46  56  54  66  21  79  39  57  58  31  50  38  91  59  60  61  62  63  64  65  67  68  69  70  71  72  73  74  75  76  77  78  80  81  48  82  83  84  85  86  87  88  89  90  92  93  94  95  


  ==> Energy                -256.149876811
  ==> dE                       -1.61e-06
  ==> Gradient Norm             2.80e-01
  ==> Abs. Max. Deriv.          2.26e-02
  ==> Time-Grad. (s)              58.063
  ==> Time-Energy (s)            244.678
  ==> Time-Iter. (s)             303.728

--------------------------------------------------------------------------------
CEO-ADAPT-VQE iteration: 29
--------------------------------------------------------------------------------
    gate        derivative      name       op1       op2       op3        g_unscaled   penalty
     192       -0.00077720      a_ia       192                           -0.00155440         2
     218        0.00063914      a_ia       218                            0.00383484         6
     193       -0.00053024      a_ia       193                           -0.00212096         4
     263       -0.00034951      a_ia       263                           -0.00768925        22
   97109       -0.00033967        op     40660     40661                 -0.02207837        65
   97110       -0.00033855        om     40660     40661                 -0.02200580        65
   40660       -0.00027212    a_iajb     40660                           -0.02204208        81
     180       -0.00024832      a_ia       180                           -0.00099327         4
     213       -0.00023835      a_ia       213                           -0.00190679         8
     222        0.00023820      a_ia       222                            0.00047639         2

  ==> Add operator: a_ia 192
  ==> Current qubit order: 0  1  2  3  4  5  6  7  8  9  10  11  12  13  14  15  16  17  18  19  20  22  23  24  25  26  27  29  30  32  33  35  40  41  28  53  34  36  42  44  45  43  47  55  49  37  52  51  46  56  54  66  21  79  39  57  58  31  50  38  91  59  60  61  62  63  64  65  67  68  69  70  71  72  73  74  75  76  77  78  80  81  48  82  83  84  85  86  87  88  89  90  92  93  94  95  


  ==> Energy                -256.150255502
  ==> dE                       -3.62e-04
  ==> Gradient Norm             2.93e-01
  ==> Abs. Max. Deriv.          3.83e-02
  ==> Time-Grad. (s)              66.811
  ==> Time-Energy (s)              1.250
  ==> Time-Iter. (s)              69.106

--------------------------------------------------------------------------------
CEO-ADAPT-VQE iteration: 30
--------------------------------------------------------------------------------
    gate        derivative      name       op1       op2       op3        g_unscaled   penalty
     228        0.00063642      a_ia       228                            0.00381851         6
     274       -0.00035222      a_ia       274                           -0.00774880        22
   95859       -0.00030770        op     39592     39593                 -0.01815406        59
   95860       -0.00030770        op     39592     39593                 -0.01815406        59
     223       -0.00025228      a_ia       223                           -0.00201825         8
     257       -0.00024993      a_ia       257                           -0.00099974         4
     189       -0.00024430      a_ia       189                           -0.00097720         4
     232        0.00024429      a_ia       232                            0.00048858         2
   39592       -0.00024206    a_iajb     39592                           -0.01815449        75
     217        0.00023813      a_ia       217                            0.00047626         2

  ==> Add operator: a_ia 228
  ==> Current qubit order: 0  1  2  3  4  5  6  7  8  9  10  11  12  13  14  15  16  17  18  19  20  22  23  24  25  26  27  29  30  32  33  35  40  41  28  53  34  36  42  44  45  43  47  55  49  37  52  51  46  56  54  66  21  79  39  57  31  50  58  38  91  59  60  61  62  63  64  65  67  68  69  70  71  72  73  74  75  76  77  78  80  81  48  82  83  84  85  86  87  88  89  90  92  93  94  95  


  ==> Energy                -256.150260639
  ==> dE                       -5.14e-06
  ==> Gradient Norm             2.93e-01
  ==> Abs. Max. Deriv.          2.92e-02
  ==> Time-Grad. (s)              61.544
  ==> Time-Energy (s)              1.675
  ==> Time-Iter. (s)              64.316

--------------------------------------------------------------------------------
CEO-ADAPT-VQE iteration: 31
--------------------------------------------------------------------------------
    gate        derivative      name       op1       op2       op3        g_unscaled   penalty
     278        0.00136252      a_ia       278                            0.02452543        18
     197       -0.00050577      a_ia       197                           -0.00101154         2
     284       -0.00032315      a_ia       284                           -0.00775557        24
     140       -0.00030927      a_ia       140                           -0.02412282        78
   97673        0.00028969        op     41055     41056                  0.01303585        45
   97674        0.00027452        om     41055     41056                  0.01235362        45
     232       -0.00025228      a_ia       232                           -0.00201822         8
     226        0.00023826      a_ia       226                            0.00047652         2
     266       -0.00023381      a_ia       266                           -0.00093526         4
     184        0.00023331      a_ia       184                            0.00793261        34

  ==> Add operator: a_ia 278
  ==> Current qubit order: 0  1  2  3  4  5  6  7  8  9  10  11  12  13  14  15  16  17  18  19  20  22  23  24  25  26  27  29  30  32  33  35  40  41  28  34  36  42  44  45  43  47  55  53  49  37  52  51  46  56  54  66  21  79  39  57  31  50  58  38  91  59  60  61  62  63  64  65  67  68  69  70  71  72  73  74  75  76  77  78  80  81  48  82  83  84  85  86  87  88  89  90  92  93  94  95  


  ==> Energy                -256.150432397
  ==> dE                       -1.72e-04
  ==> Gradient Norm             3.01e-01
  ==> Abs. Max. Deriv.          3.71e-02
  ==> Time-Grad. (s)             115.118
  ==> Time-Energy (s)              1.440
  ==> Time-Iter. (s)             117.594

--------------------------------------------------------------------------------
CEO-ADAPT-VQE iteration: 32
--------------------------------------------------------------------------------
    gate        derivative      name       op1       op2       op3        g_unscaled   penalty
     205       -0.00052824      a_ia       205                           -0.00105648         2
     294       -0.00032800      a_ia       294                           -0.00787200        24
     145       -0.00031462      a_ia       145                           -0.02454062        78
   95949       -0.00031256        om     39800     39801                 -0.03844437       123
   39800       -0.00023565    a_iajb     39800                           -0.03275579       139
     235        0.00023115      a_ia       235                            0.00046231         2
     192        0.00022116      a_ia       192                            0.00751947        34
   95948       -0.00022006        op     39800     39801                 -0.02706722       123
     251        0.00021377      a_ia       251                            0.00042753         2
     241       -0.00021126      a_ia       241                           -0.00211262        10

  ==> Add operator: a_ia 205
  ==> Current qubit order: 0  1  2  3  4  5  6  7  8  9  10  11  12  13  14  15  16  17  18  19  20  22  23  24  25  26  27  29  30  32  33  35  40  41  28  34  36  42  44  45  43  47  55  53  49  37  52  51  46  56  54  66  21  79  39  57  31  50  58  38  91  59  60  61  62  63  64  65  67  68  69  70  71  72  73  74  75  76  77  78  80  81  48  82  83  84  85  86  87  88  89  90  92  93  94  95  


  ==> Energy                -256.150432756
  ==> dE                       -3.60e-07
  ==> Gradient Norm             3.02e-01
  ==> Abs. Max. Deriv.          3.84e-02
  ==> Time-Grad. (s)              60.860
  ==> Time-Energy (s)              2.197
  ==> Time-Iter. (s)              64.092

--------------------------------------------------------------------------------
CEO-ADAPT-VQE iteration: 33
--------------------------------------------------------------------------------
    gate        derivative      name       op1       op2       op3        g_unscaled   penalty
     303       -0.00032801      a_ia       303                           -0.00787228        24
     151       -0.00031461      a_ia       151                           -0.02453969        78
   96693       -0.00029294        op     40423     40424                 -0.01435418        49
   96694       -0.00026340        om     40423     40424                 -0.01290672        49
     242        0.00023114      a_ia       242                            0.00046229         2
     199        0.00022115      a_ia       199                            0.00751920        34
     259        0.00021378      a_ia       259                            0.00042757         2
     248       -0.00021126      a_ia       248                           -0.00211259        10
   40423       -0.00020970    a_iajb     40423                           -0.01363045        65
     284       -0.00019852      a_ia       284                           -0.00119115         6

  ==> Add operator: a_ia 303
  ==> Current qubit order: 0  1  2  3  4  5  6  7  8  9  10  11  12  13  14  15  16  17  18  19  20  22  23  24  25  26  27  29  30  32  33  35  40  41  28  34  36  42  44  45  43  47  55  53  49  37  52  51  46  56  54  66  21  79  39  57  31  58  38  91  59  60  61  62  63  64  65  67  50  68  69  70  71  72  73  74  75  76  77  78  80  81  48  82  83  84  85  86  87  88  89  90  92  93  94  95  


  ==> Energy                -256.151015214
  ==> dE                       -5.82e-04
  ==> Gradient Norm             2.71e-01
  ==> Abs. Max. Deriv.          2.45e-02
  ==> Time-Grad. (s)              64.100
  ==> Time-Energy (s)              1.122
  ==> Time-Iter. (s)              66.255

--------------------------------------------------------------------------------
CEO-ADAPT-VQE iteration: 34
--------------------------------------------------------------------------------
    gate        derivative      name       op1       op2       op3        g_unscaled   penalty
     309       -0.00052280      a_ia       309                           -0.00313679         6
     313       -0.00038773      a_ia       313                           -0.00930545        24
     311        0.00032855      a_ia       311                            0.00722818        22
     153       -0.00032809      a_ia       153                           -0.02493521        76
   97262       -0.00026317        om     40777     40778                 -0.03289563       125
   95449        0.00024767        op     39418     39419                  0.03442673       139
   95450        0.00024767        om     39418     39419                  0.03442673       139
     249        0.00024024      a_ia       249                            0.00048047         2
   39418        0.00022211    a_iajb     39418                            0.03442673       155
     204        0.00021582      a_ia       204                            0.00733793        34

  ==> Add operator: a_ia 309
  ==> Current qubit order: 0  1  2  3  4  5  6  7  8  9  10  11  12  13  14  15  16  17  18  19  20  22  23  24  25  26  27  29  30  32  33  35  40  41  28  34  36  42  44  45  43  47  55  53  49  37  52  51  46  56  54  66  21  79  39  57  31  58  38  91  59  60  61  62  63  65  67  64  50  68  69  70  71  72  73  74  75  76  77  78  80  81  48  82  83  84  85  86  87  88  89  90  92  93  94  95  


  ==> Energy                -256.151113683
  ==> dE                       -9.85e-05
  ==> Gradient Norm             2.80e-01
  ==> Abs. Max. Deriv.          3.44e-02
  ==> Time-Grad. (s)              58.031
  ==> Time-Energy (s)              1.287
  ==> Time-Iter. (s)              60.358

--------------------------------------------------------------------------------
CEO-ADAPT-VQE iteration: 35
--------------------------------------------------------------------------------
    gate        derivative      name       op1       op2       op3        g_unscaled   penalty
     319       -0.00039109      a_ia       319                           -0.00938610        24
     317        0.00032638      a_ia       317                            0.00718045        22
     158       -0.00032286      a_ia       158                           -0.02453718        76
     255        0.00024311      a_ia       255                            0.00048621         2
     209        0.00021519      a_ia       209                            0.00731648        34
     261       -0.00021236      a_ia       261                           -0.00212359        10
     270        0.00019204      a_ia       270                            0.00268861        14
     297       -0.00018538      a_ia       297                           -0.00111225         6
     240       -0.00017125      a_ia       240                           -0.00068501         4
     267        0.00016672      a_ia       267                            0.00166715        10

  ==> Add operator: a_ia 319
  ==> Current qubit order: 0  1  2  3  4  5  6  7  8  9  10  11  12  13  14  15  16  17  18  19  20  22  23  24  25  26  27  29  30  32  33  35  40  41  28  34  36  42  44  45  43  47  55  53  49  37  52  46  56  54  66  21  79  39  57  31  58  38  51  91  59  60  61  62  63  65  67  64  50  68  69  70  71  72  73  74  75  76  77  78  80  81  48  82  83  84  85  86  87  88  89  90  92  93  94  95  


  ==> Energy                -256.151124305
  ==> dE                       -1.06e-05
  ==> Gradient Norm             2.76e-01
  ==> Abs. Max. Deriv.          3.01e-02
  ==> Time-Grad. (s)              59.421
  ==> Time-Energy (s)              1.318
  ==> Time-Iter. (s)              61.766

--------------------------------------------------------------------------------
CEO-ADAPT-VQE iteration: 36
--------------------------------------------------------------------------------
    gate        derivative      name       op1       op2       op3        g_unscaled   penalty
     161       -0.00033155      a_ia       161                           -0.02453461        74
     324        0.00032636      a_ia       324                            0.00717991        22
   97773       -0.00031329        om     41318     41319                 -0.01848404        59
   97772       -0.00030972        op     41318     41319                 -0.01827330        59
     274        0.00026592      a_ia       274                            0.00265921        10
     130       -0.00026040      a_ia       130                           -0.02135275        82
   75164        0.00024737        op     24056     24057                  0.05417429       219
   41318       -0.00024505    a_iajb     41318                           -0.01837867        75
     259        0.00024281      a_ia       259                            0.00048561         2
     213        0.00021524      a_ia       213                            0.00731805        34

  ==> Add operator: a_ia 161
  ==> Current qubit order: 0  1  2  3  4  5  6  7  8  9  10  11  12  13  14  15  16  17  18  19  22  23  24  25  26  27  29  30  32  33  35  40  41  28  34  36  42  44  45  43  47  55  53  49  37  52  46  56  54  66  21  79  39  57  31  58  20  38  51  91  59  60  61  62  63  65  67  64  50  68  69  70  71  72  73  74  75  76  77  78  80  81  48  82  83  84  85  86  87  88  89  90  92  93  94  95  


  ==> Energy                -256.151246144
  ==> dE                       -1.22e-04
  ==> Gradient Norm             2.89e-01
  ==> Abs. Max. Deriv.          5.42e-02
  ==> Time-Grad. (s)              61.613
  ==> Time-Energy (s)              1.419
  ==> Time-Iter. (s)              64.079

--------------------------------------------------------------------------------
CEO-ADAPT-VQE iteration: 37
--------------------------------------------------------------------------------
    gate        derivative      name       op1       op2       op3        g_unscaled   penalty
     329        0.00032894      a_ia       329                            0.00723669        22
   88643        0.00026757        op     34342     34343                  0.04628992       173
   88644        0.00026757        om     34342     34343                  0.04628992       173
     132       -0.00025771      a_ia       132                           -0.02113262        82
     262        0.00024628      a_ia       262                            0.00049256         2
   34342        0.00024492    a_iajb     34342                            0.04628992       189
     278        0.00022046      a_ia       278                            0.00264558        12
     215        0.00021552      a_ia       215                            0.00732784        34
     294       -0.00021291      a_ia       294                           -0.00383233        18
     269       -0.00021183      a_ia       269                           -0.00211834        10

  ==> Add operator: a_ia 329
  ==> Current qubit order: 0  1  2  3  4  5  6  7  8  9  10  11  12  13  14  15  16  17  18  19  22  23  24  25  26  27  29  30  32  33  35  40  41  28  34  36  42  44  45  43  47  55  53  49  37  52  46  56  54  66  21  79  39  57  31  58  20  38  51  91  59  60  61  62  63  65  67  64  68  69  70  71  72  73  74  75  76  77  50  78  80  81  48  82  83  84  85  86  87  88  89  90  92  93  94  95  


  ==> Energy                -256.151678376
  ==> dE                       -4.32e-04
  ==> Gradient Norm             2.85e-01
  ==> Abs. Max. Deriv.          4.63e-02
  ==> Time-Grad. (s)              60.416
  ==> Time-Energy (s)              1.228
  ==> Time-Iter. (s)              62.684

--------------------------------------------------------------------------------
CEO-ADAPT-VQE iteration: 38
--------------------------------------------------------------------------------
    gate        derivative      name       op1       op2       op3        g_unscaled   penalty
     136       -0.00026444      a_ia       136                           -0.02168380        82
     270        0.00024454      a_ia       270                            0.00048908         2
     169       -0.00022153      a_ia       169                           -0.00044307         2
     221        0.00022023      a_ia       221                            0.00748780        34
     278       -0.00021362      a_ia       278                           -0.00213616        10
     305       -0.00021351      a_ia       305                           -0.00384321        18
     287        0.00020767      a_ia       287                            0.00249199        12
     283        0.00019697      a_ia       283                            0.00078790         4
     318       -0.00018037      a_ia       318                           -0.00108220         6
   97179        0.00018020        op     40960     40961                  0.00810921        45

  ==> Add operator: a_ia 136
  ==> Current qubit order: 0  1  2  3  4  5  6  7  8  9  10  11  12  13  14  15  17  18  19  22  23  24  25  26  27  29  30  32  33  35  40  41  28  34  36  42  44  45  43  47  55  53  49  37  52  46  56  54  66  21  79  39  57  31  58  20  16  38  51  91  59  60  61  62  63  65  67  64  68  69  70  71  72  73  74  75  76  77  50  78  80  81  48  82  83  84  85  86  87  88  89  90  92  93  94  95  


  ==> Energy                -256.151764569
  ==> dE                       -8.62e-05
  ==> Gradient Norm             2.75e-01
  ==> Abs. Max. Deriv.          3.21e-02
  ==> Time-Grad. (s)             114.672
  ==> Time-Energy (s)              1.829
  ==> Time-Iter. (s)             117.543

--------------------------------------------------------------------------------
CEO-ADAPT-VQE iteration: 39
--------------------------------------------------------------------------------
    gate        derivative      name       op1       op2       op3        g_unscaled   penalty
     141        0.00038463      a_ia       141                            0.00615415        16
     266       -0.00028636      a_ia       266                           -0.01259980        44
     276        0.00024601      a_ia       276                            0.00049201         2
     225        0.00021962      a_ia       225                            0.00746715        34
     313       -0.00021355      a_ia       313                           -0.00384388        18
     284       -0.00021347      a_ia       284                           -0.00213473        10
   95462       -0.00018715        op     39545     39546                 -0.01366228        73
   95463       -0.00018715        op     39545     39546                 -0.01366228        73
   95451       -0.00018139        om     39533     39534                 -0.01868331       103
     295        0.00018009      a_ia       295                            0.00252131        14

  ==> Add operator: a_ia 141
  ==> Current qubit order: 0  1  2  3  4  5  6  7  8  9  10  11  12  13  14  15  17  18  19  22  23  24  25  26  27  29  30  32  33  35  40  41  28  34  36  42  44  45  43  47  55  53  49  37  52  46  56  54  21  79  39  57  31  58  20  66  16  38  51  91  59  60  61  62  63  65  67  64  68  69  70  71  72  73  74  75  76  77  50  78  80  81  48  82  83  84  85  86  87  88  89  90  92  93  94  95  


  ==> Energy                -256.151772287
  ==> dE                       -7.72e-06
  ==> Gradient Norm             2.63e-01
  ==> Abs. Max. Deriv.          2.40e-02
  ==> Time-Grad. (s)              61.587
  ==> Time-Energy (s)              1.891
  ==> Time-Iter. (s)              64.493

--------------------------------------------------------------------------------
CEO-ADAPT-VQE iteration: 40
--------------------------------------------------------------------------------
    gate        derivative      name       op1       op2       op3        g_unscaled   penalty
   98484       -0.00058986        om     41989     41990                 -0.02182494        37
   98483       -0.00045753        op     41989     41990                 -0.01692865        37
   94794        0.00041241        om     39202     39203                  0.05485037       133
   94793        0.00041193        op     39202     39203                  0.05478698       133
   98486       -0.00039795        om     41991     41992                 -0.01949961        49
   39202        0.00036791    a_iajb     39202                            0.05481868       149
   41989       -0.00036560    a_iajb     41989                           -0.01937679        53
   98485       -0.00033978        op     41991     41992                 -0.01664937        49
     271       -0.00030001      a_ia       271                           -0.01260053        42
   41991       -0.00027807    a_iajb     41991                           -0.01807449        65

  ==> Add operator: mvp2 -1: 41989 41990
  ==> Current qubit order: 0  1  2  3  4  5  6  7  8  9  10  11  12  13  14  15  17  18  19  22  23  24  25  26  27  29  30  32  33  35  40  41  28  34  36  42  44  45  47  55  43  53  52  46  49  37  56  54  21  79  39  57  31  58  20  66  16  38  51  91  59  60  61  62  63  65  67  64  68  69  70  71  72  73  74  75  76  77  50  78  80  81  48  82  83  84  85  86  87  88  89  90  92  93  94  95  


  ==> Energy                -256.152891627
  ==> dE                       -1.12e-03
  ==> Gradient Norm             2.93e-01
  ==> Abs. Max. Deriv.          5.49e-02
  ==> Time-Grad. (s)              58.973
  ==> Time-Energy (s)              2.765
  ==> Time-Iter. (s)              62.760

--------------------------------------------------------------------------------
CEO-ADAPT-VQE iteration: 41
--------------------------------------------------------------------------------
    gate        derivative      name       op1       op2       op3        g_unscaled   penalty
   99509        0.00063329        om     42537     42538                  0.03103143        49
   99508        0.00062229        op     42537     42538                  0.03049206        49
   42537        0.00047326    a_iajb     42537                            0.03076174        65
     357       -0.00036557      a_ia       357                           -0.00219344         6
     278       -0.00030225      a_ia       278                           -0.01269448        42
     325       -0.00030021      a_ia       325                           -0.00060042         2
     327       -0.00025560      a_ia       327                           -0.00357839        14
     270       -0.00023533      a_ia       270                           -0.00094131         4
     288        0.00023026      a_ia       288                            0.00046053         2
   97683        0.00022766        om     41167     41168                  0.00569140        25

  ==> Add operator: mvp2 -1: 42537 42538
  ==> Current qubit order: 0  1  2  3  4  5  6  7  8  9  10  11  12  13  14  15  17  18  19  22  23  24  25  26  27  29  30  32  33  35  40  41  28  34  36  42  44  45  55  43  53  52  47  46  56  57  49  37  54  21  79  39  31  58  20  66  16  38  51  91  59  60  61  62  63  65  67  64  68  69  70  71  72  73  74  75  76  77  50  78  80  81  48  82  83  84  85  86  87  88  89  90  92  93  94  95  


  ==> Energy                -256.153229861
  ==> dE                       -3.38e-04
  ==> Gradient Norm             2.80e-01
  ==> Abs. Max. Deriv.          3.10e-02
  ==> Time-Grad. (s)              59.878
  ==> Time-Energy (s)              2.605
  ==> Time-Iter. (s)              63.515

--------------------------------------------------------------------------------
CEO-ADAPT-VQE iteration: 42
--------------------------------------------------------------------------------
    gate        derivative      name       op1       op2       op3        g_unscaled   penalty
     350       -0.00042201      a_ia       350                           -0.00084403         2
     338       -0.00030928      a_ia       338                           -0.00061856         2
     291       -0.00028879      a_ia       291                           -0.01270697        44
     340       -0.00026198      a_ia       340                           -0.00366767        14
     345        0.00025056      a_ia       345                            0.00150338         6
     301        0.00023851      a_ia       301                            0.00047701         2
     282       -0.00023656      a_ia       282                           -0.00094622         4
   96203        0.00022040        op     40305     40306                  0.01212220        55
     312       -0.00021722      a_ia       312                           -0.00130330         6
     357       -0.00019580      a_ia       357                           -0.00156640         8

  ==> Add operator: a_ia 350
  ==> Current qubit order: 0  1  2  3  4  5  6  7  8  9  10  11  12  13  14  15  17  18  19  22  23  24  25  26  27  29  30  32  33  35  40  41  28  34  36  42  44  45  55  43  53  52  47  46  56  57  49  37  54  21  79  39  31  58  20  66  16  38  51  91  59  60  61  62  63  65  67  64  68  69  70  71  72  73  74  75  76  77  50  78  80  81  48  82  83  84  85  86  87  88  89  90  92  93  94  95  


  ==> Energy                -256.153230152
  ==> dE                       -2.91e-07
  ==> Gradient Norm             2.71e-01
  ==> Abs. Max. Deriv.          2.77e-02
  ==> Time-Grad. (s)              71.111
  ==> Time-Energy (s)              1.315
  ==> Time-Iter. (s)              73.472

--------------------------------------------------------------------------------
CEO-ADAPT-VQE iteration: 43
--------------------------------------------------------------------------------
    gate        derivative      name       op1       op2       op3        g_unscaled   penalty
   98465        0.00059504        op     41949     41950                  0.02677681        45
   98466        0.00052231        om     41949     41950                  0.02350388        45
   41949        0.00041214    a_iajb     41949                            0.02514034        61
     345       -0.00031591      a_ia       345                           -0.00063181         2
     298       -0.00028880      a_ia       298                           -0.01270708        44
   95301        0.00027027        op     39535     39536                  0.02405424        89
   95302        0.00027027        op     39535     39536                  0.02405424        89
     347       -0.00026203      a_ia       347                           -0.00366835        14
   95305        0.00026133        op     39535     39537                  0.02325875        89
   95306        0.00026133        op     39535     39537                  0.02325875        89

  ==> Add operator: mvp2 -1: 41949 41950
  ==> Current qubit order: 0  1  2  3  4  5  6  7  8  9  10  11  12  13  14  15  17  18  19  22  23  24  25  26  27  29  30  32  33  35  40  41  28  34  36  44  45  55  42  43  53  54  52  47  46  56  57  49  37  21  79  39  31  58  20  66  16  38  51  91  59  60  61  62  63  65  67  64  68  69  70  71  72  73  74  75  76  77  50  78  80  81  48  82  83  84  85  86  87  88  89  90  92  93  94  95  


  ==> Energy                -256.153825749
  ==> dE                       -5.96e-04
  ==> Gradient Norm             2.78e-01
  ==> Abs. Max. Deriv.          4.69e-02
  ==> Time-Grad. (s)              60.347
  ==> Time-Energy (s)              2.785
  ==> Time-Iter. (s)              64.480

--------------------------------------------------------------------------------
CEO-ADAPT-VQE iteration: 44
--------------------------------------------------------------------------------
    gate        derivative      name       op1       op2       op3        g_unscaled   penalty
   99325        0.00039582        op     42500     42501                  0.01622850        41
   99326        0.00034321        om     42500     42501                  0.01407147        41
     328       -0.00032897      a_ia       328                           -0.00131586         4
     307       -0.00029126      a_ia       307                           -0.01281553        44
   42500        0.00026579    a_iajb     42500                            0.01514998        57
   95215        0.00022295        op     39341     39342                  0.03232838       145
     258        0.00021495      a_ia       258                            0.00386908        18
     356       -0.00020304      a_ia       356                           -0.00365474        18
   94603       -0.00019163        op     38864     38865                 -0.03315118       173
   94604       -0.00019127        om     38864     38865                 -0.03308964       173

  ==> Add operator: mvp2 -1: 42500 42501
  ==> Current qubit order: 0  1  2  3  4  5  6  7  8  9  10  11  12  13  14  15  17  18  19  22  23  24  25  26  27  29  30  32  33  35  40  41  28  34  36  44  45  55  42  43  53  54  52  47  46  49  56  57  37  21  79  39  31  58  20  66  16  38  51  91  59  60  61  62  63  65  67  64  68  69  70  71  72  73  74  75  76  77  50  78  80  81  48  82  83  84  85  86  87  88  89  90  92  93  94  95  


  ==> Energy                -256.154350648
  ==> dE                       -5.25e-04
  ==> Gradient Norm             2.69e-01
  ==> Abs. Max. Deriv.          3.32e-02
  ==> Time-Grad. (s)              58.993
  ==> Time-Energy (s)              2.309
  ==> Time-Iter. (s)              62.293

--------------------------------------------------------------------------------
CEO-ADAPT-VQE iteration: 45
--------------------------------------------------------------------------------
    gate        derivative      name       op1       op2       op3        g_unscaled   penalty
     381       -0.00075539      a_ia       381                           -0.00302157         4
   94628        0.00043470        op     39166     39167                  0.06650919       153
     335       -0.00034929      a_ia       335                           -0.00139715         4
   39166        0.00032430    a_iajb     39166                            0.05480690       169
     314       -0.00029396      a_ia       314                           -0.01293406        44
   93864        0.00029090        op     38561     38562                  0.01599941        55
   94629        0.00028173        om     39166     39167                  0.04310461       153
   94916        0.00023956        op     39388     39389                  0.01413422        59
   94917        0.00023956        op     39388     39389                  0.01413422        59
   75921        0.00022567        om     24895     24896                  0.05393598       239

  ==> Add operator: a_ia 381
  ==> Current qubit order: 0  1  2  3  4  5  6  7  8  9  10  11  12  13  14  15  17  18  19  22  23  24  25  26  27  29  30  32  33  35  40  41  28  34  36  44  45  55  42  43  53  54  52  46  47  49  56  57  37  21  79  39  31  58  20  66  16  38  51  91  59  60  61  62  63  65  67  64  68  69  70  71  72  73  74  75  76  77  50  78  80  81  48  82  83  84  85  86  87  88  89  90  92  93  94  95  


  ==> Energy                -256.154360857
  ==> dE                       -1.02e-05
  ==> Gradient Norm             2.83e-01
  ==> Abs. Max. Deriv.          6.65e-02
  ==> Time-Grad. (s)              59.237
  ==> Time-Energy (s)              1.422
  ==> Time-Iter. (s)              61.694

--------------------------------------------------------------------------------
CEO-ADAPT-VQE iteration: 46
--------------------------------------------------------------------------------
    gate        derivative      name       op1       op2       op3        g_unscaled   penalty
   98501        0.00045474        om     41856     41857                  0.06411796       141
   98500        0.00044220        op     41856     41857                  0.06234964       141
   41856        0.00040276    a_iajb     41856                            0.06323380       157
     341       -0.00033486      a_ia       341                           -0.00133945         4
     320       -0.00029405      a_ia       320                           -0.01293808        44
     369       -0.00024038      a_ia       369                           -0.00384610        16
   96556       -0.00021437        op     40407     40408                 -0.00921773        43
     270        0.00020710      a_ia       270                            0.00372782        18
     175       -0.00020417      a_ia       175                           -0.00040834         2
     367       -0.00019178      a_ia       367                           -0.00076713         4

  ==> Add operator: mvp2 -1: 41856 41857
  ==> Current qubit order: 0  1  2  3  4  5  6  7  8  9  10  11  12  13  14  15  17  18  19  22  23  24  25  26  27  29  30  32  33  35  40  41  28  34  36  44  45  55  53  54  52  46  47  56  57  37  21  79  39  42  43  49  48  31  58  20  66  16  38  51  91  59  60  61  62  63  65  67  64  68  69  70  71  72  73  74  75  76  77  50  78  80  81  82  83  84  85  86  87  88  89  90  92  93  94  95  


  ==> Energy                -256.155721366
  ==> dE                       -1.36e-03
  ==> Gradient Norm             2.81e-01
  ==> Abs. Max. Deriv.          6.41e-02
  ==> Time-Grad. (s)              58.701
  ==> Time-Energy (s)              3.294
  ==> Time-Iter. (s)              63.034

--------------------------------------------------------------------------------
CEO-ADAPT-VQE iteration: 47
--------------------------------------------------------------------------------
    gate        derivative      name       op1       op2       op3        g_unscaled   penalty
   99317        0.00060127        op     42507     42508                  0.02104459        35
   99318        0.00058004        om     42507     42508                  0.02030145        35
   42507        0.00040535    a_iajb     42507                            0.02067302        51
   97622        0.00039231        om     41252     41253                  0.04825400       123
   94835        0.00039091        op     39147     39148                  0.05980857       153
   94836        0.00039091        om     39147     39148                  0.05980857       153
   39147        0.00035390    a_iajb     39147                            0.05980857       169
     330       -0.00033867      a_ia       330                           -0.01286934        38
     352       -0.00033308      a_ia       352                           -0.00133231         4
     383       -0.00031972      a_ia       383                           -0.00383668        12

  ==> Add operator: mvp2 -1: 42507 42508
  ==> Current qubit order: 0  1  2  3  4  5  6  7  8  9  10  11  12  13  14  15  17  18  19  22  23  24  25  26  27  29  30  32  33  35  40  41  28  34  36  44  45  55  54  53  52  46  47  56  57  37  21  79  39  42  43  49  48  31  58  20  66  16  38  51  91  59  60  61  62  63  65  67  64  68  69  70  71  72  73  74  75  76  77  50  78  80  81  82  83  84  85  86  87  88  89  90  92  93  94  95  


  ==> Energy                -256.155847451
  ==> dE                       -1.26e-04
  ==> Gradient Norm             2.87e-01
  ==> Abs. Max. Deriv.          5.98e-02
  ==> Time-Grad. (s)              64.122
  ==> Time-Energy (s)              2.661
  ==> Time-Iter. (s)              67.831

--------------------------------------------------------------------------------
CEO-ADAPT-VQE iteration: 48
--------------------------------------------------------------------------------
    gate        derivative      name       op1       op2       op3        g_unscaled   penalty
   93869       -0.00052270        op     38597     38598                 -0.04756584        91
   93870       -0.00039618        om     38597     38598                 -0.03605235        91
   38597       -0.00039074    a_iajb     38597                           -0.04180909       107
     338       -0.00033857      a_ia       338                           -0.01286581        38
     391       -0.00033505      a_ia       391                           -0.00402062        12
     360       -0.00032857      a_ia       360                           -0.00131427         4
     283        0.00030938      a_ia       283                            0.00371260        12
   98194       -0.00022595        om     41898     41899                 -0.02508087       111
   95133        0.00021889        op     39564     39565                  0.03305213       151
   95134        0.00021889        om     39564     39565                  0.03305213       151

  ==> Add operator: mvp2 -1: 38597 38598
  ==> Current qubit order: 0  1  2  3  4  5  6  7  8  9  10  11  12  13  14  15  17  18  19  22  23  24  25  26  27  29  30  32  33  35  40  41  34  36  44  45  55  54  53  46  47  56  57  37  28  52  39  51  21  79  42  43  49  48  31  58  20  66  16  38  91  59  60  61  62  63  65  67  64  68  69  70  71  72  73  74  75  76  77  50  78  80  81  82  83  84  85  86  87  88  89  90  92  93  94  95  


  ==> Energy                -256.156595950
  ==> dE                       -7.48e-04
  ==> Gradient Norm             2.92e-01
  ==> Abs. Max. Deriv.          4.76e-02
  ==> Time-Grad. (s)              59.523
  ==> Time-Energy (s)              2.720
  ==> Time-Iter. (s)              63.280

--------------------------------------------------------------------------------
CEO-ADAPT-VQE iteration: 49
--------------------------------------------------------------------------------
    gate        derivative      name       op1       op2       op3        g_unscaled   penalty
     375        0.00083187      a_ia       375                            0.00166374         2
     399       -0.00040238      a_ia       399                           -0.00402378        10
     344       -0.00038535      a_ia       344                           -0.01310206        34
     288        0.00028040      a_ia       288                            0.00392557        14
   93616        0.00024521        op     38544     38546                  0.01446725        59
   93617        0.00024521        op     38544     38546                  0.01446725        59
   89894       -0.00023268        op     35744     35745                 -0.00907469        39
   89895       -0.00022976        om     35744     35745                 -0.00896056        39
   93612        0.00020360        op     38544     38545                  0.01201248        59
   93613        0.00020360        op     38544     38545                  0.01201248        59

  ==> Add operator: a_ia 375
  ==> Current qubit order: 0  1  2  3  4  5  6  7  8  9  10  11  12  13  14  15  17  18  19  22  23  24  25  26  27  29  30  32  33  35  40  41  34  36  44  45  55  54  53  46  47  56  57  37  28  52  39  51  21  79  42  43  49  48  31  58  20  66  16  38  91  59  60  61  62  63  65  67  64  68  69  70  71  72  73  74  75  76  77  50  78  80  81  82  83  84  85  86  87  88  89  90  92  93  94  95  


  ==> Energy                -256.156597847
  ==> dE                       -1.90e-06
  ==> Gradient Norm             2.59e-01
  ==> Abs. Max. Deriv.          2.29e-02
  ==> Time-Grad. (s)             116.216
  ==> Time-Energy (s)              2.417
  ==> Time-Iter. (s)             120.280

--------------------------------------------------------------------------------
CEO-ADAPT-VQE iteration: 50
--------------------------------------------------------------------------------
    gate        derivative      name       op1       op2       op3        g_unscaled   penalty
     404       -0.00040231      a_ia       404                           -0.00402305        10
     346       -0.00038614      a_ia       346                           -0.01312878        34
   96472       -0.00033697        op     40599     40600                 -0.02122885        63
     290        0.00028864      a_ia       290                            0.00404097        14
   96473       -0.00025421        om     40599     40600                 -0.01601552        63
     374        0.00024929      a_ia       374                            0.00498572        20
   40599       -0.00023572    a_iajb     40599                           -0.01862218        79
   90437        0.00021802        om     36018     36019                  0.01417150        65
   90436        0.00021710        op     36018     36019                  0.01411124        65
   74808        0.00021287        op     24098     24099                  0.03256839       153

  ==> Add operator: a_ia 404
  ==> Current qubit order: 0  1  2  3  4  5  6  7  8  9  10  11  12  13  14  15  17  18  19  22  23  24  25  26  27  29  30  32  33  35  40  41  34  36  45  55  54  53  44  46  47  56  57  37  28  52  39  51  21  79  42  43  49  48  31  58  20  66  16  38  91  59  60  61  62  63  65  67  64  68  69  70  71  72  73  74  75  76  77  50  78  80  81  82  83  84  85  86  87  88  89  90  92  93  94  95  


  ==> Energy                -256.158109997
  ==> dE                       -1.51e-03
  ==> Gradient Norm             2.87e-01
  ==> Abs. Max. Deriv.          4.79e-02
  ==> Time-Grad. (s)              56.858
  ==> Time-Energy (s)            174.480
  ==> Time-Iter. (s)             232.552

--------------------------------------------------------------------------------
CEO-ADAPT-VQE iteration: 51
--------------------------------------------------------------------------------
    gate        derivative      name       op1       op2       op3        g_unscaled   penalty
     189        0.00286652      a_ia       189                            0.00573304         2
     417       -0.00121822      a_ia       417                           -0.00487289         4
     380        0.00090645      a_ia       380                            0.00181291         2
     374        0.00054293      a_ia       374                            0.00434344         8
     348       -0.00039440      a_ia       348                           -0.01340969        34
     376        0.00027621      a_ia       376                            0.00552412        20
     225       -0.00026678      a_ia       225                           -0.00053356         2
     292        0.00026455      a_ia       292                            0.00423274        16
     185       -0.00023176      a_ia       185                           -0.00046352         2
     360       -0.00021832      a_ia       360                           -0.00130995         6

  ==> Add operator: a_ia 189
  ==> Current qubit order: 0  1  2  3  4  5  6  7  8  9  10  11  12  13  14  15  17  18  19  22  23  24  25  26  27  29  30  32  33  35  40  41  34  36  45  55  54  53  44  46  47  56  57  37  28  52  39  51  21  79  42  43  49  48  31  58  20  66  16  38  91  59  60  61  62  63  65  67  64  68  69  70  71  72  73  74  75  76  77  50  78  80  81  82  83  84  85  86  87  88  89  90  92  93  94  95  


  ==> Energy                -256.158117544
  ==> dE                       -7.55e-06
  ==> Gradient Norm             2.61e-01
  ==> Abs. Max. Deriv.          2.29e-02
  ==> Time-Grad. (s)              55.866
  ==> Time-Energy (s)              1.643
  ==> Time-Iter. (s)              58.592

--------------------------------------------------------------------------------
CEO-ADAPT-VQE iteration: 52
--------------------------------------------------------------------------------
    gate        derivative      name       op1       op2       op3        g_unscaled   penalty
     424       -0.00120106      a_ia       424                           -0.00480423         4
     386        0.00089927      a_ia       386                            0.00179854         2
     380        0.00054252      a_ia       380                            0.00434020         8
     354       -0.00039442      a_ia       354                           -0.01341033        34
     382        0.00027592      a_ia       382                            0.00551831        20
     229       -0.00026764      a_ia       229                           -0.00053528         2
     297        0.00026161      a_ia       297                            0.00418578        16
     188       -0.00023660      a_ia       188                           -0.00047321         2
     366       -0.00021793      a_ia       366                           -0.00130758         6
     441        0.00020954      a_ia       441                            0.00083816         4

  ==> Add operator: a_ia 424
  ==> Current qubit order: 0  1  2  3  4  5  6  7  8  9  10  11  12  13  14  15  17  18  19  22  23  24  25  26  27  29  30  32  33  35  40  41  34  36  45  55  54  53  44  47  46  56  57  37  28  52  39  51  21  79  42  43  49  48  31  58  20  66  16  38  91  59  60  61  62  63  65  67  64  68  69  70  71  72  73  74  75  76  77  50  78  80  81  82  83  84  85  86  87  88  89  90  92  93  94  95  


  ==> Energy                -256.158127845
  ==> dE                       -1.03e-05
  ==> Gradient Norm             2.80e-01
  ==> Abs. Max. Deriv.          2.84e-02
  ==> Time-Grad. (s)              66.179
  ==> Time-Energy (s)              1.999
  ==> Time-Iter. (s)              69.224

--------------------------------------------------------------------------------
CEO-ADAPT-VQE iteration: 53
--------------------------------------------------------------------------------
    gate        derivative      name       op1       op2       op3        g_unscaled   penalty
     389        0.00083877      a_ia       389                            0.00167754         2
     382        0.00054541      a_ia       382                            0.00436329         8
   97862       -0.00046684        op     41751     41752                 -0.02567596        55
     356       -0.00039445      a_ia       356                           -0.01341143        34
   97863       -0.00038889        om     41751     41752                 -0.02138907        55
   41751       -0.00033144    a_iajb     41751                           -0.02353251        71
     230       -0.00027608      a_ia       230                           -0.00055215         2
     384        0.00027488      a_ia       384                            0.00549765        20
     299        0.00025741      a_ia       299                            0.00411864        16
     193       -0.00024663      a_ia       193                           -0.00049326         2

  ==> Add operator: a_ia 389
  ==> Current qubit order: 0  1  2  3  4  5  6  7  8  9  10  11  12  13  14  15  17  18  19  22  23  24  25  26  27  29  30  32  33  35  40  41  34  36  45  55  54  53  44  47  46  56  57  37  28  52  39  51  21  79  42  43  49  48  31  58  20  66  16  38  91  59  60  61  62  63  65  67  64  68  69  70  71  72  73  74  75  76  77  50  78  80  81  82  83  84  85  86  87  88  89  90  92  93  94  95  


  ==> Energy                -256.158130156
  ==> dE                       -2.31e-06
  ==> Gradient Norm             2.64e-01
  ==> Abs. Max. Deriv.          2.57e-02
  ==> Time-Grad. (s)              58.344
  ==> Time-Energy (s)              2.147
  ==> Time-Iter. (s)              61.535

--------------------------------------------------------------------------------
CEO-ADAPT-VQE iteration: 54
--------------------------------------------------------------------------------
    gate        derivative      name       op1       op2       op3        g_unscaled   penalty
     201        0.00225520      a_ia       201                            0.00451040         2
     404        0.00104720      a_ia       404                            0.00209439         2
     371       -0.00038472      a_ia       371                           -0.01308033        34
     397        0.00035263      a_ia       397                            0.00282107         8
     196       -0.00027860      a_ia       196                           -0.00055720         2
     482        0.00025683      a_ia       482                            0.00051366         2
     399        0.00025314      a_ia       399                            0.00506290        20
   91288       -0.00024893        op     36454     36455                 -0.03659231       147
     313        0.00023911      a_ia       313                            0.00382575        16
     454       -0.00023306      a_ia       454                           -0.00186452         8

  ==> Add operator: a_ia 201
  ==> Current qubit order: 0  1  2  3  4  5  6  7  8  9  10  11  12  13  14  15  17  18  19  22  23  24  25  26  27  29  30  32  33  35  40  41  34  36  45  55  54  53  44  47  46  56  57  37  28  52  39  51  21  79  42  43  49  48  31  58  20  66  16  38  91  59  60  61  62  63  65  67  64  68  69  70  71  72  73  74  75  76  77  50  78  80  81  82  83  84  85  86  87  88  89  90  92  93  94  95  


  ==> Energy                -256.158679527
  ==> dE                       -4.19e-06
  ==> Gradient Norm             2.76e-01
  ==> Abs. Max. Deriv.          3.66e-02
  ==> Time-Grad. (s)              66.826
  ==> Time-Energy (s)              2.252
  ==> Time-Iter. (s)              70.161

--------------------------------------------------------------------------------
CEO-ADAPT-VQE iteration: 55
--------------------------------------------------------------------------------
    gate        derivative      name       op1       op2       op3        g_unscaled   penalty
     407        0.00104189      a_ia       407                            0.00208378         2
   94974       -0.00045121        op     39406     39407                 -0.02481678        55
   94975       -0.00039231        om     39406     39407                 -0.02157693        55
     374       -0.00038473      a_ia       374                           -0.01308087        34
     400        0.00035233      a_ia       400                            0.00281866         8
   39406       -0.00032672    a_iajb     39406                           -0.02319685        71
     199       -0.00028190      a_ia       199                           -0.00056380         2
   97223        0.00027809        om     41153     41154                  0.02085693        75
   97222        0.00026942        op     41153     41154                  0.02020655        75
     485        0.00025727      a_ia       485                            0.00051454         2

  ==> Add operator: a_ia 407
  ==> Current qubit order: 0  1  2  3  4  5  6  7  8  9  10  11  12  13  14  15  17  18  19  22  23  24  25  26  27  29  30  32  33  35  40  41  34  36  45  55  54  53  44  47  46  56  57  37  28  52  39  51  21  79  42  43  49  48  31  58  20  66  16  38  91  59  60  61  62  63  65  67  64  68  69  70  71  72  73  74  75  76  77  50  78  80  81  82  83  84  85  86  87  88  89  90  92  93  94  95  


  ==> Energy                -256.158682319
  ==> dE                       -2.79e-06
  ==> Gradient Norm             2.63e-01
  ==> Abs. Max. Deriv.          3.06e-02
  ==> Time-Grad. (s)              78.565
  ==> Time-Energy (s)              3.085
  ==> Time-Iter. (s)              82.864

--------------------------------------------------------------------------------
CEO-ADAPT-VQE iteration: 56
--------------------------------------------------------------------------------
    gate        derivative      name       op1       op2       op3        g_unscaled   penalty
   94636       -0.00039967        op     39434     39435                 -0.05555360       139
   94637       -0.00039967        op     39434     39435                 -0.05555360       139
     379       -0.00038538      a_ia       379                           -0.01310299        34
     405        0.00036387      a_ia       405                            0.00291094         8
   39434       -0.00035841    a_iajb     39434                           -0.05555372       155
   94640       -0.00031350        op     39434     39436                 -0.04357600       139
   94641       -0.00031350        op     39434     39436                 -0.04357600       139
   93434        0.00031331        op     38535     38536                  0.01409906        45
   96220       -0.00030840        op     40649     40650                 -0.01511162        49
   93435        0.00029179        om     38535     38536                  0.01313044        45

  ==> Add operator: mvp2 -1: 39434 39436
  ==> Current qubit order: 0  1  2  3  4  5  6  7  8  9  10  11  12  13  14  15  17  18  19  22  23  24  25  26  27  29  30  32  33  35  40  41  34  36  45  55  54  53  44  47  46  56  57  37  28  52  21  79  42  43  49  48  58  20  66  16  38  91  39  51  31  87  59  60  61  62  63  65  67  64  68  69  70  71  72  73  74  75  76  77  50  78  80  81  82  83  84  85  86  88  89  90  92  93  94  95  


  ==> Energy                -256.159924652
  ==> dE                       -1.24e-03
  ==> Gradient Norm             2.75e-01
  ==> Abs. Max. Deriv.          5.56e-02
  ==> Time-Grad. (s)              86.449
  ==> Time-Energy (s)              3.878
  ==> Time-Iter. (s)              91.384

--------------------------------------------------------------------------------
CEO-ADAPT-VQE iteration: 57
--------------------------------------------------------------------------------
    gate        derivative      name       op1       op2       op3        g_unscaled   penalty
     352        0.00223972      a_ia       352                            0.00447943         2
     421        0.00053422      a_ia       421                            0.00427374         8
     482        0.00041818      a_ia       482                            0.00083637         2
     554       -0.00040264      a_ia       554                           -0.00080528         2
     411        0.00038350      a_ia       411                            0.00306803         8
     502        0.00036993      a_ia       502                            0.00073986         2
   94378       -0.00030345        op     39176     39177                 -0.01122769        37
     203       -0.00030165      a_ia       203                           -0.00060329         2
     507       -0.00027865      a_ia       507                           -0.00111458         4
     437       -0.00027751      a_ia       437                           -0.00166509         6

  ==> Add operator: a_ia 352
  ==> Current qubit order: 0  1  2  3  4  5  6  7  8  9  10  11  12  13  14  15  17  18  19  22  23  24  25  26  27  29  30  32  33  35  40  41  34  36  45  55  54  53  44  47  46  56  57  37  28  52  21  79  42  43  49  48  58  20  66  16  38  91  39  51  31  87  59  60  61  62  63  65  67  64  68  69  70  71  72  73  74  75  76  77  50  78  80  81  82  83  84  85  86  88  89  90  92  93  94  95  


  ==> Energy                -256.159928328
  ==> dE                       -3.68e-06
  ==> Gradient Norm             2.65e-01
  ==> Abs. Max. Deriv.          2.87e-02
  ==> Time-Grad. (s)              88.982
  ==> Time-Energy (s)              3.217
  ==> Time-Iter. (s)              93.231

--------------------------------------------------------------------------------
CEO-ADAPT-VQE iteration: 58
--------------------------------------------------------------------------------
    gate        derivative      name       op1       op2       op3        g_unscaled   penalty
     359        0.00055513      a_ia       359                            0.00111025         2
     431        0.00053719      a_ia       431                            0.00429749         8
     492        0.00041820      a_ia       492                            0.00083640         2
     565       -0.00040194      a_ia       565                           -0.00080387         2
     421        0.00038631      a_ia       421                            0.00309046         8
     513        0.00037032      a_ia       513                            0.00074065         2
   95729        0.00035566        op     40161     40162                  0.02098406        59
   95730        0.00035386        om     40161     40162                  0.02087778        59
   94128       -0.00035279        om     38946     38947                 -0.02716496        77
   94127       -0.00032986        op     38946     38947                 -0.02539895        77

  ==> Add operator: a_ia 359
  ==> Current qubit order: 0  1  2  3  4  5  6  7  8  9  10  11  12  13  14  15  17  18  19  22  23  24  25  26  27  29  30  32  33  35  40  41  34  36  45  55  54  53  44  47  46  56  57  37  28  52  21  79  42  43  49  48  58  20  66  16  38  91  39  51  31  87  59  60  61  62  63  65  67  64  68  69  70  71  72  73  74  75  76  77  50  78  80  81  82  83  84  85  86  88  89  90  92  93  94  95  


  ==> Energy                -256.159928794
  ==> dE                       -4.67e-07
  ==> Gradient Norm             2.66e-01
  ==> Abs. Max. Deriv.          3.16e-02
  ==> Time-Grad. (s)              69.053
  ==> Time-Energy (s)              2.591
  ==> Time-Iter. (s)              72.917

--------------------------------------------------------------------------------
CEO-ADAPT-VQE iteration: 59
--------------------------------------------------------------------------------
    gate        derivative      name       op1       op2       op3        g_unscaled   penalty
     435        0.00053869      a_ia       435                            0.00430950         8
     496        0.00041821      a_ia       496                            0.00083642         2
     569       -0.00040159      a_ia       569                           -0.00080318         2
     424        0.00038773      a_ia       424                            0.00310181         8
     517        0.00037051      a_ia       517                            0.00074103         2
     209       -0.00030161      a_ia       209                           -0.00060321         2
     362       -0.00029524      a_ia       362                           -0.00059047         2
     451       -0.00029279      a_ia       451                           -0.00175674         6
   96507       -0.00029220        op     40749     40750                 -0.03126560       107
   96508       -0.00029220        op     40749     40750                 -0.03126560       107

  ==> Add operator: a_ia 435
  ==> Current qubit order: 0  1  2  3  4  5  6  7  8  9  10  11  12  13  14  15  17  18  19  22  23  24  25  26  27  29  30  32  33  35  40  41  34  36  45  55  54  53  44  47  46  56  57  37  28  52  21  79  42  43  49  48  58  20  66  16  38  91  51  31  87  39  59  60  61  62  63  65  67  64  68  69  70  71  72  73  74  75  76  77  50  78  80  81  82  83  84  85  86  88  89  90  92  93  94  95  


  ==> Energy                -256.159935611
  ==> dE                       -6.82e-06
  ==> Gradient Norm             2.80e-01
  ==> Abs. Max. Deriv.          4.16e-02
  ==> Time-Grad. (s)              75.738
  ==> Time-Energy (s)              2.091
  ==> Time-Iter. (s)              78.814

--------------------------------------------------------------------------------
CEO-ADAPT-VQE iteration: 60
--------------------------------------------------------------------------------
    gate        derivative      name       op1       op2       op3        g_unscaled   penalty
     448       -0.00076202      a_ia       448                           -0.00152405         2
     533       -0.00055384      a_ia       533                           -0.00110769         2
     507        0.00041815      a_ia       507                            0.00083629         2
     433        0.00037770      a_ia       433                            0.00302159         8
     528        0.00037266      a_ia       528                            0.00074532         2
     212       -0.00030184      a_ia       212                           -0.00060367         2
   98477        0.00028844        om     42284     42285                  0.00894159        31
     462       -0.00028450      a_ia       462                           -0.00170703         6
   93888       -0.00027520        op     38755     38756                 -0.02284197        83
   98476        0.00026685        op     42284     42285                  0.00827233        31

  ==> Add operator: a_ia 448
  ==> Current qubit order: 0  1  2  3  4  5  6  7  8  9  10  11  12  13  14  15  17  18  19  22  23  24  25  26  27  29  30  32  33  35  40  41  34  36  45  55  54  53  44  47  46  56  57  37  28  52  21  79  42  43  49  48  58  20  66  16  38  91  51  31  87  39  59  60  61  62  63  65  67  64  68  69  70  71  72  73  74  75  76  77  50  78  80  81  82  83  84  85  86  88  89  90  92  93  94  95  


  ==> Energy                -256.159936066
  ==> dE                       -4.55e-07
  ==> Gradient Norm             2.73e-01
  ==> Abs. Max. Deriv.          2.50e-02
  ==> Time-Grad. (s)              68.292
  ==> Time-Energy (s)              2.021
  ==> Time-Iter. (s)              71.328

--------------------------------------------------------------------------------
CEO-ADAPT-VQE iteration: 61
--------------------------------------------------------------------------------
    gate        derivative      name       op1       op2       op3        g_unscaled   penalty
     536       -0.00055056      a_ia       536                           -0.00110111         2
   96882        0.00050026        op     40775     40776                  0.03251718        65
     509        0.00041814      a_ia       509                            0.00083629         2
   96883        0.00040724        om     40775     40776                  0.02647035        65
     435        0.00037772      a_ia       435                            0.00302174         8
     531        0.00037266      a_ia       531                            0.00074532         2
   40775        0.00036412    a_iajb     40775                            0.02949376        81
   96820        0.00033342        op     40731     40732                  0.03900996       117
     212       -0.00030182      a_ia       212                           -0.00060364         2
     464       -0.00028503      a_ia       464                           -0.00171017         6

  ==> Add operator: a_ia 536
  ==> Current qubit order: 0  1  2  3  4  5  6  7  8  9  10  11  12  13  14  15  17  18  19  22  23  24  25  26  27  29  30  32  33  35  40  41  34  36  45  55  54  53  44  47  46  56  57  37  28  52  21  79  42  43  49  48  58  20  66  16  38  91  51  31  87  39  59  60  61  62  63  65  67  64  68  69  70  71  72  73  74  75  76  77  50  78  80  81  82  83  84  85  86  88  89  90  92  93  94  95  


  ==> Energy                -256.159943798
  ==> dE                       -7.73e-06
  ==> Gradient Norm             2.67e-01
  ==> Abs. Max. Deriv.          3.90e-02
  ==> Time-Grad. (s)             121.871
  ==> Time-Energy (s)              3.138
  ==> Time-Iter. (s)             126.039

--------------------------------------------------------------------------------
CEO-ADAPT-VQE iteration: 62
--------------------------------------------------------------------------------
    gate        derivative      name       op1       op2       op3        g_unscaled   penalty
   94648       -0.00046343        op     39350     39352                 -0.02085437        45
   94649       -0.00046343        op     39350     39352                 -0.02085437        45
   94644       -0.00043439        op     39350     39351                 -0.01954737        45
   94645       -0.00043439        op     39350     39351                 -0.01954737        45
     519        0.00041819      a_ia       519                            0.00083639         2
   93975       -0.00039125        om     38833     38834                 -0.03090864        79
     444        0.00037787      a_ia       444                            0.00302300         8
     541        0.00037189      a_ia       541                            0.00074379         2
   93974       -0.00034721        op     38833     38834                 -0.02742944        79
   39350       -0.00032044    a_iajb     39350                           -0.01954700        61

  ==> Add operator: mvp2 -1: 39350 39352
  ==> Current qubit order: 0  1  2  3  4  5  6  7  8  9  10  11  12  13  14  15  17  18  19  22  23  24  25  26  27  29  30  32  33  35  40  41  34  36  45  55  54  53  44  47  46  56  57  37  28  52  21  79  42  43  49  48  58  20  66  16  38  91  51  31  87  39  67  59  60  61  62  63  65  64  68  69  70  71  72  73  74  75  76  77  50  78  80  81  82  83  84  85  86  88  89  90  92  93  94  95  


  ==> Energy                -256.160526644
  ==> dE                       -5.83e-04
  ==> Gradient Norm             2.70e-01
  ==> Abs. Max. Deriv.          3.09e-02
  ==> Time-Grad. (s)              68.966
  ==> Time-Energy (s)              4.588
  ==> Time-Iter. (s)              74.593

--------------------------------------------------------------------------------
CEO-ADAPT-VQE iteration: 63
--------------------------------------------------------------------------------
    gate        derivative      name       op1       op2       op3        g_unscaled   penalty
   97422       -0.00050487        op     41628     41629                 -0.02574851        51
     472        0.00043815      a_ia       472                            0.00087630         2
   89134        0.00042383        op     35257     35258                  0.02161531        51
   89135        0.00042344        om     35257     35258                  0.02159558        51
     532        0.00042035      a_ia       532                            0.00084070         2
   97423       -0.00041223        om     41628     41629                 -0.02102391        51
     456        0.00037734      a_ia       456                            0.00301873         8
     554        0.00035767      a_ia       554                            0.00071534         2
   41628       -0.00034905    a_iajb     41628                           -0.02338621        67
     217       -0.00033481      a_ia       217                           -0.00066962         2

  ==> Add operator: mvp2 -1: 41628 41629
  ==> Current qubit order: 0  1  2  3  4  5  6  7  8  9  10  11  12  13  14  15  17  18  19  22  23  24  25  26  27  29  30  32  33  35  40  41  34  36  45  55  54  44  46  56  53  47  52  42  57  37  28  21  79  43  49  48  58  20  66  16  38  91  51  31  87  39  67  59  60  61  62  63  65  64  68  69  70  71  72  73  74  75  76  77  50  78  80  81  82  83  84  85  86  88  89  90  92  93  94  95  


  ==> Energy                -256.161563885
  ==> dE                       -1.04e-03
  ==> Gradient Norm             2.77e-01
  ==> Abs. Max. Deriv.          2.57e-02
  ==> Time-Grad. (s)             122.751
  ==> Time-Energy (s)              4.497
  ==> Time-Iter. (s)             128.299

--------------------------------------------------------------------------------
CEO-ADAPT-VQE iteration: 64
--------------------------------------------------------------------------------
    gate        derivative      name       op1       op2       op3        g_unscaled   penalty
     489       -0.00074908      a_ia       489                           -0.00149816         2
     475        0.00043643      a_ia       475                            0.00087286         2
     536        0.00041243      a_ia       536                            0.00082487         2
     459        0.00038068      a_ia       459                            0.00304543         8
     558        0.00036468      a_ia       558                            0.00072937         2
     217       -0.00036185      a_ia       217                           -0.00072370         2
   94149       -0.00028184        op     39271     39272                 -0.02790188        99
   94150       -0.00028184        op     39271     39272                 -0.02790188        99
     450       -0.00027554      a_ia       450                           -0.00275543        10
     608       -0.00026444      a_ia       608                           -0.00052887         2

  ==> Add operator: a_ia 489
  ==> Current qubit order: 0  1  2  3  4  5  6  7  8  9  10  11  12  13  14  15  17  18  19  22  23  24  25  26  27  29  30  32  33  35  40  41  34  36  45  55  54  44  46  56  53  47  52  42  57  37  28  21  79  43  49  48  58  20  66  16  38  91  51  31  87  39  67  59  60  61  62  63  65  64  68  69  70  71  72  73  74  75  76  77  50  78  80  81  82  83  84  85  86  88  89  90  92  93  94  95  


  ==> Energy                -256.161565120
  ==> dE                       -1.24e-06
  ==> Gradient Norm             2.88e-01
  ==> Abs. Max. Deriv.          4.27e-02
  ==> Time-Grad. (s)             124.098
  ==> Time-Energy (s)              2.133
  ==> Time-Iter. (s)             127.275

--------------------------------------------------------------------------------
CEO-ADAPT-VQE iteration: 65
--------------------------------------------------------------------------------
    gate        derivative      name       op1       op2       op3        g_unscaled   penalty
   95478        0.00064046        op     40050     40051                  0.02369688        37
   95479        0.00063813        om     40050     40051                  0.02361098        37
   40050        0.00044630    a_iajb     40050                            0.02365393        53
     480        0.00043245      a_ia       480                            0.00086491         2
     542        0.00041127      a_ia       542                            0.00082253         2
     464        0.00037865      a_ia       464                            0.00302919         8
     565        0.00036467      a_ia       565                            0.00072934         2
     220       -0.00036185      a_ia       220                           -0.00072371         2
     455       -0.00028445      a_ia       455                           -0.00284447        10
     615       -0.00026448      a_ia       615                           -0.00052896         2

  ==> Add operator: mvp2 -1: 40050 40051
  ==> Current qubit order: 0  1  2  3  4  5  6  7  8  9  10  11  12  13  14  15  17  18  19  22  23  24  25  26  27  29  30  32  33  40  41  35  34  55  54  36  45  44  46  56  53  47  52  42  57  37  28  21  79  43  49  48  58  20  66  16  38  91  51  31  87  39  67  59  60  61  62  63  65  64  68  69  70  71  72  73  74  75  76  77  50  78  80  81  82  83  84  85  86  88  89  90  92  93  94  95  


  ==> Energy                -256.161706698
  ==> dE                       -1.42e-04
  ==> Gradient Norm             2.54e-01
  ==> Abs. Max. Deriv.          2.37e-02
  ==> Time-Grad. (s)             133.714
  ==> Time-Energy (s)              5.298
  ==> Time-Iter. (s)             140.042

--------------------------------------------------------------------------------
CEO-ADAPT-VQE iteration: 66
--------------------------------------------------------------------------------
    gate        derivative      name       op1       op2       op3        g_unscaled   penalty
     448       -0.00059101      a_ia       448                           -0.00118201         2
     482        0.00043185      a_ia       482                            0.00086370         2
     545        0.00041669      a_ia       545                            0.00083338         2
     466        0.00037852      a_ia       466                            0.00302817         8
     568        0.00036477      a_ia       568                            0.00072955         2
     221       -0.00036221      a_ia       221                           -0.00072443         2
   93707       -0.00033845        op     38615     38616                 -0.03147574        93
   93708       -0.00031749        om     38615     38616                 -0.02952629        93
     457       -0.00028432      a_ia       457                           -0.00284316        10
   38615       -0.00027983    a_iajb     38615                           -0.03050102       109

  ==> Add operator: a_ia 448
  ==> Current qubit order: 0  1  2  3  4  5  6  7  8  9  10  11  12  13  14  15  17  18  19  22  23  24  25  26  27  29  30  32  33  40  41  35  34  55  54  36  45  44  46  56  53  47  52  42  57  37  28  21  79  43  49  48  58  20  66  16  38  91  51  31  87  39  67  59  60  61  62  63  65  64  68  69  70  71  72  73  74  75  76  77  50  78  80  81  82  83  84  85  86  88  89  90  92  93  94  95  


  ==> Energy                -256.161707074
  ==> dE                       -3.76e-07
  ==> Gradient Norm             2.76e-01
  ==> Abs. Max. Deriv.          3.67e-02
  ==> Time-Grad. (s)              80.529
  ==> Time-Energy (s)              2.385
  ==> Time-Iter. (s)              83.946

--------------------------------------------------------------------------------
CEO-ADAPT-VQE iteration: 67
--------------------------------------------------------------------------------
    gate        derivative      name       op1       op2       op3        g_unscaled   penalty
     487        0.00043104      a_ia       487                            0.00086208         2
     550        0.00041729      a_ia       550                            0.00083458         2
     471        0.00037869      a_ia       471                            0.00302949         8
     573        0.00036461      a_ia       573                            0.00072922         2
     223       -0.00036222      a_ia       223                           -0.00072444         2
     462       -0.00028677      a_ia       462                           -0.00286771        10
     624       -0.00026443      a_ia       624                           -0.00052885         2
     373        0.00026327      a_ia       373                            0.00421239        16
     584       -0.00025591      a_ia       584                           -0.00358281        14
     452        0.00023651      a_ia       452                            0.00378413        16

  ==> Add operator: a_ia 487
  ==> Current qubit order: 0  1  2  3  4  5  6  7  8  9  10  11  12  13  14  15  17  18  19  22  23  24  25  26  27  29  30  32  33  40  41  35  34  55  54  36  45  44  46  56  53  47  52  42  57  37  28  21  79  43  49  48  58  20  66  16  38  91  51  31  87  39  67  59  60  61  62  63  65  64  68  69  70  71  72  73  74  75  76  77  50  78  80  81  82  83  84  85  86  88  89  90  92  93  94  95  


  ==> Energy                -256.161707189
  ==> dE                       -1.15e-07
  ==> Gradient Norm             2.77e-01
  ==> Abs. Max. Deriv.          2.62e-02
  ==> Time-Grad. (s)              70.626
  ==> Time-Energy (s)              2.337
  ==> Time-Iter. (s)              73.983

--------------------------------------------------------------------------------
CEO-ADAPT-VQE iteration: 68
--------------------------------------------------------------------------------
    gate        derivative      name       op1       op2       op3        g_unscaled   penalty
     555        0.00041729      a_ia       555                            0.00083458         2
     476        0.00037868      a_ia       476                            0.00302942         8
     579        0.00036463      a_ia       579                            0.00072926         2
     226       -0.00036223      a_ia       226                           -0.00072446         2
   93957       -0.00030147        op     38607     38608                 -0.02019875        67
     467       -0.00028694      a_ia       467                           -0.00286937        10
   93958       -0.00028309        om     38607     38608                 -0.01896711        67
     630       -0.00026437      a_ia       630                           -0.00052873         2
     378        0.00026328      a_ia       378                            0.00421252        16
     590       -0.00025591      a_ia       590                           -0.00358280        14

  ==> Add operator: a_ia 555
  ==> Current qubit order: 0  1  2  3  4  5  6  7  8  9  10  11  12  13  14  15  17  18  19  22  23  24  25  26  27  29  30  32  33  40  41  35  34  55  54  36  45  44  46  56  53  47  52  42  57  37  28  21  79  43  49  48  58  20  66  16  38  91  51  31  87  39  67  59  60  61  62  63  65  64  68  69  70  71  72  73  74  75  76  77  50  78  80  81  82  83  84  85  86  88  89  90  92  93  94  95  


  ==> Energy                -256.161718608
  ==> dE                       -1.14e-05
  ==> Gradient Norm             2.74e-01
  ==> Abs. Max. Deriv.          2.53e-02
  ==> Time-Grad. (s)             116.631
  ==> Time-Energy (s)              2.913
  ==> Time-Iter. (s)             120.607

--------------------------------------------------------------------------------
CEO-ADAPT-VQE iteration: 69
--------------------------------------------------------------------------------
    gate        derivative      name       op1       op2       op3        g_unscaled   penalty
     483        0.00037725      a_ia       483                            0.00301803         8
     230       -0.00036231      a_ia       230                           -0.00072462         2
     587        0.00036193      a_ia       587                            0.00072385         2
     379        0.00032267      a_ia       379                            0.00451732        14
   93555       -0.00030896        om     38471     38472                 -0.01513902        49
   93554       -0.00030575        op     38471     38472                 -0.01498162        49
   94696        0.00029645        op     39346     39347                  0.02164061        73
   94697        0.00029645        op     39346     39347                  0.02164061        73
   94700        0.00029645        op     39346     39348                  0.02164061        73
   94701        0.00029645        op     39346     39348                  0.02164061        73

  ==> Add operator: a_ia 483
  ==> Current qubit order: 0  1  2  3  4  5  6  7  8  9  10  11  12  13  14  15  17  18  19  22  23  24  25  26  27  29  30  32  33  40  41  35  34  55  54  36  45  44  46  56  53  47  52  42  57  37  28  21  79  43  49  48  20  66  16  58  38  91  51  31  87  39  67  59  60  61  62  63  65  64  68  69  70  71  72  73  74  75  76  77  50  78  80  81  82  83  84  85  86  88  89  90  92  93  94  95  


  ==> Energy                -256.161722534
  ==> dE                       -3.93e-06
  ==> Gradient Norm             2.76e-01
  ==> Abs. Max. Deriv.          3.67e-02
  ==> Time-Grad. (s)              70.134
  ==> Time-Energy (s)              2.746
  ==> Time-Iter. (s)              73.926

--------------------------------------------------------------------------------
CEO-ADAPT-VQE iteration: 70
--------------------------------------------------------------------------------
    gate        derivative      name       op1       op2       op3        g_unscaled   penalty
     592        0.00036620      a_ia       592                            0.00073240         2
   93538        0.00036614        op     38460     38461                  0.02599566        71
   93539        0.00033371        om     38460     38461                  0.02369330        71
     380        0.00032263      a_ia       380                            0.00451688        14
     476       -0.00029068      a_ia       476                           -0.00290677        10
   38460        0.00028557    a_iajb     38460                            0.02484448        87
     644       -0.00026441      a_ia       644                           -0.00052882         2
     385        0.00026246      a_ia       385                            0.00419938        16
   88609       -0.00025602        om     34760     34761                 -0.03251429       127
     603       -0.00025557      a_ia       603                           -0.00357805        14

  ==> Add operator: a_ia 592
  ==> Current qubit order: 0  1  2  3  4  5  6  7  8  9  10  11  12  13  14  15  17  18  19  22  23  24  25  26  27  29  30  32  33  40  41  35  34  55  54  36  45  44  46  56  53  47  52  42  57  37  28  21  79  43  49  48  20  66  16  58  38  91  51  31  87  39  67  59  60  61  62  63  65  64  68  69  70  71  72  73  74  75  76  77  50  78  80  81  82  83  84  85  86  88  89  90  92  93  94  95  


  ==> Energy                -256.161726264
  ==> dE                       -3.73e-06
  ==> Gradient Norm             2.73e-01
  ==> Abs. Max. Deriv.          3.32e-02
  ==> Time-Grad. (s)             125.706
  ==> Time-Energy (s)              2.289
  ==> Time-Iter. (s)             129.032

--------------------------------------------------------------------------------
CEO-ADAPT-VQE iteration: 71
--------------------------------------------------------------------------------
    gate        derivative      name       op1       op2       op3        g_unscaled   penalty
     386        0.00032268      a_ia       386                            0.00451757        14
     482       -0.00029151      a_ia       482                           -0.00291512        10
     651       -0.00026505      a_ia       651                           -0.00053010         2
     391        0.00026207      a_ia       391                            0.00419315        16
     609       -0.00025558      a_ia       609                           -0.00357813        14
     471        0.00023733      a_ia       471                            0.00379732        16
     291       -0.00023386      a_ia       291                           -0.00046773         2
   92722       -0.00023322        op     38232     38233                 -0.02402199       103
     526       -0.00022966      a_ia       526                           -0.00183724         8
     455       -0.00022849      a_ia       455                           -0.01370945        60

  ==> Add operator: a_ia 386
  ==> Current qubit order: 0  1  2  3  4  5  6  7  8  9  10  11  12  13  14  15  17  18  19  22  23  24  25  26  27  29  30  32  33  40  41  35  34  55  54  36  45  44  46  53  47  52  42  57  37  56  28  21  79  43  49  48  20  66  16  58  38  91  51  31  87  39  67  59  60  61  62  63  65  64  68  69  70  71  72  73  74  75  76  77  50  78  80  81  82  83  84  85  86  88  89  90  92  93  94  95  


  ==> Energy                -256.161732986
  ==> dE                       -6.72e-06
  ==> Gradient Norm             2.67e-01
  ==> Abs. Max. Deriv.          2.50e-02
  ==> Time-Grad. (s)              68.284
  ==> Time-Energy (s)              3.255
  ==> Time-Iter. (s)              72.987

--------------------------------------------------------------------------------
CEO-ADAPT-VQE iteration: 72
--------------------------------------------------------------------------------
    gate        derivative      name       op1       op2       op3        g_unscaled   penalty
   97324        0.00046570        om     41557     41558                  0.02747605        59
   95293        0.00040966        op     39992     39993                  0.02089272        51
   97323        0.00040843        op     41557     41558                  0.02409759        59
   95294        0.00040313        om     39992     39993                  0.02055952        51
   41557        0.00034382    a_iajb     41557                            0.02578682        75
   96199        0.00034301        op     40685     40686                  0.01680760        49
   96200        0.00032631        om     40685     40686                  0.01598922        49
   39992        0.00030935    a_iajb     39992                            0.02072612        67
     530       -0.00029888      a_ia       530                           -0.00179327         6
     614       -0.00029824      a_ia       614                           -0.00357891        12

  ==> Add operator: mvp2 -1: 41557 41558
  ==> Current qubit order: 0  1  2  3  4  5  6  7  8  9  10  11  12  13  14  15  17  18  19  22  23  24  25  26  27  29  30  32  33  40  41  35  34  54  36  45  44  46  53  47  55  52  42  43  57  37  56  28  21  79  49  48  20  66  16  58  38  91  51  31  87  39  67  59  60  61  62  63  65  64  68  69  70  71  72  73  74  75  76  77  50  78  80  81  82  83  84  85  86  88  89  90  92  93  94  95  


  ==> Energy                -256.162466790
  ==> dE                       -7.34e-04
  ==> Gradient Norm             2.73e-01
  ==> Abs. Max. Deriv.          2.75e-02
  ==> Time-Grad. (s)              84.235
  ==> Time-Energy (s)              3.977
  ==> Time-Iter. (s)              89.263

--------------------------------------------------------------------------------
CEO-ADAPT-VQE iteration: 73
--------------------------------------------------------------------------------
    gate        derivative      name       op1       op2       op3        g_unscaled   penalty
     572       -0.00127658      a_ia       572                           -0.00255316         2
     489        0.00052244      a_ia       489                            0.00208975         4
     619       -0.00041249      a_ia       619                           -0.00164997         4
   96266       -0.00033378        op     40883     40884                 -0.02102791        63
     491       -0.00029569      a_ia       491                           -0.00295689        10
   96267       -0.00028440        om     40883     40884                 -0.01791695        63
     663       -0.00026500      a_ia       663                           -0.00052999         2
   94205        0.00026056        om     39298     39299                  0.02006345        77
   94204        0.00025916        op     39298     39299                  0.01995517        77
     551       -0.00025483      a_ia       551                           -0.00203865         8

  ==> Add operator: a_ia 572
  ==> Current qubit order: 0  1  2  3  4  5  6  7  8  9  10  11  12  13  14  15  17  18  19  22  23  24  25  26  27  29  30  32  33  40  41  35  34  54  36  45  44  46  53  47  55  52  42  43  57  37  56  28  21  79  49  48  20  66  16  58  38  91  51  31  87  39  67  59  60  61  62  63  65  64  68  69  70  71  72  73  74  75  76  77  50  78  80  81  82  83  84  85  86  88  89  90  92  93  94  95  


  ==> Energy                -256.162469914
  ==> dE                       -3.12e-06
  ==> Gradient Norm             2.82e-01
  ==> Abs. Max. Deriv.          2.56e-02
  ==> Time-Grad. (s)              92.761
  ==> Time-Energy (s)              2.836
  ==> Time-Iter. (s)              96.634

--------------------------------------------------------------------------------
CEO-ADAPT-VQE iteration: 74
--------------------------------------------------------------------------------
    gate        derivative      name       op1       op2       op3        g_unscaled   penalty
     505        0.00052269      a_ia       505                            0.00209077         4
     636       -0.00041280      a_ia       636                           -0.00165119         4
     507       -0.00029429      a_ia       507                           -0.00294289        10
     681       -0.00026495      a_ia       681                           -0.00052989         2
     568       -0.00025554      a_ia       568                           -0.00204430         8
     308       -0.00025159      a_ia       308                           -0.00050318         2
     407       -0.00025030      a_ia       407                           -0.00400478        16
     552       -0.00024887      a_ia       552                           -0.00199095         8
     478       -0.00022896      a_ia       478                           -0.01373736        60
     494        0.00022624      a_ia       494                            0.00361981        16

  ==> Add operator: a_ia 505
  ==> Current qubit order: 0  1  2  3  4  5  6  7  8  9  10  11  12  13  14  15  17  18  19  22  23  24  25  26  27  29  30  32  33  40  41  35  34  54  36  45  44  46  53  47  55  52  42  57  43  37  56  28  21  79  49  48  20  66  16  58  38  91  51  31  87  39  67  59  60  61  62  63  65  64  68  69  70  71  72  73  74  75  76  77  50  78  80  81  82  83  84  85  86  88  89  90  92  93  94  95  


  ==> Energy                -256.162584918
  ==> dE                       -1.15e-04
  ==> Gradient Norm             2.73e-01
  ==> Abs. Max. Deriv.          2.43e-02
  ==> Time-Grad. (s)              71.345
  ==> Time-Energy (s)              2.046
  ==> Time-Iter. (s)              74.428

--------------------------------------------------------------------------------
CEO-ADAPT-VQE iteration: 75
--------------------------------------------------------------------------------
    gate        derivative      name       op1       op2       op3        g_unscaled   penalty
     645       -0.00046678      a_ia       645                           -0.00186712         4
     636       -0.00045042      a_ia       636                           -0.00360339         8
   92394        0.00036624        om     38262     38263                  0.01721306        47
   96584       -0.00035571        om     41432     41433                 -0.01316113        37
   96583       -0.00033958        op     41432     41433                 -0.01256462        37
   92393        0.00033698        op     38262     38263                  0.01583785        47
     512       -0.00026617      a_ia       512                           -0.00266172        10
     690       -0.00026467      a_ia       690                           -0.00052933         2
   38262        0.00026231    a_iajb     38262                            0.01652545        63
     312       -0.00025563      a_ia       312                           -0.00051125         2

  ==> Add operator: a_ia 645
  ==> Current qubit order: 0  1  2  3  4  5  6  7  8  9  10  11  12  13  14  15  17  18  19  22  23  24  25  26  27  29  30  32  33  40  41  35  34  54  36  45  44  46  47  53  55  52  42  57  43  37  56  28  21  79  49  48  20  66  16  58  38  91  51  31  87  39  67  59  60  61  62  63  65  64  68  69  70  71  72  73  74  75  76  77  50  78  80  81  82  83  84  85  86  88  89  90  92  93  94  95  


  ==> Energy                -256.163324597
  ==> dE                       -7.40e-04
  ==> Gradient Norm             2.72e-01
  ==> Abs. Max. Deriv.          2.43e-02
  ==> Time-Grad. (s)              69.251
  ==> Time-Energy (s)            383.339
  ==> Time-Iter. (s)             453.582

--------------------------------------------------------------------------------
CEO-ADAPT-VQE iteration: 76
--------------------------------------------------------------------------------
    gate        derivative      name       op1       op2       op3        g_unscaled   penalty
     563       -0.00211006      a_ia       563                           -0.00422013         2
     527        0.00209576      a_ia       527                            0.00419152         2
     414        0.00182816      a_ia       414                            0.00365633         2
     604        0.00146907      a_ia       604                            0.00587626         4
     515        0.00099536      a_ia       515                            0.00199071         2
     539        0.00091030      a_ia       539                            0.00364121         4
     449        0.00090639      a_ia       449                            0.00181277         2
     262        0.00088776      a_ia       262                            0.00177551         2
     544        0.00087658      a_ia       544                            0.00175316         2
     647       -0.00074347      a_ia       647                           -0.00148694         2

  ==> Add operator: a_ia 563
  ==> Current qubit order: 0  1  2  3  4  5  6  7  8  9  10  11  12  13  14  15  17  18  19  22  23  24  25  26  27  29  30  32  33  40  41  35  34  54  36  45  44  46  47  53  55  52  42  57  43  37  56  28  21  79  49  48  20  66  16  58  38  91  51  31  87  39  67  59  60  61  62  63  65  64  68  69  70  71  72  73  74  75  76  77  50  78  80  81  82  83  84  85  86  88  89  90  92  93  94  95  


  ==> Energy                -256.163332222
  ==> dE                       -7.62e-06
  ==> Gradient Norm             2.69e-01
  ==> Abs. Max. Deriv.          2.92e-02
  ==> Time-Grad. (s)             132.731
  ==> Time-Energy (s)              3.472
  ==> Time-Iter. (s)             137.388

--------------------------------------------------------------------------------
CEO-ADAPT-VQE iteration: 77
--------------------------------------------------------------------------------
    gate        derivative      name       op1       op2       op3        g_unscaled   penalty
     532        0.00207311      a_ia       532                            0.00414621         2
     418        0.00181749      a_ia       418                            0.00363499         2
     611        0.00143571      a_ia       611                            0.00574282         4
     454        0.00101910      a_ia       454                            0.00203820         2
     520        0.00099567      a_ia       520                            0.00199135         2
     265        0.00092248      a_ia       265                            0.00184495         2
     544        0.00089426      a_ia       544                            0.00357705         4
     549        0.00086548      a_ia       549                            0.00173097         2
     654       -0.00074319      a_ia       654                           -0.00148638         2
     588       -0.00060084      a_ia       588                           -0.00360506         6

  ==> Add operator: a_ia 532
  ==> Current qubit order: 0  1  2  3  4  5  6  7  8  9  10  11  12  13  14  15  17  18  19  22  23  24  25  26  27  29  30  32  33  40  41  35  34  54  36  45  44  46  47  53  55  52  42  57  43  37  56  28  21  79  49  48  20  66  16  58  38  91  51  31  87  39  67  59  60  61  62  63  65  64  68  69  70  71  72  73  74  75  76  77  50  78  80  81  82  83  84  85  86  88  89  90  92  93  94  95  


  ==> Energy                -256.163338856
  ==> dE                       -6.63e-06
  ==> Gradient Norm             2.82e-01
  ==> Abs. Max. Deriv.          4.53e-02
  ==> Time-Grad. (s)             125.605
  ==> Time-Energy (s)              3.047
  ==> Time-Iter. (s)             129.680

--------------------------------------------------------------------------------
CEO-ADAPT-VQE iteration: 78
--------------------------------------------------------------------------------
    gate        derivative      name       op1       op2       op3        g_unscaled   penalty
     421        0.00181719      a_ia       421                            0.00363437         2
     616        0.00143103      a_ia       616                            0.00572413         4
     457        0.00104732      a_ia       457                            0.00209463         2
     524        0.00099586      a_ia       524                            0.00199172         2
     266        0.00092081      a_ia       266                            0.00184162         2
     548        0.00087708      a_ia       548                            0.00350832         4
     553        0.00086527      a_ia       553                            0.00173054         2
     661       -0.00074336      a_ia       661                           -0.00148672         2
     593       -0.00060091      a_ia       593                           -0.00360546         6
   93107       -0.00039260        op     38547     38548                 -0.01923723        49

  ==> Add operator: a_ia 421
  ==> Current qubit order: 0  1  2  3  4  5  6  7  8  9  10  11  12  13  14  15  17  18  19  22  23  24  25  26  27  29  30  32  33  40  41  35  34  54  36  45  44  46  47  53  55  52  42  57  43  37  56  28  21  79  49  48  20  66  16  58  38  91  51  31  87  39  67  59  60  61  62  63  65  64  68  69  70  71  72  73  74  75  76  77  50  78  80  81  82  83  84  85  86  88  89  90  92  93  94  95  


  ==> Energy                -256.163343779
  ==> dE                       -4.92e-06
  ==> Gradient Norm             2.71e-01
  ==> Abs. Max. Deriv.          3.02e-02
  ==> Time-Grad. (s)             129.595
  ==> Time-Energy (s)              2.138
  ==> Time-Iter. (s)             132.761

--------------------------------------------------------------------------------
CEO-ADAPT-VQE iteration: 79
--------------------------------------------------------------------------------
    gate        derivative      name       op1       op2       op3        g_unscaled   penalty
     624        0.00143450      a_ia       624                            0.00573801         4
     464        0.00106692      a_ia       464                            0.00213384         2
     531        0.00099578      a_ia       531                            0.00199156         2
     271        0.00089848      a_ia       271                            0.00179696         2
     555        0.00087446      a_ia       555                            0.00349783         4
     560        0.00086594      a_ia       560                            0.00173189         2
     671       -0.00074338      a_ia       671                           -0.00148675         2
     600       -0.00060089      a_ia       600                           -0.00360532         6
     661        0.00037512      a_ia       661                            0.00075023         2
     727       -0.00037471      a_ia       727                           -0.00074942         2

  ==> Add operator: a_ia 624
  ==> Current qubit order: 0  1  2  3  4  5  6  7  8  9  10  11  12  13  14  15  17  18  19  22  23  24  25  26  27  29  30  32  33  40  41  35  34  54  36  45  44  46  53  47  55  52  42  57  43  37  56  28  21  79  49  48  20  66  16  58  38  91  51  31  87  39  67  59  60  61  62  63  65  64  68  69  70  71  72  73  74  75  76  77  50  78  80  81  82  83  84  85  86  88  89  90  92  93  94  95  


  ==> Energy                -256.163362713
  ==> dE                       -1.89e-05
  ==> Gradient Norm             2.74e-01
  ==> Abs. Max. Deriv.          3.49e-02
  ==> Time-Grad. (s)              87.547
  ==> Time-Energy (s)              2.576
  ==> Time-Iter. (s)              91.155

--------------------------------------------------------------------------------
CEO-ADAPT-VQE iteration: 80
--------------------------------------------------------------------------------
    gate        derivative      name       op1       op2       op3        g_unscaled   penalty
     472        0.00111556      a_ia       472                            0.00223112         2
     274        0.00099658      a_ia       274                            0.00199315         2
     540        0.00099256      a_ia       540                            0.00198512         2
     564        0.00086728      a_ia       564                            0.00346912         4
     569        0.00085527      a_ia       569                            0.00171053         2
     682       -0.00074248      a_ia       682                           -0.00148497         2
   95550        0.00072713        op     40177     40178                  0.03272101        45
   95551        0.00069620        om     40177     40178                  0.03132879        45
   40177        0.00052500    a_iajb     40177                            0.03202490        61
     609       -0.00044831      a_ia       609                           -0.00358647         8

  ==> Add operator: a_ia 472
  ==> Current qubit order: 0  1  2  3  4  5  6  7  8  9  10  11  12  13  14  15  17  18  19  22  23  24  25  26  27  29  30  32  33  40  41  35  34  54  36  45  44  46  53  47  55  52  42  57  43  37  56  28  21  79  49  48  20  66  16  58  38  91  51  31  87  39  67  59  60  61  62  63  65  64  68  69  70  71  72  73  74  75  76  77  50  78  80  81  82  83  84  85  86  88  89  90  92  93  94  95  


  ==> Energy                -256.163364067
  ==> dE                       -1.35e-06
  ==> Gradient Norm             2.76e-01
  ==> Abs. Max. Deriv.          3.51e-02
  ==> Time-Grad. (s)              69.320
  ==> Time-Energy (s)              2.467
  ==> Time-Iter. (s)              72.996

--------------------------------------------------------------------------------
CEO-ADAPT-VQE iteration: 81
--------------------------------------------------------------------------------
    gate        derivative      name       op1       op2       op3        g_unscaled   penalty
     279        0.00100323      a_ia       279                            0.00200645         2
     549        0.00099262      a_ia       549                            0.00198524         2
     573        0.00087239      a_ia       573                            0.00348957         4
     578        0.00084962      a_ia       578                            0.00169925         2
     693       -0.00074248      a_ia       693                           -0.00148497         2
   96656        0.00046515        op     41063     41064                  0.04977155       107
     620       -0.00044834      a_ia       620                           -0.00358669         8
     683        0.00037477      a_ia       683                            0.00074955         2
     750       -0.00037477      a_ia       750                           -0.00074954         2
     443        0.00036077      a_ia       443                            0.00072155         2

  ==> Add operator: a_ia 279
  ==> Current qubit order: 0  1  2  3  4  5  6  7  8  9  10  11  12  13  14  15  17  18  19  22  23  24  25  26  27  29  30  32  33  40  41  35  34  54  36  45  44  46  53  47  55  52  42  57  43  37  56  28  21  79  49  48  20  66  16  58  38  91  51  31  87  39  67  59  60  61  62  63  65  64  68  69  70  71  72  73  74  75  76  77  50  78  80  81  82  83  84  85  86  88  89  90  92  93  94  95  


  ==> Energy                -256.163364978
  ==> dE                       -9.12e-07
  ==> Gradient Norm             2.83e-01
  ==> Abs. Max. Deriv.          4.98e-02
  ==> Time-Grad. (s)              64.515
  ==> Time-Energy (s)              1.930
  ==> Time-Iter. (s)              67.664

--------------------------------------------------------------------------------
CEO-ADAPT-VQE iteration: 82
--------------------------------------------------------------------------------
    gate        derivative      name       op1       op2       op3        g_unscaled   penalty
     551        0.00099260      a_ia       551                            0.00198520         2
     575        0.00087175      a_ia       575                            0.00348702         4
     580        0.00085069      a_ia       580                            0.00170137         2
     697       -0.00074257      a_ia       697                           -0.00148513         2
     624       -0.00044831      a_ia       624                           -0.00358649         8
     687        0.00037497      a_ia       687                            0.00074994         2
     754       -0.00037477      a_ia       754                           -0.00074953         2
     445        0.00035126      a_ia       445                            0.00070253         2
     482       -0.00032449      a_ia       482                           -0.00064897         2
     553       -0.00032267      a_ia       553                           -0.00322668        10

  ==> Add operator: a_ia 551
  ==> Current qubit order: 0  1  2  3  4  5  6  7  8  9  10  11  12  13  14  15  17  18  19  22  23  24  25  26  27  29  30  32  33  40  41  35  34  54  36  45  44  46  53  47  55  52  42  57  43  37  56  28  21  79  49  48  20  66  16  58  38  91  51  31  87  39  67  59  60  61  62  63  65  64  68  69  70  71  72  73  74  75  76  77  50  78  80  81  82  83  84  85  86  88  89  90  92  93  94  95  


  ==> Energy                -256.163461057
  ==> dE                       -9.61e-05
  ==> Gradient Norm             2.67e-01
  ==> Abs. Max. Deriv.          2.51e-02
  ==> Time-Grad. (s)              73.247
  ==> Time-Energy (s)              2.339
  ==> Time-Iter. (s)              76.652

--------------------------------------------------------------------------------
CEO-ADAPT-VQE iteration: 83
--------------------------------------------------------------------------------
    gate        derivative      name       op1       op2       op3        g_unscaled   penalty
     583        0.00087568      a_ia       583                            0.00350273         4
     588        0.00084713      a_ia       588                            0.00169427         2
     709       -0.00074644      a_ia       709                           -0.00149287         2
     633       -0.00044819      a_ia       633                           -0.00358553         8
     768       -0.00037482      a_ia       768                           -0.00074963         2
     698        0.00037028      a_ia       698                            0.00074056         2
     452        0.00034665      a_ia       452                            0.00069331         2
     489       -0.00032403      a_ia       489                           -0.00064806         2
     547       -0.00030309      a_ia       547                           -0.00060619         2
     546        0.00030038      a_ia       546                            0.00480605        16

  ==> Add operator: a_ia 583
  ==> Current qubit order: 0  1  2  3  4  5  6  7  8  9  10  11  12  13  14  15  17  18  19  22  23  24  25  26  27  29  30  32  33  40  41  35  34  54  36  45  44  46  53  47  55  52  42  57  43  37  56  28  21  79  49  48  20  66  16  58  38  91  51  31  87  67  39  59  60  61  62  63  65  64  68  69  70  71  72  73  74  75  76  77  50  78  80  81  82  83  84  85  86  88  89  90  92  93  94  95  


  ==> Energy                -256.163466032
  ==> dE                       -4.98e-06
  ==> Gradient Norm             2.72e-01
  ==> Abs. Max. Deriv.          2.92e-02
  ==> Time-Grad. (s)              68.793
  ==> Time-Energy (s)              2.893
  ==> Time-Iter. (s)              72.739

--------------------------------------------------------------------------------
CEO-ADAPT-VQE iteration: 84
--------------------------------------------------------------------------------
    gate        derivative      name       op1       op2       op3        g_unscaled   penalty
     716       -0.00074355      a_ia       716                           -0.00148710         2
     638       -0.00044822      a_ia       638                           -0.00358574         8
     593        0.00041322      a_ia       593                            0.00165286         4
     711       -0.00038208      a_ia       711                           -0.00993401        26
     704        0.00037187      a_ia       704                            0.00074375         2
     457        0.00034051      a_ia       457                            0.00068103         2
     551        0.00030042      a_ia       551                            0.00480665        16
     494       -0.00029747      a_ia       494                           -0.00059493         2
     565       -0.00029451      a_ia       565                           -0.00294509        10
     552       -0.00029246      a_ia       552                           -0.00058491         2

  ==> Add operator: a_ia 716
  ==> Current qubit order: 0  1  2  3  4  5  6  7  8  9  10  11  12  13  14  15  17  18  19  22  23  24  25  26  27  29  30  32  33  40  41  35  34  54  36  45  44  46  53  47  55  52  42  57  43  37  56  28  21  79  49  48  20  66  16  58  38  91  51  31  87  67  39  59  60  61  62  63  65  64  68  69  70  71  72  73  74  75  76  77  50  78  80  81  82  83  84  85  86  88  89  90  92  93  94  95  


  ==> Energy                -256.163479030
  ==> dE                       -1.30e-05
  ==> Gradient Norm             2.69e-01
  ==> Abs. Max. Deriv.          2.43e-02
  ==> Time-Grad. (s)              66.418
  ==> Time-Energy (s)              2.968
  ==> Time-Iter. (s)              70.417

--------------------------------------------------------------------------------
CEO-ADAPT-VQE iteration: 85
--------------------------------------------------------------------------------
    gate        derivative      name       op1       op2       op3        g_unscaled   penalty
     597        0.00045549      a_ia       597                            0.00182196         4
     642       -0.00044832      a_ia       642                           -0.00358657         8
     715       -0.00038181      a_ia       715                           -0.00992712        26
     708        0.00037070      a_ia       708                            0.00074141         2
     461        0.00034115      a_ia       461                            0.00068229         2
   93338        0.00033219        op     38919     38921                  0.03488028       105
   93339        0.00033219        op     38919     38921                  0.03488028       105
   92664       -0.00032515        op     38405     38406                 -0.03088920        95
   93334        0.00031298        op     38919     38920                  0.03286300       105
   93335        0.00031298        op     38919     38920                  0.03286300       105

  ==> Add operator: a_ia 597
  ==> Current qubit order: 0  1  2  3  4  5  6  7  8  9  10  11  12  13  14  15  17  18  19  22  23  24  25  26  27  29  30  32  33  40  41  35  34  54  36  45  44  46  53  47  55  52  42  57  43  37  56  28  21  79  49  48  20  66  16  58  38  91  51  31  67  87  39  59  60  61  62  63  65  64  68  69  70  71  72  73  74  75  76  77  50  78  80  81  82  83  84  85  86  88  89  90  92  93  94  95  


  ==> Energy                -256.163479540
  ==> dE                       -5.09e-07
  ==> Gradient Norm             2.89e-01
  ==> Abs. Max. Deriv.          3.49e-02
  ==> Time-Grad. (s)             114.698
  ==> Time-Energy (s)              2.486
  ==> Time-Iter. (s)             118.270

--------------------------------------------------------------------------------
CEO-ADAPT-VQE iteration: 86
--------------------------------------------------------------------------------
    gate        derivative      name       op1       op2       op3        g_unscaled   penalty
   93507       -0.00045193        om     38984     38985                 -0.04202948        93
     647       -0.00044832      a_ia       647                           -0.00358657         8
     720       -0.00038161      a_ia       720                           -0.00992186        26
     713        0.00037074      a_ia       713                            0.00074147         2
     719       -0.00036991      a_ia       719                           -0.00147962         4
     464        0.00034135      a_ia       464                            0.00068269         2
   38984       -0.00032369    a_iajb     38984                           -0.03528176       109
   93506       -0.00030682        op     38984     38985                 -0.02853403        93
     560        0.00030047      a_ia       560                            0.00480757        16
     574       -0.00029500      a_ia       574                           -0.00295000        10

  ==> Add operator: mvp2 -1: 38984 38985
  ==> Current qubit order: 0  1  2  3  4  5  6  7  8  9  10  11  12  13  14  15  17  18  19  22  23  24  25  26  27  29  30  32  33  40  41  35  34  54  36  45  44  46  53  47  55  52  42  57  43  37  56  28  21  79  49  48  20  66  16  58  91  51  67  87  39  59  60  61  62  38  31  71  50  63  65  64  68  69  70  72  73  74  75  76  77  78  80  81  82  83  84  85  86  88  89  90  92  93  94  95  


  ==> Energy                -256.164021249
  ==> dE                       -5.42e-04
  ==> Gradient Norm             2.82e-01
  ==> Abs. Max. Deriv.          4.20e-02
  ==> Time-Grad. (s)              71.754
  ==> Time-Energy (s)              5.195
  ==> Time-Iter. (s)              77.989

--------------------------------------------------------------------------------
CEO-ADAPT-VQE iteration: 87
--------------------------------------------------------------------------------
    gate        derivative      name       op1       op2       op3        g_unscaled   penalty
     593        0.00104172      a_ia       593                            0.00208344         2
     726       -0.00073147      a_ia       726                           -0.00146295         2
     715        0.00055785      a_ia       715                            0.00446284         8
     654       -0.00044959      a_ia       654                           -0.00359669         8
     594        0.00036978      a_ia       594                            0.00517691        14
     468        0.00035450      a_ia       468                            0.00070900         2
   92349       -0.00031643        om     38099     38100                 -0.02056777        65
   92348       -0.00031005        op     38099     38100                 -0.02015297        65
     727       -0.00030892      a_ia       727                           -0.00988539        32
     566        0.00030140      a_ia       566                            0.00482241        16

  ==> Add operator: a_ia 593
  ==> Current qubit order: 0  1  2  3  4  5  6  7  8  9  10  11  12  13  14  15  17  18  19  22  23  24  25  26  27  29  30  32  33  40  41  35  34  54  36  45  44  46  53  47  55  52  42  57  43  37  56  28  21  79  49  48  20  66  16  58  91  51  67  87  39  59  60  61  62  38  31  71  50  63  65  64  68  69  70  72  73  74  75  76  77  78  80  81  82  83  84  85  86  88  89  90  92  93  94  95  


  ==> Energy                -256.164022589
  ==> dE                       -1.34e-06
  ==> Gradient Norm             2.86e-01
  ==> Abs. Max. Deriv.          4.06e-02
  ==> Time-Grad. (s)              72.533
  ==> Time-Energy (s)              2.404
  ==> Time-Iter. (s)              75.990

--------------------------------------------------------------------------------
CEO-ADAPT-VQE iteration: 88
--------------------------------------------------------------------------------
    gate        derivative      name       op1       op2       op3        g_unscaled   penalty
   96626        0.00115295        op     41449     41450                  0.04496510        39
   96627        0.00111332        om     41449     41450                  0.04341934        39
   41449        0.00080349    a_iajb     41449                            0.04419222        55
     737       -0.00073117      a_ia       737                           -0.00146234         2
     726        0.00055345      a_ia       726                            0.00442761         8
     664       -0.00044959      a_ia       664                           -0.00359670         8
     604        0.00037214      a_ia       604                            0.00521001        14
     476        0.00035178      a_ia       476                            0.00070355         2
     738       -0.00030887      a_ia       738                           -0.00988391        32
     576        0.00030139      a_ia       576                            0.00482227        16

  ==> Add operator: mvp2 -1: 41449 41450
  ==> Current qubit order: 0  1  2  3  4  5  6  7  8  9  10  11  12  13  14  15  17  18  19  22  23  24  25  26  27  29  30  32  33  40  41  35  34  54  36  45  44  46  47  55  53  52  42  43  57  37  56  28  21  79  49  48  20  66  16  58  91  51  67  87  39  59  60  61  62  38  31  71  50  63  65  64  68  69  70  72  73  74  75  76  77  78  80  81  82  83  84  85  86  88  89  90  92  93  94  95  


  ==> Energy                -256.164485390
  ==> dE                       -4.63e-04
  ==> Gradient Norm             3.07e-01
  ==> Abs. Max. Deriv.          4.50e-02
  ==> Time-Grad. (s)              81.434
  ==> Time-Energy (s)              3.597
  ==> Time-Iter. (s)              86.454

--------------------------------------------------------------------------------
CEO-ADAPT-VQE iteration: 89
--------------------------------------------------------------------------------
    gate        derivative      name       op1       op2       op3        g_unscaled   penalty
     743       -0.00073386      a_ia       743                           -0.00146771         2
     646        0.00062728      a_ia       646                            0.00125455         2
     670       -0.00059846      a_ia       670                           -0.00359078         6
     732        0.00055368      a_ia       732                            0.00442945         8
     757       -0.00040211      a_ia       757                           -0.00080422         2
     610        0.00036916      a_ia       610                            0.00516822        14
     582        0.00036347      a_ia       582                            0.00581554        16
     481        0.00034487      a_ia       481                            0.00068975         2
     744       -0.00030935      a_ia       744                           -0.00989916        32
     567        0.00030598      a_ia       567                            0.00428378        14

  ==> Add operator: a_ia 743
  ==> Current qubit order: 0  1  2  3  4  5  6  7  8  9  10  11  12  13  14  15  17  18  19  22  23  24  25  26  27  29  30  32  33  40  41  35  34  54  36  45  44  46  47  55  53  52  42  43  57  37  56  28  21  79  49  48  20  66  16  58  91  51  67  87  39  59  60  61  62  38  31  71  50  63  65  64  68  69  70  72  73  74  75  76  77  78  80  81  82  83  84  85  86  88  89  90  92  93  94  95  


  ==> Energy                -256.164503188
  ==> dE                       -1.78e-05
  ==> Gradient Norm             2.86e-01
  ==> Abs. Max. Deriv.          3.89e-02
  ==> Time-Grad. (s)              79.852
  ==> Time-Energy (s)              3.074
  ==> Time-Iter. (s)              83.998

--------------------------------------------------------------------------------
CEO-ADAPT-VQE iteration: 90
--------------------------------------------------------------------------------
    gate        derivative      name       op1       op2       op3        g_unscaled   penalty
     652        0.00062966      a_ia       652                            0.00125933         2
     677       -0.00059855      a_ia       677                           -0.00359129         6
     740        0.00055462      a_ia       740                            0.00443698         8
     765       -0.00040288      a_ia       765                           -0.00080577         2
     616        0.00036951      a_ia       616                            0.00517321        14
     588        0.00036402      a_ia       588                            0.00582425        16
     484        0.00034393      a_ia       484                            0.00068787         2
     752       -0.00030815      a_ia       752                           -0.00986083        32
     572        0.00030631      a_ia       572                            0.00428833        14
     603       -0.00029488      a_ia       603                           -0.00294877        10

  ==> Add operator: a_ia 652
  ==> Current qubit order: 0  1  2  3  4  5  6  7  8  9  10  11  12  13  14  15  17  18  19  22  23  24  25  26  27  29  30  32  33  40  41  35  34  54  36  45  44  46  47  55  53  52  42  43  57  37  56  28  21  79  49  48  20  66  16  58  91  51  67  87  39  59  60  61  62  38  31  71  50  63  65  64  68  69  70  72  73  74  75  76  77  78  80  81  82  83  84  85  86  88  89  90  92  93  94  95  


  ==> Energy                -256.164504161
  ==> dE                       -9.73e-07
  ==> Gradient Norm             2.76e-01
  ==> Abs. Max. Deriv.          2.77e-02
  ==> Time-Grad. (s)              71.719
  ==> Time-Energy (s)              2.306
  ==> Time-Iter. (s)              75.084

--------------------------------------------------------------------------------
CEO-ADAPT-VQE iteration: 91
--------------------------------------------------------------------------------
    gate        derivative      name       op1       op2       op3        g_unscaled   penalty
     688       -0.00059850      a_ia       688                           -0.00359097         6
     751        0.00055462      a_ia       751                            0.00443699         8
     776       -0.00040281      a_ia       776                           -0.00080562         2
     627        0.00036676      a_ia       627                            0.00513464        14
     598        0.00036437      a_ia       598                            0.00582984        16
   95252        0.00036332        om     40566     40567                  0.01489609        41
     492        0.00034740      a_ia       492                            0.00069479         2
     763       -0.00030816      a_ia       763                           -0.00986118        32
     582        0.00030637      a_ia       582                            0.00428922        14
     634       -0.00029758      a_ia       634                           -0.00178548         6

  ==> Add operator: a_ia 688
  ==> Current qubit order: 0  1  2  3  4  5  6  7  8  9  10  11  12  13  14  15  17  18  19  22  23  24  25  26  27  29  30  32  33  40  41  35  34  54  36  44  46  45  47  55  53  52  42  43  57  37  56  28  21  79  49  48  20  66  16  58  91  51  67  87  39  59  60  61  62  38  31  71  50  63  65  64  68  69  70  72  73  74  75  76  77  78  80  81  82  83  84  85  86  88  89  90  92  93  94  95  


  ==> Energy                -256.165078660
  ==> dE                       -5.74e-04
  ==> Gradient Norm             2.82e-01
  ==> Abs. Max. Deriv.          3.83e-02
  ==> Time-Grad. (s)              81.498
  ==> Time-Energy (s)              2.637
  ==> Time-Iter. (s)              85.133

--------------------------------------------------------------------------------
CEO-ADAPT-VQE iteration: 92
--------------------------------------------------------------------------------
    gate        derivative      name       op1       op2       op3        g_unscaled   penalty
     757        0.00055701      a_ia       757                            0.00445607         8
     782       -0.00046379      a_ia       782                           -0.00092758         2
     633        0.00036871      a_ia       633                            0.00516200        14
     603        0.00036736      a_ia       603                            0.00587783        16
     496        0.00033983      a_ia       496                            0.00067966         2
     618       -0.00030887      a_ia       618                           -0.00308866        10
     769       -0.00030875      a_ia       769                           -0.00988015        32
     587        0.00028657      a_ia       587                            0.00401193        14
     640       -0.00028596      a_ia       640                           -0.00171578         6
     379       -0.00027234      a_ia       379                           -0.00054468         2

  ==> Add operator: a_ia 757
  ==> Current qubit order: 0  1  2  3  4  5  6  7  8  9  10  11  12  13  14  15  17  18  19  22  23  24  25  26  27  29  30  32  33  40  41  35  34  54  36  44  46  45  47  55  53  52  42  43  57  37  56  28  21  79  49  48  20  66  16  58  91  51  67  87  39  59  60  61  38  31  71  62  50  63  65  64  68  69  70  72  73  74  75  76  77  78  80  81  82  83  84  85  86  88  89  90  92  93  94  95  


  ==> Energy                -256.165254569
  ==> dE                       -1.76e-04
  ==> Gradient Norm             2.68e-01
  ==> Abs. Max. Deriv.          2.53e-02
  ==> Time-Grad. (s)              71.364
  ==> Time-Energy (s)              2.521
  ==> Time-Iter. (s)              74.903

--------------------------------------------------------------------------------
CEO-ADAPT-VQE iteration: 93
--------------------------------------------------------------------------------
    gate        derivative      name       op1       op2       op3        g_unscaled   penalty
     786       -0.00046346      a_ia       786                           -0.00092692         2
     635       -0.00036768      a_ia       635                           -0.00220605         6
     606        0.00036766      a_ia       606                            0.00588248        16
     499        0.00034307      a_ia       499                            0.00068614         2
     636        0.00032184      a_ia       636                            0.00514941        16
     621       -0.00030941      a_ia       621                           -0.00309412        10
     773       -0.00030866      a_ia       773                           -0.00987699        32
     643       -0.00029083      a_ia       643                           -0.00174500         6
     590        0.00028713      a_ia       590                            0.00401977        14
     648       -0.00027975      a_ia       648                           -0.00335703        12

  ==> Add operator: a_ia 786
  ==> Current qubit order: 0  1  2  3  4  5  6  7  8  9  10  11  12  13  14  15  17  18  19  22  23  24  25  26  27  29  30  32  33  40  41  35  34  54  36  44  46  45  47  55  53  52  42  43  57  37  56  28  21  79  49  48  20  66  16  58  91  51  67  87  39  59  60  61  38  31  71  62  50  63  65  64  68  69  70  72  73  74  75  76  77  78  80  81  82  83  84  85  86  88  89  90  92  93  94  95  


  ==> Energy                -256.165285514
  ==> dE                       -3.09e-05
  ==> Gradient Norm             2.68e-01
  ==> Abs. Max. Deriv.          2.45e-02
  ==> Time-Grad. (s)              69.870
  ==> Time-Energy (s)              1.765
  ==> Time-Iter. (s)              72.710

--------------------------------------------------------------------------------
CEO-ADAPT-VQE iteration: 94
--------------------------------------------------------------------------------
    gate        derivative      name       op1       op2       op3        g_unscaled   penalty
     727       -0.00040755      a_ia       727                           -0.00081510         2
     609        0.00037204      a_ia       609                            0.00595266        16
     638       -0.00036732      a_ia       638                           -0.00220390         6
     501        0.00035054      a_ia       501                            0.00070107         2
     639        0.00032177      a_ia       639                            0.00514831        16
     624       -0.00031217      a_ia       624                           -0.00312173        10
     776       -0.00030858      a_ia       776                           -0.00987466        32
     593        0.00029159      a_ia       593                            0.00408222        14
     646       -0.00028356      a_ia       646                           -0.00170136         6
     651       -0.00027935      a_ia       651                           -0.00335221        12

  ==> Add operator: a_ia 727
  ==> Current qubit order: 0  1  2  3  4  5  6  7  8  9  10  11  12  13  14  15  17  18  19  22  23  24  25  26  27  29  30  32  33  40  41  35  34  54  36  44  46  45  47  55  53  52  42  43  57  37  56  28  21  79  49  48  20  66  16  58  91  51  67  87  39  59  60  61  38  31  71  62  50  63  65  64  68  69  70  72  73  74  75  76  77  78  80  81  82  83  84  85  86  88  89  90  92  93  94  95  


  ==> Energy                -256.165285770
  ==> dE                       -2.56e-07
  ==> Gradient Norm             2.73e-01
  ==> Abs. Max. Deriv.          3.34e-02
  ==> Time-Grad. (s)              69.306
  ==> Time-Energy (s)              2.147
  ==> Time-Iter. (s)              72.506

--------------------------------------------------------------------------------
CEO-ADAPT-VQE iteration: 95
--------------------------------------------------------------------------------
    gate        derivative      name       op1       op2       op3        g_unscaled   penalty
     614        0.00037203      a_ia       614                            0.00595250        16
     643       -0.00036681      a_ia       643                           -0.00220087         6
     504        0.00034801      a_ia       504                            0.00069602         2
     644        0.00032165      a_ia       644                            0.00514644        16
     629       -0.00031179      a_ia       629                           -0.00311790        10
     782       -0.00030859      a_ia       782                           -0.00987504        32
     598        0.00029171      a_ia       598                            0.00408398        14
     651       -0.00029066      a_ia       651                           -0.00174395         6
     615       -0.00028215      a_ia       615                           -0.00056429         2
     656       -0.00027960      a_ia       656                           -0.00335523        12

  ==> Add operator: a_ia 614
  ==> Current qubit order: 0  1  2  3  4  5  6  7  8  9  10  11  12  13  14  15  17  18  19  22  23  24  25  26  27  29  30  32  33  40  41  35  34  54  44  46  45  47  55  53  52  36  42  43  57  37  56  28  21  79  49  48  20  66  16  58  91  51  67  87  39  59  60  61  38  31  71  62  50  63  65  64  68  69  70  72  73  74  75  76  77  78  80  81  82  83  84  85  86  88  89  90  92  93  94  95  


  ==> Energy                -256.166217326
  ==> dE                       -9.32e-04
  ==> Gradient Norm             2.69e-01
  ==> Abs. Max. Deriv.          2.43e-02
  ==> Time-Grad. (s)              70.629
  ==> Time-Energy (s)              1.481
  ==> Time-Iter. (s)              73.313

--------------------------------------------------------------------------------
CEO-ADAPT-VQE iteration: 96
--------------------------------------------------------------------------------
    gate        derivative      name       op1       op2       op3        g_unscaled   penalty
   93288        0.00045303        op     38694     38695                  0.07112578       157
   93289        0.00042225        om     38694     38695                  0.06629325       157
   38694        0.00039716    a_iajb     38694                            0.06870952       173
     506        0.00038453      a_ia       506                            0.00076906         2
     646       -0.00036753      a_ia       646                           -0.00220518         6
     601        0.00033957      a_ia       601                            0.00407489        12
     384       -0.00033162      a_ia       384                           -0.00066325         2
     647        0.00032957      a_ia       647                            0.00527305        16
     632       -0.00032227      a_ia       632                           -0.00322271        10
     786       -0.00031307      a_ia       786                           -0.01001836        32

  ==> Add operator: mvp2 -1: 38694 38695
  ==> Current qubit order: 0  1  2  3  4  5  6  7  8  9  10  11  12  13  14  15  17  18  19  22  23  24  25  26  27  29  32  33  40  41  35  34  54  44  46  45  47  55  53  52  36  42  43  57  37  56  28  21  79  49  48  20  66  16  58  91  51  67  39  30  87  31  86  59  60  61  38  71  62  50  63  65  64  68  69  70  72  73  74  75  76  77  78  80  81  82  83  84  85  88  89  90  92  93  94  95  


  ==> Energy                -256.167499384
  ==> dE                       -1.28e-03
  ==> Gradient Norm             2.78e-01
  ==> Abs. Max. Deriv.          7.11e-02
  ==> Time-Grad. (s)              99.314
  ==> Time-Energy (s)              4.773
  ==> Time-Iter. (s)             105.157

--------------------------------------------------------------------------------
CEO-ADAPT-VQE iteration: 97
--------------------------------------------------------------------------------
    gate        derivative      name       op1       op2       op3        g_unscaled   penalty
   95698        0.00086071        om     40494     40495                  0.02840342        33
     552       -0.00076304      a_ia       552                           -0.00152608         2
   95697        0.00076085        op     40494     40495                  0.02510801        33
     646       -0.00054884      a_ia       646                           -0.00219538         4
   40494        0.00054604    a_iajb     40494                            0.02675572        49
     654       -0.00047962      a_ia       654                           -0.00191850         4
     506        0.00039408      a_ia       506                            0.00078817         2
     647        0.00037671      a_ia       647                            0.00527389        14
     601        0.00034125      a_ia       601                            0.00409496        12
     384       -0.00032800      a_ia       384                           -0.00065600         2

  ==> Add operator: mvp2 -1: 40494 40495
  ==> Current qubit order: 0  1  2  3  4  5  6  7  8  9  10  11  12  13  14  15  17  18  19  22  23  24  25  26  27  29  32  33  40  41  35  34  54  44  46  45  47  55  53  52  42  37  36  43  57  56  28  21  79  49  48  20  66  16  58  91  51  67  39  30  87  31  86  59  60  61  38  71  62  50  63  65  64  68  69  70  72  73  74  75  76  77  78  80  81  82  83  84  85  88  89  90  92  93  94  95  


  ==> Energy                -256.168017727
  ==> dE                       -5.18e-04
  ==> Gradient Norm             2.79e-01
  ==> Abs. Max. Deriv.          5.42e-02
  ==> Time-Grad. (s)              69.401
  ==> Time-Energy (s)              4.747
  ==> Time-Iter. (s)              75.208

--------------------------------------------------------------------------------
CEO-ADAPT-VQE iteration: 98
--------------------------------------------------------------------------------
    gate        derivative      name       op1       op2       op3        g_unscaled   penalty
     555       -0.00075992      a_ia       555                           -0.00151983         2
     650       -0.00055469      a_ia       650                           -0.00221877         4
     807       -0.00052692      a_ia       807                           -0.00105384         2
     658       -0.00047471      a_ia       658                           -0.00189884         4
     509        0.00038860      a_ia       509                            0.00077720         2
     651        0.00037931      a_ia       651                            0.00531030        14
     690        0.00036638      a_ia       690                            0.00073277         2
     604        0.00034101      a_ia       604                            0.00409209        12
     385       -0.00032252      a_ia       385                           -0.00064504         2
     780        0.00030973      a_ia       780                            0.00309731        10

  ==> Add operator: a_ia 555
  ==> Current qubit order: 0  1  2  3  4  5  6  7  8  9  10  11  12  13  14  15  17  18  19  22  23  24  25  26  27  29  32  33  40  41  35  34  54  44  46  45  47  55  53  52  42  37  36  43  57  56  28  21  79  49  48  20  66  16  58  91  51  67  39  30  87  31  86  59  60  61  38  71  62  50  63  65  64  68  69  70  72  73  74  75  76  77  78  80  81  82  83  84  85  88  89  90  92  93  94  95  


  ==> Energy                -256.168017911
  ==> dE                       -1.84e-07
  ==> Gradient Norm             2.73e-01
  ==> Abs. Max. Deriv.          2.97e-02
  ==> Time-Grad. (s)              70.699
  ==> Time-Energy (s)              1.726
  ==> Time-Iter. (s)              73.474

--------------------------------------------------------------------------------
CEO-ADAPT-VQE iteration: 99
--------------------------------------------------------------------------------
    gate        derivative      name       op1       op2       op3        g_unscaled   penalty
     653       -0.00055642      a_ia       653                           -0.00222568         4
     812       -0.00052687      a_ia       812                           -0.00105375         2
     661       -0.00046386      a_ia       661                           -0.00185544         4
     512        0.00038530      a_ia       512                            0.00077060         2
     654        0.00038017      a_ia       654                            0.00532239        14
     694        0.00037583      a_ia       694                            0.00075166         2
     607        0.00034100      a_ia       607                            0.00409194        12
     386       -0.00032284      a_ia       386                           -0.00064568         2
     785        0.00030973      a_ia       785                            0.00309729        10
     738       -0.00028885      a_ia       738                           -0.00115539         4

  ==> Add operator: a_ia 653
  ==> Current qubit order: 0  1  2  3  4  5  6  7  8  9  10  11  12  13  14  15  17  18  19  22  23  24  25  26  27  29  32  33  40  41  35  34  54  44  46  45  47  55  53  52  42  37  36  43  57  56  28  21  79  49  48  20  66  16  58  91  51  67  39  30  87  31  86  59  60  61  71  38  62  50  63  65  64  68  69  70  72  73  74  75  76  77  78  80  81  82  83  84  85  88  89  90  92  93  94  95  


  ==> Energy                -256.168019496
  ==> dE                       -1.59e-06
  ==> Gradient Norm             2.64e-01
  ==> Abs. Max. Deriv.          3.81e-02
  ==> Time-Grad. (s)              74.980
  ==> Time-Energy (s)              2.051
  ==> Time-Iter. (s)              78.083

--------------------------------------------------------------------------------
CEO-ADAPT-VQE iteration: 100
--------------------------------------------------------------------------------
    gate        derivative      name       op1       op2       op3        g_unscaled   penalty
     821       -0.00052687      a_ia       821                           -0.00105373         2
     666       -0.00047733      a_ia       666                           -0.00190931         4
     659        0.00044052      a_ia       659                            0.00528621        12
   96489        0.00042501        om     41287     41288                  0.02762596        65
   96488        0.00041825        op     41287     41288                  0.02718615        65
     514        0.00038830      a_ia       514                            0.00077660         2
     700        0.00036861      a_ia       700                            0.00073722         2
     612        0.00034101      a_ia       612                            0.00409213        12
   41287        0.00033835    a_iajb     41287                            0.02740606        81
     388       -0.00032174      a_ia       388                           -0.00064347         2

  ==> Add operator: a_ia 821
  ==> Current qubit order: 0  1  2  3  4  5  6  7  8  9  10  11  12  13  14  15  17  18  19  22  23  24  25  26  27  29  32  33  40  41  35  34  54  44  46  45  47  55  53  52  42  37  36  43  57  56  28  21  79  49  48  20  66  16  58  91  51  67  39  30  87  31  86  59  60  61  71  38  62  50  63  65  64  68  69  70  72  73  74  75  76  77  78  80  81  82  83  84  85  88  89  90  92  93  94  95  


  ==> Energy                -256.168114766
  ==> dE                       -9.53e-05
  ==> Gradient Norm             2.84e-01
  ==> Abs. Max. Deriv.          3.09e-02
  ==> Time-Grad. (s)              68.434
  ==> Time-Energy (s)            305.684
  ==> Time-Iter. (s)             375.176

--------------------------------------------------------------------------------
CEO-ADAPT-VQE iteration: 101
--------------------------------------------------------------------------------
    gate        derivative      name       op1       op2       op3        g_unscaled   penalty
     325        0.00122007      a_ia       325                            0.00244015         2
     763       -0.00095447      a_ia       763                           -0.00190893         2
     818       -0.00093184      a_ia       818                           -0.00186368         2
     519        0.00063709      a_ia       519                            0.00127419         2
     672       -0.00052786      a_ia       672                           -0.00211142         4
   93005       -0.00052366        op     38622     38623                 -0.02461220        47
   93006       -0.00051807        om     38622     38623                 -0.02434917        47
     566       -0.00050472      a_ia       566                           -0.00100944         2
   96599       -0.00048699        op     41370     41371                 -0.03068010        63
   96600       -0.00046485        om     41370     41371                 -0.02928546        63

  ==> Add operator: a_ia 325
  ==> Current qubit order: 0  1  2  3  4  5  6  7  8  9  10  11  12  13  14  15  17  18  19  22  23  24  25  26  27  29  32  33  40  41  35  34  54  44  46  45  47  55  53  52  42  37  36  43  57  56  28  21  79  49  48  20  66  16  58  91  51  67  39  30  87  31  86  59  60  61  71  38  62  50  63  65  64  68  69  70  72  73  74  75  76  77  78  80  81  82  83  84  85  88  89  90  92  93  94  95  


  ==> Energy                -256.168116395
  ==> dE                       -1.63e-06
  ==> Gradient Norm             2.86e-01
  ==> Abs. Max. Deriv.          3.17e-02
  ==> Time-Grad. (s)             133.413
  ==> Time-Energy (s)              2.703
  ==> Time-Iter. (s)             137.260

--------------------------------------------------------------------------------
CEO-ADAPT-VQE iteration: 102
--------------------------------------------------------------------------------
    gate        derivative      name       op1       op2       op3        g_unscaled   penalty
     766       -0.00093720      a_ia       766                           -0.00187439         2
     821       -0.00093193      a_ia       821                           -0.00186386         2
     521        0.00062426      a_ia       521                            0.00124852         2
     674       -0.00052955      a_ia       674                           -0.00211819         4
     568       -0.00049657      a_ia       568                           -0.00099313         2
   93061       -0.00045794        op     38677     38678                 -0.05357867       117
     667        0.00043613      a_ia       667                            0.00523350        12
     620        0.00037314      a_ia       620                            0.00447764        12
   95375        0.00036785        op     40418     40419                  0.00993206        27
   92921        0.00036377        op     38567     38568                  0.03310292        91

  ==> Add operator: a_ia 766
  ==> Current qubit order: 0  1  2  3  4  5  6  7  8  9  10  11  12  13  14  15  17  18  19  22  23  24  25  26  27  29  32  33  40  41  35  34  54  44  46  45  47  55  53  52  42  37  36  43  57  56  28  21  79  49  48  20  66  16  58  91  51  67  39  30  87  31  86  59  60  61  71  38  62  50  63  65  64  68  69  70  72  73  74  75  76  77  78  80  81  82  83  84  85  88  89  90  92  93  94  95  


  ==> Energy                -256.168118155
  ==> dE                       -1.76e-06
  ==> Gradient Norm             2.95e-01
  ==> Abs. Max. Deriv.          5.36e-02
  ==> Time-Grad. (s)              62.573
  ==> Time-Energy (s)              2.917
  ==> Time-Iter. (s)              66.712

--------------------------------------------------------------------------------
CEO-ADAPT-VQE iteration: 103
--------------------------------------------------------------------------------
    gate        derivative      name       op1       op2       op3        g_unscaled   penalty
     825       -0.00093210      a_ia       825                           -0.00186421         2
     525        0.00061760      a_ia       525                            0.00123520         2
     678       -0.00055648      a_ia       678                           -0.00222591         4
     572       -0.00050963      a_ia       572                           -0.00101926         2
     671        0.00043584      a_ia       671                            0.00523012        12
     624        0.00037358      a_ia       624                            0.00448298        12
   93101        0.00036430        op     38662     38663                  0.02295091        63
     681        0.00034624      a_ia       681                            0.00346242        10
   93102        0.00033519        om     38662     38663                  0.02111707        63
     398       -0.00032996      a_ia       398                           -0.00065992         2

  ==> Add operator: a_ia 825
  ==> Current qubit order: 0  1  2  3  4  5  6  7  8  9  10  11  12  13  14  15  17  18  19  22  23  24  25  26  27  29  32  33  40  41  35  34  54  44  46  45  47  55  53  52  42  37  36  43  57  56  28  21  79  49  48  20  66  16  58  91  51  67  39  30  87  31  86  59  60  61  71  38  62  50  63  65  64  68  69  70  72  73  74  75  76  77  78  80  81  82  83  84  85  88  89  90  92  93  94  95  


  ==> Energy                -256.168138169
  ==> dE                       -2.00e-05
  ==> Gradient Norm             2.75e-01
  ==> Abs. Max. Deriv.          2.45e-02
  ==> Time-Grad. (s)              62.120
  ==> Time-Energy (s)              2.752
  ==> Time-Iter. (s)              65.945

--------------------------------------------------------------------------------
CEO-ADAPT-VQE iteration: 104
--------------------------------------------------------------------------------
    gate        derivative      name       op1       op2       op3        g_unscaled   penalty
     530        0.00061802      a_ia       530                            0.00123604         2
     685       -0.00056647      a_ia       685                           -0.00226590         4
     578       -0.00050497      a_ia       578                           -0.00100994         2
     678        0.00043616      a_ia       678                            0.00523397        12
   92855       -0.00043269        op     38671     38672                 -0.01947100        45
   95161       -0.00041916        op     40443     40444                 -0.02305396        55
   93273       -0.00041280        op     39002     39003                 -0.04251812       103
   92856       -0.00040400        om     38671     38672                 -0.01817986        45
   95162       -0.00040049        om     40443     40444                 -0.02202710        55
   93274       -0.00038039        om     39002     39003                 -0.03917967       103

  ==> Add operator: a_ia 530
  ==> Current qubit order: 0  1  2  3  4  5  6  7  8  9  10  11  12  13  14  15  17  18  19  22  23  24  25  26  27  29  32  33  40  41  35  34  54  44  46  45  47  55  53  52  42  37  36  43  57  56  28  21  79  49  48  20  66  16  58  91  51  67  39  30  87  31  86  59  60  61  71  38  62  50  63  65  64  68  69  70  72  73  74  75  76  77  78  80  81  82  83  84  85  88  89  90  92  93  94  95  


  ==> Energy                -256.168138933
  ==> dE                       -7.64e-07
  ==> Gradient Norm             2.89e-01
  ==> Abs. Max. Deriv.          4.25e-02
  ==> Time-Grad. (s)              77.457
  ==> Time-Energy (s)              2.213
  ==> Time-Iter. (s)              80.695

--------------------------------------------------------------------------------
CEO-ADAPT-VQE iteration: 105
--------------------------------------------------------------------------------
    gate        derivative      name       op1       op2       op3        g_unscaled   penalty
   92457        0.00087556        om     38523     38524                  0.05516058        63
   92456        0.00087140        op     38523     38524                  0.05489799        63
   38523        0.00069657    a_iajb     38523                            0.05502928        79
     689       -0.00056330      a_ia       689                           -0.00225322         4
     581       -0.00049530      a_ia       581                           -0.00099060         2
     682        0.00043545      a_ia       682                            0.00522541        12
     634        0.00037368      a_ia       634                            0.00448419        12
     692        0.00034071      a_ia       692                            0.00340712        10
     402       -0.00032752      a_ia       402                           -0.00065504         2
     771       -0.00031809      a_ia       771                           -0.00127235         4

  ==> Add operator: mvp2 -1: 38523 38524
  ==> Current qubit order: 0  1  2  3  4  5  6  7  8  9  10  11  12  13  14  15  17  18  19  22  23  24  25  26  27  29  32  33  40  41  35  34  54  44  46  45  47  55  53  52  42  37  36  43  57  56  28  21  79  49  48  20  66  16  58  91  67  39  87  51  30  31  50  86  59  60  61  71  38  62  63  65  64  68  69  70  72  73  74  75  76  77  78  80  81  82  83  84  85  88  89  90  92  93  94  95  


  ==> Energy                -256.168928586
  ==> dE                       -7.90e-04
  ==> Gradient Norm             2.90e-01
  ==> Abs. Max. Deriv.          5.52e-02
  ==> Time-Grad. (s)             116.540
  ==> Time-Energy (s)              4.706
  ==> Time-Iter. (s)             122.268

--------------------------------------------------------------------------------
CEO-ADAPT-VQE iteration: 106
--------------------------------------------------------------------------------
    gate        derivative      name       op1       op2       op3        g_unscaled   penalty
   92342        0.00084081        op     38418     38419                  0.04960792        59
   92343        0.00080705        om     38418     38419                  0.04761569        59
   38418        0.00064816    a_iajb     38418                            0.04861181        75
     827        0.00052636      a_ia       827                            0.00315814         6
     690        0.00051787      a_ia       690                            0.00517868        10
     567       -0.00044455      a_ia       567                           -0.00177821         4
     642        0.00037354      a_ia       642                            0.00448251        12
     826        0.00035819      a_ia       826                            0.00573096        16
     840       -0.00035036      a_ia       840                           -0.01051087        30
     408       -0.00032532      a_ia       408                           -0.00065063         2

  ==> Add operator: mvp2 -1: 38418 38419
  ==> Current qubit order: 0  1  2  3  4  5  6  7  8  9  10  11  12  13  14  15  17  18  19  22  23  24  25  26  27  29  32  33  40  41  35  34  54  44  46  45  47  55  53  52  42  37  36  43  57  56  28  21  79  49  48  20  66  16  58  91  67  39  87  51  50  86  59  60  61  30  31  71  70  38  62  63  65  64  68  69  72  73  74  75  76  77  78  80  81  82  83  84  85  88  89  90  92  93  94  95  


  ==> Energy                -256.169575730
  ==> dE                       -6.47e-04
  ==> Gradient Norm             3.00e-01
  ==> Abs. Max. Deriv.          4.96e-02
  ==> Time-Grad. (s)              76.081
  ==> Time-Energy (s)              3.919
  ==> Time-Iter. (s)              81.048

--------------------------------------------------------------------------------
CEO-ADAPT-VQE iteration: 107
--------------------------------------------------------------------------------
    gate        derivative      name       op1       op2       op3        g_unscaled   penalty
     832        0.00052339      a_ia       832                            0.00314037         6
     694        0.00051454      a_ia       694                            0.00514539        10
     831        0.00048085      a_ia       831                            0.00577024        12
     575        0.00041501      a_ia       575                            0.00166004         4
     646        0.00037440      a_ia       646                            0.00449286        12
     704        0.00035032      a_ia       704                            0.00350316        10
   95705       -0.00033166        om     41179     41180                 -0.01625114        49
     844        0.00032937      a_ia       844                            0.00329369        10
     846       -0.00032819      a_ia       846                           -0.01050192        32
     412       -0.00032302      a_ia       412                           -0.00064604         2

  ==> Add operator: a_ia 832
  ==> Current qubit order: 0  1  2  3  4  5  6  7  8  9  10  11  12  13  14  15  17  18  19  22  23  24  25  26  27  29  32  33  40  41  35  34  54  44  46  45  47  55  53  52  42  37  36  43  57  56  28  21  79  49  48  20  66  16  58  91  67  39  87  51  86  59  50  60  61  30  31  71  70  38  62  63  65  64  68  69  72  73  74  75  76  77  78  80  81  82  83  84  85  88  89  90  92  93  94  95  


  ==> Energy                -256.169663469
  ==> dE                       -8.77e-05
  ==> Gradient Norm             2.75e-01
  ==> Abs. Max. Deriv.          3.51e-02
  ==> Time-Grad. (s)              69.176
  ==> Time-Energy (s)              1.187
  ==> Time-Iter. (s)              71.759

--------------------------------------------------------------------------------
CEO-ADAPT-VQE iteration: 108
--------------------------------------------------------------------------------
    gate        derivative      name       op1       op2       op3        g_unscaled   penalty
     696        0.00052498      a_ia       696                            0.00524985        10
     577        0.00043859      a_ia       577                            0.00175437         4
     706        0.00043632      a_ia       706                            0.00349060         8
     695       -0.00039262      a_ia       695                           -0.00078523         2
     648        0.00037543      a_ia       648                            0.00450512        12
     834        0.00035977      a_ia       834                            0.00575635        16
     847        0.00034660      a_ia       847                            0.00346603        10
     849       -0.00033088      a_ia       849                           -0.01058822        32
     414       -0.00032381      a_ia       414                           -0.00064763         2
     738       -0.00031953      a_ia       738                           -0.00063907         2

  ==> Add operator: a_ia 696
  ==> Current qubit order: 0  1  2  3  4  5  6  7  8  9  10  11  12  13  14  15  17  18  19  22  23  24  25  26  27  29  32  33  40  41  35  34  54  44  46  45  47  55  53  52  42  37  36  43  57  56  28  21  79  49  48  20  66  16  58  91  67  39  87  51  86  59  50  60  61  30  31  71  70  62  63  65  64  38  68  69  72  73  74  75  76  77  78  80  81  82  83  84  85  88  89  90  92  93  94  95  


  ==> Energy                -256.169672148
  ==> dE                       -8.68e-06
  ==> Gradient Norm             2.80e-01
  ==> Abs. Max. Deriv.          2.93e-02
  ==> Time-Grad. (s)              86.715
  ==> Time-Energy (s)              2.963
  ==> Time-Iter. (s)              90.668

--------------------------------------------------------------------------------
CEO-ADAPT-VQE iteration: 109
--------------------------------------------------------------------------------
    gate        derivative      name       op1       op2       op3        g_unscaled   penalty
     857        0.00053747      a_ia       857                            0.00107495         2
     579        0.00043446      a_ia       579                            0.00173783         4
     708        0.00043432      a_ia       708                            0.00347458         8
     650        0.00037552      a_ia       650                            0.00450624        12
     740       -0.00036104      a_ia       740                           -0.00072207         2
     837        0.00035933      a_ia       837                            0.00574934        16
     850        0.00034711      a_ia       850                            0.00347110        10
   95725       -0.00033175        om     41237     41238                 -0.01625587        49
     852       -0.00033123      a_ia       852                           -0.01059924        32
     415       -0.00032110      a_ia       415                           -0.00064221         2

  ==> Add operator: a_ia 857
  ==> Current qubit order: 0  1  2  3  4  5  6  7  8  9  10  11  12  13  14  15  17  18  19  22  23  24  25  26  27  29  32  33  40  41  35  34  54  44  46  45  47  55  53  52  42  37  36  43  57  56  28  21  79  49  48  20  66  16  58  91  67  39  87  51  86  59  50  60  61  30  31  71  70  62  63  65  64  38  68  69  72  73  74  75  76  77  78  80  81  82  83  84  85  88  89  90  92  93  94  95  


  ==> Energy                -256.169679671
  ==> dE                       -7.52e-06
  ==> Gradient Norm             2.76e-01
  ==> Abs. Max. Deriv.          3.09e-02
  ==> Time-Grad. (s)             112.726
  ==> Time-Energy (s)              2.832
  ==> Time-Iter. (s)             116.556

--------------------------------------------------------------------------------
CEO-ADAPT-VQE iteration: 110
--------------------------------------------------------------------------------
    gate        derivative      name       op1       op2       op3        g_unscaled   penalty
     581        0.00043519      a_ia       581                            0.00174076         4
     711        0.00042935      a_ia       711                            0.00343482         8
     653        0.00037555      a_ia       653                            0.00450656        12
     743       -0.00036007      a_ia       743                           -0.00072013         2
     840        0.00035890      a_ia       840                            0.00574243        16
     854        0.00034794      a_ia       854                            0.00347939        10
     856       -0.00033097      a_ia       856                           -0.01059092        32
     417       -0.00032089      a_ia       417                           -0.00064177         2
     791       -0.00030796      a_ia       791                           -0.00123185         4
   92212       -0.00030332        op     38500     38501                 -0.02092931        69

  ==> Add operator: a_ia 581
  ==> Current qubit order: 0  1  2  3  4  5  6  7  8  9  10  11  12  13  14  15  17  18  19  22  23  24  25  26  27  29  32  33  40  41  35  34  54  44  46  45  47  55  53  52  42  37  36  43  57  56  28  21  79  49  48  20  66  16  58  91  67  39  87  51  86  59  50  61  60  30  31  71  70  62  63  65  64  38  68  69  72  73  74  75  76  77  78  80  81  82  83  84  85  88  89  90  92  93  94  95  


  ==> Energy                -256.169680795
  ==> dE                       -1.12e-06
  ==> Gradient Norm             2.77e-01
  ==> Abs. Max. Deriv.          2.98e-02
  ==> Time-Grad. (s)             116.394
  ==> Time-Energy (s)              2.314
  ==> Time-Iter. (s)             119.749

--------------------------------------------------------------------------------
CEO-ADAPT-VQE iteration: 111
--------------------------------------------------------------------------------
    gate        derivative      name       op1       op2       op3        g_unscaled   penalty
     860        0.00043493      a_ia       860                            0.00347941         8
     717        0.00042870      a_ia       717                            0.00342959         8
     659        0.00037555      a_ia       659                            0.00450665        12
     749       -0.00036664      a_ia       749                           -0.00073327         2
     846        0.00035888      a_ia       846                            0.00574216        16
   92163        0.00033754        op     38510     38511                  0.02261512        67
     862       -0.00033097      a_ia       862                           -0.01059089        32
     420       -0.00032190      a_ia       420                           -0.00064381         2
   92164        0.00031010        om     38510     38511                  0.02077655        67
     797       -0.00030464      a_ia       797                           -0.00121858         4

  ==> Add operator: a_ia 860
  ==> Current qubit order: 0  1  2  3  4  5  6  7  8  9  10  11  12  13  14  15  17  18  19  22  23  24  25  26  27  29  32  33  40  41  35  34  54  44  46  45  47  55  53  52  42  37  36  43  57  56  28  21  79  49  48  20  66  16  58  91  67  39  87  86  59  50  51  61  60  30  31  71  70  62  63  65  64  38  68  69  72  73  74  75  76  77  78  80  81  82  83  84  85  88  89  90  92  93  94  95  


  ==> Energy                -256.169785958
  ==> dE                       -1.05e-04
  ==> Gradient Norm             2.74e-01
  ==> Abs. Max. Deriv.          5.90e-02
  ==> Time-Grad. (s)              68.148
  ==> Time-Energy (s)              2.367
  ==> Time-Iter. (s)              71.545

--------------------------------------------------------------------------------
CEO-ADAPT-VQE iteration: 112
--------------------------------------------------------------------------------
    gate        derivative      name       op1       op2       op3        g_unscaled   penalty
     816       -0.00072380      a_ia       816                           -0.00289519         4
     723        0.00055655      a_ia       723                            0.00333929         6
     854        0.00040945      a_ia       854                            0.00573235        14
     870       -0.00040786      a_ia       870                           -0.01060424        26
     755       -0.00038046      a_ia       755                           -0.00076093         2
     665        0.00037610      a_ia       665                            0.00451321        12
     425       -0.00031949      a_ia       425                           -0.00063899         2
     803       -0.00030867      a_ia       803                           -0.00123468         4
     661       -0.00027237      a_ia       661                           -0.01470788        54
     715        0.00026216      a_ia       715                            0.00734046        28

  ==> Add operator: a_ia 816
  ==> Current qubit order: 0  1  2  3  4  5  6  7  8  9  10  11  12  13  14  15  17  18  19  22  23  24  25  26  27  29  32  33  40  41  35  34  54  44  46  45  55  47  53  52  42  37  36  43  57  56  28  21  79  49  48  20  66  16  58  91  67  39  87  86  59  50  51  61  60  30  31  71  70  62  63  65  64  38  68  69  72  73  74  75  76  77  78  80  81  82  83  84  85  88  89  90  92  93  94  95  


  ==> Energy                -256.169789945
  ==> dE                       -3.99e-06
  ==> Gradient Norm             2.85e-01
  ==> Abs. Max. Deriv.          4.83e-02
  ==> Time-Grad. (s)              90.293
  ==> Time-Energy (s)              2.987
  ==> Time-Iter. (s)              94.309

--------------------------------------------------------------------------------
CEO-ADAPT-VQE iteration: 113
--------------------------------------------------------------------------------
    gate        derivative      name       op1       op2       op3        g_unscaled   penalty
   91773       -0.00066866        om     38008     38009                 -0.02474032        37
   91772       -0.00064988        op     38008     38009                 -0.02404565        37
     726        0.00056299      a_ia       726                            0.00337797         6
   38008       -0.00046024    a_iajb     38008                           -0.02439298        53
     758       -0.00044899      a_ia       758                           -0.00089798         2
     857        0.00040937      a_ia       857                            0.00573116        14
     873       -0.00040798      a_ia       873                           -0.01060739        26
     668        0.00032336      a_ia       668                            0.00452707        14
     426       -0.00031179      a_ia       426                           -0.00062359         2
     355       -0.00029730      a_ia       355                           -0.00059461         2

  ==> Add operator: mvp2 -1: 38008 38009
  ==> Current qubit order: 0  1  2  3  4  5  6  7  8  9  10  11  12  13  14  15  17  18  19  22  23  24  25  26  27  29  32  33  40  41  35  34  54  44  46  45  55  47  42  53  52  37  28  36  43  57  56  21  79  49  48  20  66  16  58  91  67  39  87  86  59  50  51  61  60  30  31  71  70  62  63  65  64  38  68  69  72  73  74  75  76  77  78  80  81  82  83  84  85  88  89  90  92  93  94  95  


  ==> Energy                -256.169918635
  ==> dE                       -1.29e-04
  ==> Gradient Norm             2.71e-01
  ==> Abs. Max. Deriv.          4.79e-02
  ==> Time-Grad. (s)             123.115
  ==> Time-Energy (s)              4.153
  ==> Time-Iter. (s)             128.310

--------------------------------------------------------------------------------
CEO-ADAPT-VQE iteration: 114
--------------------------------------------------------------------------------
    gate        derivative      name       op1       op2       op3        g_unscaled   penalty
     731        0.00056285      a_ia       731                            0.00337710         6
     862        0.00040943      a_ia       862                            0.00573204        14
     878       -0.00040761      a_ia       878                           -0.01059789        26
     672        0.00032340      a_ia       672                            0.00452764        14
     430       -0.00030864      a_ia       430                           -0.00061729         2
     359       -0.00029914      a_ia       359                           -0.00059829         2
     811       -0.00028172      a_ia       811                           -0.00112686         4
     668       -0.00027241      a_ia       668                           -0.01470996        54
     723        0.00026533      a_ia       723                            0.00742928        28
   92130       -0.00024658        op     38374     38375                 -0.01800038        73

  ==> Add operator: a_ia 731
  ==> Current qubit order: 0  1  2  3  4  5  6  7  8  9  10  11  12  13  14  15  17  18  19  22  23  24  25  26  27  29  32  33  40  41  35  34  54  44  46  45  55  47  42  53  52  37  28  36  43  57  56  21  79  49  48  20  66  16  58  91  67  87  86  39  59  50  51  61  60  30  31  71  70  62  63  65  64  38  68  69  72  73  74  75  76  77  78  80  81  82  83  84  85  88  89  90  92  93  94  95  


  ==> Energy                -256.169924009
  ==> dE                       -5.37e-06
  ==> Gradient Norm             2.70e-01
  ==> Abs. Max. Deriv.          2.93e-02
  ==> Time-Grad. (s)             119.055
  ==> Time-Energy (s)              2.299
  ==> Time-Iter. (s)             122.422

--------------------------------------------------------------------------------
CEO-ADAPT-VQE iteration: 115
--------------------------------------------------------------------------------
    gate        derivative      name       op1       op2       op3        g_unscaled   penalty
   92290       -0.00041992        op     38736     38737                 -0.02561504        61
   92291       -0.00041992        op     38736     38737                 -0.02561504        61
     866        0.00040965      a_ia       866                            0.00573517        14
     883       -0.00040791      a_ia       883                           -0.01060555        26
   38736       -0.00033263    a_iajb     38736                           -0.02561261        77
     676        0.00032346      a_ia       676                            0.00452841        14
   92294       -0.00031305        op     38736     38738                 -0.01909597        61
   92295       -0.00031305        op     38736     38738                 -0.01909597        61
     434       -0.00031002      a_ia       434                           -0.00062004         2
     362       -0.00030303      a_ia       362                           -0.00060605         2

  ==> Add operator: mvp3 -1: 38736 38737 38738
  ==> Current qubit order: 0  1  2  3  4  5  6  7  8  9  10  11  12  13  14  15  17  18  19  22  23  24  25  26  27  29  32  33  40  41  35  34  54  44  46  45  55  47  42  53  52  37  28  36  43  57  56  21  79  49  48  20  66  16  58  91  67  87  86  59  50  61  60  30  71  39  51  31  69  70  62  63  65  64  38  68  72  73  74  75  76  77  78  80  81  82  83  84  85  88  89  90  92  93  94  95  


  ==> Energy                -256.170335749
  ==> dE                       -4.12e-04
  ==> Gradient Norm             2.72e-01
  ==> Abs. Max. Deriv.          2.89e-02
  ==> Time-Grad. (s)              72.786
  ==> Time-Energy (s)              6.905
  ==> Time-Iter. (s)              80.857

--------------------------------------------------------------------------------
CEO-ADAPT-VQE iteration: 116
--------------------------------------------------------------------------------
    gate        derivative      name       op1       op2       op3        g_unscaled   penalty
     889       -0.00266007      a_ia       889                           -0.01064028         4
     622        0.00245704      a_ia       622                            0.00491408         2
     740       -0.00147973      a_ia       740                           -0.00295945         2
   94095       -0.00059596        om     39863     39864                 -0.02324260        39
     735       -0.00059321      a_ia       735                           -0.00118642         2
   94094       -0.00052981        op     39863     39864                 -0.02066248        39
     872        0.00047966      a_ia       872                            0.00575595        12
   92436       -0.00041697        op     38573     38575                 -0.02376727        57
   92437       -0.00041697        op     38573     38575                 -0.02376727        57
   92432       -0.00041507        op     38573     38574                 -0.02365921        57

  ==> Add operator: a_ia 889
  ==> Current qubit order: 0  1  2  3  4  5  6  7  8  9  10  11  12  13  14  15  17  18  19  22  23  24  25  26  27  29  32  33  40  41  35  34  54  44  46  45  55  47  42  53  52  37  28  36  43  57  56  21  79  49  48  20  66  16  58  91  67  87  86  59  50  61  60  30  71  39  31  51  69  70  62  63  65  64  38  68  72  73  74  75  76  77  78  80  81  82  83  84  85  88  89  90  92  93  94  95  


  ==> Energy                -256.171194734
  ==> dE                       -8.59e-04
  ==> Gradient Norm             2.80e-01
  ==> Abs. Max. Deriv.          3.00e-02
  ==> Time-Grad. (s)              75.548
  ==> Time-Energy (s)              2.849
  ==> Time-Iter. (s)              79.423

--------------------------------------------------------------------------------
CEO-ADAPT-VQE iteration: 117
--------------------------------------------------------------------------------
    gate        derivative      name       op1       op2       op3        g_unscaled   penalty
     742       -0.00122981      a_ia       742                           -0.00245963         2
     624        0.00117491      a_ia       624                            0.00469962         4
     730        0.00047915      a_ia       730                            0.00095830         2
     874        0.00047526      a_ia       874                            0.00570308        12
     681        0.00032662      a_ia       681                            0.00457270        14
     822       -0.00030889      a_ia       822                           -0.00123556         4
     437       -0.00030275      a_ia       437                           -0.00060550         2
     364       -0.00029581      a_ia       364                           -0.00059163         2
   92664       -0.00029117        om     38643     38644                 -0.03173716       109
   92660        0.00028189        om     38639     38640                  0.01437660        51

  ==> Add operator: a_ia 742
  ==> Current qubit order: 0  1  2  3  4  5  6  7  8  9  10  11  12  13  14  15  17  18  19  22  23  24  25  26  27  29  32  33  40  41  35  34  54  44  46  45  55  47  42  53  52  37  28  36  43  57  56  21  79  49  48  20  66  16  58  91  67  87  86  59  50  61  60  30  71  39  31  51  69  70  62  63  65  64  38  68  72  73  74  75  76  77  78  80  81  82  83  84  85  88  89  90  92  93  94  95  


  ==> Energy                -256.171196437
  ==> dE                       -1.70e-06
  ==> Gradient Norm             2.65e-01
  ==> Abs. Max. Deriv.          3.17e-02
  ==> Time-Grad. (s)              73.973
  ==> Time-Energy (s)              1.559
  ==> Time-Iter. (s)              76.572

--------------------------------------------------------------------------------
CEO-ADAPT-VQE iteration: 118
--------------------------------------------------------------------------------
    gate        derivative      name       op1       op2       op3        g_unscaled   penalty
     629        0.00117403      a_ia       629                            0.00469612         4
     814        0.00060553      a_ia       814                            0.00121106         2
     737        0.00047934      a_ia       737                            0.00095869         2
     882        0.00047526      a_ia       882                            0.00570317        12
   92254       -0.00032816        op     38421     38422                 -0.03183132        97
     687        0.00032661      a_ia       687                            0.00457251        14
     830       -0.00031040      a_ia       830                           -0.00124159         4
     441       -0.00030299      a_ia       441                           -0.00060599         2
   92255       -0.00030161        om     38421     38422                 -0.02925634        97
     367       -0.00029526      a_ia       367                           -0.00059053         2

  ==> Add operator: a_ia 629
  ==> Current qubit order: 0  1  2  3  4  5  6  7  8  9  10  11  12  13  14  15  17  18  19  22  23  24  25  26  27  29  32  33  40  41  35  34  54  44  46  45  55  47  42  53  52  37  28  36  43  57  56  21  79  49  48  20  66  16  58  91  67  87  86  59  50  61  60  30  71  39  51  31  69  70  62  63  65  64  38  68  72  73  74  75  76  77  78  80  81  82  83  84  85  88  89  90  92  93  94  95  


  ==> Energy                -256.171202902
  ==> dE                       -6.46e-06
  ==> Gradient Norm             2.82e-01
  ==> Abs. Max. Deriv.          3.18e-02
  ==> Time-Grad. (s)              72.788
  ==> Time-Energy (s)              2.638
  ==> Time-Iter. (s)              76.461

--------------------------------------------------------------------------------
CEO-ADAPT-VQE iteration: 119
--------------------------------------------------------------------------------
    gate        derivative      name       op1       op2       op3        g_unscaled   penalty
     820        0.00059610      a_ia       820                            0.00119219         2
     749       -0.00057498      a_ia       749                           -0.00114997         2
     888        0.00047534      a_ia       888                            0.00570404        12
     742        0.00046639      a_ia       742                            0.00093277         2
     692        0.00032663      a_ia       692                            0.00457281        14
     371       -0.00030882      a_ia       371                           -0.00061765         2
     445       -0.00030159      a_ia       445                           -0.00060319         2
     836       -0.00029768      a_ia       836                           -0.00119074         4
     633       -0.00027360      a_ia       633                           -0.00054719         2
     744        0.00026713      a_ia       744                            0.00694535        26

  ==> Add operator: a_ia 820
  ==> Current qubit order: 0  1  2  3  4  5  6  7  8  9  10  11  12  13  14  15  17  18  19  22  23  24  25  26  27  29  32  33  40  41  35  34  54  44  46  45  55  47  42  53  52  37  28  36  43  57  56  21  79  49  48  20  66  16  58  91  67  87  86  59  50  61  60  30  71  39  51  31  69  70  62  63  65  64  38  68  72  73  74  75  76  77  78  80  81  82  83  84  85  88  89  90  92  93  94  95  


  ==> Energy                -256.171203740
  ==> dE                       -8.38e-07
  ==> Gradient Norm             2.68e-01
  ==> Abs. Max. Deriv.          3.33e-02
  ==> Time-Grad. (s)             118.030
  ==> Time-Energy (s)              2.176
  ==> Time-Iter. (s)             121.252

--------------------------------------------------------------------------------
CEO-ADAPT-VQE iteration: 120
--------------------------------------------------------------------------------
    gate        derivative      name       op1       op2       op3        g_unscaled   penalty
     753       -0.00059003      a_ia       753                           -0.00118007         2
     892        0.00047534      a_ia       892                            0.00570404        12
     746        0.00046408      a_ia       746                            0.00092816         2
     695        0.00032664      a_ia       695                            0.00457292        14
     372       -0.00031483      a_ia       372                           -0.00062966         2
     446       -0.00030158      a_ia       446                           -0.00060316         2
     840       -0.00029207      a_ia       840                           -0.00116828         4
     636       -0.00027821      a_ia       636                           -0.00055642         2
   87525        0.00026880        op     34779     34780                  0.01317104        49
     748        0.00026760      a_ia       748                            0.00695750        26

  ==> Add operator: a_ia 753
  ==> Current qubit order: 0  1  2  3  4  5  6  7  8  9  10  11  12  13  14  15  17  18  19  22  23  24  25  26  27  29  32  33  40  41  35  34  54  44  46  45  55  47  42  53  52  37  28  36  43  57  56  21  79  49  48  20  66  16  58  91  67  87  86  59  50  61  60  30  71  39  51  31  69  70  62  63  65  64  38  68  72  73  74  75  76  77  78  80  81  82  83  84  85  88  89  90  92  93  94  95  


  ==> Energy                -256.171204027
  ==> dE                       -2.87e-07
  ==> Gradient Norm             2.69e-01
  ==> Abs. Max. Deriv.          3.73e-02
  ==> Time-Grad. (s)             122.583
  ==> Time-Energy (s)              2.602
  ==> Time-Iter. (s)             126.316

--------------------------------------------------------------------------------
CEO-ADAPT-VQE iteration: 121
--------------------------------------------------------------------------------
    gate        derivative      name       op1       op2       op3        g_unscaled   penalty
   94959        0.00065068        op     40445     40446                  0.04229452        65
   94960        0.00064817        om     40445     40446                  0.04213102        65
   40445        0.00052115    a_iajb     40445                            0.04221277        81
     749        0.00050052      a_ia       749                            0.00100103         2
     896        0.00047538      a_ia       896                            0.00570458        12
     698        0.00032660      a_ia       698                            0.00457241        14
     372       -0.00031305      a_ia       372                           -0.00062610         2
     447       -0.00030406      a_ia       447                           -0.00060812         2
     843       -0.00030165      a_ia       843                           -0.00120660         4
     751        0.00026352      a_ia       751                            0.00685156        26

  ==> Add operator: mvp2 -1: 40445 40446
  ==> Current qubit order: 0  1  2  3  4  5  6  7  8  9  10  11  12  13  14  15  17  18  19  22  23  24  25  26  27  29  32  33  40  41  35  34  54  44  46  45  55  47  42  53  52  37  28  36  43  57  56  21  79  49  48  20  66  16  58  91  67  87  86  59  50  61  60  30  71  51  31  70  39  69  38  68  62  63  65  64  72  73  74  75  76  77  78  80  81  82  83  84  85  88  89  90  92  93  94  95  


  ==> Energy                -256.171416773
  ==> dE                       -2.13e-04
  ==> Gradient Norm             2.91e-01
  ==> Abs. Max. Deriv.          4.23e-02
  ==> Time-Grad. (s)              78.626
  ==> Time-Energy (s)              4.884
  ==> Time-Iter. (s)              84.547

--------------------------------------------------------------------------------
CEO-ADAPT-VQE iteration: 122
--------------------------------------------------------------------------------
    gate        derivative      name       op1       op2       op3        g_unscaled   penalty
     753        0.00056809      a_ia       753                            0.00113617         2
     900        0.00047539      a_ia       900                            0.00570471        12
   91778        0.00039345        op     37867     37868                  0.02163985        55
   91779        0.00038096        om     37867     37868                  0.02095292        55
   92407        0.00036333        om     38348     38349                  0.01344328        37
   92406        0.00036317        op     38348     38349                  0.01343737        37
     702        0.00032652      a_ia       702                            0.00457123        14
     374       -0.00031187      a_ia       374                           -0.00062374         2
     450       -0.00030394      a_ia       450                           -0.00060789         2
   37867        0.00029995    a_iajb     37867                            0.02129639        71

  ==> Add operator: a_ia 753
  ==> Current qubit order: 0  1  2  3  4  5  6  7  8  9  10  11  12  13  14  15  17  18  19  22  23  24  25  26  27  29  32  33  40  41  35  34  54  44  46  45  55  47  42  53  52  37  28  36  43  57  56  21  79  49  48  20  66  16  58  91  67  87  86  59  50  61  60  30  71  51  31  70  39  69  38  68  62  63  65  64  72  73  74  75  76  77  78  80  81  82  83  84  85  88  89  90  92  93  94  95  


  ==> Energy                -256.171418086
  ==> dE                       -1.31e-06
  ==> Gradient Norm             2.78e-01
  ==> Abs. Max. Deriv.          3.67e-02
  ==> Time-Grad. (s)              84.930
  ==> Time-Energy (s)              2.386
  ==> Time-Iter. (s)              88.353

--------------------------------------------------------------------------------
CEO-ADAPT-VQE iteration: 123
--------------------------------------------------------------------------------
    gate        derivative      name       op1       op2       op3        g_unscaled   penalty
     758       -0.00055885      a_ia       758                           -0.00111770         2
     907        0.00047512      a_ia       907                            0.00570148        12
   92842        0.00044155        op     38748     38749                  0.03664828        83
   96131       -0.00044000        om     41250     41251                 -0.01715985        39
   92844       -0.00041951        op     38750     38751                 -0.04237048       101
   92843        0.00041169        om     38748     38749                  0.03417004        83
   96130       -0.00040831        op     41250     41251                 -0.01592418        39
   92845       -0.00038663        om     38750     38751                 -0.03905004       101
   38748        0.00035767    a_iajb     38748                            0.03540916        99
   38750       -0.00034795    a_iajb     38750                           -0.04071026       117

  ==> Add operator: a_ia 758
  ==> Current qubit order: 0  1  2  3  4  5  6  7  8  9  10  11  12  13  14  15  17  18  19  22  23  24  25  26  27  29  32  33  40  41  35  34  54  44  46  45  55  47  42  53  52  37  28  36  43  57  56  21  79  49  48  20  66  16  58  91  67  87  86  59  50  61  60  30  71  51  31  70  39  69  38  68  62  63  65  64  72  73  74  75  76  77  78  80  81  82  83  84  85  88  89  90  92  93  94  95  


  ==> Energy                -256.171418086
  ==> dE                       -1.53e-12
  ==> Gradient Norm             2.79e-01
  ==> Abs. Max. Deriv.          4.24e-02
  ==> Time-Grad. (s)              77.065
  ==> Time-Energy (s)              2.223
  ==> Time-Iter. (s)              80.329

--------------------------------------------------------------------------------
CEO-ADAPT-VQE iteration: 124
--------------------------------------------------------------------------------
    gate        derivative      name       op1       op2       op3        g_unscaled   penalty
     761       -0.00055973      a_ia       761                           -0.00111946         2
     912        0.00047512      a_ia       912                            0.00570148        12
     710        0.00032655      a_ia       710                            0.00457168        14
     378       -0.00031303      a_ia       378                           -0.00062606         2
     456       -0.00030270      a_ia       456                           -0.00060539         2
     858       -0.00029777      a_ia       858                           -0.00119109         4
   94983       -0.00025711        op     40400     40401                 -0.01979773        77
   94984       -0.00025553        om     40400     40401                 -0.01967577        77
     805       -0.00025525      a_ia       805                           -0.00102099         4
     708       -0.00023616      a_ia       708                           -0.00661251        28

  ==> Add operator: a_ia 761
  ==> Current qubit order: 0  1  2  3  4  5  6  7  8  9  10  11  12  13  14  15  17  18  19  22  23  24  25  26  27  29  32  33  40  41  35  34  54  44  46  45  55  47  42  53  52  37  28  36  43  57  56  21  79  49  48  20  66  16  58  91  67  87  86  59  50  61  60  30  71  51  31  70  39  69  38  68  62  63  65  64  72  73  74  75  76  77  78  80  81  82  83  84  85  88  89  90  92  93  94  95  


  ==> Energy                -256.171418086
  ==> dE                       -1.14e-13
  ==> Gradient Norm             2.77e-01
  ==> Abs. Max. Deriv.          2.57e-02
  ==> Time-Grad. (s)             119.466
  ==> Time-Energy (s)              2.414
  ==> Time-Iter. (s)             122.876

--------------------------------------------------------------------------------
CEO-ADAPT-VQE iteration: 125
--------------------------------------------------------------------------------
    gate        derivative      name       op1       op2       op3        g_unscaled   penalty
     769        0.00268755      a_ia       769                            0.00537509         2
     385        0.00164922      a_ia       385                            0.00329844         2
     813        0.00141224      a_ia       813                            0.00564896         4
     603        0.00072361      a_ia       603                            0.00144722         2
     881       -0.00062198      a_ia       881                           -0.00124397         2
     921        0.00047413      a_ia       921                            0.00568957        12
     922        0.00044198      a_ia       922                            0.00176793         4
     850       -0.00042629      a_ia       850                           -0.00085258         2
     735        0.00039147      a_ia       735                            0.00391469        10
     717        0.00035317      a_ia       717                            0.00494432        14

  ==> Add operator: a_ia 769
  ==> Current qubit order: 0  1  2  3  4  5  6  7  8  9  10  11  12  13  14  15  17  18  19  22  23  24  25  26  27  29  32  33  40  41  35  34  54  44  46  45  55  47  42  53  52  37  28  36  43  57  56  21  79  49  48  20  66  16  58  91  67  87  86  59  50  61  60  30  71  51  31  70  39  69  38  68  62  63  65  64  72  73  74  75  76  77  78  80  81  82  83  84  85  88  89  90  92  93  94  95  


  ==> Energy                -256.172345105
  ==> dE                       -2.60e-05
  ==> Gradient Norm             2.74e-01
  ==> Abs. Max. Deriv.          3.83e-02
  ==> Time-Grad. (s)             114.119
  ==> Time-Energy (s)            263.214
  ==> Time-Iter. (s)             378.402

--------------------------------------------------------------------------------
CEO-ADAPT-VQE iteration: 126
--------------------------------------------------------------------------------
    gate        derivative      name       op1       op2       op3        g_unscaled   penalty
     775        0.00374821      a_ia       775                            0.00749641         2
     819        0.00105469      a_ia       819                            0.00421877         4
     609        0.00072167      a_ia       609                            0.00144333         2
     388        0.00064264      a_ia       388                            0.00128529         2
     647        0.00052340      a_ia       647                            0.00104680         2
     929        0.00047464      a_ia       929                            0.00569566        12
     930        0.00044041      a_ia       930                            0.00176166         4
   92586        0.00043213        op     38588     38589                  0.02117429        49
   92587        0.00043213        op     38588     38589                  0.02117429        49
   92590        0.00041613        op     38588     38590                  0.02039052        49

  ==> Add operator: a_ia 775
  ==> Current qubit order: 0  1  2  3  4  5  6  7  8  9  10  11  12  13  14  15  17  18  19  22  23  24  25  26  27  29  32  33  40  41  35  34  54  44  46  45  55  47  42  53  52  37  28  36  43  57  56  21  79  49  48  20  66  16  58  91  67  87  86  59  50  61  60  30  71  51  31  70  39  69  38  68  62  63  65  64  72  73  74  75  76  77  78  80  81  82  83  84  85  88  89  90  92  93  94  95  


  ==> Energy                -256.172360914
  ==> dE                       -1.58e-05
  ==> Gradient Norm             2.81e-01
  ==> Abs. Max. Deriv.          2.72e-02
  ==> Time-Grad. (s)             122.000
  ==> Time-Energy (s)              4.763
  ==> Time-Iter. (s)             127.797

--------------------------------------------------------------------------------
CEO-ADAPT-VQE iteration: 127
--------------------------------------------------------------------------------
    gate        derivative      name       op1       op2       op3        g_unscaled   penalty
     822        0.00102052      a_ia       822                            0.00408206         4
     611        0.00072130      a_ia       611                            0.00144261         2
     390        0.00063841      a_ia       390                            0.00127683         2
     649        0.00050972      a_ia       649                            0.00101945         2
   91848       -0.00049515        om     38147     38148                 -0.02822359        57
     932        0.00047381      a_ia       932                            0.00568577        12
     933        0.00044253      a_ia       933                            0.00177010         4
   91847       -0.00042485        op     38147     38148                 -0.02421654        57
     743        0.00039140      a_ia       743                            0.00391401        10
   38147       -0.00035918    a_iajb     38147                           -0.02622007        73

  ==> Add operator: a_ia 822
  ==> Current qubit order: 0  1  2  3  4  5  6  7  8  9  10  11  12  13  14  15  17  18  19  22  23  24  25  26  27  29  32  33  40  41  35  34  54  44  46  45  55  47  53  42  52  37  28  36  43  57  56  21  79  49  48  20  66  16  58  91  67  87  86  59  50  61  60  30  71  51  31  70  39  69  38  68  62  63  65  64  72  73  74  75  76  77  78  80  81  82  83  84  85  88  89  90  92  93  94  95  


  ==> Energy                -256.172368793
  ==> dE                       -7.88e-06
  ==> Gradient Norm             2.74e-01
  ==> Abs. Max. Deriv.          2.84e-02
  ==> Time-Grad. (s)             134.210
  ==> Time-Energy (s)              5.272
  ==> Time-Iter. (s)             140.891

--------------------------------------------------------------------------------
CEO-ADAPT-VQE iteration: 128
--------------------------------------------------------------------------------
    gate        derivative      name       op1       op2       op3        g_unscaled   penalty
     619        0.00072194      a_ia       619                            0.00144388         2
     397        0.00060432      a_ia       397                            0.00120865         2
     751        0.00049095      a_ia       751                            0.00392760         8
     657        0.00048876      a_ia       657                            0.00097753         2
     940        0.00047376      a_ia       940                            0.00568516        12
     941        0.00044252      a_ia       941                            0.00177009         4
     974       -0.00043179      a_ia       974                           -0.00172715         4
   92178       -0.00041768        om     38432     38433                 -0.01879549        45
   92177       -0.00038967        op     38432     38433                 -0.01753536        45
     733        0.00035370      a_ia       733                            0.00495176        14

  ==> Add operator: a_ia 619
  ==> Current qubit order: 0  1  2  3  4  5  6  7  8  9  10  11  12  13  14  15  17  18  19  22  23  24  25  26  27  29  32  33  40  41  35  34  54  44  46  45  55  47  53  42  52  37  28  36  43  57  56  21  79  49  48  20  66  16  58  91  67  87  86  59  50  61  60  30  71  51  31  70  39  69  38  68  62  63  65  64  72  73  74  75  76  77  78  80  81  82  83  84  85  88  89  90  92  93  94  95  


  ==> Energy                -256.172449984
  ==> dE                       -8.12e-05
  ==> Gradient Norm             2.66e-01
  ==> Abs. Max. Deriv.          2.43e-02
  ==> Time-Grad. (s)              77.099
  ==> Time-Energy (s)              5.548
  ==> Time-Iter. (s)              83.713

--------------------------------------------------------------------------------
CEO-ADAPT-VQE iteration: 129
--------------------------------------------------------------------------------
    gate        derivative      name       op1       op2       op3        g_unscaled   penalty
     403        0.00060437      a_ia       403                            0.00120874         2
     663        0.00048820      a_ia       663                            0.00097641         2
     948        0.00047414      a_ia       948                            0.00568966        12
   91506        0.00045135        op     37764     37765                  0.03385096        75
   91507        0.00044617        om     37764     37765                  0.03346254        75
     949        0.00043930      a_ia       949                            0.00175720         4
     982       -0.00042947      a_ia       982                           -0.00171786         4
     757        0.00037575      a_ia       757                            0.00300600         8
   37764        0.00036985    a_iajb     37764                            0.03365675        91
     739        0.00035421      a_ia       739                            0.00495898        14

  ==> Add operator: a_ia 403
  ==> Current qubit order: 0  1  2  3  4  5  6  7  8  9  10  11  12  13  14  15  17  18  19  22  23  24  25  26  27  29  32  33  40  41  35  34  54  44  46  45  55  47  53  42  52  37  28  36  43  57  56  21  79  49  48  20  66  16  58  91  67  87  86  59  50  61  60  30  71  51  31  70  39  69  38  68  62  63  65  64  72  73  74  75  76  77  78  80  81  82  83  84  85  88  89  90  92  93  94  95  


  ==> Energy                -256.172450444
  ==> dE                       -4.60e-07
  ==> Gradient Norm             2.85e-01
  ==> Abs. Max. Deriv.          5.22e-02
  ==> Time-Grad. (s)              74.890
  ==> Time-Energy (s)              4.372
  ==> Time-Iter. (s)              80.306

--------------------------------------------------------------------------------
CEO-ADAPT-VQE iteration: 130
--------------------------------------------------------------------------------
    gate        derivative      name       op1       op2       op3        g_unscaled   penalty
     667        0.00048467      a_ia       667                            0.00096933         2
     952        0.00047414      a_ia       952                            0.00568968        12
     953        0.00043927      a_ia       953                            0.00175708         4
     987       -0.00042948      a_ia       987                           -0.00171791         4
     761        0.00037575      a_ia       761                            0.00300601         8
   92361        0.00035521        op     38529     38530                  0.02166763        61
   92362        0.00035521        op     38529     38530                  0.02166763        61
     743        0.00035421      a_ia       743                            0.00495901        14
     879       -0.00032644      a_ia       879                           -0.00065288         2
     486       -0.00030840      a_ia       486                           -0.00061680         2

  ==> Add operator: a_ia 667
  ==> Current qubit order: 0  1  2  3  4  5  6  7  8  9  10  11  12  13  14  15  17  18  19  22  23  24  25  26  27  29  32  33  40  41  35  34  54  44  46  45  55  47  53  42  52  37  28  36  43  57  56  21  79  49  48  20  66  16  58  91  67  87  86  59  50  61  60  30  71  51  31  70  39  69  38  68  62  63  65  64  72  73  74  75  76  77  78  80  81  82  83  84  85  88  89  90  92  93  94  95  


  ==> Energy                -256.172450984
  ==> dE                       -5.40e-07
  ==> Gradient Norm             2.93e-01
  ==> Abs. Max. Deriv.          3.25e-02
  ==> Time-Grad. (s)              83.421
  ==> Time-Energy (s)              5.365
  ==> Time-Iter. (s)              90.221

--------------------------------------------------------------------------------
CEO-ADAPT-VQE iteration: 131
--------------------------------------------------------------------------------
    gate        derivative      name       op1       op2       op3        g_unscaled   penalty
     961        0.00047413      a_ia       961                            0.00568953        12
     962        0.00043929      a_ia       962                            0.00175715         4
     996       -0.00042948      a_ia       996                           -0.00171790         4
     769        0.00037575      a_ia       769                            0.00300602         8
     751        0.00035422      a_ia       751                            0.00495905        14
     888       -0.00032743      a_ia       888                           -0.00065486         2
     489       -0.00030900      a_ia       489                           -0.00061801         2
     905       -0.00030198      a_ia       905                           -0.00120791         4
     771       -0.00029501      a_ia       771                           -0.00177009         6
     816       -0.00026696      a_ia       816                           -0.00213568         8

  ==> Add operator: a_ia 961
  ==> Current qubit order: 0  1  2  3  4  5  6  7  8  9  10  11  12  13  14  15  17  18  19  22  23  24  25  26  27  29  32  33  40  41  35  34  54  44  46  45  55  47  53  42  52  37  28  36  43  57  56  21  79  49  48  20  66  16  91  67  87  86  59  58  50  61  60  30  71  51  31  70  39  69  38  68  62  63  65  64  72  73  74  75  76  77  78  80  81  82  83  84  85  88  89  90  92  93  94  95  


  ==> Energy                -256.172762671
  ==> dE                       -3.12e-04
  ==> Gradient Norm             2.85e-01
  ==> Abs. Max. Deriv.          2.73e-02
  ==> Time-Grad. (s)              74.774
  ==> Time-Energy (s)              3.877
  ==> Time-Iter. (s)              79.839

--------------------------------------------------------------------------------
CEO-ADAPT-VQE iteration: 132
--------------------------------------------------------------------------------
    gate        derivative      name       op1       op2       op3        g_unscaled   penalty
   91818       -0.00049644        om     38170     38171                 -0.02829696        57
     966        0.00043373      a_ia       966                            0.00173491         4
    1001       -0.00042963      a_ia      1001                           -0.00171854         4
   91817       -0.00042527        op     38170     38171                 -0.02424033        57
   91405       -0.00037760        op     37863     37864                 -0.01397104        37
     772        0.00037502      a_ia       772                            0.00300016         8
   38170       -0.00035984    a_iajb     38170                           -0.02626865        73
     753        0.00035507      a_ia       753                            0.00497097        14
   91406       -0.00034308        om     37863     37864                 -0.01269411        37
     892       -0.00032713      a_ia       892                           -0.00065426         2

  ==> Add operator: mvp2 -1: 38170 38171
  ==> Current qubit order: 0  1  2  3  4  5  6  7  8  9  10  11  12  13  14  15  17  18  19  22  23  24  25  26  27  32  33  40  41  35  34  54  44  46  45  29  53  42  52  55  47  37  28  36  43  57  56  21  79  49  48  20  66  16  91  67  87  86  59  58  50  61  60  30  71  51  31  70  39  69  38  68  62  63  65  64  72  73  74  75  76  77  78  80  81  82  83  84  85  88  89  90  92  93  94  95  


  ==> Energy                -256.173418089
  ==> dE                       -6.55e-04
  ==> Gradient Norm             2.84e-01
  ==> Abs. Max. Deriv.          3.82e-02
  ==> Time-Grad. (s)              71.450
  ==> Time-Energy (s)              8.518
  ==> Time-Iter. (s)              81.016

--------------------------------------------------------------------------------
CEO-ADAPT-VQE iteration: 133
--------------------------------------------------------------------------------
    gate        derivative      name       op1       op2       op3        g_unscaled   penalty
     791       -0.00121457      a_ia       791                           -0.00242915         2
   92015       -0.00095593        om     38352     38353                 -0.05066424        53
   92014       -0.00095529        op     38352     38353                 -0.05063015        53
   91809        0.00076786        om     38188     38189                  0.04530352        59
   38352       -0.00073402    a_iajb     38352                           -0.05064719        69
   91808        0.00065550        op     38188     38189                  0.03867454        59
   38188        0.00055985    a_iajb     38188                            0.04198903        75
     654       -0.00047086      a_ia       654                           -0.00565029        12
     970        0.00044568      a_ia       970                            0.00178271         4
    1005       -0.00039480      a_ia      1005                           -0.00236878         6

  ==> Add operator: a_ia 791
  ==> Current qubit order: 0  1  2  3  4  5  6  7  8  9  10  11  12  13  14  15  17  18  19  22  23  24  25  26  27  32  33  40  41  35  34  54  44  46  45  29  53  42  52  55  47  37  28  36  43  57  56  21  79  49  48  20  66  16  91  67  87  86  59  58  50  61  60  30  71  51  31  70  39  69  38  68  62  63  65  64  72  73  74  75  76  77  78  80  81  82  83  84  85  88  89  90  92  93  94  95  


  ==> Energy                -256.173559438
  ==> dE                       -1.41e-04
  ==> Gradient Norm             2.96e-01
  ==> Abs. Max. Deriv.          5.91e-02
  ==> Time-Grad. (s)              79.365
  ==> Time-Energy (s)              4.524
  ==> Time-Iter. (s)              84.937

--------------------------------------------------------------------------------
CEO-ADAPT-VQE iteration: 134
--------------------------------------------------------------------------------
    gate        derivative      name       op1       op2       op3        g_unscaled   penalty
     658       -0.00050653      a_ia       658                           -0.00607830        12
     976        0.00045413      a_ia       976                            0.00181651         4
   93919        0.00044273        op     39958     39959                  0.01903727        43
     900        0.00043611      a_ia       900                            0.00174445         4
    1011       -0.00042295      a_ia      1011                           -0.00253770         6
     932       -0.00039123      a_ia       932                           -0.00078246         2
     659        0.00036359      a_ia       659                            0.01018040        28
   93920        0.00034117        om     39958     39959                  0.01467023        43
     878       -0.00031447      a_ia       878                           -0.00314474        10
     494       -0.00031310      a_ia       494                           -0.00062619         2

  ==> Add operator: a_ia 658
  ==> Current qubit order: 0  1  2  3  4  5  6  7  8  9  10  11  12  13  14  15  17  18  19  22  23  24  25  26  27  32  33  40  41  35  34  54  44  46  45  53  42  52  55  47  29  37  28  36  43  57  56  21  79  49  48  20  66  16  91  67  87  86  59  58  50  61  60  30  71  51  31  70  39  69  38  68  62  63  65  64  72  73  74  75  76  77  78  80  81  82  83  84  85  88  89  90  92  93  94  95  


  ==> Energy                -256.175112594
  ==> dE                       -1.55e-03
  ==> Gradient Norm             2.82e-01
  ==> Abs. Max. Deriv.          3.68e-02
  ==> Time-Grad. (s)              70.390
  ==> Time-Energy (s)              3.543
  ==> Time-Iter. (s)              74.963

--------------------------------------------------------------------------------
CEO-ADAPT-VQE iteration: 135
--------------------------------------------------------------------------------
    gate        derivative      name       op1       op2       op3        g_unscaled   penalty
     833        0.00199634      a_ia       833                            0.00399269         2
     663        0.00098975      a_ia       663                            0.00395899         4
     906        0.00089109      a_ia       906                            0.00178218         2
     938       -0.00066322      a_ia       938                           -0.00132643         2
     982        0.00047399      a_ia       982                            0.00189597         4
     662        0.00045943      a_ia       662                            0.00826969        18
     802       -0.00045157      a_ia       802                           -0.00180628         4
     664        0.00040867      a_ia       664                            0.00408669        10
     800        0.00039421      a_ia       800                            0.00236523         6
     746       -0.00033093      a_ia       746                           -0.00397111        12

  ==> Add operator: a_ia 833
  ==> Current qubit order: 0  1  2  3  4  5  6  7  8  9  10  11  12  13  14  15  17  18  19  22  23  24  25  26  27  32  33  40  41  35  34  54  44  46  45  53  42  52  55  47  29  37  28  36  43  57  56  21  79  49  48  20  66  16  91  67  87  86  59  58  50  61  60  30  71  51  31  70  39  69  38  68  62  63  65  64  72  73  74  75  76  77  78  80  81  82  83  84  85  88  89  90  92  93  94  95  


  ==> Energy                -256.175117778
  ==> dE                       -5.18e-06
  ==> Gradient Norm             2.76e-01
  ==> Abs. Max. Deriv.          3.03e-02
  ==> Time-Grad. (s)              73.879
  ==> Time-Energy (s)              5.032
  ==> Time-Iter. (s)              79.930

--------------------------------------------------------------------------------
CEO-ADAPT-VQE iteration: 136
--------------------------------------------------------------------------------
    gate        derivative      name       op1       op2       op3        g_unscaled   penalty
     664        0.00100274      a_ia       664                            0.00401095         4
     908        0.00088639      a_ia       908                            0.00177277         2
     940       -0.00065784      a_ia       940                           -0.00131568         2
   93266       -0.00059727        op     39419     39420                 -0.07107514       119
   93267       -0.00048425        om     39419     39420                 -0.05762540       119
   39419       -0.00047667    a_iajb     39419                           -0.06435027       135
     984        0.00047484      a_ia       984                            0.00189935         4
     663        0.00045571      a_ia       663                            0.00820278        18
     804       -0.00045188      a_ia       804                           -0.00180752         4
     665        0.00040694      a_ia       665                            0.00406943        10

  ==> Add operator: a_ia 664
  ==> Current qubit order: 0  1  2  3  4  5  6  7  8  9  10  11  12  13  14  15  17  18  19  22  23  24  25  26  27  32  33  40  41  35  34  54  44  46  45  53  42  52  47  55  29  37  28  36  43  57  56  21  79  49  48  20  66  16  91  67  87  86  59  58  50  61  60  30  71  51  31  70  39  69  38  68  62  63  65  64  72  73  74  75  76  77  78  80  81  82  83  84  85  88  89  90  92  93  94  95  


  ==> Energy                -256.175123494
  ==> dE                       -5.72e-06
  ==> Gradient Norm             2.85e-01
  ==> Abs. Max. Deriv.          7.11e-02
  ==> Time-Grad. (s)              78.085
  ==> Time-Energy (s)              5.054
  ==> Time-Iter. (s)              84.170

--------------------------------------------------------------------------------
CEO-ADAPT-VQE iteration: 137
--------------------------------------------------------------------------------
    gate        derivative      name       op1       op2       op3        g_unscaled   penalty
     912        0.00088664      a_ia       912                            0.00177328         2
     945       -0.00072790      a_ia       945                           -0.00145580         2
     989        0.00047505      a_ia       989                            0.00190021         4
     665        0.00045766      a_ia       665                            0.00823780        18
     667        0.00039952      a_ia       667                            0.00399515        10
     804        0.00039438      a_ia       804                            0.00236626         6
   91635        0.00038368        op     38461     38462                  0.01880013        49
   91636        0.00038368        op     38461     38462                  0.01880013        49
     750       -0.00033102      a_ia       750                           -0.00397225        12
     499       -0.00031282      a_ia       499                           -0.00062563         2

  ==> Add operator: a_ia 912
  ==> Current qubit order: 0  1  2  3  4  5  6  7  8  9  10  11  12  13  14  15  17  18  19  22  23  24  25  26  27  32  33  40  41  35  34  54  44  46  45  53  42  52  47  55  29  37  28  36  43  57  56  21  79  49  48  20  66  16  91  67  87  86  59  58  50  61  60  30  71  51  31  70  39  69  38  68  62  63  65  64  72  73  74  75  76  77  78  80  81  82  83  84  85  88  89  90  92  93  94  95  


  ==> Energy                -256.175125338
  ==> dE                       -1.84e-06
  ==> Gradient Norm             2.77e-01
  ==> Abs. Max. Deriv.          2.53e-02
  ==> Time-Grad. (s)              74.705
  ==> Time-Energy (s)              4.072
  ==> Time-Iter. (s)              79.876

--------------------------------------------------------------------------------
CEO-ADAPT-VQE iteration: 138
--------------------------------------------------------------------------------
    gate        derivative      name       op1       op2       op3        g_unscaled   penalty
     953       -0.00072467      a_ia       953                           -0.00144935         2
     997        0.00047509      a_ia       997                            0.00190036         4
     670        0.00045773      a_ia       670                            0.00823916        18
     672        0.00039968      a_ia       672                            0.00399680        10
     810        0.00039462      a_ia       810                            0.00236772         6
     755       -0.00033106      a_ia       755                           -0.00397272        12
     502       -0.00031110      a_ia       502                           -0.00062220         2
     812       -0.00030191      a_ia       812                           -0.00181148         6
     846       -0.00028340      a_ia       846                           -0.00226719         8
   91685       -0.00028218        om     38305     38306                 -0.02962884       105

  ==> Add operator: a_ia 953
  ==> Current qubit order: 0  1  2  3  4  5  6  7  8  9  10  11  12  13  14  15  17  18  19  22  23  24  25  26  27  32  33  40  41  35  34  54  44  46  45  53  42  52  47  55  29  37  28  36  43  57  56  21  79  49  48  20  66  16  91  67  87  86  59  58  50  61  60  30  71  51  31  70  39  69  38  68  62  63  65  64  72  73  74  75  76  77  78  80  81  82  83  84  85  88  89  90  92  93  94  95  


  ==> Energy                -256.175126515
  ==> dE                       -1.18e-06
  ==> Gradient Norm             2.81e-01
  ==> Abs. Max. Deriv.          2.96e-02
  ==> Time-Grad. (s)             116.549
  ==> Time-Energy (s)              3.945
  ==> Time-Iter. (s)             121.530

--------------------------------------------------------------------------------
CEO-ADAPT-VQE iteration: 139
--------------------------------------------------------------------------------
    gate        derivative      name       op1       op2       op3        g_unscaled   penalty
     999        0.00047513      a_ia       999                            0.00190051         4
   94416       -0.00045791        op     40729     40730                 -0.03067986        67
     671        0.00045780      a_ia       671                            0.00824038        18
   94417       -0.00045413        om     40729     40730                 -0.03042664        67
     673        0.00039901      a_ia       673                            0.00399012        10
     812        0.00039493      a_ia       812                            0.00236956         6
   40729       -0.00036811    a_iajb     40729                           -0.03055325        83
   90438        0.00033797        op     37717     37718                  0.02129201        63
     756       -0.00033107      a_ia       756                           -0.00397283        12
     503       -0.00031097      a_ia       503                           -0.00062193         2

  ==> Add operator: a_ia 999
  ==> Current qubit order: 0  1  2  3  4  5  6  7  8  9  10  11  12  13  14  15  17  18  19  22  23  24  25  26  27  32  33  40  41  35  34  54  44  46  45  53  42  52  47  55  29  37  28  36  43  57  56  21  79  49  48  20  66  16  91  67  87  86  59  58  61  50  60  30  71  51  31  70  39  69  38  68  62  63  65  64  72  73  74  75  76  77  78  80  81  82  83  84  85  88  89  90  92  93  94  95  


  ==> Energy                -256.175157098
  ==> dE                       -3.06e-05
  ==> Gradient Norm             2.80e-01
  ==> Abs. Max. Deriv.          3.07e-02
  ==> Time-Grad. (s)              72.072
  ==> Time-Energy (s)              5.142
  ==> Time-Iter. (s)              78.225

--------------------------------------------------------------------------------
CEO-ADAPT-VQE iteration: 140
--------------------------------------------------------------------------------
    gate        derivative      name       op1       op2       op3        g_unscaled   penalty
     825       -0.00049152      a_ia       825                           -0.00196607         4
     678        0.00045685      a_ia       678                            0.00822335        18
     680        0.00039849      a_ia       680                            0.00398490        10
     821        0.00039645      a_ia       821                            0.00237872         6
     765       -0.00033122      a_ia       765                           -0.00397465        12
     699       -0.00032154      a_ia       699                           -0.00128615         4
     508       -0.00031163      a_ia       508                           -0.00062327         2
     823       -0.00030383      a_ia       823                           -0.00182299         6
     858       -0.00028013      a_ia       858                           -0.00224103         8
     807       -0.00027445      a_ia       807                           -0.00164669         6

  ==> Add operator: a_ia 825
  ==> Current qubit order: 0  1  2  3  4  5  6  7  8  9  10  11  12  13  14  15  17  18  19  22  23  24  25  26  27  32  33  40  41  35  34  54  44  46  45  53  42  52  47  29  55  37  28  36  43  57  56  21  79  49  48  20  66  16  91  67  87  86  59  58  61  50  60  30  71  51  31  70  39  69  38  68  62  63  65  64  72  73  74  75  76  77  78  80  81  82  83  84  85  88  89  90  92  93  94  95  


  ==> Energy                -256.175158278
  ==> dE                       -1.18e-06
  ==> Gradient Norm             2.81e-01
  ==> Abs. Max. Deriv.          2.53e-02
  ==> Time-Grad. (s)             123.663
  ==> Time-Energy (s)              5.094
  ==> Time-Iter. (s)             129.723

--------------------------------------------------------------------------------
CEO-ADAPT-VQE iteration: 141
--------------------------------------------------------------------------------
    gate        derivative      name       op1       op2       op3        g_unscaled   penalty
   93707       -0.00084851        om     40067     40068                 -0.07382068        87
   93706       -0.00066990        op     40067     40068                 -0.05828107        87
   40067       -0.00064127    a_iajb     40067                           -0.06605087       103
     680        0.00041052      a_ia       680                            0.00821034        20
   91541        0.00040698        om     38438     38439                  0.03377928        83
     823        0.00039799      a_ia       823                            0.00238797         6
     913       -0.00034289      a_ia       913                           -0.00274315         8
     682        0.00033223      a_ia       682                            0.00398682        12
     767       -0.00033122      a_ia       767                           -0.00397468        12
     701       -0.00032308      a_ia       701                           -0.00129232         4

  ==> Add operator: mvp2 -1: 40067 40068
  ==> Current qubit order: 0  1  2  3  4  5  6  7  8  9  10  11  12  13  14  15  17  18  19  22  23  24  25  26  27  32  33  40  41  35  34  54  44  46  45  53  42  52  47  29  55  37  28  36  43  57  56  21  79  49  48  20  66  16  91  67  87  86  59  58  61  60  30  71  51  31  70  69  68  62  63  50  39  38  85  65  64  72  73  74  75  76  77  78  80  81  82  83  84  88  89  90  92  93  94  95  


  ==> Energy                -256.176664120
  ==> dE                       -1.51e-03
  ==> Gradient Norm             2.94e-01
  ==> Abs. Max. Deriv.          7.38e-02
  ==> Time-Grad. (s)             117.000
  ==> Time-Energy (s)              9.242
  ==> Time-Iter. (s)             127.257

--------------------------------------------------------------------------------
CEO-ADAPT-VQE iteration: 142
--------------------------------------------------------------------------------
    gate        derivative      name       op1       op2       op3        g_unscaled   penalty
     873        0.00179021      a_ia       873                            0.00716083         4
     868        0.00061021      a_ia       868                            0.00244083         4
   90941        0.00058306        op     38087     38088                  0.03090217        53
     871        0.00045091      a_ia       871                            0.00541092        12
     685        0.00041226      a_ia       685                            0.00824515        20
     832        0.00040785      a_ia       832                            0.00244713         6
    1042       -0.00037612      a_ia      1042                           -0.00225671         6
    1026        0.00036306      a_ia      1026                            0.00145223         4
    1215       -0.00035583      a_ia      1215                           -0.00142333         4
   38087        0.00034888    a_iajb     38087                            0.02407279        69

  ==> Add operator: a_ia 873
  ==> Current qubit order: 0  1  2  3  4  5  6  7  8  9  10  11  12  13  14  15  17  18  19  22  23  24  25  26  27  32  33  40  41  35  34  54  44  46  45  53  42  52  47  29  55  37  28  36  43  57  56  21  79  49  48  20  66  16  91  67  87  86  59  58  61  60  30  71  51  31  70  69  68  62  63  50  38  39  85  65  64  72  73  74  75  76  77  78  80  81  82  83  84  88  89  90  92  93  94  95  


  ==> Energy                -256.176673724
  ==> dE                       -9.60e-06
  ==> Gradient Norm             2.83e-01
  ==> Abs. Max. Deriv.          3.09e-02
  ==> Time-Grad. (s)              75.647
  ==> Time-Energy (s)              4.095
  ==> Time-Iter. (s)              80.767

--------------------------------------------------------------------------------
CEO-ADAPT-VQE iteration: 143
--------------------------------------------------------------------------------
    gate        derivative      name       op1       op2       op3        g_unscaled   penalty
     875        0.00054870      a_ia       875                            0.00548696        10
     872        0.00041829      a_ia       872                            0.00250977         6
     687        0.00041684      a_ia       687                            0.00833690        20
     836        0.00040799      a_ia       836                            0.00244794         6
    1048       -0.00037246      a_ia      1048                           -0.00223476         6
    1032        0.00036347      a_ia      1032                            0.00145390         4
    1221       -0.00035606      a_ia      1221                           -0.00142426         4
     779       -0.00033605      a_ia       779                           -0.00403263        12
     689        0.00032939      a_ia       689                            0.00395265        12
     928       -0.00032658      a_ia       928                           -0.00261265         8

  ==> Add operator: a_ia 875
  ==> Current qubit order: 0  1  2  3  4  5  6  7  8  9  10  11  12  13  14  15  17  18  19  22  23  24  25  26  27  32  33  40  41  35  34  54  44  46  45  53  42  52  47  29  55  37  28  36  43  57  56  21  79  49  48  20  66  16  91  67  87  86  59  58  61  60  30  71  51  31  70  69  68  62  63  50  38  85  65  64  72  39  73  74  75  76  77  78  80  81  82  83  84  88  89  90  92  93  94  95  


  ==> Energy                -256.176681450
  ==> dE                       -7.73e-06
  ==> Gradient Norm             2.82e-01
  ==> Abs. Max. Deriv.          2.97e-02
  ==> Time-Grad. (s)             116.324
  ==> Time-Energy (s)              5.097
  ==> Time-Iter. (s)             122.461

--------------------------------------------------------------------------------
CEO-ADAPT-VQE iteration: 144
--------------------------------------------------------------------------------
    gate        derivative      name       op1       op2       op3        g_unscaled   penalty
     689        0.00041751      a_ia       689                            0.00835019        20
     839        0.00040820      a_ia       839                            0.00244921         6
    1051       -0.00037266      a_ia      1051                           -0.00223598         6
    1035        0.00036343      a_ia      1035                            0.00145374         4
    1224       -0.00035608      a_ia      1224                           -0.00142434         4
     781       -0.00033608      a_ia       781                           -0.00403296        12
     691        0.00032839      a_ia       691                            0.00394072        12
     931       -0.00032475      a_ia       931                           -0.00259798         8
     517       -0.00031770      a_ia       517                           -0.00063541         2
     841       -0.00031150      a_ia       841                           -0.00186899         6

  ==> Add operator: a_ia 689
  ==> Current qubit order: 0  1  2  3  4  5  6  7  8  9  10  11  12  13  14  15  17  18  19  22  23  24  25  26  27  32  33  40  41  35  34  54  44  46  45  53  42  52  47  55  37  28  36  43  57  56  21  79  29  49  48  20  66  16  91  67  87  86  59  58  61  60  30  71  51  31  70  69  68  62  63  50  38  85  65  64  72  39  73  74  75  76  77  78  80  81  82  83  84  88  89  90  92  93  94  95  


  ==> Energy                -256.176718209
  ==> dE                       -3.68e-05
  ==> Gradient Norm             2.85e-01
  ==> Abs. Max. Deriv.          3.51e-02
  ==> Time-Grad. (s)              73.564
  ==> Time-Energy (s)              4.944
  ==> Time-Iter. (s)              79.545

--------------------------------------------------------------------------------
CEO-ADAPT-VQE iteration: 145
--------------------------------------------------------------------------------
    gate        derivative      name       op1       op2       op3        g_unscaled   penalty
   90362       -0.00051807        op     37784     37785                 -0.02745780        53
     692        0.00051667      a_ia       692                            0.00413336         8
     427       -0.00048786      a_ia       427                           -0.00097573         2
     843       -0.00046575      a_ia       843                           -0.00186301         4
   90363       -0.00045840        om     37784     37785                 -0.02429545        53
     841        0.00040798      a_ia       841                            0.00244787         6
     916       -0.00038848      a_ia       916                           -0.00077696         2
   37784       -0.00037502    a_iajb     37784                           -0.02587663        69
    1054       -0.00037162      a_ia      1054                           -0.00222970         6
    1038        0.00036354      a_ia      1038                            0.00145417         4

  ==> Add operator: mvp2 -1: 37784 37785
  ==> Current qubit order: 0  1  2  3  4  5  6  7  8  9  10  11  12  13  14  15  17  18  19  22  23  24  25  26  27  32  33  40  41  35  34  54  44  46  45  42  47  55  53  52  36  29  37  28  43  57  56  21  79  49  48  20  66  16  91  67  87  86  59  58  61  60  30  71  51  31  70  69  68  62  63  50  38  85  65  64  72  39  73  74  75  76  77  78  80  81  82  83  84  88  89  90  92  93  94  95  


  ==> Energy                -256.177275444
  ==> dE                       -5.57e-04
  ==> Gradient Norm             2.82e-01
  ==> Abs. Max. Deriv.          2.96e-02
  ==> Time-Grad. (s)              70.733
  ==> Time-Energy (s)              8.787
  ==> Time-Iter. (s)              80.567

--------------------------------------------------------------------------------
CEO-ADAPT-VQE iteration: 146
--------------------------------------------------------------------------------
    gate        derivative      name       op1       op2       op3        g_unscaled   penalty
    1077       -0.00085125      a_ia      1077                           -0.00170250         2
     842        0.00059373      a_ia       842                            0.00237490         4
     693        0.00050706      a_ia       693                            0.00405645         8
     428       -0.00047656      a_ia       428                           -0.00095311         2
     783       -0.00041200      a_ia       783                           -0.00412003        10
    1057       -0.00037132      a_ia      1057                           -0.00222791         6
    1041        0.00036443      a_ia      1041                            0.00145771         4
   90714        0.00035780        op     38051     38052                  0.04186276       117
    1233       -0.00035738      a_ia      1233                           -0.00142950         4
     845       -0.00034428      a_ia       845                           -0.00481990        14

  ==> Add operator: a_ia 1077
  ==> Current qubit order: 0  1  2  3  4  5  6  7  8  9  10  11  12  13  14  15  17  18  19  22  23  24  25  26  27  32  33  40  41  35  34  54  44  46  45  42  47  55  53  52  36  29  37  28  43  57  56  21  79  49  48  20  66  16  91  67  87  86  59  58  61  60  30  71  51  31  70  69  68  62  63  50  38  85  65  64  72  39  73  74  75  76  77  78  80  81  82  83  84  88  89  90  92  93  94  95  


  ==> Energy                -256.177343640
  ==> dE                       -6.82e-05
  ==> Gradient Norm             2.81e-01
  ==> Abs. Max. Deriv.          4.19e-02
  ==> Time-Grad. (s)             116.869
  ==> Time-Energy (s)              5.667
  ==> Time-Iter. (s)             123.589

--------------------------------------------------------------------------------
CEO-ADAPT-VQE iteration: 147
--------------------------------------------------------------------------------
    gate        derivative      name       op1       op2       op3        g_unscaled   penalty
     845        0.00060356      a_ia       845                            0.00241422         4
     696        0.00051618      a_ia       696                            0.00412947         8
     429       -0.00046963      a_ia       429                           -0.00093926         2
     786       -0.00041787      a_ia       786                           -0.00417873        10
    1060       -0.00037032      a_ia      1060                           -0.00222189         6
    1044        0.00036411      a_ia      1044                            0.00145644         4
    1237       -0.00035733      a_ia      1237                           -0.00142933         4
     997       -0.00034837      a_ia       997                           -0.00139349         4
     848       -0.00034557      a_ia       848                           -0.00483792        14
     810        0.00033887      a_ia       810                            0.00474413        14

  ==> Add operator: a_ia 845
  ==> Current qubit order: 0  1  2  3  4  5  6  7  8  9  10  11  12  13  14  15  17  18  19  22  23  24  25  26  27  32  33  40  41  35  34  54  44  46  45  42  47  55  53  52  36  29  28  37  43  57  56  21  79  49  48  20  66  16  91  67  87  86  59  58  61  60  30  71  51  31  70  69  68  62  63  50  38  85  65  64  72  39  73  74  75  76  77  78  80  81  82  83  84  88  89  90  92  93  94  95  


  ==> Energy                -256.177456381
  ==> dE                       -1.13e-04
  ==> Gradient Norm             2.88e-01
  ==> Abs. Max. Deriv.          3.43e-02
  ==> Time-Grad. (s)             120.194
  ==> Time-Energy (s)              3.703
  ==> Time-Iter. (s)             124.930

--------------------------------------------------------------------------------
CEO-ADAPT-VQE iteration: 148
--------------------------------------------------------------------------------
    gate        derivative      name       op1       op2       op3        g_unscaled   penalty
     699        0.00051839      a_ia       699                            0.00414709         8
     429       -0.00047228      a_ia       429                           -0.00094455         2
     789       -0.00042388      a_ia       789                           -0.00423882        10
    1001       -0.00038742      a_ia      1001                           -0.00154968         4
    1064       -0.00037601      a_ia      1064                           -0.00225604         6
     851       -0.00036751      a_ia       851                           -0.00441016        12
    1048        0.00036490      a_ia      1048                            0.00145961         4
    1242       -0.00035788      a_ia      1242                           -0.00143152         4
     813        0.00033809      a_ia       813                            0.00473332        14
    1051       -0.00031330      a_ia      1051                           -0.00313304        10

  ==> Add operator: a_ia 699
  ==> Current qubit order: 0  1  2  3  4  5  6  7  8  9  10  11  12  13  14  15  17  18  19  22  23  24  25  26  27  32  33  40  41  35  34  54  44  46  45  42  47  55  53  52  36  28  37  43  29  57  56  21  79  49  48  20  66  16  91  67  87  86  59  58  61  60  30  71  51  31  70  69  68  62  63  50  38  85  65  64  72  39  73  74  75  76  77  78  80  81  82  83  84  88  89  90  92  93  94  95  


  ==> Energy                -256.177461950
  ==> dE                       -5.57e-06
  ==> Gradient Norm             2.88e-01
  ==> Abs. Max. Deriv.          4.53e-02
  ==> Time-Grad. (s)              81.216
  ==> Time-Energy (s)              4.498
  ==> Time-Iter. (s)              87.166

--------------------------------------------------------------------------------
CEO-ADAPT-VQE iteration: 149
--------------------------------------------------------------------------------
    gate        derivative      name       op1       op2       op3        g_unscaled   penalty
   90582        0.00082419        op     37946     37947                  0.05851772        71
   90583        0.00082419        om     37946     37947                  0.05851772        71
   37946        0.00067262    a_iajb     37946                            0.05851772        87
     680       -0.00061239      a_ia       680                           -0.00122478         2
     431       -0.00051414      a_ia       431                           -0.00102829         2
     792       -0.00042387      a_ia       792                           -0.00423869        10
    1007       -0.00039858      a_ia      1007                           -0.00159432         4
    1070       -0.00037593      a_ia      1070                           -0.00225559         6
    1054        0.00036489      a_ia      1054                            0.00145956         4
    1249       -0.00035788      a_ia      1249                           -0.00143150         4

  ==> Add operator: op -1: 37946 37947
  ==> Current qubit order: 0  1  2  3  4  5  6  7  8  9  10  11  12  13  14  15  17  18  19  22  23  24  25  26  27  32  33  40  41  35  34  54  44  46  45  42  47  55  53  52  36  28  37  43  29  57  56  21  79  49  48  20  66  16  91  67  87  86  59  58  61  60  71  51  70  69  68  62  30  31  72  73  63  50  38  85  65  64  39  74  75  76  77  78  80  81  82  83  84  88  89  90  92  93  94  95  


  ==> Energy                -256.177818046
  ==> dE                       -3.56e-04
  ==> Gradient Norm             2.99e-01
  ==> Abs. Max. Deriv.          5.85e-02
  ==> Time-Grad. (s)              74.494
  ==> Time-Energy (s)              3.591
  ==> Time-Iter. (s)              79.121

--------------------------------------------------------------------------------
CEO-ADAPT-VQE iteration: 150
--------------------------------------------------------------------------------
    gate        derivative      name       op1       op2       op3        g_unscaled   penalty
     683       -0.00061224      a_ia       683                           -0.00122448         2
    1074       -0.00056408      a_ia      1074                           -0.00225633         4
     433       -0.00051371      a_ia       433                           -0.00102742         2
   89993       -0.00043048        om     37513     37514                 -0.02281554        53
   90712        0.00043040        op     38044     38045                  0.02969772        69
     795       -0.00042384      a_ia       795                           -0.00423838        10
   89992       -0.00042239        op     37513     37514                 -0.02238666        53
    1011       -0.00039641      a_ia      1011                           -0.00158563         4
   90713        0.00036497        om     38044     38045                  0.02518326        69
    1071        0.00036444      a_ia      1071                            0.00218663         6

  ==> Add operator: a_ia 683
  ==> Current qubit order: 0  1  2  3  4  5  6  7  8  9  10  11  12  13  14  15  17  18  19  22  23  24  25  26  27  32  33  40  41  35  34  54  44  46  45  42  47  55  53  52  36  28  37  43  29  57  56  21  79  49  48  20  66  16  91  67  87  86  59  58  61  60  71  51  70  69  68  62  30  31  72  73  63  50  38  85  65  64  39  74  75  76  77  78  80  81  82  83  84  88  89  90  92  93  94  95  


  ==> Energy                -256.177898878
  ==> dE                       -8.08e-05
  ==> Gradient Norm             2.84e-01
  ==> Abs. Max. Deriv.          2.97e-02
  ==> Time-Grad. (s)              80.034
  ==> Time-Energy (s)            244.527
  ==> Time-Iter. (s)             325.611

--------------------------------------------------------------------------------
CEO-ADAPT-VQE iteration: 151
--------------------------------------------------------------------------------
    gate        derivative      name       op1       op2       op3        g_unscaled   penalty
     708        0.00092492      a_ia       708                            0.00184983         2
     885        0.00068151      a_ia       885                            0.01090420        16
    1079       -0.00055324      a_ia      1079                           -0.00221295         4
     799       -0.00042254      a_ia       799                           -0.00422537        10
    1016       -0.00038816      a_ia      1016                           -0.00155266         4
    1262       -0.00036305      a_ia      1262                           -0.00145220         4
    1076        0.00036098      a_ia      1076                            0.00216586         6
    1017       -0.00035238      a_ia      1017                           -0.00070476         2
     823        0.00034029      a_ia       823                            0.00476412        14
     863       -0.00032159      a_ia       863                           -0.00450221        14

  ==> Add operator: a_ia 708
  ==> Current qubit order: 0  1  2  3  4  5  6  7  8  9  10  11  12  13  14  15  17  18  19  22  23  24  25  26  27  32  33  40  41  35  34  54  44  46  45  42  47  55  53  52  36  28  37  43  29  57  56  21  79  49  48  20  66  16  91  67  87  86  59  58  61  60  71  51  70  69  68  62  30  31  72  73  63  50  38  85  65  64  39  74  75  76  77  78  80  81  82  83  84  88  89  90  92  93  94  95  


  ==> Energy                -256.177900616
  ==> dE                       -1.74e-06
  ==> Gradient Norm             2.92e-01
  ==> Abs. Max. Deriv.          3.81e-02
  ==> Time-Grad. (s)              77.802
  ==> Time-Energy (s)              5.862
  ==> Time-Iter. (s)              84.733

--------------------------------------------------------------------------------
CEO-ADAPT-VQE iteration: 152
--------------------------------------------------------------------------------
    gate        derivative      name       op1       op2       op3        g_unscaled   penalty
     888        0.00068121      a_ia       888                            0.01089929        16
    1082       -0.00055320      a_ia      1082                           -0.00221279         4
     802       -0.00042252      a_ia       802                           -0.00422524        10
    1019       -0.00039351      a_ia      1019                           -0.00157406         4
   94040        0.00036534        op     40661     40663                  0.02155488        59
   94041        0.00036534        op     40661     40663                  0.02155488        59
    1265       -0.00036307      a_ia      1265                           -0.00145228         4
    1079        0.00036091      a_ia      1079                            0.00216546         6
    1020       -0.00034906      a_ia      1020                           -0.00069813         2
     826        0.00034031      a_ia       826                            0.00476435        14

  ==> Add operator: a_ia 888
  ==> Current qubit order: 0  1  2  3  4  5  6  7  8  9  10  11  12  13  14  15  17  18  19  22  23  24  25  26  27  32  33  40  41  35  34  54  44  46  45  42  47  55  53  52  36  28  37  43  29  57  56  21  79  49  48  20  66  16  91  67  87  86  59  58  61  60  71  51  70  69  62  30  31  72  73  63  50  68  38  85  65  64  39  74  75  76  77  78  80  81  82  83  84  88  89  90  92  93  94  95  


  ==> Energy                -256.177933214
  ==> dE                       -3.26e-05
  ==> Gradient Norm             2.96e-01
  ==> Abs. Max. Deriv.          3.80e-02
  ==> Time-Grad. (s)              84.831
  ==> Time-Energy (s)              4.950
  ==> Time-Iter. (s)              90.822

--------------------------------------------------------------------------------
CEO-ADAPT-VQE iteration: 153
--------------------------------------------------------------------------------
    gate        derivative      name       op1       op2       op3        g_unscaled   penalty
    1086       -0.00055611      a_ia      1086                           -0.00222442         4
    1072       -0.00053314      a_ia      1072                           -0.00106628         2
     803       -0.00042276      a_ia       803                           -0.00422762        10
    1022       -0.00038764      a_ia      1022                           -0.00155055         4
   91012        0.00037276        op     38300     38302                  0.02050188        55
   91013        0.00037276        op     38300     38302                  0.02050188        55
   91008        0.00037021        op     38300     38301                  0.02036180        55
   91009        0.00037021        op     38300     38301                  0.02036180        55
    1083        0.00036224      a_ia      1083                            0.00217342         6
     908        0.00034406      a_ia       908                            0.00206437         6

  ==> Add operator: a_ia 1086
  ==> Current qubit order: 0  1  2  3  4  5  6  7  8  9  10  11  12  13  14  15  17  18  19  22  23  24  25  26  27  32  33  40  41  35  34  54  44  46  45  42  47  55  53  52  36  28  37  43  29  57  56  21  79  49  48  20  66  16  91  67  87  86  59  58  61  60  71  70  51  69  62  30  31  72  73  63  50  68  38  85  65  64  39  74  75  76  77  78  80  81  82  83  84  88  89  90  92  93  94  95  


  ==> Energy                -256.177967242
  ==> dE                       -3.40e-05
  ==> Gradient Norm             2.87e-01
  ==> Abs. Max. Deriv.          3.91e-02
  ==> Time-Grad. (s)              78.213
  ==> Time-Energy (s)              4.071
  ==> Time-Iter. (s)              83.323

--------------------------------------------------------------------------------
CEO-ADAPT-VQE iteration: 154
--------------------------------------------------------------------------------
    gate        derivative      name       op1       op2       op3        g_unscaled   penalty
    1075       -0.00061131      a_ia      1075                           -0.00122262         2
   94033       -0.00042461        op     40693     40694                 -0.03099671        73
     806       -0.00042380      a_ia       806                           -0.00423802        10
   94034       -0.00041843        om     40693     40694                 -0.03054571        73
    1025       -0.00039291      a_ia      1025                           -0.00157165         4
   40693       -0.00034574    a_iajb     40693                           -0.03077121        89
     830        0.00034105      a_ia       830                            0.00477464        14
    1026       -0.00034099      a_ia      1026                           -0.00068197         2
     870       -0.00031502      a_ia       870                           -0.00441022        14
     712       -0.00030648      a_ia       712                           -0.00122593         4

  ==> Add operator: a_ia 1075
  ==> Current qubit order: 0  1  2  3  4  5  6  7  8  9  10  11  12  13  14  15  17  18  19  22  23  24  25  26  27  32  33  40  41  35  34  54  44  46  45  42  47  55  53  52  36  28  37  43  29  57  56  21  79  49  48  20  66  16  91  67  87  86  59  58  61  60  71  70  51  69  62  30  31  72  73  63  50  68  38  85  65  64  39  74  75  76  77  78  80  81  82  83  84  88  89  90  92  93  94  95  


  ==> Energy                -256.177977614
  ==> dE                       -1.04e-05
  ==> Gradient Norm             2.80e-01
  ==> Abs. Max. Deriv.          3.10e-02
  ==> Time-Grad. (s)              75.350
  ==> Time-Energy (s)              3.605
  ==> Time-Iter. (s)              79.988

--------------------------------------------------------------------------------
CEO-ADAPT-VQE iteration: 155
--------------------------------------------------------------------------------
    gate        derivative      name       op1       op2       op3        g_unscaled   penalty
     809       -0.00042426      a_ia       809                           -0.00424257        10
    1031       -0.00039746      a_ia      1031                           -0.00158986         4
     874        0.00035486      a_ia       874                            0.00283891         8
    1032       -0.00034532      a_ia      1032                           -0.00069063         2
     833        0.00034130      a_ia       833                            0.00477815        14
     896        0.00032573      a_ia       896                            0.00065147         2
     873       -0.00031513      a_ia       873                           -0.00441182        14
     715       -0.00030791      a_ia       715                           -0.00123164         4
    1276       -0.00029859      a_ia      1276                           -0.00059718         2
     560       -0.00029580      a_ia       560                           -0.00118319         4

  ==> Add operator: a_ia 809
  ==> Current qubit order: 0  1  2  3  4  5  6  7  8  9  10  11  12  13  14  15  17  18  19  22  23  24  25  26  27  32  33  40  41  35  54  44  46  45  34  42  47  55  53  52  36  28  37  43  29  57  56  21  79  49  48  20  66  16  91  67  87  86  59  58  61  60  71  70  51  69  62  30  31  72  73  63  50  68  38  85  65  64  39  74  75  76  77  78  80  81  82  83  84  88  89  90  92  93  94  95  


  ==> Energy                -256.178487151
  ==> dE                       -5.10e-04
  ==> Gradient Norm             2.78e-01
  ==> Abs. Max. Deriv.          2.53e-02
  ==> Time-Grad. (s)              81.126
  ==> Time-Energy (s)              4.324
  ==> Time-Iter. (s)              86.506

--------------------------------------------------------------------------------
CEO-ADAPT-VQE iteration: 156
--------------------------------------------------------------------------------
    gate        derivative      name       op1       op2       op3        g_unscaled   penalty
    1089        0.00050815      a_ia      1089                            0.01626069        32
    1034       -0.00043732      a_ia      1034                           -0.00174929         4
     877        0.00036184      a_ia       877                            0.00289475         8
     899        0.00036086      a_ia       899                            0.00072173         2
    1035       -0.00035659      a_ia      1035                           -0.00071317         2
     836        0.00034299      a_ia       836                            0.00480191        14
     718       -0.00031726      a_ia       718                           -0.00126904         4
     876       -0.00031345      a_ia       876                           -0.00438829        14
    1281       -0.00029739      a_ia      1281                           -0.00059478         2
     918        0.00029610      a_ia       918                            0.00177658         6

  ==> Add operator: a_ia 1089
  ==> Current qubit order: 0  1  2  3  4  5  6  7  8  9  10  11  12  13  14  15  17  18  19  22  23  24  25  26  27  32  33  40  41  35  54  44  46  45  34  42  47  55  53  52  36  28  37  43  29  57  56  21  79  49  48  20  66  16  91  67  87  86  59  58  61  60  71  70  51  69  62  30  31  72  73  63  68  38  85  65  64  39  74  75  76  77  78  80  81  82  83  50  84  88  89  90  92  93  94  95  


  ==> Energy                -256.180187292
  ==> dE                       -1.70e-03
  ==> Gradient Norm             2.80e-01
  ==> Abs. Max. Deriv.          3.25e-02
  ==> Time-Grad. (s)              76.554
  ==> Time-Energy (s)              5.210
  ==> Time-Iter. (s)              82.758

--------------------------------------------------------------------------------
CEO-ADAPT-VQE iteration: 157
--------------------------------------------------------------------------------
    gate        derivative      name       op1       op2       op3        g_unscaled   penalty
    1091        0.00206141      a_ia      1091                            0.00824564         4
     899        0.00110735      a_ia       899                            0.00221470         2
    1035       -0.00045802      a_ia      1035                           -0.00183208         4
     918        0.00041204      a_ia       918                            0.00247223         6
     736       -0.00040401      a_ia       736                           -0.00484817        12
    1036       -0.00039059      a_ia      1036                           -0.00078117         2
     877        0.00037169      a_ia       877                            0.00297355         8
     836        0.00034870      a_ia       836                            0.00488176        14
     718       -0.00032729      a_ia       718                           -0.00130914         4
     876       -0.00032055      a_ia       876                           -0.00448774        14

  ==> Add operator: a_ia 1091
  ==> Current qubit order: 0  1  2  3  4  5  6  7  8  9  10  11  12  13  14  15  17  18  19  22  23  24  25  26  27  32  33  40  41  35  54  44  46  45  34  42  47  55  53  52  36  28  37  43  29  57  56  21  79  49  48  20  66  16  91  67  87  86  59  58  61  60  71  70  51  69  62  30  31  72  73  63  68  38  85  65  64  39  74  75  76  77  78  80  81  82  83  84  50  88  89  90  92  93  94  95  


  ==> Energy                -256.180592226
  ==> dE                       -4.05e-04
  ==> Gradient Norm             2.84e-01
  ==> Abs. Max. Deriv.          2.93e-02
  ==> Time-Grad. (s)              84.521
  ==> Time-Energy (s)              4.465
  ==> Time-Iter. (s)              90.002

--------------------------------------------------------------------------------
CEO-ADAPT-VQE iteration: 158
--------------------------------------------------------------------------------
    gate        derivative      name       op1       op2       op3        g_unscaled   penalty
     903        0.00123012      a_ia       903                            0.00246023         2
    1039       -0.00046881      a_ia      1039                           -0.00187523         4
     922        0.00042403      a_ia       922                            0.00254416         6
    1040       -0.00040795      a_ia      1040                           -0.00081591         2
     881        0.00037223      a_ia       881                            0.00297780         8
     840        0.00035021      a_ia       840                            0.00490288        14
    1096       -0.00033686      a_ia      1096                           -0.00202113         6
     721       -0.00033018      a_ia       721                           -0.00132071         4
     880       -0.00032105      a_ia       880                           -0.00449466        14
     906        0.00030946      a_ia       906                            0.00866483        28

  ==> Add operator: a_ia 903
  ==> Current qubit order: 0  1  2  3  4  5  6  7  8  9  10  11  12  13  14  15  17  18  19  22  23  24  25  26  27  32  33  40  41  35  54  44  46  45  34  42  47  55  53  52  36  28  37  43  29  57  56  21  79  49  48  20  66  16  91  67  87  86  59  58  61  60  71  70  51  69  62  30  31  72  73  63  68  38  85  65  64  39  74  75  76  77  78  80  81  82  83  84  50  88  89  90  92  93  94  95  


  ==> Energy                -256.180594990
  ==> dE                       -2.76e-06
  ==> Gradient Norm             2.83e-01
  ==> Abs. Max. Deriv.          3.68e-02
  ==> Time-Grad. (s)             119.962
  ==> Time-Energy (s)              3.911
  ==> Time-Iter. (s)             125.011

--------------------------------------------------------------------------------
CEO-ADAPT-VQE iteration: 159
--------------------------------------------------------------------------------
    gate        derivative      name       op1       op2       op3        g_unscaled   penalty
   90690        0.00088216        op     38017     38018                  0.03616869        41
   90691        0.00087974        om     38017     38018                  0.03606947        41
   38017        0.00063367    a_iajb     38017                            0.03611908        57
    1041       -0.00046697      a_ia      1041                           -0.00186788         4
     924        0.00043242      a_ia       924                            0.00259454         6
     904       -0.00042270      a_ia       904                           -0.00084540         2
    1042       -0.00040363      a_ia      1042                           -0.00080726         2
     882        0.00036373      a_ia       882                            0.00290982         8
     841        0.00035027      a_ia       841                            0.00490373        14
    1099       -0.00033856      a_ia      1099                           -0.00203137         6

  ==> Add operator: mvp2 -1: 38017 38018
  ==> Current qubit order: 0  1  2  3  4  5  6  7  8  9  10  11  12  13  14  15  17  18  19  22  23  24  25  26  27  32  33  40  41  35  54  44  46  45  34  42  47  55  53  52  36  28  37  43  29  57  56  21  79  49  48  20  66  16  91  67  87  86  59  58  61  60  71  51  69  62  70  30  31  73  72  63  68  38  85  65  64  39  74  75  76  77  78  80  81  82  83  84  50  88  89  90  92  93  94  95  


  ==> Energy                -256.180730954
  ==> dE                       -1.36e-04
  ==> Gradient Norm             3.03e-01
  ==> Abs. Max. Deriv.          5.22e-02
  ==> Time-Grad. (s)              72.660
  ==> Time-Energy (s)             10.283
  ==> Time-Iter. (s)              83.991

--------------------------------------------------------------------------------
CEO-ADAPT-VQE iteration: 160
--------------------------------------------------------------------------------
    gate        derivative      name       op1       op2       op3        g_unscaled   penalty
    1042       -0.00046642      a_ia      1042                           -0.00186570         4
     925        0.00043136      a_ia       925                            0.00258814         6
     905       -0.00041725      a_ia       905                           -0.00083449         2
    1043       -0.00040330      a_ia      1043                           -0.00080660         2
     883        0.00036335      a_ia       883                            0.00290678         8
    1105        0.00035229      a_ia      1105                            0.00211374         6
     842        0.00035025      a_ia       842                            0.00490351        14
    1100       -0.00033880      a_ia      1100                           -0.00203280         6
     722       -0.00033070      a_ia       722                           -0.00132282         4
   89884        0.00032986        om     37461     37462                  0.01286436        39

  ==> Add operator: a_ia 1042
  ==> Current qubit order: 0  1  2  3  4  5  6  7  8  9  10  11  12  13  14  15  17  18  19  22  23  24  25  26  27  32  33  40  41  35  54  44  46  45  34  42  55  47  53  52  36  28  37  43  29  57  56  21  79  49  48  20  66  16  91  67  87  86  59  58  61  60  71  51  69  62  70  30  31  73  72  63  68  38  85  65  64  39  74  75  76  77  78  80  81  82  83  84  50  88  89  90  92  93  94  95  


  ==> Energy                -256.180733237
  ==> dE                       -2.28e-06
  ==> Gradient Norm             2.93e-01
  ==> Abs. Max. Deriv.          3.10e-02
  ==> Time-Grad. (s)              71.306
  ==> Time-Energy (s)              4.025
  ==> Time-Iter. (s)              76.365

--------------------------------------------------------------------------------
CEO-ADAPT-VQE iteration: 161
--------------------------------------------------------------------------------
    gate        derivative      name       op1       op2       op3        g_unscaled   penalty
     931        0.00043946      a_ia       931                            0.00263679         6
     909       -0.00042201      a_ia       909                           -0.00084402         2
    1050       -0.00037803      a_ia      1050                           -0.00075605         2
     887        0.00036638      a_ia       887                            0.00293104         8
    1112        0.00035249      a_ia      1112                            0.00211493         6
    1107       -0.00033885      a_ia      1107                           -0.00203312         6
     726       -0.00033083      a_ia       726                           -0.00132334         4
     886       -0.00031762      a_ia       886                           -0.00444664        14
     912        0.00030864      a_ia       912                            0.00864204        28
     846        0.00030709      a_ia       846                            0.00491345        16

  ==> Add operator: a_ia 931
  ==> Current qubit order: 0  1  2  3  4  5  6  7  8  9  10  11  12  13  14  15  17  18  19  22  23  24  25  26  27  32  33  40  41  35  54  44  46  45  34  42  55  47  53  52  36  28  37  43  29  57  56  21  79  49  48  20  66  16  91  67  87  86  59  58  61  60  71  51  69  62  70  30  31  73  72  63  68  38  65  64  85  39  74  75  76  77  78  80  81  82  83  84  50  88  89  90  92  93  94  95  


  ==> Energy                -256.180734987
  ==> dE                       -1.75e-06
  ==> Gradient Norm             2.81e-01
  ==> Abs. Max. Deriv.          2.53e-02
  ==> Time-Grad. (s)              77.150
  ==> Time-Energy (s)              4.801
  ==> Time-Iter. (s)              83.070

--------------------------------------------------------------------------------
CEO-ADAPT-VQE iteration: 162
--------------------------------------------------------------------------------
    gate        derivative      name       op1       op2       op3        g_unscaled   penalty
     913       -0.00040478      a_ia       913                           -0.00080956         2
    1055       -0.00038907      a_ia      1055                           -0.00077814         2
     891        0.00037105      a_ia       891                            0.00296841         8
    1117        0.00035073      a_ia      1117                            0.00210437         6
    1112       -0.00033886      a_ia      1112                           -0.00203317         6
     730       -0.00033072      a_ia       730                           -0.00132287         4
     890       -0.00032030      a_ia       890                           -0.00448426        14
     850        0.00030709      a_ia       850                            0.00491352        16
     916        0.00030400      a_ia       916                            0.00851194        28
    1308       -0.00029583      a_ia      1308                           -0.00059167         2

  ==> Add operator: a_ia 913
  ==> Current qubit order: 0  1  2  3  4  5  6  7  8  9  10  11  12  13  14  15  17  18  19  22  23  24  25  26  27  32  33  40  41  35  54  44  46  45  34  42  55  47  53  52  36  28  37  43  29  57  56  21  79  49  48  20  66  16  91  67  87  86  59  58  61  60  71  51  69  62  70  30  31  73  72  63  68  38  65  64  85  39  74  75  76  77  78  80  81  82  83  84  50  88  89  90  92  93  94  95  


  ==> Energy                -256.180734988
  ==> dE                       -3.39e-10
  ==> Gradient Norm             2.79e-01
  ==> Abs. Max. Deriv.          2.53e-02
  ==> Time-Grad. (s)              84.344
  ==> Time-Energy (s)              4.003
  ==> Time-Iter. (s)              89.406

--------------------------------------------------------------------------------
CEO-ADAPT-VQE iteration: 163
--------------------------------------------------------------------------------
    gate        derivative      name       op1       op2       op3        g_unscaled   penalty
     915       -0.00042317      a_ia       915                           -0.00084633         2
    1058       -0.00038902      a_ia      1058                           -0.00077804         2
     893        0.00037096      a_ia       893                            0.00296765         8
    1120        0.00035073      a_ia      1120                            0.00210440         6
    1115       -0.00033888      a_ia      1115                           -0.00203328         6
     732       -0.00033072      a_ia       732                           -0.00132289         4
     892       -0.00032028      a_ia       892                           -0.00448395        14
     852        0.00030710      a_ia       852                            0.00491353        16
     918        0.00030397      a_ia       918                            0.00851115        28
    1313       -0.00029583      a_ia      1313                           -0.00059167         2

  ==> Add operator: a_ia 915
  ==> Current qubit order: 0  1  2  3  4  5  6  7  8  9  10  11  12  13  14  15  17  18  19  22  23  24  25  26  27  32  33  40  41  35  54  44  46  45  34  42  55  47  53  52  36  28  37  43  29  57  56  21  79  49  48  20  66  16  91  67  87  86  59  58  61  60  71  51  69  62  70  30  31  73  72  63  68  38  65  64  85  39  74  75  76  77  78  80  81  82  83  84  50  88  89  90  92  93  94  95  


  ==> Energy                -256.180734988
  ==> dE                        3.41e-13
  ==> Gradient Norm             2.80e-01
  ==> Abs. Max. Deriv.          2.53e-02
  ==> Time-Grad. (s)              74.467
  ==> Time-Energy (s)              4.171
  ==> Time-Iter. (s)              79.671

--------------------------------------------------------------------------------
CEO-ADAPT-VQE iteration: 164
--------------------------------------------------------------------------------
    gate        derivative      name       op1       op2       op3        g_unscaled   penalty
     918       -0.00042317      a_ia       918                           -0.00084633         2
    1062       -0.00038902      a_ia      1062                           -0.00077804         2
     896        0.00037096      a_ia       896                            0.00296765         8
    1124        0.00035073      a_ia      1124                            0.00210440         6
    1119       -0.00033888      a_ia      1119                           -0.00203328         6
     734       -0.00033072      a_ia       734                           -0.00132289         4
     895       -0.00032028      a_ia       895                           -0.00448395        14
     855        0.00030710      a_ia       855                            0.00491353        16
     921        0.00030397      a_ia       921                            0.00851115        28
    1319       -0.00029583      a_ia      1319                           -0.00059167         2

  ==> Add operator: a_ia 918
  ==> Current qubit order: 0  1  2  3  4  5  6  7  8  9  10  11  12  13  14  15  17  18  19  22  23  24  25  26  27  32  33  40  41  35  54  44  46  45  34  42  55  47  53  52  36  28  37  43  29  57  56  21  79  49  48  20  66  16  91  67  87  86  59  58  61  60  71  51  69  62  70  30  31  73  72  63  68  38  65  64  85  39  74  75  76  77  78  80  81  82  83  84  50  88  89  90  92  93  94  95  


  ==> Energy                -256.180734988
  ==> dE                        0.00e+00
  ==> Gradient Norm             2.79e-01
  ==> Abs. Max. Deriv.          2.53e-02
  ==> Time-Grad. (s)             120.358
  ==> Time-Energy (s)              4.728
  ==> Time-Iter. (s)             126.116

--------------------------------------------------------------------------------
CEO-ADAPT-VQE iteration: 165
--------------------------------------------------------------------------------
    gate        derivative      name       op1       op2       op3        g_unscaled   penalty
   90036        0.00088768        op     37393     37394                  0.02574271        29
   90037        0.00088679        om     37393     37394                  0.02571704        29
   37393        0.00057177    a_iajb     37393                            0.02572987        45
     919       -0.00042317      a_ia       919                           -0.00084633         2
    1064       -0.00038902      a_ia      1064                           -0.00077804         2
     897        0.00037096      a_ia       897                            0.00296765         8
    1128        0.00035073      a_ia      1128                            0.00210440         6
    1123       -0.00033888      a_ia      1123                           -0.00203328         6
     735       -0.00033072      a_ia       735                           -0.00132289         4
     896       -0.00032028      a_ia       896                           -0.00448395        14

  ==> Add operator: mvp2 -1: 37393 37394
  ==> Current qubit order: 0  1  2  3  4  5  6  7  8  9  10  11  12  13  14  15  17  18  19  22  23  24  25  26  27  32  33  40  41  35  54  44  46  45  34  42  55  47  53  52  36  37  43  28  29  57  56  21  79  49  48  20  66  16  91  67  87  86  59  58  61  60  71  51  69  62  70  30  31  73  72  63  68  38  65  64  85  39  74  75  76  77  78  80  81  82  83  84  50  88  89  90  92  93  94  95  


  ==> Energy                -256.180841673
  ==> dE                       -1.07e-04
  ==> Gradient Norm             2.88e-01
  ==> Abs. Max. Deriv.          2.76e-02
  ==> Time-Grad. (s)              72.237
  ==> Time-Energy (s)             10.188
  ==> Time-Iter. (s)              83.457

--------------------------------------------------------------------------------
CEO-ADAPT-VQE iteration: 166
--------------------------------------------------------------------------------
    gate        derivative      name       op1       op2       op3        g_unscaled   penalty
     740        0.00080327      a_ia       740                            0.00160655         2
     900        0.00050028      a_ia       900                            0.00300168         6
     922       -0.00042433      a_ia       922                           -0.00084866         2
    1067       -0.00038796      a_ia      1067                           -0.00077593         2
    1001        0.00036031      a_ia      1001                            0.00288244         8
   94654        0.00035870        op     41202     41203                  0.02690243        75
    1131        0.00035076      a_ia      1131                            0.00210456         6
   94655        0.00034422        om     41202     41203                  0.02581666        75
    1126       -0.00033891      a_ia      1126                           -0.00203343         6
     859        0.00030712      a_ia       859                            0.00491397        16

  ==> Add operator: a_ia 740
  ==> Current qubit order: 0  1  2  3  4  5  6  7  8  9  10  11  12  13  14  15  17  18  19  22  23  24  25  26  27  32  33  40  41  35  54  44  46  45  34  42  55  47  53  52  36  37  43  28  29  57  56  21  79  49  48  20  66  16  91  67  87  86  59  58  61  60  71  51  69  62  70  30  31  73  72  63  68  38  65  64  85  39  74  75  76  77  78  80  81  82  83  84  50  88  89  90  92  93  94  95  


  ==> Energy                -256.180842610
  ==> dE                       -9.37e-07
  ==> Gradient Norm             2.86e-01
  ==> Abs. Max. Deriv.          3.00e-02
  ==> Time-Grad. (s)              83.307
  ==> Time-Energy (s)              4.122
  ==> Time-Iter. (s)              88.480

--------------------------------------------------------------------------------
CEO-ADAPT-VQE iteration: 167
--------------------------------------------------------------------------------
    gate        derivative      name       op1       op2       op3        g_unscaled   penalty
     902        0.00049643      a_ia       902                            0.00297858         6
     924       -0.00042648      a_ia       924                           -0.00085297         2
    1069       -0.00038560      a_ia      1069                           -0.00077121         2
   90281        0.00037924        om     37671     37672                  0.02009952        53
   90280        0.00036163        op     37671     37672                  0.01916623        53
    1003        0.00036101      a_ia      1003                            0.00288811         8
    1133        0.00035074      a_ia      1133                            0.00210442         6
    1128       -0.00033891      a_ia      1128                           -0.00203346         6
   90581       -0.00032729        om     37911     37912                 -0.01865552        57
     861        0.00030712      a_ia       861                            0.00491398        16

  ==> Add operator: a_ia 902
  ==> Current qubit order: 0  1  2  3  4  5  6  7  8  9  10  11  12  13  14  15  17  18  19  22  23  24  25  26  27  32  33  40  41  35  54  44  46  45  34  42  55  47  52  36  53  37  43  28  29  57  56  21  79  49  48  20  66  16  91  67  87  86  59  58  61  60  71  51  69  62  70  30  31  73  72  63  68  38  65  64  85  39  74  75  76  77  78  80  81  82  83  84  50  88  89  90  92  93  94  95  


  ==> Energy                -256.180847265
  ==> dE                       -4.66e-06
  ==> Gradient Norm             2.99e-01
  ==> Abs. Max. Deriv.          2.53e-02
  ==> Time-Grad. (s)              69.057
  ==> Time-Energy (s)              5.384
  ==> Time-Iter. (s)              75.482

--------------------------------------------------------------------------------
CEO-ADAPT-VQE iteration: 168
--------------------------------------------------------------------------------
    gate        derivative      name       op1       op2       op3        g_unscaled   penalty
    1008        0.00075017      a_ia      1008                            0.00300067         4
     928       -0.00046904      a_ia       928                           -0.00093807         2
    1075       -0.00037735      a_ia      1075                           -0.00075470         2
    1141        0.00035080      a_ia      1141                            0.00210481         6
    1136       -0.00033891      a_ia      1136                           -0.00203348         6
     864        0.00030738      a_ia       864                            0.00491814        16
     931        0.00030673      a_ia       931                            0.00858838        28
    1338       -0.00029581      a_ia      1338                           -0.00059162         2
     577       -0.00029454      a_ia       577                           -0.00117815         4
     862       -0.00029222      a_ia       862                           -0.00759771        26

  ==> Add operator: a_ia 1008
  ==> Current qubit order: 0  1  2  3  4  5  6  7  8  9  10  11  12  13  14  15  17  18  19  22  23  24  25  26  27  32  33  40  41  35  54  44  46  45  34  42  55  47  52  36  37  53  43  28  29  57  56  21  79  49  48  20  66  16  91  67  87  86  59  58  61  60  71  51  69  62  70  30  31  73  72  63  68  38  65  64  85  39  74  75  76  77  78  80  81  82  83  84  50  88  89  90  92  93  94  95  


  ==> Energy                -256.180852681
  ==> dE                       -5.42e-06
  ==> Gradient Norm             2.81e-01
  ==> Abs. Max. Deriv.          2.53e-02
  ==> Time-Grad. (s)              73.423
  ==> Time-Energy (s)              5.649
  ==> Time-Iter. (s)              80.114

--------------------------------------------------------------------------------
CEO-ADAPT-VQE iteration: 169
--------------------------------------------------------------------------------
    gate        derivative      name       op1       op2       op3        g_unscaled   penalty
     933       -0.00052286      a_ia       933                           -0.00104572         2
    1081       -0.00036513      a_ia      1081                           -0.00073027         2
    1147        0.00035080      a_ia      1147                            0.00210479         6
    1142       -0.00033894      a_ia      1142                           -0.00203363         6
     911        0.00032659      a_ia       911                            0.00065319         2
     936        0.00031110      a_ia       936                            0.00871068        28
     869        0.00030768      a_ia       869                            0.00492280        16
   90603       -0.00029685        om     37823     37824                 -0.01751415        59
    1344       -0.00029576      a_ia      1344                           -0.00059153         2
     867       -0.00029264      a_ia       867                           -0.00760856        26

  ==> Add operator: a_ia 933
  ==> Current qubit order: 0  1  2  3  4  5  6  7  8  9  10  11  12  13  14  15  17  18  19  22  23  24  25  26  27  32  33  40  41  35  54  44  46  45  34  42  55  47  52  36  37  53  43  28  29  57  56  21  79  49  48  20  66  16  91  67  87  86  59  58  61  60  71  51  69  62  70  30  31  73  72  63  68  38  65  64  85  39  74  75  76  77  78  80  81  82  83  84  50  88  89  90  92  93  94  95  


  ==> Energy                -256.180852691
  ==> dE                       -1.05e-08
  ==> Gradient Norm             2.80e-01
  ==> Abs. Max. Deriv.          4.53e-02
  ==> Time-Grad. (s)             114.425
  ==> Time-Energy (s)              4.898
  ==> Time-Iter. (s)             120.352

--------------------------------------------------------------------------------
CEO-ADAPT-VQE iteration: 170
--------------------------------------------------------------------------------
    gate        derivative      name       op1       op2       op3        g_unscaled   penalty
     937       -0.00042212      a_ia       937                           -0.00084423         2
    1086       -0.00036540      a_ia      1086                           -0.00073081         2
    1152        0.00035077      a_ia      1152                            0.00210460         6
    1147       -0.00033883      a_ia      1147                           -0.00203301         6
     915        0.00032867      a_ia       915                            0.00065734         2
     940        0.00031125      a_ia       940                            0.00871503        28
     872        0.00030767      a_ia       872                            0.00492276        16
    1350       -0.00029577      a_ia      1350                           -0.00059153         2
     870       -0.00029263      a_ia       870                           -0.00760849        26
     583       -0.00029005      a_ia       583                           -0.00116019         4

  ==> Add operator: a_ia 937
  ==> Current qubit order: 0  1  2  3  4  5  6  7  8  9  10  11  12  13  14  15  17  18  19  22  23  24  25  26  27  32  33  40  41  35  54  44  46  45  34  42  55  47  52  36  37  53  43  28  29  57  56  21  79  49  48  20  66  16  91  67  87  86  59  58  61  60  71  51  69  62  70  30  31  73  72  63  68  38  65  64  85  39  74  75  76  77  78  80  81  82  83  84  50  88  89  90  92  93  94  95  


  ==> Energy                -256.180852691
  ==> dE                        2.27e-13
  ==> Gradient Norm             2.88e-01
  ==> Abs. Max. Deriv.          2.56e-02
  ==> Time-Grad. (s)              75.267
  ==> Time-Energy (s)              4.417
  ==> Time-Iter. (s)              81.093

--------------------------------------------------------------------------------
CEO-ADAPT-VQE iteration: 171
--------------------------------------------------------------------------------
    gate        derivative      name       op1       op2       op3        g_unscaled   penalty
   89895       -0.00048570        om     37437     37438                 -0.02282770        47
   89894       -0.00047483        op     37437     37438                 -0.02231700        47
     942       -0.00042212      a_ia       942                           -0.00084423         2
    1092       -0.00036540      a_ia      1092                           -0.00073081         2
   37437       -0.00035829    a_iajb     37437                           -0.02257235        63
    1159        0.00035077      a_ia      1159                            0.00210460         6
    1154       -0.00033883      a_ia      1154                           -0.00203301         6
     920        0.00032867      a_ia       920                            0.00065734         2
     945        0.00031125      a_ia       945                            0.00871503        28
     876        0.00030767      a_ia       876                            0.00492276        16

  ==> Add operator: mvp2 -1: 37437 37438
  ==> Current qubit order: 0  1  2  3  4  5  6  7  8  9  10  11  12  13  14  15  17  18  19  22  23  24  25  26  27  32  33  40  41  35  54  44  46  45  34  42  55  52  36  37  53  43  29  47  28  57  48  56  21  79  49  20  66  16  91  67  87  86  59  58  61  60  71  51  69  62  70  30  31  73  72  63  68  38  65  64  85  39  74  75  76  77  78  80  81  82  83  84  50  88  89  90  92  93  94  95  


  ==> Energy                -256.180985369
  ==> dE                       -1.33e-04
  ==> Gradient Norm             2.96e-01
  ==> Abs. Max. Deriv.          4.79e-02
  ==> Time-Grad. (s)             120.190
  ==> Time-Energy (s)             10.493
  ==> Time-Iter. (s)             131.739

--------------------------------------------------------------------------------
CEO-ADAPT-VQE iteration: 172
--------------------------------------------------------------------------------
    gate        derivative      name       op1       op2       op3        g_unscaled   penalty
    1114        0.00069419      a_ia      1114                            0.00138838         2
     944       -0.00042420      a_ia       944                           -0.00084841         2
   91147        0.00039607        om     38246     38247                  0.02257576        57
   91146        0.00038720        op     38246     38247                  0.02207058        57
   91546       -0.00035177        op     38537     38539                 -0.02286511        65
   91547       -0.00035177        op     38537     38539                 -0.02286511        65
    1162        0.00035122      a_ia      1162                            0.00210730         6
   91542       -0.00034424        op     38537     38538                 -0.02237564        65
   91543       -0.00034424        op     38537     38538                 -0.02237564        65
    1157       -0.00033878      a_ia      1157                           -0.00203266         6

  ==> Add operator: a_ia 1114
  ==> Current qubit order: 0  1  2  3  4  5  6  7  8  9  10  11  12  13  14  15  17  18  19  22  23  24  25  26  27  32  33  40  41  35  54  44  46  45  34  42  55  52  36  37  53  43  29  47  28  57  48  56  21  79  49  20  66  16  91  67  87  86  59  58  61  60  71  51  69  62  70  30  31  73  72  63  68  38  65  64  85  39  74  75  76  77  78  80  81  82  83  84  50  88  89  90  92  93  94  95  


  ==> Energy                -256.181011302
  ==> dE                       -2.59e-05
  ==> Gradient Norm             2.87e-01
  ==> Abs. Max. Deriv.          2.94e-02
  ==> Time-Grad. (s)              80.204
  ==> Time-Energy (s)              5.019
  ==> Time-Iter. (s)              86.443

--------------------------------------------------------------------------------
CEO-ADAPT-VQE iteration: 173
--------------------------------------------------------------------------------
    gate        derivative      name       op1       op2       op3        g_unscaled   penalty
   92656        0.00116938        om     39460     39461                  0.02923455        25
   92655        0.00112334        op     39460     39461                  0.02808357        25
   39460        0.00069900    a_iajb     39460                            0.02865906        41
     948       -0.00042861      a_ia       948                           -0.00085723         2
    1166        0.00035084      a_ia      1166                            0.00210507         6
    1161       -0.00033895      a_ia      1161                           -0.00203371         6
     926        0.00033684      a_ia       926                            0.00067367         2
   92412        0.00032945        om     39282     39283                  0.02009629        61
     880       -0.00031791      a_ia       880                           -0.00762976        24
     951        0.00031103      a_ia       951                            0.00870881        28

  ==> Add operator: mvp2 -1: 39460 39461
  ==> Current qubit order: 0  1  2  3  4  5  6  7  8  9  10  11  12  13  14  15  17  18  19  22  23  24  25  26  27  32  33  40  41  35  54  44  46  45  34  42  55  52  36  37  53  43  29  47  28  57  48  56  21  79  49  20  66  16  91  67  87  86  59  58  61  60  71  51  69  62  70  30  31  73  72  63  68  38  65  64  85  39  74  75  76  77  78  80  81  82  83  84  50  88  89  90  92  93  94  95  


  ==> Energy                -256.181214262
  ==> dE                       -2.03e-04
  ==> Gradient Norm             2.95e-01
  ==> Abs. Max. Deriv.          4.29e-02
  ==> Time-Grad. (s)             123.694
  ==> Time-Energy (s)              9.191
  ==> Time-Iter. (s)             133.890

--------------------------------------------------------------------------------
CEO-ADAPT-VQE iteration: 174
--------------------------------------------------------------------------------
    gate        derivative      name       op1       op2       op3        g_unscaled   penalty
     928        0.00060563      a_ia       928                            0.00121127         2
     950       -0.00042073      a_ia       950                           -0.00084147         2
    1169        0.00035055      a_ia      1169                            0.00210332         6
    1164       -0.00033874      a_ia      1164                           -0.00203245         6
     882       -0.00031862      a_ia       882                           -0.00764691        24
     953        0.00031080      a_ia       953                            0.00870243        28
     759       -0.00030970      a_ia       759                           -0.00185822         6
    1369       -0.00029469      a_ia      1369                           -0.00058938         2
     591       -0.00029012      a_ia       591                           -0.00116047         4
    1120        0.00027697      a_ia      1120                            0.00498538        18

  ==> Add operator: a_ia 928
  ==> Current qubit order: 0  1  2  3  4  5  6  7  8  9  10  11  12  13  14  15  17  18  19  22  23  24  25  26  27  32  33  40  41  35  54  44  46  45  34  42  55  52  36  37  53  43  29  47  28  57  48  56  21  79  49  20  66  16  91  67  87  86  59  58  61  60  71  51  69  62  70  30  31  73  72  63  68  38  65  64  85  39  74  75  76  77  78  80  81  82  83  84  50  88  89  90  92  93  94  95  


  ==> Energy                -256.181215470
  ==> dE                       -1.21e-06
  ==> Gradient Norm             2.93e-01
  ==> Abs. Max. Deriv.          2.97e-02
  ==> Time-Grad. (s)              84.772
  ==> Time-Energy (s)              5.669
  ==> Time-Iter. (s)              91.454

--------------------------------------------------------------------------------
CEO-ADAPT-VQE iteration: 175
--------------------------------------------------------------------------------
    gate        derivative      name       op1       op2       op3        g_unscaled   penalty
     953        0.00786145      a_ia       953                            0.01572290         2
     932        0.00315273      a_ia       932                            0.01891640         6
    1034        0.00152514      a_ia      1034                            0.00305028         2
     931        0.00112492      a_ia       931                            0.00224983         2
    1167        0.00102857      a_ia      1167                            0.00205714         2
     469        0.00098908      a_ia       469                            0.00197817         2
     750       -0.00083393      a_ia       750                           -0.00500357         6
     765        0.00083295      a_ia       765                            0.00499771         6
    1166        0.00078224      a_ia      1166                            0.00156448         2
     863       -0.00065446      a_ia       863                           -0.00130893         2

  ==> Add operator: a_ia 953
  ==> Current qubit order: 0  1  2  3  4  5  6  7  8  9  10  11  12  13  14  15  17  18  19  22  23  24  25  26  27  32  33  40  41  35  54  44  46  45  34  42  55  52  36  37  53  43  29  47  28  57  48  56  21  79  49  20  66  16  91  67  87  86  59  58  61  60  71  51  69  62  70  30  31  73  72  63  68  38  65  64  85  39  74  75  76  77  78  80  81  82  83  84  50  88  89  90  92  93  94  95  


  ==> Energy                -256.182613885
  ==> dE                       -3.96e-04
  ==> Gradient Norm             2.86e-01
  ==> Abs. Max. Deriv.          3.17e-02
  ==> Time-Grad. (s)              87.505
  ==> Time-Energy (s)            765.676
  ==> Time-Iter. (s)             854.280

--------------------------------------------------------------------------------
CEO-ADAPT-VQE iteration: 176
--------------------------------------------------------------------------------
    gate        derivative      name       op1       op2       op3        g_unscaled   penalty
     957        0.00552896      a_ia       957                            0.01105792         2
     980        0.00244263      a_ia       980                            0.00488527         2
    1038       -0.00110662      a_ia      1038                           -0.00221323         2
     472       -0.00109904      a_ia       472                           -0.00219809         2
     935        0.00083567      a_ia       935                            0.00167134         2
     910       -0.00071061      a_ia       910                           -0.04974239        70
    1380       -0.00058882      a_ia      1380                           -0.00117765         2
    1017        0.00055964      a_ia      1017                            0.00223855         4
    1090       -0.00044085      a_ia      1090                           -0.00176341         4
    1190       -0.00041236      a_ia      1190                           -0.00577303        14

  ==> Add operator: a_ia 957
  ==> Current qubit order: 0  1  2  3  4  5  6  7  8  9  10  11  12  13  14  15  17  18  19  22  23  24  25  26  27  32  33  40  41  35  54  44  46  45  34  42  55  52  36  37  53  43  29  47  28  57  48  56  21  79  49  20  66  16  91  67  87  86  59  58  61  60  71  51  69  62  70  30  31  73  72  63  68  38  65  64  85  39  74  75  76  77  78  80  81  82  83  84  50  88  89  90  92  93  94  95  


  ==> Energy                -256.184929725
  ==> dE                       -3.15e-05
  ==> Gradient Norm             2.86e-01
  ==> Abs. Max. Deriv.          4.97e-02
  ==> Time-Grad. (s)             148.766
  ==> Time-Energy (s)             29.500
  ==> Time-Iter. (s)             179.467

--------------------------------------------------------------------------------
CEO-ADAPT-VQE iteration: 177
--------------------------------------------------------------------------------
    gate        derivative      name       op1       op2       op3        g_unscaled   penalty
     982        0.00253126      a_ia       982                            0.00506253         2
    1040       -0.00122214      a_ia      1040                           -0.00244429         2
     473       -0.00110554      a_ia       473                           -0.00221109         2
     937        0.00071966      a_ia       937                            0.00143932         2
     912       -0.00071097      a_ia       912                           -0.04976812        70
    1383       -0.00058857      a_ia      1383                           -0.00117714         2
    1019        0.00050819      a_ia      1019                            0.00203276         4
    1092       -0.00043291      a_ia      1092                           -0.00173163         4
    1193       -0.00041236      a_ia      1193                           -0.00577301        14
     755       -0.00040284      a_ia       755                           -0.00241704         6

  ==> Add operator: a_ia 982
  ==> Current qubit order: 0  1  2  3  4  5  6  7  8  9  10  11  12  13  14  15  17  18  19  22  23  24  25  26  27  32  33  40  41  35  54  44  46  45  34  42  55  52  36  37  53  43  29  47  28  57  48  56  21  79  49  20  66  16  91  67  87  86  59  58  61  60  71  51  69  62  70  30  31  73  72  63  68  38  65  64  85  39  74  75  76  77  78  80  81  82  83  84  50  88  89  90  92  93  94  95  


  ==> Energy                -256.184935440
  ==> dE                       -5.72e-06
  ==> Gradient Norm             2.81e-01
  ==> Abs. Max. Deriv.          4.98e-02
  ==> Time-Grad. (s)             209.592
  ==> Time-Energy (s)             30.329
  ==> Time-Iter. (s)             240.946

--------------------------------------------------------------------------------
CEO-ADAPT-VQE iteration: 178
--------------------------------------------------------------------------------
    gate        derivative      name       op1       op2       op3        g_unscaled   penalty
    1040       -0.00117843      a_ia      1040                           -0.00235687         2
     473       -0.00110355      a_ia       473                           -0.00220709         2
     937        0.00075251      a_ia       937                            0.00150502         2
     912       -0.00071107      a_ia       912                           -0.04977458        70
    1383       -0.00058856      a_ia      1383                           -0.00117711         2
    1019        0.00053189      a_ia      1019                            0.00212758         4
    1092       -0.00044272      a_ia      1092                           -0.00177087         4
    1193       -0.00041237      a_ia      1193                           -0.00577311        14
     755       -0.00040448      a_ia       755                           -0.00242690         6
    1052       -0.00038220      a_ia      1052                           -0.00076440         2

  ==> Add operator: a_ia 1040
  ==> Current qubit order: 0  1  2  3  4  5  6  7  8  9  10  11  12  13  14  15  17  18  19  22  23  24  25  26  27  32  33  40  41  35  54  44  46  45  34  42  55  52  36  37  53  43  29  47  28  57  48  56  21  79  49  20  66  16  91  67  87  86  59  58  61  60  71  51  69  62  70  30  31  73  72  63  68  38  65  64  85  39  74  75  76  77  78  80  81  82  83  84  50  88  89  90  92  93  94  95  


  ==> Energy                -256.184937878
  ==> dE                       -2.44e-06
  ==> Gradient Norm             2.85e-01
  ==> Abs. Max. Deriv.          4.98e-02
  ==> Time-Grad. (s)             139.501
  ==> Time-Energy (s)             30.378
  ==> Time-Iter. (s)             170.898

--------------------------------------------------------------------------------
CEO-ADAPT-VQE iteration: 179
--------------------------------------------------------------------------------
    gate        derivative      name       op1       op2       op3        g_unscaled   penalty
     474       -0.00108647      a_ia       474                           -0.00217294         2
     914       -0.00071104      a_ia       914                           -0.04977289        70
     939        0.00069753      a_ia       939                            0.00139505         2
    1385       -0.00058861      a_ia      1385                           -0.00117723         2
    1021        0.00057844      a_ia      1021                            0.00231377         4
    1094       -0.00045989      a_ia      1094                           -0.00183956         4
    1195       -0.00041243      a_ia      1195                           -0.00577396        14
     757       -0.00040324      a_ia       757                           -0.00241946         6
    1054       -0.00038228      a_ia      1054                           -0.00076456         2
     964        0.00036931      a_ia       964                            0.01034072        28

  ==> Add operator: a_ia 474
  ==> Current qubit order: 0  1  2  3  4  5  6  7  8  9  10  11  12  13  14  15  17  18  19  22  23  24  25  26  27  32  33  40  41  35  54  44  46  45  34  42  55  52  36  37  53  43  29  47  28  57  48  56  21  79  49  20  66  16  91  67  87  86  59  58  61  60  71  51  69  62  70  30  31  73  72  63  68  38  65  64  85  39  74  75  76  77  78  80  81  82  83  84  50  88  89  90  92  93  94  95  


  ==> Energy                -256.184938580
  ==> dE                       -7.01e-07
  ==> Gradient Norm             2.92e-01
  ==> Abs. Max. Deriv.          4.98e-02
  ==> Time-Grad. (s)             148.436
  ==> Time-Energy (s)             24.873
  ==> Time-Iter. (s)             174.342

--------------------------------------------------------------------------------
CEO-ADAPT-VQE iteration: 180
--------------------------------------------------------------------------------
    gate        derivative      name       op1       op2       op3        g_unscaled   penalty
     917       -0.00071103      a_ia       917                           -0.04977187        70
     942        0.00069898      a_ia       942                            0.00139795         2
    1388       -0.00058862      a_ia      1388                           -0.00117724         2
    1024        0.00058168      a_ia      1024                            0.00232672         4
    1097       -0.00046418      a_ia      1097                           -0.00185670         4
    1198       -0.00041243      a_ia      1198                           -0.00577400        14
     760       -0.00040045      a_ia       760                           -0.00240267         6
    1057       -0.00038229      a_ia      1057                           -0.00076458         2
     967        0.00036926      a_ia       967                            0.01033935        28
    1181       -0.00036225      a_ia      1181                           -0.00217350         6

  ==> Add operator: a_ia 917
  ==> Current qubit order: 0  1  2  3  4  5  6  7  8  9  10  11  12  13  14  15  17  18  19  22  23  24  25  26  27  32  33  40  41  35  54  44  46  45  34  42  55  52  37  53  43  29  47  28  57  48  56  21  79  49  20  66  16  91  67  87  86  59  58  61  60  71  51  69  62  70  30  31  73  72  63  68  36  38  65  64  85  39  74  75  76  77  78  80  81  82  83  84  50  88  89  90  92  93  94  95  


  ==> Energy                -256.185407891
  ==> dE                       -4.69e-04
  ==> Gradient Norm             2.90e-01
  ==> Abs. Max. Deriv.          4.98e-02
  ==> Time-Grad. (s)             144.693
  ==> Time-Energy (s)             25.840
  ==> Time-Iter. (s)             171.576

--------------------------------------------------------------------------------
CEO-ADAPT-VQE iteration: 181
--------------------------------------------------------------------------------
    gate        derivative      name       op1       op2       op3        g_unscaled   penalty
     947        0.00070201      a_ia       947                            0.00140403         2
    1393       -0.00059173      a_ia      1393                           -0.00118345         2
    1029        0.00058183      a_ia      1029                            0.00232732         4
     948        0.00048272      a_ia       948                            0.00193087         4
    1102       -0.00046199      a_ia      1102                           -0.00184796         4
    1203       -0.00041417      a_ia      1203                           -0.00579837        14
     764       -0.00040423      a_ia       764                           -0.00242536         6
     879       -0.00039917      a_ia       879                           -0.00079835         2
     901       -0.00038772      a_ia       901                           -0.00852973        22
    1062       -0.00038191      a_ia      1062                           -0.00076381         2

  ==> Add operator: a_ia 947
  ==> Current qubit order: 0  1  2  3  4  5  6  7  8  9  10  11  12  13  14  15  17  18  19  22  23  24  25  26  27  32  33  40  41  35  54  44  46  45  34  42  55  52  37  53  43  29  47  28  57  48  56  21  79  49  20  66  16  91  67  87  86  59  58  61  60  71  51  69  62  70  30  31  73  72  63  68  36  38  65  64  85  39  74  75  76  77  78  80  81  82  83  84  50  88  89  90  92  93  94  95  


  ==> Energy                -256.185408819
  ==> dE                       -9.29e-07
  ==> Gradient Norm             2.86e-01
  ==> Abs. Max. Deriv.          3.52e-02
  ==> Time-Grad. (s)             145.589
  ==> Time-Energy (s)             33.283
  ==> Time-Iter. (s)             179.904

--------------------------------------------------------------------------------
CEO-ADAPT-VQE iteration: 182
--------------------------------------------------------------------------------
    gate        derivative      name       op1       op2       op3        g_unscaled   penalty
    1397       -0.00059169      a_ia      1397                           -0.00118338         2
    1031        0.00056361      a_ia      1031                            0.00225446         4
     950        0.00047760      a_ia       950                            0.00191040         4
    1105       -0.00045657      a_ia      1105                           -0.00182627         4
    1206       -0.00041418      a_ia      1206                           -0.00579848        14
     766       -0.00040248      a_ia       766                           -0.00241489         6
     881       -0.00039919      a_ia       881                           -0.00079838         2
     903       -0.00038782      a_ia       903                           -0.00853209        22
    1064       -0.00038187      a_ia      1064                           -0.00076374         2
     974        0.00036405      a_ia       974                            0.01019339        28

  ==> Add operator: a_ia 1397
  ==> Current qubit order: 0  1  2  3  4  5  6  7  8  9  10  11  12  13  14  15  17  18  19  22  23  24  25  26  27  32  33  40  41  35  54  44  46  45  34  42  55  52  37  53  43  29  47  28  57  48  56  21  79  49  20  66  16  91  67  87  86  59  58  61  60  71  51  69  62  70  30  31  73  72  63  68  36  38  65  64  85  39  74  75  76  77  78  80  81  82  83  84  50  88  89  90  92  93  94  95  


  ==> Energy                -256.185540133
  ==> dE                       -1.31e-04
  ==> Gradient Norm             2.74e-01
  ==> Abs. Max. Deriv.          2.53e-02
  ==> Time-Grad. (s)             141.576
  ==> Time-Energy (s)             26.617
  ==> Time-Iter. (s)             169.234

--------------------------------------------------------------------------------
CEO-ADAPT-VQE iteration: 183
--------------------------------------------------------------------------------
    gate        derivative      name       op1       op2       op3        g_unscaled   penalty
    1033        0.00056167      a_ia      1033                            0.00224666         4
   90628        0.00052354        op     37813     37814                  0.02774770        53
   90629        0.00052266        om     37813     37814                  0.02770089        53
     952        0.00047660      a_ia       952                            0.00190639         4
    1107       -0.00045579      a_ia      1107                           -0.00182315         4
    1208       -0.00041424      a_ia      1208                           -0.00579930        14
   37813        0.00040180    a_iajb     37813                            0.02772430        69
     767       -0.00040170      a_ia       767                           -0.00241021         6
     883       -0.00039831      a_ia       883                           -0.00079661         2
     905       -0.00038804      a_ia       905                           -0.00853683        22

  ==> Add operator: a_ia 1033
  ==> Current qubit order: 0  1  2  3  4  5  6  7  8  9  10  11  12  13  14  15  17  18  19  22  23  24  25  26  27  32  33  40  41  35  54  44  46  45  34  55  42  52  37  53  43  29  47  28  57  48  56  21  79  49  20  66  16  91  67  87  86  59  58  61  60  71  51  69  62  70  30  31  73  72  63  68  36  38  65  64  85  39  74  75  76  77  78  80  81  82  83  84  50  88  89  90  92  93  94  95  


  ==> Energy                -256.185542537
  ==> dE                       -2.40e-06
  ==> Gradient Norm             2.88e-01
  ==> Abs. Max. Deriv.          2.86e-02
  ==> Time-Grad. (s)             156.912
  ==> Time-Energy (s)             33.083
  ==> Time-Iter. (s)             191.039

--------------------------------------------------------------------------------
CEO-ADAPT-VQE iteration: 184
--------------------------------------------------------------------------------
    gate        derivative      name       op1       op2       op3        g_unscaled   penalty
     976        0.00126116      a_ia       976                            0.02270089        18
   94118       -0.00051842        om     40159     40160                 -0.03784431        73
    1088        0.00049380      a_ia      1088                            0.00197519         4
    1109       -0.00045202      a_ia      1109                           -0.00180807         4
    1210       -0.00041375      a_ia      1210                           -0.00579245        14
   94117       -0.00040000        op     40159     40160                 -0.02920002        73
     768       -0.00039987      a_ia       768                           -0.00239920         6
     906       -0.00038807      a_ia       906                           -0.00853747        22
    1068       -0.00038203      a_ia      1068                           -0.00076405         2
   40159       -0.00037665    a_iajb     40159                           -0.03352216        89

  ==> Add operator: a_ia 976
  ==> Current qubit order: 0  1  2  3  4  5  6  7  8  9  10  11  12  13  14  15  17  18  19  22  23  24  25  26  27  32  33  40  41  35  54  44  46  45  34  55  42  52  37  53  43  29  47  28  57  48  56  21  79  49  20  66  16  91  67  87  86  59  58  61  60  71  51  69  62  70  30  31  73  72  63  68  36  65  64  85  39  74  75  76  77  38  78  80  81  82  83  84  50  88  89  90  92  93  94  95  


  ==> Energy                -256.185646849
  ==> dE                       -1.04e-04
  ==> Gradient Norm             2.89e-01
  ==> Abs. Max. Deriv.          3.78e-02
  ==> Time-Grad. (s)             146.873
  ==> Time-Energy (s)             31.321
  ==> Time-Iter. (s)             179.234

--------------------------------------------------------------------------------
CEO-ADAPT-VQE iteration: 185
--------------------------------------------------------------------------------
    gate        derivative      name       op1       op2       op3        g_unscaled   penalty
     978        0.00090351      a_ia       978                            0.01084213        12
     975       -0.00061610      a_ia       975                           -0.00246439         4
     977       -0.00058622      a_ia       977                           -0.00468977         8
    1088        0.00050552      a_ia      1088                            0.00202209         4
    1109       -0.00046695      a_ia      1109                           -0.00186778         4
     998       -0.00043011      a_ia       998                           -0.00086023         2
     768       -0.00041714      a_ia       768                           -0.00250287         6
    1210       -0.00041375      a_ia      1210                           -0.00579249        14
     936        0.00040361      a_ia       936                            0.00403608        10
     934       -0.00039350      a_ia       934                           -0.00078701         2

  ==> Add operator: a_ia 978
  ==> Current qubit order: 0  1  2  3  4  5  6  7  8  9  10  11  12  13  14  15  17  18  19  22  23  24  25  26  27  32  33  40  41  35  54  44  46  45  34  55  42  52  37  53  43  29  47  28  57  48  56  21  79  49  20  66  16  91  67  87  86  59  58  61  60  71  51  69  62  70  30  31  73  72  63  68  36  65  64  85  39  74  75  76  77  78  80  81  82  83  38  84  50  88  89  90  92  93  94  95  


  ==> Energy                -256.185669743
  ==> dE                       -2.29e-05
  ==> Gradient Norm             2.89e-01
  ==> Abs. Max. Deriv.          4.14e-02
  ==> Time-Grad. (s)             148.438
  ==> Time-Energy (s)             28.257
  ==> Time-Iter. (s)             177.724

--------------------------------------------------------------------------------
CEO-ADAPT-VQE iteration: 186
--------------------------------------------------------------------------------
    gate        derivative      name       op1       op2       op3        g_unscaled   penalty
     980       -0.00118336      a_ia       980                           -0.00473344         4
    1001       -0.00066662      a_ia      1001                           -0.00133323         2
    1091        0.00051566      a_ia      1091                            0.00206262         4
    1112       -0.00048669      a_ia      1112                           -0.00194675         4
   91173       -0.00044876        om     38016     38017                 -0.02019430        45
     771       -0.00041930      a_ia       771                           -0.00251581         6
   91172       -0.00041375        op     38016     38017                 -0.01861882        45
    1214       -0.00041375      a_ia      1214                           -0.00579249        14
     939        0.00040543      a_ia       939                            0.00405429        10
     909       -0.00038878      a_ia       909                           -0.00855306        22

  ==> Add operator: a_ia 980
  ==> Current qubit order: 0  1  2  3  4  5  6  7  8  9  10  11  12  13  14  15  17  18  19  22  23  24  25  26  27  32  33  40  41  35  54  44  46  45  34  55  42  52  37  53  43  29  47  28  57  48  56  21  79  49  20  66  16  91  67  87  86  59  58  61  60  71  51  69  62  70  30  31  73  72  63  68  36  65  64  85  39  74  75  76  77  78  80  81  83  82  38  84  50  88  89  90  92  93  94  95  


  ==> Energy                -256.185674443
  ==> dE                       -4.70e-06
  ==> Gradient Norm             2.83e-01
  ==> Abs. Max. Deriv.          2.53e-02
  ==> Time-Grad. (s)             141.269
  ==> Time-Energy (s)             31.433
  ==> Time-Iter. (s)             173.734

--------------------------------------------------------------------------------
CEO-ADAPT-VQE iteration: 187
--------------------------------------------------------------------------------
    gate        derivative      name       op1       op2       op3        g_unscaled   penalty
    1005       -0.00068050      a_ia      1005                           -0.00136101         2
    1095        0.00051688      a_ia      1095                            0.00206751         4
    1116       -0.00048971      a_ia      1116                           -0.00195884         4
     773       -0.00041877      a_ia       773                           -0.00251261         6
    1219       -0.00041377      a_ia      1219                           -0.00579273        14
     943        0.00040168      a_ia       943                            0.00401677        10
    1200        0.00039036      a_ia      1200                            0.00078072         2
     913       -0.00038880      a_ia       913                           -0.00855365        22
     941       -0.00038766      a_ia       941                           -0.00077532         2
    1075       -0.00038305      a_ia      1075                           -0.00076609         2

  ==> Add operator: a_ia 1005
  ==> Current qubit order: 0  1  2  3  4  5  6  7  8  9  10  11  12  13  14  15  17  18  19  22  23  24  25  26  27  32  33  40  41  35  54  44  46  45  34  55  42  52  37  53  43  29  47  28  57  48  56  21  79  49  20  66  16  91  67  87  86  59  58  61  60  71  51  69  62  70  30  31  73  72  63  68  36  65  64  85  39  74  75  76  77  78  80  81  83  82  38  84  50  88  89  90  92  93  94  95  


  ==> Energy                -256.185674659
  ==> dE                       -2.15e-07
  ==> Gradient Norm             2.81e-01
  ==> Abs. Max. Deriv.          3.32e-02
  ==> Time-Grad. (s)             142.096
  ==> Time-Energy (s)             29.096
  ==> Time-Iter. (s)             172.213

--------------------------------------------------------------------------------
CEO-ADAPT-VQE iteration: 188
--------------------------------------------------------------------------------
    gate        derivative      name       op1       op2       op3        g_unscaled   penalty
   89898        0.00100507        om     37267     37268                  0.03718751        37
   89897        0.00096423        op     37267     37268                  0.03567669        37
   37267        0.00068740    a_iajb     37267                            0.03643210        53
    1209        0.00058236      a_ia      1209                            0.00582359        10
    1098        0.00051593      a_ia      1098                            0.00206371         4
    1119       -0.00048774      a_ia      1119                           -0.00195096         4
     774       -0.00041844      a_ia       774                           -0.00251062         6
     791        0.00041765      a_ia       791                            0.00167062         4
    1223       -0.00041376      a_ia      1223                           -0.00579270        14
     946        0.00040202      a_ia       946                            0.00402016        10

  ==> Add operator: mvp2 -1: 37267 37268
  ==> Current qubit order: 0  1  2  3  4  5  6  7  8  9  10  11  12  13  14  15  17  18  19  22  23  24  25  26  27  32  33  40  41  35  54  44  46  45  34  55  42  52  37  53  43  47  29  28  48  49  57  56  21  79  20  66  16  91  67  87  86  59  58  61  60  71  51  69  62  70  30  31  73  72  63  68  36  65  64  85  39  74  75  76  77  78  80  81  83  82  38  84  50  88  89  90  92  93  94  95  


  ==> Energy                -256.186052989
  ==> dE                       -3.78e-04
  ==> Gradient Norm             2.95e-01
  ==> Abs. Max. Deriv.          3.72e-02
  ==> Time-Grad. (s)             144.695
  ==> Time-Energy (s)             48.611
  ==> Time-Iter. (s)             194.291

--------------------------------------------------------------------------------
CEO-ADAPT-VQE iteration: 189
--------------------------------------------------------------------------------
    gate        derivative      name       op1       op2       op3        g_unscaled   penalty
   90689        0.00083165        op     37866     37867                  0.03576107        43
   90690        0.00083146        om     37866     37867                  0.03575262        43
   37866        0.00060605    a_iajb     37866                            0.03575685        59
    1180        0.00059655      a_ia      1180                            0.00119310         2
    1213        0.00058132      a_ia      1213                            0.00581318        10
    1102        0.00051455      a_ia      1102                            0.00205819         4
    1123       -0.00048714      a_ia      1123                           -0.00194856         4
    1227       -0.00041423      a_ia      1227                           -0.00579926        14
     950        0.00040247      a_ia       950                            0.00402472        10
     948       -0.00039277      a_ia       948                           -0.00078554         2

  ==> Add operator: mvp2 -1: 37866 37867
  ==> Current qubit order: 0  1  2  3  4  5  6  7  8  9  10  11  12  13  14  15  17  18  19  22  23  24  25  26  27  32  33  40  41  35  54  44  46  45  34  55  42  52  37  53  43  47  29  28  48  49  57  56  21  79  20  66  16  91  67  87  86  59  58  61  60  51  69  62  70  71  30  31  72  73  63  68  36  65  64  85  39  74  75  76  77  78  80  81  83  82  38  84  50  88  89  90  92  93  94  95  


  ==> Energy                -256.186187215
  ==> dE                       -1.34e-04
  ==> Gradient Norm             2.95e-01
  ==> Abs. Max. Deriv.          3.81e-02
  ==> Time-Grad. (s)             142.670
  ==> Time-Energy (s)             54.930
  ==> Time-Iter. (s)             198.596

--------------------------------------------------------------------------------
CEO-ADAPT-VQE iteration: 190
--------------------------------------------------------------------------------
    gate        derivative      name       op1       op2       op3        g_unscaled   penalty
    1218        0.00072652      a_ia      1218                            0.00581212         8
    1185        0.00059666      a_ia      1185                            0.00119332         2
    1107        0.00051452      a_ia      1107                            0.00205807         4
    1128       -0.00048688      a_ia      1128                           -0.00194750         4
   90573       -0.00042084        op     37774     37775                 -0.02230427        53
    1232       -0.00041424      a_ia      1232                           -0.00579942        14
   90574       -0.00040535        om     37774     37775                 -0.02148369        53
     955        0.00040287      a_ia       955                            0.00402873        10
     953       -0.00039356      a_ia       953                           -0.00078712         2
    1212        0.00039065      a_ia      1212                            0.00078131         2

  ==> Add operator: a_ia 1218
  ==> Current qubit order: 0  1  2  3  4  5  6  7  8  9  10  11  12  13  14  15  17  18  19  22  23  24  25  26  27  32  33  40  41  35  54  44  46  45  34  55  42  52  37  53  43  47  29  28  48  49  57  56  21  79  20  66  16  91  67  87  86  58  61  60  59  51  69  62  70  71  30  31  72  73  63  68  36  65  64  85  39  74  75  76  77  78  80  81  83  82  38  84  50  88  89  90  92  93  94  95  


  ==> Energy                -256.186520935
  ==> dE                       -3.34e-04
  ==> Gradient Norm             2.83e-01
  ==> Abs. Max. Deriv.          2.53e-02
  ==> Time-Grad. (s)             141.367
  ==> Time-Energy (s)             31.436
  ==> Time-Iter. (s)             173.838

--------------------------------------------------------------------------------
CEO-ADAPT-VQE iteration: 191
--------------------------------------------------------------------------------
    gate        derivative      name       op1       op2       op3        g_unscaled   penalty
     854       -0.00130599      a_ia       854                           -0.00522395         4
    1190        0.00060464      a_ia      1190                            0.00120928         2
    1335       -0.00056347      a_ia      1335                           -0.00112693         2
    1112        0.00051449      a_ia      1112                            0.00205797         4
    1133       -0.00048052      a_ia      1133                           -0.00192209         4
    1237       -0.00041418      a_ia      1237                           -0.00579846        14
     960        0.00040209      a_ia       960                            0.00402091        10
    1217        0.00040063      a_ia      1217                            0.00080126         2
     930       -0.00038913      a_ia       930                           -0.00856079        22
     958       -0.00038774      a_ia       958                           -0.00077548         2

  ==> Add operator: a_ia 854
  ==> Current qubit order: 0  1  2  3  4  5  6  7  8  9  10  11  12  13  14  15  17  18  19  22  23  24  25  26  27  32  33  40  41  35  54  44  46  45  34  55  42  52  37  53  43  47  29  28  48  49  57  56  21  79  20  66  16  91  67  87  86  58  61  60  59  51  69  62  70  30  71  31  72  73  63  68  36  65  64  85  39  74  75  76  77  78  80  81  83  82  38  84  50  88  89  90  92  93  94  95  


  ==> Energy                -256.186527055
  ==> dE                       -6.12e-06
  ==> Gradient Norm             2.92e-01
  ==> Abs. Max. Deriv.          3.65e-02
  ==> Time-Grad. (s)             142.926
  ==> Time-Energy (s)             28.371
  ==> Time-Iter. (s)             172.337

--------------------------------------------------------------------------------
CEO-ADAPT-VQE iteration: 192
--------------------------------------------------------------------------------
    gate        derivative      name       op1       op2       op3        g_unscaled   penalty
    1193        0.00060494      a_ia      1193                            0.00120987         2
    1338       -0.00056333      a_ia      1338                           -0.00112666         2
    1115        0.00050939      a_ia      1115                            0.00203754         4
    1136       -0.00046872      a_ia      1136                           -0.00187488         4
    1240       -0.00041417      a_ia      1240                           -0.00579838        14
     963        0.00040664      a_ia       963                            0.00406636        10
    1220        0.00040130      a_ia      1220                            0.00080261         2
     933       -0.00038908      a_ia       933                           -0.00855977        22
     961       -0.00038640      a_ia       961                           -0.00077279         2
    1095       -0.00038212      a_ia      1095                           -0.00076424         2

  ==> Add operator: a_ia 1193
  ==> Current qubit order: 0  1  2  3  4  5  6  7  8  9  10  11  12  13  14  15  17  18  19  22  23  24  25  26  27  32  33  40  41  35  54  44  46  45  34  55  42  52  37  53  43  47  29  28  48  49  57  56  21  79  20  66  16  91  67  87  86  58  61  60  59  51  69  62  70  30  71  31  72  73  63  68  36  65  64  85  39  74  75  76  77  78  80  81  83  82  38  84  50  88  89  90  92  93  94  95  


  ==> Energy                -256.186548984
  ==> dE                       -2.19e-05
  ==> Gradient Norm             2.83e-01
  ==> Abs. Max. Deriv.          2.53e-02
  ==> Time-Grad. (s)             146.344
  ==> Time-Energy (s)             33.821
  ==> Time-Iter. (s)             181.206

--------------------------------------------------------------------------------
CEO-ADAPT-VQE iteration: 193
--------------------------------------------------------------------------------
    gate        derivative      name       op1       op2       op3        g_unscaled   penalty
    1346       -0.00056369      a_ia      1346                           -0.00112739         2
    1123        0.00050817      a_ia      1123                            0.00203266         4
    1144       -0.00046372      a_ia      1144                           -0.00185487         4
    1248       -0.00041392      a_ia      1248                           -0.00579483        14
     971        0.00040651      a_ia       971                            0.00406512        10
    1228        0.00040077      a_ia      1228                            0.00080155         2
     941       -0.00038979      a_ia       941                           -0.00857543        22
     969       -0.00038699      a_ia       969                           -0.00077397         2
    1103       -0.00038297      a_ia      1103                           -0.00076595         2
     809        0.00036843      a_ia       809                            0.00147371         4

  ==> Add operator: a_ia 1346
  ==> Current qubit order: 0  1  2  3  4  5  6  7  8  9  10  11  12  13  14  15  17  18  19  22  23  24  25  26  27  32  33  40  41  35  54  44  46  45  34  55  42  52  37  53  43  47  29  28  48  49  57  56  21  79  20  66  16  91  67  87  86  58  61  60  59  51  69  62  70  30  71  31  72  73  63  68  36  65  64  85  39  74  75  76  77  78  80  81  83  82  38  84  50  88  89  90  92  93  94  95  


  ==> Energy                -256.186730326
  ==> dE                       -1.81e-04
  ==> Gradient Norm             2.89e-01
  ==> Abs. Max. Deriv.          3.22e-02
  ==> Time-Grad. (s)             140.833
  ==> Time-Energy (s)             26.050
  ==> Time-Iter. (s)             167.914

--------------------------------------------------------------------------------
CEO-ADAPT-VQE iteration: 194
--------------------------------------------------------------------------------
    gate        derivative      name       op1       op2       op3        g_unscaled   penalty
    1123        0.00050839      a_ia      1123                            0.00203357         4
    1144       -0.00046400      a_ia      1144                           -0.00185601         4
    1249       -0.00041355      a_ia      1249                           -0.00578973        14
     971        0.00040678      a_ia       971                            0.00406778        10
     969       -0.00040659      a_ia       969                           -0.00081319         2
     941       -0.00038996      a_ia       941                           -0.00857914        22
    1103       -0.00038333      a_ia      1103                           -0.00076666         2
    1229        0.00037116      a_ia      1229                            0.00074231         2
     809        0.00036975      a_ia       809                            0.00147900         4
    1230       -0.00036649      a_ia      1230                           -0.00219893         6

  ==> Add operator: a_ia 1123
  ==> Current qubit order: 0  1  2  3  4  5  6  7  8  9  10  11  12  13  14  15  17  18  19  22  23  24  25  26  27  32  33  40  41  35  54  44  46  34  45  55  42  52  37  53  43  47  29  28  48  49  57  56  21  79  20  66  16  91  67  87  86  58  61  60  59  51  69  62  70  30  71  31  72  73  63  68  36  65  64  85  39  74  75  76  77  78  80  81  83  82  38  84  50  88  89  90  92  93  94  95  


  ==> Energy                -256.186732294
  ==> dE                       -1.97e-06
  ==> Gradient Norm             2.82e-01
  ==> Abs. Max. Deriv.          2.53e-02
  ==> Time-Grad. (s)             142.704
  ==> Time-Energy (s)             35.664
  ==> Time-Iter. (s)             179.423

--------------------------------------------------------------------------------
CEO-ADAPT-VQE iteration: 195
--------------------------------------------------------------------------------
    gate        derivative      name       op1       op2       op3        g_unscaled   penalty
    1148       -0.00045687      a_ia      1148                           -0.00182749         4
    1254       -0.00041357      a_ia      1254                           -0.00578999        14
     974        0.00040680      a_ia       974                            0.00406801        10
     972       -0.00040506      a_ia       972                           -0.00081012         2
     944       -0.00039000      a_ia       944                           -0.00857989        22
    1107       -0.00038308      a_ia      1107                           -0.00076616         2
    1233        0.00037121      a_ia      1233                            0.00074242         2
     811        0.00036948      a_ia       811                            0.00147791         4
    1234       -0.00036650      a_ia      1234                           -0.00219899         6
     941       -0.00034142      a_ia       941                           -0.00614557        18

  ==> Add operator: a_ia 1148
  ==> Current qubit order: 0  1  2  3  4  5  6  7  8  9  10  11  12  13  14  15  17  18  19  22  23  24  25  26  27  32  33  40  41  35  44  54  46  34  45  55  42  52  37  53  43  47  29  28  48  49  57  56  21  79  20  66  16  91  67  87  86  58  61  60  59  51  69  62  70  30  71  31  72  73  63  68  36  65  64  85  39  74  75  76  77  78  80  81  83  82  38  84  50  88  89  90  92  93  94  95  


  ==> Energy                -256.186734150
  ==> dE                       -1.86e-06
  ==> Gradient Norm             2.99e-01
  ==> Abs. Max. Deriv.          4.70e-02
  ==> Time-Grad. (s)             143.386
  ==> Time-Energy (s)             32.457
  ==> Time-Iter. (s)             176.859

--------------------------------------------------------------------------------
CEO-ADAPT-VQE iteration: 196
--------------------------------------------------------------------------------
    gate        derivative      name       op1       op2       op3        g_unscaled   penalty
   89501        0.00075486        om     37208     37209                  0.03094913        41
   89500        0.00072977        op     37208     37209                  0.02992060        41
   37208        0.00053394    a_iajb     37208                            0.03043486        57
    1256       -0.00048304      a_ia      1256                           -0.00579642        12
     975        0.00040691      a_ia       975                            0.00406915        10
     973       -0.00039190      a_ia       973                           -0.00078379         2
     945       -0.00038996      a_ia       945                           -0.00857903        22
    1235        0.00037148      a_ia      1235                            0.00074296         2
     812        0.00036919      a_ia       812                            0.00147678         4
    1236       -0.00036656      a_ia      1236                           -0.00219939         6

  ==> Add operator: mvp2 -1: 37208 37209
  ==> Current qubit order: 0  1  2  3  4  5  6  7  8  9  10  11  12  13  14  15  17  18  19  22  23  24  25  26  27  32  33  40  41  35  44  54  46  34  45  55  42  52  37  47  53  43  28  48  29  49  57  56  21  79  20  66  16  91  67  87  86  58  61  60  59  51  69  62  70  30  71  31  72  73  63  68  36  65  64  85  39  74  75  76  77  78  80  81  83  82  38  84  50  88  89  90  92  93  94  95  


  ==> Energy                -256.186980353
  ==> dE                       -2.46e-04
  ==> Gradient Norm             2.94e-01
  ==> Abs. Max. Deriv.          3.87e-02
  ==> Time-Grad. (s)             144.429
  ==> Time-Energy (s)             48.830
  ==> Time-Iter. (s)             194.285

--------------------------------------------------------------------------------
CEO-ADAPT-VQE iteration: 197
--------------------------------------------------------------------------------
    gate        derivative      name       op1       op2       op3        g_unscaled   penalty
     822        0.00051905      a_ia       822                            0.00207619         4
     995       -0.00051017      a_ia       995                           -0.00102034         2
    1263       -0.00048375      a_ia      1263                           -0.00580503        12
    1102        0.00045126      a_ia      1102                            0.00090253         2
     981        0.00040706      a_ia       981                            0.00407062        10
     979       -0.00039312      a_ia       979                           -0.00078623         2
     951       -0.00037052      a_ia       951                           -0.00889245        24
    1242        0.00037033      a_ia      1242                            0.00074066         2
    1243       -0.00036654      a_ia      1243                           -0.00219923         6
     948       -0.00034223      a_ia       948                           -0.00616019        18

  ==> Add operator: a_ia 822
  ==> Current qubit order: 0  1  2  3  4  5  6  7  8  9  10  11  12  13  14  15  17  18  19  22  23  24  25  26  27  32  33  40  41  35  44  54  46  34  45  55  42  52  37  47  53  43  28  48  49  29  57  56  21  79  20  66  16  91  67  87  86  58  61  60  59  51  69  62  70  30  71  31  72  73  63  68  36  65  64  85  39  74  75  76  77  78  80  81  83  82  38  84  50  88  89  90  92  93  94  95  


  ==> Energy                -256.186981921
  ==> dE                       -1.57e-06
  ==> Gradient Norm             2.91e-01
  ==> Abs. Max. Deriv.          2.85e-02
  ==> Time-Grad. (s)             147.400
  ==> Time-Energy (s)             24.543
  ==> Time-Iter. (s)             172.985

--------------------------------------------------------------------------------
CEO-ADAPT-VQE iteration: 198
--------------------------------------------------------------------------------
    gate        derivative      name       op1       op2       op3        g_unscaled   penalty
    1000       -0.00051030      a_ia      1000                           -0.00102060         2
    1268       -0.00048378      a_ia      1268                           -0.00580539        12
    1107        0.00045525      a_ia      1107                            0.00091050         2
     986        0.00040622      a_ia       986                            0.00406216        10
     984       -0.00039422      a_ia       984                           -0.00078843         2
     956       -0.00037052      a_ia       956                           -0.00889251        24
    1247        0.00037036      a_ia      1247                            0.00074073         2
    1248       -0.00036655      a_ia      1248                           -0.00219928         6
    1001       -0.00036346      a_ia      1001                           -0.00436146        12
     953       -0.00034224      a_ia       953                           -0.00616023        18

  ==> Add operator: a_ia 1000
  ==> Current qubit order: 0  1  2  3  4  5  6  7  8  9  10  11  12  13  14  15  17  18  19  22  23  24  25  26  27  32  33  40  41  35  44  54  46  34  45  55  42  52  37  47  53  43  28  48  49  29  57  56  21  79  20  66  16  91  67  87  86  58  61  60  59  51  69  62  70  30  71  31  72  73  63  68  36  65  64  85  39  74  75  76  77  78  80  81  83  82  38  84  50  88  89  90  92  93  94  95  


  ==> Energy                -256.187004014
  ==> dE                       -2.21e-05
  ==> Gradient Norm             2.82e-01
  ==> Abs. Max. Deriv.          2.77e-02
  ==> Time-Grad. (s)             141.982
  ==> Time-Energy (s)             31.587
  ==> Time-Iter. (s)             174.616

--------------------------------------------------------------------------------
CEO-ADAPT-VQE iteration: 199
--------------------------------------------------------------------------------
    gate        derivative      name       op1       op2       op3        g_unscaled   penalty
   90159       -0.00075912        om     37846     37847                 -0.04023354        53
   90158       -0.00075798        op     37846     37847                 -0.04017314        53
   37846       -0.00058266    a_iajb     37846                           -0.04020334        69
    1270       -0.00048252      a_ia      1270                           -0.00579028        12
    1108        0.00046425      a_ia      1108                            0.00092849         2
     987        0.00040746      a_ia       987                            0.00407457        10
     985       -0.00039582      a_ia       985                           -0.00079163         2
    1249        0.00037256      a_ia      1249                            0.00074512         2
     957       -0.00037038      a_ia       957                           -0.00888902        24
    1250       -0.00036676      a_ia      1250                           -0.00220058         6

  ==> Add operator: mvp2 -1: 37846 37847
  ==> Current qubit order: 0  1  2  3  4  5  6  7  8  9  10  11  12  13  14  15  17  18  19  22  23  24  25  26  27  32  33  40  41  35  44  54  46  34  45  55  42  52  37  47  53  43  28  48  49  29  57  56  21  79  20  66  16  91  67  87  58  61  60  59  51  69  62  70  86  30  71  31  72  73  63  68  36  65  64  85  39  74  75  76  77  78  80  81  83  82  38  84  50  88  89  90  92  93  94  95  


  ==> Energy                -256.187141539
  ==> dE                       -1.38e-04
  ==> Gradient Norm             3.04e-01
  ==> Abs. Max. Deriv.          4.02e-02
  ==> Time-Grad. (s)             143.217
  ==> Time-Energy (s)             56.874
  ==> Time-Iter. (s)             201.115

--------------------------------------------------------------------------------
CEO-ADAPT-VQE iteration: 200
--------------------------------------------------------------------------------
    gate        derivative      name       op1       op2       op3        g_unscaled   penalty
    1274       -0.00048249      a_ia      1274                           -0.00578988        12
    1112        0.00046414      a_ia      1112                            0.00092829         2
     883       -0.00042698      a_ia       883                           -0.00085396         2
     991        0.00040736      a_ia       991                            0.00407361        10
     989       -0.00039574      a_ia       989                           -0.00079149         2
    1253        0.00037257      a_ia      1253                            0.00074513         2
     961       -0.00037031      a_ia       961                           -0.00888751        24
    1254       -0.00036659      a_ia      1254                           -0.00219954         6
    1006       -0.00035777      a_ia      1006                           -0.00429327        12
     958       -0.00035476      a_ia       958                           -0.00638566        18

  ==> Add operator: a_ia 1274
  ==> Current qubit order: 0  1  2  3  4  5  6  7  8  9  10  11  12  13  14  15  17  18  19  22  23  24  25  26  27  32  33  40  41  35  44  46  34  45  55  42  54  52  37  47  53  43  28  48  49  29  57  56  21  79  20  66  16  91  67  87  58  61  60  59  51  69  62  70  86  30  71  31  72  73  63  68  36  65  64  85  39  74  75  76  77  78  80  81  83  82  38  84  50  88  89  90  92  93  94  95  


  ==> Energy                -256.187850981
  ==> dE                       -7.09e-04
  ==> Gradient Norm             2.98e-01
  ==> Abs. Max. Deriv.          4.87e-02
  ==> Time-Grad. (s)             138.925
  ==> Time-Energy (s)            811.444
  ==> Time-Iter. (s)             951.398

--------------------------------------------------------------------------------
CEO-ADAPT-VQE iteration: 201
--------------------------------------------------------------------------------
    gate        derivative      name       op1       op2       op3        g_unscaled   penalty
    1057        0.00453101      a_ia      1057                            0.00906202         2
    1036       -0.00229137      a_ia      1036                           -0.00458274         2
     835        0.00206739      a_ia       835                            0.00413478         2
     872        0.00201088      a_ia       872                            0.00402177         2
     887       -0.00136459      a_ia       887                           -0.00272919         2
    1037        0.00136126      a_ia      1037                            0.00272252         2
    1148        0.00094285      a_ia      1148                            0.00188570         2
    1189       -0.00091815      a_ia      1189                           -0.00183629         2
     512        0.00090998      a_ia       512                            0.00181996         2
    1257        0.00045171      a_ia      1257                            0.00090343         2

  ==> Add operator: a_ia 1057
  ==> Current qubit order: 0  1  2  3  4  5  6  7  8  9  10  11  12  13  14  15  17  18  19  22  23  24  25  26  27  32  33  40  41  35  44  46  34  45  55  42  54  52  37  47  53  43  28  48  49  29  57  56  21  79  20  66  16  91  67  87  58  61  60  59  51  69  62  70  86  30  71  31  72  73  63  68  36  65  64  85  39  74  75  76  77  78  80  81  83  82  38  84  50  88  89  90  92  93  94  95  


  ==> Energy                -256.187867026
  ==> dE                       -1.60e-05
  ==> Gradient Norm             2.90e-01
  ==> Abs. Max. Deriv.          2.63e-02
  ==> Time-Grad. (s)             140.922
  ==> Time-Energy (s)             28.441
  ==> Time-Iter. (s)             170.574

--------------------------------------------------------------------------------
CEO-ADAPT-VQE iteration: 202
--------------------------------------------------------------------------------
    gate        derivative      name       op1       op2       op3        g_unscaled   penalty
    1037       -0.00226488      a_ia      1037                           -0.00452977         2
     873        0.00215374      a_ia       873                            0.00430748         2
     836        0.00206177      a_ia       836                            0.00412354         2
     888       -0.00143315      a_ia       888                           -0.00286629         2
    1038        0.00115564      a_ia      1038                            0.00231128         2
    1190       -0.00096139      a_ia      1190                           -0.00192278         2
    1149        0.00095961      a_ia      1149                            0.00191922         2
     513        0.00091350      a_ia       513                            0.00182699         2
    1259        0.00045258      a_ia      1259                            0.00090516         2
     996        0.00044269      a_ia       996                            0.00442687        10

  ==> Add operator: a_ia 1037
  ==> Current qubit order: 0  1  2  3  4  5  6  7  8  9  10  11  12  13  14  15  17  18  19  22  23  24  25  26  27  32  33  40  41  35  44  46  34  45  55  42  54  52  37  47  53  43  28  48  49  29  57  56  21  79  20  66  16  91  67  87  58  61  60  59  51  69  62  70  86  30  71  31  72  73  63  68  36  65  64  85  39  74  75  76  77  78  80  81  83  82  38  84  50  88  89  90  92  93  94  95  


  ==> Energy                -256.187871615
  ==> dE                       -4.59e-06
  ==> Gradient Norm             3.02e-01
  ==> Abs. Max. Deriv.          6.89e-02
  ==> Time-Grad. (s)             140.619
  ==> Time-Energy (s)             34.805
  ==> Time-Iter. (s)             176.486

--------------------------------------------------------------------------------
CEO-ADAPT-VQE iteration: 203
--------------------------------------------------------------------------------
    gate        derivative      name       op1       op2       op3        g_unscaled   penalty
     876        0.00215931      a_ia       876                            0.00431861         2
     839        0.00206101      a_ia       839                            0.00412201         2
     891       -0.00144980      a_ia       891                           -0.00289959         2
    1041        0.00116464      a_ia      1041                            0.00232927         2
    1193       -0.00096828      a_ia      1193                           -0.00193657         2
    1152        0.00096175      a_ia      1152                            0.00192350         2
     516        0.00091108      a_ia       516                            0.00182216         2
    1262        0.00045778      a_ia      1262                            0.00091557         2
     999        0.00043938      a_ia       999                            0.00439380        10
    1284       -0.00040635      a_ia      1284                           -0.00081271         2

  ==> Add operator: a_ia 876
  ==> Current qubit order: 0  1  2  3  4  5  6  7  8  9  10  11  12  13  14  15  17  18  19  22  23  24  25  26  27  32  33  40  41  35  44  46  34  45  55  42  54  52  37  47  53  43  28  48  49  29  57  56  21  79  20  66  16  91  67  87  58  61  60  59  51  69  62  70  86  30  71  31  72  73  63  68  36  65  64  85  39  74  75  76  77  78  80  81  83  82  38  84  50  88  89  90  92  93  94  95  


  ==> Energy                -256.187875127
  ==> dE                       -3.51e-06
  ==> Gradient Norm             2.99e-01
  ==> Abs. Max. Deriv.          4.17e-02
  ==> Time-Grad. (s)             141.404
  ==> Time-Energy (s)             33.365
  ==> Time-Iter. (s)             175.877

--------------------------------------------------------------------------------
CEO-ADAPT-VQE iteration: 204
--------------------------------------------------------------------------------
    gate        derivative      name       op1       op2       op3        g_unscaled   penalty
     840        0.00207383      a_ia       840                            0.00414767         2
     892       -0.00139769      a_ia       892                           -0.00279538         2
    1042        0.00120450      a_ia      1042                            0.00240900         2
    1153        0.00095543      a_ia      1153                            0.00191086         2
    1194       -0.00095418      a_ia      1194                           -0.00190835         2
     516        0.00091650      a_ia       516                            0.00183300         2
    1263        0.00045780      a_ia      1263                            0.00091560         2
    1000        0.00043986      a_ia      1000                            0.00439858        10
    1285       -0.00040627      a_ia      1285                           -0.00081254         2
    1133       -0.00038742      a_ia      1133                           -0.00077483         2

  ==> Add operator: a_ia 840
  ==> Current qubit order: 0  1  2  3  4  5  6  7  8  9  10  11  12  13  14  15  17  18  19  22  23  24  25  26  27  32  33  40  41  35  44  46  34  45  55  42  54  52  37  47  53  43  28  48  49  29  57  56  21  79  20  66  16  91  67  87  58  61  60  59  51  69  62  70  86  30  71  31  72  73  63  68  36  65  64  85  39  74  75  76  77  78  80  81  83  82  38  84  50  88  89  90  92  93  94  95  


  ==> Energy                -256.187881221
  ==> dE                       -6.09e-06
  ==> Gradient Norm             3.05e-01
  ==> Abs. Max. Deriv.          3.53e-02
  ==> Time-Grad. (s)             142.688
  ==> Time-Energy (s)             23.030
  ==> Time-Iter. (s)             166.804

--------------------------------------------------------------------------------
CEO-ADAPT-VQE iteration: 205
--------------------------------------------------------------------------------
    gate        derivative      name       op1       op2       op3        g_unscaled   penalty
     894       -0.00139397      a_ia       894                           -0.00278793         2
    1044        0.00119730      a_ia      1044                            0.00239460         2
    1196       -0.00097746      a_ia      1196                           -0.00195492         2
    1155        0.00095791      a_ia      1155                            0.00191583         2
     517        0.00087320      a_ia       517                            0.00174640         2
    1265        0.00045796      a_ia      1265                            0.00091591         2
    1002        0.00043819      a_ia      1002                            0.00438187        10
   90438        0.00043031        om     38085     38086                  0.03399431        79
    1287       -0.00040657      a_ia      1287                           -0.00081313         2
    1135       -0.00038743      a_ia      1135                           -0.00077486         2

  ==> Add operator: a_ia 894
  ==> Current qubit order: 0  1  2  3  4  5  6  7  8  9  10  11  12  13  14  15  17  18  19  22  23  24  25  26  27  32  33  40  41  35  44  46  34  45  55  42  54  52  37  47  53  43  28  48  49  29  57  56  21  79  20  66  16  91  67  87  58  61  60  59  51  69  62  70  86  30  71  31  72  73  63  68  36  65  64  85  39  74  75  76  77  78  80  81  83  82  38  84  50  88  89  90  92  93  94  95  


  ==> Energy                -256.187883055
  ==> dE                       -1.83e-06
  ==> Gradient Norm             2.85e-01
  ==> Abs. Max. Deriv.          3.40e-02
  ==> Time-Grad. (s)             158.599
  ==> Time-Energy (s)             32.572
  ==> Time-Iter. (s)             192.159

--------------------------------------------------------------------------------
CEO-ADAPT-VQE iteration: 206
--------------------------------------------------------------------------------
    gate        derivative      name       op1       op2       op3        g_unscaled   penalty
    1044        0.00123829      a_ia      1044                            0.00247659         2
    1196       -0.00096625      a_ia      1196                           -0.00193250         2
    1155        0.00095288      a_ia      1155                            0.00190575         2
     517        0.00086898      a_ia       517                            0.00173797         2
    1265        0.00045821      a_ia      1265                            0.00091642         2
    1002        0.00044044      a_ia      1002                            0.00440435        10
    1287       -0.00040650      a_ia      1287                           -0.00081300         2
    1135       -0.00038742      a_ia      1135                           -0.00077484         2
    1263        0.00038644      a_ia      1263                            0.00077288         2
     972       -0.00037359      a_ia       972                           -0.00896627        24

  ==> Add operator: a_ia 1044
  ==> Current qubit order: 0  1  2  3  4  5  6  7  8  9  10  11  12  13  14  15  17  18  19  22  23  24  25  26  27  32  33  40  41  35  44  46  34  45  55  42  54  52  37  47  53  43  28  48  49  29  57  56  21  79  20  66  16  91  67  87  58  61  60  59  51  69  62  70  86  30  71  31  72  73  63  68  36  65  64  85  39  74  75  76  77  78  80  81  83  82  38  84  50  88  89  90  92  93  94  95  


  ==> Energy                -256.187884590
  ==> dE                       -1.53e-06
  ==> Gradient Norm             2.94e-01
  ==> Abs. Max. Deriv.          2.97e-02
  ==> Time-Grad. (s)             140.363
  ==> Time-Energy (s)             29.474
  ==> Time-Iter. (s)             170.998

--------------------------------------------------------------------------------
CEO-ADAPT-VQE iteration: 207
--------------------------------------------------------------------------------
    gate        derivative      name       op1       op2       op3        g_unscaled   penalty
    1200       -0.00098085      a_ia      1200                           -0.00196170         2
    1159        0.00095840      a_ia      1159                            0.00191681         2
     520        0.00086998      a_ia       520                            0.00173995         2
    1270        0.00046506      a_ia      1270                            0.00093013         2
    1006        0.00044094      a_ia      1006                            0.00440940        10
   89046       -0.00042543        op     37251     37252                 -0.01999537        47
    1292       -0.00040639      a_ia      1292                           -0.00081277         2
   89047       -0.00040418        om     37251     37252                 -0.01899634        47
    1139       -0.00038747      a_ia      1139                           -0.00077493         2
    1268        0.00038730      a_ia      1268                            0.00077460         2

  ==> Add operator: a_ia 1200
  ==> Current qubit order: 0  1  2  3  4  5  6  7  8  9  10  11  12  13  14  15  17  18  19  22  23  24  25  26  27  32  33  40  41  35  44  46  34  45  55  42  54  52  37  47  53  43  28  48  49  29  57  56  21  79  20  66  16  91  67  87  58  61  60  59  51  69  62  70  86  30  71  31  72  73  63  68  36  65  64  85  39  74  75  76  77  78  80  81  83  82  38  84  50  88  89  90  92  93  94  95  


  ==> Energy                -256.187886997
  ==> dE                       -2.41e-06
  ==> Gradient Norm             3.04e-01
  ==> Abs. Max. Deriv.          5.22e-02
  ==> Time-Grad. (s)             220.043
  ==> Time-Energy (s)             33.343
  ==> Time-Iter. (s)             254.437

--------------------------------------------------------------------------------
CEO-ADAPT-VQE iteration: 208
--------------------------------------------------------------------------------
    gate        derivative      name       op1       op2       op3        g_unscaled   penalty
    1161        0.00095248      a_ia      1161                            0.00190496         2
     521        0.00084064      a_ia       521                            0.00168128         2
    1272        0.00046542      a_ia      1272                            0.00093083         2
    1008        0.00044206      a_ia      1008                            0.00442061        10
    1129        0.00043434      a_ia      1129                            0.00086869         2
    1294       -0.00040654      a_ia      1294                           -0.00081308         2
    1270        0.00038725      a_ia      1270                            0.00077451         2
    1141       -0.00038714      a_ia      1141                           -0.00077429         2
   89839        0.00037866        op     37752     37753                  0.02991438        79
     978       -0.00037381      a_ia       978                           -0.00897146        24

  ==> Add operator: a_ia 1161
  ==> Current qubit order: 0  1  2  3  4  5  6  7  8  9  10  11  12  13  14  15  17  18  19  22  23  24  25  26  27  32  33  40  41  35  44  46  34  45  55  42  54  52  37  47  53  43  28  48  49  29  57  56  21  79  20  66  16  91  67  87  58  61  60  59  51  69  62  70  86  30  71  31  72  73  63  68  36  65  64  85  39  74  75  76  77  78  80  81  83  82  38  84  50  88  89  90  92  93  94  95  


  ==> Energy                -256.187888827
  ==> dE                       -1.83e-06
  ==> Gradient Norm             2.96e-01
  ==> Abs. Max. Deriv.          3.31e-02
  ==> Time-Grad. (s)             215.281
  ==> Time-Energy (s)             24.626
  ==> Time-Iter. (s)             240.957

--------------------------------------------------------------------------------
CEO-ADAPT-VQE iteration: 209
--------------------------------------------------------------------------------
    gate        derivative      name       op1       op2       op3        g_unscaled   penalty
     521        0.00083156      a_ia       521                            0.00166312         2
     957        0.00061553      a_ia       957                            0.00123105         2
    1274        0.00046550      a_ia      1274                            0.00093099         2
    1009        0.00044209      a_ia      1009                            0.00442086        10
    1131        0.00043168      a_ia      1131                            0.00086336         2
    1296       -0.00040668      a_ia      1296                           -0.00081335         2
    1272        0.00038728      a_ia      1272                            0.00077456         2
    1143       -0.00038683      a_ia      1143                           -0.00077367         2
     979       -0.00037385      a_ia       979                           -0.00897232        24
    1275       -0.00036496      a_ia      1275                           -0.00218978         6

  ==> Add operator: a_ia 521
  ==> Current qubit order: 0  1  2  3  4  5  6  7  8  9  10  11  12  13  14  15  17  18  19  22  23  24  25  26  27  32  33  40  41  35  44  46  34  45  55  42  54  52  37  47  53  43  28  48  49  29  57  56  21  79  20  66  16  91  67  87  58  61  60  59  51  69  62  70  86  30  71  31  72  73  63  68  36  65  64  85  39  74  75  76  77  78  80  81  83  82  38  84  50  88  89  90  92  93  94  95  


  ==> Energy                -256.187889718
  ==> dE                       -8.92e-07
  ==> Gradient Norm             2.92e-01
  ==> Abs. Max. Deriv.          4.27e-02
  ==> Time-Grad. (s)             141.123
  ==> Time-Energy (s)             32.672
  ==> Time-Iter. (s)             174.836

--------------------------------------------------------------------------------
CEO-ADAPT-VQE iteration: 210
--------------------------------------------------------------------------------
    gate        derivative      name       op1       op2       op3        g_unscaled   penalty
     963        0.00061553      a_ia       963                            0.00123106         2
    1280        0.00046541      a_ia      1280                            0.00093082         2
    1015        0.00044219      a_ia      1015                            0.00442192        10
    1137        0.00042466      a_ia      1137                            0.00084931         2
    1302       -0.00040666      a_ia      1302                           -0.00081333         2
    1278        0.00038729      a_ia      1278                            0.00077457         2
    1149       -0.00038682      a_ia      1149                           -0.00077365         2
     985       -0.00037385      a_ia       985                           -0.00897239        24
   88846        0.00036526        op     37066     37067                  0.00913161        25
    1281       -0.00036501      a_ia      1281                           -0.00219004         6

  ==> Add operator: a_ia 963
  ==> Current qubit order: 0  1  2  3  4  5  6  7  8  9  10  11  12  13  14  15  17  18  19  22  23  24  25  26  27  32  33  40  41  35  44  46  34  45  55  42  54  52  37  47  53  43  28  48  49  29  57  56  21  79  20  66  16  91  67  87  58  61  60  59  51  69  62  70  86  30  71  31  72  73  63  68  36  65  64  85  39  74  75  76  77  78  80  81  83  82  38  84  50  88  89  90  92  93  94  95  


  ==> Energy                -256.187935783
  ==> dE                       -4.61e-05
  ==> Gradient Norm             2.84e-01
  ==> Abs. Max. Deriv.          3.46e-02
  ==> Time-Grad. (s)             142.668
  ==> Time-Energy (s)             30.317
  ==> Time-Iter. (s)             174.015

--------------------------------------------------------------------------------
CEO-ADAPT-VQE iteration: 211
--------------------------------------------------------------------------------
    gate        derivative      name       op1       op2       op3        g_unscaled   penalty
    1284        0.00046748      a_ia      1284                            0.00093495         2
    1017        0.00044274      a_ia      1017                            0.00442742        10
    1139        0.00043315      a_ia      1139                            0.00086631         2
    1306       -0.00040194      a_ia      1306                           -0.00080389         2
    1282        0.00038645      a_ia      1282                            0.00077290         2
     987       -0.00037437      a_ia       987                           -0.00898499        24
    1285       -0.00036484      a_ia      1285                           -0.00218905         6
     984       -0.00036085      a_ia       984                           -0.00649535        18
     831       -0.00035967      a_ia       831                           -0.00359675        10
    1215        0.00035768      a_ia      1215                            0.00357678        10

  ==> Add operator: a_ia 1284
  ==> Current qubit order: 0  1  2  3  4  5  6  7  8  9  10  11  12  13  14  15  17  18  19  22  23  24  25  26  27  32  33  40  41  35  44  46  34  45  55  42  54  52  37  47  53  43  28  48  49  29  57  56  21  79  20  66  16  91  67  87  58  61  60  59  51  69  62  70  86  30  71  31  72  73  63  68  36  65  64  85  39  74  75  76  77  78  80  81  83  82  38  84  50  88  89  90  92  93  94  95  


  ==> Energy                -256.187940510
  ==> dE                       -4.73e-06
  ==> Gradient Norm             2.90e-01
  ==> Abs. Max. Deriv.          2.55e-02
  ==> Time-Grad. (s)             224.843
  ==> Time-Energy (s)             27.854
  ==> Time-Iter. (s)             253.730

--------------------------------------------------------------------------------
CEO-ADAPT-VQE iteration: 212
--------------------------------------------------------------------------------
    gate        derivative      name       op1       op2       op3        g_unscaled   penalty
    1022        0.00044298      a_ia      1022                            0.00442982        10
    1144        0.00043360      a_ia      1144                            0.00086721         2
    1311       -0.00040178      a_ia      1311                           -0.00080356         2
    1287        0.00038891      a_ia      1287                            0.00077782         2
     991       -0.00037450      a_ia       991                           -0.00898789        24
   89827       -0.00036834        op     37765     37766                 -0.04088621       111
    1290       -0.00036320      a_ia      1290                           -0.00217921         6
     988       -0.00036094      a_ia       988                           -0.00649699        18
     834       -0.00035970      a_ia       834                           -0.00359695        10
    1220        0.00035749      a_ia      1220                            0.00357493        10

  ==> Add operator: a_ia 1022
  ==> Current qubit order: 0  1  2  3  4  5  6  7  8  9  10  11  12  13  14  15  17  18  19  22  23  24  25  26  27  32  33  40  41  35  44  46  34  45  55  42  54  52  37  47  53  43  28  48  49  29  57  56  21  79  20  66  16  91  67  87  58  61  60  59  51  69  62  70  86  30  71  31  72  73  63  68  65  64  85  39  36  74  75  76  77  78  80  81  83  82  38  84  50  88  89  90  92  93  94  95  


  ==> Energy                -256.187945483
  ==> dE                       -4.97e-06
  ==> Gradient Norm             2.95e-01
  ==> Abs. Max. Deriv.          4.09e-02
  ==> Time-Grad. (s)             143.721
  ==> Time-Energy (s)             36.706
  ==> Time-Iter. (s)             181.455

--------------------------------------------------------------------------------
CEO-ADAPT-VQE iteration: 213
--------------------------------------------------------------------------------
    gate        derivative      name       op1       op2       op3        g_unscaled   penalty
    1027        0.00048345      a_ia      1027                            0.00290071         6
    1148        0.00042502      a_ia      1148                            0.00085005         2
    1315       -0.00040308      a_ia      1315                           -0.00080617         2
    1291        0.00038917      a_ia      1291                            0.00077834         2
     995       -0.00037453      a_ia       995                           -0.00898878        24
    1294       -0.00036325      a_ia      1294                           -0.00217951         6
     992       -0.00036098      a_ia       992                           -0.00649764        18
     837       -0.00035792      a_ia       837                           -0.00357922        10
    1224        0.00035702      a_ia      1224                            0.00357016        10
    1066        0.00034731      a_ia      1066                            0.00347310        10

  ==> Add operator: a_ia 1027
  ==> Current qubit order: 0  1  2  3  4  5  6  7  8  9  10  11  12  13  14  15  17  18  19  22  23  24  25  26  27  32  33  40  41  35  44  46  34  45  55  42  54  52  37  47  53  43  28  48  49  29  57  56  21  79  20  66  16  91  67  87  58  61  60  59  51  69  62  70  86  30  71  31  72  73  63  68  65  64  85  39  74  75  36  76  77  78  80  81  83  82  38  84  50  88  89  90  92  93  94  95  


  ==> Energy                -256.187947391
  ==> dE                       -1.91e-06
  ==> Gradient Norm             3.01e-01
  ==> Abs. Max. Deriv.          4.70e-02
  ==> Time-Grad. (s)             148.202
  ==> Time-Energy (s)             35.238
  ==> Time-Iter. (s)             184.474

--------------------------------------------------------------------------------
CEO-ADAPT-VQE iteration: 214
--------------------------------------------------------------------------------
    gate        derivative      name       op1       op2       op3        g_unscaled   penalty
    1089       -0.00069845      a_ia      1089                           -0.00279381         4
    1030       -0.00055955      a_ia      1030                           -0.00335730         6
    1031       -0.00049933      a_ia      1031                           -0.00399463         8
    1151        0.00043663      a_ia      1151                            0.00087326         2
    1319       -0.00040323      a_ia      1319                           -0.00080645         2
    1295        0.00038941      a_ia      1295                            0.00077882         2
     997       -0.00037454      a_ia       997                           -0.00898902        24
    1298       -0.00036321      a_ia      1298                           -0.00217924         6
     994       -0.00036099      a_ia       994                           -0.00649780        18
     839       -0.00035863      a_ia       839                           -0.00358630        10

  ==> Add operator: a_ia 1089
  ==> Current qubit order: 0  1  2  3  4  5  6  7  8  9  10  11  12  13  14  15  17  18  19  22  23  24  25  26  27  32  33  40  41  35  44  46  34  45  55  42  54  52  37  47  53  43  28  48  49  29  57  56  21  79  20  66  16  91  67  87  58  61  60  59  51  69  62  70  86  30  71  31  72  73  63  68  65  64  85  74  39  75  36  76  77  78  80  81  83  82  38  84  50  88  89  90  92  93  94  95  


  ==> Energy                -256.187949448
  ==> dE                       -2.06e-06
  ==> Gradient Norm             2.83e-01
  ==> Abs. Max. Deriv.          3.67e-02
  ==> Time-Grad. (s)             141.458
  ==> Time-Energy (s)             32.718
  ==> Time-Iter. (s)             175.200

--------------------------------------------------------------------------------
CEO-ADAPT-VQE iteration: 215
--------------------------------------------------------------------------------
    gate        derivative      name       op1       op2       op3        g_unscaled   penalty
    1030       -0.00055804      a_ia      1030                           -0.00334827         6
    1031       -0.00049862      a_ia      1031                           -0.00398898         8
    1151        0.00043794      a_ia      1151                            0.00087588         2
    1319       -0.00040318      a_ia      1319                           -0.00080636         2
    1295        0.00038964      a_ia      1295                            0.00077928         2
     997       -0.00037459      a_ia       997                           -0.00899010        24
    1298       -0.00036320      a_ia      1298                           -0.00217920         6
     994       -0.00036104      a_ia       994                           -0.00649875        18
     839       -0.00035881      a_ia       839                           -0.00358805        10
    1228        0.00035544      a_ia      1228                            0.00355440        10

  ==> Add operator: a_ia 1030
  ==> Current qubit order: 0  1  2  3  4  5  6  7  8  9  10  11  12  13  14  15  17  18  19  22  23  24  25  26  27  32  33  40  41  35  44  46  34  45  55  42  54  52  37  47  53  43  28  48  49  29  57  56  21  79  20  66  16  91  67  87  58  61  60  59  51  69  62  70  86  30  71  31  72  73  63  68  65  64  85  74  39  75  76  77  36  78  80  81  83  82  38  84  50  88  89  90  92  93  94  95  


  ==> Energy                -256.187952143
  ==> dE                       -2.70e-06
  ==> Gradient Norm             2.93e-01
  ==> Abs. Max. Deriv.          3.49e-02
  ==> Time-Grad. (s)             143.712
  ==> Time-Energy (s)             33.638
  ==> Time-Iter. (s)             178.370

--------------------------------------------------------------------------------
CEO-ADAPT-VQE iteration: 216
--------------------------------------------------------------------------------
    gate        derivative      name       op1       op2       op3        g_unscaled   penalty
    1033       -0.00099620      a_ia      1033                           -0.00398479         4
   90642       -0.00046155        om     38870     38871                 -0.01892350        41
    1154        0.00043481      a_ia      1154                            0.00086962         2
    1322       -0.00040346      a_ia      1322                           -0.00080693         2
   90641       -0.00040175        op     38870     38871                 -0.01647188        41
   90216        0.00039464        om     38558     38559                  0.01933745        49
    1298        0.00039112      a_ia      1298                            0.00078223         2
     999       -0.00037460      a_ia       999                           -0.00899036        24
   90215        0.00036511        op     38558     38559                  0.01789056        49
    1301       -0.00036323      a_ia      1301                           -0.00217935         6

  ==> Add operator: a_ia 1033
  ==> Current qubit order: 0  1  2  3  4  5  6  7  8  9  10  11  12  13  14  15  17  18  19  22  23  24  25  26  27  32  33  40  41  35  44  46  34  45  55  42  54  52  37  47  53  43  28  48  49  29  57  56  21  79  20  66  16  91  67  87  58  61  60  59  51  69  62  70  86  30  71  31  72  73  63  68  65  64  85  74  39  75  76  77  78  36  80  81  83  82  38  84  50  88  89  90  92  93  94  95  


  ==> Energy                -256.187955473
  ==> dE                       -3.33e-06
  ==> Gradient Norm             2.96e-01
  ==> Abs. Max. Deriv.          3.40e-02
  ==> Time-Grad. (s)             145.728
  ==> Time-Energy (s)             31.254
  ==> Time-Iter. (s)             178.004

--------------------------------------------------------------------------------
CEO-ADAPT-VQE iteration: 217
--------------------------------------------------------------------------------
    gate        derivative      name       op1       op2       op3        g_unscaled   penalty
    1157        0.00046217      a_ia      1157                            0.00092433         2
    1325       -0.00040350      a_ia      1325                           -0.00080700         2
    1301        0.00039108      a_ia      1301                            0.00078216         2
    1001       -0.00037462      a_ia      1001                           -0.00899081        24
    1304       -0.00036326      a_ia      1304                           -0.00217957         6
     998       -0.00036106      a_ia       998                           -0.00649910        18
    1048        0.00035881      a_ia      1048                            0.00143525         4
     843       -0.00035770      a_ia       843                           -0.00357700        10
    1234        0.00035389      a_ia      1234                            0.00353887        10
    1047       -0.00034716      a_ia      1047                           -0.00416593        12

  ==> Add operator: a_ia 1157
  ==> Current qubit order: 0  1  2  3  4  5  6  7  8  9  10  11  12  13  14  15  17  18  19  22  23  24  25  26  27  32  33  40  41  35  44  46  34  45  55  42  54  52  37  47  53  43  28  48  49  29  57  56  21  79  20  66  16  91  67  87  58  61  60  59  51  69  62  70  86  30  71  31  72  73  63  68  65  64  85  74  39  75  76  77  78  36  80  81  83  82  38  84  50  88  89  90  92  93  94  95  


  ==> Energy                -256.187955950
  ==> dE                       -4.76e-07
  ==> Gradient Norm             2.80e-01
  ==> Abs. Max. Deriv.          2.53e-02
  ==> Time-Grad. (s)             142.698
  ==> Time-Energy (s)             26.443
  ==> Time-Iter. (s)             170.176

--------------------------------------------------------------------------------
CEO-ADAPT-VQE iteration: 218
--------------------------------------------------------------------------------
    gate        derivative      name       op1       op2       op3        g_unscaled   penalty
    1328       -0.00040329      a_ia      1328                           -0.00080657         2
    1304        0.00039096      a_ia      1304                            0.00078193         2
    1003       -0.00037478      a_ia      1003                           -0.00899482        24
    1050        0.00037038      a_ia      1050                            0.00148152         4
    1307       -0.00036327      a_ia      1307                           -0.00217961         6
    1000       -0.00036112      a_ia      1000                           -0.00650010        18
     845       -0.00035802      a_ia       845                           -0.00358016        10
    1237        0.00035468      a_ia      1237                            0.00354683        10
    1049       -0.00034878      a_ia      1049                           -0.00418530        12
    1488        0.00034662      a_ia      1488                            0.00138649         4

  ==> Add operator: a_ia 1328
  ==> Current qubit order: 0  1  2  3  4  5  6  7  8  9  10  11  12  13  14  15  17  18  19  22  23  24  25  26  27  32  33  40  41  35  44  46  34  45  55  42  54  52  37  47  53  43  28  48  49  29  57  56  21  79  20  66  16  91  67  87  58  61  60  59  51  69  62  70  86  30  71  31  72  73  63  68  65  64  85  74  39  75  76  77  78  36  80  81  83  82  38  84  50  88  89  90  92  93  94  95  


  ==> Energy                -256.187967867
  ==> dE                       -1.19e-05
  ==> Gradient Norm             2.92e-01
  ==> Abs. Max. Deriv.          3.69e-02
  ==> Time-Grad. (s)             221.826
  ==> Time-Energy (s)             23.976
  ==> Time-Iter. (s)             246.817

--------------------------------------------------------------------------------
CEO-ADAPT-VQE iteration: 219
--------------------------------------------------------------------------------
    gate        derivative      name       op1       op2       op3        g_unscaled   penalty
    1305        0.00038986      a_ia      1305                            0.00077971         2
    1004       -0.00037510      a_ia      1004                           -0.00900250        24
    1051        0.00036936      a_ia      1051                            0.00147744         4
    1308       -0.00036333      a_ia      1308                           -0.00217995         6
    1001       -0.00036170      a_ia      1001                           -0.00651053        18
    1238        0.00035388      a_ia      1238                            0.00353882        10
     846       -0.00035386      a_ia       846                           -0.00353864        10
    1050       -0.00034783      a_ia      1050                           -0.00417391        12
    1489        0.00034648      a_ia      1489                            0.00138592         4
     686       -0.00033831      a_ia       686                           -0.00473627        14

  ==> Add operator: a_ia 1305
  ==> Current qubit order: 0  1  2  3  4  5  6  7  8  9  10  11  12  13  14  15  17  18  19  22  23  24  25  26  27  32  33  40  41  35  44  46  34  45  55  42  54  52  37  47  53  43  28  48  49  29  57  56  21  79  20  66  16  91  67  87  58  61  60  59  51  69  62  70  86  30  71  31  72  73  63  68  65  64  85  74  39  75  76  77  78  36  80  81  83  82  38  84  50  88  89  90  92  93  94  95  


  ==> Energy                -256.187971411
  ==> dE                       -3.54e-06
  ==> Gradient Norm             2.82e-01
  ==> Abs. Max. Deriv.          2.53e-02
  ==> Time-Grad. (s)             138.249
  ==> Time-Energy (s)             25.491
  ==> Time-Iter. (s)             164.774

--------------------------------------------------------------------------------
CEO-ADAPT-VQE iteration: 220
--------------------------------------------------------------------------------
    gate        derivative      name       op1       op2       op3        g_unscaled   penalty
     928        0.00045792      a_ia       928                            0.00183168         4
    1009       -0.00037530      a_ia      1009                           -0.00900722        24
    1056        0.00036911      a_ia      1056                            0.00147645         4
    1313       -0.00036310      a_ia      1313                           -0.00217861         6
    1006       -0.00036185      a_ia      1006                           -0.00651328        18
     849       -0.00035394      a_ia       849                           -0.00353943        10
    1243        0.00035388      a_ia      1243                            0.00353879        10
    1055       -0.00034789      a_ia      1055                           -0.00417465        12
    1494        0.00034639      a_ia      1494                            0.00138555         4
     689       -0.00033851      a_ia       689                           -0.00473919        14

  ==> Add operator: a_ia 928
  ==> Current qubit order: 0  1  2  3  4  5  6  7  8  9  10  11  12  13  14  15  17  18  19  22  23  24  25  26  27  32  33  40  41  35  44  46  34  45  55  42  54  52  37  47  53  43  28  48  49  29  57  56  21  79  20  66  16  91  67  87  58  61  60  59  51  69  62  70  86  30  71  72  31  73  63  68  65  64  85  74  39  75  76  77  78  36  80  81  83  82  38  84  50  88  89  90  92  93  94  95  


  ==> Energy                -256.187973692
  ==> dE                       -2.28e-06
  ==> Gradient Norm             2.95e-01
  ==> Abs. Max. Deriv.          2.53e-02
  ==> Time-Grad. (s)             217.128
  ==> Time-Energy (s)             34.358
  ==> Time-Iter. (s)             252.503

--------------------------------------------------------------------------------
CEO-ADAPT-VQE iteration: 221
--------------------------------------------------------------------------------
    gate        derivative      name       op1       op2       op3        g_unscaled   penalty
    1013       -0.00037531      a_ia      1013                           -0.00900753        24
    1060        0.00036631      a_ia      1060                            0.00146523         4
    1317       -0.00036307      a_ia      1317                           -0.00217843         6
    1010       -0.00036186      a_ia      1010                           -0.00651346        18
     853       -0.00035420      a_ia       853                           -0.00354202        10
    1247        0.00035365      a_ia      1247                            0.00353645        10
    1059       -0.00034823      a_ia      1059                           -0.00417873        12
    1498        0.00034643      a_ia      1498                            0.00138573         4
     692       -0.00033757      a_ia       692                           -0.00472596        14
     932       -0.00033328      a_ia       932                           -0.00066657         2

  ==> Add operator: a_ia 1013
  ==> Current qubit order: 0  1  2  3  4  5  6  7  8  9  10  11  12  13  14  15  17  18  19  22  23  24  25  26  27  32  33  40  41  44  46  34  45  55  42  54  52  37  47  53  35  43  28  48  49  29  57  56  21  79  20  66  16  91  67  87  58  61  60  59  51  69  62  70  86  30  71  72  31  73  63  68  65  64  85  74  39  75  76  77  78  36  80  81  83  82  38  84  50  88  89  90  92  93  94  95  


  ==> Energy                -256.189838100
  ==> dE                       -1.86e-03
  ==> Gradient Norm             2.86e-01
  ==> Abs. Max. Deriv.          2.53e-02
  ==> Time-Grad. (s)             214.934
  ==> Time-Energy (s)             26.355
  ==> Time-Iter. (s)             242.309

--------------------------------------------------------------------------------
CEO-ADAPT-VQE iteration: 222
--------------------------------------------------------------------------------
    gate        derivative      name       op1       op2       op3        g_unscaled   penalty
    1065        0.00051571      a_ia      1065                            0.00206283         4
    1021        0.00046372      a_ia      1021                            0.00370978         8
    1322       -0.00036897      a_ia      1322                           -0.00221380         6
     858       -0.00035209      a_ia       858                           -0.00352086        10
    1503        0.00034778      a_ia      1503                            0.00139114         4
     696       -0.00033616      a_ia       696                           -0.00470618        14
    1064       -0.00033015      a_ia      1064                           -0.00462214        14
    1089        0.00032749      a_ia      1089                            0.00392990        12
    1252        0.00031910      a_ia      1252                            0.00319102        10
     878        0.00031137      a_ia       878                            0.00062274         2

  ==> Add operator: a_ia 1065
  ==> Current qubit order: 0  1  2  3  4  5  6  7  8  9  10  11  12  13  14  15  17  18  19  22  23  24  25  26  27  32  33  40  41  44  46  34  45  55  42  54  52  47  37  53  35  43  28  48  49  29  57  56  21  79  20  66  16  91  67  87  58  61  60  59  51  69  62  70  86  30  71  72  31  73  63  68  65  64  85  74  39  75  76  77  78  36  80  81  83  82  38  84  50  88  89  90  92  93  94  95  


  ==> Energy                -256.189840177
  ==> dE                       -2.08e-06
  ==> Gradient Norm             2.83e-01
  ==> Abs. Max. Deriv.          2.87e-02
  ==> Time-Grad. (s)             144.800
  ==> Time-Energy (s)             31.304
  ==> Time-Iter. (s)             177.161

--------------------------------------------------------------------------------
CEO-ADAPT-VQE iteration: 223
--------------------------------------------------------------------------------
    gate        derivative      name       op1       op2       op3        g_unscaled   penalty
    1021        0.00046346      a_ia      1021                            0.00370766         8
    1254        0.00040061      a_ia      1254                            0.00320486         8
    1066       -0.00038380      a_ia      1066                           -0.00460558        12
    1324       -0.00036897      a_ia      1324                           -0.00221382         6
   88567        0.00036229        om     37039     37040                  0.01340458        37
   88566        0.00035818        op     37039     37040                  0.01325277        37
   93548        0.00035810        op     40833     40834                  0.02112788        59
     858       -0.00035053      a_ia       858                           -0.00350530        10
    1505        0.00034777      a_ia      1505                            0.00139107         4
   93549        0.00034729        om     40833     40834                  0.02048991        59

  ==> Add operator: a_ia 1021
  ==> Current qubit order: 0  1  2  3  4  5  6  7  8  9  10  11  12  13  14  15  17  18  19  22  23  24  25  26  27  32  33  40  41  44  46  34  45  55  42  54  52  47  37  53  43  28  48  35  49  29  57  56  21  79  20  66  16  91  67  87  58  61  60  59  51  69  62  70  86  30  71  72  31  73  63  68  65  64  85  74  39  75  76  77  78  36  80  81  83  82  38  84  50  88  89  90  92  93  94  95  


  ==> Energy                -256.189848264
  ==> dE                       -8.09e-06
  ==> Gradient Norm             2.87e-01
  ==> Abs. Max. Deriv.          2.53e-02
  ==> Time-Grad. (s)             140.394
  ==> Time-Energy (s)             30.523
  ==> Time-Iter. (s)             171.926

--------------------------------------------------------------------------------
CEO-ADAPT-VQE iteration: 224
--------------------------------------------------------------------------------
    gate        derivative      name       op1       op2       op3        g_unscaled   penalty
    1181        0.00052580      a_ia      1181                            0.00105159         2
   90611       -0.00042333        om     38897     38898                 -0.06900222       163
    1259        0.00040043      a_ia      1259                            0.00320348         8
     876       -0.00038357      a_ia       876                           -0.00153427         4
    1069       -0.00037841      a_ia      1069                           -0.00454094        12
    1329       -0.00036898      a_ia      1329                           -0.00221387         6
     881        0.00036492      a_ia       881                            0.00072984         2
    1066       -0.00035935      a_ia      1066                           -0.00143741         4
    1510        0.00034778      a_ia      1510                            0.00139113         4
   38897       -0.00034727    a_iajb     38897                           -0.06216180       179

  ==> Add operator: a_ia 1181
  ==> Current qubit order: 0  1  2  3  4  5  6  7  8  9  10  11  12  13  14  15  17  18  19  22  23  24  25  26  27  32  33  40  41  44  46  34  45  55  42  54  52  47  37  53  43  28  48  35  49  29  57  56  21  79  20  66  16  91  67  87  58  61  60  59  51  69  62  70  86  30  71  72  31  73  63  68  65  64  85  74  39  75  76  77  78  36  80  81  83  82  38  84  50  88  89  90  92  93  94  95  


  ==> Energy                -256.189848896
  ==> dE                       -6.33e-07
  ==> Gradient Norm             3.13e-01
  ==> Abs. Max. Deriv.          6.90e-02
  ==> Time-Grad. (s)             146.908
  ==> Time-Energy (s)             22.502
  ==> Time-Iter. (s)             170.440

--------------------------------------------------------------------------------
CEO-ADAPT-VQE iteration: 225
--------------------------------------------------------------------------------
    gate        derivative      name       op1       op2       op3        g_unscaled   penalty
    1259        0.00040157      a_ia      1259                            0.00321256         8
     876       -0.00038350      a_ia       876                           -0.00153401         4
    1069       -0.00038028      a_ia      1069                           -0.00456333        12
     881        0.00036945      a_ia       881                            0.00073891         2
    1329       -0.00036898      a_ia      1329                           -0.00221390         6
    1066       -0.00035806      a_ia      1066                           -0.00143225         4
    1511        0.00034778      a_ia      1511                            0.00139111         4
     698       -0.00033649      a_ia       698                           -0.00471082        14
    1094        0.00033644      a_ia      1094                            0.00403731        12
     935       -0.00032498      a_ia       935                           -0.00129993         4

  ==> Add operator: a_ia 1259
  ==> Current qubit order: 0  1  2  3  4  5  6  7  8  9  10  11  12  13  14  15  17  18  19  22  23  24  25  26  27  32  33  40  41  44  46  34  45  42  54  52  55  47  37  53  43  28  48  35  49  29  57  56  21  79  20  66  16  91  67  87  58  61  60  59  51  69  62  70  86  30  71  72  31  73  63  68  65  64  85  74  39  75  76  77  78  36  80  81  83  82  38  84  50  88  89  90  92  93  94  95  


  ==> Energy                -256.189880585
  ==> dE                       -3.17e-05
  ==> Gradient Norm             2.92e-01
  ==> Abs. Max. Deriv.          2.53e-02
  ==> Time-Grad. (s)             143.278
  ==> Time-Energy (s)           1137.883
  ==> Time-Iter. (s)            1282.197

--------------------------------------------------------------------------------
CEO-ADAPT-VQE iteration: 226
--------------------------------------------------------------------------------
    gate        derivative      name       op1       op2       op3        g_unscaled   penalty
    1096       -0.00176703      a_ia      1096                           -0.00353406         2
    1116       -0.00120052      a_ia      1116                           -0.00240105         2
     940       -0.00116075      a_ia       940                           -0.00464299         4
     941        0.00113225      a_ia       941                            0.00226451         2
    1057       -0.00111486      a_ia      1057                           -0.00222972         2
    1058       -0.00094226      a_ia      1058                           -0.00188452         2
    1071        0.00090412      a_ia      1071                            0.00180824         2
    1260        0.00086028      a_ia      1260                            0.00172056         2
    1097        0.00084453      a_ia      1097                            0.00168906         2
    1182        0.00080304      a_ia      1182                            0.00160608         2

  ==> Add operator: a_ia 1096
  ==> Current qubit order: 0  1  2  3  4  5  6  7  8  9  10  11  12  13  14  15  17  18  19  22  23  24  25  26  27  32  33  40  41  44  46  34  45  42  54  52  55  47  37  53  43  28  48  35  49  29  57  56  21  79  20  66  16  91  67  87  58  61  60  59  51  69  62  70  86  30  71  72  31  73  63  68  65  64  85  74  39  75  76  77  78  36  80  81  83  82  38  84  50  88  89  90  92  93  94  95  


  ==> Energy                -256.189883254
  ==> dE                       -2.67e-06
  ==> Gradient Norm             2.95e-01
  ==> Abs. Max. Deriv.          4.53e-02
  ==> Time-Grad. (s)             143.073
  ==> Time-Energy (s)             28.806
  ==> Time-Iter. (s)             172.952

--------------------------------------------------------------------------------
CEO-ADAPT-VQE iteration: 227
--------------------------------------------------------------------------------
    gate        derivative      name       op1       op2       op3        g_unscaled   penalty
    1118       -0.00119956      a_ia      1118                           -0.00239912         2
     940       -0.00116784      a_ia       940                           -0.00467138         4
    1059       -0.00112519      a_ia      1059                           -0.00225038         2
     941        0.00110852      a_ia       941                            0.00221704         2
    1060       -0.00095215      a_ia      1060                           -0.00190430         2
    1073        0.00090158      a_ia      1073                            0.00180317         2
    1263        0.00085441      a_ia      1263                            0.00170882         2
    1099        0.00085182      a_ia      1099                            0.00170364         2
    1185        0.00080350      a_ia      1185                            0.00160700         2
    1120        0.00072471      a_ia      1120                            0.00289882         4

  ==> Add operator: a_ia 1118
  ==> Current qubit order: 0  1  2  3  4  5  6  7  8  9  10  11  12  13  14  15  17  18  19  22  23  24  25  26  27  32  33  40  41  44  46  34  45  42  54  52  55  47  37  53  43  28  48  35  49  29  57  56  21  79  20  66  16  91  67  87  58  61  60  59  51  69  62  70  86  30  71  72  31  73  63  68  65  64  85  74  39  75  76  77  78  36  80  81  83  82  38  84  50  88  89  90  92  93  94  95  


  ==> Energy                -256.189884861
  ==> dE                       -1.61e-06
  ==> Gradient Norm             2.97e-01
  ==> Abs. Max. Deriv.          4.27e-02
  ==> Time-Grad. (s)             143.234
  ==> Time-Energy (s)             32.814
  ==> Time-Iter. (s)             177.068

--------------------------------------------------------------------------------
CEO-ADAPT-VQE iteration: 228
--------------------------------------------------------------------------------
    gate        derivative      name       op1       op2       op3        g_unscaled   penalty
     943       -0.00117258      a_ia       943                           -0.00469030         4
    1062       -0.00112129      a_ia      1062                           -0.00224257         2
     944        0.00110057      a_ia       944                            0.00220113         2
    1063       -0.00094967      a_ia      1063                           -0.00189934         2
    1076        0.00090753      a_ia      1076                            0.00181506         2
    1268        0.00085364      a_ia      1268                            0.00170728         2
    1102        0.00084468      a_ia      1102                            0.00168936         2
    1188        0.00080468      a_ia      1188                            0.00160936         2
    1123        0.00073455      a_ia      1123                            0.00293819         4
     885        0.00056032      a_ia       885                            0.00112063         2

  ==> Add operator: a_ia 943
  ==> Current qubit order: 0  1  2  3  4  5  6  7  8  9  10  11  12  13  14  15  17  18  19  22  23  24  25  26  27  32  33  40  41  44  46  34  45  42  54  52  55  47  37  53  43  28  48  35  49  29  57  56  21  79  20  66  16  91  67  87  58  61  60  59  51  69  62  70  86  30  72  71  31  73  63  68  65  64  85  74  39  75  76  77  78  36  80  81  83  82  38  84  50  88  89  90  92  93  94  95  


  ==> Energy                -256.189889774
  ==> dE                       -4.91e-06
  ==> Gradient Norm             2.87e-01
  ==> Abs. Max. Deriv.          2.53e-02
  ==> Time-Grad. (s)             140.284
  ==> Time-Energy (s)             33.638
  ==> Time-Iter. (s)             174.949

--------------------------------------------------------------------------------
CEO-ADAPT-VQE iteration: 229
--------------------------------------------------------------------------------
    gate        derivative      name       op1       op2       op3        g_unscaled   penalty
    1065       -0.00113223      a_ia      1065                           -0.00226446         2
     947        0.00107175      a_ia       947                            0.00214350         2
    1066       -0.00099017      a_ia      1066                           -0.00198034         2
    1105        0.00091834      a_ia      1105                            0.00183667         2
    1079        0.00088783      a_ia      1079                            0.00177566         2
    1271        0.00087481      a_ia      1271                            0.00174963         2
    1191        0.00077970      a_ia      1191                            0.00155941         2
    1126        0.00075462      a_ia      1126                            0.00301850         4
     923        0.00064961      a_ia       923                            0.00129923         2
     887        0.00053752      a_ia       887                            0.00107504         2

  ==> Add operator: a_ia 1065
  ==> Current qubit order: 0  1  2  3  4  5  6  7  8  9  10  11  12  13  14  15  17  18  19  22  23  24  25  26  27  32  33  40  41  44  46  34  45  42  54  52  55  47  37  53  43  28  48  35  49  29  57  56  21  79  20  66  16  91  67  87  58  61  60  59  51  69  62  70  86  30  72  71  31  73  63  68  65  64  85  74  39  75  76  77  78  36  80  81  83  82  38  84  50  88  89  90  92  93  94  95  


  ==> Energy                -256.189891289
  ==> dE                       -1.51e-06
  ==> Gradient Norm             2.94e-01
  ==> Abs. Max. Deriv.          2.53e-02
  ==> Time-Grad. (s)             143.185
  ==> Time-Energy (s)             32.982
  ==> Time-Iter. (s)             177.194

--------------------------------------------------------------------------------
CEO-ADAPT-VQE iteration: 230
--------------------------------------------------------------------------------
    gate        derivative      name       op1       op2       op3        g_unscaled   penalty
     947        0.00106609      a_ia       947                            0.00213218         2
    1066       -0.00098850      a_ia      1066                           -0.00197699         2
    1105        0.00092838      a_ia      1105                            0.00185675         2
    1079        0.00088628      a_ia      1079                            0.00177256         2
    1272        0.00087530      a_ia      1272                            0.00175060         2
    1192        0.00077740      a_ia      1192                            0.00155479         2
    1126        0.00075241      a_ia      1126                            0.00300963         4
     923        0.00064460      a_ia       923                            0.00128920         2
    1033        0.00053641      a_ia      1033                            0.00107282         2
     887        0.00053543      a_ia       887                            0.00107087         2

  ==> Add operator: a_ia 947
  ==> Current qubit order: 0  1  2  3  4  5  6  7  8  9  10  11  12  13  14  15  17  18  19  22  23  24  25  26  27  32  33  40  41  44  46  34  45  42  54  52  55  47  37  53  43  28  48  35  49  29  57  56  21  79  20  66  16  91  67  87  58  61  60  59  51  69  62  70  86  30  72  71  31  73  63  68  65  64  85  74  39  75  76  77  78  36  80  81  83  82  38  84  50  88  89  90  92  93  94  95  


  ==> Energy                -256.189893855
  ==> dE                       -2.57e-06
  ==> Gradient Norm             2.89e-01
  ==> Abs. Max. Deriv.          2.53e-02
  ==> Time-Grad. (s)             143.852
  ==> Time-Energy (s)             33.639
  ==> Time-Iter. (s)             178.509

--------------------------------------------------------------------------------
CEO-ADAPT-VQE iteration: 231
--------------------------------------------------------------------------------
    gate        derivative      name       op1       op2       op3        g_unscaled   penalty
    1066       -0.00097378      a_ia      1066                           -0.00194756         2
    1105        0.00089881      a_ia      1105                            0.00179761         2
    1079        0.00087965      a_ia      1079                            0.00175931         2
    1272        0.00087386      a_ia      1272                            0.00174771         2
    1192        0.00077372      a_ia      1192                            0.00154744         2
    1126        0.00074122      a_ia      1126                            0.00296486         4
     923        0.00058581      a_ia       923                            0.00117161         2
    1033        0.00053736      a_ia      1033                            0.00107472         2
     887        0.00053460      a_ia       887                            0.00106919         2
    1271       -0.00050357      a_ia      1271                           -0.00201427         4

  ==> Add operator: a_ia 1066
  ==> Current qubit order: 0  1  2  3  4  5  6  7  8  9  10  11  12  13  14  15  17  18  19  22  23  24  25  26  27  32  33  40  41  44  46  34  45  42  54  52  55  47  37  53  43  28  48  35  49  29  57  56  21  79  20  66  16  91  67  87  58  61  60  59  51  69  62  70  86  30  72  71  31  73  63  68  65  64  85  74  39  75  76  77  78  36  80  81  83  82  38  84  50  88  89  90  92  93  94  95  


  ==> Energy                -256.189895041
  ==> dE                       -1.19e-06
  ==> Gradient Norm             2.95e-01
  ==> Abs. Max. Deriv.          3.15e-02
  ==> Time-Grad. (s)             142.171
  ==> Time-Energy (s)             35.276
  ==> Time-Iter. (s)             178.461

--------------------------------------------------------------------------------
CEO-ADAPT-VQE iteration: 232
--------------------------------------------------------------------------------
    gate        derivative      name       op1       op2       op3        g_unscaled   penalty
    1085        0.00089083      a_ia      1085                            0.00178167         2
    1111        0.00088223      a_ia      1111                            0.00176447         2
    1278        0.00086966      a_ia      1278                            0.00173932         2
    1198        0.00078727      a_ia      1198                            0.00157453         2
    1132        0.00073155      a_ia      1132                            0.00292622         4
     929        0.00057832      a_ia       929                            0.00115665         2
    1039        0.00054395      a_ia      1039                            0.00108791         2
     893        0.00054321      a_ia       893                            0.00108643         2
    1277       -0.00050643      a_ia      1277                           -0.00202573         4
    1388       -0.00046297      a_ia      1388                           -0.00277782         6

  ==> Add operator: a_ia 1085
  ==> Current qubit order: 0  1  2  3  4  5  6  7  8  9  10  11  12  13  14  15  17  18  19  22  23  24  25  26  27  32  33  40  41  44  46  34  45  42  54  52  55  47  37  53  43  28  48  35  49  29  57  56  21  79  20  66  16  91  67  87  58  61  60  59  51  69  62  70  86  30  72  71  31  73  63  68  65  64  85  74  39  75  76  77  78  36  80  81  83  82  38  84  50  88  89  90  92  93  94  95  


  ==> Energy                -256.189896505
  ==> dE                       -1.46e-06
  ==> Gradient Norm             2.78e-01
  ==> Abs. Max. Deriv.          2.57e-02
  ==> Time-Grad. (s)             143.380
  ==> Time-Energy (s)             30.625
  ==> Time-Iter. (s)             175.021

--------------------------------------------------------------------------------
CEO-ADAPT-VQE iteration: 233
--------------------------------------------------------------------------------
    gate        derivative      name       op1       op2       op3        g_unscaled   penalty
    1115        0.00091118      a_ia      1115                            0.00182236         2
    1283        0.00087546      a_ia      1283                            0.00175092         2
    1202        0.00082555      a_ia      1202                            0.00165110         2
    1136        0.00074361      a_ia      1136                            0.00297443         4
   87767        0.00060207        om     36888     36889                  0.01866415        31
     933        0.00057476      a_ia       933                            0.00114952         2
   87766        0.00055175        op     36888     36889                  0.01710440        31
     897        0.00054781      a_ia       897                            0.00109562         2
    1043        0.00054273      a_ia      1043                            0.00108545         2
    1282       -0.00050995      a_ia      1282                           -0.00203982         4

  ==> Add operator: a_ia 1115
  ==> Current qubit order: 0  1  2  3  4  5  6  7  8  9  10  11  12  13  14  15  17  18  19  22  23  24  25  26  27  32  33  40  41  44  46  34  45  42  54  52  55  47  37  53  43  28  48  35  49  29  57  56  21  79  20  66  16  91  67  87  58  61  60  59  51  69  62  70  86  30  72  71  31  73  63  68  65  64  85  74  39  75  76  77  78  36  80  81  83  82  38  84  50  88  89  90  92  93  94  95  


  ==> Energy                -256.189897524
  ==> dE                       -1.02e-06
  ==> Gradient Norm             3.04e-01
  ==> Abs. Max. Deriv.          3.15e-02
  ==> Time-Grad. (s)             146.227
  ==> Time-Energy (s)             30.529
  ==> Time-Iter. (s)             177.793

--------------------------------------------------------------------------------
CEO-ADAPT-VQE iteration: 234
--------------------------------------------------------------------------------
    gate        derivative      name       op1       op2       op3        g_unscaled   penalty
    1286        0.00086676      a_ia      1286                            0.00173352         2
    1205        0.00084640      a_ia      1205                            0.00169279         2
    1139        0.00071806      a_ia      1139                            0.00287225         4
     900        0.00056425      a_ia       900                            0.00112849         2
     936        0.00055978      a_ia       936                            0.00111957         2
    1046        0.00055324      a_ia      1046                            0.00110648         2
    1285       -0.00051577      a_ia      1285                           -0.00206308         4
    1396       -0.00046191      a_ia      1396                           -0.00277147         6
     879       -0.00045863      a_ia       879                           -0.00550358        12
     960       -0.00041298      a_ia       960                           -0.00082595         2

  ==> Add operator: a_ia 1286
  ==> Current qubit order: 0  1  2  3  4  5  6  7  8  9  10  11  12  13  14  15  17  18  19  22  23  24  25  26  27  32  33  40  41  44  46  34  45  42  54  52  55  47  37  53  43  28  48  35  49  29  57  56  21  79  20  66  16  91  67  87  58  61  60  59  51  69  62  70  86  30  72  71  31  73  63  68  65  64  85  74  39  75  76  77  78  36  80  81  83  82  38  84  50  88  89  90  92  93  94  95  


  ==> Energy                -256.189899315
  ==> dE                       -1.79e-06
  ==> Gradient Norm             2.89e-01
  ==> Abs. Max. Deriv.          2.53e-02
  ==> Time-Grad. (s)             221.539
  ==> Time-Energy (s)             30.544
  ==> Time-Iter. (s)             253.112

--------------------------------------------------------------------------------
CEO-ADAPT-VQE iteration: 235
--------------------------------------------------------------------------------
    gate        derivative      name       op1       op2       op3        g_unscaled   penalty
    1206        0.00085549      a_ia      1206                            0.00171097         2
    1140        0.00070834      a_ia      1140                            0.00283334         4
     901        0.00056578      a_ia       901                            0.00113157         2
     937        0.00055581      a_ia       937                            0.00111162         2
    1047        0.00055314      a_ia      1047                            0.00110629         2
    1286       -0.00052729      a_ia      1286                           -0.00210917         4
    1397       -0.00046131      a_ia      1397                           -0.00276786         6
     880       -0.00045749      a_ia       880                           -0.00548992        12
     961       -0.00041477      a_ia       961                           -0.00082955         2
     555        0.00040203      a_ia       555                            0.00080406         2

  ==> Add operator: a_ia 1206
  ==> Current qubit order: 0  1  2  3  4  5  6  7  8  9  10  11  12  13  14  15  17  18  19  22  23  24  25  26  27  32  33  40  41  44  46  34  45  42  54  52  55  47  37  53  43  28  48  35  49  29  57  56  21  79  20  66  16  91  67  87  58  61  60  59  51  69  62  70  86  30  72  71  31  73  63  68  65  64  85  74  39  75  76  77  78  36  80  81  83  82  38  84  50  88  89  90  92  93  94  95  


  ==> Energy                -256.189900828
  ==> dE                       -1.51e-06
  ==> Gradient Norm             2.96e-01
  ==> Abs. Max. Deriv.          2.60e-02
  ==> Time-Grad. (s)             222.120
  ==> Time-Energy (s)             32.080
  ==> Time-Iter. (s)             255.224

--------------------------------------------------------------------------------
CEO-ADAPT-VQE iteration: 236
--------------------------------------------------------------------------------
    gate        derivative      name       op1       op2       op3        g_unscaled   penalty
    1141        0.00072372      a_ia      1141                            0.00289487         4
     901        0.00057203      a_ia       901                            0.00114407         2
    1048        0.00056550      a_ia      1048                            0.00113101         2
     937        0.00055571      a_ia       937                            0.00111143         2
    1287       -0.00054168      a_ia      1287                           -0.00216674         4
    1399       -0.00046073      a_ia      1399                           -0.00276438         6
     880       -0.00045792      a_ia       880                           -0.00549503        12
     961       -0.00041849      a_ia       961                           -0.00083698         2
    1093       -0.00040339      a_ia      1093                           -0.00484073        12
     555        0.00039021      a_ia       555                            0.00078042         2

  ==> Add operator: a_ia 1141
  ==> Current qubit order: 0  1  2  3  4  5  6  7  8  9  10  11  12  13  14  15  17  18  19  22  23  24  25  26  27  32  33  40  41  44  46  34  45  42  54  52  55  47  37  53  43  28  48  35  49  29  57  56  21  79  20  66  16  91  67  87  58  61  60  59  51  69  62  70  86  30  72  71  31  73  63  68  65  64  74  85  39  75  76  77  78  36  80  81  83  82  38  84  50  88  89  90  92  93  94  95  


  ==> Energy                -256.189903133
  ==> dE                       -2.31e-06
  ==> Gradient Norm             2.89e-01
  ==> Abs. Max. Deriv.          2.53e-02
  ==> Time-Grad. (s)             143.374
  ==> Time-Energy (s)             29.732
  ==> Time-Iter. (s)             174.132

--------------------------------------------------------------------------------
CEO-ADAPT-VQE iteration: 237
--------------------------------------------------------------------------------
    gate        derivative      name       op1       op2       op3        g_unscaled   penalty
     904        0.00059453      a_ia       904                            0.00118907         2
    1051        0.00058167      a_ia      1051                            0.00116335         2
    1290       -0.00054980      a_ia      1290                           -0.00219921         4
     940        0.00052579      a_ia       940                            0.00105158         2
    1402       -0.00046079      a_ia      1402                           -0.00276475         6
     883       -0.00045847      a_ia       883                           -0.00550169        12
     964       -0.00044116      a_ia       964                           -0.00088231         2
    1096       -0.00040715      a_ia      1096                           -0.00488576        12
     558        0.00039146      a_ia       558                            0.00078292         2
    1121        0.00037904      a_ia      1121                            0.00454850        12

  ==> Add operator: a_ia 904
  ==> Current qubit order: 0  1  2  3  4  5  6  7  8  9  10  11  12  13  14  15  17  18  19  22  23  24  25  26  27  32  33  40  41  44  46  34  45  42  54  52  55  47  37  53  43  28  48  35  49  29  57  56  21  79  20  66  16  91  67  87  58  61  60  59  51  69  62  70  86  30  72  71  31  73  63  68  65  64  74  85  39  75  76  77  78  36  80  81  83  82  38  84  50  88  89  90  92  93  94  95  


  ==> Energy                -256.189903778
  ==> dE                       -6.45e-07
  ==> Gradient Norm             3.02e-01
  ==> Abs. Max. Deriv.          4.30e-02
  ==> Time-Grad. (s)             216.904
  ==> Time-Energy (s)             23.364
  ==> Time-Iter. (s)             241.289

--------------------------------------------------------------------------------
CEO-ADAPT-VQE iteration: 238
--------------------------------------------------------------------------------
    gate        derivative      name       op1       op2       op3        g_unscaled   penalty
    1052        0.00059359      a_ia      1052                            0.00118718         2
    1291       -0.00054946      a_ia      1291                           -0.00219784         4
     941        0.00052704      a_ia       941                            0.00105407         2
    1404       -0.00046078      a_ia      1404                           -0.00276470         6
     884       -0.00046051      a_ia       884                           -0.00552607        12
     965       -0.00044190      a_ia       965                           -0.00088380         2
    1097       -0.00041004      a_ia      1097                           -0.00492045        12
    1122        0.00038017      a_ia      1122                            0.00456206        12
     900       -0.00037596      a_ia       900                           -0.00150383         4
    1365       -0.00036734      a_ia      1365                           -0.00220405         6

  ==> Add operator: a_ia 1052
  ==> Current qubit order: 0  1  2  3  4  5  6  7  8  9  10  11  12  13  14  15  17  18  19  22  23  24  25  26  27  32  33  40  41  44  46  34  45  42  54  52  55  47  37  53  43  28  48  35  49  29  57  56  21  79  20  66  16  91  67  87  58  61  60  59  51  69  62  70  86  30  72  71  31  73  63  68  65  64  74  85  39  75  76  77  78  36  80  81  83  82  38  84  50  88  89  90  92  93  94  95  


  ==> Energy                -256.189904507
  ==> dE                       -7.29e-07
  ==> Gradient Norm             2.94e-01
  ==> Abs. Max. Deriv.          5.94e-02
  ==> Time-Grad. (s)             142.281
  ==> Time-Energy (s)             35.263
  ==> Time-Iter. (s)             178.596

--------------------------------------------------------------------------------
CEO-ADAPT-VQE iteration: 239
--------------------------------------------------------------------------------
    gate        derivative      name       op1       op2       op3        g_unscaled   penalty
    1296       -0.00054723      a_ia      1296                           -0.00218893         4
     946        0.00053097      a_ia       946                            0.00106195         2
    1409       -0.00046082      a_ia      1409                           -0.00276493         6
     889       -0.00046067      a_ia       889                           -0.00552809        12
     970       -0.00044095      a_ia       970                           -0.00088191         2
    1102       -0.00040848      a_ia      1102                           -0.00490171        12
    1127        0.00038164      a_ia      1127                            0.00457970        12
     905       -0.00037280      a_ia       905                           -0.00149122         4
    1370       -0.00036734      a_ia      1370                           -0.00220405         6
    1088        0.00036283      a_ia      1088                            0.00217696         6

  ==> Add operator: a_ia 1296
  ==> Current qubit order: 0  1  2  3  4  5  6  7  8  9  10  11  12  13  14  15  17  18  19  22  23  24  25  26  27  32  33  40  41  44  46  34  45  42  54  52  55  37  47  53  43  28  48  35  49  29  57  56  21  79  20  66  16  91  67  87  58  61  60  59  51  69  62  70  86  30  72  71  31  73  63  68  65  64  74  85  39  75  76  77  78  36  80  81  83  82  38  84  50  88  89  90  92  93  94  95  


  ==> Energy                -256.189907364
  ==> dE                       -2.86e-06
  ==> Gradient Norm             2.81e-01
  ==> Abs. Max. Deriv.          2.53e-02
  ==> Time-Grad. (s)             142.886
  ==> Time-Energy (s)             32.922
  ==> Time-Iter. (s)             176.779

--------------------------------------------------------------------------------
CEO-ADAPT-VQE iteration: 240
--------------------------------------------------------------------------------
    gate        derivative      name       op1       op2       op3        g_unscaled   penalty
    1107        0.00072401      a_ia      1107                            0.00144801         2
     949        0.00054381      a_ia       949                            0.00108763         2
     892       -0.00046540      a_ia       892                           -0.00558482        12
    1413       -0.00046117      a_ia      1413                           -0.00276705         6
     973       -0.00043625      a_ia       973                           -0.00087249         2
    1124       -0.00040884      a_ia      1124                           -0.00163535         4
    1131        0.00038493      a_ia      1131                            0.00461911        12
     908       -0.00037227      a_ia       908                           -0.00148909         4
    1091        0.00036920      a_ia      1091                            0.00221518         6
    1374       -0.00036741      a_ia      1374                           -0.00220445         6

  ==> Add operator: a_ia 1107
  ==> Current qubit order: 0  1  2  3  4  5  6  7  8  9  10  11  12  13  14  15  17  18  19  22  23  24  25  26  27  32  33  40  41  44  46  34  45  42  54  52  55  37  47  53  43  28  48  35  49  29  57  56  21  79  20  66  16  91  67  87  58  61  60  59  51  69  62  70  86  30  72  71  31  73  63  68  65  64  74  85  39  75  76  77  78  36  80  81  83  82  38  84  50  88  89  90  92  93  94  95  


  ==> Energy                -256.189908407
  ==> dE                       -1.04e-06
  ==> Gradient Norm             2.90e-01
  ==> Abs. Max. Deriv.          3.51e-02
  ==> Time-Grad. (s)             144.985
  ==> Time-Energy (s)             36.208
  ==> Time-Iter. (s)             182.186

--------------------------------------------------------------------------------
CEO-ADAPT-VQE iteration: 241
--------------------------------------------------------------------------------
    gate        derivative      name       op1       op2       op3        g_unscaled   penalty
   88435        0.00058291        op     37486     37487                  0.03089404        53
   88436        0.00058291        om     37486     37487                  0.03089404        53
     950        0.00053709      a_ia       950                            0.00107418         2
     893       -0.00046435      a_ia       893                           -0.00557218        12
    1414       -0.00046209      a_ia      1414                           -0.00277253         6
   37486        0.00044774    a_iajb     37486                            0.03089404        69
     974       -0.00044461      a_ia       974                           -0.00088921         2
    1125       -0.00043078      a_ia      1125                           -0.00172312         4
    1132        0.00038588      a_ia      1132                            0.00463054        12
     909       -0.00037235      a_ia       909                           -0.00148942         4

  ==> Add operator: op -1: 37486 37487
  ==> Current qubit order: 0  1  2  3  4  5  6  7  8  9  10  11  12  13  14  15  17  18  19  22  23  24  25  26  27  32  33  40  41  44  46  34  45  42  54  52  55  37  47  53  43  28  48  35  49  29  57  56  21  79  20  66  16  91  67  87  58  61  60  59  51  69  62  70  86  72  71  73  63  30  31  74  75  68  65  64  85  39  76  77  78  36  80  81  83  82  38  84  50  88  89  90  92  93  94  95  


  ==> Energy                -256.190001516
  ==> dE                       -9.31e-05
  ==> Gradient Norm             3.08e-01
  ==> Abs. Max. Deriv.          5.48e-02
  ==> Time-Grad. (s)             149.692
  ==> Time-Energy (s)             32.049
  ==> Time-Iter. (s)             182.764

--------------------------------------------------------------------------------
CEO-ADAPT-VQE iteration: 242
--------------------------------------------------------------------------------
    gate        derivative      name       op1       op2       op3        g_unscaled   penalty
     952       -0.00058190      a_ia       952                           -0.00232760         4
     894       -0.00046427      a_ia       894                           -0.00557119        12
    1416       -0.00046208      a_ia      1416                           -0.00277249         6
    1126       -0.00043414      a_ia      1126                           -0.00173655         4
    1133        0.00038634      a_ia      1133                            0.00463613        12
     910       -0.00037229      a_ia       910                           -0.00148917         4
    1093        0.00037139      a_ia      1093                            0.00222831         6
    1377       -0.00036747      a_ia      1377                           -0.00220480         6
    1564        0.00034734      a_ia      1564                            0.00138934         4
    1107       -0.00034696      a_ia      1107                           -0.00485738        14

  ==> Add operator: a_ia 952
  ==> Current qubit order: 0  1  2  3  4  5  6  7  8  9  10  11  12  13  14  15  17  18  19  22  23  24  25  26  27  32  33  40  41  44  46  34  45  42  54  52  55  37  47  53  43  28  48  35  49  29  57  56  21  79  20  66  16  91  67  87  58  61  60  59  51  69  62  70  86  72  71  73  63  31  30  74  75  68  65  64  85  39  76  77  78  36  80  81  83  82  38  84  50  88  89  90  92  93  94  95  


  ==> Energy                -256.190003795
  ==> dE                       -2.28e-06
  ==> Gradient Norm             2.90e-01
  ==> Abs. Max. Deriv.          3.22e-02
  ==> Time-Grad. (s)             227.466
  ==> Time-Energy (s)             31.280
  ==> Time-Iter. (s)             259.772

--------------------------------------------------------------------------------
CEO-ADAPT-VQE iteration: 243
--------------------------------------------------------------------------------
    gate        derivative      name       op1       op2       op3        g_unscaled   penalty
     972       -0.00056864      a_ia       972                           -0.00113728         2
     896       -0.00046404      a_ia       896                           -0.00556845        12
    1418       -0.00046207      a_ia      1418                           -0.00277243         6
    1128       -0.00044796      a_ia      1128                           -0.00179183         4
    1135        0.00038425      a_ia      1135                            0.00461095        12
     912       -0.00037231      a_ia       912                           -0.00148925         4
    1095        0.00037185      a_ia      1095                            0.00223108         6
    1379       -0.00036745      a_ia      1379                           -0.00220471         6
    1566        0.00034722      a_ia      1566                            0.00138888         4
    1109       -0.00034627      a_ia      1109                           -0.00484784        14

  ==> Add operator: a_ia 972
  ==> Current qubit order: 0  1  2  3  4  5  6  7  8  9  10  11  12  13  14  15  17  18  19  22  23  24  25  26  27  32  33  40  41  44  46  34  45  42  54  52  55  37  47  53  43  28  48  35  49  29  57  56  21  79  20  66  16  91  67  87  58  61  60  59  51  69  62  70  86  72  71  73  63  31  30  74  75  68  65  64  85  39  76  77  78  36  80  81  83  82  38  84  50  88  89  90  92  93  94  95  


  ==> Energy                -256.190004696
  ==> dE                       -9.01e-07
  ==> Gradient Norm             3.10e-01
  ==> Abs. Max. Deriv.          3.81e-02
  ==> Time-Grad. (s)             143.328
  ==> Time-Energy (s)             33.744
  ==> Time-Iter. (s)             178.096

--------------------------------------------------------------------------------
CEO-ADAPT-VQE iteration: 244
--------------------------------------------------------------------------------
    gate        derivative      name       op1       op2       op3        g_unscaled   penalty
     896       -0.00046396      a_ia       896                           -0.00556746        12
    1419       -0.00046208      a_ia      1419                           -0.00277251         6
    1128       -0.00043768      a_ia      1128                           -0.00175073         4
    1135        0.00038230      a_ia      1135                            0.00458759        12
     912       -0.00037232      a_ia       912                           -0.00148928         4
    1095        0.00037034      a_ia      1095                            0.00222202         6
    1380       -0.00036745      a_ia      1380                           -0.00220473         6
    1567        0.00034725      a_ia      1567                            0.00138902         4
    1109       -0.00034719      a_ia      1109                           -0.00486066        14
     729       -0.00033138      a_ia       729                           -0.00463932        14

  ==> Add operator: a_ia 896
  ==> Current qubit order: 0  1  2  3  4  5  6  7  8  9  10  11  12  13  14  15  17  18  19  22  23  24  25  26  27  32  33  40  41  44  46  34  45  42  54  52  55  37  47  53  43  48  35  49  29  57  28  56  21  79  20  66  16  91  67  87  58  61  60  59  51  69  62  70  86  72  71  73  63  31  30  74  75  68  65  64  85  39  76  77  78  36  80  81  83  82  38  84  50  88  89  90  92  93  94  95  


  ==> Energy                -256.190014913
  ==> dE                       -1.02e-05
  ==> Gradient Norm             3.01e-01
  ==> Abs. Max. Deriv.          4.15e-02
  ==> Time-Grad. (s)             143.578
  ==> Time-Energy (s)             27.304
  ==> Time-Iter. (s)             171.900

--------------------------------------------------------------------------------
CEO-ADAPT-VQE iteration: 245
--------------------------------------------------------------------------------
    gate        derivative      name       op1       op2       op3        g_unscaled   penalty
    1425       -0.00046171      a_ia      1425                           -0.00277025         6
    1134       -0.00044362      a_ia      1134                           -0.00177449         4
   88039        0.00040878        op     37314     37315                  0.02820597        69
   88040        0.00040878        om     37314     37315                  0.02820597        69
    1115       -0.00040421      a_ia      1115                           -0.00485058        12
    1141        0.00038576      a_ia      1141                            0.00462910        12
    1101        0.00037407      a_ia      1101                            0.00224441         6
     918       -0.00037212      a_ia       918                           -0.00148850         4
     572        0.00036875      a_ia       572                            0.00073750         2
    1386       -0.00036744      a_ia      1386                           -0.00220464         6

  ==> Add operator: a_ia 1425
  ==> Current qubit order: 0  1  2  3  4  5  6  7  8  9  10  11  12  13  14  15  17  18  19  22  23  24  25  26  27  32  33  40  41  44  46  34  45  42  54  52  37  47  55  53  43  48  35  49  29  57  28  56  21  79  20  66  16  91  67  87  58  61  60  59  51  69  62  70  86  72  71  73  63  31  30  74  75  68  65  64  85  39  76  77  78  36  80  81  83  82  38  84  50  88  89  90  92  93  94  95  


  ==> Energy                -256.190148598
  ==> dE                       -1.34e-04
  ==> Gradient Norm             2.95e-01
  ==> Abs. Max. Deriv.          2.82e-02
  ==> Time-Grad. (s)             143.793
  ==> Time-Energy (s)             22.510
  ==> Time-Iter. (s)             167.323

--------------------------------------------------------------------------------
CEO-ADAPT-VQE iteration: 246
--------------------------------------------------------------------------------
    gate        derivative      name       op1       op2       op3        g_unscaled   penalty
    1235        0.00078198      a_ia      1235                            0.00312793         4
    1137       -0.00045852      a_ia      1137                           -0.00183409         4
    1144        0.00038592      a_ia      1144                            0.00463101        12
    1103        0.00037512      a_ia      1103                            0.00225069         6
     920       -0.00037253      a_ia       920                           -0.00149011         4
     573        0.00036824      a_ia       573                            0.00073648         2
    1389       -0.00036760      a_ia      1389                           -0.00220560         6
     929        0.00035133      a_ia       929                            0.00070267         2
    1576        0.00034702      a_ia      1576                            0.00138806         4
    1117       -0.00034516      a_ia      1117                           -0.00483224        14

  ==> Add operator: a_ia 1235
  ==> Current qubit order: 0  1  2  3  4  5  6  7  8  9  10  11  12  13  14  15  17  18  19  22  23  24  25  26  27  32  33  40  41  44  46  34  45  42  54  52  37  47  53  55  43  48  35  49  29  57  28  56  21  79  20  66  16  91  67  87  58  61  60  59  51  69  62  70  86  72  71  73  63  31  30  74  75  68  65  64  85  39  76  77  78  36  80  81  83  82  38  84  50  88  89  90  92  93  94  95  


  ==> Energy                -256.190153134
  ==> dE                       -4.54e-06
  ==> Gradient Norm             2.98e-01
  ==> Abs. Max. Deriv.          3.78e-02
  ==> Time-Grad. (s)             144.782
  ==> Time-Energy (s)             29.828
  ==> Time-Iter. (s)             175.615

--------------------------------------------------------------------------------
CEO-ADAPT-VQE iteration: 247
--------------------------------------------------------------------------------
    gate        derivative      name       op1       op2       op3        g_unscaled   penalty
   88094       -0.00066457        om     37226     37227                 -0.01927266        29
   88093       -0.00061886        op     37226     37227                 -0.01794687        29
    1137       -0.00051819      a_ia      1137                           -0.00207275         4
   37226       -0.00041355    a_iajb     37226                           -0.01860976        45
    1144        0.00038882      a_ia      1144                            0.00466578        12
    1103        0.00038165      a_ia      1103                            0.00228988         6
     920       -0.00037230      a_ia       920                           -0.00148918         4
    1390       -0.00036761      a_ia      1390                           -0.00220568         6
    1117       -0.00034766      a_ia      1117                           -0.00486719        14
    1577        0.00034702      a_ia      1577                            0.00138807         4

  ==> Add operator: mvp2 -1: 37226 37227
  ==> Current qubit order: 0  1  2  3  4  5  6  7  8  9  10  11  12  13  14  15  17  18  19  22  23  24  25  26  27  32  33  40  41  44  46  34  45  42  54  52  37  47  53  55  43  48  35  49  29  57  28  56  21  79  20  66  16  91  67  87  58  61  60  59  51  69  62  70  86  72  73  63  71  31  30  74  75  68  65  64  85  39  76  77  78  36  80  81  83  82  38  84  50  88  89  90  92  93  94  95  


  ==> Energy                -256.190355989
  ==> dE                       -2.03e-04
  ==> Gradient Norm             2.89e-01
  ==> Abs. Max. Deriv.          2.65e-02
  ==> Time-Grad. (s)             146.384
  ==> Time-Energy (s)             58.302
  ==> Time-Iter. (s)             205.693

--------------------------------------------------------------------------------
CEO-ADAPT-VQE iteration: 248
--------------------------------------------------------------------------------
    gate        derivative      name       op1       op2       op3        g_unscaled   penalty
     986       -0.00065906      a_ia       986                           -0.00131813         2
    1139       -0.00051445      a_ia      1139                           -0.00205780         4
    1585       -0.00051053      a_ia      1585                           -0.00102107         2
    1146        0.00037846      a_ia      1146                            0.00454150        12
    1105        0.00037585      a_ia      1105                            0.00225511         6
   87056       -0.00037379        op     36686     36687                 -0.01981095        53
     921       -0.00037129      a_ia       921                           -0.00148517         4
    1393       -0.00036781      a_ia      1393                           -0.00220686         6
   87057       -0.00035601        om     36686     36687                 -0.01886878        53
    1580        0.00034859      a_ia      1580                            0.00139434         4

  ==> Add operator: a_ia 986
  ==> Current qubit order: 0  1  2  3  4  5  6  7  8  9  10  11  12  13  14  15  17  18  19  22  23  24  25  26  27  32  33  40  41  44  46  34  45  42  54  52  37  47  53  55  43  48  35  49  29  57  28  56  21  79  20  66  16  91  67  87  58  61  60  59  51  69  62  70  86  72  73  63  71  31  30  74  75  68  65  64  85  39  76  77  78  36  80  81  83  82  38  84  50  88  89  90  92  93  94  95  


  ==> Energy                -256.190356246
  ==> dE                       -2.57e-07
  ==> Gradient Norm             2.91e-01
  ==> Abs. Max. Deriv.          3.18e-02
  ==> Time-Grad. (s)             219.668
  ==> Time-Energy (s)             28.187
  ==> Time-Iter. (s)             248.858

--------------------------------------------------------------------------------
CEO-ADAPT-VQE iteration: 249
--------------------------------------------------------------------------------
    gate        derivative      name       op1       op2       op3        g_unscaled   penalty
    1141       -0.00052432      a_ia      1141                           -0.00209727         4
    1589       -0.00050990      a_ia      1589                           -0.00101979         2
    1149        0.00038086      a_ia      1149                            0.00457027        12
    1107        0.00037752      a_ia      1107                            0.00226514         6
     922       -0.00037128      a_ia       922                           -0.00148513         4
    1396       -0.00036781      a_ia      1396                           -0.00220689         6
    1584        0.00034860      a_ia      1584                            0.00139439         4
    1121       -0.00034576      a_ia      1121                           -0.00484060        14
     575        0.00034114      a_ia       575                            0.00068229         2
     931        0.00033517      a_ia       931                            0.00067034         2

  ==> Add operator: a_ia 1141
  ==> Current qubit order: 0  1  2  3  4  5  6  7  8  9  10  11  12  13  14  15  17  18  19  22  23  24  25  26  27  32  33  40  41  44  46  34  45  42  54  52  37  47  53  55  43  48  35  49  29  57  28  56  21  79  20  66  16  91  67  87  58  61  60  59  51  69  62  70  86  72  73  63  71  31  30  74  75  68  65  64  85  39  76  77  78  36  80  81  83  82  84  38  50  88  89  90  92  93  94  95  


  ==> Energy                -256.190358464
  ==> dE                       -2.22e-06
  ==> Gradient Norm             2.87e-01
  ==> Abs. Max. Deriv.          2.85e-02
  ==> Time-Grad. (s)             227.812
  ==> Time-Energy (s)             33.002
  ==> Time-Iter. (s)             261.819

--------------------------------------------------------------------------------
CEO-ADAPT-VQE iteration: 250
--------------------------------------------------------------------------------
    gate        derivative      name       op1       op2       op3        g_unscaled   penalty
   87875        0.00054811        op     37059     37060                  0.02576124        47
    1590       -0.00051005      a_ia      1590                           -0.00102011         2
   87876        0.00049618        om     37059     37060                  0.02332042        47
    1173       -0.00042536      a_ia      1173                           -0.00085071         2
   37059        0.00038954    a_iajb     37059                            0.02454083        63
     575        0.00037961      a_ia       575                            0.00075923         2
     922       -0.00037126      a_ia       922                           -0.00148505         4
    1397       -0.00036967      a_ia      1397                           -0.00221804         6
    1122       -0.00036440      a_ia      1122                           -0.00510165        14
    1108        0.00036299      a_ia      1108                            0.00217794         6

  ==> Add operator: mvp2 -1: 37059 37060
  ==> Current qubit order: 0  1  2  3  4  5  6  7  8  9  10  11  12  13  14  15  17  18  19  22  23  24  25  26  27  32  33  40  41  44  46  34  45  42  52  37  47  53  55  48  54  43  49  28  35  29  57  56  21  79  20  66  16  91  67  87  58  61  60  59  51  69  62  70  86  72  73  63  71  31  30  74  75  68  65  64  85  39  76  77  78  36  80  81  83  82  84  38  50  88  89  90  92  93  94  95  


  ==> Energy                -256.190570952
  ==> dE                       -2.12e-04
  ==> Gradient Norm             3.14e-01
  ==> Abs. Max. Deriv.          5.22e-02
  ==> Time-Grad. (s)             224.717
  ==> Time-Energy (s)           1022.109
  ==> Time-Iter. (s)            1247.835

--------------------------------------------------------------------------------
CEO-ADAPT-VQE iteration: 251
--------------------------------------------------------------------------------
    gate        derivative      name       op1       op2       op3        g_unscaled   penalty
     924       -0.00074136      a_ia       924                           -0.00148271         2
   90233       -0.00057217        op     38918     38919                 -0.02574764        45
   90234       -0.00057217        op     38918     38919                 -0.02574764        45
    1592       -0.00051007      a_ia      1592                           -0.00102015         2
     907        0.00044807      a_ia       907                            0.00268841         6
   38918       -0.00042195    a_iajb     38918                           -0.02573911        61
   90237       -0.00041280        op     38918     38920                 -0.01857592        45
   90238       -0.00041280        op     38918     38920                 -0.01857592        45
     933        0.00039539      a_ia       933                            0.00079079         2
    1399       -0.00037169      a_ia      1399                           -0.00223013         6

  ==> Add operator: a_ia 924
  ==> Current qubit order: 0  1  2  3  4  5  6  7  8  9  10  11  12  13  14  15  17  18  19  22  23  24  25  26  27  32  33  40  41  44  46  34  45  42  52  37  47  53  55  48  54  43  49  28  35  29  57  56  21  79  20  66  16  91  67  87  58  61  60  59  51  69  62  70  86  72  73  63  71  31  30  74  75  68  65  64  85  39  76  77  78  36  80  81  83  82  84  38  50  88  89  90  92  93  94  95  


  ==> Energy                -256.190649658
  ==> dE                       -7.87e-05
  ==> Gradient Norm             3.00e-01
  ==> Abs. Max. Deriv.          2.78e-02
  ==> Time-Grad. (s)             215.201
  ==> Time-Energy (s)             30.471
  ==> Time-Iter. (s)             246.879

--------------------------------------------------------------------------------
CEO-ADAPT-VQE iteration: 252
--------------------------------------------------------------------------------
    gate        derivative      name       op1       op2       op3        g_unscaled   penalty
    1592       -0.00051014      a_ia      1592                           -0.00102027         2
     907        0.00045039      a_ia       907                            0.00270234         6
   87970        0.00037753        op     37394     37395                  0.03360002        89
     575        0.00037535      a_ia       575                            0.00075069         2
    1220       -0.00037113      a_ia      1220                           -0.00445353        12
    1399       -0.00037077      a_ia      1399                           -0.00222462         6
    1304       -0.00036738      a_ia      1304                           -0.00293907         8
    1124       -0.00036496      a_ia      1124                           -0.00510944        14
    1110        0.00036064      a_ia      1110                            0.00216386         6
    1587        0.00034898      a_ia      1587                            0.00139591         4

  ==> Add operator: a_ia 1592
  ==> Current qubit order: 0  1  2  3  4  5  6  7  8  9  10  11  12  13  14  15  17  18  19  22  23  24  25  26  27  32  33  40  41  44  46  34  45  42  52  37  47  53  55  48  54  43  49  28  35  29  57  56  21  79  20  66  16  91  67  87  58  61  60  59  51  69  62  70  86  72  73  63  71  31  30  74  75  68  65  64  85  39  76  77  78  36  80  81  83  82  84  38  50  88  89  90  92  93  94  95  


  ==> Energy                -256.190898342
  ==> dE                       -2.49e-04
  ==> Gradient Norm             2.99e-01
  ==> Abs. Max. Deriv.          4.31e-02
  ==> Time-Grad. (s)             220.089
  ==> Time-Energy (s)             26.426
  ==> Time-Iter. (s)             247.548

--------------------------------------------------------------------------------
CEO-ADAPT-VQE iteration: 253
--------------------------------------------------------------------------------
    gate        derivative      name       op1       op2       op3        g_unscaled   penalty
     989        0.00063586      a_ia       989                            0.00254343         4
     706        0.00062161      a_ia       706                            0.00124321         2
     993        0.00047666      a_ia       993                            0.00095331         2
     910        0.00044929      a_ia       910                            0.00269573         6
     577        0.00037429      a_ia       577                            0.00074858         2
    1404       -0.00037167      a_ia      1404                           -0.00223000         6
    1225       -0.00036936      a_ia      1225                           -0.00443230        12
    1309       -0.00036526      a_ia      1309                           -0.00292212         8
    1127       -0.00036444      a_ia      1127                           -0.00510213        14
    1113        0.00036329      a_ia      1113                            0.00217976         6

  ==> Add operator: a_ia 989
  ==> Current qubit order: 0  1  2  3  4  5  6  7  8  9  10  11  12  13  14  15  17  18  19  22  23  24  25  26  27  32  33  40  41  44  46  34  45  42  52  37  47  53  55  48  54  43  49  28  35  29  57  56  21  79  20  66  16  91  67  87  58  61  60  59  51  69  62  70  86  72  73  71  63  31  30  74  75  68  65  64  85  39  76  77  78  36  80  81  83  82  84  38  50  88  89  90  92  93  94  95  


  ==> Energy                -256.190899746
  ==> dE                       -1.40e-06
  ==> Gradient Norm             2.83e-01
  ==> Abs. Max. Deriv.          2.53e-02
  ==> Time-Grad. (s)             221.948
  ==> Time-Energy (s)             29.793
  ==> Time-Iter. (s)             252.768

--------------------------------------------------------------------------------
CEO-ADAPT-VQE iteration: 254
--------------------------------------------------------------------------------
    gate        derivative      name       op1       op2       op3        g_unscaled   penalty
     706        0.00062087      a_ia       706                            0.00124174         2
     910        0.00044921      a_ia       910                            0.00269529         6
    1404       -0.00037167      a_ia      1404                           -0.00223001         6
     577        0.00037110      a_ia       577                            0.00074219         2
    1225       -0.00036739      a_ia      1225                           -0.00440867        12
    1113        0.00036499      a_ia      1113                            0.00218997         6
    1127       -0.00036342      a_ia      1127                           -0.00508785        14
    1309       -0.00036271      a_ia      1309                           -0.00290170         8
     989        0.00035844      a_ia       989                            0.00071688         2
    1593        0.00035400      a_ia      1593                            0.00141600         4

  ==> Add operator: a_ia 706
  ==> Current qubit order: 0  1  2  3  4  5  6  7  8  9  10  11  12  13  14  15  17  18  19  22  23  24  25  26  27  32  33  40  41  44  46  34  45  42  52  37  47  53  55  48  54  43  49  28  35  29  57  56  21  79  20  66  16  91  67  87  58  61  60  59  51  69  62  70  86  72  73  71  63  31  30  74  75  68  65  64  85  39  76  77  78  36  80  81  83  82  84  38  50  88  89  90  92  93  94  95  


  ==> Energy                -256.190900191
  ==> dE                       -4.45e-07
  ==> Gradient Norm             2.88e-01
  ==> Abs. Max. Deriv.          3.06e-02
  ==> Time-Grad. (s)             139.338
  ==> Time-Energy (s)             28.895
  ==> Time-Iter. (s)             169.252

--------------------------------------------------------------------------------
CEO-ADAPT-VQE iteration: 255
--------------------------------------------------------------------------------
    gate        derivative      name       op1       op2       op3        g_unscaled   penalty
     910        0.00044886      a_ia       910                            0.00269314         6
    1405       -0.00037171      a_ia      1405                           -0.00223023         6
    1226       -0.00036876      a_ia      1226                           -0.00442510        12
    1114        0.00036508      a_ia      1114                            0.00219046         6
     577        0.00036419      a_ia       577                            0.00072839         2
    1128       -0.00036288      a_ia      1128                           -0.00508037        14
    1310       -0.00036210      a_ia      1310                           -0.00289680         8
     990        0.00035788      a_ia       990                            0.00071576         2
    1595        0.00035400      a_ia      1595                            0.00141600         4
    1161        0.00033708      a_ia      1161                            0.00134830         4

  ==> Add operator: a_ia 910
  ==> Current qubit order: 0  1  2  3  4  5  6  7  8  9  10  11  12  13  14  15  17  18  19  22  23  24  25  26  27  32  33  40  41  44  46  34  45  42  52  37  47  53  55  48  43  49  54  28  35  29  57  56  21  79  20  66  16  91  67  87  58  61  60  59  51  69  62  70  86  72  73  71  63  31  30  74  75  68  65  64  85  39  76  77  78  36  80  81  83  82  84  38  50  88  89  90  92  93  94  95  


  ==> Energy                -256.190902535
  ==> dE                       -2.34e-06
  ==> Gradient Norm             2.87e-01
  ==> Abs. Max. Deriv.          2.79e-02
  ==> Time-Grad. (s)             142.674
  ==> Time-Energy (s)             34.475
  ==> Time-Iter. (s)             178.227

--------------------------------------------------------------------------------
CEO-ADAPT-VQE iteration: 256
--------------------------------------------------------------------------------
    gate        derivative      name       op1       op2       op3        g_unscaled   penalty
    1251       -0.00284889      a_ia      1251                           -0.00569778         2
    1130       -0.00042612      a_ia      1130                           -0.00511347        12
    1408       -0.00037170      a_ia      1408                           -0.00223019         6
    1116        0.00036496      a_ia      1116                            0.00218978         6
    1313       -0.00036189      a_ia      1313                           -0.00289513         8
    1228       -0.00036118      a_ia      1228                           -0.00433420        12
     991        0.00035711      a_ia       991                            0.00071422         2
    1598        0.00035395      a_ia      1598                            0.00141581         4
     578        0.00034565      a_ia       578                            0.00069129         2
    1159        0.00033313      a_ia      1159                            0.00466381        14

  ==> Add operator: a_ia 1251
  ==> Current qubit order: 0  1  2  3  4  5  6  7  8  9  10  11  12  13  14  15  17  18  19  22  23  24  25  26  27  32  33  40  41  44  46  34  45  42  52  37  47  53  55  48  43  49  54  28  35  29  57  56  21  79  20  66  16  91  67  87  58  61  60  59  51  69  62  70  86  72  73  71  63  31  30  74  75  68  65  64  85  39  76  77  78  36  80  81  83  82  84  38  50  88  89  90  92  93  94  95  


  ==> Energy                -256.190923099
  ==> dE                       -2.06e-05
  ==> Gradient Norm             2.92e-01
  ==> Abs. Max. Deriv.          4.08e-02
  ==> Time-Grad. (s)             168.970
  ==> Time-Energy (s)             32.992
  ==> Time-Iter. (s)             202.984

--------------------------------------------------------------------------------
CEO-ADAPT-VQE iteration: 257
--------------------------------------------------------------------------------
    gate        derivative      name       op1       op2       op3        g_unscaled   penalty
    1131       -0.00042933      a_ia      1131                           -0.00515199        12
     579        0.00042691      a_ia       579                            0.00085382         2
    1152       -0.00039492      a_ia      1152                           -0.00078984         2
    1117        0.00038041      a_ia      1117                            0.00228244         6
    1409       -0.00037180      a_ia      1409                           -0.00223083         6
    1164        0.00036870      a_ia      1164                            0.00147481         4
    1599        0.00035400      a_ia      1599                            0.00141601         4
    1160        0.00035112      a_ia      1160                            0.00491572        14
    1376       -0.00034002      a_ia      1376                           -0.00204011         6
     742       -0.00033692      a_ia       742                           -0.00471690        14

  ==> Add operator: a_ia 1131
  ==> Current qubit order: 0  1  2  3  4  5  6  7  8  9  10  11  12  13  14  15  17  18  19  22  23  24  25  26  27  32  33  40  41  44  46  34  45  42  52  47  53  55  48  43  37  49  54  28  35  29  57  56  21  79  20  66  16  91  67  87  58  61  60  59  51  69  62  70  86  72  73  71  63  31  30  74  75  68  65  64  85  39  76  77  78  36  80  81  83  82  84  38  50  88  89  90  92  93  94  95  


  ==> Energy                -256.190938253
  ==> dE                       -1.52e-05
  ==> Gradient Norm             2.88e-01
  ==> Abs. Max. Deriv.          2.54e-02
  ==> Time-Grad. (s)             223.034
  ==> Time-Energy (s)             33.025
  ==> Time-Iter. (s)             257.046

--------------------------------------------------------------------------------
CEO-ADAPT-VQE iteration: 258
--------------------------------------------------------------------------------
    gate        derivative      name       op1       op2       op3        g_unscaled   penalty
    1153       -0.00070441      a_ia      1153                           -0.00140883         2
    1129       -0.00057831      a_ia      1129                           -0.00115662         2
    1232       -0.00048582      a_ia      1232                           -0.00097163         2
     580        0.00040005      a_ia       580                            0.00080010         2
    1165        0.00039521      a_ia      1165                            0.00158086         4
    1118        0.00039405      a_ia      1118                            0.00236431         6
    1410       -0.00037186      a_ia      1410                           -0.00223117         6
   88201       -0.00037023        op     37415     37416                 -0.01295794        35
   87646       -0.00036859        om     36973     36974                 -0.01806114        49
   88202       -0.00036576        om     37415     37416                 -0.01280146        35

  ==> Add operator: a_ia 1153
  ==> Current qubit order: 0  1  2  3  4  5  6  7  8  9  10  11  12  13  14  15  17  18  19  22  23  24  25  26  27  32  33  40  41  44  46  34  45  42  52  47  53  55  48  43  37  49  54  28  35  29  57  56  21  79  20  66  16  91  67  87  58  61  60  59  51  69  62  70  86  72  73  71  63  31  30  74  75  68  65  64  85  39  76  77  78  36  80  81  83  82  84  38  50  88  89  90  92  93  94  95  


  ==> Energy                -256.190938900
  ==> dE                       -6.47e-07
  ==> Gradient Norm             2.87e-01
  ==> Abs. Max. Deriv.          2.63e-02
  ==> Time-Grad. (s)             142.177
  ==> Time-Energy (s)             26.710
  ==> Time-Iter. (s)             169.853

--------------------------------------------------------------------------------
CEO-ADAPT-VQE iteration: 259
--------------------------------------------------------------------------------
    gate        derivative      name       op1       op2       op3        g_unscaled   penalty
    1132       -0.00057812      a_ia      1132                           -0.00115624         2
    1237       -0.00042341      a_ia      1237                           -0.00084683         2
     581        0.00041699      a_ia       581                            0.00083398         2
    1169        0.00039880      a_ia      1169                            0.00159520         4
    1121        0.00038773      a_ia      1121                            0.00232640         6
    1415       -0.00037269      a_ia      1415                           -0.00223614         6
    1165        0.00036188      a_ia      1165                            0.00506630        14
    1606        0.00035407      a_ia      1606                            0.00141629         4
     746       -0.00033560      a_ia       746                           -0.00469845        14
    1235       -0.00032365      a_ia      1235                           -0.00323652        10

  ==> Add operator: a_ia 1132
  ==> Current qubit order: 0  1  2  3  4  5  6  7  8  9  10  11  12  13  14  15  17  18  19  22  23  24  25  26  27  32  33  40  41  44  46  34  45  42  52  47  53  55  48  43  37  49  54  28  35  29  57  56  21  79  20  66  16  91  67  87  58  61  60  59  51  69  62  70  86  72  73  71  63  31  30  74  75  68  65  64  85  39  76  77  78  36  80  81  83  82  84  38  50  88  89  90  92  93  94  95  


  ==> Energy                -256.190961224
  ==> dE                       -2.23e-05
  ==> Gradient Norm             2.83e-01
  ==> Abs. Max. Deriv.          3.64e-02
  ==> Time-Grad. (s)             148.441
  ==> Time-Energy (s)             31.410
  ==> Time-Iter. (s)             180.857

--------------------------------------------------------------------------------
CEO-ADAPT-VQE iteration: 260
--------------------------------------------------------------------------------
    gate        derivative      name       op1       op2       op3        g_unscaled   penalty
     581        0.00042028      a_ia       581                            0.00084056         2
    1238       -0.00041431      a_ia      1238                           -0.00082862         2
    1169        0.00039883      a_ia      1169                            0.00159534         4
    1121        0.00038742      a_ia      1121                            0.00232454         6
   87496        0.00037816        om     36783     36784                  0.01247940        33
    1417       -0.00037245      a_ia      1417                           -0.00223471         6
    1165        0.00036128      a_ia      1165                            0.00505788        14
   87495        0.00035793        op     36783     36784                  0.01181162        33
    1609        0.00035441      a_ia      1609                            0.00141766         4
     746       -0.00033596      a_ia       746                           -0.00470350        14

  ==> Add operator: a_ia 581
  ==> Current qubit order: 0  1  2  3  4  5  6  7  8  9  10  11  12  13  14  15  17  18  19  22  23  24  25  26  27  32  33  40  41  44  46  34  45  42  52  47  53  55  48  43  37  49  54  28  35  29  57  56  21  79  20  66  16  91  67  87  58  61  60  59  51  69  62  70  86  72  73  71  63  31  30  74  75  68  65  64  85  39  76  77  78  36  80  81  83  82  84  38  50  88  89  90  92  93  94  95  


  ==> Energy                -256.190961545
  ==> dE                       -3.21e-07
  ==> Gradient Norm             2.91e-01
  ==> Abs. Max. Deriv.          3.54e-02
  ==> Time-Grad. (s)             141.876
  ==> Time-Energy (s)             29.802
  ==> Time-Iter. (s)             172.682

--------------------------------------------------------------------------------
CEO-ADAPT-VQE iteration: 261
--------------------------------------------------------------------------------
    gate        derivative      name       op1       op2       op3        g_unscaled   penalty
    1241       -0.00041867      a_ia      1241                           -0.00083734         2
    1172        0.00039932      a_ia      1172                            0.00159728         4
    1124        0.00038788      a_ia      1124                            0.00232725         6
    1421       -0.00037248      a_ia      1421                           -0.00223488         6
    1168        0.00036141      a_ia      1168                            0.00505972        14
    1613        0.00035441      a_ia      1613                            0.00141764         4
     747       -0.00033513      a_ia       747                           -0.00469181        14
    1239       -0.00032217      a_ia      1239                           -0.00322175        10
    1173       -0.00031526      a_ia      1173                           -0.00252208         8
    1279       -0.00031486      a_ia      1279                           -0.00062972         2

  ==> Add operator: a_ia 1241
  ==> Current qubit order: 0  1  2  3  4  5  6  7  8  9  10  11  12  13  14  15  17  18  19  22  23  24  25  26  27  32  33  40  41  44  46  34  45  42  52  47  53  55  48  43  37  49  54  28  35  29  57  56  21  79  20  66  16  91  67  87  58  61  60  59  51  69  62  70  86  72  73  71  63  31  30  74  75  68  65  64  85  39  76  77  78  36  80  81  83  82  84  38  50  88  89  90  92  93  94  95  


  ==> Energy                -256.190961698
  ==> dE                       -1.53e-07
  ==> Gradient Norm             2.90e-01
  ==> Abs. Max. Deriv.          2.53e-02
  ==> Time-Grad. (s)             144.477
  ==> Time-Energy (s)             35.380
  ==> Time-Iter. (s)             180.887

--------------------------------------------------------------------------------
CEO-ADAPT-VQE iteration: 262
--------------------------------------------------------------------------------
    gate        derivative      name       op1       op2       op3        g_unscaled   penalty
    1173        0.00039671      a_ia      1173                            0.00158684         4
    1125        0.00038799      a_ia      1125                            0.00232794         6
    1422       -0.00037248      a_ia      1422                           -0.00223490         6
    1169        0.00036090      a_ia      1169                            0.00505262        14
    1614        0.00035441      a_ia      1614                            0.00141763         4
   88551        0.00034318        om     37728     37729                  0.02848400        83
     748       -0.00033527      a_ia       748                           -0.00469384        14
   88550        0.00032940        op     37728     37729                  0.02733998        83
    1240       -0.00032290      a_ia      1240                           -0.00322903        10
    1174       -0.00031495      a_ia      1174                           -0.00251961         8

  ==> Add operator: a_ia 1173
  ==> Current qubit order: 0  1  2  3  4  5  6  7  8  9  10  11  12  13  14  15  17  18  19  22  23  24  25  26  27  32  33  40  41  44  46  34  45  42  52  47  53  55  48  43  37  49  54  28  35  29  57  56  21  79  20  66  16  91  67  87  58  61  60  59  51  69  62  70  86  72  73  71  63  31  30  74  75  68  65  64  85  39  76  77  78  36  80  81  83  82  84  50  38  88  89  90  92  93  94  95  


  ==> Energy                -256.190962118
  ==> dE                       -4.20e-07
  ==> Gradient Norm             2.93e-01
  ==> Abs. Max. Deriv.          3.19e-02
  ==> Time-Grad. (s)             216.057
  ==> Time-Energy (s)             22.730
  ==> Time-Iter. (s)             239.793

--------------------------------------------------------------------------------
CEO-ADAPT-VQE iteration: 263
--------------------------------------------------------------------------------
    gate        derivative      name       op1       op2       op3        g_unscaled   penalty
    1176       -0.00041655      a_ia      1176                           -0.00249927         6
    1127        0.00038745      a_ia      1127                            0.00232468         6
    1618        0.00035441      a_ia      1618                            0.00141762         4
     750       -0.00033517      a_ia       750                           -0.00469233        14
    1243       -0.00032395      a_ia      1243                           -0.00323950        10
    1171        0.00031577      a_ia      1171                            0.00505239        16
    1283       -0.00031478      a_ia      1283                           -0.00062957         2
    1005        0.00030314      a_ia      1005                            0.00121258         4
    1331       -0.00030061      a_ia      1331                           -0.00240488         8
     981       -0.00029489      a_ia       981                           -0.00176935         6

  ==> Add operator: a_ia 1176
  ==> Current qubit order: 0  1  2  3  4  5  6  7  8  9  10  11  12  13  14  15  17  18  19  22  23  24  25  26  27  32  33  40  41  44  46  34  45  42  52  47  53  55  48  43  37  49  54  28  35  29  57  56  21  79  20  66  16  91  67  87  58  61  60  59  51  69  62  70  86  72  73  71  63  31  30  74  75  68  65  64  85  39  76  77  78  36  80  81  83  82  84  50  88  89  38  90  92  93  94  95  


  ==> Energy                -256.190963302
  ==> dE                       -1.18e-06
  ==> Gradient Norm             2.84e-01
  ==> Abs. Max. Deriv.          3.81e-02
  ==> Time-Grad. (s)             139.791
  ==> Time-Energy (s)             34.669
  ==> Time-Iter. (s)             175.467

--------------------------------------------------------------------------------
CEO-ADAPT-VQE iteration: 264
--------------------------------------------------------------------------------
    gate        derivative      name       op1       op2       op3        g_unscaled   penalty
    1128        0.00038721      a_ia      1128                            0.00232325         6
    1619        0.00035414      a_ia      1619                            0.00141654         4
     751       -0.00033483      a_ia       751                           -0.00468758        14
    1244       -0.00032456      a_ia      1244                           -0.00324556        10
    1284       -0.00031478      a_ia      1284                           -0.00062956         2
    1006        0.00030242      a_ia      1006                            0.00120966         4
    1332       -0.00030069      a_ia      1332                           -0.00240548         8
     982       -0.00029302      a_ia       982                           -0.00175809         6
   88127        0.00028147        op     37310     37311                  0.02167340        77
   88128        0.00028136        om     37310     37311                  0.02166462        77

  ==> Add operator: a_ia 1128
  ==> Current qubit order: 0  1  2  3  4  5  6  7  8  9  10  11  12  13  14  15  17  18  19  22  23  24  25  26  27  32  33  40  41  44  46  34  45  42  52  47  53  55  48  43  37  49  54  28  35  29  57  56  21  79  20  66  16  91  67  87  58  61  60  59  51  69  62  70  86  72  73  71  63  31  30  74  75  68  65  64  85  39  77  78  76  36  80  81  83  82  84  50  88  89  38  90  92  93  94  95  


  ==> Energy                -256.190964840
  ==> dE                       -1.54e-06
  ==> Gradient Norm             2.84e-01
  ==> Abs. Max. Deriv.          2.53e-02
  ==> Time-Grad. (s)             140.016
  ==> Time-Energy (s)             32.318
  ==> Time-Iter. (s)             173.344

--------------------------------------------------------------------------------
CEO-ADAPT-VQE iteration: 265
--------------------------------------------------------------------------------
    gate        derivative      name       op1       op2       op3        g_unscaled   penalty
   90139       -0.00053452        op     38840     38841                 -0.02405326        45
   90140       -0.00047016        om     38840     38841                 -0.02115716        45
    1761        0.00040816      a_ia      1761                            0.00163263         4
   88077        0.00039856        op     37297     37298                  0.02510948        63
   88078        0.00039855        om     37297     37298                  0.02510863        63
   38840       -0.00037058    a_iajb     38840                           -0.02260521        61
    1621        0.00035414      a_ia      1621                            0.00141657         4
     752       -0.00033514      a_ia       752                           -0.00469196        14
    1245       -0.00032419      a_ia      1245                           -0.00324187        10
   37297        0.00031784    a_iajb     37297                            0.02510906        79

  ==> Add operator: mvp2 -1: 38840 38841
  ==> Current qubit order: 0  1  2  3  4  5  6  7  8  9  10  11  12  13  14  15  17  18  19  22  23  24  25  26  27  32  33  40  41  44  46  34  45  42  52  47  53  55  48  43  37  49  54  28  35  29  57  56  21  79  20  66  16  91  67  87  58  61  60  59  51  69  62  70  86  72  73  71  63  31  30  74  75  68  65  64  77  85  39  36  80  78  76  81  83  82  84  50  88  89  38  90  92  93  94  95  


  ==> Energy                -256.191315988
  ==> dE                       -3.51e-04
  ==> Gradient Norm             2.94e-01
  ==> Abs. Max. Deriv.          3.40e-02
  ==> Time-Grad. (s)             204.817
  ==> Time-Energy (s)             48.559
  ==> Time-Iter. (s)             254.364

--------------------------------------------------------------------------------
CEO-ADAPT-VQE iteration: 266
--------------------------------------------------------------------------------
    gate        derivative      name       op1       op2       op3        g_unscaled   penalty
    1203        0.00098797      a_ia      1203                            0.00197595         2
   87368       -0.00037953        op     36658     36659                 -0.01404245        37
   87369       -0.00036235        om     36658     36659                 -0.01340698        37
    1628        0.00035448      a_ia      1628                            0.00141792         4
     755       -0.00033545      a_ia       755                           -0.00469635        14
    1252       -0.00031804      a_ia      1252                           -0.00318036        10
    1769        0.00031691      a_ia      1769                            0.00126764         4
    1292       -0.00031492      a_ia      1292                           -0.00062985         2
    1137        0.00031139      a_ia      1137                            0.00062278         2
    1340       -0.00029403      a_ia      1340                           -0.00235222         8

  ==> Add operator: a_ia 1203
  ==> Current qubit order: 0  1  2  3  4  5  6  7  8  9  10  11  12  13  14  15  17  18  19  22  23  24  25  26  27  32  33  40  41  44  46  34  45  42  52  47  53  55  48  43  37  49  54  28  35  29  57  56  21  79  20  66  16  91  67  87  58  61  60  59  51  69  62  70  86  72  73  71  63  31  30  74  75  68  65  64  77  85  39  36  80  78  76  81  83  82  84  50  88  89  38  90  92  93  94  95  


  ==> Energy                -256.191317306
  ==> dE                       -1.32e-06
  ==> Gradient Norm             2.81e-01
  ==> Abs. Max. Deriv.          2.88e-02
  ==> Time-Grad. (s)             138.944
  ==> Time-Energy (s)             33.049
  ==> Time-Iter. (s)             172.983

--------------------------------------------------------------------------------
CEO-ADAPT-VQE iteration: 267
--------------------------------------------------------------------------------
    gate        derivative      name       op1       op2       op3        g_unscaled   penalty
   88133        0.00049580        op     37345     37346                  0.04016010        81
   88134        0.00049580        op     37345     37346                  0.04016010        81
   37345        0.00041307    a_iajb     37345                            0.04006759        97
    1635        0.00035453      a_ia      1635                            0.00141810         4
   88137        0.00034850        op     37345     37347                  0.02822866        81
   88138        0.00034850        op     37345     37347                  0.02822866        81
     759       -0.00033604      a_ia       759                           -0.00470450        14
    1142        0.00033446      a_ia      1142                            0.00066892         2
    1258       -0.00032258      a_ia      1258                           -0.00322580        10
    1776        0.00031696      a_ia      1776                            0.00126785         4

  ==> Add operator: mvp3 -1: 37345 37346 37347
  ==> Current qubit order: 0  1  2  3  4  5  6  7  8  9  10  11  12  13  14  15  17  18  19  22  23  24  25  26  27  32  33  40  41  44  46  34  45  42  52  47  53  55  48  43  37  49  54  28  35  29  57  56  21  79  20  66  16  91  67  87  58  61  60  59  51  69  62  70  86  72  73  71  63  31  74  75  68  65  64  77  85  39  36  80  78  76  30  50  38  90  81  83  82  84  88  89  92  93  94  95  


  ==> Energy                -256.192326697
  ==> dE                       -1.01e-03
  ==> Gradient Norm             2.95e-01
  ==> Abs. Max. Deriv.          4.02e-02
  ==> Time-Grad. (s)             140.512
  ==> Time-Energy (s)             78.117
  ==> Time-Iter. (s)             219.627

--------------------------------------------------------------------------------
CEO-ADAPT-VQE iteration: 268
--------------------------------------------------------------------------------
    gate        derivative      name       op1       op2       op3        g_unscaled   penalty
     979       -0.00143638      a_ia       979                           -0.00574553         4
    1189        0.00062939      a_ia      1189                            0.00503513         8
    1441        0.00054747      a_ia      1441                            0.00328483         6
    1446       -0.00050856      a_ia      1446                           -0.00203425         4
    1188       -0.00041849      a_ia      1188                           -0.00251091         6
    1440       -0.00038240      a_ia      1440                           -0.00152959         4
    1638        0.00035803      a_ia      1638                            0.00143214         4
     762       -0.00033710      a_ia       762                           -0.00471940        14
    1261       -0.00032335      a_ia      1261                           -0.00323349        10
    1779        0.00031979      a_ia      1779                            0.00127917         4

  ==> Add operator: a_ia 979
  ==> Current qubit order: 0  1  2  3  4  5  6  7  8  9  10  11  12  13  14  15  17  18  19  22  23  24  25  26  27  32  33  40  41  44  46  34  45  42  52  47  53  55  48  43  37  49  54  28  35  29  57  56  21  79  20  66  16  91  67  87  58  61  60  59  51  69  62  70  86  72  73  71  63  31  74  75  68  65  64  77  85  39  36  80  78  76  50  30  38  90  81  83  82  84  88  89  92  93  94  95  


  ==> Energy                -256.192335102
  ==> dE                       -8.40e-06
  ==> Gradient Norm             2.80e-01
  ==> Abs. Max. Deriv.          2.72e-02
  ==> Time-Grad. (s)             141.310
  ==> Time-Energy (s)             34.563
  ==> Time-Iter. (s)             176.881

--------------------------------------------------------------------------------
CEO-ADAPT-VQE iteration: 269
--------------------------------------------------------------------------------
    gate        derivative      name       op1       op2       op3        g_unscaled   penalty
    1444        0.00081231      a_ia      1444                            0.00324922         4
    1443       -0.00075468      a_ia      1443                           -0.00150936         2
    1192        0.00062884      a_ia      1192                            0.00503071         8
     981       -0.00056855      a_ia       981                           -0.00113711         2
   88728       -0.00043628        op     37482     37483                 -0.02574038        59
   88729       -0.00043628        op     37482     37483                 -0.02574038        59
    1191       -0.00041875      a_ia      1191                           -0.00251248         6
    1449       -0.00037022      a_ia      1449                           -0.00222132         6
     987       -0.00035888      a_ia       987                           -0.00071776         2
    1641        0.00035280      a_ia      1641                            0.00141121         4

  ==> Add operator: a_ia 1444
  ==> Current qubit order: 0  1  2  3  4  5  6  7  8  9  10  11  12  13  14  15  17  18  19  22  23  24  25  26  27  32  33  40  41  44  46  34  45  42  52  47  53  55  48  43  37  49  54  28  35  29  57  56  21  79  20  66  16  91  67  87  58  61  60  59  51  69  62  70  86  72  73  71  63  31  74  75  68  65  64  77  85  39  36  80  76  78  50  30  38  90  81  83  82  84  88  89  92  93  94  95  


  ==> Energy                -256.192405956
  ==> dE                       -7.09e-05
  ==> Gradient Norm             2.85e-01
  ==> Abs. Max. Deriv.          2.57e-02
  ==> Time-Grad. (s)             140.774
  ==> Time-Energy (s)             24.342
  ==> Time-Iter. (s)             166.123

--------------------------------------------------------------------------------
CEO-ADAPT-VQE iteration: 270
--------------------------------------------------------------------------------
    gate        derivative      name       op1       op2       op3        g_unscaled   penalty
    1193        0.00071933      a_ia      1193                            0.00431601         6
    1783        0.00064062      a_ia      1783                            0.00128124         2
   87797        0.00039346        om     37152     37153                  0.02478785        63
   87796        0.00039104        op     37152     37153                  0.02463530        63
   88607        0.00038049        om     37752     37753                  0.02853684        75
    1444       -0.00037966      a_ia      1444                           -0.00151866         4
   87509       -0.00036832        om     36930     36931                 -0.01804766        49
    1450       -0.00036718      a_ia      1450                           -0.00220308         6
   87508       -0.00035970        op     36930     36931                 -0.01762513        49
   88606        0.00035836        op     37752     37753                  0.02687712        75

  ==> Add operator: a_ia 1193
  ==> Current qubit order: 0  1  2  3  4  5  6  7  8  9  10  11  12  13  14  15  17  18  19  22  23  24  25  26  27  32  33  40  41  44  46  34  45  42  52  47  53  55  48  43  37  49  54  28  35  29  57  56  21  79  20  66  16  91  67  87  58  61  60  59  51  69  62  70  86  72  73  71  63  31  74  75  68  65  64  77  85  39  36  80  76  50  30  78  38  90  81  83  82  84  88  89  92  93  94  95  


  ==> Energy                -256.192411663
  ==> dE                       -5.71e-06
  ==> Gradient Norm             2.85e-01
  ==> Abs. Max. Deriv.          2.85e-02
  ==> Time-Grad. (s)             221.023
  ==> Time-Energy (s)             33.857
  ==> Time-Iter. (s)             255.892

--------------------------------------------------------------------------------
CEO-ADAPT-VQE iteration: 271
--------------------------------------------------------------------------------
    gate        derivative      name       op1       op2       op3        g_unscaled   penalty
    1450       -0.00076245      a_ia      1450                           -0.00152491         2
    1790        0.00064073      a_ia      1790                            0.00128146         2
    1198       -0.00038743      a_ia      1198                           -0.00077487         2
   88456       -0.00036998        op     37369     37370                 -0.01738902        47
   88457       -0.00036998        op     37369     37370                 -0.01738902        47
    1648        0.00035419      a_ia      1648                            0.00141677         4
     991       -0.00035281      a_ia       991                           -0.00070563         2
     765       -0.00033856      a_ia       765                           -0.00473983        14
    1197       -0.00033467      a_ia      1197                           -0.00267736         8
    1270       -0.00033001      a_ia      1270                           -0.00330008        10

  ==> Add operator: a_ia 1450
  ==> Current qubit order: 0  1  2  3  4  5  6  7  8  9  10  11  12  13  14  15  17  18  19  22  23  24  25  26  27  32  33  40  41  44  46  34  45  42  52  47  53  55  48  43  37  49  54  28  35  29  57  56  21  79  20  66  16  91  67  87  58  61  60  59  51  69  62  70  86  72  73  71  63  31  74  75  68  65  64  77  85  39  36  80  76  50  30  78  38  90  81  83  82  84  88  89  92  93  94  95  


  ==> Energy                -256.192425564
  ==> dE                       -1.39e-05
  ==> Gradient Norm             2.99e-01
  ==> Abs. Max. Deriv.          4.15e-02
  ==> Time-Grad. (s)             141.741
  ==> Time-Energy (s)             37.742
  ==> Time-Iter. (s)             180.457

--------------------------------------------------------------------------------
CEO-ADAPT-VQE iteration: 272
--------------------------------------------------------------------------------
    gate        derivative      name       op1       op2       op3        g_unscaled   penalty
    1791        0.00065072      a_ia      1791                            0.00130143         2
    1199       -0.00035949      a_ia      1199                           -0.00071897         2
    1649        0.00035457      a_ia      1649                            0.00141827         4
     992       -0.00035284      a_ia       992                           -0.00070567         2
     765       -0.00033853      a_ia       765                           -0.00473946        14
    1271       -0.00033037      a_ia      1271                           -0.00330374        10
    1021        0.00032740      a_ia      1021                            0.00065479         2
    1311       -0.00031837      a_ia      1311                           -0.00063674         2
    1167       -0.00031250      a_ia      1167                           -0.00062500         2
    1359       -0.00030368      a_ia      1359                           -0.00242946         8

  ==> Add operator: a_ia 1791
  ==> Current qubit order: 0  1  2  3  4  5  6  7  8  9  10  11  12  13  14  15  17  18  19  22  23  24  25  26  27  32  33  40  41  44  46  34  45  42  52  47  53  55  48  43  37  49  54  28  35  29  57  56  21  79  20  66  16  91  67  87  58  61  60  59  51  69  62  70  86  72  73  71  63  31  74  75  68  65  64  77  85  39  36  80  76  50  30  78  38  90  81  83  82  84  88  89  92  93  94  95  


  ==> Energy                -256.192865689
  ==> dE                       -4.40e-04
  ==> Gradient Norm             2.89e-01
  ==> Abs. Max. Deriv.          3.27e-02
  ==> Time-Grad. (s)             222.229
  ==> Time-Energy (s)             28.340
  ==> Time-Iter. (s)             251.558

--------------------------------------------------------------------------------
CEO-ADAPT-VQE iteration: 273
--------------------------------------------------------------------------------
    gate        derivative      name       op1       op2       op3        g_unscaled   penalty
    1154        0.00160238      a_ia      1154                            0.00640953         4
    1156        0.00115994      a_ia      1156                            0.00231988         2
   90033       -0.00041620        op     38620     38622                 -0.01623166        39
   90034       -0.00041620        op     38620     38622                 -0.01623166        39
   90029       -0.00038326        op     38620     38621                 -0.01494721        39
   90030       -0.00038326        op     38620     38621                 -0.01494721        39
    1200       -0.00037886      a_ia      1200                           -0.00075773         2
    1453       -0.00036993      a_ia      1453                           -0.00073985         2
   88475       -0.00035577        op     37422     37424                 -0.01245182        35
   88476       -0.00035577        op     37422     37424                 -0.01245182        35

  ==> Add operator: a_ia 1154
  ==> Current qubit order: 0  1  2  3  4  5  6  7  8  9  10  11  12  13  14  15  17  18  19  22  23  24  25  26  27  32  33  40  41  44  46  34  45  42  52  47  53  55  48  43  37  49  54  28  35  29  57  56  21  79  20  66  16  91  67  87  58  61  60  59  51  69  62  70  86  72  73  71  63  31  74  75  68  65  64  77  85  39  80  36  76  50  30  78  38  90  81  83  82  84  88  89  92  93  94  95  


  ==> Energy                -256.192874469
  ==> dE                       -8.78e-06
  ==> Gradient Norm             2.87e-01
  ==> Abs. Max. Deriv.          2.54e-02
  ==> Time-Grad. (s)             139.569
  ==> Time-Energy (s)             34.778
  ==> Time-Iter. (s)             175.325

--------------------------------------------------------------------------------
CEO-ADAPT-VQE iteration: 274
--------------------------------------------------------------------------------
    gate        derivative      name       op1       op2       op3        g_unscaled   penalty
    1157        0.00115716      a_ia      1157                            0.00231432         2
    1201       -0.00038451      a_ia      1201                           -0.00076901         2
    1454       -0.00036616      a_ia      1454                           -0.00073231         2
   88187       -0.00035472        om     37357     37358                 -0.02234745        63
    1652        0.00035443      a_ia      1652                            0.00141773         4
     994       -0.00035241      a_ia       994                           -0.00070481         2
    1169       -0.00035190      a_ia      1169                           -0.00070380         2
    1023        0.00034596      a_ia      1023                            0.00069193         2
     767       -0.00033976      a_ia       767                           -0.00475665        14
     987        0.00033079      a_ia       987                            0.00198472         6

  ==> Add operator: a_ia 1157
  ==> Current qubit order: 0  1  2  3  4  5  6  7  8  9  10  11  12  13  14  15  17  18  19  22  23  24  25  26  27  32  33  40  41  44  46  34  45  42  52  47  53  55  48  43  37  49  54  28  35  29  57  56  21  79  20  66  16  91  67  87  58  61  60  59  51  69  62  70  86  72  73  71  63  31  74  75  68  65  64  77  85  39  80  36  76  50  30  78  38  90  81  83  82  84  88  89  92  93  94  95  


  ==> Energy                -256.192874971
  ==> dE                       -5.02e-07
  ==> Gradient Norm             2.95e-01
  ==> Abs. Max. Deriv.          4.77e-02
  ==> Time-Grad. (s)             138.522
  ==> Time-Energy (s)             28.443
  ==> Time-Iter. (s)             167.935

--------------------------------------------------------------------------------
CEO-ADAPT-VQE iteration: 275
--------------------------------------------------------------------------------
    gate        derivative      name       op1       op2       op3        g_unscaled   penalty
    1201       -0.00037430      a_ia      1201                           -0.00074860         2
    1455       -0.00036555      a_ia      1455                           -0.00073109         2
    1654        0.00035442      a_ia      1654                            0.00141769         4
     994       -0.00035251      a_ia       994                           -0.00070501         2
    1169       -0.00034340      a_ia      1169                           -0.00068681         2
    1023        0.00034122      a_ia      1023                            0.00068244         2
     767       -0.00033986      a_ia       767                           -0.00475805        14
     987        0.00033075      a_ia       987                            0.00198450         6
    1157        0.00032777      a_ia      1157                            0.00065554         2
    1315       -0.00032528      a_ia      1315                           -0.00065056         2

  ==> Add operator: a_ia 1201
  ==> Current qubit order: 0  1  2  3  4  5  6  7  8  9  10  11  12  13  14  15  17  18  19  22  23  24  25  26  27  32  33  40  41  44  46  34  45  42  52  47  53  55  48  43  37  49  54  28  35  29  57  56  21  79  20  66  16  91  67  87  58  61  60  59  51  69  62  70  86  72  73  71  63  31  74  75  68  65  64  77  85  39  80  36  76  50  30  78  38  90  81  83  82  84  88  89  92  93  94  95  


  ==> Energy                -256.192906092
  ==> dE                       -3.11e-05
  ==> Gradient Norm             2.88e-01
  ==> Abs. Max. Deriv.          2.60e-02
  ==> Time-Grad. (s)             137.364
  ==> Time-Energy (s)           1043.942
  ==> Time-Iter. (s)            1182.276

--------------------------------------------------------------------------------
CEO-ADAPT-VQE iteration: 276
--------------------------------------------------------------------------------
    gate        derivative      name       op1       op2       op3        g_unscaled   penalty
    1155       -0.00326702      a_ia      1155                           -0.00653404         2
    1157       -0.00309872      a_ia      1157                           -0.00619744         2
    1023        0.00234546      a_ia      1023                            0.00469092         2
    1385       -0.00177227      a_ia      1385                           -0.00354453         2
    1201        0.00173758      a_ia      1201                            0.00347516         2
    1224        0.00141580      a_ia      1224                            0.00283160         2
    1206       -0.00137306      a_ia      1206                           -0.00274613         2
    1027       -0.00135686      a_ia      1027                           -0.00542745         4
     598        0.00088678      a_ia       598                            0.00177356         2
     942        0.00086756      a_ia       942                            0.00173512         2

  ==> Add operator: a_ia 1155
  ==> Current qubit order: 0  1  2  3  4  5  6  7  8  9  10  11  12  13  14  15  17  18  19  22  23  24  25  26  27  32  33  40  41  44  46  34  45  42  52  47  53  55  48  43  37  49  54  28  35  29  57  56  21  79  20  66  16  91  67  87  58  61  60  59  51  69  62  70  86  72  73  71  63  31  74  75  68  65  64  77  85  39  80  36  76  50  30  78  38  90  81  83  82  84  88  89  92  93  94  95  


  ==> Energy                -256.192913953
  ==> dE                       -7.86e-06
  ==> Gradient Norm             2.83e-01
  ==> Abs. Max. Deriv.          2.96e-02
  ==> Time-Grad. (s)             217.487
  ==> Time-Energy (s)             34.781
  ==> Time-Iter. (s)             253.316

--------------------------------------------------------------------------------
CEO-ADAPT-VQE iteration: 277
--------------------------------------------------------------------------------
    gate        derivative      name       op1       op2       op3        g_unscaled   penalty
    1159       -0.00309099      a_ia      1159                           -0.00618197         2
    1025        0.00233179      a_ia      1025                            0.00466359         2
    1387       -0.00175463      a_ia      1387                           -0.00350927         2
    1203        0.00174330      a_ia      1203                            0.00348660         2
    1226        0.00144582      a_ia      1226                            0.00289163         2
    1208       -0.00137533      a_ia      1208                           -0.00275066         2
    1029       -0.00134332      a_ia      1029                           -0.00537329         4
     599        0.00088013      a_ia       599                            0.00176027         2
     944        0.00086851      a_ia       944                            0.00173702         2
    1204       -0.00074704      a_ia      1204                           -0.00597634         8

  ==> Add operator: a_ia 1159
  ==> Current qubit order: 0  1  2  3  4  5  6  7  8  9  10  11  12  13  14  15  17  18  19  22  23  24  25  26  27  32  33  40  41  44  46  34  45  42  52  47  53  55  48  43  37  49  54  28  35  29  57  56  21  79  20  66  16  91  67  87  58  61  60  59  51  69  62  70  86  72  73  71  63  31  74  75  68  65  64  77  85  39  80  36  76  50  30  78  38  90  81  83  82  84  88  89  92  93  94  95  


  ==> Energy                -256.192921671
  ==> dE                       -7.72e-06
  ==> Gradient Norm             2.91e-01
  ==> Abs. Max. Deriv.          2.96e-02
  ==> Time-Grad. (s)             138.236
  ==> Time-Energy (s)             30.776
  ==> Time-Iter. (s)             170.018

--------------------------------------------------------------------------------
CEO-ADAPT-VQE iteration: 278
--------------------------------------------------------------------------------
    gate        derivative      name       op1       op2       op3        g_unscaled   penalty
    1027        0.00235023      a_ia      1027                            0.00470046         2
    1390       -0.00177188      a_ia      1390                           -0.00354376         2
    1205        0.00170341      a_ia      1205                            0.00340683         2
    1228        0.00138753      a_ia      1228                            0.00277507         2
    1210       -0.00137964      a_ia      1210                           -0.00275928         2
    1031       -0.00136615      a_ia      1031                           -0.00546458         4
     946        0.00087763      a_ia       946                            0.00175525         2
     601        0.00087505      a_ia       601                            0.00175009         2
    1173       -0.00076342      a_ia      1173                           -0.00152684         2
    1206       -0.00075122      a_ia      1206                           -0.00600978         8

  ==> Add operator: a_ia 1027
  ==> Current qubit order: 0  1  2  3  4  5  6  7  8  9  10  11  12  13  14  15  17  18  19  22  23  24  25  26  27  32  33  40  41  44  46  34  45  42  52  47  53  55  48  43  37  49  54  28  35  29  57  56  21  79  20  66  16  91  67  87  58  61  60  59  51  69  62  70  86  72  73  71  63  31  74  75  68  65  64  77  85  39  80  36  76  50  30  78  38  90  81  83  82  84  88  89  92  93  94  95  


  ==> Energy                -256.192926452
  ==> dE                       -4.78e-06
  ==> Gradient Norm             3.00e-01
  ==> Abs. Max. Deriv.          4.63e-02
  ==> Time-Grad. (s)             143.875
  ==> Time-Energy (s)             33.192
  ==> Time-Iter. (s)             178.091

--------------------------------------------------------------------------------
CEO-ADAPT-VQE iteration: 279
--------------------------------------------------------------------------------
    gate        derivative      name       op1       op2       op3        g_unscaled   penalty
    1391       -0.00175237      a_ia      1391                           -0.00350475         2
    1206        0.00173190      a_ia      1206                            0.00346380         2
    1229        0.00140077      a_ia      1229                            0.00280154         2
    1211       -0.00138398      a_ia      1211                           -0.00276795         2
    1031       -0.00137595      a_ia      1031                           -0.00550379         4
     946        0.00087702      a_ia       946                            0.00175405         2
     601        0.00086812      a_ia       601                            0.00173624         2
    1207       -0.00075336      a_ia      1207                           -0.00602690         8
    1174       -0.00074811      a_ia      1174                           -0.00149622         2
     992       -0.00058609      a_ia       992                           -0.00234436         4

  ==> Add operator: a_ia 1391
  ==> Current qubit order: 0  1  2  3  4  5  6  7  8  9  10  11  12  13  14  15  17  18  19  22  23  24  25  26  27  32  33  40  41  44  46  34  45  42  52  47  53  55  48  43  37  49  54  28  35  29  57  56  21  79  20  66  16  91  67  87  58  61  60  59  51  69  62  70  86  72  73  71  63  31  74  75  68  65  64  77  85  39  80  36  76  50  30  78  38  90  81  83  82  84  88  89  92  93  94  95  


  ==> Energy                -256.192933702
  ==> dE                       -7.25e-06
  ==> Gradient Norm             2.87e-01
  ==> Abs. Max. Deriv.          3.56e-02
  ==> Time-Grad. (s)             137.835
  ==> Time-Energy (s)             29.257
  ==> Time-Iter. (s)             168.078

--------------------------------------------------------------------------------
CEO-ADAPT-VQE iteration: 280
--------------------------------------------------------------------------------
    gate        derivative      name       op1       op2       op3        g_unscaled   penalty
    1206        0.00176123      a_ia      1206                            0.00352247         2
    1229        0.00144871      a_ia      1229                            0.00289743         2
    1211       -0.00138397      a_ia      1211                           -0.00276794         2
    1031       -0.00135654      a_ia      1031                           -0.00542615         4
     946        0.00085886      a_ia       946                            0.00171772         2
     601        0.00081964      a_ia       601                            0.00163928         2
    1207       -0.00075767      a_ia      1207                           -0.00606139         8
    1174       -0.00072726      a_ia      1174                           -0.00145453         2
     992       -0.00058708      a_ia       992                           -0.00234832         4
    1461       -0.00042055      a_ia      1461                           -0.00084111         2

  ==> Add operator: a_ia 1206
  ==> Current qubit order: 0  1  2  3  4  5  6  7  8  9  10  11  12  13  14  15  17  18  19  22  23  24  25  26  27  32  33  40  41  44  46  34  45  42  52  47  53  55  48  43  37  49  54  28  35  29  57  56  21  79  20  66  16  91  67  87  58  61  60  59  51  69  62  70  86  72  73  71  63  31  74  75  68  65  64  77  85  39  80  36  76  50  30  78  38  90  81  83  82  84  88  89  92  93  94  95  


  ==> Energy                -256.192938022
  ==> dE                       -4.32e-06
  ==> Gradient Norm             2.80e-01
  ==> Abs. Max. Deriv.          3.50e-02
  ==> Time-Grad. (s)             135.167
  ==> Time-Energy (s)             27.558
  ==> Time-Iter. (s)             163.763

--------------------------------------------------------------------------------
CEO-ADAPT-VQE iteration: 281
--------------------------------------------------------------------------------
    gate        derivative      name       op1       op2       op3        g_unscaled   penalty
    1229        0.00138829      a_ia      1229                            0.00277658         2
    1031       -0.00138448      a_ia      1031                           -0.00553792         4
    1211       -0.00138408      a_ia      1211                           -0.00276816         2
     946        0.00085195      a_ia       946                            0.00170390         2
     601        0.00082302      a_ia       601                            0.00164605         2
    1207       -0.00076459      a_ia      1207                           -0.00611676         8
    1174       -0.00074880      a_ia      1174                           -0.00149759         2
     992       -0.00058527      a_ia       992                           -0.00234108         4
    1206       -0.00054625      a_ia      1206                           -0.00109249         2
    1461       -0.00042330      a_ia      1461                           -0.00084659         2

  ==> Add operator: a_ia 1229
  ==> Current qubit order: 0  1  2  3  4  5  6  7  8  9  10  11  12  13  14  15  17  18  19  22  23  24  25  26  27  32  33  40  41  44  46  34  45  42  52  47  53  55  48  43  37  49  54  28  35  29  57  56  21  79  20  66  16  91  67  87  58  61  60  59  51  69  62  70  86  72  73  71  63  31  74  75  68  65  64  77  85  39  80  36  76  50  30  78  38  90  81  83  82  84  88  89  92  93  94  95  


  ==> Energy                -256.192940035
  ==> dE                       -2.01e-06
  ==> Gradient Norm             2.90e-01
  ==> Abs. Max. Deriv.          3.97e-02
  ==> Time-Grad. (s)             145.605
  ==> Time-Energy (s)             36.352
  ==> Time-Iter. (s)             182.956

--------------------------------------------------------------------------------
CEO-ADAPT-VQE iteration: 282
--------------------------------------------------------------------------------
    gate        derivative      name       op1       op2       op3        g_unscaled   penalty
    1032       -0.00139632      a_ia      1032                           -0.00558529         4
    1212       -0.00137831      a_ia      1212                           -0.00275662         2
     947        0.00083898      a_ia       947                            0.00167797         2
     601        0.00082419      a_ia       601                            0.00164837         2
    1175       -0.00076989      a_ia      1175                           -0.00153978         2
    1208       -0.00076223      a_ia      1208                           -0.00609785         8
    1207       -0.00058572      a_ia      1207                           -0.00117145         2
     993       -0.00058408      a_ia       993                           -0.00233632         4
    1462       -0.00042370      a_ia      1462                           -0.00084740         2
    1393        0.00040915      a_ia      1393                            0.00163659         4

  ==> Add operator: a_ia 1032
  ==> Current qubit order: 0  1  2  3  4  5  6  7  8  9  10  11  12  13  14  15  17  18  19  22  23  24  25  26  27  32  33  40  41  44  46  34  45  42  52  47  53  55  48  43  37  49  54  28  35  29  57  56  21  79  20  66  16  91  67  87  58  61  60  59  51  69  62  70  86  72  73  63  71  31  74  75  68  65  64  77  85  39  80  36  76  50  30  78  38  90  81  83  82  84  88  89  92  93  94  95  


  ==> Energy                -256.192946426
  ==> dE                       -6.39e-06
  ==> Gradient Norm             2.82e-01
  ==> Abs. Max. Deriv.          4.84e-02
  ==> Time-Grad. (s)             140.287
  ==> Time-Energy (s)             32.451
  ==> Time-Iter. (s)             173.746

--------------------------------------------------------------------------------
CEO-ADAPT-VQE iteration: 283
--------------------------------------------------------------------------------
    gate        derivative      name       op1       op2       op3        g_unscaled   penalty
    1215       -0.00138222      a_ia      1215                           -0.00276444         2
     950        0.00085077      a_ia       950                            0.00170153         2
     601        0.00081609      a_ia       601                            0.00163218         2
    1211       -0.00076784      a_ia      1211                           -0.00614275         8
    1178       -0.00074043      a_ia      1178                           -0.00148086         2
     996       -0.00058456      a_ia       996                           -0.00233825         4
    1210       -0.00051948      a_ia      1210                           -0.00103896         2
    1465       -0.00042380      a_ia      1465                           -0.00084759         2
    1396        0.00042064      a_ia      1396                            0.00168257         4
    1036        0.00037347      a_ia      1036                            0.00224084         6

  ==> Add operator: a_ia 1215
  ==> Current qubit order: 0  1  2  3  4  5  6  7  8  9  10  11  12  13  14  15  17  18  19  22  23  24  25  26  27  32  33  40  41  44  46  34  45  42  52  47  53  55  48  43  37  49  54  28  35  29  57  56  21  79  20  66  16  91  67  87  58  61  60  59  51  69  62  70  86  72  73  63  71  31  74  75  68  65  64  77  85  39  80  36  76  50  30  78  38  90  81  83  82  84  88  89  92  93  94  95  


  ==> Energy                -256.192947861
  ==> dE                       -1.43e-06
  ==> Gradient Norm             2.78e-01
  ==> Abs. Max. Deriv.          2.53e-02
  ==> Time-Grad. (s)             140.369
  ==> Time-Energy (s)             33.147
  ==> Time-Iter. (s)             174.512

--------------------------------------------------------------------------------
CEO-ADAPT-VQE iteration: 284
--------------------------------------------------------------------------------
    gate        derivative      name       op1       op2       op3        g_unscaled   penalty
     950        0.00084898      a_ia       950                            0.00169796         2
     601        0.00081809      a_ia       601                            0.00163617         2
    1212       -0.00076385      a_ia      1212                           -0.00611079         8
    1179       -0.00074250      a_ia      1179                           -0.00148499         2
     997       -0.00057800      a_ia       997                           -0.00231200         4
    1211       -0.00051902      a_ia      1211                           -0.00103804         2
    1466       -0.00042291      a_ia      1466                           -0.00084582         2
    1397        0.00042064      a_ia      1397                            0.00168256         4
   88071        0.00041126        op     37219     37220                  0.03413428        83
    1036       -0.00037488      a_ia      1036                           -0.00074976         2

  ==> Add operator: a_ia 950
  ==> Current qubit order: 0  1  2  3  4  5  6  7  8  9  10  11  12  13  14  15  17  18  19  22  23  24  25  26  27  32  33  40  41  44  46  34  45  42  52  47  53  55  48  43  37  49  54  28  35  29  57  56  21  79  20  66  16  91  67  87  58  61  60  59  51  69  62  70  86  72  73  63  71  31  74  75  68  65  64  77  85  39  80  36  76  50  30  78  38  90  81  83  82  84  88  89  92  93  94  95  


  ==> Energy                -256.192948699
  ==> dE                       -8.38e-07
  ==> Gradient Norm             2.89e-01
  ==> Abs. Max. Deriv.          3.47e-02
  ==> Time-Grad. (s)             141.298
  ==> Time-Energy (s)             31.024
  ==> Time-Iter. (s)             173.328

--------------------------------------------------------------------------------
CEO-ADAPT-VQE iteration: 285
--------------------------------------------------------------------------------
    gate        derivative      name       op1       op2       op3        g_unscaled   penalty
     601        0.00080807      a_ia       601                            0.00161614         2
    1212       -0.00076506      a_ia      1212                           -0.00612051         8
    1179       -0.00075157      a_ia      1179                           -0.00150313         2
     997       -0.00057790      a_ia       997                           -0.00231160         4
    1211       -0.00052298      a_ia      1211                           -0.00104595         2
    1397        0.00042685      a_ia      1397                            0.00170739         4
    1466       -0.00042290      a_ia      1466                           -0.00084581         2
    1036       -0.00038026      a_ia      1036                           -0.00076052         2
    1037        0.00037606      a_ia      1037                            0.00225635         6
     951       -0.00035782      a_ia       951                           -0.00286260         8

  ==> Add operator: a_ia 601
  ==> Current qubit order: 0  1  2  3  4  5  6  7  8  9  10  11  12  13  14  15  17  18  19  22  23  24  25  26  27  32  33  40  41  44  46  34  45  42  52  47  53  55  48  43  37  49  54  28  35  29  57  56  21  79  20  66  16  91  67  87  58  61  60  59  51  69  62  70  86  72  73  63  71  31  74  75  68  65  64  77  85  39  80  36  76  50  30  78  38  90  81  83  82  84  88  89  92  93  94  95  


  ==> Energy                -256.192949556
  ==> dE                       -8.57e-07
  ==> Gradient Norm             2.94e-01
  ==> Abs. Max. Deriv.          2.53e-02
  ==> Time-Grad. (s)             139.361
  ==> Time-Energy (s)             27.659
  ==> Time-Iter. (s)             168.015

--------------------------------------------------------------------------------
CEO-ADAPT-VQE iteration: 286
--------------------------------------------------------------------------------
    gate        derivative      name       op1       op2       op3        g_unscaled   penalty
    1214       -0.00076476      a_ia      1214                           -0.00611807         8
    1181       -0.00074805      a_ia      1181                           -0.00149610         2
     998       -0.00057752      a_ia       998                           -0.00231008         4
    1213       -0.00052149      a_ia      1213                           -0.00104298         2
    1399        0.00043289      a_ia      1399                            0.00173156         4
    1469       -0.00042292      a_ia      1469                           -0.00084584         2
    1037       -0.00037726      a_ia      1037                           -0.00075453         2
    1038        0.00037674      a_ia      1038                            0.00226044         6
     952       -0.00036006      a_ia       952                           -0.00288050         8
    1671        0.00035662      a_ia      1671                            0.00142648         4

  ==> Add operator: a_ia 1214
  ==> Current qubit order: 0  1  2  3  4  5  6  7  8  9  10  11  12  13  14  15  17  18  19  22  23  24  25  26  27  32  33  40  41  44  46  34  45  42  52  47  53  55  48  43  37  49  54  28  35  29  57  56  21  79  20  66  16  91  67  87  58  61  60  59  51  69  62  70  86  72  73  63  71  31  74  75  68  65  64  77  85  39  80  36  76  50  30  78  90  81  83  38  82  84  88  89  92  93  94  95  


  ==> Energy                -256.192957147
  ==> dE                       -7.59e-06
  ==> Gradient Norm             2.96e-01
  ==> Abs. Max. Deriv.          3.84e-02
  ==> Time-Grad. (s)             221.199
  ==> Time-Energy (s)             28.410
  ==> Time-Iter. (s)             250.604

--------------------------------------------------------------------------------
CEO-ADAPT-VQE iteration: 287
--------------------------------------------------------------------------------
    gate        derivative      name       op1       op2       op3        g_unscaled   penalty
    1184       -0.00075654      a_ia      1184                           -0.00151307         2
    1472       -0.00043011      a_ia      1472                           -0.00086022         2
    1402        0.00042801      a_ia      1402                            0.00171204         4
    1038       -0.00040145      a_ia      1038                           -0.00080290         2
    1838        0.00037119      a_ia      1838                            0.00074239         2
    1039        0.00036326      a_ia      1039                            0.00217956         6
     953       -0.00035951      a_ia       953                           -0.00287609         8
    1379       -0.00035738      a_ia      1379                           -0.00285904         8
    1478       -0.00035714      a_ia      1478                           -0.00214281         6
    1675        0.00035695      a_ia      1675                            0.00142781         4

  ==> Add operator: a_ia 1184
  ==> Current qubit order: 0  1  2  3  4  5  6  7  8  9  10  11  12  13  14  15  17  18  19  22  23  24  25  26  27  32  33  40  41  44  46  34  45  42  52  47  53  55  48  43  37  49  54  28  35  29  57  56  21  79  20  66  16  91  67  87  58  61  60  59  51  69  62  70  86  72  73  63  71  31  74  75  68  65  64  77  85  39  80  36  76  50  30  78  90  81  83  38  82  84  88  89  92  93  94  95  


  ==> Energy                -256.192958411
  ==> dE                       -1.26e-06
  ==> Gradient Norm             2.87e-01
  ==> Abs. Max. Deriv.          4.88e-02
  ==> Time-Grad. (s)             138.345
  ==> Time-Energy (s)             38.006
  ==> Time-Iter. (s)             177.399

--------------------------------------------------------------------------------
CEO-ADAPT-VQE iteration: 288
--------------------------------------------------------------------------------
    gate        derivative      name       op1       op2       op3        g_unscaled   penalty
    1405        0.00043099      a_ia      1405                            0.00172396         4
    1475       -0.00043011      a_ia      1475                           -0.00086023         2
    1040       -0.00038047      a_ia      1040                           -0.00076094         2
    1841        0.00037121      a_ia      1841                            0.00074242         2
    1294       -0.00036903      a_ia      1294                           -0.00073806         2
    1041        0.00036429      a_ia      1041                            0.00218574         6
     955       -0.00035894      a_ia       955                           -0.00287148         8
    1481       -0.00035714      a_ia      1481                           -0.00214283         6
    1678        0.00035696      a_ia      1678                            0.00142784         4
    1382       -0.00034953      a_ia      1382                           -0.00279621         8

  ==> Add operator: a_ia 1405
  ==> Current qubit order: 0  1  2  3  4  5  6  7  8  9  10  11  12  13  14  15  17  18  19  22  23  24  25  26  27  32  33  40  41  44  46  34  45  42  52  53  47  55  48  43  37  49  54  28  35  29  57  56  21  79  20  66  16  91  67  87  58  61  60  59  51  69  62  70  86  72  73  63  71  31  74  75  68  65  64  77  85  39  80  36  76  50  30  78  90  81  83  38  82  84  88  89  92  93  94  95  


  ==> Energy                -256.192960218
  ==> dE                       -1.81e-06
  ==> Gradient Norm             2.87e-01
  ==> Abs. Max. Deriv.          3.89e-02
  ==> Time-Grad. (s)             153.776
  ==> Time-Energy (s)             33.277
  ==> Time-Iter. (s)             188.046

--------------------------------------------------------------------------------
CEO-ADAPT-VQE iteration: 289
--------------------------------------------------------------------------------
    gate        derivative      name       op1       op2       op3        g_unscaled   penalty
    1478       -0.00043012      a_ia      1478                           -0.00086024         2
    1042       -0.00040086      a_ia      1042                           -0.00080172         2
    1844        0.00037120      a_ia      1844                            0.00074241         2
    1043        0.00036371      a_ia      1043                            0.00218224         6
    1385       -0.00035905      a_ia      1385                           -0.00287242         8
     957       -0.00035722      a_ia       957                           -0.00285773         8
    1484       -0.00035711      a_ia      1484                           -0.00214266         6
    1681        0.00035695      a_ia      1681                            0.00142781         4
     954        0.00034270      a_ia       954                            0.00342700        10
    1336       -0.00034253      a_ia      1336                           -0.00068505         2

  ==> Add operator: a_ia 1478
  ==> Current qubit order: 0  1  2  3  4  5  6  7  8  9  10  11  12  13  14  15  17  18  19  22  23  24  25  26  27  32  33  40  41  44  46  34  45  42  52  53  47  55  48  43  37  49  54  28  35  29  57  56  21  79  20  66  16  91  67  87  58  61  60  59  51  69  62  70  86  72  73  63  71  31  74  75  68  65  64  77  85  39  80  36  76  50  30  78  90  81  83  38  82  84  88  89  92  93  94  95  


  ==> Energy                -256.192964255
  ==> dE                       -4.04e-06
  ==> Gradient Norm             2.87e-01
  ==> Abs. Max. Deriv.          3.27e-02
  ==> Time-Grad. (s)             166.152
  ==> Time-Energy (s)             30.905
  ==> Time-Iter. (s)             198.036

--------------------------------------------------------------------------------
CEO-ADAPT-VQE iteration: 290
--------------------------------------------------------------------------------
    gate        derivative      name       op1       op2       op3        g_unscaled   penalty
   88561       -0.00043722        op     37357     37358                 -0.03978696        91
    1045       -0.00040140      a_ia      1045                           -0.00080280         2
    1847        0.00037099      a_ia      1847                            0.00074198         2
    1046        0.00036372      a_ia      1046                            0.00218231         6
    1388       -0.00035914      a_ia      1388                           -0.00287316         8
     960       -0.00035724      a_ia       960                           -0.00285789         8
    1684        0.00035714      a_ia      1684                            0.00142858         4
    1487       -0.00035678      a_ia      1487                           -0.00214069         6
     957        0.00034271      a_ia       957                            0.00342705        10
    1339       -0.00034255      a_ia      1339                           -0.00068509         2

  ==> Add operator: mvp2 -1: 37357 37358
  ==> Current qubit order: 0  1  2  3  4  5  6  7  8  9  10  11  12  13  14  15  17  18  19  22  23  24  25  26  27  32  33  40  41  44  46  34  45  42  52  53  47  55  48  43  37  49  54  28  35  29  57  56  21  79  20  66  16  91  67  87  58  61  60  59  69  62  70  86  72  73  63  71  31  74  75  68  65  64  77  85  80  51  39  30  92  36  76  50  78  90  81  83  38  82  84  88  89  93  94  95  


  ==> Energy                -256.193439387
  ==> dE                       -4.75e-04
  ==> Gradient Norm             2.95e-01
  ==> Abs. Max. Deriv.          3.98e-02
  ==> Time-Grad. (s)             149.220
  ==> Time-Energy (s)             60.021
  ==> Time-Iter. (s)             210.237

--------------------------------------------------------------------------------
CEO-ADAPT-VQE iteration: 291
--------------------------------------------------------------------------------
    gate        derivative      name       op1       op2       op3        g_unscaled   penalty
    1032       -0.00159180      a_ia      1032                           -0.00318359         2
    1237        0.00147039      a_ia      1237                            0.00294077         2
    1507        0.00083177      a_ia      1507                            0.00332710         4
    1484        0.00065227      a_ia      1484                            0.00130453         2
    1489       -0.00054432      a_ia      1489                           -0.00217727         4
    1007        0.00050240      a_ia      1007                            0.00200960         4
    1047       -0.00041945      a_ia      1047                           -0.00083890         2
    1850        0.00037311      a_ia      1850                            0.00074622         2
   88396       -0.00036881        op     37382     37383                 -0.01438367        39
    1390       -0.00036441      a_ia      1390                           -0.00291527         8

  ==> Add operator: a_ia 1032
  ==> Current qubit order: 0  1  2  3  4  5  6  7  8  9  10  11  12  13  14  15  17  18  19  22  23  24  25  26  27  32  33  40  41  44  46  34  45  42  52  53  47  55  48  43  37  49  54  28  35  29  57  56  21  79  20  66  16  91  67  87  58  61  60  59  69  62  70  86  72  73  63  71  31  74  75  68  65  64  77  85  80  51  39  30  92  36  76  50  78  90  81  83  38  82  84  88  89  93  94  95  


  ==> Energy                -256.193440979
  ==> dE                       -1.59e-06
  ==> Gradient Norm             2.86e-01
  ==> Abs. Max. Deriv.          2.52e-02
  ==> Time-Grad. (s)             221.890
  ==> Time-Energy (s)             31.697
  ==> Time-Iter. (s)             254.547

--------------------------------------------------------------------------------
CEO-ADAPT-VQE iteration: 292
--------------------------------------------------------------------------------
    gate        derivative      name       op1       op2       op3        g_unscaled   penalty
    1239        0.00143939      a_ia      1239                            0.00287877         2
    1510        0.00083184      a_ia      1510                            0.00332737         4
    1487        0.00065198      a_ia      1487                            0.00130396         2
    1492       -0.00054427      a_ia      1492                           -0.00217709         4
    1009        0.00050250      a_ia      1009                            0.00201002         4
    1049       -0.00040520      a_ia      1049                           -0.00081039         2
    1854        0.00037332      a_ia      1854                            0.00074665         2
    1393       -0.00036246      a_ia      1393                           -0.00289969         8
    1050        0.00036193      a_ia      1050                            0.00217159         6
    1500       -0.00036160      a_ia      1500                           -0.00361598        10

  ==> Add operator: a_ia 1239
  ==> Current qubit order: 0  1  2  3  4  5  6  7  8  9  10  11  12  13  14  15  17  18  19  22  23  24  25  26  27  32  33  40  41  44  46  34  45  42  52  53  47  55  48  43  37  49  54  28  35  29  57  56  21  79  20  66  16  91  67  87  58  61  60  59  69  62  70  86  72  73  63  71  31  74  75  68  65  64  77  85  80  51  39  30  92  36  76  50  78  90  81  83  38  82  84  88  89  93  94  95  


  ==> Energy                -256.193446754
  ==> dE                       -5.77e-06
  ==> Gradient Norm             2.87e-01
  ==> Abs. Max. Deriv.          3.28e-02
  ==> Time-Grad. (s)             138.496
  ==> Time-Energy (s)             32.671
  ==> Time-Iter. (s)             172.141

--------------------------------------------------------------------------------
CEO-ADAPT-VQE iteration: 293
--------------------------------------------------------------------------------
    gate        derivative      name       op1       op2       op3        g_unscaled   penalty
    1513        0.00082380      a_ia      1513                            0.00329520         4
    1490        0.00064177      a_ia      1490                            0.00128355         2
    1308       -0.00058811      a_ia      1308                           -0.00117621         2
    1495       -0.00054390      a_ia      1495                           -0.00217561         4
    1012        0.00050281      a_ia      1012                            0.00201126         4
    1233        0.00040829      a_ia      1233                            0.00163317         4
   87564        0.00037731        om     36818     36819                  0.01245118        33
    1857        0.00037346      a_ia      1857                            0.00074693         2
    1503       -0.00036345      a_ia      1503                           -0.00363451        10
    1053        0.00035922      a_ia      1053                            0.00215535         6

  ==> Add operator: a_ia 1513
  ==> Current qubit order: 0  1  2  3  4  5  6  7  8  9  10  11  12  13  14  15  17  18  19  22  23  24  25  26  27  32  33  40  41  44  46  34  45  42  52  53  47  55  48  43  37  49  54  28  35  29  57  56  21  79  20  66  16  91  67  87  58  61  60  59  69  62  70  86  72  73  63  71  31  74  75  68  65  64  77  80  85  51  39  30  92  36  76  50  78  90  81  83  38  82  84  88  89  93  94  95  


  ==> Energy                -256.193513423
  ==> dE                       -6.67e-05
  ==> Gradient Norm             2.94e-01
  ==> Abs. Max. Deriv.          2.92e-02
  ==> Time-Grad. (s)             142.374
  ==> Time-Energy (s)             30.739
  ==> Time-Iter. (s)             174.116

--------------------------------------------------------------------------------
CEO-ADAPT-VQE iteration: 294
--------------------------------------------------------------------------------
    gate        derivative      name       op1       op2       op3        g_unscaled   penalty
    1491        0.00066301      a_ia      1491                            0.00132601         2
    1309       -0.00058540      a_ia      1309                           -0.00117080         2
    1496       -0.00054690      a_ia      1496                           -0.00218760         4
    1243       -0.00050412      a_ia      1243                           -0.00100825         2
    1012        0.00050252      a_ia      1012                            0.00201009         4
    1234        0.00043378      a_ia      1234                            0.00173511         4
    1858        0.00037410      a_ia      1858                            0.00074821         2
    1254        0.00037101      a_ia      1254                            0.02151859        58
    1504       -0.00036153      a_ia      1504                           -0.00361531        10
    1695        0.00035880      a_ia      1695                            0.00143519         4

  ==> Add operator: a_ia 1491
  ==> Current qubit order: 0  1  2  3  4  5  6  7  8  9  10  11  12  13  14  15  17  18  19  22  23  24  25  26  27  32  33  40  41  44  46  34  45  42  52  53  47  55  48  43  37  49  54  28  35  29  57  56  21  79  20  66  16  91  67  87  58  61  60  59  69  62  70  86  72  73  63  71  31  74  75  68  65  64  77  80  85  51  39  30  92  36  76  50  78  90  81  83  38  82  84  88  89  93  94  95  


  ==> Energy                -256.193523605
  ==> dE                       -1.02e-05
  ==> Gradient Norm             2.86e-01
  ==> Abs. Max. Deriv.          2.53e-02
  ==> Time-Grad. (s)             139.332
  ==> Time-Energy (s)             31.628
  ==> Time-Iter. (s)             171.949

--------------------------------------------------------------------------------
CEO-ADAPT-VQE iteration: 295
--------------------------------------------------------------------------------
    gate        derivative      name       op1       op2       op3        g_unscaled   penalty
    1311       -0.00058865      a_ia      1311                           -0.00117729         2
    1245       -0.00054541      a_ia      1245                           -0.00109082         2
    1498       -0.00054509      a_ia      1498                           -0.00218035         4
    1236        0.00053335      a_ia      1236                            0.00213339         4
    1014        0.00050178      a_ia      1014                            0.00200714         4
    1862        0.00039347      a_ia      1862                            0.00078694         2
    1256        0.00037145      a_ia      1256                            0.02154431        58
    1506       -0.00036088      a_ia      1506                           -0.00360884        10
    1698        0.00035928      a_ia      1698                            0.00143712         4
    1055        0.00035386      a_ia      1055                            0.00212313         6

  ==> Add operator: a_ia 1311
  ==> Current qubit order: 0  1  2  3  4  5  6  7  8  9  10  11  12  13  14  15  17  18  19  22  23  24  25  26  27  32  33  40  41  44  46  34  45  42  52  53  47  55  48  43  37  49  54  28  35  29  57  56  21  79  20  66  16  91  67  87  58  61  60  59  69  62  70  86  72  73  63  71  31  74  75  68  65  64  77  80  85  51  39  30  92  36  76  50  78  90  81  83  38  82  84  88  89  93  94  95  


  ==> Energy                -256.193523927
  ==> dE                       -3.21e-07
  ==> Gradient Norm             2.84e-01
  ==> Abs. Max. Deriv.          2.52e-02
  ==> Time-Grad. (s)             140.334
  ==> Time-Energy (s)             29.307
  ==> Time-Iter. (s)             170.629

--------------------------------------------------------------------------------
CEO-ADAPT-VQE iteration: 296
--------------------------------------------------------------------------------
    gate        derivative      name       op1       op2       op3        g_unscaled   penalty
    1500       -0.00054510      a_ia      1500                           -0.00218041         4
    1238        0.00052522      a_ia      1238                            0.00210088         4
    1016        0.00050172      a_ia      1016                            0.00200688         4
    1247       -0.00049861      a_ia      1247                           -0.00099723         2
    1865        0.00039345      a_ia      1865                            0.00078690         2
    1258        0.00037120      a_ia      1258                            0.02152948        58
    1508       -0.00036089      a_ia      1508                           -0.00360886        10
    1700        0.00035928      a_ia      1700                            0.00143710         4
    1057        0.00035391      a_ia      1057                            0.00212347         6
     971       -0.00035145      a_ia       971                           -0.00281156         8

  ==> Add operator: a_ia 1500
  ==> Current qubit order: 0  1  2  3  4  5  6  7  8  9  10  11  12  13  14  15  17  18  19  22  23  24  25  26  27  32  33  40  41  44  46  34  45  42  52  53  47  55  48  43  37  49  54  28  35  29  57  56  21  79  20  66  16  91  67  87  58  61  60  59  69  62  70  86  72  73  63  71  31  74  75  68  65  64  77  80  85  51  39  30  92  36  76  78  50  90  81  83  38  82  84  88  89  93  94  95  


  ==> Energy                -256.193551420
  ==> dE                       -2.75e-05
  ==> Gradient Norm             2.82e-01
  ==> Abs. Max. Deriv.          3.53e-02
  ==> Time-Grad. (s)             215.023
  ==> Time-Energy (s)             30.073
  ==> Time-Iter. (s)             246.098

--------------------------------------------------------------------------------
CEO-ADAPT-VQE iteration: 297
--------------------------------------------------------------------------------
    gate        derivative      name       op1       op2       op3        g_unscaled   penalty
    1239        0.00052453      a_ia      1239                            0.00209810         4
    1017        0.00051342      a_ia      1017                            0.00205368         4
    1248       -0.00050351      a_ia      1248                           -0.00100702         2
    1259        0.00037139      a_ia      1259                            0.02154061        58
    1509       -0.00036159      a_ia      1509                           -0.00361588        10
    1701        0.00035647      a_ia      1701                            0.00142587         4
    1058        0.00035307      a_ia      1058                            0.00211843         6
     972       -0.00035144      a_ia       972                           -0.00281151         8
    1353       -0.00034410      a_ia      1353                           -0.00068819         2
     785       -0.00034032      a_ia       785                           -0.00476454        14

  ==> Add operator: a_ia 1239
  ==> Current qubit order: 0  1  2  3  4  5  6  7  8  9  10  11  12  13  14  15  17  18  19  22  23  24  25  26  27  32  33  40  41  44  46  34  45  42  52  53  47  55  48  43  37  49  54  28  35  29  57  56  21  79  20  66  16  91  67  87  58  61  60  59  69  62  70  86  72  73  63  71  31  74  75  68  65  64  77  80  85  51  39  30  92  36  76  78  50  90  81  83  82  38  84  88  89  93  94  95  


  ==> Energy                -256.193552936
  ==> dE                       -1.52e-06
  ==> Gradient Norm             2.88e-01
  ==> Abs. Max. Deriv.          3.30e-02
  ==> Time-Grad. (s)             146.791
  ==> Time-Energy (s)             31.733
  ==> Time-Iter. (s)             179.537

--------------------------------------------------------------------------------
CEO-ADAPT-VQE iteration: 298
--------------------------------------------------------------------------------
    gate        derivative      name       op1       op2       op3        g_unscaled   penalty
    1017        0.00051343      a_ia      1017                            0.00205373         4
    1241        0.00050216      a_ia      1241                            0.00200865         4
   88724        0.00044026        om     37703     37704                  0.03389978        77
    1248       -0.00043792      a_ia      1248                           -0.00087584         2
    1259        0.00037032      a_ia      1259                            0.02147843        58
    1510       -0.00036156      a_ia      1510                           -0.00361562        10
    1703        0.00035646      a_ia      1703                            0.00142585         4
     972       -0.00035184      a_ia       972                           -0.00281476         8
    1058        0.00034584      a_ia      1058                            0.00207503         6
    1353       -0.00034413      a_ia      1353                           -0.00068826         2

  ==> Add operator: a_ia 1017
  ==> Current qubit order: 0  1  2  3  4  5  6  7  8  9  10  11  12  13  14  15  17  18  19  22  23  24  25  26  27  32  33  40  41  44  46  34  45  42  52  53  47  55  48  43  37  49  54  28  35  29  57  56  21  79  20  66  16  91  67  87  58  61  60  59  69  62  70  86  72  73  63  71  31  74  75  68  65  64  77  80  85  51  39  92  30  36  76  78  50  90  81  83  82  38  84  88  89  93  94  95  


  ==> Energy                -256.193645876
  ==> dE                       -9.29e-05
  ==> Gradient Norm             2.89e-01
  ==> Abs. Max. Deriv.          3.39e-02
  ==> Time-Grad. (s)             140.055
  ==> Time-Energy (s)             31.103
  ==> Time-Iter. (s)             172.203

--------------------------------------------------------------------------------
CEO-ADAPT-VQE iteration: 299
--------------------------------------------------------------------------------
    gate        derivative      name       op1       op2       op3        g_unscaled   penalty
    1243        0.00049933      a_ia      1243                            0.00199734         4
    1250       -0.00042670      a_ia      1250                           -0.00085339         2
    1261        0.00037033      a_ia      1261                            0.02147924        58
    1512       -0.00036191      a_ia      1512                           -0.00361906        10
    1705        0.00035308      a_ia      1705                            0.00141231         4
     974       -0.00035265      a_ia       974                           -0.00282121         8
    1060        0.00035051      a_ia      1060                            0.00210307         6
     973        0.00034929      a_ia       973                            0.00069857         2
    1355       -0.00034514      a_ia      1355                           -0.00069029         2
     787       -0.00034035      a_ia       787                           -0.00476492        14

  ==> Add operator: a_ia 1243
  ==> Current qubit order: 0  1  2  3  4  5  6  7  8  9  10  11  12  13  14  15  17  18  19  22  23  24  25  26  27  32  33  40  41  44  46  34  45  42  52  53  47  55  48  43  37  49  54  28  35  29  57  56  21  79  20  66  16  91  67  87  58  61  60  59  69  62  70  86  72  73  63  71  31  74  75  68  65  64  77  80  85  51  39  92  30  36  76  78  50  90  81  83  82  84  38  88  89  93  94  95  


  ==> Energy                -256.193646616
  ==> dE                       -7.41e-07
  ==> Gradient Norm             2.91e-01
  ==> Abs. Max. Deriv.          3.37e-02
  ==> Time-Grad. (s)             136.462
  ==> Time-Energy (s)             27.131
  ==> Time-Iter. (s)             164.582

--------------------------------------------------------------------------------
CEO-ADAPT-VQE iteration: 300
--------------------------------------------------------------------------------
    gate        derivative      name       op1       op2       op3        g_unscaled   penalty
   89998        0.00068302        op     38760     38761                  0.02117371        31
   89999        0.00061988        om     38760     38761                  0.01921622        31
   38760        0.00042968    a_iajb     38760                            0.02019497        47
    1253       -0.00040387      a_ia      1253                           -0.00080775         2
    1264        0.00037017      a_ia      1264                            0.02146994        58
    1516       -0.00036186      a_ia      1516                           -0.00361856        10
    1709        0.00035310      a_ia      1709                            0.00141239         4
     976       -0.00035297      a_ia       976                           -0.00282374         8
    1062        0.00034980      a_ia      1062                            0.00209881         6
    1358       -0.00034514      a_ia      1358                           -0.00069029         2

  ==> Add operator: mvp2 -1: 38760 38761
  ==> Current qubit order: 0  1  2  3  4  5  6  7  8  9  10  11  12  13  14  15  17  18  19  22  23  24  25  26  27  32  33  40  41  44  46  34  45  42  52  53  47  55  48  43  37  49  54  28  35  29  57  56  21  79  20  66  16  91  67  87  58  61  60  59  69  62  70  86  72  73  63  71  31  74  75  68  65  64  77  85  80  51  39  36  92  30  76  78  50  90  81  83  82  84  38  88  89  93  94  95  


  ==> Energy                -256.193712888
  ==> dE                       -6.63e-05
  ==> Gradient Norm             2.86e-01
  ==> Abs. Max. Deriv.          2.52e-02
  ==> Time-Grad. (s)             139.704
  ==> Time-Energy (s)           1079.180
  ==> Time-Iter. (s)            1219.909

--------------------------------------------------------------------------------
CEO-ADAPT-VQE iteration: 301
--------------------------------------------------------------------------------
    gate        derivative      name       op1       op2       op3        g_unscaled   penalty
     977        0.00045386      a_ia       977                            0.00090771         2
    1004        0.00042173      a_ia      1004                            0.00084346         2
    1268        0.00037419      a_ia      1268                            0.02170326        58
    1520       -0.00036316      a_ia      1520                           -0.00363159        10
    1713        0.00035457      a_ia      1713                            0.00141829         4
     978       -0.00035262      a_ia       978                           -0.00282097         8
    1065        0.00034823      a_ia      1065                            0.00208938         6
    1362       -0.00034652      a_ia      1362                           -0.00069304         2
     791       -0.00033973      a_ia       791                           -0.00475626        14
    1412       -0.00033023      a_ia      1412                           -0.00264187         8

  ==> Add operator: a_ia 977
  ==> Current qubit order: 0  1  2  3  4  5  6  7  8  9  10  11  12  13  14  15  17  18  19  22  23  24  25  26  27  32  33  40  41  44  46  34  45  42  52  53  47  55  48  43  37  49  54  28  35  29  57  56  21  79  20  66  16  91  67  87  58  61  60  59  69  62  70  86  72  73  63  71  31  74  75  68  65  64  77  85  80  51  39  36  92  30  76  78  50  90  81  83  82  84  38  88  89  93  94  95  


  ==> Energy                -256.193712968
  ==> dE                       -7.97e-08
  ==> Gradient Norm             2.96e-01
  ==> Abs. Max. Deriv.          3.30e-02
  ==> Time-Grad. (s)             138.328
  ==> Time-Energy (s)             29.425
  ==> Time-Iter. (s)             168.789

--------------------------------------------------------------------------------
CEO-ADAPT-VQE iteration: 302
--------------------------------------------------------------------------------
    gate        derivative      name       op1       op2       op3        g_unscaled   penalty
    1005        0.00041916      a_ia      1005                            0.00083832         2
    1269        0.00037413      a_ia      1269                            0.02169953        58
    1521       -0.00036315      a_ia      1521                           -0.00363154        10
    1714        0.00035457      a_ia      1714                            0.00141828         4
     979       -0.00035370      a_ia       979                           -0.00282958         8
    1066        0.00034883      a_ia      1066                            0.00209299         6
    1363       -0.00034654      a_ia      1363                           -0.00069309         2
     791       -0.00033935      a_ia       791                           -0.00475096        14
    1413       -0.00033020      a_ia      1413                           -0.00264159         8
     976        0.00029988      a_ia       976                            0.00299877        10

  ==> Add operator: a_ia 1005
  ==> Current qubit order: 0  1  2  3  4  5  6  7  8  9  10  11  12  13  14  15  17  18  19  22  23  24  25  26  27  32  33  40  41  44  46  34  45  42  52  53  47  55  48  43  37  49  54  28  35  29  57  56  21  79  20  66  16  91  67  87  58  61  60  59  69  62  70  86  72  73  63  71  31  74  75  68  65  64  77  85  80  51  39  36  92  30  76  78  50  90  81  83  82  84  38  88  89  93  94  95  


  ==> Energy                -256.193713275
  ==> dE                       -3.07e-07
  ==> Gradient Norm             2.96e-01
  ==> Abs. Max. Deriv.          4.25e-02
  ==> Time-Grad. (s)             137.024
  ==> Time-Energy (s)             28.008
  ==> Time-Iter. (s)             166.029

--------------------------------------------------------------------------------
CEO-ADAPT-VQE iteration: 303
--------------------------------------------------------------------------------
    gate        derivative      name       op1       op2       op3        g_unscaled   penalty
   87741       -0.00041397        om     36919     36920                 -0.02028477        49
   87740       -0.00041170        op     36919     36920                 -0.02017310        49
   83289        0.00039157        om     33544     33545                  0.01057235        27
   83288        0.00039155        op     33544     33545                  0.01057185        27
    1271        0.00037401      a_ia      1271                            0.02169256        58
    1523       -0.00036316      a_ia      1523                           -0.00363164        10
     980       -0.00035772      a_ia       980                           -0.00286175         8
    1716        0.00035457      a_ia      1716                            0.00141829         4
    1067        0.00034841      a_ia      1067                            0.00209043         6
    1365       -0.00034654      a_ia      1365                           -0.00069308         2

  ==> Add operator: mvp2 -1: 36919 36920
  ==> Current qubit order: 0  1  2  3  4  5  6  7  8  9  10  11  12  13  14  15  17  18  19  22  23  24  25  26  27  32  33  40  41  44  46  34  45  42  52  53  48  43  37  47  55  54  28  49  35  29  57  56  21  79  20  66  16  91  67  87  58  61  60  59  69  62  70  86  72  73  63  71  31  74  75  68  65  64  77  85  80  51  39  36  92  30  76  78  50  90  81  83  82  84  38  88  89  93  94  95  


  ==> Energy                -256.193801591
  ==> dE                       -8.83e-05
  ==> Gradient Norm             2.88e-01
  ==> Abs. Max. Deriv.          3.33e-02
  ==> Time-Grad. (s)             137.713
  ==> Time-Energy (s)             66.746
  ==> Time-Iter. (s)             205.565

--------------------------------------------------------------------------------
CEO-ADAPT-VQE iteration: 304
--------------------------------------------------------------------------------
    gate        derivative      name       op1       op2       op3        g_unscaled   penalty
    1213       -0.00056579      a_ia      1213                           -0.00113159         2
    1324       -0.00047922      a_ia      1324                           -0.00287531         6
    1164        0.00042186      a_ia      1164                            0.00084372         2
     979        0.00039907      a_ia       979                            0.00079814         2
    1459        0.00038314      a_ia      1459                            0.00153257         4
    1271        0.00037409      a_ia      1271                            0.02169738        58
    1523       -0.00036319      a_ia      1523                           -0.00363195        10
    1716        0.00035453      a_ia      1716                            0.00141814         4
    1067        0.00034828      a_ia      1067                            0.00208971         6
    1365       -0.00034632      a_ia      1365                           -0.00069264         2

  ==> Add operator: a_ia 1213
  ==> Current qubit order: 0  1  2  3  4  5  6  7  8  9  10  11  12  13  14  15  17  18  19  22  23  24  25  26  27  32  33  40  41  44  46  34  45  42  52  53  48  43  37  47  55  54  28  49  35  29  57  56  21  79  20  66  16  91  67  87  58  61  60  59  69  62  70  86  72  73  63  71  31  74  75  68  65  64  77  85  80  51  39  36  92  30  76  78  50  90  81  83  82  84  38  88  89  93  94  95  


  ==> Energy                -256.193826680
  ==> dE                       -2.51e-05
  ==> Gradient Norm             2.93e-01
  ==> Abs. Max. Deriv.          2.52e-02
  ==> Time-Grad. (s)             134.741
  ==> Time-Energy (s)             26.187
  ==> Time-Iter. (s)             161.924

--------------------------------------------------------------------------------
CEO-ADAPT-VQE iteration: 305
--------------------------------------------------------------------------------
    gate        derivative      name       op1       op2       op3        g_unscaled   penalty
    1326       -0.00048685      a_ia      1326                           -0.00292113         6
   88280       -0.00048268        op     37229     37230                 -0.03233945        67
   88281       -0.00048245        om     37229     37230                 -0.03232422        67
    1461        0.00043498      a_ia      1461                            0.00173994         4
   91864        0.00040688        op     39975     39977                  0.01261321        31
   91865        0.00040688        op     39975     39977                  0.01261321        31
     981        0.00040473      a_ia       981                            0.00080945         2
    1166        0.00039377      a_ia      1166                            0.00078755         2
   37229       -0.00038954    a_iajb     37229                           -0.03233183        83
    1273        0.00037394      a_ia      1273                            0.02168879        58

  ==> Add operator: a_ia 1326
  ==> Current qubit order: 0  1  2  3  4  5  6  7  8  9  10  11  12  13  14  15  17  18  19  22  23  24  25  26  27  32  33  40  41  44  46  34  45  52  53  42  48  43  37  47  55  54  28  49  35  29  57  56  21  79  20  66  16  91  67  87  58  61  60  59  69  62  70  86  72  73  63  71  31  74  75  68  65  64  77  85  80  51  39  36  92  30  76  78  50  90  81  83  82  84  38  88  89  93  94  95  


  ==> Energy                -256.193832220
  ==> dE                       -5.54e-06
  ==> Gradient Norm             2.88e-01
  ==> Abs. Max. Deriv.          3.23e-02
  ==> Time-Grad. (s)             219.316
  ==> Time-Energy (s)             33.621
  ==> Time-Iter. (s)             253.928

--------------------------------------------------------------------------------
CEO-ADAPT-VQE iteration: 306
--------------------------------------------------------------------------------
    gate        derivative      name       op1       op2       op3        g_unscaled   penalty
    1265       -0.00048678      a_ia      1265                           -0.00097357         2
   88713        0.00042675        op     37761     37762                  0.02944565        69
   88714        0.00042675        op     37761     37762                  0.02944565        69
    1420       -0.00042356      a_ia      1420                           -0.00254135         6
    1144        0.00039706      a_ia      1144                            0.00158824         4
    1397        0.00039023      a_ia      1397                            0.00156091         4
    1276        0.00037589      a_ia      1276                            0.02180140        58
    1528       -0.00036350      a_ia      1528                           -0.00363504        10
    1169        0.00035883      a_ia      1169                            0.00071766         2
    1072        0.00035673      a_ia      1072                            0.00214040         6

  ==> Add operator: a_ia 1265
  ==> Current qubit order: 0  1  2  3  4  5  6  7  8  9  10  11  12  13  14  15  17  18  19  22  23  24  25  26  27  32  33  40  41  44  46  34  45  52  53  42  48  43  37  47  55  54  28  49  35  29  57  56  21  79  20  66  16  91  67  87  58  61  60  59  69  62  70  86  72  73  63  71  31  74  75  68  65  64  77  85  80  51  39  36  92  30  76  78  50  90  81  83  82  84  38  88  89  93  94  95  


  ==> Energy                -256.193832282
  ==> dE                       -6.14e-08
  ==> Gradient Norm             3.01e-01
  ==> Abs. Max. Deriv.          3.36e-02
  ==> Time-Grad. (s)             212.649
  ==> Time-Energy (s)             32.143
  ==> Time-Iter. (s)             245.802

--------------------------------------------------------------------------------
CEO-ADAPT-VQE iteration: 307
--------------------------------------------------------------------------------
    gate        derivative      name       op1       op2       op3        g_unscaled   penalty
   87318       -0.00051502        om     36708     36709                 -0.01802584        35
   87317       -0.00050223        op     36708     36709                 -0.01757794        35
    1421       -0.00042840      a_ia      1421                           -0.00257041         6
    1398        0.00039311      a_ia      1398                            0.00157244         4
    1145        0.00039140      a_ia      1145                            0.00156562         4
    1277        0.00037594      a_ia      1277                            0.02180435        58
    1170        0.00036940      a_ia      1170                            0.00073880         2
    1530       -0.00036333      a_ia      1530                           -0.00363332        10
    1073        0.00035699      a_ia      1073                            0.00214197         6
    1723        0.00035407      a_ia      1723                            0.00141627         4

  ==> Add operator: mvp2 -1: 36708 36709
  ==> Current qubit order: 0  1  2  3  4  5  6  7  8  9  10  11  12  13  14  15  17  18  19  22  23  24  25  26  27  32  33  40  41  44  46  34  45  52  53  42  48  43  37  55  54  47  28  49  56  35  29  57  21  79  20  66  16  91  67  87  58  61  60  59  69  62  70  86  72  73  63  71  31  74  75  68  65  64  77  85  80  51  39  36  92  30  76  78  50  90  81  83  82  84  38  88  89  93  94  95  


  ==> Energy                -256.193916353
  ==> dE                       -8.41e-05
  ==> Gradient Norm             2.89e-01
  ==> Abs. Max. Deriv.          3.47e-02
  ==> Time-Grad. (s)             226.683
  ==> Time-Energy (s)             67.668
  ==> Time-Iter. (s)             295.355

--------------------------------------------------------------------------------
CEO-ADAPT-VQE iteration: 308
--------------------------------------------------------------------------------
    gate        derivative      name       op1       op2       op3        g_unscaled   penalty
     989       -0.00073559      a_ia       989                           -0.00294234         4
    1226       -0.00059341      a_ia      1226                           -0.00118681         2
    1424       -0.00042963      a_ia      1424                           -0.00257777         6
    1401        0.00039192      a_ia      1401                            0.00156768         4
    1148        0.00039091      a_ia      1148                            0.00156364         4
    1280        0.00037587      a_ia      1280                            0.02180039        58
    1533       -0.00036332      a_ia      1533                           -0.00363322        10
    1076        0.00035659      a_ia      1076                            0.00213955         6
    1728        0.00035402      a_ia      1728                            0.00141608         4
    1374       -0.00034531      a_ia      1374                           -0.00069062         2

  ==> Add operator: a_ia 989
  ==> Current qubit order: 0  1  2  3  4  5  6  7  8  9  10  11  12  13  14  15  17  18  19  22  23  24  25  26  27  32  33  40  41  44  46  34  45  52  53  42  48  43  37  55  54  47  49  28  56  35  29  57  21  79  20  66  16  91  67  87  58  61  60  59  69  62  70  86  72  73  63  71  31  74  75  68  65  64  77  85  80  51  39  36  92  30  76  78  50  90  81  83  82  84  38  88  89  93  94  95  


  ==> Energy                -256.193919389
  ==> dE                       -3.04e-06
  ==> Gradient Norm             2.89e-01
  ==> Abs. Max. Deriv.          3.89e-02
  ==> Time-Grad. (s)             207.997
  ==> Time-Energy (s)             29.639
  ==> Time-Iter. (s)             238.606

--------------------------------------------------------------------------------
CEO-ADAPT-VQE iteration: 309
--------------------------------------------------------------------------------
    gate        derivative      name       op1       op2       op3        g_unscaled   penalty
    1226       -0.00060324      a_ia      1226                           -0.00120647         2
    1424       -0.00042411      a_ia      1424                           -0.00254468         6
    1444        0.00040694      a_ia      1444                            0.00081387         2
    1401        0.00039383      a_ia      1401                            0.00157534         4
    1148        0.00038570      a_ia      1148                            0.00154281         4
    1280        0.00037645      a_ia      1280                            0.02183393        58
   88250        0.00037005        om     37167     37168                  0.02479315        67
   88249        0.00036582        op     37167     37168                  0.02451002        67
    1533       -0.00036332      a_ia      1533                           -0.00363323        10
    1076        0.00035735      a_ia      1076                            0.00214413         6

  ==> Add operator: a_ia 1226
  ==> Current qubit order: 0  1  2  3  4  5  6  7  8  9  10  11  12  13  14  15  17  18  19  22  23  24  25  26  27  32  33  40  41  44  46  34  45  52  53  42  48  43  37  55  54  47  49  28  56  35  29  57  21  79  20  66  16  91  67  87  58  61  60  59  69  62  70  86  72  73  63  71  31  74  75  68  65  64  77  85  80  51  39  36  92  30  76  78  50  90  81  83  82  84  38  88  89  93  94  95  


  ==> Energy                -256.193919803
  ==> dE                       -4.14e-07
  ==> Gradient Norm             2.79e-01
  ==> Abs. Max. Deriv.          4.26e-02
  ==> Time-Grad. (s)             201.897
  ==> Time-Energy (s)             36.853
  ==> Time-Iter. (s)             239.723

--------------------------------------------------------------------------------
CEO-ADAPT-VQE iteration: 310
--------------------------------------------------------------------------------
    gate        derivative      name       op1       op2       op3        g_unscaled   penalty
   87988        0.00049715        op     37160     37161                  0.02833744        57
   87989        0.00047646        om     37160     37161                  0.02715844        57
    1426       -0.00042572      a_ia      1426                           -0.00255434         6
    1446        0.00039700      a_ia      1446                            0.00079399         2
    1403        0.00039333      a_ia      1403                            0.00157332         4
   37160        0.00038011    a_iajb     37160                            0.02774794        73
    1150        0.00037956      a_ia      1150                            0.00151824         4
    1282        0.00037645      a_ia      1282                            0.02183400        58
    1535       -0.00036331      a_ia      1535                           -0.00363306        10
    1078        0.00035927      a_ia      1078                            0.00215563         6

  ==> Add operator: mvp2 -1: 37160 37161
  ==> Current qubit order: 0  1  2  3  4  5  6  7  8  9  10  11  12  13  14  15  17  18  19  22  23  24  25  26  27  32  33  40  41  44  46  34  45  53  48  43  37  52  42  49  29  55  54  47  28  56  35  57  21  79  20  66  16  91  67  87  58  61  60  59  69  62  70  86  72  73  63  71  31  74  75  68  65  64  77  85  80  51  39  36  92  30  76  78  50  90  81  83  82  84  38  88  89  93  94  95  


  ==> Energy                -256.194130079
  ==> dE                       -2.10e-04
  ==> Gradient Norm             2.94e-01
  ==> Abs. Max. Deriv.          2.83e-02
  ==> Time-Grad. (s)             222.822
  ==> Time-Energy (s)             48.699
  ==> Time-Iter. (s)             272.527

--------------------------------------------------------------------------------
CEO-ADAPT-VQE iteration: 311
--------------------------------------------------------------------------------
    gate        derivative      name       op1       op2       op3        g_unscaled   penalty
    1404        0.00078893      a_ia      1404                            0.00157787         2
    1180        0.00056229      a_ia      1180                            0.00112458         2
    1492       -0.00037989      a_ia      1492                           -0.00151954         4
    1283        0.00037647      a_ia      1283                            0.02183505        58
    1536       -0.00036327      a_ia      1536                           -0.00363273        10
    1078        0.00035915      a_ia      1078                            0.00215491         6
    1731        0.00035416      a_ia      1731                            0.00141662         4
    1377       -0.00034731      a_ia      1377                           -0.00069461         2
    1723       -0.00034465      a_ia      1723                           -0.00068930         2
     799       -0.00034278      a_ia       799                           -0.00479887        14

  ==> Add operator: a_ia 1404
  ==> Current qubit order: 0  1  2  3  4  5  6  7  8  9  10  11  12  13  14  15  17  18  19  22  23  24  25  26  27  32  33  40  41  44  46  34  45  53  48  43  37  52  42  49  29  55  54  47  28  56  35  57  21  79  20  66  16  91  67  87  58  61  60  59  69  62  70  86  72  73  63  71  31  74  75  68  65  64  77  85  80  51  39  36  92  30  76  78  50  90  81  83  82  84  38  88  89  93  94  95  


  ==> Energy                -256.194131473
  ==> dE                       -1.39e-06
  ==> Gradient Norm             2.82e-01
  ==> Abs. Max. Deriv.          2.52e-02
  ==> Time-Grad. (s)             144.175
  ==> Time-Energy (s)             35.962
  ==> Time-Iter. (s)             181.147

--------------------------------------------------------------------------------
CEO-ADAPT-VQE iteration: 312
--------------------------------------------------------------------------------
    gate        derivative      name       op1       op2       op3        g_unscaled   penalty
    1182        0.00056264      a_ia      1182                            0.00112529         2
    1494       -0.00037973      a_ia      1494                           -0.00151890         4
    1285        0.00037664      a_ia      1285                            0.02184507        58
    1538       -0.00036328      a_ia      1538                           -0.00363281        10
    1080        0.00035930      a_ia      1080                            0.00215581         6
    1733        0.00035415      a_ia      1733                            0.00141659         4
    1274       -0.00035105      a_ia      1274                           -0.00070210         2
    1379       -0.00034727      a_ia      1379                           -0.00069454         2
    1725       -0.00034464      a_ia      1725                           -0.00068929         2
     800       -0.00034228      a_ia       800                           -0.00479195        14

  ==> Add operator: a_ia 1182
  ==> Current qubit order: 0  1  2  3  4  5  6  7  8  9  10  11  12  13  14  15  17  18  19  22  23  24  25  26  27  32  33  40  41  44  46  34  45  53  48  43  37  52  42  49  29  55  54  47  28  56  35  57  21  79  20  66  16  91  67  87  58  61  60  59  69  62  70  86  72  73  63  71  31  74  75  68  65  64  77  85  80  51  39  36  92  30  76  78  50  90  81  83  82  84  38  88  89  93  94  95  


  ==> Energy                -256.194131947
  ==> dE                       -4.74e-07
  ==> Gradient Norm             2.86e-01
  ==> Abs. Max. Deriv.          2.52e-02
  ==> Time-Grad. (s)             141.333
  ==> Time-Energy (s)             30.402
  ==> Time-Iter. (s)             172.744

--------------------------------------------------------------------------------
CEO-ADAPT-VQE iteration: 313
--------------------------------------------------------------------------------
    gate        derivative      name       op1       op2       op3        g_unscaled   penalty
    1497       -0.00037961      a_ia      1497                           -0.00151844         4
    1288        0.00037653      a_ia      1288                            0.02183868        58
    1541       -0.00036328      a_ia      1541                           -0.00363282        10
    1083        0.00035984      a_ia      1083                            0.00215902         6
    1736        0.00035415      a_ia      1736                            0.00141659         4
    1382       -0.00034730      a_ia      1382                           -0.00069461         2
    1728       -0.00034465      a_ia      1728                           -0.00068929         2
    1277       -0.00034404      a_ia      1277                           -0.00068808         2
     801       -0.00034241      a_ia       801                           -0.00479377        14
    1082        0.00033429      a_ia      1082                            0.00066858         2

  ==> Add operator: a_ia 1497
  ==> Current qubit order: 0  1  2  3  4  5  6  7  8  9  10  11  12  13  14  15  17  18  19  22  23  24  25  26  27  32  33  40  41  44  46  34  45  53  48  43  37  52  42  29  49  55  54  47  28  56  35  57  21  79  20  66  16  91  67  87  58  61  60  59  69  62  70  86  72  73  63  71  31  74  75  68  65  64  77  85  80  51  39  36  92  30  76  78  50  90  81  83  82  84  38  88  89  93  94  95  


  ==> Energy                -256.194161042
  ==> dE                       -2.91e-05
  ==> Gradient Norm             2.86e-01
  ==> Abs. Max. Deriv.          2.89e-02
  ==> Time-Grad. (s)             142.324
  ==> Time-Energy (s)             29.570
  ==> Time-Iter. (s)             172.878

--------------------------------------------------------------------------------
CEO-ADAPT-VQE iteration: 314
--------------------------------------------------------------------------------
    gate        derivative      name       op1       op2       op3        g_unscaled   penalty
    1290        0.00037680      a_ia      1290                            0.02185431        58
    1084        0.00036434      a_ia      1084                            0.00218603         6
    1544       -0.00036350      a_ia      1544                           -0.00363498        10
    1739        0.00035440      a_ia      1739                            0.00141762         4
    1731       -0.00034469      a_ia      1731                           -0.00068939         2
     801       -0.00034241      a_ia       801                           -0.00479379        14
    1279       -0.00034223      a_ia      1279                           -0.00068445         2
    1385       -0.00034098      a_ia      1385                           -0.00068195         2
    1083        0.00033922      a_ia      1083                            0.00067844         2
    1016        0.00032169      a_ia      1016                            0.00064337         2

  ==> Add operator: a_ia 1290
  ==> Current qubit order: 0  1  2  3  4  5  6  7  8  9  10  11  12  13  14  15  17  18  19  22  23  24  25  26  27  32  33  40  41  44  46  34  45  53  48  43  37  52  42  29  49  55  54  47  28  56  35  57  21  20  66  16  91  67  87  58  61  60  59  69  62  70  86  72  73  63  71  31  74  75  68  65  64  77  85  80  51  79  39  36  92  30  76  78  50  90  81  83  82  84  38  88  89  93  94  95  


  ==> Energy                -256.194263504
  ==> dE                       -1.02e-04
  ==> Gradient Norm             2.81e-01
  ==> Abs. Max. Deriv.          2.52e-02
  ==> Time-Grad. (s)             140.982
  ==> Time-Energy (s)             23.229
  ==> Time-Iter. (s)             165.230

--------------------------------------------------------------------------------
CEO-ADAPT-VQE iteration: 315
--------------------------------------------------------------------------------
    gate        derivative      name       op1       op2       op3        g_unscaled   penalty
    1551        0.00107232      a_ia      1551                            0.00214465         2
    1290        0.00060531      a_ia      1290                            0.00121062         2
     801       -0.00040401      a_ia       801                           -0.00484817        12
    1016        0.00036984      a_ia      1016                            0.00073968         2
    1544       -0.00036282      a_ia      1544                           -0.00362820        10
    1739        0.00035478      a_ia      1739                            0.00141911         4
    1731       -0.00034510      a_ia      1731                           -0.00069019         2
    1385       -0.00034145      a_ia      1385                           -0.00068290         2
    1230       -0.00031167      a_ia      1230                           -0.00062333         2
    1156        0.00031052      a_ia      1156                            0.00186314         6

  ==> Add operator: a_ia 1551
  ==> Current qubit order: 0  1  2  3  4  5  6  7  8  9  10  11  12  13  14  15  17  18  19  22  23  24  25  26  27  32  33  40  41  44  46  34  45  53  48  43  37  52  42  29  49  55  54  47  28  56  35  57  21  20  66  16  91  67  87  58  61  60  59  69  62  70  86  72  73  63  71  31  74  75  68  65  64  77  85  80  51  79  39  36  92  30  76  78  50  90  81  83  82  84  38  88  89  93  94  95  


  ==> Energy                -256.194293780
  ==> dE                       -3.03e-05
  ==> Gradient Norm             2.87e-01
  ==> Abs. Max. Deriv.          4.89e-02
  ==> Time-Grad. (s)             192.010
  ==> Time-Energy (s)             28.019
  ==> Time-Iter. (s)             221.023

--------------------------------------------------------------------------------
CEO-ADAPT-VQE iteration: 316
--------------------------------------------------------------------------------
    gate        derivative      name       op1       op2       op3        g_unscaled   penalty
     802       -0.00040455      a_ia       802                           -0.00485459        12
    1018        0.00037422      a_ia      1018                            0.00074844         2
    1281       -0.00036661      a_ia      1281                           -0.00146643         4
    1547       -0.00036027      a_ia      1547                           -0.00360268        10
    1742        0.00035557      a_ia      1742                            0.00142228         4
    1734       -0.00034548      a_ia      1734                           -0.00069097         2
    1388       -0.00034171      a_ia      1388                           -0.00068341         2
    1292        0.00034098      a_ia      1292                            0.00068195         2
    1232       -0.00031552      a_ia      1232                           -0.00063104         2
    1158        0.00031087      a_ia      1158                            0.00186523         6

  ==> Add operator: a_ia 802
  ==> Current qubit order: 0  1  2  3  4  5  6  7  8  9  10  11  12  13  14  15  17  18  19  22  23  24  25  26  27  32  33  40  41  44  46  34  45  53  48  43  37  52  42  29  49  55  54  47  28  56  35  57  20  66  16  91  67  21  87  58  61  60  59  69  62  70  86  72  73  63  71  31  74  75  68  65  64  77  85  80  51  79  39  36  92  30  76  78  50  90  81  83  82  84  38  88  89  93  94  95  


  ==> Energy                -256.194297080
  ==> dE                       -3.30e-06
  ==> Gradient Norm             2.86e-01
  ==> Abs. Max. Deriv.          2.52e-02
  ==> Time-Grad. (s)             137.967
  ==> Time-Energy (s)             32.047
  ==> Time-Iter. (s)             171.015

--------------------------------------------------------------------------------
CEO-ADAPT-VQE iteration: 317
--------------------------------------------------------------------------------
    gate        derivative      name       op1       op2       op3        g_unscaled   penalty
     795        0.00105547      a_ia       795                            0.00211093         2
   87390       -0.00058276        om     36816     36817                 -0.02039671        35
   87389       -0.00056606        op     36816     36817                 -0.01981206        35
   36816       -0.00039420    a_iajb     36816                           -0.02010438        51
    1283       -0.00036708      a_ia      1283                           -0.00146832         4
    1020        0.00036558      a_ia      1020                            0.00073117         2
    1549       -0.00036034      a_ia      1549                           -0.00360345        10
    1744        0.00035561      a_ia      1744                            0.00142244         4
     806        0.00035487      a_ia       806                            0.00141948         4
    1294        0.00034554      a_ia      1294                            0.00069108         2

  ==> Add operator: a_ia 795
  ==> Current qubit order: 0  1  2  3  4  5  6  7  8  9  10  11  12  13  14  15  17  18  19  22  23  24  25  26  27  32  33  40  41  44  46  34  45  53  48  43  37  52  42  29  49  55  54  47  28  56  35  57  20  66  16  91  67  21  87  58  61  60  59  69  62  70  86  72  73  63  71  31  74  75  68  65  64  77  85  80  51  79  39  36  92  30  76  78  50  90  81  83  82  84  38  88  89  93  94  95  


  ==> Energy                -256.194298617
  ==> dE                       -1.54e-06
  ==> Gradient Norm             2.84e-01
  ==> Abs. Max. Deriv.          3.28e-02
  ==> Time-Grad. (s)             138.367
  ==> Time-Energy (s)             33.746
  ==> Time-Iter. (s)             173.107

--------------------------------------------------------------------------------
CEO-ADAPT-VQE iteration: 318
--------------------------------------------------------------------------------
    gate        derivative      name       op1       op2       op3        g_unscaled   penalty
    1283       -0.00037376      a_ia      1283                           -0.00149504         4
    1549       -0.00036036      a_ia      1549                           -0.00360364        10
    1744        0.00035561      a_ia      1744                            0.00142246         4
    1020        0.00034832      a_ia      1020                            0.00069664         2
    1294        0.00034688      a_ia      1294                            0.00069376         2
     806        0.00034620      a_ia       806                            0.00138479         4
    1736       -0.00034547      a_ia      1736                           -0.00069094         2
    1390       -0.00034170      a_ia      1390                           -0.00068339         2
    1234       -0.00031561      a_ia      1234                           -0.00063122         2
    1160        0.00030883      a_ia      1160                            0.00185300         6

  ==> Add operator: a_ia 1283
  ==> Current qubit order: 0  1  2  3  4  5  6  7  8  9  10  11  12  13  14  15  17  18  19  22  23  24  25  26  27  32  33  40  41  44  46  34  45  53  48  43  37  52  42  29  49  55  54  47  28  56  35  57  20  66  16  91  67  21  87  58  61  60  59  69  62  70  86  72  73  63  71  31  74  75  68  65  64  77  85  80  79  51  39  36  92  30  76  78  50  90  81  83  82  84  38  88  89  93  94  95  


  ==> Energy                -256.194299072
  ==> dE                       -4.55e-07
  ==> Gradient Norm             2.79e-01
  ==> Abs. Max. Deriv.          2.52e-02
  ==> Time-Grad. (s)             224.888
  ==> Time-Energy (s)             35.366
  ==> Time-Iter. (s)             261.263

--------------------------------------------------------------------------------
CEO-ADAPT-VQE iteration: 319
--------------------------------------------------------------------------------
    gate        derivative      name       op1       op2       op3        g_unscaled   penalty
    1023        0.00039545      a_ia      1023                            0.00079089         2
   88074       -0.00038413        op     37160     37161                 -0.02189523        57
   88075       -0.00037939        om     37160     37161                 -0.02162523        57
    1747        0.00035564      a_ia      1747                            0.00142258         4
     809        0.00034691      a_ia       809                            0.00138764         4
    1739       -0.00034555      a_ia      1739                           -0.00069110         2
    1393       -0.00034177      a_ia      1393                           -0.00068354         2
    1163        0.00031995      a_ia      1163                            0.00191968         6
    1237       -0.00031525      a_ia      1237                           -0.00063050         2
    1552       -0.00029988      a_ia      1552                           -0.00359858        12

  ==> Add operator: a_ia 1023
  ==> Current qubit order: 0  1  2  3  4  5  6  7  8  9  10  11  12  13  14  15  17  18  19  22  23  24  25  26  27  32  33  40  41  44  46  34  45  53  48  43  37  52  42  29  49  55  54  47  28  56  35  57  20  66  16  91  67  21  87  58  61  60  59  69  62  70  86  72  73  63  71  31  74  75  68  65  64  77  85  80  79  51  39  36  92  30  76  78  50  90  81  83  82  84  38  88  89  93  94  95  


  ==> Energy                -256.194299353
  ==> dE                       -2.81e-07
  ==> Gradient Norm             2.93e-01
  ==> Abs. Max. Deriv.          4.39e-02
  ==> Time-Grad. (s)             221.855
  ==> Time-Energy (s)             29.658
  ==> Time-Iter. (s)             252.569

--------------------------------------------------------------------------------
CEO-ADAPT-VQE iteration: 320
--------------------------------------------------------------------------------
    gate        derivative      name       op1       op2       op3        g_unscaled   penalty
    1748        0.00035565      a_ia      1748                            0.00142259         4
     809        0.00034749      a_ia       809                            0.00138995         4
    1740       -0.00034556      a_ia      1740                           -0.00069113         2
    1393       -0.00034208      a_ia      1393                           -0.00068415         2
    1286       -0.00031896      a_ia      1286                           -0.00063793         2
    1163        0.00031558      a_ia      1163                            0.00189348         6
    1237       -0.00031539      a_ia      1237                           -0.00063078         2
    1552       -0.00029986      a_ia      1552                           -0.00359829        12
    1091        0.00029966      a_ia      1091                            0.00179795         6
    1696       -0.00029521      a_ia      1696                           -0.00059043         2

  ==> Add operator: a_ia 1748
  ==> Current qubit order: 0  1  2  3  4  5  6  7  8  9  10  11  12  13  14  15  17  18  19  22  23  24  25  26  27  32  33  40  41  44  46  34  45  53  48  43  37  52  42  29  49  55  54  47  28  56  35  57  20  66  16  91  67  21  87  58  61  60  59  69  70  62  86  72  73  63  71  31  74  75  68  65  64  77  85  80  79  51  39  36  92  30  76  78  50  90  81  83  82  84  38  88  89  93  94  95  


  ==> Energy                -256.194540464
  ==> dE                       -2.41e-04
  ==> Gradient Norm             2.90e-01
  ==> Abs. Max. Deriv.          4.08e-02
  ==> Time-Grad. (s)             219.439
  ==> Time-Energy (s)             32.113
  ==> Time-Iter. (s)             252.557

--------------------------------------------------------------------------------
CEO-ADAPT-VQE iteration: 321
--------------------------------------------------------------------------------
    gate        derivative      name       op1       op2       op3        g_unscaled   penalty
     809        0.00034659      a_ia       809                            0.00138637         4
    1394       -0.00034204      a_ia      1394                           -0.00068408         2
    1287       -0.00032172      a_ia      1287                           -0.00064344         2
    1238       -0.00031993      a_ia      1238                           -0.00063986         2
   89330        0.00031780        op     38015     38016                  0.01239430        39
    1164        0.00031619      a_ia      1164                            0.00189712         6
    1091        0.00030398      a_ia      1091                            0.00182391         6
    1553       -0.00029932      a_ia      1553                           -0.00359185        12
    1697       -0.00029657      a_ia      1697                           -0.00059315         2
    1565        0.00028744      a_ia      1565                            0.00862333        30

  ==> Add operator: a_ia 809
  ==> Current qubit order: 0  1  2  3  4  5  6  7  8  9  10  11  12  13  14  15  17  18  19  22  23  24  25  26  27  32  33  40  41  44  46  34  45  53  48  43  37  52  42  29  49  55  54  47  28  56  35  57  20  66  16  67  91  21  87  58  61  60  59  69  70  62  86  72  73  63  71  31  74  75  68  65  64  77  85  80  79  51  39  36  92  30  76  78  50  90  81  83  82  84  38  88  89  93  94  95  


  ==> Energy                -256.194540770
  ==> dE                       -3.06e-07
  ==> Gradient Norm             2.78e-01
  ==> Abs. Max. Deriv.          2.52e-02
  ==> Time-Grad. (s)             216.896
  ==> Time-Energy (s)             27.339
  ==> Time-Iter. (s)             245.231

--------------------------------------------------------------------------------
CEO-ADAPT-VQE iteration: 322
--------------------------------------------------------------------------------
    gate        derivative      name       op1       op2       op3        g_unscaled   penalty
    1394       -0.00034204      a_ia      1394                           -0.00068409         2
   83462        0.00032693        op     33640     33641                  0.01536593        47
   83463        0.00032670        om     33640     33641                  0.01535491        47
    1287       -0.00032224      a_ia      1287                           -0.00064448         2
    1238       -0.00031994      a_ia      1238                           -0.00063988         2
    1164        0.00031625      a_ia      1164                            0.00189750         6
   82184        0.00031477        op     32692     32693                  0.04627148       147
   82185        0.00031477        om     32692     32693                  0.04627148       147
    1091        0.00030353      a_ia      1091                            0.00182116         6
    1553       -0.00029932      a_ia      1553                           -0.00359189        12

  ==> Add operator: a_ia 1394
  ==> Current qubit order: 0  1  2  3  4  5  6  7  8  9  10  11  12  13  14  15  17  18  19  22  23  24  25  26  27  32  33  40  41  44  46  34  45  53  48  43  37  52  42  29  49  55  54  47  28  56  35  57  20  66  16  67  91  21  87  58  61  60  59  69  70  62  86  72  73  63  71  31  74  75  68  65  64  77  85  80  79  51  39  36  92  30  76  78  50  90  81  83  82  84  38  88  89  93  94  95  


  ==> Energy                -256.194557465
  ==> dE                       -1.67e-05
  ==> Gradient Norm             2.85e-01
  ==> Abs. Max. Deriv.          4.63e-02
  ==> Time-Grad. (s)             140.349
  ==> Time-Energy (s)             27.989
  ==> Time-Iter. (s)             169.344

--------------------------------------------------------------------------------
CEO-ADAPT-VQE iteration: 323
--------------------------------------------------------------------------------
    gate        derivative      name       op1       op2       op3        g_unscaled   penalty
   88502       -0.00032779        op     37193     37194                 -0.01737262        53
   88503       -0.00032501        om     37193     37194                 -0.01722556        53
    1288       -0.00032457      a_ia      1288                           -0.00064915         2
    1239       -0.00032191      a_ia      1239                           -0.00064382         2
    1165        0.00031958      a_ia      1165                            0.00191749         6
    1092        0.00030408      a_ia      1092                            0.00182450         6
    1554       -0.00029939      a_ia      1554                           -0.00359267        12
    1698       -0.00029652      a_ia      1698                           -0.00059305         2
    1566        0.00028749      a_ia      1566                            0.00862481        30
    1469       -0.00028025      a_ia      1469                           -0.00224201         8

  ==> Add operator: mvp2 -1: 37193 37194
  ==> Current qubit order: 0  1  2  3  4  5  6  7  8  9  10  11  12  13  14  15  17  18  19  22  23  24  25  26  27  32  33  40  41  44  34  45  53  48  43  37  46  29  55  54  52  42  49  47  28  56  35  57  20  66  16  67  91  21  87  58  61  60  59  69  70  62  86  72  73  63  71  31  74  75  68  65  64  77  85  80  79  51  39  36  92  30  76  78  50  90  81  83  82  84  38  88  89  93  94  95  


  ==> Energy                -256.194621925
  ==> dE                       -6.45e-05
  ==> Gradient Norm             2.86e-01
  ==> Abs. Max. Deriv.          3.74e-02
  ==> Time-Grad. (s)             136.514
  ==> Time-Energy (s)             55.495
  ==> Time-Iter. (s)             193.006

--------------------------------------------------------------------------------
CEO-ADAPT-VQE iteration: 324
--------------------------------------------------------------------------------
    gate        derivative      name       op1       op2       op3        g_unscaled   penalty
    1466        0.00071025      a_ia      1466                            0.00142050         2
   87940       -0.00048825        op     37103     37104                 -0.02197105        45
   87941       -0.00048096        om     37103     37104                 -0.02164326        45
   88250       -0.00046977        op     37341     37342                 -0.01738165        37
   88140       -0.00046874        op     37249     37250                 -0.03234289        69
   88141       -0.00046852        om     37249     37250                 -0.03232765        69
    1571       -0.00039331      a_ia      1571                           -0.00078661         2
    1447       -0.00038494      a_ia      1447                           -0.00230966         6
   37249       -0.00038041    a_iajb     37249                           -0.03233527        85
   37103       -0.00035749    a_iajb     37103                           -0.02180715        61

  ==> Add operator: a_ia 1466
  ==> Current qubit order: 0  1  2  3  4  5  6  7  8  9  10  11  12  13  14  15  17  18  19  22  23  24  25  26  27  32  33  40  41  44  34  45  53  48  43  37  46  29  55  54  52  42  49  47  28  56  35  57  20  66  16  67  91  21  87  58  61  60  59  69  70  62  86  72  73  63  71  31  74  75  68  65  64  77  85  80  79  51  39  36  92  30  76  78  50  90  81  83  82  84  38  88  89  93  94  95  


  ==> Energy                -256.194623992
  ==> dE                       -2.07e-06
  ==> Gradient Norm             2.94e-01
  ==> Abs. Max. Deriv.          3.23e-02
  ==> Time-Grad. (s)             221.224
  ==> Time-Energy (s)             32.241
  ==> Time-Iter. (s)             254.479

--------------------------------------------------------------------------------

--------------------------------------------------------------------------------
RESTART
--------------------------------------------------------------------------------

Last Energy: -256.195962584

--------------------------------------------------------------------------------
CEO-ADAPT-VQE iteration: 325
--------------------------------------------------------------------------------
    gate        derivative      name       op1       op2       op3        g_unscaled   penalty
    1285       -0.00248395      a_ia      1285                           -0.00496791         2
     811       -0.00228263      a_ia       811                           -0.00456526         2
     632       -0.00227022      a_ia       632                           -0.00454044         2
    1545        0.00159436      a_ia      1545                            0.00318872         2
    1565        0.00113741      a_ia      1565                            0.00227483         2
    1095        0.00113152      a_ia      1095                            0.00226304         2
    1303        0.00104908      a_ia      1303                            0.00419633         4
    1031        0.00099047      a_ia      1031                            0.00198093         2
    1079       -0.00094894      a_ia      1079                           -0.00189789         2
    1091        0.00091576      a_ia      1091                            0.00366306         4

  ==> Add operator: a_ia 1285
  ==> Current qubit order: 0  1  2  3  4  5  6  7  8  9  10  11  12  13  14  15  17  18  19  22  23  24  25  26  27  32  33  40  41  44  34  45  53  48  43  37  46  29  55  54  52  42  49  47  28  56  35  57  20  66  16  67  91  21  87  58  61  60  59  69  70  62  86  72  73  63  71  31  74  75  68  65  64  77  85  80  79  51  39  36  92  30  76  78  50  90  81  83  82  84  38  88  89  93  94  95  


  ==> Energy                -256.196093216
  ==> dE                       -1.31e-04
  ==> Gradient Norm             2.94e-01
  ==> Abs. Max. Deriv.          4.77e-02
  ==> Time-Grad. (s)             499.843
  ==> Time-Energy (s)           3918.060
  ==> Time-Iter. (s)            4419.070

--------------------------------------------------------------------------------
CEO-ADAPT-VQE iteration: 326
--------------------------------------------------------------------------------
    gate        derivative      name       op1       op2       op3        g_unscaled   penalty
    1286        0.00205068      a_ia      1286                            0.00410136         2
     812       -0.00203616      a_ia       812                           -0.00407233         2
    1427        0.00187450      a_ia      1427                            0.00374900         2
    1096       -0.00164733      a_ia      1096                           -0.00329466         2
    1546        0.00159581      a_ia      1546                            0.00319163         2
    1360        0.00155073      a_ia      1360                            0.00310146         2
    1080       -0.00140452      a_ia      1080                           -0.00280905         2
    1304        0.00138169      a_ia      1304                            0.00552678         4
    1566        0.00120974      a_ia      1566                            0.00241947         2
    1293        0.00103207      a_ia      1293                            0.00206414         2

  ==> Add operator: a_ia 1286
  ==> Current qubit order: 0  1  2  3  4  5  6  7  8  9  10  11  12  13  14  15  17  18  19  22  23  24  25  26  27  32  33  40  41  44  34  45  53  48  43  37  46  29  55  54  52  42  49  47  28  56  35  57  20  66  16  67  91  21  87  58  61  60  59  69  70  62  86  72  73  63  71  31  74  75  68  65  64  77  85  80  79  51  39  36  92  30  76  78  50  90  81  83  82  84  38  88  89  93  94  95  


  ==> Energy                -256.196096083
  ==> dE                       -2.87e-06
  ==> Gradient Norm             2.84e-01
  ==> Abs. Max. Deriv.          2.52e-02
  ==> Time-Grad. (s)             465.679
  ==> Time-Energy (s)            105.594
  ==> Time-Iter. (s)             572.323

--------------------------------------------------------------------------------
CEO-ADAPT-VQE iteration: 327
--------------------------------------------------------------------------------
    gate        derivative      name       op1       op2       op3        g_unscaled   penalty
     813       -0.00203408      a_ia       813                           -0.00406815         2
    1429        0.00187910      a_ia      1429                            0.00375820         2
    1097       -0.00166400      a_ia      1097                           -0.00332800         2
    1548        0.00160331      a_ia      1548                            0.00320663         2
    1362        0.00156678      a_ia      1362                            0.00313357         2
    1081       -0.00141590      a_ia      1081                           -0.00283180         2
    1306        0.00137688      a_ia      1306                            0.00550750         4
    1568        0.00121146      a_ia      1568                            0.00242293         2
    1295        0.00107802      a_ia      1295                            0.00215603         2
    1286        0.00094101      a_ia      1286                            0.00188201         2

  ==> Add operator: a_ia 813
  ==> Current qubit order: 0  1  2  3  4  5  6  7  8  9  10  11  12  13  14  15  17  18  19  22  23  24  25  26  27  32  33  40  41  44  34  45  53  48  43  37  46  29  55  54  52  42  49  47  28  56  35  57  20  66  16  67  91  21  87  58  61  60  59  69  70  62  86  72  73  63  71  31  74  75  68  65  64  77  85  80  79  51  39  36  92  30  76  78  50  90  81  83  82  84  38  88  89  93  94  95  


  ==> Energy                -256.196098415
  ==> dE                       -2.33e-06
  ==> Gradient Norm             2.94e-01
  ==> Abs. Max. Deriv.          2.79e-02
  ==> Time-Grad. (s)             462.347
  ==> Time-Energy (s)            103.403
  ==> Time-Iter. (s)             566.759

--------------------------------------------------------------------------------
CEO-ADAPT-VQE iteration: 328
--------------------------------------------------------------------------------
    gate        derivative      name       op1       op2       op3        g_unscaled   penalty
    1431        0.00187669      a_ia      1431                            0.00375338         2
    1099       -0.00167311      a_ia      1099                           -0.00334623         2
    1550        0.00160345      a_ia      1550                            0.00320690         2
    1364        0.00156441      a_ia      1364                            0.00312882         2
    1083       -0.00141272      a_ia      1083                           -0.00282545         2
    1308        0.00137867      a_ia      1308                            0.00551468         4
    1570        0.00121157      a_ia      1570                            0.00242314         2
    1297        0.00107709      a_ia      1297                            0.00215417         2
    1288        0.00094033      a_ia      1288                            0.00188065         2
    1205        0.00089750      a_ia      1205                            0.00179500         2

  ==> Add operator: a_ia 1431
  ==> Current qubit order: 0  1  2  3  4  5  6  7  8  9  10  11  12  13  14  15  17  18  19  22  23  24  25  26  27  32  33  40  41  44  34  45  53  48  43  37  46  29  55  54  52  42  49  47  28  56  35  57  20  66  16  67  91  21  87  58  61  60  59  69  70  62  86  72  73  63  71  31  74  75  68  65  64  77  85  80  79  51  39  36  92  30  76  78  50  90  81  83  82  84  38  88  89  93  94  95  


  ==> Energy                -256.196105085
  ==> dE                       -6.67e-06
  ==> Gradient Norm             2.86e-01
  ==> Abs. Max. Deriv.          2.52e-02
  ==> Time-Grad. (s)             459.489
  ==> Time-Energy (s)             95.857
  ==> Time-Iter. (s)             556.359

--------------------------------------------------------------------------------
CEO-ADAPT-VQE iteration: 329
--------------------------------------------------------------------------------
    gate        derivative      name       op1       op2       op3        g_unscaled   penalty
    1099       -0.00165950      a_ia      1099                           -0.00331899         2
    1550        0.00160339      a_ia      1550                            0.00320679         2
    1364        0.00152362      a_ia      1364                            0.00304723         2
    1083       -0.00139691      a_ia      1083                           -0.00279383         2
    1308        0.00138419      a_ia      1308                            0.00553674         4
    1570        0.00121168      a_ia      1570                            0.00242336         2
    1297        0.00102452      a_ia      1297                            0.00204904         2
    1288        0.00096287      a_ia      1288                            0.00192574         2
    1205        0.00089829      a_ia      1205                            0.00179657         2
    1287       -0.00088630      a_ia      1287                           -0.00354520         4

  ==> Add operator: a_ia 1099
  ==> Current qubit order: 0  1  2  3  4  5  6  7  8  9  10  11  12  13  14  15  17  18  19  22  23  24  25  26  27  32  33  40  41  44  34  45  53  48  43  37  46  29  55  54  52  42  49  47  28  56  35  57  20  66  16  67  91  21  87  58  61  60  59  69  70  62  86  72  73  63  71  31  74  75  68  65  64  77  85  80  79  51  39  36  92  30  76  78  50  90  81  83  82  84  38  88  89  93  94  95  


  ==> Energy                -256.196107180
  ==> dE                       -2.10e-06
  ==> Gradient Norm             2.92e-01
  ==> Abs. Max. Deriv.          4.23e-02
  ==> Time-Grad. (s)             457.124
  ==> Time-Energy (s)            103.321
  ==> Time-Iter. (s)             561.429

--------------------------------------------------------------------------------
CEO-ADAPT-VQE iteration: 330
--------------------------------------------------------------------------------
    gate        derivative      name       op1       op2       op3        g_unscaled   penalty
    1550        0.00160374      a_ia      1550                            0.00320748         2
    1364        0.00150368      a_ia      1364                            0.00300736         2
    1308        0.00139770      a_ia      1308                            0.00559082         4
    1083       -0.00137506      a_ia      1083                           -0.00275012         2
    1570        0.00121183      a_ia      1570                            0.00242366         2
    1288        0.00101140      a_ia      1288                            0.00202279         2
    1297        0.00097947      a_ia      1297                            0.00195894         2
    1205        0.00089953      a_ia      1205                            0.00179905         2
    1287       -0.00089319      a_ia      1287                           -0.00357277         4
    1254       -0.00072474      a_ia      1254                           -0.00434845         6

  ==> Add operator: a_ia 1550
  ==> Current qubit order: 0  1  2  3  4  5  6  7  8  9  10  11  12  13  14  15  17  18  19  22  23  24  25  26  27  32  33  40  41  44  34  45  53  48  43  37  46  29  55  54  52  42  49  47  28  56  35  57  20  66  16  67  91  21  87  58  61  60  59  69  70  62  86  72  73  63  71  31  74  75  68  65  64  77  85  80  79  51  39  36  92  30  76  78  50  90  81  83  82  84  38  88  89  93  94  95  


  ==> Energy                -256.196173472
  ==> dE                       -6.63e-05
  ==> Gradient Norm             2.83e-01
  ==> Abs. Max. Deriv.          2.52e-02
  ==> Time-Grad. (s)             458.886
  ==> Time-Energy (s)             88.130
  ==> Time-Iter. (s)             548.022

--------------------------------------------------------------------------------
CEO-ADAPT-VQE iteration: 331
--------------------------------------------------------------------------------
    gate        derivative      name       op1       op2       op3        g_unscaled   penalty
    1289        0.00152972      a_ia      1289                            0.00305945         2
    1365        0.00149517      a_ia      1365                            0.00299034         2
    1309        0.00141080      a_ia      1309                            0.00564321         4
    1083       -0.00137823      a_ia      1083                           -0.00275645         2
    1571        0.00127497      a_ia      1571                            0.00254994         2
    1288       -0.00100512      a_ia      1288                           -0.00402047         4
    1205        0.00090174      a_ia      1205                            0.00180349         2
    1298        0.00089161      a_ia      1298                            0.00178322         2
    1255       -0.00072667      a_ia      1255                           -0.00436002         6
    1010       -0.00072361      a_ia      1010                           -0.00144722         2

  ==> Add operator: a_ia 1289
  ==> Current qubit order: 0  1  2  3  4  5  6  7  8  9  10  11  12  13  14  15  17  18  19  22  23  24  25  26  27  32  33  40  41  44  34  45  53  48  43  37  46  29  55  54  52  42  49  47  28  56  35  57  20  66  16  67  91  21  87  58  61  60  59  69  70  62  86  72  73  63  71  31  74  75  68  65  64  77  85  80  79  51  39  36  92  30  76  78  50  90  81  83  82  84  38  88  89  93  94  95  


  ==> Energy                -256.196175793
  ==> dE                       -2.32e-06
  ==> Gradient Norm             2.94e-01
  ==> Abs. Max. Deriv.          3.41e-02
  ==> Time-Grad. (s)             459.290
  ==> Time-Energy (s)             83.107
  ==> Time-Iter. (s)             543.371

--------------------------------------------------------------------------------
CEO-ADAPT-VQE iteration: 332
--------------------------------------------------------------------------------
    gate        derivative      name       op1       op2       op3        g_unscaled   penalty
    1367        0.00152350      a_ia      1367                            0.00304700         2
    1085       -0.00140441      a_ia      1085                           -0.00280882         2
    1311        0.00139016      a_ia      1311                            0.00556066         4
    1573        0.00127757      a_ia      1573                            0.00255513         2
    1290       -0.00100874      a_ia      1290                           -0.00403498         4
    1300        0.00097780      a_ia      1300                            0.00195560         2
    1207        0.00090312      a_ia      1207                            0.00180624         2
    1012       -0.00072562      a_ia      1012                           -0.00145123         2
    1257       -0.00072141      a_ia      1257                           -0.00432846         6
    1582       -0.00070559      a_ia      1582                           -0.00141119         2

  ==> Add operator: a_ia 1367
  ==> Current qubit order: 0  1  2  3  4  5  6  7  8  9  10  11  12  13  14  15  17  18  19  22  23  24  25  26  27  32  33  40  41  44  34  45  53  48  43  37  46  29  55  54  52  42  49  47  28  56  35  57  20  66  16  67  91  21  87  58  61  60  59  69  70  62  86  72  73  63  71  31  74  75  68  65  64  77  85  80  79  51  39  36  92  30  76  78  50  90  81  83  82  84  38  88  89  93  94  95  


  ==> Energy                -256.196180236
  ==> dE                       -4.44e-06
  ==> Gradient Norm             3.08e-01
  ==> Abs. Max. Deriv.          4.91e-02
  ==> Time-Grad. (s)             456.730
  ==> Time-Energy (s)            113.103
  ==> Time-Iter. (s)             570.827

--------------------------------------------------------------------------------
CEO-ADAPT-VQE iteration: 333
--------------------------------------------------------------------------------
    gate        derivative      name       op1       op2       op3        g_unscaled   penalty
    1312        0.00140442      a_ia      1312                            0.00561766         4
    1086       -0.00136117      a_ia      1086                           -0.00272234         2
    1574        0.00127729      a_ia      1574                            0.00255458         2
    1291       -0.00100930      a_ia      1291                           -0.00403719         4
    1208        0.00091545      a_ia      1208                            0.00183090         2
    1301        0.00079985      a_ia      1301                            0.00159970         2
    1258       -0.00073712      a_ia      1258                           -0.00442272         6
    1013       -0.00071695      a_ia      1013                           -0.00143390         2
    1583       -0.00069956      a_ia      1583                           -0.00139912         2
    1012        0.00061007      a_ia      1012                            0.00610074        10

  ==> Add operator: a_ia 1312
  ==> Current qubit order: 0  1  2  3  4  5  6  7  8  9  10  11  12  13  14  15  17  18  19  22  23  24  25  26  27  32  33  40  41  44  34  45  53  48  43  37  46  29  55  54  52  42  49  47  28  56  35  57  20  66  16  67  91  21  87  58  61  60  59  69  70  62  86  72  73  63  71  31  74  75  68  65  64  77  85  80  51  79  39  36  92  30  76  78  50  90  81  83  82  84  38  88  89  93  94  95  


  ==> Energy                -256.196188166
  ==> dE                       -7.93e-06
  ==> Gradient Norm             2.90e-01
  ==> Abs. Max. Deriv.          3.52e-02
  ==> Time-Grad. (s)             458.907
  ==> Time-Energy (s)             98.660
  ==> Time-Iter. (s)             558.563

--------------------------------------------------------------------------------
CEO-ADAPT-VQE iteration: 334
--------------------------------------------------------------------------------
    gate        derivative      name       op1       op2       op3        g_unscaled   penalty
    1086       -0.00137369      a_ia      1086                           -0.00274739         2
    1574        0.00124536      a_ia      1574                            0.00249073         2
    1291       -0.00098715      a_ia      1291                           -0.00394858         4
    1208        0.00090517      a_ia      1208                            0.00181033         2
    1013       -0.00073819      a_ia      1013                           -0.00147638         2
    1258       -0.00073704      a_ia      1258                           -0.00442222         6
    1583       -0.00069925      a_ia      1583                           -0.00139851         2
    1241       -0.00061487      a_ia      1241                           -0.00368922         6
    1012        0.00060721      a_ia      1012                            0.00607208        10
    1314        0.00056601      a_ia      1314                            0.00452809         8

  ==> Add operator: a_ia 1086
  ==> Current qubit order: 0  1  2  3  4  5  6  7  8  9  10  11  12  13  14  15  17  18  19  22  23  24  25  26  27  32  33  40  41  44  34  45  53  48  43  37  46  29  55  54  52  42  49  47  28  56  35  57  20  66  16  67  91  21  87  58  61  60  59  69  70  62  86  72  73  63  71  31  74  75  68  65  64  77  85  80  51  79  39  36  92  30  76  78  50  90  81  83  82  84  38  88  89  93  94  95  


  ==> Energy                -256.196189251
  ==> dE                       -1.08e-06
  ==> Gradient Norm             2.89e-01
  ==> Abs. Max. Deriv.          2.52e-02
  ==> Time-Grad. (s)             461.911
  ==> Time-Energy (s)             75.673
  ==> Time-Iter. (s)             538.569

--------------------------------------------------------------------------------
CEO-ADAPT-VQE iteration: 335
--------------------------------------------------------------------------------
    gate        derivative      name       op1       op2       op3        g_unscaled   penalty
    1575        0.00124516      a_ia      1575                            0.00249033         2
    1292       -0.00098748      a_ia      1292                           -0.00394993         4
    1209        0.00090527      a_ia      1209                            0.00181053         2
    1013       -0.00073938      a_ia      1013                           -0.00147877         2
    1259       -0.00073921      a_ia      1259                           -0.00443525         6
    1584       -0.00069923      a_ia      1584                           -0.00139847         2
    1242       -0.00061343      a_ia      1242                           -0.00368060         6
    1012        0.00060821      a_ia      1012                            0.00608209        10
    1315        0.00056945      a_ia      1315                            0.00455557         8
    1244       -0.00054831      a_ia      1244                           -0.00438646         8

  ==> Add operator: a_ia 1575
  ==> Current qubit order: 0  1  2  3  4  5  6  7  8  9  10  11  12  13  14  15  17  18  19  22  23  24  25  26  27  32  33  40  41  44  34  45  53  48  43  37  46  29  55  54  52  42  49  47  28  56  35  57  20  66  16  67  91  21  87  58  61  60  59  69  70  62  86  72  73  63  71  31  74  75  68  65  64  77  85  80  51  79  39  36  92  30  76  78  50  90  81  83  82  84  38  88  89  93  94  95  


  ==> Energy                -256.196229256
  ==> dE                       -4.00e-05
  ==> Gradient Norm             2.78e-01
  ==> Abs. Max. Deriv.          3.26e-02
  ==> Time-Grad. (s)             488.600
  ==> Time-Energy (s)             90.715
  ==> Time-Iter. (s)             580.293

--------------------------------------------------------------------------------
CEO-ADAPT-VQE iteration: 336
--------------------------------------------------------------------------------
    gate        derivative      name       op1       op2       op3        g_unscaled   penalty
    1293       -0.00098863      a_ia      1293                           -0.00395454         4
    1210        0.00090597      a_ia      1210                            0.00181194         2
    1314       -0.00081031      a_ia      1314                           -0.00162062         2
    1260       -0.00074147      a_ia      1260                           -0.00444885         6
    1014       -0.00073692      a_ia      1014                           -0.00147385         2
    1586       -0.00070000      a_ia      1586                           -0.00139999         2
    1316        0.00067129      a_ia      1316                            0.00537029         8
    1243       -0.00061198      a_ia      1243                           -0.00367189         6
    1013        0.00060979      a_ia      1013                            0.00609788        10
    1245       -0.00055304      a_ia      1245                           -0.00442432         8

  ==> Add operator: a_ia 1293
  ==> Current qubit order: 0  1  2  3  4  5  6  7  8  9  10  11  12  13  14  15  17  18  19  22  23  24  25  26  27  32  33  40  41  44  34  45  53  48  43  37  46  29  55  54  52  42  49  47  28  56  35  57  20  66  16  67  91  21  87  58  61  60  59  69  70  62  86  72  73  63  71  31  74  75  68  65  64  77  85  80  51  79  39  36  92  30  76  78  50  90  81  83  84  82  38  88  89  93  94  95  


  ==> Energy                -256.196232668
  ==> dE                       -3.41e-06
  ==> Gradient Norm             2.89e-01
  ==> Abs. Max. Deriv.          2.52e-02
  ==> Time-Grad. (s)             456.404
  ==> Time-Energy (s)             62.970
  ==> Time-Iter. (s)             520.382

--------------------------------------------------------------------------------
CEO-ADAPT-VQE iteration: 337
--------------------------------------------------------------------------------
    gate        derivative      name       op1       op2       op3        g_unscaled   penalty
    1211        0.00090657      a_ia      1211                            0.00181313         2
    1315       -0.00083803      a_ia      1315                           -0.00167606         2
    1261       -0.00074190      a_ia      1261                           -0.00445141         6
    1014       -0.00073544      a_ia      1014                           -0.00147088         2
    1587       -0.00069996      a_ia      1587                           -0.00139993         2
    1317        0.00066819      a_ia      1317                            0.00534551         8
    1013        0.00061126      a_ia      1013                            0.00611262        10
    1244       -0.00060968      a_ia      1244                           -0.00365805         6
    1246       -0.00055593      a_ia      1246                           -0.00444748         8
    1581        0.00052048      a_ia      1581                            0.00208192         4

  ==> Add operator: a_ia 1211
  ==> Current qubit order: 0  1  2  3  4  5  6  7  8  9  10  11  12  13  14  15  17  18  19  22  23  24  25  26  27  32  33  40  41  44  34  45  53  48  43  37  46  29  55  54  52  42  49  47  28  56  35  57  20  66  16  67  91  21  87  58  61  60  59  69  70  62  86  72  73  63  71  31  74  75  68  65  64  77  85  80  51  79  39  36  92  30  76  78  50  90  81  83  84  82  38  88  89  93  94  95  


  ==> Energy                -256.196233867
  ==> dE                       -1.20e-06
  ==> Gradient Norm             2.80e-01
  ==> Abs. Max. Deriv.          2.66e-02
  ==> Time-Grad. (s)             455.752
  ==> Time-Energy (s)            103.008
  ==> Time-Iter. (s)             559.733

--------------------------------------------------------------------------------
CEO-ADAPT-VQE iteration: 338
--------------------------------------------------------------------------------
    gate        derivative      name       op1       op2       op3        g_unscaled   penalty
    1318       -0.00084324      a_ia      1318                           -0.00168649         2
    1264       -0.00074628      a_ia      1264                           -0.00447769         6
    1017       -0.00073930      a_ia      1017                           -0.00147860         2
    1590       -0.00070010      a_ia      1590                           -0.00140020         2
    1320        0.00066635      a_ia      1320                            0.00533081         8
    1016        0.00061121      a_ia      1016                            0.00611213        10
    1247       -0.00060981      a_ia      1247                           -0.00365885         6
    1249       -0.00055542      a_ia      1249                           -0.00444334         8
    1584        0.00052050      a_ia      1584                            0.00208201         4
    1566       -0.00049944      a_ia      1566                           -0.00099888         2

  ==> Add operator: a_ia 1318
  ==> Current qubit order: 0  1  2  3  4  5  6  7  8  9  10  11  12  13  14  15  17  18  19  22  23  24  25  26  27  32  33  40  41  44  34  45  53  48  43  37  46  29  55  54  52  42  49  47  28  56  35  57  20  66  16  67  91  21  87  58  61  60  59  69  70  62  86  72  73  63  71  31  74  75  68  65  64  77  85  80  51  79  39  36  92  30  76  78  50  90  81  83  84  82  38  88  89  93  94  95  


  ==> Energy                -256.196234064
  ==> dE                       -1.97e-07
  ==> Gradient Norm             2.81e-01
  ==> Abs. Max. Deriv.          3.00e-02
  ==> Time-Grad. (s)             458.923
  ==> Time-Energy (s)             78.320
  ==> Time-Iter. (s)             538.237

--------------------------------------------------------------------------------
CEO-ADAPT-VQE iteration: 339
--------------------------------------------------------------------------------
    gate        derivative      name       op1       op2       op3        g_unscaled   penalty
    1266       -0.00074629      a_ia      1266                           -0.00447775         6
    1018       -0.00073599      a_ia      1018                           -0.00147198         2
    1593       -0.00070015      a_ia      1593                           -0.00140029         2
   88220       -0.00066629        op     37125     37126                 -0.02198753        33
    1322        0.00066331      a_ia      1322                            0.00530651         8
   88221       -0.00064806        om     37125     37126                 -0.02138586        33
    1017        0.00061166      a_ia      1017                            0.00611658        10
    1249       -0.00060855      a_ia      1249                           -0.00365129         6
    1251       -0.00055701      a_ia      1251                           -0.00445611         8
    1587        0.00051829      a_ia      1587                            0.00207314         4

  ==> Add operator: a_ia 1266
  ==> Current qubit order: 0  1  2  3  4  5  6  7  8  9  10  11  12  13  14  15  17  18  19  22  23  24  25  26  27  32  33  40  41  44  34  45  53  48  43  46  29  37  55  54  52  42  49  47  28  56  35  57  20  66  16  67  91  21  87  58  61  60  59  69  70  62  86  72  73  63  71  31  74  75  68  65  64  77  85  80  51  79  39  36  92  30  76  78  50  90  81  83  84  82  38  88  89  93  94  95  


  ==> Energy                -256.196242235
  ==> dE                       -8.17e-06
  ==> Gradient Norm             2.90e-01
  ==> Abs. Max. Deriv.          3.21e-02
  ==> Time-Grad. (s)             464.966
  ==> Time-Energy (s)             85.758
  ==> Time-Iter. (s)             551.714

--------------------------------------------------------------------------------
CEO-ADAPT-VQE iteration: 340
--------------------------------------------------------------------------------
    gate        derivative      name       op1       op2       op3        g_unscaled   penalty
    1020       -0.00075368      a_ia      1020                           -0.00150736         2
    1596       -0.00069953      a_ia      1596                           -0.00139905         2
    1324        0.00065167      a_ia      1324                            0.00521336         8
    1251       -0.00061380      a_ia      1251                           -0.00368279         6
    1019        0.00059892      a_ia      1019                            0.00598920        10
    1253       -0.00054646      a_ia      1253                           -0.00437169         8
    1590        0.00051831      a_ia      1590                            0.00207325         4
    1572       -0.00049940      a_ia      1572                           -0.00099880         2
     824        0.00049637      a_ia       824                            0.00099273         2
    1321       -0.00048832      a_ia      1321                           -0.00878977        18

  ==> Add operator: a_ia 1020
  ==> Current qubit order: 0  1  2  3  4  5  6  7  8  9  10  11  12  13  14  15  17  18  19  22  23  24  25  26  27  32  33  40  41  44  34  45  53  48  43  46  29  37  55  54  52  42  49  47  28  56  35  57  20  66  16  67  91  21  87  58  61  60  59  69  70  62  86  72  73  63  71  31  74  75  68  65  64  77  85  80  51  79  39  36  92  30  76  78  50  90  81  83  84  82  38  88  89  93  94  95  


  ==> Energy                -256.196242937
  ==> dE                       -7.02e-07
  ==> Gradient Norm             2.87e-01
  ==> Abs. Max. Deriv.          2.52e-02
  ==> Time-Grad. (s)             463.641
  ==> Time-Energy (s)             65.691
  ==> Time-Iter. (s)             530.322

--------------------------------------------------------------------------------
CEO-ADAPT-VQE iteration: 341
--------------------------------------------------------------------------------
    gate        derivative      name       op1       op2       op3        g_unscaled   penalty
    1597       -0.00069879      a_ia      1597                           -0.00139759         2
    1325        0.00065226      a_ia      1325                            0.00521808         8
    1251       -0.00061282      a_ia      1251                           -0.00367693         6
    1019        0.00060120      a_ia      1019                            0.00601197        10
   88476       -0.00059425        op     37303     37304                 -0.02198708        37
   88477       -0.00057800        om     37303     37304                 -0.02138606        37
    1253       -0.00054639      a_ia      1253                           -0.00437112         8
    1591        0.00051833      a_ia      1591                            0.00207332         4
    1573       -0.00049939      a_ia      1573                           -0.00099878         2
     824        0.00049644      a_ia       824                            0.00099288         2

  ==> Add operator: a_ia 1597
  ==> Current qubit order: 0  1  2  3  4  5  6  7  8  9  10  11  12  13  14  15  17  18  19  22  23  24  25  26  27  32  33  40  41  44  34  45  53  48  43  46  29  37  55  54  52  42  49  47  28  56  35  57  20  66  16  67  91  21  87  58  61  60  59  69  70  62  86  72  73  63  71  31  74  75  68  65  64  77  85  80  51  79  39  36  92  30  76  78  50  90  81  83  84  82  38  88  89  93  94  95  


  ==> Energy                -256.196275762
  ==> dE                       -3.28e-05
  ==> Gradient Norm             2.89e-01
  ==> Abs. Max. Deriv.          2.52e-02
  ==> Time-Grad. (s)             462.787
  ==> Time-Energy (s)             72.972
  ==> Time-Iter. (s)             536.755

--------------------------------------------------------------------------------
CEO-ADAPT-VQE iteration: 342
--------------------------------------------------------------------------------
    gate        derivative      name       op1       op2       op3        g_unscaled   penalty
    1325        0.00065196      a_ia      1325                            0.00521566         8
    1251       -0.00061147      a_ia      1251                           -0.00366882         6
    1019        0.00056362      a_ia      1019                            0.00563620        10
    1253       -0.00054664      a_ia      1253                           -0.00437311         8
    1592        0.00051869      a_ia      1592                            0.00207475         4
    1574       -0.00049962      a_ia      1574                           -0.00099925         2
     824        0.00049561      a_ia       824                            0.00099121         2
    1322       -0.00048812      a_ia      1322                           -0.00878610        18
    1107        0.00044089      a_ia      1107                            0.00176356         4
    1069        0.00043789      a_ia      1069                            0.00175157         4

  ==> Add operator: a_ia 1325
  ==> Current qubit order: 0  1  2  3  4  5  6  7  8  9  10  11  12  13  14  15  17  18  19  22  23  24  25  26  27  32  33  40  41  44  34  45  53  48  43  46  29  37  55  54  52  42  49  47  28  56  35  57  20  66  16  67  91  21  87  58  61  60  59  69  70  62  86  72  73  63  71  31  74  75  68  65  64  77  80  51  79  85  39  36  92  30  76  78  50  90  81  83  84  82  38  88  89  93  94  95  


  ==> Energy                -256.196281465
  ==> dE                       -5.70e-06
  ==> Gradient Norm             2.96e-01
  ==> Abs. Max. Deriv.          3.30e-02
  ==> Time-Grad. (s)             464.184
  ==> Time-Energy (s)             95.728
  ==> Time-Iter. (s)             560.888

--------------------------------------------------------------------------------
CEO-ADAPT-VQE iteration: 343
--------------------------------------------------------------------------------
    gate        derivative      name       op1       op2       op3        g_unscaled   penalty
    1253       -0.00061959      a_ia      1253                           -0.00371753         6
    1021        0.00055923      a_ia      1021                            0.00559226        10
    1594        0.00051064      a_ia      1594                            0.00204257         4
     826        0.00050036      a_ia       826                            0.00100073         2
    1576       -0.00049964      a_ia      1576                           -0.00099928         2
    1324       -0.00049192      a_ia      1324                           -0.00885459        18
    1584       -0.00045794      a_ia      1584                           -0.00366353         8
    1109        0.00044800      a_ia      1109                            0.00179199         4
    1071        0.00043800      a_ia      1071                            0.00175200         4
    1493        0.00043707      a_ia      1493                            0.00087414         2

  ==> Add operator: a_ia 1253
  ==> Current qubit order: 0  1  2  3  4  5  6  7  8  9  10  11  12  13  14  15  17  18  19  22  23  24  25  26  27  32  33  40  41  44  34  45  53  48  43  46  29  37  55  54  52  42  49  47  28  56  35  57  20  66  16  67  91  21  87  58  61  60  59  69  70  62  86  72  73  63  71  31  74  75  68  65  64  77  80  51  79  85  39  92  30  36  76  78  50  90  81  83  84  82  38  88  89  93  94  95  


  ==> Energy                -256.196283957
  ==> dE                       -2.49e-06
  ==> Gradient Norm             2.86e-01
  ==> Abs. Max. Deriv.          2.52e-02
  ==> Time-Grad. (s)             460.864
  ==> Time-Energy (s)             98.355
  ==> Time-Iter. (s)             560.214

--------------------------------------------------------------------------------
CEO-ADAPT-VQE iteration: 344
--------------------------------------------------------------------------------
    gate        derivative      name       op1       op2       op3        g_unscaled   penalty
    1072        0.00087611      a_ia      1072                            0.00175221         2
    1022        0.00055934      a_ia      1022                            0.00559340        10
    1598        0.00051062      a_ia      1598                            0.00204248         4
    1580       -0.00049976      a_ia      1580                           -0.00099952         2
     826        0.00049965      a_ia       826                            0.00099929         2
    1325       -0.00049217      a_ia      1325                           -0.00885903        18
    1588       -0.00045793      a_ia      1588                           -0.00366347         8
    1110        0.00044430      a_ia      1110                            0.00177720         4
    1496        0.00043421      a_ia      1496                            0.00086842         2
    1187        0.00043051      a_ia      1187                            0.00086102         2

  ==> Add operator: a_ia 1072
  ==> Current qubit order: 0  1  2  3  4  5  6  7  8  9  10  11  12  13  14  15  17  18  19  22  23  24  25  26  27  32  33  40  41  44  34  45  53  48  43  46  29  37  55  54  52  42  49  47  28  56  35  57  20  66  16  67  91  21  87  58  61  60  59  69  70  62  86  72  73  63  71  31  74  75  68  65  64  77  80  51  79  85  39  92  30  36  76  78  50  90  81  83  84  82  38  88  89  93  94  95  


  ==> Energy                -256.196348001
  ==> dE                       -6.40e-05
  ==> Gradient Norm             2.88e-01
  ==> Abs. Max. Deriv.          2.56e-02
  ==> Time-Grad. (s)             462.417
  ==> Time-Energy (s)             78.288
  ==> Time-Iter. (s)             541.688

--------------------------------------------------------------------------------
CEO-ADAPT-VQE iteration: 345
--------------------------------------------------------------------------------
    gate        derivative      name       op1       op2       op3        g_unscaled   penalty
    1023        0.00056663      a_ia      1023                            0.00566630        10
    1582       -0.00056114      a_ia      1582                           -0.00112228         2
    1600        0.00050932      a_ia      1600                            0.00203729         4
     827        0.00049900      a_ia       827                            0.00099801         2
    1327       -0.00049155      a_ia      1327                           -0.00884783        18
    1590       -0.00045813      a_ia      1590                           -0.00366507         8
    1111        0.00044483      a_ia      1111                            0.00177931         4
    1498        0.00042974      a_ia      1498                            0.00085947         2
    1188        0.00042784      a_ia      1188                            0.00085568         2
    1410       -0.00042141      a_ia      1410                           -0.00168563         4

  ==> Add operator: a_ia 1023
  ==> Current qubit order: 0  1  2  3  4  5  6  7  8  9  10  11  12  13  14  15  17  18  19  22  23  24  25  26  27  32  33  40  41  44  34  45  53  48  43  46  29  37  55  52  42  49  47  54  28  56  35  57  20  66  16  67  91  21  87  58  61  60  59  69  70  62  86  72  73  63  71  31  74  75  68  65  64  77  80  51  79  85  39  92  30  36  76  78  50  90  81  83  84  82  38  88  89  93  94  95  


  ==> Energy                -256.196359894
  ==> dE                       -1.19e-05
  ==> Gradient Norm             2.96e-01
  ==> Abs. Max. Deriv.          6.86e-02
  ==> Time-Grad. (s)             467.561
  ==> Time-Energy (s)            101.104
  ==> Time-Iter. (s)             569.656

--------------------------------------------------------------------------------
CEO-ADAPT-VQE iteration: 346
--------------------------------------------------------------------------------
    gate        derivative      name       op1       op2       op3        g_unscaled   penalty
    1582       -0.00056110      a_ia      1582                           -0.00112221         2
    1498        0.00051036      a_ia      1498                            0.00102072         2
    1600        0.00050938      a_ia      1600                            0.00203750         4
     827        0.00050412      a_ia       827                            0.00100824         2
    1327       -0.00049141      a_ia      1327                           -0.00884545        18
    1590       -0.00045809      a_ia      1590                           -0.00366470         8
    1111        0.00044403      a_ia      1111                            0.00177614         4
    1188        0.00042717      a_ia      1188                            0.00085434         2
    1410       -0.00040377      a_ia      1410                           -0.00161509         4
    1647       -0.00039781      a_ia      1647                           -0.00159122         4

  ==> Add operator: a_ia 1582
  ==> Current qubit order: 0  1  2  3  4  5  6  7  8  9  10  11  12  13  14  15  17  18  19  22  23  24  25  26  27  32  33  40  41  44  34  45  53  48  43  46  29  37  55  52  42  49  47  54  28  56  35  57  20  66  16  67  91  21  87  58  61  60  59  69  70  62  86  72  73  63  71  31  74  75  68  65  64  77  80  51  79  85  39  92  30  36  76  78  50  90  81  83  84  82  38  88  89  93  94  95  


  ==> Energy                -256.196366615
  ==> dE                       -6.72e-06
  ==> Gradient Norm             2.90e-01
  ==> Abs. Max. Deriv.          3.47e-02
  ==> Time-Grad. (s)             476.245
  ==> Time-Energy (s)             90.773
  ==> Time-Iter. (s)             568.002

--------------------------------------------------------------------------------
CEO-ADAPT-VQE iteration: 347
--------------------------------------------------------------------------------
    gate        derivative      name       op1       op2       op3        g_unscaled   penalty
    1600        0.00051031      a_ia      1600                            0.00204123         4
    1498        0.00051016      a_ia      1498                            0.00102032         2
     827        0.00050399      a_ia       827                            0.00100799         2
    1327       -0.00049141      a_ia      1327                           -0.00884542        18
    1590       -0.00045856      a_ia      1590                           -0.00366851         8
    1111        0.00044387      a_ia      1111                            0.00177550         4
    1188        0.00042722      a_ia      1188                            0.00085443         2
    1410       -0.00040383      a_ia      1410                           -0.00161531         4
    1647       -0.00039781      a_ia      1647                           -0.00159126         4
    1406       -0.00036525      a_ia      1406                           -0.00219151         6

  ==> Add operator: a_ia 1600
  ==> Current qubit order: 0  1  2  3  4  5  6  7  8  9  10  11  12  13  14  15  17  18  19  22  23  24  25  26  27  32  33  40  41  44  34  45  53  48  43  46  29  37  55  52  42  49  47  54  28  56  35  57  20  66  16  67  91  21  87  58  61  60  59  69  70  62  86  72  73  63  71  31  74  75  68  65  64  77  80  79  51  85  39  92  30  36  76  78  50  90  81  83  84  82  38  88  89  93  94  95  


  ==> Energy                -256.196391375
  ==> dE                       -2.48e-05
  ==> Gradient Norm             2.77e-01
  ==> Abs. Max. Deriv.          2.52e-02
  ==> Time-Grad. (s)             462.606
  ==> Time-Energy (s)             86.064
  ==> Time-Iter. (s)             549.659

--------------------------------------------------------------------------------
CEO-ADAPT-VQE iteration: 348
--------------------------------------------------------------------------------
    gate        derivative      name       op1       op2       op3        g_unscaled   penalty
    1499        0.00051988      a_ia      1499                            0.00103975         2
     828        0.00050413      a_ia       828                            0.00100826         2
    1328       -0.00049662      a_ia      1328                           -0.00893924        18
    1331       -0.00045938      a_ia      1331                           -0.00091876         2
    1112        0.00044487      a_ia      1112                            0.00177949         4
    1189        0.00042800      a_ia      1189                            0.00085599         2
    1411       -0.00040300      a_ia      1411                           -0.00161200         4
    1648       -0.00039810      a_ia      1648                           -0.00159240         4
    1591       -0.00036569      a_ia      1591                           -0.00365690        10
    1407       -0.00036565      a_ia      1407                           -0.00219389         6

  ==> Add operator: a_ia 1499
  ==> Current qubit order: 0  1  2  3  4  5  6  7  8  9  10  11  12  13  14  15  17  18  19  22  23  24  25  26  27  32  33  40  41  44  34  45  53  48  43  46  29  37  55  52  42  49  47  54  28  56  35  57  20  66  16  67  91  21  87  58  61  60  59  69  70  62  86  72  73  63  71  31  74  75  68  65  64  77  80  79  51  85  39  92  30  36  76  78  50  90  81  83  84  82  38  88  89  93  94  95  


  ==> Energy                -256.196392313
  ==> dE                       -9.38e-07
  ==> Gradient Norm             2.89e-01
  ==> Abs. Max. Deriv.          2.75e-02
  ==> Time-Grad. (s)             486.228
  ==> Time-Energy (s)             63.603
  ==> Time-Iter. (s)             550.795

--------------------------------------------------------------------------------
CEO-ADAPT-VQE iteration: 349
--------------------------------------------------------------------------------
    gate        derivative      name       op1       op2       op3        g_unscaled   penalty
     828        0.00050162      a_ia       828                            0.00100324         2
    1329       -0.00049717      a_ia      1329                           -0.00894901        18
    1112        0.00044020      a_ia      1112                            0.00176082         4
    1332       -0.00043868      a_ia      1332                           -0.00087735         2
    1190        0.00042797      a_ia      1190                            0.00085594         2
    1649       -0.00039813      a_ia      1649                           -0.00159253         4
    1412       -0.00038410      a_ia      1412                           -0.00153639         4
   88162        0.00037068        om     37238     37239                  0.04188630       113
    1592       -0.00036574      a_ia      1592                           -0.00365740        10
    1408       -0.00036548      a_ia      1408                           -0.00219286         6

  ==> Add operator: a_ia 828
  ==> Current qubit order: 0  1  2  3  4  5  6  7  8  9  10  11  12  13  14  15  17  18  19  22  23  24  25  26  27  32  33  40  41  44  34  45  53  48  43  46  29  37  55  52  42  49  47  54  28  56  35  57  20  66  16  67  91  21  87  58  61  60  59  69  70  62  86  72  73  63  71  31  74  75  68  65  64  77  80  79  51  85  39  92  30  36  76  78  50  90  81  83  84  82  38  88  89  93  94  95  


  ==> Energy                -256.196392508
  ==> dE                       -1.96e-07
  ==> Gradient Norm             3.06e-01
  ==> Abs. Max. Deriv.          6.07e-02
  ==> Time-Grad. (s)             465.139
  ==> Time-Energy (s)             78.764
  ==> Time-Iter. (s)             544.877

--------------------------------------------------------------------------------
CEO-ADAPT-VQE iteration: 350
--------------------------------------------------------------------------------
