Energy (SCF): -307.372723481

--------------------------------------------------------------------------------
CEO-ADAPT-VQE iteration: 1
--------------------------------------------------------------------------------
    gate        derivative      name       op1       op2       op3        g_unscaled   penalty
   46318        0.00305278        op      1950      1951                  0.07631960        25
   46319        0.00305278        om      1950      1951                  0.07631960        25
   46320        0.00264513        op      1952      1953                  0.08728929        33
   46321        0.00264513        om      1952      1953                  0.08728929        33
   46212        0.00220012        op      1844      1845                  0.09020482        41
   46213        0.00220012        om      1844      1845                  0.09020482        41
    1950        0.00186145    a_iajb      1950                            0.07631960        41
    1952        0.00178141    a_iajb      1952                            0.08728929        49
    1844        0.00158254    a_iajb      1844                            0.09020482        57
   46324        0.00130002        op      1956      1957                  0.06370090        49

  ==> Add operator: op -1: 1950 1951
  ==> Current qubit order: 0  1  2  3  4  5  6  7  8  9  10  11  12  13  14  15  16  17  18  19  20  21  22  23  24  25  26  27  28  29  30  31  32  33  34  35  36  37  38  39  40  41  42  43  44  45  46  47  48  49  50  51  52  53  54  55  56  57  58  59  60  61  62  63  64  65  66  67  68  69  70  71  72  73  74  75  76  77  78  79  80  81  82  83  84  85  86  87  88  89  90  91  92  93  94  95  96  97  98  99  100  101  102  103  


  ==> Energy                -307.376258618
  ==> dE                       -3.54e-03
  ==> Gradient Norm             6.24e-01
  ==> Abs. Max. Deriv.          9.02e-02
  ==> Time-Grad. (s)              58.213
  ==> Time-Energy (s)             10.823
  ==> Time-Iter. (s)              69.150

--------------------------------------------------------------------------------
CEO-ADAPT-VQE iteration: 2
--------------------------------------------------------------------------------
    gate        derivative      name       op1       op2       op3        g_unscaled   penalty
   97082        0.00234538        op     40724     40725                  0.07739767        33
   97083        0.00234538        om     40724     40725                  0.07739767        33
   95590        0.00192625        op     39577     39578                  0.07897631        41
   95591        0.00192625        om     39577     39578                  0.07897631        41
   40724        0.00157954    a_iajb     40724                            0.07739767        49
   39577        0.00138555    a_iajb     39577                            0.07897631        57
   97090        0.00115246        op     40732     40733                  0.05647039        49
   97091        0.00115246        om     40732     40733                  0.05647039        49
   95596        0.00108818        op     39583     39584                  0.05332098        49
   95597        0.00108818        om     39583     39584                  0.05332098        49

  ==> Add operator: op -1: 40724 40725
  ==> Current qubit order: 0  1  2  3  4  5  6  7  8  9  10  11  12  13  14  15  16  17  18  19  20  21  22  23  24  25  26  27  28  29  30  31  32  33  34  35  36  37  38  39  40  41  42  43  44  45  46  47  48  49  50  51  54  55  52  53  56  57  58  59  60  61  62  63  64  65  66  67  68  69  70  71  72  73  74  75  76  77  78  79  80  81  82  83  84  85  86  87  88  89  90  91  92  93  94  95  96  97  98  99  100  101  102  103  


  ==> Energy                -307.378324009
  ==> dE                       -2.07e-03
  ==> Gradient Norm             6.00e-01
  ==> Abs. Max. Deriv.          7.90e-02
  ==> Time-Grad. (s)              61.487
  ==> Time-Energy (s)             14.471
  ==> Time-Iter. (s)              77.770

--------------------------------------------------------------------------------
CEO-ADAPT-VQE iteration: 3
--------------------------------------------------------------------------------
    gate        derivative      name       op1       op2       op3        g_unscaled   penalty
   82723        0.00023158        op     29162     29163                  0.04840040       209
   82724        0.00023158        om     29162     29163                  0.04840040       209
   44703        0.00022500        op       139       140                  0.05782412       257
   44704        0.00022500        om       139       140                  0.05782412       257
   29162        0.00021511    a_iajb     29162                            0.04840040       225
     139        0.00021181    a_iajb       139                            0.05782412       273
   78401        0.00020825        op     25860     25861                  0.03852588       185
   78402        0.00020825        om     25860     25861                  0.03852588       185
   90969       -0.00020382        op     35449     35450                 -0.02547716       125
   90970       -0.00020382        op     35449     35450                 -0.02547716       125

  ==> Add operator: op -1: 29162 29163
  ==> Current qubit order: 0  1  2  3  4  5  6  7  8  9  10  11  12  13  16  17  18  19  20  21  22  23  24  25  26  27  28  29  30  31  32  33  34  35  36  37  14  15  62  63  38  39  40  41  42  43  44  45  46  47  48  49  50  51  54  55  52  53  56  57  58  59  60  61  64  65  66  67  68  69  70  71  72  73  74  75  76  77  78  79  80  81  82  83  84  85  86  87  88  89  90  91  92  93  94  95  96  97  98  99  100  101  102  103  


  ==> Energy                -307.378597245
  ==> dE                       -2.73e-04
  ==> Gradient Norm             4.10e-01
  ==> Abs. Max. Deriv.          5.78e-02
  ==> Time-Grad. (s)              62.826
  ==> Time-Energy (s)             11.068
  ==> Time-Iter. (s)              75.380

--------------------------------------------------------------------------------
CEO-ADAPT-VQE iteration: 4
--------------------------------------------------------------------------------
    gate        derivative      name       op1       op2       op3        g_unscaled   penalty
   69428        0.00026938        op     18928     18929                  0.03906022       145
   69429        0.00026938        om     18928     18929                  0.03906022       145
  101374        0.00025019        op     43143     43144                  0.02426859        97
  101375        0.00025019        om     43143     43144                  0.02426859        97
   18928        0.00024261    a_iajb     18928                            0.03906022       161
   44780        0.00021820        op       166       167                  0.05782412       265
   44781        0.00021820        om       166       167                  0.05782412       265
   43143        0.00021477    a_iajb     43143                            0.02426859       113
     166        0.00020578    a_iajb       166                            0.05782412       281
   69430        0.00016562        op     18930     18931                  0.04123897       249

  ==> Add operator: op -1: 18928 18929
  ==> Current qubit order: 0  1  2  3  4  5  8  9  10  11  12  13  16  17  18  19  20  21  22  23  6  7  62  63  24  25  26  27  28  29  30  31  32  33  34  35  36  37  14  15  38  39  40  41  42  43  44  45  46  47  48  49  50  51  54  55  52  53  56  57  58  59  60  61  64  65  66  67  68  69  70  71  72  73  74  75  76  77  78  79  80  81  82  83  84  85  86  87  88  89  90  91  92  93  94  95  96  97  98  99  100  101  102  103  


  ==> Energy                -307.378738326
  ==> dE                       -1.41e-04
  ==> Gradient Norm             3.21e-01
  ==> Abs. Max. Deriv.          5.78e-02
  ==> Time-Grad. (s)             173.681
  ==> Time-Energy (s)             11.374
  ==> Time-Iter. (s)             186.688

--------------------------------------------------------------------------------
CEO-ADAPT-VQE iteration: 5
--------------------------------------------------------------------------------
    gate        derivative      name       op1       op2       op3        g_unscaled   penalty
   96887       -0.00027926        op     39791     39792                 -0.02597107        93
   96888       -0.00027926        om     39791     39792                 -0.02597107        93
   39791       -0.00023827    a_iajb     39791                           -0.02597107       109
   44783        0.00021820        op       188       189                  0.05782412       265
   44784        0.00021820        om       188       189                  0.05782412       265
   75525        0.00021034        op     23631     23632                  0.04059620       193
   75526        0.00021034        om     23631     23632                  0.04059620       193
     188        0.00020578    a_iajb       188                            0.05782412       281
  100771        0.00020554        op     42721     42722                  0.01007129        49
  100772        0.00020554        om     42721     42722                  0.01007129        49

  ==> Add operator: op -1: 39791 39792
  ==> Current qubit order: 0  1  2  3  4  5  8  9  10  11  12  13  16  17  18  19  20  21  22  23  6  7  62  63  24  25  26  27  28  29  30  31  33  34  35  36  37  14  15  38  39  40  41  42  43  44  45  46  47  48  49  32  51  58  59  50  54  55  52  53  56  57  60  61  64  65  66  67  68  69  70  71  72  73  74  75  76  77  78  79  80  81  82  83  84  85  86  87  88  89  90  91  92  93  94  95  96  97  98  99  100  101  102  103  


  ==> Energy                -307.378877653
  ==> dE                       -1.39e-04
  ==> Gradient Norm             2.93e-01
  ==> Abs. Max. Deriv.          5.78e-02
  ==> Time-Grad. (s)              62.304
  ==> Time-Energy (s)             11.273
  ==> Time-Iter. (s)              75.079

--------------------------------------------------------------------------------
CEO-ADAPT-VQE iteration: 6
--------------------------------------------------------------------------------
    gate        derivative      name       op1       op2       op3        g_unscaled   penalty
   44763        0.00021820        op       214       215                  0.05782412       265
   44764        0.00021820        om       214       215                  0.05782412       265
     214        0.00020578    a_iajb       214                            0.05782412       281
   58019        0.00015904        op     10275     10276                  0.01542642        97
   58020        0.00015904        om     10275     10276                  0.01542642        97
   10275        0.00013652    a_iajb     10275                            0.01542642       113
   99827        0.00008173        op     42048     42049                  0.01332178       163
   99828        0.00008173        om     42048     42049                  0.01332178       163
   58023        0.00008032        op     10279     10280                  0.02128362       265
   58024        0.00008032        om     10279     10280                  0.02128362       265

  ==> Add operator: op -1: 214 215
  ==> Current qubit order: 2  3  4  5  8  9  10  11  12  13  16  17  18  19  20  21  22  23  6  7  62  63  24  25  26  27  28  29  30  31  33  0  1  60  61  34  35  36  37  14  15  38  39  40  41  42  43  44  45  46  47  48  49  32  51  58  59  50  54  55  52  53  56  57  64  65  66  67  68  69  70  71  72  73  74  75  76  77  78  79  80  81  82  83  84  85  86  87  88  89  90  91  92  93  94  95  96  97  98  99  100  101  102  103  


  ==> Energy                -307.379114024
  ==> dE                       -2.36e-04
  ==> Gradient Norm             2.27e-01
  ==> Abs. Max. Deriv.          5.78e-02
  ==> Time-Grad. (s)              66.940
  ==> Time-Energy (s)             11.214
  ==> Time-Iter. (s)              79.775

--------------------------------------------------------------------------------
CEO-ADAPT-VQE iteration: 7
--------------------------------------------------------------------------------
    gate        derivative      name       op1       op2       op3        g_unscaled   penalty
   49736        0.00043330        op      4044      4045                  0.01343218        31
   49737        0.00043330        om      4044      4045                  0.01343218        31
    4044        0.00028579    a_iajb      4044                            0.01343218        47
   86940        0.00022655        op     32353     32354                  0.02650628       117
   86941        0.00022655        om     32353     32354                  0.02650628       117
   32353        0.00019930    a_iajb     32353                            0.02650628       133
   98566        0.00018052        op     41216     41217                  0.01534406        85
   98567        0.00018052        om     41216     41217                  0.01534406        85
   99661        0.00018000        om     42052     42053                  0.01170021        65
   99660        0.00016232        op     42052     42053                  0.01055105        65

  ==> Add operator: op -1: 4044 4045
  ==> Current qubit order: 2  3  4  5  8  9  10  11  12  13  16  17  18  19  20  21  22  23  6  7  62  63  24  25  26  27  28  29  30  33  31  0  60  61  1  34  35  36  37  14  15  38  39  40  41  42  43  44  45  46  47  48  49  32  51  58  59  50  54  55  52  53  56  57  64  65  66  67  68  69  70  71  72  73  74  75  76  77  78  79  80  81  82  83  84  85  86  87  88  89  90  91  92  93  94  95  96  97  98  99  100  101  102  103  


  ==> Energy                -307.379131737
  ==> dE                       -1.77e-05
  ==> Gradient Norm             2.27e-01
  ==> Abs. Max. Deriv.          2.65e-02
  ==> Time-Grad. (s)              73.030
  ==> Time-Energy (s)             11.439
  ==> Time-Iter. (s)              85.855

--------------------------------------------------------------------------------
CEO-ADAPT-VQE iteration: 8
--------------------------------------------------------------------------------
    gate        derivative      name       op1       op2       op3        g_unscaled   penalty
   62681        0.00015901        op     13818     13819                  0.01542368        97
   62682        0.00015901        om     13818     13819                  0.01542368        97
   90883       -0.00014034        op     35303     35304                 -0.00968357        69
   90884       -0.00014034        op     35303     35304                 -0.00968357        69
   90887       -0.00014034        op     35303     35305                 -0.00968357        69
   90888       -0.00014034        op     35303     35305                 -0.00968357        69
   13818        0.00013649    a_iajb     13818                            0.01542368       113
   44793        0.00011667        op       298       299                  0.02251639       193
   44794        0.00011667        om       298       299                  0.02251639       193
   44751        0.00011657        op       256       257                  0.01410460       121

  ==> Add operator: op -1: 13818 13819
  ==> Current qubit order: 4  5  8  9  10  11  12  13  2  3  62  63  16  17  18  19  20  21  22  23  6  7  24  25  26  27  28  29  30  33  31  0  60  61  1  34  35  36  37  14  15  38  39  40  41  42  43  44  45  46  47  48  49  32  51  58  59  50  54  55  52  53  56  57  64  65  66  67  68  69  70  71  72  73  74  75  76  77  78  79  80  81  82  83  84  85  86  87  88  89  90  91  92  93  94  95  96  97  98  99  100  101  102  103  


  ==> Energy                -307.379149614
  ==> dE                       -1.79e-05
  ==> Gradient Norm             2.16e-01
  ==> Abs. Max. Deriv.          2.25e-02
  ==> Time-Grad. (s)              63.998
  ==> Time-Energy (s)             11.699
  ==> Time-Iter. (s)              77.161

--------------------------------------------------------------------------------
CEO-ADAPT-VQE iteration: 9
--------------------------------------------------------------------------------
    gate        derivative      name       op1       op2       op3        g_unscaled   penalty
   87601        0.00016695        op     32754     32755                  0.01786327       107
   87602        0.00016695        om     32754     32755                  0.01786327       107
   32754        0.00014523    a_iajb     32754                            0.01786327       123
   44863        0.00011667        op       333       334                  0.02251736       193
   44864        0.00011667        om       333       334                  0.02251736       193
   44819        0.00011657        op       289       290                  0.01410544       121
   44820        0.00011657        om       289       290                  0.01410544       121
   44845        0.00011607        op       315       316                  0.01775894       153
   44846        0.00011607        om       315       316                  0.01775894       153
   96175        0.00011235        op     39216     39217                  0.01291971       115

  ==> Add operator: op -1: 32754 32755
  ==> Current qubit order: 4  5  8  9  10  11  12  13  2  3  16  17  18  19  20  21  23  6  7  62  63  22  15  24  25  26  27  28  29  30  33  31  0  60  61  1  34  35  36  37  14  38  39  40  41  42  43  44  45  46  47  48  49  32  51  58  59  50  54  55  52  53  56  57  64  65  66  67  68  69  70  71  72  73  74  75  76  77  78  79  80  81  82  83  84  85  86  87  88  89  90  91  92  93  94  95  96  97  98  99  100  101  102  103  


  ==> Energy                -307.379189889
  ==> dE                       -4.03e-05
  ==> Gradient Norm             2.15e-01
  ==> Abs. Max. Deriv.          2.25e-02
  ==> Time-Grad. (s)             162.554
  ==> Time-Energy (s)             11.948
  ==> Time-Iter. (s)             176.043

--------------------------------------------------------------------------------
CEO-ADAPT-VQE iteration: 10
--------------------------------------------------------------------------------
    gate        derivative      name       op1       op2       op3        g_unscaled   penalty
   87004       -0.00017107        op     32473     32474                 -0.02138419       125
   87005       -0.00017107        om     32473     32474                 -0.02138419       125
   32473       -0.00015166    a_iajb     32473                           -0.02138419       141
   85210       -0.00013138        op     31129     31130                 -0.00748844        57
   85211       -0.00013138        om     31129     31130                 -0.00748844        57
   97420        0.00012987        op     40444     40445                  0.01441563       111
   97421        0.00012987        op     40444     40445                  0.01441563       111
   97424        0.00012987        op     40444     40446                  0.01441563       111
   97425        0.00012987        op     40444     40446                  0.01441563       111
   44756        0.00012632        op       338       339                  0.01856923       147

  ==> Add operator: op -1: 32473 32474
  ==> Current qubit order: 4  5  8  9  10  11  12  13  2  3  16  17  18  19  20  21  23  6  7  62  63  22  15  24  25  26  27  28  29  30  31  0  60  61  1  34  35  36  37  38  39  40  41  42  43  44  33  14  59  68  45  46  47  48  49  32  51  58  50  54  55  52  53  56  57  64  65  66  67  69  70  71  72  73  74  75  76  77  78  79  80  81  82  83  84  85  86  87  88  89  90  91  92  93  94  95  96  97  98  99  100  101  102  103  


  ==> Energy                -307.379247653
  ==> dE                       -5.78e-05
  ==> Gradient Norm             2.21e-01
  ==> Abs. Max. Deriv.          2.25e-02
  ==> Time-Grad. (s)             171.747
  ==> Time-Energy (s)             11.884
  ==> Time-Iter. (s)             185.111

--------------------------------------------------------------------------------
CEO-ADAPT-VQE iteration: 11
--------------------------------------------------------------------------------
    gate        derivative      name       op1       op2       op3        g_unscaled   penalty
   87330        0.00029474        op     32770     32772                  0.01974786        67
   87331        0.00029474        op     32770     32772                  0.01974786        67
   87326        0.00029200        op     32770     32771                  0.01956367        67
   87327        0.00029200        op     32770     32771                  0.01956367        67
   32770        0.00023571    a_iajb     32770                            0.01956367        83
   87316       -0.00013286        op     32760     32761                 -0.01926514       145
   44792        0.00013208        op       388       389                  0.01624599       123
   44793        0.00013208        om       388       389                  0.01624599       123
   87317       -0.00013191        om     32760     32761                 -0.01912764       145
   32760       -0.00011923    a_iajb     32760                           -0.01919639       161

  ==> Add operator: mvp2 -1: 32770 32772
  ==> Current qubit order: 4  5  8  9  10  11  12  13  2  3  16  17  18  19  20  21  23  6  7  62  22  24  25  63  15  27  61  26  28  29  30  31  0  60  1  34  35  36  37  38  39  40  41  42  43  44  33  14  59  68  45  46  47  48  49  32  51  58  50  54  55  52  53  56  57  64  65  66  67  69  70  71  72  73  74  75  76  77  78  79  80  81  82  83  84  85  86  87  88  89  90  91  92  93  94  95  96  97  98  99  100  101  102  103  


  ==> Energy                -307.379298442
  ==> dE                       -5.08e-05
  ==> Gradient Norm             2.15e-01
  ==> Abs. Max. Deriv.          2.25e-02
  ==> Time-Grad. (s)             160.802
  ==> Time-Energy (s)             11.797
  ==> Time-Iter. (s)             174.091

--------------------------------------------------------------------------------
CEO-ADAPT-VQE iteration: 12
--------------------------------------------------------------------------------
    gate        derivative      name       op1       op2       op3        g_unscaled   penalty
      61        0.00066911      a_ia        61                            0.00133822         2
   93759        0.00029456        op     37546     37547                  0.04919212       167
   93760        0.00029456        om     37546     37547                  0.04919212       167
   98647       -0.00029010        op     41285     41286                 -0.02291806        79
   98648       -0.00029010        om     41285     41286                 -0.02291806        79
   37546        0.00026881    a_iajb     37546                            0.04919212       183
   41285       -0.00024124    a_iajb     41285                           -0.02291806        95
   96379        0.00014248        op     39575     39576                  0.01610063       113
   96380        0.00014248        om     39575     39576                  0.01610063       113
   93175       -0.00013609        op     37070     37071                 -0.01428946       105

  ==> Add operator: a_ia 61
  ==> Current qubit order: 4  5  8  9  10  11  12  13  2  3  16  17  18  19  20  21  23  6  7  62  22  24  25  63  15  27  61  26  28  29  30  31  0  60  1  34  35  36  37  38  39  40  41  42  43  44  33  14  59  68  45  46  47  48  49  32  51  58  50  54  55  52  53  56  57  64  65  66  67  69  70  71  72  73  74  75  76  77  78  79  80  81  82  83  84  85  86  87  88  89  90  91  92  93  94  95  96  97  98  99  100  101  102  103  


  ==> Energy                -307.379298763
  ==> dE                       -3.21e-07
  ==> Gradient Norm             2.34e-01
  ==> Abs. Max. Deriv.          4.92e-02
  ==> Time-Grad. (s)              70.298
  ==> Time-Energy (s)              8.009
  ==> Time-Iter. (s)              79.789

--------------------------------------------------------------------------------
CEO-ADAPT-VQE iteration: 13
--------------------------------------------------------------------------------
    gate        derivative      name       op1       op2       op3        g_unscaled   penalty
     100        0.00045792      a_ia       100                            0.00915830        20
      73       -0.00044866      a_ia        73                           -0.00089732         2
   97276       -0.00024402        op     40204     40205                 -0.02513408       103
   97277       -0.00022065        om     40204     40205                 -0.02272658       103
   40204       -0.00020110    a_iajb     40204                           -0.02393033       119
   92490        0.00016772        op     36531     36532                  0.01056616        63
   92491        0.00016772        om     36531     36532                  0.01056616        63
   96441       -0.00014358        om     39560     39561                 -0.01478917       103
   96440       -0.00014358        op     39560     39561                 -0.01478917       103
   44834        0.00013427        op       467       468                  0.01624644       121

  ==> Add operator: a_ia 100
  ==> Current qubit order: 4  5  8  9  10  11  12  13  2  3  16  17  18  19  20  21  23  6  7  62  22  24  25  63  15  27  61  26  28  29  30  31  0  60  1  34  35  36  37  38  39  40  41  42  43  44  33  14  59  68  45  46  48  49  32  51  58  50  54  55  52  47  53  56  57  64  65  66  67  69  70  71  72  73  74  75  76  77  78  79  80  81  82  83  84  85  86  87  88  89  90  91  92  93  94  95  96  97  98  99  100  101  102  103  


  ==> Energy                -307.379370920
  ==> dE                       -7.22e-05
  ==> Gradient Norm             2.23e-01
  ==> Abs. Max. Deriv.          2.51e-02
  ==> Time-Grad. (s)              63.112
  ==> Time-Energy (s)              0.330
  ==> Time-Iter. (s)              64.919

--------------------------------------------------------------------------------
CEO-ADAPT-VQE iteration: 14
--------------------------------------------------------------------------------
    gate        derivative      name       op1       op2       op3        g_unscaled   penalty
  100341        0.00067380        om     42495     42496                  0.04379715        65
  100340        0.00067380        op     42495     42496                  0.04379715        65
      77       -0.00058448      a_ia        77                           -0.00116895         2
   42495        0.00054071    a_iajb     42495                            0.04379715        81
   91438        0.00030149        op     35750     35751                  0.01115495        37
   91439        0.00030149        om     35750     35751                  0.01115495        37
   35750        0.00021047    a_iajb     35750                            0.01115495        53
   90110        0.00015056        op     34707     34708                  0.02243385       149
   90111        0.00014799        om     34707     34708                  0.02205053       149
     116        0.00013899      a_ia       116                            0.00083392         6

  ==> Add operator: om -1: 42495 42496
  ==> Current qubit order: 4  5  8  9  10  11  12  13  2  3  16  17  18  19  20  21  23  6  7  62  22  24  25  63  15  27  61  26  28  29  30  31  0  60  1  34  35  36  37  38  39  40  41  42  43  44  33  14  68  45  48  49  59  46  58  47  32  51  50  54  55  52  53  56  57  64  65  66  67  69  70  71  72  73  74  75  76  77  78  79  80  81  82  83  84  85  86  87  88  89  90  91  92  93  94  95  96  97  98  99  100  101  102  103  


  ==> Energy                -307.379748983
  ==> dE                       -3.78e-04
  ==> Gradient Norm             2.23e-01
  ==> Abs. Max. Deriv.          4.38e-02
  ==> Time-Grad. (s)              62.374
  ==> Time-Energy (s)              0.439
  ==> Time-Iter. (s)              64.296

--------------------------------------------------------------------------------
CEO-ADAPT-VQE iteration: 15
--------------------------------------------------------------------------------
    gate        derivative      name       op1       op2       op3        g_unscaled   penalty
      83       -0.00058576      a_ia        83                           -0.00117152         2
   80117       -0.00029430        op     27166     27167                 -0.01206631        41
   80118       -0.00029430        om     27166     27167                 -0.01206631        41
   27166       -0.00021169    a_iajb     27166                           -0.01206631        57
     124        0.00020811      a_ia       124                            0.00083246         4
   44889        0.00013652        op       548       549                  0.01624644       119
   44890        0.00013652        om       548       549                  0.01624644       119
   90719        0.00012872        op     35218     35219                  0.03102201       241
   90720        0.00012872        om     35218     35219                  0.03102201       241
   44867        0.00012464        op       526       527                  0.01857086       149

  ==> Add operator: a_ia 83
  ==> Current qubit order: 4  5  8  9  10  11  12  13  2  3  16  17  18  19  20  21  23  6  7  62  22  24  25  63  15  27  61  26  28  29  30  31  0  60  1  34  35  36  37  38  39  40  41  42  43  44  33  14  68  45  48  49  59  46  58  47  32  51  50  54  55  52  53  56  57  64  65  66  67  69  70  71  72  73  74  75  76  77  78  79  80  81  82  83  84  85  86  87  88  89  90  91  92  93  94  95  96  97  98  99  100  101  102  103  


  ==> Energy                -307.379749393
  ==> dE                       -4.11e-07
  ==> Gradient Norm             2.19e-01
  ==> Abs. Max. Deriv.          3.10e-02
  ==> Time-Grad. (s)             163.905
  ==> Time-Energy (s)              0.800
  ==> Time-Iter. (s)             166.174

--------------------------------------------------------------------------------
CEO-ADAPT-VQE iteration: 16
--------------------------------------------------------------------------------
    gate        derivative      name       op1       op2       op3        g_unscaled   penalty
     129        0.00020805      a_ia       129                            0.00083218         4
   85082       -0.00013801        op     31036     31037                 -0.00841867        61
   85083       -0.00013801        om     31036     31037                 -0.00841867        61
   44886        0.00013652        op       572       573                  0.01624637       119
   44887        0.00013652        om       572       573                  0.01624637       119
   44864        0.00012464        op       550       551                  0.01857094       149
   44865        0.00012445        om       550       551                  0.01854372       149
     572        0.00012034    a_iajb       572                            0.01624637       135
   79820        0.00011854        op     27067     27068                  0.01078707        91
   79821        0.00011854        om     27067     27068                  0.01078707        91

  ==> Add operator: a_ia 129
  ==> Current qubit order: 4  5  8  9  10  11  12  13  2  3  16  17  18  19  20  21  23  6  7  62  22  24  25  63  15  27  61  26  28  29  30  31  0  60  1  34  35  36  37  38  39  40  41  42  43  44  33  14  68  45  48  49  59  46  58  47  32  51  50  54  52  55  53  56  57  64  65  66  67  69  70  71  72  73  74  75  76  77  78  79  80  81  82  83  84  85  86  87  88  89  90  91  92  93  94  95  96  97  98  99  100  101  102  103  


  ==> Energy                -307.379782905
  ==> dE                       -3.35e-05
  ==> Gradient Norm             2.05e-01
  ==> Abs. Max. Deriv.          2.25e-02
  ==> Time-Grad. (s)              59.570
  ==> Time-Energy (s)              0.691
  ==> Time-Iter. (s)              61.727

--------------------------------------------------------------------------------
CEO-ADAPT-VQE iteration: 17
--------------------------------------------------------------------------------
    gate        derivative      name       op1       op2       op3        g_unscaled   penalty
  100150       -0.00019350        om     42603     42604                 -0.00986825        51
  100149       -0.00019138        op     42603     42604                 -0.00976057        51
   42603       -0.00014648    a_iajb     42603                           -0.00981441        67
   96326        0.00013758        om     39661     39662                  0.00674144        49
   96325        0.00013758        op     39661     39662                  0.00674142        49
   79479       -0.00013670        op     26817     26818                 -0.01353356        99
   79480       -0.00013670        om     26817     26818                 -0.01353356        99
   44837        0.00013652        op       599       600                  0.01624637       119
   44838        0.00013652        om       599       600                  0.01624637       119
   90753       -0.00013345        op     35378     35380                 -0.02415477       181

  ==> Add operator: mvp2 -1: 42603 42604
  ==> Current qubit order: 4  5  8  9  10  11  12  13  2  3  16  17  18  19  20  21  23  6  7  62  22  24  25  63  15  27  61  26  28  29  30  31  0  60  1  34  35  36  37  38  39  40  41  42  43  44  33  14  68  45  49  46  58  47  48  59  51  52  32  50  54  55  53  56  57  64  65  66  67  69  70  71  72  73  74  75  76  77  78  79  80  81  82  83  84  85  86  87  88  89  90  91  92  93  94  95  96  97  98  99  100  101  102  103  


  ==> Energy                -307.379820261
  ==> dE                       -3.74e-05
  ==> Gradient Norm             2.15e-01
  ==> Abs. Max. Deriv.          3.17e-02
  ==> Time-Grad. (s)              60.002
  ==> Time-Energy (s)              1.174
  ==> Time-Iter. (s)              62.616

--------------------------------------------------------------------------------
CEO-ADAPT-VQE iteration: 18
--------------------------------------------------------------------------------
    gate        derivative      name       op1       op2       op3        g_unscaled   penalty
   79541        0.00019427        op     26806     26807                  0.04060173       209
   79542        0.00019427        om     26806     26807                  0.04060173       209
   26806        0.00018045    a_iajb     26806                            0.04060173       225
   96198       -0.00015319        om     39445     39446                 -0.01485989        97
   96197       -0.00015319        op     39445     39446                 -0.01485988        97
   96201        0.00015047        op     39449     39450                  0.01610063       107
   96202        0.00015047        om     39449     39450                  0.01610063       107
   44901        0.00013652        op       632       633                  0.01624637       119
   44902        0.00013652        om       632       633                  0.01624637       119
   39445       -0.00013150    a_iajb     39445                           -0.01485989       113

  ==> Add operator: op -1: 26806 26807
  ==> Current qubit order: 4  5  8  9  10  11  12  13  2  3  16  17  18  19  20  21  23  62  22  24  25  63  15  27  61  26  28  29  30  31  0  60  1  34  35  36  37  38  39  40  41  6  7  64  65  42  43  44  33  14  68  45  49  46  58  47  48  59  51  52  32  50  54  55  53  56  57  66  67  69  70  71  72  73  74  75  76  77  78  79  80  81  82  83  84  85  86  87  88  89  90  91  92  93  94  95  96  97  98  99  100  101  102  103  


  ==> Energy                -307.379965140
  ==> dE                       -1.45e-04
  ==> Gradient Norm             2.17e-01
  ==> Abs. Max. Deriv.          4.06e-02
  ==> Time-Grad. (s)              62.586
  ==> Time-Energy (s)              0.706
  ==> Time-Iter. (s)              64.740

--------------------------------------------------------------------------------
CEO-ADAPT-VQE iteration: 19
--------------------------------------------------------------------------------
    gate        derivative      name       op1       op2       op3        g_unscaled   penalty
   80333       -0.00028366        op     27489     27490                 -0.02184176        77
   80334       -0.00028119        om     27489     27490                 -0.02165195        77
   27489       -0.00023384    a_iajb     27489                           -0.02174685        93
   98590        0.00019579        om     41284     41285                  0.01546728        79
   98589        0.00019577        op     41284     41285                  0.01546588        79
   99257        0.00019025        op     41781     41782                  0.00551722        29
   99258        0.00019025        om     41781     41782                  0.00551722        29
   44889        0.00017934        op       628       629                  0.01022219        57
   44890        0.00017907        om       628       629                  0.01020683        57
   41284        0.00016281    a_iajb     41284                            0.01546658        95

  ==> Add operator: mvp2 -1: 27489 27490
  ==> Current qubit order: 4  5  8  9  10  11  12  13  2  3  16  17  18  19  20  21  23  62  22  24  25  63  15  27  61  26  28  29  30  31  0  60  1  34  35  36  37  38  39  40  41  7  65  42  43  44  33  6  64  47  59  14  68  45  49  46  58  48  51  52  32  50  54  55  53  56  57  66  67  69  70  71  72  73  74  75  76  77  78  79  80  81  82  83  84  85  86  87  88  89  90  91  92  93  94  95  96  97  98  99  100  101  102  103  


  ==> Energy                -307.380026696
  ==> dE                       -6.16e-05
  ==> Gradient Norm             2.09e-01
  ==> Abs. Max. Deriv.          2.25e-02
  ==> Time-Grad. (s)              71.321
  ==> Time-Energy (s)              2.036
  ==> Time-Iter. (s)              74.790

--------------------------------------------------------------------------------
CEO-ADAPT-VQE iteration: 20
--------------------------------------------------------------------------------
    gate        derivative      name       op1       op2       op3        g_unscaled   penalty
     188       -0.00203252      a_ia       188                           -0.01626017         8
     114       -0.00117599      a_ia       114                           -0.02822366        24
     127       -0.00034328      a_ia       127                           -0.01373101        40
     122        0.00029470      a_ia       122                            0.01532444        52
     148        0.00026844      a_ia       148                            0.00214754         8
   99767       -0.00025489        op     42403     42404                 -0.00943083        37
   96024       -0.00025255        om     39529     39530                 -0.02348720        93
   96023       -0.00025248        op     39529     39530                 -0.02348064        93
   99768       -0.00024491        om     42403     42404                 -0.00906156        37
     144        0.00023063      a_ia       144                            0.00738032        32

  ==> Add operator: a_ia 188
  ==> Current qubit order: 4  5  8  9  10  11  12  13  2  3  16  17  18  19  20  21  23  62  22  24  25  63  15  27  61  26  28  29  30  31  0  60  1  34  35  36  37  38  39  40  41  7  65  42  43  44  33  6  47  59  14  64  68  45  49  46  58  48  51  52  32  50  54  55  53  56  57  66  67  69  70  71  72  73  74  75  76  77  78  79  80  81  82  83  84  85  86  87  88  89  90  91  92  93  94  95  96  97  98  99  100  101  102  103  


  ==> Energy                -307.380052744
  ==> dE                       -2.60e-05
  ==> Gradient Norm             2.33e-01
  ==> Abs. Max. Deriv.          3.72e-02
  ==> Time-Grad. (s)             159.152
  ==> Time-Energy (s)              1.176
  ==> Time-Iter. (s)             161.762

--------------------------------------------------------------------------------
CEO-ADAPT-VQE iteration: 21
--------------------------------------------------------------------------------
    gate        derivative      name       op1       op2       op3        g_unscaled   penalty
     126       -0.00118209      a_ia       126                           -0.02837023        24
     139       -0.00034328      a_ia       139                           -0.01373101        40
     134        0.00029470      a_ia       134                            0.01532445        52
  101125        0.00026374        op     42968     42969                  0.02452776        93
  101126        0.00026340        om     42968     42969                  0.02449623        93
     157        0.00023064      a_ia       157                            0.00738032        32
   42968        0.00022488    a_iajb     42968                            0.02451200       109
  100486       -0.00021219        om     42463     42464                 -0.01718713        81
  100485       -0.00020659        op     42463     42464                 -0.01673417        81
   44983        0.00017934        op       668       669                  0.01022220        57

  ==> Add operator: a_ia 126
  ==> Current qubit order: 4  5  8  9  10  11  12  13  2  3  16  17  18  19  20  21  23  62  22  24  25  63  15  27  61  26  28  29  30  31  0  60  1  34  35  36  37  38  39  40  41  7  65  42  43  44  6  47  59  14  64  68  45  49  46  58  48  33  51  52  32  50  54  55  53  56  57  66  67  69  70  71  72  73  74  75  76  77  78  79  80  81  82  83  84  85  86  87  88  89  90  91  92  93  94  95  96  97  98  99  100  101  102  103  


  ==> Energy                -307.380299062
  ==> dE                       -2.46e-04
  ==> Gradient Norm             2.28e-01
  ==> Abs. Max. Deriv.          2.84e-02
  ==> Time-Grad. (s)              81.002
  ==> Time-Energy (s)              0.874
  ==> Time-Iter. (s)              83.324

--------------------------------------------------------------------------------
CEO-ADAPT-VQE iteration: 22
--------------------------------------------------------------------------------
    gate        derivative      name       op1       op2       op3        g_unscaled   penalty
     142        0.00031935      a_ia       142                            0.01660616        52
     165        0.00021457      a_ia       165                            0.00686617        32
   79465       -0.00020461        om     26904     26905                 -0.01780080        87
   79464       -0.00020334        op     26904     26905                 -0.01769047        87
   99753        0.00017959        om     42368     42369                  0.01131443        63
   44820        0.00017933        op       696       697                  0.01022203        57
   44821        0.00017906        om       696       697                  0.01020666        57
   99752        0.00017455        op     42368     42369                  0.01099670        63
   26904       -0.00017229    a_iajb     26904                           -0.01774564       103
   87147       -0.00016090        om     32732     32733                 -0.02139951       133

  ==> Add operator: a_ia 142
  ==> Current qubit order: 4  5  8  9  10  11  12  13  2  3  16  17  18  19  20  21  23  62  22  24  25  63  15  27  61  26  28  29  30  31  0  60  1  34  35  37  38  39  40  41  7  65  42  43  44  6  47  59  14  64  68  45  49  46  58  48  33  51  52  32  36  50  54  55  53  56  57  66  67  69  70  71  72  73  74  75  76  77  78  79  80  81  82  83  84  85  86  87  88  89  90  91  92  93  94  95  96  97  98  99  100  101  102  103  


  ==> Energy                -307.380384772
  ==> dE                       -8.57e-05
  ==> Gradient Norm             2.20e-01
  ==> Abs. Max. Deriv.          2.25e-02
  ==> Time-Grad. (s)              65.587
  ==> Time-Energy (s)              0.765
  ==> Time-Iter. (s)              67.789

--------------------------------------------------------------------------------
CEO-ADAPT-VQE iteration: 23
--------------------------------------------------------------------------------
    gate        derivative      name       op1       op2       op3        g_unscaled   penalty
     153       -0.00034967      a_ia       153                           -0.01398663        40
   82870       -0.00020123        op     29621     29622                 -0.01428699        71
   82871       -0.00020123        om     29621     29622                 -0.01428699        71
   44768        0.00017933        op       717       718                  0.01022204        57
   44769        0.00017906        om       717       718                  0.01020668        57
   80871       -0.00016977        om     28095     28096                 -0.01578868        93
   29621       -0.00016422    a_iajb     29621                           -0.01428699        87
   80870       -0.00016132        op     28095     28096                 -0.01500316        93
     144       -0.00016072      a_ia       144                           -0.00321432        20
     177        0.00014566      a_ia       177                            0.00029132         2

  ==> Add operator: a_ia 153
  ==> Current qubit order: 4  5  8  9  10  11  12  13  2  3  16  17  18  19  20  21  23  62  22  24  25  63  15  27  61  26  28  29  30  31  0  60  1  34  35  37  38  40  41  7  65  42  43  44  6  47  59  14  64  68  45  49  46  58  48  33  39  51  52  32  36  50  54  55  53  56  57  66  67  69  70  71  72  73  74  75  76  77  78  79  80  81  82  83  84  85  86  87  88  89  90  91  92  93  94  95  96  97  98  99  100  101  102  103  


  ==> Energy                -307.380446446
  ==> dE                       -6.17e-05
  ==> Gradient Norm             2.15e-01
  ==> Abs. Max. Deriv.          2.25e-02
  ==> Time-Grad. (s)             170.034
  ==> Time-Energy (s)              0.805
  ==> Time-Iter. (s)             172.275

--------------------------------------------------------------------------------
CEO-ADAPT-VQE iteration: 24
--------------------------------------------------------------------------------
    gate        derivative      name       op1       op2       op3        g_unscaled   penalty
      76       -0.00156871      a_ia        76                           -0.00627485         4
     189       -0.00028636      a_ia       189                           -0.00057272         2
   80840        0.00024751        op     27938     27939                  0.01113789        45
   80841        0.00024751        op     27938     27939                  0.01113789        45
   80844        0.00023911        op     27938     27940                  0.01076015        45
   80845        0.00023911        op     27938     27940                  0.01076015        45
   91147        0.00019305        om     35676     35677                  0.03146733       163
   27938        0.00018259    a_iajb     27938                            0.01113789        61
   44904        0.00017933        op       744       745                  0.01022208        57
   44905        0.00017907        om       744       745                  0.01020672        57

  ==> Add operator: a_ia 76
  ==> Current qubit order: 4  5  8  9  10  11  12  13  2  3  16  17  18  19  20  21  23  62  22  24  25  63  15  27  61  26  28  29  30  31  0  60  1  34  35  37  38  40  41  7  65  42  43  44  6  47  59  64  14  68  45  49  46  58  48  33  39  51  52  32  36  50  54  55  53  56  57  66  67  69  70  71  72  73  74  75  76  77  78  79  80  81  82  83  84  85  86  87  88  89  90  91  92  93  94  95  96  97  98  99  100  101  102  103  


  ==> Energy                -307.380454272
  ==> dE                       -7.83e-06
  ==> Gradient Norm             2.14e-01
  ==> Abs. Max. Deriv.          3.15e-02
  ==> Time-Grad. (s)              67.557
  ==> Time-Energy (s)              1.027
  ==> Time-Iter. (s)              70.015

--------------------------------------------------------------------------------
CEO-ADAPT-VQE iteration: 25
--------------------------------------------------------------------------------
    gate        derivative      name       op1       op2       op3        g_unscaled   penalty
     193       -0.00031764      a_ia       193                           -0.00063528         2
   95836       -0.00023331        om     39533     39534                 -0.02356472       101
   95835       -0.00023303        op     39533     39534                 -0.02353577       101
   95787       -0.00021789        op     39497     39498                 -0.02026409        93
   95788       -0.00021302        om     39497     39498                 -0.01981121        93
   99677       -0.00020887        op     42427     42428                 -0.00898145        43
   39533       -0.00020128    a_iajb     39533                           -0.02355025       117
   99678       -0.00020038        om     42427     42428                 -0.00861636        43
   39497       -0.00018383    a_iajb     39497                           -0.02003765       109
   44791        0.00017933        op       771       772                  0.01022205        57

  ==> Add operator: a_ia 193
  ==> Current qubit order: 4  5  8  9  10  11  12  13  2  3  16  17  18  19  20  21  23  62  22  24  25  63  15  27  61  26  28  29  30  31  0  60  1  34  35  37  38  40  41  7  65  42  43  44  6  47  59  64  14  68  45  49  46  58  48  33  39  51  52  32  36  50  54  55  53  56  57  66  67  69  70  71  72  73  74  75  76  77  78  79  80  81  82  83  84  85  86  87  88  89  90  91  92  93  94  95  96  97  98  99  100  101  102  103  


  ==> Energy                -307.380495509
  ==> dE                       -4.12e-05
  ==> Gradient Norm             2.25e-01
  ==> Abs. Max. Deriv.          2.66e-02
  ==> Time-Grad. (s)              81.623
  ==> Time-Energy (s)            252.888
  ==> Time-Iter. (s)             335.952

--------------------------------------------------------------------------------
CEO-ADAPT-VQE iteration: 26
--------------------------------------------------------------------------------
    gate        derivative      name       op1       op2       op3        g_unscaled   penalty
     218        0.00122921      a_ia       218                            0.00245843         2
   95958        0.00033297        op     39847     39848                  0.01897932        57
   95959        0.00033297        om     39847     39848                  0.01897932        57
   39847        0.00025999    a_iajb     39847                            0.01897932        73
   95324        0.00024359        op     39348     39349                  0.02898676       119
   95325        0.00024359        om     39348     39349                  0.02898676       119
   39348        0.00021472    a_iajb     39348                            0.02898676       135
   44730        0.00017937        op       793       794                  0.01022389        57
   44731        0.00017910        om       793       794                  0.01020854        57
     157       -0.00016092      a_ia       157                           -0.00321832        20

  ==> Add operator: a_ia 218
  ==> Current qubit order: 4  5  8  9  10  11  12  13  2  3  16  17  18  19  20  21  23  62  22  24  25  63  15  27  61  26  28  29  30  31  0  60  1  34  35  37  38  40  41  7  65  42  43  44  6  47  59  64  14  68  45  49  46  58  48  33  39  51  52  32  36  50  54  55  53  56  57  66  67  69  70  71  72  73  74  75  76  77  78  79  80  81  82  83  84  85  86  87  88  89  90  91  92  93  94  95  96  97  98  99  100  101  102  103  


  ==> Energy                -307.380498550
  ==> dE                       -3.04e-06
  ==> Gradient Norm             2.19e-01
  ==> Abs. Max. Deriv.          2.90e-02
  ==> Time-Grad. (s)              74.162
  ==> Time-Energy (s)              1.085
  ==> Time-Iter. (s)              76.728

--------------------------------------------------------------------------------
CEO-ADAPT-VQE iteration: 27
--------------------------------------------------------------------------------
    gate        derivative      name       op1       op2       op3        g_unscaled   penalty
     203        0.00028450      a_ia       203                            0.00682810        24
   86327        0.00023557        op     32255     32257                  0.01484079        63
   86328        0.00023557        op     32255     32257                  0.01484079        63
   86323        0.00023557        op     32255     32256                  0.01484075        63
   86324        0.00023557        op     32255     32256                  0.01484075        63
   95633        0.00022493        op     39273     39274                  0.01282101        57
   95634        0.00022422        om     39273     39274                  0.01278075        57
   32255        0.00018786    a_iajb     32255                            0.01484075        79
   44827        0.00017936        op       803       804                  0.01022380        57
   44828        0.00017910        om       803       804                  0.01020846        57

  ==> Add operator: a_ia 203
  ==> Current qubit order: 4  5  8  9  10  11  12  13  2  3  16  17  18  19  20  21  23  62  22  24  25  63  15  27  61  26  28  29  30  31  0  60  1  34  35  37  38  40  41  7  65  42  43  44  6  59  64  14  68  45  49  46  58  48  33  39  47  51  52  32  36  50  54  55  53  56  57  66  67  69  70  71  72  73  74  75  76  77  78  79  80  81  82  83  84  85  86  87  88  89  90  91  92  93  94  95  96  97  98  99  100  101  102  103  


  ==> Energy                -307.380517106
  ==> dE                       -1.86e-05
  ==> Gradient Norm             2.19e-01
  ==> Abs. Max. Deriv.          2.66e-02
  ==> Time-Grad. (s)             149.547
  ==> Time-Energy (s)              0.784
  ==> Time-Iter. (s)             151.809

--------------------------------------------------------------------------------
CEO-ADAPT-VQE iteration: 28
--------------------------------------------------------------------------------
    gate        derivative      name       op1       op2       op3        g_unscaled   penalty
   86985        0.00038089        op     32561     32562                  0.02247255        59
   86986        0.00037046        om     32561     32562                  0.02185686        59
   32561        0.00029553    a_iajb     32561                            0.02216470        75
   91499       -0.00028826        op     36037     36038                 -0.01470145        51
   91500       -0.00028826        om     36037     36038                 -0.01470145        51
     232       -0.00026336      a_ia       232                           -0.00052672         2
   87429       -0.00023234        op     32912     32913                 -0.01370811        59
   36037       -0.00021942    a_iajb     36037                           -0.01470145        67
   87430       -0.00021850        om     32912     32913                 -0.01289136        59
   44873        0.00017937        op       835       836                  0.01022383        57

  ==> Add operator: mvp2 -1: 32561 32562
  ==> Current qubit order: 4  5  8  9  10  11  12  13  2  3  16  17  18  19  20  21  23  62  22  24  25  63  15  27  61  26  28  29  30  31  0  60  1  34  35  37  38  40  41  7  65  42  43  44  6  64  59  14  68  51  45  49  46  58  48  33  39  47  52  32  36  50  54  55  53  56  57  66  67  69  70  71  72  73  74  75  76  77  78  79  80  81  82  83  84  85  86  87  88  89  90  91  92  93  94  95  96  97  98  99  100  101  102  103  


  ==> Energy                -307.380631016
  ==> dE                       -1.14e-04
  ==> Gradient Norm             2.28e-01
  ==> Abs. Max. Deriv.          2.25e-02
  ==> Time-Grad. (s)             173.049
  ==> Time-Energy (s)              1.942
  ==> Time-Iter. (s)             176.371

--------------------------------------------------------------------------------
CEO-ADAPT-VQE iteration: 29
--------------------------------------------------------------------------------
    gate        derivative      name       op1       op2       op3        g_unscaled   penalty
     236       -0.00027261      a_ia       236                           -0.00054521         2
   99551        0.00020582        op     42247     42248                  0.02325809       113
   99552        0.00020582        om     42247     42248                  0.02325809       113
   42247        0.00018030    a_iajb     42247                            0.02325809       129
   44887        0.00017936        op       861       862                  0.01022375        57
   44888        0.00017909        om       861       862                  0.01020840        57
     171       -0.00016110      a_ia       171                           -0.00322203        20
      83       -0.00015161      a_ia        83                           -0.00030322         2
     861        0.00013995    a_iajb       861                            0.01021608        73
   93558       -0.00013640        om     37648     37649                 -0.01623214       119

  ==> Add operator: a_ia 236
  ==> Current qubit order: 4  5  8  9  10  11  12  13  2  3  16  17  18  19  20  21  23  62  22  24  25  63  15  27  61  26  28  29  30  31  0  60  1  34  35  37  38  40  41  7  65  42  43  44  6  64  59  14  68  51  45  49  46  58  48  33  39  47  52  32  36  50  54  55  53  56  57  66  67  69  70  71  72  73  74  75  76  77  78  79  80  81  82  83  84  85  86  87  88  89  90  91  92  93  94  95  96  97  98  99  100  101  102  103  


  ==> Energy                -307.380631166
  ==> dE                       -1.49e-07
  ==> Gradient Norm             2.23e-01
  ==> Abs. Max. Deriv.          3.74e-02
  ==> Time-Grad. (s)             171.464
  ==> Time-Energy (s)              0.899
  ==> Time-Iter. (s)             173.744

--------------------------------------------------------------------------------
CEO-ADAPT-VQE iteration: 30
--------------------------------------------------------------------------------
    gate        derivative      name       op1       op2       op3        g_unscaled   penalty
   95060        0.00029774        op     38810     38811                  0.01458922        49
   95061        0.00029774        om     38810     38811                  0.01458922        49
   38810        0.00022445    a_iajb     38810                            0.01458922        65
  100132        0.00021797        op     42694     42695                  0.01155266        53
  100133        0.00021369        om     42694     42695                  0.01132531        53
   44884        0.00017936        op       889       890                  0.01022377        57
   44885        0.00017910        om       889       890                  0.01020842        57
   42694        0.00016578    a_iajb     42694                            0.01143898        69
     180       -0.00016110      a_ia       180                           -0.00322201        20
      86       -0.00015164      a_ia        86                           -0.00030329         2

  ==> Add operator: op -1: 38810 38811
  ==> Current qubit order: 4  5  8  9  10  11  12  13  2  3  16  17  18  19  20  21  23  62  22  24  25  63  15  27  26  28  29  61  30  31  60  0  1  34  35  37  38  40  41  7  65  42  43  44  6  64  59  14  68  51  45  49  46  58  48  33  39  47  52  32  36  50  54  55  53  56  57  66  67  69  70  71  72  73  74  75  76  77  78  79  80  81  82  83  84  85  86  87  88  89  90  91  92  93  94  95  96  97  98  99  100  101  102  103  


  ==> Energy                -307.380661446
  ==> dE                       -3.03e-05
  ==> Gradient Norm             2.15e-01
  ==> Abs. Max. Deriv.          2.25e-02
  ==> Time-Grad. (s)             163.114
  ==> Time-Energy (s)              0.861
  ==> Time-Iter. (s)             165.422

--------------------------------------------------------------------------------
CEO-ADAPT-VQE iteration: 31
--------------------------------------------------------------------------------
    gate        derivative      name       op1       op2       op3        g_unscaled   penalty
     254        0.00177480      a_ia       254                            0.01774798        10
     164        0.00041064      a_ia       164                            0.00082127         2
     188       -0.00023276      a_ia       188                           -0.00325863        14
   88550        0.00019363        op     33953     33954                  0.04589017       237
   88551        0.00019363        om     33953     33954                  0.04589017       237
   97857       -0.00019106        om     41072     41073                 -0.00936196        49
   97856       -0.00019029        op     41072     41073                 -0.00932416        49
   33953        0.00018138    a_iajb     33953                            0.04589017       253
   44840        0.00017936        op       914       915                  0.01022362        57
   44841        0.00017909        om       914       915                  0.01020824        57

  ==> Add operator: a_ia 254
  ==> Current qubit order: 4  5  8  9  10  11  12  13  2  3  16  17  18  19  20  21  23  62  22  24  25  63  15  27  26  28  29  61  30  31  60  0  1  34  35  37  38  40  41  7  65  42  43  44  6  64  59  14  68  51  45  49  46  48  33  39  47  58  52  32  36  50  54  55  53  56  57  66  67  69  70  71  72  73  74  75  76  77  78  79  80  81  82  83  84  85  86  87  88  89  90  91  92  93  94  95  96  97  98  99  100  101  102  103  


  ==> Energy                -307.380771553
  ==> dE                       -1.10e-04
  ==> Gradient Norm             2.20e-01
  ==> Abs. Max. Deriv.          4.59e-02
  ==> Time-Grad. (s)              80.035
  ==> Time-Energy (s)              0.983
  ==> Time-Iter. (s)              82.476

--------------------------------------------------------------------------------
CEO-ADAPT-VQE iteration: 32
--------------------------------------------------------------------------------
    gate        derivative      name       op1       op2       op3        g_unscaled   penalty
     169        0.00041236      a_ia       169                            0.00082472         2
  100078        0.00023663        op     42767     42768                  0.01680079        71
  100079        0.00023663        om     42767     42768                  0.01680079        71
     194       -0.00023142      a_ia       194                           -0.00323987        14
   42767        0.00019311    a_iajb     42767                            0.01680079        87
   44842        0.00017936        op       929       930                  0.01022362        57
   44843        0.00017909        om       929       930                  0.01020825        57
   89224       -0.00015573        op     34559     34560                 -0.00981119        63
   89225       -0.00015573        om     34559     34560                 -0.00981119        63
   86259        0.00014522        om     32280     32281                  0.00653501        45

  ==> Add operator: a_ia 169
  ==> Current qubit order: 4  5  8  9  10  11  12  13  2  3  16  17  18  19  20  21  23  62  22  24  25  63  15  27  26  28  29  61  30  31  60  0  1  34  35  37  38  40  41  7  65  42  43  44  6  64  59  14  68  51  45  49  46  48  33  39  47  58  52  32  36  50  54  55  53  56  57  66  67  69  70  71  72  73  74  75  76  77  78  79  80  81  82  83  84  85  86  87  88  89  90  91  92  93  94  95  96  97  98  99  100  101  102  103  


  ==> Energy                -307.380771762
  ==> dE                       -2.09e-07
  ==> Gradient Norm             2.15e-01
  ==> Abs. Max. Deriv.          2.25e-02
  ==> Time-Grad. (s)              84.750
  ==> Time-Energy (s)              1.269
  ==> Time-Iter. (s)              87.470

--------------------------------------------------------------------------------
CEO-ADAPT-VQE iteration: 33
--------------------------------------------------------------------------------
    gate        derivative      name       op1       op2       op3        g_unscaled   penalty
     200       -0.00023506      a_ia       200                           -0.00329083        14
   44941        0.00017939        op       959       960                  0.01022546        57
   44942        0.00017912        om       959       960                  0.01021009        57
   83709       -0.00017865        op     30139     30140                 -0.01983061       111
   83710       -0.00017865        om     30139     30140                 -0.01983061       111
   30139       -0.00015615    a_iajb     30139                           -0.01983061       127
     959        0.00013997    a_iajb       959                            0.01021778        73
      96       -0.00013772      a_ia        96                           -0.00027544         2
   89009        0.00013234        op     34113     34114                  0.02554120       193
   89010        0.00013234        om     34113     34114                  0.02554120       193

  ==> Add operator: a_ia 200
  ==> Current qubit order: 4  5  8  9  10  11  12  13  2  3  16  17  18  19  20  21  23  62  22  24  25  63  15  27  26  28  29  30  31  60  0  1  34  61  35  37  38  40  41  7  65  42  43  44  6  64  59  14  68  51  45  49  46  48  33  39  47  58  52  32  36  50  54  55  53  56  57  66  67  69  70  71  72  73  74  75  76  77  78  79  80  81  82  83  84  85  86  87  88  89  90  91  92  93  94  95  96  97  98  99  100  101  102  103  


  ==> Energy                -307.380775183
  ==> dE                       -3.42e-06
  ==> Gradient Norm             2.19e-01
  ==> Abs. Max. Deriv.          2.55e-02
  ==> Time-Grad. (s)              71.242
  ==> Time-Energy (s)              1.127
  ==> Time-Iter. (s)              73.872

--------------------------------------------------------------------------------
CEO-ADAPT-VQE iteration: 34
--------------------------------------------------------------------------------
    gate        derivative      name       op1       op2       op3        g_unscaled   penalty
   95747        0.00027078        op     39593     39594                  0.01272668        47
   95748        0.00025323        om     39593     39594                  0.01190173        47
   44797        0.00021758        op       985       986                  0.01022644        47
   44798        0.00021726        om       985       986                  0.01021112        47
   39593        0.00019546    a_iajb     39593                            0.01231421        63
     985        0.00016220    a_iajb       985                            0.01021878        63
   88945       -0.00014136        op     34348     34349                 -0.01767001       125
   88946       -0.00014136        om     34348     34349                 -0.01767001       125
     100       -0.00013482      a_ia       100                           -0.00026964         2
   74899       -0.00012802        op     23641     23642                 -0.01293012       101

  ==> Add operator: mvp2 -1: 39593 39594
  ==> Current qubit order: 4  5  8  9  10  11  12  13  2  3  16  17  18  19  20  21  23  62  22  24  25  63  15  27  26  28  29  30  31  60  0  1  34  61  35  37  38  40  41  7  65  42  43  44  6  64  59  14  68  51  45  49  48  39  47  58  46  33  52  55  32  36  50  54  53  56  57  66  67  69  70  71  72  73  74  75  76  77  78  79  80  81  82  83  84  85  86  87  88  89  90  91  92  93  94  95  96  97  98  99  100  101  102  103  


  ==> Energy                -307.381297553
  ==> dE                       -5.22e-04
  ==> Gradient Norm             2.23e-01
  ==> Abs. Max. Deriv.          2.25e-02
  ==> Time-Grad. (s)              67.781
  ==> Time-Energy (s)              2.326
  ==> Time-Iter. (s)              71.544

--------------------------------------------------------------------------------
CEO-ADAPT-VQE iteration: 35
--------------------------------------------------------------------------------
    gate        derivative      name       op1       op2       op3        g_unscaled   penalty
     258       -0.00036214      a_ia       258                           -0.00072429         2
   79317        0.00028395        om     27045     27046                  0.02413572        85
   79316        0.00027973        op     27045     27046                  0.02377715        85
   27045        0.00023719    a_iajb     27045                            0.02395643       101
   44814        0.00021758        op      1012      1013                  0.01022649        47
   44815        0.00021726        om      1012      1013                  0.01021116        47
    1012        0.00016220    a_iajb      1012                            0.01021882        63
   91370       -0.00014964        op     36228     36229                 -0.00733223        49
   91371       -0.00014964        om     36228     36229                 -0.00733223        49
   89571        0.00013997        om     34842     34843                  0.02337468       167

  ==> Add operator: a_ia 258
  ==> Current qubit order: 4  5  8  9  10  11  12  13  2  3  16  17  18  19  20  21  23  62  22  24  25  63  15  27  26  28  29  30  31  60  0  1  34  61  35  37  38  40  41  7  65  42  43  44  6  64  59  14  68  51  45  49  48  39  47  58  46  33  52  55  32  36  50  54  53  56  57  66  67  69  70  71  72  73  74  75  76  77  78  79  80  81  82  83  84  85  86  87  88  89  90  91  92  93  94  95  96  97  98  99  100  101  102  103  


  ==> Energy                -307.381297781
  ==> dE                       -2.29e-07
  ==> Gradient Norm             2.20e-01
  ==> Abs. Max. Deriv.          2.46e-02
  ==> Time-Grad. (s)              69.321
  ==> Time-Energy (s)              1.268
  ==> Time-Iter. (s)              72.034

--------------------------------------------------------------------------------
CEO-ADAPT-VQE iteration: 36
--------------------------------------------------------------------------------
    gate        derivative      name       op1       op2       op3        g_unscaled   penalty
   91082       -0.00049528        op     35977     35978                 -0.01535373        31
   91083       -0.00049528        om     35977     35978                 -0.01535373        31
   35977       -0.00032668    a_iajb     35977                           -0.01535373        47
   44850        0.00021759        op      1031      1032                  0.01022650        47
   44851        0.00021726        om      1031      1032                  0.01021117        47
   90653       -0.00018362        om     35640     35641                 -0.01046631        57
   90652       -0.00018359        op     35640     35641                 -0.01046452        57
    1031        0.00016220    a_iajb      1031                            0.01021884        63
   35640       -0.00014336    a_iajb     35640                           -0.01046541        73
   96218       -0.00013330        op     39898     39899                 -0.01373032       103

  ==> Add operator: op -1: 35977 35978
  ==> Current qubit order: 4  5  8  9  10  11  12  13  2  3  16  17  18  19  20  21  23  62  24  63  22  25  15  27  26  28  29  30  31  60  0  1  34  61  35  37  38  40  41  7  65  42  43  44  6  64  59  14  68  51  45  49  48  39  47  58  46  33  52  55  32  36  50  54  53  56  57  66  67  69  70  71  72  73  74  75  76  77  78  79  80  81  82  83  84  85  86  87  88  89  90  91  92  93  94  95  96  97  98  99  100  101  102  103  


  ==> Energy                -307.381327856
  ==> dE                       -3.01e-05
  ==> Gradient Norm             2.20e-01
  ==> Abs. Max. Deriv.          2.25e-02
  ==> Time-Grad. (s)              71.814
  ==> Time-Energy (s)              0.796
  ==> Time-Iter. (s)              74.067

--------------------------------------------------------------------------------
CEO-ADAPT-VQE iteration: 37
--------------------------------------------------------------------------------
    gate        derivative      name       op1       op2       op3        g_unscaled   penalty
   98415        0.00029375        om     41440     41441                  0.02496851        85
   98414        0.00029200        op     41440     41441                  0.02481997        85
   41440        0.00024648    a_iajb     41440                            0.02489424       101
   44910        0.00017333        op      1058      1059                  0.01022643        59
   44911        0.00017307        om      1058      1059                  0.01021110        59
   80646        0.00013980        op     27908     27909                  0.01104388        79
   80647        0.00013980        om     27908     27909                  0.01104388        79
    1058        0.00013625    a_iajb      1058                            0.01021876        75
   99856        0.00013190        op     42519     42520                  0.00910096        69
     105       -0.00013075      a_ia       105                           -0.00026150         2

  ==> Add operator: mvp2 -1: 41440 41441
  ==> Current qubit order: 4  5  8  9  10  11  12  13  2  3  16  17  18  19  20  21  23  62  24  63  22  25  15  27  26  28  29  30  31  60  0  1  34  61  35  37  38  40  7  65  42  43  44  6  64  59  14  68  51  45  49  48  39  47  58  41  55  50  54  46  33  52  32  36  53  56  57  66  67  69  70  71  72  73  74  75  76  77  78  79  80  81  82  83  84  85  86  87  88  89  90  91  92  93  94  95  96  97  98  99  100  101  102  103  


  ==> Energy                -307.381503125
  ==> dE                       -1.75e-04
  ==> Gradient Norm             2.24e-01
  ==> Abs. Max. Deriv.          2.50e-02
  ==> Time-Grad. (s)             163.607
  ==> Time-Energy (s)              1.897
  ==> Time-Iter. (s)             166.965

--------------------------------------------------------------------------------
CEO-ADAPT-VQE iteration: 38
--------------------------------------------------------------------------------
    gate        derivative      name       op1       op2       op3        g_unscaled   penalty
   74375       -0.00036156        op     23298     23299                 -0.01265472        35
   74376       -0.00036156        om     23298     23299                 -0.01265472        35
   98979        0.00026677        op     42091     42092                  0.01520564        57
   98980        0.00025529        om     42091     42092                  0.01455144        57
   23298       -0.00024813    a_iajb     23298                           -0.01265472        51
   42091        0.00020382    a_iajb     42091                            0.01487854        73
   88873        0.00017586        op     34394     34395                  0.01178254        67
   88874        0.00017586        op     34394     34395                  0.01178254        67
   88877        0.00017571        op     34394     34396                  0.01177253        67
   88878        0.00017571        op     34394     34396                  0.01177253        67

  ==> Add operator: op -1: 23298 23299
  ==> Current qubit order: 4  5  8  9  10  11  12  13  2  3  16  17  18  19  20  21  23  62  24  63  22  25  15  27  26  28  29  30  31  0  60  1  34  61  35  37  38  40  7  65  42  43  44  6  64  59  14  68  51  45  49  48  39  47  58  41  55  50  54  46  33  52  32  36  53  56  57  66  67  69  70  71  72  73  74  75  76  77  78  79  80  81  82  83  84  85  86  87  88  89  90  91  92  93  94  95  96  97  98  99  100  101  102  103  


  ==> Energy                -307.381519850
  ==> dE                       -1.67e-05
  ==> Gradient Norm             2.17e-01
  ==> Abs. Max. Deriv.          2.25e-02
  ==> Time-Grad. (s)              73.568
  ==> Time-Energy (s)              1.048
  ==> Time-Iter. (s)              76.071

--------------------------------------------------------------------------------
CEO-ADAPT-VQE iteration: 39
--------------------------------------------------------------------------------
    gate        derivative      name       op1       op2       op3        g_unscaled   penalty
     338       -0.00040870      a_ia       338                           -0.01144366        28
   99140        0.00022541        om     42066     42067                  0.01014357        45
   99139        0.00022434        op     42066     42067                  0.01009508        45
   86037       -0.00020717        op     32161     32163                 -0.01595181        77
   86038       -0.00020717        op     32161     32163                 -0.01595181        77
   86033       -0.00020282        op     32161     32162                 -0.01561680        77
   86034       -0.00020282        op     32161     32162                 -0.01561680        77
   44919        0.00017329        op      1118      1119                  0.01022407        59
   44920        0.00017303        om      1118      1119                  0.01020879        59
   32161       -0.00016792    a_iajb     32161                           -0.01561680        93

  ==> Add operator: a_ia 338
  ==> Current qubit order: 4  5  8  9  10  11  12  13  2  3  16  17  18  19  20  21  23  62  24  22  25  15  27  26  28  29  30  31  0  60  1  34  63  61  35  37  38  40  7  65  42  43  44  6  64  59  14  68  51  45  49  48  39  47  58  41  55  50  54  46  33  52  32  36  53  56  57  66  67  69  70  71  72  73  74  75  76  77  78  79  80  81  82  83  84  85  86  87  88  89  90  91  92  93  94  95  96  97  98  99  100  101  102  103  


  ==> Energy                -307.381532663
  ==> dE                       -1.28e-05
  ==> Gradient Norm             2.16e-01
  ==> Abs. Max. Deriv.          2.25e-02
  ==> Time-Grad. (s)              77.904
  ==> Time-Energy (s)              0.936
  ==> Time-Iter. (s)              80.285

--------------------------------------------------------------------------------
CEO-ADAPT-VQE iteration: 40
--------------------------------------------------------------------------------
    gate        derivative      name       op1       op2       op3        g_unscaled   penalty
     170       -0.00129075      a_ia       170                           -0.00258151         2
   91389        0.00033907        op     36376     36377                  0.02136118        63
   91390        0.00033893        om     36376     36377                  0.02135283        63
   36376        0.00027034    a_iajb     36376                            0.02135701        79
   98107        0.00014980        op     41462     41463                  0.01393163        93
   98108        0.00014980        op     41462     41463                  0.01393163        93
   98111        0.00014905        op     41462     41464                  0.01386142        93
   98112        0.00014905        op     41462     41464                  0.01386142        93
   93071        0.00014591        op     37626     37627                  0.00714955        49
   93072        0.00014521        om     37626     37627                  0.00711533        49

  ==> Add operator: a_ia 170
  ==> Current qubit order: 4  5  8  9  10  11  12  13  2  3  16  17  18  19  20  21  23  62  24  22  25  15  27  26  28  29  30  31  0  60  1  34  63  61  35  37  38  40  7  65  42  43  44  6  64  59  14  68  51  45  49  48  39  47  58  41  55  50  54  46  33  52  32  36  53  56  57  66  67  69  70  71  72  73  74  75  76  77  78  79  80  81  82  83  84  85  86  87  88  89  90  91  92  93  94  95  96  97  98  99  100  101  102  103  


  ==> Energy                -307.381534433
  ==> dE                       -1.77e-06
  ==> Gradient Norm             2.22e-01
  ==> Abs. Max. Deriv.          2.25e-02
  ==> Time-Grad. (s)             168.037
  ==> Time-Energy (s)              0.592
  ==> Time-Iter. (s)             170.076

--------------------------------------------------------------------------------
CEO-ADAPT-VQE iteration: 41
--------------------------------------------------------------------------------
    gate        derivative      name       op1       op2       op3        g_unscaled   penalty
   68486        0.00020209        om     18932     18933                  0.02162327       107
   68485        0.00019996        op     18932     18933                  0.02139556       107
   18932        0.00017487    a_iajb     18932                            0.02150941       123
   97305        0.00015297        op     40879     40880                  0.00841339        55
   80060       -0.00015249        om     27689     27690                 -0.01570678       103
   97306        0.00014958        om     40879     40880                  0.00822690        55
   80059       -0.00014852        op     27689     27690                 -0.01529803       103
   95809        0.00014372        op     39734     39735                  0.01595285       111
   95810        0.00014372        op     39734     39735                  0.01595285       111
   95813        0.00014259        op     39734     39736                  0.01582793       111

  ==> Add operator: mvp2 -1: 18932 18933
  ==> Current qubit order: 4  5  8  9  10  11  12  13  2  3  16  17  18  19  20  21  23  62  24  22  15  27  26  28  29  30  31  1  34  63  61  25  0  60  55  35  37  38  40  7  65  42  43  44  6  64  59  14  68  51  45  49  48  39  47  58  41  50  54  46  33  52  32  36  53  56  57  66  67  69  70  71  72  73  74  75  76  77  78  79  80  81  82  83  84  85  86  87  88  89  90  91  92  93  94  95  96  97  98  99  100  101  102  103  


  ==> Energy                -307.381600613
  ==> dE                       -6.62e-05
  ==> Gradient Norm             2.19e-01
  ==> Abs. Max. Deriv.          2.25e-02
  ==> Time-Grad. (s)              75.419
  ==> Time-Energy (s)              2.039
  ==> Time-Iter. (s)              78.902

--------------------------------------------------------------------------------
CEO-ADAPT-VQE iteration: 42
--------------------------------------------------------------------------------
    gate        derivative      name       op1       op2       op3        g_unscaled   penalty
   99747        0.00021525        op     42426     42427                  0.01915726        89
   99748        0.00020175        om     42426     42427                  0.01795572        89
   42426        0.00017673    a_iajb     42426                            0.01855649       105
   94139        0.00016374        op     38186     38187                  0.02308720       141
   94140        0.00016374        op     38186     38187                  0.02308720       141
   94143        0.00016245        op     38186     38188                  0.02290559       141
   94144        0.00016245        op     38186     38188                  0.02290559       141
     307       -0.00015122      a_ia       307                           -0.00272193        18
   38186        0.00014705    a_iajb     38186                            0.02308720       157
   44960        0.00013830        om      1150      1151                  0.01424483       103

  ==> Add operator: mvp2 -1: 42426 42427
  ==> Current qubit order: 4  5  8  9  10  11  12  13  2  3  16  17  18  19  20  21  23  62  24  22  15  27  26  28  29  30  31  1  34  63  61  25  0  60  35  37  38  40  7  65  42  43  44  6  64  59  14  55  51  48  52  68  45  49  39  47  58  41  50  54  46  33  32  36  53  56  57  66  67  69  70  71  72  73  74  75  76  77  78  79  80  81  82  83  84  85  86  87  88  89  90  91  92  93  94  95  96  97  98  99  100  101  102  103  


  ==> Energy                -307.381781661
  ==> dE                       -1.81e-04
  ==> Gradient Norm             2.12e-01
  ==> Abs. Max. Deriv.          2.31e-02
  ==> Time-Grad. (s)              74.844
  ==> Time-Energy (s)              1.975
  ==> Time-Iter. (s)              78.267

--------------------------------------------------------------------------------
CEO-ADAPT-VQE iteration: 43
--------------------------------------------------------------------------------
    gate        derivative      name       op1       op2       op3        g_unscaled   penalty
     312       -0.00174878      a_ia       312                           -0.00349756         2
     324        0.00022708      a_ia       324                            0.00045417         2
   86065       -0.00022140        op     32286     32287                 -0.01439084        65
   86066       -0.00022067        om     32286     32287                 -0.01434337        65
   95227        0.00019267        op     39207     39208                  0.01252347        65
   95228        0.00019127        om     39207     39208                  0.01243236        65
   92679        0.00018246        op     37289     37290                  0.01222474        67
   92680        0.00018246        op     37289     37290                  0.01222474        67
   92683        0.00018246        op     37289     37291                  0.01222474        67
   92684        0.00018246        op     37289     37291                  0.01222474        67

  ==> Add operator: a_ia 312
  ==> Current qubit order: 4  5  8  9  10  11  12  13  2  3  16  17  18  19  20  21  23  62  24  22  15  27  26  28  29  30  31  1  34  63  61  25  0  60  35  37  38  40  7  65  42  43  44  6  64  59  14  55  51  48  52  68  45  49  39  47  58  41  50  54  46  33  32  36  53  56  57  66  67  69  70  71  72  73  74  75  76  77  78  79  80  81  82  83  84  85  86  87  88  89  90  91  92  93  94  95  96  97  98  99  100  101  102  103  


  ==> Energy                -307.381792951
  ==> dE                       -1.13e-05
  ==> Gradient Norm             2.15e-01
  ==> Abs. Max. Deriv.          2.25e-02
  ==> Time-Grad. (s)              72.670
  ==> Time-Energy (s)              1.011
  ==> Time-Iter. (s)              75.114

--------------------------------------------------------------------------------
CEO-ADAPT-VQE iteration: 44
--------------------------------------------------------------------------------
    gate        derivative      name       op1       op2       op3        g_unscaled   penalty
      55       -0.00098818      a_ia        55                           -0.00197637         2
     333        0.00033371      a_ia       333                            0.00066743         2
   78996        0.00020263        op     26725     26726                  0.02532825       125
   78997        0.00020263        om     26725     26726                  0.02532825       125
   93369        0.00020198        om     37479     37480                  0.01959206        97
   93368        0.00020198        op     37479     37480                  0.01959206        97
   26725        0.00017963    a_iajb     26725                            0.02532825       141
   37479        0.00017338    a_iajb     37479                            0.01959206       113
     120        0.00014852      a_ia       120                            0.00386155        26
     282        0.00014730      a_ia       282                            0.00206223        14

  ==> Add operator: a_ia 55
  ==> Current qubit order: 4  5  8  9  10  11  12  13  2  3  16  17  18  19  20  21  23  62  24  22  15  27  26  28  29  30  31  1  34  63  61  25  0  60  35  37  38  40  7  65  42  43  44  6  64  59  14  55  51  48  52  68  45  49  39  47  58  41  50  54  46  33  32  36  53  56  57  66  67  69  70  71  72  73  74  75  76  77  78  79  80  81  82  83  84  85  86  87  88  89  90  91  92  93  94  95  96  97  98  99  100  101  102  103  


  ==> Energy                -307.381793661
  ==> dE                       -7.09e-07
  ==> Gradient Norm             2.22e-01
  ==> Abs. Max. Deriv.          2.53e-02
  ==> Time-Grad. (s)              80.758
  ==> Time-Energy (s)              1.123
  ==> Time-Iter. (s)              83.310

--------------------------------------------------------------------------------
CEO-ADAPT-VQE iteration: 45
--------------------------------------------------------------------------------
    gate        derivative      name       op1       op2       op3        g_unscaled   penalty
     338        0.00033792      a_ia       338                            0.00067585         2
     121        0.00014899      a_ia       121                            0.00387362        26
     286        0.00014765      a_ia       286                            0.00206707        14
   44818        0.00012836        om      1238      1239                  0.01424762       111
   44817        0.00012792        op      1238      1239                  0.01419956       111
     263       -0.00012709      a_ia       263                           -0.00177930        14
   90855        0.00012257        op     36140     36141                  0.01899837       155
   90856        0.00012257        op     36140     36141                  0.01899837       155
   90859        0.00012239        op     36140     36142                  0.01896989       155
   90860        0.00012239        op     36140     36142                  0.01896989       155

  ==> Add operator: a_ia 338
  ==> Current qubit order: 4  5  8  9  10  11  12  13  2  3  16  17  18  19  20  21  23  62  24  22  15  27  26  28  29  30  31  1  34  63  61  25  0  60  35  37  38  40  7  65  42  43  44  6  64  59  14  55  51  48  52  68  45  49  39  47  58  41  50  54  46  33  32  36  53  56  57  66  67  69  70  71  72  73  74  75  76  77  78  79  80  81  82  83  84  85  86  87  88  89  90  91  92  93  94  95  96  97  98  99  100  101  102  103  


  ==> Energy                -307.381793941
  ==> dE                       -2.81e-07
  ==> Gradient Norm             2.21e-01
  ==> Abs. Max. Deriv.          2.25e-02
  ==> Time-Grad. (s)             170.233
  ==> Time-Energy (s)              1.196
  ==> Time-Iter. (s)             172.864

--------------------------------------------------------------------------------
CEO-ADAPT-VQE iteration: 46
--------------------------------------------------------------------------------
    gate        derivative      name       op1       op2       op3        g_unscaled   penalty
   79178       -0.00035529        op     27054     27055                 -0.01243532        35
   79179       -0.00034317        om     27054     27055                 -0.01201089        35
   78442        0.00025135        op     26492     26493                  0.01784565        71
   78443        0.00025135        om     26492     26493                  0.01784564        71
   27054       -0.00023967    a_iajb     27054                           -0.01222310        51
   26492        0.00020512    a_iajb     26492                            0.01784564        87
   95712        0.00017748        op     39550     39551                  0.00905151        51
   95713        0.00017058        om     39550     39551                  0.00869957        51
   72957        0.00015662        om     22344     22345                  0.00642155        41
   72956        0.00015550        op     22344     22345                  0.00637557        41

  ==> Add operator: mvp2 -1: 27054 27055
  ==> Current qubit order: 4  5  8  9  10  11  12  13  2  3  16  17  18  19  20  21  23  62  24  22  15  27  26  28  29  30  31  1  34  63  61  25  0  60  35  37  38  40  7  65  42  43  44  64  59  14  6  55  51  68  48  52  45  49  39  47  58  41  50  54  46  33  32  36  53  56  57  66  67  69  70  71  72  73  74  75  76  77  78  79  80  81  82  83  84  85  86  87  88  89  90  91  92  93  94  95  96  97  98  99  100  101  102  103  


  ==> Energy                -307.381815729
  ==> dE                       -2.18e-05
  ==> Gradient Norm             2.16e-01
  ==> Abs. Max. Deriv.          2.25e-02
  ==> Time-Grad. (s)              73.226
  ==> Time-Energy (s)              2.097
  ==> Time-Iter. (s)              76.759

--------------------------------------------------------------------------------
CEO-ADAPT-VQE iteration: 47
--------------------------------------------------------------------------------
    gate        derivative      name       op1       op2       op3        g_unscaled   penalty
   86140        0.00018776        om     32304     32305                  0.01558418        83
   86139        0.00018774        op     32304     32305                  0.01558282        83
     124        0.00016078      a_ia       124                            0.00385868        24
   32304        0.00015741    a_iajb     32304                            0.01558350        99
   95367       -0.00015581        op     39321     39322                 -0.00950419        61
   95368       -0.00014948        om     39321     39322                 -0.00911817        61
   99289       -0.00014925        op     42268     42269                 -0.00761199        51
     300        0.00014782      a_ia       300                            0.00206947        14
   44946        0.00012841        om      1283      1284                  0.01425316       111
     277       -0.00012827      a_ia       277                           -0.00179576        14

  ==> Add operator: om -1: 32304 32305
  ==> Current qubit order: 4  5  8  9  10  11  12  13  2  3  16  17  18  19  20  21  23  24  27  26  28  29  30  62  22  15  65  31  1  34  63  61  25  0  60  35  37  38  40  7  42  43  44  64  59  14  6  55  51  68  48  52  45  49  39  47  58  41  50  54  46  33  32  36  53  56  57  66  67  69  70  71  72  73  74  75  76  77  78  79  80  81  82  83  84  85  86  87  88  89  90  91  92  93  94  95  96  97  98  99  100  101  102  103  


  ==> Energy                -307.381845652
  ==> dE                       -2.99e-05
  ==> Gradient Norm             2.20e-01
  ==> Abs. Max. Deriv.          2.25e-02
  ==> Time-Grad. (s)              97.382
  ==> Time-Energy (s)              1.060
  ==> Time-Iter. (s)              99.871

--------------------------------------------------------------------------------
CEO-ADAPT-VQE iteration: 48
--------------------------------------------------------------------------------
    gate        derivative      name       op1       op2       op3        g_unscaled   penalty
   89290        0.00026742        op     34914     34915                  0.03128797       117
   89291        0.00024493        om     34914     34915                  0.02865677       117
   34914        0.00022536    a_iajb     34914                            0.02997237       133
     126        0.00017538      a_ia       126                            0.00385839        22
     189        0.00016471      a_ia       189                            0.00329411        20
   89284        0.00014881        op     34911     34912                  0.02127922       143
   89285        0.00014881        op     34911     34912                  0.02127922       143
   89288        0.00014874        op     34911     34913                  0.02126939       143
   89289        0.00014874        op     34911     34913                  0.02126939       143
     307        0.00014783      a_ia       307                            0.00206966        14

  ==> Add operator: mvp2 -1: 34914 34915
  ==> Current qubit order: 4  5  8  9  10  11  12  13  2  3  16  17  18  19  21  23  24  27  26  28  29  30  62  22  15  65  31  1  34  63  61  25  0  60  35  37  38  40  7  20  55  51  68  42  43  44  64  59  14  6  48  52  45  49  39  47  58  41  50  54  46  33  32  36  53  56  57  66  67  69  70  71  72  73  74  75  76  77  78  79  80  81  82  83  84  85  86  87  88  89  90  91  92  93  94  95  96  97  98  99  100  101  102  103  


  ==> Energy                -307.382093802
  ==> dE                       -2.48e-04
  ==> Gradient Norm             2.31e-01
  ==> Abs. Max. Deriv.          3.13e-02
  ==> Time-Grad. (s)              67.437
  ==> Time-Energy (s)              1.735
  ==> Time-Iter. (s)              70.657

--------------------------------------------------------------------------------
CEO-ADAPT-VQE iteration: 49
--------------------------------------------------------------------------------
    gate        derivative      name       op1       op2       op3        g_unscaled   penalty
   95165        0.00048315        om     39364     39365                  0.02560670        53
   95164        0.00047934        op     39364     39365                  0.02540512        53
   39364        0.00036965    a_iajb     39364                            0.02550591        69
   81806       -0.00021767        op     29189     29190                 -0.01980790        91
   97570       -0.00021764        op     41173     41174                 -0.01414689        65
   81807       -0.00021599        om     29189     29190                 -0.01965465        91
   97571       -0.00020061        om     41173     41174                 -0.01303968        65
   29189       -0.00018440    a_iajb     29189                           -0.01973128       107
   79790        0.00018159        op     27635     27636                  0.01071378        59
   79791        0.00018143        om     27635     27636                  0.01070422        59

  ==> Add operator: mvp2 -1: 39364 39365
  ==> Current qubit order: 4  5  8  9  10  11  12  13  2  3  16  17  18  19  21  23  24  27  26  28  29  30  62  22  15  65  31  1  34  63  61  25  0  60  35  37  38  40  7  20  55  51  68  42  43  44  64  59  14  6  48  45  49  39  47  58  41  52  46  33  53  50  54  32  36  56  57  66  67  69  70  71  72  73  74  75  76  77  78  79  80  81  82  83  84  85  86  87  88  89  90  91  92  93  94  95  96  97  98  99  100  101  102  103  


  ==> Energy                -307.382321981
  ==> dE                       -2.28e-04
  ==> Gradient Norm             2.27e-01
  ==> Abs. Max. Deriv.          2.56e-02
  ==> Time-Grad. (s)              80.336
  ==> Time-Energy (s)              1.804
  ==> Time-Iter. (s)              83.504

--------------------------------------------------------------------------------
CEO-ADAPT-VQE iteration: 50
--------------------------------------------------------------------------------
    gate        derivative      name       op1       op2       op3        g_unscaled   penalty
     381        0.00201840      a_ia       381                            0.00807361         4
   85770       -0.00030975        op     32135     32136                 -0.01827551        59
   85771       -0.00030408        om     32135     32136                 -0.01794090        59
   93176        0.00025124        op     37825     37826                  0.00929580        37
   93177        0.00025124        om     37825     37826                  0.00929580        37
   32135       -0.00024144    a_iajb     32135                           -0.01810820        75
     320        0.00023110      a_ia       320                            0.00184881         8
   92227        0.00019314        om     37124     37125                  0.00830484        43
   92226        0.00019313        op     37124     37125                  0.00830463        43
     269       -0.00017740      a_ia       269                           -0.00177403        10

  ==> Add operator: a_ia 381
  ==> Current qubit order: 4  5  8  9  10  11  12  13  2  3  16  17  18  19  21  23  24  27  26  28  29  30  62  22  15  65  31  1  34  63  61  25  0  60  35  37  38  40  7  20  55  51  68  42  43  44  64  59  14  6  48  45  49  39  47  41  58  52  46  33  53  50  54  32  36  56  57  66  67  69  70  71  72  73  74  75  76  77  78  79  80  81  82  83  84  85  86  87  88  89  90  91  92  93  94  95  96  97  98  99  100  101  102  103  


  ==> Energy                -307.383100720
  ==> dE                       -7.79e-04
  ==> Gradient Norm             2.20e-01
  ==> Abs. Max. Deriv.          2.25e-02
  ==> Time-Grad. (s)              73.869
  ==> Time-Energy (s)            326.078
  ==> Time-Iter. (s)             401.329

--------------------------------------------------------------------------------
CEO-ADAPT-VQE iteration: 51
--------------------------------------------------------------------------------
    gate        derivative      name       op1       op2       op3        g_unscaled   penalty
   94609        0.00063802        om     38873     38874                  0.03764343        59
   94608        0.00063770        op     38873     38874                  0.03762417        59
   38873        0.00050178    a_iajb     38873                            0.03763380        75
     274       -0.00028013      a_ia       274                           -0.00280129        10
     386        0.00025731      a_ia       386                            0.00051462         2
   97740        0.00024881        op     41246     41247                  0.02015335        81
   97741        0.00024881        om     41246     41247                  0.02015335        81
   41246        0.00020777    a_iajb     41246                            0.02015335        97
     356       -0.00019626      a_ia       356                           -0.00078506         4
     270       -0.00018303      a_ia       270                           -0.00036606         2

  ==> Add operator: mvp2 -1: 38873 38874
  ==> Current qubit order: 4  5  8  9  10  11  12  13  2  3  16  17  18  19  21  23  24  27  26  28  29  30  62  22  15  65  31  1  34  63  61  25  0  60  35  37  38  40  7  20  55  51  68  42  43  44  64  14  6  48  45  49  39  47  59  58  33  32  41  52  46  53  50  54  36  56  57  66  67  69  70  71  72  73  74  75  76  77  78  79  80  81  82  83  84  85  86  87  88  89  90  91  92  93  94  95  96  97  98  99  100  101  102  103  


  ==> Energy                -307.383347484
  ==> dE                       -2.47e-04
  ==> Gradient Norm             2.21e-01
  ==> Abs. Max. Deriv.          3.76e-02
  ==> Time-Grad. (s)              74.917
  ==> Time-Energy (s)              2.095
  ==> Time-Iter. (s)              78.458

--------------------------------------------------------------------------------
CEO-ADAPT-VQE iteration: 52
--------------------------------------------------------------------------------
    gate        derivative      name       op1       op2       op3        g_unscaled   penalty
     277       -0.00048673      a_ia       277                           -0.00292040         6
     280       -0.00022679      a_ia       280                           -0.00090715         4
     330        0.00022284      a_ia       330                            0.00133703         6
   96321       -0.00018645        op     40196     40197                 -0.00801722        43
   96322       -0.00018645        op     40196     40197                 -0.00801722        43
   96325       -0.00016866        op     40196     40198                 -0.00725256        43
   96326       -0.00016866        op     40196     40198                 -0.00725256        43
     387       -0.00016506      a_ia       387                           -0.00033013         2
     208        0.00016159      a_ia       208                            0.00323171        20
     306       -0.00014944      a_ia       306                           -0.00179330        12

  ==> Add operator: a_ia 277
  ==> Current qubit order: 4  5  8  9  10  11  12  13  2  3  16  17  18  19  21  23  24  27  26  28  29  30  62  22  15  65  31  1  34  63  61  25  0  60  35  37  38  40  7  20  55  51  68  42  43  44  64  14  6  48  45  49  39  59  58  47  33  32  41  52  46  53  50  54  36  56  57  66  67  69  70  71  72  73  74  75  76  77  78  79  80  81  82  83  84  85  86  87  88  89  90  91  92  93  94  95  96  97  98  99  100  101  102  103  


  ==> Energy                -307.384350113
  ==> dE                       -1.00e-03
  ==> Gradient Norm             2.09e-01
  ==> Abs. Max. Deriv.          2.25e-02
  ==> Time-Grad. (s)              78.324
  ==> Time-Energy (s)              1.089
  ==> Time-Iter. (s)              80.829

--------------------------------------------------------------------------------
CEO-ADAPT-VQE iteration: 53
--------------------------------------------------------------------------------
    gate        derivative      name       op1       op2       op3        g_unscaled   penalty
     288        0.00145027      a_ia       288                            0.01450272        10
   99403        0.00033116        om     42439     42440                  0.01821391        55
   89804       -0.00030359        op     35112     35113                 -0.01669760        55
   89805       -0.00030359        om     35112     35113                 -0.01669760        55
   99402        0.00027376        op     42439     42440                  0.01505681        55
   35112       -0.00023518    a_iajb     35112                           -0.01669760        71
   42439        0.00023430    a_iajb     42439                            0.01663536        71
     374       -0.00023390      a_ia       374                           -0.00280686        12
     399       -0.00021514      a_ia       399                           -0.00043029         2
     342        0.00020024      a_ia       342                            0.00120144         6

  ==> Add operator: a_ia 288
  ==> Current qubit order: 4  5  8  9  10  11  12  13  2  3  16  17  18  19  21  23  24  27  26  28  29  30  62  22  15  65  31  1  34  63  61  25  0  60  35  37  38  40  7  20  55  51  68  42  43  44  64  14  6  48  45  49  39  59  58  47  32  41  52  46  33  53  50  54  36  56  57  66  67  69  70  71  72  73  74  75  76  77  78  79  80  81  82  83  84  85  86  87  88  89  90  91  92  93  94  95  96  97  98  99  100  101  102  103  


  ==> Energy                -307.384470156
  ==> dE                       -1.20e-04
  ==> Gradient Norm             2.01e-01
  ==> Abs. Max. Deriv.          2.25e-02
  ==> Time-Grad. (s)             171.959
  ==> Time-Energy (s)              1.023
  ==> Time-Iter. (s)             174.410

--------------------------------------------------------------------------------
CEO-ADAPT-VQE iteration: 54
--------------------------------------------------------------------------------
    gate        derivative      name       op1       op2       op3        g_unscaled   penalty
   73386        0.00030284        op     22837     22838                  0.02089585        69
   73387        0.00030161        om     22837     22838                  0.02081109        69
     402       -0.00026591      a_ia       402                           -0.00053183         2
   22837        0.00024533    a_iajb     22837                            0.02085347        85
     382        0.00021224      a_ia       382                            0.00254688        12
   87673       -0.00016836        om     33694     33695                 -0.01767831       105
   87672       -0.00016836        op     33694     33695                 -0.01767831       105
     345        0.00016306      a_ia       345                            0.00130445         8
     214        0.00015901      a_ia       214                            0.00318022        20
   97008        0.00015590        op     40729     40730                  0.01543395        99

  ==> Add operator: mvp2 -1: 22837 22838
  ==> Current qubit order: 4  5  8  9  10  11  12  13  2  3  16  17  19  21  23  24  27  26  28  29  30  62  22  15  65  18  1  61  60  31  34  63  25  0  35  37  38  40  7  20  55  51  68  42  43  44  64  14  6  48  45  49  39  59  58  47  32  41  52  46  33  53  50  54  36  56  57  66  67  69  70  71  72  73  74  75  76  77  78  79  80  81  82  83  84  85  86  87  88  89  90  91  92  93  94  95  96  97  98  99  100  101  102  103  


  ==> Energy                -307.384537110
  ==> dE                       -6.70e-05
  ==> Gradient Norm             2.19e-01
  ==> Abs. Max. Deriv.          2.25e-02
  ==> Time-Grad. (s)              73.162
  ==> Time-Energy (s)              2.547
  ==> Time-Iter. (s)              77.164

--------------------------------------------------------------------------------
CEO-ADAPT-VQE iteration: 55
--------------------------------------------------------------------------------
    gate        derivative      name       op1       op2       op3        g_unscaled   penalty
   85579       -0.00028108        op     32218     32219                 -0.01321083        47
   85580       -0.00028108        om     32218     32219                 -0.01321083        47
   89367       -0.00027373        op     34998     34999                 -0.01669760        61
   89368       -0.00027373        om     34998     34999                 -0.01669760        61
     414       -0.00024874      a_ia       414                           -0.00049749         2
   34998       -0.00021685    a_iajb     34998                           -0.01669760        77
     392        0.00021217      a_ia       392                            0.00254604        12
   32218       -0.00020970    a_iajb     32218                           -0.01321083        63
   95131        0.00019952        op     39391     39392                  0.01536286        77
   95132        0.00019952        om     39391     39392                  0.01536286        77

  ==> Add operator: op -1: 32218 32219
  ==> Current qubit order: 4  5  8  9  10  11  12  13  2  3  16  17  19  21  23  24  27  28  29  26  62  15  65  30  22  18  1  61  60  31  34  63  25  0  35  37  38  40  7  20  55  51  68  42  43  44  64  14  6  48  45  49  39  59  58  47  32  41  52  46  33  53  50  54  36  56  57  66  67  69  70  71  72  73  74  75  76  77  78  79  80  81  82  83  84  85  86  87  88  89  90  91  92  93  94  95  96  97  98  99  100  101  102  103  


  ==> Energy                -307.384558597
  ==> dE                       -2.15e-05
  ==> Gradient Norm             2.15e-01
  ==> Abs. Max. Deriv.          2.46e-02
  ==> Time-Grad. (s)             178.769
  ==> Time-Energy (s)              1.137
  ==> Time-Iter. (s)             181.329

--------------------------------------------------------------------------------
CEO-ADAPT-VQE iteration: 56
--------------------------------------------------------------------------------
    gate        derivative      name       op1       op2       op3        g_unscaled   penalty
   93980        0.00028822        op     38751     38752                  0.02104017        73
   93981        0.00028288        om     38751     38752                  0.02064990        73
   93983       -0.00027190        om     38753     38754                 -0.01495464        55
     424       -0.00024849      a_ia       424                           -0.00049698         2
   38751        0.00023421    a_iajb     38751                            0.02084504        89
   93982       -0.00022208        op     38753     38754                 -0.01221416        55
     402        0.00021213      a_ia       402                            0.00254557        12
     228        0.00019584      a_ia       228                            0.00313338        16
   38753       -0.00019133    a_iajb     38753                           -0.01358440        71
     363        0.00016301      a_ia       363                            0.00130406         8

  ==> Add operator: mvp2 -1: 38751 38752
  ==> Current qubit order: 4  5  8  9  10  11  12  13  2  3  16  17  19  21  23  24  27  28  29  26  62  15  65  30  22  18  1  61  60  31  34  63  25  0  35  37  38  40  7  20  51  68  42  43  44  64  14  6  48  45  49  39  59  55  32  52  33  58  47  41  46  53  50  54  36  56  57  66  67  69  70  71  72  73  74  75  76  77  78  79  80  81  82  83  84  85  86  87  88  89  90  91  92  93  94  95  96  97  98  99  100  101  102  103  


  ==> Energy                -307.385011715
  ==> dE                       -4.53e-04
  ==> Gradient Norm             2.09e-01
  ==> Abs. Max. Deriv.          2.25e-02
  ==> Time-Grad. (s)              75.443
  ==> Time-Energy (s)              1.519
  ==> Time-Iter. (s)              78.396

--------------------------------------------------------------------------------
CEO-ADAPT-VQE iteration: 57
--------------------------------------------------------------------------------
    gate        derivative      name       op1       op2       op3        g_unscaled   penalty
   73360        0.00079677        op     22885     22886                  0.02151287        27
   73361        0.00079561        om     22885     22886                  0.02148153        27
   22885        0.00049993    a_iajb     22885                            0.02149720        43
     410        0.00041390      a_ia       410                            0.00248340         6
   98545       -0.00034581        om     41985     41986                 -0.03285175        95
   98544       -0.00033469        op     41985     41986                 -0.03179514        95
     370        0.00032514      a_ia       370                            0.00130056         4
   93082        0.00029500        op     37828     37829                  0.01799517        61
   93083        0.00029500        om     37828     37829                  0.01799514        61
   41985       -0.00029120    a_iajb     41985                           -0.03232345       111

  ==> Add operator: mvp2 -1: 22885 22886
  ==> Current qubit order: 4  5  8  9  10  11  12  13  2  3  16  17  19  21  23  24  27  28  29  26  62  15  65  30  18  22  1  61  60  31  34  63  25  0  35  37  38  40  7  20  51  68  42  43  44  64  14  6  48  45  49  39  59  55  32  52  33  58  47  41  46  53  50  54  36  56  57  66  67  69  70  71  72  73  74  75  76  77  78  79  80  81  82  83  84  85  86  87  88  89  90  91  92  93  94  95  96  97  98  99  100  101  102  103  


  ==> Energy                -307.385064549
  ==> dE                       -5.28e-05
  ==> Gradient Norm             2.26e-01
  ==> Abs. Max. Deriv.          3.29e-02
  ==> Time-Grad. (s)              67.169
  ==> Time-Energy (s)              2.235
  ==> Time-Iter. (s)              70.835

--------------------------------------------------------------------------------
CEO-ADAPT-VQE iteration: 58
--------------------------------------------------------------------------------
    gate        derivative      name       op1       op2       op3        g_unscaled   penalty
     417        0.00041377      a_ia       417                            0.00248265         6
     376        0.00032521      a_ia       376                            0.00130083         4
     319       -0.00025167      a_ia       319                           -0.00201338         8
     411       -0.00024994      a_ia       411                           -0.00149963         6
     235        0.00019562      a_ia       235                            0.00312992        16
   89308        0.00016854        op     34958     34959                  0.01129212        67
   89309        0.00016846        om     34958     34959                  0.01128705        67
   84324       -0.00016686        op     31165     31166                 -0.01017875        61
   84325       -0.00016686        om     31165     31166                 -0.01017875        61
     365        0.00016266      a_ia       365                            0.00032532         2

  ==> Add operator: a_ia 417
  ==> Current qubit order: 4  5  8  9  10  11  12  13  2  3  16  17  19  21  23  24  27  28  29  26  62  15  65  30  18  22  1  61  60  31  34  63  25  0  35  37  38  40  7  20  51  68  42  43  44  64  14  6  48  45  49  39  59  55  32  52  33  58  41  46  47  53  50  54  36  56  57  66  67  69  70  71  72  73  74  75  76  77  78  79  80  81  82  83  84  85  86  87  88  89  90  91  92  93  94  95  96  97  98  99  100  101  102  103  


  ==> Energy                -307.385069779
  ==> dE                       -5.23e-06
  ==> Gradient Norm             2.12e-01
  ==> Abs. Max. Deriv.          3.31e-02
  ==> Time-Grad. (s)             165.137
  ==> Time-Energy (s)              1.168
  ==> Time-Iter. (s)             167.737

--------------------------------------------------------------------------------
CEO-ADAPT-VQE iteration: 59
--------------------------------------------------------------------------------
    gate        derivative      name       op1       op2       op3        g_unscaled   penalty
     423       -0.00034791      a_ia       423                           -0.00139162         4
     330       -0.00027772      a_ia       330                           -0.00222175         8
     388        0.00023186      a_ia       388                            0.00139118         6
     377        0.00020415      a_ia       377                            0.00040829         2
     244        0.00019196      a_ia       244                            0.00307138        16
     444        0.00014751      a_ia       444                            0.00059003         4
     321        0.00014744      a_ia       321                            0.00088461         6
     359       -0.00014604      a_ia       359                           -0.00175246        12
     460        0.00013239      a_ia       460                            0.00211826        16
   44983        0.00013201        op      1718      1719                  0.01623747       123

  ==> Add operator: a_ia 423
  ==> Current qubit order: 4  5  8  9  10  11  12  13  2  3  16  17  19  21  23  24  27  28  29  26  62  15  65  30  18  22  1  61  60  31  34  63  25  0  35  37  38  40  7  20  51  68  42  43  44  64  14  6  48  45  49  39  59  55  32  52  33  41  58  46  47  53  50  54  36  56  57  66  67  69  70  71  72  73  74  75  76  77  78  79  80  81  82  83  84  85  86  87  88  89  90  91  92  93  94  95  96  97  98  99  100  101  102  103  


  ==> Energy                -307.385070596
  ==> dE                       -8.17e-07
  ==> Gradient Norm             2.11e-01
  ==> Abs. Max. Deriv.          2.25e-02
  ==> Time-Grad. (s)             153.851
  ==> Time-Energy (s)              1.276
  ==> Time-Iter. (s)             156.567

--------------------------------------------------------------------------------
CEO-ADAPT-VQE iteration: 60
--------------------------------------------------------------------------------
    gate        derivative      name       op1       op2       op3        g_unscaled   penalty
   96738       -0.00061714        om     41072     41073                 -0.01913123        31
   96737       -0.00056441        op     41072     41073                 -0.01749670        31
   41072       -0.00038966    a_iajb     41072                           -0.01831397        47
     334       -0.00027548      a_ia       334                           -0.00220381         8
     382        0.00020019      a_ia       382                            0.00040038         2
     248        0.00019248      a_ia       248                            0.00307976        16
     393        0.00017306      a_ia       393                            0.00138452         8
     364       -0.00014610      a_ia       364                           -0.00175325        12
     449        0.00013824      a_ia       449                            0.00055296         4
     465        0.00013238      a_ia       465                            0.00211816        16

  ==> Add operator: mvp2 -1: 41072 41073
  ==> Current qubit order: 4  5  8  9  10  11  12  13  2  3  16  17  19  21  23  24  27  28  29  26  62  15  65  30  18  22  1  61  60  31  34  63  25  0  35  37  38  40  7  20  51  68  42  43  44  64  14  6  48  45  49  39  59  55  32  52  33  58  46  47  41  53  50  54  36  56  57  66  67  69  70  71  72  73  74  75  76  77  78  79  80  81  82  83  84  85  86  87  88  89  90  91  92  93  94  95  96  97  98  99  100  101  102  103  


  ==> Energy                -307.385223147
  ==> dE                       -1.53e-04
  ==> Gradient Norm             2.11e-01
  ==> Abs. Max. Deriv.          2.25e-02
  ==> Time-Grad. (s)              75.395
  ==> Time-Energy (s)              2.259
  ==> Time-Iter. (s)              79.084

--------------------------------------------------------------------------------
CEO-ADAPT-VQE iteration: 61
--------------------------------------------------------------------------------
    gate        derivative      name       op1       op2       op3        g_unscaled   penalty
     402        0.00131267      a_ia       402                            0.00262534         2
     401       -0.00064042      a_ia       401                           -0.00128084         2
     341       -0.00027479      a_ia       341                           -0.00219828         8
     474        0.00026272      a_ia       474                            0.00420357        16
     376        0.00022142      a_ia       376                            0.00221425        10
     391        0.00020082      a_ia       391                            0.00040165         2
     254        0.00019221      a_ia       254                            0.00307532        16
   97017        0.00017152        op     41218     41219                  0.01526494        89
   88703        0.00017025        op     34773     34774                  0.01413102        83
   88704        0.00017025        om     34773     34774                  0.01413102        83

  ==> Add operator: a_ia 402
  ==> Current qubit order: 4  5  8  9  10  11  12  13  2  3  16  17  19  21  23  24  27  28  29  26  62  15  65  30  18  22  1  61  60  31  34  63  25  0  35  37  38  40  7  20  51  68  42  43  44  64  14  6  48  45  49  39  59  55  32  52  33  58  46  47  41  53  50  54  36  56  57  66  67  69  70  71  72  73  74  75  76  77  78  79  80  81  82  83  84  85  86  87  88  89  90  91  92  93  94  95  96  97  98  99  100  101  102  103  


  ==> Energy                -307.385227414
  ==> dE                       -4.27e-06
  ==> Gradient Norm             2.08e-01
  ==> Abs. Max. Deriv.          2.25e-02
  ==> Time-Grad. (s)              72.575
  ==> Time-Energy (s)              0.737
  ==> Time-Iter. (s)              74.743

--------------------------------------------------------------------------------
CEO-ADAPT-VQE iteration: 62
--------------------------------------------------------------------------------
    gate        derivative      name       op1       op2       op3        g_unscaled   penalty
     409       -0.00065664      a_ia       409                           -0.00131327         2
     345       -0.00027822      a_ia       345                           -0.00222580         8
     484        0.00026312      a_ia       484                            0.00420996        16
     376       -0.00025920      a_ia       376                           -0.00051841         2
     382        0.00022162      a_ia       382                            0.00221619        10
     398        0.00020815      a_ia       398                            0.00041631         2
   78495        0.00019691        op     26863     26864                  0.01358662        69
   78496        0.00019687        om     26863     26864                  0.01358431        69
     258        0.00019222      a_ia       258                            0.00307545        16
   90452       -0.00016169        om     35933     35934                 -0.01050970        65

  ==> Add operator: a_ia 409
  ==> Current qubit order: 4  5  8  9  10  11  12  13  2  3  16  17  19  21  23  24  27  28  29  26  62  15  65  30  18  22  1  61  60  31  34  63  25  0  35  37  38  40  7  20  51  68  42  43  44  64  14  6  48  45  49  39  59  55  32  52  33  58  46  47  41  53  50  54  36  56  57  66  67  69  70  71  72  73  74  75  76  77  78  79  80  81  82  83  84  85  86  87  88  89  90  91  92  93  94  95  96  97  98  99  100  101  102  103  


  ==> Energy                -307.385459147
  ==> dE                       -2.32e-04
  ==> Gradient Norm             2.03e-01
  ==> Abs. Max. Deriv.          2.25e-02
  ==> Time-Grad. (s)             166.494
  ==> Time-Energy (s)              1.283
  ==> Time-Iter. (s)             169.215

--------------------------------------------------------------------------------
CEO-ADAPT-VQE iteration: 63
--------------------------------------------------------------------------------
    gate        derivative      name       op1       op2       op3        g_unscaled   penalty
     415        0.00182310      a_ia       415                            0.00364621         2
     488        0.00110653      a_ia       488                            0.00442611         4
   82846       -0.00031294        om     30094     30095                 -0.02597376        83
   82845       -0.00031284        op     30094     30095                 -0.02596609        83
     349       -0.00026953      a_ia       349                           -0.00215626         8
   30094       -0.00026232    a_iajb     30094                           -0.02596993        99
     380       -0.00026146      a_ia       380                           -0.00052293         2
     386        0.00022278      a_ia       386                            0.00222782        10
     262        0.00019263      a_ia       262                            0.00308214        16
     403        0.00018549      a_ia       403                            0.00037098         2

  ==> Add operator: a_ia 415
  ==> Current qubit order: 4  5  8  9  10  11  12  13  2  3  16  17  19  21  23  24  27  28  29  26  62  15  65  30  18  22  1  61  60  31  34  63  25  0  35  37  38  40  7  20  51  68  42  43  44  64  14  6  48  45  49  39  59  55  32  52  33  58  46  47  41  53  50  54  36  56  57  66  67  69  70  71  72  73  74  75  76  77  78  79  80  81  82  83  84  85  86  87  88  89  90  91  92  93  94  95  96  97  98  99  100  101  102  103  


  ==> Energy                -307.385467403
  ==> dE                       -8.26e-06
  ==> Gradient Norm             2.23e-01
  ==> Abs. Max. Deriv.          2.60e-02
  ==> Time-Grad. (s)             164.242
  ==> Time-Energy (s)              1.104
  ==> Time-Iter. (s)             166.785

--------------------------------------------------------------------------------
CEO-ADAPT-VQE iteration: 64
--------------------------------------------------------------------------------
    gate        derivative      name       op1       op2       op3        g_unscaled   penalty
     497        0.00111583      a_ia       497                            0.00446332         4
   77799        0.00044557        op     26434     26435                  0.03430905        77
   77800        0.00044557        om     26434     26435                  0.03430905        77
   26434        0.00036891    a_iajb     26434                            0.03430905        93
     356       -0.00027452      a_ia       356                           -0.00219618         8
     387       -0.00025860      a_ia       387                           -0.00051721         2
     393        0.00022305      a_ia       393                            0.00223052        10
   96778        0.00020058        om     40813     40814                  0.00942729        47
     410        0.00019584      a_ia       410                            0.00039168         2
   96777        0.00019300        op     40813     40814                  0.00907123        47

  ==> Add operator: a_ia 497
  ==> Current qubit order: 4  5  8  9  10  11  12  13  2  3  16  17  19  21  23  24  27  28  29  26  62  15  65  30  18  22  1  61  60  31  34  63  25  0  35  37  38  40  7  20  51  68  42  43  44  64  14  6  48  45  49  39  59  55  32  33  52  58  46  47  41  53  50  54  36  56  57  66  67  69  70  71  72  73  74  75  76  77  78  79  80  81  82  83  84  85  86  87  88  89  90  91  92  93  94  95  96  97  98  99  100  101  102  103  


  ==> Energy                -307.385473160
  ==> dE                       -5.76e-06
  ==> Gradient Norm             2.11e-01
  ==> Abs. Max. Deriv.          3.43e-02
  ==> Time-Grad. (s)             170.372
  ==> Time-Energy (s)              1.212
  ==> Time-Iter. (s)             173.020

--------------------------------------------------------------------------------
CEO-ADAPT-VQE iteration: 65
--------------------------------------------------------------------------------
    gate        derivative      name       op1       op2       op3        g_unscaled   penalty
     360       -0.00036345      a_ia       360                           -0.00218072         6
     391       -0.00025733      a_ia       391                           -0.00051467         2
     397        0.00022522      a_ia       397                            0.00225220        10
   85647        0.00020579        op     32425     32426                  0.01749233        85
   85648        0.00020579        om     32425     32426                  0.01749233        85
     414        0.00019996      a_ia       414                            0.00039992         2
     272        0.00019272      a_ia       272                            0.00308356        16
   32425        0.00017319    a_iajb     32425                            0.01749233       101
   87035        0.00016063        op     33498     33499                  0.02554081       159
   87036        0.00016063        om     33498     33499                  0.02554081       159

  ==> Add operator: a_ia 360
  ==> Current qubit order: 4  5  8  9  10  11  12  13  2  3  16  17  19  21  23  24  27  28  29  26  62  15  65  30  18  22  1  61  60  31  34  63  25  0  35  37  38  40  7  20  51  68  42  43  44  64  14  6  48  45  49  39  55  32  59  33  52  58  46  47  41  53  50  54  36  56  57  66  67  69  70  71  72  73  74  75  76  77  78  79  80  81  82  83  84  85  86  87  88  89  90  91  92  93  94  95  96  97  98  99  100  101  102  103  


  ==> Energy                -307.385474807
  ==> dE                       -1.65e-06
  ==> Gradient Norm             2.15e-01
  ==> Abs. Max. Deriv.          2.55e-02
  ==> Time-Grad. (s)              73.124
  ==> Time-Energy (s)              1.394
  ==> Time-Iter. (s)              75.971

--------------------------------------------------------------------------------
CEO-ADAPT-VQE iteration: 66
--------------------------------------------------------------------------------
    gate        derivative      name       op1       op2       op3        g_unscaled   penalty
   85069       -0.00035884        op     32114     32115                 -0.01973645        55
   85070       -0.00035780        om     32114     32115                 -0.01967896        55
   32114       -0.00027757    a_iajb     32114                           -0.01970770        71
     394       -0.00025514      a_ia       394                           -0.00051028         2
     400        0.00022527      a_ia       400                            0.00225269        10
     275        0.00019390      a_ia       275                            0.00310234        16
     338        0.00014466      a_ia       338                            0.00144662        10
     396       -0.00014453      a_ia       396                           -0.00173441        12
   89586       -0.00013493        om     35550     35551                 -0.00580202        43
   89585       -0.00013473        op     35550     35551                 -0.00579347        43

  ==> Add operator: mvp2 -1: 32114 32115
  ==> Current qubit order: 4  5  8  9  10  11  12  13  2  3  16  17  19  21  23  24  27  29  26  28  62  15  63  65  30  18  22  1  61  60  31  34  25  0  35  37  38  40  7  20  51  68  42  43  44  64  14  6  48  45  49  39  55  32  59  33  52  58  46  47  41  53  50  54  36  56  57  66  67  69  70  71  72  73  74  75  76  77  78  79  80  81  82  83  84  85  86  87  88  89  90  91  92  93  94  95  96  97  98  99  100  101  102  103  


  ==> Energy                -307.385528788
  ==> dE                       -5.40e-05
  ==> Gradient Norm             2.09e-01
  ==> Abs. Max. Deriv.          2.25e-02
  ==> Time-Grad. (s)              75.551
  ==> Time-Energy (s)              2.218
  ==> Time-Iter. (s)              79.214

--------------------------------------------------------------------------------
CEO-ADAPT-VQE iteration: 67
--------------------------------------------------------------------------------
    gate        derivative      name       op1       op2       op3        g_unscaled   penalty
   93740       -0.00048702        om     38723     38724                 -0.01509747        31
   93739       -0.00048589        op     38723     38724                 -0.01506253        31
   38723       -0.00032085    a_iajb     38723                           -0.01508000        47
     399       -0.00025521      a_ia       399                           -0.00051042         2
     405        0.00022527      a_ia       405                            0.00225267        10
   97842        0.00020034        om     41808     41809                  0.01262135        63
   77709        0.00018442        op     26596     26597                  0.01088103        59
   77710        0.00018235        om     26596     26597                  0.01075863        59
   97841        0.00017373        op     41808     41809                  0.01094490        63
     276        0.00017234      a_ia       276                            0.00310211        18

  ==> Add operator: mvp2 -1: 38723 38724
  ==> Current qubit order: 4  5  8  9  10  11  12  13  2  3  16  17  19  21  23  24  27  29  26  28  62  15  63  65  30  18  22  1  61  60  31  34  25  0  35  37  38  40  7  20  51  68  42  43  44  64  14  6  48  45  49  55  39  32  59  58  33  52  46  47  41  53  50  54  36  56  57  66  67  69  70  71  72  73  74  75  76  77  78  79  80  81  82  83  84  85  86  87  88  89  90  91  92  93  94  95  96  97  98  99  100  101  102  103  


  ==> Energy                -307.385570705
  ==> dE                       -4.19e-05
  ==> Gradient Norm             2.10e-01
  ==> Abs. Max. Deriv.          2.25e-02
  ==> Time-Grad. (s)              77.903
  ==> Time-Energy (s)              1.914
  ==> Time-Iter. (s)              81.285

--------------------------------------------------------------------------------
CEO-ADAPT-VQE iteration: 68
--------------------------------------------------------------------------------
    gate        derivative      name       op1       op2       op3        g_unscaled   penalty
   94409        0.00026945        op     39295     39297                  0.02128646        79
   94410        0.00026945        op     39295     39297                  0.02128646        79
   94380        0.00025602        om     39275     39276                  0.01561692        61
     403       -0.00025518      a_ia       403                           -0.00051036         2
   94379        0.00025228        op     39275     39276                  0.01538880        61
     360        0.00024710      a_ia       360                            0.00098841         4
   94405        0.00022735        op     39295     39296                  0.01796034        79
   94406        0.00022735        op     39295     39296                  0.01796034        79
     409        0.00022525      a_ia       409                            0.00225250        10
   98243        0.00021662        op     42227     42228                  0.01234720        57

  ==> Add operator: mvp3 -1: 39295 39296 39297
  ==> Current qubit order: 4  5  8  9  10  11  12  13  2  3  16  17  19  21  23  24  27  29  26  28  62  15  63  65  30  18  22  1  61  60  31  34  25  0  35  37  38  40  7  20  68  42  43  44  64  14  6  48  45  49  55  39  51  59  33  53  32  58  52  46  47  41  50  54  36  56  57  66  67  69  70  71  72  73  74  75  76  77  78  79  80  81  82  83  84  85  86  87  88  89  90  91  92  93  94  95  96  97  98  99  100  101  102  103  


  ==> Energy                -307.386057048
  ==> dE                       -4.86e-04
  ==> Gradient Norm             2.13e-01
  ==> Abs. Max. Deriv.          2.25e-02
  ==> Time-Grad. (s)              68.586
  ==> Time-Energy (s)              3.138
  ==> Time-Iter. (s)              73.164

--------------------------------------------------------------------------------
CEO-ADAPT-VQE iteration: 69
--------------------------------------------------------------------------------
    gate        derivative      name       op1       op2       op3        g_unscaled   penalty
     523        0.00434556      a_ia       523                            0.00869111         2
     515       -0.00060594      a_ia       515                           -0.00363565         6
     363        0.00043488      a_ia       363                            0.00086975         2
     516       -0.00042151      a_ia       516                           -0.00168604         4
     406       -0.00024801      a_ia       406                           -0.00049602         2
     280        0.00017150      a_ia       280                            0.00308708        18
     429        0.00015568      a_ia       429                            0.00062274         4
     506        0.00015312      a_ia       506                            0.00122497         8
     347        0.00014462      a_ia       347                            0.00144622        10
     408       -0.00014370      a_ia       408                           -0.00172439        12

  ==> Add operator: a_ia 523
  ==> Current qubit order: 4  5  8  9  10  11  12  13  2  3  16  17  19  21  23  24  27  29  26  28  62  15  63  65  30  18  22  1  61  60  31  34  25  0  35  37  38  40  7  20  68  42  43  44  64  14  6  48  45  49  55  39  51  59  33  53  32  58  52  46  47  41  50  54  36  56  57  66  67  69  70  71  72  73  74  75  76  77  78  79  80  81  82  83  84  85  86  87  88  89  90  91  92  93  94  95  96  97  98  99  100  101  102  103  


  ==> Energy                -307.386078816
  ==> dE                       -2.18e-05
  ==> Gradient Norm             2.04e-01
  ==> Abs. Max. Deriv.          2.25e-02
  ==> Time-Grad. (s)             174.688
  ==> Time-Energy (s)              0.999
  ==> Time-Iter. (s)             177.143

--------------------------------------------------------------------------------
CEO-ADAPT-VQE iteration: 70
--------------------------------------------------------------------------------
    gate        derivative      name       op1       op2       op3        g_unscaled   penalty
     522       -0.00061309      a_ia       522                           -0.00367855         6
     523       -0.00043597      a_ia       523                           -0.00174390         4
     367        0.00033646      a_ia       367                            0.00067293         2
     410       -0.00024541      a_ia       410                           -0.00049081         2
   81331        0.00017527        op     29068     29069                  0.01489800        85
   81332        0.00017527        om     29068     29069                  0.01489779        85
   96974       -0.00017386        om     40846     40847                 -0.01303947        75
     283        0.00017166      a_ia       283                            0.00308988        18
     433        0.00016482      a_ia       433                            0.00065930         4
     511        0.00015466      a_ia       511                            0.00123728         8

  ==> Add operator: a_ia 522
  ==> Current qubit order: 4  5  8  9  10  11  12  13  2  3  16  17  19  21  23  24  27  29  26  28  62  15  63  65  30  18  22  1  61  60  31  34  25  0  35  37  38  40  7  20  68  42  43  44  64  14  6  48  45  49  55  39  59  33  51  53  32  58  52  46  47  41  50  54  36  56  57  66  67  69  70  71  72  73  74  75  76  77  78  79  80  81  82  83  84  85  86  87  88  89  90  91  92  93  94  95  96  97  98  99  100  101  102  103  


  ==> Energy                -307.386095772
  ==> dE                       -1.70e-05
  ==> Gradient Norm             2.07e-01
  ==> Abs. Max. Deriv.          2.25e-02
  ==> Time-Grad. (s)             178.906
  ==> Time-Energy (s)              1.112
  ==> Time-Iter. (s)             181.476

--------------------------------------------------------------------------------
CEO-ADAPT-VQE iteration: 71
--------------------------------------------------------------------------------
    gate        derivative      name       op1       op2       op3        g_unscaled   penalty
     371        0.00057253      a_ia       371                            0.00114506         2
   72920        0.00045747        op     22754     22755                  0.01326672        29
   72921        0.00045714        om     22754     22755                  0.01325705        29
     438        0.00036728      a_ia       438                            0.00073455         2
   22754        0.00029471    a_iajb     22754                            0.01326189        45
     381       -0.00029281      a_ia       381                           -0.00058561         2
   72814       -0.00027791        op     22672     22673                 -0.01528524        55
   72815       -0.00027773        om     22672     22673                 -0.01527500        55
     415       -0.00026741      a_ia       415                           -0.00053483         2
   89474        0.00026736        op     35216     35217                  0.02753836       103

  ==> Add operator: a_ia 371
  ==> Current qubit order: 4  5  8  9  10  11  12  13  2  3  16  17  19  21  23  24  27  29  26  28  62  15  63  65  30  18  22  1  61  60  31  34  25  0  35  37  38  40  7  20  68  42  43  44  64  14  6  48  45  49  55  39  59  33  51  53  32  58  52  46  47  41  50  54  36  56  57  66  67  69  70  71  72  73  74  75  76  77  78  79  80  81  82  83  84  85  86  87  88  89  90  91  92  93  94  95  96  97  98  99  100  101  102  103  


  ==> Energy                -307.386096046
  ==> dE                       -2.74e-07
  ==> Gradient Norm             2.10e-01
  ==> Abs. Max. Deriv.          2.75e-02
  ==> Time-Grad. (s)              74.391
  ==> Time-Energy (s)              1.567
  ==> Time-Iter. (s)              77.414

--------------------------------------------------------------------------------
CEO-ADAPT-VQE iteration: 72
--------------------------------------------------------------------------------
    gate        derivative      name       op1       op2       op3        g_unscaled   penalty
   89265        0.00058287        om     35257     35258                  0.03555509        61
   89264        0.00058200        op     35257     35258                  0.03550206        61
   35257        0.00046141    a_iajb     35257                            0.03552858        77
     443        0.00037222      a_ia       443                            0.00074444         2
     385       -0.00032390      a_ia       385                           -0.00064779         2
     420       -0.00026722      a_ia       420                           -0.00053444         2
     522        0.00021105      a_ia       522                            0.00126629         6
     535       -0.00021056      a_ia       535                           -0.00168445         8
   82506        0.00020665        op     30164     30165                  0.01963198        95
   82507        0.00020416        om     30164     30165                  0.01939562        95

  ==> Add operator: mvp2 -1: 35257 35258
  ==> Current qubit order: 4  5  8  9  10  11  12  13  2  3  16  17  19  21  24  27  29  26  23  62  63  22  28  15  65  30  18  1  61  60  31  34  25  0  35  37  38  40  7  20  68  42  43  44  64  14  6  48  45  49  55  39  59  33  51  53  32  58  52  46  47  41  50  54  36  56  57  66  67  69  70  71  72  73  74  75  76  77  78  79  80  81  82  83  84  85  86  87  88  89  90  91  92  93  94  95  96  97  98  99  100  101  102  103  


  ==> Energy                -307.386262631
  ==> dE                       -1.67e-04
  ==> Gradient Norm             2.21e-01
  ==> Abs. Max. Deriv.          3.56e-02
  ==> Time-Grad. (s)             172.829
  ==> Time-Energy (s)              2.034
  ==> Time-Iter. (s)             176.244

--------------------------------------------------------------------------------
CEO-ADAPT-VQE iteration: 73
--------------------------------------------------------------------------------
    gate        derivative      name       op1       op2       op3        g_unscaled   penalty
     448        0.00037198      a_ia       448                            0.00074397         2
     390       -0.00032420      a_ia       390                           -0.00064841         2
     292        0.00027003      a_ia       292                            0.00324039        12
     425       -0.00026684      a_ia       425                           -0.00053368         2
   97496       -0.00025218        op     41689     41690                 -0.01033954        41
   97497       -0.00025218        op     41689     41690                 -0.01033954        41
     527        0.00021130      a_ia       527                            0.00126782         6
     541       -0.00021070      a_ia       541                           -0.00168557         8
   97500       -0.00020414        op     41689     41691                 -0.00836974        41
   97501       -0.00020414        op     41689     41691                 -0.00836974        41

  ==> Add operator: a_ia 448
  ==> Current qubit order: 4  5  8  9  10  11  12  13  2  3  16  17  19  21  24  27  29  26  23  62  63  22  28  15  65  30  18  1  61  60  31  34  25  0  35  37  38  40  7  20  68  42  43  44  64  14  6  48  45  49  55  39  59  33  51  53  32  58  52  46  47  41  50  54  36  56  57  66  67  69  70  71  72  73  74  75  76  77  78  79  80  81  82  83  84  85  86  87  88  89  90  91  92  93  94  95  96  97  98  99  100  101  102  103  


  ==> Energy                -307.386262730
  ==> dE                       -9.87e-08
  ==> Gradient Norm             2.12e-01
  ==> Abs. Max. Deriv.          2.25e-02
  ==> Time-Grad. (s)              76.281
  ==> Time-Energy (s)              1.335
  ==> Time-Iter. (s)              79.022

--------------------------------------------------------------------------------
CEO-ADAPT-VQE iteration: 74
--------------------------------------------------------------------------------
    gate        derivative      name       op1       op2       op3        g_unscaled   penalty
     397       -0.00033121      a_ia       397                           -0.00066241         2
     298        0.00027011      a_ia       298                            0.00324128        12
   96188       -0.00027010        op     40722     40723                 -0.01917728        71
     432       -0.00026683      a_ia       432                           -0.00053366         2
   96189       -0.00025332        om     40722     40723                 -0.01798539        71
   77649        0.00023018        om     26667     26668                  0.02002574        87
   77648        0.00022817        op     26667     26668                  0.01985078        87
   97640        0.00021574        op     41832     41833                  0.00798234        37
   40722       -0.00021358    a_iajb     40722                           -0.01858133        87
     537        0.00021232      a_ia       537                            0.00127390         6

  ==> Add operator: a_ia 397
  ==> Current qubit order: 4  5  8  9  10  11  12  13  2  3  16  17  19  21  24  27  29  26  23  62  63  22  28  15  65  30  18  1  61  60  31  34  25  0  35  37  38  40  7  20  68  42  43  44  64  14  6  48  45  49  55  39  59  33  51  53  32  58  52  46  47  41  50  54  36  56  57  66  67  69  70  71  72  73  74  75  76  77  78  79  80  81  82  83  84  85  86  87  88  89  90  91  92  93  94  95  96  97  98  99  100  101  102  103  


  ==> Energy                -307.386262870
  ==> dE                       -1.41e-07
  ==> Gradient Norm             2.08e-01
  ==> Abs. Max. Deriv.          2.25e-02
  ==> Time-Grad. (s)             154.569
  ==> Time-Energy (s)              1.189
  ==> Time-Iter. (s)             157.208

--------------------------------------------------------------------------------
CEO-ADAPT-VQE iteration: 75
--------------------------------------------------------------------------------
    gate        derivative      name       op1       op2       op3        g_unscaled   penalty
   83551        0.00029710        om     31211     31212                  0.03654367       123
   83550        0.00029272        op     31211     31212                  0.03600478       123
     300        0.00027056      a_ia       300                            0.00324675        12
     435       -0.00026619      a_ia       435                           -0.00053239         2
   31211        0.00026097    a_iajb     31211                            0.03627423       139
     540        0.00021371      a_ia       540                            0.00128227         6
     554       -0.00021090      a_ia       554                           -0.00168720         8
      88       -0.00020048      a_ia        88                           -0.00080192         4
     389        0.00019201      a_ia       389                            0.00038401         2
     372        0.00018033      a_ia       372                            0.00144266         8

  ==> Add operator: mvp2 -1: 31211 31212
  ==> Current qubit order: 4  5  8  9  10  11  12  13  2  3  16  17  19  21  24  27  29  26  23  62  63  22  28  65  30  18  1  61  60  31  34  25  0  35  37  38  40  7  20  42  43  44  15  68  14  69  64  6  48  45  49  55  39  59  33  51  53  32  58  52  46  47  41  50  54  36  56  57  66  67  70  71  72  73  74  75  76  77  78  79  80  81  82  83  84  85  86  87  88  89  90  91  92  93  94  95  96  97  98  99  100  101  102  103  


  ==> Energy                -307.387094225
  ==> dE                       -8.31e-04
  ==> Gradient Norm             2.17e-01
  ==> Abs. Max. Deriv.          3.65e-02
  ==> Time-Grad. (s)              76.467
  ==> Time-Energy (s)            169.373
  ==> Time-Iter. (s)             247.304

--------------------------------------------------------------------------------
CEO-ADAPT-VQE iteration: 76
--------------------------------------------------------------------------------
    gate        derivative      name       op1       op2       op3        g_unscaled   penalty
     403       -0.00183903      a_ia       403                           -0.00367806         2
     401        0.00128028      a_ia       401                            0.00512111         4
     463        0.00117458      a_ia       463                            0.00234915         2
     520       -0.00116815      a_ia       520                           -0.00467261         4
     565        0.00083868      a_ia       565                            0.00167737         2
     400        0.00082311      a_ia       400                            0.00164621         2
     202        0.00073531      a_ia       202                            0.00147062         2
     391        0.00057002      a_ia       391                            0.00114004         2
     557       -0.00049508      a_ia       557                           -0.00099016         2
   45040       -0.00048500        op      2036      2037                 -0.02085521        43

  ==> Add operator: a_ia 403
  ==> Current qubit order: 4  5  8  9  10  11  12  13  2  3  16  17  19  21  24  27  29  26  23  62  63  22  28  65  30  18  1  61  60  31  34  25  0  35  37  38  40  7  20  42  43  44  15  68  14  69  64  6  48  45  49  55  39  59  33  51  53  32  58  52  46  47  41  50  54  36  56  57  66  67  70  71  72  73  74  75  76  77  78  79  80  81  82  83  84  85  86  87  88  89  90  91  92  93  94  95  96  97  98  99  100  101  102  103  


  ==> Energy                -307.387098867
  ==> dE                       -4.64e-06
  ==> Gradient Norm             2.12e-01
  ==> Abs. Max. Deriv.          2.24e-02
  ==> Time-Grad. (s)              69.336
  ==> Time-Energy (s)              1.530
  ==> Time-Iter. (s)              72.382

--------------------------------------------------------------------------------
CEO-ADAPT-VQE iteration: 77
--------------------------------------------------------------------------------
    gate        derivative      name       op1       op2       op3        g_unscaled   penalty
     408        0.00130017      a_ia       408                            0.00520069         4
     470        0.00122714      a_ia       470                            0.00245428         2
     527       -0.00115904      a_ia       527                           -0.00463617         4
     572        0.00083752      a_ia       572                            0.00167505         2
     407        0.00082722      a_ia       407                            0.00165444         2
     398        0.00071161      a_ia       398                            0.00142322         2
     202        0.00068029      a_ia       202                            0.00136058         2
     564       -0.00055370      a_ia       564                           -0.00110739         2
   44997       -0.00048499        op      2060      2061                 -0.02085444        43
   44998       -0.00048413        om      2060      2061                 -0.02081766        43

  ==> Add operator: a_ia 408
  ==> Current qubit order: 4  5  8  9  10  11  12  13  2  3  16  17  19  21  24  27  29  26  23  62  63  22  28  65  30  18  1  61  60  31  34  25  0  35  37  38  40  7  20  42  43  44  15  68  14  69  64  6  48  45  49  55  39  59  51  33  53  32  58  52  46  47  41  50  54  36  56  57  66  67  70  71  72  73  74  75  76  77  78  79  80  81  82  83  84  85  86  87  88  89  90  91  92  93  94  95  96  97  98  99  100  101  102  103  


  ==> Energy                -307.387114125
  ==> dE                       -1.53e-05
  ==> Gradient Norm             2.02e-01
  ==> Abs. Max. Deriv.          2.67e-02
  ==> Time-Grad. (s)              67.671
  ==> Time-Energy (s)              1.194
  ==> Time-Iter. (s)              70.317

--------------------------------------------------------------------------------
CEO-ADAPT-VQE iteration: 78
--------------------------------------------------------------------------------
    gate        derivative      name       op1       op2       op3        g_unscaled   penalty
     475        0.00124551      a_ia       475                            0.00249103         2
     532       -0.00104347      a_ia       532                           -0.00417387         4
     578        0.00085391      a_ia       578                            0.00170782         2
     411        0.00083064      a_ia       411                            0.00166129         2
     402        0.00078076      a_ia       402                            0.00156153         2
     429       -0.00075908      a_ia       429                           -0.00303630         4
     205        0.00058938      a_ia       205                            0.00117875         2
   45064       -0.00048489        op      2081      2082                 -0.02085019        43
   45065       -0.00048403        om      2081      2082                 -0.02081341        43
    2081       -0.00035308    a_iajb      2081                           -0.02083180        59

  ==> Add operator: a_ia 475
  ==> Current qubit order: 4  5  8  9  10  11  12  13  2  3  16  17  19  21  24  27  29  26  23  62  63  22  28  65  30  18  1  61  60  31  34  25  0  35  37  38  40  7  20  42  43  44  15  68  14  69  64  6  48  45  49  55  39  59  51  33  53  32  58  52  46  47  41  50  54  36  56  57  66  67  70  71  72  73  74  75  76  77  78  79  80  81  82  83  84  85  86  87  88  89  90  91  92  93  94  95  96  97  98  99  100  101  102  103  


  ==> Energy                -307.387115894
  ==> dE                       -1.77e-06
  ==> Gradient Norm             2.18e-01
  ==> Abs. Max. Deriv.          2.41e-02
  ==> Time-Grad. (s)             184.179
  ==> Time-Energy (s)              1.158
  ==> Time-Iter. (s)             186.770

--------------------------------------------------------------------------------
CEO-ADAPT-VQE iteration: 79
--------------------------------------------------------------------------------
    gate        derivative      name       op1       op2       op3        g_unscaled   penalty
     539       -0.00104077      a_ia       539                           -0.00416308         4
     585        0.00085463      a_ia       585                            0.00170926         2
     417        0.00083048      a_ia       417                            0.00166095         2
     407        0.00079856      a_ia       407                            0.00159713         2
     436       -0.00076021      a_ia       436                           -0.00304084         4
     209        0.00057917      a_ia       209                            0.00115834         2
   45089       -0.00048489        op      2098      2099                 -0.02085025        43
   45090       -0.00048403        om      2098      2099                 -0.02081347        43
    2098       -0.00035308    a_iajb      2098                           -0.02083186        59
     416       -0.00034296      a_ia       416                           -0.00411556        12

  ==> Add operator: a_ia 539
  ==> Current qubit order: 4  5  8  9  10  11  12  13  2  3  16  17  19  21  24  27  29  26  23  62  63  22  28  65  30  18  1  61  60  31  34  25  0  35  37  38  40  7  20  42  43  44  15  68  14  69  64  6  48  45  49  55  39  59  51  33  53  32  52  58  46  47  41  50  54  36  56  57  66  67  70  71  72  73  74  75  76  77  78  79  80  81  82  83  84  85  86  87  88  89  90  91  92  93  94  95  96  97  98  99  100  101  102  103  


  ==> Energy                -307.387123053
  ==> dE                       -7.16e-06
  ==> Gradient Norm             2.19e-01
  ==> Abs. Max. Deriv.          2.44e-02
  ==> Time-Grad. (s)             176.125
  ==> Time-Energy (s)              1.239
  ==> Time-Iter. (s)             178.833

--------------------------------------------------------------------------------
CEO-ADAPT-VQE iteration: 80
--------------------------------------------------------------------------------
    gate        derivative      name       op1       op2       op3        g_unscaled   penalty
     590        0.00083921      a_ia       590                            0.00167842         2
     420        0.00083355      a_ia       420                            0.00166709         2
     439       -0.00075906      a_ia       439                           -0.00303624         4
     210        0.00054733      a_ia       210                            0.00109465         2
   45090       -0.00048488        op      2128      2129                 -0.02084995        43
   45091       -0.00048403        om      2128      2129                 -0.02081318        43
     410        0.00039488      a_ia       410                            0.00157954         4
    2128       -0.00035308    a_iajb      2128                           -0.02083156        59
     419       -0.00034423      a_ia       419                           -0.00413080        12
     315        0.00030877      a_ia       315                            0.00308768        10

  ==> Add operator: a_ia 590
  ==> Current qubit order: 4  5  8  9  10  11  12  13  2  3  16  17  19  21  24  27  29  26  23  62  63  22  28  65  30  18  1  61  60  31  34  25  0  35  37  38  40  7  20  42  43  44  15  68  14  69  64  6  48  45  49  55  39  59  51  33  53  32  52  58  46  47  41  50  54  36  56  57  66  67  70  71  72  73  74  75  76  77  78  79  80  81  82  83  84  85  86  87  88  89  90  91  92  93  94  95  96  97  98  99  100  101  102  103  


  ==> Energy                -307.387177028
  ==> dE                       -5.40e-05
  ==> Gradient Norm             2.12e-01
  ==> Abs. Max. Deriv.          2.24e-02
  ==> Time-Grad. (s)              73.471
  ==> Time-Energy (s)              1.280
  ==> Time-Iter. (s)              76.174

--------------------------------------------------------------------------------
CEO-ADAPT-VQE iteration: 81
--------------------------------------------------------------------------------
    gate        derivative      name       op1       op2       op3        g_unscaled   penalty
     427        0.00075897      a_ia       427                            0.00151794         2
     446       -0.00075722      a_ia       446                           -0.00302887         4
     215        0.00056366      a_ia       215                            0.00112731         2
   45140       -0.00048491        op      2143      2144                 -0.02085131        43
   45141       -0.00048406        om      2143      2144                 -0.02081454        43
    2143       -0.00035310    a_iajb      2143                           -0.02083293        59
     417        0.00034005      a_ia       417                            0.00136021         4
     426       -0.00033915      a_ia       426                           -0.00406977        12
     591       -0.00031272      a_ia       591                           -0.00125088         4
     321        0.00030914      a_ia       321                            0.00309139        10

  ==> Add operator: a_ia 427
  ==> Current qubit order: 4  5  8  9  10  11  12  13  2  3  16  17  19  21  24  27  29  26  23  62  63  22  28  65  30  18  1  61  60  31  34  25  0  35  37  38  40  7  20  42  43  44  15  68  14  69  64  6  48  45  49  55  39  59  51  33  53  32  52  58  46  47  41  50  54  36  56  57  66  67  70  71  72  73  74  75  76  77  78  79  80  81  82  83  84  85  86  87  88  89  90  91  92  93  94  95  96  97  98  99  100  101  102  103  


  ==> Energy                -307.387225199
  ==> dE                       -4.82e-05
  ==> Gradient Norm             2.22e-01
  ==> Abs. Max. Deriv.          2.82e-02
  ==> Time-Grad. (s)              68.348
  ==> Time-Energy (s)              1.433
  ==> Time-Iter. (s)              71.241

--------------------------------------------------------------------------------
CEO-ADAPT-VQE iteration: 82
--------------------------------------------------------------------------------
    gate        derivative      name       op1       op2       op3        g_unscaled   penalty
     451       -0.00075864      a_ia       451                           -0.00303457         4
     217        0.00057193      a_ia       217                            0.00114386         2
   45047       -0.00048489        op      2166      2167                 -0.02085018        43
   45048       -0.00048403        om      2166      2167                 -0.02081342        43
     421        0.00035449      a_ia       421                            0.00141796         4
    2166       -0.00035308    a_iajb      2166                           -0.02083180        59
     431       -0.00032763      a_ia       431                           -0.00393158        12
     324        0.00030942      a_ia       324                            0.00309416        10
   97445       -0.00030863        op     41706     41707                 -0.01203645        39
   97446       -0.00030234        om     41706     41707                 -0.01179125        39

  ==> Add operator: a_ia 451
  ==> Current qubit order: 4  5  8  9  10  11  12  13  2  3  16  17  19  21  24  27  29  26  23  62  63  22  28  65  30  18  1  61  31  60  34  25  0  35  37  38  40  7  20  42  43  44  15  68  14  69  64  6  48  45  49  55  39  59  51  33  53  32  52  58  46  47  41  50  54  36  56  57  66  67  70  71  72  73  74  75  76  77  78  79  80  81  82  83  84  85  86  87  88  89  90  91  92  93  94  95  96  97  98  99  100  101  102  103  


  ==> Energy                -307.387227931
  ==> dE                       -2.73e-06
  ==> Gradient Norm             2.10e-01
  ==> Abs. Max. Deriv.          2.24e-02
  ==> Time-Grad. (s)              66.473
  ==> Time-Energy (s)              1.629
  ==> Time-Iter. (s)              69.556

--------------------------------------------------------------------------------
CEO-ADAPT-VQE iteration: 83
--------------------------------------------------------------------------------
    gate        derivative      name       op1       op2       op3        g_unscaled   penalty
     220        0.00056894      a_ia       220                            0.00113789         2
   45087       -0.00046306        op      2185      2186                 -0.02083783        45
   45088       -0.00046225        om      2185      2186                 -0.02080105        45
     426        0.00035325      a_ia       426                            0.00141299         4
    2185       -0.00034130    a_iajb      2185                           -0.02081944        61
     436       -0.00032762      a_ia       436                           -0.00393148        12
     327        0.00030656      a_ia       327                            0.00306559        10
     573       -0.00027950      a_ia       573                           -0.00447198        16
     477       -0.00026879      a_ia       477                           -0.00053758         2
     589        0.00026051      a_ia       589                            0.00156304         6

  ==> Add operator: a_ia 220
  ==> Current qubit order: 4  5  8  9  10  11  12  13  2  3  16  17  19  21  24  27  29  26  23  62  63  22  28  65  30  18  1  61  31  60  34  25  0  35  37  38  40  7  20  42  43  44  15  68  14  69  64  6  48  45  49  55  39  59  51  33  53  32  52  58  46  47  41  50  54  36  56  57  66  67  70  71  72  73  74  75  76  77  78  79  80  81  82  83  84  85  86  87  88  89  90  91  92  93  94  95  96  97  98  99  100  101  102  103  


  ==> Energy                -307.387228195
  ==> dE                       -2.64e-07
  ==> Gradient Norm             2.13e-01
  ==> Abs. Max. Deriv.          2.24e-02
  ==> Time-Grad. (s)              81.976
  ==> Time-Energy (s)              0.606
  ==> Time-Iter. (s)              84.040

--------------------------------------------------------------------------------
CEO-ADAPT-VQE iteration: 84
--------------------------------------------------------------------------------
    gate        derivative      name       op1       op2       op3        g_unscaled   penalty
   44978       -0.00046306        op      2202      2203                 -0.02083773        45
   44979       -0.00046224        om      2202      2203                 -0.02080095        45
     428        0.00035667      a_ia       428                            0.00142669         4
    2202       -0.00034130    a_iajb      2202                           -0.02081934        61
     438       -0.00032763      a_ia       438                           -0.00393151        12
     328        0.00030623      a_ia       328                            0.00306227        10
     577       -0.00027879      a_ia       577                           -0.00446062        16
     479       -0.00026852      a_ia       479                           -0.00053703         2
     593        0.00025934      a_ia       593                            0.00155601         6
     340       -0.00024300      a_ia       340                           -0.00243002        10

  ==> Add operator: mvp2 -1: 2202 2203
  ==> Current qubit order: 4  5  8  9  10  11  12  13  2  3  16  17  19  21  24  27  29  26  23  62  63  22  28  65  30  18  1  61  60  0  31  34  25  35  37  38  40  7  20  42  43  44  15  68  14  69  64  6  48  45  49  55  39  59  51  33  53  32  52  58  46  47  41  50  54  36  56  57  66  67  70  71  72  73  74  75  76  77  78  79  80  81  82  83  84  85  86  87  88  89  90  91  92  93  94  95  96  97  98  99  100  101  102  103  


  ==> Energy                -307.387260570
  ==> dE                       -3.24e-05
  ==> Gradient Norm             2.12e-01
  ==> Abs. Max. Deriv.          2.24e-02
  ==> Time-Grad. (s)              81.179
  ==> Time-Energy (s)              1.822
  ==> Time-Iter. (s)              84.460

--------------------------------------------------------------------------------
CEO-ADAPT-VQE iteration: 85
--------------------------------------------------------------------------------
    gate        derivative      name       op1       op2       op3        g_unscaled   penalty
   93385       -0.00060924        op     38691     38692                 -0.02619730        43
   93386       -0.00057958        om     38691     38692                 -0.02492209        43
   38691       -0.00043322    a_iajb     38691                           -0.02555970        59
     436        0.00035677      a_ia       436                            0.00142710         4
     446       -0.00032763      a_ia       446                           -0.00393159        12
     334        0.00030637      a_ia       334                            0.00306368        10
     586       -0.00027879      a_ia       586                           -0.00446059        16
     487       -0.00026895      a_ia       487                           -0.00053790         2
     602        0.00025908      a_ia       602                            0.00155449         6
     347       -0.00024316      a_ia       347                           -0.00243163        10

  ==> Add operator: mvp2 -1: 38691 38692
  ==> Current qubit order: 4  5  8  9  10  11  12  13  2  3  16  17  19  21  24  27  29  26  23  62  63  22  28  65  30  18  1  61  60  0  31  34  25  35  37  38  40  7  20  42  43  44  15  68  14  69  64  6  48  45  49  55  39  59  33  51  53  32  52  58  46  47  41  50  54  36  56  57  66  67  70  71  72  73  74  75  76  77  78  79  80  81  82  83  84  85  86  87  88  89  90  91  92  93  94  95  96  97  98  99  100  101  102  103  


  ==> Energy                -307.387611833
  ==> dE                       -3.51e-04
  ==> Gradient Norm             2.11e-01
  ==> Abs. Max. Deriv.          2.62e-02
  ==> Time-Grad. (s)             165.536
  ==> Time-Energy (s)              2.598
  ==> Time-Iter. (s)             169.611

--------------------------------------------------------------------------------
CEO-ADAPT-VQE iteration: 86
--------------------------------------------------------------------------------
    gate        derivative      name       op1       op2       op3        g_unscaled   penalty
     487        0.00146287      a_ia       487                            0.00585147         4
   96547       -0.00100457        om     41507     41508                 -0.04520550        45
   96546       -0.00083815        op     41507     41508                 -0.03771697        45
     618       -0.00076585      a_ia       618                           -0.00153170         2
   41507       -0.00067969    a_iajb     41507                           -0.04146124        61
     631       -0.00043265      a_ia       631                           -0.00432652        10
     449       -0.00039889      a_ia       449                           -0.00079778         2
     438        0.00038109      a_ia       438                            0.00152435         4
     336        0.00030333      a_ia       336                            0.00303335        10
     448       -0.00028499      a_ia       448                           -0.00398981        14

  ==> Add operator: a_ia 487
  ==> Current qubit order: 4  5  8  9  10  11  12  13  2  3  16  17  19  21  24  27  29  26  23  62  63  22  28  65  30  18  1  61  60  0  31  34  25  35  37  38  40  7  20  42  43  44  15  68  14  69  64  6  48  45  49  55  39  59  33  51  53  32  52  58  46  47  41  54  50  36  56  57  66  67  70  71  72  73  74  75  76  77  78  79  80  81  82  83  84  85  86  87  88  89  90  91  92  93  94  95  96  97  98  99  100  101  102  103  


  ==> Energy                -307.387621917
  ==> dE                       -1.01e-05
  ==> Gradient Norm             2.35e-01
  ==> Abs. Max. Deriv.          4.52e-02
  ==> Time-Grad. (s)              72.528
  ==> Time-Energy (s)              1.090
  ==> Time-Iter. (s)              75.277

--------------------------------------------------------------------------------
CEO-ADAPT-VQE iteration: 87
--------------------------------------------------------------------------------
    gate        derivative      name       op1       op2       op3        g_unscaled   penalty
     620       -0.00077647      a_ia       620                           -0.00155295         2
   93134       -0.00058147        om     38654     38655                 -0.02151426        37
   93133       -0.00053062        op     38654     38655                 -0.01963284        37
   93658        0.00048985        om     39049     39050                  0.02498231        51
   93657        0.00047120        op     39049     39050                  0.02403104        51
     633       -0.00042954      a_ia       633                           -0.00429540        10
     451       -0.00040434      a_ia       451                           -0.00080868         2
   38654       -0.00038818    a_iajb     38654                           -0.02057355        53
     440        0.00037517      a_ia       440                            0.00150070         4
   39049        0.00036577    a_iajb     39049                            0.02450668        67

  ==> Add operator: a_ia 620
  ==> Current qubit order: 4  5  8  9  10  11  12  13  2  3  16  17  19  21  24  27  29  26  23  62  63  22  28  65  30  18  1  61  60  0  31  34  25  35  37  38  40  7  20  42  43  44  15  68  14  69  64  6  48  45  49  55  39  59  33  51  53  32  52  58  46  47  41  54  50  36  56  57  66  67  70  71  72  73  74  75  76  77  78  79  80  81  82  83  84  85  86  87  88  89  90  91  92  93  94  95  96  97  98  99  100  101  102  103  


  ==> Energy                -307.387624734
  ==> dE                       -2.82e-06
  ==> Gradient Norm             2.15e-01
  ==> Abs. Max. Deriv.          3.66e-02
  ==> Time-Grad. (s)              67.688
  ==> Time-Energy (s)              1.017
  ==> Time-Iter. (s)              70.502

--------------------------------------------------------------------------------
CEO-ADAPT-VQE iteration: 88
--------------------------------------------------------------------------------
    gate        derivative      name       op1       op2       op3        g_unscaled   penalty
     640       -0.00042661      a_ia       640                           -0.00426609        10
     445        0.00042248      a_ia       445                            0.00168991         4
     456       -0.00041740      a_ia       456                           -0.00083479         2
     342        0.00030255      a_ia       342                            0.00302552        10
   83434        0.00029659        om     31192     31193                  0.02580313        87
   83433        0.00029645        op     31192     31193                  0.02579124        87
     455       -0.00028596      a_ia       455                           -0.00400347        14
   87869        0.00027416        op     34611     34612                  0.01124038        41
   87870        0.00027404        om     34611     34612                  0.01123581        41
     496       -0.00027088      a_ia       496                           -0.00054175         2

  ==> Add operator: a_ia 640
  ==> Current qubit order: 4  5  8  9  10  11  12  13  2  3  16  17  19  21  24  27  29  26  23  62  63  22  28  65  30  18  1  61  60  0  31  34  25  35  37  38  40  7  20  42  43  44  15  68  14  69  64  6  48  45  49  39  59  33  51  55  53  32  52  58  46  47  41  54  50  36  56  57  66  67  70  71  72  73  74  75  76  77  78  79  80  81  82  83  84  85  86  87  88  89  90  91  92  93  94  95  96  97  98  99  100  101  102  103  


  ==> Energy                -307.387632263
  ==> dE                       -7.53e-06
  ==> Gradient Norm             2.11e-01
  ==> Abs. Max. Deriv.          2.58e-02
  ==> Time-Grad. (s)              78.668
  ==> Time-Energy (s)              1.494
  ==> Time-Iter. (s)              81.716

--------------------------------------------------------------------------------
CEO-ADAPT-VQE iteration: 89
--------------------------------------------------------------------------------
    gate        derivative      name       op1       op2       op3        g_unscaled   penalty
   97653        0.00105731        om     41683     41684                  0.03700584        35
   97652        0.00099531        op     41683     41684                  0.03483602        35
   41683        0.00070433    a_iajb     41683                            0.03592093        51
     625       -0.00068813      a_ia       625                           -0.00137626         2
     449        0.00042464      a_ia       449                            0.00169855         4
     460       -0.00039331      a_ia       460                           -0.00078663         2
     619        0.00034277      a_ia       619                            0.00137110         4
     345        0.00030225      a_ia       345                            0.00302251        10
     501       -0.00026975      a_ia       501                           -0.00053949         2
     358       -0.00025983      a_ia       358                           -0.00259831        10

  ==> Add operator: mvp2 -1: 41683 41684
  ==> Current qubit order: 4  5  8  9  10  11  12  13  2  3  16  17  19  21  24  27  29  26  23  62  63  22  28  65  30  18  1  61  60  0  31  34  25  35  37  38  40  7  20  42  43  44  15  68  14  69  64  6  48  45  49  39  59  33  51  55  32  53  52  46  47  58  41  54  50  36  56  57  66  67  70  71  72  73  74  75  76  77  78  79  80  81  82  83  84  85  86  87  88  89  90  91  92  93  94  95  96  97  98  99  100  101  102  103  


  ==> Energy                -307.388356631
  ==> dE                       -7.24e-04
  ==> Gradient Norm             2.22e-01
  ==> Abs. Max. Deriv.          3.70e-02
  ==> Time-Grad. (s)              67.608
  ==> Time-Energy (s)              2.476
  ==> Time-Iter. (s)              71.527

--------------------------------------------------------------------------------
CEO-ADAPT-VQE iteration: 90
--------------------------------------------------------------------------------
    gate        derivative      name       op1       op2       op3        g_unscaled   penalty
     628       -0.00102114      a_ia       628                           -0.00204227         2
     650       -0.00047820      a_ia       650                           -0.00191278         4
     596       -0.00041060      a_ia       596                           -0.00164238         4
     606       -0.00039021      a_ia       606                           -0.00624344        16
     464       -0.00036246      a_ia       464                           -0.00072491         2
     622        0.00036228      a_ia       622                            0.00144910         4
     346        0.00031301      a_ia       346                            0.00313007        10
     461       -0.00029538      a_ia       461                           -0.00059075         2
     503       -0.00027640      a_ia       503                           -0.00055280         2
     312        0.00025775      a_ia       312                            0.00257750        10

  ==> Add operator: a_ia 628
  ==> Current qubit order: 4  5  8  9  10  11  12  13  2  3  16  17  19  21  24  27  29  26  23  62  63  22  28  65  30  18  1  61  60  0  31  34  25  35  37  38  40  7  20  42  43  44  15  68  14  69  64  6  48  45  49  39  59  33  51  55  32  53  52  46  47  58  41  54  50  36  56  57  66  67  70  71  72  73  74  75  76  77  78  79  80  81  82  83  84  85  86  87  88  89  90  91  92  93  94  95  96  97  98  99  100  101  102  103  


  ==> Energy                -307.388359920
  ==> dE                       -3.29e-06
  ==> Gradient Norm             2.12e-01
  ==> Abs. Max. Deriv.          2.25e-02
  ==> Time-Grad. (s)              68.526
  ==> Time-Energy (s)              1.553
  ==> Time-Iter. (s)              71.513

--------------------------------------------------------------------------------
CEO-ADAPT-VQE iteration: 91
--------------------------------------------------------------------------------
    gate        derivative      name       op1       op2       op3        g_unscaled   penalty
     657       -0.00048336      a_ia       657                           -0.00193342         4
   84421       -0.00042233        op     31744     31745                 -0.01393705        33
   84422       -0.00040948        om     31744     31745                 -0.01351279        33
     612       -0.00039463      a_ia       612                           -0.00631415        16
     628        0.00037319      a_ia       628                            0.00149278         4
     602       -0.00036737      a_ia       602                           -0.00146949         4
     470       -0.00035486      a_ia       470                           -0.00070972         2
     352        0.00030181      a_ia       352                            0.00301815        10
     467       -0.00029689      a_ia       467                           -0.00059379         2
   31744       -0.00028010    a_iajb     31744                           -0.01372492        49

  ==> Add operator: a_ia 657
  ==> Current qubit order: 4  5  8  9  10  11  12  13  2  3  16  17  19  21  24  27  29  26  23  62  63  22  28  65  30  18  1  61  60  0  31  34  25  35  37  38  40  7  20  42  43  44  15  68  14  69  64  6  48  45  49  39  59  33  51  32  55  53  52  46  47  58  41  54  50  36  56  57  66  67  70  71  72  73  74  75  76  77  78  79  80  81  82  83  84  85  86  87  88  89  90  91  92  93  94  95  96  97  98  99  100  101  102  103  


  ==> Energy                -307.388361501
  ==> dE                       -1.58e-06
  ==> Gradient Norm             2.24e-01
  ==> Abs. Max. Deriv.          2.25e-02
  ==> Time-Grad. (s)             164.972
  ==> Time-Energy (s)              1.205
  ==> Time-Iter. (s)             167.658

--------------------------------------------------------------------------------
CEO-ADAPT-VQE iteration: 92
--------------------------------------------------------------------------------
    gate        derivative      name       op1       op2       op3        g_unscaled   penalty
     615       -0.00039775      a_ia       615                           -0.00636405        16
     605       -0.00037442      a_ia       605                           -0.00149767         4
     472       -0.00037404      a_ia       472                           -0.00074808         2
     631        0.00037390      a_ia       631                            0.00149560         4
     352        0.00030175      a_ia       352                            0.00301748        10
     469       -0.00028494      a_ia       469                           -0.00056988         2
     665        0.00027882      a_ia       665                            0.01003741        36
     318        0.00027147      a_ia       318                            0.00271466        10
     512       -0.00027098      a_ia       512                           -0.00054196         2
     366       -0.00025308      a_ia       366                           -0.00253084        10

  ==> Add operator: a_ia 615
  ==> Current qubit order: 4  5  8  9  10  11  12  13  2  3  16  17  19  21  24  27  29  26  23  62  63  22  28  65  30  18  1  61  60  0  31  34  25  35  37  38  40  7  20  42  43  44  15  68  14  69  64  6  48  45  49  39  33  51  32  55  53  52  46  59  47  58  41  54  50  36  56  57  66  67  70  71  72  73  74  75  76  77  78  79  80  81  82  83  84  85  86  87  88  89  90  91  92  93  94  95  96  97  98  99  100  101  102  103  


  ==> Energy                -307.388378291
  ==> dE                       -1.68e-05
  ==> Gradient Norm             2.19e-01
  ==> Abs. Max. Deriv.          2.25e-02
  ==> Time-Grad. (s)              98.605
  ==> Time-Energy (s)              1.512
  ==> Time-Iter. (s)             101.573

--------------------------------------------------------------------------------
CEO-ADAPT-VQE iteration: 93
--------------------------------------------------------------------------------
    gate        derivative      name       op1       op2       op3        g_unscaled   penalty
   93696       -0.00053844        op     38795     38796                 -0.01453798        27
   93697       -0.00049726        om     38795     38796                 -0.01342597        27
   38795       -0.00032516    a_iajb     38795                           -0.01398197        43
     355        0.00030512      a_ia       355                            0.00305125        10
     475       -0.00028027      a_ia       475                           -0.00056055         2
     321        0.00027738      a_ia       321                            0.00277378        10
     518       -0.00027273      a_ia       518                           -0.00054547         2
     370       -0.00026778      a_ia       370                           -0.00267778        10
     671        0.00026452      a_ia       671                            0.01005191        38
     295       -0.00025488      a_ia       295                           -0.00305851        12

  ==> Add operator: mvp2 -1: 38795 38796
  ==> Current qubit order: 4  5  8  9  10  11  12  13  2  3  16  17  19  21  24  27  29  26  23  62  63  22  28  65  30  18  1  61  60  0  31  34  25  35  37  38  40  7  20  42  43  44  15  68  14  69  64  6  48  45  49  39  33  51  32  55  52  53  46  59  47  58  41  54  50  36  56  57  66  67  70  71  72  73  74  75  76  77  78  79  80  81  82  83  84  85  86  87  88  89  90  91  92  93  94  95  96  97  98  99  100  101  102  103  


  ==> Energy                -307.388459932
  ==> dE                       -8.16e-05
  ==> Gradient Norm             2.20e-01
  ==> Abs. Max. Deriv.          2.25e-02
  ==> Time-Grad. (s)              73.575
  ==> Time-Energy (s)              2.395
  ==> Time-Iter. (s)              77.444

--------------------------------------------------------------------------------
CEO-ADAPT-VQE iteration: 94
--------------------------------------------------------------------------------
    gate        derivative      name       op1       op2       op3        g_unscaled   penalty
     670        0.00039344      a_ia       670                            0.00157378         4
     479       -0.00034193      a_ia       479                           -0.00068385         2
     357        0.00030625      a_ia       357                            0.00306246        10
     675        0.00028096      a_ia       675                            0.01011471        36
     323        0.00027896      a_ia       323                            0.00278964        10
     522       -0.00027348      a_ia       522                           -0.00054695         2
     372       -0.00026875      a_ia       372                           -0.00268748        10
     297       -0.00025560      a_ia       297                           -0.00306725        12
     624        0.00021789      a_ia       624                            0.00130731         6
     478       -0.00020133      a_ia       478                           -0.00322133        16

  ==> Add operator: a_ia 670
  ==> Current qubit order: 4  5  8  9  10  11  12  13  2  3  16  17  19  21  24  27  29  26  23  62  63  22  28  65  30  18  1  61  60  0  31  34  25  35  37  38  40  7  20  42  43  44  15  68  14  69  64  6  48  45  49  39  33  51  32  52  55  53  46  59  47  58  41  54  50  36  56  57  66  67  70  71  72  73  74  75  76  77  78  79  80  81  82  83  84  85  86  87  88  89  90  91  92  93  94  95  96  97  98  99  100  101  102  103  


  ==> Energy                -307.388460930
  ==> dE                       -9.98e-07
  ==> Gradient Norm             2.00e-01
  ==> Abs. Max. Deriv.          2.25e-02
  ==> Time-Grad. (s)             179.984
  ==> Time-Energy (s)              1.243
  ==> Time-Iter. (s)             182.598

--------------------------------------------------------------------------------
CEO-ADAPT-VQE iteration: 95
--------------------------------------------------------------------------------
    gate        derivative      name       op1       op2       op3        g_unscaled   penalty
     481       -0.00035401      a_ia       481                           -0.00070802         2
     359        0.00030631      a_ia       359                            0.00306310        10
     678        0.00028011      a_ia       678                            0.01008394        36
     325        0.00027903      a_ia       325                            0.00279032        10
     524       -0.00027399      a_ia       524                           -0.00054797         2
     374       -0.00026839      a_ia       374                           -0.00268392        10
     299       -0.00025567      a_ia       299                           -0.00306805        12
     627        0.00021914      a_ia       627                            0.00131481         6
   97025        0.00021467        op     41490     41491                  0.01180679        55
   97026        0.00021467        om     41490     41491                  0.01180679        55

  ==> Add operator: a_ia 481
  ==> Current qubit order: 4  5  8  9  10  11  12  13  2  3  16  17  19  21  24  27  29  26  23  62  63  22  28  65  30  18  1  61  60  0  31  34  25  35  37  38  40  7  20  42  43  44  15  68  14  69  64  6  48  45  49  39  33  51  32  52  55  53  46  59  47  58  41  54  50  36  56  57  66  67  70  71  72  73  74  75  76  77  78  79  80  81  82  83  84  85  86  87  88  89  90  91  92  93  94  95  96  97  98  99  100  101  102  103  


  ==> Energy                -307.388471436
  ==> dE                       -1.05e-05
  ==> Gradient Norm             2.08e-01
  ==> Abs. Max. Deriv.          2.25e-02
  ==> Time-Grad. (s)             175.222
  ==> Time-Energy (s)              1.245
  ==> Time-Iter. (s)             177.886

--------------------------------------------------------------------------------
CEO-ADAPT-VQE iteration: 96
--------------------------------------------------------------------------------
    gate        derivative      name       op1       op2       op3        g_unscaled   penalty
     360        0.00030629      a_ia       360                            0.00306287        10
     326        0.00028073      a_ia       326                            0.00280734        10
     684        0.00027865      a_ia       684                            0.01003147        36
     527       -0.00027328      a_ia       527                           -0.00054657         2
     375       -0.00026912      a_ia       375                           -0.00269116        10
     300       -0.00025603      a_ia       300                           -0.00307232        12
   84344       -0.00024127        op     31966     31967                 -0.01423499        59
   84345       -0.00023873        om     31966     31967                 -0.01408505        59
     482       -0.00020677      a_ia       482                           -0.00330836        16
     633        0.00020407      a_ia       633                            0.00122442         6

  ==> Add operator: a_ia 360
  ==> Current qubit order: 4  5  8  9  10  11  12  13  2  3  16  17  19  21  24  27  29  26  62  63  22  28  23  65  30  18  1  61  60  0  31  34  25  35  37  38  40  7  20  42  43  44  15  68  14  69  64  6  48  45  49  39  33  51  32  52  55  53  46  59  47  58  41  54  50  36  56  57  66  67  70  71  72  73  74  75  76  77  78  79  80  81  82  83  84  85  86  87  88  89  90  91  92  93  94  95  96  97  98  99  100  101  102  103  


  ==> Energy                -307.388474251
  ==> dE                       -2.82e-06
  ==> Gradient Norm             2.20e-01
  ==> Abs. Max. Deriv.          2.27e-02
  ==> Time-Grad. (s)              72.849
  ==> Time-Energy (s)              1.181
  ==> Time-Iter. (s)              75.455

--------------------------------------------------------------------------------
CEO-ADAPT-VQE iteration: 97
--------------------------------------------------------------------------------
    gate        derivative      name       op1       op2       op3        g_unscaled   penalty
   96994       -0.00070653        op     41594     41595                 -0.03038063        43
   96995       -0.00048844        om     41594     41595                 -0.02100274        43
   41594       -0.00043545    a_iajb     41594                           -0.02569168        59
     379       -0.00033407      a_ia       379                           -0.00267256         8
     330        0.00028431      a_ia       330                            0.00284310        10
     690        0.00027864      a_ia       690                            0.01003087        36
     533       -0.00027259      a_ia       533                           -0.00054519         2
     303       -0.00022010      a_ia       303                           -0.00308142        14
     488       -0.00020677      a_ia       488                           -0.00330824        16
     247       -0.00020300      a_ia       247                           -0.00040599         2

  ==> Add operator: mvp2 -1: 41594 41595
  ==> Current qubit order: 4  5  8  9  10  11  12  13  2  3  16  17  19  21  24  27  29  26  62  63  22  28  23  65  30  18  1  61  60  0  31  34  25  35  37  38  40  7  20  42  43  44  15  68  14  69  64  6  48  45  49  39  33  51  32  53  46  59  52  55  47  50  58  41  54  36  56  57  66  67  70  71  72  73  74  75  76  77  78  79  80  81  82  83  84  85  86  87  88  89  90  91  92  93  94  95  96  97  98  99  100  101  102  103  


  ==> Energy                -307.389680694
  ==> dE                       -1.21e-03
  ==> Gradient Norm             2.16e-01
  ==> Abs. Max. Deriv.          3.04e-02
  ==> Time-Grad. (s)              81.276
  ==> Time-Energy (s)              2.193
  ==> Time-Iter. (s)              84.924

--------------------------------------------------------------------------------
CEO-ADAPT-VQE iteration: 98
--------------------------------------------------------------------------------
    gate        derivative      name       op1       op2       op3        g_unscaled   penalty
     382       -0.00033153      a_ia       382                           -0.00265226         8
     494       -0.00031443      a_ia       494                           -0.00188660         6
     333        0.00028333      a_ia       333                            0.00283326        10
     697        0.00027784      a_ia       697                            0.01111355        40
     678       -0.00027625      a_ia       678                           -0.00110502         4
     537       -0.00027377      a_ia       537                           -0.00054755         2
     644        0.00025640      a_ia       644                            0.00256399        10
     306       -0.00022074      a_ia       306                           -0.00309031        14
     248       -0.00020749      a_ia       248                           -0.00041498         2
   45172        0.00019472        op      2588      2589                  0.01616181        83

  ==> Add operator: a_ia 382
  ==> Current qubit order: 4  5  8  9  10  11  12  13  2  3  16  17  19  21  27  29  26  24  62  63  22  28  23  65  30  18  1  61  60  0  31  34  25  35  37  38  40  7  20  42  43  44  15  68  14  69  64  6  48  45  49  39  33  51  32  53  46  59  52  55  47  50  58  41  54  36  56  57  66  67  70  71  72  73  74  75  76  77  78  79  80  81  82  83  84  85  86  87  88  89  90  91  92  93  94  95  96  97  98  99  100  101  102  103  


  ==> Energy                -307.389681578
  ==> dE                       -8.85e-07
  ==> Gradient Norm             2.11e-01
  ==> Abs. Max. Deriv.          2.25e-02
  ==> Time-Grad. (s)             171.430
  ==> Time-Energy (s)              1.633
  ==> Time-Iter. (s)             174.517

--------------------------------------------------------------------------------
CEO-ADAPT-VQE iteration: 99
--------------------------------------------------------------------------------
    gate        derivative      name       op1       op2       op3        g_unscaled   penalty
     700        0.00056971      a_ia       700                            0.00455766         8
   77033       -0.00055753        om     26521     26522                 -0.04293009        77
   77032       -0.00055707        op     26521     26522                 -0.04289450        77
   26521       -0.00046142    a_iajb     26521                           -0.04291230        93
     500       -0.00030922      a_ia       500                           -0.00185531         6
     337        0.00028261      a_ia       337                            0.00282611        10
     686       -0.00028175      a_ia       686                           -0.00112700         4
     386       -0.00028011      a_ia       386                           -0.00056022         2
     705        0.00027791      a_ia       705                            0.01111633        40
     543       -0.00027554      a_ia       543                           -0.00055109         2

  ==> Add operator: a_ia 700
  ==> Current qubit order: 4  5  8  9  10  11  12  13  2  3  16  17  19  21  27  29  26  24  62  63  22  28  23  65  30  18  1  61  60  0  31  34  25  35  37  38  40  7  20  42  43  44  15  68  14  69  64  6  48  45  49  39  33  51  32  46  59  52  53  55  47  50  58  41  54  36  56  57  66  67  70  71  72  73  74  75  76  77  78  79  80  81  82  83  84  85  86  87  88  89  90  91  92  93  94  95  96  97  98  99  100  101  102  103  


  ==> Energy                -307.389690935
  ==> dE                       -9.36e-06
  ==> Gradient Norm             2.18e-01
  ==> Abs. Max. Deriv.          4.29e-02
  ==> Time-Grad. (s)              67.556
  ==> Time-Energy (s)              1.580
  ==> Time-Iter. (s)              70.588

--------------------------------------------------------------------------------
CEO-ADAPT-VQE iteration: 100
--------------------------------------------------------------------------------
    gate        derivative      name       op1       op2       op3        g_unscaled   penalty
     645        0.00291027      a_ia       645                            0.01164108         4
   96616        0.00068733        om     41473     41474                  0.03092965        45
     656        0.00065927      a_ia       656                            0.00263709         4
   96615        0.00063142        op     41473     41474                  0.02841373        45
   41473        0.00048642    a_iajb     41473                            0.02967169        61
   88123       -0.00034358        op     34994     34995                 -0.01477398        43
   88124       -0.00034304        om     34994     34995                 -0.01475089        43
     712        0.00032449      a_ia       712                            0.01103261        34
     339        0.00028279      a_ia       339                            0.00282787        10
     546       -0.00027687      a_ia       546                           -0.00055374         2

  ==> Add operator: a_ia 645
  ==> Current qubit order: 4  5  8  9  10  11  12  13  2  3  16  17  19  21  27  29  26  24  62  63  22  28  23  65  30  18  1  61  60  0  31  34  25  35  37  38  40  7  20  42  43  44  15  68  14  69  64  6  48  45  49  39  33  51  32  59  46  52  53  55  47  50  58  41  54  36  56  57  66  67  70  71  72  73  74  75  76  77  78  79  80  81  82  83  84  85  86  87  88  89  90  91  92  93  94  95  96  97  98  99  100  101  102  103  


  ==> Energy                -307.390444333
  ==> dE                       -7.53e-04
  ==> Gradient Norm             2.20e-01
  ==> Abs. Max. Deriv.          3.09e-02
  ==> Time-Grad. (s)              72.699
  ==> Time-Energy (s)            271.089
  ==> Time-Iter. (s)             345.227

--------------------------------------------------------------------------------
CEO-ADAPT-VQE iteration: 101
--------------------------------------------------------------------------------
    gate        derivative      name       op1       op2       op3        g_unscaled   penalty
     392       -0.00336290      a_ia       392                           -0.00672581         2
     257       -0.00135278      a_ia       257                           -0.00270556         2
     112       -0.00068112      a_ia       112                           -0.00136225         2
     711        0.00064282      a_ia       711                            0.00128564         2
     579        0.00060928      a_ia       579                            0.00487424         8
     377        0.00059031      a_ia       377                            0.00118061         2
     506       -0.00051801      a_ia       506                           -0.00103603         2
     649        0.00041171      a_ia       649                            0.00082342         2
   44965       -0.00038321        op      2503      2504                 -0.00958021        25
   44966       -0.00038321        om      2503      2504                 -0.00958013        25

  ==> Add operator: a_ia 392
  ==> Current qubit order: 4  5  8  9  10  11  12  13  2  3  16  17  19  21  27  29  26  24  62  63  22  28  23  65  30  18  1  61  60  0  31  34  25  35  37  38  40  7  20  42  43  44  15  68  14  69  64  6  48  45  49  39  33  51  32  59  46  52  53  55  47  50  58  41  54  36  56  57  66  67  70  71  72  73  74  75  76  77  78  79  80  81  82  83  84  85  86  87  88  89  90  91  92  93  94  95  96  97  98  99  100  101  102  103  


  ==> Energy                -307.390455807
  ==> dE                       -1.15e-05
  ==> Gradient Norm             2.17e-01
  ==> Abs. Max. Deriv.          2.41e-02
  ==> Time-Grad. (s)              71.634
  ==> Time-Energy (s)              0.997
  ==> Time-Iter. (s)              74.087

--------------------------------------------------------------------------------
CEO-ADAPT-VQE iteration: 102
--------------------------------------------------------------------------------
    gate        derivative      name       op1       op2       op3        g_unscaled   penalty
     259       -0.00133318      a_ia       259                           -0.00266635         2
     113       -0.00068719      a_ia       113                           -0.00137439         2
     716        0.00064220      a_ia       716                            0.00128439         2
     584        0.00061051      a_ia       584                            0.00488407         8
     379        0.00057068      a_ia       379                            0.00114136         2
     510       -0.00051855      a_ia       510                           -0.00103710         2
     654        0.00044861      a_ia       654                            0.00089722         2
   45020       -0.00038323        op      2524      2525                 -0.00958080        25
   45021       -0.00038323        om      2524      2525                 -0.00958073        25
     513       -0.00037455      a_ia       513                           -0.00224733         6

  ==> Add operator: a_ia 259
  ==> Current qubit order: 4  5  8  9  10  11  12  13  2  3  16  17  19  21  27  29  26  24  62  63  22  28  23  65  30  18  1  61  60  0  31  34  25  35  37  38  40  7  20  42  43  44  15  68  14  69  64  6  48  45  49  39  33  51  32  59  46  52  53  55  47  50  58  41  54  36  56  57  66  67  70  71  72  73  74  75  76  77  78  79  80  81  82  83  84  85  86  87  88  89  90  91  92  93  94  95  96  97  98  99  100  101  102  103  


  ==> Energy                -307.390457267
  ==> dE                       -1.46e-06
  ==> Gradient Norm             2.13e-01
  ==> Abs. Max. Deriv.          2.25e-02
  ==> Time-Grad. (s)              68.712
  ==> Time-Energy (s)              1.660
  ==> Time-Iter. (s)              71.820

--------------------------------------------------------------------------------
CEO-ADAPT-VQE iteration: 103
--------------------------------------------------------------------------------
    gate        derivative      name       op1       op2       op3        g_unscaled   penalty
     114       -0.00068417      a_ia       114                           -0.00136834         2
     722        0.00064214      a_ia       722                            0.00128429         2
     588        0.00061232      a_ia       588                            0.00489855         8
     380        0.00057461      a_ia       380                            0.00114922         2
     512       -0.00051886      a_ia       512                           -0.00103772         2
     660        0.00045359      a_ia       660                            0.00090717         2
   45046       -0.00038323        op      2539      2540                 -0.00958065        25
   45047       -0.00038322        om      2539      2540                 -0.00958058        25
     515       -0.00038213      a_ia       515                           -0.00229281         6
     346        0.00032407      a_ia       346                            0.00324068        10

  ==> Add operator: a_ia 114
  ==> Current qubit order: 4  5  8  9  10  11  12  13  2  3  16  17  19  21  27  29  26  24  62  63  22  28  23  65  30  18  1  61  60  0  31  34  25  35  37  38  40  7  20  42  43  44  15  68  14  69  64  6  48  45  49  39  33  51  32  59  46  52  53  55  47  50  58  41  54  36  56  57  66  67  70  71  72  73  74  75  76  77  78  79  80  81  82  83  84  85  86  87  88  89  90  91  92  93  94  95  96  97  98  99  100  101  102  103  


  ==> Energy                -307.390457496
  ==> dE                       -2.30e-07
  ==> Gradient Norm             2.14e-01
  ==> Abs. Max. Deriv.          2.25e-02
  ==> Time-Grad. (s)              75.085
  ==> Time-Energy (s)              1.523
  ==> Time-Iter. (s)              78.053

--------------------------------------------------------------------------------
CEO-ADAPT-VQE iteration: 104
--------------------------------------------------------------------------------
    gate        derivative      name       op1       op2       op3        g_unscaled   penalty
     729        0.00064205      a_ia       729                            0.00128410         2
     595        0.00061282      a_ia       595                            0.00490256         8
     384        0.00057131      a_ia       384                            0.00114261         2
     519       -0.00051901      a_ia       519                           -0.00103802         2
     667        0.00045596      a_ia       667                            0.00091192         2
     522       -0.00038425      a_ia       522                           -0.00230552         6
   45115       -0.00038322        op      2559      2560                 -0.00958061        25
   45116       -0.00038322        om      2559      2560                 -0.00958053        25
     350        0.00032420      a_ia       350                            0.00324198        10
     565       -0.00027302      a_ia       565                           -0.00054605         2

  ==> Add operator: a_ia 729
  ==> Current qubit order: 4  5  8  9  10  11  12  13  2  3  16  17  19  21  27  29  26  24  62  63  22  28  23  65  30  18  1  61  60  0  31  34  25  35  37  38  40  7  20  42  43  44  15  68  14  69  64  6  48  45  49  39  33  51  32  59  46  52  53  55  47  50  58  41  54  36  56  57  66  67  70  71  72  73  74  75  76  77  78  79  80  81  82  83  84  85  86  87  88  89  90  91  92  93  94  95  96  97  98  99  100  101  102  103  


  ==> Energy                -307.390488082
  ==> dE                       -3.06e-05
  ==> Gradient Norm             2.12e-01
  ==> Abs. Max. Deriv.          2.30e-02
  ==> Time-Grad. (s)              81.787
  ==> Time-Energy (s)              1.290
  ==> Time-Iter. (s)              84.525

--------------------------------------------------------------------------------
CEO-ADAPT-VQE iteration: 105
--------------------------------------------------------------------------------
    gate        derivative      name       op1       op2       op3        g_unscaled   penalty
     599        0.00061277      a_ia       599                            0.00490219         8
     386        0.00057509      a_ia       386                            0.00115019         2
     521       -0.00056153      a_ia       521                           -0.00112306         2
     671        0.00048828      a_ia       671                            0.00097657         2
   45139       -0.00038302        om      2573      2574                 -0.00957538        25
   45138       -0.00038299        op      2573      2574                 -0.00957471        25
     524       -0.00035553      a_ia       524                           -0.00213320         6
     352        0.00032443      a_ia       352                            0.00324427        10
     568       -0.00027527      a_ia       568                           -0.00055054         2
     619        0.00025896      a_ia       619                            0.00155378         6

  ==> Add operator: a_ia 599
  ==> Current qubit order: 4  5  8  9  10  11  12  13  2  3  16  17  19  21  27  29  26  24  62  63  22  28  23  65  30  18  1  61  60  0  31  34  25  35  37  38  40  7  20  42  43  44  15  68  14  69  64  6  48  45  49  33  51  32  39  59  46  52  53  55  47  50  58  41  54  36  56  57  66  67  70  71  72  73  74  75  76  77  78  79  80  81  82  83  84  85  86  87  88  89  90  91  92  93  94  95  96  97  98  99  100  101  102  103  


  ==> Energy                -307.390496223
  ==> dE                       -8.14e-06
  ==> Gradient Norm             2.01e-01
  ==> Abs. Max. Deriv.          2.25e-02
  ==> Time-Grad. (s)              78.681
  ==> Time-Energy (s)              1.287
  ==> Time-Iter. (s)              81.429

--------------------------------------------------------------------------------
CEO-ADAPT-VQE iteration: 106
--------------------------------------------------------------------------------
    gate        derivative      name       op1       op2       op3        g_unscaled   penalty
     388        0.00057950      a_ia       388                            0.00115899         2
     523       -0.00056204      a_ia       523                           -0.00112408         2
   96599       -0.00053959        om     41469     41470                 -0.02212330        41
   96598       -0.00053927        op     41469     41470                 -0.02210994        41
     674        0.00048507      a_ia       674                            0.00097014         2
   41469       -0.00038801    a_iajb     41469                           -0.02211662        57
   45061       -0.00038302        om      2588      2589                 -0.00957548        25
   45060       -0.00038299        op      2588      2589                 -0.00957481        25
     354        0.00032438      a_ia       354                            0.00324378        10
     526       -0.00028398      a_ia       526                           -0.00227184         8

  ==> Add operator: a_ia 388
  ==> Current qubit order: 4  5  8  9  10  11  12  13  2  3  16  17  19  21  27  29  26  24  62  63  22  28  23  65  30  18  1  61  60  0  31  34  25  35  37  38  40  7  20  42  43  44  15  68  14  69  64  6  48  45  49  33  51  32  39  59  46  52  53  55  47  50  58  41  54  36  56  57  66  67  70  71  72  73  74  75  76  77  78  79  80  81  82  83  84  85  86  87  88  89  90  91  92  93  94  95  96  97  98  99  100  101  102  103  


  ==> Energy                -307.390496790
  ==> dE                       -5.68e-07
  ==> Gradient Norm             2.07e-01
  ==> Abs. Max. Deriv.          2.25e-02
  ==> Time-Grad. (s)              93.343
  ==> Time-Energy (s)              1.289
  ==> Time-Iter. (s)              96.088

--------------------------------------------------------------------------------
CEO-ADAPT-VQE iteration: 107
--------------------------------------------------------------------------------
    gate        derivative      name       op1       op2       op3        g_unscaled   penalty
     525       -0.00056205      a_ia       525                           -0.00112410         2
     676        0.00047932      a_ia       676                            0.00095865         2
   45151       -0.00038302        om      2610      2611                 -0.00957558        25
   45150       -0.00038300        op      2610      2611                 -0.00957491        25
     355        0.00032597      a_ia       355                            0.00325970        10
     528       -0.00028515      a_ia       528                           -0.00228118         8
     572       -0.00027487      a_ia       572                           -0.00054974         2
   97376        0.00026910        op     41870     41871                  0.01264778        47
   97377        0.00026910        op     41870     41871                  0.01264778        47
     624        0.00025913      a_ia       624                            0.00155477         6

  ==> Add operator: a_ia 525
  ==> Current qubit order: 4  5  8  9  10  11  12  13  2  3  16  17  19  21  27  29  26  24  62  63  22  28  23  65  30  18  1  61  60  0  31  34  25  35  37  38  40  7  20  42  43  44  15  68  14  69  64  6  48  45  49  33  51  32  39  59  46  52  53  55  47  50  58  41  54  36  56  57  66  67  70  71  72  73  74  75  76  77  78  79  80  81  82  83  84  85  86  87  88  89  90  91  92  93  94  95  96  97  98  99  100  101  102  103  


  ==> Energy                -307.390520712
  ==> dE                       -2.39e-05
  ==> Gradient Norm             2.12e-01
  ==> Abs. Max. Deriv.          2.25e-02
  ==> Time-Grad. (s)             169.055
  ==> Time-Energy (s)              1.568
  ==> Time-Iter. (s)             172.077

--------------------------------------------------------------------------------
CEO-ADAPT-VQE iteration: 108
--------------------------------------------------------------------------------
    gate        derivative      name       op1       op2       op3        g_unscaled   penalty
   93025        0.00045288        om     38559     38560                  0.01947373        43
   93024        0.00044048        op     38559     38560                  0.01894065        43
     679        0.00042816      a_ia       679                            0.00085632         2
   70531       -0.00041406        om     21537     21538                 -0.01532018        37
   70530       -0.00041392        op     21537     21538                 -0.01531514        37
   45129       -0.00038299        om      2621      2622                 -0.00957479        25
   45128       -0.00038296        op      2621      2622                 -0.00957412        25
     357        0.00032895      a_ia       357                            0.00328955        10
   38559        0.00032555    a_iajb     38559                            0.01920719        59
   21537       -0.00028901    a_iajb     21537                           -0.01531766        53

  ==> Add operator: mvp2 -1: 38559 38560
  ==> Current qubit order: 4  5  8  9  10  11  12  13  2  3  16  17  19  21  27  29  26  24  62  63  22  28  23  65  30  18  1  61  60  0  31  34  25  35  37  38  40  7  20  42  43  44  15  68  14  69  64  6  48  45  49  51  39  33  32  59  58  46  52  53  55  47  50  41  54  36  56  57  66  67  70  71  72  73  74  75  76  77  78  79  80  81  82  83  84  85  86  87  88  89  90  91  92  93  94  95  96  97  98  99  100  101  102  103  


  ==> Energy                -307.390616677
  ==> dE                       -9.60e-05
  ==> Gradient Norm             2.13e-01
  ==> Abs. Max. Deriv.          2.25e-02
  ==> Time-Grad. (s)             172.353
  ==> Time-Energy (s)              2.004
  ==> Time-Iter. (s)             175.794

--------------------------------------------------------------------------------
CEO-ADAPT-VQE iteration: 109
--------------------------------------------------------------------------------
    gate        derivative      name       op1       op2       op3        g_unscaled   penalty
     537       -0.00051497      a_ia       537                           -0.00205988         4
     688        0.00041243      a_ia       688                            0.00082485         2
     635        0.00038853      a_ia       635                            0.00155412         4
   45208       -0.00038297        om      2638      2639                 -0.00957418        25
   45207       -0.00038294        op      2638      2639                 -0.00957352        25
   45212        0.00034831        om      2642      2643                  0.02403367        69
   45211        0.00034772        op      2642      2643                  0.02399279        69
     746       -0.00033395      a_ia       746                           -0.00133581         4
     364        0.00032896      a_ia       364                            0.00328959        10
     726       -0.00030049      a_ia       726                           -0.00120198         4

  ==> Add operator: a_ia 537
  ==> Current qubit order: 4  5  8  9  10  11  12  13  2  3  16  17  19  21  27  29  26  24  62  63  22  28  23  65  30  18  1  61  60  0  31  34  25  35  37  38  40  7  20  42  43  44  15  68  14  69  64  6  48  45  49  51  39  32  33  59  58  46  52  53  55  47  50  41  54  36  56  57  66  67  70  71  72  73  74  75  76  77  78  79  80  81  82  83  84  85  86  87  88  89  90  91  92  93  94  95  96  97  98  99  100  101  102  103  


  ==> Energy                -307.390618155
  ==> dE                       -1.48e-06
  ==> Gradient Norm             2.11e-01
  ==> Abs. Max. Deriv.          2.40e-02
  ==> Time-Grad. (s)             167.471
  ==> Time-Energy (s)              1.393
  ==> Time-Iter. (s)             170.295

--------------------------------------------------------------------------------
CEO-ADAPT-VQE iteration: 110
--------------------------------------------------------------------------------
    gate        derivative      name       op1       op2       op3        g_unscaled   penalty
   88490        0.00045801        om     35107     35108                  0.01786229        39
   88489        0.00045772        op     35107     35108                  0.01785095        39
     641        0.00038870      a_ia       641                            0.00155482         4
   45178       -0.00038296        om      2658      2659                 -0.00957390        25
   45177       -0.00038293        op      2658      2659                 -0.00957324        25
     695        0.00037928      a_ia       695                            0.00075857         2
   45182        0.00034831        om      2662      2663                  0.02403354        69
   45181        0.00034772        op      2662      2663                  0.02399266        69
     753       -0.00033420      a_ia       753                           -0.00133680         4
     366        0.00033268      a_ia       366                            0.00332683        10

  ==> Add operator: mvp2 -1: 35107 35108
  ==> Current qubit order: 4  5  8  9  10  11  12  13  2  3  16  17  19  21  27  29  26  24  63  62  22  23  65  28  30  18  1  61  60  0  31  34  25  35  37  38  40  7  20  42  43  44  15  68  14  69  64  6  48  45  49  51  39  32  33  59  58  46  52  53  55  47  50  41  54  36  56  57  66  67  70  71  72  73  74  75  76  77  78  79  80  81  82  83  84  85  86  87  88  89  90  91  92  93  94  95  96  97  98  99  100  101  102  103  


  ==> Energy                -307.390657482
  ==> dE                       -3.93e-05
  ==> Gradient Norm             2.13e-01
  ==> Abs. Max. Deriv.          2.40e-02
  ==> Time-Grad. (s)              82.240
  ==> Time-Energy (s)              2.590
  ==> Time-Iter. (s)              86.264

--------------------------------------------------------------------------------
CEO-ADAPT-VQE iteration: 111
--------------------------------------------------------------------------------
    gate        derivative      name       op1       op2       op3        g_unscaled   penalty
     646        0.00038870      a_ia       646                            0.00155482         4
   45161       -0.00038287        om      2676      2677                 -0.00957182        25
   45160       -0.00038285        op      2676      2677                 -0.00957115        25
     700        0.00037838      a_ia       700                            0.00075676         2
   45165        0.00034831        om      2680      2681                  0.02403350        69
   45164        0.00034772        op      2680      2681                  0.02399261        69
     758       -0.00033418      a_ia       758                           -0.00133673         4
     371        0.00033258      a_ia       371                            0.00332581        10
     738       -0.00029920      a_ia       738                           -0.00119680         4
     623        0.00028259      a_ia       623                            0.00056517         2

  ==> Add operator: a_ia 646
  ==> Current qubit order: 4  5  8  9  10  11  12  13  2  3  16  17  19  21  27  29  26  24  63  62  22  23  65  28  30  18  1  61  60  0  31  34  25  35  37  38  40  7  20  42  43  44  15  68  14  69  64  6  48  45  49  51  39  32  33  59  58  46  52  53  55  50  47  41  54  36  56  57  66  67  70  71  72  73  74  75  76  77  78  79  80  81  82  83  84  85  86  87  88  89  90  91  92  93  94  95  96  97  98  99  100  101  102  103  


  ==> Energy                -307.390745361
  ==> dE                       -8.79e-05
  ==> Gradient Norm             2.10e-01
  ==> Abs. Max. Deriv.          2.40e-02
  ==> Time-Grad. (s)              66.959
  ==> Time-Energy (s)              1.023
  ==> Time-Iter. (s)              69.420

--------------------------------------------------------------------------------
CEO-ADAPT-VQE iteration: 112
--------------------------------------------------------------------------------
    gate        derivative      name       op1       op2       op3        g_unscaled   penalty
   76186        0.00041204        om     25851     25852                  0.02348637        57
   76185        0.00041061        op     25851     25852                  0.02340489        57
   45166       -0.00038282        om      2691      2692                 -0.00957046        25
   45165       -0.00038279        op      2691      2692                 -0.00956979        25
   45170        0.00034831        om      2695      2696                  0.02403339        69
   45169        0.00034772        op      2695      2696                  0.02399251        69
     764       -0.00033547      a_ia       764                           -0.00134187         4
     373        0.00033401      a_ia       373                            0.00334013        10
   25851        0.00032117    a_iajb     25851                            0.02344563        73
     705        0.00031889      a_ia       705                            0.00063778         2

  ==> Add operator: mvp2 -1: 25851 25852
  ==> Current qubit order: 4  5  8  9  10  11  12  13  2  3  16  17  19  21  27  29  26  24  63  62  22  23  65  28  30  18  1  61  60  0  31  34  25  35  37  38  40  20  42  43  44  7  68  69  6  15  14  64  48  45  49  51  39  32  33  59  58  46  52  53  55  50  47  41  54  36  56  57  66  67  70  71  72  73  74  75  76  77  78  79  80  81  82  83  84  85  86  87  88  89  90  91  92  93  94  95  96  97  98  99  100  101  102  103  


  ==> Energy                -307.390800881
  ==> dE                       -5.55e-05
  ==> Gradient Norm             2.19e-01
  ==> Abs. Max. Deriv.          2.40e-02
  ==> Time-Grad. (s)             172.389
  ==> Time-Energy (s)              2.288
  ==> Time-Iter. (s)             176.133

--------------------------------------------------------------------------------
CEO-ADAPT-VQE iteration: 113
--------------------------------------------------------------------------------
    gate        derivative      name       op1       op2       op3        g_unscaled   penalty
     148       -0.00047195      a_ia       148                           -0.00188779         4
   45156       -0.00038272        om      2699      2700                 -0.00956790        25
   45155       -0.00038269        op      2699      2700                 -0.00956722        25
   45160        0.00034831        om      2703      2704                  0.02403311        69
   45159        0.00034772        op      2703      2704                  0.02399241        69
     768       -0.00033676      a_ia       768                           -0.00134702         4
     375        0.00033491      a_ia       375                            0.00334910        10
     709        0.00031882      a_ia       709                            0.00063765         2
   95985        0.00031423        op     40848     40849                  0.01036953        33
   95986        0.00031423        om     40848     40849                  0.01036953        33

  ==> Add operator: a_ia 148
  ==> Current qubit order: 4  5  8  9  10  11  12  13  2  3  16  17  19  21  27  29  26  24  63  62  22  23  65  28  30  18  1  61  60  0  31  34  25  35  37  38  40  20  42  43  44  68  7  69  6  15  14  64  48  45  49  51  39  32  33  59  58  46  52  53  55  50  47  41  54  36  56  57  66  67  70  71  72  73  74  75  76  77  78  79  80  81  82  83  84  85  86  87  88  89  90  91  92  93  94  95  96  97  98  99  100  101  102  103  


  ==> Energy                -307.390801322
  ==> dE                       -4.42e-07
  ==> Gradient Norm             2.12e-01
  ==> Abs. Max. Deriv.          2.40e-02
  ==> Time-Grad. (s)              82.796
  ==> Time-Energy (s)              1.888
  ==> Time-Iter. (s)              86.109

--------------------------------------------------------------------------------
CEO-ADAPT-VQE iteration: 114
--------------------------------------------------------------------------------
    gate        derivative      name       op1       op2       op3        g_unscaled   penalty
   92912       -0.00093521        om     38615     38616                 -0.03834370        41
   92911       -0.00091117        op     38615     38616                 -0.03735806        41
   38615       -0.00066405    a_iajb     38615                           -0.03785088        57
     377        0.00041692      a_ia       377                            0.00333533         8
   45104       -0.00038272        om      2711      2712                 -0.00956788        25
   45103       -0.00038269        op      2711      2712                 -0.00956720        25
   45108        0.00034848        om      2715      2716                  0.02404526        69
   45107        0.00034789        op      2715      2716                  0.02400443        69
     772       -0.00033670      a_ia       772                           -0.00134680         4
     713        0.00033548      a_ia       713                            0.00067095         2

  ==> Add operator: mvp2 -1: 38615 38616
  ==> Current qubit order: 4  5  8  9  10  11  12  13  2  3  16  17  19  21  27  29  26  24  63  62  22  23  65  28  30  18  1  61  60  0  31  34  25  35  37  38  40  20  42  43  44  68  7  69  6  15  14  64  48  45  49  51  39  33  58  32  59  52  47  46  53  55  50  41  54  36  56  57  66  67  70  71  72  73  74  75  76  77  78  79  80  81  82  83  84  85  86  87  88  89  90  91  92  93  94  95  96  97  98  99  100  101  102  103  


  ==> Energy                -307.391220815
  ==> dE                       -4.19e-04
  ==> Gradient Norm             2.26e-01
  ==> Abs. Max. Deriv.          3.83e-02
  ==> Time-Grad. (s)             171.394
  ==> Time-Energy (s)              2.472
  ==> Time-Iter. (s)             175.312

--------------------------------------------------------------------------------
CEO-ADAPT-VQE iteration: 115
--------------------------------------------------------------------------------
    gate        derivative      name       op1       op2       op3        g_unscaled   penalty
     728        0.00065454      a_ia       728                            0.00261816         4
     379        0.00041429      a_ia       379                            0.00331432         8
   45152       -0.00038247        om      2722      2723                 -0.00956181        25
   45151       -0.00038245        op      2722      2723                 -0.00956113        25
   45156        0.00034849        om      2726      2727                  0.02404561        69
   45155        0.00034790        op      2726      2727                  0.02400478        69
     149        0.00033136      a_ia       149                            0.00066273         2
     637        0.00030371      a_ia       637                            0.00060742         2
    2726        0.00028265    a_iajb      2726                            0.02402519        85
     688        0.00027524      a_ia       688                            0.00220189         8

  ==> Add operator: a_ia 728
  ==> Current qubit order: 4  5  8  9  10  11  12  13  2  3  16  17  19  21  27  29  26  24  63  62  22  23  65  28  30  18  1  61  60  0  31  34  25  35  37  38  40  20  42  43  44  68  7  69  6  15  14  64  48  45  49  51  39  33  58  32  52  59  47  46  53  55  50  41  54  36  56  57  66  67  70  71  72  73  74  75  76  77  78  79  80  81  82  83  84  85  86  87  88  89  90  91  92  93  94  95  96  97  98  99  100  101  102  103  


  ==> Energy                -307.391223636
  ==> dE                       -2.82e-06
  ==> Gradient Norm             2.15e-01
  ==> Abs. Max. Deriv.          2.40e-02
  ==> Time-Grad. (s)             180.497
  ==> Time-Energy (s)              1.177
  ==> Time-Iter. (s)             183.100

--------------------------------------------------------------------------------
CEO-ADAPT-VQE iteration: 116
--------------------------------------------------------------------------------
    gate        derivative      name       op1       op2       op3        g_unscaled   penalty
     380        0.00041132      a_ia       380                            0.00329057         8
   45145       -0.00038249        om      2733      2734                 -0.00956221        25
   45144       -0.00038246        op      2733      2734                 -0.00956153        25
   45149        0.00034849        om      2737      2738                  0.02404572        69
   45148        0.00034790        op      2737      2738                  0.02400489        69
     149        0.00034164      a_ia       149                            0.00068329         2
     777       -0.00033454      a_ia       777                           -0.00133815         4
     638        0.00030417      a_ia       638                            0.00060835         2
    2737        0.00028265    a_iajb      2737                            0.02402531        85
     689        0.00027413      a_ia       689                            0.00219303         8

  ==> Add operator: a_ia 380
  ==> Current qubit order: 4  5  8  9  10  11  12  13  2  3  16  17  19  21  27  29  26  24  63  62  22  23  65  28  30  18  1  61  60  0  31  34  25  35  37  38  40  42  43  44  20  68  7  69  6  15  14  64  48  45  49  51  39  33  58  32  52  59  47  46  53  55  50  41  54  36  56  57  66  67  70  71  72  73  74  75  76  77  78  79  80  81  82  83  84  85  86  87  88  89  90  91  92  93  94  95  96  97  98  99  100  101  102  103  


  ==> Energy                -307.391225425
  ==> dE                       -1.79e-06
  ==> Gradient Norm             2.13e-01
  ==> Abs. Max. Deriv.          2.40e-02
  ==> Time-Grad. (s)             172.737
  ==> Time-Energy (s)              1.182
  ==> Time-Iter. (s)             175.758

--------------------------------------------------------------------------------
CEO-ADAPT-VQE iteration: 117
--------------------------------------------------------------------------------
    gate        derivative      name       op1       op2       op3        g_unscaled   penalty
   45105       -0.00038249        om      2751      2752                 -0.00956225        25
   45104       -0.00038246        op      2751      2752                 -0.00956158        25
     150        0.00035191      a_ia       150                            0.00070383         2
   45109        0.00034849        om      2755      2756                  0.02404592        69
   45108        0.00034790        op      2755      2756                  0.02400509        69
     785       -0.00033450      a_ia       785                           -0.00133798         4
     644        0.00030448      a_ia       644                            0.00060896         2
    2755        0.00028265    a_iajb      2755                            0.02402550        85
     612       -0.00026779      a_ia       612                           -0.00053559         2
     763       -0.00026530      a_ia       763                           -0.00106121         4

  ==> Add operator: om -1: 2751 2752
  ==> Current qubit order: 4  5  8  9  10  11  12  13  2  3  16  17  19  21  27  29  26  24  63  62  22  23  65  28  30  18  1  61  60  0  31  34  25  35  37  38  40  42  43  44  20  68  7  69  6  15  14  64  48  45  49  51  39  33  58  32  52  59  47  46  53  55  50  41  54  36  56  57  66  67  70  71  72  73  74  75  76  77  78  79  80  81  82  83  84  85  86  87  88  89  90  91  92  93  94  95  96  97  98  99  100  101  102  103  


  ==> Energy                -307.391231972
  ==> dE                       -6.55e-06
  ==> Gradient Norm             2.04e-01
  ==> Abs. Max. Deriv.          2.40e-02
  ==> Time-Grad. (s)              80.604
  ==> Time-Energy (s)              1.110
  ==> Time-Iter. (s)              83.069

--------------------------------------------------------------------------------
CEO-ADAPT-VQE iteration: 118
--------------------------------------------------------------------------------
    gate        derivative      name       op1       op2       op3        g_unscaled   penalty
     155        0.00035192      a_ia       155                            0.00070384         2
   45022        0.00034460        om      2782      2783                  0.02377719        69
   45021        0.00034401        op      2782      2783                  0.02373640        69
     795       -0.00033449      a_ia       795                           -0.00133795         4
     652        0.00030447      a_ia       652                            0.00060895         2
   80741        0.00028889        op     29670     29671                  0.03726641       129
   80742        0.00028889        om     29670     29671                  0.03726641       129
   70833        0.00028485        op     22117     22118                  0.01908466        67
   70834        0.00028388        om     22117     22118                  0.01901984        67
    2782        0.00027949    a_iajb      2782                            0.02375680        85

  ==> Add operator: a_ia 155
  ==> Current qubit order: 4  5  8  9  10  11  12  13  2  3  16  17  19  21  27  29  26  24  63  62  22  23  65  28  30  18  1  61  60  0  31  34  25  35  37  38  40  42  43  44  20  68  7  69  6  15  14  64  48  45  49  51  39  33  58  32  52  59  47  46  53  55  50  41  54  36  56  57  66  67  70  71  72  73  74  75  76  77  78  79  80  81  82  83  84  85  86  87  88  89  90  91  92  93  94  95  96  97  98  99  100  101  102  103  


  ==> Energy                -307.391232140
  ==> dE                       -1.68e-07
  ==> Gradient Norm             2.28e-01
  ==> Abs. Max. Deriv.          3.73e-02
  ==> Time-Grad. (s)             178.094
  ==> Time-Energy (s)              1.298
  ==> Time-Iter. (s)             180.790

--------------------------------------------------------------------------------
CEO-ADAPT-VQE iteration: 119
--------------------------------------------------------------------------------
    gate        derivative      name       op1       op2       op3        g_unscaled   penalty
   95931       -0.00049156        om     41233     41234                 -0.02703594        55
   95930       -0.00047788        op     41233     41234                 -0.02628326        55
   80636        0.00044347        op     29620     29621                  0.02882552        65
   80637        0.00044347        om     29620     29621                  0.02882552        65
   41233       -0.00037549    a_iajb     41233                           -0.02665960        71
   29620        0.00035587    a_iajb     29620                            0.02882552        81
   45019        0.00034453        om      2798      2799                  0.02377239        69
   45018        0.00034394        op      2798      2799                  0.02373165        69
     801       -0.00033451      a_ia       801                           -0.00133803         4
     657        0.00030447      a_ia       657                            0.00060894         2

  ==> Add operator: mvp2 -1: 41233 41234
  ==> Current qubit order: 4  5  8  9  10  11  12  13  2  3  16  17  19  21  27  29  26  24  63  62  22  23  65  28  30  18  1  61  60  0  31  34  25  35  37  38  40  42  43  44  20  68  7  69  6  15  14  64  48  45  51  39  33  58  49  52  46  53  32  59  47  55  50  41  54  36  56  57  66  67  70  71  72  73  74  75  76  77  78  79  80  81  82  83  84  85  86  87  88  89  90  91  92  93  94  95  96  97  98  99  100  101  102  103  


  ==> Energy                -307.391581236
  ==> dE                       -3.49e-04
  ==> Gradient Norm             2.21e-01
  ==> Abs. Max. Deriv.          2.88e-02
  ==> Time-Grad. (s)             153.421
  ==> Time-Energy (s)              2.541
  ==> Time-Iter. (s)             157.487

--------------------------------------------------------------------------------
CEO-ADAPT-VQE iteration: 120
--------------------------------------------------------------------------------
    gate        derivative      name       op1       op2       op3        g_unscaled   penalty
     747        0.00059049      a_ia       747                            0.00118098         2
   44991        0.00034451        om      2822      2823                  0.02377153        69
   44990        0.00034392        op      2822      2823                  0.02373082        69
     777        0.00032430      a_ia       777                            0.00324301        10
     662        0.00028881      a_ia       662                            0.00057762         2
     689        0.00028781      a_ia       689                            0.00115122         4
     807       -0.00028656      a_ia       807                           -0.00114625         4
     566       -0.00028453      a_ia       566                           -0.00341436        12
     820        0.00027958      a_ia       820                            0.01006475        36
    2822        0.00027943    a_iajb      2822                            0.02375117        85

  ==> Add operator: a_ia 747
  ==> Current qubit order: 4  5  8  9  10  11  12  13  2  3  16  17  19  21  27  29  26  24  63  62  22  23  65  28  30  18  1  61  60  0  31  34  25  35  37  38  40  42  43  44  20  68  7  69  6  15  14  64  48  45  51  39  33  58  49  52  46  53  32  59  47  55  50  41  54  36  56  57  66  67  70  71  72  73  74  75  76  77  78  79  80  81  82  83  84  85  86  87  88  89  90  91  92  93  94  95  96  97  98  99  100  101  102  103  


  ==> Energy                -307.391582401
  ==> dE                       -1.16e-06
  ==> Gradient Norm             2.15e-01
  ==> Abs. Max. Deriv.          2.38e-02
  ==> Time-Grad. (s)              90.761
  ==> Time-Energy (s)              0.856
  ==> Time-Iter. (s)              93.111

--------------------------------------------------------------------------------
CEO-ADAPT-VQE iteration: 121
--------------------------------------------------------------------------------
    gate        derivative      name       op1       op2       op3        g_unscaled   penalty
   91875       -0.00068560        op     38380     38382                 -0.01988242        29
   91876       -0.00068560        op     38380     38382                 -0.01988242        29
   91871       -0.00062941        op     38380     38381                 -0.01825291        29
   91872       -0.00062941        op     38380     38381                 -0.01825291        29
   38380       -0.00040102    a_iajb     38380                           -0.01804607        45
   44976        0.00034452        om      2836      2837                  0.02377196        69
   44975        0.00034393        op      2836      2837                  0.02373124        69
     785        0.00032456      a_ia       785                            0.00324560        10
     697        0.00029257      a_ia       697                            0.00117030         4
     573       -0.00028985      a_ia       573                           -0.00347824        12

  ==> Add operator: mvp3 -1: 38380 38381 38382
  ==> Current qubit order: 4  5  8  9  10  11  12  13  2  3  16  17  19  21  27  29  26  24  63  62  22  23  65  28  30  18  1  61  60  0  31  34  25  35  37  38  40  42  43  44  20  68  7  69  6  15  14  64  48  45  51  39  33  49  58  52  46  32  53  59  47  55  50  41  54  36  56  57  66  67  70  71  72  73  74  75  76  77  78  79  80  81  82  83  84  85  86  87  88  89  90  91  92  93  94  95  96  97  98  99  100  101  102  103  


  ==> Energy                -307.391790846
  ==> dE                       -2.08e-04
  ==> Gradient Norm             2.14e-01
  ==> Abs. Max. Deriv.          2.38e-02
  ==> Time-Grad. (s)              92.952
  ==> Time-Energy (s)              3.761
  ==> Time-Iter. (s)              98.203

--------------------------------------------------------------------------------
CEO-ADAPT-VQE iteration: 122
--------------------------------------------------------------------------------
    gate        derivative      name       op1       op2       op3        g_unscaled   penalty
     823       -0.00089747      a_ia       823                           -0.00179494         2
     580        0.00043637      a_ia       580                            0.00261821         6
   44980        0.00034451        om      2870      2871                  0.02377140        69
   44979        0.00034392        op      2870      2871                  0.02373069        69
   84252        0.00030891        om     32527     32528                  0.01946133        63
   84251        0.00030780        op     32527     32528                  0.01939126        63
     406        0.00029727      a_ia       406                            0.00059454         2
     704        0.00029410      a_ia       704                            0.00117639         4
     836        0.00029026      a_ia       836                            0.00986880        34
     676        0.00028927      a_ia       676                            0.00057854         2

  ==> Add operator: a_ia 823
  ==> Current qubit order: 4  5  8  9  10  11  12  13  2  3  16  17  19  21  27  29  26  24  63  62  22  23  65  28  30  18  1  61  60  0  31  34  25  35  37  38  40  42  43  44  20  68  7  69  6  15  14  64  48  45  51  39  33  49  58  52  46  32  53  59  47  55  50  41  54  36  56  57  66  67  70  71  72  73  74  75  76  77  78  79  80  81  82  83  84  85  86  87  88  89  90  91  92  93  94  95  96  97  98  99  100  101  102  103  


  ==> Energy                -307.391843259
  ==> dE                       -5.24e-05
  ==> Gradient Norm             2.25e-01
  ==> Abs. Max. Deriv.          2.38e-02
  ==> Time-Grad. (s)              74.619
  ==> Time-Energy (s)              1.232
  ==> Time-Iter. (s)              77.312

--------------------------------------------------------------------------------
CEO-ADAPT-VQE iteration: 123
--------------------------------------------------------------------------------
    gate        derivative      name       op1       op2       op3        g_unscaled   penalty
     768       -0.00044182      a_ia       768                           -0.00176730         4
     583        0.00042148      a_ia       583                            0.00252891         6
   45038        0.00034451        om      2886      2887                  0.02377104        69
   45037        0.00034392        op      2886      2887                  0.02373033        69
     841        0.00030183      a_ia       841                            0.01026217        34
     408        0.00029536      a_ia       408                            0.00059073         2
     707        0.00028843      a_ia       707                            0.00115373         4
     777       -0.00028506      a_ia       777                           -0.00114024         4
    2886        0.00027942    a_iajb      2886                            0.02375068        85
     645       -0.00027216      a_ia       645                           -0.00054432         2

  ==> Add operator: a_ia 768
  ==> Current qubit order: 4  5  8  9  10  11  12  13  2  3  16  17  19  21  27  29  26  24  63  62  22  23  65  28  30  18  1  61  60  0  31  34  25  35  37  38  40  42  43  44  20  68  7  69  6  15  14  64  48  45  51  39  33  49  52  58  46  32  53  59  47  55  50  41  54  36  56  57  66  67  70  71  72  73  74  75  76  77  78  79  80  81  82  83  84  85  86  87  88  89  90  91  92  93  94  95  96  97  98  99  100  101  102  103  


  ==> Energy                -307.391844421
  ==> dE                       -1.16e-06
  ==> Gradient Norm             2.19e-01
  ==> Abs. Max. Deriv.          2.71e-02
  ==> Time-Grad. (s)              80.069
  ==> Time-Energy (s)              1.379
  ==> Time-Iter. (s)              82.934

--------------------------------------------------------------------------------
CEO-ADAPT-VQE iteration: 124
--------------------------------------------------------------------------------
    gate        derivative      name       op1       op2       op3        g_unscaled   penalty
     585        0.00063039      a_ia       585                            0.00252157         4
   44987        0.00034451        om      2898      2899                  0.02377106        69
   44986        0.00034392        op      2898      2899                  0.02373034        69
   87475       -0.00030864        om     35159     35160                 -0.01080249        35
   87474       -0.00030816        op     35159     35160                 -0.01078568        35
     409        0.00030501      a_ia       409                            0.00061003         2
     843        0.00030204      a_ia       843                            0.01026944        34
     779       -0.00029411      a_ia       779                           -0.00117642         4
     709        0.00028665      a_ia       709                            0.00114661         4
    2898        0.00027942    a_iajb      2898                            0.02375070        85

  ==> Add operator: a_ia 585
  ==> Current qubit order: 4  5  8  9  10  11  12  13  2  3  16  17  19  21  27  29  26  24  63  62  22  23  65  28  30  18  1  61  60  0  31  34  25  35  37  38  40  42  43  44  20  68  7  69  6  15  14  64  48  45  51  39  33  49  52  46  58  32  53  59  47  55  50  41  54  36  56  57  66  67  70  71  72  73  74  75  76  77  78  79  80  81  82  83  84  85  86  87  88  89  90  91  92  93  94  95  96  97  98  99  100  101  102  103  


  ==> Energy                -307.391846832
  ==> dE                       -2.41e-06
  ==> Gradient Norm             2.26e-01
  ==> Abs. Max. Deriv.          2.56e-02
  ==> Time-Grad. (s)              92.470
  ==> Time-Energy (s)              1.565
  ==> Time-Iter. (s)              95.522

--------------------------------------------------------------------------------
CEO-ADAPT-VQE iteration: 125
--------------------------------------------------------------------------------
    gate        derivative      name       op1       op2       op3        g_unscaled   penalty
   44928        0.00034451        om      2914      2915                  0.02377117        69
   44927        0.00034392        op      2914      2915                  0.02373046        69
     848        0.00030208      a_ia       848                            0.01027070        34
     714        0.00028819      a_ia       714                            0.00115278         4
     411        0.00028667      a_ia       411                            0.00057333         2
    2914        0.00027942    a_iajb      2914                            0.02375081        85
     784       -0.00027541      a_ia       784                           -0.00110164         4
     650       -0.00027054      a_ia       650                           -0.00054108         2
     375       -0.00026595      a_ia       375                           -0.00319140        12
     804        0.00026563      a_ia       804                            0.00318752        12

  ==> Add operator: mvp2 -1: 2914 2915
  ==> Current qubit order: 4  5  8  9  10  11  12  13  2  3  16  17  19  21  27  29  26  24  63  62  22  23  65  28  30  18  61  31  34  25  35  1  60  0  69  37  38  40  42  43  44  20  68  7  6  15  14  64  48  45  51  39  33  49  52  46  58  32  53  59  47  55  50  41  54  36  56  57  66  67  70  71  72  73  74  75  76  77  78  79  80  81  82  83  84  85  86  87  88  89  90  91  92  93  94  95  96  97  98  99  100  101  102  103  


  ==> Energy                -307.391897329
  ==> dE                       -5.05e-05
  ==> Gradient Norm             2.13e-01
  ==> Abs. Max. Deriv.          2.38e-02
  ==> Time-Grad. (s)              94.606
  ==> Time-Energy (s)            338.633
  ==> Time-Iter. (s)             434.710

--------------------------------------------------------------------------------
CEO-ADAPT-VQE iteration: 126
--------------------------------------------------------------------------------
    gate        derivative      name       op1       op2       op3        g_unscaled   penalty
     590        0.00418787      a_ia       590                            0.00837574         2
     412        0.00042745      a_ia       412                            0.00085491         2
   45160        0.00040649        op      3065      3066                  0.01666626        41
   45161        0.00040604        om      3065      3066                  0.01664752        41
     482        0.00032527      a_ia       482                            0.00325267        10
     787        0.00031643      a_ia       787                            0.00063285         2
     716        0.00030675      a_ia       716                            0.00122699         4
     786       -0.00030587      a_ia       786                           -0.00122348         4
     850        0.00030401      a_ia       850                            0.01033632        34
    3065        0.00029223    a_iajb      3065                            0.01665689        57

  ==> Add operator: a_ia 590
  ==> Current qubit order: 4  5  8  9  10  11  12  13  2  3  16  17  19  21  27  29  26  24  63  62  22  23  65  28  30  18  61  31  34  25  35  1  60  0  69  37  38  40  42  43  44  20  68  7  6  15  14  64  48  45  51  39  33  49  52  46  58  32  53  59  47  55  50  41  54  36  56  57  66  67  70  71  72  73  74  75  76  77  78  79  80  81  82  83  84  85  86  87  88  89  90  91  92  93  94  95  96  97  98  99  100  101  102  103  


  ==> Energy                -307.391921934
  ==> dE                       -2.46e-05
  ==> Gradient Norm             2.18e-01
  ==> Abs. Max. Deriv.          2.35e-02
  ==> Time-Grad. (s)             180.075
  ==> Time-Energy (s)              1.512
  ==> Time-Iter. (s)             183.141

--------------------------------------------------------------------------------
CEO-ADAPT-VQE iteration: 127
--------------------------------------------------------------------------------
    gate        derivative      name       op1       op2       op3        g_unscaled   penalty
   45202        0.00040649        op      3088      3089                  0.01666624        41
   45203        0.00040604        om      3088      3089                  0.01664750        41
     415        0.00036300      a_ia       415                            0.00072599         2
     485        0.00031385      a_ia       485                            0.00313852        10
     656        0.00031246      a_ia       656                            0.00062491         2
     722        0.00031207      a_ia       722                            0.00124827         4
     857        0.00030411      a_ia       857                            0.01033977        34
    3088        0.00029223    a_iajb      3088                            0.01665687        57
     657       -0.00027576      a_ia       657                           -0.00055152         2
     794        0.00026678      a_ia       794                            0.00053357         2

  ==> Add operator: mvp2 -1: 3088 3089
  ==> Current qubit order: 4  5  8  9  10  11  12  13  2  3  16  17  19  21  27  29  26  24  63  62  22  23  65  28  30  18  61  31  34  25  35  60  1  0  69  68  37  38  40  42  43  44  20  7  6  15  14  64  48  45  51  39  33  49  52  46  58  32  53  59  47  55  50  41  54  36  56  57  66  67  70  71  72  73  74  75  76  77  78  79  80  81  82  83  84  85  86  87  88  89  90  91  92  93  94  95  96  97  98  99  100  101  102  103  


  ==> Energy                -307.391944987
  ==> dE                       -2.31e-05
  ==> Gradient Norm             2.17e-01
  ==> Abs. Max. Deriv.          3.60e-02
  ==> Time-Grad. (s)              82.310
  ==> Time-Energy (s)              2.408
  ==> Time-Iter. (s)              86.206

--------------------------------------------------------------------------------
CEO-ADAPT-VQE iteration: 128
--------------------------------------------------------------------------------
    gate        derivative      name       op1       op2       op3        g_unscaled   penalty
   87933        0.00037932        om     35459     35460                  0.02086243        55
   87932        0.00037925        op     35459     35460                  0.02085856        55
     487        0.00031353      a_ia       487                            0.00313535        10
     725        0.00031243      a_ia       725                            0.00124970         4
     659        0.00031239      a_ia       659                            0.00062478         2
     862        0.00030410      a_ia       862                            0.01033951        34
   35459        0.00029381    a_iajb     35459                            0.02086050        71
     660       -0.00027574      a_ia       660                           -0.00055148         2
     797        0.00026679      a_ia       797                            0.00053358         2
     380       -0.00026271      a_ia       380                           -0.00315247        12

  ==> Add operator: mvp2 -1: 35459 35460
  ==> Current qubit order: 4  5  8  9  10  11  12  13  2  3  16  17  19  21  27  29  26  22  23  65  24  63  62  25  28  30  18  61  31  34  35  60  1  0  69  68  37  38  40  42  43  44  20  7  6  15  14  64  48  45  51  39  33  49  52  46  58  32  53  59  47  55  50  41  54  36  56  57  66  67  70  71  72  73  74  75  76  77  78  79  80  81  82  83  84  85  86  87  88  89  90  91  92  93  94  95  96  97  98  99  100  101  102  103  


  ==> Energy                -307.391998723
  ==> dE                       -5.37e-05
  ==> Gradient Norm             2.07e-01
  ==> Abs. Max. Deriv.          2.23e-02
  ==> Time-Grad. (s)              93.667
  ==> Time-Energy (s)              2.899
  ==> Time-Iter. (s)              98.049

--------------------------------------------------------------------------------
CEO-ADAPT-VQE iteration: 129
--------------------------------------------------------------------------------
    gate        derivative      name       op1       op2       op3        g_unscaled   penalty
     384       -0.00038947      a_ia       384                           -0.00311579         8
   89126        0.00034044        op     36201     36202                  0.02485230        73
   89127        0.00033583        om     36201     36202                  0.02451555        73
     664        0.00031210      a_ia       664                            0.00062419         2
     731        0.00031201      a_ia       731                            0.00124804         4
     869        0.00030410      a_ia       869                            0.01033951        34
   36201        0.00027735    a_iajb     36201                            0.02468393        89
     665       -0.00027559      a_ia       665                           -0.00055118         2
     804        0.00026504      a_ia       804                            0.00053008         2
     823        0.00025883      a_ia       823                            0.00310592        12

  ==> Add operator: a_ia 384
  ==> Current qubit order: 4  5  8  9  10  11  12  13  2  3  16  17  19  21  27  29  26  22  23  65  24  63  25  28  30  62  18  61  31  34  35  60  1  0  69  68  37  38  40  42  43  44  20  7  6  15  14  64  48  45  51  39  33  49  52  46  58  32  53  59  47  55  50  41  54  36  56  57  66  67  70  71  72  73  74  75  76  77  78  79  80  81  82  83  84  85  86  87  88  89  90  91  92  93  94  95  96  97  98  99  100  101  102  103  


  ==> Energy                -307.392000526
  ==> dE                       -1.80e-06
  ==> Gradient Norm             2.14e-01
  ==> Abs. Max. Deriv.          3.34e-02
  ==> Time-Grad. (s)              79.365
  ==> Time-Energy (s)              1.456
  ==> Time-Iter. (s)              82.287

--------------------------------------------------------------------------------
CEO-ADAPT-VQE iteration: 130
--------------------------------------------------------------------------------
    gate        derivative      name       op1       op2       op3        g_unscaled   penalty
     736        0.00031247      a_ia       736                            0.00124989         4
     668        0.00031184      a_ia       668                            0.00062368         2
     877        0.00030412      a_ia       877                            0.01034000        34
     669       -0.00027450      a_ia       669                           -0.00054900         2
     829        0.00025966      a_ia       829                            0.00311595        12
     809        0.00025699      a_ia       809                            0.00051399         2
     707        0.00024211      a_ia       707                            0.00048422         2
     605       -0.00024132      a_ia       605                           -0.00337843        14
     808       -0.00023763      a_ia       808                           -0.00095050         4
     654       -0.00022213      a_ia       654                           -0.00133280         6

  ==> Add operator: a_ia 736
  ==> Current qubit order: 4  5  8  9  10  11  12  13  2  3  16  17  19  21  27  29  26  22  23  65  24  63  25  28  30  62  18  61  31  34  35  60  1  0  69  68  37  38  40  42  43  44  20  7  6  15  14  64  48  45  51  39  33  49  52  46  58  32  53  59  47  50  55  41  54  36  56  57  66  67  70  71  72  73  74  75  76  77  78  79  80  81  82  83  84  85  86  87  88  89  90  91  92  93  94  95  96  97  98  99  100  101  102  103  


  ==> Energy                -307.392001030
  ==> dE                       -5.04e-07
  ==> Gradient Norm             2.05e-01
  ==> Abs. Max. Deriv.          2.23e-02
  ==> Time-Grad. (s)              87.672
  ==> Time-Energy (s)              1.162
  ==> Time-Iter. (s)              90.361

--------------------------------------------------------------------------------
CEO-ADAPT-VQE iteration: 131
--------------------------------------------------------------------------------
    gate        derivative      name       op1       op2       op3        g_unscaled   penalty
     880        0.00030408      a_ia       880                            0.01033881        34
     670        0.00030384      a_ia       670                            0.00060767         2
   94414        0.00028070        op     40356     40357                  0.01038579        37
   94415        0.00028070        om     40356     40357                  0.01038579        37
     671       -0.00027519      a_ia       671                           -0.00055038         2
     832        0.00025891      a_ia       832                            0.00310692        12
     811        0.00025332      a_ia       811                            0.00050664         2
     709        0.00024194      a_ia       709                            0.00048388         2
     606       -0.00024163      a_ia       606                           -0.00338286        14
     810       -0.00023395      a_ia       810                           -0.00093581         4

  ==> Add operator: a_ia 880
  ==> Current qubit order: 4  5  8  9  10  11  12  13  2  3  16  17  19  21  27  29  26  22  23  65  24  63  25  28  30  62  18  61  31  34  35  60  1  0  69  68  37  38  40  42  43  44  20  7  6  15  14  64  48  45  51  39  33  49  52  46  58  32  59  47  50  55  41  54  36  56  57  66  67  70  71  72  73  74  53  75  76  77  78  79  80  81  82  83  84  85  86  87  88  89  90  91  92  93  94  95  96  97  98  99  100  101  102  103  


  ==> Energy                -307.392021077
  ==> dE                       -2.00e-05
  ==> Gradient Norm             2.03e-01
  ==> Abs. Max. Deriv.          2.23e-02
  ==> Time-Grad. (s)             109.033
  ==> Time-Energy (s)              1.406
  ==> Time-Iter. (s)             111.994

--------------------------------------------------------------------------------
CEO-ADAPT-VQE iteration: 132
--------------------------------------------------------------------------------
    gate        derivative      name       op1       op2       op3        g_unscaled   penalty
     836        0.00031119      a_ia       836                            0.00311188        10
     674        0.00030360      a_ia       674                            0.00060721         2
     610       -0.00028254      a_ia       610                           -0.00339048        12
     675       -0.00027690      a_ia       675                           -0.00055379         2
     815        0.00024791      a_ia       815                            0.00049582         2
     713        0.00024124      a_ia       713                            0.00048249         2
     660       -0.00022137      a_ia       660                           -0.00132821         6
     626       -0.00022054      a_ia       626                           -0.00264649        12
     390       -0.00021554      a_ia       390                           -0.00043107         2
   84554       -0.00021436        om     32713     32714                 -0.01564805        73

  ==> Add operator: a_ia 836
  ==> Current qubit order: 4  5  8  9  10  11  12  13  2  3  16  17  19  21  27  29  26  22  23  65  24  63  25  28  30  62  18  61  31  34  35  60  1  0  69  68  37  38  40  42  43  44  20  7  6  15  14  64  48  45  51  39  33  52  46  58  32  49  59  47  50  55  41  54  36  56  57  66  67  70  71  72  73  74  53  75  76  77  78  79  80  81  82  83  84  85  86  87  88  89  90  91  92  93  94  95  96  97  98  99  100  101  102  103  


  ==> Energy                -307.392024649
  ==> dE                       -3.57e-06
  ==> Gradient Norm             2.10e-01
  ==> Abs. Max. Deriv.          2.23e-02
  ==> Time-Grad. (s)              81.188
  ==> Time-Energy (s)              1.458
  ==> Time-Iter. (s)              84.109

--------------------------------------------------------------------------------
CEO-ADAPT-VQE iteration: 133
--------------------------------------------------------------------------------
    gate        derivative      name       op1       op2       op3        g_unscaled   penalty
     889       -0.00064639      a_ia       889                           -0.00517111         8
     891        0.00046390      a_ia       891                            0.01206139        26
     678        0.00030757      a_ia       678                            0.00061514         2
   80584        0.00028433        op     29733     29734                  0.03724744       131
   80585        0.00028433        om     29733     29734                  0.03724744       131
     679       -0.00027707      a_ia       679                           -0.00055414         2
   29733        0.00025338    a_iajb     29733                            0.03724744       147
     614       -0.00024362      a_ia       614                           -0.00341070        14
     717        0.00024141      a_ia       717                            0.00048283         2
     393       -0.00022497      a_ia       393                           -0.00044995         2

  ==> Add operator: a_ia 889
  ==> Current qubit order: 4  5  8  9  10  11  12  13  2  3  16  17  19  21  27  29  26  22  23  65  24  63  25  28  30  62  18  61  31  34  35  60  1  0  69  68  37  38  40  42  43  44  20  7  6  15  14  64  48  45  51  39  33  52  46  58  32  49  59  47  50  55  41  54  36  56  57  66  67  70  72  73  74  71  53  75  76  77  78  79  80  81  82  83  84  85  86  87  88  89  90  91  92  93  94  95  96  97  98  99  100  101  102  103  


  ==> Energy                -307.392028844
  ==> dE                       -4.20e-06
  ==> Gradient Norm             2.18e-01
  ==> Abs. Max. Deriv.          3.72e-02
  ==> Time-Grad. (s)              82.118
  ==> Time-Energy (s)              1.203
  ==> Time-Iter. (s)              84.822

--------------------------------------------------------------------------------
CEO-ADAPT-VQE iteration: 134
--------------------------------------------------------------------------------
    gate        derivative      name       op1       op2       op3        g_unscaled   penalty
     680        0.00030774      a_ia       680                            0.00061548         2
     681       -0.00027729      a_ia       681                           -0.00055458         2
     616       -0.00024376      a_ia       616                           -0.00341266        14
     719        0.00024113      a_ia       719                            0.00048225         2
   92680       -0.00023425        om     38824     38825                 -0.02272237        97
   92679       -0.00023304        op     38824     38825                 -0.02260511        97
     394       -0.00022566      a_ia       394                           -0.00045132         2
     632       -0.00022525      a_ia       632                           -0.00270298        12
     666       -0.00022337      a_ia       666                           -0.00134021         6
     824        0.00021432      a_ia       824                            0.00042863         2

  ==> Add operator: a_ia 680
  ==> Current qubit order: 4  5  8  9  10  11  12  13  2  3  16  17  19  21  27  29  26  22  23  65  24  63  25  28  30  62  18  61  31  34  35  60  1  0  69  68  37  38  40  42  43  44  20  7  6  15  14  64  48  45  51  39  33  52  46  58  32  49  59  47  50  55  41  54  36  56  57  66  67  70  72  73  74  71  53  75  76  77  78  79  80  81  82  83  84  85  86  87  88  89  90  91  92  93  94  95  96  97  98  99  100  101  102  103  


  ==> Energy                -307.392028926
  ==> dE                       -8.17e-08
  ==> Gradient Norm             2.04e-01
  ==> Abs. Max. Deriv.          2.27e-02
  ==> Time-Grad. (s)             138.521
  ==> Time-Energy (s)              1.374
  ==> Time-Iter. (s)             141.382

--------------------------------------------------------------------------------
CEO-ADAPT-VQE iteration: 135
--------------------------------------------------------------------------------
    gate        derivative      name       op1       op2       op3        g_unscaled   penalty
     688       -0.00027715      a_ia       688                           -0.00055430         2
     623       -0.00024409      a_ia       623                           -0.00341726        14
     726        0.00024119      a_ia       726                            0.00048239         2
     398       -0.00022558      a_ia       398                           -0.00045116         2
     639       -0.00022498      a_ia       639                           -0.00269980        12
     673       -0.00022359      a_ia       673                           -0.00134155         6
     831        0.00021262      a_ia       831                            0.00042523         2
   82315        0.00020295        op     30889     30891                  0.01968580        97
   82316        0.00020295        op     30889     30891                  0.01968580        97
   82311        0.00020061        op     30889     30890                  0.01945894        97

  ==> Add operator: a_ia 688
  ==> Current qubit order: 4  5  8  9  10  11  12  13  2  3  16  17  19  21  27  29  26  22  23  65  24  63  25  28  30  62  18  61  31  34  35  60  1  0  69  68  37  38  40  42  43  44  20  7  6  15  14  64  48  45  51  39  33  52  46  58  32  49  59  47  50  55  41  54  36  56  57  66  67  70  72  73  74  71  53  75  76  77  78  79  80  81  82  83  84  85  86  87  88  89  90  91  92  93  94  95  96  97  98  99  100  101  102  103  


  ==> Energy                -307.392029021
  ==> dE                       -9.52e-08
  ==> Gradient Norm             2.12e-01
  ==> Abs. Max. Deriv.          2.23e-02
  ==> Time-Grad. (s)              93.725
  ==> Time-Energy (s)              1.399
  ==> Time-Iter. (s)              96.614

--------------------------------------------------------------------------------
CEO-ADAPT-VQE iteration: 136
--------------------------------------------------------------------------------
    gate        derivative      name       op1       op2       op3        g_unscaled   penalty
   80618        0.00034554        op     29667     29668                  0.02867959        83
   80619        0.00034554        om     29667     29668                  0.02867959        83
   29667        0.00028969    a_iajb     29667                            0.02867959        99
     626       -0.00024412      a_ia       626                           -0.00341770        14
     731        0.00024117      a_ia       731                            0.00048233         2
     400       -0.00022526      a_ia       400                           -0.00045052         2
     643       -0.00022489      a_ia       643                           -0.00269868        12
     677       -0.00022341      a_ia       677                           -0.00134048         6
     837        0.00021249      a_ia       837                            0.00042499         2
     787        0.00018396      a_ia       787                            0.00220756        12

  ==> Add operator: op -1: 29667 29668
  ==> Current qubit order: 4  5  8  9  10  11  2  3  16  17  19  21  27  29  12  13  63  62  26  22  23  65  24  25  28  30  18  61  31  34  35  60  1  0  69  68  37  38  40  42  43  44  20  7  6  15  14  64  48  45  51  39  33  52  46  58  32  49  59  47  50  55  41  54  36  56  57  66  67  70  72  73  74  71  53  75  76  77  78  79  80  81  82  83  84  85  86  87  88  89  90  91  92  93  94  95  96  97  98  99  100  101  102  103  


  ==> Energy                -307.392115036
  ==> dE                       -8.60e-05
  ==> Gradient Norm             2.07e-01
  ==> Abs. Max. Deriv.          2.87e-02
  ==> Time-Grad. (s)             178.133
  ==> Time-Energy (s)              1.122
  ==> Time-Iter. (s)             180.734

--------------------------------------------------------------------------------
CEO-ADAPT-VQE iteration: 137
--------------------------------------------------------------------------------
    gate        derivative      name       op1       op2       op3        g_unscaled   penalty
   81706        0.00028635        op     30575     30576                  0.02376669        83
   81707        0.00028581        om     30575     30576                  0.02372194        83
     535        0.00025831      a_ia       535                            0.00051663         2
     630       -0.00024417      a_ia       630                           -0.00341833        14
     735        0.00024111      a_ia       735                            0.00048222         2
   30575        0.00023984    a_iajb     30575                            0.02374431        99
     647       -0.00022491      a_ia       647                           -0.00269894        12
     681       -0.00022328      a_ia       681                           -0.00133968         6
     841        0.00021218      a_ia       841                            0.00042435         2
     516       -0.00019255      a_ia       516                           -0.00154041         8

  ==> Add operator: mvp2 -1: 30575 30576
  ==> Current qubit order: 4  5  8  9  10  11  2  3  16  17  19  21  27  29  12  13  63  62  26  22  23  65  24  25  28  30  18  31  34  35  1  0  69  68  37  61  60  15  14  38  40  42  43  44  20  7  6  64  48  45  51  39  33  52  46  58  32  49  59  47  50  55  41  54  36  56  57  66  67  70  72  73  74  71  53  75  76  77  78  79  80  81  82  83  84  85  86  87  88  89  90  91  92  93  94  95  96  97  98  99  100  101  102  103  


  ==> Energy                -307.392182250
  ==> dE                       -6.72e-05
  ==> Gradient Norm             2.10e-01
  ==> Abs. Max. Deriv.          2.38e-02
  ==> Time-Grad. (s)              76.102
  ==> Time-Energy (s)              2.375
  ==> Time-Iter. (s)              79.992

--------------------------------------------------------------------------------
CEO-ADAPT-VQE iteration: 138
--------------------------------------------------------------------------------
    gate        derivative      name       op1       op2       op3        g_unscaled   penalty
     321        0.00108642      a_ia       321                            0.00434569         4
     338        0.00107804      a_ia       338                            0.00431218         4
     540        0.00025748      a_ia       540                            0.00051495         2
     635       -0.00024416      a_ia       635                           -0.00341822        14
     740        0.00024109      a_ia       740                            0.00048219         2
     652       -0.00022483      a_ia       652                           -0.00269800        12
   93841        0.00021889        op     39667     39668                  0.01860606        85
   93842        0.00021823        om     39667     39668                  0.01854980        85
     847        0.00021251      a_ia       847                            0.00042501         2
   89112       -0.00019886        om     36089     36090                 -0.02605035       131

  ==> Add operator: a_ia 321
  ==> Current qubit order: 4  5  8  9  10  11  2  3  16  17  19  21  27  29  12  13  63  62  26  22  23  65  24  25  28  30  18  31  34  35  1  0  69  68  37  61  15  60  14  38  40  42  43  44  20  7  6  64  48  45  51  39  33  52  46  58  32  49  59  47  50  55  41  54  36  56  57  66  67  70  72  73  74  71  53  75  76  77  78  79  80  81  82  83  84  85  86  87  88  89  90  91  92  93  94  95  96  97  98  99  100  101  102  103  


  ==> Energy                -307.392185891
  ==> dE                       -3.64e-06
  ==> Gradient Norm             2.16e-01
  ==> Abs. Max. Deriv.          2.61e-02
  ==> Time-Grad. (s)             207.255
  ==> Time-Energy (s)              1.186
  ==> Time-Iter. (s)             209.898

--------------------------------------------------------------------------------
CEO-ADAPT-VQE iteration: 139
--------------------------------------------------------------------------------
    gate        derivative      name       op1       op2       op3        g_unscaled   penalty
     340        0.00212277      a_ia       340                            0.00424554         2
     917        0.00108593      a_ia       917                            0.03474986        32
     640       -0.00024498      a_ia       640                           -0.00342978        14
     323        0.00024442      a_ia       323                            0.00048885         2
     745        0.00024127      a_ia       745                            0.00048255         2
     657       -0.00022913      a_ia       657                           -0.00274961        12
     544        0.00022733      a_ia       544                            0.00045467         2
     852        0.00020300      a_ia       852                            0.00040600         2
     308        0.00017636      a_ia       308                            0.00599631        34
     709       -0.00016975      a_ia       709                           -0.00169753        10

  ==> Add operator: a_ia 340
  ==> Current qubit order: 4  5  8  9  10  11  2  3  16  17  19  21  27  29  12  13  63  62  26  22  23  65  24  25  28  30  18  31  34  35  1  0  69  68  37  61  15  60  14  38  40  42  43  44  20  7  6  64  48  45  51  39  33  52  46  58  32  49  59  47  50  55  41  54  36  56  57  66  67  70  72  73  74  71  53  75  76  77  78  79  80  81  82  83  84  85  86  87  88  89  90  91  92  93  94  95  96  97  98  99  100  101  102  103  


  ==> Energy                -307.392189309
  ==> dE                       -3.42e-06
  ==> Gradient Norm             2.12e-01
  ==> Abs. Max. Deriv.          3.47e-02
  ==> Time-Grad. (s)             103.468
  ==> Time-Energy (s)              1.314
  ==> Time-Iter. (s)             106.266

--------------------------------------------------------------------------------
CEO-ADAPT-VQE iteration: 140
--------------------------------------------------------------------------------
    gate        derivative      name       op1       op2       op3        g_unscaled   penalty
     921        0.00108591      a_ia       921                            0.03474898        32
   94191       -0.00026454        op     39752     39753                 -0.02301504        87
   94192       -0.00025533        om     39752     39753                 -0.02221364        87
     343        0.00024645      a_ia       343                            0.00049291         2
     643       -0.00024614      a_ia       643                           -0.00344589        14
     749        0.00024138      a_ia       749                            0.00048276         2
     660       -0.00023235      a_ia       660                           -0.00278825        12
   76072       -0.00022251        om     26123     26124                 -0.01579815        71
   83057        0.00022188        op     31363     31364                  0.01664090        75
   39752       -0.00021956    a_iajb     39752                           -0.02261434       103

  ==> Add operator: a_ia 921
  ==> Current qubit order: 4  5  8  9  10  11  2  3  16  17  19  21  27  29  12  13  63  62  26  22  23  65  24  25  28  30  18  31  34  35  1  0  69  68  37  61  15  60  14  38  40  42  43  44  20  7  6  64  48  45  51  39  33  52  46  58  32  49  47  50  55  41  54  36  56  57  66  67  70  72  73  74  71  59  53  75  76  77  78  79  80  81  82  83  84  85  86  87  88  89  90  91  92  93  94  95  96  97  98  99  100  101  102  103  


  ==> Energy                -307.392536215
  ==> dE                       -3.47e-04
  ==> Gradient Norm             2.16e-01
  ==> Abs. Max. Deriv.          3.47e-02
  ==> Time-Grad. (s)             114.203
  ==> Time-Energy (s)              1.362
  ==> Time-Iter. (s)             116.961

--------------------------------------------------------------------------------
CEO-ADAPT-VQE iteration: 141
--------------------------------------------------------------------------------
    gate        derivative      name       op1       op2       op3        g_unscaled   penalty
     757        0.00033160      a_ia       757                            0.00066320         2
     649       -0.00030624      a_ia       649                           -0.00367487        12
     924        0.00029908      a_ia       924                            0.00119634         4
     851        0.00029563      a_ia       851                            0.00059125         2
     345        0.00026184      a_ia       345                            0.00052368         2
     551        0.00025094      a_ia       551                            0.00050188         2
     328        0.00022830      a_ia       328                            0.00045659         2
     853        0.00019705      a_ia       853                            0.00039409         2
   83408       -0.00019176        om     31837     31838                 -0.01821742        95
   83407       -0.00018604        op     31837     31838                 -0.01767387        95

  ==> Add operator: a_ia 757
  ==> Current qubit order: 4  5  8  9  10  11  2  3  16  17  19  21  27  29  12  13  63  62  26  22  23  65  24  25  28  30  18  31  34  35  1  0  69  68  37  61  15  60  14  38  40  42  43  44  20  7  6  64  48  45  51  39  33  52  46  58  32  49  47  50  55  41  54  36  56  57  66  67  70  72  73  74  71  59  53  75  76  77  78  79  80  81  82  83  84  85  86  87  88  89  90  91  92  93  94  95  96  97  98  99  100  101  102  103  


  ==> Energy                -307.392546096
  ==> dE                       -9.88e-06
  ==> Gradient Norm             2.04e-01
  ==> Abs. Max. Deriv.          2.23e-02
  ==> Time-Grad. (s)             173.877
  ==> Time-Energy (s)              1.096
  ==> Time-Iter. (s)             176.391

--------------------------------------------------------------------------------
CEO-ADAPT-VQE iteration: 142
--------------------------------------------------------------------------------
    gate        derivative      name       op1       op2       op3        g_unscaled   penalty
     930        0.00031030      a_ia       930                            0.00124119         4
     654       -0.00030654      a_ia       654                           -0.00367851        12
     857        0.00030150      a_ia       857                            0.00060300         2
     348        0.00026450      a_ia       348                            0.00052899         2
     556        0.00025546      a_ia       556                            0.00051091         2
     330        0.00023192      a_ia       330                            0.00046383         2
     859        0.00020065      a_ia       859                            0.00040129         2
     149       -0.00018782      a_ia       149                           -0.00037564         2
   92752        0.00018374        om     38938     38939                  0.01892548       103
     883       -0.00018317      a_ia       883                           -0.00183171        10

  ==> Add operator: a_ia 930
  ==> Current qubit order: 4  5  8  9  10  11  2  3  16  17  19  21  27  29  12  13  63  62  26  22  23  65  24  25  28  30  18  31  34  35  1  0  69  68  37  61  15  60  14  38  40  42  43  44  20  7  6  64  48  45  51  39  33  46  52  58  32  49  47  50  55  41  54  36  56  57  66  67  70  72  73  74  71  59  53  75  76  77  78  79  80  81  82  83  84  85  86  87  88  89  90  91  92  93  94  95  96  97  98  99  100  101  102  103  


  ==> Energy                -307.392570506
  ==> dE                       -2.44e-05
  ==> Gradient Norm             2.17e-01
  ==> Abs. Max. Deriv.          2.23e-02
  ==> Time-Grad. (s)             108.305
  ==> Time-Energy (s)              1.279
  ==> Time-Iter. (s)             111.160

--------------------------------------------------------------------------------
CEO-ADAPT-VQE iteration: 143
--------------------------------------------------------------------------------
    gate        derivative      name       op1       op2       op3        g_unscaled   penalty
     861        0.00036120      a_ia       861                            0.00072240         2
     658       -0.00030176      a_ia       658                           -0.00362107        12
     863        0.00026425      a_ia       863                            0.00105700         4
     351        0.00026159      a_ia       351                            0.00052317         2
     560        0.00025643      a_ia       560                            0.00051286         2
     333        0.00022975      a_ia       333                            0.00045950         2
   89721       -0.00021887        om     36879     36880                 -0.01028710        47
   89720       -0.00021797        op     36879     36880                 -0.01024474        47
   92110       -0.00021719        op     38759     38760                 -0.02541078       117
   81210        0.00021613        op     30301     30302                  0.02226190       103

  ==> Add operator: a_ia 861
  ==> Current qubit order: 4  5  8  9  10  11  2  3  16  17  19  21  27  29  12  13  63  62  26  22  23  65  24  25  28  30  18  31  34  35  1  0  69  68  37  61  15  60  14  38  40  42  43  44  20  7  6  64  48  45  51  39  33  46  52  58  32  49  47  50  55  41  54  36  56  57  66  67  70  72  73  74  71  59  53  75  76  77  78  79  80  81  82  83  84  85  86  87  88  89  90  91  92  93  94  95  96  97  98  99  100  101  102  103  


  ==> Energy                -307.392570925
  ==> dE                       -4.19e-07
  ==> Gradient Norm             2.17e-01
  ==> Abs. Max. Deriv.          2.54e-02
  ==> Time-Grad. (s)             190.554
  ==> Time-Energy (s)              1.456
  ==> Time-Iter. (s)             193.734

--------------------------------------------------------------------------------
CEO-ADAPT-VQE iteration: 144
--------------------------------------------------------------------------------
    gate        derivative      name       op1       op2       op3        g_unscaled   penalty
     661       -0.00030496      a_ia       661                           -0.00365949        12
   95699        0.00027716        op     41173     41174                  0.02411275        87
     563        0.00027686      a_ia       563                            0.00055373         2
   95700        0.00027677        om     41173     41174                  0.02407942        87
     352        0.00026899      a_ia       352                            0.00053797         2
     867        0.00025496      a_ia       867                            0.00101984         4
   41173        0.00023394    a_iajb     41173                            0.02409608       103
     334        0.00023246      a_ia       334                            0.00046492         2
   83045       -0.00020564        op     31537     31538                 -0.01213268        59
     864        0.00020401      a_ia       864                            0.00204013        10

  ==> Add operator: a_ia 661
  ==> Current qubit order: 4  5  8  9  10  11  2  3  16  17  19  21  27  29  12  13  63  62  26  22  23  65  24  25  28  30  18  31  34  35  1  0  69  68  37  61  15  60  14  38  40  42  43  44  20  7  6  64  48  45  51  39  33  46  52  58  49  47  50  55  41  32  54  36  56  57  66  67  70  72  73  74  71  59  53  75  76  77  78  79  80  81  82  83  84  85  86  87  88  89  90  91  92  93  94  95  96  97  98  99  100  101  102  103  


  ==> Energy                -307.392573685
  ==> dE                       -2.76e-06
  ==> Gradient Norm             2.08e-01
  ==> Abs. Max. Deriv.          2.41e-02
  ==> Time-Grad. (s)              76.293
  ==> Time-Energy (s)              1.612
  ==> Time-Iter. (s)              79.473

--------------------------------------------------------------------------------
CEO-ADAPT-VQE iteration: 145
--------------------------------------------------------------------------------
    gate        derivative      name       op1       op2       op3        g_unscaled   penalty
     354        0.00028225      a_ia       354                            0.00056449         2
     870        0.00026773      a_ia       870                            0.00107093         4
     566        0.00026394      a_ia       566                            0.00052788         2
     336        0.00024180      a_ia       336                            0.00048360         2
     867        0.00020410      a_ia       867                            0.00204102        10
   80673        0.00019642        op     29725     29726                  0.02023097       103
   80674        0.00019642        om     29725     29726                  0.02023097       103
     321        0.00017957      a_ia       321                            0.00610538        34
     153       -0.00017818      a_ia       153                           -0.00035637         2
     547        0.00017377      a_ia       547                            0.00312784        18

  ==> Add operator: a_ia 354
  ==> Current qubit order: 4  5  8  9  10  11  2  3  16  17  19  21  27  29  12  13  63  62  26  22  23  65  24  25  28  30  18  31  34  35  1  0  69  68  37  61  15  60  14  38  40  42  43  44  20  7  6  64  48  45  51  39  33  46  52  58  49  47  50  55  41  32  54  36  56  57  66  67  70  72  73  74  71  59  53  75  76  77  78  79  80  81  82  83  84  85  86  87  88  89  90  91  92  93  94  95  96  97  98  99  100  101  102  103  


  ==> Energy                -307.392573685
  ==> dE                       -5.24e-11
  ==> Gradient Norm             2.09e-01
  ==> Abs. Max. Deriv.          2.23e-02
  ==> Time-Grad. (s)              84.026
  ==> Time-Energy (s)              1.293
  ==> Time-Iter. (s)              86.884

--------------------------------------------------------------------------------
CEO-ADAPT-VQE iteration: 146
--------------------------------------------------------------------------------
    gate        derivative      name       op1       op2       op3        g_unscaled   penalty
     355        0.00027510      a_ia       355                            0.00055019         2
     875        0.00026772      a_ia       875                            0.00107086         4
     570        0.00026390      a_ia       570                            0.00052779         2
     337        0.00024164      a_ia       337                            0.00048328         2
     872        0.00020410      a_ia       872                            0.00204102        10
     322        0.00017958      a_ia       322                            0.00610563        34
     153       -0.00017816      a_ia       153                           -0.00035631         2
     551        0.00017377      a_ia       551                            0.00312786        18
     807        0.00017315      a_ia       807                            0.00034629         2
     739       -0.00016939      a_ia       739                           -0.00169389        10

  ==> Add operator: a_ia 355
  ==> Current qubit order: 4  5  8  9  10  11  2  3  16  17  19  21  27  29  12  13  63  62  26  22  23  65  24  25  28  30  18  31  34  35  1  0  69  68  37  61  15  60  14  38  40  42  43  44  20  7  6  64  48  45  51  39  33  46  52  58  49  47  50  55  41  32  54  36  56  57  66  67  70  72  73  74  71  59  53  75  76  77  78  79  80  81  82  83  84  85  86  87  88  89  90  91  92  93  94  95  96  97  98  99  100  101  102  103  


  ==> Energy                -307.392573685
  ==> dE                        2.27e-13
  ==> Gradient Norm             2.05e-01
  ==> Abs. Max. Deriv.          2.23e-02
  ==> Time-Grad. (s)              87.799
  ==> Time-Energy (s)              1.094
  ==> Time-Iter. (s)              90.467

--------------------------------------------------------------------------------
CEO-ADAPT-VQE iteration: 147
--------------------------------------------------------------------------------
    gate        derivative      name       op1       op2       op3        g_unscaled   penalty
   95152       -0.00037181        om     41038     41039                 -0.01450042        39
   95151       -0.00033551        op     41038     41039                 -0.01308483        39
     355        0.00027510      a_ia       355                            0.00055019         2
     875        0.00026772      a_ia       875                            0.00107086         4
     570        0.00026390      a_ia       570                            0.00052779         2
   41038       -0.00025077    a_iajb     41038                           -0.01379262        55
     337        0.00024164      a_ia       337                            0.00048328         2
   80598       -0.00022664        om     29997     29998                 -0.01654442        73
   80597       -0.00022416        op     29997     29998                 -0.01636334        73
     872        0.00020410      a_ia       872                            0.00204102        10

  ==> Add operator: mvp2 -1: 41038 41039
  ==> Current qubit order: 4  5  8  9  10  11  2  3  16  17  19  21  27  29  12  13  63  62  26  22  23  65  24  25  28  30  18  31  34  35  1  0  69  68  37  61  15  60  14  38  40  42  43  44  20  7  6  64  48  45  39  33  51  46  58  55  52  49  47  50  41  32  54  36  56  57  66  67  70  72  73  74  71  59  53  75  76  77  78  79  80  81  82  83  84  85  86  87  88  89  90  91  92  93  94  95  96  97  98  99  100  101  102  103  


  ==> Energy                -307.392650969
  ==> dE                       -7.73e-05
  ==> Gradient Norm             2.10e-01
  ==> Abs. Max. Deriv.          2.23e-02
  ==> Time-Grad. (s)              92.819
  ==> Time-Energy (s)              2.684
  ==> Time-Iter. (s)              97.067

--------------------------------------------------------------------------------
CEO-ADAPT-VQE iteration: 148
--------------------------------------------------------------------------------
    gate        derivative      name       op1       op2       op3        g_unscaled   penalty
     519        0.00075251      a_ia       519                            0.00602010         8
     882        0.00057221      a_ia       882                            0.00114442         2
     358        0.00027161      a_ia       358                            0.00054322         2
     575        0.00025687      a_ia       575                            0.00051374         2
     340        0.00023567      a_ia       340                            0.00047134         2
   76286        0.00021396        om     26787     26788                  0.02075367        97
     879        0.00021257      a_ia       879                            0.00212574        10
   76285        0.00020042        op     26787     26788                  0.01944074        97
   90934        0.00018369        om     38054     38055                  0.01561390        85
   90933        0.00018353        op     38054     38055                  0.01560044        85

  ==> Add operator: a_ia 519
  ==> Current qubit order: 4  5  8  9  10  11  2  3  16  17  19  21  27  29  12  13  62  26  22  63  23  65  24  25  28  30  18  31  34  35  1  0  69  68  37  61  15  60  14  38  40  42  43  44  20  7  6  64  48  45  39  33  51  46  58  55  52  49  47  50  41  32  54  36  56  57  66  67  70  72  73  74  71  59  53  75  76  77  78  79  80  81  82  83  84  85  86  87  88  89  90  91  92  93  94  95  96  97  98  99  100  101  102  103  


  ==> Energy                -307.392660294
  ==> dE                       -9.32e-06
  ==> Gradient Norm             2.09e-01
  ==> Abs. Max. Deriv.          2.75e-02
  ==> Time-Grad. (s)              90.902
  ==> Time-Energy (s)              1.551
  ==> Time-Iter. (s)              94.023

--------------------------------------------------------------------------------
CEO-ADAPT-VQE iteration: 149
--------------------------------------------------------------------------------
    gate        derivative      name       op1       op2       op3        g_unscaled   penalty
     886        0.00053019      a_ia       886                            0.00106038         2
     578        0.00028148      a_ia       578                            0.00056295         2
     360        0.00026627      a_ia       360                            0.00053254         2
     342        0.00022914      a_ia       342                            0.00045828         2
     883        0.00021259      a_ia       883                            0.00212592        10
     325        0.00017815      a_ia       325                            0.00605715        34
     558        0.00017262      a_ia       558                            0.00310716        18
     362       -0.00016903      a_ia       362                           -0.00135225         8
     749       -0.00016710      a_ia       749                           -0.00167096        10
   85215        0.00016589        op     33489     33490                  0.03102230       187

  ==> Add operator: a_ia 886
  ==> Current qubit order: 4  5  8  9  10  11  2  3  16  17  19  21  27  29  12  13  62  26  22  63  23  65  24  25  28  30  18  31  34  35  1  0  69  68  37  61  15  60  14  38  40  42  43  44  20  7  6  64  48  45  39  33  51  46  58  55  52  49  47  50  41  32  54  36  56  57  66  67  70  72  73  74  71  59  53  75  76  77  78  79  80  81  82  83  84  85  86  87  88  89  90  91  92  93  94  95  96  97  98  99  100  101  102  103  


  ==> Energy                -307.392660842
  ==> dE                       -5.48e-07
  ==> Gradient Norm             2.07e-01
  ==> Abs. Max. Deriv.          3.10e-02
  ==> Time-Grad. (s)             182.418
  ==> Time-Energy (s)              1.725
  ==> Time-Iter. (s)             185.696

--------------------------------------------------------------------------------
CEO-ADAPT-VQE iteration: 150
--------------------------------------------------------------------------------
    gate        derivative      name       op1       op2       op3        g_unscaled   penalty
   91922        0.00057829        op     38590     38591                  0.01908358        33
   91923        0.00057829        om     38590     38591                  0.01908358        33
   91467        0.00050156        om     38242     38243                  0.03661419        73
   91466        0.00049731        op     38242     38243                  0.03630377        73
   38242        0.00040965    a_iajb     38242                            0.03645898        89
   38590        0.00038946    a_iajb     38590                            0.01908358        49
     584        0.00027480      a_ia       584                            0.00054959         2
   91788        0.00026367        op     38483     38484                  0.00975564        37
   74790       -0.00026281        op     25637     25638                 -0.01445467        55
     364        0.00026171      a_ia       364                            0.00052342         2

  ==> Add operator: op -1: 38590 38591
  ==> Current qubit order: 4  5  8  9  10  11  2  3  16  17  19  21  27  29  12  13  62  26  22  63  23  65  24  25  28  30  18  31  34  35  69  68  1  0  37  61  15  60  14  38  40  42  43  44  20  7  6  64  48  45  39  33  51  46  58  55  52  49  47  50  41  32  54  36  56  57  66  67  70  72  73  74  71  59  53  75  76  77  78  79  80  81  82  83  84  85  86  87  88  89  90  91  92  93  94  95  96  97  98  99  100  101  102  103  


  ==> Energy                -307.392723987
  ==> dE                       -6.31e-05
  ==> Gradient Norm             2.23e-01
  ==> Abs. Max. Deriv.          3.66e-02
  ==> Time-Grad. (s)              98.986
  ==> Time-Energy (s)            275.332
  ==> Time-Iter. (s)             375.882

--------------------------------------------------------------------------------
CEO-ADAPT-VQE iteration: 151
--------------------------------------------------------------------------------
    gate        derivative      name       op1       op2       op3        g_unscaled   penalty
     348        0.00112318      a_ia       348                            0.00224635         2
     366        0.00108753      a_ia       366                            0.00217506         2
     530        0.00105616      a_ia       530                            0.00211232         2
     690        0.00065965      a_ia       690                            0.00923507        14
     901        0.00054296      a_ia       901                            0.00108593         2
     689       -0.00049929      a_ia       689                           -0.00099858         2
     531        0.00046161      a_ia       531                            0.00092322         2
   74497       -0.00032254        om     25337     25338                 -0.01773965        55
   74496       -0.00032153        op     25337     25338                 -0.01768416        55
     588        0.00028564      a_ia       588                            0.00057127         2

  ==> Add operator: a_ia 348
  ==> Current qubit order: 4  5  8  9  10  11  2  3  16  17  19  21  27  29  12  13  62  26  22  63  23  65  24  25  28  30  18  31  34  35  69  68  1  0  37  61  15  60  14  38  40  42  43  44  20  7  6  64  48  45  39  33  51  46  58  55  52  49  47  50  41  32  54  36  56  57  66  67  70  72  73  74  71  59  53  75  76  77  78  79  80  81  82  83  84  85  86  87  88  89  90  91  92  93  94  95  96  97  98  99  100  101  102  103  


  ==> Energy                -307.392724624
  ==> dE                       -6.37e-07
  ==> Gradient Norm             2.10e-01
  ==> Abs. Max. Deriv.          2.23e-02
  ==> Time-Grad. (s)              80.982
  ==> Time-Energy (s)              1.357
  ==> Time-Iter. (s)              84.044

--------------------------------------------------------------------------------
CEO-ADAPT-VQE iteration: 152
--------------------------------------------------------------------------------
    gate        derivative      name       op1       op2       op3        g_unscaled   penalty
     368        0.00106930      a_ia       368                            0.00213860         2
     532        0.00105460      a_ia       532                            0.00210919         2
     693        0.00065847      a_ia       693                            0.00921856        14
     904        0.00053912      a_ia       904                            0.00107824         2
     692       -0.00050172      a_ia       692                           -0.00100343         2
     533        0.00045985      a_ia       533                            0.00091970         2
     350        0.00032378      a_ia       350                            0.00064755         2
     590        0.00027310      a_ia       590                            0.00054620         2
   45167        0.00025160        om      3523      3524                  0.00628988        25
   45166        0.00025159        op      3523      3524                  0.00628973        25

  ==> Add operator: a_ia 368
  ==> Current qubit order: 4  5  8  9  10  11  2  3  16  17  19  21  27  29  12  13  62  26  22  63  23  65  24  25  28  30  18  31  34  35  69  68  1  0  37  61  15  60  14  38  40  42  43  44  20  7  6  64  48  45  39  33  51  46  58  55  52  49  47  50  41  32  54  36  56  57  66  67  70  72  73  74  71  59  53  75  76  77  78  79  80  81  82  83  84  85  86  87  88  89  90  91  92  93  94  95  96  97  98  99  100  101  102  103  


  ==> Energy                -307.392725157
  ==> dE                       -5.33e-07
  ==> Gradient Norm             1.97e-01
  ==> Abs. Max. Deriv.          2.23e-02
  ==> Time-Grad. (s)              94.831
  ==> Time-Energy (s)              1.056
  ==> Time-Iter. (s)              97.383

--------------------------------------------------------------------------------
CEO-ADAPT-VQE iteration: 153
--------------------------------------------------------------------------------
    gate        derivative      name       op1       op2       op3        g_unscaled   penalty
     536        0.00105337      a_ia       536                            0.00210674         2
     698        0.00065707      a_ia       698                            0.00919893        14
     912        0.00053553      a_ia       912                            0.00107105         2
     697       -0.00050486      a_ia       697                           -0.00100971         2
     537        0.00045879      a_ia       537                            0.00091757         2
     369        0.00033826      a_ia       369                            0.00067652         2
     351        0.00030712      a_ia       351                            0.00061424         2
     595        0.00026865      a_ia       595                            0.00053730         2
   45208        0.00025160        om      3538      3539                  0.00629006        25
   45207        0.00025160        op      3538      3539                  0.00628990        25

  ==> Add operator: a_ia 536
  ==> Current qubit order: 4  5  8  9  10  11  2  3  16  17  19  21  27  29  12  13  62  26  22  63  23  65  24  25  28  30  18  31  34  35  69  68  1  0  37  61  15  60  14  38  40  42  43  44  20  7  6  64  48  45  39  33  51  46  58  55  52  49  47  50  41  32  54  36  56  57  66  67  70  72  73  74  71  59  53  75  76  77  78  79  80  81  82  83  84  85  86  87  88  89  90  91  92  93  94  95  96  97  98  99  100  101  102  103  


  ==> Energy                -307.392725915
  ==> dE                       -7.59e-07
  ==> Gradient Norm             2.22e-01
  ==> Abs. Max. Deriv.          2.74e-02
  ==> Time-Grad. (s)              97.359
  ==> Time-Energy (s)              1.240
  ==> Time-Iter. (s)             100.086

--------------------------------------------------------------------------------
CEO-ADAPT-VQE iteration: 154
--------------------------------------------------------------------------------
    gate        derivative      name       op1       op2       op3        g_unscaled   penalty
     702        0.00065584      a_ia       702                            0.00918182        14
     916        0.00052382      a_ia       916                            0.00104764         2
     701       -0.00050187      a_ia       701                           -0.00100375         2
     541        0.00047655      a_ia       541                            0.00095309         2
     373        0.00033678      a_ia       373                            0.00067356         2
     354        0.00030531      a_ia       354                            0.00061062         2
     599        0.00027560      a_ia       599                            0.00055120         2
   45152        0.00025160        om      3551      3552                  0.00629005        25
   45151        0.00025160        op      3551      3552                  0.00628990        25
     579        0.00023189      a_ia       579                            0.00324644        14

  ==> Add operator: a_ia 702
  ==> Current qubit order: 4  5  8  9  10  11  2  3  16  17  19  21  27  29  12  13  62  26  22  63  23  65  24  25  28  30  18  31  34  35  69  68  1  0  37  61  15  60  14  38  40  42  43  44  20  7  6  64  48  45  39  33  51  46  55  52  49  47  50  41  58  32  54  36  56  57  66  67  70  72  73  74  71  59  53  75  76  77  78  79  80  81  82  83  84  85  86  87  88  89  90  91  92  93  94  95  96  97  98  99  100  101  102  103  


  ==> Energy                -307.392756164
  ==> dE                       -3.02e-05
  ==> Gradient Norm             2.14e-01
  ==> Abs. Max. Deriv.          2.23e-02
  ==> Time-Grad. (s)              91.320
  ==> Time-Energy (s)              1.678
  ==> Time-Iter. (s)              94.476

--------------------------------------------------------------------------------
CEO-ADAPT-VQE iteration: 155
--------------------------------------------------------------------------------
    gate        derivative      name       op1       op2       op3        g_unscaled   penalty
     543        0.00043610      a_ia       543                            0.00087220         2
     703       -0.00040248      a_ia       703                           -0.00080495         2
     601        0.00026273      a_ia       601                            0.00052545         2
   45093        0.00025159        om      3569      3570                  0.00628986        25
   45092        0.00025159        op      3569      3570                  0.00628970        25
     374        0.00025068      a_ia       374                            0.00050136         2
     355        0.00023930      a_ia       355                            0.00047860         2
    1011       -0.00022830      a_ia      1011                           -0.00136982         6
     581        0.00022312      a_ia       581                            0.00312362        14
     917        0.00021507      a_ia       917                            0.00215070        10

  ==> Add operator: a_ia 543
  ==> Current qubit order: 4  5  8  9  10  11  2  3  16  17  19  21  27  29  12  13  62  26  22  63  23  65  24  25  28  30  18  31  34  35  69  68  1  0  37  61  15  60  14  38  40  42  43  44  20  7  6  64  48  45  39  33  51  46  55  52  49  47  50  41  58  32  54  36  56  57  66  67  70  72  73  74  71  59  53  75  76  77  78  79  80  81  82  83  84  85  86  87  88  89  90  91  92  93  94  95  96  97  98  99  100  101  102  103  


  ==> Energy                -307.392756445
  ==> dE                       -2.80e-07
  ==> Gradient Norm             2.16e-01
  ==> Abs. Max. Deriv.          2.23e-02
  ==> Time-Grad. (s)             103.443
  ==> Time-Energy (s)              1.273
  ==> Time-Iter. (s)             106.169

--------------------------------------------------------------------------------
CEO-ADAPT-VQE iteration: 156
--------------------------------------------------------------------------------
    gate        derivative      name       op1       op2       op3        g_unscaled   penalty
     709       -0.00040379      a_ia       709                           -0.00080758         2
     606        0.00026631      a_ia       606                            0.00053262         2
   45170        0.00025159        om      3585      3586                  0.00628986        25
   45169        0.00025159        op      3585      3586                  0.00628970        25
     377        0.00024993      a_ia       377                            0.00049986         2
     357        0.00023813      a_ia       357                            0.00047626         2
    1018       -0.00022830      a_ia      1018                           -0.00136983         6
     586        0.00022299      a_ia       586                            0.00312181        14
     923        0.00021507      a_ia       923                            0.00215068        10
    1011        0.00020853      a_ia      1011                            0.00041707         2

  ==> Add operator: a_ia 709
  ==> Current qubit order: 4  5  8  9  10  11  2  3  16  17  19  21  27  29  12  13  62  26  22  63  23  65  24  25  28  30  18  31  34  35  69  68  1  0  37  61  15  60  14  38  40  42  43  44  20  7  6  64  48  45  39  33  51  46  55  52  49  47  50  41  58  32  54  36  56  57  66  67  70  72  73  74  71  59  53  75  76  77  78  79  80  81  82  83  84  85  86  87  88  89  90  91  92  93  94  95  96  97  98  99  100  101  102  103  


  ==> Energy                -307.392756446
  ==> dE                       -1.24e-09
  ==> Gradient Norm             2.11e-01
  ==> Abs. Max. Deriv.          2.23e-02
  ==> Time-Grad. (s)             181.172
  ==> Time-Energy (s)              1.287
  ==> Time-Iter. (s)             183.953

--------------------------------------------------------------------------------
CEO-ADAPT-VQE iteration: 157
--------------------------------------------------------------------------------
    gate        derivative      name       op1       op2       op3        g_unscaled   penalty
     710       -0.00043055      a_ia       710                           -0.00086109         2
   93186        0.00027366        op     39732     39733                  0.01505127        55
   93187        0.00027162        om     39732     39733                  0.01493886        55
     606        0.00026649      a_ia       606                            0.00053299         2
   45211        0.00025159        om      3597      3598                  0.00628985        25
   45210        0.00025159        op      3597      3598                  0.00628970        25
     377        0.00024974      a_ia       377                            0.00049948         2
     357        0.00023800      a_ia       357                            0.00047600         2
    1020       -0.00022830      a_ia      1020                           -0.00136983         6
   95392        0.00022323        op     41449     41450                  0.02388613       107

  ==> Add operator: a_ia 710
  ==> Current qubit order: 4  5  8  9  10  11  2  3  16  17  19  21  27  29  12  13  62  26  22  63  23  65  24  25  28  30  18  31  34  35  69  68  1  0  37  61  15  60  14  38  40  42  43  44  20  7  6  64  48  45  39  33  51  46  55  52  49  47  50  41  58  32  54  36  56  57  66  67  70  72  73  74  71  59  53  75  76  77  78  79  80  81  82  83  84  85  86  87  88  89  90  91  92  93  94  95  96  97  98  99  100  101  102  103  


  ==> Energy                -307.392756446
  ==> dE                       -3.41e-13
  ==> Gradient Norm             2.14e-01
  ==> Abs. Max. Deriv.          3.14e-02
  ==> Time-Grad. (s)              72.746
  ==> Time-Energy (s)              1.100
  ==> Time-Iter. (s)              75.772

--------------------------------------------------------------------------------
CEO-ADAPT-VQE iteration: 158
--------------------------------------------------------------------------------
    gate        derivative      name       op1       op2       op3        g_unscaled   penalty
     715       -0.00043055      a_ia       715                           -0.00086109         2
     611        0.00026649      a_ia       611                            0.00053299         2
   45174        0.00025159        om      3617      3618                  0.00628985        25
   45173        0.00025159        op      3617      3618                  0.00628970        25
     381        0.00024974      a_ia       381                            0.00049948         2
     361        0.00023800      a_ia       361                            0.00047600         2
    1028       -0.00022830      a_ia      1028                           -0.00136983         6
     591        0.00022300      a_ia       591                            0.00312203        14
     932        0.00021507      a_ia       932                            0.00215067        10
    1021        0.00020850      a_ia      1021                            0.00041700         2

  ==> Add operator: a_ia 715
  ==> Current qubit order: 4  5  8  9  10  11  2  3  16  17  19  21  27  29  12  13  62  26  22  63  23  65  24  25  28  30  18  31  34  35  69  68  1  0  37  61  15  60  14  38  40  42  43  44  20  7  6  64  48  45  39  33  51  46  55  52  49  47  50  41  58  32  54  36  56  57  66  67  70  72  73  74  71  59  53  75  76  77  78  79  80  81  82  83  84  85  86  87  88  89  90  91  92  93  94  95  96  97  98  99  100  101  102  103  


  ==> Energy                -307.392756446
  ==> dE                        0.00e+00
  ==> Gradient Norm             2.13e-01
  ==> Abs. Max. Deriv.          2.23e-02
  ==> Time-Grad. (s)              71.130
  ==> Time-Energy (s)              1.268
  ==> Time-Iter. (s)              73.874

--------------------------------------------------------------------------------
CEO-ADAPT-VQE iteration: 159
--------------------------------------------------------------------------------
    gate        derivative      name       op1       op2       op3        g_unscaled   penalty
     717       -0.00043055      a_ia       717                           -0.00086109         2
   94389       -0.00042916        om     40988     40989                 -0.02617871        61
   94388       -0.00042579        op     40988     40989                 -0.02597323        61
   40988       -0.00033865    a_iajb     40988                           -0.02607597        77
   94776       -0.00028423        op     41289     41290                 -0.02074860        73
     613        0.00026649      a_ia       613                            0.00053299         2
   94777       -0.00026130        om     41289     41290                 -0.01907515        73
   45123        0.00025159        om      3641      3642                  0.00628985        25
   45122        0.00025159        op      3641      3642                  0.00628970        25
     382        0.00024974      a_ia       382                            0.00049948         2

  ==> Add operator: a_ia 717
  ==> Current qubit order: 4  5  8  9  10  11  2  3  16  17  19  21  27  29  12  13  62  26  22  63  23  65  24  25  28  30  18  31  34  35  69  68  1  0  37  61  15  60  14  38  40  42  43  44  20  7  6  64  48  45  39  33  51  46  55  52  49  47  50  41  58  32  54  36  56  57  66  67  70  72  73  74  71  59  53  75  76  77  78  79  80  81  82  83  84  85  86  87  88  89  90  91  92  93  94  95  96  97  98  99  100  101  102  103  


  ==> Energy                -307.392756446
  ==> dE                        0.00e+00
  ==> Gradient Norm             2.10e-01
  ==> Abs. Max. Deriv.          2.62e-02
  ==> Time-Grad. (s)              77.305
  ==> Time-Energy (s)              1.257
  ==> Time-Iter. (s)              80.050

--------------------------------------------------------------------------------
CEO-ADAPT-VQE iteration: 160
--------------------------------------------------------------------------------
    gate        derivative      name       op1       op2       op3        g_unscaled   penalty
   94105        0.00058843        om     40703     40704                  0.01588760        27
   94104        0.00053856        op     40703     40704                  0.01454118        27
     720       -0.00043055      a_ia       720                           -0.00086109         2
   40703        0.00035382    a_iajb     40703                            0.01521439        43
     616        0.00026649      a_ia       616                            0.00053299         2
   45143        0.00025159        om      3657      3658                  0.00628985        25
   45142        0.00025159        op      3657      3658                  0.00628970        25
     384        0.00024974      a_ia       384                            0.00049948         2
     364        0.00023800      a_ia       364                            0.00047600         2
    1035       -0.00022830      a_ia      1035                           -0.00136983         6

  ==> Add operator: mvp2 -1: 40703 40704
  ==> Current qubit order: 4  5  8  9  10  11  2  3  16  17  19  21  27  29  12  13  62  26  22  63  23  65  24  25  28  30  18  31  34  35  69  68  1  0  37  61  15  60  14  38  40  42  43  44  20  7  6  64  48  45  39  33  51  46  55  52  47  49  50  41  58  32  54  36  56  57  66  67  70  72  73  74  71  59  53  75  76  77  78  79  80  81  82  83  84  85  86  87  88  89  90  91  92  93  94  95  96  97  98  99  100  101  102  103  


  ==> Energy                -307.392870145
  ==> dE                       -1.14e-04
  ==> Gradient Norm             2.14e-01
  ==> Abs. Max. Deriv.          2.23e-02
  ==> Time-Grad. (s)             194.290
  ==> Time-Energy (s)              2.104
  ==> Time-Iter. (s)             198.162

--------------------------------------------------------------------------------
CEO-ADAPT-VQE iteration: 161
--------------------------------------------------------------------------------
    gate        derivative      name       op1       op2       op3        g_unscaled   penalty
     721       -0.00050721      a_ia       721                           -0.00101442         2
     617        0.00025719      a_ia       617                            0.00051438         2
    1029        0.00025497      a_ia      1029                            0.00050994         2
   45158        0.00025164        om      3666      3667                  0.00629103        25
   45157        0.00025163        op      3666      3667                  0.00629087        25
     385        0.00024678      a_ia       385                            0.00049357         2
    1036       -0.00022987      a_ia      1036                           -0.00137925         6
     365        0.00022879      a_ia       365                            0.00045759         2
     940        0.00022871      a_ia       940                            0.00228708        10
     597        0.00022294      a_ia       597                            0.00312119        14

  ==> Add operator: a_ia 721
  ==> Current qubit order: 4  5  8  9  10  11  2  3  16  17  19  21  27  29  12  13  62  26  22  63  23  65  24  25  28  30  18  31  34  35  69  68  1  0  37  61  15  60  14  38  40  42  43  44  20  7  6  64  48  45  39  33  51  46  55  52  47  49  50  41  58  32  54  36  56  57  66  67  70  72  73  74  71  59  53  75  76  77  78  79  80  81  82  83  84  85  86  87  88  89  90  91  92  93  94  95  96  97  98  99  100  101  102  103  


  ==> Energy                -307.392870212
  ==> dE                       -6.71e-08
  ==> Gradient Norm             2.11e-01
  ==> Abs. Max. Deriv.          2.23e-02
  ==> Time-Grad. (s)              88.161
  ==> Time-Energy (s)              1.456
  ==> Time-Iter. (s)              91.105

--------------------------------------------------------------------------------
CEO-ADAPT-VQE iteration: 162
--------------------------------------------------------------------------------
    gate        derivative      name       op1       op2       op3        g_unscaled   penalty
     723       -0.00030279      a_ia       723                           -0.00060558         2
     619        0.00025582      a_ia       619                            0.00051163         2
    1034        0.00025521      a_ia      1034                            0.00051042         2
   45115        0.00025164        om      3682      3683                  0.00629105        25
   45114        0.00025164        op      3682      3683                  0.00629089        25
     387        0.00024822      a_ia       387                            0.00049644         2
    1041       -0.00022988      a_ia      1041                           -0.00137926         6
     367        0.00022979      a_ia       367                            0.00045959         2
     943        0.00022872      a_ia       943                            0.00228718        10
     599        0.00022282      a_ia       599                            0.00311950        14

  ==> Add operator: a_ia 723
  ==> Current qubit order: 4  5  8  9  10  11  2  3  16  17  19  21  27  29  12  13  62  26  22  63  23  65  24  25  28  30  18  31  34  35  69  68  1  0  37  61  15  60  14  38  40  42  43  44  20  7  6  64  48  45  39  33  51  46  55  52  47  49  50  41  58  32  54  36  56  57  66  67  70  72  73  74  71  59  53  75  76  77  78  79  80  81  82  83  84  85  86  87  88  89  90  91  92  93  94  95  96  97  98  99  100  101  102  103  


  ==> Energy                -307.392870212
  ==> dE                       -1.71e-13
  ==> Gradient Norm             2.07e-01
  ==> Abs. Max. Deriv.          2.23e-02
  ==> Time-Grad. (s)              82.849
  ==> Time-Energy (s)              1.062
  ==> Time-Iter. (s)              85.401

--------------------------------------------------------------------------------
CEO-ADAPT-VQE iteration: 163
--------------------------------------------------------------------------------
    gate        derivative      name       op1       op2       op3        g_unscaled   penalty
     724       -0.00030279      a_ia       724                           -0.00060558         2
     620        0.00025582      a_ia       620                            0.00051163         2
    1037        0.00025521      a_ia      1037                            0.00051042         2
   45115        0.00025164        om      3691      3692                  0.00629105        25
   45114        0.00025164        op      3691      3692                  0.00629089        25
   92780        0.00024870        op     39855     39856                  0.01765787        71
     388        0.00024822      a_ia       388                            0.00049644         2
    1044       -0.00022988      a_ia      1044                           -0.00137926         6
     367        0.00022979      a_ia       367                            0.00045959         2
     946        0.00022872      a_ia       946                            0.00228718        10

  ==> Add operator: a_ia 724
  ==> Current qubit order: 4  5  8  9  10  11  2  3  16  17  19  21  27  29  12  13  62  26  22  63  23  65  24  25  28  30  18  31  34  35  69  68  1  0  37  61  15  60  14  38  40  42  43  44  20  7  6  64  48  45  39  33  51  46  55  52  47  49  50  41  58  32  54  36  56  57  66  67  70  72  73  74  71  59  53  75  76  77  78  79  80  81  82  83  84  85  86  87  88  89  90  91  92  93  94  95  96  97  98  99  100  101  102  103  


  ==> Energy                -307.392870212
  ==> dE                        0.00e+00
  ==> Gradient Norm             2.14e-01
  ==> Abs. Max. Deriv.          2.23e-02
  ==> Time-Grad. (s)              88.409
  ==> Time-Energy (s)              1.056
  ==> Time-Iter. (s)              91.082

--------------------------------------------------------------------------------
CEO-ADAPT-VQE iteration: 164
--------------------------------------------------------------------------------
    gate        derivative      name       op1       op2       op3        g_unscaled   penalty
     725       -0.00030279      a_ia       725                           -0.00060558         2
     620        0.00025582      a_ia       620                            0.00051163         2
    1040        0.00025521      a_ia      1040                            0.00051042         2
   45105        0.00025164        om      3708      3709                  0.00629105        25
   45104        0.00025164        op      3708      3709                  0.00629089        25
     388        0.00024822      a_ia       388                            0.00049644         2
    1047       -0.00022988      a_ia      1047                           -0.00137926         6
   74384        0.00022982        op     25842     25843                  0.02367188       103
     367        0.00022979      a_ia       367                            0.00045959         2
     949        0.00022872      a_ia       949                            0.00228718        10

  ==> Add operator: a_ia 725
  ==> Current qubit order: 4  5  8  9  10  11  2  3  16  17  19  21  27  29  12  13  62  26  22  63  23  65  24  25  28  30  18  31  34  35  69  68  1  0  37  61  15  60  14  38  40  42  43  44  20  7  6  64  48  45  39  33  51  46  55  52  47  49  50  41  58  32  54  36  56  57  66  67  70  72  73  74  71  59  53  75  76  77  78  79  80  81  82  83  84  85  86  87  88  89  90  91  92  93  94  95  96  97  98  99  100  101  102  103  


  ==> Energy                -307.392870212
  ==> dE                        0.00e+00
  ==> Gradient Norm             2.05e-01
  ==> Abs. Max. Deriv.          2.39e-02
  ==> Time-Grad. (s)             164.183
  ==> Time-Energy (s)              1.081
  ==> Time-Iter. (s)             166.760

--------------------------------------------------------------------------------
CEO-ADAPT-VQE iteration: 165
--------------------------------------------------------------------------------
    gate        derivative      name       op1       op2       op3        g_unscaled   penalty
   90590        0.00032594        op     37975     37976                  0.02118617        65
     727       -0.00030279      a_ia       727                           -0.00060558         2
   90591        0.00029652        om     37975     37976                  0.01927408        65
     622        0.00025582      a_ia       622                            0.00051163         2
    1043        0.00025521      a_ia      1043                            0.00051042         2
   45191        0.00025164        om      3717      3718                  0.00629105        25
   45190        0.00025164        op      3717      3718                  0.00629089        25
   37975        0.00024975    a_iajb     37975                            0.02023012        81
     390        0.00024822      a_ia       390                            0.00049644         2
    1050       -0.00022988      a_ia      1050                           -0.00137926         6

  ==> Add operator: mvp2 -1: 37975 37976
  ==> Current qubit order: 4  5  8  9  10  11  2  3  16  17  19  21  27  29  12  13  62  26  22  63  23  65  24  25  28  30  18  31  34  35  69  68  1  0  37  61  15  60  14  38  40  42  43  44  20  7  6  64  48  45  39  51  46  55  52  47  49  50  41  58  33  32  54  53  36  56  57  66  67  70  72  73  74  71  59  75  76  77  78  79  80  81  82  83  84  85  86  87  88  89  90  91  92  93  94  95  96  97  98  99  100  101  102  103  


  ==> Energy                -307.393044321
  ==> dE                       -1.74e-04
  ==> Gradient Norm             2.18e-01
  ==> Abs. Max. Deriv.          2.36e-02
  ==> Time-Grad. (s)             181.386
  ==> Time-Energy (s)              2.699
  ==> Time-Iter. (s)             185.536

--------------------------------------------------------------------------------
CEO-ADAPT-VQE iteration: 166
--------------------------------------------------------------------------------
    gate        derivative      name       op1       op2       op3        g_unscaled   penalty
     731       -0.00081354      a_ia       731                           -0.00162707         2
     958        0.00029091      a_ia       958                            0.00232729         8
     626        0.00027355      a_ia       626                            0.00054710         2
     751       -0.00025334      a_ia       751                           -0.00152006         6
   45143        0.00025167        om      3729      3730                  0.00629178        25
   45142        0.00025166        op      3729      3730                  0.00629162        25
     393        0.00024598      a_ia       393                            0.00049196         2
     959        0.00023562      a_ia       959                            0.00094248         4
     372        0.00022966      a_ia       372                            0.00045932         2
     606        0.00022445      a_ia       606                            0.00314230        14

  ==> Add operator: a_ia 731
  ==> Current qubit order: 4  5  8  9  10  11  2  3  16  17  19  21  27  29  12  13  62  26  22  63  23  65  24  25  28  30  18  31  34  35  69  68  1  0  37  61  15  60  14  38  40  42  43  44  20  7  6  64  48  45  39  51  46  55  52  47  49  50  41  58  33  32  54  53  36  56  57  66  67  70  72  73  74  71  59  75  76  77  78  79  80  81  82  83  84  85  86  87  88  89  90  91  92  93  94  95  96  97  98  99  100  101  102  103  


  ==> Energy                -307.393044971
  ==> dE                       -6.50e-07
  ==> Gradient Norm             2.23e-01
  ==> Abs. Max. Deriv.          4.59e-02
  ==> Time-Grad. (s)              71.246
  ==> Time-Energy (s)              1.986
  ==> Time-Iter. (s)              74.689

--------------------------------------------------------------------------------
CEO-ADAPT-VQE iteration: 167
--------------------------------------------------------------------------------
    gate        derivative      name       op1       op2       op3        g_unscaled   penalty
   80648       -0.00041640        om     30385     30386                 -0.01374124        33
   80647       -0.00041012        op     30385     30386                 -0.01353410        33
     960        0.00029095      a_ia       960                            0.00232757         8
   30385       -0.00027832    a_iajb     30385                           -0.01363767        49
     627        0.00026806      a_ia       627                            0.00053612         2
     394        0.00025172      a_ia       394                            0.00050344         2
   45226        0.00025167        om      3741      3742                  0.00629184        25
   45225        0.00025167        op      3741      3742                  0.00629168        25
     961        0.00024613      a_ia       961                            0.00098452         4
     752       -0.00024511      a_ia       752                           -0.00147063         6

  ==> Add operator: mvp2 -1: 30385 30386
  ==> Current qubit order: 4  5  8  9  10  11  2  3  16  17  19  21  27  29  12  13  62  26  22  63  23  65  24  25  28  30  18  31  34  35  69  1  0  37  68  61  15  14  60  38  40  42  43  44  20  7  6  64  48  45  39  51  46  55  52  47  49  50  41  58  33  32  54  53  36  56  57  66  67  70  72  73  74  71  59  75  76  77  78  79  80  81  82  83  84  85  86  87  88  89  90  91  92  93  94  95  96  97  98  99  100  101  102  103  


  ==> Energy                -307.393085465
  ==> dE                       -4.05e-05
  ==> Gradient Norm             2.21e-01
  ==> Abs. Max. Deriv.          2.43e-02
  ==> Time-Grad. (s)              71.998
  ==> Time-Energy (s)              2.278
  ==> Time-Iter. (s)              75.732

--------------------------------------------------------------------------------
CEO-ADAPT-VQE iteration: 168
--------------------------------------------------------------------------------
    gate        derivative      name       op1       op2       op3        g_unscaled   penalty
     394       -0.00066585      a_ia       394                           -0.00133170         2
     375       -0.00063796      a_ia       375                           -0.00382777         6
   91304        0.00032313        om     38567     38568                  0.01583326        49
   91303        0.00032310        op     38567     38568                  0.01583193        49
     960        0.00029058      a_ia       960                            0.00232465         8
     627        0.00028263      a_ia       627                            0.00056526         2
     752       -0.00025008      a_ia       752                           -0.00150047         6
     961        0.00024572      a_ia       961                            0.00098289         4
   38567        0.00024358    a_iajb     38567                            0.01583259        65
     607        0.00022580      a_ia       607                            0.00316119        14

  ==> Add operator: a_ia 394
  ==> Current qubit order: 4  5  8  9  10  11  2  3  16  17  19  21  27  29  12  13  62  26  22  63  23  65  24  25  28  30  18  31  34  35  69  1  0  37  68  61  15  14  60  38  40  42  43  44  20  7  6  64  48  45  39  51  46  55  52  47  49  50  41  58  33  32  54  53  36  56  57  66  67  70  72  73  74  71  59  75  76  77  78  79  80  81  82  83  84  85  86  87  88  89  90  91  92  93  94  95  96  97  98  99  100  101  102  103  


  ==> Energy                -307.393086060
  ==> dE                       -5.95e-07
  ==> Gradient Norm             2.08e-01
  ==> Abs. Max. Deriv.          2.23e-02
  ==> Time-Grad. (s)              81.669
  ==> Time-Energy (s)              1.171
  ==> Time-Iter. (s)              84.277

--------------------------------------------------------------------------------
CEO-ADAPT-VQE iteration: 169
--------------------------------------------------------------------------------
    gate        derivative      name       op1       op2       op3        g_unscaled   penalty
     376       -0.00064120      a_ia       376                           -0.00384718         6
   90683        0.00044862        om     37958     37959                  0.03633847        81
   90682        0.00044067        op     37958     37959                  0.03569420        81
   91051        0.00042345        om     38233     38234                  0.01990220        47
   91050        0.00040926        op     38233     38234                  0.01923541        47
   37958        0.00037130    a_iajb     37958                            0.03601634        97
   38233        0.00031062    a_iajb     38233                            0.01956881        63
     965        0.00029057      a_ia       965                            0.00232455         8
     630        0.00028729      a_ia       630                            0.00057459         2
     756       -0.00025200      a_ia       756                           -0.00151197         6

  ==> Add operator: a_ia 376
  ==> Current qubit order: 4  5  8  9  10  11  2  3  16  17  19  21  27  29  12  13  62  26  22  63  23  65  24  25  28  30  18  31  34  35  69  1  0  37  61  15  68  14  60  38  40  42  43  44  20  7  6  64  48  45  39  51  46  55  52  47  49  50  41  58  33  32  54  53  36  56  57  66  67  70  72  73  74  71  59  75  76  77  78  79  80  81  82  83  84  85  86  87  88  89  90  91  92  93  94  95  96  97  98  99  100  101  102  103  


  ==> Energy                -307.393088724
  ==> dE                       -2.66e-06
  ==> Gradient Norm             2.10e-01
  ==> Abs. Max. Deriv.          3.63e-02
  ==> Time-Grad. (s)              82.341
  ==> Time-Energy (s)              1.682
  ==> Time-Iter. (s)              85.489

--------------------------------------------------------------------------------
CEO-ADAPT-VQE iteration: 170
--------------------------------------------------------------------------------
    gate        derivative      name       op1       op2       op3        g_unscaled   penalty
     969        0.00029060      a_ia       969                            0.00232484         8
   91146       -0.00026539        om     38385     38386                 -0.01671979        63
     632        0.00026041      a_ia       632                            0.00052081         2
   91145       -0.00025970        op     38385     38386                 -0.01636139        63
     376        0.00024980      a_ia       376                            0.00049959         2
     970        0.00024671      a_ia       970                            0.00098684         4
     758       -0.00024429      a_ia       758                           -0.00146574         6
     612        0.00022312      a_ia       612                            0.00312366        14
   38385       -0.00020937    a_iajb     38385                           -0.01654059        79
     572        0.00020329      a_ia       572                            0.00040659         2

  ==> Add operator: a_ia 969
  ==> Current qubit order: 4  5  8  9  10  11  2  3  16  17  19  21  27  29  12  13  62  26  22  63  23  65  24  25  28  30  18  31  34  35  69  1  0  37  61  15  68  14  60  38  40  42  43  44  20  7  6  64  45  39  51  48  46  55  52  47  49  50  41  58  33  32  54  53  36  56  57  66  67  70  72  73  74  71  59  75  76  77  78  79  80  81  82  83  84  85  86  87  88  89  90  91  92  93  94  95  96  97  98  99  100  101  102  103  


  ==> Energy                -307.393322015
  ==> dE                       -2.33e-04
  ==> Gradient Norm             2.09e-01
  ==> Abs. Max. Deriv.          2.51e-02
  ==> Time-Grad. (s)              79.422
  ==> Time-Energy (s)              1.165
  ==> Time-Iter. (s)              82.046

--------------------------------------------------------------------------------
CEO-ADAPT-VQE iteration: 171
--------------------------------------------------------------------------------
    gate        derivative      name       op1       op2       op3        g_unscaled   penalty
     971        0.00035734      a_ia       971                            0.00142937         4
   90362       -0.00033095        op     38079     38080                 -0.02018786        61
   90363       -0.00033034        om     38079     38080                 -0.02015077        61
    1002       -0.00029203      a_ia      1002                           -0.00175220         6
     632        0.00026862      a_ia       632                            0.00053725         2
   38079       -0.00026194    a_iajb     38079                           -0.02016931        77
     376        0.00025936      a_ia       376                            0.00051872         2
    1059       -0.00025124      a_ia      1059                           -0.00803962        32
   92303       -0.00024676        om     39560     39561                 -0.01209147        49
   74236       -0.00024492        op     25730     25731                 -0.01493983        61

  ==> Add operator: a_ia 971
  ==> Current qubit order: 4  5  8  9  10  11  2  3  16  17  19  21  27  29  12  13  62  26  22  63  23  65  24  25  28  30  18  31  34  35  69  1  0  37  61  15  68  14  60  38  40  42  43  44  20  7  6  64  45  39  51  48  55  46  52  47  49  50  41  58  33  32  54  53  36  56  57  66  67  70  72  73  74  71  59  75  76  77  78  79  80  81  82  83  84  85  86  87  88  89  90  91  92  93  94  95  96  97  98  99  100  101  102  103  


  ==> Energy                -307.393323729
  ==> dE                       -1.71e-06
  ==> Gradient Norm             2.20e-01
  ==> Abs. Max. Deriv.          2.23e-02
  ==> Time-Grad. (s)             161.669
  ==> Time-Energy (s)              1.217
  ==> Time-Iter. (s)             164.325

--------------------------------------------------------------------------------
CEO-ADAPT-VQE iteration: 172
--------------------------------------------------------------------------------
    gate        derivative      name       op1       op2       op3        g_unscaled   penalty
     635        0.00030982      a_ia       635                            0.00061964         2
    1007       -0.00029701      a_ia      1007                           -0.00178207         6
     377        0.00026483      a_ia       377                            0.00052966         2
    1064       -0.00025119      a_ia      1064                           -0.00803806        32
     763       -0.00024300      a_ia       763                           -0.00145802         6
     615        0.00022757      a_ia       615                            0.00318600        14
     575        0.00021237      a_ia       575                            0.00042473         2
    1006        0.00021119      a_ia      1006                            0.00253431        12
     357        0.00020450      a_ia       357                            0.00613488        30
    1148       -0.00020043      a_ia      1148                           -0.00080171         4

  ==> Add operator: a_ia 635
  ==> Current qubit order: 4  5  8  9  10  11  2  3  16  17  19  21  27  29  12  13  62  26  22  63  23  65  24  25  28  30  18  31  34  35  69  1  0  37  61  15  68  14  60  38  40  42  43  44  20  7  6  64  45  39  51  48  55  46  52  47  49  50  41  58  33  32  54  53  36  56  57  66  67  70  72  73  74  71  59  75  76  77  78  79  80  81  82  83  84  85  86  87  88  89  90  91  92  93  94  95  96  97  98  99  100  101  102  103  


  ==> Energy                -307.393323729
  ==> dE                       -1.08e-12
  ==> Gradient Norm             2.04e-01
  ==> Abs. Max. Deriv.          2.71e-02
  ==> Time-Grad. (s)              70.434
  ==> Time-Energy (s)              1.444
  ==> Time-Iter. (s)              73.310

--------------------------------------------------------------------------------
CEO-ADAPT-VQE iteration: 173
--------------------------------------------------------------------------------
    gate        derivative      name       op1       op2       op3        g_unscaled   penalty
   94461        0.00035694        op     40859     40860                  0.01392050        39
     636        0.00030982      a_ia       636                            0.00061964         2
    1012       -0.00029701      a_ia      1012                           -0.00178207         6
   94462        0.00028606        om     40859     40860                  0.01115627        39
     378        0.00026483      a_ia       378                            0.00052966         2
    1069       -0.00025119      a_ia      1069                           -0.00803806        32
     766       -0.00024300      a_ia       766                           -0.00145802         6
   40859        0.00022797    a_iajb     40859                            0.01253839        55
     616        0.00022757      a_ia       616                            0.00318600        14
     576        0.00021237      a_ia       576                            0.00042473         2

  ==> Add operator: mvp2 -1: 40859 40860
  ==> Current qubit order: 4  5  8  9  10  11  2  3  16  17  19  21  27  29  12  13  62  26  22  63  23  65  24  25  28  30  18  31  34  35  69  1  0  37  61  15  68  14  60  38  40  42  43  44  20  7  6  64  45  39  51  48  55  46  52  47  53  49  50  41  58  33  32  54  36  56  57  66  67  70  72  73  74  71  59  75  76  77  78  79  80  81  82  83  84  85  86  87  88  89  90  91  92  93  94  95  96  97  98  99  100  101  102  103  


  ==> Energy                -307.393595266
  ==> dE                       -2.72e-04
  ==> Gradient Norm             2.05e-01
  ==> Abs. Max. Deriv.          2.23e-02
  ==> Time-Grad. (s)              71.086
  ==> Time-Energy (s)              2.102
  ==> Time-Iter. (s)              74.621

--------------------------------------------------------------------------------
CEO-ADAPT-VQE iteration: 174
--------------------------------------------------------------------------------
    gate        derivative      name       op1       op2       op3        g_unscaled   penalty
    1003        0.00163335      a_ia      1003                            0.00326671         2
    1017       -0.00034540      a_ia      1017                           -0.00207242         6
     985       -0.00033579      a_ia       985                           -0.00067159         2
     641        0.00025561      a_ia       641                            0.00051121         2
    1074       -0.00025446      a_ia      1074                           -0.00814274        32
   75693       -0.00024266        op     26591     26592                 -0.01480226        61
   75694       -0.00024263        om     26591     26592                 -0.01480062        61
     382        0.00023440      a_ia       382                            0.00046880         2
     621        0.00022259      a_ia       621                            0.00311620        14
     581        0.00021907      a_ia       581                            0.00043813         2

  ==> Add operator: a_ia 1003
  ==> Current qubit order: 4  5  8  9  10  11  2  3  16  17  19  21  27  29  12  13  62  26  22  63  23  65  24  25  28  30  18  31  34  35  69  1  0  37  61  15  68  14  60  38  40  42  43  44  20  7  6  64  45  39  51  48  55  46  52  47  53  49  50  41  58  33  32  54  36  56  57  66  67  70  72  73  74  71  59  75  76  77  78  79  80  81  82  83  84  85  86  87  88  89  90  91  92  93  94  95  96  97  98  99  100  101  102  103  


  ==> Energy                -307.393603536
  ==> dE                       -8.27e-06
  ==> Gradient Norm             2.08e-01
  ==> Abs. Max. Deriv.          2.23e-02
  ==> Time-Grad. (s)              67.656
  ==> Time-Energy (s)              1.239
  ==> Time-Iter. (s)              70.328

--------------------------------------------------------------------------------
CEO-ADAPT-VQE iteration: 175
--------------------------------------------------------------------------------
    gate        derivative      name       op1       op2       op3        g_unscaled   penalty
     757        0.00358651      a_ia       757                            0.00717302         2
     585        0.00232155      a_ia       585                            0.00464311         2
     388        0.00230644      a_ia       388                            0.00461289         2
     407       -0.00205328      a_ia       407                           -0.00410655         2
     586       -0.00091342      a_ia       586                           -0.00182685         2
   94812        0.00042167        om     41235     41236                  0.02909494        69
   94811        0.00041552        op     41235     41236                  0.02867083        69
    1024       -0.00040937      a_ia      1024                           -0.00245619         6
     173        0.00036410      a_ia       173                            0.00072819         2
     386       -0.00034340      a_ia       386                           -0.00068680         2

  ==> Add operator: a_ia 757
  ==> Current qubit order: 4  5  8  9  10  11  2  3  16  17  19  21  27  29  12  13  62  26  22  63  23  65  24  25  28  30  18  31  34  35  69  1  0  37  61  15  68  14  60  38  40  42  43  44  20  7  6  64  45  39  51  48  55  46  52  47  53  49  50  41  58  33  32  54  36  56  57  66  67  70  72  73  74  71  59  75  76  77  78  79  80  81  82  83  84  85  86  87  88  89  90  91  92  93  94  95  96  97  98  99  100  101  102  103  


  ==> Energy                -307.394246081
  ==> dE                       -2.39e-05
  ==> Gradient Norm             2.08e-01
  ==> Abs. Max. Deriv.          2.91e-02
  ==> Time-Grad. (s)             100.245
  ==> Time-Energy (s)            459.896
  ==> Time-Iter. (s)             561.823

--------------------------------------------------------------------------------
CEO-ADAPT-VQE iteration: 176
--------------------------------------------------------------------------------
    gate        derivative      name       op1       op2       op3        g_unscaled   penalty
     588        0.00180836      a_ia       588                            0.00361671         2
     389        0.00092493      a_ia       389                            0.00184987         2
     387        0.00050419      a_ia       387                            0.00100839         2
    1028       -0.00039252      a_ia      1028                           -0.00235511         6
     761        0.00037189      a_ia       761                            0.00148754         4
   84931        0.00035817        om     33490     33491                  0.03975653       111
   84930        0.00034862        op     33490     33491                  0.03869658       111
     589       -0.00034426      a_ia       589                           -0.00068852         2
   73899       -0.00031115        om     25209     25210                 -0.01773573        57
   73898       -0.00031090        op     25209     25210                 -0.01772146        57

  ==> Add operator: a_ia 588
  ==> Current qubit order: 4  5  8  9  10  11  2  3  16  17  19  21  27  29  12  13  62  26  22  63  23  65  24  25  28  30  18  31  34  35  69  1  0  37  61  15  68  14  60  38  40  42  43  44  20  7  6  64  45  39  51  48  55  46  52  47  53  49  50  41  58  33  32  54  36  56  57  66  67  70  72  73  74  71  59  75  76  77  78  79  80  81  82  83  84  85  86  87  88  89  90  91  92  93  94  95  96  97  98  99  100  101  102  103  


  ==> Energy                -307.394249378
  ==> dE                       -3.30e-06
  ==> Gradient Norm             2.28e-01
  ==> Abs. Max. Deriv.          3.98e-02
  ==> Time-Grad. (s)             101.583
  ==> Time-Energy (s)              1.792
  ==> Time-Iter. (s)             105.040

--------------------------------------------------------------------------------
CEO-ADAPT-VQE iteration: 177
--------------------------------------------------------------------------------
    gate        derivative      name       op1       op2       op3        g_unscaled   penalty
     389        0.00093285      a_ia       389                            0.00186570         2
     387        0.00050047      a_ia       387                            0.00100094         2
    1029       -0.00039253      a_ia      1029                           -0.00235517         6
     762        0.00036307      a_ia       762                            0.00145228         4
     590       -0.00030964      a_ia       590                           -0.00061928         2
     761       -0.00028949      a_ia       761                           -0.00057898         2
     649        0.00027748      a_ia       649                            0.00055496         2
    1090       -0.00026087      a_ia      1090                           -0.00208699         8
     411       -0.00025898      a_ia       411                           -0.00258980        10
   87703        0.00023854        op     35756     35757                  0.02456932       103

  ==> Add operator: a_ia 389
  ==> Current qubit order: 4  5  8  9  10  11  2  3  16  17  19  21  27  29  12  13  62  26  22  63  23  65  24  25  28  30  18  31  34  35  69  1  0  37  61  15  68  14  60  38  40  42  43  44  20  7  6  64  45  39  51  48  55  46  52  47  53  49  50  41  58  33  32  54  36  56  57  66  67  70  72  73  74  71  59  75  76  77  78  79  80  81  82  83  84  85  86  87  88  89  90  91  92  93  94  95  96  97  98  99  100  101  102  103  


  ==> Energy                -307.394250120
  ==> dE                       -7.42e-07
  ==> Gradient Norm             2.08e-01
  ==> Abs. Max. Deriv.          2.46e-02
  ==> Time-Grad. (s)             116.479
  ==> Time-Energy (s)              1.745
  ==> Time-Iter. (s)             119.699

--------------------------------------------------------------------------------
CEO-ADAPT-VQE iteration: 178
--------------------------------------------------------------------------------
    gate        derivative      name       op1       op2       op3        g_unscaled   penalty
     388        0.00048440      a_ia       388                            0.00096879         2
    1032       -0.00039141      a_ia      1032                           -0.00234844         6
     765        0.00036880      a_ia       765                            0.00147519         4
     592       -0.00031243      a_ia       592                           -0.00062487         2
     652        0.00029151      a_ia       652                            0.00058301         2
     764       -0.00028840      a_ia       764                           -0.00057680         2
     412       -0.00026452      a_ia       412                           -0.00264518        10
    1093       -0.00026085      a_ia      1093                           -0.00208681         8
   94288       -0.00024867        om     40789     40790                 -0.00920061        37
   94308       -0.00024181        om     40806     40807                 -0.02200510        91

  ==> Add operator: a_ia 388
  ==> Current qubit order: 4  5  8  9  10  11  2  3  16  17  19  21  27  29  12  13  62  26  22  63  23  65  24  25  28  30  18  31  34  35  69  1  0  37  61  15  68  14  60  38  40  42  43  44  20  7  6  64  45  39  51  48  55  46  52  47  53  49  50  41  58  33  32  54  36  56  57  66  67  70  72  73  74  71  59  75  76  77  78  79  80  81  82  83  84  85  86  87  88  89  90  91  92  93  94  95  96  97  98  99  100  101  102  103  


  ==> Energy                -307.394250190
  ==> dE                       -7.01e-08
  ==> Gradient Norm             2.29e-01
  ==> Abs. Max. Deriv.          2.27e-02
  ==> Time-Grad. (s)              88.502
  ==> Time-Energy (s)              2.039
  ==> Time-Iter. (s)              92.024

--------------------------------------------------------------------------------
CEO-ADAPT-VQE iteration: 179
--------------------------------------------------------------------------------
    gate        derivative      name       op1       op2       op3        g_unscaled   penalty
    1039       -0.00039153      a_ia      1039                           -0.00234919         6
   90905       -0.00038468        op     38292     38293                 -0.02346540        61
   90906       -0.00038338        om     38292     38293                 -0.02338635        61
     771        0.00036743      a_ia       771                            0.00146971         4
     598       -0.00031302      a_ia       598                           -0.00062604         2
   38292       -0.00030423    a_iajb     38292                           -0.02342588        77
     770       -0.00028921      a_ia       770                           -0.00057842         2
     658        0.00028733      a_ia       658                            0.00057466         2
     415       -0.00026385      a_ia       415                           -0.00263847        10
    1101       -0.00026085      a_ia      1101                           -0.00208679         8

  ==> Add operator: a_ia 1039
  ==> Current qubit order: 4  5  8  9  10  11  2  3  16  17  19  21  27  29  12  13  62  26  22  63  23  65  24  25  28  30  18  31  34  35  69  1  0  37  61  15  68  14  60  38  40  42  43  44  20  7  6  64  45  39  51  55  46  48  52  47  53  49  50  41  58  33  32  54  36  56  57  66  67  70  72  73  74  71  59  75  76  77  78  79  80  81  82  83  84  85  86  87  88  89  90  91  92  93  94  95  96  97  98  99  100  101  102  103  


  ==> Energy                -307.394254907
  ==> dE                       -4.72e-06
  ==> Gradient Norm             2.03e-01
  ==> Abs. Max. Deriv.          2.35e-02
  ==> Time-Grad. (s)             148.425
  ==> Time-Energy (s)              2.253
  ==> Time-Iter. (s)             152.107

--------------------------------------------------------------------------------
CEO-ADAPT-VQE iteration: 180
--------------------------------------------------------------------------------
    gate        derivative      name       op1       op2       op3        g_unscaled   penalty
    1007        0.00040374      a_ia      1007                            0.00080748         2
     772        0.00035107      a_ia       772                            0.00140430         4
     598       -0.00032824      a_ia       598                           -0.00065647         2
     658        0.00031350      a_ia       658                            0.00062701         2
     771       -0.00030043      a_ia       771                           -0.00060085         2
   93194        0.00027266        om     39703     39704                  0.02263087        83
   93193        0.00027039        op     39703     39704                  0.02244268        83
     415       -0.00026838      a_ia       415                           -0.00268377        10
    1039        0.00025392      a_ia      1039                            0.00253923        10
     638        0.00022832      a_ia       638                            0.00319654        14

  ==> Add operator: a_ia 1007
  ==> Current qubit order: 4  5  8  9  10  11  2  3  16  17  19  21  27  29  12  13  62  26  22  63  23  65  24  25  28  30  18  31  34  35  69  1  0  37  61  15  68  14  60  38  40  42  43  44  20  7  6  64  45  39  51  55  46  48  52  47  53  49  50  41  58  33  32  54  36  56  57  66  67  70  72  73  74  71  59  75  76  77  78  79  80  81  82  83  84  85  86  87  88  89  90  91  92  93  94  95  96  97  98  99  100  101  102  103  


  ==> Energy                -307.394279895
  ==> dE                       -2.50e-05
  ==> Gradient Norm             2.25e-01
  ==> Abs. Max. Deriv.          2.42e-02
  ==> Time-Grad. (s)              95.651
  ==> Time-Energy (s)              1.881
  ==> Time-Iter. (s)              99.124

--------------------------------------------------------------------------------
CEO-ADAPT-VQE iteration: 181
--------------------------------------------------------------------------------
    gate        derivative      name       op1       op2       op3        g_unscaled   penalty
   95015       -0.00055474        op     41261     41262                 -0.02607294        47
   95016       -0.00051342        om     41261     41262                 -0.02413067        47
   41261       -0.00039844    a_iajb     41261                           -0.02510180        63
     775        0.00034873      a_ia       775                            0.00139493         4
     601       -0.00032566      a_ia       601                           -0.00065132         2
     661        0.00031048      a_ia       661                            0.00062096         2
     774       -0.00029562      a_ia       774                           -0.00059125         2
     417       -0.00026915      a_ia       417                           -0.00269147        10
   86246       -0.00024855        om     34546     34547                 -0.01118474        45
   86245       -0.00024830        op     34546     34547                 -0.01117370        45

  ==> Add operator: mvp2 -1: 41261 41262
  ==> Current qubit order: 4  5  8  9  10  11  2  3  16  17  19  21  27  29  12  13  62  26  22  63  23  65  24  25  28  30  18  31  34  35  69  1  0  37  61  15  68  14  60  38  40  42  43  44  20  7  6  64  45  39  46  51  55  52  50  48  47  53  49  41  58  33  32  54  36  56  57  66  67  70  72  73  74  71  59  75  76  77  78  79  80  81  82  83  84  85  86  87  88  89  90  91  92  93  94  95  96  97  98  99  100  101  102  103  


  ==> Energy                -307.394657955
  ==> dE                       -3.78e-04
  ==> Gradient Norm             2.15e-01
  ==> Abs. Max. Deriv.          2.61e-02
  ==> Time-Grad. (s)              94.117
  ==> Time-Energy (s)              3.912
  ==> Time-Iter. (s)              99.478

--------------------------------------------------------------------------------
CEO-ADAPT-VQE iteration: 182
--------------------------------------------------------------------------------
    gate        derivative      name       op1       op2       op3        g_unscaled   penalty
    1044        0.00102085      a_ia      1044                            0.00204170         2
    1088        0.00056285      a_ia      1088                            0.00112569         2
    1108       -0.00042853      a_ia      1108                           -0.00428532        10
     777        0.00037641      a_ia       777                            0.00150562         4
     603       -0.00032767      a_ia       603                           -0.00065534         2
     663        0.00029179      a_ia       663                            0.00058357         2
     418       -0.00026987      a_ia       418                           -0.00269874        10
     776       -0.00026036      a_ia       776                           -0.00052071         2
    1030        0.00025472      a_ia      1030                            0.00254717        10
     643        0.00022741      a_ia       643                            0.00318370        14

  ==> Add operator: a_ia 1044
  ==> Current qubit order: 4  5  8  9  10  11  2  3  16  17  19  21  27  29  12  13  62  26  22  63  23  65  24  25  28  30  18  31  34  35  69  1  0  37  61  15  68  14  60  38  40  42  43  44  20  7  6  64  45  39  46  51  55  52  50  48  47  53  49  41  58  33  32  54  36  56  57  66  67  70  72  73  74  71  59  75  76  77  78  79  80  81  82  83  84  85  86  87  88  89  90  91  92  93  94  95  96  97  98  99  100  101  102  103  


  ==> Energy                -307.394749292
  ==> dE                       -9.13e-05
  ==> Gradient Norm             2.16e-01
  ==> Abs. Max. Deriv.          3.74e-02
  ==> Time-Grad. (s)              87.978
  ==> Time-Energy (s)              2.334
  ==> Time-Iter. (s)              91.735

--------------------------------------------------------------------------------
CEO-ADAPT-VQE iteration: 183
--------------------------------------------------------------------------------
    gate        derivative      name       op1       op2       op3        g_unscaled   penalty
    1092        0.00062864      a_ia      1092                            0.00125727         2
    1112       -0.00043645      a_ia      1112                           -0.00436453        10
     780        0.00038358      a_ia       780                            0.00153430         4
     605       -0.00032610      a_ia       605                           -0.00065219         2
     665        0.00028617      a_ia       665                            0.00057234         2
     779       -0.00028354      a_ia       779                           -0.00056708         2
     420       -0.00026733      a_ia       420                           -0.00267328        10
    1034        0.00022986      a_ia      1034                            0.00229855        10
     645        0.00022611      a_ia       645                            0.00316553        14
     799        0.00022403      a_ia       799                            0.00179221         8

  ==> Add operator: a_ia 1092
  ==> Current qubit order: 4  5  8  9  10  11  2  3  16  17  19  21  27  29  12  13  62  26  22  63  23  65  24  25  28  30  18  31  34  35  69  1  0  37  61  15  68  14  60  38  40  42  43  44  20  7  6  64  45  39  46  51  55  52  50  48  47  53  49  41  58  33  32  54  36  56  57  66  67  70  72  73  74  71  59  75  76  77  78  79  80  81  82  83  84  85  86  87  88  89  90  91  92  93  94  95  96  97  98  99  100  101  102  103  


  ==> Energy                -307.394750081
  ==> dE                       -7.89e-07
  ==> Gradient Norm             2.03e-01
  ==> Abs. Max. Deriv.          2.65e-02
  ==> Time-Grad. (s)              88.742
  ==> Time-Energy (s)              1.992
  ==> Time-Iter. (s)              92.166

--------------------------------------------------------------------------------
CEO-ADAPT-VQE iteration: 184
--------------------------------------------------------------------------------
    gate        derivative      name       op1       op2       op3        g_unscaled   penalty
    1116       -0.00043701      a_ia      1116                           -0.00437010        10
     781        0.00038160      a_ia       781                            0.00152640         4
     606       -0.00030416      a_ia       606                           -0.00060833         2
     780       -0.00028537      a_ia       780                           -0.00057075         2
     420       -0.00026810      a_ia       420                           -0.00268100        10
     666        0.00026191      a_ia       666                            0.00052383         2
   85623        0.00023918        op     34149     34150                  0.01363303        57
   85624        0.00023918        op     34149     34150                  0.01363303        57
   85627        0.00023822        op     34149     34151                  0.01357877        57
   85628        0.00023822        op     34149     34151                  0.01357877        57

  ==> Add operator: a_ia 1116
  ==> Current qubit order: 4  5  8  9  10  11  2  3  16  17  19  21  27  29  12  13  62  26  22  63  23  65  24  25  28  30  18  31  34  35  69  1  0  37  61  15  68  14  60  38  40  42  43  44  20  7  6  64  45  39  46  51  52  50  48  47  55  53  49  41  58  33  32  54  36  56  57  66  67  70  72  73  74  71  59  75  76  77  78  79  80  81  82  83  84  85  86  87  88  89  90  91  92  93  94  95  96  97  98  99  100  101  102  103  


  ==> Energy                -307.395044497
  ==> dE                       -2.94e-04
  ==> Gradient Norm             2.04e-01
  ==> Abs. Max. Deriv.          2.23e-02
  ==> Time-Grad. (s)              93.705
  ==> Time-Energy (s)              2.093
  ==> Time-Iter. (s)              97.250

--------------------------------------------------------------------------------
CEO-ADAPT-VQE iteration: 185
--------------------------------------------------------------------------------
    gate        derivative      name       op1       op2       op3        g_unscaled   penalty
     781       -0.00041772      a_ia       781                           -0.00083544         2
     782        0.00039873      a_ia       782                            0.00159492         4
    1039        0.00037030      a_ia      1039                            0.00296242         8
     607       -0.00031168      a_ia       607                           -0.00062335         2
     667        0.00028024      a_ia       667                            0.00056049         2
     421       -0.00026279      a_ia       421                           -0.00262788        10
     801        0.00025418      a_ia       801                            0.00203343         8
   90963       -0.00025313        om     38073     38074                 -0.01645314        65
     945        0.00023861      a_ia       945                            0.00143167         6
   90962       -0.00023086        op     38073     38074                 -0.01500565        65

  ==> Add operator: a_ia 781
  ==> Current qubit order: 4  5  8  9  10  11  2  3  16  17  19  21  27  29  12  13  62  26  22  63  23  65  24  25  28  30  18  31  34  35  69  1  0  37  61  15  68  14  60  38  40  42  43  44  20  7  6  64  45  39  46  51  52  50  48  47  55  53  49  41  58  33  32  54  36  56  57  66  67  70  72  73  74  71  59  75  76  77  78  79  80  81  82  83  84  85  86  87  88  89  90  91  92  93  94  95  96  97  98  99  100  101  102  103  


  ==> Energy                -307.395044714
  ==> dE                       -2.17e-07
  ==> Gradient Norm             1.95e-01
  ==> Abs. Max. Deriv.          2.35e-02
  ==> Time-Grad. (s)              93.890
  ==> Time-Energy (s)              2.435
  ==> Time-Iter. (s)              97.698

--------------------------------------------------------------------------------
CEO-ADAPT-VQE iteration: 186
--------------------------------------------------------------------------------
    gate        derivative      name       op1       op2       op3        g_unscaled   penalty
     785        0.00039397      a_ia       785                            0.00157587         4
    1044        0.00037021      a_ia      1044                            0.00296166         8
     609       -0.00031024      a_ia       609                           -0.00062048         2
     669        0.00027773      a_ia       669                            0.00055546         2
     422       -0.00026287      a_ia       422                           -0.00262868        10
     805        0.00025702      a_ia       805                            0.00205615         8
     950        0.00023910      a_ia       950                            0.00143458         6
     649        0.00022542      a_ia       649                            0.00315587        14
     374        0.00020562      a_ia       374                            0.00616856        30
   85460        0.00020448        om     33931     33932                  0.01410881        69

  ==> Add operator: a_ia 785
  ==> Current qubit order: 4  5  8  9  10  11  2  3  16  17  19  21  27  29  12  13  62  26  22  63  23  65  24  25  28  30  18  31  34  35  69  1  0  37  61  15  68  14  60  38  40  42  43  44  20  7  6  64  45  39  46  51  52  50  48  47  55  53  49  41  33  58  32  54  36  56  57  66  67  70  72  73  74  71  59  75  76  77  78  79  80  81  82  83  84  85  86  87  88  89  90  91  92  93  94  95  96  97  98  99  100  101  102  103  


  ==> Energy                -307.395045651
  ==> dE                       -9.38e-07
  ==> Gradient Norm             2.10e-01
  ==> Abs. Max. Deriv.          2.23e-02
  ==> Time-Grad. (s)              88.013
  ==> Time-Energy (s)              2.516
  ==> Time-Iter. (s)              91.937

--------------------------------------------------------------------------------
CEO-ADAPT-VQE iteration: 187
--------------------------------------------------------------------------------
    gate        derivative      name       op1       op2       op3        g_unscaled   penalty
    1047        0.00037032      a_ia      1047                            0.00296258         8
     808        0.00034707      a_ia       808                            0.00208243         6
     611       -0.00031719      a_ia       611                           -0.00063439         2
     803       -0.00029531      a_ia       803                           -0.00059062         2
     671        0.00027543      a_ia       671                            0.00055086         2
     424       -0.00025824      a_ia       424                           -0.00258236        10
     953        0.00023978      a_ia       953                            0.00143867         6
     651        0.00022390      a_ia       651                            0.00313458        14
     422       -0.00021591      a_ia       422                           -0.00043183         2
     376        0.00020461      a_ia       376                            0.00613834        30

  ==> Add operator: a_ia 1047
  ==> Current qubit order: 4  5  8  9  10  11  2  3  16  17  19  21  27  29  12  13  62  26  22  63  23  65  24  25  28  30  18  31  34  35  69  1  0  37  61  15  68  14  60  38  40  42  43  44  20  7  6  64  45  39  46  52  50  48  51  47  55  53  49  41  33  58  32  54  36  56  57  66  67  70  72  73  74  71  59  75  76  77  78  79  80  81  82  83  84  85  86  87  88  89  90  91  92  93  94  95  96  97  98  99  100  101  102  103  


  ==> Energy                -307.395199655
  ==> dE                       -1.54e-04
  ==> Gradient Norm             2.10e-01
  ==> Abs. Max. Deriv.          2.23e-02
  ==> Time-Grad. (s)             184.504
  ==> Time-Energy (s)              2.069
  ==> Time-Iter. (s)             188.030

--------------------------------------------------------------------------------
CEO-ADAPT-VQE iteration: 188
--------------------------------------------------------------------------------
    gate        derivative      name       op1       op2       op3        g_unscaled   penalty
     813        0.00032760      a_ia       813                            0.00196560         6
     615       -0.00030850      a_ia       615                           -0.00061700         2
     959        0.00027487      a_ia       959                            0.00164924         6
     676        0.00026165      a_ia       676                            0.00052331         2
     426       -0.00025859      a_ia       426                           -0.00258594        10
     808       -0.00025374      a_ia       808                           -0.00050747         2
    1135       -0.00024948      a_ia      1135                           -0.00049896         2
    1036        0.00022928      a_ia      1036                            0.00045856         2
     655        0.00022311      a_ia       655                            0.00312357        14
     424       -0.00021708      a_ia       424                           -0.00043416         2

  ==> Add operator: a_ia 813
  ==> Current qubit order: 4  5  8  9  10  11  2  3  16  17  19  21  27  29  12  13  62  26  22  63  23  65  24  25  28  30  18  31  34  35  69  1  0  37  61  15  68  14  60  38  40  42  43  44  20  7  6  64  45  39  46  52  50  48  51  47  55  49  41  53  33  58  32  54  36  56  57  66  67  70  72  73  74  71  59  75  76  77  78  79  80  81  82  83  84  85  86  87  88  89  90  91  92  93  94  95  96  97  98  99  100  101  102  103  


  ==> Energy                -307.395201681
  ==> dE                       -2.03e-06
  ==> Gradient Norm             2.03e-01
  ==> Abs. Max. Deriv.          2.23e-02
  ==> Time-Grad. (s)             164.597
  ==> Time-Energy (s)              1.754
  ==> Time-Iter. (s)             167.871

--------------------------------------------------------------------------------
CEO-ADAPT-VQE iteration: 189
--------------------------------------------------------------------------------
    gate        derivative      name       op1       op2       op3        g_unscaled   penalty
     961        0.00041576      a_ia       961                            0.00166303         4
   90707        0.00038378        om     37901     37902                  0.01650237        43
   90706        0.00038342        op     37901     37902                  0.01648688        43
     617       -0.00031509      a_ia       617                           -0.00063018         2
     678        0.00029742      a_ia       678                            0.00059485         2
   37901        0.00027957    a_iajb     37901                            0.01649463        59
     427       -0.00026436      a_ia       427                           -0.00264355        10
     960        0.00023026      a_ia       960                            0.00046053         2
     657        0.00022674      a_ia       657                            0.00317439        14
     379        0.00020696      a_ia       379                            0.00620869        30

  ==> Add operator: a_ia 961
  ==> Current qubit order: 4  5  8  9  10  11  2  3  16  17  19  21  27  29  12  13  62  26  22  63  23  65  24  25  28  30  18  31  34  35  69  1  0  37  61  15  68  14  60  38  40  42  43  44  20  7  6  64  45  39  46  52  50  48  51  47  49  55  41  53  33  58  32  54  36  56  57  66  67  70  72  73  74  71  59  75  76  77  78  79  80  81  82  83  84  85  86  87  88  89  90  91  92  93  94  95  96  97  98  99  100  101  102  103  


  ==> Energy                -307.395202812
  ==> dE                       -1.13e-06
  ==> Gradient Norm             2.11e-01
  ==> Abs. Max. Deriv.          2.23e-02
  ==> Time-Grad. (s)              80.177
  ==> Time-Energy (s)              1.692
  ==> Time-Iter. (s)              83.414

--------------------------------------------------------------------------------
CEO-ADAPT-VQE iteration: 190
--------------------------------------------------------------------------------
    gate        derivative      name       op1       op2       op3        g_unscaled   penalty
     620       -0.00031193      a_ia       620                           -0.00062386         2
     681        0.00028861      a_ia       681                            0.00057722         2
     430       -0.00026467      a_ia       430                           -0.00264672        10
   91171       -0.00023975        op     38312     38313                 -0.02085847        87
     660        0.00022674      a_ia       660                            0.00317429        14
     965        0.00021908      a_ia       965                            0.00043815         2
   91172       -0.00020959        om     38312     38313                 -0.01823468        87
     382        0.00020728      a_ia       382                            0.00621828        30
     428       -0.00020275      a_ia       428                           -0.00040549         2
     404        0.00019217      a_ia       404                            0.00038435         2

  ==> Add operator: a_ia 620
  ==> Current qubit order: 4  5  8  9  10  11  2  3  16  17  19  21  27  29  12  13  62  26  22  63  23  65  24  25  28  30  18  31  34  35  69  1  0  37  61  15  68  14  60  38  40  42  43  44  20  7  6  64  45  39  46  52  50  48  51  47  49  55  41  53  33  58  32  54  36  56  57  66  67  70  72  73  74  71  59  75  76  77  78  79  80  81  82  83  84  85  86  87  88  89  90  91  92  93  94  95  96  97  98  99  100  101  102  103  


  ==> Energy                -307.395202831
  ==> dE                       -1.87e-08
  ==> Gradient Norm             2.14e-01
  ==> Abs. Max. Deriv.          2.23e-02
  ==> Time-Grad. (s)              85.926
  ==> Time-Energy (s)              1.694
  ==> Time-Iter. (s)              89.398

--------------------------------------------------------------------------------
CEO-ADAPT-VQE iteration: 191
--------------------------------------------------------------------------------
    gate        derivative      name       op1       op2       op3        g_unscaled   penalty
    1165        0.00055792      a_ia      1165                            0.00223170         4
     682        0.00028768      a_ia       682                            0.00057535         2
     430       -0.00026495      a_ia       430                           -0.00264950        10
   94664        0.00023474        op     40789     40790                  0.02370834       101
   94665        0.00023440        om     40789     40790                  0.02367433       101
     661        0.00022677      a_ia       661                            0.00317476        14
     967        0.00021908      a_ia       967                            0.00043817         2
     846        0.00021714      a_ia       846                            0.00347428        16
     382        0.00020728      a_ia       382                            0.00621830        30
     428       -0.00020255      a_ia       428                           -0.00040510         2

  ==> Add operator: a_ia 1165
  ==> Current qubit order: 4  5  8  9  10  11  2  3  16  17  19  21  27  29  12  13  62  26  22  63  23  65  24  25  28  30  18  31  34  35  69  1  0  37  61  15  68  14  60  38  40  42  43  44  20  7  6  64  45  39  46  52  50  48  51  47  49  55  41  53  33  32  58  54  36  56  57  66  67  70  72  73  74  71  59  75  76  77  78  79  80  81  82  83  84  85  86  87  88  89  90  91  92  93  94  95  96  97  98  99  100  101  102  103  


  ==> Energy                -307.395353739
  ==> dE                       -1.51e-04
  ==> Gradient Norm             2.08e-01
  ==> Abs. Max. Deriv.          2.37e-02
  ==> Time-Grad. (s)              83.900
  ==> Time-Energy (s)              2.561
  ==> Time-Iter. (s)              87.902

--------------------------------------------------------------------------------
CEO-ADAPT-VQE iteration: 192
--------------------------------------------------------------------------------
    gate        derivative      name       op1       op2       op3        g_unscaled   penalty
   93079        0.00039024        op     39702     39703                  0.01365834        35
   93080        0.00036333        om     39702     39703                  0.01271657        35
     684        0.00030534      a_ia       684                            0.00061067         2
    1067        0.00030497      a_ia      1067                            0.00060994         2
   78371       -0.00030325        op     28528     28529                 -0.01485934        49
   78372       -0.00030325        om     28528     28529                 -0.01485934        49
     432       -0.00026564      a_ia       432                           -0.00265636        10
   39702        0.00025858    a_iajb     39702                            0.01318746        51
   28528       -0.00022861    a_iajb     28528                           -0.01485934        65
     663        0.00022813      a_ia       663                            0.00319382        14

  ==> Add operator: mvp2 -1: 39702 39703
  ==> Current qubit order: 4  5  8  9  10  11  2  3  16  17  19  21  27  29  12  13  62  26  22  63  23  65  24  25  28  30  18  31  34  35  69  1  0  37  61  15  68  14  60  38  40  42  43  44  20  7  6  64  45  46  39  52  50  55  48  51  47  49  41  53  33  32  58  54  36  56  57  66  67  70  72  73  74  71  59  75  76  77  78  79  80  81  82  83  84  85  86  87  88  89  90  91  92  93  94  95  96  97  98  99  100  101  102  103  


  ==> Energy                -307.395421523
  ==> dE                       -6.78e-05
  ==> Gradient Norm             2.06e-01
  ==> Abs. Max. Deriv.          2.23e-02
  ==> Time-Grad. (s)              91.879
  ==> Time-Energy (s)              3.192
  ==> Time-Iter. (s)              96.512

--------------------------------------------------------------------------------
CEO-ADAPT-VQE iteration: 193
--------------------------------------------------------------------------------
    gate        derivative      name       op1       op2       op3        g_unscaled   penalty
   90800        0.00044132        om     37944     37945                  0.03309878        75
   90799        0.00043311        op     37944     37945                  0.03248362        75
   37944        0.00036034    a_iajb     37944                            0.03279120        91
     687        0.00030365      a_ia       687                            0.00060731         2
    1073        0.00029522      a_ia      1073                            0.00059043         2
     435       -0.00026588      a_ia       435                           -0.00265877        10
     666        0.00022814      a_ia       666                            0.00319402        14
     853        0.00021666      a_ia       853                            0.00346650        16
     387        0.00020633      a_ia       387                            0.00618981        30
     409        0.00020485      a_ia       409                            0.00040970         2

  ==> Add operator: mvp2 -1: 37944 37945
  ==> Current qubit order: 4  5  8  9  10  11  2  3  16  17  19  21  27  29  12  13  62  26  22  63  23  65  24  25  28  30  18  31  34  35  69  1  0  37  61  15  68  14  60  38  40  42  43  44  20  7  6  64  45  46  39  50  55  48  47  49  41  53  52  51  32  59  33  58  54  36  56  57  66  67  70  72  73  74  71  75  76  77  78  79  80  81  82  83  84  85  86  87  88  89  90  91  92  93  94  95  96  97  98  99  100  101  102  103  


  ==> Energy                -307.395749105
  ==> dE                       -3.28e-04
  ==> Gradient Norm             2.06e-01
  ==> Abs. Max. Deriv.          3.31e-02
  ==> Time-Grad. (s)              98.689
  ==> Time-Energy (s)              3.627
  ==> Time-Iter. (s)             103.759

--------------------------------------------------------------------------------
CEO-ADAPT-VQE iteration: 194
--------------------------------------------------------------------------------
    gate        derivative      name       op1       op2       op3        g_unscaled   penalty
     829       -0.00171662      a_ia       829                           -0.00343323         2
    1154        0.00087512      a_ia      1154                            0.04200559        48
    1153        0.00044294      a_ia      1153                            0.01328810        30
     687        0.00031930      a_ia       687                            0.00063859         2
    1152       -0.00030888      a_ia      1152                           -0.00803097        26
    1076       -0.00028743      a_ia      1076                           -0.00402396        14
    1155        0.00027114      a_ia      1155                            0.01518370        56
    1105        0.00026582      a_ia      1105                            0.00318980        12
     435       -0.00026580      a_ia       435                           -0.00265803        10
     666        0.00022914      a_ia       666                            0.00320802        14

  ==> Add operator: a_ia 829
  ==> Current qubit order: 4  5  8  9  10  11  2  3  16  17  19  21  27  29  12  13  62  26  22  63  23  65  24  25  28  30  18  31  34  35  69  1  0  37  61  15  68  14  60  38  40  42  43  44  20  7  6  64  45  46  39  50  55  48  47  49  41  53  52  51  32  59  33  58  54  36  56  57  66  67  70  72  73  74  71  75  76  77  78  79  80  81  82  83  84  85  86  87  88  89  90  91  92  93  94  95  96  97  98  99  100  101  102  103  


  ==> Energy                -307.395752856
  ==> dE                       -3.75e-06
  ==> Gradient Norm             2.10e-01
  ==> Abs. Max. Deriv.          4.20e-02
  ==> Time-Grad. (s)             185.258
  ==> Time-Energy (s)              2.235
  ==> Time-Iter. (s)             188.960

--------------------------------------------------------------------------------
CEO-ADAPT-VQE iteration: 195
--------------------------------------------------------------------------------
    gate        derivative      name       op1       op2       op3        g_unscaled   penalty
    1159        0.00087502      a_ia      1159                            0.04200093        48
    1158        0.00044309      a_ia      1158                            0.01329267        30
   74681        0.00034243        op     25741     25742                  0.02362759        69
   74682        0.00033600        om     25741     25742                  0.02318380        69
     689        0.00032367      a_ia       689                            0.00064734         2
    1157       -0.00030891      a_ia      1157                           -0.00803172        26
    1081       -0.00028889      a_ia      1081                           -0.00404452        14
   25741        0.00027536    a_iajb     25741                            0.02340570        85
     436       -0.00027263      a_ia       436                           -0.00272626        10
    1160        0.00027112      a_ia      1160                            0.01518280        56

  ==> Add operator: a_ia 1159
  ==> Current qubit order: 4  5  8  9  10  11  2  3  16  17  19  21  27  29  12  13  62  26  22  63  23  65  24  25  28  30  18  31  34  35  69  1  0  37  61  15  68  14  60  38  40  42  43  44  20  7  6  64  45  46  39  50  55  48  47  49  41  53  51  32  59  33  58  54  36  56  57  66  67  70  72  73  74  71  75  76  77  78  79  80  81  52  82  83  84  85  86  87  88  89  90  91  92  93  94  95  96  97  98  99  100  101  102  103  


  ==> Energy                -307.396055312
  ==> dE                       -3.02e-04
  ==> Gradient Norm             2.24e-01
  ==> Abs. Max. Deriv.          4.20e-02
  ==> Time-Grad. (s)             100.286
  ==> Time-Energy (s)              1.536
  ==> Time-Iter. (s)             103.272

--------------------------------------------------------------------------------
CEO-ADAPT-VQE iteration: 196
--------------------------------------------------------------------------------
    gate        derivative      name       op1       op2       op3        g_unscaled   penalty
     672       -0.00047151      a_ia       672                           -0.00377208         8
    1087       -0.00033410      a_ia      1087                           -0.00400923        12
    1147       -0.00033153      a_ia      1147                           -0.00066306         2
    1116        0.00032644      a_ia      1116                            0.00326439        10
     694        0.00031254      a_ia       694                            0.00062509         2
     439       -0.00027202      a_ia       439                           -0.00272016        10
   69587        0.00027159        op     21798     21799                  0.01330798        49
   69588        0.00027098        om     21798     21799                  0.01327825        49
   85662        0.00023213        om     34008     34009                  0.01323141        57
   85661        0.00023144        op     34008     34009                  0.01319219        57

  ==> Add operator: a_ia 672
  ==> Current qubit order: 4  5  8  9  10  11  2  3  16  17  19  21  27  29  12  13  62  26  22  23  65  24  63  25  28  30  18  31  34  35  69  1  0  37  61  15  68  14  60  38  40  42  43  44  20  7  6  64  45  46  39  50  55  48  47  49  41  53  51  32  59  33  58  54  36  56  57  66  67  70  72  73  74  71  75  76  77  78  79  80  81  52  82  83  84  85  86  87  88  89  90  91  92  93  94  95  96  97  98  99  100  101  102  103  


  ==> Energy                -307.396058551
  ==> dE                       -3.24e-06
  ==> Gradient Norm             2.18e-01
  ==> Abs. Max. Deriv.          2.23e-02
  ==> Time-Grad. (s)             100.001
  ==> Time-Energy (s)              2.842
  ==> Time-Iter. (s)             104.289

--------------------------------------------------------------------------------
CEO-ADAPT-VQE iteration: 197
--------------------------------------------------------------------------------
    gate        derivative      name       op1       op2       op3        g_unscaled   penalty
    1152       -0.00034724      a_ia      1152                           -0.00069448         2
    1092       -0.00033790      a_ia      1092                           -0.00405475        12
    1121        0.00032806      a_ia      1121                            0.00328060        10
     697        0.00028629      a_ia       697                            0.00057259         2
     442       -0.00026948      a_ia       442                           -0.00269484        10
     676        0.00023187      a_ia       676                            0.00324615        14
     865        0.00021875      a_ia       865                            0.00350007        16
     991        0.00021568      a_ia       991                            0.00043135         2
    1172        0.00021278      a_ia      1172                            0.00212779        10
     634       -0.00020791      a_ia       634                           -0.00041583         2

  ==> Add operator: a_ia 1152
  ==> Current qubit order: 4  5  8  9  10  11  2  3  16  17  19  21  27  29  12  13  62  26  22  23  65  24  63  25  28  30  18  31  34  35  69  1  0  37  61  15  68  14  60  38  40  42  43  44  20  7  6  64  45  46  39  50  55  48  47  49  41  53  51  32  59  33  58  54  36  56  57  66  67  70  72  73  74  71  75  76  77  78  79  80  81  52  82  83  84  85  86  87  88  89  90  91  92  93  94  95  96  97  98  99  100  101  102  103  


  ==> Energy                -307.396059031
  ==> dE                       -4.79e-07
  ==> Gradient Norm             2.20e-01
  ==> Abs. Max. Deriv.          2.23e-02
  ==> Time-Grad. (s)              92.430
  ==> Time-Energy (s)              1.897
  ==> Time-Iter. (s)              95.779

--------------------------------------------------------------------------------
CEO-ADAPT-VQE iteration: 198
--------------------------------------------------------------------------------
    gate        derivative      name       op1       op2       op3        g_unscaled   penalty
    1096       -0.00033655      a_ia      1096                           -0.00403866        12
    1125        0.00032822      a_ia      1125                            0.00328218        10
     700        0.00030093      a_ia       700                            0.00060185         2
     445       -0.00027284      a_ia       445                           -0.00272837        10
     679        0.00023388      a_ia       679                            0.00327426        14
     869        0.00022059      a_ia       869                            0.00352951        16
   94802        0.00021895        om     40896     40897                  0.02211381       101
   94801        0.00021881        op     40896     40897                  0.02210010       101
    1176        0.00021285      a_ia      1176                            0.00212848        10
     417        0.00021149      a_ia       417                            0.00042297         2

  ==> Add operator: a_ia 1096
  ==> Current qubit order: 4  5  8  9  10  11  2  3  16  17  19  21  27  29  12  13  62  26  22  23  65  24  63  25  28  30  18  31  34  35  69  1  0  37  61  15  68  14  60  38  40  42  43  44  20  7  6  64  45  46  39  50  55  48  49  41  53  51  32  47  59  33  58  54  36  56  57  66  67  70  72  73  74  71  75  76  77  78  79  80  81  52  82  83  84  85  86  87  88  89  90  91  92  93  94  95  96  97  98  99  100  101  102  103  


  ==> Energy                -307.396065253
  ==> dE                       -6.22e-06
  ==> Gradient Norm             2.10e-01
  ==> Abs. Max. Deriv.          2.23e-02
  ==> Time-Grad. (s)              93.060
  ==> Time-Energy (s)              2.255
  ==> Time-Iter. (s)              96.763

--------------------------------------------------------------------------------
CEO-ADAPT-VQE iteration: 199
--------------------------------------------------------------------------------
    gate        derivative      name       op1       op2       op3        g_unscaled   penalty
   78683       -0.00042928        om     28860     28861                 -0.02704442        63
   78682       -0.00042880        op     28860     28861                 -0.02701439        63
   28860       -0.00034214    a_iajb     28860                           -0.02702940        79
     704        0.00033306      a_ia       704                            0.00066612         2
     845       -0.00031158      a_ia       845                           -0.00124634         4
    1129        0.00027969      a_ia      1129                            0.00335627        12
     449       -0.00027861      a_ia       449                           -0.00278610        10
     683        0.00023745      a_ia       683                            0.00332435        14
   86960       -0.00023484        op     35161     35162                 -0.01197659        51
   86961       -0.00023347        om     35161     35162                 -0.01190694        51

  ==> Add operator: mvp2 -1: 28860 28861
  ==> Current qubit order: 4  5  8  9  10  2  3  16  17  19  21  27  29  11  62  22  63  12  13  26  23  65  24  25  28  30  18  31  34  35  69  1  0  37  61  15  68  14  60  38  40  42  43  44  20  7  6  64  45  46  39  50  55  48  49  41  53  51  32  47  59  33  58  54  36  56  57  66  67  70  72  73  74  71  75  76  77  78  79  80  81  52  82  83  84  85  86  87  88  89  90  91  92  93  94  95  96  97  98  99  100  101  102  103  


  ==> Energy                -307.396146263
  ==> dE                       -8.10e-05
  ==> Gradient Norm             2.11e-01
  ==> Abs. Max. Deriv.          2.70e-02
  ==> Time-Grad. (s)              91.788
  ==> Time-Energy (s)              3.586
  ==> Time-Iter. (s)              96.826

--------------------------------------------------------------------------------
CEO-ADAPT-VQE iteration: 200
--------------------------------------------------------------------------------
    gate        derivative      name       op1       op2       op3        g_unscaled   penalty
     355       -0.00043966      a_ia       355                           -0.00263797         6
    1102        0.00034037      a_ia      1102                            0.00476515        14
     847       -0.00031158      a_ia       847                           -0.00124631         4
    1132        0.00027987      a_ia      1132                            0.00335848        12
     451       -0.00027862      a_ia       451                           -0.00278623        10
     401        0.00026200      a_ia       401                            0.00628809        24
   69302       -0.00025998        op     21658     21659                 -0.01533872        59
   69303       -0.00025953        om     21658     21659                 -0.01531256        59
     685        0.00023739      a_ia       685                            0.00332347        14
     423        0.00022788      a_ia       423                            0.00045576         2

  ==> Add operator: a_ia 355
  ==> Current qubit order: 4  5  8  9  10  2  3  16  17  19  21  27  29  62  22  11  63  12  13  26  23  65  24  25  28  30  18  31  34  35  69  1  0  37  61  15  68  14  60  38  40  42  43  44  20  7  6  64  45  46  39  50  55  48  49  41  53  51  32  47  59  33  58  54  36  56  57  66  67  70  72  73  74  71  75  76  77  78  79  80  81  52  82  83  84  85  86  87  88  89  90  91  92  93  94  95  96  97  98  99  100  101  102  103  


  ==> Energy                -307.396288251
  ==> dE                       -1.42e-04
  ==> Gradient Norm             2.13e-01
  ==> Abs. Max. Deriv.          2.26e-02
  ==> Time-Grad. (s)             102.255
  ==> Time-Energy (s)            570.314
  ==> Time-Iter. (s)             674.038

--------------------------------------------------------------------------------
CEO-ADAPT-VQE iteration: 201
--------------------------------------------------------------------------------
    gate        derivative      name       op1       op2       op3        g_unscaled   penalty
    1104       -0.00198185      a_ia      1104                           -0.00396370         2
     424        0.00142123      a_ia       424                            0.00284245         2
     426       -0.00122924      a_ia       426                           -0.00245848         2
     356       -0.00122625      a_ia       356                           -0.00245250         2
    1002        0.00056829      a_ia      1002                            0.00113658         2
     644        0.00052565      a_ia       644                            0.00105130         2
     643        0.00043070      a_ia       643                            0.00344563         8
     852       -0.00037158      a_ia       852                           -0.00074316         2
    1103        0.00032680      a_ia      1103                            0.00457522        14
     848       -0.00030828      a_ia       848                           -0.00123312         4

  ==> Add operator: a_ia 1104
  ==> Current qubit order: 4  5  8  9  10  2  3  16  17  19  21  27  29  62  22  11  63  12  13  26  23  65  24  25  28  30  18  31  34  35  69  1  0  37  61  15  68  14  60  38  40  42  43  44  20  7  6  64  45  46  39  50  55  48  49  41  53  51  32  47  59  33  58  54  36  56  57  66  67  70  72  73  74  71  75  76  77  78  79  80  81  52  82  83  84  85  86  87  88  89  90  91  92  93  94  95  96  97  98  99  100  101  102  103  


  ==> Energy                -307.396294485
  ==> dE                       -6.23e-06
  ==> Gradient Norm             2.04e-01
  ==> Abs. Max. Deriv.          2.23e-02
  ==> Time-Grad. (s)              93.886
  ==> Time-Energy (s)              2.247
  ==> Time-Iter. (s)              97.616

--------------------------------------------------------------------------------
CEO-ADAPT-VQE iteration: 202
--------------------------------------------------------------------------------
    gate        derivative      name       op1       op2       op3        g_unscaled   penalty
     429        0.00143568      a_ia       429                            0.00287135         2
     431       -0.00126543      a_ia       431                           -0.00253086         2
     358       -0.00125178      a_ia       358                           -0.00250356         2
    1008        0.00057127      a_ia      1008                            0.00114255         2
     650        0.00053541      a_ia       650                            0.00107081         2
     649        0.00043694      a_ia       649                            0.00349553         8
     858       -0.00038632      a_ia       858                           -0.00077263         2
   90698        0.00033948        op     37896     37897                  0.03428733       101
   90699        0.00033662        om     37896     37897                  0.03399843       101
    1109        0.00033237      a_ia      1109                            0.00465320        14

  ==> Add operator: a_ia 429
  ==> Current qubit order: 4  5  8  9  10  2  3  16  17  19  21  27  29  62  22  11  63  12  13  26  23  65  24  25  28  30  18  31  34  35  69  1  0  37  61  15  68  14  60  38  40  42  43  44  20  7  6  64  45  46  39  50  55  48  49  41  53  51  32  47  59  33  58  54  36  56  57  66  67  70  72  73  74  71  75  76  77  78  79  80  81  52  82  83  84  85  86  87  88  89  90  91  92  93  94  95  96  97  98  99  100  101  102  103  


  ==> Energy                -307.396295790
  ==> dE                       -1.31e-06
  ==> Gradient Norm             2.15e-01
  ==> Abs. Max. Deriv.          3.43e-02
  ==> Time-Grad. (s)              83.275
  ==> Time-Energy (s)              1.719
  ==> Time-Iter. (s)              86.439

--------------------------------------------------------------------------------
CEO-ADAPT-VQE iteration: 203
--------------------------------------------------------------------------------
    gate        derivative      name       op1       op2       op3        g_unscaled   penalty
     434       -0.00129006      a_ia       434                           -0.00258013         2
     361       -0.00124491      a_ia       361                           -0.00248982         2
    1011        0.00057320      a_ia      1011                            0.00114640         2
     653        0.00053277      a_ia       653                            0.00106554         2
     652        0.00043636      a_ia       652                            0.00349085         8
     861       -0.00040224      a_ia       861                           -0.00080448         2
    1113        0.00033046      a_ia      1113                            0.00462638        14
     857       -0.00030577      a_ia       857                           -0.00122306         4
     460       -0.00030327      a_ia       460                           -0.00303265        10
     458       -0.00029912      a_ia       458                           -0.00059824         2

  ==> Add operator: a_ia 434
  ==> Current qubit order: 4  5  8  9  10  2  3  16  17  19  21  27  29  62  22  11  63  12  13  26  23  65  24  25  28  30  18  31  34  35  69  1  0  37  61  15  68  14  60  38  40  42  43  44  20  7  6  64  45  46  39  50  55  48  49  41  53  51  32  47  59  33  58  54  36  56  57  66  67  70  72  73  74  71  75  76  77  78  79  80  81  52  82  83  84  85  86  87  88  89  90  91  92  93  94  95  96  97  98  99  100  101  102  103  


  ==> Energy                -307.396297023
  ==> dE                       -1.23e-06
  ==> Gradient Norm             2.03e-01
  ==> Abs. Max. Deriv.          2.23e-02
  ==> Time-Grad. (s)              89.307
  ==> Time-Energy (s)              2.430
  ==> Time-Iter. (s)              93.203

--------------------------------------------------------------------------------
CEO-ADAPT-VQE iteration: 204
--------------------------------------------------------------------------------
    gate        derivative      name       op1       op2       op3        g_unscaled   penalty
     361       -0.00123367      a_ia       361                           -0.00246734         2
    1016        0.00057277      a_ia      1016                            0.00114555         2
     654        0.00053637      a_ia       654                            0.00107274         2
     653        0.00043530      a_ia       653                            0.00348238         8
     864       -0.00042299      a_ia       864                           -0.00084598         2
    1118        0.00033057      a_ia      1118                            0.00462797        14
     458       -0.00031186      a_ia       458                           -0.00062372         2
     860       -0.00030563      a_ia       860                           -0.00122251         4
     460       -0.00029615      a_ia       460                           -0.00296151        10
     197       -0.00029516      a_ia       197                           -0.00059032         2

  ==> Add operator: a_ia 361
  ==> Current qubit order: 4  5  8  9  10  2  3  16  17  19  21  27  29  62  22  11  63  12  13  26  23  65  24  25  28  30  18  31  34  35  69  1  0  37  61  15  68  14  60  38  40  42  43  44  20  7  6  64  45  46  39  50  55  48  49  41  53  51  32  47  59  33  58  54  36  56  57  66  67  70  72  73  74  71  75  76  77  78  79  80  81  52  82  83  84  85  86  87  88  89  90  91  92  93  94  95  96  97  98  99  100  101  102  103  


  ==> Energy                -307.396297429
  ==> dE                       -4.06e-07
  ==> Gradient Norm             2.10e-01
  ==> Abs. Max. Deriv.          2.23e-02
  ==> Time-Grad. (s)              88.668
  ==> Time-Energy (s)              2.203
  ==> Time-Iter. (s)              92.329

--------------------------------------------------------------------------------
CEO-ADAPT-VQE iteration: 205
--------------------------------------------------------------------------------
    gate        derivative      name       op1       op2       op3        g_unscaled   penalty
    1017        0.00057282      a_ia      1017                            0.00114565         2
     655        0.00053607      a_ia       655                            0.00107214         2
     654        0.00043948      a_ia       654                            0.00351583         8
     865       -0.00042779      a_ia       865                           -0.00085558         2
    1119        0.00033127      a_ia      1119                            0.00463783        14
     459       -0.00031872      a_ia       459                           -0.00063744         2
     861       -0.00030560      a_ia       861                           -0.00122241         4
     461       -0.00029576      a_ia       461                           -0.00295757        10
     361       -0.00028797      a_ia       361                           -0.00057593         2
     197       -0.00028044      a_ia       197                           -0.00056087         2

  ==> Add operator: a_ia 1017
  ==> Current qubit order: 4  5  8  9  10  2  3  16  17  19  21  27  29  62  22  11  63  12  13  26  23  65  24  25  28  30  18  31  34  35  69  1  0  37  61  15  68  14  60  38  40  42  43  44  20  7  6  64  45  46  39  50  55  48  49  41  53  51  32  47  59  33  58  54  36  56  57  66  67  70  72  73  74  71  75  76  77  78  79  80  81  52  82  83  84  85  86  87  88  89  90  91  92  93  94  95  96  97  98  99  100  101  102  103  


  ==> Energy                -307.396298213
  ==> dE                       -7.85e-07
  ==> Gradient Norm             2.06e-01
  ==> Abs. Max. Deriv.          2.23e-02
  ==> Time-Grad. (s)             180.373
  ==> Time-Energy (s)              2.293
  ==> Time-Iter. (s)             184.103

--------------------------------------------------------------------------------
CEO-ADAPT-VQE iteration: 206
--------------------------------------------------------------------------------
    gate        derivative      name       op1       op2       op3        g_unscaled   penalty
     656        0.00053597      a_ia       656                            0.00107194         2
     655        0.00044012      a_ia       655                            0.00352093         8
     868       -0.00043360      a_ia       868                           -0.00086720         2
    1124        0.00033078      a_ia      1124                            0.00463087        14
     460       -0.00031759      a_ia       460                           -0.00063517         2
     864       -0.00030589      a_ia       864                           -0.00122357         4
     462       -0.00029555      a_ia       462                           -0.00295551        10
     362       -0.00028805      a_ia       362                           -0.00057609         2
   76966        0.00028685        op     27744     27745                  0.03528233       123
   76967        0.00028684        om     27744     27745                  0.03528075       123

  ==> Add operator: a_ia 656
  ==> Current qubit order: 4  5  8  9  10  2  3  16  17  19  21  27  29  62  22  11  63  12  13  26  23  65  24  25  28  30  18  31  34  35  69  1  0  37  61  15  68  14  60  38  40  42  43  44  20  7  6  64  45  46  39  50  55  48  49  41  53  51  32  47  59  33  58  54  36  56  57  66  67  70  72  73  74  71  75  76  77  78  79  80  81  52  82  83  84  85  86  87  88  89  90  91  92  93  94  95  96  97  98  99  100  101  102  103  


  ==> Energy                -307.396298682
  ==> dE                       -4.68e-07
  ==> Gradient Norm             2.19e-01
  ==> Abs. Max. Deriv.          3.53e-02
  ==> Time-Grad. (s)              90.489
  ==> Time-Energy (s)              2.841
  ==> Time-Iter. (s)              94.767

--------------------------------------------------------------------------------
CEO-ADAPT-VQE iteration: 207
--------------------------------------------------------------------------------
    gate        derivative      name       op1       op2       op3        g_unscaled   penalty
     658        0.00044373      a_ia       658                            0.00354982         8
     871       -0.00043815      a_ia       871                           -0.00087630         2
    1128        0.00033168      a_ia      1128                            0.00464346        14
     463       -0.00031868      a_ia       463                           -0.00063736         2
     867       -0.00030587      a_ia       867                           -0.00122346         4
     465       -0.00029404      a_ia       465                           -0.00294042        10
     365       -0.00028778      a_ia       365                           -0.00057555         2
     201       -0.00027901      a_ia       201                           -0.00055802         2
     700       -0.00027226      a_ia       700                           -0.00381168        14
    1158        0.00026290      a_ia      1158                            0.00315475        12

  ==> Add operator: a_ia 658
  ==> Current qubit order: 4  5  8  9  10  2  3  16  17  19  21  27  29  62  22  11  12  13  26  63  23  65  24  25  28  30  18  31  34  35  69  1  0  37  61  15  68  14  60  38  40  42  43  44  20  7  6  64  45  46  39  50  55  48  49  41  53  51  32  47  59  33  58  54  36  56  57  66  67  70  72  73  74  71  75  76  77  78  79  80  81  52  82  83  84  85  86  87  88  89  90  91  92  93  94  95  96  97  98  99  100  101  102  103  


  ==> Energy                -307.396301519
  ==> dE                       -2.84e-06
  ==> Gradient Norm             2.19e-01
  ==> Abs. Max. Deriv.          2.23e-02
  ==> Time-Grad. (s)              92.828
  ==> Time-Energy (s)              1.960
  ==> Time-Iter. (s)              96.247

--------------------------------------------------------------------------------
CEO-ADAPT-VQE iteration: 208
--------------------------------------------------------------------------------
    gate        derivative      name       op1       op2       op3        g_unscaled   penalty
     700       -0.00048298      a_ia       700                           -0.00386388         8
     871       -0.00044766      a_ia       871                           -0.00089532         2
    1129        0.00033537      a_ia      1129                            0.00469514        14
     463       -0.00032158      a_ia       463                           -0.00064316         2
     867       -0.00030576      a_ia       867                           -0.00122306         4
     465       -0.00029676      a_ia       465                           -0.00296757        10
    1160        0.00026423      a_ia      1160                            0.00317078        12
   68768       -0.00026058        op     21535     21536                 -0.01537397        59
   68769       -0.00026012        om     21535     21536                 -0.01534726        59
     437        0.00025602      a_ia       437                            0.00051204         2

  ==> Add operator: a_ia 700
  ==> Current qubit order: 4  5  8  9  10  2  3  16  17  19  21  27  29  62  22  11  12  13  26  23  65  24  63  25  28  30  18  31  34  35  69  1  0  37  61  15  68  14  60  38  40  42  43  44  20  7  6  64  45  46  39  50  55  48  49  41  53  51  32  47  59  33  58  54  36  56  57  66  67  70  72  73  74  71  75  76  77  78  79  80  81  52  82  83  84  85  86  87  88  89  90  91  92  93  94  95  96  97  98  99  100  101  102  103  


  ==> Energy                -307.396305047
  ==> dE                       -3.53e-06
  ==> Gradient Norm             2.11e-01
  ==> Abs. Max. Deriv.          2.23e-02
  ==> Time-Grad. (s)              90.568
  ==> Time-Energy (s)              2.376
  ==> Time-Iter. (s)              94.329

--------------------------------------------------------------------------------
CEO-ADAPT-VQE iteration: 209
--------------------------------------------------------------------------------
    gate        derivative      name       op1       op2       op3        g_unscaled   penalty
     872       -0.00045501      a_ia       872                           -0.00091002         2
     463       -0.00033995      a_ia       463                           -0.00067991         2
    1130        0.00033661      a_ia      1130                            0.00471249        14
     868       -0.00030557      a_ia       868                           -0.00122229         4
     465       -0.00029453      a_ia       465                           -0.00294529        10
    1162        0.00026542      a_ia      1162                            0.00318503        12
    1193       -0.00026152      a_ia      1193                           -0.00052303         2
    1217       -0.00025247      a_ia      1217                           -0.00201973         8
     437        0.00024732      a_ia       437                            0.00049464         2
     414        0.00023964      a_ia       414                            0.00623063        26

  ==> Add operator: a_ia 872
  ==> Current qubit order: 4  5  8  9  10  2  3  16  17  19  21  27  29  62  22  11  12  13  26  23  65  24  63  25  28  30  18  31  34  35  69  1  0  37  61  15  68  14  60  38  40  42  43  44  20  7  6  64  45  46  39  50  55  48  49  41  53  51  32  47  59  33  58  54  36  56  57  66  67  70  72  73  74  71  75  76  77  78  79  80  81  52  82  83  84  85  86  87  88  89  90  91  92  93  94  95  96  97  98  99  100  101  102  103  


  ==> Energy                -307.396305271
  ==> dE                       -2.24e-07
  ==> Gradient Norm             2.15e-01
  ==> Abs. Max. Deriv.          2.49e-02
  ==> Time-Grad. (s)              93.591
  ==> Time-Energy (s)              2.189
  ==> Time-Iter. (s)              97.166

--------------------------------------------------------------------------------
CEO-ADAPT-VQE iteration: 210
--------------------------------------------------------------------------------
    gate        derivative      name       op1       op2       op3        g_unscaled   penalty
    1131        0.00033864      a_ia      1131                            0.00474099        14
     463       -0.00033416      a_ia       463                           -0.00066832         2
     868       -0.00030578      a_ia       868                           -0.00122313         4
     465       -0.00029617      a_ia       465                           -0.00296174        10
    1194       -0.00027354      a_ia      1194                           -0.00054707         2
    1163        0.00026627      a_ia      1163                            0.00319523        12
     437        0.00025488      a_ia       437                            0.00050976         2
    1218       -0.00025275      a_ia      1218                           -0.00202200         8
     414        0.00023997      a_ia       414                            0.00623930        26
     201       -0.00023891      a_ia       201                           -0.00047781         2

  ==> Add operator: a_ia 1131
  ==> Current qubit order: 4  5  8  9  10  2  3  16  17  19  21  27  29  62  22  11  12  13  26  23  65  24  63  25  28  30  18  31  34  35  69  1  0  37  61  15  68  14  60  38  40  42  43  44  20  7  6  64  45  46  39  50  48  49  41  53  51  32  55  47  59  33  58  54  36  56  57  66  67  70  72  73  74  71  75  76  77  78  79  80  81  52  82  83  84  85  86  87  88  89  90  91  92  93  94  95  96  97  98  99  100  101  102  103  


  ==> Energy                -307.396316861
  ==> dE                       -1.16e-05
  ==> Gradient Norm             2.07e-01
  ==> Abs. Max. Deriv.          2.23e-02
  ==> Time-Grad. (s)             170.772
  ==> Time-Energy (s)              2.331
  ==> Time-Iter. (s)             174.548

--------------------------------------------------------------------------------
CEO-ADAPT-VQE iteration: 211
--------------------------------------------------------------------------------
    gate        derivative      name       op1       op2       op3        g_unscaled   penalty
    1197       -0.00052883      a_ia      1197                           -0.00105765         2
     464       -0.00036989      a_ia       464                           -0.00073977         2
    1222       -0.00033039      a_ia      1222                           -0.00198233         6
     202       -0.00031891      a_ia       202                           -0.00063781         2
     871       -0.00030650      a_ia       871                           -0.00122601         4
    1136       -0.00029467      a_ia      1136                           -0.00058935         2
     466       -0.00029040      a_ia       466                           -0.00290397        10
     415        0.00024263      a_ia       415                            0.00630836        26
    1166        0.00023132      a_ia      1166                            0.00323855        14
     704        0.00023063      a_ia       704                            0.00322885        14

  ==> Add operator: a_ia 1197
  ==> Current qubit order: 4  5  8  9  10  2  3  16  17  19  21  27  29  62  22  11  12  13  26  23  65  24  63  25  28  30  18  31  34  35  69  1  0  37  61  15  68  14  60  38  40  42  43  44  20  7  6  64  45  46  39  50  48  49  41  53  51  32  55  47  59  33  58  54  36  56  57  66  67  70  72  73  74  71  75  76  77  78  79  80  81  52  82  83  84  85  86  87  88  89  90  91  92  93  94  95  96  97  98  99  100  101  102  103  


  ==> Energy                -307.396317970
  ==> dE                       -1.11e-06
  ==> Gradient Norm             2.14e-01
  ==> Abs. Max. Deriv.          3.02e-02
  ==> Time-Grad. (s)              94.410
  ==> Time-Energy (s)              1.843
  ==> Time-Iter. (s)              97.715

--------------------------------------------------------------------------------
CEO-ADAPT-VQE iteration: 212
--------------------------------------------------------------------------------
    gate        derivative      name       op1       op2       op3        g_unscaled   penalty
   90205       -0.00076836        op     37873     37874                 -0.02381905        31
   90206       -0.00075676        om     37873     37874                 -0.02345965        31
   37873       -0.00050296    a_iajb     37873                           -0.02363935        47
     466       -0.00036027      a_ia       466                           -0.00072054         2
     203       -0.00035468      a_ia       203                           -0.00070936         2
    1227       -0.00032920      a_ia      1227                           -0.00197522         6
     876       -0.00030954      a_ia       876                           -0.00123815         4
     468       -0.00029548      a_ia       468                           -0.00295481        10
    1141       -0.00028263      a_ia      1141                           -0.00056526         2
     417        0.00024454      a_ia       417                            0.00635792        26

  ==> Add operator: mvp2 -1: 37873 37874
  ==> Current qubit order: 4  5  8  9  10  2  3  16  17  19  21  27  29  62  22  11  12  13  26  23  65  24  63  25  28  30  18  31  34  35  69  1  0  37  61  15  68  14  60  38  40  42  43  44  20  7  6  64  45  46  39  50  48  49  41  53  51  55  32  47  59  54  33  58  36  56  57  66  67  70  72  73  74  71  75  76  77  78  79  80  81  52  82  83  84  85  86  87  88  89  90  91  92  93  94  95  96  97  98  99  100  101  102  103  


  ==> Energy                -307.396448390
  ==> dE                       -1.30e-04
  ==> Gradient Norm             2.14e-01
  ==> Abs. Max. Deriv.          2.38e-02
  ==> Time-Grad. (s)              94.256
  ==> Time-Energy (s)              4.193
  ==> Time-Iter. (s)              99.895

--------------------------------------------------------------------------------
CEO-ADAPT-VQE iteration: 213
--------------------------------------------------------------------------------
    gate        derivative      name       op1       op2       op3        g_unscaled   penalty
    1230       -0.00048451      a_ia      1230                           -0.00193802         4
     466       -0.00036000      a_ia       466                           -0.00072000         2
     203       -0.00035954      a_ia       203                           -0.00071909         2
     468       -0.00029629      a_ia       468                           -0.00296285        10
     860       -0.00026547      a_ia       860                           -0.00159281         6
     417        0.00024492      a_ia       417                            0.00636802        26
     711        0.00023406      a_ia       711                            0.00327683        14
     879       -0.00023183      a_ia       879                           -0.00139096         6
     908        0.00022671      a_ia       908                            0.00362736        16
    1174        0.00022648      a_ia      1174                            0.00317076        14

  ==> Add operator: a_ia 1230
  ==> Current qubit order: 4  5  8  9  10  2  3  16  17  19  21  27  29  62  22  11  12  13  26  23  65  24  63  25  28  30  18  31  34  35  69  1  0  37  61  15  68  14  60  38  40  42  43  44  20  7  6  64  45  46  39  50  48  49  41  51  53  55  32  47  59  54  33  58  36  56  57  66  67  70  72  73  74  71  75  76  77  78  79  80  81  52  82  83  84  85  86  87  88  89  90  91  92  93  94  95  96  97  98  99  100  101  102  103  


  ==> Energy                -307.396504059
  ==> dE                       -5.57e-05
  ==> Gradient Norm             2.12e-01
  ==> Abs. Max. Deriv.          2.23e-02
  ==> Time-Grad. (s)              88.740
  ==> Time-Energy (s)              2.497
  ==> Time-Iter. (s)              92.678

--------------------------------------------------------------------------------
CEO-ADAPT-VQE iteration: 214
--------------------------------------------------------------------------------
    gate        derivative      name       op1       op2       op3        g_unscaled   penalty
     203       -0.00037799      a_ia       203                           -0.00075597         2
     467       -0.00036902      a_ia       467                           -0.00073803         2
     469       -0.00029341      a_ia       469                           -0.00293407        10
     862       -0.00028404      a_ia       862                           -0.00170427         6
    1147       -0.00027412      a_ia      1147                           -0.00054824         2
    1041       -0.00025048      a_ia      1041                           -0.00050096         2
     417        0.00024510      a_ia       417                            0.00637271        26
     712        0.00023389      a_ia       712                            0.00327440        14
     881       -0.00023087      a_ia       881                           -0.00138521         6
    1177        0.00023067      a_ia      1177                            0.00322945        14

  ==> Add operator: a_ia 203
  ==> Current qubit order: 4  5  8  9  10  2  3  16  17  19  21  27  29  62  22  11  12  13  26  23  65  24  63  25  28  30  18  31  34  35  69  1  0  37  61  15  68  14  60  38  40  42  43  44  20  7  6  64  45  46  39  50  48  49  41  51  53  55  32  47  59  54  33  58  36  56  57  66  67  70  72  73  74  71  75  76  77  78  79  80  81  52  82  83  84  85  86  87  88  89  90  91  92  93  94  95  96  97  98  99  100  101  102  103  


  ==> Energy                -307.396504105
  ==> dE                       -4.66e-08
  ==> Gradient Norm             2.04e-01
  ==> Abs. Max. Deriv.          2.23e-02
  ==> Time-Grad. (s)              89.527
  ==> Time-Energy (s)              1.973
  ==> Time-Iter. (s)              92.983

--------------------------------------------------------------------------------
CEO-ADAPT-VQE iteration: 215
--------------------------------------------------------------------------------
    gate        derivative      name       op1       op2       op3        g_unscaled   penalty
     467       -0.00036973      a_ia       467                           -0.00073946         2
     469       -0.00029292      a_ia       469                           -0.00292923        10
     863       -0.00028370      a_ia       863                           -0.00170223         6
    1150       -0.00027798      a_ia      1150                           -0.00055597         2
    1044       -0.00025049      a_ia      1044                           -0.00050097         2
     417        0.00024487      a_ia       417                            0.00636652        26
     712        0.00023365      a_ia       712                            0.00327105        14
    1180        0.00023090      a_ia      1180                            0.00323265        14
     882       -0.00023085      a_ia       882                           -0.00138508         6
     911        0.00022568      a_ia       911                            0.00361082        16

  ==> Add operator: a_ia 467
  ==> Current qubit order: 4  5  8  9  10  2  3  16  17  19  21  27  29  62  22  11  12  13  26  23  65  24  63  25  28  30  18  31  34  35  69  1  0  37  61  15  68  14  60  38  40  42  43  44  20  7  6  64  45  46  39  50  48  49  41  51  53  55  32  47  59  54  33  58  36  56  57  66  67  70  72  73  74  71  75  76  77  78  79  80  81  52  82  83  84  85  86  87  88  89  90  91  92  93  94  95  96  97  98  99  100  101  102  103  


  ==> Energy                -307.396504252
  ==> dE                       -1.47e-07
  ==> Gradient Norm             2.13e-01
  ==> Abs. Max. Deriv.          2.23e-02
  ==> Time-Grad. (s)              92.454
  ==> Time-Energy (s)              2.142
  ==> Time-Iter. (s)              96.036

--------------------------------------------------------------------------------
CEO-ADAPT-VQE iteration: 216
--------------------------------------------------------------------------------
    gate        derivative      name       op1       op2       op3        g_unscaled   penalty
    1182       -0.00063689      a_ia      1182                           -0.00382132         6
     470       -0.00029134      a_ia       470                           -0.00291339        10
     865       -0.00028315      a_ia       865                           -0.00169891         6
    1152       -0.00027617      a_ia      1152                           -0.00055233         2
    1046       -0.00025048      a_ia      1046                           -0.00050096         2
     417        0.00024435      a_ia       417                            0.00635308        26
     714        0.00023356      a_ia       714                            0.00326980        14
     884       -0.00023086      a_ia       884                           -0.00138519         6
    1184        0.00023070      a_ia      1184                            0.00322985        14
     913        0.00022570      a_ia       913                            0.00361117        16

  ==> Add operator: a_ia 1182
  ==> Current qubit order: 4  5  8  9  10  2  3  16  17  19  21  27  29  62  22  11  12  13  26  23  65  24  63  25  28  30  18  31  34  35  69  1  0  37  61  15  68  14  60  38  40  42  43  44  20  7  6  64  45  46  39  50  48  41  51  49  53  55  32  47  59  54  33  58  36  56  57  66  67  70  72  73  74  71  75  76  77  78  79  80  81  52  82  83  84  85  86  87  88  89  90  91  92  93  94  95  96  97  98  99  100  101  102  103  


  ==> Energy                -307.396516730
  ==> dE                       -1.25e-05
  ==> Gradient Norm             2.01e-01
  ==> Abs. Max. Deriv.          2.23e-02
  ==> Time-Grad. (s)              93.003
  ==> Time-Energy (s)              2.262
  ==> Time-Iter. (s)              96.700

--------------------------------------------------------------------------------
CEO-ADAPT-VQE iteration: 217
--------------------------------------------------------------------------------
    gate        derivative      name       op1       op2       op3        g_unscaled   penalty
    1186        0.00033824      a_ia      1186                            0.00338235        10
     472       -0.00029743      a_ia       472                           -0.00297429        10
     867       -0.00029481      a_ia       867                           -0.00176887         6
    1048       -0.00025777      a_ia      1048                           -0.00051554         2
    1154       -0.00024560      a_ia      1154                           -0.00049119         2
     419        0.00024475      a_ia       419                            0.00636339        26
     716        0.00023861      a_ia       716                            0.00334058        14
     714       -0.00023745      a_ia       714                           -0.00047490         2
     886       -0.00023173      a_ia       886                           -0.00139037         6
     443        0.00023093      a_ia       443                            0.00046186         2

  ==> Add operator: a_ia 1186
  ==> Current qubit order: 4  5  8  9  10  2  3  16  17  19  21  27  29  62  22  11  12  13  26  23  65  24  63  25  28  30  18  31  34  35  69  1  0  37  61  15  68  14  60  38  40  42  43  44  20  7  6  64  45  46  39  50  48  41  51  53  55  32  47  49  59  54  33  58  36  56  57  66  67  70  72  73  74  71  75  76  77  78  79  80  81  52  82  83  84  85  86  87  88  89  90  91  92  93  94  95  96  97  98  99  100  101  102  103  


  ==> Energy                -307.396521133
  ==> dE                       -4.40e-06
  ==> Gradient Norm             2.07e-01
  ==> Abs. Max. Deriv.          2.23e-02
  ==> Time-Grad. (s)              93.308
  ==> Time-Energy (s)              2.075
  ==> Time-Iter. (s)              96.842

--------------------------------------------------------------------------------
CEO-ADAPT-VQE iteration: 218
--------------------------------------------------------------------------------
    gate        derivative      name       op1       op2       op3        g_unscaled   penalty
     473       -0.00030035      a_ia       473                           -0.00300355        10
    1049       -0.00025849      a_ia      1049                           -0.00051697         2
     715       -0.00024717      a_ia       715                           -0.00049434         2
     420        0.00024546      a_ia       420                            0.00638198        26
     444        0.00024126      a_ia       444                            0.00048252         2
     717        0.00023991      a_ia       717                            0.00335869        14
     916        0.00022820      a_ia       916                            0.00365126        16
     868       -0.00022400      a_ia       868                           -0.00179197         8
    1239        0.00021478      a_ia      1239                            0.00214780        10
    1051        0.00021339      a_ia      1051                            0.00128032         6

  ==> Add operator: a_ia 473
  ==> Current qubit order: 4  5  8  9  10  2  3  16  17  19  21  27  29  62  22  11  12  13  26  23  65  24  63  25  28  30  18  31  34  35  1  0  37  61  69  15  68  14  60  38  40  42  43  44  20  7  6  64  45  46  39  50  48  41  51  53  55  32  47  49  59  54  33  58  36  56  57  66  67  70  72  73  74  71  75  76  77  78  79  80  81  52  82  83  84  85  86  87  88  89  90  91  92  93  94  95  96  97  98  99  100  101  102  103  


  ==> Energy                -307.396522919
  ==> dE                       -1.79e-06
  ==> Gradient Norm             2.15e-01
  ==> Abs. Max. Deriv.          2.23e-02
  ==> Time-Grad. (s)              89.146
  ==> Time-Energy (s)              1.976
  ==> Time-Iter. (s)              92.569

--------------------------------------------------------------------------------
CEO-ADAPT-VQE iteration: 219
--------------------------------------------------------------------------------
    gate        derivative      name       op1       op2       op3        g_unscaled   penalty
    1050       -0.00025849      a_ia      1050                           -0.00051699         2
     716       -0.00024033      a_ia       716                           -0.00048066         2
     917        0.00022610      a_ia       917                            0.00361766        16
     444        0.00022597      a_ia       444                            0.00045194         2
     869       -0.00022421      a_ia       869                           -0.00179366         8
     892       -0.00021601      a_ia       892                           -0.00086402         4
    1241        0.00021479      a_ia      1241                            0.00214786        10
    1052        0.00021384      a_ia      1052                            0.00128306         6
     205       -0.00019385      a_ia       205                           -0.00038769         2
     420        0.00018896      a_ia       420                            0.00642459        34

  ==> Add operator: a_ia 1050
  ==> Current qubit order: 4  5  8  9  10  2  3  16  17  19  21  27  29  62  22  11  12  13  26  23  65  24  63  25  28  30  18  31  34  35  1  0  37  61  69  15  68  14  60  38  40  42  43  44  20  7  6  64  45  46  39  50  48  41  51  53  55  32  47  49  59  54  33  58  36  56  57  66  67  70  72  73  74  71  75  76  77  78  79  80  81  52  82  83  84  85  86  87  88  89  90  91  92  93  94  95  96  97  98  99  100  101  102  103  


  ==> Energy                -307.396527954
  ==> dE                       -5.04e-06
  ==> Gradient Norm             2.11e-01
  ==> Abs. Max. Deriv.          2.23e-02
  ==> Time-Grad. (s)              94.423
  ==> Time-Energy (s)              2.377
  ==> Time-Iter. (s)              98.245

--------------------------------------------------------------------------------
CEO-ADAPT-VQE iteration: 220
--------------------------------------------------------------------------------
    gate        derivative      name       op1       op2       op3        g_unscaled   penalty
     717       -0.00024062      a_ia       717                           -0.00048124         2
    1053        0.00023439      a_ia      1053                            0.00140634         6
     445        0.00022664      a_ia       445                            0.00045328         2
     870       -0.00022608      a_ia       870                           -0.00180867         8
     918        0.00022573      a_ia       918                            0.00361164        16
   73429        0.00022261        op     25413     25414                  0.02025718        91
     893       -0.00021658      a_ia       893                           -0.00086632         4
    1244        0.00021508      a_ia      1244                            0.00215076        10
   73430        0.00021173        om     25413     25414                  0.01926703        91
     205       -0.00019426      a_ia       205                           -0.00038851         2

  ==> Add operator: a_ia 717
  ==> Current qubit order: 4  5  8  9  10  2  3  16  17  19  21  27  29  62  22  11  12  13  26  23  65  24  63  25  28  30  18  31  34  35  1  0  37  61  69  15  68  14  60  38  40  42  43  44  20  7  6  64  45  46  39  50  48  41  51  53  55  32  47  49  59  54  33  58  36  56  57  66  67  70  72  73  74  71  75  76  77  78  79  80  81  52  82  83  84  85  86  87  88  89  90  91  92  93  94  95  96  97  98  99  100  101  102  103  


  ==> Energy                -307.396527954
  ==> dE                       -6.76e-12
  ==> Gradient Norm             2.15e-01
  ==> Abs. Max. Deriv.          2.28e-02
  ==> Time-Grad. (s)              91.874
  ==> Time-Energy (s)              1.923
  ==> Time-Iter. (s)              95.242

--------------------------------------------------------------------------------
CEO-ADAPT-VQE iteration: 221
--------------------------------------------------------------------------------
    gate        derivative      name       op1       op2       op3        g_unscaled   penalty
     719       -0.00024265      a_ia       719                           -0.00048530         2
    1055        0.00023439      a_ia      1055                            0.00140634         6
     446        0.00022665      a_ia       446                            0.00045330         2
     872       -0.00022609      a_ia       872                           -0.00180869         8
     920        0.00022573      a_ia       920                            0.00361164        16
     895       -0.00021658      a_ia       895                           -0.00086631         4
    1246        0.00021508      a_ia      1246                            0.00215076        10
     205       -0.00019428      a_ia       205                           -0.00038856         2
     422        0.00018889      a_ia       422                            0.00642235        34
   73808       -0.00018253        op     25597     25598                 -0.01588020        87

  ==> Add operator: a_ia 719
  ==> Current qubit order: 4  5  8  9  10  2  3  16  17  19  21  27  29  62  22  11  12  13  26  23  65  24  63  25  28  30  18  31  34  35  1  0  37  61  69  15  68  14  60  38  40  42  43  44  20  7  6  64  45  46  39  50  48  41  51  53  55  32  47  49  59  54  33  58  36  56  57  66  67  70  72  73  74  71  75  76  77  78  79  80  81  52  82  83  84  85  86  87  88  89  90  91  92  93  94  95  96  97  98  99  100  101  102  103  


  ==> Energy                -307.396527954
  ==> dE                       -5.68e-14
  ==> Gradient Norm             2.03e-01
  ==> Abs. Max. Deriv.          2.23e-02
  ==> Time-Grad. (s)             151.090
  ==> Time-Energy (s)              2.077
  ==> Time-Iter. (s)             154.649

--------------------------------------------------------------------------------
CEO-ADAPT-VQE iteration: 222
--------------------------------------------------------------------------------
    gate        derivative      name       op1       op2       op3        g_unscaled   penalty
     722       -0.00024265      a_ia       722                           -0.00048530         2
    1060        0.00023439      a_ia      1060                            0.00140634         6
     448        0.00022665      a_ia       448                            0.00045330         2
     877       -0.00022609      a_ia       877                           -0.00180869         8
     925        0.00022573      a_ia       925                            0.00361164        16
     900       -0.00021658      a_ia       900                           -0.00086631         4
    1251        0.00021508      a_ia      1251                            0.00215076        10
     206       -0.00019428      a_ia       206                           -0.00038856         2
     424        0.00018889      a_ia       424                            0.00642235        34
     337       -0.00018166      a_ia       337                           -0.00326995        18

  ==> Add operator: a_ia 722
  ==> Current qubit order: 4  5  8  9  10  2  3  16  17  19  21  27  29  62  22  11  12  13  26  23  65  24  63  25  28  30  18  31  34  35  1  0  37  61  69  15  68  14  60  38  40  42  43  44  20  7  6  64  45  46  39  50  48  41  51  53  55  32  47  49  59  54  33  58  36  56  57  66  67  70  72  73  74  71  75  76  77  78  79  80  81  52  82  83  84  85  86  87  88  89  90  91  92  93  94  95  96  97  98  99  100  101  102  103  


  ==> Energy                -307.396527954
  ==> dE                       -2.27e-13
  ==> Gradient Norm             2.12e-01
  ==> Abs. Max. Deriv.          2.23e-02
  ==> Time-Grad. (s)             101.160
  ==> Time-Energy (s)              1.859
  ==> Time-Iter. (s)             104.592

--------------------------------------------------------------------------------
CEO-ADAPT-VQE iteration: 223
--------------------------------------------------------------------------------
    gate        derivative      name       op1       op2       op3        g_unscaled   penalty
     726       -0.00524050      a_ia       726                           -0.01048101         2
     451       -0.00344619      a_ia       451                           -0.00689239         2
     683        0.00294111      a_ia       683                            0.00588223         2
     682        0.00222301      a_ia       682                            0.01333803         6
     908        0.00219862      a_ia       908                            0.00879449         4
     449       -0.00124853      a_ia       449                           -0.00249706         2
    1208        0.00086094      a_ia      1208                            0.00172189         2
    1176       -0.00075827      a_ia      1176                           -0.00303308         4
    1265       -0.00064398      a_ia      1265                           -0.00128796         2
   45124       -0.00057597        om      4288      4289                 -0.02131103        37

  ==> Add operator: a_ia 726
  ==> Current qubit order: 4  5  8  9  10  2  3  16  17  19  21  27  29  62  22  11  12  13  26  23  65  24  63  25  28  30  18  31  34  35  1  0  37  61  69  15  68  14  60  38  40  42  43  44  20  7  6  64  45  46  39  50  48  41  51  53  55  32  47  49  59  54  33  58  36  56  57  66  67  70  72  73  74  71  75  76  77  78  79  80  81  52  82  83  84  85  86  87  88  89  90  91  92  93  94  95  96  97  98  99  100  101  102  103  


  ==> Energy                -307.397473753
  ==> dE                       -2.99e-05
  ==> Gradient Norm             2.16e-01
  ==> Abs. Max. Deriv.          2.65e-02
  ==> Time-Grad. (s)             111.411
  ==> Time-Energy (s)              3.500
  ==> Time-Iter. (s)             116.558

--------------------------------------------------------------------------------
CEO-ADAPT-VQE iteration: 224
--------------------------------------------------------------------------------
    gate        derivative      name       op1       op2       op3        g_unscaled   penalty
     451       -0.00343666      a_ia       451                           -0.00687333         2
     683        0.00288539      a_ia       683                            0.00577077         2
     682        0.00225021      a_ia       682                            0.01350127         6
     908        0.00218744      a_ia       908                            0.00874976         4
     449       -0.00127398      a_ia       449                           -0.00254795         2
    1208        0.00088201      a_ia      1208                            0.00176402         2
    1176       -0.00078798      a_ia      1176                           -0.00315194         4
    1266       -0.00064525      a_ia      1266                           -0.00129049         2
   45116       -0.00057602        om      4298      4299                 -0.02131285        37
   45115       -0.00057566        op      4298      4299                 -0.02129943        37

  ==> Add operator: a_ia 451
  ==> Current qubit order: 4  5  8  9  10  2  3  16  17  19  21  27  29  62  22  11  12  13  26  23  65  24  63  25  28  30  18  31  34  35  1  0  37  61  69  15  68  14  60  38  40  42  43  44  20  7  6  64  45  46  39  50  48  41  51  53  55  32  47  49  59  54  33  58  36  56  57  66  67  70  72  73  74  71  75  76  77  78  79  80  81  52  82  83  84  85  86  87  88  89  90  91  92  93  94  95  96  97  98  99  100  101  102  103  


  ==> Energy                -307.397483042
  ==> dE                       -9.29e-06
  ==> Gradient Norm             2.19e-01
  ==> Abs. Max. Deriv.          2.21e-02
  ==> Time-Grad. (s)             117.047
  ==> Time-Energy (s)              3.867
  ==> Time-Iter. (s)             122.383

--------------------------------------------------------------------------------
CEO-ADAPT-VQE iteration: 225
--------------------------------------------------------------------------------
    gate        derivative      name       op1       op2       op3        g_unscaled   penalty
     684        0.00289531      a_ia       684                            0.00579062         2
     683        0.00224633      a_ia       683                            0.01347798         6
     910        0.00215922      a_ia       910                            0.00863689         4
     450       -0.00121682      a_ia       450                           -0.00243364         2
    1210        0.00090229      a_ia      1210                            0.00180457         2
    1178       -0.00080465      a_ia      1178                           -0.00321862         4
    1269       -0.00064518      a_ia      1269                           -0.00129035         2
   45093       -0.00057603        om      4305      4306                 -0.02131321        37
   45092       -0.00057567        op      4305      4306                 -0.02129979        37
     971        0.00048192      a_ia       971                            0.00289151         6

  ==> Add operator: a_ia 684
  ==> Current qubit order: 4  5  8  9  10  2  3  16  17  19  21  27  29  62  22  11  12  13  26  23  65  24  63  25  28  30  18  31  34  35  1  0  37  61  69  15  68  14  60  38  40  42  43  44  20  7  6  64  45  46  39  50  48  41  51  53  55  32  47  49  59  54  33  58  36  56  57  66  67  70  72  73  74  71  75  76  77  78  79  80  81  52  82  83  84  85  86  87  88  89  90  91  92  93  94  95  96  97  98  99  100  101  102  103  


  ==> Energy                -307.397668039
  ==> dE                       -1.85e-04
  ==> Gradient Norm             2.16e-01
  ==> Abs. Max. Deriv.          3.87e-02
  ==> Time-Grad. (s)             112.330
  ==> Time-Energy (s)            373.366
  ==> Time-Iter. (s)             487.161

--------------------------------------------------------------------------------
CEO-ADAPT-VQE iteration: 226
--------------------------------------------------------------------------------
    gate        derivative      name       op1       op2       op3        g_unscaled   penalty
     454        0.00134434      a_ia       454                            0.00268868         2
    1181       -0.00077746      a_ia      1181                           -0.00310985         4
    1213        0.00076076      a_ia      1213                            0.00152152         2
     730       -0.00045033      a_ia       730                           -0.00090067         2
    1272       -0.00044679      a_ia      1272                           -0.00089358         2
     481        0.00043319      a_ia       481                            0.00086638         2
    1266        0.00040390      a_ia      1266                            0.00080779         2
    1267        0.00039156      a_ia      1267                            0.00234939         6
     974        0.00036138      a_ia       974                            0.00216830         6
    1072        0.00036066      a_ia      1072                            0.00144263         4

  ==> Add operator: a_ia 454
  ==> Current qubit order: 4  5  8  9  10  2  3  16  17  19  21  27  29  62  22  11  12  13  26  23  65  24  63  25  28  30  18  31  34  35  1  0  37  61  69  15  68  14  60  38  40  42  43  44  20  7  6  64  45  46  39  50  48  41  51  53  55  32  47  49  59  54  33  58  36  56  57  66  67  70  72  73  74  71  75  76  77  78  79  80  81  52  82  83  84  85  86  87  88  89  90  91  92  93  94  95  96  97  98  99  100  101  102  103  


  ==> Energy                -307.397669537
  ==> dE                       -1.50e-06
  ==> Gradient Norm             2.08e-01
  ==> Abs. Max. Deriv.          3.18e-02
  ==> Time-Grad. (s)             111.468
  ==> Time-Energy (s)              4.317
  ==> Time-Iter. (s)             117.268

--------------------------------------------------------------------------------
CEO-ADAPT-VQE iteration: 227
--------------------------------------------------------------------------------
    gate        derivative      name       op1       op2       op3        g_unscaled   penalty
    1185       -0.00077077      a_ia      1185                           -0.00308308         4
    1217        0.00075265      a_ia      1217                            0.00150530         2
     733       -0.00045207      a_ia       733                           -0.00090415         2
    1276       -0.00044682      a_ia      1276                           -0.00089364         2
    1270        0.00040396      a_ia      1270                            0.00080791         2
   89736       -0.00039428        op     37874     37876                 -0.01853114        47
   89737       -0.00039428        op     37874     37876                 -0.01853114        47
     483        0.00039369      a_ia       483                            0.00078739         2
    1271        0.00039156      a_ia      1271                            0.00234934         6
     977        0.00036103      a_ia       977                            0.00216616         6

  ==> Add operator: a_ia 1185
  ==> Current qubit order: 4  5  8  9  10  2  3  16  17  19  21  27  29  62  22  11  12  13  26  23  65  24  63  25  28  30  18  31  34  35  1  0  37  61  69  15  68  14  60  38  40  42  43  44  20  7  6  64  45  46  39  50  48  41  51  53  55  32  49  47  59  54  33  58  36  56  57  66  67  70  72  73  74  71  75  76  77  78  79  80  81  52  82  83  84  85  86  87  88  89  90  91  92  93  94  95  96  97  98  99  100  101  102  103  


  ==> Energy                -307.397673305
  ==> dE                       -3.77e-06
  ==> Gradient Norm             2.13e-01
  ==> Abs. Max. Deriv.          2.56e-02
  ==> Time-Grad. (s)             110.480
  ==> Time-Energy (s)              3.991
  ==> Time-Iter. (s)             115.938

--------------------------------------------------------------------------------
CEO-ADAPT-VQE iteration: 228
--------------------------------------------------------------------------------
    gate        derivative      name       op1       op2       op3        g_unscaled   penalty
     736       -0.00047722      a_ia       736                           -0.00095445         2
    1284       -0.00045154      a_ia      1284                           -0.00090308         2
    1278        0.00040299      a_ia      1278                            0.00080598         2
    1279        0.00039157      a_ia      1279                            0.00234942         6
    1224        0.00039112      a_ia      1224                            0.00156448         4
     485        0.00037204      a_ia       485                            0.00074407         2
     982        0.00036514      a_ia       982                            0.00219086         6
    1081        0.00036200      a_ia      1081                            0.00144799         4
     916       -0.00034292      a_ia       916                           -0.00205751         6
   45089       -0.00028061        om      4337      4338                 -0.01038257        37

  ==> Add operator: a_ia 736
  ==> Current qubit order: 4  5  8  9  10  2  3  16  17  19  21  27  29  62  22  11  12  13  26  23  65  24  63  25  28  30  18  31  34  35  1  0  37  61  69  15  68  14  60  38  40  42  43  44  20  7  6  64  45  46  39  50  48  41  51  53  55  32  49  47  59  54  33  58  36  56  57  66  67  70  72  73  74  71  75  76  77  78  79  80  81  52  82  83  84  85  86  87  88  89  90  91  92  93  94  95  96  97  98  99  100  101  102  103  


  ==> Energy                -307.397673498
  ==> dE                       -1.93e-07
  ==> Gradient Norm             2.03e-01
  ==> Abs. Max. Deriv.          2.23e-02
  ==> Time-Grad. (s)             105.591
  ==> Time-Energy (s)              4.559
  ==> Time-Iter. (s)             111.620

--------------------------------------------------------------------------------
CEO-ADAPT-VQE iteration: 229
--------------------------------------------------------------------------------
    gate        derivative      name       op1       op2       op3        g_unscaled   penalty
    1290       -0.00045163      a_ia      1290                           -0.00090326         2
   81668        0.00040340        om     32003     32004                  0.03751610        93
    1284        0.00040300      a_ia      1284                            0.00080600         2
   81667        0.00040190        op     32003     32004                  0.03737713        93
    1230        0.00039197      a_ia      1230                            0.00156787         4
    1285        0.00039158      a_ia      1285                            0.00234950         6
     487        0.00037469      a_ia       487                            0.00074938         2
     987        0.00036499      a_ia       987                            0.00218995         6
    1087        0.00036275      a_ia      1087                            0.00145098         4
   32003        0.00034355    a_iajb     32003                            0.03744661       109

  ==> Add operator: a_ia 1290
  ==> Current qubit order: 4  5  8  9  10  2  3  16  17  19  21  27  29  62  22  11  12  13  26  23  65  24  63  25  28  30  18  31  34  35  1  0  37  61  69  15  68  14  60  38  40  42  43  44  20  7  6  64  45  46  39  50  48  41  51  53  55  32  49  47  59  54  33  58  36  56  57  66  67  70  72  73  74  71  75  76  77  78  79  80  81  52  82  83  84  85  86  87  88  89  90  91  92  93  94  95  96  97  98  99  100  101  102  103  


  ==> Energy                -307.397684651
  ==> dE                       -1.12e-05
  ==> Gradient Norm             2.15e-01
  ==> Abs. Max. Deriv.          3.75e-02
  ==> Time-Grad. (s)             113.913
  ==> Time-Energy (s)              4.413
  ==> Time-Iter. (s)             119.788

--------------------------------------------------------------------------------
CEO-ADAPT-VQE iteration: 230
--------------------------------------------------------------------------------
    gate        derivative      name       op1       op2       op3        g_unscaled   penalty
    1289        0.00040566      a_ia      1289                            0.00081132         2
    1235        0.00039820      a_ia      1235                            0.00159278         4
    1290        0.00039133      a_ia      1290                            0.00234797         6
     490        0.00038216      a_ia       490                            0.00076432         2
    1091        0.00037025      a_ia      1091                            0.00148099         4
     991        0.00036553      a_ia       991                            0.00219318         6
     925       -0.00034263      a_ia       925                           -0.00205575         6
   45087       -0.00028068        om      4363      4364                 -0.01038506        37
   45086       -0.00028035        op      4363      4364                 -0.01037303        37
     383       -0.00026144      a_ia       383                           -0.00366022        14

  ==> Add operator: a_ia 1289
  ==> Current qubit order: 4  5  8  9  10  2  3  16  17  19  21  27  29  62  22  11  12  13  26  23  65  24  63  25  28  30  18  31  34  35  1  0  37  61  69  15  68  14  60  38  40  42  43  44  20  7  6  64  45  46  39  50  48  41  51  53  55  32  49  47  59  54  33  58  36  56  57  66  67  70  72  73  74  71  75  76  77  78  79  80  81  52  82  83  84  85  86  87  88  89  90  91  92  93  94  95  96  97  98  99  100  101  102  103  


  ==> Energy                -307.397689822
  ==> dE                       -5.17e-06
  ==> Gradient Norm             2.03e-01
  ==> Abs. Max. Deriv.          2.23e-02
  ==> Time-Grad. (s)             111.259
  ==> Time-Energy (s)              3.526
  ==> Time-Iter. (s)             116.174

--------------------------------------------------------------------------------
CEO-ADAPT-VQE iteration: 231
--------------------------------------------------------------------------------
    gate        derivative      name       op1       op2       op3        g_unscaled   penalty
    1235        0.00039872      a_ia      1235                            0.00159489         4
    1290        0.00039062      a_ia      1290                            0.00234370         6
     490        0.00038312      a_ia       490                            0.00076623         2
    1091        0.00037119      a_ia      1091                            0.00148476         4
     991        0.00036471      a_ia       991                            0.00218823         6
     925       -0.00034193      a_ia       925                           -0.00205158         6
   45121       -0.00028068        om      4371      4372                 -0.01038513        37
   45120       -0.00028035        op      4371      4372                 -0.01037310        37
     383       -0.00026144      a_ia       383                           -0.00366011        14
     700       -0.00025212      a_ia       700                           -0.00151273         6

  ==> Add operator: a_ia 1235
  ==> Current qubit order: 4  5  8  9  10  2  3  16  17  19  21  27  29  62  22  11  12  13  26  23  65  24  63  25  28  30  18  31  34  35  1  0  37  61  69  15  68  14  60  38  40  42  43  44  20  7  6  64  45  46  39  50  48  41  51  53  55  32  47  49  59  54  33  58  36  56  57  66  67  70  72  73  74  71  75  76  77  78  79  80  81  52  82  83  84  85  86  87  88  89  90  91  92  93  94  95  96  97  98  99  100  101  102  103  


  ==> Energy                -307.397690968
  ==> dE                       -1.15e-06
  ==> Gradient Norm             2.03e-01
  ==> Abs. Max. Deriv.          2.23e-02
  ==> Time-Grad. (s)             171.789
  ==> Time-Energy (s)              4.735
  ==> Time-Iter. (s)             177.940

--------------------------------------------------------------------------------
CEO-ADAPT-VQE iteration: 232
--------------------------------------------------------------------------------
    gate        derivative      name       op1       op2       op3        g_unscaled   penalty
   93582        0.00040087        om     40891     40892                  0.01803926        45
    1293        0.00039064      a_ia      1293                            0.00234386         6
   93581        0.00038428        op     40891     40892                  0.01729278        45
     492        0.00037605      a_ia       492                            0.00075210         2
    1094        0.00037263      a_ia      1094                            0.00149051         4
     993        0.00036537      a_ia       993                            0.00219222         6
    1204        0.00031151      a_ia      1204                            0.00124606         4
   93426       -0.00029628        om     40759     40760                 -0.01570309        53
   40891        0.00028961    a_iajb     40891                            0.01766602        61
   93425       -0.00028869        op     40759     40760                 -0.01530078        53

  ==> Add operator: mvp2 -1: 40891 40892
  ==> Current qubit order: 4  5  8  9  10  2  3  16  17  19  21  27  29  62  22  11  12  13  26  23  65  24  63  25  28  30  18  31  34  35  1  0  37  61  69  15  68  14  60  38  40  42  43  44  20  7  6  64  45  46  39  48  41  53  50  51  55  58  32  47  49  59  54  33  36  56  57  66  67  70  72  73  74  71  75  76  77  78  79  80  81  52  82  83  84  85  86  87  88  89  90  91  92  93  94  95  96  97  98  99  100  101  102  103  


  ==> Energy                -307.397797249
  ==> dE                       -1.06e-04
  ==> Gradient Norm             2.17e-01
  ==> Abs. Max. Deriv.          2.23e-02
  ==> Time-Grad. (s)             106.599
  ==> Time-Energy (s)              5.669
  ==> Time-Iter. (s)             113.740

--------------------------------------------------------------------------------
CEO-ADAPT-VQE iteration: 233
--------------------------------------------------------------------------------
    gate        derivative      name       op1       op2       op3        g_unscaled   penalty
    1094        0.00073552      a_ia      1094                            0.00147104         2
     993        0.00055337      a_ia       993                            0.00221348         4
    1293        0.00039200      a_ia      1293                            0.00235200         6
     492        0.00038032      a_ia       492                            0.00076065         2
   45104       -0.00028063        om      4388      4389                 -0.01038313        37
   45103       -0.00028030        op      4388      4389                 -0.01037109        37
     385       -0.00026145      a_ia       385                           -0.00366029        14
     702       -0.00025126      a_ia       702                           -0.00150756         6
     957        0.00024486      a_ia       957                            0.00391771        16
    1294        0.00023556      a_ia      1294                            0.00235563        10

  ==> Add operator: a_ia 1094
  ==> Current qubit order: 4  5  8  9  10  2  3  16  17  19  21  27  29  62  22  11  12  13  26  23  65  24  63  25  28  30  18  31  34  35  1  0  37  61  69  15  68  14  60  38  40  42  43  44  20  7  6  64  45  46  39  48  41  53  50  51  55  58  32  47  49  59  54  33  36  56  57  66  67  70  72  73  74  71  75  76  77  78  79  80  81  52  82  83  84  85  86  87  88  89  90  91  92  93  94  95  96  97  98  99  100  101  102  103  


  ==> Energy                -307.397798530
  ==> dE                       -1.28e-06
  ==> Gradient Norm             2.03e-01
  ==> Abs. Max. Deriv.          2.23e-02
  ==> Time-Grad. (s)             175.896
  ==> Time-Energy (s)              4.548
  ==> Time-Iter. (s)             181.920

--------------------------------------------------------------------------------
CEO-ADAPT-VQE iteration: 234
--------------------------------------------------------------------------------
    gate        derivative      name       op1       op2       op3        g_unscaled   penalty
     678        0.00305733      a_ia       678                            0.00611466         2
     996        0.00055936      a_ia       996                            0.00223745         4
    1298        0.00039197      a_ia      1298                            0.00235180         6
     492        0.00038151      a_ia       492                            0.00076303         2
   45005       -0.00028059        om      4404      4405                 -0.01038198        37
   45004       -0.00028027        op      4404      4405                 -0.01036993        37
     385       -0.00026146      a_ia       385                           -0.00366040        14
     704       -0.00025027      a_ia       704                           -0.00150163         6
     960        0.00024324      a_ia       960                            0.00389184        16
    1299        0.00023555      a_ia      1299                            0.00235548        10

  ==> Add operator: a_ia 678
  ==> Current qubit order: 4  5  8  9  10  2  3  16  17  19  21  27  29  62  22  11  12  13  26  23  65  24  63  25  28  30  18  31  34  35  1  0  37  61  69  15  68  14  60  38  40  42  43  44  20  7  6  64  45  46  39  48  41  53  50  51  55  58  32  47  49  59  54  33  36  56  57  66  67  70  72  73  74  71  75  76  77  78  79  80  81  52  82  83  84  85  86  87  88  89  90  91  92  93  94  95  96  97  98  99  100  101  102  103  


  ==> Energy                -307.397808308
  ==> dE                       -9.78e-06
  ==> Gradient Norm             2.10e-01
  ==> Abs. Max. Deriv.          2.23e-02
  ==> Time-Grad. (s)             105.003
  ==> Time-Energy (s)              5.457
  ==> Time-Iter. (s)             111.907

--------------------------------------------------------------------------------
CEO-ADAPT-VQE iteration: 235
--------------------------------------------------------------------------------
    gate        derivative      name       op1       op2       op3        g_unscaled   penalty
     998        0.00056356      a_ia       998                            0.00225423         4
     493        0.00039589      a_ia       493                            0.00079178         2
    1302        0.00039207      a_ia      1302                            0.00235243         6
     705       -0.00028897      a_ia       705                           -0.00173379         6
   45060       -0.00028063        om      4417      4418                 -0.01038329        37
   45059       -0.00028030        op      4417      4418                 -0.01037125        37
    1281        0.00025273      a_ia      1281                            0.00050545         2
     386       -0.00024909      a_ia       386                           -0.00348721        14
     962        0.00024398      a_ia       962                            0.00390360        16
    1303        0.00023559      a_ia      1303                            0.00235591        10

  ==> Add operator: a_ia 998
  ==> Current qubit order: 4  5  8  9  10  2  3  16  17  19  21  27  29  62  22  11  12  13  26  23  65  24  63  25  28  30  18  31  34  35  1  0  37  61  69  15  68  14  60  38  40  42  43  44  20  7  6  64  45  46  39  48  41  53  50  51  55  58  32  47  49  59  33  54  36  56  57  66  67  70  72  73  74  71  75  76  77  78  79  80  81  52  82  83  84  85  86  87  88  89  90  91  92  93  94  95  96  97  98  99  100  101  102  103  


  ==> Energy                -307.397810336
  ==> dE                       -2.03e-06
  ==> Gradient Norm             2.05e-01
  ==> Abs. Max. Deriv.          2.23e-02
  ==> Time-Grad. (s)             106.826
  ==> Time-Energy (s)              4.107
  ==> Time-Iter. (s)             112.385

--------------------------------------------------------------------------------
CEO-ADAPT-VQE iteration: 236
--------------------------------------------------------------------------------
    gate        derivative      name       op1       op2       op3        g_unscaled   penalty
     494        0.00039393      a_ia       494                            0.00078787         2
    1305        0.00039204      a_ia      1305                            0.00235223         6
   92417       -0.00036678        op     40350     40351                 -0.01650523        45
   92418       -0.00036636        om     40350     40351                 -0.01648642        45
     934       -0.00030751      a_ia       934                           -0.00184506         6
     707       -0.00028737      a_ia       707                           -0.00172423         6
   45012       -0.00028064        om      4428      4429                 -0.01038376        37
   45011       -0.00028032        op      4428      4429                 -0.01037172        37
   40350       -0.00027042    a_iajb     40350                           -0.01649583        61
     386       -0.00024968      a_ia       386                           -0.00349557        14

  ==> Add operator: a_ia 494
  ==> Current qubit order: 4  5  8  9  10  2  3  16  17  19  21  27  29  62  22  11  12  13  26  23  65  24  63  25  28  30  18  31  34  35  1  0  37  61  69  15  68  14  60  38  40  42  43  44  20  7  6  64  45  46  39  48  41  53  50  51  55  58  32  47  49  59  33  54  36  56  57  66  67  70  72  73  74  71  75  76  77  78  79  80  81  52  82  83  84  85  86  87  88  89  90  91  92  93  94  95  96  97  98  99  100  101  102  103  


  ==> Energy                -307.397810470
  ==> dE                       -1.34e-07
  ==> Gradient Norm             2.06e-01
  ==> Abs. Max. Deriv.          2.23e-02
  ==> Time-Grad. (s)             120.005
  ==> Time-Energy (s)              3.538
  ==> Time-Iter. (s)             125.008

--------------------------------------------------------------------------------
CEO-ADAPT-VQE iteration: 237
--------------------------------------------------------------------------------
    gate        derivative      name       op1       op2       op3        g_unscaled   penalty
    1313        0.00039203      a_ia      1313                            0.00235221         6
     937       -0.00030754      a_ia       937                           -0.00184525         6
     710       -0.00028819      a_ia       710                           -0.00172915         6
   44991       -0.00028064        om      4448      4449                 -0.01038369        37
   44990       -0.00028031        op      4448      4449                 -0.01037165        37
     388       -0.00024981      a_ia       388                           -0.00349729        14
     967        0.00024546      a_ia       967                            0.00392728        16
    1314        0.00023557      a_ia      1314                            0.00235571        10
    1292        0.00023264      a_ia      1292                            0.00046528         2
     914        0.00022690      a_ia       914                            0.00408427        18

  ==> Add operator: a_ia 1313
  ==> Current qubit order: 4  5  8  9  10  2  3  16  17  19  21  27  29  62  22  11  12  13  26  23  65  24  63  25  28  30  18  31  34  35  1  0  37  61  69  15  68  14  60  38  40  42  43  44  20  7  6  64  45  46  39  48  41  53  50  51  55  58  32  47  49  59  33  54  36  56  57  66  67  70  72  73  74  71  75  76  77  78  79  80  81  82  83  52  84  85  86  87  88  89  90  91  92  93  94  95  96  97  98  99  100  101  102  103  


  ==> Energy                -307.397852671
  ==> dE                       -4.22e-05
  ==> Gradient Norm             2.05e-01
  ==> Abs. Max. Deriv.          2.23e-02
  ==> Time-Grad. (s)             117.789
  ==> Time-Energy (s)              4.569
  ==> Time-Iter. (s)             123.840

--------------------------------------------------------------------------------
CEO-ADAPT-VQE iteration: 238
--------------------------------------------------------------------------------
    gate        derivative      name       op1       op2       op3        g_unscaled   penalty
     939        0.00056780      a_ia       939                            0.00227118         4
    1316        0.00039122      a_ia      1316                            0.00234732         6
     938       -0.00030741      a_ia       938                           -0.00184447         6
     710       -0.00028671      a_ia       710                           -0.00172025         6
   44979       -0.00028060        om      4453      4454                 -0.01038209        37
   44978       -0.00028027        op      4453      4454                 -0.01037006        37
     388       -0.00025013      a_ia       388                           -0.00350177        14
     969        0.00024532      a_ia       969                            0.00392517        16
     915        0.00022791      a_ia       915                            0.00410240        18
    1294        0.00022621      a_ia      1294                            0.00045242         2

  ==> Add operator: a_ia 939
  ==> Current qubit order: 4  5  8  9  10  2  3  16  17  19  21  27  29  62  22  11  12  13  26  23  65  24  63  25  28  30  18  31  34  35  1  0  37  61  69  15  68  14  60  38  40  42  43  44  20  7  6  64  45  46  39  48  41  53  50  51  55  58  32  47  59  49  33  54  36  56  57  66  67  70  72  73  74  71  75  76  77  78  79  80  81  82  83  52  84  85  86  87  88  89  90  91  92  93  94  95  96  97  98  99  100  101  102  103  


  ==> Energy                -307.398180897
  ==> dE                       -3.28e-04
  ==> Gradient Norm             2.07e-01
  ==> Abs. Max. Deriv.          2.23e-02
  ==> Time-Grad. (s)             116.761
  ==> Time-Energy (s)              4.862
  ==> Time-Iter. (s)             123.079

--------------------------------------------------------------------------------
CEO-ADAPT-VQE iteration: 239
--------------------------------------------------------------------------------
    gate        derivative      name       op1       op2       op3        g_unscaled   penalty
    1261       -0.00053264      a_ia      1261                           -0.00106529         2
    1319        0.00039380      a_ia      1319                            0.00236282         6
     946       -0.00030123      a_ia       946                           -0.00120491         4
     711       -0.00029098      a_ia       711                           -0.00174587         6
   44994       -0.00028064        om      4460      4461                 -0.01038350        37
   44993       -0.00028031        op      4460      4461                 -0.01037145        37
     388       -0.00024697      a_ia       388                           -0.00345763        14
     971        0.00024219      a_ia       971                            0.00387505        16
    1296       -0.00023613      a_ia      1296                           -0.00094452         4
     917        0.00021319      a_ia       917                            0.00383736        18

  ==> Add operator: a_ia 1261
  ==> Current qubit order: 4  5  8  9  10  2  3  16  17  19  21  27  29  62  22  11  12  13  26  23  65  24  63  25  28  30  18  31  34  35  1  0  37  61  69  15  68  14  60  38  40  42  43  44  20  7  6  64  45  46  39  48  41  53  50  51  55  58  32  47  59  49  33  54  36  56  57  66  67  70  72  73  74  71  75  76  77  78  79  80  81  82  83  52  84  85  86  87  88  89  90  91  92  93  94  95  96  97  98  99  100  101  102  103  


  ==> Energy                -307.398181466
  ==> dE                       -5.69e-07
  ==> Gradient Norm             2.09e-01
  ==> Abs. Max. Deriv.          2.23e-02
  ==> Time-Grad. (s)             116.531
  ==> Time-Energy (s)              4.473
  ==> Time-Iter. (s)             122.465

--------------------------------------------------------------------------------
CEO-ADAPT-VQE iteration: 240
--------------------------------------------------------------------------------
    gate        derivative      name       op1       op2       op3        g_unscaled   penalty
    1320        0.00039380      a_ia      1320                            0.00236279         6
     946       -0.00029660      a_ia       946                           -0.00118641         4
     711       -0.00029220      a_ia       711                           -0.00175323         6
   45068       -0.00028065        om      4465      4466                 -0.01038395        37
   45067       -0.00028032        op      4465      4466                 -0.01037190        37
     388       -0.00024652      a_ia       388                           -0.00345134        14
     971        0.00024179      a_ia       971                            0.00386863        16
   72733       -0.00024027        op     25300     25301                 -0.01561765        65
   72734       -0.00023891        om     25300     25301                 -0.01552946        65
    1297       -0.00023591      a_ia      1297                           -0.00094365         4

  ==> Add operator: a_ia 1320
  ==> Current qubit order: 4  5  8  9  10  2  3  16  17  19  21  27  29  62  22  11  12  13  26  23  65  24  63  25  28  30  18  31  34  35  1  0  37  61  69  15  68  14  60  38  40  42  43  44  20  7  6  64  45  46  39  48  41  53  50  51  55  58  32  47  59  49  33  54  36  56  57  66  67  70  72  73  74  71  75  76  77  78  79  80  81  82  83  84  85  52  86  87  88  89  90  91  92  93  94  95  96  97  98  99  100  101  102  103  


  ==> Energy                -307.398221963
  ==> dE                       -4.05e-05
  ==> Gradient Norm             2.17e-01
  ==> Abs. Max. Deriv.          2.81e-02
  ==> Time-Grad. (s)             110.092
  ==> Time-Energy (s)              4.017
  ==> Time-Iter. (s)             115.574

--------------------------------------------------------------------------------
CEO-ADAPT-VQE iteration: 241
--------------------------------------------------------------------------------
    gate        derivative      name       op1       op2       op3        g_unscaled   penalty
   72106        0.00039452        op     25025     25026                  0.02406594        61
   72107        0.00039028        om     25025     25026                  0.02380735        61
   25025        0.00031087    a_iajb     25025                            0.02393664        77
     951       -0.00029572      a_ia       951                           -0.00118289         4
     713       -0.00029142      a_ia       713                           -0.00174849         6
   45035       -0.00028062        om      4478      4479                 -0.01038298        37
   45034       -0.00028030        op      4478      4479                 -0.01037093        37
   45054        0.00026699        op      4498      4499                  0.03284028       123
   45055        0.00026613        om      4498      4499                  0.03273402       123
     389       -0.00024656      a_ia       389                           -0.00345183        14

  ==> Add operator: mvp2 -1: 25025 25026
  ==> Current qubit order: 4  5  8  9  10  2  3  16  17  19  21  27  29  62  22  11  12  13  26  23  65  24  63  25  28  30  18  31  34  35  1  0  37  61  69  15  68  14  60  38  40  42  43  44  20  7  45  46  39  48  6  64  53  33  41  50  51  55  58  32  47  59  49  54  36  56  57  66  67  70  72  73  74  71  75  76  77  78  79  80  81  82  83  84  85  52  86  87  88  89  90  91  92  93  94  95  96  97  98  99  100  101  102  103  


  ==> Energy                -307.398303167
  ==> dE                       -8.12e-05
  ==> Gradient Norm             2.24e-01
  ==> Abs. Max. Deriv.          3.28e-02
  ==> Time-Grad. (s)             178.158
  ==> Time-Energy (s)              9.200
  ==> Time-Iter. (s)             188.830

--------------------------------------------------------------------------------
CEO-ADAPT-VQE iteration: 242
--------------------------------------------------------------------------------
    gate        derivative      name       op1       op2       op3        g_unscaled   penalty
     951        0.00061641      a_ia       951                            0.00123282         2
   65925        0.00032836        om     20264     20265                  0.02199981        67
   65924        0.00032606        op     20264     20265                  0.02184576        67
     716       -0.00029142      a_ia       716                           -0.00174851         6
   45075       -0.00028061        om      4487      4488                 -0.01038240        37
   45074       -0.00028028        op      4487      4488                 -0.01037037        37
   45094        0.00026699        op      4507      4508                  0.03284023       123
   45095        0.00026613        om      4507      4508                  0.03273399       123
   20264        0.00026413    a_iajb     20264                            0.02192278        83
     390       -0.00024657      a_ia       390                           -0.00345195        14

  ==> Add operator: a_ia 951
  ==> Current qubit order: 4  5  8  9  10  2  3  16  17  19  21  27  29  62  22  11  12  13  26  23  65  24  63  25  28  30  18  31  34  35  1  0  37  61  69  15  68  14  60  38  40  42  43  44  20  7  45  46  39  48  6  64  53  33  41  50  51  55  58  32  47  59  49  54  36  56  57  66  67  70  72  73  74  71  75  76  77  78  79  80  81  82  83  84  85  52  86  87  88  89  90  91  92  93  94  95  96  97  98  99  100  101  102  103  


  ==> Energy                -307.398303973
  ==> dE                       -8.07e-07
  ==> Gradient Norm             2.17e-01
  ==> Abs. Max. Deriv.          3.28e-02
  ==> Time-Grad. (s)             118.194
  ==> Time-Energy (s)              3.914
  ==> Time-Iter. (s)             123.566

--------------------------------------------------------------------------------
CEO-ADAPT-VQE iteration: 243
--------------------------------------------------------------------------------
    gate        derivative      name       op1       op2       op3        g_unscaled   penalty
     717       -0.00028971      a_ia       717                           -0.00173828         6
   45011       -0.00028058        om      4495      4496                 -0.01038158        37
   45010       -0.00028026        op      4495      4496                 -0.01036955        37
   45030        0.00026699        op      4515      4516                  0.03283953       123
   45031        0.00026612        om      4515      4516                  0.03273329       123
     390       -0.00024771      a_ia       390                           -0.00346793        14
    1143       -0.00024539      a_ia      1143                           -0.00147236         6
     980        0.00024234      a_ia       980                            0.00387742        16
    4515        0.00023587    a_iajb      4515                            0.03278641       139
     353       -0.00020020      a_ia       353                           -0.00360364        18

  ==> Add operator: a_ia 717
  ==> Current qubit order: 4  5  8  9  10  2  3  16  17  19  21  27  29  62  22  11  12  13  26  65  24  23  63  25  28  30  18  31  34  35  1  0  37  61  69  15  68  14  60  38  40  42  43  44  20  7  45  46  39  48  6  64  53  33  41  50  51  55  58  32  47  59  49  54  36  56  57  66  67  70  72  73  74  71  75  76  77  78  79  80  81  82  83  84  85  52  86  87  88  89  90  91  92  93  94  95  96  97  98  99  100  101  102  103  


  ==> Energy                -307.398305027
  ==> dE                       -1.05e-06
  ==> Gradient Norm             2.19e-01
  ==> Abs. Max. Deriv.          3.28e-02
  ==> Time-Grad. (s)             118.262
  ==> Time-Energy (s)              3.591
  ==> Time-Iter. (s)             123.330

--------------------------------------------------------------------------------
CEO-ADAPT-VQE iteration: 244
--------------------------------------------------------------------------------
    gate        derivative      name       op1       op2       op3        g_unscaled   penalty
   65640        0.00040014        om     20254     20255                  0.02200792        55
   65639        0.00039734        op     20254     20255                  0.02185375        55
   20254        0.00030888    a_iajb     20254                            0.02193083        71
   44864       -0.00028058        om      4497      4498                 -0.01038155        37
   44863       -0.00028026        op      4497      4498                 -0.01036952        37
   44883        0.00026699        op      4517      4518                  0.03283974       123
   44884        0.00026613        om      4517      4518                  0.03273350       123
    1144       -0.00024512      a_ia      1144                           -0.00147073         6
     391       -0.00024418      a_ia       391                           -0.00341856        14
     981        0.00024278      a_ia       981                            0.00388452        16

  ==> Add operator: mvp2 -1: 20254 20255
  ==> Current qubit order: 4  5  8  9  10  2  3  16  17  19  21  27  29  62  22  11  12  13  26  65  24  63  25  28  30  18  31  34  35  1  23  0  61  60  37  69  15  68  14  38  40  42  43  44  20  7  45  46  39  48  6  64  53  33  41  50  51  55  58  32  47  59  49  54  36  56  57  66  67  70  72  73  74  71  75  76  77  78  79  80  81  82  83  84  85  52  86  87  88  89  90  91  92  93  94  95  96  97  98  99  100  101  102  103  


  ==> Energy                -307.398371106
  ==> dE                       -6.61e-05
  ==> Gradient Norm             2.20e-01
  ==> Abs. Max. Deriv.          3.28e-02
  ==> Time-Grad. (s)             180.141
  ==> Time-Energy (s)              6.081
  ==> Time-Iter. (s)             187.690

--------------------------------------------------------------------------------
CEO-ADAPT-VQE iteration: 245
--------------------------------------------------------------------------------
    gate        derivative      name       op1       op2       op3        g_unscaled   penalty
     719        0.00078820      a_ia       719                            0.00315280         4
      20        0.00051316      a_ia        20                            0.00205265         4
   44995       -0.00038404        op      4508      4509                 -0.01036918        27
   44996       -0.00038316        om      4508      4509                 -0.01034544        27
   81334       -0.00031495        om     32047     32048                 -0.01291277        41
   81333       -0.00031273        op     32047     32048                 -0.01282181        41
     391       -0.00028705      a_ia       391                           -0.00344463        12
   45015        0.00025143        op      4528      4529                  0.03293694       131
   45016        0.00025082        om      4528      4529                  0.03285747       131
    4508       -0.00024087    a_iajb      4508                           -0.01035731        43

  ==> Add operator: a_ia 719
  ==> Current qubit order: 4  5  8  9  10  2  3  16  17  19  21  27  29  62  22  11  12  13  26  65  24  63  25  28  30  18  31  34  35  1  0  23  61  60  37  69  15  68  14  38  40  42  43  44  20  7  45  46  39  48  6  64  53  33  41  50  51  55  58  32  47  59  49  54  36  56  57  66  67  70  72  73  74  71  75  76  77  78  79  80  81  82  83  84  85  52  86  87  88  89  90  91  92  93  94  95  96  97  98  99  100  101  102  103  


  ==> Energy                -307.398373934
  ==> dE                       -2.83e-06
  ==> Gradient Norm             2.11e-01
  ==> Abs. Max. Deriv.          3.29e-02
  ==> Time-Grad. (s)             113.971
  ==> Time-Energy (s)              5.232
  ==> Time-Iter. (s)             120.646

--------------------------------------------------------------------------------
CEO-ADAPT-VQE iteration: 246
--------------------------------------------------------------------------------
    gate        derivative      name       op1       op2       op3        g_unscaled   penalty
   44999       -0.00035591        op      4521      4522                 -0.01032142        29
   45000       -0.00035510        om      4521      4522                 -0.01029783        29
   65430        0.00034461        om     20025     20026                  0.02239973        65
   65429        0.00034284        op     20025     20026                  0.02228449        65
      21        0.00033290      a_ia        21                            0.00199741         6
     394       -0.00028374      a_ia       394                           -0.00340489        12
   20025        0.00027583    a_iajb     20025                            0.02234211        81
   72516       -0.00027223        om     25401     25402                 -0.01442819        53
   72515       -0.00026930        op     25401     25402                 -0.01427279        53
   45019        0.00024778        op      4541      4542                  0.03295499       133

  ==> Add operator: mvp2 -1: 4521 4522
  ==> Current qubit order: 4  5  8  9  10  2  3  16  17  19  21  27  29  62  22  11  12  13  26  65  24  63  25  28  30  18  31  34  35  1  0  61  60  23  37  69  15  68  14  38  40  42  43  44  20  7  45  46  39  48  6  64  53  33  41  50  51  55  58  32  47  59  49  54  36  56  57  66  67  70  72  73  74  71  75  76  77  78  79  80  81  82  83  84  85  52  86  87  88  89  90  91  92  93  94  95  96  97  98  99  100  101  102  103  


  ==> Energy                -307.398381906
  ==> dE                       -7.97e-06
  ==> Gradient Norm             2.13e-01
  ==> Abs. Max. Deriv.          3.30e-02
  ==> Time-Grad. (s)             112.568
  ==> Time-Energy (s)              8.286
  ==> Time-Iter. (s)             122.322

--------------------------------------------------------------------------------
CEO-ADAPT-VQE iteration: 247
--------------------------------------------------------------------------------
    gate        derivative      name       op1       op2       op3        g_unscaled   penalty
      21        0.00045854      a_ia        21                            0.00183414         4
     394       -0.00028366      a_ia       394                           -0.00340390        12
   44943        0.00025637        op      4549      4550                  0.03255891       127
   44944        0.00025567        om      4549      4550                  0.03246954       127
   80817        0.00025258        op     31900     31901                  0.02348984        93
   80818        0.00025258        om     31900     31901                  0.02348984        93
    1053       -0.00023109      a_ia      1053                           -0.00046219         2
    4549        0.00022737    a_iajb      4549                            0.03251422       143
   31900        0.00021550    a_iajb     31900                            0.02348984       109
    1172        0.00020256      a_ia      1172                            0.00283589        14

  ==> Add operator: a_ia 21
  ==> Current qubit order: 4  5  8  9  10  2  3  16  17  19  21  27  29  62  22  11  12  13  26  65  24  63  25  28  30  18  31  34  35  1  61  0  60  23  37  69  15  68  14  38  40  42  43  44  20  7  45  46  39  48  6  64  53  33  41  50  51  55  58  32  47  59  49  54  36  56  57  66  67  70  72  73  74  71  75  76  77  78  79  80  81  82  83  84  85  52  86  87  88  89  90  91  92  93  94  95  96  97  98  99  100  101  102  103  


  ==> Energy                -307.398382402
  ==> dE                       -4.95e-07
  ==> Gradient Norm             2.20e-01
  ==> Abs. Max. Deriv.          3.26e-02
  ==> Time-Grad. (s)             194.607
  ==> Time-Energy (s)              4.507
  ==> Time-Iter. (s)             200.579

--------------------------------------------------------------------------------
CEO-ADAPT-VQE iteration: 248
--------------------------------------------------------------------------------
    gate        derivative      name       op1       op2       op3        g_unscaled   penalty
     394       -0.00028361      a_ia       394                           -0.00340336        12
   44981        0.00025633        op      4557      4558                  0.03255396       127
   44982        0.00025563        om      4557      4558                  0.03246492       127
    1055       -0.00023210      a_ia      1055                           -0.00046420         2
    4557        0.00022734    a_iajb      4557                            0.03250944       143
    1174        0.00020272      a_ia      1174                            0.00283811        14
     357       -0.00020205      a_ia       357                           -0.00363695        18
     990        0.00019480      a_ia       990                            0.00389600        20
    1034       -0.00018721      a_ia      1034                           -0.00187209        10
    1010       -0.00018417      a_ia      1010                           -0.00073670         4

  ==> Add operator: a_ia 394
  ==> Current qubit order: 4  5  8  9  10  2  3  16  17  19  21  27  29  62  22  12  13  26  65  24  11  63  25  28  30  18  31  34  35  1  61  0  60  23  37  69  15  68  14  38  40  42  43  44  20  7  45  46  39  48  6  64  53  33  41  50  51  55  58  32  47  59  49  54  36  56  57  66  67  70  72  73  74  71  75  76  77  78  79  80  81  82  83  84  85  52  86  87  88  89  90  91  92  93  94  95  96  97  98  99  100  101  102  103  


  ==> Energy                -307.398384348
  ==> dE                       -1.95e-06
  ==> Gradient Norm             2.14e-01
  ==> Abs. Max. Deriv.          3.26e-02
  ==> Time-Grad. (s)             192.636
  ==> Time-Energy (s)              4.908
  ==> Time-Iter. (s)             198.989

--------------------------------------------------------------------------------
CEO-ADAPT-VQE iteration: 249
--------------------------------------------------------------------------------
    gate        derivative      name       op1       op2       op3        g_unscaled   penalty
   44966        0.00025633        op      4566      4567                  0.03255385       127
   44967        0.00025563        om      4566      4567                  0.03246479       127
    1056       -0.00023214      a_ia      1056                           -0.00046429         2
    4566        0.00022734    a_iajb      4566                            0.03250932       143
    1175        0.00020330      a_ia      1175                            0.00284621        14
     357       -0.00019786      a_ia       357                           -0.00356147        18
     991        0.00019388      a_ia       991                            0.00387760        20
    1325        0.00018751      a_ia      1325                            0.00037502         2
    1035       -0.00018658      a_ia      1035                           -0.00186583        10
    1011       -0.00018549      a_ia      1011                           -0.00074194         4

  ==> Add operator: mvp2 -1: 4566 4567
  ==> Current qubit order: 4  5  8  9  10  2  3  16  17  19  21  27  29  62  22  12  13  26  65  24  11  63  25  28  30  18  31  34  35  60  23  37  69  15  68  14  38  1  61  0  66  40  42  43  44  20  7  45  46  39  48  6  64  53  33  41  50  51  55  58  32  47  59  49  54  36  56  57  67  70  72  73  74  71  75  76  77  78  79  80  81  82  83  84  85  52  86  87  88  89  90  91  92  93  94  95  96  97  98  99  100  101  102  103  


  ==> Energy                -307.398455554
  ==> dE                       -7.12e-05
  ==> Gradient Norm             2.08e-01
  ==> Abs. Max. Deriv.          3.26e-02
  ==> Time-Grad. (s)             118.125
  ==> Time-Energy (s)              7.324
  ==> Time-Iter. (s)             126.891

--------------------------------------------------------------------------------
CEO-ADAPT-VQE iteration: 250
--------------------------------------------------------------------------------
    gate        derivative      name       op1       op2       op3        g_unscaled   penalty
   45097        0.00034054        op      4723      4724                  0.01668625        49
   45098        0.00034042        om      4723      4724                  0.01668050        49
     994        0.00027691      a_ia       994                            0.00387675        14
     992       -0.00026536      a_ia       992                           -0.00106144         4
    4723        0.00025667    a_iajb      4723                            0.01668338        65
    1038       -0.00023317      a_ia      1038                           -0.00186538         8
    1059       -0.00023253      a_ia      1059                           -0.00046507         2
     451        0.00020674      a_ia       451                            0.00661566        32
     359       -0.00019784      a_ia       359                           -0.00356112        18
     479       -0.00019501      a_ia       479                           -0.00195007        10

  ==> Add operator: mvp2 -1: 4723 4724
  ==> Current qubit order: 4  5  8  9  10  2  3  16  17  19  21  27  29  62  22  12  13  26  65  24  11  63  25  28  30  18  31  34  35  60  23  37  15  68  14  69  1  0  66  38  61  40  42  43  44  20  7  45  46  39  48  6  64  53  33  41  50  51  55  58  32  47  59  49  54  36  56  57  67  70  72  73  74  71  75  76  77  78  79  80  81  82  83  84  85  52  86  87  88  89  90  91  92  93  94  95  96  97  98  99  100  101  102  103  


  ==> Energy                -307.398640963
  ==> dE                       -1.85e-04
  ==> Gradient Norm             2.05e-01
  ==> Abs. Max. Deriv.          2.22e-02
  ==> Time-Grad. (s)             162.990
  ==> Time-Energy (s)            506.105
  ==> Time-Iter. (s)             670.535

--------------------------------------------------------------------------------
CEO-ADAPT-VQE iteration: 251
--------------------------------------------------------------------------------
    gate        derivative      name       op1       op2       op3        g_unscaled   penalty
     779       -0.00574134      a_ia       779                           -0.01148269         2
    1260       -0.00111372      a_ia      1260                           -0.00222744         2
     481       -0.00091126      a_ia       481                           -0.00182253         2
     703        0.00067323      a_ia       703                            0.00134645         2
     947        0.00066586      a_ia       947                            0.00133173         2
     996       -0.00036864      a_ia       996                           -0.00147458         4
     397        0.00036102      a_ia       397                            0.00072205         2
     998        0.00032366      a_ia       998                            0.00388390        12
     478        0.00031702      a_ia       478                            0.00317022        10
     508       -0.00026039      a_ia       508                           -0.00156236         6

  ==> Add operator: a_ia 779
  ==> Current qubit order: 4  5  8  9  10  2  3  16  17  19  21  27  29  62  22  12  13  26  65  24  11  63  25  28  30  18  31  34  35  60  23  37  15  68  14  69  1  0  66  38  61  40  42  43  44  20  7  45  46  39  48  6  64  53  33  41  50  51  55  58  32  47  59  49  54  36  56  57  67  70  72  73  74  71  75  76  77  78  79  80  81  82  83  84  85  52  86  87  88  89  90  91  92  93  94  95  96  97  98  99  100  101  102  103  


  ==> Energy                -307.398676396
  ==> dE                       -3.54e-05
  ==> Gradient Norm             2.07e-01
  ==> Abs. Max. Deriv.          2.22e-02
  ==> Time-Grad. (s)             112.209
  ==> Time-Energy (s)              4.713
  ==> Time-Iter. (s)             118.639

--------------------------------------------------------------------------------
CEO-ADAPT-VQE iteration: 252
--------------------------------------------------------------------------------
    gate        derivative      name       op1       op2       op3        g_unscaled   penalty
    1263       -0.00117823      a_ia      1263                           -0.00235645         2
     481       -0.00090110      a_ia       481                           -0.00180221         2
     948        0.00062275      a_ia       948                            0.00124550         2
     703        0.00057379      a_ia       703                            0.00114759         2
     997       -0.00037431      a_ia       997                           -0.00149724         4
     999        0.00032424      a_ia       999                            0.00389086        12
     478        0.00031148      a_ia       478                            0.00311476        10
     397        0.00028962      a_ia       397                            0.00057925         2
     508       -0.00024855      a_ia       508                           -0.00149128         6
     480       -0.00024481      a_ia       480                           -0.00195847         8

  ==> Add operator: a_ia 1263
  ==> Current qubit order: 4  5  8  9  10  2  3  16  17  19  21  27  29  62  22  12  13  26  65  24  11  63  25  28  30  18  31  34  35  60  23  37  15  68  14  69  1  0  66  38  61  40  42  43  44  20  7  45  46  39  48  6  64  53  33  41  50  51  55  58  32  47  59  49  54  36  56  57  67  70  72  73  74  71  75  76  77  78  79  80  81  82  83  84  85  52  86  87  88  89  90  91  92  93  94  95  96  97  98  99  100  101  102  103  


  ==> Energy                -307.398678445
  ==> dE                       -2.05e-06
  ==> Gradient Norm             2.01e-01
  ==> Abs. Max. Deriv.          2.22e-02
  ==> Time-Grad. (s)             107.685
  ==> Time-Energy (s)              4.147
  ==> Time-Iter. (s)             113.331

--------------------------------------------------------------------------------
CEO-ADAPT-VQE iteration: 253
--------------------------------------------------------------------------------
    gate        derivative      name       op1       op2       op3        g_unscaled   penalty
     481       -0.00092334      a_ia       481                           -0.00184667         2
     949        0.00063946      a_ia       949                            0.00127892         2
     703        0.00059729      a_ia       703                            0.00119458         2
     998       -0.00037451      a_ia       998                           -0.00149806         4
    1000        0.00032627      a_ia      1000                            0.00391527        12
     478        0.00031327      a_ia       478                            0.00313268        10
     397        0.00027388      a_ia       397                            0.00054776         2
     508       -0.00025397      a_ia       508                           -0.00152380         6
     480       -0.00024720      a_ia       480                           -0.00197760         8
    1045       -0.00023623      a_ia      1045                           -0.00188985         8

  ==> Add operator: a_ia 481
  ==> Current qubit order: 4  5  8  9  10  2  3  16  17  19  21  27  29  62  22  12  13  26  65  24  11  63  25  28  30  18  31  34  35  60  23  37  15  68  14  69  1  0  66  38  61  40  42  43  44  20  7  45  46  39  48  6  64  53  33  41  50  51  55  58  32  47  59  49  54  36  56  57  67  70  72  73  74  71  75  76  77  78  79  80  81  82  83  84  85  52  86  87  88  89  90  91  92  93  94  95  96  97  98  99  100  101  102  103  


  ==> Energy                -307.398679038
  ==> dE                       -5.94e-07
  ==> Gradient Norm             2.06e-01
  ==> Abs. Max. Deriv.          2.22e-02
  ==> Time-Grad. (s)             116.778
  ==> Time-Energy (s)              3.396
  ==> Time-Iter. (s)             121.545

--------------------------------------------------------------------------------
CEO-ADAPT-VQE iteration: 254
--------------------------------------------------------------------------------
    gate        derivative      name       op1       op2       op3        g_unscaled   penalty
     953        0.00062933      a_ia       953                            0.00125867         2
     706        0.00060243      a_ia       706                            0.00120485         2
    1002       -0.00037506      a_ia      1002                           -0.00150025         4
    1004        0.00032679      a_ia      1004                            0.00392143        12
     480        0.00031615      a_ia       480                            0.00316146        10
     399        0.00028173      a_ia       399                            0.00056346         2
     510       -0.00024572      a_ia       510                           -0.00147430         6
     482       -0.00024479      a_ia       482                           -0.00195831         8
    1049       -0.00023685      a_ia      1049                           -0.00189479         8
     970       -0.00023030      a_ia       970                           -0.00046059         2

  ==> Add operator: a_ia 953
  ==> Current qubit order: 4  5  8  9  10  2  3  16  17  19  21  27  29  62  22  12  13  26  65  24  11  63  25  28  30  18  31  34  35  60  23  37  15  68  14  69  1  0  66  38  61  40  42  43  44  20  7  45  46  39  48  6  64  53  33  41  50  51  55  58  32  47  59  49  54  36  56  57  67  70  72  73  74  71  75  76  77  78  79  80  81  82  83  84  85  52  86  87  88  89  90  91  92  93  94  95  96  97  98  99  100  101  102  103  


  ==> Energy                -307.398679650
  ==> dE                       -6.11e-07
  ==> Gradient Norm             2.11e-01
  ==> Abs. Max. Deriv.          2.22e-02
  ==> Time-Grad. (s)             118.523
  ==> Time-Energy (s)              4.384
  ==> Time-Iter. (s)             124.298

--------------------------------------------------------------------------------
CEO-ADAPT-VQE iteration: 255
--------------------------------------------------------------------------------
    gate        derivative      name       op1       op2       op3        g_unscaled   penalty
     706        0.00059747      a_ia       706                            0.00119495         2
    1004       -0.00037446      a_ia      1004                           -0.00149783         4
    1006        0.00032596      a_ia      1006                            0.00391158        12
     480        0.00031426      a_ia       480                            0.00314260        10
     399        0.00029903      a_ia       399                            0.00059807         2
     482       -0.00024358      a_ia       482                           -0.00194865         8
     510       -0.00023936      a_ia       510                           -0.00143619         6
    1051       -0.00023710      a_ia      1051                           -0.00189680         8
     972       -0.00023032      a_ia       972                           -0.00046065         2
   90528       -0.00021803        om     39046     39047                 -0.01766045        81

  ==> Add operator: a_ia 706
  ==> Current qubit order: 4  5  8  9  10  2  3  16  17  19  21  27  29  62  22  12  13  26  65  24  11  63  25  28  30  18  31  34  35  60  23  37  15  68  14  69  1  0  66  38  61  40  42  43  44  20  7  45  46  39  48  6  64  53  33  41  50  51  55  58  32  47  59  49  54  36  56  57  67  70  72  73  74  71  75  76  77  78  79  80  81  82  83  84  85  52  86  87  88  89  90  91  92  93  94  95  96  97  98  99  100  101  102  103  


  ==> Energy                -307.398679880
  ==> dE                       -2.30e-07
  ==> Gradient Norm             2.05e-01
  ==> Abs. Max. Deriv.          2.22e-02
  ==> Time-Grad. (s)             116.597
  ==> Time-Energy (s)              4.297
  ==> Time-Iter. (s)             122.330

--------------------------------------------------------------------------------
CEO-ADAPT-VQE iteration: 256
--------------------------------------------------------------------------------
    gate        derivative      name       op1       op2       op3        g_unscaled   penalty
    1006       -0.00037587      a_ia      1006                           -0.00150348         4
    1008        0.00032611      a_ia      1008                            0.00391329        12
     480        0.00031409      a_ia       480                            0.00314093        10
     399        0.00031205      a_ia       399                            0.00062409         2
     482       -0.00024340      a_ia       482                           -0.00194720         8
     510       -0.00023865      a_ia       510                           -0.00143191         6
    1053       -0.00023705      a_ia      1053                           -0.00189643         8
   77452        0.00023615        om     29214     29215                  0.01960021        83
   77451        0.00023334        op     29214     29215                  0.01936754        83
     973       -0.00023032      a_ia       973                           -0.00046065         2

  ==> Add operator: a_ia 1006
  ==> Current qubit order: 4  5  8  9  10  2  3  16  17  19  21  27  29  62  22  12  13  26  65  24  11  63  25  28  30  18  31  35  34  60  23  37  15  68  14  69  1  0  66  38  61  40  42  43  44  20  7  45  46  39  48  6  64  53  33  41  50  51  55  58  32  47  59  49  54  36  56  57  67  70  72  73  74  71  75  76  77  78  79  80  81  82  83  84  85  52  86  87  88  89  90  91  92  93  94  95  96  97  98  99  100  101  102  103  


  ==> Energy                -307.398680735
  ==> dE                       -8.55e-07
  ==> Gradient Norm             2.03e-01
  ==> Abs. Max. Deriv.          2.22e-02
  ==> Time-Grad. (s)             184.660
  ==> Time-Energy (s)              4.320
  ==> Time-Iter. (s)             190.401

--------------------------------------------------------------------------------
CEO-ADAPT-VQE iteration: 257
--------------------------------------------------------------------------------
    gate        derivative      name       op1       op2       op3        g_unscaled   penalty
    1011        0.00039173      a_ia      1011                            0.00391732        10
     400        0.00031366      a_ia       400                            0.00062732         2
     482        0.00031234      a_ia       482                            0.00312343        10
     484       -0.00024526      a_ia       484                           -0.00196211         8
    1056       -0.00023860      a_ia      1056                           -0.00190878         8
     512       -0.00023819      a_ia       512                           -0.00142912         6
     976       -0.00023032      a_ia       976                           -0.00046064         2
    1274        0.00021728      a_ia      1274                            0.00130367         6
   45128        0.00021559        op      4805      4806                  0.00538972        25
   45129        0.00021546        om      4805      4806                  0.00538659        25

  ==> Add operator: a_ia 1011
  ==> Current qubit order: 4  5  8  9  10  2  3  16  17  19  21  27  29  62  22  12  13  26  65  24  11  63  25  28  30  18  31  35  60  23  37  15  34  68  14  69  1  0  66  38  61  40  42  43  44  20  7  45  46  39  48  6  64  53  33  41  50  51  55  58  32  47  59  49  54  36  56  57  67  70  72  73  74  71  75  76  77  78  79  80  81  82  83  84  85  52  86  87  88  89  90  91  92  93  94  95  96  97  98  99  100  101  102  103  


  ==> Energy                -307.398684625
  ==> dE                       -3.89e-06
  ==> Gradient Norm             2.04e-01
  ==> Abs. Max. Deriv.          2.22e-02
  ==> Time-Grad. (s)             108.433
  ==> Time-Energy (s)              5.116
  ==> Time-Iter. (s)             114.976

--------------------------------------------------------------------------------
CEO-ADAPT-VQE iteration: 258
--------------------------------------------------------------------------------
    gate        derivative      name       op1       op2       op3        g_unscaled   penalty
     400        0.00032758      a_ia       400                            0.00065517         2
     483        0.00026129      a_ia       483                            0.00313542        12
     485       -0.00024266      a_ia       485                           -0.00194124         8
    1057       -0.00024039      a_ia      1057                           -0.00192310         8
     977       -0.00023036      a_ia       977                           -0.00046073         2
    1276        0.00022014      a_ia      1276                            0.00132087         6
   45182        0.00021559        op      4810      4811                  0.00538963        25
   45183        0.00021546        om      4810      4811                  0.00538648        25
     363       -0.00020811      a_ia       363                           -0.00374602        18
    1158        0.00020256      a_ia      1158                            0.00081023         4

  ==> Add operator: a_ia 400
  ==> Current qubit order: 4  5  8  9  10  2  3  16  17  19  21  27  29  62  22  12  13  26  65  24  11  63  25  28  30  18  31  35  60  23  37  15  34  68  14  69  1  0  66  38  61  40  42  43  44  20  7  45  46  39  48  6  64  53  33  41  50  51  55  58  32  47  59  49  54  36  56  57  67  70  72  73  74  71  75  76  77  78  79  80  81  82  83  84  85  52  86  87  88  89  90  91  92  93  94  95  96  97  98  99  100  101  102  103  


  ==> Energy                -307.398684773
  ==> dE                       -1.48e-07
  ==> Gradient Norm             2.05e-01
  ==> Abs. Max. Deriv.          2.22e-02
  ==> Time-Grad. (s)             120.118
  ==> Time-Energy (s)              4.288
  ==> Time-Iter. (s)             125.832

--------------------------------------------------------------------------------
CEO-ADAPT-VQE iteration: 259
--------------------------------------------------------------------------------
    gate        derivative      name       op1       op2       op3        g_unscaled   penalty
   78301       -0.00036500        op     29817     29818                 -0.01350507        37
   78302       -0.00036358        om     29817     29818                 -0.01345234        37
     486        0.00026162      a_ia       486                            0.00313942        12
   29817       -0.00025432    a_iajb     29817                           -0.01347871        53
     488       -0.00024328      a_ia       488                           -0.00194628         8
    1061       -0.00024060      a_ia      1061                           -0.00192483         8
     981       -0.00023036      a_ia       981                           -0.00046073         2
   88334       -0.00022990        om     37470     37471                 -0.02276005        99
   88333       -0.00022768        op     37470     37471                 -0.02253989        99
    1280        0.00021939      a_ia      1280                            0.00131632         6

  ==> Add operator: mvp2 -1: 29817 29818
  ==> Current qubit order: 4  5  8  9  10  2  3  16  17  19  21  27  29  62  22  12  13  26  65  24  11  63  25  28  30  18  31  35  23  37  60  15  14  69  34  68  1  0  66  38  61  40  42  43  44  20  7  45  46  39  48  6  64  53  33  41  50  51  55  58  32  47  59  49  54  36  56  57  67  70  72  73  74  71  75  76  77  78  79  80  81  82  83  84  85  52  86  87  88  89  90  91  92  93  94  95  96  97  98  99  100  101  102  103  


  ==> Energy                -307.398710268
  ==> dE                       -2.55e-05
  ==> Gradient Norm             2.16e-01
  ==> Abs. Max. Deriv.          2.45e-02
  ==> Time-Grad. (s)             124.353
  ==> Time-Energy (s)              9.037
  ==> Time-Iter. (s)             134.822

--------------------------------------------------------------------------------
CEO-ADAPT-VQE iteration: 260
--------------------------------------------------------------------------------
    gate        derivative      name       op1       op2       op3        g_unscaled   penalty
     516       -0.00061147      a_ia       516                           -0.00244590         4
   75964       -0.00029291        om     27962     27963                 -0.01962497        67
   75963       -0.00029061        op     27962     27963                 -0.01947120        67
     486        0.00028211      a_ia       486                            0.00112845         4
    1062       -0.00024064      a_ia      1062                           -0.00192515         8
   27962       -0.00023552    a_iajb     27962                           -0.01954809        83
     981       -0.00022979      a_ia       981                           -0.00045959         2
    1281        0.00021616      a_ia      1281                            0.00129695         6
     365       -0.00020886      a_ia       365                           -0.00375951        18
    1163        0.00020326      a_ia      1163                            0.00081303         4

  ==> Add operator: a_ia 516
  ==> Current qubit order: 4  5  8  9  10  2  3  16  17  19  21  27  29  62  22  12  13  26  65  24  11  63  25  28  30  18  31  35  23  37  60  14  15  69  34  68  1  0  66  38  61  40  42  43  44  20  7  45  46  39  48  6  64  53  33  41  50  51  55  58  32  47  59  49  54  36  56  57  67  70  72  73  74  71  75  76  77  78  79  80  81  82  83  84  85  52  86  87  88  89  90  91  92  93  94  95  96  97  98  99  100  101  102  103  


  ==> Energy                -307.398711460
  ==> dE                       -1.19e-06
  ==> Gradient Norm             2.16e-01
  ==> Abs. Max. Deriv.          2.22e-02
  ==> Time-Grad. (s)             122.512
  ==> Time-Energy (s)              4.288
  ==> Time-Iter. (s)             128.228

--------------------------------------------------------------------------------
CEO-ADAPT-VQE iteration: 261
--------------------------------------------------------------------------------
    gate        derivative      name       op1       op2       op3        g_unscaled   penalty
     488        0.00055182      a_ia       488                            0.00110364         2
    1064       -0.00024048      a_ia      1064                           -0.00192388         8
   83576        0.00023027        op     33667     33668                  0.03338984       145
   83577        0.00023018        om     33667     33668                  0.03337654       145
     983       -0.00022979      a_ia       983                           -0.00045959         2
    1283        0.00021428      a_ia      1283                            0.00128567         6
     366       -0.00020763      a_ia       366                           -0.00373725        18
   33667        0.00020735    a_iajb     33667                            0.03338319       161
    1165        0.00020293      a_ia      1165                            0.00081171         4
     461        0.00019440      a_ia       461                            0.00660958        34

  ==> Add operator: a_ia 488
  ==> Current qubit order: 4  5  8  9  10  2  3  16  17  19  21  27  29  62  22  12  13  26  65  24  11  63  25  28  30  18  31  35  23  37  60  14  15  69  34  68  1  0  66  38  61  40  42  43  44  20  7  45  46  39  48  6  64  53  33  41  50  51  55  58  32  47  59  49  54  36  56  57  67  70  72  73  74  71  75  76  77  78  79  80  81  82  83  84  85  52  86  87  88  89  90  91  92  93  94  95  96  97  98  99  100  101  102  103  


  ==> Energy                -307.398711681
  ==> dE                       -2.21e-07
  ==> Gradient Norm             2.10e-01
  ==> Abs. Max. Deriv.          3.34e-02
  ==> Time-Grad. (s)             190.988
  ==> Time-Energy (s)              3.733
  ==> Time-Iter. (s)             196.162

--------------------------------------------------------------------------------
CEO-ADAPT-VQE iteration: 262
--------------------------------------------------------------------------------
    gate        derivative      name       op1       op2       op3        g_unscaled   penalty
    1064       -0.00024046      a_ia      1064                           -0.00192368         8
     983       -0.00022980      a_ia       983                           -0.00045960         2
    1284        0.00021253      a_ia      1284                            0.00127515         6
     366       -0.00020715      a_ia       366                           -0.00372875        18
    1166        0.00020331      a_ia      1166                            0.00081323         4
     461        0.00019448      a_ia       461                            0.00661229        34
     606       -0.00018871      a_ia       606                           -0.00490647        26
     226       -0.00018119      a_ia       226                           -0.00036239         2
     436        0.00017318      a_ia       436                            0.00692724        40
     743        0.00017126      a_ia       743                            0.00411036        24

  ==> Add operator: a_ia 1064
  ==> Current qubit order: 4  5  8  9  10  2  3  16  17  19  21  27  29  62  22  12  13  26  65  24  11  63  25  28  30  18  31  35  23  37  60  14  15  69  34  68  1  0  66  38  61  40  42  43  44  20  7  45  46  39  48  6  64  53  33  41  50  51  55  58  32  47  59  49  54  56  57  67  36  70  72  73  74  71  75  76  77  78  79  80  81  82  83  84  85  52  86  87  88  89  90  91  92  93  94  95  96  97  98  99  100  101  102  103  


  ==> Energy                -307.398712622
  ==> dE                       -9.41e-07
  ==> Gradient Norm             2.09e-01
  ==> Abs. Max. Deriv.          2.22e-02
  ==> Time-Grad. (s)             145.982
  ==> Time-Energy (s)              4.431
  ==> Time-Iter. (s)             151.885

--------------------------------------------------------------------------------
CEO-ADAPT-VQE iteration: 263
--------------------------------------------------------------------------------
    gate        derivative      name       op1       op2       op3        g_unscaled   penalty
     988       -0.00022981      a_ia       988                           -0.00045961         2
   84271       -0.00022499        op     34410     34411                 -0.01192429        53
   84272       -0.00022388        om     34410     34411                 -0.01186578        53
    1289        0.00021394      a_ia      1289                            0.00128362         6
   72035       -0.00020715        op     25075     25076                 -0.01263619        61
     368       -0.00020703      a_ia       368                           -0.00372654        18
    1171        0.00020202      a_ia      1171                            0.00080809         4
     463        0.00019431      a_ia       463                            0.00660670        34
   72036       -0.00019182        om     25075     25076                 -0.01170100        61
     608       -0.00018876      a_ia       608                           -0.00490767        26

  ==> Add operator: a_ia 988
  ==> Current qubit order: 4  5  8  9  10  2  3  16  17  19  21  27  29  62  22  12  13  26  65  24  11  63  25  28  30  18  31  35  23  37  60  14  15  69  34  68  1  0  66  38  61  40  42  43  44  20  7  45  46  39  48  6  64  53  33  41  50  51  55  58  32  47  59  49  54  56  57  67  36  70  72  73  74  71  75  76  77  78  79  80  81  82  83  84  85  52  86  87  88  89  90  91  92  93  94  95  96  97  98  99  100  101  102  103  


  ==> Energy                -307.398724974
  ==> dE                       -1.24e-05
  ==> Gradient Norm             2.11e-01
  ==> Abs. Max. Deriv.          2.22e-02
  ==> Time-Grad. (s)             115.590
  ==> Time-Energy (s)              3.935
  ==> Time-Iter. (s)             120.984

--------------------------------------------------------------------------------
CEO-ADAPT-VQE iteration: 264
--------------------------------------------------------------------------------
    gate        derivative      name       op1       op2       op3        g_unscaled   penalty
   78592       -0.00021775        om     29869     29870                 -0.01894422        87
   78591       -0.00021668        op     29869     29870                 -0.01885119        87
     368       -0.00020696      a_ia       368                           -0.00372530        18
    1291        0.00020246      a_ia      1291                            0.00121479         6
     463        0.00019426      a_ia       463                            0.00660492        34
     608       -0.00018869      a_ia       608                           -0.00490596        26
     228       -0.00018442      a_ia       228                           -0.00036884         2
   29869       -0.00018347    a_iajb     29869                           -0.01889770       103
   45272        0.00018299        om      4871      4872                  0.01921404       105
   45271        0.00018261        op      4871      4872                  0.01917406       105

  ==> Add operator: mvp2 -1: 29869 29870
  ==> Current qubit order: 4  5  8  9  10  2  3  16  17  19  21  27  22  12  13  26  65  29  62  63  14  24  11  25  28  30  18  31  35  23  37  60  15  69  34  68  1  0  66  38  61  40  42  43  44  20  7  45  46  39  48  6  64  53  33  41  50  51  55  58  32  47  59  49  54  56  57  67  36  70  72  73  74  71  75  76  77  78  79  80  81  82  83  84  85  52  86  87  88  89  90  91  92  93  94  95  96  97  98  99  100  101  102  103  


  ==> Energy                -307.398786749
  ==> dE                       -6.18e-05
  ==> Gradient Norm             2.22e-01
  ==> Abs. Max. Deriv.          2.78e-02
  ==> Time-Grad. (s)             140.573
  ==> Time-Energy (s)              7.620
  ==> Time-Iter. (s)             149.650

--------------------------------------------------------------------------------
CEO-ADAPT-VQE iteration: 265
--------------------------------------------------------------------------------
    gate        derivative      name       op1       op2       op3        g_unscaled   penalty
     901       -0.00038149      a_ia       901                           -0.00076298         2
     775       -0.00029727      a_ia       775                           -0.00178361         6
   92951        0.00023891        om     40687     40688                  0.02317409        97
   92950        0.00022719        op     40687     40688                  0.02203771        97
     849       -0.00021883      a_ia       849                           -0.00218828        10
   90412        0.00020554        op     38791     38792                  0.01459367        71
     609       -0.00020437      a_ia       609                           -0.00490493        24
    1293        0.00020272      a_ia      1293                            0.00121632         6
   40687        0.00020005    a_iajb     40687                            0.02260590       113
   82722       -0.00019991        op     32991     32992                 -0.02218991       111

  ==> Add operator: a_ia 901
  ==> Current qubit order: 4  5  8  9  10  2  3  16  17  19  21  27  22  12  13  26  65  29  62  63  14  24  11  25  28  30  18  31  35  23  37  60  15  69  34  68  1  0  66  38  61  40  42  43  44  20  7  45  46  39  48  6  64  53  33  41  50  51  55  58  32  47  59  49  54  56  57  67  36  70  72  73  74  71  75  76  77  78  79  80  81  82  83  84  85  52  86  87  88  89  90  91  92  93  94  95  96  97  98  99  100  101  102  103  


  ==> Energy                -307.398786749
  ==> dE                       -3.98e-13
  ==> Gradient Norm             2.18e-01
  ==> Abs. Max. Deriv.          2.32e-02
  ==> Time-Grad. (s)             116.510
  ==> Time-Energy (s)              4.862
  ==> Time-Iter. (s)             122.844

--------------------------------------------------------------------------------
CEO-ADAPT-VQE iteration: 266
--------------------------------------------------------------------------------
    gate        derivative      name       op1       op2       op3        g_unscaled   penalty
     903       -0.00038149      a_ia       903                           -0.00076298         2
     776       -0.00029727      a_ia       776                           -0.00178361         6
     850       -0.00021883      a_ia       850                           -0.00218828        10
     610       -0.00020437      a_ia       610                           -0.00490493        24
    1295        0.00020272      a_ia      1295                            0.00121632         6
     750        0.00018835      a_ia       750                            0.00414374        22
     229       -0.00018403      a_ia       229                           -0.00036807         2
     801        0.00018345      a_ia       801                            0.00366901        20
   45220        0.00018299        om      4890      4891                  0.01921407       105
   45219        0.00018261        op      4890      4891                  0.01917408       105

  ==> Add operator: a_ia 903
  ==> Current qubit order: 4  5  8  9  10  2  3  16  17  19  21  27  22  12  13  26  65  29  62  63  14  24  11  25  28  30  18  31  35  23  37  60  15  69  34  68  1  0  66  38  61  40  42  43  44  20  7  45  46  39  48  6  64  53  33  41  50  51  55  58  32  47  59  49  54  56  57  67  36  70  72  73  74  71  75  76  77  78  79  80  81  82  83  84  85  52  86  87  88  89  90  91  92  93  94  95  96  97  98  99  100  101  102  103  


  ==> Energy                -307.398786749
  ==> dE                       -2.84e-13
  ==> Gradient Norm             2.07e-01
  ==> Abs. Max. Deriv.          2.22e-02
  ==> Time-Grad. (s)             169.086
  ==> Time-Energy (s)              4.520
  ==> Time-Iter. (s)             175.043

--------------------------------------------------------------------------------
CEO-ADAPT-VQE iteration: 267
--------------------------------------------------------------------------------
    gate        derivative      name       op1       op2       op3        g_unscaled   penalty
     904       -0.00038149      a_ia       904                           -0.00076298         2
     777       -0.00029727      a_ia       777                           -0.00178361         6
     851       -0.00021883      a_ia       851                           -0.00218828        10
     611       -0.00020437      a_ia       611                           -0.00490493        24
    1297        0.00020272      a_ia      1297                            0.00121632         6
     751        0.00018835      a_ia       751                            0.00414374        22
     229       -0.00018403      a_ia       229                           -0.00036807         2
     802        0.00018345      a_ia       802                            0.00366901        20
   45261        0.00018299        om      4902      4903                  0.01921407       105
   45260        0.00018261        op      4902      4903                  0.01917408       105

  ==> Add operator: a_ia 904
  ==> Current qubit order: 4  5  8  9  10  2  3  16  17  19  21  27  22  12  13  26  65  29  62  63  14  24  11  25  28  30  18  31  35  23  37  60  15  69  34  68  1  0  66  38  61  40  42  43  44  20  7  45  46  39  48  6  64  53  33  41  50  51  55  58  32  47  59  49  54  56  57  67  36  70  72  73  74  71  75  76  77  78  79  80  81  82  83  84  85  52  86  87  88  89  90  91  92  93  94  95  96  97  98  99  100  101  102  103  


  ==> Energy                -307.398786749
  ==> dE                        2.27e-13
  ==> Gradient Norm             2.05e-01
  ==> Abs. Max. Deriv.          2.22e-02
  ==> Time-Grad. (s)             115.074
  ==> Time-Energy (s)              4.761
  ==> Time-Iter. (s)             121.268

--------------------------------------------------------------------------------
CEO-ADAPT-VQE iteration: 268
--------------------------------------------------------------------------------
    gate        derivative      name       op1       op2       op3        g_unscaled   penalty
     906       -0.00038149      a_ia       906                           -0.00076298         2
     779       -0.00029727      a_ia       779                           -0.00178361         6
     853       -0.00021883      a_ia       853                           -0.00218828        10
   75596        0.00021529        om     27507     27508                  0.03121648       145
   75595        0.00021523        op     27507     27508                  0.03120835       145
     613       -0.00020437      a_ia       613                           -0.00490493        24
    1299        0.00020272      a_ia      1299                            0.00121632         6
   27507        0.00019387    a_iajb     27507                            0.03121242       161
     753        0.00018835      a_ia       753                            0.00414374        22
     230       -0.00018403      a_ia       230                           -0.00036807         2

  ==> Add operator: a_ia 906
  ==> Current qubit order: 4  5  8  9  10  2  3  16  17  19  21  27  22  12  13  26  65  29  62  63  14  24  11  25  28  30  18  31  35  23  37  60  15  69  34  68  1  0  66  38  61  40  42  43  44  20  7  45  46  39  48  6  64  53  33  41  50  51  55  58  32  47  59  49  54  56  57  67  36  70  72  73  74  71  75  76  77  78  79  80  81  82  83  84  85  52  86  87  88  89  90  91  92  93  94  95  96  97  98  99  100  101  102  103  


  ==> Energy                -307.398786749
  ==> dE                       -1.71e-13
  ==> Gradient Norm             2.15e-01
  ==> Abs. Max. Deriv.          3.12e-02
  ==> Time-Grad. (s)             118.638
  ==> Time-Energy (s)              4.675
  ==> Time-Iter. (s)             124.781

--------------------------------------------------------------------------------
CEO-ADAPT-VQE iteration: 269
--------------------------------------------------------------------------------
    gate        derivative      name       op1       op2       op3        g_unscaled   penalty
     908       -0.00038149      a_ia       908                           -0.00076298         2
     779       -0.00029727      a_ia       779                           -0.00178361         6
     855       -0.00021883      a_ia       855                           -0.00218828        10
     613       -0.00020437      a_ia       613                           -0.00490493        24
    1302        0.00020272      a_ia      1302                            0.00121632         6
     753        0.00018835      a_ia       753                            0.00414374        22
     230       -0.00018403      a_ia       230                           -0.00036807         2
     804        0.00018345      a_ia       804                            0.00366901        20
   45265        0.00018299        om      4918      4919                  0.01921407       105
   45264        0.00018261        op      4918      4919                  0.01917408       105

  ==> Add operator: a_ia 908
  ==> Current qubit order: 4  5  8  9  10  2  3  16  17  19  21  27  22  12  13  26  65  29  62  63  14  24  11  25  28  30  18  31  35  23  37  60  15  69  34  68  1  0  66  38  61  40  42  43  44  20  7  45  46  39  48  6  64  53  33  41  50  51  55  58  32  47  59  49  54  56  57  67  36  70  72  73  74  71  75  76  77  78  79  80  81  82  83  84  85  52  86  87  88  89  90  91  92  93  94  95  96  97  98  99  100  101  102  103  


  ==> Energy                -307.398786749
  ==> dE                        2.84e-13
  ==> Gradient Norm             2.23e-01
  ==> Abs. Max. Deriv.          2.22e-02
  ==> Time-Grad. (s)             120.771
  ==> Time-Energy (s)              4.240
  ==> Time-Iter. (s)             126.595

--------------------------------------------------------------------------------
CEO-ADAPT-VQE iteration: 270
--------------------------------------------------------------------------------
    gate        derivative      name       op1       op2       op3        g_unscaled   penalty
     909       -0.00228412      a_ia       909                           -0.00456825         2
    1307       -0.00048598      a_ia      1307                           -0.00097196         2
   92322        0.00041964        om     40180     40181                  0.02475874        59
   92321        0.00037874        op     40180     40181                  0.02234578        59
   40180        0.00031403    a_iajb     40180                            0.02355226        75
   81068        0.00028294        om     31824     31825                  0.02348432        83
   81067        0.00028294        op     31824     31825                  0.02348431        83
   31824        0.00023722    a_iajb     31824                            0.02348431        99
     856       -0.00021147      a_ia       856                           -0.00211469        10
     614       -0.00020925      a_ia       614                           -0.00502188        24

  ==> Add operator: a_ia 909
  ==> Current qubit order: 4  5  8  9  10  2  3  16  17  19  21  27  22  12  13  26  65  29  62  63  14  24  11  25  28  30  18  31  35  23  37  60  15  69  34  68  1  0  66  38  61  40  42  43  44  20  7  45  46  39  48  6  64  53  33  41  50  51  55  58  32  47  59  49  54  56  57  67  36  70  72  73  74  71  75  76  77  78  79  80  81  82  83  84  85  52  86  87  88  89  90  91  92  93  94  95  96  97  98  99  100  101  102  103  


  ==> Energy                -307.398797554
  ==> dE                       -5.37e-06
  ==> Gradient Norm             2.19e-01
  ==> Abs. Max. Deriv.          2.48e-02
  ==> Time-Grad. (s)             173.611
  ==> Time-Energy (s)             11.727
  ==> Time-Iter. (s)             186.989

--------------------------------------------------------------------------------
CEO-ADAPT-VQE iteration: 271
--------------------------------------------------------------------------------
    gate        derivative      name       op1       op2       op3        g_unscaled   penalty
    1309       -0.00049311      a_ia      1309                           -0.00098622         2
     856       -0.00022051      a_ia       856                           -0.00220507        10
     614       -0.00020887      a_ia       614                           -0.00501283        24
   84269       -0.00018621        op     34324     34325                 -0.01843494        99
   84270       -0.00018621        op     34324     34325                 -0.01843494        99
     805        0.00018487      a_ia       805                            0.00369732        20
   45230        0.00018463        om      4938      4939                  0.01938586       105
   45229        0.00018423        op      4938      4939                  0.01934374       105
   77935        0.00018224        op     29526     29527                  0.01439690        79
   77936        0.00018188        om     29526     29527                  0.01436820        79

  ==> Add operator: a_ia 1309
  ==> Current qubit order: 4  5  8  9  10  2  3  16  17  19  21  27  22  12  13  26  65  29  62  63  14  24  11  25  28  30  18  31  35  23  37  60  15  69  34  68  1  0  66  38  61  40  42  43  44  20  7  45  46  39  48  6  64  53  33  41  50  51  55  58  32  47  59  49  54  56  57  67  36  70  72  73  74  71  75  76  77  78  79  80  81  82  83  84  85  52  86  87  88  89  90  91  92  93  94  95  96  97  98  99  100  101  102  103  


  ==> Energy                -307.398797849
  ==> dE                       -2.95e-07
  ==> Gradient Norm             2.11e-01
  ==> Abs. Max. Deriv.          2.21e-02
  ==> Time-Grad. (s)             123.045
  ==> Time-Energy (s)             12.252
  ==> Time-Iter. (s)             136.793

--------------------------------------------------------------------------------
CEO-ADAPT-VQE iteration: 272
--------------------------------------------------------------------------------
    gate        derivative      name       op1       op2       op3        g_unscaled   penalty
   45081        0.00027662        om      4789      4790                  0.03291745       119
   45080        0.00027607        op      4789      4790                  0.03285187       119
    4789        0.00024359    a_iajb      4789                            0.03288466       135
     857       -0.00022145      a_ia       857                           -0.00221445        10
     614       -0.00020924      a_ia       614                           -0.00502188        24
   90954        0.00020278        op     39407     39408                  0.01034155        51
   90955        0.00020278        om     39407     39408                  0.01034155        51
     806        0.00018538      a_ia       806                            0.00370753        20
   45241        0.00018463        om      4949      4950                  0.01938582       105
    1309        0.00018428      a_ia      1309                            0.00110567         6

  ==> Add operator: mvp2 -1: 4789 4790
  ==> Current qubit order: 4  5  8  9  10  2  3  16  17  19  21  27  22  12  13  26  65  29  62  63  14  24  11  25  28  30  18  31  35  23  37  15  69  34  68  66  38  61  40  42  43  44  60  1  0  67  20  7  45  46  39  48  6  64  53  33  41  50  51  55  58  32  47  59  49  54  56  57  36  70  72  73  74  71  75  76  77  78  79  80  81  82  83  84  85  52  86  87  88  89  90  91  92  93  94  95  96  97  98  99  100  101  102  103  


  ==> Energy                -307.398869274
  ==> dE                       -7.14e-05
  ==> Gradient Norm             2.11e-01
  ==> Abs. Max. Deriv.          3.29e-02
  ==> Time-Grad. (s)             124.985
  ==> Time-Energy (s)             21.518
  ==> Time-Iter. (s)             147.968

--------------------------------------------------------------------------------
CEO-ADAPT-VQE iteration: 273
--------------------------------------------------------------------------------
    gate        derivative      name       op1       op2       op3        g_unscaled   penalty
     264        0.00054580      a_ia       264                            0.00218321         4
   45275        0.00053413        om      4956      4957                  0.02083126        39
   45274        0.00053394        op      4956      4957                  0.02082379        39
    4956        0.00037868    a_iajb      4956                            0.02082753        55
      23        0.00037669      a_ia        23                            0.00150677         4
     617       -0.00027904      a_ia       617                           -0.00502273        18
    1212       -0.00025783      a_ia      1212                           -0.00154695         6
     860       -0.00022146      a_ia       860                           -0.00221458        10
     809        0.00020604      a_ia       809                            0.00370873        18
    1275       -0.00020594      a_ia      1275                           -0.00123566         6

  ==> Add operator: a_ia 264
  ==> Current qubit order: 4  5  8  9  10  2  3  16  17  19  21  27  22  12  13  26  65  29  62  63  14  24  11  25  28  30  18  31  35  23  37  15  69  34  68  66  38  61  40  42  43  44  60  1  0  20  67  7  45  46  39  48  6  64  53  33  41  50  51  55  58  32  47  59  49  54  56  57  36  70  72  73  74  71  75  76  77  78  79  80  81  82  83  84  85  52  86  87  88  89  90  91  92  93  94  95  96  97  98  99  100  101  102  103  


  ==> Energy                -307.398869936
  ==> dE                       -6.61e-07
  ==> Gradient Norm             2.07e-01
  ==> Abs. Max. Deriv.          2.21e-02
  ==> Time-Grad. (s)             123.538
  ==> Time-Energy (s)             12.049
  ==> Time-Iter. (s)             137.075

--------------------------------------------------------------------------------
CEO-ADAPT-VQE iteration: 274
--------------------------------------------------------------------------------
    gate        derivative      name       op1       op2       op3        g_unscaled   penalty
   71812        0.00059343        om     24723     24724                  0.03382564        57
   71811        0.00059343        op     24723     24724                  0.03382564        57
   24723        0.00046336    a_iajb     24723                            0.03382564        73
   45312        0.00042500        om      4964      4965                  0.02082487        49
   45311        0.00042485        op      4964      4965                  0.02081746        49
      23        0.00037615      a_ia        23                            0.00150459         4
    4964        0.00032033    a_iajb      4964                            0.02082116        65
    1278       -0.00031016      a_ia      1278                           -0.00124063         4
     619       -0.00027899      a_ia       619                           -0.00502179        18
    1215       -0.00025745      a_ia      1215                           -0.00154470         6

  ==> Add operator: om -1: 24723 24724
  ==> Current qubit order: 4  5  8  9  10  2  3  16  17  19  21  27  22  12  13  26  65  29  62  63  14  24  11  25  28  30  18  31  35  23  37  15  69  34  68  66  38  40  42  43  44  1  61  60  7  6  0  20  67  45  46  39  48  64  53  33  41  50  51  55  58  32  47  59  49  54  56  57  36  70  72  73  74  71  75  76  77  78  79  80  81  82  83  84  85  52  86  87  88  89  90  91  92  93  94  95  96  97  98  99  100  101  102  103  


  ==> Energy                -307.398975464
  ==> dE                       -1.06e-04
  ==> Gradient Norm             2.14e-01
  ==> Abs. Max. Deriv.          3.38e-02
  ==> Time-Grad. (s)             121.525
  ==> Time-Energy (s)              9.283
  ==> Time-Iter. (s)             132.272

--------------------------------------------------------------------------------
CEO-ADAPT-VQE iteration: 275
--------------------------------------------------------------------------------
    gate        derivative      name       op1       op2       op3        g_unscaled   penalty
    1285       -0.00062025      a_ia      1285                           -0.00124051         2
   45295        0.00039294        om      4975      4976                  0.02082598        53
   45294        0.00039280        op      4975      4976                  0.02081857        53
    4975        0.00030177    a_iajb      4975                            0.02082227        69
     622       -0.00027897      a_ia       622                           -0.00502147        18
      23        0.00024909      a_ia        23                            0.00149453         6
     867       -0.00022113      a_ia       867                           -0.00221130        10
     816        0.00020628      a_ia       816                            0.00371308        18
    1244        0.00020625      a_ia      1244                            0.00288755        14
   78987       -0.00019569        om     30165     30166                 -0.01076282        55

  ==> Add operator: a_ia 1285
  ==> Current qubit order: 4  5  8  9  10  2  3  16  17  19  21  27  22  12  13  26  65  29  62  63  14  24  11  25  28  30  18  31  35  23  37  15  69  34  68  66  38  40  42  43  44  1  61  60  7  6  0  20  67  45  46  39  48  64  53  33  41  50  51  55  58  32  47  59  49  54  56  57  36  70  72  73  74  71  75  76  77  78  79  80  81  82  83  84  85  52  86  87  88  89  90  91  92  93  94  95  96  97  98  99  100  101  102  103  


  ==> Energy                -307.398976566
  ==> dE                       -1.10e-06
  ==> Gradient Norm             2.13e-01
  ==> Abs. Max. Deriv.          2.21e-02
  ==> Time-Grad. (s)             123.616
  ==> Time-Energy (s)            644.915
  ==> Time-Iter. (s)             769.988

--------------------------------------------------------------------------------
CEO-ADAPT-VQE iteration: 276
--------------------------------------------------------------------------------
    gate        derivative      name       op1       op2       op3        g_unscaled   penalty
   45309        0.00039252        om      4986      4987                  0.02080356        53
   45308        0.00039238        op      4986      4987                  0.02079605        53
     927       -0.00038310      a_ia       927                           -0.00076620         2
    4986        0.00030145    a_iajb      4986                            0.02079981        69
     626       -0.00027800      a_ia       626                           -0.00500392        18
     416       -0.00022297      a_ia       416                           -0.00133783         6
     873       -0.00021948      a_ia       873                           -0.00219477        10
    1057        0.00021850      a_ia      1057                            0.00043701         2
    1102       -0.00021230      a_ia      1102                           -0.00042461         2
      23        0.00020693      a_ia        23                            0.00124155         6

  ==> Add operator: mvp2 -1: 4986 4987
  ==> Current qubit order: 4  5  8  9  10  2  3  16  17  19  21  27  22  12  13  26  65  29  62  63  14  24  11  25  28  30  18  31  35  23  37  15  69  34  68  38  40  42  43  44  66  1  0  67  61  60  7  6  20  45  46  39  48  64  53  33  41  50  51  55  58  32  47  59  49  54  56  57  36  70  72  73  74  71  75  76  77  78  79  80  81  82  83  84  85  52  86  87  88  89  90  91  92  93  94  95  96  97  98  99  100  101  102  103  


  ==> Energy                -307.399002015
  ==> dE                       -2.54e-05
  ==> Gradient Norm             2.06e-01
  ==> Abs. Max. Deriv.          2.21e-02
  ==> Time-Grad. (s)             128.078
  ==> Time-Energy (s)             18.150
  ==> Time-Iter. (s)             147.838

--------------------------------------------------------------------------------
CEO-ADAPT-VQE iteration: 277
--------------------------------------------------------------------------------
    gate        derivative      name       op1       op2       op3        g_unscaled   penalty
    1274       -0.00063328      a_ia      1274                           -0.00126657         2
   83228       -0.00040484        op     33454     33455                 -0.01659824        41
   83229       -0.00040438        om     33454     33455                 -0.01657966        41
     928       -0.00038312      a_ia       928                           -0.00076624         2
   33454       -0.00029103    a_iajb     33454                           -0.01658895        57
    1252        0.00024136      a_ia      1252                            0.00289627        12
     416       -0.00022309      a_ia       416                           -0.00133853         6
     874       -0.00021948      a_ia       874                           -0.00219483        10
    1058        0.00021848      a_ia      1058                            0.00043696         2
    1103       -0.00021221      a_ia      1103                           -0.00042442         2

  ==> Add operator: a_ia 1274
  ==> Current qubit order: 4  5  8  9  10  2  3  16  17  19  21  27  22  12  13  26  65  29  62  63  14  24  11  25  28  30  18  31  35  23  37  15  69  34  68  38  40  42  43  44  66  1  0  67  61  60  7  6  20  45  46  39  48  64  53  33  41  50  51  55  58  32  47  59  49  54  56  57  36  70  72  73  74  71  75  76  77  78  79  80  81  82  83  84  85  52  86  87  88  89  90  91  92  93  94  95  96  97  98  99  100  101  102  103  


  ==> Energy                -307.399002492
  ==> dE                       -4.77e-07
  ==> Gradient Norm             2.12e-01
  ==> Abs. Max. Deriv.          2.20e-02
  ==> Time-Grad. (s)             128.990
  ==> Time-Energy (s)              9.825
  ==> Time-Iter. (s)             140.209

--------------------------------------------------------------------------------
CEO-ADAPT-VQE iteration: 278
--------------------------------------------------------------------------------
    gate        derivative      name       op1       op2       op3        g_unscaled   penalty
     929       -0.00038131      a_ia       929                           -0.00076262         2
    1255        0.00024130      a_ia      1255                            0.00289563        12
     416       -0.00022343      a_ia       416                           -0.00134058         6
     875       -0.00021915      a_ia       875                           -0.00219149        10
    1059        0.00021805      a_ia      1059                            0.00043610         2
    1104       -0.00021283      a_ia      1104                           -0.00042567         2
      23        0.00020665      a_ia        23                            0.00123991         6
     824        0.00020611      a_ia       824                            0.00371007        18
      57        0.00018519      a_ia        57                            0.00074078         4
     476        0.00018507      a_ia       476                            0.00666254        36

  ==> Add operator: a_ia 929
  ==> Current qubit order: 4  5  8  9  10  2  3  16  17  19  21  27  22  12  13  26  65  29  62  63  14  24  11  25  28  30  18  31  35  23  37  15  69  34  68  38  40  42  43  44  66  1  0  67  61  60  7  6  20  45  46  39  48  64  53  33  41  50  51  55  58  32  47  59  49  54  56  57  36  70  72  73  74  71  75  76  77  78  79  80  81  82  83  84  85  52  86  87  88  89  90  91  92  93  94  95  96  97  98  99  100  101  102  103  


  ==> Energy                -307.399002593
  ==> dE                       -1.01e-07
  ==> Gradient Norm             2.06e-01
  ==> Abs. Max. Deriv.          2.20e-02
  ==> Time-Grad. (s)             186.078
  ==> Time-Energy (s)             15.021
  ==> Time-Iter. (s)             202.542

--------------------------------------------------------------------------------
CEO-ADAPT-VQE iteration: 279
--------------------------------------------------------------------------------
    gate        derivative      name       op1       op2       op3        g_unscaled   penalty
    1258        0.00024117      a_ia      1258                            0.00289406        12
     416       -0.00022358      a_ia       416                           -0.00134147         6
     875       -0.00022081      a_ia       875                           -0.00220808        10
    1061        0.00021899      a_ia      1061                            0.00043798         2
    1106       -0.00021328      a_ia      1106                           -0.00042656         2
      23        0.00020631      a_ia        23                            0.00123787         6
     824        0.00020600      a_ia       824                            0.00370797        18
      57        0.00018519      a_ia        57                            0.00074075         4
     476        0.00018512      a_ia       476                            0.00666443        36
    1000        0.00017989      a_ia      1000                            0.00395768        22

  ==> Add operator: a_ia 1258
  ==> Current qubit order: 4  5  8  9  10  2  3  16  17  19  21  27  22  12  13  26  65  29  62  63  14  24  11  25  28  30  18  31  35  23  37  15  34  68  38  40  42  69  43  44  66  1  0  67  61  60  7  6  20  45  46  39  48  64  53  33  41  50  51  55  58  32  47  59  49  54  56  57  36  70  72  73  74  71  75  76  77  78  79  80  81  82  83  84  85  52  86  87  88  89  90  91  92  93  94  95  96  97  98  99  100  101  102  103  


  ==> Energy                -307.399004401
  ==> dE                       -1.81e-06
  ==> Gradient Norm             2.08e-01
  ==> Abs. Max. Deriv.          2.20e-02
  ==> Time-Grad. (s)             135.403
  ==> Time-Energy (s)             13.643
  ==> Time-Iter. (s)             150.518

--------------------------------------------------------------------------------
CEO-ADAPT-VQE iteration: 280
--------------------------------------------------------------------------------
    gate        derivative      name       op1       op2       op3        g_unscaled   penalty
     417       -0.00022533      a_ia       417                           -0.00135200         6
     878       -0.00022096      a_ia       878                           -0.00220963        10
    1064        0.00021650      a_ia      1064                            0.00043300         2
    1109       -0.00021407      a_ia      1109                           -0.00042814         2
      23        0.00020727      a_ia        23                            0.00124363         6
      57        0.00018505      a_ia        57                            0.00074021         4
    1421       -0.00018456      a_ia      1421                           -0.00036913         2
    1344       -0.00018018      a_ia      1344                           -0.00036037         2
    1003        0.00017989      a_ia      1003                            0.00395763        22
    1014        0.00017929      a_ia      1014                            0.00717173        40

  ==> Add operator: a_ia 417
  ==> Current qubit order: 4  5  8  9  10  2  3  16  17  19  21  27  22  12  13  26  65  29  62  14  24  63  11  25  28  30  18  31  35  23  37  15  34  68  38  40  42  69  43  44  66  1  0  67  61  60  7  6  20  45  46  39  48  64  53  33  41  50  51  55  58  32  47  59  49  54  56  57  36  70  72  73  74  71  75  76  77  78  79  80  81  82  83  84  85  52  86  87  88  89  90  91  92  93  94  95  96  97  98  99  100  101  102  103  


  ==> Energy                -307.399004608
  ==> dE                       -2.07e-07
  ==> Gradient Norm             2.07e-01
  ==> Abs. Max. Deriv.          2.20e-02
  ==> Time-Grad. (s)             139.060
  ==> Time-Energy (s)             10.126
  ==> Time-Iter. (s)             150.668

--------------------------------------------------------------------------------
CEO-ADAPT-VQE iteration: 281
--------------------------------------------------------------------------------
    gate        derivative      name       op1       op2       op3        g_unscaled   penalty
     825       -0.00026000      a_ia       825                           -0.00104002         4
     879       -0.00022080      a_ia       879                           -0.00220796        10
    1065        0.00021350      a_ia      1065                            0.00042699         2
    1110       -0.00021304      a_ia      1110                           -0.00042609         2
      23        0.00020720      a_ia        23                            0.00124318         6
     802       -0.00020028      a_ia       802                           -0.00080112         4
      57        0.00018492      a_ia        57                            0.00073967         4
    1346       -0.00018367      a_ia      1346                           -0.00036735         2
    1423       -0.00018168      a_ia      1423                           -0.00036335         2
    1004        0.00017991      a_ia      1004                            0.00395795        22

  ==> Add operator: a_ia 825
  ==> Current qubit order: 4  5  8  9  10  2  3  16  17  19  21  27  22  12  13  26  65  29  62  14  24  11  63  25  28  30  18  31  35  23  37  15  34  68  38  40  42  69  43  44  66  1  0  67  61  60  7  6  20  45  46  39  48  64  53  33  41  50  51  55  58  32  47  59  49  54  56  57  36  70  72  73  74  71  75  76  77  78  79  80  81  82  83  84  85  52  86  87  88  89  90  91  92  93  94  95  96  97  98  99  100  101  102  103  


  ==> Energy                -307.399004846
  ==> dE                       -2.38e-07
  ==> Gradient Norm             2.09e-01
  ==> Abs. Max. Deriv.          2.20e-02
  ==> Time-Grad. (s)             125.911
  ==> Time-Energy (s)             10.436
  ==> Time-Iter. (s)             138.116

--------------------------------------------------------------------------------
CEO-ADAPT-VQE iteration: 282
--------------------------------------------------------------------------------
    gate        derivative      name       op1       op2       op3        g_unscaled   penalty
    1499        0.00027436      a_ia      1499                            0.00219492         8
     879       -0.00022164      a_ia       879                           -0.00221636        10
    1065        0.00021380      a_ia      1065                            0.00042760         2
    1111       -0.00021272      a_ia      1111                           -0.00042544         2
      23        0.00020644      a_ia        23                            0.00123863         6
     802       -0.00019516      a_ia       802                           -0.00078065         4
    1349       -0.00018898      a_ia      1349                           -0.00037796         2
      57        0.00018470      a_ia        57                            0.00073880         4
    1427       -0.00018239      a_ia      1427                           -0.00036477         2
    1004        0.00017992      a_ia      1004                            0.00395819        22

  ==> Add operator: a_ia 1499
  ==> Current qubit order: 4  5  8  9  10  2  3  16  17  19  21  27  22  12  13  26  65  29  62  14  24  11  63  25  28  30  18  31  35  23  37  15  34  68  38  40  42  69  43  44  66  1  0  67  61  60  7  6  20  45  46  39  48  64  53  33  41  50  51  58  32  47  55  59  49  54  56  57  36  70  72  73  74  71  75  76  77  78  79  80  81  82  83  84  85  52  86  87  88  89  90  91  92  93  94  95  96  97  98  99  100  101  102  103  


  ==> Energy                -307.399116046
  ==> dE                       -1.11e-04
  ==> Gradient Norm             2.08e-01
  ==> Abs. Max. Deriv.          2.36e-02
  ==> Time-Grad. (s)             197.025
  ==> Time-Energy (s)              9.895
  ==> Time-Iter. (s)             208.420

--------------------------------------------------------------------------------
CEO-ADAPT-VQE iteration: 283
--------------------------------------------------------------------------------
    gate        derivative      name       op1       op2       op3        g_unscaled   penalty
    1348        0.00055916      a_ia      1348                            0.00111832         2
    1389       -0.00028243      a_ia      1389                           -0.00112972         4
    1005        0.00022058      a_ia      1005                            0.00441159        20
     880       -0.00021966      a_ia       880                           -0.00219665        10
    1066        0.00021433      a_ia      1066                            0.00042866         2
    1391       -0.00021043      a_ia      1391                           -0.00042085         2
    1112       -0.00020914      a_ia      1112                           -0.00041828         2
      23        0.00020627      a_ia        23                            0.00123764         6
    1350        0.00019647      a_ia      1350                            0.00078587         4
     803       -0.00019636      a_ia       803                           -0.00078544         4

  ==> Add operator: a_ia 1348
  ==> Current qubit order: 4  5  8  9  10  2  3  16  17  19  21  27  22  12  13  26  65  29  62  14  24  11  63  25  28  30  18  31  35  23  37  15  34  68  38  40  42  69  43  44  66  1  0  67  61  60  7  6  20  45  46  39  48  64  53  33  41  50  51  58  32  47  55  59  49  54  56  57  36  70  72  73  74  71  75  76  77  78  79  80  81  82  83  84  85  52  86  87  88  89  90  91  92  93  94  95  96  97  98  99  100  101  102  103  


  ==> Energy                -307.399116646
  ==> dE                       -6.01e-07
  ==> Gradient Norm             2.10e-01
  ==> Abs. Max. Deriv.          2.20e-02
  ==> Time-Grad. (s)             129.514
  ==> Time-Energy (s)              9.854
  ==> Time-Iter. (s)             140.809

--------------------------------------------------------------------------------
CEO-ADAPT-VQE iteration: 284
--------------------------------------------------------------------------------
    gate        derivative      name       op1       op2       op3        g_unscaled   penalty
   82148        0.00033921        om     32682     32683                  0.03968775       117
   82147        0.00032761        op     32682     32683                  0.03833088       117
   32682        0.00029330    a_iajb     32682                            0.03900932       133
    1391       -0.00028927      a_ia      1391                           -0.00115709         4
   87906        0.00024190        om     37060     37061                  0.02733474       113
   87905        0.00024123        op     37060     37061                  0.02725892       113
     881       -0.00022198      a_ia       881                           -0.00221978        10
    1006        0.00022059      a_ia      1006                            0.00441184        20
    1067        0.00021927      a_ia      1067                            0.00043854         2
    1113       -0.00021399      a_ia      1113                           -0.00042798         2

  ==> Add operator: mvp2 -1: 32682 32683
  ==> Current qubit order: 4  5  8  9  10  2  3  16  17  19  27  22  12  13  26  65  29  62  14  24  11  63  25  28  30  18  31  35  23  37  21  68  69  20  15  34  38  40  42  43  44  66  1  0  67  61  60  7  6  45  46  39  48  64  53  33  41  50  51  58  32  47  55  59  49  54  56  57  36  70  72  73  74  71  75  76  77  78  79  80  81  82  83  84  85  52  86  87  88  89  90  91  92  93  94  95  96  97  98  99  100  101  102  103  


  ==> Energy                -307.399549715
  ==> dE                       -4.33e-04
  ==> Gradient Norm             2.19e-01
  ==> Abs. Max. Deriv.          3.97e-02
  ==> Time-Grad. (s)             133.680
  ==> Time-Energy (s)             16.044
  ==> Time-Iter. (s)             151.182

--------------------------------------------------------------------------------
CEO-ADAPT-VQE iteration: 285
--------------------------------------------------------------------------------
    gate        derivative      name       op1       op2       op3        g_unscaled   penalty
     721        0.00032806      a_ia       721                            0.00131226         4
     691        0.00029692      a_ia       691                            0.00118767         4
    1393       -0.00029566      a_ia      1393                           -0.00118262         4
     882       -0.00022248      a_ia       882                           -0.00222483        10
    1114       -0.00021997      a_ia      1114                           -0.00043994         2
    1007        0.00021966      a_ia      1007                            0.00439323        20
      23        0.00020867      a_ia        23                            0.00125201         6
     829        0.00020086      a_ia       829                            0.00401729        20
    1395       -0.00020084      a_ia      1395                           -0.00040168         2
     804       -0.00019884      a_ia       804                           -0.00079535         4

  ==> Add operator: a_ia 721
  ==> Current qubit order: 4  5  8  9  10  2  3  16  17  19  27  22  12  13  26  65  29  62  14  24  11  63  25  28  30  18  31  35  23  37  68  21  69  20  15  34  38  40  42  43  44  66  1  0  67  61  60  7  6  45  46  39  48  64  53  33  41  50  51  58  32  47  55  59  49  54  56  57  36  70  72  73  74  71  75  76  77  78  79  80  81  82  83  84  85  52  86  87  88  89  90  91  92  93  94  95  96  97  98  99  100  101  102  103  


  ==> Energy                -307.399550004
  ==> dE                       -2.89e-07
  ==> Gradient Norm             2.22e-01
  ==> Abs. Max. Deriv.          2.20e-02
  ==> Time-Grad. (s)             136.094
  ==> Time-Energy (s)             12.089
  ==> Time-Iter. (s)             149.646

--------------------------------------------------------------------------------
CEO-ADAPT-VQE iteration: 286
--------------------------------------------------------------------------------
    gate        derivative      name       op1       op2       op3        g_unscaled   penalty
   90353       -0.00031295        op     38919     38920                 -0.01721217        55
   90354       -0.00031032        om     38919     38920                 -0.01706761        55
    1395       -0.00029537      a_ia      1395                           -0.00118147         4
   38919       -0.00024141    a_iajb     38919                           -0.01713989        71
    1115       -0.00022356      a_ia      1115                           -0.00044711         2
     883       -0.00022293      a_ia       883                           -0.00222926        10
    1008        0.00021967      a_ia      1008                            0.00439348        20
      23        0.00020949      a_ia        23                            0.00125695         6
     830        0.00020145      a_ia       830                            0.00402909        20
    1397       -0.00019894      a_ia      1397                           -0.00039788         2

  ==> Add operator: mvp2 -1: 38919 38920
  ==> Current qubit order: 4  5  8  9  10  2  3  16  17  19  27  22  12  13  26  65  29  62  14  24  11  63  25  28  30  18  31  35  23  37  68  21  69  20  15  34  38  40  42  43  44  66  1  0  67  61  60  7  6  45  46  48  64  53  33  41  51  58  39  50  55  54  32  47  59  49  56  57  36  70  72  73  74  71  75  76  77  78  79  80  81  82  83  84  85  52  86  87  88  89  90  91  92  93  94  95  96  97  98  99  100  101  102  103  


  ==> Energy                -307.399628064
  ==> dE                       -7.81e-05
  ==> Gradient Norm             2.07e-01
  ==> Abs. Max. Deriv.          2.20e-02
  ==> Time-Grad. (s)             128.388
  ==> Time-Energy (s)             21.824
  ==> Time-Iter. (s)             151.658

--------------------------------------------------------------------------------
CEO-ADAPT-VQE iteration: 287
--------------------------------------------------------------------------------
    gate        derivative      name       op1       op2       op3        g_unscaled   penalty
    1358        0.00037329      a_ia      1358                            0.00074658         2
    1225        0.00033388      a_ia      1225                            0.00066776         2
    1185        0.00026073      a_ia      1185                            0.00104291         4
    1118       -0.00022351      a_ia      1118                           -0.00044702         2
     886       -0.00022315      a_ia       886                           -0.00223150        10
      23        0.00020912      a_ia        23                            0.00125474         6
   73420       -0.00020888        op     25973     25974                 -0.01232371        59
   73421       -0.00020860        om     25973     25974                 -0.01230743        59
     832        0.00020145      a_ia       832                            0.00402900        20
    1400       -0.00020022      a_ia      1400                           -0.00040043         2

  ==> Add operator: a_ia 1358
  ==> Current qubit order: 4  5  8  9  10  2  3  16  17  19  27  22  12  13  26  65  29  62  14  24  11  63  25  28  30  18  31  35  23  37  68  21  69  20  15  34  38  40  42  43  44  66  1  0  67  61  60  7  6  45  46  48  64  53  33  41  51  58  39  50  55  54  32  47  59  49  56  57  36  70  72  73  74  71  75  76  77  78  79  80  81  82  83  84  85  52  86  87  88  89  90  91  92  93  94  95  96  97  98  99  100  101  102  103  


  ==> Energy                -307.399628375
  ==> dE                       -3.11e-07
  ==> Gradient Norm             2.01e-01
  ==> Abs. Max. Deriv.          2.20e-02
  ==> Time-Grad. (s)             188.668
  ==> Time-Energy (s)             11.556
  ==> Time-Iter. (s)             201.729

--------------------------------------------------------------------------------
CEO-ADAPT-VQE iteration: 288
--------------------------------------------------------------------------------
    gate        derivative      name       op1       op2       op3        g_unscaled   penalty
   73221       -0.00036109        op     25789     25790                 -0.01552703        43
   73222       -0.00036074        om     25789     25790                 -0.01551198        43
    1225        0.00033365      a_ia      1225                            0.00066731         2
   25789       -0.00026304    a_iajb     25789                           -0.01551950        59
    1185        0.00026090      a_ia      1185                            0.00104359         4
    1118       -0.00022306      a_ia      1118                           -0.00044613         2
     886       -0.00022208      a_ia       886                           -0.00222075        10
    1400       -0.00020947      a_ia      1400                           -0.00041894         2
      23        0.00020866      a_ia        23                            0.00125196         6
     832        0.00020087      a_ia       832                            0.00401733        20

  ==> Add operator: mvp2 -1: 25789 25790
  ==> Current qubit order: 4  5  8  9  10  2  3  16  17  19  27  22  12  13  26  65  29  62  14  24  11  63  25  28  30  18  31  35  23  37  68  21  69  20  15  34  38  40  42  43  44  66  1  0  67  61  60  6  45  46  48  7  64  53  50  33  41  51  58  39  55  54  32  47  59  49  56  57  36  70  72  73  74  71  75  76  77  78  79  80  81  82  83  84  85  52  86  87  88  89  90  91  92  93  94  95  96  97  98  99  100  101  102  103  


  ==> Energy                -307.399671769
  ==> dE                       -4.34e-05
  ==> Gradient Norm             2.09e-01
  ==> Abs. Max. Deriv.          2.65e-02
  ==> Time-Grad. (s)             179.960
  ==> Time-Energy (s)             19.371
  ==> Time-Iter. (s)             200.773

--------------------------------------------------------------------------------
CEO-ADAPT-VQE iteration: 289
--------------------------------------------------------------------------------
    gate        derivative      name       op1       op2       op3        g_unscaled   penalty
    1227        0.00033290      a_ia      1227                            0.00066580         2
    1187        0.00026169      a_ia      1187                            0.00104677         4
    1120       -0.00022314      a_ia      1120                           -0.00044629         2
     888       -0.00022205      a_ia       888                           -0.00222054        10
    1402       -0.00020978      a_ia      1402                           -0.00041955         2
      23        0.00020866      a_ia        23                            0.00125197         6
     238        0.00020851      a_ia       238                            0.00250216        12
     834        0.00020087      a_ia       834                            0.00401746        20
   81217       -0.00019569        om     31927     31928                 -0.01585106        81
   81216       -0.00019564        op     31927     31928                 -0.01584671        81

  ==> Add operator: a_ia 1227
  ==> Current qubit order: 4  5  8  9  10  2  3  16  17  19  27  22  12  13  26  65  29  62  14  24  11  63  25  28  30  18  31  35  23  37  68  21  69  20  15  34  38  40  42  43  44  66  1  0  67  61  60  6  45  46  48  7  64  53  50  33  41  51  58  39  55  54  32  47  59  49  56  57  36  70  72  73  74  71  75  76  77  78  79  80  81  82  83  84  85  52  86  87  88  89  90  91  92  93  94  95  96  97  98  99  100  101  102  103  


  ==> Energy                -307.399679350
  ==> dE                       -7.58e-06
  ==> Gradient Norm             2.13e-01
  ==> Abs. Max. Deriv.          2.20e-02
  ==> Time-Grad. (s)             191.295
  ==> Time-Energy (s)             11.746
  ==> Time-Iter. (s)             204.499

--------------------------------------------------------------------------------
CEO-ADAPT-VQE iteration: 290
--------------------------------------------------------------------------------
    gate        derivative      name       op1       op2       op3        g_unscaled   penalty
   90154       -0.00027880        op     38654     38655                 -0.02369773        85
   90155       -0.00027146        om     38654     38655                 -0.02307379        85
    1190        0.00026197      a_ia      1190                            0.00104787         4
   38654       -0.00023154    a_iajb     38654                           -0.02338576       101
    1123       -0.00022366      a_ia      1123                           -0.00044733         2
     890       -0.00022207      a_ia       890                           -0.00222071        10
    1406       -0.00021373      a_ia      1406                           -0.00042746         2
     238        0.00020839      a_ia       238                            0.00250069        12
      23        0.00020784      a_ia        23                            0.00124702         6
    1499        0.00020101      a_ia      1499                            0.00120607         6

  ==> Add operator: mvp2 -1: 38654 38655
  ==> Current qubit order: 4  5  8  9  10  2  3  16  17  19  27  22  12  13  26  65  29  62  14  24  11  63  25  28  30  18  31  35  23  37  68  21  69  20  15  34  40  42  43  44  66  1  0  67  61  60  6  45  46  48  7  64  53  38  51  55  54  50  33  41  58  39  32  47  59  49  56  57  36  70  72  73  74  71  75  76  77  78  79  80  81  82  83  84  85  52  86  87  88  89  90  91  92  93  94  95  96  97  98  99  100  101  102  103  


  ==> Energy                -307.399832034
  ==> dE                       -1.53e-04
  ==> Gradient Norm             2.11e-01
  ==> Abs. Max. Deriv.          2.37e-02
  ==> Time-Grad. (s)             124.135
  ==> Time-Energy (s)             18.802
  ==> Time-Iter. (s)             144.373

--------------------------------------------------------------------------------
CEO-ADAPT-VQE iteration: 291
--------------------------------------------------------------------------------
    gate        derivative      name       op1       op2       op3        g_unscaled   penalty
    1446       -0.00028335      a_ia      1446                           -0.00113341         4
    1342        0.00026446      a_ia      1342                            0.00423140        16
    1124       -0.00022432      a_ia      1124                           -0.00044863         2
     891       -0.00022258      a_ia       891                           -0.00222583        10
    1168        0.00021754      a_ia      1168                            0.00130525         6
    1480       -0.00021472      a_ia      1480                           -0.00128830         6
    1409       -0.00021072      a_ia      1409                           -0.00042143         2
    1236        0.00020976      a_ia      1236                            0.00209757        10
    1165       -0.00020882      a_ia      1165                           -0.00208818        10
     239        0.00020846      a_ia       239                            0.00250147        12

  ==> Add operator: a_ia 1446
  ==> Current qubit order: 4  5  8  9  10  2  3  16  17  19  27  22  12  13  26  65  29  62  14  24  11  63  25  28  30  18  31  35  23  37  68  21  69  20  15  34  40  42  43  44  66  1  0  67  61  60  6  45  46  48  7  64  38  53  51  55  54  50  33  41  58  39  32  47  59  49  56  57  36  70  72  73  74  71  75  76  77  78  79  80  81  82  83  84  85  52  86  87  88  89  90  91  92  93  94  95  96  97  98  99  100  101  102  103  


  ==> Energy                -307.399833534
  ==> dE                       -1.50e-06
  ==> Gradient Norm             2.12e-01
  ==> Abs. Max. Deriv.          2.82e-02
  ==> Time-Grad. (s)             183.450
  ==> Time-Energy (s)              9.308
  ==> Time-Iter. (s)             194.214

--------------------------------------------------------------------------------
CEO-ADAPT-VQE iteration: 292
--------------------------------------------------------------------------------
    gate        derivative      name       op1       op2       op3        g_unscaled   penalty
    1474       -0.00033593      a_ia      1474                           -0.00403113        12
    1484       -0.00032020      a_ia      1484                           -0.00128080         4
    1168       -0.00026145      a_ia      1168                           -0.00209162         8
    1345        0.00025859      a_ia      1345                            0.00413752        16
    1430       -0.00025487      a_ia      1430                           -0.00050973         2
    1126       -0.00023135      a_ia      1126                           -0.00046270         2
     893       -0.00022409      a_ia       893                           -0.00224092        10
      23        0.00021069      a_ia        23                            0.00126412         6
    1239        0.00021066      a_ia      1239                            0.00210661        10
     241        0.00021002      a_ia       241                            0.00252026        12

  ==> Add operator: a_ia 1474
  ==> Current qubit order: 4  5  8  9  10  2  3  16  17  19  27  22  12  13  26  65  29  62  14  24  11  63  25  28  30  18  31  35  23  37  68  21  69  20  15  34  40  42  43  44  66  1  0  67  61  60  6  45  46  48  7  64  38  53  51  55  54  50  33  41  58  39  32  47  59  49  56  57  36  70  72  73  74  71  75  76  77  78  79  81  82  83  84  85  80  52  86  87  88  89  90  91  92  93  94  95  96  97  98  99  100  101  102  103  


  ==> Energy                -307.399964786
  ==> dE                       -1.31e-04
  ==> Gradient Norm             2.02e-01
  ==> Abs. Max. Deriv.          2.20e-02
  ==> Time-Grad. (s)             187.608
  ==> Time-Energy (s)             11.774
  ==> Time-Iter. (s)             200.819

--------------------------------------------------------------------------------
CEO-ADAPT-VQE iteration: 293
--------------------------------------------------------------------------------
    gate        derivative      name       op1       op2       op3        g_unscaled   penalty
   72172        0.00039258        op     25058     25059                  0.02159191        55
   72173        0.00037419        om     25058     25059                  0.02058035        55
    1437       -0.00033627      a_ia      1437                           -0.00067255         2
   25058        0.00029699    a_iajb     25058                            0.02108613        71
    1491       -0.00028183      a_ia      1491                           -0.00112731         4
    1172       -0.00026145      a_ia      1172                           -0.00209162         8
    1352        0.00024724      a_ia      1352                            0.00395590        16
    1130       -0.00023431      a_ia      1130                           -0.00046862         2
     897       -0.00022135      a_ia       897                           -0.00221350        10
    1419       -0.00022039      a_ia      1419                           -0.00044077         2

  ==> Add operator: mvp2 -1: 25058 25059
  ==> Current qubit order: 4  5  8  9  10  2  3  16  17  19  27  22  12  13  26  65  29  62  14  24  11  63  25  28  30  18  31  35  23  37  68  21  69  20  15  34  40  42  43  44  66  1  0  67  61  60  45  46  48  7  38  6  64  53  47  51  55  54  50  33  41  58  39  32  59  49  56  57  36  70  72  73  74  71  75  76  77  78  79  81  82  83  84  85  80  52  86  87  88  89  90  91  92  93  94  95  96  97  98  99  100  101  102  103  


  ==> Energy                -307.400034983
  ==> dE                       -7.02e-05
  ==> Gradient Norm             2.10e-01
  ==> Abs. Max. Deriv.          2.20e-02
  ==> Time-Grad. (s)             131.492
  ==> Time-Energy (s)             21.613
  ==> Time-Iter. (s)             154.577

--------------------------------------------------------------------------------
CEO-ADAPT-VQE iteration: 294
--------------------------------------------------------------------------------
    gate        derivative      name       op1       op2       op3        g_unscaled   penalty
     241       -0.00040676      a_ia       241                           -0.00081353         2
    1374       -0.00036561      a_ia      1374                           -0.00073122         2
    1373        0.00036162      a_ia      1373                            0.00072324         2
    1172       -0.00034930      a_ia      1172                           -0.00209579         6
    1437       -0.00033617      a_ia      1437                           -0.00067234         2
    1244        0.00026322      a_ia      1244                            0.00210575         8
    1130       -0.00023437      a_ia      1130                           -0.00046874         2
    1033        0.00022209      a_ia      1033                            0.00755093        34
    1419       -0.00022178      a_ia      1419                           -0.00044355         2
     897       -0.00022171      a_ia       897                           -0.00221707        10

  ==> Add operator: a_ia 241
  ==> Current qubit order: 4  5  8  9  10  2  3  16  17  19  27  22  12  13  26  65  29  62  14  24  11  63  25  28  30  18  31  35  23  37  68  21  69  20  15  34  40  42  43  44  66  1  0  67  61  60  45  46  48  7  38  6  64  53  47  51  55  54  50  33  41  58  39  32  59  49  56  57  36  70  72  73  74  71  75  76  77  78  79  81  82  83  84  85  80  52  86  87  88  89  90  91  92  93  94  95  96  97  98  99  100  101  102  103  


  ==> Energy                -307.400035155
  ==> dE                       -1.72e-07
  ==> Gradient Norm             2.10e-01
  ==> Abs. Max. Deriv.          2.20e-02
  ==> Time-Grad. (s)             129.048
  ==> Time-Energy (s)              9.630
  ==> Time-Iter. (s)             140.133

--------------------------------------------------------------------------------
CEO-ADAPT-VQE iteration: 295
--------------------------------------------------------------------------------
    gate        derivative      name       op1       op2       op3        g_unscaled   penalty
    1375        0.00036158      a_ia      1375                            0.00072317         2
    1376       -0.00035849      a_ia      1376                           -0.00071698         2
    1174       -0.00034930      a_ia      1174                           -0.00209582         6
    1439       -0.00033634      a_ia      1439                           -0.00067269         2
    1246        0.00026286      a_ia      1246                            0.00210284         8
    1132       -0.00023441      a_ia      1132                           -0.00046883         2
    1035        0.00022198      a_ia      1035                            0.00754716        34
     899       -0.00022072      a_ia       899                           -0.00220720        10
   83144       -0.00021935        op     33347     33348                 -0.02259329       103
   83145       -0.00021935        op     33347     33348                 -0.02259329       103

  ==> Add operator: a_ia 1375
  ==> Current qubit order: 4  5  8  9  10  2  3  16  17  19  27  22  12  13  26  65  29  62  14  24  11  63  25  28  30  18  31  35  23  37  68  21  69  20  15  34  40  42  43  44  66  1  0  67  61  60  45  46  48  7  38  6  64  53  47  51  55  54  50  33  41  58  39  32  59  49  56  57  36  70  72  73  74  71  75  76  77  78  79  81  82  83  84  85  80  52  86  87  88  89  90  91  92  93  94  95  96  97  98  99  100  101  102  103  


  ==> Energy                -307.400042721
  ==> dE                       -7.57e-06
  ==> Gradient Norm             2.08e-01
  ==> Abs. Max. Deriv.          2.26e-02
  ==> Time-Grad. (s)             136.045
  ==> Time-Energy (s)             11.535
  ==> Time-Iter. (s)             149.044

--------------------------------------------------------------------------------
CEO-ADAPT-VQE iteration: 296
--------------------------------------------------------------------------------
    gate        derivative      name       op1       op2       op3        g_unscaled   penalty
    1439       -0.00036037      a_ia      1439                           -0.00072073         2
    1174       -0.00034727      a_ia      1174                           -0.00208360         6
    1246        0.00026175      a_ia      1246                            0.00209399         8
    1132       -0.00023484      a_ia      1132                           -0.00046968         2
    1035        0.00022247      a_ia      1035                            0.00756414        34
    1421       -0.00022089      a_ia      1421                           -0.00044178         2
     899       -0.00022007      a_ia       899                           -0.00220071        10
    1493       -0.00021865      a_ia      1493                           -0.00131190         6
    1352        0.00021232      a_ia      1352                            0.00042465         2
      23        0.00020986      a_ia        23                            0.00125915         6

  ==> Add operator: a_ia 1439
  ==> Current qubit order: 4  5  8  9  10  2  3  16  17  19  27  22  12  13  26  65  29  62  14  24  11  63  25  28  30  18  31  35  23  37  68  21  69  20  15  34  40  42  43  44  66  1  0  67  61  60  45  46  48  7  38  6  64  53  47  51  55  54  50  33  41  58  39  32  59  49  56  57  36  70  72  73  74  71  75  76  77  78  79  81  82  83  84  85  80  52  86  87  88  89  90  91  92  93  94  95  96  97  98  99  100  101  102  103  


  ==> Energy                -307.400043169
  ==> dE                       -4.47e-07
  ==> Gradient Norm             2.15e-01
  ==> Abs. Max. Deriv.          2.20e-02
  ==> Time-Grad. (s)             179.180
  ==> Time-Energy (s)             10.447
  ==> Time-Iter. (s)             191.076

--------------------------------------------------------------------------------
CEO-ADAPT-VQE iteration: 297
--------------------------------------------------------------------------------
    gate        derivative      name       op1       op2       op3        g_unscaled   penalty
    1175       -0.00034725      a_ia      1175                           -0.00208349         6
    1377       -0.00027229      a_ia      1377                           -0.00054458         2
    1247        0.00025972      a_ia      1247                            0.00207773         8
    1133       -0.00022581      a_ia      1133                           -0.00045161         2
    1036        0.00022253      a_ia      1036                            0.00756608        34
     900       -0.00021954      a_ia       900                           -0.00219539        10
   77434       -0.00021938        op     29118     29119                 -0.00987210        45
   77435       -0.00021938        om     29118     29119                 -0.00987210        45
    1494       -0.00021800      a_ia      1494                           -0.00130803         6
    1422       -0.00021264      a_ia      1422                           -0.00042527         2

  ==> Add operator: a_ia 1175
  ==> Current qubit order: 4  5  8  9  10  2  3  16  17  19  27  22  12  13  26  65  29  62  14  24  11  63  25  28  30  18  31  35  23  37  68  21  69  20  15  34  40  42  43  44  66  1  0  67  61  60  45  48  7  46  38  6  64  53  47  51  55  54  50  33  41  58  39  32  59  49  56  57  36  70  72  73  74  71  75  76  77  78  79  81  82  83  84  85  80  52  86  87  88  89  90  91  92  93  94  95  96  97  98  99  100  101  102  103  


  ==> Energy                -307.400170888
  ==> dE                       -1.28e-04
  ==> Gradient Norm             2.12e-01
  ==> Abs. Max. Deriv.          2.20e-02
  ==> Time-Grad. (s)             169.338
  ==> Time-Energy (s)              9.592
  ==> Time-Iter. (s)             180.383

--------------------------------------------------------------------------------
CEO-ADAPT-VQE iteration: 298
--------------------------------------------------------------------------------
    gate        derivative      name       op1       op2       op3        g_unscaled   penalty
    1379       -0.00034179      a_ia      1379                           -0.00068358         2
    1249        0.00026103      a_ia      1249                            0.00208825         8
    1357        0.00024808      a_ia      1357                            0.00396928        16
    1424       -0.00022725      a_ia      1424                           -0.00045450         2
    1380        0.00022469      a_ia      1380                            0.00089875         4
    1135       -0.00022231      a_ia      1135                           -0.00044461         2
    1038        0.00022162      a_ia      1038                            0.00753514        34
     902       -0.00021933      a_ia       902                           -0.00219332        10
    1497       -0.00021873      a_ia      1497                           -0.00131235         6
   77787        0.00021311        om     29252     29253                  0.01299981        61

  ==> Add operator: a_ia 1379
  ==> Current qubit order: 4  5  8  9  10  2  3  16  17  19  27  22  12  13  26  65  29  62  14  24  11  63  25  28  30  18  31  35  23  37  68  21  69  20  15  34  40  42  43  44  66  1  0  67  61  60  45  48  7  46  38  6  64  53  47  51  55  54  50  33  41  58  39  32  59  49  56  57  36  70  72  73  74  71  75  76  77  78  79  81  82  83  84  85  80  52  86  87  88  89  90  91  92  93  94  95  96  97  98  99  100  101  102  103  


  ==> Energy                -307.400171279
  ==> dE                       -3.91e-07
  ==> Gradient Norm             2.13e-01
  ==> Abs. Max. Deriv.          2.20e-02
  ==> Time-Grad. (s)             135.207
  ==> Time-Energy (s)              9.927
  ==> Time-Iter. (s)             146.584

--------------------------------------------------------------------------------
CEO-ADAPT-VQE iteration: 299
--------------------------------------------------------------------------------
    gate        derivative      name       op1       op2       op3        g_unscaled   penalty
    1253        0.00026256      a_ia      1253                            0.00210052         8
    1361        0.00025040      a_ia      1361                            0.00400634        16
    1428       -0.00023468      a_ia      1428                           -0.00046937         2
    1139       -0.00022769      a_ia      1139                           -0.00045538         2
    1384        0.00022140      a_ia      1384                            0.00088561         4
    1042        0.00022103      a_ia      1042                            0.00751495        34
    1501       -0.00021781      a_ia      1501                           -0.00130688         6
     906       -0.00021722      a_ia       906                           -0.00217219        10
      24        0.00021067      a_ia        24                            0.00126404         6
     852        0.00020178      a_ia       852                            0.00403562        20

  ==> Add operator: a_ia 1253
  ==> Current qubit order: 4  5  8  9  10  2  3  16  17  19  27  22  12  13  26  65  29  62  14  24  11  63  25  28  30  18  31  35  23  37  68  21  69  20  15  34  40  42  43  44  66  1  0  67  61  60  45  48  7  46  38  6  64  53  47  51  55  54  50  33  58  39  32  41  59  49  56  57  36  70  72  73  74  71  75  76  77  78  79  81  82  83  84  85  80  52  86  87  88  89  90  91  92  93  94  95  96  97  98  99  100  101  102  103  


  ==> Energy                -307.400172844
  ==> dE                       -1.57e-06
  ==> Gradient Norm             2.20e-01
  ==> Abs. Max. Deriv.          2.20e-02
  ==> Time-Grad. (s)             184.047
  ==> Time-Energy (s)             13.219
  ==> Time-Iter. (s)             198.627

--------------------------------------------------------------------------------
CEO-ADAPT-VQE iteration: 300
--------------------------------------------------------------------------------
    gate        derivative      name       op1       op2       op3        g_unscaled   penalty
   91870        0.00028401        om     40020     40021                  0.01278036        45
   91869        0.00028399        op     40020     40021                  0.01277945        45
    1362        0.00025123      a_ia      1362                            0.00401962        16
    1429       -0.00025019      a_ia      1429                           -0.00050038         2
    1524        0.00023124      a_ia      1524                            0.00138744         6
    1140       -0.00022632      a_ia      1140                           -0.00045264         2
    1385        0.00021990      a_ia      1385                            0.00087960         4
   88686        0.00021927        om     37616     37617                  0.01425261        65
   88685        0.00021927        op     37616     37617                  0.01425258        65
    1502       -0.00021759      a_ia      1502                           -0.00130551         6

  ==> Add operator: om -1: 40020 40021
  ==> Current qubit order: 4  5  8  9  10  2  3  16  17  19  27  22  12  13  26  65  29  62  14  24  11  63  25  28  30  18  31  35  23  37  68  21  69  20  15  34  40  42  43  44  66  1  0  67  45  48  61  60  46  47  7  38  6  64  53  51  55  54  50  33  58  39  32  41  59  49  56  57  36  70  72  73  74  71  75  76  77  78  79  81  82  83  84  85  80  52  86  87  88  89  90  91  92  93  94  95  96  97  98  99  100  101  102  103  


  ==> Energy                -307.400989837
  ==> dE                       -8.17e-04
  ==> Gradient Norm             2.10e-01
  ==> Abs. Max. Deriv.          2.20e-02
  ==> Time-Grad. (s)             135.368
  ==> Time-Energy (s)           1115.745
  ==> Time-Iter. (s)            1252.519

--------------------------------------------------------------------------------
CEO-ADAPT-VQE iteration: 301
--------------------------------------------------------------------------------
    gate        derivative      name       op1       op2       op3        g_unscaled   penalty
     427       -0.00483754      a_ia       427                           -0.00967508         2
     963       -0.00199292      a_ia       963                           -0.00398584         2
    1430        0.00158118      a_ia      1430                            0.00316237         2
     851       -0.00098581      a_ia       851                           -0.00197162         2
    1468       -0.00097529      a_ia      1468                           -0.00195058         2
     711       -0.00081682      a_ia       711                           -0.00490090         6
    1212        0.00078400      a_ia      1212                            0.00470402         6
    1493       -0.00071516      a_ia      1493                           -0.00143033         2
   76450       -0.00067607        om     28149     28150                 -0.01960611        29
   76449       -0.00067025        op     28149     28150                 -0.01943722        29

  ==> Add operator: a_ia 427
  ==> Current qubit order: 4  5  8  9  10  2  3  16  17  19  27  22  12  13  26  65  29  62  14  24  11  63  25  28  30  18  31  35  23  37  68  21  69  20  15  34  40  42  43  44  66  1  0  67  45  48  61  60  46  47  7  38  6  64  53  51  55  54  50  33  58  39  32  41  59  49  56  57  36  70  72  73  74  71  75  76  77  78  79  81  82  83  84  85  80  52  86  87  88  89  90  91  92  93  94  95  96  97  98  99  100  101  102  103  


  ==> Energy                -307.401008362
  ==> dE                       -1.85e-05
  ==> Gradient Norm             2.16e-01
  ==> Abs. Max. Deriv.          2.20e-02
  ==> Time-Grad. (s)             134.516
  ==> Time-Energy (s)             11.915
  ==> Time-Iter. (s)             147.964

--------------------------------------------------------------------------------
CEO-ADAPT-VQE iteration: 302
--------------------------------------------------------------------------------
    gate        derivative      name       op1       op2       op3        g_unscaled   penalty
     963       -0.00199649      a_ia       963                           -0.00399298         2
    1432        0.00159385      a_ia      1432                            0.00318770         2
     851       -0.00102896      a_ia       851                           -0.00205793         2
    1470       -0.00094874      a_ia      1470                           -0.00189747         2
     711       -0.00082142      a_ia       711                           -0.00492853         6
    1213        0.00078753      a_ia      1213                            0.00472516         6
    1495       -0.00071393      a_ia      1495                           -0.00142786         2
    1327       -0.00048127      a_ia      1327                           -0.00096253         2
    1498        0.00047015      a_ia      1498                            0.00094029         2
    1038        0.00045591      a_ia      1038                            0.00182363         4

  ==> Add operator: a_ia 963
  ==> Current qubit order: 4  5  8  9  10  2  3  16  17  19  27  22  12  13  26  65  29  62  14  24  11  63  25  28  30  18  31  35  23  37  68  21  69  20  15  34  40  42  43  44  66  1  0  67  45  48  61  60  46  47  7  38  6  64  53  51  55  54  50  33  58  39  32  41  59  49  56  57  36  70  72  73  74  71  75  76  77  78  79  81  82  83  84  85  80  52  86  87  88  89  90  91  92  93  94  95  96  97  98  99  100  101  102  103  


  ==> Energy                -307.401012371
  ==> dE                       -4.01e-06
  ==> Gradient Norm             2.17e-01
  ==> Abs. Max. Deriv.          2.20e-02
  ==> Time-Grad. (s)             129.643
  ==> Time-Energy (s)             11.930
  ==> Time-Iter. (s)             143.040

--------------------------------------------------------------------------------
CEO-ADAPT-VQE iteration: 303
--------------------------------------------------------------------------------
    gate        derivative      name       op1       op2       op3        g_unscaled   penalty
    1435        0.00159324      a_ia      1435                            0.00318648         2
     853       -0.00103675      a_ia       853                           -0.00207351         2
    1473       -0.00096238      a_ia      1473                           -0.00192477         2
     711       -0.00082315      a_ia       711                           -0.00493890         6
    1215        0.00078691      a_ia      1215                            0.00472144         6
    1498       -0.00071362      a_ia      1498                           -0.00142725         2
    1330       -0.00047635      a_ia      1330                           -0.00095271         2
    1501        0.00047041      a_ia      1501                            0.00094083         2
    1257        0.00045453      a_ia      1257                            0.00636338        14
    1040        0.00045361      a_ia      1040                            0.00181444         4

  ==> Add operator: a_ia 1435
  ==> Current qubit order: 4  5  8  9  10  2  3  16  17  19  27  22  12  13  26  65  29  62  14  24  11  63  25  28  30  18  31  35  23  37  68  21  69  20  15  34  40  42  43  44  66  1  0  67  45  48  61  60  46  47  7  38  6  64  53  51  55  54  50  33  58  39  32  41  59  49  56  57  36  70  72  73  74  71  75  76  77  78  79  81  82  83  84  85  80  52  86  87  88  89  90  91  92  93  94  95  96  97  98  99  100  101  102  103  


  ==> Energy                -307.401016198
  ==> dE                       -3.83e-06
  ==> Gradient Norm             2.17e-01
  ==> Abs. Max. Deriv.          2.20e-02
  ==> Time-Grad. (s)             130.187
  ==> Time-Energy (s)             12.184
  ==> Time-Iter. (s)             143.841

--------------------------------------------------------------------------------
CEO-ADAPT-VQE iteration: 304
--------------------------------------------------------------------------------
    gate        derivative      name       op1       op2       op3        g_unscaled   penalty
     854       -0.00104618      a_ia       854                           -0.00209236         2
    1474       -0.00094631      a_ia      1474                           -0.00189262         2
     712       -0.00082005      a_ia       712                           -0.00492030         6
    1216        0.00079425      a_ia      1216                            0.00476550         6
    1499       -0.00071317      a_ia      1499                           -0.00142634         2
    1331       -0.00047310      a_ia      1331                           -0.00094619         2
    1502        0.00047033      a_ia      1502                            0.00094067         2
    1041        0.00046537      a_ia      1041                            0.00186148         4
    1258        0.00045267      a_ia      1258                            0.00633736        14
     553       -0.00042997      a_ia       553                           -0.00171988         4

  ==> Add operator: a_ia 854
  ==> Current qubit order: 4  5  8  9  10  2  3  16  17  19  27  22  12  13  26  65  29  62  14  24  11  63  25  28  30  18  31  35  23  37  68  21  69  20  15  34  40  42  43  44  66  1  0  67  45  48  61  60  46  47  7  38  6  64  53  51  55  54  50  33  58  39  32  41  59  49  56  57  36  70  72  73  74  71  75  76  77  78  79  81  82  83  84  85  80  52  86  87  88  89  90  91  92  93  94  95  96  97  98  99  100  101  102  103  


  ==> Energy                -307.401017118
  ==> dE                       -9.20e-07
  ==> Gradient Norm             2.10e-01
  ==> Abs. Max. Deriv.          2.20e-02
  ==> Time-Grad. (s)             132.802
  ==> Time-Energy (s)             13.053
  ==> Time-Iter. (s)             147.318

--------------------------------------------------------------------------------
CEO-ADAPT-VQE iteration: 305
--------------------------------------------------------------------------------
    gate        derivative      name       op1       op2       op3        g_unscaled   penalty
    1476       -0.00094814      a_ia      1476                           -0.00189628         2
     712       -0.00082121      a_ia       712                           -0.00492723         6
    1216        0.00079461      a_ia      1216                            0.00476765         6
    1501       -0.00071282      a_ia      1501                           -0.00142565         2
    1332       -0.00047282      a_ia      1332                           -0.00094564         2
    1504        0.00047037      a_ia      1504                            0.00094075         2
    1041        0.00046091      a_ia      1041                            0.00184364         4
    1259        0.00045263      a_ia      1259                            0.00633684        14
     553       -0.00042626      a_ia       553                           -0.00170503         4
    1069       -0.00041565      a_ia      1069                           -0.00415646        10

  ==> Add operator: a_ia 1476
  ==> Current qubit order: 4  5  8  9  10  2  3  16  17  19  27  22  12  13  26  65  29  62  14  24  11  63  25  28  30  18  31  35  23  37  68  21  69  20  15  34  40  42  43  44  66  1  0  67  45  48  61  60  46  47  7  38  6  64  53  51  55  54  50  33  58  39  32  41  59  49  56  57  36  70  72  73  74  71  75  76  77  78  79  81  82  83  84  85  80  52  86  87  88  89  90  91  92  93  94  95  96  97  98  99  100  101  102  103  


  ==> Energy                -307.401020059
  ==> dE                       -2.94e-06
  ==> Gradient Norm             2.08e-01
  ==> Abs. Max. Deriv.          2.20e-02
  ==> Time-Grad. (s)             136.545
  ==> Time-Energy (s)             11.919
  ==> Time-Iter. (s)             149.929

--------------------------------------------------------------------------------
CEO-ADAPT-VQE iteration: 306
--------------------------------------------------------------------------------
    gate        derivative      name       op1       op2       op3        g_unscaled   penalty
    1218        0.00079402      a_ia      1218                            0.00476411         6
     713       -0.00079163      a_ia       713                           -0.00474977         6
    1504       -0.00071464      a_ia      1504                           -0.00142929         2
    1335       -0.00048290      a_ia      1335                           -0.00096581         2
    1507        0.00047100      a_ia      1507                            0.00094201         2
    1042        0.00046561      a_ia      1042                            0.00186243         4
    1261        0.00044823      a_ia      1261                            0.00627517        14
     554       -0.00042222      a_ia       554                           -0.00168887         4
    1070       -0.00041685      a_ia      1070                           -0.00416855        10
    1068       -0.00040511      a_ia      1068                           -0.00243068         6

  ==> Add operator: a_ia 1218
  ==> Current qubit order: 4  5  8  9  10  2  3  16  17  19  27  22  12  13  26  65  29  62  14  24  11  63  25  28  30  18  31  35  23  37  68  21  69  20  15  34  40  42  43  44  66  1  0  67  45  48  61  60  46  47  7  38  6  64  53  51  55  54  50  33  58  32  41  39  59  49  56  57  36  70  72  73  74  71  75  76  77  78  79  81  82  83  84  85  80  52  86  87  88  89  90  91  92  93  94  95  96  97  98  99  100  101  102  103  


  ==> Energy                -307.401027485
  ==> dE                       -7.43e-06
  ==> Gradient Norm             2.05e-01
  ==> Abs. Max. Deriv.          2.20e-02
  ==> Time-Grad. (s)             127.269
  ==> Time-Energy (s)             10.828
  ==> Time-Iter. (s)             139.655

--------------------------------------------------------------------------------
CEO-ADAPT-VQE iteration: 307
--------------------------------------------------------------------------------
    gate        derivative      name       op1       op2       op3        g_unscaled   penalty
    1045        0.00096938      a_ia      1045                            0.00193877         2
     715       -0.00079168      a_ia       715                           -0.00475006         6
    1508       -0.00071466      a_ia      1508                           -0.00142932         2
    1265        0.00052829      a_ia      1265                            0.00633949        12
    1339       -0.00048426      a_ia      1339                           -0.00096853         2
    1511        0.00047110      a_ia      1511                            0.00094220         2
     555       -0.00043022      a_ia       555                           -0.00172087         4
    1073       -0.00042977      a_ia      1073                           -0.00429774        10
    1071       -0.00040928      a_ia      1071                           -0.00245570         6
    1103        0.00033832      a_ia      1103                            0.00338319        10

  ==> Add operator: a_ia 1045
  ==> Current qubit order: 4  5  8  9  10  2  3  16  17  19  27  22  12  13  26  65  29  62  14  24  11  63  25  28  30  18  31  35  23  37  68  21  69  20  15  34  40  42  43  44  66  1  0  67  45  48  61  60  46  47  7  38  6  64  53  51  55  54  50  33  58  32  41  39  59  49  56  57  36  70  72  73  74  71  75  76  77  78  79  81  82  83  84  85  80  52  86  87  88  89  90  91  92  93  94  95  96  97  98  99  100  101  102  103  


  ==> Energy                -307.401028987
  ==> dE                       -1.50e-06
  ==> Gradient Norm             2.16e-01
  ==> Abs. Max. Deriv.          2.20e-02
  ==> Time-Grad. (s)             134.317
  ==> Time-Energy (s)             12.492
  ==> Time-Iter. (s)             148.257

--------------------------------------------------------------------------------
CEO-ADAPT-VQE iteration: 308
--------------------------------------------------------------------------------
    gate        derivative      name       op1       op2       op3        g_unscaled   penalty
     718       -0.00079686      a_ia       718                           -0.00478116         6
    1512       -0.00071611      a_ia      1512                           -0.00143222         2
    1269        0.00052872      a_ia      1269                            0.00634467        12
    1343       -0.00048009      a_ia      1343                           -0.00096018         2
    1515        0.00047160      a_ia      1515                            0.00094321         2
    1076       -0.00044541      a_ia      1076                           -0.00445414        10
     558       -0.00041529      a_ia       558                           -0.00166115         4
    1074       -0.00041496      a_ia      1074                           -0.00248976         6
    1106        0.00033679      a_ia      1106                            0.00336794        10
    1486        0.00029950      a_ia      1486                            0.00059900         2

  ==> Add operator: a_ia 718
  ==> Current qubit order: 4  5  8  9  10  2  3  16  17  19  27  22  12  13  26  65  29  62  14  24  11  63  25  28  30  18  31  35  23  37  21  69  68  20  15  34  40  42  43  44  66  1  0  67  45  48  61  60  46  47  7  38  6  64  53  51  55  54  50  33  58  32  41  39  59  49  56  57  36  70  72  73  74  71  75  76  77  78  79  81  82  83  84  85  80  52  86  87  88  89  90  91  92  93  94  95  96  97  98  99  100  101  102  103  


  ==> Energy                -307.401033990
  ==> dE                       -5.00e-06
  ==> Gradient Norm             2.11e-01
  ==> Abs. Max. Deriv.          2.38e-02
  ==> Time-Grad. (s)             129.619
  ==> Time-Energy (s)             11.139
  ==> Time-Iter. (s)             142.201

--------------------------------------------------------------------------------
CEO-ADAPT-VQE iteration: 309
--------------------------------------------------------------------------------
    gate        derivative      name       op1       op2       op3        g_unscaled   penalty
    1513       -0.00071608      a_ia      1513                           -0.00143217         2
    1107        0.00056679      a_ia      1107                            0.00340073         6
    1270        0.00053268      a_ia      1270                            0.00639216        12
    1344       -0.00048071      a_ia      1344                           -0.00096142         2
    1516        0.00047159      a_ia      1516                            0.00094319         2
    1077       -0.00043983      a_ia      1077                           -0.00439827        10
    1075       -0.00041602      a_ia      1075                           -0.00249615         6
    1487        0.00030559      a_ia      1487                            0.00061117         2
     974       -0.00028964      a_ia       974                           -0.00057928         2
     559       -0.00028673      a_ia       559                           -0.00172039         6

  ==> Add operator: a_ia 1513
  ==> Current qubit order: 4  5  8  9  10  2  3  16  17  19  27  22  12  13  26  65  29  62  14  24  11  63  25  28  30  18  31  35  23  37  21  69  68  20  15  34  40  42  43  44  66  1  0  67  45  48  61  60  46  47  7  38  6  64  53  51  55  54  50  33  58  32  41  39  59  49  56  57  36  70  72  73  74  71  75  76  77  78  79  81  82  83  84  85  80  52  86  87  88  89  90  91  92  93  94  95  96  97  98  99  100  101  102  103  


  ==> Energy                -307.401048988
  ==> dE                       -1.50e-05
  ==> Gradient Norm             2.16e-01
  ==> Abs. Max. Deriv.          2.58e-02
  ==> Time-Grad. (s)             134.997
  ==> Time-Energy (s)              7.286
  ==> Time-Iter. (s)             143.743

--------------------------------------------------------------------------------
CEO-ADAPT-VQE iteration: 310
--------------------------------------------------------------------------------
    gate        derivative      name       op1       op2       op3        g_unscaled   penalty
    1108        0.00056556      a_ia      1108                            0.00339336         6
    1271        0.00053336      a_ia      1271                            0.00640033        12
   92265       -0.00048506        om     40273     40274                 -0.02376779        49
    1345       -0.00048049      a_ia      1345                           -0.00096098         2
    1517        0.00047311      a_ia      1517                            0.00094623         2
   90127        0.00044883        om     38672     38673                  0.01391360        31
    1078       -0.00043774      a_ia      1078                           -0.00437737        10
   90126        0.00043424        op     38672     38673                  0.01346153        31
   92264       -0.00041561        op     40273     40274                 -0.02036479        49
    1076       -0.00041511      a_ia      1076                           -0.00249065         6

  ==> Add operator: a_ia 1108
  ==> Current qubit order: 4  5  8  9  10  2  3  16  17  19  27  22  12  13  26  65  29  62  14  24  11  63  25  28  30  18  31  35  23  37  21  69  20  15  68  34  40  42  43  44  66  1  0  67  45  48  61  60  46  47  7  38  6  64  53  51  55  54  50  33  58  32  41  39  59  49  56  57  36  70  72  73  74  71  75  76  77  78  79  81  82  83  84  85  80  52  86  87  88  89  90  91  92  93  94  95  96  97  98  99  100  101  102  103  


  ==> Energy                -307.401051883
  ==> dE                       -2.90e-06
  ==> Gradient Norm             2.16e-01
  ==> Abs. Max. Deriv.          2.65e-02
  ==> Time-Grad. (s)             167.806
  ==> Time-Energy (s)             13.613
  ==> Time-Iter. (s)             182.996

--------------------------------------------------------------------------------
CEO-ADAPT-VQE iteration: 311
--------------------------------------------------------------------------------
    gate        derivative      name       op1       op2       op3        g_unscaled   penalty
    1274        0.00053643      a_ia      1274                            0.00643717        12
    1348       -0.00047935      a_ia      1348                           -0.00095870         2
    1520        0.00047303      a_ia      1520                            0.00094606         2
    1078       -0.00044009      a_ia      1078                           -0.00440094        10
    1076       -0.00041480      a_ia      1076                           -0.00248878         6
     559       -0.00041430      a_ia       559                           -0.00165722         4
   91688       -0.00034431        om     40046     40047                 -0.01824850        53
   91687       -0.00034413        op     40046     40047                 -0.01823887        53
    1491        0.00029109      a_ia      1491                            0.00058218         2
     975       -0.00028942      a_ia       975                           -0.00057885         2

  ==> Add operator: a_ia 1274
  ==> Current qubit order: 4  5  8  9  10  2  3  16  17  19  27  22  12  13  26  65  29  62  14  24  11  63  25  28  30  18  31  35  23  37  21  69  20  15  68  34  40  42  43  44  66  1  0  67  45  48  61  60  46  47  7  38  6  64  53  51  54  50  33  58  32  55  41  39  59  49  56  57  36  70  72  73  74  71  75  76  77  78  79  81  82  83  84  85  80  52  86  87  88  89  90  91  92  93  94  95  96  97  98  99  100  101  102  103  


  ==> Energy                -307.401069906
  ==> dE                       -1.80e-05
  ==> Gradient Norm             2.25e-01
  ==> Abs. Max. Deriv.          2.20e-02
  ==> Time-Grad. (s)             131.089
  ==> Time-Energy (s)              9.221
  ==> Time-Iter. (s)             141.760

--------------------------------------------------------------------------------
CEO-ADAPT-VQE iteration: 312
--------------------------------------------------------------------------------
    gate        derivative      name       op1       op2       op3        g_unscaled   penalty
    1348       -0.00047805      a_ia      1348                           -0.00095611         2
    1521        0.00047291      a_ia      1521                            0.00094582         2
     559       -0.00041724      a_ia       559                           -0.00166894         4
    1076       -0.00040502      a_ia      1076                           -0.00243009         6
    1572        0.00039706      a_ia      1572                            0.00238237         6
    1078       -0.00037186      a_ia      1078                           -0.00446228        12
     975       -0.00027565      a_ia       975                           -0.00055131         2
    1074       -0.00026207      a_ia      1074                           -0.00157242         6
    1492        0.00025062      a_ia      1492                            0.00050124         2
     865        0.00024209      a_ia       865                            0.00435761        18

  ==> Add operator: a_ia 1348
  ==> Current qubit order: 4  5  8  9  10  2  3  16  17  19  27  22  12  13  26  65  29  62  14  24  11  63  25  28  30  18  31  35  23  37  21  69  20  15  68  34  40  42  43  44  66  1  0  67  45  48  61  60  46  47  7  38  6  64  53  51  54  50  33  58  32  55  41  39  59  49  56  57  36  70  72  73  74  71  75  76  77  78  79  81  82  83  84  85  80  52  86  87  88  89  90  91  92  93  94  95  96  97  98  99  100  101  102  103  


  ==> Energy                -307.401070091
  ==> dE                       -1.84e-07
  ==> Gradient Norm             2.11e-01
  ==> Abs. Max. Deriv.          2.20e-02
  ==> Time-Grad. (s)             126.701
  ==> Time-Energy (s)             12.546
  ==> Time-Iter. (s)             140.714

--------------------------------------------------------------------------------
CEO-ADAPT-VQE iteration: 313
--------------------------------------------------------------------------------
    gate        derivative      name       op1       op2       op3        g_unscaled   penalty
    1522        0.00047293      a_ia      1522                            0.00094587         2
     559       -0.00041752      a_ia       559                           -0.00167006         4
    1076       -0.00040550      a_ia      1076                           -0.00243302         6
    1573        0.00039706      a_ia      1573                            0.00238237         6
    1078       -0.00037217      a_ia      1078                           -0.00446609        12
     975       -0.00027453      a_ia       975                           -0.00054905         2
    1074       -0.00026203      a_ia      1074                           -0.00157219         6
    1493        0.00025011      a_ia      1493                            0.00050023         2
   88622        0.00024757        op     37287     37288                  0.01163601        47
     865        0.00024212      a_ia       865                            0.00435817        18

  ==> Add operator: a_ia 1522
  ==> Current qubit order: 4  5  8  9  10  2  3  16  17  19  27  22  12  13  26  65  29  62  14  24  11  63  25  28  30  18  31  35  23  37  21  69  20  15  68  34  40  42  43  44  66  1  0  67  45  48  61  60  46  47  7  38  6  64  53  51  54  50  33  58  32  55  41  39  59  49  56  57  36  70  72  73  74  71  75  76  77  78  79  81  82  83  84  85  80  52  86  87  88  89  90  91  92  93  94  95  96  97  98  99  100  101  102  103  


  ==> Energy                -307.401075818
  ==> dE                       -5.73e-06
  ==> Gradient Norm             2.23e-01
  ==> Abs. Max. Deriv.          2.20e-02
  ==> Time-Grad. (s)             134.188
  ==> Time-Energy (s)             10.062
  ==> Time-Iter. (s)             145.705

--------------------------------------------------------------------------------
CEO-ADAPT-VQE iteration: 314
--------------------------------------------------------------------------------
    gate        derivative      name       op1       op2       op3        g_unscaled   penalty
     559       -0.00041741      a_ia       559                           -0.00166964         4
    1076       -0.00040483      a_ia      1076                           -0.00242899         6
    1573        0.00039761      a_ia      1573                            0.00238565         6
    1078       -0.00037201      a_ia      1078                           -0.00446408        12
   91830        0.00028731        op     39993     39994                  0.01407806        49
   91831        0.00028731        op     39993     39994                  0.01407806        49
     975       -0.00027637      a_ia       975                           -0.00055274         2
    1074       -0.00026345      a_ia      1074                           -0.00158071         6
   91834        0.00026292        op     39993     39995                  0.01288289        49
   91835        0.00026292        op     39993     39995                  0.01288289        49

  ==> Add operator: a_ia 559
  ==> Current qubit order: 4  5  8  9  10  2  3  16  17  19  27  22  12  13  26  65  29  62  14  24  11  63  25  28  30  18  31  35  23  37  21  20  69  15  68  34  40  42  43  44  66  1  0  67  45  48  61  60  46  47  7  38  6  64  53  51  54  50  33  58  32  55  41  39  59  49  56  57  36  70  72  73  74  71  75  76  77  78  79  81  82  83  84  85  80  52  86  87  88  89  90  91  92  93  94  95  96  97  98  99  100  101  102  103  


  ==> Energy                -307.401076441
  ==> dE                       -6.23e-07
  ==> Gradient Norm             2.26e-01
  ==> Abs. Max. Deriv.          2.20e-02
  ==> Time-Grad. (s)             134.788
  ==> Time-Energy (s)             10.655
  ==> Time-Iter. (s)             146.898

--------------------------------------------------------------------------------
CEO-ADAPT-VQE iteration: 315
--------------------------------------------------------------------------------
    gate        derivative      name       op1       op2       op3        g_unscaled   penalty
   88946        0.00047340        op     37626     37627                  0.02224994        47
   88947        0.00047340        op     37626     37627                  0.02224994        47
   88950        0.00046500        op     37626     37628                  0.02185519        47
   88951        0.00046500        op     37626     37628                  0.02185519        47
    1076       -0.00040512      a_ia      1076                           -0.00243075         6
    1574        0.00039765      a_ia      1574                            0.00238592         6
    1078       -0.00037373      a_ia      1078                           -0.00448471        12
   37626        0.00033789    a_iajb     37626                            0.02128697        63
   83850        0.00031852        op     33718     33719                  0.03981447       125
   83851        0.00031802        om     33718     33719                  0.03975308       125

  ==> Add operator: mvp3 -1: 37626 37627 37628
  ==> Current qubit order: 4  5  8  9  10  2  3  16  17  19  27  22  12  13  26  65  29  62  14  24  11  63  25  28  30  18  31  35  23  37  21  20  69  15  68  34  40  42  43  44  66  1  0  67  45  48  61  60  46  47  7  38  6  64  54  50  58  53  51  33  59  32  55  41  39  49  56  57  36  70  72  73  74  71  75  76  77  78  79  81  82  83  84  85  80  52  86  87  88  89  90  91  92  93  94  95  96  97  98  99  100  101  102  103  


  ==> Energy                -307.401262139
  ==> dE                       -1.86e-04
  ==> Gradient Norm             2.27e-01
  ==> Abs. Max. Deriv.          3.98e-02
  ==> Time-Grad. (s)             142.951
  ==> Time-Energy (s)             32.226
  ==> Time-Iter. (s)             176.635

--------------------------------------------------------------------------------
CEO-ADAPT-VQE iteration: 316
--------------------------------------------------------------------------------
    gate        derivative      name       op1       op2       op3        g_unscaled   penalty
    1078       -0.00129414      a_ia      1078                           -0.00258829         2
    1574        0.00061311      a_ia      1574                            0.00245244         4
    1076       -0.00046862      a_ia      1076                           -0.00281173         6
     975       -0.00026936      a_ia       975                           -0.00053872         2
    1389        0.00026243      a_ia      1389                            0.00314922        12
    1203       -0.00026121      a_ia      1203                           -0.00208968         8
    1074       -0.00025639      a_ia      1074                           -0.00051278         2
    1075        0.00025356      a_ia      1075                            0.00101422         4
    1274       -0.00024571      a_ia      1274                           -0.00294854        12
    1227        0.00024202      a_ia      1227                            0.00048404         2

  ==> Add operator: a_ia 1078
  ==> Current qubit order: 4  5  8  9  10  2  3  16  17  19  27  22  12  13  26  65  29  62  14  24  11  63  25  28  30  18  31  35  23  37  21  20  69  15  68  34  40  42  43  44  66  1  0  67  45  48  61  60  46  47  7  38  6  64  54  50  58  53  51  33  59  32  55  41  39  49  56  57  36  70  72  73  74  71  75  76  77  78  79  81  82  83  84  85  80  52  86  87  88  89  90  91  92  93  94  95  96  97  98  99  100  101  102  103  


  ==> Energy                -307.401264080
  ==> dE                       -1.94e-06
  ==> Gradient Norm             2.18e-01
  ==> Abs. Max. Deriv.          2.20e-02
  ==> Time-Grad. (s)             133.332
  ==> Time-Energy (s)             10.338
  ==> Time-Iter. (s)             145.099

--------------------------------------------------------------------------------
CEO-ADAPT-VQE iteration: 317
--------------------------------------------------------------------------------
    gate        derivative      name       op1       op2       op3        g_unscaled   penalty
    1574        0.00061039      a_ia      1574                            0.00244155         4
    1076       -0.00047784      a_ia      1076                           -0.00286704         6
     975       -0.00027091      a_ia       975                           -0.00054183         2
    1075        0.00026403      a_ia      1075                            0.00105613         4
    1203       -0.00026116      a_ia      1203                           -0.00208931         8
    1389        0.00025988      a_ia      1389                            0.00311859        12
    1074       -0.00025519      a_ia      1074                           -0.00051037         2
    1274       -0.00024463      a_ia      1274                           -0.00293557        12
    1227        0.00024221      a_ia      1227                            0.00048442         2
   73729        0.00023691        om     26058     26059                  0.01113455        47

  ==> Add operator: a_ia 1574
  ==> Current qubit order: 4  5  8  9  10  2  3  16  17  19  27  22  12  13  26  65  29  62  14  24  11  63  25  28  30  18  31  35  23  37  21  20  69  15  68  34  40  42  43  44  66  1  0  67  45  48  61  60  46  47  7  38  6  64  54  50  58  53  51  33  32  59  55  41  39  49  56  57  36  70  72  73  74  71  75  76  77  78  79  81  82  83  84  85  80  52  86  87  88  89  90  91  92  93  94  95  96  97  98  99  100  101  102  103  


  ==> Energy                -307.401377741
  ==> dE                       -1.14e-04
  ==> Gradient Norm             2.08e-01
  ==> Abs. Max. Deriv.          2.20e-02
  ==> Time-Grad. (s)             128.190
  ==> Time-Energy (s)             12.243
  ==> Time-Iter. (s)             141.888

--------------------------------------------------------------------------------
CEO-ADAPT-VQE iteration: 318
--------------------------------------------------------------------------------
    gate        derivative      name       op1       op2       op3        g_unscaled   penalty
    1082       -0.00046587      a_ia      1082                           -0.00279522         6
    1500       -0.00028470      a_ia      1500                           -0.00056941         2
    1395        0.00027668      a_ia      1395                            0.00332012        12
    1081        0.00027291      a_ia      1081                            0.00109163         4
    1209       -0.00026783      a_ia      1209                           -0.00214267         8
     981       -0.00026014      a_ia       981                           -0.00052029         2
    1280       -0.00024984      a_ia      1280                           -0.00299808        12
    1509        0.00023726      a_ia      1509                            0.00996509        42
    1461       -0.00023551      a_ia      1461                           -0.00141307         6
    1233        0.00023447      a_ia      1233                            0.00046895         2

  ==> Add operator: a_ia 1082
  ==> Current qubit order: 4  5  8  9  10  2  3  16  17  19  27  22  12  13  26  65  29  62  14  24  11  63  25  28  30  18  31  35  23  37  21  20  69  15  68  34  40  42  43  44  66  1  0  67  45  48  61  60  46  47  7  38  6  64  54  50  58  53  51  32  59  33  55  41  39  49  56  57  36  70  72  73  74  71  75  76  77  78  79  81  82  83  84  85  80  52  86  87  88  89  90  91  92  93  94  95  96  97  98  99  100  101  102  103  


  ==> Energy                -307.401380816
  ==> dE                       -3.07e-06
  ==> Gradient Norm             2.12e-01
  ==> Abs. Max. Deriv.          2.25e-02
  ==> Time-Grad. (s)             130.655
  ==> Time-Energy (s)             10.867
  ==> Time-Iter. (s)             142.969

--------------------------------------------------------------------------------
CEO-ADAPT-VQE iteration: 319
--------------------------------------------------------------------------------
    gate        derivative      name       op1       op2       op3        g_unscaled   penalty
    1086        0.00030240      a_ia      1086                            0.00060480         2
    1397        0.00027956      a_ia      1397                            0.00335476        12
    1211       -0.00026772      a_ia      1211                           -0.00214179         8
    1502       -0.00026248      a_ia      1502                           -0.00052495         2
     982       -0.00025295      a_ia       982                           -0.00050589         2
    1282       -0.00024814      a_ia      1282                           -0.00297773        12
    1511        0.00023699      a_ia      1511                            0.00995371        42
    1235        0.00023448      a_ia      1235                            0.00046896         2
    1463       -0.00023042      a_ia      1463                           -0.00138251         6
     925       -0.00022939      a_ia       925                           -0.00229389        10

  ==> Add operator: a_ia 1086
  ==> Current qubit order: 4  5  8  9  10  2  3  16  17  19  27  22  12  13  26  65  29  62  14  24  11  63  25  28  30  18  31  35  23  37  21  20  69  15  68  34  40  42  43  44  66  1  0  67  45  48  61  60  46  47  7  38  6  64  54  50  58  53  51  32  59  33  55  41  39  49  56  57  36  70  72  73  74  71  75  76  77  78  79  81  82  83  84  85  80  52  86  87  88  89  90  91  92  93  94  95  96  97  98  99  100  101  102  103  


  ==> Energy                -307.401381031
  ==> dE                       -2.15e-07
  ==> Gradient Norm             2.21e-01
  ==> Abs. Max. Deriv.          2.55e-02
  ==> Time-Grad. (s)             133.802
  ==> Time-Energy (s)             11.752
  ==> Time-Iter. (s)             147.028

--------------------------------------------------------------------------------
CEO-ADAPT-VQE iteration: 320
--------------------------------------------------------------------------------
    gate        derivative      name       op1       op2       op3        g_unscaled   penalty
    1401        0.00028035      a_ia      1401                            0.00336420        12
    1214       -0.00026773      a_ia      1214                           -0.00214187         8
   76834       -0.00026427        op     28481     28482                 -0.01982027        75
   76835       -0.00026422        om     28481     28482                 -0.01981640        75
     985       -0.00025247      a_ia       985                           -0.00050493         2
    1506       -0.00025142      a_ia      1506                           -0.00050283         2
    1285       -0.00024848      a_ia      1285                           -0.00298178        12
    1515        0.00023713      a_ia      1515                            0.00995967        42
    1238        0.00023442      a_ia      1238                            0.00046884         2
    1467       -0.00022975      a_ia      1467                           -0.00137851         6

  ==> Add operator: a_ia 1401
  ==> Current qubit order: 4  5  8  9  10  2  3  16  17  19  27  22  12  13  26  65  29  62  14  24  11  63  25  28  30  18  31  35  23  37  21  20  69  15  68  34  40  42  43  44  66  1  0  67  45  48  61  60  47  7  38  6  64  46  54  50  58  53  51  32  59  33  55  41  39  49  56  57  36  70  72  73  74  71  75  76  77  78  79  81  82  83  84  85  80  52  86  87  88  89  90  91  92  93  94  95  96  97  98  99  100  101  102  103  


  ==> Energy                -307.401386272
  ==> dE                       -5.24e-06
  ==> Gradient Norm             2.13e-01
  ==> Abs. Max. Deriv.          2.20e-02
  ==> Time-Grad. (s)             183.717
  ==> Time-Energy (s)             11.454
  ==> Time-Iter. (s)             196.906

--------------------------------------------------------------------------------
CEO-ADAPT-VQE iteration: 321
--------------------------------------------------------------------------------
    gate        derivative      name       op1       op2       op3        g_unscaled   penalty
    1405       -0.00039969      a_ia      1405                           -0.00239816         6
   92198       -0.00038874        om     40154     40155                 -0.01671584        43
    1059        0.00035755      a_ia      1059                            0.00429061        12
   92197       -0.00035112        op     40154     40155                 -0.01509815        43
     987       -0.00028752      a_ia       987                           -0.00057503         2
   40154       -0.00026961    a_iajb     40154                           -0.01590699        59
    1287       -0.00024958      a_ia      1287                           -0.00299496        12
    1517        0.00024025      a_ia      1517                            0.01009070        42
     929       -0.00023688      a_ia       929                           -0.00236880        10
    1240        0.00023494      a_ia      1240                            0.00046988         2

  ==> Add operator: a_ia 1405
  ==> Current qubit order: 4  5  8  9  10  2  3  16  17  19  27  22  12  13  26  65  29  62  14  24  11  63  25  28  30  18  31  35  23  37  21  20  69  15  68  34  40  42  43  44  66  1  0  67  45  48  61  60  47  7  38  6  64  54  50  46  58  53  51  32  59  33  55  41  39  49  56  57  36  70  72  73  74  71  75  76  77  78  79  81  82  83  84  85  80  52  86  87  88  89  90  91  92  93  94  95  96  97  98  99  100  101  102  103  


  ==> Energy                -307.401388301
  ==> dE                       -2.03e-06
  ==> Gradient Norm             2.25e-01
  ==> Abs. Max. Deriv.          2.44e-02
  ==> Time-Grad. (s)             124.039
  ==> Time-Energy (s)             10.060
  ==> Time-Iter. (s)             135.553

--------------------------------------------------------------------------------
CEO-ADAPT-VQE iteration: 322
--------------------------------------------------------------------------------
    gate        derivative      name       op1       op2       op3        g_unscaled   penalty
    1061        0.00053663      a_ia      1061                            0.00429301         8
     989       -0.00029490      a_ia       989                           -0.00058980         2
    1218       -0.00026875      a_ia      1218                           -0.00215003         8
    1289       -0.00025044      a_ia      1289                           -0.00300523        12
    1519        0.00024142      a_ia      1519                            0.01013949        42
     931       -0.00023999      a_ia       931                           -0.00239990        10
    1242        0.00023471      a_ia      1242                            0.00046943         2
    1168       -0.00022133      a_ia      1168                           -0.00088531         4
     876        0.00022077      a_ia       876                            0.00441536        20
    1495       -0.00021549      a_ia      1495                           -0.00086196         4

  ==> Add operator: a_ia 1061
  ==> Current qubit order: 4  5  8  9  10  2  3  16  17  19  27  22  12  13  26  65  29  62  14  24  11  63  25  28  30  18  31  35  23  37  21  20  69  15  68  34  40  42  43  44  66  1  0  67  45  48  61  60  47  7  38  6  64  54  50  58  53  51  46  32  59  33  55  41  39  49  56  57  36  70  72  73  74  71  75  76  77  78  79  81  82  83  84  85  80  52  86  87  88  89  90  91  92  93  94  95  96  97  98  99  100  101  102  103  


  ==> Energy                -307.401755599
  ==> dE                       -3.67e-04
  ==> Gradient Norm             2.14e-01
  ==> Abs. Max. Deriv.          2.20e-02
  ==> Time-Grad. (s)             137.865
  ==> Time-Energy (s)              9.770
  ==> Time-Iter. (s)             149.101

--------------------------------------------------------------------------------
CEO-ADAPT-VQE iteration: 323
--------------------------------------------------------------------------------
    gate        derivative      name       op1       op2       op3        g_unscaled   penalty
     991       -0.00027907      a_ia       991                           -0.00055815         2
    1220       -0.00027146      a_ia      1220                           -0.00217168         8
    1550        0.00026818      a_ia      1550                            0.00214543         8
    1244        0.00025109      a_ia      1244                            0.00050217         2
     437       -0.00024383      a_ia       437                           -0.00048765         2
     933       -0.00024123      a_ia       933                           -0.00241230        10
    1593        0.00023338      a_ia      1593                            0.00093350         4
    1521        0.00023046      a_ia      1521                            0.01014038        44
     877        0.00022385      a_ia       877                            0.00447696        20
    1473       -0.00022354      a_ia      1473                           -0.00134121         6

  ==> Add operator: a_ia 991
  ==> Current qubit order: 4  5  8  9  10  2  3  16  17  19  27  22  12  13  26  65  29  62  14  24  11  63  25  28  30  18  31  35  23  37  21  20  69  15  68  34  40  42  43  44  66  1  0  67  45  48  61  60  47  7  38  6  64  54  50  58  53  51  46  32  59  33  55  41  39  49  56  57  36  70  72  73  74  71  75  76  77  78  79  81  82  83  84  85  80  52  86  87  88  89  90  91  92  93  94  95  96  97  98  99  100  101  102  103  


  ==> Energy                -307.401755601
  ==> dE                       -1.88e-09
  ==> Gradient Norm             2.17e-01
  ==> Abs. Max. Deriv.          2.41e-02
  ==> Time-Grad. (s)             190.423
  ==> Time-Energy (s)             11.164
  ==> Time-Iter. (s)             202.983

--------------------------------------------------------------------------------
CEO-ADAPT-VQE iteration: 324
--------------------------------------------------------------------------------
    gate        derivative      name       op1       op2       op3        g_unscaled   penalty
     992       -0.00032002      a_ia       992                           -0.00064003         2
    1221       -0.00027146      a_ia      1221                           -0.00217168         8
    1552        0.00026818      a_ia      1552                            0.00214544         8
    1245        0.00025109      a_ia      1245                            0.00050217         2
     438       -0.00024378      a_ia       438                           -0.00048757         2
     934       -0.00024108      a_ia       934                           -0.00241079        10
    1595        0.00023338      a_ia      1595                            0.00093350         4
    1523        0.00023047      a_ia      1523                            0.01014054        44
     878        0.00022386      a_ia       878                            0.00447716        20
    1475       -0.00022347      a_ia      1475                           -0.00134082         6

  ==> Add operator: a_ia 992
  ==> Current qubit order: 4  5  8  9  10  2  3  16  17  19  27  22  12  13  26  65  29  62  14  24  11  63  25  28  30  18  31  35  23  37  21  20  69  15  68  34  40  42  43  44  66  1  0  67  45  48  61  60  47  7  38  6  64  54  50  58  53  51  46  32  59  33  55  41  39  49  56  57  36  70  72  73  74  71  75  76  77  78  79  81  82  83  84  85  80  52  86  87  88  89  90  91  92  93  94  95  96  97  98  99  100  101  102  103  


  ==> Energy                -307.401755601
  ==> dE                       -5.68e-14
  ==> Gradient Norm             2.08e-01
  ==> Abs. Max. Deriv.          2.20e-02
  ==> Time-Grad. (s)             126.157
  ==> Time-Energy (s)              9.278
  ==> Time-Iter. (s)             136.829

--------------------------------------------------------------------------------
CEO-ADAPT-VQE iteration: 325
--------------------------------------------------------------------------------
    gate        derivative      name       op1       op2       op3        g_unscaled   penalty
     994       -0.00031997      a_ia       994                           -0.00063994         2
    1223       -0.00027146      a_ia      1223                           -0.00217168         8
    1554        0.00026818      a_ia      1554                            0.00214544         8
   91815        0.00026357        op     39547     39548                  0.01027928        39
   91816        0.00026342        om     39547     39548                  0.01027332        39
    1247        0.00025109      a_ia      1247                            0.00050217         2
     439       -0.00024378      a_ia       439                           -0.00048757         2
     936       -0.00024108      a_ia       936                           -0.00241079        10
   90868       -0.00023904        om     38845     38846                 -0.00980053        41
    1597        0.00023338      a_ia      1597                            0.00093350         4

  ==> Add operator: a_ia 994
  ==> Current qubit order: 4  5  8  9  10  2  3  16  17  19  27  22  12  13  26  65  29  62  14  24  11  63  25  28  30  18  31  35  23  37  21  20  69  15  68  34  40  42  43  44  66  1  0  67  45  48  61  60  47  7  38  6  64  54  50  58  53  51  46  32  59  33  55  41  39  49  56  57  36  70  72  73  74  71  75  76  77  78  79  81  82  83  84  85  80  52  86  87  88  89  90  91  92  93  94  95  96  97  98  99  100  101  102  103  


  ==> Energy                -307.402036086
  ==> dE                       -2.80e-04
  ==> Gradient Norm             2.31e-01
  ==> Abs. Max. Deriv.          2.65e-02
  ==> Time-Grad. (s)             136.286
  ==> Time-Energy (s)           1008.735
  ==> Time-Iter. (s)            1146.482

--------------------------------------------------------------------------------
CEO-ADAPT-VQE iteration: 326
--------------------------------------------------------------------------------
    gate        derivative      name       op1       op2       op3        g_unscaled   penalty
    1129        0.00231602      a_ia      1129                            0.00463204         2
     877       -0.00186133      a_ia       877                           -0.00372265         2
     439       -0.00114037      a_ia       439                           -0.00228074         2
    1098       -0.00107134      a_ia      1098                           -0.00214267         2
    1066        0.00088362      a_ia      1066                            0.00176725         2
    1096       -0.00084811      a_ia      1096                           -0.00169622         2
     571       -0.00067886      a_ia       571                           -0.00135772         2
    1413       -0.00067665      a_ia      1413                           -0.00405989         6
    1371       -0.00062734      a_ia      1371                           -0.00125469         2
    1178       -0.00041570      a_ia      1178                           -0.00083140         2

  ==> Add operator: a_ia 1129
  ==> Current qubit order: 4  5  8  9  10  2  3  16  17  19  27  22  12  13  26  65  29  62  14  24  11  63  25  28  30  18  31  35  23  37  21  20  69  15  68  34  40  42  43  44  66  1  0  67  45  48  61  60  47  7  38  6  64  54  50  58  53  51  46  32  59  33  55  41  39  49  56  57  36  70  72  73  74  71  75  76  77  78  79  81  82  83  84  85  80  52  86  87  88  89  90  91  92  93  94  95  96  97  98  99  100  101  102  103  


  ==> Energy                -307.402041604
  ==> dE                       -5.52e-06
  ==> Gradient Norm             2.15e-01
  ==> Abs. Max. Deriv.          2.20e-02
  ==> Time-Grad. (s)             119.885
  ==> Time-Energy (s)             11.363
  ==> Time-Iter. (s)             132.946

--------------------------------------------------------------------------------
CEO-ADAPT-VQE iteration: 327
--------------------------------------------------------------------------------
    gate        derivative      name       op1       op2       op3        g_unscaled   penalty
     879       -0.00186321      a_ia       879                           -0.00372642         2
     440       -0.00112427      a_ia       440                           -0.00224855         2
    1100       -0.00108589      a_ia      1100                           -0.00217177         2
    1068        0.00088420      a_ia      1068                            0.00176841         2
    1098       -0.00084696      a_ia      1098                           -0.00169392         2
    1415       -0.00068071      a_ia      1415                           -0.00408427         6
     573       -0.00064680      a_ia       573                           -0.00129360         2
    1373       -0.00062552      a_ia      1373                           -0.00125103         2
    1180       -0.00042413      a_ia      1180                           -0.00084825         2
    1556        0.00035961      a_ia      1556                            0.00287690         8

  ==> Add operator: a_ia 879
  ==> Current qubit order: 4  5  8  9  10  2  3  16  17  19  27  22  12  13  26  65  29  62  14  24  11  63  25  28  30  18  31  35  23  37  21  20  69  15  68  34  40  42  43  44  66  1  0  67  45  48  61  60  47  7  38  6  64  54  50  58  53  51  46  32  59  33  55  41  39  49  56  57  36  70  72  73  74  71  75  76  77  78  79  81  82  83  84  85  80  52  86  87  88  89  90  91  92  93  94  95  96  97  98  99  100  101  102  103  


  ==> Energy                -307.402045181
  ==> dE                       -3.58e-06
  ==> Gradient Norm             2.17e-01
  ==> Abs. Max. Deriv.          2.20e-02
  ==> Time-Grad. (s)             125.862
  ==> Time-Energy (s)              9.532
  ==> Time-Iter. (s)             136.868

--------------------------------------------------------------------------------
CEO-ADAPT-VQE iteration: 328
--------------------------------------------------------------------------------
    gate        derivative      name       op1       op2       op3        g_unscaled   penalty
     441       -0.00114757      a_ia       441                           -0.00229514         2
    1102       -0.00109368      a_ia      1102                           -0.00218737         2
    1070        0.00088449      a_ia      1070                            0.00176898         2
    1100       -0.00083642      a_ia      1100                           -0.00167284         2
    1418       -0.00069018      a_ia      1418                           -0.00414105         6
     574       -0.00063509      a_ia       574                           -0.00127017         2
    1376       -0.00062507      a_ia      1376                           -0.00125014         2
    1182       -0.00042284      a_ia      1182                           -0.00084568         2
    1560        0.00035982      a_ia      1560                            0.00287859         8
     770        0.00034204      a_ia       770                            0.00136815         4

  ==> Add operator: a_ia 441
  ==> Current qubit order: 4  5  8  9  10  2  3  16  17  19  27  22  12  13  26  65  29  62  14  24  11  63  25  28  30  18  31  35  23  37  21  20  69  15  68  34  40  42  43  44  66  1  0  67  45  48  61  60  47  7  38  6  64  54  50  58  53  51  46  32  59  33  55  41  39  49  56  57  36  70  72  73  74  71  75  76  77  78  79  81  82  83  84  85  80  52  86  87  88  89  90  91  92  93  94  95  96  97  98  99  100  101  102  103  


  ==> Energy                -307.402045859
  ==> dE                       -6.78e-07
  ==> Gradient Norm             2.15e-01
  ==> Abs. Max. Deriv.          2.20e-02
  ==> Time-Grad. (s)             127.219
  ==> Time-Energy (s)             12.268
  ==> Time-Iter. (s)             141.157

--------------------------------------------------------------------------------
CEO-ADAPT-VQE iteration: 329
--------------------------------------------------------------------------------
    gate        derivative      name       op1       op2       op3        g_unscaled   penalty
    1106       -0.00109817      a_ia      1106                           -0.00219635         2
    1074        0.00088476      a_ia      1074                            0.00176953         2
    1104       -0.00083434      a_ia      1104                           -0.00166869         2
    1422       -0.00069424      a_ia      1422                           -0.00416543         6
     577       -0.00063320      a_ia       577                           -0.00126641         2
    1380       -0.00062613      a_ia      1380                           -0.00125227         2
    1186       -0.00042102      a_ia      1186                           -0.00084205         2
    1564        0.00035985      a_ia      1564                            0.00287884         8
     774        0.00034439      a_ia       774                            0.00137755         4
     254        0.00034126      a_ia       254                            0.00068252         2

  ==> Add operator: a_ia 1106
  ==> Current qubit order: 4  5  8  9  10  2  3  16  17  19  27  22  12  13  26  65  29  62  14  24  11  63  25  28  30  18  31  35  23  37  21  20  69  15  68  34  40  42  43  44  66  1  0  67  45  48  61  60  47  7  38  6  64  54  50  58  53  51  46  32  59  33  55  41  39  49  56  57  36  70  72  73  74  71  75  76  77  78  79  81  82  83  84  85  80  52  86  87  88  89  90  91  92  93  94  95  96  97  98  99  100  101  102  103  


  ==> Energy                -307.402047288
  ==> dE                       -1.43e-06
  ==> Gradient Norm             2.18e-01
  ==> Abs. Max. Deriv.          2.20e-02
  ==> Time-Grad. (s)             129.917
  ==> Time-Energy (s)             11.394
  ==> Time-Iter. (s)             142.747

--------------------------------------------------------------------------------
CEO-ADAPT-VQE iteration: 330
--------------------------------------------------------------------------------
    gate        derivative      name       op1       op2       op3        g_unscaled   penalty
    1075        0.00088583      a_ia      1075                            0.00177165         2
    1105       -0.00085937      a_ia      1105                           -0.00171874         2
    1423       -0.00069065      a_ia      1423                           -0.00414388         6
     577       -0.00065469      a_ia       577                           -0.00130937         2
    1381       -0.00063289      a_ia      1381                           -0.00126578         2
    1187       -0.00042059      a_ia      1187                           -0.00084119         2
    1565        0.00035725      a_ia      1565                            0.00285799         8
     774        0.00035241      a_ia       774                            0.00140963         4
    1079        0.00033749      a_ia      1079                            0.00269994         8
     254        0.00031850      a_ia       254                            0.00063699         2

  ==> Add operator: a_ia 1075
  ==> Current qubit order: 4  5  8  9  10  2  3  16  17  19  27  22  12  13  26  65  29  62  14  24  11  63  25  28  30  18  31  35  23  37  21  20  69  15  68  34  40  42  43  44  66  1  0  67  45  48  61  60  47  7  38  6  64  54  50  58  53  51  46  32  59  33  55  41  39  49  56  57  36  70  72  73  74  71  75  76  77  78  79  81  82  83  84  85  80  52  86  87  88  89  90  91  92  93  94  95  96  97  98  99  100  101  102  103  


  ==> Energy                -307.402108062
  ==> dE                       -6.08e-05
  ==> Gradient Norm             2.16e-01
  ==> Abs. Max. Deriv.          2.20e-02
  ==> Time-Grad. (s)             132.080
  ==> Time-Energy (s)              8.643
  ==> Time-Iter. (s)             142.393

--------------------------------------------------------------------------------
CEO-ADAPT-VQE iteration: 331
--------------------------------------------------------------------------------
    gate        derivative      name       op1       op2       op3        g_unscaled   penalty
    1107       -0.00087056      a_ia      1107                           -0.00174113         2
    1425       -0.00074155      a_ia      1425                           -0.00444929         6
     578       -0.00067653      a_ia       578                           -0.00135306         2
    1383       -0.00061779      a_ia      1383                           -0.00123557         2
    1189       -0.00042431      a_ia      1189                           -0.00084862         2
    1567        0.00042144      a_ia      1567                            0.00337155         8
     776        0.00035370      a_ia       776                            0.00141481         4
    1558        0.00030997      a_ia      1558                            0.00061993         2
     254        0.00030458      a_ia       254                            0.00060917         2
    1262        0.00029777      a_ia      1262                            0.00238215         8

  ==> Add operator: a_ia 1107
  ==> Current qubit order: 4  5  8  9  10  2  3  16  17  19  27  22  12  13  26  65  29  62  14  24  11  63  25  28  30  18  31  35  23  37  21  20  69  15  68  34  40  42  43  44  66  1  0  67  45  48  61  60  47  7  38  6  64  54  50  58  53  51  46  32  59  33  55  41  39  49  56  57  36  70  72  73  74  71  75  76  77  78  79  81  82  83  84  85  80  52  86  87  88  89  90  91  92  93  94  95  96  97  98  99  100  101  102  103  


  ==> Energy                -307.402109274
  ==> dE                       -1.21e-06
  ==> Gradient Norm             2.17e-01
  ==> Abs. Max. Deriv.          2.20e-02
  ==> Time-Grad. (s)             128.937
  ==> Time-Energy (s)             10.054
  ==> Time-Iter. (s)             140.417

--------------------------------------------------------------------------------
CEO-ADAPT-VQE iteration: 332
--------------------------------------------------------------------------------
    gate        derivative      name       op1       op2       op3        g_unscaled   penalty
    1426       -0.00075149      a_ia      1426                           -0.00450894         6
     578       -0.00067831      a_ia       578                           -0.00135661         2
    1384       -0.00062256      a_ia      1384                           -0.00124512         2
    1189       -0.00042442      a_ia      1189                           -0.00084885         2
    1568        0.00042058      a_ia      1568                            0.00336467         8
     776        0.00035251      a_ia       776                            0.00141005         4
     254        0.00031878      a_ia       254                            0.00063757         2
    1559        0.00030974      a_ia      1559                            0.00061948         2
    1263        0.00029915      a_ia      1263                            0.00239318         8
    1004        0.00029754      a_ia      1004                            0.00059508         2

  ==> Add operator: a_ia 1426
  ==> Current qubit order: 4  5  8  9  10  2  3  16  17  19  27  22  12  13  26  65  29  62  14  24  11  63  25  28  30  18  31  35  23  37  21  20  69  15  68  34  40  42  43  44  66  1  0  67  45  48  61  60  47  7  38  6  64  54  50  53  51  58  46  32  59  33  55  41  39  49  56  57  36  70  72  73  74  71  75  76  77  78  79  81  82  83  84  85  80  52  86  87  88  89  90  91  92  93  94  95  96  97  98  99  100  101  102  103  


  ==> Energy                -307.402117150
  ==> dE                       -7.88e-06
  ==> Gradient Norm             2.10e-01
  ==> Abs. Max. Deriv.          2.20e-02
  ==> Time-Grad. (s)             129.577
  ==> Time-Energy (s)              9.814
  ==> Time-Iter. (s)             140.818

--------------------------------------------------------------------------------
CEO-ADAPT-VQE iteration: 333
--------------------------------------------------------------------------------
    gate        derivative      name       op1       op2       op3        g_unscaled   penalty
     578       -0.00072102      a_ia       578                           -0.00144204         2
    1384       -0.00060969      a_ia      1384                           -0.00121937         2
    1081        0.00056874      a_ia      1081                            0.00227494         4
    1189       -0.00042557      a_ia      1189                           -0.00085114         2
     776        0.00036244      a_ia       776                            0.00144976         4
     443       -0.00033894      a_ia       443                           -0.00067788         2
    1568        0.00033421      a_ia      1568                            0.00334211        10
    1559        0.00030955      a_ia      1559                            0.00061910         2
     254        0.00030728      a_ia       254                            0.00061456         2
    1263        0.00029627      a_ia      1263                            0.00237016         8

  ==> Add operator: a_ia 578
  ==> Current qubit order: 4  5  8  9  10  2  3  16  17  19  27  22  12  13  26  65  29  62  14  24  11  63  25  28  30  18  31  35  23  37  21  20  69  15  68  34  40  42  43  44  66  1  0  67  45  48  61  60  47  7  38  6  64  54  50  53  51  58  46  32  59  33  55  41  39  49  56  57  36  70  72  73  74  71  75  76  77  78  79  81  82  83  84  85  80  52  86  87  88  89  90  91  92  93  94  95  96  97  98  99  100  101  102  103  


  ==> Energy                -307.402117530
  ==> dE                       -3.80e-07
  ==> Gradient Norm             2.07e-01
  ==> Abs. Max. Deriv.          2.20e-02
  ==> Time-Grad. (s)             128.351
  ==> Time-Energy (s)              8.154
  ==> Time-Iter. (s)             137.918

--------------------------------------------------------------------------------
CEO-ADAPT-VQE iteration: 334
--------------------------------------------------------------------------------
    gate        derivative      name       op1       op2       op3        g_unscaled   penalty
    1385       -0.00061039      a_ia      1385                           -0.00122077         2
    1082        0.00056303      a_ia      1082                            0.00225213         4
    1190       -0.00042521      a_ia      1190                           -0.00085042         2
     777        0.00036433      a_ia       777                            0.00145732         4
     443       -0.00033751      a_ia       443                           -0.00067502         2
    1569        0.00033427      a_ia      1569                            0.00334265        10
     254        0.00031464      a_ia       254                            0.00062928         2
    1560        0.00030955      a_ia      1560                            0.00061909         2
    1264        0.00029696      a_ia      1264                            0.00237569         8
    1259        0.00029111      a_ia      1259                            0.00058222         2

  ==> Add operator: a_ia 1385
  ==> Current qubit order: 4  5  8  9  10  2  3  16  17  19  27  22  12  13  26  65  29  62  14  24  11  63  25  28  30  18  31  35  23  37  21  20  69  15  68  34  40  42  43  44  66  1  0  67  45  48  61  60  47  7  38  6  64  54  50  53  51  58  46  32  59  33  55  41  39  49  56  57  36  70  72  73  74  71  75  76  77  78  79  81  82  83  84  85  80  52  86  87  88  89  90  91  92  93  94  95  96  97  98  99  100  101  102  103  


  ==> Energy                -307.402117874
  ==> dE                       -3.44e-07
  ==> Gradient Norm             2.28e-01
  ==> Abs. Max. Deriv.          2.22e-02
  ==> Time-Grad. (s)             153.540
  ==> Time-Energy (s)             12.556
  ==> Time-Iter. (s)             167.524

--------------------------------------------------------------------------------
CEO-ADAPT-VQE iteration: 335
--------------------------------------------------------------------------------
    gate        derivative      name       op1       op2       op3        g_unscaled   penalty
    1086        0.00056190      a_ia      1086                            0.00224759         4
    1195       -0.00042593      a_ia      1195                           -0.00085185         2
   91973       -0.00040562        op     40094     40095                 -0.01419673        35
   91974       -0.00040198        om     40094     40095                 -0.01406913        35
     779        0.00036469      a_ia       779                            0.00145875         4
     443       -0.00033866      a_ia       443                           -0.00067733         2
    1574        0.00033426      a_ia      1574                            0.00334264        10
     254        0.00031159      a_ia       254                            0.00062318         2
    1565        0.00030963      a_ia      1565                            0.00061926         2
    1269        0.00029706      a_ia      1269                            0.00237647         8

  ==> Add operator: a_ia 1086
  ==> Current qubit order: 4  5  8  9  10  2  3  16  17  19  27  22  12  13  26  65  29  62  14  24  11  63  25  28  30  18  31  35  23  37  21  20  69  15  68  34  40  42  43  44  66  1  0  67  45  48  61  60  47  7  38  6  64  54  50  53  51  46  58  32  59  33  55  41  39  49  56  57  36  70  72  73  74  71  75  76  77  78  79  81  82  83  84  85  80  52  86  87  88  89  90  91  92  93  94  95  96  97  98  99  100  101  102  103  


  ==> Energy                -307.402119918
  ==> dE                       -2.04e-06
  ==> Gradient Norm             2.13e-01
  ==> Abs. Max. Deriv.          2.20e-02
  ==> Time-Grad. (s)             132.369
  ==> Time-Energy (s)              8.691
  ==> Time-Iter. (s)             142.706

--------------------------------------------------------------------------------
CEO-ADAPT-VQE iteration: 336
--------------------------------------------------------------------------------
    gate        derivative      name       op1       op2       op3        g_unscaled   penalty
   72535       -0.00050021        om     25160     25161                 -0.01650702        33
   72534       -0.00042820        op     25160     25161                 -0.01413053        33
    1196       -0.00042783      a_ia      1196                           -0.00085566         2
     780        0.00035338      a_ia       780                            0.00141354         4
    1575        0.00033487      a_ia      1575                            0.00334867        10
     254        0.00031293      a_ia       254                            0.00062585         2
   25160       -0.00031263    a_iajb     25160                           -0.01531878        49
    1566        0.00031035      a_ia      1566                            0.00062069         2
     443       -0.00030618      a_ia       443                           -0.00061236         2
    1270        0.00030222      a_ia      1270                            0.00241778         8

  ==> Add operator: mvp2 -1: 25160 25161
  ==> Current qubit order: 4  5  8  9  10  2  3  16  17  19  27  22  12  13  26  65  29  62  14  24  11  63  25  28  30  18  31  35  23  37  21  20  69  15  68  34  40  42  43  44  66  1  0  67  45  48  61  60  47  7  38  54  6  64  53  51  50  46  58  32  59  33  55  41  39  49  56  57  36  70  72  73  74  71  75  76  77  78  79  81  82  83  84  85  80  52  86  87  88  89  90  91  92  93  94  95  96  97  98  99  100  101  102  103  


  ==> Energy                -307.402178270
  ==> dE                       -5.84e-05
  ==> Gradient Norm             2.14e-01
  ==> Abs. Max. Deriv.          2.20e-02
  ==> Time-Grad. (s)             128.425
  ==> Time-Energy (s)             23.068
  ==> Time-Iter. (s)             152.924

--------------------------------------------------------------------------------
CEO-ADAPT-VQE iteration: 337
--------------------------------------------------------------------------------
    gate        derivative      name       op1       op2       op3        g_unscaled   penalty
     255        0.00179374      a_ia       255                            0.00358749         2
    1198       -0.00042719      a_ia      1198                           -0.00085439         2
    1245        0.00037430      a_ia      1245                            0.00074859         2
     781        0.00034866      a_ia       781                            0.00139463         4
    1568        0.00030578      a_ia      1568                            0.00061156         2
    1011        0.00030467      a_ia      1011                            0.00060934         2
    1272        0.00030358      a_ia      1272                            0.00242866         8
    1267        0.00029097      a_ia      1267                            0.00058193         2
    1577        0.00028548      a_ia      1577                            0.00342582        12
     444       -0.00028506      a_ia       444                           -0.00057012         2

  ==> Add operator: a_ia 255
  ==> Current qubit order: 4  5  8  9  10  2  3  16  17  19  27  22  12  13  26  65  29  62  14  24  11  63  25  28  30  18  31  35  23  37  21  20  69  15  68  34  40  42  43  44  66  1  0  67  45  48  61  60  47  7  38  54  6  64  53  51  50  46  58  32  59  33  55  41  39  49  56  57  36  70  72  73  74  71  75  76  77  78  79  81  82  83  84  85  80  52  86  87  88  89  90  91  92  93  94  95  96  97  98  99  100  101  102  103  


  ==> Energy                -307.402180580
  ==> dE                       -2.31e-06
  ==> Gradient Norm             2.15e-01
  ==> Abs. Max. Deriv.          2.20e-02
  ==> Time-Grad. (s)             128.331
  ==> Time-Energy (s)             12.802
  ==> Time-Iter. (s)             142.561

--------------------------------------------------------------------------------
CEO-ADAPT-VQE iteration: 338
--------------------------------------------------------------------------------
    gate        derivative      name       op1       op2       op3        g_unscaled   penalty
    1199       -0.00042705      a_ia      1199                           -0.00085411         2
    1246        0.00037629      a_ia      1246                            0.00075258         2
     782        0.00035499      a_ia       782                            0.00141996         4
     445       -0.00031017      a_ia       445                           -0.00062034         2
    1569        0.00030558      a_ia      1569                            0.00061116         2
    1273        0.00030197      a_ia      1273                            0.00241575         8
    1012        0.00029228      a_ia      1012                            0.00058455         2
    1268        0.00029087      a_ia      1268                            0.00058173         2
    1578        0.00028527      a_ia      1578                            0.00342319        12
    1318        0.00027748      a_ia      1318                            0.00055496         2

  ==> Add operator: a_ia 1199
  ==> Current qubit order: 4  5  8  9  10  2  3  16  17  19  27  22  12  13  26  65  29  62  14  24  11  63  25  28  30  18  31  35  23  37  21  20  69  15  68  34  40  42  43  44  66  1  0  67  45  48  61  60  47  7  38  54  6  64  53  51  50  46  58  32  59  33  55  41  39  49  56  57  36  70  72  73  74  71  75  76  77  78  79  81  82  83  84  85  80  52  86  87  88  89  90  91  92  93  94  95  96  97  98  99  100  101  102  103  


  ==> Energy                -307.402180822
  ==> dE                       -2.42e-07
  ==> Gradient Norm             2.14e-01
  ==> Abs. Max. Deriv.          2.20e-02
  ==> Time-Grad. (s)             152.138
  ==> Time-Energy (s)              7.851
  ==> Time-Iter. (s)             161.430

--------------------------------------------------------------------------------
CEO-ADAPT-VQE iteration: 339
--------------------------------------------------------------------------------
    gate        derivative      name       op1       op2       op3        g_unscaled   penalty
    1247        0.00037465      a_ia      1247                            0.00074930         2
     782        0.00035664      a_ia       782                            0.00142658         4
     445       -0.00030898      a_ia       445                           -0.00061797         2
    1570        0.00030556      a_ia      1570                            0.00061113         2
    1274        0.00030208      a_ia      1274                            0.00241668         8
    1012        0.00029195      a_ia      1012                            0.00058390         2
    1269        0.00029086      a_ia      1269                            0.00058173         2
    1579        0.00028526      a_ia      1579                            0.00342311        12
    1319        0.00027934      a_ia      1319                            0.00055868         2
    1567       -0.00026890      a_ia      1567                           -0.00053781         2

  ==> Add operator: a_ia 1247
  ==> Current qubit order: 4  5  8  9  10  2  3  16  17  19  27  22  12  13  26  65  29  62  14  24  11  63  25  28  30  18  31  35  23  37  21  20  69  15  68  34  40  42  43  44  66  1  0  67  45  48  61  60  47  7  38  54  6  64  53  51  50  46  58  32  59  33  55  41  39  49  56  57  36  70  72  73  74  71  75  76  77  78  79  81  82  83  84  85  80  52  86  87  88  89  90  91  92  93  94  95  96  97  98  99  100  101  102  103  


  ==> Energy                -307.402181098
  ==> dE                       -2.76e-07
  ==> Gradient Norm             2.16e-01
  ==> Abs. Max. Deriv.          2.20e-02
  ==> Time-Grad. (s)             129.983
  ==> Time-Energy (s)              9.277
  ==> Time-Iter. (s)             140.672

--------------------------------------------------------------------------------
CEO-ADAPT-VQE iteration: 340
--------------------------------------------------------------------------------
    gate        derivative      name       op1       op2       op3        g_unscaled   penalty
     784        0.00035969      a_ia       784                            0.00143876         4
     446       -0.00030575      a_ia       446                           -0.00061150         2
    1572        0.00030550      a_ia      1572                            0.00061099         2
    1276        0.00030249      a_ia      1276                            0.00241992         8
    1321        0.00029130      a_ia      1321                            0.00058260         2
    1271        0.00029089      a_ia      1271                            0.00058178         2
    1014        0.00029016      a_ia      1014                            0.00058032         2
    1581        0.00028523      a_ia      1581                            0.00342271        12
    1569       -0.00026904      a_ia      1569                           -0.00053808         2
     749        0.00026782      a_ia       749                            0.00160694         6

  ==> Add operator: a_ia 784
  ==> Current qubit order: 4  5  8  9  10  2  3  16  17  19  27  22  12  13  26  65  29  62  14  24  11  63  25  28  30  18  31  35  23  37  20  21  69  15  68  34  40  42  43  44  66  1  0  67  45  48  61  60  47  7  38  54  6  64  53  51  50  46  58  32  59  33  55  41  39  49  56  57  36  70  72  73  74  71  75  76  77  78  79  81  82  83  84  85  80  52  86  87  88  89  90  91  92  93  94  95  96  97  98  99  100  101  102  103  


  ==> Energy                -307.402181447
  ==> dE                       -3.49e-07
  ==> Gradient Norm             2.12e-01
  ==> Abs. Max. Deriv.          2.20e-02
  ==> Time-Grad. (s)             126.835
  ==> Time-Energy (s)              8.999
  ==> Time-Iter. (s)             137.290

--------------------------------------------------------------------------------
CEO-ADAPT-VQE iteration: 341
--------------------------------------------------------------------------------
    gate        derivative      name       op1       op2       op3        g_unscaled   penalty
     447       -0.00030931      a_ia       447                           -0.00061862         2
    1574        0.00030552      a_ia      1574                            0.00061104         2
    1277        0.00030244      a_ia      1277                            0.00241952         8
    1272        0.00029092      a_ia      1272                            0.00058184         2
    1015        0.00029075      a_ia      1015                            0.00058150         2
    1322        0.00028566      a_ia      1322                            0.00057133         2
    1583        0.00028529      a_ia      1583                            0.00342349        12
    1571       -0.00026909      a_ia      1571                           -0.00053818         2
     928        0.00023796      a_ia       928                            0.00142775         6
     957       -0.00022450      a_ia       957                           -0.00224503        10

  ==> Add operator: a_ia 447
  ==> Current qubit order: 4  5  8  9  10  2  3  16  17  19  27  22  12  13  26  65  29  62  14  24  11  63  25  28  30  18  31  35  23  37  20  21  69  15  68  34  40  42  43  44  66  1  0  67  45  48  61  60  47  7  38  54  6  64  53  51  50  46  58  32  59  33  55  41  39  49  56  57  36  70  72  73  74  71  75  76  77  78  79  81  82  83  84  85  80  52  86  87  88  89  90  91  92  93  94  95  96  97  98  99  100  101  102  103  


  ==> Energy                -307.402181449
  ==> dE                       -2.00e-09
  ==> Gradient Norm             2.15e-01
  ==> Abs. Max. Deriv.          2.20e-02
  ==> Time-Grad. (s)             128.350
  ==> Time-Energy (s)              9.315
  ==> Time-Iter. (s)             139.096

--------------------------------------------------------------------------------
CEO-ADAPT-VQE iteration: 342
--------------------------------------------------------------------------------
    gate        derivative      name       op1       op2       op3        g_unscaled   penalty
    1575        0.00030552      a_ia      1575                            0.00061104         2
    1278        0.00030247      a_ia      1278                            0.00241975         8
    1273        0.00029092      a_ia      1273                            0.00058184         2
    1016        0.00029071      a_ia      1016                            0.00058142         2
    1323        0.00028578      a_ia      1323                            0.00057156         2
    1584        0.00028529      a_ia      1584                            0.00342350        12
    1572       -0.00026907      a_ia      1572                           -0.00053815         2
     448       -0.00025931      a_ia       448                           -0.00051861         2
     929        0.00023799      a_ia       929                            0.00142791         6
     958       -0.00022449      a_ia       958                           -0.00224486        10

  ==> Add operator: a_ia 1575
  ==> Current qubit order: 4  5  8  9  10  2  3  16  17  19  27  22  12  13  26  65  29  62  14  24  11  63  25  28  30  18  31  35  23  37  20  21  69  15  68  34  40  42  43  44  66  1  0  67  45  48  61  60  47  7  38  54  6  64  53  51  50  46  58  32  59  33  55  41  39  49  56  57  36  70  72  73  74  71  75  76  77  78  79  81  82  83  84  85  80  52  86  87  88  89  90  91  92  93  94  95  96  97  98  99  100  101  102  103  


  ==> Energy                -307.402183697
  ==> dE                       -2.25e-06
  ==> Gradient Norm             2.11e-01
  ==> Abs. Max. Deriv.          2.20e-02
  ==> Time-Grad. (s)             129.291
  ==> Time-Energy (s)             10.127
  ==> Time-Iter. (s)             140.868

--------------------------------------------------------------------------------
CEO-ADAPT-VQE iteration: 343
--------------------------------------------------------------------------------
    gate        derivative      name       op1       op2       op3        g_unscaled   penalty
   81219        0.00039802        op     31767     31768                  0.04577196       115
   81220        0.00039797        om     31767     31768                  0.04576695       115
   31767        0.00034939    a_iajb     31767                            0.04576946       131
    1278        0.00030252      a_ia      1278                            0.00242017         8
    1273        0.00029133      a_ia      1273                            0.00058266         2
    1016        0.00028953      a_ia      1016                            0.00057907         2
    1323        0.00028569      a_ia      1323                            0.00057138         2
    1585        0.00028568      a_ia      1585                            0.00342820        12
    1573       -0.00026963      a_ia      1573                           -0.00053926         2
     448       -0.00025935      a_ia       448                           -0.00051871         2

  ==> Add operator: mvp2 -1: 31767 31768
  ==> Current qubit order: 4  5  8  9  10  2  3  16  17  27  22  12  13  26  65  29  62  14  24  11  63  25  28  30  31  35  23  19  18  66  67  37  20  21  69  15  68  34  40  42  43  44  1  0  45  48  61  60  47  7  38  54  6  64  53  51  50  46  58  32  59  33  55  41  39  49  56  57  36  70  72  73  74  71  75  76  77  78  79  81  82  83  84  85  80  52  86  87  88  89  90  91  92  93  94  95  96  97  98  99  100  101  102  103  


  ==> Energy                -307.402403605
  ==> dE                       -2.20e-04
  ==> Gradient Norm             2.23e-01
  ==> Abs. Max. Deriv.          4.58e-02
  ==> Time-Grad. (s)             124.152
  ==> Time-Energy (s)             17.643
  ==> Time-Iter. (s)             143.245

--------------------------------------------------------------------------------
CEO-ADAPT-VQE iteration: 344
--------------------------------------------------------------------------------
    gate        derivative      name       op1       op2       op3        g_unscaled   penalty
     685       -0.00256202      a_ia       685                           -0.00512405         2
     719       -0.00080412      a_ia       719                           -0.00482471         6
     751       -0.00034612      a_ia       751                           -0.00207674         6
    1231        0.00033725      a_ia      1231                            0.00067451         2
     849        0.00032528      a_ia       849                            0.00260224         8
     786       -0.00030419      a_ia       786                           -0.00182517         6
    1281        0.00030245      a_ia      1281                            0.00241964         8
    1276        0.00029129      a_ia      1276                            0.00058258         2
    1017        0.00028986      a_ia      1017                            0.00057971         2
    1588        0.00028568      a_ia      1588                            0.00342810        12

  ==> Add operator: a_ia 685
  ==> Current qubit order: 4  5  8  9  10  2  3  16  17  27  22  12  13  26  65  29  62  14  24  11  63  25  28  30  31  35  23  19  18  66  67  37  20  21  69  15  68  34  40  42  43  44  1  0  45  48  61  60  47  7  38  54  6  64  53  51  50  46  58  32  59  33  55  41  39  49  56  57  36  70  72  73  74  71  75  76  77  78  79  81  82  83  84  85  80  52  86  87  88  89  90  91  92  93  94  95  96  97  98  99  100  101  102  103  


  ==> Energy                -307.402409016
  ==> dE                       -5.41e-06
  ==> Gradient Norm             2.17e-01
  ==> Abs. Max. Deriv.          2.20e-02
  ==> Time-Grad. (s)             128.185
  ==> Time-Energy (s)             10.613
  ==> Time-Iter. (s)             140.239

--------------------------------------------------------------------------------
CEO-ADAPT-VQE iteration: 345
--------------------------------------------------------------------------------
    gate        derivative      name       op1       op2       op3        g_unscaled   penalty
     719       -0.00077224      a_ia       719                           -0.00463345         6
     751       -0.00034910      a_ia       751                           -0.00209459         6
    1231        0.00033910      a_ia      1231                            0.00067820         2
     849        0.00031686      a_ia       849                            0.00253485         8
   82591        0.00030959        om     32719     32720                  0.02321904        75
   82590        0.00030959        op     32719     32720                  0.02321901        75
    1281        0.00030426      a_ia      1281                            0.00243406         8
     786       -0.00030309      a_ia       786                           -0.00181857         6
    1017        0.00029373      a_ia      1017                            0.00058747         2
    1276        0.00029142      a_ia      1276                            0.00058284         2

  ==> Add operator: a_ia 719
  ==> Current qubit order: 4  5  8  9  10  2  3  16  17  27  22  12  13  26  65  29  62  14  24  11  63  25  28  30  31  35  23  18  66  19  67  37  20  21  69  15  68  34  40  42  43  44  1  0  45  48  61  60  47  7  38  54  6  64  53  51  50  46  58  32  59  33  55  41  39  49  56  57  36  70  72  73  74  71  75  76  77  78  79  81  82  83  84  85  80  52  86  87  88  89  90  91  92  93  94  95  96  97  98  99  100  101  102  103  


  ==> Energy                -307.402413361
  ==> dE                       -4.34e-06
  ==> Gradient Norm             2.15e-01
  ==> Abs. Max. Deriv.          2.46e-02
  ==> Time-Grad. (s)             128.693
  ==> Time-Energy (s)             11.513
  ==> Time-Iter. (s)             141.908

--------------------------------------------------------------------------------
CEO-ADAPT-VQE iteration: 346
--------------------------------------------------------------------------------
    gate        derivative      name       op1       op2       op3        g_unscaled   penalty
    1232        0.00034380      a_ia      1232                            0.00068761         2
     850        0.00032716      a_ia       850                            0.00261729         8
     787       -0.00030580      a_ia       787                           -0.00183478         6
    1282        0.00030560      a_ia      1282                            0.00244483         8
    1277        0.00029149      a_ia      1277                            0.00058297         2
    1589        0.00028614      a_ia      1589                            0.00343373        12
      24        0.00028074      a_ia        24                            0.00224596         8
    1018        0.00028072      a_ia      1018                            0.00056144         2
    1327        0.00028039      a_ia      1327                            0.00056077         2
    1577       -0.00026980      a_ia      1577                           -0.00053960         2

  ==> Add operator: a_ia 1232
  ==> Current qubit order: 4  5  8  9  10  2  3  16  17  27  22  12  13  26  65  29  62  14  24  11  63  25  28  30  31  35  23  18  66  19  67  37  20  21  69  15  68  34  40  42  43  44  1  0  45  48  61  60  47  7  38  54  6  64  53  51  50  46  58  32  59  33  55  41  39  49  56  57  36  70  72  73  74  71  75  76  77  78  79  81  82  83  84  85  80  52  86  87  88  89  90  91  92  93  94  95  96  97  98  99  100  101  102  103  


  ==> Energy                -307.402413438
  ==> dE                       -7.79e-08
  ==> Gradient Norm             2.17e-01
  ==> Abs. Max. Deriv.          2.20e-02
  ==> Time-Grad. (s)             130.226
  ==> Time-Energy (s)              9.294
  ==> Time-Iter. (s)             140.945

--------------------------------------------------------------------------------
CEO-ADAPT-VQE iteration: 347
--------------------------------------------------------------------------------
    gate        derivative      name       op1       op2       op3        g_unscaled   penalty
     850        0.00032744      a_ia       850                            0.00261950         8
     787       -0.00030562      a_ia       787                           -0.00183372         6
    1282        0.00030556      a_ia      1282                            0.00244444         8
    1277        0.00029149      a_ia      1277                            0.00058298         2
    1589        0.00028615      a_ia      1589                            0.00343377        12
      24        0.00028049      a_ia        24                            0.00224390         8
    1327        0.00027971      a_ia      1327                            0.00055941         2
    1018        0.00027968      a_ia      1018                            0.00055936         2
    1577       -0.00026980      a_ia      1577                           -0.00053959         2
    1123       -0.00026290      a_ia      1123                           -0.00052581         2

  ==> Add operator: a_ia 850
  ==> Current qubit order: 4  5  8  9  10  2  3  16  17  27  22  12  13  26  65  29  62  14  24  11  63  25  28  30  31  35  18  66  19  23  67  37  20  21  69  15  68  34  40  42  43  44  1  0  45  48  61  60  47  7  38  54  6  64  53  51  50  46  58  32  59  33  55  41  39  49  56  57  36  70  72  73  74  71  75  76  77  78  79  81  82  83  84  85  80  52  86  87  88  89  90  91  92  93  94  95  96  97  98  99  100  101  102  103  


  ==> Energy                -307.402415391
  ==> dE                       -1.95e-06
  ==> Gradient Norm             2.14e-01
  ==> Abs. Max. Deriv.          2.37e-02
  ==> Time-Grad. (s)             130.692
  ==> Time-Energy (s)             13.139
  ==> Time-Iter. (s)             145.500

--------------------------------------------------------------------------------
CEO-ADAPT-VQE iteration: 348
--------------------------------------------------------------------------------
    gate        derivative      name       op1       op2       op3        g_unscaled   penalty
   92790        0.00059374        om     40576     40577                  0.01840592        31
   92789        0.00058953        op     40576     40577                  0.01827531        31
   40576        0.00039023    a_iajb     40576                            0.01834061        47
     788       -0.00030826      a_ia       788                           -0.00184958         6
    1283        0.00030612      a_ia      1283                            0.00244898         8
    1278        0.00029152      a_ia      1278                            0.00058303         2
    1591        0.00028615      a_ia      1591                            0.00343383        12
      24        0.00027704      a_ia        24                            0.00221629         8
    1329        0.00027582      a_ia      1329                            0.00055165         2
    1019        0.00027463      a_ia      1019                            0.00054925         2

  ==> Add operator: mvp2 -1: 40576 40577
  ==> Current qubit order: 4  5  8  9  10  2  3  16  17  27  22  12  13  26  65  29  62  14  24  11  63  25  28  30  31  35  18  66  19  23  67  37  20  21  69  15  68  34  40  42  43  44  1  0  45  48  61  60  47  7  38  54  6  64  53  51  50  58  59  46  32  33  55  41  39  49  56  57  36  70  72  73  74  71  75  76  77  78  79  81  82  83  84  85  80  52  86  87  88  89  90  91  92  93  94  95  96  97  98  99  100  101  102  103  


  ==> Energy                -307.402493277
  ==> dE                       -7.79e-05
  ==> Gradient Norm             2.13e-01
  ==> Abs. Max. Deriv.          2.20e-02
  ==> Time-Grad. (s)             128.045
  ==> Time-Energy (s)             16.792
  ==> Time-Iter. (s)             146.212

--------------------------------------------------------------------------------
CEO-ADAPT-VQE iteration: 349
--------------------------------------------------------------------------------
    gate        derivative      name       op1       op2       op3        g_unscaled   penalty
    1595        0.00038476      a_ia      1595                            0.00307811         8
     790       -0.00030665      a_ia       790                           -0.00183988         6
    1097       -0.00030457      a_ia      1097                           -0.00243656         8
    1282        0.00029209      a_ia      1282                            0.00058419         2
      24        0.00027693      a_ia        24                            0.00221544         8
    1333        0.00027675      a_ia      1333                            0.00055350         2
    1022        0.00026570      a_ia      1022                            0.00053140         2
    1583       -0.00026419      a_ia      1583                           -0.00052838         2
     935        0.00023098      a_ia       935                            0.00138585         6
     964       -0.00022840      a_ia       964                           -0.00228401        10

  ==> Add operator: a_ia 1595
  ==> Current qubit order: 4  5  8  9  10  2  3  16  17  27  22  12  13  26  65  29  62  14  24  11  63  25  28  30  31  35  18  66  19  23  67  37  20  21  69  15  68  34  40  42  43  44  1  0  45  48  61  60  47  7  38  54  6  64  51  50  58  53  59  46  32  33  55  41  39  49  56  57  36  70  72  73  74  71  75  76  77  78  79  81  82  83  84  85  80  52  86  87  88  89  90  91  92  93  94  95  96  97  98  99  100  101  102  103  


  ==> Energy                -307.402586000
  ==> dE                       -9.27e-05
  ==> Gradient Norm             2.17e-01
  ==> Abs. Max. Deriv.          2.20e-02
  ==> Time-Grad. (s)             126.741
  ==> Time-Energy (s)              9.518
  ==> Time-Iter. (s)             137.687

--------------------------------------------------------------------------------
CEO-ADAPT-VQE iteration: 350
--------------------------------------------------------------------------------
    gate        derivative      name       op1       op2       op3        g_unscaled   penalty
   90533        0.00033290        om     38780     38781                  0.01364906        41
   90532        0.00031756        op     38780     38781                  0.01301989        41
   82685        0.00030959        om     32786     32787                  0.02321903        75
   82684        0.00030959        op     32786     32787                  0.02321900        75
    1335        0.00030765      a_ia      1335                            0.00061530         2
     791       -0.00030717      a_ia       791                           -0.00184300         6
    1334        0.00030311      a_ia      1334                            0.00363734        12
    1284        0.00029965      a_ia      1284                            0.00059929         2
    1098       -0.00028829      a_ia      1098                           -0.00288290        10
      24        0.00027616      a_ia        24                            0.00220925         8

  ==> Add operator: mvp2 -1: 38780 38781
  ==> Current qubit order: 4  5  8  9  10  2  3  16  17  27  22  12  13  26  65  29  62  14  24  11  63  25  28  30  31  35  18  66  19  23  67  37  20  21  69  15  68  34  40  42  43  44  1  0  45  48  61  60  47  7  6  38  54  51  53  64  50  58  59  46  32  33  55  41  39  49  56  57  36  70  72  73  74  71  75  76  77  78  79  81  82  83  84  85  80  52  86  87  88  89  90  91  92  93  94  95  96  97  98  99  100  101  102  103  


  ==> Energy                -307.402860827
  ==> dE                       -2.75e-04
  ==> Gradient Norm             2.20e-01
  ==> Abs. Max. Deriv.          2.32e-02
  ==> Time-Grad. (s)             152.288
  ==> Time-Energy (s)            920.186
  ==> Time-Iter. (s)            1073.903

--------------------------------------------------------------------------------
CEO-ADAPT-VQE iteration: 351
--------------------------------------------------------------------------------
    gate        derivative      name       op1       op2       op3        g_unscaled   penalty
     453        0.00346591      a_ia       453                            0.00693181         2
     690       -0.00170145      a_ia       690                           -0.00340289         2
     907       -0.00130659      a_ia       907                           -0.00261319         2
     856        0.00098182      a_ia       856                            0.00196364         2
    1162        0.00093124      a_ia      1162                            0.00186248         2
   81342        0.00046510        om     31831     31832                  0.02278993        49
   81341        0.00046510        op     31831     31832                  0.02278993        49
     724       -0.00044661      a_ia       724                           -0.00178642         4
    1289       -0.00040029      a_ia      1289                           -0.00160115         4
    1547       -0.00039242      a_ia      1547                           -0.00078485         2

  ==> Add operator: a_ia 453
  ==> Current qubit order: 4  5  8  9  10  2  3  16  17  27  22  12  13  26  65  29  62  14  24  11  63  25  28  30  31  35  18  66  19  23  67  37  20  21  69  15  68  34  40  42  43  44  1  0  45  48  61  60  47  7  6  38  54  51  53  64  50  58  59  46  32  33  55  41  39  49  56  57  36  70  72  73  74  71  75  76  77  78  79  81  82  83  84  85  80  52  86  87  88  89  90  91  92  93  94  95  96  97  98  99  100  101  102  103  


  ==> Energy                -307.402870439
  ==> dE                       -9.61e-06
  ==> Gradient Norm             2.20e-01
  ==> Abs. Max. Deriv.          2.28e-02
  ==> Time-Grad. (s)             120.130
  ==> Time-Energy (s)             12.549
  ==> Time-Iter. (s)             134.169

--------------------------------------------------------------------------------
CEO-ADAPT-VQE iteration: 352
--------------------------------------------------------------------------------
    gate        derivative      name       op1       op2       op3        g_unscaled   penalty
     691       -0.00172399      a_ia       691                           -0.00344798         2
     909       -0.00127607      a_ia       909                           -0.00255214         2
     858        0.00100266      a_ia       858                            0.00200532         2
    1164        0.00095099      a_ia      1164                            0.00190198         2
     725       -0.00045232      a_ia       725                           -0.00180929         4
    1291       -0.00039635      a_ia      1291                           -0.00158539         4
    1549       -0.00039620      a_ia      1549                           -0.00079241         2
    1595        0.00037733      a_ia      1595                            0.00075466         2
    1592       -0.00037343      a_ia      1592                           -0.00074685         2
     795        0.00037201      a_ia       795                            0.00074401         2

  ==> Add operator: a_ia 691
  ==> Current qubit order: 4  5  8  9  10  2  3  16  17  27  22  12  13  26  65  29  62  14  24  11  63  25  28  30  31  35  18  66  19  23  67  37  20  21  69  15  68  34  40  42  43  44  1  0  45  48  61  60  47  7  6  38  54  51  53  64  50  58  59  46  32  33  55  41  39  49  56  57  36  70  72  73  74  71  75  76  77  78  79  81  82  83  84  85  80  52  86  87  88  89  90  91  92  93  94  95  96  97  98  99  100  101  102  103  


  ==> Energy                -307.402872727
  ==> dE                       -2.29e-06
  ==> Gradient Norm             2.15e-01
  ==> Abs. Max. Deriv.          2.20e-02
  ==> Time-Grad. (s)             128.419
  ==> Time-Energy (s)             10.629
  ==> Time-Iter. (s)             140.542

--------------------------------------------------------------------------------
CEO-ADAPT-VQE iteration: 353
--------------------------------------------------------------------------------
    gate        derivative      name       op1       op2       op3        g_unscaled   penalty
     909       -0.00126805      a_ia       909                           -0.00253610         2
     858        0.00098137      a_ia       858                            0.00196273         2
    1165        0.00095340      a_ia      1165                            0.00190679         2
     725       -0.00042183      a_ia       725                           -0.00168732         4
    1294       -0.00039526      a_ia      1294                           -0.00158106         4
    1553       -0.00039487      a_ia      1553                           -0.00078973         2
    1599        0.00037721      a_ia      1599                            0.00075442         2
    1596       -0.00037335      a_ia      1596                           -0.00074670         2
    1568       -0.00035880      a_ia      1568                           -0.00071760         2
     795        0.00035583      a_ia       795                            0.00071167         2

  ==> Add operator: a_ia 909
  ==> Current qubit order: 4  5  8  9  10  2  3  16  17  27  22  12  13  26  65  29  62  14  24  11  63  25  28  30  31  35  18  66  19  23  67  37  20  21  69  15  68  34  40  42  43  44  1  0  45  48  61  60  47  7  6  38  54  51  53  64  50  58  59  46  32  33  55  41  39  49  56  57  36  70  72  73  74  71  75  76  77  78  79  81  82  83  84  85  80  52  86  87  88  89  90  91  92  93  94  95  96  97  98  99  100  101  102  103  


  ==> Energy                -307.402874141
  ==> dE                       -1.41e-06
  ==> Gradient Norm             2.18e-01
  ==> Abs. Max. Deriv.          2.20e-02
  ==> Time-Grad. (s)             153.092
  ==> Time-Energy (s)             10.656
  ==> Time-Iter. (s)             165.178

--------------------------------------------------------------------------------
CEO-ADAPT-VQE iteration: 354
--------------------------------------------------------------------------------
    gate        derivative      name       op1       op2       op3        g_unscaled   penalty
     861        0.00098248      a_ia       861                            0.00196495         2
    1168        0.00095419      a_ia      1168                            0.00190837         2
     728       -0.00041985      a_ia       728                           -0.00167938         4
    1556       -0.00039845      a_ia      1556                           -0.00079690         2
    1297       -0.00039520      a_ia      1297                           -0.00158080         4
    1602        0.00037728      a_ia      1602                            0.00075456         2
    1599       -0.00037300      a_ia      1599                           -0.00074599         2
    1571       -0.00036865      a_ia      1571                           -0.00073730         2
     798        0.00035166      a_ia       798                            0.00070332         2
    1294        0.00033465      a_ia      1294                            0.00066930         2

  ==> Add operator: a_ia 861
  ==> Current qubit order: 4  5  8  9  10  2  3  16  17  27  22  12  13  26  65  29  62  14  24  11  63  25  28  30  31  35  18  66  19  23  67  37  20  21  69  15  68  34  40  42  43  44  1  0  45  48  61  60  47  7  6  38  54  51  53  64  50  58  59  46  32  33  55  41  39  49  56  57  36  70  72  73  74  71  75  76  77  78  79  81  82  83  84  85  80  52  86  87  88  89  90  91  92  93  94  95  96  97  98  99  100  101  102  103  


  ==> Energy                -307.402875647
  ==> dE                       -1.51e-06
  ==> Gradient Norm             2.15e-01
  ==> Abs. Max. Deriv.          2.20e-02
  ==> Time-Grad. (s)             128.566
  ==> Time-Energy (s)             13.668
  ==> Time-Iter. (s)             143.684

--------------------------------------------------------------------------------
CEO-ADAPT-VQE iteration: 355
--------------------------------------------------------------------------------
    gate        derivative      name       op1       op2       op3        g_unscaled   penalty
    1172        0.00095455      a_ia      1172                            0.00190909         2
     730       -0.00042832      a_ia       730                           -0.00171327         4
    1561       -0.00039915      a_ia      1561                           -0.00079830         2
    1302       -0.00039427      a_ia      1302                           -0.00157709         4
    1607        0.00037716      a_ia      1607                            0.00075431         2
    1604       -0.00037302      a_ia      1604                           -0.00074605         2
    1576       -0.00037043      a_ia      1576                           -0.00074087         2
     800        0.00035769      a_ia       800                            0.00071537         2
    1299        0.00033467      a_ia      1299                            0.00066934         2
     799       -0.00030220      a_ia       799                           -0.00181322         6

  ==> Add operator: a_ia 1172
  ==> Current qubit order: 4  5  8  9  10  2  3  16  17  27  22  12  13  26  65  29  62  14  24  11  63  25  28  30  31  35  18  66  19  23  67  37  20  21  69  15  68  34  40  42  43  44  1  0  45  48  61  60  47  7  6  38  54  51  53  64  50  58  59  46  32  33  55  41  39  49  56  57  36  70  72  73  74  71  75  76  77  78  79  81  82  83  84  85  80  52  86  87  88  89  90  91  92  93  94  95  96  97  98  99  100  101  102  103  


  ==> Energy                -307.402876480
  ==> dE                       -8.33e-07
  ==> Gradient Norm             2.14e-01
  ==> Abs. Max. Deriv.          2.32e-02
  ==> Time-Grad. (s)             127.888
  ==> Time-Energy (s)             12.645
  ==> Time-Iter. (s)             141.980

--------------------------------------------------------------------------------
CEO-ADAPT-VQE iteration: 356
--------------------------------------------------------------------------------
    gate        derivative      name       op1       op2       op3        g_unscaled   penalty
     730       -0.00042842      a_ia       730                           -0.00171367         4
    1561       -0.00039894      a_ia      1561                           -0.00079788         2
    1302       -0.00039781      a_ia      1302                           -0.00159126         4
    1576       -0.00037786      a_ia      1576                           -0.00075571         2
    1607        0.00037712      a_ia      1607                            0.00075424         2
    1604       -0.00037291      a_ia      1604                           -0.00074582         2
     800        0.00036133      a_ia       800                            0.00072266         2
    1299        0.00033467      a_ia      1299                            0.00066935         2
     799       -0.00030053      a_ia       799                           -0.00180319         6
    1032       -0.00028947      a_ia      1032                           -0.00057894         2

  ==> Add operator: a_ia 730
  ==> Current qubit order: 4  5  8  9  10  2  3  16  17  27  22  12  13  26  65  29  62  14  24  11  63  25  28  30  31  35  18  66  23  19  67  37  20  21  69  15  68  34  40  42  43  44  1  0  45  48  61  60  47  7  6  38  54  51  53  64  50  58  59  46  32  33  55  41  39  49  56  57  36  70  72  73  74  71  75  76  77  78  79  81  82  83  84  85  80  52  86  87  88  89  90  91  92  93  94  95  96  97  98  99  100  101  102  103  


  ==> Energy                -307.402876985
  ==> dE                       -5.05e-07
  ==> Gradient Norm             2.10e-01
  ==> Abs. Max. Deriv.          2.20e-02
  ==> Time-Grad. (s)             152.166
  ==> Time-Energy (s)              9.836
  ==> Time-Iter. (s)             163.448

--------------------------------------------------------------------------------
CEO-ADAPT-VQE iteration: 357
--------------------------------------------------------------------------------
    gate        derivative      name       op1       op2       op3        g_unscaled   penalty
    1561       -0.00039753      a_ia      1561                           -0.00079505         2
    1302       -0.00039747      a_ia      1302                           -0.00158988         4
    1576       -0.00037816      a_ia      1576                           -0.00075632         2
    1607        0.00037710      a_ia      1607                            0.00075420         2
    1604       -0.00037293      a_ia      1604                           -0.00074585         2
     800        0.00035884      a_ia       800                            0.00071767         2
    1299        0.00033470      a_ia      1299                            0.00066939         2
     799       -0.00030145      a_ia       799                           -0.00180871         6
    1032       -0.00029383      a_ia      1032                           -0.00058767         2
    1109       -0.00028926      a_ia      1109                           -0.00231406         8

  ==> Add operator: a_ia 1561
  ==> Current qubit order: 4  5  8  9  10  2  3  16  17  27  22  12  13  26  65  29  62  14  24  11  63  25  28  30  31  35  18  66  23  19  67  37  20  21  69  15  68  34  40  42  43  44  1  0  45  48  61  60  47  7  6  38  54  51  53  64  50  58  59  46  32  33  55  41  39  49  56  57  36  70  72  73  74  71  75  76  77  78  79  81  82  83  84  85  80  52  86  87  88  89  90  91  92  93  94  95  96  97  98  99  100  101  102  103  


  ==> Energy                -307.402877196
  ==> dE                       -2.11e-07
  ==> Gradient Norm             2.21e-01
  ==> Abs. Max. Deriv.          2.20e-02
  ==> Time-Grad. (s)             152.732
  ==> Time-Energy (s)             10.707
  ==> Time-Iter. (s)             164.875

--------------------------------------------------------------------------------
CEO-ADAPT-VQE iteration: 358
--------------------------------------------------------------------------------
    gate        derivative      name       op1       op2       op3        g_unscaled   penalty
    1305       -0.00039745      a_ia      1305                           -0.00158980         4
    1580       -0.00037909      a_ia      1580                           -0.00075818         2
    1611        0.00037754      a_ia      1611                            0.00075507         2
    1608       -0.00037297      a_ia      1608                           -0.00074593         2
     801        0.00035769      a_ia       801                            0.00071538         2
    1302        0.00033469      a_ia      1302                            0.00066939         2
   71660        0.00032350        om     24460     24461                  0.01649839        51
   71659        0.00032321        op     24460     24461                  0.01648358        51
     800       -0.00030141      a_ia       800                           -0.00180844         6
    1035       -0.00029378      a_ia      1035                           -0.00058757         2

  ==> Add operator: a_ia 1305
  ==> Current qubit order: 4  5  8  9  10  2  3  16  17  27  22  12  13  26  65  29  62  14  24  11  63  25  28  30  31  35  18  66  23  19  67  37  20  21  69  15  68  34  40  42  43  44  1  0  45  48  61  60  47  7  6  38  54  51  53  64  50  58  59  46  32  33  41  55  39  49  56  57  36  70  72  73  74  71  75  76  77  78  79  81  82  83  84  85  80  52  86  87  88  89  90  91  92  93  94  95  96  97  98  99  100  101  102  103  


  ==> Energy                -307.402878269
  ==> dE                       -1.07e-06
  ==> Gradient Norm             2.21e-01
  ==> Abs. Max. Deriv.          2.47e-02
  ==> Time-Grad. (s)             128.303
  ==> Time-Energy (s)             10.153
  ==> Time-Iter. (s)             139.907

--------------------------------------------------------------------------------
CEO-ADAPT-VQE iteration: 359
--------------------------------------------------------------------------------
    gate        derivative      name       op1       op2       op3        g_unscaled   penalty
    1581       -0.00038217      a_ia      1581                           -0.00076434         2
    1613        0.00037749      a_ia      1613                            0.00075498         2
    1610       -0.00037308      a_ia      1610                           -0.00074616         2
     801        0.00034572      a_ia       801                            0.00069143         2
    1302        0.00033371      a_ia      1302                            0.00066743         2
     800       -0.00030324      a_ia       800                           -0.00181946         6
   45733        0.00029073        om      5708      5709                  0.01599016        55
   45732        0.00029058        op      5708      5709                  0.01598216        55
    1035       -0.00029023      a_ia      1035                           -0.00058046         2
    1112       -0.00028928      a_ia      1112                           -0.00231428         8

  ==> Add operator: a_ia 1581
  ==> Current qubit order: 4  5  8  9  10  2  3  16  17  27  22  12  13  26  65  29  62  14  24  11  63  25  28  30  31  35  18  66  23  19  67  37  20  21  69  15  68  34  40  42  43  44  1  0  45  48  61  60  47  7  6  38  54  51  53  64  50  58  59  46  32  33  41  55  39  49  56  57  36  70  72  73  74  71  75  76  77  78  79  81  82  83  84  85  80  52  86  87  88  89  90  91  92  93  94  95  96  97  98  99  100  101  102  103  


  ==> Energy                -307.402878877
  ==> dE                       -6.08e-07
  ==> Gradient Norm             2.11e-01
  ==> Abs. Max. Deriv.          2.20e-02
  ==> Time-Grad. (s)             129.153
  ==> Time-Energy (s)              9.359
  ==> Time-Iter. (s)             140.054

--------------------------------------------------------------------------------
CEO-ADAPT-VQE iteration: 360
--------------------------------------------------------------------------------
    gate        derivative      name       op1       op2       op3        g_unscaled   penalty
    1614        0.00037783      a_ia      1614                            0.00075566         2
    1611       -0.00037308      a_ia      1611                           -0.00074617         2
     801        0.00034902      a_ia       801                            0.00069804         2
    1303        0.00033411      a_ia      1303                            0.00066822         2
     800       -0.00030976      a_ia       800                           -0.00185855         6
    1280        0.00030364      a_ia      1280                            0.00060728         2
   45678        0.00029072        om      5715      5716                  0.01598937        55
   45677        0.00029057        op      5715      5716                  0.01598137        55
    1113       -0.00029017      a_ia      1113                           -0.00232137         8
    1540       -0.00028600      a_ia      1540                           -0.00114399         4

  ==> Add operator: a_ia 1614
  ==> Current qubit order: 4  5  8  9  10  2  3  16  17  27  22  12  13  26  65  29  62  14  24  11  63  25  28  30  31  35  18  66  23  19  67  37  20  21  69  15  68  34  40  42  43  44  1  0  45  48  61  60  47  7  6  38  54  51  53  64  50  58  59  46  32  33  41  55  39  49  56  57  36  70  72  73  74  71  75  76  77  78  79  81  82  83  84  85  80  52  86  87  88  89  90  91  92  93  94  95  96  97  98  99  100  101  102  103  


  ==> Energy                -307.402882400
  ==> dE                       -3.52e-06
  ==> Gradient Norm             2.17e-01
  ==> Abs. Max. Deriv.          2.20e-02
  ==> Time-Grad. (s)             130.067
  ==> Time-Energy (s)             10.696
  ==> Time-Iter. (s)             142.215

--------------------------------------------------------------------------------
CEO-ADAPT-VQE iteration: 361
--------------------------------------------------------------------------------
    gate        derivative      name       op1       op2       op3        g_unscaled   penalty
    1611       -0.00037369      a_ia      1611                           -0.00074739         2
     801        0.00034918      a_ia       801                            0.00069837         2
    1303        0.00033465      a_ia      1303                            0.00066929         2
     800       -0.00030957      a_ia       800                           -0.00185741         6
    1280        0.00030256      a_ia      1280                            0.00060513         2
   45705        0.00029072        om      5719      5720                  0.01598937        55
   45704        0.00029057        op      5719      5720                  0.01598137        55
    1113       -0.00029044      a_ia      1113                           -0.00232350         8
    1540       -0.00028628      a_ia      1540                           -0.00114514         4
    1036       -0.00028042      a_ia      1036                           -0.00056085         2

  ==> Add operator: a_ia 1611
  ==> Current qubit order: 4  5  8  9  10  2  3  16  17  27  22  12  13  26  65  29  62  14  24  11  63  25  28  30  31  35  18  66  23  19  67  37  20  21  69  15  68  34  40  42  43  44  1  0  45  48  61  60  47  7  6  38  54  51  53  64  50  58  59  46  32  33  41  55  39  49  56  57  36  70  72  73  74  71  75  76  77  78  79  81  82  83  84  85  80  52  86  87  88  89  90  91  92  93  94  95  96  97  98  99  100  101  102  103  


  ==> Energy                -307.402886379
  ==> dE                       -3.98e-06
  ==> Gradient Norm             2.22e-01
  ==> Abs. Max. Deriv.          2.54e-02
  ==> Time-Grad. (s)             125.856
  ==> Time-Energy (s)              9.903
  ==> Time-Iter. (s)             137.205

--------------------------------------------------------------------------------
CEO-ADAPT-VQE iteration: 362
--------------------------------------------------------------------------------
    gate        derivative      name       op1       op2       op3        g_unscaled   penalty
     802        0.00034939      a_ia       802                            0.00069879         2
   86696        0.00033533        op     35753     35754                  0.01844323        55
   86697        0.00033526        om     35753     35754                  0.01843944        55
    1306        0.00033445      a_ia      1306                            0.00066891         2
     801       -0.00030938      a_ia       801                           -0.00185625         6
    1283        0.00030473      a_ia      1283                            0.00060946         2
    1116       -0.00029072      a_ia      1116                           -0.00232575         8
   45757        0.00029072        om      5730      5731                  0.01598934        55
   45756        0.00029057        op      5730      5731                  0.01598134        55
   89063        0.00028783        om     37519     37520                  0.01295243        45

  ==> Add operator: a_ia 802
  ==> Current qubit order: 4  5  8  9  10  2  3  16  17  27  22  12  13  26  65  29  62  14  24  11  63  25  28  30  31  35  18  66  23  19  67  37  20  21  69  15  68  34  40  42  43  44  1  0  45  48  61  60  47  7  6  38  54  51  53  64  50  58  59  46  32  33  41  55  39  49  56  57  36  70  72  73  74  71  75  76  77  78  79  81  82  83  84  85  80  52  86  87  88  89  90  91  92  93  94  95  96  97  98  99  100  101  102  103  


  ==> Energy                -307.402886445
  ==> dE                       -6.65e-08
  ==> Gradient Norm             2.17e-01
  ==> Abs. Max. Deriv.          2.20e-02
  ==> Time-Grad. (s)             129.076
  ==> Time-Energy (s)             10.980
  ==> Time-Iter. (s)             141.502

--------------------------------------------------------------------------------
CEO-ADAPT-VQE iteration: 363
--------------------------------------------------------------------------------
    gate        derivative      name       op1       op2       op3        g_unscaled   penalty
    1308        0.00033447      a_ia      1308                            0.00066894         2
     801       -0.00030740      a_ia       801                           -0.00184443         6
    1285        0.00030704      a_ia      1285                            0.00061407         2
    1117       -0.00029074      a_ia      1117                           -0.00232588         8
   45765        0.00029072        om      5737      5738                  0.01598936        55
   45764        0.00029057        op      5737      5738                  0.01598136        55
    1546       -0.00028703      a_ia      1546                           -0.00114812         4
    1040       -0.00027804      a_ia      1040                           -0.00055608         2
    1149       -0.00025395      a_ia      1149                           -0.00152369         6
    1115        0.00023579      a_ia      1115                            0.00047159         2

  ==> Add operator: a_ia 1308
  ==> Current qubit order: 4  5  8  9  10  2  3  16  17  27  22  12  13  26  65  29  62  14  24  11  63  25  28  30  31  35  18  66  23  19  67  37  20  21  69  15  68  34  40  42  43  44  1  0  45  48  61  60  47  7  6  38  54  51  53  64  50  58  59  46  32  33  41  55  39  49  56  57  36  70  72  73  74  71  75  76  77  78  79  81  82  83  84  85  80  52  86  87  88  89  90  91  92  93  94  95  96  97  98  99  100  101  102  103  


  ==> Energy                -307.402968489
  ==> dE                       -8.20e-05
  ==> Gradient Norm             2.11e-01
  ==> Abs. Max. Deriv.          2.20e-02
  ==> Time-Grad. (s)             127.633
  ==> Time-Energy (s)             10.169
  ==> Time-Iter. (s)             139.250

--------------------------------------------------------------------------------
CEO-ADAPT-VQE iteration: 364
--------------------------------------------------------------------------------
    gate        derivative      name       op1       op2       op3        g_unscaled   penalty
   88717        0.00037033        op     37295     37296                  0.02110862        57
   88718        0.00035652        om     37295     37296                  0.02032138        57
    1548       -0.00035307      a_ia      1548                           -0.00141229         4
    1287        0.00031613      a_ia      1287                            0.00063226         2
     803       -0.00030706      a_ia       803                           -0.00184233         6
    1119       -0.00029381      a_ia      1119                           -0.00235051         8
   45774        0.00029071        om      5739      5740                  0.01598914        55
   45773        0.00029057        op      5739      5740                  0.01598113        55
   82720       -0.00029010        om     32782     32783                 -0.01189404        41
   37295        0.00028377    a_iajb     37295                            0.02071500        73

  ==> Add operator: mvp2 -1: 37295 37296
  ==> Current qubit order: 4  5  8  9  10  2  3  16  17  27  22  12  13  26  65  29  62  14  24  11  63  25  28  30  31  35  18  66  23  19  67  37  20  21  69  15  68  34  40  42  43  44  1  0  45  48  61  60  7  6  38  51  64  47  54  53  32  50  58  59  46  33  41  55  39  49  56  57  36  70  72  73  74  71  75  76  77  78  79  81  82  83  84  85  80  52  86  87  88  89  90  91  92  93  94  95  96  97  98  99  100  101  102  103  


  ==> Energy                -307.403088706
  ==> dE                       -1.20e-04
  ==> Gradient Norm             2.16e-01
  ==> Abs. Max. Deriv.          2.20e-02
  ==> Time-Grad. (s)             127.639
  ==> Time-Energy (s)             17.296
  ==> Time-Iter. (s)             146.373

--------------------------------------------------------------------------------
CEO-ADAPT-VQE iteration: 365
--------------------------------------------------------------------------------
    gate        derivative      name       op1       op2       op3        g_unscaled   penalty
    1122        0.00090150      a_ia      1122                            0.00360598         4
    1120       -0.00066719      a_ia      1120                           -0.00133438         2
    1152       -0.00039634      a_ia      1152                           -0.00158537         4
    1549       -0.00035261      a_ia      1549                           -0.00141043         4
   82826        0.00030896        om     32974     32975                  0.02317166        75
   82825        0.00030895        op     32974     32975                  0.02317162        75
     803       -0.00030741      a_ia       803                           -0.00184445         6
   45668        0.00029071        om      5746      5747                  0.01598897        55
   45667        0.00029056        op      5746      5747                  0.01598097        55
    1043       -0.00028522      a_ia      1043                           -0.00057043         2

  ==> Add operator: a_ia 1122
  ==> Current qubit order: 4  5  8  9  10  2  3  16  17  27  22  12  13  26  65  29  62  14  24  11  63  25  28  30  31  35  18  66  23  19  67  37  20  21  69  15  68  34  40  42  43  44  1  0  45  48  61  60  7  6  38  51  64  47  53  54  32  50  58  59  46  33  41  55  39  49  56  57  36  70  72  73  74  71  75  76  77  78  79  81  82  83  84  85  80  52  86  87  88  89  90  91  92  93  94  95  96  97  98  99  100  101  102  103  


  ==> Energy                -307.403093860
  ==> dE                       -5.15e-06
  ==> Gradient Norm             2.25e-01
  ==> Abs. Max. Deriv.          2.32e-02
  ==> Time-Grad. (s)             125.557
  ==> Time-Energy (s)             11.547
  ==> Time-Iter. (s)             138.538

--------------------------------------------------------------------------------
CEO-ADAPT-VQE iteration: 366
--------------------------------------------------------------------------------
    gate        derivative      name       op1       op2       op3        g_unscaled   penalty
     924       -0.00319270      a_ia       924                           -0.00638541         2
    1185        0.00170058      a_ia      1185                            0.00340116         2
    1044       -0.00121135      a_ia      1044                           -0.00242269         2
    1551        0.00104871      a_ia      1551                            0.00419485         4
    1316        0.00101513      a_ia      1316                            0.00203026         2
     597       -0.00099691      a_ia       597                           -0.00199382         2
    1154        0.00088571      a_ia      1154                            0.00354282         4
     458       -0.00082439      a_ia       458                           -0.00164878         2
     870       -0.00062380      a_ia       870                           -0.00249520         4
     263       -0.00055489      a_ia       263                           -0.00332936         6

  ==> Add operator: a_ia 924
  ==> Current qubit order: 4  5  8  9  10  2  3  16  17  27  22  12  13  26  65  29  62  14  24  11  63  25  28  30  31  35  18  66  23  19  67  37  20  21  69  15  68  34  40  42  43  44  1  0  45  48  61  60  7  6  38  51  64  47  53  54  32  50  58  59  46  33  41  55  39  49  56  57  36  70  72  73  74  71  75  76  77  78  79  81  82  83  84  85  80  52  86  87  88  89  90  91  92  93  94  95  96  97  98  99  100  101  102  103  


  ==> Energy                -307.405145608
  ==> dE                       -1.10e-05
  ==> Gradient Norm             2.21e-01
  ==> Abs. Max. Deriv.          2.20e-02
  ==> Time-Grad. (s)             175.500
  ==> Time-Energy (s)             27.034
  ==> Time-Iter. (s)             204.194

--------------------------------------------------------------------------------
CEO-ADAPT-VQE iteration: 367
--------------------------------------------------------------------------------
    gate        derivative      name       op1       op2       op3        g_unscaled   penalty
    1186        0.00170264      a_ia      1186                            0.00340528         2
    1045       -0.00122619      a_ia      1045                           -0.00245238         2
    1553        0.00104174      a_ia      1553                            0.00416698         4
    1317        0.00101525      a_ia      1317                            0.00203050         2
     598       -0.00097683      a_ia       598                           -0.00195366         2
    1155        0.00087904      a_ia      1155                            0.00351614         4
     459       -0.00086476      a_ia       459                           -0.00172951         2
     262        0.00078443      a_ia       262                            0.00313771         4
     871       -0.00062233      a_ia       871                           -0.00248934         4
     264       -0.00054277      a_ia       264                           -0.00325660         6

  ==> Add operator: a_ia 1186
  ==> Current qubit order: 4  5  8  9  10  2  3  16  17  27  22  12  13  26  65  29  62  14  24  11  63  25  28  30  31  35  18  66  23  19  67  37  20  21  69  15  68  34  40  42  43  44  1  0  45  48  61  60  7  6  38  51  64  47  53  54  32  50  58  59  46  33  41  55  39  49  56  57  36  70  72  73  74  71  75  76  77  78  79  81  82  83  84  85  80  52  86  87  88  89  90  91  92  93  94  95  96  97  98  99  100  101  102  103  


  ==> Energy                -307.405148436
  ==> dE                       -2.83e-06
  ==> Gradient Norm             2.18e-01
  ==> Abs. Max. Deriv.          2.65e-02
  ==> Time-Grad. (s)             175.494
  ==> Time-Energy (s)             28.601
  ==> Time-Iter. (s)             205.537

--------------------------------------------------------------------------------
CEO-ADAPT-VQE iteration: 368
--------------------------------------------------------------------------------
    gate        derivative      name       op1       op2       op3        g_unscaled   penalty
    1047       -0.00122949      a_ia      1047                           -0.00245897         2
    1556        0.00104438      a_ia      1556                            0.00417753         4
    1320        0.00100026      a_ia      1320                            0.00200051         2
     599       -0.00095414      a_ia       599                           -0.00190828         2
    1157        0.00087387      a_ia      1157                            0.00349548         4
     460       -0.00085280      a_ia       460                           -0.00170560         2
     262        0.00078025      a_ia       262                            0.00312101         4
     873       -0.00062196      a_ia       873                           -0.00248782         4
     264       -0.00054438      a_ia       264                           -0.00326629         6
    1127        0.00046251      a_ia      1127                            0.00092501         2

  ==> Add operator: a_ia 1047
  ==> Current qubit order: 4  5  8  9  10  2  3  16  17  27  22  12  13  26  65  29  62  14  24  11  63  25  28  30  31  35  18  66  23  19  67  37  20  21  69  15  68  34  40  42  43  44  1  0  45  48  61  60  7  6  38  51  64  47  53  54  32  50  58  59  46  33  41  55  39  49  56  57  36  70  72  73  74  71  75  76  77  78  79  81  82  83  84  85  80  52  86  87  88  89  90  91  92  93  94  95  96  97  98  99  100  101  102  103  


  ==> Energy                -307.405149883
  ==> dE                       -1.45e-06
  ==> Gradient Norm             2.22e-01
  ==> Abs. Max. Deriv.          2.22e-02
  ==> Time-Grad. (s)             177.297
  ==> Time-Energy (s)             20.047
  ==> Time-Iter. (s)             198.789

--------------------------------------------------------------------------------
CEO-ADAPT-VQE iteration: 369
--------------------------------------------------------------------------------
    gate        derivative      name       op1       op2       op3        g_unscaled   penalty
    1559        0.00104182      a_ia      1559                            0.00416728         4
    1322        0.00100331      a_ia      1322                            0.00200662         2
     599       -0.00094392      a_ia       599                           -0.00188784         2
    1159        0.00087333      a_ia      1159                            0.00349331         4
     460       -0.00085392      a_ia       460                           -0.00170784         2
     262        0.00077508      a_ia       262                            0.00310030         4
     874       -0.00061932      a_ia       874                           -0.00247727         4
     264       -0.00054071      a_ia       264                           -0.00324424         6
    1128        0.00046746      a_ia      1128                            0.00093493         2
    1561       -0.00041654      a_ia      1561                           -0.00499846        12

  ==> Add operator: a_ia 1559
  ==> Current qubit order: 4  5  8  9  10  2  3  16  17  27  22  12  13  26  65  29  62  14  24  11  63  25  28  30  31  35  18  66  23  19  67  37  20  21  69  15  68  34  40  42  43  44  1  0  45  48  61  60  7  6  38  51  64  47  53  54  32  50  58  59  46  33  41  39  55  49  56  57  36  70  72  73  74  71  75  76  77  78  79  81  82  83  84  85  80  52  86  87  88  89  90  91  92  93  94  95  96  97  98  99  100  101  102  103  


  ==> Energy                -307.405159501
  ==> dE                       -9.62e-06
  ==> Gradient Norm             2.31e-01
  ==> Abs. Max. Deriv.          2.37e-02
  ==> Time-Grad. (s)             177.093
  ==> Time-Energy (s)             33.294
  ==> Time-Iter. (s)             211.756

--------------------------------------------------------------------------------
CEO-ADAPT-VQE iteration: 370
--------------------------------------------------------------------------------
    gate        derivative      name       op1       op2       op3        g_unscaled   penalty
    1322        0.00097617      a_ia      1322                            0.00195233         2
     599       -0.00095780      a_ia       599                           -0.00191560         2
    1159        0.00088127      a_ia      1159                            0.00352510         4
     460       -0.00084741      a_ia       460                           -0.00169482         2
     262        0.00076428      a_ia       262                            0.00305713         4
     874       -0.00062587      a_ia       874                           -0.00250350         4
     264       -0.00053254      a_ia       264                           -0.00319527         6
    1128        0.00047713      a_ia      1128                            0.00095426         2
    1561       -0.00042532      a_ia      1561                           -0.00510386        12
    1635        0.00038255      a_ia      1635                            0.00076510         2

  ==> Add operator: a_ia 1322
  ==> Current qubit order: 4  5  8  9  10  2  3  16  17  27  22  12  13  26  65  29  62  14  24  11  63  25  28  30  31  35  18  66  23  19  67  37  20  21  69  15  68  34  40  42  43  44  1  0  45  48  61  60  7  6  38  51  64  47  53  54  32  50  58  59  46  33  41  39  55  49  56  57  36  70  72  73  74  71  75  76  77  78  79  81  82  83  84  85  80  52  86  87  88  89  90  91  92  93  94  95  96  97  98  99  100  101  102  103  


  ==> Energy                -307.405161167
  ==> dE                       -1.67e-06
  ==> Gradient Norm             2.31e-01
  ==> Abs. Max. Deriv.          2.26e-02
  ==> Time-Grad. (s)             171.697
  ==> Time-Energy (s)             33.306
  ==> Time-Iter. (s)             206.378

--------------------------------------------------------------------------------
CEO-ADAPT-VQE iteration: 371
--------------------------------------------------------------------------------
    gate        derivative      name       op1       op2       op3        g_unscaled   penalty
     599       -0.00095553      a_ia       599                           -0.00191106         2
    1160        0.00087868      a_ia      1160                            0.00351471         4
     460       -0.00084233      a_ia       460                           -0.00168466         2
     262        0.00076061      a_ia       262                            0.00304246         4
     874       -0.00062376      a_ia       874                           -0.00249505         4
     264       -0.00052981      a_ia       264                           -0.00317888         6
    1129        0.00048580      a_ia      1129                            0.00097160         2
    1563       -0.00042438      a_ia      1563                           -0.00509253        12
    1637        0.00038253      a_ia      1637                            0.00076505         2
    1378       -0.00034987      a_ia      1378                           -0.00209919         6

  ==> Add operator: a_ia 599
  ==> Current qubit order: 4  5  8  9  10  2  3  16  17  27  22  12  13  26  65  29  62  14  24  11  63  25  28  30  31  35  18  66  23  19  67  37  20  21  69  15  68  34  40  42  43  44  1  0  45  48  61  60  7  6  38  51  64  47  53  54  32  50  58  59  46  33  41  39  55  49  56  57  36  70  72  73  74  71  75  76  77  78  79  81  82  83  84  85  80  52  86  87  88  89  90  91  92  93  94  95  96  97  98  99  100  101  102  103  


  ==> Energy                -307.405161885
  ==> dE                       -7.18e-07
  ==> Gradient Norm             2.16e-01
  ==> Abs. Max. Deriv.          2.38e-02
  ==> Time-Grad. (s)             173.896
  ==> Time-Energy (s)             28.738
  ==> Time-Iter. (s)             204.089

--------------------------------------------------------------------------------
CEO-ADAPT-VQE iteration: 372
--------------------------------------------------------------------------------
    gate        derivative      name       op1       op2       op3        g_unscaled   penalty
    1162        0.00087314      a_ia      1162                            0.00349257         4
     461       -0.00084034      a_ia       461                           -0.00168068         2
     262        0.00075526      a_ia       262                            0.00302104         4
     876       -0.00062635      a_ia       876                           -0.00250541         4
     264       -0.00052641      a_ia       264                           -0.00315843         6
    1131        0.00048529      a_ia      1131                            0.00097057         2
   80953        0.00048444        om     31863     31864                  0.02276865        47
   80952        0.00048444        op     31863     31864                  0.02276865        47
    1565       -0.00042369      a_ia      1565                           -0.00508433        12
    1639        0.00038258      a_ia      1639                            0.00076516         2

  ==> Add operator: a_ia 1162
  ==> Current qubit order: 4  5  8  9  10  2  3  16  17  27  22  12  13  26  65  29  62  14  24  11  63  25  28  30  31  35  18  66  23  19  67  37  20  21  69  15  68  34  40  42  43  44  1  0  45  48  61  60  7  6  38  51  64  47  53  54  32  50  58  46  59  33  41  39  55  49  56  57  36  70  72  73  74  71  75  76  77  78  79  81  82  83  84  85  80  52  86  87  88  89  90  91  92  93  94  95  96  97  98  99  100  101  102  103  


  ==> Energy                -307.405166152
  ==> dE                       -4.27e-06
  ==> Gradient Norm             2.19e-01
  ==> Abs. Max. Deriv.          2.28e-02
  ==> Time-Grad. (s)             173.423
  ==> Time-Energy (s)             28.561
  ==> Time-Iter. (s)             203.440

--------------------------------------------------------------------------------
CEO-ADAPT-VQE iteration: 373
--------------------------------------------------------------------------------
    gate        derivative      name       op1       op2       op3        g_unscaled   penalty
     461       -0.00082514      a_ia       461                           -0.00165027         2
     262        0.00073993      a_ia       262                            0.00295973         4
     877       -0.00063570      a_ia       877                           -0.00254280         4
    1498       -0.00052759      a_ia      1498                           -0.00105517         2
    1381       -0.00052541      a_ia      1381                           -0.00210165         4
     264       -0.00051387      a_ia       264                           -0.00308320         6
    1566       -0.00051265      a_ia      1566                           -0.00512653        10
    1132        0.00045600      a_ia      1132                            0.00091201         2
    1640        0.00038324      a_ia      1640                            0.00076647         2
     810       -0.00033690      a_ia       810                           -0.00202138         6

  ==> Add operator: a_ia 461
  ==> Current qubit order: 4  5  8  9  10  2  3  16  17  27  22  12  13  26  65  29  62  14  24  11  63  25  28  30  31  35  18  66  23  19  67  37  20  21  69  15  68  34  40  42  43  44  1  0  45  48  61  60  7  6  38  51  64  47  53  54  32  50  58  46  59  33  41  39  55  49  56  57  36  70  72  73  74  71  75  76  77  78  79  81  82  83  84  85  80  52  86  87  88  89  90  91  92  93  94  95  96  97  98  99  100  101  102  103  


  ==> Energy                -307.405166693
  ==> dE                       -5.42e-07
  ==> Gradient Norm             2.15e-01
  ==> Abs. Max. Deriv.          2.20e-02
  ==> Time-Grad. (s)             174.183
  ==> Time-Energy (s)             30.227
  ==> Time-Iter. (s)             205.844

--------------------------------------------------------------------------------
CEO-ADAPT-VQE iteration: 374
--------------------------------------------------------------------------------
    gate        derivative      name       op1       op2       op3        g_unscaled   penalty
     262        0.00073851      a_ia       262                            0.00295406         4
     877       -0.00063825      a_ia       877                           -0.00255299         4
    1499       -0.00053865      a_ia      1499                           -0.00107729         2
    1382       -0.00052606      a_ia      1382                           -0.00210423         4
    1567       -0.00051222      a_ia      1567                           -0.00512218        10
     264       -0.00050960      a_ia       264                           -0.00305758         6
    1132        0.00045812      a_ia      1132                            0.00091623         2
    1641        0.00038327      a_ia      1641                            0.00076654         2
     810       -0.00033624      a_ia       810                           -0.00201744         6
   45686        0.00028923        om      5804      5805                  0.01590778        55

  ==> Add operator: a_ia 262
  ==> Current qubit order: 4  5  8  9  10  2  3  16  17  27  22  12  13  26  65  29  62  14  24  11  63  25  28  30  31  35  18  66  23  19  67  37  20  21  69  15  68  34  40  42  43  44  1  0  45  48  61  7  60  6  38  51  64  47  53  54  32  50  58  46  59  33  41  39  55  49  56  57  36  70  72  73  74  71  75  76  77  78  79  81  82  83  84  85  80  52  86  87  88  89  90  91  92  93  94  95  96  97  98  99  100  101  102  103  


  ==> Energy                -307.405168073
  ==> dE                       -1.38e-06
  ==> Gradient Norm             2.23e-01
  ==> Abs. Max. Deriv.          2.20e-02
  ==> Time-Grad. (s)             171.831
  ==> Time-Energy (s)             33.230
  ==> Time-Iter. (s)             206.496

--------------------------------------------------------------------------------
CEO-ADAPT-VQE iteration: 375
--------------------------------------------------------------------------------
    gate        derivative      name       op1       op2       op3        g_unscaled   penalty
     877       -0.00063679      a_ia       877                           -0.00254717         4
    1499       -0.00054215      a_ia      1499                           -0.00108431         2
    1382       -0.00052776      a_ia      1382                           -0.00211103         4
     264       -0.00051680      a_ia       264                           -0.00310081         6
    1567       -0.00051101      a_ia      1567                           -0.00511014        10
    1132        0.00045950      a_ia      1132                            0.00091900         2
    1641        0.00038339      a_ia      1641                            0.00076677         2
     810       -0.00033585      a_ia       810                           -0.00201509         6
   45627        0.00028923        om      5813      5814                  0.01590790        55
   45626        0.00028867        op      5813      5814                  0.01587669        55

  ==> Add operator: a_ia 877
  ==> Current qubit order: 4  5  8  9  10  2  3  16  17  27  22  12  13  26  65  29  62  14  24  11  63  25  28  30  31  35  18  66  19  23  67  37  20  21  69  15  68  34  40  42  43  44  1  0  45  48  61  7  60  6  38  51  64  47  53  54  32  50  58  46  59  33  41  39  55  49  56  57  36  70  72  73  74  71  75  76  77  78  79  81  82  83  84  85  80  52  86  87  88  89  90  91  92  93  94  95  96  97  98  99  100  101  102  103  


  ==> Energy                -307.405221124
  ==> dE                       -5.31e-05
  ==> Gradient Norm             2.23e-01
  ==> Abs. Max. Deriv.          3.74e-02
  ==> Time-Grad. (s)             172.131
  ==> Time-Energy (s)           1587.691
  ==> Time-Iter. (s)            1761.242

--------------------------------------------------------------------------------
CEO-ADAPT-VQE iteration: 376
--------------------------------------------------------------------------------
    gate        derivative      name       op1       op2       op3        g_unscaled   penalty
     465       -0.00155645      a_ia       465                           -0.00311290         2
    1200        0.00103799      a_ia      1200                            0.00207597         2
     262        0.00049531      a_ia       262                            0.00099063         2
   81225        0.00046437        op     31844     31845                  0.02275427        49
   81226        0.00046437        om     31844     31845                  0.02275420        49
    1572        0.00043230      a_ia      1572                            0.00086459         2
    1648        0.00042983      a_ia      1648                            0.00085967         2
    1387       -0.00039914      a_ia      1387                           -0.00159655         4
   31844        0.00035007    a_iajb     31844                            0.02275424        65
     814       -0.00033904      a_ia       814                           -0.00203426         6

  ==> Add operator: a_ia 465
  ==> Current qubit order: 4  5  8  9  10  2  3  16  17  27  22  12  13  26  65  29  62  14  24  11  63  25  28  30  31  35  18  66  19  23  67  37  20  21  69  15  68  34  40  42  43  44  1  0  45  48  61  7  60  6  38  51  64  47  53  54  32  50  58  46  59  33  41  39  55  49  56  57  36  70  72  73  74  71  75  76  77  78  79  81  82  83  84  85  80  52  86  87  88  89  90  91  92  93  94  95  96  97  98  99  100  101  102  103  


  ==> Energy                -307.405223093
  ==> dE                       -1.97e-06
  ==> Gradient Norm             2.23e-01
  ==> Abs. Max. Deriv.          3.21e-02
  ==> Time-Grad. (s)             171.974
  ==> Time-Energy (s)             29.456
  ==> Time-Iter. (s)             202.936

--------------------------------------------------------------------------------
CEO-ADAPT-VQE iteration: 377
--------------------------------------------------------------------------------
    gate        derivative      name       op1       op2       op3        g_unscaled   penalty
    1200        0.00102914      a_ia      1200                            0.00205829         2
     262        0.00049027      a_ia       262                            0.00098053         2
    1572        0.00043043      a_ia      1572                            0.00086087         2
    1648        0.00042990      a_ia      1648                            0.00085980         2
    1387       -0.00040031      a_ia      1387                           -0.00160123         4
     814       -0.00033783      a_ia       814                           -0.00202697         6
    1527        0.00033545      a_ia      1527                            0.00067090         2
    1506       -0.00029729      a_ia      1506                           -0.00059458         2
   45654        0.00029076        om      5824      5825                  0.01599174        55
   45653        0.00029019        op      5824      5825                  0.01596049        55

  ==> Add operator: a_ia 1200
  ==> Current qubit order: 4  5  8  9  10  2  3  16  17  27  22  12  13  26  65  29  62  14  24  11  63  25  28  30  31  35  18  66  19  23  67  37  20  21  69  15  68  34  40  42  43  44  1  0  45  48  61  7  60  6  38  51  64  47  53  54  32  50  58  46  59  33  41  39  55  49  56  57  36  70  72  73  74  71  75  76  77  78  79  81  82  83  84  85  80  52  86  87  88  89  90  91  92  93  94  95  96  97  98  99  100  101  102  103  


  ==> Energy                -307.405224142
  ==> dE                       -1.05e-06
  ==> Gradient Norm             2.22e-01
  ==> Abs. Max. Deriv.          2.54e-02
  ==> Time-Grad. (s)             239.278
  ==> Time-Energy (s)             24.793
  ==> Time-Iter. (s)             265.526

--------------------------------------------------------------------------------
CEO-ADAPT-VQE iteration: 378
--------------------------------------------------------------------------------
    gate        derivative      name       op1       op2       op3        g_unscaled   penalty
     263        0.00048506      a_ia       263                            0.00097013         2
    1573        0.00043370      a_ia      1573                            0.00086740         2
    1649        0.00042987      a_ia      1649                            0.00085973         2
    1388       -0.00040211      a_ia      1388                           -0.00160844         4
   92519        0.00035233        om     40523     40524                  0.01585506        45
     815       -0.00033562      a_ia       815                           -0.00201372         6
    1528        0.00032675      a_ia      1528                            0.00065350         2
   92518        0.00031139        op     40523     40524                  0.01401261        45
    1507       -0.00030271      a_ia      1507                           -0.00060543         2
   45685        0.00029069        om      5827      5828                  0.01598802        55

  ==> Add operator: a_ia 263
  ==> Current qubit order: 4  5  8  9  10  2  3  16  17  27  22  12  13  26  65  29  62  14  24  11  63  25  28  30  31  35  18  66  19  23  67  37  20  21  69  15  68  34  40  42  43  44  1  0  45  48  61  7  60  6  38  51  64  47  53  54  32  50  58  46  59  33  41  39  55  49  56  57  36  70  72  73  74  71  75  76  77  78  79  81  82  83  84  85  80  52  86  87  88  89  90  91  92  93  94  95  96  97  98  99  100  101  102  103  


  ==> Energy                -307.405224247
  ==> dE                       -1.05e-07
  ==> Gradient Norm             2.30e-01
  ==> Abs. Max. Deriv.          2.69e-02
  ==> Time-Grad. (s)             171.982
  ==> Time-Energy (s)             29.474
  ==> Time-Iter. (s)             202.878

--------------------------------------------------------------------------------
CEO-ADAPT-VQE iteration: 379
--------------------------------------------------------------------------------
    gate        derivative      name       op1       op2       op3        g_unscaled   penalty
    1575        0.00043236      a_ia      1575                            0.00086472         2
    1651        0.00042990      a_ia      1651                            0.00085980         2
    1390       -0.00040259      a_ia      1390                           -0.00161035         4
     815       -0.00033551      a_ia       815                           -0.00201306         6
    1530        0.00033108      a_ia      1530                            0.00066215         2
    1509       -0.00030371      a_ia      1509                           -0.00060742         2
   45658        0.00029069        om      5833      5834                  0.01598805        55
   45657        0.00029012        op      5833      5834                  0.01595680        55
    1260       -0.00027719      a_ia      1260                           -0.00055438         2
    1577       -0.00027549      a_ia      1577                           -0.00275492        10

  ==> Add operator: a_ia 1575
  ==> Current qubit order: 4  5  8  9  10  2  3  16  17  27  22  12  13  26  65  29  62  14  24  11  63  25  28  30  31  35  18  66  19  23  67  37  20  21  69  15  68  34  40  42  43  44  1  0  45  48  61  7  60  6  38  51  64  47  53  54  32  50  58  46  59  33  41  39  55  49  56  57  36  70  72  73  74  71  75  76  77  78  79  81  82  83  84  85  80  52  86  87  88  89  90  91  92  93  94  95  96  97  98  99  100  101  102  103  


  ==> Energy                -307.405224643
  ==> dE                       -3.95e-07
  ==> Gradient Norm             2.21e-01
  ==> Abs. Max. Deriv.          2.20e-02
  ==> Time-Grad. (s)             176.130
  ==> Time-Energy (s)             32.572
  ==> Time-Iter. (s)             210.155

--------------------------------------------------------------------------------
CEO-ADAPT-VQE iteration: 380
--------------------------------------------------------------------------------
    gate        derivative      name       op1       op2       op3        g_unscaled   penalty
   71427       -0.00055597        om     24570     24571                 -0.01834711        33
   71426       -0.00054599        op     24570     24571                 -0.01801781        33
    1655        0.00042979      a_ia      1655                            0.00085959         2
    1394       -0.00040568      a_ia      1394                           -0.00162272         4
   24570       -0.00037107    a_iajb     24570                           -0.01818246        49
     819       -0.00033613      a_ia       819                           -0.00201680         6
    1534        0.00033572      a_ia      1534                            0.00067144         2
    1513       -0.00030646      a_ia      1513                           -0.00061292         2
   45631        0.00029069        om      5842      5843                  0.01598798        55
   45630        0.00029012        op      5842      5843                  0.01595671        55

  ==> Add operator: mvp2 -1: 24570 24571
  ==> Current qubit order: 4  5  8  9  10  2  3  16  17  27  22  12  13  26  65  29  62  14  24  11  63  25  28  30  31  35  18  66  19  23  67  37  20  21  69  15  68  34  40  42  43  44  1  0  45  48  61  7  6  64  60  38  51  47  53  54  32  50  58  46  59  33  41  39  55  49  56  57  36  70  72  73  74  71  75  76  77  78  79  81  82  83  84  85  80  52  86  87  88  89  90  91  92  93  94  95  96  97  98  99  100  101  102  103  


  ==> Energy                -307.405279676
  ==> dE                       -5.50e-05
  ==> Gradient Norm             2.18e-01
  ==> Abs. Max. Deriv.          2.20e-02
  ==> Time-Grad. (s)             236.757
  ==> Time-Energy (s)             56.606
  ==> Time-Iter. (s)             294.826

--------------------------------------------------------------------------------
CEO-ADAPT-VQE iteration: 381
--------------------------------------------------------------------------------
    gate        derivative      name       op1       op2       op3        g_unscaled   penalty
    1658        0.00043002      a_ia      1658                            0.00086004         2
    1396       -0.00040555      a_ia      1396                           -0.00162221         4
    1798       -0.00039338      a_ia      1798                           -0.00078676         2
     267        0.00034709      a_ia       267                            0.00069417         2
    1537        0.00033769      a_ia      1537                            0.00067538         2
     821       -0.00033537      a_ia       821                           -0.00201222         6
    1515       -0.00031353      a_ia      1515                           -0.00062707         2
   45651        0.00029069        om      5853      5854                  0.01598816        55
   45650        0.00029012        op      5853      5854                  0.01595687        55
    1584       -0.00027794      a_ia      1584                           -0.00277945        10

  ==> Add operator: a_ia 1658
  ==> Current qubit order: 4  5  8  9  10  2  3  16  17  27  22  12  13  26  65  29  62  14  24  11  63  25  28  30  31  35  18  66  19  23  67  37  20  21  69  15  68  34  40  42  43  44  1  0  45  48  61  7  6  64  60  38  51  47  53  54  32  50  58  46  59  33  41  39  55  49  56  57  36  70  72  73  74  71  75  76  77  78  79  81  82  83  84  85  80  52  86  87  88  89  90  91  92  93  94  95  96  97  98  99  100  101  102  103  


  ==> Energy                -307.405284065
  ==> dE                       -4.39e-06
  ==> Gradient Norm             2.20e-01
  ==> Abs. Max. Deriv.          2.20e-02
  ==> Time-Grad. (s)             177.503
  ==> Time-Energy (s)             27.140
  ==> Time-Iter. (s)             206.084

--------------------------------------------------------------------------------
CEO-ADAPT-VQE iteration: 382
--------------------------------------------------------------------------------
    gate        derivative      name       op1       op2       op3        g_unscaled   penalty
    1396       -0.00040541      a_ia      1396                           -0.00162162         4
    1799       -0.00039339      a_ia      1799                           -0.00078678         2
     267        0.00034535      a_ia       267                            0.00069070         2
    1537        0.00033595      a_ia      1537                            0.00067189         2
     821       -0.00033516      a_ia       821                           -0.00201098         6
    1515       -0.00031238      a_ia      1515                           -0.00062476         2
   45693        0.00029069        om      5858      5859                  0.01598816        55
   45692        0.00029013        op      5858      5859                  0.01595688        55
    1584       -0.00027827      a_ia      1584                           -0.00278269        10
    1266       -0.00027627      a_ia      1266                           -0.00055255         2

  ==> Add operator: a_ia 1396
  ==> Current qubit order: 4  5  8  9  10  2  3  16  17  27  22  12  13  26  65  29  62  14  24  11  63  25  28  30  31  35  18  66  19  23  67  37  20  21  69  15  68  34  40  42  43  44  1  0  45  48  61  7  6  64  60  38  51  47  53  54  32  50  58  46  33  59  41  39  55  49  56  57  36  70  72  73  74  71  75  76  77  78  79  81  82  83  84  85  80  52  86  87  88  89  90  91  92  93  94  95  96  97  98  99  100  101  102  103  


  ==> Energy                -307.405284960
  ==> dE                       -8.94e-07
  ==> Gradient Norm             2.22e-01
  ==> Abs. Max. Deriv.          2.20e-02
  ==> Time-Grad. (s)             173.822
  ==> Time-Energy (s)             27.946
  ==> Time-Iter. (s)             203.226

--------------------------------------------------------------------------------
CEO-ADAPT-VQE iteration: 383
--------------------------------------------------------------------------------
    gate        derivative      name       op1       op2       op3        g_unscaled   penalty
    1799       -0.00039340      a_ia      1799                           -0.00078680         2
    1584       -0.00034514      a_ia      1584                           -0.00276109         8
    1537        0.00034207      a_ia      1537                            0.00068413         2
     267        0.00034082      a_ia       267                            0.00068165         2
     821       -0.00033563      a_ia       821                           -0.00201380         6
    1515       -0.00030517      a_ia      1515                           -0.00061034         2
   45684        0.00029069        om      5862      5863                  0.01598818        55
   45683        0.00029012        op      5862      5863                  0.01595687        55
    1266       -0.00027729      a_ia      1266                           -0.00055457         2
   45484        0.00025530        om      5662      5663                  0.00944599        37

  ==> Add operator: a_ia 1799
  ==> Current qubit order: 4  5  8  9  10  2  3  16  17  27  22  12  13  26  65  29  62  14  24  11  63  25  28  30  31  35  18  66  19  23  67  37  20  21  69  15  68  34  40  42  43  44  1  0  45  48  61  7  6  64  60  38  51  47  53  54  32  50  58  46  33  59  41  39  55  49  56  57  36  70  72  73  74  71  75  76  77  78  79  81  82  83  84  85  80  52  86  87  88  89  90  91  92  93  94  95  96  97  98  99  100  101  102  103  


  ==> Energy                -307.405387184
  ==> dE                       -1.02e-04
  ==> Gradient Norm             2.18e-01
  ==> Abs. Max. Deriv.          2.20e-02
  ==> Time-Grad. (s)             174.951
  ==> Time-Energy (s)             29.387
  ==> Time-Iter. (s)             205.831

--------------------------------------------------------------------------------
CEO-ADAPT-VQE iteration: 384
--------------------------------------------------------------------------------
    gate        derivative      name       op1       op2       op3        g_unscaled   penalty
    1586       -0.00034590      a_ia      1586                           -0.00276720         8
     822       -0.00033376      a_ia       822                           -0.00200256         6
    1539        0.00032734      a_ia      1539                            0.00065468         2
    1517       -0.00030589      a_ia      1517                           -0.00061178         2
   45660        0.00029062        om      5872      5873                  0.01598427        55
   45659        0.00029005        op      5872      5873                  0.01595302        55
     265       -0.00027893      a_ia       265                           -0.00111572         4
    1268       -0.00027785      a_ia      1268                           -0.00055570         2
   91679       -0.00025072        op     39961     39962                 -0.02181230        87
    1006       -0.00024319      a_ia      1006                           -0.00243190        10

  ==> Add operator: a_ia 1586
  ==> Current qubit order: 4  5  8  9  10  2  3  16  17  27  22  12  13  26  65  29  62  14  24  11  63  25  28  30  31  35  18  66  19  23  67  37  20  21  69  15  68  34  40  42  43  44  1  0  45  48  61  7  6  64  60  38  51  47  53  54  32  50  58  46  33  41  39  55  59  49  56  57  36  70  72  73  74  71  75  76  77  78  79  81  82  83  84  85  80  52  86  87  88  89  90  91  92  93  94  95  96  97  98  99  100  101  102  103  


  ==> Energy                -307.405390446
  ==> dE                       -3.26e-06
  ==> Gradient Norm             2.28e-01
  ==> Abs. Max. Deriv.          3.43e-02
  ==> Time-Grad. (s)             177.217
  ==> Time-Energy (s)             29.507
  ==> Time-Iter. (s)             208.178

--------------------------------------------------------------------------------
CEO-ADAPT-VQE iteration: 385
--------------------------------------------------------------------------------
    gate        derivative      name       op1       op2       op3        g_unscaled   penalty
    1518       -0.00033883      a_ia      1518                           -0.00067765         2
     822       -0.00033240      a_ia       822                           -0.00199440         6
    1540        0.00031458      a_ia      1540                            0.00062915         2
   45651        0.00029063        om      5877      5878                  0.01598445        55
   45650        0.00029006        op      5877      5878                  0.01595317        55
     265       -0.00028596      a_ia       265                           -0.00114384         4
    1269       -0.00027779      a_ia      1269                           -0.00055559         2
    1347       -0.00024710      a_ia      1347                           -0.00098841         4
    1006       -0.00024285      a_ia      1006                           -0.00242847        10
    1067       -0.00023226      a_ia      1067                           -0.00046452         2

  ==> Add operator: a_ia 1518
  ==> Current qubit order: 4  5  8  9  10  2  3  16  17  27  22  12  13  26  65  29  62  14  24  11  63  25  28  30  31  35  18  66  19  23  67  37  20  21  69  15  68  34  40  42  43  44  1  0  45  48  61  7  6  64  60  38  51  47  53  54  32  50  58  46  33  41  39  55  59  49  56  57  36  70  72  73  74  71  75  76  77  78  79  81  82  83  84  85  80  52  86  87  88  89  90  91  92  93  94  95  96  97  98  99  100  101  102  103  


  ==> Energy                -307.405390535
  ==> dE                       -8.93e-08
  ==> Gradient Norm             2.20e-01
  ==> Abs. Max. Deriv.          2.20e-02
  ==> Time-Grad. (s)             173.439
  ==> Time-Energy (s)             30.922
  ==> Time-Iter. (s)             205.790

--------------------------------------------------------------------------------
CEO-ADAPT-VQE iteration: 386
--------------------------------------------------------------------------------
    gate        derivative      name       op1       op2       op3        g_unscaled   penalty
     822       -0.00033302      a_ia       822                           -0.00199812         6
    1541        0.00030972      a_ia      1541                            0.00061944         2
   45632        0.00029063        om      5882      5883                  0.01598442        55
   45631        0.00029006        op      5882      5883                  0.01595314        55
     265       -0.00028530      a_ia       265                           -0.00114119         4
    1270       -0.00027792      a_ia      1270                           -0.00055583         2
    1348       -0.00024772      a_ia      1348                           -0.00099086         4
    1006       -0.00024348      a_ia      1006                           -0.00243479        10
    1067       -0.00023374      a_ia      1067                           -0.00046747         2
     543       -0.00022982      a_ia       543                           -0.00091929         4

  ==> Add operator: a_ia 822
  ==> Current qubit order: 4  5  8  9  10  2  3  16  17  27  22  12  13  26  65  29  62  14  24  11  63  25  28  30  31  35  18  66  19  23  37  20  67  21  69  15  68  34  40  42  43  44  1  0  45  48  61  7  6  64  60  38  51  47  53  54  32  50  58  46  33  41  39  55  59  49  56  57  36  70  72  73  74  71  75  76  77  78  79  81  82  83  84  85  80  52  86  87  88  89  90  91  92  93  94  95  96  97  98  99  100  101  102  103  


  ==> Energy                -307.405391475
  ==> dE                       -9.40e-07
  ==> Gradient Norm             2.14e-01
  ==> Abs. Max. Deriv.          2.20e-02
  ==> Time-Grad. (s)             174.049
  ==> Time-Energy (s)             31.819
  ==> Time-Iter. (s)             207.321

--------------------------------------------------------------------------------
CEO-ADAPT-VQE iteration: 387
--------------------------------------------------------------------------------
    gate        derivative      name       op1       op2       op3        g_unscaled   penalty
   45602        0.00031333        om      5893      5894                  0.01597967        51
   45601        0.00031272        op      5893      5894                  0.01594849        51
    1544        0.00030590      a_ia      1544                            0.00061181         2
     267       -0.00028585      a_ia       267                           -0.00114339         4
     789       -0.00027593      a_ia       789                           -0.00220746         8
    1273       -0.00027564      a_ia      1273                           -0.00055128         2
    1351       -0.00024694      a_ia      1351                           -0.00098777         4
    1009       -0.00024236      a_ia      1009                           -0.00242358        10
    5893        0.00023827    a_iajb      5893                            0.01596408        67
    1070       -0.00023512      a_ia      1070                           -0.00047024         2

  ==> Add operator: mvp2 -1: 5893 5894
  ==> Current qubit order: 4  5  8  9  10  2  3  16  17  27  22  12  13  26  65  29  62  14  24  11  63  25  28  30  31  35  18  66  19  23  37  20  21  69  15  34  67  68  1  0  40  42  43  44  45  48  61  7  6  64  60  38  51  47  53  54  32  50  58  46  33  41  39  55  59  49  56  57  36  70  72  73  74  71  75  76  77  78  79  81  82  83  84  85  80  52  86  87  88  89  90  91  92  93  94  95  96  97  98  99  100  101  102  103  


  ==> Energy                -307.405409158
  ==> dE                       -1.77e-05
  ==> Gradient Norm             2.18e-01
  ==> Abs. Max. Deriv.          2.20e-02
  ==> Time-Grad. (s)             173.373
  ==> Time-Energy (s)             61.818
  ==> Time-Iter. (s)             236.649

--------------------------------------------------------------------------------
CEO-ADAPT-VQE iteration: 388
--------------------------------------------------------------------------------
    gate        derivative      name       op1       op2       op3        g_unscaled   penalty
    1544        0.00030538      a_ia      1544                            0.00061076         2
     267       -0.00028587      a_ia       267                           -0.00114348         4
     789       -0.00027596      a_ia       789                           -0.00220767         8
    1273       -0.00027558      a_ia      1273                           -0.00055117         2
    1451       -0.00025987      a_ia      1451                           -0.00207899         8
     894       -0.00025775      a_ia       894                           -0.00206199         8
      62        0.00025187      a_ia        62                            0.00100747         4
    1351       -0.00024663      a_ia      1351                           -0.00098651         4
    1009       -0.00024236      a_ia      1009                           -0.00242358        10
   88473       -0.00023604        op     37645     37646                 -0.02525614       107

  ==> Add operator: a_ia 1544
  ==> Current qubit order: 4  5  8  9  10  2  3  16  17  27  22  12  13  26  65  29  62  14  24  11  63  25  28  30  31  35  18  66  19  23  37  20  21  69  15  34  67  68  1  0  40  42  43  44  45  48  61  7  6  64  60  38  51  47  53  54  32  50  58  46  33  41  39  55  59  49  56  57  36  70  72  73  74  71  75  76  77  78  79  81  82  83  84  85  80  52  86  87  88  89  90  91  92  93  94  95  96  97  98  99  100  101  102  103  


  ==> Energy                -307.405409453
  ==> dE                       -2.95e-07
  ==> Gradient Norm             2.18e-01
  ==> Abs. Max. Deriv.          2.53e-02
  ==> Time-Grad. (s)             174.796
  ==> Time-Energy (s)             15.537
  ==> Time-Iter. (s)             191.783

--------------------------------------------------------------------------------
CEO-ADAPT-VQE iteration: 389
--------------------------------------------------------------------------------
    gate        derivative      name       op1       op2       op3        g_unscaled   penalty
     269       -0.00027834      a_ia       269                           -0.00111337         4
     791       -0.00027474      a_ia       791                           -0.00219791         8
    1275       -0.00027087      a_ia      1275                           -0.00054173         2
     896       -0.00026108      a_ia       896                           -0.00208863         8
    1453       -0.00026047      a_ia      1453                           -0.00208377         8
      62        0.00025114      a_ia        62                            0.00100457         4
    1072       -0.00024885      a_ia      1072                           -0.00049770         2
    1011       -0.00024421      a_ia      1011                           -0.00244210        10
    1353       -0.00024227      a_ia      1353                           -0.00096906         4
    1403        0.00022703      a_ia      1403                            0.00090811         4

  ==> Add operator: a_ia 269
  ==> Current qubit order: 4  5  8  9  10  2  3  16  17  27  22  12  13  26  65  29  62  14  24  11  63  25  28  30  31  35  18  66  19  23  37  20  21  69  15  34  67  68  1  0  40  42  43  44  45  48  61  7  64  6  60  38  51  47  53  54  32  50  58  46  33  41  39  55  59  49  56  57  36  70  72  73  74  71  75  76  77  78  79  81  82  83  84  85  80  52  86  87  88  89  90  91  92  93  94  95  96  97  98  99  100  101  102  103  


  ==> Energy                -307.405409654
  ==> dE                       -2.01e-07
  ==> Gradient Norm             2.23e-01
  ==> Abs. Max. Deriv.          2.19e-02
  ==> Time-Grad. (s)             175.129
  ==> Time-Energy (s)             28.655
  ==> Time-Iter. (s)             205.235

--------------------------------------------------------------------------------
CEO-ADAPT-VQE iteration: 390
--------------------------------------------------------------------------------
    gate        derivative      name       op1       op2       op3        g_unscaled   penalty
   87661        0.00049218        op     37010     37011                  0.02116382        43
   87662        0.00044154        om     37010     37011                  0.01898638        43
   37010        0.00034026    a_iajb     37010                            0.02007510        59
   81907        0.00027667        op     32597     32598                  0.01245011        45
   81908        0.00027657        om     32597     32598                  0.01244586        45
     791       -0.00027508      a_ia       791                           -0.00220062         8
    1276       -0.00027155      a_ia      1276                           -0.00054310         2
     896       -0.00026120      a_ia       896                           -0.00208957         8
    1454       -0.00026047      a_ia      1454                           -0.00208374         8
    1072       -0.00025236      a_ia      1072                           -0.00050471         2

  ==> Add operator: mvp2 -1: 37010 37011
  ==> Current qubit order: 4  5  8  9  10  2  3  16  17  27  22  12  13  26  65  29  62  14  24  11  63  25  28  30  31  35  18  66  19  23  37  20  21  69  15  34  67  68  1  0  40  42  43  44  45  48  61  7  64  6  60  38  47  53  54  51  32  58  55  50  46  33  41  39  59  49  56  57  36  70  72  73  74  71  75  76  77  78  79  81  82  83  84  85  80  52  86  87  88  89  90  91  92  93  94  95  96  97  98  99  100  101  102  103  


  ==> Energy                -307.405540686
  ==> dE                       -1.31e-04
  ==> Gradient Norm             2.19e-01
  ==> Abs. Max. Deriv.          2.19e-02
  ==> Time-Grad. (s)             179.678
  ==> Time-Energy (s)             54.226
  ==> Time-Iter. (s)             235.343

--------------------------------------------------------------------------------
CEO-ADAPT-VQE iteration: 391
--------------------------------------------------------------------------------
    gate        derivative      name       op1       op2       op3        g_unscaled   penalty
    1356       -0.00048610      a_ia      1356                           -0.00097219         2
   88267       -0.00046005        om     37462     37463                 -0.01794194        39
   88266       -0.00044084        op     37462     37463                 -0.01719293        39
   37462       -0.00031941    a_iajb     37462                           -0.01756743        55
     793       -0.00027554      a_ia       793                           -0.00220435         8
    1278       -0.00027152      a_ia      1278                           -0.00054304         2
     898       -0.00026085      a_ia       898                           -0.00208677         8
    1456       -0.00026052      a_ia      1456                           -0.00208416         8
    1074       -0.00025468      a_ia      1074                           -0.00050935         2
      62        0.00025174      a_ia        62                            0.00100696         4

  ==> Add operator: a_ia 1356
  ==> Current qubit order: 4  5  8  9  10  2  3  16  17  27  22  12  13  26  65  29  62  14  24  11  63  25  28  30  31  35  18  66  19  23  37  20  21  69  15  34  67  68  1  0  40  42  43  44  45  48  61  7  64  6  60  38  47  53  54  51  32  58  55  50  46  33  41  39  59  49  56  57  36  70  72  73  74  71  75  76  77  78  79  81  82  83  84  85  80  52  86  87  88  89  90  91  92  93  94  95  96  97  98  99  100  101  102  103  


  ==> Energy                -307.405541078
  ==> dE                       -3.92e-07
  ==> Gradient Norm             2.15e-01
  ==> Abs. Max. Deriv.          2.19e-02
  ==> Time-Grad. (s)             174.102
  ==> Time-Energy (s)             31.003
  ==> Time-Iter. (s)             206.563

--------------------------------------------------------------------------------
CEO-ADAPT-VQE iteration: 392
--------------------------------------------------------------------------------
    gate        derivative      name       op1       op2       op3        g_unscaled   penalty
    1630        0.00030696      a_ia      1630                            0.01534792        50
   80780       -0.00029569        op     31834     31835                 -0.02217700        75
   80781       -0.00029516        om     31834     31835                 -0.02213709        75
     794       -0.00027513      a_ia       794                           -0.00220101         8
    1279       -0.00027079      a_ia      1279                           -0.00054158         2
     899       -0.00026078      a_ia       899                           -0.00208620         8
    1457       -0.00026055      a_ia      1457                           -0.00208440         8
    1075       -0.00025539      a_ia      1075                           -0.00051078         2
      62        0.00025170      a_ia        62                            0.00100680         4
    1014       -0.00024541      a_ia      1014                           -0.00245408        10

  ==> Add operator: a_ia 1630
  ==> Current qubit order: 4  5  8  9  10  2  3  16  17  27  22  12  13  26  65  29  62  14  24  11  63  25  28  30  31  35  18  66  19  23  37  20  21  69  15  34  67  68  1  0  40  42  43  44  45  48  61  7  64  6  60  38  47  53  54  51  32  58  55  46  33  41  39  59  49  56  57  36  70  72  73  74  71  75  76  77  78  79  81  82  83  84  85  50  80  52  86  87  88  89  90  91  92  93  94  95  96  97  98  99  100  101  102  103  


  ==> Energy                -307.405598197
  ==> dE                       -5.71e-05
  ==> Gradient Norm             2.18e-01
  ==> Abs. Max. Deriv.          2.22e-02
  ==> Time-Grad. (s)             172.195
  ==> Time-Energy (s)             20.270
  ==> Time-Iter. (s)             193.926

--------------------------------------------------------------------------------
CEO-ADAPT-VQE iteration: 393
--------------------------------------------------------------------------------
    gate        derivative      name       op1       op2       op3        g_unscaled   penalty
    1633       -0.00087264      a_ia      1633                           -0.00698110         8
    1634       -0.00048790      a_ia      1634                           -0.00292742         6
    1619       -0.00048053      a_ia      1619                           -0.00192212         4
    1631        0.00035247      a_ia      1631                            0.00493460        14
     899       -0.00027770      a_ia       899                           -0.00222163         8
     794       -0.00026767      a_ia       794                           -0.00214132         8
   76184        0.00026725        op     28324     28325                  0.01844040        69
   76185        0.00026703        om     28324     28325                  0.01842538        69
    1458       -0.00026232      a_ia      1458                           -0.00209852         8
    1014       -0.00024033      a_ia      1014                           -0.00240331        10

  ==> Add operator: a_ia 1633
  ==> Current qubit order: 4  5  8  9  10  2  3  16  17  27  22  12  13  26  65  29  62  14  24  11  63  25  28  30  31  35  18  66  19  23  37  20  21  69  15  34  67  68  1  0  40  42  43  44  45  48  61  7  64  6  60  38  47  53  54  51  32  58  55  46  33  41  39  59  49  56  57  36  70  72  73  74  71  75  76  77  78  79  81  83  84  85  82  50  80  52  86  87  88  89  90  91  92  93  94  95  96  97  98  99  100  101  102  103  


  ==> Energy                -307.405609597
  ==> dE                       -1.14e-05
  ==> Gradient Norm             2.12e-01
  ==> Abs. Max. Deriv.          2.19e-02
  ==> Time-Grad. (s)             174.350
  ==> Time-Energy (s)             30.300
  ==> Time-Iter. (s)             205.993

--------------------------------------------------------------------------------
CEO-ADAPT-VQE iteration: 394
--------------------------------------------------------------------------------
    gate        derivative      name       op1       op2       op3        g_unscaled   penalty
    1634       -0.00048771      a_ia      1634                           -0.00292624         6
    1619       -0.00047888      a_ia      1619                           -0.00191552         4
    1631        0.00035162      a_ia      1631                            0.00492263        14
   76079        0.00028181        op     28206     28207                  0.03128137       111
   76080        0.00028181        om     28206     28207                  0.03128137       111
     899       -0.00027124      a_ia       899                           -0.00216991         8
     794       -0.00026656      a_ia       794                           -0.00213251         8
    1458       -0.00025875      a_ia      1458                           -0.00206999         8
    1280       -0.00025010      a_ia      1280                           -0.00050019         2
   28206        0.00024631    a_iajb     28206                            0.03128137       127

  ==> Add operator: a_ia 1634
  ==> Current qubit order: 4  5  8  9  10  2  3  16  17  27  22  12  13  26  65  29  62  14  24  11  63  25  28  30  31  35  18  66  19  23  37  20  21  69  15  34  67  68  1  0  40  42  43  44  45  48  61  7  64  6  60  38  47  53  54  51  32  58  55  46  33  41  39  59  49  56  57  36  70  72  73  74  71  75  76  77  78  79  81  83  84  85  82  80  52  50  86  87  88  89  90  91  92  93  94  95  96  97  98  99  100  101  102  103  


  ==> Energy                -307.405611422
  ==> dE                       -1.83e-06
  ==> Gradient Norm             2.17e-01
  ==> Abs. Max. Deriv.          3.13e-02
  ==> Time-Grad. (s)             235.787
  ==> Time-Energy (s)             28.764
  ==> Time-Iter. (s)             265.947

--------------------------------------------------------------------------------
CEO-ADAPT-VQE iteration: 395
--------------------------------------------------------------------------------
    gate        derivative      name       op1       op2       op3        g_unscaled   penalty
    1621       -0.00095541      a_ia      1621                           -0.00191082         2
    1633        0.00027179      a_ia      1633                            0.00489214        18
     900       -0.00027063      a_ia       900                           -0.00216502         8
     795       -0.00026647      a_ia       795                           -0.00213178         8
    1460       -0.00025842      a_ia      1460                           -0.00206733         8
    1282       -0.00025182      a_ia      1282                           -0.00050364         2
    1016       -0.00024023      a_ia      1016                           -0.00240225        10
    1077       -0.00023525      a_ia      1077                           -0.00047051         2
    1677        0.00023515      a_ia      1677                            0.00094060         4
    1656        0.00023251      a_ia      1656                            0.01069523        46

  ==> Add operator: a_ia 1621
  ==> Current qubit order: 4  5  8  9  10  2  3  16  17  27  22  12  13  26  65  29  62  14  24  11  63  25  28  30  31  35  18  66  19  23  37  20  21  69  15  34  67  68  1  0  40  42  43  44  45  48  61  7  64  6  60  38  47  53  54  51  32  58  55  46  33  41  39  59  49  56  57  36  70  72  73  74  71  75  76  77  78  79  81  83  84  85  82  80  52  50  86  87  88  89  90  91  92  93  94  95  96  97  98  99  100  101  102  103  


  ==> Energy                -307.405615643
  ==> dE                       -4.22e-06
  ==> Gradient Norm             2.21e-01
  ==> Abs. Max. Deriv.          2.24e-02
  ==> Time-Grad. (s)             175.214
  ==> Time-Energy (s)             26.496
  ==> Time-Iter. (s)             203.143

--------------------------------------------------------------------------------
CEO-ADAPT-VQE iteration: 396
--------------------------------------------------------------------------------
    gate        derivative      name       op1       op2       op3        g_unscaled   penalty
     901       -0.00027939      a_ia       901                           -0.00223509         8
     796       -0.00027903      a_ia       796                           -0.00223222         8
    1636        0.00027504      a_ia      1636                            0.00495069        18
    1463       -0.00026552      a_ia      1463                           -0.00212420         8
    1283       -0.00026238      a_ia      1283                           -0.00052476         2
    1017       -0.00024412      a_ia      1017                           -0.00244123        10
      62        0.00023848      a_ia        62                            0.00095391         4
    1659        0.00023506      a_ia      1659                            0.01081264        46
    1680        0.00023337      a_ia      1680                            0.00093348         4
    1334        0.00022116      a_ia      1334                            0.00265393        12

  ==> Add operator: a_ia 901
  ==> Current qubit order: 4  5  8  9  10  2  3  16  17  27  22  12  13  26  65  29  62  14  24  11  63  25  28  30  31  35  18  66  19  37  20  21  23  69  15  34  67  68  1  0  40  42  43  44  45  48  61  7  64  6  60  38  47  53  54  51  32  58  55  46  33  41  39  59  49  56  57  36  70  72  73  74  71  75  76  77  78  79  81  83  84  85  82  80  52  50  86  87  88  89  90  91  92  93  94  95  96  97  98  99  100  101  102  103  


  ==> Energy                -307.405616605
  ==> dE                       -9.63e-07
  ==> Gradient Norm             2.20e-01
  ==> Abs. Max. Deriv.          2.19e-02
  ==> Time-Grad. (s)             172.319
  ==> Time-Energy (s)             29.616
  ==> Time-Iter. (s)             203.398

--------------------------------------------------------------------------------
CEO-ADAPT-VQE iteration: 397
--------------------------------------------------------------------------------
    gate        derivative      name       op1       op2       op3        g_unscaled   penalty
     797       -0.00037196      a_ia       797                           -0.00223173         6
    1637        0.00027496      a_ia      1637                            0.00494935        18
    1464       -0.00026579      a_ia      1464                           -0.00212634         8
    1284       -0.00026436      a_ia      1284                           -0.00052873         2
    1018       -0.00024423      a_ia      1018                           -0.00244230        10
      63        0.00023710      a_ia        63                            0.00094840         4
    1660        0.00023532      a_ia      1660                            0.01082451        46
    1681        0.00023348      a_ia      1681                            0.00093392         4
    1335        0.00022122      a_ia      1335                            0.00265463        12
     759       -0.00021166      a_ia       759                           -0.00338656        16

  ==> Add operator: a_ia 797
  ==> Current qubit order: 4  5  8  9  10  2  3  16  17  27  22  12  13  26  65  29  62  14  24  11  63  25  28  30  31  35  18  19  37  66  20  21  23  69  15  34  67  68  1  0  40  42  43  44  45  48  61  7  64  6  60  38  47  53  54  51  32  58  55  46  33  41  39  59  49  56  57  36  70  72  73  74  71  75  76  77  78  79  81  83  84  85  82  80  52  50  86  87  88  89  90  91  92  93  94  95  96  97  98  99  100  101  102  103  


  ==> Energy                -307.405617780
  ==> dE                       -1.18e-06
  ==> Gradient Norm             2.21e-01
  ==> Abs. Max. Deriv.          2.19e-02
  ==> Time-Grad. (s)             175.721
  ==> Time-Energy (s)             33.479
  ==> Time-Iter. (s)             210.624

--------------------------------------------------------------------------------
CEO-ADAPT-VQE iteration: 398
--------------------------------------------------------------------------------
    gate        derivative      name       op1       op2       op3        g_unscaled   penalty
    1639        0.00027474      a_ia      1639                            0.00494532        18
    1466       -0.00026557      a_ia      1466                           -0.00212459         8
    1286       -0.00026450      a_ia      1286                           -0.00052901         2
    1019       -0.00024388      a_ia      1019                           -0.00243879        10
     760       -0.00024163      a_ia       760                           -0.00338277        14
      63        0.00023518      a_ia        63                            0.00094073         4
    1662        0.00023503      a_ia      1662                            0.01081126        46
    1683        0.00023346      a_ia      1683                            0.00093385         4
    1337        0.00022150      a_ia      1337                            0.00265802        12
    1189       -0.00021083      a_ia      1189                           -0.00042167         2

  ==> Add operator: a_ia 1639
  ==> Current qubit order: 4  5  8  9  10  2  3  16  17  27  22  12  13  26  65  29  62  14  24  11  63  25  28  30  31  35  18  19  37  66  20  21  23  69  15  34  67  68  1  0  40  42  43  44  45  48  61  7  64  6  60  38  47  53  54  51  32  58  55  46  33  41  39  59  49  56  57  36  70  72  73  74  71  75  76  77  79  81  83  84  85  82  80  52  78  50  86  87  88  89  90  91  92  93  94  95  96  97  98  99  100  101  102  103  


  ==> Energy                -307.405624060
  ==> dE                       -6.28e-06
  ==> Gradient Norm             2.13e-01
  ==> Abs. Max. Deriv.          2.19e-02
  ==> Time-Grad. (s)             238.911
  ==> Time-Energy (s)             35.798
  ==> Time-Iter. (s)             276.134

--------------------------------------------------------------------------------
CEO-ADAPT-VQE iteration: 399
--------------------------------------------------------------------------------
    gate        derivative      name       op1       op2       op3        g_unscaled   penalty
   89768        0.00033930        om     38434     38435                  0.01866148        55
   89767        0.00033854        op     38434     38435                  0.01861949        55
    1467       -0.00026490      a_ia      1467                           -0.00211916         8
    1287       -0.00026489      a_ia      1287                           -0.00052977         2
   38434        0.00026254    a_iajb     38434                            0.01864049        71
   74331        0.00024766        op     26895     26896                  0.01114464        45
   74332        0.00024766        om     26895     26896                  0.01114464        45
    1664        0.00024546      a_ia      1664                            0.01080025        44
    1020       -0.00024505      a_ia      1020                           -0.00245045        10
     761       -0.00024133      a_ia       761                           -0.00337862        14

  ==> Add operator: mvp2 -1: 38434 38435
  ==> Current qubit order: 4  5  8  9  10  2  3  16  17  27  22  12  13  26  65  29  62  14  24  11  63  25  28  30  31  35  18  19  37  66  20  21  23  69  15  34  67  68  1  0  40  42  43  44  45  48  61  7  64  6  60  47  53  51  38  54  55  39  32  58  46  33  41  59  49  56  57  36  70  72  73  74  71  75  76  77  79  81  83  84  85  82  80  52  78  50  86  87  88  89  90  91  92  93  94  95  96  97  98  99  100  101  102  103  


  ==> Energy                -307.405692443
  ==> dE                       -6.84e-05
  ==> Gradient Norm             2.22e-01
  ==> Abs. Max. Deriv.          2.19e-02
  ==> Time-Grad. (s)             174.227
  ==> Time-Energy (s)             53.710
  ==> Time-Iter. (s)             229.347

--------------------------------------------------------------------------------
CEO-ADAPT-VQE iteration: 400
--------------------------------------------------------------------------------
    gate        derivative      name       op1       op2       op3        g_unscaled   penalty
   80965       -0.00027922        op     32201     32202                 -0.01759096        63
   80966       -0.00027922        op     32201     32202                 -0.01759096        63
   71968        0.00027408        om     25387     25388                  0.01288176        47
   71967        0.00027129        op     25387     25388                  0.01275051        47
   80969       -0.00027121        op     32201     32203                 -0.01708638        63
   80970       -0.00027121        op     32201     32203                 -0.01708638        63
    1345        0.00026600      a_ia      1345                            0.00266005        10
    1474       -0.00026489      a_ia      1474                           -0.00211916         8
    1293       -0.00026474      a_ia      1293                           -0.00052948         2
    1026       -0.00024509      a_ia      1026                           -0.00245089        10

  ==> Add operator: mvp2 -1: 32201 32202
  ==> Current qubit order: 4  5  8  9  10  2  3  16  17  27  22  12  13  26  65  29  62  14  24  11  63  25  28  30  31  35  18  37  66  20  23  15  19  21  69  61  34  67  68  1  0  40  42  43  44  45  48  7  64  6  60  47  53  51  38  54  55  39  32  58  46  33  41  59  49  56  57  36  70  72  73  74  71  75  76  77  79  81  83  84  85  82  80  52  78  50  86  87  88  89  90  91  92  93  94  95  96  97  98  99  100  101  102  103  


  ==> Energy                -307.405863809
  ==> dE                       -1.71e-04
  ==> Gradient Norm             2.30e-01
  ==> Abs. Max. Deriv.          2.24e-02
  ==> Time-Grad. (s)             175.383
  ==> Time-Energy (s)           1678.815
  ==> Time-Iter. (s)            1855.622

--------------------------------------------------------------------------------
CEO-ADAPT-VQE iteration: 401
--------------------------------------------------------------------------------
    gate        derivative      name       op1       op2       op3        g_unscaled   penalty
     768        0.00047888      a_ia       768                            0.00191554         4
     840        0.00037065      a_ia       840                            0.00074130         2
     764        0.00032036      a_ia       764                            0.00192215         6
     965       -0.00027214      a_ia       965                           -0.00054428         2
    1347        0.00026744      a_ia      1347                            0.00267437        10
    1295       -0.00026283      a_ia      1295                           -0.00052565         2
    1028       -0.00024458      a_ia      1028                           -0.00244584        10
      64        0.00023535      a_ia        64                            0.00094139         4
    1694        0.00023198      a_ia      1694                            0.00092794         4
     480       -0.00023005      a_ia       480                           -0.00046010         2

  ==> Add operator: a_ia 768
  ==> Current qubit order: 4  5  8  9  10  2  3  16  17  27  22  12  13  26  65  29  62  14  24  11  63  25  28  30  31  35  18  37  66  20  23  15  21  19  69  61  34  67  68  1  0  40  42  43  44  45  48  7  64  6  60  47  53  51  38  54  55  39  32  58  46  33  41  59  49  56  57  36  70  72  73  74  71  75  76  77  79  81  83  84  85  82  80  52  78  50  86  87  88  89  90  91  92  93  94  95  96  97  98  99  100  101  102  103  


  ==> Energy                -307.405864138
  ==> dE                       -3.29e-07
  ==> Gradient Norm             2.19e-01
  ==> Abs. Max. Deriv.          2.19e-02
  ==> Time-Grad. (s)             175.441
  ==> Time-Energy (s)             32.035
  ==> Time-Iter. (s)             208.949

--------------------------------------------------------------------------------
CEO-ADAPT-VQE iteration: 402
--------------------------------------------------------------------------------
    gate        derivative      name       op1       op2       op3        g_unscaled   penalty
     766        0.00047582      a_ia       766                            0.00190328         4
     770        0.00039559      a_ia       770                            0.00079118         2
     967       -0.00026783      a_ia       967                           -0.00053566         2
    1349        0.00026743      a_ia      1349                            0.00267432        10
    1297       -0.00026234      a_ia      1297                           -0.00052467         2
    1030       -0.00024443      a_ia      1030                           -0.00244430        10
      64        0.00023581      a_ia        64                            0.00094326         4
    1696        0.00023202      a_ia      1696                            0.00092809         4
     481       -0.00022945      a_ia       481                           -0.00045890         2
    1557       -0.00022719      a_ia      1557                           -0.00499812        22

  ==> Add operator: a_ia 766
  ==> Current qubit order: 4  5  8  9  10  2  3  16  17  27  22  12  13  26  65  29  62  14  24  11  63  25  28  30  31  35  18  37  66  20  23  15  21  69  19  61  34  67  68  1  0  40  42  43  44  45  48  7  64  6  60  47  53  51  38  54  55  39  32  58  46  33  41  59  49  56  57  36  70  72  73  74  71  75  76  77  79  81  83  84  85  82  80  52  78  50  86  87  88  89  90  91  92  93  94  95  96  97  98  99  100  101  102  103  


  ==> Energy                -307.405865230
  ==> dE                       -1.09e-06
  ==> Gradient Norm             2.23e-01
  ==> Abs. Max. Deriv.          2.19e-02
  ==> Time-Grad. (s)             171.176
  ==> Time-Energy (s)             25.844
  ==> Time-Iter. (s)             198.450

--------------------------------------------------------------------------------
CEO-ADAPT-VQE iteration: 403
--------------------------------------------------------------------------------
    gate        derivative      name       op1       op2       op3        g_unscaled   penalty
     843        0.00038400      a_ia       843                            0.00076800         2
     771        0.00037391      a_ia       771                            0.00074782         2
   90452       -0.00032132        op     39293     39294                 -0.01510210        47
     968       -0.00027047      a_ia       968                           -0.00054094         2
   90453       -0.00027016        om     39293     39294                 -0.01269765        47
    1350        0.00026769      a_ia      1350                            0.00267688        10
    1298       -0.00025818      a_ia      1298                           -0.00051636         2
    1031       -0.00024472      a_ia      1031                           -0.00244720        10
      64        0.00023653      a_ia        64                            0.00094614         4
    1697        0.00023191      a_ia      1697                            0.00092764         4

  ==> Add operator: a_ia 843
  ==> Current qubit order: 4  5  8  9  10  2  3  16  17  27  22  12  13  26  65  29  62  14  24  11  63  25  28  30  31  35  18  37  66  20  23  15  21  69  19  61  34  67  68  1  0  40  42  43  44  45  48  7  64  6  60  47  53  51  38  54  55  39  32  58  46  33  41  59  49  56  57  36  70  72  73  74  71  75  76  77  79  81  83  84  85  82  80  52  78  50  86  87  88  89  90  91  92  93  94  95  96  97  98  99  100  101  102  103  


  ==> Energy                -307.405865320
  ==> dE                       -9.00e-08
  ==> Gradient Norm             2.21e-01
  ==> Abs. Max. Deriv.          2.19e-02
  ==> Time-Grad. (s)             230.744
  ==> Time-Energy (s)             35.896
  ==> Time-Iter. (s)             268.084

--------------------------------------------------------------------------------
CEO-ADAPT-VQE iteration: 404
--------------------------------------------------------------------------------
    gate        derivative      name       op1       op2       op3        g_unscaled   penalty
     771        0.00037480      a_ia       771                            0.00074961         2
   91565        0.00027698        op     40001     40002                  0.00803255        29
   91566        0.00027698        op     40001     40002                  0.00803255        29
     968       -0.00026979      a_ia       968                           -0.00053957         2
    1351        0.00026768      a_ia      1351                            0.00267685        10
   91569        0.00026260        op     40001     40003                  0.00761527        29
   91570        0.00026260        op     40001     40003                  0.00761527        29
    1299       -0.00025976      a_ia      1299                           -0.00051952         2
    1031       -0.00024491      a_ia      1031                           -0.00244914        10
      64        0.00023620      a_ia        64                            0.00094480         4

  ==> Add operator: a_ia 771
  ==> Current qubit order: 4  5  8  9  10  2  3  16  17  27  22  12  13  26  65  29  62  14  24  11  63  25  28  30  31  35  18  37  66  20  23  15  21  69  19  61  34  67  68  1  0  40  42  43  44  45  48  7  64  6  60  47  53  51  38  54  55  39  32  58  46  33  41  59  49  56  57  36  70  72  73  74  71  75  76  77  79  81  83  84  85  82  80  52  78  50  86  87  88  89  90  91  92  93  94  95  96  97  98  99  100  101  102  103  


  ==> Energy                -307.405865321
  ==> dE                       -2.96e-10
  ==> Gradient Norm             2.33e-01
  ==> Abs. Max. Deriv.          2.19e-02
  ==> Time-Grad. (s)             170.933
  ==> Time-Energy (s)             26.566
  ==> Time-Iter. (s)             198.916

--------------------------------------------------------------------------------

--------------------------------------------------------------------------------
RESTART
--------------------------------------------------------------------------------

Last Energy: -307.406266045

--------------------------------------------------------------------------------
CEO-ADAPT-VQE iteration: 405
--------------------------------------------------------------------------------
    gate        derivative      name       op1       op2       op3        g_unscaled   penalty
    1095        0.00290473      a_ia      1095                            0.00580946         2
     482        0.00111988      a_ia       482                            0.00223976         2
     809       -0.00094719      a_ia       809                           -0.00189438         2
     773       -0.00088531      a_ia       773                           -0.00177061         2
    1660       -0.00063364      a_ia      1660                           -0.00126728         2
     277       -0.00056250      a_ia       277                           -0.00112499         2
    1351        0.00055340      a_ia      1351                            0.00110679         2
    1213        0.00055129      a_ia      1213                            0.00220517         4
    1657        0.00039739      a_ia      1657                            0.00079477         2
     625       -0.00034806      a_ia       625                           -0.00139225         4

  ==> Add operator: a_ia 1095
  ==> Current qubit order: 4  5  8  9  10  2  3  16  17  27  22  12  13  26  65  29  62  14  24  11  63  25  28  30  31  35  18  37  66  20  23  15  21  69  19  61  34  67  68  1  0  40  42  43  44  45  48  7  64  6  60  47  53  51  38  54  55  39  32  58  46  33  41  59  49  56  57  36  70  72  73  74  71  75  76  77  79  81  83  84  85  82  80  52  78  50  86  87  88  89  90  91  92  93  94  95  96  97  98  99  100  101  102  103  


  ==> Energy                -307.406274938
  ==> dE                       -8.89e-06
  ==> Gradient Norm             2.16e-01
  ==> Abs. Max. Deriv.          2.19e-02
  ==> Time-Grad. (s)             472.508
  ==> Time-Energy (s)            100.766
  ==> Time-Iter. (s)             574.781

--------------------------------------------------------------------------------
CEO-ADAPT-VQE iteration: 406
--------------------------------------------------------------------------------
    gate        derivative      name       op1       op2       op3        g_unscaled   penalty
     483        0.00112297      a_ia       483                            0.00224593         2
     810       -0.00093715      a_ia       810                           -0.00187431         2
     774       -0.00088261      a_ia       774                           -0.00176521         2
    1661       -0.00063632      a_ia      1661                           -0.00127264         2
     277       -0.00059198      a_ia       277                           -0.00118396         2
    1214        0.00055269      a_ia      1214                            0.00221076         4
    1352        0.00054469      a_ia      1352                            0.00108937         2
    1658        0.00038932      a_ia      1658                            0.00077864         2
     626       -0.00036184      a_ia       626                           -0.00144736         4
     846        0.00034359      a_ia       846                            0.00068719         2

  ==> Add operator: a_ia 483
  ==> Current qubit order: 4  5  8  9  10  2  3  16  17  27  22  12  13  26  65  29  62  14  24  11  63  25  28  30  31  35  18  37  66  20  23  15  21  69  19  61  34  67  68  1  0  40  42  43  44  45  48  7  64  6  60  47  53  51  38  54  55  39  32  58  46  33  41  59  49  56  57  36  70  72  73  74  71  75  76  77  79  81  83  84  85  82  80  52  78  50  86  87  88  89  90  91  92  93  94  95  96  97  98  99  100  101  102  103  


  ==> Energy                -307.406275934
  ==> dE                       -9.96e-07
  ==> Gradient Norm             2.30e-01
  ==> Abs. Max. Deriv.          3.02e-02
  ==> Time-Grad. (s)             487.570
  ==> Time-Energy (s)            105.879
  ==> Time-Iter. (s)             594.861

--------------------------------------------------------------------------------
CEO-ADAPT-VQE iteration: 407
--------------------------------------------------------------------------------
    gate        derivative      name       op1       op2       op3        g_unscaled   penalty
     811       -0.00094212      a_ia       811                           -0.00188424         2
     775       -0.00088143      a_ia       775                           -0.00176286         2
    1663       -0.00063902      a_ia      1663                           -0.00127805         2
     277       -0.00060943      a_ia       277                           -0.00121886         2
    1216        0.00055546      a_ia      1216                            0.00222186         4
    1354        0.00054924      a_ia      1354                            0.00109849         2
    1660        0.00039006      a_ia      1660                            0.00078013         2
     627       -0.00036303      a_ia       627                           -0.00145210         4
   89899        0.00036235        om     38901     38902                  0.01992926        55
     972        0.00034139      a_ia       972                            0.00068278         2

  ==> Add operator: a_ia 811
  ==> Current qubit order: 4  5  8  9  10  2  3  16  17  27  22  12  13  26  65  29  62  14  24  11  63  25  28  30  31  35  18  37  66  20  23  15  21  69  19  61  34  67  68  1  0  40  42  43  44  45  48  7  64  6  60  47  53  51  38  54  55  39  32  58  46  33  41  59  49  56  57  36  70  72  73  74  71  75  76  77  79  81  83  84  85  82  80  52  78  50  86  87  88  89  90  91  92  93  94  95  96  97  98  99  100  101  102  103  


  ==> Energy                -307.406276792
  ==> dE                       -8.58e-07
  ==> Gradient Norm             2.28e-01
  ==> Abs. Max. Deriv.          3.12e-02
  ==> Time-Grad. (s)             487.138
  ==> Time-Energy (s)            100.530
  ==> Time-Iter. (s)             589.114

--------------------------------------------------------------------------------
CEO-ADAPT-VQE iteration: 408
--------------------------------------------------------------------------------
    gate        derivative      name       op1       op2       op3        g_unscaled   penalty
     775       -0.00088545      a_ia       775                           -0.00177090         2
    1663       -0.00063879      a_ia      1663                           -0.00127757         2
     277       -0.00060842      a_ia       277                           -0.00121684         2
    1216        0.00055396      a_ia      1216                            0.00221583         4
    1354        0.00054602      a_ia      1354                            0.00109203         2
    1660        0.00038850      a_ia      1660                            0.00077700         2
     627       -0.00036123      a_ia       627                           -0.00144493         4
     972        0.00034359      a_ia       972                            0.00068717         2
     847        0.00034338      a_ia       847                            0.00068675         2
     917       -0.00029618      a_ia       917                           -0.00177710         6

  ==> Add operator: a_ia 775
  ==> Current qubit order: 4  5  8  9  10  2  3  16  17  27  22  12  13  26  65  29  62  14  24  11  63  25  28  30  31  35  18  37  66  20  23  15  21  69  19  61  34  67  68  1  0  40  42  43  44  45  48  7  64  6  60  47  53  51  38  54  55  39  32  58  46  33  41  59  49  56  57  36  70  72  73  74  71  75  76  77  79  81  83  84  85  82  80  52  78  50  86  87  88  89  90  91  92  93  94  95  96  97  98  99  100  101  102  103  


  ==> Energy                -307.406277486
  ==> dE                       -6.94e-07
  ==> Gradient Norm             2.25e-01
  ==> Abs. Max. Deriv.          2.19e-02
  ==> Time-Grad. (s)             489.273
  ==> Time-Energy (s)             86.090
  ==> Time-Iter. (s)             576.794

--------------------------------------------------------------------------------
CEO-ADAPT-VQE iteration: 409
--------------------------------------------------------------------------------
    gate        derivative      name       op1       op2       op3        g_unscaled   penalty
    1663       -0.00063971      a_ia      1663                           -0.00127943         2
     277       -0.00061619      a_ia       277                           -0.00123238         2
    1216        0.00055401      a_ia      1216                            0.00221605         4
    1354        0.00054733      a_ia      1354                            0.00109466         2
    1660        0.00038704      a_ia      1660                            0.00077408         2
     627       -0.00037006      a_ia       627                           -0.00148025         4
     847        0.00034040      a_ia       847                            0.00068080         2
     972        0.00033649      a_ia       972                            0.00067299         2
     917       -0.00029145      a_ia       917                           -0.00174870         6
    1557       -0.00028291      a_ia      1557                           -0.00056582         2

  ==> Add operator: a_ia 1663
  ==> Current qubit order: 4  5  8  9  10  2  3  16  17  27  22  12  13  26  65  29  62  14  24  11  63  25  28  30  31  35  18  37  66  20  23  15  21  69  19  61  34  67  68  1  0  40  42  43  44  45  48  7  64  6  60  47  53  51  38  54  55  39  32  58  46  33  41  59  49  56  57  36  70  72  73  74  71  75  76  77  79  81  83  84  85  82  80  52  78  50  86  87  88  89  90  91  92  93  94  95  96  97  98  99  100  101  102  103  


  ==> Energy                -307.406277859
  ==> dE                       -3.73e-07
  ==> Gradient Norm             2.17e-01
  ==> Abs. Max. Deriv.          2.19e-02
  ==> Time-Grad. (s)             467.042
  ==> Time-Energy (s)            106.006
  ==> Time-Iter. (s)             574.467

--------------------------------------------------------------------------------
CEO-ADAPT-VQE iteration: 410
--------------------------------------------------------------------------------
    gate        derivative      name       op1       op2       op3        g_unscaled   penalty
     278       -0.00061512      a_ia       278                           -0.00123025         2
    1217        0.00055187      a_ia      1217                            0.00220750         4
    1355        0.00054763      a_ia      1355                            0.00109526         2
    1661        0.00038031      a_ia      1661                            0.00076062         2
     628       -0.00036870      a_ia       628                           -0.00147478         4
     848        0.00033829      a_ia       848                            0.00067658         2
     973        0.00033781      a_ia       973                            0.00067561         2
     918       -0.00029108      a_ia       918                           -0.00174648         6
    1558       -0.00028248      a_ia      1558                           -0.00056496         2
      65        0.00028238      a_ia        65                            0.00112952         4

  ==> Add operator: a_ia 278
  ==> Current qubit order: 4  5  8  9  10  2  3  16  17  27  22  12  13  26  65  29  62  14  24  11  63  25  28  30  31  35  18  37  66  20  23  15  21  69  19  61  34  67  68  1  0  40  42  43  44  45  48  7  64  6  60  47  53  51  38  54  55  39  32  58  46  33  41  59  49  56  57  36  70  72  73  74  71  75  76  77  79  81  83  84  85  82  80  52  78  50  86  87  88  89  90  91  92  93  94  95  96  97  98  99  100  101  102  103  


  ==> Energy                -307.406278219
  ==> dE                       -3.60e-07
  ==> Gradient Norm             2.19e-01
  ==> Abs. Max. Deriv.          2.19e-02
  ==> Time-Grad. (s)             475.259
  ==> Time-Energy (s)             88.666
  ==> Time-Iter. (s)             565.340

--------------------------------------------------------------------------------
CEO-ADAPT-VQE iteration: 411
--------------------------------------------------------------------------------
    gate        derivative      name       op1       op2       op3        g_unscaled   penalty
    1218        0.00054844      a_ia      1218                            0.00219376         4
    1356        0.00054696      a_ia      1356                            0.00109391         2
    1662        0.00038072      a_ia      1662                            0.00076144         2
     629       -0.00036568      a_ia       629                           -0.00146273         4
     974        0.00034247      a_ia       974                            0.00068493         2
     849        0.00033390      a_ia       849                            0.00066780         2
     919       -0.00029074      a_ia       919                           -0.00174442         6
    1559       -0.00028393      a_ia      1559                           -0.00056786         2
    1629        0.00028314      a_ia      1629                            0.00056628         2
      65        0.00028147      a_ia        65                            0.00112586         4

  ==> Add operator: a_ia 1218
  ==> Current qubit order: 4  5  8  9  10  2  3  16  17  27  22  12  13  26  65  29  62  14  24  11  63  25  28  30  31  35  18  37  66  20  23  15  21  69  19  61  34  67  68  1  0  40  42  43  44  45  48  7  64  6  60  47  53  51  38  54  55  39  32  58  46  41  33  59  49  56  57  36  70  72  73  74  71  75  76  77  79  81  83  84  85  82  80  52  78  50  86  87  88  89  90  91  92  93  94  95  96  97  98  99  100  101  102  103  


  ==> Energy                -307.406279917
  ==> dE                       -1.70e-06
  ==> Gradient Norm             2.20e-01
  ==> Abs. Max. Deriv.          3.02e-02
  ==> Time-Grad. (s)             477.896
  ==> Time-Energy (s)             68.782
  ==> Time-Iter. (s)             548.113

--------------------------------------------------------------------------------
CEO-ADAPT-VQE iteration: 412
--------------------------------------------------------------------------------
    gate        derivative      name       op1       op2       op3        g_unscaled   penalty
    1357        0.00055062      a_ia      1357                            0.00110123         2
   80124       -0.00037906        om     31589     31590                 -0.01629944        43
   80123       -0.00037896        op     31589     31590                 -0.01629527        43
    1663        0.00037123      a_ia      1663                            0.00074245         2
     629       -0.00035450      a_ia       629                           -0.00141799         4
     975        0.00034829      a_ia       975                            0.00069658         2
     849        0.00031718      a_ia       849                            0.00063437         2
    1560       -0.00029523      a_ia      1560                           -0.00059047         2
     919       -0.00028886      a_ia       919                           -0.00173318         6
      65        0.00028146      a_ia        65                            0.00112586         4

  ==> Add operator: a_ia 1357
  ==> Current qubit order: 4  5  8  9  10  2  3  16  17  27  22  12  13  26  65  29  62  14  24  11  63  25  28  30  31  35  18  37  66  20  23  15  21  69  19  61  34  67  68  1  0  40  42  43  44  45  48  7  64  6  60  47  53  51  38  54  55  39  32  58  46  41  33  59  49  56  57  36  70  72  73  74  71  75  76  77  79  81  83  84  85  82  80  52  78  50  86  87  88  89  90  91  92  93  94  95  96  97  98  99  100  101  102  103  


  ==> Energy                -307.406280447
  ==> dE                       -5.30e-07
  ==> Gradient Norm             2.26e-01
  ==> Abs. Max. Deriv.          2.19e-02
  ==> Time-Grad. (s)             484.795
  ==> Time-Energy (s)            118.535
  ==> Time-Iter. (s)             604.769

--------------------------------------------------------------------------------
CEO-ADAPT-VQE iteration: 413
--------------------------------------------------------------------------------
    gate        derivative      name       op1       op2       op3        g_unscaled   penalty
   76664        0.00063555        om     29001     29002                  0.01970206        31
   76663        0.00062600        op     29001     29002                  0.01940586        31
   29001        0.00041604    a_iajb     29001                            0.01955396        47
    1664        0.00037124      a_ia      1664                            0.00074248         2
     629       -0.00035375      a_ia       629                           -0.00141501         4
     975        0.00034861      a_ia       975                            0.00069722         2
     849        0.00032681      a_ia       849                            0.00065362         2
    1561       -0.00029246      a_ia      1561                           -0.00058491         2
     919       -0.00028800      a_ia       919                           -0.00172801         6
      65        0.00028085      a_ia        65                            0.00112340         4

  ==> Add operator: mvp2 -1: 29001 29002
  ==> Current qubit order: 4  5  8  9  10  2  3  16  17  27  22  12  26  13  65  62  14  29  24  11  63  25  28  30  31  35  18  37  66  20  23  15  21  69  19  61  34  67  68  1  0  40  42  43  44  45  48  7  64  6  60  47  53  51  38  54  55  39  32  58  46  41  33  59  49  56  57  36  70  72  73  74  71  75  76  77  79  81  83  84  85  82  80  52  78  50  86  87  88  89  90  91  92  93  94  95  96  97  98  99  100  101  102  103  


  ==> Energy                -307.406337146
  ==> dE                       -5.67e-05
  ==> Gradient Norm             2.20e-01
  ==> Abs. Max. Deriv.          2.19e-02
  ==> Time-Grad. (s)             476.792
  ==> Time-Energy (s)            144.900
  ==> Time-Iter. (s)             623.125

--------------------------------------------------------------------------------
CEO-ADAPT-VQE iteration: 414
--------------------------------------------------------------------------------
