Energy (SCF): -305.889164143

--------------------------------------------------------------------------------
CEO-ADAPT-VQE iteration: 1
--------------------------------------------------------------------------------
    gate        derivative      name       op1       op2       op3        g_unscaled   penalty
   46310        0.00488105        op      1950      1951                  0.12202623        25
   46311        0.00488105        om      1950      1951                  0.12202623        25
    1950        0.00297625    a_iajb      1950                            0.12202623        41
   46312        0.00278600        op      1952      1953                  0.09193791        33
   46313        0.00278600        om      1952      1953                  0.09193791        33
   46204        0.00260500        op      1844      1845                  0.10680480        41
   46205        0.00260500        om      1844      1845                  0.10680480        41
   46206        0.00239918        op      1846      1847                  0.11755994        49
   46207        0.00239918        om      1846      1847                  0.11755994        49
    1952        0.00187628    a_iajb      1952                            0.09193791        49

  ==> Add operator: op -1: 1950 1951
  ==> Current qubit order: 0  1  2  3  4  5  6  7  8  9  10  11  12  13  14  15  16  17  18  19  20  21  22  23  24  25  26  27  28  29  30  31  32  33  34  35  36  37  38  39  40  41  42  43  44  45  46  47  48  49  50  51  52  53  54  55  56  57  58  59  60  61  62  63  64  65  66  67  68  69  70  71  72  73  74  75  76  77  78  79  80  81  82  83  84  85  86  87  88  89  90  91  92  93  94  95  96  97  98  99  100  101  102  103  


  ==> Energy                -305.897051100
  ==> dE                       -7.89e-03
  ==> Gradient Norm             7.01e-01
  ==> Abs. Max. Deriv.          1.22e-01
  ==> Time-Grad. (s)             144.598
  ==> Time-Energy (s)             13.880
  ==> Time-Iter. (s)             158.597

--------------------------------------------------------------------------------
CEO-ADAPT-VQE iteration: 2
--------------------------------------------------------------------------------
    gate        derivative      name       op1       op2       op3        g_unscaled   penalty
   95870        0.00239918        op     39658     39659                  0.11755994        49
   95871        0.00239918        om     39658     39659                  0.11755994        49
   97254        0.00235482        op     40751     40752                  0.07770901        33
   97255        0.00235482        om     40751     40752                  0.07770901        33
   95868        0.00230677        op     39656     39657                  0.09457756        41
   95869        0.00230677        om     39656     39657                  0.09457756        41
   39658        0.00180861    a_iajb     39658                            0.11755994        65
   39656        0.00165926    a_iajb     39656                            0.09457756        57
   40751        0.00158590    a_iajb     40751                            0.07770901        49
   86972        0.00056369        op     32761     32762                  0.09526317       169

  ==> Add operator: op -1: 39658 39659
  ==> Current qubit order: 0  1  2  3  4  5  6  7  8  9  10  11  12  13  14  15  16  17  18  19  20  21  22  23  24  25  26  27  28  29  30  31  32  33  34  35  36  37  38  39  40  41  42  43  44  45  48  49  46  47  54  55  50  51  52  53  56  57  58  59  60  61  62  63  64  65  66  67  68  69  70  71  72  73  74  75  76  77  78  79  80  81  82  83  84  85  86  87  88  89  90  91  92  93  94  95  96  97  98  99  100  101  102  103  


  ==> Energy                -305.901589949
  ==> dE                       -4.54e-03
  ==> Gradient Norm             6.62e-01
  ==> Abs. Max. Deriv.          1.18e-01
  ==> Time-Grad. (s)             143.027
  ==> Time-Energy (s)             14.289
  ==> Time-Iter. (s)             158.819

--------------------------------------------------------------------------------
CEO-ADAPT-VQE iteration: 3
--------------------------------------------------------------------------------
    gate        derivative      name       op1       op2       op3        g_unscaled   penalty
  101068       -0.00026576        op     43019     43020                 -0.00664404        25
  101069       -0.00026576        om     43019     43020                 -0.00664404        25
   78482        0.00019517        op     25821     25822                  0.03298376       169
   78483        0.00019517        om     25821     25822                  0.03298376       169
   25821        0.00017829    a_iajb     25821                            0.03298376       185
   87194        0.00016838        op     32448     32449                  0.03788652       225
   87195        0.00016838        om     32448     32449                  0.03788652       225
   43019       -0.00016205    a_iajb     43019                           -0.00664404        41
   87184        0.00015952        op     32438     32439                  0.03206448       201
   87185        0.00015952        om     32438     32439                  0.03206448       201

  ==> Add operator: op -1: 43019 43020
  ==> Current qubit order: 0  1  2  3  4  5  6  7  8  9  10  11  12  13  14  15  16  17  18  19  20  21  22  23  24  25  26  27  28  29  30  31  32  33  34  35  36  37  38  39  40  41  42  43  44  45  48  49  46  47  54  55  50  51  52  53  56  57  58  59  60  61  62  63  64  65  66  67  68  69  70  71  72  73  74  75  76  77  78  79  80  81  82  83  84  85  86  87  88  89  90  91  92  93  94  95  96  97  98  99  100  101  102  103  


  ==> Energy                -305.901609947
  ==> dE                       -2.00e-05
  ==> Gradient Norm             4.14e-01
  ==> Abs. Max. Deriv.          3.80e-02
  ==> Time-Grad. (s)              63.081
  ==> Time-Energy (s)              9.617
  ==> Time-Iter. (s)              74.191

--------------------------------------------------------------------------------
CEO-ADAPT-VQE iteration: 4
--------------------------------------------------------------------------------
    gate        derivative      name       op1       op2       op3        g_unscaled   penalty
   75689        0.00012064        om     23721     23722                  0.02376554       197
   69224        0.00011990        op     18802     18803                  0.02697817       225
   69225        0.00011990        om     18802     18803                  0.02697817       225
   76588        0.00011742        op     24426     24427                  0.02641966       225
   76589        0.00011742        om     24426     24427                  0.02641966       225
   69218        0.00011741        op     18796     18797                  0.02266054       193
   69219        0.00011741        om     18796     18797                  0.02266054       193
   44720        0.00011639        op       175       176                  0.02898029       249
   44721        0.00011639        om       175       176                  0.02898029       249
   96748        0.00011330        op     39750     39751                  0.01416231       125

  ==> Add operator: mvp2 -1: 23721 23722
  ==> Current qubit order: 0  1  2  3  4  5  6  8  9  10  11  12  13  14  15  16  17  18  19  20  21  22  23  24  25  26  27  28  29  30  31  32  33  34  35  36  37  38  39  40  41  42  43  44  45  48  49  47  7  46  54  95  55  50  51  52  53  56  57  58  59  60  61  62  63  64  65  66  67  68  69  70  71  72  73  74  75  76  77  78  79  80  81  82  83  84  85  86  87  88  89  90  91  92  93  94  96  97  98  99  100  101  102  103  


  ==> Energy                -305.901713446
  ==> dE                       -1.03e-04
  ==> Gradient Norm             3.34e-01
  ==> Abs. Max. Deriv.          3.80e-02
  ==> Time-Grad. (s)              64.866
  ==> Time-Energy (s)             39.755
  ==> Time-Iter. (s)             106.137

--------------------------------------------------------------------------------
CEO-ADAPT-VQE iteration: 5
--------------------------------------------------------------------------------
    gate        derivative      name       op1       op2       op3        g_unscaled   penalty
  100863        0.00022003        op     42650     42651                  0.02266262       103
  100864        0.00021213        om     42650     42651                  0.02184958       103
   42650        0.00018703    a_iajb     42650                            0.02225610       119
   90393        0.00016205        op     34790     34791                  0.02284926       141
   75687        0.00015776        op     23582     23583                  0.02697708       171
   75688        0.00015776        om     23582     23583                  0.02697708       171
   75681        0.00014801        op     23576     23577                  0.02264556       153
   75682        0.00014786        om     23576     23577                  0.02262309       153
   23582        0.00014426    a_iajb     23582                            0.02697708       187
   23576        0.00013393    a_iajb     23576                            0.02263433       169

  ==> Add operator: mvp2 -1: 42650 42651
  ==> Current qubit order: 0  1  2  3  4  5  6  8  9  10  11  12  13  14  15  16  17  18  19  20  21  22  23  24  25  26  27  28  29  30  31  32  33  34  35  36  37  38  39  40  41  42  43  44  45  48  49  47  7  95  55  50  52  53  56  57  46  54  51  79  58  59  60  61  62  63  64  65  66  67  68  69  70  71  72  73  74  75  76  77  78  80  81  82  83  84  85  86  87  88  89  90  91  92  93  94  96  97  98  99  100  101  102  103  


  ==> Energy                -305.901811950
  ==> dE                       -9.85e-05
  ==> Gradient Norm             3.00e-01
  ==> Abs. Max. Deriv.          3.80e-02
  ==> Time-Grad. (s)              66.074
  ==> Time-Energy (s)             14.361
  ==> Time-Iter. (s)              81.919

--------------------------------------------------------------------------------
CEO-ADAPT-VQE iteration: 6
--------------------------------------------------------------------------------
    gate        derivative      name       op1       op2       op3        g_unscaled   penalty
   99911       -0.00013246        op     42071     42072                 -0.00596088        45
   99912       -0.00013246        op     42071     42072                 -0.00596088        45
   99915       -0.00013020        op     42071     42073                 -0.00585886        45
   99916       -0.00013020        op     42071     42073                 -0.00585886        45
   44773        0.00011276        op       238       239                  0.02898029       257
   44774        0.00011276        om       238       239                  0.02898029       257
   96383       -0.00011197        op     39389     39390                 -0.01668344       149
   96384       -0.00011197        om     39389     39390                 -0.01668344       149
   89811        0.00011160        op     34323     34324                  0.01796821       161
   89812        0.00011160        om     34323     34324                  0.01796821       161

  ==> Add operator: mvp2 -1: 42071 42072
  ==> Current qubit order: 0  1  2  3  4  5  6  8  9  10  11  12  13  14  15  16  17  18  19  20  21  22  23  24  25  26  27  28  29  30  31  32  33  34  35  36  37  38  39  40  41  42  44  45  48  49  43  47  55  53  7  95  50  52  56  57  46  54  51  79  58  59  60  61  62  63  64  65  66  67  68  69  70  71  72  73  74  75  76  77  78  80  81  82  83  84  85  86  87  88  89  90  91  92  93  94  96  97  98  99  100  101  102  103  


  ==> Energy                -305.901823277
  ==> dE                       -1.13e-05
  ==> Gradient Norm             2.65e-01
  ==> Abs. Max. Deriv.          3.80e-02
  ==> Time-Grad. (s)              70.524
  ==> Time-Energy (s)             14.379
  ==> Time-Iter. (s)              86.362

--------------------------------------------------------------------------------
CEO-ADAPT-VQE iteration: 7
--------------------------------------------------------------------------------
    gate        derivative      name       op1       op2       op3        g_unscaled   penalty
   98032        0.00038340        op     40354     40356                  0.03412218        89
   98033        0.00038340        op     40354     40356                  0.03412218        89
   98028        0.00038336        op     40354     40355                  0.03411913        89
   98029        0.00038336        op     40354     40355                  0.03411913        89
   40354        0.00032494    a_iajb     40354                            0.03411913       105
   97369        0.00020539        om     39850     39851                  0.02279877       111
   97368        0.00020536        op     39850     39851                  0.02279468       111
   39850        0.00017950    a_iajb     39850                            0.02279673       127
   97370       -0.00011695        op     39852     39853                 -0.01929647       165
   97371       -0.00011695        om     39852     39853                 -0.01929647       165

  ==> Add operator: mvp2 -1: 40354 40356
  ==> Current qubit order: 0  1  2  3  4  5  6  8  9  10  11  12  13  14  15  16  17  18  19  20  21  22  23  24  25  26  27  28  29  30  31  32  33  35  36  37  38  39  40  41  42  44  45  48  49  43  47  55  53  7  95  34  50  54  62  52  56  57  46  51  79  58  59  60  61  63  64  65  66  67  68  69  70  71  72  73  74  75  76  77  78  80  81  82  83  84  85  86  87  88  89  90  91  92  93  94  96  97  98  99  100  101  102  103  


  ==> Energy                -305.902088225
  ==> dE                       -2.65e-04
  ==> Gradient Norm             2.61e-01
  ==> Abs. Max. Deriv.          3.80e-02
  ==> Time-Grad. (s)             183.775
  ==> Time-Energy (s)             14.728
  ==> Time-Iter. (s)             199.923

--------------------------------------------------------------------------------
CEO-ADAPT-VQE iteration: 8
--------------------------------------------------------------------------------
    gate        derivative      name       op1       op2       op3        g_unscaled   penalty
   97739       -0.00015778        op     40223     40224                 -0.02003813       127
   97740       -0.00015778        op     40223     40224                 -0.02003813       127
  101131       -0.00015246        op     42796     42797                 -0.01753298       115
   90935        0.00014763        op     35006     35007                  0.02553988       173
   90936        0.00014763        om     35006     35007                  0.02553988       173
   97743       -0.00014294        op     40223     40225                 -0.01815352       127
   97744       -0.00014294        op     40223     40225                 -0.01815352       127
   40223       -0.00014021    a_iajb     40223                           -0.02004995       143
   35006        0.00013513    a_iajb     35006                            0.02553988       189
   42796       -0.00011850    a_iajb     42796                           -0.01552367       131

  ==> Add operator: mvp3 -1: 40223 40224 40225
  ==> Current qubit order: 0  1  2  3  4  5  6  8  9  10  11  12  13  14  15  16  17  18  19  20  21  22  23  24  25  26  27  28  29  30  31  32  33  35  36  37  38  39  40  41  42  44  45  48  49  43  47  55  53  7  95  50  62  52  56  57  51  79  58  59  60  34  54  46  90  61  63  64  65  66  67  68  69  70  71  72  73  74  75  76  77  78  80  81  82  83  84  85  86  87  88  89  91  92  93  94  96  97  98  99  100  101  102  103  


  ==> Energy                -305.902225078
  ==> dE                       -1.37e-04
  ==> Gradient Norm             2.43e-01
  ==> Abs. Max. Deriv.          3.80e-02
  ==> Time-Grad. (s)              70.406
  ==> Time-Energy (s)             44.079
  ==> Time-Iter. (s)             115.996

--------------------------------------------------------------------------------
CEO-ADAPT-VQE iteration: 9
--------------------------------------------------------------------------------
    gate        derivative      name       op1       op2       op3        g_unscaled   penalty
   97789       -0.00026820        op     40269     40270                 -0.02226097        83
   97790       -0.00026812        om     40269     40270                 -0.02225387        83
   40269       -0.00022482    a_iajb     40269                           -0.02225742        99
   97821        0.00015332        op     40295     40296                  0.00904614        59
  100851        0.00013940        op     42599     42600                  0.01407965       101
  100852        0.00013940        om     42599     42600                  0.01407965       101
      76       -0.00013025      a_ia        76                           -0.00208406        16
   97831       -0.00012957        op     40305     40306                 -0.01334601       103
   97832       -0.00012957        om     40305     40306                 -0.01334601       103
   81605        0.00012310        op     28060     28061                  0.00750939        61

  ==> Add operator: mvp2 -1: 40269 40270
  ==> Current qubit order: 0  1  2  3  4  5  6  8  9  10  11  12  13  14  15  16  17  18  19  20  21  22  23  24  25  26  27  28  29  30  31  32  33  35  36  37  38  39  40  41  42  44  45  48  49  43  55  7  95  50  62  47  53  58  34  52  56  57  51  79  59  60  54  46  90  61  63  64  65  66  67  68  69  70  71  72  73  74  75  76  77  78  80  81  82  83  84  85  86  87  88  89  91  92  93  94  96  97  98  99  100  101  102  103  


  ==> Energy                -305.902358342
  ==> dE                       -1.33e-04
  ==> Gradient Norm             2.54e-01
  ==> Abs. Max. Deriv.          3.80e-02
  ==> Time-Grad. (s)              68.924
  ==> Time-Energy (s)             29.476
  ==> Time-Iter. (s)             100.118

--------------------------------------------------------------------------------
CEO-ADAPT-VQE iteration: 10
--------------------------------------------------------------------------------
    gate        derivative      name       op1       op2       op3        g_unscaled   penalty
   97885        0.00030855        op     40524     40525                  0.03116308       101
   97886        0.00030855        op     40524     40525                  0.03116308       101
   97889        0.00028038        op     40524     40526                  0.02831822       101
   97890        0.00028038        op     40524     40526                  0.02831822       101
   40524        0.00026635    a_iajb     40524                            0.03116308       117
      87       -0.00017360      a_ia        87                           -0.00208316        12
   96721        0.00016253        op     39666     39667                  0.01544025        95
   96722        0.00016229        om     39666     39667                  0.01541775        95
   96553        0.00015531        op     39534     39535                  0.02718002       175
   96554        0.00015531        om     39534     39535                  0.02718002       175

  ==> Add operator: mvp2 -1: 40524 40526
  ==> Current qubit order: 0  1  2  3  4  5  6  8  9  10  11  12  13  14  15  16  17  18  19  20  21  22  23  24  25  26  27  28  29  30  31  32  33  36  37  38  39  40  41  42  44  45  48  49  43  7  95  50  35  55  47  67  62  53  58  34  52  56  57  51  79  59  60  54  46  90  61  63  64  65  66  68  69  70  71  72  73  74  75  76  77  78  80  81  82  83  84  85  86  87  88  89  91  92  93  94  96  97  98  99  100  101  102  103  


  ==> Energy                -305.902789257
  ==> dE                       -4.31e-04
  ==> Gradient Norm             2.62e-01
  ==> Abs. Max. Deriv.          3.80e-02
  ==> Time-Grad. (s)              66.176
  ==> Time-Energy (s)             58.644
  ==> Time-Iter. (s)             126.287

--------------------------------------------------------------------------------
CEO-ADAPT-VQE iteration: 11
--------------------------------------------------------------------------------
    gate        derivative      name       op1       op2       op3        g_unscaled   penalty
      91        0.00222614      a_ia        91                            0.01335682         6
      69        0.00036352      a_ia        69                            0.00145406         4
      93       -0.00020832      a_ia        93                           -0.00208321        10
   97804       -0.00014467        op     40259     40260                 -0.01634827       113
   97805       -0.00014223        om     40259     40260                 -0.01607215       113
   96318        0.00014210        op     39139     39140                  0.01520441       107
   81632       -0.00013884        op     28068     28069                 -0.01041263        75
   81633       -0.00013881        om     28068     28069                 -0.01041055        75
   98044       -0.00013605        op     40445     40446                 -0.01183645        87
   98045       -0.00013431        om     40445     40446                 -0.01168498        87

  ==> Add operator: a_ia 91
  ==> Current qubit order: 0  1  2  3  4  5  6  8  9  10  11  12  13  14  15  16  17  18  19  20  21  22  23  24  25  26  27  28  29  30  31  32  33  36  37  38  39  40  41  42  44  45  48  49  43  7  95  50  35  55  67  62  47  53  58  34  52  56  57  51  79  59  60  54  46  90  61  63  64  65  66  68  69  70  71  72  73  74  75  76  77  78  80  81  82  83  84  85  86  87  88  89  91  92  93  94  96  97  98  99  100  101  102  103  


  ==> Energy                -305.902938783
  ==> dE                       -1.50e-04
  ==> Gradient Norm             2.47e-01
  ==> Abs. Max. Deriv.          3.80e-02
  ==> Time-Grad. (s)              64.637
  ==> Time-Energy (s)             42.854
  ==> Time-Iter. (s)             108.993

--------------------------------------------------------------------------------
CEO-ADAPT-VQE iteration: 12
--------------------------------------------------------------------------------
    gate        derivative      name       op1       op2       op3        g_unscaled   penalty
      78        0.00046968      a_ia        78                            0.00187872         4
   97003        0.00039938        op     40007     40008                  0.03634356        91
   97004        0.00038086        om     40007     40008                  0.03465802        91
   40007        0.00033178    a_iajb     40007                            0.03550079       107
   97162       -0.00027218        om     40132     40133                 -0.01986883        73
   97161       -0.00027067        op     40132     40133                 -0.01975914        73
   40132       -0.00022263    a_iajb     40132                           -0.01981399        89
     102       -0.00021126      a_ia       102                           -0.00211263        10
   44827        0.00011827        op       419       420                  0.02897630       245
   44828        0.00011827        om       419       420                  0.02897630       245

  ==> Add operator: a_ia 78
  ==> Current qubit order: 0  1  2  3  4  5  6  8  9  10  11  12  13  14  15  16  17  18  19  20  21  22  23  24  25  26  27  28  29  30  31  32  33  36  37  38  39  40  41  42  44  45  48  49  43  7  50  95  35  55  67  62  47  53  58  34  52  56  57  51  79  59  60  54  46  90  61  63  64  65  66  68  69  70  71  72  73  74  75  76  77  78  80  81  82  83  84  85  86  87  88  89  91  92  93  94  96  97  98  99  100  101  102  103  


  ==> Energy                -305.902939385
  ==> dE                       -6.02e-07
  ==> Gradient Norm             2.52e-01
  ==> Abs. Max. Deriv.          3.80e-02
  ==> Time-Grad. (s)              72.134
  ==> Time-Energy (s)             14.776
  ==> Time-Iter. (s)              88.361

--------------------------------------------------------------------------------
CEO-ADAPT-VQE iteration: 13
--------------------------------------------------------------------------------
    gate        derivative      name       op1       op2       op3        g_unscaled   penalty
     107       -0.00026407      a_ia       107                           -0.00211256         8
   97422       -0.00022327        op     40425     40426                 -0.02478327       111
   97423       -0.00022327        op     40425     40426                 -0.02478327       111
   97426       -0.00019527        op     40425     40427                 -0.02167459       111
   97427       -0.00019527        op     40425     40427                 -0.02167459       111
   40425       -0.00019514    a_iajb     40425                           -0.02478341       127
   96595       -0.00016201        om     39801     39802                 -0.01830757       113
   96594       -0.00015599        op     39801     39802                 -0.01762687       113
   39801       -0.00013928    a_iajb     39801                           -0.01796722       129
   99920        0.00013390        op     42407     42408                  0.01325574        99

  ==> Add operator: a_ia 107
  ==> Current qubit order: 0  1  2  3  4  5  6  8  9  10  11  12  13  14  15  16  17  18  19  20  21  22  23  24  25  26  27  28  29  30  31  32  33  36  37  38  39  40  41  42  44  45  49  43  7  48  50  95  35  55  67  62  47  53  58  34  52  56  57  51  79  59  60  54  46  90  61  63  64  65  66  68  69  70  71  72  73  74  75  76  77  78  80  81  82  83  84  85  86  87  88  89  91  92  93  94  96  97  98  99  100  101  102  103  


  ==> Energy                -305.903044970
  ==> dE                       -1.06e-04
  ==> Gradient Norm             2.59e-01
  ==> Abs. Max. Deriv.          3.80e-02
  ==> Time-Grad. (s)              70.852
  ==> Time-Energy (s)             36.930
  ==> Time-Iter. (s)             109.249

--------------------------------------------------------------------------------
CEO-ADAPT-VQE iteration: 14
--------------------------------------------------------------------------------
    gate        derivative      name       op1       op2       op3        g_unscaled   penalty
  100247        0.00141844        om     42532     42533                  0.08652473        61
  100246        0.00140107        op     42532     42533                  0.08546525        61
   42532        0.00111682    a_iajb     42532                            0.08599499        77
   97106        0.00023054        op     40121     40122                  0.02420651       105
   97107        0.00023054        op     40121     40122                  0.02420651       105
   97110        0.00020756        op     40121     40123                  0.02179336       105
   97111        0.00020756        op     40121     40123                  0.02179336       105
   40121        0.00020023    a_iajb     40121                            0.02422843       121
      96        0.00017170      a_ia        96                            0.00034341         2
   97124        0.00015894        op     40133     40134                  0.01573539        99

  ==> Add operator: mvp2 -1: 42532 42533
  ==> Current qubit order: 0  1  2  3  4  5  6  8  9  10  11  12  13  14  15  16  17  18  19  20  21  22  23  24  25  26  27  28  29  30  31  32  33  36  37  38  39  40  41  42  44  45  49  43  7  48  95  35  55  67  62  58  34  50  47  53  54  52  56  57  51  79  59  60  46  90  61  63  64  65  66  68  69  70  71  72  73  74  75  76  77  78  80  81  82  83  84  85  86  87  88  89  91  92  93  94  96  97  98  99  100  101  102  103  


  ==> Energy                -305.906481184
  ==> dE                       -3.44e-03
  ==> Gradient Norm             2.85e-01
  ==> Abs. Max. Deriv.          8.65e-02
  ==> Time-Grad. (s)              68.659
  ==> Time-Energy (s)              1.571
  ==> Time-Iter. (s)              71.695

--------------------------------------------------------------------------------
CEO-ADAPT-VQE iteration: 15
--------------------------------------------------------------------------------
    gate        derivative      name       op1       op2       op3        g_unscaled   penalty
     128       -0.00233379      a_ia       128                           -0.00466759         2
   96406        0.00047720        op     39577     39578                  0.05965053       125
   96407        0.00047720        om     39577     39578                  0.05965053       125
   39577        0.00042305    a_iajb     39577                            0.05965053       141
   98600        0.00015477        op     41258     41259                  0.01532176        99
   98601        0.00015477        om     41258     41259                  0.01532176        99
   98598        0.00014433        op     41256     41257                  0.01313401        91
   98599        0.00014433        om     41256     41257                  0.01313389        91
   41258        0.00013323    a_iajb     41258                            0.01532176       115
   81234        0.00013320        op     28023     28024                  0.01132216        85

  ==> Add operator: a_ia 128
  ==> Current qubit order: 0  1  2  3  4  5  6  8  9  10  11  12  13  14  15  16  17  18  19  20  21  22  23  24  25  26  27  28  29  30  31  32  33  36  37  38  39  40  41  42  44  45  49  43  7  48  95  35  55  67  62  58  34  50  47  53  54  52  56  57  51  79  59  60  46  90  61  63  64  65  66  68  69  70  71  72  73  74  75  76  77  78  80  81  82  83  84  85  86  87  88  89  91  92  93  94  96  97  98  99  100  101  102  103  


  ==> Energy                -305.906498728
  ==> dE                       -1.75e-05
  ==> Gradient Norm             2.68e-01
  ==> Abs. Max. Deriv.          5.97e-02
  ==> Time-Grad. (s)              79.574
  ==> Time-Energy (s)              0.665
  ==> Time-Iter. (s)              81.791

--------------------------------------------------------------------------------
CEO-ADAPT-VQE iteration: 16
--------------------------------------------------------------------------------
    gate        derivative      name       op1       op2       op3        g_unscaled   penalty
   99565        0.00024939        op     42249     42250                  0.02069954        83
   99566        0.00024939        om     42249     42250                  0.02069954        83
   42249        0.00020909    a_iajb     42249                            0.02069954        99
   81018       -0.00019183        om     28003     28004                 -0.01093405        57
   81017       -0.00018670        op     28003     28004                 -0.01064179        57
   28003       -0.00014778    a_iajb     28003                           -0.01078792        73
   97701       -0.00013455        op     40826     40827                 -0.01628106       121
   97702       -0.00013455        om     40826     40827                 -0.01628106       121
   96691        0.00012856        op     40029     40030                  0.00964214        75
   96692        0.00012856        om     40029     40030                  0.00964214        75

  ==> Add operator: op -1: 42249 42250
  ==> Current qubit order: 0  1  2  3  4  5  6  8  9  10  11  12  13  14  15  16  17  18  19  20  21  22  23  24  25  26  27  28  29  30  31  32  33  36  37  38  39  40  41  42  44  45  49  43  7  48  95  35  55  67  62  58  34  50  53  54  52  56  57  51  79  59  60  90  61  47  46  72  73  63  64  65  66  68  69  70  71  74  75  76  77  78  80  81  82  83  84  85  86  87  88  89  91  92  93  94  96  97  98  99  100  101  102  103  


  ==> Energy                -305.906556950
  ==> dE                       -5.82e-05
  ==> Gradient Norm             2.56e-01
  ==> Abs. Max. Deriv.          3.80e-02
  ==> Time-Grad. (s)              78.470
  ==> Time-Energy (s)              0.840
  ==> Time-Iter. (s)              80.765

--------------------------------------------------------------------------------
CEO-ADAPT-VQE iteration: 17
--------------------------------------------------------------------------------
    gate        derivative      name       op1       op2       op3        g_unscaled   penalty
   95294        0.00026436        op     38977     38978                  0.03621770       137
   95295        0.00022583        om     38977     38978                  0.03093819       137
   38977        0.00021946    a_iajb     38977                            0.03357795       153
   97146       -0.00017244        op     40369     40371                 -0.01120886        65
   97147       -0.00017244        op     40369     40371                 -0.01120886        65
   97142       -0.00017147        op     40369     40370                 -0.01114562        65
   97143       -0.00017147        op     40369     40370                 -0.01114562        65
   99649        0.00016773        om     42305     42306                  0.01425666        85
   99648        0.00016662        op     42305     42306                  0.01416282        85
   42305        0.00014069    a_iajb     42305                            0.01420974       101

  ==> Add operator: mvp2 -1: 38977 38978
  ==> Current qubit order: 0  1  2  3  4  5  6  8  9  10  11  12  13  14  15  16  17  18  19  20  21  22  23  24  25  26  27  28  29  31  32  33  36  37  38  39  40  41  42  44  45  49  43  7  48  95  35  67  62  58  34  50  53  30  55  47  66  54  52  56  57  51  79  59  60  90  61  46  72  73  63  64  65  68  69  70  71  74  75  76  77  78  80  81  82  83  84  85  86  87  88  89  91  92  93  94  96  97  98  99  100  101  102  103  


  ==> Energy                -305.906971568
  ==> dE                       -4.15e-04
  ==> Gradient Norm             2.67e-01
  ==> Abs. Max. Deriv.          3.80e-02
  ==> Time-Grad. (s)             172.464
  ==> Time-Energy (s)              1.586
  ==> Time-Iter. (s)             175.525

--------------------------------------------------------------------------------
CEO-ADAPT-VQE iteration: 18
--------------------------------------------------------------------------------
    gate        derivative      name       op1       op2       op3        g_unscaled   penalty
   95834        0.00025874        op     39309     39310                  0.06649565       257
   95835        0.00025874        om     39309     39310                  0.06649565       257
   39309        0.00024357    a_iajb     39309                            0.06649565       273
   95836        0.00014529        op     39311     39312                  0.02833186       195
   95837        0.00014529        om     39311     39312                  0.02833186       195
   39311        0.00013427    a_iajb     39311                            0.02833186       211
   44802        0.00012125        op       622       623                  0.02897815       239
   44803        0.00012125        om       622       623                  0.02897815       239
      36       -0.00011830      a_ia        36                           -0.00094640         8
   95466       -0.00011791        op     39028     39029                 -0.01521078       129

  ==> Add operator: op -1: 39309 39310
  ==> Current qubit order: 0  1  2  3  4  5  6  8  9  10  11  12  13  14  15  16  17  18  19  20  21  22  23  24  25  26  27  28  29  31  36  37  38  39  40  41  42  44  45  49  43  7  48  95  35  67  62  58  34  50  53  30  55  47  66  54  52  56  32  33  88  89  57  51  79  59  60  90  61  46  72  73  63  64  65  68  69  70  71  74  75  76  77  78  80  81  82  83  84  85  86  87  91  92  93  94  96  97  98  99  100  101  102  103  


  ==> Energy                -305.907348933
  ==> dE                       -3.77e-04
  ==> Gradient Norm             2.71e-01
  ==> Abs. Max. Deriv.          6.65e-02
  ==> Time-Grad. (s)              70.510
  ==> Time-Energy (s)              0.892
  ==> Time-Iter. (s)              72.855

--------------------------------------------------------------------------------
CEO-ADAPT-VQE iteration: 19
--------------------------------------------------------------------------------
    gate        derivative      name       op1       op2       op3        g_unscaled   penalty
     145        0.00027780      a_ia       145                            0.01000082        36
   95930       -0.00026339        op     39022     39023                 -0.03292390       125
   95931       -0.00024738        om     39022     39023                 -0.03092200       125
     150        0.00024390      a_ia       150                            0.01121940        46
   97348        0.00022889        op     40095     40096                  0.00938468        41
   97349        0.00022683        om     40095     40096                  0.00929995        41
   39022       -0.00022640    a_iajb     39022                           -0.03192295       141
   88920        0.00021324        op     33740     33741                  0.03219896       151
   88921        0.00021324        om     33740     33741                  0.03219896       151
   85518       -0.00021021        op     31172     31173                 -0.03132102       149

  ==> Add operator: a_ia 145
  ==> Current qubit order: 0  1  2  3  4  5  6  8  9  10  11  12  13  14  15  16  17  18  19  20  21  22  23  24  25  26  27  28  29  31  36  37  38  39  40  42  44  45  49  43  7  48  95  35  67  62  58  34  50  53  30  55  41  47  66  54  52  56  32  33  88  89  57  51  79  59  60  90  61  46  72  73  63  64  65  68  69  70  71  74  75  76  77  78  80  81  82  83  84  85  86  87  91  92  93  94  96  97  98  99  100  101  102  103  


  ==> Energy                -305.907376937
  ==> dE                       -2.80e-05
  ==> Gradient Norm             2.67e-01
  ==> Abs. Max. Deriv.          3.80e-02
  ==> Time-Grad. (s)              88.108
  ==> Time-Energy (s)              1.109
  ==> Time-Iter. (s)              90.667

--------------------------------------------------------------------------------
CEO-ADAPT-VQE iteration: 20
--------------------------------------------------------------------------------
    gate        derivative      name       op1       op2       op3        g_unscaled   penalty
     183        0.00034054      a_ia       183                            0.02111353        62
   96452        0.00031984        op     39704     39705                  0.02270880        71
   96453        0.00024761        om     39704     39705                  0.01758048        71
     160        0.00023280      a_ia       160                            0.01117454        48
   39704        0.00023155    a_iajb     39704                            0.02014464        87
     187       -0.00019850      a_ia       187                           -0.00913119        46
     188        0.00015883      a_ia       188                            0.00412965        26
     178        0.00013673      a_ia       178                            0.00382856        28
   95494       -0.00012827        op     38983     38984                 -0.02398727       187
   95495       -0.00012827        om     38983     38984                 -0.02398727       187

  ==> Add operator: a_ia 183
  ==> Current qubit order: 0  1  2  3  4  5  6  8  9  10  11  12  13  14  15  16  17  18  19  20  21  22  23  24  25  26  27  28  29  31  36  37  38  39  40  42  44  45  49  43  7  48  95  35  67  62  58  34  50  30  55  41  47  66  54  52  56  32  33  88  89  57  51  79  59  60  90  61  46  72  73  63  64  65  68  69  70  71  74  53  75  76  77  78  80  81  82  83  84  85  86  87  91  92  93  94  96  97  98  99  100  101  102  103  


  ==> Energy                -305.907476099
  ==> dE                       -9.92e-05
  ==> Gradient Norm             2.54e-01
  ==> Abs. Max. Deriv.          3.80e-02
  ==> Time-Grad. (s)             188.577
  ==> Time-Energy (s)              1.386
  ==> Time-Iter. (s)             191.419

--------------------------------------------------------------------------------
CEO-ADAPT-VQE iteration: 21
--------------------------------------------------------------------------------
    gate        derivative      name       op1       op2       op3        g_unscaled   penalty
     175        0.00044530      a_ia       175                            0.01157768        26
   96249       -0.00040248        op     39530     39531                 -0.02777130        69
   96250       -0.00040248        op     39530     39531                 -0.02777130        69
   96253       -0.00036480        op     39530     39532                 -0.02517087        69
   96254       -0.00036480        op     39530     39532                 -0.02517087        69
   39530       -0.00032672    a_iajb     39530                           -0.02777130        85
     169        0.00024403      a_ia       169                            0.01122543        46
   96647       -0.00021130        op     39823     39824                 -0.01204391        57
   96648       -0.00021130        op     39823     39824                 -0.01204391        57
   95295        0.00018151        op     38798     38799                  0.02268920       125

  ==> Add operator: a_ia 175
  ==> Current qubit order: 0  1  2  3  4  5  6  8  9  10  11  12  13  14  15  16  17  18  19  20  21  22  23  24  25  26  27  28  29  31  36  37  38  39  40  42  44  45  49  43  7  48  95  35  67  62  58  34  50  30  55  41  47  66  54  56  32  33  88  89  57  51  79  59  60  90  61  52  46  72  73  63  64  65  68  69  70  71  74  53  75  76  77  78  80  81  82  83  84  85  86  87  91  92  93  94  96  97  98  99  100  101  102  103  


  ==> Energy                -305.907585086
  ==> dE                       -1.09e-04
  ==> Gradient Norm             2.60e-01
  ==> Abs. Max. Deriv.          3.80e-02
  ==> Time-Grad. (s)             202.906
  ==> Time-Energy (s)              0.902
  ==> Time-Iter. (s)             205.394

--------------------------------------------------------------------------------
CEO-ADAPT-VQE iteration: 22
--------------------------------------------------------------------------------
    gate        derivative      name       op1       op2       op3        g_unscaled   penalty
   95890        0.00081671        op     39443     39444                  0.03348491        41
   95891        0.00070470        om     39443     39444                  0.02889255        41
   39443        0.00054717    a_iajb     39443                            0.03118873        57
   99604       -0.00026424        op     42317     42318                 -0.02510295        95
   99605       -0.00026424        om     42317     42318                 -0.02510295        95
     177        0.00025570      a_ia       177                            0.01125066        44
   42317       -0.00022615    a_iajb     42317                           -0.02510295       111
     150        0.00021079      a_ia       150                            0.00042158         2
   80832        0.00015674        op     28038     28040                  0.01583032       101
   80833        0.00015674        op     28038     28040                  0.01583032       101

  ==> Add operator: mvp2 -1: 39443 39444
  ==> Current qubit order: 0  1  2  3  4  5  6  8  9  10  11  12  13  14  15  16  17  18  19  20  21  22  23  24  25  26  27  28  29  31  36  37  38  39  40  42  44  45  49  43  7  48  95  35  67  62  58  34  50  30  41  66  55  47  32  88  54  56  33  89  57  51  79  59  60  90  61  52  46  72  73  63  64  65  68  69  70  71  74  53  75  76  77  78  80  81  82  83  84  85  86  87  91  92  93  94  96  97  98  99  100  101  102  103  


  ==> Energy                -305.907825245
  ==> dE                       -2.40e-04
  ==> Gradient Norm             2.58e-01
  ==> Abs. Max. Deriv.          3.80e-02
  ==> Time-Grad. (s)              94.571
  ==> Time-Energy (s)              2.184
  ==> Time-Iter. (s)              98.223

--------------------------------------------------------------------------------
CEO-ADAPT-VQE iteration: 23
--------------------------------------------------------------------------------
    gate        derivative      name       op1       op2       op3        g_unscaled   penalty
   99929        0.00058610        op     42499     42501                  0.06036868       103
   99930        0.00058610        op     42499     42501                  0.06036868       103
   99925        0.00052305        op     42499     42500                  0.05387418       103
   99926        0.00052305        op     42499     42500                  0.05387418       103
   42499        0.00050161    a_iajb     42499                            0.05969194       119
     217        0.00026556      a_ia       217                            0.00531118        20
     186        0.00025576      a_ia       186                            0.01125348        44
     159        0.00021982      a_ia       159                            0.00043963         2
   97831        0.00019836        op     40933     40934                  0.01884429        95
   97832        0.00019800        om     40933     40934                  0.01881047        95

  ==> Add operator: mvp3 -1: 42499 42500 42501
  ==> Current qubit order: 0  1  2  3  4  5  6  8  9  10  11  12  13  14  15  16  17  18  19  20  21  22  23  24  25  26  27  28  29  31  36  37  38  39  40  42  44  45  49  43  7  48  95  35  67  62  58  34  50  30  41  66  32  88  54  56  33  89  57  55  47  51  53  79  59  60  90  61  52  46  72  73  63  64  65  68  69  70  71  74  75  76  77  78  80  81  82  83  84  85  86  87  91  92  93  94  96  97  98  99  100  101  102  103  


  ==> Energy                -305.911006696
  ==> dE                       -3.18e-03
  ==> Gradient Norm             2.79e-01
  ==> Abs. Max. Deriv.          6.04e-02
  ==> Time-Grad. (s)             103.147
  ==> Time-Energy (s)              2.776
  ==> Time-Iter. (s)             107.387

--------------------------------------------------------------------------------
CEO-ADAPT-VQE iteration: 24
--------------------------------------------------------------------------------
    gate        derivative      name       op1       op2       op3        g_unscaled   penalty
     218        0.00360884      a_ia       218                            0.00721767         2
     229        0.00090092      a_ia       229                            0.00720734         8
     204       -0.00058502      a_ia       204                           -0.00117004         2
     197        0.00030590      a_ia       197                            0.01345940        44
   96973       -0.00028017        om     40237     40238                 -0.03333982       119
   96972       -0.00027984        op     40237     40238                 -0.03330064       119
     169        0.00026690      a_ia       169                            0.00053379         2
   40237       -0.00024682    a_iajb     40237                           -0.03332023       135
   96982        0.00018205        op     40247     40248                  0.02676086       147
   96983        0.00018205        om     40247     40248                  0.02676086       147

  ==> Add operator: a_ia 218
  ==> Current qubit order: 0  1  2  3  4  5  6  8  9  10  11  12  13  14  15  16  17  18  19  20  21  22  23  24  25  26  27  28  29  31  36  37  38  39  40  42  44  45  49  43  7  48  95  35  67  62  58  34  50  30  41  66  32  88  54  56  33  89  57  55  47  51  53  79  59  60  90  61  52  46  72  73  63  64  65  68  69  70  71  74  75  76  77  78  80  81  82  83  84  85  86  87  91  92  93  94  96  97  98  99  100  101  102  103  


  ==> Energy                -305.911057577
  ==> dE                       -5.09e-05
  ==> Gradient Norm             2.70e-01
  ==> Abs. Max. Deriv.          3.80e-02
  ==> Time-Grad. (s)              78.615
  ==> Time-Energy (s)              1.281
  ==> Time-Iter. (s)              81.325

--------------------------------------------------------------------------------
CEO-ADAPT-VQE iteration: 25
--------------------------------------------------------------------------------
    gate        derivative      name       op1       op2       op3        g_unscaled   penalty
     208       -0.00070586      a_ia       208                           -0.00141172         2
     160       -0.00064317      a_ia       160                           -0.00257269         4
     201        0.00030245      a_ia       201                            0.01330801        44
     173        0.00029180      a_ia       173                            0.00058360         2
   95044        0.00027893        op     38825     38826                  0.01478321        53
   95045        0.00022140        om     38825     38826                  0.01173444        53
   96126       -0.00021433        op     39667     39668                 -0.01864670        87
   96127       -0.00021433        op     39667     39668                 -0.01864670        87
   38825        0.00019216    a_iajb     38825                            0.01325883        69
   96130       -0.00019031        op     39667     39669                 -0.01655654        87

  ==> Add operator: a_ia 208
  ==> Current qubit order: 0  1  2  3  4  5  6  8  9  10  11  12  13  14  15  16  17  18  19  20  21  22  23  24  25  26  27  28  29  31  36  37  38  39  40  42  44  45  49  43  7  48  95  35  67  62  58  34  50  30  41  66  32  88  54  56  33  89  57  55  47  51  53  79  59  60  90  61  52  46  72  73  63  64  65  68  69  70  71  74  75  76  77  78  80  81  82  83  84  85  86  87  91  92  93  94  96  97  98  99  100  101  102  103  


  ==> Energy                -305.911182562
  ==> dE                       -1.25e-04
  ==> Gradient Norm             2.49e-01
  ==> Abs. Max. Deriv.          3.80e-02
  ==> Time-Grad. (s)             186.877
  ==> Time-Energy (s)            252.037
  ==> Time-Iter. (s)             440.366

--------------------------------------------------------------------------------
CEO-ADAPT-VQE iteration: 26
--------------------------------------------------------------------------------
    gate        derivative      name       op1       op2       op3        g_unscaled   penalty
     222        0.00251269      a_ia       222                            0.01005075         4
     170       -0.00075809      a_ia       170                           -0.00303236         4
     211        0.00031876      a_ia       211                            0.01402564        44
   91134       -0.00024478        op     35985     35986                 -0.02961803       121
   91135       -0.00024478        om     35985     35986                 -0.02961803       121
   35985       -0.00021619    a_iajb     35985                           -0.02961803       137
   96280        0.00018951        op     39909     39911                  0.01800348        95
   96281        0.00018951        op     39909     39911                  0.01800348        95
   96276        0.00018891        op     39909     39910                  0.01794677        95
   96277        0.00018891        op     39909     39910                  0.01794677        95

  ==> Add operator: a_ia 222
  ==> Current qubit order: 0  1  2  3  4  5  6  8  9  10  11  12  13  14  15  16  17  18  19  20  21  22  23  24  25  26  27  28  29  31  36  37  38  39  40  42  44  45  49  43  7  48  95  35  67  62  58  34  50  30  41  66  32  88  54  56  33  89  57  55  51  47  53  79  59  60  90  61  52  46  72  73  63  64  65  68  69  70  71  74  75  76  77  78  80  81  82  83  84  85  86  87  91  92  93  94  96  97  98  99  100  101  102  103  


  ==> Energy                -305.911264044
  ==> dE                       -8.15e-05
  ==> Gradient Norm             2.56e-01
  ==> Abs. Max. Deriv.          3.80e-02
  ==> Time-Grad. (s)             178.032
  ==> Time-Energy (s)              1.023
  ==> Time-Iter. (s)             180.523

--------------------------------------------------------------------------------
CEO-ADAPT-VQE iteration: 27
--------------------------------------------------------------------------------
    gate        derivative      name       op1       op2       op3        g_unscaled   penalty
     225       -0.00144225      a_ia       225                           -0.00288450         2
     176       -0.00063262      a_ia       176                           -0.00253050         4
     217        0.00033340      a_ia       217                            0.01400285        42
   99786        0.00032038        op     42370     42371                  0.02531014        79
   99787        0.00029170        om     42370     42371                  0.02304437        79
   95312        0.00029012        op     38970     38971                  0.01479591        51
   42370        0.00025450    a_iajb     42370                            0.02417725        95
   95313        0.00022891        om     38970     38971                  0.01167446        51
   95874        0.00021746        op     39403     39404                  0.04240550       195
   95875        0.00021746        om     39403     39404                  0.04240550       195

  ==> Add operator: a_ia 225
  ==> Current qubit order: 0  1  2  3  4  5  6  8  9  10  11  12  13  14  15  16  17  18  19  20  21  22  23  24  25  26  27  28  29  31  36  37  38  39  40  42  44  45  49  43  7  48  95  35  67  62  58  34  50  30  41  66  32  88  54  56  33  89  57  55  51  47  53  79  59  60  90  61  52  46  72  73  63  64  65  68  69  70  71  74  75  76  77  78  80  81  82  83  84  85  86  87  91  92  93  94  96  97  98  99  100  101  102  103  


  ==> Energy                -305.911270967
  ==> dE                       -6.92e-06
  ==> Gradient Norm             2.81e-01
  ==> Abs. Max. Deriv.          4.24e-02
  ==> Time-Grad. (s)              76.650
  ==> Time-Energy (s)              0.911
  ==> Time-Iter. (s)              79.097

--------------------------------------------------------------------------------
CEO-ADAPT-VQE iteration: 28
--------------------------------------------------------------------------------
    gate        derivative      name       op1       op2       op3        g_unscaled   penalty
     184       -0.00066272      a_ia       184                           -0.00265086         4
     239        0.00044632      a_ia       239                            0.00089264         2
     227        0.00033342      a_ia       227                            0.01400346        42
   94776        0.00021223        om     38814     38815                  0.01803963        85
   94775        0.00019621        op     38814     38815                  0.01667775        85
   80443       -0.00019004        op     27866     27867                 -0.02261497       119
   80444       -0.00019004        om     27866     27867                 -0.02261497       119
   95345        0.00018560        op     39243     39244                  0.01726102        93
   95346        0.00018560        op     39243     39244                  0.01726102        93
   95349        0.00018556        op     39243     39245                  0.01725689        93

  ==> Add operator: a_ia 184
  ==> Current qubit order: 0  1  2  3  4  5  6  8  9  10  11  12  13  14  15  16  17  18  19  20  21  22  23  24  25  26  27  28  29  31  36  37  38  39  40  42  44  45  49  43  7  48  95  35  67  62  58  34  50  41  30  66  32  88  54  56  33  89  57  55  51  47  53  79  59  60  90  61  52  46  72  73  63  64  65  68  69  70  71  74  75  76  77  78  80  81  82  83  84  85  86  87  91  92  93  94  96  97  98  99  100  101  102  103  


  ==> Energy                -305.911272896
  ==> dE                       -1.93e-06
  ==> Gradient Norm             2.61e-01
  ==> Abs. Max. Deriv.          3.80e-02
  ==> Time-Grad. (s)              84.598
  ==> Time-Energy (s)              1.214
  ==> Time-Iter. (s)              87.158

--------------------------------------------------------------------------------
CEO-ADAPT-VQE iteration: 29
--------------------------------------------------------------------------------
    gate        derivative      name       op1       op2       op3        g_unscaled   penalty
     242        0.00042420      a_ia       242                            0.00084840         2
     229        0.00033340      a_ia       229                            0.01400274        42
   95970        0.00029836        op     39528     39529                  0.01521611        51
   95971        0.00029794        om     39528     39529                  0.01519474        51
   39528        0.00022695    a_iajb     39528                            0.01520542        67
   96303       -0.00021747        om     39794     39795                 -0.01674557        77
   95601       -0.00021611        om     39260     39261                 -0.02744578       127
   96642        0.00018897        op     40064     40066                  0.01795251        95
   96643        0.00018897        op     40064     40066                  0.01795251        95
   96638        0.00018834        op     40064     40065                  0.01789230        95

  ==> Add operator: a_ia 242
  ==> Current qubit order: 0  1  2  3  4  5  6  8  9  10  11  12  13  14  15  16  17  18  19  20  21  22  23  24  25  26  27  28  29  31  36  37  38  39  40  42  44  45  49  43  7  48  95  35  67  62  58  34  50  41  30  66  32  88  54  56  33  89  57  55  51  47  53  79  59  60  90  61  52  46  72  73  63  64  65  68  69  70  71  74  75  76  77  78  80  81  82  83  84  85  86  87  91  92  93  94  96  97  98  99  100  101  102  103  


  ==> Energy                -305.911273477
  ==> dE                       -5.81e-07
  ==> Gradient Norm             2.68e-01
  ==> Abs. Max. Deriv.          3.80e-02
  ==> Time-Grad. (s)              95.079
  ==> Time-Energy (s)              1.248
  ==> Time-Iter. (s)              97.710

--------------------------------------------------------------------------------
CEO-ADAPT-VQE iteration: 30
--------------------------------------------------------------------------------
    gate        derivative      name       op1       op2       op3        g_unscaled   penalty
     239        0.00033335      a_ia       239                            0.01400065        42
   86964        0.00016317        om     32898     32899                  0.02398567       147
     248       -0.00014613      a_ia       248                           -0.00029226         2
   86963        0.00014333        op     32898     32899                  0.02106971       147
   32898        0.00013821    a_iajb     32898                            0.02252769       163
   44841        0.00012332        op       961       962                  0.02897948       235
   44842        0.00012332        om       961       962                  0.02897948       235
   99347       -0.00011942        op     42306     42307                 -0.00824030        69
   99348       -0.00011942        om     42306     42307                 -0.00824030        69
     274        0.00011750      a_ia       274                            0.00093997         8

  ==> Add operator: a_ia 239
  ==> Current qubit order: 0  1  2  3  4  5  6  8  9  10  11  12  13  14  15  16  17  18  19  20  21  22  23  24  25  26  27  28  29  31  36  37  38  39  40  42  44  45  49  7  48  95  35  67  62  58  34  50  41  30  66  32  88  54  56  33  89  57  55  43  51  47  53  79  59  60  90  61  52  46  72  73  63  64  65  68  69  70  71  74  75  76  77  78  80  81  82  83  84  85  86  87  91  92  93  94  96  97  98  99  100  101  102  103  


  ==> Energy                -305.911338172
  ==> dE                       -6.47e-05
  ==> Gradient Norm             2.62e-01
  ==> Abs. Max. Deriv.          3.80e-02
  ==> Time-Grad. (s)              86.518
  ==> Time-Energy (s)              1.291
  ==> Time-Iter. (s)              89.249

--------------------------------------------------------------------------------
CEO-ADAPT-VQE iteration: 31
--------------------------------------------------------------------------------
    gate        derivative      name       op1       op2       op3        g_unscaled   penalty
   94723        0.00024767        op     38729     38730                  0.02402384        97
   94724        0.00024767        op     38729     38730                  0.02402384        97
   96153        0.00024030        op     39808     39809                  0.02090572        87
   96154        0.00021559        om     39808     39809                  0.01875620        87
   94727        0.00021328        op     38729     38731                  0.02068778        97
   94728        0.00021328        op     38729     38731                  0.02068778        97
   38729        0.00021256    a_iajb     38729                            0.02401939       113
   39808        0.00019253    a_iajb     39808                            0.01983096       103
   94731        0.00017484        op     38734     38735                  0.01870737       107
     260       -0.00015226      a_ia       260                           -0.00030452         2

  ==> Add operator: mvp3 -1: 38729 38730 38731
  ==> Current qubit order: 0  1  2  3  4  5  6  8  9  10  11  12  13  14  15  16  17  18  19  20  21  22  23  24  25  26  27  28  29  31  36  37  38  39  40  42  44  45  49  7  48  95  35  67  62  58  34  41  66  32  88  56  33  89  50  30  54  70  57  55  43  51  47  53  79  59  60  90  61  52  46  72  73  63  64  65  68  69  71  74  75  76  77  78  80  81  82  83  84  85  86  87  91  92  93  94  96  97  98  99  100  101  102  103  


  ==> Energy                -305.911659922
  ==> dE                       -3.22e-04
  ==> Gradient Norm             2.56e-01
  ==> Abs. Max. Deriv.          3.80e-02
  ==> Time-Grad. (s)             177.478
  ==> Time-Energy (s)              2.811
  ==> Time-Iter. (s)             181.728

--------------------------------------------------------------------------------
CEO-ADAPT-VQE iteration: 32
--------------------------------------------------------------------------------
    gate        derivative      name       op1       op2       op3        g_unscaled   penalty
   78866        0.00018352        op     26628     26629                  0.02697676       147
   78867        0.00018352        om     26628     26629                  0.02697676       147
     221       -0.00017534      a_ia       221                           -0.00140269         8
   26628        0.00016550    a_iajb     26628                            0.02697676       163
     266       -0.00013284      a_ia       266                           -0.00026568         2
   95906        0.00012868        op     39477     39478                  0.01222489        95
   44908        0.00012332        op      1004      1005                  0.02897948       235
   44909        0.00012332        om      1004      1005                  0.02897948       235
   95054        0.00012203        op     38835     38836                  0.01330105       109
   95055        0.00012203        op     38835     38836                  0.01330105       109

  ==> Add operator: op -1: 26628 26629
  ==> Current qubit order: 0  1  2  3  4  5  8  9  10  11  12  13  14  15  16  17  18  19  20  21  22  23  24  25  26  27  28  29  31  36  37  38  39  40  42  44  45  49  6  7  58  59  48  95  35  67  62  34  41  66  32  88  56  33  89  50  30  54  70  57  55  43  51  47  53  79  60  90  61  52  46  72  73  63  64  65  68  69  71  74  75  76  77  78  80  81  82  83  84  85  86  87  91  92  93  94  96  97  98  99  100  101  102  103  


  ==> Energy                -305.911731347
  ==> dE                       -7.14e-05
  ==> Gradient Norm             2.67e-01
  ==> Abs. Max. Deriv.          3.80e-02
  ==> Time-Grad. (s)             175.429
  ==> Time-Energy (s)              0.983
  ==> Time-Iter. (s)             177.882

--------------------------------------------------------------------------------
CEO-ADAPT-VQE iteration: 33
--------------------------------------------------------------------------------
    gate        derivative      name       op1       op2       op3        g_unscaled   penalty
   99310        0.00022024        om     42234     42235                  0.01343487        61
   99309        0.00022024        op     42234     42235                  0.01343485        61
   96243        0.00020253        op     39923     39925                  0.02126536       105
   96244        0.00020253        op     39923     39925                  0.02126536       105
   96239        0.00019771        op     39923     39924                  0.02075992       105
   96240        0.00019771        op     39923     39924                  0.02075992       105
   99924        0.00019367        om     42710     42711                  0.01646188        85
   99923        0.00019367        op     42710     42711                  0.01646166        85
     225       -0.00017535      a_ia       225                           -0.00140282         8
   42234        0.00017448    a_iajb     42234                            0.01343486        77

  ==> Add operator: om -1: 42234 42235
  ==> Current qubit order: 0  1  2  3  4  5  8  9  10  11  12  13  14  15  16  17  18  19  20  21  22  23  24  25  26  27  28  29  31  36  37  38  39  40  42  44  45  49  6  7  58  59  48  95  35  67  62  34  41  66  32  88  56  33  89  50  30  54  70  57  55  43  51  53  79  60  90  61  52  72  47  46  73  78  63  64  65  68  69  71  74  75  76  77  80  81  82  83  84  85  86  87  91  92  93  94  96  97  98  99  100  101  102  103  


  ==> Energy                -305.911755625
  ==> dE                       -2.43e-05
  ==> Gradient Norm             2.63e-01
  ==> Abs. Max. Deriv.          3.80e-02
  ==> Time-Grad. (s)              81.315
  ==> Time-Energy (s)              0.844
  ==> Time-Iter. (s)              83.589

--------------------------------------------------------------------------------
CEO-ADAPT-VQE iteration: 34
--------------------------------------------------------------------------------
    gate        derivative      name       op1       op2       op3        g_unscaled   penalty
     290        0.00018537      a_ia       290                            0.00037074         2
   96734       -0.00018239        op     40208     40209                 -0.01586830        87
   96735       -0.00018239        op     40208     40209                 -0.01586830        87
     228       -0.00017534      a_ia       228                           -0.00140273         8
   96738       -0.00016525        op     40208     40210                 -0.01437642        87
   96739       -0.00016525        op     40208     40210                 -0.01437642        87
   95542       -0.00016388        op     39319     39320                 -0.01360221        83
   95543       -0.00016388        om     39319     39320                 -0.01360221        83
   44928        0.00016177        op      1056      1057                  0.02863363       177
   44929        0.00016177        om      1056      1057                  0.02863363       177

  ==> Add operator: a_ia 290
  ==> Current qubit order: 0  1  2  3  4  5  8  9  10  11  12  13  14  15  16  17  18  19  20  21  22  23  24  25  26  27  28  29  31  36  37  38  39  40  42  44  45  49  6  7  58  59  48  95  35  67  62  34  41  66  32  88  56  33  89  50  30  54  70  57  55  43  51  53  79  60  90  61  52  72  47  46  73  78  63  64  65  68  69  71  74  75  76  77  80  81  82  83  84  85  86  87  91  92  93  94  96  97  98  99  100  101  102  103  


  ==> Energy                -305.911755790
  ==> dE                       -1.66e-07
  ==> Gradient Norm             2.70e-01
  ==> Abs. Max. Deriv.          3.80e-02
  ==> Time-Grad. (s)              87.750
  ==> Time-Energy (s)              1.433
  ==> Time-Iter. (s)              90.616

--------------------------------------------------------------------------------
CEO-ADAPT-VQE iteration: 35
--------------------------------------------------------------------------------
    gate        derivative      name       op1       op2       op3        g_unscaled   penalty
   95405       -0.00026235        op     39411     39412                 -0.01915163        73
   95406       -0.00026154        om     39411     39412                 -0.01909228        73
   39411       -0.00021485    a_iajb     39411                           -0.01912195        89
     231       -0.00017582      a_ia       231                           -0.00140656         8
   95223       -0.00016196        op     39268     39269                 -0.00469677        29
   44865        0.00016177        op      1078      1079                  0.02863363       177
   44866        0.00016177        om      1078      1079                  0.02863363       177
   96426       -0.00015607        om     40218     40219                 -0.02138106       137
   96425       -0.00015562        op     40218     40219                 -0.02132043       137
    1078        0.00014836    a_iajb      1078                            0.02863363       193

  ==> Add operator: mvp2 -1: 39411 39412
  ==> Current qubit order: 0  1  2  3  4  5  8  9  10  11  12  13  14  15  16  17  18  19  20  21  22  23  24  25  26  27  28  29  31  36  37  38  39  40  42  44  45  49  6  7  58  59  48  95  35  67  62  34  41  66  88  56  33  89  50  30  54  70  57  55  32  79  90  47  43  51  53  60  61  52  72  46  73  78  63  64  65  68  69  71  74  75  76  77  80  81  82  83  84  85  86  87  91  92  93  94  96  97  98  99  100  101  102  103  


  ==> Energy                -305.911807775
  ==> dE                       -5.20e-05
  ==> Gradient Norm             2.54e-01
  ==> Abs. Max. Deriv.          3.80e-02
  ==> Time-Grad. (s)              82.453
  ==> Time-Energy (s)              2.004
  ==> Time-Iter. (s)              85.895

--------------------------------------------------------------------------------
CEO-ADAPT-VQE iteration: 36
--------------------------------------------------------------------------------
    gate        derivative      name       op1       op2       op3        g_unscaled   penalty
   95849       -0.00032586        op     39597     39598                 -0.04073263       125
   95850       -0.00032067        om     39597     39598                 -0.04008408       125
   39597       -0.00028658    a_iajb     39597                           -0.04040836       141
   96239       -0.00027669        op     39894     39895                 -0.03181880       115
   79245       -0.00027414        op     27064     27065                 -0.01069162        39
   96060        0.00025822        om     39759     39760                  0.01058720        41
   96059        0.00025820        op     39759     39760                  0.01058635        41
   79246       -0.00024834        om     27064     27065                 -0.00968525        39
     312        0.00024089      a_ia       312                            0.00096357         4
     235       -0.00023632      a_ia       235                           -0.00141795         6

  ==> Add operator: mvp2 -1: 39597 39598
  ==> Current qubit order: 0  1  2  3  4  5  8  9  10  11  12  13  14  15  16  17  18  19  20  21  22  23  24  25  26  27  28  29  31  36  37  38  39  40  42  44  45  49  6  7  58  59  48  95  35  67  62  34  41  66  88  56  50  30  54  70  57  55  32  79  90  47  43  51  53  33  89  46  82  60  61  52  72  73  78  63  64  65  68  69  71  74  75  76  77  80  81  83  84  85  86  87  91  92  93  94  96  97  98  99  100  101  102  103  


  ==> Energy                -305.912047742
  ==> dE                       -2.40e-04
  ==> Gradient Norm             2.74e-01
  ==> Abs. Max. Deriv.          4.07e-02
  ==> Time-Grad. (s)             196.081
  ==> Time-Energy (s)              1.779
  ==> Time-Iter. (s)             199.316

--------------------------------------------------------------------------------
CEO-ADAPT-VQE iteration: 37
--------------------------------------------------------------------------------
    gate        derivative      name       op1       op2       op3        g_unscaled   penalty
     287       -0.00027702      a_ia       287                           -0.00720241        26
   95327       -0.00025435        op     39378     39379                 -0.01907641        75
   95328       -0.00025010        om     39378     39379                 -0.01875752        75
     317        0.00024139      a_ia       317                            0.00096556         4
   94807       -0.00023342        op     38984     38985                 -0.01563947        67
   94808       -0.00023342        op     38984     38985                 -0.01563947        67
     237       -0.00023335      a_ia       237                           -0.00140011         6
   94811       -0.00022781        op     38984     38986                 -0.01526326        67
   94812       -0.00022781        op     38984     38986                 -0.01526326        67
   39378       -0.00020788    a_iajb     39378                           -0.01891696        91

  ==> Add operator: a_ia 287
  ==> Current qubit order: 0  1  2  3  4  5  8  9  10  11  12  13  14  15  16  17  18  19  20  21  22  23  24  25  26  27  28  29  31  36  37  38  39  40  42  44  45  49  6  7  58  59  48  95  35  67  62  34  41  66  88  56  50  30  70  57  55  32  79  90  47  43  51  53  33  89  54  46  82  60  61  52  72  73  78  63  64  65  68  69  71  74  75  76  77  80  81  83  84  85  86  87  91  92  93  94  96  97  98  99  100  101  102  103  


  ==> Energy                -305.912081594
  ==> dE                       -3.39e-05
  ==> Gradient Norm             2.66e-01
  ==> Abs. Max. Deriv.          3.80e-02
  ==> Time-Grad. (s)             202.223
  ==> Time-Energy (s)              1.300
  ==> Time-Iter. (s)             204.985

--------------------------------------------------------------------------------
CEO-ADAPT-VQE iteration: 38
--------------------------------------------------------------------------------
    gate        derivative      name       op1       op2       op3        g_unscaled   penalty
     293        0.00130545      a_ia       293                            0.00261090         2
   95660       -0.00070722        op     39501     39502                 -0.03041026        43
   95661       -0.00070722        op     39501     39502                 -0.03041026        43
   95664       -0.00065059        op     39501     39503                 -0.02797524        43
   95665       -0.00065059        op     39501     39503                 -0.02797524        43
   39501       -0.00051543    a_iajb     39501                           -0.03041026        59
   95212       -0.00041950        op     39173     39174                 -0.02642866        63
   95213       -0.00033596        om     39173     39174                 -0.02116568        63
   39173       -0.00030123    a_iajb     39173                           -0.02379717        79
     240       -0.00025631      a_ia       240                           -0.00153783         6

  ==> Add operator: a_ia 293
  ==> Current qubit order: 0  1  2  3  4  5  8  9  10  11  12  13  14  15  16  17  18  19  20  21  22  23  24  25  26  27  28  29  31  36  37  38  39  40  42  44  45  49  6  7  58  59  48  95  35  67  62  34  41  66  88  56  50  30  70  57  55  32  79  90  47  43  51  53  33  89  54  46  82  60  61  52  72  73  78  63  64  65  68  69  71  74  75  76  77  80  81  83  84  85  86  87  91  92  93  94  96  97  98  99  100  101  102  103  


  ==> Energy                -305.912083278
  ==> dE                       -1.68e-06
  ==> Gradient Norm             2.70e-01
  ==> Abs. Max. Deriv.          3.80e-02
  ==> Time-Grad. (s)              84.305
  ==> Time-Energy (s)              1.134
  ==> Time-Iter. (s)              87.062

--------------------------------------------------------------------------------
CEO-ADAPT-VQE iteration: 39
--------------------------------------------------------------------------------
    gate        derivative      name       op1       op2       op3        g_unscaled   penalty
     249       -0.00025984      a_ia       249                           -0.00155904         6
     335        0.00024202      a_ia       335                            0.00096810         4
   79113       -0.00021428        op     27057     27058                 -0.01221424        57
   79114       -0.00021428        op     27057     27058                 -0.01221424        57
   79117       -0.00021426        op     27057     27059                 -0.01221294        57
   79118       -0.00021426        op     27057     27059                 -0.01221294        57
   95279        0.00018846        op     39334     39336                  0.01865801        99
   95280        0.00018846        op     39334     39336                  0.01865801        99
   95275        0.00018543        op     39334     39335                  0.01835760        99
   95276        0.00018543        op     39334     39335                  0.01835760        99

  ==> Add operator: a_ia 249
  ==> Current qubit order: 0  1  2  3  4  5  8  9  10  11  12  13  14  15  16  17  18  19  20  21  22  23  24  25  26  27  28  29  31  36  37  38  39  40  42  44  45  49  6  7  58  59  48  95  35  67  62  41  66  34  88  56  50  30  70  57  55  32  79  90  47  43  51  53  33  89  54  46  82  60  61  52  72  73  78  63  64  65  68  69  71  74  75  76  77  80  81  83  84  85  86  87  91  92  93  94  96  97  98  99  100  101  102  103  


  ==> Energy                -305.912083708
  ==> dE                       -4.30e-07
  ==> Gradient Norm             2.60e-01
  ==> Abs. Max. Deriv.          3.80e-02
  ==> Time-Grad. (s)              75.715
  ==> Time-Energy (s)              1.252
  ==> Time-Iter. (s)              78.523

--------------------------------------------------------------------------------
CEO-ADAPT-VQE iteration: 40
--------------------------------------------------------------------------------
    gate        derivative      name       op1       op2       op3        g_unscaled   penalty
     346        0.00024211      a_ia       346                            0.00096843         4
     336       -0.00017163      a_ia       336                           -0.00102977         6
   44870        0.00016177        op      1191      1192                  0.02863363       177
   44871        0.00016177        om      1191      1192                  0.02863363       177
   87026        0.00015533        op     33123     33124                  0.03836561       247
   87027        0.00015533        om     33123     33124                  0.03836561       247
    1191        0.00014836    a_iajb      1191                            0.02863363       193
   78283        0.00014620        om     26491     26492                  0.01915214       131
   78282        0.00014620        op     26491     26492                  0.01915157       131
   33123        0.00014588    a_iajb     33123                            0.03836561       263

  ==> Add operator: a_ia 346
  ==> Current qubit order: 0  1  2  3  4  5  8  9  10  11  12  13  14  15  16  17  18  19  20  21  22  23  24  25  26  27  28  29  31  36  37  38  39  40  42  44  45  49  6  7  58  59  48  95  35  67  62  41  66  34  88  56  50  30  70  57  32  55  79  90  47  43  51  53  33  89  54  46  82  60  61  52  72  73  78  63  64  65  68  69  71  74  75  76  77  80  81  83  84  85  86  87  91  92  93  94  96  97  98  99  100  101  102  103  


  ==> Energy                -305.912098732
  ==> dE                       -1.50e-05
  ==> Gradient Norm             2.69e-01
  ==> Abs. Max. Deriv.          3.84e-02
  ==> Time-Grad. (s)              83.311
  ==> Time-Energy (s)              1.179
  ==> Time-Iter. (s)              85.935

--------------------------------------------------------------------------------
CEO-ADAPT-VQE iteration: 41
--------------------------------------------------------------------------------
    gate        derivative      name       op1       op2       op3        g_unscaled   penalty
   98550        0.00028627        op     42064     42065                  0.02147037        75
   98551        0.00024641        om     42064     42065                  0.01848074        75
   42064        0.00021951    a_iajb     42064                            0.01997555        91
   90737        0.00021328        om     36068     36069                  0.02410050       113
   90736        0.00020934        op     36068     36069                  0.02365583       113
   36068        0.00018510    a_iajb     36068                            0.02387816       129
     348       -0.00017266      a_ia       348                           -0.00103594         6
   99185        0.00016980        om     42551     42552                  0.01647067        97
   99184        0.00016980        op     42551     42552                  0.01647046        97
   44832        0.00016177        op      1222      1223                  0.02863363       177

  ==> Add operator: mvp2 -1: 42064 42065
  ==> Current qubit order: 0  1  2  3  4  5  8  9  10  11  12  13  14  15  16  17  18  19  20  21  22  23  24  25  26  27  28  29  31  36  37  38  39  40  42  44  45  49  6  7  58  59  48  95  35  67  62  41  66  34  88  56  50  30  70  57  32  55  79  90  43  51  33  89  54  82  47  53  46  76  60  61  52  72  73  78  63  64  65  68  69  71  74  75  77  80  81  83  84  85  86  87  91  92  93  94  96  97  98  99  100  101  102  103  


  ==> Energy                -305.912225548
  ==> dE                       -1.27e-04
  ==> Gradient Norm             2.67e-01
  ==> Abs. Max. Deriv.          3.80e-02
  ==> Time-Grad. (s)              64.795
  ==> Time-Energy (s)              2.011
  ==> Time-Iter. (s)              68.254

--------------------------------------------------------------------------------
CEO-ADAPT-VQE iteration: 42
--------------------------------------------------------------------------------
    gate        derivative      name       op1       op2       op3        g_unscaled   penalty
     205       -0.00044000      a_ia       205                           -0.04048008        92
     319        0.00021671      a_ia       319                            0.01126867        52
   98860       -0.00021503        om     41982     41983                 -0.01526720        71
   98859       -0.00021503        op     41982     41983                 -0.01526719        71
   94437        0.00018449        op     38667     38668                  0.01863318       101
   41982       -0.00017549    a_iajb     41982                           -0.01526720        87
     329       -0.00016680      a_ia       329                           -0.00033360         2
   44947        0.00016177        op      1249      1250                  0.02863363       177
   44948        0.00016177        om      1249      1250                  0.02863363       177
     420        0.00016049      a_ia       420                            0.00032099         2

  ==> Add operator: a_ia 205
  ==> Current qubit order: 0  1  2  3  4  5  8  9  10  11  12  13  14  15  16  17  18  19  20  21  22  23  25  26  27  28  29  31  36  37  38  39  40  42  44  45  49  6  7  58  59  48  95  35  67  62  41  66  34  88  56  50  30  70  57  32  55  79  90  43  51  33  89  54  82  47  53  24  46  76  60  61  52  72  73  78  63  64  65  68  69  71  74  75  77  80  81  83  84  85  86  87  91  92  93  94  96  97  98  99  100  101  102  103  


  ==> Energy                -305.912587440
  ==> dE                       -3.62e-04
  ==> Gradient Norm             2.60e-01
  ==> Abs. Max. Deriv.          4.05e-02
  ==> Time-Grad. (s)              69.291
  ==> Time-Energy (s)              0.962
  ==> Time-Iter. (s)              71.713

--------------------------------------------------------------------------------
CEO-ADAPT-VQE iteration: 43
--------------------------------------------------------------------------------
    gate        derivative      name       op1       op2       op3        g_unscaled   penalty
     334       -0.00017068      a_ia       334                           -0.00034135         2
   44920        0.00016551        op      1265      1266                  0.02863363       173
   44921        0.00016551        om      1265      1266                  0.02863363       173
     428        0.00016114      a_ia       428                            0.00032227         2
    1265        0.00015150    a_iajb      1265                            0.02863363       189
   95696        0.00014454        op     39702     39703                  0.01257531        87
   95697        0.00014454        op     39702     39703                  0.01257531        87
     317        0.00014414      a_ia       317                            0.00490090        34
   96133       -0.00014355        om     40021     40022                 -0.02110226       147
   96132       -0.00014321        op     40021     40022                 -0.02105242       147

  ==> Add operator: a_ia 334
  ==> Current qubit order: 0  1  2  3  4  5  8  9  10  11  12  13  14  15  16  17  18  19  20  21  22  23  25  26  27  28  29  31  36  37  38  39  40  42  44  45  49  6  7  58  59  48  95  35  67  62  41  66  34  88  56  50  30  70  57  32  55  79  90  43  51  33  89  54  82  47  53  24  46  76  60  61  52  72  73  78  63  64  65  68  69  71  74  75  77  80  81  83  84  85  86  87  91  92  93  94  96  97  98  99  100  101  102  103  


  ==> Energy                -305.912587528
  ==> dE                       -8.82e-08
  ==> Gradient Norm             2.66e-01
  ==> Abs. Max. Deriv.          3.80e-02
  ==> Time-Grad. (s)              64.058
  ==> Time-Energy (s)              1.377
  ==> Time-Iter. (s)              66.892

--------------------------------------------------------------------------------
CEO-ADAPT-VQE iteration: 44
--------------------------------------------------------------------------------
    gate        derivative      name       op1       op2       op3        g_unscaled   penalty
   44808        0.00016551        op      1285      1286                  0.02863363       173
   44809        0.00016551        om      1285      1286                  0.02863363       173
     432        0.00016114      a_ia       432                            0.00032227         2
    1285        0.00015150    a_iajb      1285                            0.02863363       189
     319        0.00014414      a_ia       319                            0.00490092        34
   78545       -0.00012453        om     26936     26937                 -0.01158148        93
   95110       -0.00011002        op     39593     39594                 -0.01639343       149
   95111       -0.00011002        om     39593     39594                 -0.01639343       149
   95096        0.00010876        op     39582     39583                  0.01555274       143
   95097        0.00010876        op     39582     39583                  0.01555274       143

  ==> Add operator: op -1: 1285 1286
  ==> Current qubit order: 2  3  4  5  8  9  10  11  12  13  14  15  16  17  18  19  20  21  0  1  58  59  22  23  25  26  27  28  29  31  36  37  38  39  40  42  44  45  49  6  7  48  95  35  67  62  41  66  34  88  56  50  30  70  57  32  55  79  90  43  51  33  89  54  82  47  53  24  46  76  60  61  52  72  73  78  63  64  65  68  69  71  74  75  77  80  81  83  84  85  86  87  91  92  93  94  96  97  98  99  100  101  102  103  


  ==> Energy                -305.912646154
  ==> dE                       -5.86e-05
  ==> Gradient Norm             2.57e-01
  ==> Abs. Max. Deriv.          3.80e-02
  ==> Time-Grad. (s)              63.476
  ==> Time-Energy (s)              1.147
  ==> Time-Iter. (s)              66.088

--------------------------------------------------------------------------------
CEO-ADAPT-VQE iteration: 45
--------------------------------------------------------------------------------
    gate        derivative      name       op1       op2       op3        g_unscaled   penalty
   79679        0.00032288        om     27642     27643                  0.01969576        61
   79678        0.00031418        op     27642     27643                  0.01916478        61
   27642        0.00025234    a_iajb     27642                            0.01943027        77
   95375       -0.00020721        om     39519     39520                 -0.01429745        69
   95374       -0.00020697        op     39519     39520                 -0.01428083        69
   44900       -0.00018641        op      1324      1325                 -0.01696335        91
   44901       -0.00018641        om      1324      1325                 -0.01696335        91
   95386        0.00017693        op     39531     39532                  0.01079265        61
   95387        0.00017589        om     39531     39532                  0.01072918        61
   44908       -0.00017133        op      1332      1333                 -0.01696148        99

  ==> Add operator: mvp2 -1: 27642 27643
  ==> Current qubit order: 2  3  4  5  8  9  10  11  12  13  14  15  16  17  18  19  20  21  0  1  58  59  22  23  25  26  27  28  29  31  36  37  38  39  40  42  44  45  49  6  48  35  67  62  7  95  88  32  41  66  34  56  50  30  70  57  55  79  90  43  51  33  89  54  82  47  53  24  46  76  60  61  52  72  73  78  63  64  65  68  69  71  74  75  77  80  81  83  84  85  86  87  91  92  93  94  96  97  98  99  100  101  102  103  


  ==> Energy                -305.912690067
  ==> dE                       -4.39e-05
  ==> Gradient Norm             2.57e-01
  ==> Abs. Max. Deriv.          3.78e-02
  ==> Time-Grad. (s)              65.051
  ==> Time-Energy (s)              2.240
  ==> Time-Iter. (s)              68.751

--------------------------------------------------------------------------------
CEO-ADAPT-VQE iteration: 46
--------------------------------------------------------------------------------
    gate        derivative      name       op1       op2       op3        g_unscaled   penalty
   44868        0.00018745        op      1358      1359                  0.02268165       121
   44869        0.00018745        om      1358      1359                  0.02268165       121
   44858       -0.00018641        op      1348      1349                 -0.01696335        91
   44859       -0.00018641        om      1348      1349                 -0.01696335        91
   55182       -0.00016910        op      9206      9207                 -0.01099119        65
   55183       -0.00016910        om      9206      9207                 -0.01099119        65
    1358        0.00016556    a_iajb      1358                            0.02268165       137
     456        0.00016114      a_ia       456                            0.00032228         2
    1348       -0.00015854    a_iajb      1348                           -0.01696335       107
     335        0.00015315      a_ia       335                            0.00490091        32

  ==> Add operator: op -1: 1358 1359
  ==> Current qubit order: 2  3  4  5  8  9  10  11  12  13  14  15  16  17  18  19  20  21  58  22  23  25  26  27  28  29  0  1  59  70  31  36  37  38  39  40  42  44  45  49  6  48  35  67  62  7  95  88  32  41  66  34  56  50  30  57  55  79  90  43  51  33  89  54  82  47  53  24  46  76  60  61  52  72  73  78  63  64  65  68  69  71  74  75  77  80  81  83  84  85  86  87  91  92  93  94  96  97  98  99  100  101  102  103  


  ==> Energy                -305.912723896
  ==> dE                       -3.38e-05
  ==> Gradient Norm             2.63e-01
  ==> Abs. Max. Deriv.          3.78e-02
  ==> Time-Grad. (s)              64.112
  ==> Time-Energy (s)              1.107
  ==> Time-Iter. (s)              66.661

--------------------------------------------------------------------------------
CEO-ADAPT-VQE iteration: 47
--------------------------------------------------------------------------------
    gate        derivative      name       op1       op2       op3        g_unscaled   penalty
   44834       -0.00021995        op      1365      1366                 -0.01693645        77
   44835       -0.00021995        om      1365      1366                 -0.01693645        77
   94622        0.00021391        op     39198     39199                  0.02759414       129
   94623        0.00021164        om     39198     39199                  0.02730193       129
   94778       -0.00018996        op     39309     39310                 -0.01690604        89
   44844       -0.00018959        op      1375      1376                 -0.01725280        91
   44845       -0.00018959        om      1375      1376                 -0.01725280        91
   39198        0.00018930    a_iajb     39198                            0.02744803       145
   98281        0.00018686        om     41995     41996                  0.01737816        93
    1365       -0.00018211    a_iajb      1365                           -0.01693645        93

  ==> Add operator: op -1: 1365 1366
  ==> Current qubit order: 2  3  4  5  8  9  10  11  12  13  14  15  16  17  18  19  20  21  22  23  25  26  27  28  29  58  0  1  67  59  70  31  36  37  38  39  40  42  44  45  49  6  48  35  62  7  95  88  32  41  66  34  56  50  30  57  55  79  90  43  51  33  89  54  82  47  53  24  46  76  60  61  52  72  73  78  63  64  65  68  69  71  74  75  77  80  81  83  84  85  86  87  91  92  93  94  96  97  98  99  100  101  102  103  


  ==> Energy                -305.912742859
  ==> dE                       -1.90e-05
  ==> Gradient Norm             2.75e-01
  ==> Abs. Max. Deriv.          3.77e-02
  ==> Time-Grad. (s)              64.363
  ==> Time-Energy (s)              1.075
  ==> Time-Iter. (s)              66.887

--------------------------------------------------------------------------------
CEO-ADAPT-VQE iteration: 48
--------------------------------------------------------------------------------
    gate        derivative      name       op1       op2       op3        g_unscaled   penalty
      18       -0.00046200      a_ia        18                           -0.00092400         2
   45041       -0.00043767        op      1462      1463                 -0.01181719        27
   45042       -0.00043767        om      1462      1463                 -0.01181719        27
   96113        0.00034190        op     39985     39986                  0.03111254        91
   96114        0.00034190        op     39985     39986                  0.03111254        91
   96117        0.00030724        op     39985     39987                  0.02795898        91
   96118        0.00030724        op     39985     39987                  0.02795898        91
   39985        0.00029082    a_iajb     39985                            0.03111812       107
    1462       -0.00027482    a_iajb      1462                           -0.01181719        43
   95526        0.00026021        om     39511     39512                  0.02055651        79

  ==> Add operator: a_ia 18
  ==> Current qubit order: 2  3  4  5  8  9  10  11  12  13  14  15  16  17  18  19  20  21  22  23  25  26  27  28  29  58  0  1  67  59  70  31  36  37  38  39  40  42  44  45  49  6  48  35  62  7  95  88  32  41  66  34  56  50  30  57  55  79  90  43  51  33  89  54  82  47  53  24  46  76  60  61  52  72  73  78  63  64  65  68  69  71  74  75  77  80  81  83  84  85  86  87  91  92  93  94  96  97  98  99  100  101  102  103  


  ==> Energy                -305.912742975
  ==> dE                       -1.16e-07
  ==> Gradient Norm             2.70e-01
  ==> Abs. Max. Deriv.          3.76e-02
  ==> Time-Grad. (s)             147.020
  ==> Time-Energy (s)              1.367
  ==> Time-Iter. (s)             149.855

--------------------------------------------------------------------------------
CEO-ADAPT-VQE iteration: 49
--------------------------------------------------------------------------------
    gate        derivative      name       op1       op2       op3        g_unscaled   penalty
   44996       -0.00043739        om      1489      1490                 -0.01180944        27
   44995       -0.00043738        op      1489      1490                 -0.01180939        27
    1489       -0.00027464    a_iajb      1489                           -0.01180942        43
   94567        0.00022277        op     39082     39083                  0.01804438        81
   94568        0.00022277        op     39082     39083                  0.01804438        81
   94571        0.00020635        op     39082     39084                  0.01671423        81
   94572        0.00020635        op     39082     39084                  0.01671423        81
   44931       -0.00020029        op      1425      1426                 -0.01702457        85
   44932       -0.00020029        om      1425      1426                 -0.01702457        85
   39082        0.00018601    a_iajb     39082                            0.01804290        97

  ==> Add operator: om -1: 1489 1490
  ==> Current qubit order: 2  3  4  5  8  9  10  11  12  13  14  15  16  17  18  19  20  21  22  23  25  26  27  28  29  58  0  1  67  70  59  31  36  37  38  39  40  42  44  45  49  6  48  35  62  7  95  88  32  41  66  34  56  50  30  57  55  79  90  43  51  33  89  54  82  47  53  24  46  76  60  61  52  72  73  78  63  64  65  68  69  71  74  75  77  80  81  83  84  85  86  87  91  92  93  94  96  97  98  99  100  101  102  103  


  ==> Energy                -305.912751404
  ==> dE                       -8.43e-06
  ==> Gradient Norm             2.55e-01
  ==> Abs. Max. Deriv.          3.76e-02
  ==> Time-Grad. (s)             142.271
  ==> Time-Energy (s)              1.048
  ==> Time-Iter. (s)             144.769

--------------------------------------------------------------------------------
CEO-ADAPT-VQE iteration: 50
--------------------------------------------------------------------------------
    gate        derivative      name       op1       op2       op3        g_unscaled   penalty
   98335       -0.00036383        op     42079     42080                 -0.02583214        71
   98336       -0.00036128        om     42079     42080                 -0.02565078        71
   42079       -0.00029588    a_iajb     42079                           -0.02574146        87
   71784       -0.00027783        om     21941     21942                 -0.01083523        39
   71783       -0.00027752        op     21941     21942                 -0.01082342        39
   44873       -0.00020491        op      1451      1452                 -0.01700752        83
   44874       -0.00020491        om      1451      1452                 -0.01700752        83
   21941       -0.00019690    a_iajb     21941                           -0.01082933        55
   78575        0.00017635        op     26978     26979                  0.02169102       123
    1451       -0.00017179    a_iajb      1451                           -0.01700752        99

  ==> Add operator: mvp2 -1: 42079 42080
  ==> Current qubit order: 2  3  4  5  8  9  10  11  12  13  14  15  16  17  18  19  20  21  22  23  25  26  27  28  29  58  0  1  67  70  59  31  36  37  38  39  40  42  44  45  49  6  48  35  62  7  95  88  32  41  66  34  56  30  57  55  90  43  51  50  79  82  47  33  89  54  53  24  46  76  60  61  52  72  73  78  63  64  65  68  69  71  74  75  77  80  81  83  84  85  86  87  91  92  93  94  96  97  98  99  100  101  102  103  


  ==> Energy                -305.913046051
  ==> dE                       -2.95e-04
  ==> Gradient Norm             2.55e-01
  ==> Abs. Max. Deriv.          3.76e-02
  ==> Time-Grad. (s)              69.729
  ==> Time-Energy (s)            424.561
  ==> Time-Iter. (s)             495.669

--------------------------------------------------------------------------------
CEO-ADAPT-VQE iteration: 51
--------------------------------------------------------------------------------
    gate        derivative      name       op1       op2       op3        g_unscaled   penalty
   91558       -0.00028716        om     37049     37050                 -0.04048996       141
   91557       -0.00027924        op     37049     37050                 -0.03937319       141
   37049       -0.00025434    a_iajb     37049                           -0.03993157       157
     376       -0.00023586      a_ia       376                           -0.00188685         8
     361        0.00021533      a_ia       361                            0.00043065         2
      18        0.00021325      a_ia        18                            0.00042651         2
   44823       -0.00020651        op      1478      1479                 -0.01714059        83
   44824       -0.00020651        om      1478      1479                 -0.01714059        83
     287        0.00019088      a_ia       287                            0.00038176         2
   97921        0.00017830        op     41898     41899                  0.00980627        55

  ==> Add operator: mvp2 -1: 37049 37050
  ==> Current qubit order: 2  3  4  5  8  9  10  11  12  13  14  15  16  17  18  19  20  21  22  23  26  27  28  29  58  0  1  67  70  59  31  36  37  38  39  40  42  44  45  49  6  48  35  62  7  95  88  32  41  66  34  25  55  50  52  56  30  57  90  43  51  79  82  47  33  89  54  53  24  46  76  60  61  72  73  78  63  64  65  68  69  71  74  75  77  80  81  83  84  85  86  87  91  92  93  94  96  97  98  99  100  101  102  103  


  ==> Energy                -305.913519252
  ==> dE                       -4.73e-04
  ==> Gradient Norm             2.57e-01
  ==> Abs. Max. Deriv.          4.05e-02
  ==> Time-Grad. (s)              77.345
  ==> Time-Energy (s)              2.360
  ==> Time-Iter. (s)              81.195

--------------------------------------------------------------------------------
CEO-ADAPT-VQE iteration: 52
--------------------------------------------------------------------------------
    gate        derivative      name       op1       op2       op3        g_unscaled   penalty
   87756        0.00044517        op     33913     33914                  0.02537469        57
   87757        0.00044517        om     33913     33914                  0.02537469        57
   33913        0.00034760    a_iajb     33913                            0.02537469        73
   95776        0.00030103        op     39977     39978                  0.03040420       101
   95777        0.00030103        op     39977     39978                  0.03040420       101
   95780        0.00026791        op     39977     39979                  0.02705895       101
   95781        0.00026791        op     39977     39979                  0.02705895       101
   39977        0.00025991    a_iajb     39977                            0.03040969       117
   95735       -0.00023567        om     39944     39945                 -0.02851596       121
     367        0.00022477      a_ia       367                            0.00044953         2

  ==> Add operator: op -1: 33913 33914
  ==> Current qubit order: 2  3  4  5  8  9  10  11  12  13  14  15  16  17  19  20  21  22  23  26  18  29  58  59  27  28  0  1  67  70  31  36  37  38  39  40  42  44  45  49  6  48  35  62  7  95  88  32  41  66  34  25  55  50  52  56  30  57  90  43  51  79  82  47  33  89  54  53  24  46  76  60  61  72  73  78  63  64  65  68  69  71  74  75  77  80  81  83  84  85  86  87  91  92  93  94  96  97  98  99  100  101  102  103  


  ==> Energy                -305.913609275
  ==> dE                       -9.00e-05
  ==> Gradient Norm             2.67e-01
  ==> Abs. Max. Deriv.          3.76e-02
  ==> Time-Grad. (s)              78.868
  ==> Time-Energy (s)              1.106
  ==> Time-Iter. (s)              81.425

--------------------------------------------------------------------------------
CEO-ADAPT-VQE iteration: 53
--------------------------------------------------------------------------------
    gate        derivative      name       op1       op2       op3        g_unscaled   penalty
   97774       -0.00045904        om     41755     41756                 -0.02432937        53
   97773       -0.00044313        op     41755     41756                 -0.02348576        53
   41755       -0.00034649    a_iajb     41755                           -0.02390756        69
     370        0.00022483      a_ia       370                            0.00044965         2
   94325       -0.00021566        op     39078     39079                 -0.01746885        81
      18        0.00020772      a_ia        18                            0.00041543         2
   44861       -0.00019701        op      1530      1531                 -0.01714027        87
   44862       -0.00019701        om      1530      1531                 -0.01714027        87
     295        0.00019313      a_ia       295                            0.00038626         2
   44925        0.00018837        op      1594      1595                  0.01525788        81

  ==> Add operator: mvp2 -1: 41755 41756
  ==> Current qubit order: 2  3  4  5  8  9  10  11  12  13  14  15  16  17  19  20  21  22  23  26  18  29  58  59  27  28  0  1  67  70  31  36  37  38  39  40  42  44  45  49  6  48  35  62  7  95  88  32  41  66  34  25  55  50  52  56  30  57  90  43  51  79  82  46  47  33  89  54  53  24  76  60  61  72  73  78  63  64  65  68  69  71  74  75  77  80  81  83  84  85  86  87  91  92  93  94  96  97  98  99  100  101  102  103  


  ==> Energy                -305.913817626
  ==> dE                       -2.08e-04
  ==> Gradient Norm             2.61e-01
  ==> Abs. Max. Deriv.          3.76e-02
  ==> Time-Grad. (s)              77.883
  ==> Time-Energy (s)              1.910
  ==> Time-Iter. (s)              81.252

--------------------------------------------------------------------------------
CEO-ADAPT-VQE iteration: 54
--------------------------------------------------------------------------------
    gate        derivative      name       op1       op2       op3        g_unscaled   penalty
     394        0.00035571      a_ia       394                            0.00071142         2
   93452       -0.00031512        op     38410     38411                 -0.02867548        91
   93453       -0.00025067        om     38410     38411                 -0.02281130        91
   79312        0.00024509        op     27696     27697                  0.02181320        89
   79313        0.00024509        om     27696     27697                  0.02181320        89
   38410       -0.00024059    a_iajb     38410                           -0.02574339       107
     372        0.00023047      a_ia       372                            0.00046095         2
   27696        0.00020774    a_iajb     27696                            0.02181320       105
      18        0.00020752      a_ia        18                            0.00041503         2
   44878       -0.00019702        op      1554      1555                 -0.01714038        87

  ==> Add operator: a_ia 394
  ==> Current qubit order: 2  3  4  5  8  9  10  11  12  13  14  15  16  17  19  20  21  22  23  26  18  29  58  59  27  28  0  1  67  70  31  36  37  38  39  40  42  44  45  49  6  48  35  62  7  95  88  32  41  66  34  25  55  50  52  56  30  57  90  43  51  79  82  46  47  33  89  54  53  24  76  60  61  72  73  78  63  64  65  68  69  71  74  75  77  80  81  83  84  85  86  87  91  92  93  94  96  97  98  99  100  101  102  103  


  ==> Energy                -305.913817801
  ==> dE                       -1.75e-07
  ==> Gradient Norm             2.54e-01
  ==> Abs. Max. Deriv.          3.76e-02
  ==> Time-Grad. (s)              80.052
  ==> Time-Energy (s)              1.225
  ==> Time-Iter. (s)              82.732

--------------------------------------------------------------------------------
CEO-ADAPT-VQE iteration: 55
--------------------------------------------------------------------------------
    gate        derivative      name       op1       op2       op3        g_unscaled   penalty
   94547        0.00031674        om     39215     39216                  0.01805398        57
   94546        0.00031409        op     39215     39216                  0.01790294        57
   39215        0.00024628    a_iajb     39215                            0.01797846        73
     386        0.00023044      a_ia       386                            0.00046088         2
   94678        0.00021541        op     39329     39330                  0.04028258       187
   94679        0.00021541        om     39329     39330                  0.04028258       187
      18        0.00020880      a_ia        18                            0.00041761         2
   39329        0.00019844    a_iajb     39329                            0.04028258       203
   44890       -0.00019702        op      1577      1578                 -0.01714041        87
   44891       -0.00019702        om      1577      1578                 -0.01714041        87

  ==> Add operator: mvp2 -1: 39215 39216
  ==> Current qubit order: 2  3  4  5  8  9  10  11  12  13  14  15  16  17  19  20  21  22  23  26  18  29  58  59  27  28  0  1  67  70  31  36  37  38  39  40  42  44  45  49  6  48  35  62  7  95  88  32  41  66  34  25  55  52  56  30  57  90  43  51  79  50  82  33  89  46  47  54  53  24  76  60  61  72  73  78  63  64  65  68  69  71  74  75  77  80  81  83  84  85  86  87  91  92  93  94  96  97  98  99  100  101  102  103  


  ==> Energy                -305.913854007
  ==> dE                       -3.62e-05
  ==> Gradient Norm             2.62e-01
  ==> Abs. Max. Deriv.          4.03e-02
  ==> Time-Grad. (s)             181.235
  ==> Time-Energy (s)              2.152
  ==> Time-Iter. (s)             184.851

--------------------------------------------------------------------------------
CEO-ADAPT-VQE iteration: 56
--------------------------------------------------------------------------------
    gate        derivative      name       op1       op2       op3        g_unscaled   penalty
     393        0.00023043      a_ia       393                            0.00046087         2
      18        0.00020729      a_ia        18                            0.00041458         2
   44961       -0.00019701        op      1616      1617                 -0.01714026        87
   44962       -0.00019701        om      1616      1617                 -0.01714026        87
     314        0.00019690      a_ia       314                            0.00039380         2
   45029        0.00018837        op      1684      1685                  0.01525788        81
   45030        0.00018836        om      1684      1685                  0.01525701        81
   95123        0.00018514        op     39543     39545                  0.01092315        59
   95124        0.00018514        op     39543     39545                  0.01092315        59
   95119        0.00018340        op     39543     39544                  0.01082037        59

  ==> Add operator: a_ia 393
  ==> Current qubit order: 2  3  4  5  8  9  10  11  12  13  14  15  16  17  19  20  21  22  23  26  18  29  58  59  27  28  0  1  67  70  31  36  37  38  39  40  42  44  45  49  6  48  35  62  7  95  88  32  41  66  34  25  55  52  56  30  57  90  43  51  79  50  82  33  89  46  47  54  53  24  76  60  61  72  73  78  63  64  65  68  69  71  74  75  77  80  81  83  84  85  86  87  91  92  93  94  96  97  98  99  100  101  102  103  


  ==> Energy                -305.913857010
  ==> dE                       -3.00e-06
  ==> Gradient Norm             2.65e-01
  ==> Abs. Max. Deriv.          3.76e-02
  ==> Time-Grad. (s)              76.845
  ==> Time-Energy (s)              1.109
  ==> Time-Iter. (s)              79.387

--------------------------------------------------------------------------------
CEO-ADAPT-VQE iteration: 57
--------------------------------------------------------------------------------
    gate        derivative      name       op1       op2       op3        g_unscaled   penalty
     297       -0.00027405      a_ia       297                           -0.00054811         2
      20        0.00020704      a_ia        20                            0.00041407         2
   87002       -0.00020335        op     33511     33512                 -0.00996401        49
   87003       -0.00020269        om     33511     33512                 -0.00993159        49
   44922       -0.00019701        op      1637      1638                 -0.01714026        87
   44923       -0.00019701        om      1637      1638                 -0.01714026        87
     319        0.00019699      a_ia       319                            0.00039398         2
   44990        0.00018837        op      1705      1706                  0.01525787        81
   44991        0.00018836        om      1705      1706                  0.01525701        81
     354        0.00017297      a_ia       354                            0.00484317        28

  ==> Add operator: a_ia 297
  ==> Current qubit order: 2  3  4  5  8  9  10  11  12  13  14  15  16  17  19  20  21  22  23  26  18  29  58  59  27  28  0  1  67  70  31  36  37  38  39  40  42  44  45  49  6  48  35  62  7  95  88  32  41  66  34  25  55  52  56  30  57  90  43  51  79  50  82  33  89  46  47  54  53  24  76  60  61  72  73  78  63  64  65  68  69  71  74  75  77  80  81  83  84  85  86  87  91  92  93  94  96  97  98  99  100  101  102  103  


  ==> Energy                -305.913857255
  ==> dE                       -2.45e-07
  ==> Gradient Norm             2.58e-01
  ==> Abs. Max. Deriv.          3.76e-02
  ==> Time-Grad. (s)              82.376
  ==> Time-Energy (s)              1.436
  ==> Time-Iter. (s)              85.249

--------------------------------------------------------------------------------
CEO-ADAPT-VQE iteration: 58
--------------------------------------------------------------------------------
    gate        derivative      name       op1       op2       op3        g_unscaled   penalty
   90897       -0.00053446        om     36569     36570                 -0.03367098        63
   90896       -0.00052716        op     36569     36570                 -0.03321102        63
   36569       -0.00042330    a_iajb     36569                           -0.03344100        79
   72729        0.00024256        om     22766     22767                  0.00800444        33
   72728        0.00024231        op     22766     22767                  0.00799626        33
   98416       -0.00022574        op     42304     42305                 -0.01602770        71
   98417       -0.00022534        om     42304     42305                 -0.01599928        71
   94576       -0.00021937        op     39424     39425                 -0.02347280       107
   94577       -0.00021937        op     39424     39425                 -0.02347280       107
   78721       -0.00021672        om     27297     27298                 -0.02102215        97

  ==> Add operator: mvp2 -1: 36569 36570
  ==> Current qubit order: 2  3  4  5  8  9  10  11  12  13  14  15  16  17  19  20  21  22  23  26  18  29  58  59  27  28  0  1  67  70  31  36  37  38  39  40  42  44  45  49  6  48  35  62  7  95  88  32  41  66  34  55  52  56  30  57  90  43  51  79  82  25  50  54  53  33  89  46  47  24  76  60  61  72  73  78  63  64  65  68  69  71  74  75  77  80  81  83  84  85  86  87  91  92  93  94  96  97  98  99  100  101  102  103  


  ==> Energy                -305.914192967
  ==> dE                       -3.36e-04
  ==> Gradient Norm             2.70e-01
  ==> Abs. Max. Deriv.          3.76e-02
  ==> Time-Grad. (s)              83.364
  ==> Time-Energy (s)              2.317
  ==> Time-Iter. (s)              87.141

--------------------------------------------------------------------------------
CEO-ADAPT-VQE iteration: 59
--------------------------------------------------------------------------------
    gate        derivative      name       op1       op2       op3        g_unscaled   penalty
   97646        0.00044294        op     41781     41782                  0.02524765        57
   97647        0.00044294        om     41781     41782                  0.02524765        57
   41781        0.00034586    a_iajb     41781                            0.02524765        73
     294        0.00030932      a_ia       294                            0.00123729         4
      20        0.00022476      a_ia        20                            0.00044952         2
   44910       -0.00019704        op      1699      1700                 -0.01714286        87
   44911       -0.00019704        om      1699      1700                 -0.01714286        87
     330        0.00019008      a_ia       330                            0.00038016         2
   44978        0.00018836        op      1767      1768                  0.01525755        81
   44979        0.00018835        om      1767      1768                  0.01525671        81

  ==> Add operator: op -1: 41781 41782
  ==> Current qubit order: 2  3  4  5  8  9  10  11  12  13  14  15  16  17  19  20  21  22  23  26  18  29  58  59  27  28  0  1  67  70  31  36  37  38  39  40  42  44  45  49  6  48  35  62  7  95  88  32  41  66  34  55  52  56  30  57  90  43  51  79  82  25  50  54  53  33  89  24  76  60  46  47  64  65  61  72  73  78  63  68  69  71  74  75  77  80  81  83  84  85  86  87  91  92  93  94  96  97  98  99  100  101  102  103  


  ==> Energy                -305.914297399
  ==> dE                       -1.04e-04
  ==> Gradient Norm             2.73e-01
  ==> Abs. Max. Deriv.          3.76e-02
  ==> Time-Grad. (s)              87.874
  ==> Time-Energy (s)              0.958
  ==> Time-Iter. (s)              90.288

--------------------------------------------------------------------------------
CEO-ADAPT-VQE iteration: 60
--------------------------------------------------------------------------------
    gate        derivative      name       op1       op2       op3        g_unscaled   penalty
   94885        0.00033480        op     39466     39468                  0.03314488        99
   94886        0.00033480        op     39466     39468                  0.03314488        99
   94881        0.00031090        op     39466     39467                  0.03077877        99
   94882        0.00031090        op     39466     39467                  0.03077877        99
     296        0.00030923      a_ia       296                            0.00123692         4
   39466        0.00026765    a_iajb     39466                            0.03077936       115
      20        0.00022443      a_ia        20                            0.00044887         2
   44937       -0.00019704        op      1708      1709                 -0.01714282        87
   44938       -0.00019704        om      1708      1709                 -0.01714282        87
     332        0.00018980      a_ia       332                            0.00037960         2

  ==> Add operator: mvp2 -1: 39466 39468
  ==> Current qubit order: 2  3  4  5  8  9  10  11  12  13  14  15  16  17  19  20  21  22  23  26  18  29  58  59  27  28  0  1  67  70  31  36  37  38  39  40  42  44  45  49  6  48  35  7  95  88  32  41  66  55  56  30  57  62  34  52  46  90  43  51  79  82  25  50  54  53  33  89  24  76  60  47  64  65  61  72  73  78  63  68  69  71  74  75  77  80  81  83  84  85  86  87  91  92  93  94  96  97  98  99  100  101  102  103  


  ==> Energy                -305.915570046
  ==> dE                       -1.27e-03
  ==> Gradient Norm             2.63e-01
  ==> Abs. Max. Deriv.          3.76e-02
  ==> Time-Grad. (s)             184.618
  ==> Time-Energy (s)              2.207
  ==> Time-Iter. (s)             188.281

--------------------------------------------------------------------------------
CEO-ADAPT-VQE iteration: 61
--------------------------------------------------------------------------------
    gate        derivative      name       op1       op2       op3        g_unscaled   penalty
     440        0.00205379      a_ia       440                            0.00410757         2
   97926       -0.00069110        om     41741     41742                 -0.06427225        93
   97925       -0.00067786        op     41741     41742                 -0.06304111        93
   41741       -0.00058401    a_iajb     41741                           -0.06365668       109
      21        0.00028549      a_ia        21                            0.00057098         2
     300        0.00021539      a_ia       300                            0.00086157         4
   98123        0.00021423        op     41888     41889                  0.01778127        83
   98124        0.00021237        om     41888     41889                  0.01762656        83
   44999       -0.00020155        op      1736      1737                 -0.01713174        85
   45000       -0.00020155        om      1736      1737                 -0.01713174        85

  ==> Add operator: a_ia 440
  ==> Current qubit order: 2  3  4  5  8  9  10  11  12  13  14  15  16  17  19  20  21  22  23  26  18  29  58  59  27  28  0  1  67  70  31  36  37  38  39  40  42  44  45  49  6  48  35  7  95  88  32  41  66  55  56  30  57  62  34  52  46  90  43  51  79  82  25  50  54  53  33  89  24  76  60  47  64  65  61  72  73  78  63  68  69  71  74  75  77  80  81  83  84  85  86  87  91  92  93  94  96  97  98  99  100  101  102  103  


  ==> Energy                -305.915583591
  ==> dE                       -1.35e-05
  ==> Gradient Norm             2.80e-01
  ==> Abs. Max. Deriv.          6.43e-02
  ==> Time-Grad. (s)              76.660
  ==> Time-Energy (s)              1.153
  ==> Time-Iter. (s)              79.272

--------------------------------------------------------------------------------
CEO-ADAPT-VQE iteration: 62
--------------------------------------------------------------------------------
    gate        derivative      name       op1       op2       op3        g_unscaled   penalty
     302        0.00024948      a_ia       302                            0.00099791         4
   96049        0.00023269        op     40406     40407                  0.04025599       173
   96050        0.00023269        om     40406     40407                  0.04025599       173
      21        0.00022441      a_ia        21                            0.00044881         2
   40406        0.00021299    a_iajb     40406                            0.04025599       189
   44985       -0.00020161        op      1759      1760                 -0.01713652        85
   44986       -0.00020161        om      1759      1760                 -0.01713652        85
   45059        0.00019308        op      1833      1834                  0.01525337        79
   45060        0.00019307        om      1833      1834                  0.01525251        79
   90918        0.00018643        om     36516     36517                  0.01472811        79

  ==> Add operator: a_ia 302
  ==> Current qubit order: 2  3  4  5  8  9  10  11  12  13  14  15  16  17  19  20  21  22  23  26  18  29  58  59  27  28  0  1  67  70  31  36  37  38  39  40  42  44  45  49  6  48  35  7  95  88  32  41  66  55  56  30  57  62  34  52  46  90  43  51  82  79  25  50  54  53  33  89  24  76  60  47  64  65  61  72  73  78  63  68  69  71  74  75  77  80  81  83  84  85  86  87  91  92  93  94  96  97  98  99  100  101  102  103  


  ==> Energy                -305.915583717
  ==> dE                       -1.26e-07
  ==> Gradient Norm             2.60e-01
  ==> Abs. Max. Deriv.          4.03e-02
  ==> Time-Grad. (s)              77.929
  ==> Time-Energy (s)              1.143
  ==> Time-Iter. (s)              80.548

--------------------------------------------------------------------------------
CEO-ADAPT-VQE iteration: 63
--------------------------------------------------------------------------------
    gate        derivative      name       op1       op2       op3        g_unscaled   penalty
   78332       -0.00028328        op     26991     26992                 -0.02011260        71
   71669       -0.00024590        om     21941     21942                 -0.01106546        45
   71668       -0.00024567        op     21941     21942                 -0.01105500        45
   78333       -0.00023890        om     26991     26992                 -0.01696222        71
      21        0.00022423      a_ia        21                            0.00044847         2
   26991       -0.00021307    a_iajb     26991                           -0.01853741        87
   45026       -0.00020161        op      1788      1789                 -0.01713650        85
   45027       -0.00020161        om      1788      1789                 -0.01713650        85
   45100        0.00019308        op      1862      1863                  0.01525337        79
   45101        0.00019307        om      1862      1863                  0.01525251        79

  ==> Add operator: mvp2 -1: 26991 26992
  ==> Current qubit order: 2  3  4  5  8  9  10  11  12  13  14  15  16  17  19  20  21  22  23  26  18  29  58  59  27  28  0  1  67  70  31  36  37  38  39  40  42  44  45  49  48  35  7  95  88  32  41  66  6  55  62  51  56  30  57  34  52  46  90  43  82  79  25  50  54  53  33  89  24  76  60  47  64  65  61  72  73  78  63  68  69  71  74  75  77  80  81  83  84  85  86  87  91  92  93  94  96  97  98  99  100  101  102  103  


  ==> Energy                -305.915702854
  ==> dE                       -1.19e-04
  ==> Gradient Norm             2.60e-01
  ==> Abs. Max. Deriv.          3.76e-02
  ==> Time-Grad. (s)              83.308
  ==> Time-Energy (s)              1.689
  ==> Time-Iter. (s)              86.448

--------------------------------------------------------------------------------
CEO-ADAPT-VQE iteration: 64
--------------------------------------------------------------------------------
    gate        derivative      name       op1       op2       op3        g_unscaled   penalty
   93636        0.00034898        op     38858     38859                  0.03105940        89
   93637        0.00029239        om     38858     38859                  0.02602236        89
   38858        0.00027182    a_iajb     38858                            0.02854088       105
   97523       -0.00024282        om     41823     41824                 -0.02258225        93
   97522       -0.00024058        op     41823     41824                 -0.02237370        93
      22        0.00022364      a_ia        22                            0.00044728         2
     496       -0.00022344      a_ia       496                           -0.00178754         8
   97943        0.00021786        om     42165     42166                  0.01982556        91
   97942        0.00021786        op     42165     42166                  0.01982554        91
   41823       -0.00020622    a_iajb     41823                           -0.02247797       109

  ==> Add operator: mvp2 -1: 38858 38859
  ==> Current qubit order: 2  3  4  5  8  9  10  11  12  13  14  15  16  17  19  20  21  22  23  26  18  29  58  59  27  28  0  1  67  70  31  36  37  38  39  40  42  44  45  49  48  35  7  95  88  41  6  62  51  56  30  32  66  55  47  57  34  52  46  90  43  82  79  25  50  54  53  33  89  24  76  60  64  65  61  72  73  78  63  68  69  71  74  75  77  80  81  83  84  85  86  87  91  92  93  94  96  97  98  99  100  101  102  103  


  ==> Energy                -305.915982638
  ==> dE                       -2.80e-04
  ==> Gradient Norm             2.63e-01
  ==> Abs. Max. Deriv.          3.76e-02
  ==> Time-Grad. (s)             201.043
  ==> Time-Energy (s)              1.946
  ==> Time-Iter. (s)             204.448

--------------------------------------------------------------------------------
CEO-ADAPT-VQE iteration: 65
--------------------------------------------------------------------------------
    gate        derivative      name       op1       op2       op3        g_unscaled   penalty
   97180       -0.00063697        om     41609     41610                 -0.06433372       101
   97179       -0.00062170        op     41609     41610                 -0.06279121       101
   41609       -0.00054327    a_iajb     41609                           -0.06356247       117
     363        0.00035852      a_ia       363                            0.00143410         4
     502       -0.00022406      a_ia       502                           -0.00179245         8
      22        0.00021782      a_ia        22                            0.00043565         2
     348       -0.00019170      a_ia       348                           -0.00076680         4
     387        0.00018373      a_ia       387                            0.00477699        26
   44927       -0.00017664        op      1837      1838                 -0.01713381        97
   44928       -0.00017664        om      1837      1838                 -0.01713381        97

  ==> Add operator: mvp2 -1: 41609 41610
  ==> Current qubit order: 2  3  4  5  8  9  10  11  12  13  14  15  16  17  19  20  21  22  23  26  18  29  58  59  27  28  0  1  67  70  31  36  37  38  39  40  42  44  45  49  48  35  7  95  88  41  6  62  51  56  30  32  66  55  57  34  52  90  43  82  79  25  50  53  47  46  54  83  33  89  24  76  60  64  65  61  72  73  78  63  68  69  71  74  75  77  80  81  84  85  86  87  91  92  93  94  96  97  98  99  100  101  102  103  


  ==> Energy                -305.916777397
  ==> dE                       -7.95e-04
  ==> Gradient Norm             2.66e-01
  ==> Abs. Max. Deriv.          6.43e-02
  ==> Time-Grad. (s)              80.098
  ==> Time-Energy (s)              2.004
  ==> Time-Iter. (s)              83.668

--------------------------------------------------------------------------------
CEO-ADAPT-VQE iteration: 66
--------------------------------------------------------------------------------
    gate        derivative      name       op1       op2       op3        g_unscaled   penalty
     476        0.00072506      a_ia       476                            0.00145011         2
   97924        0.00043533        op     41945     41946                  0.02307226        53
   97925        0.00040387        om     41945     41946                  0.02140532        53
   41945        0.00032230    a_iajb     41945                            0.02223879        69
     367        0.00031902      a_ia       367                            0.00127610         4
     467       -0.00029640      a_ia       467                           -0.00059281         2
     510       -0.00029459      a_ia       510                           -0.00176755         6
      22        0.00021076      a_ia        22                            0.00042152         2
   94654       -0.00020432        op     39443     39444                 -0.02186172       107
   94655       -0.00020432        op     39443     39444                 -0.02186172       107

  ==> Add operator: a_ia 476
  ==> Current qubit order: 2  3  4  5  8  9  10  11  12  13  14  15  16  17  19  20  21  22  23  26  18  29  58  59  27  28  0  1  67  70  31  36  37  38  39  40  42  44  45  49  48  35  7  95  88  41  6  62  51  56  30  32  66  55  57  34  52  90  43  82  79  25  50  53  47  46  54  83  33  89  24  76  60  64  65  61  72  73  78  63  68  69  71  74  75  77  80  81  84  85  86  87  91  92  93  94  96  97  98  99  100  101  102  103  


  ==> Energy                -305.916779071
  ==> dE                       -1.67e-06
  ==> Gradient Norm             2.52e-01
  ==> Abs. Max. Deriv.          3.76e-02
  ==> Time-Grad. (s)              77.891
  ==> Time-Energy (s)              1.269
  ==> Time-Iter. (s)              80.628

--------------------------------------------------------------------------------
CEO-ADAPT-VQE iteration: 67
--------------------------------------------------------------------------------
    gate        derivative      name       op1       op2       op3        g_unscaled   penalty
     370        0.00032259      a_ia       370                            0.00129035         4
     513       -0.00029492      a_ia       513                           -0.00176951         6
     470       -0.00029311      a_ia       470                           -0.00058622         2
   90489       -0.00021098        op     36166     36167                 -0.01919887        91
   90490       -0.00021098        op     36166     36167                 -0.01919887        91
   90493       -0.00021056        op     36166     36168                 -0.01916069        91
   90494       -0.00021056        op     36166     36168                 -0.01916069        91
      23        0.00019836      a_ia        23                            0.00039672         2
   94433        0.00018872        op     39155     39157                  0.01566384        83
   94434        0.00018872        op     39155     39157                  0.01566384        83

  ==> Add operator: a_ia 370
  ==> Current qubit order: 2  3  4  5  8  9  10  11  12  13  14  15  16  17  19  20  21  22  23  26  18  29  58  59  27  28  0  1  67  70  31  36  37  38  39  40  42  44  45  49  48  35  7  95  88  41  6  62  51  30  56  32  66  55  57  34  52  90  43  82  79  25  50  53  47  46  54  83  33  89  24  76  60  64  65  61  72  73  78  63  68  69  71  74  75  77  80  81  84  85  86  87  91  92  93  94  96  97  98  99  100  101  102  103  


  ==> Energy                -305.916779908
  ==> dE                       -8.37e-07
  ==> Gradient Norm             2.57e-01
  ==> Abs. Max. Deriv.          3.76e-02
  ==> Time-Grad. (s)              83.011
  ==> Time-Energy (s)              1.562
  ==> Time-Iter. (s)              86.040

--------------------------------------------------------------------------------
CEO-ADAPT-VQE iteration: 68
--------------------------------------------------------------------------------
    gate        derivative      name       op1       op2       op3        g_unscaled   penalty
     521       -0.00029479      a_ia       521                           -0.00176872         6
     478       -0.00028905      a_ia       478                           -0.00057810         2
   98306        0.00023067        om     41944     41945                  0.01037993        45
      23        0.00020226      a_ia        23                            0.00040452         2
   81021        0.00019322        op     28896     28897                  0.01565057        81
   81022        0.00019322        om     28896     28897                  0.01565057        81
     401        0.00018237      a_ia       401                            0.00474152        26
   45137       -0.00017666        op      1907      1908                 -0.01713618        97
   45138       -0.00017666        om      1907      1908                 -0.01713618        97
   98305        0.00017154        op     41944     41945                  0.00771948        45

  ==> Add operator: a_ia 521
  ==> Current qubit order: 2  3  4  5  8  9  10  11  12  13  14  15  16  17  19  20  21  22  23  26  18  29  58  59  27  28  0  1  67  70  31  36  37  38  39  40  42  44  45  49  48  35  7  95  88  41  6  62  51  30  56  32  66  55  57  34  90  43  52  82  79  25  50  53  47  46  54  83  33  89  24  76  60  64  65  61  72  73  78  63  68  69  71  74  75  77  80  81  84  85  86  87  91  92  93  94  96  97  98  99  100  101  102  103  


  ==> Energy                -305.916810866
  ==> dE                       -3.10e-05
  ==> Gradient Norm             2.61e-01
  ==> Abs. Max. Deriv.          3.76e-02
  ==> Time-Grad. (s)              81.765
  ==> Time-Energy (s)              1.561
  ==> Time-Iter. (s)              84.788

--------------------------------------------------------------------------------
CEO-ADAPT-VQE iteration: 69
--------------------------------------------------------------------------------
    gate        derivative      name       op1       op2       op3        g_unscaled   penalty
   94806       -0.00047053        om     39303     39304                 -0.02681993        57
   94805       -0.00045067        op     39303     39304                 -0.02568813        57
   94207       -0.00043380        op     38858     38859                 -0.04207844        97
   94208       -0.00042951        om     38858     38859                 -0.04166241        97
   38858       -0.00037053    a_iajb     38858                           -0.04187043       113
   39303       -0.00035964    a_iajb     39303                           -0.02625403        73
     483       -0.00031418      a_ia       483                           -0.00062836         2
   90228       -0.00026289        om     35823     35824                 -0.03496473       133
   90227       -0.00025745        op     35823     35824                 -0.03424093       133
   90923       -0.00024670        op     36354     36355                 -0.01800930        73

  ==> Add operator: mvp2 -1: 39303 39304
  ==> Current qubit order: 2  3  4  5  8  9  10  11  12  13  14  15  16  17  19  20  21  22  23  26  18  29  58  59  27  28  0  1  67  70  31  36  37  38  39  40  42  44  45  49  48  35  7  95  88  41  6  62  51  30  56  32  66  55  57  34  90  43  82  79  25  50  53  47  52  46  33  61  54  83  89  24  76  60  64  65  72  73  78  63  68  69  71  74  75  77  80  81  84  85  86  87  91  92  93  94  96  97  98  99  100  101  102  103  


  ==> Energy                -305.917003228
  ==> dE                       -1.92e-04
  ==> Gradient Norm             2.74e-01
  ==> Abs. Max. Deriv.          4.21e-02
  ==> Time-Grad. (s)             175.140
  ==> Time-Energy (s)              2.386
  ==> Time-Iter. (s)             178.986

--------------------------------------------------------------------------------
CEO-ADAPT-VQE iteration: 70
--------------------------------------------------------------------------------
    gate        derivative      name       op1       op2       op3        g_unscaled   penalty
     540       -0.00031502      a_ia       540                           -0.00378022        12
   78842        0.00024509        op     27585     27586                  0.02181283        89
   78843        0.00024509        om     27585     27586                  0.02181283        89
   94705       -0.00023115        om     39541     39542                 -0.02843178       123
   27585        0.00020774    a_iajb     27585                            0.02181283       105
      23        0.00020638      a_ia        23                            0.00041277         2
   94704       -0.00019062        op     39541     39542                 -0.02344635       123
   39541       -0.00018661    a_iajb     39541                           -0.02593906       139
   93326       -0.00017918        op     38496     38497                 -0.02598041       145
   93327       -0.00017918        op     38496     38497                 -0.02598041       145

  ==> Add operator: a_ia 540
  ==> Current qubit order: 2  3  4  5  8  9  10  11  12  13  14  15  16  17  19  20  21  22  23  26  18  29  58  59  27  28  0  1  67  70  31  36  37  38  39  40  42  44  45  49  48  35  7  95  88  41  6  62  51  30  56  32  66  55  57  34  90  43  82  79  25  50  53  47  52  46  33  61  83  89  24  76  60  54  64  65  72  73  78  63  68  69  71  74  75  77  80  81  84  85  86  87  91  92  93  94  96  97  98  99  100  101  102  103  


  ==> Energy                -305.917221978
  ==> dE                       -2.19e-04
  ==> Gradient Norm             2.64e-01
  ==> Abs. Max. Deriv.          3.76e-02
  ==> Time-Grad. (s)              91.696
  ==> Time-Energy (s)              1.249
  ==> Time-Iter. (s)              94.371

--------------------------------------------------------------------------------
CEO-ADAPT-VQE iteration: 71
--------------------------------------------------------------------------------
    gate        derivative      name       op1       op2       op3        g_unscaled   penalty
   93030        0.00024878        op     38314     38315                  0.01069762        43
   94775       -0.00022634        om     39626     39627                 -0.03100907       137
   93031        0.00021542        om     38314     38315                  0.00926314        43
      24        0.00020172      a_ia        24                            0.00040344         2
   78451       -0.00018926        om     27316     27317                 -0.02100819       111
   39626       -0.00017792    a_iajb     39626                           -0.02722181       153
   45002       -0.00017666        op      1953      1954                 -0.01713604        97
   45003       -0.00017666        om      1953      1954                 -0.01713604        97
     415        0.00017582      a_ia       415                            0.00457127        26
   94774       -0.00017106        op     39626     39627                 -0.02343455       137

  ==> Add operator: mvp2 -1: 38314 38315
  ==> Current qubit order: 2  3  4  5  8  9  10  11  12  13  14  15  16  17  19  20  21  22  23  26  18  29  58  59  27  28  0  1  67  70  31  36  37  38  39  40  42  44  45  49  48  35  7  95  88  41  6  62  51  30  55  56  32  66  57  34  90  43  82  79  25  50  53  47  52  46  33  61  83  89  24  76  60  54  64  65  72  73  78  63  68  69  71  74  75  77  80  81  84  85  86  87  91  92  93  94  96  97  98  99  100  101  102  103  


  ==> Energy                -305.917264888
  ==> dE                       -4.29e-05
  ==> Gradient Norm             2.59e-01
  ==> Abs. Max. Deriv.          3.76e-02
  ==> Time-Grad. (s)              82.267
  ==> Time-Energy (s)              2.514
  ==> Time-Iter. (s)              86.287

--------------------------------------------------------------------------------
CEO-ADAPT-VQE iteration: 72
--------------------------------------------------------------------------------
    gate        derivative      name       op1       op2       op3        g_unscaled   penalty
   94074       -0.00028459        om     39423     39424                 -0.01735987        61
   94073       -0.00028400        op     39423     39424                 -0.01732412        61
   39423       -0.00022522    a_iajb     39423                           -0.01734199        77
      25        0.00020154      a_ia        25                            0.00040308         2
     391        0.00019581      a_ia       391                            0.00117486         6
     418        0.00017585      a_ia       418                            0.00457215        26
   44899       -0.00017309        op      1970      1971                 -0.01713596        99
   44900       -0.00017309        om      1970      1971                 -0.01713596        99
   92476        0.00016695        om     38200     38201                  0.01285532        77
   44987        0.00016241        op      2058      2059                  0.00406023        25

  ==> Add operator: mvp2 -1: 39423 39424
  ==> Current qubit order: 2  3  4  5  8  9  10  11  12  13  14  15  16  17  19  20  21  22  23  26  18  29  58  59  27  28  0  1  67  70  31  36  37  38  39  40  42  44  45  49  48  35  7  95  88  41  6  62  51  30  55  56  32  66  57  43  82  79  34  90  47  83  25  50  53  52  46  33  61  89  24  76  60  54  64  65  72  73  78  63  68  69  71  74  75  77  80  81  84  85  86  87  91  92  93  94  96  97  98  99  100  101  102  103  


  ==> Energy                -305.917294931
  ==> dE                       -3.00e-05
  ==> Gradient Norm             2.48e-01
  ==> Abs. Max. Deriv.          3.76e-02
  ==> Time-Grad. (s)              84.603
  ==> Time-Energy (s)              2.349
  ==> Time-Iter. (s)              88.351

--------------------------------------------------------------------------------
CEO-ADAPT-VQE iteration: 73
--------------------------------------------------------------------------------
    gate        derivative      name       op1       op2       op3        g_unscaled   penalty
   97260        0.00028527        op     41504     41505                  0.02653056        93
   97261        0.00028415        om     41504     41505                  0.02642613        93
   94464        0.00025063        op     39374     39375                  0.01629078        65
   94465        0.00025063        op     39374     39375                  0.01629078        65
   41504        0.00024292    a_iajb     41504                            0.02647835       109
   92988       -0.00023090        op     38240     38241                 -0.02932483       127
   94832       -0.00021537        op     39646     39647                 -0.01572220        73
   94833       -0.00021537        op     39646     39647                 -0.01572220        73
   94468        0.00021479        op     39374     39376                  0.01396157        65
   94469        0.00021479        op     39374     39376                  0.01396157        65

  ==> Add operator: mvp2 -1: 41504 41505
  ==> Current qubit order: 2  3  4  5  8  9  10  11  12  13  14  15  16  17  19  20  21  22  23  26  18  29  58  59  27  28  0  1  67  70  31  36  37  38  39  40  42  44  49  48  35  7  95  88  41  6  62  51  30  55  56  32  66  57  43  82  79  45  50  53  52  34  90  47  83  25  46  33  61  89  24  76  60  54  64  65  72  73  78  63  68  69  71  74  75  77  80  81  84  85  86  87  91  92  93  94  96  97  98  99  100  101  102  103  


  ==> Energy                -305.917565149
  ==> dE                       -2.70e-04
  ==> Gradient Norm             2.71e-01
  ==> Abs. Max. Deriv.          3.76e-02
  ==> Time-Grad. (s)             180.220
  ==> Time-Energy (s)              1.980
  ==> Time-Iter. (s)             183.639

--------------------------------------------------------------------------------
CEO-ADAPT-VQE iteration: 74
--------------------------------------------------------------------------------
    gate        derivative      name       op1       op2       op3        g_unscaled   penalty
   93128       -0.00029256        op     38444     38445                 -0.03188896       109
   93129       -0.00026056        om     38444     38445                 -0.02840077       109
   38444       -0.00024116    a_iajb     38444                           -0.03014487       125
   84482        0.00021627        op     31907     31908                  0.01016462        47
   84483        0.00021627        om     31907     31908                  0.01016462        47
      25        0.00020150      a_ia        25                            0.00040300         2
     428        0.00019040      a_ia       428                            0.00456968        24
   44986       -0.00017665        op      1999      2000                 -0.01713515        97
   44987       -0.00017665        om      1999      2000                 -0.01713515        97
   76673        0.00017107        om     25996     25997                  0.01933086       113

  ==> Add operator: mvp2 -1: 38444 38445
  ==> Current qubit order: 2  3  4  5  8  9  10  11  12  13  14  15  16  17  19  20  21  22  23  26  18  29  58  59  27  28  0  1  67  70  31  36  37  38  39  40  42  44  49  48  35  7  95  88  41  6  62  51  55  56  32  66  57  43  82  79  45  50  52  34  90  83  30  53  47  84  25  46  33  61  89  24  76  60  54  64  65  72  73  78  63  68  69  71  74  75  77  80  81  85  86  87  91  92  93  94  96  97  98  99  100  101  102  103  


  ==> Energy                -305.917777066
  ==> dE                       -2.12e-04
  ==> Gradient Norm             2.60e-01
  ==> Abs. Max. Deriv.          3.76e-02
  ==> Time-Grad. (s)             165.200
  ==> Time-Energy (s)              2.229
  ==> Time-Iter. (s)             168.899

--------------------------------------------------------------------------------
CEO-ADAPT-VQE iteration: 75
--------------------------------------------------------------------------------
    gate        derivative      name       op1       op2       op3        g_unscaled   penalty
     394        0.00021270      a_ia       394                            0.00808251        38
      25        0.00019447      a_ia        25                            0.00038894         2
     434        0.00019155      a_ia       434                            0.00459712        24
   45087       -0.00017308        op      2034      2035                 -0.01713500        99
   45088       -0.00017308        om      2034      2035                 -0.01713500        99
   45169        0.00017207        op      2116      2117                  0.01531436        89
   45170        0.00017206        om      2116      2117                  0.01531370        89
   45179        0.00016223        op      2126      2127                  0.00405566        25
   45180        0.00016222        om      2126      2127                  0.00405542        25
     683        0.00016076      a_ia       683                            0.00032151         2

  ==> Add operator: a_ia 394
  ==> Current qubit order: 2  3  4  5  8  9  10  11  12  13  14  15  16  17  19  20  21  22  23  26  18  29  58  59  27  28  0  1  67  70  31  36  37  38  39  40  42  44  49  48  35  7  95  88  41  6  62  51  55  56  32  66  57  43  82  79  45  50  52  34  90  83  53  47  84  25  46  33  61  89  24  76  60  54  64  65  72  73  78  63  30  68  69  71  74  75  77  80  81  85  86  87  91  92  93  94  96  97  98  99  100  101  102  103  


  ==> Energy                -305.919621973
  ==> dE                       -1.84e-03
  ==> Gradient Norm             2.56e-01
  ==> Abs. Max. Deriv.          3.76e-02
  ==> Time-Grad. (s)              87.441
  ==> Time-Energy (s)            370.602
  ==> Time-Iter. (s)             459.496

--------------------------------------------------------------------------------
CEO-ADAPT-VQE iteration: 76
--------------------------------------------------------------------------------
    gate        derivative      name       op1       op2       op3        g_unscaled   penalty
     397        0.00228929      a_ia       397                            0.00457859         2
      25       -0.00081224      a_ia        25                           -0.00162448         2
     519        0.00069389      a_ia       519                            0.01110218        16
     529       -0.00058167      a_ia       529                           -0.00116334         2
     411        0.00035483      a_ia       411                            0.00070966         2
   97510        0.00034580        om     41655     41656                  0.03077612        89
     439        0.00034517      a_ia       439                            0.00138069         4
   97509        0.00034475        op     41655     41656                  0.03068312        89
     431        0.00032501      a_ia       431                            0.00065003         2
     367       -0.00032128      a_ia       367                           -0.00064255         2

  ==> Add operator: a_ia 397
  ==> Current qubit order: 2  3  4  5  8  9  10  11  12  13  14  15  16  17  19  20  21  22  23  26  18  29  58  59  27  28  0  1  67  70  31  36  37  38  39  40  42  44  49  48  35  7  95  88  41  6  62  51  55  56  32  66  57  43  82  79  45  50  52  34  90  83  53  47  84  25  46  33  61  89  24  76  60  54  64  65  72  73  78  63  30  68  69  71  74  75  77  80  81  85  86  87  91  92  93  94  96  97  98  99  100  101  102  103  


  ==> Energy                -305.919627604
  ==> dE                       -5.63e-06
  ==> Gradient Norm             2.59e-01
  ==> Abs. Max. Deriv.          3.77e-02
  ==> Time-Grad. (s)             168.682
  ==> Time-Energy (s)              1.664
  ==> Time-Iter. (s)             171.792

--------------------------------------------------------------------------------
CEO-ADAPT-VQE iteration: 77
--------------------------------------------------------------------------------
    gate        derivative      name       op1       op2       op3        g_unscaled   penalty
      25       -0.00081486      a_ia        25                           -0.00162972         2
     525        0.00069337      a_ia       525                            0.01109393        16
     535       -0.00059103      a_ia       535                           -0.00118206         2
     403        0.00045711      a_ia       403                            0.00091422         2
     445        0.00034384      a_ia       445                            0.00137538         4
     417        0.00032566      a_ia       417                            0.00065132         2
     372       -0.00030304      a_ia       372                           -0.00060608         2
     437        0.00029922      a_ia       437                            0.00059844         2
     530        0.00017428      a_ia       530                            0.00418271        24
     636       -0.00017423      a_ia       636                           -0.00104539         6

  ==> Add operator: a_ia 25
  ==> Current qubit order: 2  3  4  5  8  9  10  11  12  13  14  15  16  17  19  20  21  22  23  26  18  29  58  59  27  28  0  1  67  70  31  36  37  38  39  40  42  44  49  48  35  7  95  88  41  6  62  51  55  56  32  66  57  43  82  79  45  50  52  34  90  83  53  47  84  25  46  33  61  89  24  76  60  54  64  65  72  73  78  63  30  68  69  71  74  75  77  80  81  85  86  87  91  92  93  94  96  97  98  99  100  101  102  103  


  ==> Energy                -305.919627822
  ==> dE                       -2.18e-07
  ==> Gradient Norm             2.62e-01
  ==> Abs. Max. Deriv.          3.77e-02
  ==> Time-Grad. (s)              96.554
  ==> Time-Energy (s)              1.562
  ==> Time-Iter. (s)              99.553

--------------------------------------------------------------------------------
CEO-ADAPT-VQE iteration: 78
--------------------------------------------------------------------------------
    gate        derivative      name       op1       op2       op3        g_unscaled   penalty
     533        0.00069359      a_ia       533                            0.01109745        16
     543       -0.00058997      a_ia       543                           -0.00117993         2
      26       -0.00047407      a_ia        26                           -0.00094815         2
     409        0.00045736      a_ia       409                            0.00091472         2
   77826        0.00036061        op     26652     26653                  0.02560329        71
     451        0.00034397      a_ia       451                            0.00137589         4
   77827        0.00033140        om     26652     26653                  0.02352940        71
     423        0.00032481      a_ia       423                            0.00064962         2
     377       -0.00030300      a_ia       377                           -0.00060599         2
     443        0.00029984      a_ia       443                            0.00059968         2

  ==> Add operator: a_ia 533
  ==> Current qubit order: 2  3  4  5  8  9  10  11  12  13  14  15  16  17  19  20  21  22  23  26  18  29  58  59  27  28  0  1  67  70  31  36  37  38  39  40  42  44  49  48  35  7  95  88  41  6  62  51  55  56  32  66  57  43  82  79  45  50  34  90  83  53  47  84  25  52  46  33  61  89  24  76  60  54  64  65  72  73  78  63  30  68  69  71  74  75  77  80  81  85  86  87  91  92  93  94  96  97  98  99  100  101  102  103  


  ==> Energy                -305.919722369
  ==> dE                       -9.45e-05
  ==> Gradient Norm             2.57e-01
  ==> Abs. Max. Deriv.          3.77e-02
  ==> Time-Grad. (s)             170.593
  ==> Time-Energy (s)              0.524
  ==> Time-Iter. (s)             172.544

--------------------------------------------------------------------------------
CEO-ADAPT-VQE iteration: 79
--------------------------------------------------------------------------------
    gate        derivative      name       op1       op2       op3        g_unscaled   penalty
     552       -0.00220714      a_ia       552                           -0.00441429         2
     441        0.00067920      a_ia       441                            0.00135839         2
      26       -0.00059179      a_ia        26                           -0.00118359         2
     460        0.00044666      a_ia       460                            0.00178663         4
     417        0.00042162      a_ia       417                            0.00084324         2
     431        0.00038317      a_ia       431                            0.00076633         2
     458        0.00020075      a_ia       458                            0.00481805        24
   84818        0.00018059        op     32179     32180                  0.01209924        67
   84819        0.00018059        om     32179     32180                  0.01209924        67
     656       -0.00017425      a_ia       656                           -0.00104548         6

  ==> Add operator: a_ia 552
  ==> Current qubit order: 2  3  4  5  8  9  10  11  12  13  14  15  16  17  19  20  21  22  23  26  18  29  58  59  27  28  0  1  67  70  31  36  37  38  39  40  42  44  49  48  35  7  95  88  41  6  62  51  55  56  32  66  57  43  82  79  45  50  34  90  83  53  47  84  25  52  46  33  61  89  24  76  60  54  64  65  72  73  78  63  30  68  69  71  74  75  77  80  81  85  86  87  91  92  93  94  96  97  98  99  100  101  102  103  


  ==> Energy                -305.919737324
  ==> dE                       -1.50e-05
  ==> Gradient Norm             2.53e-01
  ==> Abs. Max. Deriv.          3.77e-02
  ==> Time-Grad. (s)              78.355
  ==> Time-Energy (s)              1.134
  ==> Time-Iter. (s)              80.927

--------------------------------------------------------------------------------
CEO-ADAPT-VQE iteration: 80
--------------------------------------------------------------------------------
    gate        derivative      name       op1       op2       op3        g_unscaled   penalty
   97623       -0.00075487        op     41801     41802                 -0.04000824        53
   97624       -0.00068697        om     41801     41802                 -0.03640924        53
     549        0.00064444      a_ia       549                            0.00128889         2
      27       -0.00055439      a_ia        27                           -0.00110877         2
   41801       -0.00055375    a_iajb     41801                           -0.03820874        69
     446        0.00051453      a_ia       446                            0.00102905         2
     422        0.00045409      a_ia       422                            0.00090817         2
     465        0.00041596      a_ia       465                            0.00166385         4
     436        0.00036174      a_ia       436                            0.00072348         2
   85121        0.00033968        op     32299     32300                  0.01936189        57

  ==> Add operator: mvp2 -1: 41801 41802
  ==> Current qubit order: 2  3  4  5  8  9  10  11  12  13  14  15  16  17  19  20  21  22  23  26  18  29  58  59  27  28  0  1  67  70  31  36  37  38  39  40  42  44  49  48  35  7  95  88  41  6  62  51  55  56  32  66  57  43  82  79  45  34  90  50  83  47  52  53  84  25  46  33  61  89  24  76  60  54  64  65  72  73  78  63  30  68  69  71  74  75  77  80  81  85  86  87  91  92  93  94  96  97  98  99  100  101  102  103  


  ==> Energy                -305.920081546
  ==> dE                       -3.44e-04
  ==> Gradient Norm             2.70e-01
  ==> Abs. Max. Deriv.          4.00e-02
  ==> Time-Grad. (s)             193.645
  ==> Time-Energy (s)              2.083
  ==> Time-Iter. (s)             197.219

--------------------------------------------------------------------------------
CEO-ADAPT-VQE iteration: 81
--------------------------------------------------------------------------------
    gate        derivative      name       op1       op2       op3        g_unscaled   penalty
      27       -0.00055461      a_ia        27                           -0.00110922         2
     452        0.00052184      a_ia       452                            0.00104367         2
     428        0.00043623      a_ia       428                            0.00087246         2
     472        0.00041641      a_ia       472                            0.00166566         4
     442        0.00034750      a_ia       442                            0.00069500         2
     463        0.00020777      a_ia       463                            0.00041554         2
     470        0.00019110      a_ia       470                            0.00458647        24
   93410        0.00018735        op     38992     38993                  0.00992934        53
   93411        0.00017674        om     38992     38993                  0.00936723        53
     395       -0.00017671      a_ia       395                           -0.00035343         2

  ==> Add operator: a_ia 27
  ==> Current qubit order: 2  3  4  5  8  9  10  11  12  13  14  15  16  17  19  20  21  22  23  26  18  29  58  59  27  28  0  1  67  70  31  36  37  38  39  40  42  44  49  48  35  7  95  88  41  6  62  51  55  56  32  66  57  43  82  79  45  34  90  50  83  47  52  53  84  25  46  33  61  89  24  76  60  54  64  65  72  73  78  63  30  68  69  71  74  75  77  80  81  85  86  87  91  92  93  94  96  97  98  99  100  101  102  103  


  ==> Energy                -305.920081546
  ==> dE                       -2.27e-13
  ==> Gradient Norm             2.66e-01
  ==> Abs. Max. Deriv.          3.77e-02
  ==> Time-Grad. (s)              99.950
  ==> Time-Energy (s)              1.269
  ==> Time-Iter. (s)             102.656

--------------------------------------------------------------------------------
CEO-ADAPT-VQE iteration: 82
--------------------------------------------------------------------------------
    gate        derivative      name       op1       op2       op3        g_unscaled   penalty
      28       -0.00055461      a_ia        28                           -0.00110922         2
     456        0.00052184      a_ia       456                            0.00104367         2
     432        0.00043623      a_ia       432                            0.00087246         2
     476        0.00041641      a_ia       476                            0.00166566         4
     446        0.00034750      a_ia       446                            0.00069500         2
   94181        0.00022807        op     39590     39591                  0.02714038       119
   94182        0.00022807        op     39590     39591                  0.02714038       119
   94180        0.00020871        om     39588     39589                  0.02901118       139
     467        0.00020777      a_ia       467                            0.00041554         2
   93700        0.00020445        om     39237     39238                  0.02473856       121

  ==> Add operator: a_ia 28
  ==> Current qubit order: 2  3  4  5  8  9  10  11  12  13  14  15  16  17  19  20  21  22  23  26  18  29  58  59  27  28  0  1  67  70  31  36  37  38  39  40  42  44  49  48  35  7  95  88  41  6  62  51  55  56  32  66  57  43  82  79  45  34  90  50  83  47  52  53  84  25  46  33  61  89  24  76  60  54  64  65  72  73  78  63  30  68  69  71  74  75  77  80  81  85  86  87  91  92  93  94  96  97  98  99  100  101  102  103  


  ==> Energy                -305.920081546
  ==> dE                        0.00e+00
  ==> Gradient Norm             2.72e-01
  ==> Abs. Max. Deriv.          3.77e-02
  ==> Time-Grad. (s)              81.308
  ==> Time-Energy (s)              1.407
  ==> Time-Iter. (s)              84.169

--------------------------------------------------------------------------------
CEO-ADAPT-VQE iteration: 83
--------------------------------------------------------------------------------
    gate        derivative      name       op1       op2       op3        g_unscaled   penalty
     446        0.00103855      a_ia       446                            0.00207711         2
      28       -0.00056072      a_ia        28                           -0.00112145         2
     491        0.00046883      a_ia       491                            0.00187533         4
     460        0.00037535      a_ia       460                            0.00075070         2
     470        0.00035638      a_ia       470                            0.00071276         2
     373       -0.00033627      a_ia       373                           -0.00269013         8
   93468        0.00032305        op     39108     39109                  0.03069020        95
   93469        0.00032305        op     39108     39109                  0.03069020        95
   93472        0.00028424        op     39108     39110                  0.02700249        95
   93473        0.00028424        op     39108     39110                  0.02700249        95

  ==> Add operator: a_ia 446
  ==> Current qubit order: 2  3  4  5  8  9  10  11  12  13  14  15  16  17  19  20  21  22  23  26  18  29  58  59  27  28  0  1  67  70  31  36  37  38  39  40  42  44  49  48  35  7  95  88  41  6  62  51  55  56  32  66  57  43  82  79  45  34  90  50  83  47  52  53  84  25  46  33  61  89  24  76  60  54  64  65  72  73  78  63  30  68  69  71  74  75  77  80  81  85  86  87  91  92  93  94  96  97  98  99  100  101  102  103  


  ==> Energy                -305.923220782
  ==> dE                       -1.24e-06
  ==> Gradient Norm             2.76e-01
  ==> Abs. Max. Deriv.          3.77e-02
  ==> Time-Grad. (s)             180.096
  ==> Time-Energy (s)              1.733
  ==> Time-Iter. (s)             183.518

--------------------------------------------------------------------------------
CEO-ADAPT-VQE iteration: 84
--------------------------------------------------------------------------------
    gate        derivative      name       op1       op2       op3        g_unscaled   penalty
      28       -0.00056229      a_ia        28                           -0.00112457         2
     499        0.00046805      a_ia       499                            0.00187221         4
     478        0.00036510      a_ia       478                            0.00073021         2
     468        0.00035809      a_ia       468                            0.00071619         2
     379       -0.00033629      a_ia       379                           -0.00269033         8
   90238       -0.00030594        op     36573     36574                 -0.01560276        51
   90239       -0.00027250        om     36573     36574                 -0.01389772        51
     393       -0.00027192      a_ia       393                           -0.00108767         4
   36573       -0.00022015    a_iajb     36573                           -0.01475024        67
     420       -0.00021667      a_ia       420                           -0.00043334         2

  ==> Add operator: a_ia 28
  ==> Current qubit order: 2  3  4  5  8  9  10  11  12  13  14  15  16  17  19  20  21  22  23  26  18  29  58  59  27  28  0  1  67  70  31  36  37  38  39  40  42  44  49  48  35  7  95  88  41  6  62  51  55  56  32  66  57  43  82  79  45  34  90  50  83  47  52  53  84  25  46  33  61  89  24  76  60  54  64  65  72  73  78  63  30  68  69  71  74  75  77  80  81  85  86  87  91  92  93  94  96  97  98  99  100  101  102  103  


  ==> Energy                -305.923220869
  ==> dE                       -8.71e-08
  ==> Gradient Norm             2.63e-01
  ==> Abs. Max. Deriv.          3.77e-02
  ==> Time-Grad. (s)              84.065
  ==> Time-Energy (s)              2.144
  ==> Time-Iter. (s)              87.662

--------------------------------------------------------------------------------
CEO-ADAPT-VQE iteration: 85
--------------------------------------------------------------------------------
    gate        derivative      name       op1       op2       op3        g_unscaled   penalty
     502        0.00046823      a_ia       502                            0.00187290         4
     481        0.00036505      a_ia       481                            0.00073011         2
   89533       -0.00036263        om     35980     35981                 -0.01849406        51
   89532       -0.00036235        op     35980     35981                 -0.01847994        51
     471        0.00035696      a_ia       471                            0.00071392         2
     382       -0.00033628      a_ia       382                           -0.00269023         8
   35980       -0.00027593    a_iajb     35980                           -0.01848700        67
     396       -0.00027085      a_ia       396                           -0.00108339         4
   78006        0.00024590        op     27199     27200                  0.02188493        89
   78007        0.00024590        om     27199     27200                  0.02188493        89

  ==> Add operator: a_ia 502
  ==> Current qubit order: 2  3  4  5  8  9  10  11  12  13  14  15  16  17  19  20  21  22  23  26  18  29  58  59  27  28  0  1  67  70  31  36  37  38  39  40  42  44  49  48  7  35  95  88  41  6  62  51  55  56  32  66  57  43  82  79  45  34  90  50  83  47  52  53  84  25  46  33  61  89  24  76  60  54  64  65  72  73  78  63  30  68  69  71  74  75  77  80  81  85  86  87  91  92  93  94  96  97  98  99  100  101  102  103  


  ==> Energy                -305.923221350
  ==> dE                       -4.81e-07
  ==> Gradient Norm             2.62e-01
  ==> Abs. Max. Deriv.          3.77e-02
  ==> Time-Grad. (s)             109.932
  ==> Time-Energy (s)              2.286
  ==> Time-Iter. (s)             113.866

--------------------------------------------------------------------------------
CEO-ADAPT-VQE iteration: 86
--------------------------------------------------------------------------------
    gate        derivative      name       op1       op2       op3        g_unscaled   penalty
   93964        0.00043494        op     39306     39307                  0.02566126        59
   93965        0.00043494        op     39306     39307                  0.02566126        59
     485        0.00036496      a_ia       485                            0.00072991         2
   93968        0.00036284        op     39306     39308                  0.02140759        59
   93969        0.00036284        op     39306     39308                  0.02140759        59
     475        0.00035706      a_ia       475                            0.00071412         2
   39306        0.00034218    a_iajb     39306                            0.02566331        75
     386       -0.00033627      a_ia       386                           -0.00269017         8
     400       -0.00027199      a_ia       400                           -0.00108795         4
     427       -0.00021743      a_ia       427                           -0.00043486         2

  ==> Add operator: mvp3 -1: 39306 39307 39308
  ==> Current qubit order: 2  3  4  5  8  9  10  11  12  13  14  15  16  17  19  20  21  22  23  26  18  29  58  59  27  28  0  1  67  70  31  36  37  38  39  40  42  44  49  48  7  35  95  88  41  6  62  51  55  56  32  66  57  43  82  79  45  90  83  47  52  34  50  84  54  53  25  46  33  61  89  24  76  60  64  65  72  73  78  63  30  68  69  71  74  75  77  80  81  85  86  87  91  92  93  94  96  97  98  99  100  101  102  103  


  ==> Energy                -305.923674589
  ==> dE                       -4.53e-04
  ==> Gradient Norm             2.55e-01
  ==> Abs. Max. Deriv.          3.77e-02
  ==> Time-Grad. (s)              99.827
  ==> Time-Energy (s)              5.613
  ==> Time-Iter. (s)             106.907

--------------------------------------------------------------------------------
CEO-ADAPT-VQE iteration: 87
--------------------------------------------------------------------------------
    gate        derivative      name       op1       op2       op3        g_unscaled   penalty
     403       -0.00046860      a_ia       403                           -0.00093720         2
   94759       -0.00037626        om     39681     39682                 -0.03649713        97
     488        0.00036717      a_ia       488                            0.00073434         2
     478        0.00035203      a_ia       478                            0.00070406         2
     389       -0.00033465      a_ia       389                           -0.00267716         8
   39681       -0.00027925    a_iajb     39681                           -0.03155540       113
   94758       -0.00027437        op     39681     39682                 -0.02661367        97
     430       -0.00021372      a_ia       430                           -0.00042745         2
   71902       -0.00020142        op     22417     22418                 -0.00986951        49
   71903       -0.00020136        om     22417     22418                 -0.00986643        49

  ==> Add operator: a_ia 403
  ==> Current qubit order: 2  3  4  5  8  9  10  11  12  13  14  15  16  17  19  20  21  22  23  26  18  29  58  59  27  28  0  1  67  70  31  36  37  38  39  40  42  44  49  48  7  35  95  88  41  6  62  51  55  56  32  66  57  43  82  79  45  90  83  47  52  34  50  84  54  53  25  46  33  61  89  24  76  60  64  65  72  73  78  63  30  68  69  71  74  75  77  80  81  85  86  87  91  92  93  94  96  97  98  99  100  101  102  103  


  ==> Energy                -305.923674864
  ==> dE                       -2.75e-07
  ==> Gradient Norm             2.58e-01
  ==> Abs. Max. Deriv.          3.77e-02
  ==> Time-Grad. (s)              97.455
  ==> Time-Energy (s)              1.987
  ==> Time-Iter. (s)             100.876

--------------------------------------------------------------------------------
CEO-ADAPT-VQE iteration: 88
--------------------------------------------------------------------------------
    gate        derivative      name       op1       op2       op3        g_unscaled   penalty
     492        0.00036272      a_ia       492                            0.00072544         2
     482        0.00034787      a_ia       482                            0.00069574         2
     392       -0.00033479      a_ia       392                           -0.00267836         8
   90018        0.00023742        op     36287     36289                  0.02065585        87
   90019        0.00023742        op     36287     36289                  0.02065585        87
   90014        0.00023622        op     36287     36288                  0.02055113        87
   90015        0.00023622        op     36287     36288                  0.02055113        87
     434       -0.00022212      a_ia       434                           -0.00044424         2
   36287        0.00020071    a_iajb     36287                            0.02067262       103
     512        0.00020015      a_ia       512                            0.00520395        26

  ==> Add operator: a_ia 492
  ==> Current qubit order: 2  3  4  5  8  9  10  11  12  13  14  15  16  17  19  20  21  22  23  26  18  29  58  59  27  28  0  1  67  70  31  36  37  38  39  40  42  44  49  48  7  35  95  88  41  6  62  51  55  56  32  66  57  43  82  79  45  90  83  47  52  34  50  84  54  53  25  46  33  61  89  24  76  60  64  65  72  73  78  63  30  68  69  71  74  75  77  80  81  85  86  87  91  92  93  94  96  97  98  99  100  101  102  103  


  ==> Energy                -305.923674964
  ==> dE                       -1.00e-07
  ==> Gradient Norm             2.60e-01
  ==> Abs. Max. Deriv.          3.77e-02
  ==> Time-Grad. (s)             165.483
  ==> Time-Energy (s)              2.043
  ==> Time-Iter. (s)             168.963

--------------------------------------------------------------------------------
CEO-ADAPT-VQE iteration: 89
--------------------------------------------------------------------------------
    gate        derivative      name       op1       op2       op3        g_unscaled   penalty
   97123       -0.00039639        op     41538     41540                 -0.01863046        47
   97124       -0.00039639        op     41538     41540                 -0.01863046        47
     484        0.00034742      a_ia       484                            0.00069484         2
     394       -0.00033477      a_ia       394                           -0.00267817         8
   97119       -0.00027100        op     41538     41539                 -0.01273696        47
   97120       -0.00027100        op     41538     41539                 -0.01273696        47
   41538       -0.00024466    a_iajb     41538                           -0.01541381        63
   72132        0.00024250        om     22559     22560                  0.00800250        33
   72131        0.00024231        op     22559     22560                  0.00799624        33
     436       -0.00022230      a_ia       436                           -0.00044459         2

  ==> Add operator: mvp3 -1: 41538 41539 41540
  ==> Current qubit order: 2  3  4  5  8  9  10  11  12  13  14  15  16  17  19  20  21  22  23  26  18  29  58  59  27  28  0  1  67  70  31  36  37  38  39  40  42  44  49  48  7  35  95  88  41  6  62  51  55  56  32  66  57  43  79  45  90  83  47  34  82  52  50  46  84  54  53  25  33  61  89  24  76  60  64  65  72  73  78  63  30  68  69  71  74  75  77  80  81  85  86  87  91  92  93  94  96  97  98  99  100  101  102  103  


  ==> Energy                -305.924007927
  ==> dE                       -3.33e-04
  ==> Gradient Norm             2.50e-01
  ==> Abs. Max. Deriv.          3.77e-02
  ==> Time-Grad. (s)             168.992
  ==> Time-Energy (s)              4.998
  ==> Time-Iter. (s)             175.433

--------------------------------------------------------------------------------
CEO-ADAPT-VQE iteration: 90
--------------------------------------------------------------------------------
    gate        derivative      name       op1       op2       op3        g_unscaled   penalty
     661       -0.00049640      a_ia       661                           -0.00099280         2
     486        0.00029714      a_ia       486                            0.00059427         2
   95556        0.00028444        op     40272     40273                  0.02360889        83
   95557        0.00023501        om     40272     40273                  0.01950578        83
   40272        0.00021775    a_iajb     40272                            0.02155733        99
   94651        0.00020998        om     39582     39583                  0.01574863        75
     438       -0.00020604      a_ia       438                           -0.00041209         2
     516        0.00019882      a_ia       516                            0.00516924        26
   92737        0.00018795        om     38115     38116                  0.01860670        99
   92736        0.00018791        op     38115     38116                  0.01860296        99

  ==> Add operator: a_ia 661
  ==> Current qubit order: 2  3  4  5  8  9  10  11  12  13  14  15  16  17  19  20  21  22  23  26  18  29  58  59  27  28  0  1  67  70  31  36  37  38  39  40  42  44  49  48  7  35  95  88  41  6  62  51  55  56  32  66  57  43  79  45  90  83  47  34  82  52  50  46  84  54  53  25  33  61  89  24  76  60  64  65  72  73  78  63  30  68  69  71  74  75  77  80  81  85  86  87  91  92  93  94  96  97  98  99  100  101  102  103  


  ==> Energy                -305.924015390
  ==> dE                       -7.46e-06
  ==> Gradient Norm             2.54e-01
  ==> Abs. Max. Deriv.          3.77e-02
  ==> Time-Grad. (s)              91.582
  ==> Time-Energy (s)              2.780
  ==> Time-Iter. (s)              95.793

--------------------------------------------------------------------------------
CEO-ADAPT-VQE iteration: 91
--------------------------------------------------------------------------------
    gate        derivative      name       op1       op2       op3        g_unscaled   penalty
   91041       -0.00076154        op     36980     36981                 -0.01903842        25
   91042       -0.00076153        om     36980     36981                 -0.01903819        25
   36980       -0.00046435    a_iajb     36980                           -0.01903831        41
     490        0.00029343      a_ia       490                            0.00058687         2
   97258        0.00022433        om     41687     41688                  0.01817069        81
   97257        0.00022085        op     41687     41688                  0.01788869        81
     440       -0.00020445      a_ia       440                           -0.00040890         2
     520        0.00019798      a_ia       520                            0.00514743        26
   41687        0.00018587    a_iajb     41687                            0.01802969        97
     397       -0.00017772      a_ia       397                           -0.00284354        16

  ==> Add operator: op -1: 36980 36981
  ==> Current qubit order: 2  3  4  5  8  9  10  11  12  13  14  15  16  17  19  20  21  22  23  26  18  29  58  59  27  28  0  1  67  70  31  36  37  38  39  40  42  44  49  48  7  35  95  88  41  6  62  51  55  56  32  66  57  43  79  45  90  83  47  34  82  52  50  46  84  54  53  25  33  61  89  24  76  60  64  65  72  73  78  63  30  68  69  71  74  75  77  80  81  85  86  87  91  92  93  94  96  97  98  99  100  101  102  103  


  ==> Energy                -305.924066730
  ==> dE                       -5.13e-05
  ==> Gradient Norm             2.60e-01
  ==> Abs. Max. Deriv.          3.77e-02
  ==> Time-Grad. (s)              88.809
  ==> Time-Energy (s)              1.771
  ==> Time-Iter. (s)              92.027

--------------------------------------------------------------------------------
CEO-ADAPT-VQE iteration: 92
--------------------------------------------------------------------------------
    gate        derivative      name       op1       op2       op3        g_unscaled   penalty
   93383        0.00048340        op     38932     38933                  0.03045406        63
   93384        0.00048340        op     38932     38933                  0.03045406        63
   93387        0.00047273        op     38932     38934                  0.02978172        63
   93388        0.00047273        op     38932     38934                  0.02978172        63
   38932        0.00038549    a_iajb     38932                            0.03045406        79
     493        0.00029327      a_ia       493                            0.00058654         2
     443       -0.00027343      a_ia       443                           -0.00054687         2
     523        0.00019792      a_ia       523                            0.00514581        26
   77966       -0.00018323        om     27189     27190                 -0.01813975        99
     400       -0.00017773      a_ia       400                           -0.00284363        16

  ==> Add operator: mvp2 -1: 38932 38934
  ==> Current qubit order: 2  3  4  5  8  9  10  11  12  13  14  15  16  17  19  20  21  22  23  26  18  29  58  59  27  28  0  1  67  70  31  36  37  38  39  40  42  44  49  48  7  35  95  88  41  6  62  51  55  56  32  66  57  43  79  45  90  34  82  52  50  83  47  33  89  46  84  54  53  25  61  24  76  60  64  65  72  73  78  63  30  68  69  71  74  75  77  80  81  85  86  87  91  92  93  94  96  97  98  99  100  101  102  103  


  ==> Energy                -305.924232602
  ==> dE                       -1.66e-04
  ==> Gradient Norm             2.58e-01
  ==> Abs. Max. Deriv.          3.77e-02
  ==> Time-Grad. (s)              94.907
  ==> Time-Energy (s)              3.258
  ==> Time-Iter. (s)              99.620

--------------------------------------------------------------------------------
CEO-ADAPT-VQE iteration: 93
--------------------------------------------------------------------------------
    gate        derivative      name       op1       op2       op3        g_unscaled   penalty
   94063        0.00034941        om     39225     39226                  0.02271157        65
     520       -0.00033419      a_ia       520                           -0.00066838         2
     497        0.00027610      a_ia       497                            0.00055221         2
     446       -0.00027361      a_ia       446                           -0.00054722         2
   94062        0.00024859        op     39225     39226                  0.01615808        65
   39225        0.00023994    a_iajb     39225                            0.01943483        81
     402       -0.00023860      a_ia       402                           -0.00286317        12
     679       -0.00021155      a_ia       679                           -0.00296173        14
     527        0.00019759      a_ia       527                            0.00513726        26
     624        0.00018778      a_ia       624                            0.00713570        38

  ==> Add operator: mvp2 -1: 39225 39226
  ==> Current qubit order: 2  3  4  5  8  9  10  11  12  13  14  15  16  17  19  20  21  22  23  26  18  29  58  59  27  28  0  1  67  70  31  36  37  38  39  40  42  44  49  48  7  35  95  88  41  6  62  51  55  56  32  66  57  43  79  45  90  34  82  50  83  47  89  84  52  33  46  73  54  53  25  61  24  76  60  64  65  72  78  63  30  68  69  71  74  75  77  80  81  85  86  87  91  92  93  94  96  97  98  99  100  101  102  103  


  ==> Energy                -305.924492200
  ==> dE                       -2.60e-04
  ==> Gradient Norm             2.43e-01
  ==> Abs. Max. Deriv.          3.77e-02
  ==> Time-Grad. (s)              93.744
  ==> Time-Energy (s)              4.132
  ==> Time-Iter. (s)              99.333

--------------------------------------------------------------------------------
CEO-ADAPT-VQE iteration: 94
--------------------------------------------------------------------------------
    gate        derivative      name       op1       op2       op3        g_unscaled   penalty
     524       -0.00033391      a_ia       524                           -0.00066782         2
     501        0.00027490      a_ia       501                            0.00054980         2
     449       -0.00026828      a_ia       449                           -0.00053656         2
     404       -0.00023625      a_ia       404                           -0.00283498        12
     684       -0.00021500      a_ia       684                           -0.00301005        14
     629        0.00019768      a_ia       629                            0.00711651        36
     531        0.00019692      a_ia       531                            0.00511991        26
     486       -0.00017493      a_ia       486                           -0.00069971         4
   45117        0.00017235        op      2497      2498                  0.01533875        89
   45118        0.00017234        om      2497      2498                  0.01533834        89

  ==> Add operator: a_ia 524
  ==> Current qubit order: 2  3  4  5  8  9  10  11  12  13  14  15  16  17  19  20  21  22  23  26  18  29  58  59  27  28  0  1  67  70  31  36  37  38  39  40  42  44  49  48  7  35  95  88  41  6  62  51  55  56  32  66  57  43  79  45  90  34  82  50  83  47  89  84  52  33  46  73  54  53  25  61  24  76  60  64  65  72  78  63  30  68  69  71  74  75  77  80  81  85  86  87  91  92  93  94  96  97  98  99  100  101  102  103  


  ==> Energy                -305.924492264
  ==> dE                       -6.45e-08
  ==> Gradient Norm             2.53e-01
  ==> Abs. Max. Deriv.          3.77e-02
  ==> Time-Grad. (s)              98.292
  ==> Time-Energy (s)              2.194
  ==> Time-Iter. (s)             101.841

--------------------------------------------------------------------------------
CEO-ADAPT-VQE iteration: 95
--------------------------------------------------------------------------------
    gate        derivative      name       op1       op2       op3        g_unscaled   penalty
     504        0.00027293      a_ia       504                            0.00054586         2
     452       -0.00026789      a_ia       452                           -0.00053577         2
     407       -0.00023625      a_ia       407                           -0.00283495        12
     690       -0.00021501      a_ia       690                           -0.00301009        14
     635        0.00019761      a_ia       635                            0.00711387        36
     535        0.00019664      a_ia       535                            0.00511264        26
   76062        0.00018594        om     25911     25912                  0.02249819       121
   76061        0.00018183        op     25911     25912                  0.02200166       121
     489       -0.00017565      a_ia       489                           -0.00070260         4
   45087        0.00017235        op      2521      2522                  0.01533875        89

  ==> Add operator: a_ia 504
  ==> Current qubit order: 2  3  4  5  8  9  10  11  12  13  14  15  16  17  19  20  21  22  23  26  18  29  58  59  27  28  0  1  67  70  31  36  37  38  39  40  42  44  49  48  7  35  95  88  41  6  62  51  55  56  32  66  57  43  79  45  90  34  82  50  83  47  89  84  52  33  46  73  54  53  25  61  24  76  60  64  65  72  78  63  30  68  69  71  74  75  77  80  81  85  86  87  91  92  93  94  96  97  98  99  100  101  102  103  


  ==> Energy                -305.924492467
  ==> dE                       -2.03e-07
  ==> Gradient Norm             2.52e-01
  ==> Abs. Max. Deriv.          3.77e-02
  ==> Time-Grad. (s)             132.498
  ==> Time-Energy (s)              2.054
  ==> Time-Iter. (s)             135.968

--------------------------------------------------------------------------------
CEO-ADAPT-VQE iteration: 96
--------------------------------------------------------------------------------
    gate        derivative      name       op1       op2       op3        g_unscaled   penalty
     453       -0.00026747      a_ia       453                           -0.00053494         2
     408       -0.00023624      a_ia       408                           -0.00283485        12
     692       -0.00021500      a_ia       692                           -0.00301004        14
   93026        0.00020922        op     38790     38791                  0.02280493       109
   89301        0.00020290        om     35946     35947                  0.00588413        29
   89300        0.00020071        op     35946     35947                  0.00582061        29
     637        0.00019717      a_ia       637                            0.00709826        36
     536        0.00019616      a_ia       536                            0.00510008        26
     490       -0.00017560      a_ia       490                           -0.00070241         4
   45102        0.00017235        op      2542      2543                  0.01533876        89

  ==> Add operator: a_ia 453
  ==> Current qubit order: 2  3  4  5  8  9  10  11  12  13  14  15  16  17  19  20  21  22  23  26  18  29  58  59  27  28  0  1  67  70  31  36  37  38  39  40  42  44  49  48  7  35  95  88  41  6  62  51  55  56  32  66  57  43  79  45  90  34  82  50  83  47  89  84  52  33  46  73  54  53  25  61  24  76  60  64  65  72  78  63  30  68  69  71  74  75  77  80  81  85  86  87  91  92  93  94  96  97  98  99  100  101  102  103  


  ==> Energy                -305.924492862
  ==> dE                       -3.95e-07
  ==> Gradient Norm             2.56e-01
  ==> Abs. Max. Deriv.          3.77e-02
  ==> Time-Grad. (s)              89.223
  ==> Time-Energy (s)              2.070
  ==> Time-Iter. (s)              92.774

--------------------------------------------------------------------------------
CEO-ADAPT-VQE iteration: 97
--------------------------------------------------------------------------------
    gate        derivative      name       op1       op2       op3        g_unscaled   penalty
     457        0.00030002      a_ia       457                            0.00060003         2
     411       -0.00023628      a_ia       411                           -0.00283537        12
     698       -0.00021501      a_ia       698                           -0.00301008        14
     643        0.00019702      a_ia       643                            0.00709275        36
     540        0.00019631      a_ia       540                            0.00510397        26
     494       -0.00017595      a_ia       494                           -0.00070379         4
   45087        0.00017235        op      2563      2564                  0.01533879        89
   45088        0.00017234        om      2563      2564                  0.01533837        89
   44993       -0.00017146        op      2469      2470                 -0.01697446        99
   44994       -0.00017146        om      2469      2470                 -0.01697446        99

  ==> Add operator: a_ia 457
  ==> Current qubit order: 2  3  4  5  8  9  10  11  12  13  14  15  16  17  19  20  21  22  23  26  18  29  58  59  27  28  0  1  67  70  31  36  37  38  39  40  42  44  49  48  7  35  95  88  41  6  62  51  55  56  32  66  57  43  79  45  90  34  82  50  83  47  89  84  52  33  46  73  54  53  25  61  24  76  60  64  65  72  78  63  30  68  69  71  74  75  77  80  81  85  86  87  91  92  93  94  96  97  98  99  100  101  102  103  


  ==> Energy                -305.924492862
  ==> dE                        6.82e-13
  ==> Gradient Norm             2.52e-01
  ==> Abs. Max. Deriv.          3.77e-02
  ==> Time-Grad. (s)              86.702
  ==> Time-Energy (s)              1.896
  ==> Time-Iter. (s)              90.057

--------------------------------------------------------------------------------
CEO-ADAPT-VQE iteration: 98
--------------------------------------------------------------------------------
    gate        derivative      name       op1       op2       op3        g_unscaled   penalty
     461        0.00030004      a_ia       461                            0.00060007         2
     415       -0.00023628      a_ia       415                           -0.00283537        12
     703       -0.00021501      a_ia       703                           -0.00301008        14
     648        0.00019702      a_ia       648                            0.00709275        36
     544        0.00019631      a_ia       544                            0.00510397        26
     498       -0.00017595      a_ia       498                           -0.00070379         4
   89345       -0.00017292        om     36382     36383                 -0.01435197        83
   89344       -0.00017292        op     36382     36383                 -0.01435197        83
   45018        0.00017235        op      2583      2584                  0.01533879        89
   45019        0.00017234        om      2583      2584                  0.01533837        89

  ==> Add operator: a_ia 461
  ==> Current qubit order: 2  3  4  5  8  9  10  11  12  13  14  15  16  17  19  20  21  22  23  26  18  29  58  59  27  28  0  1  67  70  31  36  37  38  39  40  42  44  49  48  7  35  95  88  41  6  62  51  55  56  32  66  57  43  79  45  90  34  82  50  83  47  89  84  52  33  46  73  54  53  25  61  24  76  60  64  65  72  78  63  30  68  69  71  74  75  77  80  81  85  86  87  91  92  93  94  96  97  98  99  100  101  102  103  


  ==> Energy                -305.924492862
  ==> dE                       -5.68e-14
  ==> Gradient Norm             2.57e-01
  ==> Abs. Max. Deriv.          3.77e-02
  ==> Time-Grad. (s)              88.054
  ==> Time-Energy (s)              1.652
  ==> Time-Iter. (s)              91.171

--------------------------------------------------------------------------------
CEO-ADAPT-VQE iteration: 99
--------------------------------------------------------------------------------
    gate        derivative      name       op1       op2       op3        g_unscaled   penalty
     525       -0.00062467      a_ia       525                           -0.00249868         4
     461        0.00030004      a_ia       461                            0.00060007         2
   71179        0.00024312        om     22337     22338                  0.00802304        33
   71178        0.00024239        op     22337     22338                  0.00799879        33
   93454       -0.00023689        op     39162     39163                 -0.01824066        77
     415       -0.00023628      a_ia       415                           -0.00283537        12
     708       -0.00021501      a_ia       708                           -0.00301008        14
   93455       -0.00020719        om     39162     39163                 -0.01595371        77
     653        0.00019702      a_ia       653                            0.00709275        36
     546        0.00019631      a_ia       546                            0.00510397        26

  ==> Add operator: a_ia 525
  ==> Current qubit order: 2  3  4  5  8  9  10  11  12  13  14  15  16  17  19  20  21  22  23  26  18  29  58  59  27  28  0  1  67  70  31  36  37  38  39  40  42  44  49  48  7  35  95  88  41  6  62  51  55  56  32  66  57  43  79  45  90  34  82  50  83  47  89  84  52  46  33  73  54  53  25  61  24  76  60  64  65  72  78  63  30  68  69  71  74  75  77  80  81  85  86  87  91  92  93  94  96  97  98  99  100  101  102  103  


  ==> Energy                -305.924494186
  ==> dE                       -1.32e-06
  ==> Gradient Norm             2.61e-01
  ==> Abs. Max. Deriv.          3.77e-02
  ==> Time-Grad. (s)             162.938
  ==> Time-Energy (s)              2.063
  ==> Time-Iter. (s)             166.468

--------------------------------------------------------------------------------
CEO-ADAPT-VQE iteration: 100
--------------------------------------------------------------------------------
    gate        derivative      name       op1       op2       op3        g_unscaled   penalty
     465        0.00029360      a_ia       465                            0.00058720         2
   92816        0.00022891        om     38856     38857                  0.02495111       109
   92815        0.00022891        op     38856     38857                  0.02495096       109
     717       -0.00021503      a_ia       717                           -0.00301037        14
     419       -0.00020249      a_ia       419                           -0.00283488        14
     657        0.00020080      a_ia       657                            0.00040160         2
   92629       -0.00019989        op     38717     38719                 -0.01499146        75
   92630       -0.00019989        op     38717     38719                 -0.01499146        75
   38856        0.00019961    a_iajb     38856                            0.02495104       125
     552        0.00019699      a_ia       552                            0.00512181        26

  ==> Add operator: a_ia 465
  ==> Current qubit order: 2  3  4  5  8  9  10  11  12  13  14  15  16  17  19  20  21  22  23  26  18  29  58  59  27  28  0  1  67  70  31  36  37  38  39  40  42  44  49  48  7  35  95  88  41  6  62  51  55  56  32  66  57  43  79  45  90  34  82  50  83  47  89  84  52  46  33  73  54  53  25  61  24  76  60  64  65  72  78  63  30  68  69  71  74  75  77  80  81  85  86  87  91  92  93  94  96  97  98  99  100  101  102  103  


  ==> Energy                -305.924566841
  ==> dE                       -7.27e-05
  ==> Gradient Norm             2.60e-01
  ==> Abs. Max. Deriv.          3.77e-02
  ==> Time-Grad. (s)              93.776
  ==> Time-Energy (s)            474.758
  ==> Time-Iter. (s)             569.976

--------------------------------------------------------------------------------
CEO-ADAPT-VQE iteration: 101
--------------------------------------------------------------------------------
    gate        derivative      name       op1       op2       op3        g_unscaled   penalty
      32        0.00291334      a_ia        32                            0.00582669         2
     546        0.00139080      a_ia       546                            0.00278161         2
     521       -0.00131415      a_ia       521                           -0.00262830         2
     466        0.00077635      a_ia       466                            0.00155270         2
     679       -0.00064272      a_ia       679                           -0.00128545         2
     503       -0.00056576      a_ia       503                           -0.00113153         2
     533       -0.00032572      a_ia       533                           -0.00065144         2
     419       -0.00023585      a_ia       419                           -0.00330189        14
     723       -0.00021915      a_ia       723                           -0.00306804        14
   45176        0.00020808        om      2654      2655                  0.00520198        25

  ==> Add operator: a_ia 32
  ==> Current qubit order: 2  3  4  5  8  9  10  11  12  13  14  15  16  17  19  20  21  22  23  26  18  29  58  59  27  28  0  1  67  70  31  36  37  38  39  40  42  44  49  48  7  35  95  88  41  6  62  51  55  56  32  66  57  43  79  45  90  34  82  50  83  47  89  84  52  46  33  73  54  53  25  61  24  76  60  64  65  72  78  63  30  68  69  71  74  75  77  80  81  85  86  87  91  92  93  94  96  97  98  99  100  101  102  103  


  ==> Energy                -305.924571411
  ==> dE                       -4.57e-06
  ==> Gradient Norm             2.62e-01
  ==> Abs. Max. Deriv.          3.79e-02
  ==> Time-Grad. (s)              96.937
  ==> Time-Energy (s)              0.853
  ==> Time-Iter. (s)              99.272

--------------------------------------------------------------------------------
CEO-ADAPT-VQE iteration: 102
--------------------------------------------------------------------------------
    gate        derivative      name       op1       op2       op3        g_unscaled   penalty
     554        0.00138554      a_ia       554                            0.00277108         2
     529       -0.00130694      a_ia       529                           -0.00261388         2
     474        0.00077594      a_ia       474                            0.00155189         2
     687       -0.00064241      a_ia       687                           -0.00128482         2
     511       -0.00056803      a_ia       511                           -0.00113605         2
     541       -0.00032711      a_ia       541                           -0.00065423         2
     426       -0.00023596      a_ia       426                           -0.00330342        14
     731       -0.00021916      a_ia       731                           -0.00306826        14
   45142        0.00020617        op      2668      2669                  0.00515436        25
   45143        0.00020617        om      2668      2669                  0.00515418        25

  ==> Add operator: a_ia 554
  ==> Current qubit order: 2  3  4  5  8  9  10  11  12  13  14  15  16  17  19  20  21  22  23  26  18  29  58  59  27  28  0  1  67  70  31  36  37  38  39  40  42  44  49  48  7  35  95  88  41  6  62  51  55  56  32  66  57  43  79  45  90  34  82  50  83  47  89  84  52  46  33  73  54  53  25  61  24  76  60  64  65  72  78  63  30  68  69  71  74  75  77  80  81  85  86  87  91  92  93  94  96  97  98  99  100  101  102  103  


  ==> Energy                -305.924572840
  ==> dE                       -1.43e-06
  ==> Gradient Norm             2.52e-01
  ==> Abs. Max. Deriv.          3.76e-02
  ==> Time-Grad. (s)             178.561
  ==> Time-Energy (s)              2.346
  ==> Time-Iter. (s)             182.357

--------------------------------------------------------------------------------
CEO-ADAPT-VQE iteration: 103
--------------------------------------------------------------------------------
    gate        derivative      name       op1       op2       op3        g_unscaled   penalty
     534       -0.00129860      a_ia       534                           -0.00259719         2
     479        0.00077425      a_ia       479                            0.00154851         2
     693       -0.00062197      a_ia       693                           -0.00124394         2
     516       -0.00057974      a_ia       516                           -0.00115949         2
     547       -0.00032402      a_ia       547                           -0.00064805         2
     430       -0.00023597      a_ia       430                           -0.00330354        14
     737       -0.00021914      a_ia       737                           -0.00306802        14
   45154        0.00020618        op      2694      2695                  0.00515441        25
   45155        0.00020617        om      2694      2695                  0.00515423        25
   92948        0.00019612        op     38863     38864                  0.03588960       183

  ==> Add operator: a_ia 534
  ==> Current qubit order: 2  3  4  5  8  9  10  11  12  13  14  15  16  17  19  20  21  22  23  26  18  29  58  59  27  28  0  1  67  70  31  36  37  38  39  40  42  44  49  48  7  35  95  88  41  6  62  51  55  56  32  66  57  43  79  45  90  34  82  50  83  47  89  84  52  46  33  73  54  53  25  61  24  76  60  64  65  72  78  63  30  68  69  71  74  75  77  80  81  85  86  87  91  92  93  94  96  97  98  99  100  101  102  103  


  ==> Energy                -305.924575521
  ==> dE                       -2.68e-06
  ==> Gradient Norm             2.57e-01
  ==> Abs. Max. Deriv.          3.76e-02
  ==> Time-Grad. (s)              91.786
  ==> Time-Energy (s)              2.409
  ==> Time-Iter. (s)              95.649

--------------------------------------------------------------------------------
CEO-ADAPT-VQE iteration: 104
--------------------------------------------------------------------------------
    gate        derivative      name       op1       op2       op3        g_unscaled   penalty
     482        0.00077265      a_ia       482                            0.00154531         2
     700       -0.00058258      a_ia       700                           -0.00116515         2
     519       -0.00054847      a_ia       519                           -0.00109695         2
   75747        0.00033533        om     25685     25686                  0.01643099        49
   75746        0.00033533        op     25685     25686                  0.01643099        49
     551       -0.00032484      a_ia       551                           -0.00064968         2
   89722        0.00026271        op     36283     36284                  0.02075428        79
   89723        0.00025472        om     36283     36284                  0.02012291        79
   25685        0.00025278    a_iajb     25685                            0.01643099        65
     433       -0.00023600      a_ia       433                           -0.00330400        14

  ==> Add operator: a_ia 482
  ==> Current qubit order: 2  3  4  5  8  9  10  11  12  13  14  15  16  17  19  20  21  22  23  26  18  29  58  59  27  28  0  1  67  70  31  36  37  38  39  40  42  44  49  48  7  35  95  88  41  6  62  51  55  56  32  66  57  43  79  45  90  34  82  50  83  47  89  84  52  46  33  73  54  53  25  61  24  76  60  64  65  72  78  63  30  68  69  71  74  75  77  80  81  85  86  87  91  92  93  94  96  97  98  99  100  101  102  103  


  ==> Energy                -305.924576144
  ==> dE                       -6.23e-07
  ==> Gradient Norm             2.61e-01
  ==> Abs. Max. Deriv.          3.76e-02
  ==> Time-Grad. (s)             109.327
  ==> Time-Energy (s)              2.349
  ==> Time-Iter. (s)             113.122

--------------------------------------------------------------------------------
CEO-ADAPT-VQE iteration: 105
--------------------------------------------------------------------------------
    gate        derivative      name       op1       op2       op3        g_unscaled   penalty
   96458        0.00066644        om     41331     41332                  0.03798719        57
   96457        0.00060606        op     41331     41332                  0.03454544        57
     709       -0.00058065      a_ia       709                           -0.00116130         2
     525       -0.00053947      a_ia       525                           -0.00107893         2
   41331        0.00049680    a_iajb     41331                            0.03626631        73
     558       -0.00031920      a_ia       558                           -0.00063840         2
     437       -0.00023593      a_ia       437                           -0.00330306        14
     755       -0.00021914      a_ia       755                           -0.00306799        14
   45247        0.00020619        op      2760      2761                  0.00515476        25
   45248        0.00020619        om      2760      2761                  0.00515463        25

  ==> Add operator: mvp2 -1: 41331 41332
  ==> Current qubit order: 2  3  4  5  8  9  10  11  12  13  14  15  16  17  19  20  21  22  23  26  18  29  58  59  27  28  0  1  67  70  31  36  37  38  39  40  42  44  49  48  7  35  95  88  41  6  62  51  55  56  32  66  57  43  79  45  90  34  82  50  83  89  84  47  52  46  65  33  73  54  53  25  61  24  76  60  64  72  78  63  30  68  69  71  74  75  77  80  81  85  86  87  91  92  93  94  96  97  98  99  100  101  102  103  


  ==> Energy                -305.924996030
  ==> dE                       -4.20e-04
  ==> Gradient Norm             2.61e-01
  ==> Abs. Max. Deriv.          3.80e-02
  ==> Time-Grad. (s)             107.135
  ==> Time-Energy (s)              3.511
  ==> Time-Iter. (s)             112.102

--------------------------------------------------------------------------------
CEO-ADAPT-VQE iteration: 106
--------------------------------------------------------------------------------
    gate        derivative      name       op1       op2       op3        g_unscaled   penalty
     531       -0.00054367      a_ia       531                           -0.00108734         2
     711        0.00050784      a_ia       711                            0.02539182        50
     564       -0.00031759      a_ia       564                           -0.00063518         2
     715       -0.00024500      a_ia       715                           -0.00146997         6
   45258        0.00020613        op      2784      2785                  0.00515337        25
   45259        0.00020613        om      2784      2785                  0.00515323        25
     586        0.00019376      a_ia       586                            0.00503786        26
     443       -0.00019071      a_ia       443                           -0.00305139        16
     459       -0.00018638      a_ia       459                           -0.00037276         2
     703        0.00018596      a_ia       703                            0.00706645        38

  ==> Add operator: a_ia 531
  ==> Current qubit order: 2  3  4  5  8  9  10  11  12  13  14  15  16  17  19  20  21  22  23  26  18  29  58  59  27  28  0  1  67  70  31  36  37  38  39  40  42  44  49  48  7  35  95  88  41  6  62  51  55  56  32  66  57  43  79  45  90  34  82  50  83  89  84  47  52  46  65  33  73  54  53  25  61  24  76  60  64  72  78  63  30  68  69  71  74  75  77  80  81  85  86  87  91  92  93  94  96  97  98  99  100  101  102  103  


  ==> Energy                -305.924996291
  ==> dE                       -2.61e-07
  ==> Gradient Norm             2.63e-01
  ==> Abs. Max. Deriv.          3.76e-02
  ==> Time-Grad. (s)             109.566
  ==> Time-Energy (s)              1.880
  ==> Time-Iter. (s)             112.878

--------------------------------------------------------------------------------
CEO-ADAPT-VQE iteration: 107
--------------------------------------------------------------------------------
    gate        derivative      name       op1       op2       op3        g_unscaled   penalty
     720        0.00050782      a_ia       720                            0.02539096        50
     571       -0.00031783      a_ia       571                           -0.00063566         2
     724       -0.00024674      a_ia       724                           -0.00148042         6
   45324        0.00020614        op      2799      2800                  0.00515350        25
   45325        0.00020613        om      2799      2800                  0.00515336        25
     593        0.00019389      a_ia       593                            0.00504108        26
     449       -0.00019071      a_ia       449                           -0.00305129        16
     712        0.00018634      a_ia       712                            0.00708098        38
     465       -0.00018534      a_ia       465                           -0.00037068         2
     540       -0.00017814      a_ia       540                           -0.00071255         4

  ==> Add operator: a_ia 720
  ==> Current qubit order: 2  3  4  5  8  9  10  11  12  13  14  15  16  17  19  20  21  22  23  26  18  29  58  59  27  28  0  1  67  70  31  36  37  38  39  40  42  44  48  7  35  95  88  41  6  62  51  55  56  32  66  57  43  79  45  90  34  82  50  83  89  84  49  47  52  46  65  33  73  54  53  25  61  24  76  60  64  72  78  63  30  68  69  71  74  75  77  80  81  85  86  87  91  92  93  94  96  97  98  99  100  101  102  103  


  ==> Energy                -305.925159634
  ==> dE                       -1.63e-04
  ==> Gradient Norm             2.56e-01
  ==> Abs. Max. Deriv.          3.76e-02
  ==> Time-Grad. (s)             109.416
  ==> Time-Energy (s)              1.765
  ==> Time-Iter. (s)             112.625

--------------------------------------------------------------------------------
CEO-ADAPT-VQE iteration: 108
--------------------------------------------------------------------------------
    gate        derivative      name       op1       op2       op3        g_unscaled   penalty
     579       -0.00031977      a_ia       579                           -0.00063955         2
     601        0.00020986      a_ia       601                            0.00503671        24
   45283        0.00020572        op      2828      2829                  0.00514289        25
   45284        0.00020571        om      2828      2829                  0.00514273        25
   85591       -0.00020339        op     33029     33030                 -0.00996603        49
   85592       -0.00020274        om     33029     33030                 -0.00993430        49
     456       -0.00018976      a_ia       456                           -0.00303615        16
     721        0.00018593      a_ia       721                            0.00706538        38
     733       -0.00018483      a_ia       733                           -0.00147866         8
     547       -0.00017897      a_ia       547                           -0.00071589         4

  ==> Add operator: a_ia 579
  ==> Current qubit order: 2  3  4  5  8  9  10  11  12  13  14  15  16  17  19  20  21  22  23  26  18  29  58  59  27  28  0  1  67  70  31  36  37  38  39  40  42  44  48  7  35  95  88  41  6  62  51  55  56  32  66  57  43  79  45  90  34  82  50  83  89  84  49  47  52  46  65  33  73  54  53  25  61  24  76  60  64  72  78  63  30  68  69  71  74  75  77  80  81  85  86  87  91  92  93  94  96  97  98  99  100  101  102  103  


  ==> Energy                -305.925159642
  ==> dE                       -7.50e-09
  ==> Gradient Norm             2.48e-01
  ==> Abs. Max. Deriv.          3.76e-02
  ==> Time-Grad. (s)             108.757
  ==> Time-Energy (s)              1.775
  ==> Time-Iter. (s)             111.968

--------------------------------------------------------------------------------
CEO-ADAPT-VQE iteration: 109
--------------------------------------------------------------------------------
    gate        derivative      name       op1       op2       op3        g_unscaled   penalty
     581       -0.00023062      a_ia       581                           -0.00046124         2
     603        0.00020992      a_ia       603                            0.00503807        24
   45327        0.00020572        op      2845      2846                  0.00514288        25
   45328        0.00020571        om      2845      2846                  0.00514271        25
     457       -0.00018976      a_ia       457                           -0.00303610        16
     725        0.00018596      a_ia       725                            0.00706639        38
     737       -0.00018462      a_ia       737                           -0.00147694         8
     549       -0.00017899      a_ia       549                           -0.00071597         4
     627        0.00017880      a_ia       627                            0.00894018        50
   45213       -0.00017492        op      2731      2732                 -0.01696703        97

  ==> Add operator: a_ia 581
  ==> Current qubit order: 2  3  4  5  8  9  10  11  12  13  14  15  16  17  19  20  21  22  23  26  18  29  58  59  27  28  0  1  67  70  31  36  37  38  39  40  42  44  48  7  35  95  88  41  6  62  51  55  56  32  66  57  43  79  45  90  34  82  50  83  89  84  49  47  52  46  65  33  73  54  53  25  61  24  76  60  64  72  78  63  30  68  69  71  74  75  77  80  81  85  86  87  91  92  93  94  96  97  98  99  100  101  102  103  


  ==> Energy                -305.925159642
  ==> dE                       -2.84e-13
  ==> Gradient Norm             2.47e-01
  ==> Abs. Max. Deriv.          3.76e-02
  ==> Time-Grad. (s)             108.501
  ==> Time-Energy (s)              2.091
  ==> Time-Iter. (s)             112.039

--------------------------------------------------------------------------------
CEO-ADAPT-VQE iteration: 110
--------------------------------------------------------------------------------
    gate        derivative      name       op1       op2       op3        g_unscaled   penalty
     582       -0.00023062      a_ia       582                           -0.00046124         2
   93372        0.00021175        op     38978     38979                  0.01079923        51
   93373        0.00021175        op     38978     38979                  0.01079923        51
     604        0.00020992      a_ia       604                            0.00503807        24
   45302        0.00020572        op      2866      2867                  0.00514288        25
   45303        0.00020571        om      2866      2867                  0.00514271        25
   93376        0.00020093        op     38978     38980                  0.01024745        51
   93377        0.00020093        op     38978     38980                  0.01024745        51
     458       -0.00018976      a_ia       458                           -0.00303610        16
     727        0.00018596      a_ia       727                            0.00706639        38

  ==> Add operator: a_ia 582
  ==> Current qubit order: 2  3  4  5  8  9  10  11  12  13  14  15  16  17  19  20  21  22  23  26  18  29  58  59  27  28  0  1  67  70  31  36  37  38  39  40  42  44  48  7  35  95  88  41  6  62  51  55  56  32  66  57  43  79  45  90  34  82  50  83  89  84  49  47  52  46  65  33  73  54  53  25  61  24  76  60  64  72  78  63  30  68  69  71  74  75  77  80  81  85  86  87  91  92  93  94  96  97  98  99  100  101  102  103  


  ==> Energy                -305.925159642
  ==> dE                       -6.25e-13
  ==> Gradient Norm             2.60e-01
  ==> Abs. Max. Deriv.          3.76e-02
  ==> Time-Grad. (s)             101.545
  ==> Time-Energy (s)              2.205
  ==> Time-Iter. (s)             105.597

--------------------------------------------------------------------------------
CEO-ADAPT-VQE iteration: 111
--------------------------------------------------------------------------------
    gate        derivative      name       op1       op2       op3        g_unscaled   penalty
     586       -0.00023062      a_ia       586                           -0.00046123         2
     608        0.00020992      a_ia       608                            0.00503807        24
   45232        0.00020572        op      2890      2891                  0.00514288        25
   45233        0.00020571        om      2890      2891                  0.00514271        25
     458       -0.00018976      a_ia       458                           -0.00303610        16
     731        0.00018596      a_ia       731                            0.00706639        38
     743       -0.00018462      a_ia       743                           -0.00147694         8
     553       -0.00017899      a_ia       553                           -0.00071597         4
     632        0.00017880      a_ia       632                            0.00894018        50
   45118       -0.00017492        op      2776      2777                 -0.01696703        97

  ==> Add operator: a_ia 586
  ==> Current qubit order: 2  3  4  5  8  9  10  11  12  13  14  15  16  17  19  20  21  22  23  26  18  29  58  59  27  28  0  1  67  70  31  36  37  38  39  40  42  44  48  7  35  95  88  41  6  62  51  55  56  32  66  57  43  79  45  90  34  82  50  83  89  84  49  47  52  46  65  33  73  54  53  25  61  24  76  60  64  72  78  63  30  68  69  71  74  75  77  80  81  85  86  87  91  92  93  94  96  97  98  99  100  101  102  103  


  ==> Energy                -305.925159642
  ==> dE                        0.00e+00
  ==> Gradient Norm             2.51e-01
  ==> Abs. Max. Deriv.          3.76e-02
  ==> Time-Grad. (s)             183.421
  ==> Time-Energy (s)              1.972
  ==> Time-Iter. (s)             186.990

--------------------------------------------------------------------------------
CEO-ADAPT-VQE iteration: 112
--------------------------------------------------------------------------------
    gate        derivative      name       op1       op2       op3        g_unscaled   penalty
     591       -0.00023062      a_ia       591                           -0.00046123         2
     613        0.00020992      a_ia       613                            0.00503807        24
   92825       -0.00020942        op     38891     38892                 -0.01821948        87
   45189        0.00020572        op      2910      2911                  0.00514288        25
   45190        0.00020571        om      2910      2911                  0.00514271        25
     459       -0.00018976      a_ia       459                           -0.00303610        16
     736        0.00018596      a_ia       736                            0.00706639        38
     748       -0.00018462      a_ia       748                           -0.00147694         8
   92826       -0.00018270        om     38891     38892                 -0.01589483        87
     558       -0.00017899      a_ia       558                           -0.00071597         4

  ==> Add operator: a_ia 591
  ==> Current qubit order: 2  3  4  5  8  9  10  11  12  13  14  15  16  17  19  20  21  22  23  26  18  29  58  59  27  28  0  1  67  70  31  36  37  38  39  40  42  44  48  7  35  95  88  41  6  62  51  55  56  32  66  57  43  79  45  90  34  82  50  83  89  84  49  47  52  46  65  33  73  54  53  25  61  24  76  60  64  72  78  63  30  68  69  71  74  75  77  80  81  85  86  87  91  92  93  94  96  97  98  99  100  101  102  103  


  ==> Energy                -305.925159642
  ==> dE                        0.00e+00
  ==> Gradient Norm             2.61e-01
  ==> Abs. Max. Deriv.          3.76e-02
  ==> Time-Grad. (s)             186.997
  ==> Time-Energy (s)              1.930
  ==> Time-Iter. (s)             190.408

--------------------------------------------------------------------------------
CEO-ADAPT-VQE iteration: 113
--------------------------------------------------------------------------------
    gate        derivative      name       op1       op2       op3        g_unscaled   penalty
     599       -0.00023062      a_ia       599                           -0.00046123         2
     621        0.00020992      a_ia       621                            0.00503807        24
   45214        0.00020572        op      2926      2927                  0.00514288        25
   45215        0.00020571        om      2926      2927                  0.00514271        25
     464       -0.00018976      a_ia       464                           -0.00303610        16
     746        0.00018596      a_ia       746                            0.00706639        38
     759       -0.00018462      a_ia       759                           -0.00147694         8
     565       -0.00017899      a_ia       565                           -0.00071597         4
     645        0.00017880      a_ia       645                            0.00894018        50
   92650        0.00017769        op     38728     38729                  0.00657440        37

  ==> Add operator: a_ia 599
  ==> Current qubit order: 2  3  4  5  8  9  10  11  12  13  14  15  16  17  19  20  21  22  23  26  18  29  58  59  27  28  0  1  67  70  31  36  37  38  39  40  42  44  48  7  35  95  88  41  6  62  51  55  56  32  66  57  43  79  45  90  34  82  50  83  89  84  49  47  52  46  65  33  73  54  53  25  61  24  76  60  64  72  78  63  30  68  69  71  74  75  77  80  81  85  86  87  91  92  93  94  96  97  98  99  100  101  102  103  


  ==> Energy                -305.925159642
  ==> dE                        0.00e+00
  ==> Gradient Norm             2.58e-01
  ==> Abs. Max. Deriv.          3.76e-02
  ==> Time-Grad. (s)              93.356
  ==> Time-Energy (s)              1.949
  ==> Time-Iter. (s)              97.313

--------------------------------------------------------------------------------
CEO-ADAPT-VQE iteration: 114
--------------------------------------------------------------------------------
    gate        derivative      name       op1       op2       op3        g_unscaled   penalty
   91123       -0.00029127        op     37595     37596                 -0.02417543        83
   91124       -0.00029127        op     37595     37596                 -0.02417543        83
   91127       -0.00027997        op     37595     37597                 -0.02323792        83
   91128       -0.00027997        op     37595     37597                 -0.02323792        83
   37595       -0.00024427    a_iajb     37595                           -0.02418227        99
     603       -0.00023062      a_ia       603                           -0.00046123         2
   87001        0.00021847        op     34463     34464                  0.00808335        37
   87002        0.00021847        om     34463     34464                  0.00808335        37
     625        0.00020992      a_ia       625                            0.00503807        24
   45217        0.00020572        op      2945      2946                  0.00514288        25

  ==> Add operator: mvp3 -1: 37595 37596 37597
  ==> Current qubit order: 2  3  4  5  8  9  10  11  12  13  14  15  16  17  19  20  21  22  23  26  18  29  58  59  27  28  0  1  67  70  31  36  37  38  39  40  42  44  48  7  35  95  88  41  6  62  51  55  56  32  66  57  43  79  45  90  34  50  83  89  49  47  52  65  33  82  84  46  30  73  54  53  25  61  24  76  60  64  72  78  63  68  69  71  74  75  77  80  81  85  86  87  91  92  93  94  96  97  98  99  100  101  102  103  


  ==> Energy                -305.925400245
  ==> dE                       -2.41e-04
  ==> Gradient Norm             2.58e-01
  ==> Abs. Max. Deriv.          3.76e-02
  ==> Time-Grad. (s)              99.901
  ==> Time-Energy (s)              5.892
  ==> Time-Iter. (s)             107.804

--------------------------------------------------------------------------------
CEO-ADAPT-VQE iteration: 115
--------------------------------------------------------------------------------
    gate        derivative      name       op1       op2       op3        g_unscaled   penalty
     697        0.00044271      a_ia       697                            0.00265627         6
     768       -0.00025138      a_ia       768                           -0.00150825         6
     471       -0.00021668      a_ia       471                           -0.00303358        14
     755        0.00021199      a_ia       755                            0.00720779        34
     629        0.00020811      a_ia       629                            0.00499453        24
   45229        0.00020522        op      2961      2962                  0.00513062        25
   45230        0.00020522        om      2961      2962                  0.00513046        25
     653        0.00018587      a_ia       653                            0.00892170        48
   45115       -0.00017492        op      2847      2848                 -0.01696699        97
   45116       -0.00017492        om      2847      2848                 -0.01696699        97

  ==> Add operator: a_ia 697
  ==> Current qubit order: 2  3  4  5  8  9  10  11  12  13  14  15  16  17  19  20  21  22  23  26  18  29  58  59  27  28  0  1  67  70  31  36  37  38  39  40  42  44  48  7  35  95  88  6  62  41  51  55  56  32  66  57  43  79  45  90  34  50  83  89  49  47  52  65  33  82  84  46  30  73  54  53  25  61  24  76  60  64  72  78  63  68  69  71  74  75  77  80  81  85  86  87  91  92  93  94  96  97  98  99  100  101  102  103  


  ==> Energy                -305.925486522
  ==> dE                       -8.63e-05
  ==> Gradient Norm             2.50e-01
  ==> Abs. Max. Deriv.          3.76e-02
  ==> Time-Grad. (s)              93.782
  ==> Time-Energy (s)              1.745
  ==> Time-Iter. (s)              97.504

--------------------------------------------------------------------------------
CEO-ADAPT-VQE iteration: 116
--------------------------------------------------------------------------------
    gate        derivative      name       op1       op2       op3        g_unscaled   penalty
   96479       -0.00039862        om     41760     41761                 -0.02670784        67
   96478       -0.00033422        op     41760     41761                 -0.02239306        67
   92755        0.00031626        om     38876     38877                  0.03953216       125
   41760       -0.00029579    a_iajb     41760                           -0.02455045        83
   92754        0.00029003        op     38876     38877                  0.03625416       125
   38876        0.00026875    a_iajb     38876                            0.03789316       141
     772       -0.00025039      a_ia       772                           -0.00150235         6
     905       -0.00022499      a_ia       905                           -0.00089996         4
     472       -0.00021766      a_ia       472                           -0.00304718        14
     759        0.00021250      a_ia       759                            0.00722493        34

  ==> Add operator: mvp2 -1: 41760 41761
  ==> Current qubit order: 2  3  4  5  8  9  10  11  12  13  14  15  16  17  19  20  21  22  23  26  18  29  58  59  27  28  0  1  67  70  31  36  37  38  39  40  42  44  48  7  35  95  88  6  62  41  55  56  32  66  57  43  79  45  90  34  51  50  83  54  89  49  47  52  65  33  82  84  46  30  73  53  25  61  24  76  60  64  72  78  63  68  69  71  74  75  77  80  81  85  86  87  91  92  93  94  96  97  98  99  100  101  102  103  


  ==> Energy                -305.925734212
  ==> dE                       -2.48e-04
  ==> Gradient Norm             2.64e-01
  ==> Abs. Max. Deriv.          3.95e-02
  ==> Time-Grad. (s)              99.200
  ==> Time-Energy (s)              3.325
  ==> Time-Iter. (s)             104.393

--------------------------------------------------------------------------------
CEO-ADAPT-VQE iteration: 117
--------------------------------------------------------------------------------
    gate        derivative      name       op1       op2       op3        g_unscaled   penalty
     777        0.00036817      a_ia       777                            0.00736348        20
     707        0.00026732      a_ia       707                            0.00053464         2
     474       -0.00026071      a_ia       474                           -0.00312848        12
     911       -0.00022695      a_ia       911                           -0.00090779         4
     764        0.00022649      a_ia       764                            0.00724775        32
     636        0.00020737      a_ia       636                            0.00497678        24
   45141        0.00020481        op      2994      2995                  0.00512023        25
   45142        0.00020480        om      2994      2995                  0.00512001        25
   45021       -0.00019502        op      2874      2875                 -0.01696687        87
   45022       -0.00019502        om      2874      2875                 -0.01696687        87

  ==> Add operator: a_ia 777
  ==> Current qubit order: 2  3  4  5  8  9  10  11  12  13  14  15  16  17  19  20  21  22  23  26  18  29  58  59  27  28  0  1  67  70  31  36  37  38  39  40  42  44  48  7  35  95  88  6  62  41  55  56  32  66  57  43  45  90  34  51  50  83  54  89  49  79  47  52  65  33  82  84  46  30  73  53  25  61  24  76  60  64  72  78  63  68  69  71  74  75  77  80  81  85  86  87  91  92  93  94  96  97  98  99  100  101  102  103  


  ==> Energy                -305.925748732
  ==> dE                       -1.45e-05
  ==> Gradient Norm             2.61e-01
  ==> Abs. Max. Deriv.          3.76e-02
  ==> Time-Grad. (s)              90.703
  ==> Time-Energy (s)              2.537
  ==> Time-Iter. (s)              94.800

--------------------------------------------------------------------------------
CEO-ADAPT-VQE iteration: 118
--------------------------------------------------------------------------------
    gate        derivative      name       op1       op2       op3        g_unscaled   penalty
     781        0.00038537      a_ia       781                            0.00616586        16
     712        0.00026535      a_ia       712                            0.00053070         2
     477       -0.00026079      a_ia       477                           -0.00312947        12
     919       -0.00022697      a_ia       919                           -0.00090788         4
     770        0.00022319      a_ia       770                            0.00714210        32
     640        0.00020705      a_ia       640                            0.00496916        24
   45175        0.00020474        op      3026      3027                  0.00511844        25
   45176        0.00020473        om      3026      3027                  0.00511821        25
     664        0.00019564      a_ia       664                            0.00899934        46
   45053       -0.00019503        op      2904      2905                 -0.01696723        87

  ==> Add operator: a_ia 781
  ==> Current qubit order: 2  3  4  5  8  9  10  11  12  13  14  15  16  17  19  20  21  22  23  26  18  29  58  59  27  28  0  1  67  70  31  36  37  38  39  40  42  44  48  7  35  95  88  6  62  41  55  56  32  66  57  43  45  90  34  51  50  83  54  89  49  79  52  65  33  82  84  46  30  47  73  53  25  61  24  76  60  64  72  78  63  68  69  71  74  75  77  80  81  85  86  87  91  92  93  94  96  97  98  99  100  101  102  103  


  ==> Energy                -305.925759669
  ==> dE                       -1.09e-05
  ==> Gradient Norm             2.63e-01
  ==> Abs. Max. Deriv.          3.76e-02
  ==> Time-Grad. (s)              91.944
  ==> Time-Energy (s)              2.389
  ==> Time-Iter. (s)              95.785

--------------------------------------------------------------------------------
CEO-ADAPT-VQE iteration: 119
--------------------------------------------------------------------------------
    gate        derivative      name       op1       op2       op3        g_unscaled   penalty
     715        0.00026710      a_ia       715                            0.00053419         2
     785        0.00023792      a_ia       785                            0.00761356        32
     783        0.00023037      a_ia       783                            0.00092146         4
     922       -0.00022702      a_ia       922                           -0.00090809         4
     479       -0.00022386      a_ia       479                           -0.00313404        14
     773        0.00020837      a_ia       773                            0.00708468        34
     643        0.00020598      a_ia       643                            0.00494362        24
     786        0.00020516      a_ia       786                            0.00697546        34
   45169        0.00020473        op      3045      3046                  0.00511823        25
   45170        0.00020472        om      3045      3046                  0.00511800        25

  ==> Add operator: a_ia 715
  ==> Current qubit order: 2  3  4  5  8  9  10  11  12  13  14  15  16  17  19  20  21  22  23  26  18  29  58  59  27  28  0  1  67  70  31  36  37  38  39  40  42  44  48  7  35  95  88  6  62  41  55  56  32  66  57  43  45  90  34  51  50  83  54  89  49  79  52  65  33  82  84  46  30  47  73  53  25  61  24  76  60  64  72  78  63  68  69  71  74  75  77  80  81  85  86  87  91  92  93  94  96  97  98  99  100  101  102  103  


  ==> Energy                -305.925759754
  ==> dE                       -8.42e-08
  ==> Gradient Norm             2.59e-01
  ==> Abs. Max. Deriv.          3.76e-02
  ==> Time-Grad. (s)              91.248
  ==> Time-Energy (s)              1.295
  ==> Time-Iter. (s)              94.002

--------------------------------------------------------------------------------
CEO-ADAPT-VQE iteration: 120
--------------------------------------------------------------------------------
    gate        derivative      name       op1       op2       op3        g_unscaled   penalty
     789        0.00023793      a_ia       789                            0.00761371        32
     787        0.00022949      a_ia       787                            0.00091797         4
     926       -0.00022702      a_ia       926                           -0.00090809         4
     483       -0.00022387      a_ia       483                           -0.00313418        14
     777        0.00020840      a_ia       777                            0.00708544        34
     647        0.00020603      a_ia       647                            0.00494479        24
     790        0.00020515      a_ia       790                            0.00697520        34
   92177       -0.00020481        op     38703     38704                 -0.01536051        75
   45165        0.00020473        op      3061      3062                  0.00511822        25
   45166        0.00020472        om      3061      3062                  0.00511800        25

  ==> Add operator: a_ia 789
  ==> Current qubit order: 2  3  4  5  8  9  10  11  12  13  14  15  16  17  19  20  21  22  23  26  18  29  58  59  27  28  0  1  67  70  31  36  37  38  39  40  42  44  48  7  35  95  88  6  62  41  55  56  32  66  57  43  45  90  34  51  50  83  54  89  49  79  52  65  33  82  84  46  30  73  53  25  61  24  76  60  64  72  78  63  68  69  71  74  47  75  77  80  81  85  86  87  91  92  93  94  96  97  98  99  100  101  102  103  


  ==> Energy                -305.925775873
  ==> dE                       -1.61e-05
  ==> Gradient Norm             2.56e-01
  ==> Abs. Max. Deriv.          3.76e-02
  ==> Time-Grad. (s)              93.828
  ==> Time-Energy (s)              2.216
  ==> Time-Iter. (s)              97.506

--------------------------------------------------------------------------------
CEO-ADAPT-VQE iteration: 121
--------------------------------------------------------------------------------
    gate        derivative      name       op1       op2       op3        g_unscaled   penalty
     797        0.00176168      a_ia       797                            0.00704673         4
     487       -0.00026182      a_ia       487                           -0.00314190        12
     934       -0.00022709      a_ia       934                           -0.00090838         4
     784        0.00021499      a_ia       784                            0.00687952        32
   75664       -0.00020697        op     26153     26154                 -0.02131824       103
   45176        0.00020472        op      3087      3088                  0.00511791        25
   45177        0.00020471        om      3087      3088                  0.00511769        25
     652        0.00020359      a_ia       652                            0.00488610        24
     510       -0.00020003      a_ia       510                           -0.00080012         4
     677        0.00019575      a_ia       677                            0.00900428        46

  ==> Add operator: a_ia 797
  ==> Current qubit order: 2  3  4  5  8  9  10  11  12  13  14  15  16  17  19  20  21  22  23  26  18  29  58  59  27  28  0  1  67  70  31  36  37  38  39  40  42  44  48  7  35  95  88  6  62  41  55  56  32  66  57  43  45  90  34  51  50  83  54  89  49  79  52  65  33  82  84  46  30  73  53  25  61  24  76  60  64  72  78  63  68  69  71  74  75  47  77  80  81  85  86  87  91  92  93  94  96  97  98  99  100  101  102  103  


  ==> Energy                -305.925789439
  ==> dE                       -1.36e-05
  ==> Gradient Norm             2.54e-01
  ==> Abs. Max. Deriv.          3.76e-02
  ==> Time-Grad. (s)              91.339
  ==> Time-Energy (s)              2.602
  ==> Time-Iter. (s)              95.417

--------------------------------------------------------------------------------
CEO-ADAPT-VQE iteration: 122
--------------------------------------------------------------------------------
    gate        derivative      name       op1       op2       op3        g_unscaled   penalty
     491       -0.00026188      a_ia       491                           -0.00314255        12
     941       -0.00022719      a_ia       941                           -0.00090874         4
     790        0.00021163      a_ia       790                            0.00677227        32
     514       -0.00020776      a_ia       514                           -0.00083106         4
     617       -0.00020605      a_ia       617                           -0.00041210         2
   45197        0.00020464        op      3108      3109                  0.00511608        25
   45198        0.00020463        om      3108      3109                  0.00511585        25
     657        0.00020402      a_ia       657                            0.00489650        24
   78357       -0.00020264        op     28201     28202                 -0.01479277        73
   78358       -0.00020264        om     28201     28202                 -0.01479277        73

  ==> Add operator: a_ia 491
  ==> Current qubit order: 2  3  4  5  8  9  10  11  12  13  14  15  16  17  19  20  21  22  23  26  18  29  58  59  27  28  0  1  67  70  31  36  37  38  39  40  42  44  48  7  35  95  88  6  62  41  55  56  32  66  57  43  45  90  34  51  50  83  54  89  49  79  52  65  33  82  84  30  73  53  25  61  46  24  76  60  64  72  78  63  68  69  71  74  75  47  77  80  81  85  86  87  91  92  93  94  96  97  98  99  100  101  102  103  


  ==> Energy                -305.925920145
  ==> dE                       -1.31e-04
  ==> Gradient Norm             2.52e-01
  ==> Abs. Max. Deriv.          3.76e-02
  ==> Time-Grad. (s)              91.906
  ==> Time-Energy (s)              1.868
  ==> Time-Iter. (s)              95.223

--------------------------------------------------------------------------------
CEO-ADAPT-VQE iteration: 123
--------------------------------------------------------------------------------
    gate        derivative      name       op1       op2       op3        g_unscaled   penalty
     794        0.00030551      a_ia       794                            0.00672125        22
     509       -0.00027463      a_ia       509                           -0.00054925         2
     946       -0.00022667      a_ia       946                           -0.00090669         4
     620       -0.00021718      a_ia       620                           -0.00043436         2
     516       -0.00021275      a_ia       516                           -0.00085099         4
   45150        0.00020449        op      3116      3117                  0.00511221        25
   45151        0.00020448        om      3116      3117                  0.00511198        25
     661        0.00020257      a_ia       661                            0.00486172        24
   94859        0.00019655        om     40881     40882                  0.01238281        63
     686        0.00019628      a_ia       686                            0.00902865        46

  ==> Add operator: a_ia 794
  ==> Current qubit order: 2  3  4  5  8  9  10  11  12  13  14  15  16  17  19  20  21  22  23  26  18  29  58  59  27  28  0  1  67  70  31  36  37  38  39  40  42  44  48  7  35  95  88  6  62  41  55  56  32  66  57  43  45  90  34  51  50  83  54  89  49  79  52  65  33  82  84  30  73  53  25  61  24  76  60  64  72  78  63  68  69  71  46  74  75  47  77  80  81  85  86  87  91  92  93  94  96  97  98  99  100  101  102  103  


  ==> Energy                -305.925933490
  ==> dE                       -1.33e-05
  ==> Gradient Norm             2.55e-01
  ==> Abs. Max. Deriv.          3.76e-02
  ==> Time-Grad. (s)              97.679
  ==> Time-Energy (s)              2.384
  ==> Time-Iter. (s)             101.528

--------------------------------------------------------------------------------
CEO-ADAPT-VQE iteration: 124
--------------------------------------------------------------------------------
    gate        derivative      name       op1       op2       op3        g_unscaled   penalty
     514       -0.00027286      a_ia       514                           -0.00054573         2
     625       -0.00026835      a_ia       625                           -0.00053669         2
     952       -0.00022670      a_ia       952                           -0.00090679         4
   45211        0.00020448        op      3137      3138                  0.00511198        25
   45212        0.00020447        om      3137      3138                  0.00511176        25
     521       -0.00020191      a_ia       521                           -0.00080763         4
     666        0.00019986      a_ia       666                            0.00479670        24
     692        0.00019630      a_ia       692                            0.00902957        46
   45083       -0.00019502        op      3009      3010                 -0.01696700        87
   45084       -0.00019502        om      3009      3010                 -0.01696700        87

  ==> Add operator: a_ia 514
  ==> Current qubit order: 2  3  4  5  8  9  10  11  12  13  14  15  16  17  19  20  21  22  23  26  18  29  58  59  27  28  0  1  67  70  31  36  37  38  39  40  42  44  48  7  35  95  88  6  62  41  55  56  32  66  57  43  45  90  34  51  50  83  54  89  49  79  52  65  33  82  84  30  73  53  25  61  24  76  60  64  72  78  63  68  69  71  46  74  75  47  77  80  81  85  86  87  91  92  93  94  96  97  98  99  100  101  102  103  


  ==> Energy                -305.925933514
  ==> dE                       -2.38e-08
  ==> Gradient Norm             2.59e-01
  ==> Abs. Max. Deriv.          3.76e-02
  ==> Time-Grad. (s)             104.721
  ==> Time-Energy (s)              2.227
  ==> Time-Iter. (s)             108.393

--------------------------------------------------------------------------------
CEO-ADAPT-VQE iteration: 125
--------------------------------------------------------------------------------
    gate        derivative      name       op1       op2       op3        g_unscaled   penalty
     515       -0.00038419      a_ia       515                           -0.00076837         2
     627       -0.00026720      a_ia       627                           -0.00053439         2
   91672       -0.00023654        om     38517     38518                 -0.01490229        63
   91671       -0.00023613        op     38517     38518                 -0.01487627        63
     956       -0.00022670      a_ia       956                           -0.00090681         4
   45129        0.00020448        op      3153      3154                  0.00511204        25
   45130        0.00020447        om      3153      3154                  0.00511182        25
     522       -0.00020242      a_ia       522                           -0.00080968         4
     668        0.00019984      a_ia       668                            0.00479608        24
     694        0.00019628      a_ia       694                            0.00902910        46

  ==> Add operator: a_ia 515
  ==> Current qubit order: 2  3  4  5  8  9  10  11  12  13  14  15  16  17  19  20  21  22  23  26  18  29  58  59  27  28  0  1  67  70  31  36  37  38  39  40  42  44  48  7  35  95  88  6  62  41  55  56  32  66  57  43  45  90  34  51  50  83  54  89  49  79  52  65  33  82  84  30  73  53  25  61  24  76  60  64  72  78  63  68  69  71  46  74  75  47  77  80  81  85  86  87  91  92  93  94  96  97  98  99  100  101  102  103  


  ==> Energy                -305.925939659
  ==> dE                       -6.14e-06
  ==> Gradient Norm             2.56e-01
  ==> Abs. Max. Deriv.          3.76e-02
  ==> Time-Grad. (s)              90.025
  ==> Time-Energy (s)            400.162
  ==> Time-Iter. (s)             491.647

--------------------------------------------------------------------------------
CEO-ADAPT-VQE iteration: 126
--------------------------------------------------------------------------------
    gate        derivative      name       op1       op2       op3        g_unscaled   penalty
     824        0.00130861      a_ia       824                            0.00261722         2
     811        0.00125961      a_ia       811                            0.00251921         2
     823        0.00122533      a_ia       823                            0.00245067         2
     566       -0.00074352      a_ia       566                           -0.00148704         2
     680        0.00067865      a_ia       680                            0.00135730         2
     635        0.00067719      a_ia       635                            0.00135438         2
     667       -0.00049540      a_ia       667                           -0.00099080         2
     751        0.00030271      a_ia       751                            0.00060542         2
     653        0.00025813      a_ia       653                            0.00206507         8
   84257        0.00024623        om     32575     32576                  0.03274874       133

  ==> Add operator: a_ia 824
  ==> Current qubit order: 2  3  4  5  8  9  10  11  12  13  14  15  16  17  19  20  21  22  23  26  18  29  58  59  27  28  0  1  67  70  31  36  37  38  39  40  42  44  48  7  35  95  88  6  62  41  55  56  32  66  57  43  45  90  34  51  50  83  54  89  49  79  52  65  33  82  84  30  73  53  25  61  24  76  60  64  72  78  63  68  69  71  46  74  75  47  77  80  81  85  86  87  91  92  93  94  96  97  98  99  100  101  102  103  


  ==> Energy                -305.925941928
  ==> dE                       -2.27e-06
  ==> Gradient Norm             2.59e-01
  ==> Abs. Max. Deriv.          3.76e-02
  ==> Time-Grad. (s)              91.793
  ==> Time-Energy (s)              1.928
  ==> Time-Iter. (s)              95.188

--------------------------------------------------------------------------------
CEO-ADAPT-VQE iteration: 127
--------------------------------------------------------------------------------
    gate        derivative      name       op1       op2       op3        g_unscaled   penalty
     830        0.00041378      a_ia       830                            0.00082757         2
     525       -0.00036041      a_ia       525                           -0.00072082         2
     817        0.00030758      a_ia       817                            0.00061517         2
     671       -0.00028775      a_ia       671                           -0.00057550         2
     829        0.00026348      a_ia       829                            0.00052696         2
   96407        0.00023668        op     41679     41680                  0.00970397        41
     975       -0.00023380      a_ia       975                           -0.00093521         4
   96415        0.00022211        op     41687     41688                  0.01665839        75
   96416        0.00022108        om     41687     41688                  0.01658115        75
     639        0.00021880      a_ia       639                            0.00043760         2

  ==> Add operator: a_ia 830
  ==> Current qubit order: 2  3  4  5  8  9  10  11  12  13  14  15  16  17  19  20  21  22  23  26  18  29  58  59  27  28  0  1  67  70  31  36  37  38  39  40  42  44  48  7  35  95  88  6  62  41  55  56  32  66  57  43  45  90  34  51  50  83  54  89  49  79  52  65  33  82  84  30  73  53  25  61  24  76  60  64  72  78  63  68  69  71  46  74  75  47  77  80  81  85  86  87  91  92  93  94  96  97  98  99  100  101  102  103  


  ==> Energy                -305.926362702
  ==> dE                       -2.27e-07
  ==> Gradient Norm             2.57e-01
  ==> Abs. Max. Deriv.          3.76e-02
  ==> Time-Grad. (s)             145.652
  ==> Time-Energy (s)              4.185
  ==> Time-Iter. (s)             151.363

--------------------------------------------------------------------------------
CEO-ADAPT-VQE iteration: 128
--------------------------------------------------------------------------------
    gate        derivative      name       op1       op2       op3        g_unscaled   penalty
     529       -0.00036096      a_ia       529                           -0.00072191         2
     822        0.00030070      a_ia       822                            0.00060141         2
     676       -0.00028990      a_ia       676                           -0.00057980         2
     834        0.00026773      a_ia       834                            0.00053547         2
     980       -0.00023382      a_ia       980                           -0.00093527         4
     643        0.00021347      a_ia       643                            0.00042693         2
     689        0.00019939      a_ia       689                            0.00039878         2
     711        0.00019731      a_ia       711                            0.00907638        46
   45204       -0.00019580        op      3091      3092                 -0.01703477        87
   45205       -0.00019580        om      3091      3092                 -0.01703477        87

  ==> Add operator: a_ia 529
  ==> Current qubit order: 2  3  4  5  8  9  10  11  12  13  14  15  16  17  19  20  21  22  23  26  18  29  58  59  27  28  0  1  67  70  31  36  37  38  39  40  42  44  48  7  35  95  88  6  62  41  55  56  32  66  57  43  45  90  34  51  50  83  54  89  49  79  52  65  33  82  84  30  73  53  25  61  24  76  60  64  72  78  63  68  69  71  46  74  75  47  77  80  81  85  86  87  91  92  93  94  96  97  98  99  100  101  102  103  


  ==> Energy                -305.926362797
  ==> dE                       -9.56e-08
  ==> Gradient Norm             2.48e-01
  ==> Abs. Max. Deriv.          3.76e-02
  ==> Time-Grad. (s)             110.126
  ==> Time-Energy (s)              4.184
  ==> Time-Iter. (s)             115.781

--------------------------------------------------------------------------------
CEO-ADAPT-VQE iteration: 129
--------------------------------------------------------------------------------
    gate        derivative      name       op1       op2       op3        g_unscaled   penalty
     828        0.00030052      a_ia       828                            0.00060104         2
     682       -0.00029073      a_ia       682                           -0.00058147         2
     840        0.00026811      a_ia       840                            0.00053623         2
   92612        0.00023821        op     38935     38936                  0.02644126       111
     989       -0.00023381      a_ia       989                           -0.00093525         4
     649        0.00021121      a_ia       649                            0.00042242         2
     695        0.00020106      a_ia       695                            0.00040212         2
     717        0.00019733      a_ia       717                            0.00907730        46
   45134       -0.00019580        op      3112      3113                 -0.01703478        87
   45135       -0.00019580        om      3112      3113                 -0.01703478        87

  ==> Add operator: a_ia 828
  ==> Current qubit order: 2  3  4  5  8  9  10  11  12  13  14  15  16  17  19  20  21  22  23  26  18  29  58  59  27  28  0  1  67  70  31  36  37  38  39  40  42  44  48  7  35  95  88  6  62  41  55  56  32  66  57  43  45  90  34  51  50  83  54  89  49  79  52  65  33  82  84  30  73  53  25  61  24  76  60  64  72  78  63  68  69  71  46  74  75  47  77  80  81  85  86  87  91  92  93  94  96  97  98  99  100  101  102  103  


  ==> Energy                -305.926362911
  ==> dE                       -1.13e-07
  ==> Gradient Norm             2.59e-01
  ==> Abs. Max. Deriv.          3.76e-02
  ==> Time-Grad. (s)             107.443
  ==> Time-Energy (s)              4.791
  ==> Time-Iter. (s)             113.667

--------------------------------------------------------------------------------
CEO-ADAPT-VQE iteration: 130
--------------------------------------------------------------------------------
    gate        derivative      name       op1       op2       op3        g_unscaled   penalty
     686       -0.00028852      a_ia       686                           -0.00057704         2
     845        0.00025925      a_ia       845                            0.00051851         2
     996       -0.00023382      a_ia       996                           -0.00093526         4
   87415       -0.00022269        op     34862     34863                 -0.02961761       133
   87416       -0.00022269        om     34862     34863                 -0.02961761       133
     653        0.00020642      a_ia       653                            0.00041284         2
     699        0.00020111      a_ia       699                            0.00040221         2
   34862       -0.00019878    a_iajb     34862                           -0.02961761       149
     721        0.00019733      a_ia       721                            0.00907741        46
   45183       -0.00019580        op      3130      3131                 -0.01703478        87

  ==> Add operator: a_ia 686
  ==> Current qubit order: 2  3  4  5  8  9  10  11  12  13  14  15  16  17  19  20  21  22  23  26  18  29  58  59  27  28  0  1  67  70  31  36  37  38  39  40  42  44  48  7  35  95  88  6  62  41  55  56  32  66  57  43  45  90  34  51  50  83  54  89  49  79  52  65  33  82  84  30  73  53  25  61  24  76  60  64  72  78  63  68  69  71  46  74  75  47  77  80  81  85  86  87  91  92  93  94  96  97  98  99  100  101  102  103  


  ==> Energy                -305.926362967
  ==> dE                       -5.68e-08
  ==> Gradient Norm             2.64e-01
  ==> Abs. Max. Deriv.          3.76e-02
  ==> Time-Grad. (s)             110.353
  ==> Time-Energy (s)              4.237
  ==> Time-Iter. (s)             116.050

--------------------------------------------------------------------------------
CEO-ADAPT-VQE iteration: 131
--------------------------------------------------------------------------------
    gate        derivative      name       op1       op2       op3        g_unscaled   penalty
   82673       -0.00037504        op     31322     31323                 -0.01987707        53
   82674       -0.00037504        om     31322     31323                 -0.01987707        53
   31322       -0.00028807    a_iajb     31322                           -0.01987707        69
     852        0.00025758      a_ia       852                            0.00051516         2
    1005       -0.00023389      a_ia      1005                           -0.00093558         4
   92834       -0.00022999        om     39094     39095                 -0.03104823       135
     660        0.00020418      a_ia       660                            0.00040837         2
     706        0.00019998      a_ia       706                            0.00039996         2
     728        0.00019734      a_ia       728                            0.00907742        46
   45147       -0.00019580        op      3150      3151                 -0.01703477        87

  ==> Add operator: op -1: 31322 31323
  ==> Current qubit order: 2  3  4  5  8  9  10  11  12  13  14  16  17  19  20  21  22  15  18  58  59  23  26  29  27  28  0  1  67  70  31  36  37  38  39  40  42  44  48  7  35  95  88  6  62  41  55  56  32  66  57  43  45  90  34  51  50  83  54  89  49  79  52  65  33  82  84  30  73  53  25  61  24  76  60  64  72  78  63  68  69  71  46  74  75  47  77  80  81  85  86  87  91  92  93  94  96  97  98  99  100  101  102  103  


  ==> Energy                -305.926413093
  ==> dE                       -5.01e-05
  ==> Gradient Norm             2.54e-01
  ==> Abs. Max. Deriv.          3.76e-02
  ==> Time-Grad. (s)             109.948
  ==> Time-Energy (s)              2.876
  ==> Time-Iter. (s)             114.315

--------------------------------------------------------------------------------
CEO-ADAPT-VQE iteration: 132
--------------------------------------------------------------------------------
    gate        derivative      name       op1       op2       op3        g_unscaled   penalty
   90874        0.00032014        om     37572     37573                  0.05154250       161
   90873        0.00030666        op     37572     37573                  0.04937206       161
   37572        0.00028507    a_iajb     37572                            0.05045728       177
     857        0.00025751      a_ia       857                            0.00051502         2
    1011       -0.00023388      a_ia      1011                           -0.00093553         4
     662        0.00020398      a_ia       662                            0.00040796         2
     708        0.00020003      a_ia       708                            0.00040007         2
     730        0.00019734      a_ia       730                            0.00907752        46
     704        0.00019154      a_ia       704                            0.00459698        24
   45165       -0.00019140        op      3162      3163                 -0.01703456        89

  ==> Add operator: mvp2 -1: 37572 37573
  ==> Current qubit order: 2  3  4  5  8  9  10  11  12  13  14  16  17  19  20  21  22  15  18  58  59  23  26  29  27  28  0  1  67  70  36  37  38  39  40  42  44  48  7  35  95  88  6  62  41  55  56  32  66  57  43  45  90  34  51  50  83  54  89  49  79  31  84  30  85  52  65  33  82  73  53  25  61  24  76  60  64  72  78  63  68  69  71  46  74  75  47  77  80  81  86  87  91  92  93  94  96  97  98  99  100  101  102  103  


  ==> Energy                -305.927094829
  ==> dE                       -6.82e-04
  ==> Gradient Norm             2.65e-01
  ==> Abs. Max. Deriv.          5.15e-02
  ==> Time-Grad. (s)             109.696
  ==> Time-Energy (s)              7.750
  ==> Time-Iter. (s)             118.917

--------------------------------------------------------------------------------
CEO-ADAPT-VQE iteration: 133
--------------------------------------------------------------------------------
    gate        derivative      name       op1       op2       op3        g_unscaled   penalty
     863        0.00026182      a_ia       863                            0.00052364         2
    1018       -0.00023419      a_ia      1018                           -0.00093677         4
     708        0.00020856      a_ia       708                            0.00458825        22
     666        0.00020672      a_ia       666                            0.00041344         2
     712        0.00019821      a_ia       712                            0.00039642         2
     734        0.00019740      a_ia       734                            0.00908034        46
   45238       -0.00019580        op      3187      3188                 -0.01703450        87
   45239       -0.00019580        om      3187      3188                 -0.01703450        87
   45360        0.00019431        op      3309      3310                  0.01535065        79
   45361        0.00019431        om      3309      3310                  0.01535012        79

  ==> Add operator: a_ia 863
  ==> Current qubit order: 2  3  4  5  8  9  10  11  12  13  14  16  17  19  20  21  22  15  18  58  59  23  26  29  27  28  0  1  67  70  36  37  38  39  40  42  44  48  7  35  95  88  6  62  41  55  56  32  66  57  43  45  90  34  51  50  83  54  89  49  79  31  84  30  85  52  65  33  82  73  53  25  61  24  76  60  64  72  78  63  68  69  71  46  74  75  47  77  80  81  86  87  91  92  93  94  96  97  98  99  100  101  102  103  


  ==> Energy                -305.927094927
  ==> dE                       -9.79e-08
  ==> Gradient Norm             2.54e-01
  ==> Abs. Max. Deriv.          3.76e-02
  ==> Time-Grad. (s)             109.216
  ==> Time-Energy (s)              4.597
  ==> Time-Iter. (s)             115.283

--------------------------------------------------------------------------------
CEO-ADAPT-VQE iteration: 134
--------------------------------------------------------------------------------
    gate        derivative      name       op1       op2       op3        g_unscaled   penalty
     716       -0.00029158      a_ia       716                           -0.00058317         2
   91248       -0.00027554        om     37946     37947                 -0.02617619        95
   91247       -0.00026838        op     37946     37947                 -0.02549653        95
    1022       -0.00023420      a_ia      1022                           -0.00093679         4
   37946       -0.00023276    a_iajb     37946                           -0.02583636       111
     709        0.00020834      a_ia       709                            0.00458357        22
     667        0.00020178      a_ia       667                            0.00040356         2
     713        0.00019798      a_ia       713                            0.00039597         2
     736        0.00019740      a_ia       736                            0.00908059        46
   45137       -0.00019580        op      3203      3204                 -0.01703451        87

  ==> Add operator: a_ia 716
  ==> Current qubit order: 2  3  4  5  8  9  10  11  12  13  14  16  17  19  20  21  22  15  18  58  59  23  26  29  27  28  0  1  67  70  36  37  38  39  40  42  44  48  7  35  95  88  6  62  41  55  56  32  66  57  43  45  90  34  51  50  83  54  89  49  79  31  84  30  85  52  65  33  82  73  53  25  61  24  76  60  64  72  78  63  68  69  71  46  74  75  47  77  80  81  86  87  91  92  93  94  96  97  98  99  100  101  102  103  


  ==> Energy                -305.927095018
  ==> dE                       -9.04e-08
  ==> Gradient Norm             2.56e-01
  ==> Abs. Max. Deriv.          3.76e-02
  ==> Time-Grad. (s)             114.740
  ==> Time-Energy (s)              3.527
  ==> Time-Iter. (s)             119.719

--------------------------------------------------------------------------------
CEO-ADAPT-VQE iteration: 135
--------------------------------------------------------------------------------
    gate        derivative      name       op1       op2       op3        g_unscaled   penalty
    1026       -0.00023420      a_ia      1026                           -0.00093679         4
     713        0.00020831      a_ia       713                            0.00458279        22
     671        0.00020114      a_ia       671                            0.00040228         2
     717        0.00019788      a_ia       717                            0.00039577         2
     740        0.00019740      a_ia       740                            0.00908061        46
   45284       -0.00019580        op      3221      3222                 -0.01703451        87
   45285       -0.00019580        om      3221      3222                 -0.01703451        87
   45406        0.00019431        op      3343      3344                  0.01535064        79
   45407        0.00019431        om      3343      3344                  0.01535011        79
     561       -0.00018942      a_ia       561                           -0.00075766         4

  ==> Add operator: a_ia 1026
  ==> Current qubit order: 2  3  4  5  8  9  10  11  12  13  14  16  17  19  20  21  22  15  18  58  59  23  26  29  27  28  0  1  67  70  36  37  38  39  40  42  44  48  7  35  95  6  88  62  41  55  56  32  66  57  43  45  90  34  51  50  83  54  89  49  79  31  84  30  85  52  65  33  82  73  53  25  61  24  76  60  64  72  78  63  68  69  71  46  74  75  47  77  80  81  86  87  91  92  93  94  96  97  98  99  100  101  102  103  


  ==> Energy                -305.927191881
  ==> dE                       -9.69e-05
  ==> Gradient Norm             2.61e-01
  ==> Abs. Max. Deriv.          3.76e-02
  ==> Time-Grad. (s)             109.937
  ==> Time-Energy (s)              3.920
  ==> Time-Iter. (s)             115.443

--------------------------------------------------------------------------------
CEO-ADAPT-VQE iteration: 136
--------------------------------------------------------------------------------
    gate        derivative      name       op1       op2       op3        g_unscaled   penalty
   91869        0.00067644        om     38239     38240                  0.05885023        87
   91868        0.00067644        op     38239     38240                  0.05884993        87
   38239        0.00057136    a_iajb     38239                            0.05885008       103
   92086        0.00022043        op     38409     38410                  0.02226304       101
     719        0.00020796      a_ia       719                            0.00457514        22
     677        0.00020389      a_ia       677                            0.00040778         2
     746        0.00019755      a_ia       746                            0.00908750        46
     723        0.00019726      a_ia       723                            0.00039451         2
   45230       -0.00019580        op      3241      3242                 -0.01703426        87
   45231       -0.00019580        om      3241      3242                 -0.01703426        87

  ==> Add operator: om -1: 38239 38240
  ==> Current qubit order: 2  3  4  5  8  9  10  11  12  13  14  16  17  19  20  21  22  15  18  58  59  23  26  29  27  28  0  1  67  70  36  37  38  39  40  42  44  48  7  35  95  6  88  62  41  55  66  43  45  90  56  32  57  33  34  51  50  83  54  89  49  79  31  84  30  85  52  65  82  73  53  25  61  24  76  60  64  72  78  63  68  69  71  46  74  75  47  77  80  81  86  87  91  92  93  94  96  97  98  99  100  101  102  103  


  ==> Energy                -305.927784683
  ==> dE                       -5.93e-04
  ==> Gradient Norm             2.66e-01
  ==> Abs. Max. Deriv.          5.89e-02
  ==> Time-Grad. (s)             110.033
  ==> Time-Energy (s)              3.009
  ==> Time-Iter. (s)             114.471

--------------------------------------------------------------------------------
CEO-ADAPT-VQE iteration: 137
--------------------------------------------------------------------------------
    gate        derivative      name       op1       op2       op3        g_unscaled   penalty
     680       -0.00096072      a_ia       680                           -0.00192144         2
     679        0.00036298      a_ia       679                            0.00217791         6
   96559       -0.00022629        op     41666     41667                 -0.02330765       103
   96560       -0.00021680        om     41666     41667                 -0.02233050       103
     724        0.00020794      a_ia       724                            0.00457458        22
     728        0.00020015      a_ia       728                            0.00040030         2
   45289       -0.00019580        op      3257      3258                 -0.01703447        87
   45290       -0.00019580        om      3257      3258                 -0.01703447        87
   45411        0.00019431        op      3379      3380                  0.01535022        79
   45412        0.00019430        om      3379      3380                  0.01534969        79

  ==> Add operator: a_ia 680
  ==> Current qubit order: 2  3  4  5  8  9  10  11  12  13  14  16  17  19  20  21  22  15  18  58  59  23  26  29  27  28  0  1  67  70  36  37  38  39  40  42  44  48  7  35  95  6  88  62  41  55  66  43  45  90  56  32  57  33  34  51  50  83  54  89  49  79  31  84  30  85  52  65  82  73  53  25  61  24  76  60  64  72  78  63  68  69  71  46  74  75  47  77  80  81  86  87  91  92  93  94  96  97  98  99  100  101  102  103  


  ==> Energy                -305.927785617
  ==> dE                       -9.34e-07
  ==> Gradient Norm             2.61e-01
  ==> Abs. Max. Deriv.          3.76e-02
  ==> Time-Grad. (s)             140.227
  ==> Time-Energy (s)              4.554
  ==> Time-Iter. (s)             146.224

--------------------------------------------------------------------------------
CEO-ADAPT-VQE iteration: 138
--------------------------------------------------------------------------------
    gate        derivative      name       op1       op2       op3        g_unscaled   penalty
   91840       -0.00070372        om     38262     38263                 -0.02744513        39
   91839       -0.00070083        op     38262     38263                 -0.02733249        39
   38262       -0.00049798    a_iajb     38262                           -0.02738881        55
     686        0.00036290      a_ia       686                            0.00217742         6
     687       -0.00021456      a_ia       687                           -0.00042912         2
     731        0.00020914      a_ia       731                            0.00460104        22
   76067       -0.00020363        op     26258     26259                 -0.02138139       105
     735        0.00019993      a_ia       735                            0.00039986         2
   45217       -0.00019580        op      3271      3272                 -0.01703446        87
   45218       -0.00019580        om      3271      3272                 -0.01703446        87

  ==> Add operator: mvp2 -1: 38262 38263
  ==> Current qubit order: 2  3  4  5  8  9  10  11  12  13  14  16  17  19  20  21  22  15  18  58  59  23  26  29  27  28  0  1  67  70  36  37  38  39  40  42  44  48  7  35  95  6  88  62  41  55  66  43  45  56  90  32  57  33  34  51  50  83  54  89  49  79  31  84  30  85  52  65  82  73  53  25  61  24  76  60  64  72  78  63  68  69  71  46  74  75  47  77  80  81  86  87  91  92  93  94  96  97  98  99  100  101  102  103  


  ==> Energy                -305.927887487
  ==> dE                       -1.02e-04
  ==> Gradient Norm             2.60e-01
  ==> Abs. Max. Deriv.          3.76e-02
  ==> Time-Grad. (s)             112.768
  ==> Time-Energy (s)              7.282
  ==> Time-Iter. (s)             121.429

--------------------------------------------------------------------------------
CEO-ADAPT-VQE iteration: 139
--------------------------------------------------------------------------------
    gate        derivative      name       op1       op2       op3        g_unscaled   penalty
   80482        0.00042821        op     29695     29696                  0.02612086        61
   80483        0.00042821        om     29695     29696                  0.02612086        61
     688        0.00035157      a_ia       688                            0.00210942         6
   29695        0.00033923    a_iajb     29695                            0.02612086        77
   91336        0.00029425        op     37930     37931                  0.02383441        81
   91337        0.00029425        op     37930     37931                  0.02383441        81
   91340        0.00028527        op     37930     37932                  0.02310688        81
   91341        0.00028527        op     37930     37932                  0.02310688        81
   37930        0.00024568    a_iajb     37930                            0.02383144        97
   96346        0.00023693        op     41737     41738                  0.00971432        41

  ==> Add operator: op -1: 29695 29696
  ==> Current qubit order: 2  3  4  5  8  9  10  11  14  16  17  19  12  13  58  59  20  21  22  15  18  23  26  29  27  28  0  1  67  70  36  37  38  39  40  42  44  48  7  35  95  6  88  62  41  55  66  43  45  56  90  32  57  33  34  51  50  83  54  89  49  79  31  84  30  85  52  65  82  73  53  25  61  24  76  60  64  72  78  63  68  69  71  46  74  75  47  77  80  81  86  87  91  92  93  94  96  97  98  99  100  101  102  103  


  ==> Energy                -305.927975407
  ==> dE                       -8.79e-05
  ==> Gradient Norm             2.68e-01
  ==> Abs. Max. Deriv.          3.76e-02
  ==> Time-Grad. (s)             108.432
  ==> Time-Energy (s)              3.759
  ==> Time-Iter. (s)             113.605

--------------------------------------------------------------------------------
CEO-ADAPT-VQE iteration: 140
--------------------------------------------------------------------------------
    gate        derivative      name       op1       op2       op3        g_unscaled   penalty
     708       -0.00108182      a_ia       708                           -0.00216364         2
     307        0.00072878      a_ia       307                            0.00291512         4
     691        0.00035157      a_ia       691                            0.00210942         6
   95664        0.00033151        om     41047     41048                  0.01093976        33
   95663        0.00033150        op     41047     41048                  0.01093945        33
   41047        0.00022326    a_iajb     41047                            0.01093960        49
     737        0.00020894      a_ia       737                            0.00459669        22
     741        0.00020022      a_ia       741                            0.00040043         2
   91739        0.00020001        op     38089     38090                  0.02740165       137
   91740        0.00019639        om     38089     38090                  0.02690576       137

  ==> Add operator: a_ia 708
  ==> Current qubit order: 2  3  4  5  8  9  10  11  14  16  17  19  12  13  58  59  20  21  22  15  18  23  26  29  27  28  0  1  67  70  36  37  38  39  40  42  44  48  7  35  95  6  88  62  41  55  66  43  45  56  90  32  57  33  34  51  50  83  54  89  49  79  31  84  30  85  52  65  82  73  53  25  61  24  76  60  64  72  78  63  68  69  71  46  74  75  47  77  80  81  86  87  91  92  93  94  96  97  98  99  100  101  102  103  


  ==> Energy                -305.927976894
  ==> dE                       -1.49e-06
  ==> Gradient Norm             2.60e-01
  ==> Abs. Max. Deriv.          3.76e-02
  ==> Time-Grad. (s)             107.765
  ==> Time-Energy (s)              5.254
  ==> Time-Iter. (s)             114.475

--------------------------------------------------------------------------------
CEO-ADAPT-VQE iteration: 141
--------------------------------------------------------------------------------
    gate        derivative      name       op1       op2       op3        g_unscaled   penalty
     308        0.00073851      a_ia       308                            0.00295404         4
     694        0.00035150      a_ia       694                            0.00210903         6
     740        0.00020924      a_ia       740                            0.00460318        22
   87259        0.00020295        op     34867     34868                  0.02496255       123
     744        0.00020052      a_ia       744                            0.00040105         2
   87260        0.00020052        om     34867     34868                  0.02466446       123
     580       -0.00019529      a_ia       580                           -0.00078115         4
   45339        0.00019431        op      3441      3442                  0.01535083        79
   45340        0.00019431        om      3441      3442                  0.01535030        79
   45217       -0.00019140        op      3319      3320                 -0.01703427        89

  ==> Add operator: a_ia 308
  ==> Current qubit order: 2  3  4  5  8  9  10  11  14  16  17  19  13  12  58  59  20  21  22  15  18  23  26  29  27  28  0  1  67  70  36  37  38  39  40  42  44  48  7  35  95  6  88  62  41  55  66  43  45  56  90  32  57  33  34  51  50  83  54  89  49  79  31  84  30  85  52  65  82  73  53  25  61  24  76  60  64  72  78  63  68  69  71  46  74  75  47  77  80  81  86  87  91  92  93  94  96  97  98  99  100  101  102  103  


  ==> Energy                -305.927979329
  ==> dE                       -2.43e-06
  ==> Gradient Norm             2.58e-01
  ==> Abs. Max. Deriv.          3.76e-02
  ==> Time-Grad. (s)             109.086
  ==> Time-Energy (s)              3.417
  ==> Time-Iter. (s)             113.957

--------------------------------------------------------------------------------
CEO-ADAPT-VQE iteration: 142
--------------------------------------------------------------------------------
    gate        derivative      name       op1       op2       op3        g_unscaled   penalty
     694        0.00035151      a_ia       694                            0.00210904         6
   78161       -0.00022354        op     28023     28024                 -0.00871797        39
   78162       -0.00022354        om     28023     28024                 -0.00871797        39
     740        0.00020717      a_ia       740                            0.00455780        22
     744        0.00019696      a_ia       744                            0.00039392         2
     580       -0.00019500      a_ia       580                           -0.00078002         4
   45329        0.00019431        op      3450      3451                  0.01535080        79
   45330        0.00019431        om      3450      3451                  0.01535027        79
   45207       -0.00019140        op      3328      3329                 -0.01703427        89
   45208       -0.00019140        om      3328      3329                 -0.01703427        89

  ==> Add operator: a_ia 694
  ==> Current qubit order: 2  3  4  5  8  9  10  11  14  16  17  19  13  12  58  59  20  21  22  15  18  23  26  29  27  28  0  1  67  70  36  37  38  39  40  42  44  48  7  35  95  6  88  62  41  55  66  43  45  56  90  57  33  32  34  51  50  83  54  89  49  79  31  84  30  85  52  65  82  73  53  25  61  24  76  60  64  72  78  63  68  69  71  46  74  75  47  77  80  81  86  87  91  92  93  94  96  97  98  99  100  101  102  103  


  ==> Energy                -305.928286178
  ==> dE                       -3.07e-04
  ==> Gradient Norm             2.51e-01
  ==> Abs. Max. Deriv.          3.76e-02
  ==> Time-Grad. (s)             109.767
  ==> Time-Energy (s)              3.881
  ==> Time-Iter. (s)             115.096

--------------------------------------------------------------------------------
CEO-ADAPT-VQE iteration: 143
--------------------------------------------------------------------------------
    gate        derivative      name       op1       op2       op3        g_unscaled   penalty
   91200       -0.00032450        om     37941     37942                 -0.02758218        85
   82399        0.00026641        op     31226     31227                  0.01092290        41
   82400        0.00026641        om     31226     31227                  0.01092290        41
   37941       -0.00023331    a_iajb     37941                           -0.02356468       101
   91199       -0.00022997        op     37941     37942                 -0.01954717        85
     743        0.00020694      a_ia       743                            0.00455258        22
     747        0.00020135      a_ia       747                            0.00040270         2
     581       -0.00019501      a_ia       581                           -0.00078004         4
   45331        0.00019387        op      3464      3465                  0.01531564        79
   45332        0.00019386        om      3464      3465                  0.01531510        79

  ==> Add operator: mvp2 -1: 37941 37942
  ==> Current qubit order: 2  3  4  5  8  9  10  11  14  16  17  19  13  12  58  59  20  21  22  15  18  23  26  29  27  28  0  1  67  70  36  37  38  39  40  42  44  48  7  35  95  6  88  62  41  55  66  43  45  56  90  57  33  32  34  51  83  89  49  79  84  30  50  54  31  71  85  52  65  82  73  53  25  61  24  76  60  64  72  78  63  68  69  46  74  75  47  77  80  81  86  87  91  92  93  94  96  97  98  99  100  101  102  103  


  ==> Energy                -305.928694814
  ==> dE                       -4.09e-04
  ==> Gradient Norm             2.52e-01
  ==> Abs. Max. Deriv.          3.76e-02
  ==> Time-Grad. (s)             108.991
  ==> Time-Energy (s)              7.509
  ==> Time-Iter. (s)             117.952

--------------------------------------------------------------------------------
CEO-ADAPT-VQE iteration: 144
--------------------------------------------------------------------------------
    gate        derivative      name       op1       op2       op3        g_unscaled   penalty
   88488        0.00024650        om     36047     36048                  0.01158548        47
   88487        0.00024648        op     36047     36048                  0.01158473        47
   45331        0.00020939        op      3544      3545                  0.02826777       135
   45332        0.00020939        om      3544      3545                  0.02826776       135
     748        0.00020598      a_ia       748                            0.00453163        22
     585       -0.00019726      a_ia       585                           -0.00078903         4
     752        0.00019702      a_ia       752                            0.00039404         2
   45265        0.00019387        op      3478      3479                  0.01531547        79
   45266        0.00019386        om      3478      3479                  0.01531493        79
   45141       -0.00019138        op      3354      3355                 -0.01703323        89

  ==> Add operator: om -1: 36047 36048
  ==> Current qubit order: 2  3  4  5  8  9  10  11  14  16  17  19  13  12  58  59  20  21  22  15  18  23  26  29  27  28  0  1  67  70  36  37  38  39  40  42  44  48  7  35  95  6  88  62  41  55  66  43  45  56  90  57  33  32  34  51  83  89  49  79  84  30  54  31  71  85  52  65  82  73  53  50  25  61  60  24  76  64  72  78  63  68  69  46  74  75  47  77  80  81  86  87  91  92  93  94  96  97  98  99  100  101  102  103  


  ==> Energy                -305.928717568
  ==> dE                       -2.28e-05
  ==> Gradient Norm             2.49e-01
  ==> Abs. Max. Deriv.          3.76e-02
  ==> Time-Grad. (s)             108.013
  ==> Time-Energy (s)              4.688
  ==> Time-Iter. (s)             114.155

--------------------------------------------------------------------------------
CEO-ADAPT-VQE iteration: 145
--------------------------------------------------------------------------------
    gate        derivative      name       op1       op2       op3        g_unscaled   penalty
   94876        0.00038039        op     40949     40950                  0.01559613        41
   94877        0.00038039        om     40949     40950                  0.01559613        41
   40949        0.00027362    a_iajb     40949                            0.01559613        57
   45324        0.00022614        op      3550      3551                  0.02826777       125
   45325        0.00022614        om      3550      3551                  0.02826776       125
     748        0.00020598      a_ia       748                            0.00453157        22
    3550        0.00020048    a_iajb      3550                            0.02826777       141
     752        0.00019707      a_ia       752                            0.00039414         2
   45258        0.00019387        op      3484      3485                  0.01531546        79
   45259        0.00019386        om      3484      3485                  0.01531491        79

  ==> Add operator: op -1: 40949 40950
  ==> Current qubit order: 2  3  4  5  8  9  10  11  14  16  17  19  13  12  58  59  20  21  22  15  18  23  26  29  27  28  0  1  67  70  36  37  38  39  40  42  44  48  7  35  95  6  88  62  41  55  66  43  45  56  90  57  33  32  34  51  83  89  49  79  84  30  54  31  71  85  52  65  82  73  53  50  25  61  60  24  76  64  72  78  63  68  69  74  75  77  80  46  47  86  87  81  91  92  93  94  96  97  98  99  100  101  102  103  


  ==> Energy                -305.928743137
  ==> dE                       -2.56e-05
  ==> Gradient Norm             2.49e-01
  ==> Abs. Max. Deriv.          3.76e-02
  ==> Time-Grad. (s)             128.399
  ==> Time-Energy (s)              3.303
  ==> Time-Iter. (s)             133.135

--------------------------------------------------------------------------------
CEO-ADAPT-VQE iteration: 146
--------------------------------------------------------------------------------
    gate        derivative      name       op1       op2       op3        g_unscaled   penalty
     910        0.00045119      a_ia       910                            0.00090237         2
   94925        0.00028922        op     40956     40957                  0.01764266        61
   94926        0.00028922        om     40956     40957                  0.01764266        61
   40956        0.00022913    a_iajb     40956                            0.01764266        77
   45357        0.00022614        op      3568      3569                  0.02826777       125
   45358        0.00022614        om      3568      3569                  0.02826776       125
     755        0.00020601      a_ia       755                            0.00453215        22
    3568        0.00020048    a_iajb      3568                            0.02826777       141
     759        0.00019709      a_ia       759                            0.00039418         2
   45291        0.00019387        op      3502      3503                  0.01531545        79

  ==> Add operator: a_ia 910
  ==> Current qubit order: 2  3  4  5  8  9  10  11  14  16  17  19  13  12  58  59  20  21  22  15  18  23  26  29  27  28  0  1  67  70  36  37  38  39  40  42  44  48  7  35  95  6  88  62  41  55  66  43  45  56  90  57  33  32  34  51  83  89  49  79  84  30  54  31  71  85  52  65  82  73  53  50  25  61  60  24  76  64  72  78  63  68  69  74  75  77  80  46  47  86  87  81  91  92  93  94  96  97  98  99  100  101  102  103  


  ==> Energy                -305.928743345
  ==> dE                       -2.09e-07
  ==> Gradient Norm             2.58e-01
  ==> Abs. Max. Deriv.          3.76e-02
  ==> Time-Grad. (s)             141.426
  ==> Time-Energy (s)              4.681
  ==> Time-Iter. (s)             147.548

--------------------------------------------------------------------------------
CEO-ADAPT-VQE iteration: 147
--------------------------------------------------------------------------------
    gate        derivative      name       op1       op2       op3        g_unscaled   penalty
   90888       -0.00022773        op     37909     37910                 -0.01571345        69
   45332        0.00022614        op      3579      3580                  0.02826777       125
   45333        0.00022614        om      3579      3580                  0.02826776       125
   90889       -0.00021662        om     37909     37910                 -0.01494673        69
     764        0.00020592      a_ia       764                            0.00453026        22
    3579        0.00020048    a_iajb      3579                            0.02826777       141
     768        0.00019720      a_ia       768                            0.00039439         2
   45266        0.00019387        op      3513      3514                  0.01531544        79
   45267        0.00019386        om      3513      3514                  0.01531490        79
   45138       -0.00019138        op      3385      3386                 -0.01703324        89

  ==> Add operator: mvp2 -1: 37909 37910
  ==> Current qubit order: 2  3  4  5  8  9  10  11  14  16  17  19  13  12  58  59  20  21  22  15  18  23  26  29  27  28  0  1  67  70  36  37  38  39  40  42  44  48  7  35  95  6  88  62  41  55  66  43  45  56  90  57  33  32  34  51  83  89  49  79  84  30  54  71  52  65  82  73  53  31  85  50  78  25  61  60  24  76  64  72  63  68  69  74  75  77  80  46  47  86  87  81  91  92  93  94  96  97  98  99  100  101  102  103  


  ==> Energy                -305.928836918
  ==> dE                       -9.36e-05
  ==> Gradient Norm             2.54e-01
  ==> Abs. Max. Deriv.          3.76e-02
  ==> Time-Grad. (s)             109.316
  ==> Time-Energy (s)              8.488
  ==> Time-Iter. (s)             119.253

--------------------------------------------------------------------------------
CEO-ADAPT-VQE iteration: 148
--------------------------------------------------------------------------------
    gate        derivative      name       op1       op2       op3        g_unscaled   penalty
   45202        0.00022982        op      3592      3593                  0.02826771       123
   45203        0.00022982        om      3592      3593                  0.02826770       123
     768        0.00020668      a_ia       768                            0.00454706        22
    3592        0.00020336    a_iajb      3592                            0.02826771       139
     772        0.00019932      a_ia       772                            0.00039863         2
   45136        0.00019386        op      3526      3527                  0.01531529        79
   45137        0.00019386        om      3526      3527                  0.01531474        79
     577       -0.00019156      a_ia       577                           -0.00038313         2
   45004       -0.00019138        op      3394      3395                 -0.01703322        89
   45005       -0.00019138        om      3394      3395                 -0.01703322        89

  ==> Add operator: op -1: 3592 3593
  ==> Current qubit order: 2  3  4  5  8  9  10  11  14  16  17  19  13  12  58  59  20  21  22  15  18  23  26  29  27  28  67  36  37  38  39  40  42  44  0  1  70  71  48  7  35  95  6  88  62  41  55  66  43  45  56  90  57  33  32  34  51  83  89  49  79  84  30  54  52  65  82  73  53  31  85  50  78  25  61  60  24  76  64  72  63  68  69  74  75  77  80  46  47  86  87  81  91  92  93  94  96  97  98  99  100  101  102  103  


  ==> Energy                -305.928885038
  ==> dE                       -4.81e-05
  ==> Gradient Norm             2.48e-01
  ==> Abs. Max. Deriv.          3.76e-02
  ==> Time-Grad. (s)             104.894
  ==> Time-Energy (s)              3.486
  ==> Time-Iter. (s)             109.833

--------------------------------------------------------------------------------
CEO-ADAPT-VQE iteration: 149
--------------------------------------------------------------------------------
    gate        derivative      name       op1       op2       op3        g_unscaled   penalty
   90213       -0.00024775        om     37712     37713                 -0.01412155        57
   90212       -0.00022896        op     37712     37713                 -0.01305067        57
   45146       -0.00021825        op      3545      3546                 -0.01113069        51
   45147       -0.00021825        om      3545      3546                 -0.01113069        51
     795       -0.00020322      a_ia       795                           -0.00081289         4
     779        0.00019946      a_ia       779                            0.00039892         2
   45142        0.00019802        op      3541      3542                  0.01524740        77
   45143        0.00019801        om      3541      3542                  0.01524686        77
   87726        0.00019757        op     35805     35806                  0.01402739        71
   87727        0.00019757        om     35805     35806                  0.01402739        71

  ==> Add operator: mvp2 -1: 37712 37713
  ==> Current qubit order: 2  3  4  5  8  9  10  11  14  16  17  19  13  12  58  59  20  21  22  15  18  23  26  29  27  28  67  36  37  38  39  40  42  44  0  1  70  71  48  7  35  95  6  88  62  41  55  66  43  45  56  90  57  33  32  34  51  83  49  79  84  30  54  52  89  82  31  50  65  73  53  85  78  25  61  60  24  76  64  72  63  68  69  74  75  77  80  46  47  86  87  81  91  92  93  94  96  97  98  99  100  101  102  103  


  ==> Energy                -305.929002302
  ==> dE                       -1.17e-04
  ==> Gradient Norm             2.51e-01
  ==> Abs. Max. Deriv.          3.74e-02
  ==> Time-Grad. (s)             116.944
  ==> Time-Energy (s)              8.476
  ==> Time-Iter. (s)             126.890

--------------------------------------------------------------------------------
CEO-ADAPT-VQE iteration: 150
--------------------------------------------------------------------------------
    gate        derivative      name       op1       op2       op3        g_unscaled   penalty
   90946        0.00044375        om     38338     38339                  0.03949333        89
   90945        0.00042171        op     38338     38339                  0.03753223        89
   38338        0.00036679    a_iajb     38338                            0.03851278       105
     727       -0.00033366      a_ia       727                           -0.00133464         4
   45153       -0.00021824        op      3571      3572                 -0.01113033        51
   45154       -0.00021824        om      3571      3572                 -0.01113033        51
   85868        0.00021636        om     34427     34428                  0.02358374       109
   85867        0.00021618        op     34427     34428                  0.02356367       109
   90061        0.00021140        op     37664     37665                  0.01458634        69
   90062        0.00021010        om     37664     37665                  0.01449702        69

  ==> Add operator: mvp2 -1: 38338 38339
  ==> Current qubit order: 2  3  4  5  8  9  10  11  14  16  17  19  13  12  58  59  20  21  22  15  18  23  26  29  27  28  67  36  37  38  39  40  42  44  0  1  70  71  48  7  95  6  88  62  41  55  66  43  45  56  90  57  33  32  35  34  84  85  51  83  49  79  30  54  52  89  82  31  50  65  73  53  78  25  61  60  24  76  64  72  63  68  69  74  75  77  80  46  47  86  87  81  91  92  93  94  96  97  98  99  100  101  102  103  


  ==> Energy                -305.929702245
  ==> dE                       -7.00e-04
  ==> Gradient Norm             2.65e-01
  ==> Abs. Max. Deriv.          3.95e-02
  ==> Time-Grad. (s)             104.490
  ==> Time-Energy (s)           1017.916
  ==> Time-Iter. (s)            1123.864

--------------------------------------------------------------------------------
CEO-ADAPT-VQE iteration: 151
--------------------------------------------------------------------------------
    gate        derivative      name       op1       op2       op3        g_unscaled   penalty
     320        0.00052687      a_ia       320                            0.00105375         2
     941       -0.00052426      a_ia       941                           -0.00104851         2
   94374       -0.00041638        om     40954     40955                 -0.04705138       113
   94373       -0.00040396        op     40954     40955                 -0.04564704       113
   83973       -0.00038389        op     32963     32964                 -0.02034623        53
   83974       -0.00038389        om     32963     32964                 -0.02034623        53
     953        0.00036998      a_ia       953                            0.00295982         8
   40954       -0.00035930    a_iajb     40954                           -0.04634921       129
     750       -0.00035602      a_ia       750                           -0.00071205         2
     741       -0.00033215      a_ia       741                           -0.00199291         6

  ==> Add operator: a_ia 320
  ==> Current qubit order: 2  3  4  5  8  9  10  11  14  16  17  19  13  12  58  59  20  21  22  15  18  23  26  29  27  28  67  36  37  38  39  40  42  44  0  1  70  71  48  7  95  6  88  62  41  55  66  43  45  56  90  57  33  32  35  34  84  85  51  83  49  79  30  54  52  89  82  31  50  65  73  53  78  25  61  60  24  76  64  72  63  68  69  74  75  77  80  46  47  86  87  81  91  92  93  94  96  97  98  99  100  101  102  103  


  ==> Energy                -305.929702534
  ==> dE                       -2.89e-07
  ==> Gradient Norm             2.73e-01
  ==> Abs. Max. Deriv.          4.71e-02
  ==> Time-Grad. (s)             143.305
  ==> Time-Energy (s)              3.231
  ==> Time-Iter. (s)             148.040

--------------------------------------------------------------------------------
CEO-ADAPT-VQE iteration: 152
--------------------------------------------------------------------------------
    gate        derivative      name       op1       op2       op3        g_unscaled   penalty
     946       -0.00052462      a_ia       946                           -0.00104924         2
     958        0.00036891      a_ia       958                            0.00295127         8
     755       -0.00036332      a_ia       755                           -0.00072664         2
     746       -0.00033246      a_ia       746                           -0.00199478         6
     733       -0.00029537      a_ia       733                           -0.00118147         4
     945        0.00024225      a_ia       945                            0.00193803         8
   45452        0.00023513        op      3848      3849                  0.02468879       105
   45453        0.00023513        om      3848      3849                  0.02468879       105
   45210       -0.00022753        op      3606      3607                 -0.01114875        49
   45211       -0.00022753        om      3606      3607                 -0.01114875        49

  ==> Add operator: a_ia 946
  ==> Current qubit order: 2  3  4  5  8  9  10  11  14  16  17  19  13  12  58  59  20  21  22  15  18  23  26  29  27  28  67  36  37  38  39  40  42  44  0  1  70  71  48  7  95  6  88  62  41  55  66  43  45  56  90  57  33  32  35  34  84  85  51  83  49  79  30  54  52  89  82  31  50  65  73  53  78  25  61  60  24  76  64  72  63  68  69  74  75  77  80  46  47  86  87  81  91  92  93  94  96  97  98  99  100  101  102  103  


  ==> Energy                -305.929702775
  ==> dE                       -2.41e-07
  ==> Gradient Norm             2.58e-01
  ==> Abs. Max. Deriv.          3.74e-02
  ==> Time-Grad. (s)             104.550
  ==> Time-Energy (s)              3.656
  ==> Time-Iter. (s)             109.641

--------------------------------------------------------------------------------
CEO-ADAPT-VQE iteration: 153
--------------------------------------------------------------------------------
    gate        derivative      name       op1       op2       op3        g_unscaled   penalty
     959        0.00036966      a_ia       959                            0.00295728         8
     755       -0.00036222      a_ia       755                           -0.00072444         2
     746       -0.00033259      a_ia       746                           -0.00199557         6
     733       -0.00029537      a_ia       733                           -0.00118149         4
   90707        0.00025579        op     37983     37984                  0.02685770       105
   90708        0.00024554        om     37983     37984                  0.02578160       105
     946        0.00024102      a_ia       946                            0.00192816         8
   45457        0.00023513        op      3869      3870                  0.02468879       105
   45458        0.00023513        om      3869      3870                  0.02468879       105
   45211       -0.00022753        op      3623      3624                 -0.01114875        49

  ==> Add operator: a_ia 959
  ==> Current qubit order: 2  3  4  5  8  9  10  11  14  16  17  19  13  12  58  59  20  21  22  15  18  23  26  29  27  28  67  36  37  38  39  40  42  44  0  1  70  71  48  7  95  6  88  62  41  55  66  43  45  56  90  57  33  32  35  34  84  85  51  83  49  79  30  54  52  89  82  31  50  65  73  53  78  25  61  60  24  76  64  72  63  68  69  74  77  80  46  75  47  86  87  81  91  92  93  94  96  97  98  99  100  101  102  103  


  ==> Energy                -305.929705620
  ==> dE                       -2.84e-06
  ==> Gradient Norm             2.56e-01
  ==> Abs. Max. Deriv.          3.74e-02
  ==> Time-Grad. (s)             141.503
  ==> Time-Energy (s)              3.988
  ==> Time-Iter. (s)             146.929

--------------------------------------------------------------------------------
CEO-ADAPT-VQE iteration: 154
--------------------------------------------------------------------------------
    gate        derivative      name       op1       op2       op3        g_unscaled   penalty
     177       -0.00039095      a_ia       177                           -0.00156381         4
     760       -0.00038640      a_ia       760                           -0.00077280         2
     751       -0.00033242      a_ia       751                           -0.00199454         6
     952        0.00030659      a_ia       952                            0.00183955         6
     738       -0.00029419      a_ia       738                           -0.00117675         4
   83888        0.00024080        om     32809     32810                  0.01854125        77
   83887        0.00024080        op     32809     32810                  0.01854124        77
   45483        0.00023513        op      3885      3886                  0.02468879       105
   45484        0.00023513        om      3885      3886                  0.02468879       105
   90243        0.00023450        op     37616     37618                  0.01946337        83

  ==> Add operator: a_ia 177
  ==> Current qubit order: 2  3  4  5  8  9  10  11  14  16  17  19  13  12  58  59  20  21  22  15  18  23  26  29  27  28  67  36  37  38  39  40  42  44  0  1  70  71  48  7  95  88  6  62  41  55  66  43  45  56  90  57  33  32  35  34  84  85  51  83  49  79  30  54  52  89  82  31  50  65  73  53  78  25  61  60  24  76  64  72  63  68  69  74  77  80  46  75  47  86  87  81  91  92  93  94  96  97  98  99  100  101  102  103  


  ==> Energy                -305.929706200
  ==> dE                       -5.80e-07
  ==> Gradient Norm             2.69e-01
  ==> Abs. Max. Deriv.          3.74e-02
  ==> Time-Grad. (s)             141.325
  ==> Time-Energy (s)              3.982
  ==> Time-Iter. (s)             146.763

--------------------------------------------------------------------------------
CEO-ADAPT-VQE iteration: 155
--------------------------------------------------------------------------------
    gate        derivative      name       op1       op2       op3        g_unscaled   penalty
     761       -0.00039005      a_ia       761                           -0.00078009         2
     752       -0.00033244      a_ia       752                           -0.00199462         6
     953        0.00030643      a_ia       953                            0.00183859         6
     739       -0.00029691      a_ia       739                           -0.00118763         4
   45478        0.00023513        op      3898      3899                  0.02468879       105
   45479        0.00023513        om      3898      3899                  0.02468879       105
     743       -0.00022905      a_ia       743                           -0.00183240         8
   45230       -0.00022753        op      3650      3651                 -0.01114876        49
   45231       -0.00022753        om      3650      3651                 -0.01114876        49
    3898        0.00020404    a_iajb      3898                            0.02468879       121

  ==> Add operator: a_ia 761
  ==> Current qubit order: 2  3  4  5  8  9  10  11  14  16  17  19  13  12  58  59  20  21  22  15  18  23  26  29  27  28  67  36  37  38  39  40  42  44  0  1  70  71  48  7  95  88  6  62  41  55  66  43  45  56  90  57  33  32  35  34  84  85  51  83  49  79  30  54  52  89  82  31  50  65  73  53  78  25  61  60  24  76  64  72  63  68  69  74  77  80  46  75  47  86  87  81  91  92  93  94  96  97  98  99  100  101  102  103  


  ==> Energy                -305.929706236
  ==> dE                       -3.56e-08
  ==> Gradient Norm             2.47e-01
  ==> Abs. Max. Deriv.          3.74e-02
  ==> Time-Grad. (s)             103.786
  ==> Time-Energy (s)              4.345
  ==> Time-Iter. (s)             109.581

--------------------------------------------------------------------------------
CEO-ADAPT-VQE iteration: 156
--------------------------------------------------------------------------------
    gate        derivative      name       op1       op2       op3        g_unscaled   penalty
     754       -0.00033240      a_ia       754                           -0.00199442         6
     956        0.00030763      a_ia       956                            0.00184579         6
     741       -0.00029721      a_ia       741                           -0.00118885         4
   93930        0.00028072        op     40791     40792                  0.01768549        63
   93931        0.00028072        om     40791     40792                  0.01768549        63
     763       -0.00024394      a_ia       763                           -0.00048789         2
   45360        0.00023513        op      3912      3913                  0.02468879       105
   45361        0.00023513        om      3912      3913                  0.02468879       105
   45112       -0.00022753        op      3664      3665                 -0.01114876        49
   45113       -0.00022753        om      3664      3665                 -0.01114876        49

  ==> Add operator: a_ia 754
  ==> Current qubit order: 2  3  4  5  8  9  10  11  14  16  17  19  13  12  58  59  20  21  22  15  18  23  26  29  27  28  67  36  37  38  39  40  42  44  0  1  70  71  48  7  95  88  6  62  41  55  66  43  45  56  90  57  33  35  34  32  84  85  51  83  49  79  30  54  52  89  82  31  50  65  73  53  78  25  61  60  24  76  64  72  63  68  69  74  77  80  46  75  47  86  87  81  91  92  93  94  96  97  98  99  100  101  102  103  


  ==> Energy                -305.929707036
  ==> dE                       -8.01e-07
  ==> Gradient Norm             2.48e-01
  ==> Abs. Max. Deriv.          3.74e-02
  ==> Time-Grad. (s)             107.296
  ==> Time-Energy (s)              4.897
  ==> Time-Iter. (s)             113.644

--------------------------------------------------------------------------------
CEO-ADAPT-VQE iteration: 157
--------------------------------------------------------------------------------
    gate        derivative      name       op1       op2       op3        g_unscaled   penalty
     964        0.00030774      a_ia       964                            0.00184642         6
     747       -0.00029847      a_ia       747                           -0.00119387         4
   86379        0.00024654        op     35105     35106                  0.02440770        99
     769       -0.00024346      a_ia       769                           -0.00048693         2
   86681        0.00024096        op     35341     35342                  0.01807219        75
   86380        0.00023891        om     35105     35106                  0.02365243        99
   86682        0.00023806        om     35341     35342                  0.01785424        75
   45349        0.00023516        op      3930      3931                  0.02469196       105
   45350        0.00023516        om      3930      3931                  0.02469196       105
   45097       -0.00022753        op      3678      3679                 -0.01114880        49

  ==> Add operator: a_ia 964
  ==> Current qubit order: 2  3  4  5  8  9  10  11  14  16  17  19  13  12  58  59  20  21  22  15  18  23  26  29  27  28  67  36  37  38  39  40  42  44  0  1  70  71  48  7  95  88  6  62  41  55  66  43  45  56  90  57  33  35  34  32  84  85  51  83  49  79  30  54  52  89  82  31  50  65  73  53  78  25  61  60  24  76  64  72  63  68  69  77  80  74  46  75  47  86  87  81  91  92  93  94  96  97  98  99  100  101  102  103  


  ==> Energy                -305.929708367
  ==> dE                       -1.33e-06
  ==> Gradient Norm             2.68e-01
  ==> Abs. Max. Deriv.          3.74e-02
  ==> Time-Grad. (s)             106.243
  ==> Time-Energy (s)              3.096
  ==> Time-Iter. (s)             110.809

--------------------------------------------------------------------------------
CEO-ADAPT-VQE iteration: 158
--------------------------------------------------------------------------------
    gate        derivative      name       op1       op2       op3        g_unscaled   penalty
     749       -0.00029763      a_ia       749                           -0.00119052         4
     771       -0.00026182      a_ia       771                           -0.00052365         2
   45347        0.00023516        op      3940      3941                  0.02469196       105
   45348        0.00023516        om      3940      3941                  0.02469196       105
   45095       -0.00022753        op      3688      3689                 -0.01114880        49
   45096       -0.00022753        om      3688      3689                 -0.01114880        49
    3940        0.00020407    a_iajb      3940                            0.02469196       121
   45091        0.00020234        op      3684      3685                  0.01517529        75
   45092        0.00020234        om      3684      3685                  0.01517529        75
     766       -0.00019861      a_ia       766                           -0.00039722         2

  ==> Add operator: a_ia 749
  ==> Current qubit order: 2  3  4  5  8  9  10  11  14  16  17  19  13  12  58  59  20  21  22  15  18  23  26  29  27  28  67  36  37  38  39  40  42  44  0  1  70  71  48  7  95  88  6  62  41  55  66  43  45  56  90  57  33  35  34  32  84  85  51  83  49  79  30  54  52  82  89  31  50  65  73  53  78  25  61  60  24  76  64  72  63  68  69  77  80  74  46  75  47  86  87  81  91  92  93  94  96  97  98  99  100  101  102  103  


  ==> Energy                -305.929708379
  ==> dE                       -1.15e-08
  ==> Gradient Norm             2.55e-01
  ==> Abs. Max. Deriv.          3.74e-02
  ==> Time-Grad. (s)             107.410
  ==> Time-Energy (s)              5.358
  ==> Time-Iter. (s)             114.221

--------------------------------------------------------------------------------
CEO-ADAPT-VQE iteration: 159
--------------------------------------------------------------------------------
    gate        derivative      name       op1       op2       op3        g_unscaled   penalty
   91912        0.00028871        op     39278     39279                  0.03493347       121
   91913        0.00028498        om     39278     39279                  0.03448250       121
     776       -0.00026247      a_ia       776                           -0.00052495         2
   39278        0.00025334    a_iajb     39278                            0.03470799       137
    1043       -0.00024441      a_ia      1043                           -0.00048883         2
   45368        0.00023516        op      3954      3955                  0.02469196       105
   45369        0.00023516        om      3954      3955                  0.02469196       105
   45116       -0.00022753        op      3702      3703                 -0.01114880        49
   45117       -0.00022753        om      3702      3703                 -0.01114880        49
     753       -0.00022510      a_ia       753                           -0.00045021         2

  ==> Add operator: mvp2 -1: 39278 39279
  ==> Current qubit order: 2  3  4  5  8  9  10  11  14  16  17  19  13  12  58  59  20  21  22  15  18  23  26  29  27  28  67  36  37  39  40  42  44  0  1  70  71  48  7  95  88  6  62  41  55  66  43  45  56  90  57  33  35  34  32  38  51  52  53  84  85  83  49  79  30  54  82  89  31  50  65  73  78  25  61  60  24  76  64  72  63  68  69  77  80  74  46  75  47  86  87  81  91  92  93  94  96  97  98  99  100  101  102  103  


  ==> Energy                -305.930141124
  ==> dE                       -4.33e-04
  ==> Gradient Norm             2.56e-01
  ==> Abs. Max. Deriv.          3.74e-02
  ==> Time-Grad. (s)             107.763
  ==> Time-Energy (s)              8.718
  ==> Time-Iter. (s)             117.945

--------------------------------------------------------------------------------
CEO-ADAPT-VQE iteration: 160
--------------------------------------------------------------------------------
    gate        derivative      name       op1       op2       op3        g_unscaled   penalty
    1052       -0.00034707      a_ia      1052                           -0.00208240         6
    1305        0.00030393      a_ia      1305                            0.00060787         2
     777       -0.00023717      a_ia       777                           -0.00047435         2
     754       -0.00022769      a_ia       754                           -0.00045537         2
   45111       -0.00022752        op      3712      3713                 -0.01114863        49
   45112       -0.00022752        om      3712      3713                 -0.01114863        49
   45107        0.00020788        op      3708      3709                  0.01517534        73
   45108        0.00020788        om      3708      3709                  0.01517534        73
   45363        0.00020407        op      3964      3965                  0.02469200       121
   45364        0.00020407        om      3964      3965                  0.02469200       121

  ==> Add operator: a_ia 1052
  ==> Current qubit order: 2  3  4  5  8  9  10  11  14  16  17  19  13  12  58  59  20  21  22  15  18  23  26  29  27  28  67  36  37  39  40  42  44  0  1  70  71  48  7  95  88  6  62  41  55  66  43  45  56  90  57  33  35  34  32  38  51  52  84  85  53  83  49  79  30  54  82  89  31  50  65  73  78  25  61  60  24  76  64  72  63  68  69  77  80  74  46  75  47  86  87  81  91  92  93  94  96  97  98  99  100  101  102  103  


  ==> Energy                -305.930170623
  ==> dE                       -2.95e-05
  ==> Gradient Norm             2.65e-01
  ==> Abs. Max. Deriv.          3.74e-02
  ==> Time-Grad. (s)             142.103
  ==> Time-Energy (s)              5.567
  ==> Time-Iter. (s)             149.126

--------------------------------------------------------------------------------
CEO-ADAPT-VQE iteration: 161
--------------------------------------------------------------------------------
    gate        derivative      name       op1       op2       op3        g_unscaled   penalty
   89575        0.00026104        op     37469     37470                  0.02897589       111
   89576        0.00024979        om     37469     37470                  0.02772719       111
   82424        0.00024545        om     32012     32013                  0.03558953       145
   82423        0.00024544        op     32012     32013                  0.03558885       145
     779       -0.00023574      a_ia       779                           -0.00047147         2
   45133       -0.00022752        op      3731      3732                 -0.01114864        49
   45134       -0.00022752        om      3731      3732                 -0.01114864        49
   37469        0.00022324    a_iajb     37469                            0.02835154       127
   32012        0.00022105    a_iajb     32012                            0.03558919       161
   45385        0.00021104        op      3983      3984                  0.02469202       117

  ==> Add operator: mvp2 -1: 37469 37470
  ==> Current qubit order: 2  3  4  5  8  9  10  11  14  16  17  19  13  12  58  59  20  21  22  15  18  23  26  29  27  28  67  36  37  39  40  42  44  0  1  70  71  48  7  95  88  6  62  41  55  66  43  45  56  90  57  33  35  32  38  51  52  84  53  83  49  79  30  54  82  34  85  31  86  89  50  65  73  78  25  61  60  24  76  64  72  63  68  69  77  80  74  46  75  47  87  81  91  92  93  94  96  97  98  99  100  101  102  103  


  ==> Energy                -305.930373981
  ==> dE                       -2.03e-04
  ==> Gradient Norm             2.64e-01
  ==> Abs. Max. Deriv.          3.74e-02
  ==> Time-Grad. (s)             146.457
  ==> Time-Energy (s)              8.880
  ==> Time-Iter. (s)             156.705

--------------------------------------------------------------------------------
CEO-ADAPT-VQE iteration: 162
--------------------------------------------------------------------------------
    gate        derivative      name       op1       op2       op3        g_unscaled   penalty
     802       -0.00040908      a_ia       802                           -0.00245445         6
     743       -0.00025807      a_ia       743                           -0.00309681        12
     783       -0.00023486      a_ia       783                           -0.00046971         2
   90058        0.00023259        om     37735     37736                  0.01279219        55
   45167       -0.00022752        op      3756      3757                 -0.01114849        49
   45168       -0.00022752        om      3756      3757                 -0.01114849        49
   90057        0.00022706        op     37735     37736                  0.01248805        55
   45163        0.00020788        op      3752      3753                  0.01517532        73
   45164        0.00020788        om      3752      3753                  0.01517532        73
     777       -0.00020059      a_ia       777                           -0.00040117         2

  ==> Add operator: a_ia 802
  ==> Current qubit order: 2  3  4  5  8  9  10  11  14  16  17  19  13  12  58  59  20  21  22  15  18  23  26  29  27  28  67  36  37  39  40  42  44  0  1  70  71  48  7  95  88  6  62  41  55  66  43  45  56  90  57  33  35  32  38  51  52  84  53  83  49  79  30  54  82  85  31  34  86  89  50  65  73  78  25  61  60  24  76  64  72  63  68  69  77  80  74  46  75  47  87  81  91  92  93  94  96  97  98  99  100  101  102  103  


  ==> Energy                -305.930375318
  ==> dE                       -1.34e-06
  ==> Gradient Norm             2.60e-01
  ==> Abs. Max. Deriv.          3.74e-02
  ==> Time-Grad. (s)             106.773
  ==> Time-Energy (s)              5.352
  ==> Time-Iter. (s)             113.530

--------------------------------------------------------------------------------
CEO-ADAPT-VQE iteration: 163
--------------------------------------------------------------------------------
    gate        derivative      name       op1       op2       op3        g_unscaled   penalty
     804       -0.00144811      a_ia       804                           -0.00289623         2
     985        0.00082212      a_ia       985                            0.00164424         2
     999        0.00074103      a_ia       999                            0.00148207         2
     785       -0.00051213      a_ia       785                           -0.00102426         2
     334        0.00035399      a_ia       334                            0.00070798         2
     180        0.00029443      a_ia       180                            0.00058886         2
     907        0.00028718      a_ia       907                            0.00057436         2
     745       -0.00024796      a_ia       745                           -0.00297548        12
    1064       -0.00023827      a_ia      1064                           -0.00047653         2
   45300       -0.00022706        op      3772      3773                 -0.01112584        49

  ==> Add operator: a_ia 804
  ==> Current qubit order: 2  3  4  5  8  9  10  11  14  16  17  19  13  12  58  59  20  21  22  15  18  23  26  29  27  28  67  36  37  39  40  42  44  0  1  70  71  48  7  95  88  6  62  41  55  66  43  45  56  90  57  33  35  32  38  51  52  84  53  83  49  79  30  54  82  85  31  34  86  89  50  65  73  78  25  61  60  24  76  64  72  63  68  69  77  80  74  46  75  47  87  81  91  92  93  94  96  97  98  99  100  101  102  103  


  ==> Energy                -305.930559691
  ==> dE                       -1.89e-06
  ==> Gradient Norm             2.47e-01
  ==> Abs. Max. Deriv.          3.74e-02
  ==> Time-Grad. (s)             136.045
  ==> Time-Energy (s)              9.410
  ==> Time-Iter. (s)             147.120

--------------------------------------------------------------------------------
CEO-ADAPT-VQE iteration: 164
--------------------------------------------------------------------------------
    gate        derivative      name       op1       op2       op3        g_unscaled   penalty
     989        0.00081996      a_ia       989                            0.00163991         2
    1003        0.00073925      a_ia      1003                            0.00147850         2
     789       -0.00050849      a_ia       789                           -0.00101697         2
     337        0.00036092      a_ia       337                            0.00072184         2
   91154        0.00032852        om     38473     38474                  0.02661042        81
   91153        0.00032851        op     38473     38474                  0.02660964        81
     182        0.00029723      a_ia       182                            0.00059446         2
     911        0.00028575      a_ia       911                            0.00057149         2
   38473        0.00027433    a_iajb     38473                            0.02661003        97
     748       -0.00024458      a_ia       748                           -0.00293494        12

  ==> Add operator: a_ia 989
  ==> Current qubit order: 2  3  4  5  8  9  10  11  14  16  17  19  13  12  58  59  20  21  22  15  18  23  26  29  27  28  67  36  37  39  40  42  44  0  1  70  71  48  7  95  88  6  62  41  55  66  43  45  56  90  57  33  35  32  38  51  52  84  53  83  49  79  30  54  82  85  31  34  86  89  50  65  73  78  25  61  60  24  76  64  72  63  68  69  77  80  74  46  75  47  87  81  91  92  93  94  96  97  98  99  100  101  102  103  


  ==> Energy                -305.930560430
  ==> dE                       -7.39e-07
  ==> Gradient Norm             2.54e-01
  ==> Abs. Max. Deriv.          3.74e-02
  ==> Time-Grad. (s)             132.829
  ==> Time-Energy (s)              7.855
  ==> Time-Iter. (s)             142.144

--------------------------------------------------------------------------------
CEO-ADAPT-VQE iteration: 165
--------------------------------------------------------------------------------
    gate        derivative      name       op1       op2       op3        g_unscaled   penalty
    1006        0.00071665      a_ia      1006                            0.00143329         2
     790       -0.00052214      a_ia       790                           -0.00104428         2
     338        0.00035670      a_ia       338                            0.00071340         2
     182        0.00029785      a_ia       182                            0.00059570         2
     913        0.00028667      a_ia       913                            0.00057334         2
     749       -0.00024446      a_ia       749                           -0.00293347        12
    1071       -0.00023869      a_ia      1071                           -0.00047738         2
   45257       -0.00022706        op      3796      3797                 -0.01112588        49
   45258       -0.00022706        om      3796      3797                 -0.01112588        49
     844       -0.00021053      a_ia       844                           -0.00084212         4

  ==> Add operator: a_ia 1006
  ==> Current qubit order: 2  3  4  5  8  9  10  11  14  16  17  19  13  12  58  59  20  21  22  15  18  23  26  29  27  28  67  36  37  39  40  42  44  0  1  70  71  48  7  95  88  6  62  41  55  66  43  45  56  90  57  33  35  32  38  51  52  84  53  83  49  79  30  54  82  85  31  34  86  89  50  65  73  78  25  61  60  24  76  64  72  63  68  69  77  80  74  46  75  47  87  81  91  92  93  94  96  97  98  99  100  101  102  103  


  ==> Energy                -305.930561021
  ==> dE                       -5.91e-07
  ==> Gradient Norm             2.56e-01
  ==> Abs. Max. Deriv.          3.74e-02
  ==> Time-Grad. (s)             133.777
  ==> Time-Energy (s)             10.770
  ==> Time-Iter. (s)             146.316

--------------------------------------------------------------------------------
CEO-ADAPT-VQE iteration: 166
--------------------------------------------------------------------------------
    gate        derivative      name       op1       op2       op3        g_unscaled   penalty
     792       -0.00053316      a_ia       792                           -0.00106633         2
     338        0.00035060      a_ia       338                            0.00070121         2
     182        0.00029889      a_ia       182                            0.00059777         2
     918        0.00028687      a_ia       918                            0.00057374         2
     751       -0.00024424      a_ia       751                           -0.00293089        12
    1078       -0.00024098      a_ia      1078                           -0.00048197         2
   45185       -0.00022706        op      3811      3812                 -0.01112588        49
   45186       -0.00022706        om      3811      3812                 -0.01112588        49
     847       -0.00021021      a_ia       847                           -0.00084083         4
     786       -0.00020996      a_ia       786                           -0.00041991         2

  ==> Add operator: a_ia 792
  ==> Current qubit order: 2  3  4  5  8  9  10  11  14  16  17  19  13  12  58  59  20  21  22  15  18  23  26  29  27  28  67  36  37  39  40  42  44  0  1  70  71  48  7  95  88  6  62  41  55  66  43  45  56  90  57  33  35  32  38  51  52  84  53  83  49  79  30  54  82  85  31  34  86  89  50  65  73  78  25  61  60  24  76  64  72  63  68  69  77  80  74  46  75  47  87  81  91  92  93  94  96  97  98  99  100  101  102  103  


  ==> Energy                -305.930561160
  ==> dE                       -1.39e-07
  ==> Gradient Norm             2.46e-01
  ==> Abs. Max. Deriv.          3.74e-02
  ==> Time-Grad. (s)             156.284
  ==> Time-Energy (s)              8.416
  ==> Time-Iter. (s)             166.155

--------------------------------------------------------------------------------
CEO-ADAPT-VQE iteration: 167
--------------------------------------------------------------------------------
    gate        derivative      name       op1       op2       op3        g_unscaled   penalty
    1097        0.00049829      a_ia      1097                            0.00099657         2
     340        0.00035664      a_ia       340                            0.00071327         2
   86094       -0.00030602        om     34703     34704                 -0.03335656       109
   86093       -0.00030601        op     34703     34704                 -0.03335521       109
     183        0.00029635      a_ia       183                            0.00059270         2
     923        0.00028691      a_ia       923                            0.00057382         2
   34703       -0.00026685    a_iajb     34703                           -0.03335588       125
     795       -0.00024617      a_ia       795                           -0.00049234         2
     754       -0.00024470      a_ia       754                           -0.00293634        12
    1084       -0.00024092      a_ia      1084                           -0.00048183         2

  ==> Add operator: a_ia 1097
  ==> Current qubit order: 2  3  4  5  8  9  10  11  14  16  17  19  13  12  58  59  20  21  22  15  18  23  26  29  27  28  67  36  37  39  40  42  44  0  1  70  71  48  7  95  88  6  62  41  55  66  43  45  56  90  57  33  35  32  38  51  52  84  53  83  49  79  30  54  82  85  31  34  86  89  50  65  73  78  25  61  60  24  76  64  72  63  68  69  77  80  74  46  75  47  87  81  91  92  93  94  96  97  98  99  100  101  102  103  


  ==> Energy                -305.930572458
  ==> dE                       -1.13e-05
  ==> Gradient Norm             2.61e-01
  ==> Abs. Max. Deriv.          3.74e-02
  ==> Time-Grad. (s)             133.967
  ==> Time-Energy (s)             11.241
  ==> Time-Iter. (s)             147.020

--------------------------------------------------------------------------------
CEO-ADAPT-VQE iteration: 168
--------------------------------------------------------------------------------
    gate        derivative      name       op1       op2       op3        g_unscaled   penalty
     342        0.00035441      a_ia       342                            0.00070882         2
     185        0.00029967      a_ia       185                            0.00059934         2
   91147        0.00029458        om     38433     38434                  0.02445025        83
   91146        0.00029443        op     38433     38434                  0.02443757        83
     928        0.00028608      a_ia       928                            0.00057216         2
     799       -0.00025534      a_ia       799                           -0.00051068         2
   38433        0.00024691    a_iajb     38433                            0.02444391        99
    1090       -0.00024685      a_ia      1090                           -0.00049369         2
     758       -0.00024372      a_ia       758                           -0.00292459        12
   45264       -0.00022706        op      3834      3835                 -0.01112588        49

  ==> Add operator: a_ia 342
  ==> Current qubit order: 2  3  4  5  8  9  10  11  14  16  17  19  13  12  58  59  20  21  22  15  18  23  26  29  27  28  67  36  37  39  40  42  44  0  1  70  71  48  7  95  88  6  62  41  55  66  43  45  56  90  57  33  35  32  38  51  52  84  53  83  49  79  30  54  82  85  31  34  86  89  50  65  73  78  25  61  60  24  76  64  72  63  68  69  77  80  74  46  75  47  87  81  91  92  93  94  96  97  98  99  100  101  102  103  


  ==> Energy                -305.930572601
  ==> dE                       -1.44e-07
  ==> Gradient Norm             2.53e-01
  ==> Abs. Max. Deriv.          3.74e-02
  ==> Time-Grad. (s)             136.741
  ==> Time-Energy (s)              8.407
  ==> Time-Iter. (s)             146.595

--------------------------------------------------------------------------------
CEO-ADAPT-VQE iteration: 169
--------------------------------------------------------------------------------
    gate        derivative      name       op1       op2       op3        g_unscaled   penalty
   73665        0.00054684        op     25271     25272                  0.02242056        41
   73666        0.00054680        om     25271     25272                  0.02241863        41
   25271        0.00039333    a_iajb     25271                            0.02241959        57
     186        0.00030052      a_ia       186                            0.00060105         2
     930        0.00028591      a_ia       930                            0.00057183         2
     801       -0.00026051      a_ia       801                           -0.00052102         2
    1092       -0.00024688      a_ia      1092                           -0.00049376         2
     760       -0.00024334      a_ia       760                           -0.00292008        12
   45181       -0.00022706        op      3846      3847                 -0.01112588        49
   45182       -0.00022706        om      3846      3847                 -0.01112588        49

  ==> Add operator: op -1: 25271 25272
  ==> Current qubit order: 2  3  4  5  8  9  10  11  14  16  17  19  13  12  58  59  20  21  22  15  18  23  26  29  27  28  67  36  37  39  40  42  44  0  1  48  95  70  71  7  6  88  62  41  55  66  43  45  56  90  57  33  35  32  38  51  52  84  53  83  49  79  30  54  82  85  31  34  86  89  50  65  73  78  25  61  60  24  76  64  72  63  68  69  77  80  74  46  75  47  87  81  91  92  93  94  96  97  98  99  100  101  102  103  


  ==> Energy                -305.930611529
  ==> dE                       -3.89e-05
  ==> Gradient Norm             2.48e-01
  ==> Abs. Max. Deriv.          3.74e-02
  ==> Time-Grad. (s)             131.678
  ==> Time-Energy (s)              8.466
  ==> Time-Iter. (s)             141.611

--------------------------------------------------------------------------------
CEO-ADAPT-VQE iteration: 170
--------------------------------------------------------------------------------
    gate        derivative      name       op1       op2       op3        g_unscaled   penalty
     188        0.00028758      a_ia       188                            0.00172547         6
     932        0.00028593      a_ia       932                            0.00057186         2
     803       -0.00026069      a_ia       803                           -0.00052137         2
    1094       -0.00024699      a_ia      1094                           -0.00049399         2
     762       -0.00024336      a_ia       762                           -0.00292037        12
   91344        0.00022195        om     38678     38679                  0.01265140        57
    1064        0.00021570      a_ia      1064                            0.00388259        18
     860       -0.00021027      a_ia       860                           -0.00084110         4
   45217       -0.00020992        op      3853      3854                 -0.01112582        53
   45218       -0.00020992        om      3853      3854                 -0.01112582        53

  ==> Add operator: a_ia 188
  ==> Current qubit order: 2  3  4  5  8  9  10  11  14  16  17  19  13  12  58  59  20  21  22  15  18  23  26  29  27  28  67  36  37  39  40  42  44  0  1  48  95  71  7  70  6  88  62  41  55  66  43  45  56  90  57  33  35  32  38  51  52  84  53  83  49  79  30  54  82  85  31  34  86  89  50  65  73  78  25  61  60  24  76  64  72  63  68  69  77  80  74  46  75  47  87  81  91  92  93  94  96  97  98  99  100  101  102  103  


  ==> Energy                -305.930612141
  ==> dE                       -6.12e-07
  ==> Gradient Norm             2.51e-01
  ==> Abs. Max. Deriv.          3.74e-02
  ==> Time-Grad. (s)             134.492
  ==> Time-Energy (s)             10.507
  ==> Time-Iter. (s)             146.470

--------------------------------------------------------------------------------
CEO-ADAPT-VQE iteration: 171
--------------------------------------------------------------------------------
    gate        derivative      name       op1       op2       op3        g_unscaled   penalty
   90114        0.00038821        om     37706     37707                  0.02756261        71
   90113        0.00037299        op     37706     37707                  0.02648261        71
   37706        0.00031060    a_iajb     37706                            0.02702261        87
     935        0.00028587      a_ia       935                            0.00057174         2
     805       -0.00026696      a_ia       805                           -0.00053392         2
    1098       -0.00024703      a_ia      1098                           -0.00049406         2
     764       -0.00024323      a_ia       764                           -0.00291874        12
   45241       -0.00023672        op      3868      3869                 -0.01112585        47
   45242       -0.00023672        om      3868      3869                 -0.01112585        47
    1068        0.00021573      a_ia      1068                            0.00388322        18

  ==> Add operator: mvp2 -1: 37706 37707
  ==> Current qubit order: 2  3  4  5  8  9  10  11  14  16  17  19  13  12  58  59  20  21  22  15  18  23  26  29  27  28  67  36  37  39  40  42  44  0  1  48  71  7  70  6  62  41  55  95  88  33  32  66  43  45  56  90  57  35  38  51  52  84  53  83  49  79  30  54  82  85  31  34  86  89  50  65  73  78  25  61  60  24  76  64  72  63  68  69  77  80  74  46  75  47  87  81  91  92  93  94  96  97  98  99  100  101  102  103  


  ==> Energy                -305.930791687
  ==> dE                       -1.80e-04
  ==> Gradient Norm             2.59e-01
  ==> Abs. Max. Deriv.          3.74e-02
  ==> Time-Grad. (s)             139.852
  ==> Time-Energy (s)             15.427
  ==> Time-Iter. (s)             157.079

--------------------------------------------------------------------------------
CEO-ADAPT-VQE iteration: 172
--------------------------------------------------------------------------------
    gate        derivative      name       op1       op2       op3        g_unscaled   penalty
     188        0.00029750      a_ia       188                            0.00059499         2
     944        0.00028502      a_ia       944                            0.00057004         2
   90007        0.00026547        op     37720     37721                  0.02097209        79
   90008        0.00026514        om     37720     37721                  0.02094609        79
    1107       -0.00025021      a_ia      1107                           -0.00050041         2
     772       -0.00024322      a_ia       772                           -0.00291865        12
    1215        0.00022700      a_ia      1215                            0.00090800         4
   37720        0.00022062    a_iajb     37720                            0.02095909        95
   87340        0.00022057        om     35694     35695                  0.02095370        95
    1077        0.00021536      a_ia      1077                            0.00387648        18

  ==> Add operator: a_ia 188
  ==> Current qubit order: 2  3  4  5  8  9  10  11  14  16  17  19  13  12  58  59  20  21  22  15  18  23  26  29  27  28  67  36  37  39  40  42  44  0  1  48  71  7  70  6  62  41  55  95  88  33  32  66  43  45  56  90  57  35  38  51  52  84  53  83  49  79  30  54  82  85  31  34  86  89  50  65  73  78  25  61  60  24  76  64  72  63  68  69  77  80  74  46  75  47  87  81  91  92  93  94  96  97  98  99  100  101  102  103  


  ==> Energy                -305.930791737
  ==> dE                       -4.96e-08
  ==> Gradient Norm             2.51e-01
  ==> Abs. Max. Deriv.          3.74e-02
  ==> Time-Grad. (s)             159.379
  ==> Time-Energy (s)              9.467
  ==> Time-Iter. (s)             170.322

--------------------------------------------------------------------------------
CEO-ADAPT-VQE iteration: 173
--------------------------------------------------------------------------------
    gate        derivative      name       op1       op2       op3        g_unscaled   penalty
     945        0.00028533      a_ia       945                            0.00057067         2
    1112       -0.00025013      a_ia      1112                           -0.00050026         2
     773       -0.00024329      a_ia       773                           -0.00291944        12
    1221        0.00022696      a_ia      1221                            0.00090785         4
    1081        0.00021539      a_ia      1081                            0.00387701        18
   89109        0.00021138        op     36836     36837                  0.01965854        93
   89110        0.00021114        om     36836     36837                  0.01963571        93
     872       -0.00021024      a_ia       872                           -0.00084095         4
     663       -0.00020744      a_ia       663                           -0.00082977         4
   90145       -0.00020714        op     37608     37609                 -0.01346418        65

  ==> Add operator: a_ia 945
  ==> Current qubit order: 2  3  4  5  8  9  10  11  14  16  17  19  13  12  58  59  20  21  22  15  18  23  26  29  27  28  67  36  37  39  40  42  44  0  1  48  71  7  70  6  62  41  55  95  88  33  32  66  43  45  56  90  57  35  38  51  52  84  53  83  49  79  30  54  82  85  31  34  86  89  50  65  73  78  25  61  60  24  76  64  72  63  68  69  77  80  74  46  75  47  87  81  91  92  93  94  96  97  98  99  100  101  102  103  


  ==> Energy                -305.930791872
  ==> dE                       -1.35e-07
  ==> Gradient Norm             2.50e-01
  ==> Abs. Max. Deriv.          3.74e-02
  ==> Time-Grad. (s)             137.112
  ==> Time-Energy (s)             10.010
  ==> Time-Iter. (s)             148.584

--------------------------------------------------------------------------------
CEO-ADAPT-VQE iteration: 174
--------------------------------------------------------------------------------
    gate        derivative      name       op1       op2       op3        g_unscaled   penalty
    1113       -0.00025000      a_ia      1113                           -0.00050000         2
     774       -0.00024322      a_ia       774                           -0.00291859        12
    1222        0.00022697      a_ia      1222                            0.00090786         4
    1082        0.00021531      a_ia      1082                            0.00387555        18
     873       -0.00021022      a_ia       873                           -0.00084089         4
     664       -0.00020741      a_ia       664                           -0.00082966         4
   45350        0.00019898        op      3912      3913                  0.01532117        77
   45351        0.00019897        om      3912      3913                  0.01532089        77
   45618        0.00019461        op      4180      4181                  0.02471516       127
   45619        0.00019461        om      4180      4181                  0.02471516       127

  ==> Add operator: a_ia 1113
  ==> Current qubit order: 2  3  4  5  8  9  10  11  14  16  17  19  13  12  58  59  20  21  22  15  18  23  26  29  27  28  67  36  37  39  40  42  44  0  1  48  71  7  70  6  62  41  55  95  88  33  32  66  43  45  56  90  57  35  38  51  52  84  53  83  49  79  30  54  82  85  31  34  86  89  50  65  73  78  25  61  60  24  76  64  72  63  68  69  77  80  74  46  75  47  87  81  91  92  93  94  96  97  98  99  100  101  102  103  


  ==> Energy                -305.930793711
  ==> dE                       -1.84e-06
  ==> Gradient Norm             2.51e-01
  ==> Abs. Max. Deriv.          3.74e-02
  ==> Time-Grad. (s)             137.751
  ==> Time-Energy (s)             10.505
  ==> Time-Iter. (s)             149.697

--------------------------------------------------------------------------------
CEO-ADAPT-VQE iteration: 175
--------------------------------------------------------------------------------
    gate        derivative      name       op1       op2       op3        g_unscaled   penalty
   87848       -0.00039566        op     35958     35959                 -0.01938714        49
   87849       -0.00039566        om     35958     35959                 -0.01938714        49
   35958       -0.00029826    a_iajb     35958                           -0.01938714        65
   94762        0.00029578        op     41258     41259                  0.03401423       115
   94763        0.00029572        om     41258     41259                  0.03400788       115
   41258        0.00025963    a_iajb     41258                            0.03401106       131
     774       -0.00024363      a_ia       774                           -0.00292362        12
    1224        0.00022749      a_ia      1224                            0.00090994         4
   94757        0.00022064        om     41252     41253                  0.01787182        81
    1084        0.00021448      a_ia      1084                            0.00386061        18

  ==> Add operator: op -1: 35958 35959
  ==> Current qubit order: 2  3  4  5  8  9  10  11  14  16  17  19  13  12  20  21  58  59  26  29  22  15  18  23  27  28  67  36  37  39  40  42  44  0  1  48  71  7  70  6  62  41  55  95  88  33  32  66  43  45  56  90  57  35  38  51  52  84  53  83  49  79  30  54  82  85  31  34  86  89  50  65  73  78  25  61  60  24  76  64  72  63  68  69  77  80  74  46  75  47  87  81  91  92  93  94  96  97  98  99  100  101  102  103  


  ==> Energy                -305.930847702
  ==> dE                       -5.40e-05
  ==> Gradient Norm             2.77e-01
  ==> Abs. Max. Deriv.          3.74e-02
  ==> Time-Grad. (s)             133.694
  ==> Time-Energy (s)            540.667
  ==> Time-Iter. (s)             675.793

--------------------------------------------------------------------------------
CEO-ADAPT-VQE iteration: 176
--------------------------------------------------------------------------------
    gate        derivative      name       op1       op2       op3        g_unscaled   penalty
     841       -0.00074793      a_ia       841                           -0.00149585         2
     193        0.00047282      a_ia       193                            0.00094565         2
    1036        0.00042139      a_ia      1036                            0.00084278         2
    1050        0.00041409      a_ia      1050                            0.00082818         2
     955        0.00026091      a_ia       955                            0.00052182         2
     779       -0.00024282      a_ia       779                           -0.00291389        12
    1232        0.00022669      a_ia      1232                            0.00090677         4
    1091        0.00021636      a_ia      1091                            0.00389455        18
     668       -0.00020860      a_ia       668                           -0.00083439         4
     880       -0.00020743      a_ia       880                           -0.00082974         4

  ==> Add operator: a_ia 841
  ==> Current qubit order: 2  3  4  5  8  9  10  11  14  16  17  19  13  12  20  21  58  59  26  29  22  15  18  23  27  28  67  36  37  39  40  42  44  0  1  48  71  7  70  6  62  41  55  95  88  33  32  66  43  45  56  90  57  35  38  51  52  84  53  83  49  79  30  54  82  85  31  34  86  89  50  65  73  78  25  61  60  24  76  64  72  63  68  69  77  80  74  46  75  47  87  81  91  92  93  94  96  97  98  99  100  101  102  103  


  ==> Energy                -305.930848340
  ==> dE                       -6.38e-07
  ==> Gradient Norm             2.56e-01
  ==> Abs. Max. Deriv.          3.74e-02
  ==> Time-Grad. (s)             160.546
  ==> Time-Energy (s)              9.432
  ==> Time-Iter. (s)             171.486

--------------------------------------------------------------------------------
CEO-ADAPT-VQE iteration: 177
--------------------------------------------------------------------------------
    gate        derivative      name       op1       op2       op3        g_unscaled   penalty
     195        0.00047422      a_ia       195                            0.00094844         2
    1044        0.00042006      a_ia      1044                            0.00084012         2
    1058        0.00041298      a_ia      1058                            0.00082596         2
     962        0.00026003      a_ia       962                            0.00052006         2
     784       -0.00024078      a_ia       784                           -0.00288932        12
    1240        0.00022671      a_ia      1240                            0.00090685         4
   90121        0.00022117        op     37542     37544                  0.01481824        67
   90122        0.00022117        op     37542     37544                  0.01481824        67
   90117        0.00021697        op     37542     37543                  0.01453723        67
   90118        0.00021697        op     37542     37543                  0.01453723        67

  ==> Add operator: a_ia 195
  ==> Current qubit order: 2  3  4  5  8  9  10  11  14  16  17  19  13  12  20  21  58  59  26  29  22  15  18  23  27  28  67  36  37  39  40  42  44  0  1  48  71  7  70  6  62  41  55  95  88  33  32  66  43  45  56  90  57  35  38  51  52  84  53  83  49  79  30  54  82  85  31  34  86  89  50  65  73  78  25  61  60  24  76  64  72  63  68  69  77  80  74  46  75  47  87  81  91  92  93  94  96  97  98  99  100  101  102  103  


  ==> Energy                -305.930848466
  ==> dE                       -1.26e-07
  ==> Gradient Norm             2.52e-01
  ==> Abs. Max. Deriv.          3.74e-02
  ==> Time-Grad. (s)             159.978
  ==> Time-Energy (s)              8.113
  ==> Time-Iter. (s)             169.549

--------------------------------------------------------------------------------
CEO-ADAPT-VQE iteration: 178
--------------------------------------------------------------------------------
    gate        derivative      name       op1       op2       op3        g_unscaled   penalty
    1048        0.00041992      a_ia      1048                            0.00083984         2
    1063        0.00041075      a_ia      1063                            0.00082150         2
     965        0.00026000      a_ia       965                            0.00052000         2
     785       -0.00024071      a_ia       785                           -0.00288853        12
    1247        0.00022659      a_ia      1247                            0.00090636         4
    1104        0.00021658      a_ia      1104                            0.00389844        18
   89679        0.00021537        om     37282     37283                  0.03122871       145
   89678        0.00021524        op     37282     37283                  0.03121042       145
     889       -0.00020836      a_ia       889                           -0.00083344         4
     672       -0.00020698      a_ia       672                           -0.00082791         4

  ==> Add operator: a_ia 1048
  ==> Current qubit order: 2  3  4  5  8  9  10  11  14  16  17  19  13  12  20  21  58  59  26  29  22  15  18  23  27  28  67  36  37  39  40  42  44  0  1  48  71  7  70  6  62  41  55  95  88  33  32  66  43  45  56  90  57  35  38  51  52  84  53  83  49  79  30  54  82  85  31  34  86  89  50  65  73  78  25  61  60  24  76  64  72  63  68  69  77  80  74  46  75  47  87  81  91  92  93  94  96  97  98  99  100  101  102  103  


  ==> Energy                -305.930848669
  ==> dE                       -2.03e-07
  ==> Gradient Norm             2.60e-01
  ==> Abs. Max. Deriv.          3.74e-02
  ==> Time-Grad. (s)             156.834
  ==> Time-Energy (s)              8.921
  ==> Time-Iter. (s)             167.213

--------------------------------------------------------------------------------
CEO-ADAPT-VQE iteration: 179
--------------------------------------------------------------------------------
    gate        derivative      name       op1       op2       op3        g_unscaled   penalty
    1066        0.00039895      a_ia      1066                            0.00079789         2
   93784        0.00030417        op     40620     40621                  0.01186263        39
   93785        0.00030417        om     40620     40621                  0.01186263        39
   90299       -0.00027972        om     37962     37963                 -0.01482535        53
   90298       -0.00026764        op     37962     37963                 -0.01418515        53
     967        0.00026048      a_ia       967                            0.00052097         2
   91190        0.00025603        op     38641     38642                  0.02944392       115
   91191        0.00025603        op     38641     38642                  0.02944392       115
     786       -0.00024065      a_ia       786                           -0.00288777        12
    1251        0.00022659      a_ia      1251                            0.00090634         4

  ==> Add operator: a_ia 1066
  ==> Current qubit order: 2  3  4  5  8  9  10  11  14  16  17  19  13  12  20  21  58  59  26  29  22  15  18  23  27  28  67  36  37  39  40  42  44  0  1  48  71  7  70  6  62  41  55  95  88  33  32  66  43  45  56  90  57  35  38  51  52  84  53  83  49  79  30  54  82  85  31  34  86  89  50  65  73  78  25  61  60  24  76  64  72  63  68  69  77  80  74  46  75  47  87  81  91  92  93  94  96  97  98  99  100  101  102  103  


  ==> Energy                -305.930848869
  ==> dE                       -2.00e-07
  ==> Gradient Norm             2.58e-01
  ==> Abs. Max. Deriv.          3.74e-02
  ==> Time-Grad. (s)             141.391
  ==> Time-Energy (s)              9.171
  ==> Time-Iter. (s)             152.412

--------------------------------------------------------------------------------
CEO-ADAPT-VQE iteration: 180
--------------------------------------------------------------------------------
    gate        derivative      name       op1       op2       op3        g_unscaled   penalty
     972        0.00026060      a_ia       972                            0.00052120         2
     791       -0.00024052      a_ia       791                           -0.00288627        12
    1260        0.00022658      a_ia      1260                            0.00090631         4
    1114        0.00021652      a_ia      1114                            0.00389743        18
     896       -0.00020793      a_ia       896                           -0.00083172         4
     677       -0.00020531      a_ia       677                           -0.00082123         4
   45270        0.00019889        op      4008      4009                  0.01531437        77
   45271        0.00019888        om      4008      4009                  0.01531382        77
   45118       -0.00019482        op      3856      3857                 -0.01694897        87
   45119       -0.00019482        om      3856      3857                 -0.01694897        87

  ==> Add operator: a_ia 972
  ==> Current qubit order: 2  3  4  5  8  9  10  11  14  16  17  19  13  12  20  21  58  59  26  29  22  15  18  23  27  28  67  36  37  39  40  42  44  0  1  48  71  7  70  6  62  41  55  95  88  33  32  66  43  45  56  90  57  35  38  51  52  84  53  83  49  79  30  54  82  85  31  34  86  89  50  65  73  78  25  61  60  24  76  64  72  63  68  69  77  80  74  46  75  47  87  81  91  92  93  94  96  97  98  99  100  101  102  103  


  ==> Energy                -305.930848983
  ==> dE                       -1.14e-07
  ==> Gradient Norm             2.47e-01
  ==> Abs. Max. Deriv.          3.74e-02
  ==> Time-Grad. (s)             159.120
  ==> Time-Energy (s)              9.186
  ==> Time-Iter. (s)             169.748

--------------------------------------------------------------------------------
CEO-ADAPT-VQE iteration: 181
--------------------------------------------------------------------------------
    gate        derivative      name       op1       op2       op3        g_unscaled   penalty
   73993        0.00029902        op     25205     25206                  0.01345576        45
   73994        0.00028322        om     25205     25206                  0.01274477        45
     793       -0.00024046      a_ia       793                           -0.00288550        12
    1262        0.00022658      a_ia      1262                            0.00090632         4
    1116        0.00021645      a_ia      1116                            0.00389610        18
   89935        0.00021587        op     37229     37230                  0.02525698       117
   89936        0.00021587        om     37229     37230                  0.02525698       117
   25205        0.00021476    a_iajb     25205                            0.01310027        61
   87730       -0.00020888        om     35569     35570                 -0.01775506        85
     898       -0.00020792      a_ia       898                           -0.00083166         4

  ==> Add operator: mvp2 -1: 25205 25206
  ==> Current qubit order: 2  3  4  5  8  9  10  11  14  16  17  19  13  12  20  21  58  59  26  29  22  15  18  23  27  28  67  36  37  39  40  42  44  0  1  48  71  70  62  41  55  7  6  95  66  88  33  32  43  45  56  90  57  35  38  51  52  84  53  83  49  79  30  54  82  85  31  34  86  89  50  65  73  78  25  61  60  24  76  64  72  63  68  69  77  80  74  46  75  47  87  81  91  92  93  94  96  97  98  99  100  101  102  103  


  ==> Energy                -305.930997853
  ==> dE                       -1.49e-04
  ==> Gradient Norm             2.63e-01
  ==> Abs. Max. Deriv.          3.74e-02
  ==> Time-Grad. (s)             136.816
  ==> Time-Energy (s)             16.438
  ==> Time-Iter. (s)             154.684

--------------------------------------------------------------------------------
CEO-ADAPT-VQE iteration: 182
--------------------------------------------------------------------------------
    gate        derivative      name       op1       op2       op3        g_unscaled   penalty
    1264        0.00045470      a_ia      1264                            0.00090939         2
     795       -0.00024092      a_ia       795                           -0.00289103        12
   45448       -0.00021811        op      4036      4037                 -0.01112341        51
   45449       -0.00021811        om      4036      4037                 -0.01112341        51
    1118        0.00021634      a_ia      1118                            0.00389416        18
   45444        0.00021565        op      4032      4033                  0.01531133        71
   45445        0.00021565        om      4032      4033                  0.01531090        71
     900       -0.00020800      a_ia       900                           -0.00083201         4
     680       -0.00020534      a_ia       680                           -0.00082135         4
   45290       -0.00019939        op      3878      3879                 -0.01694852        85

  ==> Add operator: a_ia 1264
  ==> Current qubit order: 2  3  4  5  8  9  10  11  14  16  17  19  13  12  20  21  58  59  26  29  22  15  18  23  27  28  67  36  37  39  40  42  44  0  1  48  71  70  62  41  55  7  6  95  66  88  33  32  43  45  56  90  57  35  38  51  52  84  53  83  49  79  30  54  82  85  31  34  86  89  50  65  73  78  25  61  60  24  76  64  72  63  68  69  77  80  74  46  75  47  87  81  91  92  93  94  96  97  98  99  100  101  102  103  


  ==> Energy                -305.931111462
  ==> dE                       -1.14e-04
  ==> Gradient Norm             2.46e-01
  ==> Abs. Max. Deriv.          3.74e-02
  ==> Time-Grad. (s)             137.330
  ==> Time-Energy (s)             11.037
  ==> Time-Iter. (s)             149.801

--------------------------------------------------------------------------------
CEO-ADAPT-VQE iteration: 183
--------------------------------------------------------------------------------
    gate        derivative      name       op1       op2       op3        g_unscaled   penalty
     797       -0.00024412      a_ia       797                           -0.00292949        12
   89789        0.00024028        om     37193     37194                  0.02907435       121
   89788        0.00022508        op     37193     37194                  0.02723415       121
   45428       -0.00021794        op      4056      4057                 -0.01111509        51
   45429       -0.00021794        om      4056      4057                 -0.01111509        51
    1124        0.00021744      a_ia      1124                            0.00391390        18
   45424        0.00021541        op      4052      4053                  0.01529429        71
   45425        0.00021541        om      4052      4053                  0.01529387        71
     903       -0.00020741      a_ia       903                           -0.00082963         4
   37193        0.00020551    a_iajb     37193                            0.02815425       137

  ==> Add operator: a_ia 797
  ==> Current qubit order: 2  3  4  5  8  9  10  11  14  16  17  19  13  12  20  21  58  59  26  29  22  15  18  23  27  28  67  36  37  39  40  42  44  0  1  48  71  70  62  41  55  7  6  95  66  88  33  32  43  45  56  90  57  35  38  51  52  84  53  83  49  79  54  82  85  31  34  30  86  89  50  65  73  78  25  61  60  24  76  64  72  63  68  69  77  80  74  46  75  47  87  81  91  92  93  94  96  97  98  99  100  101  102  103  


  ==> Energy                -305.931113438
  ==> dE                       -1.98e-06
  ==> Gradient Norm             2.61e-01
  ==> Abs. Max. Deriv.          3.74e-02
  ==> Time-Grad. (s)             140.284
  ==> Time-Energy (s)             11.320
  ==> Time-Iter. (s)             152.968

--------------------------------------------------------------------------------
CEO-ADAPT-VQE iteration: 184
--------------------------------------------------------------------------------
    gate        derivative      name       op1       op2       op3        g_unscaled   penalty
   86633       -0.00033004        om     34852     34853                 -0.03333429       101
   86632       -0.00033004        op     34852     34853                 -0.03333374       101
   34852       -0.00028491    a_iajb     34852                           -0.03333401       117
   75317        0.00026628        om     26263     26264                  0.00825457        31
   75316        0.00025474        op     26263     26264                  0.00789700        31
   95093        0.00025006        om     41260     41261                  0.02275502        91
   95092        0.00023590        op     41260     41261                  0.02146674        91
   45412       -0.00021794        op      4069      4070                 -0.01111505        51
   45413       -0.00021794        om      4069      4070                 -0.01111505        51
    1129        0.00021701      a_ia      1129                            0.00390610        18

  ==> Add operator: om -1: 34852 34853
  ==> Current qubit order: 2  3  4  5  8  9  10  11  14  16  17  19  13  12  20  21  58  59  26  29  22  15  18  27  28  67  36  37  39  40  42  44  0  1  48  71  70  62  41  55  7  23  32  56  57  6  95  66  88  33  43  45  90  35  38  51  52  84  53  83  49  79  54  82  85  31  34  30  86  89  50  65  73  78  25  61  60  24  76  64  72  63  68  69  77  80  74  46  75  47  87  81  91  92  93  94  96  97  98  99  100  101  102  103  


  ==> Energy                -305.931281536
  ==> dE                       -1.68e-04
  ==> Gradient Norm             2.68e-01
  ==> Abs. Max. Deriv.          3.74e-02
  ==> Time-Grad. (s)             134.619
  ==> Time-Energy (s)             11.136
  ==> Time-Iter. (s)             147.175

--------------------------------------------------------------------------------
CEO-ADAPT-VQE iteration: 185
--------------------------------------------------------------------------------
    gate        derivative      name       op1       op2       op3        g_unscaled   penalty
     827       -0.00039087      a_ia       827                           -0.00078173         2
     637        0.00032710      a_ia       637                            0.00196260         6
    1134        0.00021698      a_ia      1134                            0.00390561        18
     636        0.00021079      a_ia       636                            0.00084317         4
     688       -0.00020769      a_ia       688                           -0.00083076         4
     910       -0.00020739      a_ia       910                           -0.00082956         4
   45215       -0.00019470        op      3919      3920                 -0.01693868        87
   45216       -0.00019470        om      3919      3920                 -0.01693868        87
   45375        0.00019360        op      4079      4080                  0.01529423        79
   45376        0.00019359        om      4079      4080                  0.01529380        79

  ==> Add operator: a_ia 827
  ==> Current qubit order: 2  3  4  5  8  9  10  11  14  16  17  19  13  12  20  21  58  59  26  29  22  15  18  27  28  67  36  37  39  40  42  44  0  1  48  71  70  62  41  55  7  23  32  56  57  6  95  66  88  33  43  45  90  35  38  51  52  84  53  83  49  79  54  82  85  31  34  30  86  89  50  65  73  78  25  61  60  24  76  64  72  63  68  69  77  80  74  46  75  47  87  81  91  92  93  94  96  97  98  99  100  101  102  103  


  ==> Energy                -305.931281544
  ==> dE                       -8.48e-09
  ==> Gradient Norm             2.63e-01
  ==> Abs. Max. Deriv.          3.74e-02
  ==> Time-Grad. (s)             153.734
  ==> Time-Energy (s)              9.753
  ==> Time-Iter. (s)             164.916

--------------------------------------------------------------------------------
CEO-ADAPT-VQE iteration: 186
--------------------------------------------------------------------------------
    gate        derivative      name       op1       op2       op3        g_unscaled   penalty
   87451        0.00050161        om     35329     35330                  0.01254031        25
   87450        0.00050161        op     35329     35330                  0.01254015        25
     639        0.00032633      a_ia       639                            0.00195795         6
     829       -0.00031777      a_ia       829                           -0.00063554         2
   35329        0.00030586    a_iajb     35329                            0.01254023        41
    1136        0.00021691      a_ia      1136                            0.00390432        18
     638        0.00021092      a_ia       638                            0.00084369         4
   90103        0.00021032        om     37339     37340                  0.01030548        49
   90102        0.00021027        op     37339     37340                  0.01030331        49
     690       -0.00020791      a_ia       690                           -0.00083164         4

  ==> Add operator: om -1: 35329 35330
  ==> Current qubit order: 2  3  4  5  8  9  10  11  14  16  17  19  13  12  20  21  58  59  26  29  22  15  18  27  28  67  36  37  39  40  42  44  0  1  48  71  70  62  41  55  7  23  32  56  57  6  95  66  88  33  43  45  90  35  38  51  52  84  53  83  49  79  54  82  85  31  34  30  86  89  50  65  73  78  25  61  60  24  76  64  72  63  68  69  77  80  74  46  75  47  87  81  91  92  93  94  96  97  98  99  100  101  102  103  


  ==> Energy                -305.931302289
  ==> dE                       -2.07e-05
  ==> Gradient Norm             2.59e-01
  ==> Abs. Max. Deriv.          3.74e-02
  ==> Time-Grad. (s)             156.201
  ==> Time-Energy (s)             10.881
  ==> Time-Iter. (s)             168.531

--------------------------------------------------------------------------------
CEO-ADAPT-VQE iteration: 187
--------------------------------------------------------------------------------
    gate        derivative      name       op1       op2       op3        g_unscaled   penalty
     641        0.00032632      a_ia       641                            0.00195791         6
     831       -0.00031747      a_ia       831                           -0.00063493         2
   89959        0.00024536        op     37534     37536                  0.01447602        59
   89960        0.00024536        op     37534     37536                  0.01447602        59
   89955        0.00024122        op     37534     37535                  0.01423198        59
   89956        0.00024122        op     37534     37535                  0.01423198        59
    1138        0.00021691      a_ia      1138                            0.00390439        18
     640        0.00021095      a_ia       640                            0.00084381         4
     692       -0.00021052      a_ia       692                           -0.00084210         4
     914       -0.00020750      a_ia       914                           -0.00083000         4

  ==> Add operator: a_ia 641
  ==> Current qubit order: 2  3  4  5  8  9  10  11  14  16  17  19  13  12  20  21  58  59  26  29  22  15  18  27  28  67  36  37  39  40  42  44  0  1  48  71  70  62  41  55  7  32  56  23  57  6  95  66  88  33  43  45  90  35  38  51  52  84  53  83  49  79  54  82  85  31  34  30  86  89  50  65  73  78  25  61  60  24  76  64  72  63  68  69  77  80  74  46  75  47  87  81  91  92  93  94  96  97  98  99  100  101  102  103  


  ==> Energy                -305.931303094
  ==> dE                       -8.05e-07
  ==> Gradient Norm             2.61e-01
  ==> Abs. Max. Deriv.          3.74e-02
  ==> Time-Grad. (s)             152.283
  ==> Time-Energy (s)             10.498
  ==> Time-Iter. (s)             164.243

--------------------------------------------------------------------------------
CEO-ADAPT-VQE iteration: 188
--------------------------------------------------------------------------------
    gate        derivative      name       op1       op2       op3        g_unscaled   penalty
     833       -0.00028970      a_ia       833                           -0.00057940         2
   89888        0.00025970        op     37313     37315                  0.01947760        75
   89889        0.00025970        op     37313     37315                  0.01947760        75
   89884        0.00025916        op     37313     37314                  0.01943688        75
   89885        0.00025916        op     37313     37314                  0.01943688        75
    1141        0.00021663      a_ia      1141                            0.00389941        18
   37313        0.00021404    a_iajb     37313                            0.01947722        91
     693       -0.00021329      a_ia       693                           -0.00085316         4
     916       -0.00020743      a_ia       916                           -0.00082971         4
   45254       -0.00019470        op      3945      3946                 -0.01693885        87

  ==> Add operator: a_ia 833
  ==> Current qubit order: 2  3  4  5  8  9  10  11  14  16  17  19  13  12  20  21  58  59  26  29  22  15  18  27  28  67  36  37  39  40  42  44  0  1  48  71  70  62  41  55  7  32  56  23  57  6  95  66  88  33  43  45  90  35  38  51  52  84  53  83  49  79  54  82  85  31  34  30  86  89  50  65  73  78  25  61  60  24  76  64  72  63  68  69  77  80  74  46  75  47  87  81  91  92  93  94  96  97  98  99  100  101  102  103  


  ==> Energy                -305.931303094
  ==> dE                       -6.87e-10
  ==> Gradient Norm             2.61e-01
  ==> Abs. Max. Deriv.          3.74e-02
  ==> Time-Grad. (s)             159.409
  ==> Time-Energy (s)              9.499
  ==> Time-Iter. (s)             170.355

--------------------------------------------------------------------------------
CEO-ADAPT-VQE iteration: 189
--------------------------------------------------------------------------------
    gate        derivative      name       op1       op2       op3        g_unscaled   penalty
     835       -0.00031012      a_ia       835                           -0.00062024         2
   94636        0.00030418        op     40897     40898                  0.01186284        39
   94637        0.00030418        om     40897     40898                  0.01186284        39
   90194       -0.00023169        op     37445     37446                 -0.01552341        67
   90195       -0.00023169        op     37445     37446                 -0.01552341        67
   90198       -0.00022765        op     37445     37447                 -0.01525268        67
   90199       -0.00022765        op     37445     37447                 -0.01525268        67
    1143        0.00021665      a_ia      1143                            0.00389977        18
   40897        0.00021569    a_iajb     40897                            0.01186284        55
     694       -0.00021323      a_ia       694                           -0.00085291         4

  ==> Add operator: a_ia 835
  ==> Current qubit order: 2  3  4  5  8  9  10  11  14  16  17  19  13  12  20  21  58  59  26  29  22  15  18  27  28  67  36  37  39  40  42  44  0  1  48  71  70  62  41  55  7  32  56  23  57  6  95  66  88  33  43  45  90  35  38  51  52  84  53  83  49  79  54  82  85  31  34  30  86  89  50  65  73  78  25  61  60  24  76  64  72  63  68  69  77  80  74  46  75  47  87  81  91  92  93  94  96  97  98  99  100  101  102  103  


  ==> Energy                -305.931303094
  ==> dE                       -3.98e-13
  ==> Gradient Norm             2.53e-01
  ==> Abs. Max. Deriv.          3.74e-02
  ==> Time-Grad. (s)             138.014
  ==> Time-Energy (s)              9.796
  ==> Time-Iter. (s)             149.241

--------------------------------------------------------------------------------
CEO-ADAPT-VQE iteration: 190
--------------------------------------------------------------------------------
    gate        derivative      name       op1       op2       op3        g_unscaled   penalty
     839       -0.00031012      a_ia       839                           -0.00062024         2
    1149        0.00021665      a_ia      1149                            0.00389977        18
     698       -0.00021323      a_ia       698                           -0.00085291         4
     922       -0.00020740      a_ia       922                           -0.00082961         4
   45298       -0.00019470        op      3962      3963                 -0.01693885        87
   45299       -0.00019470        om      3962      3963                 -0.01693885        87
   45458        0.00019360        op      4122      4123                  0.01529420        79
   45459        0.00019359        om      4122      4123                  0.01529378        79
   45756        0.00019157        op      4420      4421                  0.02471277       129
   45757        0.00019157        om      4420      4421                  0.02471277       129

  ==> Add operator: a_ia 839
  ==> Current qubit order: 2  3  4  5  8  9  10  11  14  16  17  19  13  12  20  21  58  59  26  29  22  15  18  27  28  67  36  37  39  40  42  44  0  1  48  71  70  62  41  55  7  32  56  23  57  6  95  66  88  33  43  45  90  35  38  51  52  84  53  83  49  79  54  82  85  31  34  30  86  89  50  65  73  78  25  61  60  24  76  64  72  63  68  69  77  80  74  46  75  47  87  81  91  92  93  94  96  97  98  99  100  101  102  103  


  ==> Energy                -305.931303094
  ==> dE                       -1.14e-13
  ==> Gradient Norm             2.50e-01
  ==> Abs. Max. Deriv.          3.74e-02
  ==> Time-Grad. (s)             137.910
  ==> Time-Energy (s)             10.547
  ==> Time-Iter. (s)             149.904

--------------------------------------------------------------------------------
CEO-ADAPT-VQE iteration: 191
--------------------------------------------------------------------------------
    gate        derivative      name       op1       op2       op3        g_unscaled   penalty
     842       -0.00031012      a_ia       842                           -0.00062024         2
   89918       -0.00026411        op     37262     37263                 -0.01927991        73
   89919       -0.00025079        om     37262     37263                 -0.01830800        73
   89960       -0.00021753        op     37291     37293                 -0.01587984        73
   89961       -0.00021753        op     37291     37293                 -0.01587984        73
    1153        0.00021665      a_ia      1153                            0.00389977        18
   89956       -0.00021525        op     37291     37292                 -0.01571319        73
   89957       -0.00021525        op     37291     37292                 -0.01571319        73
     700       -0.00021323      a_ia       700                           -0.00085291         4
   37262       -0.00021117    a_iajb     37262                           -0.01879395        89

  ==> Add operator: a_ia 842
  ==> Current qubit order: 2  3  4  5  8  9  10  11  14  16  17  19  13  12  20  21  58  59  26  29  22  15  18  27  28  67  36  37  39  40  42  44  0  1  48  71  70  62  41  55  7  32  56  23  57  6  95  66  88  33  43  45  90  35  38  51  52  84  53  83  49  79  54  82  85  31  34  30  86  89  50  65  73  78  25  61  60  24  76  64  72  63  68  69  77  80  74  46  75  47  87  81  91  92  93  94  96  97  98  99  100  101  102  103  


  ==> Energy                -305.931303094
  ==> dE                        0.00e+00
  ==> Gradient Norm             2.67e-01
  ==> Abs. Max. Deriv.          3.74e-02
  ==> Time-Grad. (s)             137.250
  ==> Time-Energy (s)              9.784
  ==> Time-Iter. (s)             148.481

--------------------------------------------------------------------------------
CEO-ADAPT-VQE iteration: 192
--------------------------------------------------------------------------------
    gate        derivative      name       op1       op2       op3        g_unscaled   penalty
     845       -0.00031012      a_ia       845                           -0.00062024         2
    1157        0.00021665      a_ia      1157                            0.00389977        18
     702       -0.00021323      a_ia       702                           -0.00085291         4
     928       -0.00020740      a_ia       928                           -0.00082961         4
   45324       -0.00019470        op      3992      3993                 -0.01693885        87
   45325       -0.00019470        om      3992      3993                 -0.01693885        87
   45484        0.00019360        op      4152      4153                  0.01529420        79
   45485        0.00019359        om      4152      4153                  0.01529378        79
   45782        0.00019157        op      4450      4451                  0.02471277       129
   45783        0.00019157        om      4450      4451                  0.02471277       129

  ==> Add operator: a_ia 845
  ==> Current qubit order: 2  3  4  5  8  9  10  11  14  16  17  19  13  12  20  21  58  59  26  29  22  15  18  27  28  67  36  37  39  40  42  44  0  1  48  71  70  62  41  55  7  32  56  23  57  6  95  66  88  33  43  45  90  35  38  51  52  84  53  83  49  79  54  82  85  31  34  30  86  89  50  65  73  78  25  61  60  24  76  64  72  63  68  69  77  80  74  46  75  47  87  81  91  92  93  94  96  97  98  99  100  101  102  103  


  ==> Energy                -305.931303094
  ==> dE                        0.00e+00
  ==> Gradient Norm             2.58e-01
  ==> Abs. Max. Deriv.          3.74e-02
  ==> Time-Grad. (s)             142.864
  ==> Time-Energy (s)             10.064
  ==> Time-Iter. (s)             154.499

--------------------------------------------------------------------------------
CEO-ADAPT-VQE iteration: 193
--------------------------------------------------------------------------------
    gate        derivative      name       op1       op2       op3        g_unscaled   penalty
     846       -0.00031012      a_ia       846                           -0.00062024         2
   90364        0.00030758        om     37644     37645                  0.01076521        35
   90363        0.00030502        op     37644     37645                  0.01067563        35
   91301        0.00024933        op     38339     38340                  0.02518225       101
   91302        0.00023739        om     38339     38340                  0.02397657       101
    1159        0.00021665      a_ia      1159                            0.00389977        18
     703       -0.00021323      a_ia       703                           -0.00085291         4
   37644        0.00021020    a_iajb     37644                            0.01072042        51
   38339        0.00021008    a_iajb     38339                            0.02457941       117
     930       -0.00020740      a_ia       930                           -0.00082961         4

  ==> Add operator: a_ia 846
  ==> Current qubit order: 2  3  4  5  8  9  10  11  14  16  17  19  13  12  20  21  58  59  26  29  22  15  18  27  28  67  36  37  39  40  42  44  0  1  48  71  70  62  41  55  7  32  56  23  57  6  95  66  88  33  43  45  90  35  38  51  52  84  53  83  49  79  54  82  85  31  34  30  86  89  50  65  73  78  25  61  60  24  76  64  72  63  68  69  77  80  74  46  75  47  87  81  91  92  93  94  96  97  98  99  100  101  102  103  


  ==> Energy                -305.931303094
  ==> dE                        0.00e+00
  ==> Gradient Norm             2.56e-01
  ==> Abs. Max. Deriv.          3.74e-02
  ==> Time-Grad. (s)             144.411
  ==> Time-Energy (s)             10.052
  ==> Time-Iter. (s)             155.908

--------------------------------------------------------------------------------
CEO-ADAPT-VQE iteration: 194
--------------------------------------------------------------------------------
    gate        derivative      name       op1       op2       op3        g_unscaled   penalty
   89435       -0.00037554        om     37145     37146                 -0.02441003        65
   89434       -0.00037518        op     37145     37146                 -0.02438647        65
     849       -0.00031012      a_ia       849                           -0.00062024         2
   37145       -0.00030121    a_iajb     37145                           -0.02439825        81
    1163        0.00021665      a_ia      1163                            0.00389977        18
     705       -0.00021323      a_ia       705                           -0.00085291         4
   86972        0.00020912        op     35252     35254                  0.01819325        87
   86973        0.00020912        op     35252     35254                  0.01819325        87
   86968        0.00020811        op     35252     35253                  0.01810524        87
   86969        0.00020811        op     35252     35253                  0.01810524        87

  ==> Add operator: mvp2 -1: 37145 37146
  ==> Current qubit order: 2  3  4  5  8  9  10  11  14  16  17  19  13  12  20  21  58  59  26  29  22  15  18  27  28  67  36  37  39  40  42  44  0  1  48  71  70  62  41  55  7  32  56  23  57  6  95  66  88  33  43  45  90  35  38  51  52  84  53  83  49  79  54  82  85  34  86  89  50  65  78  31  30  73  68  25  61  60  24  76  64  72  63  69  77  80  74  46  75  47  87  81  91  92  93  94  96  97  98  99  100  101  102  103  


  ==> Energy                -305.931377853
  ==> dE                       -7.48e-05
  ==> Gradient Norm             2.61e-01
  ==> Abs. Max. Deriv.          3.74e-02
  ==> Time-Grad. (s)             138.432
  ==> Time-Energy (s)             18.196
  ==> Time-Iter. (s)             158.099

--------------------------------------------------------------------------------
CEO-ADAPT-VQE iteration: 195
--------------------------------------------------------------------------------
    gate        derivative      name       op1       op2       op3        g_unscaled   penalty
   94333       -0.00035896        op     40690     40691                 -0.04558765       127
   94334       -0.00034807        om     40690     40691                 -0.04420453       127
   40690       -0.00031396    a_iajb     40690                           -0.04489609       143
     850       -0.00031009      a_ia       850                           -0.00062018         2
   91596       -0.00023675        om     38564     38565                 -0.03432943       145
     822       -0.00022445      a_ia       822                           -0.00089779         4
   87526       -0.00021482        om     35415     35416                 -0.01911916        89
     706       -0.00021273      a_ia       706                           -0.00085093         4
   87948        0.00021263        om     35732     35733                  0.01594706        75
   87525       -0.00021121        op     35415     35416                 -0.01879738        89

  ==> Add operator: mvp2 -1: 40690 40691
  ==> Current qubit order: 2  3  4  5  8  9  10  11  14  16  17  19  13  12  20  21  58  59  26  29  22  15  18  27  28  67  36  37  39  40  42  44  0  1  48  71  70  62  41  7  32  56  23  57  6  95  66  88  33  43  45  90  35  38  52  84  53  83  49  79  55  51  54  46  82  85  34  86  89  50  65  78  31  30  73  68  25  61  60  24  76  64  72  63  69  77  80  74  75  47  87  81  91  92  93  94  96  97  98  99  100  101  102  103  


  ==> Energy                -305.932138252
  ==> dE                       -7.60e-04
  ==> Gradient Norm             2.68e-01
  ==> Abs. Max. Deriv.          4.56e-02
  ==> Time-Grad. (s)             133.078
  ==> Time-Energy (s)             17.734
  ==> Time-Iter. (s)             152.313

--------------------------------------------------------------------------------
CEO-ADAPT-VQE iteration: 196
--------------------------------------------------------------------------------
    gate        derivative      name       op1       op2       op3        g_unscaled   penalty
    1097        0.00129389      a_ia      1097                            0.00258779         2
    1221        0.00048550      a_ia      1221                            0.00097100         2
     851       -0.00030546      a_ia       851                           -0.00061091         2
    1218       -0.00029324      a_ia      1218                           -0.00586479        20
    1115       -0.00027362      a_ia      1115                           -0.01532256        56
   94376       -0.00022486        om     40852     40853                 -0.01866330        83
     823       -0.00022322      a_ia       823                           -0.00089287         4
   94375       -0.00022276        op     40852     40853                 -0.01848919        83
   45413       -0.00020972        op      4202      4203                 -0.01111514        53
   45414       -0.00020972        om      4202      4203                 -0.01111514        53

  ==> Add operator: a_ia 1097
  ==> Current qubit order: 2  3  4  5  8  9  10  11  14  16  17  19  13  12  20  21  58  59  26  29  22  15  18  27  28  67  36  37  39  40  42  44  0  1  48  71  70  62  41  7  32  56  23  57  6  95  66  88  33  43  45  90  35  38  52  84  53  83  49  79  55  51  54  46  82  85  34  86  89  50  65  78  31  30  73  68  25  61  60  24  76  64  72  63  69  77  80  74  75  47  87  81  91  92  93  94  96  97  98  99  100  101  102  103  


  ==> Energy                -305.932142147
  ==> dE                       -3.89e-06
  ==> Gradient Norm             2.60e-01
  ==> Abs. Max. Deriv.          3.74e-02
  ==> Time-Grad. (s)             137.870
  ==> Time-Energy (s)             10.929
  ==> Time-Iter. (s)             150.261

--------------------------------------------------------------------------------
CEO-ADAPT-VQE iteration: 197
--------------------------------------------------------------------------------
    gate        derivative      name       op1       op2       op3        g_unscaled   penalty
    1225        0.00048305      a_ia      1225                            0.00096610         2
   74019       -0.00029444        op     25438     25439                 -0.00971665        33
    1222       -0.00029354      a_ia      1222                           -0.00587090        20
   74020       -0.00029353        om     25438     25439                 -0.00968639        33
     854       -0.00029040      a_ia       854                           -0.00058080         2
     896        0.00028646      a_ia       896                            0.00057293         2
    1118       -0.00027243      a_ia      1118                           -0.01525586        56
     826       -0.00022845      a_ia       826                           -0.00091379         4
     938       -0.00021763      a_ia       938                           -0.00087053         4
   45387       -0.00020972        op      4213      4214                 -0.01111518        53

  ==> Add operator: a_ia 1225
  ==> Current qubit order: 2  3  4  5  8  9  10  11  14  16  17  19  13  12  20  21  58  59  26  29  22  15  18  27  28  67  36  37  39  40  42  44  0  1  48  71  70  62  41  7  32  56  23  57  6  95  66  88  33  43  45  90  35  38  52  84  53  83  49  79  55  51  54  46  82  85  34  86  89  50  65  78  31  30  73  68  25  61  60  24  76  64  72  63  69  77  80  74  75  47  87  81  91  92  93  94  96  97  98  99  100  101  102  103  


  ==> Energy                -305.932152028
  ==> dE                       -9.88e-06
  ==> Gradient Norm             2.59e-01
  ==> Abs. Max. Deriv.          3.74e-02
  ==> Time-Grad. (s)             155.518
  ==> Time-Energy (s)             11.680
  ==> Time-Iter. (s)             168.677

--------------------------------------------------------------------------------
CEO-ADAPT-VQE iteration: 198
--------------------------------------------------------------------------------
    gate        derivative      name       op1       op2       op3        g_unscaled   penalty
   86682        0.00078237        om     34911     34912                  0.02581834        33
   86681        0.00076405        op     34911     34912                  0.02521376        33
   34911        0.00052074    a_iajb     34911                            0.02551605        49
     859       -0.00029527      a_ia       859                           -0.00059054         2
    1230       -0.00029316      a_ia      1230                           -0.00586320        20
   88792        0.00028988        om     36523     36524                  0.02116137        73
   88791        0.00028988        op     36523     36524                  0.02116137        73
     901        0.00028748      a_ia       901                            0.00057495         2
    1125       -0.00027149      a_ia      1125                           -0.01520329        56
   36523        0.00023777    a_iajb     36523                            0.02116137        89

  ==> Add operator: mvp2 -1: 34911 34912
  ==> Current qubit order: 2  3  4  5  8  9  10  11  14  16  17  19  13  12  20  21  58  59  26  29  22  15  18  27  28  67  36  37  39  40  42  44  0  1  48  71  70  62  41  7  56  32  23  57  88  6  95  66  33  43  45  90  35  38  52  84  53  83  49  79  55  51  54  46  82  85  34  86  89  50  65  78  31  30  73  68  25  61  60  24  76  64  72  63  69  77  80  74  75  47  87  81  91  92  93  94  96  97  98  99  100  101  102  103  


  ==> Energy                -305.932255286
  ==> dE                       -1.03e-04
  ==> Gradient Norm             2.63e-01
  ==> Abs. Max. Deriv.          3.74e-02
  ==> Time-Grad. (s)             134.555
  ==> Time-Energy (s)             18.832
  ==> Time-Iter. (s)             155.143

--------------------------------------------------------------------------------
CEO-ADAPT-VQE iteration: 199
--------------------------------------------------------------------------------
    gate        derivative      name       op1       op2       op3        g_unscaled   penalty
   89911       -0.00030271        op     37318     37319                 -0.01241104        41
    1236       -0.00029305      a_ia      1236                           -0.00586103        20
     905        0.00028817      a_ia       905                            0.00057634         2
   78021       -0.00027977        op     28386     28387                 -0.01482758        53
   78022       -0.00027977        om     28386     28387                 -0.01482758        53
   89912       -0.00027727        om     37318     37319                 -0.01136806        41
    1129       -0.00027096      a_ia      1129                           -0.01517375        56
   78149        0.00025239        op     28478     28479                  0.01438649        57
   78150        0.00025239        om     28478     28479                  0.01438649        57
     863       -0.00025176      a_ia       863                           -0.00050351         2

  ==> Add operator: mvp2 -1: 37318 37319
  ==> Current qubit order: 2  3  4  5  8  9  10  11  14  16  17  19  13  12  20  21  58  59  26  29  22  15  18  27  28  67  36  37  39  40  42  44  0  1  48  71  70  62  41  7  56  32  23  57  88  6  95  66  33  43  45  90  35  38  52  84  53  83  49  79  55  51  54  46  82  86  85  34  78  31  89  50  65  30  73  68  25  61  60  24  76  64  72  63  69  77  80  74  75  47  87  81  91  92  93  94  96  97  98  99  100  101  102  103  


  ==> Energy                -305.932359533
  ==> dE                       -1.04e-04
  ==> Gradient Norm             2.62e-01
  ==> Abs. Max. Deriv.          3.74e-02
  ==> Time-Grad. (s)             156.463
  ==> Time-Energy (s)             17.787
  ==> Time-Iter. (s)             175.715

--------------------------------------------------------------------------------
CEO-ADAPT-VQE iteration: 200
--------------------------------------------------------------------------------
    gate        derivative      name       op1       op2       op3        g_unscaled   penalty
    1187        0.00030713      a_ia      1187                            0.00552829        18
   80427       -0.00029136        op     30449     30450                 -0.01427667        49
   80428       -0.00029136        om     30449     30450                 -0.01427667        49
    1134       -0.00027252      a_ia      1134                           -0.01526108        56
     861       -0.00026450      a_ia       861                           -0.00052900         2
     867       -0.00025262      a_ia       867                           -0.00050525         2
    1241       -0.00024461      a_ia      1241                           -0.00587073        24
   30449       -0.00021964    a_iajb     30449                           -0.01427667        65
     953       -0.00021630      a_ia       953                           -0.00086521         4
     720       -0.00020866      a_ia       720                           -0.00083462         4

  ==> Add operator: a_ia 1187
  ==> Current qubit order: 2  3  4  5  8  9  10  11  14  16  17  19  13  12  20  21  58  59  26  29  22  15  18  27  28  67  36  37  39  40  42  44  0  1  48  71  70  62  41  7  56  32  23  57  88  6  95  66  33  43  45  90  35  38  52  84  53  83  49  79  55  51  54  46  82  86  85  34  78  31  89  65  30  73  68  25  61  60  24  50  76  64  72  63  69  77  80  74  75  47  87  81  91  92  93  94  96  97  98  99  100  101  102  103  


  ==> Energy                -305.932386722
  ==> dE                       -2.72e-05
  ==> Gradient Norm             2.57e-01
  ==> Abs. Max. Deriv.          3.74e-02
  ==> Time-Grad. (s)             136.779
  ==> Time-Energy (s)            842.823
  ==> Time-Iter. (s)             981.039

--------------------------------------------------------------------------------
CEO-ADAPT-VQE iteration: 201
--------------------------------------------------------------------------------
    gate        derivative      name       op1       op2       op3        g_unscaled   penalty
    1191        0.00091838      a_ia      1191                            0.00367352         4
    1193        0.00060908      a_ia      1193                            0.00121816         2
     872       -0.00048112      a_ia       872                           -0.00096223         2
     694        0.00032539      a_ia       694                            0.00065078         2
     914       -0.00027538      a_ia       914                           -0.00110151         4
    1140       -0.00027146      a_ia      1140                           -0.01520157        56
    1247       -0.00026692      a_ia      1247                           -0.00587220        22
    1145       -0.00023240      a_ia      1145                           -0.00046479         2
     237        0.00021665      a_ia       237                            0.00173320         8
     958       -0.00021218      a_ia       958                           -0.00084872         4

  ==> Add operator: a_ia 1191
  ==> Current qubit order: 2  3  4  5  8  9  10  11  14  16  17  19  13  12  20  21  58  59  26  29  22  15  18  27  28  67  36  37  39  40  42  44  0  1  48  71  70  62  41  7  56  32  23  57  88  6  95  66  33  43  45  90  35  38  52  84  53  83  49  79  55  51  54  46  82  86  85  34  78  31  89  65  30  73  68  25  61  60  24  76  50  64  72  63  69  77  80  74  75  47  87  81  91  92  93  94  96  97  98  99  100  101  102  103  


  ==> Energy                -305.932392370
  ==> dE                       -5.65e-06
  ==> Gradient Norm             2.52e-01
  ==> Abs. Max. Deriv.          3.74e-02
  ==> Time-Grad. (s)             138.339
  ==> Time-Energy (s)             11.703
  ==> Time-Iter. (s)             151.543

--------------------------------------------------------------------------------
CEO-ADAPT-VQE iteration: 202
--------------------------------------------------------------------------------
    gate        derivative      name       op1       op2       op3        g_unscaled   penalty
    1201        0.00062167      a_ia      1201                            0.00124335         2
     875       -0.00046418      a_ia       875                           -0.00092837         2
     919       -0.00027932      a_ia       919                           -0.00111728         4
    1148       -0.00027152      a_ia      1148                           -0.01520525        56
    1255       -0.00026698      a_ia      1255                           -0.00587361        22
    1153       -0.00021779      a_ia      1153                           -0.00043559         2
     239        0.00021666      a_ia       239                            0.00173330         8
     964       -0.00021440      a_ia       964                           -0.00085758         4
     728       -0.00020426      a_ia       728                           -0.00081704         4
     843        0.00020402      a_ia       843                            0.00081608         4

  ==> Add operator: a_ia 1201
  ==> Current qubit order: 2  3  4  5  8  9  10  11  14  16  17  19  13  12  20  21  58  59  26  29  22  15  18  27  28  67  36  37  39  40  42  44  0  1  48  71  70  62  41  7  56  32  23  57  88  6  95  66  33  43  45  90  35  38  52  84  53  83  49  79  55  51  54  46  82  86  85  34  78  31  89  65  30  73  68  25  61  60  24  76  50  64  72  63  69  77  80  74  75  47  87  81  91  92  93  94  96  97  98  99  100  101  102  103  


  ==> Energy                -305.932392974
  ==> dE                       -6.04e-07
  ==> Gradient Norm             2.57e-01
  ==> Abs. Max. Deriv.          3.74e-02
  ==> Time-Grad. (s)             135.259
  ==> Time-Energy (s)              8.283
  ==> Time-Iter. (s)             144.996

--------------------------------------------------------------------------------
CEO-ADAPT-VQE iteration: 203
--------------------------------------------------------------------------------
    gate        derivative      name       op1       op2       op3        g_unscaled   penalty
     878       -0.00046460      a_ia       878                           -0.00092920         2
     922       -0.00027443      a_ia       922                           -0.00109771         4
    1151       -0.00027141      a_ia      1151                           -0.01519895        56
    1258       -0.00026700      a_ia      1258                           -0.00587405        22
    1156       -0.00021904      a_ia      1156                           -0.00043808         2
     239        0.00021781      a_ia       239                            0.00174245         8
     967       -0.00021502      a_ia       967                           -0.00086009         4
   89522        0.00020220        op     37291     37292                  0.00990804        49
     731       -0.00020185      a_ia       731                           -0.00080739         4
     846        0.00019861      a_ia       846                            0.00079443         4

  ==> Add operator: a_ia 878
  ==> Current qubit order: 2  3  4  5  8  9  10  11  14  16  17  19  13  12  20  21  58  59  26  29  22  15  18  27  28  67  36  37  39  40  42  44  0  1  48  71  70  62  41  7  56  32  23  57  88  6  95  66  33  43  45  90  35  38  52  84  53  83  49  79  55  51  54  46  82  86  85  34  78  31  89  65  30  73  68  25  61  60  24  76  50  64  72  63  69  77  80  74  75  47  87  81  91  92  93  94  96  97  98  99  100  101  102  103  


  ==> Energy                -305.932393018
  ==> dE                       -4.40e-08
  ==> Gradient Norm             2.62e-01
  ==> Abs. Max. Deriv.          3.74e-02
  ==> Time-Grad. (s)             132.587
  ==> Time-Energy (s)             11.449
  ==> Time-Iter. (s)             145.490

--------------------------------------------------------------------------------
CEO-ADAPT-VQE iteration: 204
--------------------------------------------------------------------------------
    gate        derivative      name       op1       op2       op3        g_unscaled   penalty
    1160        0.00092328      a_ia      1160                            0.00184657         2
     880       -0.00060296      a_ia       880                           -0.00120592         2
    1208        0.00058247      a_ia      1208                            0.00116494         2
    1136        0.00033379      a_ia      1136                            0.00066759         2
   89677        0.00027519        op     37257     37259                  0.01403487        51
   89678        0.00027519        op     37257     37259                  0.01403487        51
   89673        0.00027401        op     37257     37258                  0.01397440        51
   89674        0.00027401        op     37257     37258                  0.01397440        51
    1263       -0.00026894      a_ia      1263                           -0.00591660        22
    1145       -0.00026155      a_ia      1145                           -0.00052310         2

  ==> Add operator: a_ia 1160
  ==> Current qubit order: 2  3  4  5  8  9  10  11  14  16  17  19  13  12  20  21  58  59  26  29  22  15  18  27  28  67  36  37  39  40  42  44  0  1  48  71  70  62  41  7  56  32  23  57  88  6  95  66  33  43  45  90  35  38  52  84  53  83  49  79  55  51  54  46  82  86  85  34  78  31  89  65  30  73  68  25  61  60  24  76  50  64  72  63  69  77  80  74  75  47  87  81  91  92  93  94  96  97  98  99  100  101  102  103  


  ==> Energy                -305.932437315
  ==> dE                       -9.37e-07
  ==> Gradient Norm             2.60e-01
  ==> Abs. Max. Deriv.          3.74e-02
  ==> Time-Grad. (s)             236.038
  ==> Time-Energy (s)             20.435
  ==> Time-Iter. (s)             257.979

--------------------------------------------------------------------------------
CEO-ADAPT-VQE iteration: 205
--------------------------------------------------------------------------------
    gate        derivative      name       op1       op2       op3        g_unscaled   penalty
     882       -0.00061823      a_ia       882                           -0.00123647         2
    1211        0.00058093      a_ia      1211                            0.00116185         2
   94647        0.00036243        op     41183     41184                  0.03370577        93
   94648        0.00036236        om     41183     41184                  0.03369973        93
    1139        0.00034607      a_ia      1139                            0.00069213         2
   93808        0.00030962        om     40532     40533                  0.01702901        55
   41183        0.00030920    a_iajb     41183                            0.03370275       109
    1148       -0.00027890      a_ia      1148                           -0.00055780         2
    1266       -0.00026893      a_ia      1266                           -0.00591639        22
   93807        0.00025767        op     40532     40533                  0.01417202        55

  ==> Add operator: a_ia 882
  ==> Current qubit order: 2  3  4  5  8  9  10  11  14  16  17  19  13  12  20  21  58  59  26  29  22  15  18  27  28  67  36  37  39  40  42  44  0  1  48  71  70  62  41  7  56  32  23  57  88  6  95  66  33  43  45  90  35  38  52  84  53  83  49  79  55  51  54  46  82  86  85  34  78  31  89  65  30  73  68  25  61  60  24  76  50  64  72  63  69  77  80  74  75  47  87  81  91  92  93  94  96  97  98  99  100  101  102  103  


  ==> Energy                -305.932437531
  ==> dE                       -2.16e-07
  ==> Gradient Norm             2.63e-01
  ==> Abs. Max. Deriv.          3.74e-02
  ==> Time-Grad. (s)             178.801
  ==> Time-Energy (s)             31.008
  ==> Time-Iter. (s)             211.207

--------------------------------------------------------------------------------
CEO-ADAPT-VQE iteration: 206
--------------------------------------------------------------------------------
    gate        derivative      name       op1       op2       op3        g_unscaled   penalty
    1215        0.00058129      a_ia      1215                            0.00116257         2
   86194        0.00036306        om     35062     35063                  0.02432506        67
   86193        0.00036174        op     35062     35063                  0.02423625        67
    1143        0.00034282      a_ia      1143                            0.00068563         2
   89494        0.00033685        om     37561     37562                  0.02930572        87
   89493        0.00031736        op     37561     37562                  0.02761042        87
   35062        0.00029254    a_iajb     35062                            0.02428065        83
   87824        0.00028968        om     36287     36288                  0.02114651        73
   87823        0.00028968        op     36287     36288                  0.02114651        73
   37561        0.00027629    a_iajb     37561                            0.02845807       103

  ==> Add operator: a_ia 1215
  ==> Current qubit order: 2  3  4  5  8  9  10  11  14  16  17  19  13  12  20  21  58  59  26  29  22  15  18  27  28  67  36  37  39  40  42  44  0  1  48  71  70  62  41  7  56  32  23  57  88  6  95  66  33  43  45  90  35  38  52  84  53  83  49  79  55  51  54  46  82  86  85  34  78  31  89  65  30  73  68  25  61  60  24  76  50  64  72  63  69  77  80  74  75  47  87  81  91  92  93  94  96  97  98  99  100  101  102  103  


  ==> Energy                -305.932437941
  ==> dE                       -4.09e-07
  ==> Gradient Norm             2.68e-01
  ==> Abs. Max. Deriv.          3.74e-02
  ==> Time-Grad. (s)             174.032
  ==> Time-Energy (s)             27.924
  ==> Time-Iter. (s)             203.373

--------------------------------------------------------------------------------
CEO-ADAPT-VQE iteration: 207
--------------------------------------------------------------------------------
    gate        derivative      name       op1       op2       op3        g_unscaled   penalty
    1145        0.00034521      a_ia      1145                            0.00069041         2
    1154       -0.00028305      a_ia      1154                           -0.00056611         2
    1272       -0.00026894      a_ia      1272                           -0.00591679        22
     880        0.00025001      a_ia       880                            0.00050001         2
     930       -0.00023754      a_ia       930                           -0.00095014         4
     978       -0.00021494      a_ia       978                           -0.00085975         4
     244        0.00021329      a_ia       244                            0.00170633         8
      52        0.00021016      a_ia        52                            0.00336255        16
     738       -0.00020486      a_ia       738                           -0.00081943         4
    1215        0.00019768      a_ia      1215                            0.00039535         2

  ==> Add operator: a_ia 1145
  ==> Current qubit order: 2  3  4  5  8  9  10  11  14  16  17  19  13  12  20  21  58  59  26  29  22  15  18  27  28  67  36  37  39  40  42  44  0  1  48  71  70  62  41  7  56  32  23  57  88  6  95  66  33  43  45  90  35  38  52  84  53  83  49  79  55  51  54  46  82  86  85  34  78  31  89  65  30  73  68  25  61  60  24  76  50  64  72  63  69  77  80  74  75  47  87  81  91  92  93  94  96  97  98  99  100  101  102  103  


  ==> Energy                -305.932438129
  ==> dE                       -1.88e-07
  ==> Gradient Norm             2.45e-01
  ==> Abs. Max. Deriv.          3.74e-02
  ==> Time-Grad. (s)             175.098
  ==> Time-Energy (s)             29.580
  ==> Time-Iter. (s)             206.162

--------------------------------------------------------------------------------
CEO-ADAPT-VQE iteration: 208
--------------------------------------------------------------------------------
    gate        derivative      name       op1       op2       op3        g_unscaled   penalty
    1156       -0.00029949      a_ia      1156                           -0.00059897         2
    1275       -0.00026901      a_ia      1275                           -0.00591814        22
     881        0.00024242      a_ia       881                            0.00048485         2
     931       -0.00022832      a_ia       931                           -0.00091328         4
     244        0.00021694      a_ia       244                            0.00173549         8
     980       -0.00021683      a_ia       980                           -0.00086731         4
      52        0.00021022      a_ia        52                            0.00336353        16
     738       -0.00020491      a_ia       738                           -0.00081962         4
    1217        0.00020057      a_ia      1217                            0.00040113         2
   45148       -0.00019495        op      4198      4199                 -0.01696030        87

  ==> Add operator: a_ia 1156
  ==> Current qubit order: 2  3  4  5  8  9  10  11  14  16  17  19  13  12  20  21  58  59  26  29  22  15  18  27  28  67  36  37  39  40  42  44  0  1  48  71  70  62  41  7  56  32  23  57  88  6  95  66  33  43  45  90  35  38  52  84  53  83  49  79  55  51  54  46  82  86  85  34  78  31  89  65  30  73  68  25  61  60  24  76  50  64  72  63  69  77  80  74  75  47  87  81  91  92  93  94  96  97  98  99  100  101  102  103  


  ==> Energy                -305.932438242
  ==> dE                       -1.13e-07
  ==> Gradient Norm             2.58e-01
  ==> Abs. Max. Deriv.          3.74e-02
  ==> Time-Grad. (s)             168.399
  ==> Time-Energy (s)             31.651
  ==> Time-Iter. (s)             201.506

--------------------------------------------------------------------------------
CEO-ADAPT-VQE iteration: 209
--------------------------------------------------------------------------------
    gate        derivative      name       op1       op2       op3        g_unscaled   penalty
   89533       -0.00031222        op     37517     37518                 -0.01529884        49
   90358        0.00031216        om     38155     38156                  0.02653332        85
   90357        0.00031215        op     38155     38156                  0.02653260        85
   89534       -0.00029488        om     37517     37518                 -0.01444916        49
    1279       -0.00026903      a_ia      1279                           -0.00591864        22
   38155        0.00026270    a_iajb     38155                            0.02653296       101
     882        0.00023852      a_ia       882                            0.00047704         2
   37517       -0.00022883    a_iajb     37517                           -0.01487400        65
     933       -0.00022473      a_ia       933                           -0.00089891         4
     244        0.00021863      a_ia       244                            0.00174903         8

  ==> Add operator: mvp2 -1: 37517 37518
  ==> Current qubit order: 2  3  4  5  8  9  10  11  14  16  17  19  13  12  20  21  58  59  26  29  22  15  18  27  28  67  36  37  39  40  42  44  0  1  48  71  70  62  41  7  56  32  23  57  88  6  95  66  33  43  45  90  35  38  52  84  53  83  49  79  55  51  54  82  46  85  78  31  86  34  89  65  30  73  68  25  61  60  24  76  50  64  72  63  69  77  80  74  75  47  87  81  91  92  93  94  96  97  98  99  100  101  102  103  


  ==> Energy                -305.932534751
  ==> dE                       -9.65e-05
  ==> Gradient Norm             2.57e-01
  ==> Abs. Max. Deriv.          3.74e-02
  ==> Time-Grad. (s)             172.793
  ==> Time-Energy (s)             55.800
  ==> Time-Iter. (s)             230.056

--------------------------------------------------------------------------------
CEO-ADAPT-VQE iteration: 210
--------------------------------------------------------------------------------
    gate        derivative      name       op1       op2       op3        g_unscaled   penalty
     938       -0.00044850      a_ia       938                           -0.00089700         2
    1283        0.00033117      a_ia      1283                            0.00066233         2
    1168       -0.00027442      a_ia      1168                           -0.00054884         2
    1288       -0.00026997      a_ia      1288                           -0.00593940        22
     989       -0.00021911      a_ia       989                           -0.00087642         4
     245        0.00021886      a_ia       245                            0.00175091         8
      52        0.00020992      a_ia        52                            0.00335873        16
    1229        0.00020950      a_ia      1229                            0.00041900         2
     742       -0.00020921      a_ia       742                           -0.00083684         4
   45099       -0.00019495        op      4231      4232                 -0.01696035        87

  ==> Add operator: a_ia 938
  ==> Current qubit order: 2  3  4  5  8  9  10  11  14  16  17  19  13  12  20  21  58  59  26  29  22  15  18  27  28  67  36  37  39  40  42  44  0  1  48  71  70  62  41  7  56  32  23  57  88  6  95  66  33  43  45  90  35  38  52  84  53  83  49  79  55  51  54  82  46  85  78  31  86  34  89  65  30  73  68  25  61  60  24  76  50  64  72  63  69  77  80  74  75  47  87  81  91  92  93  94  96  97  98  99  100  101  102  103  


  ==> Energy                -305.932535037
  ==> dE                       -2.86e-07
  ==> Gradient Norm             2.59e-01
  ==> Abs. Max. Deriv.          3.74e-02
  ==> Time-Grad. (s)             216.824
  ==> Time-Energy (s)             31.181
  ==> Time-Iter. (s)             249.441

--------------------------------------------------------------------------------
CEO-ADAPT-VQE iteration: 211
--------------------------------------------------------------------------------
    gate        derivative      name       op1       op2       op3        g_unscaled   penalty
   87696        0.00067103        om     36198     36199                  0.02751223        41
   87695        0.00067103        op     36198     36199                  0.02751221        41
   36198        0.00048267    a_iajb     36198                            0.02751222        57
    1288        0.00033112      a_ia      1288                            0.00066225         2
    1293       -0.00026998      a_ia      1293                           -0.00593946        22
    1173       -0.00026474      a_ia      1173                           -0.00052949         2
     992       -0.00021985      a_ia       992                           -0.00087942         4
     246        0.00021980      a_ia       246                            0.00175843         8
    1234        0.00021072      a_ia      1234                            0.00042144         2
      52        0.00020980      a_ia        52                            0.00335681        16

  ==> Add operator: om -1: 36198 36199
  ==> Current qubit order: 2  3  4  5  8  9  10  11  14  16  17  19  13  12  20  21  26  58  59  29  28  22  15  18  27  67  36  37  39  40  42  44  0  1  48  71  70  62  41  7  56  32  23  57  88  6  95  66  33  43  45  90  35  38  52  84  53  83  49  79  55  51  54  82  46  85  78  31  86  34  89  65  30  73  68  25  61  60  24  76  50  64  72  63  69  77  80  74  75  47  87  81  91  92  93  94  96  97  98  99  100  101  102  103  


  ==> Energy                -305.932643205
  ==> dE                       -1.08e-04
  ==> Gradient Norm             2.62e-01
  ==> Abs. Max. Deriv.          3.74e-02
  ==> Time-Grad. (s)             172.056
  ==> Time-Energy (s)             30.327
  ==> Time-Iter. (s)             203.844

--------------------------------------------------------------------------------
CEO-ADAPT-VQE iteration: 212
--------------------------------------------------------------------------------
    gate        derivative      name       op1       op2       op3        g_unscaled   penalty
    1257       -0.00098259      a_ia      1257                           -0.00786070         8
    1292        0.00033116      a_ia      1292                            0.00066231         2
    1297       -0.00026997      a_ia      1297                           -0.00593940        22
    1176       -0.00026516      a_ia      1176                           -0.00053031         2
     995       -0.00021986      a_ia       995                           -0.00087946         4
     247        0.00021968      a_ia       247                            0.00175741         8
      52        0.00020965      a_ia        52                            0.00335448        16
    1237        0.00020923      a_ia      1237                            0.00041845         2
     747       -0.00020834      a_ia       747                           -0.00083337         4
   89001        0.00019961        op     37209     37210                  0.01137764        57

  ==> Add operator: a_ia 1257
  ==> Current qubit order: 2  3  4  5  8  9  10  11  14  16  17  19  13  12  20  21  26  58  59  29  28  22  15  18  27  67  36  37  39  40  42  44  0  1  48  71  70  62  41  7  56  32  23  57  88  6  95  66  33  43  45  90  35  38  52  84  53  49  79  55  83  51  54  82  46  85  78  31  86  34  89  65  30  73  68  25  61  60  24  76  50  64  72  63  69  77  80  74  75  47  87  81  91  92  93  94  96  97  98  99  100  101  102  103  


  ==> Energy                -305.932658639
  ==> dE                       -1.54e-05
  ==> Gradient Norm             2.52e-01
  ==> Abs. Max. Deriv.          3.74e-02
  ==> Time-Grad. (s)             230.041
  ==> Time-Energy (s)             29.572
  ==> Time-Iter. (s)             261.067

--------------------------------------------------------------------------------
CEO-ADAPT-VQE iteration: 213
--------------------------------------------------------------------------------
    gate        derivative      name       op1       op2       op3        g_unscaled   penalty
    1297        0.00033345      a_ia      1297                            0.00066689         2
    1180       -0.00031283      a_ia      1180                           -0.00062566         2
    1271       -0.00027301      a_ia      1271                           -0.00655215        24
    1302       -0.00024754      a_ia      1302                           -0.00594102        24
     901       -0.00023550      a_ia       901                           -0.00047099         2
     999       -0.00022126      a_ia       999                           -0.00088504         4
     247        0.00021680      a_ia       247                            0.00173439         8
      52        0.00021042      a_ia        52                            0.00336673        16
     750       -0.00020616      a_ia       750                           -0.00082464         4
   45117       -0.00019954        op      4273      4274                 -0.01696068        85

  ==> Add operator: a_ia 1297
  ==> Current qubit order: 2  3  4  5  8  9  10  11  14  16  17  19  13  12  20  21  26  58  59  29  28  22  15  18  27  67  36  37  39  40  42  44  0  1  48  71  70  62  41  7  56  32  23  57  88  6  95  66  33  43  45  90  35  38  52  84  53  49  79  55  83  51  54  82  46  85  78  31  86  34  89  65  30  73  68  25  61  60  24  76  50  64  72  63  69  77  80  74  75  47  87  81  91  92  93  94  96  97  98  99  100  101  102  103  


  ==> Energy                -305.932663151
  ==> dE                       -4.51e-06
  ==> Gradient Norm             2.62e-01
  ==> Abs. Max. Deriv.          3.74e-02
  ==> Time-Grad. (s)             227.061
  ==> Time-Energy (s)             25.029
  ==> Time-Iter. (s)             253.566

--------------------------------------------------------------------------------
CEO-ADAPT-VQE iteration: 214
--------------------------------------------------------------------------------
    gate        derivative      name       op1       op2       op3        g_unscaled   penalty
    1271       -0.00027329      a_ia      1271                           -0.00655884        24
    1302       -0.00024759      a_ia      1302                           -0.00594215        24
     901       -0.00024000      a_ia       901                           -0.00047999         2
    1180       -0.00023295      a_ia      1180                           -0.00046590         2
     999       -0.00022140      a_ia       999                           -0.00088559         4
     247        0.00021647      a_ia       247                            0.00173179         8
      52        0.00021043      a_ia        52                            0.00336690        16
     750       -0.00020567      a_ia       750                           -0.00082269         4
   45110       -0.00019954        op      4279      4280                 -0.01696072        85
   45111       -0.00019954        om      4279      4280                 -0.01696072        85

  ==> Add operator: a_ia 1271
  ==> Current qubit order: 2  3  4  5  8  9  10  11  14  16  17  19  13  12  20  21  26  58  59  29  28  22  15  18  27  67  36  37  39  40  42  44  0  1  48  71  70  62  41  7  56  32  23  57  88  6  95  66  33  43  45  90  35  38  84  53  49  79  55  83  51  54  82  46  85  52  78  31  86  34  89  65  30  73  68  25  61  60  24  76  50  64  72  63  69  77  80  74  75  47  87  81  91  92  93  94  96  97  98  99  100  101  102  103  


  ==> Energy                -305.932966504
  ==> dE                       -3.03e-04
  ==> Gradient Norm             2.58e-01
  ==> Abs. Max. Deriv.          3.74e-02
  ==> Time-Grad. (s)             169.959
  ==> Time-Energy (s)             28.717
  ==> Time-Iter. (s)             200.152

--------------------------------------------------------------------------------
CEO-ADAPT-VQE iteration: 215
--------------------------------------------------------------------------------
    gate        derivative      name       op1       op2       op3        g_unscaled   penalty
    1182       -0.00047236      a_ia      1182                           -0.00094471         2
    1172       -0.00044141      a_ia      1172                           -0.00176564         4
     903       -0.00026989      a_ia       903                           -0.00053978         2
    1304       -0.00022871      a_ia      1304                           -0.00594658        26
    1001       -0.00022226      a_ia      1001                           -0.00088905         4
   86442        0.00022139        op     35441     35442                  0.01394788        63
   86443        0.00022138        om     35441     35442                  0.01394714        63
   90038        0.00021750        op     38170     38171                  0.01674766        77
   90039        0.00021750        op     38170     38171                  0.01674766        77
     248        0.00021638      a_ia       248                            0.00173101         8

  ==> Add operator: a_ia 1182
  ==> Current qubit order: 2  3  4  5  8  9  10  11  14  16  17  19  13  12  20  21  26  58  59  29  28  22  15  18  27  67  36  37  39  40  42  44  0  1  48  71  70  62  41  7  56  32  23  57  88  6  95  66  33  43  45  90  35  38  84  53  49  79  55  83  51  54  82  46  85  52  78  31  86  34  89  65  30  73  68  25  61  60  24  76  50  64  72  63  69  77  80  74  75  47  87  81  91  92  93  94  96  97  98  99  100  101  102  103  


  ==> Energy                -305.932966743
  ==> dE                       -2.39e-07
  ==> Gradient Norm             2.61e-01
  ==> Abs. Max. Deriv.          3.74e-02
  ==> Time-Grad. (s)             172.972
  ==> Time-Energy (s)             22.098
  ==> Time-Iter. (s)             196.505

--------------------------------------------------------------------------------
CEO-ADAPT-VQE iteration: 216
--------------------------------------------------------------------------------
    gate        derivative      name       op1       op2       op3        g_unscaled   penalty
    1177       -0.00044074      a_ia      1177                           -0.00176296         4
   85787       -0.00027766        om     34921     34922                 -0.01360542        49
   85786       -0.00027756        op     34921     34922                 -0.01360049        49
   89833        0.00027465        om     38004     38005                  0.02444420        89
   89832        0.00027451        op     38004     38005                  0.02443138        89
     907       -0.00026172      a_ia       907                           -0.00052344         2
   38004        0.00023274    a_iajb     38004                            0.02443779       105
    1310       -0.00022874      a_ia      1310                           -0.00594731        26
    1006       -0.00022335      a_ia      1006                           -0.00089339         4
   45081       -0.00021896        om      4259      4260                 -0.00985300        45

  ==> Add operator: a_ia 1177
  ==> Current qubit order: 2  3  4  5  8  9  10  11  14  16  17  19  13  12  20  21  26  58  59  29  28  22  15  18  27  67  36  37  39  40  42  44  0  1  48  71  70  62  41  7  56  32  23  57  88  6  95  66  33  43  45  90  35  38  84  53  49  79  55  83  51  54  82  85  46  52  78  31  86  34  89  65  30  73  68  25  61  60  24  76  50  64  72  63  69  77  80  74  75  47  87  81  91  92  93  94  96  97  98  99  100  101  102  103  


  ==> Energy                -305.932968882
  ==> dE                       -2.14e-06
  ==> Gradient Norm             2.58e-01
  ==> Abs. Max. Deriv.          3.74e-02
  ==> Time-Grad. (s)             168.749
  ==> Time-Energy (s)             28.864
  ==> Time-Iter. (s)             199.063

--------------------------------------------------------------------------------
CEO-ADAPT-VQE iteration: 217
--------------------------------------------------------------------------------
    gate        derivative      name       op1       op2       op3        g_unscaled   penalty
    1271       -0.00028989      a_ia      1271                           -0.00057978         2
     909       -0.00027031      a_ia       909                           -0.00054063         2
    1313       -0.00022883      a_ia      1313                           -0.00594969        26
    1251        0.00022418      a_ia      1251                            0.00044835         2
     250        0.00021956      a_ia       250                            0.00175645         8
   45100       -0.00021894        om      4269      4270                 -0.00985249        45
   45099       -0.00021894        op      4269      4270                 -0.00985246        45
    1009       -0.00021567      a_ia      1009                           -0.00086270         4
      53        0.00021293      a_ia        53                            0.00340691        16
     758       -0.00021031      a_ia       758                           -0.00084124         4

  ==> Add operator: a_ia 1271
  ==> Current qubit order: 2  3  4  5  8  9  10  11  14  16  17  19  13  12  20  21  26  58  59  29  28  22  15  18  27  67  36  37  39  40  42  44  0  1  48  71  70  62  41  7  56  32  23  57  88  6  95  66  33  43  45  90  35  38  84  53  49  79  55  83  51  54  82  85  46  52  78  31  86  34  89  65  30  73  68  25  61  60  24  76  50  64  72  63  69  77  80  74  75  47  87  81  91  92  93  94  96  97  98  99  100  101  102  103  


  ==> Energy                -305.932968982
  ==> dE                       -9.97e-08
  ==> Gradient Norm             2.70e-01
  ==> Abs. Max. Deriv.          3.74e-02
  ==> Time-Grad. (s)             231.604
  ==> Time-Energy (s)             25.152
  ==> Time-Iter. (s)             258.224

--------------------------------------------------------------------------------
CEO-ADAPT-VQE iteration: 218
--------------------------------------------------------------------------------
    gate        derivative      name       op1       op2       op3        g_unscaled   penalty
     912       -0.00027502      a_ia       912                           -0.00055004         2
    1316       -0.00022884      a_ia      1316                           -0.00594983        26
    1254        0.00022231      a_ia      1254                            0.00044462         2
     251        0.00021932      a_ia       251                            0.00175458         8
   45122       -0.00021894        om      4278      4279                 -0.00985250        45
   45121       -0.00021894        op      4278      4279                 -0.00985247        45
    1012       -0.00021579      a_ia      1012                           -0.00086316         4
      54        0.00021300      a_ia        54                            0.00340792        16
     761       -0.00021013      a_ia       761                           -0.00084053         4
   45674        0.00020415        om      4830      4831                  0.02470178       121

  ==> Add operator: a_ia 912
  ==> Current qubit order: 2  3  4  5  8  9  10  11  14  16  17  19  13  12  20  21  26  58  59  29  28  22  15  18  27  67  36  37  39  40  42  44  0  1  48  71  70  62  41  7  56  32  23  57  88  6  95  66  33  43  45  90  35  38  84  53  49  79  55  83  51  54  82  85  46  52  78  31  86  34  89  65  30  73  68  25  61  60  24  76  50  64  72  63  69  77  80  74  75  47  87  81  91  92  93  94  96  97  98  99  100  101  102  103  


  ==> Energy                -305.932968983
  ==> dE                       -7.12e-10
  ==> Gradient Norm             2.64e-01
  ==> Abs. Max. Deriv.          3.74e-02
  ==> Time-Grad. (s)             171.548
  ==> Time-Energy (s)             25.952
  ==> Time-Iter. (s)             198.966

--------------------------------------------------------------------------------
CEO-ADAPT-VQE iteration: 219
--------------------------------------------------------------------------------
    gate        derivative      name       op1       op2       op3        g_unscaled   penalty
   88107       -0.00030866        op     36916     36917                 -0.01882855        61
   88108       -0.00030866        om     36916     36917                 -0.01882855        61
     913       -0.00029642      a_ia       913                           -0.00059284         2
   36916       -0.00024453    a_iajb     36916                           -0.01882855        77
    1318       -0.00022884      a_ia      1318                           -0.00594983        26
    1256        0.00022250      a_ia      1256                            0.00044500         2
   88715       -0.00022102        op     37380     37381                 -0.02232264       101
   88716       -0.00022102        op     37380     37381                 -0.02232264       101
     251        0.00021923      a_ia       251                            0.00175385         8
   44998       -0.00021894        om      4291      4292                 -0.00985249        45

  ==> Add operator: op -1: 36916 36917
  ==> Current qubit order: 2  3  4  5  8  9  10  11  14  16  17  19  13  12  20  21  26  58  59  29  28  22  15  18  27  67  36  37  39  40  42  44  0  1  48  71  70  62  41  7  56  32  23  57  88  6  95  66  33  43  45  90  35  38  84  53  49  79  55  83  51  54  82  85  46  52  78  86  34  89  65  73  68  31  30  60  69  25  61  24  76  50  64  72  63  77  80  74  75  47  87  81  91  92  93  94  96  97  98  99  100  101  102  103  


  ==> Energy                -305.933018862
  ==> dE                       -4.99e-05
  ==> Gradient Norm             2.60e-01
  ==> Abs. Max. Deriv.          3.74e-02
  ==> Time-Grad. (s)             173.214
  ==> Time-Energy (s)             26.794
  ==> Time-Iter. (s)             201.466

--------------------------------------------------------------------------------
CEO-ADAPT-VQE iteration: 220
--------------------------------------------------------------------------------
    gate        derivative      name       op1       op2       op3        g_unscaled   penalty
     917       -0.00029584      a_ia       917                           -0.00059169         2
   88186        0.00027681        op     36959     36960                  0.01079576        39
   88187        0.00027465        om     36959     36960                  0.01071143        39
   73004       -0.00025505        op     25416     25417                 -0.02167903        85
    1323       -0.00024791      a_ia      1323                           -0.00594978        24
   87330       -0.00022344        op     36310     36311                 -0.00782028        35
   87331       -0.00022331        om     36310     36311                 -0.00781584        35
    1260        0.00022276      a_ia      1260                            0.00044551         2
     252        0.00021930      a_ia       252                            0.00175437         8
   45025       -0.00021894        om      4306      4307                 -0.00985237        45

  ==> Add operator: a_ia 917
  ==> Current qubit order: 2  3  4  5  8  9  10  11  14  16  17  19  13  12  20  21  26  58  59  29  28  22  15  18  27  67  36  37  39  40  42  44  0  1  48  71  70  62  41  7  56  32  23  57  88  6  95  66  33  43  45  90  35  38  84  53  49  79  55  83  51  54  82  85  46  52  78  86  34  89  65  73  68  31  30  60  69  25  61  24  76  50  64  72  63  77  80  74  75  47  87  81  91  92  93  94  96  97  98  99  100  101  102  103  


  ==> Energy                -305.933018862
  ==> dE                       -4.15e-12
  ==> Gradient Norm             2.60e-01
  ==> Abs. Max. Deriv.          3.74e-02
  ==> Time-Grad. (s)             225.582
  ==> Time-Energy (s)             25.117
  ==> Time-Iter. (s)             252.173

--------------------------------------------------------------------------------
CEO-ADAPT-VQE iteration: 221
--------------------------------------------------------------------------------
    gate        derivative      name       op1       op2       op3        g_unscaled   penalty
     918       -0.00029627      a_ia       918                           -0.00059254         2
   89057        0.00029169        om     37444     37445                  0.02070988        71
   89056        0.00028807        op     37444     37445                  0.02045273        71
    1326       -0.00024791      a_ia      1326                           -0.00594978        24
   90367        0.00023740        om     38442     38443                  0.02160340        91
   37444        0.00023657    a_iajb     37444                            0.02058130        87
    1263        0.00022276      a_ia      1263                            0.00044552         2
     252        0.00021929      a_ia       252                            0.00175435         8
   45097       -0.00021894        om      4323      4324                 -0.00985237        45
   45096       -0.00021894        op      4323      4324                 -0.00985234        45

  ==> Add operator: a_ia 918
  ==> Current qubit order: 2  3  4  5  8  9  10  11  14  16  17  19  13  12  20  21  26  58  59  29  28  22  15  18  27  67  36  37  39  40  42  44  0  1  48  71  70  62  41  7  56  32  23  57  88  6  95  66  33  43  45  90  35  38  84  53  49  79  55  83  51  54  82  85  46  52  78  86  34  89  65  73  68  31  30  60  69  25  61  24  76  50  64  72  63  77  80  74  75  47  87  81  91  92  93  94  96  97  98  99  100  101  102  103  


  ==> Energy                -305.933018862
  ==> dE                        1.14e-13
  ==> Gradient Norm             2.59e-01
  ==> Abs. Max. Deriv.          3.74e-02
  ==> Time-Grad. (s)             222.634
  ==> Time-Energy (s)             23.626
  ==> Time-Iter. (s)             247.723

--------------------------------------------------------------------------------
CEO-ADAPT-VQE iteration: 222
--------------------------------------------------------------------------------
    gate        derivative      name       op1       op2       op3        g_unscaled   penalty
   82133        0.00058444        op     32431     32432                  0.02629988        45
   82134        0.00058444        om     32431     32432                  0.02629988        45
   32431        0.00043115    a_iajb     32431                            0.02629988        61
     918       -0.00029627      a_ia       918                           -0.00059254         2
    1327       -0.00024791      a_ia      1327                           -0.00594978        24
    1264        0.00022276      a_ia      1264                            0.00044552         2
     252        0.00021929      a_ia       252                            0.00175435         8
   45044       -0.00021894        om      4332      4333                 -0.00985237        45
   45043       -0.00021894        op      4332      4333                 -0.00985234        45
    1018       -0.00021571      a_ia      1018                           -0.00086282         4

  ==> Add operator: op -1: 32431 32432
  ==> Current qubit order: 2  3  4  5  8  9  10  11  14  16  17  13  12  20  19  58  59  28  21  26  29  22  15  18  27  67  36  37  39  40  42  44  0  1  48  71  70  62  41  7  56  32  23  57  88  6  95  66  33  43  45  90  35  38  84  53  49  79  55  83  51  54  82  85  46  52  78  86  34  89  65  73  68  31  30  60  69  25  61  24  76  50  64  72  63  77  80  74  75  47  87  81  91  92  93  94  96  97  98  99  100  101  102  103  


  ==> Energy                -305.933115339
  ==> dE                       -9.65e-05
  ==> Gradient Norm             2.59e-01
  ==> Abs. Max. Deriv.          3.74e-02
  ==> Time-Grad. (s)             166.325
  ==> Time-Energy (s)             23.599
  ==> Time-Iter. (s)             191.380

--------------------------------------------------------------------------------
CEO-ADAPT-VQE iteration: 223
--------------------------------------------------------------------------------
    gate        derivative      name       op1       op2       op3        g_unscaled   penalty
     607        0.00040757      a_ia       607                            0.00163029         4
     921       -0.00029558      a_ia       921                           -0.00059117         2
   72238        0.00025460        om     24834     24835                  0.02164125        85
    1333       -0.00024791      a_ia      1333                           -0.00594977        24
   72237        0.00024775        op     24834     24835                  0.02105852        85
     843        0.00024517      a_ia       843                            0.00098066         4
    1270        0.00022214      a_ia      1270                            0.00044429         2
     253        0.00021913      a_ia       253                            0.00175304         8
   45046       -0.00021894        om      4353      4354                 -0.00985229        45
   45045       -0.00021894        op      4353      4354                 -0.00985226        45

  ==> Add operator: a_ia 607
  ==> Current qubit order: 2  3  4  5  8  9  10  11  14  16  17  13  12  20  58  19  59  28  21  26  29  22  15  18  27  67  36  37  39  40  42  44  0  1  48  71  70  62  41  7  56  32  23  57  88  6  95  66  33  43  45  90  35  38  84  53  49  79  55  83  51  54  82  85  46  52  78  86  34  89  65  73  68  31  30  60  69  25  61  24  76  50  64  72  63  77  80  74  75  47  87  81  91  92  93  94  96  97  98  99  100  101  102  103  


  ==> Energy                -305.933116362
  ==> dE                       -1.02e-06
  ==> Gradient Norm             2.67e-01
  ==> Abs. Max. Deriv.          3.74e-02
  ==> Time-Grad. (s)             228.690
  ==> Time-Energy (s)             31.098
  ==> Time-Iter. (s)             261.240

--------------------------------------------------------------------------------
CEO-ADAPT-VQE iteration: 224
--------------------------------------------------------------------------------
    gate        derivative      name       op1       op2       op3        g_unscaled   penalty
   92985        0.00050395        op     40473     40474                  0.05089883       101
   92986        0.00049914        om     40473     40474                  0.05041319       101
   40473        0.00043296    a_iajb     40473                            0.05065601       117
     923       -0.00029583      a_ia       923                           -0.00059167         2
    1335       -0.00024789      a_ia      1335                           -0.00594936        24
    1272        0.00022645      a_ia      1272                            0.00045291         2
   45110       -0.00021894        om      4366      4367                 -0.00985235        45
   45109       -0.00021894        op      4366      4367                 -0.00985232        45
     253        0.00021741      a_ia       253                            0.00173929         8
    1023       -0.00021535      a_ia      1023                           -0.00086141         4

  ==> Add operator: mvp2 -1: 40473 40474
  ==> Current qubit order: 2  3  4  5  8  9  10  11  14  16  17  13  12  20  58  19  59  28  21  26  29  22  15  18  27  67  36  37  39  40  42  44  0  1  48  71  70  62  41  7  56  32  23  57  88  6  95  66  33  43  45  90  35  38  84  53  49  79  55  51  54  85  52  78  86  34  83  82  46  47  89  65  73  68  31  30  60  69  25  61  24  76  50  64  72  63  77  80  74  75  87  81  91  92  93  94  96  97  98  99  100  101  102  103  


  ==> Energy                -305.933435974
  ==> dE                       -3.20e-04
  ==> Gradient Norm             2.71e-01
  ==> Abs. Max. Deriv.          5.09e-02
  ==> Time-Grad. (s)             176.569
  ==> Time-Energy (s)             50.822
  ==> Time-Iter. (s)             228.825

--------------------------------------------------------------------------------
CEO-ADAPT-VQE iteration: 225
--------------------------------------------------------------------------------
    gate        derivative      name       op1       op2       op3        g_unscaled   penalty
    1223        0.00088579      a_ia      1223                            0.00354316         4
   89357        0.00063550        op     38030     38031                  0.02605553        41
   89358        0.00059595        om     38030     38031                  0.02443376        41
   38030        0.00044289    a_iajb     38030                            0.02524465        57
   92282        0.00035844        om     40234     40235                  0.02258142        63
   92281        0.00032943        op     40234     40235                  0.02075380        63
     925       -0.00031426      a_ia       925                           -0.00062853         2
   40234        0.00027427    a_iajb     40234                            0.02166761        79
     760       -0.00025491      a_ia       760                           -0.00458841        18
   92472       -0.00024944        om     40382     40383                 -0.02419556        97

  ==> Add operator: a_ia 1223
  ==> Current qubit order: 2  3  4  5  8  9  10  11  14  16  17  13  12  20  58  19  59  28  21  26  29  22  15  18  27  67  36  37  39  40  42  44  0  1  48  71  70  62  41  7  56  32  23  57  88  6  95  66  33  43  45  90  35  38  84  53  49  79  55  51  54  85  52  78  86  34  83  82  46  89  47  65  73  68  31  30  60  69  25  61  24  76  50  64  72  63  77  80  74  75  87  81  91  92  93  94  96  97  98  99  100  101  102  103  


  ==> Energy                -305.933475964
  ==> dE                       -4.00e-05
  ==> Gradient Norm             2.59e-01
  ==> Abs. Max. Deriv.          3.74e-02
  ==> Time-Grad. (s)             169.060
  ==> Time-Energy (s)           1374.869
  ==> Time-Iter. (s)            1545.386

--------------------------------------------------------------------------------
CEO-ADAPT-VQE iteration: 226
--------------------------------------------------------------------------------
    gate        derivative      name       op1       op2       op3        g_unscaled   penalty
     610        0.00069909      a_ia       610                            0.00139819         2
     926       -0.00060344      a_ia       926                           -0.00120689         2
    1278        0.00058564      a_ia      1278                            0.00117129         2
    1276        0.00037022      a_ia      1276                            0.00074043         2
     761       -0.00028138      a_ia       761                           -0.00450202        16
    1224        0.00023898      a_ia      1224                            0.00047795         2
    1339       -0.00022843      a_ia      1339                           -0.00593925        26
     254        0.00021951      a_ia       254                            0.00175607         8
    1026       -0.00021885      a_ia      1026                           -0.00087541         4
   45099       -0.00021879        om      4384      4385                 -0.00984556        45

  ==> Add operator: a_ia 610
  ==> Current qubit order: 2  3  4  5  8  9  10  11  14  16  17  13  12  20  58  19  59  28  21  26  29  22  15  18  27  67  36  37  39  40  42  44  0  1  48  71  70  62  41  7  56  32  23  57  88  6  95  66  33  43  45  90  35  38  84  53  49  79  55  51  54  85  52  78  86  34  83  82  46  89  47  65  73  68  31  30  60  69  25  61  24  76  50  64  72  63  77  80  74  75  87  81  91  92  93  94  96  97  98  99  100  101  102  103  


  ==> Energy                -305.933476788
  ==> dE                       -8.23e-07
  ==> Gradient Norm             2.54e-01
  ==> Abs. Max. Deriv.          3.74e-02
  ==> Time-Grad. (s)             234.495
  ==> Time-Energy (s)             36.387
  ==> Time-Iter. (s)             272.430

--------------------------------------------------------------------------------
CEO-ADAPT-VQE iteration: 227
--------------------------------------------------------------------------------
    gate        derivative      name       op1       op2       op3        g_unscaled   penalty
     926       -0.00060369      a_ia       926                           -0.00120738         2
    1279        0.00058156      a_ia      1279                            0.00116313         2
    1277        0.00037431      a_ia      1277                            0.00074863         2
     761       -0.00028143      a_ia       761                           -0.00450293        16
    1225        0.00023382      a_ia      1225                            0.00046764         2
    1340       -0.00022842      a_ia      1340                           -0.00593883        26
   45082       -0.00021879        om      4395      4396                 -0.00984559        45
   45081       -0.00021879        op      4395      4396                 -0.00984556        45
    1027       -0.00021856      a_ia      1027                           -0.00087424         4
     254        0.00021788      a_ia       254                            0.00174305         8

  ==> Add operator: a_ia 926
  ==> Current qubit order: 2  3  4  5  8  9  10  11  14  16  17  13  12  20  58  19  59  28  21  26  29  22  15  18  27  67  36  37  39  40  42  44  0  1  48  71  70  62  41  7  56  32  23  57  88  6  95  66  33  43  45  90  35  38  84  53  49  79  55  51  54  85  52  78  86  34  83  82  46  89  47  65  73  68  31  30  60  69  25  61  24  76  50  64  72  63  77  80  74  75  87  81  91  92  93  94  96  97  98  99  100  101  102  103  


  ==> Energy                -305.933476951
  ==> dE                       -1.63e-07
  ==> Gradient Norm             2.52e-01
  ==> Abs. Max. Deriv.          3.74e-02
  ==> Time-Grad. (s)             173.998
  ==> Time-Energy (s)             34.171
  ==> Time-Iter. (s)             209.655

--------------------------------------------------------------------------------
CEO-ADAPT-VQE iteration: 228
--------------------------------------------------------------------------------
    gate        derivative      name       op1       op2       op3        g_unscaled   penalty
    1279        0.00058185      a_ia      1279                            0.00116371         2
    1277        0.00037122      a_ia      1277                            0.00074244         2
   88641        0.00032684        om     37402     37403                  0.01078575        33
   88640        0.00032484        op     37402     37403                  0.01071968        33
     761       -0.00028144      a_ia       761                           -0.00450300        16
     926       -0.00025623      a_ia       926                           -0.00051245         2
    1225        0.00023096      a_ia      1225                            0.00046192         2
    1341       -0.00022842      a_ia      1341                           -0.00593886        26
   37402        0.00021944    a_iajb     37402                            0.01075271        49
     254        0.00021935      a_ia       254                            0.00175479         8

  ==> Add operator: a_ia 1279
  ==> Current qubit order: 2  3  4  5  8  9  10  11  14  16  17  13  12  20  58  19  59  28  21  26  29  22  15  18  27  67  36  37  39  40  42  44  0  1  48  71  70  62  41  7  56  32  23  57  88  6  95  66  33  43  45  90  35  38  84  53  49  79  55  51  54  85  52  78  86  34  83  82  46  89  47  65  73  68  31  30  60  69  25  61  24  76  50  64  72  63  77  80  74  75  87  81  91  92  93  94  96  97  98  99  100  101  102  103  


  ==> Energy                -305.933477449
  ==> dE                       -4.98e-07
  ==> Gradient Norm             2.55e-01
  ==> Abs. Max. Deriv.          3.74e-02
  ==> Time-Grad. (s)             167.727
  ==> Time-Energy (s)             26.745
  ==> Time-Iter. (s)             195.949

--------------------------------------------------------------------------------
CEO-ADAPT-VQE iteration: 229
--------------------------------------------------------------------------------
    gate        derivative      name       op1       op2       op3        g_unscaled   penalty
    1280        0.00037411      a_ia      1280                            0.00074821         2
   83970       -0.00028402        op     33818     33819                 -0.03436669       121
     763       -0.00028144      a_ia       763                           -0.00450300        16
   83971       -0.00027857        om     33818     33819                 -0.03370664       121
     928       -0.00025661      a_ia       928                           -0.00051323         2
   33818       -0.00024844    a_iajb     33818                           -0.03403666       137
    1344       -0.00022844      a_ia      1344                           -0.00593932        26
    1228        0.00022643      a_ia      1228                            0.00045286         2
   87842       -0.00022301        op     36739     36740                 -0.01761805        79
   87843       -0.00022301        op     36739     36740                 -0.01761805        79

  ==> Add operator: a_ia 1280
  ==> Current qubit order: 2  3  4  5  8  9  10  11  14  16  17  13  12  20  58  19  59  28  21  26  29  22  15  18  27  67  36  37  39  40  42  44  0  1  48  71  70  62  41  7  56  32  23  57  88  6  95  66  33  43  45  90  35  38  84  53  49  79  55  51  54  85  52  78  86  34  83  82  46  89  47  65  73  68  31  30  60  69  25  61  24  76  50  64  72  63  77  80  74  75  87  81  91  92  93  94  96  97  98  99  100  101  102  103  


  ==> Energy                -305.933477700
  ==> dE                       -2.51e-07
  ==> Gradient Norm             2.67e-01
  ==> Abs. Max. Deriv.          3.74e-02
  ==> Time-Grad. (s)             172.554
  ==> Time-Energy (s)             22.931
  ==> Time-Iter. (s)             196.859

--------------------------------------------------------------------------------
CEO-ADAPT-VQE iteration: 230
--------------------------------------------------------------------------------
    gate        derivative      name       op1       op2       op3        g_unscaled   penalty
   84824       -0.00034474        om     34448     34449                 -0.03343930        97
   84823       -0.00033304        op     34448     34449                 -0.03230498        97
   34448       -0.00029090    a_iajb     34448                           -0.03287214       113
     763       -0.00028142      a_ia       763                           -0.00450275        16
     928       -0.00025304      a_ia       928                           -0.00050609         2
    1344       -0.00022845      a_ia      1344                           -0.00593961        26
     255        0.00022040      a_ia       255                            0.00176320         8
    1030       -0.00022005      a_ia      1030                           -0.00088020         4
    1228        0.00022002      a_ia      1228                            0.00044005         2
   45128       -0.00021879        om      4415      4416                 -0.00984568        45

  ==> Add operator: mvp2 -1: 34448 34449
  ==> Current qubit order: 2  3  4  5  8  9  10  11  14  16  17  13  12  20  58  19  59  28  21  26  29  22  15  18  27  67  36  37  39  40  42  44  0  1  48  71  70  62  41  7  56  57  6  95  66  33  43  32  23  88  89  45  90  35  38  84  53  49  79  55  51  54  85  52  78  86  34  83  82  46  47  65  73  68  31  30  60  69  25  61  24  76  50  64  72  63  77  80  74  75  87  81  91  92  93  94  96  97  98  99  100  101  102  103  


  ==> Energy                -305.933689593
  ==> dE                       -2.12e-04
  ==> Gradient Norm             2.60e-01
  ==> Abs. Max. Deriv.          3.74e-02
  ==> Time-Grad. (s)             168.676
  ==> Time-Energy (s)             36.729
  ==> Time-Iter. (s)             206.829

--------------------------------------------------------------------------------
CEO-ADAPT-VQE iteration: 231
--------------------------------------------------------------------------------
    gate        derivative      name       op1       op2       op3        g_unscaled   penalty
     935       -0.00032930      a_ia       935                           -0.00197578         6
     765       -0.00028213      a_ia       765                           -0.00451404        16
    1349       -0.00024746      a_ia      1349                           -0.00593909        24
   76400        0.00022879        op     28136     28137                  0.01395636        61
   76401        0.00022879        om     28136     28137                  0.01395636        61
   80516       -0.00022870        op     31226     31227                 -0.02950268       129
   45304       -0.00022679        op      4675      4676                 -0.01111274        49
   45305       -0.00022679        om      4675      4676                 -0.01111274        49
   80517       -0.00022416        om     31226     31227                 -0.02891687       129
     256        0.00022068      a_ia       256                            0.00176541         8

  ==> Add operator: a_ia 935
  ==> Current qubit order: 2  3  4  5  8  9  10  11  14  16  17  13  12  20  58  19  59  28  21  26  29  22  15  18  27  67  36  37  39  40  42  44  0  1  48  71  70  62  41  7  56  57  6  95  33  43  66  32  23  88  89  45  90  35  38  84  53  49  79  55  51  54  85  52  78  86  34  83  82  46  47  65  73  68  31  30  60  69  25  61  24  76  50  64  72  63  77  80  74  75  87  81  91  92  93  94  96  97  98  99  100  101  102  103  


  ==> Energy                -305.933690785
  ==> dE                       -1.19e-06
  ==> Gradient Norm             2.64e-01
  ==> Abs. Max. Deriv.          3.74e-02
  ==> Time-Grad. (s)             171.682
  ==> Time-Energy (s)             28.936
  ==> Time-Iter. (s)             202.095

--------------------------------------------------------------------------------
CEO-ADAPT-VQE iteration: 232
--------------------------------------------------------------------------------
    gate        derivative      name       op1       op2       op3        g_unscaled   penalty
     768       -0.00028214      a_ia       768                           -0.00451425        16
    1354       -0.00024743      a_ia      1354                           -0.00593832        24
    1238        0.00022113      a_ia      1238                            0.00044225         2
     256        0.00021897      a_ia       256                            0.00175178         8
   45024       -0.00021880        om      4446      4447                 -0.00984588        45
   45023       -0.00021880        op      4446      4447                 -0.00984586        45
    1039       -0.00021729      a_ia      1039                           -0.00086917         4
   45269       -0.00020984        op      4692      4693                 -0.01112164        53
   45270       -0.00020984        om      4692      4693                 -0.01112164        53
   45595        0.00020440        op      5018      5019                  0.02473258       121

  ==> Add operator: a_ia 768
  ==> Current qubit order: 2  3  4  5  8  9  10  11  14  16  17  13  12  20  58  19  59  28  21  26  29  22  15  18  27  67  36  37  39  40  42  44  0  1  48  71  70  62  41  7  56  57  6  95  33  43  66  32  23  88  89  45  90  35  38  84  53  49  79  55  51  54  85  52  78  86  34  83  82  46  65  73  68  31  30  60  69  47  25  61  24  76  50  64  72  63  77  80  74  75  87  81  91  92  93  94  96  97  98  99  100  101  102  103  


  ==> Energy                -305.933925999
  ==> dE                       -2.35e-04
  ==> Gradient Norm             2.50e-01
  ==> Abs. Max. Deriv.          3.74e-02
  ==> Time-Grad. (s)             169.884
  ==> Time-Energy (s)             32.587
  ==> Time-Iter. (s)             203.900

--------------------------------------------------------------------------------
CEO-ADAPT-VQE iteration: 233
--------------------------------------------------------------------------------
    gate        derivative      name       op1       op2       op3        g_unscaled   penalty
   89495       -0.00029994        op     38126     38127                 -0.02789482        93
    1356       -0.00027232      a_ia      1356                           -0.00599110        22
   79681        0.00025686        op     30706     30707                  0.01104477        43
   79682        0.00025686        om     30706     30707                  0.01104477        43
   89496       -0.00024683        om     38126     38127                 -0.02295556        93
   38126       -0.00023326    a_iajb     38126                           -0.02542519       109
   89047        0.00022947        op     37776     37778                  0.01858682        81
   89048        0.00022947        op     37776     37778                  0.01858682        81
   89043        0.00022389        op     37776     37777                  0.01813504        81
   89044        0.00022389        op     37776     37777                  0.01813504        81

  ==> Add operator: mvp2 -1: 38126 38127
  ==> Current qubit order: 2  3  4  5  8  9  10  11  14  16  17  13  12  20  58  19  59  28  21  26  29  22  15  18  27  67  36  37  39  40  42  44  0  1  48  71  70  62  41  7  56  57  6  95  33  43  32  23  88  89  45  90  35  38  84  53  49  79  51  54  66  55  34  47  85  52  78  86  83  82  46  65  73  68  31  30  60  69  25  61  24  76  50  64  72  63  77  80  74  75  87  81  91  92  93  94  96  97  98  99  100  101  102  103  


  ==> Energy                -305.934186080
  ==> dE                       -2.60e-04
  ==> Gradient Norm             2.71e-01
  ==> Abs. Max. Deriv.          3.74e-02
  ==> Time-Grad. (s)             174.598
  ==> Time-Energy (s)             43.697
  ==> Time-Iter. (s)             219.739

--------------------------------------------------------------------------------
CEO-ADAPT-VQE iteration: 234
--------------------------------------------------------------------------------
    gate        derivative      name       op1       op2       op3        g_unscaled   penalty
    1241       -0.00032369      a_ia      1241                           -0.00323694        10
    1363       -0.00030392      a_ia      1363                           -0.00607838        20
   88261        0.00026423        om     37438     37439                  0.01347588        51
   88260        0.00022979        op     37438     37439                  0.01171946        51
   44941       -0.00021878        om      4474      4475                 -0.00984514        45
   44940       -0.00021878        op      4474      4475                 -0.00984511        45
     258        0.00021860      a_ia       258                            0.00174883         8
    1045       -0.00021451      a_ia      1045                           -0.00085805         4
     749        0.00020877      a_ia       749                            0.00083506         4
   45516        0.00020108        op      5050      5051                  0.02473279       123

  ==> Add operator: a_ia 1241
  ==> Current qubit order: 2  3  4  5  8  9  10  11  14  16  17  13  12  20  58  19  59  28  21  26  29  22  15  18  27  67  36  37  39  40  42  44  0  1  48  71  70  62  41  7  56  57  6  95  33  43  32  23  88  89  45  90  35  38  84  53  49  79  54  66  55  34  51  47  85  52  78  86  83  82  46  65  73  68  31  30  60  69  25  61  24  76  50  64  72  63  77  80  74  75  87  81  91  92  93  94  96  97  98  99  100  101  102  103  


  ==> Energy                -305.934269836
  ==> dE                       -8.38e-05
  ==> Gradient Norm             2.58e-01
  ==> Abs. Max. Deriv.          3.74e-02
  ==> Time-Grad. (s)             172.909
  ==> Time-Energy (s)             30.618
  ==> Time-Iter. (s)             204.980

--------------------------------------------------------------------------------
CEO-ADAPT-VQE iteration: 235
--------------------------------------------------------------------------------
    gate        derivative      name       op1       op2       op3        g_unscaled   penalty
    1367       -0.00026555      a_ia      1367                           -0.00584207        22
    1315        0.00021905      a_ia      1315                            0.00394294        18
    1063       -0.00021904      a_ia      1063                           -0.00219041        10
   44994       -0.00021878        om      4484      4485                 -0.00984492        45
   44993       -0.00021878        op      4484      4485                 -0.00984489        45
     259        0.00021688      a_ia       259                            0.00173507         8
    1047       -0.00021364      a_ia      1047                           -0.00085455         4
     990       -0.00020478      a_ia       990                           -0.00286695        14
   45569        0.00020108        op      5060      5061                  0.02473281       123
   45570        0.00020108        om      5060      5061                  0.02473281       123

  ==> Add operator: a_ia 1367
  ==> Current qubit order: 2  3  4  5  8  9  10  11  14  16  17  13  12  20  58  19  59  28  21  26  29  22  15  18  27  67  36  37  39  40  42  44  0  1  48  71  70  62  41  7  56  57  6  95  33  43  32  23  88  89  45  90  35  38  84  53  49  79  54  66  34  51  47  85  52  78  86  83  82  46  55  65  73  68  31  30  60  69  25  61  24  76  50  64  72  63  77  80  74  75  87  81  91  92  93  94  96  97  98  99  100  101  102  103  


  ==> Energy                -305.934701465
  ==> dE                       -4.32e-04
  ==> Gradient Norm             2.57e-01
  ==> Abs. Max. Deriv.          3.74e-02
  ==> Time-Grad. (s)             220.469
  ==> Time-Energy (s)             24.604
  ==> Time-Iter. (s)             246.558

--------------------------------------------------------------------------------
CEO-ADAPT-VQE iteration: 236
--------------------------------------------------------------------------------
    gate        derivative      name       op1       op2       op3        g_unscaled   penalty
   88097       -0.00123749        om     37230     37231                 -0.04331214        35
   88096       -0.00121816        op     37230     37231                 -0.04263563        35
   37230       -0.00084263    a_iajb     37230                           -0.04297388        51
    1246        0.00040654      a_ia      1246                            0.00081308         2
    1237       -0.00025083      a_ia      1237                           -0.00050166         2
     992       -0.00023687      a_ia       992                           -0.00284239        12
   45009       -0.00021877        om      4492      4493                 -0.00984479        45
   45008       -0.00021877        op      4492      4493                 -0.00984477        45
     261        0.00021727      a_ia       261                            0.00173813         8
   88283        0.00021415        om     37374     37375                  0.01349155        63

  ==> Add operator: mvp2 -1: 37230 37231
  ==> Current qubit order: 2  3  4  5  8  9  10  11  14  16  17  13  12  20  58  19  59  28  21  26  29  22  15  18  27  67  36  37  39  40  42  44  0  1  48  71  70  62  41  7  56  6  95  43  57  33  32  88  23  89  45  90  35  38  84  53  49  79  54  66  34  51  47  85  52  78  86  83  82  46  55  65  73  68  31  30  60  69  25  61  24  76  50  64  72  63  77  80  74  75  87  81  91  92  93  94  96  97  98  99  100  101  102  103  


  ==> Energy                -305.934981472
  ==> dE                       -2.80e-04
  ==> Gradient Norm             2.76e-01
  ==> Abs. Max. Deriv.          4.33e-02
  ==> Time-Grad. (s)             169.663
  ==> Time-Energy (s)             53.727
  ==> Time-Iter. (s)             224.857

--------------------------------------------------------------------------------
CEO-ADAPT-VQE iteration: 237
--------------------------------------------------------------------------------
    gate        derivative      name       op1       op2       op3        g_unscaled   penalty
     969       -0.00065420      a_ia       969                           -0.00130839         2
    1247        0.00041472      a_ia      1247                            0.00082943         2
    1238       -0.00024773      a_ia      1238                           -0.00049546         2
     992       -0.00023691      a_ia       992                           -0.00284295        12
     261        0.00021503      a_ia       261                            0.00172021         8
   45014       -0.00020942        om      4495      4496                 -0.00984269        47
   45013       -0.00020942        op      4495      4496                 -0.00984266        47
    1050       -0.00020917      a_ia      1050                           -0.00083668         4
   45591        0.00020440        op      5073      5074                  0.02473283       121
   45592        0.00020440        om      5073      5074                  0.02473283       121

  ==> Add operator: a_ia 969
  ==> Current qubit order: 2  3  4  5  8  9  10  11  14  16  17  13  12  20  58  19  59  28  21  26  29  22  15  18  27  67  36  37  39  40  42  44  0  1  48  71  70  62  41  7  56  6  95  43  57  33  32  88  23  89  45  90  35  38  84  53  49  79  54  66  34  51  47  85  52  78  86  83  82  46  55  65  73  68  31  30  60  69  25  61  24  76  50  64  72  63  77  80  74  75  87  81  91  92  93  94  96  97  98  99  100  101  102  103  


  ==> Energy                -305.934981891
  ==> dE                       -4.18e-07
  ==> Gradient Norm             2.59e-01
  ==> Abs. Max. Deriv.          3.74e-02
  ==> Time-Grad. (s)             180.652
  ==> Time-Energy (s)             32.969
  ==> Time-Iter. (s)             215.077

--------------------------------------------------------------------------------
CEO-ADAPT-VQE iteration: 238
--------------------------------------------------------------------------------
    gate        derivative      name       op1       op2       op3        g_unscaled   penalty
    1253        0.00041491      a_ia      1253                            0.00082982         2
   89224        0.00028598        op     38036     38037                  0.02888411       101
   89225        0.00028598        op     38036     38037                  0.02888411       101
   38036        0.00024692    a_iajb     38036                            0.02889001       117
     997       -0.00023768      a_ia       997                           -0.00285214        12
    1244       -0.00023272      a_ia      1244                           -0.00046545         2
   89228        0.00022579        op     38036     38038                  0.02280485       101
   89229        0.00022579        op     38036     38038                  0.02280485       101
     262        0.00021675      a_ia       262                            0.00173399         8
   45005       -0.00020955        om      4511      4512                 -0.00984904        47

  ==> Add operator: a_ia 1253
  ==> Current qubit order: 2  3  4  5  8  9  10  11  14  16  17  13  12  20  58  19  59  28  21  26  29  22  15  18  27  67  36  37  39  40  42  44  0  1  48  71  70  62  41  7  56  6  95  43  57  33  32  88  23  89  45  90  35  38  84  53  49  79  54  66  34  51  47  85  52  78  86  83  82  46  55  65  73  68  31  30  60  69  25  61  24  76  50  64  72  63  77  80  74  75  87  81  91  92  93  94  96  97  98  99  100  101  102  103  


  ==> Energy                -305.934987414
  ==> dE                       -5.52e-06
  ==> Gradient Norm             2.56e-01
  ==> Abs. Max. Deriv.          3.74e-02
  ==> Time-Grad. (s)             225.360
  ==> Time-Energy (s)             23.146
  ==> Time-Iter. (s)             249.962

--------------------------------------------------------------------------------
CEO-ADAPT-VQE iteration: 239
--------------------------------------------------------------------------------
    gate        derivative      name       op1       op2       op3        g_unscaled   penalty
    1310       -0.00089357      a_ia      1310                           -0.00357428         4
   91648        0.00024879        op     39848     39849                  0.02562522       103
   91649        0.00024874        om     39848     39849                  0.02562071       103
     997       -0.00023653      a_ia       997                           -0.00283837        12
    1244       -0.00023536      a_ia      1244                           -0.00047073         2
     262        0.00021719      a_ia       262                            0.00173749         8
   39848        0.00021532    a_iajb     39848                            0.02562297       119
    1056       -0.00020969      a_ia      1056                           -0.00083878         4
   45035       -0.00020956        om      4517      4518                 -0.00984909        47
   45034       -0.00020955        op      4517      4518                 -0.00984905        47

  ==> Add operator: a_ia 1310
  ==> Current qubit order: 2  3  4  5  8  9  10  11  14  16  17  13  12  20  58  19  59  28  21  26  29  22  15  18  27  67  36  37  39  40  42  44  0  1  48  71  70  62  41  7  56  6  95  43  57  33  32  88  23  89  45  90  35  38  84  53  49  79  54  66  34  51  47  85  52  78  86  83  82  46  55  65  73  68  31  30  60  69  25  61  24  76  64  50  72  63  77  80  74  75  87  81  91  92  93  94  96  97  98  99  100  101  102  103  


  ==> Energy                -305.934991220
  ==> dE                       -3.81e-06
  ==> Gradient Norm             2.58e-01
  ==> Abs. Max. Deriv.          3.74e-02
  ==> Time-Grad. (s)             223.386
  ==> Time-Energy (s)             33.698
  ==> Time-Iter. (s)             258.558

--------------------------------------------------------------------------------
CEO-ADAPT-VQE iteration: 240
--------------------------------------------------------------------------------
    gate        derivative      name       op1       op2       op3        g_unscaled   penalty
   91869        0.00029528        op     40230     40231                  0.02096495        71
   87123       -0.00029439        op     36600     36601                 -0.02090139        71
   87124       -0.00029151        om     36600     36601                 -0.02069703        71
   91870        0.00026937        om     40230     40231                  0.01912552        71
   36600       -0.00023907    a_iajb     36600                           -0.02079921        87
    1002       -0.00023721      a_ia      1002                           -0.00284649        12
   40230        0.00023040    a_iajb     40230                            0.02004523        87
    1250       -0.00022915      a_ia      1250                           -0.00045831         2
   92370        0.00021844        om     40607     40608                  0.01813050        83
   92369        0.00021834        op     40607     40608                  0.01812186        83

  ==> Add operator: mvp2 -1: 40230 40231
  ==> Current qubit order: 2  3  4  5  8  9  10  11  14  16  17  13  12  20  58  19  59  28  21  26  29  22  15  18  27  67  36  37  39  40  42  44  0  1  48  71  70  62  41  7  56  6  95  43  57  33  32  88  23  89  45  90  35  38  84  53  49  79  54  66  34  51  85  52  78  86  83  46  65  73  47  82  55  50  68  31  30  60  69  25  61  24  76  64  72  63  77  80  74  75  87  81  91  92  93  94  96  97  98  99  100  101  102  103  


  ==> Energy                -305.935082011
  ==> dE                       -9.08e-05
  ==> Gradient Norm             2.66e-01
  ==> Abs. Max. Deriv.          3.74e-02
  ==> Time-Grad. (s)             169.178
  ==> Time-Energy (s)             50.069
  ==> Time-Iter. (s)             220.705

--------------------------------------------------------------------------------
CEO-ADAPT-VQE iteration: 241
--------------------------------------------------------------------------------
    gate        derivative      name       op1       op2       op3        g_unscaled   penalty
    1266        0.00045166      a_ia      1266                            0.00090332         2
   87569        0.00029610        op     36833     36835                  0.01628572        55
   87570        0.00029610        op     36833     36835                  0.01628572        55
   87565        0.00029600        op     36833     36834                  0.01628021        55
   87566        0.00029600        op     36833     36834                  0.01628021        55
    1321        0.00027755      a_ia      1321                            0.00499582        18
    1264        0.00026372      a_ia      1264                            0.00105487         4
   81327        0.00025320        op     32140     32141                  0.01848361        73
   81328        0.00025320        om     32140     32141                  0.01848361        73
    1004       -0.00023646      a_ia      1004                           -0.00283750        12

  ==> Add operator: a_ia 1266
  ==> Current qubit order: 2  3  4  5  8  9  10  11  14  16  17  13  12  20  58  19  59  28  21  26  29  22  15  18  27  67  36  37  39  40  42  44  0  1  48  71  70  62  41  7  56  6  95  43  57  33  32  88  23  89  45  90  35  38  84  53  49  79  54  66  34  51  85  52  78  86  83  46  65  73  47  82  55  50  68  31  30  60  69  25  61  24  76  64  72  63  77  80  74  75  87  81  91  92  93  94  96  97  98  99  100  101  102  103  


  ==> Energy                -305.935082303
  ==> dE                       -2.92e-07
  ==> Gradient Norm             2.65e-01
  ==> Abs. Max. Deriv.          3.74e-02
  ==> Time-Grad. (s)             222.728
  ==> Time-Energy (s)             24.013
  ==> Time-Iter. (s)             248.181

--------------------------------------------------------------------------------
CEO-ADAPT-VQE iteration: 242
--------------------------------------------------------------------------------
    gate        derivative      name       op1       op2       op3        g_unscaled   penalty
   87109        0.00036698        op     36514     36515                  0.01871622        51
   87110        0.00036688        om     36514     36515                  0.01871064        51
   36514        0.00027930    a_iajb     36514                            0.01871343        67
    1322        0.00027755      a_ia      1322                            0.00499587        18
    1265        0.00026524      a_ia      1265                            0.00106095         4
    1004       -0.00023591      a_ia      1004                           -0.00283089        12
   87113        0.00023538        op     36518     36519                  0.02377301       101
   87114        0.00023538        om     36518     36519                  0.02377301       101
     263        0.00021637      a_ia       263                            0.00173100         8
   72988       -0.00020987        om     25842     25843                 -0.02077752        99

  ==> Add operator: mvp2 -1: 36514 36515
  ==> Current qubit order: 2  3  4  5  8  9  10  11  14  16  17  13  12  20  58  19  59  28  21  26  29  22  15  18  27  67  36  37  39  40  42  44  0  1  48  71  70  62  41  7  56  6  95  43  57  33  32  88  23  89  45  90  35  38  84  53  49  79  54  66  34  51  85  52  78  86  83  46  65  73  47  82  55  50  68  60  69  25  61  31  30  76  77  24  64  72  63  80  74  75  87  81  91  92  93  94  96  97  98  99  100  101  102  103  


  ==> Energy                -305.935119530
  ==> dE                       -3.72e-05
  ==> Gradient Norm             2.65e-01
  ==> Abs. Max. Deriv.          3.74e-02
  ==> Time-Grad. (s)             174.521
  ==> Time-Energy (s)             46.284
  ==> Time-Iter. (s)             222.273

--------------------------------------------------------------------------------
CEO-ADAPT-VQE iteration: 243
--------------------------------------------------------------------------------
    gate        derivative      name       op1       op2       op3        g_unscaled   penalty
    1004        0.00195112      a_ia      1004                            0.00390224         2
     920        0.00050251      a_ia       920                            0.00100503         2
    1327        0.00027757      a_ia      1327                            0.00499620        18
    1270        0.00026524      a_ia      1270                            0.00106097         4
   86587        0.00024342        om     36169     36170                  0.02069094        85
   86586        0.00024335        op     36169     36170                  0.02068477        85
    1009       -0.00023591      a_ia      1009                           -0.00283092        12
     940       -0.00023552      a_ia       940                           -0.00047104         2
     941        0.00022877      a_ia       941                            0.00320277        14
   86988        0.00021834        op     36481     36482                  0.01069890        49

  ==> Add operator: a_ia 1004
  ==> Current qubit order: 2  3  4  5  8  9  10  11  14  16  17  13  12  20  58  19  59  28  21  26  29  22  15  18  27  67  36  37  39  40  42  44  0  1  48  71  70  62  41  7  56  6  95  43  57  33  32  88  23  89  45  90  35  38  84  53  49  79  54  66  34  51  85  52  78  86  83  46  65  73  47  82  55  50  68  60  69  25  61  31  30  76  77  24  64  72  63  80  74  75  87  81  91  92  93  94  96  97  98  99  100  101  102  103  


  ==> Energy                -305.935123617
  ==> dE                       -4.09e-06
  ==> Gradient Norm             2.55e-01
  ==> Abs. Max. Deriv.          3.74e-02
  ==> Time-Grad. (s)             172.494
  ==> Time-Energy (s)             33.220
  ==> Time-Iter. (s)             207.160

--------------------------------------------------------------------------------
CEO-ADAPT-VQE iteration: 244
--------------------------------------------------------------------------------
    gate        derivative      name       op1       op2       op3        g_unscaled   penalty
     920        0.00050559      a_ia       920                            0.00101117         2
    1329        0.00027946      a_ia      1329                            0.00503029        18
    1272        0.00027775      a_ia      1272                            0.00111098         4
   92065        0.00025800        op     40162     40163                  0.01986612        77
     940       -0.00025161      a_ia       940                           -0.00050321         2
    1009       -0.00023326      a_ia      1009                           -0.00279908        12
   92066        0.00023035        om     40162     40163                  0.01773671        77
     941        0.00022874      a_ia       941                            0.00320238        14
     918       -0.00021370      a_ia       918                           -0.00213696        10
     263        0.00021175      a_ia       263                            0.00169401         8

  ==> Add operator: a_ia 920
  ==> Current qubit order: 2  3  4  5  8  9  10  11  14  16  17  13  12  20  58  19  59  28  21  26  29  22  15  18  27  67  36  37  39  40  42  44  0  1  48  71  70  62  41  7  56  6  95  43  57  33  32  88  23  89  45  90  35  38  84  53  49  79  54  66  34  51  85  52  78  86  83  46  65  73  47  82  55  50  68  60  69  25  61  31  30  76  77  24  64  72  63  80  74  75  87  81  91  92  93  94  96  97  98  99  100  101  102  103  


  ==> Energy                -305.935123749
  ==> dE                       -1.32e-07
  ==> Gradient Norm             2.58e-01
  ==> Abs. Max. Deriv.          3.74e-02
  ==> Time-Grad. (s)             171.205
  ==> Time-Energy (s)             24.867
  ==> Time-Iter. (s)             197.530

--------------------------------------------------------------------------------
CEO-ADAPT-VQE iteration: 245
--------------------------------------------------------------------------------
    gate        derivative      name       op1       op2       op3        g_unscaled   penalty
   90101       -0.00033983        op     38887     38888                 -0.01869074        55
   90102       -0.00033983        op     38887     38888                 -0.01869074        55
    1330        0.00027952      a_ia      1330                            0.00503129        18
   90105       -0.00027857        op     38887     38889                 -0.01532116        55
   90106       -0.00027857        op     38887     38889                 -0.01532116        55
    1273        0.00027759      a_ia      1273                            0.00111034         4
   38887       -0.00025569    a_iajb     38887                           -0.01815415        71
     940       -0.00025087      a_ia       940                           -0.00050174         2
    1010       -0.00023257      a_ia      1010                           -0.00279087        12
     941        0.00022853      a_ia       941                            0.00319944        14

  ==> Add operator: mvp3 -1: 38887 38888 38889
  ==> Current qubit order: 2  3  4  5  8  9  10  11  14  16  17  13  12  20  58  19  59  28  21  26  29  22  15  18  27  67  36  37  39  40  42  44  0  1  48  71  70  62  41  7  56  6  95  43  57  33  32  88  23  89  45  90  35  84  53  49  79  66  38  54  52  46  34  51  85  78  86  83  65  73  47  82  55  50  68  60  69  25  61  31  30  76  77  24  64  72  63  80  74  75  87  81  91  92  93  94  96  97  98  99  100  101  102  103  


  ==> Energy                -305.935442496
  ==> dE                       -3.19e-04
  ==> Gradient Norm             2.57e-01
  ==> Abs. Max. Deriv.          3.74e-02
  ==> Time-Grad. (s)             225.081
  ==> Time-Energy (s)             74.212
  ==> Time-Iter. (s)             300.744

--------------------------------------------------------------------------------
CEO-ADAPT-VQE iteration: 246
--------------------------------------------------------------------------------
    gate        derivative      name       op1       op2       op3        g_unscaled   penalty
    1089       -0.00042101      a_ia      1089                           -0.00084202         2
    1333        0.00031517      a_ia      1333                            0.00504265        16
    1254        0.00027907      a_ia      1254                            0.00111629         4
    1276        0.00027899      a_ia      1276                            0.00111595         4
   87338       -0.00025563        op     36715     36716                 -0.02326221        91
     942       -0.00025419      a_ia       942                           -0.00050837         2
    1346        0.00024934      a_ia      1346                            0.00249342        10
     943        0.00022797      a_ia       943                            0.00319160        14
     920       -0.00021206      a_ia       920                           -0.00212058        10
     264        0.00021090      a_ia       264                            0.00168717         8

  ==> Add operator: a_ia 1089
  ==> Current qubit order: 2  3  4  5  8  9  10  11  14  16  17  13  12  20  58  19  59  28  21  26  29  22  15  18  27  67  36  37  39  40  42  44  0  1  48  71  70  62  41  7  56  6  95  43  57  33  32  88  23  89  45  90  35  84  53  49  79  66  38  54  52  46  34  51  85  78  86  83  65  73  47  82  55  50  68  60  69  25  61  31  30  76  77  24  64  72  63  80  74  75  87  81  91  92  93  94  96  97  98  99  100  101  102  103  


  ==> Energy                -305.935442813
  ==> dE                       -3.17e-07
  ==> Gradient Norm             2.63e-01
  ==> Abs. Max. Deriv.          3.74e-02
  ==> Time-Grad. (s)             167.624
  ==> Time-Energy (s)             30.079
  ==> Time-Iter. (s)             199.137

--------------------------------------------------------------------------------
CEO-ADAPT-VQE iteration: 247
--------------------------------------------------------------------------------
    gate        derivative      name       op1       op2       op3        g_unscaled   penalty
   87228       -0.00033765        om     36667     36668                 -0.01586932        47
   87227       -0.00033764        op     36667     36668                 -0.01586890        47
    1338        0.00031519      a_ia      1338                            0.00504308        16
    1281        0.00027986      a_ia      1281                            0.00111945         4
    1259        0.00027580      a_ia      1259                            0.00110321         4
   91823        0.00026852        op     40195     40196                  0.02013899        75
   91824        0.00025461        om     40195     40196                  0.01909560        75
     947       -0.00025300      a_ia       947                           -0.00050599         2
   36667       -0.00025189    a_iajb     36667                           -0.01586911        63
    1351        0.00025057      a_ia      1351                            0.00250573        10

  ==> Add operator: om -1: 36667 36668
  ==> Current qubit order: 2  3  4  5  8  9  10  11  14  16  17  13  12  20  58  19  59  28  21  26  29  22  15  18  27  67  36  37  39  40  42  44  0  1  48  71  70  62  41  7  56  6  95  43  57  33  32  88  23  89  45  90  35  84  53  49  79  66  38  54  52  46  34  51  85  78  86  83  65  73  47  82  55  50  68  60  69  25  61  76  77  31  30  72  75  24  64  63  80  74  87  81  91  92  93  94  96  97  98  99  100  101  102  103  


  ==> Energy                -305.935470165
  ==> dE                       -2.74e-05
  ==> Gradient Norm             2.59e-01
  ==> Abs. Max. Deriv.          3.74e-02
  ==> Time-Grad. (s)             220.361
  ==> Time-Energy (s)             23.412
  ==> Time-Iter. (s)             245.228

--------------------------------------------------------------------------------
CEO-ADAPT-VQE iteration: 248
--------------------------------------------------------------------------------
    gate        derivative      name       op1       op2       op3        g_unscaled   penalty
     928       -0.00106348      a_ia       928                           -0.00212695         2
    1341        0.00031521      a_ia      1341                            0.00504337        16
    1284        0.00028001      a_ia      1284                            0.00112005         4
    1262        0.00027610      a_ia      1262                            0.00110438         4
     951        0.00026622      a_ia       951                            0.00319465        12
    1354        0.00025062      a_ia      1354                            0.00250621        10
   88026       -0.00024641        om     37159     37160                 -0.01552360        63
   88025       -0.00024576        op     37159     37160                 -0.01548268        63
   90094        0.00022806        om     38747     38748                  0.02759557       121
   90093        0.00022571        op     38747     38748                  0.02731130       121

  ==> Add operator: a_ia 928
  ==> Current qubit order: 2  3  4  5  8  9  10  11  14  16  17  13  12  20  58  19  59  28  21  26  29  22  15  18  27  67  36  37  39  40  42  44  0  1  48  71  70  62  41  7  56  6  95  43  57  33  32  88  23  89  45  90  35  84  53  49  79  66  38  54  52  46  34  51  85  78  86  83  65  73  47  82  55  50  68  60  69  25  61  76  77  31  30  72  75  24  64  63  80  74  87  81  91  92  93  94  96  97  98  99  100  101  102  103  


  ==> Energy                -305.935471661
  ==> dE                       -1.50e-06
  ==> Gradient Norm             2.71e-01
  ==> Abs. Max. Deriv.          3.74e-02
  ==> Time-Grad. (s)             224.962
  ==> Time-Energy (s)             34.786
  ==> Time-Iter. (s)             261.203

--------------------------------------------------------------------------------
CEO-ADAPT-VQE iteration: 249
--------------------------------------------------------------------------------
    gate        derivative      name       op1       op2       op3        g_unscaled   penalty
    1342        0.00031500      a_ia      1342                            0.00504008        16
   85345       -0.00031443        op     34946     34947                 -0.01980904        63
   85346       -0.00031192        om     34946     34947                 -0.01965101        63
    1285        0.00027981      a_ia      1285                            0.00111926         4
    1263        0.00027315      a_ia      1263                            0.00109260         4
     952        0.00026719      a_ia       952                            0.00320633        12
    1355        0.00025056      a_ia      1355                            0.00250560        10
   34946       -0.00024975    a_iajb     34946                           -0.01973002        79
     268        0.00021102      a_ia       268                            0.00168812         8
   45098       -0.00020955        om      4613      4614                 -0.00984885        47

  ==> Add operator: a_ia 1342
  ==> Current qubit order: 2  3  4  5  8  9  10  11  14  16  17  13  12  20  58  19  59  28  21  26  29  22  15  18  27  67  36  37  39  40  42  44  0  1  48  71  70  62  41  7  56  6  95  43  57  33  32  88  23  89  45  90  35  84  53  49  79  66  38  54  52  46  34  51  85  86  83  65  73  47  82  55  78  50  68  60  69  25  61  76  77  31  30  72  75  24  64  63  80  74  87  81  91  92  93  94  96  97  98  99  100  101  102  103  


  ==> Energy                -305.935478592
  ==> dE                       -6.93e-06
  ==> Gradient Norm             2.74e-01
  ==> Abs. Max. Deriv.          3.74e-02
  ==> Time-Grad. (s)             230.206
  ==> Time-Energy (s)             33.300
  ==> Time-Iter. (s)             264.959

--------------------------------------------------------------------------------
CEO-ADAPT-VQE iteration: 250
--------------------------------------------------------------------------------
    gate        derivative      name       op1       op2       op3        g_unscaled   penalty
    1358        0.00031464      a_ia      1358                            0.00251712         8
    1266        0.00027723      a_ia      1266                            0.00110891         4
    1288        0.00027328      a_ia      1288                            0.00109314         4
     952        0.00026997      a_ia       952                            0.00323959        12
   85285        0.00026942        om     35182     35183                  0.01374057        51
   85284        0.00026934        op     35182     35183                  0.01373626        51
     268        0.00021578      a_ia       268                            0.00172621         8
   45027       -0.00020955        om      4626      4627                 -0.00984876        47
   45026       -0.00020955        op      4626      4627                 -0.00984872        47
    1082       -0.00020548      a_ia      1082                           -0.00082192         4

  ==> Add operator: a_ia 1358
  ==> Current qubit order: 2  3  4  5  8  9  10  11  14  16  17  13  12  20  58  19  59  28  21  26  29  22  15  18  27  67  36  37  39  40  42  44  0  1  48  71  70  62  41  7  56  6  95  43  57  33  32  88  23  89  45  90  35  84  53  49  79  66  38  54  52  46  34  85  86  83  51  65  73  47  82  55  78  50  68  60  69  25  61  76  77  31  30  72  75  24  64  63  80  74  87  81  91  92  93  94  96  97  98  99  100  101  102  103  


  ==> Energy                -305.935545933
  ==> dE                       -6.73e-05
  ==> Gradient Norm             2.56e-01
  ==> Abs. Max. Deriv.          3.74e-02
  ==> Time-Grad. (s)             169.115
  ==> Time-Energy (s)           1012.710
  ==> Time-Iter. (s)            1183.278

--------------------------------------------------------------------------------
CEO-ADAPT-VQE iteration: 251
--------------------------------------------------------------------------------
    gate        derivative      name       op1       op2       op3        g_unscaled   penalty
     930       -0.00125155      a_ia       930                           -0.00250309         2
     639        0.00082292      a_ia       639                            0.00164583         2
    1025       -0.00070442      a_ia      1025                           -0.00281769         4
    1347        0.00064853      a_ia      1347                            0.00129705         2
     997       -0.00060720      a_ia       997                           -0.00121440         2
    1292        0.00050840      a_ia      1292                            0.00101680         2
    1101       -0.00050819      a_ia      1101                           -0.00101638         2
    1360        0.00044982      a_ia      1360                            0.00089965         2
    1290        0.00039002      a_ia      1290                            0.00156010         4
     969       -0.00038706      a_ia       969                           -0.00464472        12

  ==> Add operator: a_ia 930
  ==> Current qubit order: 2  3  4  5  8  9  10  11  14  16  17  13  12  20  58  19  59  28  21  26  29  22  15  18  27  67  36  37  39  40  42  44  0  1  48  71  70  62  41  7  56  6  95  43  57  33  32  88  23  89  45  90  35  84  53  49  79  66  38  54  52  46  34  85  86  83  51  65  73  47  82  55  78  50  68  60  69  25  61  76  77  31  30  72  75  24  64  63  80  74  87  81  91  92  93  94  96  97  98  99  100  101  102  103  


  ==> Energy                -305.935547876
  ==> dE                       -1.94e-06
  ==> Gradient Norm             2.59e-01
  ==> Abs. Max. Deriv.          3.74e-02
  ==> Time-Grad. (s)             170.207
  ==> Time-Energy (s)             29.392
  ==> Time-Iter. (s)             201.304

--------------------------------------------------------------------------------
CEO-ADAPT-VQE iteration: 252
--------------------------------------------------------------------------------
    gate        derivative      name       op1       op2       op3        g_unscaled   penalty
     639        0.00082400      a_ia       639                            0.00164800         2
    1026       -0.00070135      a_ia      1026                           -0.00280538         4
    1349        0.00064652      a_ia      1349                            0.00129305         2
     997       -0.00061107      a_ia       997                           -0.00122214         2
    1102       -0.00051234      a_ia      1102                           -0.00102468         2
    1294        0.00050587      a_ia      1294                            0.00101174         2
    1362        0.00044947      a_ia      1362                            0.00089894         2
    1292        0.00038982      a_ia      1292                            0.00155927         4
     969       -0.00038674      a_ia       969                           -0.00464088        12
    1278        0.00036953      a_ia      1278                            0.00812964        22

  ==> Add operator: a_ia 639
  ==> Current qubit order: 2  3  4  5  8  9  10  11  14  16  17  13  12  20  58  19  59  28  21  26  29  22  15  18  27  67  36  37  39  40  42  44  0  1  48  71  70  62  41  7  56  6  95  43  57  33  32  88  23  89  45  90  35  84  53  49  79  66  38  54  52  46  34  85  86  83  51  65  73  47  82  55  78  50  68  60  69  25  61  76  77  31  30  72  75  24  64  63  80  74  87  81  91  92  93  94  96  97  98  99  100  101  102  103  


  ==> Energy                -305.935548894
  ==> dE                       -1.02e-06
  ==> Gradient Norm             2.56e-01
  ==> Abs. Max. Deriv.          3.74e-02
  ==> Time-Grad. (s)             230.644
  ==> Time-Energy (s)             32.478
  ==> Time-Iter. (s)             264.504

--------------------------------------------------------------------------------
CEO-ADAPT-VQE iteration: 253
--------------------------------------------------------------------------------
    gate        derivative      name       op1       op2       op3        g_unscaled   penalty
    1029       -0.00069849      a_ia      1029                           -0.00279396         4
    1352        0.00064382      a_ia      1352                            0.00128765         2
    1000       -0.00061653      a_ia      1000                           -0.00123307         2
    1105       -0.00050884      a_ia      1105                           -0.00101769         2
    1297        0.00050218      a_ia      1297                            0.00100437         2
    1365        0.00045364      a_ia      1365                            0.00090728         2
    1295        0.00038720      a_ia      1295                            0.00154881         4
     972       -0.00038679      a_ia       972                           -0.00464147        12
    1281        0.00036944      a_ia      1281                            0.00812763        22
    1351        0.00034952      a_ia      1351                            0.00419419        12

  ==> Add operator: a_ia 1029
  ==> Current qubit order: 2  3  4  5  8  9  10  11  14  16  17  13  12  20  58  19  59  28  21  26  29  22  15  18  27  67  36  37  39  40  42  44  0  1  48  71  70  62  41  7  56  6  95  43  57  33  32  88  23  89  45  90  35  84  53  49  79  66  38  54  52  46  85  34  86  83  51  65  73  47  82  55  78  50  68  60  69  25  61  76  77  31  30  72  75  24  64  63  80  74  87  81  91  92  93  94  96  97  98  99  100  101  102  103  


  ==> Energy                -305.935550684
  ==> dE                       -1.79e-06
  ==> Gradient Norm             2.55e-01
  ==> Abs. Max. Deriv.          3.74e-02
  ==> Time-Grad. (s)             175.113
  ==> Time-Energy (s)             33.331
  ==> Time-Iter. (s)             209.837

--------------------------------------------------------------------------------
CEO-ADAPT-VQE iteration: 254
--------------------------------------------------------------------------------
    gate        derivative      name       op1       op2       op3        g_unscaled   penalty
    1298        0.00076634      a_ia      1298                            0.00306536         4
    1357        0.00063020      a_ia      1357                            0.00126040         2
    1003       -0.00061310      a_ia      1003                           -0.00122620         2
    1108       -0.00050817      a_ia      1108                           -0.00101633         2
    1302        0.00049913      a_ia      1302                            0.00099827         2
    1370        0.00045530      a_ia      1370                            0.00091060         2
     975       -0.00038628      a_ia       975                           -0.00463536        12
    1300        0.00038298      a_ia      1300                            0.00153194         4
    1285        0.00036886      a_ia      1285                            0.00811494        22
    1356        0.00034733      a_ia      1356                            0.00416794        12

  ==> Add operator: a_ia 1298
  ==> Current qubit order: 2  3  4  5  8  9  10  11  14  16  17  13  12  20  58  19  59  28  21  26  29  22  15  18  27  67  36  37  39  40  42  44  0  1  48  71  70  62  41  7  56  6  95  43  57  33  32  88  23  89  45  90  35  84  53  49  79  66  38  54  52  46  85  34  86  83  51  65  73  82  47  55  78  50  68  60  69  25  61  76  77  31  30  72  75  24  64  63  80  74  87  81  91  92  93  94  96  97  98  99  100  101  102  103  


  ==> Energy                -305.935556269
  ==> dE                       -5.59e-06
  ==> Gradient Norm             2.54e-01
  ==> Abs. Max. Deriv.          3.74e-02
  ==> Time-Grad. (s)             170.161
  ==> Time-Energy (s)             29.529
  ==> Time-Iter. (s)             201.135

--------------------------------------------------------------------------------
CEO-ADAPT-VQE iteration: 255
--------------------------------------------------------------------------------
    gate        derivative      name       op1       op2       op3        g_unscaled   penalty
    1005       -0.00059540      a_ia      1005                           -0.00119079         2
    1359        0.00054963      a_ia      1359                            0.00109927         2
    1110       -0.00049383      a_ia      1110                           -0.00098767         2
    1372        0.00046846      a_ia      1372                            0.00093691         2
     977       -0.00038112      a_ia       977                           -0.00457349        12
    1287        0.00037079      a_ia      1287                            0.00815737        22
   81305       -0.00036305        op     32140     32141                 -0.00907631        25
   81306       -0.00036303        om     32140     32141                 -0.00907565        25
   86957       -0.00034223        op     36472     36473                 -0.02429836        71
    1358        0.00033586      a_ia      1358                            0.00403036        12

  ==> Add operator: a_ia 1005
  ==> Current qubit order: 2  3  4  5  8  9  10  11  14  16  17  13  12  20  58  19  59  28  21  26  29  22  15  18  27  67  36  37  39  40  42  44  0  1  48  71  70  62  41  7  56  6  95  43  57  33  32  88  23  89  45  90  35  84  53  49  79  66  38  54  52  46  85  34  86  83  51  65  73  82  47  55  78  50  68  60  69  25  61  76  77  31  30  72  75  24  64  63  80  74  87  81  91  92  93  94  96  97  98  99  100  101  102  103  


  ==> Energy                -305.935556491
  ==> dE                       -2.22e-07
  ==> Gradient Norm             2.62e-01
  ==> Abs. Max. Deriv.          3.74e-02
  ==> Time-Grad. (s)             228.042
  ==> Time-Energy (s)             30.267
  ==> Time-Iter. (s)             259.773

--------------------------------------------------------------------------------
CEO-ADAPT-VQE iteration: 256
--------------------------------------------------------------------------------
    gate        derivative      name       op1       op2       op3        g_unscaled   penalty
    1364        0.00054833      a_ia      1364                            0.00109666         2
    1113       -0.00049341      a_ia      1113                           -0.00098683         2
    1377        0.00046518      a_ia      1377                            0.00093036         2
     979       -0.00037560      a_ia       979                           -0.00450724        12
    1292        0.00037162      a_ia      1292                            0.00817564        22
   88326       -0.00035541        om     37547     37548                 -0.03305290        93
   88325       -0.00033650        op     37547     37548                 -0.03129444        93
    1363        0.00033587      a_ia      1363                            0.00403048        12
    1383       -0.00031847      a_ia      1383                           -0.00063695         2
   37547       -0.00029517    a_iajb     37547                           -0.03217367       109

  ==> Add operator: a_ia 1364
  ==> Current qubit order: 2  3  4  5  8  9  10  11  14  16  17  13  12  20  58  19  59  28  21  26  29  22  15  18  27  67  36  37  39  40  42  44  0  1  48  71  70  62  41  7  56  6  95  43  57  33  32  88  23  89  45  90  35  84  53  49  79  66  38  54  52  46  85  34  86  83  51  65  73  82  47  55  78  50  68  60  69  25  61  76  77  31  30  72  75  24  64  63  80  74  87  81  91  92  93  94  96  97  98  99  100  101  102  103  


  ==> Energy                -305.935556892
  ==> dE                       -4.00e-07
  ==> Gradient Norm             2.69e-01
  ==> Abs. Max. Deriv.          3.74e-02
  ==> Time-Grad. (s)             166.724
  ==> Time-Energy (s)             31.735
  ==> Time-Iter. (s)             199.895

--------------------------------------------------------------------------------
CEO-ADAPT-VQE iteration: 257
--------------------------------------------------------------------------------
    gate        derivative      name       op1       op2       op3        g_unscaled   penalty
   91745        0.00076629        op     40178     40179                  0.03448292        45
   91746        0.00076540        om     40178     40179                  0.03444296        45
   40178        0.00056497    a_iajb     40178                            0.03446294        61
    1114       -0.00049366      a_ia      1114                           -0.00098733         2
    1379        0.00046656      a_ia      1379                            0.00093311         2
     980       -0.00037546      a_ia       980                           -0.00450551        12
    1293        0.00037052      a_ia      1293                            0.00815151        22
    1365        0.00033516      a_ia      1365                            0.00402190        12
    1385       -0.00032051      a_ia      1385                           -0.00064102         2
     942        0.00028661      a_ia       942                            0.00171966         6

  ==> Add operator: mvp2 -1: 40178 40179
  ==> Current qubit order: 2  3  4  5  8  9  10  11  14  16  17  13  12  20  58  19  59  28  21  26  29  22  15  18  27  67  36  37  39  40  42  44  0  1  48  71  70  62  41  7  56  6  95  43  57  33  32  88  23  89  45  90  35  84  49  79  66  38  53  54  46  51  52  85  34  86  83  65  73  82  47  55  78  50  68  60  69  25  61  76  77  31  30  72  75  24  64  63  80  74  87  81  91  92  93  94  96  97  98  99  100  101  102  103  


  ==> Energy                -305.936068266
  ==> dE                       -5.11e-04
  ==> Gradient Norm             2.66e-01
  ==> Abs. Max. Deriv.          3.74e-02
  ==> Time-Grad. (s)             166.464
  ==> Time-Energy (s)             44.555
  ==> Time-Iter. (s)             212.472

--------------------------------------------------------------------------------
CEO-ADAPT-VQE iteration: 258
--------------------------------------------------------------------------------
    gate        derivative      name       op1       op2       op3        g_unscaled   penalty
    1285       -0.00049921      a_ia      1285                           -0.00199686         4
    1377        0.00045951      a_ia      1377                            0.00275706         6
   92727        0.00039395        op     40701     40702                  0.02324301        59
   92728        0.00039095        om     40701     40702                  0.02306595        59
     982       -0.00037734      a_ia       982                           -0.00452808        12
    1286        0.00035805      a_ia      1286                            0.00071610         2
     968        0.00034182      a_ia       968                            0.00205095         6
    1367        0.00033821      a_ia      1367                            0.00405849        12
    1295        0.00033639      a_ia      1295                            0.00807341        24
   40701        0.00030873    a_iajb     40701                            0.02315448        75

  ==> Add operator: a_ia 1285
  ==> Current qubit order: 2  3  4  5  8  9  10  11  14  16  17  13  12  20  58  19  59  28  21  26  29  22  15  18  27  67  36  37  39  40  42  44  0  1  48  71  70  62  41  7  56  6  95  43  57  33  32  88  23  89  45  90  35  84  49  79  66  38  53  54  51  46  52  85  34  86  83  65  73  82  47  55  78  50  68  60  69  25  61  76  77  31  30  72  75  24  64  63  80  74  87  81  91  92  93  94  96  97  98  99  100  101  102  103  


  ==> Energy                -305.936071096
  ==> dE                       -2.83e-06
  ==> Gradient Norm             2.52e-01
  ==> Abs. Max. Deriv.          3.74e-02
  ==> Time-Grad. (s)             169.218
  ==> Time-Energy (s)             34.108
  ==> Time-Iter. (s)             204.783

--------------------------------------------------------------------------------
CEO-ADAPT-VQE iteration: 259
--------------------------------------------------------------------------------
    gate        derivative      name       op1       op2       op3        g_unscaled   penalty
    1380        0.00070337      a_ia      1380                            0.00281349         4
     985       -0.00037877      a_ia       985                           -0.00454524        12
    1298        0.00036562      a_ia      1298                            0.00804356        22
     971        0.00034885      a_ia       971                            0.00209311         6
    1370        0.00033839      a_ia      1370                            0.00406070        12
    1313        0.00030916      a_ia      1313                            0.00185496         6
     946        0.00029811      a_ia       946                            0.00178864         6
     967        0.00027211      a_ia       967                            0.00326535        12
    1315        0.00026931      a_ia      1315                            0.00107723         4
   83824       -0.00026097        om     34053     34054                 -0.00808996        31

  ==> Add operator: a_ia 1380
  ==> Current qubit order: 2  3  4  5  8  9  10  11  14  16  17  13  12  20  58  19  59  28  21  26  29  22  15  18  27  67  36  37  39  40  42  44  0  1  48  71  70  62  41  7  56  6  95  43  57  33  32  88  23  89  45  90  35  84  49  79  66  38  54  53  51  46  52  85  34  86  83  65  73  82  47  55  78  50  68  60  69  25  61  76  77  31  30  72  75  24  64  63  80  74  87  81  91  92  93  94  96  97  98  99  100  101  102  103  


  ==> Energy                -305.936078519
  ==> dE                       -7.42e-06
  ==> Gradient Norm             2.53e-01
  ==> Abs. Max. Deriv.          3.74e-02
  ==> Time-Grad. (s)             170.532
  ==> Time-Energy (s)             22.777
  ==> Time-Iter. (s)             194.757

--------------------------------------------------------------------------------
CEO-ADAPT-VQE iteration: 260
--------------------------------------------------------------------------------
    gate        derivative      name       op1       op2       op3        g_unscaled   penalty
    1119       -0.00046703      a_ia      1119                           -0.00093406         2
    1311        0.00043496      a_ia      1311                            0.00086991         2
     985       -0.00037905      a_ia       985                           -0.00454866        12
    1298        0.00036259      a_ia      1298                            0.00797687        22
     971        0.00034005      a_ia       971                            0.00204029         6
    1370        0.00032216      a_ia      1370                            0.00386591        12
     946        0.00031645      a_ia       946                            0.00189872         6
    1313        0.00031346      a_ia      1313                            0.00188078         6
     944        0.00030526      a_ia       944                            0.00061052         2
     967        0.00029314      a_ia       967                            0.00351762        12

  ==> Add operator: a_ia 1119
  ==> Current qubit order: 2  3  4  5  8  9  10  11  14  16  17  13  12  20  58  19  59  28  21  26  29  22  15  18  27  67  36  37  39  40  42  44  0  1  48  71  70  62  41  7  56  6  95  43  57  33  32  88  23  89  45  90  35  84  49  79  66  38  54  53  51  46  52  85  34  86  83  65  73  82  47  55  78  50  68  60  69  25  61  76  77  31  30  72  75  24  64  63  80  74  87  81  91  92  93  94  96  97  98  99  100  101  102  103  


  ==> Energy                -305.936078948
  ==> dE                       -4.29e-07
  ==> Gradient Norm             2.59e-01
  ==> Abs. Max. Deriv.          3.74e-02
  ==> Time-Grad. (s)             229.241
  ==> Time-Energy (s)             29.393
  ==> Time-Iter. (s)             260.076

--------------------------------------------------------------------------------
CEO-ADAPT-VQE iteration: 261
--------------------------------------------------------------------------------
    gate        derivative      name       op1       op2       op3        g_unscaled   penalty
    1313        0.00043204      a_ia      1313                            0.00086407         2
   78523        0.00038855        op     29869     29870                  0.02214717        57
   78524        0.00038855        om     29869     29870                  0.02214717        57
     986       -0.00037902      a_ia       986                           -0.00454822        12
    1300        0.00036262      a_ia      1300                            0.00797770        22
     972        0.00034083      a_ia       972                            0.00204496         6
    1372        0.00032224      a_ia      1372                            0.00386685        12
     947        0.00031695      a_ia       947                            0.00190169         6
    1315        0.00031413      a_ia      1315                            0.00188478         6
   29869        0.00030339    a_iajb     29869                            0.02214717        73

  ==> Add operator: a_ia 1313
  ==> Current qubit order: 2  3  4  5  8  9  10  11  14  16  17  13  12  20  58  19  59  28  21  26  29  22  15  18  27  67  36  37  39  40  42  44  0  1  48  71  70  62  41  7  56  6  95  43  57  33  32  88  23  89  45  90  35  84  49  79  66  38  54  53  51  46  52  85  34  86  83  65  73  82  47  55  78  50  68  60  69  25  61  76  77  31  30  72  75  24  64  63  80  74  87  81  91  92  93  94  96  97  98  99  100  101  102  103  


  ==> Energy                -305.936079366
  ==> dE                       -4.19e-07
  ==> Gradient Norm             2.50e-01
  ==> Abs. Max. Deriv.          3.74e-02
  ==> Time-Grad. (s)             166.963
  ==> Time-Energy (s)             23.544
  ==> Time-Iter. (s)             191.942

--------------------------------------------------------------------------------
CEO-ADAPT-VQE iteration: 262
--------------------------------------------------------------------------------
    gate        derivative      name       op1       op2       op3        g_unscaled   penalty
   87158        0.00056723        om     36441     36442                  0.02325635        41
   87157        0.00056718        op     36441     36442                  0.02325424        41
   36441        0.00040799    a_iajb     36441                            0.02325529        57
     988       -0.00037765      a_ia       988                           -0.00453176        12
    1303        0.00036314      a_ia      1303                            0.00798914        22
   88785       -0.00034075        op     37697     37698                 -0.01260775        37
     974        0.00033940      a_ia       974                            0.00203639         6
    1375        0.00031919      a_ia      1375                            0.00383027        12
    1318        0.00031889      a_ia      1318                            0.00191333         6
     949        0.00031663      a_ia       949                            0.00189975         6

  ==> Add operator: mvp2 -1: 36441 36442
  ==> Current qubit order: 2  3  4  5  8  9  10  11  14  16  17  13  12  20  58  19  59  28  21  26  29  22  15  18  27  67  36  37  39  40  42  44  0  1  48  71  70  62  41  7  56  6  95  43  57  33  32  88  23  89  45  90  35  84  49  79  66  38  54  53  51  46  52  85  34  86  83  65  73  82  47  55  78  50  68  69  25  60  61  31  30  76  77  72  75  24  64  63  80  74  87  81  91  92  93  94  96  97  98  99  100  101  102  103  


  ==> Energy                -305.936157022
  ==> dE                       -7.77e-05
  ==> Gradient Norm             2.59e-01
  ==> Abs. Max. Deriv.          3.74e-02
  ==> Time-Grad. (s)             168.988
  ==> Time-Energy (s)             56.909
  ==> Time-Iter. (s)             227.363

--------------------------------------------------------------------------------
CEO-ADAPT-VQE iteration: 263
--------------------------------------------------------------------------------
    gate        derivative      name       op1       op2       op3        g_unscaled   penalty
     949        0.00095286      a_ia       949                            0.00190573         2
     988       -0.00037747      a_ia       988                           -0.00452964        12
    1304        0.00036327      a_ia      1304                            0.00799183        22
    1319        0.00031928      a_ia      1319                            0.00191569         6
    1352       -0.00029503      a_ia      1352                           -0.00354031        12
    1321        0.00026815      a_ia      1321                            0.00107260         4
    1016       -0.00024555      a_ia      1016                           -0.00049109         2
     991       -0.00024546      a_ia       991                           -0.00441833        18
    1378        0.00023948      a_ia      1378                            0.00383169        16
    1045        0.00023489      a_ia      1045                            0.00046978         2

  ==> Add operator: a_ia 949
  ==> Current qubit order: 2  3  4  5  8  9  10  11  14  16  17  13  12  20  58  19  59  28  21  26  29  22  15  18  27  67  36  37  39  40  42  44  0  1  48  71  70  62  41  7  56  6  95  43  57  33  32  88  23  89  45  90  35  84  49  79  66  38  54  53  51  46  52  85  34  86  83  65  73  82  47  55  78  50  68  69  25  60  61  31  30  76  77  72  75  24  64  63  80  74  87  81  91  92  93  94  96  97  98  99  100  101  102  103  


  ==> Energy                -305.936157781
  ==> dE                       -7.60e-07
  ==> Gradient Norm             2.56e-01
  ==> Abs. Max. Deriv.          3.74e-02
  ==> Time-Grad. (s)             168.067
  ==> Time-Energy (s)             24.946
  ==> Time-Iter. (s)             194.447

--------------------------------------------------------------------------------
CEO-ADAPT-VQE iteration: 264
--------------------------------------------------------------------------------
    gate        derivative      name       op1       op2       op3        g_unscaled   penalty
     989       -0.00037750      a_ia       989                           -0.00452997        12
    1305        0.00036249      a_ia      1305                            0.00797483        22
    1320        0.00031903      a_ia      1320                            0.00191421         6
    1353       -0.00029503      a_ia      1353                           -0.00354035        12
   72030       -0.00029253        op     24994     24995                 -0.01725902        59
   72031       -0.00028316        om     24994     24995                 -0.01670640        59
    1322        0.00026908      a_ia      1322                            0.00107633         4
    1017       -0.00024595      a_ia      1017                           -0.00049191         2
     992       -0.00024523      a_ia       992                           -0.00441413        18
    1379        0.00023937      a_ia      1379                            0.00382998        16

  ==> Add operator: a_ia 989
  ==> Current qubit order: 2  3  4  5  8  9  10  11  14  16  17  13  12  20  58  19  59  28  21  26  29  22  15  18  27  67  36  37  39  40  42  44  0  1  48  71  70  62  41  7  6  95  43  57  33  56  32  88  23  89  45  90  35  84  49  79  66  38  54  53  51  46  52  85  34  86  83  65  73  82  47  55  78  50  68  69  25  60  61  31  30  76  77  72  75  24  64  63  80  74  87  81  91  92  93  94  96  97  98  99  100  101  102  103  


  ==> Energy                -305.936165442
  ==> dE                       -7.66e-06
  ==> Gradient Norm             2.62e-01
  ==> Abs. Max. Deriv.          3.74e-02
  ==> Time-Grad. (s)             169.746
  ==> Time-Energy (s)             27.248
  ==> Time-Iter. (s)             198.423

--------------------------------------------------------------------------------
CEO-ADAPT-VQE iteration: 265
--------------------------------------------------------------------------------
    gate        derivative      name       op1       op2       op3        g_unscaled   penalty
    1309        0.00036677      a_ia      1309                            0.00806898        22
    1324        0.00031311      a_ia      1324                            0.00187869         6
    1357       -0.00029495      a_ia      1357                           -0.00353946        12
    1326        0.00028787      a_ia      1326                            0.00115147         4
    1049        0.00024777      a_ia      1049                            0.00049555         2
     995       -0.00024437      a_ia       995                           -0.00439871        18
    1383        0.00023961      a_ia      1383                            0.00383377        16
     274        0.00022523      a_ia       274                            0.00180185         8
   73346       -0.00022249        om     25936     25937                 -0.02069171        93
     974        0.00022189      a_ia       974                            0.00355028        16

  ==> Add operator: a_ia 1309
  ==> Current qubit order: 2  3  4  5  8  9  10  11  14  16  17  13  12  20  58  19  59  28  21  26  29  22  15  18  27  67  36  37  39  40  42  44  0  1  48  71  70  62  41  7  6  95  43  57  33  56  32  88  23  89  45  90  35  84  49  79  66  38  54  53  51  52  85  34  86  83  65  73  82  47  55  46  78  50  68  69  25  60  61  31  30  76  77  72  75  24  64  63  80  74  87  81  91  92  93  94  96  97  98  99  100  101  102  103  


  ==> Energy                -305.936182553
  ==> dE                       -1.71e-05
  ==> Gradient Norm             2.56e-01
  ==> Abs. Max. Deriv.          3.74e-02
  ==> Time-Grad. (s)             229.359
  ==> Time-Energy (s)             27.965
  ==> Time-Iter. (s)             258.768

--------------------------------------------------------------------------------
CEO-ADAPT-VQE iteration: 266
--------------------------------------------------------------------------------
    gate        derivative      name       op1       op2       op3        g_unscaled   penalty
    1315        0.00030798      a_ia      1315                            0.00184788         6
    1328        0.00030056      a_ia      1328                            0.00180334         6
    1361       -0.00029491      a_ia      1361                           -0.00353891        12
    1052        0.00027174      a_ia      1052                            0.00054348         2
    1330        0.00026046      a_ia      1330                            0.00104185         4
     998       -0.00024404      a_ia       998                           -0.00439274        18
    1387        0.00024352      a_ia      1387                            0.00389635        16
     977        0.00022234      a_ia       977                            0.00355748        16
   45066       -0.00021913        om      4773      4774                 -0.00986093        45
   45065       -0.00021913        op      4773      4774                 -0.00986089        45

  ==> Add operator: a_ia 1315
  ==> Current qubit order: 2  3  4  5  8  9  10  11  14  16  17  13  12  20  58  19  59  28  21  26  29  22  15  18  27  67  36  37  39  40  42  44  0  1  48  71  70  62  41  7  6  95  43  57  33  56  32  88  23  89  45  90  35  84  49  79  66  38  54  53  51  52  85  34  86  83  65  73  47  55  82  46  78  50  68  69  25  60  61  31  30  76  77  72  75  24  64  63  80  74  87  81  91  92  93  94  96  97  98  99  100  101  102  103  


  ==> Energy                -305.936183440
  ==> dE                       -8.87e-07
  ==> Gradient Norm             2.58e-01
  ==> Abs. Max. Deriv.          3.74e-02
  ==> Time-Grad. (s)             238.759
  ==> Time-Energy (s)             36.245
  ==> Time-Iter. (s)             276.445

--------------------------------------------------------------------------------
CEO-ADAPT-VQE iteration: 267
--------------------------------------------------------------------------------
    gate        derivative      name       op1       op2       op3        g_unscaled   penalty
    1332        0.00051002      a_ia      1332                            0.00102003         2
    1330        0.00045514      a_ia      1330                            0.00182054         4
    1363       -0.00029489      a_ia      1363                           -0.00353871        12
    1054        0.00025003      a_ia      1054                            0.00050006         2
    1000       -0.00024427      a_ia      1000                           -0.00439682        18
    1389        0.00024046      a_ia      1389                            0.00384736        16
    1390       -0.00023417      a_ia      1390                           -0.00046835         2
   88914        0.00023125        op     37685     37686                  0.02150633        93
   88915        0.00023125        op     37685     37686                  0.02150633        93
     979        0.00022179      a_ia       979                            0.00354856        16

  ==> Add operator: a_ia 1332
  ==> Current qubit order: 2  3  4  5  8  9  10  11  14  16  17  13  12  20  58  19  59  28  21  26  29  22  15  18  27  67  36  37  39  40  42  44  0  1  48  71  70  62  41  7  6  95  43  57  33  56  32  88  23  89  45  90  35  84  49  79  66  38  54  53  51  52  85  34  86  83  65  73  47  55  82  46  78  50  68  69  25  60  61  31  30  76  77  72  75  24  64  63  80  74  87  81  91  92  93  94  96  97  98  99  100  101  102  103  


  ==> Energy                -305.936183792
  ==> dE                       -3.52e-07
  ==> Gradient Norm             2.64e-01
  ==> Abs. Max. Deriv.          3.74e-02
  ==> Time-Grad. (s)             169.810
  ==> Time-Energy (s)             27.366
  ==> Time-Iter. (s)             198.614

--------------------------------------------------------------------------------

--------------------------------------------------------------------------------
RESTART
--------------------------------------------------------------------------------

Last Energy: -305.936691691

--------------------------------------------------------------------------------
CEO-ADAPT-VQE iteration: 268
--------------------------------------------------------------------------------
    gate        derivative      name       op1       op2       op3        g_unscaled   penalty
     999        0.00191783      a_ia       999                            0.00383567         2
     960        0.00126753      a_ia       960                            0.00253507         2
    1335        0.00077014      a_ia      1335                            0.00154029         2
      60       -0.00071910      a_ia        60                           -0.01150554        16
     239       -0.00054332      a_ia       239                           -0.00325990         6
    1318        0.00041581      a_ia      1318                            0.00083162         2
   87443        0.00038614        om     36701     36702                  0.01737608        45
   87442        0.00038612        op     36701     36702                  0.01737520        45
     958       -0.00032497      a_ia       958                           -0.00194985         6
    1366       -0.00030542      a_ia      1366                           -0.00366509        12

  ==> Add operator: a_ia 999
  ==> Current qubit order: 2  3  4  5  8  9  10  11  14  16  17  13  12  20  58  19  59  28  21  26  29  22  15  18  27  67  36  37  39  40  42  44  0  1  48  71  70  62  41  7  6  95  43  57  33  56  32  88  23  89  45  90  35  84  49  79  66  38  54  53  51  52  85  34  86  83  65  73  47  55  82  46  78  50  68  69  25  60  61  31  30  76  77  72  75  24  64  63  80  74  87  81  91  92  93  94  96  97  98  99  100  101  102  103  


  ==> Energy                -305.936697650
  ==> dE                       -5.96e-06
  ==> Gradient Norm             2.52e-01
  ==> Abs. Max. Deriv.          3.74e-02
  ==> Time-Grad. (s)             457.057
  ==> Time-Energy (s)             97.557
  ==> Time-Iter. (s)             556.293

--------------------------------------------------------------------------------
CEO-ADAPT-VQE iteration: 269
--------------------------------------------------------------------------------
    gate        derivative      name       op1       op2       op3        g_unscaled   penalty
     960        0.00126697      a_ia       960                            0.00253393         2
    1336        0.00073621      a_ia      1336                            0.00147241         2
      60       -0.00071723      a_ia        60                           -0.01147571        16
     239       -0.00054162      a_ia       239                           -0.00324972         6
    1319        0.00037374      a_ia      1319                            0.00074747         2
     958       -0.00032645      a_ia       958                           -0.00195868         6
    1394        0.00030635      a_ia      1394                            0.00061270         2
    1367       -0.00030550      a_ia      1367                           -0.00366597        12
    1340       -0.00028523      a_ia      1340                           -0.00171138         6
    1332        0.00024557      a_ia      1332                            0.00049114         2

  ==> Add operator: a_ia 960
  ==> Current qubit order: 2  3  4  5  8  9  10  11  14  16  17  13  12  20  58  19  59  28  21  26  29  22  15  18  27  67  36  37  39  40  42  44  0  1  48  71  70  62  41  7  6  95  43  57  33  56  32  88  23  89  45  90  35  84  49  79  66  38  54  53  51  52  85  34  86  83  65  73  47  55  82  46  78  50  68  69  25  60  61  31  30  76  77  72  75  24  64  63  80  74  87  81  91  92  93  94  96  97  98  99  100  101  102  103  


  ==> Energy                -305.936699146
  ==> dE                       -1.50e-06
  ==> Gradient Norm             2.53e-01
  ==> Abs. Max. Deriv.          3.74e-02
  ==> Time-Grad. (s)             457.381
  ==> Time-Energy (s)             97.532
  ==> Time-Iter. (s)             556.375

--------------------------------------------------------------------------------
CEO-ADAPT-VQE iteration: 270
--------------------------------------------------------------------------------
    gate        derivative      name       op1       op2       op3        g_unscaled   penalty
    1337        0.00073863      a_ia      1337                            0.00147726         2
      60       -0.00071714      a_ia        60                           -0.01147417        16
     240       -0.00054190      a_ia       240                           -0.00325141         6
   84679        0.00040611        om     34352     34353                  0.01502622        37
   84678        0.00040397        op     34352     34353                  0.01494703        37
    1320        0.00036276      a_ia      1320                            0.00072552         2
     959       -0.00031885      a_ia       959                           -0.00191313         6
    1395        0.00030788      a_ia      1395                            0.00061575         2
    1368       -0.00030550      a_ia      1368                           -0.00366600        12
    1341       -0.00028442      a_ia      1341                           -0.00170653         6

  ==> Add operator: a_ia 1337
  ==> Current qubit order: 2  3  4  5  8  9  10  11  14  16  17  13  12  20  58  19  59  28  21  26  29  22  15  18  27  67  36  37  39  40  42  44  0  1  48  71  70  62  41  7  6  95  43  57  33  56  32  88  23  89  45  90  35  84  49  79  66  38  54  53  51  52  85  34  86  83  65  73  47  55  82  46  78  50  68  69  25  60  61  31  30  76  77  72  75  24  64  63  80  74  87  81  91  92  93  94  96  97  98  99  100  101  102  103  


  ==> Energy                -305.936699856
  ==> dE                       -7.10e-07
  ==> Gradient Norm             2.65e-01
  ==> Abs. Max. Deriv.          3.74e-02
  ==> Time-Grad. (s)             454.537
  ==> Time-Energy (s)             90.336
  ==> Time-Iter. (s)             546.342

--------------------------------------------------------------------------------
CEO-ADAPT-VQE iteration: 271
--------------------------------------------------------------------------------
    gate        derivative      name       op1       op2       op3        g_unscaled   penalty
      60       -0.00071701      a_ia        60                           -0.01147209        16
     240       -0.00054121      a_ia       240                           -0.00324725         6
   87283        0.00035884        om     36518     36519                  0.01040642        29
   87282        0.00035853        op     36518     36519                  0.01039730        29
    1324        0.00035104      a_ia      1324                            0.00070208         2
     959       -0.00031831      a_ia       959                           -0.00190988         6
   71431        0.00031327        om     24542     24543                  0.01597671        51
   71430        0.00031303        op     24542     24543                  0.01596428        51
    1400        0.00030780      a_ia      1400                            0.00061561         2
    1373       -0.00030550      a_ia      1373                           -0.00366605        12

  ==> Add operator: a_ia 60
  ==> Current qubit order: 2  3  4  5  8  9  10  11  14  16  17  13  12  20  58  19  59  28  21  26  29  22  15  18  27  36  37  39  40  42  44  0  67  1  48  71  70  62  41  7  6  95  43  57  33  56  32  88  23  89  45  90  35  84  49  79  66  38  54  53  51  52  85  34  86  83  65  73  47  55  82  46  78  50  68  69  25  60  61  31  30  76  77  72  75  24  64  63  80  74  87  81  91  92  93  94  96  97  98  99  100  101  102  103  


  ==> Energy                -305.936717688
  ==> dE                       -1.78e-05
  ==> Gradient Norm             2.61e-01
  ==> Abs. Max. Deriv.          3.74e-02
  ==> Time-Grad. (s)             455.369
  ==> Time-Energy (s)             75.549
  ==> Time-Iter. (s)             532.395

--------------------------------------------------------------------------------
CEO-ADAPT-VQE iteration: 272
--------------------------------------------------------------------------------
    gate        derivative      name       op1       op2       op3        g_unscaled   penalty
     240       -0.00054077      a_ia       240                           -0.00324463         6
    1332        0.00034806      a_ia      1332                            0.00069612         2
   85531       -0.00032194        om     35081     35082                 -0.01577497        49
   85530       -0.00031877        op     35081     35082                 -0.01561990        49
     965       -0.00031611      a_ia       965                           -0.00189666         6
    1408        0.00031164      a_ia      1408                            0.00062328         2
    1381       -0.00030552      a_ia      1381                           -0.00366629        12
    1353       -0.00028060      a_ia      1353                           -0.00168358         6
   85020       -0.00027962        op     34706     34707                 -0.01929407        69
   85021       -0.00027804        om     34706     34707                 -0.01918453        69

  ==> Add operator: a_ia 240
  ==> Current qubit order: 2  3  4  5  8  9  10  11  14  16  17  13  12  20  58  19  59  28  21  26  29  22  15  18  27  36  37  39  40  42  44  0  67  1  48  71  70  41  7  62  6  95  43  57  33  56  32  88  23  89  45  90  35  84  49  79  66  38  54  53  51  52  85  34  86  83  65  73  47  55  82  46  78  50  68  69  25  60  61  31  30  76  77  72  75  24  64  63  80  74  87  81  91  92  93  94  96  97  98  99  100  101  102  103  


  ==> Energy                -305.936719728
  ==> dE                       -2.04e-06
  ==> Gradient Norm             2.56e-01
  ==> Abs. Max. Deriv.          3.74e-02
  ==> Time-Grad. (s)             463.480
  ==> Time-Energy (s)             97.191
  ==> Time-Iter. (s)             562.133

--------------------------------------------------------------------------------
CEO-ADAPT-VQE iteration: 273
--------------------------------------------------------------------------------
    gate        derivative      name       op1       op2       op3        g_unscaled   penalty
    1336        0.00034206      a_ia      1336                            0.00068411         2
     969       -0.00031652      a_ia       969                           -0.00189913         6
    1412        0.00031041      a_ia      1412                            0.00062082         2
    1385       -0.00030552      a_ia      1385                           -0.00366624        12
    1016       -0.00028473      a_ia      1016                           -0.00398616        14
    1357       -0.00028000      a_ia      1357                           -0.00168000         6
     278        0.00027068      a_ia       278                            0.00162408         6
    1349        0.00024192      a_ia      1349                            0.00048385         2
     994        0.00023022      a_ia       994                            0.00368352        16
    1510       -0.00021765      a_ia      1510                           -0.00087059         4

  ==> Add operator: a_ia 1336
  ==> Current qubit order: 2  3  4  5  8  9  10  11  14  16  17  13  12  20  58  19  59  28  21  26  29  22  15  18  27  36  37  39  40  42  44  0  67  1  48  71  70  41  7  62  6  95  43  57  33  56  32  88  23  89  45  90  35  84  49  79  66  38  54  53  51  52  85  34  86  83  65  73  47  55  82  46  78  50  68  69  25  60  61  31  30  76  77  72  75  24  64  63  80  74  87  81  91  92  93  94  96  97  98  99  100  101  102  103  


  ==> Energy                -305.936719861
  ==> dE                       -1.34e-07
  ==> Gradient Norm             2.56e-01
  ==> Abs. Max. Deriv.          3.74e-02
  ==> Time-Grad. (s)             459.273
  ==> Time-Energy (s)             82.810
  ==> Time-Iter. (s)             543.524

--------------------------------------------------------------------------------
CEO-ADAPT-VQE iteration: 274
--------------------------------------------------------------------------------
    gate        derivative      name       op1       op2       op3        g_unscaled   penalty
     970       -0.00031537      a_ia       970                           -0.00189221         6
    1386       -0.00030551      a_ia      1386                           -0.00366618        12
    1414        0.00030431      a_ia      1414                            0.00060862         2
    1017       -0.00028469      a_ia      1017                           -0.00398560        14
    1358       -0.00028026      a_ia      1358                           -0.00168157         6
     278        0.00026985      a_ia       278                            0.00161909         6
    1350        0.00024409      a_ia      1350                            0.00048818         2
     995        0.00023026      a_ia       995                            0.00368413        16
    1512       -0.00021766      a_ia      1512                           -0.00087064         4
   45679        0.00020773        om      5454      5455                  0.02471957       119

  ==> Add operator: a_ia 970
  ==> Current qubit order: 2  3  4  5  8  9  10  11  14  16  17  13  12  20  58  19  59  28  21  26  29  22  15  18  27  36  37  39  40  42  44  0  67  1  48  71  70  41  7  62  6  95  43  57  33  56  32  88  23  89  45  90  35  84  49  79  66  38  54  53  51  52  85  34  86  83  65  73  47  55  82  46  78  50  68  69  25  60  61  31  76  77  30  72  75  24  64  63  80  74  87  81  91  92  93  94  96  97  98  99  100  101  102  103  


  ==> Energy                -305.936720892
  ==> dE                       -1.03e-06
  ==> Gradient Norm             2.50e-01
  ==> Abs. Max. Deriv.          3.74e-02
  ==> Time-Grad. (s)             459.273
  ==> Time-Energy (s)             85.387
  ==> Time-Iter. (s)             546.114

--------------------------------------------------------------------------------
CEO-ADAPT-VQE iteration: 275
--------------------------------------------------------------------------------
    gate        derivative      name       op1       op2       op3        g_unscaled   penalty
    1390       -0.00030551      a_ia      1390                           -0.00366607        12
    1418        0.00030286      a_ia      1418                            0.00060572         2
    1021       -0.00028442      a_ia      1021                           -0.00398192        14
    1362       -0.00027659      a_ia      1362                           -0.00165955         6
   88856        0.00027253        op     37777     37778                  0.01607944        59
   88857        0.00027253        op     37777     37778                  0.01607944        59
     278        0.00026918      a_ia       278                            0.00161507         6
   88860        0.00025357        op     37777     37779                  0.01496047        59
   88861        0.00025357        op     37777     37779                  0.01496047        59
    1354        0.00023585      a_ia      1354                            0.00047169         2

  ==> Add operator: a_ia 1390
  ==> Current qubit order: 2  3  4  5  8  9  10  11  14  16  17  13  12  20  58  19  59  28  21  26  29  22  15  18  27  36  37  39  40  42  44  0  67  1  48  71  70  41  7  62  6  95  43  57  33  56  32  88  23  89  45  90  35  84  79  66  38  54  53  49  51  52  85  34  86  83  65  73  47  55  82  46  78  50  68  69  25  60  61  31  76  77  30  72  75  24  64  63  80  74  87  81  91  92  93  94  96  97  98  99  100  101  102  103  


  ==> Energy                -305.936918633
  ==> dE                       -1.98e-04
  ==> Gradient Norm             2.57e-01
  ==> Abs. Max. Deriv.          3.74e-02
  ==> Time-Grad. (s)             453.601
  ==> Time-Energy (s)           4601.172
  ==> Time-Iter. (s)            5056.183

--------------------------------------------------------------------------------
CEO-ADAPT-VQE iteration: 276
--------------------------------------------------------------------------------
    gate        derivative      name       op1       op2       op3        g_unscaled   penalty
    1079        0.00267936      a_ia      1079                            0.00535872         2
      60        0.00163095      a_ia        60                            0.00326191         2
    1019       -0.00109015      a_ia      1019                           -0.00218029         2
    1360        0.00091910      a_ia      1360                            0.00183821         2
     662        0.00078793      a_ia       662                            0.00157585         2
    1343        0.00070905      a_ia      1343                            0.00141810         2
     975        0.00056146      a_ia       975                            0.00112292         2
    1420        0.00051729      a_ia      1420                            0.00103458         2
    1356        0.00041338      a_ia      1356                            0.00082676         2
    1345        0.00035865      a_ia      1345                            0.00071731         2

  ==> Add operator: a_ia 1079
  ==> Current qubit order: 2  3  4  5  8  9  10  11  14  16  17  13  12  20  58  19  59  28  21  26  29  22  15  18  27  36  37  39  40  42  44  0  67  1  48  71  70  41  7  62  6  95  43  57  33  56  32  88  23  89  45  90  35  84  79  66  38  54  53  49  51  52  85  34  86  83  65  73  47  55  82  46  78  50  68  69  25  60  61  31  76  77  30  72  75  24  64  63  80  74  87  81  91  92  93  94  96  97  98  99  100  101  102  103  


  ==> Energy                -305.936924106
  ==> dE                       -5.47e-06
  ==> Gradient Norm             2.59e-01
  ==> Abs. Max. Deriv.          3.74e-02
  ==> Time-Grad. (s)             523.092
  ==> Time-Energy (s)             85.042
  ==> Time-Iter. (s)             609.658

--------------------------------------------------------------------------------
CEO-ADAPT-VQE iteration: 277
--------------------------------------------------------------------------------
    gate        derivative      name       op1       op2       op3        g_unscaled   penalty
      60        0.00163503      a_ia        60                            0.00327006         2
    1021       -0.00109578      a_ia      1021                           -0.00219156         2
    1362        0.00092478      a_ia      1362                            0.00184955         2
     663        0.00079937      a_ia       663                            0.00159874         2
    1345        0.00072055      a_ia      1345                            0.00144110         2
     977        0.00055270      a_ia       977                            0.00110540         2
    1422        0.00054217      a_ia      1422                            0.00108433         2
    1358        0.00046752      a_ia      1358                            0.00093504         2
    1347        0.00031819      a_ia      1347                            0.00063639         2
    1360        0.00029768      a_ia      1360                            0.00119070         4

  ==> Add operator: a_ia 60
  ==> Current qubit order: 2  3  4  5  8  9  10  11  14  16  17  13  12  20  58  19  59  28  21  26  29  22  15  18  27  36  37  39  40  42  44  0  67  1  48  71  70  41  7  62  6  95  43  57  33  56  32  88  23  89  45  90  35  84  79  66  38  54  53  49  51  52  85  34  86  83  65  73  47  55  82  46  78  50  68  69  25  60  61  31  76  77  30  72  75  24  64  63  80  74  87  81  91  92  93  94  96  97  98  99  100  101  102  103  


  ==> Energy                -305.936925511
  ==> dE                       -1.41e-06
  ==> Gradient Norm             2.59e-01
  ==> Abs. Max. Deriv.          3.74e-02
  ==> Time-Grad. (s)             450.657
  ==> Time-Energy (s)            100.422
  ==> Time-Iter. (s)             552.554

--------------------------------------------------------------------------------
CEO-ADAPT-VQE iteration: 278
--------------------------------------------------------------------------------
    gate        derivative      name       op1       op2       op3        g_unscaled   penalty
    1022       -0.00109185      a_ia      1022                           -0.00218370         2
    1363        0.00092580      a_ia      1363                            0.00185161         2
     664        0.00079807      a_ia       664                            0.00159614         2
    1346        0.00072143      a_ia      1346                            0.00144286         2
     978        0.00055090      a_ia       978                            0.00110179         2
    1423        0.00054108      a_ia      1423                            0.00108216         2
    1359        0.00046877      a_ia      1359                            0.00093754         2
    1348        0.00032093      a_ia      1348                            0.00064186         2
    1361        0.00029506      a_ia      1361                            0.00118024         4
    1025       -0.00029176      a_ia      1025                           -0.00408470        14

  ==> Add operator: a_ia 1022
  ==> Current qubit order: 2  3  4  5  8  9  10  11  14  16  17  13  12  20  58  19  59  28  21  26  29  22  15  18  27  36  37  39  40  42  44  0  67  1  48  71  70  41  7  62  6  95  43  57  33  56  32  88  23  89  45  90  35  84  79  66  38  54  53  49  51  52  85  34  86  83  65  73  47  55  82  46  78  50  68  69  25  60  61  31  76  77  30  72  75  24  64  63  80  74  87  81  91  92  93  94  96  97  98  99  100  101  102  103  


  ==> Energy                -305.936927235
  ==> dE                       -1.72e-06
  ==> Gradient Norm             2.49e-01
  ==> Abs. Max. Deriv.          3.74e-02
  ==> Time-Grad. (s)             465.352
  ==> Time-Energy (s)            102.387
  ==> Time-Iter. (s)             569.196

--------------------------------------------------------------------------------
CEO-ADAPT-VQE iteration: 279
--------------------------------------------------------------------------------
    gate        derivative      name       op1       op2       op3        g_unscaled   penalty
    1368        0.00094377      a_ia      1368                            0.00188753         2
     668        0.00079850      a_ia       668                            0.00159699         2
    1351        0.00074370      a_ia      1351                            0.00148739         2
     982        0.00055317      a_ia       982                            0.00110634         2
    1428        0.00053893      a_ia      1428                            0.00107786         2
    1364        0.00045537      a_ia      1364                            0.00091073         2
    1353        0.00034758      a_ia      1353                            0.00069516         2
   75830       -0.00030734        op     27960     27961                 -0.01444515        47
   75831       -0.00030734        om     27960     27961                 -0.01444515        47
    1029       -0.00029123      a_ia      1029                           -0.00407724        14

  ==> Add operator: a_ia 1368
  ==> Current qubit order: 2  3  4  5  8  9  10  11  14  16  17  13  12  20  58  19  59  28  21  26  29  22  15  18  27  36  37  39  40  42  44  0  67  1  48  71  70  41  7  62  6  95  43  57  33  56  32  88  23  89  45  90  35  84  79  66  38  54  53  49  51  52  85  34  86  83  65  73  47  55  82  46  78  50  68  69  25  60  61  31  76  77  30  72  75  24  64  63  80  74  87  81  91  92  93  94  96  97  98  99  100  101  102  103  


  ==> Energy                -305.936928272
  ==> dE                       -1.04e-06
  ==> Gradient Norm             2.60e-01
  ==> Abs. Max. Deriv.          3.74e-02
  ==> Time-Grad. (s)             476.354
  ==> Time-Energy (s)            109.390
  ==> Time-Iter. (s)             587.182

--------------------------------------------------------------------------------
CEO-ADAPT-VQE iteration: 280
--------------------------------------------------------------------------------
    gate        derivative      name       op1       op2       op3        g_unscaled   penalty
     668        0.00079437      a_ia       668                            0.00158874         2
    1351        0.00072945      a_ia      1351                            0.00145891         2
     982        0.00055513      a_ia       982                            0.00111026         2
    1428        0.00053886      a_ia      1428                            0.00107772         2
    1364        0.00045844      a_ia      1364                            0.00091687         2
    1353        0.00033657      a_ia      1353                            0.00067314         2
    1366        0.00029360      a_ia      1366                            0.00117442         4
    1029       -0.00029149      a_ia      1029                           -0.00408082        14
    1680        0.00027373      a_ia      1680                            0.00109491         4
     282        0.00026976      a_ia       282                            0.00161854         6

  ==> Add operator: a_ia 668
  ==> Current qubit order: 2  3  4  5  8  9  10  11  14  16  17  13  12  20  58  19  59  28  21  26  29  22  15  18  27  36  37  39  40  42  44  0  67  1  48  71  70  41  7  62  6  95  43  57  33  56  32  88  23  89  45  90  35  84  79  66  38  54  53  49  51  52  85  34  86  83  65  73  47  55  82  46  78  50  68  69  25  60  61  31  76  77  30  72  75  24  64  63  80  74  87  81  91  92  93  94  96  97  98  99  100  101  102  103  


  ==> Energy                -305.936929106
  ==> dE                       -8.35e-07
  ==> Gradient Norm             2.46e-01
  ==> Abs. Max. Deriv.          3.74e-02
  ==> Time-Grad. (s)             453.654
  ==> Time-Energy (s)             92.934
  ==> Time-Iter. (s)             548.024

--------------------------------------------------------------------------------
CEO-ADAPT-VQE iteration: 281
--------------------------------------------------------------------------------
    gate        derivative      name       op1       op2       op3        g_unscaled   penalty
    1351        0.00072860      a_ia      1351                            0.00145719         2
     982        0.00055446      a_ia       982                            0.00110892         2
    1428        0.00053650      a_ia      1428                            0.00107300         2
    1364        0.00047257      a_ia      1364                            0.00094514         2
   87134        0.00037540        op     36590     36591                  0.01914557        51
   87135        0.00037540        om     36590     36591                  0.01914520        51
   91875        0.00035687        om     40223     40224                  0.02747867        77
    1353        0.00033193      a_ia      1353                            0.00066386         2
   91874        0.00029727        op     40223     40224                  0.02288987        77
    1029       -0.00029251      a_ia      1029                           -0.00409517        14

  ==> Add operator: a_ia 1351
  ==> Current qubit order: 2  3  4  5  8  9  10  11  14  16  17  13  12  20  58  19  59  28  21  26  29  22  15  18  27  36  37  39  40  42  44  0  67  1  48  71  70  41  7  62  6  95  43  57  33  56  32  88  23  89  45  90  35  84  79  66  38  54  53  49  51  52  85  34  86  83  65  73  47  55  82  46  78  50  68  69  25  60  61  31  76  77  30  72  75  24  64  63  80  74  87  81  91  92  93  94  96  97  98  99  100  101  102  103  


  ==> Energy                -305.936929744
  ==> dE                       -6.38e-07
  ==> Gradient Norm             2.54e-01
  ==> Abs. Max. Deriv.          3.74e-02
  ==> Time-Grad. (s)             449.937
  ==> Time-Energy (s)             92.660
  ==> Time-Iter. (s)             544.062

--------------------------------------------------------------------------------
CEO-ADAPT-VQE iteration: 282
--------------------------------------------------------------------------------
    gate        derivative      name       op1       op2       op3        g_unscaled   penalty
     983        0.00056198      a_ia       983                            0.00112396         2
    1429        0.00052339      a_ia      1429                            0.00104678         2
    1365        0.00047730      a_ia      1365                            0.00095460         2
    1354        0.00033500      a_ia      1354                            0.00067000         2
    1030       -0.00029243      a_ia      1030                           -0.00409397        14
    1367        0.00028755      a_ia      1367                            0.00115021         4
    1682        0.00027376      a_ia      1682                            0.00109505         4
     282        0.00026602      a_ia       282                            0.00159610         6
    1166       -0.00024484      a_ia      1166                           -0.00048968         2
    1008        0.00023202      a_ia      1008                            0.00371234        16

  ==> Add operator: a_ia 983
  ==> Current qubit order: 2  3  4  5  8  9  10  11  14  16  17  13  12  20  58  19  59  28  21  26  29  22  15  18  27  36  37  39  40  42  44  0  67  1  48  71  70  41  7  62  6  95  43  57  33  56  32  88  23  89  45  90  35  84  79  66  38  54  53  49  51  52  85  34  86  83  65  73  47  55  82  46  78  50  68  69  25  60  61  31  76  77  30  72  75  24  64  63  80  74  87  81  91  92  93  94  96  97  98  99  100  101  102  103  


  ==> Energy                -305.936929825
  ==> dE                       -8.11e-08
  ==> Gradient Norm             2.55e-01
  ==> Abs. Max. Deriv.          3.74e-02
  ==> Time-Grad. (s)             452.411
  ==> Time-Energy (s)             87.570
  ==> Time-Iter. (s)             541.439

--------------------------------------------------------------------------------
CEO-ADAPT-VQE iteration: 283
--------------------------------------------------------------------------------
    gate        derivative      name       op1       op2       op3        g_unscaled   penalty
    1433        0.00052379      a_ia      1433                            0.00104759         2
    1368        0.00047963      a_ia      1368                            0.00095925         2
    1357        0.00033289      a_ia      1357                            0.00066578         2
    1030       -0.00029250      a_ia      1030                           -0.00409498        14
    1370        0.00028760      a_ia      1370                            0.00115039         4
    1686        0.00027371      a_ia      1686                            0.00109485         4
     983        0.00026715      a_ia       983                            0.00053430         2
     282        0.00026621      a_ia       282                            0.00159725         6
    1168       -0.00024402      a_ia      1168                           -0.00048804         2
    1008        0.00023184      a_ia      1008                            0.00370945        16

  ==> Add operator: a_ia 1433
  ==> Current qubit order: 2  3  4  5  8  9  10  11  14  16  17  13  12  20  58  19  59  28  21  26  29  22  15  18  27  36  37  39  40  42  44  0  67  1  48  71  70  41  7  62  6  95  43  57  33  56  32  88  23  89  45  90  35  84  79  66  38  54  53  49  51  52  85  34  86  83  65  73  47  55  82  46  78  50  68  69  25  60  61  31  76  77  30  72  75  24  64  63  80  74  87  81  91  92  93  94  96  97  98  99  100  101  102  103  


  ==> Energy                -305.936930125
  ==> dE                       -3.00e-07
  ==> Gradient Norm             2.59e-01
  ==> Abs. Max. Deriv.          3.74e-02
  ==> Time-Grad. (s)             453.445
  ==> Time-Energy (s)             75.290
  ==> Time-Iter. (s)             530.194

--------------------------------------------------------------------------------
CEO-ADAPT-VQE iteration: 284
--------------------------------------------------------------------------------
    gate        derivative      name       op1       op2       op3        g_unscaled   penalty
   87321       -0.00056152        om     36612     36613                 -0.01965321        35
   87320       -0.00056147        op     36612     36613                 -0.01965143        35
    1368        0.00046778      a_ia      1368                            0.00093556         2
   36612       -0.00038534    a_iajb     36612                           -0.01965232        51
    1357        0.00031838      a_ia      1357                            0.00063677         2
    1030       -0.00029251      a_ia      1030                           -0.00409519        14
    1370        0.00028627      a_ia      1370                            0.00114507         4
    1686        0.00027373      a_ia      1686                            0.00109492         4
     983        0.00026800      a_ia       983                            0.00053600         2
     282        0.00026750      a_ia       282                            0.00160498         6

  ==> Add operator: om -1: 36612 36613
  ==> Current qubit order: 2  3  4  5  8  9  10  11  14  16  17  13  12  20  58  19  59  28  21  26  29  22  15  18  27  36  37  39  40  42  44  0  67  1  48  71  70  41  7  62  6  95  43  57  33  56  32  88  23  89  45  90  35  84  79  66  38  54  53  49  51  52  85  34  86  83  65  73  47  55  82  46  78  50  69  25  60  68  61  31  30  76  77  72  75  24  64  63  80  74  87  81  91  92  93  94  96  97  98  99  100  101  102  103  


  ==> Energy                -305.936984521
  ==> dE                       -5.44e-05
  ==> Gradient Norm             2.76e-01
  ==> Abs. Max. Deriv.          3.74e-02
  ==> Time-Grad. (s)             505.893
  ==> Time-Energy (s)             68.300
  ==> Time-Iter. (s)             575.628

--------------------------------------------------------------------------------
CEO-ADAPT-VQE iteration: 285
--------------------------------------------------------------------------------
    gate        derivative      name       op1       op2       op3        g_unscaled   penalty
    1369        0.00046751      a_ia      1369                            0.00093503         2
    1358        0.00031861      a_ia      1358                            0.00063722         2
    1031       -0.00029251      a_ia      1031                           -0.00409517        14
    1371        0.00028610      a_ia      1371                            0.00114441         4
    1687        0.00027366      a_ia      1687                            0.00109464         4
     282        0.00026760      a_ia       282                            0.00160558         6
    1169       -0.00024420      a_ia      1169                           -0.00048839         2
    1009        0.00023064      a_ia      1009                            0.00369032        16
     817       -0.00020797      a_ia       817                           -0.00083188         4
   45841        0.00020776        op      5564      5565                  0.02472298       119

  ==> Add operator: a_ia 1369
  ==> Current qubit order: 2  3  4  5  8  9  10  11  14  16  17  13  12  20  58  19  59  28  21  26  29  22  15  18  27  36  37  39  40  42  44  0  67  1  48  71  70  41  7  62  6  95  43  57  33  56  32  88  23  89  45  90  35  84  79  66  38  54  53  49  51  52  85  34  86  83  65  73  47  55  82  46  78  50  69  25  60  68  61  31  30  76  77  72  75  24  64  63  80  74  87  81  91  92  93  94  96  97  98  99  100  101  102  103  


  ==> Energy                -305.936985046
  ==> dE                       -5.26e-07
  ==> Gradient Norm             2.50e-01
  ==> Abs. Max. Deriv.          3.74e-02
  ==> Time-Grad. (s)             453.947
  ==> Time-Energy (s)             90.218
  ==> Time-Iter. (s)             545.613

--------------------------------------------------------------------------------
CEO-ADAPT-VQE iteration: 286
--------------------------------------------------------------------------------
    gate        derivative      name       op1       op2       op3        g_unscaled   penalty
    1360        0.00038359      a_ia      1360                            0.00076718         2
    1373        0.00029403      a_ia      1373                            0.00117611         4
    1031       -0.00029111      a_ia      1031                           -0.00407548        14
    1689        0.00027366      a_ia      1689                            0.00109466         4
     282        0.00026871      a_ia       282                            0.00161229         6
    1170       -0.00023985      a_ia      1170                           -0.00047970         2
    1009        0.00023053      a_ia      1009                            0.00368844        16
   87887        0.00022190        op     36770     36771                  0.02241218       101
   87888        0.00022190        om     36770     36771                  0.02241218       101
     817       -0.00020818      a_ia       817                           -0.00083273         4

  ==> Add operator: a_ia 1360
  ==> Current qubit order: 2  3  4  5  8  9  10  11  14  16  17  13  12  20  58  19  59  28  21  26  29  22  15  18  27  36  37  39  40  42  44  0  67  1  48  71  70  41  7  62  6  95  43  57  33  56  32  88  23  89  45  90  35  84  79  66  38  54  53  49  51  52  85  34  86  83  65  73  47  55  82  46  78  50  69  25  60  68  61  31  30  76  77  72  75  24  64  63  80  74  87  81  91  92  93  94  96  97  98  99  100  101  102  103  


  ==> Energy                -305.936985178
  ==> dE                       -1.32e-07
  ==> Gradient Norm             2.61e-01
  ==> Abs. Max. Deriv.          3.74e-02
  ==> Time-Grad. (s)             453.168
  ==> Time-Energy (s)            106.961
  ==> Time-Iter. (s)             561.598

--------------------------------------------------------------------------------
CEO-ADAPT-VQE iteration: 287
--------------------------------------------------------------------------------
    gate        derivative      name       op1       op2       op3        g_unscaled   penalty
   81883       -0.00049411        op     32383     32384                 -0.02223514        45
   81884       -0.00049408        om     32383     32384                 -0.02223373        45
   32383       -0.00036450    a_iajb     32383                           -0.02223444        61
   89093        0.00036051        op     37817     37818                  0.02271205        63
   89094        0.00036051        op     37817     37818                  0.02271205        63
   89097        0.00033591        op     37817     37819                  0.02116238        63
   89098        0.00033591        op     37817     37819                  0.02116238        63
    1373        0.00029541      a_ia      1373                            0.00118163         4
    1031       -0.00029120      a_ia      1031                           -0.00407681        14
   37817        0.00028781    a_iajb     37817                            0.02273690        79

  ==> Add operator: op -1: 32383 32384
  ==> Current qubit order: 2  3  4  5  8  9  10  11  14  16  17  13  12  20  58  19  59  26  28  21  29  22  15  18  27  36  37  39  40  42  44  0  67  1  48  71  70  41  7  62  6  95  43  57  33  56  32  88  23  89  45  90  35  84  79  66  38  54  53  49  51  52  85  34  86  83  65  73  47  55  82  46  78  50  69  25  60  68  61  31  30  76  77  72  75  24  64  63  80  74  87  81  91  92  93  94  96  97  98  99  100  101  102  103  


  ==> Energy                -305.937052921
  ==> dE                       -6.77e-05
  ==> Gradient Norm             2.67e-01
  ==> Abs. Max. Deriv.          3.74e-02
  ==> Time-Grad. (s)             453.915
  ==> Time-Energy (s)             78.231
  ==> Time-Iter. (s)             533.582

--------------------------------------------------------------------------------
CEO-ADAPT-VQE iteration: 288
--------------------------------------------------------------------------------
    gate        derivative      name       op1       op2       op3        g_unscaled   penalty
   88993        0.00052075        op     37910     37911                  0.02343371        45
   88994        0.00042362        om     37910     37911                  0.01906308        45
   37910        0.00034833    a_iajb     37910                            0.02124839        61
    1375        0.00029500      a_ia      1375                            0.00117999         4
    1033       -0.00029125      a_ia      1033                           -0.00407746        14
    1695        0.00027366      a_ia      1695                            0.00109465         4
     282        0.00026643      a_ia       282                            0.00159855         6
    1172       -0.00024074      a_ia      1172                           -0.00048147         2
    1011        0.00023034      a_ia      1011                            0.00368537        16
   71969        0.00022352        op     24990     24991                  0.00827042        37

  ==> Add operator: mvp2 -1: 37910 37911
  ==> Current qubit order: 2  3  4  5  8  9  10  11  14  16  17  13  12  20  58  19  59  26  28  21  29  22  15  18  27  36  37  39  40  42  44  0  67  1  48  71  70  41  7  62  6  95  43  57  33  56  32  88  23  89  45  90  35  84  79  66  38  54  53  49  51  52  85  86  83  65  73  34  47  55  60  82  46  78  50  69  25  68  61  31  30  76  77  72  75  24  64  63  80  74  87  81  91  92  93  94  96  97  98  99  100  101  102  103  


  ==> Energy                -305.937250943
  ==> dE                       -1.98e-04
  ==> Gradient Norm             2.61e-01
  ==> Abs. Max. Deriv.          3.74e-02
  ==> Time-Grad. (s)             447.567
  ==> Time-Energy (s)            184.772
  ==> Time-Iter. (s)             633.805

--------------------------------------------------------------------------------
CEO-ADAPT-VQE iteration: 289
--------------------------------------------------------------------------------
    gate        derivative      name       op1       op2       op3        g_unscaled   penalty
   88833        0.00041370        op     37783     37784                  0.02275346        55
   88834        0.00041370        op     37783     37784                  0.02275346        55
   88837        0.00038561        op     37783     37785                  0.02120877        55
   88838        0.00038561        op     37783     37785                  0.02120877        55
   87127       -0.00033083        op     36500     36501                 -0.02415024        73
   37783        0.00032076    a_iajb     37783                            0.02277395        71
   87128       -0.00031840        om     36500     36501                 -0.02324318        73
    1035       -0.00029211      a_ia      1035                           -0.00408957        14
    1699        0.00027819      a_ia      1699                            0.00111275         4
     282        0.00026691      a_ia       282                            0.00160149         6

  ==> Add operator: mvp3 -1: 37783 37784 37785
  ==> Current qubit order: 2  3  4  5  8  9  10  11  14  16  17  13  12  20  58  19  59  26  28  21  29  22  15  18  27  36  37  39  40  42  44  0  67  1  48  71  70  41  7  62  6  95  43  57  33  56  32  88  23  89  45  90  35  84  79  66  38  53  49  51  52  85  83  65  54  86  34  46  73  47  55  60  82  78  50  69  25  68  61  31  30  76  77  72  75  24  64  63  80  74  87  81  91  92  93  94  96  97  98  99  100  101  102  103  


  ==> Energy                -305.937358821
  ==> dE                       -1.08e-04
  ==> Gradient Norm             2.53e-01
  ==> Abs. Max. Deriv.          3.74e-02
  ==> Time-Grad. (s)             454.323
  ==> Time-Energy (s)            236.252
  ==> Time-Iter. (s)             692.029

--------------------------------------------------------------------------------
CEO-ADAPT-VQE iteration: 290
--------------------------------------------------------------------------------
    gate        derivative      name       op1       op2       op3        g_unscaled   penalty
    1860        0.00038049      a_ia      1860                            0.00076097         2
    1037       -0.00029195      a_ia      1037                           -0.00408737        14
    1701        0.00027880      a_ia      1701                            0.00111520         4
     283        0.00026677      a_ia       283                            0.00160062         6
    1095        0.00026341      a_ia      1095                            0.00052682         2
   84773        0.00024509        om     34556     34557                  0.01495067        61
   84772        0.00024505        op     34556     34557                  0.01494803        61
    1015        0.00023045      a_ia      1015                            0.00368719        16
   45866        0.00021131        op      5607      5608                  0.02472299       117
   45867        0.00021131        om      5607      5608                  0.02472299       117

  ==> Add operator: a_ia 1860
  ==> Current qubit order: 2  3  4  5  8  9  10  11  14  16  17  13  12  20  58  19  59  26  28  21  29  22  15  18  27  36  37  39  40  42  44  0  67  1  48  71  70  41  7  62  6  95  43  57  33  56  32  88  23  89  45  90  35  84  79  66  38  53  49  51  52  85  83  65  54  86  34  46  73  47  55  60  82  78  50  69  25  68  61  31  30  76  77  72  75  24  64  63  80  74  87  81  91  92  93  94  96  97  98  99  100  101  102  103  


  ==> Energy                -305.937394347
  ==> dE                       -3.55e-05
  ==> Gradient Norm             2.63e-01
  ==> Abs. Max. Deriv.          3.74e-02
  ==> Time-Grad. (s)             449.080
  ==> Time-Energy (s)             85.435
  ==> Time-Iter. (s)             535.932

--------------------------------------------------------------------------------
CEO-ADAPT-VQE iteration: 291
--------------------------------------------------------------------------------
    gate        derivative      name       op1       op2       op3        g_unscaled   penalty
   87633        0.00060514        op     36723     36724                  0.03449292        57
   87634        0.00060514        om     36723     36724                  0.03449292        57
   36723        0.00047251    a_iajb     36723                            0.03449292        73
    1038       -0.00029199      a_ia      1038                           -0.00408787        14
    1703        0.00027917      a_ia      1703                            0.00111667         4
   87631        0.00027517        op     36721     36722                  0.02448985        89
   87632        0.00027517        om     36721     36722                  0.02448985        89
     283        0.00026677      a_ia       283                            0.00160059         6
    1096        0.00026190      a_ia      1096                            0.00052381         2
   36721        0.00023324    a_iajb     36721                            0.02448985       105

  ==> Add operator: op -1: 36723 36724
  ==> Current qubit order: 2  3  4  5  8  9  10  11  14  16  17  13  12  20  58  19  59  26  28  21  29  22  15  18  27  36  37  39  40  42  44  0  67  1  48  71  70  41  7  62  6  95  43  57  33  56  32  88  23  89  45  90  35  84  79  66  38  53  49  51  52  85  83  65  54  86  34  46  73  47  55  60  82  78  50  69  25  68  61  76  77  72  31  30  80  81  75  24  64  63  74  87  91  92  93  94  96  97  98  99  100  101  102  103  


  ==> Energy                -305.937511375
  ==> dE                       -1.17e-04
  ==> Gradient Norm             2.57e-01
  ==> Abs. Max. Deriv.          3.74e-02
  ==> Time-Grad. (s)             449.757
  ==> Time-Energy (s)             90.191
  ==> Time-Iter. (s)             541.378

--------------------------------------------------------------------------------
CEO-ADAPT-VQE iteration: 292
--------------------------------------------------------------------------------
    gate        derivative      name       op1       op2       op3        g_unscaled   penalty
    1044       -0.00029216      a_ia      1044                           -0.00409022        14
    1711        0.00027923      a_ia      1711                            0.00111692         4
    1001       -0.00026816      a_ia      1001                           -0.00053633         2
     284        0.00026695      a_ia       284                            0.00160171         6
    1102        0.00026184      a_ia      1102                            0.00052367         2
    1022        0.00025930      a_ia      1022                            0.00363014        14
   79978        0.00023735        op     31036     31037                  0.03204163       135
    1026        0.00023695      a_ia      1026                            0.00189560         8
   79979        0.00023153        om     31036     31037                  0.03125710       135
   45816        0.00021135        op      5637      5638                  0.02472851       117

  ==> Add operator: a_ia 1044
  ==> Current qubit order: 2  3  4  5  8  9  10  11  14  16  17  13  12  20  58  19  59  26  28  21  29  22  15  18  27  36  37  39  40  42  44  0  67  1  48  71  70  41  7  6  95  43  57  33  56  62  32  88  23  89  45  90  35  84  79  66  38  53  49  51  52  85  83  65  54  86  34  46  73  47  55  60  82  78  50  69  25  68  61  76  77  72  31  30  80  81  75  24  64  63  74  87  91  92  93  94  96  97  98  99  100  101  102  103  


  ==> Energy                -305.937516535
  ==> dE                       -5.16e-06
  ==> Gradient Norm             2.50e-01
  ==> Abs. Max. Deriv.          3.72e-02
  ==> Time-Grad. (s)             452.292
  ==> Time-Energy (s)            100.292
  ==> Time-Iter. (s)             554.007

--------------------------------------------------------------------------------
CEO-ADAPT-VQE iteration: 293
--------------------------------------------------------------------------------
    gate        derivative      name       op1       op2       op3        g_unscaled   penalty
    1103        0.00027992      a_ia      1103                            0.00055985         2
    1713        0.00027952      a_ia      1713                            0.00111808         4
     284        0.00026703      a_ia       284                            0.00160216         6
    1023        0.00025782      a_ia      1023                            0.00360954        14
    1002       -0.00025578      a_ia      1002                           -0.00051155         2
    1027        0.00023692      a_ia      1027                            0.00189536         8
   45839        0.00021135        op      5647      5648                  0.02472848       117
   45840        0.00021135        om      5647      5648                  0.02472848       117
   45192       -0.00020125        om      4999      5000                 -0.00986144        49
   45191       -0.00020125        op      4999      5000                 -0.00986141        49

  ==> Add operator: a_ia 1103
  ==> Current qubit order: 2  3  4  5  8  9  10  11  14  16  17  13  12  20  58  19  59  26  28  21  29  22  15  18  27  36  37  39  40  42  44  0  67  1  48  71  70  41  7  6  95  43  57  33  56  62  32  88  23  89  45  90  35  84  79  66  38  53  49  51  52  85  83  65  54  86  34  46  73  47  55  60  82  78  50  69  25  68  61  76  77  72  31  30  80  81  75  24  64  63  74  87  91  92  93  94  96  97  98  99  100  101  102  103  


  ==> Energy                -305.937516556
  ==> dE                       -2.13e-08
  ==> Gradient Norm             2.57e-01
  ==> Abs. Max. Deriv.          3.72e-02
  ==> Time-Grad. (s)             447.900
  ==> Time-Energy (s)             85.509
  ==> Time-Iter. (s)             534.851

--------------------------------------------------------------------------------
CEO-ADAPT-VQE iteration: 294
--------------------------------------------------------------------------------
    gate        derivative      name       op1       op2       op3        g_unscaled   penalty
   88979        0.00032863        op     37780     37781                  0.02924826        89
    1713        0.00027951      a_ia      1713                            0.00111805         4
   88980        0.00027193        om     37780     37781                  0.02420160        89
     284        0.00026669      a_ia       284                            0.00160015         6
   89284       -0.00026480        om     38015     38016                 -0.02780426       105
    1023        0.00025763      a_ia      1023                            0.00360684        14
    1002       -0.00025475      a_ia      1002                           -0.00050951         2
   37780        0.00025452    a_iajb     37780                            0.02672493       105
    1027        0.00023712      a_ia      1027                            0.00189697         8
   89283       -0.00021167        op     38015     38016                 -0.02222529       105

  ==> Add operator: mvp2 -1: 37780 37781
  ==> Current qubit order: 2  3  4  5  8  9  10  11  14  16  17  13  12  20  58  19  59  26  28  21  29  22  15  18  27  36  37  39  40  42  44  0  67  1  48  71  70  41  7  6  95  43  57  33  56  62  32  88  23  89  45  90  35  84  79  66  38  53  49  51  52  85  83  65  54  86  46  73  60  82  78  50  34  47  55  92  69  25  68  61  76  77  72  31  30  80  81  75  24  64  63  74  87  91  93  94  96  97  98  99  100  101  102  103  


  ==> Energy                -305.937697392
  ==> dE                       -1.81e-04
  ==> Gradient Norm             2.56e-01
  ==> Abs. Max. Deriv.          3.72e-02
  ==> Time-Grad. (s)             448.133
  ==> Time-Energy (s)            153.612
  ==> Time-Iter. (s)             603.181

--------------------------------------------------------------------------------
CEO-ADAPT-VQE iteration: 295
--------------------------------------------------------------------------------
    gate        derivative      name       op1       op2       op3        g_unscaled   penalty
    1110       -0.00083965      a_ia      1110                           -0.00503790         6
   92707        0.00029347        op     40646     40647                  0.03316255       113
   92708        0.00029346        om     40646     40647                  0.03316080       113
    1720        0.00027898      a_ia      1720                            0.00111592         4
     286        0.00026695      a_ia       286                            0.00160172         6
    1006       -0.00026263      a_ia      1006                           -0.00052525         2
    1027        0.00025818      a_ia      1027                            0.00361456        14
   40646        0.00025707    a_iajb     40646                            0.03316168       129
    1031        0.00023715      a_ia      1031                            0.00189719         8
   45865        0.00021135        op      5663      5664                  0.02472846       117

  ==> Add operator: a_ia 1110
  ==> Current qubit order: 2  3  4  5  8  9  10  11  14  16  17  13  12  20  58  19  59  26  28  21  29  22  15  18  27  36  37  39  40  42  44  0  67  1  48  71  70  41  7  6  95  43  57  33  56  62  32  88  23  89  45  90  35  84  79  66  38  53  49  51  52  85  83  65  54  86  46  73  60  82  78  50  47  55  34  92  69  25  68  61  76  77  72  31  30  80  81  75  24  64  63  74  87  91  93  94  96  97  98  99  100  101  102  103  


  ==> Energy                -305.937701780
  ==> dE                       -4.39e-06
  ==> Gradient Norm             2.58e-01
  ==> Abs. Max. Deriv.          3.72e-02
  ==> Time-Grad. (s)             451.812
  ==> Time-Energy (s)             82.980
  ==> Time-Iter. (s)             536.208

--------------------------------------------------------------------------------
CEO-ADAPT-VQE iteration: 296
--------------------------------------------------------------------------------
    gate        derivative      name       op1       op2       op3        g_unscaled   penalty
    1721        0.00027893      a_ia      1721                            0.00111573         4
     286        0.00026066      a_ia       286                            0.00156396         6
    1027        0.00025675      a_ia      1027                            0.00359446        14
    1006       -0.00024826      a_ia      1006                           -0.00049652         2
    1031        0.00023726      a_ia      1031                            0.00189811         8
   45859        0.00021135        op      5666      5667                  0.02472851       117
   45860        0.00021135        om      5666      5667                  0.02472851       117
   45210       -0.00020125        om      5016      5017                 -0.00986149        49
   45209       -0.00020125        op      5016      5017                 -0.00986145        49
    1074       -0.00019367      a_ia      1074                           -0.00038734         2

  ==> Add operator: a_ia 1721
  ==> Current qubit order: 2  3  4  5  8  9  10  11  14  16  17  13  12  20  58  19  59  26  28  21  29  22  15  18  27  36  37  39  40  42  44  0  67  1  48  71  70  41  7  6  95  43  57  33  56  62  32  88  23  89  45  90  35  79  84  66  38  53  49  51  52  85  83  65  54  86  46  73  60  82  78  50  47  55  34  92  69  25  68  61  76  77  72  31  30  80  81  75  24  64  63  74  87  91  93  94  96  97  98  99  100  101  102  103  


  ==> Energy                -305.937802076
  ==> dE                       -1.00e-04
  ==> Gradient Norm             2.63e-01
  ==> Abs. Max. Deriv.          3.72e-02
  ==> Time-Grad. (s)             452.313
  ==> Time-Energy (s)             92.668
  ==> Time-Iter. (s)             546.371

--------------------------------------------------------------------------------
CEO-ADAPT-VQE iteration: 297
--------------------------------------------------------------------------------
    gate        derivative      name       op1       op2       op3        g_unscaled   penalty
     286        0.00025855      a_ia       286                            0.00155129         6
    1029        0.00025773      a_ia      1029                            0.00360815        14
   79865        0.00024094        op     30871     30872                  0.03204551       133
    1008       -0.00024004      a_ia      1008                           -0.00048007         2
   89196        0.00023901        om     37915     37916                  0.02653062       111
    1033        0.00023714      a_ia      1033                            0.00189709         8
   79866        0.00023509        om     30871     30872                  0.03126714       133
   30871        0.00021246    a_iajb     30871                            0.03165633       149
   88861        0.00020996        op     37656     37657                  0.01616708        77
   88862        0.00020996        op     37656     37657                  0.01616708        77

  ==> Add operator: a_ia 286
  ==> Current qubit order: 2  3  4  5  8  9  10  11  14  16  17  13  12  20  58  19  59  26  28  21  29  22  15  18  27  36  37  39  40  42  44  0  67  1  48  70  41  71  7  6  95  43  57  33  56  62  32  88  23  89  45  90  35  79  84  66  38  53  49  51  52  85  83  65  54  86  46  73  60  82  78  50  47  55  34  92  69  25  68  61  76  77  72  31  30  80  81  75  24  64  63  74  87  91  93  94  96  97  98  99  100  101  102  103  


  ==> Energy                -305.937802534
  ==> dE                       -4.57e-07
  ==> Gradient Norm             2.67e-01
  ==> Abs. Max. Deriv.          3.72e-02
  ==> Time-Grad. (s)             488.414
  ==> Time-Energy (s)             85.451
  ==> Time-Iter. (s)             575.267

--------------------------------------------------------------------------------
CEO-ADAPT-VQE iteration: 298
--------------------------------------------------------------------------------
    gate        derivative      name       op1       op2       op3        g_unscaled   penalty
   89255        0.00037612        op     37865     37866                  0.02068646        55
   89256        0.00036293        om     37865     37866                  0.01996136        55
   37865        0.00028625    a_iajb     37865                            0.02032391        71
    1031        0.00025790      a_ia      1031                            0.00361063        14
    1010       -0.00023799      a_ia      1010                           -0.00047597         2
    1035        0.00023754      a_ia      1035                            0.00190034         8
   45284       -0.00022934        om      5032      5033                 -0.00986147        43
   45283       -0.00022934        op      5032      5033                 -0.00986144        43
   45937        0.00020792        op      5686      5687                  0.02474289       119
   45938        0.00020792        om      5686      5687                  0.02474289       119

  ==> Add operator: mvp2 -1: 37865 37866
  ==> Current qubit order: 2  3  4  5  8  9  10  11  14  16  17  13  12  20  58  19  59  26  28  21  29  22  15  18  27  36  37  39  40  42  44  0  67  1  48  70  41  71  7  6  95  43  57  33  56  62  32  88  23  89  45  90  35  79  84  66  38  53  49  51  52  85  65  54  46  73  83  86  47  34  60  82  78  50  55  92  69  25  68  61  76  77  72  31  30  80  81  75  24  64  63  74  87  91  93  94  96  97  98  99  100  101  102  103  


  ==> Energy                -305.937859778
  ==> dE                       -5.72e-05
  ==> Gradient Norm             2.59e-01
  ==> Abs. Max. Deriv.          3.72e-02
  ==> Time-Grad. (s)             454.968
  ==> Time-Energy (s)            168.362
  ==> Time-Iter. (s)             624.752

--------------------------------------------------------------------------------
CEO-ADAPT-VQE iteration: 299
--------------------------------------------------------------------------------
    gate        derivative      name       op1       op2       op3        g_unscaled   penalty
    1414       -0.00030411      a_ia      1414                           -0.00121645         4
    1033        0.00025790      a_ia      1033                            0.00361062        14
    1012       -0.00024117      a_ia      1012                           -0.00048234         2
    1037        0.00023699      a_ia      1037                            0.00189592         8
   45274       -0.00022934        om      5041      5042                 -0.00986148        43
   45273       -0.00022934        op      5041      5042                 -0.00986144        43
   45927        0.00020792        op      5695      5696                  0.02474292       119
   45928        0.00020792        om      5695      5696                  0.02474292       119
   85702       -0.00020580        om     35164     35165                 -0.01131901        55
   88469       -0.00020389        op     37287     37288                 -0.01529172        75

  ==> Add operator: a_ia 1414
  ==> Current qubit order: 2  3  4  5  8  9  10  11  14  16  17  13  12  20  58  19  59  26  28  21  29  22  15  18  27  36  37  39  40  42  44  0  67  1  48  70  41  71  7  6  95  43  57  33  56  62  32  88  23  89  45  90  35  79  84  66  38  53  49  51  52  85  65  54  46  73  86  83  47  34  60  82  78  50  55  92  69  25  68  61  76  77  72  31  30  80  81  75  24  64  63  74  87  91  93  94  96  97  98  99  100  101  102  103  


  ==> Energy                -305.937860077
  ==> dE                       -2.99e-07
  ==> Gradient Norm             2.62e-01
  ==> Abs. Max. Deriv.          4.17e-02
  ==> Time-Grad. (s)             454.311
  ==> Time-Energy (s)            102.724
  ==> Time-Iter. (s)             558.381

--------------------------------------------------------------------------------
CEO-ADAPT-VQE iteration: 300
--------------------------------------------------------------------------------
    gate        derivative      name       op1       op2       op3        g_unscaled   penalty
    1036        0.00025805      a_ia      1036                            0.00361269        14
    1015       -0.00024550      a_ia      1015                           -0.00049100         2
    1040        0.00023603      a_ia      1040                            0.00188826         8
   45267       -0.00022934        om      5047      5048                 -0.00986147        43
   45266       -0.00022934        op      5047      5048                 -0.00986144        43
   45920        0.00020792        op      5701      5702                  0.02474291       119
   45921        0.00020792        om      5701      5702                  0.02474291       119
    1084       -0.00019087      a_ia      1084                           -0.00038175         2
     841       -0.00018706      a_ia       841                           -0.00112238         6
    5701        0.00018328    a_iajb      5701                            0.02474291       135

  ==> Add operator: a_ia 1036
  ==> Current qubit order: 2  3  4  5  8  9  10  11  14  16  17  13  12  20  58  19  59  26  28  21  29  22  15  18  27  36  37  39  40  42  44  0  67  1  48  70  41  71  7  6  95  43  57  33  56  62  32  88  23  89  45  90  35  79  84  66  38  53  49  51  52  85  65  54  46  73  86  83  47  34  60  82  78  50  55  92  69  25  68  61  76  77  72  30  80  81  75  24  64  31  63  74  87  91  93  94  96  97  98  99  100  101  102  103  


  ==> Energy                -305.937866134
  ==> dE                       -6.06e-06
  ==> Gradient Norm             2.55e-01
  ==> Abs. Max. Deriv.          3.72e-02
  ==> Time-Grad. (s)             451.463
  ==> Time-Energy (s)           4012.526
  ==> Time-Iter. (s)            4465.310

--------------------------------------------------------------------------------
CEO-ADAPT-VQE iteration: 301
--------------------------------------------------------------------------------
    gate        derivative      name       op1       op2       op3        g_unscaled   penalty
     290        0.00083720      a_ia       290                            0.00167440         2
    1014       -0.00071723      a_ia      1014                           -0.00143447         2
    1121       -0.00049059      a_ia      1121                           -0.00294353         6
    1480        0.00046988      a_ia      1480                            0.00093976         2
    1047       -0.00039845      a_ia      1047                           -0.00239068         6
   91680        0.00034157        om     39842     39843                  0.01742000        51
    1016        0.00033260      a_ia      1016                            0.00199562         6
    1044        0.00032884      a_ia      1044                            0.00197304         6
    1060        0.00030049      a_ia      1060                            0.00120197         4
   91679        0.00027704        op     39842     39843                  0.01412923        51

  ==> Add operator: a_ia 290
  ==> Current qubit order: 2  3  4  5  8  9  10  11  14  16  17  13  12  20  58  19  59  26  28  21  29  22  15  18  27  36  37  39  40  42  44  0  67  1  48  70  41  71  7  6  95  43  57  33  56  62  32  88  23  89  45  90  35  79  84  66  38  53  49  51  52  85  65  54  46  73  86  83  47  34  60  82  78  50  55  92  69  25  68  61  76  77  72  30  80  81  75  24  64  31  63  74  87  91  93  94  96  97  98  99  100  101  102  103  


  ==> Energy                -305.937866644
  ==> dE                       -5.10e-07
  ==> Gradient Norm             2.56e-01
  ==> Abs. Max. Deriv.          3.72e-02
  ==> Time-Grad. (s)             456.299
  ==> Time-Energy (s)             93.081
  ==> Time-Iter. (s)             550.721

--------------------------------------------------------------------------------
CEO-ADAPT-VQE iteration: 302
--------------------------------------------------------------------------------
    gate        derivative      name       op1       op2       op3        g_unscaled   penalty
    1014       -0.00071612      a_ia      1014                           -0.00143223         2
    1121       -0.00049201      a_ia      1121                           -0.00295204         6
    1480        0.00047365      a_ia      1480                            0.00094730         2
    1047       -0.00039821      a_ia      1047                           -0.00238923         6
    1016        0.00033257      a_ia      1016                            0.00199540         6
    1044        0.00032937      a_ia      1044                            0.00197625         6
    1060        0.00029768      a_ia      1060                            0.00119073         4
    1040        0.00025924      a_ia      1040                            0.00051849         2
   45269       -0.00022886        om      5076      5077                 -0.00984098        43
   45268       -0.00022886        op      5076      5077                 -0.00984095        43

  ==> Add operator: a_ia 1014
  ==> Current qubit order: 2  3  4  5  8  9  10  11  14  16  17  13  12  20  58  19  59  26  28  21  29  22  15  18  27  36  37  39  40  42  44  0  67  1  48  70  41  71  7  6  95  43  57  33  56  62  32  88  23  89  45  90  35  79  84  66  38  53  49  51  52  85  65  54  46  73  86  83  47  34  60  82  78  50  55  92  69  25  68  61  76  77  72  30  80  81  75  24  64  31  63  74  87  91  93  94  96  97  98  99  100  101  102  103  


  ==> Energy                -305.937867497
  ==> dE                       -8.53e-07
  ==> Gradient Norm             2.51e-01
  ==> Abs. Max. Deriv.          3.72e-02
  ==> Time-Grad. (s)             451.991
  ==> Time-Energy (s)             88.235
  ==> Time-Iter. (s)             541.551

--------------------------------------------------------------------------------
CEO-ADAPT-VQE iteration: 303
--------------------------------------------------------------------------------
    gate        derivative      name       op1       op2       op3        g_unscaled   penalty
    1123       -0.00049067      a_ia      1123                           -0.00294404         6
    1483        0.00047232      a_ia      1483                            0.00094464         2
    1049       -0.00039492      a_ia      1049                           -0.00236953         6
    1018        0.00032616      a_ia      1018                            0.00195696         6
    1046        0.00032581      a_ia      1046                            0.00195488         6
    1062        0.00029831      a_ia      1062                            0.00119324         4
    1042        0.00026395      a_ia      1042                            0.00052789         2
    1016        0.00025950      a_ia      1016                            0.00051901         2
   45316       -0.00022886        om      5082      5083                 -0.00984097        43
   45315       -0.00022886        op      5082      5083                 -0.00984094        43

  ==> Add operator: a_ia 1123
  ==> Current qubit order: 2  3  4  5  8  9  10  11  14  16  17  13  12  20  58  19  59  26  28  21  29  22  15  18  27  36  37  39  40  42  44  0  67  1  48  70  41  71  7  6  95  43  57  33  56  62  32  88  23  89  45  90  35  79  84  66  38  53  49  51  52  85  65  54  46  73  83  47  86  34  60  82  78  50  55  92  69  25  68  61  76  77  72  30  80  81  75  24  64  31  63  74  87  91  93  94  96  97  98  99  100  101  102  103  


  ==> Energy                -305.937869279
  ==> dE                       -1.78e-06
  ==> Gradient Norm             2.61e-01
  ==> Abs. Max. Deriv.          3.72e-02
  ==> Time-Grad. (s)             451.561
  ==> Time-Energy (s)             95.407
  ==> Time-Iter. (s)             548.304

--------------------------------------------------------------------------------
CEO-ADAPT-VQE iteration: 304
--------------------------------------------------------------------------------
    gate        derivative      name       op1       op2       op3        g_unscaled   penalty
    1485        0.00045848      a_ia      1485                            0.00091697         2
    1049       -0.00039825      a_ia      1049                           -0.00238953         6
   85666        0.00039147        op     35248     35249                  0.01839890        47
   85667        0.00039145        om     35248     35249                  0.01839835        47
    1018        0.00032480      a_ia      1018                            0.00194878         6
    1046        0.00032345      a_ia      1046                            0.00194068         6
    1062        0.00029987      a_ia      1062                            0.00119946         4
   35248        0.00029204    a_iajb     35248                            0.01839863        63
    1042        0.00027573      a_ia      1042                            0.00055147         2
    1016        0.00026440      a_ia      1016                            0.00052880         2

  ==> Add operator: a_ia 1485
  ==> Current qubit order: 2  3  4  5  8  9  10  11  14  16  17  13  12  20  58  19  59  26  28  21  29  22  15  18  27  36  37  39  40  42  44  0  67  1  48  70  41  71  7  6  95  43  57  33  56  62  32  88  23  89  45  90  35  79  84  66  38  53  49  51  52  85  65  54  46  73  83  47  86  34  60  82  78  50  55  92  69  25  68  61  76  77  72  30  80  81  75  24  64  31  63  74  87  91  93  94  96  97  98  99  100  101  102  103  


  ==> Energy                -305.937869521
  ==> dE                       -2.42e-07
  ==> Gradient Norm             2.69e-01
  ==> Abs. Max. Deriv.          3.72e-02
  ==> Time-Grad. (s)             460.792
  ==> Time-Energy (s)             75.706
  ==> Time-Iter. (s)             537.826

--------------------------------------------------------------------------------
CEO-ADAPT-VQE iteration: 305
--------------------------------------------------------------------------------
    gate        derivative      name       op1       op2       op3        g_unscaled   penalty
    1050       -0.00039906      a_ia      1050                           -0.00239437         6
    1018        0.00032504      a_ia      1018                            0.00195022         6
    1047        0.00032291      a_ia      1047                            0.00193749         6
    1063        0.00030019      a_ia      1063                            0.00120076         4
    1043        0.00027888      a_ia      1043                            0.00055776         2
    1016        0.00026518      a_ia      1016                            0.00053036         2
   45297       -0.00022886        om      5095      5096                 -0.00984088        43
   45296       -0.00022886        op      5095      5096                 -0.00984085        43
   45960        0.00020808        op      5759      5760                  0.02476124       119
   45961        0.00020808        om      5759      5760                  0.02476124       119

  ==> Add operator: a_ia 1050
  ==> Current qubit order: 2  3  4  5  8  9  10  11  14  16  17  13  12  20  58  19  59  26  28  21  29  22  15  18  27  36  37  39  40  42  44  0  67  1  48  70  41  71  7  6  95  43  57  33  56  62  32  88  23  89  45  90  35  79  84  66  38  53  49  51  52  85  65  54  46  73  83  47  86  34  60  82  78  50  55  92  69  25  68  61  76  77  72  30  80  81  75  24  64  63  74  31  87  91  93  94  96  97  98  99  100  101  102  103  


  ==> Energy                -305.937870993
  ==> dE                       -1.47e-06
  ==> Gradient Norm             2.64e-01
  ==> Abs. Max. Deriv.          3.72e-02
  ==> Time-Grad. (s)             452.988
  ==> Time-Energy (s)             90.551
  ==> Time-Iter. (s)             544.836

--------------------------------------------------------------------------------
CEO-ADAPT-VQE iteration: 306
--------------------------------------------------------------------------------
    gate        derivative      name       op1       op2       op3        g_unscaled   penalty
    1018        0.00032097      a_ia      1018                            0.00192580         6
    1063        0.00029707      a_ia      1063                            0.00118826         4
   88962       -0.00028305        op     37861     37862                 -0.02292667        81
   88963       -0.00028305        op     37861     37862                 -0.02292667        81
    1016        0.00027659      a_ia      1016                            0.00055318         2
    1054       -0.00023753      a_ia      1054                           -0.00285030        12
   37861       -0.00023666    a_iajb     37861                           -0.02295559        97
   88966       -0.00023542        op     37861     37863                 -0.01906932        81
   88967       -0.00023542        op     37861     37863                 -0.01906932        81
   45233       -0.00022886        om      5102      5103                 -0.00984091        43

  ==> Add operator: a_ia 1018
  ==> Current qubit order: 2  3  4  5  8  9  10  11  14  16  17  13  12  20  58  19  59  26  28  21  29  22  15  18  27  36  37  39  40  42  44  0  67  1  48  70  41  71  7  6  95  43  57  33  56  62  32  88  23  89  45  90  35  79  84  66  38  53  49  51  52  85  65  54  46  73  83  47  86  34  60  82  78  50  55  92  69  25  68  61  77  72  76  30  80  81  75  24  64  63  74  31  87  91  93  94  96  97  98  99  100  101  102  103  


  ==> Energy                -305.937871850
  ==> dE                       -8.56e-07
  ==> Gradient Norm             2.65e-01
  ==> Abs. Max. Deriv.          3.72e-02
  ==> Time-Grad. (s)             502.105
  ==> Time-Energy (s)            105.282
  ==> Time-Iter. (s)             608.694

--------------------------------------------------------------------------------
CEO-ADAPT-VQE iteration: 307
--------------------------------------------------------------------------------
    gate        derivative      name       op1       op2       op3        g_unscaled   penalty
   92206        0.00063924        om     40126     40127                  0.02620890        41
   92205        0.00058402        op     40126     40127                  0.02394492        41
   40126        0.00043995    a_iajb     40126                            0.02507691        57
    1063        0.00029698      a_ia      1063                            0.00118790         4
    1054       -0.00023674      a_ia      1054                           -0.00284085        12
   45300       -0.00022886        om      5109      5110                 -0.00984092        43
   45299       -0.00022886        op      5109      5110                 -0.00984089        43
     845       -0.00021740      a_ia       845                           -0.00130440         6
   89241        0.00021646        op     37909     37910                  0.01363717        63
   89242        0.00021032        om     37909     37910                  0.01325025        63

  ==> Add operator: mvp2 -1: 40126 40127
  ==> Current qubit order: 2  3  4  5  8  9  10  11  14  16  17  13  12  20  58  19  59  26  28  21  29  22  15  18  27  36  37  39  40  42  44  0  67  1  48  70  41  71  7  6  95  43  57  33  56  62  32  88  23  89  45  90  35  79  84  66  38  53  49  52  85  65  51  54  46  83  73  47  86  34  60  82  78  50  55  92  69  25  68  61  77  72  76  30  80  81  75  24  64  63  74  31  87  91  93  94  96  97  98  99  100  101  102  103  


  ==> Energy                -305.938011597
  ==> dE                       -1.40e-04
  ==> Gradient Norm             2.60e-01
  ==> Abs. Max. Deriv.          3.72e-02
  ==> Time-Grad. (s)             455.214
  ==> Time-Energy (s)            144.506
  ==> Time-Iter. (s)             601.034

--------------------------------------------------------------------------------
CEO-ADAPT-VQE iteration: 308
--------------------------------------------------------------------------------
    gate        derivative      name       op1       op2       op3        g_unscaled   penalty
    1502        0.00036897      a_ia      1502                            0.00073795         2
    1509       -0.00033035      a_ia      1509                           -0.00198212         6
    1064        0.00029579      a_ia      1064                            0.00118315         4
    1430       -0.00028628      a_ia      1430                           -0.00114513         4
   83733        0.00027427        op     33688     33689                  0.02495898        91
   83734        0.00026993        om     33688     33689                  0.02456364        91
    1055       -0.00023723      a_ia      1055                           -0.00284681        12
   33688        0.00023141    a_iajb     33688                            0.02476131       107
   45288       -0.00022886        om      5112      5113                 -0.00984088        43
   45287       -0.00022886        op      5112      5113                 -0.00984085        43

  ==> Add operator: a_ia 1502
  ==> Current qubit order: 2  3  4  5  8  9  10  11  14  16  17  13  12  20  58  19  59  26  28  21  29  22  15  18  27  36  37  39  40  42  44  0  67  1  48  70  41  71  7  6  95  43  57  33  56  62  32  88  23  89  45  90  35  79  84  66  38  53  49  52  85  65  51  54  46  83  73  47  86  34  60  82  78  50  55  92  69  25  68  61  77  72  76  30  80  81  75  24  64  63  74  31  87  91  93  94  96  97  98  99  100  101  102  103  


  ==> Energy                -305.938011811
  ==> dE                       -2.14e-07
  ==> Gradient Norm             2.60e-01
  ==> Abs. Max. Deriv.          3.72e-02
  ==> Time-Grad. (s)             453.766
  ==> Time-Energy (s)             90.769
  ==> Time-Iter. (s)             545.822

--------------------------------------------------------------------------------
CEO-ADAPT-VQE iteration: 309
--------------------------------------------------------------------------------
