Energy (SCF): -269.691863200

--------------------------------------------------------------------------------
CEO-ADAPT-VQE iteration: 1
--------------------------------------------------------------------------------
    gate        derivative      name       op1       op2       op3        g_unscaled   penalty
   46054        0.00402651        op      1656      1657                  0.10066283        25
   46055        0.00402651        om      1656      1657                  0.10066283        25
   45956        0.00275202        op      1558      1559                  0.11283291        41
   45957        0.00275202        om      1558      1559                  0.11283291        41
   46056        0.00271760        op      1658      1659                  0.08968068        33
   46057        0.00271760        om      1658      1659                  0.08968068        33
    1656        0.00245519    a_iajb      1656                            0.10066283        41
    1558        0.00197952    a_iajb      1558                            0.11283291        57
    1658        0.00183022    a_iajb      1658                            0.08968068        49
   45958        0.00167255        op      1560      1561                  0.08195473        49

  ==> Add operator: op -1: 1656 1657
  ==> Current qubit order: 0  1  2  3  4  5  6  7  8  9  10  11  12  13  14  15  16  17  18  19  20  21  22  23  24  25  26  27  28  29  30  31  32  33  34  35  36  37  38  39  40  41  42  43  44  45  46  47  48  49  50  51  52  53  54  55  56  57  58  59  60  61  62  63  64  65  66  67  68  69  70  71  72  73  74  75  76  77  78  79  80  81  82  83  84  85  86  87  88  89  90  91  92  93  94  95  


  ==> Energy                -269.696500840
  ==> dE                       -4.64e-03
  ==> Gradient Norm             7.68e-01
  ==> Abs. Max. Deriv.          1.13e-01
  ==> Time-Grad. (s)              85.598
  ==> Time-Energy (s)              8.929
  ==> Time-Iter. (s)              94.610

--------------------------------------------------------------------------------
CEO-ADAPT-VQE iteration: 2
--------------------------------------------------------------------------------
    gate        derivative      name       op1       op2       op3        g_unscaled   penalty
   95914        0.00252217        op     39669     39670                  0.10340913        41
   95915        0.00252217        om     39669     39670                  0.10340913        41
   97492        0.00244547        op     40911     40912                  0.08070057        33
   97493        0.00244547        om     40911     40912                  0.08070057        33
   39669        0.00181420    a_iajb     39669                            0.10340913        57
   95916        0.00167255        op     39671     39672                  0.08195473        49
   95917        0.00167255        om     39671     39672                  0.08195473        49
   40911        0.00164695    a_iajb     40911                            0.08070057        49
   39671        0.00126084    a_iajb     39671                            0.08195473        65
   95568       -0.00105494        op     39407     39408                 -0.04747222        45

  ==> Add operator: op -1: 39669 39670
  ==> Current qubit order: 0  1  2  3  4  5  6  7  8  9  10  11  12  13  14  15  16  17  18  19  20  21  22  23  24  25  26  27  28  29  30  31  32  33  34  35  36  37  38  39  40  41  44  45  46  42  43  48  49  47  50  51  52  53  54  55  56  57  58  59  60  61  62  63  64  65  66  67  68  69  70  71  72  73  74  75  76  77  78  79  80  81  82  83  84  85  86  87  88  89  90  91  92  93  94  95  


  ==> Energy                -269.700470365
  ==> dE                       -3.97e-03
  ==> Gradient Norm             7.47e-01
  ==> Abs. Max. Deriv.          1.11e-01
  ==> Time-Grad. (s)              45.331
  ==> Time-Energy (s)              8.691
  ==> Time-Iter. (s)              55.054

--------------------------------------------------------------------------------
CEO-ADAPT-VQE iteration: 3
--------------------------------------------------------------------------------
    gate        derivative      name       op1       op2       op3        g_unscaled   penalty
  100005       -0.00050039        op     42291     42292                 -0.02251737        45
  100006       -0.00050039        op     42291     42292                 -0.02251737        45
  100201        0.00049359        op     42436     42437                  0.02023718        41
  100202        0.00049359        om     42436     42437                  0.02023718        41
  100009       -0.00044865        op     42291     42293                 -0.02018946        45
  100010       -0.00044865        op     42291     42293                 -0.02018946        45
   42291       -0.00036914    a_iajb     42291                           -0.02251737        61
   42436        0.00035504    a_iajb     42436                            0.02023718        57
   44727        0.00034336        op       180       181                  0.08000393       233
   44728        0.00034336        om       180       181                  0.08000393       233

  ==> Add operator: mvp2 -1: 42291 42293
  ==> Current qubit order: 0  1  2  3  4  5  6  7  8  9  10  11  12  13  14  15  16  17  18  19  20  21  22  23  24  25  26  27  28  29  30  31  32  33  34  35  36  37  38  39  40  44  45  46  41  43  49  51  42  48  47  50  52  53  54  55  56  57  58  59  60  61  62  63  64  65  66  67  68  69  70  71  72  73  74  75  76  77  78  79  80  81  82  83  84  85  86  87  88  89  90  91  92  93  94  95  


  ==> Energy                -269.700901711
  ==> dE                       -4.31e-04
  ==> Gradient Norm             5.25e-01
  ==> Abs. Max. Deriv.          1.10e-01
  ==> Time-Grad. (s)              48.541
  ==> Time-Energy (s)             37.485
  ==> Time-Iter. (s)              87.115

--------------------------------------------------------------------------------
CEO-ADAPT-VQE iteration: 4
--------------------------------------------------------------------------------
    gate        derivative      name       op1       op2       op3        g_unscaled   penalty
   94344       -0.00037798        op     37707     37708                 -0.03288442        87
   94345       -0.00037798        om     37707     37708                 -0.03288442        87
   44834        0.00034336        op       212       213                  0.08000393       233
   44835        0.00034336        om       212       213                  0.08000393       233
     212        0.00032130    a_iajb       212                            0.08000393       249
   37707       -0.00031927    a_iajb     37707                           -0.03288442       103
   44892        0.00028098        op       270       271                  0.11042500       393
   44893        0.00028098        om       270       271                  0.11042500       393
   44844        0.00027448        op       222       223                  0.06834465       249
   44845        0.00027448        om       222       223                  0.06834465       249

  ==> Add operator: op -1: 37707 37708
  ==> Current qubit order: 0  1  2  3  4  5  6  7  8  9  10  11  12  13  14  15  16  17  18  19  20  21  22  24  25  26  27  28  29  30  31  32  33  34  35  36  37  38  39  40  23  46  49  50  44  45  41  43  51  42  48  47  52  53  54  55  56  57  58  59  60  61  62  63  64  65  66  67  68  69  70  71  72  73  74  75  76  77  78  79  80  81  82  83  84  85  86  87  88  89  90  91  92  93  94  95  


  ==> Energy                -269.701210233
  ==> dE                       -3.09e-04
  ==> Gradient Norm             4.85e-01
  ==> Abs. Max. Deriv.          1.10e-01
  ==> Time-Grad. (s)              53.067
  ==> Time-Energy (s)             14.040
  ==> Time-Iter. (s)              68.176

--------------------------------------------------------------------------------
CEO-ADAPT-VQE iteration: 5
--------------------------------------------------------------------------------
    gate        derivative      name       op1       op2       op3        g_unscaled   penalty
  100216       -0.00099823        op     42336     42337                 -0.04492017        45
  100217       -0.00091353        om     42336     42337                 -0.04110864        45
   42336       -0.00070515    a_iajb     42336                           -0.04301440        61
   44798        0.00034336        op       232       233                  0.08000393       233
   44799        0.00034336        om       232       233                  0.08000393       233
     232        0.00032130    a_iajb       232                            0.08000393       249
   96595       -0.00030161        om     39584     39585                 -0.02563721        85
   44862        0.00028098        op       296       297                  0.11042500       393
   44863        0.00028098        om       296       297                  0.11042500       393
   44808        0.00027448        op       242       243                  0.06834465       249

  ==> Add operator: mvp2 -1: 42336 42337
  ==> Current qubit order: 0  1  2  3  4  5  6  7  8  9  10  11  12  13  14  15  16  17  18  19  20  21  22  24  25  26  27  28  29  30  31  32  33  34  35  36  37  38  39  40  23  49  46  50  41  51  44  45  43  42  48  47  52  53  54  55  56  57  58  59  60  61  62  63  64  65  66  67  68  69  70  71  72  73  74  75  76  77  78  79  80  81  82  83  84  85  86  87  88  89  90  91  92  93  94  95  


  ==> Energy                -269.703754718
  ==> dE                       -2.54e-03
  ==> Gradient Norm             5.06e-01
  ==> Abs. Max. Deriv.          1.10e-01
  ==> Time-Grad. (s)             130.758
  ==> Time-Energy (s)             86.368
  ==> Time-Iter. (s)             218.250

--------------------------------------------------------------------------------
CEO-ADAPT-VQE iteration: 6
--------------------------------------------------------------------------------
    gate        derivative      name       op1       op2       op3        g_unscaled   penalty
  100162        0.00113431        om     42420     42421                  0.05784975        51
  100161        0.00112948        op     42420     42421                  0.05760330        51
   42420        0.00086159    a_iajb     42420                            0.05772653        67
   44763        0.00034336        op       276       277                  0.08000393       233
   44764        0.00034336        om       276       277                  0.08000393       233
     276        0.00032130    a_iajb       276                            0.08000393       249
   44827        0.00028098        op       340       341                  0.11042500       393
   44828        0.00028098        om       340       341                  0.11042500       393
   44773        0.00027448        op       286       287                  0.06834465       249
   44774        0.00027448        om       286       287                  0.06834465       249

  ==> Add operator: mvp2 -1: 42420 42421
  ==> Current qubit order: 0  1  2  3  4  5  6  7  8  9  10  11  12  13  14  15  16  17  18  19  20  21  22  24  25  26  27  28  29  30  31  32  33  34  35  36  37  38  39  40  23  46  50  41  51  44  45  43  49  42  48  47  52  53  54  55  56  57  58  59  60  61  62  63  64  65  66  67  68  69  70  71  72  73  74  75  76  77  78  79  80  81  82  83  84  85  86  87  88  89  90  91  92  93  94  95  


  ==> Energy                -269.705236650
  ==> dE                       -1.48e-03
  ==> Gradient Norm             4.87e-01
  ==> Abs. Max. Deriv.          1.10e-01
  ==> Time-Grad. (s)              62.267
  ==> Time-Energy (s)             14.889
  ==> Time-Iter. (s)              78.198

--------------------------------------------------------------------------------
CEO-ADAPT-VQE iteration: 7
--------------------------------------------------------------------------------
    gate        derivative      name       op1       op2       op3        g_unscaled   penalty
  100235        0.00169329        op     42229     42230                  0.04910551        29
  100236        0.00163522        om     42229     42230                  0.04742125        29
   42229        0.00107252    a_iajb     42229                            0.04826338        45
   44833        0.00034336        op       309       310                  0.08000393       233
   44834        0.00034336        om       309       310                  0.08000393       233
     309        0.00032130    a_iajb       309                            0.08000393       249
   44899        0.00028098        op       375       376                  0.11042500       393
   44900        0.00028098        om       375       376                  0.11042500       393
   44845        0.00027448        op       321       322                  0.06834465       249
   44846        0.00027448        om       321       322                  0.06834465       249

  ==> Add operator: mvp2 -1: 42229 42230
  ==> Current qubit order: 0  1  2  3  4  5  6  7  8  9  10  11  12  13  14  15  16  17  18  19  20  21  22  24  25  26  27  28  29  30  31  32  33  34  35  36  37  38  39  23  46  40  50  41  51  44  45  43  49  42  48  47  52  53  54  55  56  57  58  59  60  61  62  63  64  65  66  67  68  69  70  71  72  73  74  75  76  77  78  79  80  81  82  83  84  85  86  87  88  89  90  91  92  93  94  95  


  ==> Energy                -269.705768458
  ==> dE                       -5.32e-04
  ==> Gradient Norm             4.94e-01
  ==> Abs. Max. Deriv.          1.10e-01
  ==> Time-Grad. (s)             134.433
  ==> Time-Energy (s)             18.416
  ==> Time-Iter. (s)             153.889

--------------------------------------------------------------------------------
CEO-ADAPT-VQE iteration: 8
--------------------------------------------------------------------------------
    gate        derivative      name       op1       op2       op3        g_unscaled   penalty
   93539       -0.00047442        op     37576     37577                 -0.02514447        53
   93540       -0.00047147        om     37576     37577                 -0.02498791        53
   99460        0.00043155        om     42095     42096                  0.01855678        43
   99459        0.00043154        op     42095     42096                  0.01855606        43
   37576       -0.00036328    a_iajb     37576                           -0.02506619        69
   44695        0.00034336        op       345       346                  0.08000393       233
   44696        0.00034336        om       345       346                  0.08000393       233
     345        0.00032130    a_iajb       345                            0.08000393       249
   42095        0.00031452    a_iajb     42095                            0.01855642        59
   44765        0.00028098        op       415       416                  0.11042500       393

  ==> Add operator: mvp2 -1: 37576 37577
  ==> Current qubit order: 0  1  2  3  4  5  6  7  8  9  10  11  12  13  14  15  16  17  18  19  20  21  22  24  25  26  27  28  29  30  31  32  33  34  35  36  37  38  39  46  50  41  23  40  49  48  51  44  45  43  42  47  52  53  54  55  56  57  58  59  60  61  62  63  64  65  66  67  68  69  70  71  72  73  74  75  76  77  78  79  80  81  82  83  84  85  86  87  88  89  90  91  92  93  94  95  


  ==> Energy                -269.705937571
  ==> dE                       -1.69e-04
  ==> Gradient Norm             4.69e-01
  ==> Abs. Max. Deriv.          1.10e-01
  ==> Time-Grad. (s)             125.633
  ==> Time-Energy (s)             15.095
  ==> Time-Iter. (s)             141.758

--------------------------------------------------------------------------------
CEO-ADAPT-VQE iteration: 9
--------------------------------------------------------------------------------
    gate        derivative      name       op1       op2       op3        g_unscaled   penalty
      84       -0.00072873      a_ia        84                           -0.01020217        14
   44798        0.00034336        op       381       382                  0.08000393       233
   44799        0.00034336        om       381       382                  0.08000393       233
     381        0.00032130    a_iajb       381                            0.08000393       249
  100022       -0.00030395        op     42306     42307                 -0.01550126        51
  100023       -0.00030395        op     42306     42307                 -0.01550126        51
  100026       -0.00029688        op     42306     42308                 -0.01514089        51
  100027       -0.00029688        op     42306     42308                 -0.01514089        51
      82        0.00029209      a_ia        82                            0.00233671         8
      68        0.00028780      a_ia        68                            0.00230237         8

  ==> Add operator: a_ia 84
  ==> Current qubit order: 0  1  2  3  4  5  6  7  8  9  10  11  12  13  14  15  16  17  18  19  20  21  22  24  25  26  27  28  29  30  31  32  33  34  35  36  37  38  39  46  50  41  23  40  48  51  44  45  43  42  49  47  52  53  54  55  56  57  58  59  60  61  62  63  64  65  66  67  68  69  70  71  72  73  74  75  76  77  78  79  80  81  82  83  84  85  86  87  88  89  90  91  92  93  94  95  


  ==> Energy                -269.706041634
  ==> dE                       -1.04e-04
  ==> Gradient Norm             4.69e-01
  ==> Abs. Max. Deriv.          1.10e-01
  ==> Time-Grad. (s)              48.003
  ==> Time-Energy (s)             11.418
  ==> Time-Iter. (s)              60.666

--------------------------------------------------------------------------------
CEO-ADAPT-VQE iteration: 10
--------------------------------------------------------------------------------
    gate        derivative      name       op1       op2       op3        g_unscaled   penalty
   93205       -0.00044123        op     37108     37109                 -0.04191701        95
   93206       -0.00042344        om     37108     37109                 -0.04022680        95
   37108       -0.00037002    a_iajb     37108                           -0.04107190       111
   44767        0.00034336        op       418       419                  0.08000393       233
   44768        0.00034336        om       418       419                  0.08000393       233
      89        0.00032499      a_ia        89                            0.00324990        10
     418        0.00032130    a_iajb       418                            0.08000393       249
   98764       -0.00030121        om     41439     41440                 -0.01234973        41
   98763       -0.00030112        op     41439     41440                 -0.01234575        41
      75        0.00028905      a_ia        75                            0.00231242         8

  ==> Add operator: mvp2 -1: 37108 37109
  ==> Current qubit order: 0  1  2  3  4  5  6  7  8  9  10  11  12  13  14  15  16  17  18  19  20  21  24  25  26  27  28  29  30  31  32  33  34  35  36  37  38  39  46  41  22  50  49  47  23  40  48  51  44  45  43  42  52  53  54  55  56  57  58  59  60  61  62  63  64  65  66  67  68  69  70  71  72  73  74  75  76  77  78  79  80  81  82  83  84  85  86  87  88  89  90  91  92  93  94  95  


  ==> Energy                -269.706537785
  ==> dE                       -4.96e-04
  ==> Gradient Norm             4.83e-01
  ==> Abs. Max. Deriv.          1.10e-01
  ==> Time-Grad. (s)              50.829
  ==> Time-Energy (s)             11.382
  ==> Time-Iter. (s)              63.295

--------------------------------------------------------------------------------
CEO-ADAPT-VQE iteration: 11
--------------------------------------------------------------------------------
    gate        derivative      name       op1       op2       op3        g_unscaled   penalty
  100056        0.00071095        op     42081     42082                  0.03341472        47
  100057        0.00061829        om     42081     42082                  0.02905942        47
     105        0.00054294      a_ia       105                            0.00325765         6
   42081        0.00049583    a_iajb     42081                            0.03123707        63
   44922        0.00034336        op       459       460                  0.08000393       233
   44923        0.00034336        om       459       460                  0.08000393       233
     459        0.00032130    a_iajb       459                            0.08000393       249
      89        0.00028745      a_ia        89                            0.00229964         8
   45002        0.00028098        op       539       540                  0.11042500       393
   45003        0.00028098        om       539       540                  0.11042500       393

  ==> Add operator: mvp2 -1: 42081 42082
  ==> Current qubit order: 0  1  2  3  4  5  6  7  8  9  10  11  12  13  14  15  16  17  18  19  20  21  24  25  26  27  28  29  30  31  32  33  34  35  36  37  38  39  46  41  22  50  47  23  49  40  48  43  51  44  45  42  52  53  54  55  56  57  58  59  60  61  62  63  64  65  66  67  68  69  70  71  72  73  74  75  76  77  78  79  80  81  82  83  84  85  86  87  88  89  90  91  92  93  94  95  


  ==> Energy                -269.707663176
  ==> dE                       -1.13e-03
  ==> Gradient Norm             4.85e-01
  ==> Abs. Max. Deriv.          1.10e-01
  ==> Time-Grad. (s)              46.892
  ==> Time-Energy (s)             72.885
  ==> Time-Iter. (s)             120.857

--------------------------------------------------------------------------------
CEO-ADAPT-VQE iteration: 12
--------------------------------------------------------------------------------
    gate        derivative      name       op1       op2       op3        g_unscaled   penalty
   93131        0.00051599        op     37078     37079                  0.04695502        91
   93132        0.00050893        om     37078     37079                  0.04631258        91
   37078        0.00043583    a_iajb     37078                            0.04663380       107
   44843        0.00034336        op       490       491                  0.08000393       233
   44844        0.00034336        om       490       491                  0.08000393       233
     490        0.00032130    a_iajb       490                            0.08000393       249
     100        0.00028674      a_ia       100                            0.00229393         8
   44927        0.00028098        op       574       575                  0.11042500       393
   44928        0.00028098        om       574       575                  0.11042500       393
     117        0.00027829      a_ia       117                            0.00333944        12

  ==> Add operator: mvp2 -1: 37078 37079
  ==> Current qubit order: 0  1  2  3  4  5  6  7  8  9  10  11  12  13  14  15  16  17  18  19  20  21  25  26  27  28  29  30  31  32  33  34  35  36  37  38  39  46  41  22  50  47  24  23  49  58  40  48  43  51  44  45  42  52  53  54  55  56  57  59  60  61  62  63  64  65  66  67  68  69  70  71  72  73  74  75  76  77  78  79  80  81  82  83  84  85  86  87  88  89  90  91  92  93  94  95  


  ==> Energy                -269.708066628
  ==> dE                       -4.03e-04
  ==> Gradient Norm             4.94e-01
  ==> Abs. Max. Deriv.          1.10e-01
  ==> Time-Grad. (s)              63.579
  ==> Time-Energy (s)             11.606
  ==> Time-Iter. (s)              76.224

--------------------------------------------------------------------------------
CEO-ADAPT-VQE iteration: 13
--------------------------------------------------------------------------------
    gate        derivative      name       op1       op2       op3        g_unscaled   penalty
   44774        0.00033757        op       514       515                  0.08000393       237
   44775        0.00033757        om       514       515                  0.08000393       237
     514        0.00031622    a_iajb       514                            0.08000393       253
   44790        0.00030639        op       530       531                  0.06832470       223
   44791        0.00030639        om       530       531                  0.06832470       223
     106        0.00028631      a_ia       106                            0.00229050         8
     530        0.00028588    a_iajb       530                            0.06832470       239
   44862        0.00028098        op       602       603                  0.11042500       393
   44863        0.00028098        om       602       603                  0.11042500       393
     123        0.00027942      a_ia       123                            0.00335304        12

  ==> Add operator: op -1: 514 515
  ==> Current qubit order: 2  3  4  5  6  7  8  9  10  11  12  13  14  15  16  17  18  19  20  21  25  26  27  28  29  30  0  1  54  55  31  32  33  34  35  36  37  38  39  46  41  22  50  47  24  23  49  58  40  48  43  51  44  45  42  52  53  56  57  59  60  61  62  63  64  65  66  67  68  69  70  71  72  73  74  75  76  77  78  79  80  81  82  83  84  85  86  87  88  89  90  91  92  93  94  95  


  ==> Energy                -269.708553801
  ==> dE                       -4.87e-04
  ==> Gradient Norm             4.82e-01
  ==> Abs. Max. Deriv.          1.10e-01
  ==> Time-Grad. (s)              54.684
  ==> Time-Energy (s)             12.091
  ==> Time-Iter. (s)              67.828

--------------------------------------------------------------------------------
CEO-ADAPT-VQE iteration: 14
--------------------------------------------------------------------------------
    gate        derivative      name       op1       op2       op3        g_unscaled   penalty
   44833        0.00054661        op       553       554                  0.06723332       123
   44834        0.00054661        om       553       554                  0.06723332       123
     553        0.00048369    a_iajb       553                            0.06723332       139
   44909        0.00037976        op       629       630                  0.10974927       289
   44910        0.00037976        om       629       630                  0.10974927       289
   44809       -0.00037752        op       529       530                 -0.03737419        99
   44810       -0.00037752        om       529       530                 -0.03737419        99
     629        0.00035983    a_iajb       629                            0.10974927       305
   58761       -0.00033514        op     11097     11098                 -0.02714600        81
     529       -0.00032499    a_iajb       529                           -0.03737419       115

  ==> Add operator: op -1: 553 554
  ==> Current qubit order: 2  3  4  5  6  7  8  9  10  11  12  13  14  15  16  17  18  19  20  21  25  26  27  28  29  30  54  55  31  32  33  34  35  36  37  38  39  46  41  0  1  58  59  22  50  47  24  23  49  40  48  43  51  44  45  42  52  53  56  57  60  61  62  63  64  65  66  67  68  69  70  71  72  73  74  75  76  77  78  79  80  81  82  83  84  85  86  87  88  89  90  91  92  93  94  95  


  ==> Energy                -269.708900041
  ==> dE                       -3.46e-04
  ==> Gradient Norm             4.59e-01
  ==> Abs. Max. Deriv.          1.10e-01
  ==> Time-Grad. (s)              53.917
  ==> Time-Energy (s)             12.302
  ==> Time-Iter. (s)              67.673

--------------------------------------------------------------------------------
CEO-ADAPT-VQE iteration: 15
--------------------------------------------------------------------------------
    gate        derivative      name       op1       op2       op3        g_unscaled   penalty
   59599       -0.00057205        op     11818     11819                 -0.02688639        47
   59600       -0.00051407        om     11818     11819                 -0.02416112        47
   44839        0.00046138        op       658       659                  0.10934665       237
   44840        0.00046138        om       658       659                  0.10934665       237
   44725        0.00045370        op       544       545                  0.02495359        55
   44726        0.00045370        om       544       545                  0.02495359        55
     658        0.00043220    a_iajb       658                            0.10934665       253
   11818       -0.00040514    a_iajb     11818                           -0.02552375        63
   97162        0.00040137        om     40431     40432                  0.04053882       101
   44735       -0.00039758        op       554       555                 -0.03697496        93

  ==> Add operator: mvp2 -1: 11818 11819
  ==> Current qubit order: 2  3  4  5  6  7  8  9  10  11  12  13  14  15  16  17  18  19  20  21  25  26  27  28  29  30  54  55  31  32  33  34  35  36  37  38  39  46  41  1  59  0  58  47  49  22  50  24  23  40  48  43  51  44  45  42  52  53  56  57  60  61  62  63  64  65  66  67  68  69  70  71  72  73  74  75  76  77  78  79  80  81  82  83  84  85  86  87  88  89  90  91  92  93  94  95  


  ==> Energy                -269.709039764
  ==> dE                       -1.40e-04
  ==> Gradient Norm             4.49e-01
  ==> Abs. Max. Deriv.          1.09e-01
  ==> Time-Grad. (s)              55.030
  ==> Time-Energy (s)             50.398
  ==> Time-Iter. (s)             106.506

--------------------------------------------------------------------------------
CEO-ADAPT-VQE iteration: 16
--------------------------------------------------------------------------------
    gate        derivative      name       op1       op2       op3        g_unscaled   penalty
   44804        0.00051463        op       589       590                  0.02521697        49
   44805        0.00051183        om       589       590                  0.02507948        49
   44930        0.00046532        op       715       716                  0.10934968       235
   44931        0.00046532        om       715       716                  0.10934968       235
     715        0.00043566    a_iajb       715                            0.10934968       251
   44817       -0.00038913        om       601       602                 -0.03696704        95
   44816       -0.00038913        op       601       602                 -0.03696704        95
     589        0.00038690    a_iajb       589                            0.02514822        65
   92937        0.00035270        om     37090     37091                  0.01446085        41
   92936        0.00034814        op     37090     37091                  0.01427358        41

  ==> Add operator: mvp2 -1: 589 590
  ==> Current qubit order: 2  3  4  5  6  7  8  9  10  11  12  13  14  15  16  17  18  19  20  21  25  26  27  28  29  30  54  55  31  32  33  34  35  36  37  38  39  46  41  59  58  47  22  1  0  49  48  50  24  23  40  43  51  44  45  42  52  53  56  57  60  61  62  63  64  65  66  67  68  69  70  71  72  73  74  75  76  77  78  79  80  81  82  83  84  85  86  87  88  89  90  91  92  93  94  95  


  ==> Energy                -269.709096438
  ==> dE                       -5.67e-05
  ==> Gradient Norm             4.31e-01
  ==> Abs. Max. Deriv.          1.09e-01
  ==> Time-Grad. (s)              60.889
  ==> Time-Energy (s)             12.620
  ==> Time-Iter. (s)              74.527

--------------------------------------------------------------------------------
CEO-ADAPT-VQE iteration: 17
--------------------------------------------------------------------------------
    gate        derivative      name       op1       op2       op3        g_unscaled   penalty
   44857        0.00049453        op       751       752                  0.10929082       221
   44858        0.00049453        om       751       752                  0.10929082       221
     751        0.00046114    a_iajb       751                            0.10929082       237
   44742       -0.00039732        om       635       636                 -0.03695067        93
   44741       -0.00039732        op       635       636                 -0.03695067        93
     635       -0.00033900    a_iajb       635                           -0.03695067       109
     133        0.00028777      a_ia       133                            0.00230214         8
   61531       -0.00028762        op     13333     13334                 -0.01294268        45
   61532       -0.00028027        om     13333     13334                 -0.01261201        45
     151        0.00027783      a_ia       151                            0.00333393        12

  ==> Add operator: op -1: 751 752
  ==> Current qubit order: 2  3  4  5  6  7  8  9  10  11  12  13  14  15  16  17  18  19  20  21  25  26  27  28  29  30  54  55  31  32  33  34  35  36  37  38  39  46  41  59  58  47  22  49  48  50  24  23  40  43  51  44  45  42  52  53  56  57  60  61  62  63  64  65  66  67  68  1  0  94  95  69  70  71  72  73  74  75  76  77  78  79  80  81  82  83  84  85  86  87  88  89  90  91  92  93  


  ==> Energy                -269.709555308
  ==> dE                       -4.59e-04
  ==> Gradient Norm             4.25e-01
  ==> Abs. Max. Deriv.          1.09e-01
  ==> Time-Grad. (s)              52.282
  ==> Time-Energy (s)             13.400
  ==> Time-Iter. (s)              66.865

--------------------------------------------------------------------------------
CEO-ADAPT-VQE iteration: 18
--------------------------------------------------------------------------------
    gate        derivative      name       op1       op2       op3        g_unscaled   penalty
   44850        0.00098259        op       719       720                  0.02849508        29
   44851        0.00098259        om       719       720                  0.02849508        29
   44840        0.00068102        op       709       710                  0.02519761        37
   44841        0.00068102        om       709       710                  0.02519761        37
   44858        0.00067092        op       727       728                  0.02482411        37
   44859        0.00067092        om       727       728                  0.02482411        37
   44864        0.00064057        op       733       734                  0.02882577        45
   44865        0.00064057        om       733       734                  0.02882577        45
     719        0.00063322    a_iajb       719                            0.02849508        45
   44866        0.00053686        op       735       736                  0.02845347        53

  ==> Add operator: op -1: 719 720
  ==> Current qubit order: 2  3  4  5  6  7  8  9  10  11  12  13  14  15  16  17  18  19  20  21  25  26  27  28  29  30  54  55  31  32  33  34  35  36  37  38  39  46  41  59  58  47  22  49  48  50  24  23  40  43  51  44  45  42  52  53  56  57  60  61  62  63  64  65  66  67  68  1  0  69  94  95  70  71  72  73  74  75  76  77  78  79  80  81  82  83  84  85  86  87  88  89  90  91  92  93  


  ==> Energy                -269.709604536
  ==> dE                       -4.92e-05
  ==> Gradient Norm             4.03e-01
  ==> Abs. Max. Deriv.          4.29e-02
  ==> Time-Grad. (s)              47.568
  ==> Time-Energy (s)             12.765
  ==> Time-Iter. (s)              61.410

--------------------------------------------------------------------------------
CEO-ADAPT-VQE iteration: 19
--------------------------------------------------------------------------------
    gate        derivative      name       op1       op2       op3        g_unscaled   penalty
   44899        0.00067665        op       747       748                  0.02503598        37
   44900        0.00067665        om       747       748                  0.02503598        37
   44917        0.00066898        op       765       766                  0.02475216        37
   44918        0.00066898        om       765       766                  0.02475216        37
   44923        0.00062969        op       771       772                  0.02833606        45
   44924        0.00062969        om       771       772                  0.02833606        45
   44925        0.00053511        op       773       774                  0.02836057        53
   44926        0.00053511        om       773       774                  0.02836057        53
     177       -0.00052406      a_ia       177                           -0.01991411        38
   44953        0.00050402        op       801       802                  0.04284200        85

  ==> Add operator: op -1: 747 748
  ==> Current qubit order: 2  3  4  5  6  7  8  9  10  11  12  13  14  15  16  17  18  19  20  21  25  26  27  28  29  30  54  55  31  32  33  34  35  36  37  38  39  46  41  59  58  47  22  49  48  50  24  23  40  43  51  44  45  42  52  53  56  57  60  61  62  63  66  64  65  1  0  67  68  69  94  95  70  71  72  73  74  75  76  77  78  79  80  81  82  83  84  85  86  87  88  89  90  91  92  93  


  ==> Energy                -269.709643560
  ==> dE                       -3.90e-05
  ==> Gradient Norm             4.59e-01
  ==> Abs. Max. Deriv.          5.76e-02
  ==> Time-Grad. (s)              48.354
  ==> Time-Energy (s)             13.100
  ==> Time-Iter. (s)              62.554

--------------------------------------------------------------------------------
CEO-ADAPT-VQE iteration: 20
--------------------------------------------------------------------------------
    gate        derivative      name       op1       op2       op3        g_unscaled   penalty
   98799        0.00067186        op     41850     41851                  0.04232697        63
   98800        0.00067186        om     41850     41851                  0.04232697        63
     185       -0.00058569      a_ia       185                           -0.01991359        34
   44829        0.00054603        op       792       793                  0.02457131        45
   44830        0.00054603        om       792       793                  0.02457131        45
   41850        0.00053578    a_iajb     41850                            0.04232697        79
   44835        0.00053053        op       798       799                  0.02811833        53
   44836        0.00053053        om       798       799                  0.02811833        53
   44761        0.00050555        op       724       725                  0.03083827        61
   44762        0.00050555        om       724       725                  0.03083827        61

  ==> Add operator: op -1: 41850 41851
  ==> Current qubit order: 2  3  4  5  6  7  8  9  10  11  12  13  14  15  16  17  18  19  20  21  25  26  27  28  29  30  54  55  31  32  33  34  35  36  37  38  39  46  59  58  47  22  49  48  50  24  23  43  41  40  52  53  51  44  45  42  56  57  60  61  62  63  66  64  65  1  0  67  68  69  94  95  70  71  72  73  74  75  76  77  78  79  80  81  82  83  84  85  86  87  88  89  90  91  92  93  


  ==> Energy                -269.710028285
  ==> dE                       -3.85e-04
  ==> Gradient Norm             4.73e-01
  ==> Abs. Max. Deriv.          7.32e-02
  ==> Time-Grad. (s)             115.384
  ==> Time-Energy (s)             12.974
  ==> Time-Iter. (s)             129.455

--------------------------------------------------------------------------------
CEO-ADAPT-VQE iteration: 21
--------------------------------------------------------------------------------
    gate        derivative      name       op1       op2       op3        g_unscaled   penalty
     190        0.00103647      a_ia       190                            0.05182368        50
     158       -0.00086118      a_ia       158                           -0.02755763        32
     195       -0.00055342      a_ia       195                           -0.01992309        36
   44940        0.00054621        op       833       834                  0.02457937        45
   44941        0.00054621        om       833       834                  0.02457937        45
   44946        0.00053082        op       839       840                  0.02813369        53
   44947        0.00053082        om       839       840                  0.02813369        53
   44640        0.00049037        op       533       534                  0.07306469       149
   44641        0.00049037        om       533       534                  0.07306469       149
   44950        0.00046396        op       843       844                  0.02830138        61

  ==> Add operator: a_ia 190
  ==> Current qubit order: 2  3  4  5  6  7  8  9  10  11  12  13  14  15  16  17  18  19  20  21  25  26  27  28  29  30  54  55  31  32  33  34  35  36  37  38  39  46  59  58  47  22  48  50  24  23  43  41  40  52  53  51  44  45  42  56  57  60  61  62  63  66  64  65  1  0  49  67  68  69  94  95  70  71  72  73  74  75  76  77  78  79  80  81  82  83  84  85  86  87  88  89  90  91  92  93  


  ==> Energy                -269.710596586
  ==> dE                       -5.68e-04
  ==> Gradient Norm             4.82e-01
  ==> Abs. Max. Deriv.          7.31e-02
  ==> Time-Grad. (s)              51.674
  ==> Time-Energy (s)            107.440
  ==> Time-Iter. (s)             160.390

--------------------------------------------------------------------------------
CEO-ADAPT-VQE iteration: 22
--------------------------------------------------------------------------------
    gate        derivative      name       op1       op2       op3        g_unscaled   penalty
     205       -0.00066282      a_ia       205                           -0.02386144        36
   44973        0.00050147        op       862       863                  0.02457215        49
   44974        0.00050147        om       862       863                  0.02457215        49
   44659        0.00049777        op       548       549                  0.07317184       147
   44660        0.00049777        om       548       549                  0.07317184       147
   44979        0.00049339        op       868       869                  0.02812315        57
   44980        0.00049339        om       868       869                  0.02812315        57
     548        0.00044891    a_iajb       548                            0.07317184       163
   45013        0.00044143        op       902       903                  0.04281836        97
   45014        0.00044143        om       902       903                  0.04281836        97

  ==> Add operator: a_ia 205
  ==> Current qubit order: 2  3  4  5  6  7  8  9  10  11  12  13  14  15  16  17  18  19  20  21  25  26  27  28  29  30  54  55  31  32  33  34  35  36  37  38  39  46  59  58  47  22  48  24  23  43  41  40  52  53  51  44  45  42  56  57  60  61  62  63  50  66  64  65  1  0  49  67  68  69  94  95  70  71  72  73  74  75  76  77  78  79  80  81  82  83  84  85  86  87  88  89  90  91  92  93  


  ==> Energy                -269.710775335
  ==> dE                       -1.79e-04
  ==> Gradient Norm             4.73e-01
  ==> Abs. Max. Deriv.          7.32e-02
  ==> Time-Grad. (s)              52.081
  ==> Time-Energy (s)            313.485
  ==> Time-Iter. (s)             366.632

--------------------------------------------------------------------------------
CEO-ADAPT-VQE iteration: 23
--------------------------------------------------------------------------------
    gate        derivative      name       op1       op2       op3        g_unscaled   penalty
   44937        0.00050159        op       890       891                  0.02457800        49
   44938        0.00050159        om       890       891                  0.02457800        49
   44943        0.00049363        op       896       897                  0.02813700        57
   44944        0.00049363        om       896       897                  0.02813700        57
   44611        0.00049069        op       564       565                  0.07311238       149
   44612        0.00049069        om       564       565                  0.07311238       149
     564        0.00044311    a_iajb       564                            0.07311238       165
   44977        0.00044139        op       930       931                  0.04281449        97
   44978        0.00044139        om       930       931                  0.04281449        97
   44947        0.00043529        op       900       901                  0.02829401        65

  ==> Add operator: op -1: 890 891
  ==> Current qubit order: 2  3  4  5  6  7  8  9  10  11  12  13  14  15  16  17  18  19  20  21  25  26  27  28  29  30  54  55  31  32  33  34  35  36  37  38  39  46  59  58  47  22  48  24  23  43  41  40  52  53  51  44  45  42  56  57  60  61  62  63  50  66  64  65  49  67  1  0  70  71  68  69  94  95  72  73  74  75  76  77  78  79  80  81  82  83  84  85  86  87  88  89  90  91  92  93  


  ==> Energy                -269.710909987
  ==> dE                       -1.35e-04
  ==> Gradient Norm             4.77e-01
  ==> Abs. Max. Deriv.          7.31e-02
  ==> Time-Grad. (s)              47.146
  ==> Time-Energy (s)            263.459
  ==> Time-Iter. (s)             312.044

--------------------------------------------------------------------------------
CEO-ADAPT-VQE iteration: 24
--------------------------------------------------------------------------------
    gate        derivative      name       op1       op2       op3        g_unscaled   penalty
   91983       -0.00085062        op     36733     36734                 -0.03317409        39
   91984       -0.00084774        om     36733     36734                 -0.03306181        39
       3       -0.00070576      a_ia         3                           -0.00141153         2
   36733       -0.00060214    a_iajb     36733                           -0.03311795        55
   44891        0.00057148        op       960       961                  0.02800237        49
   44892        0.00057148        om       960       961                  0.02800237        49
   44897        0.00049443        op       966       967                  0.02818235        57
   44898        0.00049443        om       966       967                  0.02818235        57
   44931        0.00048034        op      1000      1001                  0.04275054        89
   44932        0.00048034        om      1000      1001                  0.04275054        89

  ==> Add operator: mvp2 -1: 36733 36734
  ==> Current qubit order: 2  3  4  5  6  7  8  9  10  11  12  13  14  15  16  17  18  19  20  21  25  26  27  28  29  30  54  55  31  32  33  34  35  36  37  38  39  46  59  58  47  22  48  51  24  23  43  41  40  52  53  44  45  42  56  57  60  61  62  63  50  66  64  65  49  67  1  0  70  71  68  69  94  95  72  73  74  75  76  77  78  79  80  81  82  83  84  85  86  87  88  89  90  91  92  93  


  ==> Energy                -269.711236257
  ==> dE                       -3.26e-04
  ==> Gradient Norm             4.91e-01
  ==> Abs. Max. Deriv.          7.50e-02
  ==> Time-Grad. (s)              60.569
  ==> Time-Energy (s)              2.344
  ==> Time-Iter. (s)              64.001

--------------------------------------------------------------------------------
CEO-ADAPT-VQE iteration: 25
--------------------------------------------------------------------------------
    gate        derivative      name       op1       op2       op3        g_unscaled   penalty
       3       -0.00070541      a_ia         3                           -0.00141083         2
   45016        0.00057148        op       979       980                  0.02800238        49
   45017        0.00057148        om       979       980                  0.02800238        49
   45022        0.00049443        op       985       986                  0.02818242        57
   45023        0.00049443        om       985       986                  0.02818242        57
   44649        0.00048407        om       611       612                  0.07503147       155
   44648        0.00048407        op       611       612                  0.07503147       155
   45056        0.00048034        op      1019      1020                  0.04275033        89
   45057        0.00048034        om      1019      1020                  0.04275033        89
     216        0.00046096      a_ia       216                            0.00368764         8

  ==> Add operator: a_ia 3
  ==> Current qubit order: 2  3  4  5  6  7  8  9  10  11  12  13  14  15  16  17  18  19  20  21  25  26  27  28  29  30  54  55  31  32  33  34  35  36  37  38  39  46  59  58  47  22  48  51  24  23  43  41  40  52  53  44  45  42  56  57  60  61  62  63  50  66  64  65  49  67  1  0  70  71  68  69  94  95  72  73  74  75  76  77  78  79  80  81  82  83  84  85  86  87  88  89  90  91  92  93  


  ==> Energy                -269.712823597
  ==> dE                       -1.59e-03
  ==> Gradient Norm             5.00e-01
  ==> Abs. Max. Deriv.          7.50e-02
  ==> Time-Grad. (s)             107.162
  ==> Time-Energy (s)            283.636
  ==> Time-Iter. (s)             391.822

--------------------------------------------------------------------------------
CEO-ADAPT-VQE iteration: 26
--------------------------------------------------------------------------------
    gate        derivative      name       op1       op2       op3        g_unscaled   penalty
   44941        0.00057163        op      1010      1011                  0.02800970        49
   44942        0.00057163        om      1010      1011                  0.02800970        49
   44947        0.00049459        op      1016      1017                  0.02819138        57
   44948        0.00049459        om      1016      1017                  0.02819138        57
   44563        0.00048376        op       632       633                  0.07498355       155
   44564        0.00048376        om       632       633                  0.07498355       155
   44981        0.00048043        op      1050      1051                  0.04275867        89
   44982        0.00048043        om      1050      1051                  0.04275867        89
     237       -0.00047444      a_ia       237                           -0.00094888         2
     632        0.00043850    a_iajb       632                            0.07498355       171

  ==> Add operator: op -1: 1010 1011
  ==> Current qubit order: 2  3  4  5  6  7  8  9  10  11  12  13  14  15  16  17  18  19  20  21  25  26  27  28  29  30  54  55  31  32  33  34  35  36  37  38  39  46  59  58  47  22  48  51  24  23  43  41  40  52  53  44  45  42  56  57  60  61  62  63  50  66  64  65  49  67  70  71  1  0  72  73  68  69  94  95  74  75  76  77  78  79  80  81  82  83  84  85  86  87  88  89  90  91  92  93  


  ==> Energy                -269.712868876
  ==> dE                       -4.53e-05
  ==> Gradient Norm             4.91e-01
  ==> Abs. Max. Deriv.          7.50e-02
  ==> Time-Grad. (s)             107.260
  ==> Time-Energy (s)              1.069
  ==> Time-Iter. (s)             109.392

--------------------------------------------------------------------------------
CEO-ADAPT-VQE iteration: 27
--------------------------------------------------------------------------------
    gate        derivative      name       op1       op2       op3        g_unscaled   penalty
   44969        0.00057267        op      1043      1044                  0.02806091        49
   44970        0.00057267        om      1043      1044                  0.02806091        49
   45003        0.00052713        op      1077      1078                  0.04269778        81
   45004        0.00052713        om      1077      1078                  0.04269778        81
   44961        0.00049288        op      1035      1036                  0.01232188        25
   44962        0.00049288        om      1035      1036                  0.01232188        25
   44573        0.00047843        op       647       648                  0.07798460       163
   44574        0.00047843        om       647       648                  0.07798460       163
     242       -0.00047445      a_ia       242                           -0.00094889         2
    1077        0.00044018    a_iajb      1077                            0.04269778        97

  ==> Add operator: op -1: 1043 1044
  ==> Current qubit order: 2  3  4  5  6  7  8  9  10  11  12  13  14  15  16  17  18  19  20  21  25  26  27  28  29  30  54  55  31  32  33  34  35  36  37  38  39  46  59  58  47  22  48  51  24  23  43  41  40  52  53  44  45  42  56  57  60  61  62  63  50  66  64  65  49  67  70  71  72  73  1  0  74  75  68  69  94  95  76  77  78  79  80  81  82  83  84  85  86  87  88  89  90  91  92  93  


  ==> Energy                -269.712913290
  ==> dE                       -4.44e-05
  ==> Gradient Norm             5.09e-01
  ==> Abs. Max. Deriv.          7.80e-02
  ==> Time-Grad. (s)              74.045
  ==> Time-Energy (s)              1.433
  ==> Time-Iter. (s)              76.438

--------------------------------------------------------------------------------
CEO-ADAPT-VQE iteration: 28
--------------------------------------------------------------------------------
    gate        derivative      name       op1       op2       op3        g_unscaled   penalty
   45018        0.00058352        op      1124      1125                  0.04259676        73
   45019        0.00058352        om      1124      1125                  0.04259676        73
    1124        0.00047862    a_iajb      1124                            0.04259676        89
     251       -0.00047447      a_ia       251                           -0.00094894         2
   44572        0.00046755        op       678       679                  0.07995131       171
   44573        0.00046755        om       678       679                  0.07995131       171
     678        0.00042755    a_iajb       678                            0.07995131       187
   44666        0.00042212        op       772       773                  0.07640405       181
   44667        0.00042212        om       772       773                  0.07640405       181
     772        0.00038784    a_iajb       772                            0.07640405       197

  ==> Add operator: op -1: 1124 1125
  ==> Current qubit order: 2  3  4  5  6  7  8  9  10  11  12  13  14  15  16  17  18  19  20  21  25  26  27  28  29  30  54  55  31  32  33  34  35  36  37  38  39  46  59  58  47  22  48  51  24  23  43  41  40  52  53  44  45  42  56  57  60  61  62  63  50  66  64  65  49  67  70  71  72  73  74  75  68  69  94  95  76  1  0  82  83  77  78  79  80  81  84  85  86  87  88  89  90  91  92  93  


  ==> Energy                -269.713008473
  ==> dE                       -9.52e-05
  ==> Gradient Norm             5.18e-01
  ==> Abs. Max. Deriv.          8.00e-02
  ==> Time-Grad. (s)              56.885
  ==> Time-Energy (s)              0.931
  ==> Time-Iter. (s)              58.788

--------------------------------------------------------------------------------
CEO-ADAPT-VQE iteration: 29
--------------------------------------------------------------------------------
    gate        derivative      name       op1       op2       op3        g_unscaled   penalty
     264       -0.00087689      a_ia       264                           -0.01929158        22
     266       -0.00047451      a_ia       266                           -0.00094902         2
   44974        0.00041815        op      1140      1141                  0.01212636        29
   44975        0.00041815        om      1140      1141                  0.01212636        29
   45000       -0.00041676        op      1166      1167                 -0.01625375        39
   45001       -0.00041676        om      1166      1167                 -0.01625375        39
   44544        0.00040216        op       710       711                  0.08002906       199
   44545        0.00040216        om       710       711                  0.08002906       199
     216        0.00038695      a_ia       216                            0.00309564         8
     246        0.00038513      a_ia       246                            0.00308103         8

  ==> Add operator: a_ia 264
  ==> Current qubit order: 2  3  4  5  6  7  8  9  10  11  12  13  14  15  16  17  18  19  20  21  25  26  27  28  29  30  54  55  31  32  33  34  35  36  37  38  39  46  59  58  47  22  48  51  24  23  43  41  40  53  44  45  42  56  57  60  61  62  63  52  50  66  64  65  49  67  70  71  72  73  74  75  68  69  94  95  76  1  0  82  83  77  78  79  80  81  84  85  86  87  88  89  90  91  92  93  


  ==> Energy                -269.713111492
  ==> dE                       -1.03e-04
  ==> Gradient Norm             5.10e-01
  ==> Abs. Max. Deriv.          8.00e-02
  ==> Time-Grad. (s)             114.902
  ==> Time-Energy (s)              1.349
  ==> Time-Iter. (s)             117.256

--------------------------------------------------------------------------------
CEO-ADAPT-VQE iteration: 30
--------------------------------------------------------------------------------
    gate        derivative      name       op1       op2       op3        g_unscaled   penalty
     251        0.00049878      a_ia       251                            0.00299268         6
   91366        0.00049424        op     36303     36304                  0.04695270        95
   91367        0.00049345        om     36303     36304                  0.04687783        95
   36303        0.00042266    a_iajb     36303                            0.04691527       111
   44998        0.00041815        op      1170      1171                  0.01212636        29
   44999        0.00041815        om      1170      1171                  0.01212636        29
   45024       -0.00041676        op      1196      1197                 -0.01625374        39
   45025       -0.00041676        om      1196      1197                 -0.01625374        39
   44561        0.00040216        om       732       733                  0.08002967       199
   44560        0.00040216        op       732       733                  0.08002967       199

  ==> Add operator: a_ia 251
  ==> Current qubit order: 2  3  4  5  6  7  8  9  10  11  12  13  14  15  16  17  18  19  20  21  25  26  27  28  29  30  54  55  31  32  33  34  35  36  37  38  39  46  59  58  47  22  48  51  24  23  41  40  43  53  44  45  42  56  57  60  61  62  63  52  50  66  64  65  49  67  70  71  72  73  74  75  68  69  94  95  76  1  0  82  83  77  78  79  80  81  84  85  86  87  88  89  90  91  92  93  


  ==> Energy                -269.713115559
  ==> dE                       -4.07e-06
  ==> Gradient Norm             5.11e-01
  ==> Abs. Max. Deriv.          8.00e-02
  ==> Time-Grad. (s)              57.912
  ==> Time-Energy (s)              1.624
  ==> Time-Iter. (s)              60.689

--------------------------------------------------------------------------------
CEO-ADAPT-VQE iteration: 31
--------------------------------------------------------------------------------
    gate        derivative      name       op1       op2       op3        g_unscaled   penalty
   45042        0.00041815        op      1211      1212                  0.01212636        29
   45043        0.00041815        om      1211      1212                  0.01212636        29
   45068       -0.00041676        op      1237      1238                 -0.01625380        39
   45069       -0.00041676        om      1237      1238                 -0.01625380        39
   64014       -0.00040948        op     15445     15447                 -0.05773681       141
   64015       -0.00040948        op     15445     15447                 -0.05773681       141
   64010       -0.00040518        op     15445     15446                 -0.05713102       141
   64011       -0.00040518        op     15445     15446                 -0.05713102       141
   44585        0.00040216        om       753       754                  0.08002962       199
   44584        0.00040216        op       753       754                  0.08002962       199

  ==> Add operator: op -1: 1211 1212
  ==> Current qubit order: 2  3  4  5  6  7  8  9  10  11  12  13  14  15  16  17  18  19  20  21  25  26  27  28  29  30  54  55  31  32  33  34  35  36  37  38  39  46  59  58  47  22  48  51  24  23  41  40  43  53  44  45  42  56  57  60  61  62  63  52  50  66  64  65  49  67  70  71  72  73  74  75  68  69  94  95  76  1  0  77  82  83  78  79  80  81  84  85  86  87  88  89  90  91  92  93  


  ==> Energy                -269.713123437
  ==> dE                       -7.88e-06
  ==> Gradient Norm             5.22e-01
  ==> Abs. Max. Deriv.          8.00e-02
  ==> Time-Grad. (s)              77.353
  ==> Time-Energy (s)              1.222
  ==> Time-Iter. (s)              79.585

--------------------------------------------------------------------------------
CEO-ADAPT-VQE iteration: 32
--------------------------------------------------------------------------------
    gate        derivative      name       op1       op2       op3        g_unscaled   penalty
   44633        0.00040693        om       776       777                  0.08097887       199
   44632        0.00040693        op       776       777                  0.08097887       199
   64670       -0.00040375        op     15911     15913                 -0.05773671       143
   64671       -0.00040375        op     15911     15913                 -0.05773671       143
   64666       -0.00039952        op     15911     15912                 -0.05713092       143
   64667       -0.00039952        op     15911     15912                 -0.05713092       143
   45124       -0.00039647        op      1268      1269                 -0.01625517        41
   45125       -0.00039647        om      1268      1269                 -0.01625517        41
     234        0.00038938      a_ia       234                            0.00311503         8
   44966        0.00038910        op      1110      1111                  0.03073892        79

  ==> Add operator: om -1: 776 777
  ==> Current qubit order: 2  3  4  5  6  7  8  9  10  11  12  13  14  15  16  17  18  19  20  21  26  27  28  29  30  54  55  31  32  33  34  35  36  37  38  39  46  59  58  47  22  48  51  23  41  40  43  53  44  45  42  56  57  60  25  24  1  0  61  62  63  52  50  66  64  65  49  67  70  71  72  73  74  75  68  69  94  95  76  77  82  83  78  79  80  81  84  85  86  87  88  89  90  91  92  93  


  ==> Energy                -269.713658296
  ==> dE                       -5.35e-04
  ==> Gradient Norm             5.38e-01
  ==> Abs. Max. Deriv.          8.10e-02
  ==> Time-Grad. (s)              73.399
  ==> Time-Energy (s)              1.253
  ==> Time-Iter. (s)              75.666

--------------------------------------------------------------------------------
CEO-ADAPT-VQE iteration: 33
--------------------------------------------------------------------------------
    gate        derivative      name       op1       op2       op3        g_unscaled   penalty
   98858       -0.00124282        om     42113     42114                 -0.07084051        57
   98857       -0.00111251        op     42113     42114                 -0.06341306        57
   42113       -0.00091955    a_iajb     42113                           -0.06712679        73
   44933        0.00059596        op      1197      1198                  0.01728283        29
   44934        0.00059596        om      1197      1198                  0.01728283        29
   44947        0.00048100        op      1211      1212                  0.01394896        29
   44948        0.00048100        om      1211      1212                  0.01394896        29
   65011       -0.00042752        op     16291     16293                 -0.05771522       135
   65012       -0.00042752        op     16291     16293                 -0.05771522       135
   65007       -0.00042385        op     16291     16292                 -0.05722005       135

  ==> Add operator: mvp2 -1: 42113 42114
  ==> Current qubit order: 2  3  4  5  6  7  8  9  10  11  12  13  14  15  16  17  18  19  20  21  26  27  28  29  30  54  55  31  32  33  34  35  36  37  38  39  46  59  58  22  47  48  51  42  23  41  40  43  53  44  45  56  57  60  25  24  1  0  61  62  63  52  50  66  64  65  49  67  70  71  72  73  74  75  68  69  94  95  76  77  82  83  78  79  80  81  84  85  86  87  88  89  90  91  92  93  


  ==> Energy                -269.715938300
  ==> dE                       -2.28e-03
  ==> Gradient Norm             4.59e-01
  ==> Abs. Max. Deriv.          7.08e-02
  ==> Time-Grad. (s)             125.594
  ==> Time-Energy (s)              2.491
  ==> Time-Iter. (s)             129.111

--------------------------------------------------------------------------------
CEO-ADAPT-VQE iteration: 34
--------------------------------------------------------------------------------
    gate        derivative      name       op1       op2       op3        g_unscaled   penalty
     273       -0.00069839      a_ia       273                           -0.00698391        10
   45012        0.00059596        op      1238      1239                  0.01728282        29
   45013        0.00059596        om      1238      1239                  0.01728282        29
   45026        0.00048100        op      1252      1253                  0.01394897        29
   45027        0.00048100        om      1252      1253                  0.01394897        29
   65610       -0.00042152        op     16735     16737                 -0.05774762       137
   65611       -0.00042152        op     16735     16737                 -0.05774762       137
   65606       -0.00041790        op     16735     16736                 -0.05725216       137
   65607       -0.00041790        op     16735     16736                 -0.05725216       137
   44960        0.00038847        op      1186      1187                  0.03068933        79

  ==> Add operator: a_ia 273
  ==> Current qubit order: 2  3  4  5  6  7  8  9  10  11  12  13  14  15  16  17  18  19  20  21  26  27  28  29  30  54  55  31  32  33  34  35  36  37  38  39  46  59  58  22  47  51  42  23  41  48  40  43  53  44  45  56  57  60  25  24  1  0  61  62  63  52  50  66  64  65  49  67  70  71  72  73  74  75  68  69  94  95  76  77  82  83  78  79  80  81  84  85  86  87  88  89  90  91  92  93  


  ==> Energy                -269.715968560
  ==> dE                       -3.03e-05
  ==> Gradient Norm             4.41e-01
  ==> Abs. Max. Deriv.          5.77e-02
  ==> Time-Grad. (s)              62.986
  ==> Time-Energy (s)              1.748
  ==> Time-Iter. (s)              66.130

--------------------------------------------------------------------------------
CEO-ADAPT-VQE iteration: 35
--------------------------------------------------------------------------------
    gate        derivative      name       op1       op2       op3        g_unscaled   penalty
   44956        0.00059596        op      1276      1277                  0.01728289        29
   44957        0.00059596        om      1276      1277                  0.01728289        29
   44972        0.00048101        op      1292      1293                  0.01394921        29
   44973        0.00048101        om      1292      1293                  0.01394921        29
   66190       -0.00042152        op     17238     17240                 -0.05774765       137
   66191       -0.00042152        op     17238     17240                 -0.05774765       137
   66186       -0.00041790        op     17238     17239                 -0.05725220       137
   66187       -0.00041790        op     17238     17239                 -0.05725220       137
   44904        0.00038846        op      1224      1225                  0.03068815        79
   44905        0.00038844        om      1224      1225                  0.03068663        79

  ==> Add operator: op -1: 1276 1277
  ==> Current qubit order: 2  3  4  5  6  7  8  9  10  11  12  13  14  15  16  17  18  19  20  21  26  27  28  29  30  54  55  31  32  33  34  35  36  37  38  39  46  59  58  22  47  51  42  23  41  48  40  43  53  44  45  56  57  25  24  60  1  0  61  62  63  52  50  66  64  65  49  67  70  71  72  73  74  75  68  69  94  95  76  77  82  83  78  79  80  81  84  85  86  87  88  89  90  91  92  93  


  ==> Energy                -269.715987066
  ==> dE                       -1.85e-05
  ==> Gradient Norm             4.42e-01
  ==> Abs. Max. Deriv.          5.77e-02
  ==> Time-Grad. (s)              58.862
  ==> Time-Energy (s)              1.362
  ==> Time-Iter. (s)              61.227

--------------------------------------------------------------------------------
CEO-ADAPT-VQE iteration: 36
--------------------------------------------------------------------------------
    gate        derivative      name       op1       op2       op3        g_unscaled   penalty
   44993        0.00047610        op      1325      1326                  0.01380678        29
   44994        0.00047610        om      1325      1326                  0.01380678        29
   66815       -0.00042151        op     17725     17727                 -0.05774739       137
   66816       -0.00042151        op     17725     17727                 -0.05774739       137
   66811       -0.00041790        op     17725     17726                 -0.05725193       137
   66812       -0.00041790        op     17725     17726                 -0.05725193       137
   44925        0.00038834        op      1257      1258                  0.03067890        79
   44926        0.00038832        om      1257      1258                  0.03067738        79
     264        0.00038651      a_ia       264                            0.00309211         8
   17725       -0.00037342    a_iajb     17725                           -0.05713294       153

  ==> Add operator: op -1: 1325 1326
  ==> Current qubit order: 2  3  4  5  6  7  8  9  10  11  12  13  14  15  16  17  18  19  20  21  26  27  28  29  30  54  55  31  32  33  34  35  36  37  38  39  46  59  58  22  47  51  42  23  41  48  40  43  53  44  45  56  57  25  24  60  1  0  62  63  61  52  50  66  64  65  49  67  70  71  72  73  74  75  68  69  94  95  76  77  82  83  78  79  80  81  84  85  86  87  88  89  90  91  92  93  


  ==> Energy                -269.715998733
  ==> dE                       -1.17e-05
  ==> Gradient Norm             4.31e-01
  ==> Abs. Max. Deriv.          5.77e-02
  ==> Time-Grad. (s)              65.984
  ==> Time-Energy (s)              1.263
  ==> Time-Iter. (s)              68.270

--------------------------------------------------------------------------------
CEO-ADAPT-VQE iteration: 37
--------------------------------------------------------------------------------
    gate        derivative      name       op1       op2       op3        g_unscaled   penalty
     323        0.00429791      a_ia       323                            0.00859582         2
   96119        0.00088049        op     39953     39954                  0.04666600        53
   96120        0.00088049        om     39953     39954                  0.04666600        53
   39953        0.00067632    a_iajb     39953                            0.04666600        69
   67385       -0.00042151        op     18148     18150                 -0.05774722       137
   67386       -0.00042151        op     18148     18150                 -0.05774722       137
   67381       -0.00041790        op     18148     18149                 -0.05725177       137
   67382       -0.00041790        op     18148     18149                 -0.05725177       137
   44965        0.00038829        op      1279      1280                  0.03067506        79
   44966        0.00038827        om      1279      1280                  0.03067354        79

  ==> Add operator: a_ia 323
  ==> Current qubit order: 2  3  4  5  6  7  8  9  10  11  12  13  14  15  16  17  18  19  20  21  26  27  28  29  30  54  55  31  32  33  34  35  36  37  38  39  46  59  58  22  47  51  42  23  41  48  40  43  53  44  45  56  57  25  24  60  1  0  62  63  61  52  50  66  64  65  49  67  70  71  72  73  74  75  68  69  94  95  76  77  82  83  78  79  80  81  84  85  86  87  88  89  90  91  92  93  


  ==> Energy                -269.716047275
  ==> dE                       -4.85e-05
  ==> Gradient Norm             4.34e-01
  ==> Abs. Max. Deriv.          5.77e-02
  ==> Time-Grad. (s)             129.131
  ==> Time-Energy (s)              0.866
  ==> Time-Iter. (s)             131.064

--------------------------------------------------------------------------------
CEO-ADAPT-VQE iteration: 38
--------------------------------------------------------------------------------
    gate        derivative      name       op1       op2       op3        g_unscaled   penalty
     309        0.00054911      a_ia       309                            0.00109822         2
   67958       -0.00042151        op     18558     18560                 -0.05774717       137
   67959       -0.00042151        op     18558     18560                 -0.05774717       137
   67954       -0.00041790        op     18558     18559                 -0.05725173       137
   67955       -0.00041790        op     18558     18559                 -0.05725173       137
   45018        0.00038829        op      1307      1308                  0.03067483        79
   45019        0.00038827        om      1307      1308                  0.03067330        79
     279        0.00038733      a_ia       279                            0.00309863         8
     321       -0.00038569      a_ia       321                           -0.00077139         2
   18558       -0.00037342    a_iajb     18558                           -0.05713273       153

  ==> Add operator: a_ia 309
  ==> Current qubit order: 2  3  4  5  6  7  8  9  10  11  12  13  14  15  16  17  18  19  20  21  26  27  28  29  30  54  55  31  32  33  34  35  36  37  38  39  46  59  58  22  47  51  42  23  41  48  40  43  53  44  45  56  57  25  24  60  1  0  62  63  61  52  50  66  64  65  49  67  70  71  72  73  74  75  68  69  94  95  76  77  82  83  78  79  80  81  84  85  86  87  88  89  90  91  92  93  


  ==> Energy                -269.716048014
  ==> dE                       -7.39e-07
  ==> Gradient Norm             4.20e-01
  ==> Abs. Max. Deriv.          5.77e-02
  ==> Time-Grad. (s)             123.062
  ==> Time-Energy (s)              2.017
  ==> Time-Iter. (s)             126.094

--------------------------------------------------------------------------------
CEO-ADAPT-VQE iteration: 39
--------------------------------------------------------------------------------
    gate        derivative      name       op1       op2       op3        g_unscaled   penalty
   69006        0.00068732        om     19532     19533                  0.09003867       131
   69005        0.00068135        op     19532     19533                  0.08925665       131
   19532        0.00060985    a_iajb     19532                            0.08964766       147
   68451       -0.00042151        op     18983     18985                 -0.05774717       137
   68452       -0.00042151        op     18983     18985                 -0.05774717       137
   68447       -0.00041790        op     18983     18984                 -0.05725172       137
   68448       -0.00041790        op     18983     18984                 -0.05725172       137
   44997        0.00038829        op      1341      1342                  0.03067499        79
   44998        0.00038827        om      1341      1342                  0.03067347        79
     288        0.00038746      a_ia       288                            0.00309971         8

  ==> Add operator: mvp2 -1: 19532 19533
  ==> Current qubit order: 2  3  4  5  6  7  8  9  10  11  12  13  14  15  16  17  18  19  20  21  26  27  28  29  30  54  55  31  32  33  34  35  36  37  38  39  46  59  58  22  47  51  42  41  48  40  43  53  44  45  56  57  25  24  60  1  62  63  61  52  50  66  23  0  94  83  64  65  49  67  70  71  72  73  74  75  68  69  95  76  77  82  78  79  80  81  84  85  86  87  88  89  90  91  92  93  


  ==> Energy                -269.716578972
  ==> dE                       -5.31e-04
  ==> Gradient Norm             4.33e-01
  ==> Abs. Max. Deriv.          9.00e-02
  ==> Time-Grad. (s)             136.407
  ==> Time-Energy (s)              2.571
  ==> Time-Iter. (s)             140.146

--------------------------------------------------------------------------------
CEO-ADAPT-VQE iteration: 40
--------------------------------------------------------------------------------
    gate        derivative      name       op1       op2       op3        g_unscaled   penalty
   68827       -0.00056057        op     19410     19412                 -0.05773883       103
   68828       -0.00056057        op     19410     19412                 -0.05773883       103
   68823       -0.00054676        op     19410     19411                 -0.05631581       103
   68824       -0.00054676        op     19410     19411                 -0.05631581       103
   45058        0.00051423        om      1572      1573                  0.03342470        65
   69285       -0.00051021        op     19863     19864                 -0.01887779        37
   45057        0.00050810        op      1572      1573                  0.03302680        65
   69286       -0.00050802        om     19863     19864                 -0.01879671        37
   69398       -0.00049973        om     19975     19976                 -0.04447585        89
   69397       -0.00049606        op     19975     19976                 -0.04414942        89

  ==> Add operator: mvp3 -1: 19410 19411 19412
  ==> Current qubit order: 2  3  4  5  6  7  8  9  10  11  12  13  14  15  16  17  18  19  20  21  26  27  28  29  30  54  55  31  32  33  34  35  36  37  38  39  46  59  58  47  51  42  41  48  40  43  53  44  45  56  57  25  24  60  1  62  63  61  52  50  66  23  22  0  94  82  83  64  65  49  67  70  71  72  73  74  75  68  69  95  76  77  78  79  80  81  84  85  86  87  88  89  90  91  92  93  


  ==> Energy                -269.717555593
  ==> dE                       -9.77e-04
  ==> Gradient Norm             4.19e-01
  ==> Abs. Max. Deriv.          5.77e-02
  ==> Time-Grad. (s)              83.095
  ==> Time-Energy (s)              3.528
  ==> Time-Iter. (s)              87.647

--------------------------------------------------------------------------------
CEO-ADAPT-VQE iteration: 41
--------------------------------------------------------------------------------
    gate        derivative      name       op1       op2       op3        g_unscaled   penalty
   69999        0.00114163        om     20406     20407                  0.03310741        29
   69998        0.00112624        op     20406     20407                  0.03266093        29
   45125        0.00089853        om      1601      1602                  0.06199846        69
   45124        0.00089084        op      1601      1602                  0.06146778        69
   20406        0.00073076    a_iajb     20406                            0.03288417        45
    1601        0.00072627    a_iajb      1601                            0.06173312        85
   68974       -0.00047720        op     19546     19548                 -0.03865341        81
   68975       -0.00047720        op     19546     19548                 -0.03865341        81
   68970       -0.00047122        op     19546     19547                 -0.03816907        81
   68971       -0.00047122        op     19546     19547                 -0.03816907        81

  ==> Add operator: mvp2 -1: 20406 20407
  ==> Current qubit order: 2  3  4  5  6  7  8  9  10  11  12  13  14  15  16  17  18  19  20  21  26  27  28  29  30  54  55  31  32  33  34  35  36  37  38  39  46  59  58  47  51  42  41  48  40  43  53  44  45  56  57  25  24  60  1  62  63  61  52  50  66  22  23  0  94  83  82  64  65  49  67  70  71  72  73  74  75  68  69  95  76  77  78  79  80  81  84  85  86  87  88  89  90  91  92  93  


  ==> Energy                -269.717625659
  ==> dE                       -7.01e-05
  ==> Gradient Norm             4.33e-01
  ==> Abs. Max. Deriv.          6.20e-02
  ==> Time-Grad. (s)              69.302
  ==> Time-Energy (s)              2.654
  ==> Time-Iter. (s)              72.971

--------------------------------------------------------------------------------
CEO-ADAPT-VQE iteration: 42
--------------------------------------------------------------------------------
    gate        derivative      name       op1       op2       op3        g_unscaled   penalty
   45074        0.00099172        om      1639      1640                  0.06842840        69
   45073        0.00098195        op      1639      1640                  0.06775480        69
    1639        0.00080108    a_iajb      1639                            0.06809160        85
   69433       -0.00051447        op     19974     19976                 -0.03858488        75
   69434       -0.00051447        op     19974     19976                 -0.03858488        75
   69429       -0.00050572        op     19974     19975                 -0.03792892        75
   69430       -0.00050572        op     19974     19975                 -0.03792892        75
   70490       -0.00049849        om     20866     20867                 -0.04436518        89
   70489       -0.00049115        op     20866     20867                 -0.04371195        89
   20866       -0.00041941    a_iajb     20866                           -0.04403856       105

  ==> Add operator: mvp2 -1: 1639 1640
  ==> Current qubit order: 2  3  4  5  6  7  8  9  10  11  12  13  14  15  16  17  18  19  20  21  26  27  28  29  30  54  55  31  32  33  34  35  36  37  38  39  46  59  58  47  51  42  41  48  40  43  53  44  45  56  57  25  24  60  62  63  61  52  50  66  22  23  1  0  94  95  83  82  64  65  49  67  70  71  72  73  74  75  68  69  76  77  78  79  80  81  84  85  86  87  88  89  90  91  92  93  


  ==> Energy                -269.717836393
  ==> dE                       -2.11e-04
  ==> Gradient Norm             4.14e-01
  ==> Abs. Max. Deriv.          6.84e-02
  ==> Time-Grad. (s)              61.971
  ==> Time-Energy (s)              2.440
  ==> Time-Iter. (s)              65.799

--------------------------------------------------------------------------------
CEO-ADAPT-VQE iteration: 43
--------------------------------------------------------------------------------
    gate        derivative      name       op1       op2       op3        g_unscaled   penalty
   44956        0.00088147        op      1450      1451                  0.03085141        35
   44957        0.00086547        om      1450      1451                  0.03029138        35
    1450        0.00059944    a_iajb      1450                            0.03057139        51
   70498       -0.00053107        op     20685     20687                 -0.01752517        33
   70499       -0.00053107        op     20685     20687                 -0.01752517        33
   70042       -0.00052759        op     20391     20393                 -0.03851381        73
   70043       -0.00052759        op     20391     20393                 -0.03851381        73
   70038       -0.00051634        op     20391     20392                 -0.03769272        73
   70039       -0.00051634        op     20391     20392                 -0.03769272        73
   70494       -0.00050975        op     20685     20686                 -0.01682190        33

  ==> Add operator: mvp2 -1: 1450 1451
  ==> Current qubit order: 2  3  4  5  6  7  8  9  10  11  12  13  14  15  16  17  18  19  20  21  26  27  28  29  30  54  55  31  32  33  34  35  36  37  38  39  46  59  58  47  51  42  41  48  40  43  53  44  45  56  57  25  24  60  62  63  61  50  66  22  23  52  1  0  95  94  83  82  64  65  49  67  70  71  72  73  74  75  68  69  76  77  78  79  80  81  84  85  86  87  88  89  90  91  92  93  


  ==> Energy                -269.717944254
  ==> dE                       -1.08e-04
  ==> Gradient Norm             4.06e-01
  ==> Abs. Max. Deriv.          4.45e-02
  ==> Time-Grad. (s)              58.129
  ==> Time-Energy (s)              2.588
  ==> Time-Iter. (s)              61.688

--------------------------------------------------------------------------------
CEO-ADAPT-VQE iteration: 44
--------------------------------------------------------------------------------
    gate        derivative      name       op1       op2       op3        g_unscaled   penalty
   70520       -0.00052744        op     20750     20752                 -0.03850345        73
   70521       -0.00052744        op     20750     20752                 -0.03850345        73
   73748       -0.00051683        op     23178     23179                 -0.04289713        83
   70516       -0.00051620        op     20750     20751                 -0.03768257        73
   70517       -0.00051620        op     20750     20751                 -0.03768257        73
   73749       -0.00050435        om     23178     23179                 -0.04186078        83
   70996       -0.00047950        op     21055     21057                 -0.01774150        37
   70997       -0.00047950        op     21055     21057                 -0.01774150        37
   71637       -0.00046739        om     21690     21691                 -0.04440216        95
   70992       -0.00045954        op     21055     21056                 -0.01700304        37

  ==> Add operator: mvp3 -1: 20750 20751 20752
  ==> Current qubit order: 2  3  4  5  6  7  8  9  10  11  12  13  14  15  16  17  18  19  20  21  26  27  28  29  30  54  55  31  32  33  34  35  36  37  38  39  46  59  58  47  51  42  41  40  43  53  44  45  56  57  25  24  60  62  63  61  50  48  22  0  94  66  23  52  1  95  83  82  64  65  49  67  70  71  72  73  74  75  68  69  76  77  78  79  80  81  84  85  86  87  88  89  90  91  92  93  


  ==> Energy                -269.718119229
  ==> dE                       -1.75e-04
  ==> Gradient Norm             4.07e-01
  ==> Abs. Max. Deriv.          4.44e-02
  ==> Time-Grad. (s)             108.598
  ==> Time-Energy (s)              4.385
  ==> Time-Iter. (s)             113.970

--------------------------------------------------------------------------------
CEO-ADAPT-VQE iteration: 45
--------------------------------------------------------------------------------
    gate        derivative      name       op1       op2       op3        g_unscaled   penalty
     398       -0.00086604      a_ia       398                           -0.00173208         2
   71407       -0.00048871        op     21451     21453                 -0.01808232        37
   71408       -0.00048871        op     21451     21453                 -0.01808232        37
   71403       -0.00047071        op     21451     21452                 -0.01741626        37
   71404       -0.00047071        op     21451     21452                 -0.01741626        37
     325        0.00038742      a_ia       325                            0.00309938         8
   45082        0.00036915        om      1699      1700                  0.01513529        41
     374       -0.00036639      a_ia       374                           -0.00073278         2
   45081        0.00036295        op      1699      1700                  0.01488088        41
   71281       -0.00035227        op     21373     21375                 -0.00880684        25

  ==> Add operator: a_ia 398
  ==> Current qubit order: 2  3  4  5  6  7  8  9  10  11  12  13  14  15  16  17  18  19  20  21  26  27  28  29  30  54  55  31  32  33  34  35  36  37  38  39  46  59  58  47  51  42  41  40  43  53  44  45  56  57  25  24  60  62  63  61  50  48  22  0  94  66  23  52  1  95  83  82  64  65  49  67  70  71  72  73  74  75  68  69  76  77  78  79  80  81  84  85  86  87  88  89  90  91  92  93  


  ==> Energy                -269.718157199
  ==> dE                       -3.80e-05
  ==> Gradient Norm             3.76e-01
  ==> Abs. Max. Deriv.          3.70e-02
  ==> Time-Grad. (s)              66.113
  ==> Time-Energy (s)              1.548
  ==> Time-Iter. (s)              68.667

--------------------------------------------------------------------------------
CEO-ADAPT-VQE iteration: 46
--------------------------------------------------------------------------------
    gate        derivative      name       op1       op2       op3        g_unscaled   penalty
   90559        0.00119450        op     36214     36215                  0.07047534        59
   90560        0.00117327        om     36214     36215                  0.06922273        59
   36214        0.00093132    a_iajb     36214                            0.06984904        75
   71885       -0.00048869        op     21880     21882                 -0.01808138        37
   71886       -0.00048869        op     21880     21882                 -0.01808138        37
   71881       -0.00047069        op     21880     21881                 -0.01741541        37
   71882       -0.00047069        op     21880     21881                 -0.01741541        37
     337        0.00038250      a_ia       337                            0.00306000         8
   45078        0.00036918        om      1742      1743                  0.01513626        41
   45077        0.00036297        op      1742      1743                  0.01488186        41

  ==> Add operator: mvp2 -1: 36214 36215
  ==> Current qubit order: 2  3  4  5  6  7  8  9  10  11  12  13  14  15  16  17  18  19  20  21  26  27  28  29  30  54  55  31  32  33  34  35  36  37  38  39  46  59  58  47  51  42  41  40  43  53  44  45  56  57  25  24  60  62  63  61  50  0  94  66  52  48  22  23  49  1  95  83  82  64  65  67  70  71  72  73  74  75  68  69  76  77  78  79  80  81  84  85  86  87  88  89  90  91  92  93  


  ==> Energy                -269.719331584
  ==> dE                       -1.17e-03
  ==> Gradient Norm             3.99e-01
  ==> Abs. Max. Deriv.          7.05e-02
  ==> Time-Grad. (s)             121.158
  ==> Time-Energy (s)              2.273
  ==> Time-Iter. (s)             124.435

--------------------------------------------------------------------------------
CEO-ADAPT-VQE iteration: 47
--------------------------------------------------------------------------------
    gate        derivative      name       op1       op2       op3        g_unscaled   penalty
     345        0.00037861      a_ia       345                            0.00302891         8
     398       -0.00032440      a_ia       398                           -0.00064881         2
   45139        0.00029711        om      1773      1774                  0.01515283        51
   45138        0.00029213        op      1773      1774                  0.01489839        51
   44921       -0.00028712        om      1555      1556                 -0.03703878       129
   44920       -0.00028338        op      1555      1556                 -0.03655585       129
   45043       -0.00027884        om      1677      1678                 -0.01589411        57
   45104       -0.00027064        op      1739      1740                 -0.01542640        57
   45042       -0.00027040        op      1677      1678                 -0.01541282        57
   45105       -0.00026579        om      1739      1740                 -0.01514979        57

  ==> Add operator: a_ia 345
  ==> Current qubit order: 2  3  4  5  6  7  8  9  10  11  12  13  14  15  16  17  18  19  20  21  26  27  28  29  30  54  55  31  32  33  34  35  37  38  39  36  46  59  58  47  51  42  41  40  43  53  44  45  56  57  25  24  60  62  63  61  50  0  94  66  52  48  22  23  49  1  95  83  82  64  65  67  70  71  72  73  74  75  68  69  76  77  78  79  80  81  84  85  86  87  88  89  90  91  92  93  


  ==> Energy                -269.719483854
  ==> dE                       -1.52e-04
  ==> Gradient Norm             3.68e-01
  ==> Abs. Max. Deriv.          3.70e-02
  ==> Time-Grad. (s)              62.110
  ==> Time-Energy (s)              1.343
  ==> Time-Iter. (s)              64.456

--------------------------------------------------------------------------------
CEO-ADAPT-VQE iteration: 48
--------------------------------------------------------------------------------
    gate        derivative      name       op1       op2       op3        g_unscaled   penalty
   95107        0.00088050        op     39643     39644                  0.04666666        53
   95108        0.00088050        om     39643     39644                  0.04666666        53
   39643        0.00067633    a_iajb     39643                            0.04666666        69
   94343        0.00052214        op     39068     39069                  0.01305347        25
   94344        0.00052214        om     39068     39069                  0.01305347        25
   72924       -0.00047386        om     22838     22839                 -0.06586663       139
   72923       -0.00046984        op     22838     22839                 -0.06530832       139
   22838       -0.00042314    a_iajb     22838                           -0.06558747       155
   39068        0.00031838    a_iajb     39068                            0.01305347        41
     405       -0.00031213      a_ia       405                           -0.00062427         2

  ==> Add operator: op -1: 39643 39644
  ==> Current qubit order: 2  3  4  5  6  7  8  9  10  11  12  13  14  15  16  17  18  19  20  21  26  27  28  29  30  54  55  31  34  35  37  32  33  59  58  38  39  36  46  47  51  42  41  40  43  53  44  45  56  57  25  24  60  62  63  61  50  0  94  66  52  48  22  23  49  1  95  83  82  64  65  67  70  71  72  73  74  75  68  69  76  77  78  79  80  81  84  85  86  87  88  89  90  91  92  93  


  ==> Energy                -269.719833939
  ==> dE                       -3.50e-04
  ==> Gradient Norm             3.91e-01
  ==> Abs. Max. Deriv.          6.59e-02
  ==> Time-Grad. (s)              67.965
  ==> Time-Energy (s)              1.414
  ==> Time-Iter. (s)              70.380

--------------------------------------------------------------------------------
CEO-ADAPT-VQE iteration: 49
--------------------------------------------------------------------------------
    gate        derivative      name       op1       op2       op3        g_unscaled   penalty
   73010        0.00038561        om     22878     22879                  0.01812366        47
   73009        0.00036225        op     22878     22879                  0.01702589        47
     415       -0.00031147      a_ia       415                           -0.00062294         2
   45070        0.00029735        om      1817      1818                  0.01516469        51
   45069        0.00029236        op      1817      1818                  0.01491029        51
   44846       -0.00028713        om      1593      1594                 -0.03703960       129
   90428        0.00028431        om     36165     36166                  0.04293069       151
   44845       -0.00028339        op      1593      1594                 -0.03655672       129
   22878        0.00027896    a_iajb     22878                            0.01757478        63
   44972       -0.00027885        om      1719      1720                 -0.01589447        57

  ==> Add operator: mvp2 -1: 22878 22879
  ==> Current qubit order: 2  3  4  5  6  7  8  9  10  11  12  13  14  15  16  17  18  19  20  21  26  27  28  29  30  54  55  31  34  35  37  32  33  59  58  38  39  36  46  47  51  42  41  40  43  53  44  45  56  57  25  24  60  62  63  61  50  0  94  66  52  23  49  48  22  1  71  95  83  82  64  65  67  70  72  73  74  75  68  69  76  77  78  79  80  81  84  85  86  87  88  89  90  91  92  93  


  ==> Energy                -269.719882594
  ==> dE                       -4.87e-05
  ==> Gradient Norm             3.68e-01
  ==> Abs. Max. Deriv.          4.29e-02
  ==> Time-Grad. (s)              62.201
  ==> Time-Energy (s)              2.897
  ==> Time-Iter. (s)              66.094

--------------------------------------------------------------------------------
CEO-ADAPT-VQE iteration: 50
--------------------------------------------------------------------------------
    gate        derivative      name       op1       op2       op3        g_unscaled   penalty
      18       -0.00081984      a_ia        18                           -0.00163969         2
   95762        0.00040700        op     39866     39867                  0.02157108        53
   84124        0.00040382        op     31111     31112                  0.03997831        99
   84125        0.00040382        om     31111     31112                  0.03997831        99
   31111        0.00034764    a_iajb     31111                            0.03997831       115
   45211        0.00032263        om      1842      1843                  0.01516381        47
   45210        0.00031719        op      1842      1843                  0.01490808        47
     459       -0.00031236      a_ia       459                           -0.00374829        12
     419       -0.00031109      a_ia       419                           -0.00062219         2
   95763        0.00029924        om     39866     39867                  0.01585982        53

  ==> Add operator: a_ia 18
  ==> Current qubit order: 2  3  4  5  6  7  8  9  10  11  12  13  14  15  16  17  18  19  20  21  26  27  28  29  30  54  55  31  34  35  37  32  33  59  58  38  39  36  46  47  51  42  41  40  43  53  44  45  56  57  25  24  60  62  63  61  50  0  94  66  52  23  49  48  22  1  71  95  83  82  64  65  67  70  72  73  74  75  68  69  76  77  78  79  80  81  84  85  86  87  88  89  90  91  92  93  


  ==> Energy                -269.720353303
  ==> dE                       -4.71e-04
  ==> Gradient Norm             3.70e-01
  ==> Abs. Max. Deriv.          4.00e-02
  ==> Time-Grad. (s)              63.913
  ==> Time-Energy (s)            270.271
  ==> Time-Iter. (s)             335.200

--------------------------------------------------------------------------------
CEO-ADAPT-VQE iteration: 51
--------------------------------------------------------------------------------
    gate        derivative      name       op1       op2       op3        g_unscaled   penalty
      19       -0.00054711      a_ia        19                           -0.00109423         2
   87714        0.00029963        op     34241     34242                  0.02606764        87
   87715        0.00029963        om     34241     34242                  0.02606764        87
   44843       -0.00028733        om      1656      1657                 -0.03706621       129
   44842       -0.00028319        op      1656      1657                 -0.03653091       129
   44969       -0.00027895        om      1782      1783                 -0.01589996        57
   44968       -0.00026882        op      1782      1783                 -0.01532299        57
   45032       -0.00026156        op      1846      1847                 -0.01543204        59
   45033       -0.00025643        om      1846      1847                 -0.01512918        59
    1656       -0.00025378    a_iajb      1656                           -0.03679856       145

  ==> Add operator: a_ia 19
  ==> Current qubit order: 2  3  4  5  6  7  8  9  10  11  12  13  14  15  16  17  18  19  20  21  26  27  28  29  30  54  55  31  34  35  37  32  33  59  58  38  39  36  46  47  51  42  41  40  43  53  44  45  56  57  25  24  60  62  63  61  50  0  94  66  52  23  49  48  22  1  71  95  83  82  64  65  67  70  72  73  74  75  68  69  76  77  78  79  80  81  84  85  86  87  88  89  90  91  92  93  


  ==> Energy                -269.720447763
  ==> dE                       -1.50e-07
  ==> Gradient Norm             3.70e-01
  ==> Abs. Max. Deriv.          3.71e-02
  ==> Time-Grad. (s)              79.393
  ==> Time-Energy (s)              2.034
  ==> Time-Iter. (s)              82.471

--------------------------------------------------------------------------------
CEO-ADAPT-VQE iteration: 52
--------------------------------------------------------------------------------
    gate        derivative      name       op1       op2       op3        g_unscaled   penalty
   44920       -0.00028732        om      1683      1684                 -0.03706432       129
   44919       -0.00028317        op      1683      1684                 -0.03652907       129
   45046       -0.00027893        om      1809      1810                 -0.01589879        57
   45045       -0.00026880        op      1809      1810                 -0.01532185        57
   45109       -0.00026153        op      1873      1874                 -0.01543021        59
   45110       -0.00025640        om      1873      1874                 -0.01512735        59
    1683       -0.00025377    a_iajb      1683                           -0.03679670       145
     480       -0.00025298      a_ia       480                           -0.00303574        12
   54998       -0.00024051        om      9298      9299                 -0.03679855       153
   54997       -0.00023793        op      9298      9299                 -0.03640357       153

  ==> Add operator: mvp2 -1: 1683 1684
  ==> Current qubit order: 2  3  4  5  6  7  8  9  10  11  12  13  14  15  16  17  18  19  20  21  26  27  28  29  30  54  31  34  35  37  32  33  59  58  38  39  36  46  47  51  42  41  40  43  53  44  45  56  57  25  55  0  52  1  24  60  62  63  61  50  94  66  23  49  48  22  71  95  83  82  64  65  67  70  72  73  74  75  68  69  76  77  78  79  80  81  84  85  86  87  88  89  90  91  92  93  


  ==> Energy                -269.720716337
  ==> dE                       -2.69e-04
  ==> Gradient Norm             3.64e-01
  ==> Abs. Max. Deriv.          3.71e-02
  ==> Time-Grad. (s)              73.812
  ==> Time-Energy (s)              3.396
  ==> Time-Iter. (s)              78.288

--------------------------------------------------------------------------------
CEO-ADAPT-VQE iteration: 53
--------------------------------------------------------------------------------
    gate        derivative      name       op1       op2       op3        g_unscaled   penalty
     283        0.00119197      a_ia       283                            0.00238393         2
       4       -0.00040040      a_ia         4                           -0.00080079         2
   44931        0.00038558        om      1706      1707                  0.01889348        49
   44930        0.00038337        op      1706      1707                  0.01878532        49
   45061       -0.00036901        om      1836      1837                 -0.01586722        43
   44972       -0.00036304        op      1748      1749                 -0.03158422        87
   44973       -0.00036127        om      1748      1749                 -0.03143021        87
   45060       -0.00035546        op      1836      1837                 -0.01528492        43
   95186        0.00033614        op     39737     39738                  0.04000042       119
   44935       -0.00030702        om      1710      1711                 -0.00951770        31

  ==> Add operator: a_ia 283
  ==> Current qubit order: 2  3  4  5  6  7  8  9  10  11  12  13  14  15  16  17  18  19  20  21  26  27  28  29  30  54  31  34  35  37  32  33  59  58  38  39  36  46  47  51  42  41  40  43  53  44  45  56  57  25  55  0  52  1  24  60  62  63  61  50  94  66  23  49  48  22  71  95  83  82  64  65  67  70  72  73  74  75  68  69  76  77  78  79  80  81  84  85  86  87  88  89  90  91  92  93  


  ==> Energy                -269.720718115
  ==> dE                       -1.78e-06
  ==> Gradient Norm             3.67e-01
  ==> Abs. Max. Deriv.          4.00e-02
  ==> Time-Grad. (s)              95.169
  ==> Time-Energy (s)              2.494
  ==> Time-Iter. (s)              98.732

--------------------------------------------------------------------------------
CEO-ADAPT-VQE iteration: 54
--------------------------------------------------------------------------------
    gate        derivative      name       op1       op2       op3        g_unscaled   penalty
       4       -0.00040147      a_ia         4                           -0.00080295         2
   44969        0.00038558        om      1726      1727                  0.01889345        49
   44968        0.00038337        op      1726      1727                  0.01878529        49
   45101       -0.00036900        om      1858      1859                 -0.01586704        43
   45010       -0.00036300        op      1768      1769                 -0.03158114        87
   45011       -0.00036123        om      1768      1769                 -0.03142714        87
   45100       -0.00035546        op      1858      1859                 -0.01528475        43
   44973       -0.00030704        om      1730      1731                 -0.00951823        31
    1768       -0.00030587    a_iajb      1768                           -0.03150414       103
   44972       -0.00030499        op      1730      1731                 -0.00945474        31

  ==> Add operator: a_ia 4
  ==> Current qubit order: 2  3  4  5  6  7  8  9  10  11  12  13  14  15  16  17  18  19  20  21  26  27  28  29  30  54  31  34  35  37  32  33  59  58  38  39  36  46  47  51  42  41  40  43  53  44  45  56  57  25  55  0  52  1  24  60  62  63  61  50  94  66  23  49  48  22  71  95  83  82  64  65  67  70  72  73  74  75  68  69  76  77  78  79  80  81  84  85  86  87  88  89  90  91  92  93  


  ==> Energy                -269.720718245
  ==> dE                       -1.31e-07
  ==> Gradient Norm             3.73e-01
  ==> Abs. Max. Deriv.          3.68e-02
  ==> Time-Grad. (s)              79.414
  ==> Time-Energy (s)              2.341
  ==> Time-Iter. (s)              82.828

--------------------------------------------------------------------------------
CEO-ADAPT-VQE iteration: 55
--------------------------------------------------------------------------------
    gate        derivative      name       op1       op2       op3        g_unscaled   penalty
   73130        0.00051412        om     22927     22928                  0.04884151        95
   73129        0.00050444        op     22927     22928                  0.04792203        95
   22927        0.00043587    a_iajb     22927                            0.04838177       111
   44992        0.00038600        om      1755      1756                  0.01891397        49
   44991        0.00038380        op      1755      1756                  0.01880622        49
   45126       -0.00036896        om      1889      1890                 -0.01586525        43
   45035       -0.00036299        op      1799      1800                 -0.03158032        87
   45036       -0.00036122        om      1799      1800                 -0.03142633        87
   45125       -0.00035542        op      1889      1890                 -0.01528295        43
   44996       -0.00030735        om      1759      1760                 -0.00952780        31

  ==> Add operator: mvp2 -1: 22927 22928
  ==> Current qubit order: 2  3  4  5  6  7  8  9  10  11  12  13  14  15  16  17  18  19  20  21  26  27  28  29  30  54  31  34  35  37  32  33  59  38  39  36  46  47  51  42  41  40  43  53  44  45  56  57  25  55  0  52  58  1  24  95  60  62  63  61  50  94  66  23  49  48  22  71  83  82  64  65  67  70  72  73  74  75  68  69  76  77  78  79  80  81  84  85  86  87  88  89  90  91  92  93  


  ==> Energy                -269.720881858
  ==> dE                       -1.64e-04
  ==> Gradient Norm             3.78e-01
  ==> Abs. Max. Deriv.          4.88e-02
  ==> Time-Grad. (s)              79.167
  ==> Time-Energy (s)              3.783
  ==> Time-Iter. (s)              84.084

--------------------------------------------------------------------------------
CEO-ADAPT-VQE iteration: 56
--------------------------------------------------------------------------------
    gate        derivative      name       op1       op2       op3        g_unscaled   penalty
   45030       -0.00045707        op      1908      1909                 -0.01599732        35
   45031       -0.00044178        om      1908      1909                 -0.01546227        35
   44950       -0.00038048        op      1828      1829                 -0.03157957        83
   44951       -0.00037862        om      1828      1829                 -0.03142557        83
     506       -0.00037527      a_ia       506                           -0.00300218         8
   44907        0.00037082        om      1784      1785                  0.01891182        51
   44906        0.00036893        op      1784      1785                  0.01881537        51
   91010       -0.00032830        op     36611     36612                 -0.03118885        95
   45043       -0.00032374        om      1920      1921                 -0.01586331        49
   91011       -0.00032328        om     36611     36612                 -0.03071204        95

  ==> Add operator: mvp2 -1: 1908 1909
  ==> Current qubit order: 2  3  4  5  6  7  8  9  10  11  12  13  14  15  16  17  18  19  20  21  26  27  28  29  30  54  31  34  35  37  32  33  59  38  39  36  46  47  51  42  41  40  43  53  44  45  56  57  25  55  52  58  24  0  1  95  62  60  63  61  50  94  66  23  49  48  22  71  83  82  64  65  67  70  72  73  74  75  68  69  76  77  78  79  80  81  84  85  86  87  88  89  90  91  92  93  


  ==> Energy                -269.720930066
  ==> dE                       -4.82e-05
  ==> Gradient Norm             3.90e-01
  ==> Abs. Max. Deriv.          3.90e-02
  ==> Time-Grad. (s)              91.246
  ==> Time-Energy (s)              3.757
  ==> Time-Iter. (s)              96.247

--------------------------------------------------------------------------------
CEO-ADAPT-VQE iteration: 57
--------------------------------------------------------------------------------
    gate        derivative      name       op1       op2       op3        g_unscaled   penalty
   44960       -0.00039967        op      1857      1858                 -0.03157383        79
   44961       -0.00039772        om      1857      1858                 -0.03141966        79
   45053       -0.00038648        om      1949      1950                 -0.01584567        41
     512       -0.00037404      a_ia       512                           -0.00299231         8
   45052       -0.00037275        op      1949      1950                 -0.01528275        41
   44917        0.00035676        om      1813      1814                  0.01890832        53
   44916        0.00035494        op      1813      1814                  0.01881195        53
    1857       -0.00033154    a_iajb      1857                           -0.03149675        95
   44990       -0.00029283        op      1887      1888                 -0.02371896        81
   44991       -0.00028717        om      1887      1888                 -0.02326114        81

  ==> Add operator: mvp2 -1: 1857 1858
  ==> Current qubit order: 2  3  4  5  6  7  8  9  10  11  12  13  14  15  16  17  18  19  20  21  26  27  28  29  30  54  31  34  35  37  32  33  59  38  39  36  46  47  51  42  41  40  43  53  44  45  56  57  25  52  58  24  95  62  60  55  0  1  70  63  61  50  94  66  23  49  48  22  71  83  82  64  65  67  72  73  74  75  68  69  76  77  78  79  80  81  84  85  86  87  88  89  90  91  92  93  


  ==> Energy                -269.721006936
  ==> dE                       -7.69e-05
  ==> Gradient Norm             3.77e-01
  ==> Abs. Max. Deriv.          3.68e-02
  ==> Time-Grad. (s)              72.059
  ==> Time-Energy (s)              4.052
  ==> Time-Iter. (s)              77.142

--------------------------------------------------------------------------------
CEO-ADAPT-VQE iteration: 58
--------------------------------------------------------------------------------
    gate        derivative      name       op1       op2       op3        g_unscaled   penalty
   45054       -0.00047991        om      1976      1977                 -0.01583711        33
       7       -0.00047377      a_ia         7                           -0.00189506         4
   45053       -0.00046287        op      1976      1977                 -0.01527464        33
     520       -0.00037439      a_ia       520                           -0.00299515         8
   73143        0.00032473        op     23114     23116                  0.03149925        97
   73144        0.00032473        op     23114     23116                  0.03149925        97
   44914        0.00031966        om      1836      1837                  0.01885965        59
   44913        0.00031802        op      1836      1837                  0.01876337        59
    1976       -0.00031747    a_iajb      1976                           -0.01555587        49
   73139        0.00031448        op     23114     23115                  0.03050427        97

  ==> Add operator: mvp2 -1: 1976 1977
  ==> Current qubit order: 2  3  4  5  6  7  8  9  10  11  12  13  14  15  16  17  18  19  20  21  26  27  28  29  30  54  31  34  35  37  32  33  59  38  39  36  46  47  51  42  41  40  43  53  44  45  56  57  25  52  58  24  95  62  60  55  0  1  63  94  70  61  50  66  23  49  48  22  71  83  82  64  65  67  72  73  74  75  68  69  76  77  78  79  80  81  84  85  86  87  88  89  90  91  92  93  


  ==> Energy                -269.721063130
  ==> dE                       -5.62e-05
  ==> Gradient Norm             3.72e-01
  ==> Abs. Max. Deriv.          3.68e-02
  ==> Time-Grad. (s)              78.182
  ==> Time-Energy (s)              3.836
  ==> Time-Iter. (s)              83.047

--------------------------------------------------------------------------------
CEO-ADAPT-VQE iteration: 59
--------------------------------------------------------------------------------
    gate        derivative      name       op1       op2       op3        g_unscaled   penalty
     526       -0.00037204      a_ia       526                           -0.00297630         8
   44994        0.00031960        om      1858      1859                  0.01885646        59
   44993        0.00031796        op      1858      1859                  0.01875984        59
   45037       -0.00028089        op      1902      1903                 -0.02499882        89
   45038       -0.00028004        om      1902      1903                 -0.02492352        89
   45069       -0.00027423        op      1934      1935                 -0.02385776        87
   45070       -0.00026898        om      1934      1935                 -0.02340128        87
    1858        0.00025078    a_iajb      1858                            0.01880815        75
   45027       -0.00024826        op      1892      1893                 -0.03103307       125
   56108       -0.00024698        om     10266     10267                 -0.03680034       149

  ==> Add operator: a_ia 526
  ==> Current qubit order: 2  3  4  5  6  7  8  9  10  11  12  13  14  15  16  17  18  19  20  21  26  27  28  29  30  54  31  34  35  37  32  33  59  38  39  36  46  47  51  42  41  40  43  53  44  45  56  57  25  52  58  24  95  62  60  55  0  1  63  94  70  61  50  66  23  49  22  71  83  48  82  64  65  67  72  73  74  75  68  69  76  77  78  79  80  81  84  85  86  87  88  89  90  91  92  93  


  ==> Energy                -269.721117657
  ==> dE                       -5.45e-05
  ==> Gradient Norm             3.55e-01
  ==> Abs. Max. Deriv.          3.68e-02
  ==> Time-Grad. (s)             125.619
  ==> Time-Energy (s)              2.920
  ==> Time-Iter. (s)             129.552

--------------------------------------------------------------------------------
CEO-ADAPT-VQE iteration: 60
--------------------------------------------------------------------------------
    gate        derivative      name       op1       op2       op3        g_unscaled   penalty
   72096        0.00035108        op     22157     22159                  0.03124644        89
   72097        0.00035108        op     22157     22159                  0.03124644        89
   72092        0.00034052        op     22157     22158                  0.03030647        89
   72093        0.00034052        op     22157     22158                  0.03030647        89
   90425       -0.00033462        om     36070     36071                 -0.04115776       123
   45011        0.00031959        om      1882      1883                  0.01885608        59
   45010        0.00031799        op      1882      1883                  0.01876154        59
   90424       -0.00031669        op     36070     36071                 -0.03895337       123
   36070       -0.00028817    a_iajb     36070                           -0.04005557       139
   22157        0.00028801    a_iajb     22157                            0.03024055       105

  ==> Add operator: mvp3 -1: 22157 22158 22159
  ==> Current qubit order: 2  3  4  5  6  7  8  9  10  11  12  13  14  15  16  17  18  19  20  21  26  27  28  29  30  54  31  34  35  37  32  33  59  38  39  36  46  47  51  41  40  43  53  44  45  56  57  25  52  58  24  95  62  60  42  0  94  82  55  1  63  70  61  50  66  23  49  22  71  83  48  64  65  67  72  73  74  75  68  69  76  77  78  79  80  81  84  85  86  87  88  89  90  91  92  93  


  ==> Energy                -269.721505569
  ==> dE                       -3.88e-04
  ==> Gradient Norm             3.78e-01
  ==> Abs. Max. Deriv.          4.12e-02
  ==> Time-Grad. (s)             113.338
  ==> Time-Energy (s)              5.385
  ==> Time-Iter. (s)             119.719

--------------------------------------------------------------------------------
CEO-ADAPT-VQE iteration: 61
--------------------------------------------------------------------------------
    gate        derivative      name       op1       op2       op3        g_unscaled   penalty
   90441       -0.00048541        om     36282     36283                 -0.05096757       105
   90440       -0.00047655        op     36282     36283                 -0.05003802       105
   91171        0.00046700        om     36835     36836                  0.03409077        73
   91170        0.00043317        op     36835     36836                  0.03162170        73
   36282       -0.00041738    a_iajb     36282                           -0.05050279       121
   36835        0.00036917    a_iajb     36835                            0.03285623        89
   45204        0.00033502        op      2188      2189                  0.01574607        47
   45205        0.00033161        om      2188      2189                  0.01558587        47
   44956       -0.00032485        op      1940      1941                 -0.02501353        77
   44957       -0.00032390        om      1940      1941                 -0.02493999        77

  ==> Add operator: mvp2 -1: 36282 36283
  ==> Current qubit order: 2  3  4  5  6  7  8  9  10  11  12  13  14  15  16  17  18  19  20  21  26  27  28  29  30  54  31  34  35  37  32  33  59  38  39  36  46  47  51  40  43  53  44  45  56  57  25  52  58  24  95  62  60  42  0  94  41  82  22  83  55  1  63  70  61  50  66  23  49  71  48  64  65  67  72  73  74  75  68  69  76  77  78  79  80  81  84  85  86  87  88  89  90  91  92  93  


  ==> Energy                -269.721802892
  ==> dE                       -2.97e-04
  ==> Gradient Norm             3.70e-01
  ==> Abs. Max. Deriv.          5.10e-02
  ==> Time-Grad. (s)              75.692
  ==> Time-Energy (s)              3.248
  ==> Time-Iter. (s)              79.971

--------------------------------------------------------------------------------
CEO-ADAPT-VQE iteration: 62
--------------------------------------------------------------------------------
    gate        derivative      name       op1       op2       op3        g_unscaled   penalty
     288       -0.00077604      a_ia       288                           -0.01086450        14
   72487       -0.00067598        om     22696     22697                 -0.03041921        45
   72486       -0.00065181        op     22696     22697                 -0.02933130        45
   22696       -0.00048976    a_iajb     22696                           -0.02987525        61
   44978       -0.00033354        op      1962      1963                 -0.02501513        75
   44979       -0.00033250        om      1962      1963                 -0.02493733        75
   45232        0.00029695        op      2216      2217                  0.01573838        53
   45233        0.00029236        om      2216      2217                  0.01549528        53
     487       -0.00028569      a_ia       487                           -0.00971338        34
    1962       -0.00027446    a_iajb      1962                           -0.02497623        91

  ==> Add operator: a_ia 288
  ==> Current qubit order: 2  3  4  5  6  7  8  9  10  11  12  13  14  15  16  17  18  19  20  21  26  27  28  29  30  54  31  34  35  37  32  33  59  38  39  36  46  47  51  40  43  53  44  45  56  57  25  52  58  24  95  62  60  42  0  94  41  82  83  55  1  63  70  61  22  50  66  23  49  71  48  64  65  67  72  73  74  75  68  69  76  77  78  79  80  81  84  85  86  87  88  89  90  91  92  93  


  ==> Energy                -269.721846185
  ==> dE                       -4.33e-05
  ==> Gradient Norm             3.57e-01
  ==> Abs. Max. Deriv.          3.68e-02
  ==> Time-Grad. (s)              77.959
  ==> Time-Energy (s)              1.789
  ==> Time-Iter. (s)              80.773

--------------------------------------------------------------------------------
CEO-ADAPT-VQE iteration: 63
--------------------------------------------------------------------------------
    gate        derivative      name       op1       op2       op3        g_unscaled   penalty
   45221        0.00030862        op      2239      2240                  0.01573987        51
   45222        0.00030384        om      2239      2240                  0.01549609        51
   44961       -0.00030137        op      1979      1980                 -0.02501333        83
   44962       -0.00030043        om      1979      1980                 -0.02493560        83
     488       -0.00028604      a_ia       488                           -0.00972549        34
   44916        0.00027366        om      1933      1934                  0.01888240        69
   44915        0.00027227        op      1933      1934                  0.01878671        69
   45120       -0.00026721        om      2137      2138                 -0.01897156        71
   45119       -0.00026686        op      2137      2138                 -0.01894721        71
   44997       -0.00025581        op      2015      2016                 -0.02379063        93

  ==> Add operator: mvp2 -1: 2239 2240
  ==> Current qubit order: 2  3  4  5  6  7  8  9  10  11  12  13  14  15  16  17  18  19  20  21  26  27  28  29  30  54  31  34  35  37  32  33  59  38  39  36  46  47  51  40  43  53  44  45  56  57  25  52  58  24  62  60  42  95  0  94  1  41  82  83  55  63  70  61  22  50  66  23  49  71  48  64  65  67  72  73  74  75  68  69  76  77  78  79  80  81  84  85  86  87  88  89  90  91  92  93  


  ==> Energy                -269.721858331
  ==> dE                       -1.21e-05
  ==> Gradient Norm             3.67e-01
  ==> Abs. Max. Deriv.          3.68e-02
  ==> Time-Grad. (s)              71.856
  ==> Time-Energy (s)              4.243
  ==> Time-Iter. (s)              77.121

--------------------------------------------------------------------------------
CEO-ADAPT-VQE iteration: 64
--------------------------------------------------------------------------------
    gate        derivative      name       op1       op2       op3        g_unscaled   penalty
     501        0.00087149      a_ia       501                            0.00522894         6
   45035       -0.00070678        om      2079      2080                 -0.03180529        45
   45034       -0.00068658        op      2079      2080                 -0.03089609        45
    2079       -0.00051395    a_iajb      2079                           -0.03135069        61
   44909        0.00030927        om      1953      1954                  0.01886562        61
   44954       -0.00030866        op      1999      2000                 -0.02500120        81
   44908        0.00030771        op      1953      1954                  0.01877006        61
   44955       -0.00030770        om      1999      2000                 -0.02492345        81
   44990       -0.00029418        op      2035      2036                 -0.02382857        81
   44991       -0.00028870        om      2035      2036                 -0.02338504        81

  ==> Add operator: a_ia 501
  ==> Current qubit order: 2  3  4  5  6  7  8  9  10  11  12  13  14  15  16  17  18  19  20  21  26  27  28  29  30  54  31  34  35  37  32  33  59  38  39  36  46  51  40  47  43  53  44  45  56  57  25  52  58  24  62  60  42  95  0  94  1  41  82  83  55  63  70  61  22  50  66  23  49  71  48  64  65  67  72  73  74  75  68  69  76  77  78  79  80  81  84  85  86  87  88  89  90  91  92  93  


  ==> Energy                -269.722262745
  ==> dE                       -4.04e-04
  ==> Gradient Norm             3.69e-01
  ==> Abs. Max. Deriv.          3.68e-02
  ==> Time-Grad. (s)              76.794
  ==> Time-Energy (s)              2.303
  ==> Time-Iter. (s)              80.124

--------------------------------------------------------------------------------
CEO-ADAPT-VQE iteration: 65
--------------------------------------------------------------------------------
    gate        derivative      name       op1       op2       op3        g_unscaled   penalty
   45096       -0.00070676        om      2094      2095                 -0.03180411        45
   45095       -0.00068667        op      2094      2095                 -0.03090035        45
    2094       -0.00051397    a_iajb      2094                           -0.03135223        61
   71179       -0.00034451        op     21740     21741                 -0.02308184        67
   71180       -0.00033979        om     21740     21741                 -0.02276585        67
   44968        0.00030927        om      1966      1967                  0.01886527        61
   45013       -0.00030866        op      2012      2013                 -0.02500115        81
   44967        0.00030770        op      1966      1967                  0.01876977        61
   45014       -0.00030770        om      2012      2013                 -0.02492343        81
     574        0.00030196      a_ia       574                            0.00060393         2

  ==> Add operator: mvp2 -1: 2094 2095
  ==> Current qubit order: 2  3  4  5  6  7  8  9  10  11  12  13  14  15  16  17  18  19  20  21  26  27  28  29  30  54  31  34  35  37  32  33  59  38  39  36  46  51  40  47  43  53  44  45  56  57  25  52  58  24  62  60  42  95  0  94  1  61  41  82  83  55  63  70  22  50  66  23  49  71  48  64  65  67  72  73  74  75  68  69  76  77  78  79  80  81  84  85  86  87  88  89  90  91  92  93  


  ==> Energy                -269.722412450
  ==> dE                       -1.50e-04
  ==> Gradient Norm             3.70e-01
  ==> Abs. Max. Deriv.          3.95e-02
  ==> Time-Grad. (s)              76.244
  ==> Time-Energy (s)              4.119
  ==> Time-Iter. (s)              81.377

--------------------------------------------------------------------------------
CEO-ADAPT-VQE iteration: 66
--------------------------------------------------------------------------------
    gate        derivative      name       op1       op2       op3        g_unscaled   penalty
   45054       -0.00031636        op      2034      2035                 -0.02499258        79
   45055       -0.00031538        om      2034      2035                 -0.02491490        79
   45009        0.00030907        om      1988      1989                  0.01885315        61
   45008        0.00030749        op      1988      1989                  0.01875706        61
     584        0.00030030      a_ia       584                            0.00060060         2
   45092       -0.00029409        op      2072      2073                 -0.02382094        81
   45093       -0.00028845        om      2072      2073                 -0.02336480        81
   91240        0.00027212        op     36823     36824                  0.02802811       103
   91241        0.00026628        om     36823     36824                  0.02742717       103
    2034       -0.00026267    a_iajb      2034                           -0.02495374        95

  ==> Add operator: mvp2 -1: 2034 2035
  ==> Current qubit order: 2  3  4  5  6  7  8  9  10  11  12  13  14  15  16  17  18  19  20  21  26  27  28  29  30  54  31  34  35  37  32  33  59  38  39  36  46  51  40  47  43  53  44  45  56  57  25  52  58  24  62  60  42  95  94  61  41  82  83  63  0  1  55  68  70  22  50  66  23  49  71  48  64  65  67  72  73  74  75  69  76  77  78  79  80  81  84  85  86  87  88  89  90  91  92  93  


  ==> Energy                -269.722457277
  ==> dE                       -4.48e-05
  ==> Gradient Norm             3.57e-01
  ==> Abs. Max. Deriv.          3.68e-02
  ==> Time-Grad. (s)              79.431
  ==> Time-Energy (s)              4.821
  ==> Time-Iter. (s)              85.291

--------------------------------------------------------------------------------
CEO-ADAPT-VQE iteration: 67
--------------------------------------------------------------------------------
    gate        derivative      name       op1       op2       op3        g_unscaled   penalty
   89903        0.00088586        op     35861     35862                  0.05580904        63
   89904        0.00088010        om     35861     35862                  0.05544602        63
   35861        0.00070415    a_iajb     35861                            0.05562753        79
   45021       -0.00060052        op      2055      2056                 -0.06905990       115
   45022       -0.00058241        om      2055      2056                 -0.06697671       115
   71369       -0.00055686        op     21821     21822                 -0.03062738        55
   71370       -0.00053265        om     21821     21822                 -0.02929556        55
    2055       -0.00051922    a_iajb      2055                           -0.06801830       131
   21821       -0.00042199    a_iajb     21821                           -0.02996147        71
     426       -0.00037868      a_ia       426                           -0.00075736         2

  ==> Add operator: mvp2 -1: 35861 35862
  ==> Current qubit order: 2  3  4  5  6  7  8  9  10  11  12  13  14  15  16  17  18  19  20  21  26  27  28  29  30  54  31  34  35  37  32  33  59  38  39  36  46  51  40  47  43  53  44  45  56  57  25  52  58  24  62  60  42  95  94  61  41  83  63  0  1  55  68  70  82  22  23  49  50  66  71  48  64  65  67  72  73  74  75  69  76  77  78  79  80  81  84  85  86  87  88  89  90  91  92  93  


  ==> Energy                -269.722836275
  ==> dE                       -3.79e-04
  ==> Gradient Norm             3.93e-01
  ==> Abs. Max. Deriv.          6.91e-02
  ==> Time-Grad. (s)              74.032
  ==> Time-Energy (s)              4.539
  ==> Time-Iter. (s)              79.587

--------------------------------------------------------------------------------
CEO-ADAPT-VQE iteration: 68
--------------------------------------------------------------------------------
    gate        derivative      name       op1       op2       op3        g_unscaled   penalty
   45065       -0.00058035        op      2077      2078                 -0.06906112       119
   45066       -0.00056308        om      2077      2078                 -0.06700617       119
    2077       -0.00050395    a_iajb      2077                           -0.06803364       135
     435       -0.00038692      a_ia       435                           -0.00077384         2
     582        0.00035971      a_ia       582                            0.00215826         6
     605        0.00029977      a_ia       605                            0.00059954         2
   90382        0.00029107        om     36185     36186                  0.02706947        93
   90381        0.00028723        op     36185     36186                  0.02671200        93
   45240       -0.00027434        om      2251      2252                 -0.01892957        69
   45239       -0.00027400        op      2251      2252                 -0.01890599        69

  ==> Add operator: mvp2 -1: 2077 2078
  ==> Current qubit order: 2  3  4  5  6  7  8  9  10  11  12  13  14  15  16  17  18  19  20  21  26  27  28  29  30  31  34  35  37  32  33  59  38  39  36  46  51  40  47  43  53  44  45  56  57  25  52  54  95  0  1  58  24  62  60  42  94  61  41  83  63  55  68  70  82  22  23  49  50  66  71  48  64  65  67  72  73  74  75  69  76  77  78  79  80  81  84  85  86  87  88  89  90  91  92  93  


  ==> Energy                -269.723486509
  ==> dE                       -6.50e-04
  ==> Gradient Norm             4.00e-01
  ==> Abs. Max. Deriv.          6.91e-02
  ==> Time-Grad. (s)              73.814
  ==> Time-Energy (s)              4.263
  ==> Time-Iter. (s)              79.117

--------------------------------------------------------------------------------
CEO-ADAPT-VQE iteration: 69
--------------------------------------------------------------------------------
    gate        derivative      name       op1       op2       op3        g_unscaled   penalty
     443       -0.00038882      a_ia       443                           -0.00077764         2
   45066       -0.00038156        op      2098      2099                 -0.03090603        81
   45067       -0.00037988        om      2098      2099                 -0.03077065        81
   45031        0.00036857        om      2062      2063                  0.01879721        51
   45030        0.00036674        op      2062      2063                  0.01870376        51
     590        0.00035907      a_ia       590                            0.00215444         6
    2098       -0.00031792    a_iajb      2098                           -0.03083834        97
     628       -0.00029989      a_ia       628                           -0.00059977         2
     613        0.00029964      a_ia       613                            0.00059928         2
     536       -0.00029041      a_ia       536                           -0.00929312        32

  ==> Add operator: a_ia 443
  ==> Current qubit order: 2  3  4  5  6  7  8  9  10  11  12  13  14  15  16  17  18  19  20  21  26  27  28  29  30  31  34  35  37  32  33  59  38  39  36  46  51  40  47  43  53  44  45  56  57  25  52  54  95  0  1  58  24  62  60  42  94  61  41  83  63  55  68  70  82  22  23  49  50  66  71  48  64  65  67  72  73  74  75  69  76  77  78  79  80  81  84  85  86  87  88  89  90  91  92  93  


  ==> Energy                -269.723486694
  ==> dE                       -1.85e-07
  ==> Gradient Norm             3.56e-01
  ==> Abs. Max. Deriv.          3.68e-02
  ==> Time-Grad. (s)             115.088
  ==> Time-Energy (s)              2.579
  ==> Time-Iter. (s)             118.679

--------------------------------------------------------------------------------
CEO-ADAPT-VQE iteration: 70
--------------------------------------------------------------------------------
    gate        derivative      name       op1       op2       op3        g_unscaled   penalty
   72339       -0.00080242        om     22645     22646                 -0.05697199        71
   72338       -0.00077843        op     22645     22646                 -0.05526881        71
   22645       -0.00064506    a_iajb     22645                           -0.05612040        87
   45018       -0.00038156        op      2114      2115                 -0.03090631        81
   45019       -0.00037989        om      2114      2115                 -0.03077099        81
   44983        0.00036857        om      2078      2079                  0.01879727        51
   44982        0.00036674        op      2078      2079                  0.01870383        51
     596        0.00035915      a_ia       596                            0.00215490         6
    2114       -0.00031792    a_iajb      2114                           -0.03083865        97
     634       -0.00029989      a_ia       634                           -0.00059978         2

  ==> Add operator: mvp2 -1: 22645 22646
  ==> Current qubit order: 2  3  4  5  6  7  8  9  10  11  12  13  14  15  16  17  18  19  20  21  26  27  28  29  30  31  34  35  37  32  33  59  38  39  36  46  51  40  47  43  53  44  45  56  57  25  52  54  95  0  58  24  62  60  42  94  61  41  83  63  68  1  55  22  48  70  82  23  49  50  66  71  64  65  67  72  73  74  75  69  76  77  78  79  80  81  84  85  86  87  88  89  90  91  92  93  


  ==> Energy                -269.723904908
  ==> dE                       -4.18e-04
  ==> Gradient Norm             3.74e-01
  ==> Abs. Max. Deriv.          5.70e-02
  ==> Time-Grad. (s)             114.800
  ==> Time-Energy (s)              4.423
  ==> Time-Iter. (s)             120.328

--------------------------------------------------------------------------------
CEO-ADAPT-VQE iteration: 71
--------------------------------------------------------------------------------
    gate        derivative      name       op1       op2       op3        g_unscaled   penalty
     617        0.00051399      a_ia       617                            0.00205595         4
     554       -0.00043645      a_ia       554                           -0.00872899        20
   44985       -0.00031902        op      2140      2141                 -0.03094504        97
   44986       -0.00031730        om      2140      2141                 -0.03077810        97
     647       -0.00030200      a_ia       647                           -0.00060401         2
     632        0.00029976      a_ia       632                            0.00059952         2
    2140       -0.00027311    a_iajb      2140                           -0.03086157       113
   44950        0.00027212        om      2104      2105                  0.01877618        69
   44949        0.00027129        op      2104      2105                  0.01871899        69
   96680        0.00026212        om     41231     41232                  0.03119251       119

  ==> Add operator: a_ia 617
  ==> Current qubit order: 2  3  4  5  6  7  8  9  10  11  12  13  14  15  16  17  18  19  20  21  26  27  28  29  30  31  34  35  37  32  33  59  38  39  36  46  51  40  47  43  53  44  45  56  57  25  52  54  95  0  58  24  62  60  42  94  61  41  83  63  68  1  55  22  70  48  82  23  49  50  66  71  64  65  67  72  73  74  75  69  76  77  78  79  80  81  84  85  86  87  88  89  90  91  92  93  


  ==> Energy                -269.723930163
  ==> dE                       -2.53e-05
  ==> Gradient Norm             3.83e-01
  ==> Abs. Max. Deriv.          3.68e-02
  ==> Time-Grad. (s)              84.050
  ==> Time-Energy (s)              3.093
  ==> Time-Iter. (s)              88.315

--------------------------------------------------------------------------------
CEO-ADAPT-VQE iteration: 72
--------------------------------------------------------------------------------
    gate        derivative      name       op1       op2       op3        g_unscaled   penalty
   90378       -0.00065267        op     36632     36633                 -0.03850732        59
   90379       -0.00065218        om     36632     36633                 -0.03847855        59
   36632       -0.00051324    a_iajb     36632                           -0.03849294        75
     556       -0.00039014      a_ia       556                           -0.00858314        22
   44916       -0.00031896        op      2156      2157                 -0.03093953        97
   44917       -0.00031734        om      2156      2157                 -0.03078239        97
     650       -0.00030233      a_ia       650                           -0.00060466         2
     635        0.00030107      a_ia       635                            0.00060215         2
    2156       -0.00027311    a_iajb      2156                           -0.03086096       113
   44881        0.00027212        om      2120      2121                  0.01877634        69

  ==> Add operator: mvp2 -1: 36632 36633
  ==> Current qubit order: 2  3  4  5  6  7  8  9  10  11  12  13  14  15  16  17  18  19  20  21  26  27  28  29  30  31  34  35  37  32  33  59  38  39  36  46  51  40  47  43  53  44  45  56  57  52  54  0  58  25  95  24  94  62  60  42  61  41  83  63  68  1  55  22  70  48  82  23  49  50  66  71  64  65  67  72  73  74  75  69  76  77  78  79  80  81  84  85  86  87  88  89  90  91  92  93  


  ==> Energy                -269.724007186
  ==> dE                       -7.70e-05
  ==> Gradient Norm             3.65e-01
  ==> Abs. Max. Deriv.          3.85e-02
  ==> Time-Grad. (s)              85.205
  ==> Time-Energy (s)              4.072
  ==> Time-Iter. (s)              90.291

--------------------------------------------------------------------------------
CEO-ADAPT-VQE iteration: 73
--------------------------------------------------------------------------------
    gate        derivative      name       op1       op2       op3        g_unscaled   penalty
     561       -0.00042929      a_ia       561                           -0.00858590        20
     655       -0.00030271      a_ia       655                           -0.00060542         2
     640        0.00030107      a_ia       640                            0.00060213         2
   44922       -0.00030038        op      2177      2178                 -0.03093939       103
   44923       -0.00029886        om      2177      2178                 -0.03078224       103
   70687       -0.00029118        om     21662     21663                 -0.01077363        37
   70686       -0.00028993        op     21662     21663                 -0.01072739        37
   44887        0.00026445        om      2141      2142                  0.01877609        71
   44886        0.00026362        op      2141      2142                  0.01871677        71
   44980       -0.00025945        op      2235      2236                 -0.02360955        91

  ==> Add operator: a_ia 561
  ==> Current qubit order: 2  3  4  5  6  7  8  9  10  11  12  13  14  15  16  17  18  19  20  21  26  27  28  29  30  31  34  35  37  32  33  59  38  39  36  46  51  40  47  43  53  44  45  56  57  52  54  0  58  25  95  24  94  62  60  61  41  83  63  68  1  55  22  70  42  48  82  23  49  50  66  71  64  65  67  72  73  74  75  69  76  77  78  79  80  81  84  85  86  87  88  89  90  91  92  93  


  ==> Energy                -269.724060497
  ==> dE                       -5.33e-05
  ==> Gradient Norm             3.70e-01
  ==> Abs. Max. Deriv.          3.68e-02
  ==> Time-Grad. (s)              78.949
  ==> Time-Energy (s)              1.301
  ==> Time-Iter. (s)              81.264

--------------------------------------------------------------------------------
CEO-ADAPT-VQE iteration: 74
--------------------------------------------------------------------------------
    gate        derivative      name       op1       op2       op3        g_unscaled   penalty
   71955       -0.00046735        op     22570     22571                 -0.02383494        51
   71956       -0.00046735        op     22570     22571                 -0.02383494        51
   71959       -0.00045797        op     22570     22572                 -0.02335653        51
   71960       -0.00045797        op     22570     22572                 -0.02335653        51
     616       -0.00040458      a_ia       616                           -0.00161831         4
     569        0.00035425      a_ia       569                            0.00425095        12
   22570       -0.00035080    a_iajb     22570                           -0.02350368        67
   44991       -0.00030625        op      2203      2204                 -0.03093087       101
   44992       -0.00030473        om      2203      2204                 -0.03077731       101
     663       -0.00030321      a_ia       663                           -0.00060643         2

  ==> Add operator: mvp3 -1: 22570 22571 22572
  ==> Current qubit order: 2  3  4  5  6  7  8  9  10  11  12  13  14  15  16  17  18  19  20  21  26  27  28  29  30  31  34  35  37  32  33  59  38  39  36  46  51  40  47  43  53  44  45  56  57  52  54  0  58  25  95  24  94  62  60  61  41  63  68  83  1  55  23  22  70  42  48  82  49  50  66  71  64  65  67  72  73  74  75  69  76  77  78  79  80  81  84  85  86  87  88  89  90  91  92  93  


  ==> Energy                -269.724154241
  ==> dE                       -9.37e-05
  ==> Gradient Norm             3.79e-01
  ==> Abs. Max. Deriv.          3.68e-02
  ==> Time-Grad. (s)              73.924
  ==> Time-Energy (s)              7.260
  ==> Time-Iter. (s)              82.191

--------------------------------------------------------------------------------
CEO-ADAPT-VQE iteration: 75
--------------------------------------------------------------------------------
    gate        derivative      name       op1       op2       op3        g_unscaled   penalty
     575        0.00042459      a_ia       575                            0.00424592        10
     623       -0.00040442      a_ia       623                           -0.00161767         4
     630        0.00034053      a_ia       630                            0.00204318         6
   44956       -0.00030649        op      2216      2217                 -0.03095509       101
   44957       -0.00030485        om      2216      2217                 -0.03079008       101
     670       -0.00030388      a_ia       670                           -0.00060777         2
   89429        0.00030355        om     35849     35850                  0.01487373        49
     655        0.00030061      a_ia       655                            0.00060122         2
     357        0.00029536      a_ia       357                            0.00413511        14
   89428        0.00029516        op     35849     35850                  0.01446261        49

  ==> Add operator: a_ia 575
  ==> Current qubit order: 2  3  4  5  6  7  8  9  10  11  12  13  14  15  16  17  18  19  20  21  26  27  28  29  30  31  34  35  37  32  33  59  38  39  36  46  51  40  47  43  53  44  45  56  57  52  54  0  58  25  95  24  94  62  60  61  41  63  68  83  1  55  23  22  70  48  82  49  50  42  66  71  64  65  67  72  73  74  75  69  76  77  78  79  80  81  84  85  86  87  88  89  90  91  92  93  


  ==> Energy                -269.724481246
  ==> dE                       -3.27e-04
  ==> Gradient Norm             3.70e-01
  ==> Abs. Max. Deriv.          3.68e-02
  ==> Time-Grad. (s)             119.016
  ==> Time-Energy (s)            198.203
  ==> Time-Iter. (s)             318.167

--------------------------------------------------------------------------------
CEO-ADAPT-VQE iteration: 76
--------------------------------------------------------------------------------
    gate        derivative      name       op1       op2       op3        g_unscaled   penalty
     579        0.00103218      a_ia       579                            0.00206435         2
     643        0.00063548      a_ia       643                            0.00127095         2
     584        0.00042563      a_ia       584                            0.00085127         2
     674       -0.00042219      a_ia       674                           -0.00084437         2
   72016        0.00041763        op     22512     22513                  0.01712265        41
   72017        0.00041763        op     22512     22513                  0.01712265        41
   72020        0.00039739        op     22512     22514                  0.01629287        41
   72021        0.00039739        op     22512     22514                  0.01629287        41
     336        0.00034440      a_ia       336                            0.00206638         6
     634        0.00030544      a_ia       634                            0.00183267         6

  ==> Add operator: a_ia 579
  ==> Current qubit order: 2  3  4  5  6  7  8  9  10  11  12  13  14  15  16  17  18  19  20  21  26  27  28  29  30  31  34  35  37  32  33  59  38  39  36  46  51  40  47  43  53  44  45  56  57  52  54  0  58  25  95  24  94  62  60  61  41  63  68  83  1  55  23  22  70  48  82  49  50  42  66  71  64  65  67  72  73  74  75  69  76  77  78  79  80  81  84  85  86  87  88  89  90  91  92  93  


  ==> Energy                -269.724482860
  ==> dE                       -1.61e-06
  ==> Gradient Norm             3.86e-01
  ==> Abs. Max. Deriv.          3.71e-02
  ==> Time-Grad. (s)              73.650
  ==> Time-Energy (s)              2.599
  ==> Time-Iter. (s)              77.276

--------------------------------------------------------------------------------
CEO-ADAPT-VQE iteration: 77
--------------------------------------------------------------------------------
    gate        derivative      name       op1       op2       op3        g_unscaled   penalty
     654        0.00063671      a_ia       654                            0.00127342         2
     595        0.00042457      a_ia       595                            0.00084914         2
     685       -0.00042216      a_ia       685                           -0.00084432         2
     341        0.00033907      a_ia       341                            0.00203442         6
     645        0.00030577      a_ia       645                            0.00183461         6
   45056       -0.00030214        om      2257      2258                 -0.03051645       101
   45055       -0.00029909        op      2257      2258                 -0.03020810       101
       7       -0.00029742      a_ia         7                           -0.00118968         4
     366        0.00029021      a_ia       366                            0.00406299        14
     568        0.00028080      a_ia       568                            0.00449288        16

  ==> Add operator: a_ia 654
  ==> Current qubit order: 2  3  4  5  6  7  8  9  10  11  12  13  14  15  16  17  18  19  20  21  26  27  28  29  30  31  34  35  37  32  33  59  38  39  36  46  51  40  47  43  53  44  45  56  57  52  54  0  58  25  95  24  94  62  60  61  41  63  68  83  1  55  23  22  70  48  82  49  50  42  66  71  64  65  67  72  73  74  75  69  76  77  78  79  80  81  84  85  86  87  88  89  90  91  92  93  


  ==> Energy                -269.724490452
  ==> dE                       -7.59e-06
  ==> Gradient Norm             3.77e-01
  ==> Abs. Max. Deriv.          3.67e-02
  ==> Time-Grad. (s)             116.329
  ==> Time-Energy (s)              2.821
  ==> Time-Iter. (s)             120.165

--------------------------------------------------------------------------------
CEO-ADAPT-VQE iteration: 78
--------------------------------------------------------------------------------
    gate        derivative      name       op1       op2       op3        g_unscaled   penalty
     691       -0.00042265      a_ia       691                           -0.00084529         2
     600        0.00041917      a_ia       600                            0.00083835         2
   90029        0.00037400        om     36126     36127                  0.04525419       121
     343        0.00034765      a_ia       343                            0.00208591         6
   90028        0.00034097        op     36126     36127                  0.04125741       121
   36126        0.00031574    a_iajb     36126                            0.04325580       137
     650        0.00030382      a_ia       650                            0.00182290         6
   45037       -0.00030217        om      2276      2277                 -0.03051889       101
   45036       -0.00029903        op      2276      2277                 -0.03020212       101
       7       -0.00029341      a_ia         7                           -0.00117363         4

  ==> Add operator: a_ia 691
  ==> Current qubit order: 2  3  4  5  6  7  8  9  10  11  12  13  14  15  16  17  18  19  20  21  26  27  28  29  30  31  34  35  37  32  33  59  38  39  36  46  51  40  47  43  53  44  45  56  57  52  54  0  58  25  95  24  94  62  60  61  41  63  68  83  1  55  23  22  70  48  82  49  50  42  66  71  64  65  67  72  73  74  75  69  76  77  78  79  80  81  84  85  86  87  88  89  90  91  92  93  


  ==> Energy                -269.724570495
  ==> dE                       -8.00e-05
  ==> Gradient Norm             3.77e-01
  ==> Abs. Max. Deriv.          4.53e-02
  ==> Time-Grad. (s)              80.864
  ==> Time-Energy (s)              2.092
  ==> Time-Iter. (s)              83.975

--------------------------------------------------------------------------------
CEO-ADAPT-VQE iteration: 79
--------------------------------------------------------------------------------
    gate        derivative      name       op1       op2       op3        g_unscaled   penalty
       7       -0.00060297      a_ia         7                           -0.00241188         4
     606        0.00041247      a_ia       606                            0.00082494         2
   72235        0.00035601        op     22600     22601                  0.03453332        97
     346        0.00034635      a_ia       346                            0.00207811         6
   72236        0.00033736        om     22600     22601                  0.03272354        97
     656        0.00030353      a_ia       656                            0.00182116         6
   45012       -0.00030026        om      2291      2292                 -0.03032582       101
   22600        0.00029760    a_iajb     22600                            0.03362843       113
   45011       -0.00029755        op      2291      2292                 -0.03005284       101
     371        0.00028968      a_ia       371                            0.00405556        14

  ==> Add operator: a_ia 7
  ==> Current qubit order: 2  3  4  5  6  7  8  9  10  11  12  13  14  15  16  17  18  19  20  21  26  27  28  29  30  31  34  35  37  32  33  59  38  39  36  46  51  40  47  43  53  44  45  56  57  54  52  0  58  25  95  24  94  62  60  61  41  63  68  83  1  55  23  22  70  48  82  49  50  42  66  71  64  65  67  72  73  74  75  69  76  77  78  79  80  81  84  85  86  87  88  89  90  91  92  93  


  ==> Energy                -269.724571871
  ==> dE                       -1.38e-06
  ==> Gradient Norm             3.75e-01
  ==> Abs. Max. Deriv.          4.32e-02
  ==> Time-Grad. (s)              76.991
  ==> Time-Energy (s)              2.216
  ==> Time-Iter. (s)              80.225

--------------------------------------------------------------------------------
CEO-ADAPT-VQE iteration: 80
--------------------------------------------------------------------------------
    gate        derivative      name       op1       op2       op3        g_unscaled   penalty
     609        0.00041253      a_ia       609                            0.00082505         2
     346        0.00034767      a_ia       346                            0.00208600         6
     659        0.00030351      a_ia       659                            0.00182108         6
   90641       -0.00029990        op     36474     36475                 -0.03088944       103
   72298       -0.00029441        om     22615     22616                 -0.01737005        59
   45096       -0.00029440        om      2316      2317                 -0.03032317       103
   45095       -0.00029175        op      2316      2317                 -0.03005011       103
     372        0.00028956      a_ia       372                            0.00405383        14
   45054        0.00028807        om      2274      2275                  0.01930062        67
   90642       -0.00028730        om     36474     36475                 -0.02959216       103

  ==> Add operator: a_ia 609
  ==> Current qubit order: 2  3  4  5  6  7  8  9  10  11  12  13  14  15  16  17  18  19  20  21  26  27  28  29  30  31  34  35  37  32  33  59  38  39  36  46  51  40  47  43  53  44  45  56  57  54  52  0  58  25  95  24  94  62  60  61  41  63  68  83  1  55  23  22  70  48  82  49  50  42  66  71  64  65  67  72  73  74  75  69  76  77  78  79  80  81  84  85  86  87  88  89  90  91  92  93  


  ==> Energy                -269.724581202
  ==> dE                       -9.33e-06
  ==> Gradient Norm             3.76e-01
  ==> Abs. Max. Deriv.          3.67e-02
  ==> Time-Grad. (s)              76.015
  ==> Time-Energy (s)              1.999
  ==> Time-Iter. (s)              79.040

--------------------------------------------------------------------------------
CEO-ADAPT-VQE iteration: 81
--------------------------------------------------------------------------------
    gate        derivative      name       op1       op2       op3        g_unscaled   penalty
     614        0.00213020      a_ia       614                            0.00426041         2
     617        0.00140361      a_ia       617                            0.00280722         2
     622        0.00094106      a_ia       622                            0.00188212         2
       7       -0.00050756      a_ia         7                           -0.00101512         2
   45363        0.00043476        op      2710      2711                  0.02043366        47
   45364        0.00043436        om      2710      2711                  0.02041475        47
   71948       -0.00042232        om     22526     22527                 -0.02660619        63
   71947       -0.00041139        op     22526     22527                 -0.02591772        63
     354        0.00033745      a_ia       354                            0.00202468         6
   22526       -0.00033243    a_iajb     22526                           -0.02626195        79

  ==> Add operator: a_ia 614
  ==> Current qubit order: 2  3  4  5  6  7  8  9  10  11  12  13  14  15  16  17  18  19  20  21  26  27  28  29  30  31  34  35  37  32  33  59  38  39  36  46  51  40  47  43  53  44  45  56  57  54  52  0  58  25  95  24  94  62  60  61  41  63  68  83  1  55  23  22  70  48  82  49  50  42  66  71  64  65  67  72  73  74  75  69  76  77  78  79  80  81  84  85  86  87  88  89  90  91  92  93  


  ==> Energy                -269.725168157
  ==> dE                       -1.08e-05
  ==> Gradient Norm             3.64e-01
  ==> Abs. Max. Deriv.          3.68e-02
  ==> Time-Grad. (s)              78.965
  ==> Time-Energy (s)              4.868
  ==> Time-Iter. (s)              84.890

--------------------------------------------------------------------------------
CEO-ADAPT-VQE iteration: 82
--------------------------------------------------------------------------------
    gate        derivative      name       op1       op2       op3        g_unscaled   penalty
     624        0.00143354      a_ia       624                            0.00286708         2
     356        0.00122371      a_ia       356                            0.00244741         2
     629        0.00094007      a_ia       629                            0.00188015         2
       7       -0.00050069      a_ia         7                           -0.00100137         2
   45277        0.00043478        op      2741      2742                  0.02043467        47
   45278        0.00043438        om      2741      2742                  0.02041573        47
   93819        0.00040696        op     39409     39410                  0.02156903        53
     357        0.00033191      a_ia       357                            0.00199145         6
    2741        0.00032421    a_iajb      2741                            0.02042520        63
   93820        0.00030510        om     39409     39410                  0.01617046        53

  ==> Add operator: a_ia 624
  ==> Current qubit order: 2  3  4  5  6  7  8  9  10  11  12  13  14  15  16  17  18  19  20  21  26  27  28  29  30  31  34  35  37  32  33  59  38  39  36  46  51  40  47  43  53  44  45  56  57  54  52  0  58  25  95  24  94  62  60  61  41  63  68  83  1  55  23  22  70  48  82  49  50  42  66  71  64  65  67  72  73  74  75  69  76  77  78  79  80  81  84  85  86  87  88  89  90  91  92  93  


  ==> Energy                -269.725170268
  ==> dE                       -2.11e-06
  ==> Gradient Norm             3.64e-01
  ==> Abs. Max. Deriv.          3.68e-02
  ==> Time-Grad. (s)              89.644
  ==> Time-Energy (s)              5.129
  ==> Time-Iter. (s)              96.231

--------------------------------------------------------------------------------
CEO-ADAPT-VQE iteration: 83
--------------------------------------------------------------------------------
    gate        derivative      name       op1       op2       op3        g_unscaled   penalty
     359        0.00121031      a_ia       359                            0.00242063         2
     634        0.00093879      a_ia       634                            0.00187758         2
       7       -0.00049921      a_ia         7                           -0.00099841         2
   45336        0.00043479        op      2763      2764                  0.02043521        47
   45337        0.00043439        om      2763      2764                  0.02041627        47
     360        0.00032476      a_ia       360                            0.00194858         6
    2763        0.00032422    a_iajb      2763                            0.02042574        63
   89952       -0.00030326        op     36348     36349                 -0.04397339       145
   44991       -0.00029828        om      2417      2418                 -0.03072258       103
   44990       -0.00029661        op      2417      2418                 -0.03055086       103

  ==> Add operator: a_ia 359
  ==> Current qubit order: 2  3  4  5  6  7  8  9  10  11  12  13  14  15  16  17  18  19  20  21  26  27  28  29  30  31  34  35  37  32  33  59  38  39  36  46  51  40  47  43  53  44  45  56  57  54  52  0  58  25  95  24  94  62  60  61  41  63  68  83  1  55  23  22  70  48  82  49  50  42  66  71  64  65  67  72  73  74  75  69  76  77  78  79  80  81  84  85  86  87  88  89  90  91  92  93  


  ==> Energy                -269.725171508
  ==> dE                       -1.24e-06
  ==> Gradient Norm             3.78e-01
  ==> Abs. Max. Deriv.          4.40e-02
  ==> Time-Grad. (s)              91.326
  ==> Time-Energy (s)              3.820
  ==> Time-Iter. (s)              96.280

--------------------------------------------------------------------------------
CEO-ADAPT-VQE iteration: 84
--------------------------------------------------------------------------------
    gate        derivative      name       op1       op2       op3        g_unscaled   penalty
     639        0.00093861      a_ia       639                            0.00187723         2
       7       -0.00050282      a_ia         7                           -0.00100564         2
   45317        0.00043479        op      2783      2784                  0.02043528        47
   45318        0.00043439        om      2783      2784                  0.02041640        47
   90136       -0.00033862        om     36546     36547                 -0.01388334        41
   90135       -0.00033068        op     36546     36547                 -0.01355769        41
     363        0.00032749      a_ia       363                            0.00196493         6
    2783        0.00032422    a_iajb      2783                            0.02042584        63
   44968       -0.00029827        om      2433      2434                 -0.03072223       103
   44967       -0.00029661        op      2433      2434                 -0.03055040       103

  ==> Add operator: a_ia 639
  ==> Current qubit order: 2  3  4  5  6  7  8  9  10  11  12  13  14  15  16  17  18  19  20  21  26  27  28  29  30  31  34  35  37  32  33  59  38  39  36  46  51  40  47  43  53  44  45  56  57  54  52  0  58  25  95  24  94  62  60  61  41  63  68  83  1  55  23  22  70  48  82  49  50  42  66  71  64  65  67  72  73  74  75  69  76  77  78  79  80  81  84  85  86  87  88  89  90  91  92  93  


  ==> Energy                -269.725219734
  ==> dE                       -4.82e-05
  ==> Gradient Norm             3.61e-01
  ==> Abs. Max. Deriv.          3.68e-02
  ==> Time-Grad. (s)             111.330
  ==> Time-Energy (s)              3.697
  ==> Time-Iter. (s)             116.042

--------------------------------------------------------------------------------
CEO-ADAPT-VQE iteration: 85
--------------------------------------------------------------------------------
    gate        derivative      name       op1       op2       op3        g_unscaled   penalty
       7       -0.00051047      a_ia         7                           -0.00102095         2
   45225        0.00043485        op      2812      2813                  0.02043775        47
   45226        0.00043440        om      2812      2813                  0.02041673        47
     703        0.00042586      a_ia       703                            0.00255518         6
   88724        0.00037292        om     35660     35661                  0.04512362       121
   88723        0.00034133        op     35660     35661                  0.04130135       121
    2812        0.00032424    a_iajb      2812                            0.02042724        63
     370        0.00032391      a_ia       370                            0.00194349         6
   35660        0.00031542    a_iajb     35660                            0.04321248       137
   44874       -0.00029827        om      2460      2461                 -0.03072139       103

  ==> Add operator: a_ia 7
  ==> Current qubit order: 2  3  4  5  6  7  8  9  10  11  12  13  14  15  16  17  18  19  20  21  26  27  28  29  30  31  34  35  37  32  33  59  38  39  36  46  51  40  47  43  53  44  45  56  57  54  52  0  58  25  95  24  94  62  60  61  41  63  68  83  1  55  23  22  70  48  82  49  50  42  66  71  64  65  67  72  73  74  75  69  76  77  78  79  80  81  84  85  86  87  88  89  90  91  92  93  


  ==> Energy                -269.725219953
  ==> dE                       -2.19e-07
  ==> Gradient Norm             3.66e-01
  ==> Abs. Max. Deriv.          4.51e-02
  ==> Time-Grad. (s)              83.592
  ==> Time-Energy (s)              4.518
  ==> Time-Iter. (s)              89.157

--------------------------------------------------------------------------------
CEO-ADAPT-VQE iteration: 86
--------------------------------------------------------------------------------
    gate        derivative      name       op1       op2       op3        g_unscaled   penalty
   71319        0.00068714        op     22403     22405                  0.01992714        29
   71320        0.00068714        op     22403     22405                  0.01992714        29
   71315        0.00067621        op     22403     22404                  0.01961001        29
   71316        0.00067621        op     22403     22404                  0.01961001        29
   22403        0.00044149    a_iajb     22403                            0.01986700        45
   45315        0.00043466        op      2841      2842                  0.02042906        47
   45316        0.00043422        om      2841      2842                  0.02040849        47
     707        0.00042586      a_ia       707                            0.00255513         6
     373        0.00032530      a_ia       373                            0.00195181         6
    2841        0.00032411    a_iajb      2841                            0.02041877        63

  ==> Add operator: mvp3 -1: 22403 22404 22405
  ==> Current qubit order: 2  3  4  5  6  7  8  9  10  11  12  13  14  15  16  17  18  19  20  21  26  27  28  29  30  31  34  35  37  32  33  59  38  39  36  46  51  40  47  43  53  44  45  56  57  54  52  0  58  25  95  24  94  62  60  61  41  68  63  83  1  23  55  22  70  48  82  49  50  42  66  71  64  65  67  72  73  74  75  69  76  77  78  79  80  81  84  85  86  87  88  89  90  91  92  93  


  ==> Energy                -269.725262314
  ==> dE                       -4.24e-05
  ==> Gradient Norm             3.71e-01
  ==> Abs. Max. Deriv.          3.68e-02
  ==> Time-Grad. (s)             126.544
  ==> Time-Energy (s)             11.833
  ==> Time-Iter. (s)             139.406

--------------------------------------------------------------------------------
CEO-ADAPT-VQE iteration: 87
--------------------------------------------------------------------------------
    gate        derivative      name       op1       op2       op3        g_unscaled   penalty
   45221        0.00043502        op      2856      2857                  0.02044576        47
   45222        0.00043437        om      2856      2857                  0.02041547        47
     713        0.00042576      a_ia       713                            0.00255454         6
     405        0.00032931      a_ia       405                            0.00395172        12
     377        0.00032442      a_ia       377                            0.00194655         6
    2856        0.00032430    a_iajb      2856                            0.02043062        63
   44870       -0.00029827        om      2504      2505                 -0.03072215       103
   44869       -0.00029661        op      2504      2505                 -0.03055102       103
   69674       -0.00028502        om     21248     21249                 -0.03562724       125
   44828        0.00028064        om      2462      2463                  0.01880303        67

  ==> Add operator: mvp2 -1: 2856 2857
  ==> Current qubit order: 2  3  4  5  6  7  8  9  10  11  12  13  14  15  16  17  18  19  20  21  26  27  28  29  30  31  34  35  37  32  33  59  38  39  36  46  51  40  47  43  53  44  45  56  57  54  52  58  25  24  0  95  94  1  62  60  61  41  68  63  83  23  55  22  70  48  82  49  50  42  66  71  64  65  67  72  73  74  75  69  76  77  78  79  80  81  84  85  86  87  88  89  90  91  92  93  


  ==> Energy                -269.725278358
  ==> dE                       -1.60e-05
  ==> Gradient Norm             3.78e-01
  ==> Abs. Max. Deriv.          3.68e-02
  ==> Time-Grad. (s)              94.348
  ==> Time-Energy (s)              7.603
  ==> Time-Iter. (s)             102.976

--------------------------------------------------------------------------------
CEO-ADAPT-VQE iteration: 88
--------------------------------------------------------------------------------
    gate        derivative      name       op1       op2       op3        g_unscaled   penalty
   70482        0.00055125        om     21762     21763                  0.04024147        73
   70481        0.00051362        op     21762     21763                  0.03749400        73
   21762        0.00043672    a_iajb     21762                            0.03886773        89
     717        0.00042577      a_ia       717                            0.00255461         6
   45000       -0.00035285        om      2529      2530                 -0.03069789        87
   44999       -0.00035088        op      2529      2530                 -0.03052672        87
   44958        0.00034147        om      2487      2488                  0.01878108        55
   44957        0.00033322        op      2487      2488                  0.01832705        55
   45102        0.00032437        om      2631      2632                  0.01005546        31
     380        0.00032413      a_ia       380                            0.00194477         6

  ==> Add operator: mvp2 -1: 21762 21763
  ==> Current qubit order: 2  3  4  5  6  7  8  9  10  11  12  13  14  15  16  17  18  19  20  21  26  27  28  29  30  31  34  35  37  32  33  59  38  39  36  46  51  40  47  53  44  45  56  57  52  58  43  54  0  83  25  24  95  94  1  62  60  61  41  68  63  23  55  22  70  48  82  49  50  42  66  71  64  65  67  72  73  74  75  69  76  77  78  79  80  81  84  85  86  87  88  89  90  91  92  93  


  ==> Energy                -269.725842992
  ==> dE                       -5.65e-04
  ==> Gradient Norm             3.57e-01
  ==> Abs. Max. Deriv.          4.02e-02
  ==> Time-Grad. (s)              87.483
  ==> Time-Energy (s)              8.130
  ==> Time-Iter. (s)              96.626

--------------------------------------------------------------------------------
CEO-ADAPT-VQE iteration: 89
--------------------------------------------------------------------------------
    gate        derivative      name       op1       op2       op3        g_unscaled   penalty
     720        0.00042566      a_ia       720                            0.00255394         6
   44919       -0.00035717        om      2542      2543                 -0.03035974        85
   44918       -0.00035512        op      2542      2543                 -0.03018513        85
   44877        0.00034366        om      2500      2501                  0.01890156        55
   44876        0.00033538        op      2500      2501                  0.01844577        55
     634        0.00032723      a_ia       634                            0.00458116        14
     382        0.00031324      a_ia       382                            0.00187943         6
   44982       -0.00030631        op      2606      2607                 -0.02481131        81
   45130        0.00030524        op      2754      2755                  0.01434631        47
   44983       -0.00030306        om      2606      2607                 -0.02454748        81

  ==> Add operator: a_ia 720
  ==> Current qubit order: 2  3  4  5  6  7  8  9  10  11  12  13  14  15  16  17  18  19  20  21  26  27  28  29  30  31  34  35  37  32  33  59  38  39  36  46  51  40  47  53  44  45  56  57  52  58  43  54  0  83  25  24  95  94  1  62  60  61  41  68  63  23  55  22  70  82  49  48  50  42  66  71  64  65  67  72  73  74  75  69  76  77  78  79  80  81  84  85  86  87  88  89  90  91  92  93  


  ==> Energy                -269.725913804
  ==> dE                       -7.08e-05
  ==> Gradient Norm             3.57e-01
  ==> Abs. Max. Deriv.          3.67e-02
  ==> Time-Grad. (s)              81.873
  ==> Time-Energy (s)              4.673
  ==> Time-Iter. (s)              87.563

--------------------------------------------------------------------------------
CEO-ADAPT-VQE iteration: 90
--------------------------------------------------------------------------------
    gate        derivative      name       op1       op2       op3        g_unscaled   penalty
     661       -0.00048492      a_ia       661                           -0.00096984         2
     383        0.00046235      a_ia       383                            0.00184941         4
   44955       -0.00035719        om      2563      2564                 -0.03036131        85
   44954       -0.00035510        op      2563      2564                 -0.03018345        85
   44913        0.00034364        om      2521      2522                  0.01890005        55
     913        0.00033945      a_ia       913                            0.00067890         2
   44912        0.00033535        op      2521      2522                  0.01844408        55
     637        0.00032364      a_ia       637                            0.00453100        14
   45018       -0.00030634        op      2627      2628                 -0.02481387        81
   45168        0.00030523        op      2777      2778                  0.01434596        47

  ==> Add operator: a_ia 661
  ==> Current qubit order: 2  3  4  5  6  7  8  9  10  11  12  13  14  15  16  17  18  19  20  21  26  27  28  29  30  31  34  35  37  32  33  59  38  39  36  46  51  40  47  53  44  45  56  57  52  58  43  54  0  83  25  24  95  94  1  62  60  61  41  68  63  23  55  22  70  82  49  48  50  42  66  71  64  65  67  72  73  74  75  69  76  77  78  79  80  81  84  85  86  87  88  89  90  91  92  93  


  ==> Energy                -269.725914269
  ==> dE                       -4.65e-07
  ==> Gradient Norm             3.68e-01
  ==> Abs. Max. Deriv.          4.22e-02
  ==> Time-Grad. (s)              90.988
  ==> Time-Energy (s)              4.103
  ==> Time-Iter. (s)              96.051

--------------------------------------------------------------------------------
CEO-ADAPT-VQE iteration: 91
--------------------------------------------------------------------------------
    gate        derivative      name       op1       op2       op3        g_unscaled   penalty
     384        0.00046423      a_ia       384                            0.00185691         4
   44971       -0.00035719        om      2582      2583                 -0.03036132        85
   44970       -0.00035510        op      2582      2583                 -0.03018348        85
   44929        0.00034364        om      2540      2541                  0.01889998        55
     916        0.00033943      a_ia       916                            0.00067886         2
   44928        0.00033535        op      2540      2541                  0.01844400        55
   88966       -0.00033267        op     35841     35842                 -0.01630102        49
   88967       -0.00032941        om     35841     35842                 -0.01614121        49
     639        0.00032348      a_ia       639                            0.00452868        14
   45034       -0.00030634        op      2646      2647                 -0.02481383        81

  ==> Add operator: a_ia 384
  ==> Current qubit order: 2  3  4  5  6  7  8  9  10  11  12  13  14  15  16  17  18  19  20  21  26  27  28  29  30  31  34  35  37  32  33  59  38  39  36  46  51  40  47  53  44  45  56  57  52  58  43  54  0  83  25  24  95  94  1  62  60  61  41  68  63  23  55  70  22  82  49  48  50  42  66  71  64  65  67  72  73  74  75  69  76  77  78  79  80  81  84  85  86  87  88  89  90  91  92  93  


  ==> Energy                -269.725914918
  ==> dE                       -6.49e-07
  ==> Gradient Norm             3.60e-01
  ==> Abs. Max. Deriv.          3.67e-02
  ==> Time-Grad. (s)             120.383
  ==> Time-Energy (s)              5.262
  ==> Time-Iter. (s)             126.622

--------------------------------------------------------------------------------
CEO-ADAPT-VQE iteration: 92
--------------------------------------------------------------------------------
    gate        derivative      name       op1       op2       op3        g_unscaled   penalty
   45058       -0.00035719        om      2603      2604                 -0.03036084        85
   45057       -0.00035510        op      2603      2604                 -0.03018315        85
   45014        0.00034363        om      2559      2560                  0.01889977        55
   45013        0.00033534        op      2559      2560                  0.01844377        55
     644        0.00032331      a_ia       644                            0.00452634        14
   45101        0.00032078        op      2647      2648                  0.01571838        49
   45102        0.00032035        om      2647      2648                  0.01569701        49
   45123       -0.00030633        op      2669      2670                 -0.02481305        81
   45275        0.00030523        op      2821      2822                  0.01434576        47
   45124       -0.00030308        om      2669      2670                 -0.02454968        81

  ==> Add operator: mvp2 -1: 2603 2604
  ==> Current qubit order: 2  3  4  5  6  7  8  9  10  11  12  13  14  15  16  17  18  19  20  21  26  27  28  29  30  31  34  35  37  32  33  59  38  39  36  46  51  40  47  53  44  45  56  57  52  58  43  83  25  24  95  94  62  54  0  1  71  60  61  41  68  63  23  55  70  22  82  49  48  50  42  66  64  65  67  72  73  74  75  69  76  77  78  79  80  81  84  85  86  87  88  89  90  91  92  93  


  ==> Energy                -269.725976775
  ==> dE                       -6.19e-05
  ==> Gradient Norm             3.76e-01
  ==> Abs. Max. Deriv.          3.94e-02
  ==> Time-Grad. (s)             121.798
  ==> Time-Energy (s)              8.367
  ==> Time-Iter. (s)             131.168

--------------------------------------------------------------------------------
CEO-ADAPT-VQE iteration: 93
--------------------------------------------------------------------------------
    gate        derivative      name       op1       op2       op3        g_unscaled   penalty
       8       -0.00051374      a_ia         8                           -0.00308246         6
     690       -0.00044124      a_ia       690                           -0.00088249         2
   45265        0.00038896        om      2858      2859                  0.01750308        45
   45264        0.00038762        op      2858      2859                  0.01744274        45
   45032       -0.00038663        op      2626      2627                 -0.01430520        37
   45033       -0.00036558        om      2626      2627                 -0.01352649        37
   45018        0.00035622        op      2612      2613                  0.01674238        47
   45019        0.00034165        om      2612      2613                  0.01605765        47
   45230        0.00032867        op      2824      2825                  0.01018889        31
   45231        0.00032488        om      2824      2825                  0.01007126        31

  ==> Add operator: a_ia 8
  ==> Current qubit order: 2  3  4  5  6  7  8  9  10  11  12  13  14  15  16  17  18  19  20  21  26  27  28  29  30  31  34  35  37  32  33  59  38  39  36  46  51  40  47  53  44  45  56  57  52  58  43  83  25  24  95  94  62  54  1  71  0  60  61  41  68  63  23  55  70  22  82  49  48  50  42  66  64  65  67  72  73  74  75  69  76  77  78  79  80  81  84  85  86  87  88  89  90  91  92  93  


  ==> Energy                -269.725978095
  ==> dE                       -1.32e-06
  ==> Gradient Norm             3.69e-01
  ==> Abs. Max. Deriv.          3.68e-02
  ==> Time-Grad. (s)              87.993
  ==> Time-Energy (s)              4.895
  ==> Time-Iter. (s)              93.896

--------------------------------------------------------------------------------
CEO-ADAPT-VQE iteration: 94
--------------------------------------------------------------------------------
    gate        derivative      name       op1       op2       op3        g_unscaled   penalty
   45343        0.00060378        om      2868      2869                  0.01750965        29
   45342        0.00060171        op      2868      2869                  0.01744953        29
   45110       -0.00046185        op      2636      2637                 -0.01431750        31
   45111       -0.00043671        om      2636      2637                 -0.01353798        31
     695       -0.00042667      a_ia       695                           -0.00085335         2
   45096        0.00040869        op      2622      2623                  0.01675614        41
   45097        0.00039197        om      2622      2623                  0.01607065        41
    2868        0.00038844    a_iajb      2868                            0.01747959        45
     654        0.00032303      a_ia       654                            0.00452242        14
    2636       -0.00029633    a_iajb      2636                           -0.01392774        47

  ==> Add operator: mvp2 -1: 2868 2869
  ==> Current qubit order: 2  3  4  5  6  7  8  9  10  11  12  13  14  15  16  17  18  19  20  21  26  27  28  29  30  31  34  35  37  32  33  59  38  39  36  46  51  40  47  53  44  45  56  57  52  58  43  83  25  24  95  62  54  94  1  71  0  60  61  41  68  63  23  55  70  22  82  49  48  50  42  66  64  65  67  72  73  74  75  69  76  77  78  79  80  81  84  85  86  87  88  89  90  91  92  93  


  ==> Energy                -269.725992583
  ==> dE                       -1.45e-05
  ==> Gradient Norm             3.81e-01
  ==> Abs. Max. Deriv.          3.68e-02
  ==> Time-Grad. (s)             126.256
  ==> Time-Energy (s)              7.660
  ==> Time-Iter. (s)             134.933

--------------------------------------------------------------------------------
CEO-ADAPT-VQE iteration: 95
--------------------------------------------------------------------------------
    gate        derivative      name       op1       op2       op3        g_unscaled   penalty
   70473       -0.00069855        op     21509     21510                 -0.05239123        75
   70474       -0.00068096        om     21509     21510                 -0.05107168        75
   21509       -0.00056848    a_iajb     21509                           -0.05173146        91
   45129       -0.00043312        op      2663      2664                 -0.01429288        33
     700       -0.00042502      a_ia       700                           -0.00085004         2
   45130       -0.00040951        om      2663      2664                 -0.01351382        33
   45115        0.00038887        op      2649      2650                  0.01672129        43
   45116        0.00037295        om      2649      2650                  0.01603683        43
   72015        0.00035776        op     22688     22689                  0.03327145        93
   72016        0.00033310        om     22688     22689                  0.03097858        93

  ==> Add operator: mvp2 -1: 21509 21510
  ==> Current qubit order: 2  3  4  5  6  7  8  9  10  11  12  13  14  15  16  17  18  19  20  21  26  27  28  29  30  31  34  35  37  32  33  59  38  39  36  46  51  40  47  53  44  45  56  57  52  58  43  83  25  24  95  62  94  1  71  60  61  54  0  23  49  41  68  63  55  70  22  82  48  50  42  66  64  65  67  72  73  74  75  69  76  77  78  79  80  81  84  85  86  87  88  89  90  91  92  93  


  ==> Energy                -269.726328161
  ==> dE                       -3.36e-04
  ==> Gradient Norm             3.74e-01
  ==> Abs. Max. Deriv.          5.24e-02
  ==> Time-Grad. (s)              80.524
  ==> Time-Energy (s)              7.303
  ==> Time-Iter. (s)              88.850

--------------------------------------------------------------------------------
CEO-ADAPT-VQE iteration: 96
--------------------------------------------------------------------------------
    gate        derivative      name       op1       op2       op3        g_unscaled   penalty
     704       -0.00041125      a_ia       704                           -0.00082251         2
     819       -0.00034860      a_ia       819                           -0.00139439         4
   89508       -0.00034706        op     35955     35956                 -0.03991160       115
   89509       -0.00034543        om     35955     35956                 -0.03972442       115
     663        0.00032327      a_ia       663                            0.00452577        14
   45133       -0.00031252        om      2679      2680                 -0.01281332        41
   45119        0.00030673        om      2665      2666                  0.01502978        49
   35955       -0.00030395    a_iajb     35955                           -0.03981801       131
   45132       -0.00030389        op      2679      2680                 -0.01245934        41
   45118        0.00029433        op      2665      2666                  0.01442202        49

  ==> Add operator: a_ia 704
  ==> Current qubit order: 2  3  4  5  6  7  8  9  10  11  12  13  14  15  16  17  18  19  20  21  26  27  28  29  30  31  34  35  37  32  33  59  38  39  36  46  51  40  47  53  44  45  56  57  52  58  43  83  25  24  95  62  94  1  71  60  61  54  0  23  49  41  68  63  55  70  22  82  48  50  42  66  64  65  67  72  73  74  75  69  76  77  78  79  80  81  84  85  86  87  88  89  90  91  92  93  


  ==> Energy                -269.726328293
  ==> dE                       -1.32e-07
  ==> Gradient Norm             3.67e-01
  ==> Abs. Max. Deriv.          3.99e-02
  ==> Time-Grad. (s)              79.435
  ==> Time-Energy (s)              4.867
  ==> Time-Iter. (s)              85.460

--------------------------------------------------------------------------------
CEO-ADAPT-VQE iteration: 97
--------------------------------------------------------------------------------
    gate        derivative      name       op1       op2       op3        g_unscaled   penalty
   90027       -0.00096751        op     36348     36349                 -0.02612273        27
   90028       -0.00096712        om     36348     36349                 -0.02611223        27
   36348       -0.00060738    a_iajb     36348                           -0.02611748        43
     823       -0.00034860      a_ia       823                           -0.00139441         4
     666        0.00032312      a_ia       666                            0.00452374        14
   45371        0.00031376        op      2930      2931                  0.02039461        65
   45140       -0.00031252        om      2698      2699                 -0.01281343        41
   45126        0.00030674        om      2684      2685                  0.01503009        49
   45372        0.00030613        om      2930      2931                  0.01989846        65
   45139       -0.00030389        op      2698      2699                 -0.01245930        41

  ==> Add operator: mvp2 -1: 36348 36349
  ==> Current qubit order: 2  3  4  5  6  7  8  9  10  11  12  13  14  15  16  17  18  19  20  21  26  27  28  29  30  31  34  35  37  32  33  59  38  39  36  46  51  40  47  53  44  45  56  57  52  58  43  83  25  24  95  94  62  1  71  60  61  54  0  23  49  41  68  63  55  70  22  82  48  50  42  66  64  65  67  72  73  74  75  69  76  77  78  79  80  81  84  85  86  87  88  89  90  91  92  93  


  ==> Energy                -269.726360868
  ==> dE                       -3.26e-05
  ==> Gradient Norm             3.70e-01
  ==> Abs. Max. Deriv.          3.68e-02
  ==> Time-Grad. (s)              87.317
  ==> Time-Energy (s)              6.476
  ==> Time-Iter. (s)              94.832

--------------------------------------------------------------------------------
CEO-ADAPT-VQE iteration: 98
--------------------------------------------------------------------------------
    gate        derivative      name       op1       op2       op3        g_unscaled   penalty
     826       -0.00034875      a_ia       826                           -0.00139498         4
     669        0.00032316      a_ia       669                            0.00452426        14
   45365        0.00031378        op      2962      2963                  0.02039571        65
   45132       -0.00031292        om      2728      2729                 -0.01282975        41
   45118        0.00030668        om      2714      2715                  0.01502752        49
   45366        0.00030622        om      2962      2963                  0.01990440        65
   45131       -0.00030395        op      2728      2729                 -0.01246195        41
   45117        0.00029428        op      2714      2715                  0.01441977        49
   45234        0.00029010        om      2830      2831                  0.01015343        35
   45233        0.00028786        op      2830      2831                  0.01007523        35

  ==> Add operator: a_ia 826
  ==> Current qubit order: 2  3  4  5  6  7  8  9  10  11  12  13  14  15  16  17  18  19  20  21  26  27  28  29  30  31  34  35  37  32  33  59  38  39  36  46  51  40  47  53  44  45  56  57  52  58  43  83  25  24  95  94  62  1  71  61  60  54  0  23  49  41  68  63  55  70  22  82  48  50  42  66  64  65  67  72  73  74  75  69  76  77  78  79  80  81  84  85  86  87  88  89  90  91  92  93  


  ==> Energy                -269.726595187
  ==> dE                       -2.34e-04
  ==> Gradient Norm             3.65e-01
  ==> Abs. Max. Deriv.          3.68e-02
  ==> Time-Grad. (s)             131.875
  ==> Time-Energy (s)              3.673
  ==> Time-Iter. (s)             136.628

--------------------------------------------------------------------------------
CEO-ADAPT-VQE iteration: 99
--------------------------------------------------------------------------------
    gate        derivative      name       op1       op2       op3        g_unscaled   penalty
       9        0.00061983      a_ia         9                            0.00247931         4
   96366        0.00052477        om     41299     41300                  0.06874486       131
   96365        0.00052349        op     41299     41300                  0.06857677       131
   41299        0.00046708    a_iajb     41299                            0.06866081       147
   45098        0.00038325        om      2733      2734                  0.01877949        49
   45112       -0.00038235        om      2747      2748                 -0.01567646        41
   45111       -0.00037817        op      2747      2748                 -0.01550483        41
   45097        0.00037558        op      2733      2734                  0.01840347        49
     672        0.00032341      a_ia       672                            0.00452774        14
      29       -0.00031627      a_ia        29                           -0.00126508         4

  ==> Add operator: a_ia 9
  ==> Current qubit order: 2  3  4  5  6  7  8  9  10  11  12  13  14  15  16  17  18  19  20  21  26  27  28  29  30  31  34  35  37  32  33  59  38  39  36  46  51  40  47  53  44  45  56  57  52  58  43  83  25  24  95  94  62  1  71  61  54  60  0  23  49  41  68  63  55  70  22  82  48  50  42  66  64  65  67  72  73  74  75  69  76  77  78  79  80  81  84  85  86  87  88  89  90  91  92  93  


  ==> Energy                -269.726596050
  ==> dE                       -8.63e-07
  ==> Gradient Norm             3.66e-01
  ==> Abs. Max. Deriv.          6.87e-02
  ==> Time-Grad. (s)             127.811
  ==> Time-Energy (s)              4.486
  ==> Time-Iter. (s)             133.360

--------------------------------------------------------------------------------
CEO-ADAPT-VQE iteration: 100
--------------------------------------------------------------------------------
    gate        derivative      name       op1       op2       op3        g_unscaled   penalty
     417       -0.00660940      a_ia       417                           -0.01321880         2
     674       -0.00141629      a_ia       674                           -0.00566517         4
   70117        0.00051006        om     21490     21491                  0.04947581        97
   70116        0.00048976        op     21490     21491                  0.04750698        97
   21490        0.00042913    a_iajb     21490                            0.04849140       113
   71561        0.00041105        om     22565     22566                  0.02425185        59
   45065       -0.00040170        om      2762      2763                 -0.01566633        39
   45051        0.00039933        om      2748      2749                  0.01876829        47
   45064       -0.00039728        op      2762      2763                 -0.01549401        39
   45050        0.00039131        op      2748      2749                  0.01839160        47

  ==> Add operator: a_ia 417
  ==> Current qubit order: 2  3  4  5  6  7  8  9  10  11  12  13  14  15  16  17  18  19  20  21  26  27  28  29  30  31  34  35  37  32  33  59  38  39  36  46  51  40  47  53  44  45  56  57  52  58  43  83  25  24  95  94  62  1  71  61  54  60  0  23  49  41  68  63  55  70  22  82  48  50  42  66  64  65  67  72  73  74  75  69  76  77  78  79  80  81  84  85  86  87  88  89  90  91  92  93  


  ==> Energy                -269.726826343
  ==> dE                       -2.30e-04
  ==> Gradient Norm             3.75e-01
  ==> Abs. Max. Deriv.          4.95e-02
  ==> Time-Grad. (s)             121.246
  ==> Time-Energy (s)            285.993
  ==> Time-Iter. (s)             408.327

--------------------------------------------------------------------------------
CEO-ADAPT-VQE iteration: 101
--------------------------------------------------------------------------------
    gate        derivative      name       op1       op2       op3        g_unscaled   penalty
     712        0.00180828      a_ia       712                            0.00361656         2
     680       -0.00136133      a_ia       680                           -0.00544532         4
     408        0.00104598      a_ia       408                            0.00209195         2
     407        0.00104238      a_ia       407                            0.00208477         2
      31       -0.00068035      a_ia        31                           -0.00136069         2
     727       -0.00054867      a_ia       727                           -0.00109734         2
      29       -0.00049814      a_ia        29                           -0.00199256         4
   45187        0.00041556        om      2866      2867                  0.01786896        43
   45186        0.00041011        op      2866      2867                  0.01763479        43
     696        0.00039682      a_ia       696                            0.00079365         2

  ==> Add operator: a_ia 712
  ==> Current qubit order: 2  3  4  5  6  7  8  9  10  11  12  13  14  15  16  17  18  19  20  21  26  27  28  29  30  31  34  35  37  32  33  59  38  39  36  46  51  40  47  53  44  45  56  57  52  58  43  83  25  24  95  94  62  1  71  61  54  60  0  23  49  41  68  63  55  70  22  82  48  50  42  66  64  65  67  72  73  74  75  69  76  77  78  79  80  81  84  85  86  87  88  89  90  91  92  93  


  ==> Energy                -269.726829856
  ==> dE                       -3.51e-06
  ==> Gradient Norm             3.57e-01
  ==> Abs. Max. Deriv.          3.68e-02
  ==> Time-Grad. (s)              82.696
  ==> Time-Energy (s)              4.495
  ==> Time-Iter. (s)              88.282

--------------------------------------------------------------------------------
CEO-ADAPT-VQE iteration: 102
--------------------------------------------------------------------------------
    gate        derivative      name       op1       op2       op3        g_unscaled   penalty
     684       -0.00136140      a_ia       684                           -0.00544559         4
     407        0.00102775      a_ia       407                            0.00205549         2
     408        0.00102244      a_ia       408                            0.00204488         2
      31       -0.00067666      a_ia        31                           -0.00135331         2
     731       -0.00054991      a_ia       731                           -0.00109983         2
      29       -0.00050240      a_ia        29                           -0.00200960         4
   45040        0.00041556        om      2881      2882                  0.01786896        43
   45039        0.00041011        op      2881      2882                  0.01763482        43
     700        0.00038228      a_ia       700                            0.00076455         2
   44942       -0.00035553        om      2783      2784                 -0.02950933        83

  ==> Add operator: a_ia 684
  ==> Current qubit order: 2  3  4  5  6  7  8  9  10  11  12  13  14  15  16  17  18  19  20  21  26  27  28  29  30  31  34  35  37  32  33  59  38  39  36  51  46  40  47  53  44  45  56  57  52  58  43  83  25  24  95  94  62  1  71  61  54  60  0  23  49  41  68  63  55  70  22  82  48  50  42  66  64  65  67  72  73  74  75  69  76  77  78  79  80  81  84  85  86  87  88  89  90  91  92  93  


  ==> Energy                -269.727320661
  ==> dE                       -4.91e-04
  ==> Gradient Norm             3.74e-01
  ==> Abs. Max. Deriv.          3.68e-02
  ==> Time-Grad. (s)             120.680
  ==> Time-Energy (s)              3.052
  ==> Time-Iter. (s)             124.757

--------------------------------------------------------------------------------
CEO-ADAPT-VQE iteration: 103
--------------------------------------------------------------------------------
    gate        derivative      name       op1       op2       op3        g_unscaled   penalty
     410        0.00102694      a_ia       410                            0.00205388         2
     411        0.00102591      a_ia       411                            0.00205183         2
     704        0.00074578      a_ia       704                            0.00149156         2
      31       -0.00070032      a_ia        31                           -0.00140064         2
     789        0.00054297      a_ia       789                            0.00108594         2
     735       -0.00051504      a_ia       735                           -0.00103009         2
      29       -0.00050518      a_ia        29                           -0.00202074         4
   90088       -0.00049529        op     36737     36738                 -0.02823126        57
   90089       -0.00049342        om     36737     36738                 -0.02812504        57
   45147        0.00041558        om      2889      2890                  0.01786994        43

  ==> Add operator: a_ia 410
  ==> Current qubit order: 2  3  4  5  6  7  8  9  10  11  12  13  14  15  16  17  18  19  20  21  26  27  28  29  30  31  34  35  37  32  33  59  38  39  36  51  46  40  47  53  44  45  56  57  52  58  43  83  25  24  95  94  62  1  71  61  54  60  0  23  49  41  68  63  55  70  22  82  48  50  42  66  64  65  67  72  73  74  75  69  76  77  78  79  80  81  84  85  86  87  88  89  90  91  92  93  


  ==> Energy                -269.727321687
  ==> dE                       -1.03e-06
  ==> Gradient Norm             3.73e-01
  ==> Abs. Max. Deriv.          3.98e-02
  ==> Time-Grad. (s)              90.608
  ==> Time-Energy (s)              5.692
  ==> Time-Iter. (s)              97.326

--------------------------------------------------------------------------------
CEO-ADAPT-VQE iteration: 104
--------------------------------------------------------------------------------
    gate        derivative      name       op1       op2       op3        g_unscaled   penalty
     411        0.00103299      a_ia       411                            0.00206598         2
     704        0.00075386      a_ia       704                            0.00150771         2
      31       -0.00069621      a_ia        31                           -0.00139241         2
     789        0.00054316      a_ia       789                            0.00108633         2
     735       -0.00050945      a_ia       735                           -0.00101890         2
      29       -0.00050192      a_ia        29                           -0.00200767         4
   45096        0.00041558        om      2901      2902                  0.01786988        43
   45095        0.00041016        op      2901      2902                  0.01763696        43
     691        0.00036476      a_ia       691                            0.00510665        14
   44998       -0.00035553        om      2803      2804                 -0.02950859        83

  ==> Add operator: a_ia 411
  ==> Current qubit order: 2  3  4  5  6  7  8  9  10  11  12  13  14  15  16  17  18  19  20  21  26  27  28  29  30  31  34  35  37  32  33  59  38  39  36  51  46  40  47  53  44  45  56  57  52  58  43  83  25  24  95  94  62  1  71  61  54  60  0  23  49  41  68  63  55  70  22  82  48  50  42  66  64  65  67  72  73  74  75  69  76  77  78  79  80  81  84  85  86  87  88  89  90  91  92  93  


  ==> Energy                -269.727322454
  ==> dE                       -7.68e-07
  ==> Gradient Norm             3.60e-01
  ==> Abs. Max. Deriv.          3.68e-02
  ==> Time-Grad. (s)              81.460
  ==> Time-Energy (s)              5.012
  ==> Time-Iter. (s)              87.493

--------------------------------------------------------------------------------
CEO-ADAPT-VQE iteration: 105
--------------------------------------------------------------------------------
    gate        derivative      name       op1       op2       op3        g_unscaled   penalty
     705        0.00077401      a_ia       705                            0.00154801         2
      31       -0.00070739      a_ia        31                           -0.00141479         2
     791        0.00054293      a_ia       791                            0.00108586         2
      29       -0.00049378      a_ia        29                           -0.00197512         4
     737       -0.00046893      a_ia       737                           -0.00093786         2
   45102        0.00041558        om      2919      2920                  0.01786981        43
   45101        0.00041016        op      2919      2920                  0.01763696        43
     692        0.00036456      a_ia       692                            0.00510387        14
   45000       -0.00035552        om      2817      2818                 -0.02950822        83
   44992        0.00034667        om      2809      2810                  0.01629366        47

  ==> Add operator: a_ia 705
  ==> Current qubit order: 2  3  4  5  6  7  8  9  10  11  12  13  14  15  16  17  18  19  20  21  26  27  28  29  30  31  34  35  37  32  33  59  38  39  36  51  46  40  47  53  44  45  56  57  52  58  43  83  25  24  95  94  62  1  71  61  54  60  0  23  49  41  68  63  55  70  22  82  48  50  42  66  64  65  67  72  73  74  75  69  76  77  78  79  80  81  84  85  86  87  88  89  90  91  92  93  


  ==> Energy                -269.727324001
  ==> dE                       -1.55e-06
  ==> Gradient Norm             3.70e-01
  ==> Abs. Max. Deriv.          3.68e-02
  ==> Time-Grad. (s)              75.097
  ==> Time-Energy (s)              4.006
  ==> Time-Iter. (s)              80.122

--------------------------------------------------------------------------------
CEO-ADAPT-VQE iteration: 106
--------------------------------------------------------------------------------
    gate        derivative      name       op1       op2       op3        g_unscaled   penalty
      32       -0.00071075      a_ia        32                           -0.00142150         2
     797        0.00053572      a_ia       797                            0.00107144         2
      30       -0.00050319      a_ia        30                           -0.00201274         4
     742       -0.00046615      a_ia       742                           -0.00093230         2
   45084        0.00041559        om      2930      2931                  0.01787055        43
   45083        0.00041017        op      2930      2931                  0.01763744        43
     697        0.00036174      a_ia       697                            0.00506441        14
   44982       -0.00035552        om      2828      2829                 -0.02950804        83
   44974        0.00034659        om      2820      2821                  0.01628951        47
   44981       -0.00033826        op      2828      2829                 -0.02807556        83

  ==> Add operator: a_ia 32
  ==> Current qubit order: 2  3  4  5  6  7  8  9  10  11  12  13  14  15  16  17  18  19  20  21  26  27  28  29  30  31  34  35  37  32  33  59  38  39  36  51  46  40  47  53  44  45  56  57  52  58  43  83  25  24  95  94  62  1  71  61  54  60  0  23  49  41  68  63  55  70  22  82  48  50  42  66  64  65  67  72  73  74  75  69  76  77  78  79  80  81  84  85  86  87  88  89  90  91  92  93  


  ==> Energy                -269.727324209
  ==> dE                       -2.08e-07
  ==> Gradient Norm             3.67e-01
  ==> Abs. Max. Deriv.          4.21e-02
  ==> Time-Grad. (s)              72.245
  ==> Time-Energy (s)              4.046
  ==> Time-Iter. (s)              77.331

--------------------------------------------------------------------------------
CEO-ADAPT-VQE iteration: 107
--------------------------------------------------------------------------------
    gate        derivative      name       op1       op2       op3        g_unscaled   penalty
     802        0.00053570      a_ia       802                            0.00107141         2
      30       -0.00050364      a_ia        30                           -0.00201458         4
     747       -0.00046846      a_ia       747                           -0.00093691         2
   45087        0.00041557        om      2942      2943                  0.01786933        43
   45086        0.00041014        op      2942      2943                  0.01763621        43
     702        0.00036159      a_ia       702                            0.00506228        14
   44985       -0.00035548        om      2840      2841                 -0.02950502        83
   44977        0.00034648        om      2832      2833                  0.01628452        47
   44984       -0.00033823        op      2840      2841                 -0.02807271        83
   44976        0.00031789        op      2832      2833                  0.01494093        47

  ==> Add operator: a_ia 802
  ==> Current qubit order: 2  3  4  5  6  7  8  9  10  11  12  13  14  15  16  17  18  19  20  21  26  27  28  29  30  31  34  35  37  32  33  59  38  39  36  51  46  40  47  53  44  45  56  57  52  58  43  83  25  24  95  94  62  1  71  61  54  60  0  23  49  41  68  63  55  70  22  82  48  50  42  66  64  65  67  72  73  74  75  69  76  77  78  79  80  81  84  85  86  87  88  89  90  91  92  93  


  ==> Energy                -269.727337008
  ==> dE                       -1.28e-05
  ==> Gradient Norm             3.73e-01
  ==> Abs. Max. Deriv.          3.68e-02
  ==> Time-Grad. (s)             124.291
  ==> Time-Energy (s)              5.231
  ==> Time-Iter. (s)             130.474

--------------------------------------------------------------------------------
CEO-ADAPT-VQE iteration: 108
--------------------------------------------------------------------------------
    gate        derivative      name       op1       op2       op3        g_unscaled   penalty
      30       -0.00050786      a_ia        30                           -0.00203145         4
     752       -0.00048405      a_ia       752                           -0.00096810         2
   45136        0.00041557        om      2959      2960                  0.01786962        43
   45135        0.00041015        op      2959      2960                  0.01763653        43
     707        0.00035928      a_ia       707                            0.00502995        14
   45034       -0.00035548        om      2857      2858                 -0.02950492        83
   45026        0.00034655        om      2849      2850                  0.01628807        47
   45033       -0.00033823        op      2857      2858                 -0.02807311        83
   45025        0.00031789        op      2849      2850                  0.01494084        47
   45295        0.00031677        op      3119      3120                  0.02059036        65

  ==> Add operator: a_ia 30
  ==> Current qubit order: 2  3  4  5  6  7  8  9  10  11  12  13  14  15  16  17  18  19  20  21  26  27  28  29  30  31  34  35  37  32  33  59  38  39  36  51  46  40  47  53  44  45  56  57  52  58  43  83  25  24  95  94  62  71  1  61  54  60  0  23  49  41  68  63  55  70  22  82  48  50  42  66  64  65  67  72  73  74  75  69  76  77  78  79  80  81  84  85  86  87  88  89  90  91  92  93  


  ==> Energy                -269.727337472
  ==> dE                       -4.64e-07
  ==> Gradient Norm             3.71e-01
  ==> Abs. Max. Deriv.          3.98e-02
  ==> Time-Grad. (s)              78.671
  ==> Time-Energy (s)              3.727
  ==> Time-Iter. (s)              83.365

--------------------------------------------------------------------------------
CEO-ADAPT-VQE iteration: 109
--------------------------------------------------------------------------------
    gate        derivative      name       op1       op2       op3        g_unscaled   penalty
     759       -0.00047929      a_ia       759                           -0.00095859         2
   45041        0.00043502        om      2973      2974                  0.01783574        41
   45040        0.00042941        op      2973      2974                  0.01760584        41
   44939       -0.00038321        om      2871      2872                 -0.02950751        77
   44938       -0.00036462        op      2871      2872                 -0.02807550        77
   44931        0.00036216        om      2863      2864                  0.01629712        45
     713        0.00035897      a_ia       713                            0.00502564        14
   44930        0.00033220        op      2863      2864                  0.01494916        45
   45057        0.00032677        om      2989      2990                  0.01012976        31
   45056        0.00032008        op      2989      2990                  0.00992248        31

  ==> Add operator: a_ia 759
  ==> Current qubit order: 2  3  4  5  6  7  8  9  10  11  12  13  14  15  16  17  18  19  20  21  26  27  28  29  30  31  34  35  37  32  33  59  38  39  36  51  46  40  47  53  44  45  56  57  52  58  43  83  25  24  95  94  62  71  1  61  54  60  0  23  49  41  68  63  55  70  22  82  48  50  42  66  64  65  67  72  73  74  75  69  76  77  78  79  80  81  84  85  86  87  88  89  90  91  92  93  


  ==> Energy                -269.727337668
  ==> dE                       -1.96e-07
  ==> Gradient Norm             3.63e-01
  ==> Abs. Max. Deriv.          3.68e-02
  ==> Time-Grad. (s)              77.559
  ==> Time-Energy (s)              4.775
  ==> Time-Iter. (s)              83.341

--------------------------------------------------------------------------------
CEO-ADAPT-VQE iteration: 110
--------------------------------------------------------------------------------
    gate        derivative      name       op1       op2       op3        g_unscaled   penalty
   70606        0.00069458        op     22229     22230                  0.03403422        49
   70607        0.00069458        op     22229     22230                  0.03403422        49
   70610        0.00068706        op     22229     22231                  0.03366580        49
   70611        0.00068706        op     22229     22231                  0.03366580        49
   22229        0.00052972    a_iajb     22229                            0.03443191        65
   89260       -0.00049383        op     36407     36408                 -0.02814842        57
   89261       -0.00049187        om     36407     36408                 -0.02803650        57
   45093        0.00043502        om      2997      2998                  0.01783579        41
     754       -0.00043012      a_ia       754                           -0.00258070         6
   45092        0.00042941        op      2997      2998                  0.01760578        41

  ==> Add operator: mvp3 -1: 22229 22230 22231
  ==> Current qubit order: 2  3  4  5  6  7  8  9  10  11  12  13  14  15  16  17  18  19  20  21  26  27  28  29  30  31  34  35  37  32  33  59  38  39  36  51  46  40  47  53  44  45  56  57  52  58  43  25  24  94  83  95  1  23  62  71  61  54  60  0  49  41  68  63  55  70  22  82  48  50  42  66  64  65  67  72  73  74  75  69  76  77  78  79  80  81  84  85  86  87  88  89  90  91  92  93  


  ==> Energy                -269.727561430
  ==> dE                       -2.24e-04
  ==> Gradient Norm             3.84e-01
  ==> Abs. Max. Deriv.          3.68e-02
  ==> Time-Grad. (s)              76.998
  ==> Time-Energy (s)             10.686
  ==> Time-Iter. (s)              88.710

--------------------------------------------------------------------------------
CEO-ADAPT-VQE iteration: 111
--------------------------------------------------------------------------------
    gate        derivative      name       op1       op2       op3        g_unscaled   penalty
     757       -0.00043268      a_ia       757                           -0.00259607         6
   44973       -0.00038331        om      2907      2908                 -0.02951472        77
   44972       -0.00036456        op      2907      2908                 -0.02807085        77
     723        0.00035874      a_ia       723                            0.00502237        14
     448        0.00035776      a_ia       448                            0.00143105         4
   45077        0.00034993        om      3011      3012                  0.01784656        51
   45076        0.00034528        op      3011      3012                  0.01760922        51
   45236        0.00032605        op      3171      3172                  0.02184540        67
   45237        0.00031988        om      3171      3172                  0.02143203        67
    2907       -0.00030960    a_iajb      2907                           -0.02879278        93

  ==> Add operator: a_ia 757
  ==> Current qubit order: 2  3  4  5  6  7  8  9  10  11  12  13  14  15  16  17  18  19  20  21  26  27  28  29  30  31  34  35  37  32  33  59  38  39  36  51  46  40  47  53  44  45  56  57  52  58  43  25  24  94  83  95  1  23  62  71  61  54  60  0  49  41  68  63  55  70  22  48  50  82  42  66  64  65  67  72  73  74  75  69  76  77  78  79  80  81  84  85  86  87  88  89  90  91  92  93  


  ==> Energy                -269.727562543
  ==> dE                       -1.11e-06
  ==> Gradient Norm             3.66e-01
  ==> Abs. Max. Deriv.          3.68e-02
  ==> Time-Grad. (s)              74.651
  ==> Time-Energy (s)              4.909
  ==> Time-Iter. (s)              80.579

--------------------------------------------------------------------------------
CEO-ADAPT-VQE iteration: 112
--------------------------------------------------------------------------------
    gate        derivative      name       op1       op2       op3        g_unscaled   penalty
      10        0.00107069      a_ia        10                            0.00428278         4
   45016       -0.00038330        om      2932      2933                 -0.02951442        77
   45018        0.00037541        om      2934      2935                  0.03341155        89
     862        0.00037275      a_ia       862                            0.00223647         6
   45015       -0.00036455        op      2932      2933                 -0.02807052        77
   45017        0.00036092        op      2934      2935                  0.03212177        89
     728        0.00035854      a_ia       728                            0.00501950        14
     451        0.00035498      a_ia       451                            0.00141993         4
   45122        0.00034993        om      3038      3039                  0.01784640        51
   45121        0.00034528        op      3038      3039                  0.01760908        51

  ==> Add operator: a_ia 10
  ==> Current qubit order: 2  3  4  5  6  7  8  9  10  11  12  13  14  15  16  17  18  19  20  21  26  27  28  29  30  31  34  35  37  32  33  59  38  39  36  51  46  40  47  53  44  45  56  57  52  58  43  25  24  94  83  95  1  23  62  71  61  60  54  0  49  41  68  63  55  70  22  48  50  82  42  66  64  65  67  72  73  74  75  69  76  77  78  79  80  81  84  85  86  87  88  89  90  91  92  93  


  ==> Energy                -269.727565812
  ==> dE                       -3.27e-06
  ==> Gradient Norm             3.79e-01
  ==> Abs. Max. Deriv.          3.68e-02
  ==> Time-Grad. (s)             118.253
  ==> Time-Energy (s)              4.218
  ==> Time-Iter. (s)             123.496

--------------------------------------------------------------------------------
CEO-ADAPT-VQE iteration: 113
--------------------------------------------------------------------------------
    gate        derivative      name       op1       op2       op3        g_unscaled   penalty
   45030        0.00039643        om      3060      3061                  0.01783934        45
   44922       -0.00039405        om      2952      2953                 -0.02955373        75
   45029        0.00039114        op      3060      3061                  0.01760148        45
   44924        0.00038455        om      2954      2955                  0.03345569        87
   44921       -0.00037484        op      2952      2953                 -0.02811319        75
     871        0.00037273      a_ia       871                            0.00223636         6
   44923        0.00036971        op      2954      2955                  0.03216518        87
     733        0.00035893      a_ia       733                            0.00502506        14
     454        0.00035854      a_ia       454                            0.00143418         4
   87890       -0.00034722        om     35507     35508                 -0.04131891       119

  ==> Add operator: mvp2 -1: 3060 3061
  ==> Current qubit order: 2  3  4  5  6  7  8  9  10  11  12  13  14  15  16  17  18  19  20  21  26  27  28  29  30  31  34  35  37  32  33  59  38  39  36  51  46  40  47  53  44  45  56  57  52  58  43  25  24  94  83  95  23  62  71  1  61  60  0  54  49  41  68  63  55  70  22  48  50  82  42  66  64  65  67  72  73  74  75  69  76  77  78  79  80  81  84  85  86  87  88  89  90  91  92  93  


  ==> Energy                -269.727597330
  ==> dE                       -3.15e-05
  ==> Gradient Norm             3.79e-01
  ==> Abs. Max. Deriv.          4.13e-02
  ==> Time-Grad. (s)              81.027
  ==> Time-Energy (s)              6.428
  ==> Time-Iter. (s)              88.621

--------------------------------------------------------------------------------
CEO-ADAPT-VQE iteration: 114
--------------------------------------------------------------------------------
    gate        derivative      name       op1       op2       op3        g_unscaled   penalty
   89016       -0.00055952        op     36094     36095                 -0.04420234        79
   89017       -0.00055603        om     36094     36095                 -0.04392632        79
   36094       -0.00046384    a_iajb     36094                           -0.04406433        95
   45071        0.00044416        om      2966      2967                  0.01643400        37
   45081        0.00043431        om      2976      2977                  0.03344149        77
   45080        0.00041753        op      2976      2977                  0.03215009        77
      33        0.00041172      a_ia        33                            0.00082343         2
   45070        0.00040539        op      2966      2967                  0.01499926        37
   45079       -0.00040478        om      2974      2975                 -0.02954912        73
   45078       -0.00038502        op      2974      2975                 -0.02810674        73

  ==> Add operator: mvp2 -1: 36094 36095
  ==> Current qubit order: 2  3  4  5  6  7  8  9  10  11  12  13  14  15  16  17  18  19  20  21  26  27  28  29  30  31  34  35  37  32  33  59  38  39  36  51  46  40  47  53  44  45  56  57  52  58  43  25  24  94  83  95  62  71  1  61  60  0  54  41  68  63  23  49  82  42  55  70  22  48  50  66  64  65  67  72  73  74  75  69  76  77  78  79  80  81  84  85  86  87  88  89  90  91  92  93  


  ==> Energy                -269.727865887
  ==> dE                       -2.69e-04
  ==> Gradient Norm             3.81e-01
  ==> Abs. Max. Deriv.          4.42e-02
  ==> Time-Grad. (s)             123.042
  ==> Time-Energy (s)              7.013
  ==> Time-Iter. (s)             131.086

--------------------------------------------------------------------------------
CEO-ADAPT-VQE iteration: 115
--------------------------------------------------------------------------------
    gate        derivative      name       op1       op2       op3        g_unscaled   penalty
     779       -0.00044587      a_ia       779                           -0.00089175         2
      33        0.00041018      a_ia        33                            0.00082036         2
   45051       -0.00039399        om      2993      2994                 -0.02954894        75
   45053        0.00038438        om      2995      2996                  0.03344148        87
   45050       -0.00037482        op      2993      2994                 -0.02811153        75
     882        0.00037264      a_ia       882                            0.00223583         6
   45052        0.00036958        op      2995      2996                  0.03215376        87
     743        0.00035892      a_ia       743                            0.00502493        14
   45175        0.00035090        om      3117      3118                  0.01017623        29
   45174        0.00034707        op      3117      3118                  0.01006514        29

  ==> Add operator: a_ia 779
  ==> Current qubit order: 2  3  4  5  6  7  8  9  10  11  12  13  14  15  16  17  18  19  20  21  26  27  28  29  30  31  34  35  37  32  33  59  38  39  36  51  46  40  47  53  44  45  56  57  52  58  43  25  24  94  83  95  62  71  1  61  60  0  54  41  68  63  23  49  82  42  55  70  22  48  50  66  64  65  67  72  73  74  75  69  76  77  78  79  80  81  84  85  86  87  88  89  90  91  92  93  


  ==> Energy                -269.727865999
  ==> dE                       -1.12e-07
  ==> Gradient Norm             3.77e-01
  ==> Abs. Max. Deriv.          4.04e-02
  ==> Time-Grad. (s)              82.772
  ==> Time-Energy (s)              3.220
  ==> Time-Iter. (s)              86.996

--------------------------------------------------------------------------------
CEO-ADAPT-VQE iteration: 116
--------------------------------------------------------------------------------
    gate        derivative      name       op1       op2       op3        g_unscaled   penalty
      33        0.00041504      a_ia        33                            0.00083008         2
   45105       -0.00039398        om      3005      3006                 -0.02954884        75
   45107        0.00038438        om      3007      3008                  0.03344137        87
   45104       -0.00037482        op      3005      3006                 -0.02811140        75
     889        0.00037264      a_ia       889                            0.00223583         6
   45106        0.00036958        op      3007      3008                  0.03215362        87
     749        0.00035886      a_ia       749                            0.00502399        14
   45231        0.00035090        om      3131      3132                  0.01017620        29
   45230        0.00034707        op      3131      3132                  0.01006516        29
   45376        0.00032574        op      3277      3278                  0.02182432        67

  ==> Add operator: a_ia 33
  ==> Current qubit order: 2  3  4  5  6  7  8  9  10  11  12  13  14  15  16  17  18  19  20  21  26  27  28  29  30  31  34  35  37  32  33  59  38  39  36  51  46  40  47  53  44  45  56  57  52  58  43  25  24  94  83  95  62  71  1  61  60  0  54  41  68  63  23  49  82  42  55  70  22  48  50  66  64  65  67  72  73  74  75  69  76  77  78  79  80  81  84  85  86  87  88  89  90  91  92  93  


  ==> Energy                -269.727866164
  ==> dE                       -1.65e-07
  ==> Gradient Norm             3.71e-01
  ==> Abs. Max. Deriv.          3.69e-02
  ==> Time-Grad. (s)              89.615
  ==> Time-Energy (s)              4.916
  ==> Time-Iter. (s)              95.874

--------------------------------------------------------------------------------
CEO-ADAPT-VQE iteration: 117
--------------------------------------------------------------------------------
    gate        derivative      name       op1       op2       op3        g_unscaled   penalty
   45171       -0.00039397        om      3028      3029                 -0.02954742        75
   45173        0.00038437        om      3030      3031                  0.03344020        87
   45170       -0.00037480        op      3028      3029                 -0.02811009        75
     897        0.00037264      a_ia       897                            0.00223585         6
   45172        0.00036957        op      3030      3031                  0.03215245        87
     756        0.00035903      a_ia       756                            0.00502635        14
   45297        0.00035132        om      3154      3155                  0.01018839        29
   45296        0.00034747        op      3154      3155                  0.01007670        29
   45442        0.00032570        op      3300      3301                  0.02182200        67
   45163        0.00032223        om      3020      3021                  0.01643360        51

  ==> Add operator: mvp2 -1: 3028 3029
  ==> Current qubit order: 2  3  4  5  6  7  8  9  10  11  12  13  14  15  16  17  18  19  20  21  26  27  28  29  30  31  34  35  37  32  33  59  38  39  36  51  46  40  47  53  44  45  56  57  52  58  43  25  24  94  83  95  62  71  61  60  41  68  63  1  0  54  73  23  49  82  42  55  70  22  48  50  66  64  65  67  72  74  75  69  76  77  78  79  80  81  84  85  86  87  88  89  90  91  92  93  


  ==> Energy                -269.728006936
  ==> dE                       -1.41e-04
  ==> Gradient Norm             3.80e-01
  ==> Abs. Max. Deriv.          3.69e-02
  ==> Time-Grad. (s)              80.149
  ==> Time-Energy (s)              7.696
  ==> Time-Iter. (s)              88.851

--------------------------------------------------------------------------------
CEO-ADAPT-VQE iteration: 118
--------------------------------------------------------------------------------
    gate        derivative      name       op1       op2       op3        g_unscaled   penalty
   45184        0.00049277        om      3052      3053                  0.03400140        69
   45183        0.00047441        op      3052      3053                  0.03273444        69
   45339       -0.00044424        op      3208      3209                 -0.01110600        25
   45340       -0.00044259        om      3208      3209                 -0.01106471        25
    3052        0.00039256    a_iajb      3052                            0.03336792        85
   45174        0.00039096        om      3042      3043                  0.01681143        43
   45437        0.00038361        op      3306      3307                  0.01496075        39
   45438        0.00037531        om      3306      3307                  0.01463713        39
     904        0.00037274      a_ia       904                            0.00223644         6
   45173        0.00036039        op      3042      3043                  0.01549690        43

  ==> Add operator: mvp2 -1: 3052 3053
  ==> Current qubit order: 2  3  4  5  6  7  8  9  10  11  12  13  14  15  16  17  18  19  20  21  26  27  28  29  30  31  34  35  37  32  33  59  38  39  36  51  46  40  47  53  44  45  56  57  52  58  43  25  24  94  83  95  62  71  61  60  41  68  63  73  23  49  1  0  54  75  82  42  55  70  22  48  50  66  64  65  67  72  74  69  76  77  78  79  80  81  84  85  86  87  88  89  90  91  92  93  


  ==> Energy                -269.728147060
  ==> dE                       -1.40e-04
  ==> Gradient Norm             3.88e-01
  ==> Abs. Max. Deriv.          4.38e-02
  ==> Time-Grad. (s)             122.991
  ==> Time-Energy (s)              7.606
  ==> Time-Iter. (s)             131.612

--------------------------------------------------------------------------------
CEO-ADAPT-VQE iteration: 119
--------------------------------------------------------------------------------
    gate        derivative      name       op1       op2       op3        g_unscaled   penalty
     893        0.00097259      a_ia       893                            0.04279400        44
   45094        0.00056615        om      3054      3055                  0.01755077        31
   45093        0.00052619        op      3054      3055                  0.01631192        31
   45367       -0.00049491        op      3328      3329                 -0.01930144        39
   45368       -0.00048890        om      3328      3329                 -0.01906701        39
   45341       -0.00047479        op      3302      3303                 -0.01661779        35
   45342       -0.00047010        om      3302      3303                 -0.01645355        35
   45098       -0.00038767        om      3058      3059                 -0.02519827        65
   45097       -0.00037479        op      3058      3059                 -0.02436165        65
     910        0.00037278      a_ia       910                            0.00223669         6

  ==> Add operator: a_ia 893
  ==> Current qubit order: 2  3  4  5  6  7  8  9  10  11  12  13  14  15  16  17  18  19  20  21  26  27  28  29  30  31  34  35  37  32  33  59  38  39  36  51  46  40  47  44  45  56  57  52  58  43  25  24  94  83  95  62  71  61  60  41  68  63  73  23  53  49  1  0  54  75  82  42  55  70  22  48  50  66  64  65  67  72  74  69  76  77  78  79  80  81  84  85  86  87  88  89  90  91  92  93  


  ==> Energy                -269.728640227
  ==> dE                       -4.93e-04
  ==> Gradient Norm             3.75e-01
  ==> Abs. Max. Deriv.          4.28e-02
  ==> Time-Grad. (s)              93.546
  ==> Time-Energy (s)              5.264
  ==> Time-Iter. (s)              99.946

--------------------------------------------------------------------------------
CEO-ADAPT-VQE iteration: 120
--------------------------------------------------------------------------------
    gate        derivative      name       op1       op2       op3        g_unscaled   penalty
     478        0.00109860      a_ia       478                            0.00219721         2
   45079        0.00056669        om      3071      3072                  0.01756734        31
   45078        0.00052652        op      3071      3072                  0.01632213        31
   45352       -0.00049496        op      3345      3346                 -0.01930356        39
   45353       -0.00048889        om      3345      3346                 -0.01906690        39
   45326       -0.00044912        op      3319      3320                 -0.01661762        37
   45327       -0.00044467        om      3319      3320                 -0.01645266        37
     768        0.00042015      a_ia       768                            0.00504186        12
   45083       -0.00038767        om      3075      3076                 -0.02519851        65
     914        0.00038185      a_ia       914                            0.00229113         6

  ==> Add operator: a_ia 478
  ==> Current qubit order: 2  3  4  5  6  7  8  9  10  11  12  13  14  15  16  17  18  19  20  21  26  27  28  29  30  31  34  35  37  32  33  59  38  39  36  51  46  40  47  44  45  56  57  52  58  43  25  24  94  83  95  62  71  61  60  41  68  63  73  23  53  49  1  0  54  75  82  42  55  70  22  48  50  66  64  65  67  72  74  69  76  77  78  79  80  81  84  85  86  87  88  89  90  91  92  93  


  ==> Energy                -269.728641829
  ==> dE                       -1.60e-06
  ==> Gradient Norm             3.70e-01
  ==> Abs. Max. Deriv.          4.57e-02
  ==> Time-Grad. (s)              84.115
  ==> Time-Energy (s)              4.430
  ==> Time-Iter. (s)              89.563

--------------------------------------------------------------------------------
CEO-ADAPT-VQE iteration: 121
--------------------------------------------------------------------------------
    gate        derivative      name       op1       op2       op3        g_unscaled   penalty
   45102        0.00056669        om      3083      3084                  0.01756741        31
   45101        0.00052652        op      3083      3084                  0.01632205        31
   89819       -0.00051346        op     36659     36660                 -0.03850987        75
   45375       -0.00049496        op      3357      3358                 -0.01930344        39
   45376       -0.00048889        om      3357      3358                 -0.01906672        39
   45349       -0.00044912        op      3331      3332                 -0.01661757        37
   89820       -0.00044553        om     36659     36660                 -0.03341440        75
   45350       -0.00044466        om      3331      3332                 -0.01645260        37
     772        0.00041691      a_ia       772                            0.00500295        12
   89033       -0.00040672        op     36055     36057                 -0.03863794        95

  ==> Add operator: mvp2 -1: 3083 3084
  ==> Current qubit order: 2  3  4  5  6  7  8  9  10  11  12  13  14  15  16  17  18  19  20  21  26  27  28  29  30  31  34  35  37  32  33  59  38  39  36  51  46  40  47  44  45  56  57  52  58  43  25  24  94  83  95  62  71  61  60  41  68  63  73  23  53  49  1  0  54  55  75  82  42  70  22  48  50  66  64  65  67  72  74  69  76  77  78  79  80  81  84  85  86  87  88  89  90  91  92  93  


  ==> Energy                -269.728711480
  ==> dE                       -6.97e-05
  ==> Gradient Norm             3.93e-01
  ==> Abs. Max. Deriv.          3.90e-02
  ==> Time-Grad. (s)              84.794
  ==> Time-Energy (s)              8.951
  ==> Time-Iter. (s)              94.763

--------------------------------------------------------------------------------
CEO-ADAPT-VQE iteration: 122
--------------------------------------------------------------------------------
    gate        derivative      name       op1       op2       op3        g_unscaled   penalty
   89405        0.00104594        op     36350     36351                  0.03869987        37
   89406        0.00104594        om     36350     36351                  0.03869987        37
   36350        0.00073019    a_iajb     36350                            0.03869987        53
     813       -0.00067017      a_ia       813                           -0.00134035         2
   45363       -0.00052005        op      3378      3379                 -0.01924196        37
   45364       -0.00051375        om      3378      3379                 -0.01900879        37
   45337       -0.00042523        op      3352      3353                 -0.01658387        39
   45338       -0.00042105        om      3352      3353                 -0.01642092        39
     776        0.00041709      a_ia       776                            0.00500505        12
   45090       -0.00039186        om      3104      3105                 -0.02547109        65

  ==> Add operator: op -1: 36350 36351
  ==> Current qubit order: 2  3  4  5  6  7  8  9  10  11  12  13  14  15  16  17  18  19  20  21  26  27  28  29  30  31  34  35  37  32  33  59  38  39  36  51  46  40  47  44  45  52  56  57  25  24  58  43  94  83  95  62  71  61  60  41  68  63  73  23  53  49  1  0  54  55  75  82  42  70  22  48  50  66  64  65  67  72  74  69  76  77  78  79  80  81  84  85  86  87  88  89  90  91  92  93  


  ==> Energy                -269.728916708
  ==> dE                       -2.05e-04
  ==> Gradient Norm             3.75e-01
  ==> Abs. Max. Deriv.          3.87e-02
  ==> Time-Grad. (s)              77.124
  ==> Time-Energy (s)              3.807
  ==> Time-Iter. (s)              81.962

--------------------------------------------------------------------------------
CEO-ADAPT-VQE iteration: 123
--------------------------------------------------------------------------------
    gate        derivative      name       op1       op2       op3        g_unscaled   penalty
     819       -0.00067052      a_ia       819                           -0.00134103         2
     782        0.00062531      a_ia       782                            0.00500248         8
   45466       -0.00052005        op      3396      3397                 -0.01924188        37
   45467       -0.00051374        om      3396      3397                 -0.01900853        37
   45440       -0.00042523        op      3370      3371                 -0.01658389        39
   45441       -0.00042105        om      3370      3371                 -0.01642079        39
     872       -0.00041795      a_ia       872                           -0.00417946        10
   45193       -0.00039188        om      3122      3123                 -0.02547232        65
     930        0.00038188      a_ia       930                            0.00229131         6
   45192       -0.00038070        op      3122      3123                 -0.02474567        65

  ==> Add operator: a_ia 819
  ==> Current qubit order: 2  3  4  5  6  7  8  9  10  11  12  13  14  15  16  17  18  19  20  21  26  27  28  29  30  31  34  35  37  32  33  59  38  39  36  51  46  40  47  44  45  52  56  57  25  24  58  43  94  83  95  62  71  61  60  41  68  63  73  23  53  49  1  0  54  55  75  82  42  70  22  48  50  66  64  65  67  72  74  69  76  77  78  79  80  81  84  85  86  87  88  89  90  91  92  93  


  ==> Energy                -269.728917263
  ==> dE                       -5.55e-07
  ==> Gradient Norm             3.73e-01
  ==> Abs. Max. Deriv.          3.71e-02
  ==> Time-Grad. (s)              89.227
  ==> Time-Energy (s)              5.523
  ==> Time-Iter. (s)              95.775

--------------------------------------------------------------------------------
CEO-ADAPT-VQE iteration: 124
--------------------------------------------------------------------------------
    gate        derivative      name       op1       op2       op3        g_unscaled   penalty
     785        0.00062454      a_ia       785                            0.00499636         8
   71573        0.00053625        om     22595     22596                  0.02413129        45
   45520       -0.00052011        op      3413      3414                 -0.01924421        37
   45521       -0.00051381        om      3413      3414                 -0.01901086        37
   71572        0.00050108        op     22595     22596                  0.02254860        45
   45494       -0.00042523        op      3387      3388                 -0.01658387        39
   45495       -0.00042105        om      3387      3388                 -0.01642076        39
     875       -0.00041766      a_ia       875                           -0.00417662        10
   45247       -0.00039188        om      3139      3140                 -0.02547228        65
   22595        0.00038262    a_iajb     22595                            0.02333995        61

  ==> Add operator: a_ia 785
  ==> Current qubit order: 2  3  4  5  6  7  8  9  10  11  12  13  14  15  16  17  18  19  20  21  26  27  28  29  30  31  34  35  37  32  33  59  38  39  36  51  46  47  44  45  40  52  56  57  25  24  58  43  94  83  95  62  71  61  60  41  68  63  73  23  53  49  1  0  54  55  75  82  42  70  22  48  50  66  64  65  67  72  74  69  76  77  78  79  80  81  84  85  86  87  88  89  90  91  92  93  


  ==> Energy                -269.728928119
  ==> dE                       -1.09e-05
  ==> Gradient Norm             3.91e-01
  ==> Abs. Max. Deriv.          4.57e-02
  ==> Time-Grad. (s)              83.207
  ==> Time-Energy (s)              4.186
  ==> Time-Iter. (s)              88.368

--------------------------------------------------------------------------------
CEO-ADAPT-VQE iteration: 125
--------------------------------------------------------------------------------
    gate        derivative      name       op1       op2       op3        g_unscaled   penalty
   45403       -0.00052011        op      3438      3439                 -0.01924411        37
   45404       -0.00051380        om      3438      3439                 -0.01901078        37
     883       -0.00042705      a_ia       883                           -0.00427053        10
   45377       -0.00042523        op      3412      3413                 -0.01658389        39
   45378       -0.00042105        om      3412      3413                 -0.01642078        39
     897        0.00041176      a_ia       897                            0.00164706         4
   45130       -0.00039189        om      3164      3165                 -0.02547267        65
     941        0.00038213      a_ia       941                            0.00229277         6
   45129       -0.00038071        op      3164      3165                 -0.02474599        65
   88831        0.00036665        op     35867     35869                  0.04216441       115

  ==> Add operator: mvp2 -1: 3438 3439
  ==> Current qubit order: 2  3  4  5  6  7  8  9  10  11  12  13  14  15  16  17  18  19  20  21  26  27  28  29  30  31  34  35  37  32  33  59  38  39  36  51  46  47  44  45  40  52  56  57  25  24  58  43  94  83  95  62  71  61  60  41  68  63  73  23  53  49  54  1  0  75  70  55  82  42  22  48  50  66  64  65  67  72  74  69  76  77  78  79  80  81  84  85  86  87  88  89  90  91  92  93  


  ==> Energy                -269.729140715
  ==> dE                       -2.13e-04
  ==> Gradient Norm             3.89e-01
  ==> Abs. Max. Deriv.          4.22e-02
  ==> Time-Grad. (s)              90.294
  ==> Time-Energy (s)            329.102
  ==> Time-Iter. (s)             420.406

--------------------------------------------------------------------------------
CEO-ADAPT-VQE iteration: 126
--------------------------------------------------------------------------------
    gate        derivative      name       op1       op2       op3        g_unscaled   penalty
     800        0.00145679      a_ia       800                            0.00291359         2
     497        0.00144503      a_ia       497                            0.00289006         2
     841       -0.00109166      a_ia       841                           -0.00218333         2
      11        0.00107024      a_ia        11                            0.00428094         4
      17       -0.00046161      a_ia        17                           -0.00184645         4
   45200        0.00044943        om      3169      3170                  0.01393232        31
   45199        0.00043537        op      3169      3170                  0.01349633        31
     891       -0.00042618      a_ia       891                           -0.00426182        10
   45214       -0.00039196        om      3183      3184                 -0.02547753        65
   45213       -0.00037795        op      3183      3184                 -0.02456697        65

  ==> Add operator: a_ia 800
  ==> Current qubit order: 2  3  4  5  6  7  8  9  10  11  12  13  14  15  16  17  18  19  20  21  26  27  28  29  30  31  34  35  37  32  33  59  38  39  36  51  46  47  44  45  40  52  56  57  25  24  58  43  94  83  95  62  71  61  60  41  68  63  73  23  53  49  54  1  0  75  70  55  82  42  22  48  50  66  64  65  67  72  74  69  76  77  78  79  80  81  84  85  86  87  88  89  90  91  92  93  


  ==> Energy                -269.729144268
  ==> dE                       -3.55e-06
  ==> Gradient Norm             3.78e-01
  ==> Abs. Max. Deriv.          3.71e-02
  ==> Time-Grad. (s)              85.033
  ==> Time-Energy (s)              4.080
  ==> Time-Iter. (s)              90.196

--------------------------------------------------------------------------------
CEO-ADAPT-VQE iteration: 127
--------------------------------------------------------------------------------
    gate        derivative      name       op1       op2       op3        g_unscaled   penalty
     500        0.00141084      a_ia       500                            0.00282169         2
     845       -0.00108728      a_ia       845                           -0.00217457         2
      11        0.00107258      a_ia        11                            0.00429030         4
      17       -0.00045998      a_ia        17                           -0.00183991         4
   45078        0.00044942        om      3182      3183                  0.01393212        31
   45077        0.00043536        op      3182      3183                  0.01349614        31
     897       -0.00043169      a_ia       897                           -0.00431691        10
   45092       -0.00039197        om      3196      3197                 -0.02547773        65
   45091       -0.00037796        op      3196      3197                 -0.02456717        65
   45341       -0.00036847        op      3446      3447                 -0.01658121        45

  ==> Add operator: a_ia 500
  ==> Current qubit order: 2  3  4  5  6  7  8  9  10  11  12  13  14  15  16  17  18  19  20  21  26  27  28  29  30  31  34  35  37  32  33  59  38  39  36  51  46  47  44  45  40  52  56  57  25  24  58  43  94  83  95  62  71  61  60  41  68  63  73  23  53  49  54  1  0  75  70  55  82  42  22  48  50  66  64  65  67  72  74  69  76  77  78  79  80  81  84  85  86  87  88  89  90  91  92  93  


  ==> Energy                -269.729146891
  ==> dE                       -2.62e-06
  ==> Gradient Norm             3.73e-01
  ==> Abs. Max. Deriv.          3.71e-02
  ==> Time-Grad. (s)              91.359
  ==> Time-Energy (s)              4.359
  ==> Time-Iter. (s)              96.854

--------------------------------------------------------------------------------
CEO-ADAPT-VQE iteration: 128
--------------------------------------------------------------------------------
    gate        derivative      name       op1       op2       op3        g_unscaled   penalty
     850       -0.00109277      a_ia       850                           -0.00218555         2
      11        0.00106498      a_ia        11                            0.00425991         4
      17       -0.00045606      a_ia        17                           -0.00182425         4
   45181        0.00044915        om      3201      3202                  0.01392377        31
   45180        0.00043509        op      3201      3202                  0.01348775        31
     902       -0.00042908      a_ia       902                           -0.00429080        10
   45195       -0.00039196        om      3215      3216                 -0.02547763        65
   45194       -0.00037795        op      3215      3216                 -0.02456703        65
     916        0.00037272      a_ia       916                            0.00149089         4
   45446       -0.00036847        op      3467      3468                 -0.01658116        45

  ==> Add operator: a_ia 850
  ==> Current qubit order: 2  3  4  5  6  7  8  9  10  11  12  13  14  15  16  17  18  19  20  21  26  27  28  29  30  31  34  35  37  32  33  59  38  39  36  51  46  47  44  45  40  52  56  57  25  24  58  43  94  83  95  62  71  61  60  41  68  63  73  23  53  49  54  1  0  75  70  55  82  42  22  48  50  66  64  65  67  72  74  69  76  77  78  79  80  81  84  85  86  87  88  89  90  91  92  93  


  ==> Energy                -269.729147742
  ==> dE                       -8.50e-07
  ==> Gradient Norm             3.87e-01
  ==> Abs. Max. Deriv.          3.71e-02
  ==> Time-Grad. (s)              89.222
  ==> Time-Energy (s)              4.069
  ==> Time-Iter. (s)              94.307

--------------------------------------------------------------------------------
CEO-ADAPT-VQE iteration: 129
--------------------------------------------------------------------------------
    gate        derivative      name       op1       op2       op3        g_unscaled   penalty
      11        0.00107393      a_ia        11                            0.00429570         4
      17       -0.00045865      a_ia        17                           -0.00183461         4
   45115        0.00044915        om      3226      3227                  0.01392368        31
   45114        0.00043509        op      3226      3227                  0.01348772        31
     905       -0.00042869      a_ia       905                           -0.00428694        10
   45129       -0.00039196        om      3240      3241                 -0.02547729        65
   45128       -0.00037795        op      3240      3241                 -0.02456660        65
     919        0.00037191      a_ia       919                            0.00148763         4
   45382       -0.00036847        op      3494      3495                 -0.01658100        45
   45383       -0.00036548        om      3494      3495                 -0.01644645        45

  ==> Add operator: a_ia 11
  ==> Current qubit order: 2  3  4  5  6  7  8  9  10  11  12  13  14  15  16  17  18  19  20  21  26  27  28  29  30  31  34  35  37  32  33  59  38  39  36  51  46  47  44  45  40  52  56  57  25  24  58  43  94  83  95  62  71  61  60  41  68  63  73  23  53  49  1  54  0  75  70  55  82  42  22  48  50  66  64  65  67  72  74  69  76  77  78  79  80  81  84  85  86  87  88  89  90  91  92  93  


  ==> Energy                -269.729150951
  ==> dE                       -3.21e-06
  ==> Gradient Norm             3.78e-01
  ==> Abs. Max. Deriv.          4.05e-02
  ==> Time-Grad. (s)              77.804
  ==> Time-Energy (s)              4.602
  ==> Time-Iter. (s)              83.419

--------------------------------------------------------------------------------
CEO-ADAPT-VQE iteration: 130
--------------------------------------------------------------------------------
    gate        derivative      name       op1       op2       op3        g_unscaled   penalty
     492       -0.00335198      a_ia       492                           -0.00670397         2
   45180        0.00053716        om      3257      3258                  0.01772642        33
   45179        0.00051138        op      3257      3258                  0.01687555        33
      17       -0.00048460      a_ia        17                           -0.00193840         4
     913       -0.00042847      a_ia       913                           -0.00428466        10
   45435       -0.00042506        op      3513      3514                 -0.01657753        39
   45166        0.00042165        om      3243      3244                  0.01391433        33
   45436       -0.00042162        om      3513      3514                 -0.01644320        39
   45165        0.00040844        op      3243      3244                  0.01347840        33
   45182       -0.00039232        om      3259      3260                 -0.02550062        65

  ==> Add operator: a_ia 492
  ==> Current qubit order: 2  3  4  5  6  7  8  9  10  11  12  13  14  15  16  17  18  19  20  21  26  27  28  29  30  31  34  35  37  32  33  59  38  39  36  51  46  47  44  45  40  52  56  57  25  24  58  43  94  83  95  62  71  61  60  41  68  63  73  23  53  49  1  54  0  75  70  55  82  42  22  48  50  66  64  65  67  72  74  69  76  77  78  79  80  81  84  85  86  87  88  89  90  91  92  93  


  ==> Energy                -269.729172534
  ==> dE                       -2.16e-05
  ==> Gradient Norm             3.72e-01
  ==> Abs. Max. Deriv.          3.71e-02
  ==> Time-Grad. (s)              81.603
  ==> Time-Energy (s)              4.700
  ==> Time-Iter. (s)              87.308

--------------------------------------------------------------------------------
CEO-ADAPT-VQE iteration: 131
--------------------------------------------------------------------------------
    gate        derivative      name       op1       op2       op3        g_unscaled   penalty
     538        0.00061622      a_ia       538                            0.00123245         2
   45135        0.00053721        om      3283      3284                  0.01772782        33
   45134        0.00051145        op      3283      3284                  0.01687774        33
      17       -0.00045670      a_ia        17                           -0.00182681         4
   45394       -0.00042509        op      3543      3544                 -0.01657864        39
     921       -0.00042342      a_ia       921                           -0.00423416        10
   45121        0.00042166        om      3269      3270                  0.01391462        33
   45395       -0.00042164        om      3543      3544                 -0.01644400        39
   45120        0.00040846        op      3269      3270                  0.01347926        33
   69228       -0.00039729        op     21200     21201                 -0.03297515        83

  ==> Add operator: a_ia 538
  ==> Current qubit order: 2  3  4  5  6  7  8  9  10  11  12  13  14  15  16  17  18  19  20  21  26  27  28  29  30  31  34  35  37  32  33  59  38  39  36  51  46  47  44  45  40  52  56  57  25  24  58  43  94  83  95  62  71  61  60  41  68  63  73  23  53  49  1  54  0  75  70  55  82  42  22  48  50  66  64  65  67  72  74  69  76  77  78  79  80  81  84  85  86  87  88  89  90  91  92  93  


  ==> Energy                -269.729173657
  ==> dE                       -1.12e-06
  ==> Gradient Norm             3.83e-01
  ==> Abs. Max. Deriv.          3.71e-02
  ==> Time-Grad. (s)              78.210
  ==> Time-Energy (s)              3.137
  ==> Time-Iter. (s)              82.386

--------------------------------------------------------------------------------
CEO-ADAPT-VQE iteration: 132
--------------------------------------------------------------------------------
    gate        derivative      name       op1       op2       op3        g_unscaled   penalty
   45030        0.00053720        om      3298      3299                  0.01772745        33
   45029        0.00051143        op      3298      3299                  0.01687708        33
      17       -0.00045794      a_ia        17                           -0.00183176         4
   45289       -0.00042509        op      3558      3559                 -0.01657839        39
     925       -0.00042417      a_ia       925                           -0.00424171        10
   45016        0.00042165        om      3284      3285                  0.01391438        33
   45290       -0.00042163        om      3558      3559                 -0.01644374        39
   45015        0.00040845        op      3284      3285                  0.01347900        33
   45032       -0.00039235        om      3300      3301                 -0.02550251        65
   45031       -0.00037846        op      3300      3301                 -0.02460018        65

  ==> Add operator: mvp2 -1: 3298 3299
  ==> Current qubit order: 2  3  4  5  6  7  8  9  10  11  12  13  14  15  16  17  18  19  20  21  26  27  28  29  30  31  34  35  37  32  33  59  38  39  36  51  46  47  44  45  40  52  56  57  25  24  58  43  94  83  95  62  71  61  60  41  68  73  23  53  49  63  1  54  0  75  70  55  82  42  22  48  50  66  64  65  67  72  74  69  76  77  78  79  80  81  84  85  86  87  88  89  90  91  92  93  


  ==> Energy                -269.729224157
  ==> dE                       -5.05e-05
  ==> Gradient Norm             3.91e-01
  ==> Abs. Max. Deriv.          3.71e-02
  ==> Time-Grad. (s)             120.962
  ==> Time-Energy (s)              7.911
  ==> Time-Iter. (s)             129.898

--------------------------------------------------------------------------------
CEO-ADAPT-VQE iteration: 133
--------------------------------------------------------------------------------
    gate        derivative      name       op1       op2       op3        g_unscaled   penalty
      17       -0.00046011      a_ia        17                           -0.00184045         4
   45363       -0.00042508        op      3584      3585                 -0.01657823        39
     935       -0.00042428      a_ia       935                           -0.00424278        10
   45364       -0.00042164        om      3584      3585                 -0.01644408        39
   45086        0.00039715        om      3306      3307                  0.01390029        35
   45102       -0.00039549        om      3322      3323                 -0.02570711        65
   45085        0.00038470        op      3306      3307                  0.01346441        35
   45101       -0.00038184        op      3322      3323                 -0.02481982        65
   45569        0.00036875        op      3790      3791                  0.02691870        73
   45570        0.00035686        om      3790      3791                  0.02605042        73

  ==> Add operator: a_ia 17
  ==> Current qubit order: 2  3  4  5  6  7  8  9  10  11  12  13  14  15  16  17  18  19  20  21  26  27  28  29  30  31  34  35  37  32  33  59  38  39  36  51  46  47  44  45  40  52  56  57  25  24  58  43  94  83  95  62  71  61  60  41  68  73  23  53  49  63  1  54  75  0  70  55  82  42  22  48  50  66  64  65  67  72  74  69  76  77  78  79  80  81  84  85  86  87  88  89  90  91  92  93  


  ==> Energy                -269.729224441
  ==> dE                       -2.84e-07
  ==> Gradient Norm             3.76e-01
  ==> Abs. Max. Deriv.          3.71e-02
  ==> Time-Grad. (s)              86.045
  ==> Time-Energy (s)              4.192
  ==> Time-Iter. (s)              91.245

--------------------------------------------------------------------------------
CEO-ADAPT-VQE iteration: 134
--------------------------------------------------------------------------------
    gate        derivative      name       op1       op2       op3        g_unscaled   penalty
     938       -0.00042396      a_ia       938                           -0.00423959        10
   45110       -0.00040800        om      3337      3338                 -0.02570385        63
   45109       -0.00039391        op      3337      3338                 -0.02481657        63
   68894        0.00038816        om     21094     21095                  0.03532290        91
   45094        0.00037655        om      3321      3322                  0.01393249        37
   45093        0.00036484        op      3321      3322                  0.01349890        37
   68893        0.00035892        op     21094     21095                  0.03266213        91
   45579        0.00035880        op      3807      3808                  0.02690966        75
   45580        0.00034722        om      3807      3808                  0.02604173        75
     551       -0.00034599      a_ia       551                           -0.00069198         2

  ==> Add operator: a_ia 938
  ==> Current qubit order: 2  3  4  5  6  7  8  9  10  11  12  13  14  15  16  17  18  19  20  21  26  27  28  29  30  31  34  35  37  32  33  59  38  39  36  51  47  44  45  40  46  52  56  57  25  24  58  43  94  83  95  62  71  61  60  41  68  73  23  53  49  63  1  54  75  0  70  55  82  42  22  48  50  66  64  65  67  72  74  69  76  77  78  79  80  81  84  85  86  87  88  89  90  91  92  93  


  ==> Energy                -269.729233962
  ==> dE                       -9.52e-06
  ==> Gradient Norm             3.89e-01
  ==> Abs. Max. Deriv.          3.71e-02
  ==> Time-Grad. (s)              82.644
  ==> Time-Energy (s)              4.588
  ==> Time-Iter. (s)              88.244

--------------------------------------------------------------------------------
CEO-ADAPT-VQE iteration: 135
--------------------------------------------------------------------------------
    gate        derivative      name       op1       op2       op3        g_unscaled   penalty
   45107        0.00052493        om      3351      3352                  0.02257207        43
     847       -0.00051978      a_ia       847                           -0.00103955         2
   45106        0.00051212        op      3351      3352                  0.02202120        43
     958        0.00049510      a_ia       958                            0.00099021         2
   45111       -0.00040799        om      3355      3356                 -0.02570349        63
   45110       -0.00039391        op      3355      3356                 -0.02481615        63
   89258       -0.00037980        op     36610     36611                 -0.02544678        67
   89259       -0.00037980        op     36610     36611                 -0.02544678        67
    3351        0.00037791    a_iajb      3351                            0.02229663        59
   45093        0.00037655        om      3337      3338                  0.01393232        37

  ==> Add operator: mvp2 -1: 3351 3352
  ==> Current qubit order: 2  3  4  5  6  7  8  9  10  11  12  13  14  15  16  17  18  19  20  21  26  27  28  29  30  31  34  35  37  32  33  59  38  39  36  51  47  44  45  40  46  52  56  57  25  24  58  43  94  83  95  62  71  60  41  68  73  23  53  49  63  61  1  54  0  75  70  55  82  42  22  48  50  66  64  65  67  72  74  69  76  77  78  79  80  81  84  85  86  87  88  89  90  91  92  93  


  ==> Energy                -269.729279603
  ==> dE                       -4.56e-05
  ==> Gradient Norm             3.90e-01
  ==> Abs. Max. Deriv.          4.60e-02
  ==> Time-Grad. (s)             123.153
  ==> Time-Energy (s)              8.558
  ==> Time-Iter. (s)             132.735

--------------------------------------------------------------------------------
CEO-ADAPT-VQE iteration: 136
--------------------------------------------------------------------------------
    gate        derivative      name       op1       op2       op3        g_unscaled   penalty
     853       -0.00051942      a_ia       853                           -0.00103883         2
     964        0.00049460      a_ia       964                            0.00098921         2
   45300       -0.00040364        op      3636      3637                 -0.01654944        41
   45301       -0.00040039        om      3636      3637                 -0.01641580        41
   45033       -0.00039950        om      3368      3369                 -0.02596723        65
   45032       -0.00038619        op      3368      3369                 -0.02510258        65
   79062        0.00036944        op     28953     28954                  0.04544113       123
   79063        0.00036883        om     28953     28954                  0.04536598       123
   45506        0.00036741        op      3842      3843                  0.02682096        73
   45507        0.00035563        om      3842      3843                  0.02596065        73

  ==> Add operator: a_ia 853
  ==> Current qubit order: 2  3  4  5  6  7  8  9  10  11  12  13  14  15  16  17  18  19  20  21  26  27  28  29  30  31  34  35  37  32  33  59  38  39  36  51  47  44  45  40  46  52  56  57  25  24  58  43  94  83  95  62  71  60  41  68  73  23  53  49  63  61  1  54  0  75  70  55  82  42  22  48  50  66  64  65  67  72  74  69  76  77  78  79  80  81  84  85  86  87  88  89  90  91  92  93  


  ==> Energy                -269.729295406
  ==> dE                       -1.58e-05
  ==> Gradient Norm             3.90e-01
  ==> Abs. Max. Deriv.          4.54e-02
  ==> Time-Grad. (s)              83.522
  ==> Time-Energy (s)              4.584
  ==> Time-Iter. (s)              89.139

--------------------------------------------------------------------------------
CEO-ADAPT-VQE iteration: 137
--------------------------------------------------------------------------------
    gate        derivative      name       op1       op2       op3        g_unscaled   penalty
     971        0.00051289      a_ia       971                            0.00102577         2
   45315       -0.00040365        op      3651      3652                 -0.01654946        41
   45316       -0.00040039        om      3651      3652                 -0.01641593        41
   45044       -0.00039950        om      3379      3380                 -0.02596727        65
   45043       -0.00038620        op      3379      3380                 -0.02510324        65
   45521        0.00036742        op      3857      3858                  0.02682191        73
   45522        0.00035563        om      3857      3858                  0.02596126        73
   45363       -0.00034847        op      3699      3700                 -0.01986278        57
   45364       -0.00034382        om      3699      3700                 -0.01959759        57
   45026        0.00033931        om      3361      3362                  0.01391164        41

  ==> Add operator: a_ia 971
  ==> Current qubit order: 2  3  4  5  6  7  8  9  10  11  12  13  14  15  16  17  18  19  20  21  26  27  28  29  30  31  34  35  37  32  33  59  38  39  36  51  47  44  45  40  46  52  56  57  25  24  58  43  94  83  95  62  71  60  41  68  73  23  53  49  63  61  1  54  0  75  70  55  82  42  22  48  50  66  64  65  67  72  74  69  76  77  78  79  80  81  84  85  86  87  88  89  90  91  92  93  


  ==> Energy                -269.729296060
  ==> dE                       -6.54e-07
  ==> Gradient Norm             3.76e-01
  ==> Abs. Max. Deriv.          3.72e-02
  ==> Time-Grad. (s)              81.579
  ==> Time-Energy (s)              2.348
  ==> Time-Iter. (s)              85.324

--------------------------------------------------------------------------------
CEO-ADAPT-VQE iteration: 138
--------------------------------------------------------------------------------
    gate        derivative      name       op1       op2       op3        g_unscaled   penalty
   45342       -0.00040364        op      3662      3663                 -0.01654909        41
   45343       -0.00040038        om      3662      3663                 -0.01641556        41
   45069       -0.00039949        om      3388      3389                 -0.02596685        65
   45068       -0.00038620        op      3388      3389                 -0.02510281        65
   45548        0.00036743        op      3868      3869                  0.02682218        73
   45549        0.00035564        om      3868      3869                  0.02596152        73
   45390       -0.00034847        op      3710      3711                 -0.01986273        57
   45391       -0.00034382        om      3710      3711                 -0.01959754        57
   45051        0.00033930        om      3370      3371                  0.01391141        41
     567       -0.00033781      a_ia       567                           -0.00067561         2

  ==> Add operator: mvp2 -1: 3662 3663
  ==> Current qubit order: 2  3  4  5  6  7  8  9  10  11  12  13  14  15  16  17  18  19  20  21  26  27  28  29  30  31  34  35  37  32  33  59  38  39  36  51  47  44  45  40  46  52  56  57  25  24  58  43  94  83  95  62  71  60  41  73  23  53  49  63  61  68  1  0  75  54  70  55  82  42  22  48  50  66  64  65  67  72  74  69  76  77  78  79  80  81  84  85  86  87  88  89  90  91  92  93  


  ==> Energy                -269.729327567
  ==> dE                       -3.15e-05
  ==> Gradient Norm             3.93e-01
  ==> Abs. Max. Deriv.          3.72e-02
  ==> Time-Grad. (s)              84.228
  ==> Time-Energy (s)              9.254
  ==> Time-Iter. (s)              94.496

--------------------------------------------------------------------------------
CEO-ADAPT-VQE iteration: 139
--------------------------------------------------------------------------------
    gate        derivative      name       op1       op2       op3        g_unscaled   penalty
   45219       -0.00054893        op      3545      3546                 -0.01372325        25
   45220       -0.00054556        om      3545      3546                 -0.01363900        25
      17        0.00048682      a_ia        17                            0.00194730         4
   45072       -0.00041186        om      3397      3398                 -0.02594704        63
   45071       -0.00039821        op      3397      3398                 -0.02508697        63
   45553        0.00037753        op      3879      3880                  0.02680460        71
   45054        0.00037602        om      3379      3380                  0.01391290        37
   45554        0.00036541        om      3879      3880                  0.02594387        71
   45053        0.00036432        op      3379      3380                  0.01347980        37
   45395       -0.00035554        op      3721      3722                 -0.02026575        57

  ==> Add operator: mvp2 -1: 3545 3546
  ==> Current qubit order: 2  3  4  5  6  7  8  9  10  11  12  13  14  15  16  17  18  19  20  21  26  27  28  29  30  31  34  35  37  32  33  59  38  39  36  51  47  44  45  40  46  52  56  57  25  24  58  43  94  83  95  62  71  60  41  73  23  53  49  63  61  68  1  0  75  54  70  55  82  42  22  48  50  66  64  65  67  72  74  69  76  77  78  79  80  81  84  85  86  87  88  89  90  91  92  93  


  ==> Energy                -269.729340677
  ==> dE                       -1.31e-05
  ==> Gradient Norm             3.79e-01
  ==> Abs. Max. Deriv.          3.72e-02
  ==> Time-Grad. (s)              81.890
  ==> Time-Energy (s)              8.084
  ==> Time-Iter. (s)              90.995

--------------------------------------------------------------------------------
CEO-ADAPT-VQE iteration: 140
--------------------------------------------------------------------------------
    gate        derivative      name       op1       op2       op3        g_unscaled   penalty
   44993       -0.00041194        om      3421      3422                 -0.02595244        63
      17        0.00040193      a_ia        17                            0.00160774         4
   44992       -0.00039831        op      3421      3422                 -0.02509325        63
   45476        0.00037744        op      3905      3906                  0.02679849        71
   44975        0.00037586        om      3403      3404                  0.01390681        37
   45477        0.00036531        om      3905      3906                  0.02593701        71
   44974        0.00036415        op      3403      3404                  0.01347373        37
   45316       -0.00035573        op      3745      3746                 -0.02027686        57
   45317       -0.00035195        om      3745      3746                 -0.02006114        57
     571       -0.00033794      a_ia       571                           -0.00067587         2

  ==> Add operator: mvp2 -1: 3421 3422
  ==> Current qubit order: 2  3  4  5  6  7  8  9  10  11  12  13  14  15  16  17  18  19  20  21  26  27  28  29  30  31  34  35  37  32  33  59  38  39  36  51  47  44  45  40  46  52  56  57  25  24  58  43  94  83  95  62  71  60  41  73  23  53  49  63  61  68  75  70  55  1  0  54  69  82  42  22  48  50  66  64  65  67  72  74  76  77  78  79  80  81  84  85  86  87  88  89  90  91  92  93  


  ==> Energy                -269.729416319
  ==> dE                       -7.56e-05
  ==> Gradient Norm             3.81e-01
  ==> Abs. Max. Deriv.          3.72e-02
  ==> Time-Grad. (s)              93.915
  ==> Time-Energy (s)              9.121
  ==> Time-Iter. (s)             104.096

--------------------------------------------------------------------------------
CEO-ADAPT-VQE iteration: 141
--------------------------------------------------------------------------------
    gate        derivative      name       op1       op2       op3        g_unscaled   penalty
   68272       -0.00039695        op     20954     20955                 -0.03294703        83
   68273       -0.00039695        op     20954     20955                 -0.03294703        83
   68276       -0.00038298        op     20954     20956                 -0.03178714        83
   68277       -0.00038298        op     20954     20956                 -0.03178714        83
     571       -0.00033903      a_ia       571                           -0.00067807         2
   20954       -0.00033138    a_iajb     20954                           -0.03280662        99
   45341        0.00032707        om      3734      3735                  0.02125960        65
   45340        0.00032591        op      3734      3735                  0.02118410        65
   45015        0.00032335        om      3408      3409                  0.01390421        43
   45518        0.00032243        op      3912      3913                  0.02676191        83

  ==> Add operator: mvp3 -1: 20954 20955 20956
  ==> Current qubit order: 2  3  4  5  6  7  8  9  10  11  12  13  14  15  16  17  18  19  20  21  26  27  28  29  30  31  34  35  37  32  33  59  38  39  36  51  47  44  45  40  46  52  56  57  25  43  83  95  62  24  58  94  0  71  60  41  73  23  53  49  63  61  68  75  70  55  1  54  69  82  42  22  48  50  66  64  65  67  72  74  76  77  78  79  80  81  84  85  86  87  88  89  90  91  92  93  


  ==> Energy                -269.729564988
  ==> dE                       -1.49e-04
  ==> Gradient Norm             3.89e-01
  ==> Abs. Max. Deriv.          3.72e-02
  ==> Time-Grad. (s)              82.738
  ==> Time-Energy (s)             11.528
  ==> Time-Iter. (s)              95.264

--------------------------------------------------------------------------------
CEO-ADAPT-VQE iteration: 142
--------------------------------------------------------------------------------
    gate        derivative      name       op1       op2       op3        g_unscaled   penalty
      26        0.00142181      a_ia        26                            0.00284362         2
      13       -0.00105442      a_ia        13                           -0.00421767         4
     935       -0.00046202      a_ia       935                           -0.00092404         2
     573       -0.00037205      a_ia       573                           -0.00074410         2
    1000        0.00028156      a_ia      1000                            0.00281562        10
   45127       -0.00024708        op      3527      3528                 -0.02347256        95
   45128       -0.00024699        om      3527      3528                 -0.02346451        95
   45363       -0.00024380        op      3763      3764                 -0.02023502        83
   45364       -0.00024120        om      3763      3764                 -0.02001946        83
   45348        0.00023390        om      3747      3748                  0.02128467        91

  ==> Add operator: a_ia 26
  ==> Current qubit order: 2  3  4  5  6  7  8  9  10  11  12  13  14  15  16  17  18  19  20  21  26  27  28  29  30  31  34  35  37  32  33  59  38  39  36  51  47  44  45  40  46  52  56  57  25  43  83  95  62  24  58  94  0  71  60  41  73  23  53  49  63  61  68  75  70  55  1  54  69  82  42  22  48  50  66  64  65  67  72  74  76  77  78  79  80  81  84  85  86  87  88  89  90  91  92  93  


  ==> Energy                -269.729565640
  ==> dE                       -6.52e-07
  ==> Gradient Norm             3.80e-01
  ==> Abs. Max. Deriv.          4.22e-02
  ==> Time-Grad. (s)              77.807
  ==> Time-Energy (s)              4.264
  ==> Time-Iter. (s)              83.134

--------------------------------------------------------------------------------
CEO-ADAPT-VQE iteration: 143
--------------------------------------------------------------------------------
    gate        derivative      name       op1       op2       op3        g_unscaled   penalty
      13       -0.00105238      a_ia        13                           -0.00420953         4
     941       -0.00043983      a_ia       941                           -0.00087967         2
     576       -0.00038585      a_ia       576                           -0.00077170         2
   68369       -0.00034291        om     21150     21151                 -0.01817403        53
   68368       -0.00034173        op     21150     21151                 -0.01811160        53
   69310       -0.00030513        op     21863     21865                 -0.03203897       105
   69311       -0.00030513        op     21863     21865                 -0.03203897       105
   69306       -0.00028806        op     21863     21864                 -0.03024590       105
   69307       -0.00028806        op     21863     21864                 -0.03024590       105
    1006        0.00028156      a_ia      1006                            0.00281557        10

  ==> Add operator: a_ia 13
  ==> Current qubit order: 2  3  4  5  6  7  8  9  10  11  12  13  14  15  16  17  18  19  20  21  26  27  28  29  30  31  34  35  37  32  33  59  38  39  36  51  47  44  45  40  46  52  56  57  25  43  83  95  62  24  94  58  0  71  60  41  73  23  53  49  63  61  68  75  70  55  1  54  69  82  42  22  48  50  66  64  65  67  72  74  76  77  78  79  80  81  84  85  86  87  88  89  90  91  92  93  


  ==> Energy                -269.729568632
  ==> dE                       -2.99e-06
  ==> Gradient Norm             3.76e-01
  ==> Abs. Max. Deriv.          3.73e-02
  ==> Time-Grad. (s)              84.841
  ==> Time-Energy (s)              3.918
  ==> Time-Iter. (s)              89.771

--------------------------------------------------------------------------------
CEO-ADAPT-VQE iteration: 144
--------------------------------------------------------------------------------
    gate        derivative      name       op1       op2       op3        g_unscaled   penalty
   87906        0.00079252        op     35874     35875                  0.04675896        59
   87907        0.00079217        om     35874     35875                  0.04673828        59
   35874        0.00062331    a_iajb     35874                            0.04674862        75
     944       -0.00043966      a_ia       944                           -0.00087932         2
    1009        0.00028156      a_ia      1009                            0.00281560        10
   88676        0.00027281        op     36479     36480                  0.01718684        63
   88677        0.00027281        op     36479     36480                  0.01718684        63
   88680        0.00026649        op     36479     36481                  0.01678875        63
   88681        0.00026649        op     36479     36481                  0.01678875        63
   45310       -0.00024381        op      3793      3794                 -0.02023630        83

  ==> Add operator: mvp2 -1: 35874 35875
  ==> Current qubit order: 2  3  4  5  6  7  8  9  10  11  12  13  14  15  16  17  18  19  20  21  26  27  28  29  30  31  34  35  37  32  33  59  38  39  36  51  47  44  45  40  46  52  56  57  43  83  95  25  62  24  63  94  58  0  71  60  41  73  23  53  49  61  68  75  70  55  1  54  69  82  42  22  48  50  66  64  65  67  72  74  76  77  78  79  80  81  84  85  86  87  88  89  90  91  92  93  


  ==> Energy                -269.729830260
  ==> dE                       -2.62e-04
  ==> Gradient Norm             3.87e-01
  ==> Abs. Max. Deriv.          4.68e-02
  ==> Time-Grad. (s)              75.805
  ==> Time-Energy (s)              7.860
  ==> Time-Iter. (s)              84.674

--------------------------------------------------------------------------------
CEO-ADAPT-VQE iteration: 145
--------------------------------------------------------------------------------
    gate        derivative      name       op1       op2       op3        g_unscaled   penalty
     948       -0.00044181      a_ia       948                           -0.00088362         2
   67914        0.00044048        om     20900     20901                  0.02686919        61
   67913        0.00044011        op     20900     20901                  0.02684674        61
     605       -0.00043458      a_ia       605                           -0.00260750         6
   20900        0.00034880    a_iajb     20900                            0.02685796        77
    1013        0.00028157      a_ia      1013                            0.00281572        10
   45227       -0.00026281        op      3800      3801                 -0.02023646        77
   45228       -0.00026001        om      3800      3801                 -0.02002060        77
   44872       -0.00025638        om      3444      3445                 -0.01307559        51
   44871       -0.00023955        op      3444      3445                 -0.01221726        51

  ==> Add operator: a_ia 948
  ==> Current qubit order: 2  3  4  5  6  7  8  9  10  11  12  13  14  15  16  17  18  19  20  21  26  27  28  29  30  31  34  35  37  32  33  59  38  39  36  51  47  44  45  40  46  52  56  57  43  83  95  25  62  24  63  94  58  0  71  60  41  73  23  53  49  61  68  75  70  55  1  54  69  82  42  22  48  50  66  64  65  67  72  74  76  77  78  79  80  81  84  85  86  87  88  89  90  91  92  93  


  ==> Energy                -269.729830474
  ==> dE                       -2.14e-07
  ==> Gradient Norm             3.80e-01
  ==> Abs. Max. Deriv.          3.97e-02
  ==> Time-Grad. (s)             116.897
  ==> Time-Energy (s)              4.266
  ==> Time-Iter. (s)             122.182

--------------------------------------------------------------------------------
CEO-ADAPT-VQE iteration: 146
--------------------------------------------------------------------------------
    gate        derivative      name       op1       op2       op3        g_unscaled   penalty
     609       -0.00043369      a_ia       609                           -0.00260212         6
    1019        0.00028158      a_ia      1019                            0.00281576        10
   45305       -0.00026281        op      3828      3829                 -0.02023639        77
   45306       -0.00026001        om      3828      3829                 -0.02002051        77
   44950       -0.00025638        om      3472      3473                 -0.01307554        51
   44949       -0.00023955        op      3472      3473                 -0.01221719        51
   45290        0.00023380        om      3812      3813                  0.02127596        91
   45289        0.00023280        op      3812      3813                  0.02118495        91
   45281        0.00023147        op      3804      3805                  0.01319394        57
   45282        0.00022938        om      3804      3805                  0.01307475        57

  ==> Add operator: a_ia 609
  ==> Current qubit order: 2  3  4  5  6  7  8  9  10  11  12  13  14  15  16  17  18  19  20  21  26  27  28  29  30  31  34  35  37  32  33  59  38  39  36  51  47  44  45  40  46  52  56  57  43  83  95  62  24  25  63  94  58  0  71  60  41  73  23  53  49  61  68  75  70  55  1  54  69  82  42  22  48  50  66  64  65  67  72  74  76  77  78  79  80  81  84  85  86  87  88  89  90  91  92  93  


  ==> Energy                -269.729833461
  ==> dE                       -2.99e-06
  ==> Gradient Norm             3.79e-01
  ==> Abs. Max. Deriv.          3.73e-02
  ==> Time-Grad. (s)              80.723
  ==> Time-Energy (s)              5.313
  ==> Time-Iter. (s)              87.126

--------------------------------------------------------------------------------
CEO-ADAPT-VQE iteration: 147
--------------------------------------------------------------------------------
    gate        derivative      name       op1       op2       op3        g_unscaled   penalty
    1025        0.00028151      a_ia      1025                            0.00281514        10
   45333       -0.00026281        op      3851      3852                 -0.02023620        77
   45334       -0.00026000        om      3851      3852                 -0.02002034        77
   44976       -0.00025638        om      3493      3494                 -0.01307546        51
   44975       -0.00023955        op      3493      3494                 -0.01221713        51
   45318        0.00023380        om      3835      3836                  0.02127573        91
   45317        0.00023280        op      3835      3836                  0.02118472        91
   45309        0.00023147        op      3827      3828                  0.01319370        57
   45310        0.00022938        om      3827      3828                  0.01307453        57
   44982        0.00022778        om      3499      3500                  0.01389464        61

  ==> Add operator: a_ia 1025
  ==> Current qubit order: 2  3  4  5  6  7  8  9  10  11  12  13  14  15  16  17  18  19  20  21  26  27  28  29  30  31  34  35  37  32  33  59  38  39  36  51  47  44  45  40  46  52  56  57  43  83  95  62  24  25  63  94  58  0  71  60  41  73  23  53  49  61  68  75  70  55  1  69  82  42  22  54  48  50  66  64  65  67  72  74  76  77  78  79  80  81  84  85  86  87  88  89  90  91  92  93  


  ==> Energy                -269.729912188
  ==> dE                       -7.87e-05
  ==> Gradient Norm             3.78e-01
  ==> Abs. Max. Deriv.          3.73e-02
  ==> Time-Grad. (s)              85.715
  ==> Time-Energy (s)              5.120
  ==> Time-Iter. (s)              91.845

--------------------------------------------------------------------------------
CEO-ADAPT-VQE iteration: 148
--------------------------------------------------------------------------------
    gate        derivative      name       op1       op2       op3        g_unscaled   penalty
   86623       -0.00056758        om     35155     35156                 -0.04937982        87
   86622       -0.00054121        op     35155     35156                 -0.04708547        87
   35155       -0.00046828    a_iajb     35155                           -0.04823264       103
   45282       -0.00026275        op      3865      3866                 -0.02023140        77
   45283       -0.00025994        om      3865      3866                 -0.02001559        77
   44923       -0.00025642        om      3505      3506                 -0.01307720        51
   44922       -0.00023960        op      3505      3506                 -0.01221976        51
   45267        0.00023380        om      3849      3850                  0.02127591        91
   45266        0.00023280        op      3849      3850                  0.02118471        91
   45258        0.00023161        op      3841      3842                  0.01320195        57

  ==> Add operator: mvp2 -1: 35155 35156
  ==> Current qubit order: 2  3  4  5  6  7  8  9  10  11  12  13  14  15  16  17  18  19  20  21  26  27  28  29  30  31  34  35  37  32  33  59  38  39  36  51  47  44  45  40  46  52  56  57  43  83  95  62  24  25  63  94  58  0  71  60  41  73  53  49  61  68  75  70  55  1  69  42  54  48  23  82  22  85  50  66  64  65  67  72  74  76  77  78  79  80  81  84  86  87  88  89  90  91  92  93  


  ==> Energy                -269.730278311
  ==> dE                       -3.66e-04
  ==> Gradient Norm             3.89e-01
  ==> Abs. Max. Deriv.          4.94e-02
  ==> Time-Grad. (s)              93.981
  ==> Time-Energy (s)              8.044
  ==> Time-Iter. (s)             103.038

--------------------------------------------------------------------------------
CEO-ADAPT-VQE iteration: 149
--------------------------------------------------------------------------------
    gate        derivative      name       op1       op2       op3        g_unscaled   penalty
   87250       -0.00030679        op     35612     35613                 -0.04448519       145
   87251       -0.00029396        om     35612     35613                 -0.04262452       145
   35612       -0.00027053    a_iajb     35612                           -0.04355485       161
     929        0.00026387      a_ia       929                            0.00158323         6
   44947       -0.00025659        om      3517      3518                 -0.01308606        51
   45286        0.00024875        op      3857      3858                  0.01318370        53
   45428       -0.00024788        op      3999      4000                 -0.01710383        69
   45042        0.00024768        op      3613      3614                  0.01560390        63
   45287        0.00024649        om      3857      3858                  0.01306392        53
   45043        0.00024596        om      3613      3614                  0.01549579        63

  ==> Add operator: mvp2 -1: 35612 35613
  ==> Current qubit order: 2  3  4  5  6  7  8  9  10  11  12  13  14  15  16  17  18  19  20  21  26  27  28  29  30  31  34  35  37  32  33  59  38  39  36  47  44  45  40  52  56  57  43  83  95  62  24  25  63  94  58  0  71  51  46  48  23  60  41  73  53  49  61  68  75  70  55  1  69  42  54  82  22  85  50  66  64  65  67  72  74  76  77  78  79  80  81  84  86  87  88  89  90  91  92  93  


  ==> Energy                -269.730864815
  ==> dE                       -5.87e-04
  ==> Gradient Norm             3.91e-01
  ==> Abs. Max. Deriv.          4.45e-02
  ==> Time-Grad. (s)              78.717
  ==> Time-Energy (s)              8.670
  ==> Time-Iter. (s)              88.435

--------------------------------------------------------------------------------
CEO-ADAPT-VQE iteration: 150
--------------------------------------------------------------------------------
    gate        derivative      name       op1       op2       op3        g_unscaled   penalty
    1085        0.00121091      a_ia      1085                            0.00242181         2
     571       -0.00049470      a_ia       571                           -0.00296823         6
   87058       -0.00041532        op     35624     35625                 -0.05191446       125
   87059       -0.00039922        om     35624     35625                 -0.04990296       125
   35624       -0.00036105    a_iajb     35624                           -0.05090871       141
   91237       -0.00031023        om     38785     38786                 -0.04312250       139
     931        0.00025512      a_ia       931                            0.00153075         6
     858        0.00024812      a_ia       858                            0.00347374        14
   45238       -0.00024374        op      3905      3906                 -0.02023060        83
   38785       -0.00024266    a_iajb     38785                           -0.03761237       155

  ==> Add operator: a_ia 1085
  ==> Current qubit order: 2  3  4  5  6  7  8  9  10  11  12  13  14  15  16  17  18  19  20  21  26  27  28  29  30  31  34  35  37  32  33  59  38  39  36  47  44  45  40  52  56  57  43  83  95  62  24  25  63  94  58  0  71  51  46  48  23  60  41  73  53  49  61  68  75  70  55  1  69  42  54  82  22  85  50  66  64  65  67  72  74  76  77  78  79  80  81  84  86  87  88  89  90  91  92  93  


  ==> Energy                -269.731032638
  ==> dE                       -1.68e-04
  ==> Gradient Norm             3.89e-01
  ==> Abs. Max. Deriv.          5.19e-02
  ==> Time-Grad. (s)              82.715
  ==> Time-Energy (s)            343.371
  ==> Time-Iter. (s)             427.113

--------------------------------------------------------------------------------
CEO-ADAPT-VQE iteration: 151
--------------------------------------------------------------------------------
    gate        derivative      name       op1       op2       op3        g_unscaled   penalty
      13       -0.00143319      a_ia        13                           -0.00286638         2
     919        0.00065794      a_ia       919                            0.00131587         2
     575       -0.00050952      a_ia       575                           -0.00305714         6
      26        0.00046581      a_ia        26                            0.00186324         4
     961       -0.00032597      a_ia       961                           -0.00130388         4
     624       -0.00031902      a_ia       624                           -0.00063805         2
   88249       -0.00031706        om     36477     36478                 -0.03836373       121
   88248       -0.00027581        op     36477     36478                 -0.03337286       121
   36477       -0.00026181    a_iajb     36477                           -0.03586829       137
     581        0.00025988      a_ia       581                            0.00207901         8

  ==> Add operator: a_ia 13
  ==> Current qubit order: 2  3  4  5  6  7  8  9  10  11  12  13  14  15  16  17  18  19  20  21  26  27  28  29  30  31  34  35  37  32  33  59  38  39  36  47  44  45  40  52  56  57  43  83  95  62  24  25  63  94  58  0  71  51  46  48  23  60  41  73  53  49  61  68  75  70  55  1  69  42  54  82  22  85  50  66  64  65  67  72  74  76  77  78  79  80  81  84  86  87  88  89  90  91  92  93  


  ==> Energy                -269.731033735
  ==> dE                       -1.10e-06
  ==> Gradient Norm             3.82e-01
  ==> Abs. Max. Deriv.          3.84e-02
  ==> Time-Grad. (s)             121.879
  ==> Time-Energy (s)              4.247
  ==> Time-Iter. (s)             127.166

--------------------------------------------------------------------------------
CEO-ADAPT-VQE iteration: 152
--------------------------------------------------------------------------------
    gate        derivative      name       op1       op2       op3        g_unscaled   penalty
     921        0.00065592      a_ia       921                            0.00131184         2
     575       -0.00050681      a_ia       575                           -0.00304089         6
      26        0.00046210      a_ia        26                            0.00184839         4
     964       -0.00032535      a_ia       964                           -0.00130141         4
     624       -0.00032292      a_ia       624                           -0.00064585         2
     581        0.00025862      a_ia       581                            0.00206897         8
    1064        0.00025659      a_ia      1064                            0.00051318         2
   93504        0.00025509        op     40420     40421                  0.01760148        69
   45057       -0.00025209        om      3684      3685                 -0.02495644        99
   45056       -0.00025177        op      3684      3685                 -0.02492546        99

  ==> Add operator: a_ia 921
  ==> Current qubit order: 2  3  4  5  6  7  8  9  10  11  12  13  14  15  16  17  18  19  20  21  26  27  28  29  30  31  34  35  37  32  33  59  38  39  36  47  44  45  40  52  56  57  43  83  95  62  24  25  63  94  58  0  71  51  46  48  23  60  41  73  53  49  61  68  75  70  55  1  69  42  54  82  22  85  50  66  64  65  67  72  74  76  77  78  79  80  81  84  86  87  88  89  90  91  92  93  


  ==> Energy                -269.731034393
  ==> dE                       -6.58e-07
  ==> Gradient Norm             3.85e-01
  ==> Abs. Max. Deriv.          3.72e-02
  ==> Time-Grad. (s)              84.808
  ==> Time-Energy (s)              3.835
  ==> Time-Iter. (s)              89.670

--------------------------------------------------------------------------------
CEO-ADAPT-VQE iteration: 153
--------------------------------------------------------------------------------
    gate        derivative      name       op1       op2       op3        g_unscaled   penalty
   93641       -0.00084879        op     40475     40476                 -0.03480033        41
   93642       -0.00084476        om     40475     40476                 -0.03463526        41
   40475       -0.00060908    a_iajb     40475                           -0.03471779        57
     576       -0.00050606      a_ia       576                           -0.00303635         6
      26        0.00046150      a_ia        26                            0.00184601         4
   44980        0.00037257        om      3594      3595                  0.03092363        83
   44979        0.00035540        op      3594      3595                  0.02949850        83
     965       -0.00032447      a_ia       965                           -0.00129789         4
    3594        0.00030516    a_iajb      3594                            0.03021107        99
     625       -0.00030279      a_ia       625                           -0.00060557         2

  ==> Add operator: mvp2 -1: 40475 40476
  ==> Current qubit order: 2  3  4  5  6  7  8  9  10  11  12  13  14  15  16  17  18  19  20  21  26  27  28  29  30  31  34  35  37  32  33  59  38  39  36  47  44  45  40  52  56  57  43  83  95  62  24  25  63  94  58  0  71  51  23  46  48  41  49  60  73  53  61  68  75  70  55  1  69  42  54  82  22  85  50  66  64  65  67  72  74  76  77  78  79  80  81  84  86  87  88  89  90  91  92  93  


  ==> Energy                -269.731463161
  ==> dE                       -4.29e-04
  ==> Gradient Norm             3.86e-01
  ==> Abs. Max. Deriv.          3.72e-02
  ==> Time-Grad. (s)              79.102
  ==> Time-Energy (s)              7.537
  ==> Time-Iter. (s)              87.658

--------------------------------------------------------------------------------
CEO-ADAPT-VQE iteration: 154
--------------------------------------------------------------------------------
    gate        derivative      name       op1       op2       op3        g_unscaled   penalty
     941        0.00219195      a_ia       941                            0.00438389         2
     576       -0.00157243      a_ia       576                           -0.00314486         2
     582        0.00051041      a_ia       582                            0.00204162         4
      26        0.00044867      a_ia        26                            0.00179469         4
   87174        0.00043512        om     35580     35581                  0.02915292        67
   87173        0.00043454        op     35580     35581                  0.02911432        67
   44956        0.00036381        om      3610      3611                  0.03092356        85
   35580        0.00035101    a_iajb     35580                            0.02913362        83
   44955        0.00034704        op      3610      3611                  0.02949843        85
     626       -0.00033610      a_ia       626                           -0.00067221         2

  ==> Add operator: a_ia 941
  ==> Current qubit order: 2  3  4  5  6  7  8  9  10  11  12  13  14  15  16  17  18  19  20  21  26  27  28  29  30  31  34  35  37  32  33  59  38  39  36  47  44  45  40  52  56  57  43  83  95  62  24  25  63  94  58  0  71  51  23  46  48  41  49  60  73  53  61  68  75  70  55  1  69  42  54  82  22  85  50  66  64  65  67  72  74  76  77  78  79  80  81  84  86  87  88  89  90  91  92  93  


  ==> Energy                -269.731475683
  ==> dE                       -1.25e-05
  ==> Gradient Norm             3.99e-01
  ==> Abs. Max. Deriv.          4.21e-02
  ==> Time-Grad. (s)              84.231
  ==> Time-Energy (s)              4.405
  ==> Time-Iter. (s)              89.639

--------------------------------------------------------------------------------
CEO-ADAPT-VQE iteration: 155
--------------------------------------------------------------------------------
    gate        derivative      name       op1       op2       op3        g_unscaled   penalty
     582       -0.00156542      a_ia       582                           -0.00313085         2
      26        0.00051268      a_ia        26                            0.00205072         4
     588        0.00050778      a_ia       588                            0.00203113         4
     975       -0.00038051      a_ia       975                           -0.00152205         4
   45063        0.00036382        om      3630      3631                  0.03092472        85
   45062        0.00034706        op      3630      3631                  0.02949971        85
     632       -0.00033339      a_ia       632                           -0.00066679         2
    3630        0.00029913    a_iajb      3630                            0.03021221       101
     875        0.00025742      a_ia       875                            0.00360390        14
   45165       -0.00025217        om      3732      3733                 -0.02496447        99

  ==> Add operator: a_ia 582
  ==> Current qubit order: 2  3  4  5  6  7  8  9  10  11  12  13  14  15  16  17  18  19  20  21  26  27  28  29  30  31  34  35  37  32  33  59  38  39  36  47  44  45  40  52  56  57  43  83  95  62  24  25  63  94  58  0  71  51  23  46  48  41  49  60  73  53  61  68  75  70  55  1  69  42  54  82  22  85  50  66  64  65  67  72  74  76  77  78  79  80  81  84  86  87  88  89  90  91  92  93  


  ==> Energy                -269.731479616
  ==> dE                       -3.93e-06
  ==> Gradient Norm             3.74e-01
  ==> Abs. Max. Deriv.          3.72e-02
  ==> Time-Grad. (s)             118.573
  ==> Time-Energy (s)              3.820
  ==> Time-Iter. (s)             123.429

--------------------------------------------------------------------------------
CEO-ADAPT-VQE iteration: 156
--------------------------------------------------------------------------------
    gate        derivative      name       op1       op2       op3        g_unscaled   penalty
      26        0.00052452      a_ia        26                            0.00209806         4
     589        0.00052008      a_ia       589                            0.00208030         4
     977       -0.00039015      a_ia       977                           -0.00156060         4
   68166        0.00036899        om     21087     21088                  0.02103261        57
   45022        0.00036382        om      3640      3641                  0.03092472        85
   45021        0.00034706        op      3640      3641                  0.02950002        85
     633       -0.00033393      a_ia       633                           -0.00066785         2
   68165        0.00033051        op     21087     21088                  0.01883928        57
    3640        0.00029913    a_iajb      3640                            0.03021237       101
   21087        0.00027310    a_iajb     21087                            0.01993595        73

  ==> Add operator: a_ia 26
  ==> Current qubit order: 2  3  4  5  6  7  8  9  10  11  12  13  14  15  16  17  18  19  20  21  26  27  28  29  30  31  34  35  37  32  33  59  38  39  36  47  44  45  40  52  56  57  43  83  95  62  24  25  63  58  94  0  71  51  23  46  48  41  49  60  73  53  61  68  75  70  55  1  69  42  54  82  22  85  50  66  64  65  67  72  74  76  77  78  79  80  81  84  86  87  88  89  90  91  92  93  


  ==> Energy                -269.731479926
  ==> dE                       -3.09e-07
  ==> Gradient Norm             3.86e-01
  ==> Abs. Max. Deriv.          3.99e-02
  ==> Time-Grad. (s)              84.296
  ==> Time-Energy (s)              4.379
  ==> Time-Iter. (s)              89.688

--------------------------------------------------------------------------------
CEO-ADAPT-VQE iteration: 157
--------------------------------------------------------------------------------
    gate        derivative      name       op1       op2       op3        g_unscaled   penalty
     591        0.00051832      a_ia       591                            0.00207329         4
     980       -0.00038729      a_ia       980                           -0.00154914         4
   44996        0.00037251        om      3648      3649                  0.03091837        83
   44995        0.00035532        op      3648      3649                  0.02949197        83
     635       -0.00033077      a_ia       635                           -0.00066154         2
   80786        0.00031606        om     30648     30649                  0.04013972       127
    3648        0.00030510    a_iajb      3648                            0.03020517        99
   69247       -0.00030144        op     21954     21955                 -0.04370931       145
   80785        0.00029232        op     30648     30649                  0.03712425       127
   69248       -0.00028555        om     21954     21955                 -0.04140542       145

  ==> Add operator: a_ia 591
  ==> Current qubit order: 2  3  4  5  6  7  8  9  10  11  12  13  14  15  16  17  18  19  20  21  26  27  28  29  30  31  34  35  37  32  33  59  38  39  36  47  44  45  40  52  56  57  43  83  95  62  24  25  63  58  94  0  51  71  23  46  48  41  49  60  73  53  61  68  75  70  55  1  69  42  54  82  22  85  50  66  64  65  67  72  74  76  77  78  79  80  81  84  86  87  88  89  90  91  92  93  


  ==> Energy                -269.731480873
  ==> dE                       -9.47e-07
  ==> Gradient Norm             3.91e-01
  ==> Abs. Max. Deriv.          4.37e-02
  ==> Time-Grad. (s)              81.660
  ==> Time-Energy (s)              3.778
  ==> Time-Iter. (s)              86.399

--------------------------------------------------------------------------------
CEO-ADAPT-VQE iteration: 158
--------------------------------------------------------------------------------
    gate        derivative      name       op1       op2       op3        g_unscaled   penalty
     987       -0.00038443      a_ia       987                           -0.00153773         4
   45041        0.00037251        om      3661      3662                  0.03091824        83
   45040        0.00035532        op      3661      3662                  0.02949178        83
     641       -0.00032944      a_ia       641                           -0.00065889         2
    3661        0.00030510    a_iajb      3661                            0.03020501        99
     886        0.00025757      a_ia       886                            0.00360604        14
   45143       -0.00025727        om      3763      3764                 -0.02495523        97
   45142       -0.00025694        op      3763      3764                 -0.02492284        97
   45019       -0.00024831        om      3639      3640                 -0.01316047        53
   45402       -0.00024234        op      4023      4024                 -0.02011449        83

  ==> Add operator: a_ia 987
  ==> Current qubit order: 2  3  4  5  6  7  8  9  10  11  12  13  14  15  16  17  18  19  20  21  26  27  28  29  30  31  34  35  37  32  33  59  38  39  36  47  44  45  40  52  56  57  43  83  95  62  24  25  63  58  94  0  51  71  23  46  48  41  49  60  73  53  61  68  75  70  55  1  69  54  42  82  22  85  50  66  64  65  67  72  74  76  77  78  79  80  81  84  86  87  88  89  90  91  92  93  


  ==> Energy                -269.731481317
  ==> dE                       -4.45e-07
  ==> Gradient Norm             3.67e-01
  ==> Abs. Max. Deriv.          3.78e-02
  ==> Time-Grad. (s)             118.139
  ==> Time-Energy (s)              3.925
  ==> Time-Iter. (s)             123.044

--------------------------------------------------------------------------------
CEO-ADAPT-VQE iteration: 159
--------------------------------------------------------------------------------
    gate        derivative      name       op1       op2       op3        g_unscaled   penalty
   44931        0.00037251        om      3676      3677                  0.03091805        83
   44930        0.00035532        op      3676      3677                  0.02949165        83
     647       -0.00032497      a_ia       647                           -0.00064993         2
   87811       -0.00030689        om     36233     36234                 -0.03836066       125
    3676        0.00030510    a_iajb      3676                            0.03020485        99
   85953        0.00028886        om     34819     34820                  0.04592814       159
   87810       -0.00026678        op     36233     36234                 -0.03334804       125
   85952        0.00025906        op     34819     34820                  0.04119074       159
     892        0.00025758      a_ia       892                            0.00360611        14
   45033       -0.00025726        om      3778      3779                 -0.02495449        97

  ==> Add operator: mvp2 -1: 3676 3677
  ==> Current qubit order: 2  3  4  5  6  7  8  9  10  11  12  13  14  15  16  17  18  19  20  21  26  27  28  29  30  31  34  35  37  32  33  59  38  39  36  47  44  45  40  52  56  57  43  83  95  62  24  25  63  58  51  71  23  46  48  94  0  53  1  41  49  60  73  61  68  75  70  55  69  54  42  82  22  85  50  66  64  65  67  72  74  76  77  78  79  80  81  84  86  87  88  89  90  91  92  93  


  ==> Energy                -269.731706900
  ==> dE                       -2.26e-04
  ==> Gradient Norm             3.81e-01
  ==> Abs. Max. Deriv.          4.59e-02
  ==> Time-Grad. (s)              79.767
  ==> Time-Energy (s)              8.675
  ==> Time-Iter. (s)              89.463

--------------------------------------------------------------------------------
CEO-ADAPT-VQE iteration: 160
--------------------------------------------------------------------------------
    gate        derivative      name       op1       op2       op3        g_unscaled   penalty
   44951       -0.00045225        om      3666      3667                 -0.01311522        29
   44950       -0.00044407        op      3666      3667                 -0.01287792        29
   44957        0.00035145        om      3672      3673                  0.01370660        39
   44956        0.00034860        op      3672      3673                  0.01359535        39
     649       -0.00032504      a_ia       649                           -0.00065009         2
   45306        0.00029244        op      4022      4023                  0.01315959        45
   45307        0.00028999        om      4022      4023                  0.01304963        45
    3666       -0.00028881    a_iajb      3666                           -0.01299657        45
   45078       -0.00028675        op      3794      3795                 -0.01577127        55
   45079       -0.00028648        om      3794      3795                 -0.01575644        55

  ==> Add operator: mvp2 -1: 3666 3667
  ==> Current qubit order: 2  3  4  5  6  7  8  9  10  11  12  13  14  15  16  17  18  19  20  21  26  27  28  29  30  31  34  35  37  32  33  59  38  39  36  47  44  45  40  52  56  57  43  83  95  62  24  25  63  58  51  71  23  46  48  94  0  53  1  60  41  49  73  61  68  75  70  55  69  54  42  82  22  85  50  66  64  65  67  72  74  76  77  78  79  80  81  84  86  87  88  89  90  91  92  93  


  ==> Energy                -269.731727376
  ==> dE                       -2.05e-05
  ==> Gradient Norm             3.57e-01
  ==> Abs. Max. Deriv.          2.93e-02
  ==> Time-Grad. (s)              78.292
  ==> Time-Energy (s)              8.283
  ==> Time-Iter. (s)              87.584

--------------------------------------------------------------------------------
CEO-ADAPT-VQE iteration: 161
--------------------------------------------------------------------------------
    gate        derivative      name       op1       op2       op3        g_unscaled   penalty
   45003        0.00034985        om      3685      3686                  0.01364410        39
   45002        0.00034883        op      3685      3686                  0.01360436        39
     652       -0.00032507      a_ia       652                           -0.00065015         2
   45168       -0.00031986        op      3851      3852                 -0.01375406        43
   45169       -0.00031901        om      3851      3852                 -0.01371731        43
   45352        0.00029216        op      4035      4036                  0.01314713        45
   45353        0.00028973        om      4035      4036                  0.01303771        45
   45124       -0.00028669        op      3807      3808                 -0.01576803        55
   45125       -0.00028645        om      3807      3808                 -0.01575450        55
    1088        0.00026543      a_ia      1088                            0.00796292        30

  ==> Add operator: mvp2 -1: 3685 3686
  ==> Current qubit order: 2  3  4  5  6  7  8  9  10  11  12  13  14  15  16  17  18  19  20  21  26  27  28  29  30  31  34  35  37  32  33  59  38  39  36  47  44  45  40  52  56  57  43  83  95  62  24  25  63  58  51  71  23  46  48  94  0  53  1  70  60  41  49  73  61  68  75  55  69  54  42  82  22  85  50  66  64  65  67  72  74  76  77  78  79  80  81  84  86  87  88  89  90  91  92  93  


  ==> Energy                -269.731739449
  ==> dE                       -1.21e-05
  ==> Gradient Norm             3.66e-01
  ==> Abs. Max. Deriv.          3.26e-02
  ==> Time-Grad. (s)             112.688
  ==> Time-Energy (s)             10.839
  ==> Time-Iter. (s)             124.534

--------------------------------------------------------------------------------
CEO-ADAPT-VQE iteration: 162
--------------------------------------------------------------------------------
    gate        derivative      name       op1       op2       op3        g_unscaled   penalty
   45422        0.00040195        op      4053      4054                  0.01326444        33
   45423        0.00039823        om      4053      4054                  0.01314174        33
     654       -0.00032501      a_ia       654                           -0.00065002         2
   45238       -0.00030563        op      3869      3870                 -0.01375318        45
    1066       -0.00030549      a_ia      1066                           -0.00366585        12
   45239       -0.00030481        om      3869      3870                 -0.01371665        45
   45435        0.00030150        om      4065      4066                  0.02140654        71
   45434        0.00030103        op      4065      4066                  0.02137279        71
   69086       -0.00029780        op     21711     21712                 -0.01876123        63
   45071        0.00029738        om      3701      3702                  0.01100316        37

  ==> Add operator: mvp2 -1: 4053 4054
  ==> Current qubit order: 2  3  4  5  6  7  8  9  10  11  12  13  14  15  16  17  18  19  20  21  26  27  28  29  30  31  34  35  37  32  33  59  38  39  36  47  44  45  40  52  56  57  43  83  95  62  24  25  63  58  51  71  23  46  48  94  53  0  1  70  73  60  41  49  61  68  75  55  69  54  42  82  22  85  50  66  64  65  67  72  74  76  77  78  79  80  81  84  86  87  88  89  90  91  92  93  


  ==> Energy                -269.731754654
  ==> dE                       -1.52e-05
  ==> Gradient Norm             3.61e-01
  ==> Abs. Max. Deriv.          3.99e-02
  ==> Time-Grad. (s)              90.235
  ==> Time-Energy (s)              7.736
  ==> Time-Iter. (s)              98.987

--------------------------------------------------------------------------------
CEO-ADAPT-VQE iteration: 163
--------------------------------------------------------------------------------
    gate        derivative      name       op1       op2       op3        g_unscaled   penalty
   44949       -0.00071067        om      3704      3705                 -0.03766537        53
   44948       -0.00070269        op      3704      3705                 -0.03724252        53
    3704       -0.00054281    a_iajb      3704                           -0.03745394        69
    1114        0.00040991      a_ia      1114                            0.00081983         2
      18       -0.00039745      a_ia        18                           -0.00158982         4
     655       -0.00032467      a_ia       655                           -0.00064934         2
   45124       -0.00030549        op      3880      3881                 -0.01374683        45
    1069       -0.00030537      a_ia      1069                           -0.00366442        12
   45125       -0.00030466        om      3880      3881                 -0.01370972        45
   45080       -0.00029423        op      3836      3837                 -0.01559425        53

  ==> Add operator: mvp2 -1: 3704 3705
  ==> Current qubit order: 2  3  4  5  6  7  8  9  10  11  12  13  14  15  16  17  18  19  20  21  26  27  28  29  30  31  34  35  37  32  33  59  38  39  36  47  44  45  40  52  56  57  43  83  95  62  24  25  63  58  51  71  23  46  48  94  70  73  53  0  1  54  60  41  49  61  68  75  55  69  42  82  22  85  50  66  64  65  67  72  74  76  77  78  79  80  81  84  86  87  88  89  90  91  92  93  


  ==> Energy                -269.731864109
  ==> dE                       -1.09e-04
  ==> Gradient Norm             3.70e-01
  ==> Abs. Max. Deriv.          4.57e-02
  ==> Time-Grad. (s)             101.964
  ==> Time-Energy (s)              8.410
  ==> Time-Iter. (s)             111.384

--------------------------------------------------------------------------------
CEO-ADAPT-VQE iteration: 164
--------------------------------------------------------------------------------
    gate        derivative      name       op1       op2       op3        g_unscaled   penalty
    1071       -0.00061050      a_ia      1071                           -0.00366302         6
      11        0.00042455      a_ia        11                            0.00169820         4
    1117        0.00041167      a_ia      1117                            0.00082334         2
   45457        0.00033969        om      4088      4089                  0.02140054        63
   45456        0.00033599        op      4088      4089                  0.02116730        63
   45258       -0.00033407        op      3890      3891                 -0.01369675        41
   45259       -0.00033318        om      3890      3891                 -0.01366053        41
     655       -0.00032388      a_ia       655                           -0.00064776         2
   87115       -0.00031079        om     35315     35316                 -0.02766026        89
   87114       -0.00030989        op     35315     35316                 -0.02758037        89

  ==> Add operator: a_ia 1071
  ==> Current qubit order: 2  3  4  5  6  7  8  9  10  11  12  13  14  15  16  17  18  19  20  21  26  27  28  29  30  31  34  35  37  32  33  59  38  39  36  47  44  45  40  52  56  57  43  83  95  62  24  25  63  58  51  71  23  48  94  46  70  73  53  0  1  54  60  41  49  61  68  75  55  69  42  82  22  85  50  66  64  65  67  72  74  76  77  78  79  80  81  84  86  87  88  89  90  91  92  93  


  ==> Energy                -269.731868742
  ==> dE                       -4.63e-06
  ==> Gradient Norm             3.56e-01
  ==> Abs. Max. Deriv.          2.93e-02
  ==> Time-Grad. (s)              80.018
  ==> Time-Energy (s)              5.033
  ==> Time-Iter. (s)              86.070

--------------------------------------------------------------------------------
CEO-ADAPT-VQE iteration: 165
--------------------------------------------------------------------------------
    gate        derivative      name       op1       op2       op3        g_unscaled   penalty
      11        0.00041864      a_ia        11                            0.00167456         4
    1122        0.00041232      a_ia      1122                            0.00082464         2
   45422        0.00033968        om      4108      4109                  0.02139957        63
    1076        0.00033771      a_ia      1076                            0.00067541         2
   45421        0.00033597        op      4108      4109                  0.02116638        63
   45223       -0.00033407        op      3910      3911                 -0.01369667        41
   45224       -0.00033318        om      3910      3911                 -0.01366047        41
   45179       -0.00030592        op      3866      3867                 -0.01560183        51
   45180       -0.00030578        om      3866      3867                 -0.01559477        51
   45340        0.00029944        om      4026      4027                  0.02425457        81

  ==> Add operator: a_ia 11
  ==> Current qubit order: 2  3  4  5  6  7  8  9  10  11  12  13  14  15  16  17  18  19  20  21  26  27  28  29  30  31  34  35  37  32  33  59  38  39  36  47  44  45  40  52  56  57  43  83  95  62  24  25  63  58  51  71  23  48  94  46  70  73  53  1  0  54  60  41  49  61  68  75  55  69  42  82  22  85  50  66  64  65  67  72  74  76  77  78  79  80  81  84  86  87  88  89  90  91  92  93  


  ==> Energy                -269.731869425
  ==> dE                       -6.83e-07
  ==> Gradient Norm             3.62e-01
  ==> Abs. Max. Deriv.          3.38e-02
  ==> Time-Grad. (s)              79.519
  ==> Time-Energy (s)              5.366
  ==> Time-Iter. (s)              85.912

--------------------------------------------------------------------------------
CEO-ADAPT-VQE iteration: 166
--------------------------------------------------------------------------------
    gate        derivative      name       op1       op2       op3        g_unscaled   penalty
    1125        0.00041232      a_ia      1125                            0.00082465         2
   45404        0.00036250        om      4118      4119                  0.02138738        59
   45403        0.00035853        op      4118      4119                  0.02115340        59
    1079        0.00034111      a_ia      1079                            0.00068222         2
   45203       -0.00033404        op      3918      3919                 -0.01369552        41
   45204       -0.00033316        om      3918      3919                 -0.01365946        41
     661       -0.00029596      a_ia       661                           -0.00059191         2
   45322        0.00028524        om      4036      4037                  0.02424513        85
    1104        0.00028462      a_ia      1104                            0.00796935        28
   45159       -0.00028372        op      3874      3875                 -0.01560472        55

  ==> Add operator: a_ia 1125
  ==> Current qubit order: 2  3  4  5  6  7  8  9  10  11  12  13  14  15  16  17  18  19  20  21  26  27  28  29  30  31  34  35  37  32  33  59  38  39  36  47  44  45  40  52  56  57  43  83  95  62  24  25  63  58  51  71  23  48  94  46  70  73  53  1  0  54  60  41  49  61  68  75  55  69  42  82  22  85  50  66  64  65  67  72  74  76  77  78  79  80  81  84  86  87  88  89  90  91  92  93  


  ==> Energy                -269.731874450
  ==> dE                       -5.02e-06
  ==> Gradient Norm             3.64e-01
  ==> Abs. Max. Deriv.          4.04e-02
  ==> Time-Grad. (s)              80.315
  ==> Time-Energy (s)              5.295
  ==> Time-Iter. (s)              86.614

--------------------------------------------------------------------------------
CEO-ADAPT-VQE iteration: 167
--------------------------------------------------------------------------------
    gate        derivative      name       op1       op2       op3        g_unscaled   penalty
   45427        0.00036250        om      4135      4136                  0.02138731        59
   45426        0.00035853        op      4135      4136                  0.02115330        59
    1087        0.00033721      a_ia      1087                            0.00067442         2
   45226       -0.00033403        op      3935      3936                 -0.01369533        41
   45227       -0.00033316        om      3935      3936                 -0.01365937        41
   68038        0.00030805        op     20882     20883                  0.02803278        91
   68039        0.00029661        om     20882     20883                  0.02699110        91
     667       -0.00029593      a_ia       667                           -0.00059185         2
   45345        0.00028523        om      4053      4054                  0.02424463        85
    1112        0.00028462      a_ia      1112                            0.00796923        28

  ==> Add operator: mvp2 -1: 4135 4136
  ==> Current qubit order: 2  3  4  5  6  7  8  9  10  11  12  13  14  15  16  17  18  19  20  21  26  27  28  29  30  31  34  35  37  32  33  59  38  39  36  47  44  45  40  52  56  57  43  83  62  24  25  63  58  51  71  23  48  94  95  70  1  0  46  73  53  54  60  41  49  61  68  75  55  69  42  82  22  85  50  66  64  65  67  72  74  76  77  78  79  80  81  84  86  87  88  89  90  91  92  93  


  ==> Energy                -269.731899483
  ==> dE                       -2.50e-05
  ==> Gradient Norm             3.71e-01
  ==> Abs. Max. Deriv.          3.47e-02
  ==> Time-Grad. (s)              79.238
  ==> Time-Energy (s)              8.708
  ==> Time-Iter. (s)              88.986

--------------------------------------------------------------------------------
CEO-ADAPT-VQE iteration: 168
--------------------------------------------------------------------------------
    gate        derivative      name       op1       op2       op3        g_unscaled   penalty
      52        0.00075997      a_ia        52                            0.00303989         4
      19       -0.00039017      a_ia        19                           -0.00156067         4
   45274       -0.00034417        op      3950      3951                 -0.01135769        33
   45275       -0.00034282        om      3950      3951                 -0.01131303        33
   45226       -0.00031842        op      3902      3903                 -0.01560240        49
   45227       -0.00031825        om      3902      3903                 -0.01559415        49
   45149       -0.00031554        om      3824      3825                 -0.01419951        45
   45148       -0.00030888        op      3824      3825                 -0.01389961        45
    1117        0.00030647      a_ia      1117                            0.00796810        26
   68074       -0.00030226        op     20873     20874                 -0.02569186        85

  ==> Add operator: a_ia 52
  ==> Current qubit order: 2  3  4  5  6  7  8  9  10  11  12  13  14  15  16  17  18  19  20  21  26  27  28  29  30  31  34  35  37  32  33  59  38  39  36  47  44  45  40  52  56  57  43  83  62  24  25  63  58  51  71  23  48  94  70  95  1  0  46  73  53  54  60  41  49  61  68  75  55  69  42  82  22  85  50  66  64  65  67  72  74  76  77  78  79  80  81  84  86  87  88  89  90  91  92  93  


  ==> Energy                -269.731900277
  ==> dE                       -7.95e-07
  ==> Gradient Norm             3.64e-01
  ==> Abs. Max. Deriv.          3.97e-02
  ==> Time-Grad. (s)              81.087
  ==> Time-Energy (s)              4.093
  ==> Time-Iter. (s)              86.500

--------------------------------------------------------------------------------
CEO-ADAPT-VQE iteration: 169
--------------------------------------------------------------------------------
    gate        derivative      name       op1       op2       op3        g_unscaled   penalty
   45209       -0.00034426        op      3967      3968                 -0.01136042        33
   45210       -0.00034291        om      3967      3968                 -0.01131589        33
   45082       -0.00032964        om      3839      3840                 -0.01417431        43
   45081       -0.00032247        op      3839      3840                 -0.01386618        43
   45161       -0.00031847        op      3919      3920                 -0.01560499        49
   45162       -0.00031830        om      3919      3920                 -0.01559678        49
    1122        0.00030646      a_ia      1122                            0.00796807        26
     673       -0.00029414      a_ia       673                           -0.00058828         2
   45159       -0.00028240        op      3917      3918                 -0.02513365        89
   45160       -0.00028228        om      3917      3918                 -0.02512275        89

  ==> Add operator: mvp2 -1: 3967 3968
  ==> Current qubit order: 2  3  4  5  6  7  8  9  10  11  12  13  14  15  16  17  18  19  20  21  26  27  28  29  30  31  34  35  37  32  33  59  38  39  36  47  44  45  40  52  56  57  43  83  62  24  25  63  58  51  71  23  48  94  70  95  1  0  73  60  46  53  54  41  49  61  68  75  55  69  42  82  22  85  50  66  64  65  67  72  74  76  77  78  79  80  81  84  86  87  88  89  90  91  92  93  


  ==> Energy                -269.731908091
  ==> dE                       -7.81e-06
  ==> Gradient Norm             3.59e-01
  ==> Abs. Max. Deriv.          2.93e-02
  ==> Time-Grad. (s)              84.402
  ==> Time-Energy (s)              7.304
  ==> Time-Iter. (s)              92.736

--------------------------------------------------------------------------------
CEO-ADAPT-VQE iteration: 170
--------------------------------------------------------------------------------
    gate        derivative      name       op1       op2       op3        g_unscaled   penalty
    1093       -0.00042163      a_ia      1093                           -0.00168653         4
   45248       -0.00040091        op      3929      3930                 -0.01563568        39
   45249       -0.00040076        om      3929      3930                 -0.01562956        39
    1124        0.00030645      a_ia      1124                            0.00796780        26
   45308       -0.00030237        op      3989      3990                 -0.01179255        39
   45309       -0.00030100        om      3989      3990                 -0.01173885        39
     673       -0.00029420      a_ia       673                           -0.00058839         2
    3929       -0.00028423    a_iajb      3929                           -0.01563262        55
   45246       -0.00028251        op      3927      3928                 -0.02514324        89
   45247       -0.00028241        om      3927      3928                 -0.02513408        89

  ==> Add operator: a_ia 1093
  ==> Current qubit order: 2  3  4  5  6  7  8  9  10  11  12  13  14  15  16  17  18  19  20  21  26  27  28  29  30  31  34  35  37  32  33  59  38  39  36  47  44  45  40  52  56  57  43  83  62  24  25  63  58  51  71  23  48  94  70  95  1  0  73  60  53  46  54  41  49  61  68  75  55  69  42  82  22  85  50  66  64  65  67  72  74  76  77  78  79  80  81  84  86  87  88  89  90  91  92  93  


  ==> Energy                -269.731909662
  ==> dE                       -1.57e-06
  ==> Gradient Norm             3.62e-01
  ==> Abs. Max. Deriv.          2.93e-02
  ==> Time-Grad. (s)              85.517
  ==> Time-Energy (s)              4.951
  ==> Time-Iter. (s)              91.506

--------------------------------------------------------------------------------
CEO-ADAPT-VQE iteration: 171
--------------------------------------------------------------------------------
    gate        derivative      name       op1       op2       op3        g_unscaled   penalty
   45272       -0.00040092        op      3948      3949                 -0.01563582        39
   45273       -0.00040076        om      3948      3949                 -0.01562963        39
   45570        0.00036090        op      4246      4247                  0.01479672        41
   45571        0.00035545        om      4246      4247                  0.01457364        41
   87594       -0.00033631        op     35620     35621                 -0.03665740       109
   87595       -0.00031293        om     35620     35621                 -0.03410928       109
   68174       -0.00030938        op     20916     20917                 -0.02010947        65
   68175       -0.00030936        om     20916     20917                 -0.02010856        65
    1127        0.00030683      a_ia      1127                            0.00797765        26
   45332       -0.00030237        op      4008      4009                 -0.01179255        39

  ==> Add operator: mvp2 -1: 3948 3949
  ==> Current qubit order: 2  3  4  5  6  7  8  9  10  11  12  13  14  15  16  17  18  19  20  21  26  27  28  29  30  31  34  35  37  32  33  59  38  39  36  47  44  45  40  52  56  57  43  83  62  24  25  63  51  71  23  48  94  70  95  58  1  0  73  60  53  46  54  41  49  61  68  75  55  69  42  82  22  85  50  66  64  65  67  72  74  76  77  78  79  80  81  84  86  87  88  89  90  91  92  93  


  ==> Energy                -269.731926092
  ==> dE                       -1.64e-05
  ==> Gradient Norm             3.65e-01
  ==> Abs. Max. Deriv.          3.67e-02
  ==> Time-Grad. (s)              89.280
  ==> Time-Energy (s)              9.612
  ==> Time-Iter. (s)             100.047

--------------------------------------------------------------------------------
CEO-ADAPT-VQE iteration: 172
--------------------------------------------------------------------------------
    gate        derivative      name       op1       op2       op3        g_unscaled   penalty
       6       -0.00039613      a_ia         6                           -0.00950700        24
   45646        0.00034189        op      4263      4264                  0.01470129        43
   45647        0.00033675        om      4263      4264                  0.01448038        43
    1132        0.00033240      a_ia      1132                            0.00797762        24
   45267       -0.00030150        om      3883      3884                 -0.01417037        47
   45266       -0.00029496        op      3883      3884                 -0.01386307        47
   45408       -0.00028766        op      4025      4026                 -0.01179408        41
   45409       -0.00028635        om      4025      4026                 -0.01174039        41
     678       -0.00028446      a_ia       678                           -0.00056893         2
   45346       -0.00027363        op      3963      3964                 -0.02490040        91

  ==> Add operator: a_ia 6
  ==> Current qubit order: 2  3  4  5  6  7  8  9  10  11  12  13  14  15  16  17  18  19  20  21  26  27  28  29  30  31  34  35  37  32  33  59  38  39  36  47  44  45  40  52  56  57  43  83  62  25  63  51  71  23  48  94  70  95  58  1  24  0  73  60  53  46  54  41  49  61  68  75  55  69  42  82  22  85  50  66  64  65  67  72  74  76  77  78  79  80  81  84  86  87  88  89  90  91  92  93  


  ==> Energy                -269.731933002
  ==> dE                       -6.91e-06
  ==> Gradient Norm             3.56e-01
  ==> Abs. Max. Deriv.          2.93e-02
  ==> Time-Grad. (s)              84.301
  ==> Time-Energy (s)              4.583
  ==> Time-Iter. (s)              89.903

--------------------------------------------------------------------------------
CEO-ADAPT-VQE iteration: 173
--------------------------------------------------------------------------------
    gate        derivative      name       op1       op2       op3        g_unscaled   penalty
       6       -0.00448449      a_ia         6                           -0.00896898         2
    1047        0.00249098      a_ia      1047                            0.00498196         2
    1001        0.00142706      a_ia      1001                            0.00285411         2
      18       -0.00130283      a_ia        18                           -0.00521132         4
      55        0.00100818      a_ia        55                            0.00403272         4
     635        0.00098019      a_ia       635                            0.00196038         2
    1106       -0.00089076      a_ia      1106                           -0.00178152         2
    1019        0.00086286      a_ia      1019                            0.00172572         2
     628       -0.00065430      a_ia       628                           -0.00261720         4
      17       -0.00058463      a_ia        17                           -0.00350781         6

  ==> Add operator: a_ia 6
  ==> Current qubit order: 2  3  4  5  6  7  8  9  10  11  12  13  14  15  16  17  18  19  20  21  26  27  28  29  30  31  34  35  37  32  33  59  38  39  36  47  44  45  40  52  56  57  43  83  62  25  63  51  71  23  48  94  70  95  58  1  24  0  73  60  53  46  54  41  49  61  68  75  55  69  42  82  22  85  50  66  64  65  67  72  74  76  77  78  79  80  81  84  86  87  88  89  90  91  92  93  


  ==> Energy                -269.732336107
  ==> dE                       -6.81e-06
  ==> Gradient Norm             3.66e-01
  ==> Abs. Max. Deriv.          2.94e-02
  ==> Time-Grad. (s)             111.746
  ==> Time-Energy (s)              9.561
  ==> Time-Iter. (s)             122.452

--------------------------------------------------------------------------------
CEO-ADAPT-VQE iteration: 174
--------------------------------------------------------------------------------
    gate        derivative      name       op1       op2       op3        g_unscaled   penalty
    1051        0.00249060      a_ia      1051                            0.00498120         2
    1004        0.00142654      a_ia      1004                            0.00285307         2
      18       -0.00130210      a_ia        18                           -0.00520839         4
      55        0.00100853      a_ia        55                            0.00403412         4
     636        0.00097848      a_ia       636                            0.00195696         2
    1110       -0.00089073      a_ia      1110                           -0.00178147         2
    1023        0.00086409      a_ia      1023                            0.00172818         2
     629       -0.00065399      a_ia       629                           -0.00261596         4
       6       -0.00060229      a_ia         6                           -0.00120459         2
      17       -0.00055743      a_ia        17                           -0.00334459         6

  ==> Add operator: a_ia 1051
  ==> Current qubit order: 2  3  4  5  6  7  8  9  10  11  12  13  14  15  16  17  18  19  20  21  26  27  28  29  30  31  34  35  37  32  33  59  38  39  36  47  44  45  40  52  56  57  43  83  62  25  63  51  71  23  48  94  70  95  58  1  24  0  73  60  53  46  54  41  49  61  68  75  55  69  42  82  22  85  50  66  64  65  67  72  74  76  77  78  79  80  81  84  86  87  88  89  90  91  92  93  


  ==> Energy                -269.732340386
  ==> dE                       -4.28e-06
  ==> Gradient Norm             3.63e-01
  ==> Abs. Max. Deriv.          2.94e-02
  ==> Time-Grad. (s)              94.584
  ==> Time-Energy (s)             10.418
  ==> Time-Iter. (s)             105.986

--------------------------------------------------------------------------------
CEO-ADAPT-VQE iteration: 175
--------------------------------------------------------------------------------
    gate        derivative      name       op1       op2       op3        g_unscaled   penalty
    1006        0.00142945      a_ia      1006                            0.00285890         2
      18       -0.00131004      a_ia        18                           -0.00524015         4
      55        0.00105022      a_ia        55                            0.00420086         4
     638        0.00098964      a_ia       638                            0.00197929         2
    1112       -0.00089526      a_ia      1112                           -0.00179051         2
    1025        0.00082950      a_ia      1025                            0.00165900         2
     631       -0.00064702      a_ia       631                           -0.00258809         4
       6       -0.00060170      a_ia         6                           -0.00120340         2
      17       -0.00055829      a_ia        17                           -0.00334973         6
      22        0.00051205      a_ia        22                            0.00512053        10

  ==> Add operator: a_ia 1006
  ==> Current qubit order: 2  3  4  5  6  7  8  9  10  11  12  13  14  15  16  17  18  19  20  21  26  27  28  29  30  31  34  35  37  32  33  59  38  39  36  47  44  45  40  52  56  57  43  83  62  25  63  51  71  23  48  94  70  95  58  1  24  0  73  60  53  46  54  41  49  61  68  75  55  69  42  82  22  85  50  66  64  65  67  72  74  76  77  78  79  80  81  84  86  87  88  89  90  91  92  93  


  ==> Energy                -269.732600478
  ==> dE                       -2.60e-04
  ==> Gradient Norm             3.64e-01
  ==> Abs. Max. Deriv.          2.94e-02
  ==> Time-Grad. (s)              93.694
  ==> Time-Energy (s)            678.545
  ==> Time-Iter. (s)             773.257

--------------------------------------------------------------------------------
CEO-ADAPT-VQE iteration: 176
--------------------------------------------------------------------------------
    gate        derivative      name       op1       op2       op3        g_unscaled   penalty
       6       -0.00502524      a_ia         6                           -0.01005047         2
      18       -0.00130773      a_ia        18                           -0.00523092         4
      22       -0.00101259      a_ia        22                           -0.01012591        10
      55        0.00088696      a_ia        55                            0.00354784         4
    1115       -0.00081211      a_ia      1115                           -0.00162423         2
      17       -0.00076661      a_ia        17                           -0.00459967         6
     639        0.00063255      a_ia       639                            0.00126510         2
    1028        0.00060034      a_ia      1028                            0.00120069         2
   87079        0.00058969        om     35209     35210                  0.02771534        47
    1071        0.00058694      a_ia      1071                            0.00117389         2

  ==> Add operator: a_ia 6
  ==> Current qubit order: 2  3  4  5  6  7  8  9  10  11  12  13  14  15  16  17  18  19  20  21  26  27  28  29  30  31  34  35  37  32  33  59  38  39  36  47  44  45  40  52  56  57  43  83  62  25  63  51  71  23  48  94  70  95  58  1  24  0  73  60  53  46  54  41  49  61  68  75  55  69  42  82  22  85  50  66  64  65  67  72  74  76  77  78  79  80  81  84  86  87  88  89  90  91  92  93  


  ==> Energy                -269.732609239
  ==> dE                       -8.76e-06
  ==> Gradient Norm             3.70e-01
  ==> Abs. Max. Deriv.          3.37e-02
  ==> Time-Grad. (s)             102.805
  ==> Time-Energy (s)             11.333
  ==> Time-Iter. (s)             115.332

--------------------------------------------------------------------------------
CEO-ADAPT-VQE iteration: 177
--------------------------------------------------------------------------------
    gate        derivative      name       op1       op2       op3        g_unscaled   penalty
      18       -0.00130664      a_ia        18                           -0.00522656         4
      22       -0.00101362      a_ia        22                           -0.01013617        10
      55        0.00088663      a_ia        55                            0.00354651         4
    1119       -0.00081250      a_ia      1119                           -0.00162499         2
      17       -0.00073448      a_ia        17                           -0.00440688         6
     640        0.00063161      a_ia       640                            0.00126322         2
    1032        0.00060283      a_ia      1032                            0.00120567         2
    1075        0.00058636      a_ia      1075                            0.00117272         2
     619        0.00057673      a_ia       619                            0.00115346         2
      31       -0.00038389      a_ia        31                           -0.00460665        12

  ==> Add operator: a_ia 18
  ==> Current qubit order: 2  3  4  5  6  7  8  9  10  11  12  13  14  15  16  17  18  19  20  21  26  27  28  29  30  31  34  35  37  32  33  59  38  39  36  47  44  45  40  52  56  57  43  83  62  25  63  51  71  23  48  94  70  95  58  1  24  73  0  60  53  46  54  41  49  61  68  75  55  69  42  82  22  85  50  66  64  65  67  72  74  76  77  78  79  80  81  84  86  87  88  89  90  91  92  93  


  ==> Energy                -269.732612889
  ==> dE                       -3.65e-06
  ==> Gradient Norm             3.62e-01
  ==> Abs. Max. Deriv.          3.06e-02
  ==> Time-Grad. (s)              99.564
  ==> Time-Energy (s)             11.588
  ==> Time-Iter. (s)             112.184

--------------------------------------------------------------------------------
CEO-ADAPT-VQE iteration: 178
--------------------------------------------------------------------------------
    gate        derivative      name       op1       op2       op3        g_unscaled   penalty
      55        0.00086490      a_ia        55                            0.00345960         4
      22       -0.00084542      a_ia        22                           -0.01014507        12
    1122       -0.00081130      a_ia      1122                           -0.00162260         2
    1035        0.00062517      a_ia      1035                            0.00125033         2
     643        0.00062065      a_ia       643                            0.00124130         2
    1078        0.00061156      a_ia      1078                            0.00122312         2
     622        0.00056199      a_ia       622                            0.00112398         2
      17       -0.00055341      a_ia        17                           -0.00442728         8
      49        0.00040258      a_ia        49                            0.00161032         4
     699       -0.00036939      a_ia       699                           -0.00147757         4

  ==> Add operator: a_ia 55
  ==> Current qubit order: 2  3  4  5  6  7  8  9  10  11  12  13  14  15  16  17  18  19  20  21  26  27  28  29  30  31  34  35  37  32  33  59  38  39  36  47  44  45  40  52  56  57  43  83  62  25  63  51  71  23  48  94  70  58  95  1  24  73  0  60  53  46  54  41  49  61  68  75  55  69  42  82  22  85  50  66  64  65  67  72  74  76  77  78  79  80  81  84  86  87  88  89  90  91  92  93  


  ==> Energy                -269.732613885
  ==> dE                       -9.96e-07
  ==> Gradient Norm             3.72e-01
  ==> Abs. Max. Deriv.          3.48e-02
  ==> Time-Grad. (s)             140.187
  ==> Time-Energy (s)             11.612
  ==> Time-Iter. (s)             152.939

--------------------------------------------------------------------------------
CEO-ADAPT-VQE iteration: 179
--------------------------------------------------------------------------------
    gate        derivative      name       op1       op2       op3        g_unscaled   penalty
      22       -0.00084718      a_ia        22                           -0.01016622        12
    1125       -0.00081134      a_ia      1125                           -0.00162269         2
    1037        0.00063567      a_ia      1037                            0.00127134         2
    1081        0.00062188      a_ia      1081                            0.00124377         2
     643        0.00061824      a_ia       643                            0.00123648         2
     622        0.00051190      a_ia       622                            0.00102380         2
      17       -0.00044299      a_ia        17                           -0.00442994        10
    1303       -0.00044227      a_ia      1303                           -0.00088454         2
      49        0.00040207      a_ia        49                            0.00160828         4
     699       -0.00036864      a_ia       699                           -0.00147458         4

  ==> Add operator: a_ia 22
  ==> Current qubit order: 2  3  4  5  6  7  8  9  10  11  12  13  14  15  16  17  18  19  20  21  26  27  28  29  30  31  34  35  37  32  33  59  38  39  36  47  44  45  40  52  56  57  43  83  62  25  63  51  71  23  48  94  58  95  1  24  73  70  0  60  53  46  54  41  49  61  68  75  55  69  42  82  22  85  50  66  64  65  67  72  74  76  77  78  79  80  81  84  86  87  88  89  90  91  92  93  


  ==> Energy                -269.732626880
  ==> dE                       -1.30e-05
  ==> Gradient Norm             3.69e-01
  ==> Abs. Max. Deriv.          4.29e-02
  ==> Time-Grad. (s)              98.514
  ==> Time-Energy (s)             10.261
  ==> Time-Iter. (s)             109.866

--------------------------------------------------------------------------------
CEO-ADAPT-VQE iteration: 180
--------------------------------------------------------------------------------
    gate        derivative      name       op1       op2       op3        g_unscaled   penalty
    1127       -0.00080325      a_ia      1127                           -0.00160650         2
    1039        0.00062987      a_ia      1039                            0.00125973         2
     645        0.00060619      a_ia       645                            0.00121237         2
    1083        0.00059721      a_ia      1083                            0.00119442         2
     624        0.00053258      a_ia       624                            0.00106516         2
      49        0.00041695      a_ia        49                            0.00166782         4
      17       -0.00038678      a_ia        17                           -0.00464133        12
   45675        0.00037899        op      4369      4370                  0.01326454        35
      15        0.00037777      a_ia        15                            0.00302214         8
   45676        0.00037226        om      4369      4370                  0.01302917        35

  ==> Add operator: a_ia 1127
  ==> Current qubit order: 2  3  4  5  6  7  8  9  10  11  12  13  14  15  16  17  18  19  20  21  26  27  28  29  30  31  34  35  37  32  33  59  38  39  36  47  44  45  40  52  56  57  43  83  62  25  63  51  71  23  48  94  58  95  1  24  73  70  0  60  53  46  54  41  49  61  68  75  55  69  42  82  22  85  50  66  64  65  67  72  74  76  77  78  79  80  81  84  86  87  88  89  90  91  92  93  


  ==> Energy                -269.732628228
  ==> dE                       -1.35e-06
  ==> Gradient Norm             3.63e-01
  ==> Abs. Max. Deriv.          2.94e-02
  ==> Time-Grad. (s)             106.039
  ==> Time-Energy (s)              9.143
  ==> Time-Iter. (s)             116.213

--------------------------------------------------------------------------------
CEO-ADAPT-VQE iteration: 181
--------------------------------------------------------------------------------
    gate        derivative      name       op1       op2       op3        g_unscaled   penalty
    1046        0.00064538      a_ia      1046                            0.00129075         2
    1090        0.00059859      a_ia      1090                            0.00119718         2
     649        0.00059729      a_ia       649                            0.00119458         2
     627        0.00053240      a_ia       627                            0.00106481         2
      50        0.00041564      a_ia        50                            0.00166256         4
      17       -0.00038600      a_ia        17                           -0.00463202        12
   45644        0.00037899        op      4386      4387                  0.01326464        35
      15        0.00037768      a_ia        15                            0.00302144         8
   45645        0.00037226        om      4386      4387                  0.01302926        35
     705       -0.00036742      a_ia       705                           -0.00146968         4

  ==> Add operator: a_ia 1046
  ==> Current qubit order: 2  3  4  5  6  7  8  9  10  11  12  13  14  15  16  17  18  19  20  21  26  27  28  29  30  31  34  35  37  32  33  59  38  39  36  47  44  45  40  52  56  57  43  83  62  25  63  51  71  23  48  94  58  95  1  24  73  70  0  60  53  46  54  41  49  61  68  75  55  69  42  82  22  85  50  66  64  65  67  72  74  76  77  78  79  80  81  84  86  87  88  89  90  91  92  93  


  ==> Energy                -269.732629332
  ==> dE                       -1.10e-06
  ==> Gradient Norm             3.69e-01
  ==> Abs. Max. Deriv.          2.94e-02
  ==> Time-Grad. (s)              94.354
  ==> Time-Energy (s)             10.549
  ==> Time-Iter. (s)             106.213

--------------------------------------------------------------------------------
CEO-ADAPT-VQE iteration: 182
--------------------------------------------------------------------------------
    gate        derivative      name       op1       op2       op3        g_unscaled   penalty
    1091        0.00060084      a_ia      1091                            0.00120169         2
     650        0.00059670      a_ia       650                            0.00119340         2
     628        0.00058123      a_ia       628                            0.00116246         2
      50        0.00042123      a_ia        50                            0.00168491         4
   93924        0.00040953        om     40392     40393                  0.02170509        53
   93923        0.00040632        op     40392     40393                  0.02153483        53
   88702       -0.00039327        om     36430     36431                 -0.01927011        49
   88701       -0.00039156        op     36430     36431                 -0.01918640        49
      17       -0.00038937      a_ia        17                           -0.00467240        12
   45653        0.00037900        op      4395      4396                  0.01326502        35

  ==> Add operator: a_ia 1091
  ==> Current qubit order: 2  3  4  5  6  7  8  9  10  11  12  13  14  15  16  17  18  19  20  21  26  27  28  29  30  31  34  35  37  32  33  59  38  39  36  47  44  45  40  52  56  57  43  83  62  25  63  51  71  23  48  94  58  95  1  24  73  70  0  60  53  46  54  41  49  61  68  75  55  69  42  82  22  85  50  66  64  65  67  72  74  76  77  78  79  80  81  84  86  87  88  89  90  91  92  93  


  ==> Energy                -269.732629614
  ==> dE                       -2.81e-07
  ==> Gradient Norm             3.73e-01
  ==> Abs. Max. Deriv.          4.57e-02
  ==> Time-Grad. (s)             101.570
  ==> Time-Energy (s)             10.815
  ==> Time-Iter. (s)             113.397

--------------------------------------------------------------------------------
CEO-ADAPT-VQE iteration: 183
--------------------------------------------------------------------------------
    gate        derivative      name       op1       op2       op3        g_unscaled   penalty
     630        0.00060743      a_ia       630                            0.00121485         2
     652        0.00059497      a_ia       652                            0.00118995         2
   87458        0.00042498        op     35489     35491                  0.04207340        99
   87459        0.00042498        op     35489     35491                  0.04207340        99
      50        0.00042292      a_ia        50                            0.00169168         4
      17       -0.00038941      a_ia        17                           -0.00467291        12
   87454        0.00038543        op     35489     35490                  0.03815738        99
   87455        0.00038543        op     35489     35490                  0.03815738        99
   45644        0.00037900        op      4404      4405                  0.01326500        35
   45645        0.00037227        om      4404      4405                  0.01302959        35

  ==> Add operator: a_ia 630
  ==> Current qubit order: 2  3  4  5  6  7  8  9  10  11  12  13  14  15  16  17  18  19  20  21  26  27  28  29  30  31  34  35  37  32  33  59  38  39  36  47  44  45  40  52  56  57  43  83  62  25  63  51  71  23  48  94  58  95  1  24  73  70  0  60  53  46  54  41  49  61  68  75  55  69  42  82  22  85  50  66  64  65  67  72  74  76  77  78  79  80  81  84  86  87  88  89  90  91  92  93  


  ==> Energy                -269.732630094
  ==> dE                       -4.81e-07
  ==> Gradient Norm             3.85e-01
  ==> Abs. Max. Deriv.          4.21e-02
  ==> Time-Grad. (s)             124.196
  ==> Time-Energy (s)             13.060
  ==> Time-Iter. (s)             138.326

--------------------------------------------------------------------------------
CEO-ADAPT-VQE iteration: 184
--------------------------------------------------------------------------------
    gate        derivative      name       op1       op2       op3        g_unscaled   penalty
     652        0.00058886      a_ia       652                            0.00117771         2
      50        0.00041777      a_ia        50                            0.00167106         4
     630       -0.00040634      a_ia       630                           -0.00081268         2
      17       -0.00038951      a_ia        17                           -0.00467411        12
   45715        0.00037899        op      4410      4411                  0.01326471        35
   45716        0.00037227        om      4410      4411                  0.01302935        35
      15        0.00036895      a_ia        15                            0.00295157         8
     708       -0.00036763      a_ia       708                           -0.00147052         4
    1173        0.00035935      a_ia      1173                            0.00790569        22
    1194        0.00034807      a_ia      1194                            0.00069614         2

  ==> Add operator: a_ia 652
  ==> Current qubit order: 2  3  4  5  6  7  8  9  10  11  12  13  14  15  16  17  18  19  20  21  26  27  28  29  30  31  34  35  37  32  33  59  38  39  36  47  44  45  40  52  56  57  43  83  62  25  63  51  71  23  48  94  58  95  1  24  73  70  0  60  53  46  54  41  49  61  68  75  55  69  42  82  22  85  50  66  64  65  67  72  74  76  77  78  79  80  81  84  86  87  88  89  90  91  92  93  


  ==> Energy                -269.732630449
  ==> dE                       -3.55e-07
  ==> Gradient Norm             3.74e-01
  ==> Abs. Max. Deriv.          4.50e-02
  ==> Time-Grad. (s)             100.128
  ==> Time-Energy (s)             11.981
  ==> Time-Iter. (s)             113.127

--------------------------------------------------------------------------------
CEO-ADAPT-VQE iteration: 185
--------------------------------------------------------------------------------
    gate        derivative      name       op1       op2       op3        g_unscaled   penalty
   87553        0.00042501        op     35597     35599                  0.04207579        99
   87554        0.00042501        op     35597     35599                  0.04207579        99
      50        0.00041655      a_ia        50                            0.00166620         4
     633       -0.00041085      a_ia       633                           -0.00082170         2
      17       -0.00038899      a_ia        17                           -0.00466783        12
   87549        0.00038544        op     35597     35598                  0.03815879        99
   87550        0.00038544        op     35597     35598                  0.03815879        99
   45649        0.00037899        op      4416      4417                  0.01326473        35
   45650        0.00037227        om      4416      4417                  0.01302933        35
      15        0.00036954      a_ia        15                            0.00295630         8

  ==> Add operator: mvp2 -1: 35597 35598
  ==> Current qubit order: 2  3  4  5  6  7  8  9  10  11  12  13  14  15  16  17  18  19  20  21  26  27  28  29  30  31  34  35  37  32  33  38  39  36  47  44  45  40  52  56  57  43  83  62  63  59  25  23  49  51  71  48  94  58  95  1  24  73  70  0  60  53  46  54  41  61  68  75  55  69  42  82  22  85  50  66  64  65  67  72  74  76  77  78  79  80  81  84  86  87  88  89  90  91  92  93  


  ==> Energy                -269.733820694
  ==> dE                       -1.19e-03
  ==> Gradient Norm             3.75e-01
  ==> Abs. Max. Deriv.          4.21e-02
  ==> Time-Grad. (s)              98.572
  ==> Time-Energy (s)             15.593
  ==> Time-Iter. (s)             115.230

--------------------------------------------------------------------------------
CEO-ADAPT-VQE iteration: 186
--------------------------------------------------------------------------------
    gate        derivative      name       op1       op2       op3        g_unscaled   penalty
     700        0.00417367      a_ia       700                            0.00834733         2
   45409       -0.00045593        op      4108      4109                 -0.02416450        53
   45410       -0.00045363        om      4108      4109                 -0.02404264        53
      50        0.00040083      a_ia        50                            0.00160334         4
      15        0.00040000      a_ia        15                            0.00319997         8
   45412        0.00038721        om      4110      4111                  0.01510104        39
   45411        0.00038704        op      4110      4111                  0.01509442        39
      17       -0.00038611      a_ia        17                           -0.00463336        12
   45729        0.00038019        op      4428      4429                  0.01330658        35
   45730        0.00037029        om      4428      4429                  0.01296030        35

  ==> Add operator: a_ia 700
  ==> Current qubit order: 2  3  4  5  6  7  8  9  10  11  12  13  14  15  16  17  18  19  20  21  26  27  28  29  30  31  34  35  37  32  33  38  39  36  47  44  45  40  52  56  57  43  83  62  63  59  25  23  49  51  71  48  94  58  95  1  24  73  70  0  60  53  46  54  41  61  68  75  55  69  42  82  22  85  50  66  64  65  67  72  74  76  77  78  79  80  81  84  86  87  88  89  90  91  92  93  


  ==> Energy                -269.733840116
  ==> dE                       -1.94e-05
  ==> Gradient Norm             3.74e-01
  ==> Abs. Max. Deriv.          3.35e-02
  ==> Time-Grad. (s)              92.334
  ==> Time-Energy (s)              9.697
  ==> Time-Iter. (s)             103.039

--------------------------------------------------------------------------------
CEO-ADAPT-VQE iteration: 187
--------------------------------------------------------------------------------
    gate        derivative      name       op1       op2       op3        g_unscaled   penalty
     647       -0.00054640      a_ia       647                           -0.00109279         2
   45399       -0.00045853        op      4116      4117                 -0.02430233        53
   45400       -0.00045619        om      4116      4117                 -0.02417813        53
      15        0.00045260      a_ia        15                            0.00362083         8
      50        0.00039806      a_ia        50                            0.00159226         4
      17       -0.00038774      a_ia        17                           -0.00465287        12
   45402        0.00038717        om      4118      4119                  0.01509960        39
   45401        0.00038700        op      4118      4119                  0.01509304        39
     634       -0.00038377      a_ia       634                           -0.00076754         2
   45719        0.00038011        op      4436      4437                  0.01330373        35

  ==> Add operator: a_ia 647
  ==> Current qubit order: 2  3  4  5  6  7  8  9  10  11  12  13  14  15  16  17  18  19  20  21  26  27  28  29  30  31  34  35  37  32  33  38  39  36  47  44  45  40  52  56  57  43  83  62  63  59  25  23  49  51  71  48  94  58  95  1  24  73  70  0  60  53  46  54  41  61  68  75  55  69  42  82  22  85  50  66  64  65  67  72  74  76  77  78  79  80  81  84  86  87  88  89  90  91  92  93  


  ==> Energy                -269.733840767
  ==> dE                       -6.51e-07
  ==> Gradient Norm             3.65e-01
  ==> Abs. Max. Deriv.          2.95e-02
  ==> Time-Grad. (s)             135.989
  ==> Time-Energy (s)              9.156
  ==> Time-Iter. (s)             146.178

--------------------------------------------------------------------------------
CEO-ADAPT-VQE iteration: 188
--------------------------------------------------------------------------------
    gate        derivative      name       op1       op2       op3        g_unscaled   penalty
   45332       -0.00045860        op      4122      4123                 -0.02430605        53
   45333       -0.00045626        om      4122      4123                 -0.02418169        53
      15        0.00043696      a_ia        15                            0.00349571         8
      50        0.00040652      a_ia        50                            0.00162608         4
      17       -0.00038861      a_ia        17                           -0.00466328        12
   45335        0.00038718        om      4124      4125                  0.01509993        39
   45334        0.00038701        op      4124      4125                  0.01509354        39
   45654        0.00038013        op      4444      4445                  0.01330454        35
   45655        0.00037021        om      4444      4445                  0.01295729        35
     644        0.00036023      a_ia       644                            0.00432281        12

  ==> Add operator: mvp2 -1: 4122 4123
  ==> Current qubit order: 2  3  4  5  6  7  8  9  10  11  12  13  14  15  16  17  18  19  20  21  26  27  28  29  30  31  34  35  37  32  33  38  39  36  47  44  45  40  52  56  57  43  83  62  63  25  23  49  51  71  48  59  58  1  0  94  95  24  73  70  60  53  46  54  41  61  68  75  55  69  42  82  22  85  50  66  64  65  67  72  74  76  77  78  79  80  81  84  86  87  88  89  90  91  92  93  


  ==> Energy                -269.733888819
  ==> dE                       -4.81e-05
  ==> Gradient Norm             3.66e-01
  ==> Abs. Max. Deriv.          2.94e-02
  ==> Time-Grad. (s)              98.080
  ==> Time-Energy (s)             17.848
  ==> Time-Iter. (s)             116.948

--------------------------------------------------------------------------------
CEO-ADAPT-VQE iteration: 189
--------------------------------------------------------------------------------
    gate        derivative      name       op1       op2       op3        g_unscaled   penalty
      31       -0.00226597      a_ia        31                           -0.00453194         2
      17       -0.00116702      a_ia        17                           -0.00466810         4
   45380        0.00050619        om      4135      4136                  0.01467963        29
   45379        0.00050590        op      4135      4136                  0.01467111        29
   45699        0.00045839        op      4455      4456                  0.01329332        29
   45700        0.00044653        om      4455      4456                  0.01294947        29
     705       -0.00044223      a_ia       705                           -0.00088447         2
     645        0.00043229      a_ia       645                            0.00432291        10
   45402        0.00041439        om      4157      4158                  0.01450382        35
   45401        0.00041333        op      4157      4158                  0.01446659        35

  ==> Add operator: a_ia 31
  ==> Current qubit order: 2  3  4  5  6  7  8  9  10  11  12  13  14  15  16  17  18  19  20  21  26  27  28  29  30  31  34  35  37  32  33  38  39  36  47  44  45  40  52  56  57  43  83  62  63  25  23  49  51  71  48  59  58  1  0  94  95  24  73  70  60  53  46  54  41  61  68  75  55  69  42  82  22  85  50  66  64  65  67  72  74  76  77  78  79  80  81  84  86  87  88  89  90  91  92  93  


  ==> Energy                -269.733890371
  ==> dE                       -1.55e-06
  ==> Gradient Norm             3.64e-01
  ==> Abs. Max. Deriv.          2.94e-02
  ==> Time-Grad. (s)              98.322
  ==> Time-Energy (s)              8.012
  ==> Time-Iter. (s)             107.347

--------------------------------------------------------------------------------
CEO-ADAPT-VQE iteration: 190
--------------------------------------------------------------------------------
    gate        derivative      name       op1       op2       op3        g_unscaled   penalty
      17       -0.00117011      a_ia        17                           -0.00468044         4
   45375        0.00050606        om      4142      4143                  0.01467583        29
   45374        0.00050577        op      4142      4143                  0.01466727        29
   45694        0.00045851        op      4462      4463                  0.01329680        29
     705       -0.00044903      a_ia       705                           -0.00089807         2
   45695        0.00044671        om      4462      4463                  0.01295462        29
     645        0.00043226      a_ia       645                            0.00432256        10
   45397        0.00041435        om      4164      4165                  0.01450208        35
   45396        0.00041328        op      4164      4165                  0.01446485        35
    1158       -0.00040517      a_ia      1158                           -0.00243099         6

  ==> Add operator: a_ia 17
  ==> Current qubit order: 2  3  4  5  6  7  8  9  10  11  12  13  14  15  16  17  18  19  20  21  26  27  28  29  30  31  34  35  37  32  33  38  39  36  47  44  45  40  52  56  57  43  83  62  63  25  23  49  51  71  48  59  1  58  0  94  95  24  73  70  60  53  46  54  41  61  68  75  55  69  42  82  22  85  50  66  64  65  67  72  74  76  77  78  79  80  81  84  86  87  88  89  90  91  92  93  


  ==> Energy                -269.733893727
  ==> dE                       -3.36e-06
  ==> Gradient Norm             3.61e-01
  ==> Abs. Max. Deriv.          2.94e-02
  ==> Time-Grad. (s)             137.643
  ==> Time-Energy (s)             11.684
  ==> Time-Iter. (s)             150.286

--------------------------------------------------------------------------------
CEO-ADAPT-VQE iteration: 191
--------------------------------------------------------------------------------
    gate        derivative      name       op1       op2       op3        g_unscaled   penalty
   45283        0.00050808        om      4155      4156                  0.01473446        29
   45282        0.00050781        op      4155      4156                  0.01472658        29
     709       -0.00045570      a_ia       709                           -0.00091141         2
     647        0.00043220      a_ia       647                            0.00432201        10
   45602        0.00042919        op      4475      4476                  0.01330501        31
   45603        0.00041816        om      4475      4476                  0.01296292        31
    1162       -0.00040329      a_ia      1162                           -0.00241973         6
   45305        0.00039245        om      4177      4178                  0.01452066        37
   45304        0.00039144        op      4177      4178                  0.01448321        37
      49        0.00037564      a_ia        49                            0.00225387         6

  ==> Add operator: mvp2 -1: 4155 4156
  ==> Current qubit order: 2  3  4  5  6  7  8  9  10  11  12  13  14  15  16  17  18  19  20  21  26  27  28  29  30  31  34  35  37  32  33  38  39  36  47  44  45  40  52  56  57  43  83  62  63  25  23  49  51  48  59  71  1  58  0  94  95  24  73  70  60  53  46  54  41  61  68  75  55  69  42  82  22  85  50  66  64  65  67  72  74  76  77  78  79  80  81  84  86  87  88  89  90  91  92  93  


  ==> Energy                -269.733908080
  ==> dE                       -1.44e-05
  ==> Gradient Norm             3.59e-01
  ==> Abs. Max. Deriv.          3.37e-02
  ==> Time-Grad. (s)              97.926
  ==> Time-Energy (s)             18.271
  ==> Time-Iter. (s)             117.193

--------------------------------------------------------------------------------
CEO-ADAPT-VQE iteration: 192
--------------------------------------------------------------------------------
    gate        derivative      name       op1       op2       op3        g_unscaled   penalty
      49        0.00109934      a_ia        49                            0.00219868         2
   68095        0.00052304        om     20845     20846                  0.02772108        53
   68094        0.00051745        op     20845     20846                  0.02742468        53
     711       -0.00045556      a_ia       711                           -0.00091112         2
     649        0.00043220      a_ia       649                            0.00432201        10
   45694        0.00042946        op      4481      4482                  0.01331338        31
   45695        0.00041843        om      4481      4482                  0.01297135        31
    1165       -0.00040315      a_ia      1165                           -0.00241891         6
   20845        0.00039961    a_iajb     20845                            0.02757288        69
   45287       -0.00036640        om      4073      4074                 -0.01575519        43

  ==> Add operator: a_ia 49
  ==> Current qubit order: 2  3  4  5  6  7  8  9  10  11  12  13  14  15  16  17  18  19  20  21  26  27  28  29  30  31  34  35  37  32  33  38  39  36  47  44  45  40  52  56  57  43  83  62  63  25  23  49  51  48  59  71  1  58  0  94  95  24  73  70  60  53  46  54  41  61  68  75  55  69  42  82  22  85  50  66  64  65  67  72  74  76  77  78  79  80  81  84  86  87  88  89  90  91  92  93  


  ==> Energy                -269.733908637
  ==> dE                       -5.57e-07
  ==> Gradient Norm             3.65e-01
  ==> Abs. Max. Deriv.          4.09e-02
  ==> Time-Grad. (s)              95.654
  ==> Time-Energy (s)             12.774
  ==> Time-Iter. (s)             109.442

--------------------------------------------------------------------------------
CEO-ADAPT-VQE iteration: 193
--------------------------------------------------------------------------------
    gate        derivative      name       op1       op2       op3        g_unscaled   penalty
     712       -0.00045521      a_ia       712                           -0.00091041         2
     650        0.00043221      a_ia       650                            0.00432210        10
   45703        0.00042955        op      4484      4485                  0.01331608        31
   45704        0.00041852        om      4484      4485                  0.01297424        31
    1167       -0.00040489      a_ia      1167                           -0.00242934         6
   45296       -0.00036661        om      4076      4077                 -0.01576435        43
    1194        0.00036349      a_ia      1194                            0.00799675        22
   45406        0.00033527        om      4186      4187                  0.01441678        43
   45405        0.00033440        op      4186      4187                  0.01437909        43
   45450       -0.00033155        om      4230      4231                 -0.01359346        41

  ==> Add operator: a_ia 712
  ==> Current qubit order: 2  3  4  5  6  7  8  9  10  11  12  13  14  15  16  17  18  19  20  21  26  27  28  29  30  31  34  35  37  32  33  38  39  36  47  44  45  40  52  56  57  43  83  62  63  25  23  49  51  48  59  71  1  58  0  94  95  24  73  70  60  53  46  54  41  61  68  75  55  69  42  82  22  85  50  66  64  65  67  72  74  76  77  78  79  80  81  84  86  87  88  89  90  91  92  93  


  ==> Energy                -269.733909075
  ==> dE                       -4.39e-07
  ==> Gradient Norm             3.66e-01
  ==> Abs. Max. Deriv.          3.65e-02
  ==> Time-Grad. (s)              98.851
  ==> Time-Energy (s)              7.227
  ==> Time-Iter. (s)             107.082

--------------------------------------------------------------------------------
CEO-ADAPT-VQE iteration: 194
--------------------------------------------------------------------------------
    gate        derivative      name       op1       op2       op3        g_unscaled   penalty
     652        0.00043223      a_ia       652                            0.00432228        10
   45623        0.00042955        op      4502      4503                  0.01331606        31
   45624        0.00041852        om      4502      4503                  0.01297419        31
    1169       -0.00040198      a_ia      1169                           -0.00241189         6
   69143        0.00037214        op     21713     21714                  0.03535342        95
   45210       -0.00036662        om      4088      4089                 -0.01576446        43
    1196        0.00036346      a_ia      1196                            0.00799604        22
   69144        0.00034260        om     21713     21714                  0.03254689        95
   45322        0.00033527        om      4200      4201                  0.01441678        43
   45321        0.00033440        op      4200      4201                  0.01437909        43

  ==> Add operator: a_ia 652
  ==> Current qubit order: 2  3  4  5  6  7  8  9  10  11  12  13  14  15  16  17  18  19  20  21  26  27  28  29  30  31  34  35  37  32  33  38  39  36  47  44  45  40  52  56  57  83  62  63  25  43  23  49  51  48  59  71  1  58  0  94  95  24  73  70  60  53  46  54  41  61  68  75  55  69  42  82  22  85  50  66  64  65  67  72  74  76  77  78  79  80  81  84  86  87  88  89  90  91  92  93  


  ==> Energy                -269.734198029
  ==> dE                       -2.89e-04
  ==> Gradient Norm             3.65e-01
  ==> Abs. Max. Deriv.          3.54e-02
  ==> Time-Grad. (s)              98.444
  ==> Time-Energy (s)             11.894
  ==> Time-Iter. (s)             111.416

--------------------------------------------------------------------------------
CEO-ADAPT-VQE iteration: 195
--------------------------------------------------------------------------------
    gate        derivative      name       op1       op2       op3        g_unscaled   penalty
   45628        0.00042882        op      4521      4522                  0.01329346        31
   45629        0.00041801        om      4521      4522                  0.01295832        31
    1172       -0.00040782      a_ia      1172                           -0.00244693         6
   45215       -0.00036698        om      4107      4108                 -0.01578014        43
    1199        0.00036398      a_ia      1199                            0.00800765        22
   45327        0.00033527        om      4219      4220                  0.01441640        43
   45326        0.00033431        op      4219      4220                  0.01437516        43
   45371       -0.00033164        om      4263      4264                 -0.01359732        41
   45214       -0.00032346        op      4107      4108                 -0.01390893        43
   45370       -0.00031459        op      4263      4264                 -0.01289820        41

  ==> Add operator: mvp2 -1: 4521 4522
  ==> Current qubit order: 2  3  4  5  6  7  8  9  10  11  12  13  14  15  16  17  18  19  20  21  26  27  28  29  30  31  34  35  37  32  33  38  39  36  47  44  45  40  52  56  57  83  62  63  25  43  23  49  51  48  59  71  58  1  0  94  73  95  24  70  60  53  46  54  41  61  68  75  55  69  42  82  22  85  50  66  64  65  67  72  74  76  77  78  79  80  81  84  86  87  88  89  90  91  92  93  


  ==> Energy                -269.734214353
  ==> dE                       -1.63e-05
  ==> Gradient Norm             3.71e-01
  ==> Abs. Max. Deriv.          4.05e-02
  ==> Time-Grad. (s)              93.610
  ==> Time-Energy (s)             18.822
  ==> Time-Iter. (s)             113.722

--------------------------------------------------------------------------------
CEO-ADAPT-VQE iteration: 196
--------------------------------------------------------------------------------
    gate        derivative      name       op1       op2       op3        g_unscaled   penalty
    1179       -0.00040759      a_ia      1179                           -0.00244554         6
   45371        0.00038978        om      4232      4233                  0.01442175        37
   45370        0.00038867        op      4232      4233                  0.01438075        37
   45415       -0.00036732        om      4276      4277                 -0.01359087        37
    1206        0.00036396      a_ia      1206                            0.00800718        22
      51        0.00035062      a_ia        51                            0.00210372         6
   45414       -0.00034848        op      4276      4277                 -0.01289378        37
   45259       -0.00033530        om      4120      4121                 -0.01575929        47
   45164        0.00031419        op      4026      4027                  0.02042218        65
   45165        0.00030869        om      4026      4027                  0.02006463        65

  ==> Add operator: a_ia 1179
  ==> Current qubit order: 2  3  4  5  6  7  8  9  10  11  12  13  14  15  16  17  18  19  20  21  26  27  28  29  30  31  34  35  37  32  33  38  39  36  47  44  45  40  52  56  57  83  62  63  25  43  23  49  51  48  59  71  58  1  0  94  73  95  24  60  53  70  46  54  41  61  68  75  55  69  42  82  22  85  50  66  64  65  67  72  74  76  77  78  79  80  81  84  86  87  88  89  90  91  92  93  


  ==> Energy                -269.734216029
  ==> dE                       -1.68e-06
  ==> Gradient Norm             3.52e-01
  ==> Abs. Max. Deriv.          3.37e-02
  ==> Time-Grad. (s)             101.625
  ==> Time-Energy (s)             11.929
  ==> Time-Iter. (s)             114.565

--------------------------------------------------------------------------------
CEO-ADAPT-VQE iteration: 197
--------------------------------------------------------------------------------
    gate        derivative      name       op1       op2       op3        g_unscaled   penalty
   45442       -0.00038831        om      4280      4281                 -0.01359091        35
   45441       -0.00036840        op      4280      4281                 -0.01289383        35
    1209        0.00036413      a_ia      1209                            0.00801082        22
      51        0.00035409      a_ia        51                            0.00212453         6
   45398        0.00035174        om      4236      4237                  0.01442150        41
   45397        0.00035074        op      4236      4237                  0.01438050        41
   45286       -0.00033531        om      4124      4125                 -0.01575964        47
     999        0.00030535      a_ia       999                            0.00366416        12
   45525        0.00029989        op      4364      4365                  0.02429112        81
   45285       -0.00029560        op      4124      4125                 -0.01389304        47

  ==> Add operator: mvp2 -1: 4280 4281
  ==> Current qubit order: 2  3  4  5  6  7  8  9  10  11  12  13  14  15  16  17  18  19  20  21  26  27  28  29  30  31  34  35  37  32  33  38  39  36  47  44  45  40  52  56  57  83  62  63  25  43  23  49  51  48  59  71  58  94  73  1  0  95  60  24  53  70  46  54  41  61  68  75  55  69  42  82  22  85  50  66  64  65  67  72  74  76  77  78  79  80  81  84  86  87  88  89  90  91  92  93  


  ==> Energy                -269.734255517
  ==> dE                       -3.95e-05
  ==> Gradient Norm             3.50e-01
  ==> Abs. Max. Deriv.          2.94e-02
  ==> Time-Grad. (s)             139.229
  ==> Time-Energy (s)             16.420
  ==> Time-Iter. (s)             156.690

--------------------------------------------------------------------------------
CEO-ADAPT-VQE iteration: 198
--------------------------------------------------------------------------------
    gate        derivative      name       op1       op2       op3        g_unscaled   penalty
      51        0.00108229      a_ia        51                            0.00216458         2
    1211        0.00036416      a_ia      1211                            0.00801143        22
   45257       -0.00035935        om      4131      4132                 -0.01545213        43
   45369        0.00035159        om      4243      4244                  0.01441503        41
   45368        0.00035054        op      4243      4244                  0.01437229        41
   45585        0.00034064        om      4459      4460                  0.01396612        41
   45584        0.00033662        op      4459      4460                  0.01380160        41
   45256       -0.00032886        op      4131      4132                 -0.01414088        43
   45496        0.00031627        op      4371      4372                  0.02435303        77
   45497        0.00030720        om      4371      4372                  0.02365430        77

  ==> Add operator: a_ia 51
  ==> Current qubit order: 2  3  4  5  6  7  8  9  10  11  12  13  14  15  16  17  18  19  20  21  26  27  28  29  30  31  34  35  37  32  33  38  39  36  47  44  45  40  52  56  57  83  62  63  25  43  23  49  51  48  59  71  58  94  73  1  0  95  60  24  53  70  46  54  41  61  68  75  55  69  42  82  22  85  50  66  64  65  67  72  74  76  77  78  79  80  81  84  86  87  88  89  90  91  92  93  


  ==> Energy                -269.734256019
  ==> dE                       -5.02e-07
  ==> Gradient Norm             3.54e-01
  ==> Abs. Max. Deriv.          3.28e-02
  ==> Time-Grad. (s)             103.042
  ==> Time-Energy (s)              9.734
  ==> Time-Iter. (s)             113.804

--------------------------------------------------------------------------------
CEO-ADAPT-VQE iteration: 199
--------------------------------------------------------------------------------
    gate        derivative      name       op1       op2       op3        g_unscaled   penalty
   86247        0.00043801        om     34867     34868                  0.04248741        97
   86246        0.00043107        op     34867     34868                  0.04181424        97
   34867        0.00037302    a_iajb     34867                            0.04215083       113
    1214        0.00036416      a_ia      1214                            0.00801154        22
   45161       -0.00035954        om      4134      4135                 -0.01546036        43
   45273        0.00035151        om      4246      4247                  0.01441200        41
   45272        0.00035047        op      4246      4247                  0.01436943        41
   45489        0.00034073        om      4462      4463                  0.01396978        41
   45488        0.00033671        op      4462      4463                  0.01380517        41
   45160       -0.00032904        op      4134      4135                 -0.01414855        43

  ==> Add operator: mvp2 -1: 34867 34868
  ==> Current qubit order: 2  3  4  5  6  7  8  9  10  11  12  13  14  15  16  17  18  19  20  21  26  27  28  29  30  31  34  35  37  32  33  38  39  36  47  44  45  40  52  56  57  62  63  25  43  49  51  59  71  58  83  23  48  22  94  73  1  0  95  60  24  53  70  46  54  41  61  68  75  55  69  42  82  85  50  66  64  65  67  72  74  76  77  78  79  80  81  84  86  87  88  89  90  91  92  93  


  ==> Energy                -269.734480941
  ==> dE                       -2.25e-04
  ==> Gradient Norm             3.69e-01
  ==> Abs. Max. Deriv.          4.25e-02
  ==> Time-Grad. (s)             123.164
  ==> Time-Energy (s)             19.927
  ==> Time-Iter. (s)             144.105

--------------------------------------------------------------------------------
CEO-ADAPT-VQE iteration: 200
--------------------------------------------------------------------------------
    gate        derivative      name       op1       op2       op3        g_unscaled   penalty
   45170       -0.00035986        om      4149      4150                 -0.01547390        43
   45169       -0.00032975        op      4149      4150                 -0.01417926        43
   45409        0.00030828        op      4389      4390                  0.02435429        79
    1006        0.00030531      a_ia      1006                            0.00366374        12
    1115        0.00029986      a_ia      1115                            0.00239885         8
   45410        0.00029942        om      4389      4390                  0.02365433        79
   45282        0.00029412        om      4261      4262                  0.01441185        49
   45281        0.00029323        op      4261      4262                  0.01436840        49
    1217        0.00028752      a_ia      1217                            0.00805044        28
   45280       -0.00028084        om      4259      4260                 -0.01656959        59

  ==> Add operator: mvp2 -1: 4149 4150
  ==> Current qubit order: 2  3  4  5  6  7  8  9  10  11  12  13  14  15  16  17  18  19  20  21  26  27  28  29  30  31  34  35  37  32  33  38  39  36  47  44  45  40  52  56  57  62  63  25  43  49  51  59  71  58  83  23  48  22  94  73  60  24  1  0  95  54  53  70  46  41  61  68  75  55  69  42  82  85  50  66  64  65  67  72  74  76  77  78  79  80  81  84  86  87  88  89  90  91  92  93  


  ==> Energy                -269.734890329
  ==> dE                       -4.09e-04
  ==> Gradient Norm             3.48e-01
  ==> Abs. Max. Deriv.          2.95e-02
  ==> Time-Grad. (s)              93.688
  ==> Time-Energy (s)            520.164
  ==> Time-Iter. (s)             614.860

--------------------------------------------------------------------------------
CEO-ADAPT-VQE iteration: 201
--------------------------------------------------------------------------------
    gate        derivative      name       op1       op2       op3        g_unscaled   penalty
    1193       -0.00202662      a_ia      1193                           -0.00405324         2
     731       -0.00105180      a_ia       731                           -0.00210360         2
    1074        0.00095545      a_ia      1074                            0.00191090         2
    1125       -0.00066382      a_ia      1125                           -0.00132765         2
     644       -0.00057951      a_ia       644                           -0.00115902         2
   45225       -0.00048639        om      4162      4163                 -0.01215970        25
   45224       -0.00044431        op      4162      4163                 -0.01110771        25
       6       -0.00040278      a_ia         6                           -0.00161110         4
     680        0.00038975      a_ia       680                            0.00233850         6
   45553        0.00037295        om      4490      4491                  0.01379916        37

  ==> Add operator: a_ia 1193
  ==> Current qubit order: 2  3  4  5  6  7  8  9  10  11  12  13  14  15  16  17  18  19  20  21  26  27  28  29  30  31  34  35  37  32  33  38  39  36  47  44  45  40  52  56  57  62  63  25  43  49  51  59  71  58  83  23  48  22  94  73  60  24  1  0  95  54  53  70  46  41  61  68  75  55  69  42  82  85  50  66  64  65  67  72  74  76  77  78  79  80  81  84  86  87  88  89  90  91  92  93  


  ==> Energy                -269.734894759
  ==> dE                       -4.43e-06
  ==> Gradient Norm             3.59e-01
  ==> Abs. Max. Deriv.          4.34e-02
  ==> Time-Grad. (s)              93.782
  ==> Time-Energy (s)             11.865
  ==> Time-Iter. (s)             106.900

--------------------------------------------------------------------------------
CEO-ADAPT-VQE iteration: 202
--------------------------------------------------------------------------------
    gate        derivative      name       op1       op2       op3        g_unscaled   penalty
     732       -0.00102318      a_ia       732                           -0.00204636         2
    1075        0.00096921      a_ia      1075                            0.00193842         2
    1126       -0.00065838      a_ia      1126                           -0.00131677         2
     645       -0.00058272      a_ia       645                           -0.00116545         2
   45255       -0.00048641        om      4169      4170                 -0.01216027        25
   45254       -0.00044433        op      4169      4170                 -0.01110827        25
       6       -0.00040248      a_ia         6                           -0.00160993         4
     681        0.00038041      a_ia       681                            0.00228247         6
   45583        0.00037294        om      4497      4498                  0.01379890        37
   45582        0.00036935        op      4497      4498                  0.01366603        37

  ==> Add operator: a_ia 732
  ==> Current qubit order: 2  3  4  5  6  7  8  9  10  11  12  13  14  15  16  17  18  19  20  21  26  27  28  29  30  31  34  35  37  32  33  38  39  36  47  44  45  40  52  56  57  62  63  25  43  49  51  59  71  58  83  23  48  22  94  73  60  24  1  0  95  54  53  70  46  41  61  68  75  55  69  42  82  85  50  66  64  65  67  72  74  76  77  78  79  80  81  84  86  87  88  89  90  91  92  93  


  ==> Energy                -269.734896249
  ==> dE                       -1.49e-06
  ==> Gradient Norm             3.53e-01
  ==> Abs. Max. Deriv.          3.92e-02
  ==> Time-Grad. (s)              94.691
  ==> Time-Energy (s)             10.503
  ==> Time-Iter. (s)             106.235

--------------------------------------------------------------------------------
CEO-ADAPT-VQE iteration: 203
--------------------------------------------------------------------------------
    gate        derivative      name       op1       op2       op3        g_unscaled   penalty
    1078        0.00094611      a_ia      1078                            0.00189221         2
    1129       -0.00064862      a_ia      1129                           -0.00129724         2
     646       -0.00057965      a_ia       646                           -0.00115930         2
   45244       -0.00048644        om      4180      4181                 -0.01216100        25
   45243       -0.00044436        op      4180      4181                 -0.01110892        25
    1393       -0.00041455      a_ia      1393                           -0.00082911         2
       6       -0.00040303      a_ia         6                           -0.00161212         4
     682        0.00037985      a_ia       682                            0.00227913         6
   45572        0.00037294        om      4508      4509                  0.01379874        37
   45571        0.00036935        op      4508      4509                  0.01366586        37

  ==> Add operator: a_ia 1078
  ==> Current qubit order: 2  3  4  5  6  7  8  9  10  11  12  13  14  15  16  17  18  19  20  21  26  27  28  29  30  31  34  35  37  32  33  38  39  36  47  44  45  40  52  56  57  62  63  25  43  49  51  59  71  58  83  23  48  22  94  73  60  24  1  0  95  54  53  70  46  41  61  68  75  55  69  42  82  85  50  66  64  65  67  72  74  76  77  78  79  80  81  84  86  87  88  89  90  91  92  93  


  ==> Energy                -269.734897850
  ==> dE                       -1.60e-06
  ==> Gradient Norm             3.62e-01
  ==> Abs. Max. Deriv.          3.21e-02
  ==> Time-Grad. (s)              92.431
  ==> Time-Energy (s)             10.859
  ==> Time-Iter. (s)             104.318

--------------------------------------------------------------------------------
CEO-ADAPT-VQE iteration: 204
--------------------------------------------------------------------------------
    gate        derivative      name       op1       op2       op3        g_unscaled   penalty
    1133       -0.00064585      a_ia      1133                           -0.00129170         2
     648       -0.00057441      a_ia       648                           -0.00114882         2
   45287       -0.00048646        om      4195      4196                 -0.01216147        25
   45286       -0.00044437        op      4195      4196                 -0.01110931        25
    1397       -0.00041454      a_ia      1397                           -0.00082907         2
       6       -0.00040299      a_ia         6                           -0.00161197         4
   45300       -0.00038417        op      4209      4210                 -0.03034967        79
   87528       -0.00038237        op     35697     35698                 -0.03403094        89
     684        0.00037840      a_ia       684                            0.00227040         6
   45617        0.00037294        om      4525      4526                  0.01379868        37

  ==> Add operator: a_ia 1133
  ==> Current qubit order: 2  3  4  5  6  7  8  9  10  11  12  13  14  15  16  17  18  19  20  21  26  27  28  29  30  31  34  35  37  32  33  38  39  36  47  44  45  40  52  56  57  62  63  25  43  49  51  59  71  58  83  23  48  22  94  73  60  24  1  0  95  54  53  70  46  41  61  68  75  55  69  42  82  85  50  66  64  65  67  72  74  76  77  78  79  80  81  84  86  87  88  89  90  91  92  93  


  ==> Energy                -269.734898187
  ==> dE                       -3.37e-07
  ==> Gradient Norm             3.56e-01
  ==> Abs. Max. Deriv.          3.66e-02
  ==> Time-Grad. (s)              89.958
  ==> Time-Energy (s)             11.102
  ==> Time-Iter. (s)             102.094

--------------------------------------------------------------------------------
CEO-ADAPT-VQE iteration: 205
--------------------------------------------------------------------------------
    gate        derivative      name       op1       op2       op3        g_unscaled   penalty
     650       -0.00057294      a_ia       650                           -0.00114588         2
   86697       -0.00052721        op     35244     35245                 -0.02899636        55
   86698       -0.00052721        op     35244     35245                 -0.02899636        55
   86701       -0.00051166        op     35244     35246                 -0.02814105        55
   86702       -0.00051166        op     35244     35246                 -0.02814105        55
   45182       -0.00048645        om      4204      4205                 -0.01216114        25
   45181       -0.00044435        op      4204      4205                 -0.01110883        25
    1399       -0.00041454      a_ia      1399                           -0.00082908         2
   35244       -0.00040895    a_iajb     35244                           -0.02903571        71
       6       -0.00040315      a_ia         6                           -0.00161259         4

  ==> Add operator: a_ia 650
  ==> Current qubit order: 2  3  4  5  6  7  8  9  10  11  12  13  14  15  16  17  18  19  20  21  26  27  28  29  30  31  34  35  37  32  33  38  39  36  47  44  45  40  52  56  57  62  63  25  43  49  51  59  71  58  83  23  48  22  94  73  60  24  1  0  95  54  53  70  46  41  61  68  75  55  69  42  82  85  50  66  64  65  67  72  74  76  77  78  79  80  81  84  86  87  88  89  90  91  92  93  


  ==> Energy                -269.734898927
  ==> dE                       -7.40e-07
  ==> Gradient Norm             3.61e-01
  ==> Abs. Max. Deriv.          3.03e-02
  ==> Time-Grad. (s)              91.516
  ==> Time-Energy (s)              8.893
  ==> Time-Iter. (s)             101.623

--------------------------------------------------------------------------------
CEO-ADAPT-VQE iteration: 206
--------------------------------------------------------------------------------
    gate        derivative      name       op1       op2       op3        g_unscaled   penalty
   45161       -0.00048651        om      4216      4217                 -0.01216274        25
   45160       -0.00044445        op      4216      4217                 -0.01111118        25
    1404       -0.00041460      a_ia      1404                           -0.00082919         2
       6       -0.00040365      a_ia         6                           -0.00161462         4
   45174       -0.00038417        op      4230      4231                 -0.03034963        79
     688        0.00037939      a_ia       688                            0.00227634         6
   45491        0.00037294        om      4546      4547                  0.01379887        37
   45490        0.00036936        op      4546      4547                  0.01366625        37
   45175       -0.00036623        om      4230      4231                 -0.02893184        79
   45402        0.00036249        op      4458      4459                  0.02428671        67

  ==> Add operator: mvp2 -1: 4216 4217
  ==> Current qubit order: 2  3  4  5  6  7  8  9  10  11  12  13  14  15  16  17  18  19  20  21  26  27  28  29  30  31  34  35  37  32  33  38  39  36  47  44  45  40  52  56  57  62  63  25  43  49  51  59  71  58  83  23  48  22  94  73  60  24  1  0  95  54  53  70  46  41  61  68  75  55  69  42  82  85  50  66  64  65  67  72  74  76  77  78  79  80  81  84  86  87  88  89  90  91  92  93  


  ==> Energy                -269.734928357
  ==> dE                       -2.94e-05
  ==> Gradient Norm             3.63e-01
  ==> Abs. Max. Deriv.          3.03e-02
  ==> Time-Grad. (s)             100.127
  ==> Time-Energy (s)             19.108
  ==> Time-Iter. (s)             120.269

--------------------------------------------------------------------------------
CEO-ADAPT-VQE iteration: 207
--------------------------------------------------------------------------------
    gate        derivative      name       op1       op2       op3        g_unscaled   penalty
      60        0.00052066      a_ia        60                            0.00208265         4
       6       -0.00043612      a_ia         6                           -0.00174450         4
    1410       -0.00041526      a_ia      1410                           -0.00083052         2
   45138       -0.00038388        op      4248      4249                 -0.03032675        79
     694        0.00037980      a_ia       694                            0.00227882         6
   45457        0.00037231        om      4566      4567                  0.01377554        37
   45456        0.00037188        op      4566      4567                  0.01375955        37
   45139       -0.00036598        om      4248      4249                 -0.02891232        79
   45366        0.00036293        op      4476      4477                  0.02431630        67
   45367        0.00035108        om      4476      4477                  0.02352207        67

  ==> Add operator: a_ia 60
  ==> Current qubit order: 2  3  4  5  6  7  8  9  10  11  12  13  14  15  16  17  18  19  20  21  26  27  28  29  30  31  34  35  37  32  33  38  39  36  47  44  45  40  52  56  57  62  63  25  43  49  51  59  71  58  83  23  48  22  94  73  60  24  0  1  95  54  53  70  46  41  61  68  75  55  69  42  82  85  50  66  64  65  67  72  74  76  77  78  79  80  81  84  86  87  88  89  90  91  92  93  


  ==> Energy                -269.734928723
  ==> dE                       -3.66e-07
  ==> Gradient Norm             3.57e-01
  ==> Abs. Max. Deriv.          3.03e-02
  ==> Time-Grad. (s)             128.447
  ==> Time-Energy (s)             11.667
  ==> Time-Iter. (s)             141.078

--------------------------------------------------------------------------------
CEO-ADAPT-VQE iteration: 208
--------------------------------------------------------------------------------
    gate        derivative      name       op1       op2       op3        g_unscaled   penalty
       6       -0.00087230      a_ia         6                           -0.00174459         2
    1412       -0.00041525      a_ia      1412                           -0.00083049         2
   87586        0.00039130        op     36095     36096                  0.02856519        73
   45178       -0.00038395        op      4256      4257                 -0.03033170        79
     695        0.00037942      a_ia       695                            0.00227650         6
   45497        0.00037226        om      4574      4575                  0.01377346        37
   45496        0.00037183        op      4574      4575                  0.01375777        37
   87587        0.00036708        om     36095     36096                  0.02679663        73
   45179       -0.00036604        om      4256      4257                 -0.02891726        79
   45406        0.00036285        op      4484      4485                  0.02431128        67

  ==> Add operator: a_ia 6
  ==> Current qubit order: 2  3  4  5  6  7  8  9  10  11  12  13  14  15  16  17  18  19  20  21  26  27  28  29  30  31  34  35  37  32  33  38  39  36  47  44  45  40  52  56  57  62  63  25  43  49  51  59  71  58  83  23  48  22  94  73  60  24  0  1  95  54  53  70  46  41  61  68  75  55  69  42  82  85  50  66  64  65  67  72  74  76  77  78  79  80  81  84  86  87  88  89  90  91  92  93  


  ==> Energy                -269.734928801
  ==> dE                       -7.78e-08
  ==> Gradient Norm             3.54e-01
  ==> Abs. Max. Deriv.          3.03e-02
  ==> Time-Grad. (s)              93.981
  ==> Time-Energy (s)             10.573
  ==> Time-Iter. (s)             105.553

--------------------------------------------------------------------------------

--------------------------------------------------------------------------------
RESTART
--------------------------------------------------------------------------------

Last Energy: -269.735210064

--------------------------------------------------------------------------------
CEO-ADAPT-VQE iteration: 209
--------------------------------------------------------------------------------
    gate        derivative      name       op1       op2       op3        g_unscaled   penalty
       6       -0.00336209      a_ia         6                           -0.00672417         2
      20       -0.00084641      a_ia        20                           -0.00338564         4
   88233       -0.00080227        op     36350     36352                 -0.02968390        37
   88234       -0.00080227        op     36350     36352                 -0.02968390        37
   88229       -0.00078472        op     36350     36351                 -0.02903475        37
   88230       -0.00078472        op     36350     36351                 -0.02903475        37
      60        0.00065826      a_ia        60                            0.00131651         2
     750        0.00059338      a_ia       750                            0.00118676         2
      33        0.00056974      a_ia        33                            0.00455790         8
   36350       -0.00056029    a_iajb     36350                           -0.02969543        53

  ==> Add operator: a_ia 6
  ==> Current qubit order: 2  3  4  5  6  7  8  9  10  11  12  13  14  15  16  17  18  19  20  21  26  27  28  29  30  31  34  35  37  32  33  38  39  36  47  44  45  40  52  56  57  62  63  25  43  49  51  59  71  58  83  23  48  22  94  73  60  24  0  1  95  54  53  70  46  41  61  68  75  55  69  42  82  85  50  66  64  65  67  72  74  76  77  78  79  80  81  84  86  87  88  89  90  91  92  93  


  ==> Energy                -269.735213961
  ==> dE                       -3.90e-06
  ==> Gradient Norm             3.59e-01
  ==> Abs. Max. Deriv.          3.47e-02
  ==> Time-Grad. (s)             175.113
  ==> Time-Energy (s)             32.936
  ==> Time-Iter. (s)             209.276

--------------------------------------------------------------------------------
CEO-ADAPT-VQE iteration: 210
--------------------------------------------------------------------------------
    gate        derivative      name       op1       op2       op3        g_unscaled   penalty
      21       -0.00084576      a_ia        21                           -0.00338302         4
      61        0.00065882      a_ia        61                            0.00131764         2
     753        0.00059305      a_ia       753                            0.00118609         2
      34        0.00056957      a_ia        34                            0.00455659         8
     699        0.00045494      a_ia       699                            0.00272962         6
    1424       -0.00041610      a_ia      1424                           -0.00083220         2
   45229       -0.00038435        op      4290      4291                 -0.03036339        79
   45548        0.00037047        om      4608      4609                  0.01370753        37
   45547        0.00036847        op      4608      4609                  0.01363331        37
   45230       -0.00036611        om      4290      4291                 -0.02892308        79

  ==> Add operator: a_ia 21
  ==> Current qubit order: 2  3  4  5  6  7  8  9  10  11  12  13  14  15  16  17  18  19  20  21  26  27  28  29  30  31  34  35  37  32  33  38  39  36  47  44  45  40  52  56  57  62  63  25  43  49  51  59  71  58  83  23  48  22  94  73  24  60  0  1  95  54  53  70  46  41  61  68  75  55  69  42  82  85  50  66  64  65  67  72  74  76  77  78  79  80  81  84  86  87  88  89  90  91  92  93  


  ==> Energy                -269.735215517
  ==> dE                       -1.56e-06
  ==> Gradient Norm             3.62e-01
  ==> Abs. Max. Deriv.          4.57e-02
  ==> Time-Grad. (s)             176.763
  ==> Time-Energy (s)             33.767
  ==> Time-Iter. (s)             211.613

--------------------------------------------------------------------------------
CEO-ADAPT-VQE iteration: 211
--------------------------------------------------------------------------------
    gate        derivative      name       op1       op2       op3        g_unscaled   penalty
    1277       -0.00341172      a_ia      1277                           -0.00682344         2
      61        0.00063192      a_ia        61                            0.00126384         2
     757        0.00059756      a_ia       757                            0.00119511         2
      34        0.00057765      a_ia        34                            0.00462117         8
     703        0.00045268      a_ia       703                            0.00271608         6
   87525       -0.00044457        op     35964     35965                 -0.02889678        65
    1430       -0.00041605      a_ia      1430                           -0.00083211         2
   45243       -0.00038440        op      4305      4306                 -0.03036763        79
   87526       -0.00037788        om     35964     35965                 -0.02456252        65
   45564        0.00037058        om      4625      4626                  0.01371138        37

  ==> Add operator: a_ia 1277
  ==> Current qubit order: 2  3  4  5  6  7  8  9  10  11  12  13  14  15  16  17  18  19  20  21  26  27  28  29  30  31  34  35  37  32  33  38  39  36  47  44  45  40  52  56  57  62  63  25  43  49  51  59  71  58  83  23  48  22  94  73  24  60  0  1  95  54  53  70  46  41  61  68  75  55  69  42  82  85  50  66  64  65  67  72  74  76  77  78  79  80  81  84  86  87  88  89  90  91  92  93  


  ==> Energy                -269.735636253
  ==> dE                       -4.21e-04
  ==> Gradient Norm             3.61e-01
  ==> Abs. Max. Deriv.          3.47e-02
  ==> Time-Grad. (s)             174.916
  ==> Time-Energy (s)             23.640
  ==> Time-Iter. (s)             199.600

--------------------------------------------------------------------------------
CEO-ADAPT-VQE iteration: 212
--------------------------------------------------------------------------------
    gate        derivative      name       op1       op2       op3        g_unscaled   penalty
      61        0.00061431      a_ia        61                            0.00122862         2
     761        0.00058971      a_ia       761                            0.00117941         2
      34        0.00057214      a_ia        34                            0.00457708         8
     707        0.00046085      a_ia       707                            0.00276511         6
    1435       -0.00042673      a_ia      1435                           -0.00085345         2
   45090       -0.00038443        op      4317      4318                 -0.03036989        79
   45413        0.00037063        om      4639      4640                  0.01371348        37
   45412        0.00036848        op      4639      4640                  0.01363390        37
   45091       -0.00036615        om      4317      4318                 -0.02892557        79
   45322        0.00036408        op      4549      4550                  0.02439358        67

  ==> Add operator: a_ia 61
  ==> Current qubit order: 2  3  4  5  6  7  8  9  10  11  12  13  14  15  16  17  18  19  20  21  26  27  28  29  30  31  34  35  37  32  33  38  39  36  47  44  45  40  52  56  57  62  63  25  43  49  51  59  71  58  83  23  48  22  94  73  24  60  0  1  95  54  53  70  46  41  61  68  75  55  69  42  82  85  50  66  64  65  67  72  74  76  77  78  79  80  81  84  86  87  88  89  90  91  92  93  


  ==> Energy                -269.735636387
  ==> dE                       -1.34e-07
  ==> Gradient Norm             3.61e-01
  ==> Abs. Max. Deriv.          3.99e-02
  ==> Time-Grad. (s)             172.464
  ==> Time-Energy (s)             30.778
  ==> Time-Iter. (s)             204.288

--------------------------------------------------------------------------------
CEO-ADAPT-VQE iteration: 213
--------------------------------------------------------------------------------
    gate        derivative      name       op1       op2       op3        g_unscaled   penalty
     765        0.00059051      a_ia       765                            0.00118102         2
      34        0.00056661      a_ia        34                            0.00453290         8
     711        0.00046056      a_ia       711                            0.00276337         6
   87760       -0.00042929        om     36210     36211                 -0.03734803        87
    1439       -0.00042671      a_ia      1439                           -0.00085342         2
   87759       -0.00040860        op     36210     36211                 -0.03554852        87
   45207       -0.00038448        op      4326      4327                 -0.03037360        79
   45532        0.00037062        om      4650      4651                  0.01371303        37
   45531        0.00036850        op      4650      4651                  0.01363457        37
   45208       -0.00036619        om      4326      4327                 -0.02892928        79

  ==> Add operator: a_ia 765
  ==> Current qubit order: 2  3  4  5  6  7  8  9  10  11  12  13  14  15  16  17  18  19  20  21  26  27  28  29  30  31  34  35  37  32  33  38  39  36  47  44  45  40  52  56  57  62  63  25  43  49  51  59  71  58  83  23  48  22  94  73  24  60  0  1  95  54  53  70  46  41  61  68  75  55  69  42  82  85  50  66  64  65  67  72  74  76  77  78  79  80  81  84  86  87  88  89  90  91  92  93  


  ==> Energy                -269.735636520
  ==> dE                       -1.33e-07
  ==> Gradient Norm             3.69e-01
  ==> Abs. Max. Deriv.          3.73e-02
  ==> Time-Grad. (s)             263.347
  ==> Time-Energy (s)             29.949
  ==> Time-Iter. (s)             294.333

--------------------------------------------------------------------------------
CEO-ADAPT-VQE iteration: 214
--------------------------------------------------------------------------------
    gate        derivative      name       op1       op2       op3        g_unscaled   penalty
      34        0.00056750      a_ia        34                            0.00454003         8
     713        0.00046074      a_ia       713                            0.00276446         6
    1442       -0.00042672      a_ia      1442                           -0.00085344         2
   45187       -0.00038448        op      4331      4332                 -0.03037377        79
   45512        0.00037062        om      4655      4656                  0.01371309        37
   45511        0.00036850        op      4655      4656                  0.01363464        37
   45188       -0.00036620        om      4331      4332                 -0.02892947        79
   45421        0.00036403        op      4565      4566                  0.02438988        67
      53       -0.00035496      a_ia        53                           -0.00780904        22
   45422        0.00035282        om      4565      4566                  0.02363924        67

  ==> Add operator: a_ia 34
  ==> Current qubit order: 2  3  4  5  6  7  8  9  10  11  12  13  14  15  16  17  18  19  20  21  26  27  28  29  30  31  34  35  37  32  33  38  39  36  47  44  45  40  52  56  57  62  63  25  43  49  51  59  71  58  83  23  48  22  73  24  60  94  0  1  95  54  53  70  46  41  61  68  75  55  69  42  82  85  50  66  64  65  67  72  74  76  77  78  79  80  81  84  86  87  88  89  90  91  92  93  


  ==> Energy                -269.735638182
  ==> dE                       -1.66e-06
  ==> Gradient Norm             3.63e-01
  ==> Abs. Max. Deriv.          3.04e-02
  ==> Time-Grad. (s)             260.987
  ==> Time-Energy (s)             21.226
  ==> Time-Iter. (s)             283.252

--------------------------------------------------------------------------------
CEO-ADAPT-VQE iteration: 215
--------------------------------------------------------------------------------
    gate        derivative      name       op1       op2       op3        g_unscaled   penalty
     716        0.00045815      a_ia       716                            0.00274891         6
    1446       -0.00042672      a_ia      1446                           -0.00085344         2
   45082       -0.00038463        op      4350      4351                 -0.03038596        79
   45407        0.00037091        om      4674      4675                  0.01372358        37
   45406        0.00036879        op      4674      4675                  0.01364532        37
   45083       -0.00036634        om      4350      4351                 -0.02894114        79
   45316        0.00036412        op      4584      4585                  0.02439575        67
      53       -0.00035617      a_ia        53                           -0.00783575        22
     669        0.00035576      a_ia       669                            0.00142305         4
   45317        0.00035290        om      4584      4585                  0.02364424        67

  ==> Add operator: a_ia 716
  ==> Current qubit order: 2  3  4  5  6  7  8  9  10  11  12  13  14  15  16  17  18  19  20  21  26  27  28  29  30  31  34  35  37  32  33  38  39  36  47  44  45  40  52  56  57  62  63  25  43  49  51  59  58  83  71  23  48  22  73  24  60  94  0  1  95  54  53  70  46  41  61  68  75  55  69  42  82  85  50  66  64  65  67  72  74  76  77  78  79  80  81  84  86  87  88  89  90  91  92  93  


  ==> Energy                -269.735639870
  ==> dE                       -1.69e-06
  ==> Gradient Norm             3.59e-01
  ==> Abs. Max. Deriv.          3.70e-02
  ==> Time-Grad. (s)             171.578
  ==> Time-Energy (s)             32.323
  ==> Time-Iter. (s)             205.045

--------------------------------------------------------------------------------
CEO-ADAPT-VQE iteration: 216
--------------------------------------------------------------------------------
    gate        derivative      name       op1       op2       op3        g_unscaled   penalty
      53       -0.00043659      a_ia        53                           -0.00785857        18
    1581        0.00042656      a_ia      1581                            0.00085312         2
   45181       -0.00038463        op      4363      4364                 -0.03038598        79
   45506        0.00037091        om      4687      4688                  0.01372352        37
   45505        0.00036879        op      4687      4688                  0.01364523        37
   45182       -0.00036634        om      4363      4364                 -0.02894106        79
   45415        0.00036412        op      4597      4598                  0.02439580        67
     671        0.00035575      a_ia       671                            0.00142298         4
   45416        0.00035290        om      4597      4598                  0.02364428        67
    4363       -0.00031225    a_iajb      4363                           -0.02966352        95

  ==> Add operator: a_ia 53
  ==> Current qubit order: 2  3  4  5  6  7  8  9  10  11  12  13  14  15  16  17  18  19  20  21  26  27  28  29  30  31  34  35  37  32  33  38  39  36  47  44  45  40  52  56  57  62  63  25  43  49  51  59  58  83  23  48  22  73  24  60  94  0  71  1  95  54  53  70  46  41  61  68  75  55  69  42  82  85  50  66  64  65  67  72  74  76  77  78  79  80  81  84  86  87  88  89  90  91  92  93  


  ==> Energy                -269.735647495
  ==> dE                       -7.62e-06
  ==> Gradient Norm             3.59e-01
  ==> Abs. Max. Deriv.          3.92e-02
  ==> Time-Grad. (s)             170.720
  ==> Time-Energy (s)             32.137
  ==> Time-Iter. (s)             203.867

--------------------------------------------------------------------------------
CEO-ADAPT-VQE iteration: 217
--------------------------------------------------------------------------------
    gate        derivative      name       op1       op2       op3        g_unscaled   penalty
   45182       -0.00037502        op      4371      4372                 -0.03037675        81
   45183       -0.00035718        om      4371      4372                 -0.02893182        81
     672        0.00035570      a_ia       672                            0.00142279         4
   45416        0.00035338        op      4605      4606                  0.02438309        69
   45417        0.00034249        om      4605      4606                  0.02363155        69
    1056        0.00031205      a_ia      1056                            0.00374459        12
    1275        0.00031141      a_ia      1275                            0.00809667        26
    4371       -0.00030571    a_iajb      4371                           -0.02965428        97
   45445        0.00029235        om      4633      4634                  0.02426517        83
   45507        0.00029162        om      4695      4696                  0.01370623        47

  ==> Add operator: mvp2 -1: 4371 4372
  ==> Current qubit order: 2  3  4  5  6  7  8  9  10  11  12  13  14  15  16  17  18  19  20  21  26  27  28  29  30  31  34  35  37  32  33  38  39  36  47  44  45  40  52  56  57  62  63  25  43  49  51  59  58  83  23  48  22  73  24  60  94  71  95  54  53  70  46  41  0  1  55  72  61  68  75  69  42  82  85  50  66  64  65  67  74  76  77  78  79  80  81  84  86  87  88  89  90  91  92  93  


  ==> Energy                -269.735791941
  ==> dE                       -1.44e-04
  ==> Gradient Norm             3.58e-01
  ==> Abs. Max. Deriv.          3.04e-02
  ==> Time-Grad. (s)             263.097
  ==> Time-Energy (s)             44.197
  ==> Time-Iter. (s)             308.318

--------------------------------------------------------------------------------
CEO-ADAPT-VQE iteration: 218
--------------------------------------------------------------------------------
    gate        derivative      name       op1       op2       op3        g_unscaled   penalty
   45535       -0.00061907        op      4768      4769                 -0.02042921        33
   45536       -0.00061639        om      4768      4769                 -0.02034096        33
   92683       -0.00049439        op     40174     40175                 -0.04597826        93
   92684       -0.00049439        op     40174     40175                 -0.04597826        93
   92687       -0.00046725        op     40174     40176                 -0.04345465        93
   92688       -0.00046725        op     40174     40176                 -0.04345465        93
      55        0.00041798      a_ia        55                            0.00417979        10
    4768       -0.00041602    a_iajb      4768                           -0.02038509        49
   45312       -0.00039759        om      4544      4545                 -0.01153010        29
   45311       -0.00039734        op      4544      4545                 -0.01152274        29

  ==> Add operator: mvp2 -1: 4768 4769
  ==> Current qubit order: 2  3  4  5  6  7  8  9  10  11  12  13  14  15  16  17  18  19  20  21  26  27  28  29  30  31  34  35  37  32  33  38  39  36  47  44  45  40  52  56  57  62  63  25  43  49  51  59  58  83  23  48  22  73  24  60  94  71  95  54  53  70  46  41  0  1  72  75  55  61  68  69  42  82  85  50  66  64  65  67  74  76  77  78  79  80  81  84  86  87  88  89  90  91  92  93  


  ==> Energy                -269.735818592
  ==> dE                       -2.67e-05
  ==> Gradient Norm             3.71e-01
  ==> Abs. Max. Deriv.          4.60e-02
  ==> Time-Grad. (s)             176.730
  ==> Time-Energy (s)             53.435
  ==> Time-Iter. (s)             231.193

--------------------------------------------------------------------------------
CEO-ADAPT-VQE iteration: 219
--------------------------------------------------------------------------------
    gate        derivative      name       op1       op2       op3        g_unscaled   penalty
      55        0.00100662      a_ia        55                            0.00402647         4
   45344       -0.00039775        om      4556      4557                 -0.01153482        29
   45343       -0.00039511        op      4556      4557                 -0.01145824        29
     679        0.00035563      a_ia       679                            0.00142253         4
   45582        0.00035160        om      4794      4795                  0.01793143        51
   45124        0.00035123        om      4336      4337                  0.01369786        39
   45123        0.00034941        op      4336      4337                  0.01362703        39
   45581        0.00034699        op      4794      4795                  0.01769626        51
   45419        0.00033399        op      4632      4633                  0.02438110        73
   86730        0.00032652        om     35598     35599                  0.02840724        87

  ==> Add operator: a_ia 55
  ==> Current qubit order: 2  3  4  5  6  7  8  9  10  11  12  13  14  15  16  17  18  19  20  21  26  27  28  29  30  31  34  35  37  32  33  38  39  36  47  44  45  40  52  56  57  62  63  25  43  49  51  59  58  83  23  48  22  73  24  60  94  71  95  54  53  70  46  41  0  72  1  75  55  61  68  69  42  82  85  50  66  64  65  67  74  76  77  78  79  80  81  84  86  87  88  89  90  91  92  93  


  ==> Energy                -269.735820657
  ==> dE                       -2.07e-06
  ==> Gradient Norm             3.49e-01
  ==> Abs. Max. Deriv.          2.95e-02
  ==> Time-Grad. (s)             173.273
  ==> Time-Energy (s)             29.182
  ==> Time-Iter. (s)             203.461

--------------------------------------------------------------------------------
CEO-ADAPT-VQE iteration: 220
--------------------------------------------------------------------------------
    gate        derivative      name       op1       op2       op3        g_unscaled   penalty
    1197        0.00078396      a_ia      1197                            0.00313582         4
   45530        0.00038135        om      4798      4799                  0.01792332        47
   45529        0.00037635        op      4798      4799                  0.01768841        47
      51       -0.00035991      a_ia        51                           -0.00215943         6
     680        0.00035563      a_ia       680                            0.00142251         4
    1263       -0.00035162      a_ia      1263                           -0.00210970         6
   45651       -0.00033282        op      4920      4921                 -0.01697372        51
   45652       -0.00032538        om      4920      4921                 -0.01659436        51
   45367        0.00032497        op      4636      4637                  0.02437276        75
   45368        0.00031488        om      4636      4637                  0.02361632        75

  ==> Add operator: a_ia 1197
  ==> Current qubit order: 2  3  4  5  6  7  8  9  10  11  12  13  14  15  16  17  18  19  20  21  26  27  28  29  30  31  34  35  37  32  33  38  39  36  47  44  45  40  52  56  57  62  63  25  49  43  51  59  58  83  23  48  22  73  24  60  94  71  95  54  53  70  46  41  0  72  1  75  55  61  68  69  42  82  85  50  66  64  65  67  74  76  77  78  79  80  81  84  86  87  88  89  90  91  92  93  


  ==> Energy                -269.735826494
  ==> dE                       -5.84e-06
  ==> Gradient Norm             3.49e-01
  ==> Abs. Max. Deriv.          2.95e-02
  ==> Time-Grad. (s)             176.123
  ==> Time-Energy (s)             29.936
  ==> Time-Iter. (s)             207.090

--------------------------------------------------------------------------------
CEO-ADAPT-VQE iteration: 221
--------------------------------------------------------------------------------
    gate        derivative      name       op1       op2       op3        g_unscaled   penalty
   45423        0.00038136        om      4812      4813                  0.01792385        47
   45422        0.00037636        op      4812      4813                  0.01768893        47
      51       -0.00036201      a_ia        51                           -0.00217208         6
   86829       -0.00035991        om     35976     35977                 -0.01907548        53
   86828       -0.00035845        op     35976     35977                 -0.01899790        53
     681        0.00035557      a_ia       681                            0.00142227         4
    1264       -0.00034945      a_ia      1264                           -0.00209669         6
   45544       -0.00033282        op      4934      4935                 -0.01697405        51
   45545       -0.00032539        om      4934      4935                 -0.01659469        51
   45258        0.00032497        op      4648      4649                  0.02437292        75

  ==> Add operator: mvp2 -1: 4812 4813
  ==> Current qubit order: 2  3  4  5  6  7  8  9  10  11  12  13  14  15  16  17  18  19  20  21  26  27  28  29  30  31  34  35  37  32  33  38  39  36  47  44  45  40  52  56  57  62  63  25  49  43  51  59  58  83  23  48  22  73  24  60  94  71  54  53  70  95  0  72  1  46  41  75  55  61  68  69  42  82  85  50  66  64  65  67  74  76  77  78  79  80  81  84  86  87  88  89  90  91  92  93  


  ==> Energy                -269.735845189
  ==> dE                       -1.87e-05
  ==> Gradient Norm             3.68e-01
  ==> Abs. Max. Deriv.          3.49e-02
  ==> Time-Grad. (s)             170.269
  ==> Time-Energy (s)             56.583
  ==> Time-Iter. (s)             227.905

--------------------------------------------------------------------------------
CEO-ADAPT-VQE iteration: 222
--------------------------------------------------------------------------------
    gate        derivative      name       op1       op2       op3        g_unscaled   penalty
    1171        0.00056714      a_ia      1171                            0.00113428         2
    1267       -0.00052384      a_ia      1267                           -0.00209536         4
     684        0.00035574      a_ia       684                            0.00142296         4
   45366        0.00035390        op      4657      4658                  0.02441890        69
   45367        0.00034271        om      4657      4658                  0.02364708        69
    1072        0.00031208      a_ia      1072                            0.00374492        12
    1294        0.00031154      a_ia      1294                            0.00810005        26
   45068        0.00030990        op      4359      4360                  0.01394569        45
     760       -0.00030988      a_ia       760                           -0.00557776        18
   45069        0.00030847        om      4359      4360                  0.01388106        45

  ==> Add operator: a_ia 1171
  ==> Current qubit order: 2  3  4  5  6  7  8  9  10  11  12  13  14  15  16  17  18  19  20  21  26  27  28  29  30  31  34  35  37  32  33  38  39  36  47  44  45  40  52  56  57  62  63  25  49  43  51  59  58  83  23  48  22  73  24  60  94  71  54  53  70  95  0  72  1  46  41  75  55  61  68  69  42  82  85  50  66  64  65  67  74  76  77  78  79  80  81  84  86  87  88  89  90  91  92  93  


  ==> Energy                -269.735845474
  ==> dE                       -2.85e-07
  ==> Gradient Norm             3.71e-01
  ==> Abs. Max. Deriv.          3.97e-02
  ==> Time-Grad. (s)             180.924
  ==> Time-Energy (s)             34.876
  ==> Time-Iter. (s)             216.801

--------------------------------------------------------------------------------
CEO-ADAPT-VQE iteration: 223
--------------------------------------------------------------------------------
    gate        derivative      name       op1       op2       op3        g_unscaled   penalty
    1268       -0.00052169      a_ia      1268                           -0.00208677         4
     685        0.00035574      a_ia       685                            0.00142294         4
   45325        0.00035390        op      4658      4659                  0.02441892        69
   45326        0.00034271        om      4658      4659                  0.02364711        69
   85220       -0.00032388        om     34649     34650                 -0.01522225        47
   78685        0.00031806        op     29699     29700                  0.04103025       129
    1073        0.00031207      a_ia      1073                            0.00374490        12
    1295        0.00031154      a_ia      1295                            0.00810015        26
   45027        0.00030991        op      4360      4361                  0.01394576        45
     761       -0.00030952      a_ia       761                           -0.00557139        18

  ==> Add operator: a_ia 1268
  ==> Current qubit order: 2  3  4  5  6  7  8  9  10  11  12  13  14  15  16  17  18  19  20  21  26  27  28  29  30  31  34  35  37  32  33  38  39  36  47  44  45  40  52  56  57  62  63  25  49  43  51  59  58  83  23  48  22  73  24  60  94  71  54  53  70  95  0  1  72  46  41  75  55  61  68  69  42  82  85  50  66  64  65  67  74  76  77  78  79  80  81  84  86  87  88  89  90  91  92  93  


  ==> Energy                -269.735846616
  ==> dE                       -1.14e-06
  ==> Gradient Norm             3.63e-01
  ==> Abs. Max. Deriv.          4.10e-02
  ==> Time-Grad. (s)             175.604
  ==> Time-Energy (s)             29.247
  ==> Time-Iter. (s)             205.807

--------------------------------------------------------------------------------
CEO-ADAPT-VQE iteration: 224
--------------------------------------------------------------------------------
    gate        derivative      name       op1       op2       op3        g_unscaled   penalty
   45013        0.00037686        op      4372      4373                  0.01394369        37
   45014        0.00037510        om      4372      4373                  0.01387887        37
   45235       -0.00035845        op      4594      4595                 -0.01182882        33
   45236       -0.00035725        om      4594      4595                 -0.01178931        33
     686        0.00035576      a_ia       686                            0.00142304         4
   45311        0.00032559        op      4670      4671                  0.02441901        75
   89841       -0.00031666        op     38298     38299                 -0.04274930       135
   45444        0.00031625        om      4802      4803                  0.01296635        41
   45312        0.00031530        om      4670      4671                  0.02364720        75
   45443        0.00031484        op      4802      4803                  0.01290841        41

  ==> Add operator: mvp2 -1: 4372 4373
  ==> Current qubit order: 2  3  4  5  6  7  8  9  10  11  12  13  14  15  16  17  18  19  20  21  26  27  28  29  30  31  34  35  37  32  33  38  39  36  47  44  45  40  52  56  57  62  63  25  49  43  51  59  58  83  23  48  22  73  24  60  94  71  54  70  95  53  0  1  72  46  41  75  55  61  68  69  42  82  85  50  66  64  65  67  74  76  77  78  79  80  81  84  86  87  88  89  90  91  92  93  


  ==> Energy                -269.735859538
  ==> dE                       -1.29e-05
  ==> Gradient Norm             3.56e-01
  ==> Abs. Max. Deriv.          4.27e-02
  ==> Time-Grad. (s)             174.144
  ==> Time-Energy (s)             54.443
  ==> Time-Iter. (s)             229.568

--------------------------------------------------------------------------------
CEO-ADAPT-VQE iteration: 225
--------------------------------------------------------------------------------
    gate        derivative      name       op1       op2       op3        g_unscaled   penalty
   85281       -0.00056240        om     34774     34775                 -0.02868241        51
   85280       -0.00053791        op     34774     34775                 -0.02743325        51
   34774       -0.00041877    a_iajb     34774                           -0.02805783        67
   45211       -0.00036097        om      4607      4608                 -0.01191211        33
   45210       -0.00036096        op      4607      4608                 -0.01191165        33
     691        0.00035576      a_ia       691                            0.00142303         4
   91966       -0.00033136        op     39972     39973                 -0.01557374        47
   91967       -0.00033108        om     39972     39973                 -0.01556073        47
   45419        0.00031964        om      4815      4816                  0.01310530        41
   45418        0.00031763        op      4815      4816                  0.01302298        41

  ==> Add operator: mvp2 -1: 34774 34775
  ==> Current qubit order: 2  3  4  5  6  7  8  9  10  11  12  13  14  15  16  17  18  19  20  21  26  27  28  29  30  31  34  35  37  32  33  38  39  36  47  44  45  40  52  56  57  62  63  25  49  51  59  43  83  48  22  58  23  73  24  60  94  71  54  70  95  53  0  1  72  46  41  75  55  61  68  69  42  82  85  50  66  64  65  67  74  76  77  78  79  80  81  84  86  87  88  89  90  91  92  93  


  ==> Energy                -269.736387289
  ==> dE                       -5.28e-04
  ==> Gradient Norm             3.61e-01
  ==> Abs. Max. Deriv.          2.95e-02
  ==> Time-Grad. (s)             222.087
  ==> Time-Energy (s)           1409.438
  ==> Time-Iter. (s)            1632.536

--------------------------------------------------------------------------------
CEO-ADAPT-VQE iteration: 226
--------------------------------------------------------------------------------
    gate        derivative      name       op1       op2       op3        g_unscaled   penalty
    1225       -0.00303777      a_ia      1225                           -0.00607555         2
    1327       -0.00158234      a_ia      1327                           -0.00316468         2
      62       -0.00145715      a_ia        62                           -0.00874290         6
     796       -0.00130214      a_ia       796                           -0.00260427         2
    1280       -0.00108580      a_ia      1280                           -0.00217159         2
      25       -0.00087013      a_ia        25                           -0.00522078         6
      54       -0.00070489      a_ia        54                           -0.00845870        12
      34        0.00058854      a_ia        34                            0.00706245        12
    1184        0.00052582      a_ia      1184                            0.00105165         2
       7       -0.00048250      a_ia         7                           -0.00771997        16

  ==> Add operator: a_ia 1225
  ==> Current qubit order: 2  3  4  5  6  7  8  9  10  11  12  13  14  15  16  17  18  19  20  21  26  27  28  29  30  31  34  35  37  32  33  38  39  36  47  44  45  40  52  56  57  62  63  25  49  51  59  43  83  48  22  58  23  73  24  60  94  71  54  70  95  53  0  1  72  46  41  75  55  61  68  69  42  82  85  50  66  64  65  67  74  76  77  78  79  80  81  84  86  87  88  89  90  91  92  93  


  ==> Energy                -269.736393667
  ==> dE                       -6.38e-06
  ==> Gradient Norm             3.55e-01
  ==> Abs. Max. Deriv.          2.94e-02
  ==> Time-Grad. (s)             176.692
  ==> Time-Energy (s)             30.987
  ==> Time-Iter. (s)             208.887

--------------------------------------------------------------------------------
CEO-ADAPT-VQE iteration: 227
--------------------------------------------------------------------------------
    gate        derivative      name       op1       op2       op3        g_unscaled   penalty
    1331       -0.00158377      a_ia      1331                           -0.00316753         2
      62       -0.00146957      a_ia        62                           -0.00881744         6
     799       -0.00128744      a_ia       799                           -0.00257487         2
    1284       -0.00108073      a_ia      1284                           -0.00216146         2
      25       -0.00087687      a_ia        25                           -0.00526120         6
      54       -0.00070733      a_ia        54                           -0.00848796        12
      34        0.00057170      a_ia        34                            0.00686040        12
    1187        0.00051796      a_ia      1187                            0.00103591         2
       7       -0.00048258      a_ia         7                           -0.00772124        16
    1210        0.00041780      a_ia      1210                            0.00083561         2

  ==> Add operator: a_ia 1331
  ==> Current qubit order: 2  3  4  5  6  7  8  9  10  11  12  13  14  15  16  17  18  19  20  21  26  27  28  29  30  31  34  35  37  32  33  38  39  36  47  44  45  40  52  56  57  62  63  25  49  51  59  43  83  48  22  58  23  73  24  60  94  71  54  70  95  53  0  1  72  46  41  75  55  61  68  69  42  82  85  50  66  64  65  67  74  76  77  78  79  80  81  84  86  87  88  89  90  91  92  93  


  ==> Energy                -269.736481253
  ==> dE                       -8.76e-05
  ==> Gradient Norm             3.57e-01
  ==> Abs. Max. Deriv.          2.94e-02
  ==> Time-Grad. (s)             173.499
  ==> Time-Energy (s)             24.663
  ==> Time-Iter. (s)             199.205

--------------------------------------------------------------------------------
CEO-ADAPT-VQE iteration: 228
--------------------------------------------------------------------------------
    gate        derivative      name       op1       op2       op3        g_unscaled   penalty
      63       -0.00147273      a_ia        63                           -0.00883641         6
     800       -0.00128864      a_ia       800                           -0.00257728         2
    1288       -0.00109705      a_ia      1288                           -0.00219411         2
      25       -0.00088228      a_ia        25                           -0.00529371         6
      55       -0.00070723      a_ia        55                           -0.00848681        12
    1221        0.00059904      a_ia      1221                            0.00239617         4
      35        0.00056957      a_ia        35                            0.00683485        12
    1190        0.00050858      a_ia      1190                            0.00101717         2
       7       -0.00048599      a_ia         7                           -0.00777576        16
    1213        0.00042250      a_ia      1213                            0.00084499         2

  ==> Add operator: a_ia 63
  ==> Current qubit order: 2  3  4  5  6  7  8  9  10  11  12  13  14  15  16  17  18  19  20  21  26  27  28  29  30  31  34  35  37  32  33  38  39  36  47  44  45  40  52  56  57  62  63  25  49  51  59  43  83  48  22  58  23  73  24  60  94  71  54  70  53  0  95  1  72  46  41  75  55  61  68  69  42  82  85  50  66  64  65  67  74  76  77  78  79  80  81  84  86  87  88  89  90  91  92  93  


  ==> Energy                -269.736487236
  ==> dE                       -5.98e-06
  ==> Gradient Norm             3.61e-01
  ==> Abs. Max. Deriv.          2.94e-02
  ==> Time-Grad. (s)             273.408
  ==> Time-Energy (s)             31.767
  ==> Time-Iter. (s)             306.202

--------------------------------------------------------------------------------
CEO-ADAPT-VQE iteration: 229
--------------------------------------------------------------------------------
    gate        derivative      name       op1       op2       op3        g_unscaled   penalty
      25       -0.00131090      a_ia        25                           -0.00524360         4
     800       -0.00129391      a_ia       800                           -0.00258782         2
    1289       -0.00109953      a_ia      1289                           -0.00219905         2
      35        0.00071267      a_ia        35                            0.00712673        10
      55       -0.00070881      a_ia        55                           -0.00850570        12
    1222        0.00059627      a_ia      1222                            0.00238509         4
       7       -0.00055541      a_ia         7                           -0.00777581        14
    1191        0.00050785      a_ia      1191                            0.00101570         2
      18       -0.00048255      a_ia        18                           -0.00289530         6
      57       -0.00040893      a_ia        57                           -0.00327145         8

  ==> Add operator: a_ia 25
  ==> Current qubit order: 2  3  4  5  6  7  8  9  10  11  12  13  14  15  16  17  18  19  20  21  26  27  28  29  30  31  34  35  37  32  33  38  39  36  47  44  45  40  52  56  57  62  63  25  49  51  59  43  83  48  22  58  23  73  24  60  94  71  54  53  70  0  95  1  72  46  41  75  55  61  68  69  42  82  85  50  66  64  65  67  74  76  77  78  79  80  81  84  86  87  88  89  90  91  92  93  


  ==> Energy                -269.736490759
  ==> dE                       -3.52e-06
  ==> Gradient Norm             3.58e-01
  ==> Abs. Max. Deriv.          4.10e-02
  ==> Time-Grad. (s)             233.948
  ==> Time-Energy (s)             36.361
  ==> Time-Iter. (s)             271.338

--------------------------------------------------------------------------------
CEO-ADAPT-VQE iteration: 230
--------------------------------------------------------------------------------
    gate        derivative      name       op1       op2       op3        g_unscaled   penalty
     800       -0.00129264      a_ia       800                           -0.00258528         2
    1289       -0.00110063      a_ia      1289                           -0.00220125         2
      35        0.00071084      a_ia        35                            0.00710840        10
      55       -0.00070369      a_ia        55                           -0.00844428        12
    1222        0.00059330      a_ia      1222                            0.00237319         4
       7       -0.00055670      a_ia         7                           -0.00779382        14
    1191        0.00050039      a_ia      1191                            0.00100078         2
      18       -0.00046642      a_ia        18                           -0.00279852         6
      57       -0.00041460      a_ia        57                           -0.00331679         8
    1317        0.00039322      a_ia      1317                            0.00865083        22

  ==> Add operator: a_ia 800
  ==> Current qubit order: 2  3  4  5  6  7  8  9  10  11  12  13  14  15  16  17  18  19  20  21  26  27  28  29  30  31  34  35  37  32  33  38  39  36  47  44  45  40  52  56  57  62  63  25  49  51  59  43  83  48  22  58  23  73  24  60  94  71  54  53  70  0  95  1  72  46  41  75  55  61  68  69  42  82  85  50  66  64  65  67  74  76  77  78  79  80  81  84  86  87  88  89  90  91  92  93  


  ==> Energy                -269.736492891
  ==> dE                       -2.13e-06
  ==> Gradient Norm             3.47e-01
  ==> Abs. Max. Deriv.          3.11e-02
  ==> Time-Grad. (s)             171.346
  ==> Time-Energy (s)             29.430
  ==> Time-Iter. (s)             201.798

--------------------------------------------------------------------------------
CEO-ADAPT-VQE iteration: 231
--------------------------------------------------------------------------------
    gate        derivative      name       op1       op2       op3        g_unscaled   penalty
    1292       -0.00108996      a_ia      1292                           -0.00217992         2
      35        0.00070801      a_ia        35                            0.00708010        10
      55       -0.00070385      a_ia        55                           -0.00844626        12
    1225        0.00058791      a_ia      1225                            0.00235164         4
       7       -0.00055692      a_ia         7                           -0.00779693        14
    1194        0.00049527      a_ia      1194                            0.00099055         2
      18       -0.00046455      a_ia        18                           -0.00278732         6
      57       -0.00041434      a_ia        57                           -0.00331474         8
    1321        0.00039315      a_ia      1321                            0.00864929        22
   67462       -0.00038936        op     21312     21313                 -0.02297251        59

  ==> Add operator: a_ia 1292
  ==> Current qubit order: 2  3  4  5  6  7  8  9  10  11  12  13  14  15  16  17  18  19  20  21  26  27  28  29  30  31  34  35  37  32  33  38  39  36  47  44  45  40  52  56  57  62  63  25  49  51  59  43  83  48  22  58  23  73  24  60  94  71  54  53  70  0  95  1  72  46  41  75  55  61  68  69  42  82  85  50  66  64  65  67  74  76  77  78  79  80  81  84  86  87  88  89  90  91  92  93  


  ==> Energy                -269.736494267
  ==> dE                       -1.38e-06
  ==> Gradient Norm             3.71e-01
  ==> Abs. Max. Deriv.          2.95e-02
  ==> Time-Grad. (s)             173.748
  ==> Time-Energy (s)             31.778
  ==> Time-Iter. (s)             206.559

--------------------------------------------------------------------------------
CEO-ADAPT-VQE iteration: 232
--------------------------------------------------------------------------------
    gate        derivative      name       op1       op2       op3        g_unscaled   penalty
      35        0.00070782      a_ia        35                            0.00707822        10
      55       -0.00070259      a_ia        55                           -0.00843107        12
    1226        0.00058693      a_ia      1226                            0.00234773         4
       7       -0.00055688      a_ia         7                           -0.00779637        14
    1195        0.00048742      a_ia      1195                            0.00097483         2
      18       -0.00046517      a_ia        18                           -0.00279103         6
      57       -0.00041544      a_ia        57                           -0.00332354         8
    1322        0.00039315      a_ia      1322                            0.00864922        22
   67345        0.00035086        op     21291     21292                  0.03543668       101
    1218        0.00035042      a_ia      1218                            0.00070084         2

  ==> Add operator: a_ia 35
  ==> Current qubit order: 2  3  4  5  6  7  8  9  10  11  12  13  14  15  16  17  18  19  20  21  26  27  28  29  30  31  34  35  37  32  33  38  39  36  47  44  45  40  52  56  57  62  63  25  49  51  59  43  83  48  22  58  23  73  24  60  71  54  53  70  94  0  95  1  72  46  41  75  55  61  68  69  42  82  85  50  66  64  65  67  74  76  77  78  79  80  81  84  86  87  88  89  90  91  92  93  


  ==> Energy                -269.736498235
  ==> dE                       -3.97e-06
  ==> Gradient Norm             3.51e-01
  ==> Abs. Max. Deriv.          3.54e-02
  ==> Time-Grad. (s)             175.573
  ==> Time-Energy (s)             30.288
  ==> Time-Iter. (s)             206.886

--------------------------------------------------------------------------------
CEO-ADAPT-VQE iteration: 233
--------------------------------------------------------------------------------
    gate        derivative      name       op1       op2       op3        g_unscaled   penalty
      55       -0.00060513      a_ia        55                           -0.00847177        14
    1226        0.00059004      a_ia      1226                            0.00236016         4
       7       -0.00055732      a_ia         7                           -0.00780247        14
    1195        0.00049006      a_ia      1195                            0.00098012         2
      57       -0.00041110      a_ia        57                           -0.00328878         8
    1322        0.00039315      a_ia      1322                            0.00864928        22
    1218        0.00037067      a_ia      1218                            0.00074134         2
      18       -0.00036246      a_ia        18                           -0.00289967         8
   45172       -0.00034109        op      4668      4669                 -0.01193804        35
   45173       -0.00034103        om      4668      4669                 -0.01193606        35

  ==> Add operator: a_ia 55
  ==> Current qubit order: 2  3  4  5  6  7  8  9  10  11  12  13  14  15  16  17  18  19  20  21  26  27  28  29  30  31  34  35  37  32  33  38  39  36  47  44  45  40  52  56  57  62  63  25  49  51  59  43  83  48  22  58  23  73  24  60  54  53  70  94  0  95  71  1  72  46  41  75  55  61  68  69  42  82  85  50  66  64  65  67  74  76  77  78  79  80  81  84  86  87  88  89  90  91  92  93  


  ==> Energy                -269.736507068
  ==> dE                       -8.83e-06
  ==> Gradient Norm             3.56e-01
  ==> Abs. Max. Deriv.          3.76e-02
  ==> Time-Grad. (s)             258.882
  ==> Time-Energy (s)             22.348
  ==> Time-Iter. (s)             282.257

--------------------------------------------------------------------------------
CEO-ADAPT-VQE iteration: 234
--------------------------------------------------------------------------------
    gate        derivative      name       op1       op2       op3        g_unscaled   penalty
       7       -0.00065134      a_ia         7                           -0.00781608        12
    1229        0.00058673      a_ia      1229                            0.00234693         4
   45442        0.00048436        om      4887      4888                  0.01307768        27
   45441        0.00048134        op      4887      4888                  0.01299607        27
    1198        0.00047233      a_ia      1198                            0.00094466         2
    1325        0.00039314      a_ia      1325                            0.00864919        22
      59       -0.00039117      a_ia        59                           -0.00312935         8
      18       -0.00037760      a_ia        18                           -0.00302082         8
    1221        0.00035028      a_ia      1221                            0.00070056         2
   45307        0.00034341        op      4753      4754                  0.02438198        71

  ==> Add operator: a_ia 7
  ==> Current qubit order: 2  3  4  5  6  7  8  9  10  11  12  13  14  15  16  17  18  19  20  21  26  27  28  29  30  31  34  35  37  32  33  38  39  36  47  44  45  40  52  56  57  62  63  25  49  51  59  43  83  48  22  58  23  73  60  54  53  70  94  24  0  95  71  1  72  46  41  75  55  61  68  69  42  82  85  50  66  64  65  67  74  76  77  78  79  80  81  84  86  87  88  89  90  91  92  93  


  ==> Energy                -269.736512579
  ==> dE                       -5.51e-06
  ==> Gradient Norm             3.58e-01
  ==> Abs. Max. Deriv.          2.95e-02
  ==> Time-Grad. (s)             174.583
  ==> Time-Energy (s)             37.430
  ==> Time-Iter. (s)             213.151

--------------------------------------------------------------------------------
CEO-ADAPT-VQE iteration: 235
--------------------------------------------------------------------------------
    gate        derivative      name       op1       op2       op3        g_unscaled   penalty
    1232        0.00058668      a_ia      1232                            0.00234671         4
     781       -0.00053202      a_ia       781                           -0.00532016        10
   45372        0.00048446        om      4895      4896                  0.01308029        27
   45371        0.00048152        op      4895      4896                  0.01300096        27
    1201        0.00047197      a_ia      1201                            0.00094394         2
    1328        0.00039309      a_ia      1328                            0.00864802        22
      59       -0.00039057      a_ia        59                           -0.00312458         8
    1224        0.00034924      a_ia      1224                            0.00069849         2
   45237        0.00034344        op      4761      4762                  0.02438434        71
    1100        0.00033838      a_ia      1100                            0.00406058        12

  ==> Add operator: a_ia 1232
  ==> Current qubit order: 2  3  4  5  6  7  8  9  10  11  12  13  14  15  16  17  18  19  20  21  26  27  28  29  30  31  34  35  37  32  33  38  39  36  47  44  45  40  52  56  57  62  63  25  49  59  51  43  83  48  22  58  23  73  60  54  53  70  94  24  0  95  71  1  72  46  41  75  55  61  68  69  42  82  85  50  66  64  65  67  74  76  77  78  79  80  81  84  86  87  88  89  90  91  92  93  


  ==> Energy                -269.736515827
  ==> dE                       -3.25e-06
  ==> Gradient Norm             3.68e-01
  ==> Abs. Max. Deriv.          3.10e-02
  ==> Time-Grad. (s)             174.321
  ==> Time-Energy (s)             27.142
  ==> Time-Iter. (s)             202.496

--------------------------------------------------------------------------------
CEO-ADAPT-VQE iteration: 236
--------------------------------------------------------------------------------
    gate        derivative      name       op1       op2       op3        g_unscaled   penalty
    1352       -0.00057828      a_ia      1352                           -0.00115655         2
     781       -0.00053204      a_ia       781                           -0.00532038        10
   45369        0.00048445        om      4900      4901                  0.01308021        27
   45368        0.00048151        op      4900      4901                  0.01300086        27
    1201        0.00046389      a_ia      1201                            0.00092779         2
    1328        0.00039313      a_ia      1328                            0.00864891        22
      59       -0.00039211      a_ia        59                           -0.00313688         8
    1224        0.00034672      a_ia      1224                            0.00069344         2
   45234        0.00034344        op      4766      4767                  0.02438412        71
    1100        0.00033835      a_ia      1100                            0.00406015        12

  ==> Add operator: a_ia 1352
  ==> Current qubit order: 2  3  4  5  6  7  8  9  10  11  12  13  14  15  16  17  18  19  20  21  26  27  28  29  30  31  34  35  37  32  33  38  39  36  47  44  45  40  52  56  57  62  63  25  49  59  51  43  83  48  22  58  23  73  60  54  53  70  94  24  0  95  71  1  72  46  41  75  55  61  68  69  42  82  85  50  66  64  65  67  74  76  77  78  79  80  81  84  86  87  88  89  90  91  92  93  


  ==> Energy                -269.736526684
  ==> dE                       -1.09e-05
  ==> Gradient Norm             3.45e-01
  ==> Abs. Max. Deriv.          2.99e-02
  ==> Time-Grad. (s)             261.497
  ==> Time-Energy (s)             29.576
  ==> Time-Iter. (s)             292.079

--------------------------------------------------------------------------------
CEO-ADAPT-VQE iteration: 237
--------------------------------------------------------------------------------
    gate        derivative      name       op1       op2       op3        g_unscaled   penalty
     782       -0.00053240      a_ia       782                           -0.00532395        10
   45395        0.00048442        om      4903      4904                  0.01307933        27
   45394        0.00048146        op      4903      4904                  0.01299955        27
    1202        0.00047113      a_ia      1202                            0.00094226         2
    1329        0.00039317      a_ia      1329                            0.00864970        22
      59       -0.00039172      a_ia        59                           -0.00313374         8
   89234        0.00035133        op     38030     38031                  0.02143102        61
    1225        0.00034773      a_ia      1225                            0.00069546         2
   45260        0.00034344        op      4769      4770                  0.02438417        71
    1101        0.00033855      a_ia      1101                            0.00406260        12

  ==> Add operator: a_ia 782
  ==> Current qubit order: 2  3  4  5  6  7  8  9  10  11  12  13  14  15  16  17  18  19  20  21  26  27  28  29  30  31  34  35  37  32  33  38  39  36  47  44  45  40  52  56  57  62  63  25  49  59  51  43  83  48  22  58  23  73  60  54  53  70  94  0  95  71  1  24  72  46  41  75  55  61  68  69  42  82  85  50  66  64  65  67  74  76  77  78  79  80  81  84  86  87  88  89  90  91  92  93  


  ==> Energy                -269.736532326
  ==> dE                       -5.64e-06
  ==> Gradient Norm             3.66e-01
  ==> Abs. Max. Deriv.          3.97e-02
  ==> Time-Grad. (s)             172.533
  ==> Time-Energy (s)             32.727
  ==> Time-Iter. (s)             206.283

--------------------------------------------------------------------------------
CEO-ADAPT-VQE iteration: 238
--------------------------------------------------------------------------------
    gate        derivative      name       op1       op2       op3        g_unscaled   penalty
    1204        0.00046027      a_ia      1204                            0.00092054         2
   45440        0.00045089        om      4909      4910                  0.01307578        29
   45439        0.00044813        op      4909      4910                  0.01299583        29
    1331        0.00039317      a_ia      1331                            0.00864974        22
      18       -0.00038063      a_ia        18                           -0.00304507         8
    1227        0.00036346      a_ia      1227                            0.00072693         2
    1103        0.00033859      a_ia      1103                            0.00406311        12
   45305        0.00033403        op      4775      4776                  0.02438412        73
   45306        0.00032302        om      4775      4776                  0.02358049        73
      59       -0.00031255      a_ia        59                           -0.00312554        10

  ==> Add operator: a_ia 1204
  ==> Current qubit order: 2  3  4  5  6  7  8  9  10  11  12  13  14  15  16  17  18  19  20  21  26  27  28  29  30  31  34  35  37  32  33  38  39  36  47  44  45  40  52  56  57  62  63  25  49  59  51  43  83  48  22  58  23  73  60  54  53  70  94  0  95  71  1  24  72  46  41  75  55  61  68  69  42  82  85  50  66  64  65  67  74  76  77  78  79  80  81  84  86  87  88  89  90  91  92  93  


  ==> Energy                -269.736532562
  ==> dE                       -2.36e-07
  ==> Gradient Norm             3.69e-01
  ==> Abs. Max. Deriv.          3.47e-02
  ==> Time-Grad. (s)             174.634
  ==> Time-Energy (s)             35.184
  ==> Time-Iter. (s)             210.841

--------------------------------------------------------------------------------
CEO-ADAPT-VQE iteration: 239
--------------------------------------------------------------------------------
    gate        derivative      name       op1       op2       op3        g_unscaled   penalty
   45379        0.00045089        om      4924      4925                  0.01307572        29
   45378        0.00044813        op      4924      4925                  0.01299577        29
    1333        0.00039317      a_ia      1333                            0.00864985        22
      19       -0.00038157      a_ia        19                           -0.00305259         8
   84114       -0.00037927        op     34297     34298                 -0.04816771       127
    1229        0.00036283      a_ia      1229                            0.00072566         2
   84115       -0.00036188        om     34297     34298                 -0.04595900       127
    1105        0.00033859      a_ia      1105                            0.00406310        12
   45244        0.00033403        op      4790      4791                  0.02438413        73
   34297       -0.00032911    a_iajb     34297                           -0.04706335       143

  ==> Add operator: mvp2 -1: 4924 4925
  ==> Current qubit order: 2  3  4  5  6  7  8  9  10  11  12  13  14  15  16  17  18  19  20  21  26  27  28  29  30  31  34  35  37  32  33  38  39  36  47  44  45  40  52  56  57  62  63  25  49  59  51  43  83  48  22  58  23  73  60  54  53  70  94  95  0  71  1  72  24  46  41  75  55  61  68  69  42  82  85  50  66  64  65  67  74  76  77  78  79  80  81  84  86  87  88  89  90  91  92  93  


  ==> Energy                -269.736544698
  ==> dE                       -1.21e-05
  ==> Gradient Norm             3.72e-01
  ==> Abs. Max. Deriv.          4.82e-02
  ==> Time-Grad. (s)             173.508
  ==> Time-Energy (s)             48.089
  ==> Time-Iter. (s)             222.619

--------------------------------------------------------------------------------
CEO-ADAPT-VQE iteration: 240
--------------------------------------------------------------------------------
    gate        derivative      name       op1       op2       op3        g_unscaled   penalty
    1339        0.00039316      a_ia      1339                            0.00864948        22
    1235        0.00036399      a_ia      1235                            0.00072798         2
    1109        0.00033858      a_ia      1109                            0.00406291        12
   45204        0.00033405        op      4802      4803                  0.02438562        73
   45205        0.00032305        om      4802      4803                  0.02358243        73
   45233        0.00031497        om      4830      4831                  0.02425276        77
      61       -0.00031372      a_ia        61                           -0.00313721        10
   45232        0.00030560        op      4830      4831                  0.02353137        77
      19       -0.00030550      a_ia        19                           -0.00305500        10
      45       -0.00029724      a_ia        45                           -0.00594478        20

  ==> Add operator: a_ia 1339
  ==> Current qubit order: 2  3  4  5  6  7  8  9  10  11  12  13  14  15  16  17  18  19  20  21  26  27  28  29  30  31  34  35  37  32  33  38  39  36  47  44  45  40  56  57  62  63  25  49  59  51  43  83  52  48  22  58  23  73  60  54  53  70  94  95  0  71  1  72  24  46  41  75  55  61  68  69  42  82  85  50  66  64  65  67  74  76  77  78  79  80  81  84  86  87  88  89  90  91  92  93  


  ==> Energy                -269.737218229
  ==> dE                       -6.74e-04
  ==> Gradient Norm             3.61e-01
  ==> Abs. Max. Deriv.          3.66e-02
  ==> Time-Grad. (s)             173.502
  ==> Time-Energy (s)             26.401
  ==> Time-Iter. (s)             200.867

--------------------------------------------------------------------------------
CEO-ADAPT-VQE iteration: 241
--------------------------------------------------------------------------------
    gate        derivative      name       op1       op2       op3        g_unscaled   penalty
     724        0.00050920      a_ia       724                            0.00203678         4
      18       -0.00038463      a_ia        18                           -0.00923111        24
    1236        0.00038082      a_ia      1236                            0.00076165         2
      45       -0.00035430      a_ia        45                           -0.00708590        20
   75966        0.00034673        op     28138     28139                  0.04680902       135
    1110        0.00034595      a_ia      1110                            0.00415146        12
   44836        0.00034229        op      4457      4458                  0.01951028        57
   45196        0.00033412        op      4817      4818                  0.02439046        73
   44837        0.00033333        om      4457      4458                  0.01899983        57
   45197        0.00032312        om      4817      4818                  0.02358802        73

  ==> Add operator: a_ia 724
  ==> Current qubit order: 2  3  4  5  6  7  8  9  10  11  12  13  14  15  16  17  18  19  20  21  26  27  28  29  30  31  34  35  37  32  33  38  39  36  47  44  45  40  56  57  62  63  25  49  59  51  43  83  48  52  22  58  23  73  60  54  53  70  94  95  0  71  1  72  24  46  41  75  55  61  68  69  42  82  85  50  66  64  65  67  74  76  77  78  79  80  81  84  86  87  88  89  90  91  92  93  


  ==> Energy                -269.737219647
  ==> dE                       -1.42e-06
  ==> Gradient Norm             3.62e-01
  ==> Abs. Max. Deriv.          4.68e-02
  ==> Time-Grad. (s)             170.074
  ==> Time-Energy (s)             29.665
  ==> Time-Iter. (s)             200.741

--------------------------------------------------------------------------------
CEO-ADAPT-VQE iteration: 242
--------------------------------------------------------------------------------
    gate        derivative      name       op1       op2       op3        g_unscaled   penalty
      18       -0.00041956      a_ia        18                           -0.00923027        22
    1237        0.00038292      a_ia      1237                            0.00076585         2
   44867        0.00038257        op      4462      4463                  0.01951093        51
   44868        0.00037256        om      4462      4463                  0.01900076        51
      45       -0.00035385      a_ia        45                           -0.00707703        20
    1111        0.00034596      a_ia      1111                            0.00415156        12
   45227        0.00033412        op      4822      4823                  0.02439049        73
   45228        0.00032312        om      4822      4823                  0.02358807        73
      62       -0.00031779      a_ia        62                           -0.00317792        10
   45256        0.00031496        om      4850      4851                  0.02425205        77

  ==> Add operator: a_ia 18
  ==> Current qubit order: 2  3  4  5  6  7  8  9  10  11  12  13  14  15  16  17  18  19  20  21  26  27  28  29  30  31  34  35  37  32  33  38  39  36  47  44  45  40  56  57  62  63  25  49  59  51  43  83  48  22  58  23  73  60  54  53  70  94  95  52  0  71  1  72  24  46  41  75  55  61  68  69  42  82  85  50  66  64  65  67  74  76  77  78  79  80  81  84  86  87  88  89  90  91  92  93  


  ==> Energy                -269.737232926
  ==> dE                       -1.33e-05
  ==> Gradient Norm             3.55e-01
  ==> Abs. Max. Deriv.          2.95e-02
  ==> Time-Grad. (s)             173.018
  ==> Time-Energy (s)             32.036
  ==> Time-Iter. (s)             206.090

--------------------------------------------------------------------------------
CEO-ADAPT-VQE iteration: 243
--------------------------------------------------------------------------------
    gate        derivative      name       op1       op2       op3        g_unscaled   penalty
   44867        0.00058141        op      4484      4485                  0.01453535        25
   44868        0.00057454        om      4484      4485                  0.01436344        25
   44849        0.00048104        op      4466      4467                  0.01972250        41
   44850        0.00046834        om      4466      4467                  0.01920185        41
    4484        0.00035242    a_iajb      4484                            0.01444940        41
    1238        0.00035233      a_ia      1238                            0.00070467         2
    1112        0.00034594      a_ia      1112                            0.00415134        12
    4466        0.00034144    a_iajb      4466                            0.01946217        57
      62       -0.00032547      a_ia        62                           -0.00325468        10
   45211        0.00032510        op      4828      4829                  0.02438279        75

  ==> Add operator: mvp2 -1: 4484 4485
  ==> Current qubit order: 2  3  4  5  6  7  8  9  10  11  12  13  14  15  16  17  18  19  20  21  26  27  28  29  30  31  34  35  37  32  33  38  39  36  47  44  45  40  56  57  62  63  25  49  59  51  43  83  48  22  58  23  73  60  54  53  70  94  95  52  0  71  1  72  24  46  41  75  55  61  68  69  42  82  85  50  66  64  65  67  74  76  77  78  79  80  81  84  86  87  88  89  90  91  92  93  


  ==> Energy                -269.737253814
  ==> dE                       -2.09e-05
  ==> Gradient Norm             3.52e-01
  ==> Abs. Max. Deriv.          2.95e-02
  ==> Time-Grad. (s)             173.208
  ==> Time-Energy (s)             55.805
  ==> Time-Iter. (s)             230.049

--------------------------------------------------------------------------------
CEO-ADAPT-VQE iteration: 244
--------------------------------------------------------------------------------
    gate        derivative      name       op1       op2       op3        g_unscaled   penalty
   44951        0.00048460        op      4468      4469                  0.01986880        41
   44952        0.00047390        om      4468      4469                  0.01942972        41
    1238        0.00034885      a_ia      1238                            0.00069771         2
    1112        0.00034596      a_ia      1112                            0.00415151        12
    4468        0.00034472    a_iajb      4468                            0.01964926        57
   45317        0.00032505        op      4834      4835                  0.02437870        75
   44971       -0.00032419        op      4488      4489                 -0.01458849        45
      62       -0.00032386      a_ia        62                           -0.00323862        10
   44972       -0.00031727        om      4488      4489                 -0.01427731        45
      45       -0.00031651      a_ia        45                           -0.00696323        22

  ==> Add operator: mvp2 -1: 4468 4469
  ==> Current qubit order: 2  3  4  5  6  7  8  9  10  11  12  13  14  15  16  17  18  19  20  21  26  27  28  29  30  31  34  35  37  32  33  38  39  36  47  44  45  40  56  57  62  63  25  49  59  51  43  83  48  22  58  23  73  60  54  70  94  95  53  52  0  1  71  72  24  46  41  75  55  61  68  69  42  82  85  50  66  64  65  67  74  76  77  78  79  80  81  84  86  87  88  89  90  91  92  93  


  ==> Energy                -269.737307879
  ==> dE                       -5.41e-05
  ==> Gradient Norm             3.66e-01
  ==> Abs. Max. Deriv.          4.20e-02
  ==> Time-Grad. (s)             175.959
  ==> Time-Energy (s)             48.160
  ==> Time-Iter. (s)             225.136

--------------------------------------------------------------------------------
CEO-ADAPT-VQE iteration: 245
--------------------------------------------------------------------------------
    gate        derivative      name       op1       op2       op3        g_unscaled   penalty
   91496       -0.00061731        om     39927     39928                 -0.06111379        99
      18       -0.00058906      a_ia        18                           -0.00117812         2
   91495       -0.00053674        op     39927     39928                 -0.05313692        99
   39927       -0.00049674    a_iajb     39927                           -0.05712536       115
    1114        0.00034600      a_ia      1114                            0.00415199        12
      46       -0.00034428      a_ia        46                           -0.00688567        20
    1240        0.00034417      a_ia      1240                            0.00068834         2
   44901       -0.00033715        op      4505      4506                 -0.01449726        43
   44902       -0.00033272        om      4505      4506                 -0.01430692        43
   45167       -0.00030620        op      4771      4772                 -0.01194162        39

  ==> Add operator: mvp2 -1: 39927 39928
  ==> Current qubit order: 2  3  4  5  6  7  8  9  10  11  12  13  14  15  16  17  18  19  20  21  26  27  28  29  30  31  34  35  37  32  33  38  39  36  47  44  45  40  56  57  62  63  25  59  51  43  83  48  22  58  23  73  60  54  70  94  95  53  52  0  49  46  41  50  1  71  72  24  75  55  61  68  69  42  82  85  66  64  65  67  74  76  77  78  79  80  81  84  86  87  88  89  90  91  92  93  


  ==> Energy                -269.739539372
  ==> dE                       -2.23e-03
  ==> Gradient Norm             3.71e-01
  ==> Abs. Max. Deriv.          6.11e-02
  ==> Time-Grad. (s)             246.792
  ==> Time-Energy (s)             45.879
  ==> Time-Iter. (s)             293.713

--------------------------------------------------------------------------------
CEO-ADAPT-VQE iteration: 246
--------------------------------------------------------------------------------
    gate        derivative      name       op1       op2       op3        g_unscaled   penalty
    1208        0.00077008      a_ia      1208                            0.00308032         4
     726       -0.00067185      a_ia       726                           -0.00134370         2
     818        0.00059334      a_ia       818                            0.00118668         2
      18       -0.00057808      a_ia        18                           -0.00115616         2
      64       -0.00041099      a_ia        64                           -0.00328795         8
     791        0.00040862      a_ia       791                            0.00326899         8
    1310       -0.00035057      a_ia      1310                           -0.00210342         6
    1116        0.00034405      a_ia      1116                            0.00412858        12
    1251        0.00029234      a_ia      1251                            0.00058468         2
     825       -0.00029091      a_ia       825                           -0.00523642        18

  ==> Add operator: a_ia 1208
  ==> Current qubit order: 2  3  4  5  6  7  8  9  10  11  12  13  14  15  16  17  18  19  20  21  26  27  28  29  30  31  34  35  37  32  33  38  39  36  47  44  45  40  56  57  62  63  25  59  51  43  83  48  22  58  23  73  60  54  70  94  95  53  52  0  46  49  41  50  1  71  72  24  75  55  61  68  69  42  82  85  66  64  65  67  74  76  77  78  79  80  81  84  86  87  88  89  90  91  92  93  


  ==> Energy                -269.739544781
  ==> dE                       -5.41e-06
  ==> Gradient Norm             3.52e-01
  ==> Abs. Max. Deriv.          2.95e-02
  ==> Time-Grad. (s)             176.257
  ==> Time-Energy (s)             29.775
  ==> Time-Iter. (s)             207.061

--------------------------------------------------------------------------------
CEO-ADAPT-VQE iteration: 247
--------------------------------------------------------------------------------
    gate        derivative      name       op1       op2       op3        g_unscaled   penalty
     818        0.00067542      a_ia       818                            0.00135085         2
     726       -0.00058692      a_ia       726                           -0.00117384         2
    1310       -0.00055863      a_ia      1310                           -0.00223453         4
      18       -0.00053929      a_ia        18                           -0.00107858         2
      64       -0.00041218      a_ia        64                           -0.00329741         8
     791        0.00040766      a_ia       791                            0.00326125         8
   66655       -0.00038562        op     21117     21118                 -0.04588903       119
   66656       -0.00035993        om     21117     21118                 -0.04283205       119
    1116        0.00034462      a_ia      1116                            0.00413547        12
    1251        0.00034219      a_ia      1251                            0.00068438         2

  ==> Add operator: a_ia 818
  ==> Current qubit order: 2  3  4  5  6  7  8  9  10  11  12  13  14  15  16  17  18  19  20  21  26  27  28  29  30  31  34  35  37  32  33  38  39  36  47  44  45  40  56  57  62  63  25  59  51  43  83  48  22  58  23  73  60  54  70  94  95  53  52  0  46  49  41  50  1  71  72  24  75  55  61  68  69  42  82  85  66  64  65  67  74  76  77  78  79  80  81  84  86  87  88  89  90  91  92  93  


  ==> Energy                -269.739545253
  ==> dE                       -4.72e-07
  ==> Gradient Norm             3.63e-01
  ==> Abs. Max. Deriv.          4.59e-02
  ==> Time-Grad. (s)             172.687
  ==> Time-Energy (s)             36.878
  ==> Time-Iter. (s)             210.592

--------------------------------------------------------------------------------
CEO-ADAPT-VQE iteration: 248
--------------------------------------------------------------------------------
    gate        derivative      name       op1       op2       op3        g_unscaled   penalty
    1164        0.00072671      a_ia      1164                            0.00290684         4
     726       -0.00062554      a_ia       726                           -0.00125108         2
    1312       -0.00056099      a_ia      1312                           -0.00224395         4
      18       -0.00055614      a_ia        18                           -0.00111228         2
      64       -0.00041224      a_ia        64                           -0.00329789         8
     791        0.00040819      a_ia       791                            0.00326549         8
   84838        0.00038299        om     34906     34907                  0.02489423        65
   84837        0.00036608        op     34906     34907                  0.02379533        65
    1253        0.00034745      a_ia      1253                            0.00069490         2
    1116        0.00034464      a_ia      1116                            0.00413562        12

  ==> Add operator: a_ia 1164
  ==> Current qubit order: 2  3  4  5  6  7  8  9  10  11  12  13  14  15  16  17  18  19  20  21  26  27  28  29  30  31  34  35  37  32  33  38  36  39  47  44  45  40  56  57  62  63  25  59  51  43  83  48  22  58  23  73  60  54  70  94  95  53  52  0  46  49  41  50  1  71  72  24  75  55  61  68  69  42  82  85  66  64  65  67  74  76  77  78  79  80  81  84  86  87  88  89  90  91  92  93  


  ==> Energy                -269.739655448
  ==> dE                       -1.10e-04
  ==> Gradient Norm             3.55e-01
  ==> Abs. Max. Deriv.          2.95e-02
  ==> Time-Grad. (s)             174.531
  ==> Time-Energy (s)             29.722
  ==> Time-Iter. (s)             205.276

--------------------------------------------------------------------------------
CEO-ADAPT-VQE iteration: 249
--------------------------------------------------------------------------------
    gate        derivative      name       op1       op2       op3        g_unscaled   penalty
     726       -0.00059901      a_ia       726                           -0.00119802         2
    1313       -0.00057559      a_ia      1313                           -0.00230236         4
      18       -0.00055615      a_ia        18                           -0.00111230         2
      64       -0.00041198      a_ia        64                           -0.00329581         8
     792        0.00040962      a_ia       792                            0.00327699         8
    1254        0.00035997      a_ia      1254                            0.00071993         2
    1117        0.00034429      a_ia      1117                            0.00413150        12
     826       -0.00029862      a_ia       826                           -0.00537516        18
      54       -0.00029556      a_ia        54                           -0.00118225         4
   45185        0.00028678        op      4869      4870                  0.02437658        85

  ==> Add operator: a_ia 726
  ==> Current qubit order: 2  3  4  5  6  7  8  9  10  11  12  13  14  15  16  17  18  19  20  21  26  27  28  29  30  31  34  35  37  32  33  38  36  39  47  44  45  40  56  57  62  63  25  59  51  43  83  48  22  58  23  73  60  54  70  94  95  53  52  0  46  49  41  50  1  71  72  24  75  55  61  68  69  42  82  85  66  64  65  67  74  76  77  78  79  80  81  84  86  87  88  89  90  91  92  93  


  ==> Energy                -269.739656215
  ==> dE                       -7.68e-07
  ==> Gradient Norm             3.56e-01
  ==> Abs. Max. Deriv.          2.95e-02
  ==> Time-Grad. (s)             170.807
  ==> Time-Energy (s)             32.744
  ==> Time-Iter. (s)             204.574

--------------------------------------------------------------------------------
CEO-ADAPT-VQE iteration: 250
--------------------------------------------------------------------------------
    gate        derivative      name       op1       op2       op3        g_unscaled   penalty
    1318       -0.00057309      a_ia      1318                           -0.00229234         4
      18       -0.00054286      a_ia        18                           -0.00108572         2
      64       -0.00041833      a_ia        64                           -0.00334662         8
     794        0.00040695      a_ia       794                            0.00325563         8
    1259        0.00034756      a_ia      1259                            0.00069512         2
    1121        0.00034413      a_ia      1121                            0.00412954        12
     828       -0.00030059      a_ia       828                           -0.00541056        18
      54       -0.00029579      a_ia        54                           -0.00118314         4
   45198        0.00028679        op      4886      4887                  0.02437723        85
   65731       -0.00028379        om     20456     20457                 -0.01163531        41

  ==> Add operator: a_ia 1318
  ==> Current qubit order: 2  3  4  5  6  7  8  9  10  11  12  13  14  15  16  17  18  19  20  21  26  27  28  29  30  31  34  35  37  32  33  38  36  39  47  44  45  40  56  57  62  63  25  59  51  43  83  48  22  58  23  73  60  54  70  94  95  53  0  52  46  49  41  50  1  71  72  24  75  55  61  68  69  42  82  85  66  64  65  67  74  76  77  78  79  80  81  84  86  87  88  89  90  91  92  93  


  ==> Energy                -269.740101373
  ==> dE                       -4.45e-04
  ==> Gradient Norm             3.59e-01
  ==> Abs. Max. Deriv.          2.95e-02
  ==> Time-Grad. (s)             174.852
  ==> Time-Energy (s)           2075.528
  ==> Time-Iter. (s)            2251.392

--------------------------------------------------------------------------------
CEO-ADAPT-VQE iteration: 251
--------------------------------------------------------------------------------
    gate        derivative      name       op1       op2       op3        g_unscaled   penalty
      62        0.00277670      a_ia        62                            0.00555339         2
      18       -0.00071795      a_ia        18                           -0.00143591         2
      36       -0.00070278      a_ia        36                           -0.00421669         6
      64       -0.00059372      a_ia        64                           -0.00474976         8
    1260        0.00054823      a_ia      1260                            0.00109646         2
     796       -0.00043687      a_ia       796                           -0.00087375         2
      54       -0.00041074      a_ia        54                           -0.00164296         4
     794        0.00038490      a_ia       794                            0.00307916         8
    1121        0.00035760      a_ia      1121                            0.00429123        12
     821        0.00033992      a_ia       821                            0.00067984         2

  ==> Add operator: a_ia 62
  ==> Current qubit order: 2  3  4  5  6  7  8  9  10  11  12  13  14  15  16  17  18  19  20  21  26  27  28  29  30  31  34  35  37  32  33  38  36  39  47  44  45  40  56  57  62  63  25  59  51  43  83  48  22  58  23  73  60  54  70  94  95  53  0  52  46  49  41  50  1  71  72  24  75  55  61  68  69  42  82  85  66  64  65  67  74  76  77  78  79  80  81  84  86  87  88  89  90  91  92  93  


  ==> Energy                -269.740105136
  ==> dE                       -3.76e-06
  ==> Gradient Norm             3.59e-01
  ==> Abs. Max. Deriv.          3.26e-02
  ==> Time-Grad. (s)             175.163
  ==> Time-Energy (s)             29.842
  ==> Time-Iter. (s)             206.215

--------------------------------------------------------------------------------
CEO-ADAPT-VQE iteration: 252
--------------------------------------------------------------------------------
    gate        derivative      name       op1       op2       op3        g_unscaled   penalty
      18       -0.00073586      a_ia        18                           -0.00147172         2
      36       -0.00071125      a_ia        36                           -0.00426748         6
      65       -0.00060663      a_ia        65                           -0.00485307         8
    1263        0.00055258      a_ia      1263                            0.00110515         2
     799       -0.00043970      a_ia       799                           -0.00087939         2
      55       -0.00041244      a_ia        55                           -0.00164974         4
     797        0.00038657      a_ia       797                            0.00309260         8
    1124        0.00035760      a_ia      1124                            0.00429119        12
    1254        0.00033915      a_ia      1254                            0.00067829         2
     824        0.00033648      a_ia       824                            0.00067296         2

  ==> Add operator: a_ia 18
  ==> Current qubit order: 2  3  4  5  6  7  8  9  10  11  12  13  14  15  16  17  18  19  20  21  26  27  28  29  30  31  34  35  37  32  33  38  36  39  47  44  45  40  56  57  62  63  25  59  51  43  83  48  22  58  23  73  60  54  70  94  95  53  0  52  46  49  41  50  1  71  72  24  75  55  61  68  69  42  82  85  66  64  65  67  74  76  77  78  79  80  81  84  86  87  88  89  90  91  92  93  


  ==> Energy                -269.740105508
  ==> dE                       -3.72e-07
  ==> Gradient Norm             3.53e-01
  ==> Abs. Max. Deriv.          2.95e-02
  ==> Time-Grad. (s)             173.406
  ==> Time-Energy (s)             29.817
  ==> Time-Iter. (s)             204.292

--------------------------------------------------------------------------------
CEO-ADAPT-VQE iteration: 253
--------------------------------------------------------------------------------
    gate        derivative      name       op1       op2       op3        g_unscaled   penalty
      36       -0.00071494      a_ia        36                           -0.00428962         6
      65       -0.00060826      a_ia        65                           -0.00486605         8
    1263        0.00055112      a_ia      1263                            0.00110223         2
     799       -0.00044092      a_ia       799                           -0.00088184         2
      55       -0.00041256      a_ia        55                           -0.00165025         4
     797        0.00038644      a_ia       797                            0.00309148         8
   66919       -0.00038635        op     21244     21245                 -0.04597613       119
   66920       -0.00036034        om     21244     21245                 -0.04288080       119
    1124        0.00035760      a_ia      1124                            0.00429114        12
     824        0.00034648      a_ia       824                            0.00069297         2

  ==> Add operator: a_ia 36
  ==> Current qubit order: 2  3  4  5  6  7  8  9  10  11  12  13  14  15  16  17  18  19  20  21  26  27  28  29  30  31  34  35  37  32  33  38  36  39  47  44  45  40  56  57  62  63  25  59  51  43  83  48  22  58  23  73  60  54  70  95  53  94  0  52  46  49  41  50  1  71  72  24  75  55  61  68  69  42  82  85  66  64  65  67  74  76  77  78  79  80  81  84  86  87  88  89  90  91  92  93  


  ==> Energy                -269.740106855
  ==> dE                       -1.35e-06
  ==> Gradient Norm             3.71e-01
  ==> Abs. Max. Deriv.          4.60e-02
  ==> Time-Grad. (s)             173.774
  ==> Time-Energy (s)             32.103
  ==> Time-Iter. (s)             206.898

--------------------------------------------------------------------------------
CEO-ADAPT-VQE iteration: 254
--------------------------------------------------------------------------------
    gate        derivative      name       op1       op2       op3        g_unscaled   penalty
      65       -0.00061079      a_ia        65                           -0.00488631         8
    1266        0.00054750      a_ia      1266                            0.00109500         2
     800       -0.00044572      a_ia       800                           -0.00089145         2
      55       -0.00041264      a_ia        55                           -0.00165056         4
     798        0.00038574      a_ia       798                            0.00308588         8
     825        0.00037853      a_ia       825                            0.00075706         2
    1126        0.00035758      a_ia      1126                            0.00429095        12
    1257        0.00032219      a_ia      1257                            0.00064437         2
      22        0.00031147      a_ia        22                            0.00373768        12
   44933       -0.00030832        op      4564      4565                 -0.01449113        47

  ==> Add operator: a_ia 65
  ==> Current qubit order: 2  3  4  5  6  7  8  9  10  11  12  13  14  15  16  17  18  19  20  21  26  27  28  29  30  31  34  35  37  32  33  38  36  39  47  44  45  40  56  57  62  63  25  59  51  43  83  48  22  58  23  73  60  54  70  95  53  94  0  52  46  49  41  50  71  72  24  1  75  55  61  68  69  42  82  85  66  64  65  67  74  76  77  78  79  80  81  84  86  87  88  89  90  91  92  93  


  ==> Energy                -269.740109672
  ==> dE                       -2.82e-06
  ==> Gradient Norm             3.51e-01
  ==> Abs. Max. Deriv.          3.66e-02
  ==> Time-Grad. (s)             171.220
  ==> Time-Energy (s)             28.971
  ==> Time-Iter. (s)             201.217

--------------------------------------------------------------------------------
CEO-ADAPT-VQE iteration: 255
--------------------------------------------------------------------------------
    gate        derivative      name       op1       op2       op3        g_unscaled   penalty
    1267        0.00055013      a_ia      1267                            0.00110027         2
     801       -0.00044350      a_ia       801                           -0.00088701         2
    1409        0.00042752      a_ia      1409                            0.00171008         4
      61        0.00037892      a_ia        61                            0.00227354         6
     826        0.00037864      a_ia       826                            0.00075729         2
    1127        0.00035757      a_ia      1127                            0.00429089        12
    1258        0.00033229      a_ia      1258                            0.00066458         2
      22        0.00031311      a_ia        22                            0.00375726        12
     799        0.00031042      a_ia       799                            0.00310418        10
    1221        0.00030422      a_ia      1221                            0.00060843         2

  ==> Add operator: a_ia 1267
  ==> Current qubit order: 2  3  4  5  6  7  8  9  10  11  12  13  14  15  16  17  18  19  20  21  26  27  28  29  30  31  34  35  37  32  33  38  36  39  47  44  45  40  56  57  62  63  25  59  51  43  83  48  22  58  23  73  60  54  70  95  53  94  0  52  46  49  41  50  71  72  24  1  75  55  61  68  69  42  82  85  66  64  65  67  74  76  77  78  79  80  81  84  86  87  88  89  90  91  92  93  


  ==> Energy                -269.740110400
  ==> dE                       -7.28e-07
  ==> Gradient Norm             3.42e-01
  ==> Abs. Max. Deriv.          2.95e-02
  ==> Time-Grad. (s)             208.513
  ==> Time-Energy (s)             27.426
  ==> Time-Iter. (s)             236.953

--------------------------------------------------------------------------------
CEO-ADAPT-VQE iteration: 256
--------------------------------------------------------------------------------
    gate        derivative      name       op1       op2       op3        g_unscaled   penalty
     803       -0.00044348      a_ia       803                           -0.00088697         2
    1411        0.00042727      a_ia      1411                            0.00170909         4
     828        0.00038681      a_ia       828                            0.00077361         2
      61        0.00037820      a_ia        61                            0.00226918         6
    1129        0.00035757      a_ia      1129                            0.00429081        12
    1260        0.00033112      a_ia      1260                            0.00066224         2
    1223        0.00032152      a_ia      1223                            0.00064305         2
      22        0.00031186      a_ia        22                            0.00374235        12
     801        0.00031049      a_ia       801                            0.00310490        10
     835       -0.00029629      a_ia       835                           -0.00533324        18

  ==> Add operator: a_ia 803
  ==> Current qubit order: 2  3  4  5  6  7  8  9  10  11  12  13  14  15  16  17  18  19  20  21  26  27  28  29  30  31  34  35  37  32  33  38  36  39  47  44  45  40  56  57  62  63  25  59  51  43  83  48  22  58  23  73  60  54  70  95  53  94  0  52  46  49  41  50  71  72  24  1  75  55  61  68  69  42  82  85  66  64  65  67  74  76  77  78  79  80  81  84  86  87  88  89  90  91  92  93  


  ==> Energy                -269.740110551
  ==> dE                       -1.51e-07
  ==> Gradient Norm             3.52e-01
  ==> Abs. Max. Deriv.          2.95e-02
  ==> Time-Grad. (s)             175.765
  ==> Time-Energy (s)             25.077
  ==> Time-Iter. (s)             201.877

--------------------------------------------------------------------------------
CEO-ADAPT-VQE iteration: 257
--------------------------------------------------------------------------------
    gate        derivative      name       op1       op2       op3        g_unscaled   penalty
    1413        0.00042725      a_ia      1413                            0.00170899         4
     829        0.00038335      a_ia       829                            0.00076670         2
      61        0.00037932      a_ia        61                            0.00227593         6
    1131        0.00035757      a_ia      1131                            0.00429090        12
    1262        0.00033368      a_ia      1262                            0.00066736         2
    1225        0.00032762      a_ia      1225                            0.00065525         2
      22        0.00031215      a_ia        22                            0.00374576        12
     802        0.00031073      a_ia       802                            0.00310728        10
     836       -0.00029553      a_ia       836                           -0.00531956        18
   44879       -0.00027181        op      4587      4588                 -0.01440599        53

  ==> Add operator: a_ia 1413
  ==> Current qubit order: 2  3  4  5  6  7  8  9  10  11  12  13  14  15  16  17  18  19  20  21  26  27  28  29  30  31  34  35  37  32  33  38  36  39  47  44  45  40  56  57  62  63  25  59  51  43  83  48  22  58  23  73  60  54  70  95  53  94  0  52  46  49  41  71  50  72  24  1  75  55  61  68  69  42  82  85  66  64  65  67  74  76  77  78  79  80  81  84  86  87  88  89  90  91  92  93  


  ==> Energy                -269.740155771
  ==> dE                       -4.52e-05
  ==> Gradient Norm             3.46e-01
  ==> Abs. Max. Deriv.          2.95e-02
  ==> Time-Grad. (s)             180.644
  ==> Time-Energy (s)             30.500
  ==> Time-Iter. (s)             212.123

--------------------------------------------------------------------------------
CEO-ADAPT-VQE iteration: 258
--------------------------------------------------------------------------------
    gate        derivative      name       op1       op2       op3        g_unscaled   penalty
     830        0.00038792      a_ia       830                            0.00077585         2
      61        0.00037988      a_ia        61                            0.00227930         6
   65758        0.00037448        om     20405     20406                  0.01984720        53
    1132        0.00035834      a_ia      1132                            0.00430008        12
    1263        0.00034569      a_ia      1263                            0.00069137         2
   85259       -0.00034334        op     35152     35153                 -0.03330391        97
   85260       -0.00033641        om     35152     35153                 -0.03263188        97
   65757        0.00032560        op     20405     20406                  0.01725687        53
    1226        0.00032290      a_ia      1226                            0.00064580         2
      22        0.00031197      a_ia        22                            0.00374360        12

  ==> Add operator: a_ia 830
  ==> Current qubit order: 2  3  4  5  6  7  8  9  10  11  12  13  14  15  16  17  18  19  20  21  26  27  28  29  30  31  34  35  37  32  33  38  36  39  47  44  45  40  56  57  62  63  25  59  51  43  83  48  22  58  23  73  60  54  70  95  53  94  0  52  46  49  41  71  50  72  24  1  75  55  61  68  69  42  82  85  66  64  65  67  74  76  77  78  79  80  81  84  86  87  88  89  90  91  92  93  


  ==> Energy                -269.740155964
  ==> dE                       -1.93e-07
  ==> Gradient Norm             3.59e-01
  ==> Abs. Max. Deriv.          3.33e-02
  ==> Time-Grad. (s)             174.787
  ==> Time-Energy (s)             30.654
  ==> Time-Iter. (s)             206.415

--------------------------------------------------------------------------------
CEO-ADAPT-VQE iteration: 259
--------------------------------------------------------------------------------
    gate        derivative      name       op1       op2       op3        g_unscaled   penalty
      61        0.00038055      a_ia        61                            0.00228328         6
    1264        0.00035983      a_ia      1264                            0.00071966         2
    1132        0.00035835      a_ia      1132                            0.00430017        12
    1227        0.00033372      a_ia      1227                            0.00066743         2
   77661        0.00032747        op     29362     29363                  0.04093354       125
      22        0.00031342      a_ia        22                            0.00376099        12
     803        0.00031061      a_ia       803                            0.00310606        10
     837       -0.00029556      a_ia       837                           -0.00532015        18
   77662        0.00029497        om     29362     29363                  0.03687063       125
   29362        0.00027590    a_iajb     29362                            0.03890209       141

  ==> Add operator: a_ia 61
  ==> Current qubit order: 2  3  4  5  6  7  8  9  10  11  12  13  14  15  16  17  18  19  20  21  26  27  28  29  30  31  34  35  37  32  33  38  36  39  47  44  45  40  56  57  62  63  25  59  51  43  83  48  22  58  23  73  60  54  70  95  53  94  0  52  46  49  41  71  50  72  24  75  55  1  61  68  69  42  82  85  66  64  65  67  74  76  77  78  79  80  81  84  86  87  88  89  90  91  92  93  


  ==> Energy                -269.740156673
  ==> dE                       -7.09e-07
  ==> Gradient Norm             3.64e-01
  ==> Abs. Max. Deriv.          4.09e-02
  ==> Time-Grad. (s)             255.376
  ==> Time-Energy (s)             29.037
  ==> Time-Iter. (s)             285.418

--------------------------------------------------------------------------------
CEO-ADAPT-VQE iteration: 260
--------------------------------------------------------------------------------
    gate        derivative      name       op1       op2       op3        g_unscaled   penalty
    1132        0.00035834      a_ia      1132                            0.00430010        12
    1264        0.00034911      a_ia      1264                            0.00069822         2
    1227        0.00032853      a_ia      1227                            0.00065707         2
      22        0.00031162      a_ia        22                            0.00373945        12
     803        0.00031018      a_ia       803                            0.00310176        10
     837       -0.00029591      a_ia       837                           -0.00532632        18
   45577       -0.00026240        op      5271      5272                 -0.01705594        65
    1373       -0.00025974      a_ia      1373                           -0.00103894         4
   88816       -0.00025887        om     38012     38013                 -0.04271387       165
   45578       -0.00025676        om      5271      5272                 -0.01668947        65

  ==> Add operator: a_ia 1132
  ==> Current qubit order: 2  3  4  5  6  7  8  9  10  11  12  13  14  15  16  17  18  19  20  21  26  27  28  29  30  31  34  35  32  33  38  36  39  37  47  44  45  40  56  57  62  63  25  59  51  43  83  48  22  58  23  73  60  54  70  95  53  94  0  52  46  49  41  71  50  72  24  75  55  1  61  68  69  42  82  85  66  64  65  67  74  76  77  78  79  80  81  84  86  87  88  89  90  91  92  93  


  ==> Energy                -269.740381363
  ==> dE                       -2.25e-04
  ==> Gradient Norm             3.52e-01
  ==> Abs. Max. Deriv.          4.27e-02
  ==> Time-Grad. (s)             171.769
  ==> Time-Energy (s)             25.832
  ==> Time-Iter. (s)             198.611

--------------------------------------------------------------------------------
CEO-ADAPT-VQE iteration: 261
--------------------------------------------------------------------------------
    gate        derivative      name       op1       op2       op3        g_unscaled   penalty
    1229        0.00042673      a_ia      1229                            0.00085346         2
    1266        0.00034048      a_ia      1266                            0.00068095         2
     805        0.00031156      a_ia       805                            0.00311556        10
      22        0.00031007      a_ia        22                            0.00372087        12
     839       -0.00029733      a_ia       839                           -0.00535192        18
   45597       -0.00026240        op      5280      5281                 -0.01705588        65
    1375       -0.00026089      a_ia      1375                           -0.00104358         4
   45598       -0.00025676        om      5280      5281                 -0.01668940        65
   45318        0.00025004        om      5000      5001                  0.02425374        97
     741        0.00024929      a_ia       741                            0.00249287        10

  ==> Add operator: a_ia 1229
  ==> Current qubit order: 2  3  4  5  6  7  8  9  10  11  12  13  14  15  16  17  18  19  20  21  26  27  28  29  30  31  34  35  32  33  38  36  39  37  47  44  45  40  56  57  62  63  25  59  51  43  83  48  22  58  23  73  60  54  70  95  53  94  0  52  46  49  41  71  50  72  24  75  55  1  61  68  69  42  82  85  66  64  65  67  74  76  77  78  79  80  81  84  86  87  88  89  90  91  92  93  


  ==> Energy                -269.740381808
  ==> dE                       -4.45e-07
  ==> Gradient Norm             3.55e-01
  ==> Abs. Max. Deriv.          2.95e-02
  ==> Time-Grad. (s)             170.846
  ==> Time-Energy (s)             25.084
  ==> Time-Iter. (s)             196.950

--------------------------------------------------------------------------------
CEO-ADAPT-VQE iteration: 262
--------------------------------------------------------------------------------
    gate        derivative      name       op1       op2       op3        g_unscaled   penalty
   84316        0.00047502        om     34461     34462                  0.02137581        45
   84315        0.00043527        op     34461     34462                  0.01958724        45
   65856        0.00037447        om     20480     20481                  0.01984667        53
   34461        0.00033576    a_iajb     34461                            0.02048153        61
   65855        0.00032557        op     20480     20481                  0.01725520        53
    1267        0.00032029      a_ia      1267                            0.00064058         2
     806        0.00031132      a_ia       806                            0.00311316        10
      22        0.00030747      a_ia        22                            0.00368960        12
     840       -0.00029914      a_ia       840                           -0.00538448        18
   20480        0.00026885    a_iajb     20480                            0.01855094        69

  ==> Add operator: mvp2 -1: 34461 34462
  ==> Current qubit order: 2  3  4  5  6  7  8  9  10  11  12  13  14  15  16  17  18  19  20  21  26  27  28  29  30  31  34  35  32  33  38  36  39  37  47  44  45  40  56  62  63  59  57  25  48  22  51  43  83  58  23  73  60  54  70  95  53  94  0  52  46  49  41  71  50  72  24  75  55  1  61  68  69  42  82  85  66  64  65  67  74  76  77  78  79  80  81  84  86  87  88  89  90  91  92  93  


  ==> Energy                -269.740500332
  ==> dE                       -1.19e-04
  ==> Gradient Norm             3.56e-01
  ==> Abs. Max. Deriv.          3.67e-02
  ==> Time-Grad. (s)             171.318
  ==> Time-Energy (s)             57.101
  ==> Time-Iter. (s)             229.483

--------------------------------------------------------------------------------
CEO-ADAPT-VQE iteration: 263
--------------------------------------------------------------------------------
    gate        derivative      name       op1       op2       op3        g_unscaled   penalty
      60        0.00095936      a_ia        60                            0.00191873         2
     833        0.00066483      a_ia       833                            0.00132966         2
     841       -0.00033435      a_ia       841                           -0.00534963        16
    1269        0.00031768      a_ia      1269                            0.00063537         2
     807        0.00030927      a_ia       807                            0.00309272        10
      22        0.00030692      a_ia        22                            0.00368300        12
   65494       -0.00029501        om     20201     20202                 -0.04572697       155
   65493       -0.00027775        op     20201     20202                 -0.04305147       155
   45619       -0.00026240        op      5295      5296                 -0.01705571        65
   20201       -0.00025959    a_iajb     20201                           -0.04438922       171

  ==> Add operator: a_ia 60
  ==> Current qubit order: 2  3  4  5  6  7  8  9  10  11  12  13  14  15  16  17  18  19  20  21  26  27  28  29  30  31  34  35  32  33  38  36  39  37  47  44  45  40  56  62  63  59  57  25  48  22  51  43  83  58  23  73  60  54  70  95  53  94  0  52  46  49  41  71  50  72  24  75  55  1  61  68  69  42  82  85  66  64  65  67  74  76  77  78  79  80  81  84  86  87  88  89  90  91  92  93  


  ==> Energy                -269.740501021
  ==> dE                       -6.89e-07
  ==> Gradient Norm             3.67e-01
  ==> Abs. Max. Deriv.          4.57e-02
  ==> Time-Grad. (s)             170.478
  ==> Time-Energy (s)             33.798
  ==> Time-Iter. (s)             205.276

--------------------------------------------------------------------------------
CEO-ADAPT-VQE iteration: 264
--------------------------------------------------------------------------------
    gate        derivative      name       op1       op2       op3        g_unscaled   penalty
     833        0.00066702      a_ia       833                            0.00133404         2
     841       -0.00033440      a_ia       841                           -0.00535036        16
     807        0.00030855      a_ia       807                            0.00308547        10
      22        0.00030405      a_ia        22                            0.00364865        12
    1269        0.00029250      a_ia      1269                            0.00058500         2
   45599       -0.00026233        op      5302      5303                 -0.01705123        65
   45600       -0.00025669        om      5302      5303                 -0.01668508        65
     737        0.00025346      a_ia       737                            0.00405530        16
   45318        0.00025001        om      5020      5021                  0.02425144        97
    1527        0.00024746      a_ia      1527                            0.00049493         2

  ==> Add operator: a_ia 833
  ==> Current qubit order: 2  3  4  5  6  7  8  9  10  11  12  13  14  15  16  17  18  19  20  21  26  27  28  29  30  31  34  35  32  33  38  36  39  37  47  44  45  40  56  62  63  59  57  25  48  22  51  43  83  58  23  73  60  54  70  95  53  94  0  52  46  49  41  71  50  72  24  75  55  1  61  68  69  42  82  85  66  64  65  67  74  76  77  78  79  80  81  84  86  87  88  89  90  91  92  93  


  ==> Energy                -269.740501481
  ==> dE                       -4.60e-07
  ==> Gradient Norm             3.60e-01
  ==> Abs. Max. Deriv.          3.40e-02
  ==> Time-Grad. (s)             176.676
  ==> Time-Energy (s)             32.159
  ==> Time-Iter. (s)             209.841

--------------------------------------------------------------------------------
CEO-ADAPT-VQE iteration: 265
--------------------------------------------------------------------------------
    gate        derivative      name       op1       op2       op3        g_unscaled   penalty
     842       -0.00033404      a_ia       842                           -0.00534468        16
   84014        0.00031336        op     34416     34417                  0.00908754        29
     808        0.00031055      a_ia       808                            0.00310552        10
      22        0.00030507      a_ia        22                            0.00366085        12
   84015        0.00029862        om     34416     34417                  0.00865991        29
    1270        0.00029828      a_ia      1270                            0.00059657         2
   88778        0.00028803        op     37956     37957                  0.04003583       139
   45602       -0.00026233        op      5313      5314                 -0.01705121        65
   45603       -0.00025669        om      5313      5314                 -0.01668506        65
     738        0.00025346      a_ia       738                            0.00405541        16

  ==> Add operator: a_ia 842
  ==> Current qubit order: 2  3  4  5  6  7  8  9  10  11  12  13  14  15  16  17  18  19  20  21  26  27  28  29  30  31  34  35  32  33  38  36  39  37  47  44  45  40  56  62  63  59  57  48  22  51  43  83  58  23  25  73  60  54  70  95  53  94  0  52  46  49  41  71  50  72  24  75  55  1  61  68  69  42  82  85  66  64  65  67  74  76  77  78  79  80  81  84  86  87  88  89  90  91  92  93  


  ==> Energy                -269.740506892
  ==> dE                       -5.41e-06
  ==> Gradient Norm             3.47e-01
  ==> Abs. Max. Deriv.          4.00e-02
  ==> Time-Grad. (s)             174.265
  ==> Time-Energy (s)             31.428
  ==> Time-Iter. (s)             206.707

--------------------------------------------------------------------------------
CEO-ADAPT-VQE iteration: 266
--------------------------------------------------------------------------------
    gate        derivative      name       op1       op2       op3        g_unscaled   penalty
     765        0.00058672      a_ia       765                            0.00117344         2
    1274        0.00031631      a_ia      1274                            0.00063261         2
     811        0.00031081      a_ia       811                            0.00310805        10
      22        0.00030858      a_ia        22                            0.00370296        12
     741        0.00028973      a_ia       741                            0.00405627        14
     850       -0.00027971      a_ia       850                           -0.00167829         6
   45571       -0.00026233        op      5319      5320                 -0.01705113        65
   45572       -0.00025669        om      5319      5320                 -0.01668497        65
   45290        0.00025001        om      5037      5038                  0.02425113        97
   45261        0.00024674        op      5009      5010                  0.02442690        99

  ==> Add operator: a_ia 765
  ==> Current qubit order: 2  3  4  5  6  7  8  9  10  11  12  13  14  15  16  17  18  19  20  21  26  27  28  29  30  31  34  35  32  33  38  36  39  37  47  44  45  40  56  62  63  59  57  48  22  51  43  83  58  23  25  73  60  54  70  95  53  94  0  52  46  49  41  71  50  72  24  75  55  1  61  68  69  42  82  85  66  64  65  67  74  76  77  78  79  80  81  84  86  87  88  89  90  91  92  93  


  ==> Energy                -269.740540219
  ==> dE                       -3.33e-05
  ==> Gradient Norm             3.57e-01
  ==> Abs. Max. Deriv.          3.77e-02
  ==> Time-Grad. (s)             171.761
  ==> Time-Energy (s)             24.338
  ==> Time-Iter. (s)             197.109

--------------------------------------------------------------------------------
CEO-ADAPT-VQE iteration: 267
--------------------------------------------------------------------------------
    gate        derivative      name       op1       op2       op3        g_unscaled   penalty
     850       -0.00040166      a_ia       850                           -0.00240998         6
    1274        0.00031188      a_ia      1274                            0.00062375         2
     811        0.00031074      a_ia       811                            0.00310742        10
      22        0.00030835      a_ia        22                            0.00370016        12
     741        0.00029018      a_ia       741                            0.00406252        14
   45696       -0.00026235        op      5322      5323                 -0.01705305        65
   45697       -0.00025681        om      5322      5323                 -0.01669253        65
   45415        0.00025002        om      5040      5041                  0.02425168        97
   45386        0.00024674        op      5012      5013                  0.02442686        99
    1534        0.00024384      a_ia      1534                            0.00048768         2

  ==> Add operator: a_ia 850
  ==> Current qubit order: 2  3  4  5  6  7  8  9  10  11  12  13  14  15  16  17  18  19  20  21  26  27  28  29  30  31  34  35  32  33  38  36  39  37  47  44  45  40  56  62  63  59  57  48  22  51  43  58  23  83  25  73  60  54  70  95  53  94  0  52  46  49  41  71  50  72  24  75  55  1  61  68  69  42  82  85  66  64  65  67  74  76  77  78  79  80  81  84  86  87  88  89  90  91  92  93  


  ==> Energy                -269.740541120
  ==> dE                       -9.01e-07
  ==> Gradient Norm             3.47e-01
  ==> Abs. Max. Deriv.          2.95e-02
  ==> Time-Grad. (s)             172.237
  ==> Time-Energy (s)             29.130
  ==> Time-Iter. (s)             202.384

--------------------------------------------------------------------------------
CEO-ADAPT-VQE iteration: 268
--------------------------------------------------------------------------------
    gate        derivative      name       op1       op2       op3        g_unscaled   penalty
    1276        0.00031587      a_ia      1276                            0.00063175         2
     813        0.00031088      a_ia       813                            0.00310881        10
      22        0.00030885      a_ia        22                            0.00370624        12
     742        0.00029019      a_ia       742                            0.00406265        14
   45649       -0.00026236        op      5326      5327                 -0.01705308        65
   45650       -0.00025681        om      5326      5327                 -0.01669254        65
   45368        0.00025002        om      5044      5045                  0.02425167        97
   45339        0.00024674        op      5016      5017                  0.02442685        99
    1536        0.00024370      a_ia      1536                            0.00048740         2
   45367        0.00024259        op      5044      5045                  0.02353100        97

  ==> Add operator: a_ia 1276
  ==> Current qubit order: 2  3  4  5  6  7  8  9  10  11  12  13  14  15  16  17  18  19  20  21  26  27  28  29  30  31  34  35  32  33  38  36  39  37  47  44  45  40  56  62  63  59  57  48  22  51  43  58  23  83  25  73  60  54  70  95  53  94  0  52  46  49  41  71  50  72  24  75  55  1  61  68  69  42  82  85  66  64  65  67  74  76  77  78  79  80  81  84  86  87  88  89  90  91  92  93  


  ==> Energy                -269.740541178
  ==> dE                       -5.82e-08
  ==> Gradient Norm             3.46e-01
  ==> Abs. Max. Deriv.          2.95e-02
  ==> Time-Grad. (s)             169.879
  ==> Time-Energy (s)             28.361
  ==> Time-Iter. (s)             199.248

--------------------------------------------------------------------------------
CEO-ADAPT-VQE iteration: 269
--------------------------------------------------------------------------------
    gate        derivative      name       op1       op2       op3        g_unscaled   penalty
   84659        0.00051414        om     34748     34749                  0.04164550        81
   84658        0.00051282        op     34748     34749                  0.04153824        81
   34748        0.00042878    a_iajb     34748                            0.04159187        97
     816        0.00031089      a_ia       816                            0.00310887        10
      22        0.00030855      a_ia        22                            0.00370263        12
     745        0.00029022      a_ia       745                            0.00406313        14
   45592       -0.00026238        op      5336      5337                 -0.01705494        65
   45593       -0.00025684        om      5336      5337                 -0.01669448        65
   45309        0.00025002        om      5052      5053                  0.02425173        97
   45280        0.00024674        op      5024      5025                  0.02442692        99

  ==> Add operator: mvp2 -1: 34748 34749
  ==> Current qubit order: 2  3  4  5  6  7  8  9  10  11  12  13  14  15  16  17  18  19  20  21  26  27  28  29  30  31  34  35  32  33  38  36  39  37  47  44  45  40  56  62  63  59  57  48  22  51  43  25  73  60  58  23  83  24  54  70  95  53  94  0  52  46  49  41  71  50  72  75  55  1  61  68  69  42  82  85  66  64  65  67  74  76  77  78  79  80  81  84  86  87  88  89  90  91  92  93  


  ==> Energy                -269.740716491
  ==> dE                       -1.75e-04
  ==> Gradient Norm             3.58e-01
  ==> Abs. Max. Deriv.          4.16e-02
  ==> Time-Grad. (s)             173.765
  ==> Time-Energy (s)             52.370
  ==> Time-Iter. (s)             227.176

--------------------------------------------------------------------------------
CEO-ADAPT-VQE iteration: 270
--------------------------------------------------------------------------------
    gate        derivative      name       op1       op2       op3        g_unscaled   penalty
   65477        0.00049950        op     20217     20218                  0.02447554        49
   65478        0.00047936        om     20217     20218                  0.02348880        49
   20217        0.00036896    a_iajb     20217                            0.02398217        65
     746        0.00028958      a_ia       746                            0.00405413        14
   45591       -0.00027070        op      5353      5354                 -0.01705394        63
   45592       -0.00026497        om      5353      5354                 -0.01669340        63
    1455        0.00026223      a_ia      1455                            0.00157336         6
   45308        0.00026078        om      5069      5070                  0.02425219        93
   45279        0.00025712        op      5041      5042                  0.02442676        95
   45307        0.00025306        op      5069      5070                  0.02353479        93

  ==> Add operator: mvp2 -1: 20217 20218
  ==> Current qubit order: 2  3  4  5  6  7  8  9  10  11  12  13  14  15  16  17  18  19  20  21  26  27  28  29  30  31  34  35  32  33  38  36  39  37  47  44  45  40  56  62  63  59  57  48  22  51  43  25  73  60  58  83  24  54  70  95  23  0  52  49  53  94  46  41  71  50  72  75  55  1  61  68  69  42  82  85  66  64  65  67  74  76  77  78  79  80  81  84  86  87  88  89  90  91  92  93  


  ==> Energy                -269.740790681
  ==> dE                       -7.42e-05
  ==> Gradient Norm             3.41e-01
  ==> Abs. Max. Deriv.          2.95e-02
  ==> Time-Grad. (s)             173.330
  ==> Time-Energy (s)             58.085
  ==> Time-Iter. (s)             232.426

--------------------------------------------------------------------------------
CEO-ADAPT-VQE iteration: 271
--------------------------------------------------------------------------------
    gate        derivative      name       op1       op2       op3        g_unscaled   penalty
   91630        0.00064480        op     39931     39932                  0.07157324       111
   91631        0.00063825        om     39931     39932                  0.07084557       111
   39931        0.00056070    a_iajb     39931                            0.07120941       127
    1251        0.00048015      a_ia      1251                            0.00288088         6
    1417        0.00045128      a_ia      1417                            0.00090256         2
     776        0.00038942      a_ia       776                            0.00545183        14
   45385        0.00030690        om      5076      5077                  0.02424471        79
   45384        0.00029782        op      5076      5077                  0.02352781        79
     746        0.00028949      a_ia       746                            0.00405287        14
   89398        0.00028441        op     38236     38237                  0.02531246        89

  ==> Add operator: mvp2 -1: 39931 39932
  ==> Current qubit order: 2  3  4  5  6  7  8  9  10  11  12  13  14  15  16  17  18  19  20  21  26  27  28  29  30  31  34  35  32  33  38  36  39  37  47  44  45  40  56  62  63  59  57  48  22  25  73  60  58  83  24  54  70  95  23  51  43  50  42  0  52  49  53  94  46  41  71  72  75  55  1  61  68  69  82  85  66  64  65  67  74  76  77  78  79  80  81  84  86  87  88  89  90  91  92  93  


  ==> Energy                -269.742243690
  ==> dE                       -1.45e-03
  ==> Gradient Norm             3.61e-01
  ==> Abs. Max. Deriv.          7.16e-02
  ==> Time-Grad. (s)             172.531
  ==> Time-Energy (s)             61.982
  ==> Time-Iter. (s)             235.545

--------------------------------------------------------------------------------
CEO-ADAPT-VQE iteration: 272
--------------------------------------------------------------------------------
    gate        derivative      name       op1       op2       op3        g_unscaled   penalty
    1297        0.00087802      a_ia      1297                            0.00175605         2
    1274        0.00067875      a_ia      1274                            0.00135749         2
     782       -0.00063269      a_ia       782                           -0.00126538         2
     778        0.00054133      a_ia       778                            0.00216531         4
    1419        0.00049352      a_ia      1419                            0.00098705         2
    1253        0.00046245      a_ia      1253                            0.00277471         6
   91517        0.00038613        om     39926     39927                  0.02355396        61
   91516        0.00035947        op     39926     39927                  0.02192783        61
   45359        0.00033213        om      5084      5085                  0.02424572        73
    1441        0.00032392      a_ia      1441                            0.00323923        10

  ==> Add operator: a_ia 1297
  ==> Current qubit order: 2  3  4  5  6  7  8  9  10  11  12  13  14  15  16  17  18  19  20  21  26  27  28  29  30  31  34  35  32  33  38  36  39  37  47  44  45  40  56  62  63  59  57  48  22  25  73  60  58  83  24  54  70  95  23  51  43  50  42  0  52  49  53  94  46  41  71  72  75  55  1  61  68  69  82  85  66  64  65  67  74  76  77  78  79  80  81  84  86  87  88  89  90  91  92  93  


  ==> Energy                -269.742245471
  ==> dE                       -1.78e-06
  ==> Gradient Norm             3.49e-01
  ==> Abs. Max. Deriv.          2.95e-02
  ==> Time-Grad. (s)             171.874
  ==> Time-Energy (s)             26.873
  ==> Time-Iter. (s)             199.775

--------------------------------------------------------------------------------
CEO-ADAPT-VQE iteration: 273
--------------------------------------------------------------------------------
    gate        derivative      name       op1       op2       op3        g_unscaled   penalty
     782       -0.00060910      a_ia       782                           -0.00121821         2
     778        0.00053921      a_ia       778                            0.00215683         4
    1274        0.00051820      a_ia      1274                            0.00103640         2
    1419        0.00048943      a_ia      1419                            0.00097886         2
    1253        0.00046384      a_ia      1253                            0.00278301         6
   45326        0.00033213        om      5088      5089                  0.02424581        73
    1441        0.00032364      a_ia      1441                            0.00323641        10
   45325        0.00032231        op      5088      5089                  0.02352863        73
   45609       -0.00029922        op      5372      5373                 -0.01705569        57
   45610       -0.00029279        om      5372      5373                 -0.01668912        57

  ==> Add operator: a_ia 782
  ==> Current qubit order: 2  3  4  5  6  7  8  9  10  11  12  13  14  15  16  17  18  19  20  21  26  27  28  29  30  31  34  35  32  33  38  36  39  37  47  44  45  40  56  62  63  59  57  48  22  25  73  60  58  83  24  54  70  95  23  51  43  50  42  0  52  49  53  94  46  41  71  72  75  55  1  61  68  69  82  85  66  64  65  67  74  76  77  78  79  80  81  84  86  87  88  89  90  91  92  93  


  ==> Energy                -269.742246138
  ==> dE                       -6.68e-07
  ==> Gradient Norm             3.52e-01
  ==> Abs. Max. Deriv.          3.32e-02
  ==> Time-Grad. (s)             172.985
  ==> Time-Energy (s)             30.080
  ==> Time-Iter. (s)             204.082

--------------------------------------------------------------------------------
CEO-ADAPT-VQE iteration: 274
--------------------------------------------------------------------------------
    gate        derivative      name       op1       op2       op3        g_unscaled   penalty
     779        0.00054236      a_ia       779                            0.00216942         4
    1276        0.00053762      a_ia      1276                            0.00107524         2
    1421        0.00048967      a_ia      1421                            0.00097934         2
    1255        0.00046564      a_ia      1255                            0.00279385         6
   45286        0.00033214        om      5095      5096                  0.02424586        73
    1444        0.00032356      a_ia      1444                            0.00323559        10
   45285        0.00032231        op      5095      5096                  0.02352872        73
   45569       -0.00029922        op      5379      5380                 -0.01705572        57
   45570       -0.00029279        om      5379      5380                 -0.01668915        57
     748        0.00028472      a_ia       748                            0.00398615        14

  ==> Add operator: a_ia 779
  ==> Current qubit order: 2  3  4  5  6  7  8  9  10  11  12  13  14  15  16  17  18  19  20  21  26  27  28  29  30  31  34  35  32  33  38  36  39  37  47  44  45  40  56  62  63  59  57  48  22  25  73  60  58  83  24  54  70  95  51  23  43  50  42  0  52  49  53  94  46  41  71  72  75  55  1  61  68  69  82  85  66  64  65  67  74  76  77  78  79  80  81  84  86  87  88  89  90  91  92  93  


  ==> Energy                -269.742298151
  ==> dE                       -5.20e-05
  ==> Gradient Norm             3.67e-01
  ==> Abs. Max. Deriv.          4.03e-02
  ==> Time-Grad. (s)             216.239
  ==> Time-Energy (s)             31.555
  ==> Time-Iter. (s)             248.824

--------------------------------------------------------------------------------
CEO-ADAPT-VQE iteration: 275
--------------------------------------------------------------------------------
    gate        derivative      name       op1       op2       op3        g_unscaled   penalty
    1422        0.00048817      a_ia      1422                            0.00097633         2
    1256        0.00046702      a_ia      1256                            0.00280210         6
    1277        0.00045713      a_ia      1277                            0.00091426         2
   45350        0.00033215        om      5098      5099                  0.02424662        73
    1445        0.00032979      a_ia      1445                            0.00329786        10
   45349        0.00032222        op      5098      5099                  0.02352196        73
   45635       -0.00029920        op      5384      5385                 -0.01705461        57
   45636       -0.00029281        om      5384      5385                 -0.01669017        57
     749        0.00028969      a_ia       749                            0.00405564        14
     784       -0.00027619      a_ia       784                           -0.00055238         2

  ==> Add operator: a_ia 1422
  ==> Current qubit order: 2  3  4  5  6  7  8  9  10  11  12  13  14  15  16  17  18  19  20  21  26  27  28  29  30  31  34  35  32  33  38  36  39  37  47  44  45  40  56  62  63  59  57  48  22  25  73  60  58  83  24  54  70  95  51  23  43  50  42  0  52  49  53  94  46  41  71  72  75  55  1  61  68  69  82  85  66  64  65  67  74  76  77  78  79  80  81  84  86  87  88  89  90  91  92  93  


  ==> Energy                -269.742436468
  ==> dE                       -1.38e-04
  ==> Gradient Norm             3.41e-01
  ==> Abs. Max. Deriv.          3.07e-02
  ==> Time-Grad. (s)             173.154
  ==> Time-Energy (s)           1289.406
  ==> Time-Iter. (s)            1463.540

--------------------------------------------------------------------------------
CEO-ADAPT-VQE iteration: 276
--------------------------------------------------------------------------------
    gate        derivative      name       op1       op2       op3        g_unscaled   penalty
     855       -0.00065761      a_ia       855                           -0.00131522         2
      18       -0.00065292      a_ia        18                           -0.00130585         2
    1278        0.00058712      a_ia      1278                            0.00117424         2
    1257        0.00046859      a_ia      1257                            0.00281153         6
      60        0.00043116      a_ia        60                            0.00086232         2
     753       -0.00038440      a_ia       753                           -0.00076879         2
      62        0.00036393      a_ia        62                            0.00072787         2
   45394        0.00033221        om      5100      5101                  0.02425101        73
    1446        0.00032716      a_ia      1446                            0.00327161        10
   45393        0.00032171        op      5100      5101                  0.02348465        73

  ==> Add operator: a_ia 855
  ==> Current qubit order: 2  3  4  5  6  7  8  9  10  11  12  13  14  15  16  17  18  19  20  21  26  27  28  29  30  31  34  35  32  33  38  36  39  37  47  44  45  40  56  62  63  59  57  48  22  25  73  60  58  83  24  54  70  95  51  23  43  50  42  0  52  49  53  94  46  41  71  72  75  55  1  61  68  69  82  85  66  64  65  67  74  76  77  78  79  80  81  84  86  87  88  89  90  91  92  93  


  ==> Energy                -269.742436797
  ==> dE                       -3.30e-07
  ==> Gradient Norm             3.48e-01
  ==> Abs. Max. Deriv.          3.92e-02
  ==> Time-Grad. (s)             172.120
  ==> Time-Energy (s)             22.092
  ==> Time-Iter. (s)             195.285

--------------------------------------------------------------------------------
CEO-ADAPT-VQE iteration: 277
--------------------------------------------------------------------------------
    gate        derivative      name       op1       op2       op3        g_unscaled   penalty
      18       -0.00065480      a_ia        18                           -0.00130960         2
    1278        0.00058718      a_ia      1278                            0.00117435         2
   84145        0.00050010        om     34341     34342                  0.02850590        57
   84144        0.00049479        op     34341     34342                  0.02820304        57
    1257        0.00046765      a_ia      1257                            0.00280590         6
      60        0.00043146      a_ia        60                            0.00086291         2
     753       -0.00039188      a_ia       753                           -0.00078375         2
   34341        0.00038842    a_iajb     34341                            0.02835447        73
      62        0.00036646      a_ia        62                            0.00073292         2
   88838       -0.00033914        op     37877     37878                 -0.04239269       125

  ==> Add operator: a_ia 18
  ==> Current qubit order: 2  3  4  5  6  7  8  9  10  11  12  13  14  15  16  17  18  19  20  21  26  27  28  29  30  31  34  35  32  33  38  36  39  37  47  44  45  40  56  62  63  59  57  48  22  25  73  60  58  83  24  54  70  95  51  23  43  50  42  0  52  49  53  94  46  41  71  72  75  55  1  61  68  69  82  85  66  64  65  67  74  76  77  78  79  80  81  84  86  87  88  89  90  91  92  93  


  ==> Energy                -269.742437127
  ==> dE                       -3.30e-07
  ==> Gradient Norm             3.45e-01
  ==> Abs. Max. Deriv.          4.24e-02
  ==> Time-Grad. (s)             267.677
  ==> Time-Energy (s)             32.405
  ==> Time-Iter. (s)             301.100

--------------------------------------------------------------------------------
CEO-ADAPT-VQE iteration: 278
--------------------------------------------------------------------------------
    gate        derivative      name       op1       op2       op3        g_unscaled   penalty
    1278        0.00058674      a_ia      1278                            0.00117348         2
    1257        0.00046779      a_ia      1257                            0.00280672         6
      60        0.00041731      a_ia        60                            0.00083462         2
     753       -0.00038722      a_ia       753                           -0.00077443         2
      62        0.00036111      a_ia        62                            0.00072221         2
   45362        0.00033217        om      5111      5112                  0.02424828        73
    1448        0.00032715      a_ia      1448                            0.00327149        10
   45361        0.00032167        op      5111      5112                  0.02348196        73
   45647       -0.00029922        op      5397      5398                 -0.01705564        57
   45648       -0.00029274        om      5397      5398                 -0.01668602        57

  ==> Add operator: a_ia 1278
  ==> Current qubit order: 2  3  4  5  6  7  8  9  10  11  12  13  14  15  16  17  18  19  20  21  26  27  28  29  30  31  34  35  32  33  38  36  39  37  47  44  45  40  56  62  63  59  57  48  22  25  73  60  58  83  24  54  70  95  51  23  43  50  42  0  52  49  53  94  46  41  71  72  75  55  1  61  68  69  82  85  66  64  65  67  74  76  77  78  79  80  81  84  86  87  88  89  90  91  92  93  


  ==> Energy                -269.742437986
  ==> dE                       -8.59e-07
  ==> Gradient Norm             3.38e-01
  ==> Abs. Max. Deriv.          2.95e-02
  ==> Time-Grad. (s)             169.364
  ==> Time-Energy (s)             34.831
  ==> Time-Iter. (s)             205.215

--------------------------------------------------------------------------------
CEO-ADAPT-VQE iteration: 279
--------------------------------------------------------------------------------
    gate        derivative      name       op1       op2       op3        g_unscaled   penalty
    1258        0.00045934      a_ia      1258                            0.00275604         6
      60        0.00040979      a_ia        60                            0.00081957         2
     754       -0.00039797      a_ia       754                           -0.00079594         2
      62        0.00035379      a_ia        62                            0.00070758         2
   45430        0.00033217        om      5114      5115                  0.02424831        73
    1449        0.00032726      a_ia      1449                            0.00327260        10
   45429        0.00032167        op      5114      5115                  0.02348202        73
   45715       -0.00029922        op      5400      5401                 -0.01705566        57
   45716       -0.00029274        om      5400      5401                 -0.01668608        57
     751        0.00028940      a_ia       751                            0.00405166        14

  ==> Add operator: a_ia 1258
  ==> Current qubit order: 2  3  4  5  6  7  8  9  10  11  12  13  14  15  16  17  18  19  20  21  26  27  28  29  30  31  34  35  32  33  38  36  39  37  47  44  45  40  56  62  63  59  57  48  22  25  73  60  58  83  24  54  70  95  51  23  43  50  42  0  52  49  94  46  53  41  71  72  75  55  1  61  68  69  82  85  66  64  65  67  74  76  77  78  79  80  81  84  86  87  88  89  90  91  92  93  


  ==> Energy                -269.742441430
  ==> dE                       -3.44e-06
  ==> Gradient Norm             3.48e-01
  ==> Abs. Max. Deriv.          3.04e-02
  ==> Time-Grad. (s)             210.474
  ==> Time-Energy (s)             26.119
  ==> Time-Iter. (s)             237.619

--------------------------------------------------------------------------------
CEO-ADAPT-VQE iteration: 280
--------------------------------------------------------------------------------
    gate        derivative      name       op1       op2       op3        g_unscaled   penalty
     754       -0.00041659      a_ia       754                           -0.00083317         2
      60        0.00041425      a_ia        60                            0.00082851         2
      62        0.00035788      a_ia        62                            0.00071577         2
    1449        0.00032733      a_ia      1449                            0.00327333        10
   45378        0.00032331        om      5118      5119                  0.02424810        75
   45377        0.00031309        op      5118      5119                  0.02348183        75
   45663       -0.00029922        op      5404      5405                 -0.01705574        57
   45664       -0.00029274        om      5404      5405                 -0.01668615        57
   91658        0.00029268        om     40040     40041                  0.00907318        31
     751        0.00028945      a_ia       751                            0.00405228        14

  ==> Add operator: a_ia 754
  ==> Current qubit order: 2  3  4  5  6  7  8  9  10  11  12  13  14  15  16  17  18  19  20  21  26  27  28  29  30  31  34  35  32  33  38  36  39  37  47  44  45  40  56  62  63  59  57  48  22  25  73  60  58  83  24  54  70  95  51  23  43  50  42  0  52  49  94  46  53  41  71  72  75  55  1  61  68  69  82  85  66  64  65  67  74  76  77  78  79  80  81  84  86  87  88  89  90  91  92  93  


  ==> Energy                -269.742441797
  ==> dE                       -3.67e-07
  ==> Gradient Norm             3.40e-01
  ==> Abs. Max. Deriv.          2.95e-02
  ==> Time-Grad. (s)             168.790
  ==> Time-Energy (s)             24.467
  ==> Time-Iter. (s)             194.273

--------------------------------------------------------------------------------
CEO-ADAPT-VQE iteration: 281
--------------------------------------------------------------------------------
    gate        derivative      name       op1       op2       op3        g_unscaled   penalty
      60        0.00036435      a_ia        60                            0.00072871         2
      62        0.00033695      a_ia        62                            0.00067389         2
    1449        0.00032739      a_ia      1449                            0.00327394        10
   45439        0.00032331        om      5124      5125                  0.02424843        75
   45438        0.00031310        op      5124      5125                  0.02348218        75
   45724       -0.00029923        op      5410      5411                 -0.01705585        57
   45725       -0.00029274        om      5410      5411                 -0.01668646        57
     751        0.00028971      a_ia       751                            0.00405587        14
     782        0.00028308      a_ia       782                            0.00056615         2
     781        0.00026714      a_ia       781                            0.00534277        20

  ==> Add operator: a_ia 60
  ==> Current qubit order: 2  3  4  5  6  7  8  9  10  11  12  13  14  15  16  17  18  19  20  21  26  27  28  29  30  31  34  35  32  33  38  36  39  37  47  44  45  40  56  62  63  59  57  48  22  25  73  60  58  83  24  54  70  95  51  23  43  50  42  0  52  49  94  46  53  41  71  72  75  55  1  61  68  69  82  85  66  64  65  67  74  76  77  78  79  80  81  84  86  87  88  89  90  91  92  93  


  ==> Energy                -269.742441922
  ==> dE                       -1.25e-07
  ==> Gradient Norm             3.55e-01
  ==> Abs. Max. Deriv.          5.10e-02
  ==> Time-Grad. (s)             172.941
  ==> Time-Energy (s)             30.042
  ==> Time-Iter. (s)             204.001

--------------------------------------------------------------------------------
CEO-ADAPT-VQE iteration: 282
--------------------------------------------------------------------------------
    gate        derivative      name       op1       op2       op3        g_unscaled   penalty
   65995       -0.00078237        om     20507     20508                 -0.03051254        39
   65994       -0.00075446        op     20507     20508                 -0.02942390        39
   20507       -0.00054488    a_iajb     20507                           -0.02996822        55
      62        0.00034696      a_ia        62                            0.00069392         2
    1450        0.00032739      a_ia      1450                            0.00327390        10
   45401        0.00032328        om      5127      5128                  0.02424627        75
   45400        0.00031307        op      5127      5128                  0.02348025        75
   45686       -0.00029919        op      5413      5414                 -0.01705384        57
   45687       -0.00029271        om      5413      5414                 -0.01668456        57
     752        0.00028973      a_ia       752                            0.00405621        14

  ==> Add operator: mvp2 -1: 20507 20508
  ==> Current qubit order: 2  3  4  5  6  7  8  9  10  11  12  13  14  15  16  17  18  19  20  21  26  27  28  29  30  31  34  35  32  33  38  36  39  37  47  44  45  40  56  62  63  59  57  48  22  25  73  60  58  83  24  54  70  95  51  23  43  50  42  52  0  49  94  41  46  53  71  72  75  55  1  61  68  69  82  85  66  64  65  67  74  76  77  78  79  80  81  84  86  87  88  89  90  91  92  93  


  ==> Energy                -269.742511877
  ==> dE                       -7.00e-05
  ==> Gradient Norm             3.43e-01
  ==> Abs. Max. Deriv.          3.05e-02
  ==> Time-Grad. (s)             172.813
  ==> Time-Energy (s)             52.037
  ==> Time-Iter. (s)             225.877

--------------------------------------------------------------------------------
CEO-ADAPT-VQE iteration: 283
--------------------------------------------------------------------------------
    gate        derivative      name       op1       op2       op3        g_unscaled   penalty
      36       -0.00038232      a_ia        36                           -0.00152930         4
      62        0.00035392      a_ia        62                            0.00070784         2
   45360        0.00033214        om      5140      5141                  0.02424597        73
    1452        0.00032723      a_ia      1452                            0.00327230        10
   45359        0.00032123        op      5140      5141                  0.02344964        73
     784        0.00032011      a_ia       784                            0.00512176        16
   45645       -0.00031010        op      5426      5427                 -0.01705549        55
   45646       -0.00030338        om      5426      5427                 -0.01668606        55
     754        0.00029087      a_ia       754                            0.00407212        14
     785        0.00028154      a_ia       785                            0.00056309         2

  ==> Add operator: a_ia 36
  ==> Current qubit order: 2  3  4  5  6  7  8  9  10  11  12  13  14  15  16  17  18  19  20  21  26  27  28  29  30  31  34  35  32  33  38  36  39  37  47  44  45  40  56  62  63  59  57  48  22  25  73  60  58  83  24  54  70  95  51  23  43  50  42  52  49  0  94  41  46  53  71  72  75  55  1  61  68  69  82  85  66  64  65  67  74  76  77  78  79  80  81  84  86  87  88  89  90  91  92  93  


  ==> Energy                -269.742512000
  ==> dE                       -1.23e-07
  ==> Gradient Norm             3.49e-01
  ==> Abs. Max. Deriv.          2.95e-02
  ==> Time-Grad. (s)             260.014
  ==> Time-Energy (s)             25.334
  ==> Time-Iter. (s)             286.390

--------------------------------------------------------------------------------
CEO-ADAPT-VQE iteration: 284
--------------------------------------------------------------------------------
    gate        derivative      name       op1       op2       op3        g_unscaled   penalty
      62        0.00034805      a_ia        62                            0.00069611         2
   45329        0.00034154        om      5140      5141                  0.02424950        71
   45328        0.00033033        op      5140      5141                  0.02345369        71
    1452        0.00032723      a_ia      1452                            0.00327231        10
   91853        0.00032691        om     40438     40439                  0.04544079       139
   91852        0.00032687        op     40438     40439                  0.04543531       139
     784        0.00032011      a_ia       784                            0.00512180        16
   45614       -0.00029919        op      5426      5427                 -0.01705402        57
   40438        0.00029315    a_iajb     40438                            0.04543805       155
   45615       -0.00029271        om      5426      5427                 -0.01668451        57

  ==> Add operator: a_ia 62
  ==> Current qubit order: 2  3  4  5  6  7  8  9  10  11  12  13  14  15  16  17  18  19  20  21  26  27  28  29  30  31  34  35  32  33  38  36  39  37  47  44  45  40  56  62  63  59  57  48  22  25  73  60  58  83  24  54  70  95  51  23  43  50  42  52  49  0  94  41  46  53  71  72  75  55  1  61  68  69  82  85  66  64  65  67  74  76  77  78  79  80  81  84  86  87  88  89  90  91  92  93  


  ==> Energy                -269.742512082
  ==> dE                       -8.16e-08
  ==> Gradient Norm             3.51e-01
  ==> Abs. Max. Deriv.          4.54e-02
  ==> Time-Grad. (s)             171.161
  ==> Time-Energy (s)             26.830
  ==> Time-Iter. (s)             198.996

--------------------------------------------------------------------------------
CEO-ADAPT-VQE iteration: 285
--------------------------------------------------------------------------------
    gate        derivative      name       op1       op2       op3        g_unscaled   penalty
   45561        0.00034154        om      5150      5151                  0.02424949        71
   65687       -0.00033583        om     20176     20177                 -0.01645545        49
   45560        0.00033033        op      5150      5151                  0.02345375        71
    1452        0.00032723      a_ia      1452                            0.00327235        10
     784        0.00032012      a_ia       784                            0.00512185        16
   65686       -0.00030932        op     20176     20177                 -0.01515681        49
   45848       -0.00029919        op      5438      5439                 -0.01705397        57
   45849       -0.00029271        om      5438      5439                 -0.01668451        57
     754        0.00029087      a_ia       754                            0.00407217        14
     785        0.00028156      a_ia       785                            0.00056312         2

  ==> Add operator: mvp2 -1: 5150 5151
  ==> Current qubit order: 2  3  4  5  6  7  8  9  10  11  12  13  14  15  16  17  18  19  20  21  26  27  28  29  30  31  34  35  32  33  38  36  39  37  47  44  45  40  56  62  63  59  57  48  22  25  73  60  58  83  24  54  70  95  51  23  43  50  42  52  49  41  46  53  71  72  75  0  94  1  65  55  61  68  69  82  85  66  64  67  74  76  77  78  79  80  81  84  86  87  88  89  90  91  92  93  


  ==> Energy                -269.742586344
  ==> dE                       -7.43e-05
  ==> Gradient Norm             3.35e-01
  ==> Abs. Max. Deriv.          2.95e-02
  ==> Time-Grad. (s)             171.533
  ==> Time-Energy (s)             55.168
  ==> Time-Iter. (s)             227.723

--------------------------------------------------------------------------------
CEO-ADAPT-VQE iteration: 286
--------------------------------------------------------------------------------
    gate        derivative      name       op1       op2       op3        g_unscaled   penalty
    1367        0.00062561      a_ia      1367                            0.00625611        10
   45662       -0.00047235        op      5363      5364                 -0.01180880        25
   45663       -0.00046886        om      5363      5364                 -0.01172158        25
   84823        0.00043123        om     34809     34810                  0.01509291        35
     784        0.00042710      a_ia       784                            0.00512521        12
      63       -0.00042272      a_ia        63                           -0.00084544         2
   84822        0.00041031        op     34809     34810                  0.01436095        35
   45742       -0.00036241        op      5443      5444                 -0.01703335        47
   45743       -0.00035485        om      5443      5444                 -0.01667782        47
    1453        0.00032716      a_ia      1453                            0.00327164        10

  ==> Add operator: a_ia 1367
  ==> Current qubit order: 2  3  4  5  6  7  8  9  10  11  12  13  14  15  16  17  18  19  20  21  26  27  28  29  30  31  34  35  32  33  38  36  39  37  47  44  45  40  56  62  63  59  57  48  22  25  73  60  58  83  24  54  70  95  51  23  43  42  52  49  41  50  46  53  71  72  75  0  94  1  65  55  61  68  69  82  85  66  64  67  74  76  77  78  79  80  81  84  86  87  88  89  90  91  92  93  


  ==> Energy                -269.742611106
  ==> dE                       -2.48e-05
  ==> Gradient Norm             3.49e-01
  ==> Abs. Max. Deriv.          3.21e-02
  ==> Time-Grad. (s)             166.329
  ==> Time-Energy (s)             22.976
  ==> Time-Iter. (s)             190.450

--------------------------------------------------------------------------------
CEO-ADAPT-VQE iteration: 287
--------------------------------------------------------------------------------
    gate        derivative      name       op1       op2       op3        g_unscaled   penalty
     784        0.00051323      a_ia       784                            0.00513233        10
   45669       -0.00047233        op      5372      5373                 -0.01180833        25
   45670       -0.00046884        om      5372      5373                 -0.01172102        25
      63       -0.00042836      a_ia        63                           -0.00085673         2
    1258        0.00038000      a_ia      1258                            0.00304004         8
   45749       -0.00036241        op      5452      5453                 -0.01703324        47
   45750       -0.00035484        om      5452      5453                 -0.01667769        47
    1261        0.00032500      a_ia      1261                            0.00065000         2
   45151       -0.00031070        op      4854      4855                 -0.01335991        43
   45535       -0.00030121        op      5238      5239                 -0.01596406        53

  ==> Add operator: a_ia 784
  ==> Current qubit order: 2  3  4  5  6  7  8  9  10  11  12  13  14  15  16  17  18  19  20  21  26  27  28  29  30  31  34  35  32  33  38  36  39  37  47  44  45  40  56  62  63  59  57  48  22  25  73  60  58  83  24  54  70  95  51  43  42  52  49  23  41  50  46  53  71  72  75  0  94  1  65  55  61  68  69  82  85  66  64  67  74  76  77  78  79  80  81  84  86  87  88  89  90  91  92  93  


  ==> Energy                -269.743085185
  ==> dE                       -4.74e-04
  ==> Gradient Norm             3.38e-01
  ==> Abs. Max. Deriv.          3.01e-02
  ==> Time-Grad. (s)             168.161
  ==> Time-Energy (s)             29.324
  ==> Time-Iter. (s)             198.499

--------------------------------------------------------------------------------
CEO-ADAPT-VQE iteration: 288
--------------------------------------------------------------------------------
    gate        derivative      name       op1       op2       op3        g_unscaled   penalty
     789       -0.00112622      a_ia       789                           -0.00225244         2
   45653       -0.00047345        op      5383      5384                 -0.01183621        25
   45654       -0.00046813        om      5383      5384                 -0.01170328        25
      63       -0.00044250      a_ia        63                           -0.00088500         2
      47       -0.00036961      a_ia        47                           -0.00739230        20
   45733       -0.00036219        op      5463      5464                 -0.01702312        47
   45734       -0.00035486        om      5463      5464                 -0.01667822        47
     755        0.00032241      a_ia       755                            0.00451369        14
   45041       -0.00031690        op      4771      4772                 -0.01362685        43
   45042       -0.00031661        om      4771      4772                 -0.01361412        43

  ==> Add operator: a_ia 789
  ==> Current qubit order: 2  3  4  5  6  7  8  9  10  11  12  13  14  15  16  17  18  19  20  21  26  27  28  29  30  31  34  35  32  33  38  36  39  37  47  44  45  40  56  62  63  59  57  48  22  25  73  60  58  83  24  54  70  95  51  43  42  52  49  23  41  50  46  53  71  72  75  0  94  1  65  55  61  68  69  82  85  66  64  67  74  76  77  78  79  80  81  84  86  87  88  89  90  91  92  93  


  ==> Energy                -269.743087650
  ==> dE                       -2.46e-06
  ==> Gradient Norm             3.54e-01
  ==> Abs. Max. Deriv.          4.57e-02
  ==> Time-Grad. (s)             169.631
  ==> Time-Energy (s)             26.276
  ==> Time-Iter. (s)             196.924

--------------------------------------------------------------------------------
CEO-ADAPT-VQE iteration: 289
--------------------------------------------------------------------------------
    gate        derivative      name       op1       op2       op3        g_unscaled   penalty
   45684       -0.00047351        op      5390      5391                 -0.01183774        25
   45685       -0.00046819        om      5390      5391                 -0.01170479        25
      63       -0.00043699      a_ia        63                           -0.00087399         2
      47       -0.00036757      a_ia        47                           -0.00735136        20
   45764       -0.00036220        op      5470      5471                 -0.01702335        47
   45765       -0.00035486        om      5470      5471                 -0.01667844        47
     756        0.00032255      a_ia       756                            0.00451566        14
   45072       -0.00031692        op      4778      4779                 -0.01362738        43
   45073       -0.00031661        om      4778      4779                 -0.01361436        43
   45166       -0.00031075        op      4872      4873                 -0.01336245        43

  ==> Add operator: mvp2 -1: 5390 5391
  ==> Current qubit order: 2  3  4  5  6  7  8  9  10  11  12  13  14  15  16  17  18  19  20  21  26  27  28  29  30  31  34  35  32  33  38  36  39  37  47  44  45  40  56  62  63  59  57  48  22  25  73  60  58  83  24  54  70  95  51  43  42  52  49  23  41  50  46  53  71  72  75  0  94  1  65  55  61  68  69  82  85  66  64  67  74  76  77  78  79  80  81  84  86  87  88  89  90  91  92  93  


  ==> Energy                -269.743095256
  ==> dE                       -7.61e-06
  ==> Gradient Norm             3.34e-01
  ==> Abs. Max. Deriv.          2.96e-02
  ==> Time-Grad. (s)             168.434
  ==> Time-Energy (s)             58.605
  ==> Time-Iter. (s)             228.047

--------------------------------------------------------------------------------
CEO-ADAPT-VQE iteration: 290
--------------------------------------------------------------------------------
    gate        derivative      name       op1       op2       op3        g_unscaled   penalty
      63       -0.00043113      a_ia        63                           -0.00086226         2
      47       -0.00036255      a_ia        47                           -0.00725095        20
   45730       -0.00036184        op      5479      5480                 -0.01700628        47
   45731       -0.00035443        om      5479      5480                 -0.01665825        47
     756        0.00032255      a_ia       756                            0.00451572        14
   45039       -0.00032129        om      4787      4788                 -0.01381536        43
   45038       -0.00031973        op      4787      4788                 -0.01374848        43
   45132       -0.00031042        op      4881      4882                 -0.01334795        43
    1263       -0.00030145      a_ia      1263                           -0.00120582         4
   45516       -0.00030119        op      5265      5266                 -0.01596290        53

  ==> Add operator: a_ia 63
  ==> Current qubit order: 2  3  4  5  6  7  8  9  10  11  12  13  14  15  16  17  18  19  20  21  26  27  28  29  30  31  34  35  32  33  38  36  39  37  47  44  45  40  56  62  63  59  57  48  22  25  73  60  58  83  24  54  70  95  51  43  42  52  49  23  41  50  46  53  71  72  75  0  94  1  65  55  61  68  69  82  85  66  64  67  74  76  77  78  79  80  81  84  86  87  88  89  90  91  92  93  


  ==> Energy                -269.743095315
  ==> dE                       -5.92e-08
  ==> Gradient Norm             3.39e-01
  ==> Abs. Max. Deriv.          3.03e-02
  ==> Time-Grad. (s)             170.658
  ==> Time-Energy (s)             36.639
  ==> Time-Iter. (s)             208.312

--------------------------------------------------------------------------------
CEO-ADAPT-VQE iteration: 291
--------------------------------------------------------------------------------
    gate        derivative      name       op1       op2       op3        g_unscaled   penalty
      47       -0.00036261      a_ia        47                           -0.00725216        20
   45755       -0.00036183        op      5486      5487                 -0.01700617        47
   45756       -0.00035443        om      5486      5487                 -0.01665817        47
     757        0.00032255      a_ia       757                            0.00451574        14
   45064       -0.00032127        om      4794      4795                 -0.01381481        43
   45063       -0.00031972        op      4794      4795                 -0.01374797        43
   45157       -0.00031046        op      4888      4889                 -0.01334996        43
    1264       -0.00030179      a_ia      1264                           -0.00120717         4
   45541       -0.00030116        op      5272      5273                 -0.01596166        53
   45542       -0.00029730        om      5272      5273                 -0.01575667        53

  ==> Add operator: a_ia 47
  ==> Current qubit order: 2  3  4  5  6  7  8  9  10  11  12  13  14  15  16  17  18  19  20  21  26  27  28  29  30  31  34  35  32  33  38  36  39  37  47  44  45  40  56  62  63  59  57  48  22  25  73  60  58  83  24  54  70  95  51  43  42  52  49  41  50  46  53  71  72  75  0  94  23  1  65  55  61  68  69  82  85  66  64  67  74  76  77  78  79  80  81  84  86  87  88  89  90  91  92  93  


  ==> Energy                -269.743100763
  ==> dE                       -5.45e-06
  ==> Gradient Norm             3.30e-01
  ==> Abs. Max. Deriv.          2.96e-02
  ==> Time-Grad. (s)             170.490
  ==> Time-Energy (s)             31.889
  ==> Time-Iter. (s)             203.397

--------------------------------------------------------------------------------
CEO-ADAPT-VQE iteration: 292
--------------------------------------------------------------------------------
    gate        derivative      name       op1       op2       op3        g_unscaled   penalty
    1266       -0.00060354      a_ia      1266                           -0.00120708         2
     795        0.00046278      a_ia       795                            0.00277666         6
     804        0.00041435      a_ia       804                            0.00248608         6
    1267       -0.00035167      a_ia      1267                           -0.00351670        10
   45802       -0.00034697        op      5492      5493                 -0.01700160        49
   45803       -0.00033988        om      5492      5493                 -0.01665406        49
     758        0.00032257      a_ia       758                            0.00451594        14
    1263        0.00031926      a_ia      1263                            0.00255411         8
     799       -0.00031257      a_ia       799                           -0.00125030         4
   45204       -0.00029668        op      4894      4895                 -0.01335043        45

  ==> Add operator: a_ia 1266
  ==> Current qubit order: 2  3  4  5  6  7  8  9  10  11  12  13  14  15  16  17  18  19  20  21  26  27  28  29  30  31  34  35  32  33  38  36  39  37  47  44  45  40  56  62  63  59  57  48  22  25  73  60  58  83  24  54  70  95  51  43  42  52  49  41  50  46  53  71  72  75  0  94  23  1  65  55  61  68  69  82  85  66  64  67  74  76  77  78  79  80  81  84  86  87  88  89  90  91  92  93  


  ==> Energy                -269.743101628
  ==> dE                       -8.65e-07
  ==> Gradient Norm             3.50e-01
  ==> Abs. Max. Deriv.          2.96e-02
  ==> Time-Grad. (s)             172.436
  ==> Time-Energy (s)             34.068
  ==> Time-Iter. (s)             207.471

--------------------------------------------------------------------------------
CEO-ADAPT-VQE iteration: 293
--------------------------------------------------------------------------------
    gate        derivative      name       op1       op2       op3        g_unscaled   penalty
     795        0.00046029      a_ia       795                            0.00276172         6
     804        0.00041239      a_ia       804                            0.00247434         6
    1267       -0.00035631      a_ia      1267                           -0.00356314        10
   45739       -0.00034697        op      5500      5501                 -0.01700161        49
   45740       -0.00033988        om      5500      5501                 -0.01665408        49
     758        0.00032263      a_ia       758                            0.00451688        14
   91585        0.00031969        op     40021     40022                  0.00927112        29
    1263        0.00031924      a_ia      1263                            0.00255391         8
     799       -0.00031163      a_ia       799                           -0.00124650         4
   91586        0.00031040        om     40021     40022                  0.00900152        29

  ==> Add operator: a_ia 795
  ==> Current qubit order: 2  3  4  5  6  7  8  9  10  11  12  13  14  15  16  17  18  19  20  21  26  27  28  29  30  31  34  35  32  33  38  36  39  37  47  44  45  40  56  62  63  59  57  48  22  25  73  60  58  83  24  54  70  95  51  43  42  52  49  41  50  46  53  71  72  75  0  94  1  65  23  55  61  68  69  82  85  66  64  67  74  76  77  78  79  80  81  84  86  87  88  89  90  91  92  93  


  ==> Energy                -269.743104144
  ==> dE                       -2.52e-06
  ==> Gradient Norm             3.38e-01
  ==> Abs. Max. Deriv.          2.96e-02
  ==> Time-Grad. (s)             167.804
  ==> Time-Energy (s)             33.480
  ==> Time-Iter. (s)             202.261

--------------------------------------------------------------------------------
CEO-ADAPT-VQE iteration: 294
--------------------------------------------------------------------------------
    gate        derivative      name       op1       op2       op3        g_unscaled   penalty
     800       -0.00063284      a_ia       800                           -0.00126568         2
    1268       -0.00035726      a_ia      1268                           -0.00357255        10
   45773       -0.00033337        op      5506      5507                 -0.01700166        51
   45774       -0.00032655        om      5506      5507                 -0.01665395        51
     759        0.00032266      a_ia       759                            0.00451725        14
    1264        0.00031928      a_ia      1264                            0.00255420         8
     801        0.00031195      a_ia       801                            0.00561506        18
     798        0.00028550      a_ia       798                            0.00114201         4
   45080       -0.00028222        om      4812      4813                 -0.01382890        49
   45079       -0.00028083        op      4812      4813                 -0.01376050        49

  ==> Add operator: a_ia 800
  ==> Current qubit order: 2  3  4  5  6  7  8  9  10  11  12  13  14  15  16  17  18  19  20  21  26  27  28  29  30  31  34  35  32  33  38  36  39  37  47  44  45  40  56  62  63  59  57  48  22  25  73  60  58  83  24  54  70  95  51  43  42  52  49  41  50  46  53  71  72  75  0  94  1  65  23  55  61  68  69  82  85  66  64  67  74  76  77  78  79  80  81  84  86  87  88  89  90  91  92  93  


  ==> Energy                -269.743104551
  ==> dE                       -4.07e-07
  ==> Gradient Norm             3.54e-01
  ==> Abs. Max. Deriv.          3.05e-02
  ==> Time-Grad. (s)             173.162
  ==> Time-Energy (s)             28.847
  ==> Time-Iter. (s)             203.020

--------------------------------------------------------------------------------
CEO-ADAPT-VQE iteration: 295
--------------------------------------------------------------------------------
    gate        derivative      name       op1       op2       op3        g_unscaled   penalty
   91539        0.00045097        op     39811     39812                  0.03652870        81
   91540        0.00044962        om     39811     39812                  0.03641926        81
   39811        0.00037602    a_iajb     39811                            0.03647398        97
    1269       -0.00035705      a_ia      1269                           -0.00357053        10
   45803       -0.00033337        op      5514      5515                 -0.01700166        51
   45804       -0.00032655        om      5514      5515                 -0.01665392        51
     759        0.00032266      a_ia       759                            0.00451727        14
    1265        0.00031927      a_ia      1265                            0.00255418         8
     801        0.00031173      a_ia       801                            0.00561122        18
     798        0.00028881      a_ia       798                            0.00115524         4

  ==> Add operator: mvp2 -1: 39811 39812
  ==> Current qubit order: 2  3  4  5  6  7  8  9  10  11  12  13  14  15  16  17  18  19  20  21  26  27  28  29  30  31  34  35  32  33  38  36  39  37  47  44  45  56  62  63  59  57  48  22  25  73  60  58  83  24  54  70  95  40  49  41  50  51  43  42  52  46  53  71  72  75  0  94  1  65  23  55  61  68  69  82  85  66  64  67  74  76  77  78  79  80  81  84  86  87  88  89  90  91  92  93  


  ==> Energy                -269.743452414
  ==> dE                       -3.48e-04
  ==> Gradient Norm             3.41e-01
  ==> Abs. Max. Deriv.          3.65e-02
  ==> Time-Grad. (s)             173.036
  ==> Time-Energy (s)             58.691
  ==> Time-Iter. (s)             232.736

--------------------------------------------------------------------------------
CEO-ADAPT-VQE iteration: 296
--------------------------------------------------------------------------------
    gate        derivative      name       op1       op2       op3        g_unscaled   penalty
    1269       -0.00084602      a_ia      1269                           -0.00338407         4
    1252        0.00060903      a_ia      1252                            0.00243611         4
    1289       -0.00056492      a_ia      1289                           -0.00225968         4
   45053       -0.00039514        om      4825      4826                 -0.01382981        35
   45052       -0.00039318        op      4825      4826                 -0.01376127        35
    1442       -0.00037157      a_ia      1442                           -0.00222940         6
    1467        0.00035202      a_ia      1467                            0.00352020        10
    1247        0.00034765      a_ia      1247                            0.00208591         6
   45752       -0.00033337        op      5525      5526                 -0.01700175        51
   45753       -0.00032655        om      5525      5526                 -0.01665399        51

  ==> Add operator: a_ia 1269
  ==> Current qubit order: 2  3  4  5  6  7  8  9  10  11  12  13  14  15  16  17  18  19  20  21  26  27  28  29  30  31  34  35  32  33  38  36  39  37  47  44  45  56  62  63  59  57  48  22  25  73  60  58  83  24  54  70  95  40  49  50  41  51  43  42  52  46  53  71  72  75  0  94  1  65  23  55  61  68  69  82  85  66  64  67  74  76  77  78  79  80  81  84  86  87  88  89  90  91  92  93  


  ==> Energy                -269.743458238
  ==> dE                       -5.82e-06
  ==> Gradient Norm             3.41e-01
  ==> Abs. Max. Deriv.          3.45e-02
  ==> Time-Grad. (s)             168.436
  ==> Time-Energy (s)             33.565
  ==> Time-Iter. (s)             203.016

--------------------------------------------------------------------------------
CEO-ADAPT-VQE iteration: 297
--------------------------------------------------------------------------------
    gate        derivative      name       op1       op2       op3        g_unscaled   penalty
    1254        0.00059883      a_ia      1254                            0.00239532         4
    1291       -0.00056254      a_ia      1291                           -0.00225018         4
    1267        0.00048984      a_ia      1267                            0.00195938         4
    1469        0.00043996      a_ia      1469                            0.00351972         8
   45157       -0.00039510        om      4831      4832                 -0.01382839        35
   45156       -0.00039314        op      4831      4832                 -0.01375988        35
    1444       -0.00037093      a_ia      1444                           -0.00222558         6
    1249        0.00034298      a_ia      1249                            0.00205790         6
   45856       -0.00033336        op      5531      5532                 -0.01700146        51
   45857       -0.00032654        om      5531      5532                 -0.01665369        51

  ==> Add operator: a_ia 1254
  ==> Current qubit order: 2  3  4  5  6  7  8  9  10  11  12  13  14  15  16  17  18  19  20  21  26  27  28  29  30  31  34  35  32  33  38  36  39  37  47  44  45  56  62  63  59  57  48  22  25  73  60  58  83  24  54  95  70  40  49  50  41  51  43  42  52  46  53  71  72  75  0  94  1  65  23  55  61  68  69  82  85  66  64  67  74  76  77  78  79  80  81  84  86  87  88  89  90  91  92  93  


  ==> Energy                -269.743459842
  ==> dE                       -1.60e-06
  ==> Gradient Norm             3.54e-01
  ==> Abs. Max. Deriv.          3.46e-02
  ==> Time-Grad. (s)             170.713
  ==> Time-Energy (s)             32.022
  ==> Time-Iter. (s)             203.761

--------------------------------------------------------------------------------
CEO-ADAPT-VQE iteration: 298
--------------------------------------------------------------------------------
    gate        derivative      name       op1       op2       op3        g_unscaled   penalty
    1472        0.00058643      a_ia      1472                            0.00351858         6
    1293       -0.00056255      a_ia      1293                           -0.00225019         4
    1269        0.00048996      a_ia      1269                            0.00195985         4
   45137       -0.00039510        om      4838      4839                 -0.01382834        35
   45136       -0.00039314        op      4838      4839                 -0.01375984        35
    1447       -0.00037104      a_ia      1447                           -0.00222626         6
    1251        0.00033954      a_ia      1251                            0.00203725         6
   45838       -0.00033336        op      5540      5541                 -0.01700152        51
   45839       -0.00032654        om      5540      5541                 -0.01665372        51
     805        0.00031235      a_ia       805                            0.00562233        18

  ==> Add operator: a_ia 1472
  ==> Current qubit order: 2  3  4  5  6  7  8  9  10  11  12  13  14  15  16  17  18  19  20  21  26  27  28  29  30  31  34  35  32  33  38  36  39  37  47  44  45  56  62  63  59  57  48  22  25  73  60  58  83  24  54  95  40  49  70  50  41  51  43  42  52  46  53  71  72  75  0  94  1  65  23  55  61  68  69  82  85  66  64  67  74  76  77  78  79  80  81  84  86  87  88  89  90  91  92  93  


  ==> Energy                -269.743620226
  ==> dE                       -1.60e-04
  ==> Gradient Norm             3.37e-01
  ==> Abs. Max. Deriv.          2.96e-02
  ==> Time-Grad. (s)             173.126
  ==> Time-Energy (s)             29.603
  ==> Time-Iter. (s)             203.734

--------------------------------------------------------------------------------
CEO-ADAPT-VQE iteration: 299
--------------------------------------------------------------------------------
    gate        derivative      name       op1       op2       op3        g_unscaled   penalty
    1295       -0.00056021      a_ia      1295                           -0.00224083         4
    1271        0.00050679      a_ia      1271                            0.00202718         4
    1253        0.00047604      a_ia      1253                            0.00190416         4
   45031       -0.00039509        om      4843      4844                 -0.01382811        35
   45030       -0.00039310        op      4843      4844                 -0.01375839        35
   45734       -0.00033338        op      5547      5548                 -0.01700256        51
   45735       -0.00032653        om      5547      5548                 -0.01665304        51
     806        0.00031272      a_ia       806                            0.00562892        18
    1397       -0.00030815      a_ia      1397                           -0.00184887         6
     803        0.00029209      a_ia       803                            0.00116837         4

  ==> Add operator: a_ia 1295
  ==> Current qubit order: 2  3  4  5  6  7  8  9  10  11  12  13  14  15  16  17  18  19  20  21  26  27  28  29  30  31  34  35  32  33  38  36  39  37  47  44  45  56  62  63  59  57  48  22  25  73  60  58  83  24  54  95  40  49  70  50  41  51  43  52  42  46  53  71  72  75  0  94  1  65  23  55  61  68  69  82  85  66  64  67  74  76  77  78  79  80  81  84  86  87  88  89  90  91  92  93  


  ==> Energy                -269.743669341
  ==> dE                       -4.91e-05
  ==> Gradient Norm             3.46e-01
  ==> Abs. Max. Deriv.          3.17e-02
  ==> Time-Grad. (s)             167.559
  ==> Time-Energy (s)             33.329
  ==> Time-Iter. (s)             201.907

--------------------------------------------------------------------------------
CEO-ADAPT-VQE iteration: 300
--------------------------------------------------------------------------------
    gate        derivative      name       op1       op2       op3        g_unscaled   penalty
    1259        0.00046891      a_ia      1259                            0.00187565         4
    1455       -0.00042384      a_ia      1455                           -0.00339071         8
    1277        0.00040618      a_ia      1277                            0.00162471         4
   45785       -0.00033338        op      5556      5557                 -0.01700248        51
   45786       -0.00032653        om      5556      5557                 -0.01665323        51
    1403       -0.00031516      a_ia      1403                           -0.00189093         6
     809        0.00031083      a_ia       809                            0.00559491        18
   45082       -0.00030726        om      4852      4853                 -0.01382670        45
   45081       -0.00030571        op      4852      4853                 -0.01375684        45
   91792       -0.00030506        om     40054     40055                 -0.02837100        93

  ==> Add operator: a_ia 1259
  ==> Current qubit order: 2  3  4  5  6  7  8  9  10  11  12  13  14  15  16  17  18  19  20  21  26  27  28  29  30  31  34  35  32  33  38  36  39  37  47  44  45  56  62  63  59  57  48  22  25  73  60  58  83  24  95  54  40  49  70  50  41  51  43  52  42  46  53  71  72  75  0  94  1  65  23  55  61  68  69  82  85  66  64  67  74  76  77  78  79  80  81  84  86  87  88  89  90  91  92  93  


  ==> Energy                -269.743853776
  ==> dE                       -1.84e-04
  ==> Gradient Norm             3.49e-01
  ==> Abs. Max. Deriv.          3.28e-02
  ==> Time-Grad. (s)             175.062
  ==> Time-Energy (s)           1875.150
  ==> Time-Iter. (s)            2051.245

--------------------------------------------------------------------------------
CEO-ADAPT-VQE iteration: 301
--------------------------------------------------------------------------------
    gate        derivative      name       op1       op2       op3        g_unscaled   penalty
      36        0.00531085      a_ia        36                            0.01062171         2
     873       -0.00240078      a_ia       873                           -0.00480155         2
     804        0.00156816      a_ia       804                            0.00313632         2
     770       -0.00119450      a_ia       770                           -0.00238900         2
    1259        0.00112921      a_ia      1259                            0.00225843         2
      47       -0.00111848      a_ia        47                           -0.00447392         4
      63       -0.00092028      a_ia        63                           -0.00184055         2
    1281       -0.00075817      a_ia      1281                           -0.00151634         2
      66        0.00075029      a_ia        66                            0.00450173         6
    1327        0.00065837      a_ia      1327                            0.00131675         2

  ==> Add operator: a_ia 36
  ==> Current qubit order: 2  3  4  5  6  7  8  9  10  11  12  13  14  15  16  17  18  19  20  21  26  27  28  29  30  31  34  35  32  33  38  36  39  37  47  44  45  56  62  63  59  57  48  22  25  73  60  58  83  24  95  54  40  49  70  50  41  51  43  52  42  46  53  71  72  75  0  94  1  65  23  55  61  68  69  82  85  66  64  67  74  76  77  78  79  80  81  84  86  87  88  89  90  91  92  93  


  ==> Energy                -269.743862823
  ==> dE                       -9.05e-06
  ==> Gradient Norm             3.51e-01
  ==> Abs. Max. Deriv.          4.11e-02
  ==> Time-Grad. (s)             176.770
  ==> Time-Energy (s)             28.579
  ==> Time-Iter. (s)             206.561

--------------------------------------------------------------------------------
CEO-ADAPT-VQE iteration: 302
--------------------------------------------------------------------------------
    gate        derivative      name       op1       op2       op3        g_unscaled   penalty
     875       -0.00238306      a_ia       875                           -0.00476612         2
     806        0.00157129      a_ia       806                            0.00314257         2
     771       -0.00126266      a_ia       771                           -0.00252533         2
    1261        0.00112808      a_ia      1261                            0.00225616         2
      47       -0.00111960      a_ia        47                           -0.00447840         4
      63       -0.00095822      a_ia        63                           -0.00191644         2
      66        0.00075886      a_ia        66                            0.00455315         6
    1283       -0.00074709      a_ia      1283                           -0.00149418         2
    1329        0.00066771      a_ia      1329                            0.00133543         2
      60        0.00057011      a_ia        60                            0.00342069         6

  ==> Add operator: a_ia 875
  ==> Current qubit order: 2  3  4  5  6  7  8  9  10  11  12  13  14  15  16  17  18  19  20  21  26  27  28  29  30  31  34  35  32  33  38  36  39  37  47  44  45  56  62  63  59  57  48  22  25  73  60  58  83  24  95  54  40  49  70  50  41  51  43  52  42  46  53  71  72  75  0  94  1  65  23  55  61  68  69  82  85  66  64  67  74  76  77  78  79  80  81  84  86  87  88  89  90  91  92  93  


  ==> Energy                -269.743867363
  ==> dE                       -4.54e-06
  ==> Gradient Norm             3.48e-01
  ==> Abs. Max. Deriv.          3.11e-02
  ==> Time-Grad. (s)             169.832
  ==> Time-Energy (s)             34.270
  ==> Time-Iter. (s)             205.185

--------------------------------------------------------------------------------
CEO-ADAPT-VQE iteration: 303
--------------------------------------------------------------------------------
    gate        derivative      name       op1       op2       op3        g_unscaled   penalty
     807        0.00157007      a_ia       807                            0.00314014         2
     772       -0.00129304      a_ia       772                           -0.00258609         2
    1262        0.00112051      a_ia      1262                            0.00224103         2
      47       -0.00111935      a_ia        47                           -0.00447740         4
      63       -0.00097627      a_ia        63                           -0.00195254         2
      66        0.00075543      a_ia        66                            0.00453257         6
    1284       -0.00072862      a_ia      1284                           -0.00145725         2
    1330        0.00066365      a_ia      1330                            0.00132730         2
      60        0.00057052      a_ia        60                            0.00342311         6
    1267        0.00043396      a_ia      1267                            0.00173583         4

  ==> Add operator: a_ia 807
  ==> Current qubit order: 2  3  4  5  6  7  8  9  10  11  12  13  14  15  16  17  18  19  20  21  26  27  28  29  30  31  34  35  32  33  38  36  39  37  47  44  45  56  62  63  59  57  48  22  25  73  60  58  83  24  95  54  40  49  70  50  41  51  43  52  42  46  53  71  72  75  0  94  1  65  23  55  61  68  69  82  85  66  64  67  74  76  77  78  79  80  81  84  86  87  88  89  90  91  92  93  


  ==> Energy                -269.743870657
  ==> dE                       -3.29e-06
  ==> Gradient Norm             3.39e-01
  ==> Abs. Max. Deriv.          3.57e-02
  ==> Time-Grad. (s)             170.445
  ==> Time-Energy (s)             32.745
  ==> Time-Iter. (s)             204.200

--------------------------------------------------------------------------------
CEO-ADAPT-VQE iteration: 304
--------------------------------------------------------------------------------
    gate        derivative      name       op1       op2       op3        g_unscaled   penalty
     776       -0.00128290      a_ia       776                           -0.00256581         2
    1266        0.00112113      a_ia      1266                            0.00224226         2
      47       -0.00109027      a_ia        47                           -0.00436107         4
      63       -0.00097433      a_ia        63                           -0.00194866         2
      66        0.00075251      a_ia        66                            0.00451509         6
    1288       -0.00073431      a_ia      1288                           -0.00146862         2
    1334        0.00066787      a_ia      1334                            0.00133574         2
      60        0.00057177      a_ia        60                            0.00343064         6
    1271        0.00042688      a_ia      1271                            0.00170752         4
    1409       -0.00039091      a_ia      1409                           -0.00547277        14

  ==> Add operator: a_ia 776
  ==> Current qubit order: 2  3  4  5  6  7  8  9  10  11  12  13  14  15  16  17  18  19  20  21  26  27  28  29  30  31  34  35  32  33  38  36  39  37  47  44  45  56  62  63  59  57  48  22  25  73  60  58  83  24  95  54  40  49  70  50  41  51  43  52  42  46  53  71  72  75  0  94  1  65  23  55  61  68  69  82  85  66  64  67  74  76  77  78  79  80  81  84  86  87  88  89  90  91  92  93  


  ==> Energy                -269.743873926
  ==> dE                       -3.27e-06
  ==> Gradient Norm             3.39e-01
  ==> Abs. Max. Deriv.          2.96e-02
  ==> Time-Grad. (s)             170.730
  ==> Time-Energy (s)             31.639
  ==> Time-Iter. (s)             203.379

--------------------------------------------------------------------------------
CEO-ADAPT-VQE iteration: 305
--------------------------------------------------------------------------------
    gate        derivative      name       op1       op2       op3        g_unscaled   penalty
    1267        0.00111903      a_ia      1267                            0.00223807         2
      47       -0.00109163      a_ia        47                           -0.00436652         4
      63       -0.00095499      a_ia        63                           -0.00190998         2
      66        0.00073504      a_ia        66                            0.00441023         6
    1289       -0.00071328      a_ia      1289                           -0.00142656         2
    1335        0.00064093      a_ia      1335                            0.00128187         2
      60        0.00052476      a_ia        60                            0.00314858         6
    1272        0.00042943      a_ia      1272                            0.00171770         4
    1410       -0.00039139      a_ia      1410                           -0.00547948        14
      18        0.00036095      a_ia        18                            0.00505331        14

  ==> Add operator: a_ia 1267
  ==> Current qubit order: 2  3  4  5  6  7  8  9  10  11  12  13  14  15  16  17  18  19  20  21  26  27  28  29  30  31  34  35  32  33  38  36  39  37  47  44  45  56  62  63  59  57  48  22  25  73  60  58  83  24  95  54  40  49  70  50  41  51  43  52  42  46  53  71  72  75  0  94  1  65  23  55  61  68  69  82  85  66  64  67  74  76  77  78  79  80  81  84  86  87  88  89  90  91  92  93  


  ==> Energy                -269.743875994
  ==> dE                       -2.07e-06
  ==> Gradient Norm             3.45e-01
  ==> Abs. Max. Deriv.          3.63e-02
  ==> Time-Grad. (s)             174.014
  ==> Time-Energy (s)             31.786
  ==> Time-Iter. (s)             206.801

--------------------------------------------------------------------------------
CEO-ADAPT-VQE iteration: 306
--------------------------------------------------------------------------------
    gate        derivative      name       op1       op2       op3        g_unscaled   penalty
      47       -0.00109113      a_ia        47                           -0.00436453         4
      63       -0.00095352      a_ia        63                           -0.00190703         2
      66        0.00073307      a_ia        66                            0.00439840         6
    1289       -0.00070614      a_ia      1289                           -0.00141227         2
    1335        0.00062434      a_ia      1335                            0.00124868         2
      60        0.00052420      a_ia        60                            0.00314519         6
    1272        0.00041981      a_ia      1272                            0.00167923         4
    1410       -0.00038975      a_ia      1410                           -0.00545656        14
   91603        0.00036694        om     39806     39807                  0.01357666        37
      18        0.00036042      a_ia        18                            0.00504588        14

  ==> Add operator: a_ia 47
  ==> Current qubit order: 2  3  4  5  6  7  8  9  10  11  12  13  14  15  16  17  18  19  20  21  26  27  28  29  30  31  34  35  32  33  38  36  39  37  47  44  45  56  62  63  59  57  48  22  25  73  60  58  83  24  95  54  40  49  70  50  41  51  43  52  42  46  53  71  72  75  0  94  65  1  23  55  61  68  69  82  85  66  64  67  74  76  77  78  79  80  81  84  86  87  88  89  90  91  92  93  


  ==> Energy                -269.743878109
  ==> dE                       -2.11e-06
  ==> Gradient Norm             3.41e-01
  ==> Abs. Max. Deriv.          3.98e-02
  ==> Time-Grad. (s)             170.097
  ==> Time-Energy (s)             36.006
  ==> Time-Iter. (s)             207.102

--------------------------------------------------------------------------------
CEO-ADAPT-VQE iteration: 307
--------------------------------------------------------------------------------
    gate        derivative      name       op1       op2       op3        g_unscaled   penalty
      63       -0.00095673      a_ia        63                           -0.00191346         2
      60        0.00080205      a_ia        60                            0.00320819         4
    1289       -0.00070581      a_ia      1289                           -0.00141161         2
    1335        0.00062434      a_ia      1335                            0.00124869         2
      66        0.00054713      a_ia        66                            0.00437702         8
    1272        0.00042013      a_ia      1272                            0.00168052         4
    1410       -0.00038980      a_ia      1410                           -0.00545716        14
      18        0.00036059      a_ia        18                            0.00504823        14
    1463       -0.00035220      a_ia      1463                           -0.00281761         8
   45138       -0.00034954        op      4889      4890                 -0.01363216        39

  ==> Add operator: a_ia 63
  ==> Current qubit order: 2  3  4  5  6  7  8  9  10  11  12  13  14  15  16  17  18  19  20  21  26  27  28  29  30  31  34  35  32  33  38  36  39  37  47  44  45  56  62  63  59  57  48  22  25  73  60  58  83  24  95  54  40  49  70  50  41  51  43  52  42  46  53  71  72  75  0  94  65  1  23  55  61  68  69  82  85  66  64  67  74  76  77  78  79  80  81  84  86  87  88  89  90  91  92  93  


  ==> Energy                -269.743878591
  ==> dE                       -4.83e-07
  ==> Gradient Norm             3.48e-01
  ==> Abs. Max. Deriv.          4.05e-02
  ==> Time-Grad. (s)             169.120
  ==> Time-Energy (s)             34.366
  ==> Time-Iter. (s)             204.499

--------------------------------------------------------------------------------
CEO-ADAPT-VQE iteration: 308
--------------------------------------------------------------------------------
    gate        derivative      name       op1       op2       op3        g_unscaled   penalty
      60        0.00080384      a_ia        60                            0.00321537         4
    1290       -0.00070681      a_ia      1290                           -0.00141362         2
    1336        0.00062448      a_ia      1336                            0.00124896         2
      66        0.00054779      a_ia        66                            0.00438233         8
    1273        0.00042025      a_ia      1273                            0.00168099         4
    1411       -0.00038991      a_ia      1411                           -0.00545873        14
      18        0.00036101      a_ia        18                            0.00505412        14
    1464       -0.00035220      a_ia      1464                           -0.00281764         8
   45075       -0.00034950        op      4892      4893                 -0.01363055        39
   45076       -0.00034925        om      4892      4893                 -0.01362058        39

  ==> Add operator: a_ia 60
  ==> Current qubit order: 2  3  4  5  6  7  8  9  10  11  12  13  14  15  16  17  18  19  20  21  26  27  28  29  30  31  34  35  32  33  38  36  39  37  47  44  45  56  62  63  59  57  48  22  25  73  60  58  83  24  95  54  40  49  70  50  41  51  43  52  42  46  53  71  72  75  0  94  65  23  1  55  61  68  69  82  85  66  64  67  74  76  77  78  79  80  81  84  86  87  88  89  90  91  92  93  


  ==> Energy                -269.743880528
  ==> dE                       -1.94e-06
  ==> Gradient Norm             3.46e-01
  ==> Abs. Max. Deriv.          4.11e-02
  ==> Time-Grad. (s)             168.958
  ==> Time-Energy (s)             30.311
  ==> Time-Iter. (s)             200.272

--------------------------------------------------------------------------------
CEO-ADAPT-VQE iteration: 309
--------------------------------------------------------------------------------
    gate        derivative      name       op1       op2       op3        g_unscaled   penalty
    1291       -0.00071093      a_ia      1291                           -0.00142187         2
    1337        0.00062146      a_ia      1337                            0.00124292         2
      66        0.00044878      a_ia        66                            0.00448785        10
    1274        0.00041684      a_ia      1274                            0.00166737         4
    1412       -0.00038912      a_ia      1412                           -0.00544768        14
      18        0.00036626      a_ia        18                            0.00512768        14
   45824       -0.00036117        op      5605      5606                 -0.01697516        47
     822        0.00035486      a_ia       822                            0.00283887         8
   45825       -0.00035351        om      5605      5606                 -0.01661505        47
    1465       -0.00035224      a_ia      1465                           -0.00281791         8

  ==> Add operator: a_ia 1291
  ==> Current qubit order: 2  3  4  5  6  7  8  9  10  11  12  13  14  15  16  17  18  19  20  21  26  27  28  29  30  31  34  35  32  33  38  36  39  37  47  44  45  56  62  63  59  57  48  22  25  73  60  58  83  24  95  54  40  49  70  50  41  51  43  52  42  46  53  71  72  75  0  94  65  23  1  55  61  68  69  82  85  66  64  67  74  76  77  78  79  80  81  84  86  87  88  89  90  91  92  93  


  ==> Energy                -269.743881482
  ==> dE                       -9.54e-07
  ==> Gradient Norm             3.51e-01
  ==> Abs. Max. Deriv.          3.47e-02
  ==> Time-Grad. (s)             171.581
  ==> Time-Energy (s)             25.540
  ==> Time-Iter. (s)             198.106

--------------------------------------------------------------------------------
CEO-ADAPT-VQE iteration: 310
--------------------------------------------------------------------------------
    gate        derivative      name       op1       op2       op3        g_unscaled   penalty
    1340        0.00058339      a_ia      1340                            0.00116678         2
      66        0.00044803      a_ia        66                            0.00448032        10
    1277        0.00041311      a_ia      1277                            0.00165245         4
    1415       -0.00038666      a_ia      1415                           -0.00541322        14
      18        0.00036613      a_ia        18                            0.00512582        14
   45842       -0.00036117        op      5618      5619                 -0.01697510        47
   86292        0.00036077        op     35766     35767                  0.02850111        79
     825        0.00035569      a_ia       825                            0.00284550         8
   45843       -0.00035351        om      5618      5619                 -0.01661499        47
    1470       -0.00035190      a_ia      1470                           -0.00281517         8

  ==> Add operator: a_ia 1340
  ==> Current qubit order: 2  3  4  5  6  7  8  9  10  11  12  13  14  15  16  17  18  19  20  21  26  27  28  29  30  31  34  35  32  33  38  36  39  37  47  44  45  56  62  63  59  57  48  22  25  73  60  58  83  24  95  54  40  49  70  50  41  51  43  52  42  46  53  71  72  75  0  94  65  23  1  55  61  68  69  82  85  66  64  67  74  76  77  78  79  80  81  84  86  87  88  89  90  91  92  93  


  ==> Energy                -269.743882253
  ==> dE                       -7.71e-07
  ==> Gradient Norm             3.58e-01
  ==> Abs. Max. Deriv.          2.96e-02
  ==> Time-Grad. (s)             234.439
  ==> Time-Energy (s)             24.749
  ==> Time-Iter. (s)             260.164

--------------------------------------------------------------------------------
CEO-ADAPT-VQE iteration: 311
--------------------------------------------------------------------------------
    gate        derivative      name       op1       op2       op3        g_unscaled   penalty
      66        0.00044745      a_ia        66                            0.00447446        10
    1279        0.00041264      a_ia      1279                            0.00165056         4
    1417       -0.00038606      a_ia      1417                           -0.00540487        14
      18        0.00036670      a_ia        18                            0.00513387        14
   45785       -0.00036117        op      5622      5623                 -0.01697520        47
     825        0.00035492      a_ia       825                            0.00283938         8
    1472       -0.00035483      a_ia      1472                           -0.00283862         8
   45786       -0.00035351        om      5622      5623                 -0.01661510        47
   44967        0.00033553        op      4804      4805                  0.02583580        77
   45079       -0.00033223        op      4916      4917                 -0.01362136        41

  ==> Add operator: a_ia 66
  ==> Current qubit order: 2  3  4  5  6  7  8  9  10  11  12  13  14  15  16  17  18  19  20  21  26  27  28  29  30  31  34  35  32  33  38  36  39  37  47  44  45  56  62  63  59  57  48  22  25  73  60  58  83  24  95  54  40  49  70  50  41  51  43  52  42  46  53  71  72  0  94  65  23  75  1  55  61  68  69  82  85  66  64  67  74  76  77  78  79  80  81  84  86  87  88  89  90  91  92  93  


  ==> Energy                -269.743884815
  ==> dE                       -2.56e-06
  ==> Gradient Norm             3.50e-01
  ==> Abs. Max. Deriv.          5.10e-02
  ==> Time-Grad. (s)             172.003
  ==> Time-Energy (s)             26.369
  ==> Time-Iter. (s)             199.359

--------------------------------------------------------------------------------
CEO-ADAPT-VQE iteration: 312
--------------------------------------------------------------------------------
    gate        derivative      name       op1       op2       op3        g_unscaled   penalty
     829        0.00143439      a_ia       829                            0.00286877         2
      18        0.00043030      a_ia        18                            0.00516361        12
    1283        0.00041001      a_ia      1283                            0.00164003         4
    1421       -0.00038489      a_ia      1421                           -0.00538852        14
    1476       -0.00035485      a_ia      1476                           -0.00283881         8
   45789       -0.00034646        op      5626      5627                 -0.01697652        49
   45790       -0.00033911        om      5626      5627                 -0.01661639        49
   44971        0.00032697        op      4808      4809                  0.02583051        79
    1617        0.00032650      a_ia      1617                            0.00065300         2
   44972        0.00032125        om      4808      4809                  0.02537878        79

  ==> Add operator: a_ia 829
  ==> Current qubit order: 2  3  4  5  6  7  8  9  10  11  12  13  14  15  16  17  18  19  20  21  26  27  28  29  30  31  34  35  32  33  38  36  39  37  47  44  45  56  62  63  59  57  48  22  25  73  60  58  83  24  95  54  40  49  70  50  41  51  43  52  42  46  53  71  72  0  94  65  23  75  1  55  61  68  69  82  85  66  64  67  74  76  77  78  79  80  81  84  86  87  88  89  90  91  92  93  


  ==> Energy                -269.743886842
  ==> dE                       -2.03e-06
  ==> Gradient Norm             3.35e-01
  ==> Abs. Max. Deriv.          2.96e-02
  ==> Time-Grad. (s)             168.736
  ==> Time-Energy (s)             36.016
  ==> Time-Iter. (s)             205.745

--------------------------------------------------------------------------------
CEO-ADAPT-VQE iteration: 313
--------------------------------------------------------------------------------
    gate        derivative      name       op1       op2       op3        g_unscaled   penalty
      18        0.00042965      a_ia        18                            0.00515580        12
    1283        0.00040553      a_ia      1283                            0.00162212         4
    1422       -0.00038343      a_ia      1422                           -0.00536805        14
   84762        0.00038002        op     34505     34507                  0.01938119        51
   84763        0.00038002        op     34505     34507                  0.01938119        51
    1477       -0.00035493      a_ia      1477                           -0.00283942         8
   84758        0.00035169        op     34505     34506                  0.01793622        51
   84759        0.00035169        op     34505     34506                  0.01793622        51
   45912       -0.00034646        op      5628      5629                 -0.01697659        49
   45913       -0.00033911        om      5628      5629                 -0.01661628        49

  ==> Add operator: a_ia 18
  ==> Current qubit order: 2  3  4  5  6  7  8  9  10  11  12  13  14  15  16  17  18  19  20  21  26  27  28  29  30  31  34  35  32  33  38  36  39  37  47  44  45  56  62  63  59  57  48  22  25  73  60  58  83  24  95  54  40  49  70  50  41  51  43  42  46  53  71  72  52  0  94  65  23  75  1  55  61  68  69  82  85  66  64  67  74  76  77  78  79  80  81  84  86  87  88  89  90  91  92  93  


  ==> Energy                -269.743890988
  ==> dE                       -4.15e-06
  ==> Gradient Norm             3.48e-01
  ==> Abs. Max. Deriv.          2.96e-02
  ==> Time-Grad. (s)             168.198
  ==> Time-Energy (s)             29.465
  ==> Time-Iter. (s)             198.663

--------------------------------------------------------------------------------
CEO-ADAPT-VQE iteration: 314
--------------------------------------------------------------------------------
    gate        derivative      name       op1       op2       op3        g_unscaled   penalty
    1422       -0.00044697      a_ia      1422                           -0.00536362        12
    1283        0.00040615      a_ia      1283                            0.00162459         4
    1347       -0.00036333      a_ia      1347                           -0.00217999         6
    1477       -0.00035482      a_ia      1477                           -0.00283854         8
   45824       -0.00034654        op      5628      5629                 -0.01698026        49
   45825       -0.00033919        om      5628      5629                 -0.01662035        49
   45006        0.00032709        op      4810      4811                  0.02583997        79
    1618        0.00032650      a_ia      1618                            0.00065299         2
   45007        0.00032138        om      4810      4811                  0.02538920        79
    1423       -0.00030058      a_ia      1423                           -0.00180348         6

  ==> Add operator: a_ia 1422
  ==> Current qubit order: 2  3  4  5  6  7  8  9  10  11  12  13  14  15  16  17  18  19  20  21  26  27  28  29  30  31  34  35  32  33  38  36  39  37  47  44  45  56  62  63  59  57  48  22  25  73  60  58  83  24  95  54  40  49  50  41  51  43  42  70  46  53  71  72  52  0  94  65  23  75  1  55  61  68  69  82  85  66  64  67  74  76  77  78  79  80  81  84  86  87  88  89  90  91  92  93  


  ==> Energy                -269.743898568
  ==> dE                       -7.58e-06
  ==> Gradient Norm             3.49e-01
  ==> Abs. Max. Deriv.          2.96e-02
  ==> Time-Grad. (s)             169.440
  ==> Time-Energy (s)             30.324
  ==> Time-Iter. (s)             200.763

--------------------------------------------------------------------------------
CEO-ADAPT-VQE iteration: 315
--------------------------------------------------------------------------------
    gate        derivative      name       op1       op2       op3        g_unscaled   penalty
    1478       -0.00047410      a_ia      1478                           -0.00284460         6
   45868       -0.00034654        op      5632      5633                 -0.01698032        49
   45869       -0.00033919        om      5632      5633                 -0.01662037        49
    1300        0.00033137      a_ia      1300                            0.00132550         4
   45050        0.00032709        op      4814      4815                  0.02583985        79
    1619        0.00032647      a_ia      1619                            0.00065295         2
   45051        0.00032138        om      4814      4815                  0.02538910        79
    1424       -0.00029972      a_ia      1424                           -0.00179835         6
   45258       -0.00029836        op      5022      5023                 -0.01342608        45
   45652       -0.00028992        op      5416      5417                 -0.01594567        55

  ==> Add operator: a_ia 1478
  ==> Current qubit order: 2  3  4  5  6  7  8  9  10  11  12  13  14  15  16  17  18  19  20  21  26  27  28  29  30  31  34  35  32  33  38  36  39  37  47  44  45  56  62  63  59  57  48  22  25  73  60  58  83  24  95  54  40  50  41  49  51  43  42  70  46  53  71  72  52  0  94  65  23  75  1  55  61  68  69  82  85  66  64  67  74  76  77  78  79  80  81  84  86  87  88  89  90  91  92  93  


  ==> Energy                -269.743957880
  ==> dE                       -5.93e-05
  ==> Gradient Norm             3.44e-01
  ==> Abs. Max. Deriv.          3.49e-02
  ==> Time-Grad. (s)             172.887
  ==> Time-Energy (s)             22.343
  ==> Time-Iter. (s)             196.231

--------------------------------------------------------------------------------
CEO-ADAPT-VQE iteration: 316
--------------------------------------------------------------------------------
    gate        derivative      name       op1       op2       op3        g_unscaled   penalty
    1300        0.00052837      a_ia      1300                            0.00105675         2
    1277       -0.00051379      a_ia      1277                           -0.00102758         2
    1321       -0.00040135      a_ia      1321                           -0.00160541         4
   85519        0.00037889        op     35289     35290                  0.01780761        47
   45781       -0.00034655        op      5634      5635                 -0.01698102        49
   44963        0.00034442        op      4816      4817                  0.02583134        75
   45782       -0.00033920        om      5634      5635                 -0.01662104        49
   44964        0.00033831        om      4816      4817                  0.02537292        75
    1619        0.00032359      a_ia      1619                            0.00064719         2
   85520        0.00031858        om     35289     35290                  0.01497309        47

  ==> Add operator: a_ia 1300
  ==> Current qubit order: 2  3  4  5  6  7  8  9  10  11  12  13  14  15  16  17  18  19  20  21  26  27  28  29  30  31  34  35  32  33  38  36  39  37  47  44  45  56  62  63  59  57  48  22  25  73  60  58  83  24  95  54  40  50  41  49  51  43  42  70  46  53  71  72  52  0  94  65  23  75  1  55  61  68  69  82  85  66  64  67  74  76  77  78  79  80  81  84  86  87  88  89  90  91  92  93  


  ==> Energy                -269.743958451
  ==> dE                       -5.71e-07
  ==> Gradient Norm             3.40e-01
  ==> Abs. Max. Deriv.          3.90e-02
  ==> Time-Grad. (s)             241.656
  ==> Time-Energy (s)             27.963
  ==> Time-Iter. (s)             270.627

--------------------------------------------------------------------------------
CEO-ADAPT-VQE iteration: 317
--------------------------------------------------------------------------------
    gate        derivative      name       op1       op2       op3        g_unscaled   penalty
    1278       -0.00054076      a_ia      1278                           -0.00108153         2
    1322       -0.00040085      a_ia      1322                           -0.00160338         4
   45793       -0.00034655        op      5641      5642                 -0.01698101        49
   44973        0.00034470        op      4821      4822                  0.02585283        75
   45794       -0.00033920        om      5641      5642                 -0.01662103        49
   44974        0.00033857        om      4821      4822                  0.02539307        75
    1620        0.00032359      a_ia      1620                            0.00064719         2
    1425       -0.00030986      a_ia      1425                           -0.00185915         6
   45181       -0.00029833        op      5029      5030                 -0.01342496        45
   45577       -0.00028993        op      5425      5426                 -0.01594606        55

  ==> Add operator: a_ia 1278
  ==> Current qubit order: 2  3  4  5  6  7  8  9  10  11  12  13  14  15  16  17  18  19  20  21  26  27  28  29  30  31  34  35  32  33  38  36  39  37  47  44  45  56  62  63  59  57  48  22  25  73  60  58  83  24  95  54  40  50  41  49  51  43  42  70  46  53  71  72  52  0  94  65  23  75  1  55  61  68  69  82  85  66  64  67  74  76  77  78  79  80  81  84  86  87  88  89  90  91  92  93  


  ==> Energy                -269.743959113
  ==> dE                       -6.62e-07
  ==> Gradient Norm             3.49e-01
  ==> Abs. Max. Deriv.          3.01e-02
  ==> Time-Grad. (s)             169.169
  ==> Time-Energy (s)             33.603
  ==> Time-Iter. (s)             204.438

--------------------------------------------------------------------------------
CEO-ADAPT-VQE iteration: 318
--------------------------------------------------------------------------------
    gate        derivative      name       op1       op2       op3        g_unscaled   penalty
    1324       -0.00040140      a_ia      1324                           -0.00160561         4
   45888       -0.00034655        op      5645      5646                 -0.01698089        49
   45066        0.00034470        op      4823      4824                  0.02585276        75
   45889       -0.00033920        om      5645      5646                 -0.01662090        49
   45067        0.00033857        om      4823      4824                  0.02539304        75
    1622        0.00032368      a_ia      1622                            0.00064735         2
    1427       -0.00031054      a_ia      1427                           -0.00186322         6
    1350        0.00030944      a_ia      1350                            0.00061888         2
   45276       -0.00029834        op      5033      5034                 -0.01342517        45
   45672       -0.00028993        op      5429      5430                 -0.01594594        55

  ==> Add operator: a_ia 1324
  ==> Current qubit order: 2  3  4  5  6  7  8  9  10  11  12  13  14  15  16  17  18  19  20  21  26  27  28  29  30  31  34  35  32  33  38  36  39  37  47  44  45  56  62  63  59  57  48  22  25  73  60  58  83  24  95  54  40  50  41  49  51  43  70  42  46  53  71  72  52  0  94  65  23  75  1  55  61  68  69  82  85  66  64  67  74  76  77  78  79  80  81  84  86  87  88  89  90  91  92  93  


  ==> Energy                -269.743984101
  ==> dE                       -2.50e-05
  ==> Gradient Norm             3.52e-01
  ==> Abs. Max. Deriv.          2.96e-02
  ==> Time-Grad. (s)             166.487
  ==> Time-Energy (s)             28.724
  ==> Time-Iter. (s)             196.218

--------------------------------------------------------------------------------
CEO-ADAPT-VQE iteration: 319
--------------------------------------------------------------------------------
    gate        derivative      name       op1       op2       op3        g_unscaled   penalty
    1481       -0.00042682      a_ia      1481                           -0.00085364         2
    1350        0.00035533      a_ia      1350                            0.00071066         2
   45895       -0.00034654        op      5653      5654                 -0.01698040        49
   45071        0.00034468        op      4829      4830                  0.02585099        75
   45896       -0.00033920        om      5653      5654                 -0.01662079        49
   45072        0.00033857        om      4829      4830                  0.02539252        75
    1622        0.00032424      a_ia      1622                            0.00064849         2
   91818        0.00031895        om     39905     39906                  0.01371492        43
    1427       -0.00031508      a_ia      1427                           -0.00189048         6
   45281       -0.00029834        op      5039      5040                 -0.01342527        45

  ==> Add operator: a_ia 1481
  ==> Current qubit order: 2  3  4  5  6  7  8  9  10  11  12  13  14  15  16  17  18  19  20  21  26  27  28  29  30  31  34  35  32  33  38  36  39  37  47  44  45  56  62  63  59  57  48  22  25  73  60  58  83  24  95  54  40  50  41  49  51  43  70  42  46  53  71  72  52  0  94  65  23  75  1  55  61  68  69  82  85  66  64  67  74  76  77  78  79  80  81  84  86  87  88  89  90  91  92  93  


  ==> Energy                -269.743989254
  ==> dE                       -5.15e-06
  ==> Gradient Norm             3.54e-01
  ==> Abs. Max. Deriv.          3.97e-02
  ==> Time-Grad. (s)             170.106
  ==> Time-Energy (s)             33.424
  ==> Time-Iter. (s)             204.518

--------------------------------------------------------------------------------
CEO-ADAPT-VQE iteration: 320
--------------------------------------------------------------------------------
    gate        derivative      name       op1       op2       op3        g_unscaled   penalty
    1351        0.00043808      a_ia      1351                            0.00087616         2
   45924       -0.00034654        op      5660      5661                 -0.01698062        49
   45100        0.00034465        op      4836      4837                  0.02584881        75
   45925       -0.00033920        om      5660      5661                 -0.01662100        49
   45101        0.00033850        om      4836      4837                  0.02538769        75
    1625        0.00032336      a_ia      1625                            0.00064671         2
    1429       -0.00031748      a_ia      1429                           -0.00190486         6
   45310       -0.00029833        op      5046      5047                 -0.01342492        45
   65756       -0.00029590        op     20191     20192                 -0.01331554        45
   65757       -0.00029471        om     20191     20192                 -0.01326200        45

  ==> Add operator: a_ia 1351
  ==> Current qubit order: 2  3  4  5  6  7  8  9  10  11  12  13  14  15  16  17  18  19  20  21  26  27  28  29  30  31  34  35  32  33  38  36  39  37  47  44  45  56  62  63  59  57  48  22  25  73  60  58  83  24  95  54  40  50  41  49  51  43  70  42  46  53  71  72  52  0  94  65  23  75  1  55  61  68  69  82  85  66  64  67  74  76  77  78  79  80  81  84  86  87  88  89  90  91  92  93  


  ==> Energy                -269.743989687
  ==> dE                       -4.34e-07
  ==> Gradient Norm             3.48e-01
  ==> Abs. Max. Deriv.          3.18e-02
  ==> Time-Grad. (s)             172.572
  ==> Time-Energy (s)             24.132
  ==> Time-Iter. (s)             197.723

--------------------------------------------------------------------------------
CEO-ADAPT-VQE iteration: 321
--------------------------------------------------------------------------------
    gate        derivative      name       op1       op2       op3        g_unscaled   penalty
   45948       -0.00034654        op      5667      5668                 -0.01698070        49
   45124        0.00034465        op      4843      4844                  0.02584874        75
   45949       -0.00033921        om      5667      5668                 -0.01662108        49
   45125        0.00033850        om      4843      4844                  0.02538762        75
    1626        0.00032335      a_ia      1626                            0.00064669         2
    1430       -0.00031688      a_ia      1430                           -0.00190130         6
   45334       -0.00029833        op      5053      5054                 -0.01342476        45
   45732       -0.00028993        op      5451      5452                 -0.01594592        55
   45733       -0.00028635        om      5451      5452                 -0.01574917        55
   45731        0.00028477        om      5449      5450                  0.01850983        65

  ==> Add operator: mvp2 -1: 5667 5668
  ==> Current qubit order: 2  3  4  5  6  7  8  9  10  11  12  13  14  15  16  17  18  19  20  21  26  27  28  29  30  31  34  35  32  33  38  36  39  37  47  44  45  56  62  63  59  57  48  22  25  73  60  58  83  24  95  54  40  50  41  49  51  43  70  42  46  53  71  72  52  94  65  23  75  55  61  0  1  82  85  68  69  66  64  67  74  76  77  78  79  80  81  84  86  87  88  89  90  91  92  93  


  ==> Energy                -269.744014836
  ==> dE                       -2.51e-05
  ==> Gradient Norm             3.41e-01
  ==> Abs. Max. Deriv.          2.96e-02
  ==> Time-Grad. (s)             172.346
  ==> Time-Energy (s)             63.657
  ==> Time-Iter. (s)             237.020

--------------------------------------------------------------------------------
CEO-ADAPT-VQE iteration: 322
--------------------------------------------------------------------------------
    gate        derivative      name       op1       op2       op3        g_unscaled   penalty
   45645       -0.00037043        op      5453      5454                 -0.01592847        43
   45646       -0.00036586        om      5453      5454                 -0.01573186        43
   45037        0.00036488        op      4845      4846                  0.02590645        71
   45038        0.00036008        om      4845      4846                  0.02556602        71
   45151       -0.00035058        op      4959      4960                 -0.01367269        39
   45152       -0.00035045        om      4959      4960                 -0.01366761        39
    1628        0.00032335      a_ia      1628                            0.00064670         2
    1432       -0.00031697      a_ia      1432                           -0.00190182         6
   45644        0.00030333        om      5451      5452                  0.01850328        61
   45643        0.00030280        op      5451      5452                  0.01847057        61

  ==> Add operator: mvp2 -1: 5453 5454
  ==> Current qubit order: 2  3  4  5  6  7  8  9  10  11  12  13  14  15  16  17  18  19  20  21  26  27  28  29  30  31  34  35  32  33  38  36  39  37  47  44  45  56  62  63  59  57  48  22  25  73  60  58  83  24  95  54  40  50  41  49  51  43  70  42  46  53  71  72  52  94  65  23  75  55  61  82  85  68  0  1  69  74  66  64  67  76  77  78  79  80  81  84  86  87  88  89  90  91  92  93  


  ==> Energy                -269.744086219
  ==> dE                       -7.14e-05
  ==> Gradient Norm             3.60e-01
  ==> Abs. Max. Deriv.          3.68e-02
  ==> Time-Grad. (s)             184.073
  ==> Time-Energy (s)             59.033
  ==> Time-Iter. (s)             244.120

--------------------------------------------------------------------------------
CEO-ADAPT-VQE iteration: 323
--------------------------------------------------------------------------------
    gate        derivative      name       op1       op2       op3        g_unscaled   penalty
      26       -0.00112411      a_ia        26                           -0.00224823         2
   44969        0.00036469        op      4847      4848                  0.02589290        71
   44970        0.00035964        om      4847      4848                  0.02553427        71
    1630        0.00032345      a_ia      1630                            0.00064690         2
    1434       -0.00031659      a_ia      1434                           -0.00189954         6
   45865        0.00029769        op      5743      5744                  0.02887596        97
   45866        0.00029769        om      5743      5744                  0.02887596        97
    4847        0.00029556    a_iajb      4847                            0.02571359        87
   45576        0.00029000        om      5453      5454                  0.01884998        65
   45575        0.00028799        op      5453      5454                  0.01871936        65

  ==> Add operator: a_ia 26
  ==> Current qubit order: 2  3  4  5  6  7  8  9  10  11  12  13  14  15  16  17  18  19  20  21  26  27  28  29  30  31  34  35  32  33  38  36  39  37  47  44  45  56  62  63  59  57  48  22  25  73  60  58  83  24  95  54  40  50  41  49  51  43  70  42  46  53  71  72  52  94  65  23  75  55  61  82  85  68  0  1  69  74  66  64  67  76  77  78  79  80  81  84  86  87  88  89  90  91  92  93  


  ==> Energy                -269.744086875
  ==> dE                       -6.56e-07
  ==> Gradient Norm             3.36e-01
  ==> Abs. Max. Deriv.          2.96e-02
  ==> Time-Grad. (s)             168.428
  ==> Time-Energy (s)             28.804
  ==> Time-Iter. (s)             198.251

--------------------------------------------------------------------------------
CEO-ADAPT-VQE iteration: 324
--------------------------------------------------------------------------------
    gate        derivative      name       op1       op2       op3        g_unscaled   penalty
   44967        0.00036471        op      4853      4854                  0.02589459        71
   44968        0.00035966        om      4853      4854                  0.02553576        71
    1632        0.00032348      a_ia      1632                            0.00064696         2
    1436       -0.00031669      a_ia      1436                           -0.00190013         6
   45863        0.00029766        op      5749      5750                  0.02887295        97
   45864        0.00029766        om      5749      5750                  0.02887295        97
    4853        0.00029558    a_iajb      4853                            0.02571518        87
   45574        0.00029012        om      5459      5460                  0.01885761        65
   45573        0.00028811        op      5459      5460                  0.01872689        65
   45187        0.00028597        op      5073      5074                  0.01458435        51

  ==> Add operator: mvp2 -1: 4853 4854
  ==> Current qubit order: 2  3  4  5  6  7  8  9  10  11  12  13  14  15  16  17  18  19  20  21  26  27  28  29  30  31  34  35  32  33  38  36  39  37  47  44  45  56  62  63  59  57  48  22  25  73  60  58  83  24  95  54  40  50  41  51  43  70  42  46  53  71  72  52  94  65  23  75  49  82  0  1  55  61  85  68  69  74  66  64  67  76  77  78  79  80  81  84  86  87  88  89  90  91  92  93  


  ==> Energy                -269.744141754
  ==> dE                       -5.49e-05
  ==> Gradient Norm             3.39e-01
  ==> Abs. Max. Deriv.          2.96e-02
  ==> Time-Grad. (s)             168.484
  ==> Time-Energy (s)             51.812
  ==> Time-Iter. (s)             221.286

--------------------------------------------------------------------------------
CEO-ADAPT-VQE iteration: 325
--------------------------------------------------------------------------------
    gate        derivative      name       op1       op2       op3        g_unscaled   penalty
    1502        0.00087010      a_ia      1502                            0.00174020         2
    1493        0.00038394      a_ia      1493                            0.00307155         8
     819       -0.00036699      a_ia       819                           -0.00146794         4
   45249       -0.00036131        op      5070      5071                 -0.01336863        37
   45153       -0.00035022        op      4974      4975                 -0.01365845        39
   45154       -0.00035005        om      4974      4975                 -0.01365189        39
   45250       -0.00033207        om      5070      5071                 -0.01228677        37
    1633        0.00032345      a_ia      1633                            0.00064690         2
    1505        0.00032272      a_ia      1505                            0.00387264        12
    1437       -0.00031658      a_ia      1437                           -0.00189947         6

  ==> Add operator: a_ia 1502
  ==> Current qubit order: 2  3  4  5  6  7  8  9  10  11  12  13  14  15  16  17  18  19  20  21  26  27  28  29  30  31  34  35  32  33  38  36  39  37  47  44  45  56  62  63  59  57  48  22  25  73  60  58  83  24  95  54  40  50  41  51  43  70  42  46  53  71  72  52  94  65  23  75  49  82  0  1  55  61  85  68  69  74  66  64  67  76  77  78  79  80  81  84  86  87  88  89  90  91  92  93  


  ==> Energy                -269.744260734
  ==> dE                       -1.19e-04
  ==> Gradient Norm             3.51e-01
  ==> Abs. Max. Deriv.          2.96e-02
  ==> Time-Grad. (s)             168.176
  ==> Time-Energy (s)           2011.781
  ==> Time-Iter. (s)            2180.957

--------------------------------------------------------------------------------
CEO-ADAPT-VQE iteration: 326
--------------------------------------------------------------------------------
    gate        derivative      name       op1       op2       op3        g_unscaled   penalty
     893       -0.00139482      a_ia       893                           -0.00278964         2
     831        0.00134614      a_ia       831                            0.00269229         2
     787       -0.00117045      a_ia       787                           -0.00234090         2
      61        0.00108520      a_ia        61                            0.00217040         2
     826       -0.00081722      a_ia       826                           -0.00163444         2
    1436       -0.00072132      a_ia      1436                           -0.00288529         4
    1312       -0.00070921      a_ia      1312                           -0.00141842         2
    1289        0.00056563      a_ia      1289                            0.00113126         2
      48       -0.00052382      a_ia        48                           -0.00523824        10
    1287       -0.00043215      a_ia      1287                           -0.00086430         2

  ==> Add operator: a_ia 893
  ==> Current qubit order: 2  3  4  5  6  7  8  9  10  11  12  13  14  15  16  17  18  19  20  21  26  27  28  29  30  31  34  35  32  33  38  36  39  37  47  44  45  56  62  63  59  57  48  22  25  73  60  58  83  24  95  54  40  50  41  51  43  70  42  46  53  71  72  52  94  65  23  75  49  82  0  1  55  61  85  68  69  74  66  64  67  76  77  78  79  80  81  84  86  87  88  89  90  91  92  93  


  ==> Energy                -269.744262082
  ==> dE                       -1.35e-06
  ==> Gradient Norm             3.37e-01
  ==> Abs. Max. Deriv.          3.70e-02
  ==> Time-Grad. (s)             178.471
  ==> Time-Energy (s)             33.477
  ==> Time-Iter. (s)             213.091

--------------------------------------------------------------------------------
CEO-ADAPT-VQE iteration: 327
--------------------------------------------------------------------------------
    gate        derivative      name       op1       op2       op3        g_unscaled   penalty
     832        0.00133732      a_ia       832                            0.00267464         2
     788       -0.00118571      a_ia       788                           -0.00237143         2
      61        0.00108580      a_ia        61                            0.00217160         2
     827       -0.00081432      a_ia       827                           -0.00162865         2
    1437       -0.00071771      a_ia      1437                           -0.00287086         4
    1313       -0.00069996      a_ia      1313                           -0.00139992         2
    1290        0.00056182      a_ia      1290                            0.00112365         2
      48       -0.00052381      a_ia        48                           -0.00523809        10
    1288       -0.00042123      a_ia      1288                           -0.00084247         2
    1494        0.00040228      a_ia      1494                            0.00321824         8

  ==> Add operator: a_ia 832
  ==> Current qubit order: 2  3  4  5  6  7  8  9  10  11  12  13  14  15  16  17  18  19  20  21  26  27  28  29  30  31  34  35  32  33  38  36  39  37  47  44  45  56  62  63  59  57  48  22  25  73  60  58  83  24  95  54  40  50  41  51  43  70  42  46  53  71  72  52  94  65  23  75  49  82  0  1  55  61  85  68  69  74  66  64  67  76  77  78  79  80  81  84  86  87  88  89  90  91  92  93  


  ==> Energy                -269.744263637
  ==> dE                       -1.55e-06
  ==> Gradient Norm             3.37e-01
  ==> Abs. Max. Deriv.          3.20e-02
  ==> Time-Grad. (s)             170.436
  ==> Time-Energy (s)             33.507
  ==> Time-Iter. (s)             204.926

--------------------------------------------------------------------------------
CEO-ADAPT-VQE iteration: 328
--------------------------------------------------------------------------------
    gate        derivative      name       op1       op2       op3        g_unscaled   penalty
     788       -0.00119195      a_ia       788                           -0.00238391         2
      61        0.00108933      a_ia        61                            0.00217866         2
     827       -0.00081930      a_ia       827                           -0.00163860         2
    1437       -0.00071255      a_ia      1437                           -0.00285021         4
    1313       -0.00070249      a_ia      1313                           -0.00140497         2
    1290        0.00056250      a_ia      1290                            0.00112500         2
      48       -0.00052116      a_ia        48                           -0.00521163        10
   67281       -0.00046828        op     21339     21340                 -0.04354993        93
   67282       -0.00043886        om     21339     21340                 -0.04081421        93
    1288       -0.00041091      a_ia      1288                           -0.00082182         2

  ==> Add operator: a_ia 788
  ==> Current qubit order: 2  3  4  5  6  7  8  9  10  11  12  13  14  15  16  17  18  19  20  21  26  27  28  29  30  31  34  35  32  33  38  36  39  37  47  44  45  56  62  63  59  57  48  22  25  73  60  58  83  24  95  54  40  50  41  51  43  70  42  46  53  71  72  52  94  65  23  75  49  82  0  1  55  61  85  68  69  74  66  64  67  76  77  78  79  80  81  84  86  87  88  89  90  91  92  93  


  ==> Energy                -269.744266690
  ==> dE                       -3.05e-06
  ==> Gradient Norm             3.66e-01
  ==> Abs. Max. Deriv.          4.35e-02
  ==> Time-Grad. (s)             172.140
  ==> Time-Energy (s)             26.469
  ==> Time-Iter. (s)             199.615

--------------------------------------------------------------------------------
CEO-ADAPT-VQE iteration: 329
--------------------------------------------------------------------------------
    gate        derivative      name       op1       op2       op3        g_unscaled   penalty
      62        0.00095848      a_ia        62                            0.00191696         2
     829       -0.00082489      a_ia       829                           -0.00164978         2
    1442       -0.00071394      a_ia      1442                           -0.00285575         4
    1318       -0.00068302      a_ia      1318                           -0.00136605         2
    1295        0.00056053      a_ia      1295                            0.00112106         2
      49       -0.00052155      a_ia        49                           -0.00521551        10
    1293       -0.00044447      a_ia      1293                           -0.00088895         2
    1499        0.00040212      a_ia      1499                            0.00321692         8
   45210       -0.00036018        op      5091      5092                 -0.01332656        37
   45114       -0.00035365        op      4995      4996                 -0.01379251        39

  ==> Add operator: a_ia 62
  ==> Current qubit order: 2  3  4  5  6  7  8  9  10  11  12  13  14  15  16  17  18  19  20  21  26  27  28  29  30  31  34  35  32  33  38  36  39  37  47  44  45  56  62  63  59  57  48  22  25  73  60  58  83  24  95  54  40  50  41  51  43  70  42  46  53  71  72  52  94  65  23  75  49  82  0  1  55  61  85  68  69  74  66  64  67  76  77  78  79  80  81  84  86  87  88  89  90  91  92  93  


  ==> Energy                -269.744267409
  ==> dE                       -7.18e-07
  ==> Gradient Norm             3.37e-01
  ==> Abs. Max. Deriv.          2.95e-02
  ==> Time-Grad. (s)             173.018
  ==> Time-Energy (s)             29.626
  ==> Time-Iter. (s)             203.665

--------------------------------------------------------------------------------
CEO-ADAPT-VQE iteration: 330
--------------------------------------------------------------------------------
    gate        derivative      name       op1       op2       op3        g_unscaled   penalty
     833       -0.00082552      a_ia       833                           -0.00165105         2
    1448       -0.00071213      a_ia      1448                           -0.00284850         4
    1324       -0.00068565      a_ia      1324                           -0.00137130         2
    1301        0.00055995      a_ia      1301                            0.00111991         2
      49       -0.00052523      a_ia        49                           -0.00525230        10
   67322       -0.00046807        op     21436     21437                 -0.04353052        93
    1299       -0.00044465      a_ia      1299                           -0.00088929         2
   67323       -0.00043865        om     21436     21437                 -0.04079445        93
    1505        0.00040211      a_ia      1505                            0.00321685         8
   21436       -0.00038681    a_iajb     21436                           -0.04216249       109

  ==> Add operator: a_ia 833
  ==> Current qubit order: 2  3  4  5  6  7  8  9  10  11  12  13  14  15  16  17  18  19  20  21  26  27  28  29  30  31  34  35  32  33  38  36  39  37  47  44  45  56  62  63  59  57  48  22  25  73  60  58  83  24  95  54  40  50  41  51  43  70  42  46  53  71  72  52  94  65  23  75  49  82  0  1  55  61  85  68  69  74  66  64  67  76  77  78  79  80  81  84  86  87  88  89  90  91  92  93  


  ==> Energy                -269.744268068
  ==> dE                       -6.59e-07
  ==> Gradient Norm             3.61e-01
  ==> Abs. Max. Deriv.          4.35e-02
  ==> Time-Grad. (s)             173.627
  ==> Time-Energy (s)             34.317
  ==> Time-Iter. (s)             208.951

--------------------------------------------------------------------------------
CEO-ADAPT-VQE iteration: 331
--------------------------------------------------------------------------------
    gate        derivative      name       op1       op2       op3        g_unscaled   penalty
    1452       -0.00070947      a_ia      1452                           -0.00283789         4
    1328       -0.00068442      a_ia      1328                           -0.00136885         2
    1305        0.00055781      a_ia      1305                            0.00111563         2
      50       -0.00052363      a_ia        50                           -0.00523630        10
    1303       -0.00044189      a_ia      1303                           -0.00088379         2
    1509        0.00040188      a_ia      1509                            0.00321501         8
   45245       -0.00036044        op      5108      5109                 -0.01333642        37
   45149       -0.00035351        op      5012      5013                 -0.01378700        39
   45150       -0.00035330        om      5012      5013                 -0.01377852        39
   45246       -0.00033164        om      5108      5109                 -0.01227057        37

  ==> Add operator: a_ia 1452
  ==> Current qubit order: 2  3  4  5  6  7  8  9  10  11  12  13  14  15  16  17  18  19  20  21  26  27  28  29  30  31  34  35  32  33  38  36  39  37  47  44  45  56  62  63  59  57  48  22  25  73  60  58  83  24  95  54  40  50  41  51  43  42  70  46  53  71  72  52  94  65  23  75  49  82  0  1  55  61  85  68  69  74  66  64  67  76  77  78  79  80  81  84  86  87  88  89  90  91  92  93  


  ==> Energy                -269.744270266
  ==> dE                       -2.20e-06
  ==> Gradient Norm             3.46e-01
  ==> Abs. Max. Deriv.          2.95e-02
  ==> Time-Grad. (s)             172.874
  ==> Time-Energy (s)             29.611
  ==> Time-Iter. (s)             203.491

--------------------------------------------------------------------------------
CEO-ADAPT-VQE iteration: 332
--------------------------------------------------------------------------------
    gate        derivative      name       op1       op2       op3        g_unscaled   penalty
    1330       -0.00066513      a_ia      1330                           -0.00133025         2
    1307        0.00054819      a_ia      1307                            0.00109639         2
      50       -0.00052367      a_ia        50                           -0.00523675        10
    1305       -0.00044611      a_ia      1305                           -0.00089223         2
    1511        0.00040211      a_ia      1511                            0.00321689         8
   45204       -0.00036044        op      5117      5118                 -0.01333643        37
   45106       -0.00035350        op      5019      5020                 -0.01378654        39
   45107       -0.00035328        om      5019      5020                 -0.01377804        39
   45205       -0.00033164        om      5117      5118                 -0.01227057        37
    1523        0.00032129      a_ia      1523                            0.00385549        12

  ==> Add operator: a_ia 1330
  ==> Current qubit order: 2  3  4  5  6  7  8  9  10  11  12  13  14  15  16  17  18  19  20  21  26  27  28  29  30  31  34  35  32  33  38  36  39  37  47  44  45  56  62  63  59  57  48  22  25  73  60  58  83  24  95  54  40  50  41  51  43  42  70  46  53  71  72  52  94  65  23  75  49  82  0  1  55  61  85  68  69  74  66  64  67  76  77  78  79  80  81  84  86  87  88  89  90  91  92  93  


  ==> Energy                -269.744271134
  ==> dE                       -8.68e-07
  ==> Gradient Norm             3.48e-01
  ==> Abs. Max. Deriv.          3.93e-02
  ==> Time-Grad. (s)             230.169
  ==> Time-Energy (s)             30.524
  ==> Time-Iter. (s)             261.689

--------------------------------------------------------------------------------
CEO-ADAPT-VQE iteration: 333
--------------------------------------------------------------------------------
    gate        derivative      name       op1       op2       op3        g_unscaled   penalty
   91857        0.00073818        om     39961     39962                  0.03174183        43
   91856        0.00071931        op     39961     39962                  0.03093045        43
    1309        0.00054291      a_ia      1309                            0.00108581         2
   39961        0.00053112    a_iajb     39961                            0.03133614        59
      50       -0.00052359      a_ia        50                           -0.00523586        10
    1513        0.00040234      a_ia      1513                            0.00321876         8
    1307       -0.00039057      a_ia      1307                           -0.00078114         2
   85430       -0.00037119        op     35119     35120                 -0.02858128        77
   85431       -0.00036399        om     35119     35120                 -0.02802744        77
   86382        0.00036053        op     35834     35835                  0.02848149        79

  ==> Add operator: mvp2 -1: 39961 39962
  ==> Current qubit order: 2  3  4  5  6  7  8  9  10  11  12  13  14  15  16  17  18  19  20  21  26  27  28  29  30  31  34  35  32  33  38  36  39  37  47  44  45  56  62  63  59  57  48  22  25  73  60  58  83  24  95  54  40  50  41  51  42  43  70  46  53  71  72  52  94  65  23  75  49  82  0  1  55  61  85  68  69  74  66  64  67  76  77  78  79  80  81  84  86  87  88  89  90  91  92  93  


  ==> Energy                -269.744570507
  ==> dE                       -2.99e-04
  ==> Gradient Norm             3.61e-01
  ==> Abs. Max. Deriv.          3.47e-02
  ==> Time-Grad. (s)             168.522
  ==> Time-Energy (s)             55.103
  ==> Time-Iter. (s)             224.637

--------------------------------------------------------------------------------
CEO-ADAPT-VQE iteration: 334
--------------------------------------------------------------------------------
    gate        derivative      name       op1       op2       op3        g_unscaled   penalty
    1310        0.00054058      a_ia      1310                            0.00108116         2
      50       -0.00052520      a_ia        50                           -0.00525200        10
    1514        0.00040391      a_ia      1514                            0.00323130         8
    1308       -0.00036425      a_ia      1308                           -0.00072851         2
   45329       -0.00036047        op      5126      5127                 -0.01333748        37
   45231       -0.00035351        op      5028      5029                 -0.01378672        39
   45232       -0.00035329        om      5028      5029                 -0.01377824        39
   45330       -0.00033166        om      5126      5127                 -0.01227160        37
    1381       -0.00032481      a_ia      1381                           -0.00194887         6
    1526        0.00032141      a_ia      1526                            0.00385696        12

  ==> Add operator: a_ia 1310
  ==> Current qubit order: 2  3  4  5  6  7  8  9  10  11  12  13  14  15  16  17  18  19  20  21  26  27  28  29  30  31  34  35  32  33  38  36  39  37  47  44  45  56  62  63  59  57  48  22  25  73  60  58  83  24  95  54  40  50  41  51  42  43  70  46  53  71  72  52  94  65  23  75  49  82  0  1  55  61  85  68  69  74  66  64  67  76  77  78  79  80  81  84  86  87  88  89  90  91  92  93  


  ==> Energy                -269.744571035
  ==> dE                       -5.28e-07
  ==> Gradient Norm             3.51e-01
  ==> Abs. Max. Deriv.          3.16e-02
  ==> Time-Grad. (s)             170.848
  ==> Time-Energy (s)             28.795
  ==> Time-Iter. (s)             200.629

--------------------------------------------------------------------------------
CEO-ADAPT-VQE iteration: 335
--------------------------------------------------------------------------------
    gate        derivative      name       op1       op2       op3        g_unscaled   penalty
      50       -0.00052498      a_ia        50                           -0.00524976        10
    1514        0.00040398      a_ia      1514                            0.00323181         8
    1308       -0.00037235      a_ia      1308                           -0.00074469         2
   45160       -0.00036047        op      5127      5128                 -0.01333740        37
   45062       -0.00035351        op      5029      5030                 -0.01378672        39
   45063       -0.00035329        om      5029      5030                 -0.01377823        39
   45161       -0.00033166        om      5127      5128                 -0.01227153        37
    1381       -0.00032295      a_ia      1381                           -0.00193773         6
    1526        0.00032139      a_ia      1526                            0.00385663        12
    1659        0.00031313      a_ia      1659                            0.00062627         2

  ==> Add operator: a_ia 50
  ==> Current qubit order: 2  3  4  5  6  7  8  9  10  11  12  13  14  15  16  17  18  19  20  21  26  27  28  29  30  31  34  35  32  33  38  36  39  37  47  44  45  56  62  63  59  57  48  22  25  73  60  58  83  24  95  54  40  50  41  51  42  43  70  46  53  71  72  52  94  65  75  49  82  0  23  1  55  61  85  68  69  74  66  64  67  76  77  78  79  80  81  84  86  87  88  89  90  91  92  93  


  ==> Energy                -269.744573515
  ==> dE                       -2.48e-06
  ==> Gradient Norm             3.58e-01
  ==> Abs. Max. Deriv.          3.11e-02
  ==> Time-Grad. (s)             174.413
  ==> Time-Energy (s)             34.451
  ==> Time-Iter. (s)             209.867

--------------------------------------------------------------------------------
CEO-ADAPT-VQE iteration: 336
--------------------------------------------------------------------------------
    gate        derivative      name       op1       op2       op3        g_unscaled   penalty
    1310       -0.00037265      a_ia      1310                           -0.00074529         2
   45177       -0.00035396        op      5031      5032                 -0.01380448        39
   45178       -0.00035378        om      5031      5032                 -0.01379761        39
     837        0.00034633      a_ia       837                            0.00138532         4
   45285        0.00033962        op      5139      5140                  0.01460377        43
   45286        0.00032899        om      5139      5140                  0.01414650        43
    1383       -0.00032036      a_ia      1383                           -0.00192215         6
    1661        0.00031304      a_ia      1661                            0.00062608         2
    1516        0.00031243      a_ia      1516                            0.00312430        10
      50       -0.00030922      a_ia        50                           -0.00061844         2

  ==> Add operator: a_ia 1310
  ==> Current qubit order: 2  3  4  5  6  7  8  9  10  11  12  13  14  15  16  17  18  19  20  21  26  27  28  29  30  31  34  35  32  33  38  36  39  37  47  44  45  56  62  63  59  57  48  22  25  73  60  58  83  24  95  54  40  50  41  51  42  43  70  46  53  71  72  52  94  65  75  49  82  0  23  1  55  61  85  68  69  74  66  64  67  76  77  78  79  80  81  84  86  87  88  89  90  91  92  93  


  ==> Energy                -269.744573836
  ==> dE                       -3.21e-07
  ==> Gradient Norm             3.42e-01
  ==> Abs. Max. Deriv.          3.07e-02
  ==> Time-Grad. (s)             170.050
  ==> Time-Energy (s)             33.640
  ==> Time-Iter. (s)             204.679

--------------------------------------------------------------------------------
CEO-ADAPT-VQE iteration: 337
--------------------------------------------------------------------------------
    gate        derivative      name       op1       op2       op3        g_unscaled   penalty
   91903       -0.00050173        om     40156     40157                 -0.01555375        31
   45268       -0.00048885        op      5159      5160                 -0.02590915        53
   45269       -0.00048267        om      5159      5160                 -0.02558147        53
   91902       -0.00047086        op     40156     40157                 -0.01459665        31
    5159       -0.00037312    a_iajb      5159                           -0.02574531        69
   45142       -0.00035396        op      5033      5034                 -0.01380436        39
   45143       -0.00035378        om      5033      5034                 -0.01379749        39
     838        0.00034584      a_ia       838                            0.00138335         4
   45250        0.00033962        op      5141      5142                  0.01460369        43
   45251        0.00032899        om      5141      5142                  0.01414641        43

  ==> Add operator: mvp2 -1: 40156 40157
  ==> Current qubit order: 2  3  4  5  6  7  8  9  10  11  12  13  14  15  16  17  18  19  20  21  26  27  28  29  30  31  34  35  32  33  38  36  39  37  47  44  45  56  62  63  59  57  48  22  25  73  60  58  83  24  95  54  40  50  41  51  42  70  43  46  53  52  71  72  94  65  75  49  82  0  23  1  55  61  85  68  69  74  66  64  67  76  77  78  79  80  81  84  86  87  88  89  90  91  92  93  


  ==> Energy                -269.744760804
  ==> dE                       -1.87e-04
  ==> Gradient Norm             3.52e-01
  ==> Abs. Max. Deriv.          2.95e-02
  ==> Time-Grad. (s)             170.951
  ==> Time-Energy (s)             41.026
  ==> Time-Iter. (s)             212.990

--------------------------------------------------------------------------------
CEO-ADAPT-VQE iteration: 338
--------------------------------------------------------------------------------
    gate        derivative      name       op1       op2       op3        g_unscaled   penalty
    1385       -0.00129940      a_ia      1385                           -0.00519762         4
    1453       -0.00081187      a_ia      1453                           -0.00324749         4
   45288       -0.00048887        op      5163      5164                 -0.02591016        53
   45289       -0.00048268        om      5163      5164                 -0.02558199        53
    5163       -0.00037313    a_iajb      5163                           -0.02574608        69
     838        0.00035810      a_ia       838                            0.00143238         4
   45270        0.00033962        op      5145      5146                  0.01460355        43
   45271        0.00032897        om      5145      5146                  0.01414588        43
   45162       -0.00032084        op      5037      5038                 -0.01379604        43
   45163       -0.00032070        om      5037      5038                 -0.01378998        43

  ==> Add operator: a_ia 1385
  ==> Current qubit order: 2  3  4  5  6  7  8  9  10  11  12  13  14  15  16  17  18  19  20  21  26  27  28  29  30  31  34  35  32  33  38  36  39  37  47  44  45  56  62  63  59  57  48  22  25  73  60  58  83  24  95  54  40  50  41  51  42  70  46  43  53  52  71  72  94  65  75  49  82  0  23  1  55  61  85  68  69  74  66  64  67  76  77  78  79  80  81  84  86  87  88  89  90  91  92  93  


  ==> Energy                -269.744772969
  ==> dE                       -1.22e-05
  ==> Gradient Norm             3.49e-01
  ==> Abs. Max. Deriv.          2.95e-02
  ==> Time-Grad. (s)             172.069
  ==> Time-Energy (s)             29.784
  ==> Time-Iter. (s)             202.866

--------------------------------------------------------------------------------
CEO-ADAPT-VQE iteration: 339
--------------------------------------------------------------------------------
    gate        derivative      name       op1       op2       op3        g_unscaled   penalty
    1456       -0.00056126      a_ia      1456                           -0.00336753         6
   45301       -0.00048888        op      5168      5169                 -0.02591046        53
   45302       -0.00048269        om      5168      5169                 -0.02558244        53
    5168       -0.00037314    a_iajb      5168                           -0.02574645        69
     841        0.00034243      a_ia       841                            0.00136973         4
   45283        0.00033963        op      5150      5151                  0.01460428        43
   45284        0.00032899        om      5150      5151                  0.01414651        43
   45175       -0.00032085        op      5042      5043                 -0.01379649        43
   45176       -0.00032071        om      5042      5043                 -0.01379032        43
    1521        0.00031392      a_ia      1521                            0.00313919        10

  ==> Add operator: a_ia 1456
  ==> Current qubit order: 2  3  4  5  6  7  8  9  10  11  12  13  14  15  16  17  18  19  20  21  26  27  28  29  30  31  34  35  32  33  38  36  39  37  47  44  45  56  62  63  59  57  48  22  25  73  60  58  83  24  95  54  40  50  41  51  42  70  43  53  46  52  71  72  94  65  75  49  82  0  23  1  55  61  85  68  69  74  66  64  67  76  77  78  79  80  81  84  86  87  88  89  90  91  92  93  


  ==> Energy                -269.744779126
  ==> dE                       -6.16e-06
  ==> Gradient Norm             3.49e-01
  ==> Abs. Max. Deriv.          3.96e-02
  ==> Time-Grad. (s)             173.144
  ==> Time-Energy (s)             36.011
  ==> Time-Iter. (s)             210.172

--------------------------------------------------------------------------------
CEO-ADAPT-VQE iteration: 340
--------------------------------------------------------------------------------
    gate        derivative      name       op1       op2       op3        g_unscaled   penalty
   45274       -0.00048888        op      5168      5169                 -0.02591070        53
   45275       -0.00048269        om      5168      5169                 -0.02558270        53
    5168       -0.00037314    a_iajb      5168                           -0.02574670        69
   45256        0.00033963        op      5150      5151                  0.01460397        43
     841        0.00033742      a_ia       841                            0.00134970         4
   45257        0.00032898        om      5150      5151                  0.01414630        43
   45148       -0.00032106        op      5042      5043                 -0.01380555        43
   45149       -0.00032091        om      5042      5043                 -0.01379919        43
    1521        0.00031409      a_ia      1521                            0.00314086        10
    1666        0.00031325      a_ia      1666                            0.00062651         2

  ==> Add operator: mvp2 -1: 5168 5169
  ==> Current qubit order: 2  3  4  5  6  7  8  9  10  11  12  13  14  15  16  17  18  19  20  21  26  27  28  29  30  31  34  35  32  33  38  36  39  37  47  44  45  56  62  63  59  57  48  22  25  73  60  58  83  24  95  54  40  50  41  51  42  70  43  53  46  52  71  72  65  75  49  94  0  1  55  82  23  61  85  68  69  74  66  64  67  76  77  78  79  80  81  84  86  87  88  89  90  91  92  93  


  ==> Energy                -269.744815540
  ==> dE                       -3.64e-05
  ==> Gradient Norm             3.50e-01
  ==> Abs. Max. Deriv.          3.48e-02
  ==> Time-Grad. (s)             172.843
  ==> Time-Energy (s)             49.914
  ==> Time-Iter. (s)             223.760

--------------------------------------------------------------------------------
CEO-ADAPT-VQE iteration: 341
--------------------------------------------------------------------------------
    gate        derivative      name       op1       op2       op3        g_unscaled   penalty
      39        0.00102191      a_ia        39                            0.00204382         2
     844        0.00059461      a_ia       844                            0.00118921         2
   85337       -0.00043466        op     35060     35061                 -0.03607664        83
    1523        0.00039246      a_ia      1523                            0.00313969         8
   85338       -0.00038408        om     35060     35061                 -0.03187856        83
   91742       -0.00037011        om     39889     39890                 -0.01443411        39
   91741       -0.00036993        op     39889     39890                 -0.01442736        39
     847        0.00035701      a_ia       847                            0.00571213        16
   45187       -0.00035336        op      5044      5045                 -0.01378122        39
   45188       -0.00035315        om      5044      5045                 -0.01377304        39

  ==> Add operator: a_ia 39
  ==> Current qubit order: 2  3  4  5  6  7  8  9  10  11  12  13  14  15  16  17  18  19  20  21  26  27  28  29  30  31  34  35  32  33  38  36  39  37  47  44  45  56  62  63  59  57  48  22  25  73  60  58  83  24  95  54  40  50  41  51  42  70  43  53  46  52  71  72  65  75  49  94  0  1  55  82  23  61  85  68  69  74  66  64  67  76  77  78  79  80  81  84  86  87  88  89  90  91  92  93  


  ==> Energy                -269.744815992
  ==> dE                       -4.52e-07
  ==> Gradient Norm             3.51e-01
  ==> Abs. Max. Deriv.          3.61e-02
  ==> Time-Grad. (s)             170.956
  ==> Time-Energy (s)             39.990
  ==> Time-Iter. (s)             211.971

--------------------------------------------------------------------------------
CEO-ADAPT-VQE iteration: 342
--------------------------------------------------------------------------------
    gate        derivative      name       op1       op2       op3        g_unscaled   penalty
     846        0.00059465      a_ia       846                            0.00118931         2
    1525        0.00039246      a_ia      1525                            0.00313966         8
     849        0.00035645      a_ia       849                            0.00570327        16
   45103       -0.00035343        op      5049      5050                 -0.01378394        39
   45104       -0.00035322        om      5049      5050                 -0.01377560        39
     844        0.00033965      a_ia       844                            0.00135862         4
    1670        0.00031286      a_ia      1670                            0.00062572         2
   45610        0.00030907        om      5555      5556                  0.01885316        61
   45609        0.00030696        op      5555      5556                  0.01872439        61
     805        0.00027871      a_ia       805                            0.00501687        18

  ==> Add operator: a_ia 846
  ==> Current qubit order: 2  3  4  5  6  7  8  9  10  11  12  13  14  15  16  17  18  19  20  21  26  27  28  29  30  31  34  35  32  33  38  36  39  37  47  44  45  56  62  63  59  57  48  22  25  73  60  58  83  24  95  54  40  50  41  51  42  70  43  53  46  52  71  72  65  75  49  94  0  1  55  82  23  61  85  68  69  74  66  64  67  76  77  78  79  80  81  84  86  87  88  89  90  91  92  93  


  ==> Energy                -269.744816291
  ==> dE                       -2.99e-07
  ==> Gradient Norm             3.62e-01
  ==> Abs. Max. Deriv.          4.06e-02
  ==> Time-Grad. (s)             170.390
  ==> Time-Energy (s)             27.421
  ==> Time-Iter. (s)             198.812

--------------------------------------------------------------------------------
CEO-ADAPT-VQE iteration: 343
--------------------------------------------------------------------------------
    gate        derivative      name       op1       op2       op3        g_unscaled   penalty
    1527        0.00039235      a_ia      1527                            0.00313880         8
     850        0.00035631      a_ia       850                            0.00570095        16
   45195       -0.00035344        op      5051      5052                 -0.01378399        39
   45196       -0.00035322        om      5051      5052                 -0.01377565        39
     845        0.00034753      a_ia       845                            0.00139012         4
    1672        0.00031286      a_ia      1672                            0.00062571         2
   45702        0.00030907        om      5557      5558                  0.01885317        61
   45701        0.00030696        op      5557      5558                  0.01872440        61
     806        0.00027871      a_ia       806                            0.00501675        18
   45303        0.00027597        op      5159      5160                  0.01462663        53

  ==> Add operator: a_ia 1527
  ==> Current qubit order: 2  3  4  5  6  7  8  9  10  11  12  13  14  15  16  17  18  19  20  21  26  27  28  29  30  31  34  35  32  33  38  36  39  37  47  44  45  56  62  63  59  57  48  22  25  73  60  58  83  24  95  54  40  50  41  51  42  70  43  53  46  52  71  72  65  75  94  0  1  49  55  82  23  61  85  68  69  74  66  64  67  76  77  78  79  80  81  84  86  87  88  89  90  91  92  93  


  ==> Energy                -269.744892839
  ==> dE                       -7.65e-05
  ==> Gradient Norm             3.43e-01
  ==> Abs. Max. Deriv.          2.96e-02
  ==> Time-Grad. (s)             171.206
  ==> Time-Energy (s)             26.638
  ==> Time-Iter. (s)             198.857

--------------------------------------------------------------------------------
CEO-ADAPT-VQE iteration: 344
--------------------------------------------------------------------------------
    gate        derivative      name       op1       op2       op3        g_unscaled   penalty
    1540        0.00038092      a_ia      1540                            0.00380916        10
     851        0.00035866      a_ia       851                            0.00573853        16
   45170       -0.00035335        op      5056      5057                 -0.01378072        39
   45171       -0.00035322        om      5056      5057                 -0.01377550        39
    1673        0.00031236      a_ia      1673                            0.00062471         2
   45677        0.00030906        om      5562      5563                  0.01885291        61
   45676        0.00030695        op      5562      5563                  0.01872420        61
   45268       -0.00027897        op      5154      5155                 -0.01366976        49
     807        0.00027863      a_ia       807                            0.00501528        18
      61       -0.00027642      a_ia        61                           -0.00055284         2

  ==> Add operator: a_ia 1540
  ==> Current qubit order: 2  3  4  5  6  7  8  9  10  11  12  13  14  15  16  17  18  19  20  21  26  27  28  29  30  31  34  35  32  33  38  36  39  37  47  44  45  56  62  63  59  57  48  22  25  73  60  58  83  24  95  54  40  50  41  51  42  70  43  53  46  52  71  72  65  75  94  0  1  55  82  23  61  49  85  68  69  74  66  64  67  76  77  78  79  80  81  84  86  87  88  89  90  91  92  93  


  ==> Energy                -269.744951867
  ==> dE                       -5.90e-05
  ==> Gradient Norm             3.45e-01
  ==> Abs. Max. Deriv.          3.23e-02
  ==> Time-Grad. (s)             262.750
  ==> Time-Energy (s)             24.183
  ==> Time-Iter. (s)             287.904

--------------------------------------------------------------------------------
CEO-ADAPT-VQE iteration: 345
--------------------------------------------------------------------------------
    gate        derivative      name       op1       op2       op3        g_unscaled   penalty
   45162       -0.00035342        op      5062      5063                 -0.01378354        39
   45163       -0.00035326        om      5062      5063                 -0.01377714        39
    1534        0.00034053      a_ia      1534                            0.00068106         2
     853        0.00031913      a_ia       853                            0.00574439        18
    1676        0.00031268      a_ia      1676                            0.00062537         2
   45669        0.00030905        om      5568      5569                  0.01885187        61
   45668        0.00030694        op      5568      5569                  0.01872345        61
     862       -0.00030498      a_ia       862                           -0.00182987         6
     808        0.00027866      a_ia       808                            0.00501594        18
    1372        0.00026604      a_ia      1372                            0.00159622         6

  ==> Add operator: mvp2 -1: 5062 5063
  ==> Current qubit order: 2  3  4  5  6  7  8  9  10  11  12  13  14  15  16  17  18  19  20  21  26  27  28  29  30  31  34  35  32  33  38  36  39  37  47  44  45  56  62  63  59  57  48  22  25  73  60  58  83  24  95  54  40  50  41  51  42  70  43  53  46  71  72  52  75  0  1  65  94  55  82  23  61  49  85  68  69  74  66  64  67  76  77  78  79  80  81  84  86  87  88  89  90  91  92  93  


  ==> Energy                -269.744963768
  ==> dE                       -1.19e-05
  ==> Gradient Norm             3.40e-01
  ==> Abs. Max. Deriv.          2.96e-02
  ==> Time-Grad. (s)             173.673
  ==> Time-Energy (s)             56.162
  ==> Time-Iter. (s)             230.805

--------------------------------------------------------------------------------
CEO-ADAPT-VQE iteration: 346
--------------------------------------------------------------------------------
    gate        derivative      name       op1       op2       op3        g_unscaled   penalty
    1536        0.00034031      a_ia      1536                            0.00068063         2
     855        0.00031908      a_ia       855                            0.00574340        18
    1678        0.00031277      a_ia      1678                            0.00062553         2
     864       -0.00030492      a_ia       864                           -0.00182953         6
   45689        0.00029910        om      5574      5575                  0.01884323        63
   45688        0.00029706        op      5574      5575                  0.01871489        63
   45168       -0.00028874        op      5054      5055                 -0.01299338        45
   45169       -0.00028857        om      5054      5055                 -0.01298548        45
     810        0.00027865      a_ia       810                            0.00501571        18
      19       -0.00027161      a_ia        19                           -0.00108643         4

  ==> Add operator: a_ia 1536
  ==> Current qubit order: 2  3  4  5  6  7  8  9  10  11  12  13  14  15  16  17  18  19  20  21  26  27  28  29  30  31  34  35  32  33  38  36  39  37  47  44  45  56  62  63  59  57  48  22  25  73  60  58  83  24  95  54  40  50  41  51  42  70  43  53  46  71  72  52  75  0  1  65  94  55  82  23  61  49  85  68  69  74  66  64  67  76  77  78  79  80  81  84  86  87  88  89  90  91  92  93  


  ==> Energy                -269.744967168
  ==> dE                       -3.40e-06
  ==> Gradient Norm             3.40e-01
  ==> Abs. Max. Deriv.          2.96e-02
  ==> Time-Grad. (s)             172.016
  ==> Time-Energy (s)             33.819
  ==> Time-Iter. (s)             206.836

--------------------------------------------------------------------------------
CEO-ADAPT-VQE iteration: 347
--------------------------------------------------------------------------------
    gate        derivative      name       op1       op2       op3        g_unscaled   penalty
     856        0.00031913      a_ia       856                            0.00574429        18
    1680        0.00031276      a_ia      1680                            0.00062552         2
     865       -0.00030714      a_ia       865                           -0.00184286         6
   45709        0.00029910        om      5582      5583                  0.01884327        63
   45708        0.00029706        op      5582      5583                  0.01871492        63
   45188       -0.00029018        op      5062      5063                 -0.01305818        45
   45189       -0.00029001        om      5062      5063                 -0.01305066        45
     811        0.00027867      a_ia       811                            0.00501607        18
      19       -0.00027171      a_ia        19                           -0.00108683         4
    1375        0.00026632      a_ia      1375                            0.00159789         6

  ==> Add operator: a_ia 856
  ==> Current qubit order: 2  3  4  5  6  7  8  9  10  11  12  13  14  15  16  17  18  19  20  21  26  27  28  29  30  31  34  35  32  33  38  36  39  37  47  44  45  56  62  63  59  57  48  22  25  73  60  58  83  24  95  54  40  50  41  51  42  70  43  53  46  71  72  52  75  0  1  65  94  55  82  61  49  85  68  69  74  66  64  23  67  76  77  78  79  80  81  84  86  87  88  89  90  91  92  93  


  ==> Energy                -269.744974178
  ==> dE                       -7.01e-06
  ==> Gradient Norm             3.51e-01
  ==> Abs. Max. Deriv.          3.39e-02
  ==> Time-Grad. (s)             171.168
  ==> Time-Energy (s)             35.416
  ==> Time-Iter. (s)             207.581

--------------------------------------------------------------------------------
CEO-ADAPT-VQE iteration: 348
--------------------------------------------------------------------------------
    gate        derivative      name       op1       op2       op3        g_unscaled   penalty
    1682        0.00031303      a_ia      1682                            0.00062606         2
   45750        0.00030889        om      5586      5587                  0.01884250        61
   45749        0.00030679        op      5586      5587                  0.01871412        61
   45229       -0.00030367        op      5066      5067                 -0.01305771        43
   45230       -0.00030349        om      5066      5067                 -0.01305026        43
   45768        0.00029365        om      5604      5605                  0.01203951        41
   65903        0.00028319        op     20243     20245                  0.01840731        65
   65904        0.00028319        op     20243     20245                  0.01840731        65
   45767        0.00028252        op      5604      5605                  0.01158316        41
   65899        0.00028240        op     20243     20244                  0.01835626        65

  ==> Add operator: a_ia 1682
  ==> Current qubit order: 2  3  4  5  6  7  8  9  10  11  12  13  14  15  16  17  18  19  20  21  26  27  28  29  30  31  34  35  32  33  38  36  39  37  47  44  45  56  62  63  59  57  48  22  25  73  60  58  83  24  95  54  40  50  41  51  42  70  43  53  46  71  72  52  75  0  1  65  94  55  82  61  49  85  68  69  74  66  64  23  67  76  77  78  79  80  81  84  86  87  88  89  90  91  92  93  


  ==> Energy                -269.745003713
  ==> dE                       -2.95e-05
  ==> Gradient Norm             3.38e-01
  ==> Abs. Max. Deriv.          2.96e-02
  ==> Time-Grad. (s)             172.013
  ==> Time-Energy (s)             31.395
  ==> Time-Iter. (s)             204.401

--------------------------------------------------------------------------------
CEO-ADAPT-VQE iteration: 349
--------------------------------------------------------------------------------
    gate        derivative      name       op1       op2       op3        g_unscaled   penalty
   45755        0.00030892        om      5587      5588                  0.01884398        61
   45754        0.00030680        op      5587      5588                  0.01871507        61
   45234       -0.00030412        op      5067      5068                 -0.01307733        43
   45235       -0.00030392        om      5067      5068                 -0.01306872        43
   45773        0.00029381        om      5605      5606                  0.01204601        41
   45772        0.00028256        op      5605      5606                  0.01158491        41
     813        0.00027831      a_ia       813                            0.00500963        18
      19       -0.00027099      a_ia        19                           -0.00108397         4
   45644        0.00026603        op      5477      5478                  0.02420883        91
    1377        0.00026245      a_ia      1377                            0.00157472         6

  ==> Add operator: mvp2 -1: 5587 5588
  ==> Current qubit order: 2  3  4  5  6  7  8  9  10  11  12  13  14  15  16  17  18  19  20  21  26  27  28  29  30  31  34  35  32  33  38  36  39  37  47  44  45  56  62  63  59  57  48  22  25  73  60  58  83  24  95  54  40  50  41  51  42  70  43  53  46  71  52  75  72  0  1  69  65  94  55  82  61  49  85  68  74  66  64  23  67  76  77  78  79  80  81  84  86  87  88  89  90  91  92  93  


  ==> Energy                -269.745034460
  ==> dE                       -3.07e-05
  ==> Gradient Norm             3.43e-01
  ==> Abs. Max. Deriv.          4.13e-02
  ==> Time-Grad. (s)             173.454
  ==> Time-Energy (s)             57.275
  ==> Time-Iter. (s)             231.728

--------------------------------------------------------------------------------
CEO-ADAPT-VQE iteration: 350
--------------------------------------------------------------------------------
    gate        derivative      name       op1       op2       op3        g_unscaled   penalty
      68        0.00138362      a_ia        68                            0.00276724         2
   91929        0.00052576        op     40035     40036                  0.02260753        43
   91930        0.00050672        om     40035     40036                  0.02178915        43
      29       -0.00050388      a_ia        29                           -0.00100775         2
   67319        0.00050012        op     21362     21363                  0.03350810        67
   67320        0.00044728        om     21362     21363                  0.02996751        67
   45714        0.00043785        om      5609      5610                  0.01182188        27
   45713        0.00043110        op      5609      5610                  0.01163958        27
   21362        0.00038238    a_iajb     21362                            0.03173781        83
   40035        0.00037624    a_iajb     40035                            0.02219834        59

  ==> Add operator: a_ia 68
  ==> Current qubit order: 2  3  4  5  6  7  8  9  10  11  12  13  14  15  16  17  18  19  20  21  26  27  28  29  30  31  34  35  32  33  38  36  39  37  47  44  45  56  62  63  59  57  48  22  25  73  60  58  83  24  95  54  40  50  41  51  42  70  43  53  46  71  52  75  72  0  1  69  65  94  55  82  61  49  85  68  74  66  64  23  67  76  77  78  79  80  81  84  86  87  88  89  90  91  92  93  


  ==> Energy                -269.745040363
  ==> dE                       -5.90e-06
  ==> Gradient Norm             3.53e-01
  ==> Abs. Max. Deriv.          3.35e-02
  ==> Time-Grad. (s)             170.442
  ==> Time-Energy (s)           1608.090
  ==> Time-Iter. (s)            1779.522

--------------------------------------------------------------------------------
CEO-ADAPT-VQE iteration: 351
--------------------------------------------------------------------------------
    gate        derivative      name       op1       op2       op3        g_unscaled   penalty
      29       -0.00055134      a_ia        29                           -0.00110267         2
   45756        0.00043569        om      5615      5616                  0.01176353        27
   45755        0.00042945        op      5615      5616                  0.01159507        27
     930       -0.00039168      a_ia       930                           -0.00078335         2
   85543        0.00030181        op     35113     35114                  0.01478890        49
   45224        0.00028883        om      5083      5084                  0.01068675        37
   45223        0.00028640        op      5083      5084                  0.01059677        37
     815        0.00027847      a_ia       815                            0.00501243        18
   45215       -0.00027780        op      5075      5076                 -0.01305641        47
   45216       -0.00027763        om      5075      5076                 -0.01304841        47

  ==> Add operator: a_ia 29
  ==> Current qubit order: 2  3  4  5  6  7  8  9  10  11  12  13  14  15  16  17  18  19  20  21  26  27  28  29  30  31  34  35  32  33  38  36  39  37  47  44  45  56  62  63  59  57  48  22  25  73  60  58  83  24  95  54  40  50  41  51  42  70  43  53  46  71  52  75  72  0  1  69  65  94  55  82  61  49  85  68  74  66  64  23  67  76  77  78  79  80  81  84  86  87  88  89  90  91  92  93  


  ==> Energy                -269.745040589
  ==> dE                       -2.27e-07
  ==> Gradient Norm             3.50e-01
  ==> Abs. Max. Deriv.          3.91e-02
  ==> Time-Grad. (s)             172.099
  ==> Time-Energy (s)             30.735
  ==> Time-Iter. (s)             204.028

--------------------------------------------------------------------------------
CEO-ADAPT-VQE iteration: 352
--------------------------------------------------------------------------------
    gate        derivative      name       op1       op2       op3        g_unscaled   penalty
   45785        0.00043559        om      5617      5618                  0.01176087        27
   45784        0.00042935        op      5617      5618                  0.01159235        27
     931       -0.00039418      a_ia       931                           -0.00078835         2
   91929        0.00029771        om     39881     39882                  0.01280135        43
   45253        0.00028882        om      5085      5086                  0.01068646        37
   45252        0.00028639        op      5085      5086                  0.01059642        37
      68        0.00028297      a_ia        68                            0.00056594         2
     816        0.00027847      a_ia       816                            0.00501249        18
   45244       -0.00027777        op      5077      5078                 -0.01305518        47
   45245       -0.00027760        om      5077      5078                 -0.01304727        47

  ==> Add operator: mvp2 -1: 5617 5618
  ==> Current qubit order: 2  3  4  5  6  7  8  9  10  11  12  13  14  15  16  17  18  19  20  21  26  27  28  29  30  31  34  35  32  33  38  36  39  37  47  44  45  56  62  63  59  57  48  22  25  73  60  58  83  24  95  54  40  50  41  51  42  70  43  53  46  71  52  75  72  0  1  69  94  65  55  82  61  49  85  68  74  66  64  23  67  76  77  78  79  80  81  84  86  87  88  89  90  91  92  93  


  ==> Energy                -269.745048388
  ==> dE                       -7.80e-06
  ==> Gradient Norm             3.44e-01
  ==> Abs. Max. Deriv.          2.96e-02
  ==> Time-Grad. (s)             171.627
  ==> Time-Energy (s)             63.084
  ==> Time-Iter. (s)             235.741

--------------------------------------------------------------------------------
CEO-ADAPT-VQE iteration: 353
--------------------------------------------------------------------------------
    gate        derivative      name       op1       op2       op3        g_unscaled   penalty
   66025        0.00039972        op     20378     20380                  0.02758044        69
   66026        0.00039972        op     20378     20380                  0.02758044        69
     931       -0.00039503      a_ia       931                           -0.00079005         2
   66021        0.00037385        op     20378     20379                  0.02579549        69
   66022        0.00037385        op     20378     20379                  0.02579549        69
   20378        0.00030211    a_iajb     20378                            0.02567929        85
   45180        0.00029022        om      5086      5087                  0.01073829        37
   45179        0.00029005        op      5086      5087                  0.01073199        37
     816        0.00027845      a_ia       816                            0.00501207        18
   45171       -0.00027768        op      5078      5079                 -0.01305088        47

  ==> Add operator: mvp3 -1: 20378 20379 20380
  ==> Current qubit order: 2  3  4  5  6  7  8  9  10  11  12  13  14  15  16  17  18  19  20  21  26  27  28  29  30  31  34  35  32  33  38  36  39  37  47  44  45  56  62  63  59  57  48  22  25  73  60  58  83  24  95  54  50  41  51  42  70  43  53  46  71  52  40  0  94  82  75  72  1  69  65  55  61  49  85  68  74  66  64  23  67  76  77  78  79  80  81  84  86  87  88  89  90  91  92  93  


  ==> Energy                -269.745724676
  ==> dE                       -6.76e-04
  ==> Gradient Norm             3.48e-01
  ==> Abs. Max. Deriv.          2.96e-02
  ==> Time-Grad. (s)             172.802
  ==> Time-Energy (s)             82.494
  ==> Time-Iter. (s)             256.321

--------------------------------------------------------------------------------
CEO-ADAPT-VQE iteration: 354
--------------------------------------------------------------------------------
    gate        derivative      name       op1       op2       op3        g_unscaled   penalty
      40        0.00103853      a_ia        40                            0.00207705         2
     935       -0.00040045      a_ia       935                           -0.00080091         2
      20       -0.00034701      a_ia        20                           -0.00138805         4
    1339        0.00033596      a_ia      1339                            0.00067192         2
   45971        0.00033033        op      5918      5919                  0.02345332        71
   45972        0.00032222        om      5918      5919                  0.02287764        71
    1352        0.00030678      a_ia      1352                            0.00184066         6
   45283       -0.00028771        op      5230      5231                 -0.01294680        45
   45284       -0.00027184        om      5230      5231                 -0.01223274        45
    1387        0.00026670      a_ia      1387                            0.00160021         6

  ==> Add operator: a_ia 40
  ==> Current qubit order: 2  3  4  5  6  7  8  9  10  11  12  13  14  15  16  17  18  19  20  21  26  27  28  29  30  31  34  35  32  33  38  36  39  37  47  44  45  56  62  63  59  57  48  22  25  73  60  58  83  24  95  54  50  41  51  42  70  43  53  46  71  52  40  0  94  82  75  72  1  69  65  55  61  49  85  68  74  66  64  23  67  76  77  78  79  80  81  84  86  87  88  89  90  91  92  93  


  ==> Energy                -269.745725169
  ==> dE                       -4.93e-07
  ==> Gradient Norm             3.43e-01
  ==> Abs. Max. Deriv.          3.48e-02
  ==> Time-Grad. (s)             173.160
  ==> Time-Energy (s)             25.197
  ==> Time-Iter. (s)             199.339

--------------------------------------------------------------------------------
CEO-ADAPT-VQE iteration: 355
--------------------------------------------------------------------------------
    gate        derivative      name       op1       op2       op3        g_unscaled   penalty
     937       -0.00039637      a_ia       937                           -0.00079274         2
      20       -0.00034264      a_ia        20                           -0.00137057         4
    1342        0.00033550      a_ia      1342                            0.00067101         2
   45997        0.00033011        op      5923      5924                  0.02343751        71
   45998        0.00032206        om      5923      5924                  0.02286648        71
    1355        0.00030864      a_ia      1355                            0.00185187         6
   45309       -0.00028730        op      5235      5236                 -0.01292870        45
   45310       -0.00027139        om      5235      5236                 -0.01221272        45
    1390        0.00026721      a_ia      1390                            0.00160326         6
    5923        0.00026611    a_iajb      5923                            0.02315200        87

  ==> Add operator: a_ia 937
  ==> Current qubit order: 2  3  4  5  6  7  8  9  10  11  12  13  14  15  16  17  18  19  20  21  26  27  28  29  30  31  34  35  32  33  38  36  39  37  47  44  45  56  62  63  59  57  48  22  25  73  60  58  83  24  95  54  50  41  51  42  70  43  53  46  71  52  40  0  94  82  75  72  1  69  65  55  61  49  85  68  74  66  64  23  67  76  77  78  79  80  81  84  86  87  88  89  90  91  92  93  


  ==> Energy                -269.745725266
  ==> dE                       -9.62e-08
  ==> Gradient Norm             3.55e-01
  ==> Abs. Max. Deriv.          5.10e-02
  ==> Time-Grad. (s)             170.595
  ==> Time-Energy (s)             26.774
  ==> Time-Iter. (s)             198.370

--------------------------------------------------------------------------------
CEO-ADAPT-VQE iteration: 356
--------------------------------------------------------------------------------
    gate        derivative      name       op1       op2       op3        g_unscaled   penalty
      20       -0.00034315      a_ia        20                           -0.00137259         4
    1342        0.00033357      a_ia      1342                            0.00066714         2
   45978        0.00033011        op      5929      5930                  0.02343750        71
   45979        0.00032206        om      5929      5930                  0.02286648        71
    1355        0.00030927      a_ia      1355                            0.00185563         6
   45290       -0.00028730        op      5241      5242                 -0.01292862        45
   45291       -0.00027139        om      5241      5242                 -0.01221264        45
    1390        0.00026721      a_ia      1390                            0.00160324         6
    5929        0.00026611    a_iajb      5929                            0.02315199        87
   45458       -0.00026471        op      5409      5410                 -0.01191195        45

  ==> Add operator: a_ia 20
  ==> Current qubit order: 2  3  4  5  6  7  8  9  10  11  12  13  14  15  16  17  18  19  20  21  26  27  28  29  30  31  34  35  32  33  38  36  39  37  47  44  45  56  62  63  59  57  48  22  25  73  60  58  83  24  95  54  50  41  51  42  70  43  53  46  71  40  52  0  94  82  75  72  1  69  65  55  61  49  85  68  74  66  64  23  67  76  77  78  79  80  81  84  86  87  88  89  90  91  92  93  


  ==> Energy                -269.745725631
  ==> dE                       -3.66e-07
  ==> Gradient Norm             3.45e-01
  ==> Abs. Max. Deriv.          2.94e-02
  ==> Time-Grad. (s)             173.133
  ==> Time-Energy (s)             33.932
  ==> Time-Iter. (s)             208.048

--------------------------------------------------------------------------------
CEO-ADAPT-VQE iteration: 357
--------------------------------------------------------------------------------
    gate        derivative      name       op1       op2       op3        g_unscaled   penalty
    1339       -0.00035993      a_ia      1339                           -0.00143974         4
    1342        0.00033369      a_ia      1342                            0.00066738         2
   45991        0.00032994        op      5931      5932                  0.02342543        71
   45992        0.00032191        om      5931      5932                  0.02285544        71
   45303       -0.00028704        op      5243      5244                 -0.01291662        45
    1337        0.00027799      a_ia      1337                            0.00333593        12
   45304       -0.00027115        om      5243      5244                 -0.01220189        45
    1390        0.00026704      a_ia      1390                            0.00160222         6
    5931        0.00026598    a_iajb      5931                            0.02314043        87
   45471       -0.00026468        op      5411      5412                 -0.01191040        45

  ==> Add operator: a_ia 1339
  ==> Current qubit order: 2  3  4  5  6  7  8  9  10  11  12  13  14  15  16  17  18  19  20  21  26  27  28  29  30  31  34  35  32  33  38  36  39  37  47  44  45  56  62  63  59  57  48  22  25  73  60  58  83  24  95  54  50  41  51  42  70  43  53  71  46  40  52  0  94  82  75  72  1  69  65  55  61  49  85  68  74  66  64  23  67  76  77  78  79  80  81  84  86  87  88  89  90  91  92  93  


  ==> Energy                -269.745748658
  ==> dE                       -2.30e-05
  ==> Gradient Norm             3.44e-01
  ==> Abs. Max. Deriv.          2.94e-02
  ==> Time-Grad. (s)             169.399
  ==> Time-Energy (s)             26.811
  ==> Time-Iter. (s)             197.200

--------------------------------------------------------------------------------
CEO-ADAPT-VQE iteration: 358
--------------------------------------------------------------------------------
    gate        derivative      name       op1       op2       op3        g_unscaled   penalty
   46126        0.00032996        op      5936      5937                  0.02342724        71
   46127        0.00032192        om      5936      5937                  0.02285606        71
    1338        0.00029629      a_ia      1338                            0.00355549        12
   45438       -0.00028707        op      5248      5249                 -0.01291812        45
    1343        0.00027948      a_ia      1343                            0.00055897         2
   45439       -0.00027117        om      5248      5249                 -0.01220252        45
    5936        0.00026600    a_iajb      5936                            0.02314165        87
   45606       -0.00026468        op      5416      5417                 -0.01191056        45
    1556        0.00026291      a_ia      1556                            0.00368076        14
   45607       -0.00026200        om      5416      5417                 -0.01179001        45

  ==> Add operator: mvp2 -1: 5936 5937
  ==> Current qubit order: 2  3  4  5  6  7  8  9  10  11  12  13  14  15  16  17  18  19  20  21  26  27  28  29  30  31  34  35  32  33  38  36  39  37  47  44  45  56  62  63  59  57  48  22  25  73  60  58  83  24  54  50  41  51  42  70  43  53  71  95  0  94  1  46  40  52  82  75  72  69  65  55  61  49  85  68  74  66  64  23  67  76  77  78  79  80  81  84  86  87  88  89  90  91  92  93  


  ==> Energy                -269.745777826
  ==> dE                       -2.92e-05
  ==> Gradient Norm             3.49e-01
  ==> Abs. Max. Deriv.          3.94e-02
  ==> Time-Grad. (s)             177.881
  ==> Time-Energy (s)             49.723
  ==> Time-Iter. (s)             228.595

--------------------------------------------------------------------------------
CEO-ADAPT-VQE iteration: 359
--------------------------------------------------------------------------------
    gate        derivative      name       op1       op2       op3        g_unscaled   penalty
    1358        0.00045869      a_ia      1358                            0.00183474         4
      41       -0.00045616      a_ia        41                           -0.00091232         2
   91421        0.00038926        op     39649     39650                  0.02140903        55
   91422        0.00038446        om     39649     39650                  0.02114556        55
     825        0.00030421      a_ia       825                            0.00669262        22
   39649        0.00029968    a_iajb     39649                            0.02127729        71
   45613        0.00029255        op      5526      5527                  0.02428196        83
   45614        0.00028266        om      5526      5527                  0.02346087        83
    1345        0.00027936      a_ia      1345                            0.00055872         2
    1558        0.00026305      a_ia      1558                            0.00368267        14

  ==> Add operator: a_ia 1358
  ==> Current qubit order: 2  3  4  5  6  7  8  9  10  11  12  13  14  15  16  17  18  19  20  21  26  27  28  29  30  31  34  35  32  33  38  36  39  37  47  44  45  56  62  63  59  57  48  22  25  73  60  58  83  24  54  50  41  51  42  70  43  53  71  95  0  94  1  46  52  40  82  75  72  69  65  55  61  49  85  68  74  66  64  23  67  76  77  78  79  80  81  84  86  87  88  89  90  91  92  93  


  ==> Energy                -269.745778393
  ==> dE                       -5.67e-07
  ==> Gradient Norm             3.47e-01
  ==> Abs. Max. Deriv.          3.02e-02
  ==> Time-Grad. (s)             170.947
  ==> Time-Energy (s)             30.139
  ==> Time-Iter. (s)             202.081

--------------------------------------------------------------------------------
CEO-ADAPT-VQE iteration: 360
--------------------------------------------------------------------------------
    gate        derivative      name       op1       op2       op3        g_unscaled   penalty
      41       -0.00044746      a_ia        41                           -0.00089493         2
   78307        0.00034483        om     29753     29754                  0.04103446       119
     827        0.00030420      a_ia       827                            0.00669243        22
   78306        0.00030282        op     29753     29754                  0.03603531       119
   45602        0.00029256        op      5530      5531                  0.02428212        83
   45188       -0.00028999        op      5116      5117                 -0.01304962        45
   45189       -0.00028892        om      5116      5117                 -0.01300147        45
   29753        0.00028544    a_iajb     29753                            0.03853489       135
   45603        0.00028266        om      5530      5531                  0.02346099        83
    1347        0.00027916      a_ia      1347                            0.00055833         2

  ==> Add operator: a_ia 41
  ==> Current qubit order: 2  3  4  5  6  7  8  9  10  11  12  13  14  15  16  17  18  19  20  21  26  27  28  29  30  31  34  35  32  33  38  36  39  37  47  44  45  56  62  63  59  57  48  22  25  73  60  58  83  24  54  50  41  51  42  70  43  53  71  95  0  94  1  46  52  40  82  75  72  69  65  55  61  49  85  68  74  66  64  23  67  76  77  78  79  80  81  84  86  87  88  89  90  91  92  93  


  ==> Energy                -269.745778411
  ==> dE                       -1.78e-08
  ==> Gradient Norm             3.33e-01
  ==> Abs. Max. Deriv.          4.10e-02
  ==> Time-Grad. (s)             172.705
  ==> Time-Energy (s)             31.754
  ==> Time-Iter. (s)             205.463

--------------------------------------------------------------------------------
CEO-ADAPT-VQE iteration: 361
--------------------------------------------------------------------------------
    gate        derivative      name       op1       op2       op3        g_unscaled   penalty
     827        0.00030420      a_ia       827                            0.00669242        22
   45572        0.00029255        op      5533      5534                  0.02428151        83
   45156       -0.00028997        op      5117      5118                 -0.01304887        45
   45157       -0.00028891        om      5117      5118                 -0.01300078        45
   45573        0.00028266        om      5533      5534                  0.02346049        83
    1348        0.00027925      a_ia      1348                            0.00055850         2
    1561        0.00026309      a_ia      1561                            0.00368322        14
    1396        0.00025062      a_ia      1396                            0.00150375         6
   45164        0.00024975        op      5125      5126                  0.01073931        43
   45165        0.00024944        om      5125      5126                  0.01072604        43

  ==> Add operator: a_ia 827
  ==> Current qubit order: 2  3  4  5  6  7  8  9  10  11  12  13  14  15  16  17  18  19  20  21  26  27  28  29  30  31  34  35  32  33  38  36  39  37  47  44  45  56  62  63  59  57  48  25  73  60  58  83  24  54  50  41  51  22  42  70  43  53  71  95  0  94  1  46  52  40  82  75  72  69  65  55  61  49  85  68  74  66  64  23  67  76  77  78  79  80  81  84  86  87  88  89  90  91  92  93  


  ==> Energy                -269.746307746
  ==> dE                       -5.29e-04
  ==> Gradient Norm             3.52e-01
  ==> Abs. Max. Deriv.          3.67e-02
  ==> Time-Grad. (s)             175.922
  ==> Time-Energy (s)             34.745
  ==> Time-Iter. (s)             211.641

--------------------------------------------------------------------------------
CEO-ADAPT-VQE iteration: 362
--------------------------------------------------------------------------------
    gate        derivative      name       op1       op2       op3        g_unscaled   penalty
   86224        0.00035982        op     35655     35656                  0.02842608        79
   86225        0.00033314        om     35655     35656                  0.02631786        79
     833        0.00031476      a_ia       833                            0.00251811         8
   45600        0.00029243        op      5537      5538                  0.02427206        83
    1348        0.00029136      a_ia      1348                            0.00058273         2
   45184       -0.00028993        op      5121      5122                 -0.01304673        45
   45185       -0.00028882        om      5121      5122                 -0.01299670        45
   35655        0.00028813    a_iajb     35655                            0.02737197        95
   45601        0.00028254        om      5537      5538                  0.02345053        83
    1561        0.00027668      a_ia      1561                            0.00387356        14

  ==> Add operator: mvp2 -1: 35655 35656
  ==> Current qubit order: 2  3  4  5  6  7  8  9  10  11  12  13  14  15  16  17  18  19  20  21  26  27  28  29  30  31  34  35  33  38  36  39  37  47  44  45  56  32  59  25  58  62  63  57  48  73  60  83  24  54  50  41  51  22  42  70  43  53  71  95  0  94  1  46  52  40  82  75  72  69  65  55  61  49  85  68  74  66  64  23  67  76  77  78  79  80  81  84  86  87  88  89  90  91  92  93  


  ==> Energy                -269.746589061
  ==> dE                       -2.81e-04
  ==> Gradient Norm             3.46e-01
  ==> Abs. Max. Deriv.          2.95e-02
  ==> Time-Grad. (s)             170.149
  ==> Time-Energy (s)             57.514
  ==> Time-Iter. (s)             228.662

--------------------------------------------------------------------------------
CEO-ADAPT-VQE iteration: 363
--------------------------------------------------------------------------------
    gate        derivative      name       op1       op2       op3        g_unscaled   penalty
     936        0.00061841      a_ia       936                            0.00123681         2
    1139       -0.00059406      a_ia      1139                           -0.00118811         2
   89157        0.00033259        om     37865     37866                  0.01895764        57
   89156        0.00033257        op     37865     37866                  0.01895656        57
     833        0.00031365      a_ia       833                            0.00250917         8
   65869       -0.00030972        om     20253     20254                 -0.04552855       147
    1348        0.00029689      a_ia      1348                            0.00059379         2
   45630        0.00029244        op      5547      5548                  0.02427234        83
   45212       -0.00028995        op      5129      5130                 -0.01304759        45
   65868       -0.00028918        op     20253     20254                 -0.04250968       147

  ==> Add operator: a_ia 936
  ==> Current qubit order: 2  3  4  5  6  7  8  9  10  11  12  13  14  15  16  17  18  19  20  21  26  27  28  29  30  31  34  35  33  38  36  39  37  47  44  45  56  32  59  25  58  62  63  57  48  73  60  83  24  54  50  41  51  22  42  70  43  53  71  95  0  94  1  46  52  40  82  75  72  69  65  55  61  49  85  68  74  66  64  23  67  76  77  78  79  80  81  84  86  87  88  89  90  91  92  93  


  ==> Energy                -269.746589546
  ==> dE                       -4.85e-07
  ==> Gradient Norm             3.41e-01
  ==> Abs. Max. Deriv.          4.55e-02
  ==> Time-Grad. (s)             170.028
  ==> Time-Energy (s)             32.512
  ==> Time-Iter. (s)             203.551

--------------------------------------------------------------------------------
CEO-ADAPT-VQE iteration: 364
--------------------------------------------------------------------------------
    gate        derivative      name       op1       op2       op3        g_unscaled   penalty
    1141       -0.00060195      a_ia      1141                           -0.00120390         2
     835        0.00031427      a_ia       835                            0.00251418         8
    1350        0.00029929      a_ia      1350                            0.00059859         2
   45631        0.00029244        op      5552      5553                  0.02427218        83
   45213       -0.00028994        op      5134      5135                 -0.01304729        45
   45214       -0.00028882        om      5134      5135                 -0.01299682        45
   45632        0.00028253        om      5552      5553                  0.02345024        83
    1563        0.00027578      a_ia      1563                            0.00386095        14
   84427       -0.00026741        op     34330     34332                 -0.00935920        35
   84428       -0.00026741        op     34330     34332                 -0.00935920        35

  ==> Add operator: a_ia 1141
  ==> Current qubit order: 2  3  4  5  6  7  8  9  10  11  12  13  14  15  16  17  18  19  20  21  26  27  28  29  30  31  34  35  33  38  36  39  37  47  44  45  56  32  59  25  58  62  63  57  48  73  60  83  24  54  50  41  51  22  42  70  43  53  71  95  0  94  1  46  52  40  82  75  72  69  65  55  61  49  85  68  74  66  64  23  67  76  77  78  79  80  81  84  86  87  88  89  90  91  92  93  


  ==> Energy                -269.746589628
  ==> dE                       -8.19e-08
  ==> Gradient Norm             3.47e-01
  ==> Abs. Max. Deriv.          3.48e-02
  ==> Time-Grad. (s)             170.417
  ==> Time-Energy (s)             33.949
  ==> Time-Iter. (s)             205.373

--------------------------------------------------------------------------------
CEO-ADAPT-VQE iteration: 365
--------------------------------------------------------------------------------
    gate        derivative      name       op1       op2       op3        g_unscaled   penalty
   88874        0.00033258        om     37718     37719                  0.01895702        57
   88873        0.00033256        op     37718     37719                  0.01895595        57
     835        0.00031424      a_ia       835                            0.00251389         8
    1142       -0.00030141      a_ia      1142                           -0.00060283         2
    1351        0.00029827      a_ia      1351                            0.00059654         2
   45631        0.00029244        op      5555      5556                  0.02427218        83
   45213       -0.00028994        op      5137      5138                 -0.01304733        45
   45214       -0.00028882        om      5137      5138                 -0.01299686        45
   45632        0.00028253        om      5555      5556                  0.02345024        83
    1564        0.00027578      a_ia      1564                            0.00386090        14

  ==> Add operator: om -1: 37718 37719
  ==> Current qubit order: 2  3  4  5  6  7  8  9  10  11  12  13  14  15  16  17  18  19  20  21  26  27  28  29  30  31  34  35  38  36  39  37  47  44  45  33  32  62  63  56  59  25  58  57  48  73  60  83  24  54  50  41  51  22  42  70  43  53  71  95  0  94  1  46  52  40  82  75  72  69  65  55  61  49  85  68  74  66  64  23  67  76  77  78  79  80  81  84  86  87  88  89  90  91  92  93  


  ==> Energy                -269.746633929
  ==> dE                       -4.43e-05
  ==> Gradient Norm             3.37e-01
  ==> Abs. Max. Deriv.          2.95e-02
  ==> Time-Grad. (s)             170.157
  ==> Time-Energy (s)             32.596
  ==> Time-Iter. (s)             203.744

--------------------------------------------------------------------------------
CEO-ADAPT-VQE iteration: 366
--------------------------------------------------------------------------------
    gate        derivative      name       op1       op2       op3        g_unscaled   penalty
    1144        0.00037816      a_ia      1144                            0.00075632         2
    1693        0.00032788      a_ia      1693                            0.00196731         6
     835        0.00031423      a_ia       835                            0.00251387         8
    1177        0.00030599      a_ia      1177                            0.00611981        20
    1352        0.00029922      a_ia      1352                            0.00059844         2
   45643        0.00029243        op      5558      5559                  0.02427207        83
   45225       -0.00028994        op      5140      5141                 -0.01304718        45
   45226       -0.00028882        om      5140      5141                 -0.01299674        45
   45644        0.00028253        om      5558      5559                  0.02345015        83
    1539       -0.00027613      a_ia      1539                           -0.00110451         4

  ==> Add operator: a_ia 1144
  ==> Current qubit order: 2  3  4  5  6  7  8  9  10  11  12  13  14  15  16  17  18  19  20  21  26  27  28  29  30  31  34  35  38  36  39  37  47  44  45  33  32  62  63  56  59  25  58  57  48  73  60  83  24  54  50  41  51  22  42  70  43  53  71  95  0  94  1  46  52  40  82  75  72  69  65  55  61  49  85  68  74  66  64  23  67  76  77  78  79  80  81  84  86  87  88  89  90  91  92  93  


  ==> Energy                -269.746633942
  ==> dE                       -1.29e-08
  ==> Gradient Norm             3.40e-01
  ==> Abs. Max. Deriv.          2.95e-02
  ==> Time-Grad. (s)             169.807
  ==> Time-Energy (s)             25.227
  ==> Time-Iter. (s)             196.040

--------------------------------------------------------------------------------
CEO-ADAPT-VQE iteration: 367
--------------------------------------------------------------------------------
    gate        derivative      name       op1       op2       op3        g_unscaled   penalty
    1694        0.00032789      a_ia      1694                            0.00196733         6
     835        0.00031428      a_ia       835                            0.00251428         8
    1178        0.00030603      a_ia      1178                            0.00612050        20
    1353        0.00029849      a_ia      1353                            0.00059697         2
   45661        0.00029243        op      5562      5563                  0.02427206        83
   45243       -0.00028994        op      5144      5145                 -0.01304718        45
   45244       -0.00028882        om      5144      5145                 -0.01299674        45
   45662        0.00028253        om      5562      5563                  0.02345014        83
    1540       -0.00027613      a_ia      1540                           -0.00110451         4
    1566        0.00027579      a_ia      1566                            0.00386101        14

  ==> Add operator: a_ia 1694
  ==> Current qubit order: 2  3  4  5  6  7  8  9  10  11  12  13  14  15  16  17  18  19  20  21  26  27  28  29  30  31  34  35  38  36  39  37  47  44  45  33  32  62  63  59  25  56  58  57  48  73  60  83  24  54  50  41  51  22  42  70  43  53  71  95  0  94  1  46  52  40  82  75  72  69  65  55  61  49  85  68  74  66  64  23  67  76  77  78  79  80  81  84  86  87  88  89  90  91  92  93  


  ==> Energy                -269.746887391
  ==> dE                       -2.53e-04
  ==> Gradient Norm             3.43e-01
  ==> Abs. Max. Deriv.          2.95e-02
  ==> Time-Grad. (s)             173.964
  ==> Time-Energy (s)             28.273
  ==> Time-Iter. (s)             203.239

--------------------------------------------------------------------------------
CEO-ADAPT-VQE iteration: 368
--------------------------------------------------------------------------------
    gate        derivative      name       op1       op2       op3        g_unscaled   penalty
     836        0.00031559      a_ia       836                            0.00252470         8
    1179        0.00030461      a_ia      1179                            0.00609224        20
    1146        0.00029769      a_ia      1146                            0.00059537         2
    1354        0.00029415      a_ia      1354                            0.00058830         2
   45631        0.00029284        op      5563      5564                  0.02430539        83
   45213       -0.00028975        op      5145      5146                 -0.01303855        45
   45214       -0.00028879        om      5145      5146                 -0.01299541        45
   45632        0.00028283        om      5563      5564                  0.02347526        83
    1567        0.00027761      a_ia      1567                            0.00388657        14
    1541       -0.00027612      a_ia      1541                           -0.00110448         4

  ==> Add operator: a_ia 836
  ==> Current qubit order: 2  3  4  5  6  7  8  9  10  11  12  13  14  15  16  17  18  19  20  21  26  27  28  29  30  31  34  35  38  36  39  37  47  44  45  33  32  62  63  59  25  56  58  57  48  73  60  83  24  50  41  51  54  22  42  70  43  53  71  95  0  94  1  46  52  40  82  75  72  69  65  55  61  49  85  68  74  66  64  23  67  76  77  78  79  80  81  84  86  87  88  89  90  91  92  93  


  ==> Energy                -269.746889575
  ==> dE                       -2.18e-06
  ==> Gradient Norm             3.40e-01
  ==> Abs. Max. Deriv.          2.95e-02
  ==> Time-Grad. (s)             169.110
  ==> Time-Energy (s)             27.573
  ==> Time-Iter. (s)             197.706

--------------------------------------------------------------------------------
CEO-ADAPT-VQE iteration: 369
--------------------------------------------------------------------------------
    gate        derivative      name       op1       op2       op3        g_unscaled   penalty
    1355        0.00032256      a_ia      1355                            0.00064513         2
    1180        0.00030432      a_ia      1180                            0.00608638        20
    1147        0.00030058      a_ia      1147                            0.00060117         2
   45639        0.00029284        op      5565      5566                  0.02430539        83
   45221       -0.00028975        op      5147      5148                 -0.01303867        45
   45222       -0.00028879        om      5147      5148                 -0.01299552        45
   45640        0.00028283        om      5565      5566                  0.02347524        83
    1568        0.00027762      a_ia      1568                            0.00388662        14
    1542       -0.00027583      a_ia      1542                           -0.00110332         4
     907        0.00025887      a_ia       907                            0.00103548         4

  ==> Add operator: a_ia 1355
  ==> Current qubit order: 2  3  4  5  6  7  8  9  10  11  12  13  14  15  16  17  18  19  20  21  26  27  28  29  30  31  34  35  38  36  39  37  47  44  45  33  32  62  63  59  25  56  58  57  48  73  60  83  24  50  41  51  54  22  42  70  43  53  71  95  0  94  1  46  52  40  82  75  72  69  65  55  61  49  85  68  74  66  64  23  67  76  77  78  79  80  81  84  86  87  88  89  90  91  92  93  


  ==> Energy                -269.746889807
  ==> dE                       -2.33e-07
  ==> Gradient Norm             3.45e-01
  ==> Abs. Max. Deriv.          2.95e-02
  ==> Time-Grad. (s)             170.387
  ==> Time-Energy (s)             35.539
  ==> Time-Iter. (s)             206.919

--------------------------------------------------------------------------------
CEO-ADAPT-VQE iteration: 370
--------------------------------------------------------------------------------
    gate        derivative      name       op1       op2       op3        g_unscaled   penalty
   84450        0.00035728        op     34303     34304                  0.03679991       103
   84451        0.00034346        om     34303     34304                  0.03537626       103
   89110        0.00031879        op     37844     37845                  0.02072150        65
    1180        0.00030433      a_ia      1180                            0.00608661        20
   34303        0.00030326    a_iajb     34303                            0.03608808       119
    1147        0.00029720      a_ia      1147                            0.00059441         2
   45632        0.00029283        op      5571      5572                  0.02430530        83
   45214       -0.00028974        op      5153      5154                 -0.01303834        45
   45215       -0.00028878        om      5153      5154                 -0.01299520        45
   45633        0.00028283        om      5571      5572                  0.02347515        83

  ==> Add operator: mvp2 -1: 34303 34304
  ==> Current qubit order: 2  3  4  5  6  7  8  9  10  11  12  13  14  15  16  17  18  19  20  21  26  27  28  29  30  31  34  35  38  36  39  37  47  44  45  33  32  62  63  59  25  56  58  57  48  73  60  83  24  50  41  51  54  42  70  43  53  71  95  0  94  1  46  52  40  82  75  72  69  65  55  22  85  23  84  61  49  68  74  66  64  67  76  77  78  79  80  81  86  87  88  89  90  91  92  93  


  ==> Energy                -269.747302014
  ==> dE                       -4.12e-04
  ==> Gradient Norm             3.54e-01
  ==> Abs. Max. Deriv.          3.68e-02
  ==> Time-Grad. (s)             171.095
  ==> Time-Energy (s)             58.977
  ==> Time-Iter. (s)             231.105

--------------------------------------------------------------------------------
CEO-ADAPT-VQE iteration: 371
--------------------------------------------------------------------------------
    gate        derivative      name       op1       op2       op3        g_unscaled   penalty
     886       -0.00142379      a_ia       886                           -0.00284758         2
     852       -0.00071070      a_ia       852                           -0.00426418         6
   84327        0.00042306        om     34216     34217                  0.01819157        43
   84326        0.00040805        op     34216     34217                  0.01754604        43
    1570        0.00038894      a_ia      1570                            0.00388936        10
    1181        0.00030421      a_ia      1181                            0.00608426        20
   34216        0.00030286    a_iajb     34216                            0.01786881        59
    1148        0.00029760      a_ia      1148                            0.00059520         2
   88978       -0.00028840        op     37806     37807                 -0.04239516       147
   45636        0.00028609        op      5573      5574                  0.02431752        85

  ==> Add operator: a_ia 886
  ==> Current qubit order: 2  3  4  5  6  7  8  9  10  11  12  13  14  15  16  17  18  19  20  21  26  27  28  29  30  31  34  35  38  36  39  37  47  44  45  33  32  62  63  59  25  56  58  57  48  73  60  83  24  50  41  51  54  42  70  43  53  71  95  0  94  1  46  52  40  82  75  72  69  65  55  22  85  23  84  61  49  68  74  66  64  67  76  77  78  79  80  81  86  87  88  89  90  91  92  93  


  ==> Energy                -269.747303458
  ==> dE                       -1.44e-06
  ==> Gradient Norm             3.53e-01
  ==> Abs. Max. Deriv.          4.24e-02
  ==> Time-Grad. (s)             170.806
  ==> Time-Energy (s)             33.233
  ==> Time-Iter. (s)             205.014

--------------------------------------------------------------------------------
CEO-ADAPT-VQE iteration: 372
--------------------------------------------------------------------------------
    gate        derivative      name       op1       op2       op3        g_unscaled   penalty
     852       -0.00069944      a_ia       852                           -0.00419661         6
    1570        0.00038887      a_ia      1570                            0.00388873        10
    1181        0.00030370      a_ia      1181                            0.00607399        20
    1148        0.00029657      a_ia      1148                            0.00059315         2
   45610        0.00028609        op      5575      5576                  0.02431739        85
     847        0.00028342      a_ia       847                            0.00396785        14
   45611        0.00027629        om      5575      5576                  0.02348435        85
    1544       -0.00027621      a_ia      1544                           -0.00110484         4
   45338       -0.00026221        op      5303      5304                 -0.01284830        49
     908        0.00025808      a_ia       908                            0.00103233         4

  ==> Add operator: a_ia 852
  ==> Current qubit order: 2  3  4  5  6  7  8  9  10  11  12  13  14  15  16  17  18  19  20  21  26  27  28  29  30  31  34  35  38  36  39  37  47  44  45  33  32  62  63  59  25  56  58  57  48  73  60  83  24  50  41  51  54  42  70  43  53  71  95  0  94  1  46  52  40  82  75  72  69  65  55  85  23  22  84  61  49  68  74  66  64  67  76  77  78  79  80  81  86  87  88  89  90  91  92  93  


  ==> Energy                -269.747305880
  ==> dE                       -2.42e-06
  ==> Gradient Norm             3.43e-01
  ==> Abs. Max. Deriv.          3.48e-02
  ==> Time-Grad. (s)             261.982
  ==> Time-Energy (s)             32.371
  ==> Time-Iter. (s)             295.357

--------------------------------------------------------------------------------
CEO-ADAPT-VQE iteration: 373
--------------------------------------------------------------------------------
    gate        derivative      name       op1       op2       op3        g_unscaled   penalty
     847        0.00039845      a_ia       847                            0.00398454        10
    1570        0.00038884      a_ia      1570                            0.00388843        10
    1181        0.00030300      a_ia      1181                            0.00606000        20
    1148        0.00029659      a_ia      1148                            0.00059319         2
   45576        0.00028608        op      5577      5578                  0.02431716        85
    1544       -0.00027668      a_ia      1544                           -0.00110673         4
   45577        0.00027628        om      5577      5578                  0.02348411        85
   45304       -0.00026219        op      5305      5306                 -0.01284742        49
     908        0.00025944      a_ia       908                            0.00103775         4
   45305       -0.00025599        om      5305      5306                 -0.01254344        49

  ==> Add operator: a_ia 847
  ==> Current qubit order: 2  3  4  5  6  7  8  9  10  11  12  13  14  15  16  17  18  19  20  21  26  27  28  29  30  31  34  35  38  36  39  37  47  44  45  33  32  62  63  59  25  56  58  57  48  73  60  83  24  50  41  51  54  42  70  43  53  71  95  0  94  1  46  52  40  82  75  72  69  65  55  85  23  84  61  49  68  22  74  66  64  67  76  77  78  79  80  81  86  87  88  89  90  91  92  93  


  ==> Energy                -269.747309127
  ==> dE                       -3.25e-06
  ==> Gradient Norm             3.42e-01
  ==> Abs. Max. Deriv.          2.95e-02
  ==> Time-Grad. (s)             170.976
  ==> Time-Energy (s)             32.307
  ==> Time-Iter. (s)             204.292

--------------------------------------------------------------------------------
CEO-ADAPT-VQE iteration: 374
--------------------------------------------------------------------------------
    gate        derivative      name       op1       op2       op3        g_unscaled   penalty
    1571        0.00032409      a_ia      1571                            0.00388914        12
    1181        0.00030124      a_ia      1181                            0.00602490        20
    1148        0.00029720      a_ia      1148                            0.00059440         2
   45710        0.00028608        op      5578      5579                  0.02431717        85
    1545       -0.00027674      a_ia      1545                           -0.00110694         4
   45711        0.00027628        om      5578      5579                  0.02348408        85
    2003        0.00026844      a_ia      2003                            0.00429505        16
   45438       -0.00026218        op      5306      5307                 -0.01284688        49
   45439       -0.00025598        om      5306      5307                 -0.01254304        49
     908        0.00025469      a_ia       908                            0.00101877         4

  ==> Add operator: a_ia 1571
  ==> Current qubit order: 2  3  4  5  6  7  8  9  10  11  12  13  14  15  16  17  18  19  20  21  26  27  28  29  30  31  34  35  38  36  39  37  47  44  45  33  32  62  63  59  25  56  58  57  48  73  60  83  24  50  41  51  54  42  70  43  53  71  95  0  94  1  46  52  40  82  75  72  69  65  55  85  23  84  61  68  22  74  66  64  49  67  76  77  78  79  80  81  86  87  88  89  90  91  92  93  


  ==> Energy                -269.747394518
  ==> dE                       -8.54e-05
  ==> Gradient Norm             3.44e-01
  ==> Abs. Max. Deriv.          2.95e-02
  ==> Time-Grad. (s)             168.588
  ==> Time-Energy (s)             35.534
  ==> Time-Iter. (s)             205.132

--------------------------------------------------------------------------------
CEO-ADAPT-VQE iteration: 375
--------------------------------------------------------------------------------
    gate        derivative      name       op1       op2       op3        g_unscaled   penalty
    1148        0.00030845      a_ia      1148                            0.00061690         2
    1181        0.00030263      a_ia      1181                            0.00605253        20
   45673        0.00029297        op      5583      5584                  0.02431681        83
   45674        0.00028295        om      5583      5584                  0.02348510        83
    1545       -0.00027855      a_ia      1545                           -0.00111419         4
    2004        0.00026807      a_ia      2004                            0.00428919        16
   45401       -0.00026230        op      5311      5312                 -0.01285268        49
      41       -0.00025977      a_ia        41                           -0.00051954         2
     908        0.00025688      a_ia       908                            0.00102750         4
   45402       -0.00025616        om      5311      5312                 -0.01255202        49

  ==> Add operator: a_ia 1148
  ==> Current qubit order: 2  3  4  5  6  7  8  9  10  11  12  13  14  15  16  17  18  19  20  21  26  27  28  29  30  31  34  35  38  36  39  37  47  44  45  33  32  62  63  59  25  56  58  57  48  73  60  83  24  50  41  51  54  42  70  43  53  71  95  0  94  1  46  52  40  82  75  72  69  65  55  85  23  84  61  68  22  74  66  64  49  67  76  77  78  79  80  81  86  87  88  89  90  91  92  93  


  ==> Energy                -269.747700488
  ==> dE                       -3.06e-04
  ==> Gradient Norm             3.39e-01
  ==> Abs. Max. Deriv.          2.95e-02
  ==> Time-Grad. (s)             171.894
  ==> Time-Energy (s)           2361.170
  ==> Time-Iter. (s)            2534.066

--------------------------------------------------------------------------------
CEO-ADAPT-VQE iteration: 376
--------------------------------------------------------------------------------
    gate        derivative      name       op1       op2       op3        g_unscaled   penalty
      41       -0.00219861      a_ia        41                           -0.00439721         2
     848        0.00215062      a_ia       848                            0.00430125         2
    1370        0.00115666      a_ia      1370                            0.00231331         2
      71        0.00115394      a_ia        71                            0.00923153         8
    1502       -0.00112619      a_ia      1502                           -0.00225238         2
     887       -0.00093582      a_ia       887                           -0.00187164         2
    1357        0.00084483      a_ia      1357                            0.00168967         2
     853       -0.00067203      a_ia       853                           -0.00403219         6
     872        0.00066669      a_ia       872                            0.00266675         4
    1573        0.00057939      a_ia      1573                            0.00115878         2

  ==> Add operator: a_ia 41
  ==> Current qubit order: 2  3  4  5  6  7  8  9  10  11  12  13  14  15  16  17  18  19  20  21  26  27  28  29  30  31  34  35  38  36  39  37  47  44  45  33  32  62  63  59  25  56  58  57  48  73  60  83  24  50  41  51  54  42  70  43  53  71  95  0  94  1  46  52  40  82  75  72  69  65  55  85  23  84  61  68  22  74  66  64  49  67  76  77  78  79  80  81  86  87  88  89  90  91  92  93  


  ==> Energy                -269.747701774
  ==> dE                       -1.29e-06
  ==> Gradient Norm             3.51e-01
  ==> Abs. Max. Deriv.          2.95e-02
  ==> Time-Grad. (s)             170.756
  ==> Time-Energy (s)             26.791
  ==> Time-Iter. (s)             198.637

--------------------------------------------------------------------------------
CEO-ADAPT-VQE iteration: 377
--------------------------------------------------------------------------------
    gate        derivative      name       op1       op2       op3        g_unscaled   penalty
     849        0.00215434      a_ia       849                            0.00430867         2
      71        0.00115696      a_ia        71                            0.00925571         8
    1371        0.00114747      a_ia      1371                            0.00229493         2
    1503       -0.00112546      a_ia      1503                           -0.00225092         2
     888       -0.00096288      a_ia       888                           -0.00192576         2
    1358        0.00084559      a_ia      1358                            0.00169118         2
     854       -0.00067414      a_ia       854                           -0.00404486         6
     873        0.00066607      a_ia       873                            0.00266430         4
    1574        0.00057954      a_ia      1574                            0.00115908         2
    1431        0.00048108      a_ia      1431                            0.00096216         2

  ==> Add operator: a_ia 849
  ==> Current qubit order: 2  3  4  5  6  7  8  9  10  11  12  13  14  15  16  17  18  19  20  21  26  27  28  29  30  31  34  35  38  36  39  37  47  44  45  33  32  62  63  59  25  56  58  57  48  73  60  83  24  50  41  51  54  42  70  43  53  71  95  0  94  1  46  52  40  82  75  72  69  65  55  85  23  84  61  68  22  74  66  64  49  67  76  77  78  79  80  81  86  87  88  89  90  91  92  93  


  ==> Energy                -269.747705497
  ==> dE                       -3.72e-06
  ==> Gradient Norm             3.42e-01
  ==> Abs. Max. Deriv.          3.42e-02
  ==> Time-Grad. (s)             171.266
  ==> Time-Energy (s)             32.248
  ==> Time-Iter. (s)             204.525

--------------------------------------------------------------------------------
CEO-ADAPT-VQE iteration: 378
--------------------------------------------------------------------------------
    gate        derivative      name       op1       op2       op3        g_unscaled   penalty
      71        0.00115905      a_ia        71                            0.00927238         8
    1373        0.00113926      a_ia      1373                            0.00227853         2
    1505       -0.00112546      a_ia      1505                           -0.00225092         2
     889       -0.00096274      a_ia       889                           -0.00192549         2
    1360        0.00084764      a_ia      1360                            0.00169527         2
     855       -0.00067800      a_ia       855                           -0.00406799         6
     874        0.00066227      a_ia       874                            0.00264909         4
    1576        0.00057992      a_ia      1576                            0.00115985         2
    1433        0.00047498      a_ia      1433                            0.00094996         2
      73        0.00042585      a_ia        73                            0.00425853        10

  ==> Add operator: a_ia 71
  ==> Current qubit order: 2  3  4  5  6  7  8  9  10  11  12  13  14  15  16  17  18  19  20  21  26  27  28  29  30  31  34  35  38  36  39  37  47  44  45  33  32  62  63  59  25  56  58  57  48  73  60  83  24  50  41  51  54  42  70  43  53  95  0  94  71  1  46  52  40  82  75  72  69  65  55  85  23  84  61  68  22  74  66  64  49  67  76  77  78  79  80  81  86  87  88  89  90  91  92  93  


  ==> Energy                -269.747715877
  ==> dE                       -1.04e-05
  ==> Gradient Norm             3.55e-01
  ==> Abs. Max. Deriv.          2.95e-02
  ==> Time-Grad. (s)             175.569
  ==> Time-Energy (s)             30.798
  ==> Time-Iter. (s)             207.319

--------------------------------------------------------------------------------
CEO-ADAPT-VQE iteration: 379
--------------------------------------------------------------------------------
    gate        derivative      name       op1       op2       op3        g_unscaled   penalty
    1374        0.00115460      a_ia      1374                            0.00230920         2
    1506       -0.00113881      a_ia      1506                           -0.00227763         2
     889       -0.00092543      a_ia       889                           -0.00185086         2
    1361        0.00085485      a_ia      1361                            0.00170970         2
     855       -0.00067223      a_ia       855                           -0.00403335         6
     874        0.00065883      a_ia       874                            0.00263530         4
    1577        0.00058016      a_ia      1577                            0.00116031         2
    1434        0.00047532      a_ia      1434                            0.00095064         2
      73        0.00040875      a_ia        73                            0.00408753        10
      65       -0.00035495      a_ia        65                           -0.00638903        18

  ==> Add operator: a_ia 1374
  ==> Current qubit order: 2  3  4  5  6  7  8  9  10  11  12  13  14  15  16  17  18  19  20  21  26  27  28  29  30  31  34  35  38  36  39  37  47  44  45  33  32  62  63  59  25  56  58  57  48  73  60  83  24  50  41  51  54  42  70  43  53  95  0  94  71  1  46  52  40  82  75  72  69  65  55  85  23  84  61  68  22  74  66  64  49  67  76  77  78  79  80  81  86  87  88  89  90  91  92  93  


  ==> Energy                -269.747716818
  ==> dE                       -9.41e-07
  ==> Gradient Norm             3.37e-01
  ==> Abs. Max. Deriv.          4.04e-02
  ==> Time-Grad. (s)             168.636
  ==> Time-Energy (s)             35.405
  ==> Time-Iter. (s)             205.008

--------------------------------------------------------------------------------
CEO-ADAPT-VQE iteration: 380
--------------------------------------------------------------------------------
    gate        derivative      name       op1       op2       op3        g_unscaled   penalty
    1508       -0.00113888      a_ia      1508                           -0.00227775         2
     890       -0.00094601      a_ia       890                           -0.00189202         2
    1363        0.00085455      a_ia      1363                            0.00170911         2
     856       -0.00066596      a_ia       856                           -0.00399574         6
     875        0.00065892      a_ia       875                            0.00263570         4
    1579        0.00058045      a_ia      1579                            0.00116090         2
    1436        0.00047688      a_ia      1436                            0.00095376         2
      73        0.00040758      a_ia        73                            0.00407582        10
      65       -0.00035769      a_ia        65                           -0.00643840        18
     947       -0.00033987      a_ia       947                           -0.00135949         4

  ==> Add operator: a_ia 1508
  ==> Current qubit order: 2  3  4  5  6  7  8  9  10  11  12  13  14  15  16  17  18  19  20  21  26  27  28  29  30  31  34  35  38  36  39  37  47  44  45  33  32  62  63  59  25  56  58  57  48  73  60  83  24  50  41  51  54  42  70  43  53  95  0  94  71  1  46  52  40  82  75  72  69  65  55  85  23  84  61  68  22  74  66  64  49  67  76  77  78  79  80  81  86  87  88  89  90  91  92  93  


  ==> Energy                -269.747719504
  ==> dE                       -2.69e-06
  ==> Gradient Norm             3.43e-01
  ==> Abs. Max. Deriv.          2.95e-02
  ==> Time-Grad. (s)             169.946
  ==> Time-Energy (s)             33.060
  ==> Time-Iter. (s)             203.992

--------------------------------------------------------------------------------
CEO-ADAPT-VQE iteration: 381
--------------------------------------------------------------------------------
    gate        derivative      name       op1       op2       op3        g_unscaled   penalty
     890       -0.00094936      a_ia       890                           -0.00189872         2
    1364        0.00087952      a_ia      1364                            0.00175904         2
     856       -0.00066475      a_ia       856                           -0.00398848         6
     875        0.00065560      a_ia       875                            0.00262238         4
    1580        0.00058036      a_ia      1580                            0.00116072         2
    1437        0.00044573      a_ia      1437                            0.00089146         2
      73        0.00040672      a_ia        73                            0.00406716        10
      65       -0.00035820      a_ia        65                           -0.00644760        18
     945        0.00033305      a_ia       945                            0.00066611         2
     947       -0.00032795      a_ia       947                           -0.00131179         4

  ==> Add operator: a_ia 890
  ==> Current qubit order: 2  3  4  5  6  7  8  9  10  11  12  13  14  15  16  17  18  19  20  21  26  27  28  29  30  31  34  35  38  36  39  37  47  44  45  33  32  62  63  59  25  56  58  57  48  73  60  83  24  50  41  51  54  42  70  43  53  95  0  94  71  1  46  52  40  82  75  72  69  65  55  85  23  84  61  68  22  74  66  64  49  67  76  77  78  79  80  81  86  87  88  89  90  91  92  93  


  ==> Energy                -269.747720176
  ==> dE                       -6.73e-07
  ==> Gradient Norm             3.40e-01
  ==> Abs. Max. Deriv.          3.43e-02
  ==> Time-Grad. (s)             168.484
  ==> Time-Energy (s)             31.616
  ==> Time-Iter. (s)             201.100

--------------------------------------------------------------------------------
CEO-ADAPT-VQE iteration: 382
--------------------------------------------------------------------------------
    gate        derivative      name       op1       op2       op3        g_unscaled   penalty
    1364        0.00087936      a_ia      1364                            0.00175872         2
     856       -0.00065729      a_ia       856                           -0.00394372         6
     875        0.00065650      a_ia       875                            0.00262599         4
    1580        0.00058010      a_ia      1580                            0.00116021         2
    1437        0.00044581      a_ia      1437                            0.00089162         2
      73        0.00040593      a_ia        73                            0.00405933        10
      65       -0.00035725      a_ia        65                           -0.00643045        18
     947       -0.00032689      a_ia       947                           -0.00130755         4
     945        0.00032139      a_ia       945                            0.00064278         2
     952       -0.00031618      a_ia       952                           -0.00316184        10

  ==> Add operator: a_ia 1364
  ==> Current qubit order: 2  3  4  5  6  7  8  9  10  11  12  13  14  15  16  17  18  19  20  21  26  27  28  29  30  31  34  35  38  36  39  37  47  44  45  33  32  62  63  59  25  56  58  57  48  73  60  83  24  50  41  51  54  42  70  43  53  95  0  94  71  1  46  52  40  82  75  72  69  65  55  85  23  84  61  68  22  74  66  64  49  67  76  77  78  79  80  81  86  87  88  89  90  91  92  93  


  ==> Energy                -269.747721483
  ==> dE                       -1.31e-06
  ==> Gradient Norm             3.33e-01
  ==> Abs. Max. Deriv.          4.21e-02
  ==> Time-Grad. (s)             170.431
  ==> Time-Energy (s)             33.139
  ==> Time-Iter. (s)             204.574

--------------------------------------------------------------------------------
CEO-ADAPT-VQE iteration: 383
--------------------------------------------------------------------------------
    gate        derivative      name       op1       op2       op3        g_unscaled   penalty
     857       -0.00065727      a_ia       857                           -0.00394364         6
     876        0.00065122      a_ia       876                            0.00260488         4
    1581        0.00058001      a_ia      1581                            0.00116002         2
    1438        0.00045878      a_ia      1438                            0.00091755         2
      73        0.00040594      a_ia        73                            0.00405939        10
      65       -0.00035690      a_ia        65                           -0.00642419        18
     946        0.00032668      a_ia       946                            0.00065336         2
     953       -0.00031406      a_ia       953                           -0.00314061        10
     948       -0.00031226      a_ia       948                           -0.00124905         4
      81        0.00031008      a_ia        81                            0.00248067         8

  ==> Add operator: a_ia 857
  ==> Current qubit order: 2  3  4  5  6  7  8  9  10  11  12  13  14  15  16  17  18  19  20  21  26  27  28  29  30  31  34  35  38  36  39  37  47  44  45  33  32  62  63  59  25  56  58  57  48  73  60  83  24  50  41  51  54  42  70  43  53  95  0  94  71  1  46  52  40  82  75  72  69  65  55  85  23  61  68  84  22  74  66  64  49  67  76  77  78  79  80  81  86  87  88  89  90  91  92  93  


  ==> Energy                -269.747724073
  ==> dE                       -2.59e-06
  ==> Gradient Norm             3.52e-01
  ==> Abs. Max. Deriv.          3.66e-02
  ==> Time-Grad. (s)             168.125
  ==> Time-Energy (s)             42.488
  ==> Time-Iter. (s)             211.621

--------------------------------------------------------------------------------
CEO-ADAPT-VQE iteration: 384
--------------------------------------------------------------------------------
    gate        derivative      name       op1       op2       op3        g_unscaled   penalty
     877        0.00065138      a_ia       877                            0.00260552         4
    1583        0.00057976      a_ia      1583                            0.00115952         2
     880        0.00046913      a_ia       880                            0.00093827         2
    1440        0.00045599      a_ia      1440                            0.00091199         2
      73        0.00040889      a_ia        73                            0.00408885        10
      65       -0.00035176      a_ia        65                           -0.00633165        18
     858        0.00033338      a_ia       858                            0.00066675         2
     955       -0.00031284      a_ia       955                           -0.00312843        10
    1286        0.00030921      a_ia      1286                            0.00061843         2
     950       -0.00030916      a_ia       950                           -0.00123664         4

  ==> Add operator: a_ia 877
  ==> Current qubit order: 2  3  4  5  6  7  8  9  10  11  12  13  14  15  16  17  18  19  20  21  26  27  28  29  30  31  34  35  38  36  39  37  47  44  45  33  32  62  63  59  25  56  58  57  48  73  60  83  24  50  41  51  54  42  70  43  53  95  0  94  71  1  46  52  40  82  75  72  69  65  85  55  23  61  68  84  22  74  66  64  49  67  76  77  78  79  80  81  86  87  88  89  90  91  92  93  


  ==> Energy                -269.747725828
  ==> dE                       -1.76e-06
  ==> Gradient Norm             3.48e-01
  ==> Abs. Max. Deriv.          3.92e-02
  ==> Time-Grad. (s)             169.799
  ==> Time-Energy (s)             34.649
  ==> Time-Iter. (s)             205.439

--------------------------------------------------------------------------------
CEO-ADAPT-VQE iteration: 385
--------------------------------------------------------------------------------
    gate        derivative      name       op1       op2       op3        g_unscaled   penalty
    1583        0.00058076      a_ia      1583                            0.00116152         2
     880        0.00051415      a_ia       880                            0.00102830         2
    1440        0.00046658      a_ia      1440                            0.00093316         2
      73        0.00040765      a_ia        73                            0.00407654        10
   91470       -0.00034555        op     39555     39556                 -0.03835587       111
   91471       -0.00034099        om     39555     39556                 -0.03784937       111
     858        0.00033041      a_ia       858                            0.00066082         2
      65       -0.00031634      a_ia        65                           -0.00632675        20
     955       -0.00031266      a_ia       955                           -0.00312663        10
    1286        0.00030930      a_ia      1286                            0.00061860         2

  ==> Add operator: a_ia 1583
  ==> Current qubit order: 2  3  4  5  6  7  8  9  10  11  12  13  14  15  16  17  18  19  20  21  26  27  28  29  30  31  34  35  38  36  39  37  47  44  45  33  32  62  63  59  25  56  58  57  48  73  60  83  24  50  41  51  54  42  70  43  53  95  0  94  71  1  46  52  40  82  75  72  69  65  85  55  23  61  68  84  22  74  66  64  49  67  76  77  78  79  80  81  86  87  88  89  90  91  92  93  


  ==> Energy                -269.747732752
  ==> dE                       -6.92e-06
  ==> Gradient Norm             3.51e-01
  ==> Abs. Max. Deriv.          3.84e-02
  ==> Time-Grad. (s)             170.337
  ==> Time-Energy (s)             33.940
  ==> Time-Iter. (s)             205.278

--------------------------------------------------------------------------------
CEO-ADAPT-VQE iteration: 386
--------------------------------------------------------------------------------
    gate        derivative      name       op1       op2       op3        g_unscaled   penalty
     881        0.00051616      a_ia       881                            0.00103232         2
    1441        0.00047617      a_ia      1441                            0.00095235         2
      73        0.00040668      a_ia        73                            0.00406684        10
   85704        0.00034615        op     35076     35077                  0.02042280        59
   85705        0.00034509        om     35076     35077                  0.02036043        59
     859        0.00033262      a_ia       859                            0.00066523         2
      65       -0.00031664      a_ia        65                           -0.00633274        20
     956       -0.00031457      a_ia       956                           -0.00314571        10
    1287        0.00031090      a_ia      1287                            0.00062180         2
    1191        0.00030588      a_ia      1191                            0.00611753        20

  ==> Add operator: a_ia 881
  ==> Current qubit order: 2  3  4  5  6  7  8  9  10  11  12  13  14  15  16  17  18  19  20  21  26  27  28  29  30  31  34  35  38  36  39  37  47  44  45  33  32  62  63  59  25  56  58  57  48  73  60  83  24  50  41  51  54  42  70  43  53  95  0  94  71  1  46  52  40  82  75  72  69  65  85  55  23  61  68  84  22  74  66  64  49  67  76  77  78  79  80  81  86  87  88  89  90  91  92  93  


  ==> Energy                -269.747732962
  ==> dE                       -2.11e-07
  ==> Gradient Norm             3.46e-01
  ==> Abs. Max. Deriv.          3.48e-02
  ==> Time-Grad. (s)             169.676
  ==> Time-Energy (s)             33.948
  ==> Time-Iter. (s)             204.651

--------------------------------------------------------------------------------
CEO-ADAPT-VQE iteration: 387
--------------------------------------------------------------------------------
    gate        derivative      name       op1       op2       op3        g_unscaled   penalty
    1441        0.00047893      a_ia      1441                            0.00095786         2
      73        0.00040583      a_ia        73                            0.00405833        10
     859        0.00033319      a_ia       859                            0.00066638         2
      65       -0.00031674      a_ia        65                           -0.00633477        20
     956       -0.00031459      a_ia       956                           -0.00314592        10
    1287        0.00031088      a_ia      1287                            0.00062176         2
     949        0.00030656      a_ia       949                            0.00061313         2
    1191        0.00030576      a_ia      1191                            0.00611522        20
     951       -0.00029972      a_ia       951                           -0.00119889         4
      81        0.00029488      a_ia        81                            0.00235901         8

  ==> Add operator: a_ia 1441
  ==> Current qubit order: 2  3  4  5  6  7  8  9  10  11  12  13  14  15  16  17  18  19  20  21  26  27  28  29  30  31  34  35  38  36  39  37  47  44  45  33  32  62  63  59  25  56  58  57  48  73  60  83  24  50  41  51  54  42  70  43  53  95  0  94  71  1  46  52  40  82  75  72  69  65  85  55  23  61  68  84  22  74  66  64  49  67  76  77  78  79  80  81  86  87  88  89  90  91  92  93  


  ==> Energy                -269.747733308
  ==> dE                       -3.46e-07
  ==> Gradient Norm             3.52e-01
  ==> Abs. Max. Deriv.          2.95e-02
  ==> Time-Grad. (s)             171.440
  ==> Time-Energy (s)             27.732
  ==> Time-Iter. (s)             200.196

--------------------------------------------------------------------------------
CEO-ADAPT-VQE iteration: 388
--------------------------------------------------------------------------------
    gate        derivative      name       op1       op2       op3        g_unscaled   penalty
      73        0.00040541      a_ia        73                            0.00405414        10
     860        0.00033481      a_ia       860                            0.00066962         2
      65       -0.00031657      a_ia        65                           -0.00633132        20
     957       -0.00031433      a_ia       957                           -0.00314331        10
    1288        0.00031087      a_ia      1288                            0.00062173         2
    1192        0.00030576      a_ia      1192                            0.00611519        20
     950        0.00030220      a_ia       950                            0.00060439         2
     952       -0.00029936      a_ia       952                           -0.00119743         4
      81        0.00029431      a_ia        81                            0.00235447         8
    1559       -0.00029229      a_ia      1559                           -0.00116915         4

  ==> Add operator: a_ia 73
  ==> Current qubit order: 2  3  4  5  6  7  8  9  10  11  12  13  14  15  16  17  18  19  20  21  26  27  28  29  30  31  34  35  38  36  39  37  47  44  45  33  32  62  63  59  25  56  58  57  48  73  60  83  24  50  41  51  54  42  70  43  53  95  0  94  71  46  52  40  82  1  75  72  69  65  85  55  23  61  68  84  22  74  66  64  49  67  76  77  78  79  80  81  86  87  88  89  90  91  92  93  


  ==> Energy                -269.747735588
  ==> dE                       -2.28e-06
  ==> Gradient Norm             3.51e-01
  ==> Abs. Max. Deriv.          3.44e-02
  ==> Time-Grad. (s)             171.338
  ==> Time-Energy (s)             32.272
  ==> Time-Iter. (s)             204.612

--------------------------------------------------------------------------------
CEO-ADAPT-VQE iteration: 389
--------------------------------------------------------------------------------
    gate        derivative      name       op1       op2       op3        g_unscaled   penalty
   91309        0.00059996        op     39689     39690                  0.03179774        53
   91310        0.00056679        om     39689     39690                  0.03003983        53
      65       -0.00051940      a_ia        65                           -0.00623277        12
   39689        0.00044810    a_iajb     39689                            0.03091879        69
      20       -0.00034736      a_ia        20                           -0.00277891         8
   66057       -0.00033589        op     20412     20414                 -0.01041254        31
   66058       -0.00033589        op     20412     20414                 -0.01041254        31
   66053       -0.00033545        op     20412     20413                 -0.01039880        31
   66054       -0.00033545        op     20412     20413                 -0.01039880        31
     861        0.00032421      a_ia       861                            0.00064842         2

  ==> Add operator: mvp2 -1: 39689 39690
  ==> Current qubit order: 2  3  4  5  6  7  8  9  10  11  12  13  14  15  16  17  18  19  20  21  26  27  28  29  30  31  34  35  38  36  39  37  47  44  45  33  32  62  63  59  25  56  58  57  48  73  60  83  24  41  54  42  50  51  43  40  70  53  95  0  94  71  46  52  82  1  75  72  69  65  85  55  23  61  68  84  22  74  66  64  49  67  76  77  78  79  80  81  86  87  88  89  90  91  92  93  


  ==> Energy                -269.748114762
  ==> dE                       -3.79e-04
  ==> Gradient Norm             3.63e-01
  ==> Abs. Max. Deriv.          3.84e-02
  ==> Time-Grad. (s)             169.244
  ==> Time-Energy (s)             47.203
  ==> Time-Iter. (s)             217.421

--------------------------------------------------------------------------------
CEO-ADAPT-VQE iteration: 390
--------------------------------------------------------------------------------
    gate        derivative      name       op1       op2       op3        g_unscaled   penalty
    1370       -0.00073222      a_ia      1370                           -0.00439334         6
    1419        0.00057682      a_ia      1419                            0.00115364         2
     916        0.00055655      a_ia       916                            0.00222622         4
      65       -0.00052358      a_ia        65                           -0.00628296        12
    1366        0.00036787      a_ia      1366                            0.00294297         8
      20       -0.00034387      a_ia        20                           -0.00275094         8
     952        0.00033930      a_ia       952                            0.00067861         2
     954       -0.00033605      a_ia       954                           -0.00134421         4
     959       -0.00032315      a_ia       959                           -0.00323151        10
     862        0.00032178      a_ia       862                            0.00064355         2

  ==> Add operator: a_ia 1370
  ==> Current qubit order: 2  3  4  5  6  7  8  9  10  11  12  13  14  15  16  17  18  19  20  21  26  27  28  29  30  31  34  35  38  36  39  37  47  44  45  33  32  62  63  59  25  56  58  57  48  73  60  83  24  41  54  42  51  43  50  40  70  53  95  0  94  71  46  52  82  1  75  72  69  65  85  55  23  61  68  84  22  74  66  64  49  67  76  77  78  79  80  81  86  87  88  89  90  91  92  93  


  ==> Energy                -269.748124331
  ==> dE                       -9.57e-06
  ==> Gradient Norm             3.44e-01
  ==> Abs. Max. Deriv.          2.95e-02
  ==> Time-Grad. (s)             171.666
  ==> Time-Energy (s)             24.551
  ==> Time-Iter. (s)             197.197

--------------------------------------------------------------------------------
CEO-ADAPT-VQE iteration: 391
--------------------------------------------------------------------------------
    gate        derivative      name       op1       op2       op3        g_unscaled   penalty
     917        0.00055993      a_ia       917                            0.00223973         4
      66       -0.00052331      a_ia        66                           -0.00627969        12
    1368        0.00036718      a_ia      1368                            0.00293741         8
      21       -0.00034581      a_ia        21                           -0.00276644         8
     863        0.00032357      a_ia       863                            0.00064713         2
     960       -0.00031425      a_ia       960                           -0.00314248        10
     953        0.00031145      a_ia       953                            0.00062289         2
    1196        0.00030364      a_ia      1196                            0.00607286        20
    1292        0.00030180      a_ia      1292                            0.00060360         2
     955       -0.00030000      a_ia       955                           -0.00120001         4

  ==> Add operator: a_ia 917
  ==> Current qubit order: 2  3  4  5  6  7  8  9  10  11  12  13  14  15  16  17  18  19  20  21  26  27  28  29  30  31  34  35  38  36  39  37  47  44  45  33  32  62  63  59  25  56  58  57  48  73  60  83  41  24  54  42  51  43  50  40  70  53  95  0  94  71  46  52  82  1  75  72  69  65  85  55  23  61  68  84  22  74  66  64  49  67  76  77  78  79  80  81  86  87  88  89  90  91  92  93  


  ==> Energy                -269.748125832
  ==> dE                       -1.50e-06
  ==> Gradient Norm             3.54e-01
  ==> Abs. Max. Deriv.          3.29e-02
  ==> Time-Grad. (s)             171.689
  ==> Time-Energy (s)             37.351
  ==> Time-Iter. (s)             210.026

--------------------------------------------------------------------------------
CEO-ADAPT-VQE iteration: 392
--------------------------------------------------------------------------------
    gate        derivative      name       op1       op2       op3        g_unscaled   penalty
      66       -0.00052308      a_ia        66                           -0.00627695        12
    1413       -0.00049731      a_ia      1413                           -0.00099462         2
    1368        0.00036712      a_ia      1368                            0.00293696         8
      21       -0.00034540      a_ia        21                           -0.00276319         8
     863        0.00032343      a_ia       863                            0.00064687         2
     960       -0.00031246      a_ia       960                           -0.00312455        10
     953        0.00030983      a_ia       953                            0.00061967         2
     917        0.00030620      a_ia       917                            0.00061241         2
    1196        0.00030311      a_ia      1196                            0.00606220        20
     955       -0.00030213      a_ia       955                           -0.00120851         4

  ==> Add operator: a_ia 66
  ==> Current qubit order: 2  3  4  5  6  7  8  9  10  11  12  13  14  15  16  17  18  19  20  21  26  27  28  29  30  31  34  35  38  36  39  37  47  44  45  33  32  62  63  59  25  56  58  57  48  73  60  83  41  24  54  42  51  43  50  40  70  53  95  0  94  71  46  52  82  75  72  69  65  85  1  55  23  61  68  84  22  74  66  64  49  67  76  77  78  79  80  81  86  87  88  89  90  91  92  93  


  ==> Energy                -269.748131904
  ==> dE                       -6.07e-06
  ==> Gradient Norm             3.48e-01
  ==> Abs. Max. Deriv.          2.95e-02
  ==> Time-Grad. (s)             169.193
  ==> Time-Energy (s)             27.785
  ==> Time-Iter. (s)             197.979

--------------------------------------------------------------------------------
CEO-ADAPT-VQE iteration: 393
--------------------------------------------------------------------------------
    gate        derivative      name       op1       op2       op3        g_unscaled   penalty
    1414       -0.00046202      a_ia      1414                           -0.00092403         2
      78        0.00045644      a_ia        78                            0.00091289         2
     864        0.00038869      a_ia       864                            0.00077738         2
    1369        0.00036698      a_ia      1369                            0.00293584         8
      21       -0.00036212      a_ia        21                           -0.00289698         8
      42       -0.00032072      a_ia        42                           -0.00064143         2
     961       -0.00031221      a_ia       961                           -0.00312215        10
      70       -0.00030992      a_ia        70                           -0.00123968         4
     918        0.00030373      a_ia       918                            0.00060745         2
    1197        0.00030283      a_ia      1197                            0.00605666        20

  ==> Add operator: a_ia 1414
  ==> Current qubit order: 2  3  4  5  6  7  8  9  10  11  12  13  14  15  16  17  18  19  20  21  26  27  28  29  30  31  34  35  38  36  39  37  47  44  45  33  32  62  63  59  25  56  58  57  48  73  60  83  41  24  54  42  51  43  50  40  70  53  95  0  94  71  46  52  82  75  72  69  65  85  1  55  23  61  68  84  22  74  66  64  49  67  76  77  78  79  80  81  86  87  88  89  90  91  92  93  


  ==> Energy                -269.748132075
  ==> dE                       -1.71e-07
  ==> Gradient Norm             3.44e-01
  ==> Abs. Max. Deriv.          2.95e-02
  ==> Time-Grad. (s)             168.997
  ==> Time-Energy (s)             34.802
  ==> Time-Iter. (s)             204.787

--------------------------------------------------------------------------------
CEO-ADAPT-VQE iteration: 394
--------------------------------------------------------------------------------
    gate        derivative      name       op1       op2       op3        g_unscaled   penalty
      78        0.00045603      a_ia        78                            0.00091206         2
     864        0.00039730      a_ia       864                            0.00079460         2
    1369        0.00036694      a_ia      1369                            0.00293554         8
      21       -0.00036334      a_ia        21                           -0.00290670         8
      42       -0.00033359      a_ia        42                           -0.00066719         2
     961       -0.00031178      a_ia       961                           -0.00311782        10
   89213        0.00031121        op     37847     37848                  0.02085125        67
      70       -0.00031047      a_ia        70                           -0.00124186         4
     918        0.00030342      a_ia       918                            0.00060684         2
    1197        0.00030264      a_ia      1197                            0.00605286        20

  ==> Add operator: a_ia 78
  ==> Current qubit order: 2  3  4  5  6  7  8  9  10  11  12  13  14  15  16  17  18  19  20  21  26  27  28  29  30  31  34  35  38  36  39  37  47  44  45  33  32  62  63  59  25  56  58  57  48  73  60  83  41  24  54  42  51  43  50  40  70  53  95  0  94  71  46  52  82  75  72  69  65  85  1  55  23  61  68  84  22  74  66  64  49  67  76  77  78  79  80  81  86  87  88  89  90  91  92  93  


  ==> Energy                -269.748132115
  ==> dE                       -3.99e-08
  ==> Gradient Norm             3.42e-01
  ==> Abs. Max. Deriv.          2.95e-02
  ==> Time-Grad. (s)             171.546
  ==> Time-Energy (s)             26.950
  ==> Time-Iter. (s)             199.494

--------------------------------------------------------------------------------
CEO-ADAPT-VQE iteration: 395
--------------------------------------------------------------------------------
    gate        derivative      name       op1       op2       op3        g_unscaled   penalty
     865        0.00039630      a_ia       865                            0.00079261         2
    1371        0.00036694      a_ia      1371                            0.00293553         8
      21       -0.00036339      a_ia        21                           -0.00290713         8
      42       -0.00033333      a_ia        42                           -0.00066665         2
     962       -0.00031185      a_ia       962                           -0.00311849        10
      70       -0.00030966      a_ia        70                           -0.00123863         4
    1199        0.00030263      a_ia      1199                            0.00605270        20
     919        0.00030255      a_ia       919                            0.00060510         2
    1295        0.00030201      a_ia      1295                            0.00060402         2
     957       -0.00029979      a_ia       957                           -0.00119918         4

  ==> Add operator: a_ia 865
  ==> Current qubit order: 2  3  4  5  6  7  8  9  10  11  12  13  14  15  16  17  18  19  20  21  26  27  28  29  30  31  34  35  38  36  39  37  47  44  45  33  32  62  63  59  25  56  58  57  48  73  60  83  41  24  54  42  51  43  50  40  70  53  95  0  94  71  46  52  82  75  72  69  65  85  1  55  23  61  68  84  22  74  66  64  49  67  76  77  78  79  80  81  86  87  88  89  90  91  92  93  


  ==> Energy                -269.748132280
  ==> dE                       -1.66e-07
  ==> Gradient Norm             3.54e-01
  ==> Abs. Max. Deriv.          2.95e-02
  ==> Time-Grad. (s)             170.700
  ==> Time-Energy (s)             27.679
  ==> Time-Iter. (s)             199.310

--------------------------------------------------------------------------------
CEO-ADAPT-VQE iteration: 396
--------------------------------------------------------------------------------
    gate        derivative      name       op1       op2       op3        g_unscaled   penalty
    1372        0.00036694      a_ia      1372                            0.00293549         8
      21       -0.00036281      a_ia        21                           -0.00290248         8
      42       -0.00033028      a_ia        42                           -0.00066056         2
     963       -0.00031212      a_ia       963                           -0.00312124        10
      70       -0.00030858      a_ia        70                           -0.00123432         4
    1200        0.00030282      a_ia      1200                            0.00605639        20
     920        0.00030250      a_ia       920                            0.00060501         2
    1296        0.00030200      a_ia      1296                            0.00060400         2
     958       -0.00030049      a_ia       958                           -0.00120198         4
    1568       -0.00029212      a_ia      1568                           -0.00116849         4

  ==> Add operator: a_ia 1372
  ==> Current qubit order: 2  3  4  5  6  7  8  9  10  11  12  13  14  15  16  17  18  19  20  21  26  27  28  29  30  31  34  35  38  36  39  37  47  44  45  33  32  62  63  59  25  56  58  57  48  73  60  83  41  24  54  51  43  50  42  40  70  53  95  0  94  71  46  52  82  75  72  69  65  85  1  55  23  61  68  84  22  74  66  64  49  67  76  77  78  79  80  81  86  87  88  89  90  91  92  93  


  ==> Energy                -269.748257519
  ==> dE                       -1.25e-04
  ==> Gradient Norm             3.40e-01
  ==> Abs. Max. Deriv.          2.95e-02
  ==> Time-Grad. (s)             173.122
  ==> Time-Energy (s)             30.841
  ==> Time-Iter. (s)             204.926

--------------------------------------------------------------------------------
CEO-ADAPT-VQE iteration: 397
--------------------------------------------------------------------------------
    gate        derivative      name       op1       op2       op3        g_unscaled   penalty
    1427        0.00047667      a_ia      1427                            0.00095335         2
      21       -0.00036508      a_ia        21                           -0.00292063         8
      42       -0.00034560      a_ia        42                           -0.00069121         2
      70       -0.00030787      a_ia        70                           -0.00123147         4
     965       -0.00030742      a_ia       965                           -0.00307416        10
    1202        0.00030139      a_ia      1202                            0.00602786        20
     960       -0.00029773      a_ia       960                           -0.00119093         4
    1570       -0.00029221      a_ia      1570                           -0.00116886         4
     922        0.00028352      a_ia       922                            0.00056705         2
   46065        0.00028247        om      6026      6027                  0.01666571        59

  ==> Add operator: a_ia 1427
  ==> Current qubit order: 2  3  4  5  6  7  8  9  10  11  12  13  14  15  16  17  18  19  20  21  26  27  28  29  30  31  34  35  38  36  39  37  47  44  45  33  32  62  63  59  25  56  58  57  48  73  60  83  41  24  54  51  43  50  42  40  70  53  95  0  94  71  46  52  82  75  72  69  65  85  1  55  23  61  68  84  22  74  66  64  49  67  76  77  78  79  80  81  86  87  88  89  90  91  92  93  


  ==> Energy                -269.748258139
  ==> dE                       -6.20e-07
  ==> Gradient Norm             3.42e-01
  ==> Abs. Max. Deriv.          2.95e-02
  ==> Time-Grad. (s)             168.309
  ==> Time-Energy (s)             29.249
  ==> Time-Iter. (s)             198.544

--------------------------------------------------------------------------------
CEO-ADAPT-VQE iteration: 398
--------------------------------------------------------------------------------
    gate        derivative      name       op1       op2       op3        g_unscaled   penalty
      21       -0.00036477      a_ia        21                           -0.00291819         8
      42       -0.00034083      a_ia        42                           -0.00068167         2
      70       -0.00030837      a_ia        70                           -0.00123347         4
     966       -0.00030742      a_ia       966                           -0.00307421        10
    1203        0.00030352      a_ia      1203                            0.00607038        20
     961       -0.00029264      a_ia       961                           -0.00117056         4
    1571       -0.00029226      a_ia      1571                           -0.00116903         4
   46024        0.00028247        om      6027      6028                  0.01666573        59
   46023        0.00027886        op      6027      6028                  0.01645252        59
     923        0.00027448      a_ia       923                            0.00054896         2

  ==> Add operator: a_ia 21
  ==> Current qubit order: 2  3  4  5  6  7  8  9  10  11  12  13  14  15  16  17  18  19  20  21  26  27  28  29  30  31  34  35  38  36  39  37  47  44  45  33  32  62  63  59  25  56  58  57  48  73  60  83  41  24  54  51  43  50  42  40  70  53  95  94  71  46  0  52  82  75  72  69  65  85  1  55  23  61  68  84  22  74  66  64  49  67  76  77  78  79  80  81  86  87  88  89  90  91  92  93  


  ==> Energy                -269.748259485
  ==> dE                       -1.35e-06
  ==> Gradient Norm             3.53e-01
  ==> Abs. Max. Deriv.          2.95e-02
  ==> Time-Grad. (s)             172.561
  ==> Time-Energy (s)             34.900
  ==> Time-Iter. (s)             208.449

--------------------------------------------------------------------------------
CEO-ADAPT-VQE iteration: 399
--------------------------------------------------------------------------------
    gate        derivative      name       op1       op2       op3        g_unscaled   penalty
      31        0.00034613      a_ia        31                            0.00276900         8
   46027        0.00031444        om      6029      6030                  0.01666558        53
   46026        0.00031042        op      6029      6030                  0.01645238        53
     966       -0.00030807      a_ia       966                           -0.00308070        10
      70       -0.00030580      a_ia        70                           -0.00122320         4
    1203        0.00030401      a_ia      1203                            0.00608012        20
     961       -0.00029359      a_ia       961                           -0.00117438         4
    1571       -0.00029224      a_ia      1571                           -0.00116895         4
    1533       -0.00028231      a_ia      1533                           -0.00282311        10
     923        0.00027313      a_ia       923                            0.00054626         2

  ==> Add operator: a_ia 31
  ==> Current qubit order: 2  3  4  5  6  7  8  9  10  11  12  13  14  15  16  17  18  19  20  21  26  27  28  29  30  31  34  35  38  36  39  37  47  44  45  33  32  62  63  59  25  56  58  57  48  73  60  83  41  24  54  51  43  50  42  40  70  53  95  94  71  46  52  82  75  0  72  69  65  85  1  55  23  61  68  84  22  74  66  64  49  67  76  77  78  79  80  81  86  87  88  89  90  91  92  93  


  ==> Energy                -269.748260347
  ==> dE                       -8.62e-07
  ==> Gradient Norm             3.35e-01
  ==> Abs. Max. Deriv.          2.95e-02
  ==> Time-Grad. (s)             169.306
  ==> Time-Energy (s)             31.698
  ==> Time-Iter. (s)             201.999

--------------------------------------------------------------------------------
CEO-ADAPT-VQE iteration: 400
--------------------------------------------------------------------------------
    gate        derivative      name       op1       op2       op3        g_unscaled   penalty
     861        0.00098052      a_ia       861                            0.00392206         4
   45986        0.00035460        om      6039      6040                  0.01666600        47
   45985        0.00035006        op      6039      6040                  0.01645271        47
      70       -0.00030741      a_ia        70                           -0.00122964         4
     967       -0.00030716      a_ia       967                           -0.00307165        10
    1204        0.00030371      a_ia      1204                            0.00607430        20
     962       -0.00029548      a_ia       962                           -0.00118191         4
    1572       -0.00029224      a_ia      1572                           -0.00116897         4
   45309       -0.00028857        op      5363      5364                 -0.01356274        47
   45613        0.00028542        op      5667      5668                  0.02426108        85

  ==> Add operator: a_ia 861
  ==> Current qubit order: 2  3  4  5  6  7  8  9  10  11  12  13  14  15  16  17  18  19  20  21  26  27  28  29  30  31  34  35  38  36  39  37  47  44  45  33  32  62  63  59  25  56  58  57  48  73  60  83  41  24  54  51  43  50  42  40  70  53  95  94  71  46  52  82  75  0  72  69  65  85  1  55  23  61  68  84  74  22  66  64  49  67  76  77  78  79  80  81  86  87  88  89  90  91  92  93  


  ==> Energy                -269.748445941
  ==> dE                       -1.86e-04
  ==> Gradient Norm             3.45e-01
  ==> Abs. Max. Deriv.          3.08e-02
  ==> Time-Grad. (s)             169.250
  ==> Time-Energy (s)           2746.614
  ==> Time-Iter. (s)            2916.858

--------------------------------------------------------------------------------
CEO-ADAPT-VQE iteration: 401
--------------------------------------------------------------------------------
    gate        derivative      name       op1       op2       op3        g_unscaled   penalty
     861        0.00202212      a_ia       861                            0.00404424         2
    1526       -0.00199991      a_ia      1526                           -0.00399981         2
     865        0.00133293      a_ia       865                            0.00266585         2
     889        0.00116448      a_ia       889                            0.00232896         2
     924        0.00110104      a_ia       924                            0.00220208         2
     870       -0.00109581      a_ia       870                           -0.00438322         4
    1429        0.00100682      a_ia      1429                            0.00201364         2
      70        0.00081081      a_ia        70                            0.00324326         4
    1376        0.00072663      a_ia      1376                            0.00145326         2
    1388        0.00068951      a_ia      1388                            0.00137903         2

  ==> Duplicate consecutive operator --- exiting.

CEO-ADAPT-VQE stopped after encountering duplicated consecutive operators.

===> Summary:
    E(SCF): -269.6918632002
    iter            energy                dE     gradient norm
       0   -269.6918632002
       1   -269.6965008397         -4.64e-03          7.68e-01
       2   -269.7004703650         -3.97e-03          7.47e-01
       3   -269.7009017106         -4.31e-04          5.25e-01
       4   -269.7012102325         -3.09e-04          4.85e-01
       5   -269.7037547184         -2.54e-03          5.06e-01
       6   -269.7052366502         -1.48e-03          4.87e-01
       7   -269.7057684584         -5.32e-04          4.94e-01
       8   -269.7059375709         -1.69e-04          4.69e-01
       9   -269.7060416338         -1.04e-04          4.69e-01
      10   -269.7065377846         -4.96e-04          4.83e-01
      11   -269.7076631759         -1.13e-03          4.85e-01
      12   -269.7080666280         -4.03e-04          4.94e-01
      13   -269.7085538009         -4.87e-04          4.82e-01
      14   -269.7089000413         -3.46e-04          4.59e-01
      15   -269.7090397641         -1.40e-04          4.49e-01
      16   -269.7090964380         -5.67e-05          4.31e-01
      17   -269.7095553083         -4.59e-04          4.25e-01
      18   -269.7096045364         -4.92e-05          4.03e-01
      19   -269.7096435598         -3.90e-05          4.59e-01
      20   -269.7100282851         -3.85e-04          4.73e-01
      21   -269.7105965857         -5.68e-04          4.82e-01
      22   -269.7107753352         -1.79e-04          4.73e-01
      23   -269.7109099872         -1.35e-04          4.77e-01
      24   -269.7112362566         -3.26e-04          4.91e-01
      25   -269.7128235972         -1.59e-03          5.00e-01
      26   -269.7128688764         -4.53e-05          4.91e-01
      27   -269.7129132898         -4.44e-05          5.09e-01
      28   -269.7130084730         -9.52e-05          5.18e-01
      29   -269.7131114916         -1.03e-04          5.10e-01
      30   -269.7131155590         -4.07e-06          5.11e-01
      31   -269.7131234365         -7.88e-06          5.22e-01
      32   -269.7136582956         -5.35e-04          5.38e-01
      33   -269.7159382996         -2.28e-03          4.59e-01
      34   -269.7159685599         -3.03e-05          4.41e-01
      35   -269.7159870660         -1.85e-05          4.42e-01
      36   -269.7159987329         -1.17e-05          4.31e-01
      37   -269.7160472750         -4.85e-05          4.34e-01
      38   -269.7160480137         -7.39e-07          4.20e-01
      39   -269.7165789723         -5.31e-04          4.33e-01
      40   -269.7175555933         -9.77e-04          4.19e-01
      41   -269.7176256593         -7.01e-05          4.33e-01
      42   -269.7178363934         -2.11e-04          4.14e-01
      43   -269.7179442537         -1.08e-04          4.06e-01
      44   -269.7181192291         -1.75e-04          4.07e-01
      45   -269.7181571990         -3.80e-05          3.76e-01
      46   -269.7193315837         -1.17e-03          3.99e-01
      47   -269.7194838544         -1.52e-04          3.68e-01
      48   -269.7198339391         -3.50e-04          3.91e-01
      49   -269.7198825945         -4.87e-05          3.68e-01
      50   -269.7203533028         -4.71e-04          3.70e-01
      51   -269.7204477626         -1.50e-07          3.70e-01
      52   -269.7207163370         -2.69e-04          3.64e-01
      53   -269.7207181145         -1.78e-06          3.67e-01
      54   -269.7207182450         -1.31e-07          3.73e-01
      55   -269.7208818581         -1.64e-04          3.78e-01
      56   -269.7209300661         -4.82e-05          3.90e-01
      57   -269.7210069356         -7.69e-05          3.77e-01
      58   -269.7210631296         -5.62e-05          3.72e-01
      59   -269.7211176569         -5.45e-05          3.55e-01
      60   -269.7215055692         -3.88e-04          3.78e-01
      61   -269.7218028919         -2.97e-04          3.70e-01
      62   -269.7218461847         -4.33e-05          3.57e-01
      63   -269.7218583313         -1.21e-05          3.67e-01
      64   -269.7222627446         -4.04e-04          3.69e-01
      65   -269.7224124495         -1.50e-04          3.70e-01
      66   -269.7224572765         -4.48e-05          3.57e-01
      67   -269.7228362747         -3.79e-04          3.93e-01
      68   -269.7234865094         -6.50e-04          4.00e-01
      69   -269.7234866940         -1.85e-07          3.56e-01
      70   -269.7239049078         -4.18e-04          3.74e-01
      71   -269.7239301630         -2.53e-05          3.83e-01
      72   -269.7240071864         -7.70e-05          3.65e-01
      73   -269.7240604972         -5.33e-05          3.70e-01
      74   -269.7241542408         -9.37e-05          3.79e-01
      75   -269.7244812460         -3.27e-04          3.70e-01
      76   -269.7244828595         -1.61e-06          3.86e-01
      77   -269.7244904525         -7.59e-06          3.77e-01
      78   -269.7245704947         -8.00e-05          3.77e-01
      79   -269.7245718707         -1.38e-06          3.75e-01
      80   -269.7245812023         -9.33e-06          3.76e-01
      81   -269.7251681572         -1.08e-05          3.64e-01
      82   -269.7251702683         -2.11e-06          3.64e-01
      83   -269.7251715078         -1.24e-06          3.78e-01
      84   -269.7252197339         -4.82e-05          3.61e-01
      85   -269.7252199531         -2.19e-07          3.66e-01
      86   -269.7252623141         -4.24e-05          3.71e-01
      87   -269.7252783584         -1.60e-05          3.78e-01
      88   -269.7258429918         -5.65e-04          3.57e-01
      89   -269.7259138043         -7.08e-05          3.57e-01
      90   -269.7259142693         -4.65e-07          3.68e-01
      91   -269.7259149179         -6.49e-07          3.60e-01
      92   -269.7259767755         -6.19e-05          3.76e-01
      93   -269.7259780946         -1.32e-06          3.69e-01
      94   -269.7259925826         -1.45e-05          3.81e-01
      95   -269.7263281614         -3.36e-04          3.74e-01
      96   -269.7263282929         -1.32e-07          3.67e-01
      97   -269.7263608681         -3.26e-05          3.70e-01
      98   -269.7265951873         -2.34e-04          3.65e-01
      99   -269.7265960504         -8.63e-07          3.66e-01
     100   -269.7268263428         -2.30e-04          3.75e-01
     101   -269.7268298562         -3.51e-06          3.57e-01
     102   -269.7273206606         -4.91e-04          3.74e-01
     103   -269.7273216869         -1.03e-06          3.73e-01
     104   -269.7273224544         -7.68e-07          3.60e-01
     105   -269.7273240009         -1.55e-06          3.70e-01
     106   -269.7273242088         -2.08e-07          3.67e-01
     107   -269.7273370080         -1.28e-05          3.73e-01
     108   -269.7273374721         -4.64e-07          3.71e-01
     109   -269.7273376677         -1.96e-07          3.63e-01
     110   -269.7275614297         -2.24e-04          3.84e-01
     111   -269.7275625433         -1.11e-06          3.66e-01
     112   -269.7275658119         -3.27e-06          3.79e-01
     113   -269.7275973300         -3.15e-05          3.79e-01
     114   -269.7278658870         -2.69e-04          3.81e-01
     115   -269.7278659994         -1.12e-07          3.77e-01
     116   -269.7278661643         -1.65e-07          3.71e-01
     117   -269.7280069360         -1.41e-04          3.80e-01
     118   -269.7281470601         -1.40e-04          3.88e-01
     119   -269.7286402274         -4.93e-04          3.75e-01
     120   -269.7286418287         -1.60e-06          3.70e-01
     121   -269.7287114802         -6.97e-05          3.93e-01
     122   -269.7289167075         -2.05e-04          3.75e-01
     123   -269.7289172630         -5.55e-07          3.73e-01
     124   -269.7289281192         -1.09e-05          3.91e-01
     125   -269.7291407149         -2.13e-04          3.89e-01
     126   -269.7291442679         -3.55e-06          3.78e-01
     127   -269.7291468912         -2.62e-06          3.73e-01
     128   -269.7291477417         -8.50e-07          3.87e-01
     129   -269.7291509511         -3.21e-06          3.78e-01
     130   -269.7291725343         -2.16e-05          3.72e-01
     131   -269.7291736566         -1.12e-06          3.83e-01
     132   -269.7292241572         -5.05e-05          3.91e-01
     133   -269.7292244411         -2.84e-07          3.76e-01
     134   -269.7292339625         -9.52e-06          3.89e-01
     135   -269.7292796033         -4.56e-05          3.90e-01
     136   -269.7292954060         -1.58e-05          3.90e-01
     137   -269.7292960602         -6.54e-07          3.76e-01
     138   -269.7293275672         -3.15e-05          3.93e-01
     139   -269.7293406771         -1.31e-05          3.79e-01
     140   -269.7294163195         -7.56e-05          3.81e-01
     141   -269.7295649883         -1.49e-04          3.89e-01
     142   -269.7295656401         -6.52e-07          3.80e-01
     143   -269.7295686324         -2.99e-06          3.76e-01
     144   -269.7298302597         -2.62e-04          3.87e-01
     145   -269.7298304739         -2.14e-07          3.80e-01
     146   -269.7298334613         -2.99e-06          3.79e-01
     147   -269.7299121878         -7.87e-05          3.78e-01
     148   -269.7302783115         -3.66e-04          3.89e-01
     149   -269.7308648151         -5.87e-04          3.91e-01
     150   -269.7310326379         -1.68e-04          3.89e-01
     151   -269.7310337352         -1.10e-06          3.82e-01
     152   -269.7310343931         -6.58e-07          3.85e-01
     153   -269.7314631615         -4.29e-04          3.86e-01
     154   -269.7314756830         -1.25e-05          3.99e-01
     155   -269.7314796160         -3.93e-06          3.74e-01
     156   -269.7314799255         -3.09e-07          3.86e-01
     157   -269.7314808726         -9.47e-07          3.91e-01
     158   -269.7314813174         -4.45e-07          3.67e-01
     159   -269.7317068997         -2.26e-04          3.81e-01
     160   -269.7317273760         -2.05e-05          3.57e-01
     161   -269.7317394485         -1.21e-05          3.66e-01
     162   -269.7317546539         -1.52e-05          3.61e-01
     163   -269.7318641095         -1.09e-04          3.70e-01
     164   -269.7318687423         -4.63e-06          3.56e-01
     165   -269.7318694255         -6.83e-07          3.62e-01
     166   -269.7318744498         -5.02e-06          3.64e-01
     167   -269.7318994827         -2.50e-05          3.71e-01
     168   -269.7319002774         -7.95e-07          3.64e-01
     169   -269.7319080907         -7.81e-06          3.59e-01
     170   -269.7319096618         -1.57e-06          3.62e-01
     171   -269.7319260917         -1.64e-05          3.65e-01
     172   -269.7319330021         -6.91e-06          3.56e-01
     173   -269.7323361067         -6.81e-06          3.66e-01
     174   -269.7323403863         -4.28e-06          3.63e-01
     175   -269.7326004778         -2.60e-04          3.64e-01
     176   -269.7326092395         -8.76e-06          3.70e-01
     177   -269.7326128892         -3.65e-06          3.62e-01
     178   -269.7326138851         -9.96e-07          3.72e-01
     179   -269.7326268805         -1.30e-05          3.69e-01
     180   -269.7326282283         -1.35e-06          3.63e-01
     181   -269.7326293321         -1.10e-06          3.69e-01
     182   -269.7326296136         -2.81e-07          3.73e-01
     183   -269.7326300944         -4.81e-07          3.85e-01
     184   -269.7326304492         -3.55e-07          3.74e-01
     185   -269.7338206943         -1.19e-03          3.75e-01
     186   -269.7338401163         -1.94e-05          3.74e-01
     187   -269.7338407669         -6.51e-07          3.65e-01
     188   -269.7338888193         -4.81e-05          3.66e-01
     189   -269.7338903707         -1.55e-06          3.64e-01
     190   -269.7338937275         -3.36e-06          3.61e-01
     191   -269.7339080797         -1.44e-05          3.59e-01
     192   -269.7339086368         -5.57e-07          3.65e-01
     193   -269.7339090754         -4.39e-07          3.66e-01
     194   -269.7341980290         -2.89e-04          3.65e-01
     195   -269.7342143532         -1.63e-05          3.71e-01
     196   -269.7342160287         -1.68e-06          3.52e-01
     197   -269.7342555174         -3.95e-05          3.50e-01
     198   -269.7342560192         -5.02e-07          3.54e-01
     199   -269.7344809412         -2.25e-04          3.69e-01
     200   -269.7348903286         -4.09e-04          3.48e-01
     201   -269.7348947595         -4.43e-06          3.59e-01
     202   -269.7348962495         -1.49e-06          3.53e-01
     203   -269.7348978501         -1.60e-06          3.62e-01
     204   -269.7348981872         -3.37e-07          3.56e-01
     205   -269.7348989274         -7.40e-07          3.61e-01
     206   -269.7349283568         -2.94e-05          3.63e-01
     207   -269.7349287230         -3.66e-07          3.57e-01
     208   -269.7349288008         -7.78e-08          3.54e-01
     209   -269.7352139608         -3.90e-06          3.59e-01
     210   -269.7352155175         -1.56e-06          3.62e-01
     211   -269.7356362527         -4.21e-04          3.61e-01
     212   -269.7356363865         -1.34e-07          3.61e-01
     213   -269.7356365198         -1.33e-07          3.69e-01
     214   -269.7356381816         -1.66e-06          3.63e-01
     215   -269.7356398698         -1.69e-06          3.59e-01
     216   -269.7356474947         -7.62e-06          3.59e-01
     217   -269.7357919410         -1.44e-04          3.58e-01
     218   -269.7358185920         -2.67e-05          3.71e-01
     219   -269.7358206572         -2.07e-06          3.49e-01
     220   -269.7358264939         -5.84e-06          3.49e-01
     221   -269.7358451886         -1.87e-05          3.68e-01
     222   -269.7358454738         -2.85e-07          3.71e-01
     223   -269.7358466158         -1.14e-06          3.63e-01
     224   -269.7358595383         -1.29e-05          3.56e-01
     225   -269.7363872894         -5.28e-04          3.61e-01
     226   -269.7363936672         -6.38e-06          3.55e-01
     227   -269.7364812533         -8.76e-05          3.57e-01
     228   -269.7364872363         -5.98e-06          3.61e-01
     229   -269.7364907593         -3.52e-06          3.58e-01
     230   -269.7364928908         -2.13e-06          3.47e-01
     231   -269.7364942671         -1.38e-06          3.71e-01
     232   -269.7364982349         -3.97e-06          3.51e-01
     233   -269.7365070676         -8.83e-06          3.56e-01
     234   -269.7365125792         -5.51e-06          3.58e-01
     235   -269.7365158272         -3.25e-06          3.68e-01
     236   -269.7365266840         -1.09e-05          3.45e-01
     237   -269.7365323261         -5.64e-06          3.66e-01
     238   -269.7365325623         -2.36e-07          3.69e-01
     239   -269.7365446980         -1.21e-05          3.72e-01
     240   -269.7372182295         -6.74e-04          3.61e-01
     241   -269.7372196474         -1.42e-06          3.62e-01
     242   -269.7372329258         -1.33e-05          3.55e-01
     243   -269.7372538144         -2.09e-05          3.52e-01
     244   -269.7373078787         -5.41e-05          3.66e-01
     245   -269.7395393718         -2.23e-03          3.71e-01
     246   -269.7395447813         -5.41e-06          3.52e-01
     247   -269.7395452529         -4.72e-07          3.63e-01
     248   -269.7396554479         -1.10e-04          3.55e-01
     249   -269.7396562155         -7.68e-07          3.56e-01
     250   -269.7401013728         -4.45e-04          3.59e-01
     251   -269.7401051358         -3.76e-06          3.59e-01
     252   -269.7401055079         -3.72e-07          3.53e-01
     253   -269.7401068553         -1.35e-06          3.71e-01
     254   -269.7401096722         -2.82e-06          3.51e-01
     255   -269.7401104000         -7.28e-07          3.42e-01
     256   -269.7401105508         -1.51e-07          3.52e-01
     257   -269.7401557706         -4.52e-05          3.46e-01
     258   -269.7401559640         -1.93e-07          3.59e-01
     259   -269.7401566735         -7.09e-07          3.64e-01
     260   -269.7403813625         -2.25e-04          3.52e-01
     261   -269.7403818076         -4.45e-07          3.55e-01
     262   -269.7405003319         -1.19e-04          3.56e-01
     263   -269.7405010210         -6.89e-07          3.67e-01
     264   -269.7405014814         -4.60e-07          3.60e-01
     265   -269.7405068916         -5.41e-06          3.47e-01
     266   -269.7405402193         -3.33e-05          3.57e-01
     267   -269.7405411200         -9.01e-07          3.47e-01
     268   -269.7405411783         -5.82e-08          3.46e-01
     269   -269.7407164906         -1.75e-04          3.58e-01
     270   -269.7407906814         -7.42e-05          3.41e-01
     271   -269.7422436901         -1.45e-03          3.61e-01
     272   -269.7422454707         -1.78e-06          3.49e-01
     273   -269.7422461382         -6.68e-07          3.52e-01
     274   -269.7422981506         -5.20e-05          3.67e-01
     275   -269.7424364675         -1.38e-04          3.41e-01
     276   -269.7424367971         -3.30e-07          3.48e-01
     277   -269.7424371274         -3.30e-07          3.45e-01
     278   -269.7424379860         -8.59e-07          3.38e-01
     279   -269.7424414300         -3.44e-06          3.48e-01
     280   -269.7424417973         -3.67e-07          3.40e-01
     281   -269.7424419225         -1.25e-07          3.55e-01
     282   -269.7425118772         -7.00e-05          3.43e-01
     283   -269.7425120003         -1.23e-07          3.49e-01
     284   -269.7425120819         -8.16e-08          3.51e-01
     285   -269.7425863441         -7.43e-05          3.35e-01
     286   -269.7426111061         -2.48e-05          3.49e-01
     287   -269.7430851849         -4.74e-04          3.38e-01
     288   -269.7430876498         -2.46e-06          3.54e-01
     289   -269.7430952563         -7.61e-06          3.34e-01
     290   -269.7430953155         -5.92e-08          3.39e-01
     291   -269.7431007629         -5.45e-06          3.30e-01
     292   -269.7431016283         -8.65e-07          3.50e-01
     293   -269.7431041441         -2.52e-06          3.38e-01
     294   -269.7431045513         -4.07e-07          3.54e-01
     295   -269.7434524136         -3.48e-04          3.41e-01
     296   -269.7434582383         -5.82e-06          3.41e-01
     297   -269.7434598424         -1.60e-06          3.54e-01
     298   -269.7436202260         -1.60e-04          3.37e-01
     299   -269.7436693410         -4.91e-05          3.46e-01
     300   -269.7438537755         -1.84e-04          3.49e-01
     301   -269.7438628228         -9.05e-06          3.51e-01
     302   -269.7438673628         -4.54e-06          3.48e-01
     303   -269.7438706566         -3.29e-06          3.39e-01
     304   -269.7438739258         -3.27e-06          3.39e-01
     305   -269.7438759943         -2.07e-06          3.45e-01
     306   -269.7438781087         -2.11e-06          3.41e-01
     307   -269.7438785914         -4.83e-07          3.48e-01
     308   -269.7438805277         -1.94e-06          3.46e-01
     309   -269.7438814819         -9.54e-07          3.51e-01
     310   -269.7438822532         -7.71e-07          3.58e-01
     311   -269.7438848154         -2.56e-06          3.50e-01
     312   -269.7438868425         -2.03e-06          3.35e-01
     313   -269.7438909882         -4.15e-06          3.48e-01
     314   -269.7438985678         -7.58e-06          3.49e-01
     315   -269.7439578799         -5.93e-05          3.44e-01
     316   -269.7439584510         -5.71e-07          3.40e-01
     317   -269.7439591134         -6.62e-07          3.49e-01
     318   -269.7439841010         -2.50e-05          3.52e-01
     319   -269.7439892535         -5.15e-06          3.54e-01
     320   -269.7439896871         -4.34e-07          3.48e-01
     321   -269.7440148360         -2.51e-05          3.41e-01
     322   -269.7440862190         -7.14e-05          3.60e-01
     323   -269.7440868751         -6.56e-07          3.36e-01
     324   -269.7441417542         -5.49e-05          3.39e-01
     325   -269.7442607336         -1.19e-04          3.51e-01
     326   -269.7442620824         -1.35e-06          3.37e-01
     327   -269.7442636368         -1.55e-06          3.37e-01
     328   -269.7442666903         -3.05e-06          3.66e-01
     329   -269.7442674086         -7.18e-07          3.37e-01
     330   -269.7442680680         -6.59e-07          3.61e-01
     331   -269.7442702655         -2.20e-06          3.46e-01
     332   -269.7442711337         -8.68e-07          3.48e-01
     333   -269.7445705068         -2.99e-04          3.61e-01
     334   -269.7445710345         -5.28e-07          3.51e-01
     335   -269.7445735148         -2.48e-06          3.58e-01
     336   -269.7445738359         -3.21e-07          3.42e-01
     337   -269.7447608045         -1.87e-04          3.52e-01
     338   -269.7447729687         -1.22e-05          3.49e-01
     339   -269.7447791258         -6.16e-06          3.49e-01
     340   -269.7448155405         -3.64e-05          3.50e-01
     341   -269.7448159922         -4.52e-07          3.51e-01
     342   -269.7448162908         -2.99e-07          3.62e-01
     343   -269.7448928392         -7.65e-05          3.43e-01
     344   -269.7449518673         -5.90e-05          3.45e-01
     345   -269.7449637676         -1.19e-05          3.40e-01
     346   -269.7449671678         -3.40e-06          3.40e-01
     347   -269.7449741780         -7.01e-06          3.51e-01
     348   -269.7450037128         -2.95e-05          3.38e-01
     349   -269.7450344604         -3.07e-05          3.43e-01
     350   -269.7450403629         -5.90e-06          3.53e-01
     351   -269.7450405894         -2.27e-07          3.50e-01
     352   -269.7450483878         -7.80e-06          3.44e-01
     353   -269.7457246760         -6.76e-04          3.48e-01
     354   -269.7457251694         -4.93e-07          3.43e-01
     355   -269.7457252656         -9.62e-08          3.55e-01
     356   -269.7457256313         -3.66e-07          3.45e-01
     357   -269.7457486580         -2.30e-05          3.44e-01
     358   -269.7457778263         -2.92e-05          3.49e-01
     359   -269.7457783935         -5.67e-07          3.47e-01
     360   -269.7457784112         -1.78e-08          3.33e-01
     361   -269.7463077463         -5.29e-04          3.52e-01
     362   -269.7465890612         -2.81e-04          3.46e-01
     363   -269.7465895464         -4.85e-07          3.41e-01
     364   -269.7465896283         -8.19e-08          3.47e-01
     365   -269.7466339287         -4.43e-05          3.37e-01
     366   -269.7466339416         -1.29e-08          3.40e-01
     367   -269.7468873906         -2.53e-04          3.43e-01
     368   -269.7468895748         -2.18e-06          3.40e-01
     369   -269.7468898074         -2.33e-07          3.45e-01
     370   -269.7473020139         -4.12e-04          3.54e-01
     371   -269.7473034576         -1.44e-06          3.53e-01
     372   -269.7473058796         -2.42e-06          3.43e-01
     373   -269.7473091266         -3.25e-06          3.42e-01
     374   -269.7473945180         -8.54e-05          3.44e-01
     375   -269.7477004881         -3.06e-04          3.39e-01
     376   -269.7477017737         -1.29e-06          3.51e-01
     377   -269.7477054968         -3.72e-06          3.42e-01
     378   -269.7477158772         -1.04e-05          3.55e-01
     379   -269.7477168178         -9.41e-07          3.37e-01
     380   -269.7477195037         -2.69e-06          3.43e-01
     381   -269.7477201762         -6.73e-07          3.40e-01
     382   -269.7477214830         -1.31e-06          3.33e-01
     383   -269.7477240730         -2.59e-06          3.52e-01
     384   -269.7477258285         -1.76e-06          3.48e-01
     385   -269.7477327517         -6.92e-06          3.51e-01
     386   -269.7477329623         -2.11e-07          3.46e-01
     387   -269.7477333080         -3.46e-07          3.52e-01
     388   -269.7477355878         -2.28e-06          3.51e-01
     389   -269.7481147621         -3.79e-04          3.63e-01
     390   -269.7481243311         -9.57e-06          3.44e-01
     391   -269.7481258316         -1.50e-06          3.54e-01
     392   -269.7481319039         -6.07e-06          3.48e-01
     393   -269.7481320747         -1.71e-07          3.44e-01
     394   -269.7481321145         -3.99e-08          3.42e-01
     395   -269.7481322801         -1.66e-07          3.54e-01
     396   -269.7482575188         -1.25e-04          3.40e-01
     397   -269.7482581392         -6.20e-07          3.42e-01
     398   -269.7482594851         -1.35e-06          3.53e-01
     399   -269.7482603470         -8.62e-07          3.35e-01
     400   -269.7484459406         -1.86e-04          3.45e-01

===> ADAPT did not converge after 400 steps.
===> Gradient Norm:                 3.55e-01
===> Abs. Max. Deriv:               4.71e-02
===> Energy:                 -269.7484459406

